0.029485,-0.960884,0.042364,0.0,0.0,0.0,0.031333,0.068359,0.422607,0.0,0.0,0.0,-0.208262,0.068948,0.156272,0.385248,-0.255353,-0.059056,-0.762212,-0.156547,-0.631461,0.746435,0.004235,-0.021904,-0.108027,0.0,0.108027,-0.216039,0.072005,0.0,0.072005,0.0,
0.029516,-0.960816,0.042787,0.0,0.0,0.0,0.031335,0.068436,0.422607,0.0,0.0,0.0,-0.207878,0.068938,0.155907,0.385821,-0.256169,-0.059092,-0.763512,-0.157156,-0.632515,0.746403,0.005537,-0.02201,-0.108922,0.0,0.108922,-0.217828,0.072602,0.0,0.072602,0.0,
0.029548,-0.960747,0.04321,0.0,0.0,0.0,0.031333,0.068359,0.422612,0.0,0.0,0.0,-0.207495,0.068928,0.155541,0.386393,-0.256985,-0.059129,-0.764811,-0.157765,-0.63357,0.746372,0.006838,-0.022117,-0.109817,0.0,0.109817,-0.219618,0.073199,0.0,0.073199,0.0,
0.029579,-0.960679,0.043632,0.0,0.0,0.0,0.031335,0.068359,0.422612,0.0,0.0,0.0,-0.207111,0.068918,0.155175,0.386966,-0.257801,-0.059166,-0.766111,-0.158374,-0.634625,0.74634,0.00814,-0.022223,-0.110712,0.0,0.110712,-0.221407,0.073797,0.0,0.073797,0.0,
0.02961,-0.960611,0.044055,0.0,0.0,0.0,0.031333,0.068359,0.422602,0.0,0.0,0.0,-0.206727,0.068907,0.15481,0.387538,-0.258617,-0.059202,-0.76741,-0.158984,-0.635679,0.746309,0.009442,-0.022329,-0.111606,0.0,0.111606,-0.223196,0.074394,0.0,0.074394,0.0,
0.029642,-0.960542,0.044477,0.0,0.0,0.0,0.031335,0.068436,0.422612,0.0,0.0,0.0,-0.206343,0.068897,0.154444,0.388111,-0.259432,-0.059239,-0.76871,-0.159593,-0.636734,0.746277,0.010744,-0.022435,-0.112501,0.0,0.112501,-0.224986,0.074991,0.0,0.074991,0.0,
0.029673,-0.960474,0.0449,0.0,0.0,0.0,0.031333,0.068359,0.422612,0.0,0.0,0.0,-0.20596,0.068887,0.154079,0.388684,-0.260248,-0.059276,-0.770009,-0.160202,-0.637789,0.746246,0.012046,-0.022541,-0.113396,0.0,0.113396,-0.226775,0.075588,0.0,0.075588,0.0,
0.029704,-0.960405,0.045323,0.0,0.0,0.0,0.031335,0.068359,0.422602,0.0,0.0,0.0,-0.205576,0.068877,0.153713,0.389256,-0.261064,-0.059312,-0.771309,-0.160811,-0.638843,0.746214,0.013348,-0.022648,-0.114291,0.0,0.114291,-0.228564,0.076186,0.0,0.076186,0.0,
0.029736,-0.960337,0.045745,0.0,0.0,0.0,0.031335,0.068359,0.422617,0.0,0.0,0.0,-0.205192,0.068867,0.153348,0.389829,-0.26188,-0.059349,-0.772608,-0.16142,-0.639898,0.746183,0.01465,-0.022754,-0.115186,0.0,0.115186,-0.230354,0.076783,0.0,0.076783,0.0,
0.029767,-0.960269,0.046168,0.0,0.0,0.0,0.031333,0.068436,0.422612,0.0,0.0,0.0,-0.204808,0.068857,0.152982,0.390401,-0.262695,-0.059386,-0.773908,-0.16203,-0.640952,0.746151,0.015952,-0.02286,-0.11608,0.0,0.11608,-0.232143,0.07738,0.0,0.07738,0.0,
0.029798,-0.9602,0.04659,0.0,0.0,0.0,0.031335,0.068359,0.422607,0.0,0.0,0.0,-0.204425,0.068847,0.152617,0.390974,-0.263511,-0.059422,-0.775207,-0.162639,-0.642007,0.74612,0.017254,-0.022966,-0.116975,0.0,0.116975,-0.233932,0.077978,0.0,0.077978,0.0,
0.02983,-0.960132,0.047013,0.0,0.0,0.0,0.031316,0.068359,0.422621,0.0,0.0,0.0,-0.204041,0.068836,0.152251,0.391546,-0.264327,-0.059459,-0.776507,-0.163248,-0.643061,0.746088,0.018556,-0.023072,-0.11787,0.0,0.11787,-0.235721,0.078575,0.0,0.078575,0.0,
0.029765,-0.960062,0.047508,0.0,0.0,0.0,-0.064423,0.069809,0.494405,0.0,0.0,0.0,-0.203474,0.068692,0.151746,0.392027,-0.265179,-0.059376,-0.776919,-0.163546,-0.643367,0.744921,0.018671,-0.022999,-0.118784,0.0,0.118784,-0.23755,0.079183,0.0,0.079183,0.0,
0.029701,-0.959992,0.048002,0.0,0.0,0.0,-0.064428,0.069809,0.494409,0.0,0.0,0.0,-0.202907,0.068548,0.151241,0.392507,-0.266032,-0.059294,-0.777332,-0.163843,-0.643672,0.743753,0.018786,-0.022926,-0.119698,0.0,0.119698,-0.239379,0.079792,0.0,0.079792,0.0,
0.029636,-0.959922,0.048496,0.0,0.0,0.0,-0.064426,0.069885,0.494414,0.0,0.0,0.0,-0.20234,0.068404,0.150737,0.392987,-0.266884,-0.059211,-0.777745,-0.164141,-0.643977,0.742586,0.018902,-0.022853,-0.120612,0.0,0.120612,-0.241208,0.080401,0.0,0.080401,0.0,
0.029572,-0.959853,0.048991,0.0,0.0,0.0,-0.064423,0.069809,0.494405,0.0,0.0,0.0,-0.201773,0.06826,0.150232,0.393467,-0.267736,-0.059129,-0.778158,-0.164439,-0.644282,0.741418,0.019017,-0.022779,-0.121525,0.0,0.121525,-0.243037,0.081009,0.0,0.081009,0.0,
0.029508,-0.959783,0.049485,0.0,0.0,0.0,-0.064428,0.069809,0.494409,0.0,0.0,0.0,-0.201206,0.068116,0.149727,0.393947,-0.268589,-0.059047,-0.778571,-0.164736,-0.644588,0.740251,0.019132,-0.022706,-0.122439,0.0,0.122439,-0.244866,0.081618,0.0,0.081618,0.0,
0.029443,-0.959713,0.04998,0.0,0.0,0.0,-0.064426,0.069809,0.494414,0.0,0.0,0.0,-0.200639,0.067971,0.149222,0.394427,-0.269441,-0.058964,-0.778984,-0.165034,-0.644893,0.739083,0.019248,-0.022633,-0.123353,0.0,0.123353,-0.246695,0.082226,0.0,0.082226,0.0,
0.029379,-0.959643,0.050474,0.0,0.0,0.0,-0.064423,0.069809,0.4944,0.0,0.0,0.0,-0.200072,0.067827,0.148717,0.394907,-0.270294,-0.058882,-0.779397,-0.165332,-0.645198,0.737916,0.019363,-0.02256,-0.124267,0.0,0.124267,-0.248524,0.082835,0.0,0.082835,0.0,
0.029314,-0.959573,0.050968,0.0,0.0,0.0,-0.064428,0.069809,0.494414,0.0,0.0,0.0,-0.199505,0.067683,0.148212,0.395388,-0.271146,-0.058799,-0.77981,-0.16563,-0.645503,0.736748,0.019478,-0.022487,-0.125181,0.0,0.125181,-0.250353,0.083443,0.0,0.083443,0.0,
0.02925,-0.959503,0.051463,0.0,0.0,0.0,-0.064426,0.069885,0.494409,0.0,0.0,0.0,-0.198938,0.067539,0.147707,0.395868,-0.271998,-0.058717,-0.780223,-0.165927,-0.645808,0.73558,0.019594,-0.022413,-0.126095,0.0,0.126095,-0.252182,0.084052,0.0,0.084052,0.0,
0.029185,-0.959434,0.051957,0.0,0.0,0.0,-0.064423,0.069809,0.494405,0.0,0.0,0.0,-0.198371,0.067395,0.147203,0.396348,-0.272851,-0.058634,-0.780636,-0.166225,-0.646113,0.734413,0.019709,-0.02234,-0.127009,0.0,0.127009,-0.254011,0.08466,0.0,0.08466,0.0,
0.029121,-0.959364,0.052452,0.0,0.0,0.0,-0.064428,0.069809,0.494414,0.0,0.0,0.0,-0.197804,0.067251,0.146698,0.396828,-0.273703,-0.058552,-0.781049,-0.166523,-0.646419,0.733245,0.019825,-0.022267,-0.127923,0.0,0.127923,-0.25584,0.085269,0.0,0.085269,0.0,
0.029057,-0.959294,0.052946,0.0,0.0,0.0,-0.064423,0.069809,0.4944,0.0,0.0,0.0,-0.197237,0.067106,0.146193,0.397308,-0.274556,-0.05847,-0.781462,-0.16682,-0.646724,0.732078,0.01994,-0.022194,-0.128837,0.0,0.128837,-0.257669,0.085877,0.0,0.085877,0.0,
0.028992,-0.959224,0.05344,0.0,0.0,0.0,-0.064428,0.069809,0.494414,0.0,0.0,0.0,-0.19667,0.066962,0.145688,0.397788,-0.275408,-0.058387,-0.781875,-0.167118,-0.647029,0.73091,0.020055,-0.02212,-0.129751,0.0,0.129751,-0.259498,0.086486,0.0,0.086486,0.0,
0.028928,-0.959154,0.053935,0.0,0.0,0.0,-0.064426,0.069809,0.494409,0.0,0.0,0.0,-0.196103,0.066818,0.145183,0.398268,-0.27626,-0.058305,-0.782287,-0.167416,-0.647334,0.729742,0.020171,-0.022047,-0.130665,0.0,0.130665,-0.261328,0.087094,0.0,0.087094,0.0,
0.028863,-0.959085,0.054429,0.0,0.0,0.0,-0.064423,0.069809,0.494405,0.0,0.0,0.0,-0.195536,0.066674,0.144678,0.398749,-0.277113,-0.058222,-0.7827,-0.167713,-0.647639,0.728575,0.020286,-0.021974,-0.131579,0.0,0.131579,-0.263157,0.087703,0.0,0.087703,0.0,
0.028799,-0.959015,0.054924,0.0,0.0,0.0,-0.064428,0.069885,0.494419,0.0,0.0,0.0,-0.194969,0.06653,0.144173,0.399229,-0.277965,-0.05814,-0.783113,-0.168011,-0.647945,0.727407,0.020401,-0.021901,-0.132493,0.0,0.132493,-0.264986,0.088311,0.0,0.088311,0.0,
0.028734,-0.958945,0.055418,0.0,0.0,0.0,-0.064426,0.069809,0.494414,0.0,0.0,0.0,-0.194402,0.066386,0.143669,0.399709,-0.278818,-0.058057,-0.783526,-0.168309,-0.64825,0.72624,0.020517,-0.021827,-0.133407,0.0,0.133407,-0.266815,0.08892,0.0,0.08892,0.0,
0.02867,-0.958875,0.055912,0.0,0.0,0.0,-0.064426,0.069809,0.494405,0.0,0.0,0.0,-0.193835,0.066242,0.143164,0.400189,-0.27967,-0.057975,-0.783939,-0.168606,-0.648555,0.725072,0.020632,-0.021754,-0.134321,0.0,0.134321,-0.268644,0.089529,0.0,0.089529,0.0,
0.028606,-0.958805,0.056407,0.0,0.0,0.0,-0.064426,0.069809,0.494409,0.0,0.0,0.0,-0.193268,0.066097,0.142659,0.400669,-0.280523,-0.057893,-0.784352,-0.168904,-0.64886,0.723904,0.020747,-0.021681,-0.135234,0.0,0.135234,-0.270474,0.090137,0.0,0.090137,0.0,
0.028541,-0.958735,0.056901,0.0,0.0,0.0,-0.064426,0.069809,0.494405,0.0,0.0,0.0,-0.192701,0.065953,0.142154,0.401149,-0.281375,-0.05781,-0.784765,-0.169202,-0.649165,0.722737,0.020863,-0.021608,-0.136148,0.0,0.136148,-0.272303,0.090746,0.0,0.090746,0.0,
0.028477,-0.958666,0.057396,0.0,0.0,0.0,-0.064426,0.069809,0.494409,0.0,0.0,0.0,-0.192134,0.065809,0.141649,0.401629,-0.282227,-0.057728,-0.785178,-0.1695,-0.649471,0.721569,0.020978,-0.021534,-0.137062,0.0,0.137062,-0.274132,0.091354,0.0,0.091354,0.0,
0.028412,-0.958596,0.05789,0.0,0.0,0.0,-0.064426,0.069809,0.494414,0.0,0.0,0.0,-0.191567,0.065665,0.141144,0.40211,-0.28308,-0.057645,-0.785591,-0.169797,-0.649776,0.720402,0.021094,-0.021461,-0.137976,0.0,0.137976,-0.275961,0.091963,0.0,0.091963,0.0,
0.028348,-0.958526,0.058384,0.0,0.0,0.0,-0.064426,0.069885,0.494405,0.0,0.0,0.0,-0.191,0.065521,0.140639,0.40259,-0.283932,-0.057563,-0.786004,-0.170095,-0.650081,0.719234,0.021209,-0.021388,-0.13889,0.0,0.13889,-0.27779,0.092571,0.0,0.092571,0.0,
0.028283,-0.958456,0.058879,0.0,0.0,0.0,-0.064426,0.069809,0.494409,0.0,0.0,0.0,-0.190433,0.065377,0.140134,0.40307,-0.284785,-0.05748,-0.786417,-0.170393,-0.650386,0.718066,0.021324,-0.021315,-0.139804,0.0,0.139804,-0.279619,0.09318,0.0,0.09318,0.0,
0.028219,-0.958386,0.059373,0.0,0.0,0.0,-0.064426,0.069809,0.494414,0.0,0.0,0.0,-0.189866,0.065232,0.13963,0.40355,-0.285637,-0.057398,-0.78683,-0.17069,-0.650692,0.716899,0.02144,-0.021241,-0.140718,0.0,0.140718,-0.281448,0.093788,0.0,0.093788,0.0,
0.028155,-0.958316,0.059868,0.0,0.0,0.0,-0.064426,0.069809,0.4944,0.0,0.0,0.0,-0.189299,0.065088,0.139125,0.40403,-0.286489,-0.057315,-0.787243,-0.170988,-0.650997,0.715731,0.021555,-0.021168,-0.141632,0.0,0.141632,-0.283278,0.094397,0.0,0.094397,0.0,
0.02809,-0.958247,0.060362,0.0,0.0,0.0,-0.064426,0.069809,0.494414,0.0,0.0,0.0,-0.188732,0.064944,0.13862,0.40451,-0.287342,-0.057233,-0.787656,-0.171286,-0.651302,0.714564,0.02167,-0.021095,-0.142546,0.0,0.142546,-0.285107,0.095005,0.0,0.095005,0.0,
0.028026,-0.958177,0.060857,0.0,0.0,0.0,-0.064426,0.069809,0.494409,0.0,0.0,0.0,-0.188165,0.0648,0.138115,0.40499,-0.288194,-0.057151,-0.788068,-0.171583,-0.651607,0.713396,0.021786,-0.021022,-0.14346,0.0,0.14346,-0.286936,0.095614,0.0,0.095614,0.0,
0.027961,-0.958107,0.061351,0.0,0.0,0.0,-0.064426,0.069885,0.494405,0.0,0.0,0.0,-0.187598,0.064656,0.13761,0.405471,-0.289047,-0.057068,-0.788481,-0.171881,-0.651912,0.712229,0.021901,-0.020948,-0.144374,0.0,0.144374,-0.288765,0.096222,0.0,0.096222,0.0,
0.027897,-0.958037,0.061845,0.0,0.0,0.0,-0.064426,0.069809,0.494414,0.0,0.0,0.0,-0.187031,0.064512,0.137105,0.405951,-0.289899,-0.056986,-0.788894,-0.172179,-0.652218,0.711061,0.022017,-0.020875,-0.145288,0.0,0.145288,-0.290594,0.096831,0.0,0.096831,0.0,
0.027832,-0.957967,0.06234,0.0,0.0,0.0,-0.064426,0.069809,0.494409,0.0,0.0,0.0,-0.186464,0.064367,0.1366,0.406431,-0.290751,-0.056903,-0.789307,-0.172476,-0.652523,0.709893,0.022132,-0.020802,-0.146202,0.0,0.146202,-0.292422,0.097439,0.0,0.097439,0.0,
0.027768,-0.957898,0.062834,0.0,0.0,0.0,-0.064426,0.069809,0.494405,0.0,0.0,0.0,-0.185897,0.064223,0.136096,0.406911,-0.291604,-0.056821,-0.78972,-0.172774,-0.652828,0.708726,0.022247,-0.020729,-0.147116,0.0,0.147116,-0.294251,0.098048,0.0,0.098048,0.0,
0.027704,-0.957828,0.063329,0.0,0.0,0.0,-0.064426,0.069809,0.494409,0.0,0.0,0.0,-0.18533,0.064079,0.135591,0.407391,-0.292456,-0.056738,-0.790133,-0.173072,-0.653133,0.707558,0.022363,-0.020655,-0.148029,0.0,0.148029,-0.29608,0.098656,0.0,0.098656,0.0,
0.027597,-0.957759,0.063868,0.0,0.0,0.0,-0.106504,0.068588,0.539542,0.0,0.0,0.0,-0.184586,0.063874,0.134947,0.407747,-0.293297,-0.056601,-0.790106,-0.17319,-0.653079,0.705949,0.021828,-0.020497,-0.148927,0.0,0.148927,-0.297875,0.099254,0.0,0.099254,0.0,
0.02747,-0.957691,0.06443,0.0,0.0,0.0,-0.127526,0.067902,0.562097,0.0,0.0,0.0,-0.183754,0.063638,0.134233,0.408041,-0.294133,-0.056436,-0.78986,-0.173217,-0.652845,0.704118,0.02097,-0.020295,-0.149816,0.0,0.149816,-0.299652,0.099847,0.0,0.099847,0.0,
0.027342,-0.957623,0.064992,0.0,0.0,0.0,-0.127523,0.067902,0.562092,0.0,0.0,0.0,-0.182922,0.063402,0.133519,0.408334,-0.294969,-0.056271,-0.789613,-0.173245,-0.652611,0.702288,0.020111,-0.020094,-0.150705,0.0,0.150705,-0.30143,0.100439,0.0,0.100439,0.0,
0.027215,-0.957555,0.065554,0.0,0.0,0.0,-0.127521,0.067902,0.562082,0.0,0.0,0.0,-0.18209,0.063166,0.132806,0.408628,-0.295804,-0.056106,-0.789367,-0.173273,-0.652378,0.700458,0.019252,-0.019892,-0.151594,0.0,0.151594,-0.303208,0.101031,0.0,0.101031,0.0,
0.027087,-0.957488,0.066116,0.0,0.0,0.0,-0.127523,0.067902,0.562092,0.0,0.0,0.0,-0.181259,0.06293,0.132092,0.408922,-0.29664,-0.055942,-0.78912,-0.173301,-0.652144,0.698627,0.018393,-0.019691,-0.152484,0.0,0.152484,-0.304986,0.101623,0.0,0.101623,0.0,
0.026959,-0.95742,0.066679,0.0,0.0,0.0,-0.127523,0.067902,0.562082,0.0,0.0,0.0,-0.180427,0.062694,0.131378,0.409216,-0.297476,-0.055777,-0.788874,-0.173328,-0.65191,0.696797,0.017534,-0.019489,-0.153373,0.0,0.153373,-0.306764,0.102216,0.0,0.102216,0.0,
0.026832,-0.957352,0.067241,0.0,0.0,0.0,-0.127523,0.067902,0.562092,0.0,0.0,0.0,-0.179595,0.062459,0.130665,0.409509,-0.298311,-0.055612,-0.788627,-0.173356,-0.651676,0.694966,0.016676,-0.019288,-0.154262,0.0,0.154262,-0.308541,0.102808,0.0,0.102808,0.0,
0.026704,-0.957284,0.067803,0.0,0.0,0.0,-0.127521,0.067902,0.562082,0.0,0.0,0.0,-0.178763,0.062223,0.129951,0.409803,-0.299147,-0.055447,-0.788381,-0.173384,-0.651442,0.693136,0.015817,-0.019087,-0.155151,0.0,0.155151,-0.310319,0.1034,0.0,0.1034,0.0,
0.026577,-0.957216,0.068365,0.0,0.0,0.0,-0.127523,0.067902,0.562092,0.0,0.0,0.0,-0.177931,0.061987,0.129237,0.410097,-0.299982,-0.055282,-0.788134,-0.173412,-0.651209,0.691305,0.014958,-0.018885,-0.156041,0.0,0.156041,-0.312097,0.103993,0.0,0.103993,0.0,
0.026449,-0.957148,0.068927,0.0,0.0,0.0,-0.127521,0.067902,0.562082,0.0,0.0,0.0,-0.177099,0.061751,0.128524,0.41039,-0.300818,-0.055117,-0.787888,-0.173439,-0.650975,0.689474,0.014099,-0.018684,-0.15693,0.0,0.15693,-0.313875,0.104585,0.0,0.104585,0.0,
0.026322,-0.95708,0.069489,0.0,0.0,0.0,-0.127526,0.067902,0.562101,0.0,0.0,0.0,-0.176267,0.061515,0.12781,0.410684,-0.301654,-0.054952,-0.787641,-0.173467,-0.650741,0.687644,0.01324,-0.018482,-0.157819,0.0,0.157819,-0.315653,0.105177,0.0,0.105177,0.0,
0.026194,-0.957012,0.070051,0.0,0.0,0.0,-0.127523,0.067902,0.562092,0.0,0.0,0.0,-0.175436,0.061279,0.127096,0.410978,-0.302489,-0.054788,-0.787395,-0.173495,-0.650507,0.685813,0.012381,-0.018281,-0.158708,0.0,0.158708,-0.317431,0.10577,0.0,0.10577,0.0,
0.026067,-0.956944,0.070613,0.0,0.0,0.0,-0.127523,0.067902,0.562082,0.0,0.0,0.0,-0.174604,0.061043,0.126383,0.411272,-0.303325,-0.054623,-0.787148,-0.173523,-0.650274,0.683982,0.011523,-0.018079,-0.159597,0.0,0.159597,-0.319209,0.106362,0.0,0.106362,0.0,
0.025939,-0.956876,0.071175,0.0,0.0,0.0,-0.127526,0.067978,0.562101,0.0,0.0,0.0,-0.173772,0.060807,0.125669,0.411565,-0.304161,-0.054458,-0.786902,-0.17355,-0.65004,0.682152,0.010664,-0.017878,-0.160487,0.0,0.160487,-0.320987,0.106954,0.0,0.106954,0.0,
0.025812,-0.956808,0.071737,0.0,0.0,0.0,-0.127518,0.067902,0.562073,0.0,0.0,0.0,-0.17294,0.060571,0.124955,0.411859,-0.304996,-0.054293,-0.786655,-0.173578,-0.649806,0.680321,0.009805,-0.017677,-0.161376,0.0,0.161376,-0.322765,0.107547,0.0,0.107547,0.0,
0.025684,-0.956741,0.072299,0.0,0.0,0.0,-0.127526,0.067902,0.562101,0.0,0.0,0.0,-0.172108,0.060336,0.124242,0.412153,-0.305832,-0.054128,-0.786409,-0.173606,-0.649572,0.67849,0.008946,-0.017475,-0.162265,0.0,0.162265,-0.324543,0.108139,0.0,0.108139,0.0,
0.025557,-0.956673,0.072862,0.0,0.0,0.0,-0.127521,0.067902,0.562082,0.0,0.0,0.0,-0.171276,0.0601,0.123528,0.412446,-0.306668,-0.053963,-0.786162,-0.173634,-0.649338,0.676659,0.008087,-0.017274,-0.163154,0.0,0.163154,-0.326321,0.108731,0.0,0.108731,0.0,
0.025429,-0.956605,0.073424,0.0,0.0,0.0,-0.127521,0.067902,0.562073,0.0,0.0,0.0,-0.170444,0.059864,0.122814,0.41274,-0.307503,-0.053798,-0.785916,-0.173661,-0.649105,0.674829,0.007229,-0.017072,-0.164044,0.0,0.164044,-0.328099,0.109324,0.0,0.109324,0.0,
0.025302,-0.956537,0.073986,0.0,0.0,0.0,-0.127521,0.067902,0.562082,0.0,0.0,0.0,-0.169613,0.059628,0.122101,0.413034,-0.308339,-0.053634,-0.785669,-0.173689,-0.648871,0.672998,0.00637,-0.016871,-0.164933,0.0,0.164933,-0.329877,0.109916,0.0,0.109916,0.0,
0.025174,-0.956469,0.074548,0.0,0.0,0.0,-0.127521,0.067902,0.562082,0.0,0.0,0.0,-0.168781,0.059392,0.121387,0.413327,-0.309175,-0.053469,-0.785423,-0.173717,-0.648637,0.671167,0.005511,-0.016669,-0.165822,0.0,0.165822,-0.331655,0.110508,0.0,0.110508,0.0,
0.025047,-0.956401,0.07511,0.0,0.0,0.0,-0.127523,0.067902,0.562082,0.0,0.0,0.0,-0.167949,0.059156,0.120673,0.413621,-0.31001,-0.053304,-0.785176,-0.173745,-0.648403,0.669337,0.004652,-0.016468,-0.166711,0.0,0.166711,-0.333433,0.111101,0.0,0.111101,0.0,
0.024919,-0.956333,0.075672,0.0,0.0,0.0,-0.127518,0.067902,0.562073,0.0,0.0,0.0,-0.167117,0.05892,0.11996,0.413915,-0.310846,-0.053139,-0.78493,-0.173772,-0.64817,0.667506,0.003793,-0.016267,-0.167601,0.0,0.167601,-0.335211,0.111693,0.0,0.111693,0.0,
0.024792,-0.956265,0.076234,0.0,0.0,0.0,-0.127521,0.067902,0.562082,0.0,0.0,0.0,-0.166285,0.058684,0.119246,0.414209,-0.311682,-0.052974,-0.784683,-0.1738,-0.647936,0.665675,0.002935,-0.016065,-0.16849,0.0,0.16849,-0.336989,0.112285,0.0,0.112285,0.0,
0.024664,-0.956197,0.076796,0.0,0.0,0.0,-0.127523,0.067902,0.562082,0.0,0.0,0.0,-0.165453,0.058448,0.118532,0.414502,-0.312517,-0.052809,-0.784437,-0.173828,-0.647702,0.663845,0.002076,-0.015864,-0.169379,0.0,0.169379,-0.338767,0.112878,0.0,0.112878,0.0,
0.024537,-0.956129,0.077358,0.0,0.0,0.0,-0.127521,0.067902,0.562087,0.0,0.0,0.0,-0.164621,0.058213,0.117819,0.414796,-0.313353,-0.052644,-0.78419,-0.173856,-0.647468,0.662014,0.001217,-0.015662,-0.170268,0.0,0.170268,-0.340545,0.11347,0.0,0.11347,0.0,
0.024409,-0.956062,0.07792,0.0,0.0,0.0,-0.127518,0.067902,0.562073,0.0,0.0,0.0,-0.16379,0.057977,0.117105,0.41509,-0.314188,-0.05248,-0.783944,-0.173883,-0.647234,0.660183,0.000358,-0.015461,-0.171157,0.0,0.171157,-0.342323,0.114062,0.0,0.114062,0.0,
0.024282,-0.955994,0.078482,0.0,0.0,0.0,-0.127523,0.067902,0.562082,0.0,0.0,0.0,-0.162958,0.057741,0.116391,0.415383,-0.315024,-0.052315,-0.783697,-0.173911,-0.647001,0.658353,-0.000501,-0.015259,-0.172047,0.0,0.172047,-0.3441,0.114655,0.0,0.114655,0.0,
0.024154,-0.955926,0.079044,0.0,0.0,0.0,-0.127521,0.067902,0.562082,0.0,0.0,0.0,-0.162126,0.057505,0.115678,0.415677,-0.31586,-0.05215,-0.783451,-0.173939,-0.646767,0.656522,-0.001359,-0.015058,-0.172936,0.0,0.172936,-0.345878,0.115247,0.0,0.115247,0.0,
0.024026,-0.955858,0.079606,0.0,0.0,0.0,-0.127521,0.067902,0.562082,0.0,0.0,0.0,-0.161294,0.057269,0.114964,0.415971,-0.316695,-0.051985,-0.783204,-0.173967,-0.646533,0.654692,-0.002218,-0.014857,-0.173825,0.0,0.173825,-0.347656,0.115839,0.0,0.115839,0.0,
0.023899,-0.95579,0.080169,0.0,0.0,0.0,-0.127521,0.067902,0.562078,0.0,0.0,0.0,-0.160462,0.057033,0.11425,0.416265,-0.317531,-0.05182,-0.782958,-0.173994,-0.646299,0.652861,-0.003077,-0.014655,-0.174714,0.0,0.174714,-0.349434,0.116432,0.0,0.116432,0.0,
0.023771,-0.955722,0.080731,0.0,0.0,0.0,-0.127521,0.067978,0.562078,0.0,0.0,0.0,-0.15963,0.056797,0.113537,0.416558,-0.318367,-0.051655,-0.782711,-0.174022,-0.646066,0.651031,-0.003936,-0.014454,-0.175603,0.0,0.175603,-0.351212,0.117024,0.0,0.117024,0.0,
0.023644,-0.955654,0.081293,0.0,0.0,0.0,-0.127521,0.067902,0.562087,0.0,0.0,0.0,-0.158799,0.056561,0.112823,0.416852,-0.319202,-0.05149,-0.782465,-0.17405,-0.645832,0.649201,-0.004795,-0.014252,-0.176493,0.0,0.176493,-0.352989,0.117616,0.0,0.117616,0.0,
0.023516,-0.955586,0.081855,0.0,0.0,0.0,-0.127523,0.067902,0.562078,0.0,0.0,0.0,-0.157967,0.056326,0.112109,0.417146,-0.320038,-0.051326,-0.782218,-0.174078,-0.645598,0.64737,-0.005653,-0.014051,-0.177382,0.0,0.177382,-0.354767,0.118209,0.0,0.118209,0.0,
0.023372,-0.95552,0.082439,0.0,0.0,0.0,-0.144217,0.066071,0.584641,0.0,0.0,0.0,-0.157016,0.056066,0.111299,0.417341,-0.320849,-0.051139,-0.78178,-0.17403,-0.645212,0.645433,-0.006687,-0.013818,-0.178247,0.0,0.178247,-0.356498,0.118786,0.0,0.118786,0.0,
0.023195,-0.955458,0.083069,0.0,0.0,0.0,-0.17761,0.062561,0.629798,0.0,0.0,0.0,-0.155827,0.055758,0.110294,0.417341,-0.32161,-0.050908,-0.780958,-0.173832,-0.64452,0.643281,-0.008072,-0.013523,-0.179066,0.0,0.179066,-0.358135,0.119332,0.0,0.119332,0.0,
0.023017,-0.955395,0.083699,0.0,0.0,0.0,-0.17761,0.062561,0.629789,0.0,0.0,0.0,-0.154638,0.05545,0.10929,0.417341,-0.322371,-0.050677,-0.780137,-0.173633,-0.643828,0.641129,-0.009456,-0.013229,-0.179885,0.0,0.179885,-0.359773,0.119879,0.0,0.119879,0.0,
0.022839,-0.955332,0.084329,0.0,0.0,0.0,-0.17761,0.062561,0.629789,0.0,0.0,0.0,-0.15345,0.055143,0.108285,0.417341,-0.323132,-0.050446,-0.779315,-0.173435,-0.643136,0.638977,-0.010841,-0.012934,-0.180703,0.0,0.180703,-0.361411,0.120426,0.0,0.120426,0.0,
0.022662,-0.95527,0.084959,0.0,0.0,0.0,-0.17761,0.062561,0.629789,0.0,0.0,0.0,-0.152261,0.054835,0.107281,0.417341,-0.323894,-0.050216,-0.778494,-0.173237,-0.642444,0.636825,-0.012225,-0.012639,-0.181522,0.0,0.181522,-0.363048,0.120973,0.0,0.120973,0.0,
0.022484,-0.955207,0.085588,0.0,0.0,0.0,-0.17761,0.062561,0.629789,0.0,0.0,0.0,-0.151072,0.054527,0.106276,0.417341,-0.324655,-0.049985,-0.777672,-0.173038,-0.641752,0.634673,-0.013609,-0.012344,-0.18234,0.0,0.18234,-0.364686,0.12152,0.0,0.12152,0.0,
0.022307,-0.955145,0.086218,0.0,0.0,0.0,-0.177605,0.062485,0.629769,0.0,0.0,0.0,-0.149884,0.054219,0.105271,0.417341,-0.325416,-0.049754,-0.776851,-0.17284,-0.641061,0.632521,-0.014994,-0.012049,-0.183159,0.0,0.183159,-0.366324,0.122066,0.0,0.122066,0.0,
0.022129,-0.955082,0.086848,0.0,0.0,0.0,-0.17761,0.062561,0.629789,0.0,0.0,0.0,-0.148695,0.053912,0.104267,0.417341,-0.326178,-0.049523,-0.776029,-0.172641,-0.640369,0.630369,-0.016378,-0.011755,-0.183978,0.0,0.183978,-0.367961,0.122613,0.0,0.122613,0.0,
0.021951,-0.95502,0.087478,0.0,0.0,0.0,-0.17761,0.062561,0.629789,0.0,0.0,0.0,-0.147506,0.053604,0.103262,0.417341,-0.326939,-0.049292,-0.775207,-0.172443,-0.639677,0.628217,-0.017763,-0.01146,-0.184796,0.0,0.184796,-0.369599,0.12316,0.0,0.12316,0.0,
0.021774,-0.954957,0.088108,0.0,0.0,0.0,-0.17761,0.062561,0.629789,0.0,0.0,0.0,-0.146317,0.053296,0.102258,0.417341,-0.3277,-0.049062,-0.774386,-0.172245,-0.638985,0.626064,-0.019147,-0.011165,-0.185615,0.0,0.185615,-0.371237,0.123707,0.0,0.123707,0.0,
0.021596,-0.954895,0.088737,0.0,0.0,0.0,-0.17761,0.062561,0.629789,0.0,0.0,0.0,-0.145128,0.052988,0.101253,0.417341,-0.328462,-0.048831,-0.773564,-0.172046,-0.638293,0.623912,-0.020532,-0.01087,-0.186433,0.0,0.186433,-0.372875,0.124253,0.0,0.124253,0.0,
0.021418,-0.954832,0.089367,0.0,0.0,0.0,-0.17761,0.062561,0.629789,0.0,0.0,0.0,-0.14394,0.052681,0.100248,0.417341,-0.329223,-0.0486,-0.772743,-0.171848,-0.637602,0.62176,-0.021916,-0.010575,-0.187252,0.0,0.187252,-0.374512,0.1248,0.0,0.1248,0.0,
0.021241,-0.954769,0.089997,0.0,0.0,0.0,-0.17761,0.062561,0.629789,0.0,0.0,0.0,-0.142751,0.052373,0.099244,0.417341,-0.329984,-0.048369,-0.771921,-0.17165,-0.63691,0.619607,-0.023301,-0.010281,-0.188071,0.0,0.188071,-0.37615,0.125347,0.0,0.125347,0.0,
0.021063,-0.954707,0.090627,0.0,0.0,0.0,-0.17761,0.062561,0.629789,0.0,0.0,0.0,-0.141562,0.052065,0.098239,0.417341,-0.330745,-0.048139,-0.7711,-0.171451,-0.636218,0.617455,-0.024685,-0.009986,-0.188889,0.0,0.188889,-0.377788,0.125894,0.0,0.125894,0.0,
0.020886,-0.954644,0.091256,0.0,0.0,0.0,-0.177605,0.062485,0.629769,0.0,0.0,0.0,-0.140373,0.051758,0.097235,0.417341,-0.331507,-0.047908,-0.770278,-0.171253,-0.635526,0.615303,-0.02607,-0.009691,-0.189708,0.0,0.189708,-0.379426,0.126441,0.0,0.126441,0.0,
0.020708,-0.954582,0.091886,0.0,0.0,0.0,-0.17761,0.062561,0.629789,0.0,0.0,0.0,-0.139184,0.05145,0.09623,0.417341,-0.332268,-0.047677,-0.769457,-0.171055,-0.634834,0.61315,-0.027454,-0.009396,-0.190526,0.0,0.190526,-0.381064,0.126987,0.0,0.126987,0.0,
0.02053,-0.954519,0.092516,0.0,0.0,0.0,-0.17761,0.062561,0.629789,0.0,0.0,0.0,-0.137996,0.051142,0.095225,0.417341,-0.333029,-0.047446,-0.768635,-0.170856,-0.634142,0.610998,-0.028839,-0.009101,-0.191345,0.0,0.191345,-0.382701,0.127534,0.0,0.127534,0.0,
0.020353,-0.954457,0.093146,0.0,0.0,0.0,-0.17761,0.062561,0.629789,0.0,0.0,0.0,-0.136807,0.050834,0.094221,0.417341,-0.333791,-0.047215,-0.767813,-0.170658,-0.633451,0.608845,-0.030224,-0.008807,-0.192164,0.0,0.192164,-0.384339,0.128081,0.0,0.128081,0.0,
0.020175,-0.954394,0.093776,0.0,0.0,0.0,-0.17761,0.062561,0.629789,0.0,0.0,0.0,-0.135618,0.050527,0.093216,0.417341,-0.334552,-0.046985,-0.766992,-0.17046,-0.632759,0.606693,-0.031608,-0.008512,-0.192982,0.0,0.192982,-0.385977,0.128628,0.0,0.128628,0.0,
0.019998,-0.954332,0.094405,0.0,0.0,0.0,-0.17761,0.062561,0.629789,0.0,0.0,0.0,-0.134429,0.050219,0.092212,0.417341,-0.335313,-0.046754,-0.76617,-0.170261,-0.632067,0.604541,-0.032993,-0.008217,-0.193801,0.0,0.193801,-0.387615,0.129175,0.0,0.129175,0.0,
0.01982,-0.954269,0.095035,0.0,0.0,0.0,-0.17761,0.062561,0.629789,0.0,0.0,0.0,-0.13324,0.049911,0.091207,0.417341,-0.336075,-0.046523,-0.765349,-0.170063,-0.631375,0.602388,-0.034377,-0.007922,-0.194619,0.0,0.194619,-0.389253,0.129721,0.0,0.129721,0.0,
0.019642,-0.954207,0.095665,0.0,0.0,0.0,-0.17761,0.062485,0.629789,0.0,0.0,0.0,-0.132052,0.049604,0.090202,0.417341,-0.336836,-0.046292,-0.764527,-0.169865,-0.630683,0.600236,-0.035762,-0.007627,-0.195438,0.0,0.195438,-0.390891,0.130268,0.0,0.130268,0.0,
0.019465,-0.954144,0.096295,0.0,0.0,0.0,-0.177604,0.062561,0.629769,0.0,0.0,0.0,-0.130863,0.049296,0.089198,0.417341,-0.337597,-0.046062,-0.763706,-0.169666,-0.629991,0.598084,-0.037146,-0.007332,-0.196257,0.0,0.196257,-0.392528,0.130815,0.0,0.130815,0.0,
0.019287,-0.954081,0.096924,0.0,0.0,0.0,-0.17761,0.062561,0.629789,0.0,0.0,0.0,-0.129674,0.048988,0.088193,0.417341,-0.338358,-0.045831,-0.762884,-0.169468,-0.6293,0.595931,-0.038531,-0.007038,-0.197075,0.0,0.197075,-0.394166,0.131362,0.0,0.131362,0.0,
0.01911,-0.954019,0.097554,0.0,0.0,0.0,-0.17761,0.062561,0.629789,0.0,0.0,0.0,-0.128485,0.04868,0.087189,0.417341,-0.33912,-0.0456,-0.762062,-0.16927,-0.628608,0.593779,-0.039915,-0.006743,-0.197894,0.0,0.197894,-0.395804,0.131908,0.0,0.131908,-0.0,
0.018932,-0.953956,0.098184,0.0,0.0,0.0,-0.17761,0.062561,0.629789,0.0,0.0,0.0,-0.127296,0.048373,0.086184,0.417341,-0.339881,-0.045369,-0.761241,-0.169071,-0.627916,0.591627,-0.0413,-0.006448,-0.198712,0.0,0.198712,-0.397442,0.132455,0.0,0.132455,0.0,
0.018754,-0.953894,0.098814,0.0,0.0,0.0,-0.17761,0.062561,0.629798,0.0,0.0,0.0,-0.126108,0.048065,0.08518,0.417341,-0.340642,-0.045138,-0.760419,-0.168873,-0.627224,0.589475,-0.042684,-0.006153,-0.199531,0.0,0.199531,-0.399079,0.133002,0.0,0.133002,0.0,
0.018577,-0.953831,0.099444,0.0,0.0,0.0,-0.17761,0.062561,0.629789,0.0,0.0,0.0,-0.124919,0.047757,0.084175,0.417341,-0.341404,-0.044908,-0.759598,-0.168675,-0.626532,0.587322,-0.044069,-0.005858,-0.20035,0.0,0.20035,-0.400717,0.133549,0.0,0.133549,0.0,
0.018399,-0.953769,0.100073,0.0,0.0,0.0,-0.177611,0.062485,0.629789,0.0,0.0,0.0,-0.12373,0.047449,0.08317,0.417341,-0.342165,-0.044677,-0.758776,-0.168476,-0.62584,0.58517,-0.045453,-0.005564,-0.201168,0.0,0.201168,-0.402355,0.134096,0.0,0.134096,0.0,
0.018222,-0.953706,0.100703,0.0,0.0,0.0,-0.17761,0.062561,0.629789,0.0,0.0,0.0,-0.122541,0.047142,0.082166,0.417341,-0.342926,-0.044446,-0.757955,-0.168278,-0.625149,0.583018,-0.046838,-0.005269,-0.201987,0.0,0.201987,-0.403992,0.134642,0.0,0.134642,0.0,
0.018044,-0.953644,0.101333,0.0,0.0,0.0,-0.177604,0.062561,0.629769,0.0,0.0,0.0,-0.121353,0.046834,0.081161,0.417341,-0.343688,-0.044215,-0.757133,-0.168079,-0.624457,0.580866,-0.048222,-0.004974,-0.202805,0.0,0.202805,-0.40563,0.135189,0.0,0.135189,0.0,
0.017866,-0.953581,0.101963,0.0,0.0,0.0,-0.17761,0.062561,0.629789,0.0,0.0,0.0,-0.120164,0.046526,0.080157,0.417341,-0.344449,-0.043984,-0.756312,-0.167881,-0.623765,0.578714,-0.049606,-0.004679,-0.203624,0.0,0.203624,-0.407268,0.135736,0.0,0.135736,0.0,
0.017689,-0.953518,0.102593,0.0,0.0,0.0,-0.17761,0.062561,0.629789,0.0,0.0,0.0,-0.118975,0.046218,0.079152,0.417341,-0.34521,-0.043754,-0.75549,-0.167683,-0.623073,0.576563,-0.050991,-0.004384,-0.204443,0.0,0.204443,-0.408905,0.136283,0.0,0.136283,0.0,
0.017511,-0.953456,0.103222,0.0,0.0,0.0,-0.17761,0.062561,0.629789,0.0,0.0,0.0,-0.117786,0.045911,0.078148,0.417341,-0.345971,-0.043523,-0.754669,-0.167484,-0.622381,0.574411,-0.052375,-0.00409,-0.205261,0.0,0.205261,-0.410543,0.136829,0.0,0.136829,0.0,
0.017299,-0.953402,0.103918,0.0,0.0,0.0,-0.212281,0.053711,0.69523,0.0,0.0,0.0,-0.116132,0.045569,0.076761,0.416949,-0.346597,-0.043243,-0.753444,-0.16717,-0.621363,0.572427,-0.053852,-0.003753,-0.205965,0.0,0.205965,-0.411949,0.137298,0.0,0.137298,0.0,
0.017087,-0.953348,0.104613,0.0,0.0,0.0,-0.212294,0.053787,0.695268,0.0,0.0,0.0,-0.114476,0.045228,0.075375,0.416556,-0.347222,-0.042963,-0.752219,-0.166857,-0.620344,0.570443,-0.055329,-0.003416,-0.206668,0.0,0.206668,-0.413355,0.137766,0.0,0.137766,0.0,
0.016874,-0.953295,0.105308,0.0,0.0,0.0,-0.212294,0.053711,0.695258,0.0,0.0,0.0,-0.112821,0.044887,0.073988,0.416163,-0.347847,-0.042682,-0.750994,-0.166543,-0.619326,0.56846,-0.056806,-0.003079,-0.207372,0.0,0.207372,-0.414761,0.138234,0.0,0.138234,0.0,
0.016662,-0.953241,0.106003,0.0,0.0,0.0,-0.212294,0.053787,0.695258,0.0,0.0,0.0,-0.111166,0.044546,0.072601,0.41577,-0.348472,-0.042402,-0.749769,-0.166229,-0.618307,0.566476,-0.058283,-0.002742,-0.208076,0.0,0.208076,-0.416168,0.138702,0.0,0.138702,0.0,
0.01645,-0.953187,0.106699,0.0,0.0,0.0,-0.212288,0.053711,0.695239,0.0,0.0,0.0,-0.109511,0.044205,0.071215,0.415378,-0.349097,-0.042122,-0.748544,-0.165915,-0.617289,0.564492,-0.05976,-0.002405,-0.208779,0.0,0.208779,-0.417574,0.13917,0.0,0.13917,0.0,
0.016237,-0.953133,0.107394,0.0,0.0,0.0,-0.212294,0.053711,0.695258,0.0,0.0,0.0,-0.107856,0.043863,0.069828,0.414985,-0.349722,-0.041842,-0.747319,-0.165601,-0.61627,0.562508,-0.061237,-0.002068,-0.209483,0.0,0.209483,-0.41898,0.139638,0.0,0.139638,0.0,
0.016025,-0.95308,0.108089,0.0,0.0,0.0,-0.212294,0.053787,0.695258,0.0,0.0,0.0,-0.1062,0.043522,0.068441,0.414592,-0.350347,-0.041561,-0.746094,-0.165287,-0.615251,0.560524,-0.062714,-0.001731,-0.210186,0.0,0.210186,-0.420387,0.140106,0.0,0.140106,0.0,
0.015813,-0.953026,0.108784,0.0,0.0,0.0,-0.212294,0.053711,0.695268,0.0,0.0,0.0,-0.104545,0.043181,0.067055,0.414199,-0.350973,-0.041281,-0.744869,-0.164973,-0.614233,0.55854,-0.064191,-0.001394,-0.21089,0.0,0.21089,-0.421793,0.140575,0.0,0.140575,0.0,
0.0156,-0.952972,0.10948,0.0,0.0,0.0,-0.212294,0.053787,0.695258,0.0,0.0,0.0,-0.10289,0.04284,0.065668,0.413807,-0.351598,-0.041001,-0.743644,-0.164659,-0.613214,0.556556,-0.065668,-0.001057,-0.211594,0.0,0.211594,-0.423199,0.141043,0.0,0.141043,0.0,
0.015388,-0.952918,0.110175,0.0,0.0,0.0,-0.212294,0.053711,0.695258,0.0,0.0,0.0,-0.101234,0.042498,0.064281,0.413414,-0.352223,-0.040721,-0.742419,-0.164345,-0.612195,0.554572,-0.067145,-0.00072,-0.212297,0.0,0.212297,-0.424606,0.141511,0.0,0.141511,0.0,
0.015176,-0.952865,0.11087,0.0,0.0,0.0,-0.212294,0.053787,0.695258,0.0,0.0,0.0,-0.099579,0.042157,0.062895,0.413021,-0.352848,-0.040441,-0.741194,-0.164031,-0.611177,0.552588,-0.068622,-0.000383,-0.213001,0.0,0.213001,-0.426012,0.141979,0.0,0.141979,0.0,
0.014964,-0.952811,0.111565,0.0,0.0,0.0,-0.212294,0.053711,0.695268,0.0,0.0,0.0,-0.097924,0.041816,0.061508,0.412628,-0.353473,-0.04016,-0.739969,-0.163717,-0.610158,0.550604,-0.070099,-0.000047,-0.213705,0.0,0.213705,-0.427418,0.142447,0.0,0.142447,0.0,
0.014751,-0.952757,0.112261,0.0,0.0,0.0,-0.212287,0.053787,0.69523,0.0,0.0,0.0,-0.096268,0.041475,0.060121,0.412235,-0.354098,-0.03988,-0.738744,-0.163403,-0.609139,0.54862,-0.071576,0.00029,-0.214408,0.0,0.214408,-0.428825,0.142915,0.0,0.142915,0.0,
0.014539,-0.952703,0.112956,0.0,0.0,0.0,-0.212294,0.053711,0.695268,0.0,0.0,0.0,-0.094613,0.041133,0.058734,0.411843,-0.354723,-0.0396,-0.737519,-0.163089,-0.608121,0.546636,-0.073053,0.000627,-0.215112,0.0,0.215112,-0.430231,0.143384,0.0,0.143384,0.0,
0.014327,-0.95265,0.113651,0.0,0.0,0.0,-0.212294,0.053711,0.695258,0.0,0.0,0.0,-0.092957,0.040792,0.057348,0.41145,-0.355349,-0.03932,-0.736294,-0.162775,-0.607102,0.544651,-0.07453,0.000964,-0.215815,0.0,0.215815,-0.431638,0.143852,0.0,0.143852,0.0,
0.014114,-0.952596,0.114346,0.0,0.0,0.0,-0.212294,0.053787,0.695258,0.0,0.0,0.0,-0.091302,0.040451,0.055961,0.411057,-0.355974,-0.03904,-0.735069,-0.162461,-0.606083,0.542667,-0.076007,0.001301,-0.216519,0.0,0.216519,-0.433044,0.14432,0.0,0.14432,0.0,
0.013902,-0.952542,0.115042,0.0,0.0,0.0,-0.212295,0.053711,0.695258,0.0,0.0,0.0,-0.089647,0.04011,0.054574,0.410664,-0.356599,-0.038759,-0.733844,-0.162147,-0.605065,0.540683,-0.077484,0.001638,-0.217223,0.0,0.217223,-0.43445,0.144788,0.0,0.144788,0.0,
0.01369,-0.952488,0.115737,0.0,0.0,0.0,-0.212294,0.053787,0.695268,0.0,0.0,0.0,-0.087991,0.039768,0.053187,0.410271,-0.357224,-0.038479,-0.732619,-0.161833,-0.604046,0.538699,-0.078961,0.001975,-0.217926,0.0,0.217926,-0.435857,0.145256,0.0,0.145256,0.0,
0.013478,-0.952435,0.116432,0.0,0.0,0.0,-0.212294,0.053711,0.695258,0.0,0.0,0.0,-0.086336,0.039427,0.051801,0.409879,-0.357849,-0.038199,-0.731394,-0.161519,-0.603027,0.536715,-0.080438,0.002312,-0.21863,0.0,0.21863,-0.437263,0.145724,0.0,0.145724,0.0,
0.013265,-0.952381,0.117127,0.0,0.0,0.0,-0.212294,0.053787,0.695258,0.0,0.0,0.0,-0.08468,0.039086,0.050414,0.409486,-0.358474,-0.037919,-0.730169,-0.161205,-0.602009,0.534731,-0.081915,0.002649,-0.219334,0.0,0.219334,-0.43867,0.146193,0.0,0.146193,0.0,
0.013053,-0.952327,0.117823,0.0,0.0,0.0,-0.212287,0.053711,0.695239,0.0,0.0,0.0,-0.083025,0.038745,0.049027,0.409093,-0.3591,-0.037639,-0.728944,-0.160891,-0.60099,0.532746,-0.083392,0.002986,-0.220037,0.0,0.220037,-0.440076,0.146661,0.0,0.146661,0.0,
0.012841,-0.952273,0.118518,0.0,0.0,0.0,-0.212294,0.053787,0.695258,0.0,0.0,0.0,-0.08137,0.038404,0.04764,0.4087,-0.359725,-0.037358,-0.727719,-0.160577,-0.599971,0.530762,-0.084869,0.003323,-0.220741,0.0,0.220741,-0.441482,0.147129,0.0,0.147129,0.0,
0.012628,-0.95222,0.119213,0.0,0.0,0.0,-0.212294,0.053711,0.695258,0.0,0.0,0.0,-0.079714,0.038062,0.046254,0.408308,-0.36035,-0.037078,-0.726494,-0.160264,-0.598953,0.528778,-0.086346,0.00366,-0.221444,0.0,0.221444,-0.442889,0.147597,0.0,0.147597,0.0,
0.012416,-0.952166,0.119908,0.0,0.0,0.0,-0.212294,0.053787,0.695268,0.0,0.0,0.0,-0.078059,0.037721,0.044867,0.407915,-0.360975,-0.036798,-0.725269,-0.15995,-0.597934,0.526794,-0.087823,0.003996,-0.222148,0.0,0.222148,-0.444295,0.148065,0.0,0.148065,0.0,
0.012204,-0.952112,0.120604,0.0,0.0,0.0,-0.212294,0.053711,0.695258,0.0,0.0,0.0,-0.076404,0.03738,0.04348,0.407522,-0.3616,-0.036518,-0.724044,-0.159636,-0.596916,0.52481,-0.0893,0.004333,-0.222852,0.0,0.222852,-0.445701,0.148533,0.0,0.148533,0.0,
0.011991,-0.952059,0.121299,0.0,0.0,0.0,-0.212294,0.053711,0.695258,0.0,0.0,0.0,-0.074748,0.037039,0.042093,0.407129,-0.362225,-0.036237,-0.722819,-0.159322,-0.595897,0.522826,-0.090777,0.00467,-0.223555,0.0,0.223555,-0.447108,0.149001,0.0,0.149001,0.0,
0.011779,-0.952005,0.121994,0.0,0.0,0.0,-0.212294,0.053787,0.695258,0.0,0.0,0.0,-0.073093,0.036697,0.040707,0.406736,-0.36285,-0.035957,-0.721595,-0.159008,-0.594878,0.520842,-0.092254,0.005007,-0.224259,0.0,0.224259,-0.448514,0.14947,0.0,0.14947,-0.0,
0.011567,-0.951951,0.12269,0.0,0.0,0.0,-0.212294,0.053711,0.695258,0.0,0.0,0.0,-0.071438,0.036356,0.03932,0.406344,-0.363476,-0.035677,-0.72037,-0.158694,-0.59386,0.518858,-0.093731,0.005344,-0.224962,0.0,0.224962,-0.44992,0.149938,0.0,0.149938,0.0,
0.011355,-0.951897,0.123385,0.0,0.0,0.0,-0.212288,0.053787,0.695239,0.0,0.0,0.0,-0.069783,0.036015,0.037933,0.405951,-0.364101,-0.035397,-0.719145,-0.15838,-0.592841,0.516874,-0.095208,0.005681,-0.225666,0.0,0.225666,-0.451327,0.150406,0.0,0.150406,0.0,
0.011142,-0.951844,0.12408,0.0,0.0,0.0,-0.212294,0.053711,0.695268,0.0,0.0,0.0,-0.068127,0.035674,0.036547,0.405558,-0.364726,-0.035117,-0.71792,-0.158066,-0.591822,0.514891,-0.096685,0.006018,-0.22637,0.0,0.22637,-0.452733,0.150874,0.0,0.150874,0.0,
0.01093,-0.95179,0.124775,0.0,0.0,0.0,-0.212294,0.053787,0.695258,0.0,0.0,0.0,-0.066472,0.035332,0.03516,0.405165,-0.365351,-0.034836,-0.716695,-0.157752,-0.590804,0.512907,-0.098162,0.006355,-0.227073,0.0,0.227073,-0.454139,0.151342,0.0,0.151342,0.0,
0.010718,-0.951736,0.125471,0.0,0.0,0.0,-0.212294,0.053711,0.695258,0.0,0.0,0.0,-0.064817,0.034991,0.033774,0.404772,-0.365976,-0.034556,-0.71547,-0.157438,-0.589785,0.510923,-0.099639,0.006692,-0.227777,0.0,0.227777,-0.455545,0.15181,0.0,0.15181,0.0,
0.010505,-0.951682,0.126166,0.0,0.0,0.0,-0.212294,0.053787,0.695258,0.0,0.0,0.0,-0.063162,0.03465,0.032387,0.40438,-0.366601,-0.034276,-0.714245,-0.157124,-0.588767,0.508939,-0.101116,0.007029,-0.22848,0.0,0.22848,-0.456952,0.152278,0.0,0.152278,0.0,
0.01028,-0.951637,0.126902,0.0,0.0,0.0,-0.225336,0.045776,0.736648,0.0,0.0,0.0,-0.061113,0.034327,0.030674,0.403618,-0.367076,-0.033975,-0.712933,-0.156823,-0.587663,0.507475,-0.102435,0.007367,-0.22908,0.0,0.22908,-0.458152,0.152678,0.0,0.152678,0.0,
0.010048,-0.951595,0.12766,0.0,0.0,0.0,-0.23188,0.041885,0.757409,0.0,0.0,0.0,-0.058866,0.034014,0.028797,0.402672,-0.367475,-0.033664,-0.711577,-0.156528,-0.586516,0.506271,-0.103675,0.007706,-0.229628,0.0,0.229628,-0.459248,0.153044,0.0,0.153044,-0.0,
0.009816,-0.951553,0.128417,0.0,0.0,0.0,-0.23188,0.041885,0.757419,0.0,0.0,0.0,-0.056618,0.0337,0.026921,0.401726,-0.367873,-0.033352,-0.710221,-0.156233,-0.58537,0.505067,-0.104915,0.008044,-0.230176,0.0,0.230176,-0.460345,0.153409,0.0,0.153409,0.0,
0.009584,-0.951511,0.129175,0.0,0.0,0.0,-0.231873,0.041885,0.75739,0.0,0.0,0.0,-0.054371,0.033387,0.025044,0.40078,-0.368272,-0.033041,-0.708864,-0.155939,-0.584223,0.503863,-0.106155,0.008383,-0.230723,0.0,0.230723,-0.461441,0.153775,0.0,0.153775,0.0,
0.009353,-0.951469,0.129932,0.0,0.0,0.0,-0.23188,0.041885,0.757409,0.0,0.0,0.0,-0.052124,0.033073,0.023167,0.399834,-0.368671,-0.03273,-0.707508,-0.155644,-0.583076,0.502659,-0.107395,0.008722,-0.231271,0.0,0.231271,-0.462538,0.15414,0.0,0.15414,0.0,
0.009121,-0.951427,0.130689,0.0,0.0,0.0,-0.23188,0.041809,0.757419,0.0,0.0,0.0,-0.049876,0.03276,0.02129,0.398888,-0.36907,-0.032419,-0.706152,-0.155349,-0.58193,0.501455,-0.108636,0.009061,-0.231819,0.0,0.231819,-0.463634,0.154506,0.0,0.154506,0.0,
0.008889,-0.951385,0.131447,0.0,0.0,0.0,-0.23188,0.041885,0.757409,0.0,0.0,0.0,-0.047628,0.032446,0.019413,0.397942,-0.369468,-0.032107,-0.704796,-0.155054,-0.580783,0.500251,-0.109876,0.009399,-0.232366,0.0,0.232366,-0.464731,0.154872,0.0,0.154872,0.0,
0.008657,-0.951343,0.132204,0.0,0.0,0.0,-0.23188,0.041885,0.757409,0.0,0.0,0.0,-0.045381,0.032133,0.017536,0.396995,-0.369867,-0.031796,-0.70344,-0.15476,-0.579636,0.499048,-0.111116,0.009738,-0.232914,0.0,0.232914,-0.465827,0.155237,0.0,0.155237,0.0,
0.008425,-0.951301,0.132962,0.0,0.0,0.0,-0.23188,0.041885,0.757419,0.0,0.0,0.0,-0.043133,0.031819,0.015659,0.396049,-0.370266,-0.031485,-0.702083,-0.154465,-0.57849,0.497844,-0.112356,0.010077,-0.233462,0.0,0.233462,-0.466924,0.155603,0.0,0.155603,0.0,
0.008193,-0.95126,0.133719,0.0,0.0,0.0,-0.23188,0.041809,0.757409,0.0,0.0,0.0,-0.040885,0.031506,0.013782,0.395103,-0.370665,-0.031173,-0.700727,-0.15417,-0.577343,0.49664,-0.113596,0.010416,-0.23401,0.0,0.23401,-0.468021,0.155968,0.0,0.155968,0.0,
0.007961,-0.951218,0.134477,0.0,0.0,0.0,-0.23188,0.041885,0.757419,0.0,0.0,0.0,-0.038638,0.031192,0.011905,0.394157,-0.371064,-0.030862,-0.699371,-0.153876,-0.576196,0.495436,-0.114836,0.010754,-0.234557,0.0,0.234557,-0.469117,0.156334,0.0,0.156334,-0.0,
0.007729,-0.951176,0.135234,0.0,0.0,0.0,-0.231873,0.041885,0.75739,0.0,0.0,0.0,-0.03639,0.030879,0.010028,0.393211,-0.371462,-0.030551,-0.698015,-0.153581,-0.57505,0.494232,-0.116077,0.011093,-0.235105,0.0,0.235105,-0.470214,0.156699,0.0,0.156699,0.0,
0.007498,-0.951134,0.135991,0.0,0.0,0.0,-0.23188,0.041885,0.757409,0.0,0.0,0.0,-0.034142,0.030565,0.008151,0.392265,-0.371861,-0.030239,-0.696658,-0.153286,-0.573903,0.493028,-0.117317,0.011432,-0.235653,0.0,0.235653,-0.47131,0.157065,0.0,0.157065,0.0,
0.007266,-0.951092,0.136749,0.0,0.0,0.0,-0.23188,0.041885,0.757409,0.0,0.0,0.0,-0.031894,0.030252,0.006274,0.391318,-0.37226,-0.029928,-0.695302,-0.152992,-0.572756,0.491824,-0.118557,0.011771,-0.2362,0.0,0.2362,-0.472407,0.15743,0.0,0.15743,0.0,
0.007034,-0.95105,0.137506,0.0,0.0,0.0,-0.23188,0.041809,0.757419,0.0,0.0,0.0,-0.029646,0.029938,0.004397,0.390372,-0.372659,-0.029617,-0.693946,-0.152697,-0.57161,0.49062,-0.119797,0.01211,-0.236748,0.0,0.236748,-0.473504,0.157796,0.0,0.157796,0.0,
0.006802,-0.951008,0.138264,0.0,0.0,0.0,-0.23188,0.041885,0.757409,0.0,0.0,0.0,-0.027399,0.029625,0.00252,0.389426,-0.373058,-0.029305,-0.692589,-0.152402,-0.570463,0.489416,-0.121037,0.012448,-0.237296,0.0,0.237296,-0.4746,0.158161,0.0,0.158161,0.0,
0.00657,-0.950967,0.139021,0.0,0.0,0.0,-0.23188,0.041885,0.757419,0.0,0.0,0.0,-0.025151,0.029311,0.000643,0.38848,-0.373456,-0.028994,-0.691233,-0.152107,-0.569316,0.488212,-0.122278,0.012787,-0.237844,0.0,0.237844,-0.475697,0.158527,0.0,0.158527,0.0,
0.006338,-0.950925,0.139778,0.0,0.0,0.0,-0.23188,0.041885,0.757409,0.0,0.0,0.0,-0.022903,0.028998,-0.001234,0.387534,-0.373855,-0.028683,-0.689877,-0.151813,-0.56817,0.487008,-0.123518,0.013126,-0.238391,0.0,0.238391,-0.476794,0.158892,0.0,0.158892,0.0,
0.006106,-0.950883,0.140536,0.0,0.0,0.0,-0.23188,0.041885,0.757419,0.0,0.0,0.0,-0.020655,0.028684,-0.003111,0.386587,-0.374254,-0.028371,-0.68852,-0.151518,-0.567023,0.485804,-0.124758,0.013465,-0.238939,0.0,0.238939,-0.47789,0.159258,0.0,0.159258,0.0,
0.005874,-0.950841,0.141293,0.0,0.0,0.0,-0.231873,0.041809,0.757381,0.0,0.0,0.0,-0.018407,0.028371,-0.004988,0.385641,-0.374653,-0.02806,-0.687164,-0.151223,-0.565876,0.4846,-0.125998,0.013803,-0.239487,0.0,0.239487,-0.478987,0.159623,0.0,0.159623,0.0,
0.005643,-0.950799,0.142051,0.0,0.0,0.0,-0.23188,0.041885,0.757419,0.0,0.0,0.0,-0.016159,0.028057,-0.006865,0.384695,-0.375051,-0.027749,-0.685808,-0.150929,-0.56473,0.483396,-0.127238,0.014142,-0.240034,0.0,0.240034,-0.480083,0.159989,0.0,0.159989,0.0,
0.005411,-0.950757,0.142808,0.0,0.0,0.0,-0.23188,0.041885,0.757409,0.0,0.0,0.0,-0.013911,0.027744,-0.008743,0.383749,-0.37545,-0.027437,-0.684452,-0.150634,-0.563583,0.482192,-0.128478,0.014481,-0.240582,0.0,0.240582,-0.48118,0.160355,0.0,0.160355,0.0,
0.005179,-0.950715,0.143565,0.0,0.0,0.0,-0.23188,0.041885,0.757419,0.0,0.0,0.0,-0.011664,0.02743,-0.01062,0.382803,-0.375849,-0.027126,-0.683095,-0.150339,-0.562436,0.480988,-0.129719,0.01482,-0.24113,0.0,0.24113,-0.482277,0.16072,0.0,0.16072,0.0,
0.004947,-0.950674,0.144323,0.0,0.0,0.0,-0.23188,0.041809,0.757409,0.0,0.0,0.0,-0.009416,0.027117,-0.012497,0.381857,-0.376248,-0.026815,-0.681739,-0.150044,-0.56129,0.479784,-0.130959,0.015158,-0.241677,0.0,0.241677,-0.483373,0.161086,0.0,0.161086,0.0,
0.004715,-0.950632,0.14508,0.0,0.0,0.0,-0.23188,0.041885,0.757419,0.0,0.0,0.0,-0.007168,0.026803,-0.014374,0.38091,-0.376647,-0.026503,-0.680383,-0.14975,-0.560143,0.47858,-0.132199,0.015497,-0.242225,0.0,0.242225,-0.48447,0.161451,0.0,0.161451,0.0,
0.004483,-0.95059,0.145838,0.0,0.0,0.0,-0.23188,0.041885,0.757409,0.0,0.0,0.0,-0.00492,0.02649,-0.016251,0.379964,-0.377045,-0.026192,-0.679027,-0.149455,-0.558996,0.477376,-0.133439,0.015836,-0.242773,0.0,0.242773,-0.485566,0.161817,0.0,0.161817,0.0,
0.004251,-0.950548,0.146595,0.0,0.0,0.0,-0.23188,0.041885,0.757409,0.0,0.0,0.0,-0.002673,0.026176,-0.018128,0.379018,-0.377444,-0.025881,-0.67767,-0.14916,-0.55785,0.476172,-0.134679,0.016175,-0.243321,0.0,0.243321,-0.486663,0.162182,0.0,0.162182,0.0,
0.004019,-0.950506,0.147352,0.0,0.0,0.0,-0.231873,0.041885,0.75739,0.0,0.0,0.0,-0.000425,0.025863,-0.020004,0.378072,-0.377843,-0.02557,-0.676314,-0.148866,-0.556703,0.474968,-0.135919,0.016513,-0.243868,0.0,0.243868,-0.487759,0.162548,0.0,0.162548,0.0,
0.003787,-0.950464,0.14811,0.0,0.0,0.0,-0.23188,0.041809,0.757419,0.0,0.0,0.0,0.001822,0.025549,-0.021881,0.377126,-0.378242,-0.025258,-0.674958,-0.148571,-0.555557,0.473764,-0.13716,0.016852,-0.244416,0.0,0.244416,-0.488856,0.162913,0.0,0.162913,0.0,
0.003556,-0.950422,0.148867,0.0,0.0,0.0,-0.23188,0.041885,0.757409,0.0,0.0,0.0,0.00407,0.025236,-0.023758,0.37618,-0.378641,-0.024947,-0.673602,-0.148276,-0.55441,0.47256,-0.1384,0.017191,-0.244964,0.0,0.244964,-0.489953,0.163279,0.0,0.163279,0.0,
0.003324,-0.95038,0.149625,0.0,0.0,0.0,-0.23188,0.041885,0.757419,0.0,0.0,0.0,0.006317,0.024923,-0.025635,0.375233,-0.379039,-0.024636,-0.672246,-0.147981,-0.553263,0.471356,-0.13964,0.01753,-0.245511,0.0,0.245511,-0.491049,0.163644,0.0,0.163644,0.0,
0.003092,-0.950339,0.150382,0.0,0.0,0.0,-0.23188,0.041885,0.757409,0.0,0.0,0.0,0.008564,0.024609,-0.027512,0.374287,-0.379438,-0.024324,-0.67089,-0.147687,-0.552117,0.470153,-0.14088,0.017868,-0.246059,0.0,0.246059,-0.492146,0.16401,0.0,0.16401,0.0,
0.00286,-0.950297,0.15114,0.0,0.0,0.0,-0.23188,0.041809,0.757409,0.0,0.0,0.0,0.010811,0.024295,-0.029388,0.373341,-0.379837,-0.024013,-0.669533,-0.147392,-0.55097,0.468949,-0.14212,0.018207,-0.246607,0.0,0.246607,-0.493242,0.164375,0.0,0.164375,0.0,
0.002626,-0.95026,0.151918,0.0,0.0,0.0,-0.23362,0.036697,0.7782,0.0,0.0,0.0,0.013067,0.024008,-0.031276,0.372432,-0.380028,-0.023704,-0.668182,-0.147119,-0.549817,0.468076,-0.143076,0.018535,-0.247086,0.0,0.247086,-0.494201,0.164695,0.0,0.164695,-0.0,
0.002389,-0.950234,0.152738,0.0,0.0,0.0,-0.237118,0.026016,0.81998,0.0,0.0,0.0,0.01534,0.023772,-0.033184,0.371599,-0.3798,-0.0234,-0.666839,-0.146889,-0.54865,0.467871,-0.143462,0.018841,-0.247427,0.0,0.247427,-0.494884,0.164923,0.0,0.164923,0.0,
0.002152,-0.950208,0.153558,0.0,0.0,0.0,-0.237111,0.026093,0.819961,0.0,0.0,0.0,0.017613,0.023535,-0.035093,0.370765,-0.379573,-0.023096,-0.665496,-0.14666,-0.547483,0.467666,-0.143848,0.019147,-0.247769,0.0,0.247769,-0.495567,0.165151,0.0,0.165151,0.0,
0.001915,-0.950182,0.154378,0.0,0.0,0.0,-0.237118,0.026093,0.81999,0.0,0.0,0.0,0.019887,0.023299,-0.037002,0.369931,-0.379345,-0.022792,-0.664153,-0.146431,-0.546316,0.467461,-0.144233,0.019452,-0.24811,0.0,0.24811,-0.496249,0.165379,0.0,0.165379,0.0,
0.001678,-0.950156,0.155198,0.0,0.0,0.0,-0.237118,0.026093,0.81998,0.0,0.0,0.0,0.02216,0.023063,-0.038911,0.369098,-0.379118,-0.022488,-0.66281,-0.146201,-0.545149,0.467256,-0.144619,0.019758,-0.248452,0.0,0.248452,-0.496932,0.165607,0.0,0.165607,0.0,
0.001441,-0.95013,0.156018,0.0,0.0,0.0,-0.237118,0.026093,0.81999,0.0,0.0,0.0,0.024434,0.022827,-0.04082,0.368264,-0.378891,-0.022184,-0.661467,-0.145972,-0.543982,0.467051,-0.145004,0.020064,-0.248793,0.0,0.248793,-0.497615,0.165835,0.0,0.165835,0.0,
0.001204,-0.950104,0.156838,0.0,0.0,0.0,-0.237118,0.026093,0.81998,0.0,0.0,0.0,0.026707,0.022591,-0.042729,0.36743,-0.378663,-0.02188,-0.660124,-0.145742,-0.542815,0.466846,-0.14539,0.02037,-0.249135,0.0,0.249135,-0.498298,0.166062,0.0,0.166062,0.0,
0.000967,-0.950077,0.157658,0.0,0.0,0.0,-0.237118,0.026093,0.81999,0.0,0.0,0.0,0.028981,0.022355,-0.044638,0.366596,-0.378436,-0.021576,-0.65878,-0.145513,-0.541648,0.466641,-0.145776,0.020676,-0.249476,0.0,0.249476,-0.49898,0.16629,0.0,0.16629,0.0,
0.000729,-0.950051,0.158478,0.0,0.0,0.0,-0.237118,0.026093,0.81998,0.0,0.0,0.0,0.031254,0.022118,-0.046547,0.365763,-0.378208,-0.021272,-0.657437,-0.145283,-0.540481,0.466436,-0.146161,0.020982,-0.249818,0.0,0.249818,-0.499663,0.166518,0.0,0.166518,0.0,
0.000492,-0.950025,0.159298,0.0,0.0,0.0,-0.237118,0.026093,0.81999,0.0,0.0,0.0,0.033528,0.021882,-0.048456,0.364929,-0.377981,-0.020968,-0.656094,-0.145054,-0.539314,0.466231,-0.146547,0.021287,-0.250159,0.0,0.250159,-0.500346,0.166746,0.0,0.166746,0.0,
0.000255,-0.949999,0.160118,0.0,0.0,0.0,-0.237111,0.026093,0.819951,0.0,0.0,0.0,0.035801,0.021646,-0.050365,0.364095,-0.377754,-0.020664,-0.654751,-0.144824,-0.538147,0.466025,-0.146932,0.021593,-0.250501,0.0,0.250501,-0.501028,0.166974,0.0,0.166974,0.0,
0.000018,-0.949973,0.160938,0.0,0.0,0.0,-0.237118,0.026093,0.81999,0.0,0.0,0.0,0.038075,0.02141,-0.052274,0.363262,-0.377526,-0.02036,-0.653408,-0.144595,-0.53698,0.46582,-0.147318,0.021899,-0.250842,0.0,0.250842,-0.501711,0.167202,0.0,0.167202,0.0,
-0.000219,-0.949947,0.161757,0.0,0.0,0.0,-0.237118,0.026093,0.81999,0.0,0.0,0.0,0.040349,0.021174,-0.054183,0.362428,-0.377299,-0.020056,-0.652065,-0.144366,-0.535813,0.465615,-0.147704,0.022205,-0.251184,0.0,0.251184,-0.502394,0.16743,0.0,0.16743,0.0,
-0.000456,-0.949921,0.162577,0.0,0.0,0.0,-0.237118,0.026093,0.81999,0.0,0.0,0.0,0.042623,0.020937,-0.056092,0.361594,-0.377071,-0.019752,-0.650722,-0.144136,-0.534646,0.46541,-0.148089,0.022511,-0.251525,0.0,0.251525,-0.503076,0.167657,0.0,0.167657,0.0,
-0.000693,-0.949895,0.163397,0.0,0.0,0.0,-0.237118,0.026093,0.819971,0.0,0.0,0.0,0.044897,0.020701,-0.058001,0.36076,-0.376844,-0.019448,-0.649379,-0.143907,-0.533479,0.465205,-0.148475,0.022816,-0.251867,0.0,0.251867,-0.503759,0.167885,0.0,0.167885,0.0,
-0.00093,-0.949869,0.164217,0.0,0.0,0.0,-0.237118,0.026093,0.81999,0.0,0.0,0.0,0.04717,0.020465,-0.059911,0.359927,-0.376617,-0.019144,-0.648036,-0.143677,-0.532312,0.465,-0.14886,0.023122,-0.252208,0.0,0.252208,-0.504442,0.168113,0.0,0.168113,0.0,
-0.001168,-0.949843,0.165037,0.0,0.0,0.0,-0.237118,0.026093,0.81999,0.0,0.0,0.0,0.049444,0.020229,-0.06182,0.359093,-0.376389,-0.01884,-0.646693,-0.143448,-0.531145,0.464795,-0.149246,0.023428,-0.25255,0.0,0.25255,-0.505125,0.168341,0.0,0.168341,0.0,
-0.001405,-0.949817,0.165857,0.0,0.0,0.0,-0.237118,0.026016,0.81999,0.0,0.0,0.0,0.051718,0.019993,-0.063729,0.358259,-0.376162,-0.018536,-0.645349,-0.143219,-0.529978,0.46459,-0.149632,0.023734,-0.252891,0.0,0.252891,-0.505807,0.168569,0.0,0.168569,0.0,
-0.001642,-0.94979,0.166677,0.0,0.0,0.0,-0.237111,0.026093,0.819951,0.0,0.0,0.0,0.053992,0.019757,-0.065638,0.357425,-0.375934,-0.018233,-0.644006,-0.142989,-0.528811,0.464385,-0.150017,0.02404,-0.253233,0.0,0.253233,-0.50649,0.168797,0.0,0.168797,0.0,
-0.001879,-0.949764,0.167497,0.0,0.0,0.0,-0.237118,0.026093,0.81999,0.0,0.0,0.0,0.056266,0.019521,-0.067547,0.356592,-0.375707,-0.017929,-0.642663,-0.14276,-0.527644,0.46418,-0.150403,0.024345,-0.253574,0.0,0.253574,-0.507173,0.169025,0.0,0.169025,0.0,
-0.002116,-0.949738,0.168317,0.0,0.0,0.0,-0.237118,0.026093,0.819971,0.0,0.0,0.0,0.05854,0.019284,-0.069456,0.355758,-0.37548,-0.017625,-0.64132,-0.14253,-0.526477,0.463974,-0.150788,0.024651,-0.253915,0.0,0.253915,-0.507855,0.169252,0.0,0.169252,0.0,
-0.002353,-0.949712,0.169137,0.0,0.0,0.0,-0.237118,0.026093,0.81999,0.0,0.0,0.0,0.060813,0.019048,-0.071366,0.354924,-0.375252,-0.017321,-0.639977,-0.142301,-0.52531,0.463769,-0.151174,0.024957,-0.254257,0.0,0.254257,-0.508538,0.16948,0.0,0.16948,0.0,
-0.00259,-0.949686,0.169957,0.0,0.0,0.0,-0.237118,0.026093,0.81999,0.0,0.0,0.0,0.063087,0.018812,-0.073275,0.354091,-0.375025,-0.017017,-0.638634,-0.142071,-0.524143,0.463564,-0.15156,0.025263,-0.254598,0.0,0.254598,-0.509221,0.169708,0.0,0.169708,0.0,
-0.002827,-0.94966,0.170777,0.0,0.0,0.0,-0.237118,0.026093,0.81999,0.0,0.0,0.0,0.065361,0.018576,-0.075184,0.353257,-0.374797,-0.016713,-0.637291,-0.141842,-0.522976,0.463359,-0.151945,0.025569,-0.25494,0.0,0.25494,-0.509904,0.169936,0.0,0.169936,0.0,
-0.003064,-0.949634,0.171597,0.0,0.0,0.0,-0.237118,0.026093,0.819971,0.0,0.0,0.0,0.067635,0.01834,-0.077093,0.352423,-0.37457,-0.016409,-0.635948,-0.141612,-0.521809,0.463154,-0.152331,0.025875,-0.255281,0.0,0.255281,-0.510586,0.170164,0.0,0.170164,0.0,
-0.003302,-0.949608,0.172417,0.0,0.0,0.0,-0.237118,0.026093,0.81999,0.0,0.0,0.0,0.069908,0.018103,-0.079002,0.351589,-0.374343,-0.016105,-0.634605,-0.141383,-0.520642,0.462949,-0.152716,0.02618,-0.255623,0.0,0.255623,-0.511269,0.170392,0.0,0.170392,0.0,
-0.003539,-0.949582,0.173237,0.0,0.0,0.0,-0.23711,0.026093,0.819971,0.0,0.0,0.0,0.072182,0.017867,-0.080911,0.350756,-0.374115,-0.015801,-0.633262,-0.141154,-0.519475,0.462744,-0.153102,0.026486,-0.255964,0.0,0.255964,-0.511952,0.17062,0.0,0.17062,0.0,
-0.003776,-0.949556,0.174057,0.0,0.0,0.0,-0.237118,0.026093,0.819971,0.0,0.0,0.0,0.074455,0.017631,-0.08282,0.349922,-0.373888,-0.015497,-0.631919,-0.140924,-0.518308,0.462539,-0.153488,0.026792,-0.256306,0.0,0.256306,-0.512634,0.170847,0.0,0.170847,0.0,
-0.004013,-0.94953,0.174877,0.0,0.0,0.0,-0.237118,0.026093,0.81999,0.0,0.0,0.0,0.076729,0.017395,-0.084729,0.349088,-0.37366,-0.015193,-0.630575,-0.140695,-0.517141,0.462334,-0.153873,0.027098,-0.256647,0.0,0.256647,-0.513317,0.171075,0.0,0.171075,0.0,
-0.00425,-0.949503,0.175697,0.0,0.0,0.0,-0.237118,0.026093,0.81999,0.0,0.0,0.0,0.079002,0.017159,-0.086638,0.348255,-0.373433,-0.014889,-0.629232,-0.140465,-0.515974,0.462128,-0.154259,0.027404,-0.256989,0.0,0.256989,-0.514,0.171303,0.0,0.171303,-0.0,
-0.004487,-0.949477,0.176517,0.0,0.0,0.0,-0.237118,0.026093,0.81999,0.0,0.0,0.0,0.081275,0.016923,-0.088547,0.347421,-0.373205,-0.014585,-0.627889,-0.140236,-0.514807,0.461923,-0.154644,0.027709,-0.25733,0.0,0.25733,-0.514682,0.171531,0.0,0.171531,0.0,
-0.004724,-0.949451,0.177337,0.0,0.0,0.0,-0.237118,0.026093,0.819971,0.0,0.0,0.0,0.083549,0.016686,-0.090455,0.346587,-0.372978,-0.014281,-0.626546,-0.140007,-0.51364,0.461718,-0.15503,0.028015,-0.257672,0.0,0.257672,-0.515365,0.171759,0.0,0.171759,0.0,
-0.004961,-0.949425,0.178157,0.0,0.0,0.0,-0.237118,0.026016,0.81999,0.0,0.0,0.0,0.085822,0.01645,-0.092364,0.345753,-0.372751,-0.013977,-0.625203,-0.139777,-0.512473,0.461513,-0.155416,0.028321,-0.258013,0.0,0.258013,-0.516048,0.171987,0.0,0.171987,0.0,
-0.005199,-0.949399,0.178977,0.0,0.0,0.0,-0.237118,0.026093,0.81999,0.0,0.0,0.0,0.088095,0.016214,-0.094273,0.34492,-0.372523,-0.013673,-0.62386,-0.139548,-0.511306,0.461308,-0.155801,0.028627,-0.258355,0.0,0.258355,-0.516731,0.172215,0.0,0.172215,0.0,
-0.005426,-0.949397,0.179848,0.0,0.0,0.0,-0.227216,0.002518,0.871355,0.0,0.0,0.0,0.088191,0.01591,-0.094428,0.346753,-0.371305,-0.013438,-0.622315,-0.139278,-0.509972,0.461111,-0.155074,0.028896,-0.25844,0.0,0.25844,-0.516891,0.172266,0.000007,0.172266,-0.0,
-0.005653,-0.949394,0.18072,0.0,0.0,0.0,-0.227207,0.002441,0.871488,0.0,0.0,0.0,0.088284,0.015605,-0.09458,0.34859,-0.370085,-0.013204,-0.620769,-0.139008,-0.508638,0.460913,-0.154346,0.029165,-0.258525,0.0,0.258525,-0.51705,0.172318,0.000015,0.172318,-0.0,
-0.00588,-0.949392,0.181591,0.0,0.0,0.0,-0.227207,0.002441,0.871469,0.0,0.0,0.0,0.088376,0.0153,-0.094732,0.350428,-0.368865,-0.01297,-0.619223,-0.138738,-0.507304,0.460716,-0.153617,0.029435,-0.25861,0.0,0.25861,-0.517209,0.172369,0.000022,0.172369,0.0,
-0.006107,-0.949389,0.182463,0.0,0.0,0.0,-0.227207,0.002365,0.871469,0.0,0.0,0.0,0.088469,0.014996,-0.094884,0.352266,-0.367645,-0.012735,-0.617677,-0.138468,-0.505969,0.460518,-0.152888,0.029704,-0.258695,0.0,0.258695,-0.517368,0.172421,0.000029,0.172421,0.0,
-0.006335,-0.949387,0.183334,0.0,0.0,0.0,-0.227207,0.002441,0.871488,0.0,0.0,0.0,0.088562,0.014691,-0.095037,0.354104,-0.366425,-0.012501,-0.616131,-0.138198,-0.504635,0.460321,-0.152159,0.029973,-0.25878,0.0,0.25878,-0.517527,0.172472,0.000037,0.172472,0.0,
-0.006562,-0.949385,0.184206,0.0,0.0,0.0,-0.227207,0.002441,0.871469,0.0,0.0,0.0,0.088654,0.014386,-0.095189,0.355941,-0.365205,-0.012266,-0.614585,-0.137929,-0.503301,0.460124,-0.15143,0.030242,-0.258865,0.0,0.258865,-0.517686,0.172524,0.000044,0.172524,0.0,
-0.006789,-0.949382,0.185077,0.0,0.0,0.0,-0.227207,0.002441,0.871469,0.0,0.0,0.0,0.088747,0.014082,-0.095341,0.357779,-0.363985,-0.012032,-0.613039,-0.137659,-0.501967,0.459926,-0.150701,0.030511,-0.25895,0.0,0.25895,-0.517845,0.172575,0.000051,0.172575,0.0,
-0.007016,-0.94938,0.185949,0.0,0.0,0.0,-0.227207,0.002441,0.871488,0.0,0.0,0.0,0.08884,0.013777,-0.095493,0.359617,-0.362764,-0.011798,-0.611492,-0.137389,-0.500632,0.459729,-0.149973,0.030781,-0.259035,0.0,0.259035,-0.518005,0.172627,0.000059,0.172627,0.0,
-0.007243,-0.949377,0.18682,0.0,0.0,0.0,-0.2272,0.002441,0.871431,0.0,0.0,0.0,0.088932,0.013472,-0.095645,0.361455,-0.361544,-0.011563,-0.609946,-0.137119,-0.499298,0.459531,-0.149244,0.03105,-0.25912,0.0,0.25912,-0.518164,0.172678,0.000066,0.172678,0.0,
-0.007471,-0.949375,0.187692,0.0,0.0,0.0,-0.227207,0.002441,0.871488,0.0,0.0,0.0,0.089025,0.013168,-0.095797,0.363293,-0.360324,-0.011329,-0.6084,-0.136849,-0.497964,0.459334,-0.148515,0.031319,-0.259204,0.0,0.259204,-0.518323,0.17273,0.000073,0.17273,0.0,
-0.007698,-0.949372,0.188563,0.0,0.0,0.0,-0.227207,0.002365,0.871469,0.0,0.0,0.0,0.089117,0.012863,-0.09595,0.365131,-0.359104,-0.011095,-0.606854,-0.13658,-0.496629,0.459136,-0.147786,0.031588,-0.259289,0.0,0.259289,-0.518482,0.172781,0.000081,0.172781,0.0,
-0.007925,-0.94937,0.189435,0.0,0.0,0.0,-0.227207,0.002441,0.871469,0.0,0.0,0.0,0.08921,0.012558,-0.096102,0.366969,-0.357884,-0.01086,-0.605308,-0.13631,-0.495295,0.458939,-0.147057,0.031857,-0.259374,0.0,0.259374,-0.518641,0.172833,0.000088,0.172833,0.0,
-0.008152,-0.949368,0.190306,0.0,0.0,0.0,-0.227207,0.002441,0.871488,0.0,0.0,0.0,0.089303,0.012254,-0.096254,0.368807,-0.356664,-0.010626,-0.603762,-0.13604,-0.493961,0.458742,-0.146328,0.032127,-0.259459,0.0,0.259459,-0.5188,0.172884,0.000095,0.172884,0.0,
-0.008379,-0.949365,0.191178,0.0,0.0,0.0,-0.227207,0.002441,0.871469,0.0,0.0,0.0,0.089395,0.011949,-0.096406,0.370645,-0.355444,-0.010391,-0.602215,-0.13577,-0.492626,0.458544,-0.1456,0.032396,-0.259544,0.0,0.259544,-0.518959,0.172935,0.000103,0.172935,0.0,
-0.008607,-0.949363,0.192049,0.0,0.0,0.0,-0.227207,0.002441,0.871469,0.0,0.0,0.0,0.089488,0.011645,-0.096558,0.372482,-0.354224,-0.010157,-0.600669,-0.1355,-0.491292,0.458347,-0.144871,0.032665,-0.259629,0.0,0.259629,-0.519119,0.172987,0.00011,0.172987,0.0,
-0.008834,-0.94936,0.192921,0.0,0.0,0.0,-0.227207,0.002441,0.871488,0.0,0.0,0.0,0.089581,0.01134,-0.09671,0.374321,-0.353004,-0.009923,-0.599123,-0.13523,-0.489958,0.458149,-0.144142,0.032934,-0.259714,0.0,0.259714,-0.519278,0.173038,0.000117,0.173038,0.0,
-0.009061,-0.949358,0.193792,0.0,0.0,0.0,-0.2272,0.002441,0.871431,0.0,0.0,0.0,0.089673,0.011035,-0.096863,0.376158,-0.351784,-0.009688,-0.597577,-0.134961,-0.488623,0.457952,-0.143413,0.033203,-0.259799,0.0,0.259799,-0.519437,0.17309,0.000125,0.17309,0.0,
-0.009288,-0.949355,0.194663,0.0,0.0,0.0,-0.227207,0.002365,0.871488,0.0,0.0,0.0,0.089766,0.010731,-0.097015,0.377996,-0.350563,-0.009454,-0.596031,-0.134691,-0.487289,0.457755,-0.142684,0.033473,-0.259884,0.0,0.259884,-0.519596,0.173141,0.000132,0.173141,0.0,
-0.009515,-0.949353,0.195535,0.0,0.0,0.0,-0.227207,0.002441,0.871469,0.0,0.0,0.0,0.089858,0.010426,-0.097167,0.379834,-0.349343,-0.00922,-0.594485,-0.134421,-0.485955,0.457557,-0.141955,0.033742,-0.259969,0.0,0.259969,-0.519755,0.173193,0.000139,0.173193,0.0,
-0.009743,-0.949351,0.196406,0.0,0.0,0.0,-0.227207,0.002441,0.871469,0.0,0.0,0.0,0.089951,0.010121,-0.097319,0.381672,-0.348123,-0.008985,-0.592938,-0.134151,-0.48462,0.45736,-0.141227,0.034011,-0.260054,0.0,0.260054,-0.519914,0.173244,0.000146,0.173244,0.0,
-0.00997,-0.949348,0.197278,0.0,0.0,0.0,-0.227207,0.002441,0.871488,0.0,0.0,0.0,0.090044,0.009817,-0.097471,0.38351,-0.346903,-0.008751,-0.591392,-0.133881,-0.483286,0.457162,-0.140498,0.03428,-0.260139,0.0,0.260139,-0.520073,0.173296,0.000154,0.173296,0.0,
-0.010197,-0.949346,0.198149,0.0,0.0,0.0,-0.227207,0.002441,0.871469,0.0,0.0,0.0,0.090136,0.009512,-0.097623,0.385348,-0.345683,-0.008516,-0.589846,-0.133612,-0.481952,0.456965,-0.139769,0.034549,-0.260224,0.0,0.260224,-0.520233,0.173347,0.000161,0.173347,0.0,
-0.010424,-0.949343,0.199021,0.0,0.0,0.0,-0.227206,0.002441,0.871469,0.0,0.0,0.0,0.090229,0.009207,-0.097775,0.387186,-0.344463,-0.008282,-0.5883,-0.133342,-0.480617,0.456768,-0.13904,0.034819,-0.260309,0.0,0.260309,-0.520392,0.173399,0.000168,0.173399,0.0,
-0.010651,-0.949341,0.199892,0.0,0.0,0.0,-0.227207,0.002441,0.871488,0.0,0.0,0.0,0.090322,0.008903,-0.097928,0.389024,-0.343243,-0.008048,-0.586754,-0.133072,-0.479283,0.45657,-0.138311,0.035088,-0.260394,0.0,0.260394,-0.520551,0.17345,0.000176,0.17345,0.0,
-0.010879,-0.949338,0.200764,0.0,0.0,0.0,-0.2272,0.002365,0.871431,0.0,0.0,0.0,0.090414,0.008598,-0.09808,0.390862,-0.342023,-0.007813,-0.585208,-0.132802,-0.477949,0.456373,-0.137582,0.035357,-0.260479,0.0,0.260479,-0.52071,0.173502,0.000183,0.173502,0.0,
-0.011106,-0.949336,0.201635,0.0,0.0,0.0,-0.227206,0.002441,0.871488,0.0,0.0,0.0,0.090507,0.008293,-0.098232,0.3927,-0.340803,-0.007579,-0.583661,-0.132532,-0.476614,0.456175,-0.136854,0.035626,-0.260564,0.0,0.260564,-0.520869,0.173553,0.00019,0.173553,0.0,
-0.011333,-0.949333,0.202507,0.0,0.0,0.0,-0.227207,0.002441,0.871469,0.0,0.0,0.0,0.0906,0.007989,-0.098384,0.394538,-0.339582,-0.007344,-0.582115,-0.132262,-0.47528,0.455978,-0.136125,0.035895,-0.260649,0.0,0.260649,-0.521028,0.173604,0.000198,0.173604,0.0,
-0.01156,-0.949331,0.203378,0.0,0.0,0.0,-0.227207,0.002441,0.871469,0.0,0.0,0.0,0.090692,0.007684,-0.098536,0.396375,-0.338362,-0.00711,-0.580569,-0.131993,-0.473946,0.45578,-0.135396,0.036165,-0.260734,0.0,0.260734,-0.521188,0.173656,0.000205,0.173656,0.0,
-0.011787,-0.949329,0.20425,0.0,0.0,0.0,-0.227207,0.002441,0.871488,0.0,0.0,0.0,0.090785,0.007379,-0.098688,0.398213,-0.337142,-0.006876,-0.579023,-0.131723,-0.472611,0.455583,-0.134667,0.036434,-0.260818,0.0,0.260818,-0.521347,0.173707,0.000212,0.173707,0.0,
-0.012015,-0.949326,0.205121,0.0,0.0,0.0,-0.227206,0.002441,0.871469,0.0,0.0,0.0,0.090877,0.007075,-0.098841,0.400051,-0.335922,-0.006641,-0.577477,-0.131453,-0.471277,0.455386,-0.133938,0.036703,-0.260903,0.0,0.260903,-0.521506,0.173759,0.00022,0.173759,0.0,
-0.012242,-0.949324,0.205993,0.0,0.0,0.0,-0.227207,0.002441,0.871469,0.0,0.0,0.0,0.09097,0.00677,-0.098993,0.401889,-0.334702,-0.006407,-0.575931,-0.131183,-0.469943,0.455188,-0.13321,0.036972,-0.260988,0.0,0.260988,-0.521665,0.17381,0.000227,0.17381,0.0,
-0.012469,-0.949321,0.206864,0.0,0.0,0.0,-0.227207,0.002365,0.871488,0.0,0.0,0.0,0.091063,0.006466,-0.099145,0.403726,-0.333482,-0.006173,-0.574385,-0.130913,-0.468609,0.454991,-0.132481,0.037242,-0.261073,0.0,0.261073,-0.521824,0.173862,0.000234,0.173862,0.0,
-0.012696,-0.949319,0.207736,0.0,0.0,0.0,-0.2272,0.002441,0.87145,0.0,0.0,0.0,0.091155,0.006161,-0.099297,0.405564,-0.332262,-0.005938,-0.572839,-0.130643,-0.467275,0.454793,-0.131752,0.037511,-0.261158,0.0,0.261158,-0.521983,0.173913,0.000242,0.173913,-0.0,
-0.012908,-0.949389,0.208621,0.0,0.0,0.0,-0.211307,-0.069885,0.885564,0.0,0.0,0.0,0.090554,0.005835,-0.09888,0.408167,-0.330474,-0.005756,-0.570912,-0.130269,-0.465638,0.454132,-0.130969,0.037765,-0.260932,-0.000052,0.260932,-0.521402,0.173675,0.00035,0.173675,-0.00004,
-0.013111,-0.949495,0.209514,0.0,0.0,0.0,-0.203282,-0.10643,0.892717,0.0,0.0,0.0,0.089603,0.005499,-0.098177,0.411157,-0.328399,-0.0056,-0.568792,-0.129843,-0.463849,0.453237,-0.130158,0.038013,-0.260548,-0.000131,0.260548,-0.520447,0.173291,0.000509,0.173291,-0.000101,
-0.013314,-0.949602,0.210406,0.0,0.0,0.0,-0.203282,-0.10643,0.892698,0.0,0.0,0.0,0.088651,0.005162,-0.097473,0.414147,-0.326323,-0.005445,-0.566672,-0.129416,-0.462059,0.452342,-0.129347,0.03826,-0.260164,-0.00021,0.260164,-0.519492,0.172907,0.000669,0.172907,-0.000161,
-0.013517,-0.949708,0.211299,0.0,0.0,0.0,-0.203283,-0.10643,0.892698,0.0,0.0,0.0,0.0877,0.004826,-0.096769,0.417138,-0.324248,-0.005289,-0.564552,-0.128989,-0.46027,0.451447,-0.128536,0.038507,-0.25978,-0.000289,0.25978,-0.518537,0.172523,0.000828,0.172523,-0.000221,
-0.013721,-0.949815,0.212192,0.0,0.0,0.0,-0.203282,-0.10643,0.892717,0.0,0.0,0.0,0.086748,0.004489,-0.096065,0.420128,-0.322172,-0.005134,-0.562432,-0.128562,-0.458481,0.450552,-0.127726,0.038754,-0.259396,-0.000367,0.259396,-0.517581,0.172139,0.000987,0.172139,-0.000282,
-0.013924,-0.949921,0.213085,0.0,0.0,0.0,-0.203282,-0.10643,0.892698,0.0,0.0,0.0,0.085797,0.004153,-0.095361,0.423119,-0.320097,-0.004978,-0.560311,-0.128135,-0.456691,0.449657,-0.126915,0.039002,-0.259012,-0.000446,0.259012,-0.516626,0.171755,0.001147,0.171755,-0.000342,
-0.014127,-0.950027,0.213977,0.0,0.0,0.0,-0.203282,-0.10643,0.892698,0.0,0.0,0.0,0.084845,0.003817,-0.094657,0.42611,-0.318021,-0.004822,-0.558191,-0.127708,-0.454902,0.448762,-0.126104,0.039249,-0.258628,-0.000525,0.258628,-0.515671,0.171371,0.001306,0.171371,-0.000403,
-0.014331,-0.950134,0.21487,0.0,0.0,0.0,-0.203276,-0.10643,0.892679,0.0,0.0,0.0,0.083894,0.00348,-0.093954,0.429101,-0.315945,-0.004667,-0.556071,-0.127282,-0.453112,0.447868,-0.125293,0.039496,-0.258244,-0.000603,0.258244,-0.514716,0.170987,0.001465,0.170987,-0.000463,
-0.014534,-0.95024,0.215763,0.0,0.0,0.0,-0.203282,-0.10643,0.892698,0.0,0.0,0.0,0.082942,0.003144,-0.09325,0.432092,-0.31387,-0.004511,-0.55395,-0.126855,-0.451323,0.446972,-0.124483,0.039743,-0.25786,-0.000682,0.25786,-0.513761,0.170603,0.001624,0.170603,-0.000524,
-0.014737,-0.950347,0.216655,0.0,0.0,0.0,-0.203283,-0.10643,0.892698,0.0,0.0,0.0,0.08199,0.002807,-0.092546,0.435083,-0.311794,-0.004355,-0.55183,-0.126428,-0.449533,0.446078,-0.123672,0.039991,-0.257476,-0.000761,0.257476,-0.512806,0.170219,0.001784,0.170219,-0.000584,
-0.01494,-0.950453,0.217548,0.0,0.0,0.0,-0.203282,-0.10643,0.892717,0.0,0.0,0.0,0.081039,0.002471,-0.091842,0.438074,-0.309718,-0.0042,-0.54971,-0.126001,-0.447744,0.445183,-0.122861,0.040238,-0.257092,-0.00084,0.257092,-0.511851,0.169835,0.001943,0.169835,-0.000644,
-0.015144,-0.95056,0.218441,0.0,0.0,0.0,-0.203282,-0.10643,0.892698,0.0,0.0,0.0,0.080087,0.002134,-0.091138,0.441066,-0.307643,-0.004044,-0.547589,-0.125574,-0.445954,0.444288,-0.12205,0.040485,-0.256708,-0.000918,0.256708,-0.510896,0.169451,0.002102,0.169451,-0.000705,
-0.015347,-0.950666,0.219333,0.0,0.0,0.0,-0.203282,-0.106354,0.892698,0.0,0.0,0.0,0.079136,0.001798,-0.090435,0.444057,-0.305567,-0.003888,-0.545469,-0.125148,-0.444165,0.443393,-0.12124,0.040732,-0.256324,-0.000997,0.256324,-0.50994,0.169067,0.002262,0.169067,-0.000765,
-0.01555,-0.950772,0.220226,0.0,0.0,0.0,-0.203282,-0.10643,0.892717,0.0,0.0,0.0,0.078184,0.001461,-0.089731,0.447049,-0.303491,-0.003733,-0.543348,-0.124721,-0.442375,0.442498,-0.120429,0.04098,-0.25594,-0.001076,0.25594,-0.508985,0.168683,0.002421,0.168683,-0.000826,
-0.015754,-0.950879,0.221119,0.0,0.0,0.0,-0.203283,-0.10643,0.892698,0.0,0.0,0.0,0.077233,0.001125,-0.089027,0.45004,-0.301415,-0.003577,-0.541228,-0.124294,-0.440585,0.441603,-0.119618,0.041227,-0.255556,-0.001155,0.255556,-0.50803,0.168299,0.00258,0.168299,-0.000886,
-0.015957,-0.950985,0.222012,0.0,0.0,0.0,-0.203276,-0.10643,0.892679,0.0,0.0,0.0,0.076281,0.000788,-0.088323,0.453032,-0.299339,-0.003421,-0.539107,-0.123867,-0.438796,0.440708,-0.118807,0.041474,-0.255172,-0.001233,0.255172,-0.507075,0.167915,0.00274,0.167915,-0.000947,
-0.01616,-0.951092,0.222904,0.0,0.0,0.0,-0.203282,-0.10643,0.892698,0.0,0.0,0.0,0.07533,0.000452,-0.087619,0.456023,-0.297263,-0.003266,-0.536987,-0.12344,-0.437006,0.439812,-0.117997,0.041721,-0.254788,-0.001312,0.254788,-0.50612,0.167531,0.002899,0.167531,-0.001007,
-0.016363,-0.951198,0.223797,0.0,0.0,0.0,-0.203282,-0.10643,0.892698,0.0,0.0,0.0,0.074378,0.000116,-0.086915,0.459015,-0.295188,-0.00311,-0.534866,-0.123014,-0.435217,0.438918,-0.117186,0.041969,-0.254404,-0.001391,0.254404,-0.505165,0.167147,0.003058,0.167147,-0.001067,
-0.016567,-0.951304,0.22469,0.0,0.0,0.0,-0.203282,-0.10643,0.892698,0.0,0.0,0.0,0.073427,-0.000221,-0.086212,0.462007,-0.293112,-0.002955,-0.532746,-0.122587,-0.433427,0.438022,-0.116375,0.042216,-0.25402,-0.00147,0.25402,-0.50421,0.166762,0.003218,0.166762,-0.001128,
-0.01677,-0.951411,0.225582,0.0,0.0,0.0,-0.203282,-0.10643,0.892717,0.0,0.0,0.0,0.072475,-0.000557,-0.085508,0.464998,-0.291036,-0.002799,-0.530625,-0.12216,-0.431637,0.437127,-0.115564,0.042463,-0.253636,-0.001548,0.253636,-0.503254,0.166378,0.003377,0.166378,-0.001188,
-0.016973,-0.951517,0.226475,0.0,0.0,0.0,-0.203283,-0.10643,0.892698,0.0,0.0,0.0,0.071524,-0.000894,-0.084804,0.46799,-0.28896,-0.002643,-0.528505,-0.121733,-0.429848,0.436232,-0.114753,0.04271,-0.253252,-0.001627,0.253252,-0.502299,0.165994,0.003536,0.165994,-0.001249,
-0.017177,-0.951624,0.227368,0.0,0.0,0.0,-0.203282,-0.10643,0.892698,0.0,0.0,0.0,0.070572,-0.00123,-0.0841,0.470981,-0.286884,-0.002488,-0.526384,-0.121306,-0.428058,0.435337,-0.113943,0.042958,-0.252868,-0.001706,0.252868,-0.501344,0.16561,0.003695,0.16561,-0.001309,
-0.01738,-0.95173,0.22826,0.0,0.0,0.0,-0.203282,-0.10643,0.892717,0.0,0.0,0.0,0.069621,-0.001567,-0.083396,0.473973,-0.284809,-0.002332,-0.524264,-0.120879,-0.426269,0.434442,-0.113132,0.043205,-0.252484,-0.001785,0.252484,-0.500389,0.165226,0.003855,0.165226,-0.00137,
-0.017583,-0.951837,0.229153,0.0,0.0,0.0,-0.203276,-0.10643,0.89266,0.0,0.0,0.0,0.068669,-0.001903,-0.082693,0.476964,-0.282733,-0.002176,-0.522143,-0.120453,-0.424479,0.433547,-0.112321,0.043452,-0.2521,-0.001863,0.2521,-0.499434,0.164842,0.004014,0.164842,-0.00143,
-0.017786,-0.951943,0.230046,0.0,0.0,0.0,-0.203282,-0.10643,0.892717,0.0,0.0,0.0,0.067718,-0.00224,-0.081989,0.479955,-0.280657,-0.002021,-0.520023,-0.120026,-0.42269,0.432652,-0.11151,0.043699,-0.251716,-0.001942,0.251716,-0.498479,0.164458,0.004173,0.164458,-0.00149,
-0.01799,-0.952049,0.230939,0.0,0.0,0.0,-0.203282,-0.10643,0.892698,0.0,0.0,0.0,0.066766,-0.002576,-0.081285,0.482946,-0.278581,-0.001865,-0.517902,-0.119599,-0.4209,0.431757,-0.1107,0.043947,-0.251332,-0.002021,0.251332,-0.497524,0.164074,0.004333,0.164074,-0.001551,
-0.018193,-0.952156,0.231831,0.0,0.0,0.0,-0.203283,-0.10643,0.892698,0.0,0.0,0.0,0.065815,-0.002912,-0.080581,0.485937,-0.276506,-0.001709,-0.515782,-0.119172,-0.419111,0.430863,-0.109889,0.044194,-0.250948,-0.002099,0.250948,-0.496568,0.16369,0.004492,0.16369,-0.001611,
-0.018396,-0.952262,0.232724,0.0,0.0,0.0,-0.203282,-0.10643,0.892698,0.0,0.0,0.0,0.064863,-0.003249,-0.079877,0.488928,-0.27443,-0.001554,-0.513662,-0.118745,-0.417321,0.429967,-0.109078,0.044441,-0.250564,-0.002178,0.250564,-0.495613,0.163306,0.004651,0.163306,-0.001672,
-0.018599,-0.952369,0.233617,0.0,0.0,0.0,-0.203282,-0.10643,0.892717,0.0,0.0,0.0,0.063912,-0.003585,-0.079173,0.491919,-0.272355,-0.001398,-0.511542,-0.118319,-0.415532,0.429072,-0.108267,0.044688,-0.25018,-0.002257,0.25018,-0.494658,0.162922,0.004811,0.162922,-0.001732,
-0.018803,-0.952475,0.234509,0.0,0.0,0.0,-0.203282,-0.10643,0.892698,0.0,0.0,0.0,0.06296,-0.003922,-0.07847,0.494909,-0.270279,-0.001242,-0.509422,-0.117892,-0.413742,0.428178,-0.107457,0.044936,-0.249796,-0.002336,0.249796,-0.493703,0.162538,0.00497,0.162538,-0.001793,
-0.019006,-0.952582,0.235402,0.0,0.0,0.0,-0.203283,-0.10643,0.892698,0.0,0.0,0.0,0.062009,-0.004258,-0.077766,0.4979,-0.268204,-0.001087,-0.507301,-0.117465,-0.411953,0.427283,-0.106646,0.045183,-0.249412,-0.002414,0.249412,-0.492748,0.162154,0.005129,0.162154,-0.001853,
-0.019209,-0.952688,0.236295,0.0,0.0,0.0,-0.203275,-0.10643,0.892679,0.0,0.0,0.0,0.061057,-0.004595,-0.077062,0.50089,-0.266128,-0.000931,-0.505181,-0.117038,-0.410164,0.426388,-0.105835,0.04543,-0.249028,-0.002493,0.249028,-0.491793,0.16177,0.005288,0.16177,-0.001913,
-0.019413,-0.952794,0.237187,0.0,0.0,0.0,-0.203283,-0.106354,0.892698,0.0,0.0,0.0,0.060106,-0.004931,-0.076358,0.50388,-0.264053,-0.000776,-0.503062,-0.116611,-0.408375,0.425493,-0.105024,0.045677,-0.248644,-0.002572,0.248644,-0.490838,0.161386,0.005448,0.161386,-0.001974,
-0.019602,-0.952933,0.238091,0.0,0.0,0.0,-0.189768,-0.138092,0.903474,0.0,0.0,0.0,0.05839,-0.005249,-0.075005,0.507524,-0.262142,-0.000649,-0.500774,-0.116161,-0.406452,0.424425,-0.104558,0.045914,-0.248086,-0.00268,0.248086,-0.489495,0.160828,0.005658,0.160828,-0.002094,
-0.019765,-0.953135,0.239016,0.0,0.0,0.0,-0.162429,-0.202027,0.925295,0.0,0.0,0.0,0.055129,-0.005531,-0.07234,0.512494,-0.260561,-0.000581,-0.498149,-0.115665,-0.40426,0.423006,-0.104787,0.046128,-0.247175,-0.002846,0.247175,-0.487368,0.159917,0.005971,0.159917,-0.002333,
-0.019927,-0.953337,0.239941,0.0,0.0,0.0,-0.16243,-0.202027,0.925275,0.0,0.0,0.0,0.051868,-0.005812,-0.069673,0.517464,-0.258981,-0.000513,-0.495523,-0.115168,-0.402067,0.421588,-0.105016,0.046342,-0.246265,-0.003013,0.246265,-0.48524,0.159006,0.006284,0.159006,-0.002573,
-0.02009,-0.953539,0.240867,0.0,0.0,0.0,-0.16243,-0.202027,0.925275,0.0,0.0,0.0,0.048606,-0.006094,-0.067007,0.522436,-0.257401,-0.000446,-0.492897,-0.114671,-0.399874,0.42017,-0.105245,0.046557,-0.245354,-0.00318,0.245354,-0.483113,0.158096,0.006597,0.158096,-0.002813,
-0.020252,-0.953741,0.241792,0.0,0.0,0.0,-0.16243,-0.202027,0.925275,0.0,0.0,0.0,0.045344,-0.006375,-0.064341,0.527408,-0.255821,-0.000378,-0.490271,-0.114175,-0.397682,0.418752,-0.105475,0.046771,-0.244443,-0.003346,0.244443,-0.480985,0.157185,0.00691,0.157185,-0.003053,
-0.020415,-0.953943,0.242717,0.0,0.0,0.0,-0.16243,-0.202027,0.925275,0.0,0.0,0.0,0.042082,-0.006657,-0.061675,0.532381,-0.254241,-0.00031,-0.487644,-0.113678,-0.395489,0.417334,-0.105704,0.046985,-0.243532,-0.003513,0.243532,-0.478858,0.156274,0.007224,0.156274,-0.003293,
-0.020577,-0.954145,0.243643,0.0,0.0,0.0,-0.162425,-0.202027,0.925237,0.0,0.0,0.0,0.03882,-0.006938,-0.059008,0.537354,-0.25266,-0.000242,-0.485018,-0.113181,-0.393296,0.415915,-0.105933,0.0472,-0.242622,-0.003679,0.242622,-0.47673,0.155364,0.007537,0.155364,-0.003533,
-0.020739,-0.954347,0.244568,0.0,0.0,0.0,-0.16243,-0.202027,0.925275,0.0,0.0,0.0,0.035557,-0.00722,-0.056342,0.542328,-0.25108,-0.000175,-0.482392,-0.112685,-0.391103,0.414497,-0.106162,0.047414,-0.241711,-0.003846,0.241711,-0.474603,0.154453,0.00785,0.154453,-0.003773,
-0.020902,-0.954549,0.245493,0.0,0.0,0.0,-0.16243,-0.202027,0.925275,0.0,0.0,0.0,0.032295,-0.007501,-0.053675,0.547303,-0.2495,-0.000107,-0.479765,-0.112188,-0.388911,0.413079,-0.106391,0.047628,-0.2408,-0.004013,0.2408,-0.472475,0.153543,0.008163,0.153543,-0.004013,
-0.021064,-0.954751,0.246418,0.0,0.0,0.0,-0.162435,-0.202027,0.925314,0.0,0.0,0.0,0.029032,-0.007783,-0.051008,0.552279,-0.247919,-0.000039,-0.477138,-0.111692,-0.386718,0.41166,-0.106621,0.047842,-0.239889,-0.004179,0.239889,-0.470347,0.152632,0.008476,0.152632,-0.004252,
-0.021227,-0.954953,0.247344,0.0,0.0,0.0,-0.16243,-0.202027,0.925275,0.0,0.0,0.0,0.025769,-0.008064,-0.048341,0.557254,-0.246339,0.000029,-0.474512,-0.111195,-0.384525,0.410242,-0.10685,0.048057,-0.238979,-0.004346,0.238979,-0.468219,0.151721,0.008789,0.151721,-0.004492,
-0.021389,-0.955155,0.248269,0.0,0.0,0.0,-0.16243,-0.202027,0.925275,0.0,0.0,0.0,0.022506,-0.008346,-0.045674,0.562231,-0.244758,0.000096,-0.471885,-0.110698,-0.382331,0.408824,-0.107079,0.048271,-0.238068,-0.004513,0.238068,-0.466091,0.15081,0.009102,0.15081,-0.004732,
-0.021552,-0.955357,0.249194,0.0,0.0,0.0,-0.16243,-0.202027,0.925275,0.0,0.0,0.0,0.019243,-0.008627,-0.043007,0.567207,-0.243178,0.000164,-0.469258,-0.110201,-0.380138,0.407405,-0.107308,0.048485,-0.237157,-0.004679,0.237157,-0.463964,0.1499,0.009415,0.1499,-0.004972,
-0.021714,-0.955559,0.250119,0.0,0.0,0.0,-0.162423,-0.202027,0.925237,0.0,0.0,0.0,0.01598,-0.008909,-0.040341,0.572184,-0.241598,0.000232,-0.466631,-0.109705,-0.377945,0.405987,-0.107538,0.0487,-0.236246,-0.004846,0.236246,-0.461836,0.148989,0.009729,0.148989,-0.005212,
-0.021876,-0.955761,0.251045,0.0,0.0,0.0,-0.16243,-0.202027,0.925275,0.0,0.0,0.0,0.012717,-0.00919,-0.037673,0.577161,-0.240017,0.0003,-0.464005,-0.109208,-0.375752,0.404569,-0.107767,0.048914,-0.235336,-0.005013,0.235336,-0.459708,0.148078,0.010042,0.148078,-0.005452,
-0.022039,-0.955963,0.25197,0.0,0.0,0.0,-0.16243,-0.202027,0.925295,0.0,0.0,0.0,0.009453,-0.009472,-0.035006,0.582138,-0.238437,0.000367,-0.461378,-0.108711,-0.373559,0.403151,-0.107996,0.049128,-0.234425,-0.005179,0.234425,-0.45758,0.147168,0.010355,0.147168,-0.005692,
-0.022201,-0.956165,0.252895,0.0,0.0,0.0,-0.16243,-0.202027,0.925275,0.0,0.0,0.0,0.00619,-0.009753,-0.032339,0.587115,-0.236857,0.000435,-0.458751,-0.108215,-0.371366,0.401732,-0.108225,0.049343,-0.233514,-0.005346,0.233514,-0.455452,0.146257,0.010668,0.146257,-0.005932,
-0.022364,-0.956367,0.253821,0.0,0.0,0.0,-0.16243,-0.202027,0.925275,0.0,0.0,0.0,0.002927,-0.010035,-0.029672,0.592092,-0.235276,0.000503,-0.456124,-0.107718,-0.369173,0.400314,-0.108454,0.049557,-0.232603,-0.005512,0.232603,-0.453324,0.145346,0.010981,0.145346,-0.006171,
-0.022526,-0.956569,0.254746,0.0,0.0,0.0,-0.16243,-0.202027,0.925275,0.0,0.0,0.0,-0.000337,-0.010316,-0.027005,0.59707,-0.233696,0.000571,-0.453497,-0.107222,-0.36698,0.398895,-0.108684,0.049771,-0.231692,-0.005679,0.231692,-0.451196,0.144436,0.011294,0.144436,-0.006411,
-0.022689,-0.956771,0.255671,0.0,0.0,0.0,-0.16243,-0.202027,0.925275,0.0,0.0,0.0,-0.0036,-0.010597,-0.024338,0.602047,-0.232115,0.000638,-0.45087,-0.106725,-0.364787,0.397477,-0.108913,0.049985,-0.230782,-0.005846,0.230782,-0.449069,0.143525,0.011607,0.143525,-0.006651,
-0.022851,-0.956973,0.256596,0.0,0.0,0.0,-0.16243,-0.202027,0.925275,0.0,0.0,0.0,-0.006863,-0.010879,-0.021671,0.607024,-0.230535,0.000706,-0.448243,-0.106228,-0.362594,0.396059,-0.109142,0.0502,-0.229871,-0.006012,0.229871,-0.446941,0.142614,0.01192,0.142614,-0.006891,
-0.023013,-0.957175,0.257522,0.0,0.0,0.0,-0.162425,-0.202027,0.925237,0.0,0.0,0.0,-0.010126,-0.01116,-0.019004,0.612,-0.228955,0.000774,-0.445617,-0.105732,-0.360401,0.39464,-0.109371,0.050414,-0.22896,-0.006179,0.22896,-0.444813,0.141704,0.012234,0.141704,-0.007131,
-0.023176,-0.957377,0.258447,0.0,0.0,0.0,-0.16243,-0.202027,0.925275,0.0,0.0,0.0,-0.013389,-0.011442,-0.016337,0.616977,-0.227374,0.000842,-0.44299,-0.105235,-0.358208,0.393222,-0.109601,0.050628,-0.228049,-0.006346,0.228049,-0.442685,0.140793,0.012547,0.140793,-0.007371,
-0.023338,-0.957579,0.259372,0.0,0.0,0.0,-0.16243,-0.202027,0.925275,0.0,0.0,0.0,-0.016652,-0.011723,-0.013671,0.621953,-0.225794,0.000909,-0.440363,-0.104738,-0.356015,0.391804,-0.10983,0.050843,-0.227139,-0.006512,0.227139,-0.440557,0.139883,0.01286,0.139883,-0.007611,
-0.023501,-0.957781,0.260297,0.0,0.0,0.0,-0.162428,-0.202027,0.925275,0.0,0.0,0.0,-0.019915,-0.012005,-0.011004,0.626928,-0.224214,0.000977,-0.437736,-0.104242,-0.353822,0.390386,-0.110059,0.051057,-0.226228,-0.006679,0.226228,-0.43843,0.138972,0.013173,0.138972,-0.007851,
-0.023663,-0.957983,0.261223,0.0,0.0,0.0,-0.16243,-0.202027,0.925275,0.0,0.0,0.0,-0.023178,-0.012286,-0.008337,0.631903,-0.222633,0.001045,-0.43511,-0.103745,-0.351629,0.388967,-0.110288,0.051271,-0.225317,-0.006845,0.225317,-0.436302,0.138061,0.013486,0.138061,-0.00809,
-0.023826,-0.958185,0.262148,0.0,0.0,0.0,-0.16243,-0.202027,0.925275,0.0,0.0,0.0,-0.02644,-0.012568,-0.00567,0.636878,-0.221053,0.001113,-0.432483,-0.103248,-0.349436,0.387549,-0.110517,0.051486,-0.224406,-0.007012,0.224406,-0.434174,0.137151,0.013799,0.137151,-0.00833,
-0.023988,-0.958387,0.263073,0.0,0.0,0.0,-0.16243,-0.202027,0.925275,0.0,0.0,0.0,-0.029703,-0.012849,-0.003004,0.641852,-0.219473,0.00118,-0.429857,-0.102752,-0.347243,0.386131,-0.110747,0.0517,-0.223496,-0.007179,0.223496,-0.432046,0.13624,0.014112,0.13624,-0.00857,
-0.02415,-0.958589,0.263999,0.0,0.0,0.0,-0.16243,-0.202027,0.925275,0.0,0.0,0.0,-0.032965,-0.013131,-0.000337,0.646825,-0.217892,0.001248,-0.427231,-0.102255,-0.34505,0.384712,-0.110976,0.051914,-0.222585,-0.007345,0.222585,-0.429919,0.135329,0.014425,0.135329,-0.00881,
-0.024313,-0.958791,0.264924,0.0,0.0,0.0,-0.162425,-0.202027,0.925256,0.0,0.0,0.0,-0.036227,-0.013412,0.002329,0.651798,-0.216312,0.001316,-0.424604,-0.101758,-0.342858,0.383294,-0.111205,0.052128,-0.221674,-0.007512,0.221674,-0.427791,0.134419,0.014738,0.134419,-0.00905,
-0.024475,-0.958993,0.265849,0.0,0.0,0.0,-0.16243,-0.202027,0.925275,0.0,0.0,0.0,-0.039489,-0.013694,0.004995,0.65677,-0.214732,0.001384,-0.421978,-0.101262,-0.340665,0.381876,-0.111434,0.052343,-0.220763,-0.007679,0.220763,-0.425664,0.133508,0.015052,0.133508,-0.00929,
-0.024638,-0.959195,0.266774,0.0,0.0,0.0,-0.16243,-0.202027,0.925275,0.0,0.0,0.0,-0.04275,-0.013975,0.007661,0.661741,-0.213152,0.001451,-0.419352,-0.100765,-0.338472,0.380458,-0.111664,0.052557,-0.219853,-0.007845,0.219853,-0.423537,0.132597,0.015365,0.132597,-0.00953,
-0.0248,-0.959397,0.2677,0.0,0.0,0.0,-0.16243,-0.202027,0.925275,0.0,0.0,0.0,-0.046012,-0.014257,0.010327,0.666711,-0.211571,0.001519,-0.416727,-0.100268,-0.33628,0.37904,-0.111893,0.052771,-0.218942,-0.008012,0.218942,-0.421409,0.131687,0.015678,0.131687,-0.00977,
-0.024963,-0.959599,0.268625,0.0,0.0,0.0,-0.16243,-0.202027,0.925275,0.0,0.0,0.0,-0.049273,-0.014538,0.012993,0.67168,-0.209991,0.001587,-0.414101,-0.099772,-0.334088,0.377621,-0.112122,0.052986,-0.218031,-0.008178,0.218031,-0.419282,0.130776,0.015991,0.130776,-0.010009,
-0.025051,-0.959752,0.269356,0.0,0.0,0.0,-0.088084,-0.152207,0.730745,0.0,0.0,0.0,-0.054908,-0.014279,0.017812,0.677311,-0.209473,0.001633,-0.411808,-0.09939,-0.332181,0.376245,-0.112276,0.0531,-0.217085,-0.00834,0.217085,-0.417232,0.12983,0.016244,0.12983,-0.010368,
-0.025138,-0.959904,0.270086,0.0,0.0,0.0,-0.087865,-0.152054,0.730153,0.0,0.0,0.0,-0.060551,-0.014018,0.022638,0.682944,-0.208958,0.001678,-0.409515,-0.099009,-0.330275,0.374868,-0.11243,0.053213,-0.216139,-0.008501,0.216139,-0.415182,0.128883,0.016497,0.128883,-0.010727,
-0.025226,-0.960056,0.270816,0.0,0.0,0.0,-0.087867,-0.15213,0.730172,0.0,0.0,0.0,-0.066196,-0.013757,0.027464,0.688579,-0.208442,0.001724,-0.407223,-0.098628,-0.328369,0.373492,-0.112584,0.053327,-0.215193,-0.008662,0.215193,-0.413132,0.127937,0.016749,0.127937,-0.011086,
-0.025314,-0.960208,0.271546,0.0,0.0,0.0,-0.087862,-0.152054,0.730134,0.0,0.0,0.0,-0.071842,-0.013497,0.032291,0.694215,-0.207927,0.00177,-0.40493,-0.098246,-0.326464,0.372115,-0.112738,0.05344,-0.214247,-0.008823,0.214247,-0.411081,0.126991,0.017002,0.126991,-0.011445,
-0.025402,-0.96036,0.272276,0.0,0.0,0.0,-0.087865,-0.152054,0.730172,0.0,0.0,0.0,-0.077489,-0.013236,0.03712,0.699853,-0.207412,0.001816,-0.402638,-0.097865,-0.324558,0.370739,-0.112893,0.053554,-0.213301,-0.008984,0.213301,-0.409031,0.126044,0.017255,0.126044,-0.011804,
-0.02549,-0.960512,0.273006,0.0,0.0,0.0,-0.087867,-0.152054,0.730153,0.0,0.0,0.0,-0.083137,-0.012975,0.041948,0.705491,-0.206896,0.001861,-0.400345,-0.097483,-0.322652,0.369362,-0.113047,0.053667,-0.212355,-0.009145,0.212355,-0.406981,0.125098,0.017507,0.125098,-0.012162,
-0.025578,-0.960664,0.273737,0.0,0.0,0.0,-0.087865,-0.152054,0.730172,0.0,0.0,0.0,-0.088786,-0.012714,0.046778,0.71113,-0.206381,0.001907,-0.398052,-0.097102,-0.320746,0.367985,-0.113201,0.053781,-0.211409,-0.009306,0.211409,-0.404931,0.124151,0.01776,0.124151,-0.012521,
-0.025666,-0.960816,0.274467,0.0,0.0,0.0,-0.087867,-0.152054,0.730153,0.0,0.0,0.0,-0.094436,-0.012453,0.051608,0.71677,-0.205866,0.001953,-0.39576,-0.096721,-0.31884,0.366609,-0.113355,0.053895,-0.210463,-0.009468,0.210463,-0.40288,0.123205,0.018013,0.123205,-0.01288,
-0.025754,-0.960968,0.275197,0.0,0.0,0.0,-0.087865,-0.152054,0.730172,0.0,0.0,0.0,-0.100087,-0.012192,0.056438,0.722411,-0.20535,0.001999,-0.393467,-0.09634,-0.316934,0.365232,-0.113509,0.054008,-0.209517,-0.009629,0.209517,-0.40083,0.122259,0.018265,0.122259,-0.013239,
-0.025841,-0.96112,0.275927,0.0,0.0,0.0,-0.087865,-0.15213,0.730153,0.0,0.0,0.0,-0.105739,-0.011932,0.061269,0.728053,-0.204835,0.002045,-0.391174,-0.095958,-0.315028,0.363855,-0.113663,0.054122,-0.208571,-0.00979,0.208571,-0.398779,0.121312,0.018518,0.121312,-0.013598,
-0.025929,-0.961272,0.276657,0.0,0.0,0.0,-0.087867,-0.152054,0.730172,0.0,0.0,0.0,-0.111391,-0.011671,0.0661,0.733695,-0.20432,0.00209,-0.388881,-0.095577,-0.313121,0.362479,-0.113817,0.054235,-0.207625,-0.009951,0.207625,-0.396729,0.120366,0.018771,0.120366,-0.013957,
-0.026017,-0.961424,0.277387,0.0,0.0,0.0,-0.087862,-0.152054,0.730134,0.0,0.0,0.0,-0.117043,-0.01141,0.070931,0.739338,-0.203804,0.002136,-0.386588,-0.095196,-0.311215,0.361102,-0.113971,0.054349,-0.206679,-0.010112,0.206679,-0.394678,0.119419,0.019024,0.119419,-0.014316,
-0.026105,-0.961576,0.278118,0.0,0.0,0.0,-0.087867,-0.152054,0.730172,0.0,0.0,0.0,-0.122696,-0.011149,0.075763,0.744981,-0.203289,0.002182,-0.384295,-0.094814,-0.309309,0.359725,-0.114125,0.054462,-0.205733,-0.010273,0.205733,-0.392628,0.118473,0.019276,0.118473,-0.014675,
-0.026193,-0.961728,0.278848,0.0,0.0,0.0,-0.087865,-0.152054,0.730153,0.0,0.0,0.0,-0.12835,-0.010888,0.080595,0.750625,-0.202774,0.002228,-0.382002,-0.094433,-0.307403,0.358349,-0.114279,0.054576,-0.204787,-0.010434,0.204787,-0.390577,0.117526,0.019529,0.117526,-0.015034,
-0.026281,-0.96188,0.279578,0.0,0.0,0.0,-0.087867,-0.152054,0.730172,0.0,0.0,0.0,-0.134003,-0.010628,0.085427,0.756269,-0.202258,0.002273,-0.379709,-0.094052,-0.305497,0.356972,-0.114433,0.05469,-0.203841,-0.010596,0.203841,-0.388527,0.11658,0.019782,0.11658,-0.015393,
-0.026369,-0.962033,0.280308,0.0,0.0,0.0,-0.087865,-0.152054,0.730153,0.0,0.0,0.0,-0.139657,-0.010367,0.09026,0.761912,-0.201743,0.002319,-0.377416,-0.09367,-0.303591,0.355595,-0.114587,0.054803,-0.202895,-0.010757,0.202895,-0.386476,0.115634,0.020034,0.115634,-0.015752,
-0.026456,-0.962185,0.281038,0.0,0.0,0.0,-0.087865,-0.15213,0.730172,0.0,0.0,0.0,-0.145311,-0.010106,0.095092,0.767556,-0.201228,0.002365,-0.375123,-0.093289,-0.301685,0.354219,-0.114741,0.054917,-0.201949,-0.010918,0.201949,-0.384426,0.114687,0.020287,0.114687,-0.01611,
-0.026544,-0.962337,0.281768,0.0,0.0,0.0,-0.087867,-0.152054,0.730153,0.0,0.0,0.0,-0.150965,-0.009845,0.099924,0.7732,-0.200712,0.002411,-0.37283,-0.092908,-0.299778,0.352842,-0.114895,0.05503,-0.201003,-0.011079,0.201003,-0.382375,0.113741,0.02054,0.113741,-0.016469,
-0.026632,-0.962489,0.282498,0.0,0.0,0.0,-0.087865,-0.152054,0.730172,0.0,0.0,0.0,-0.156618,-0.009584,0.104756,0.778844,-0.200197,0.002457,-0.370537,-0.092527,-0.297872,0.351465,-0.115049,0.055144,-0.200057,-0.01124,0.200057,-0.380325,0.112794,0.020792,0.112794,-0.016828,
-0.02672,-0.962641,0.283229,0.0,0.0,0.0,-0.087865,-0.152054,0.730134,0.0,0.0,0.0,-0.162272,-0.009324,0.109588,0.784488,-0.199682,0.002502,-0.368244,-0.092145,-0.295966,0.350089,-0.115204,0.055257,-0.199111,-0.011401,0.199111,-0.378274,0.111848,0.021045,0.111848,-0.017187,
-0.026808,-0.962793,0.283959,0.0,0.0,0.0,-0.087865,-0.152054,0.730172,0.0,0.0,0.0,-0.167925,-0.009063,0.11442,0.790131,-0.199167,0.002548,-0.365951,-0.091764,-0.29406,0.348712,-0.115358,0.055371,-0.198165,-0.011562,0.198165,-0.376223,0.110901,0.021298,0.110901,-0.017546,
-0.026896,-0.962945,0.284689,0.0,0.0,0.0,-0.087865,-0.152054,0.730153,0.0,0.0,0.0,-0.173578,-0.008802,0.119252,0.795774,-0.198651,0.002594,-0.363658,-0.091383,-0.292154,0.347335,-0.115512,0.055485,-0.197219,-0.011724,0.197219,-0.374173,0.109955,0.021551,0.109955,-0.017905,
-0.026984,-0.963097,0.285419,0.0,0.0,0.0,-0.087867,-0.152054,0.730172,0.0,0.0,0.0,-0.17923,-0.008541,0.124083,0.801416,-0.198136,0.00264,-0.361365,-0.091001,-0.290248,0.345959,-0.115666,0.055598,-0.196273,-0.011885,0.196273,-0.372122,0.109009,0.021803,0.109009,-0.018264,
-0.027072,-0.963249,0.286149,0.0,0.0,0.0,-0.087865,-0.15213,0.730172,0.0,0.0,0.0,-0.184882,-0.00828,0.128914,0.807058,-0.197621,0.002685,-0.359072,-0.09062,-0.288342,0.344582,-0.11582,0.055712,-0.195327,-0.012046,0.195327,-0.370072,0.108062,0.022056,0.108062,-0.018623,
-0.027159,-0.963401,0.286879,0.0,0.0,0.0,-0.087867,-0.152054,0.730153,0.0,0.0,0.0,-0.190533,-0.00802,0.133745,0.812699,-0.197105,0.002731,-0.356779,-0.090239,-0.286436,0.343205,-0.115974,0.055825,-0.194381,-0.012207,0.194381,-0.368022,0.107116,0.022309,0.107116,-0.018982,
-0.027247,-0.963553,0.28761,0.0,0.0,0.0,-0.087865,-0.152054,0.730172,0.0,0.0,0.0,-0.196183,-0.007759,0.138575,0.81834,-0.19659,0.002777,-0.354487,-0.089857,-0.28453,0.341829,-0.116128,0.055939,-0.193435,-0.012368,0.193435,-0.365971,0.106169,0.022561,0.106169,-0.019341,
-0.027335,-0.963705,0.28834,0.0,0.0,0.0,-0.087867,-0.152054,0.730153,0.0,0.0,0.0,-0.201833,-0.007498,0.143404,0.823979,-0.196075,0.002823,-0.352194,-0.089476,-0.282624,0.340452,-0.116282,0.056052,-0.192489,-0.012529,0.192489,-0.363921,0.105223,0.022814,0.105223,-0.0197,
-0.027423,-0.963857,0.28907,0.0,0.0,0.0,-0.087862,-0.152054,0.730153,0.0,0.0,0.0,-0.207481,-0.007237,0.148233,0.829618,-0.195559,0.002869,-0.349901,-0.089095,-0.280718,0.339075,-0.116436,0.056166,-0.191543,-0.01269,0.191543,-0.361871,0.104276,0.023067,0.104276,-0.020058,
-0.027511,-0.964009,0.2898,0.0,0.0,0.0,-0.087865,-0.152054,0.730153,0.0,0.0,0.0,-0.213129,-0.006976,0.153062,0.835256,-0.195044,0.002914,-0.347609,-0.088713,-0.278812,0.337699,-0.11659,0.05628,-0.190597,-0.012852,0.190597,-0.35982,0.10333,0.02332,0.10333,-0.020417,
-0.027599,-0.964161,0.29053,0.0,0.0,0.0,-0.087867,-0.152054,0.730172,0.0,0.0,0.0,-0.218775,-0.006716,0.157889,0.840892,-0.194529,0.00296,-0.345316,-0.088332,-0.276906,0.336322,-0.116744,0.056393,-0.189651,-0.013013,0.189651,-0.35777,0.102384,0.023572,0.102384,-0.020776,
-0.027687,-0.964314,0.29126,0.0,0.0,0.0,-0.087865,-0.15213,0.730153,0.0,0.0,0.0,-0.22442,-0.006455,0.162716,0.846528,-0.194013,0.003006,-0.343024,-0.087951,-0.275,0.334946,-0.116898,0.056507,-0.188705,-0.013174,0.188705,-0.35572,0.101437,0.023825,0.101437,-0.021135,
-0.027774,-0.964466,0.291991,0.0,0.0,0.0,-0.087867,-0.152054,0.730172,0.0,0.0,0.0,-0.230064,-0.006194,0.167542,0.852162,-0.193498,0.003052,-0.340731,-0.08757,-0.273094,0.333569,-0.117052,0.05662,-0.187759,-0.013335,0.187759,-0.35367,0.100491,0.024078,0.100491,-0.021494,
-0.027862,-0.964618,0.292721,0.0,0.0,0.0,-0.087865,-0.152054,0.730153,0.0,0.0,0.0,-0.235707,-0.005933,0.172367,0.857795,-0.192983,0.003097,-0.338439,-0.087188,-0.271189,0.332193,-0.117206,0.056734,-0.186813,-0.013496,0.186813,-0.35162,0.099544,0.02433,0.099544,-0.021853,
-0.027926,-0.964739,0.293477,0.0,0.0,0.0,-0.063532,-0.121613,0.756151,0.0,0.0,0.0,-0.241514,-0.005159,0.177415,0.862743,-0.192236,0.003197,-0.336187,-0.086853,-0.269309,0.330969,-0.117468,0.056815,-0.185751,-0.013664,0.185751,-0.349458,0.098482,0.024551,0.098482,-0.022348,
-0.027977,-0.964846,0.294246,0.0,0.0,0.0,-0.051181,-0.106201,0.76933,0.0,0.0,0.0,-0.247408,-0.004123,0.182577,0.867345,-0.191372,0.003323,-0.333956,-0.086542,-0.267443,0.329824,-0.117783,0.056879,-0.18463,-0.013837,0.18463,-0.347239,0.09736,0.024757,0.09736,-0.022912,
-0.028028,-0.964952,0.295016,0.0,0.0,0.0,-0.051181,-0.106201,0.769349,0.0,0.0,0.0,-0.253303,-0.003088,0.187739,0.871948,-0.190508,0.003449,-0.331725,-0.08623,-0.265576,0.328678,-0.118099,0.056943,-0.183509,-0.014009,0.183509,-0.34502,0.096239,0.024962,0.096239,-0.023476,
-0.028079,-0.965058,0.295785,0.0,0.0,0.0,-0.051181,-0.106125,0.76933,0.0,0.0,0.0,-0.259199,-0.002053,0.192903,0.876551,-0.189644,0.003576,-0.329493,-0.085919,-0.26371,0.327533,-0.118414,0.057007,-0.182388,-0.014181,0.182388,-0.342801,0.095117,0.025167,0.095117,-0.02404,
-0.028131,-0.965164,0.296554,0.0,0.0,0.0,-0.051181,-0.106201,0.769369,0.0,0.0,0.0,-0.265097,-0.001018,0.198068,0.881156,-0.18878,0.003702,-0.327262,-0.085607,-0.261844,0.326387,-0.11873,0.057071,-0.181267,-0.014353,0.181267,-0.340582,0.093996,0.025372,0.093996,-0.024604,
-0.028182,-0.96527,0.297324,0.0,0.0,0.0,-0.051181,-0.106201,0.769311,0.0,0.0,0.0,-0.270996,0.000018,0.203233,0.88576,-0.187916,0.003828,-0.32503,-0.085296,-0.259977,0.325242,-0.119045,0.057135,-0.180146,-0.014525,0.180146,-0.338363,0.092874,0.025577,0.092874,-0.025168,
-0.028233,-0.965376,0.298093,0.0,0.0,0.0,-0.051179,-0.106125,0.769311,0.0,0.0,0.0,-0.276896,0.001053,0.208399,0.890365,-0.187052,0.003955,-0.322799,-0.084984,-0.258111,0.324096,-0.119361,0.057199,-0.179025,-0.014697,0.179025,-0.336144,0.091753,0.025782,0.091753,-0.025732,
-0.028284,-0.965483,0.298862,0.0,0.0,0.0,-0.051184,-0.106201,0.769369,0.0,0.0,0.0,-0.282798,0.002088,0.213566,0.894971,-0.186188,0.004081,-0.320567,-0.084672,-0.256244,0.32295,-0.119676,0.057263,-0.177904,-0.014869,0.177904,-0.333925,0.090631,0.025987,0.090631,-0.026296,
-0.028335,-0.965589,0.299632,0.0,0.0,0.0,-0.051179,-0.106201,0.769311,0.0,0.0,0.0,-0.2887,0.003124,0.218733,0.899577,-0.185324,0.004207,-0.318336,-0.084361,-0.254378,0.321805,-0.119992,0.057327,-0.176783,-0.015042,0.176783,-0.331706,0.08951,0.026192,0.08951,-0.02686,
-0.028386,-0.965695,0.300401,0.0,0.0,0.0,-0.051184,-0.106125,0.769369,0.0,0.0,0.0,-0.294603,0.004159,0.223902,0.904184,-0.18446,0.004334,-0.316104,-0.084049,-0.252511,0.320659,-0.120307,0.057392,-0.175662,-0.015214,0.175662,-0.329486,0.088388,0.026397,0.088388,-0.027424,
-0.028438,-0.965801,0.30117,0.0,0.0,0.0,-0.051179,-0.106201,0.769311,0.0,0.0,0.0,-0.300506,0.005194,0.22907,0.908791,-0.183596,0.00446,-0.313872,-0.083738,-0.250645,0.319514,-0.120623,0.057456,-0.174541,-0.015386,0.174541,-0.327267,0.087267,0.026602,0.087267,-0.027988,
-0.028489,-0.965907,0.30194,0.0,0.0,0.0,-0.051184,-0.106201,0.769369,0.0,0.0,0.0,-0.306411,0.00623,0.234239,0.913398,-0.182732,0.004586,-0.31164,-0.083426,-0.248778,0.318368,-0.120938,0.05752,-0.173421,-0.015558,0.173421,-0.325047,0.086145,0.026808,0.086145,-0.028552,
-0.02854,-0.966013,0.302709,0.0,0.0,0.0,-0.051179,-0.106125,0.76933,0.0,0.0,0.0,-0.312316,0.007265,0.239408,0.918005,-0.181868,0.004713,-0.309408,-0.083115,-0.246912,0.317222,-0.121254,0.057584,-0.1723,-0.01573,0.1723,-0.322828,0.085023,0.027013,0.085023,-0.029116,
-0.028591,-0.96612,0.303478,0.0,0.0,0.0,-0.051184,-0.106201,0.769349,0.0,0.0,0.0,-0.318221,0.0083,0.244578,0.922613,-0.181003,0.004839,-0.307176,-0.082803,-0.245045,0.316077,-0.12157,0.057648,-0.171179,-0.015902,0.171179,-0.320609,0.083902,0.027218,0.083902,-0.029681,
-0.028642,-0.966226,0.304248,0.0,0.0,0.0,-0.051179,-0.106201,0.76933,0.0,0.0,0.0,-0.324126,0.009336,0.249747,0.927221,-0.180139,0.004966,-0.304945,-0.082492,-0.243178,0.314931,-0.121885,0.057712,-0.170058,-0.016074,0.170058,-0.318389,0.08278,0.027423,0.08278,-0.030245,
-0.028694,-0.966332,0.305017,0.0,0.0,0.0,-0.051179,-0.106125,0.769311,0.0,0.0,0.0,-0.330032,0.010371,0.254917,0.931828,-0.179275,0.005092,-0.302713,-0.08218,-0.241312,0.313785,-0.122201,0.057776,-0.168937,-0.016246,0.168937,-0.31617,0.081659,0.027628,0.081659,-0.030809,
-0.028745,-0.966438,0.305786,0.0,0.0,0.0,-0.051184,-0.106201,0.769369,0.0,0.0,0.0,-0.335938,0.011406,0.260087,0.936437,-0.178411,0.005218,-0.300481,-0.081869,-0.239445,0.31264,-0.122516,0.05784,-0.167816,-0.016419,0.167816,-0.31395,0.080537,0.027833,0.080537,-0.031373,
-0.028796,-0.966544,0.306556,0.0,0.0,0.0,-0.051179,-0.106201,0.769311,0.0,0.0,0.0,-0.341844,0.012442,0.265257,0.941044,-0.177547,0.005345,-0.298249,-0.081557,-0.237578,0.311494,-0.122832,0.057905,-0.166695,-0.016591,0.166695,-0.311731,0.079416,0.028038,0.079416,-0.031937,
-0.028847,-0.96665,0.307325,0.0,0.0,0.0,-0.051184,-0.106125,0.769369,0.0,0.0,0.0,-0.34775,0.013477,0.270427,0.945652,-0.176683,0.005471,-0.296017,-0.081246,-0.235712,0.310349,-0.123147,0.057969,-0.165574,-0.016763,0.165574,-0.309511,0.078294,0.028243,0.078294,-0.032501,
-0.028898,-0.966757,0.308094,0.0,0.0,0.0,-0.051179,-0.106201,0.769311,0.0,0.0,0.0,-0.353655,0.014512,0.275597,0.95026,-0.175819,0.005597,-0.293785,-0.080934,-0.233845,0.309203,-0.123463,0.058033,-0.164453,-0.016935,0.164453,-0.307292,0.077172,0.028448,0.077172,-0.033065,
-0.028949,-0.966863,0.308864,0.0,0.0,0.0,-0.051184,-0.106201,0.769369,0.0,0.0,0.0,-0.359561,0.015548,0.280766,0.954868,-0.174955,0.005724,-0.291553,-0.080623,-0.231978,0.308057,-0.123778,0.058097,-0.163332,-0.017107,0.163332,-0.305072,0.076051,0.028653,0.076051,-0.033629,
-0.029001,-0.966969,0.309633,0.0,0.0,0.0,-0.051179,-0.106125,0.769311,0.0,0.0,0.0,-0.365465,0.016583,0.285936,0.959475,-0.174091,0.00585,-0.289322,-0.080311,-0.230112,0.306912,-0.124094,0.058161,-0.162211,-0.017279,0.162211,-0.302853,0.074929,0.028859,0.074929,-0.034193,
-0.029052,-0.967075,0.310402,0.0,0.0,0.0,-0.051181,-0.106201,0.76933,0.0,0.0,0.0,-0.371369,0.017618,0.291104,0.964082,-0.173227,0.005976,-0.28709,-0.079999,-0.228245,0.305766,-0.124409,0.058225,-0.16109,-0.017451,0.16109,-0.300634,0.073808,0.029064,0.073808,-0.034757,
-0.029103,-0.967181,0.311172,0.0,0.0,0.0,-0.051181,-0.106201,0.769369,0.0,0.0,0.0,-0.377273,0.018654,0.296273,0.968689,-0.172363,0.006103,-0.284858,-0.079688,-0.226379,0.30462,-0.124725,0.058289,-0.159969,-0.017623,0.159969,-0.298414,0.072686,0.029269,0.072686,-0.035321,
-0.029154,-0.967288,0.311941,0.0,0.0,0.0,-0.051181,-0.106125,0.769311,0.0,0.0,0.0,-0.383176,0.019689,0.301441,0.973296,-0.171499,0.006229,-0.282626,-0.079376,-0.224512,0.303475,-0.12504,0.058353,-0.158848,-0.017796,0.158848,-0.296195,0.071565,0.029474,0.071565,-0.035885,
-0.029205,-0.967394,0.31271,0.0,0.0,0.0,-0.051181,-0.106201,0.769369,0.0,0.0,0.0,-0.389078,0.020724,0.306609,0.977902,-0.170635,0.006355,-0.280395,-0.079065,-0.222646,0.302329,-0.125356,0.058417,-0.157727,-0.017968,0.157727,-0.293975,0.070443,0.029679,0.070443,-0.036449,
-0.029257,-0.9675,0.31348,0.0,0.0,0.0,-0.051181,-0.106201,0.769311,0.0,0.0,0.0,-0.39498,0.02176,0.311775,0.982508,-0.169771,0.006482,-0.278163,-0.078753,-0.220779,0.301184,-0.125672,0.058482,-0.156606,-0.01814,0.156606,-0.291756,0.069321,0.029884,0.069321,-0.037013,
-0.029308,-0.967606,0.314249,0.0,0.0,0.0,-0.051181,-0.106201,0.769369,0.0,0.0,0.0,-0.40088,0.022795,0.316942,0.987113,-0.168907,0.006608,-0.275931,-0.078442,-0.218913,0.300038,-0.125987,0.058546,-0.155485,-0.018312,0.155485,-0.289537,0.0682,0.030089,0.0682,-0.037577,
-0.029359,-0.967712,0.315018,0.0,0.0,0.0,-0.051181,-0.106125,0.769311,0.0,0.0,0.0,-0.406779,0.02383,0.322107,0.991718,-0.168043,0.006734,-0.2737,-0.07813,-0.217046,0.298892,-0.126303,0.05861,-0.154365,-0.018484,0.154365,-0.287318,0.067078,0.030294,0.067078,-0.038141,
-0.02941,-0.967818,0.315788,0.0,0.0,0.0,-0.051181,-0.106201,0.769369,0.0,0.0,0.0,-0.412677,0.024866,0.327272,0.996322,-0.167178,0.006861,-0.271468,-0.077819,-0.21518,0.297747,-0.126618,0.058674,-0.153244,-0.018656,0.153244,-0.285099,0.065957,0.030499,0.065957,-0.038705,
-0.029461,-0.967925,0.316557,0.0,0.0,0.0,-0.051181,-0.106201,0.769311,0.0,0.0,0.0,-0.418573,0.025901,0.332435,1.000925,-0.166314,0.006987,-0.269237,-0.077507,-0.213313,0.296601,-0.126934,0.058738,-0.152123,-0.018828,0.152123,-0.28288,0.064835,0.030705,0.064835,-0.039269,
-0.029512,-0.968031,0.317326,0.0,0.0,0.0,-0.051179,-0.106125,0.76933,0.0,0.0,0.0,-0.424468,0.026936,0.337598,1.005528,-0.16545,0.007113,-0.267006,-0.077196,-0.211447,0.295456,-0.127249,0.058802,-0.151002,-0.019,0.151002,-0.280661,0.063714,0.03091,0.063714,-0.039833,
-0.029564,-0.968137,0.318096,0.0,0.0,0.0,-0.051184,-0.106201,0.769349,0.0,0.0,0.0,-0.430362,0.027971,0.34276,1.01013,-0.164586,0.00724,-0.264775,-0.076884,-0.209581,0.29431,-0.127565,0.058866,-0.149881,-0.019173,0.149881,-0.278442,0.062592,0.031115,0.062592,-0.040397,
-0.029601,-0.968216,0.31888,0.0,0.0,0.0,-0.037029,-0.079117,0.784341,0.0,0.0,0.0,-0.435853,0.029155,0.347565,1.013928,-0.163561,0.007385,-0.262724,-0.076607,-0.207855,0.293461,-0.128053,0.058913,-0.14872,-0.019342,0.14872,-0.276235,0.061431,0.031285,0.061431,-0.041044,
-0.029609,-0.96824,0.319695,0.0,0.0,0.0,-0.00824,-0.024185,0.814916,0.0,0.0,0.0,-0.44053,0.030639,0.351648,1.016092,-0.162206,0.007568,-0.26104,-0.076398,-0.206415,0.293215,-0.128894,0.058924,-0.147476,-0.019507,0.147476,-0.274052,0.060187,0.031386,0.060187,-0.041859,
-0.029617,-0.968264,0.32051,0.0,0.0,0.0,-0.008237,-0.024185,0.81484,0.0,0.0,0.0,-0.445207,0.032124,0.355731,1.018256,-0.160851,0.007751,-0.259356,-0.076189,-0.204976,0.292969,-0.129735,0.058935,-0.146232,-0.019672,0.146232,-0.271868,0.058944,0.031487,0.058944,-0.042674,
-0.029625,-0.968289,0.321325,0.0,0.0,0.0,-0.00824,-0.024185,0.814935,0.0,0.0,0.0,-0.449885,0.033609,0.359815,1.020421,-0.159497,0.007934,-0.257672,-0.07598,-0.203536,0.292723,-0.130576,0.058946,-0.144988,-0.019837,0.144988,-0.269684,0.0577,0.031588,0.0577,-0.04349,
-0.029634,-0.968313,0.32214,0.0,0.0,0.0,-0.008237,-0.024185,0.814859,0.0,0.0,0.0,-0.454563,0.035094,0.363899,1.022585,-0.158142,0.008117,-0.255988,-0.075771,-0.202096,0.292477,-0.131416,0.058957,-0.143744,-0.020002,0.143744,-0.267501,0.056456,0.031688,0.056456,-0.044305,
-0.029642,-0.968337,0.322954,0.0,0.0,0.0,-0.00824,-0.024109,0.814859,0.0,0.0,0.0,-0.459242,0.036579,0.367983,1.024749,-0.156787,0.0083,-0.254304,-0.075563,-0.200656,0.292231,-0.132257,0.058968,-0.1425,-0.020166,0.1425,-0.265317,0.055213,0.031789,0.055213,-0.04512,
-0.02965,-0.968361,0.323769,0.0,0.0,0.0,-0.00824,-0.024185,0.814935,0.0,0.0,0.0,-0.463922,0.038063,0.372068,1.026914,-0.155432,0.008483,-0.25262,-0.075354,-0.199216,0.291984,-0.133098,0.058979,-0.141255,-0.020331,0.141255,-0.263133,0.053969,0.03189,0.053969,-0.045935,
-0.029658,-0.968385,0.324584,0.0,0.0,0.0,-0.008237,-0.024185,0.814859,0.0,0.0,0.0,-0.468602,0.039548,0.376153,1.029078,-0.154078,0.008667,-0.250936,-0.075145,-0.197776,0.291738,-0.133939,0.05899,-0.140011,-0.020496,0.140011,-0.260949,0.052726,0.03199,0.052726,-0.04675,
-0.029667,-0.96841,0.325399,0.0,0.0,0.0,-0.00824,-0.024185,0.814897,0.0,0.0,0.0,-0.473283,0.041033,0.380239,1.031242,-0.152723,0.00885,-0.249252,-0.074936,-0.196336,0.291492,-0.134779,0.059001,-0.138767,-0.020661,0.138767,-0.258765,0.051482,0.032091,0.051482,-0.047565,
-0.029675,-0.968434,0.326214,0.0,0.0,0.0,-0.00824,-0.024185,0.814859,0.0,0.0,0.0,-0.477965,0.042518,0.384325,1.033407,-0.151368,0.009033,-0.247568,-0.074727,-0.194897,0.291246,-0.13562,0.059012,-0.137523,-0.020826,0.137523,-0.256581,0.050238,0.032192,0.050238,-0.04838,
-0.029683,-0.968458,0.327029,0.0,0.0,0.0,-0.008237,-0.024109,0.814935,0.0,0.0,0.0,-0.482646,0.044003,0.388411,1.035571,-0.150013,0.009216,-0.245883,-0.074519,-0.193457,0.291,-0.136461,0.059023,-0.136279,-0.02099,0.136279,-0.254397,0.048995,0.032293,0.048995,-0.049196,
-0.029691,-0.968482,0.327844,0.0,0.0,0.0,-0.00824,-0.024185,0.814859,0.0,0.0,0.0,-0.487328,0.045488,0.392497,1.037736,-0.148659,0.009399,-0.244199,-0.07431,-0.192017,0.290754,-0.137302,0.059034,-0.135035,-0.021155,0.135035,-0.252213,0.047751,0.032393,0.047751,-0.050011,
-0.0297,-0.968506,0.328659,0.0,0.0,0.0,-0.00824,-0.024185,0.814897,0.0,0.0,0.0,-0.492011,0.046973,0.396584,1.039901,-0.147304,0.009582,-0.242515,-0.074101,-0.190577,0.290508,-0.138142,0.059045,-0.133791,-0.02132,0.133791,-0.250029,0.046508,0.032494,0.046508,-0.050826,
-0.029708,-0.96853,0.329473,0.0,0.0,0.0,-0.008237,-0.024185,0.814897,0.0,0.0,0.0,-0.496693,0.048457,0.400671,1.042065,-0.145949,0.009765,-0.240831,-0.073892,-0.189137,0.290262,-0.138983,0.059056,-0.132547,-0.021485,0.132547,-0.247845,0.045264,0.032595,0.045264,-0.051641,
-0.029716,-0.968555,0.330288,0.0,0.0,0.0,-0.00824,-0.024185,0.814859,0.0,0.0,0.0,-0.501375,0.049942,0.404758,1.04423,-0.144594,0.009948,-0.239147,-0.073683,-0.187697,0.290016,-0.139824,0.059067,-0.131303,-0.02165,0.131303,-0.245661,0.04402,0.032696,0.04402,-0.052456,
-0.029724,-0.968579,0.331103,0.0,0.0,0.0,-0.00824,-0.024109,0.814897,0.0,0.0,0.0,-0.506058,0.051427,0.408845,1.046394,-0.143239,0.010131,-0.237463,-0.073475,-0.186257,0.289769,-0.140665,0.059078,-0.130059,-0.021814,0.130059,-0.243477,0.042777,0.032796,0.042777,-0.053271,
-0.029732,-0.968603,0.331918,0.0,0.0,0.0,-0.008237,-0.024185,0.814859,0.0,0.0,0.0,-0.510741,0.052912,0.412931,1.048559,-0.141885,0.010315,-0.235778,-0.073266,-0.184817,0.289523,-0.141505,0.059089,-0.128815,-0.021979,0.128815,-0.241293,0.041533,0.032897,0.041533,-0.054086,
-0.029741,-0.968627,0.332733,0.0,0.0,0.0,-0.00824,-0.024185,0.814935,0.0,0.0,0.0,-0.515424,0.054397,0.417018,1.050724,-0.14053,0.010498,-0.234094,-0.073057,-0.183377,0.289277,-0.142346,0.0591,-0.12757,-0.022144,0.12757,-0.239108,0.040289,0.032998,0.040289,-0.054902,
-0.029749,-0.968651,0.333548,0.0,0.0,0.0,-0.00824,-0.024185,0.814859,0.0,0.0,0.0,-0.520107,0.055882,0.421105,1.052888,-0.139175,0.010681,-0.23241,-0.072848,-0.181937,0.289031,-0.143187,0.059111,-0.126326,-0.022309,0.126326,-0.236924,0.039046,0.033098,0.039046,-0.055717,
-0.029757,-0.968675,0.334363,0.0,0.0,0.0,-0.008237,-0.024185,0.814897,0.0,0.0,0.0,-0.524789,0.057367,0.425192,1.055053,-0.13782,0.010864,-0.230726,-0.07264,-0.180497,0.288785,-0.144028,0.059122,-0.125082,-0.022474,0.125082,-0.23474,0.037802,0.033199,0.037802,-0.056532,
-0.029765,-0.968699,0.335178,0.0,0.0,0.0,-0.00824,-0.024109,0.814897,0.0,0.0,0.0,-0.529472,0.058852,0.429279,1.057218,-0.136465,0.011047,-0.229042,-0.072431,-0.179057,0.288539,-0.144869,0.059133,-0.123838,-0.022638,0.123838,-0.232556,0.036559,0.0333,0.036559,-0.057347,
-0.029774,-0.968724,0.335993,0.0,0.0,0.0,-0.008237,-0.024185,0.814859,0.0,0.0,0.0,-0.534154,0.060337,0.433365,1.059382,-0.135111,0.01123,-0.227357,-0.072222,-0.177617,0.288293,-0.145709,0.059144,-0.122594,-0.022803,0.122594,-0.230372,0.035315,0.033401,0.035315,-0.058162,
-0.029782,-0.968748,0.336807,0.0,0.0,0.0,-0.00824,-0.024185,0.814897,0.0,0.0,0.0,-0.538836,0.061821,0.437452,1.061547,-0.133756,0.011413,-0.225673,-0.072013,-0.176177,0.288047,-0.14655,0.059155,-0.12135,-0.022968,0.12135,-0.228188,0.034071,0.033501,0.034071,-0.058977,
-0.02979,-0.968772,0.337622,0.0,0.0,0.0,-0.00824,-0.024185,0.814859,0.0,0.0,0.0,-0.543518,0.063306,0.441538,1.063711,-0.132401,0.011596,-0.223989,-0.071804,-0.174737,0.287801,-0.147391,0.059166,-0.120106,-0.023133,0.120106,-0.226004,0.032828,0.033602,0.032828,-0.059792,
-0.029798,-0.968796,0.338437,0.0,0.0,0.0,-0.00824,-0.024185,0.814935,0.0,0.0,0.0,-0.5482,0.064791,0.445625,1.065876,-0.131046,0.011779,-0.222305,-0.071596,-0.173297,0.287554,-0.148232,0.059177,-0.118862,-0.023298,0.118862,-0.22382,0.031584,0.033703,0.031584,-0.060608,
-0.029807,-0.96882,0.339252,0.0,0.0,0.0,-0.008237,-0.024109,0.814859,0.0,0.0,0.0,-0.552881,0.066276,0.44971,1.06804,-0.129691,0.011963,-0.220621,-0.071387,-0.171858,0.287308,-0.149072,0.059188,-0.117618,-0.023463,0.117618,-0.221636,0.03034,0.033804,0.03034,-0.061423,
-0.029815,-0.968845,0.340067,0.0,0.0,0.0,-0.00824,-0.024185,0.814897,0.0,0.0,0.0,-0.557562,0.067761,0.453796,1.070205,-0.128337,0.012146,-0.218937,-0.071178,-0.170418,0.287062,-0.149913,0.059199,-0.116374,-0.023627,0.116374,-0.219452,0.029097,0.033904,0.029097,-0.062238,
-0.029823,-0.968869,0.340882,0.0,0.0,0.0,-0.008237,-0.024185,0.814897,0.0,0.0,0.0,-0.562242,0.069246,0.457881,1.072369,-0.126982,0.012329,-0.217253,-0.070969,-0.168978,0.286816,-0.150754,0.05921,-0.11513,-0.023792,0.11513,-0.217268,0.027853,0.034005,0.027853,-0.063053,
-0.029831,-0.968893,0.341697,0.0,0.0,0.0,-0.00824,-0.024185,0.814897,0.0,0.0,0.0,-0.566921,0.07073,0.461966,1.074533,-0.125627,0.012512,-0.215569,-0.07076,-0.167538,0.28657,-0.151595,0.059221,-0.113886,-0.023957,0.113886,-0.215084,0.02661,0.034106,0.02661,-0.063868,
-0.02984,-0.968917,0.342512,0.0,0.0,0.0,-0.00824,-0.024109,0.814859,0.0,0.0,0.0,-0.5716,0.072215,0.46605,1.076698,-0.124272,0.012695,-0.213885,-0.070552,-0.166098,0.286324,-0.152435,0.059232,-0.112642,-0.024122,0.112642,-0.212901,0.025366,0.034206,0.025366,-0.064683,
-0.029848,-0.968941,0.343326,0.0,0.0,0.0,-0.008237,-0.024185,0.814859,0.0,0.0,0.0,-0.576279,0.0737,0.470134,1.078862,-0.122918,0.012878,-0.212201,-0.070343,-0.164658,0.286078,-0.153276,0.059243,-0.111398,-0.024287,0.111398,-0.210717,0.024123,0.034307,0.024123,-0.065498,
-0.029856,-0.968965,0.344141,0.0,0.0,0.0,-0.00824,-0.024185,0.814935,0.0,0.0,0.0,-0.580956,0.075185,0.474218,1.081026,-0.121563,0.013061,-0.210517,-0.070134,-0.163218,0.285832,-0.154117,0.059254,-0.110153,-0.024451,0.110153,-0.208533,0.022879,0.034408,0.022879,-0.066314,
-0.029864,-0.96899,0.344956,0.0,0.0,0.0,-0.00824,-0.024185,0.814859,0.0,0.0,0.0,-0.585633,0.076669,0.478301,1.08319,-0.120208,0.013244,-0.208833,-0.069925,-0.161779,0.285586,-0.154958,0.059265,-0.108909,-0.024616,0.108909,-0.20635,0.021635,0.034509,0.021635,-0.067129,
-0.029873,-0.969014,0.345771,0.0,0.0,0.0,-0.008237,-0.024185,0.814897,0.0,0.0,0.0,-0.590309,0.078154,0.482383,1.085354,-0.118854,0.013427,-0.207149,-0.069716,-0.160339,0.285339,-0.155798,0.059276,-0.107665,-0.024781,0.107665,-0.204166,0.020392,0.034609,0.020392,-0.067944,
-0.029835,-0.968979,0.346619,0.0,0.0,0.0,0.037432,0.035019,0.847818,0.0,0.0,0.0,-0.593918,0.079785,0.485426,1.085711,-0.118081,0.01357,-0.2058,-0.069534,-0.159172,0.285652,-0.156975,0.059226,-0.10635,-0.024926,0.10635,-0.202223,0.019078,0.03459,0.019078,-0.069144,
-0.029797,-0.968943,0.347467,0.0,0.0,0.0,0.03763,0.035248,0.847971,0.0,0.0,0.0,-0.597523,0.081417,0.488464,1.08606,-0.117311,0.013713,-0.204453,-0.069351,-0.158007,0.285966,-0.158153,0.059177,-0.105034,-0.02507,0.105034,-0.20028,0.017763,0.03457,0.017763,-0.070347,
-0.02976,-0.968908,0.348315,0.0,0.0,0.0,0.037625,0.035248,0.847894,0.0,0.0,0.0,-0.601128,0.083048,0.491502,1.086409,-0.116541,0.013856,-0.203106,-0.069168,-0.156841,0.286281,-0.159332,0.059127,-0.103718,-0.025215,0.103718,-0.198338,0.016448,0.034549,0.016448,-0.071549,
-0.029722,-0.968873,0.349163,0.0,0.0,0.0,0.037627,0.035248,0.847932,0.0,0.0,0.0,-0.604734,0.08468,0.494541,1.086758,-0.115771,0.013999,-0.201759,-0.068985,-0.155675,0.286596,-0.16051,0.059078,-0.102402,-0.02536,0.102402,-0.196395,0.015134,0.034529,0.015134,-0.072751,
-0.029685,-0.968838,0.350011,0.0,0.0,0.0,0.037627,0.035248,0.847971,0.0,0.0,0.0,-0.60834,0.086312,0.49758,1.087108,-0.115001,0.014142,-0.200411,-0.068803,-0.15451,0.28691,-0.161688,0.059029,-0.101086,-0.025504,0.101086,-0.194453,0.013819,0.034509,0.013819,-0.073954,
-0.029647,-0.968802,0.350859,0.0,0.0,0.0,0.037627,0.035248,0.847932,0.0,0.0,0.0,-0.611946,0.087943,0.500619,1.087457,-0.11423,0.014285,-0.199064,-0.06862,-0.153344,0.287225,-0.162866,0.058979,-0.09977,-0.025649,0.09977,-0.19251,0.012504,0.034489,0.012504,-0.075156,
-0.029609,-0.968767,0.351707,0.0,0.0,0.0,0.037627,0.035248,0.847971,0.0,0.0,0.0,-0.615552,0.089575,0.503658,1.087806,-0.11346,0.014427,-0.197717,-0.068437,-0.152178,0.287539,-0.164045,0.05893,-0.098454,-0.025794,0.098454,-0.190567,0.011189,0.034469,0.011189,-0.076359,
-0.029572,-0.968732,0.352555,0.0,0.0,0.0,0.037627,0.035248,0.847932,0.0,0.0,0.0,-0.619158,0.091207,0.506697,1.088155,-0.11269,0.01457,-0.19637,-0.068255,-0.151013,0.287854,-0.165223,0.05888,-0.097139,-0.025938,0.097139,-0.188625,0.009875,0.034449,0.009875,-0.077561,
-0.029534,-0.968697,0.353403,0.0,0.0,0.0,0.037627,0.035324,0.847971,0.0,0.0,0.0,-0.622765,0.092839,0.509737,1.088504,-0.11192,0.014713,-0.195022,-0.068072,-0.149847,0.288169,-0.166401,0.058831,-0.095822,-0.026083,0.095822,-0.186682,0.00856,0.034428,0.00856,-0.078763,
-0.029496,-0.968661,0.35425,0.0,0.0,0.0,0.037627,0.035248,0.847932,0.0,0.0,0.0,-0.626372,0.094471,0.512776,1.088853,-0.11115,0.014856,-0.193675,-0.067889,-0.148681,0.288483,-0.167579,0.058781,-0.094507,-0.026228,0.094507,-0.184739,0.007245,0.034408,0.007245,-0.079966,
-0.029459,-0.968626,0.355098,0.0,0.0,0.0,0.037627,0.035248,0.847971,0.0,0.0,0.0,-0.629979,0.096102,0.515816,1.089202,-0.11038,0.014999,-0.192328,-0.067706,-0.147516,0.288798,-0.168758,0.058732,-0.093191,-0.026372,0.093191,-0.182796,0.00593,0.034388,0.00593,-0.081168,
-0.029421,-0.968591,0.355946,0.0,0.0,0.0,0.037627,0.035248,0.847932,0.0,0.0,0.0,-0.633586,0.097734,0.518855,1.089552,-0.10961,0.015142,-0.19098,-0.067524,-0.14635,0.289112,-0.169936,0.058682,-0.091875,-0.026517,0.091875,-0.180853,0.004616,0.034368,0.004616,-0.082371,
-0.029384,-0.968556,0.356794,0.0,0.0,0.0,0.037627,0.035248,0.847932,0.0,0.0,0.0,-0.637194,0.099366,0.521895,1.089901,-0.108839,0.015284,-0.189633,-0.067341,-0.145184,0.289427,-0.171114,0.058633,-0.090559,-0.026662,0.090559,-0.178911,0.003301,0.034348,0.003301,-0.083573,
-0.029346,-0.96852,0.357642,0.0,0.0,0.0,0.037627,0.035248,0.847971,0.0,0.0,0.0,-0.640801,0.100998,0.524935,1.09025,-0.108069,0.015427,-0.188286,-0.067158,-0.144019,0.289742,-0.172293,0.058583,-0.089243,-0.026806,0.089243,-0.176968,0.001986,0.034328,0.001986,-0.084775,
-0.029308,-0.968485,0.35849,0.0,0.0,0.0,0.037627,0.035248,0.847932,0.0,0.0,0.0,-0.644408,0.10263,0.527975,1.090599,-0.107299,0.01557,-0.186938,-0.066976,-0.142853,0.290056,-0.173471,0.058534,-0.087927,-0.026951,0.087927,-0.175025,0.000671,0.034308,0.000671,-0.085978,
-0.029271,-0.96845,0.359338,0.0,0.0,0.0,0.037627,0.035248,0.847971,0.0,0.0,0.0,-0.648016,0.104262,0.531015,1.090948,-0.106529,0.015713,-0.185591,-0.066793,-0.141687,0.290371,-0.174649,0.058484,-0.086611,-0.027096,0.086611,-0.173082,-0.000644,0.034287,-0.000644,-0.08718,
-0.029233,-0.968415,0.360186,0.0,0.0,0.0,0.037627,0.035248,0.847932,0.0,0.0,0.0,-0.651623,0.105894,0.534054,1.091297,-0.105759,0.015856,-0.184244,-0.06661,-0.140522,0.290685,-0.175828,0.058435,-0.085295,-0.02724,0.085295,-0.171139,-0.001958,0.034267,-0.001958,-0.088383,
-0.029195,-0.968379,0.361034,0.0,0.0,0.0,0.037627,0.035248,0.847971,0.0,0.0,0.0,-0.655231,0.107525,0.537094,1.091647,-0.104989,0.015999,-0.182896,-0.066427,-0.139356,0.291,-0.177006,0.058386,-0.083978,-0.027385,0.083978,-0.169196,-0.003273,0.034247,-0.003273,-0.089585,
-0.029158,-0.968344,0.361882,0.0,0.0,0.0,0.037627,0.035248,0.847932,0.0,0.0,0.0,-0.658838,0.109157,0.540134,1.091996,-0.104218,0.016141,-0.181549,-0.066245,-0.13819,0.291315,-0.178184,0.058336,-0.082663,-0.02753,0.082663,-0.167253,-0.004588,0.034227,-0.004588,-0.090787,
-0.02912,-0.968309,0.36273,0.0,0.0,0.0,0.037625,0.035248,0.847932,0.0,0.0,0.0,-0.662446,0.110789,0.543174,1.092345,-0.103448,0.016284,-0.180202,-0.066062,-0.137025,0.291629,-0.179363,0.058287,-0.081347,-0.027674,0.081347,-0.165311,-0.005903,0.034207,-0.005903,-0.09199,
-0.029083,-0.968274,0.363578,0.0,0.0,0.0,0.03763,0.035248,0.847971,0.0,0.0,0.0,-0.666053,0.112421,0.546213,1.092694,-0.102678,0.016427,-0.178854,-0.065879,-0.135859,0.291944,-0.180541,0.058237,-0.080031,-0.027819,0.080031,-0.163368,-0.007218,0.034187,-0.007218,-0.093192,
-0.029045,-0.968238,0.364426,0.0,0.0,0.0,0.037625,0.035248,0.847932,0.0,0.0,0.0,-0.66966,0.114053,0.549253,1.093043,-0.101908,0.01657,-0.177507,-0.065696,-0.134693,0.292258,-0.181719,0.058188,-0.078715,-0.027964,0.078715,-0.161425,-0.008532,0.034167,-0.008532,-0.094395,
-0.029007,-0.968203,0.365274,0.0,0.0,0.0,0.03763,0.035248,0.847971,0.0,0.0,0.0,-0.673268,0.115685,0.552293,1.093392,-0.101138,0.016713,-0.17616,-0.065514,-0.133528,0.292573,-0.182898,0.058138,-0.077399,-0.028108,0.077399,-0.159482,-0.009847,0.034146,-0.009847,-0.095597,
-0.02897,-0.968168,0.366122,0.0,0.0,0.0,0.037625,0.035248,0.847894,0.0,0.0,0.0,-0.676874,0.117316,0.555332,1.093742,-0.100368,0.016856,-0.174813,-0.065331,-0.132362,0.292888,-0.184076,0.058089,-0.076083,-0.028253,0.076083,-0.157539,-0.011162,0.034126,-0.011162,-0.096799,
-0.028932,-0.968133,0.36697,0.0,0.0,0.0,0.03763,0.035248,0.848009,0.0,0.0,0.0,-0.680481,0.118948,0.558372,1.094091,-0.099598,0.016998,-0.173465,-0.065148,-0.131196,0.293202,-0.185254,0.058039,-0.074767,-0.028398,0.074767,-0.155596,-0.012477,0.034106,-0.012477,-0.098002,
-0.028894,-0.968097,0.367818,0.0,0.0,0.0,0.037625,0.035248,0.847894,0.0,0.0,0.0,-0.684088,0.12058,0.561411,1.09444,-0.098827,0.017141,-0.172118,-0.064966,-0.130031,0.293517,-0.186432,0.05799,-0.073451,-0.028542,0.073451,-0.153654,-0.013791,0.034086,-0.013791,-0.099204,
-0.028857,-0.968062,0.368666,0.0,0.0,0.0,0.03763,0.035324,0.848009,0.0,0.0,0.0,-0.687694,0.122212,0.56445,1.094789,-0.098057,0.017284,-0.170771,-0.064783,-0.128865,0.293831,-0.187611,0.05794,-0.072135,-0.028687,0.072135,-0.151711,-0.015106,0.034066,-0.015106,-0.100407,
-0.028819,-0.968027,0.369514,0.0,0.0,0.0,0.037625,0.035248,0.847894,0.0,0.0,0.0,-0.6913,0.123844,0.567489,1.095138,-0.097287,0.017427,-0.169423,-0.0646,-0.127699,0.294146,-0.188789,0.057891,-0.070819,-0.028832,0.070819,-0.149768,-0.016421,0.034046,-0.016421,-0.101609,
-0.028782,-0.967992,0.370361,0.0,0.0,0.0,0.037627,0.035248,0.847932,0.0,0.0,0.0,-0.694906,0.125475,0.570528,1.095488,-0.096517,0.01757,-0.168076,-0.064417,-0.126534,0.294461,-0.189967,0.057841,-0.069503,-0.028976,0.069503,-0.147826,-0.017736,0.034026,-0.017736,-0.102811,
-0.028744,-0.967956,0.371209,0.0,0.0,0.0,0.037627,0.035248,0.847971,0.0,0.0,0.0,-0.698512,0.127107,0.573567,1.095837,-0.095747,0.017713,-0.166729,-0.064235,-0.125368,0.294775,-0.191145,0.057792,-0.068187,-0.029121,0.068187,-0.145883,-0.01905,0.034005,-0.01905,-0.104014,
-0.028706,-0.967921,0.372057,0.0,0.0,0.0,0.037627,0.035248,0.847932,0.0,0.0,0.0,-0.702117,0.128738,0.576605,1.096186,-0.094977,0.017855,-0.165382,-0.064052,-0.124202,0.29509,-0.192324,0.057743,-0.066871,-0.029266,0.066871,-0.143941,-0.020365,0.033985,-0.020365,-0.105216,
-0.028669,-0.967886,0.372905,0.0,0.0,0.0,0.037627,0.035248,0.847971,0.0,0.0,0.0,-0.705722,0.13037,0.579644,1.096535,-0.094207,0.017998,-0.164034,-0.063869,-0.123037,0.295404,-0.193502,0.057693,-0.065555,-0.02941,0.065555,-0.141998,-0.02168,0.033965,-0.02168,-0.106418,
-0.028631,-0.967851,0.373753,0.0,0.0,0.0,0.037627,0.035248,0.847932,0.0,0.0,0.0,-0.709327,0.132002,0.582682,1.096884,-0.093436,0.018141,-0.162687,-0.063687,-0.121871,0.295719,-0.19468,0.057644,-0.064239,-0.029555,0.064239,-0.140056,-0.022994,0.033945,-0.022994,-0.107621,
-0.028566,-0.967793,0.374617,0.0,0.0,0.0,0.064602,0.057755,0.863687,0.0,0.0,0.0,-0.71228,0.13355,0.585095,1.096324,-0.093162,0.018209,-0.161338,-0.063491,-0.1207,0.296085,-0.195905,0.057559,-0.062907,-0.029673,0.062907,-0.138409,-0.024325,0.033876,-0.024325,-0.109135,
-0.028488,-0.967724,0.375489,0.0,0.0,0.0,0.078366,0.069199,0.871622,0.0,0.0,0.0,-0.714901,0.135055,0.58719,1.095299,-0.09314,0.018238,-0.159989,-0.06329,-0.119527,0.296478,-0.197154,0.057456,-0.061566,-0.029778,0.061566,-0.136912,-0.025664,0.033783,-0.025664,-0.110809,
-0.02841,-0.967654,0.37636,0.0,0.0,0.0,0.078368,0.069275,0.871622,0.0,0.0,0.0,-0.717522,0.136561,0.589286,1.094274,-0.093118,0.018267,-0.158639,-0.063089,-0.118354,0.296871,-0.198402,0.057354,-0.060226,-0.029882,0.060226,-0.135416,-0.027003,0.03369,-0.027003,-0.112482,
-0.028331,-0.967585,0.377232,0.0,0.0,0.0,0.078371,0.069199,0.871698,0.0,0.0,0.0,-0.720144,0.138067,0.591381,1.09325,-0.093096,0.018297,-0.157289,-0.062888,-0.11718,0.297263,-0.199651,0.057251,-0.058885,-0.029986,0.058885,-0.133919,-0.028342,0.033596,-0.028342,-0.114156,
-0.028253,-0.967516,0.378103,0.0,0.0,0.0,0.078366,0.069275,0.871622,0.0,0.0,0.0,-0.722765,0.139572,0.593476,1.092225,-0.093074,0.018326,-0.15594,-0.062686,-0.116007,0.297656,-0.2009,0.057149,-0.057545,-0.030091,0.057545,-0.132422,-0.02968,0.033503,-0.02968,-0.11583,
-0.028175,-0.967447,0.378975,0.0,0.0,0.0,0.078373,0.069199,0.871698,0.0,0.0,0.0,-0.725387,0.141078,0.595571,1.0912,-0.093052,0.018355,-0.15459,-0.062485,-0.114833,0.298049,-0.202149,0.057046,-0.056204,-0.030195,0.056204,-0.130926,-0.031019,0.033409,-0.031019,-0.117504,
-0.028096,-0.967377,0.379847,0.0,0.0,0.0,0.078366,0.069275,0.871622,0.0,0.0,0.0,-0.728008,0.142584,0.597667,1.090175,-0.09303,0.018384,-0.15324,-0.062284,-0.11366,0.298441,-0.203397,0.056944,-0.054863,-0.030299,0.054863,-0.129429,-0.032358,0.033316,-0.032358,-0.119178,
-0.028018,-0.967308,0.380718,0.0,0.0,0.0,0.078373,0.069199,0.87166,0.0,0.0,0.0,-0.73063,0.144089,0.599762,1.089151,-0.093008,0.018414,-0.15189,-0.062082,-0.112487,0.298834,-0.204646,0.056841,-0.053523,-0.030404,0.053523,-0.127932,-0.033697,0.033223,-0.033697,-0.120852,
-0.02794,-0.967239,0.38159,0.0,0.0,0.0,0.078366,0.069275,0.87166,0.0,0.0,0.0,-0.733252,0.145595,0.601858,1.088126,-0.092986,0.018443,-0.150541,-0.061881,-0.111313,0.299227,-0.205895,0.056738,-0.052182,-0.030508,0.052182,-0.126436,-0.035036,0.033129,-0.035036,-0.122525,
-0.027861,-0.96717,0.382462,0.0,0.0,0.0,0.078373,0.069199,0.87166,0.0,0.0,0.0,-0.735874,0.147101,0.603953,1.087101,-0.092964,0.018472,-0.149191,-0.06168,-0.11014,0.299619,-0.207144,0.056636,-0.050841,-0.030613,0.050841,-0.124939,-0.036375,0.033036,-0.036375,-0.124199,
-0.027783,-0.967101,0.383333,0.0,0.0,0.0,0.078366,0.069275,0.87166,0.0,0.0,0.0,-0.738496,0.148607,0.606049,1.086077,-0.092942,0.018502,-0.147841,-0.061479,-0.108966,0.300012,-0.208392,0.056533,-0.049501,-0.030717,0.049501,-0.123442,-0.037714,0.032942,-0.037714,-0.125873,
-0.027704,-0.967031,0.384205,0.0,0.0,0.0,0.078366,0.069199,0.871622,0.0,0.0,0.0,-0.741118,0.150112,0.608144,1.085052,-0.09292,0.018531,-0.146491,-0.061277,-0.107793,0.300405,-0.209641,0.056431,-0.04816,-0.030821,0.04816,-0.121946,-0.039053,0.032849,-0.039053,-0.127547,
-0.027626,-0.966962,0.385077,0.0,0.0,0.0,0.078373,0.069275,0.87166,0.0,0.0,0.0,-0.74374,0.151618,0.61024,1.084027,-0.092898,0.01856,-0.145141,-0.061076,-0.106619,0.300797,-0.21089,0.056328,-0.046819,-0.030926,0.046819,-0.120449,-0.040392,0.032756,-0.040392,-0.129221,
-0.027548,-0.966893,0.385948,0.0,0.0,0.0,0.078366,0.069199,0.87166,0.0,0.0,0.0,-0.746362,0.153124,0.612336,1.083002,-0.092876,0.01859,-0.143792,-0.060875,-0.105446,0.30119,-0.212139,0.056225,-0.045478,-0.03103,0.045478,-0.118952,-0.041731,0.032662,-0.041731,-0.130895,
-0.027469,-0.966824,0.38682,0.0,0.0,0.0,0.078373,0.069275,0.87166,0.0,0.0,0.0,-0.748984,0.15463,0.614431,1.081977,-0.092854,0.018619,-0.142442,-0.060673,-0.104272,0.301583,-0.213388,0.056123,-0.044138,-0.031135,0.044138,-0.117455,-0.04307,0.032569,-0.04307,-0.132569,
-0.027391,-0.966754,0.387692,0.0,0.0,0.0,0.078366,0.069199,0.871622,0.0,0.0,0.0,-0.751606,0.156135,0.616527,1.080953,-0.092832,0.018648,-0.141092,-0.060472,-0.103099,0.301975,-0.214636,0.05602,-0.042797,-0.031239,0.042797,-0.115959,-0.044409,0.032475,-0.044409,-0.134243,
-0.027313,-0.966685,0.388563,0.0,0.0,0.0,0.078373,0.069275,0.871698,0.0,0.0,0.0,-0.754228,0.157641,0.618623,1.079928,-0.09281,0.018677,-0.139742,-0.060271,-0.101925,0.302368,-0.215885,0.055918,-0.041456,-0.031343,0.041456,-0.114462,-0.045748,0.032382,-0.045748,-0.135917,
-0.027234,-0.966616,0.389435,0.0,0.0,0.0,0.078366,0.069199,0.871622,0.0,0.0,0.0,-0.75685,0.159147,0.620718,1.078903,-0.092788,0.018707,-0.138392,-0.060069,-0.100752,0.302761,-0.217134,0.055815,-0.040115,-0.031448,0.040115,-0.112965,-0.047087,0.032289,-0.047087,-0.137591,
-0.027156,-0.966547,0.390307,0.0,0.0,0.0,0.078366,0.069275,0.871622,0.0,0.0,0.0,-0.759472,0.160653,0.622814,1.077879,-0.092766,0.018736,-0.137043,-0.059868,-0.099579,0.303153,-0.218383,0.055713,-0.038775,-0.031552,0.038775,-0.111469,-0.048425,0.032195,-0.048425,-0.139265,
-0.027077,-0.966477,0.391178,0.0,0.0,0.0,0.078373,0.069199,0.871698,0.0,0.0,0.0,-0.762095,0.162158,0.624909,1.076854,-0.092744,0.018765,-0.135693,-0.059667,-0.098405,0.303546,-0.219632,0.05561,-0.037434,-0.031656,0.037434,-0.109972,-0.049764,0.032102,-0.049764,-0.140939,
-0.026999,-0.966408,0.39205,0.0,0.0,0.0,0.078366,0.069275,0.871622,0.0,0.0,0.0,-0.764717,0.163664,0.627005,1.075829,-0.092722,0.018795,-0.134343,-0.059465,-0.097232,0.303939,-0.220881,0.055507,-0.036093,-0.031761,0.036093,-0.108475,-0.051103,0.032008,-0.051103,-0.142613,
-0.026921,-0.966339,0.392922,0.0,0.0,0.0,0.078373,0.069199,0.871698,0.0,0.0,0.0,-0.767339,0.16517,0.629101,1.074804,-0.0927,0.018824,-0.132993,-0.059264,-0.096058,0.304331,-0.222129,0.055405,-0.034753,-0.031865,0.034753,-0.106978,-0.052442,0.031915,-0.052442,-0.144287,
-0.026842,-0.96627,0.393793,0.0,0.0,0.0,0.078366,0.069275,0.871622,0.0,0.0,0.0,-0.769961,0.166676,0.631196,1.07378,-0.092678,0.018853,-0.131643,-0.059063,-0.094885,0.304724,-0.223378,0.055302,-0.033412,-0.03197,0.033412,-0.105482,-0.053781,0.031822,-0.053781,-0.145961,
-0.026764,-0.9662,0.394665,0.0,0.0,0.0,0.078373,0.069199,0.871698,0.0,0.0,0.0,-0.772583,0.168182,0.633292,1.072755,-0.092656,0.018883,-0.130293,-0.058862,-0.093711,0.305117,-0.224627,0.0552,-0.032071,-0.032074,0.032071,-0.103985,-0.05512,0.031728,-0.05512,-0.147635,
-0.026686,-0.966131,0.395537,0.0,0.0,0.0,0.078366,0.069199,0.871622,0.0,0.0,0.0,-0.775205,0.169687,0.635387,1.07173,-0.092634,0.018912,-0.128944,-0.05866,-0.092538,0.305509,-0.225876,0.055097,-0.03073,-0.032178,0.03073,-0.102488,-0.056459,0.031635,-0.056459,-0.149309,
-0.026607,-0.966062,0.396408,0.0,0.0,0.0,0.078373,0.069275,0.871698,0.0,0.0,0.0,-0.777827,0.171193,0.637483,1.070705,-0.092612,0.018941,-0.127594,-0.058459,-0.091364,0.305902,-0.227125,0.054994,-0.02939,-0.032283,0.02939,-0.100992,-0.057798,0.031541,-0.057798,-0.150983,
-0.026529,-0.965993,0.39728,0.0,0.0,0.0,0.078366,0.069199,0.871622,0.0,0.0,0.0,-0.780448,0.172699,0.639578,1.069681,-0.09259,0.01897,-0.126244,-0.058258,-0.090191,0.306295,-0.228373,0.054892,-0.028049,-0.032387,0.028049,-0.099495,-0.059137,0.031448,-0.059137,-0.152656,
-0.02645,-0.965924,0.398151,0.0,0.0,0.0,0.078366,0.069275,0.871622,0.0,0.0,0.0,-0.78307,0.174204,0.641674,1.068656,-0.092568,0.019,-0.124894,-0.058056,-0.089017,0.306687,-0.229622,0.054789,-0.026709,-0.032492,0.026709,-0.097998,-0.060476,0.031355,-0.060476,-0.15433,
-0.026372,-0.965854,0.399023,0.0,0.0,0.0,0.078373,0.069199,0.871698,0.0,0.0,0.0,-0.785692,0.17571,0.643769,1.067631,-0.092546,0.019029,-0.123545,-0.057855,-0.087844,0.30708,-0.230871,0.054687,-0.025368,-0.032596,0.025368,-0.096502,-0.061815,0.031261,-0.061815,-0.156004,
-0.026294,-0.965785,0.399895,0.0,0.0,0.0,0.078366,0.069275,0.871622,0.0,0.0,0.0,-0.788313,0.177216,0.645864,1.066607,-0.092524,0.019058,-0.122195,-0.057654,-0.086671,0.307473,-0.232119,0.054584,-0.024027,-0.0327,0.024027,-0.095005,-0.063154,0.031168,-0.063154,-0.157678,
-0.026215,-0.965716,0.400766,0.0,0.0,0.0,0.078373,0.069199,0.871698,0.0,0.0,0.0,-0.790934,0.178721,0.647959,1.065582,-0.092502,0.019088,-0.120845,-0.057452,-0.085497,0.307865,-0.233368,0.054482,-0.022687,-0.032805,0.022687,-0.093508,-0.064492,0.031074,-0.064492,-0.159352,
-0.026137,-0.965647,0.401638,0.0,0.0,0.0,0.078366,0.069275,0.871622,0.0,0.0,0.0,-0.793555,0.180227,0.650055,1.064557,-0.09248,0.019117,-0.119496,-0.057251,-0.084324,0.308258,-0.234617,0.054379,-0.021346,-0.032909,0.021346,-0.092012,-0.065831,0.030981,-0.065831,-0.161025,
-0.026059,-0.965577,0.40251,0.0,0.0,0.0,0.078373,0.069199,0.87166,0.0,0.0,0.0,-0.796177,0.181733,0.65215,1.063532,-0.092458,0.019146,-0.118146,-0.05705,-0.08315,0.308651,-0.235866,0.054276,-0.020005,-0.033013,0.020005,-0.090515,-0.06717,0.030888,-0.06717,-0.162699,
-0.025969,-0.965501,0.403388,0.0,0.0,0.0,0.089526,0.076676,0.878221,0.0,0.0,0.0,-0.798448,0.183095,0.65394,1.062071,-0.09258,0.01913,-0.11674,-0.056844,-0.081931,0.308997,-0.237099,0.054157,-0.018675,-0.0331,0.018675,-0.08918,-0.0685,0.030778,-0.0685,-0.164476,
-0.025857,-0.965409,0.40428,0.0,0.0,0.0,0.112367,0.091782,0.891725,0.0,0.0,0.0,-0.800003,0.184166,0.655106,1.059715,-0.092996,0.01902,-0.115219,-0.056628,-0.080618,0.309247,-0.238301,0.054003,-0.017366,-0.033149,0.017366,-0.088174,-0.069812,0.030635,-0.069812,-0.166463,
-0.025744,-0.965317,0.405171,0.0,0.0,0.0,0.112374,0.091782,0.891763,0.0,0.0,0.0,-0.801558,0.185236,0.656271,1.057359,-0.093412,0.01891,-0.113699,-0.056412,-0.079304,0.309497,-0.239503,0.053849,-0.016057,-0.033199,0.016057,-0.087168,-0.071125,0.030492,-0.071125,-0.16845,
-0.025632,-0.965225,0.406063,0.0,0.0,0.0,0.112367,0.091782,0.891725,0.0,0.0,0.0,-0.803113,0.186307,0.657437,1.055003,-0.093828,0.0188,-0.112178,-0.056196,-0.077991,0.309747,-0.240705,0.053695,-0.014748,-0.033248,0.014748,-0.086162,-0.072437,0.03035,-0.072437,-0.170437,
-0.02552,-0.965134,0.406955,0.0,0.0,0.0,0.112374,0.091782,0.891763,0.0,0.0,0.0,-0.804668,0.187377,0.658603,1.052646,-0.094244,0.01869,-0.110657,-0.05598,-0.076677,0.309998,-0.241907,0.053542,-0.013438,-0.033298,0.013438,-0.085156,-0.07375,0.030207,-0.07375,-0.172424,
-0.025407,-0.965042,0.407847,0.0,0.0,0.0,0.112367,0.091782,0.891725,0.0,0.0,0.0,-0.806223,0.188448,0.659769,1.05029,-0.09466,0.018581,-0.109136,-0.055764,-0.075364,0.310248,-0.243108,0.053388,-0.012129,-0.033347,0.012129,-0.08415,-0.075062,0.030064,-0.075062,-0.174411,
-0.025295,-0.96495,0.408738,0.0,0.0,0.0,0.112374,0.091782,0.891763,0.0,0.0,0.0,-0.807778,0.189518,0.660935,1.047933,-0.095077,0.018471,-0.107615,-0.055548,-0.07405,0.310498,-0.24431,0.053234,-0.01082,-0.033396,0.01082,-0.083144,-0.076374,0.029921,-0.076374,-0.176398,
-0.025183,-0.964858,0.40963,0.0,0.0,0.0,0.112367,0.091782,0.891725,0.0,0.0,0.0,-0.809334,0.190589,0.662101,1.045577,-0.095493,0.018361,-0.106094,-0.055332,-0.072737,0.310748,-0.245512,0.05308,-0.009511,-0.033446,0.009511,-0.082138,-0.077687,0.029778,-0.077687,-0.178386,
-0.02507,-0.964766,0.410522,0.0,0.0,0.0,0.112374,0.091782,0.891763,0.0,0.0,0.0,-0.810889,0.191659,0.663267,1.04322,-0.095909,0.018251,-0.104573,-0.055117,-0.071423,0.310999,-0.246714,0.052926,-0.008201,-0.033495,0.008201,-0.081133,-0.078999,0.029635,-0.078999,-0.180373,
-0.024958,-0.964675,0.411414,0.0,0.0,0.0,0.112367,0.091782,0.891725,0.0,0.0,0.0,-0.812444,0.19273,0.664432,1.040863,-0.096325,0.018141,-0.103053,-0.054901,-0.07011,0.311249,-0.247916,0.052772,-0.006892,-0.033545,0.006892,-0.080127,-0.080312,0.029492,-0.080312,-0.18236,
-0.024845,-0.964583,0.412305,0.0,0.0,0.0,0.112367,0.091782,0.891687,0.0,0.0,0.0,-0.813999,0.1938,0.665598,1.038507,-0.096741,0.018031,-0.101532,-0.054685,-0.068796,0.311499,-0.249118,0.052618,-0.005583,-0.033594,0.005583,-0.079121,-0.081624,0.02935,-0.081624,-0.184348,
-0.024733,-0.964491,0.413197,0.0,0.0,0.0,0.112374,0.091782,0.891763,0.0,0.0,0.0,-0.815555,0.194871,0.666764,1.03615,-0.097157,0.017921,-0.100011,-0.054469,-0.067483,0.311749,-0.25032,0.052465,-0.004274,-0.033644,0.004274,-0.078115,-0.082937,0.029207,-0.082937,-0.186335,
-0.024621,-0.964399,0.414089,0.0,0.0,0.0,0.112367,0.091782,0.891725,0.0,0.0,0.0,-0.81711,0.195941,0.66793,1.033793,-0.097574,0.017811,-0.09849,-0.054253,-0.066169,0.312,-0.251522,0.052311,-0.002964,-0.033693,0.002964,-0.077109,-0.084249,0.029064,-0.084249,-0.188322,
-0.024508,-0.964308,0.414981,0.0,0.0,0.0,0.112372,0.091782,0.891763,0.0,0.0,0.0,-0.818665,0.197012,0.669096,1.031436,-0.09799,0.017702,-0.096969,-0.054037,-0.064855,0.31225,-0.252724,0.052157,-0.001655,-0.033743,0.001655,-0.076103,-0.085561,0.028921,-0.085561,-0.19031,
-0.024396,-0.964216,0.415872,0.0,0.0,0.0,0.112367,0.091782,0.891725,0.0,0.0,0.0,-0.82022,0.198083,0.670262,1.02908,-0.098406,0.017592,-0.095448,-0.053821,-0.063542,0.3125,-0.253926,0.052003,-0.000346,-0.033792,0.000346,-0.075097,-0.086874,0.028778,-0.086874,-0.192297,
-0.024284,-0.964124,0.416764,0.0,0.0,0.0,0.112374,0.091782,0.891763,0.0,0.0,0.0,-0.821776,0.199153,0.671428,1.026723,-0.098822,0.017482,-0.093927,-0.053605,-0.062228,0.31275,-0.255128,0.051849,0.000964,-0.033842,-0.000964,-0.074091,-0.088186,0.028635,-0.088186,-0.194285,
-0.024171,-0.964032,0.417656,0.0,0.0,0.0,0.112367,0.091782,0.891725,0.0,0.0,0.0,-0.823331,0.200224,0.672594,1.024366,-0.099238,0.017372,-0.092406,-0.053389,-0.060915,0.313001,-0.25633,0.051695,0.002273,-0.033891,-0.002273,-0.073085,-0.089499,0.028493,-0.089499,-0.196272,
-0.024059,-0.96394,0.418547,0.0,0.0,0.0,0.112367,0.091782,0.891687,0.0,0.0,0.0,-0.824886,0.201294,0.67376,1.022009,-0.099654,0.017262,-0.090885,-0.053173,-0.059601,0.313251,-0.257532,0.051541,0.003582,-0.03394,-0.003582,-0.072079,-0.090811,0.02835,-0.090811,-0.19826,
-0.023946,-0.963849,0.419439,0.0,0.0,0.0,0.112374,0.091782,0.891801,0.0,0.0,0.0,-0.826442,0.202365,0.674926,1.019652,-0.100071,0.017152,-0.089364,-0.052958,-0.058288,0.313501,-0.258734,0.051387,0.004892,-0.03399,-0.004892,-0.071073,-0.092124,0.028207,-0.092124,-0.200247,
-0.023834,-0.963757,0.420331,0.0,0.0,0.0,0.112367,0.091782,0.891687,0.0,0.0,0.0,-0.827997,0.203435,0.676092,1.017295,-0.100487,0.017042,-0.087843,-0.052742,-0.056974,0.313751,-0.259936,0.051234,0.006201,-0.034039,-0.006201,-0.070067,-0.093436,0.028064,-0.093436,-0.202235,
-0.023722,-0.963665,0.421223,0.0,0.0,0.0,0.112374,0.091782,0.891763,0.0,0.0,0.0,-0.829552,0.204506,0.677258,1.014939,-0.100903,0.016932,-0.086322,-0.052526,-0.055661,0.314002,-0.261138,0.05108,0.00751,-0.034089,-0.00751,-0.069061,-0.094749,0.027921,-0.094749,-0.204222,
-0.023609,-0.963573,0.422114,0.0,0.0,0.0,0.112367,0.091782,0.891725,0.0,0.0,0.0,-0.831107,0.205576,0.678423,1.012582,-0.101319,0.016823,-0.084801,-0.05231,-0.054347,0.314252,-0.26234,0.050926,0.008819,-0.034138,-0.008819,-0.068055,-0.096061,0.027778,-0.096061,-0.20621,
-0.023497,-0.963482,0.423006,0.0,0.0,0.0,0.112374,0.091782,0.891763,0.0,0.0,0.0,-0.832663,0.206647,0.679589,1.010225,-0.101735,0.016713,-0.08328,-0.052094,-0.053033,0.314502,-0.263542,0.050772,0.010129,-0.034188,-0.010129,-0.067049,-0.097374,0.027636,-0.097374,-0.208197,
-0.023385,-0.96339,0.423898,0.0,0.0,0.0,0.112367,0.091782,0.891725,0.0,0.0,0.0,-0.834218,0.207718,0.680755,1.007868,-0.102152,0.016603,-0.081759,-0.051878,-0.05172,0.314753,-0.264744,0.050618,0.011438,-0.034237,-0.011438,-0.066043,-0.098686,0.027493,-0.098686,-0.210184,
-0.023272,-0.963298,0.42479,0.0,0.0,0.0,0.112374,0.091782,0.891763,0.0,0.0,0.0,-0.835773,0.208788,0.681921,1.005511,-0.102568,0.016493,-0.080238,-0.051662,-0.050406,0.315003,-0.265946,0.050464,0.012747,-0.034287,-0.012747,-0.065037,-0.099998,0.02735,-0.099998,-0.212172,
-0.02316,-0.963206,0.425681,0.0,0.0,0.0,0.112367,0.091782,0.891725,0.0,0.0,0.0,-0.837328,0.209859,0.683087,1.003155,-0.102984,0.016383,-0.078717,-0.051446,-0.049093,0.315253,-0.267148,0.05031,0.014057,-0.034336,-0.014057,-0.064031,-0.101311,0.027207,-0.101311,-0.214159,
-0.023048,-0.963114,0.426573,0.0,0.0,0.0,0.112367,0.091782,0.891687,0.0,0.0,0.0,-0.838884,0.210929,0.684253,1.000798,-0.1034,0.016273,-0.077197,-0.05123,-0.047779,0.315503,-0.26835,0.050157,0.015366,-0.034385,-0.015366,-0.063025,-0.102623,0.027064,-0.102623,-0.216146,
-0.022935,-0.963023,0.427465,0.0,0.0,0.0,0.112374,0.091782,0.891801,0.0,0.0,0.0,-0.840439,0.212,0.685419,0.998442,-0.103816,0.016163,-0.075676,-0.051014,-0.046466,0.315754,-0.269552,0.050003,0.016675,-0.034435,-0.016675,-0.062019,-0.103936,0.026921,-0.103936,-0.218134,
-0.022823,-0.962931,0.428357,0.0,0.0,0.0,0.112367,0.091782,0.891687,0.0,0.0,0.0,-0.841994,0.21307,0.686585,0.996085,-0.104232,0.016054,-0.074155,-0.050799,-0.045152,0.316004,-0.270754,0.049849,0.017984,-0.034484,-0.017984,-0.061013,-0.105248,0.026779,-0.105248,-0.220121,
-0.02271,-0.962839,0.429248,0.0,0.0,0.0,0.112374,0.091782,0.891763,0.0,0.0,0.0,-0.843549,0.214141,0.687751,0.993729,-0.104649,0.015944,-0.072634,-0.050583,-0.043839,0.316254,-0.271956,0.049695,0.019294,-0.034534,-0.019294,-0.060007,-0.10656,0.026636,-0.10656,-0.222108,
-0.022598,-0.962747,0.43014,0.0,0.0,0.0,0.112364,0.091782,0.891725,0.0,0.0,0.0,-0.845104,0.215211,0.688916,0.991373,-0.105065,0.015834,-0.071113,-0.050367,-0.042525,0.316504,-0.273158,0.049541,0.020603,-0.034583,-0.020603,-0.059002,-0.107873,0.026493,-0.107873,-0.224095,
-0.022486,-0.962655,0.431032,0.0,0.0,0.0,0.112374,0.091782,0.891763,0.0,0.0,0.0,-0.846659,0.216282,0.690082,0.989017,-0.105481,0.015724,-0.069592,-0.050151,-0.041212,0.316755,-0.274359,0.049387,0.021912,-0.034633,-0.021912,-0.057996,-0.109185,0.02635,-0.109185,-0.226082,
-0.022373,-0.962564,0.431924,0.0,0.0,0.0,0.112367,0.091782,0.891725,0.0,0.0,0.0,-0.848214,0.217352,0.691248,0.98666,-0.105897,0.015614,-0.068072,-0.049935,-0.039898,0.317005,-0.275561,0.049233,0.023221,-0.034682,-0.023221,-0.05699,-0.110497,0.026207,-0.110497,-0.228069,
-0.022261,-0.962472,0.432815,0.0,0.0,0.0,0.112367,0.091782,0.891725,0.0,0.0,0.0,-0.849769,0.218423,0.692414,0.984305,-0.106313,0.015504,-0.066551,-0.049719,-0.038585,0.317255,-0.276763,0.04908,0.02453,-0.034732,-0.02453,-0.055984,-0.11181,0.026064,-0.11181,-0.230056,
-0.022121,-0.962369,0.433723,0.0,0.0,0.0,0.139485,0.102844,0.908128,0.0,0.0,0.0,-0.850268,0.218895,0.69275,0.980855,-0.106905,0.01528,-0.064707,-0.049509,-0.037014,0.317166,-0.277804,0.048886,0.025765,-0.034675,-0.025765,-0.055275,-0.113043,0.025892,-0.113043,-0.232182,
-0.021982,-0.962266,0.434632,0.0,0.0,0.0,0.139628,0.102921,0.908167,0.0,0.0,0.0,-0.850761,0.219364,0.693081,0.977398,-0.107497,0.015054,-0.062862,-0.049299,-0.035441,0.317075,-0.278845,0.048691,0.027,-0.034619,-0.027,-0.054568,-0.114277,0.02572,-0.114277,-0.234308,
-0.021842,-0.962163,0.43554,0.0,0.0,0.0,0.139635,0.102921,0.908243,0.0,0.0,0.0,-0.851253,0.219832,0.693412,0.973942,-0.10809,0.014829,-0.061017,-0.049089,-0.033868,0.316984,-0.279885,0.048497,0.028234,-0.034562,-0.028234,-0.053861,-0.11551,0.025548,-0.11551,-0.236434,
-0.021703,-0.96206,0.436448,0.0,0.0,0.0,0.139625,0.102844,0.908205,0.0,0.0,0.0,-0.851746,0.220301,0.693744,0.970485,-0.108682,0.014604,-0.059171,-0.048878,-0.032295,0.316894,-0.280925,0.048303,0.029468,-0.034505,-0.029468,-0.053154,-0.116743,0.025376,-0.116743,-0.23856,
-0.021563,-0.961957,0.437356,0.0,0.0,0.0,0.139635,0.102921,0.908205,0.0,0.0,0.0,-0.852238,0.22077,0.694075,0.967028,-0.109274,0.014379,-0.057326,-0.048668,-0.030722,0.316803,-0.281966,0.048109,0.030703,-0.034448,-0.030703,-0.052447,-0.117976,0.025204,-0.117976,-0.240686,
-0.021423,-0.961855,0.438264,0.0,0.0,0.0,0.139628,0.102921,0.908205,0.0,0.0,0.0,-0.852731,0.221239,0.694406,0.963571,-0.109867,0.014153,-0.05548,-0.048458,-0.029149,0.316712,-0.283006,0.047915,0.031937,-0.034391,-0.031937,-0.05174,-0.119209,0.025032,-0.119209,-0.242813,
-0.021284,-0.961752,0.439173,0.0,0.0,0.0,0.139635,0.102844,0.908205,0.0,0.0,0.0,-0.853224,0.221708,0.694737,0.960113,-0.110459,0.013928,-0.053635,-0.048248,-0.027576,0.316621,-0.284046,0.047721,0.033172,-0.034335,-0.033172,-0.051033,-0.120442,0.02486,-0.120442,-0.244939,
-0.021144,-0.961649,0.440081,0.0,0.0,0.0,0.139625,0.102921,0.908205,0.0,0.0,0.0,-0.853716,0.222177,0.695069,0.956655,-0.111052,0.013703,-0.051789,-0.048038,-0.026003,0.31653,-0.285086,0.047527,0.034406,-0.034278,-0.034406,-0.050326,-0.121676,0.024687,-0.121676,-0.247065,
-0.021004,-0.961546,0.440989,0.0,0.0,0.0,0.139628,0.102921,0.908167,0.0,0.0,0.0,-0.854209,0.222645,0.6954,0.953197,-0.111644,0.013478,-0.049944,-0.047828,-0.02443,0.316439,-0.286127,0.047332,0.035641,-0.034221,-0.035641,-0.049619,-0.122909,0.024515,-0.122909,-0.249192,
-0.020865,-0.961443,0.441897,0.0,0.0,0.0,0.139635,0.102921,0.908243,0.0,0.0,0.0,-0.854702,0.223114,0.695731,0.949739,-0.112237,0.013253,-0.048098,-0.047618,-0.022857,0.316348,-0.287167,0.047138,0.036875,-0.034164,-0.036875,-0.048912,-0.124142,0.024343,-0.124142,-0.251318,
-0.020725,-0.96134,0.442805,0.0,0.0,0.0,0.139625,0.102844,0.908167,0.0,0.0,0.0,-0.855194,0.223583,0.696062,0.946281,-0.112829,0.013027,-0.046252,-0.047407,-0.021284,0.316258,-0.288207,0.046944,0.03811,-0.034108,-0.03811,-0.048205,-0.125375,0.024171,-0.125375,-0.253445,
-0.020586,-0.961237,0.443714,0.0,0.0,0.0,0.139635,0.102921,0.908243,0.0,0.0,0.0,-0.855687,0.224052,0.696394,0.942822,-0.113422,0.012802,-0.044407,-0.047197,-0.019711,0.316167,-0.289248,0.04675,0.039344,-0.034051,-0.039344,-0.047498,-0.126609,0.023999,-0.126609,-0.255571,
-0.020446,-0.961134,0.444622,0.0,0.0,0.0,0.139628,0.102921,0.908167,0.0,0.0,0.0,-0.85618,0.224521,0.696725,0.939364,-0.114014,0.012577,-0.042561,-0.046987,-0.018138,0.316076,-0.290288,0.046556,0.040579,-0.033994,-0.040579,-0.046791,-0.127842,0.023827,-0.127842,-0.257698,
-0.020306,-0.961031,0.44553,0.0,0.0,0.0,0.139635,0.102844,0.908243,0.0,0.0,0.0,-0.856672,0.22499,0.697056,0.935905,-0.114606,0.012352,-0.040715,-0.046777,-0.016565,0.315985,-0.291328,0.046362,0.041813,-0.033937,-0.041813,-0.046084,-0.129075,0.023655,-0.129075,-0.259825,
-0.020167,-0.960928,0.446438,0.0,0.0,0.0,0.139625,0.102921,0.908167,0.0,0.0,0.0,-0.857165,0.225458,0.697387,0.932447,-0.115199,0.012126,-0.03887,-0.046567,-0.014992,0.315894,-0.292369,0.046168,0.043048,-0.033881,-0.043048,-0.045378,-0.130308,0.023482,-0.130308,-0.261951,
-0.020027,-0.960826,0.447346,0.0,0.0,0.0,0.139628,0.102921,0.908205,0.0,0.0,0.0,-0.857657,0.225927,0.697718,0.928988,-0.115791,0.011901,-0.037024,-0.046357,-0.013419,0.315803,-0.293409,0.045973,0.044282,-0.033824,-0.044282,-0.044671,-0.131542,0.02331,-0.131542,-0.264078,
-0.019887,-0.960723,0.448255,0.0,0.0,0.0,0.139635,0.102844,0.908243,0.0,0.0,0.0,-0.85815,0.226396,0.69805,0.92553,-0.116384,0.011676,-0.035178,-0.046146,-0.011846,0.315712,-0.294449,0.045779,0.045517,-0.033767,-0.045517,-0.043964,-0.132775,0.023138,-0.132775,-0.266205,
-0.019748,-0.96062,0.449163,0.0,0.0,0.0,0.139625,0.102921,0.908167,0.0,0.0,0.0,-0.858643,0.226865,0.698381,0.922071,-0.116976,0.011451,-0.033333,-0.045936,-0.010273,0.315622,-0.29549,0.045585,0.046752,-0.03371,-0.046752,-0.043257,-0.134008,0.022966,-0.134008,-0.268331,
-0.019608,-0.960517,0.450071,0.0,0.0,0.0,0.139636,0.102921,0.908243,0.0,0.0,0.0,-0.859135,0.227334,0.698712,0.918612,-0.117569,0.011225,-0.031487,-0.045726,-0.0087,0.315531,-0.29653,0.045391,0.047986,-0.033653,-0.047986,-0.04255,-0.135241,0.022794,-0.135241,-0.270458,
-0.019468,-0.960414,0.450979,0.0,0.0,0.0,0.139625,0.102844,0.908167,0.0,0.0,0.0,-0.859628,0.227803,0.699043,0.915154,-0.118161,0.011,-0.029641,-0.045516,-0.007127,0.31544,-0.29757,0.045197,0.049221,-0.033597,-0.049221,-0.041843,-0.136475,0.022622,-0.136475,-0.272584,
-0.019329,-0.960311,0.451887,0.0,0.0,0.0,0.139636,0.102921,0.908243,0.0,0.0,0.0,-0.860121,0.228271,0.699375,0.911695,-0.118754,0.010775,-0.027795,-0.045306,-0.005553,0.315349,-0.298611,0.045003,0.050455,-0.03354,-0.050455,-0.041136,-0.137708,0.02245,-0.137708,-0.274711,
-0.019189,-0.960208,0.452796,0.0,0.0,0.0,0.139625,0.102921,0.908167,0.0,0.0,0.0,-0.860613,0.22874,0.699706,0.908237,-0.119346,0.01055,-0.02595,-0.045096,-0.00398,0.315258,-0.299651,0.044809,0.05169,-0.033483,-0.05169,-0.040429,-0.138941,0.022278,-0.138941,-0.276838,
-0.01905,-0.960105,0.453704,0.0,0.0,0.0,0.139636,0.102921,0.908243,0.0,0.0,0.0,-0.861106,0.229209,0.700037,0.904779,-0.119938,0.010325,-0.024104,-0.044885,-0.002407,0.315167,-0.300691,0.044614,0.052924,-0.033426,-0.052924,-0.039722,-0.140174,0.022105,-0.140174,-0.278964,
-0.01891,-0.960002,0.454612,0.0,0.0,0.0,0.139627,0.102844,0.908167,0.0,0.0,0.0,-0.861599,0.229678,0.700369,0.90132,-0.120531,0.010099,-0.022259,-0.044675,-0.000834,0.315076,-0.301732,0.04442,0.054159,-0.03337,-0.054159,-0.039015,-0.141408,0.021933,-0.141408,-0.281091,
-0.01877,-0.9599,0.45552,0.0,0.0,0.0,0.139625,0.102921,0.908167,0.0,0.0,0.0,-0.862091,0.230147,0.7007,0.897863,-0.121123,0.009874,-0.020413,-0.044465,0.000739,0.314986,-0.302772,0.044226,0.055393,-0.033313,-0.055393,-0.038308,-0.142641,0.021761,-0.142641,-0.283217,
-0.018631,-0.959797,0.456428,0.0,0.0,0.0,0.139636,0.102921,0.908243,0.0,0.0,0.0,-0.862584,0.230615,0.701031,0.894405,-0.121716,0.009649,-0.018567,-0.044255,0.002312,0.314895,-0.303812,0.044032,0.056628,-0.033256,-0.056628,-0.037601,-0.143874,0.021589,-0.143874,-0.285343,
-0.018491,-0.959694,0.457337,0.0,0.0,0.0,0.139625,0.102844,0.908205,0.0,0.0,0.0,-0.863076,0.231084,0.701362,0.890947,-0.122308,0.009424,-0.016722,-0.044045,0.003885,0.314804,-0.304853,0.043838,0.057862,-0.033199,-0.057862,-0.036894,-0.145107,0.021417,-0.145107,-0.28747,
-0.018351,-0.959591,0.458245,0.0,0.0,0.0,0.139636,0.102921,0.908205,0.0,0.0,0.0,-0.863569,0.231553,0.701694,0.88749,-0.122901,0.009198,-0.014876,-0.043835,0.005458,0.314713,-0.305893,0.043644,0.059097,-0.033143,-0.059097,-0.036187,-0.14634,0.021245,-0.14634,-0.289596,
-0.018212,-0.959488,0.459153,0.0,0.0,0.0,0.139627,0.102921,0.908205,0.0,0.0,0.0,-0.864062,0.232022,0.702025,0.884033,-0.123493,0.008973,-0.013031,-0.043625,0.00703,0.314622,-0.306933,0.04345,0.060331,-0.033086,-0.060331,-0.03548,-0.147574,0.021073,-0.147574,-0.291722,
-0.018072,-0.959385,0.460061,0.0,0.0,0.0,0.139635,0.102844,0.908243,0.0,0.0,0.0,-0.864554,0.232491,0.702356,0.880575,-0.124086,0.008748,-0.011185,-0.043414,0.008603,0.314531,-0.307974,0.043255,0.061566,-0.033029,-0.061566,-0.034773,-0.148807,0.0209,-0.148807,-0.293849,
-0.017933,-0.959282,0.460969,0.0,0.0,0.0,0.139627,0.102921,0.908167,0.0,0.0,0.0,-0.865047,0.23296,0.702687,0.877119,-0.124678,0.008523,-0.00934,-0.043204,0.010176,0.31444,-0.309014,0.043061,0.0628,-0.032972,-0.0628,-0.034066,-0.15004,0.020728,-0.15004,-0.295975,
-0.017793,-0.959179,0.461878,0.0,0.0,0.0,0.139625,0.102921,0.908167,0.0,0.0,0.0,-0.86554,0.233428,0.703019,0.873663,-0.12527,0.008298,-0.007495,-0.042994,0.011749,0.31435,-0.310054,0.042867,0.064034,-0.032915,-0.064034,-0.033359,-0.151273,0.020556,-0.151273,-0.298101,
-0.017653,-0.959076,0.462786,0.0,0.0,0.0,0.139636,0.102844,0.908243,0.0,0.0,0.0,-0.866032,0.233897,0.70335,0.870206,-0.125863,0.008072,-0.005649,-0.042784,0.013322,0.314259,-0.311094,0.042673,0.065269,-0.032859,-0.065269,-0.032652,-0.152506,0.020384,-0.152506,-0.300227,
-0.0175,-0.958974,0.463703,0.0,0.0,0.0,0.153183,0.102692,0.916673,0.0,0.0,0.0,-0.865869,0.233966,0.703197,0.866317,-0.126422,0.007807,-0.003481,-0.042609,0.015155,0.313794,-0.311944,0.042458,0.066418,-0.03271,-0.066418,-0.032099,-0.153656,0.020205,-0.153656,-0.302331,
-0.01734,-0.958871,0.464624,0.0,0.0,0.0,0.160156,0.102616,0.92106,0.0,0.0,0.0,-0.865369,0.233828,0.702796,0.862205,-0.126963,0.007521,-0.001145,-0.042451,0.017122,0.313136,-0.312695,0.042233,0.067523,-0.032514,-0.067523,-0.031624,-0.154762,0.020022,-0.154762,-0.304424,
-0.01718,-0.958769,0.465545,0.0,0.0,0.0,0.160145,0.102539,0.921022,0.0,0.0,0.0,-0.86487,0.233691,0.702394,0.858093,-0.127504,0.007236,0.00119,-0.042294,0.019089,0.312478,-0.313447,0.042008,0.068628,-0.032318,-0.068628,-0.03115,-0.155868,0.019838,-0.155868,-0.306517,
-0.01702,-0.958666,0.466466,0.0,0.0,0.0,0.160156,0.102616,0.921098,0.0,0.0,0.0,-0.86437,0.233554,0.701993,0.85398,-0.128046,0.00695,0.003525,-0.042137,0.021056,0.311821,-0.314198,0.041782,0.069733,-0.032122,-0.069733,-0.030676,-0.156975,0.019655,-0.156975,-0.30861,
-0.016859,-0.958563,0.467387,0.0,0.0,0.0,0.160145,0.102539,0.921022,0.0,0.0,0.0,-0.86387,0.233417,0.701592,0.849867,-0.128587,0.006665,0.00586,-0.041979,0.023023,0.311163,-0.31495,0.041557,0.070838,-0.031926,-0.070838,-0.030202,-0.158081,0.019472,-0.158081,-0.310703,
-0.016699,-0.958461,0.468308,0.0,0.0,0.0,0.160154,0.102616,0.921098,0.0,0.0,0.0,-0.86337,0.23328,0.70119,0.845753,-0.129129,0.006379,0.008195,-0.041822,0.02499,0.310506,-0.315701,0.041332,0.071943,-0.03173,-0.071943,-0.029727,-0.159187,0.019289,-0.159187,-0.312796,
-0.016539,-0.958358,0.469229,0.0,0.0,0.0,0.160145,0.102539,0.921022,0.0,0.0,0.0,-0.86287,0.233143,0.700789,0.841639,-0.12967,0.006093,0.010531,-0.041664,0.026957,0.309848,-0.316452,0.041107,0.073048,-0.031534,-0.073048,-0.029253,-0.160294,0.019106,-0.160294,-0.314889,
-0.016379,-0.958256,0.47015,0.0,0.0,0.0,0.160145,0.102616,0.921022,0.0,0.0,0.0,-0.86237,0.233005,0.700388,0.837525,-0.130211,0.005808,0.012866,-0.041507,0.028925,0.30919,-0.317204,0.040881,0.074154,-0.031338,-0.074154,-0.028779,-0.1614,0.018923,-0.1614,-0.316982,
-0.016219,-0.958153,0.471071,0.0,0.0,0.0,0.160156,0.102539,0.92106,0.0,0.0,0.0,-0.86187,0.232868,0.699987,0.83341,-0.130753,0.005522,0.015202,-0.04135,0.030892,0.308533,-0.317955,0.040656,0.075259,-0.031142,-0.075259,-0.028304,-0.162507,0.01874,-0.162507,-0.319075,
-0.016059,-0.95805,0.471992,0.0,0.0,0.0,0.160145,0.102616,0.92106,0.0,0.0,0.0,-0.861371,0.232731,0.699585,0.829295,-0.131294,0.005236,0.017537,-0.041193,0.032859,0.307875,-0.318707,0.040431,0.076364,-0.030946,-0.076364,-0.02783,-0.163613,0.018557,-0.163613,-0.321169,
-0.015899,-0.957948,0.472913,0.0,0.0,0.0,0.160156,0.102539,0.92106,0.0,0.0,0.0,-0.860871,0.232594,0.699184,0.82518,-0.131836,0.004951,0.019873,-0.041035,0.034827,0.307218,-0.319458,0.040206,0.077469,-0.03075,-0.077469,-0.027356,-0.164719,0.018374,-0.164719,-0.323262,
-0.015738,-0.957845,0.473834,0.0,0.0,0.0,0.160145,0.102616,0.921022,0.0,0.0,0.0,-0.860371,0.232457,0.698783,0.821064,-0.132377,0.004665,0.022208,-0.040878,0.036794,0.30656,-0.32021,0.03998,0.078574,-0.030555,-0.078574,-0.026882,-0.165826,0.01819,-0.165826,-0.325355,
-0.015578,-0.957743,0.474755,0.0,0.0,0.0,0.160156,0.102539,0.921098,0.0,0.0,0.0,-0.859871,0.23232,0.698381,0.816948,-0.132918,0.004379,0.024544,-0.040721,0.038761,0.305902,-0.320961,0.039755,0.079679,-0.030359,-0.079679,-0.026407,-0.166932,0.018007,-0.166932,-0.327449,
-0.015418,-0.95764,0.475676,0.0,0.0,0.0,0.160145,0.102616,0.921022,0.0,0.0,0.0,-0.859371,0.232183,0.69798,0.812833,-0.13346,0.004094,0.02688,-0.040563,0.040729,0.305245,-0.321712,0.03953,0.080785,-0.030163,-0.080785,-0.025933,-0.168039,0.017824,-0.168039,-0.329542,
-0.015258,-0.957538,0.476597,0.0,0.0,0.0,0.160145,0.102539,0.921022,0.0,0.0,0.0,-0.858871,0.232045,0.697579,0.808717,-0.134001,0.003808,0.029215,-0.040406,0.042696,0.304587,-0.322464,0.039304,0.08189,-0.029967,-0.08189,-0.025459,-0.169145,0.017641,-0.169145,-0.331635,
-0.015098,-0.957435,0.477518,0.0,0.0,0.0,0.160154,0.102616,0.921098,0.0,0.0,0.0,-0.858372,0.231908,0.697177,0.804601,-0.134543,0.003522,0.031551,-0.040248,0.044663,0.30393,-0.323215,0.039079,0.082995,-0.029771,-0.082995,-0.024984,-0.170251,0.017458,-0.170251,-0.333729,
-0.014938,-0.957332,0.478439,0.0,0.0,0.0,0.160145,0.102539,0.921022,0.0,0.0,0.0,-0.857872,0.231771,0.696776,0.800485,-0.135084,0.003237,0.033887,-0.040091,0.046631,0.303272,-0.323967,0.038854,0.0841,-0.029575,-0.0841,-0.02451,-0.171358,0.017275,-0.171358,-0.335822,
-0.014778,-0.95723,0.47936,0.0,0.0,0.0,0.160156,0.102616,0.92106,0.0,0.0,0.0,-0.857372,0.231634,0.696375,0.796369,-0.135626,0.002951,0.036223,-0.039934,0.048598,0.302615,-0.324718,0.038629,0.085205,-0.029379,-0.085205,-0.024036,-0.172464,0.017092,-0.172464,-0.337916,
-0.014617,-0.957127,0.480281,0.0,0.0,0.0,0.160145,0.102539,0.921022,0.0,0.0,0.0,-0.856872,0.231497,0.695973,0.792253,-0.136167,0.002665,0.038558,-0.039776,0.050565,0.301957,-0.32547,0.038403,0.08631,-0.029183,-0.08631,-0.023562,-0.173571,0.016909,-0.173571,-0.340009,
-0.014457,-0.957025,0.481203,0.0,0.0,0.0,0.160156,0.102616,0.921098,0.0,0.0,0.0,-0.856372,0.231359,0.695572,0.788137,-0.136708,0.00238,0.040894,-0.039619,0.052533,0.301299,-0.326221,0.038178,0.087416,-0.028987,-0.087416,-0.023087,-0.174677,0.016725,-0.174677,-0.342102,
-0.014297,-0.956922,0.482124,0.0,0.0,0.0,0.160145,0.102539,0.921022,0.0,0.0,0.0,-0.855872,0.231222,0.695171,0.784021,-0.13725,0.002094,0.04323,-0.039462,0.0545,0.300642,-0.326973,0.037953,0.088521,-0.028791,-0.088521,-0.022613,-0.175784,0.016542,-0.175784,-0.344196,
-0.014137,-0.95682,0.483045,0.0,0.0,0.0,0.160156,0.102616,0.921098,0.0,0.0,0.0,-0.855372,0.231085,0.694769,0.779905,-0.137791,0.001808,0.045566,-0.039304,0.056468,0.299984,-0.327724,0.037728,0.089626,-0.028595,-0.089626,-0.022139,-0.17689,0.016359,-0.17689,-0.346289,
-0.013977,-0.956717,0.483966,0.0,0.0,0.0,0.160145,0.102539,0.921022,0.0,0.0,0.0,-0.854873,0.230948,0.694368,0.77579,-0.138333,0.001523,0.047901,-0.039147,0.058435,0.299327,-0.328475,0.037502,0.090731,-0.028399,-0.090731,-0.021664,-0.177996,0.016176,-0.177996,-0.348382,
-0.013817,-0.956614,0.484887,0.0,0.0,0.0,0.160145,0.102616,0.921022,0.0,0.0,0.0,-0.854373,0.230811,0.693967,0.771675,-0.138874,0.001237,0.050237,-0.03899,0.060402,0.298669,-0.329227,0.037277,0.091836,-0.028203,-0.091836,-0.02119,-0.179103,0.015993,-0.179103,-0.350476,
-0.013657,-0.956512,0.485808,0.0,0.0,0.0,0.160154,0.102539,0.92106,0.0,0.0,0.0,-0.853873,0.230674,0.693565,0.767559,-0.139415,0.000952,0.052572,-0.038832,0.062369,0.298011,-0.329978,0.037052,0.092941,-0.028007,-0.092941,-0.020716,-0.180209,0.01581,-0.180209,-0.352569,
-0.013496,-0.956409,0.486729,0.0,0.0,0.0,0.160145,0.102616,0.921022,0.0,0.0,0.0,-0.853373,0.230536,0.693164,0.763445,-0.139957,0.000666,0.054908,-0.038675,0.064337,0.297354,-0.33073,0.036827,0.094046,-0.027811,-0.094046,-0.020241,-0.181316,0.015627,-0.181316,-0.354662,
-0.013336,-0.956307,0.48765,0.0,0.0,0.0,0.160156,0.102539,0.921098,0.0,0.0,0.0,-0.852873,0.230399,0.692763,0.75933,-0.140498,0.00038,0.057243,-0.038518,0.066304,0.296696,-0.331481,0.036601,0.095152,-0.027615,-0.095152,-0.019767,-0.182422,0.015444,-0.182422,-0.356755,
-0.013176,-0.956204,0.488571,0.0,0.0,0.0,0.160145,0.102616,0.921022,0.0,0.0,0.0,-0.852373,0.230262,0.692362,0.755216,-0.14104,0.000095,0.059579,-0.03836,0.068271,0.296039,-0.332233,0.036376,0.096257,-0.027419,-0.096257,-0.019293,-0.183528,0.015261,-0.183528,-0.358848,
-0.013016,-0.956102,0.489492,0.0,0.0,0.0,0.160156,0.102539,0.921098,0.0,0.0,0.0,-0.851874,0.230125,0.69196,0.751102,-0.141581,-0.000191,0.061914,-0.038203,0.070238,0.295381,-0.332984,0.036151,0.097362,-0.027223,-0.097362,-0.018819,-0.184635,0.015077,-0.184635,-0.360942,
-0.012856,-0.955999,0.490413,0.0,0.0,0.0,0.160145,0.102616,0.921022,0.0,0.0,0.0,-0.851374,0.229988,0.691559,0.746989,-0.142122,-0.000477,0.064249,-0.038046,0.072205,0.294724,-0.333735,0.035925,0.098467,-0.027027,-0.098467,-0.018344,-0.185741,0.014894,-0.185741,-0.363035,
-0.012696,-0.955896,0.491334,0.0,0.0,0.0,0.160145,0.102539,0.921022,0.0,0.0,0.0,-0.850874,0.229851,0.691158,0.742876,-0.142664,-0.000762,0.066584,-0.037888,0.074172,0.294066,-0.334487,0.0357,0.099572,-0.026831,-0.099572,-0.01787,-0.186847,0.014711,-0.186847,-0.365128,
-0.012535,-0.955794,0.492255,0.0,0.0,0.0,0.160156,0.102616,0.92106,0.0,0.0,0.0,-0.850374,0.229713,0.690756,0.738764,-0.143205,-0.001048,0.06892,-0.037731,0.076139,0.293408,-0.335238,0.035475,0.100677,-0.026636,-0.100677,-0.017396,-0.187954,0.014528,-0.187954,-0.36722,
-0.012375,-0.955691,0.493176,0.0,0.0,0.0,0.160145,0.102539,0.921022,0.0,0.0,0.0,-0.849874,0.229576,0.690355,0.734652,-0.143747,-0.001334,0.071254,-0.037574,0.078106,0.292751,-0.33599,0.03525,0.101782,-0.02644,-0.101782,-0.016921,-0.18906,0.014345,-0.18906,-0.369313,
-0.012211,-0.955592,0.4941,0.0,0.0,0.0,0.16466,0.098725,0.924112,0.0,0.0,0.0,-0.849112,0.229298,0.689759,0.730573,-0.144234,-0.001625,0.07353,-0.037434,0.080026,0.292185,-0.336672,0.03502,0.102829,-0.02622,-0.102829,-0.016508,-0.190107,0.014166,-0.190107,-0.371338,
-0.012037,-0.955502,0.49503,0.0,0.0,0.0,0.173923,0.090866,0.930254,0.0,0.0,0.0,-0.847809,0.228728,0.688762,0.726561,-0.144611,-0.001927,0.075684,-0.037332,0.081849,0.29181,-0.337211,0.03478,0.103755,-0.025951,-0.103755,-0.016221,-0.191033,0.013996,-0.191033,-0.373221,
-0.011863,-0.955411,0.495961,0.0,0.0,0.0,0.173934,0.09079,0.930292,0.0,0.0,0.0,-0.846505,0.228159,0.687765,0.722549,-0.144987,-0.002229,0.077837,-0.03723,0.083671,0.291434,-0.33775,0.03454,0.104682,-0.025681,-0.104682,-0.015933,-0.191959,0.013825,-0.191959,-0.375105,
-0.011689,-0.95532,0.496891,0.0,0.0,0.0,0.173923,0.090866,0.930254,0.0,0.0,0.0,-0.845202,0.227589,0.686767,0.718536,-0.145363,-0.002531,0.079991,-0.037127,0.085494,0.291059,-0.338289,0.0343,0.105608,-0.025412,-0.105608,-0.015646,-0.192885,0.013655,-0.192885,-0.376988,
-0.011515,-0.955229,0.497821,0.0,0.0,0.0,0.173934,0.09079,0.93033,0.0,0.0,0.0,-0.843899,0.227019,0.68577,0.714522,-0.14574,-0.002833,0.082145,-0.037025,0.087317,0.290683,-0.338828,0.03406,0.106534,-0.025143,-0.106534,-0.015358,-0.193811,0.013485,-0.193811,-0.378872,
-0.011341,-0.955138,0.498752,0.0,0.0,0.0,0.173923,0.09079,0.930254,0.0,0.0,0.0,-0.842595,0.22645,0.684773,0.710508,-0.146116,-0.003135,0.084299,-0.036923,0.08914,0.290308,-0.339367,0.03382,0.10746,-0.024874,-0.10746,-0.015071,-0.194737,0.013315,-0.194737,-0.380756,
-0.011167,-0.955048,0.499682,0.0,0.0,0.0,0.173922,0.090866,0.930254,0.0,0.0,0.0,-0.841292,0.22588,0.683776,0.706494,-0.146493,-0.003437,0.086453,-0.036821,0.090963,0.289932,-0.339906,0.03358,0.108387,-0.024605,-0.108387,-0.014783,-0.195663,0.013144,-0.195663,-0.382639,
-0.010993,-0.954957,0.500612,0.0,0.0,0.0,0.173935,0.09079,0.930292,0.0,0.0,0.0,-0.839988,0.225311,0.682779,0.70248,-0.146869,-0.00374,0.088607,-0.036718,0.092786,0.289557,-0.340445,0.03334,0.109313,-0.024335,-0.109313,-0.014496,-0.196589,0.012974,-0.196589,-0.384523,
-0.010819,-0.954866,0.501542,0.0,0.0,0.0,0.173922,0.090866,0.930254,0.0,0.0,0.0,-0.838685,0.224741,0.681782,0.698465,-0.147246,-0.004042,0.090761,-0.036616,0.094609,0.289181,-0.340984,0.0331,0.110239,-0.024066,-0.110239,-0.014208,-0.197515,0.012804,-0.197515,-0.386407,
-0.010645,-0.954775,0.502473,0.0,0.0,0.0,0.173935,0.09079,0.930292,0.0,0.0,0.0,-0.837382,0.224172,0.680784,0.69445,-0.147622,-0.004344,0.092915,-0.036514,0.096432,0.288806,-0.341523,0.032861,0.111166,-0.023797,-0.111166,-0.013921,-0.198441,0.012633,-0.198441,-0.388291,
-0.010471,-0.954684,0.503403,0.0,0.0,0.0,0.173922,0.090866,0.930254,0.0,0.0,0.0,-0.836078,0.223602,0.679787,0.690435,-0.147998,-0.004646,0.095069,-0.036411,0.098254,0.28843,-0.342062,0.032621,0.112092,-0.023528,-0.112092,-0.013633,-0.199367,0.012463,-0.199367,-0.390174,
-0.010297,-0.954593,0.504333,0.0,0.0,0.0,0.173935,0.09079,0.93033,0.0,0.0,0.0,-0.834775,0.223033,0.67879,0.686419,-0.148375,-0.004948,0.097223,-0.036309,0.100078,0.288054,-0.342601,0.032381,0.113018,-0.023259,-0.113018,-0.013346,-0.200292,0.012293,-0.200292,-0.392058,
-0.010124,-0.954503,0.505263,0.0,0.0,0.0,0.173922,0.090866,0.930254,0.0,0.0,0.0,-0.833472,0.222463,0.677793,0.682403,-0.148751,-0.00525,0.099377,-0.036207,0.101901,0.287679,-0.34314,0.032141,0.113945,-0.022989,-0.113945,-0.013058,-0.201218,0.012123,-0.201218,-0.393942,
-0.00995,-0.954412,0.506194,0.0,0.0,0.0,0.173924,0.09079,0.930216,0.0,0.0,0.0,-0.832168,0.221894,0.676795,0.678388,-0.149128,-0.005552,0.101531,-0.036105,0.103724,0.287303,-0.343679,0.031901,0.114871,-0.02272,-0.114871,-0.012771,-0.202144,0.011952,-0.202144,-0.395826,
-0.009776,-0.954321,0.507124,0.0,0.0,0.0,0.173934,0.09079,0.93033,0.0,0.0,0.0,-0.830865,0.221324,0.675798,0.674371,-0.149504,-0.005855,0.103685,-0.036002,0.105547,0.286928,-0.344218,0.031661,0.115797,-0.022451,-0.115797,-0.012483,-0.20307,0.011782,-0.20307,-0.39771,
-0.009602,-0.95423,0.508054,0.0,0.0,0.0,0.173923,0.090866,0.930254,0.0,0.0,0.0,-0.829561,0.220754,0.674801,0.670356,-0.149881,-0.006157,0.105839,-0.0359,0.10737,0.286552,-0.344757,0.031421,0.116724,-0.022182,-0.116724,-0.012196,-0.203996,0.011612,-0.203996,-0.399594,
-0.009428,-0.954139,0.508985,0.0,0.0,0.0,0.173934,0.09079,0.930292,0.0,0.0,0.0,-0.828258,0.220185,0.673804,0.666339,-0.150257,-0.006459,0.107994,-0.035798,0.109193,0.286177,-0.345296,0.031181,0.11765,-0.021913,-0.11765,-0.011908,-0.204922,0.011441,-0.204922,-0.401478,
-0.009254,-0.954048,0.509915,0.0,0.0,0.0,0.173923,0.090866,0.930254,0.0,0.0,0.0,-0.826955,0.219615,0.672807,0.662323,-0.150633,-0.006761,0.110148,-0.035695,0.111016,0.285801,-0.345835,0.030941,0.118576,-0.021644,-0.118576,-0.011621,-0.205848,0.011271,-0.205848,-0.403362,
-0.00908,-0.953958,0.510845,0.0,0.0,0.0,0.173934,0.09079,0.930292,0.0,0.0,0.0,-0.825651,0.219046,0.671809,0.658307,-0.15101,-0.007063,0.112302,-0.035593,0.112839,0.285426,-0.346374,0.030701,0.119503,-0.021374,-0.119503,-0.011334,-0.206774,0.011101,-0.206774,-0.405246,
-0.008906,-0.953867,0.511775,0.0,0.0,0.0,0.173923,0.090866,0.930254,0.0,0.0,0.0,-0.824348,0.218476,0.670812,0.654291,-0.151386,-0.007365,0.114456,-0.035491,0.114662,0.28505,-0.346913,0.030462,0.120429,-0.021105,-0.120429,-0.011046,-0.2077,0.01093,-0.2077,-0.40713,
-0.008732,-0.953776,0.512706,0.0,0.0,0.0,0.173934,0.09079,0.93033,0.0,0.0,0.0,-0.823044,0.217907,0.669815,0.650275,-0.151763,-0.007667,0.116611,-0.035389,0.116485,0.284674,-0.347452,0.030222,0.121355,-0.020836,-0.121355,-0.010759,-0.208626,0.01076,-0.208626,-0.409013,
-0.008558,-0.953685,0.513636,0.0,0.0,0.0,0.173923,0.090866,0.930254,0.0,0.0,0.0,-0.821741,0.217337,0.668818,0.64626,-0.152139,-0.007969,0.118765,-0.035286,0.118308,0.284299,-0.347991,0.029982,0.122282,-0.020567,-0.122282,-0.010471,-0.209552,0.01059,-0.209552,-0.410897,
-0.008384,-0.953594,0.514566,0.0,0.0,0.0,0.173922,0.09079,0.930254,0.0,0.0,0.0,-0.820437,0.216768,0.667821,0.642244,-0.152516,-0.008272,0.120919,-0.035184,0.120131,0.283923,-0.348531,0.029742,0.123208,-0.020298,-0.123208,-0.010184,-0.210478,0.01042,-0.210478,-0.412781,
-0.00821,-0.953504,0.515496,0.0,0.0,0.0,0.173934,0.09079,0.930292,0.0,0.0,0.0,-0.819134,0.216198,0.666823,0.638228,-0.152892,-0.008574,0.123073,-0.035082,0.121954,0.283548,-0.34907,0.029502,0.124134,-0.020028,-0.124134,-0.009896,-0.211404,0.010249,-0.211404,-0.414665,
-0.008036,-0.953413,0.516427,0.0,0.0,0.0,0.173922,0.090866,0.930254,0.0,0.0,0.0,-0.817831,0.215628,0.665826,0.634213,-0.153269,-0.008876,0.125227,-0.03498,0.123777,0.283172,-0.349609,0.029262,0.125061,-0.019759,-0.125061,-0.009609,-0.21233,0.010079,-0.21233,-0.416549,
-0.007862,-0.953322,0.517357,0.0,0.0,0.0,0.173934,0.09079,0.930292,0.0,0.0,0.0,-0.816527,0.215059,0.664829,0.630198,-0.153645,-0.009178,0.127381,-0.034877,0.1256,0.282797,-0.350148,0.029022,0.125987,-0.01949,-0.125987,-0.009321,-0.213256,0.009909,-0.213256,-0.418433,
-0.007689,-0.953231,0.518287,0.0,0.0,0.0,0.173923,0.090866,0.930254,0.0,0.0,0.0,-0.815224,0.214489,0.663832,0.626183,-0.154021,-0.00948,0.129535,-0.034775,0.127423,0.282421,-0.350687,0.028782,0.126913,-0.019221,-0.126913,-0.009034,-0.214181,0.009738,-0.214181,-0.420316,
-0.007515,-0.95314,0.519218,0.0,0.0,0.0,0.173934,0.09079,0.93033,0.0,0.0,0.0,-0.813921,0.21392,0.662835,0.622169,-0.154398,-0.009782,0.131689,-0.034673,0.129246,0.282046,-0.351226,0.028542,0.12784,-0.018952,-0.12784,-0.008746,-0.215107,0.009568,-0.215107,-0.4222,
-0.007341,-0.953049,0.520148,0.0,0.0,0.0,0.173923,0.090866,0.930254,0.0,0.0,0.0,-0.812617,0.21335,0.661837,0.618155,-0.154774,-0.010084,0.133843,-0.03457,0.131069,0.28167,-0.351765,0.028302,0.128766,-0.018682,-0.128766,-0.008459,-0.216033,0.009398,-0.216033,-0.424084,
-0.007167,-0.952959,0.521078,0.0,0.0,0.0,0.173923,0.09079,0.930216,0.0,0.0,0.0,-0.811314,0.212781,0.66084,0.614141,-0.155151,-0.010387,0.135997,-0.034468,0.132891,0.281295,-0.352304,0.028063,0.129692,-0.018413,-0.129692,-0.008171,-0.216959,0.009228,-0.216959,-0.425968,
-0.006993,-0.952868,0.522008,0.0,0.0,0.0,0.173934,0.090866,0.93033,0.0,0.0,0.0,-0.810011,0.212211,0.659843,0.610128,-0.155527,-0.010689,0.13815,-0.034366,0.134714,0.280919,-0.352843,0.027823,0.130619,-0.018144,-0.130619,-0.007884,-0.217885,0.009057,-0.217885,-0.427851,
-0.006819,-0.952777,0.522939,0.0,0.0,0.0,0.173923,0.09079,0.930254,0.0,0.0,0.0,-0.808707,0.211642,0.658846,0.606115,-0.155904,-0.010991,0.140304,-0.034264,0.136537,0.280544,-0.353382,0.027583,0.131545,-0.017875,-0.131545,-0.007596,-0.218811,0.008887,-0.218811,-0.429735,
-0.006645,-0.952686,0.523869,0.0,0.0,0.0,0.173934,0.09079,0.930292,0.0,0.0,0.0,-0.807404,0.211072,0.657849,0.602103,-0.15628,-0.011293,0.142458,-0.034161,0.13836,0.280168,-0.353921,0.027343,0.132471,-0.017606,-0.132471,-0.007309,-0.219737,0.008717,-0.219737,-0.431618,
-0.006471,-0.952595,0.524799,0.0,0.0,0.0,0.173923,0.090866,0.930254,0.0,0.0,0.0,-0.806101,0.210502,0.656851,0.598091,-0.156656,-0.011595,0.144611,-0.034059,0.140182,0.279792,-0.35446,0.027103,0.133397,-0.017337,-0.133397,-0.007021,-0.220663,0.008546,-0.220663,-0.433502,
-0.00629,-0.952527,0.525735,0.0,0.0,0.0,0.180924,0.067825,0.935899,0.0,0.0,0.0,-0.804426,0.209835,0.655539,0.595421,-0.157,-0.011875,0.14543,-0.033877,0.140946,0.281122,-0.354957,0.026878,0.134098,-0.017067,-0.134098,-0.006872,-0.221365,0.008405,-0.221363,-0.435003,
-0.006109,-0.95246,0.526671,0.0,0.0,0.0,0.180961,0.067597,0.935823,0.0,0.0,0.0,-0.802749,0.209166,0.654225,0.59276,-0.157344,-0.012156,0.14624,-0.033695,0.141703,0.282463,-0.355454,0.026652,0.134798,-0.016798,-0.134798,-0.006724,-0.222065,0.008264,-0.222062,-0.436501,
-0.005928,-0.952392,0.527607,0.0,0.0,0.0,0.180971,0.067673,0.935938,0.0,0.0,0.0,-0.801072,0.208498,0.65291,0.590099,-0.157687,-0.012436,0.147051,-0.033513,0.142459,0.283804,-0.355951,0.026427,0.135497,-0.016529,-0.135497,-0.006575,-0.222766,0.008123,-0.22276,-0.438,
-0.005747,-0.952325,0.528543,0.0,0.0,0.0,0.180961,0.067597,0.935861,0.0,0.0,0.0,-0.799394,0.207829,0.651596,0.587438,-0.158031,-0.012716,0.147861,-0.03333,0.143216,0.285144,-0.356448,0.026202,0.136197,-0.01626,-0.136197,-0.006427,-0.223466,0.007982,-0.223459,-0.439498,
-0.005566,-0.952257,0.529479,0.0,0.0,0.0,0.18096,0.067673,0.935861,0.0,0.0,0.0,-0.797717,0.207161,0.650281,0.584777,-0.158374,-0.012996,0.148671,-0.033148,0.143973,0.286485,-0.356945,0.025977,0.136896,-0.015991,-0.136896,-0.006279,-0.224167,0.007841,-0.224158,-0.440997,
-0.005385,-0.952189,0.530414,0.0,0.0,0.0,0.180971,0.067597,0.935899,0.0,0.0,0.0,-0.79604,0.206492,0.648967,0.582116,-0.158718,-0.013276,0.149481,-0.032966,0.144729,0.287826,-0.357443,0.025751,0.137596,-0.015722,-0.137596,-0.00613,-0.224867,0.0077,-0.224856,-0.442496,
-0.005204,-0.952122,0.53135,0.0,0.0,0.0,0.180961,0.067673,0.935861,0.0,0.0,0.0,-0.794362,0.205824,0.647652,0.579455,-0.159062,-0.013556,0.150291,-0.032784,0.145486,0.289167,-0.35794,0.025526,0.138295,-0.015452,-0.138295,-0.005982,-0.225568,0.007559,-0.225555,-0.443994,
-0.005023,-0.952054,0.532286,0.0,0.0,0.0,0.180971,0.067597,0.935899,0.0,0.0,0.0,-0.792685,0.205155,0.646338,0.576793,-0.159405,-0.013837,0.151101,-0.032601,0.146243,0.290508,-0.358437,0.025301,0.138995,-0.015183,-0.138995,-0.005834,-0.226269,0.007418,-0.226254,-0.445493,
-0.004842,-0.951986,0.533222,0.0,0.0,0.0,0.180961,0.067673,0.935861,0.0,0.0,0.0,-0.791007,0.204487,0.645023,0.574132,-0.159749,-0.014117,0.151911,-0.032419,0.146999,0.291849,-0.358934,0.025076,0.139694,-0.014914,-0.139694,-0.005685,-0.226969,0.007277,-0.226952,-0.446992,
-0.004661,-0.951919,0.534158,0.0,0.0,0.0,0.180972,0.067597,0.935938,0.0,0.0,0.0,-0.78933,0.203818,0.643709,0.57147,-0.160092,-0.014397,0.152721,-0.032237,0.147756,0.293191,-0.359431,0.02485,0.140394,-0.014645,-0.140394,-0.005537,-0.22767,0.007136,-0.227651,-0.44849,
-0.00448,-0.951851,0.535094,0.0,0.0,0.0,0.18096,0.067673,0.935861,0.0,0.0,0.0,-0.787652,0.20315,0.642394,0.568808,-0.160436,-0.014677,0.153531,-0.032055,0.148512,0.294532,-0.359928,0.024625,0.141093,-0.014376,-0.141093,-0.005389,-0.22837,0.006995,-0.22835,-0.449989,
-0.0043,-0.951784,0.53603,0.0,0.0,0.0,0.18096,0.067597,0.935823,0.0,0.0,0.0,-0.785975,0.202481,0.64108,0.566147,-0.160779,-0.014957,0.154341,-0.031872,0.149269,0.295873,-0.360425,0.0244,0.141793,-0.014106,-0.141793,-0.00524,-0.229071,0.006854,-0.229049,-0.451487,
-0.004119,-0.951716,0.536966,0.0,0.0,0.0,0.180972,0.067673,0.935938,0.0,0.0,0.0,-0.784297,0.201813,0.639765,0.563485,-0.161123,-0.015237,0.155151,-0.03169,0.150026,0.297214,-0.360922,0.024175,0.142492,-0.013837,-0.142492,-0.005092,-0.229771,0.006713,-0.229747,-0.452986,
-0.003938,-0.951648,0.537901,0.0,0.0,0.0,0.18096,0.067597,0.935861,0.0,0.0,0.0,-0.78262,0.201144,0.638451,0.560823,-0.161466,-0.015518,0.155961,-0.031508,0.150782,0.298555,-0.361419,0.023949,0.143192,-0.013568,-0.143192,-0.004944,-0.230472,0.006572,-0.230446,-0.454485,
-0.003757,-0.951581,0.538837,0.0,0.0,0.0,0.180972,0.067673,0.935899,0.0,0.0,0.0,-0.780942,0.200476,0.637136,0.558161,-0.16181,-0.015798,0.156772,-0.031325,0.151539,0.299896,-0.361916,0.023724,0.143891,-0.013299,-0.143891,-0.004795,-0.231172,0.006431,-0.231145,-0.455984,
-0.003576,-0.951513,0.539773,0.0,0.0,0.0,0.18096,0.067597,0.935861,0.0,0.0,0.0,-0.779265,0.199807,0.635821,0.5555,-0.162153,-0.016078,0.157582,-0.031143,0.152296,0.301237,-0.362413,0.023499,0.144591,-0.01303,-0.144591,-0.004647,-0.231873,0.00629,-0.231843,-0.457482,
-0.003395,-0.951445,0.540709,0.0,0.0,0.0,0.180972,0.067673,0.935938,0.0,0.0,0.0,-0.777587,0.199139,0.634507,0.552838,-0.162497,-0.016358,0.158392,-0.030961,0.153052,0.302578,-0.36291,0.023274,0.14529,-0.012761,-0.14529,-0.004499,-0.232573,0.006149,-0.232542,-0.458981,
-0.003214,-0.951378,0.541645,0.0,0.0,0.0,0.18096,0.067597,0.935823,0.0,0.0,0.0,-0.77591,0.19847,0.633192,0.550176,-0.162841,-0.016638,0.159202,-0.030779,0.153809,0.303919,-0.363407,0.023048,0.14599,-0.012491,-0.14599,-0.004351,-0.233274,0.006008,-0.233241,-0.46048,
-0.003033,-0.95131,0.542581,0.0,0.0,0.0,0.180972,0.067673,0.935938,0.0,0.0,0.0,-0.774232,0.197802,0.631878,0.547514,-0.163184,-0.016918,0.160012,-0.030596,0.154565,0.30526,-0.363904,0.022823,0.146689,-0.012222,-0.146689,-0.004202,-0.233975,0.005867,-0.23394,-0.461978,
-0.002852,-0.951242,0.543517,0.0,0.0,0.0,0.18096,0.067597,0.935861,0.0,0.0,0.0,-0.772555,0.197133,0.630563,0.544852,-0.163528,-0.017199,0.160822,-0.030414,0.155322,0.306601,-0.364401,0.022598,0.147389,-0.011953,-0.147389,-0.004054,-0.234675,0.005726,-0.234638,-0.463477,
-0.002671,-0.951175,0.544453,0.0,0.0,0.0,0.18096,0.067673,0.935861,0.0,0.0,0.0,-0.770878,0.196465,0.629249,0.54219,-0.163871,-0.017479,0.161632,-0.030232,0.156079,0.307942,-0.364898,0.022373,0.148088,-0.011684,-0.148088,-0.003906,-0.235376,0.005585,-0.235337,-0.464976,
-0.00249,-0.951107,0.545389,0.0,0.0,0.0,0.180972,0.067597,0.935899,0.0,0.0,0.0,-0.7692,0.195796,0.627934,0.539529,-0.164215,-0.017759,0.162442,-0.03005,0.156835,0.309283,-0.365395,0.022148,0.148788,-0.011415,-0.148788,-0.003757,-0.236076,0.005444,-0.236036,-0.466474,
-0.002309,-0.95104,0.546324,0.0,0.0,0.0,0.18096,0.067673,0.935861,0.0,0.0,0.0,-0.767523,0.195128,0.62662,0.536867,-0.164558,-0.018039,0.163252,-0.029867,0.157592,0.310624,-0.365892,0.021922,0.149487,-0.011146,-0.149487,-0.003609,-0.236777,0.005303,-0.236734,-0.467973,
-0.002128,-0.950972,0.54726,0.0,0.0,0.0,0.180972,0.067597,0.935899,0.0,0.0,0.0,-0.765845,0.194459,0.625305,0.534205,-0.164902,-0.018319,0.164062,-0.029685,0.158349,0.311965,-0.36639,0.021697,0.150187,-0.010876,-0.150187,-0.003461,-0.237477,0.005162,-0.237433,-0.469472,
-0.001947,-0.950904,0.548196,0.0,0.0,0.0,0.18096,0.067673,0.935861,0.0,0.0,0.0,-0.764168,0.193791,0.62399,0.531544,-0.165245,-0.018599,0.164872,-0.029503,0.159105,0.313306,-0.366887,0.021472,0.150886,-0.010607,-0.150886,-0.003312,-0.238178,0.005021,-0.238132,-0.47097,
-0.001766,-0.950837,0.549132,0.0,0.0,0.0,0.180972,0.067597,0.935938,0.0,0.0,0.0,-0.76249,0.193122,0.622676,0.528882,-0.165589,-0.01888,0.165683,-0.02932,0.159862,0.314647,-0.367384,0.021247,0.151586,-0.010338,-0.151586,-0.003164,-0.238878,0.00488,-0.23883,-0.472469,
-0.001585,-0.950769,0.550068,0.0,0.0,0.0,0.18096,0.067673,0.935861,0.0,0.0,0.0,-0.760813,0.192454,0.621361,0.526221,-0.165932,-0.01916,0.166493,-0.029138,0.160618,0.315988,-0.367881,0.021021,0.152285,-0.010069,-0.152285,-0.003016,-0.239579,0.004739,-0.239529,-0.473968,
-0.001404,-0.950701,0.551004,0.0,0.0,0.0,0.18096,0.067597,0.935861,0.0,0.0,0.0,-0.759136,0.191785,0.620047,0.52356,-0.166276,-0.01944,0.167303,-0.028956,0.161375,0.317329,-0.368378,0.020796,0.152985,-0.0098,-0.152985,-0.002867,-0.240279,0.004598,-0.240228,-0.475466,
-0.001223,-0.950634,0.55194,0.0,0.0,0.0,0.180972,0.067673,0.935899,0.0,0.0,0.0,-0.757458,0.191116,0.618732,0.520898,-0.16662,-0.01972,0.168113,-0.028774,0.162132,0.31867,-0.368875,0.020571,0.153684,-0.00953,-0.153684,-0.002719,-0.24098,0.004457,-0.240926,-0.476965,
-0.001042,-0.950566,0.552876,0.0,0.0,0.0,0.18096,0.067673,0.935861,0.0,0.0,0.0,-0.755781,0.190448,0.617418,0.518237,-0.166963,-0.02,0.168923,-0.028591,0.162888,0.320011,-0.369372,0.020346,0.154384,-0.009261,-0.154384,-0.002571,-0.24168,0.004316,-0.241625,-0.478463,
-0.000861,-0.950498,0.553811,0.0,0.0,0.0,0.180972,0.067597,0.935899,0.0,0.0,0.0,-0.754103,0.18978,0.616104,0.515576,-0.167307,-0.02028,0.169733,-0.028409,0.163645,0.321352,-0.369869,0.02012,0.155083,-0.008992,-0.155083,-0.002422,-0.242381,0.004175,-0.242324,-0.479962,
-0.00068,-0.950431,0.554747,0.0,0.0,0.0,0.18096,0.067673,0.935861,0.0,0.0,0.0,-0.752426,0.189111,0.614789,0.512916,-0.16765,-0.020561,0.170543,-0.028227,0.164401,0.322693,-0.370366,0.019895,0.155783,-0.008723,-0.155783,-0.002274,-0.243082,0.004034,-0.243023,-0.48146,
-0.000499,-0.950363,0.555683,0.0,0.0,0.0,0.180972,0.067597,0.935938,0.0,0.0,0.0,-0.750749,0.188443,0.613475,0.510255,-0.167994,-0.020841,0.171353,-0.028044,0.165158,0.324034,-0.370863,0.01967,0.156482,-0.008454,-0.156482,-0.002126,-0.243782,0.003893,-0.243721,-0.482959,
-0.000318,-0.950318,0.55662,0.0,0.0,0.0,0.181156,0.044785,0.937158,0.0,0.0,0.0,-0.749049,0.187838,0.61211,0.508659,-0.168061,-0.021093,0.171763,-0.027824,0.165591,0.325806,-0.371047,0.019459,0.156998,-0.008234,-0.156998,-0.002038,-0.244297,0.003785,-0.244237,-0.48409,
-0.000137,-0.950285,0.557558,0.0,0.0,0.0,0.181268,0.033035,0.937883,0.0,0.0,0.0,-0.747337,0.187265,0.610718,0.507613,-0.167986,-0.021331,0.171966,-0.027584,0.165858,0.327801,-0.371069,0.019256,0.157418,-0.00804,-0.157418,-0.001981,-0.244716,0.003693,-0.244657,-0.485031,
0.000044,-0.950252,0.558496,0.0,0.0,0.0,0.181256,0.033035,0.937845,0.0,0.0,0.0,-0.745625,0.186693,0.609327,0.506567,-0.16791,-0.021569,0.172169,-0.027344,0.166124,0.329795,-0.371092,0.019053,0.157839,-0.007846,-0.157839,-0.001924,-0.245135,0.003602,-0.245078,-0.485972,
0.000226,-0.950219,0.559434,0.0,0.0,0.0,0.181256,0.032959,0.937845,0.0,0.0,0.0,-0.743913,0.186121,0.607936,0.505521,-0.167835,-0.021807,0.172372,-0.027104,0.166391,0.33179,-0.371114,0.018849,0.15826,-0.007652,-0.15826,-0.001868,-0.245554,0.00351,-0.245499,-0.486913,
0.000407,-0.950186,0.560372,0.0,0.0,0.0,0.181268,0.033035,0.937883,0.0,0.0,0.0,-0.7422,0.185548,0.606545,0.504476,-0.16776,-0.022045,0.172575,-0.026864,0.166657,0.333785,-0.371137,0.018646,0.158681,-0.007458,-0.158681,-0.001811,-0.245973,0.003419,-0.24592,-0.487854,
0.000588,-0.950153,0.56131,0.0,0.0,0.0,0.181256,0.033035,0.937845,0.0,0.0,0.0,-0.740488,0.184976,0.605154,0.50343,-0.167684,-0.022283,0.172778,-0.026624,0.166924,0.335779,-0.371159,0.018443,0.159101,-0.007264,-0.159101,-0.001754,-0.246392,0.003327,-0.246341,-0.488795,
0.000769,-0.95012,0.562248,0.0,0.0,0.0,0.181268,0.033035,0.937921,0.0,0.0,0.0,-0.738776,0.184404,0.603762,0.502384,-0.167609,-0.022521,0.172981,-0.026384,0.16719,0.337774,-0.371181,0.01824,0.159522,-0.00707,-0.159522,-0.001697,-0.246811,0.003236,-0.246761,-0.489736,
0.000951,-0.950087,0.563186,0.0,0.0,0.0,0.181256,0.032959,0.937845,0.0,0.0,0.0,-0.737064,0.183831,0.602371,0.501338,-0.167534,-0.022759,0.173184,-0.026144,0.167457,0.339769,-0.371204,0.018036,0.159943,-0.006875,-0.159943,-0.00164,-0.24723,0.003144,-0.247182,-0.490677,
0.001132,-0.950054,0.564123,0.0,0.0,0.0,0.181268,0.033035,0.937883,0.0,0.0,0.0,-0.735351,0.183259,0.60098,0.500292,-0.167458,-0.022998,0.173387,-0.025904,0.167723,0.341764,-0.371226,0.017833,0.160364,-0.006681,-0.160364,-0.001584,-0.247649,0.003053,-0.247603,-0.491618,
0.001313,-0.950021,0.565061,0.0,0.0,0.0,0.181256,0.033035,0.937845,0.0,0.0,0.0,-0.733639,0.182687,0.599588,0.499246,-0.167383,-0.023236,0.17359,-0.025664,0.16799,0.343759,-0.371248,0.01763,0.160784,-0.006487,-0.160784,-0.001527,-0.248067,0.002961,-0.248024,-0.492559,
0.001495,-0.949988,0.565999,0.0,0.0,0.0,0.181256,0.032959,0.937845,0.0,0.0,0.0,-0.731927,0.182115,0.598197,0.4982,-0.167308,-0.023474,0.173793,-0.025424,0.168256,0.345754,-0.371271,0.017427,0.161205,-0.006293,-0.161205,-0.00147,-0.248486,0.002869,-0.248445,-0.4935,
0.001676,-0.949955,0.566937,0.0,0.0,0.0,0.181268,0.033035,0.937883,0.0,0.0,0.0,-0.730214,0.181542,0.596806,0.497154,-0.167232,-0.023712,0.173997,-0.025184,0.168523,0.347749,-0.371293,0.017223,0.161626,-0.006099,-0.161626,-0.001413,-0.248905,0.002778,-0.248865,-0.494441,
0.001857,-0.949922,0.567875,0.0,0.0,0.0,0.181256,0.033035,0.937845,0.0,0.0,0.0,-0.728502,0.18097,0.595414,0.496108,-0.167157,-0.02395,0.1742,-0.024943,0.168789,0.349744,-0.371315,0.01702,0.162046,-0.005905,-0.162046,-0.001357,-0.249324,0.002686,-0.249286,-0.495382,
0.002038,-0.949889,0.568813,0.0,0.0,0.0,0.181268,0.033035,0.937883,0.0,0.0,0.0,-0.72679,0.180398,0.594023,0.495062,-0.167082,-0.024188,0.174403,-0.024703,0.169056,0.351739,-0.371338,0.016817,0.162467,-0.005711,-0.162467,-0.0013,-0.249743,0.002595,-0.249707,-0.496323,
0.00222,-0.949856,0.569751,0.0,0.0,0.0,0.181256,0.032959,0.937845,0.0,0.0,0.0,-0.725077,0.179825,0.592631,0.494016,-0.167006,-0.024426,0.174606,-0.024463,0.169322,0.353734,-0.37136,0.016614,0.162888,-0.005517,-0.162888,-0.001243,-0.250162,0.002503,-0.250128,-0.497264,
0.002401,-0.949823,0.570688,0.0,0.0,0.0,0.181268,0.033035,0.937921,0.0,0.0,0.0,-0.723365,0.179253,0.59124,0.49297,-0.166931,-0.024664,0.174809,-0.024223,0.169588,0.355729,-0.371382,0.01641,0.163309,-0.005323,-0.163309,-0.001186,-0.250581,0.002412,-0.250549,-0.498206,
0.002582,-0.94979,0.571626,0.0,0.0,0.0,0.181256,0.033035,0.937845,0.0,0.0,0.0,-0.721652,0.178681,0.589849,0.491924,-0.166856,-0.024902,0.175012,-0.023983,0.169855,0.357724,-0.371405,0.016207,0.163729,-0.005129,-0.163729,-0.00113,-0.251,0.00232,-0.250969,-0.499147,
0.002763,-0.949757,0.572564,0.0,0.0,0.0,0.181268,0.033035,0.937883,0.0,0.0,0.0,-0.71994,0.178108,0.588457,0.490878,-0.16678,-0.02514,0.175215,-0.023743,0.170121,0.359719,-0.371427,0.016004,0.16415,-0.004934,-0.16415,-0.001073,-0.251419,0.002229,-0.25139,-0.500088,
0.002945,-0.949724,0.573502,0.0,0.0,0.0,0.181256,0.032959,0.937845,0.0,0.0,0.0,-0.718228,0.177536,0.587066,0.489833,-0.166705,-0.025378,0.175418,-0.023503,0.170388,0.361714,-0.37145,0.015801,0.164571,-0.00474,-0.164571,-0.001016,-0.251838,0.002137,-0.251811,-0.501029,
0.003126,-0.949691,0.57444,0.0,0.0,0.0,0.181256,0.033035,0.937845,0.0,0.0,0.0,-0.716515,0.176964,0.585675,0.488787,-0.16663,-0.025616,0.175621,-0.023263,0.170654,0.363709,-0.371472,0.015597,0.164992,-0.004546,-0.164992,-0.000959,-0.252257,0.002045,-0.252232,-0.50197,
0.003307,-0.949658,0.575378,0.0,0.0,0.0,0.181268,0.033035,0.937883,0.0,0.0,0.0,-0.714803,0.176392,0.584283,0.487741,-0.166554,-0.025854,0.175824,-0.023023,0.170921,0.365704,-0.371494,0.015394,0.165412,-0.004352,-0.165412,-0.000903,-0.252676,0.001954,-0.252653,-0.502911,
0.003488,-0.949625,0.576316,0.0,0.0,0.0,0.181256,0.032959,0.937845,0.0,0.0,0.0,-0.713091,0.175819,0.582892,0.486695,-0.166479,-0.026092,0.176027,-0.022783,0.171187,0.367699,-0.371517,0.015191,0.165833,-0.004158,-0.165833,-0.000846,-0.253095,0.001862,-0.253073,-0.503852,
0.00367,-0.949592,0.577253,0.0,0.0,0.0,0.181268,0.033035,0.937921,0.0,0.0,0.0,-0.711378,0.175247,0.581501,0.485649,-0.166404,-0.02633,0.17623,-0.022543,0.171454,0.369694,-0.371539,0.014987,0.166254,-0.003964,-0.166254,-0.000789,-0.253514,0.001771,-0.253494,-0.504793,
0.003851,-0.949559,0.578191,0.0,0.0,0.0,0.181256,0.033035,0.937807,0.0,0.0,0.0,-0.709666,0.174675,0.580109,0.484603,-0.166328,-0.026568,0.176433,-0.022303,0.17172,0.371689,-0.371561,0.014784,0.166674,-0.00377,-0.166674,-0.000732,-0.253933,0.001679,-0.253915,-0.505734,
0.004032,-0.949526,0.579129,0.0,0.0,0.0,0.181268,0.033035,0.937921,0.0,0.0,0.0,-0.707953,0.174102,0.578718,0.483557,-0.166253,-0.026807,0.176636,-0.022063,0.171987,0.373684,-0.371584,0.014581,0.167095,-0.003576,-0.167095,-0.000675,-0.254352,0.001588,-0.254336,-0.506675,
0.004213,-0.949493,0.580067,0.0,0.0,0.0,0.181256,0.032959,0.937845,0.0,0.0,0.0,-0.706241,0.17353,0.577327,0.482511,-0.166178,-0.027045,0.17684,-0.021823,0.172253,0.375678,-0.371606,0.014378,0.167516,-0.003382,-0.167516,-0.000619,-0.254771,0.001496,-0.254757,-0.507616,
0.004395,-0.94946,0.581005,0.0,0.0,0.0,0.181256,0.033035,0.937845,0.0,0.0,0.0,-0.704529,0.172958,0.575935,0.481465,-0.166102,-0.027283,0.177043,-0.021583,0.17252,0.377673,-0.371628,0.014174,0.167937,-0.003188,-0.167937,-0.000562,-0.25519,0.001405,-0.255177,-0.508557,
0.004576,-0.949427,0.581943,0.0,0.0,0.0,0.181268,0.033035,0.937883,0.0,0.0,0.0,-0.702817,0.172386,0.574544,0.480419,-0.166027,-0.027521,0.177246,-0.021343,0.172786,0.379668,-0.371651,0.013971,0.168357,-0.002994,-0.168357,-0.000505,-0.255609,0.001313,-0.255598,-0.509498,
0.004757,-0.949394,0.582881,0.0,0.0,0.0,0.181256,0.032959,0.937845,0.0,0.0,0.0,-0.701105,0.171813,0.573153,0.479373,-0.165952,-0.027759,0.177449,-0.021103,0.173053,0.381663,-0.371673,0.013768,0.168778,-0.002799,-0.168778,-0.000448,-0.256028,0.001221,-0.256019,-0.510439,
0.004938,-0.949361,0.583819,0.0,0.0,0.0,0.181268,0.033035,0.937883,0.0,0.0,0.0,-0.699392,0.171241,0.571762,0.478327,-0.165876,-0.027997,0.177652,-0.020863,0.173319,0.383658,-0.371695,0.013565,0.169199,-0.002605,-0.169199,-0.000392,-0.256446,0.00113,-0.25644,-0.51138,
0.00512,-0.949328,0.584756,0.0,0.0,0.0,0.181256,0.033035,0.937845,0.0,0.0,0.0,-0.69768,0.170669,0.57037,0.477282,-0.165801,-0.028235,0.177855,-0.020623,0.173585,0.385652,-0.371718,0.013361,0.16962,-0.002411,-0.16962,-0.000335,-0.256865,0.001038,-0.256861,-0.512321,
0.005301,-0.949295,0.585694,0.0,0.0,0.0,0.181268,0.033035,0.937921,0.0,0.0,0.0,-0.695968,0.170096,0.568979,0.476236,-0.165726,-0.028473,0.178058,-0.020383,0.173852,0.387647,-0.37174,0.013158,0.17004,-0.002217,-0.17004,-0.000278,-0.257284,0.000947,-0.257281,-0.513262,
0.005482,-0.949262,0.586632,0.0,0.0,0.0,0.181256,0.032959,0.937807,0.0,0.0,0.0,-0.694256,0.169524,0.567588,0.47519,-0.16565,-0.028711,0.178261,-0.020143,0.174118,0.389641,-0.371763,0.012955,0.170461,-0.002023,-0.170461,-0.000221,-0.257703,0.000855,-0.257702,-0.514203,
0.005661,-0.949248,0.587572,0.0,0.0,0.0,0.179169,0.01442,0.939981,0.0,0.0,0.0,-0.692444,0.168936,0.566113,0.474094,-0.165188,-0.028937,0.178475,-0.019905,0.174389,0.391542,-0.371531,0.012761,0.170775,-0.001877,-0.170775,-0.000183,-0.258016,0.000786,-0.258016,-0.514906,
0.005836,-0.949272,0.588516,0.0,0.0,0.0,0.174812,-0.024185,0.944177,0.0,0.0,0.0,-0.690423,0.168316,0.564464,0.472895,-0.163925,-0.029139,0.178713,-0.019673,0.174666,0.393247,-0.370776,0.012587,0.170867,-0.001831,-0.170867,-0.000183,-0.258108,0.000762,-0.258108,-0.515114,
0.006011,-0.949296,0.58946,0.0,0.0,0.0,0.174812,-0.024109,0.944177,0.0,0.0,0.0,-0.688403,0.167695,0.562815,0.471696,-0.162662,-0.02934,0.178951,-0.01944,0.174944,0.394952,-0.37002,0.012413,0.170958,-0.001786,-0.170958,-0.000183,-0.258201,0.000738,-0.258201,-0.515322,
0.006186,-0.94932,0.590405,0.0,0.0,0.0,0.174824,-0.024185,0.944215,0.0,0.0,0.0,-0.686383,0.167075,0.561166,0.470497,-0.161399,-0.029541,0.179188,-0.019208,0.175221,0.396658,-0.369265,0.012239,0.17105,-0.00174,-0.17105,-0.000183,-0.258293,0.000714,-0.258293,-0.515531,
0.006361,-0.949344,0.591349,0.0,0.0,0.0,0.174813,-0.024185,0.944177,0.0,0.0,0.0,-0.684363,0.166454,0.559517,0.469298,-0.160136,-0.029743,0.179426,-0.018976,0.175499,0.398363,-0.368509,0.012065,0.171142,-0.001694,-0.171142,-0.000183,-0.258385,0.000691,-0.258385,-0.515739,
0.006536,-0.949368,0.592293,0.0,0.0,0.0,0.174824,-0.024109,0.944215,0.0,0.0,0.0,-0.682342,0.165834,0.557868,0.468099,-0.158873,-0.029944,0.179664,-0.018744,0.175777,0.400069,-0.367754,0.011891,0.171234,-0.001648,-0.171234,-0.000183,-0.258478,0.000667,-0.258478,-0.515948,
0.00671,-0.949392,0.593237,0.0,0.0,0.0,0.174812,-0.024185,0.944177,0.0,0.0,0.0,-0.680322,0.165214,0.556219,0.4669,-0.15761,-0.030146,0.179901,-0.018511,0.176054,0.401774,-0.366998,0.011717,0.171326,-0.001603,-0.171326,-0.000183,-0.25857,0.000643,-0.25857,-0.516156,
0.006885,-0.949417,0.594181,0.0,0.0,0.0,0.174824,-0.024109,0.944215,0.0,0.0,0.0,-0.678301,0.164593,0.55457,0.465701,-0.156347,-0.030347,0.180139,-0.018279,0.176332,0.40348,-0.366243,0.011544,0.171418,-0.001557,-0.171418,-0.000183,-0.258662,0.000619,-0.258662,-0.516364,
0.00706,-0.949441,0.595126,0.0,0.0,0.0,0.174813,-0.024185,0.944177,0.0,0.0,0.0,-0.676281,0.163973,0.552921,0.464502,-0.155084,-0.030549,0.180377,-0.018047,0.176609,0.405185,-0.365487,0.01137,0.17151,-0.001511,-0.17151,-0.000183,-0.258755,0.000595,-0.258755,-0.516573,
0.007235,-0.949465,0.59607,0.0,0.0,0.0,0.174812,-0.024185,0.944177,0.0,0.0,0.0,-0.674261,0.163352,0.551272,0.463303,-0.15382,-0.03075,0.180614,-0.017814,0.176887,0.406891,-0.364731,0.011196,0.171602,-0.001465,-0.171602,-0.000183,-0.258847,0.000571,-0.258847,-0.516781,
0.00741,-0.949489,0.597014,0.0,0.0,0.0,0.174824,-0.024109,0.944215,0.0,0.0,0.0,-0.67224,0.162732,0.549623,0.462103,-0.152557,-0.030952,0.180852,-0.017582,0.177165,0.408597,-0.363976,0.011022,0.171694,-0.001419,-0.171694,-0.000183,-0.258939,0.000548,-0.258939,-0.51699,
0.007584,-0.949513,0.597958,0.0,0.0,0.0,0.174812,-0.024185,0.944177,0.0,0.0,0.0,-0.670219,0.162112,0.547974,0.460904,-0.151294,-0.031153,0.18109,-0.01735,0.177442,0.410302,-0.36322,0.010848,0.171786,-0.001374,-0.171786,-0.000183,-0.259032,0.000524,-0.259032,-0.517198,
0.007759,-0.949537,0.598902,0.0,0.0,0.0,0.174824,-0.024185,0.944215,0.0,0.0,0.0,-0.668199,0.161491,0.546325,0.459705,-0.150031,-0.031354,0.181327,-0.017117,0.17772,0.412008,-0.362465,0.010674,0.171877,-0.001328,-0.171877,-0.000183,-0.259124,0.0005,-0.259124,-0.517406,
0.007934,-0.949562,0.599847,0.0,0.0,0.0,0.174813,-0.024109,0.944177,0.0,0.0,0.0,-0.666178,0.160871,0.544676,0.458506,-0.148768,-0.031556,0.181565,-0.016885,0.177997,0.413713,-0.361709,0.0105,0.171969,-0.001282,-0.171969,-0.000183,-0.259216,0.000476,-0.259216,-0.517615,
0.008109,-0.949586,0.600791,0.0,0.0,0.0,0.174824,-0.024185,0.944215,0.0,0.0,0.0,-0.664158,0.16025,0.543027,0.457307,-0.147505,-0.031757,0.181803,-0.016653,0.178275,0.415419,-0.360953,0.010326,0.172061,-0.001236,-0.172061,-0.000183,-0.259309,0.000452,-0.259309,-0.517823,
0.008284,-0.94961,0.601735,0.0,0.0,0.0,0.174812,-0.024109,0.944177,0.0,0.0,0.0,-0.662137,0.15963,0.541378,0.456108,-0.146242,-0.031959,0.18204,-0.016421,0.178553,0.417125,-0.360198,0.010152,0.172153,-0.001191,-0.172153,-0.000183,-0.259401,0.000429,-0.259401,-0.518031,
0.008458,-0.949634,0.602679,0.0,0.0,0.0,0.174824,-0.024185,0.944254,0.0,0.0,0.0,-0.660116,0.159009,0.539729,0.454909,-0.144978,-0.03216,0.182278,-0.016188,0.17883,0.41883,-0.359442,0.009978,0.172245,-0.001145,-0.172245,-0.000183,-0.259493,0.000405,-0.259493,-0.51824,
0.008633,-0.949658,0.603623,0.0,0.0,0.0,0.174812,-0.024185,0.944139,0.0,0.0,0.0,-0.658096,0.158389,0.53808,0.45371,-0.143715,-0.032362,0.182515,-0.015956,0.179108,0.420536,-0.358687,0.009804,0.172337,-0.001099,-0.172337,-0.000183,-0.259586,0.000381,-0.259586,-0.518448,
0.008808,-0.949682,0.604567,0.0,0.0,0.0,0.174813,-0.024109,0.944177,0.0,0.0,0.0,-0.656075,0.157769,0.536431,0.452511,-0.142452,-0.032563,0.182753,-0.015724,0.179385,0.422242,-0.357931,0.00963,0.172429,-0.001053,-0.172429,-0.000183,-0.259678,0.000357,-0.259678,-0.518657,
0.008983,-0.949706,0.605512,0.0,0.0,0.0,0.174824,-0.024185,0.944254,0.0,0.0,0.0,-0.654054,0.157148,0.534782,0.451311,-0.141189,-0.032765,0.182991,-0.015491,0.179663,0.423947,-0.357175,0.009456,0.172521,-0.001007,-0.172521,-0.000183,-0.25977,0.000333,-0.25977,-0.518865,
0.009158,-0.949731,0.606456,0.0,0.0,0.0,0.174812,-0.024109,0.944139,0.0,0.0,0.0,-0.652034,0.156528,0.533133,0.450112,-0.139926,-0.032966,0.183228,-0.015259,0.179941,0.425653,-0.35642,0.009282,0.172613,-0.000962,-0.172613,-0.000183,-0.259863,0.00031,-0.259863,-0.519073,
0.009333,-0.949755,0.6074,0.0,0.0,0.0,0.174824,-0.024185,0.944254,0.0,0.0,0.0,-0.650013,0.155907,0.531483,0.448913,-0.138663,-0.033167,0.183466,-0.015027,0.180218,0.427359,-0.355664,0.009108,0.172704,-0.000916,-0.172704,-0.000183,-0.259955,0.000286,-0.259955,-0.519282,
0.009507,-0.949779,0.608344,0.0,0.0,0.0,0.174813,-0.024185,0.944177,0.0,0.0,0.0,-0.647992,0.155287,0.529834,0.447714,-0.137399,-0.033369,0.183704,-0.014794,0.180496,0.429064,-0.354909,0.008934,0.172796,-0.00087,-0.172796,-0.000183,-0.260047,0.000262,-0.260047,-0.51949,
0.009682,-0.949803,0.609289,0.0,0.0,0.0,0.174824,-0.024109,0.944215,0.0,0.0,0.0,-0.645972,0.154666,0.528185,0.446515,-0.136136,-0.03357,0.183941,-0.014562,0.180773,0.43077,-0.354153,0.00876,0.172888,-0.000824,-0.172888,-0.000183,-0.26014,0.000238,-0.26014,-0.519698,
0.009857,-0.949827,0.610233,0.0,0.0,0.0,0.174812,-0.024185,0.944177,0.0,0.0,0.0,-0.643951,0.154046,0.526536,0.445316,-0.134873,-0.033772,0.184179,-0.01433,0.181051,0.432475,-0.353398,0.008586,0.17298,-0.000779,-0.17298,-0.000183,-0.260232,0.000214,-0.260232,-0.519907,
0.010032,-0.949851,0.611177,0.0,0.0,0.0,0.174812,-0.024185,0.944177,0.0,0.0,0.0,-0.641931,0.153426,0.524887,0.444117,-0.13361,-0.033973,0.184417,-0.014097,0.181329,0.434181,-0.352642,0.008412,0.173072,-0.000733,-0.173072,-0.000183,-0.260324,0.000191,-0.260324,-0.520115,
0.010207,-0.949876,0.612121,0.0,0.0,0.0,0.174824,-0.024109,0.944215,0.0,0.0,0.0,-0.63991,0.152805,0.523238,0.442918,-0.132347,-0.034175,0.184654,-0.013865,0.181606,0.435887,-0.351886,0.008238,0.173164,-0.000687,-0.173164,-0.000183,-0.260417,0.000167,-0.260417,-0.520324,
0.010381,-0.9499,0.613065,0.0,0.0,0.0,0.174812,-0.024185,0.944177,0.0,0.0,0.0,-0.63789,0.152185,0.521589,0.441719,-0.131084,-0.034376,0.184892,-0.013633,0.181884,0.437592,-0.351131,0.008064,0.173256,-0.000641,-0.173256,-0.000183,-0.260509,0.000143,-0.260509,-0.520532,
0.010556,-0.949924,0.614009,0.0,0.0,0.0,0.174823,-0.024109,0.944215,0.0,0.0,0.0,-0.63587,0.151564,0.51994,0.440519,-0.129821,-0.034578,0.18513,-0.013401,0.182161,0.439298,-0.350375,0.00789,0.173348,-0.000595,-0.173348,-0.000183,-0.260601,0.000119,-0.260601,-0.52074,
0.010731,-0.949948,0.614954,0.0,0.0,0.0,0.174814,-0.024185,0.944177,0.0,0.0,0.0,-0.633849,0.150944,0.518291,0.43932,-0.128558,-0.034779,0.185367,-0.013168,0.182439,0.441003,-0.34962,0.007717,0.17344,-0.00055,-0.17344,-0.000183,-0.260694,0.000095,-0.260694,-0.520949,
0.010906,-0.949972,0.615898,0.0,0.0,0.0,0.174823,-0.024185,0.944215,0.0,0.0,0.0,-0.631829,0.150324,0.516643,0.438121,-0.127295,-0.03498,0.185605,-0.012936,0.182717,0.442709,-0.348864,0.007543,0.173532,-0.000504,-0.173532,-0.000183,-0.260786,0.000072,-0.260786,-0.521157,
0.011081,-0.949996,0.616842,0.0,0.0,0.0,0.174812,-0.024109,0.944177,0.0,0.0,0.0,-0.629809,0.149703,0.514994,0.436922,-0.126032,-0.035182,0.185843,-0.012704,0.182994,0.444414,-0.348109,0.007369,0.173623,-0.000458,-0.173623,-0.000183,-0.260878,0.000048,-0.260878,-0.521365,
0.011256,-0.950021,0.617786,0.0,0.0,0.0,0.174824,-0.024185,0.944215,0.0,0.0,0.0,-0.627788,0.149083,0.513345,0.435723,-0.124768,-0.035383,0.18608,-0.012471,0.183272,0.446119,-0.347353,0.007195,0.173715,-0.000412,-0.173715,-0.000183,-0.260971,0.000024,-0.260971,-0.521574,
0.01143,-0.950045,0.61873,0.0,0.0,0.0,0.174812,-0.024109,0.944177,0.0,0.0,0.0,-0.625768,0.148462,0.511696,0.434524,-0.123506,-0.035585,0.186318,-0.012239,0.183549,0.447825,-0.346597,0.007021,0.173807,-0.000367,-0.173807,-0.000183,-0.261063,0.0,-0.261063,-0.521782,
0.011592,-0.950139,0.619693,0.0,0.0,0.0,0.161734,-0.094147,0.962869,0.0,0.0,0.0,-0.623383,0.147812,0.509744,0.43304,-0.121919,-0.03577,0.185541,-0.011929,0.182974,0.449997,-0.345465,0.006892,0.173556,-0.00049,-0.173556,-0.000263,-0.260811,0.00006,-0.260811,-0.521172,
0.011754,-0.950233,0.620656,0.0,0.0,0.0,0.161639,-0.094681,0.963098,0.0,0.0,0.0,-0.620994,0.14716,0.50779,0.431553,-0.12033,-0.035955,0.184756,-0.011617,0.182391,0.452173,-0.344329,0.006764,0.173303,-0.000614,-0.173303,-0.000344,-0.260556,0.00012,-0.260556,-0.520555,
0.011915,-0.950328,0.621619,0.0,0.0,0.0,0.161628,-0.094681,0.963022,0.0,0.0,0.0,-0.618605,0.146509,0.505835,0.430067,-0.11874,-0.03614,0.183971,-0.011306,0.181808,0.45435,-0.343193,0.006636,0.173049,-0.000739,-0.173049,-0.000424,-0.260301,0.000181,-0.260301,-0.519938,
0.012077,-0.950423,0.622583,0.0,0.0,0.0,0.161637,-0.094757,0.963098,0.0,0.0,0.0,-0.616215,0.145858,0.50388,0.42858,-0.117151,-0.036325,0.183186,-0.010995,0.181226,0.456526,-0.342057,0.006508,0.172796,-0.000863,-0.172796,-0.000505,-0.260047,0.000241,-0.260047,-0.519321,
0.012239,-0.950518,0.623546,0.0,0.0,0.0,0.161628,-0.094681,0.963022,0.0,0.0,0.0,-0.613826,0.145207,0.501926,0.427093,-0.115561,-0.03651,0.182401,-0.010684,0.180643,0.458703,-0.340921,0.006379,0.172542,-0.000988,-0.172542,-0.000585,-0.259792,0.000302,-0.259792,-0.518704,
0.0124,-0.950612,0.624509,0.0,0.0,0.0,0.161639,-0.094681,0.963098,0.0,0.0,0.0,-0.611437,0.144555,0.499971,0.425606,-0.113972,-0.036695,0.181616,-0.010373,0.180061,0.460879,-0.339786,0.006251,0.172288,-0.001112,-0.172288,-0.000666,-0.259537,0.000362,-0.259537,-0.518087,
0.012562,-0.950707,0.625472,0.0,0.0,0.0,0.161628,-0.094681,0.963022,0.0,0.0,0.0,-0.609048,0.143904,0.498016,0.424119,-0.112382,-0.03688,0.180831,-0.010062,0.179478,0.463056,-0.33865,0.006123,0.172035,-0.001237,-0.172035,-0.000746,-0.259282,0.000422,-0.259282,-0.51747,
0.012724,-0.950802,0.626435,0.0,0.0,0.0,0.161628,-0.094681,0.96306,0.0,0.0,0.0,-0.606658,0.143253,0.496062,0.422632,-0.110793,-0.037065,0.180046,-0.00975,0.178895,0.465232,-0.337514,0.005995,0.171781,-0.001361,-0.171781,-0.000827,-0.259027,0.000483,-0.259027,-0.516853,
0.012885,-0.950896,0.627398,0.0,0.0,0.0,0.161637,-0.094757,0.96306,0.0,0.0,0.0,-0.604269,0.142602,0.494107,0.421145,-0.109203,-0.03725,0.17926,-0.009439,0.178313,0.467409,-0.336378,0.005867,0.171528,-0.001486,-0.171528,-0.000908,-0.258773,0.000543,-0.258773,-0.516236,
0.013047,-0.950991,0.628361,0.0,0.0,0.0,0.161628,-0.094681,0.96306,0.0,0.0,0.0,-0.601879,0.141951,0.492152,0.419659,-0.107614,-0.037435,0.178475,-0.009128,0.17773,0.469586,-0.335242,0.005739,0.171274,-0.00161,-0.171274,-0.000988,-0.258518,0.000604,-0.258518,-0.515619,
0.013208,-0.951086,0.629324,0.0,0.0,0.0,0.161639,-0.094681,0.96306,0.0,0.0,0.0,-0.599489,0.141299,0.490197,0.418172,-0.106024,-0.03762,0.17769,-0.008817,0.177147,0.471763,-0.334106,0.00561,0.17102,-0.001735,-0.17102,-0.001069,-0.258263,0.000664,-0.258263,-0.515002,
0.01337,-0.95118,0.630287,0.0,0.0,0.0,0.161627,-0.094681,0.96306,0.0,0.0,0.0,-0.5971,0.140648,0.488242,0.416685,-0.104435,-0.037805,0.176905,-0.008506,0.176565,0.47394,-0.33297,0.005482,0.170767,-0.001859,-0.170767,-0.001149,-0.258008,0.000725,-0.258008,-0.514385,
0.013532,-0.951275,0.63125,0.0,0.0,0.0,0.161639,-0.094681,0.96306,0.0,0.0,0.0,-0.59471,0.139997,0.486287,0.415198,-0.102845,-0.03799,0.17612,-0.008195,0.175982,0.476116,-0.331835,0.005354,0.170513,-0.001984,-0.170513,-0.00123,-0.257753,0.000785,-0.257753,-0.513768,
0.013693,-0.95137,0.632213,0.0,0.0,0.0,0.161628,-0.094681,0.96306,0.0,0.0,0.0,-0.59232,0.139346,0.484333,0.413711,-0.101256,-0.038175,0.175335,-0.007884,0.175399,0.478293,-0.330699,0.005226,0.17026,-0.002108,-0.17026,-0.00131,-0.257499,0.000845,-0.257499,-0.513151,
0.013855,-0.951465,0.633176,0.0,0.0,0.0,0.161639,-0.094757,0.96306,0.0,0.0,0.0,-0.589931,0.138694,0.482378,0.412224,-0.099666,-0.03836,0.17455,-0.007573,0.174817,0.48047,-0.329563,0.005098,0.170006,-0.002233,-0.170006,-0.001391,-0.257244,0.000906,-0.257244,-0.512534,
0.014017,-0.951559,0.634139,0.0,0.0,0.0,0.161627,-0.094681,0.96306,0.0,0.0,0.0,-0.587541,0.138043,0.480423,0.410737,-0.098077,-0.038545,0.173765,-0.007261,0.174234,0.482647,-0.328427,0.004969,0.169752,-0.002357,-0.169752,-0.001472,-0.256989,0.000966,-0.256989,-0.511917,
0.014178,-0.951654,0.635102,0.0,0.0,0.0,0.161628,-0.094681,0.963022,0.0,0.0,0.0,-0.585151,0.137392,0.478468,0.40925,-0.096487,-0.03873,0.17298,-0.00695,0.173651,0.484824,-0.327291,0.004841,0.169499,-0.002482,-0.169499,-0.001552,-0.256734,0.001027,-0.256734,-0.5113,
0.01434,-0.951749,0.636065,0.0,0.0,0.0,0.161639,-0.094681,0.963098,0.0,0.0,0.0,-0.582761,0.136741,0.476513,0.407763,-0.094898,-0.038915,0.172195,-0.006639,0.173069,0.487001,-0.326155,0.004713,0.169245,-0.002606,-0.169245,-0.001633,-0.256479,0.001087,-0.256479,-0.510683,
0.014501,-0.951843,0.637028,0.0,0.0,0.0,0.161628,-0.094681,0.963022,0.0,0.0,0.0,-0.580372,0.13609,0.474558,0.406276,-0.093308,-0.039099,0.17141,-0.006328,0.172486,0.489178,-0.325019,0.004585,0.168992,-0.002731,-0.168992,-0.001713,-0.256225,0.001148,-0.256225,-0.510066,
0.014663,-0.951938,0.637991,0.0,0.0,0.0,0.161637,-0.094681,0.963098,0.0,0.0,0.0,-0.577982,0.135438,0.472603,0.404789,-0.091718,-0.039284,0.170624,-0.006017,0.171903,0.491355,-0.323883,0.004457,0.168738,-0.002855,-0.168738,-0.001794,-0.25597,0.001208,-0.25597,-0.509449,
0.014825,-0.952033,0.638954,0.0,0.0,0.0,0.161628,-0.094757,0.963022,0.0,0.0,0.0,-0.575592,0.134787,0.470648,0.403303,-0.090129,-0.039469,0.169839,-0.005706,0.171321,0.493531,-0.322747,0.004329,0.168484,-0.00298,-0.168484,-0.001874,-0.255715,0.001268,-0.255715,-0.508832,
0.014986,-0.952127,0.639918,0.0,0.0,0.0,0.161639,-0.094681,0.963098,0.0,0.0,0.0,-0.573203,0.134136,0.468693,0.401816,-0.088539,-0.039654,0.169054,-0.005394,0.170738,0.495708,-0.321612,0.0042,0.168231,-0.003105,-0.168231,-0.001955,-0.25546,0.001329,-0.25546,-0.508215,
0.015148,-0.952222,0.640881,0.0,0.0,0.0,0.161628,-0.094681,0.962984,0.0,0.0,0.0,-0.570813,0.133485,0.466739,0.400329,-0.08695,-0.039839,0.168269,-0.005083,0.170155,0.497885,-0.320476,0.004072,0.167977,-0.003229,-0.167977,-0.002036,-0.255206,0.001389,-0.255206,-0.507598,
0.01531,-0.952317,0.641844,0.0,0.0,0.0,0.161628,-0.094681,0.96306,0.0,0.0,0.0,-0.568423,0.132834,0.464784,0.398842,-0.08536,-0.040024,0.167484,-0.004772,0.169573,0.500062,-0.31934,0.003944,0.167724,-0.003354,-0.167724,-0.002116,-0.254951,0.00145,-0.254951,-0.506981,
0.015471,-0.952411,0.642807,0.0,0.0,0.0,0.161637,-0.094681,0.96306,0.0,0.0,0.0,-0.566034,0.132182,0.462829,0.397355,-0.083771,-0.040209,0.166699,-0.004461,0.16899,0.502238,-0.318204,0.003816,0.16747,-0.003478,-0.16747,-0.002197,-0.254696,0.00151,-0.254696,-0.506364,
0.015633,-0.952506,0.64377,0.0,0.0,0.0,0.161628,-0.094681,0.96306,0.0,0.0,0.0,-0.563645,0.131531,0.460874,0.395868,-0.082181,-0.040394,0.165914,-0.00415,0.168407,0.504415,-0.317068,0.003688,0.167216,-0.003603,-0.167216,-0.002277,-0.254441,0.001571,-0.254441,-0.505747,
0.015795,-0.952601,0.644733,0.0,0.0,0.0,0.161639,-0.094757,0.96306,0.0,0.0,0.0,-0.561255,0.13088,0.458919,0.394381,-0.080592,-0.040579,0.165129,-0.003839,0.167825,0.506592,-0.315932,0.00356,0.166963,-0.003727,-0.166963,-0.002358,-0.254186,0.001631,-0.254186,-0.50513,
0.015956,-0.952696,0.645696,0.0,0.0,0.0,0.161628,-0.094681,0.96306,0.0,0.0,0.0,-0.558866,0.130229,0.456965,0.392895,-0.079003,-0.040764,0.164344,-0.003528,0.167242,0.508768,-0.314796,0.003431,0.166709,-0.003852,-0.166709,-0.002438,-0.253932,0.001691,-0.253932,-0.504513,
0.016118,-0.95279,0.646659,0.0,0.0,0.0,0.161637,-0.094681,0.96306,0.0,0.0,0.0,-0.556476,0.129577,0.45501,0.391408,-0.077413,-0.040949,0.163559,-0.003216,0.166659,0.510945,-0.313661,0.003303,0.166456,-0.003976,-0.166456,-0.002519,-0.253677,0.001752,-0.253677,-0.503896,
0.016279,-0.952885,0.647622,0.0,0.0,0.0,0.161628,-0.094681,0.96306,0.0,0.0,0.0,-0.554087,0.128926,0.453055,0.389921,-0.075824,-0.041134,0.162774,-0.002905,0.166077,0.513121,-0.312525,0.003175,0.166202,-0.004101,-0.166202,-0.002599,-0.253422,0.001812,-0.253422,-0.503279,
0.016441,-0.95298,0.648585,0.0,0.0,0.0,0.161639,-0.094681,0.96306,0.0,0.0,0.0,-0.551698,0.128275,0.451101,0.388434,-0.074234,-0.041319,0.161989,-0.002594,0.165494,0.515298,-0.311389,0.003047,0.165948,-0.004225,-0.165948,-0.00268,-0.253167,0.001873,-0.253167,-0.502662,
0.016603,-0.953074,0.649548,0.0,0.0,0.0,0.161628,-0.094757,0.96306,0.0,0.0,0.0,-0.549309,0.127624,0.449146,0.386947,-0.072645,-0.041504,0.161204,-0.002283,0.164911,0.517474,-0.310253,0.002919,0.165695,-0.00435,-0.165695,-0.002761,-0.252912,0.001933,-0.252912,-0.502045,
0.016764,-0.953169,0.650511,0.0,0.0,0.0,0.161628,-0.094681,0.96306,0.0,0.0,0.0,-0.54692,0.126973,0.447192,0.385461,-0.071056,-0.041689,0.160418,-0.001972,0.164329,0.51965,-0.309117,0.00279,0.165441,-0.004474,-0.165441,-0.002841,-0.252658,0.001994,-0.252658,-0.501428,
0.016913,-0.953291,0.651485,0.0,0.0,0.0,0.148523,-0.122147,0.974046,0.0,0.0,0.0,-0.544527,0.126394,0.445216,0.384178,-0.07009,-0.041869,0.157619,-0.001598,0.162045,0.523147,-0.308167,0.002701,0.164986,-0.004673,-0.164986,-0.003012,-0.252203,0.002091,-0.252203,-0.50036,
0.017055,-0.953428,0.652465,0.0,0.0,0.0,0.141702,-0.136414,0.979692,0.0,0.0,0.0,-0.542131,0.125852,0.44323,0.383001,-0.069449,-0.042047,0.153772,-0.00119,0.158876,0.527331,-0.307314,0.002631,0.164426,-0.004911,-0.164426,-0.00323,-0.251644,0.002209,-0.251644,-0.499057,
0.017196,-0.953564,0.653445,0.0,0.0,0.0,0.141711,-0.136414,0.979769,0.0,0.0,0.0,-0.539734,0.12531,0.441243,0.381824,-0.068808,-0.042225,0.149925,-0.000783,0.155708,0.531515,-0.306461,0.002562,0.163865,-0.00515,-0.163865,-0.003448,-0.251085,0.002326,-0.251085,-0.497755,
0.017338,-0.9537,0.654424,0.0,0.0,0.0,0.141702,-0.136414,0.979692,0.0,0.0,0.0,-0.537338,0.124768,0.439256,0.380648,-0.068167,-0.042402,0.146078,-0.000376,0.152539,0.5357,-0.305607,0.002492,0.163305,-0.005388,-0.163305,-0.003666,-0.250526,0.002443,-0.250526,-0.496452,
0.01748,-0.953837,0.655404,0.0,0.0,0.0,0.141711,-0.136414,0.979769,0.0,0.0,0.0,-0.534941,0.124227,0.437269,0.379471,-0.067526,-0.04258,0.14223,0.000031,0.14937,0.539885,-0.304754,0.002423,0.162745,-0.005626,-0.162745,-0.003884,-0.249967,0.00256,-0.249967,-0.49515,
0.017621,-0.953973,0.656384,0.0,0.0,0.0,0.141702,-0.136414,0.979692,0.0,0.0,0.0,-0.532545,0.123685,0.435282,0.378294,-0.066885,-0.042758,0.138382,0.000438,0.146201,0.544071,-0.303901,0.002353,0.162185,-0.005864,-0.162185,-0.004102,-0.249408,0.002677,-0.249408,-0.493847,
0.017763,-0.95411,0.657363,0.0,0.0,0.0,0.141702,-0.136414,0.979692,0.0,0.0,0.0,-0.530148,0.123143,0.433295,0.377117,-0.066243,-0.042935,0.134534,0.000846,0.143032,0.548257,-0.303047,0.002283,0.161625,-0.006102,-0.161625,-0.00432,-0.248849,0.002794,-0.248849,-0.492544,
0.017905,-0.954246,0.658343,0.0,0.0,0.0,0.141711,-0.136414,0.979769,0.0,0.0,0.0,-0.527751,0.122602,0.431308,0.37594,-0.065602,-0.043113,0.130685,0.001253,0.139863,0.552443,-0.302194,0.002214,0.161065,-0.00634,-0.161065,-0.004537,-0.24829,0.002912,-0.24829,-0.491242,
0.018046,-0.954382,0.659323,0.0,0.0,0.0,0.141702,-0.136414,0.979692,0.0,0.0,0.0,-0.525355,0.12206,0.429321,0.374763,-0.064961,-0.043291,0.126836,0.00166,0.136693,0.55663,-0.301341,0.002144,0.160504,-0.006578,-0.160504,-0.004755,-0.247731,0.003029,-0.247731,-0.489939,
0.018188,-0.954519,0.660303,0.0,0.0,0.0,0.141711,-0.136414,0.979769,0.0,0.0,0.0,-0.522958,0.121518,0.427334,0.373587,-0.06432,-0.043468,0.122987,0.002067,0.133523,0.560817,-0.300487,0.002075,0.159944,-0.006816,-0.159944,-0.004973,-0.247172,0.003146,-0.247172,-0.488637,
0.01833,-0.954655,0.661282,0.0,0.0,0.0,0.141702,-0.136414,0.979692,0.0,0.0,0.0,-0.520561,0.120976,0.425347,0.37241,-0.063679,-0.043646,0.119138,0.002474,0.130354,0.565004,-0.299634,0.002005,0.159384,-0.007054,-0.159384,-0.005191,-0.246613,0.003263,-0.246613,-0.487334,
0.018472,-0.954792,0.662262,0.0,0.0,0.0,0.141711,-0.136414,0.979769,0.0,0.0,0.0,-0.518164,0.120435,0.42336,0.371233,-0.063038,-0.043824,0.115288,0.002882,0.127184,0.569192,-0.29878,0.001935,0.158824,-0.007292,-0.158824,-0.005409,-0.246054,0.00338,-0.246054,-0.486032,
0.018613,-0.954928,0.663242,0.0,0.0,0.0,0.141702,-0.136414,0.979692,0.0,0.0,0.0,-0.515767,0.119893,0.421373,0.370056,-0.062396,-0.044001,0.111438,0.003289,0.124014,0.573379,-0.297927,0.001866,0.158264,-0.00753,-0.158264,-0.005627,-0.245495,0.003498,-0.245495,-0.484729,
0.018755,-0.955065,0.664222,0.0,0.0,0.0,0.141711,-0.136414,0.979769,0.0,0.0,0.0,-0.51337,0.119351,0.419386,0.368879,-0.061755,-0.044179,0.107589,0.003696,0.120844,0.577567,-0.297074,0.001796,0.157703,-0.007768,-0.157703,-0.005845,-0.244936,0.003615,-0.244936,-0.483426,
0.018897,-0.955201,0.665201,0.0,0.0,0.0,0.141702,-0.136414,0.979692,0.0,0.0,0.0,-0.510973,0.118809,0.417398,0.367702,-0.061114,-0.044357,0.103739,0.004103,0.117674,0.581755,-0.29622,0.001727,0.157143,-0.008006,-0.157143,-0.006063,-0.244377,0.003732,-0.244377,-0.482124,
0.019038,-0.955337,0.666181,0.0,0.0,0.0,0.141702,-0.136414,0.979692,0.0,0.0,0.0,-0.508576,0.118268,0.415411,0.366525,-0.060473,-0.044534,0.099889,0.00451,0.114504,0.585943,-0.295367,0.001657,0.156583,-0.008244,-0.156583,-0.006281,-0.243818,0.003849,-0.243818,-0.480821,
0.01918,-0.955474,0.667161,0.0,0.0,0.0,0.141711,-0.136414,0.979769,0.0,0.0,0.0,-0.506179,0.117726,0.413424,0.365348,-0.059832,-0.044712,0.096039,0.004918,0.111333,0.590131,-0.294513,0.001588,0.156023,-0.008482,-0.156023,-0.006499,-0.243259,0.003966,-0.243259,-0.479518,
0.019322,-0.95561,0.66814,0.0,0.0,0.0,0.141702,-0.136414,0.979692,0.0,0.0,0.0,-0.503782,0.117184,0.411437,0.364172,-0.05919,-0.044889,0.092189,0.005325,0.108163,0.594319,-0.29366,0.001518,0.155463,-0.00872,-0.155463,-0.006716,-0.242701,0.004084,-0.242701,-0.478216,
0.019464,-0.955747,0.66912,0.0,0.0,0.0,0.141711,-0.136414,0.979769,0.0,0.0,0.0,-0.501385,0.116642,0.40945,0.362995,-0.058549,-0.045067,0.088339,0.005732,0.104993,0.598507,-0.292807,0.001448,0.154902,-0.008958,-0.154902,-0.006934,-0.242142,0.004201,-0.242142,-0.476913,
0.019605,-0.955883,0.6701,0.0,0.0,0.0,0.141702,-0.136414,0.979692,0.0,0.0,0.0,-0.498988,0.116101,0.407463,0.361818,-0.057908,-0.045245,0.084489,0.006139,0.101823,0.602695,-0.291953,0.001379,0.154342,-0.009196,-0.154342,-0.007152,-0.241583,0.004318,-0.241583,-0.475611,
0.019747,-0.956019,0.67108,0.0,0.0,0.0,0.141711,-0.136414,0.979769,0.0,0.0,0.0,-0.496591,0.115559,0.405475,0.360641,-0.057267,-0.045422,0.080639,0.006546,0.098653,0.606883,-0.2911,0.001309,0.153782,-0.009434,-0.153782,-0.00737,-0.241024,0.004435,-0.241024,-0.474308,
0.019889,-0.956156,0.672059,0.0,0.0,0.0,0.141702,-0.136414,0.979692,0.0,0.0,0.0,-0.494194,0.115017,0.403488,0.359464,-0.056626,-0.0456,0.07679,0.006954,0.095483,0.61107,-0.290247,0.00124,0.153222,-0.009672,-0.153222,-0.007588,-0.240465,0.004552,-0.240465,-0.473005,
0.02003,-0.956292,0.673039,0.0,0.0,0.0,0.141703,-0.136414,0.979692,0.0,0.0,0.0,-0.491797,0.114476,0.401501,0.358287,-0.055985,-0.045778,0.07294,0.007361,0.092313,0.615258,-0.289393,0.00117,0.152662,-0.00991,-0.152662,-0.007806,-0.239906,0.00467,-0.239906,-0.471703,
0.020172,-0.956429,0.674019,0.0,0.0,0.0,0.141711,-0.136414,0.979769,0.0,0.0,0.0,-0.4894,0.113934,0.399514,0.35711,-0.055343,-0.045955,0.069091,0.007768,0.089143,0.619445,-0.28854,0.0011,0.152101,-0.010148,-0.152101,-0.008024,-0.239347,0.004787,-0.239347,-0.4704,
0.020314,-0.956565,0.674998,0.0,0.0,0.0,0.141702,-0.136414,0.979692,0.0,0.0,0.0,-0.487003,0.113392,0.397527,0.355933,-0.054702,-0.046133,0.065242,0.008175,0.085974,0.623632,-0.287686,0.001031,0.151541,-0.010386,-0.151541,-0.008242,-0.238788,0.004904,-0.238788,-0.469098,
0.020456,-0.956702,0.675978,0.0,0.0,0.0,0.141711,-0.136414,0.979769,0.0,0.0,0.0,-0.484606,0.112851,0.39554,0.354757,-0.054061,-0.046311,0.061393,0.008582,0.082804,0.627819,-0.286833,0.000961,0.150981,-0.010625,-0.150981,-0.00846,-0.238229,0.005021,-0.238229,-0.467795,
0.020597,-0.956838,0.676958,0.0,0.0,0.0,0.141702,-0.136414,0.979692,0.0,0.0,0.0,-0.48221,0.112309,0.393553,0.35358,-0.05342,-0.046488,0.057544,0.00899,0.079635,0.632005,-0.28598,0.000892,0.150421,-0.010863,-0.150421,-0.008678,-0.23767,0.005138,-0.23767,-0.466493,
0.020739,-0.956974,0.677938,0.0,0.0,0.0,0.141711,-0.136414,0.979769,0.0,0.0,0.0,-0.479813,0.111767,0.391566,0.352403,-0.052779,-0.046666,0.053696,0.009397,0.076465,0.636191,-0.285126,0.000822,0.149861,-0.011101,-0.149861,-0.008895,-0.237111,0.005255,-0.237111,-0.46519,
0.020881,-0.957111,0.678917,0.0,0.0,0.0,0.141702,-0.136414,0.979692,0.0,0.0,0.0,-0.477417,0.111225,0.389579,0.351226,-0.052138,-0.046844,0.049848,0.009804,0.073296,0.640377,-0.284273,0.000753,0.149301,-0.011339,-0.149301,-0.009113,-0.236552,0.005373,-0.236552,-0.463887,
0.021022,-0.957247,0.679897,0.0,0.0,0.0,0.141711,-0.136414,0.979769,0.0,0.0,0.0,-0.47502,0.110684,0.387592,0.350049,-0.051496,-0.047021,0.046,0.010211,0.070127,0.644562,-0.28342,0.000683,0.14874,-0.011577,-0.14874,-0.009331,-0.235993,0.00549,-0.235993,-0.462585,
0.021164,-0.957384,0.680877,0.0,0.0,0.0,0.141702,-0.136414,0.979692,0.0,0.0,0.0,-0.472624,0.110142,0.385605,0.348872,-0.050855,-0.047199,0.042153,0.010618,0.066959,0.648747,-0.282566,0.000613,0.14818,-0.011815,-0.14818,-0.009549,-0.235434,0.005607,-0.235434,-0.461282,
0.021306,-0.95752,0.681857,0.0,0.0,0.0,0.141702,-0.136414,0.979769,0.0,0.0,0.0,-0.470227,0.1096,0.383619,0.347696,-0.050214,-0.047377,0.038306,0.011026,0.06379,0.652931,-0.281713,0.000544,0.14762,-0.012053,-0.14762,-0.009767,-0.234875,0.005724,-0.234875,-0.45998,
0.021447,-0.957656,0.682836,0.0,0.0,0.0,0.141711,-0.136414,0.979692,0.0,0.0,0.0,-0.467831,0.109058,0.381632,0.346519,-0.049573,-0.047554,0.034459,0.011433,0.060622,0.657115,-0.280859,0.000474,0.14706,-0.012291,-0.14706,-0.009985,-0.234316,0.005841,-0.234316,-0.458677,
0.02158,-0.957796,0.68382,0.0,0.0,0.0,0.133052,-0.139389,0.983888,0.0,0.0,0.0,-0.465505,0.108564,0.379693,0.345527,-0.049382,-0.047727,0.030004,0.011703,0.056896,0.661476,-0.279935,0.000412,0.146418,-0.012542,-0.146418,-0.010259,-0.233675,0.005972,-0.233675,-0.457217,
0.021696,-0.957941,0.684813,0.0,0.0,0.0,0.115042,-0.145645,0.99251,0.0,0.0,0.0,-0.463324,0.108167,0.377852,0.34492,-0.050127,-0.04789,0.02428,0.011686,0.052006,0.666209,-0.278862,0.000367,0.145605,-0.01282,-0.145605,-0.010651,-0.232863,0.006129,-0.232863,-0.455428,
0.021811,-0.958087,0.685805,0.0,0.0,0.0,0.115035,-0.145645,0.99251,0.0,0.0,0.0,-0.461143,0.107771,0.376011,0.344312,-0.050873,-0.048053,0.018555,0.011669,0.047116,0.670943,-0.277789,0.000321,0.144792,-0.013099,-0.144792,-0.011043,-0.23205,0.006287,-0.23205,-0.453638,
0.021926,-0.958233,0.686798,0.0,0.0,0.0,0.115044,-0.145569,0.992586,0.0,0.0,0.0,-0.458962,0.107374,0.37417,0.343705,-0.051618,-0.048216,0.012828,0.011653,0.042224,0.675678,-0.276716,0.000275,0.143979,-0.013377,-0.143979,-0.011435,-0.231238,0.006444,-0.231238,-0.451849,
0.022041,-0.958378,0.68779,0.0,0.0,0.0,0.115035,-0.145645,0.992433,0.0,0.0,0.0,-0.456781,0.106977,0.37233,0.343098,-0.052364,-0.048379,0.0071,0.011636,0.037332,0.680413,-0.275643,0.000229,0.143166,-0.013655,-0.143166,-0.011827,-0.230425,0.006602,-0.230425,-0.450059,
0.022156,-0.958524,0.688783,0.0,0.0,0.0,0.115035,-0.145645,0.99251,0.0,0.0,0.0,-0.454599,0.106581,0.370489,0.34249,-0.05311,-0.048542,0.001371,0.01162,0.032439,0.685149,-0.27457,0.000184,0.142353,-0.013934,-0.142353,-0.012219,-0.229613,0.006759,-0.229613,-0.44827,
0.022271,-0.95867,0.689775,0.0,0.0,0.0,0.115044,-0.145569,0.992586,0.0,0.0,0.0,-0.452418,0.106184,0.368648,0.341883,-0.053855,-0.048705,-0.00436,0.011603,0.027545,0.689886,-0.273496,0.000138,0.14154,-0.014212,-0.14154,-0.012611,-0.228801,0.006917,-0.228801,-0.44648,
0.022386,-0.958815,0.690768,0.0,0.0,0.0,0.115035,-0.145645,0.992433,0.0,0.0,0.0,-0.450237,0.105787,0.366807,0.341276,-0.054601,-0.048868,-0.010091,0.011587,0.022651,0.694623,-0.272423,0.000092,0.140727,-0.01449,-0.140727,-0.013002,-0.227988,0.007074,-0.227988,-0.444691,
0.022501,-0.958961,0.69176,0.0,0.0,0.0,0.115042,-0.145645,0.992586,0.0,0.0,0.0,-0.448055,0.105391,0.364966,0.340668,-0.055346,-0.049031,-0.015823,0.01157,0.017756,0.699361,-0.27135,0.000046,0.139914,-0.014769,-0.139914,-0.013394,-0.227176,0.007231,-0.227176,-0.442901,
0.022616,-0.959106,0.692753,0.0,0.0,0.0,0.115037,-0.145569,0.99251,0.0,0.0,0.0,-0.445874,0.104994,0.363125,0.340061,-0.056092,-0.049194,-0.021556,0.011554,0.012861,0.704099,-0.270277,0.0,0.139101,-0.015047,-0.139101,-0.013786,-0.226363,0.007389,-0.226363,-0.441112,
0.022731,-0.959252,0.693745,0.0,0.0,0.0,0.115042,-0.145645,0.99251,0.0,0.0,0.0,-0.443692,0.104597,0.361284,0.339454,-0.056838,-0.049357,-0.02729,0.011537,0.007965,0.708838,-0.269204,-0.000045,0.138288,-0.015325,-0.138288,-0.014178,-0.225551,0.007546,-0.225551,-0.439322,
0.022846,-0.959398,0.694738,0.0,0.0,0.0,0.115035,-0.145645,0.99251,0.0,0.0,0.0,-0.441511,0.104201,0.359443,0.338847,-0.057583,-0.049521,-0.033024,0.01152,0.003069,0.713577,-0.268131,-0.000091,0.137475,-0.015604,-0.137475,-0.01457,-0.224738,0.007704,-0.224738,-0.437532,
0.022961,-0.959543,0.69573,0.0,0.0,0.0,0.115044,-0.145645,0.99251,0.0,0.0,0.0,-0.439329,0.103804,0.357602,0.338239,-0.058329,-0.049684,-0.038759,0.011504,-0.001827,0.718316,-0.267058,-0.000137,0.136662,-0.015882,-0.136662,-0.014962,-0.223926,0.007861,-0.223926,-0.435743,
0.023076,-0.959689,0.696723,0.0,0.0,0.0,0.115035,-0.145569,0.99251,0.0,0.0,0.0,-0.437148,0.103407,0.355761,0.337632,-0.059075,-0.049847,-0.044494,0.011487,-0.006724,0.723056,-0.265985,-0.000183,0.135849,-0.01616,-0.135849,-0.015354,-0.223113,0.008019,-0.223113,-0.433953,
0.023191,-0.959835,0.697715,0.0,0.0,0.0,0.115035,-0.145645,0.99251,0.0,0.0,0.0,-0.434966,0.103011,0.35392,0.337025,-0.05982,-0.05001,-0.050229,0.011471,-0.01162,0.727795,-0.264912,-0.000228,0.135036,-0.016439,-0.135036,-0.015745,-0.222301,0.008176,-0.222301,-0.432163,
0.023306,-0.95998,0.698708,0.0,0.0,0.0,0.115044,-0.145645,0.99251,0.0,0.0,0.0,-0.432785,0.102614,0.352079,0.336417,-0.060566,-0.050173,-0.055965,0.011454,-0.016518,0.732535,-0.263838,-0.000274,0.134223,-0.016717,-0.134223,-0.016137,-0.221488,0.008334,-0.221488,-0.430374,
0.023421,-0.960126,0.6997,0.0,0.0,0.0,0.115035,-0.145569,0.99251,0.0,0.0,0.0,-0.430603,0.102217,0.350238,0.33581,-0.061311,-0.050336,-0.061701,0.011437,-0.021414,0.737275,-0.262765,-0.00032,0.13341,-0.016995,-0.13341,-0.016529,-0.220676,0.008491,-0.220676,-0.428584,
0.023536,-0.960271,0.700693,0.0,0.0,0.0,0.115044,-0.145645,0.99251,0.0,0.0,0.0,-0.428421,0.101821,0.348397,0.335203,-0.062057,-0.050499,-0.067437,0.011421,-0.026312,0.742015,-0.261692,-0.000366,0.132597,-0.017274,-0.132597,-0.016921,-0.219864,0.008649,-0.219864,-0.426794,
0.023651,-0.960417,0.701685,0.0,0.0,0.0,0.115035,-0.145645,0.99251,0.0,0.0,0.0,-0.42624,0.101424,0.346556,0.334595,-0.062803,-0.050662,-0.073173,0.011404,-0.031209,0.746754,-0.260619,-0.000412,0.131784,-0.017552,-0.131784,-0.017313,-0.219051,0.008806,-0.219051,-0.425005,
0.023766,-0.960563,0.702678,0.0,0.0,0.0,0.115042,-0.145569,0.992586,0.0,0.0,0.0,-0.424058,0.101027,0.344715,0.333988,-0.063548,-0.050825,-0.078909,0.011388,-0.036106,0.751494,-0.259546,-0.000457,0.130971,-0.01783,-0.130971,-0.017705,-0.218239,0.008964,-0.218239,-0.423215,
0.023881,-0.960708,0.70367,0.0,0.0,0.0,0.115037,-0.145645,0.992433,0.0,0.0,0.0,-0.421877,0.100631,0.342874,0.333381,-0.064294,-0.050988,-0.084644,0.011371,-0.041002,0.756234,-0.258473,-0.000503,0.130158,-0.018109,-0.130158,-0.018097,-0.217426,0.009121,-0.217426,-0.421425,
0.023996,-0.960854,0.704663,0.0,0.0,0.0,0.115035,-0.145645,0.99251,0.0,0.0,0.0,-0.419695,0.100234,0.341033,0.332774,-0.065039,-0.051151,-0.090379,0.011355,-0.045899,0.760973,-0.2574,-0.000549,0.129345,-0.018387,-0.129345,-0.018489,-0.216614,0.009279,-0.216614,-0.419635,
0.024111,-0.960999,0.705656,0.0,0.0,0.0,0.115042,-0.145569,0.992586,0.0,0.0,0.0,-0.417514,0.099837,0.339192,0.332166,-0.065785,-0.051314,-0.096113,0.011338,-0.050795,0.765712,-0.256327,-0.000595,0.128532,-0.018665,-0.128532,-0.01888,-0.215801,0.009436,-0.215801,-0.417846,
0.024226,-0.961145,0.706648,0.0,0.0,0.0,0.115037,-0.145645,0.992433,0.0,0.0,0.0,-0.415332,0.099441,0.337351,0.331559,-0.066531,-0.051477,-0.101847,0.011322,-0.055691,0.770451,-0.255253,-0.00064,0.127719,-0.018944,-0.127719,-0.019272,-0.214989,0.009594,-0.214989,-0.416056,
0.024341,-0.961291,0.707641,0.0,0.0,0.0,0.115042,-0.145645,0.992586,0.0,0.0,0.0,-0.413151,0.099044,0.33551,0.330952,-0.067276,-0.05164,-0.107581,0.011305,-0.060587,0.77519,-0.25418,-0.000686,0.126906,-0.019222,-0.126906,-0.019664,-0.214176,0.009751,-0.214176,-0.414266,
0.024456,-0.961436,0.708633,0.0,0.0,0.0,0.115035,-0.145645,0.99251,0.0,0.0,0.0,-0.410969,0.098647,0.333669,0.330344,-0.068022,-0.051803,-0.113314,0.011288,-0.065482,0.779927,-0.253107,-0.000732,0.126093,-0.0195,-0.126093,-0.020056,-0.213364,0.009909,-0.213364,-0.412477,
0.024572,-0.961582,0.709626,0.0,0.0,0.0,0.115044,-0.145569,0.99251,0.0,0.0,0.0,-0.408788,0.098251,0.331828,0.329737,-0.068768,-0.051966,-0.119046,0.011272,-0.070376,0.784665,-0.252034,-0.000778,0.12528,-0.019779,-0.12528,-0.020448,-0.212551,0.010066,-0.212551,-0.410687,
0.024687,-0.961728,0.710618,0.0,0.0,0.0,0.115035,-0.145645,0.99251,0.0,0.0,0.0,-0.406607,0.097854,0.329987,0.32913,-0.069513,-0.052129,-0.124777,0.011255,-0.07527,0.789402,-0.250961,-0.000824,0.124467,-0.020057,-0.124467,-0.02084,-0.211739,0.010224,-0.211739,-0.408898,
0.024802,-0.961873,0.711611,0.0,0.0,0.0,0.115042,-0.145645,0.99251,0.0,0.0,0.0,-0.404425,0.097457,0.328146,0.328522,-0.070259,-0.052292,-0.130507,0.011239,-0.080164,0.794139,-0.249888,-0.000869,0.123654,-0.020335,-0.123654,-0.021232,-0.210927,0.010381,-0.210927,-0.407108,
0.024917,-0.962019,0.712603,0.0,0.0,0.0,0.115037,-0.145569,0.99251,0.0,0.0,0.0,-0.402244,0.097061,0.326306,0.327915,-0.071004,-0.052455,-0.136235,0.011222,-0.085057,0.798875,-0.248815,-0.000915,0.122841,-0.020614,-0.122841,-0.021623,-0.210114,0.010538,-0.210114,-0.405319,
0.025032,-0.962164,0.713596,0.0,0.0,0.0,0.115035,-0.145645,0.99251,0.0,0.0,0.0,-0.400063,0.096664,0.324465,0.327308,-0.07175,-0.052618,-0.141963,0.011206,-0.089948,0.80361,-0.247742,-0.000961,0.122028,-0.020892,-0.122028,-0.022015,-0.209302,0.010696,-0.209302,-0.403529,
0.025147,-0.96231,0.714588,0.0,0.0,0.0,0.115042,-0.145645,0.99251,0.0,0.0,0.0,-0.397882,0.096267,0.322624,0.326701,-0.072496,-0.052781,-0.14769,0.011189,-0.09484,0.808344,-0.246669,-0.001007,0.121215,-0.02117,-0.121215,-0.022407,-0.208489,0.010853,-0.208489,-0.40174,
0.025262,-0.962456,0.715581,0.0,0.0,0.0,0.115037,-0.145569,0.99251,0.0,0.0,0.0,-0.395701,0.095871,0.320783,0.326093,-0.073241,-0.052944,-0.153415,0.011172,-0.09973,0.813078,-0.245596,-0.001052,0.120402,-0.021449,-0.120402,-0.022799,-0.207677,0.011011,-0.207677,-0.399951,
0.025377,-0.962601,0.716573,0.0,0.0,0.0,0.115042,-0.145645,0.99251,0.0,0.0,0.0,-0.39352,0.095474,0.318943,0.325486,-0.073987,-0.053107,-0.159138,0.011156,-0.10462,0.817811,-0.244523,-0.001098,0.119589,-0.021727,-0.119589,-0.023191,-0.206864,0.011168,-0.206864,-0.398161,
0.025459,-0.962724,0.717574,0.0,0.0,0.0,0.081942,-0.122528,1.00136,0.0,0.0,0.0,-0.391196,0.09511,0.316979,0.324762,-0.074805,-0.053221,-0.165413,0.010355,-0.110123,0.822066,-0.242994,-0.001209,0.118572,-0.021971,-0.118572,-0.023793,-0.205847,0.011348,-0.205847,-0.396085,
0.02554,-0.962846,0.718576,0.0,0.0,0.0,0.081639,-0.122376,1.001512,0.0,0.0,0.0,-0.388871,0.094747,0.315015,0.324037,-0.075625,-0.053335,-0.171695,0.009546,-0.115634,0.826317,-0.241462,-0.001321,0.117552,-0.022214,-0.117552,-0.024398,-0.204828,0.011527,-0.204828,-0.394005,
0.025622,-0.962969,0.719577,0.0,0.0,0.0,0.081635,-0.122299,1.001512,0.0,0.0,0.0,-0.386545,0.094383,0.31305,0.323313,-0.076444,-0.053448,-0.177978,0.008737,-0.121146,0.830569,-0.239929,-0.001433,0.116533,-0.022458,-0.116533,-0.025002,-0.203809,0.011707,-0.203809,-0.391926,
0.025704,-0.963091,0.720579,0.0,0.0,0.0,0.081639,-0.122376,1.001512,0.0,0.0,0.0,-0.38422,0.09402,0.311085,0.322588,-0.077263,-0.053562,-0.184264,0.007928,-0.126659,0.834822,-0.238396,-0.001544,0.115513,-0.022702,-0.115513,-0.025606,-0.20279,0.011886,-0.20279,-0.389846,
0.025785,-0.963213,0.72158,0.0,0.0,0.0,0.08163,-0.122299,1.00136,0.0,0.0,0.0,-0.381894,0.093656,0.309121,0.321863,-0.078083,-0.053675,-0.190551,0.00712,-0.132173,0.839074,-0.236864,-0.001656,0.114494,-0.022945,-0.114494,-0.026211,-0.201771,0.012065,-0.201771,-0.387766,
0.025867,-0.963336,0.722582,0.0,0.0,0.0,0.081644,-0.122376,1.001589,0.0,0.0,0.0,-0.379568,0.093293,0.307156,0.321138,-0.078902,-0.053789,-0.19684,0.006311,-0.137689,0.843328,-0.235331,-0.001768,0.113474,-0.023189,-0.113474,-0.026815,-0.200752,0.012245,-0.200752,-0.385686,
0.025949,-0.963458,0.723583,0.0,0.0,0.0,0.08163,-0.122299,1.001436,0.0,0.0,0.0,-0.377242,0.092929,0.305191,0.320413,-0.079721,-0.053902,-0.203129,0.005502,-0.143205,0.847581,-0.233798,-0.00188,0.112455,-0.023432,-0.112455,-0.02742,-0.199733,0.012424,-0.199733,-0.383607,
0.02603,-0.96358,0.724585,0.0,0.0,0.0,0.081639,-0.122299,1.001512,0.0,0.0,0.0,-0.374916,0.092566,0.303226,0.319688,-0.080541,-0.054016,-0.20942,0.004693,-0.148722,0.851836,-0.232265,-0.001991,0.111435,-0.023676,-0.111435,-0.028024,-0.198714,0.012604,-0.198714,-0.381527,
0.026112,-0.963703,0.725586,0.0,0.0,0.0,0.081635,-0.122376,1.001512,0.0,0.0,0.0,-0.372591,0.092202,0.301261,0.318963,-0.08136,-0.05413,-0.215712,0.003884,-0.15424,0.85609,-0.230733,-0.002103,0.110416,-0.023919,-0.110416,-0.028628,-0.197695,0.012783,-0.197695,-0.379447,
0.026193,-0.963825,0.726588,0.0,0.0,0.0,0.081639,-0.122299,1.001512,0.0,0.0,0.0,-0.370264,0.091839,0.299296,0.318238,-0.082179,-0.054243,-0.222006,0.003076,-0.159758,0.860345,-0.2292,-0.002215,0.109396,-0.024163,-0.109396,-0.029233,-0.196676,0.012963,-0.196676,-0.377367,
0.026275,-0.963947,0.727589,0.0,0.0,0.0,0.08163,-0.122299,1.001436,0.0,0.0,0.0,-0.367939,0.091475,0.297331,0.317514,-0.082999,-0.054357,-0.228299,0.002267,-0.165277,0.8646,-0.227667,-0.002326,0.108377,-0.024407,-0.108377,-0.029837,-0.195657,0.013142,-0.195657,-0.375287,
0.026357,-0.96407,0.728591,0.0,0.0,0.0,0.081644,-0.122376,1.001589,0.0,0.0,0.0,-0.365612,0.091112,0.295366,0.316789,-0.083818,-0.05447,-0.234594,0.001458,-0.170797,0.868855,-0.226134,-0.002438,0.107357,-0.02465,-0.107357,-0.030441,-0.194638,0.013322,-0.194638,-0.373207,
0.026438,-0.964192,0.729592,0.0,0.0,0.0,0.08163,-0.122299,1.00136,0.0,0.0,0.0,-0.363286,0.090748,0.293401,0.316064,-0.084637,-0.054584,-0.240889,0.000649,-0.176316,0.87311,-0.224601,-0.00255,0.106338,-0.024894,-0.106338,-0.031046,-0.193618,0.013501,-0.193618,-0.371127,
0.02652,-0.964314,0.730594,0.0,0.0,0.0,0.081639,-0.122376,1.001512,0.0,0.0,0.0,-0.36096,0.090385,0.291436,0.315339,-0.085457,-0.054697,-0.247185,-0.00016,-0.181836,0.877366,-0.223068,-0.002661,0.105318,-0.025137,-0.105318,-0.03165,-0.192599,0.013681,-0.192599,-0.369047,
0.026602,-0.964436,0.731595,0.0,0.0,0.0,0.081635,-0.122299,1.001512,0.0,0.0,0.0,-0.358634,0.090021,0.289471,0.314614,-0.086276,-0.054811,-0.253481,-0.000968,-0.187357,0.881622,-0.221536,-0.002773,0.104299,-0.025381,-0.104299,-0.032255,-0.19158,0.01386,-0.19158,-0.366967,
0.026683,-0.964559,0.732597,0.0,0.0,0.0,0.081639,-0.122376,1.001512,0.0,0.0,0.0,-0.356308,0.089658,0.287506,0.313889,-0.087095,-0.054925,-0.259777,-0.001777,-0.192877,0.885878,-0.220003,-0.002885,0.103279,-0.025624,-0.103279,-0.032859,-0.190561,0.01404,-0.190561,-0.364887,
0.026765,-0.964681,0.733598,0.0,0.0,0.0,0.08163,-0.122299,1.001436,0.0,0.0,0.0,-0.353982,0.089294,0.285541,0.313164,-0.087915,-0.055038,-0.266073,-0.002586,-0.198397,0.890133,-0.21847,-0.002997,0.10226,-0.025868,-0.10226,-0.033463,-0.189542,0.014219,-0.189542,-0.362807,
0.026847,-0.964804,0.7346,0.0,0.0,0.0,0.081644,-0.122376,1.001589,0.0,0.0,0.0,-0.351656,0.088931,0.283576,0.312439,-0.088734,-0.055152,-0.27237,-0.003395,-0.203918,0.894389,-0.216937,-0.003108,0.10124,-0.026112,-0.10124,-0.034068,-0.188523,0.014398,-0.188523,-0.360727,
0.026928,-0.964926,0.735601,0.0,0.0,0.0,0.081639,-0.122299,1.001512,0.0,0.0,0.0,-0.349329,0.088567,0.28161,0.311714,-0.089554,-0.055265,-0.278666,-0.004204,-0.209439,0.898645,-0.215404,-0.00322,0.100221,-0.026355,-0.100221,-0.034672,-0.187504,0.014578,-0.187504,-0.358647,
0.02701,-0.965048,0.736603,0.0,0.0,0.0,0.08163,-0.122299,1.001436,0.0,0.0,0.0,-0.347003,0.088204,0.279646,0.310989,-0.090373,-0.055379,-0.284961,-0.005012,-0.214959,0.9029,-0.213871,-0.003332,0.099201,-0.026599,-0.099201,-0.035277,-0.186485,0.014757,-0.186485,-0.356567,
0.027091,-0.965171,0.737604,0.0,0.0,0.0,0.081644,-0.122376,1.001589,0.0,0.0,0.0,-0.344677,0.08784,0.27768,0.310264,-0.091192,-0.055493,-0.291258,-0.005821,-0.220479,0.907156,-0.212338,-0.003443,0.098182,-0.026842,-0.098182,-0.035881,-0.185465,0.014937,-0.185465,-0.354487,
0.027173,-0.965293,0.738606,0.0,0.0,0.0,0.08163,-0.122299,1.00136,0.0,0.0,0.0,-0.342351,0.087477,0.275715,0.30954,-0.092012,-0.055606,-0.297552,-0.00663,-0.225998,0.911411,-0.210806,-0.003555,0.097162,-0.027086,-0.097162,-0.036485,-0.184447,0.015116,-0.184447,-0.352407,
0.027255,-0.965415,0.739607,0.0,0.0,0.0,0.081639,-0.122376,1.001512,0.0,0.0,0.0,-0.340025,0.087113,0.27375,0.308815,-0.092831,-0.05572,-0.303846,-0.007439,-0.231518,0.915666,-0.209273,-0.003667,0.096143,-0.027329,-0.096143,-0.03709,-0.183427,0.015296,-0.183427,-0.350327,
0.027336,-0.965537,0.740609,0.0,0.0,0.0,0.081635,-0.122299,1.001512,0.0,0.0,0.0,-0.337699,0.08675,0.271785,0.30809,-0.09365,-0.055833,-0.310139,-0.008248,-0.237036,0.919921,-0.20774,-0.003778,0.095123,-0.027573,-0.095123,-0.037694,-0.182408,0.015475,-0.182408,-0.348247,
0.027418,-0.96566,0.74161,0.0,0.0,0.0,0.081639,-0.122376,1.001512,0.0,0.0,0.0,-0.335373,0.086386,0.26982,0.307365,-0.09447,-0.055947,-0.316432,-0.009056,-0.242554,0.924176,-0.206207,-0.00389,0.094104,-0.027817,-0.094104,-0.038298,-0.181389,0.015655,-0.181389,-0.346167,
0.0275,-0.965782,0.742612,0.0,0.0,0.0,0.08163,-0.122299,1.001436,0.0,0.0,0.0,-0.333047,0.086023,0.267856,0.30664,-0.095289,-0.05606,-0.322723,-0.009865,-0.248071,0.92843,-0.204674,-0.004002,0.093084,-0.02806,-0.093084,-0.038903,-0.18037,0.015834,-0.18037,-0.344088,
0.027581,-0.965904,0.743613,0.0,0.0,0.0,0.081639,-0.122299,1.001512,0.0,0.0,0.0,-0.330721,0.085659,0.265891,0.305915,-0.096108,-0.056174,-0.329014,-0.010674,-0.253588,0.932684,-0.203142,-0.004114,0.092065,-0.028304,-0.092065,-0.039507,-0.179351,0.016014,-0.179351,-0.342008,
0.027663,-0.966027,0.744615,0.0,0.0,0.0,0.081635,-0.122376,1.001436,0.0,0.0,0.0,-0.328396,0.085296,0.263926,0.30519,-0.096928,-0.056288,-0.335302,-0.011483,-0.259103,0.936937,-0.201609,-0.004225,0.091045,-0.028547,-0.091045,-0.040112,-0.178332,0.016193,-0.178332,-0.339928,
0.027745,-0.966149,0.745616,0.0,0.0,0.0,0.081639,-0.122299,1.001589,0.0,0.0,0.0,-0.32607,0.084932,0.261961,0.304465,-0.097747,-0.056401,-0.34159,-0.012291,-0.264618,0.94119,-0.200076,-0.004337,0.090026,-0.028791,-0.090026,-0.040716,-0.177313,0.016373,-0.177313,-0.337849,
0.027826,-0.966272,0.746618,0.0,0.0,0.0,0.081635,-0.122376,1.001436,0.0,0.0,0.0,-0.323744,0.084569,0.259996,0.303741,-0.098566,-0.056515,-0.347876,-0.0131,-0.270132,0.945443,-0.198543,-0.004449,0.089006,-0.029034,-0.089006,-0.04132,-0.176294,0.016552,-0.176294,-0.335769,
0.027908,-0.966394,0.747619,0.0,0.0,0.0,0.081639,-0.122299,1.001512,0.0,0.0,0.0,-0.321419,0.084205,0.258031,0.303016,-0.099386,-0.056628,-0.354161,-0.013909,-0.275644,0.949695,-0.197011,-0.00456,0.087987,-0.029278,-0.087987,-0.041925,-0.175275,0.016731,-0.175275,-0.333689,
0.027989,-0.966516,0.748621,0.0,0.0,0.0,0.08163,-0.122299,1.001436,0.0,0.0,0.0,-0.319093,0.083842,0.256067,0.302291,-0.100205,-0.056742,-0.360443,-0.014718,-0.281155,0.953946,-0.195478,-0.004672,0.086967,-0.029522,-0.086967,-0.042529,-0.174256,0.016911,-0.174256,-0.33161,
0.028071,-0.966638,0.749622,0.0,0.0,0.0,0.081639,-0.122376,1.001512,0.0,0.0,0.0,-0.316768,0.083478,0.254102,0.301566,-0.101024,-0.056855,-0.366724,-0.015526,-0.286666,0.958198,-0.193945,-0.004784,0.085948,-0.029765,-0.085948,-0.043133,-0.173237,0.01709,-0.173237,-0.32953,
0.028126,-0.966724,0.750627,0.0,0.0,0.0,0.055184,-0.085526,1.004793,0.0,0.0,0.0,-0.314528,0.083163,0.2522,0.301,-0.101926,-0.056932,-0.372643,-0.016833,-0.291857,0.961722,-0.192106,-0.004959,0.084828,-0.029937,-0.084828,-0.0439,-0.172116,0.01727,-0.172116,-0.32739,
0.028168,-0.966791,0.751633,0.0,0.0,0.0,0.041485,-0.066528,1.006548,0.0,0.0,0.0,-0.312331,0.082874,0.25033,0.300517,-0.102871,-0.056988,-0.378376,-0.018398,-0.296885,0.96487,-0.190107,-0.005168,0.083655,-0.030073,-0.083655,-0.04475,-0.170942,0.017449,-0.170942,-0.325217,
0.028209,-0.966857,0.75264,0.0,0.0,0.0,0.041485,-0.066528,1.006471,0.0,0.0,0.0,-0.310135,0.082584,0.24846,0.300034,-0.103815,-0.057045,-0.384111,-0.019962,-0.301914,0.968018,-0.188109,-0.005377,0.082482,-0.030209,-0.082482,-0.0456,-0.169769,0.017629,-0.169769,-0.323044,
0.028251,-0.966924,0.753646,0.0,0.0,0.0,0.041485,-0.066528,1.006548,0.0,0.0,0.0,-0.307938,0.082295,0.24659,0.299551,-0.10476,-0.057102,-0.389848,-0.021527,-0.306944,0.971166,-0.18611,-0.005586,0.08131,-0.030344,-0.08131,-0.04645,-0.168595,0.017808,-0.168595,-0.320871,
0.028292,-0.96699,0.754653,0.0,0.0,0.0,0.041487,-0.066528,1.006624,0.0,0.0,0.0,-0.305741,0.082005,0.244719,0.299068,-0.105705,-0.057159,-0.395585,-0.023092,-0.311975,0.974315,-0.184111,-0.005795,0.080137,-0.03048,-0.080137,-0.0473,-0.167422,0.017988,-0.167422,-0.318698,
0.028334,-0.967057,0.755659,0.0,0.0,0.0,0.041483,-0.066528,1.006395,0.0,0.0,0.0,-0.303545,0.081716,0.242849,0.298585,-0.106649,-0.057216,-0.401324,-0.024656,-0.317006,0.977464,-0.182113,-0.006003,0.078965,-0.030615,-0.078965,-0.04815,-0.166248,0.018167,-0.166248,-0.316525,
0.028375,-0.967123,0.756666,0.0,0.0,0.0,0.041487,-0.066528,1.006624,0.0,0.0,0.0,-0.301347,0.081426,0.240979,0.298102,-0.107594,-0.057272,-0.407064,-0.026221,-0.322038,0.980613,-0.180114,-0.006212,0.077792,-0.030751,-0.077792,-0.049,-0.165074,0.018347,-0.165074,-0.314352,
0.028417,-0.96719,0.757673,0.0,0.0,0.0,0.041483,-0.066528,1.006395,0.0,0.0,0.0,-0.299151,0.081137,0.239109,0.297618,-0.108539,-0.057329,-0.412804,-0.027786,-0.327071,0.983762,-0.178115,-0.006421,0.076619,-0.030886,-0.076619,-0.04985,-0.163901,0.018526,-0.163901,-0.312179,
0.028458,-0.967256,0.758679,0.0,0.0,0.0,0.041485,-0.066528,1.006624,0.0,0.0,0.0,-0.296954,0.080847,0.237238,0.297135,-0.109484,-0.057386,-0.418546,-0.02935,-0.332104,0.986911,-0.176116,-0.00663,0.075447,-0.031022,-0.075447,-0.0507,-0.162727,0.018706,-0.162727,-0.310005,
0.0285,-0.967323,0.759686,0.0,0.0,0.0,0.041485,-0.066528,1.006471,0.0,0.0,0.0,-0.294757,0.080558,0.235368,0.296652,-0.110428,-0.057443,-0.424288,-0.030915,-0.337138,0.990061,-0.174117,-0.006838,0.074274,-0.031157,-0.074274,-0.05155,-0.161554,0.018885,-0.161554,-0.307832,
0.028541,-0.967389,0.760692,0.0,0.0,0.0,0.041487,-0.066452,1.006548,0.0,0.0,0.0,-0.29256,0.080268,0.233498,0.296169,-0.111373,-0.057499,-0.430031,-0.03248,-0.342172,0.99321,-0.172118,-0.007047,0.073101,-0.031293,-0.073101,-0.0524,-0.16038,0.019065,-0.16038,-0.305659,
0.028583,-0.967456,0.761699,0.0,0.0,0.0,0.04148,-0.066528,1.006395,0.0,0.0,0.0,-0.290363,0.079979,0.231628,0.295686,-0.112318,-0.057556,-0.435774,-0.034045,-0.347207,0.99636,-0.170119,-0.007256,0.071929,-0.031428,-0.071929,-0.05325,-0.159206,0.019244,-0.159206,-0.303486,
0.028624,-0.967522,0.762705,0.0,0.0,0.0,0.04149,-0.066528,1.006624,0.0,0.0,0.0,-0.288166,0.079689,0.229757,0.295203,-0.113262,-0.057613,-0.441518,-0.03561,-0.352242,0.99951,-0.16812,-0.007465,0.070756,-0.031564,-0.070756,-0.0541,-0.158033,0.019423,-0.158033,-0.301312,
0.028666,-0.967589,0.763712,0.0,0.0,0.0,0.04148,-0.066528,1.006471,0.0,0.0,0.0,-0.285969,0.079399,0.227887,0.29472,-0.114207,-0.05767,-0.447262,-0.037174,-0.357277,1.002659,-0.166121,-0.007673,0.069584,-0.031699,-0.069584,-0.05495,-0.156859,0.019603,-0.156859,-0.299139,
0.028707,-0.967655,0.764718,0.0,0.0,0.0,0.041487,-0.066528,1.006548,0.0,0.0,0.0,-0.283771,0.07911,0.226016,0.294237,-0.115152,-0.057727,-0.453007,-0.038739,-0.362313,1.005809,-0.164122,-0.007882,0.068411,-0.031835,-0.068411,-0.0558,-0.155685,0.019782,-0.155685,-0.296965,
0.028749,-0.967722,0.765725,0.0,0.0,0.0,0.041485,-0.066528,1.006471,0.0,0.0,0.0,-0.281574,0.07882,0.224146,0.293753,-0.116096,-0.057783,-0.458752,-0.040304,-0.367348,1.008959,-0.162123,-0.008091,0.067238,-0.03197,-0.067238,-0.05665,-0.154512,0.019962,-0.154512,-0.294792,
0.02879,-0.967788,0.766731,0.0,0.0,0.0,0.041485,-0.066528,1.006548,0.0,0.0,0.0,-0.279377,0.078531,0.222275,0.29327,-0.117041,-0.05784,-0.464497,-0.041869,-0.372384,1.012109,-0.160124,-0.0083,0.066065,-0.032106,-0.066065,-0.0575,-0.153338,0.020141,-0.153338,-0.292619,
0.028832,-0.967855,0.767738,0.0,0.0,0.0,0.041483,-0.066528,1.006471,0.0,0.0,0.0,-0.27718,0.078241,0.220405,0.292787,-0.117986,-0.057897,-0.470241,-0.043433,-0.377419,1.015259,-0.158125,-0.008508,0.064893,-0.032241,-0.064893,-0.05835,-0.152165,0.020321,-0.152165,-0.290445,
0.028873,-0.967921,0.768744,0.0,0.0,0.0,0.041487,-0.066528,1.006624,0.0,0.0,0.0,-0.274983,0.077952,0.218534,0.292304,-0.118931,-0.057954,-0.475987,-0.044998,-0.382455,1.018409,-0.156126,-0.008717,0.06372,-0.032377,-0.06372,-0.0592,-0.150991,0.0205,-0.150991,-0.288272,
0.028914,-0.967988,0.769751,0.0,0.0,0.0,0.041483,-0.066452,1.006395,0.0,0.0,0.0,-0.272786,0.077662,0.216664,0.291821,-0.119875,-0.058011,-0.481731,-0.046563,-0.38749,1.021558,-0.154127,-0.008926,0.062548,-0.032512,-0.062548,-0.06005,-0.149817,0.02068,-0.149817,-0.286099,
0.028956,-0.968054,0.770757,0.0,0.0,0.0,0.041487,-0.066528,1.006548,0.0,0.0,0.0,-0.270589,0.077373,0.214794,0.291338,-0.12082,-0.058067,-0.487475,-0.048128,-0.392526,1.024708,-0.152128,-0.009135,0.061375,-0.032648,-0.061375,-0.0609,-0.148644,0.020859,-0.148644,-0.283925,
0.028997,-0.968121,0.771764,0.0,0.0,0.0,0.041483,-0.066528,1.006548,0.0,0.0,0.0,-0.268392,0.077083,0.212923,0.290855,-0.121765,-0.058124,-0.493219,-0.049692,-0.39756,1.027858,-0.150129,-0.009343,0.060202,-0.032784,-0.060202,-0.06175,-0.14747,0.021039,-0.14747,-0.281752,
0.029039,-0.968187,0.77277,0.0,0.0,0.0,0.041487,-0.066528,1.006548,0.0,0.0,0.0,-0.266195,0.076794,0.211053,0.290372,-0.122709,-0.058181,-0.498963,-0.051257,-0.402595,1.031008,-0.14813,-0.009552,0.05903,-0.032919,-0.05903,-0.062601,-0.146296,0.021218,-0.146296,-0.279578,
0.02908,-0.968254,0.773777,0.0,0.0,0.0,0.041485,-0.066528,1.006548,0.0,0.0,0.0,-0.263998,0.076504,0.209183,0.289888,-0.123654,-0.058238,-0.504706,-0.052822,-0.40763,1.034157,-0.146131,-0.009761,0.057857,-0.033055,-0.057857,-0.063451,-0.145123,0.021398,-0.145123,-0.277405,
0.029122,-0.968321,0.774783,0.0,0.0,0.0,0.041485,-0.066528,1.006471,0.0,0.0,0.0,-0.261801,0.076215,0.207312,0.289405,-0.124599,-0.058295,-0.510448,-0.054387,-0.412663,1.037307,-0.144132,-0.00997,0.056684,-0.03319,-0.056684,-0.064301,-0.143949,0.021577,-0.143949,-0.275232,
0.029163,-0.968387,0.77579,0.0,0.0,0.0,0.041487,-0.066528,1.006548,0.0,0.0,0.0,-0.259604,0.075925,0.205442,0.288922,-0.125544,-0.058351,-0.51619,-0.055952,-0.417697,1.040456,-0.142133,-0.010178,0.055512,-0.033326,-0.055512,-0.065151,-0.142775,0.021757,-0.142775,-0.273059,
0.029205,-0.968454,0.776796,0.0,0.0,0.0,0.04148,-0.066528,1.006471,0.0,0.0,0.0,-0.257407,0.075636,0.203572,0.288439,-0.126488,-0.058408,-0.52193,-0.057516,-0.422729,1.043605,-0.140135,-0.010387,0.054339,-0.033461,-0.054339,-0.066001,-0.141602,0.021936,-0.141602,-0.270886,
0.029246,-0.96852,0.777803,0.0,0.0,0.0,0.041487,-0.066528,1.006548,0.0,0.0,0.0,-0.25521,0.075346,0.201701,0.287956,-0.127433,-0.058465,-0.52767,-0.059081,-0.427762,1.046754,-0.138136,-0.010596,0.053166,-0.033597,-0.053166,-0.066851,-0.140428,0.022115,-0.140428,-0.268712,
0.029288,-0.968587,0.778809,0.0,0.0,0.0,0.041483,-0.066528,1.006471,0.0,0.0,0.0,-0.253013,0.075057,0.199831,0.287473,-0.128378,-0.058522,-0.533408,-0.060646,-0.432793,1.049903,-0.136137,-0.010805,0.051994,-0.033732,-0.051994,-0.067701,-0.139255,0.022295,-0.139255,-0.266539,
0.029329,-0.968653,0.779816,0.0,0.0,0.0,0.041487,-0.066528,1.006548,0.0,0.0,0.0,-0.250816,0.074767,0.197961,0.28699,-0.129322,-0.058579,-0.539146,-0.06221,-0.437824,1.053052,-0.134138,-0.011013,0.050821,-0.033868,-0.050821,-0.068551,-0.138081,0.022474,-0.138081,-0.264366,
0.029371,-0.96872,0.780822,0.0,0.0,0.0,0.041485,-0.066452,1.006548,0.0,0.0,0.0,-0.24862,0.074478,0.196091,0.286506,-0.130267,-0.058635,-0.544882,-0.063775,-0.442853,1.0562,-0.13214,-0.011222,0.049649,-0.034003,-0.049649,-0.069401,-0.136908,0.022654,-0.136908,-0.262194,
0.029412,-0.968786,0.781829,0.0,0.0,0.0,0.041485,-0.066528,1.006548,0.0,0.0,0.0,-0.246423,0.074188,0.194221,0.286023,-0.131212,-0.058692,-0.550617,-0.06534,-0.447883,1.059349,-0.130141,-0.011431,0.048476,-0.034139,-0.048476,-0.070251,-0.135734,0.022833,-0.135734,-0.260021,
0.029454,-0.968853,0.782835,0.0,0.0,0.0,0.041483,-0.066528,1.006395,0.0,0.0,0.0,-0.244227,0.073899,0.192351,0.28554,-0.132156,-0.058749,-0.55635,-0.066904,-0.45291,1.062496,-0.128143,-0.01164,0.047304,-0.034274,-0.047304,-0.071101,-0.134561,0.023013,-0.134561,-0.257848,
0.029486,-0.968894,0.783843,0.0,0.0,0.0,0.032289,-0.041733,1.007234,0.0,0.0,0.0,-0.242163,0.07364,0.190586,0.285253,-0.133205,-0.058792,-0.561699,-0.068581,-0.457561,1.065118,-0.126053,-0.011862,0.046097,-0.034366,-0.046097,-0.072057,-0.133353,0.023186,-0.133353,-0.25571,
0.029499,-0.968885,0.784851,0.0,0.0,0.0,0.013359,0.009384,1.008379,0.0,0.0,0.0,-0.240374,0.073445,0.18904,0.285367,-0.134469,-0.058807,-0.566258,-0.070488,-0.461439,1.066658,-0.123777,-0.012113,0.044821,-0.034366,-0.044821,-0.073232,-0.132077,0.023347,-0.132077,-0.253643,
0.029513,-0.968876,0.78586,0.0,0.0,0.0,0.013361,0.009308,1.008608,0.0,0.0,0.0,-0.238584,0.07325,0.187492,0.285482,-0.135732,-0.058821,-0.570818,-0.072396,-0.465318,1.068198,-0.121501,-0.012364,0.043544,-0.034366,-0.043544,-0.074407,-0.1308,0.023509,-0.1308,-0.251575,
0.029526,-0.968866,0.786868,0.0,0.0,0.0,0.013361,0.009308,1.008379,0.0,0.0,0.0,-0.236794,0.073056,0.185945,0.285597,-0.136996,-0.058836,-0.575378,-0.074304,-0.469196,1.069738,-0.119224,-0.012615,0.042268,-0.034366,-0.042268,-0.075582,-0.129524,0.02367,-0.129524,-0.249508,
0.02954,-0.968857,0.787877,0.0,0.0,0.0,0.013361,0.009384,1.008531,0.0,0.0,0.0,-0.235004,0.072861,0.184398,0.285712,-0.13826,-0.058851,-0.579939,-0.076212,-0.473075,1.071277,-0.116948,-0.012866,0.040991,-0.034366,-0.040991,-0.076757,-0.128247,0.023831,-0.128247,-0.247441,
0.029553,-0.968848,0.788885,0.0,0.0,0.0,0.013359,0.009308,1.008379,0.0,0.0,0.0,-0.233214,0.072666,0.182851,0.285826,-0.139523,-0.058865,-0.5845,-0.07812,-0.476954,1.072817,-0.114671,-0.013117,0.039715,-0.034366,-0.039715,-0.077932,-0.126971,0.023992,-0.126971,-0.245374,
0.029566,-0.968838,0.789893,0.0,0.0,0.0,0.013361,0.009384,1.008531,0.0,0.0,0.0,-0.231424,0.072472,0.181304,0.285941,-0.140787,-0.05888,-0.589063,-0.080028,-0.480834,1.074357,-0.112395,-0.013368,0.038438,-0.034366,-0.038438,-0.079107,-0.125694,0.024153,-0.125694,-0.243306,
0.02958,-0.968829,0.790902,0.0,0.0,0.0,0.013359,0.009308,1.008379,0.0,0.0,0.0,-0.229634,0.072277,0.179757,0.286056,-0.14205,-0.058894,-0.593625,-0.081935,-0.484713,1.075897,-0.110118,-0.013618,0.037162,-0.034366,-0.037162,-0.080282,-0.124418,0.024314,-0.124418,-0.241239,
0.029593,-0.96882,0.79191,0.0,0.0,0.0,0.013363,0.009384,1.008608,0.0,0.0,0.0,-0.227844,0.072082,0.178209,0.28617,-0.143314,-0.058909,-0.598189,-0.083844,-0.488594,1.077437,-0.107841,-0.013869,0.035885,-0.034366,-0.035885,-0.081457,-0.123141,0.024476,-0.123141,-0.239171,
0.029606,-0.96881,0.792919,0.0,0.0,0.0,0.013361,0.009308,1.008531,0.0,0.0,0.0,-0.226054,0.071887,0.176662,0.286285,-0.144578,-0.058924,-0.602752,-0.085752,-0.492475,1.078977,-0.105564,-0.01412,0.034609,-0.034366,-0.034609,-0.082632,-0.121864,0.024637,-0.121864,-0.237104,
0.02962,-0.968801,0.793927,0.0,0.0,0.0,0.013359,0.009384,1.008379,0.0,0.0,0.0,-0.224264,0.071693,0.175115,0.2864,-0.145841,-0.058938,-0.607316,-0.08766,-0.496355,1.080517,-0.103287,-0.014371,0.033332,-0.034366,-0.033332,-0.083807,-0.120588,0.024798,-0.120588,-0.235036,
0.029633,-0.968792,0.794936,0.0,0.0,0.0,0.013361,0.009308,1.008531,0.0,0.0,0.0,-0.222474,0.071498,0.173568,0.286514,-0.147105,-0.058953,-0.61188,-0.089568,-0.500236,1.082057,-0.10101,-0.014622,0.032056,-0.034366,-0.032056,-0.084982,-0.119311,0.024959,-0.119311,-0.232969,
0.029646,-0.968782,0.795944,0.0,0.0,0.0,0.013359,0.009384,1.008379,0.0,0.0,0.0,-0.220684,0.071303,0.17202,0.286629,-0.148369,-0.058968,-0.616444,-0.091476,-0.504117,1.083596,-0.098734,-0.014873,0.03078,-0.034366,-0.03078,-0.086157,-0.118035,0.02512,-0.118035,-0.230901,
0.02966,-0.968773,0.796953,0.0,0.0,0.0,0.013361,0.009308,1.008531,0.0,0.0,0.0,-0.218894,0.071108,0.170473,0.286744,-0.149632,-0.058982,-0.621009,-0.093384,-0.507998,1.085136,-0.096457,-0.015124,0.029503,-0.034366,-0.029503,-0.087332,-0.116758,0.025281,-0.116758,-0.228834,
0.029673,-0.968764,0.797961,0.0,0.0,0.0,0.013359,0.009384,1.008379,0.0,0.0,0.0,-0.217104,0.070914,0.168926,0.286859,-0.150896,-0.058997,-0.625573,-0.095292,-0.511879,1.086676,-0.09418,-0.015375,0.028227,-0.034366,-0.028227,-0.088507,-0.115482,0.025442,-0.115482,-0.226766,
0.029686,-0.968754,0.79897,0.0,0.0,0.0,0.013363,0.009308,1.008608,0.0,0.0,0.0,-0.215313,0.070719,0.167378,0.286973,-0.15216,-0.059012,-0.630139,-0.097201,-0.515761,1.088216,-0.091902,-0.015626,0.02695,-0.034366,-0.02695,-0.089683,-0.114205,0.025604,-0.114205,-0.224698,
0.0297,-0.968745,0.799978,0.0,0.0,0.0,0.013359,0.009384,1.008379,0.0,0.0,0.0,-0.213523,0.070524,0.165831,0.287088,-0.153423,-0.059026,-0.634703,-0.099108,-0.519642,1.089756,-0.089626,-0.015876,0.025673,-0.034366,-0.025673,-0.090858,-0.112928,0.025765,-0.112928,-0.222631,
0.029713,-0.968736,0.800987,0.0,0.0,0.0,0.013361,0.009308,1.008531,0.0,0.0,0.0,-0.211733,0.070329,0.164284,0.287203,-0.154687,-0.059041,-0.639268,-0.101017,-0.523523,1.091296,-0.087349,-0.016127,0.024397,-0.034366,-0.024397,-0.092033,-0.111652,0.025926,-0.111652,-0.220563,
0.029727,-0.968726,0.801995,0.0,0.0,0.0,0.013359,0.009308,1.008379,0.0,0.0,0.0,-0.209943,0.070135,0.162737,0.287318,-0.15595,-0.059056,-0.643833,-0.102925,-0.527404,1.092836,-0.085072,-0.016378,0.02312,-0.034366,-0.02312,-0.093208,-0.110375,0.026087,-0.110375,-0.218496,
0.02974,-0.968717,0.803004,0.0,0.0,0.0,0.013361,0.009384,1.008531,0.0,0.0,0.0,-0.208153,0.06994,0.16119,0.287432,-0.157214,-0.05907,-0.648398,-0.104833,-0.531286,1.094376,-0.082795,-0.016629,0.021844,-0.034366,-0.021844,-0.094383,-0.109099,0.026248,-0.109099,-0.216428,
0.029753,-0.968708,0.804012,0.0,0.0,0.0,0.013359,0.009308,1.008379,0.0,0.0,0.0,-0.206363,0.069745,0.159642,0.287547,-0.158478,-0.059085,-0.652962,-0.106741,-0.535167,1.095916,-0.080518,-0.01688,0.020568,-0.034366,-0.020568,-0.095558,-0.107822,0.026409,-0.107822,-0.214361,
0.029767,-0.968698,0.805021,0.0,0.0,0.0,0.013363,0.009384,1.008684,0.0,0.0,0.0,-0.204573,0.06955,0.158095,0.287662,-0.159742,-0.0591,-0.657527,-0.108649,-0.539048,1.097456,-0.078241,-0.017131,0.019291,-0.034366,-0.019291,-0.096733,-0.106545,0.026571,-0.106545,-0.212293,
0.02978,-0.968689,0.806029,0.0,0.0,0.0,0.013359,0.009308,1.008379,0.0,0.0,0.0,-0.202783,0.069356,0.156548,0.287776,-0.161005,-0.059114,-0.662091,-0.110557,-0.542929,1.098996,-0.075964,-0.017382,0.018014,-0.034366,-0.018014,-0.097908,-0.105269,0.026732,-0.105269,-0.210225,
0.029793,-0.96868,0.807037,0.0,0.0,0.0,0.013361,0.009384,1.008455,0.0,0.0,0.0,-0.200993,0.069161,0.155,0.287891,-0.162269,-0.059129,-0.666655,-0.112465,-0.54681,1.100536,-0.073687,-0.017633,0.016738,-0.034366,-0.016738,-0.099083,-0.103992,0.026893,-0.103992,-0.208158,
0.029807,-0.96867,0.808046,0.0,0.0,0.0,0.013361,0.009308,1.008379,0.0,0.0,0.0,-0.199203,0.068966,0.153453,0.288006,-0.163532,-0.059144,-0.671219,-0.114373,-0.55069,1.102075,-0.07141,-0.017883,0.015461,-0.034366,-0.015461,-0.100258,-0.102716,0.027054,-0.102716,-0.20609,
0.02982,-0.968661,0.809054,0.0,0.0,0.0,0.013361,0.009384,1.008531,0.0,0.0,0.0,-0.197413,0.068771,0.151906,0.288121,-0.164796,-0.059158,-0.675782,-0.116281,-0.554571,1.103615,-0.069133,-0.018134,0.014185,-0.034366,-0.014185,-0.101433,-0.101439,0.027215,-0.101439,-0.204023,
0.029833,-0.968652,0.810063,0.0,0.0,0.0,0.013359,0.009308,1.008379,0.0,0.0,0.0,-0.195623,0.068577,0.150359,0.288235,-0.16606,-0.059173,-0.680345,-0.118189,-0.55845,1.105155,-0.066857,-0.018385,0.012909,-0.034366,-0.012909,-0.102608,-0.100163,0.027376,-0.100163,-0.201956,
0.029847,-0.968642,0.811071,0.0,0.0,0.0,0.013361,0.009384,1.008684,0.0,0.0,0.0,-0.193833,0.068382,0.148812,0.28835,-0.167323,-0.059188,-0.684908,-0.120097,-0.562331,1.106695,-0.06458,-0.018636,0.011632,-0.034366,-0.011632,-0.103783,-0.098886,0.027538,-0.098886,-0.199888,
0.02986,-0.968633,0.81208,0.0,0.0,0.0,0.013361,0.009308,1.008455,0.0,0.0,0.0,-0.192043,0.068187,0.147264,0.288465,-0.168587,-0.059202,-0.68947,-0.122005,-0.566211,1.108235,-0.062303,-0.018887,0.010355,-0.034366,-0.010355,-0.104958,-0.097609,0.027699,-0.097609,-0.19782,
0.029874,-0.968623,0.813088,0.0,0.0,0.0,0.013361,0.009384,1.008379,0.0,0.0,0.0,-0.190253,0.067992,0.145717,0.288579,-0.169851,-0.059217,-0.694031,-0.123913,-0.57009,1.109775,-0.060027,-0.019138,0.009079,-0.034366,-0.009079,-0.106133,-0.096333,0.02786,-0.096333,-0.195753,
0.029887,-0.968614,0.814097,0.0,0.0,0.0,0.013361,0.009308,1.008531,0.0,0.0,0.0,-0.188463,0.067798,0.14417,0.288694,-0.171114,-0.059232,-0.698592,-0.125821,-0.573969,1.111315,-0.05775,-0.019389,0.007803,-0.034366,-0.007803,-0.107308,-0.095056,0.028021,-0.095056,-0.193686,
0.0299,-0.968605,0.815105,0.0,0.0,0.0,0.013359,0.009308,1.008379,0.0,0.0,0.0,-0.186673,0.067603,0.142623,0.288809,-0.172378,-0.059246,-0.703152,-0.127729,-0.577847,1.112854,-0.055474,-0.01964,0.006526,-0.034366,-0.006526,-0.108483,-0.09378,0.028182,-0.09378,-0.191619,
0.029914,-0.968595,0.816114,0.0,0.0,0.0,0.013361,0.009384,1.008531,0.0,0.0,0.0,-0.184883,0.067408,0.141076,0.288924,-0.173641,-0.059261,-0.707711,-0.129636,-0.581725,1.114394,-0.053197,-0.01989,0.00525,-0.034366,-0.00525,-0.109658,-0.092503,0.028343,-0.092503,-0.189552,
0.029927,-0.968586,0.817122,0.0,0.0,0.0,0.013361,0.009308,1.008531,0.0,0.0,0.0,-0.183093,0.067214,0.139529,0.289038,-0.174905,-0.059276,-0.71227,-0.131544,-0.585602,1.115934,-0.050921,-0.020141,0.003973,-0.034366,-0.003973,-0.110833,-0.091227,0.028504,-0.091227,-0.187485,
0.029897,-0.96852,0.818133,0.0,0.0,0.0,-0.030339,0.066605,1.010515,0.0,0.0,0.0,-0.181506,0.067037,0.138147,0.289461,-0.176334,-0.05923,-0.715503,-0.133343,-0.588206,1.115671,-0.04927,-0.020308,0.002644,-0.034284,-0.002644,-0.112386,-0.089895,0.028626,-0.089895,-0.185716,
0.029866,-0.968453,0.819143,0.0,0.0,0.0,-0.030541,0.066834,1.010362,0.0,0.0,0.0,-0.17992,0.06686,0.136766,0.289885,-0.177764,-0.059184,-0.71873,-0.135142,-0.590803,1.115399,-0.047622,-0.020475,0.001315,-0.034201,-0.001315,-0.113941,-0.088563,0.028746,-0.088563,-0.183949,
0.029836,-0.968386,0.820154,0.0,0.0,0.0,-0.030544,0.06691,1.010515,0.0,0.0,0.0,-0.178333,0.066683,0.135385,0.290309,-0.179194,-0.059138,-0.721957,-0.13694,-0.5934,1.115127,-0.045974,-0.020642,-0.000015,-0.034119,0.000015,-0.115495,-0.087231,0.028867,-0.087231,-0.182182,
0.029805,-0.968319,0.821164,0.0,0.0,0.0,-0.030541,0.066834,1.010362,0.0,0.0,0.0,-0.176747,0.066507,0.134004,0.290733,-0.180623,-0.059093,-0.725184,-0.138739,-0.595997,1.114856,-0.044326,-0.020808,-0.001344,-0.034036,0.001344,-0.11705,-0.085899,0.028988,-0.085899,-0.180415,
0.029774,-0.968252,0.822174,0.0,0.0,0.0,-0.030546,0.066834,1.010515,0.0,0.0,0.0,-0.175161,0.06633,0.132622,0.291157,-0.182053,-0.059047,-0.728411,-0.140537,-0.598595,1.114584,-0.042678,-0.020975,-0.002674,-0.033954,0.002674,-0.118604,-0.084567,0.029109,-0.084567,-0.178648,
0.029744,-0.968185,0.823185,0.0,0.0,0.0,-0.030544,0.06691,1.010515,0.0,0.0,0.0,-0.173574,0.066153,0.131241,0.291581,-0.183483,-0.059001,-0.731639,-0.142336,-0.601193,1.114313,-0.041029,-0.021142,-0.004003,-0.033871,0.004003,-0.120159,-0.083235,0.02923,-0.083235,-0.176881,
0.029713,-0.968118,0.824195,0.0,0.0,0.0,-0.030544,0.066834,1.010515,0.0,0.0,0.0,-0.171988,0.065976,0.12986,0.292005,-0.184913,-0.058955,-0.734867,-0.144135,-0.603791,1.114041,-0.039381,-0.021308,-0.005333,-0.033789,0.005333,-0.121714,-0.081903,0.029351,-0.081903,-0.175114,
0.029683,-0.968052,0.825206,0.0,0.0,0.0,-0.030541,0.066834,1.010362,0.0,0.0,0.0,-0.170401,0.0658,0.128479,0.292429,-0.186343,-0.058909,-0.738095,-0.145934,-0.606389,1.11377,-0.037733,-0.021475,-0.006662,-0.033707,0.006662,-0.123269,-0.080571,0.029472,-0.080571,-0.173347,
0.029652,-0.967985,0.826216,0.0,0.0,0.0,-0.030546,0.06691,1.010515,0.0,0.0,0.0,-0.168815,0.065623,0.127097,0.292853,-0.187773,-0.058864,-0.741323,-0.147732,-0.608987,1.113498,-0.036085,-0.021642,-0.007992,-0.033624,0.007992,-0.124823,-0.079239,0.029593,-0.079239,-0.171579,
0.029622,-0.967918,0.827227,0.0,0.0,0.0,-0.030539,0.066834,1.010439,0.0,0.0,0.0,-0.167228,0.065446,0.125716,0.293277,-0.189203,-0.058818,-0.744551,-0.149531,-0.611585,1.113226,-0.034436,-0.021808,-0.009321,-0.033542,0.009321,-0.126378,-0.077907,0.029713,-0.077907,-0.169812,
0.029591,-0.967851,0.828237,0.0,0.0,0.0,-0.030546,0.066834,1.010515,0.0,0.0,0.0,-0.165642,0.065269,0.124335,0.293701,-0.190633,-0.058772,-0.747779,-0.15133,-0.614183,1.112955,-0.032788,-0.021975,-0.010651,-0.033459,0.010651,-0.127933,-0.076574,0.029834,-0.076574,-0.168045,
0.029561,-0.967784,0.829248,0.0,0.0,0.0,-0.030544,0.06691,1.010515,0.0,0.0,0.0,-0.164055,0.065093,0.122953,0.294125,-0.192063,-0.058726,-0.751008,-0.153129,-0.616781,1.112683,-0.03114,-0.022142,-0.01198,-0.033377,0.01198,-0.129488,-0.075242,0.029955,-0.075242,-0.166278,
0.02953,-0.967717,0.830258,0.0,0.0,0.0,-0.030546,0.066834,1.010515,0.0,0.0,0.0,-0.162468,0.064916,0.121572,0.294549,-0.193493,-0.05868,-0.754237,-0.154928,-0.619379,1.112412,-0.029491,-0.022308,-0.01331,-0.033295,0.01331,-0.131042,-0.07391,0.030076,-0.07391,-0.16451,
0.0295,-0.96765,0.831269,0.0,0.0,0.0,-0.030544,0.066834,1.010515,0.0,0.0,0.0,-0.160882,0.064739,0.120191,0.294973,-0.194923,-0.058635,-0.757465,-0.156727,-0.621978,1.11214,-0.027843,-0.022475,-0.01464,-0.033212,0.01464,-0.132597,-0.072578,0.030197,-0.072578,-0.162743,
0.029469,-0.967583,0.832279,0.0,0.0,0.0,-0.030541,0.06691,1.010362,0.0,0.0,0.0,-0.159295,0.064562,0.118809,0.295396,-0.196353,-0.058589,-0.760694,-0.158525,-0.624576,1.111868,-0.026195,-0.022642,-0.015969,-0.03313,0.015969,-0.134152,-0.071246,0.030318,-0.071246,-0.160976,
0.029438,-0.967517,0.83329,0.0,0.0,0.0,-0.030544,0.066834,1.010515,0.0,0.0,0.0,-0.157709,0.064386,0.117428,0.29582,-0.197783,-0.058543,-0.763922,-0.160324,-0.627174,1.111597,-0.024546,-0.022808,-0.017299,-0.033047,0.017299,-0.135707,-0.069914,0.030439,-0.069914,-0.159208,
0.029408,-0.96745,0.8343,0.0,0.0,0.0,-0.030541,0.066834,1.010362,0.0,0.0,0.0,-0.156122,0.064209,0.116047,0.296244,-0.199213,-0.058497,-0.767151,-0.162123,-0.629772,1.111325,-0.022898,-0.022975,-0.018628,-0.032965,0.018628,-0.137261,-0.068582,0.03056,-0.068582,-0.157441,
0.029377,-0.967383,0.835311,0.0,0.0,0.0,-0.030544,0.066834,1.010515,0.0,0.0,0.0,-0.154536,0.064032,0.114665,0.296668,-0.200643,-0.058451,-0.77038,-0.163922,-0.63237,1.111054,-0.02125,-0.023141,-0.019958,-0.032882,0.019958,-0.138816,-0.067249,0.03068,-0.067249,-0.155674,
0.029347,-0.967316,0.836321,0.0,0.0,0.0,-0.030546,0.06691,1.010515,0.0,0.0,0.0,-0.152949,0.063855,0.113284,0.297092,-0.202073,-0.058406,-0.773608,-0.165721,-0.634969,1.110782,-0.019601,-0.023308,-0.021288,-0.0328,0.021288,-0.140371,-0.065917,0.030801,-0.065917,-0.153906,
0.029316,-0.967249,0.837332,0.0,0.0,0.0,-0.030544,0.066834,1.010515,0.0,0.0,0.0,-0.151362,0.063679,0.111903,0.297516,-0.203503,-0.05836,-0.776837,-0.16752,-0.637567,1.11051,-0.017953,-0.023475,-0.022617,-0.032718,0.022617,-0.141926,-0.064585,0.030922,-0.064585,-0.152139,
0.029286,-0.967182,0.838342,0.0,0.0,0.0,-0.030541,0.066834,1.010362,0.0,0.0,0.0,-0.149776,0.063502,0.110521,0.29794,-0.204933,-0.058314,-0.780065,-0.169318,-0.640165,1.110239,-0.016305,-0.023641,-0.023947,-0.032635,0.023947,-0.143481,-0.063253,0.031043,-0.063253,-0.150372,
0.029255,-0.967115,0.839352,0.0,0.0,0.0,-0.030544,0.06691,1.010515,0.0,0.0,0.0,-0.148189,0.063325,0.10914,0.298364,-0.206363,-0.058268,-0.783294,-0.171117,-0.642763,1.109967,-0.014656,-0.023808,-0.025276,-0.032553,0.025276,-0.145035,-0.061921,0.031164,-0.061921,-0.148605,
0.029225,-0.967049,0.840363,0.0,0.0,0.0,-0.030541,0.066834,1.010439,0.0,0.0,0.0,-0.146603,0.063148,0.107759,0.298788,-0.207793,-0.058222,-0.786522,-0.172916,-0.645361,1.109696,-0.013008,-0.023975,-0.026606,-0.03247,0.026606,-0.14659,-0.060589,0.031285,-0.060589,-0.146837,
0.029194,-0.966982,0.841373,0.0,0.0,0.0,-0.030544,0.066834,1.010515,0.0,0.0,0.0,-0.145016,0.062972,0.106378,0.299212,-0.209223,-0.058177,-0.78975,-0.174715,-0.647959,1.109424,-0.01136,-0.024141,-0.027935,-0.032388,0.027935,-0.148145,-0.059257,0.031406,-0.059257,-0.14507,
0.029164,-0.966915,0.842384,0.0,0.0,0.0,-0.030546,0.06691,1.010515,0.0,0.0,0.0,-0.14343,0.062795,0.104996,0.299636,-0.210653,-0.058131,-0.792979,-0.176514,-0.650558,1.109152,-0.009711,-0.024308,-0.029265,-0.032306,0.029265,-0.1497,-0.057924,0.031527,-0.057924,-0.143303,
0.029133,-0.966848,0.843394,0.0,0.0,0.0,-0.030544,0.066834,1.010515,0.0,0.0,0.0,-0.141843,0.062618,0.103615,0.30006,-0.212083,-0.058085,-0.796207,-0.178312,-0.653156,1.108881,-0.008063,-0.024475,-0.030594,-0.032223,0.030594,-0.151254,-0.056592,0.031647,-0.056592,-0.141536,
0.029102,-0.966781,0.844405,0.0,0.0,0.0,-0.030541,0.066834,1.010362,0.0,0.0,0.0,-0.140257,0.062441,0.102234,0.300484,-0.213512,-0.058039,-0.799434,-0.180111,-0.655753,1.108609,-0.006415,-0.024641,-0.031924,-0.032141,0.031924,-0.152809,-0.05526,0.031768,-0.05526,-0.139769,
0.029072,-0.966714,0.845415,0.0,0.0,0.0,-0.030544,0.06691,1.010515,0.0,0.0,0.0,-0.13867,0.062265,0.100852,0.300908,-0.214942,-0.057993,-0.802662,-0.18191,-0.658351,1.108338,-0.004767,-0.024808,-0.033253,-0.032058,0.033253,-0.154364,-0.053928,0.031889,-0.053928,-0.138001,
0.029041,-0.966647,0.846426,0.0,0.0,0.0,-0.030541,0.066834,1.010362,0.0,0.0,0.0,-0.137084,0.062088,0.099471,0.301332,-0.216372,-0.057948,-0.80589,-0.183708,-0.660949,1.108066,-0.003119,-0.024975,-0.034583,-0.031976,0.034583,-0.155918,-0.052596,0.03201,-0.052596,-0.136234,
0.029011,-0.966581,0.847436,0.0,0.0,0.0,-0.030546,0.066834,1.010515,0.0,0.0,0.0,-0.135497,0.061911,0.09809,0.301756,-0.217802,-0.057902,-0.809117,-0.185507,-0.663546,1.107794,-0.001471,-0.025141,-0.035912,-0.031893,0.035912,-0.157473,-0.051264,0.032131,-0.051264,-0.134467,
0.02898,-0.966514,0.848447,0.0,0.0,0.0,-0.030544,0.066834,1.010515,0.0,0.0,0.0,-0.133911,0.061734,0.096709,0.30218,-0.219232,-0.057856,-0.812344,-0.187306,-0.666144,1.107523,0.000178,-0.025308,-0.037242,-0.031811,0.037242,-0.159028,-0.049932,0.032252,-0.049932,-0.1327,
0.02895,-0.966447,0.849457,0.0,0.0,0.0,-0.030544,0.06691,1.010515,0.0,0.0,0.0,-0.132325,0.061558,0.095328,0.302604,-0.220662,-0.05781,-0.815571,-0.189104,-0.668741,1.107251,0.001826,-0.025475,-0.038571,-0.031729,0.038571,-0.160582,-0.0486,0.032373,-0.0486,-0.130933,
0.028919,-0.96638,0.850468,0.0,0.0,0.0,-0.030546,0.066834,1.010515,0.0,0.0,0.0,-0.130738,0.061381,0.093946,0.303028,-0.222092,-0.057764,-0.818798,-0.190903,-0.671338,1.106979,0.003474,-0.025641,-0.039901,-0.031646,0.039901,-0.162137,-0.047268,0.032493,-0.047268,-0.129166,
0.028862,-0.966286,0.85148,0.0,0.0,0.0,-0.056946,0.094147,1.012117,0.0,0.0,0.0,-0.129137,0.061201,0.092553,0.303461,-0.223533,-0.057682,-0.821221,-0.192409,-0.673217,1.105639,0.00449,-0.025711,-0.041234,-0.031536,0.041234,-0.163867,-0.045934,0.032577,-0.045934,-0.127717,
0.028792,-0.966178,0.852493,0.0,0.0,0.0,-0.070348,0.108032,1.013185,0.0,0.0,0.0,-0.127529,0.06102,0.091153,0.303899,-0.224979,-0.057581,-0.823237,-0.193768,-0.67473,1.103757,0.005186,-0.025731,-0.04257,-0.031411,0.04257,-0.165686,-0.044599,0.032641,-0.044599,-0.12643,
0.028722,-0.96607,0.853506,0.0,0.0,0.0,-0.070338,0.107956,1.013109,0.0,0.0,0.0,-0.125921,0.060839,0.089753,0.304336,-0.226426,-0.057481,-0.825253,-0.195127,-0.676244,1.101874,0.005882,-0.025751,-0.043905,-0.031287,0.043905,-0.167506,-0.043264,0.032705,-0.043264,-0.125143,
0.028651,-0.965962,0.854519,0.0,0.0,0.0,-0.070346,0.107956,1.013109,0.0,0.0,0.0,-0.124313,0.060658,0.088353,0.304773,-0.227872,-0.05738,-0.827269,-0.196485,-0.677758,1.099992,0.006578,-0.025771,-0.045241,-0.031162,0.045241,-0.169325,-0.041929,0.032769,-0.041929,-0.123855,
0.028581,-0.965854,0.855532,0.0,0.0,0.0,-0.070348,0.108032,1.013185,0.0,0.0,0.0,-0.122704,0.060477,0.086954,0.305211,-0.229319,-0.057279,-0.829286,-0.197844,-0.679272,1.098109,0.007274,-0.025791,-0.046577,-0.031038,0.046577,-0.171145,-0.040594,0.032833,-0.040594,-0.122568,
0.028511,-0.965746,0.856546,0.0,0.0,0.0,-0.070346,0.107956,1.013185,0.0,0.0,0.0,-0.121096,0.060296,0.085554,0.305648,-0.230766,-0.057178,-0.831302,-0.199203,-0.680786,1.096226,0.00797,-0.025811,-0.047912,-0.030913,0.047912,-0.172964,-0.039259,0.032897,-0.039259,-0.121281,
0.02844,-0.965638,0.857559,0.0,0.0,0.0,-0.070338,0.108032,1.013109,0.0,0.0,0.0,-0.119488,0.060115,0.084154,0.306086,-0.232212,-0.057078,-0.833318,-0.200562,-0.6823,1.094344,0.008665,-0.025832,-0.049248,-0.030789,0.049248,-0.174784,-0.037924,0.032961,-0.037924,-0.119993,
0.02837,-0.96553,0.858572,0.0,0.0,0.0,-0.070348,0.107956,1.013109,0.0,0.0,0.0,-0.11788,0.059934,0.082754,0.306523,-0.233659,-0.056977,-0.835335,-0.20192,-0.683814,1.092461,0.009361,-0.025852,-0.050583,-0.030664,0.050583,-0.176603,-0.036589,0.033025,-0.036589,-0.118706,
0.0283,-0.965422,0.859585,0.0,0.0,0.0,-0.070338,0.108032,1.013109,0.0,0.0,0.0,-0.116271,0.059753,0.081354,0.30696,-0.235106,-0.056876,-0.837351,-0.203279,-0.685328,1.090578,0.010057,-0.025872,-0.051919,-0.03054,0.051919,-0.178423,-0.035254,0.033089,-0.035254,-0.117419,
0.028229,-0.965314,0.860598,0.0,0.0,0.0,-0.070346,0.107956,1.013185,0.0,0.0,0.0,-0.114663,0.059572,0.079954,0.307398,-0.236552,-0.056775,-0.839368,-0.204638,-0.686842,1.088695,0.010753,-0.025892,-0.053255,-0.030415,0.053255,-0.180242,-0.033919,0.033154,-0.033919,-0.116131,
0.028159,-0.965206,0.861611,0.0,0.0,0.0,-0.070348,0.107956,1.013109,0.0,0.0,0.0,-0.113054,0.059391,0.078554,0.307835,-0.237999,-0.056675,-0.841384,-0.205997,-0.688356,1.086812,0.011449,-0.025912,-0.05459,-0.030291,0.05459,-0.182062,-0.032583,0.033218,-0.032583,-0.114844,
0.028088,-0.965098,0.862624,0.0,0.0,0.0,-0.070346,0.108032,1.013185,0.0,0.0,0.0,-0.111446,0.05921,0.077154,0.308273,-0.239446,-0.056574,-0.843401,-0.207356,-0.68987,1.084929,0.012145,-0.025932,-0.055926,-0.030166,0.055926,-0.183882,-0.031248,0.033282,-0.031248,-0.113556,
0.028018,-0.96499,0.863638,0.0,0.0,0.0,-0.070338,0.107956,1.013109,0.0,0.0,0.0,-0.109838,0.059029,0.075754,0.30871,-0.240893,-0.056473,-0.845417,-0.208714,-0.691384,1.083047,0.012841,-0.025952,-0.057262,-0.030041,0.057262,-0.185702,-0.029913,0.033346,-0.029913,-0.112269,
0.027948,-0.964882,0.864651,0.0,0.0,0.0,-0.070348,0.108032,1.013109,0.0,0.0,0.0,-0.108229,0.058847,0.074354,0.309148,-0.242339,-0.056372,-0.847434,-0.210073,-0.692898,1.081164,0.013537,-0.025973,-0.058597,-0.029917,0.058597,-0.187521,-0.028578,0.03341,-0.028578,-0.110982,
0.027877,-0.964774,0.865664,0.0,0.0,0.0,-0.070338,0.107956,1.013109,0.0,0.0,0.0,-0.106621,0.058666,0.072954,0.309585,-0.243786,-0.056272,-0.84945,-0.211432,-0.694412,1.079281,0.014232,-0.025993,-0.059933,-0.029792,0.059933,-0.189341,-0.027243,0.033474,-0.027243,-0.109694,
0.027807,-0.964666,0.866677,0.0,0.0,0.0,-0.070346,0.108032,1.013185,0.0,0.0,0.0,-0.105012,0.058485,0.071554,0.310022,-0.245233,-0.056171,-0.851467,-0.212791,-0.695927,1.077398,0.014928,-0.026013,-0.061269,-0.029668,0.061269,-0.191161,-0.025908,0.033538,-0.025908,-0.108407,
0.027737,-0.964558,0.86769,0.0,0.0,0.0,-0.070348,0.107956,1.013109,0.0,0.0,0.0,-0.103404,0.058304,0.070154,0.31046,-0.24668,-0.05607,-0.853484,-0.21415,-0.697441,1.075515,0.015624,-0.026033,-0.062604,-0.029543,0.062604,-0.19298,-0.024573,0.033602,-0.024573,-0.107119,
0.027666,-0.96445,0.868703,0.0,0.0,0.0,-0.070346,0.108032,1.013185,0.0,0.0,0.0,-0.101795,0.058123,0.068754,0.310897,-0.248126,-0.055969,-0.8555,-0.215508,-0.698955,1.073632,0.01632,-0.026053,-0.06394,-0.029419,0.06394,-0.1948,-0.023238,0.033666,-0.023238,-0.105832,
0.027596,-0.964342,0.869716,0.0,0.0,0.0,-0.070348,0.107956,1.013185,0.0,0.0,0.0,-0.100187,0.057942,0.067354,0.311335,-0.249573,-0.055869,-0.857517,-0.216867,-0.700469,1.071749,0.017016,-0.026073,-0.065276,-0.029294,0.065276,-0.19662,-0.021902,0.033731,-0.021902,-0.104544,
0.027526,-0.964234,0.870729,0.0,0.0,0.0,-0.070338,0.107956,1.013033,0.0,0.0,0.0,-0.098579,0.057761,0.065954,0.311772,-0.25102,-0.055768,-0.859533,-0.218226,-0.701983,1.069866,0.017712,-0.026093,-0.066611,-0.02917,0.066611,-0.19844,-0.020567,0.033795,-0.020567,-0.103257,
0.027455,-0.964126,0.871743,0.0,0.0,0.0,-0.070346,0.108032,1.013185,0.0,0.0,0.0,-0.09697,0.05758,0.064554,0.31221,-0.252467,-0.055667,-0.86155,-0.219585,-0.703497,1.067984,0.018408,-0.026114,-0.067947,-0.029045,0.067947,-0.200259,-0.019232,0.033859,-0.019232,-0.10197,
0.027385,-0.964018,0.872756,0.0,0.0,0.0,-0.070338,0.107956,1.013109,0.0,0.0,0.0,-0.095362,0.057399,0.063154,0.312647,-0.253913,-0.055566,-0.863566,-0.220944,-0.705011,1.066101,0.019104,-0.026134,-0.069283,-0.028921,0.069283,-0.202079,-0.017897,0.033923,-0.017897,-0.100682,
0.027315,-0.96391,0.873769,0.0,0.0,0.0,-0.070355,0.108032,1.013262,0.0,0.0,0.0,-0.093753,0.057218,0.061754,0.313084,-0.25536,-0.055466,-0.865583,-0.222303,-0.706525,1.064218,0.0198,-0.026154,-0.070619,-0.028796,0.070619,-0.203899,-0.016562,0.033987,-0.016562,-0.099395,
0.027244,-0.963802,0.874782,0.0,0.0,0.0,-0.070338,0.107956,1.013033,0.0,0.0,0.0,-0.092145,0.057037,0.060354,0.313522,-0.256807,-0.055365,-0.8676,-0.223661,-0.708039,1.062335,0.020495,-0.026174,-0.071954,-0.028672,0.071954,-0.205718,-0.015227,0.034051,-0.015227,-0.098107,
0.027174,-0.963694,0.875795,0.0,0.0,0.0,-0.070348,0.108032,1.013185,0.0,0.0,0.0,-0.090536,0.056856,0.058954,0.313959,-0.258254,-0.055264,-0.869616,-0.22502,-0.709553,1.060452,0.021191,-0.026194,-0.07329,-0.028547,0.07329,-0.207538,-0.013892,0.034115,-0.013892,-0.09682,
0.027104,-0.963586,0.876808,0.0,0.0,0.0,-0.070338,0.107956,1.013033,0.0,0.0,0.0,-0.088928,0.056675,0.057554,0.314397,-0.2597,-0.055163,-0.871632,-0.226379,-0.711067,1.058569,0.021887,-0.026214,-0.074625,-0.028422,0.074625,-0.209358,-0.012557,0.034179,-0.012557,-0.095533,
0.027033,-0.963478,0.877821,0.0,0.0,0.0,-0.070346,0.107956,1.013185,0.0,0.0,0.0,-0.08732,0.056494,0.056154,0.314834,-0.261147,-0.055063,-0.873649,-0.227737,-0.712581,1.056687,0.022583,-0.026234,-0.075961,-0.028298,0.075961,-0.211177,-0.011222,0.034243,-0.011222,-0.094245,
0.026963,-0.96337,0.878835,0.0,0.0,0.0,-0.070338,0.108032,1.013109,0.0,0.0,0.0,-0.085712,0.056313,0.054755,0.315271,-0.262593,-0.054962,-0.875665,-0.229096,-0.714095,1.054804,0.023279,-0.026255,-0.077296,-0.028173,0.077296,-0.212997,-0.009887,0.034307,-0.009887,-0.092958,
0.026893,-0.963262,0.879848,0.0,0.0,0.0,-0.070355,0.107956,1.013262,0.0,0.0,0.0,-0.084103,0.056131,0.053354,0.315709,-0.26404,-0.054861,-0.877682,-0.230455,-0.715609,1.052921,0.023975,-0.026275,-0.078632,-0.028049,0.078632,-0.214816,-0.008551,0.034372,-0.008551,-0.091671,
0.026822,-0.963154,0.880861,0.0,0.0,0.0,-0.070338,0.108032,1.013033,0.0,0.0,0.0,-0.082495,0.05595,0.051955,0.316146,-0.265487,-0.05476,-0.879698,-0.231814,-0.717123,1.051039,0.024671,-0.026295,-0.079968,-0.027924,0.079968,-0.216636,-0.007217,0.034436,-0.007217,-0.090383,
0.026752,-0.963046,0.881874,0.0,0.0,0.0,-0.070348,0.107956,1.013185,0.0,0.0,0.0,-0.080887,0.055769,0.050555,0.316584,-0.266934,-0.05466,-0.881714,-0.233172,-0.718637,1.049156,0.025367,-0.026315,-0.081303,-0.0278,0.081303,-0.218455,-0.005881,0.0345,-0.005881,-0.089096,
0.026682,-0.962938,0.882887,0.0,0.0,0.0,-0.070338,0.108032,1.013033,0.0,0.0,0.0,-0.079278,0.055588,0.049155,0.317021,-0.26838,-0.054559,-0.88373,-0.234531,-0.720151,1.047274,0.026062,-0.026335,-0.082639,-0.027675,0.082639,-0.220275,-0.004547,0.034564,-0.004547,-0.087809,
0.026611,-0.96283,0.8839,0.0,0.0,0.0,-0.070346,0.107956,1.013185,0.0,0.0,0.0,-0.07767,0.055407,0.047755,0.317459,-0.269827,-0.054458,-0.885746,-0.23589,-0.721665,1.045391,0.026758,-0.026355,-0.083974,-0.027551,0.083974,-0.222094,-0.003212,0.034628,-0.003212,-0.086521,
0.02653,-0.962713,0.884914,0.0,0.0,0.0,-0.081468,0.116806,1.014177,0.0,0.0,0.0,-0.075996,0.055227,0.046302,0.317824,-0.271238,-0.05434,-0.887392,-0.237036,-0.722883,1.043055,0.027223,-0.026327,-0.085294,-0.027415,0.085294,-0.223956,-0.001893,0.03466,-0.001893,-0.085362,
0.026426,-0.962579,0.885931,0.0,0.0,0.0,-0.103905,0.134735,1.01639,0.0,0.0,0.0,-0.074187,0.055047,0.044742,0.318043,-0.272578,-0.054186,-0.888291,-0.237755,-0.723507,1.039803,0.027223,-0.0262,-0.086584,-0.027258,0.086584,-0.225906,-0.000608,0.034627,-0.000608,-0.084461,
0.026322,-0.962444,0.886947,0.0,0.0,0.0,-0.103908,0.134659,1.016466,0.0,0.0,0.0,-0.072378,0.054868,0.043182,0.318261,-0.273918,-0.054032,-0.88919,-0.238474,-0.724131,1.036551,0.027223,-0.026074,-0.087873,-0.0271,0.087873,-0.227855,0.000678,0.034594,0.000678,-0.083559,
0.026218,-0.962309,0.887964,0.0,0.0,0.0,-0.103908,0.134659,1.016466,0.0,0.0,0.0,-0.070569,0.054689,0.041622,0.31848,-0.275258,-0.053878,-0.890089,-0.239193,-0.724755,1.033299,0.027223,-0.025948,-0.089162,-0.026943,0.089162,-0.229805,0.001964,0.034561,0.001964,-0.082658,
0.026114,-0.962175,0.88898,0.0,0.0,0.0,-0.103908,0.134659,1.01639,0.0,0.0,0.0,-0.06876,0.05451,0.040061,0.318699,-0.276598,-0.053724,-0.890988,-0.239912,-0.725378,1.030047,0.027223,-0.025821,-0.090451,-0.026785,0.090451,-0.231755,0.003249,0.034528,0.003249,-0.081756,
0.02601,-0.96204,0.889996,0.0,0.0,0.0,-0.103893,0.134659,1.016313,0.0,0.0,0.0,-0.066951,0.05433,0.038501,0.318918,-0.277938,-0.05357,-0.891888,-0.24063,-0.726002,1.026794,0.027223,-0.025695,-0.09174,-0.026628,0.09174,-0.233704,0.004535,0.034495,0.004535,-0.080855,
0.025906,-0.961905,0.891013,0.0,0.0,0.0,-0.103908,0.134735,1.016466,0.0,0.0,0.0,-0.065142,0.054151,0.036941,0.319137,-0.279279,-0.053416,-0.892787,-0.241349,-0.726626,1.023542,0.027223,-0.025569,-0.093029,-0.02647,0.093029,-0.235654,0.00582,0.034462,0.00582,-0.079953,
0.025802,-0.961771,0.892029,0.0,0.0,0.0,-0.103893,0.134659,1.016313,0.0,0.0,0.0,-0.063333,0.053972,0.035381,0.319356,-0.280619,-0.053263,-0.893686,-0.242068,-0.72725,1.020289,0.027223,-0.025442,-0.094318,-0.026313,0.094318,-0.237604,0.007106,0.034429,0.007106,-0.079052,
0.025699,-0.961636,0.893046,0.0,0.0,0.0,-0.103922,0.134659,1.016619,0.0,0.0,0.0,-0.061524,0.053792,0.03382,0.319575,-0.281959,-0.053109,-0.894585,-0.242787,-0.727874,1.017036,0.027223,-0.025316,-0.095608,-0.026155,0.095608,-0.239554,0.008392,0.034396,0.008392,-0.07815,
0.025595,-0.961501,0.894062,0.0,0.0,0.0,-0.103893,0.134659,1.016237,0.0,0.0,0.0,-0.059715,0.053613,0.03226,0.319794,-0.283299,-0.052955,-0.895484,-0.243506,-0.728497,1.013783,0.027223,-0.02519,-0.096897,-0.025998,0.096897,-0.241503,0.009677,0.034363,0.009677,-0.077249,
0.025491,-0.961367,0.895079,0.0,0.0,0.0,-0.103908,0.134659,1.016466,0.0,0.0,0.0,-0.057906,0.053434,0.030699,0.320013,-0.284639,-0.052801,-0.896383,-0.244225,-0.729121,1.010529,0.027223,-0.025063,-0.098186,-0.02584,0.098186,-0.243453,0.010963,0.03433,0.010963,-0.076347,
0.025387,-0.961232,0.896095,0.0,0.0,0.0,-0.103893,0.134659,1.016313,0.0,0.0,0.0,-0.056097,0.053254,0.029139,0.320232,-0.28598,-0.052647,-0.897282,-0.244944,-0.729745,1.007276,0.027223,-0.024937,-0.099475,-0.025683,0.099475,-0.245403,0.012248,0.034297,0.012248,-0.075445,
0.025283,-0.961097,0.897111,0.0,0.0,0.0,-0.103908,0.134659,1.016466,0.0,0.0,0.0,-0.054288,0.053075,0.027579,0.32045,-0.28732,-0.052493,-0.898182,-0.245662,-0.730368,1.004022,0.027223,-0.02481,-0.100764,-0.025525,0.100764,-0.247353,0.013534,0.034264,0.013534,-0.074544,
0.025179,-0.960963,0.898128,0.0,0.0,0.0,-0.103893,0.134659,1.016313,0.0,0.0,0.0,-0.052479,0.052896,0.026019,0.320669,-0.28866,-0.052339,-0.899081,-0.246381,-0.730992,1.000769,0.027223,-0.024684,-0.102054,-0.025368,0.102054,-0.249303,0.014819,0.034231,0.014819,-0.073642,
0.025075,-0.960828,0.899144,0.0,0.0,0.0,-0.103922,0.134735,1.016542,0.0,0.0,0.0,-0.05067,0.052717,0.024458,0.320888,-0.29,-0.052185,-0.89998,-0.2471,-0.731616,0.997515,0.027223,-0.024558,-0.103343,-0.02521,0.103343,-0.251253,0.016105,0.034198,0.016105,-0.072741,
0.024971,-0.960693,0.90016,0.0,0.0,0.0,-0.103893,0.134659,1.016313,0.0,0.0,0.0,-0.048861,0.052537,0.022898,0.321107,-0.291341,-0.052032,-0.900879,-0.247819,-0.73224,0.994262,0.027223,-0.024431,-0.104632,-0.025053,0.104632,-0.253203,0.017391,0.034165,0.017391,-0.071839,
0.024867,-0.960559,0.901177,0.0,0.0,0.0,-0.103908,0.134659,1.016466,0.0,0.0,0.0,-0.047051,0.052358,0.021337,0.321326,-0.292681,-0.051878,-0.901778,-0.248538,-0.732864,0.991008,0.027223,-0.024305,-0.105921,-0.024895,0.105921,-0.255153,0.018676,0.034132,0.018676,-0.070938,
0.024763,-0.960424,0.902193,0.0,0.0,0.0,-0.103893,0.134659,1.016313,0.0,0.0,0.0,-0.045242,0.052179,0.019777,0.321545,-0.294021,-0.051724,-0.902677,-0.249257,-0.733487,0.987754,0.027223,-0.024179,-0.107211,-0.024738,0.107211,-0.257102,0.019962,0.034099,0.019962,-0.070036,
0.02466,-0.960289,0.90321,0.0,0.0,0.0,-0.103908,0.134659,1.016466,0.0,0.0,0.0,-0.043433,0.052,0.018216,0.321764,-0.295361,-0.05157,-0.903576,-0.249976,-0.734111,0.984501,0.027223,-0.024052,-0.1085,-0.02458,0.1085,-0.259052,0.021248,0.034066,0.021248,-0.069135,
0.024556,-0.960155,0.904226,0.0,0.0,0.0,-0.103893,0.134659,1.016313,0.0,0.0,0.0,-0.041624,0.05182,0.016656,0.321983,-0.296701,-0.051416,-0.904476,-0.250694,-0.734735,0.981247,0.027223,-0.023926,-0.109789,-0.024423,0.109789,-0.261002,0.022533,0.034033,0.022533,-0.068233,
0.024452,-0.96002,0.905243,0.0,0.0,0.0,-0.10392,0.134735,1.016542,0.0,0.0,0.0,-0.039815,0.051641,0.015096,0.322202,-0.298042,-0.051262,-0.905375,-0.251413,-0.735359,0.977993,0.027223,-0.0238,-0.111078,-0.024265,0.111078,-0.262952,0.023819,0.034001,0.023819,-0.067332,
0.024348,-0.959885,0.906259,0.0,0.0,0.0,-0.103896,0.134659,1.016313,0.0,0.0,0.0,-0.038006,0.051462,0.013535,0.322421,-0.299382,-0.051108,-0.906274,-0.252132,-0.735982,0.97474,0.027223,-0.023673,-0.112367,-0.024108,0.112367,-0.264902,0.025104,0.033968,0.025104,-0.06643,
0.024244,-0.959751,0.907275,0.0,0.0,0.0,-0.103908,0.134659,1.016466,0.0,0.0,0.0,-0.036197,0.051282,0.011975,0.322639,-0.300722,-0.050954,-0.907173,-0.252851,-0.736606,0.971486,0.027223,-0.023547,-0.113657,-0.02395,0.113657,-0.266852,0.02639,0.033935,0.02639,-0.065529,
0.02414,-0.959616,0.908292,0.0,0.0,0.0,-0.103905,0.134659,1.01639,0.0,0.0,0.0,-0.034387,0.051103,0.010414,0.322858,-0.302062,-0.050801,-0.908072,-0.25357,-0.73723,0.968233,0.027223,-0.023421,-0.114946,-0.023793,0.114946,-0.268802,0.027676,0.033902,0.027676,-0.064627,
0.024036,-0.959481,0.909308,0.0,0.0,0.0,-0.103896,0.134659,1.016313,0.0,0.0,0.0,-0.032578,0.050924,0.008854,0.323077,-0.303403,-0.050647,-0.908971,-0.254289,-0.737854,0.96498,0.027223,-0.023294,-0.116235,-0.023635,0.116235,-0.270752,0.028961,0.033869,0.028961,-0.063726,
0.023932,-0.959347,0.910324,0.0,0.0,0.0,-0.103905,0.134735,1.016466,0.0,0.0,0.0,-0.030769,0.050744,0.007294,0.323296,-0.304743,-0.050493,-0.909871,-0.255008,-0.738477,0.961727,0.027223,-0.023168,-0.117524,-0.023478,0.117524,-0.272702,0.030247,0.033836,0.030247,-0.062824,
0.023828,-0.959212,0.911341,0.0,0.0,0.0,-0.103908,0.134659,1.016466,0.0,0.0,0.0,-0.02896,0.050565,0.005733,0.323515,-0.306083,-0.050339,-0.91077,-0.255726,-0.739101,0.958473,0.027223,-0.023041,-0.118814,-0.02332,0.118814,-0.274651,0.031533,0.033803,0.031533,-0.061922,
0.023724,-0.959077,0.912357,0.0,0.0,0.0,-0.103908,0.134659,1.01639,0.0,0.0,0.0,-0.027151,0.050386,0.004173,0.323734,-0.307423,-0.050185,-0.911669,-0.256445,-0.739725,0.955221,0.027223,-0.022915,-0.120103,-0.023163,0.120103,-0.276601,0.032818,0.03377,0.032818,-0.061021,
0.023621,-0.958943,0.913374,0.0,0.0,0.0,-0.103893,0.134659,1.016313,0.0,0.0,0.0,-0.025342,0.050207,0.002613,0.323953,-0.308763,-0.050031,-0.912568,-0.257164,-0.740349,0.951968,0.027223,-0.022789,-0.121392,-0.023005,0.121392,-0.278551,0.034104,0.033737,0.034104,-0.060119,
0.023517,-0.958808,0.91439,0.0,0.0,0.0,-0.103908,0.134659,1.016466,0.0,0.0,0.0,-0.023533,0.050027,0.001053,0.324172,-0.310103,-0.049877,-0.913467,-0.257883,-0.740972,0.948716,0.027223,-0.022662,-0.122681,-0.022848,0.122681,-0.2805,0.035389,0.033704,0.035389,-0.059218,
0.023413,-0.958673,0.915406,0.0,0.0,0.0,-0.103896,0.134659,1.016313,0.0,0.0,0.0,-0.021725,0.049848,-0.000507,0.324391,-0.311444,-0.049723,-0.914366,-0.258602,-0.741596,0.945464,0.027223,-0.022536,-0.12397,-0.02269,0.12397,-0.28245,0.036675,0.033671,0.036675,-0.058316,
0.023309,-0.958539,0.916423,0.0,0.0,0.0,-0.103905,0.134735,1.016466,0.0,0.0,0.0,-0.019916,0.049669,-0.002068,0.32461,-0.312784,-0.04957,-0.915265,-0.259321,-0.74222,0.942212,0.027223,-0.02241,-0.125259,-0.022533,0.125259,-0.2844,0.03796,0.033638,0.03796,-0.057415,
0.023205,-0.958404,0.917439,0.0,0.0,0.0,-0.103908,0.134659,1.01639,0.0,0.0,0.0,-0.018107,0.049489,-0.003628,0.324828,-0.314124,-0.049416,-0.916164,-0.260039,-0.742844,0.93896,0.027223,-0.022283,-0.126548,-0.022375,0.126548,-0.286349,0.039246,0.033605,0.039246,-0.056513,