-0.000066,-0.976137,0.000048,-0.0,-1.570796,0.0,-0.006841,0.000458,0.010697,0.0,0.0,0.0,-0.119083,0.039637,0.106043,0.153073,-0.081023,-0.035452,-0.118377,-0.039594,-0.104674,0.152129,-0.080582,0.035293,0.0,0.0,0.0,0.0,0.0,0.0,0.0,0.0,
-0.000076,-0.976136,0.000064,-0.0,-1.570796,0.0,-0.010258,0.000763,0.016039,0.0,0.0,0.0,-0.11914,0.039621,0.106092,0.153111,-0.081031,-0.035434,-0.118402,-0.039614,-0.104687,0.152129,-0.080569,0.035312,0.0,0.0,0.0,0.0,0.0,0.0,0.0,0.0,
-0.000086,-0.976136,0.00008,-0.0,-1.570796,0.0,-0.010258,0.000763,0.016039,0.0,0.0,0.0,-0.119198,0.039605,0.106142,0.15315,-0.081038,-0.035416,-0.118427,-0.039635,-0.104699,0.152129,-0.080556,0.03533,0.0,0.0,0.0,0.0,0.0,0.0,0.0,0.0,
-0.000097,-0.976135,0.000096,-0.0,-1.570796,0.0,-0.010258,0.000687,0.016039,0.0,0.0,0.0,-0.119255,0.039588,0.106191,0.153188,-0.081045,-0.035397,-0.118451,-0.039655,-0.104712,0.152129,-0.080544,0.035348,0.0,0.0,0.0,0.0,0.0,0.0,0.0,0.0,
-0.000107,-0.976134,0.000112,-0.0,-1.570796,0.0,-0.010258,0.000763,0.016039,0.0,0.0,0.0,-0.119313,0.039572,0.106241,0.153227,-0.081052,-0.035379,-0.118476,-0.039675,-0.104725,0.152129,-0.080531,0.035367,0.0,0.0,0.0,0.0,0.0,0.0,0.0,0.0,
-0.000117,-0.976133,0.000128,-0.0,-1.570796,0.0,-0.010258,0.000687,0.016039,0.0,0.0,0.0,-0.11937,0.039556,0.10629,0.153266,-0.08106,-0.035361,-0.118501,-0.039696,-0.104738,0.152129,-0.080518,0.035385,0.0,0.0,0.0,0.0,0.0,0.0,0.0,0.0,
-0.000128,-0.976133,0.000144,-0.0,-1.570796,0.0,-0.010258,0.000763,0.016039,0.0,0.0,0.0,-0.119427,0.039539,0.10634,0.153304,-0.081067,-0.035342,-0.118525,-0.039716,-0.104751,0.152129,-0.080505,0.035403,0.0,0.0,0.0,0.0,0.0,0.0,0.0,0.0,
-0.000138,-0.976132,0.00016,-0.0,-1.570796,0.0,-0.010258,0.000763,0.016039,0.0,0.0,0.0,-0.119485,0.039523,0.106389,0.153343,-0.081074,-0.035324,-0.11855,-0.039737,-0.104764,0.152129,-0.080492,0.035422,0.0,0.0,0.0,0.0,0.0,0.0,0.0,0.0,
-0.000148,-0.976131,0.000176,-0.0,-1.570796,0.0,-0.010258,0.000687,0.016039,0.0,0.0,0.0,-0.119542,0.039506,0.106439,0.153381,-0.081082,-0.035306,-0.118574,-0.039757,-0.104776,0.152129,-0.080479,0.03544,0.0,0.0,0.0,0.0,0.0,0.0,0.0,0.0,
-0.000158,-0.97613,0.000192,-0.0,-1.570796,0.0,-0.010258,0.000763,0.016039,0.0,0.0,0.0,-0.1196,0.03949,0.106489,0.15342,-0.081089,-0.035287,-0.118599,-0.039778,-0.104789,0.152129,-0.080467,0.035458,0.0,0.0,0.0,0.0,0.0,0.0,0.0,0.0,
-0.000169,-0.97613,0.000208,-0.0,-1.570796,0.0,-0.010258,0.000687,0.016039,0.0,0.0,0.0,-0.119657,0.039474,0.106538,0.153458,-0.081096,-0.035269,-0.118624,-0.039798,-0.104802,0.152129,-0.080454,0.035477,0.0,0.0,0.0,0.0,0.0,0.0,0.0,0.0,
-0.000179,-0.976129,0.000224,-0.0,-1.570796,0.0,-0.010258,0.000763,0.016039,0.0,0.0,0.0,-0.119714,0.039457,0.106588,0.153497,-0.081104,-0.035251,-0.118648,-0.039819,-0.104815,0.152129,-0.080441,0.035495,0.0,0.0,0.0,0.0,0.0,0.0,0.0,0.0,
-0.000189,-0.976128,0.00024,-0.0,-1.570796,0.0,-0.010258,0.000763,0.016039,0.0,0.0,0.0,-0.119772,0.039441,0.106637,0.153536,-0.081111,-0.035232,-0.118673,-0.039839,-0.104828,0.152129,-0.080428,0.035513,0.0,0.0,0.0,0.0,0.0,0.0,0.0,0.0,
-0.000199,-0.976128,0.000256,-0.0,-1.570796,0.0,-0.010258,0.000687,0.016039,0.0,0.0,0.0,-0.119829,0.039425,0.106687,0.153574,-0.081118,-0.035214,-0.118697,-0.039859,-0.104841,0.152129,-0.080415,0.035532,0.0,0.0,0.0,0.0,0.0,0.0,0.0,0.0,
-0.00021,-0.976127,0.000272,-0.0,-1.570796,0.0,-0.010258,0.000763,0.01604,0.0,0.0,0.0,-0.119887,0.039408,0.106736,0.153613,-0.081126,-0.035196,-0.118722,-0.03988,-0.104853,0.152129,-0.080403,0.03555,0.0,0.0,0.0,0.0,0.0,0.0,0.0,0.0,
-0.00022,-0.976126,0.000288,-0.0,-1.570796,0.0,-0.010258,0.000687,0.016039,0.0,0.0,0.0,-0.119944,0.039392,0.106786,0.153651,-0.081133,-0.035177,-0.118747,-0.0399,-0.104866,0.152129,-0.08039,0.035568,0.0,0.0,0.0,0.0,0.0,0.0,0.0,0.0,
-0.00023,-0.976125,0.000304,-0.0,-1.570796,0.0,-0.010258,0.000763,0.016039,0.0,0.0,0.0,-0.120002,0.039376,0.106835,0.15369,-0.08114,-0.035159,-0.118771,-0.039921,-0.104879,0.152129,-0.080377,0.035586,0.0,0.0,0.0,0.0,0.0,0.0,0.0,0.0,
-0.00024,-0.976125,0.00032,-0.0,-1.570796,0.0,-0.010258,0.000763,0.016039,0.0,0.0,0.0,-0.120059,0.039359,0.106885,0.153728,-0.081148,-0.035141,-0.118796,-0.039941,-0.104892,0.152129,-0.080364,0.035605,0.0,0.0,0.0,0.0,0.0,0.0,0.0,0.0,
-0.000251,-0.976124,0.000336,-0.0,-1.570796,0.0,-0.010258,0.000687,0.016039,0.0,0.0,0.0,-0.120116,0.039343,0.106934,0.153767,-0.081155,-0.035123,-0.11882,-0.039962,-0.104905,0.152129,-0.080351,0.035623,0.0,0.0,0.0,0.0,0.0,0.0,0.0,0.0,
-0.000261,-0.976123,0.000352,-0.0,-1.570796,0.0,-0.010258,0.000763,0.016039,0.0,0.0,0.0,-0.120174,0.039327,0.106984,0.153806,-0.081162,-0.035104,-0.118845,-0.039982,-0.104918,0.152129,-0.080338,0.035641,0.0,0.0,0.0,0.0,0.0,0.0,0.0,0.0,
-0.000271,-0.976122,0.000368,-0.0,-1.570796,0.0,-0.010258,0.000687,0.016039,0.0,0.0,0.0,-0.120231,0.03931,0.107033,0.153844,-0.08117,-0.035086,-0.11887,-0.040002,-0.10493,0.152129,-0.080326,0.03566,0.0,0.0,0.0,0.0,0.0,0.0,0.0,0.0,
-0.000281,-0.976122,0.000384,-0.0,-1.570796,0.0,-0.010258,0.000763,0.016039,0.0,0.0,0.0,-0.120289,0.039294,0.107083,0.153883,-0.081177,-0.035068,-0.118894,-0.040023,-0.104943,0.152129,-0.080313,0.035678,0.0,0.0,0.0,0.0,0.0,0.0,0.0,0.0,
-0.000292,-0.976121,0.0004,-0.0,-1.570796,0.0,-0.010258,0.000763,0.016039,0.0,0.0,0.0,-0.120346,0.039278,0.107132,0.153921,-0.081184,-0.035049,-0.118919,-0.040043,-0.104956,0.152129,-0.0803,0.035696,0.0,0.0,0.0,0.0,0.0,0.0,0.0,0.0,
-0.000302,-0.97612,0.000416,-0.0,-1.570796,0.0,-0.010258,0.000687,0.016039,0.0,0.0,0.0,-0.120403,0.039261,0.107182,0.15396,-0.081192,-0.035031,-0.118943,-0.040064,-0.104969,0.152129,-0.080287,0.035715,0.0,0.0,0.0,0.0,0.0,0.0,0.0,0.0,
-0.000312,-0.97612,0.000432,-0.0,-1.570796,0.0,-0.010258,0.000763,0.016039,0.0,0.0,0.0,-0.120461,0.039245,0.107231,0.153998,-0.081199,-0.035013,-0.118968,-0.040084,-0.104982,0.152129,-0.080274,0.035733,0.0,0.0,0.0,0.0,0.0,0.0,0.0,0.0,
-0.000322,-0.976119,0.000449,-0.0,-1.570796,0.0,-0.010258,0.000687,0.016039,0.0,0.0,0.0,-0.120518,0.039229,0.107281,0.154037,-0.081206,-0.034994,-0.118993,-0.040105,-0.104995,0.152129,-0.080261,0.035751,0.0,0.0,0.0,0.0,0.0,0.0,0.0,0.0,
-0.000333,-0.976118,0.000465,-0.0,-1.570796,0.0,-0.010258,0.000763,0.016039,0.0,0.0,0.0,-0.120576,0.039212,0.10733,0.154076,-0.081214,-0.034976,-0.119017,-0.040125,-0.105007,0.152129,-0.080249,0.03577,0.0,0.0,0.0,0.0,0.0,0.0,0.0,0.0,
-0.000343,-0.976117,0.000481,-0.0,-1.570796,0.0,-0.010258,0.000763,0.016039,0.0,0.0,0.0,-0.120633,0.039196,0.10738,0.154114,-0.081221,-0.034958,-0.119042,-0.040146,-0.10502,0.152129,-0.080236,0.035788,0.0,0.0,0.0,0.0,0.0,0.0,0.0,0.0,
-0.000353,-0.976117,0.000497,-0.0,-1.570796,0.0,-0.010258,0.000687,0.016039,0.0,0.0,0.0,-0.120691,0.039179,0.107429,0.154153,-0.081228,-0.034939,-0.119066,-0.040166,-0.105033,0.152129,-0.080223,0.035806,0.0,0.0,0.0,0.0,0.0,0.0,0.0,0.0,
-0.000363,-0.976116,0.000513,-0.0,-1.570796,0.0,-0.010258,0.000763,0.016039,0.0,0.0,0.0,-0.120748,0.039163,0.107479,0.154191,-0.081236,-0.034921,-0.119091,-0.040186,-0.105046,0.152129,-0.08021,0.035825,0.0,0.0,0.0,0.0,0.0,0.0,0.0,0.0,
-0.000374,-0.976115,0.000529,-0.0,-1.570796,0.0,-0.010258,0.000687,0.016039,0.0,0.0,0.0,-0.120805,0.039147,0.107528,0.15423,-0.081243,-0.034903,-0.119116,-0.040207,-0.105059,0.152129,-0.080197,0.035843,0.0,0.0,0.0,0.0,0.0,0.0,0.0,0.0,
-0.000384,-0.976114,0.000545,-0.0,-1.570796,0.0,-0.010258,0.000763,0.016039,0.0,0.0,0.0,-0.120863,0.03913,0.107578,0.154268,-0.08125,-0.034884,-0.11914,-0.040227,-0.105072,0.152129,-0.080184,0.035861,0.0,0.0,0.0,0.0,0.0,0.0,0.0,0.0,
-0.000394,-0.976114,0.000561,-0.0,-1.570796,0.0,-0.010258,0.000763,0.016039,0.0,0.0,0.0,-0.12092,0.039114,0.107627,0.154307,-0.081258,-0.034866,-0.119165,-0.040248,-0.105085,0.152129,-0.080172,0.035879,0.0,0.0,0.0,0.0,0.0,0.0,0.0,0.0,
-0.000404,-0.976112,0.000585,-0.0,-1.570796,0.0,-0.010256,0.001144,0.023986,0.0,0.0,0.0,-0.120994,0.03909,0.107691,0.154368,-0.081277,-0.034838,-0.11919,-0.040278,-0.105099,0.152136,-0.080163,0.035908,0.0,0.0,0.0,0.0,0.0,0.0,0.0,0.0,
-0.000415,-0.97611,0.000625,-0.0,-1.570796,0.0,-0.010252,0.00206,0.039878,0.0,0.0,0.0,-0.121102,0.039051,0.107785,0.154472,-0.081321,-0.03479,-0.119216,-0.040327,-0.105118,0.152158,-0.080163,0.035955,0.0,0.0,0.0,0.0,0.0,0.0,0.0,0.0,
-0.000425,-0.976108,0.000665,-0.0,-1.570796,0.0,-0.010252,0.00206,0.039878,0.0,0.0,0.0,-0.121209,0.039013,0.107878,0.154577,-0.081365,-0.034743,-0.119243,-0.040376,-0.105136,0.15218,-0.080163,0.036003,0.0,0.0,0.0,0.0,0.0,0.0,0.0,0.0,
-0.000435,-0.976106,0.000704,-0.0,-1.570796,0.0,-0.010252,0.00206,0.039878,0.0,0.0,0.0,-0.121317,0.038974,0.107972,0.154682,-0.081409,-0.034695,-0.119269,-0.040425,-0.105154,0.152202,-0.080163,0.03605,0.0,0.0,0.0,0.0,0.0,0.0,0.0,0.0,
-0.000445,-0.976104,0.000744,-0.0,-1.570796,0.0,-0.010252,0.001984,0.039878,0.0,0.0,0.0,-0.121424,0.038935,0.108066,0.154786,-0.081453,-0.034648,-0.119295,-0.040474,-0.105173,0.152224,-0.080163,0.036098,0.0,0.0,0.0,0.0,0.0,0.0,0.0,0.0,
-0.000456,-0.976102,0.000784,-0.0,-1.570796,0.0,-0.010252,0.00206,0.039878,0.0,0.0,0.0,-0.121532,0.038896,0.108159,0.154891,-0.081497,-0.0346,-0.119321,-0.040523,-0.105191,0.152246,-0.080163,0.036146,0.0,0.0,0.0,0.0,0.0,0.0,0.0,0.0,
-0.000466,-0.9761,0.000824,-0.0,-1.570796,0.0,-0.010252,0.00206,0.039878,0.0,0.0,0.0,-0.121639,0.038857,0.108253,0.154996,-0.081541,-0.034552,-0.119347,-0.040572,-0.105209,0.152268,-0.080163,0.036193,0.0,0.0,0.0,0.0,0.0,0.0,0.0,0.0,
-0.000476,-0.976098,0.000864,-0.0,-1.570796,0.0,-0.010252,0.00206,0.039877,0.0,0.0,0.0,-0.121747,0.038818,0.108346,0.1551,-0.081585,-0.034505,-0.119374,-0.040621,-0.105228,0.15229,-0.080163,0.036241,0.0,0.0,0.0,0.0,0.0,0.0,0.0,0.0,
-0.000487,-0.976096,0.000904,-0.0,-1.570796,0.0,-0.010252,0.00206,0.039878,0.0,0.0,0.0,-0.121854,0.038779,0.10844,0.155205,-0.081629,-0.034457,-0.1194,-0.04067,-0.105246,0.152312,-0.080163,0.036288,0.0,0.0,0.0,0.0,0.0,0.0,0.0,0.0,
-0.000497,-0.976094,0.000944,-0.0,-1.570796,0.0,-0.010252,0.00206,0.039878,0.0,0.0,0.0,-0.121962,0.038741,0.108533,0.15531,-0.081673,-0.034409,-0.119426,-0.040719,-0.105264,0.152335,-0.080163,0.036336,0.0,0.0,0.0,0.0,0.0,0.0,0.0,0.0,
-0.000507,-0.976092,0.000984,-0.0,-1.570796,0.0,-0.010252,0.00206,0.039878,0.0,0.0,0.0,-0.122069,0.038702,0.108627,0.155414,-0.081717,-0.034362,-0.119452,-0.040768,-0.105283,0.152357,-0.080163,0.036384,0.0,0.0,0.0,0.0,0.0,0.0,0.0,0.0,
-0.000517,-0.97609,0.001023,-0.0,-1.570796,0.0,-0.010252,0.00206,0.039878,0.0,0.0,0.0,-0.122177,0.038663,0.10872,0.155519,-0.081761,-0.034314,-0.119479,-0.040817,-0.105301,0.152379,-0.080163,0.036431,0.0,0.0,0.0,0.0,0.0,0.0,0.0,0.0,
-0.000528,-0.976088,0.001063,-0.0,-1.570796,0.0,-0.010252,0.00206,0.039878,0.0,0.0,0.0,-0.122284,0.038624,0.108814,0.155624,-0.081805,-0.034267,-0.119505,-0.040866,-0.105319,0.152401,-0.080163,0.036479,0.0,0.0,0.0,0.0,0.0,0.0,0.0,0.0,
-0.000538,-0.976086,0.001103,-0.0,-1.570796,0.0,-0.010252,0.001984,0.039878,0.0,0.0,0.0,-0.122392,0.038585,0.108907,0.155729,-0.081849,-0.034219,-0.119531,-0.040915,-0.105338,0.152423,-0.080163,0.036527,0.0,0.0,0.0,0.0,0.0,0.0,0.0,0.0,
-0.000548,-0.976084,0.001143,-0.0,-1.570796,0.0,-0.010252,0.00206,0.039877,0.0,0.0,0.0,-0.122499,0.038547,0.109001,0.155833,-0.081893,-0.034171,-0.119557,-0.040964,-0.105356,0.152445,-0.080163,0.036574,0.0,0.0,0.0,0.0,0.0,0.0,0.0,0.0,
-0.000558,-0.976082,0.001183,-0.0,-1.570796,0.0,-0.010252,0.00206,0.039878,0.0,0.0,0.0,-0.122607,0.038508,0.109094,0.155938,-0.081937,-0.034124,-0.119584,-0.041013,-0.105374,0.152467,-0.080163,0.036622,0.0,0.0,0.0,0.0,0.0,0.0,0.0,0.0,
-0.000569,-0.97608,0.001223,-0.0,-1.570796,0.0,-0.010252,0.00206,0.03988,0.0,0.0,0.0,-0.122714,0.038469,0.109188,0.156043,-0.081981,-0.034076,-0.11961,-0.041062,-0.105393,0.152489,-0.080163,0.036669,0.0,0.0,0.0,0.0,0.0,0.0,0.0,0.0,
-0.000579,-0.976078,0.001263,-0.0,-1.570796,0.0,-0.010252,0.00206,0.039877,0.0,0.0,0.0,-0.122822,0.03843,0.109281,0.156147,-0.082025,-0.034029,-0.119636,-0.041111,-0.105411,0.152511,-0.080163,0.036717,0.0,0.0,0.0,0.0,0.0,0.0,0.0,0.0,
-0.000589,-0.976076,0.001303,-0.0,-1.570796,0.0,-0.010252,0.00206,0.039878,0.0,0.0,0.0,-0.122929,0.038391,0.109375,0.156252,-0.082069,-0.033981,-0.119662,-0.04116,-0.105429,0.152533,-0.080163,0.036765,0.0,0.0,0.0,0.0,0.0,0.0,0.0,0.0,
-0.000599,-0.976074,0.001342,-0.0,-1.570796,0.0,-0.010252,0.00206,0.039878,0.0,0.0,0.0,-0.123037,0.038352,0.109468,0.156357,-0.082113,-0.033933,-0.119688,-0.041209,-0.105448,0.152555,-0.080163,0.036812,0.0,0.0,0.0,0.0,0.0,0.0,0.0,0.0,
-0.00061,-0.976071,0.001382,-0.0,-1.570796,0.0,-0.010252,0.00206,0.039878,0.0,0.0,0.0,-0.123144,0.038313,0.109562,0.156461,-0.082157,-0.033886,-0.119715,-0.041258,-0.105466,0.152577,-0.080163,0.03686,0.0,0.0,0.0,0.0,0.0,0.0,0.0,0.0,
-0.00062,-0.976069,0.001422,-0.0,-1.570796,0.0,-0.010252,0.001984,0.039877,0.0,0.0,0.0,-0.123252,0.038275,0.109655,0.156566,-0.082201,-0.033838,-0.119741,-0.041307,-0.105484,0.152599,-0.080163,0.036908,0.0,0.0,0.0,0.0,0.0,0.0,0.0,0.0,
-0.00063,-0.976067,0.001462,-0.0,-1.570796,0.0,-0.010252,0.00206,0.039878,0.0,0.0,0.0,-0.123359,0.038236,0.109749,0.156671,-0.082245,-0.03379,-0.119767,-0.041356,-0.105503,0.152621,-0.080163,0.036955,0.0,0.0,0.0,0.0,0.0,0.0,0.0,0.0,
-0.00064,-0.976065,0.001502,-0.0,-1.570796,0.0,-0.010252,0.00206,0.03988,0.0,0.0,0.0,-0.123467,0.038197,0.109843,0.156775,-0.082289,-0.033743,-0.119793,-0.041405,-0.105521,0.152643,-0.080163,0.037003,0.0,0.0,0.0,0.0,0.0,0.0,0.0,0.0,
-0.000651,-0.976063,0.001542,-0.0,-1.570796,0.0,-0.010252,0.00206,0.039877,0.0,0.0,0.0,-0.123574,0.038158,0.109936,0.15688,-0.082333,-0.033695,-0.11982,-0.041454,-0.105539,0.152665,-0.080163,0.03705,0.0,0.0,0.0,0.0,0.0,0.0,0.0,0.0,
-0.000661,-0.976061,0.001582,-0.0,-1.570796,0.0,-0.010252,0.00206,0.039878,0.0,0.0,0.0,-0.123682,0.038119,0.11003,0.156985,-0.082377,-0.033648,-0.119846,-0.041503,-0.105558,0.152687,-0.080163,0.037098,0.0,0.0,0.0,0.0,0.0,0.0,0.0,0.0,
-0.000671,-0.976059,0.001622,-0.0,-1.570796,0.0,-0.010252,0.00206,0.039878,0.0,0.0,0.0,-0.123789,0.03808,0.110123,0.15709,-0.082421,-0.0336,-0.119872,-0.041552,-0.105576,0.152709,-0.080163,0.037146,0.0,0.0,0.0,0.0,0.0,0.0,0.0,0.0,
-0.000681,-0.976057,0.001661,-0.0,-1.570796,0.0,-0.010252,0.00206,0.039878,0.0,0.0,0.0,-0.123897,0.038042,0.110217,0.157194,-0.082465,-0.033552,-0.119898,-0.041601,-0.105594,0.152731,-0.080163,0.037193,0.0,0.0,0.0,0.0,0.0,0.0,0.0,0.0,
-0.000692,-0.976055,0.001701,-0.0,-1.570796,0.0,-0.010252,0.00206,0.039879,0.0,0.0,0.0,-0.124004,0.038003,0.11031,0.157299,-0.082509,-0.033505,-0.119925,-0.04165,-0.105613,0.152753,-0.080163,0.037241,0.0,0.0,0.0,0.0,0.0,0.0,0.0,0.0,
-0.000702,-0.976053,0.001741,-0.0,-1.570796,0.0,-0.010252,0.001984,0.039878,0.0,0.0,0.0,-0.124112,0.037964,0.110404,0.157404,-0.082553,-0.033457,-0.119951,-0.0417,-0.105631,0.152775,-0.080163,0.037288,0.0,0.0,0.0,0.0,0.0,0.0,0.0,0.0,
-0.000712,-0.976051,0.001781,-0.0,-1.570796,0.0,-0.010252,0.00206,0.039878,0.0,0.0,0.0,-0.124219,0.037925,0.110497,0.157508,-0.082597,-0.03341,-0.119977,-0.041749,-0.105649,0.152797,-0.080163,0.037336,0.0,0.0,0.0,0.0,0.0,0.0,0.0,0.0,
-0.000722,-0.976049,0.001821,-0.0,-1.570796,0.0,-0.010252,0.00206,0.039878,0.0,0.0,0.0,-0.124327,0.037886,0.110591,0.157613,-0.082641,-0.033362,-0.120003,-0.041798,-0.105668,0.152819,-0.080163,0.037384,0.0,0.0,0.0,0.0,0.0,0.0,0.0,0.0,
-0.000733,-0.976047,0.001861,-0.0,-1.570796,0.0,-0.010252,0.00206,0.039877,0.0,0.0,0.0,-0.124434,0.037847,0.110684,0.157718,-0.082685,-0.033314,-0.12003,-0.041847,-0.105686,0.152841,-0.080163,0.037431,0.0,0.0,0.0,0.0,0.0,0.0,0.0,0.0,
-0.000743,-0.976045,0.001901,-0.0,-1.570796,0.0,-0.010252,0.00206,0.039878,0.0,0.0,0.0,-0.124542,0.037808,0.110778,0.157822,-0.082729,-0.033267,-0.120056,-0.041896,-0.105704,0.152863,-0.080163,0.037479,0.0,0.0,0.0,0.0,0.0,0.0,0.0,0.0,
-0.000753,-0.976041,0.001964,-0.0,-1.570796,0.0,-0.010251,0.003815,0.063337,0.0,0.0,0.0,-0.124707,0.037745,0.110919,0.157993,-0.082808,-0.033192,-0.120095,-0.041973,-0.10573,0.152906,-0.080172,0.037554,0.0,0.0,0.0,0.0,0.0,0.0,0.0,0.0,
-0.000763,-0.976037,0.002027,-0.0,-1.570796,0.0,-0.010251,0.003815,0.063346,0.0,0.0,0.0,-0.124873,0.037682,0.11106,0.158164,-0.082886,-0.033117,-0.120135,-0.042051,-0.105756,0.152948,-0.080181,0.037629,0.0,0.0,0.0,0.0,0.0,0.0,0.0,0.0,
-0.000774,-0.976033,0.002091,-0.0,-1.570796,0.0,-0.010251,0.003815,0.063346,0.0,0.0,0.0,-0.125039,0.037618,0.111201,0.158335,-0.082965,-0.033041,-0.120174,-0.042128,-0.105781,0.15299,-0.080191,0.037704,0.0,0.0,0.0,0.0,0.0,0.0,0.0,0.0,
-0.000784,-0.97603,0.002154,-0.0,-1.570796,0.0,-0.010251,0.003815,0.063346,0.0,0.0,0.0,-0.125205,0.037555,0.111343,0.158506,-0.083044,-0.032966,-0.120213,-0.042206,-0.105807,0.153032,-0.0802,0.037779,0.0,0.0,0.0,0.0,0.0,0.0,0.0,0.0,
-0.000794,-0.976026,0.002217,-0.0,-1.570796,0.0,-0.010251,0.003815,0.063346,0.0,0.0,0.0,-0.12537,0.037491,0.111484,0.158677,-0.083123,-0.032891,-0.120253,-0.042284,-0.105833,0.153075,-0.080209,0.037854,0.0,0.0,0.0,0.0,0.0,0.0,0.0,0.0,
-0.000804,-0.976022,0.002281,-0.0,-1.570796,0.0,-0.01025,0.003815,0.063344,0.0,0.0,0.0,-0.125536,0.037428,0.111625,0.158847,-0.083202,-0.032816,-0.120292,-0.042361,-0.105858,0.153117,-0.080218,0.037929,0.0,0.0,0.0,0.0,0.0,0.0,0.0,0.0,
-0.000815,-0.976018,0.002344,-0.0,-1.570796,0.0,-0.010251,0.003815,0.063346,0.0,0.0,0.0,-0.125702,0.037365,0.111766,0.159018,-0.08328,-0.032741,-0.120331,-0.042439,-0.105884,0.153159,-0.080227,0.038005,0.0,0.0,0.0,0.0,0.0,0.0,0.0,0.0,
-0.000825,-0.976014,0.002408,-0.0,-1.570796,0.0,-0.010251,0.003815,0.063346,0.0,0.0,0.0,-0.125868,0.037301,0.111907,0.159189,-0.083359,-0.032666,-0.120371,-0.042516,-0.10591,0.153201,-0.080236,0.03808,0.0,0.0,0.0,0.0,0.0,0.0,0.0,0.0,
-0.000835,-0.976011,0.002471,-0.0,-1.570796,0.0,-0.010251,0.003815,0.063346,0.0,0.0,0.0,-0.126034,0.037238,0.112049,0.15936,-0.083438,-0.032591,-0.12041,-0.042594,-0.105935,0.153244,-0.080246,0.038155,0.0,0.0,0.0,0.0,0.0,0.0,0.0,0.0,
-0.000845,-0.976007,0.002534,-0.0,-1.570796,0.0,-0.010251,0.003815,0.063346,0.0,0.0,0.0,-0.126199,0.037175,0.11219,0.159531,-0.083517,-0.032516,-0.12045,-0.042671,-0.105961,0.153286,-0.080255,0.03823,0.0,0.0,0.0,0.0,0.0,0.0,0.0,0.0,
-0.000856,-0.976003,0.002598,-0.0,-1.570796,0.0,-0.010251,0.003815,0.063346,0.0,0.0,0.0,-0.126365,0.037111,0.112331,0.159702,-0.083596,-0.032441,-0.120489,-0.042749,-0.105987,0.153328,-0.080264,0.038305,0.0,0.0,0.0,0.0,0.0,0.0,0.0,0.0,
-0.000866,-0.975999,0.002661,-0.0,-1.570796,0.0,-0.010251,0.003815,0.063346,0.0,0.0,0.0,-0.126531,0.037048,0.112472,0.159872,-0.083674,-0.032366,-0.120528,-0.042827,-0.106012,0.15337,-0.080273,0.03838,0.0,0.0,0.0,0.0,0.0,0.0,0.0,0.0,
-0.000876,-0.975995,0.002724,-0.0,-1.570796,0.0,-0.01025,0.003815,0.063344,0.0,0.0,0.0,-0.126697,0.036984,0.112614,0.160043,-0.083753,-0.032291,-0.120568,-0.042904,-0.106038,0.153413,-0.080282,0.038455,0.0,0.0,0.0,0.0,0.0,0.0,0.0,0.0,
-0.000886,-0.975991,0.002788,-0.0,-1.570796,0.0,-0.010251,0.003815,0.063346,0.0,0.0,0.0,-0.126862,0.036921,0.112755,0.160214,-0.083832,-0.032216,-0.120607,-0.042982,-0.106064,0.153455,-0.080291,0.03853,0.0,0.0,0.0,0.0,0.0,0.0,0.0,0.0,
-0.000897,-0.975988,0.002851,-0.0,-1.570796,0.0,-0.010251,0.003815,0.063346,0.0,0.0,0.0,-0.127028,0.036857,0.112896,0.160385,-0.083911,-0.03214,-0.120647,-0.043059,-0.106089,0.153497,-0.0803,0.038605,0.0,0.0,0.0,0.0,0.0,0.0,0.0,0.0,
-0.000907,-0.975984,0.002914,-0.0,-1.570796,0.0,-0.010251,0.003815,0.063346,0.0,0.0,0.0,-0.127194,0.036794,0.113037,0.160556,-0.08399,-0.032065,-0.120686,-0.043137,-0.106115,0.153539,-0.08031,0.03868,0.0,0.0,0.0,0.0,0.0,0.0,0.0,0.0,
-0.000917,-0.97598,0.002978,-0.0,-1.570796,0.0,-0.010251,0.003815,0.063346,0.0,0.0,0.0,-0.12736,0.036731,0.113178,0.160727,-0.084068,-0.03199,-0.120725,-0.043215,-0.106141,0.153581,-0.080319,0.038755,0.0,0.0,0.0,0.0,0.0,0.0,0.0,0.0,
-0.000927,-0.975976,0.003041,-0.0,-1.570796,0.0,-0.010251,0.003815,0.063346,0.0,0.0,0.0,-0.127526,0.036667,0.11332,0.160897,-0.084147,-0.031915,-0.120765,-0.043292,-0.106166,0.153624,-0.080328,0.03883,0.0,0.0,0.0,0.0,0.0,0.0,0.0,0.0,
-0.000938,-0.975972,0.003104,-0.0,-1.570796,0.0,-0.010251,0.003815,0.063346,0.0,0.0,0.0,-0.127691,0.036604,0.113461,0.161068,-0.084226,-0.03184,-0.120804,-0.04337,-0.106192,0.153666,-0.080337,0.038906,0.0,0.0,0.0,0.0,0.0,0.0,0.0,0.0,
-0.000948,-0.975969,0.003168,-0.0,-1.570796,0.0,-0.010251,0.003815,0.063346,0.0,0.0,0.0,-0.127857,0.036541,0.113602,0.161239,-0.084305,-0.031765,-0.120843,-0.043447,-0.106218,0.153708,-0.080346,0.038981,0.0,0.0,0.0,0.0,0.0,0.0,0.0,0.0,
-0.000958,-0.975965,0.003231,-0.0,-1.570796,0.0,-0.01025,0.003815,0.063344,0.0,0.0,0.0,-0.128023,0.036477,0.113743,0.16141,-0.084384,-0.03169,-0.120883,-0.043525,-0.106243,0.15375,-0.080355,0.039056,0.0,0.0,0.0,0.0,0.0,0.0,0.0,0.0,
-0.000968,-0.975961,0.003294,-0.0,-1.570796,0.0,-0.010251,0.003815,0.063348,0.0,0.0,0.0,-0.128189,0.036414,0.113885,0.161581,-0.084462,-0.031615,-0.120922,-0.043603,-0.106269,0.153793,-0.080365,0.039131,0.0,0.0,0.0,0.0,0.0,0.0,0.0,0.0,
-0.000979,-0.975957,0.003358,-0.0,-1.570796,0.0,-0.010251,0.003815,0.063346,0.0,0.0,0.0,-0.128354,0.03635,0.114026,0.161752,-0.084541,-0.03154,-0.120962,-0.04368,-0.106295,0.153835,-0.080374,0.039206,0.0,0.0,0.0,0.0,0.0,0.0,0.0,0.0,
-0.000989,-0.975953,0.003421,-0.0,-1.570796,0.0,-0.01025,0.003738,0.063344,0.0,0.0,0.0,-0.12852,0.036287,0.114167,0.161923,-0.08462,-0.031465,-0.121001,-0.043758,-0.10632,0.153877,-0.080383,0.039281,0.0,0.0,0.0,0.0,0.0,0.0,0.0,0.0,
-0.000999,-0.97595,0.003484,-0.0,-1.570796,0.0,-0.010251,0.003815,0.063346,0.0,0.0,0.0,-0.128686,0.036224,0.114308,0.162093,-0.084699,-0.03139,-0.12104,-0.043835,-0.106346,0.153919,-0.080392,0.039356,0.0,0.0,0.0,0.0,0.0,0.0,0.0,0.0,
-0.001009,-0.975946,0.003548,-0.0,-1.570796,0.0,-0.010251,0.003815,0.063346,0.0,0.0,0.0,-0.128852,0.03616,0.114449,0.162264,-0.084778,-0.031315,-0.12108,-0.043913,-0.106372,0.153962,-0.080401,0.039431,0.0,0.0,0.0,0.0,0.0,0.0,0.0,0.0,
-0.00102,-0.975942,0.003611,-0.0,-1.570796,0.0,-0.010251,0.003815,0.063346,0.0,0.0,0.0,-0.129018,0.036097,0.114591,0.162435,-0.084856,-0.031239,-0.121119,-0.043991,-0.106397,0.154004,-0.08041,0.039506,0.0,0.0,0.0,0.0,0.0,0.0,0.0,0.0,
-0.00103,-0.975938,0.003674,-0.0,-1.570796,0.0,-0.01025,0.003815,0.063344,0.0,0.0,0.0,-0.129183,0.036033,0.114732,0.162606,-0.084935,-0.031164,-0.121159,-0.044068,-0.106423,0.154046,-0.08042,0.039581,0.0,0.0,0.0,0.0,0.0,0.0,0.0,0.0,
-0.00104,-0.975934,0.003738,-0.0,-1.570796,0.0,-0.010251,0.003815,0.063348,0.0,0.0,0.0,-0.129349,0.03597,0.114873,0.162777,-0.085014,-0.031089,-0.121198,-0.044146,-0.106449,0.154088,-0.080429,0.039656,0.0,0.0,0.0,0.0,0.0,0.0,0.0,0.0,
-0.00105,-0.97593,0.003801,-0.0,-1.570796,0.0,-0.010251,0.003815,0.063346,0.0,0.0,0.0,-0.129515,0.035907,0.115014,0.162948,-0.085093,-0.031014,-0.121237,-0.044223,-0.106474,0.154131,-0.080438,0.039732,0.0,0.0,0.0,0.0,0.0,0.0,0.0,0.0,
-0.001061,-0.975927,0.003864,-0.0,-1.570796,0.0,-0.01025,0.003815,0.063344,0.0,0.0,0.0,-0.129681,0.035843,0.115156,0.163118,-0.085172,-0.030939,-0.121277,-0.044301,-0.1065,0.154173,-0.080447,0.039807,0.0,0.0,0.0,0.0,0.0,0.0,0.0,0.0,
-0.001071,-0.975923,0.003928,-0.0,-1.570796,0.0,-0.010251,0.003815,0.063346,0.0,0.0,0.0,-0.129847,0.03578,0.115297,0.163289,-0.085251,-0.030864,-0.121316,-0.044379,-0.106526,0.154215,-0.080456,0.039882,0.0,0.0,0.0,0.0,0.0,0.0,0.0,0.0,
-0.001081,-0.975919,0.003991,-0.0,-1.570796,0.0,-0.010251,0.003815,0.063346,0.0,0.0,0.0,-0.130012,0.035716,0.115438,0.16346,-0.085329,-0.030789,-0.121356,-0.044456,-0.106551,0.154257,-0.080465,0.039957,0.0,0.0,0.0,0.0,0.0,0.0,0.0,0.0,
-0.001091,-0.975914,0.004067,-0.0,-1.570796,0.0,-0.01025,0.005112,0.075376,0.0,0.0,0.0,-0.13021,0.035641,0.115607,0.163669,-0.085426,-0.0307,-0.121407,-0.044549,-0.106584,0.154318,-0.080484,0.040045,0.0,0.0,0.0,0.0,0.0,0.0,0.0,0.0,
-0.001102,-0.975908,0.004148,-0.0,-1.570796,0.0,-0.010249,0.005646,0.081412,0.0,0.0,0.0,-0.130423,0.035559,0.115791,0.163897,-0.085533,-0.030605,-0.121466,-0.044649,-0.106621,0.154388,-0.080508,0.040141,0.0,0.0,0.0,0.0,0.0,0.0,0.0,0.0,
-0.001112,-0.975903,0.004229,-0.0,-1.570796,0.0,-0.010249,0.005646,0.081412,0.0,0.0,0.0,-0.130637,0.035477,0.115974,0.164125,-0.085639,-0.03051,-0.121524,-0.044749,-0.106658,0.154457,-0.080532,0.040236,0.0,0.0,0.0,0.0,0.0,0.0,0.0,0.0,
-0.001122,-0.975897,0.004311,-0.0,-1.570796,0.0,-0.010249,0.005722,0.081412,0.0,0.0,0.0,-0.13085,0.035395,0.116158,0.164352,-0.085745,-0.030415,-0.121582,-0.044849,-0.106694,0.154527,-0.080556,0.040331,0.0,0.0,0.0,0.0,0.0,0.0,0.0,0.0,
-0.001132,-0.975891,0.004392,-0.0,-1.570796,0.0,-0.010249,0.005646,0.081409,0.0,0.0,0.0,-0.131064,0.035313,0.116341,0.16458,-0.085852,-0.03032,-0.121641,-0.044948,-0.106731,0.154597,-0.08058,0.040426,0.0,0.0,0.0,0.0,0.0,0.0,0.0,0.0,
-0.001143,-0.975886,0.004474,-0.0,-1.570796,0.0,-0.010249,0.005722,0.081412,0.0,0.0,0.0,-0.131277,0.035231,0.116524,0.164808,-0.085958,-0.030224,-0.121699,-0.045049,-0.106768,0.154667,-0.080603,0.040522,0.0,0.0,0.0,0.0,0.0,0.0,0.0,0.0,
-0.001153,-0.97588,0.004555,-0.0,-1.570796,0.0,-0.010249,0.005646,0.081412,0.0,0.0,0.0,-0.13149,0.03515,0.116708,0.165036,-0.086064,-0.030129,-0.121757,-0.045149,-0.106804,0.154737,-0.080627,0.040617,0.0,0.0,0.0,0.0,0.0,0.0,0.0,0.0,
-0.001163,-0.975874,0.004636,-0.0,-1.570796,0.0,-0.010249,0.005722,0.081412,0.0,0.0,0.0,-0.131704,0.035068,0.116891,0.165264,-0.086171,-0.030034,-0.121815,-0.045249,-0.106841,0.154806,-0.080651,0.040712,0.0,0.0,0.0,0.0,0.0,0.0,0.0,0.0,
-0.001173,-0.975869,0.004718,-0.0,-1.570796,0.0,-0.010249,0.005646,0.081412,0.0,0.0,0.0,-0.131917,0.034986,0.117075,0.165492,-0.086277,-0.029939,-0.121874,-0.045348,-0.106878,0.154876,-0.080675,0.040807,0.0,0.0,0.0,0.0,0.0,0.0,0.0,0.0,
-0.001184,-0.975863,0.004799,-0.0,-1.570796,0.0,-0.010249,0.005646,0.081412,0.0,0.0,0.0,-0.132131,0.034904,0.117258,0.16572,-0.086383,-0.029843,-0.121932,-0.045448,-0.106914,0.154946,-0.080699,0.040902,0.0,0.0,0.0,0.0,0.0,0.0,0.0,0.0,
-0.001194,-0.975857,0.004881,-0.0,-1.570796,0.0,-0.010249,0.005722,0.081412,0.0,0.0,0.0,-0.132344,0.034822,0.117442,0.165947,-0.086489,-0.029748,-0.12199,-0.045548,-0.106951,0.155016,-0.080723,0.040998,0.0,0.0,0.0,0.0,0.0,0.0,0.0,0.0,
-0.001204,-0.975851,0.004962,-0.0,-1.570796,0.0,-0.010249,0.005646,0.081412,0.0,0.0,0.0,-0.132557,0.03474,0.117625,0.166175,-0.086596,-0.029653,-0.122048,-0.045648,-0.106988,0.155086,-0.080746,0.041093,0.0,0.0,0.0,0.0,0.0,0.0,0.0,0.0,
-0.001214,-0.975846,0.005043,-0.0,-1.570796,0.0,-0.010249,0.005722,0.081409,0.0,0.0,0.0,-0.132771,0.034658,0.117808,0.166403,-0.086702,-0.029558,-0.122107,-0.045748,-0.107025,0.155155,-0.08077,0.041188,0.0,0.0,0.0,0.0,0.0,0.0,0.0,0.0,
-0.001225,-0.97584,0.005125,-0.0,-1.570796,0.0,-0.010249,0.005646,0.081412,0.0,0.0,0.0,-0.132984,0.034577,0.117992,0.166631,-0.086808,-0.029463,-0.122165,-0.045848,-0.107061,0.155225,-0.080794,0.041283,0.0,0.0,0.0,0.0,0.0,0.0,0.0,0.0,
-0.001235,-0.975834,0.005206,-0.0,-1.570796,0.0,-0.01025,0.005722,0.081415,0.0,0.0,0.0,-0.133198,0.034495,0.118175,0.166859,-0.086915,-0.029367,-0.122223,-0.045948,-0.107098,0.155295,-0.080818,0.041379,0.0,0.0,0.0,0.0,0.0,0.0,0.0,0.0,
-0.001245,-0.975829,0.005288,-0.0,-1.570796,0.0,-0.010249,0.005646,0.081409,0.0,0.0,0.0,-0.133411,0.034413,0.118359,0.167087,-0.087021,-0.029272,-0.122282,-0.046048,-0.107135,0.155365,-0.080842,0.041474,0.0,0.0,0.0,0.0,0.0,0.0,0.0,0.0,
-0.001255,-0.975823,0.005369,-0.0,-1.570796,0.0,-0.010249,0.005646,0.081412,0.0,0.0,0.0,-0.133625,0.034331,0.118542,0.167315,-0.087127,-0.029177,-0.12234,-0.046148,-0.107171,0.155435,-0.080866,0.041569,0.0,0.0,0.0,0.0,0.0,0.0,0.0,0.0,
-0.001266,-0.975817,0.005451,-0.0,-1.570796,0.0,-0.010249,0.005722,0.081412,0.0,0.0,0.0,-0.133838,0.034249,0.118726,0.167542,-0.087234,-0.029082,-0.122398,-0.046248,-0.107208,0.155504,-0.080889,0.041664,0.0,0.0,0.0,0.0,0.0,0.0,0.0,0.0,
-0.001276,-0.975812,0.005532,-0.0,-1.570796,0.0,-0.010249,0.005646,0.081412,0.0,0.0,0.0,-0.134051,0.034167,0.118909,0.16777,-0.08734,-0.028986,-0.122456,-0.046348,-0.107245,0.155574,-0.080913,0.04176,0.0,0.0,0.0,0.0,0.0,0.0,0.0,0.0,
-0.001286,-0.975806,0.005613,-0.0,-1.570796,0.0,-0.010249,0.005722,0.081409,0.0,0.0,0.0,-0.134265,0.034085,0.119092,0.167998,-0.087446,-0.028891,-0.122515,-0.046448,-0.107281,0.155644,-0.080937,0.041855,0.0,0.0,0.0,0.0,0.0,0.0,0.0,0.0,
-0.001296,-0.9758,0.005695,-0.0,-1.570796,0.0,-0.010249,0.005646,0.081412,0.0,0.0,0.0,-0.134478,0.034004,0.119276,0.168226,-0.087553,-0.028796,-0.122573,-0.046548,-0.107318,0.155714,-0.080961,0.04195,0.0,0.0,0.0,0.0,0.0,0.0,0.0,0.0,
-0.001307,-0.975795,0.005776,-0.0,-1.570796,0.0,-0.01025,0.005722,0.081415,0.0,0.0,0.0,-0.134692,0.033922,0.119459,0.168454,-0.087659,-0.028701,-0.122631,-0.046648,-0.107355,0.155784,-0.080985,0.042045,0.0,0.0,0.0,0.0,0.0,0.0,0.0,0.0,
-0.001317,-0.975789,0.005858,-0.0,-1.570796,0.0,-0.010249,0.005646,0.081409,0.0,0.0,0.0,-0.134905,0.03384,0.119643,0.168682,-0.087765,-0.028605,-0.122689,-0.046748,-0.107391,0.155853,-0.081008,0.042141,0.0,0.0,0.0,0.0,0.0,0.0,0.0,0.0,
-0.001327,-0.975783,0.005939,-0.0,-1.570796,0.0,-0.010249,0.005646,0.081412,0.0,0.0,0.0,-0.135119,0.033758,0.119826,0.168909,-0.087871,-0.02851,-0.122748,-0.046848,-0.107428,0.155923,-0.081032,0.042236,0.0,0.0,0.0,0.0,0.0,0.0,0.0,0.0,
-0.001337,-0.975778,0.00602,-0.0,-1.570796,0.0,-0.010249,0.005722,0.081412,0.0,0.0,0.0,-0.135332,0.033676,0.12001,0.169137,-0.087978,-0.028415,-0.122806,-0.046948,-0.107465,0.155993,-0.081056,0.042331,0.0,0.0,0.0,0.0,0.0,0.0,0.0,0.0,
-0.001348,-0.975772,0.006102,-0.0,-1.570796,0.0,-0.010249,0.005646,0.081412,0.0,0.0,0.0,-0.135545,0.033594,0.120193,0.169365,-0.088084,-0.02832,-0.122864,-0.047048,-0.107501,0.156063,-0.08108,0.042426,0.0,0.0,0.0,0.0,0.0,0.0,0.0,0.0,
-0.001358,-0.975766,0.006183,-0.0,-1.570796,0.0,-0.010249,0.005722,0.081409,0.0,0.0,0.0,-0.135759,0.033512,0.120377,0.169593,-0.08819,-0.028225,-0.122922,-0.047148,-0.107538,0.156132,-0.081104,0.042521,0.0,0.0,0.0,0.0,0.0,0.0,0.0,0.0,
-0.001368,-0.975761,0.006265,-0.0,-1.570796,0.0,-0.01025,0.005646,0.081414,0.0,0.0,0.0,-0.135972,0.033431,0.12056,0.169821,-0.088297,-0.028129,-0.122981,-0.047248,-0.107575,0.156202,-0.081128,0.042617,0.0,0.0,0.0,0.0,0.0,0.0,0.0,0.0,
-0.001378,-0.975755,0.006346,-0.0,-1.570796,0.0,-0.010249,0.005722,0.081412,0.0,0.0,0.0,-0.136186,0.033349,0.120743,0.170049,-0.088403,-0.028034,-0.123039,-0.047348,-0.107611,0.156272,-0.081151,0.042712,0.0,0.0,0.0,0.0,0.0,0.0,0.0,0.0,
-0.001389,-0.975749,0.006427,-0.0,-1.570796,0.0,-0.010249,0.005646,0.081409,0.0,0.0,0.0,-0.136399,0.033267,0.120927,0.170277,-0.088509,-0.027939,-0.123097,-0.047448,-0.107648,0.156342,-0.081175,0.042807,0.0,0.0,0.0,0.0,0.0,0.0,0.0,0.0,
-0.001399,-0.975744,0.006509,-0.0,-1.570796,0.0,-0.010249,0.005646,0.081412,0.0,0.0,0.0,-0.136613,0.033185,0.12111,0.170504,-0.088616,-0.027844,-0.123156,-0.047548,-0.107685,0.156412,-0.081199,0.042902,0.0,0.0,0.0,0.0,0.0,0.0,0.0,0.0,
-0.001409,-0.975738,0.00659,-0.0,-1.570796,0.0,-0.010249,0.005722,0.081412,0.0,0.0,0.0,-0.136826,0.033103,0.121294,0.170732,-0.088722,-0.027748,-0.123214,-0.047648,-0.107721,0.156481,-0.081223,0.042998,0.0,0.0,0.0,0.0,0.0,0.0,0.0,0.0,
-0.001419,-0.975732,0.006672,-0.0,-1.570796,0.0,-0.010249,0.005646,0.081412,0.0,0.0,0.0,-0.137039,0.033021,0.121477,0.17096,-0.088828,-0.027653,-0.123272,-0.047748,-0.107758,0.156551,-0.081247,0.043093,0.0,0.0,0.0,0.0,0.0,0.0,0.0,0.0,
-0.00143,-0.975726,0.006758,-0.0,-1.570796,0.0,-0.010249,0.006409,0.086136,0.0,0.0,0.0,-0.137267,0.032936,0.121671,0.171204,-0.088944,-0.027552,-0.123338,-0.047854,-0.1078,0.156632,-0.081277,0.043194,0.000004,0.0,-0.000002,0.0,-0.000006,0.0,-0.000004,-0.000009,
-0.00144,-0.975718,0.006853,-0.0,-1.570796,0.0,-0.010249,0.007782,0.09565,0.0,0.0,0.0,-0.137523,0.032844,0.121888,0.17148,-0.089077,-0.027438,-0.123418,-0.047972,-0.107853,0.156735,-0.081321,0.043308,0.000015,0.0,-0.00001,0.0,-0.000024,0.0,-0.000015,-0.000034,
-0.00145,-0.97571,0.006949,-0.0,-1.570796,0.0,-0.010249,0.007782,0.095647,0.0,0.0,0.0,-0.137779,0.032752,0.122104,0.171755,-0.089211,-0.027325,-0.123499,-0.04809,-0.107907,0.156838,-0.081365,0.043421,0.000026,0.0,-0.000017,-0.0,-0.000043,0.0,-0.000026,-0.00006,
-0.00146,-0.975702,0.007045,-0.0,-1.570796,0.0,-0.010248,0.007782,0.095646,0.0,0.0,0.0,-0.138036,0.03266,0.122321,0.172031,-0.089345,-0.027211,-0.123579,-0.048209,-0.10796,0.156941,-0.081409,0.043535,0.000037,0.0,-0.000024,0.0,-0.000061,-0.0,-0.000037,-0.000085,
-0.001471,-0.975695,0.00714,-0.0,-1.570796,0.0,-0.010248,0.007706,0.095644,0.0,0.0,0.0,-0.138292,0.032568,0.122537,0.172307,-0.089479,-0.027098,-0.123659,-0.048327,-0.108013,0.157043,-0.081453,0.043648,0.000048,0.0,-0.000032,0.0,-0.000079,0.0,-0.000048,-0.000111,
-0.001481,-0.975687,0.007236,-0.0,-1.570796,0.0,-0.010248,0.007782,0.095647,0.0,0.0,0.0,-0.138548,0.032475,0.122754,0.172583,-0.089613,-0.026984,-0.12374,-0.048445,-0.108066,0.157146,-0.081497,0.043762,0.000059,0.0,-0.000039,0.0,-0.000098,-0.0,-0.000059,-0.000137,
-0.001491,-0.975679,0.007332,-0.0,-1.570796,0.0,-0.010249,0.007782,0.095647,0.0,0.0,0.0,-0.138804,0.032383,0.12297,0.172858,-0.089746,-0.026871,-0.12382,-0.048563,-0.108119,0.157249,-0.081541,0.043876,0.00007,0.0,-0.000046,0.0,-0.000116,-0.0,-0.00007,-0.000162,
-0.001501,-0.975671,0.007427,-0.0,-1.570796,0.0,-0.010248,0.007782,0.095646,0.0,0.0,0.0,-0.13906,0.032291,0.123187,0.173134,-0.08988,-0.026757,-0.123901,-0.048682,-0.108172,0.157352,-0.081585,0.043989,0.000081,-0.0,-0.000054,0.0,-0.000134,0.0,-0.000081,-0.000188,
-0.001512,-0.975664,0.007523,-0.0,-1.570796,0.0,-0.010248,0.007782,0.095647,0.0,0.0,0.0,-0.139316,0.032199,0.123403,0.17341,-0.090014,-0.026644,-0.123981,-0.0488,-0.108226,0.157455,-0.081629,0.044103,0.000092,0.0,-0.000061,0.0,-0.000153,0.0,-0.000092,-0.000214,
-0.001522,-0.975656,0.007619,-0.0,-1.570796,0.0,-0.010248,0.007782,0.095647,0.0,0.0,0.0,-0.139572,0.032107,0.12362,0.173685,-0.090148,-0.02653,-0.124061,-0.048918,-0.108279,0.157558,-0.081673,0.044216,0.000103,-0.0,-0.000068,0.0,-0.000171,0.0,-0.000103,-0.000239,
-0.001532,-0.975648,0.007714,-0.0,-1.570796,0.0,-0.010249,0.007782,0.095647,0.0,0.0,0.0,-0.139829,0.032015,0.123836,0.173961,-0.090282,-0.026417,-0.124142,-0.049036,-0.108332,0.157661,-0.081717,0.04433,0.000114,-0.0,-0.000076,0.0,-0.000189,0.0,-0.000114,-0.000265,
-0.001542,-0.97564,0.00781,-0.0,-1.570796,0.0,-0.010248,0.007782,0.095644,0.0,0.0,0.0,-0.140085,0.031922,0.124053,0.174237,-0.090415,-0.026303,-0.124222,-0.049155,-0.108385,0.157763,-0.081761,0.044443,0.000125,0.0,-0.000083,0.0,-0.000208,0.0,-0.000125,-0.000291,
-0.001553,-0.975633,0.007906,-0.0,-1.570796,0.0,-0.010248,0.007782,0.095646,0.0,0.0,0.0,-0.140341,0.03183,0.124269,0.174513,-0.090549,-0.026189,-0.124303,-0.049273,-0.108438,0.157866,-0.081805,0.044557,0.000135,-0.0,-0.00009,0.0,-0.000226,-0.0,-0.000135,-0.000316,
-0.001563,-0.975625,0.008001,-0.0,-1.570796,0.0,-0.010249,0.007782,0.095647,0.0,0.0,0.0,-0.140597,0.031738,0.124486,0.174788,-0.090683,-0.026076,-0.124383,-0.049391,-0.108492,0.157969,-0.081849,0.04467,0.000146,0.0,-0.000098,0.0,-0.000244,-0.0,-0.000146,-0.000342,
-0.001573,-0.975617,0.008097,-0.0,-1.570796,0.0,-0.010248,0.007782,0.095647,0.0,0.0,0.0,-0.140853,0.031646,0.124702,0.175064,-0.090817,-0.025962,-0.124463,-0.049509,-0.108545,0.158072,-0.081893,0.044784,0.000157,0.0,-0.000105,0.0,-0.000262,0.0,-0.000157,-0.000367,
-0.001583,-0.975609,0.008193,-0.0,-1.570796,0.0,-0.010248,0.007706,0.095647,0.0,0.0,0.0,-0.141109,0.031554,0.124919,0.17534,-0.090951,-0.025849,-0.124544,-0.049628,-0.108598,0.158175,-0.081937,0.044898,0.000168,0.0,-0.000112,0.0,-0.000281,0.0,-0.000168,-0.000393,
-0.001594,-0.975601,0.008288,-0.0,-1.570796,0.0,-0.010248,0.007782,0.095646,0.0,0.0,0.0,-0.141365,0.031462,0.125135,0.175616,-0.091085,-0.025735,-0.124624,-0.049746,-0.108651,0.158278,-0.081981,0.045011,0.000179,0.0,-0.00012,0.0,-0.000299,-0.0,-0.000179,-0.000419,
-0.001604,-0.975594,0.008384,-0.0,-1.570796,0.0,-0.010249,0.007782,0.095647,0.0,0.0,0.0,-0.141622,0.03137,0.125352,0.175891,-0.091218,-0.025622,-0.124705,-0.049864,-0.108704,0.158381,-0.082025,0.045125,0.00019,0.0,-0.000127,-0.0,-0.000317,0.0,-0.00019,-0.000444,
-0.001614,-0.975586,0.008479,-0.0,-1.570796,0.0,-0.010248,0.007782,0.095644,0.0,0.0,0.0,-0.141878,0.031277,0.125568,0.176167,-0.091352,-0.025508,-0.124785,-0.049982,-0.108757,0.158484,-0.082069,0.045238,0.000201,-0.0,-0.000134,0.0,-0.000336,0.0,-0.000201,-0.00047,
-0.001624,-0.975578,0.008575,-0.0,-1.570796,0.0,-0.010248,0.007782,0.095647,0.0,0.0,0.0,-0.142134,0.031185,0.125785,0.176443,-0.091486,-0.025395,-0.124865,-0.0501,-0.108811,0.158586,-0.082113,0.045352,0.000212,0.0,-0.000142,-0.0,-0.000354,0.0,-0.000212,-0.000496,
-0.001635,-0.97557,0.008671,-0.0,-1.570796,0.0,-0.010249,0.007782,0.09565,0.0,0.0,0.0,-0.14239,0.031093,0.126001,0.176718,-0.09162,-0.025281,-0.124946,-0.050219,-0.108864,0.158689,-0.082157,0.045465,0.000223,0.0,-0.000149,0.0,-0.000372,0.0,-0.000223,-0.000521,
-0.001645,-0.975563,0.008766,-0.0,-1.570796,0.0,-0.010248,0.007782,0.095643,0.0,0.0,0.0,-0.142646,0.031001,0.126218,0.176994,-0.091754,-0.025168,-0.125026,-0.050337,-0.108917,0.158792,-0.082201,0.045579,0.000234,0.0,-0.000156,0.0,-0.000391,-0.0,-0.000234,-0.000547,
-0.001655,-0.975555,0.008862,-0.0,-1.570796,0.0,-0.010248,0.007782,0.095647,0.0,0.0,0.0,-0.142902,0.030909,0.126434,0.17727,-0.091887,-0.025054,-0.125107,-0.050455,-0.10897,0.158895,-0.082245,0.045692,0.000245,0.0,-0.000164,-0.0,-0.000409,0.0,-0.000245,-0.000572,
-0.001665,-0.975547,0.008958,-0.0,-1.570796,0.0,-0.010248,0.007782,0.095647,0.0,0.0,0.0,-0.143159,0.030817,0.126651,0.177546,-0.092021,-0.024941,-0.125187,-0.050573,-0.109023,0.158998,-0.082289,0.045806,0.000256,0.0,-0.000171,0.0,-0.000427,0.0,-0.000256,-0.000598,
-0.001676,-0.975539,0.009053,-0.0,-1.570796,0.0,-0.010249,0.007782,0.095647,0.0,0.0,0.0,-0.143415,0.030724,0.126867,0.177821,-0.092155,-0.024827,-0.125268,-0.050692,-0.109076,0.159101,-0.082333,0.04592,0.000267,0.0,-0.000178,0.0,-0.000446,0.0,-0.000267,-0.000624,
-0.001686,-0.975531,0.009149,-0.0,-1.570796,0.0,-0.010248,0.007782,0.095643,0.0,0.0,0.0,-0.143671,0.030632,0.127084,0.178097,-0.092289,-0.024713,-0.125348,-0.05081,-0.10913,0.159204,-0.082377,0.046033,0.000278,0.0,-0.000186,0.0,-0.000464,-0.0,-0.000278,-0.000649,
-0.001696,-0.975524,0.009245,-0.0,-1.570796,0.0,-0.010248,0.007706,0.095647,0.0,0.0,0.0,-0.143927,0.03054,0.1273,0.178373,-0.092423,-0.0246,-0.125428,-0.050928,-0.109183,0.159306,-0.082421,0.046147,0.000289,0.0,-0.000193,-0.0,-0.000482,0.0,-0.000289,-0.000675,
-0.001706,-0.975516,0.00934,-0.0,-1.570796,0.0,-0.010249,0.007782,0.09565,0.0,0.0,0.0,-0.144183,0.030448,0.127517,0.178649,-0.092556,-0.024486,-0.125509,-0.051046,-0.109236,0.159409,-0.082465,0.04626,0.0003,0.0,-0.0002,0.0,-0.0005,0.0,-0.0003,-0.000701,
-0.001717,-0.975508,0.009436,-0.0,-1.570796,0.0,-0.010248,0.007782,0.095647,0.0,0.0,0.0,-0.144439,0.030356,0.127733,0.178924,-0.09269,-0.024373,-0.125589,-0.051165,-0.109289,0.159512,-0.082509,0.046374,0.000311,0.0,-0.000208,-0.0,-0.000519,0.0,-0.000311,-0.000726,
-0.001727,-0.9755,0.009532,-0.0,-1.570796,0.0,-0.010248,0.007782,0.095644,0.0,0.0,0.0,-0.144695,0.030264,0.12795,0.1792,-0.092824,-0.024259,-0.12567,-0.051283,-0.109342,0.159615,-0.082553,0.046487,0.000322,0.0,-0.000215,0.0,-0.000537,-0.0,-0.000322,-0.000752,
-0.001737,-0.975493,0.009627,-0.0,-1.570796,0.0,-0.010248,0.007782,0.095646,0.0,0.0,0.0,-0.144952,0.030172,0.128166,0.179476,-0.092958,-0.024146,-0.12575,-0.051401,-0.109396,0.159718,-0.082597,0.046601,0.000333,0.0,-0.000222,-0.0,-0.000555,-0.0,-0.000333,-0.000778,
-0.001747,-0.975485,0.009723,-0.0,-1.570796,0.0,-0.010249,0.007782,0.095647,0.0,0.0,0.0,-0.145208,0.030079,0.128383,0.179751,-0.093092,-0.024032,-0.12583,-0.051519,-0.109449,0.159821,-0.082641,0.046714,0.000344,0.0,-0.000229,0.0,-0.000574,0.0,-0.000344,-0.000803,
-0.001758,-0.975477,0.009819,-0.0,-1.570796,0.0,-0.010248,0.007782,0.095644,0.0,0.0,0.0,-0.145464,0.029987,0.128599,0.180027,-0.093225,-0.023919,-0.125911,-0.051637,-0.109502,0.159924,-0.082685,0.046828,0.000355,0.0,-0.000237,0.0,-0.000592,0.0,-0.000355,-0.000829,
-0.001768,-0.975469,0.009914,-0.0,-1.570796,0.0,-0.010249,0.007782,0.09565,0.0,0.0,0.0,-0.14572,0.029895,0.128816,0.180303,-0.093359,-0.023805,-0.125991,-0.051756,-0.109555,0.160026,-0.082729,0.046942,0.000366,-0.0,-0.000244,0.0,-0.00061,0.0,-0.000366,-0.000854,
-0.001778,-0.975459,0.010021,-0.0,-1.570796,0.0,-0.010248,0.010223,0.106773,0.0,0.0,0.0,-0.146014,0.029791,0.129063,0.180621,-0.093515,-0.023679,-0.126099,-0.05189,-0.109627,0.16017,-0.082793,0.047068,0.00056,0.0,-0.000372,0.0,-0.000934,0.0,-0.00056,-0.001306,
-0.001788,-0.975449,0.010128,-0.0,-1.570796,0.0,-0.010248,0.0103,0.106791,0.0,0.0,0.0,-0.146308,0.029686,0.129311,0.180939,-0.093671,-0.023553,-0.126206,-0.052025,-0.109698,0.160313,-0.082857,0.047194,0.000754,0.0,-0.0005,0.0,-0.001258,0.0,-0.000754,-0.001758,
-0.001798,-0.975439,0.010235,-0.0,-1.570796,0.0,-0.010247,0.010223,0.106788,0.0,0.0,0.0,-0.146602,0.029582,0.129559,0.181257,-0.093827,-0.023426,-0.126314,-0.052159,-0.10977,0.160456,-0.082921,0.047321,0.000948,0.0,-0.000628,0.0,-0.001582,0.0,-0.000948,-0.002211,
-0.001809,-0.975428,0.010341,-0.0,-1.570796,0.0,-0.010248,0.010223,0.106791,0.0,0.0,0.0,-0.146896,0.029477,0.129807,0.181575,-0.093983,-0.0233,-0.126421,-0.052293,-0.109841,0.1606,-0.082985,0.047447,0.001142,-0.0,-0.000757,0.0,-0.001906,0.0,-0.001142,-0.002663,
-0.001819,-0.975418,0.010448,-0.0,-1.570796,0.0,-0.010248,0.0103,0.106791,0.0,0.0,0.0,-0.14719,0.029373,0.130054,0.181894,-0.094138,-0.023173,-0.126529,-0.052428,-0.109913,0.160743,-0.083049,0.047573,0.001336,0.0,-0.000885,0.0,-0.00223,-0.0,-0.001336,-0.003115,
-0.001829,-0.975408,0.010555,-0.0,-1.570796,0.0,-0.010248,0.010223,0.106791,0.0,0.0,0.0,-0.147484,0.029268,0.130302,0.182212,-0.094294,-0.023047,-0.126636,-0.052562,-0.109984,0.160886,-0.083114,0.0477,0.00153,-0.0,-0.001013,0.0,-0.002554,0.0,-0.00153,-0.003567,
-0.001839,-0.975397,0.010662,-0.0,-1.570796,0.0,-0.010248,0.0103,0.106791,0.0,0.0,0.0,-0.147778,0.029163,0.13055,0.18253,-0.09445,-0.022921,-0.126744,-0.052697,-0.110056,0.161029,-0.083178,0.047826,0.001725,0.0,-0.001141,0.0,-0.002879,0.0,-0.001725,-0.00402,
-0.00185,-0.975387,0.010768,-0.0,-1.570796,0.0,-0.010248,0.010223,0.106791,0.0,0.0,0.0,-0.148072,0.029059,0.130798,0.182848,-0.094606,-0.022794,-0.126851,-0.052831,-0.110127,0.161173,-0.083242,0.047953,0.001919,0.0,-0.001269,0.0,-0.003203,0.0,-0.001919,-0.004472,
-0.00186,-0.975377,0.010875,-0.0,-1.570796,0.0,-0.010248,0.0103,0.106791,0.0,0.0,0.0,-0.148366,0.028954,0.131045,0.183166,-0.094762,-0.022668,-0.126959,-0.052965,-0.110199,0.161316,-0.083306,0.048079,0.002113,0.0,-0.001398,0.0,-0.003527,0.0,-0.002113,-0.004924,
-0.00187,-0.975367,0.010982,-0.0,-1.570796,0.0,-0.010247,0.010223,0.106788,0.0,0.0,0.0,-0.14866,0.02885,0.131293,0.183484,-0.094917,-0.022542,-0.127066,-0.0531,-0.11027,0.161459,-0.08337,0.048205,0.002307,-0.0,-0.001526,0.0,-0.003851,-0.0,-0.002307,-0.005377,
-0.00188,-0.975357,0.011089,-0.0,-1.570796,0.0,-0.010248,0.010223,0.106791,0.0,0.0,0.0,-0.148954,0.028745,0.131541,0.183802,-0.095073,-0.022415,-0.127174,-0.053234,-0.110342,0.161603,-0.083434,0.048332,0.002501,0.0,-0.001654,0.0,-0.004175,0.0,-0.002501,-0.005829,
-0.001891,-0.975346,0.011196,-0.0,-1.570796,0.0,-0.010248,0.0103,0.106791,0.0,0.0,0.0,-0.149248,0.028641,0.131789,0.184121,-0.095229,-0.022289,-0.127281,-0.053369,-0.110413,0.161746,-0.083498,0.048458,0.002695,0.0,-0.001782,0.0,-0.004499,-0.0,-0.002695,-0.006281,
-0.001901,-0.975336,0.011302,-0.0,-1.570796,0.0,-0.010248,0.010223,0.106791,0.0,0.0,0.0,-0.149542,0.028536,0.132036,0.184439,-0.095385,-0.022163,-0.127389,-0.053503,-0.110485,0.161889,-0.083563,0.048585,0.002889,0.0,-0.00191,0.0,-0.004823,0.0,-0.002889,-0.006733,
-0.001911,-0.975326,0.011409,-0.0,-1.570796,0.0,-0.010248,0.0103,0.106791,0.0,0.0,0.0,-0.149837,0.028432,0.132284,0.184757,-0.095541,-0.022036,-0.127496,-0.053637,-0.110556,0.162033,-0.083627,0.048711,0.003083,0.0,-0.002038,0.0,-0.005147,0.0,-0.003083,-0.007186,
-0.001921,-0.975315,0.011516,-0.0,-1.570796,0.0,-0.010248,0.010223,0.106791,0.0,0.0,0.0,-0.150131,0.028327,0.132532,0.185075,-0.095697,-0.02191,-0.127604,-0.053772,-0.110628,0.162176,-0.083691,0.048837,0.003277,-0.0,-0.002167,0.0,-0.005471,0.0,-0.003277,-0.007638,
-0.001932,-0.975305,0.011623,-0.0,-1.570796,0.0,-0.010248,0.0103,0.10679,0.0,0.0,0.0,-0.150425,0.028223,0.13278,0.185393,-0.095852,-0.021784,-0.127711,-0.053906,-0.110699,0.162319,-0.083755,0.048964,0.003471,0.0,-0.002295,0.0,-0.005796,0.0,-0.003471,-0.00809,
-0.001942,-0.975295,0.01173,-0.0,-1.570796,0.0,-0.010247,0.010223,0.106789,0.0,0.0,0.0,-0.150719,0.028118,0.133027,0.185711,-0.096008,-0.021657,-0.127819,-0.054041,-0.110771,0.162462,-0.083819,0.04909,0.003666,0.0,-0.002423,0.0,-0.00612,-0.0,-0.003666,-0.008543,
-0.001952,-0.975285,0.011836,-0.0,-1.570796,0.0,-0.010248,0.010223,0.106791,0.0,0.0,0.0,-0.151013,0.028014,0.133275,0.186029,-0.096164,-0.021531,-0.127926,-0.054175,-0.110842,0.162606,-0.083883,0.049216,0.00386,0.0,-0.002551,0.0,-0.006444,0.0,-0.00386,-0.008995,
-0.001962,-0.975274,0.011943,-0.0,-1.570796,0.0,-0.010248,0.0103,0.10679,0.0,0.0,0.0,-0.151307,0.027909,0.133523,0.186348,-0.09632,-0.021405,-0.128034,-0.054309,-0.110914,0.162749,-0.083947,0.049343,0.004054,0.0,-0.002679,0.0,-0.006768,0.0,-0.004054,-0.009447,
-0.001973,-0.975264,0.01205,-0.0,-1.570796,0.0,-0.010248,0.010223,0.106795,0.0,0.0,0.0,-0.151601,0.027805,0.133771,0.186666,-0.096476,-0.021278,-0.128141,-0.054444,-0.110986,0.162892,-0.084012,0.049469,0.004248,-0.0,-0.002807,0.0,-0.007092,0.0,-0.004248,-0.009899,
-0.001983,-0.975254,0.012157,-0.0,-1.570796,0.0,-0.010247,0.0103,0.106788,0.0,0.0,0.0,-0.151895,0.0277,0.134018,0.186984,-0.096632,-0.021152,-0.128249,-0.054578,-0.111057,0.163036,-0.084076,0.049596,0.004442,0.0,-0.002936,0.0,-0.007416,0.0,-0.004442,-0.010352,
-0.001993,-0.975244,0.012264,-0.0,-1.570796,0.0,-0.010248,0.010223,0.106791,0.0,0.0,0.0,-0.152189,0.027596,0.134266,0.187302,-0.096787,-0.021025,-0.128356,-0.054713,-0.111129,0.163179,-0.08414,0.049722,0.004636,-0.0,-0.003064,0.0,-0.00774,0.0,-0.004636,-0.010804,
-0.002003,-0.975233,0.01237,-0.0,-1.570796,0.0,-0.010248,0.0103,0.106791,0.0,0.0,0.0,-0.152483,0.027491,0.134514,0.18762,-0.096943,-0.020899,-0.128464,-0.054847,-0.1112,0.163322,-0.084204,0.049848,0.00483,0.0,-0.003192,0.0,-0.008064,0.0,-0.00483,-0.011256,
-0.002014,-0.975223,0.012477,-0.0,-1.570796,0.0,-0.010247,0.010223,0.106788,0.0,0.0,0.0,-0.152777,0.027386,0.134762,0.187938,-0.097099,-0.020773,-0.128571,-0.054981,-0.111272,0.163466,-0.084268,0.049975,0.005024,0.0,-0.00332,0.0,-0.008388,0.0,-0.005024,-0.011709,
-0.002024,-0.975213,0.012584,-0.0,-1.570796,0.0,-0.010248,0.010223,0.106791,0.0,0.0,0.0,-0.153071,0.027282,0.135009,0.188256,-0.097255,-0.020646,-0.128679,-0.055116,-0.111343,0.163609,-0.084332,0.050101,0.005218,0.0,-0.003448,0.0,-0.008712,0.0,-0.005218,-0.012161,
-0.002034,-0.975203,0.012691,-0.0,-1.570796,0.0,-0.010248,0.0103,0.106795,0.0,0.0,0.0,-0.153365,0.027177,0.135257,0.188575,-0.097411,-0.02052,-0.128786,-0.05525,-0.111415,0.163752,-0.084396,0.050228,0.005412,0.0,-0.003577,0.0,-0.009037,0.0,-0.005412,-0.012613,
-0.002044,-0.975192,0.012797,-0.0,-1.570796,0.0,-0.010248,0.010223,0.106791,0.0,0.0,0.0,-0.153659,0.027073,0.135505,0.188893,-0.097566,-0.020394,-0.128894,-0.055385,-0.111486,0.163895,-0.084461,0.050354,0.005606,0.0,-0.003705,0.0,-0.009361,0.0,-0.005606,-0.013065,
-0.002055,-0.975182,0.012904,-0.0,-1.570796,0.0,-0.010247,0.0103,0.106788,0.0,0.0,0.0,-0.153953,0.026968,0.135753,0.189211,-0.097722,-0.020267,-0.129001,-0.055519,-0.111558,0.164039,-0.084525,0.05048,0.005801,-0.0,-0.003833,0.0,-0.009685,0.0,-0.005801,-0.013518,
-0.002065,-0.975172,0.013011,-0.0,-1.570796,0.0,-0.010248,0.010223,0.106791,0.0,0.0,0.0,-0.154247,0.026864,0.136,0.189529,-0.097878,-0.020141,-0.129109,-0.055654,-0.111629,0.164182,-0.084589,0.050607,0.005995,0.0,-0.003961,0.0,-0.010009,0.0,-0.005995,-0.01397,
-0.002075,-0.975162,0.013118,-0.0,-1.570796,0.0,-0.010248,0.0103,0.106791,0.0,0.0,0.0,-0.154541,0.026759,0.136248,0.189847,-0.098034,-0.020015,-0.129216,-0.055788,-0.111701,0.164325,-0.084653,0.050733,0.006189,0.0,-0.004089,0.0,-0.010333,0.0,-0.006189,-0.014422,
-0.002085,-0.975151,0.013225,-0.0,-1.570796,0.0,-0.010248,0.010223,0.106791,0.0,0.0,0.0,-0.154835,0.026655,0.136496,0.190165,-0.09819,-0.019888,-0.129324,-0.055922,-0.111772,0.164469,-0.084717,0.050859,0.006383,0.0,-0.004217,0.0,-0.010657,0.0,-0.006383,-0.014875,
-0.002096,-0.975141,0.013331,-0.0,-1.570796,0.0,-0.010247,0.010223,0.106788,0.0,0.0,0.0,-0.155129,0.02655,0.136743,0.190484,-0.098346,-0.019762,-0.129431,-0.056057,-0.111844,0.164612,-0.084781,0.050986,0.006577,0.0,-0.004346,0.0,-0.010981,0.0,-0.006577,-0.015327,
-0.002106,-0.975131,0.013438,-0.0,-1.570796,0.0,-0.010248,0.0103,0.106795,0.0,0.0,0.0,-0.155423,0.026446,0.136991,0.190802,-0.098501,-0.019636,-0.129539,-0.056191,-0.111915,0.164755,-0.084845,0.051112,0.006771,0.0,-0.004474,0.0,-0.011305,0.0,-0.006771,-0.015779,
-0.002116,-0.975119,0.013549,-0.0,-1.570796,0.0,-0.010231,0.011826,0.110882,0.0,0.0,0.0,-0.155738,0.02634,0.137254,0.191142,-0.098669,-0.019504,-0.129666,-0.056331,-0.112,0.164927,-0.084924,0.051243,0.007129,0.0,-0.004713,0.0,-0.011903,0.0,-0.007129,-0.016617,
-0.002126,-0.975106,0.013662,-0.0,-1.570796,0.0,-0.010222,0.012589,0.11294,0.0,0.0,0.0,-0.156063,0.026233,0.137524,0.191493,-0.098844,-0.019371,-0.129803,-0.056473,-0.112092,0.165112,-0.08501,0.051377,0.007571,0.0,-0.005007,0.0,-0.012639,0.0,-0.007571,-0.01765,
-0.002137,-0.975094,0.013775,-0.0,-1.570796,0.0,-0.010222,0.012665,0.112945,0.0,0.0,0.0,-0.156389,0.026126,0.137793,0.191845,-0.099018,-0.019237,-0.12994,-0.056616,-0.112184,0.165298,-0.085096,0.051511,0.008012,0.0,-0.005302,0.0,-0.013375,0.0,-0.008012,-0.018683,
-0.002147,-0.975081,0.013888,-0.0,-1.570796,0.0,-0.010223,0.012589,0.112945,0.0,0.0,0.0,-0.156714,0.02602,0.138063,0.192196,-0.099192,-0.019103,-0.130077,-0.056758,-0.112275,0.165483,-0.085183,0.051645,0.008453,0.0,-0.005597,0.0,-0.014112,0.0,-0.008453,-0.019716,
-0.002157,-0.975069,0.014001,-0.0,-1.570796,0.0,-0.010222,0.012665,0.112945,0.0,0.0,0.0,-0.15704,0.025913,0.138333,0.192548,-0.099366,-0.01897,-0.130214,-0.0569,-0.112367,0.165669,-0.085269,0.051778,0.008895,0.0,-0.005892,0.0,-0.014848,0.0,-0.008895,-0.020749,
-0.002167,-0.975056,0.014114,-0.0,-1.570796,0.0,-0.010222,0.012589,0.112941,0.0,0.0,0.0,-0.157365,0.025807,0.138603,0.192899,-0.09954,-0.018836,-0.130351,-0.057043,-0.112459,0.165855,-0.085355,0.051912,0.009336,0.0,-0.006187,0.0,-0.015584,0.0,-0.009336,-0.021782,
-0.002177,-0.975043,0.014227,-0.0,-1.570796,0.0,-0.010223,0.012589,0.112945,0.0,0.0,0.0,-0.15769,0.0257,0.138873,0.193251,-0.099714,-0.018702,-0.130489,-0.057185,-0.11255,0.16604,-0.085441,0.052046,0.009777,0.0,-0.006482,0.0,-0.01632,0.0,-0.009777,-0.022814,
-0.002188,-0.975031,0.01434,-0.0,-1.570796,0.0,-0.010222,0.012665,0.112945,0.0,0.0,0.0,-0.158016,0.025593,0.139143,0.193602,-0.099889,-0.018569,-0.130626,-0.057328,-0.112642,0.166226,-0.085527,0.052179,0.010219,0.0,-0.006776,0.0,-0.017056,0.0,-0.010219,-0.023847,
-0.002198,-0.975018,0.014453,-0.0,-1.570796,0.0,-0.010223,0.012589,0.112949,0.0,0.0,0.0,-0.158341,0.025486,0.139412,0.193953,-0.100063,-0.018435,-0.130763,-0.05747,-0.112734,0.166411,-0.085613,0.052313,0.01066,0.0,-0.007071,0.0,-0.017792,0.0,-0.01066,-0.02488,
-0.002208,-0.975005,0.014566,-0.0,-1.570796,0.0,-0.010222,0.012665,0.112945,0.0,0.0,0.0,-0.158667,0.02538,0.139682,0.194305,-0.100237,-0.018301,-0.1309,-0.057612,-0.112826,0.166597,-0.085699,0.052447,0.011101,0.0,-0.007366,0.0,-0.018529,-0.0,-0.011101,-0.025913,
-0.002218,-0.974993,0.014679,-0.0,-1.570796,0.0,-0.010222,0.012589,0.112945,0.0,0.0,0.0,-0.158992,0.025273,0.139952,0.194656,-0.100411,-0.018168,-0.131037,-0.057755,-0.112917,0.166783,-0.085786,0.052581,0.011542,-0.0,-0.007661,0.0,-0.019265,-0.0,-0.011542,-0.026946,
-0.002229,-0.97498,0.014792,-0.0,-1.570796,0.0,-0.010223,0.012665,0.112945,0.0,0.0,0.0,-0.159317,0.025166,0.140222,0.195008,-0.100585,-0.018034,-0.131174,-0.057897,-0.113009,0.166968,-0.085872,0.052714,0.011984,0.0,-0.007956,0.0,-0.020001,0.0,-0.011984,-0.027979,
-0.002239,-0.974968,0.014904,-0.0,-1.570796,0.0,-0.010222,0.012589,0.11294,0.0,0.0,0.0,-0.159643,0.02506,0.140492,0.195359,-0.10076,-0.0179,-0.131311,-0.05804,-0.113101,0.167154,-0.085958,0.052848,0.012425,0.0,-0.00825,0.0,-0.020737,0.0,-0.012425,-0.029012,
-0.002249,-0.974955,0.015017,-0.0,-1.570796,0.0,-0.010222,0.012589,0.112945,0.0,0.0,0.0,-0.159968,0.024953,0.140762,0.195711,-0.100934,-0.017767,-0.131448,-0.058182,-0.113192,0.167339,-0.086044,0.052982,0.012866,0.0,-0.008545,0.0,-0.021473,-0.0,-0.012866,-0.030045,
-0.002259,-0.974942,0.01513,-0.0,-1.570796,0.0,-0.010223,0.012665,0.112945,0.0,0.0,0.0,-0.160293,0.024846,0.141032,0.196062,-0.101108,-0.017633,-0.131585,-0.058324,-0.113284,0.167525,-0.08613,0.053115,0.013308,0.0,-0.00884,0.0,-0.022209,-0.0,-0.013308,-0.031078,
-0.002269,-0.97493,0.015243,-0.0,-1.570796,0.0,-0.010222,0.012589,0.112941,0.0,0.0,0.0,-0.160619,0.02474,0.141301,0.196413,-0.101282,-0.017499,-0.131722,-0.058467,-0.113376,0.167711,-0.086216,0.053249,0.013749,-0.0,-0.009135,0.0,-0.022945,0.0,-0.013749,-0.032111,
-0.00228,-0.974917,0.015356,-0.0,-1.570796,0.0,-0.010222,0.012665,0.112945,0.0,0.0,0.0,-0.160944,0.024633,0.141571,0.196765,-0.101456,-0.017366,-0.131859,-0.058609,-0.113467,0.167896,-0.086302,0.053383,0.01419,0.0,-0.00943,0.0,-0.023682,-0.0,-0.01419,-0.033143,
-0.00229,-0.974904,0.015469,-0.0,-1.570796,0.0,-0.010223,0.012589,0.112945,0.0,0.0,0.0,-0.16127,0.024526,0.141841,0.197116,-0.10163,-0.017232,-0.131997,-0.058752,-0.113559,0.168082,-0.086389,0.053517,0.014632,-0.0,-0.009724,0.0,-0.024418,-0.0,-0.014632,-0.034176,
-0.0023,-0.974892,0.015582,-0.0,-1.570796,0.0,-0.010222,0.012589,0.112945,0.0,0.0,0.0,-0.161595,0.02442,0.142111,0.197468,-0.101805,-0.017098,-0.132134,-0.058894,-0.113651,0.168267,-0.086475,0.05365,0.015073,0.0,-0.010019,0.0,-0.025154,0.0,-0.015073,-0.035209,
-0.00231,-0.974879,0.015695,-0.0,-1.570796,0.0,-0.010222,0.012665,0.112945,0.0,0.0,0.0,-0.16192,0.024313,0.142381,0.197819,-0.101979,-0.016965,-0.132271,-0.059036,-0.113743,0.168453,-0.086561,0.053784,0.015514,0.0,-0.010314,0.0,-0.02589,0.0,-0.015514,-0.036242,
-0.002321,-0.974867,0.015808,-0.0,-1.570796,0.0,-0.010222,0.012589,0.112941,0.0,0.0,0.0,-0.162246,0.024206,0.142651,0.198171,-0.102153,-0.016831,-0.132408,-0.059179,-0.113834,0.168638,-0.086647,0.053918,0.015956,-0.0,-0.010609,0.0,-0.026626,-0.0,-0.015956,-0.037275,
-0.002331,-0.974854,0.015921,-0.0,-1.570796,0.0,-0.010222,0.012665,0.112945,0.0,0.0,0.0,-0.162571,0.0241,0.14292,0.198522,-0.102327,-0.016697,-0.132545,-0.059321,-0.113926,0.168824,-0.086733,0.054052,0.016397,0.0,-0.010904,0.0,-0.027362,0.0,-0.016397,-0.038308,
-0.002341,-0.974841,0.016034,-0.0,-1.570796,0.0,-0.010223,0.012589,0.112949,0.0,0.0,0.0,-0.162897,0.023993,0.14319,0.198874,-0.102501,-0.016564,-0.132682,-0.059464,-0.114018,0.16901,-0.086819,0.054185,0.016838,0.0,-0.011198,0.0,-0.028099,-0.0,-0.016838,-0.039341,
-0.002351,-0.974829,0.016147,-0.0,-1.570796,0.0,-0.010222,0.012665,0.112945,0.0,0.0,0.0,-0.163222,0.023886,0.14346,0.199225,-0.102675,-0.01643,-0.132819,-0.059606,-0.114109,0.169195,-0.086905,0.054319,0.017279,0.0,-0.011493,0.0,-0.028835,-0.0,-0.017279,-0.040374,
-0.002361,-0.974816,0.01626,-0.0,-1.570796,0.0,-0.010222,0.012589,0.112944,0.0,0.0,0.0,-0.163547,0.02378,0.14373,0.199576,-0.10285,-0.016296,-0.132956,-0.059748,-0.114201,0.169381,-0.086992,0.054453,0.017721,0.0,-0.011788,0.0,-0.029571,-0.0,-0.017721,-0.041407,
-0.002372,-0.974804,0.016373,-0.0,-1.570796,0.0,-0.010223,0.012589,0.112945,0.0,0.0,0.0,-0.163873,0.023673,0.144,0.199928,-0.103024,-0.016162,-0.133093,-0.059891,-0.114293,0.169566,-0.087078,0.054586,0.018162,-0.0,-0.012083,0.0,-0.030307,-0.0,-0.018162,-0.04244,
-0.002382,-0.974791,0.016486,-0.0,-1.570796,0.0,-0.010222,0.012665,0.112941,0.0,0.0,0.0,-0.164198,0.023566,0.14427,0.200279,-0.103198,-0.016029,-0.13323,-0.060033,-0.114384,0.169752,-0.087164,0.05472,0.018603,0.0,-0.012378,0.0,-0.031043,0.0,-0.018603,-0.043472,
-0.002392,-0.974778,0.016599,-0.0,-1.570796,0.0,-0.010222,0.012589,0.112945,0.0,0.0,0.0,-0.164523,0.02346,0.14454,0.200631,-0.103372,-0.015895,-0.133367,-0.060175,-0.114476,0.169938,-0.08725,0.054854,0.019045,0.0,-0.012672,0.0,-0.031779,0.0,-0.019045,-0.044505,
-0.002402,-0.974766,0.016712,-0.0,-1.570796,0.0,-0.010223,0.012665,0.112945,0.0,0.0,0.0,-0.164849,0.023353,0.144809,0.200982,-0.103546,-0.015761,-0.133504,-0.060318,-0.114568,0.170123,-0.087336,0.054988,0.019486,-0.0,-0.012967,0.0,-0.032516,-0.0,-0.019486,-0.045538,
-0.002413,-0.974753,0.016825,-0.0,-1.570796,0.0,-0.010222,0.012589,0.112945,0.0,0.0,0.0,-0.165174,0.023246,0.145079,0.201334,-0.103721,-0.015628,-0.133642,-0.06046,-0.11466,0.170309,-0.087422,0.055121,0.019927,0.0,-0.013262,0.0,-0.033252,0.0,-0.019927,-0.046571,
-0.002423,-0.97474,0.016937,-0.0,-1.570796,0.0,-0.010222,0.012589,0.112941,0.0,0.0,0.0,-0.1655,0.02314,0.145349,0.201685,-0.103895,-0.015494,-0.133779,-0.060603,-0.114751,0.170494,-0.087508,0.055255,0.020369,0.0,-0.013557,0.0,-0.033988,0.0,-0.020369,-0.047604,
-0.002433,-0.974728,0.01705,-0.0,-1.570796,0.0,-0.010223,0.012665,0.112945,0.0,0.0,0.0,-0.165825,0.023033,0.145619,0.202037,-0.104069,-0.01536,-0.133916,-0.060745,-0.114843,0.17068,-0.087595,0.055389,0.02081,0.0,-0.013852,0.0,-0.034724,0.0,-0.02081,-0.048637,
-0.002443,-0.974715,0.017163,-0.0,-1.570796,0.0,-0.010222,0.012589,0.112945,0.0,0.0,0.0,-0.16615,0.022926,0.145889,0.202388,-0.104243,-0.015227,-0.134053,-0.060887,-0.114935,0.170866,-0.087681,0.055522,0.021251,0.0,-0.014147,0.0,-0.03546,0.0,-0.021251,-0.04967,
-0.002442,-0.974702,0.017277,-0.0,-1.570796,0.0,0.000902,0.013657,0.113959,0.0,0.0,0.0,-0.166751,0.022843,0.146346,0.203096,-0.104475,-0.015091,-0.134183,-0.061031,-0.115018,0.171071,-0.08779,0.055658,0.021773,0.0,-0.014495,0.0,-0.03633,0.0,-0.021773,-0.050888,
-0.002419,-0.974686,0.017393,-0.0,-1.570796,0.0,0.023408,0.015793,0.116017,0.0,0.0,0.0,-0.16791,0.022809,0.147182,0.204524,-0.104826,-0.014952,-0.134299,-0.061177,-0.115084,0.171315,-0.087948,0.055797,0.022458,0.0,-0.014951,0.0,-0.037469,-0.0,-0.022458,-0.052482,
-0.002396,-0.97467,0.017509,-0.0,-1.570796,0.0,0.023407,0.015793,0.116013,0.0,0.0,0.0,-0.169069,0.022774,0.148017,0.205952,-0.105176,-0.014813,-0.134414,-0.061324,-0.11515,0.17156,-0.088106,0.055936,0.023143,0.0,-0.015407,0.0,-0.038608,0.0,-0.023143,-0.054077,
-0.002372,-0.974654,0.017625,-0.0,-1.570796,0.0,0.023407,0.015793,0.116013,0.0,0.0,0.0,-0.170228,0.022739,0.148853,0.20738,-0.105526,-0.014674,-0.13453,-0.06147,-0.115216,0.171804,-0.088263,0.056076,0.023828,-0.0,-0.015863,0.0,-0.039748,-0.0,-0.023828,-0.055671,
-0.002349,-0.974638,0.017741,-0.0,-1.570796,0.0,0.023406,0.015793,0.11601,0.0,0.0,0.0,-0.171387,0.022704,0.149689,0.208808,-0.105877,-0.014535,-0.134646,-0.061616,-0.115282,0.172049,-0.088421,0.056215,0.024513,-0.0,-0.016319,0.0,-0.040887,-0.0,-0.024513,-0.057265,
-0.002325,-0.974623,0.017857,-0.0,-1.570796,0.0,0.023407,0.015793,0.116013,0.0,0.0,0.0,-0.172546,0.022669,0.150525,0.210237,-0.106227,-0.014395,-0.134762,-0.061763,-0.115348,0.172293,-0.088579,0.056354,0.025198,0.0,-0.016774,0.0,-0.042026,0.0,-0.025198,-0.058859,
-0.002302,-0.974607,0.017973,-0.0,-1.570796,0.0,0.023407,0.015793,0.116013,0.0,0.0,0.0,-0.173705,0.022634,0.151361,0.211665,-0.106577,-0.014256,-0.134877,-0.061909,-0.115414,0.172537,-0.088736,0.056493,0.025883,-0.0,-0.01723,0.0,-0.043166,-0.0,-0.025883,-0.060453,
-0.002279,-0.974591,0.018089,-0.0,-1.570796,0.0,0.023406,0.015793,0.11601,0.0,0.0,0.0,-0.174864,0.022599,0.152197,0.213093,-0.106927,-0.014117,-0.134993,-0.062055,-0.11548,0.172782,-0.088894,0.056632,0.026567,0.0,-0.017686,0.0,-0.044305,-0.0,-0.026567,-0.062048,
-0.002255,-0.974575,0.018205,-0.0,-1.570796,0.0,0.023407,0.015793,0.116012,0.0,0.0,0.0,-0.176023,0.022564,0.153032,0.214521,-0.107278,-0.013978,-0.135109,-0.062201,-0.115546,0.173026,-0.089052,0.056772,0.027252,0.0,-0.018142,0.0,-0.045445,0.0,-0.027252,-0.063642,
-0.002232,-0.974559,0.018321,-0.0,-1.570796,0.0,0.023407,0.015793,0.116013,0.0,0.0,0.0,-0.177182,0.022529,0.153868,0.21595,-0.107628,-0.013839,-0.135225,-0.062348,-0.115612,0.173271,-0.089209,0.056911,0.027937,0.0,-0.018598,0.0,-0.046584,-0.0,-0.027937,-0.065236,
-0.002208,-0.974544,0.018437,-0.0,-1.570796,0.0,0.023407,0.015793,0.116013,0.0,0.0,0.0,-0.178341,0.022495,0.154704,0.217378,-0.107978,-0.0137,-0.13534,-0.062494,-0.115678,0.173515,-0.089367,0.05705,0.028622,-0.0,-0.019054,0.0,-0.047723,-0.0,-0.028622,-0.06683,
-0.002185,-0.974528,0.018553,-0.0,-1.570796,0.0,0.023407,0.015717,0.116013,0.0,0.0,0.0,-0.1795,0.02246,0.15554,0.218806,-0.108328,-0.01356,-0.135456,-0.06264,-0.115744,0.17376,-0.089524,0.057189,0.029307,0.0,-0.01951,0.0,-0.048863,0.0,-0.029307,-0.068425,
-0.002161,-0.974512,0.018669,-0.0,-1.570796,0.0,0.023406,0.015793,0.11601,0.0,0.0,0.0,-0.180659,0.022425,0.156376,0.220235,-0.108679,-0.013421,-0.135572,-0.062787,-0.11581,0.174004,-0.089682,0.057329,0.029992,0.0,-0.019966,0.0,-0.050002,-0.0,-0.029992,-0.070019,
-0.002138,-0.974496,0.018785,-0.0,-1.570796,0.0,0.023407,0.015793,0.116013,0.0,0.0,0.0,-0.181818,0.02239,0.157211,0.221663,-0.109029,-0.013282,-0.135688,-0.062933,-0.115876,0.174249,-0.08984,0.057468,0.030677,-0.0,-0.020422,0.0,-0.051142,0.0,-0.030677,-0.071613,
-0.002115,-0.974481,0.018901,-0.0,-1.570796,0.0,0.023407,0.015793,0.116013,0.0,0.0,0.0,-0.182977,0.022355,0.158047,0.223091,-0.109379,-0.013143,-0.135803,-0.063079,-0.115942,0.174493,-0.089997,0.057607,0.031362,0.0,-0.020878,0.0,-0.052281,0.0,-0.031362,-0.073208,
-0.002091,-0.974465,0.019017,-0.0,-1.570796,0.0,0.023408,0.015793,0.116017,0.0,0.0,0.0,-0.184136,0.02232,0.158883,0.22452,-0.10973,-0.013004,-0.135919,-0.063225,-0.116008,0.174738,-0.090155,0.057746,0.032047,0.0,-0.021334,0.0,-0.05342,0.0,-0.032047,-0.074802,
-0.002068,-0.974449,0.019134,-0.0,-1.570796,0.0,0.023407,0.015793,0.116013,0.0,0.0,0.0,-0.185295,0.022285,0.159719,0.225948,-0.11008,-0.012865,-0.136035,-0.063372,-0.116074,0.174982,-0.090313,0.057885,0.032732,0.0,-0.02179,0.0,-0.05456,0.0,-0.032732,-0.076397,
-0.002044,-0.974433,0.01925,-0.0,-1.570796,0.0,0.023407,0.015793,0.116013,0.0,0.0,0.0,-0.186454,0.02225,0.160555,0.227376,-0.11043,-0.012725,-0.13615,-0.063518,-0.11614,0.175227,-0.09047,0.058025,0.033417,0.0,-0.022246,0.0,-0.055699,0.0,-0.033417,-0.077991,
-0.002021,-0.974417,0.019366,-0.0,-1.570796,0.0,0.023406,0.015793,0.11601,0.0,0.0,0.0,-0.187613,0.022215,0.161391,0.228805,-0.11078,-0.012586,-0.136266,-0.063664,-0.116206,0.175471,-0.090628,0.058164,0.034102,0.0,-0.022702,0.0,-0.056839,-0.0,-0.034102,-0.079585,
-0.001998,-0.974402,0.019482,-0.0,-1.570796,0.0,0.023407,0.015793,0.116013,0.0,0.0,0.0,-0.188772,0.02218,0.162227,0.230233,-0.111131,-0.012447,-0.136382,-0.063811,-0.116272,0.175716,-0.090786,0.058303,0.034787,0.0,-0.023158,0.0,-0.057978,0.0,-0.034787,-0.08118,
-0.001974,-0.974386,0.019598,-0.0,-1.570796,0.0,0.023407,0.015793,0.116012,0.0,0.0,0.0,-0.189931,0.022146,0.163062,0.231661,-0.111481,-0.012308,-0.136498,-0.063957,-0.116339,0.17596,-0.090943,0.058442,0.035472,0.0,-0.023614,0.0,-0.059117,0.0,-0.035472,-0.082774,
-0.001951,-0.97437,0.019714,-0.0,-1.570796,0.0,0.023407,0.015793,0.116013,0.0,0.0,0.0,-0.19109,0.022111,0.163898,0.23309,-0.111831,-0.012169,-0.136613,-0.064103,-0.116405,0.176205,-0.091101,0.058582,0.036156,0.0,-0.02407,0.0,-0.060257,-0.0,-0.036156,-0.084368,
-0.001927,-0.974354,0.01983,-0.0,-1.570796,0.0,0.023406,0.015717,0.11601,0.0,0.0,0.0,-0.192249,0.022076,0.164734,0.234518,-0.112181,-0.01203,-0.136729,-0.064249,-0.116471,0.176449,-0.091258,0.058721,0.036841,0.0,-0.024526,0.0,-0.061396,-0.0,-0.036841,-0.085963,
-0.001904,-0.974338,0.019946,-0.0,-1.570796,0.0,0.023407,0.015793,0.116013,0.0,0.0,0.0,-0.193408,0.022041,0.16557,0.235946,-0.112532,-0.01189,-0.136845,-0.064396,-0.116537,0.176693,-0.091416,0.05886,0.037526,-0.0,-0.024982,0.0,-0.062536,0.0,-0.037526,-0.087557,
-0.001881,-0.974323,0.020062,-0.0,-1.570796,0.0,0.023407,0.015793,0.116015,0.0,0.0,0.0,-0.194567,0.022006,0.166406,0.237374,-0.112882,-0.011751,-0.136961,-0.064542,-0.116603,0.176938,-0.091574,0.058999,0.038211,0.0,-0.025438,0.0,-0.063675,0.0,-0.038211,-0.089151,
-0.001857,-0.974307,0.020178,-0.0,-1.570796,0.0,0.023407,0.015793,0.116012,0.0,0.0,0.0,-0.195726,0.021971,0.167242,0.238803,-0.113232,-0.011612,-0.137076,-0.064688,-0.116669,0.177182,-0.091731,0.059138,0.038896,0.0,-0.025894,0.0,-0.064814,-0.0,-0.038896,-0.090746,
-0.001834,-0.974291,0.020294,-0.0,-1.570796,0.0,0.023406,0.015793,0.11601,0.0,0.0,0.0,-0.196885,0.021936,0.168077,0.240231,-0.113583,-0.011473,-0.137192,-0.064835,-0.116735,0.177427,-0.091889,0.059278,0.039581,0.0,-0.02635,0.0,-0.065954,0.0,-0.039581,-0.09234,
-0.00181,-0.974275,0.02041,-0.0,-1.570796,0.0,0.023408,0.015793,0.116019,0.0,0.0,0.0,-0.198044,0.021901,0.168913,0.241659,-0.113933,-0.011334,-0.137308,-0.064981,-0.116801,0.177671,-0.092047,0.059417,0.040266,0.0,-0.026806,0.0,-0.067093,0.0,-0.040266,-0.093934,
-0.001787,-0.974259,0.020526,-0.0,-1.570796,0.0,0.023407,0.015793,0.116015,0.0,0.0,0.0,-0.199203,0.021866,0.169749,0.243088,-0.114283,-0.011195,-0.137424,-0.065127,-0.116867,0.177916,-0.092204,0.059556,0.040951,-0.0,-0.027262,0.0,-0.068233,0.0,-0.040951,-0.095529,
-0.001764,-0.974244,0.020642,-0.0,-1.570796,0.0,0.023406,0.015793,0.11601,0.0,0.0,0.0,-0.200362,0.021832,0.170585,0.244516,-0.114633,-0.011055,-0.137539,-0.065273,-0.116933,0.17816,-0.092362,0.059695,0.041636,0.0,-0.027718,0.0,-0.069372,0.0,-0.041636,-0.097123,
-0.00174,-0.974228,0.020758,-0.0,-1.570796,0.0,0.023407,0.015793,0.116012,0.0,0.0,0.0,-0.201521,0.021797,0.171421,0.245944,-0.114984,-0.010916,-0.137655,-0.06542,-0.116999,0.178405,-0.09252,0.059835,0.042321,0.0,-0.028174,0.0,-0.070511,0.0,-0.042321,-0.098717,
-0.001717,-0.974212,0.020874,-0.0,-1.570796,0.0,0.023407,0.015793,0.116015,0.0,0.0,0.0,-0.20268,0.021762,0.172256,0.247372,-0.115334,-0.010777,-0.137771,-0.065566,-0.117065,0.178649,-0.092677,0.059974,0.043006,0.0,-0.02863,0.0,-0.071651,0.0,-0.043006,-0.100311,
-0.001693,-0.974196,0.02099,-0.0,-1.570796,0.0,0.023406,0.015717,0.11601,0.0,0.0,0.0,-0.203839,0.021727,0.173092,0.2488,-0.115684,-0.010638,-0.137887,-0.065712,-0.117131,0.178894,-0.092835,0.060113,0.043691,0.0,-0.029086,0.0,-0.07279,0.0,-0.043691,-0.101905,
-0.00167,-0.974181,0.021106,-0.0,-1.570796,0.0,0.023407,0.015793,0.116012,0.0,0.0,0.0,-0.204998,0.021692,0.173928,0.250228,-0.116034,-0.010499,-0.138002,-0.065859,-0.117197,0.179138,-0.092992,0.060252,0.044376,0.0,-0.029542,0.0,-0.073929,0.0,-0.044376,-0.103499,
-0.00162,-0.974162,0.021221,-0.0,-1.570796,0.0,0.049566,0.018616,0.114865,0.0,0.0,0.0,-0.207093,0.0218,0.175578,0.252836,-0.116449,-0.01036,-0.138103,-0.066003,-0.117245,0.17943,-0.093209,0.06039,0.045201,0.0,-0.030093,0.0,-0.075307,0.0,-0.045201,-0.105429,
-0.001571,-0.974143,0.021335,-0.0,-1.570796,0.0,0.049639,0.018539,0.114851,0.0,0.0,0.0,-0.20919,0.021909,0.177231,0.255448,-0.116863,-0.01022,-0.138204,-0.066147,-0.117292,0.179723,-0.093425,0.060527,0.046027,0.0,-0.030644,0.0,-0.076686,0.0,-0.046027,-0.107359,
-0.001521,-0.974125,0.02145,-0.0,-1.570796,0.0,0.049641,0.018616,0.114856,0.0,0.0,0.0,-0.211288,0.022018,0.178883,0.258059,-0.117278,-0.010081,-0.138305,-0.066291,-0.11734,0.180015,-0.093641,0.060664,0.046854,0.0,-0.031195,0.0,-0.078064,0.0,-0.046854,-0.10929,
-0.001471,-0.974106,0.021565,-0.0,-1.570796,0.0,0.049641,0.018539,0.114856,0.0,0.0,0.0,-0.213385,0.022127,0.180536,0.260671,-0.117693,-0.009942,-0.138406,-0.066435,-0.117388,0.180308,-0.093858,0.060802,0.04768,0.0,-0.031746,0.0,-0.079443,0.0,-0.04768,-0.111221,
-0.001422,-0.974088,0.02168,-0.0,-1.570796,0.0,0.049641,0.018616,0.114856,0.0,0.0,0.0,-0.215483,0.022235,0.182189,0.263283,-0.118107,-0.009803,-0.138507,-0.066579,-0.117435,0.1806,-0.094074,0.060939,0.048506,-0.0,-0.032298,0.0,-0.080821,0.0,-0.048506,-0.113151,
-0.001372,-0.974069,0.021795,-0.0,-1.570796,0.0,0.049639,0.018539,0.114851,0.0,0.0,0.0,-0.217581,0.022344,0.183841,0.265894,-0.118522,-0.009664,-0.138608,-0.066723,-0.117483,0.180892,-0.09429,0.061077,0.049332,0.0,-0.032849,0.0,-0.0822,0.0,-0.049332,-0.115082,
-0.001323,-0.974051,0.02191,-0.0,-1.570796,0.0,0.049641,0.018616,0.114854,0.0,0.0,0.0,-0.219679,0.022453,0.185494,0.268506,-0.118936,-0.009525,-0.138709,-0.066867,-0.117531,0.181185,-0.094506,0.061214,0.050158,0.0,-0.0334,0.0,-0.083579,0.0,-0.050158,-0.117013,
-0.001273,-0.974032,0.022025,-0.0,-1.570796,0.0,0.049641,0.018539,0.114856,0.0,0.0,0.0,-0.221777,0.022562,0.187147,0.271118,-0.119351,-0.009386,-0.13881,-0.067011,-0.117578,0.181477,-0.094723,0.061351,0.050984,-0.0,-0.033951,0.0,-0.084957,0.0,-0.050984,-0.118944,
-0.001223,-0.974013,0.022139,-0.0,-1.570796,0.0,0.049641,0.018616,0.114856,0.0,0.0,0.0,-0.223875,0.02267,0.1888,0.273731,-0.119766,-0.009246,-0.138911,-0.067155,-0.117626,0.181769,-0.094939,0.061489,0.051811,0.0,-0.034503,0.0,-0.086336,0.0,-0.051811,-0.120875,
-0.001174,-0.973995,0.022254,-0.0,-1.570796,0.0,0.049639,0.018539,0.114851,0.0,0.0,0.0,-0.225973,0.022779,0.190453,0.276343,-0.12018,-0.009107,-0.139012,-0.0673,-0.117674,0.182062,-0.095155,0.061626,0.052637,0.0,-0.035054,0.0,-0.087715,0.0,-0.052637,-0.122806,
-0.001124,-0.973976,0.022369,-0.0,-1.570796,0.0,0.049641,0.018616,0.114856,0.0,0.0,0.0,-0.228071,0.022888,0.192105,0.278955,-0.120595,-0.008968,-0.139113,-0.067444,-0.117722,0.182354,-0.095372,0.061764,0.053463,0.0,-0.035605,0.0,-0.089093,0.0,-0.053463,-0.124737,
-0.001074,-0.973958,0.022484,-0.0,-1.570796,0.0,0.049641,0.018539,0.114854,0.0,0.0,0.0,-0.230169,0.022996,0.193758,0.281567,-0.12101,-0.008829,-0.139214,-0.067588,-0.117769,0.182647,-0.095588,0.061901,0.054289,0.0,-0.036157,0.0,-0.090472,0.0,-0.054289,-0.126667,
-0.001025,-0.973939,0.022599,-0.0,-1.570796,0.0,0.049642,0.018616,0.114861,0.0,0.0,0.0,-0.232267,0.023105,0.195411,0.28418,-0.121424,-0.00869,-0.139315,-0.067732,-0.117817,0.182939,-0.095804,0.062038,0.055115,-0.0,-0.036708,0.0,-0.091851,-0.0,-0.055115,-0.128599,
-0.000975,-0.973921,0.022714,-0.0,-1.570796,0.0,0.049641,0.018539,0.114854,0.0,0.0,0.0,-0.234365,0.023214,0.197064,0.286792,-0.121839,-0.008551,-0.139416,-0.067876,-0.117865,0.183231,-0.096021,0.062176,0.055942,-0.0,-0.037259,0.0,-0.093229,0.0,-0.055942,-0.130529,
-0.000925,-0.973902,0.022829,-0.0,-1.570796,0.0,0.049641,0.018616,0.114856,0.0,0.0,0.0,-0.236463,0.023323,0.198717,0.289404,-0.122253,-0.008411,-0.139517,-0.06802,-0.117912,0.183524,-0.096237,0.062313,0.056768,0.0,-0.03781,0.0,-0.094608,-0.0,-0.056768,-0.13246,
-0.000876,-0.973883,0.022943,-0.0,-1.570796,0.0,0.049639,0.018539,0.114851,0.0,0.0,0.0,-0.238561,0.023432,0.20037,0.292017,-0.122668,-0.008272,-0.139618,-0.068164,-0.11796,0.183816,-0.096453,0.062451,0.057594,0.0,-0.038362,0.0,-0.095987,0.0,-0.057594,-0.134391,
-0.000826,-0.973865,0.023058,-0.0,-1.570796,0.0,0.049641,0.018616,0.114856,0.0,0.0,0.0,-0.240659,0.02354,0.202022,0.294629,-0.123083,-0.008133,-0.139719,-0.068308,-0.118008,0.184109,-0.09667,0.062588,0.05842,0.0,-0.038913,0.0,-0.097365,0.0,-0.05842,-0.136322,
-0.000776,-0.973846,0.023173,-0.0,-1.570796,0.0,0.049641,0.018539,0.114854,0.0,0.0,0.0,-0.242757,0.023649,0.203675,0.297242,-0.123497,-0.007994,-0.13982,-0.068452,-0.118055,0.184401,-0.096886,0.062725,0.059246,-0.0,-0.039464,0.0,-0.098744,0.0,-0.059246,-0.138253,
-0.000727,-0.973828,0.023288,-0.0,-1.570796,0.0,0.049641,0.018616,0.114856,0.0,0.0,0.0,-0.244855,0.023758,0.205328,0.299854,-0.123912,-0.007855,-0.139921,-0.068597,-0.118103,0.184693,-0.097102,0.062863,0.060073,-0.0,-0.040015,0.0,-0.100123,0.0,-0.060073,-0.140184,
-0.000677,-0.973809,0.023403,-0.0,-1.570796,0.0,0.049641,0.018539,0.114856,0.0,0.0,0.0,-0.246953,0.023867,0.206981,0.302466,-0.124326,-0.007716,-0.140022,-0.068741,-0.118151,0.184986,-0.097319,0.063,0.060899,-0.0,-0.040567,0.0,-0.101501,-0.0,-0.060899,-0.142115,
-0.000628,-0.97379,0.023518,-0.0,-1.570796,0.0,0.049639,0.018616,0.114851,0.0,0.0,0.0,-0.249051,0.023975,0.208634,0.305079,-0.124741,-0.007576,-0.140123,-0.068885,-0.118198,0.185278,-0.097535,0.063138,0.061725,0.0,-0.041118,0.0,-0.10288,0.0,-0.061725,-0.144046,
-0.000578,-0.973772,0.023633,-0.0,-1.570796,0.0,0.049641,0.018539,0.114856,0.0,0.0,0.0,-0.25115,0.024084,0.210287,0.307691,-0.125156,-0.007437,-0.140224,-0.069029,-0.118246,0.18557,-0.097751,0.063275,0.062551,0.0,-0.041669,0.0,-0.104259,-0.0,-0.062551,-0.145977,
-0.000528,-0.973753,0.023747,-0.0,-1.570796,0.0,0.049641,0.018616,0.114854,0.0,0.0,0.0,-0.253248,0.024193,0.211939,0.310303,-0.12557,-0.007298,-0.140325,-0.069173,-0.118294,0.185863,-0.097968,0.063412,0.063377,0.0,-0.04222,0.0,-0.105637,0.0,-0.063377,-0.147908,
-0.000479,-0.973735,0.023862,-0.0,-1.570796,0.0,0.049639,0.018539,0.114854,0.0,0.0,0.0,-0.255345,0.024302,0.213592,0.312915,-0.125985,-0.007159,-0.140426,-0.069317,-0.118342,0.186155,-0.098184,0.06355,0.064203,0.0,-0.042772,0.0,-0.107016,0.0,-0.064203,-0.149839,
-0.000429,-0.973716,0.023977,-0.0,-1.570796,0.0,0.049641,0.018616,0.114854,0.0,0.0,0.0,-0.257443,0.02441,0.215245,0.315527,-0.126399,-0.00702,-0.140527,-0.069461,-0.118389,0.186448,-0.0984,0.063687,0.06503,0.0,-0.043323,0.0,-0.108395,0.0,-0.06503,-0.15177,
-0.000379,-0.973698,0.024092,-0.0,-1.570796,0.0,0.049644,0.018539,0.114863,0.0,0.0,0.0,-0.259542,0.024519,0.216898,0.31814,-0.126814,-0.006881,-0.140628,-0.069605,-0.118437,0.18674,-0.098617,0.063825,0.065856,0.0,-0.043874,0.0,-0.109773,0.0,-0.065856,-0.153701,
-0.00033,-0.973679,0.024207,-0.0,-1.570796,0.0,0.049639,0.018616,0.114851,0.0,0.0,0.0,-0.261639,0.024628,0.218551,0.320752,-0.127229,-0.006741,-0.140729,-0.069749,-0.118485,0.187032,-0.098833,0.063962,0.066682,-0.0,-0.044425,0.0,-0.111152,0.0,-0.066682,-0.155632,
-0.00028,-0.97366,0.024322,-0.0,-1.570796,0.0,0.049641,0.018539,0.114856,0.0,0.0,0.0,-0.263737,0.024737,0.220203,0.323363,-0.127643,-0.006602,-0.14083,-0.069893,-0.118532,0.187325,-0.099049,0.064099,0.067508,0.0,-0.044977,0.0,-0.112531,-0.0,-0.067508,-0.157563,
-0.00023,-0.973642,0.024437,-0.0,-1.570796,0.0,0.049641,0.018616,0.114856,0.0,0.0,0.0,-0.265835,0.024845,0.221856,0.325975,-0.128058,-0.006463,-0.140931,-0.070037,-0.11858,0.187617,-0.099266,0.064237,0.068334,0.0,-0.045528,0.0,-0.113909,-0.0,-0.068334,-0.159493,
-0.000181,-0.973623,0.024551,-0.0,-1.570796,0.0,0.049641,0.018539,0.114854,0.0,0.0,0.0,-0.267933,0.024954,0.223509,0.328587,-0.128473,-0.006324,-0.141031,-0.070182,-0.118628,0.187909,-0.099482,0.064374,0.06916,-0.0,-0.046079,0.0,-0.115288,0.0,-0.06916,-0.161424,
-0.000131,-0.973605,0.024666,-0.0,-1.570796,0.0,0.049639,0.018616,0.114851,0.0,0.0,0.0,-0.27003,0.025063,0.225161,0.331198,-0.128887,-0.006185,-0.141132,-0.070326,-0.118675,0.188202,-0.099698,0.064512,0.069987,0.0,-0.046631,0.0,-0.116666,0.0,-0.069987,-0.163355,
-0.000082,-0.973586,0.024781,-0.0,-1.570796,0.0,0.049641,0.018616,0.114856,0.0,0.0,0.0,-0.272128,0.025172,0.226814,0.33381,-0.129302,-0.006046,-0.141233,-0.07047,-0.118723,0.188494,-0.099915,0.064649,0.070813,0.0,-0.047182,0.0,-0.118045,0.0,-0.070813,-0.165285,
-0.000032,-0.973567,0.024896,-0.0,-1.570796,0.0,0.049641,0.018539,0.114856,0.0,0.0,0.0,-0.274225,0.02528,0.228466,0.336421,-0.129716,-0.005906,-0.141334,-0.070614,-0.118771,0.188787,-0.100131,0.064786,0.071639,0.0,-0.047733,0.0,-0.119423,0.0,-0.071639,-0.167216,
0.000011,-0.973547,0.025007,-0.0,-1.570796,0.0,0.042949,0.020905,0.111277,0.0,0.0,0.0,-0.27648,0.02548,0.230291,0.339168,-0.129856,-0.005766,-0.141478,-0.070756,-0.118849,0.189121,-0.100359,0.064919,0.072538,0.0,-0.048333,0.0,-0.120923,0.0,-0.072538,-0.169314,
0.000051,-0.973525,0.025117,-0.0,-1.570796,0.0,0.039551,0.021973,0.109461,0.0,0.0,0.0,-0.278815,0.025726,0.232202,0.341984,-0.129856,-0.005625,-0.141644,-0.070898,-0.118942,0.189476,-0.100594,0.065049,0.073475,0.0,-0.048958,0.0,-0.122483,0.0,-0.073475,-0.171496,
0.00009,-0.973503,0.025226,-0.0,-1.570796,0.0,0.039554,0.022049,0.109468,0.0,0.0,0.0,-0.28115,0.025972,0.234113,0.344801,-0.129856,-0.005484,-0.14181,-0.07104,-0.119036,0.189831,-0.100829,0.065179,0.074411,0.0,-0.049582,0.0,-0.124044,0.0,-0.074411,-0.173679,
0.00013,-0.973481,0.025336,-0.0,-1.570796,0.0,0.039551,0.022049,0.109458,0.0,0.0,0.0,-0.283484,0.026218,0.236024,0.347617,-0.129856,-0.005343,-0.141976,-0.071182,-0.11913,0.190186,-0.101063,0.065309,0.075348,0.0,-0.050207,0.0,-0.125604,0.0,-0.075348,-0.175862,
0.000169,-0.973458,0.025445,-0.0,-1.570796,0.0,0.039551,0.022049,0.109461,0.0,0.0,0.0,-0.285819,0.026463,0.237936,0.350434,-0.129856,-0.005202,-0.142142,-0.071324,-0.119223,0.190541,-0.101298,0.065439,0.076285,0.0,-0.050832,0.0,-0.127165,0.0,-0.076285,-0.178045,
0.000209,-0.973436,0.025555,-0.0,-1.570796,0.0,0.039557,0.022049,0.109472,0.0,0.0,0.0,-0.288155,0.026709,0.239847,0.353251,-0.129856,-0.005061,-0.142308,-0.071466,-0.119317,0.190896,-0.101533,0.065569,0.077221,0.0,-0.051456,0.0,-0.128725,-0.0,-0.077221,-0.180228,
0.000248,-0.973414,0.025664,-0.0,-1.570796,0.0,0.039551,0.022049,0.109461,0.0,0.0,0.0,-0.29049,0.026955,0.241759,0.356068,-0.129856,-0.00492,-0.142474,-0.071608,-0.11941,0.191251,-0.101768,0.065699,0.078158,-0.0,-0.052081,0.0,-0.130286,-0.0,-0.078158,-0.182411,
0.000288,-0.973392,0.025773,-0.0,-1.570796,0.0,0.039551,0.021973,0.109461,0.0,0.0,0.0,-0.292825,0.027201,0.24367,0.358885,-0.129856,-0.004779,-0.14264,-0.07175,-0.119504,0.191606,-0.102002,0.06583,0.079094,0.0,-0.052706,0.0,-0.131846,-0.0,-0.079094,-0.184594,
0.000327,-0.97337,0.025883,-0.0,-1.570796,0.0,0.039554,0.022049,0.109465,0.0,0.0,0.0,-0.29516,0.027447,0.245582,0.361702,-0.129856,-0.004638,-0.142805,-0.071892,-0.119597,0.191961,-0.102237,0.06596,0.080031,0.0,-0.05333,0.0,-0.133407,0.0,-0.080031,-0.186778,
0.000367,-0.973348,0.025992,-0.0,-1.570796,0.0,0.039552,0.022049,0.109461,0.0,0.0,0.0,-0.297495,0.027693,0.247493,0.364519,-0.129856,-0.004497,-0.142971,-0.072034,-0.119691,0.192316,-0.102472,0.06609,0.080968,0.0,-0.053955,0.0,-0.134968,-0.0,-0.080968,-0.188961,
0.000407,-0.973326,0.026102,-0.0,-1.570796,0.0,0.039551,0.022049,0.109461,0.0,0.0,0.0,-0.29983,0.027939,0.249405,0.367336,-0.129856,-0.004356,-0.143137,-0.072175,-0.119784,0.192671,-0.102706,0.06622,0.081904,-0.0,-0.05458,0.0,-0.136528,0.0,-0.081904,-0.191144,
0.000446,-0.973304,0.026211,-0.0,-1.570796,0.0,0.039554,0.022049,0.109465,0.0,0.0,0.0,-0.302166,0.028184,0.251316,0.370154,-0.129856,-0.004215,-0.143303,-0.072317,-0.119878,0.193026,-0.102941,0.06635,0.082841,-0.0,-0.055204,0.0,-0.138089,0.0,-0.082841,-0.193328,
0.000486,-0.973282,0.026321,-0.0,-1.570796,0.0,0.039551,0.022049,0.109461,0.0,0.0,0.0,-0.304501,0.02843,0.253228,0.372971,-0.129856,-0.004074,-0.143469,-0.072459,-0.119972,0.193382,-0.103176,0.06648,0.083777,0.0,-0.055829,0.0,-0.13965,0.0,-0.083777,-0.195511,
0.000525,-0.97326,0.02643,-0.0,-1.570796,0.0,0.039551,0.021973,0.109461,0.0,0.0,0.0,-0.306837,0.028676,0.25514,0.375789,-0.129856,-0.003933,-0.143635,-0.072601,-0.120065,0.193737,-0.10341,0.06661,0.084714,0.0,-0.056454,0.0,-0.14121,0.0,-0.084714,-0.197694,
0.000565,-0.973238,0.02654,-0.0,-1.570796,0.0,0.039554,0.022049,0.109465,0.0,0.0,0.0,-0.309172,0.028922,0.257051,0.378606,-0.129856,-0.003792,-0.143801,-0.072743,-0.120159,0.194092,-0.103645,0.06674,0.085651,0.0,-0.057078,0.0,-0.142771,0.0,-0.085651,-0.199878,
0.000604,-0.973216,0.026649,-0.0,-1.570796,0.0,0.039551,0.022049,0.109461,0.0,0.0,0.0,-0.311507,0.029168,0.258963,0.381424,-0.129856,-0.003651,-0.143967,-0.072885,-0.120252,0.194447,-0.10388,0.06687,0.086587,-0.0,-0.057703,0.0,-0.144332,-0.0,-0.086587,-0.202061,
0.000644,-0.973194,0.026759,-0.0,-1.570796,0.0,0.039554,0.022049,0.109468,0.0,0.0,0.0,-0.313843,0.029414,0.260875,0.384241,-0.129856,-0.00351,-0.144132,-0.073027,-0.120346,0.194802,-0.104114,0.067,0.087524,0.0,-0.058328,0.0,-0.145893,0.0,-0.087524,-0.204244,
0.000683,-0.973172,0.026868,-0.0,-1.570796,0.0,0.039551,0.022049,0.109458,0.0,0.0,0.0,-0.316178,0.02966,0.262786,0.387059,-0.129856,-0.003369,-0.144298,-0.073169,-0.120439,0.195157,-0.104349,0.06713,0.08846,0.0,-0.058952,0.0,-0.147453,0.0,-0.08846,-0.206428,
0.000723,-0.97315,0.026978,-0.0,-1.570796,0.0,0.039554,0.022049,0.109468,0.0,0.0,0.0,-0.318514,0.029906,0.264698,0.389876,-0.129856,-0.003228,-0.144464,-0.073311,-0.120533,0.195512,-0.104584,0.06726,0.089397,0.0,-0.059577,0.0,-0.149014,0.0,-0.089397,-0.208611,
0.000763,-0.973128,0.027087,-0.0,-1.570796,0.0,0.039554,0.021973,0.109465,0.0,0.0,0.0,-0.320849,0.030151,0.26661,0.392694,-0.129856,-0.003087,-0.14463,-0.073453,-0.120626,0.195867,-0.104819,0.06739,0.090334,-0.0,-0.060202,0.0,-0.150575,0.0,-0.090334,-0.210795,
0.000802,-0.973106,0.027196,-0.0,-1.570796,0.0,0.039551,0.022049,0.109461,0.0,0.0,0.0,-0.323185,0.030397,0.268521,0.395511,-0.129856,-0.002946,-0.144796,-0.073594,-0.12072,0.196222,-0.105053,0.067521,0.09127,0.0,-0.060826,0.0,-0.152135,0.0,-0.09127,-0.212978,
0.000842,-0.973084,0.027306,-0.0,-1.570796,0.0,0.039551,0.022049,0.109461,0.0,0.0,0.0,-0.32552,0.030643,0.270433,0.398329,-0.129856,-0.002805,-0.144962,-0.073736,-0.120814,0.196577,-0.105288,0.067651,0.092207,-0.0,-0.061451,0.0,-0.153696,0.0,-0.092207,-0.215161,
0.000881,-0.973062,0.027415,-0.0,-1.570796,0.0,0.039554,0.022049,0.109465,0.0,0.0,0.0,-0.327855,0.030889,0.272345,0.401146,-0.129856,-0.002664,-0.145128,-0.073878,-0.120907,0.196932,-0.105523,0.067781,0.093143,0.0,-0.062076,0.0,-0.155257,0.0,-0.093143,-0.217345,
0.000921,-0.97304,0.027525,-0.0,-1.570796,0.0,0.039551,0.022049,0.109461,0.0,0.0,0.0,-0.330191,0.031135,0.274256,0.403964,-0.129856,-0.002523,-0.145294,-0.07402,-0.121001,0.197287,-0.105757,0.067911,0.09408,-0.0,-0.0627,0.0,-0.156817,-0.0,-0.09408,-0.219528,
0.00096,-0.973018,0.027634,-0.0,-1.570796,0.0,0.039551,0.022049,0.109461,0.0,0.0,0.0,-0.332526,0.031381,0.276168,0.406781,-0.129856,-0.002382,-0.145459,-0.074162,-0.121094,0.197643,-0.105992,0.068041,0.095017,0.0,-0.063325,0.0,-0.158378,-0.0,-0.095017,-0.221711,
0.001,-0.972996,0.027744,-0.0,-1.570796,0.0,0.039554,0.021973,0.109465,0.0,0.0,0.0,-0.334861,0.031627,0.278079,0.409598,-0.129856,-0.002241,-0.145625,-0.074304,-0.121188,0.197998,-0.106227,0.068171,0.095953,0.0,-0.06395,0.0,-0.159939,-0.0,-0.095953,-0.223895,
0.001039,-0.972974,0.027853,-0.0,-1.570796,0.0,0.039551,0.022049,0.109461,0.0,0.0,0.0,-0.337196,0.031873,0.279991,0.412415,-0.129856,-0.0021,-0.145791,-0.074446,-0.121281,0.198353,-0.106461,0.068301,0.09689,0.0,-0.064574,0.0,-0.161499,0.0,-0.09689,-0.226078,
0.001079,-0.972952,0.027963,-0.0,-1.570796,0.0,0.039554,0.022049,0.109468,0.0,0.0,0.0,-0.339531,0.032118,0.281902,0.415232,-0.129856,-0.001959,-0.145957,-0.074588,-0.121375,0.198708,-0.106696,0.068431,0.097826,-0.0,-0.065199,0.0,-0.16306,0.0,-0.097826,-0.228261,
0.001119,-0.97293,0.028072,-0.0,-1.570796,0.0,0.039551,0.022049,0.109458,0.0,0.0,0.0,-0.341866,0.032364,0.283813,0.418049,-0.129856,-0.001818,-0.146123,-0.07473,-0.121468,0.199063,-0.106931,0.068561,0.098763,0.0,-0.065824,0.0,-0.16462,0.0,-0.098763,-0.230444,
0.001158,-0.972908,0.028182,-0.0,-1.570796,0.0,0.039551,0.022049,0.109461,0.0,0.0,0.0,-0.344201,0.03261,0.285725,0.420865,-0.129856,-0.001677,-0.146289,-0.074872,-0.121562,0.199418,-0.107166,0.068691,0.0997,0.0,-0.066448,0.0,-0.166181,0.0,-0.0997,-0.232627,
0.001198,-0.972885,0.028291,-0.0,-1.570796,0.0,0.039554,0.022049,0.109465,0.0,0.0,0.0,-0.346536,0.032856,0.287636,0.423682,-0.129856,-0.001536,-0.146455,-0.075013,-0.121656,0.199773,-0.1074,0.068821,0.100636,0.0,-0.067073,0.0,-0.167742,0.0,-0.100636,-0.23481,
0.001237,-0.972863,0.028401,-0.0,-1.570796,0.0,0.039554,0.022049,0.109468,0.0,0.0,0.0,-0.348871,0.033102,0.289548,0.426498,-0.129856,-0.001395,-0.146621,-0.075155,-0.121749,0.200128,-0.107635,0.068951,0.101573,-0.0,-0.067698,0.0,-0.169302,0.0,-0.101573,-0.236993,
0.001277,-0.972841,0.02851,-0.0,-1.570796,0.0,0.039552,0.021973,0.109461,0.0,0.0,0.0,-0.351206,0.033348,0.291459,0.429314,-0.129856,-0.001254,-0.146786,-0.075297,-0.121843,0.200483,-0.10787,0.069082,0.102509,0.0,-0.068322,0.0,-0.170863,-0.0,-0.102509,-0.239175,
0.001314,-0.972818,0.028617,-0.0,-1.570796,0.0,0.037187,0.023193,0.106552,0.0,0.0,0.0,-0.353829,0.033701,0.293604,0.432346,-0.129798,-0.001114,-0.146971,-0.075438,-0.121954,0.200858,-0.108113,0.069209,0.103461,0.0,-0.068957,0.0,-0.172448,0.0,-0.103461,-0.241394,
0.001346,-0.972793,0.028717,-0.0,-1.570796,0.0,0.03237,0.025482,0.100618,0.0,0.0,0.0,-0.35704,0.034273,0.296224,0.435818,-0.129622,-0.000975,-0.147193,-0.075575,-0.1221,0.201272,-0.108373,0.06933,0.104442,-0.0,-0.069611,0.0,-0.174084,0.0,-0.104442,-0.243684,
0.001379,-0.972767,0.028818,-0.0,-1.570796,0.0,0.03237,0.025482,0.100618,0.0,0.0,0.0,-0.360251,0.034844,0.298844,0.439289,-0.129446,-0.000836,-0.147414,-0.075713,-0.122247,0.201686,-0.108634,0.06945,0.105423,0.0,-0.070265,0.0,-0.175719,0.0,-0.105423,-0.245975,
0.001411,-0.972742,0.028918,-0.0,-1.570796,0.0,0.032372,0.025482,0.100625,0.0,0.0,0.0,-0.363462,0.035416,0.301464,0.442761,-0.129269,-0.000696,-0.147636,-0.075851,-0.122394,0.2021,-0.108894,0.069571,0.106405,0.0,-0.070919,0.0,-0.177355,0.0,-0.106405,-0.248266,
0.001443,-0.972716,0.029019,-0.0,-1.570796,0.0,0.03237,0.025482,0.100618,0.0,0.0,0.0,-0.366674,0.035988,0.304085,0.446233,-0.129093,-0.000557,-0.147858,-0.075989,-0.122541,0.202515,-0.109155,0.069692,0.107386,0.0,-0.071574,0.0,-0.178991,0.0,-0.107386,-0.250557,
0.001476,-0.972691,0.02912,-0.0,-1.570796,0.0,0.032372,0.025482,0.100625,0.0,0.0,0.0,-0.369886,0.03656,0.306706,0.449706,-0.128917,-0.000418,-0.14808,-0.076126,-0.122688,0.202929,-0.109415,0.069813,0.108368,0.0,-0.072228,0.0,-0.180627,0.0,-0.108368,-0.252848,
0.001508,-0.972665,0.02922,-0.0,-1.570796,0.0,0.03237,0.025482,0.10062,0.0,0.0,0.0,-0.373098,0.037131,0.309326,0.453179,-0.128741,-0.000279,-0.148301,-0.076264,-0.122834,0.203343,-0.109675,0.069934,0.109349,0.0,-0.072882,0.0,-0.182263,0.0,-0.109349,-0.255139,
0.001541,-0.97264,0.029321,-0.0,-1.570796,0.0,0.03237,0.025482,0.100618,0.0,0.0,0.0,-0.37631,0.037703,0.311947,0.456652,-0.128565,-0.00014,-0.148523,-0.076402,-0.122981,0.203757,-0.109936,0.070055,0.11033,-0.0,-0.073536,0.0,-0.183899,0.0,-0.11033,-0.25743,
0.001573,-0.972614,0.029422,-0.0,-1.570796,0.0,0.032372,0.025482,0.100625,0.0,0.0,0.0,-0.379522,0.038275,0.314568,0.460125,-0.128389,-0.000001,-0.148745,-0.076539,-0.123128,0.204172,-0.110196,0.070176,0.111312,0.0,-0.074191,0.0,-0.185535,0.0,-0.111312,-0.259721,
0.001605,-0.972589,0.029522,-0.0,-1.570796,0.0,0.03237,0.025482,0.100618,0.0,0.0,0.0,-0.382734,0.038847,0.317189,0.463598,-0.128213,0.000139,-0.148967,-0.076677,-0.123275,0.204586,-0.110457,0.070297,0.112293,0.0,-0.074845,0.0,-0.187171,0.0,-0.112293,-0.262012,
0.001638,-0.972563,0.029623,-0.0,-1.570796,0.0,0.03237,0.025559,0.100618,0.0,0.0,0.0,-0.385947,0.039418,0.31981,0.467072,-0.128036,0.000278,-0.149188,-0.076815,-0.123421,0.205,-0.110717,0.070418,0.113274,-0.0,-0.075499,0.0,-0.188807,-0.0,-0.113274,-0.264303,
0.00167,-0.972538,0.029723,-0.0,-1.570796,0.0,0.032374,0.025482,0.100632,0.0,0.0,0.0,-0.38916,0.03999,0.322431,0.470545,-0.12786,0.000417,-0.14941,-0.076952,-0.123568,0.205414,-0.110978,0.070539,0.114256,0.0,-0.076153,0.0,-0.190443,0.0,-0.114256,-0.266595,
0.001702,-0.972512,0.029824,-0.0,-1.570796,0.0,0.03237,0.025482,0.100618,0.0,0.0,0.0,-0.392373,0.040562,0.325053,0.474019,-0.127684,0.000556,-0.149632,-0.07709,-0.123715,0.205829,-0.111238,0.07066,0.115237,0.0,-0.076807,0.0,-0.192079,0.0,-0.115237,-0.268886,
0.001735,-0.972487,0.029925,-0.0,-1.570796,0.0,0.03237,0.025482,0.100618,0.0,0.0,0.0,-0.395585,0.041134,0.327674,0.477493,-0.127508,0.000695,-0.149854,-0.077228,-0.123862,0.206243,-0.111498,0.070781,0.116219,-0.0,-0.077462,0.0,-0.193715,-0.0,-0.116219,-0.271177,
0.001767,-0.972461,0.030025,-0.0,-1.570796,0.0,0.032372,0.025482,0.100625,0.0,0.0,0.0,-0.398798,0.041705,0.330295,0.480967,-0.127332,0.000834,-0.150075,-0.077365,-0.124009,0.206657,-0.111759,0.070902,0.1172,0.0,-0.078116,0.0,-0.195352,0.0,-0.1172,-0.273468,
0.001799,-0.972436,0.030126,-0.0,-1.570796,0.0,0.03237,0.025482,0.100618,0.0,0.0,0.0,-0.402011,0.042277,0.332916,0.484441,-0.127156,0.000974,-0.150297,-0.077503,-0.124155,0.207071,-0.112019,0.071023,0.118182,0.0,-0.07877,0.0,-0.196988,-0.0,-0.118182,-0.27576,
0.001832,-0.972411,0.030226,-0.0,-1.570796,0.0,0.03237,0.025482,0.100618,0.0,0.0,0.0,-0.405224,0.042849,0.335537,0.487915,-0.12698,0.001113,-0.150519,-0.077641,-0.124302,0.207485,-0.11228,0.071143,0.119163,-0.0,-0.079424,0.0,-0.198624,0.0,-0.119163,-0.278051,
0.001864,-0.972385,0.030327,-0.0,-1.570796,0.0,0.032372,0.025482,0.100625,0.0,0.0,0.0,-0.408437,0.043421,0.338159,0.491389,-0.126804,0.001252,-0.150741,-0.077779,-0.124449,0.2079,-0.11254,0.071264,0.120144,0.0,-0.080079,0.0,-0.20026,-0.0,-0.120144,-0.280342,
0.001897,-0.97236,0.030428,-0.0,-1.570796,0.0,0.03237,0.025482,0.100618,0.0,0.0,0.0,-0.41165,0.043992,0.34078,0.494862,-0.126627,0.001391,-0.150963,-0.077916,-0.124596,0.208314,-0.1128,0.071385,0.121126,0.0,-0.080733,0.0,-0.201896,0.0,-0.121126,-0.282634,
0.001929,-0.972334,0.030528,-0.0,-1.570796,0.0,0.032372,0.025482,0.100625,0.0,0.0,0.0,-0.414863,0.044564,0.343401,0.498336,-0.126451,0.00153,-0.151184,-0.078054,-0.124742,0.208728,-0.113061,0.071506,0.122107,0.0,-0.081387,0.0,-0.203532,-0.0,-0.122107,-0.284925,
0.001961,-0.972309,0.030629,-0.0,-1.570796,0.0,0.03237,0.025482,0.100618,0.0,0.0,0.0,-0.418076,0.045136,0.346022,0.50181,-0.126275,0.001669,-0.151406,-0.078192,-0.124889,0.209142,-0.113321,0.071627,0.123089,-0.0,-0.082041,0.0,-0.205168,-0.0,-0.123089,-0.287216,
0.001994,-0.972283,0.03073,-0.0,-1.570796,0.0,0.03237,0.025482,0.100618,0.0,0.0,0.0,-0.421289,0.045708,0.348644,0.505284,-0.126099,0.001809,-0.151628,-0.078329,-0.125036,0.209557,-0.113582,0.071748,0.12407,0.0,-0.082695,0.0,-0.206804,0.0,-0.12407,-0.289508,
0.002026,-0.972258,0.03083,-0.0,-1.570796,0.0,0.032372,0.025482,0.100625,0.0,0.0,0.0,-0.424501,0.046279,0.351265,0.508758,-0.125923,0.001948,-0.15185,-0.078467,-0.125183,0.209971,-0.113842,0.071869,0.125051,-0.0,-0.08335,0.0,-0.20844,0.0,-0.125051,-0.291799,
0.002058,-0.972232,0.030931,-0.0,-1.570796,0.0,0.03237,0.025482,0.10062,0.0,0.0,0.0,-0.427714,0.046851,0.353886,0.512231,-0.125747,0.002087,-0.152071,-0.078605,-0.125329,0.210385,-0.114103,0.07199,0.126033,-0.0,-0.084004,0.0,-0.210076,-0.0,-0.126033,-0.29409,
0.002091,-0.972207,0.031031,-0.0,-1.570796,0.0,0.032372,0.025482,0.100622,0.0,0.0,0.0,-0.430927,0.047423,0.356507,0.515705,-0.125571,0.002226,-0.152293,-0.078742,-0.125476,0.210799,-0.114363,0.072111,0.127014,0.0,-0.084658,0.0,-0.211712,0.0,-0.127014,-0.296381,
0.002123,-0.972181,0.031132,-0.0,-1.570796,0.0,0.032372,0.025482,0.100625,0.0,0.0,0.0,-0.434139,0.047995,0.359128,0.519178,-0.125394,0.002365,-0.152515,-0.07888,-0.125623,0.211213,-0.114623,0.072232,0.127996,-0.0,-0.085312,0.0,-0.213348,-0.0,-0.127996,-0.298673,
0.002156,-0.972156,0.031233,-0.0,-1.570796,0.0,0.03237,0.025482,0.10062,0.0,0.0,0.0,-0.437351,0.048566,0.361749,0.522651,-0.125218,0.002504,-0.152737,-0.079018,-0.12577,0.211628,-0.114884,0.072353,0.128977,0.0,-0.085967,0.0,-0.214984,0.0,-0.128977,-0.300964,
0.002188,-0.97213,0.031333,-0.0,-1.570796,0.0,0.03237,0.025482,0.100618,0.0,0.0,0.0,-0.440563,0.049138,0.36437,0.526124,-0.125042,0.002644,-0.152958,-0.079155,-0.125917,0.212042,-0.115144,0.072474,0.129958,-0.0,-0.086621,0.0,-0.21662,0.0,-0.129958,-0.303255,
0.00222,-0.972105,0.031434,-0.0,-1.570796,0.0,0.032372,0.025482,0.100625,0.0,0.0,0.0,-0.443775,0.04971,0.36699,0.529597,-0.124866,0.002783,-0.15318,-0.079293,-0.126063,0.212456,-0.115405,0.072595,0.13094,-0.0,-0.087275,0.0,-0.218256,-0.0,-0.13094,-0.305546,
0.002253,-0.972079,0.031535,-0.0,-1.570796,0.0,0.03237,0.025482,0.100618,0.0,0.0,0.0,-0.446987,0.050282,0.369611,0.533069,-0.12469,0.002922,-0.153402,-0.079431,-0.12621,0.21287,-0.115665,0.072716,0.131921,0.0,-0.087929,0.0,-0.219892,0.0,-0.131921,-0.307837,
0.002285,-0.972054,0.031635,-0.0,-1.570796,0.0,0.03237,0.025482,0.100618,0.0,0.0,0.0,-0.450198,0.050853,0.372231,0.536541,-0.124514,0.003061,-0.153624,-0.079569,-0.126357,0.213285,-0.115926,0.072836,0.132903,0.0,-0.088583,0.0,-0.221528,0.0,-0.132903,-0.310127,
0.002317,-0.972028,0.031736,-0.0,-1.570796,0.0,0.032372,0.025559,0.100625,0.0,0.0,0.0,-0.45341,0.051425,0.374852,0.540013,-0.124338,0.0032,-0.153846,-0.079706,-0.126504,0.213699,-0.116186,0.072957,0.133884,-0.0,-0.089238,0.0,-0.223164,0.0,-0.133884,-0.312418,
0.00235,-0.972003,0.031836,-0.0,-1.570796,0.0,0.03237,0.025482,0.100618,0.0,0.0,0.0,-0.456621,0.051997,0.377472,0.543485,-0.124161,0.003339,-0.154067,-0.079844,-0.12665,0.214113,-0.116446,0.073078,0.134865,0.0,-0.089892,0.0,-0.2248,0.0,-0.134865,-0.314709,
0.002382,-0.971977,0.031937,-0.0,-1.570796,0.0,0.032372,0.025482,0.100625,0.0,0.0,0.0,-0.459832,0.052568,0.380092,0.546956,-0.123985,0.003479,-0.154289,-0.079982,-0.126797,0.214527,-0.116707,0.073199,0.135847,-0.0,-0.090546,0.0,-0.226436,0.0,-0.135847,-0.317,
0.00245,-0.971948,0.032025,-0.0,-1.570796,0.0,0.0674,0.029144,0.087962,0.0,0.0,0.0,-0.463505,0.053519,0.383051,0.550712,-0.123592,0.00362,-0.15449,-0.080105,-0.126929,0.214999,-0.117039,0.073307,0.13682,0.0,-0.091195,0.0,-0.228058,0.0,-0.13682,-0.319273,
0.002517,-0.971919,0.032113,-0.0,-1.570796,0.0,0.067548,0.029144,0.08791,0.0,0.0,0.0,-0.467181,0.05447,0.386012,0.554469,-0.123198,0.003761,-0.15469,-0.080229,-0.127061,0.21547,-0.117371,0.073415,0.137793,0.0,-0.091844,0.0,-0.22968,0.0,-0.137793,-0.321545,
0.002585,-0.97189,0.032201,-0.0,-1.570796,0.0,0.067552,0.029144,0.087917,0.0,0.0,0.0,-0.470857,0.055422,0.388972,0.558227,-0.122803,0.003902,-0.15489,-0.080352,-0.127194,0.215942,-0.117703,0.073524,0.138766,0.0,-0.092493,0.0,-0.231303,0.0,-0.138766,-0.323819,
0.002652,-0.971861,0.032289,-0.0,-1.570796,0.0,0.067552,0.029221,0.087915,0.0,0.0,0.0,-0.474534,0.056374,0.391933,0.561985,-0.122409,0.004042,-0.155091,-0.080475,-0.127326,0.216414,-0.118035,0.073632,0.13974,0.0,-0.093142,0.0,-0.232926,0.0,-0.13974,-0.326092,
0.00272,-0.971831,0.032377,-0.0,-1.570796,0.0,0.067548,0.029144,0.08791,0.0,0.0,0.0,-0.47821,0.057326,0.394894,0.565743,-0.122014,0.004183,-0.155291,-0.080599,-0.127458,0.216885,-0.118367,0.07374,0.140713,0.0,-0.093791,-0.0,-0.234548,0.0,-0.140713,-0.328365,
0.002787,-0.971802,0.032465,-0.0,-1.570796,0.0,0.067552,0.029144,0.087917,0.0,0.0,0.0,-0.481888,0.058277,0.397856,0.569502,-0.12162,0.004324,-0.155492,-0.080722,-0.12759,0.217357,-0.118699,0.073848,0.141686,0.0,-0.09444,0.0,-0.236171,0.0,-0.141686,-0.330639,
0.002855,-0.971773,0.032552,-0.0,-1.570796,0.0,0.067548,0.029221,0.08791,0.0,0.0,0.0,-0.485565,0.059229,0.400817,0.573261,-0.121226,0.004465,-0.155692,-0.080845,-0.127722,0.217829,-0.119031,0.073956,0.14266,0.0,-0.095089,0.0,-0.237793,0.0,-0.14266,-0.332912,
0.002922,-0.971744,0.03264,-0.0,-1.570796,0.0,0.067548,0.029144,0.08791,0.0,0.0,0.0,-0.489242,0.060181,0.403778,0.57702,-0.120831,0.004606,-0.155893,-0.080969,-0.127854,0.2183,-0.119363,0.074064,0.143633,0.0,-0.095738,0.0,-0.239416,0.0,-0.143633,-0.335185,
0.00299,-0.971715,0.032728,-0.0,-1.570796,0.0,0.067552,0.029144,0.087915,0.0,0.0,0.0,-0.49292,0.061133,0.40674,0.58078,-0.120437,0.004747,-0.156093,-0.081092,-0.127986,0.218772,-0.119695,0.074172,0.144606,0.0,-0.096387,0.0,-0.241038,0.0,-0.144606,-0.337459,
0.003058,-0.971686,0.032816,-0.0,-1.570796,0.0,0.067548,0.029221,0.08791,0.0,0.0,0.0,-0.496598,0.062085,0.409702,0.584539,-0.120043,0.004888,-0.156294,-0.081216,-0.128118,0.219244,-0.120027,0.07428,0.14558,0.0,-0.097036,0.0,-0.242661,-0.0,-0.14558,-0.339732,
0.003125,-0.971656,0.032904,-0.0,-1.570796,0.0,0.067552,0.029144,0.087917,0.0,0.0,0.0,-0.500276,0.063036,0.412663,0.588299,-0.119648,0.005029,-0.156494,-0.081339,-0.12825,0.219715,-0.120359,0.074388,0.146553,0.0,-0.097686,0.0,-0.244284,-0.0,-0.146553,-0.342006,
0.003193,-0.971627,0.032992,-0.0,-1.570796,0.0,0.067548,0.029144,0.08791,0.0,0.0,0.0,-0.503955,0.063988,0.415625,0.592059,-0.119254,0.00517,-0.156694,-0.081463,-0.128383,0.220187,-0.120691,0.074497,0.147526,0.0,-0.098335,0.0,-0.245906,-0.0,-0.147526,-0.344279,
0.00326,-0.971598,0.03308,-0.0,-1.570796,0.0,0.067548,0.029144,0.08791,0.0,0.0,0.0,-0.507633,0.06494,0.418587,0.595819,-0.118859,0.005311,-0.156895,-0.081586,-0.128515,0.220659,-0.121023,0.074605,0.148499,0.0,-0.098984,0.0,-0.247529,-0.0,-0.148499,-0.346553,
0.003328,-0.971569,0.033168,-0.0,-1.570796,0.0,0.067552,0.029221,0.087915,0.0,0.0,0.0,-0.511312,0.065892,0.421549,0.599579,-0.118465,0.005452,-0.157095,-0.081709,-0.128647,0.22113,-0.121355,0.074713,0.149473,0.0,-0.099633,0.0,-0.249152,-0.0,-0.149473,-0.348827,
0.003395,-0.97154,0.033256,-0.0,-1.570796,0.0,0.067548,0.029144,0.08791,0.0,0.0,0.0,-0.51499,0.066844,0.424511,0.60334,-0.118071,0.005593,-0.157296,-0.081833,-0.128779,0.221602,-0.121687,0.074821,0.150446,0.0,-0.100282,0.0,-0.250774,-0.0,-0.150446,-0.3511,
0.003463,-0.971511,0.033344,-0.0,-1.570796,0.0,0.067548,0.029144,0.08791,0.0,0.0,0.0,-0.518669,0.067795,0.427473,0.6071,-0.117676,0.005734,-0.157496,-0.081956,-0.128911,0.222074,-0.122019,0.074929,0.151419,-0.0,-0.100931,0.0,-0.252397,0.0,-0.151419,-0.353374,
0.00353,-0.971481,0.033432,-0.0,-1.570796,0.0,0.067556,0.029221,0.087922,0.0,0.0,0.0,-0.522348,0.068747,0.430435,0.610861,-0.117282,0.005875,-0.157697,-0.082079,-0.129043,0.222545,-0.122351,0.075037,0.152393,-0.0,-0.10158,0.0,-0.25402,0.0,-0.152393,-0.355648,
0.003598,-0.971452,0.03352,-0.0,-1.570796,0.0,0.067548,0.029144,0.08791,0.0,0.0,0.0,-0.526026,0.069699,0.433397,0.614621,-0.116888,0.006016,-0.157897,-0.082203,-0.129175,0.223017,-0.122683,0.075145,0.153366,0.0,-0.102229,0.0,-0.255642,0.0,-0.153366,-0.357922,
0.003665,-0.971423,0.033607,-0.0,-1.570796,0.0,0.067548,0.029144,0.08791,0.0,0.0,0.0,-0.529705,0.070651,0.436359,0.618381,-0.116493,0.006157,-0.158098,-0.082326,-0.129307,0.223489,-0.123015,0.075253,0.154339,0.0,-0.102878,0.0,-0.257265,-0.0,-0.154339,-0.360195,
0.003733,-0.971394,0.033695,-0.0,-1.570796,0.0,0.067552,0.029221,0.087917,0.0,0.0,0.0,-0.533384,0.071603,0.439321,0.622141,-0.116099,0.006298,-0.158298,-0.08245,-0.129439,0.22396,-0.123348,0.075361,0.155313,0.0,-0.103527,0.0,-0.258888,-0.0,-0.155313,-0.362469,
0.003801,-0.971365,0.033783,-0.0,-1.570796,0.0,0.067548,0.029144,0.08791,0.0,0.0,0.0,-0.537062,0.072554,0.442283,0.625902,-0.115705,0.006439,-0.158498,-0.082573,-0.129572,0.224432,-0.12368,0.07547,0.156286,0.0,-0.104176,0.0,-0.26051,0.0,-0.156286,-0.364743,
0.003868,-0.971336,0.033871,-0.0,-1.570796,0.0,0.067552,0.029144,0.087915,0.0,0.0,0.0,-0.54074,0.073506,0.445245,0.629662,-0.11531,0.00658,-0.158699,-0.082696,-0.129704,0.224904,-0.124012,0.075578,0.157259,0.0,-0.104825,0.0,-0.262133,0.0,-0.157259,-0.367016,
0.003936,-0.971306,0.033959,-0.0,-1.570796,0.0,0.067548,0.029221,0.08791,0.0,0.0,0.0,-0.544418,0.074458,0.448207,0.633422,-0.114916,0.006721,-0.158899,-0.08282,-0.129836,0.225376,-0.124344,0.075686,0.158233,-0.0,-0.105474,0.0,-0.263756,0.0,-0.158233,-0.36929,
0.004003,-0.971277,0.034047,-0.0,-1.570796,0.0,0.067548,0.029144,0.08791,0.0,0.0,0.0,-0.548096,0.07541,0.451168,0.637181,-0.114521,0.006862,-0.1591,-0.082943,-0.129968,0.225847,-0.124676,0.075794,0.159206,-0.0,-0.106123,0.0,-0.265378,-0.0,-0.159206,-0.371563,
0.004071,-0.971248,0.034135,-0.0,-1.570796,0.0,0.067552,0.029144,0.087917,0.0,0.0,0.0,-0.551774,0.076362,0.45413,0.640941,-0.114127,0.007003,-0.1593,-0.083067,-0.1301,0.226319,-0.125008,0.075902,0.160179,0.0,-0.106772,-0.0,-0.267001,0.0,-0.160179,-0.373837,
0.004138,-0.971219,0.034223,-0.0,-1.570796,0.0,0.067548,0.029221,0.08791,0.0,0.0,0.0,-0.555452,0.077314,0.457092,0.6447,-0.113733,0.007144,-0.159501,-0.08319,-0.130232,0.226791,-0.12534,0.07601,0.161153,-0.0,-0.107421,0.0,-0.268624,0.0,-0.161153,-0.37611,
0.004206,-0.97119,0.034311,-0.0,-1.570796,0.0,0.067548,0.029144,0.08791,0.0,0.0,0.0,-0.559129,0.078265,0.460053,0.648459,-0.113338,0.007285,-0.159701,-0.083313,-0.130364,0.227262,-0.125672,0.076118,0.162126,-0.0,-0.10807,0.0,-0.270246,0.0,-0.162126,-0.378384,
0.004273,-0.971161,0.034399,-0.0,-1.570796,0.0,0.067552,0.029144,0.087915,0.0,0.0,0.0,-0.562807,0.079217,0.463014,0.652218,-0.112944,0.007426,-0.159902,-0.083437,-0.130496,0.227734,-0.126004,0.076226,0.163099,0.0,-0.108719,0.0,-0.271869,0.0,-0.163099,-0.380657,
0.004341,-0.971131,0.034487,-0.0,-1.570796,0.0,0.067548,0.029221,0.08791,0.0,0.0,0.0,-0.566484,0.080169,0.465975,0.655976,-0.11255,0.007567,-0.160102,-0.08356,-0.130628,0.228206,-0.126336,0.076334,0.164072,0.0,-0.109368,0.0,-0.273491,0.0,-0.164072,-0.38293,
0.004409,-0.971102,0.034574,-0.0,-1.570796,0.0,0.067552,0.029144,0.087917,0.0,0.0,0.0,-0.57016,0.081121,0.468936,0.659735,-0.112155,0.007708,-0.160302,-0.083684,-0.130761,0.228677,-0.126668,0.076443,0.165046,-0.0,-0.110017,0.0,-0.275114,0.0,-0.165046,-0.385204,
0.004476,-0.971073,0.034662,-0.0,-1.570796,0.0,0.067552,0.029144,0.087915,0.0,0.0,0.0,-0.573837,0.082072,0.471897,0.663493,-0.111761,0.007849,-0.160503,-0.083807,-0.130893,0.229149,-0.127,0.076551,0.166019,0.0,-0.110666,0.0,-0.276736,0.0,-0.166019,-0.387477,
0.004544,-0.971044,0.03475,-0.0,-1.570796,0.0,0.067548,0.029144,0.08791,0.0,0.0,0.0,-0.577513,0.083024,0.474858,0.66725,-0.111367,0.00799,-0.160703,-0.08393,-0.131025,0.229621,-0.127332,0.076659,0.166992,0.0,-0.111315,0.0,-0.278359,0.0,-0.166992,-0.38975,
0.004611,-0.971015,0.034838,-0.0,-1.570796,0.0,0.067548,0.029221,0.08791,0.0,0.0,0.0,-0.581188,0.083976,0.477818,0.671007,-0.110972,0.008131,-0.160904,-0.084054,-0.131157,0.230092,-0.127664,0.076767,0.167966,-0.0,-0.111964,0.0,-0.279981,0.0,-0.167966,-0.392023,
0.004702,-0.970983,0.034914,-0.0,-1.570796,0.0,0.090578,0.031891,0.076208,0.0,0.0,0.0,-0.584654,0.085092,0.480576,0.67438,-0.110288,0.008271,-0.161092,-0.084162,-0.131282,0.230604,-0.128045,0.07686,0.168895,-0.0,-0.112585,0.0,-0.28153,-0.0,-0.168895,-0.39419,
0.004804,-0.970949,0.034985,-0.0,-1.570796,0.0,0.102326,0.033417,0.070229,0.0,0.0,0.0,-0.588014,0.086291,0.483232,0.677558,-0.109456,0.00841,-0.161275,-0.084263,-0.131403,0.231137,-0.12845,0.076947,0.169801,-0.0,-0.11319,0.0,-0.283042,-0.0,-0.169801,-0.396303,
0.004906,-0.970916,0.035055,-0.0,-1.570796,0.0,0.102333,0.033341,0.070231,0.0,0.0,0.0,-0.591374,0.08749,0.485887,0.680736,-0.108623,0.008549,-0.161457,-0.084364,-0.131524,0.23167,-0.128856,0.077033,0.170708,-0.0,-0.113795,0.0,-0.284554,0.0,-0.170708,-0.398417,
0.005009,-0.970883,0.035125,-0.0,-1.570796,0.0,0.102327,0.033341,0.070226,0.0,0.0,0.0,-0.594734,0.08869,0.488542,0.683914,-0.107791,0.008689,-0.16164,-0.084466,-0.131645,0.232203,-0.129262,0.077119,0.171614,-0.0,-0.114401,-0.0,-0.286066,0.0,-0.171614,-0.400531,
0.005111,-0.970849,0.035195,-0.0,-1.570796,0.0,0.102326,0.033341,0.070229,0.0,0.0,0.0,-0.598094,0.089889,0.491198,0.687093,-0.106959,0.008828,-0.161822,-0.084567,-0.131766,0.232736,-0.129667,0.077205,0.172521,0.0,-0.115006,0.0,-0.287577,-0.0,-0.172521,-0.402644,
0.005213,-0.970816,0.035266,-0.0,-1.570796,0.0,0.102333,0.033341,0.070231,0.0,0.0,0.0,-0.601455,0.091089,0.493854,0.690271,-0.106126,0.008967,-0.162004,-0.084668,-0.131887,0.233269,-0.130073,0.077291,0.173427,0.0,-0.115612,0.0,-0.289089,-0.0,-0.173427,-0.404758,
0.005316,-0.970783,0.035336,-0.0,-1.570796,0.0,0.102326,0.033341,0.070226,0.0,0.0,0.0,-0.604816,0.092288,0.496509,0.69345,-0.105294,0.009106,-0.162187,-0.084769,-0.132008,0.233802,-0.130478,0.077377,0.174334,0.0,-0.116217,-0.0,-0.290601,0.0,-0.174334,-0.406872,
0.005418,-0.970749,0.035406,-0.0,-1.570796,0.0,0.102326,0.033341,0.070229,0.0,0.0,0.0,-0.608177,0.093487,0.499165,0.696629,-0.104462,0.009245,-0.162369,-0.08487,-0.13213,0.234335,-0.130884,0.077463,0.17524,0.0,-0.116822,0.0,-0.292113,0.0,-0.17524,-0.408985,
0.00552,-0.970716,0.035476,-0.0,-1.570796,0.0,0.102333,0.033341,0.070231,0.0,0.0,0.0,-0.611538,0.094687,0.501821,0.699808,-0.10363,0.009384,-0.162552,-0.084971,-0.132251,0.234868,-0.13129,0.077549,0.176147,-0.0,-0.117428,0.0,-0.293625,0.0,-0.176147,-0.411099,
0.005623,-0.970683,0.035546,-0.0,-1.570796,0.0,0.102333,0.033417,0.070231,0.0,0.0,0.0,-0.614899,0.095887,0.504477,0.702987,-0.102797,0.009524,-0.162734,-0.085072,-0.132372,0.235401,-0.131695,0.077636,0.177053,0.0,-0.118033,-0.0,-0.295137,0.0,-0.177053,-0.413213,
0.005725,-0.970649,0.035617,-0.0,-1.570796,0.0,0.102326,0.033341,0.070226,0.0,0.0,0.0,-0.618261,0.097086,0.507133,0.706167,-0.101965,0.009663,-0.162917,-0.085173,-0.132493,0.235934,-0.132101,0.077722,0.17796,0.0,-0.118638,0.0,-0.296648,0.0,-0.17796,-0.415327,
0.005827,-0.970616,0.035687,-0.0,-1.570796,0.0,0.102333,0.033341,0.070233,0.0,0.0,0.0,-0.621622,0.098285,0.50979,0.709346,-0.101133,0.009802,-0.163099,-0.085274,-0.132614,0.236467,-0.132506,0.077808,0.178867,0.0,-0.119244,0.0,-0.29816,-0.0,-0.178867,-0.417441,
0.00593,-0.970583,0.035757,-0.0,-1.570796,0.0,0.102326,0.033341,0.070226,0.0,0.0,0.0,-0.624984,0.099485,0.512446,0.712526,-0.1003,0.009941,-0.163282,-0.085375,-0.132735,0.237,-0.132912,0.077894,0.179773,0.0,-0.119849,0.0,-0.299672,-0.0,-0.179773,-0.419555,
0.006032,-0.970549,0.035827,-0.0,-1.570796,0.0,0.102326,0.033341,0.070226,0.0,0.0,0.0,-0.628346,0.100684,0.515102,0.715705,-0.099468,0.01008,-0.163464,-0.085476,-0.132856,0.237533,-0.133317,0.07798,0.18068,0.0,-0.120455,0.0,-0.301184,-0.0,-0.18068,-0.421669,
0.006134,-0.970516,0.035898,-0.0,-1.570796,0.0,0.102333,0.033341,0.070233,0.0,0.0,0.0,-0.631708,0.101884,0.517758,0.718885,-0.098636,0.010219,-0.163646,-0.085577,-0.132977,0.238066,-0.133723,0.078066,0.181586,0.0,-0.12106,0.0,-0.302696,0.0,-0.181586,-0.423783,
0.006237,-0.970483,0.035968,-0.0,-1.570796,0.0,0.102326,0.033341,0.070226,0.0,0.0,0.0,-0.635069,0.103083,0.520415,0.722065,-0.097803,0.010359,-0.163829,-0.085678,-0.133099,0.238599,-0.134129,0.078152,0.182493,-0.0,-0.121665,0.0,-0.304208,-0.0,-0.182493,-0.425897,
0.006339,-0.970449,0.036038,-0.0,-1.570796,0.0,0.102333,0.033341,0.070231,0.0,0.0,0.0,-0.638431,0.104283,0.523071,0.725244,-0.096971,0.010498,-0.164011,-0.085779,-0.13322,0.239132,-0.134534,0.078238,0.183399,0.0,-0.122271,0.0,-0.30572,-0.0,-0.183399,-0.428011,
0.006441,-0.970416,0.036108,-0.0,-1.570796,0.0,0.102327,0.033417,0.070229,0.0,0.0,0.0,-0.641793,0.105482,0.525727,0.728424,-0.096139,0.010637,-0.164194,-0.08588,-0.133341,0.239665,-0.13494,0.078325,0.184306,-0.0,-0.122876,0.0,-0.307232,0.0,-0.184306,-0.430125,
0.006544,-0.970382,0.036179,-0.0,-1.570796,0.0,0.102326,0.033341,0.070226,0.0,0.0,0.0,-0.645155,0.106682,0.528384,0.731603,-0.095307,0.010776,-0.164376,-0.085981,-0.133462,0.240198,-0.135345,0.078411,0.185212,-0.0,-0.123482,0.0,-0.308744,-0.0,-0.185212,-0.432239,
0.006646,-0.970349,0.036249,-0.0,-1.570796,0.0,0.102333,0.033341,0.070231,0.0,0.0,0.0,-0.648517,0.107881,0.53104,0.734783,-0.094474,0.010915,-0.164559,-0.086082,-0.133583,0.240731,-0.135751,0.078497,0.186119,0.0,-0.124087,0.0,-0.310256,-0.0,-0.186119,-0.434353,
0.006748,-0.970316,0.036319,-0.0,-1.570796,0.0,0.102326,0.033341,0.070226,0.0,0.0,0.0,-0.651879,0.109081,0.533696,0.737963,-0.093642,0.011054,-0.164741,-0.086183,-0.133704,0.241264,-0.136157,0.078583,0.187026,-0.0,-0.124692,0.0,-0.311767,0.0,-0.187026,-0.436467,
0.006851,-0.970282,0.036389,-0.0,-1.570796,0.0,0.102333,0.033341,0.070233,0.0,0.0,0.0,-0.65524,0.11028,0.536352,0.741142,-0.09281,0.011194,-0.164923,-0.086284,-0.133825,0.241797,-0.136562,0.078669,0.187932,0.0,-0.125298,0.0,-0.313279,0.0,-0.187932,-0.438581,
0.006953,-0.970249,0.036459,-0.0,-1.570796,0.0,0.102333,0.033341,0.070231,0.0,0.0,0.0,-0.658602,0.11148,0.539009,0.744322,-0.091977,0.011333,-0.165106,-0.086385,-0.133946,0.24233,-0.136968,0.078755,0.188839,-0.0,-0.125903,0.0,-0.314791,-0.0,-0.188839,-0.440695,
0.007055,-0.970216,0.03653,-0.0,-1.570796,0.0,0.102326,0.033341,0.070226,0.0,0.0,0.0,-0.661963,0.112679,0.541665,0.747501,-0.091145,0.011472,-0.165288,-0.086487,-0.134068,0.242863,-0.137373,0.078841,0.189745,-0.0,-0.126509,0.0,-0.316303,0.0,-0.189745,-0.442809,
0.007158,-0.970182,0.0366,-0.0,-1.570796,0.0,0.102326,0.033341,0.070229,0.0,0.0,0.0,-0.665325,0.113879,0.544321,0.75068,-0.090313,0.011611,-0.165471,-0.086588,-0.134189,0.243396,-0.137779,0.078928,0.190652,0.0,-0.127114,0.0,-0.317815,-0.0,-0.190652,-0.444923,
0.00726,-0.970149,0.03667,-0.0,-1.570796,0.0,0.102333,0.033417,0.070231,0.0,0.0,0.0,-0.668686,0.115078,0.546977,0.753859,-0.08948,0.01175,-0.165653,-0.086689,-0.13431,0.243929,-0.138185,0.079014,0.191558,-0.0,-0.127719,0.0,-0.319327,0.0,-0.191558,-0.447037,
0.007362,-0.970116,0.03674,-0.0,-1.570796,0.0,0.102326,0.033341,0.070226,0.0,0.0,0.0,-0.672047,0.116278,0.549633,0.757038,-0.088648,0.011889,-0.165836,-0.08679,-0.134431,0.244462,-0.13859,0.0791,0.192465,0.0,-0.128325,0.0,-0.320839,0.0,-0.192465,-0.44915,
0.007465,-0.970082,0.036811,-0.0,-1.570796,0.0,0.102333,0.033341,0.070231,0.0,0.0,0.0,-0.675408,0.117477,0.552289,0.760217,-0.087816,0.012029,-0.166018,-0.086891,-0.134552,0.244995,-0.138996,0.079186,0.193371,-0.0,-0.12893,0.0,-0.322351,-0.0,-0.193371,-0.451264,
0.007567,-0.970049,0.036881,-0.0,-1.570796,0.0,0.102326,0.033341,0.070229,0.0,0.0,0.0,-0.678768,0.118677,0.554944,0.763396,-0.086983,0.012168,-0.1662,-0.086992,-0.134673,0.245528,-0.139401,0.079272,0.194278,-0.0,-0.129536,0.0,-0.323862,0.0,-0.194278,-0.453378,
0.007669,-0.970016,0.036951,-0.0,-1.570796,0.0,0.102326,0.033341,0.070226,0.0,0.0,0.0,-0.682129,0.119876,0.5576,0.766574,-0.086151,0.012307,-0.166383,-0.087093,-0.134794,0.246061,-0.139807,0.079358,0.195184,0.0,-0.130141,0.0,-0.325374,0.0,-0.195184,-0.455491,
0.007772,-0.969982,0.037021,-0.0,-1.570796,0.0,0.102333,0.033341,0.070231,0.0,0.0,0.0,-0.685489,0.121075,0.560255,0.769752,-0.085319,0.012446,-0.166565,-0.087194,-0.134915,0.246594,-0.140213,0.079444,0.196091,0.0,-0.130746,0.0,-0.326886,0.0,-0.196091,-0.457605,
0.007874,-0.969949,0.037092,-0.0,-1.570796,0.0,0.102326,0.033341,0.070229,0.0,0.0,0.0,-0.688849,0.122275,0.56291,0.77293,-0.084487,0.012585,-0.166748,-0.087295,-0.135037,0.247127,-0.140618,0.07953,0.196998,0.0,-0.131352,0.0,-0.328398,-0.0,-0.196998,-0.459719,
0.007976,-0.969916,0.037162,-0.0,-1.570796,0.0,0.102326,0.033341,0.070226,0.0,0.0,0.0,-0.692208,0.123474,0.565566,0.776108,-0.083654,0.012724,-0.16693,-0.087396,-0.135158,0.24766,-0.141024,0.079617,0.197904,-0.0,-0.131957,0.0,-0.329909,-0.0,-0.197904,-0.461832,
0.00809,-0.969881,0.037226,-0.0,-1.570796,0.0,0.113281,0.034638,0.064037,0.0,0.0,0.0,-0.695374,0.12468,0.568043,0.778985,-0.082708,0.012856,-0.167105,-0.08749,-0.135273,0.248208,-0.14145,0.079696,0.198775,0.0,-0.132539,0.0,-0.331361,0.0,-0.198775,-0.463863,
0.008225,-0.969844,0.037277,-0.0,-1.570796,0.0,0.135676,0.037155,0.051355,0.0,0.0,0.0,-0.698145,0.125901,0.570158,0.781247,-0.081528,0.012971,-0.167262,-0.087568,-0.135376,0.248786,-0.14192,0.079762,0.199574,0.0,-0.133071,0.0,-0.332691,0.0,-0.199574,-0.465727,
0.008361,-0.969807,0.037328,-0.0,-1.570796,0.0,0.135686,0.037232,0.051358,0.0,0.0,0.0,-0.700915,0.127122,0.572273,0.783509,-0.080348,0.013086,-0.16742,-0.087647,-0.135478,0.249364,-0.142391,0.079828,0.200374,-0.0,-0.133603,0.0,-0.334021,-0.0,-0.200374,-0.467591,
0.008497,-0.969769,0.03738,-0.0,-1.570796,0.0,0.135685,0.037155,0.051358,0.0,0.0,0.0,-0.703686,0.128342,0.574388,0.785771,-0.079169,0.013202,-0.167578,-0.087726,-0.135581,0.249942,-0.142861,0.079894,0.201173,-0.0,-0.134136,0.0,-0.335351,0.0,-0.201173,-0.469455,
0.008632,-0.969732,0.037431,-0.0,-1.570796,0.0,0.135676,0.037155,0.051355,0.0,0.0,0.0,-0.706457,0.129563,0.576503,0.788033,-0.077989,0.013317,-0.167736,-0.087805,-0.135684,0.25052,-0.143331,0.07996,0.201972,0.0,-0.134668,0.0,-0.336681,0.0,-0.201972,-0.471319,
0.008768,-0.969695,0.037483,-0.0,-1.570796,0.0,0.135685,0.037232,0.051358,0.0,0.0,0.0,-0.709228,0.130784,0.578618,0.790295,-0.076809,0.013433,-0.167894,-0.087884,-0.135787,0.251098,-0.143801,0.080026,0.202771,0.0,-0.1352,0.0,-0.338011,0.0,-0.202771,-0.473183,
0.008904,-0.969658,0.037534,-0.0,-1.570796,0.0,0.135677,0.037155,0.051355,0.0,0.0,0.0,-0.711999,0.132004,0.580732,0.792557,-0.075629,0.013548,-0.168052,-0.087962,-0.135889,0.251675,-0.144271,0.080092,0.20357,0.0,-0.135733,-0.0,-0.339341,0.0,-0.20357,-0.475047,
0.009039,-0.969621,0.037585,-0.0,-1.570796,0.0,0.135677,0.037232,0.051353,0.0,0.0,0.0,-0.71477,0.133225,0.582848,0.794819,-0.074449,0.013663,-0.168209,-0.088041,-0.135992,0.252253,-0.144741,0.080158,0.204369,0.0,-0.136265,0.0,-0.34067,0.0,-0.204369,-0.476911,
0.009175,-0.969584,0.037637,-0.0,-1.570796,0.0,0.135685,0.037155,0.05136,0.0,0.0,0.0,-0.717542,0.134446,0.584963,0.797082,-0.07327,0.013779,-0.168367,-0.08812,-0.136095,0.252831,-0.145211,0.080224,0.205169,-0.0,-0.136797,0.0,-0.342,0.0,-0.205169,-0.478775,
0.009311,-0.969546,0.037688,-0.0,-1.570796,0.0,0.135676,0.037155,0.051353,0.0,0.0,0.0,-0.720313,0.135666,0.587078,0.799344,-0.07209,0.013894,-0.168525,-0.088199,-0.136198,0.253409,-0.145681,0.08029,0.205968,0.0,-0.13733,0.0,-0.34333,0.0,-0.205968,-0.480639,
0.009446,-0.969509,0.037739,-0.0,-1.570796,0.0,0.135677,0.037232,0.051355,0.0,0.0,0.0,-0.723084,0.136887,0.589193,0.801606,-0.07091,0.014009,-0.168683,-0.088277,-0.136301,0.253987,-0.146151,0.080356,0.206767,0.0,-0.137862,0.0,-0.34466,-0.0,-0.206767,-0.482503,
0.009582,-0.969472,0.037791,-0.0,-1.570796,0.0,0.135685,0.037155,0.051358,0.0,0.0,0.0,-0.725856,0.138108,0.591308,0.803869,-0.06973,0.014125,-0.168841,-0.088356,-0.136403,0.254565,-0.146621,0.080422,0.207566,-0.0,-0.138394,0.0,-0.34599,0.0,-0.207566,-0.484367,
0.009718,-0.969435,0.037842,-0.0,-1.570796,0.0,0.135677,0.037155,0.051355,0.0,0.0,0.0,-0.728627,0.139328,0.593423,0.806131,-0.06855,0.01424,-0.168999,-0.088435,-0.136506,0.255143,-0.147091,0.080488,0.208365,0.0,-0.138927,-0.0,-0.34732,0.0,-0.208365,-0.486231,
0.009853,-0.969398,0.037893,-0.0,-1.570796,0.0,0.135676,0.037232,0.051355,0.0,0.0,0.0,-0.731399,0.140549,0.595539,0.808394,-0.06737,0.014355,-0.169156,-0.088514,-0.136609,0.255721,-0.147561,0.080554,0.209165,0.0,-0.139459,0.0,-0.34865,0.0,-0.209165,-0.488095,
0.009989,-0.96936,0.037945,-0.0,-1.570796,0.0,0.135685,0.037155,0.051358,0.0,0.0,0.0,-0.734171,0.14177,0.597654,0.810656,-0.06619,0.014471,-0.169314,-0.088593,-0.136712,0.256299,-0.148031,0.08062,0.209964,0.0,-0.139991,0.0,-0.34998,-0.0,-0.209964,-0.489959,
0.010125,-0.969323,0.037996,-0.0,-1.570796,0.0,0.135685,0.037232,0.051358,0.0,0.0,0.0,-0.736943,0.142991,0.599769,0.812919,-0.065011,0.014586,-0.169472,-0.088671,-0.136814,0.256877,-0.148501,0.080686,0.210763,0.0,-0.140524,0.0,-0.35131,-0.0,-0.210763,-0.491823,
0.01026,-0.969286,0.038047,-0.0,-1.570796,0.0,0.135677,0.037155,0.051355,0.0,0.0,0.0,-0.739714,0.144211,0.601885,0.815181,-0.063831,0.014702,-0.16963,-0.08875,-0.136917,0.257455,-0.148971,0.080752,0.211562,0.0,-0.141056,0.0,-0.35264,0.0,-0.211562,-0.493687,
0.010396,-0.969249,0.038099,-0.0,-1.570796,0.0,0.135685,0.037155,0.051358,0.0,0.0,0.0,-0.742486,0.145432,0.604,0.817444,-0.062651,0.014817,-0.169788,-0.088829,-0.13702,0.258033,-0.149442,0.080818,0.212361,0.0,-0.141588,0.0,-0.35397,-0.0,-0.212361,-0.495552,
0.010532,-0.969212,0.03815,-0.0,-1.570796,0.0,0.135677,0.037232,0.051355,0.0,0.0,0.0,-0.745258,0.146653,0.606115,0.819706,-0.061471,0.014932,-0.169945,-0.088908,-0.137123,0.258611,-0.149912,0.080884,0.213161,0.0,-0.142121,0.0,-0.3553,-0.0,-0.213161,-0.497416,
0.010667,-0.969175,0.038202,-0.0,-1.570796,0.0,0.135685,0.037155,0.051358,0.0,0.0,0.0,-0.748029,0.147873,0.608231,0.821969,-0.060291,0.015048,-0.170103,-0.088986,-0.137226,0.259188,-0.150382,0.08095,0.21396,0.0,-0.142653,0.0,-0.35663,0.0,-0.21396,-0.49928,
0.010803,-0.969137,0.038253,-0.0,-1.570796,0.0,0.135677,0.037155,0.051355,0.0,0.0,0.0,-0.750801,0.149094,0.610346,0.824231,-0.059111,0.015163,-0.170261,-0.089065,-0.137328,0.259766,-0.150852,0.081015,0.214759,0.0,-0.143185,0.0,-0.35796,0.0,-0.214759,-0.501144,
0.010939,-0.9691,0.038304,-0.0,-1.570796,0.0,0.135677,0.037232,0.051355,0.0,0.0,0.0,-0.753573,0.150315,0.612461,0.826494,-0.057931,0.015278,-0.170419,-0.089144,-0.137431,0.260344,-0.151322,0.081081,0.215558,-0.0,-0.143718,0.0,-0.35929,-0.0,-0.215558,-0.503008,
0.011075,-0.969063,0.038356,-0.0,-1.570796,0.0,0.135685,0.037155,0.051358,0.0,0.0,0.0,-0.756344,0.151536,0.614576,0.828756,-0.056751,0.015394,-0.170577,-0.089223,-0.137534,0.260922,-0.151792,0.081147,0.216357,-0.0,-0.14425,0.0,-0.36062,-0.0,-0.216357,-0.504872,
0.01121,-0.969026,0.038407,-0.0,-1.570796,0.0,0.135676,0.037232,0.051355,0.0,0.0,0.0,-0.759116,0.152756,0.616691,0.831018,-0.055572,0.015509,-0.170735,-0.089302,-0.137637,0.2615,-0.152262,0.081213,0.217156,-0.0,-0.144783,0.0,-0.36195,0.0,-0.217156,-0.506736,
0.011346,-0.968989,0.038458,-0.0,-1.570796,0.0,0.135677,0.037155,0.051353,0.0,0.0,0.0,-0.761887,0.153977,0.618807,0.833281,-0.054392,0.015624,-0.170892,-0.08938,-0.137739,0.262078,-0.152732,0.081279,0.217956,0.0,-0.145315,0.0,-0.36328,-0.0,-0.217956,-0.5086,
0.011482,-0.968951,0.03851,-0.0,-1.570796,0.0,0.135685,0.037155,0.051358,0.0,0.0,0.0,-0.764659,0.155198,0.620922,0.835543,-0.053212,0.01574,-0.17105,-0.089459,-0.137842,0.262656,-0.153202,0.081345,0.218755,0.0,-0.145847,0.0,-0.36461,0.0,-0.218755,-0.510464,
0.011617,-0.968914,0.038561,-0.0,-1.570796,0.0,0.135677,0.037232,0.051355,0.0,0.0,0.0,-0.76743,0.156418,0.623037,0.837805,-0.052032,0.015855,-0.171208,-0.089538,-0.137945,0.263234,-0.153672,0.081411,0.219554,0.0,-0.146379,0.0,-0.36594,0.0,-0.219554,-0.512328,
0.011753,-0.968877,0.038612,-0.0,-1.570796,0.0,0.135685,0.037155,0.051358,0.0,0.0,0.0,-0.770201,0.157639,0.625152,0.840068,-0.050852,0.01597,-0.171366,-0.089617,-0.138048,0.263812,-0.154142,0.081477,0.220353,0.0,-0.146912,0.0,-0.36727,0.0,-0.220353,-0.514192,
0.011889,-0.96884,0.038664,-0.0,-1.570796,0.0,0.135685,0.037155,0.05136,0.0,0.0,0.0,-0.772972,0.15886,0.627267,0.84233,-0.049672,0.016086,-0.171524,-0.089695,-0.138151,0.26439,-0.154612,0.081543,0.221152,0.0,-0.147444,0.0,-0.3686,0.0,-0.221152,-0.516057,
0.012024,-0.968803,0.038715,-0.0,-1.570796,0.0,0.135677,0.037232,0.051353,0.0,0.0,0.0,-0.775743,0.16008,0.629382,0.844592,-0.048493,0.016201,-0.171682,-0.089774,-0.138253,0.264968,-0.155082,0.081609,0.221952,0.0,-0.147977,0.0,-0.369929,0.0,-0.221952,-0.51792,
0.01216,-0.968765,0.038766,-0.0,-1.570796,0.0,0.135677,0.037155,0.051355,0.0,0.0,0.0,-0.778514,0.161301,0.631497,0.846854,-0.047313,0.016317,-0.171839,-0.089853,-0.138356,0.265546,-0.155552,0.081675,0.222751,-0.0,-0.148509,-0.0,-0.371259,0.0,-0.222751,-0.519784,
0.012296,-0.968728,0.038818,-0.0,-1.570796,0.0,0.135685,0.037232,0.051358,0.0,0.0,0.0,-0.781284,0.162522,0.633612,0.849116,-0.046133,0.016432,-0.171997,-0.089932,-0.138459,0.266124,-0.156022,0.081741,0.22355,-0.0,-0.149041,0.0,-0.372589,-0.0,-0.22355,-0.521648,
0.012431,-0.968691,0.038869,-0.0,-1.570796,0.0,0.135677,0.037155,0.051355,0.0,0.0,0.0,-0.784055,0.163742,0.635726,0.851378,-0.044953,0.016547,-0.172155,-0.09001,-0.138562,0.266701,-0.156493,0.081807,0.224349,-0.0,-0.149574,0.0,-0.373919,0.0,-0.224349,-0.523512,
0.012567,-0.968654,0.038921,-0.0,-1.570796,0.0,0.135685,0.037155,0.051358,0.0,0.0,0.0,-0.786825,0.164963,0.637841,0.85364,-0.043773,0.016663,-0.172313,-0.090089,-0.138665,0.267279,-0.156963,0.081873,0.225148,-0.0,-0.150106,0.0,-0.375249,0.0,-0.225148,-0.525376,
0.012772,-0.968612,0.038944,-0.0,-1.570796,0.0,0.204676,0.042191,0.02383,0.0,0.0,0.0,-0.788637,0.16591,0.63915,0.85441,-0.042352,0.016725,-0.172373,-0.090128,-0.138702,0.267891,-0.157533,0.081906,0.22575,0.0,-0.150507,0.0,-0.376251,0.0,-0.22575,-0.52678,
0.012977,-0.96857,0.038968,-0.0,-1.570796,0.0,0.205055,0.042114,0.023677,0.0,0.0,0.0,-0.790443,0.166856,0.640454,0.855173,-0.040929,0.016787,-0.172433,-0.090166,-0.138738,0.268503,-0.158105,0.081939,0.226351,-0.0,-0.150907,0.0,-0.377252,0.0,-0.226351,-0.528182,
0.013182,-0.968527,0.038992,-0.0,-1.570796,0.0,0.205068,0.042191,0.02368,0.0,0.0,0.0,-0.792249,0.167803,0.641759,0.855935,-0.039507,0.01685,-0.172493,-0.090204,-0.138775,0.269115,-0.158676,0.081972,0.226952,0.0,-0.151308,0.0,-0.378252,0.0,-0.226952,-0.529584,
0.013387,-0.968485,0.039015,-0.0,-1.570796,0.0,0.205055,0.042114,0.023677,0.0,0.0,0.0,-0.794055,0.168749,0.643063,0.856698,-0.038084,0.016912,-0.172553,-0.090243,-0.138812,0.269727,-0.159248,0.082005,0.227554,0.0,-0.151708,0.0,-0.379253,-0.0,-0.227554,-0.530986,
0.013592,-0.968443,0.039039,-0.0,-1.570796,0.0,0.205068,0.042191,0.023677,0.0,0.0,0.0,-0.795861,0.169695,0.644367,0.857461,-0.036661,0.016974,-0.172613,-0.090281,-0.138848,0.270339,-0.159819,0.082038,0.228155,0.0,-0.152109,0.0,-0.380254,0.0,-0.228155,-0.532388,
0.013797,-0.968401,0.039063,-0.0,-1.570796,0.0,0.205055,0.042114,0.02368,0.0,0.0,0.0,-0.797668,0.170641,0.645672,0.858223,-0.035238,0.017037,-0.172673,-0.090319,-0.138885,0.270951,-0.160391,0.082071,0.228756,-0.0,-0.152509,0.0,-0.381254,-0.0,-0.228756,-0.53379,
0.014002,-0.968359,0.039086,-0.0,-1.570796,0.0,0.205055,0.042191,0.023677,0.0,0.0,0.0,-0.799474,0.171587,0.646976,0.858986,-0.033815,0.017099,-0.172733,-0.090358,-0.138922,0.271563,-0.160962,0.082104,0.229357,0.0,-0.152909,0.0,-0.382255,-0.0,-0.229357,-0.535191,
0.014207,-0.968317,0.03911,-0.0,-1.570796,0.0,0.205068,0.042114,0.023677,0.0,0.0,0.0,-0.80128,0.172534,0.648281,0.859748,-0.032392,0.017161,-0.172793,-0.090396,-0.138959,0.272175,-0.161534,0.082137,0.229958,-0.0,-0.15331,0.0,-0.383256,0.0,-0.229958,-0.536594,
0.014412,-0.968275,0.039134,-0.0,-1.570796,0.0,0.205068,0.042191,0.02368,0.0,0.0,0.0,-0.803087,0.17348,0.649585,0.860511,-0.030969,0.017223,-0.172853,-0.090435,-0.138995,0.272787,-0.162105,0.08217,0.230559,-0.0,-0.15371,-0.0,-0.384256,-0.0,-0.230559,-0.537996,
0.014617,-0.968232,0.039157,-0.0,-1.570796,0.0,0.205055,0.042191,0.023677,0.0,0.0,0.0,-0.804893,0.174426,0.65089,0.861274,-0.029547,0.017286,-0.172913,-0.090473,-0.139032,0.273399,-0.162677,0.082203,0.23116,-0.0,-0.154111,0.0,-0.385257,0.0,-0.23116,-0.539398,
0.014822,-0.96819,0.039181,-0.0,-1.570796,0.0,0.205069,0.042114,0.02368,0.0,0.0,0.0,-0.8067,0.175372,0.652194,0.862036,-0.028124,0.017348,-0.172974,-0.090511,-0.139069,0.274011,-0.163248,0.082236,0.231761,-0.0,-0.154511,0.0,-0.386257,-0.0,-0.231761,-0.5408,
0.015027,-0.968148,0.039205,-0.0,-1.570796,0.0,0.205055,0.042191,0.023677,0.0,0.0,0.0,-0.808506,0.176318,0.653499,0.862799,-0.026701,0.01741,-0.173034,-0.09055,-0.139105,0.274623,-0.163819,0.082269,0.232362,0.0,-0.154912,0.0,-0.387258,0.0,-0.232362,-0.542202,
0.015232,-0.968106,0.039228,-0.0,-1.570796,0.0,0.205055,0.042114,0.023677,0.0,0.0,0.0,-0.810312,0.177264,0.654803,0.863561,-0.025278,0.017472,-0.173094,-0.090588,-0.139142,0.275235,-0.164391,0.082302,0.232963,-0.0,-0.155312,0.0,-0.388259,0.0,-0.232963,-0.543604,
0.015437,-0.968064,0.039252,-0.0,-1.570796,0.0,0.205068,0.042191,0.02368,0.0,0.0,0.0,-0.812119,0.178211,0.656108,0.864324,-0.023855,0.017535,-0.173154,-0.090626,-0.139179,0.275847,-0.164962,0.082335,0.233564,0.0,-0.155712,0.0,-0.389259,0.0,-0.233564,-0.545006,
0.015643,-0.968022,0.039276,-0.0,-1.570796,0.0,0.205055,0.042114,0.023677,0.0,0.0,0.0,-0.813925,0.179157,0.657412,0.865087,-0.022432,0.017597,-0.173214,-0.090665,-0.139216,0.276459,-0.165534,0.082368,0.234166,0.0,-0.156113,0.0,-0.39026,0.0,-0.234166,-0.546408,
0.015848,-0.967979,0.0393,-0.0,-1.570796,0.0,0.205055,0.042191,0.023677,0.0,0.0,0.0,-0.815731,0.180103,0.658717,0.865849,-0.021009,0.017659,-0.173274,-0.090703,-0.139252,0.277071,-0.166105,0.082401,0.234767,0.0,-0.156513,0.0,-0.391261,-0.0,-0.234767,-0.54781,
0.016053,-0.967937,0.039323,-0.0,-1.570796,0.0,0.205068,0.042191,0.02368,0.0,0.0,0.0,-0.817538,0.181049,0.660022,0.866612,-0.019586,0.017721,-0.173334,-0.090741,-0.139289,0.277683,-0.166677,0.082434,0.235368,-0.0,-0.156914,0.0,-0.392261,-0.0,-0.235368,-0.549212,
0.016258,-0.967895,0.039347,-0.0,-1.570796,0.0,0.205055,0.042114,0.023677,0.0,0.0,0.0,-0.819344,0.181995,0.661326,0.867374,-0.018163,0.017784,-0.173394,-0.09078,-0.139326,0.278295,-0.167248,0.082467,0.235969,-0.0,-0.157314,0.0,-0.393262,0.0,-0.235969,-0.550614,
0.016463,-0.967853,0.039371,-0.0,-1.570796,0.0,0.205068,0.042191,0.02368,0.0,0.0,0.0,-0.821151,0.182942,0.662631,0.868137,-0.01674,0.017846,-0.173454,-0.090818,-0.139362,0.278907,-0.16782,0.0825,0.23657,0.0,-0.157714,-0.0,-0.394263,-0.0,-0.23657,-0.552016,
0.016668,-0.967811,0.039394,-0.0,-1.570796,0.0,0.205056,0.042114,0.023677,0.0,0.0,0.0,-0.822957,0.183888,0.663935,0.8689,-0.015317,0.017908,-0.173514,-0.090856,-0.139399,0.279519,-0.168391,0.082533,0.237171,0.0,-0.158115,0.0,-0.395263,0.0,-0.237171,-0.553418,
0.016873,-0.967769,0.039418,-0.0,-1.570796,0.0,0.205068,0.042191,0.023677,0.0,0.0,0.0,-0.824764,0.184834,0.66524,0.869662,-0.013895,0.01797,-0.173574,-0.090895,-0.139436,0.280131,-0.168963,0.082566,0.237772,0.0,-0.158515,0.0,-0.396264,-0.0,-0.237772,-0.55482,
0.017078,-0.967726,0.039442,-0.0,-1.570796,0.0,0.205068,0.042114,0.02368,0.0,0.0,0.0,-0.82657,0.18578,0.666544,0.870425,-0.012472,0.018033,-0.173634,-0.090933,-0.139473,0.280743,-0.169534,0.082599,0.238373,-0.0,-0.158916,0.0,-0.397265,-0.0,-0.238373,-0.556222,
0.017283,-0.967684,0.039465,-0.0,-1.570796,0.0,0.205055,0.042191,0.023677,0.0,0.0,0.0,-0.828377,0.186726,0.667849,0.871187,-0.011049,0.018095,-0.173694,-0.090972,-0.139509,0.281355,-0.170105,0.082632,0.238974,0.0,-0.159316,0.0,-0.398265,0.0,-0.238974,-0.557624,
0.017488,-0.967642,0.039489,-0.0,-1.570796,0.0,0.205055,0.042114,0.023677,0.0,0.0,0.0,-0.830183,0.187673,0.669153,0.87195,-0.009626,0.018157,-0.173754,-0.09101,-0.139546,0.281967,-0.170677,0.082665,0.239575,0.0,-0.159716,0.0,-0.399266,-0.0,-0.239575,-0.559026,
0.017693,-0.9676,0.039513,-0.0,-1.570796,0.0,0.205068,0.042191,0.02368,0.0,0.0,0.0,-0.831989,0.188619,0.670458,0.872713,-0.008203,0.018219,-0.173814,-0.091048,-0.139583,0.282579,-0.171248,0.082698,0.240176,0.0,-0.160117,0.0,-0.400266,0.0,-0.240176,-0.560428,
0.017898,-0.967558,0.039536,-0.0,-1.570796,0.0,0.205055,0.042191,0.023677,0.0,0.0,0.0,-0.833796,0.189565,0.671762,0.873475,-0.00678,0.018282,-0.173874,-0.091087,-0.139619,0.283191,-0.17182,0.082731,0.240778,0.0,-0.160517,0.0,-0.401267,-0.0,-0.240778,-0.56183,
0.018103,-0.967516,0.03956,-0.0,-1.570796,0.0,0.205055,0.042114,0.023677,0.0,0.0,0.0,-0.835602,0.190511,0.673067,0.874238,-0.005357,0.018344,-0.173934,-0.091125,-0.139656,0.283802,-0.172391,0.082764,0.241379,-0.0,-0.160918,0.0,-0.402268,0.0,-0.241379,-0.563232,
0.018308,-0.967474,0.039584,-0.0,-1.570796,0.0,0.205068,0.042191,0.02368,0.0,0.0,0.0,-0.837408,0.191457,0.674371,0.875,-0.003934,0.018406,-0.173994,-0.091163,-0.139693,0.284414,-0.172963,0.082797,0.24198,-0.0,-0.161318,0.0,-0.403268,0.0,-0.24198,-0.564634,
0.018513,-0.967431,0.039607,-0.0,-1.570796,0.0,0.205055,0.042114,0.023677,0.0,0.0,0.0,-0.839215,0.192403,0.675676,0.875763,-0.002512,0.018468,-0.174054,-0.091202,-0.13973,0.285026,-0.173534,0.08283,0.242581,0.0,-0.161718,0.0,-0.404269,-0.0,-0.242581,-0.566036,
0.018718,-0.967389,0.039631,-0.0,-1.570796,0.0,0.205056,0.042191,0.023677,0.0,0.0,0.0,-0.841021,0.193349,0.67698,0.876526,-0.001089,0.018531,-0.174114,-0.09124,-0.139766,0.285638,-0.174106,0.082863,0.243182,0.0,-0.162119,-0.0,-0.405269,0.0,-0.243182,-0.567438,
0.018923,-0.967347,0.039655,-0.0,-1.570796,0.0,0.205068,0.042114,0.02368,0.0,0.0,0.0,-0.842827,0.194296,0.678284,0.877288,0.000334,0.018593,-0.174174,-0.091278,-0.139803,0.28625,-0.174677,0.082896,0.243783,0.0,-0.162519,0.0,-0.40627,0.0,-0.243783,-0.56884,
0.019129,-0.967305,0.039678,-0.0,-1.570796,0.0,0.205055,0.042191,0.023677,0.0,0.0,0.0,-0.844633,0.195242,0.679589,0.878051,0.001757,0.018655,-0.174234,-0.091317,-0.13984,0.286862,-0.175248,0.082929,0.244384,0.0,-0.16292,0.0,-0.407271,0.0,-0.244384,-0.570242,
0.019334,-0.967263,0.039702,-0.0,-1.570796,0.0,0.205068,0.042191,0.02368,0.0,0.0,0.0,-0.846439,0.196188,0.680893,0.878813,0.00318,0.018718,-0.174294,-0.091355,-0.139876,0.287474,-0.17582,0.082962,0.244985,0.0,-0.16332,0.0,-0.408271,-0.0,-0.244985,-0.571644,
0.019564,-0.967218,0.039705,-0.0,-1.570796,0.0,0.230742,0.044937,0.002923,0.0,0.0,0.0,-0.847643,0.196842,0.681716,0.87858,0.004487,0.018727,-0.174322,-0.091368,-0.139889,0.288104,-0.176431,0.082973,0.245445,0.0,-0.163627,0.0,-0.409039,0.0,-0.245445,-0.572717,
0.019808,-0.967171,0.039697,-0.0,-1.570796,0.0,0.243909,0.046387,-0.007732,0.0,0.0,0.0,-0.848538,0.197346,0.682292,0.877836,0.005736,0.018708,-0.174335,-0.091368,-0.139889,0.288743,-0.177061,0.082973,0.245833,-0.0,-0.163886,-0.0,-0.409687,-0.0,-0.245833,-0.573622,
0.020052,-0.967125,0.03969,-0.0,-1.570796,0.0,0.243924,0.046463,-0.007732,0.0,0.0,0.0,-0.849433,0.197851,0.682868,0.877091,0.006985,0.01869,-0.174347,-0.091368,-0.139889,0.289382,-0.177692,0.082973,0.24622,0.0,-0.164145,0.0,-0.410334,0.0,-0.24622,-0.574527,
0.020296,-0.967079,0.039682,-0.0,-1.570796,0.0,0.243907,0.046387,-0.007732,0.0,0.0,0.0,-0.850329,0.198355,0.683444,0.876347,0.008234,0.018672,-0.174359,-0.091368,-0.139889,0.29002,-0.178323,0.082973,0.246608,-0.0,-0.164404,0.0,-0.410982,0.0,-0.246608,-0.575431,
0.02054,-0.967032,0.039674,-0.0,-1.570796,0.0,0.243907,0.046463,-0.007732,0.0,0.0,0.0,-0.851224,0.198859,0.68402,0.875602,0.009483,0.018653,-0.174372,-0.091368,-0.139889,0.290659,-0.178954,0.082973,0.246996,0.0,-0.164663,-0.0,-0.41163,-0.0,-0.246996,-0.576336,
0.020784,-0.966986,0.039666,-0.0,-1.570796,0.0,0.243924,0.046387,-0.007732,0.0,0.0,0.0,-0.852119,0.199364,0.684597,0.874858,0.010732,0.018635,-0.174384,-0.091368,-0.139889,0.291298,-0.179585,0.082973,0.247383,0.0,-0.164923,0.0,-0.412278,0.0,-0.247383,-0.577241,
0.021028,-0.966939,0.039659,-0.0,-1.570796,0.0,0.24391,0.046463,-0.007732,0.0,0.0,0.0,-0.853014,0.199868,0.685172,0.874113,0.011981,0.018617,-0.174396,-0.091368,-0.139889,0.291937,-0.180215,0.082973,0.247771,-0.0,-0.165182,0.0,-0.412925,-0.0,-0.247771,-0.578146,
0.021272,-0.966893,0.039651,-0.0,-1.570796,0.0,0.243907,0.046387,-0.007734,0.0,0.0,0.0,-0.853909,0.200372,0.685749,0.873369,0.01323,0.018598,-0.174409,-0.091368,-0.139889,0.292576,-0.180846,0.082973,0.248158,0.0,-0.165441,0.0,-0.413573,0.0,-0.248158,-0.579051,
0.021516,-0.966846,0.039643,-0.0,-1.570796,0.0,0.243924,0.046463,-0.007732,0.0,0.0,0.0,-0.854804,0.200876,0.686325,0.872624,0.014479,0.01858,-0.174421,-0.091368,-0.139889,0.293214,-0.181477,0.082973,0.248546,0.0,-0.1657,-0.0,-0.414221,-0.0,-0.248546,-0.579956,
0.02176,-0.9668,0.039635,-0.0,-1.570796,0.0,0.243907,0.046387,-0.007732,0.0,0.0,0.0,-0.855699,0.201381,0.686901,0.87188,0.015727,0.018562,-0.174433,-0.091368,-0.139889,0.293853,-0.182108,0.082973,0.248933,-0.0,-0.165959,0.0,-0.414868,0.0,-0.248933,-0.58086,
0.022003,-0.966754,0.039628,-0.0,-1.570796,0.0,0.243924,0.046463,-0.007732,0.0,0.0,0.0,-0.856594,0.201885,0.687477,0.871135,0.016976,0.018543,-0.174446,-0.091368,-0.139889,0.294492,-0.182739,0.082973,0.249321,0.0,-0.166218,0.0,-0.415516,0.0,-0.249321,-0.581765,
0.022247,-0.966707,0.03962,-0.0,-1.570796,0.0,0.243907,0.046387,-0.007732,0.0,0.0,0.0,-0.85749,0.202389,0.688053,0.870391,0.018225,0.018525,-0.174458,-0.091368,-0.139889,0.295131,-0.183369,0.082973,0.249709,0.0,-0.166477,0.0,-0.416164,0.0,-0.249709,-0.58267,
0.022491,-0.966661,0.039612,-0.0,-1.570796,0.0,0.24391,0.046387,-0.007732,0.0,0.0,0.0,-0.858385,0.202893,0.688629,0.869646,0.019474,0.018507,-0.17447,-0.091368,-0.139889,0.29577,-0.184,0.082973,0.250096,0.0,-0.166736,0.0,-0.416812,0.0,-0.250096,-0.583575,
0.022735,-0.966614,0.039604,-0.0,-1.570796,0.0,0.243924,0.046463,-0.007732,0.0,0.0,0.0,-0.85928,0.203398,0.689205,0.868902,0.020723,0.018488,-0.174482,-0.091368,-0.139889,0.296409,-0.184631,0.082973,0.250484,-0.0,-0.166995,0.0,-0.41746,0.0,-0.250484,-0.58448,
0.022979,-0.966568,0.039597,-0.0,-1.570796,0.0,0.243924,0.046387,-0.007732,0.0,0.0,0.0,-0.860175,0.203902,0.689781,0.868157,0.021972,0.01847,-0.174495,-0.091368,-0.139889,0.297048,-0.185262,0.082973,0.250871,0.0,-0.167254,0.0,-0.418107,0.0,-0.250871,-0.585385,
0.023223,-0.966521,0.039589,-0.0,-1.570796,0.0,0.243907,0.046463,-0.007732,0.0,0.0,0.0,-0.86107,0.204406,0.690357,0.867413,0.023221,0.018452,-0.174507,-0.091368,-0.139889,0.297686,-0.185893,0.082973,0.251259,-0.0,-0.167514,0.0,-0.418755,0.0,-0.251259,-0.586289,
0.023467,-0.966475,0.039581,-0.0,-1.570796,0.0,0.243924,0.046387,-0.007734,0.0,0.0,0.0,-0.861965,0.204911,0.690933,0.866668,0.02447,0.018434,-0.174519,-0.091368,-0.139889,0.298325,-0.186523,0.082973,0.251647,-0.0,-0.167773,0.0,-0.419403,0.0,-0.251647,-0.587194,
0.023711,-0.966429,0.039574,-0.0,-1.570796,0.0,0.243907,0.046463,-0.007732,0.0,0.0,0.0,-0.86286,0.205415,0.691509,0.865924,0.025719,0.018415,-0.174532,-0.091368,-0.139889,0.298964,-0.187154,0.082973,0.252034,-0.0,-0.168032,0.0,-0.420051,0.0,-0.252034,-0.588099,
0.023955,-0.966382,0.039566,-0.0,-1.570796,0.0,0.24391,0.046387,-0.007732,0.0,0.0,0.0,-0.863756,0.205919,0.692085,0.865179,0.026968,0.018397,-0.174544,-0.091368,-0.139889,0.299603,-0.187785,0.082973,0.252422,-0.0,-0.168291,-0.0,-0.420698,-0.0,-0.252422,-0.589004,
0.024199,-0.966336,0.039558,-0.0,-1.570796,0.0,0.243922,0.046463,-0.007732,0.0,0.0,0.0,-0.864651,0.206423,0.692661,0.864435,0.028217,0.018379,-0.174556,-0.091368,-0.139889,0.300242,-0.188416,0.082973,0.252809,-0.0,-0.16855,0.0,-0.421346,0.0,-0.252809,-0.589909,
0.024443,-0.966289,0.03955,-0.0,-1.570796,0.0,0.24391,0.046387,-0.007732,0.0,0.0,0.0,-0.865546,0.206928,0.693237,0.86369,0.029466,0.01836,-0.174569,-0.091368,-0.139889,0.30088,-0.189047,0.082973,0.253197,-0.0,-0.168809,0.0,-0.421994,0.0,-0.253197,-0.590814,
0.024687,-0.966243,0.039543,-0.0,-1.570796,0.0,0.243924,0.046463,-0.007732,0.0,0.0,0.0,-0.866441,0.207432,0.693813,0.862946,0.030715,0.018342,-0.174581,-0.091368,-0.139889,0.301519,-0.189678,0.082973,0.253585,0.0,-0.169068,0.0,-0.422642,0.0,-0.253585,-0.591719,
0.02493,-0.966196,0.039535,-0.0,-1.570796,0.0,0.243907,0.046387,-0.007732,0.0,0.0,0.0,-0.867336,0.207936,0.694389,0.862201,0.031964,0.018324,-0.174593,-0.091368,-0.139889,0.302158,-0.190308,0.082973,0.253972,-0.0,-0.169327,0.0,-0.423289,-0.0,-0.253972,-0.592623,
0.025174,-0.96615,0.039527,-0.0,-1.570796,0.0,0.243907,0.046387,-0.007732,0.0,0.0,0.0,-0.868231,0.20844,0.694965,0.861457,0.033213,0.018305,-0.174606,-0.091368,-0.139889,0.302797,-0.190939,0.082973,0.25436,-0.0,-0.169586,0.0,-0.423937,0.0,-0.25436,-0.593528,
0.025418,-0.966104,0.039519,-0.0,-1.570796,0.0,0.243924,0.046463,-0.007732,0.0,0.0,0.0,-0.869126,0.208945,0.695541,0.860712,0.034462,0.018287,-0.174618,-0.091368,-0.139889,0.303436,-0.19157,0.082973,0.254747,-0.0,-0.169845,0.0,-0.424585,-0.0,-0.254747,-0.594433,
0.025662,-0.966057,0.039512,-0.0,-1.570796,0.0,0.24391,0.046387,-0.007732,0.0,0.0,0.0,-0.870021,0.209449,0.696117,0.859968,0.035711,0.018269,-0.17463,-0.091368,-0.139889,0.304075,-0.192201,0.082973,0.255135,0.0,-0.170104,0.0,-0.425233,0.0,-0.255135,-0.595338,
0.025906,-0.966011,0.039504,-0.0,-1.570796,0.0,0.243922,0.046463,-0.007734,0.0,0.0,0.0,-0.870917,0.209953,0.696693,0.859223,0.03696,0.01825,-0.174643,-0.091368,-0.139889,0.304713,-0.192832,0.082973,0.255523,-0.0,-0.170364,0.0,-0.42588,-0.0,-0.255523,-0.596243,
0.02615,-0.965964,0.039496,-0.0,-1.570796,0.0,0.243924,0.046387,-0.007732,0.0,0.0,0.0,-0.871812,0.210457,0.697269,0.858479,0.038209,0.018232,-0.174655,-0.091368,-0.139889,0.305352,-0.193462,0.082973,0.25591,-0.0,-0.170623,0.0,-0.426528,-0.0,-0.25591,-0.597148,
0.026394,-0.965918,0.039488,-0.0,-1.570796,0.0,0.24391,0.046463,-0.007732,0.0,0.0,0.0,-0.872707,0.210962,0.697845,0.857734,0.039457,0.018214,-0.174667,-0.091368,-0.139889,0.305991,-0.194093,0.082973,0.256298,0.0,-0.170882,0.0,-0.427176,0.0,-0.256298,-0.598052,
0.026638,-0.965872,0.039481,-0.0,-1.570796,0.0,0.243907,0.046387,-0.007732,0.0,0.0,0.0,-0.873602,0.211466,0.698421,0.85699,0.040706,0.018196,-0.17468,-0.091368,-0.139889,0.30663,-0.194724,0.082973,0.256685,-0.0,-0.171141,0.0,-0.427824,0.0,-0.256685,-0.598957,
0.026882,-0.965825,0.039473,-0.0,-1.570796,0.0,0.243924,0.046463,-0.007732,0.0,0.0,0.0,-0.874497,0.21197,0.698997,0.856245,0.041955,0.018177,-0.174692,-0.091368,-0.139889,0.307269,-0.195355,0.082973,0.257073,-0.0,-0.1714,0.0,-0.428471,0.0,-0.257073,-0.599862,
0.027126,-0.965779,0.039465,-0.0,-1.570796,0.0,0.243907,0.046387,-0.007732,0.0,0.0,0.0,-0.875392,0.212475,0.699573,0.855501,0.043204,0.018159,-0.174704,-0.091368,-0.139889,0.307907,-0.195986,0.082973,0.257461,-0.0,-0.171659,0.0,-0.429119,0.0,-0.257461,-0.600767,
0.02737,-0.965732,0.039458,-0.0,-1.570796,0.0,0.24391,0.046387,-0.007732,0.0,0.0,0.0,-0.876287,0.212979,0.700149,0.854756,0.044453,0.018141,-0.174717,-0.091368,-0.139889,0.308546,-0.196616,0.082973,0.257848,0.0,-0.171918,0.0,-0.429767,0.0,-0.257848,-0.601672,
0.027629,-0.965684,0.039433,-0.0,-1.570796,0.0,0.259142,0.048142,-0.024493,0.0,0.0,0.0,-0.876845,0.213299,0.700463,0.853495,0.045393,0.018086,-0.174711,-0.091344,-0.139874,0.309193,-0.19727,0.082951,0.258136,-0.0,-0.172111,0.0,-0.430254,-0.0,-0.25814,-0.602344,
0.027919,-0.965633,0.039374,-0.0,-1.570796,0.0,0.290449,0.051575,-0.058987,0.0,0.0,0.0,-0.876709,0.213243,0.700235,0.85117,0.045699,0.017958,-0.174667,-0.091272,-0.13983,0.309855,-0.197972,0.082883,0.258219,0.0,-0.172166,-0.0,-0.430412,0.0,-0.258234,-0.602538,
0.02821,-0.965581,0.039315,-0.0,-1.570796,0.0,0.290471,0.051575,-0.058992,0.0,0.0,0.0,-0.876572,0.213185,0.700007,0.848844,0.046005,0.01783,-0.174624,-0.091199,-0.139786,0.310517,-0.198673,0.082815,0.258302,0.0,-0.172221,0.0,-0.430569,-0.0,-0.258328,-0.602731,
0.0285,-0.965529,0.039256,-0.0,-1.570796,0.0,0.290449,0.051575,-0.058987,0.0,0.0,0.0,-0.876436,0.213128,0.699779,0.846519,0.046311,0.017702,-0.17458,-0.091126,-0.139742,0.311179,-0.199375,0.082748,0.258385,0.0,-0.172276,0.0,-0.430727,0.0,-0.258422,-0.602925,
0.028791,-0.965478,0.039197,-0.0,-1.570796,0.0,0.290452,0.051575,-0.058987,0.0,0.0,0.0,-0.876299,0.213071,0.699551,0.844193,0.046617,0.017574,-0.174536,-0.091054,-0.139698,0.311841,-0.200076,0.08268,0.258469,0.0,-0.172331,0.0,-0.430884,0.0,-0.258516,-0.603119,
0.029081,-0.965426,0.039138,-0.0,-1.570796,0.0,0.290468,0.051651,-0.058992,0.0,0.0,0.0,-0.876163,0.213014,0.699323,0.841867,0.046923,0.017445,-0.174493,-0.090981,-0.139654,0.312503,-0.200778,0.082612,0.258552,0.0,-0.172386,0.0,-0.431042,-0.0,-0.258611,-0.603313,
0.029371,-0.965375,0.039079,-0.0,-1.570796,0.0,0.290468,0.051575,-0.058992,0.0,0.0,0.0,-0.876026,0.212957,0.699095,0.839541,0.047229,0.017317,-0.174449,-0.090908,-0.13961,0.313166,-0.201479,0.082544,0.258635,0.0,-0.172441,0.0,-0.431199,0.0,-0.258705,-0.603506,
0.029662,-0.965323,0.03902,-0.0,-1.570796,0.0,0.290449,0.051575,-0.058987,0.0,0.0,0.0,-0.87589,0.2129,0.698867,0.837216,0.047535,0.017189,-0.174406,-0.090836,-0.139566,0.313828,-0.20218,0.082476,0.258718,-0.0,-0.172497,0.0,-0.431357,0.0,-0.258799,-0.6037,
0.029952,-0.965272,0.038961,-0.0,-1.570796,0.0,0.290471,0.051575,-0.058992,0.0,0.0,0.0,-0.875753,0.212843,0.698639,0.83489,0.04784,0.017061,-0.174362,-0.090763,-0.139522,0.31449,-0.202882,0.082408,0.258801,0.0,-0.172552,0.0,-0.431514,0.0,-0.258893,-0.603894,
0.030243,-0.96522,0.038902,-0.0,-1.570796,0.0,0.290449,0.051575,-0.058987,0.0,0.0,0.0,-0.875617,0.212786,0.698411,0.832564,0.048146,0.016933,-0.174319,-0.09069,-0.139478,0.315152,-0.203583,0.082341,0.258884,-0.0,-0.172607,0.0,-0.431672,0.0,-0.258987,-0.604088,
0.030533,-0.965168,0.038843,-0.0,-1.570796,0.0,0.290452,0.051575,-0.058987,0.0,0.0,0.0,-0.87548,0.212729,0.698183,0.830238,0.048452,0.016805,-0.174275,-0.090618,-0.139434,0.315814,-0.204285,0.082273,0.258967,0.0,-0.172662,0.0,-0.431829,0.0,-0.259082,-0.604281,
0.030824,-0.965117,0.038784,-0.0,-1.570796,0.0,0.290468,0.051575,-0.058992,0.0,0.0,0.0,-0.875344,0.212672,0.697955,0.827912,0.048758,0.016676,-0.174231,-0.090545,-0.13939,0.316476,-0.204986,0.082205,0.25905,0.0,-0.172717,0.0,-0.431987,0.0,-0.259176,-0.604475,
0.031114,-0.965065,0.038725,-0.0,-1.570796,0.0,0.290449,0.051575,-0.058987,0.0,0.0,0.0,-0.875207,0.212615,0.697728,0.825586,0.049064,0.016548,-0.174188,-0.090472,-0.139346,0.317139,-0.205688,0.082137,0.259133,-0.0,-0.172772,0.0,-0.432144,0.0,-0.25927,-0.604669,
0.031405,-0.965014,0.038666,-0.0,-1.570796,0.0,0.290452,0.051575,-0.058987,0.0,0.0,0.0,-0.875071,0.212558,0.6975,0.82326,0.04937,0.01642,-0.174144,-0.0904,-0.139302,0.317801,-0.206389,0.082069,0.259216,0.0,-0.172827,0.0,-0.432301,-0.0,-0.259364,-0.604863,
0.031695,-0.964962,0.038607,-0.0,-1.570796,0.0,0.290468,0.051575,-0.058992,0.0,0.0,0.0,-0.874934,0.212501,0.697272,0.820933,0.049676,0.016292,-0.174101,-0.090327,-0.139258,0.318463,-0.207091,0.082002,0.259299,-0.0,-0.172882,0.0,-0.432459,-0.0,-0.259458,-0.605056,
0.031986,-0.96491,0.038548,-0.0,-1.570796,0.0,0.290452,0.051651,-0.058987,0.0,0.0,0.0,-0.874797,0.212444,0.697044,0.818607,0.049982,0.016164,-0.174057,-0.090254,-0.139214,0.319125,-0.207792,0.081934,0.259383,0.0,-0.172938,0.0,-0.432616,0.0,-0.259552,-0.60525,
0.032276,-0.964859,0.038489,-0.0,-1.570796,0.0,0.290468,0.051575,-0.05899,0.0,0.0,0.0,-0.874661,0.212387,0.696816,0.816281,0.050288,0.016035,-0.174014,-0.090181,-0.13917,0.319787,-0.208494,0.081866,0.259466,0.0,-0.172993,0.0,-0.432774,0.0,-0.259647,-0.605444,
0.032567,-0.964807,0.03843,-0.0,-1.570796,0.0,0.290449,0.051575,-0.05899,0.0,0.0,0.0,-0.874524,0.21233,0.696588,0.813955,0.050593,0.015907,-0.17397,-0.090109,-0.139126,0.320449,-0.209195,0.081798,0.259549,0.0,-0.173048,0.0,-0.432931,0.0,-0.259741,-0.605638,
0.032857,-0.964756,0.038371,-0.0,-1.570796,0.0,0.290452,0.051575,-0.058987,0.0,0.0,0.0,-0.874388,0.212273,0.69636,0.811629,0.050899,0.015779,-0.173926,-0.090036,-0.139081,0.321112,-0.209897,0.08173,0.259632,0.0,-0.173103,0.0,-0.433089,0.0,-0.259835,-0.605831,
0.033147,-0.964704,0.038312,-0.0,-1.570796,0.0,0.290487,0.051575,-0.058994,0.0,0.0,0.0,-0.874251,0.212216,0.696132,0.809303,0.051205,0.015651,-0.173883,-0.089963,-0.139037,0.321774,-0.210598,0.081663,0.259715,0.0,-0.173158,0.0,-0.433246,0.0,-0.259929,-0.606025,
0.033438,-0.964653,0.038253,-0.0,-1.570796,0.0,0.290449,0.051575,-0.058987,0.0,0.0,0.0,-0.874115,0.212159,0.695904,0.806976,0.051511,0.015523,-0.173839,-0.089891,-0.138993,0.322436,-0.2113,0.081595,0.259798,0.0,-0.173213,0.0,-0.433404,0.0,-0.260023,-0.606219,
0.033728,-0.964601,0.038194,-0.0,-1.570796,0.0,0.290452,0.051575,-0.058987,0.0,0.0,0.0,-0.873978,0.212102,0.695676,0.80465,0.051817,0.015395,-0.173796,-0.089818,-0.138949,0.323098,-0.212001,0.081527,0.259881,-0.0,-0.173268,0.0,-0.433561,0.0,-0.260118,-0.606413,
0.034019,-0.964549,0.038135,-0.0,-1.570796,0.0,0.290468,0.051575,-0.058992,0.0,0.0,0.0,-0.873842,0.212045,0.695448,0.802324,0.052123,0.015266,-0.173752,-0.089745,-0.138905,0.32376,-0.212703,0.081459,0.259964,0.0,-0.173324,0.0,-0.433719,0.0,-0.260212,-0.606607,
0.034309,-0.964498,0.038076,-0.0,-1.570796,0.0,0.290449,0.051575,-0.058987,0.0,0.0,0.0,-0.873705,0.211988,0.69522,0.799998,0.052429,0.015138,-0.173709,-0.089673,-0.138861,0.324422,-0.213404,0.081391,0.260047,-0.0,-0.173379,0.0,-0.433876,0.0,-0.260306,-0.6068,
0.0346,-0.964446,0.038017,-0.0,-1.570796,0.0,0.290452,0.051575,-0.058987,0.0,0.0,0.0,-0.873569,0.21193,0.694992,0.797672,0.052735,0.01501,-0.173665,-0.0896,-0.138817,0.325085,-0.214105,0.081324,0.26013,-0.0,-0.173434,0.0,-0.434034,-0.0,-0.2604,-0.606994,
0.03489,-0.964395,0.037958,-0.0,-1.570796,0.0,0.290468,0.051651,-0.058992,0.0,0.0,0.0,-0.873432,0.211873,0.694764,0.795346,0.053041,0.014882,-0.173621,-0.089527,-0.138773,0.325747,-0.214807,0.081256,0.260214,0.0,-0.173489,0.0,-0.434191,0.0,-0.260494,-0.607188,
0.035181,-0.964343,0.037899,-0.0,-1.570796,0.0,0.290452,0.051575,-0.058987,0.0,0.0,0.0,-0.873296,0.211816,0.694536,0.793021,0.053346,0.014754,-0.173578,-0.089455,-0.138729,0.326409,-0.215508,0.081188,0.260297,-0.0,-0.173544,0.0,-0.434349,0.0,-0.260588,-0.607381,
0.035471,-0.964291,0.03784,-0.0,-1.570796,0.0,0.290468,0.051575,-0.058992,0.0,0.0,0.0,-0.873159,0.211759,0.694309,0.790695,0.053652,0.014625,-0.173534,-0.089382,-0.138685,0.327071,-0.21621,0.08112,0.26038,-0.0,-0.173599,0.0,-0.434506,0.0,-0.260683,-0.607575,
0.035762,-0.96424,0.037781,-0.0,-1.570796,0.0,0.290449,0.051575,-0.058987,0.0,0.0,0.0,-0.873023,0.211702,0.694081,0.788369,0.053958,0.014497,-0.173491,-0.089309,-0.138641,0.327733,-0.216911,0.081052,0.260463,0.0,-0.173654,0.0,-0.434664,0.0,-0.260777,-0.607769,
0.036052,-0.964188,0.037722,-0.0,-1.570796,0.0,0.290452,0.051575,-0.058987,0.0,0.0,0.0,-0.872886,0.211645,0.693853,0.786043,0.054264,0.014369,-0.173447,-0.089236,-0.138597,0.328395,-0.217613,0.080985,0.260546,0.0,-0.17371,0.0,-0.434821,0.0,-0.260871,-0.607963,
0.036342,-0.964137,0.037663,-0.0,-1.570796,0.0,0.290468,0.051575,-0.058992,0.0,0.0,0.0,-0.87275,0.211588,0.693625,0.783718,0.05457,0.014241,-0.173404,-0.089164,-0.138553,0.329058,-0.218314,0.080917,0.260629,0.0,-0.173765,-0.0,-0.434979,-0.0,-0.260965,-0.608157,
0.036633,-0.964085,0.037604,-0.0,-1.570796,0.0,0.290452,0.051575,-0.058987,0.0,0.0,0.0,-0.872613,0.211531,0.693397,0.781392,0.054876,0.014113,-0.17336,-0.089091,-0.138509,0.32972,-0.219016,0.080849,0.260712,0.0,-0.17382,0.0,-0.435136,0.0,-0.261059,-0.60835,
0.036923,-0.964034,0.037545,-0.0,-1.570796,0.0,0.290468,0.051575,-0.058992,0.0,0.0,0.0,-0.872477,0.211474,0.693169,0.779067,0.055182,0.013985,-0.173316,-0.089018,-0.138465,0.330382,-0.219717,0.080781,0.260795,0.0,-0.173875,0.0,-0.435294,0.0,-0.261153,-0.608544,
0.037214,-0.963982,0.037486,-0.0,-1.570796,0.0,0.290468,0.051575,-0.05899,0.0,0.0,0.0,-0.87234,0.211417,0.692941,0.776741,0.055488,0.013856,-0.173273,-0.088946,-0.138421,0.331044,-0.220419,0.080713,0.260878,-0.0,-0.17393,0.0,-0.435451,-0.0,-0.261248,-0.608738,
0.037567,-0.963925,0.037384,-0.0,-1.570796,0.0,0.353284,0.05661,-0.10205,0.0,0.0,0.0,-0.871294,0.210906,0.692068,0.773319,0.05518,0.013675,-0.173106,-0.088817,-0.138302,0.331685,-0.221183,0.0806,0.260629,-0.00006,-0.173775,0.0,-0.435201,0.000045,-0.261091,-0.608141,
0.037921,-0.963869,0.037282,-0.0,-1.570796,0.0,0.353714,0.05661,-0.102341,0.0,0.0,0.0,-0.870241,0.210392,0.69119,0.769888,0.054869,0.013494,-0.172938,-0.088688,-0.138183,0.332326,-0.221948,0.080486,0.260378,-0.00012,-0.173619,0.0,-0.434948,0.000091,-0.260932,-0.60754,
0.038275,-0.963812,0.03718,-0.0,-1.570796,0.0,0.353735,0.05661,-0.102346,0.0,0.0,0.0,-0.869188,0.209877,0.690313,0.766457,0.054558,0.013313,-0.172771,-0.088558,-0.138063,0.332967,-0.222713,0.080373,0.260127,-0.000181,-0.173463,0.0,-0.434695,0.000137,-0.260773,-0.606938,
0.038628,-0.963756,0.037077,-0.0,-1.570796,0.0,0.353711,0.05661,-0.102341,0.0,0.0,0.0,-0.868135,0.209363,0.689435,0.763026,0.054246,0.013132,-0.172603,-0.088429,-0.137944,0.333608,-0.223479,0.080259,0.259876,-0.000241,-0.173307,0.0,-0.434442,0.000183,-0.260614,-0.606336,
0.038982,-0.963699,0.036975,-0.0,-1.570796,0.0,0.353735,0.05661,-0.102348,0.0,0.0,0.0,-0.867082,0.208849,0.688557,0.759595,0.053935,0.01295,-0.172435,-0.0883,-0.137825,0.334249,-0.224244,0.080146,0.259625,-0.000302,-0.173151,0.0,-0.434189,0.000229,-0.260455,-0.605735,
0.039336,-0.963642,0.036873,-0.0,-1.570796,0.0,0.353711,0.05661,-0.102341,0.0,0.0,0.0,-0.866029,0.208334,0.68768,0.756164,0.053624,0.012769,-0.172268,-0.08817,-0.137705,0.33489,-0.225009,0.080032,0.259374,-0.000362,-0.172994,0.0,-0.433936,0.000274,-0.260297,-0.605133,
0.039689,-0.963586,0.03677,-0.0,-1.570796,0.0,0.353711,0.05661,-0.102341,0.0,0.0,0.0,-0.864976,0.20782,0.686802,0.752732,0.053312,0.012588,-0.1721,-0.088041,-0.137586,0.335532,-0.225774,0.079918,0.259123,-0.000423,-0.172838,-0.0,-0.433683,0.00032,-0.260138,-0.604531,
0.040043,-0.963529,0.036668,-0.0,-1.570796,0.0,0.353737,0.05661,-0.102346,0.0,0.0,0.0,-0.863923,0.207306,0.685924,0.7493,0.053001,0.012406,-0.171932,-0.087912,-0.137467,0.336173,-0.226539,0.079805,0.258872,-0.000483,-0.172682,0.0,-0.43343,0.000366,-0.259979,-0.603929,
0.040397,-0.963472,0.036566,-0.0,-1.570796,0.0,0.353709,0.05661,-0.102341,0.0,0.0,0.0,-0.86287,0.206791,0.685047,0.745868,0.052689,0.012225,-0.171765,-0.087782,-0.137347,0.336814,-0.227304,0.079691,0.258621,-0.000543,-0.172526,0.0,-0.433177,0.000412,-0.25982,-0.603328,
0.040751,-0.963416,0.036463,-0.0,-1.570796,0.0,0.353714,0.05661,-0.102341,0.0,0.0,0.0,-0.861817,0.206277,0.684169,0.742436,0.052378,0.012044,-0.171597,-0.087653,-0.137228,0.337455,-0.228069,0.079577,0.25837,-0.000604,-0.172369,0.0,-0.432923,0.000457,-0.259661,-0.602726,
0.041104,-0.963359,0.036361,-0.0,-1.570796,0.0,0.353733,0.05661,-0.102348,0.0,0.0,0.0,-0.860764,0.205763,0.683291,0.739003,0.052067,0.011863,-0.171429,-0.087524,-0.137109,0.338096,-0.228834,0.079464,0.258119,-0.000664,-0.172213,0.0,-0.43267,0.000503,-0.259503,-0.602124,
0.041458,-0.963303,0.036259,-0.0,-1.570796,0.0,0.353737,0.05661,-0.102346,0.0,0.0,0.0,-0.859711,0.205248,0.682414,0.73557,0.051755,0.011681,-0.171262,-0.087394,-0.13699,0.338737,-0.229599,0.07935,0.257867,-0.000725,-0.172057,0.0,-0.432417,0.000549,-0.259344,-0.601522,
0.041812,-0.963246,0.036156,-0.0,-1.570796,0.0,0.353709,0.05661,-0.102341,0.0,0.0,0.0,-0.858658,0.204734,0.681536,0.732138,0.051444,0.0115,-0.171094,-0.087265,-0.13687,0.339378,-0.230364,0.079237,0.257616,-0.000785,-0.171901,0.0,-0.432164,0.000595,-0.259185,-0.600921,
0.042166,-0.963189,0.036054,-0.0,-1.570796,0.0,0.353737,0.056686,-0.102348,0.0,0.0,0.0,-0.857605,0.20422,0.680658,0.728705,0.051133,0.011319,-0.170926,-0.087136,-0.136751,0.340019,-0.23113,0.079123,0.257365,-0.000846,-0.171745,0.0,-0.431911,0.000641,-0.259026,-0.600319,
0.042519,-0.963133,0.035952,-0.0,-1.570796,0.0,0.353709,0.05661,-0.102341,0.0,0.0,0.0,-0.856552,0.203705,0.679781,0.725272,0.050821,0.011138,-0.170759,-0.087006,-0.136632,0.34066,-0.231895,0.079009,0.257114,-0.000906,-0.171588,-0.0,-0.431658,0.000686,-0.258867,-0.599717,
0.042873,-0.963076,0.035849,-0.0,-1.570796,0.0,0.353714,0.05661,-0.102341,0.0,0.0,0.0,-0.855499,0.203191,0.678903,0.72184,0.05051,0.010956,-0.170591,-0.086877,-0.136512,0.341301,-0.23266,0.078896,0.256863,-0.000966,-0.171432,0.0,-0.431405,0.000732,-0.258709,-0.599116,
0.043227,-0.96302,0.035747,-0.0,-1.570796,0.0,0.353733,0.05661,-0.102348,0.0,0.0,0.0,-0.854446,0.202677,0.678025,0.718407,0.050198,0.010775,-0.170423,-0.086748,-0.136393,0.341942,-0.233425,0.078782,0.256612,-0.001027,-0.171276,0.0,-0.431152,0.000778,-0.25855,-0.598514,
0.04358,-0.962963,0.035645,-0.0,-1.570796,0.0,0.353714,0.05661,-0.102339,0.0,0.0,0.0,-0.853393,0.202162,0.677148,0.714974,0.049887,0.010594,-0.170255,-0.086618,-0.136274,0.342583,-0.23419,0.078669,0.256361,-0.001087,-0.17112,-0.0,-0.430899,0.000824,-0.258391,-0.597912,
0.043934,-0.962906,0.035542,-0.0,-1.570796,0.0,0.353737,0.05661,-0.102348,0.0,0.0,0.0,-0.85234,0.201648,0.67627,0.711541,0.049576,0.010412,-0.170088,-0.086489,-0.136154,0.343224,-0.234955,0.078555,0.25611,-0.001148,-0.170963,0.0,-0.430646,0.000869,-0.258232,-0.59731,
0.044288,-0.96285,0.03544,-0.0,-1.570796,0.0,0.353709,0.05661,-0.102341,0.0,0.0,0.0,-0.851287,0.201134,0.675392,0.708108,0.049264,0.010231,-0.16992,-0.08636,-0.136035,0.343865,-0.23572,0.078441,0.255859,-0.001208,-0.170807,0.0,-0.430393,0.000915,-0.258073,-0.596709,
0.044642,-0.962793,0.035337,-0.0,-1.570796,0.0,0.353714,0.05661,-0.102341,0.0,0.0,0.0,-0.850234,0.200619,0.674515,0.704676,0.048953,0.01005,-0.169752,-0.08623,-0.135916,0.344506,-0.236485,0.078328,0.255608,-0.001269,-0.170651,0.0,-0.43014,0.000961,-0.257915,-0.596107,
0.044995,-0.962736,0.035235,-0.0,-1.570796,0.0,0.353733,0.05661,-0.102348,0.0,0.0,0.0,-0.849181,0.200105,0.673637,0.701243,0.048641,0.009869,-0.169585,-0.086101,-0.135797,0.345148,-0.23725,0.078214,0.255357,-0.001329,-0.170495,0.0,-0.429887,0.001007,-0.257756,-0.595505,
0.045349,-0.96268,0.035133,-0.0,-1.570796,0.0,0.353714,0.05661,-0.102341,0.0,0.0,0.0,-0.848128,0.199591,0.672759,0.697811,0.04833,0.009687,-0.169417,-0.085972,-0.135677,0.345789,-0.238016,0.0781,0.255105,-0.001389,-0.170339,0.0,-0.429634,0.001053,-0.257597,-0.594904,
0.045703,-0.962623,0.03503,-0.0,-1.570796,0.0,0.353714,0.05661,-0.102339,0.0,0.0,0.0,-0.847075,0.199076,0.671882,0.694379,0.048019,0.009506,-0.169249,-0.085843,-0.135558,0.34643,-0.238781,0.077987,0.254854,-0.00145,-0.170182,-0.0,-0.429381,0.001098,-0.257438,-0.594302,
0.046056,-0.962567,0.034928,-0.0,-1.570796,0.0,0.353757,0.05661,-0.102356,0.0,0.0,0.0,-0.846022,0.198562,0.671004,0.690946,0.047707,0.009325,-0.169082,-0.085713,-0.135439,0.347071,-0.239546,0.077873,0.254603,-0.00151,-0.170026,0.0,-0.429128,0.001144,-0.257279,-0.5937,
0.04641,-0.96251,0.034826,-0.0,-1.570796,0.0,0.353709,0.05661,-0.102341,0.0,0.0,0.0,-0.844969,0.198048,0.670126,0.687514,0.047396,0.009143,-0.168914,-0.085584,-0.135319,0.347712,-0.240311,0.07776,0.254352,-0.001571,-0.16987,0.0,-0.428875,0.00119,-0.257121,-0.593098,
0.046764,-0.962453,0.034723,-0.0,-1.570796,0.0,0.353714,0.05661,-0.102341,0.0,0.0,0.0,-0.843916,0.197533,0.669249,0.684082,0.047085,0.008962,-0.168746,-0.085455,-0.1352,0.348353,-0.241076,0.077646,0.254101,-0.001631,-0.169714,0.0,-0.428621,0.001236,-0.256962,-0.592497,
0.047118,-0.962397,0.034621,-0.0,-1.570796,0.0,0.353733,0.05661,-0.102346,0.0,0.0,0.0,-0.842863,0.197019,0.668371,0.680651,0.046773,0.008781,-0.168579,-0.085325,-0.135081,0.348994,-0.241841,0.077532,0.25385,-0.001692,-0.169558,0.0,-0.428368,0.001281,-0.256803,-0.591895,
0.047471,-0.96234,0.034519,-0.0,-1.570796,0.0,0.353714,0.05661,-0.102341,0.0,0.0,0.0,-0.84181,0.196505,0.667493,0.677219,0.046462,0.0086,-0.168411,-0.085196,-0.134962,0.349635,-0.242606,0.077419,0.253599,-0.001752,-0.169401,0.0,-0.428115,0.001327,-0.256644,-0.591293,
0.047825,-0.962284,0.034416,-0.0,-1.570796,0.0,0.353714,0.05661,-0.102341,0.0,0.0,0.0,-0.840757,0.19599,0.666616,0.673788,0.04615,0.008418,-0.168243,-0.085067,-0.134842,0.350276,-0.243371,0.077305,0.253348,-0.001812,-0.169245,0.0,-0.427862,0.001373,-0.256485,-0.590691,
0.048179,-0.962227,0.034314,-0.0,-1.570796,0.0,0.353733,0.05661,-0.102348,0.0,0.0,0.0,-0.839704,0.195476,0.665738,0.670357,0.045839,0.008237,-0.168076,-0.084937,-0.134723,0.350917,-0.244136,0.077192,0.253097,-0.001873,-0.169089,0.0,-0.427609,0.001419,-0.256327,-0.59009,
0.048532,-0.96217,0.034212,-0.0,-1.570796,0.0,0.353714,0.05661,-0.102341,0.0,0.0,0.0,-0.838652,0.194962,0.664861,0.666927,0.045528,0.008056,-0.167908,-0.084808,-0.134604,0.351558,-0.244901,0.077078,0.252846,-0.001933,-0.168933,0.0,-0.427356,0.001465,-0.256168,-0.589488,
0.048886,-0.962114,0.034109,-0.0,-1.570796,0.0,0.353733,0.05661,-0.102346,0.0,0.0,0.0,-0.837599,0.194447,0.663983,0.663496,0.045216,0.007874,-0.16774,-0.084679,-0.134484,0.352199,-0.245667,0.076964,0.252595,-0.001994,-0.168776,0.0,-0.427103,0.00151,-0.256009,-0.588886,
0.049289,-0.962054,0.033984,-0.0,-1.570796,0.0,0.4031,0.06012,-0.125411,0.0,0.0,0.0,-0.835974,0.193714,0.662692,0.65959,0.04483,0.007673,-0.167444,-0.084513,-0.13428,0.352789,-0.246465,0.076823,0.25213,-0.002092,-0.168486,-0.000018,-0.426638,0.001585,-0.255718,-0.587815,
0.049718,-0.961992,0.033847,-0.0,-1.570796,0.0,0.428601,0.061874,-0.137325,0.0,0.0,0.0,-0.834054,0.192866,0.661188,0.655437,0.044405,0.00746,-0.167082,-0.084329,-0.134033,0.353353,-0.247281,0.076667,0.251554,-0.002209,-0.168126,-0.000046,-0.426063,0.001675,-0.255358,-0.586501,
0.050147,-0.96193,0.033709,-0.0,-1.570796,0.0,0.42863,0.061874,-0.137332,0.0,0.0,0.0,-0.832134,0.192019,0.659684,0.651284,0.04398,0.007248,-0.16672,-0.084145,-0.133785,0.353918,-0.248098,0.076511,0.250978,-0.002326,-0.167766,-0.000073,-0.425489,0.001765,-0.254998,-0.585187,
0.050575,-0.961868,0.033572,-0.0,-1.570796,0.0,0.428596,0.061874,-0.137325,0.0,0.0,0.0,-0.830214,0.191172,0.658179,0.64713,0.043555,0.007035,-0.166357,-0.083961,-0.133537,0.354482,-0.248914,0.076356,0.250403,-0.002443,-0.167406,-0.000101,-0.424914,0.001854,-0.254638,-0.583873,
0.051004,-0.961806,0.033435,-0.0,-1.570796,0.0,0.42863,0.061874,-0.137332,0.0,0.0,0.0,-0.828294,0.190324,0.656675,0.642975,0.04313,0.006823,-0.165995,-0.083777,-0.133289,0.355046,-0.24973,0.0762,0.249827,-0.00256,-0.167045,-0.000128,-0.42434,0.001944,-0.254278,-0.582559,
0.051432,-0.961744,0.033297,-0.0,-1.570796,0.0,0.42863,0.061874,-0.137332,0.0,0.0,0.0,-0.826374,0.189477,0.655171,0.63882,0.042706,0.006611,-0.165632,-0.083593,-0.133042,0.35561,-0.250546,0.076044,0.249252,-0.002677,-0.166685,-0.000155,-0.423765,0.002034,-0.253918,-0.581245,
0.051861,-0.961682,0.03316,-0.0,-1.570796,0.0,0.428601,0.061874,-0.137325,0.0,0.0,0.0,-0.824454,0.18863,0.653667,0.634665,0.042281,0.006398,-0.16527,-0.083409,-0.132794,0.356174,-0.251362,0.075888,0.248676,-0.002795,-0.166325,-0.000183,-0.42319,0.002123,-0.253558,-0.579931,
0.05229,-0.961621,0.033023,-0.0,-1.570796,0.0,0.428601,0.061874,-0.137325,0.0,0.0,0.0,-0.822534,0.187783,0.652162,0.630509,0.041856,0.006186,-0.164908,-0.083224,-0.132546,0.356738,-0.252179,0.075733,0.248101,-0.002912,-0.165965,-0.00021,-0.422616,0.002213,-0.253198,-0.578617,
0.052718,-0.961559,0.032885,-0.0,-1.570796,0.0,0.428625,0.061874,-0.137332,0.0,0.0,0.0,-0.820613,0.186935,0.650658,0.626353,0.041431,0.005973,-0.164545,-0.08304,-0.132299,0.357302,-0.252995,0.075577,0.247525,-0.003029,-0.165605,-0.000238,-0.422041,0.002303,-0.252839,-0.577303,
0.053147,-0.961497,0.032748,-0.0,-1.570796,0.0,0.428601,0.061874,-0.137322,0.0,0.0,0.0,-0.818693,0.186088,0.649154,0.622197,0.041006,0.005761,-0.164183,-0.082856,-0.132051,0.357866,-0.253811,0.075421,0.24695,-0.003146,-0.165245,-0.000265,-0.421467,0.002393,-0.252479,-0.575989,
0.053575,-0.961435,0.032611,-0.0,-1.570796,0.0,0.42863,0.061951,-0.137334,0.0,0.0,0.0,-0.816773,0.185241,0.647649,0.61804,0.040581,0.005549,-0.163821,-0.082672,-0.131803,0.35843,-0.254627,0.075265,0.246374,-0.003263,-0.164885,-0.000293,-0.420892,0.002482,-0.252119,-0.574674,
0.054004,-0.961373,0.032473,-0.0,-1.570796,0.0,0.428601,0.061874,-0.137322,0.0,0.0,0.0,-0.814853,0.184393,0.646145,0.613884,0.040156,0.005336,-0.163458,-0.082488,-0.131555,0.358994,-0.255444,0.07511,0.245799,-0.003381,-0.164525,-0.00032,-0.420317,0.002572,-0.251759,-0.57336,
0.054433,-0.961311,0.032336,-0.0,-1.570796,0.0,0.428601,0.061874,-0.137325,0.0,0.0,0.0,-0.812932,0.183546,0.64464,0.609727,0.039731,0.005124,-0.163096,-0.082304,-0.131308,0.359558,-0.25626,0.074954,0.245223,-0.003498,-0.164165,-0.000348,-0.419743,0.002662,-0.251399,-0.572046,
0.054861,-0.961249,0.032199,-0.0,-1.570796,0.0,0.428625,0.061874,-0.137332,0.0,0.0,0.0,-0.811012,0.182699,0.643136,0.60557,0.039306,0.004911,-0.162734,-0.08212,-0.13106,0.360122,-0.257076,0.074798,0.244647,-0.003615,-0.163805,-0.000375,-0.419168,0.002751,-0.251039,-0.570732,
0.05529,-0.961187,0.032061,-0.0,-1.570796,0.0,0.428601,0.061874,-0.137325,0.0,0.0,0.0,-0.809092,0.181851,0.641632,0.601413,0.038882,0.004699,-0.162371,-0.081936,-0.130812,0.360686,-0.257892,0.074642,0.244072,-0.003732,-0.163445,-0.000403,-0.418593,0.002841,-0.250679,-0.569418,
0.055718,-0.961125,0.031924,-0.0,-1.570796,0.0,0.428601,0.061874,-0.137322,0.0,0.0,0.0,-0.807171,0.181004,0.640127,0.597255,0.038457,0.004487,-0.162009,-0.081752,-0.130565,0.36125,-0.258708,0.074487,0.243496,-0.003849,-0.163085,-0.00043,-0.418019,0.002931,-0.25032,-0.568104,
0.056147,-0.961064,0.031787,-0.0,-1.570796,0.0,0.42863,0.061874,-0.137334,0.0,0.0,0.0,-0.805251,0.180157,0.638623,0.593098,0.038032,0.004274,-0.161646,-0.081568,-0.130317,0.361814,-0.259525,0.074331,0.242921,-0.003967,-0.162724,-0.000458,-0.417444,0.003021,-0.24996,-0.56679,
0.056576,-0.961002,0.031649,-0.0,-1.570796,0.0,0.42863,0.061874,-0.137332,0.0,0.0,0.0,-0.803331,0.179309,0.637118,0.588941,0.037607,0.004062,-0.161284,-0.081383,-0.130069,0.362378,-0.260341,0.074175,0.242345,-0.004084,-0.162364,-0.000485,-0.41687,0.00311,-0.2496,-0.565476,
0.057004,-0.96094,0.031512,-0.0,-1.570796,0.0,0.428596,0.061874,-0.137322,0.0,0.0,0.0,-0.80141,0.178462,0.635614,0.584783,0.037182,0.003849,-0.160922,-0.081199,-0.129821,0.362942,-0.261157,0.074019,0.24177,-0.004201,-0.162004,-0.000513,-0.416295,0.0032,-0.24924,-0.564162,
0.057433,-0.960878,0.031375,-0.0,-1.570796,0.0,0.42863,0.061874,-0.137334,0.0,0.0,0.0,-0.79949,0.177615,0.63411,0.580626,0.036757,0.003637,-0.160559,-0.081015,-0.129574,0.363506,-0.261973,0.073864,0.241194,-0.004318,-0.161644,-0.00054,-0.41572,0.00329,-0.24888,-0.562848,
0.057862,-0.960816,0.031237,-0.0,-1.570796,0.0,0.428601,0.061874,-0.137322,0.0,0.0,0.0,-0.79757,0.176767,0.632605,0.576469,0.036332,0.003425,-0.160197,-0.080831,-0.129326,0.36407,-0.26279,0.073708,0.240619,-0.004435,-0.161284,-0.000567,-0.415146,0.00338,-0.24852,-0.561533,
0.05829,-0.960754,0.0311,-0.0,-1.570796,0.0,0.42863,0.061874,-0.137334,0.0,0.0,0.0,-0.795649,0.17592,0.631101,0.572312,0.035907,0.003212,-0.159835,-0.080647,-0.129078,0.364634,-0.263606,0.073552,0.240043,-0.004552,-0.160924,-0.000595,-0.414571,0.003469,-0.24816,-0.560219,
0.058719,-0.960692,0.030963,-0.0,-1.570796,0.0,0.428601,0.061874,-0.137322,0.0,0.0,0.0,-0.793729,0.175073,0.629596,0.568156,0.035482,0.003,-0.159472,-0.080463,-0.12883,0.365198,-0.264422,0.073396,0.239468,-0.00467,-0.160564,-0.000622,-0.413996,0.003559,-0.2478,-0.558905,
0.059147,-0.96063,0.030825,-0.0,-1.570796,0.0,0.428601,0.061874,-0.137325,0.0,0.0,0.0,-0.791809,0.174226,0.628092,0.563999,0.035058,0.002787,-0.15911,-0.080279,-0.128583,0.365762,-0.265238,0.073241,0.238892,-0.004787,-0.160204,-0.00065,-0.413422,0.003649,-0.247441,-0.557591,
0.059576,-0.960569,0.030688,-0.0,-1.570796,0.0,0.428625,0.061951,-0.137332,0.0,0.0,0.0,-0.789889,0.173378,0.626588,0.559843,0.034633,0.002575,-0.158748,-0.080095,-0.128335,0.366326,-0.266054,0.073085,0.238316,-0.004904,-0.159844,-0.000677,-0.412847,0.003738,-0.247081,-0.556277,
0.060005,-0.960507,0.030551,-0.0,-1.570796,0.0,0.428601,0.061874,-0.137325,0.0,0.0,0.0,-0.787968,0.172531,0.625083,0.555687,0.034208,0.002363,-0.158385,-0.079911,-0.128087,0.36689,-0.266871,0.072929,0.237741,-0.005021,-0.159484,-0.000705,-0.412273,0.003828,-0.246721,-0.554963,
0.060433,-0.960445,0.030413,-0.0,-1.570796,0.0,0.428601,0.061874,-0.137322,0.0,0.0,0.0,-0.786048,0.171684,0.623579,0.551531,0.033783,0.00215,-0.158023,-0.079727,-0.12784,0.367454,-0.267687,0.072773,0.237165,-0.005138,-0.159124,-0.000732,-0.411698,0.003918,-0.246361,-0.553649,
0.060862,-0.960383,0.030276,-0.0,-1.570796,0.0,0.42863,0.061874,-0.137332,0.0,0.0,0.0,-0.784128,0.170836,0.622075,0.547376,0.033358,0.001938,-0.157661,-0.079542,-0.127592,0.368018,-0.268503,0.072618,0.23659,-0.005256,-0.158764,-0.00076,-0.411123,0.004008,-0.246001,-0.552335,
0.06129,-0.960321,0.030139,-0.0,-1.570796,0.0,0.428601,0.061874,-0.137325,0.0,0.0,0.0,-0.782208,0.169989,0.62057,0.543221,0.032933,0.001725,-0.157298,-0.079358,-0.127344,0.368582,-0.269319,0.072462,0.236014,-0.005373,-0.158403,-0.000787,-0.410549,0.004097,-0.245641,-0.551021,
0.061719,-0.960259,0.030001,-0.0,-1.570796,0.0,0.428601,0.061874,-0.137325,0.0,0.0,0.0,-0.780288,0.169142,0.619066,0.539067,0.032508,0.001513,-0.156936,-0.079174,-0.127096,0.369146,-0.270135,0.072306,0.235439,-0.00549,-0.158043,-0.000815,-0.409974,0.004187,-0.245281,-0.549707,
0.062148,-0.960197,0.029864,-0.0,-1.570796,0.0,0.428653,0.061874,-0.137341,0.0,0.0,0.0,-0.778368,0.168294,0.617562,0.534912,0.032083,0.0013,-0.156573,-0.07899,-0.126849,0.36971,-0.270952,0.07215,0.234863,-0.005607,-0.157683,-0.000842,-0.409399,0.004277,-0.244921,-0.548393,
0.062576,-0.960135,0.029727,-0.0,-1.570796,0.0,0.428601,0.061874,-0.137322,0.0,0.0,0.0,-0.776448,0.167447,0.616058,0.530759,0.031658,0.001088,-0.156211,-0.078806,-0.126601,0.370274,-0.271768,0.071995,0.234288,-0.005724,-0.157323,-0.00087,-0.408825,0.004367,-0.244562,-0.547079,
0.063005,-0.960074,0.029589,-0.0,-1.570796,0.0,0.428601,0.061874,-0.137325,0.0,0.0,0.0,-0.774528,0.1666,0.614554,0.526606,0.031234,0.000876,-0.155849,-0.078622,-0.126353,0.370838,-0.272584,0.071839,0.233712,-0.005842,-0.156963,-0.000897,-0.40825,0.004456,-0.244202,-0.545765,
0.063461,-0.96001,0.029443,-0.0,-1.570796,0.0,0.456019,0.063782,-0.146575,0.0,0.0,0.0,-0.772374,0.165708,0.612859,0.522415,0.030911,0.000657,-0.155401,-0.078421,-0.126035,0.371358,-0.273409,0.071672,0.233038,-0.005974,-0.156542,-0.000937,-0.407577,0.004558,-0.243781,-0.544265,
0.063974,-0.959942,0.029277,-0.0,-1.570796,0.0,0.512801,0.067749,-0.165732,0.0,0.0,0.0,-0.769734,0.164724,0.610771,0.518142,0.030801,0.000424,-0.154775,-0.078184,-0.125571,0.371785,-0.274253,0.071484,0.232159,-0.006137,-0.155993,-0.001003,-0.4067,0.004684,-0.243233,-0.54238,
0.064487,-0.959874,0.029111,-0.0,-1.570796,0.0,0.51283,0.067749,-0.165742,0.0,0.0,0.0,-0.767094,0.16374,0.608683,0.513869,0.030691,0.000192,-0.154149,-0.077946,-0.125107,0.372212,-0.275096,0.071295,0.231281,-0.0063,-0.155444,-0.001069,-0.405822,0.004811,-0.242686,-0.540494,
0.064999,-0.959806,0.028946,-0.0,-1.570796,0.0,0.512868,0.067825,-0.165754,0.0,0.0,0.0,-0.764453,0.162755,0.606595,0.509595,0.030582,-0.000041,-0.153523,-0.077709,-0.124643,0.372639,-0.27594,0.071106,0.230402,-0.006463,-0.154895,-0.001135,-0.404944,0.004937,-0.242138,-0.538608,
0.065512,-0.959739,0.02878,-0.0,-1.570796,0.0,0.512796,0.067749,-0.165735,0.0,0.0,0.0,-0.761813,0.161771,0.604507,0.505321,0.030472,-0.000273,-0.152898,-0.077472,-0.124179,0.373065,-0.276784,0.070918,0.229523,-0.006626,-0.154346,-0.001201,-0.404067,0.005063,-0.24159,-0.536723,
0.066025,-0.959671,0.028614,-0.0,-1.570796,0.0,0.512834,0.067749,-0.165742,0.0,0.0,0.0,-0.759173,0.160787,0.602419,0.501046,0.030362,-0.000506,-0.152272,-0.077235,-0.123715,0.373492,-0.277627,0.070729,0.228645,-0.006789,-0.153797,-0.001267,-0.403189,0.00519,-0.241043,-0.534837,
0.066538,-0.959603,0.028448,-0.0,-1.570796,0.0,0.512801,0.067749,-0.165732,0.0,0.0,0.0,-0.756532,0.159803,0.60033,0.496771,0.030252,-0.000739,-0.151646,-0.076998,-0.123251,0.373919,-0.278471,0.07054,0.227766,-0.006951,-0.153248,-0.001333,-0.402312,0.005316,-0.240495,-0.532952,
0.067051,-0.959535,0.028283,-0.0,-1.570796,0.0,0.512796,0.067749,-0.165732,0.0,0.0,0.0,-0.753892,0.158818,0.598242,0.492496,0.030142,-0.000971,-0.15102,-0.076761,-0.122786,0.374346,-0.279315,0.070351,0.226887,-0.007114,-0.152699,-0.001398,-0.401434,0.005442,-0.239948,-0.531066,
0.067563,-0.959468,0.028117,-0.0,-1.570796,0.0,0.512834,0.067749,-0.165744,0.0,0.0,0.0,-0.751251,0.157834,0.596154,0.48822,0.030032,-0.001204,-0.150395,-0.076524,-0.122322,0.374773,-0.280158,0.070163,0.226008,-0.007277,-0.15215,-0.001464,-0.400557,0.005569,-0.2394,-0.529181,
0.068076,-0.9594,0.027951,-0.0,-1.570796,0.0,0.512801,0.067749,-0.165732,0.0,0.0,0.0,-0.74861,0.15685,0.594066,0.483943,0.029922,-0.001436,-0.149769,-0.076287,-0.121858,0.3752,-0.281002,0.069974,0.22513,-0.00744,-0.151601,-0.00153,-0.399679,0.005695,-0.238852,-0.527295,
0.068589,-0.959332,0.027786,-0.0,-1.570796,0.0,0.512796,0.067749,-0.165732,0.0,0.0,0.0,-0.74597,0.155866,0.591977,0.479667,0.029812,-0.001669,-0.149143,-0.07605,-0.121394,0.375627,-0.281846,0.069785,0.224251,-0.007603,-0.151052,-0.001596,-0.398802,0.005821,-0.238305,-0.525409,
0.069102,-0.959264,0.02762,-0.0,-1.570796,0.0,0.512834,0.067749,-0.165744,0.0,0.0,0.0,-0.743329,0.154881,0.589889,0.47539,0.029703,-0.001901,-0.148517,-0.075813,-0.12093,0.376054,-0.282689,0.069597,0.223372,-0.007766,-0.150503,-0.001662,-0.397924,0.005948,-0.237757,-0.523523,
0.069615,-0.959197,0.027454,-0.0,-1.570796,0.0,0.512801,0.067749,-0.165732,0.0,0.0,0.0,-0.740688,0.153897,0.5878,0.471113,0.029593,-0.002134,-0.147892,-0.075576,-0.120466,0.376481,-0.283533,0.069408,0.222494,-0.007929,-0.149954,-0.001728,-0.397047,0.006074,-0.23721,-0.521638,
0.070127,-0.959129,0.027288,-0.0,-1.570796,0.0,0.512796,0.067749,-0.165732,0.0,0.0,0.0,-0.738047,0.152913,0.585712,0.466836,0.029483,-0.002366,-0.147266,-0.075338,-0.120002,0.376908,-0.284377,0.069219,0.221615,-0.008092,-0.149405,-0.001794,-0.396169,0.0062,-0.236662,-0.519752,
0.07064,-0.959061,0.027123,-0.0,-1.570796,0.0,0.512834,0.067749,-0.165744,0.0,0.0,0.0,-0.735406,0.151928,0.583623,0.462559,0.029373,-0.002599,-0.14664,-0.075101,-0.119538,0.377335,-0.28522,0.06903,0.220736,-0.008255,-0.148856,-0.00186,-0.395292,0.006327,-0.236114,-0.517866,
0.071153,-0.958993,0.026957,-0.0,-1.570796,0.0,0.512796,0.067749,-0.165732,0.0,0.0,0.0,-0.732765,0.150944,0.581535,0.458282,0.029263,-0.002832,-0.146014,-0.074864,-0.119074,0.377762,-0.286064,0.068842,0.219858,-0.008418,-0.148307,-0.001926,-0.394414,0.006453,-0.235567,-0.51598,
0.071666,-0.958926,0.026791,-0.0,-1.570796,0.0,0.512834,0.067825,-0.165742,0.0,0.0,0.0,-0.730124,0.14996,0.579446,0.454004,0.029153,-0.003064,-0.145389,-0.074627,-0.11861,0.378189,-0.286908,0.068653,0.218979,-0.008581,-0.147758,-0.001992,-0.393537,0.006579,-0.235019,-0.514095,
0.072179,-0.958858,0.026625,-0.0,-1.570796,0.0,0.512801,0.067749,-0.165732,0.0,0.0,0.0,-0.727483,0.148976,0.577358,0.449727,0.029043,-0.003297,-0.144763,-0.07439,-0.118146,0.378616,-0.287751,0.068464,0.2181,-0.008744,-0.147209,-0.002058,-0.392659,0.006706,-0.234471,-0.512209,
0.072692,-0.95879,0.02646,-0.0,-1.570796,0.0,0.512796,0.067749,-0.165735,0.0,0.0,0.0,-0.724842,0.147991,0.575269,0.44545,0.028933,-0.003529,-0.144137,-0.074153,-0.117682,0.379043,-0.288595,0.068276,0.217222,-0.008907,-0.14666,-0.002124,-0.391782,0.006832,-0.233924,-0.510323,
0.073204,-0.958722,0.026294,-0.0,-1.570796,0.0,0.512834,0.067749,-0.165742,0.0,0.0,0.0,-0.722201,0.147007,0.573181,0.441172,0.028824,-0.003762,-0.143511,-0.073916,-0.117218,0.379469,-0.289439,0.068087,0.216343,-0.00907,-0.146111,-0.002189,-0.390904,0.006958,-0.233376,-0.508437,
0.073717,-0.958655,0.026128,-0.0,-1.570796,0.0,0.512801,0.067749,-0.165732,0.0,0.0,0.0,-0.71956,0.146023,0.571092,0.436895,0.028714,-0.003994,-0.142886,-0.073679,-0.116753,0.379896,-0.290282,0.067898,0.215464,-0.009233,-0.145562,-0.002255,-0.390026,0.007085,-0.232829,-0.506552,
0.07423,-0.958587,0.025962,-0.0,-1.570796,0.0,0.51283,0.067749,-0.165744,0.0,0.0,0.0,-0.716919,0.145039,0.569004,0.432618,0.028604,-0.004227,-0.14226,-0.073442,-0.116289,0.380323,-0.291126,0.067709,0.214585,-0.009396,-0.145013,-0.002321,-0.389149,0.007211,-0.232281,-0.504666,
0.074743,-0.958519,0.025797,-0.0,-1.570796,0.0,0.512801,0.067749,-0.165732,0.0,0.0,0.0,-0.714278,0.144054,0.566915,0.428341,0.028494,-0.004459,-0.141634,-0.073205,-0.115825,0.38075,-0.29197,0.067521,0.213707,-0.009559,-0.144464,-0.002387,-0.388271,0.007337,-0.231733,-0.50278,
0.075256,-0.958451,0.025631,-0.0,-1.570796,0.0,0.512796,0.067749,-0.165732,0.0,0.0,0.0,-0.711637,0.14307,0.564827,0.424065,0.028384,-0.004692,-0.141008,-0.072967,-0.115361,0.381177,-0.292813,0.067332,0.212828,-0.009722,-0.143915,-0.002453,-0.387394,0.007464,-0.231186,-0.500894,
0.075768,-0.958384,0.025465,-0.0,-1.570796,0.0,0.512834,0.067749,-0.165744,0.0,0.0,0.0,-0.708996,0.142086,0.562739,0.419788,0.028274,-0.004924,-0.140383,-0.07273,-0.114897,0.381604,-0.293657,0.067143,0.211949,-0.009885,-0.143366,-0.002519,-0.386516,0.00759,-0.230638,-0.499009,
0.076281,-0.958316,0.025299,-0.0,-1.570796,0.0,0.512801,0.067749,-0.165732,0.0,0.0,0.0,-0.706356,0.141102,0.56065,0.415512,0.028164,-0.005157,-0.139757,-0.072493,-0.114433,0.382031,-0.294501,0.066955,0.211071,-0.010048,-0.142817,-0.002585,-0.385639,0.007717,-0.230091,-0.497123,
0.076794,-0.958248,0.025134,-0.0,-1.570796,0.0,0.512796,0.067749,-0.165732,0.0,0.0,0.0,-0.703715,0.140117,0.558562,0.411237,0.028054,-0.00539,-0.139131,-0.072256,-0.113969,0.382458,-0.295344,0.066766,0.210192,-0.010211,-0.142268,-0.002651,-0.384761,0.007843,-0.229543,-0.495237,
0.077307,-0.95818,0.024968,-0.0,-1.570796,0.0,0.512834,0.067749,-0.165744,0.0,0.0,0.0,-0.701075,0.139133,0.556474,0.406961,0.027945,-0.005622,-0.138505,-0.072019,-0.113505,0.382885,-0.296188,0.066577,0.209313,-0.010374,-0.141719,-0.002717,-0.383884,0.007969,-0.228995,-0.493352,
0.07782,-0.958113,0.024802,-0.0,-1.570796,0.0,0.512801,0.067749,-0.165732,0.0,0.0,0.0,-0.698434,0.138149,0.554386,0.402686,0.027835,-0.005855,-0.13788,-0.071782,-0.113041,0.383312,-0.297032,0.066388,0.208435,-0.010537,-0.14117,-0.002783,-0.383006,0.008096,-0.228448,-0.491466,
0.078332,-0.958045,0.024637,-0.0,-1.570796,0.0,0.512796,0.067749,-0.165732,0.0,0.0,0.0,-0.695794,0.137165,0.552297,0.398412,0.027725,-0.006087,-0.137254,-0.071545,-0.112577,0.383739,-0.297875,0.0662,0.207556,-0.0107,-0.140621,-0.002849,-0.382129,0.008222,-0.2279,-0.489581,
0.078845,-0.957977,0.024471,-0.0,-1.570796,0.0,0.512868,0.067825,-0.165754,0.0,0.0,0.0,-0.693154,0.13618,0.550209,0.394137,0.027615,-0.00632,-0.136628,-0.071308,-0.112113,0.384166,-0.298719,0.066011,0.206677,-0.010863,-0.140072,-0.002915,-0.381251,0.008348,-0.227353,-0.487695,
0.079358,-0.957909,0.024305,-0.0,-1.570796,0.0,0.51283,0.067749,-0.165742,0.0,0.0,0.0,-0.690513,0.135196,0.548121,0.389864,0.027505,-0.006552,-0.136002,-0.071071,-0.111649,0.384593,-0.299563,0.065822,0.205799,-0.011026,-0.139523,-0.002981,-0.380374,0.008475,-0.226805,-0.485809,
0.079871,-0.957842,0.024139,-0.0,-1.570796,0.0,0.512801,0.067749,-0.165735,0.0,0.0,0.0,-0.687873,0.134212,0.546033,0.385591,0.027395,-0.006785,-0.135377,-0.070834,-0.111184,0.38502,-0.300406,0.065634,0.20492,-0.011189,-0.138974,-0.003046,-0.379496,0.008601,-0.226257,-0.483924,
0.080384,-0.957774,0.023974,-0.0,-1.570796,0.0,0.51283,0.067749,-0.165742,0.0,0.0,0.0,-0.685233,0.133228,0.543945,0.381318,0.027285,-0.007017,-0.134751,-0.070597,-0.11072,0.385447,-0.30125,0.065445,0.204041,-0.011352,-0.138425,-0.003112,-0.378619,0.008727,-0.22571,-0.482039,
0.080936,-0.957701,0.023791,-0.0,-1.570796,0.0,0.551883,0.073013,-0.182538,0.0,0.0,0.0,-0.68267,0.132476,0.541877,0.378179,0.027504,-0.007255,-0.13395,-0.070335,-0.110113,0.385754,-0.302079,0.065234,0.202942,-0.011535,-0.137738,-0.003235,-0.377517,0.008877,-0.225022,-0.479823,
0.081488,-0.957628,0.023608,-0.0,-1.570796,0.0,0.552197,0.07309,-0.182674,0.0,0.0,0.0,-0.680107,0.131726,0.539809,0.375048,0.027726,-0.007493,-0.133148,-0.070073,-0.109504,0.38606,-0.302908,0.065024,0.20184,-0.011718,-0.13705,-0.003357,-0.376413,0.009027,-0.224333,-0.477604,
0.08204,-0.957555,0.023426,-0.0,-1.570796,0.0,0.552236,0.073013,-0.182684,0.0,0.0,0.0,-0.677543,0.130976,0.537741,0.371917,0.027947,-0.007731,-0.132345,-0.069811,-0.108895,0.386366,-0.303737,0.064813,0.200739,-0.011901,-0.136362,-0.00348,-0.375309,0.009178,-0.223645,-0.475385,
0.082592,-0.957482,0.023243,-0.0,-1.570796,0.0,0.552197,0.07309,-0.182674,0.0,0.0,0.0,-0.67498,0.130226,0.535673,0.368787,0.028169,-0.00797,-0.131543,-0.069549,-0.108287,0.386672,-0.304565,0.064602,0.199637,-0.012084,-0.135674,-0.003603,-0.374206,0.009328,-0.222956,-0.473166,
0.083145,-0.957408,0.02306,-0.0,-1.570796,0.0,0.552226,0.07309,-0.182686,0.0,0.0,0.0,-0.672416,0.129476,0.533605,0.365655,0.028391,-0.008208,-0.13074,-0.069287,-0.107678,0.386978,-0.305394,0.064392,0.198535,-0.012267,-0.134986,-0.003725,-0.373102,0.009478,-0.222267,-0.470947,
0.083697,-0.957335,0.022878,-0.0,-1.570796,0.0,0.552197,0.07309,-0.182674,0.0,0.0,0.0,-0.669853,0.128726,0.531537,0.362524,0.028612,-0.008446,-0.129938,-0.069025,-0.107069,0.387284,-0.306223,0.064181,0.197434,-0.01245,-0.134298,-0.003848,-0.371998,0.009628,-0.221578,-0.468728,
0.084249,-0.957262,0.022695,-0.0,-1.570796,0.0,0.552197,0.073013,-0.182674,0.0,0.0,0.0,-0.667289,0.127977,0.529469,0.359392,0.028834,-0.008684,-0.129135,-0.068763,-0.106461,0.38759,-0.307051,0.06397,0.196332,-0.012633,-0.13361,-0.003971,-0.370895,0.009778,-0.22089,-0.466509,
0.084801,-0.957189,0.022512,-0.0,-1.570796,0.0,0.552236,0.07309,-0.182684,0.0,0.0,0.0,-0.664725,0.127227,0.527401,0.35626,0.029055,-0.008922,-0.128333,-0.068501,-0.105852,0.387896,-0.30788,0.06376,0.195231,-0.012816,-0.132922,-0.004093,-0.369791,0.009928,-0.220201,-0.464289,
0.085353,-0.957116,0.02233,-0.0,-1.570796,0.0,0.552197,0.07309,-0.182674,0.0,0.0,0.0,-0.662161,0.126477,0.525332,0.353129,0.029277,-0.00916,-0.12753,-0.068239,-0.105243,0.388203,-0.308709,0.063549,0.194129,-0.012999,-0.132234,-0.004216,-0.368687,0.010078,-0.219512,-0.46207,
0.085906,-0.957043,0.022147,-0.0,-1.570796,0.0,0.552197,0.073013,-0.182674,0.0,0.0,0.0,-0.659597,0.125727,0.523264,0.349997,0.029498,-0.009398,-0.126728,-0.067978,-0.104635,0.388509,-0.309538,0.063338,0.193028,-0.013183,-0.131546,-0.004339,-0.367584,0.010229,-0.218823,-0.459851,
0.086458,-0.95697,0.021964,-0.0,-1.570796,0.0,0.552226,0.07309,-0.182686,0.0,0.0,0.0,-0.657033,0.124977,0.521196,0.346864,0.02972,-0.009636,-0.125925,-0.067715,-0.104026,0.388815,-0.310367,0.063128,0.191926,-0.013366,-0.130857,-0.004461,-0.36648,0.010379,-0.218134,-0.457632,
0.08701,-0.956897,0.021782,-0.0,-1.570796,0.0,0.552197,0.07309,-0.182672,0.0,0.0,0.0,-0.654469,0.124227,0.519127,0.343732,0.029942,-0.009874,-0.125123,-0.067454,-0.103417,0.389121,-0.311195,0.062917,0.190824,-0.013549,-0.130169,-0.004584,-0.365376,0.010529,-0.217446,-0.455412,
0.087562,-0.956824,0.021599,-0.0,-1.570796,0.0,0.552197,0.073013,-0.182674,0.0,0.0,0.0,-0.651905,0.123477,0.517059,0.3406,0.030163,-0.010112,-0.12432,-0.067192,-0.102809,0.389427,-0.312024,0.062706,0.189723,-0.013732,-0.129481,-0.004707,-0.364272,0.010679,-0.216757,-0.453193,
0.088114,-0.956751,0.021416,-0.0,-1.570796,0.0,0.552236,0.07309,-0.182686,0.0,0.0,0.0,-0.649341,0.122728,0.51499,0.337468,0.030385,-0.01035,-0.123518,-0.06693,-0.1022,0.389733,-0.312853,0.062496,0.188621,-0.013915,-0.128793,-0.004829,-0.363169,0.010829,-0.216068,-0.450974,
0.088667,-0.956678,0.021234,-0.0,-1.570796,0.0,0.552197,0.07309,-0.182674,0.0,0.0,0.0,-0.646777,0.121978,0.512922,0.334335,0.030606,-0.010588,-0.122716,-0.066668,-0.101591,0.390039,-0.313682,0.062285,0.18752,-0.014098,-0.128105,-0.004952,-0.362065,0.010979,-0.215379,-0.448754,
0.089219,-0.956605,0.021051,-0.0,-1.570796,0.0,0.552226,0.07309,-0.182684,0.0,0.0,0.0,-0.644213,0.121228,0.510854,0.331203,0.030828,-0.010826,-0.121913,-0.066406,-0.100982,0.390345,-0.31451,0.062074,0.186418,-0.014281,-0.127417,-0.005075,-0.360961,0.01113,-0.214691,-0.446535,
0.089771,-0.956532,0.020868,-0.0,-1.570796,0.0,0.552197,0.073013,-0.182674,0.0,0.0,0.0,-0.641649,0.120478,0.508785,0.328071,0.03105,-0.011064,-0.121111,-0.066144,-0.100374,0.390652,-0.315339,0.061864,0.185316,-0.014464,-0.126729,-0.005198,-0.359858,0.01128,-0.214002,-0.444315,
0.090323,-0.956459,0.020686,-0.0,-1.570796,0.0,0.552197,0.07309,-0.182674,0.0,0.0,0.0,-0.639085,0.119728,0.506717,0.324938,0.031271,-0.011302,-0.120308,-0.065882,-0.099765,0.390958,-0.316168,0.061653,0.184215,-0.014648,-0.126041,-0.00532,-0.358754,0.01143,-0.213313,-0.442096,
0.090875,-0.956386,0.020503,-0.0,-1.570796,0.0,0.552236,0.07309,-0.182686,0.0,0.0,0.0,-0.63652,0.118978,0.504649,0.321806,0.031493,-0.01154,-0.119506,-0.06562,-0.099156,0.391264,-0.316997,0.061442,0.183113,-0.014831,-0.125353,-0.005443,-0.35765,0.01158,-0.212624,-0.439876,
0.091428,-0.956313,0.02032,-0.0,-1.570796,0.0,0.552197,0.073013,-0.182672,0.0,0.0,0.0,-0.633956,0.118228,0.50258,0.318674,0.031714,-0.011778,-0.118703,-0.065358,-0.098548,0.39157,-0.317826,0.061232,0.182012,-0.015014,-0.124665,-0.005566,-0.356546,0.01173,-0.211935,-0.437657,
0.09198,-0.956239,0.020137,-0.0,-1.570796,0.0,0.552226,0.07309,-0.182686,0.0,0.0,0.0,-0.631392,0.117478,0.500512,0.315541,0.031936,-0.012016,-0.117901,-0.065096,-0.097939,0.391876,-0.318654,0.061021,0.18091,-0.015197,-0.123977,-0.005688,-0.355443,0.01188,-0.211247,-0.435438,
0.092532,-0.956166,0.019955,-0.0,-1.570796,0.0,0.552264,0.07309,-0.182697,0.0,0.0,0.0,-0.628828,0.116728,0.498443,0.312409,0.032158,-0.012254,-0.117098,-0.064834,-0.09733,0.392182,-0.319483,0.06081,0.179808,-0.01538,-0.123289,-0.005811,-0.354339,0.01203,-0.210558,-0.433218,
0.093084,-0.956093,0.019772,-0.0,-1.570796,0.0,0.552197,0.07309,-0.182674,0.0,0.0,0.0,-0.626264,0.115978,0.496375,0.309277,0.032379,-0.012492,-0.116296,-0.064572,-0.096722,0.392488,-0.320312,0.060599,0.178707,-0.015563,-0.122601,-0.005934,-0.353235,0.012181,-0.209869,-0.430999,
0.093637,-0.95602,0.019589,-0.0,-1.570796,0.0,0.552197,0.073013,-0.182673,0.0,0.0,0.0,-0.6237,0.115229,0.494307,0.306145,0.032601,-0.01273,-0.115493,-0.06431,-0.096113,0.392794,-0.321141,0.060389,0.177605,-0.015746,-0.121913,-0.006056,-0.352131,0.012331,-0.20918,-0.428779,
0.094189,-0.955947,0.019407,-0.0,-1.570796,0.0,0.552236,0.07309,-0.182686,0.0,0.0,0.0,-0.621136,0.114479,0.492238,0.303013,0.032822,-0.012968,-0.114691,-0.064049,-0.095504,0.393101,-0.32197,0.060178,0.176503,-0.015929,-0.121225,-0.006179,-0.351028,0.012481,-0.208491,-0.42656,
0.094741,-0.955874,0.019224,-0.0,-1.570796,0.0,0.552197,0.07309,-0.182673,0.0,0.0,0.0,-0.618572,0.113729,0.49017,0.299881,0.033044,-0.013207,-0.113888,-0.063787,-0.094895,0.393407,-0.322798,0.059967,0.175402,-0.016112,-0.120537,-0.006302,-0.349924,0.012631,-0.207803,-0.424341,
0.095293,-0.955801,0.019041,-0.0,-1.570796,0.0,0.552197,0.073013,-0.182674,0.0,0.0,0.0,-0.616009,0.112979,0.488102,0.296749,0.033265,-0.013445,-0.113086,-0.063525,-0.094287,0.393713,-0.323627,0.059757,0.1743,-0.016296,-0.119849,-0.006424,-0.34882,0.012781,-0.207114,-0.422122,
0.095845,-0.955728,0.018859,-0.0,-1.570796,0.0,0.552226,0.07309,-0.182685,0.0,0.0,0.0,-0.613445,0.112229,0.486034,0.293618,0.033487,-0.013683,-0.112283,-0.063263,-0.093678,0.394019,-0.324456,0.059546,0.173199,-0.016479,-0.119161,-0.006547,-0.347717,0.012931,-0.206425,-0.419903,
0.096398,-0.955655,0.018676,-0.0,-1.570796,0.0,0.552197,0.07309,-0.182674,0.0,0.0,0.0,-0.610881,0.111479,0.483966,0.290486,0.033709,-0.013921,-0.111481,-0.063001,-0.093069,0.394325,-0.325285,0.059335,0.172097,-0.016662,-0.118473,-0.00667,-0.346613,0.013082,-0.205736,-0.417684,
0.09695,-0.955582,0.018493,-0.0,-1.570796,0.0,0.552197,0.073013,-0.182673,0.0,0.0,0.0,-0.608318,0.110729,0.481898,0.287355,0.03393,-0.014159,-0.110679,-0.062739,-0.092461,0.394631,-0.326113,0.059125,0.170996,-0.016845,-0.117784,-0.006792,-0.345509,0.013232,-0.205048,-0.415465,
0.097502,-0.955509,0.018311,-0.0,-1.570796,0.0,0.552236,0.07309,-0.182686,0.0,0.0,0.0,-0.605754,0.109979,0.47983,0.284224,0.034152,-0.014397,-0.109876,-0.062477,-0.091852,0.394937,-0.326942,0.058914,0.169894,-0.017028,-0.117096,-0.006915,-0.344406,0.013382,-0.204359,-0.413246,
0.098054,-0.955436,0.018128,-0.0,-1.570796,0.0,0.552197,0.07309,-0.182673,0.0,0.0,0.0,-0.603191,0.109229,0.477762,0.281094,0.034373,-0.014635,-0.109074,-0.062215,-0.091243,0.395243,-0.327771,0.058703,0.168793,-0.017211,-0.116408,-0.007038,-0.343302,0.013532,-0.20367,-0.411027,
0.098606,-0.955363,0.017945,-0.0,-1.570796,0.0,0.552226,0.07309,-0.182686,0.0,0.0,0.0,-0.600628,0.10848,0.475694,0.277963,0.034595,-0.014873,-0.108271,-0.061953,-0.090635,0.395549,-0.3286,0.058493,0.167691,-0.017394,-0.11572,-0.00716,-0.342198,0.013682,-0.202981,-0.408808,
0.09919,-0.955285,0.017755,-0.0,-1.570796,0.0,0.583278,0.07721,-0.189863,0.0,0.0,0.0,-0.599196,0.108202,0.474524,0.276872,0.034771,-0.015107,-0.107301,-0.061679,-0.089868,0.39573,-0.3294,0.05827,0.166438,-0.017576,-0.114937,-0.007343,-0.340946,0.013838,-0.202199,-0.406455,
0.099789,-0.955206,0.017562,-0.0,-1.570796,0.0,0.599404,0.079498,-0.193596,0.0,0.0,0.0,-0.598351,0.10817,0.47382,0.276841,0.034923,-0.01534,-0.106243,-0.061398,-0.08902,0.395846,-0.330186,0.058041,0.165107,-0.017757,-0.114105,-0.007558,-0.339616,0.013998,-0.201367,-0.404033,
0.100389,-0.955126,0.017368,-0.0,-1.570796,0.0,0.599443,0.079422,-0.193608,0.0,0.0,0.0,-0.597506,0.108138,0.473117,0.27681,0.035075,-0.015572,-0.105186,-0.061117,-0.088171,0.395962,-0.330972,0.057812,0.163776,-0.017939,-0.113273,-0.007772,-0.338286,0.014157,-0.200536,-0.40161,
0.100988,-0.955047,0.017175,-0.0,-1.570796,0.0,0.599414,0.079498,-0.193595,0.0,0.0,0.0,-0.59666,0.108106,0.472413,0.276778,0.035227,-0.015805,-0.104128,-0.060836,-0.087323,0.396078,-0.331758,0.057583,0.162445,-0.01812,-0.11244,-0.007986,-0.336956,0.014316,-0.199705,-0.399187,
0.101587,-0.954968,0.016981,-0.0,-1.570796,0.0,0.599443,0.079422,-0.193609,0.0,0.0,0.0,-0.595815,0.108073,0.471709,0.276747,0.035379,-0.016038,-0.103071,-0.060556,-0.086475,0.396193,-0.332544,0.057354,0.161114,-0.018301,-0.111608,-0.0082,-0.335627,0.014476,-0.198873,-0.396764,
0.102187,-0.954888,0.016787,-0.0,-1.570796,0.0,0.599404,0.079498,-0.193595,0.0,0.0,0.0,-0.59497,0.108041,0.471006,0.276715,0.035531,-0.01627,-0.102013,-0.060275,-0.085626,0.396309,-0.33333,0.057125,0.159783,-0.018483,-0.110775,-0.008415,-0.334297,0.014635,-0.198042,-0.394341,
0.102786,-0.954809,0.016594,-0.0,-1.570796,0.0,0.599414,0.079422,-0.193596,0.0,0.0,0.0,-0.594125,0.108009,0.470302,0.276684,0.035683,-0.016503,-0.100956,-0.059994,-0.084778,0.396425,-0.334116,0.056896,0.158452,-0.018664,-0.109943,-0.008629,-0.332967,0.014794,-0.197211,-0.391918,
0.103386,-0.954729,0.0164,-0.0,-1.570796,0.0,0.599443,0.079498,-0.193608,0.0,0.0,0.0,-0.59328,0.107977,0.469599,0.276652,0.035835,-0.016735,-0.099898,-0.059713,-0.083929,0.396541,-0.334902,0.056667,0.157121,-0.018845,-0.109111,-0.008843,-0.331637,0.014953,-0.196379,-0.389494,
0.103985,-0.95465,0.016207,-0.0,-1.570796,0.0,0.599404,0.079422,-0.193596,0.0,0.0,0.0,-0.592435,0.107945,0.468895,0.276621,0.035987,-0.016968,-0.09884,-0.059432,-0.083081,0.396657,-0.335688,0.056438,0.15579,-0.019026,-0.108278,-0.009057,-0.330307,0.015113,-0.195548,-0.387071,
0.104584,-0.95457,0.016013,-0.0,-1.570796,0.0,0.599414,0.079498,-0.193596,0.0,0.0,0.0,-0.59159,0.107913,0.468191,0.27659,0.036139,-0.0172,-0.097783,-0.059151,-0.082233,0.396773,-0.336474,0.056209,0.154459,-0.019208,-0.107446,-0.009272,-0.328977,0.015272,-0.194717,-0.384648,
0.105184,-0.954491,0.015819,-0.0,-1.570796,0.0,0.599443,0.079422,-0.193608,0.0,0.0,0.0,-0.590744,0.10788,0.467488,0.276558,0.036291,-0.017433,-0.096725,-0.058871,-0.081384,0.396888,-0.33726,0.05598,0.153128,-0.019389,-0.106613,-0.009486,-0.327647,0.015431,-0.193885,-0.382224,
0.105783,-0.954411,0.015626,-0.0,-1.570796,0.0,0.599404,0.079498,-0.193596,0.0,0.0,0.0,-0.589899,0.107848,0.466784,0.276527,0.036443,-0.017665,-0.095668,-0.05859,-0.080536,0.397004,-0.338046,0.055751,0.151797,-0.01957,-0.105781,-0.0097,-0.326317,0.015591,-0.193054,-0.379801,
0.106383,-0.954332,0.015432,-0.0,-1.570796,0.0,0.599414,0.079422,-0.193595,0.0,0.0,0.0,-0.589054,0.107816,0.46608,0.276495,0.036595,-0.017898,-0.09461,-0.058309,-0.079687,0.39712,-0.338832,0.055522,0.150466,-0.019752,-0.104949,-0.009914,-0.324988,0.01575,-0.192222,-0.377377,
0.106982,-0.954252,0.015239,-0.0,-1.570796,0.0,0.599443,0.079422,-0.193608,0.0,0.0,0.0,-0.588209,0.107784,0.465377,0.276464,0.036747,-0.018131,-0.093552,-0.058028,-0.078839,0.397236,-0.339618,0.055293,0.149135,-0.019933,-0.104116,-0.010129,-0.323658,0.015909,-0.191391,-0.374954,
0.107582,-0.954173,0.015045,-0.0,-1.570796,0.0,0.599404,0.079498,-0.193596,0.0,0.0,0.0,-0.587364,0.107752,0.464673,0.276432,0.036899,-0.018363,-0.092495,-0.057747,-0.07799,0.397352,-0.340404,0.055064,0.147804,-0.020114,-0.103284,-0.010343,-0.322328,0.016069,-0.19056,-0.37253,
0.108181,-0.954094,0.014851,-0.0,-1.570796,0.0,0.59949,0.079422,-0.193621,0.0,0.0,0.0,-0.586518,0.10772,0.46397,0.276401,0.037051,-0.018596,-0.091437,-0.057467,-0.077142,0.397467,-0.34119,0.054835,0.146472,-0.020295,-0.102451,-0.010557,-0.320998,0.016228,-0.189728,-0.370107,
0.108781,-0.954014,0.014658,-0.0,-1.570796,0.0,0.599443,0.079498,-0.193608,0.0,0.0,0.0,-0.585673,0.107687,0.463266,0.27637,0.037203,-0.018828,-0.090379,-0.057186,-0.076293,0.397583,-0.341976,0.054606,0.145141,-0.020477,-0.101619,-0.010771,-0.319668,0.016387,-0.188897,-0.367683,
0.10938,-0.953935,0.014464,-0.0,-1.570796,0.0,0.599404,0.079422,-0.193596,0.0,0.0,0.0,-0.584828,0.107655,0.462562,0.276338,0.037355,-0.019061,-0.089322,-0.056905,-0.075445,0.397699,-0.342762,0.054378,0.14381,-0.020658,-0.100787,-0.010985,-0.318338,0.016547,-0.188065,-0.365259,
0.109979,-0.953855,0.014271,-0.0,-1.570796,0.0,0.599414,0.079498,-0.193595,0.0,0.0,0.0,-0.583983,0.107623,0.461859,0.276307,0.037507,-0.019293,-0.088264,-0.056624,-0.074597,0.397815,-0.343548,0.054149,0.142479,-0.020839,-0.099954,-0.0112,-0.317008,0.016706,-0.187234,-0.362836,
0.110579,-0.953776,0.014077,-0.0,-1.570796,0.0,0.599443,0.079422,-0.193608,0.0,0.0,0.0,-0.583138,0.107591,0.461155,0.276275,0.037659,-0.019526,-0.087207,-0.056343,-0.073748,0.397931,-0.344335,0.05392,0.141148,-0.021021,-0.099122,-0.011414,-0.315678,0.016865,-0.186403,-0.360412,
0.111178,-0.953696,0.013883,-0.0,-1.570796,0.0,0.599404,0.079498,-0.193596,0.0,0.0,0.0,-0.582293,0.107559,0.460451,0.276244,0.037811,-0.019758,-0.086149,-0.056062,-0.0729,0.398046,-0.345121,0.053691,0.139817,-0.021202,-0.098289,-0.011628,-0.314348,0.017024,-0.185571,-0.357989,
0.111778,-0.953617,0.01369,-0.0,-1.570796,0.0,0.599452,0.079422,-0.193608,0.0,0.0,0.0,-0.581447,0.107526,0.459748,0.276212,0.037963,-0.019991,-0.085091,-0.055782,-0.072051,0.398162,-0.345907,0.053462,0.138486,-0.021383,-0.097457,-0.011842,-0.313018,0.017184,-0.18474,-0.355565,
0.112377,-0.953537,0.013496,-0.0,-1.570796,0.0,0.599404,0.079498,-0.193596,0.0,0.0,0.0,-0.580602,0.107494,0.459044,0.276181,0.038115,-0.020224,-0.084034,-0.055501,-0.071203,0.398278,-0.346693,0.053233,0.137155,-0.021564,-0.096625,-0.012057,-0.311688,0.017343,-0.183909,-0.353142,
0.112976,-0.953458,0.013303,-0.0,-1.570796,0.0,0.599404,0.079422,-0.193596,0.0,0.0,0.0,-0.579757,0.107462,0.45834,0.27615,0.038267,-0.020456,-0.082976,-0.05522,-0.070355,0.398394,-0.347479,0.053004,0.135823,-0.021746,-0.095792,-0.012271,-0.310358,0.017502,-0.183077,-0.350719,
0.113576,-0.953378,0.013109,-0.0,-1.570796,0.0,0.599452,0.079498,-0.193608,0.0,0.0,0.0,-0.578912,0.10743,0.457637,0.276118,0.038419,-0.020689,-0.081919,-0.054939,-0.069506,0.39851,-0.348265,0.052775,0.134492,-0.021927,-0.09496,-0.012485,-0.309029,0.017662,-0.182246,-0.348295,
0.114175,-0.953299,0.012915,-0.0,-1.570796,0.0,0.599404,0.079422,-0.193596,0.0,0.0,0.0,-0.578067,0.107398,0.456933,0.276087,0.038571,-0.020921,-0.080861,-0.054658,-0.068658,0.398625,-0.349051,0.052546,0.133161,-0.022108,-0.094127,-0.012699,-0.307699,0.017821,-0.181414,-0.345872,
0.114775,-0.953219,0.012722,-0.0,-1.570796,0.0,0.599404,0.079498,-0.193595,0.0,0.0,0.0,-0.577222,0.107366,0.45623,0.276055,0.038723,-0.021154,-0.079803,-0.054378,-0.067809,0.398741,-0.349837,0.052317,0.13183,-0.02229,-0.093295,-0.012914,-0.306369,0.01798,-0.180583,-0.343449,
0.115374,-0.95314,0.012528,-0.0,-1.570796,0.0,0.599452,0.079422,-0.193609,0.0,0.0,0.0,-0.576377,0.107333,0.455526,0.276024,0.038875,-0.021386,-0.078746,-0.054097,-0.066961,0.398857,-0.350623,0.052088,0.130499,-0.022471,-0.092463,-0.013128,-0.305039,0.01814,-0.179752,-0.341025,
0.115974,-0.953061,0.012335,-0.0,-1.570796,0.0,0.599404,0.079498,-0.193595,0.0,0.0,0.0,-0.575532,0.107301,0.454822,0.275992,0.039027,-0.021619,-0.077688,-0.053816,-0.066112,0.398973,-0.351409,0.051859,0.129168,-0.022652,-0.09163,-0.013342,-0.303709,0.018299,-0.17892,-0.338602,
0.116573,-0.952981,0.012141,-0.0,-1.570796,0.0,0.599404,0.079422,-0.193596,0.0,0.0,0.0,-0.574686,0.107269,0.454119,0.275961,0.039179,-0.021851,-0.076631,-0.053535,-0.065264,0.399089,-0.352195,0.05163,0.127837,-0.022833,-0.090798,-0.013556,-0.302379,0.018458,-0.178089,-0.336179,
0.117172,-0.952902,0.011947,-0.0,-1.570796,0.0,0.599452,0.079422,-0.193608,0.0,0.0,0.0,-0.573841,0.107237,0.453415,0.27593,0.039331,-0.022084,-0.075573,-0.053254,-0.064416,0.399205,-0.352981,0.051401,0.126506,-0.023015,-0.089965,-0.013771,-0.30105,0.018618,-0.177258,-0.333756,
0.117772,-0.952822,0.011754,-0.0,-1.570796,0.0,0.599404,0.079498,-0.193596,0.0,0.0,0.0,-0.572996,0.107205,0.452712,0.275898,0.039483,-0.022317,-0.074516,-0.052974,-0.063567,0.39932,-0.353767,0.051172,0.125175,-0.023196,-0.089133,-0.013985,-0.29972,0.018777,-0.176426,-0.331334,
0.118371,-0.952743,0.01156,-0.0,-1.570796,0.0,0.599443,0.079422,-0.193608,0.0,0.0,0.0,-0.572151,0.107173,0.452008,0.275867,0.039635,-0.022549,-0.073458,-0.052693,-0.062719,0.399436,-0.354553,0.050943,0.123844,-0.023377,-0.088301,-0.014199,-0.29839,0.018936,-0.175595,-0.328911,
0.118995,-0.952665,0.011366,-0.0,-1.570796,0.0,0.623494,0.077362,-0.193873,0.0,0.0,0.0,-0.571531,0.107215,0.451472,0.276344,0.03957,-0.022782,-0.072246,-0.052414,-0.061743,0.399421,-0.355298,0.050712,0.122466,-0.023553,-0.087439,-0.014444,-0.297012,0.019094,-0.174734,-0.326489,
0.119668,-0.952593,0.011172,-0.0,-1.570796,0.0,0.673639,0.072785,-0.19445,0.0,0.0,0.0,-0.571381,0.107414,0.451284,0.277881,0.039051,-0.023017,-0.070712,-0.052141,-0.060501,0.399134,-0.355957,0.050478,0.120988,-0.023716,-0.086515,-0.014751,-0.295533,0.019248,-0.17381,-0.32407,
0.120342,-0.95252,0.010977,-0.0,-1.570796,0.0,0.673677,0.072785,-0.194462,0.0,0.0,0.0,-0.571231,0.107613,0.451096,0.279418,0.038533,-0.023251,-0.069177,-0.051868,-0.05926,0.398846,-0.356616,0.050243,0.119511,-0.023879,-0.085592,-0.015059,-0.294055,0.019401,-0.172886,-0.32165,
0.121016,-0.952447,0.010783,-0.0,-1.570796,0.0,0.673639,0.072861,-0.194449,0.0,0.0,0.0,-0.571081,0.107812,0.450908,0.280956,0.038015,-0.023485,-0.067643,-0.051594,-0.058018,0.398558,-0.357275,0.050009,0.118033,-0.024042,-0.084668,-0.015367,-0.292576,0.019555,-0.171962,-0.319231,
0.121689,-0.952374,0.010589,-0.0,-1.570796,0.0,0.673686,0.072785,-0.194462,0.0,0.0,0.0,-0.570931,0.108011,0.45072,0.282493,0.037497,-0.02372,-0.066108,-0.051321,-0.056776,0.398271,-0.357934,0.049774,0.116555,-0.024205,-0.083745,-0.015674,-0.291098,0.019709,-0.171038,-0.316811,
0.122363,-0.952301,0.010394,-0.0,-1.570796,0.0,0.673639,0.072785,-0.19445,0.0,0.0,0.0,-0.57078,0.10821,0.450533,0.28403,0.036978,-0.023954,-0.064574,-0.051048,-0.055534,0.397983,-0.358594,0.04954,0.115078,-0.024368,-0.082821,-0.015982,-0.289619,0.019863,-0.170114,-0.314391,
0.123037,-0.952229,0.0102,-0.0,-1.570796,0.0,0.673639,0.072861,-0.19445,0.0,0.0,0.0,-0.57063,0.108409,0.450345,0.285567,0.03646,-0.024189,-0.06304,-0.050775,-0.054293,0.397696,-0.359253,0.049306,0.1136,-0.024531,-0.081898,-0.016289,-0.288141,0.020017,-0.16919,-0.311971,
0.12371,-0.952156,0.010005,-0.0,-1.570796,0.0,0.673724,0.072785,-0.194474,0.0,0.0,0.0,-0.57048,0.108608,0.450157,0.287105,0.035942,-0.024423,-0.061505,-0.050501,-0.053051,0.397408,-0.359912,0.049071,0.112122,-0.024694,-0.080974,-0.016597,-0.286662,0.02017,-0.168266,-0.309551,
0.124384,-0.952083,0.009811,-0.0,-1.570796,0.0,0.673686,0.072785,-0.194462,0.0,0.0,0.0,-0.57033,0.108807,0.449969,0.288642,0.035423,-0.024658,-0.059971,-0.050228,-0.051809,0.39712,-0.360571,0.048837,0.110644,-0.024857,-0.080051,-0.016905,-0.285183,0.020324,-0.167342,-0.30713,
0.125058,-0.95201,0.009616,-0.0,-1.570796,0.0,0.673639,0.072861,-0.194449,0.0,0.0,0.0,-0.57018,0.109006,0.449781,0.290179,0.034905,-0.024892,-0.058436,-0.049955,-0.050567,0.396833,-0.361231,0.048602,0.109167,-0.025019,-0.079127,-0.017212,-0.283704,0.020478,-0.166418,-0.30471,
0.125731,-0.951937,0.009422,-0.0,-1.570796,0.0,0.673639,0.072785,-0.194449,0.0,0.0,0.0,-0.57003,0.109205,0.449594,0.291717,0.034387,-0.025126,-0.056902,-0.049681,-0.049325,0.396545,-0.36189,0.048368,0.107689,-0.025182,-0.078204,-0.01752,-0.282226,0.020632,-0.165494,-0.30229,
0.126405,-0.951865,0.009227,-0.0,-1.570796,0.0,0.673677,0.072785,-0.194462,0.0,0.0,0.0,-0.569879,0.109404,0.449406,0.293254,0.033869,-0.025361,-0.055367,-0.049408,-0.048084,0.396258,-0.362549,0.048133,0.106211,-0.025345,-0.07728,-0.017828,-0.280747,0.020786,-0.16457,-0.29987,
0.127079,-0.951792,0.009033,-0.0,-1.570796,0.0,0.673639,0.072861,-0.19445,0.0,0.0,0.0,-0.569729,0.109603,0.449218,0.294791,0.03335,-0.025595,-0.053833,-0.049135,-0.046842,0.39597,-0.363208,0.047899,0.104734,-0.025508,-0.076357,-0.018135,-0.279268,0.02094,-0.163646,-0.297449,
0.127752,-0.951719,0.008838,-0.0,-1.570796,0.0,0.673639,0.072785,-0.194449,0.0,0.0,0.0,-0.569579,0.109802,0.44903,0.296328,0.032832,-0.025829,-0.052298,-0.048862,-0.0456,0.395683,-0.363867,0.047664,0.103256,-0.025671,-0.075434,-0.018443,-0.27779,0.021093,-0.162722,-0.295029,
0.128426,-0.951646,0.008644,-0.0,-1.570796,0.0,0.673686,0.072785,-0.194462,0.0,0.0,0.0,-0.569429,0.110001,0.448842,0.297866,0.032314,-0.026064,-0.050764,-0.048588,-0.044358,0.395395,-0.364527,0.04743,0.101778,-0.025834,-0.07451,-0.018751,-0.276311,0.021247,-0.161798,-0.292609,
0.1291,-0.951573,0.00845,-0.0,-1.570796,0.0,0.673639,0.072861,-0.194449,0.0,0.0,0.0,-0.569279,0.1102,0.448654,0.299403,0.031796,-0.026298,-0.049229,-0.048315,-0.043116,0.395108,-0.365186,0.047196,0.1003,-0.025997,-0.073587,-0.019058,-0.274832,0.021401,-0.160874,-0.290188,
0.129773,-0.9515,0.008255,-0.0,-1.570796,0.0,0.673677,0.072785,-0.194462,0.0,0.0,0.0,-0.569129,0.110399,0.448467,0.300941,0.031277,-0.026533,-0.047695,-0.048042,-0.041875,0.39482,-0.365845,0.046961,0.098823,-0.02616,-0.072663,-0.019366,-0.273354,0.021555,-0.15995,-0.287768,
0.130447,-0.951428,0.008061,-0.0,-1.570796,0.0,0.673639,0.072861,-0.194449,0.0,0.0,0.0,-0.568978,0.110598,0.448279,0.302478,0.030759,-0.026767,-0.04616,-0.047768,-0.040633,0.394532,-0.366504,0.046727,0.097345,-0.026323,-0.07174,-0.019673,-0.271875,0.021709,-0.159026,-0.285347,
0.131121,-0.951355,0.007866,-0.0,-1.570796,0.0,0.673648,0.072785,-0.19445,0.0,0.0,0.0,-0.568828,0.110797,0.448091,0.304015,0.030241,-0.027001,-0.044626,-0.047495,-0.039391,0.394245,-0.367164,0.046492,0.095867,-0.026486,-0.070816,-0.019981,-0.270396,0.021863,-0.158102,-0.282927,
0.131794,-0.951282,0.007672,-0.0,-1.570796,0.0,0.673677,0.072785,-0.194462,0.0,0.0,0.0,-0.568678,0.110995,0.447903,0.305553,0.029723,-0.027236,-0.043091,-0.047222,-0.038149,0.393957,-0.367823,0.046258,0.094389,-0.026649,-0.069893,-0.020289,-0.268917,0.022016,-0.157178,-0.280507,
0.132468,-0.951209,0.007477,-0.0,-1.570796,0.0,0.673639,0.072861,-0.194449,0.0,0.0,0.0,-0.568528,0.111194,0.447715,0.30709,0.029204,-0.02747,-0.041556,-0.046949,-0.036907,0.39367,-0.368482,0.046023,0.092912,-0.026812,-0.068969,-0.020596,-0.267439,0.02217,-0.156254,-0.278086,
0.133142,-0.951136,0.007283,-0.0,-1.570796,0.0,0.673686,0.072785,-0.194462,0.0,0.0,0.0,-0.568378,0.111394,0.447528,0.308627,0.028686,-0.027705,-0.040022,-0.046675,-0.035666,0.393382,-0.369141,0.045789,0.091434,-0.026975,-0.068046,-0.020904,-0.26596,0.022324,-0.15533,-0.275666,
0.133815,-0.951064,0.007088,-0.0,-1.570796,0.0,0.673639,0.072785,-0.194449,0.0,0.0,0.0,-0.568227,0.111592,0.44734,0.310165,0.028168,-0.027939,-0.038487,-0.046402,-0.034424,0.393095,-0.3698,0.045554,0.089956,-0.027138,-0.067122,-0.021212,-0.264481,0.022478,-0.154406,-0.273246,
0.134489,-0.950991,0.006894,-0.0,-1.570796,0.0,0.673639,0.072861,-0.19445,0.0,0.0,0.0,-0.568077,0.111791,0.447152,0.311702,0.02765,-0.028173,-0.036953,-0.046129,-0.033182,0.392807,-0.37046,0.04532,0.088479,-0.027301,-0.066199,-0.021519,-0.263003,0.022632,-0.153482,-0.270825,
0.135163,-0.950918,0.006699,-0.0,-1.570796,0.0,0.673677,0.072785,-0.194462,0.0,0.0,0.0,-0.567927,0.11199,0.446964,0.313239,0.027131,-0.028408,-0.035418,-0.045855,-0.03194,0.392519,-0.371119,0.045086,0.087001,-0.027464,-0.065275,-0.021827,-0.261524,0.022785,-0.152558,-0.268405,
0.135836,-0.950845,0.006505,-0.0,-1.570796,0.0,0.673639,0.072785,-0.194449,0.0,0.0,0.0,-0.567777,0.112189,0.446776,0.314777,0.026613,-0.028642,-0.033884,-0.045582,-0.030698,0.392232,-0.371778,0.044851,0.085523,-0.027627,-0.064352,-0.022135,-0.260045,0.022939,-0.151634,-0.265985,
0.13651,-0.950772,0.006311,-0.0,-1.570796,0.0,0.673639,0.072861,-0.194449,0.0,0.0,0.0,-0.567627,0.112388,0.446589,0.316314,0.026095,-0.028877,-0.03235,-0.045309,-0.029457,0.391944,-0.372437,0.044617,0.084046,-0.02779,-0.063428,-0.022442,-0.258567,0.023093,-0.15071,-0.263565,
0.137183,-0.9507,0.006116,-0.0,-1.570796,0.0,0.673686,0.072785,-0.194462,0.0,0.0,0.0,-0.567477,0.112587,0.446401,0.317851,0.025577,-0.029111,-0.030815,-0.045036,-0.028215,0.391657,-0.373097,0.044382,0.082568,-0.027953,-0.062505,-0.02275,-0.257088,0.023247,-0.149786,-0.261145,
0.137857,-0.950627,0.005922,-0.0,-1.570796,0.0,0.673639,0.072785,-0.194449,0.0,0.0,0.0,-0.567326,0.112786,0.446213,0.319388,0.025058,-0.029345,-0.029281,-0.044762,-0.026973,0.391369,-0.373756,0.044148,0.08109,-0.028116,-0.061581,-0.023057,-0.255609,0.023401,-0.148862,-0.258725,
0.138531,-0.950554,0.005727,-0.0,-1.570796,0.0,0.673639,0.072861,-0.19445,0.0,0.0,0.0,-0.567176,0.112985,0.446025,0.320925,0.02454,-0.02958,-0.027746,-0.044489,-0.025731,0.391082,-0.374415,0.043913,0.079613,-0.028279,-0.060658,-0.023365,-0.254131,0.023555,-0.147938,-0.256305,
0.139204,-0.950481,0.005533,-0.0,-1.570796,0.0,0.673686,0.072785,-0.194462,0.0,0.0,0.0,-0.567026,0.113184,0.445837,0.322463,0.024022,-0.029814,-0.026212,-0.044216,-0.02449,0.390794,-0.375074,0.043679,0.078135,-0.028442,-0.059734,-0.023673,-0.252652,0.023708,-0.147014,-0.253885,
0.139878,-0.950408,0.005338,-0.0,-1.570796,0.0,0.673639,0.072785,-0.194449,0.0,0.0,0.0,-0.566876,0.113383,0.44565,0.324,0.023503,-0.030049,-0.024678,-0.043942,-0.023248,0.390506,-0.375733,0.043444,0.076657,-0.028605,-0.058811,-0.02398,-0.251174,0.023862,-0.14609,-0.251465,
0.140552,-0.950335,0.005144,-0.0,-1.570796,0.0,0.673677,0.072861,-0.194462,0.0,0.0,0.0,-0.566726,0.113582,0.445462,0.325537,0.022985,-0.030283,-0.023143,-0.043669,-0.022006,0.390219,-0.376393,0.04321,0.07518,-0.028768,-0.057887,-0.024288,-0.249695,0.024016,-0.145166,-0.249046,
0.141225,-0.950263,0.004949,-0.0,-1.570796,0.0,0.673639,0.072785,-0.194449,0.0,0.0,0.0,-0.566576,0.113781,0.445274,0.327074,0.022467,-0.030517,-0.021609,-0.043396,-0.020765,0.389931,-0.377052,0.042976,0.073702,-0.028931,-0.056964,-0.024596,-0.248217,0.02417,-0.144242,-0.246626,
0.141891,-0.950239,0.004762,-0.0,-1.570796,0.0,0.665923,0.02388,-0.187784,0.0,0.0,0.0,-0.566321,0.113938,0.445001,0.328503,0.021383,-0.030746,-0.019652,-0.043175,-0.019184,0.389083,-0.37725,0.042748,0.072099,-0.029049,-0.055961,-0.02503,-0.246613,0.024307,-0.143239,-0.244397,
0.142557,-0.950215,0.004574,-0.0,-1.570796,0.0,0.665761,0.023346,-0.187697,0.0,0.0,0.0,-0.566065,0.114094,0.444727,0.329932,0.020293,-0.030975,-0.017692,-0.042954,-0.0176,0.388229,-0.377444,0.042521,0.070495,-0.029166,-0.054957,-0.025466,-0.245009,0.024445,-0.142236,-0.242169,
0.143223,-0.950192,0.004386,-0.0,-1.570796,0.0,0.665847,0.023422,-0.18772,0.0,0.0,0.0,-0.565809,0.114251,0.444453,0.33136,0.019204,-0.031204,-0.015731,-0.042733,-0.016016,0.387376,-0.377638,0.042294,0.06889,-0.029283,-0.053954,-0.025902,-0.243404,0.024582,-0.141232,-0.239941,
0.143889,-0.950169,0.004198,-0.0,-1.570796,0.0,0.665809,0.023346,-0.187708,0.0,0.0,0.0,-0.565554,0.114408,0.444179,0.332788,0.018114,-0.031433,-0.01377,-0.042512,-0.014432,0.386522,-0.377832,0.042067,0.067286,-0.0294,-0.05295,-0.026338,-0.241799,0.024719,-0.140228,-0.237714,
0.144555,-0.950145,0.004011,-0.0,-1.570796,0.0,0.665847,0.023346,-0.18772,0.0,0.0,0.0,-0.565298,0.114564,0.443905,0.334216,0.017025,-0.031662,-0.011809,-0.042292,-0.012848,0.385668,-0.378026,0.04184,0.065681,-0.029518,-0.051946,-0.026774,-0.240194,0.024857,-0.139224,-0.235486,
0.14522,-0.950122,0.003823,-0.0,-1.570796,0.0,0.665847,0.023422,-0.18772,0.0,0.0,0.0,-0.565042,0.114721,0.443631,0.335645,0.015935,-0.031891,-0.009849,-0.042071,-0.011264,0.384814,-0.37822,0.041613,0.064076,-0.029635,-0.050943,-0.02721,-0.238589,0.024994,-0.138221,-0.233258,
0.145886,-0.950099,0.003635,-0.0,-1.570796,0.0,0.665761,0.023346,-0.187697,0.0,0.0,0.0,-0.564786,0.114877,0.443357,0.337073,0.014846,-0.03212,-0.007888,-0.04185,-0.00968,0.383961,-0.378414,0.041386,0.062472,-0.029752,-0.049939,-0.027646,-0.236985,0.025131,-0.137217,-0.23103,
0.146552,-0.950075,0.003448,-0.0,-1.570796,0.0,0.665847,0.023422,-0.18772,0.0,0.0,0.0,-0.564531,0.115034,0.443083,0.338501,0.013756,-0.032349,-0.005927,-0.04163,-0.008096,0.383107,-0.378608,0.041159,0.060867,-0.029869,-0.048935,-0.028081,-0.23538,0.025269,-0.136213,-0.228802,
0.147218,-0.950052,0.00326,-0.0,-1.570796,0.0,0.665809,0.023346,-0.187708,0.0,0.0,0.0,-0.564275,0.11519,0.442809,0.33993,0.012666,-0.032578,-0.003966,-0.041409,-0.006512,0.382253,-0.378802,0.040932,0.059263,-0.029986,-0.047931,-0.028517,-0.233775,0.025406,-0.13521,-0.226573,
0.147884,-0.950028,0.003072,-0.0,-1.570796,0.0,0.665847,0.023422,-0.18772,0.0,0.0,0.0,-0.564019,0.115347,0.442535,0.341358,0.011577,-0.032807,-0.002005,-0.041188,-0.004928,0.3814,-0.378996,0.040704,0.057658,-0.030104,-0.046928,-0.028953,-0.23217,0.025543,-0.134206,-0.224345,
0.14855,-0.950005,0.002884,-0.0,-1.570796,0.0,0.665847,0.023346,-0.18772,0.0,0.0,0.0,-0.563763,0.115503,0.442261,0.342786,0.010487,-0.033036,-0.000044,-0.040967,-0.003344,0.380546,-0.37919,0.040477,0.056053,-0.030221,-0.045924,-0.029389,-0.230565,0.025681,-0.133202,-0.222117,
0.149215,-0.949982,0.002697,-0.0,-1.570796,0.0,0.665761,0.023422,-0.187697,0.0,0.0,0.0,-0.563508,0.11566,0.441987,0.344215,0.009398,-0.033265,0.001917,-0.040747,-0.00176,0.379692,-0.379383,0.04025,0.054449,-0.030338,-0.04492,-0.029825,-0.22896,0.025818,-0.132198,-0.219889,
0.149881,-0.949958,0.002509,-0.0,-1.570796,0.0,0.665847,0.023346,-0.18772,0.0,0.0,0.0,-0.563252,0.115816,0.441713,0.345643,0.008308,-0.033494,0.003878,-0.040526,-0.000176,0.378838,-0.379577,0.040023,0.052844,-0.030455,-0.043917,-0.030261,-0.227355,0.025956,-0.131195,-0.21766,
0.150547,-0.949935,0.002321,-0.0,-1.570796,0.0,0.665847,0.023422,-0.18772,0.0,0.0,0.0,-0.562996,0.115973,0.441439,0.347072,0.007218,-0.033723,0.005839,-0.040305,0.001408,0.377985,-0.379771,0.039796,0.051239,-0.030572,-0.042913,-0.030697,-0.22575,0.026093,-0.130191,-0.215432,
0.151213,-0.949911,0.002134,-0.0,-1.570796,0.0,0.665761,0.023346,-0.187697,0.0,0.0,0.0,-0.56274,0.11613,0.441165,0.3485,0.006129,-0.033952,0.0078,-0.040084,0.002992,0.377131,-0.379965,0.039569,0.049634,-0.03069,-0.041909,-0.031133,-0.224145,0.02623,-0.129187,-0.213204,
0.151879,-0.949888,0.001946,-0.0,-1.570796,0.0,0.665847,0.023422,-0.18772,0.0,0.0,0.0,-0.562485,0.116286,0.440891,0.349928,0.005039,-0.03418,0.009761,-0.039864,0.004577,0.376277,-0.380159,0.039342,0.04803,-0.030807,-0.040905,-0.031569,-0.22254,0.026368,-0.128183,-0.210975,
0.152544,-0.949865,0.001758,-0.0,-1.570796,0.0,0.665809,0.023346,-0.187708,0.0,0.0,0.0,-0.562229,0.116443,0.440617,0.351357,0.00395,-0.034409,0.011722,-0.039643,0.006161,0.375423,-0.380353,0.039115,0.046425,-0.030924,-0.039902,-0.032004,-0.220935,0.026505,-0.12718,-0.208747,
0.15321,-0.949841,0.00157,-0.0,-1.570796,0.0,0.665847,0.023346,-0.18772,0.0,0.0,0.0,-0.561973,0.116599,0.440343,0.352785,0.00286,-0.034638,0.013683,-0.039422,0.007745,0.37457,-0.380547,0.038887,0.04482,-0.031041,-0.038898,-0.03244,-0.21933,0.026642,-0.126176,-0.206519,
0.153876,-0.949818,0.001383,-0.0,-1.570796,0.0,0.665847,0.023422,-0.18772,0.0,0.0,0.0,-0.561717,0.116756,0.440069,0.354213,0.00177,-0.034867,0.015645,-0.039202,0.009329,0.373716,-0.380741,0.03866,0.043215,-0.031158,-0.037894,-0.032876,-0.217725,0.02678,-0.125172,-0.20429,
0.154542,-0.949795,0.001195,-0.0,-1.570796,0.0,0.665761,0.023346,-0.187696,0.0,0.0,0.0,-0.561461,0.116912,0.439795,0.355642,0.000681,-0.035096,0.017605,-0.038981,0.010913,0.372862,-0.380935,0.038433,0.041611,-0.031276,-0.03689,-0.033312,-0.216121,0.026917,-0.124168,-0.202062,
0.155208,-0.949771,0.001007,-0.0,-1.570796,0.0,0.665847,0.023422,-0.18772,0.0,0.0,0.0,-0.561206,0.117069,0.439521,0.35707,-0.000409,-0.035325,0.019567,-0.03876,0.012497,0.372009,-0.381129,0.038206,0.040006,-0.031393,-0.035887,-0.033748,-0.214516,0.027054,-0.123165,-0.199834,
0.155873,-0.949748,0.00082,-0.0,-1.570796,0.0,0.665761,0.023346,-0.187696,0.0,0.0,0.0,-0.56095,0.117225,0.439247,0.358498,-0.001498,-0.035554,0.021527,-0.038539,0.014081,0.371155,-0.381323,0.037979,0.038402,-0.03151,-0.034883,-0.034184,-0.212911,0.027192,-0.122161,-0.197606,
0.156539,-0.949724,0.000632,-0.0,-1.570796,0.0,0.665847,0.023422,-0.18772,0.0,0.0,0.0,-0.560694,0.117382,0.438973,0.359927,-0.002588,-0.035783,0.023489,-0.038319,0.015665,0.370301,-0.381517,0.037752,0.036797,-0.031627,-0.033879,-0.03462,-0.211306,0.027329,-0.121157,-0.195377,
0.157205,-0.949701,0.000444,-0.0,-1.570796,0.0,0.665847,0.023346,-0.18772,0.0,0.0,0.0,-0.560438,0.117539,0.438699,0.361355,-0.003678,-0.036012,0.02545,-0.038098,0.01725,0.369447,-0.381711,0.037525,0.035192,-0.031745,-0.032875,-0.035056,-0.209701,0.027466,-0.120154,-0.193149,
0.157871,-0.949678,0.000256,-0.0,-1.570796,0.0,0.665809,0.023422,-0.187708,0.0,0.0,0.0,-0.560183,0.117695,0.438425,0.362784,-0.004767,-0.036241,0.027411,-0.037877,0.018834,0.368594,-0.381905,0.037298,0.033587,-0.031862,-0.031872,-0.035491,-0.208096,0.027604,-0.11915,-0.190921,
0.158537,-0.949654,0.000069,-0.0,-1.570796,0.0,0.665847,0.023346,-0.18772,0.0,0.0,0.0,-0.559927,0.117852,0.438151,0.364212,-0.005857,-0.03647,0.029372,-0.037657,0.020418,0.36774,-0.382099,0.037071,0.031983,-0.031979,-0.030868,-0.035927,-0.206491,0.027741,-0.118146,-0.188693,
0.159203,-0.949631,-0.000119,-0.0,-1.570796,0.0,0.665847,0.023422,-0.18772,0.0,0.0,0.0,-0.559671,0.118008,0.437877,0.36564,-0.006947,-0.036699,0.031332,-0.037436,0.022002,0.366886,-0.382293,0.036843,0.030378,-0.032096,-0.029864,-0.036363,-0.204886,0.027878,-0.117142,-0.186465,
0.159868,-0.949608,-0.000307,-0.0,-1.570796,0.0,0.665761,0.023346,-0.187696,0.0,0.0,0.0,-0.559415,0.118165,0.437603,0.367068,-0.008036,-0.036928,0.033293,-0.037215,0.023586,0.366033,-0.382486,0.036616,0.028774,-0.032213,-0.028861,-0.036799,-0.203282,0.028016,-0.116139,-0.184237,
0.160534,-0.949584,-0.000494,-0.0,-1.570796,0.0,0.665857,0.023422,-0.18772,0.0,0.0,0.0,-0.55916,0.118321,0.437329,0.368497,-0.009126,-0.037157,0.035254,-0.036994,0.02517,0.365179,-0.38268,0.036389,0.027169,-0.032331,-0.027857,-0.037235,-0.201677,0.028153,-0.115135,-0.182009,
0.1612,-0.949561,-0.000682,-0.0,-1.570796,0.0,0.665761,0.023346,-0.187696,0.0,0.0,0.0,-0.558904,0.118478,0.437055,0.369925,-0.010215,-0.037386,0.037215,-0.036774,0.026754,0.364325,-0.382874,0.036162,0.025565,-0.032448,-0.026853,-0.037671,-0.200072,0.02829,-0.114131,-0.179781,
0.161866,-0.949537,-0.00087,-0.0,-1.570796,0.0,0.665837,0.023346,-0.18772,0.0,0.0,0.0,-0.558648,0.118634,0.436781,0.371353,-0.011305,-0.037614,0.039175,-0.036553,0.028338,0.363471,-0.383068,0.035935,0.02396,-0.032565,-0.02585,-0.038107,-0.198467,0.028428,-0.113128,-0.177553,
0.162532,-0.949514,-0.001057,-0.0,-1.570796,0.0,0.665857,0.023422,-0.18772,0.0,0.0,0.0,-0.558392,0.118791,0.436507,0.372782,-0.012394,-0.037843,0.041136,-0.036332,0.029922,0.362618,-0.383262,0.035708,0.022355,-0.032682,-0.024846,-0.038543,-0.196862,0.028565,-0.112124,-0.175325,
0.163197,-0.949491,-0.001245,-0.0,-1.570796,0.0,0.665799,0.023346,-0.187708,0.0,0.0,0.0,-0.558137,0.118947,0.436233,0.37421,-0.013484,-0.038072,0.043097,-0.036111,0.031505,0.361764,-0.383456,0.035481,0.020751,-0.032799,-0.023842,-0.038978,-0.195258,0.028703,-0.11112,-0.173098,
0.163875,-0.949499,-0.00143,-0.0,-1.570796,0.0,0.677854,-0.008469,-0.184822,0.0,0.0,0.0,-0.557664,0.119035,0.435803,0.375372,-0.014752,-0.038296,0.044144,-0.035892,0.032408,0.362036,-0.38349,0.035249,0.019096,-0.032876,-0.022809,-0.039507,-0.193603,0.028821,-0.110086,-0.171104,
0.164559,-0.949524,-0.001613,-0.0,-1.570796,0.0,0.683976,-0.024948,-0.183299,0.0,0.0,0.0,-0.557078,0.119087,0.435291,0.376397,-0.016113,-0.038518,0.044718,-0.035673,0.032957,0.362892,-0.383442,0.035014,0.017415,-0.032931,-0.021759,-0.040084,-0.191922,0.028929,-0.109035,-0.169232,
0.165243,-0.949549,-0.001797,-0.0,-1.570796,0.0,0.684053,-0.025024,-0.183322,0.0,0.0,0.0,-0.556493,0.11914,0.43478,0.377422,-0.017473,-0.03874,0.045293,-0.035454,0.033507,0.363748,-0.383393,0.03478,0.015734,-0.032985,-0.02071,-0.040661,-0.19024,0.029037,-0.107985,-0.167359,
0.165927,-0.949574,-0.00198,-0.0,-1.570796,0.0,0.684072,-0.024948,-0.183322,0.0,0.0,0.0,-0.555908,0.119192,0.434268,0.378447,-0.018834,-0.038961,0.045867,-0.035235,0.034056,0.364603,-0.383345,0.034546,0.014053,-0.03304,-0.019661,-0.041238,-0.188559,0.029145,-0.106935,-0.165487,
0.166611,-0.949599,-0.002163,-0.0,-1.570796,0.0,0.684014,-0.025024,-0.18331,0.0,0.0,0.0,-0.555322,0.119244,0.433757,0.379472,-0.020195,-0.039183,0.046441,-0.035016,0.034606,0.365459,-0.383296,0.034311,0.012372,-0.033095,-0.018611,-0.041815,-0.186878,0.029253,-0.105884,-0.163615,
0.167296,-0.949624,-0.002347,-0.0,-1.570796,0.0,0.684072,-0.024948,-0.183322,0.0,0.0,0.0,-0.554737,0.119296,0.433245,0.380497,-0.021556,-0.039405,0.047016,-0.034796,0.035155,0.366314,-0.383248,0.034077,0.010691,-0.03315,-0.017562,-0.042392,-0.185196,0.029361,-0.104834,-0.161742,
0.16798,-0.949649,-0.00253,-0.0,-1.570796,0.0,0.684053,-0.025024,-0.183322,0.0,0.0,0.0,-0.554152,0.119348,0.432734,0.381522,-0.022917,-0.039626,0.04759,-0.034577,0.035705,0.36717,-0.383199,0.033842,0.00901,-0.033205,-0.016513,-0.042969,-0.183515,0.029469,-0.103783,-0.159869,
0.168664,-0.949674,-0.002713,-0.0,-1.570796,0.0,0.683976,-0.024948,-0.183299,0.0,0.0,0.0,-0.553566,0.1194,0.432222,0.382547,-0.024277,-0.039848,0.048165,-0.034358,0.036254,0.368025,-0.383151,0.033608,0.007329,-0.03326,-0.015464,-0.043546,-0.181833,0.029577,-0.102733,-0.157997,
0.169348,-0.949699,-0.002897,-0.0,-1.570796,0.0,0.684072,-0.025024,-0.183322,0.0,0.0,0.0,-0.552981,0.119452,0.43171,0.383572,-0.025638,-0.040069,0.048739,-0.034139,0.036804,0.368881,-0.383102,0.033373,0.005648,-0.033315,-0.014414,-0.044123,-0.180152,0.029685,-0.101682,-0.156124,
0.170032,-0.949724,-0.00308,-0.0,-1.570796,0.0,0.683976,-0.024948,-0.183299,0.0,0.0,0.0,-0.552396,0.119505,0.431199,0.384597,-0.026999,-0.040291,0.049313,-0.03392,0.037353,0.369737,-0.383054,0.033139,0.003967,-0.03337,-0.013365,-0.0447,-0.17847,0.029793,-0.100632,-0.154252,
0.170716,-0.949749,-0.003263,-0.0,-1.570796,0.0,0.684053,-0.025024,-0.183322,0.0,0.0,0.0,-0.55181,0.119557,0.430687,0.385621,-0.02836,-0.040513,0.049888,-0.033701,0.037903,0.370592,-0.383005,0.032905,0.002286,-0.033425,-0.012316,-0.045277,-0.176789,0.029901,-0.099582,-0.152379,
0.1714,-0.949774,-0.003446,-0.0,-1.570796,0.0,0.684072,-0.025024,-0.183322,0.0,0.0,0.0,-0.551225,0.119609,0.430176,0.386646,-0.029721,-0.040734,0.050462,-0.033482,0.038452,0.371448,-0.382957,0.03267,0.000604,-0.03348,-0.011266,-0.045854,-0.175107,0.030009,-0.098531,-0.150506,
0.172084,-0.949799,-0.00363,-0.0,-1.570796,0.0,0.684014,-0.024948,-0.183311,0.0,0.0,0.0,-0.550639,0.119661,0.429664,0.387671,-0.031082,-0.040956,0.051036,-0.033263,0.039002,0.372303,-0.382908,0.032436,-0.001077,-0.033535,-0.010217,-0.046431,-0.173426,0.030117,-0.097481,-0.148634,
0.172768,-0.949824,-0.003813,-0.0,-1.570796,0.0,0.684053,-0.025024,-0.183322,0.0,0.0,0.0,-0.550054,0.119713,0.429153,0.388696,-0.032443,-0.041178,0.051611,-0.033044,0.039551,0.373159,-0.38286,0.032201,-0.002758,-0.03359,-0.009168,-0.047008,-0.171744,0.030225,-0.09643,-0.146761,
0.173452,-0.949849,-0.003996,-0.0,-1.570796,0.0,0.683976,-0.024948,-0.183299,0.0,0.0,0.0,-0.549469,0.119765,0.428641,0.389721,-0.033804,-0.041399,0.052185,-0.032825,0.0401,0.374014,-0.382811,0.031967,-0.004439,-0.033645,-0.008119,-0.047585,-0.170063,0.030333,-0.09538,-0.144889,
0.174136,-0.949874,-0.00418,-0.0,-1.570796,0.0,0.684072,-0.025024,-0.183322,0.0,0.0,0.0,-0.548883,0.119817,0.428129,0.390746,-0.035164,-0.041621,0.05276,-0.032606,0.04065,0.37487,-0.382763,0.031733,-0.00612,-0.0337,-0.007069,-0.048162,-0.168381,0.030441,-0.094329,-0.143016,
0.17482,-0.949899,-0.004363,-0.0,-1.570796,0.0,0.684053,-0.024948,-0.183322,0.0,0.0,0.0,-0.548298,0.11987,0.427618,0.391771,-0.036525,-0.041842,0.053334,-0.032387,0.041199,0.375726,-0.382714,0.031498,-0.007802,-0.033755,-0.00602,-0.048739,-0.1667,0.030549,-0.093279,-0.141143,
0.175504,-0.949924,-0.004546,-0.0,-1.570796,0.0,0.684034,-0.025024,-0.18331,0.0,0.0,0.0,-0.547713,0.119922,0.427106,0.392796,-0.037886,-0.042064,0.053908,-0.032167,0.041749,0.376581,-0.382666,0.031264,-0.009483,-0.03381,-0.00497,-0.049316,-0.165018,0.030658,-0.092228,-0.13927,
0.176188,-0.949949,-0.00473,-0.0,-1.570796,0.0,0.684053,-0.024948,-0.183322,0.0,0.0,0.0,-0.547127,0.119974,0.426595,0.393821,-0.039247,-0.042286,0.054483,-0.031948,0.042298,0.377437,-0.382618,0.031029,-0.011164,-0.033865,-0.003921,-0.049893,-0.163336,0.030766,-0.091178,-0.137398,
0.176872,-0.949974,-0.004913,-0.0,-1.570796,0.0,0.684072,-0.025024,-0.183322,0.0,0.0,0.0,-0.546542,0.120026,0.426083,0.394846,-0.040608,-0.042507,0.055057,-0.031729,0.042848,0.378293,-0.382569,0.030795,-0.012845,-0.03392,-0.002872,-0.05047,-0.161655,0.030874,-0.090127,-0.135525,
0.177556,-0.949999,-0.005096,-0.0,-1.570796,0.0,0.683976,-0.024948,-0.183299,0.0,0.0,0.0,-0.545956,0.120078,0.425572,0.395871,-0.041969,-0.042729,0.055631,-0.03151,0.043397,0.379148,-0.382521,0.03056,-0.014526,-0.033974,-0.001823,-0.051047,-0.159973,0.030982,-0.089077,-0.133652,
0.17824,-0.950024,-0.00528,-0.0,-1.570796,0.0,0.684053,-0.025024,-0.183322,0.0,0.0,0.0,-0.545371,0.12013,0.42506,0.396896,-0.04333,-0.042951,0.056206,-0.031291,0.043947,0.380004,-0.382472,0.030326,-0.016208,-0.034029,-0.000773,-0.051624,-0.158292,0.03109,-0.088027,-0.13178,
0.178924,-0.950049,-0.005463,-0.0,-1.570796,0.0,0.683976,-0.024948,-0.183298,0.0,0.0,0.0,-0.544786,0.120182,0.424548,0.397921,-0.044691,-0.043172,0.05678,-0.031072,0.044496,0.380859,-0.382424,0.030092,-0.017889,-0.034084,0.000276,-0.052201,-0.156611,0.031198,-0.086976,-0.129907,
0.179608,-0.950074,-0.005646,-0.0,-1.570796,0.0,0.684072,-0.025024,-0.183322,0.0,0.0,0.0,-0.5442,0.120235,0.424037,0.398946,-0.046052,-0.043394,0.057354,-0.030853,0.045046,0.381715,-0.382375,0.029857,-0.01957,-0.034139,0.001325,-0.052778,-0.154929,0.031306,-0.085926,-0.128034,
0.180292,-0.950099,-0.00583,-0.0,-1.570796,0.0,0.684053,-0.024948,-0.183322,0.0,0.0,0.0,-0.543615,0.120287,0.423525,0.399971,-0.047412,-0.043615,0.057929,-0.030634,0.045595,0.38257,-0.382326,0.029623,-0.021251,-0.034194,0.002375,-0.053355,-0.153247,0.031414,-0.084875,-0.126162,
0.180976,-0.950124,-0.006013,-0.0,-1.570796,0.0,0.684034,-0.025024,-0.18331,0.0,0.0,0.0,-0.54303,0.120339,0.423014,0.400996,-0.048773,-0.043837,0.058503,-0.030415,0.046145,0.383426,-0.382278,0.029388,-0.022932,-0.034249,0.003424,-0.053932,-0.151566,0.031522,-0.083825,-0.124289,
0.18166,-0.950149,-0.006196,-0.0,-1.570796,0.0,0.684053,-0.024948,-0.183322,0.0,0.0,0.0,-0.542444,0.120391,0.422502,0.402021,-0.050134,-0.044059,0.059078,-0.030196,0.046694,0.384282,-0.382229,0.029154,-0.024613,-0.034304,0.004473,-0.054509,-0.149884,0.03163,-0.082774,-0.122416,
0.182344,-0.950174,-0.00638,-0.0,-1.570796,0.0,0.683976,-0.025024,-0.183299,0.0,0.0,0.0,-0.541859,0.120443,0.421991,0.403046,-0.051495,-0.04428,0.059652,-0.029977,0.047244,0.385137,-0.382181,0.028919,-0.026294,-0.034359,0.005523,-0.055086,-0.148203,0.031738,-0.081724,-0.120544,
0.183028,-0.950199,-0.006563,-0.0,-1.570796,0.0,0.684072,-0.024948,-0.183322,0.0,0.0,0.0,-0.541274,0.120495,0.421479,0.404071,-0.052856,-0.044502,0.060226,-0.029758,0.047793,0.385993,-0.382133,0.028685,-0.027976,-0.034414,0.006572,-0.055663,-0.146522,0.031846,-0.080674,-0.118671,
0.183712,-0.950224,-0.006746,-0.0,-1.570796,0.0,0.684053,-0.025024,-0.183322,0.0,0.0,0.0,-0.540688,0.120548,0.420967,0.405096,-0.054217,-0.044724,0.060801,-0.029538,0.048343,0.386848,-0.382084,0.028451,-0.029657,-0.034469,0.007621,-0.05624,-0.14484,0.031954,-0.079623,-0.116799,
0.184396,-0.950249,-0.006929,-0.0,-1.570796,0.0,0.683976,-0.025024,-0.183299,0.0,0.0,0.0,-0.540103,0.1206,0.420456,0.406121,-0.055577,-0.044945,0.061375,-0.029319,0.048892,0.387704,-0.382036,0.028216,-0.031337,-0.034524,0.00867,-0.056817,-0.143159,0.032062,-0.078573,-0.114927,
0.18508,-0.950274,-0.007113,-0.0,-1.570796,0.0,0.684072,-0.024948,-0.183322,0.0,0.0,0.0,-0.539518,0.120652,0.419944,0.407145,-0.056938,-0.045167,0.061949,-0.0291,0.049442,0.388559,-0.381987,0.027982,-0.033018,-0.034579,0.00972,-0.057394,-0.141478,0.03217,-0.077522,-0.113054,
0.185764,-0.950299,-0.007296,-0.0,-1.570796,0.0,0.684053,-0.025024,-0.183322,0.0,0.0,0.0,-0.538932,0.120704,0.419433,0.40817,-0.058299,-0.045388,0.062524,-0.028881,0.049991,0.389415,-0.381939,0.027747,-0.034699,-0.034634,0.010769,-0.057971,-0.139796,0.032278,-0.076472,-0.111182,
0.186434,-0.950333,-0.007478,-0.0,-1.570796,0.0,0.669652,-0.034485,-0.182184,0.0,0.0,0.0,-0.538226,0.120722,0.418835,0.408976,-0.059529,-0.045608,0.062454,-0.028647,0.050039,0.390983,-0.381774,0.027514,-0.036393,-0.034666,0.011826,-0.05866,-0.138103,0.032371,-0.075413,-0.109484,
0.187074,-0.950387,-0.007658,-0.0,-1.570796,0.0,0.640107,-0.054169,-0.179877,0.0,0.0,0.0,-0.53727,0.12067,0.418061,0.409329,-0.060491,-0.045822,0.061058,-0.02838,0.049053,0.394019,-0.381372,0.027283,-0.038111,-0.034651,0.012899,-0.05958,-0.136385,0.032434,-0.074338,-0.108144,
0.187714,-0.950442,-0.007838,-0.0,-1.570796,0.0,0.64005,-0.054169,-0.179854,0.0,0.0,0.0,-0.536315,0.120618,0.417287,0.409683,-0.061453,-0.046036,0.059662,-0.028113,0.048068,0.397054,-0.380969,0.027053,-0.039829,-0.034637,0.013972,-0.0605,-0.134667,0.032496,-0.073263,-0.106804,
0.188354,-0.950496,-0.008018,-0.0,-1.570796,0.0,0.640107,-0.054169,-0.179877,0.0,0.0,0.0,-0.535359,0.120565,0.416513,0.410037,-0.062415,-0.046251,0.058266,-0.027846,0.047083,0.40009,-0.380566,0.026822,-0.041548,-0.034622,0.015045,-0.06142,-0.132948,0.032558,-0.072187,-0.105464,
0.188994,-0.95055,-0.008198,-0.0,-1.570796,0.0,0.640126,-0.054092,-0.179878,0.0,0.0,0.0,-0.534404,0.120513,0.415739,0.41039,-0.063377,-0.046465,0.05687,-0.02758,0.046097,0.403127,-0.380164,0.026591,-0.043267,-0.034607,0.016119,-0.06234,-0.13123,0.03262,-0.071112,-0.104124,
0.189635,-0.950604,-0.008378,-0.0,-1.570796,0.0,0.640031,-0.054169,-0.179854,0.0,0.0,0.0,-0.533448,0.120461,0.414965,0.410744,-0.064339,-0.046679,0.055474,-0.027313,0.045112,0.406163,-0.379761,0.02636,-0.044985,-0.034593,0.017192,-0.06326,-0.129511,0.032683,-0.070037,-0.102785,
0.190275,-0.950658,-0.008557,-0.0,-1.570796,0.0,0.640107,-0.054169,-0.179877,0.0,0.0,0.0,-0.532493,0.120409,0.414191,0.411098,-0.065301,-0.046894,0.054078,-0.027046,0.044127,0.409199,-0.379359,0.02613,-0.046704,-0.034578,0.018265,-0.06418,-0.127793,0.032745,-0.068961,-0.101445,
0.190915,-0.950712,-0.008737,-0.0,-1.570796,0.0,0.640031,-0.054169,-0.179854,0.0,0.0,0.0,-0.531537,0.120357,0.413417,0.411451,-0.066263,-0.047108,0.052683,-0.02678,0.043142,0.412235,-0.378956,0.025899,-0.048422,-0.034563,0.019338,-0.0651,-0.126075,0.032807,-0.067886,-0.100105,
0.191555,-0.950767,-0.008917,-0.0,-1.570796,0.0,0.640126,-0.054169,-0.179878,0.0,0.0,0.0,-0.530582,0.120305,0.412643,0.411805,-0.067226,-0.047322,0.051287,-0.026513,0.042156,0.415272,-0.378553,0.025668,-0.050141,-0.034549,0.020411,-0.066019,-0.124356,0.03287,-0.066811,-0.098765,
0.192195,-0.950821,-0.009097,-0.0,-1.570796,0.0,0.640107,-0.054169,-0.179877,0.0,0.0,0.0,-0.529626,0.120253,0.411869,0.412159,-0.068188,-0.047536,0.04989,-0.026246,0.041171,0.418309,-0.378151,0.025437,-0.051859,-0.034534,0.021485,-0.066939,-0.122637,0.032932,-0.065735,-0.097425,
0.192835,-0.950875,-0.009277,-0.0,-1.570796,0.0,0.640126,-0.054092,-0.179877,0.0,0.0,0.0,-0.528671,0.120201,0.411095,0.412512,-0.06915,-0.047751,0.048494,-0.025979,0.040185,0.421346,-0.377748,0.025207,-0.053578,-0.034519,0.022558,-0.067859,-0.120919,0.032994,-0.06466,-0.096085,
0.193475,-0.950929,-0.009457,-0.0,-1.570796,0.0,0.640107,-0.054169,-0.179878,0.0,0.0,0.0,-0.527715,0.120148,0.410321,0.412866,-0.070112,-0.047965,0.047098,-0.025713,0.0392,0.424383,-0.377346,0.024976,-0.055297,-0.034505,0.023631,-0.068779,-0.1192,0.033056,-0.063584,-0.094745,
0.194115,-0.950983,-0.009637,-0.0,-1.570796,0.0,0.640126,-0.054169,-0.179877,0.0,0.0,0.0,-0.52676,0.120096,0.409547,0.41322,-0.071074,-0.048179,0.045702,-0.025446,0.038215,0.42742,-0.376943,0.024745,-0.057016,-0.03449,0.024705,-0.069699,-0.117482,0.033119,-0.062509,-0.093405,
0.194755,-0.951037,-0.009817,-0.0,-1.570796,0.0,0.640031,-0.054169,-0.179854,0.0,0.0,0.0,-0.525804,0.120044,0.408773,0.413574,-0.072036,-0.048394,0.044306,-0.025179,0.037229,0.430457,-0.37654,0.024514,-0.058734,-0.034475,0.025778,-0.070619,-0.115763,0.033181,-0.061434,-0.092065,
0.195395,-0.951091,-0.009996,-0.0,-1.570796,0.0,0.640126,-0.054169,-0.179877,0.0,0.0,0.0,-0.524848,0.119992,0.407999,0.413927,-0.072998,-0.048608,0.04291,-0.024913,0.036244,0.433495,-0.376138,0.024284,-0.060453,-0.034461,0.026851,-0.071539,-0.114044,0.033243,-0.060358,-0.090725,
0.196035,-0.951146,-0.010176,-0.0,-1.570796,0.0,0.640031,-0.054169,-0.179855,0.0,0.0,0.0,-0.523893,0.11994,0.407225,0.414281,-0.07396,-0.048822,0.041514,-0.024646,0.035259,0.436532,-0.375735,0.024053,-0.062172,-0.034446,0.027924,-0.072459,-0.112326,0.033305,-0.059283,-0.089385,
0.196676,-0.9512,-0.010356,-0.0,-1.570796,0.0,0.640107,-0.054092,-0.179876,0.0,0.0,0.0,-0.522937,0.119888,0.406451,0.414635,-0.074922,-0.049037,0.040118,-0.024379,0.034273,0.439569,-0.375333,0.023822,-0.06389,-0.034432,0.028997,-0.073379,-0.110607,0.033368,-0.058207,-0.088045,
0.197316,-0.951254,-0.010536,-0.0,-1.570796,0.0,0.640126,-0.054169,-0.179878,0.0,0.0,0.0,-0.521982,0.119836,0.405677,0.414988,-0.075884,-0.049251,0.038722,-0.024112,0.033288,0.442606,-0.37493,0.023591,-0.065609,-0.034417,0.030071,-0.074299,-0.108889,0.03343,-0.057132,-0.086705,
0.197956,-0.951308,-0.010716,-0.0,-1.570796,0.0,0.640031,-0.054169,-0.179855,0.0,0.0,0.0,-0.521026,0.119783,0.404903,0.415342,-0.076846,-0.049465,0.037326,-0.023846,0.032303,0.445643,-0.374527,0.023361,-0.067328,-0.034402,0.031144,-0.075219,-0.10717,0.033492,-0.056057,-0.085365,
0.198596,-0.951362,-0.010896,-0.0,-1.570796,0.0,0.640107,-0.054169,-0.179876,0.0,0.0,0.0,-0.520071,0.119731,0.404129,0.415696,-0.077809,-0.04968,0.03593,-0.023579,0.031317,0.44868,-0.374125,0.02313,-0.069047,-0.034388,0.032217,-0.076139,-0.105452,0.033555,-0.054981,-0.084025,
0.199236,-0.951416,-0.011076,-0.0,-1.570796,0.0,0.64005,-0.054169,-0.179855,0.0,0.0,0.0,-0.519115,0.119679,0.403355,0.416049,-0.078771,-0.049894,0.034534,-0.023312,0.030332,0.451717,-0.373722,0.022899,-0.070765,-0.034373,0.03329,-0.077058,-0.103733,0.033617,-0.053906,-0.082685,
0.199876,-0.951471,-0.011256,-0.0,-1.570796,0.0,0.640107,-0.054169,-0.179876,0.0,0.0,0.0,-0.51816,0.119627,0.402581,0.416403,-0.079733,-0.050108,0.033138,-0.023046,0.029347,0.454755,-0.37332,0.022668,-0.072484,-0.034358,0.034363,-0.077978,-0.102014,0.033679,-0.05283,-0.081345,
0.200516,-0.951525,-0.011435,-0.0,-1.570796,0.0,0.640126,-0.054092,-0.179878,0.0,0.0,0.0,-0.517204,0.119575,0.401807,0.416757,-0.080695,-0.050323,0.031742,-0.022779,0.028361,0.457792,-0.372917,0.022438,-0.074203,-0.034344,0.035437,-0.078898,-0.100296,0.033741,-0.051755,-0.080005,
0.201156,-0.951579,-0.011615,-0.0,-1.570796,0.0,0.640107,-0.054169,-0.179878,0.0,0.0,0.0,-0.516249,0.119523,0.401033,0.41711,-0.081657,-0.050537,0.030346,-0.022512,0.027376,0.460829,-0.372514,0.022207,-0.075921,-0.034329,0.03651,-0.079818,-0.098577,0.033804,-0.05068,-0.078665,
0.201796,-0.951633,-0.011795,-0.0,-1.570796,0.0,0.640126,-0.054169,-0.179878,0.0,0.0,0.0,-0.515293,0.11947,0.400259,0.417464,-0.082619,-0.050751,0.02895,-0.022245,0.02639,0.463866,-0.372112,0.021976,-0.07764,-0.034314,0.037583,-0.080738,-0.096859,0.033866,-0.049604,-0.077325,
0.202436,-0.951687,-0.011975,-0.0,-1.570796,0.0,0.640107,-0.054169,-0.179876,0.0,0.0,0.0,-0.514338,0.119418,0.399485,0.417818,-0.083581,-0.050966,0.027554,-0.021979,0.025405,0.466903,-0.371709,0.021745,-0.079359,-0.0343,0.038657,-0.081658,-0.09514,0.033928,-0.048529,-0.075985,
0.203076,-0.951741,-0.012155,-0.0,-1.570796,0.0,0.640031,-0.054169,-0.179855,0.0,0.0,0.0,-0.513382,0.119366,0.398711,0.418171,-0.084543,-0.05118,0.026158,-0.021712,0.02442,0.469939,-0.371307,0.021515,-0.081077,-0.034285,0.03973,-0.082578,-0.093422,0.03399,-0.047453,-0.074646,
0.203717,-0.951795,-0.012335,-0.0,-1.570796,0.0,0.640126,-0.054169,-0.179876,0.0,0.0,0.0,-0.512427,0.119314,0.397937,0.418525,-0.085505,-0.051394,0.024762,-0.021445,0.023434,0.472976,-0.370904,0.021284,-0.082796,-0.03427,0.040803,-0.083498,-0.091703,0.034053,-0.046378,-0.073306,
0.204357,-0.95185,-0.012515,-0.0,-1.570796,0.0,0.640031,-0.054092,-0.179855,0.0,0.0,0.0,-0.511471,0.119262,0.397162,0.418879,-0.086467,-0.051608,0.023367,-0.021179,0.022449,0.476012,-0.370501,0.021053,-0.084515,-0.034256,0.041876,-0.084418,-0.089985,0.034115,-0.045303,-0.071966,
0.204997,-0.951904,-0.012694,-0.0,-1.570796,0.0,0.640107,-0.054169,-0.179878,0.0,0.0,0.0,-0.510516,0.11921,0.396389,0.419232,-0.087429,-0.051823,0.021971,-0.020912,0.021464,0.479048,-0.370099,0.020822,-0.086233,-0.034241,0.042949,-0.085338,-0.088266,0.034177,-0.044227,-0.070626,
0.205637,-0.951958,-0.012874,-0.0,-1.570796,0.0,0.640126,-0.054169,-0.179876,0.0,0.0,0.0,-0.50956,0.119158,0.395614,0.419586,-0.088391,-0.052037,0.020575,-0.020645,0.020478,0.482084,-0.369696,0.020592,-0.087952,-0.034226,0.044023,-0.086257,-0.086548,0.034239,-0.043152,-0.069286,
0.206277,-0.952012,-0.013054,-0.0,-1.570796,0.0,0.640031,-0.054169,-0.179855,0.0,0.0,0.0,-0.508605,0.119105,0.394841,0.41994,-0.089353,-0.052251,0.019179,-0.020379,0.019493,0.48512,-0.369294,0.020361,-0.08967,-0.034212,0.045096,-0.087177,-0.08483,0.034302,-0.042077,-0.067946,
0.206917,-0.952066,-0.013234,-0.0,-1.570796,0.0,0.640126,-0.054169,-0.179876,0.0,0.0,0.0,-0.507649,0.119053,0.394066,0.420293,-0.090315,-0.052466,0.017783,-0.020112,0.018508,0.488156,-0.368891,0.02013,-0.091389,-0.034197,0.046169,-0.088097,-0.083111,0.034364,-0.041001,-0.066606,
0.207557,-0.95212,-0.013414,-0.0,-1.570796,0.0,0.640031,-0.054169,-0.179855,0.0,0.0,0.0,-0.506694,0.119001,0.393292,0.420647,-0.091277,-0.05268,0.016387,-0.019845,0.017523,0.491191,-0.368488,0.0199,-0.093107,-0.034182,0.047242,-0.089017,-0.081393,0.034426,-0.039926,-0.065267,
0.20804,-0.952197,-0.013586,-0.0,-1.570796,0.0,0.483132,-0.076828,-0.171938,0.0,0.0,0.0,-0.505559,0.118913,0.392394,0.420336,-0.091702,-0.052882,0.013476,-0.019662,0.015238,0.495337,-0.36743,0.019702,-0.09482,-0.034108,0.048314,-0.090535,-0.079679,0.034427,-0.038855,-0.064577,
0.208522,-0.952274,-0.013758,-0.0,-1.570796,0.0,0.482369,-0.076904,-0.171901,0.0,0.0,0.0,-0.504423,0.118825,0.391496,0.420021,-0.092123,-0.053083,0.010557,-0.019479,0.012947,0.49949,-0.366368,0.019504,-0.096534,-0.034033,0.049386,-0.092055,-0.077964,0.034427,-0.037783,-0.06389,
0.209005,-0.952351,-0.01393,-0.0,-1.570796,0.0,0.482312,-0.076981,-0.171879,0.0,0.0,0.0,-0.503287,0.118737,0.390597,0.419707,-0.092545,-0.053285,0.007638,-0.019296,0.010657,0.503642,-0.365306,0.019306,-0.098247,-0.033957,0.050457,-0.093575,-0.07625,0.034427,-0.036712,-0.063203,
0.209487,-0.952428,-0.014102,-0.0,-1.570796,0.0,0.482446,-0.076981,-0.171922,0.0,0.0,0.0,-0.50215,0.118648,0.389698,0.419393,-0.092967,-0.053486,0.004718,-0.019113,0.008366,0.507797,-0.364244,0.019108,-0.099961,-0.033882,0.051529,-0.095096,-0.074535,0.034427,-0.035641,-0.062516,
0.20997,-0.952505,-0.014273,-0.0,-1.570796,0.0,0.482312,-0.076904,-0.171879,0.0,0.0,0.0,-0.501014,0.11856,0.3888,0.419078,-0.093388,-0.053688,0.001799,-0.01893,0.006075,0.51195,-0.363182,0.01891,-0.101674,-0.033807,0.052601,-0.096617,-0.07282,0.034427,-0.034569,-0.061829,
0.210452,-0.952582,-0.014445,-0.0,-1.570796,0.0,0.482369,-0.076981,-0.1719,0.0,0.0,0.0,-0.499878,0.118472,0.387901,0.418764,-0.09381,-0.053889,-0.001121,-0.018747,0.003784,0.516105,-0.36212,0.018713,-0.103388,-0.033732,0.053673,-0.098137,-0.071106,0.034427,-0.033498,-0.061142,
0.210934,-0.952659,-0.014617,-0.0,-1.570796,0.0,0.482369,-0.076981,-0.1719,0.0,0.0,0.0,-0.498742,0.118383,0.387002,0.418449,-0.094232,-0.054091,-0.00404,-0.018564,0.001493,0.520259,-0.361058,0.018515,-0.105101,-0.033657,0.054745,-0.099658,-0.069391,0.034427,-0.032427,-0.060455,
0.211417,-0.952736,-0.014789,-0.0,-1.570796,0.0,0.482312,-0.076904,-0.171879,0.0,0.0,0.0,-0.497606,0.118295,0.386104,0.418135,-0.094653,-0.054292,-0.00696,-0.018381,-0.000798,0.524414,-0.359996,0.018317,-0.106815,-0.033582,0.055816,-0.101178,-0.067676,0.034427,-0.031356,-0.059768,
0.211899,-0.952813,-0.014961,-0.0,-1.570796,0.0,0.482369,-0.076981,-0.1719,0.0,0.0,0.0,-0.49647,0.118207,0.385205,0.417821,-0.095075,-0.054494,-0.00988,-0.018198,-0.003089,0.52857,-0.358934,0.018119,-0.108528,-0.033507,0.056888,-0.102699,-0.065962,0.034427,-0.030284,-0.059081,
0.212381,-0.95289,-0.015133,-0.0,-1.570796,0.0,0.482369,-0.076904,-0.171901,0.0,0.0,0.0,-0.495334,0.118119,0.384306,0.417506,-0.095497,-0.054695,-0.0128,-0.018015,-0.005381,0.532725,-0.357872,0.017922,-0.110242,-0.033432,0.05796,-0.10422,-0.064247,0.034427,-0.029213,-0.058394,
0.212864,-0.952967,-0.015305,-0.0,-1.570796,0.0,0.482312,-0.076981,-0.171879,0.0,0.0,0.0,-0.494198,0.11803,0.383408,0.417192,-0.095919,-0.054897,-0.01572,-0.017832,-0.007672,0.536881,-0.356811,0.017724,-0.111956,-0.033357,0.059032,-0.10574,-0.062532,0.034427,-0.028142,-0.057707,
0.213346,-0.953044,-0.015477,-0.0,-1.570796,0.0,0.482388,-0.076981,-0.1719,0.0,0.0,0.0,-0.493062,0.117942,0.382509,0.416877,-0.09634,-0.055098,-0.01864,-0.017649,-0.009963,0.541037,-0.355749,0.017526,-0.113669,-0.033282,0.060104,-0.107261,-0.060818,0.034427,-0.02707,-0.05702,
0.213828,-0.953121,-0.015649,-0.0,-1.570796,0.0,0.482312,-0.076904,-0.171879,0.0,0.0,0.0,-0.491926,0.117854,0.38161,0.416563,-0.096762,-0.0553,-0.02156,-0.017466,-0.012254,0.545193,-0.354687,0.017328,-0.115383,-0.033207,0.061176,-0.108781,-0.059103,0.034427,-0.025999,-0.056333,
0.214311,-0.953198,-0.015821,-0.0,-1.570796,0.0,0.482369,-0.076981,-0.1719,0.0,0.0,0.0,-0.49079,0.117765,0.380712,0.416249,-0.097184,-0.055501,-0.024481,-0.017283,-0.014546,0.549349,-0.353625,0.01713,-0.117097,-0.033132,0.062247,-0.110302,-0.057388,0.034427,-0.024927,-0.055646,
0.214793,-0.953274,-0.015992,-0.0,-1.570796,0.0,0.482369,-0.076904,-0.1719,0.0,0.0,0.0,-0.489654,0.117677,0.379813,0.415934,-0.097605,-0.055703,-0.027401,-0.0171,-0.016837,0.553506,-0.352563,0.016933,-0.11881,-0.033056,0.063319,-0.111823,-0.055673,0.034427,-0.023856,-0.054959,
0.215275,-0.953351,-0.016164,-0.0,-1.570796,0.0,0.482312,-0.076981,-0.171879,0.0,0.0,0.0,-0.488518,0.117589,0.378914,0.41562,-0.098027,-0.055904,-0.030321,-0.016918,-0.019128,0.557662,-0.351501,0.016735,-0.120524,-0.032981,0.064391,-0.113343,-0.053959,0.034427,-0.022785,-0.054272,
0.215758,-0.953428,-0.016336,-0.0,-1.570796,0.0,0.482369,-0.076981,-0.1719,0.0,0.0,0.0,-0.487381,0.1175,0.378016,0.415305,-0.098449,-0.056106,-0.033241,-0.016735,-0.02142,0.561819,-0.350439,0.016537,-0.122238,-0.032906,0.065463,-0.114864,-0.052244,0.034427,-0.021713,-0.053585,
0.21624,-0.953505,-0.016508,-0.0,-1.570796,0.0,0.482369,-0.076904,-0.1719,0.0,0.0,0.0,-0.486245,0.117412,0.377117,0.414991,-0.09887,-0.056307,-0.036162,-0.016552,-0.023711,0.565976,-0.349377,0.016339,-0.123951,-0.032831,0.066535,-0.116385,-0.050529,0.034427,-0.020642,-0.052898,
0.216723,-0.953582,-0.01668,-0.0,-1.570796,0.0,0.482388,-0.076981,-0.171901,0.0,0.0,0.0,-0.485109,0.117324,0.376218,0.414677,-0.099292,-0.056509,-0.039082,-0.016369,-0.026003,0.570132,-0.348315,0.016142,-0.125665,-0.032756,0.067607,-0.117906,-0.048814,0.034427,-0.019571,-0.052211,
0.217205,-0.953659,-0.016852,-0.0,-1.570796,0.0,0.482369,-0.076981,-0.1719,0.0,0.0,0.0,-0.483973,0.117236,0.375319,0.414362,-0.099714,-0.05671,-0.042003,-0.016186,-0.028294,0.574289,-0.347253,0.015944,-0.127379,-0.032681,0.068679,-0.119426,-0.047099,0.034427,-0.018499,-0.051524,
0.217687,-0.953736,-0.017024,-0.0,-1.570796,0.0,0.482312,-0.076904,-0.171879,0.0,0.0,0.0,-0.482837,0.117147,0.374421,0.414048,-0.100135,-0.056912,-0.044923,-0.016003,-0.030585,0.578445,-0.346191,0.015746,-0.129092,-0.032606,0.069751,-0.120947,-0.045385,0.034427,-0.017428,-0.050837,
0.21817,-0.953813,-0.017196,-0.0,-1.570796,0.0,0.482369,-0.076981,-0.1719,0.0,0.0,0.0,-0.481701,0.117059,0.373522,0.413733,-0.100557,-0.057113,-0.047843,-0.01582,-0.032877,0.582601,-0.345129,0.015548,-0.130806,-0.032531,0.070822,-0.122467,-0.04367,0.034427,-0.016357,-0.05015,
0.218652,-0.95389,-0.017368,-0.0,-1.570796,0.0,0.482369,-0.076904,-0.1719,0.0,0.0,0.0,-0.480565,0.116971,0.372623,0.413419,-0.100979,-0.057315,-0.050763,-0.015637,-0.035168,0.586757,-0.344067,0.01535,-0.13252,-0.032456,0.071894,-0.123988,-0.041955,0.034427,-0.015285,-0.049463,
0.219134,-0.953967,-0.017539,-0.0,-1.570796,0.0,0.482312,-0.076981,-0.171879,0.0,0.0,0.0,-0.479429,0.116882,0.371725,0.413105,-0.1014,-0.057516,-0.053683,-0.015454,-0.037459,0.590912,-0.343005,0.015153,-0.134233,-0.032381,0.072966,-0.125509,-0.040241,0.034427,-0.014214,-0.048777,
0.219617,-0.954044,-0.017711,-0.0,-1.570796,0.0,0.482369,-0.076981,-0.1719,0.0,0.0,0.0,-0.478293,0.116794,0.370826,0.41279,-0.101822,-0.057718,-0.056603,-0.015271,-0.03975,0.595068,-0.341943,0.014955,-0.135947,-0.032306,0.074038,-0.127029,-0.038526,0.034427,-0.013143,-0.04809,
0.220099,-0.954121,-0.017883,-0.0,-1.570796,0.0,0.482312,-0.076904,-0.171879,0.0,0.0,0.0,-0.477157,0.116706,0.369927,0.412476,-0.102244,-0.057919,-0.059523,-0.015088,-0.042041,0.599223,-0.340882,0.014757,-0.13766,-0.03223,0.07511,-0.12855,-0.036811,0.034427,-0.012071,-0.047403,
0.220581,-0.954198,-0.018055,-0.0,-1.570796,0.0,0.482388,-0.076981,-0.1719,0.0,0.0,0.0,-0.47602,0.116618,0.369029,0.412161,-0.102666,-0.058121,-0.062442,-0.014905,-0.044332,0.603378,-0.33982,0.014559,-0.139374,-0.032155,0.076182,-0.13007,-0.035097,0.034427,-0.011,-0.046716,
0.221064,-0.954275,-0.018227,-0.0,-1.570796,0.0,0.482369,-0.076981,-0.1719,0.0,0.0,0.0,-0.474884,0.116529,0.36813,0.411847,-0.103087,-0.058322,-0.065362,-0.014722,-0.046623,0.607532,-0.338758,0.014362,-0.141088,-0.03208,0.077253,-0.131591,-0.033382,0.034427,-0.009929,-0.046029,
0.221546,-0.954352,-0.018399,-0.0,-1.570796,0.0,0.482312,-0.076904,-0.171879,0.0,0.0,0.0,-0.473748,0.116441,0.367231,0.411533,-0.103509,-0.058524,-0.068281,-0.014539,-0.048914,0.611686,-0.337696,0.014164,-0.142801,-0.032005,0.078325,-0.133112,-0.031667,0.034427,-0.008857,-0.045342,
0.222028,-0.954429,-0.018571,-0.0,-1.570796,0.0,0.482369,-0.076981,-0.171901,0.0,0.0,0.0,-0.472612,0.116353,0.366333,0.411218,-0.103931,-0.058725,-0.071201,-0.014356,-0.051205,0.61584,-0.336634,0.013966,-0.144514,-0.03193,0.079397,-0.134632,-0.029953,0.034427,-0.007786,-0.044655,
0.222511,-0.954506,-0.018743,-0.0,-1.570796,0.0,0.482369,-0.076904,-0.1719,0.0,0.0,0.0,-0.471476,0.116264,0.365434,0.410904,-0.104352,-0.058927,-0.07412,-0.014173,-0.053496,0.619993,-0.335572,0.013768,-0.146228,-0.031855,0.080469,-0.136153,-0.028238,0.034427,-0.006715,-0.043968,
0.222993,-0.954583,-0.018915,-0.0,-1.570796,0.0,0.482369,-0.076981,-0.1719,0.0,0.0,0.0,-0.47034,0.116176,0.364535,0.410589,-0.104774,-0.059128,-0.077039,-0.01399,-0.055787,0.624146,-0.33451,0.01357,-0.147941,-0.03178,0.081541,-0.137673,-0.026524,0.034427,-0.005643,-0.043281,
0.223476,-0.95466,-0.019087,-0.0,-1.570796,0.0,0.482388,-0.076981,-0.1719,0.0,0.0,0.0,-0.469204,0.116088,0.363637,0.410275,-0.105196,-0.05933,-0.079958,-0.013807,-0.058078,0.628298,-0.333448,0.013373,-0.149655,-0.031705,0.082613,-0.139194,-0.024809,0.034427,-0.004572,-0.042594,
0.223923,-0.954745,-0.019251,-0.0,-1.570796,0.0,0.447198,-0.085297,-0.16483,0.0,0.0,0.0,-0.467983,0.115985,0.362678,0.409744,-0.105462,-0.059522,-0.083738,-0.013802,-0.06114,0.632965,-0.332188,0.013188,-0.151342,-0.031605,0.083668,-0.140987,-0.023123,0.034384,-0.003519,-0.042075,
0.224352,-0.954835,-0.019413,-0.0,-1.570796,0.0,0.429459,-0.089569,-0.161277,0.0,0.0,0.0,-0.466719,0.115874,0.361689,0.409103,-0.105649,-0.059709,-0.087955,-0.013886,-0.064595,0.637895,-0.330828,0.013011,-0.153017,-0.031494,0.084715,-0.142918,-0.021451,0.03432,-0.002475,-0.041641,
0.224782,-0.954924,-0.019574,-0.0,-1.570796,0.0,0.429459,-0.089493,-0.161276,0.0,0.0,0.0,-0.465455,0.115764,0.3607,0.408462,-0.105836,-0.059895,-0.092174,-0.01397,-0.06805,0.642826,-0.329467,0.012833,-0.154692,-0.031382,0.085762,-0.14485,-0.019779,0.034256,-0.001431,-0.041207,
0.225211,-0.955014,-0.019735,-0.0,-1.570796,0.0,0.429402,-0.089569,-0.161256,0.0,0.0,0.0,-0.464191,0.115654,0.359711,0.407822,-0.106023,-0.060082,-0.096392,-0.014055,-0.071505,0.647758,-0.328107,0.012655,-0.156367,-0.03127,0.086808,-0.146781,-0.018108,0.034192,-0.000388,-0.040773,
0.22564,-0.955103,-0.019896,-0.0,-1.570796,0.0,0.429459,-0.089569,-0.161276,0.0,0.0,0.0,-0.462926,0.115543,0.358722,0.407181,-0.10621,-0.060269,-0.100611,-0.014139,-0.074961,0.65269,-0.326747,0.012478,-0.158042,-0.031159,0.087855,-0.148713,-0.016436,0.034128,0.000656,-0.040339,
0.22607,-0.955193,-0.020058,-0.0,-1.570796,0.0,0.429402,-0.089569,-0.161256,0.0,0.0,0.0,-0.461662,0.115433,0.357733,0.40654,-0.106397,-0.060456,-0.104831,-0.014223,-0.078417,0.657623,-0.325386,0.0123,-0.159716,-0.031047,0.088902,-0.150645,-0.014764,0.034064,0.0017,-0.039905,
0.226499,-0.955282,-0.020219,-0.0,-1.570796,0.0,0.429459,-0.089493,-0.161276,0.0,0.0,0.0,-0.460398,0.115322,0.356744,0.405899,-0.106584,-0.060643,-0.109051,-0.014308,-0.081873,0.662557,-0.324026,0.012123,-0.161391,-0.030935,0.089949,-0.152577,-0.013092,0.033999,0.002744,-0.039471,
0.226929,-0.955372,-0.02038,-0.0,-1.570796,0.0,0.429459,-0.089569,-0.161276,0.0,0.0,0.0,-0.459134,0.115212,0.355755,0.405258,-0.106771,-0.06083,-0.113271,-0.014392,-0.085329,0.667492,-0.322665,0.011945,-0.163066,-0.030823,0.090996,-0.154509,-0.01142,0.033935,0.003788,-0.039036,
0.227358,-0.955461,-0.020541,-0.0,-1.570796,0.0,0.429402,-0.089569,-0.161257,0.0,0.0,0.0,-0.45787,0.115101,0.354766,0.404617,-0.106958,-0.061017,-0.117492,-0.014476,-0.088786,0.672426,-0.321305,0.011767,-0.164741,-0.030712,0.092043,-0.15644,-0.009748,0.033871,0.004831,-0.038602,
0.227788,-0.955551,-0.020703,-0.0,-1.570796,0.0,0.429459,-0.089569,-0.161276,0.0,0.0,0.0,-0.456605,0.114991,0.353777,0.403976,-0.107145,-0.061204,-0.121713,-0.014561,-0.092243,0.677362,-0.319944,0.01159,-0.166416,-0.0306,0.09309,-0.158372,-0.008076,0.033807,0.005875,-0.038168,
0.228217,-0.955641,-0.020864,-0.0,-1.570796,0.0,0.429459,-0.089569,-0.161276,0.0,0.0,0.0,-0.455341,0.11488,0.352788,0.403336,-0.107332,-0.06139,-0.125935,-0.014645,-0.095699,0.682298,-0.318584,0.011412,-0.168091,-0.030488,0.094137,-0.160304,-0.006404,0.033743,0.006919,-0.037734,
0.228647,-0.95573,-0.021025,-0.0,-1.570796,0.0,0.429459,-0.089493,-0.161276,0.0,0.0,0.0,-0.454077,0.11477,0.351799,0.402695,-0.107519,-0.061577,-0.130156,-0.014729,-0.099157,0.687235,-0.317223,0.011234,-0.169766,-0.030377,0.095184,-0.162236,-0.004732,0.033679,0.007963,-0.0373,
0.229076,-0.95582,-0.021187,-0.0,-1.570796,0.0,0.429421,-0.089569,-0.161257,0.0,0.0,0.0,-0.452812,0.114659,0.35081,0.402054,-0.107706,-0.061764,-0.134378,-0.014814,-0.102613,0.692171,-0.315863,0.011057,-0.171441,-0.030265,0.096231,-0.164168,-0.00306,0.033615,0.009007,-0.036866,
0.229505,-0.955909,-0.021348,-0.0,-1.570796,0.0,0.429459,-0.089569,-0.161276,0.0,0.0,0.0,-0.451548,0.114549,0.349821,0.401413,-0.107893,-0.061951,-0.1386,-0.014898,-0.106071,0.697108,-0.314502,0.010879,-0.173116,-0.030153,0.097278,-0.1661,-0.001388,0.033551,0.010051,-0.036432,
0.229935,-0.955999,-0.021509,-0.0,-1.570796,0.0,0.42944,-0.089569,-0.161276,0.0,0.0,0.0,-0.450284,0.114439,0.348832,0.400772,-0.10808,-0.062138,-0.142822,-0.014982,-0.109528,0.702045,-0.313141,0.010702,-0.174791,-0.030041,0.098325,-0.168032,0.000284,0.033487,0.011094,-0.035998,
0.230364,-0.956088,-0.02167,-0.0,-1.570796,0.0,0.429459,-0.089493,-0.161276,0.0,0.0,0.0,-0.44902,0.114328,0.347842,0.400131,-0.108268,-0.062325,-0.147044,-0.015067,-0.112985,0.706982,-0.311781,0.010524,-0.176466,-0.02993,0.099372,-0.169964,0.001956,0.033423,0.012138,-0.035564,
0.230794,-0.956178,-0.021832,-0.0,-1.570796,0.0,0.429421,-0.089569,-0.161255,0.0,0.0,0.0,-0.447755,0.114218,0.346853,0.399491,-0.108455,-0.062512,-0.151266,-0.015151,-0.116442,0.711919,-0.31042,0.010346,-0.178141,-0.029818,0.100419,-0.171896,0.003628,0.033358,0.013182,-0.03513,
0.231223,-0.956267,-0.021993,-0.0,-1.570796,0.0,0.429459,-0.089569,-0.161276,0.0,0.0,0.0,-0.446491,0.114107,0.345864,0.39885,-0.108642,-0.062699,-0.155488,-0.015235,-0.1199,0.716856,-0.30906,0.010169,-0.179816,-0.029706,0.101466,-0.173828,0.0053,0.033294,0.014226,-0.034696,
0.231653,-0.956357,-0.022154,-0.0,-1.570796,0.0,0.429402,-0.089569,-0.161257,0.0,0.0,0.0,-0.445227,0.113997,0.344875,0.398209,-0.108829,-0.062885,-0.15971,-0.01532,-0.123357,0.721793,-0.307699,0.009991,-0.181491,-0.029595,0.102513,-0.17576,0.006972,0.03323,0.01527,-0.034262,
0.232082,-0.956446,-0.022315,-0.0,-1.570796,0.0,0.429459,-0.089493,-0.161276,0.0,0.0,0.0,-0.443962,0.113886,0.343886,0.397568,-0.109016,-0.063072,-0.163932,-0.015404,-0.126814,0.72673,-0.306339,0.009813,-0.183166,-0.029483,0.10356,-0.177692,0.008644,0.033166,0.016314,-0.033828,
0.232512,-0.956536,-0.022477,-0.0,-1.570796,0.0,0.429459,-0.089569,-0.161276,0.0,0.0,0.0,-0.442698,0.113776,0.342897,0.396927,-0.109203,-0.063259,-0.168154,-0.015488,-0.130271,0.731667,-0.304978,0.009636,-0.184841,-0.029371,0.104607,-0.179624,0.010316,0.033102,0.017357,-0.033394,
0.232941,-0.956626,-0.022638,-0.0,-1.570796,0.0,0.429402,-0.089569,-0.161257,0.0,0.0,0.0,-0.441434,0.113666,0.341908,0.396286,-0.10939,-0.063446,-0.172375,-0.015572,-0.133728,0.736604,-0.303618,0.009458,-0.186516,-0.029259,0.105654,-0.181555,0.011988,0.033038,0.018401,-0.03296,
0.23337,-0.956715,-0.022799,-0.0,-1.570796,0.0,0.429459,-0.089569,-0.161276,0.0,0.0,0.0,-0.44017,0.113555,0.340919,0.395645,-0.109577,-0.063633,-0.176597,-0.015657,-0.137185,0.74154,-0.302257,0.00928,-0.188191,-0.029148,0.106701,-0.183487,0.01366,0.032974,0.019445,-0.032526,
0.2338,-0.956805,-0.022961,-0.0,-1.570796,0.0,0.429459,-0.089569,-0.161276,0.0,0.0,0.0,-0.438905,0.113445,0.33993,0.395005,-0.109764,-0.06382,-0.180819,-0.015741,-0.140642,0.746476,-0.300897,0.009103,-0.189866,-0.029036,0.107748,-0.185419,0.015332,0.03291,0.020489,-0.032091,
0.234229,-0.956894,-0.023122,-0.0,-1.570796,0.0,0.429402,-0.089493,-0.161255,0.0,0.0,0.0,-0.437641,0.113334,0.338941,0.394364,-0.109951,-0.064007,-0.185039,-0.015825,-0.144098,0.751411,-0.299536,0.008925,-0.191541,-0.028924,0.108795,-0.187351,0.017004,0.032846,0.021533,-0.031657,
0.234659,-0.956984,-0.023283,-0.0,-1.570796,0.0,0.429459,-0.089569,-0.161276,0.0,0.0,0.0,-0.436377,0.113224,0.337952,0.393723,-0.110138,-0.064194,-0.18926,-0.01591,-0.147555,0.756346,-0.298176,0.008748,-0.193216,-0.028813,0.109842,-0.189283,0.018676,0.032782,0.022577,-0.031223,
0.235088,-0.957073,-0.023444,-0.0,-1.570796,0.0,0.429459,-0.089569,-0.161279,0.0,0.0,0.0,-0.435113,0.113113,0.336963,0.393082,-0.110325,-0.06438,-0.193481,-0.015994,-0.151012,0.761281,-0.296815,0.00857,-0.194891,-0.028701,0.110889,-0.191215,0.020348,0.032717,0.02362,-0.030789,
0.235518,-0.957163,-0.023606,-0.0,-1.570796,0.0,0.429459,-0.089569,-0.161276,0.0,0.0,0.0,-0.433848,0.113003,0.335974,0.392441,-0.110512,-0.064567,-0.197701,-0.016078,-0.154468,0.766215,-0.295455,0.008392,-0.196566,-0.028589,0.111935,-0.193147,0.02202,0.032653,0.024664,-0.030355,
0.235947,-0.957253,-0.023767,-0.0,-1.570796,0.0,0.429459,-0.089569,-0.161276,0.0,0.0,0.0,-0.432584,0.112892,0.334985,0.3918,-0.110699,-0.064754,-0.201921,-0.016163,-0.157924,0.771148,-0.294094,0.008215,-0.198241,-0.028477,0.112982,-0.195079,0.023692,0.032589,0.025708,-0.029921,
0.236377,-0.957342,-0.023928,-0.0,-1.570796,0.0,0.429402,-0.089493,-0.161255,0.0,0.0,0.0,-0.43132,0.112782,0.333996,0.39116,-0.110886,-0.064941,-0.206139,-0.016247,-0.161379,0.776081,-0.292734,0.008037,-0.199916,-0.028366,0.114029,-0.19701,0.025364,0.032525,0.026752,-0.029487,
0.236806,-0.957432,-0.024089,-0.0,-1.570796,0.0,0.429459,-0.089569,-0.161276,0.0,0.0,0.0,-0.430056,0.112672,0.333007,0.390519,-0.111073,-0.065128,-0.210358,-0.016331,-0.164835,0.781013,-0.291373,0.007859,-0.20159,-0.028254,0.115076,-0.198942,0.027036,0.032461,0.027796,-0.029053,
0.237235,-0.957521,-0.024251,-0.0,-1.570796,0.0,0.429402,-0.089569,-0.161257,0.0,0.0,0.0,-0.428792,0.112561,0.332018,0.389878,-0.11126,-0.065315,-0.214576,-0.016416,-0.168289,0.785943,-0.290013,0.007682,-0.203265,-0.028142,0.116123,-0.200873,0.028707,0.032397,0.028839,-0.028619,
0.237665,-0.957611,-0.024412,-0.0,-1.570796,0.0,0.429459,-0.089569,-0.161276,0.0,0.0,0.0,-0.427527,0.112451,0.331029,0.389237,-0.111447,-0.065502,-0.218794,-0.0165,-0.171744,0.790873,-0.288653,0.007504,-0.20494,-0.028031,0.11717,-0.202805,0.030379,0.032333,0.029883,-0.028185,
0.238089,-0.957702,-0.024567,-0.0,-1.570796,0.0,0.424252,-0.091629,-0.155392,0.0,0.0,0.0,-0.426216,0.112334,0.330004,0.388513,-0.111583,-0.065681,-0.22315,-0.016732,-0.175319,0.795672,-0.287118,0.007331,-0.206581,-0.027908,0.118196,-0.20484,0.032019,0.032246,0.030908,-0.027791,
0.238503,-0.957798,-0.024711,-0.0,-1.570796,0.0,0.413743,-0.095825,-0.143516,0.0,0.0,0.0,-0.424811,0.112205,0.328906,0.38762,-0.111614,-0.065846,-0.227786,-0.017264,-0.179134,0.800208,-0.285231,0.007166,-0.208156,-0.027763,0.11918,-0.207085,0.033594,0.032114,0.031893,-0.027478,
0.238917,-0.957894,-0.024854,-0.0,-1.570796,0.0,0.413781,-0.095825,-0.143535,0.0,0.0,0.0,-0.423406,0.112077,0.327809,0.386727,-0.111645,-0.066011,-0.232423,-0.017795,-0.182951,0.804745,-0.283344,0.007001,-0.20973,-0.027619,0.120163,-0.209329,0.03517,0.031983,0.032878,-0.027165,
0.23933,-0.95799,-0.024998,-0.0,-1.570796,0.0,0.413762,-0.095825,-0.143535,0.0,0.0,0.0,-0.422001,0.111948,0.326712,0.385835,-0.111676,-0.066176,-0.237062,-0.018326,-0.186768,0.809284,-0.281457,0.006836,-0.211304,-0.027474,0.121147,-0.211574,0.036745,0.031851,0.033864,-0.026851,
0.239744,-0.958086,-0.025141,-0.0,-1.570796,0.0,0.413743,-0.095825,-0.143519,0.0,0.0,0.0,-0.420596,0.11182,0.325614,0.384942,-0.111708,-0.066341,-0.2417,-0.018857,-0.190585,0.813822,-0.27957,0.006672,-0.212879,-0.027329,0.122131,-0.213819,0.038321,0.031719,0.034849,-0.026538,
0.240158,-0.958181,-0.025285,-0.0,-1.570796,0.0,0.413781,-0.095825,-0.143535,0.0,0.0,0.0,-0.41919,0.111691,0.324517,0.384049,-0.111739,-0.066506,-0.246339,-0.019389,-0.194402,0.818361,-0.277683,0.006507,-0.214453,-0.027184,0.123115,-0.216064,0.039896,0.031587,0.035835,-0.026225,
0.240572,-0.958277,-0.025429,-0.0,-1.570796,0.0,0.413781,-0.095825,-0.143535,0.0,0.0,0.0,-0.417785,0.111562,0.323419,0.383157,-0.11177,-0.066671,-0.250979,-0.01992,-0.19822,0.822901,-0.275796,0.006342,-0.216028,-0.02704,0.124098,-0.218309,0.041472,0.031455,0.03682,-0.025912,
0.240985,-0.958373,-0.025572,-0.0,-1.570796,0.0,0.413762,-0.095825,-0.143535,0.0,0.0,0.0,-0.41638,0.111434,0.322322,0.382264,-0.111801,-0.066836,-0.255619,-0.020451,-0.202039,0.827441,-0.273909,0.006177,-0.217602,-0.026895,0.125082,-0.220554,0.043047,0.031323,0.037806,-0.025599,
0.241399,-0.958469,-0.025716,-0.0,-1.570796,0.0,0.413781,-0.095825,-0.143535,0.0,0.0,0.0,-0.414974,0.111305,0.321225,0.381371,-0.111832,-0.067001,-0.26026,-0.020982,-0.205857,0.831982,-0.272022,0.006012,-0.219177,-0.02675,0.126066,-0.222799,0.044623,0.031191,0.038791,-0.025286,
0.241813,-0.958565,-0.025859,-0.0,-1.570796,0.0,0.413743,-0.095825,-0.143519,0.0,0.0,0.0,-0.413569,0.111177,0.320127,0.380478,-0.111863,-0.067165,-0.264901,-0.021513,-0.209675,0.836522,-0.270135,0.005848,-0.220751,-0.026606,0.12705,-0.225044,0.046198,0.031059,0.039777,-0.024973,
0.242227,-0.958661,-0.026003,-0.0,-1.570796,0.0,0.413781,-0.095825,-0.143535,0.0,0.0,0.0,-0.412164,0.111048,0.31903,0.379586,-0.111895,-0.06733,-0.269543,-0.022045,-0.213494,0.841063,-0.268248,0.005683,-0.222326,-0.026461,0.128033,-0.227289,0.047774,0.030928,0.040762,-0.024659,
0.24264,-0.958756,-0.026146,-0.0,-1.570796,0.0,0.413724,-0.095825,-0.143516,0.0,0.0,0.0,-0.410758,0.110919,0.317932,0.378693,-0.111926,-0.067495,-0.274184,-0.022576,-0.217313,0.845605,-0.266361,0.005518,-0.2239,-0.026316,0.129017,-0.229534,0.049349,0.030796,0.041748,-0.024346,
0.243054,-0.958852,-0.02629,-0.0,-1.570796,0.0,0.413781,-0.095825,-0.143538,0.0,0.0,0.0,-0.409353,0.110791,0.316835,0.3778,-0.111957,-0.06766,-0.278826,-0.023107,-0.221132,0.850147,-0.264474,0.005353,-0.225475,-0.026172,0.130001,-0.23178,0.050925,0.030664,0.042733,-0.024033,
0.243468,-0.958948,-0.026433,-0.0,-1.570796,0.0,0.413781,-0.095825,-0.143535,0.0,0.0,0.0,-0.407948,0.110662,0.315737,0.376907,-0.111988,-0.067825,-0.283469,-0.023638,-0.224951,0.854689,-0.262587,0.005188,-0.22705,-0.026027,0.130985,-0.234025,0.052501,0.030532,0.043719,-0.02372,
0.243882,-0.959044,-0.026577,-0.0,-1.570796,0.0,0.413724,-0.095825,-0.143516,0.0,0.0,0.0,-0.406542,0.110533,0.31464,0.376015,-0.112019,-0.06799,-0.288111,-0.02417,-0.22877,0.859231,-0.2607,0.005024,-0.228624,-0.025882,0.131968,-0.23627,0.054076,0.0304,0.044704,-0.023407,
0.244296,-0.95914,-0.02672,-0.0,-1.570796,0.0,0.413781,-0.095825,-0.143535,0.0,0.0,0.0,-0.405137,0.110405,0.313543,0.375122,-0.112051,-0.068155,-0.292754,-0.024701,-0.23259,0.863773,-0.258812,0.004859,-0.230199,-0.025738,0.132952,-0.238516,0.055652,0.030268,0.04569,-0.023094,
0.244709,-0.959235,-0.026864,-0.0,-1.570796,0.0,0.413781,-0.095825,-0.143535,0.0,0.0,0.0,-0.403731,0.110276,0.312445,0.374229,-0.112082,-0.06832,-0.297397,-0.025232,-0.23641,0.868316,-0.256925,0.004694,-0.231773,-0.025593,0.133936,-0.240761,0.057228,0.030136,0.046675,-0.02278,
0.245123,-0.959331,-0.027007,-0.0,-1.570796,0.0,0.413724,-0.095825,-0.143519,0.0,0.0,0.0,-0.402326,0.110147,0.311348,0.373337,-0.112113,-0.068485,-0.302039,-0.025763,-0.240229,0.872857,-0.255038,0.004529,-0.233348,-0.025448,0.13492,-0.243006,0.058803,0.030005,0.047661,-0.022467,
0.245537,-0.959427,-0.027151,-0.0,-1.570796,0.0,0.413781,-0.095825,-0.143535,0.0,0.0,0.0,-0.400921,0.110019,0.31025,0.372444,-0.112144,-0.06865,-0.306682,-0.026295,-0.244048,0.8774,-0.253151,0.004364,-0.234922,-0.025304,0.135903,-0.245251,0.060379,0.029873,0.048646,-0.022154,
0.245951,-0.959523,-0.027294,-0.0,-1.570796,0.0,0.413781,-0.095825,-0.143535,0.0,0.0,0.0,-0.399515,0.10989,0.309153,0.371551,-0.112175,-0.068814,-0.311324,-0.026826,-0.247868,0.881942,-0.251264,0.004199,-0.236497,-0.025159,0.136887,-0.247497,0.061954,0.029741,0.049632,-0.021841,
0.246364,-0.959619,-0.027438,-0.0,-1.570796,0.0,0.413724,-0.095825,-0.143516,0.0,0.0,0.0,-0.39811,0.109762,0.308055,0.370659,-0.112206,-0.068979,-0.315966,-0.027357,-0.251687,0.886484,-0.249377,0.004035,-0.238071,-0.025014,0.137871,-0.249742,0.06353,0.029609,0.050617,-0.021528,
0.246778,-0.959715,-0.027581,-0.0,-1.570796,0.0,0.413838,-0.095825,-0.143554,0.0,0.0,0.0,-0.396704,0.109633,0.306958,0.369766,-0.112238,-0.069144,-0.32061,-0.027888,-0.255507,0.891027,-0.247489,0.00387,-0.239646,-0.02487,0.138855,-0.251988,0.065106,0.029477,0.051603,-0.021215,
0.247192,-0.95981,-0.027725,-0.0,-1.570796,0.0,0.413724,-0.095825,-0.143519,0.0,0.0,0.0,-0.395299,0.109504,0.30586,0.368873,-0.112269,-0.069309,-0.325251,-0.028419,-0.259325,0.895568,-0.245602,0.003705,-0.241221,-0.024725,0.139839,-0.254233,0.066681,0.029345,0.052588,-0.020902,
0.247606,-0.959906,-0.027869,-0.0,-1.570796,0.0,0.413781,-0.095825,-0.143535,0.0,0.0,0.0,-0.393894,0.109376,0.304763,0.36798,-0.1123,-0.069474,-0.329893,-0.028951,-0.263144,0.90011,-0.243715,0.00354,-0.242795,-0.02458,0.140822,-0.256478,0.068257,0.029213,0.053574,-0.020588,
0.248019,-0.960002,-0.028012,-0.0,-1.570796,0.0,0.413724,-0.095825,-0.143516,0.0,0.0,0.0,-0.392489,0.109247,0.303666,0.367088,-0.112331,-0.069639,-0.334534,-0.029482,-0.266963,0.904651,-0.241828,0.003375,-0.24437,-0.024436,0.141806,-0.258723,0.069832,0.029082,0.054559,-0.020275,
0.248433,-0.960098,-0.028156,-0.0,-1.570796,0.0,0.413781,-0.095825,-0.143535,0.0,0.0,0.0,-0.391083,0.109118,0.302568,0.366195,-0.112362,-0.069804,-0.339175,-0.030013,-0.270781,0.909191,-0.239941,0.003211,-0.245944,-0.024291,0.14279,-0.260968,0.071408,0.02895,0.055544,-0.019962,
0.248847,-0.960194,-0.028299,-0.0,-1.570796,0.0,0.413781,-0.095825,-0.143538,0.0,0.0,0.0,-0.389678,0.10899,0.301471,0.365302,-0.112393,-0.069969,-0.343816,-0.030544,-0.2746,0.913732,-0.238054,0.003046,-0.247519,-0.024146,0.143774,-0.263213,0.072983,0.028818,0.05653,-0.019649,
0.249261,-0.96029,-0.028443,-0.0,-1.570796,0.0,0.413724,-0.095825,-0.143516,0.0,0.0,0.0,-0.388273,0.108861,0.300373,0.364409,-0.112425,-0.070134,-0.348456,-0.031076,-0.278417,0.918272,-0.236167,0.002881,-0.249093,-0.024002,0.144757,-0.265458,0.074559,0.028686,0.057515,-0.019336,
0.249674,-0.960385,-0.028586,-0.0,-1.570796,0.0,0.413781,-0.095825,-0.143535,0.0,0.0,0.0,-0.386867,0.108732,0.299276,0.363517,-0.112456,-0.070299,-0.353095,-0.031607,-0.282235,0.922811,-0.23428,0.002716,-0.250668,-0.023857,0.145741,-0.267703,0.076134,0.028554,0.058501,-0.019023,
0.250088,-0.960481,-0.02873,-0.0,-1.570796,0.0,0.413781,-0.095825,-0.143535,0.0,0.0,0.0,-0.385462,0.108604,0.298178,0.362624,-0.112487,-0.070463,-0.357735,-0.032138,-0.286053,0.92735,-0.232393,0.002551,-0.252242,-0.023712,0.146725,-0.269948,0.07771,0.028422,0.059486,-0.018709,
0.250502,-0.960577,-0.028873,-0.0,-1.570796,0.0,0.413724,-0.095825,-0.143519,0.0,0.0,0.0,-0.384057,0.108475,0.297081,0.361731,-0.112518,-0.070628,-0.362372,-0.032669,-0.28987,0.931888,-0.230506,0.002387,-0.253817,-0.023568,0.147708,-0.272193,0.079285,0.02829,0.060472,-0.018396,
0.250916,-0.960673,-0.029017,-0.0,-1.570796,0.0,0.413781,-0.095825,-0.143535,0.0,0.0,0.0,-0.382652,0.108347,0.295984,0.360839,-0.112549,-0.070793,-0.36701,-0.0332,-0.293686,0.936426,-0.228619,0.002222,-0.255391,-0.023423,0.148692,-0.274438,0.080861,0.028159,0.061457,-0.018083,
0.251329,-0.960769,-0.02916,-0.0,-1.570796,0.0,0.413724,-0.095825,-0.143516,0.0,0.0,0.0,-0.381246,0.108218,0.294886,0.359946,-0.112581,-0.070958,-0.371647,-0.033732,-0.297502,0.940963,-0.226732,0.002057,-0.256965,-0.023278,0.149676,-0.276682,0.082436,0.028027,0.062443,-0.01777,
0.251743,-0.960865,-0.029304,-0.0,-1.570796,0.0,0.413781,-0.095825,-0.143535,0.0,0.0,0.0,-0.379841,0.108089,0.293789,0.359053,-0.112612,-0.071123,-0.376283,-0.034263,-0.301318,0.945499,-0.224846,0.001892,-0.25854,-0.023134,0.15066,-0.278927,0.084011,0.027895,0.063428,-0.017457,
0.252134,-0.960958,-0.029429,-0.0,-1.570796,0.0,0.390931,-0.09346,-0.12527,0.0,0.0,0.0,-0.378379,0.107961,0.292658,0.35802,-0.11254,-0.071266,-0.380698,-0.035174,-0.304988,0.949175,-0.222705,0.001707,-0.259997,-0.022978,0.151571,-0.281271,0.085469,0.027728,0.064339,-0.017228,
0.252525,-0.961051,-0.029554,-0.0,-1.570796,0.0,0.390912,-0.09346,-0.125268,0.0,0.0,0.0,-0.376917,0.107832,0.291526,0.356987,-0.112469,-0.071409,-0.385113,-0.036086,-0.308658,0.952851,-0.220564,0.001522,-0.261455,-0.022822,0.152482,-0.283615,0.086927,0.027562,0.06525,-0.016999,
0.252916,-0.961145,-0.02968,-0.0,-1.570796,0.0,0.390912,-0.09346,-0.12527,0.0,0.0,0.0,-0.375455,0.107703,0.290395,0.355954,-0.112397,-0.071552,-0.389529,-0.036997,-0.312329,0.956528,-0.218423,0.001337,-0.262912,-0.022667,0.153394,-0.285959,0.088385,0.027395,0.06616,-0.01677,
0.253307,-0.961238,-0.029805,-0.0,-1.570796,0.0,0.390874,-0.09346,-0.125251,0.0,0.0,0.0,-0.373993,0.107574,0.289264,0.354921,-0.112326,-0.071695,-0.393945,-0.037908,-0.316,0.960204,-0.216282,0.001152,-0.26437,-0.022511,0.154305,-0.288302,0.089843,0.027228,0.067071,-0.016541,
0.253698,-0.961332,-0.02993,-0.0,-1.570796,0.0,0.390912,-0.09346,-0.125268,0.0,0.0,0.0,-0.372531,0.107446,0.288132,0.353887,-0.112254,-0.071838,-0.398362,-0.03882,-0.319671,0.963882,-0.214141,0.000967,-0.265827,-0.022355,0.155217,-0.290647,0.091301,0.027062,0.067982,-0.016312,
0.254089,-0.961425,-0.030055,-0.0,-1.570796,0.0,0.390912,-0.09346,-0.125268,0.0,0.0,0.0,-0.371069,0.107317,0.287001,0.352854,-0.112183,-0.071981,-0.402779,-0.039731,-0.323342,0.967559,-0.212,0.000782,-0.267285,-0.0222,0.156128,-0.292991,0.092759,0.026895,0.068893,-0.016083,
0.25448,-0.961519,-0.030181,-0.0,-1.570796,0.0,0.390874,-0.09346,-0.125253,0.0,0.0,0.0,-0.369607,0.107188,0.28587,0.351821,-0.112111,-0.072124,-0.407196,-0.040642,-0.327014,0.971236,-0.209859,0.000598,-0.268742,-0.022044,0.157039,-0.295335,0.094217,0.026728,0.069804,-0.015854,
0.25487,-0.961612,-0.030306,-0.0,-1.570796,0.0,0.390912,-0.09346,-0.125268,0.0,0.0,0.0,-0.368145,0.107059,0.284738,0.350788,-0.11204,-0.072267,-0.411615,-0.041554,-0.330686,0.974914,-0.207717,0.000413,-0.2702,-0.021888,0.157951,-0.29768,0.095675,0.026562,0.070714,-0.015626,
0.255261,-0.961706,-0.030431,-0.0,-1.570796,0.0,0.390931,-0.09346,-0.125268,0.0,0.0,0.0,-0.366682,0.106931,0.283607,0.349754,-0.111968,-0.072409,-0.416033,-0.042465,-0.334358,0.978593,-0.205576,0.000228,-0.271657,-0.021733,0.158862,-0.300024,0.097133,0.026395,0.071625,-0.015397,
0.255652,-0.961799,-0.030556,-0.0,-1.570796,0.0,0.390855,-0.093384,-0.125251,0.0,0.0,0.0,-0.36522,0.106802,0.282475,0.348721,-0.111896,-0.072552,-0.420452,-0.043377,-0.33803,0.982271,-0.203435,0.000043,-0.273115,-0.021577,0.159774,-0.302369,0.098591,0.026228,0.072536,-0.015168,
0.256043,-0.961893,-0.030682,-0.0,-1.570796,0.0,0.390931,-0.09346,-0.125268,0.0,0.0,0.0,-0.363758,0.106673,0.281344,0.347688,-0.111825,-0.072695,-0.424871,-0.044288,-0.341703,0.985949,-0.201294,-0.000142,-0.274573,-0.021421,0.160685,-0.304713,0.100049,0.026062,0.073447,-0.014939,
0.256434,-0.961986,-0.030807,-0.0,-1.570796,0.0,0.390855,-0.09346,-0.125253,0.0,0.0,0.0,-0.362296,0.106544,0.280213,0.346655,-0.111753,-0.072838,-0.42929,-0.045199,-0.345375,0.989628,-0.199152,-0.000327,-0.27603,-0.021266,0.161596,-0.307057,0.101507,0.025895,0.074358,-0.01471,
0.256825,-0.962079,-0.030932,-0.0,-1.570796,0.0,0.390931,-0.09346,-0.125268,0.0,0.0,0.0,-0.360834,0.106415,0.279081,0.345622,-0.111682,-0.072981,-0.43371,-0.046111,-0.349048,0.993307,-0.197011,-0.000512,-0.277488,-0.02111,0.162508,-0.309402,0.102965,0.025728,0.075269,-0.014481,
0.257216,-0.962173,-0.031058,-0.0,-1.570796,0.0,0.390912,-0.09346,-0.125268,0.0,0.0,0.0,-0.359371,0.106287,0.27795,0.344588,-0.11161,-0.073124,-0.43813,-0.047022,-0.352721,0.996986,-0.194869,-0.000697,-0.278945,-0.020954,0.163419,-0.311747,0.104423,0.025562,0.076179,-0.014252,
0.257607,-0.962266,-0.031183,-0.0,-1.570796,0.0,0.390912,-0.09346,-0.125268,0.0,0.0,0.0,-0.357909,0.106158,0.276818,0.343555,-0.111539,-0.073267,-0.44255,-0.047933,-0.356394,1.000665,-0.192728,-0.000882,-0.280403,-0.020799,0.164331,-0.314092,0.105881,0.025395,0.07709,-0.014023,
0.257998,-0.96236,-0.031308,-0.0,-1.570796,0.0,0.390912,-0.09346,-0.125268,0.0,0.0,0.0,-0.356447,0.106029,0.275687,0.342522,-0.111467,-0.07341,-0.44697,-0.048845,-0.360067,1.004344,-0.190586,-0.001067,-0.281861,-0.020643,0.165242,-0.316436,0.107339,0.025228,0.078001,-0.013794,
0.258389,-0.962453,-0.031433,-0.0,-1.570796,0.0,0.390874,-0.09346,-0.125251,0.0,0.0,0.0,-0.354985,0.1059,0.274556,0.341489,-0.111396,-0.073553,-0.45139,-0.049756,-0.36374,1.008022,-0.188445,-0.001252,-0.283318,-0.020487,0.166154,-0.318781,0.108797,0.025062,0.078912,-0.013565,
0.258779,-0.962547,-0.031559,-0.0,-1.570796,0.0,0.390912,-0.09346,-0.125268,0.0,0.0,0.0,-0.353523,0.105772,0.273424,0.340455,-0.111324,-0.073696,-0.45581,-0.050668,-0.367413,1.011702,-0.186304,-0.001437,-0.284776,-0.020332,0.167065,-0.321126,0.110255,0.024895,0.079823,-0.013337,
0.25917,-0.96264,-0.031684,-0.0,-1.570796,0.0,0.390931,-0.09346,-0.125268,0.0,0.0,0.0,-0.35206,0.105643,0.272293,0.339422,-0.111253,-0.073839,-0.46023,-0.051579,-0.371086,1.015381,-0.184162,-0.001622,-0.286234,-0.020176,0.167977,-0.32347,0.111713,0.024728,0.080734,-0.013108,
0.259561,-0.962734,-0.031809,-0.0,-1.570796,0.0,0.390855,-0.09346,-0.125253,0.0,0.0,0.0,-0.350598,0.105514,0.271161,0.338389,-0.111181,-0.073982,-0.464649,-0.05249,-0.374759,1.019059,-0.182021,-0.001807,-0.287691,-0.02002,0.168888,-0.325815,0.113171,0.024562,0.081644,-0.012879,
0.259952,-0.962827,-0.031934,-0.0,-1.570796,0.0,0.390931,-0.09346,-0.125268,0.0,0.0,0.0,-0.349136,0.105385,0.27003,0.337356,-0.11111,-0.074125,-0.469069,-0.053402,-0.378432,1.022738,-0.17988,-0.001992,-0.289149,-0.019865,0.169799,-0.328159,0.114629,0.024395,0.082555,-0.01265,
0.260343,-0.962921,-0.03206,-0.0,-1.570796,0.0,0.390912,-0.09346,-0.125268,0.0,0.0,0.0,-0.347674,0.105257,0.268898,0.336322,-0.111038,-0.074268,-0.473489,-0.054313,-0.382104,1.026417,-0.177738,-0.002177,-0.290607,-0.019709,0.170711,-0.330504,0.116087,0.024228,0.083466,-0.012421,
0.260734,-0.963014,-0.032185,-0.0,-1.570796,0.0,0.390874,-0.09346,-0.125251,0.0,0.0,0.0,-0.346212,0.105128,0.267767,0.335289,-0.110967,-0.07441,-0.477908,-0.055225,-0.385777,1.030095,-0.175597,-0.002362,-0.292064,-0.019553,0.171622,-0.332848,0.117545,0.024062,0.084377,-0.012192,
0.261125,-0.963108,-0.03231,-0.0,-1.570796,0.0,0.390912,-0.09346,-0.12527,0.0,0.0,0.0,-0.344749,0.104999,0.266636,0.334256,-0.110895,-0.074553,-0.482327,-0.056136,-0.389449,1.033774,-0.173456,-0.002547,-0.293522,-0.019398,0.172534,-0.335193,0.119003,0.023895,0.085288,-0.011963,
0.261516,-0.963201,-0.032435,-0.0,-1.570796,0.0,0.390874,-0.09346,-0.125251,0.0,0.0,0.0,-0.343287,0.10487,0.265504,0.333223,-0.110824,-0.074696,-0.486745,-0.057047,-0.393121,1.037451,-0.171314,-0.002732,-0.294979,-0.019242,0.173445,-0.337537,0.120461,0.023729,0.086198,-0.011734,
0.261907,-0.963294,-0.032561,-0.0,-1.570796,0.0,0.390912,-0.09346,-0.125268,0.0,0.0,0.0,-0.341825,0.104742,0.264373,0.33219,-0.110752,-0.074839,-0.491164,-0.057959,-0.396793,1.04113,-0.169173,-0.002917,-0.296437,-0.019086,0.174356,-0.339882,0.121919,0.023562,0.087109,-0.011505,
0.262298,-0.963388,-0.032686,-0.0,-1.570796,0.0,0.390912,-0.09346,-0.125268,0.0,0.0,0.0,-0.340363,0.104613,0.263242,0.331156,-0.110681,-0.074982,-0.495582,-0.05887,-0.400465,1.044808,-0.167032,-0.003102,-0.297895,-0.018931,0.175268,-0.342226,0.123377,0.023395,0.08802,-0.011276,
0.262688,-0.963481,-0.032811,-0.0,-1.570796,0.0,0.390874,-0.09346,-0.125253,0.0,0.0,0.0,-0.338901,0.104484,0.26211,0.330123,-0.110609,-0.075125,-0.499999,-0.059781,-0.404136,1.048485,-0.164891,-0.003286,-0.299352,-0.018775,0.176179,-0.34457,0.124835,0.023229,0.088931,-0.011048,
0.263079,-0.963575,-0.032936,-0.0,-1.570796,0.0,0.390969,-0.09346,-0.125282,0.0,0.0,0.0,-0.337439,0.104355,0.260979,0.32909,-0.110537,-0.075268,-0.504416,-0.060693,-0.407808,1.052163,-0.162749,-0.003471,-0.30081,-0.018619,0.177091,-0.346915,0.126293,0.023062,0.089842,-0.010819,
0.26347,-0.963668,-0.033062,-0.0,-1.570796,0.0,0.390855,-0.09346,-0.125253,0.0,0.0,0.0,-0.335977,0.104227,0.259847,0.328057,-0.110466,-0.075411,-0.508833,-0.061604,-0.411479,1.055839,-0.160609,-0.003656,-0.302267,-0.018464,0.178002,-0.349259,0.127751,0.022895,0.090753,-0.01059,
0.263861,-0.963762,-0.033187,-0.0,-1.570796,0.0,0.390931,-0.09346,-0.125268,0.0,0.0,0.0,-0.334515,0.104098,0.258716,0.327024,-0.110394,-0.075554,-0.513249,-0.062516,-0.41515,1.059516,-0.158468,-0.003841,-0.303725,-0.018308,0.178914,-0.351603,0.129209,0.022729,0.091663,-0.010361,
0.264252,-0.963855,-0.033312,-0.0,-1.570796,0.0,0.390912,-0.09346,-0.125268,0.0,0.0,0.0,-0.333053,0.103969,0.257585,0.32599,-0.110323,-0.075697,-0.517664,-0.063427,-0.41882,1.063192,-0.156327,-0.004026,-0.305182,-0.018152,0.179825,-0.353947,0.130667,0.022562,0.092574,-0.010132,
0.264643,-0.963949,-0.033437,-0.0,-1.570796,0.0,0.390874,-0.093384,-0.125251,0.0,0.0,0.0,-0.331591,0.10384,0.256453,0.324957,-0.110251,-0.07584,-0.522078,-0.064338,-0.42249,1.066868,-0.154186,-0.004211,-0.30664,-0.017997,0.180736,-0.35629,0.132125,0.022395,0.093485,-0.009903,
0.265058,-0.964035,-0.033546,-0.0,-1.570796,0.0,0.414868,-0.086136,-0.108316,0.0,0.0,0.0,-0.330084,0.103713,0.255288,0.32392,-0.110203,-0.075962,-0.525943,-0.065376,-0.425672,1.069517,-0.152088,-0.004393,-0.307976,-0.01784,0.181572,-0.358595,0.133461,0.022216,0.09432,-0.009728,
0.265485,-0.964117,-0.033646,-0.0,-1.570796,0.0,0.42677,-0.082398,-0.099893,0.0,0.0,0.0,-0.328555,0.103586,0.254106,0.32288,-0.110166,-0.076074,-0.529535,-0.066476,-0.428611,1.071657,-0.150012,-0.004572,-0.309253,-0.017682,0.182371,-0.360881,0.134738,0.022031,0.095118,-0.00958,
0.265911,-0.964199,-0.033746,-0.0,-1.570796,0.0,0.426713,-0.082321,-0.099883,0.0,0.0,0.0,-0.327026,0.103459,0.252924,0.321841,-0.11013,-0.076185,-0.533128,-0.067576,-0.431551,1.073796,-0.147936,-0.004751,-0.31053,-0.017525,0.183169,-0.363166,0.136014,0.021847,0.095916,-0.009431,
0.266338,-0.964282,-0.033845,-0.0,-1.570796,0.0,0.42677,-0.082398,-0.099893,0.0,0.0,0.0,-0.325497,0.103332,0.251742,0.320801,-0.110093,-0.076297,-0.536721,-0.068676,-0.434491,1.075936,-0.145859,-0.004931,-0.311807,-0.017367,0.183968,-0.365452,0.137291,0.021662,0.096713,-0.009283,
0.266765,-0.964364,-0.033945,-0.0,-1.570796,0.0,0.426713,-0.082398,-0.099883,0.0,0.0,0.0,-0.323968,0.103205,0.25056,0.319762,-0.110056,-0.076409,-0.540314,-0.069776,-0.437431,1.078075,-0.143783,-0.00511,-0.313084,-0.01721,0.184766,-0.367738,0.138567,0.021477,0.097511,-0.009135,
0.267192,-0.964447,-0.034045,-0.0,-1.570796,0.0,0.42677,-0.082398,-0.099893,0.0,0.0,0.0,-0.322439,0.103079,0.249378,0.318722,-0.11002,-0.076521,-0.543908,-0.070877,-0.440371,1.080215,-0.141706,-0.00529,-0.314361,-0.017052,0.185565,-0.370024,0.139843,0.021292,0.098309,-0.008986,
0.267618,-0.964529,-0.034145,-0.0,-1.570796,0.0,0.42677,-0.082398,-0.099895,0.0,0.0,0.0,-0.32091,0.102952,0.248196,0.317683,-0.109983,-0.076633,-0.547501,-0.071977,-0.443312,1.082355,-0.139629,-0.005469,-0.315639,-0.016895,0.186363,-0.37231,0.14112,0.021107,0.099106,-0.008838,
0.268045,-0.964611,-0.034245,-0.0,-1.570796,0.0,0.426713,-0.082398,-0.099881,0.0,0.0,0.0,-0.319382,0.102825,0.247014,0.316643,-0.109946,-0.076744,-0.551095,-0.073077,-0.446252,1.084494,-0.137553,-0.005649,-0.316915,-0.016737,0.187162,-0.374596,0.142396,0.020922,0.099904,-0.00869,
0.268472,-0.964694,-0.034345,-0.0,-1.570796,0.0,0.42677,-0.082398,-0.099895,0.0,0.0,0.0,-0.317852,0.102698,0.245832,0.315604,-0.10991,-0.076856,-0.554689,-0.074178,-0.449193,1.086634,-0.135476,-0.005828,-0.318193,-0.01658,0.18796,-0.376882,0.143673,0.020737,0.100702,-0.008541,
0.268899,-0.964776,-0.034445,-0.0,-1.570796,0.0,0.42677,-0.082398,-0.099893,0.0,0.0,0.0,-0.316323,0.102571,0.24465,0.314564,-0.109873,-0.076968,-0.558284,-0.075278,-0.452134,1.088774,-0.133399,-0.006008,-0.31947,-0.016423,0.188759,-0.379168,0.144949,0.020552,0.1015,-0.008393,
0.269325,-0.964859,-0.034545,-0.0,-1.570796,0.0,0.42677,-0.082398,-0.099895,0.0,0.0,0.0,-0.314794,0.102444,0.243468,0.313524,-0.109836,-0.07708,-0.561879,-0.076378,-0.455075,1.090914,-0.131322,-0.006187,-0.320747,-0.016265,0.189557,-0.381454,0.146226,0.020367,0.102297,-0.008245,
0.269752,-0.964941,-0.034645,-0.0,-1.570796,0.0,0.42677,-0.082398,-0.099895,0.0,0.0,0.0,-0.313265,0.102317,0.242286,0.312485,-0.1098,-0.077192,-0.565474,-0.077479,-0.458016,1.093054,-0.129245,-0.006367,-0.322024,-0.016108,0.190356,-0.383741,0.147503,0.020182,0.103095,-0.008096,
0.270179,-0.965023,-0.034744,-0.0,-1.570796,0.0,0.426713,-0.082398,-0.099881,0.0,0.0,0.0,-0.311736,0.10219,0.241104,0.311445,-0.109763,-0.077303,-0.569068,-0.078579,-0.460956,1.095194,-0.127169,-0.006546,-0.323301,-0.01595,0.191154,-0.386027,0.148779,0.019997,0.103893,-0.007948,
0.270606,-0.965106,-0.034844,-0.0,-1.570796,0.0,0.42677,-0.082398,-0.099895,0.0,0.0,0.0,-0.310207,0.102064,0.239921,0.310406,-0.109726,-0.077415,-0.572663,-0.079679,-0.463897,1.097334,-0.125092,-0.006725,-0.324578,-0.015793,0.191953,-0.388313,0.150056,0.019812,0.104691,-0.0078,
0.271032,-0.965188,-0.034944,-0.0,-1.570796,0.0,0.42677,-0.082398,-0.099893,0.0,0.0,0.0,-0.308678,0.101937,0.238739,0.309366,-0.10969,-0.077527,-0.576258,-0.08078,-0.466839,1.099474,-0.123015,-0.006905,-0.325855,-0.015635,0.192752,-0.390599,0.151332,0.019627,0.105488,-0.007651,
0.271459,-0.965271,-0.035044,-0.0,-1.570796,0.0,0.426713,-0.082321,-0.099883,0.0,0.0,0.0,-0.307149,0.10181,0.237557,0.308326,-0.109653,-0.077639,-0.579853,-0.08188,-0.46978,1.101614,-0.120938,-0.007084,-0.327132,-0.015478,0.19355,-0.392885,0.152609,0.019442,0.106286,-0.007503,
0.271886,-0.965353,-0.035144,-0.0,-1.570796,0.0,0.42677,-0.082398,-0.099893,0.0,0.0,0.0,-0.30562,0.101683,0.236375,0.307287,-0.109616,-0.077751,-0.583448,-0.08298,-0.472721,1.103754,-0.118861,-0.007264,-0.328409,-0.01532,0.194349,-0.395172,0.153885,0.019257,0.107084,-0.007355,
0.272313,-0.965435,-0.035244,-0.0,-1.570796,0.0,0.426713,-0.082398,-0.099883,0.0,0.0,0.0,-0.304091,0.101556,0.235193,0.306247,-0.10958,-0.077862,-0.587043,-0.08408,-0.475662,1.105894,-0.116784,-0.007443,-0.329687,-0.015163,0.195147,-0.397458,0.155162,0.019072,0.107881,-0.007206,
0.272739,-0.965518,-0.035344,-0.0,-1.570796,0.0,0.42677,-0.082398,-0.099893,0.0,0.0,0.0,-0.302562,0.101429,0.234011,0.305208,-0.109543,-0.077974,-0.590638,-0.085181,-0.478603,1.108034,-0.114707,-0.007623,-0.330964,-0.015005,0.195946,-0.399744,0.156438,0.018887,0.108679,-0.007058,
0.273166,-0.9656,-0.035444,-0.0,-1.570796,0.0,0.42677,-0.082398,-0.099895,0.0,0.0,0.0,-0.301033,0.101302,0.232829,0.304168,-0.109506,-0.078086,-0.594233,-0.086281,-0.481544,1.110174,-0.11263,-0.007802,-0.332241,-0.014848,0.196744,-0.40203,0.157715,0.018702,0.109477,-0.00691,
0.273593,-0.965683,-0.035544,-0.0,-1.570796,0.0,0.426713,-0.082398,-0.099881,0.0,0.0,0.0,-0.299504,0.101175,0.231647,0.303129,-0.10947,-0.078198,-0.597828,-0.087381,-0.484485,1.112314,-0.110554,-0.007982,-0.333518,-0.01469,0.197543,-0.404316,0.158991,0.018517,0.110275,-0.006761,
0.27402,-0.965765,-0.035643,-0.0,-1.570796,0.0,0.42677,-0.082398,-0.099895,0.0,0.0,0.0,-0.297975,0.101049,0.230465,0.302089,-0.109433,-0.078309,-0.601423,-0.088481,-0.487426,1.114454,-0.108477,-0.008161,-0.334795,-0.014533,0.198341,-0.406603,0.160268,0.018332,0.111072,-0.006613,
0.274446,-0.965847,-0.035743,-0.0,-1.570796,0.0,0.42677,-0.082398,-0.099895,0.0,0.0,0.0,-0.296446,0.100922,0.229283,0.301049,-0.109396,-0.078421,-0.605018,-0.089582,-0.490367,1.116594,-0.1064,-0.008341,-0.336072,-0.014375,0.19914,-0.408889,0.161544,0.018147,0.11187,-0.006465,
0.274873,-0.96593,-0.035843,-0.0,-1.570796,0.0,0.42677,-0.082398,-0.099893,0.0,0.0,0.0,-0.294916,0.100795,0.2281,0.30001,-0.109359,-0.078533,-0.608612,-0.090682,-0.493308,1.118734,-0.104323,-0.00852,-0.337349,-0.014218,0.199938,-0.411175,0.162821,0.017962,0.112668,-0.006316,
0.2753,-0.966012,-0.035943,-0.0,-1.570796,0.0,0.42677,-0.082398,-0.099895,0.0,0.0,0.0,-0.293387,0.100668,0.226918,0.29897,-0.109323,-0.078645,-0.612207,-0.091783,-0.496249,1.120874,-0.102246,-0.0087,-0.338626,-0.01406,0.200737,-0.413461,0.164097,0.017777,0.113466,-0.006168,
0.275727,-0.966094,-0.036043,-0.0,-1.570796,0.0,0.426713,-0.082398,-0.099881,0.0,0.0,0.0,-0.291858,0.100541,0.225736,0.297931,-0.109286,-0.078757,-0.615801,-0.092883,-0.499189,1.123014,-0.10017,-0.008879,-0.339903,-0.013903,0.201535,-0.415747,0.165374,0.017592,0.114263,-0.00602,
0.276153,-0.966177,-0.036143,-0.0,-1.570796,0.0,0.42677,-0.082398,-0.099895,0.0,0.0,0.0,-0.290329,0.100414,0.224554,0.296891,-0.109249,-0.078868,-0.619395,-0.093983,-0.50213,1.125154,-0.098093,-0.009058,-0.34118,-0.013745,0.202334,-0.418033,0.16665,0.017407,0.115061,-0.005871,
0.27658,-0.966259,-0.036243,-0.0,-1.570796,0.0,0.42677,-0.082398,-0.099895,0.0,0.0,0.0,-0.2888,0.100287,0.223372,0.295851,-0.109213,-0.07898,-0.622989,-0.095083,-0.505071,1.127294,-0.096016,-0.009238,-0.342458,-0.013588,0.203132,-0.420319,0.167927,0.017223,0.115859,-0.005723,
0.277007,-0.966342,-0.036343,-0.0,-1.570796,0.0,0.426713,-0.082398,-0.099881,0.0,0.0,0.0,-0.287272,0.100161,0.22219,0.294812,-0.109176,-0.079092,-0.626582,-0.096183,-0.508011,1.129433,-0.09394,-0.009417,-0.343734,-0.01343,0.203931,-0.422605,0.169203,0.017038,0.116656,-0.005575,
0.277434,-0.966424,-0.036443,-0.0,-1.570796,0.0,0.42677,-0.082398,-0.099895,0.0,0.0,0.0,-0.285743,0.100034,0.221008,0.293772,-0.109139,-0.079204,-0.630176,-0.097284,-0.510951,1.131573,-0.091863,-0.009597,-0.345012,-0.013273,0.204729,-0.424891,0.17048,0.016853,0.117454,-0.005426,
0.27786,-0.966506,-0.036543,-0.0,-1.570796,0.0,0.426713,-0.082321,-0.099881,0.0,0.0,0.0,-0.284214,0.099907,0.219826,0.292733,-0.109103,-0.079316,-0.633768,-0.098384,-0.513891,1.133712,-0.089787,-0.009776,-0.346289,-0.013115,0.205528,-0.427177,0.171756,0.016668,0.118252,-0.005278,
0.278287,-0.966589,-0.036642,-0.0,-1.570796,0.0,0.42677,-0.082398,-0.099895,0.0,0.0,0.0,-0.282685,0.09978,0.218644,0.291693,-0.109066,-0.079427,-0.637361,-0.099484,-0.51683,1.135852,-0.08771,-0.009956,-0.347566,-0.012958,0.206326,-0.429462,0.173032,0.016483,0.11905,-0.00513,
0.278714,-0.966671,-0.036742,-0.0,-1.570796,0.0,0.42677,-0.082398,-0.099893,0.0,0.0,0.0,-0.281156,0.099653,0.217462,0.290654,-0.109029,-0.079539,-0.640953,-0.100584,-0.51977,1.137991,-0.085634,-0.010135,-0.348843,-0.0128,0.207125,-0.431748,0.174309,0.016298,0.119847,-0.004981,
0.279155,-0.966747,-0.036833,-0.0,-1.570796,0.0,0.441399,-0.076294,-0.090597,0.0,0.0,0.0,-0.279631,0.09953,0.216284,0.289656,-0.109031,-0.07964,-0.644226,-0.101656,-0.522421,1.139562,-0.083727,-0.010297,-0.350049,-0.012647,0.207879,-0.433961,0.175515,0.016115,0.120601,-0.004853,
0.279626,-0.966812,-0.036905,-0.0,-1.570796,0.0,0.470429,-0.064316,-0.072289,0.0,0.0,0.0,-0.278114,0.099413,0.215114,0.288741,-0.109108,-0.079721,-0.64687,-0.102671,-0.524505,1.140011,-0.082156,-0.010423,-0.351119,-0.0125,0.208546,-0.436031,0.176584,0.015935,0.121269,-0.004766,
0.280096,-0.966876,-0.036977,-0.0,-1.570796,0.0,0.470372,-0.064316,-0.072279,0.0,0.0,0.0,-0.276598,0.099296,0.213944,0.287826,-0.109185,-0.079802,-0.649514,-0.103686,-0.526588,1.14046,-0.080584,-0.010549,-0.352188,-0.012354,0.209213,-0.438102,0.177653,0.015756,0.121937,-0.004678,
0.280567,-0.96694,-0.03705,-0.0,-1.570796,0.0,0.470506,-0.06424,-0.072296,0.0,0.0,0.0,-0.275081,0.099179,0.212773,0.286911,-0.109262,-0.079882,-0.652159,-0.104701,-0.528671,1.140909,-0.079012,-0.010676,-0.353257,-0.012207,0.20988,-0.440173,0.178722,0.015576,0.122605,-0.00459,
0.281037,-0.967005,-0.037122,-0.0,-1.570796,0.0,0.470372,-0.064316,-0.072279,0.0,0.0,0.0,-0.273564,0.099062,0.211603,0.285996,-0.109339,-0.079963,-0.654803,-0.105717,-0.530755,1.141358,-0.07744,-0.010802,-0.354326,-0.012061,0.210546,-0.442243,0.179791,0.015397,0.123273,-0.004502,
0.281507,-0.967069,-0.037194,-0.0,-1.570796,0.0,0.470448,-0.06424,-0.072286,0.0,0.0,0.0,-0.272047,0.098945,0.210433,0.285081,-0.109416,-0.080044,-0.657448,-0.106732,-0.532838,1.141807,-0.075868,-0.010929,-0.355395,-0.011914,0.211213,-0.444314,0.18086,0.015217,0.123941,-0.004414,
0.281978,-0.967133,-0.037267,-0.0,-1.570796,0.0,0.470429,-0.064316,-0.072286,0.0,0.0,0.0,-0.27053,0.098828,0.209262,0.284166,-0.109493,-0.080124,-0.660093,-0.107747,-0.534922,1.142256,-0.074297,-0.011055,-0.356464,-0.011768,0.21188,-0.446385,0.181929,0.015038,0.124609,-0.004326,
0.282448,-0.967198,-0.037339,-0.0,-1.570796,0.0,0.470448,-0.064316,-0.072289,0.0,0.0,0.0,-0.269013,0.098711,0.208092,0.283251,-0.10957,-0.080205,-0.662738,-0.108762,-0.537005,1.142706,-0.072725,-0.011181,-0.357533,-0.011621,0.212547,-0.448456,0.182998,0.014858,0.125277,-0.004238,
0.282919,-0.967262,-0.037411,-0.0,-1.570796,0.0,0.470372,-0.06424,-0.072279,0.0,0.0,0.0,-0.267496,0.098594,0.206922,0.282336,-0.109647,-0.080286,-0.665382,-0.109777,-0.539089,1.143155,-0.071153,-0.011308,-0.358602,-0.011475,0.213214,-0.450526,0.184067,0.014679,0.125945,-0.00415,
0.283389,-0.967326,-0.037483,-0.0,-1.570796,0.0,0.470429,-0.064316,-0.072286,0.0,0.0,0.0,-0.265979,0.098477,0.205751,0.281421,-0.109724,-0.080366,-0.668027,-0.110792,-0.541172,1.143604,-0.069581,-0.011434,-0.359672,-0.011328,0.213881,-0.452597,0.185136,0.014499,0.126613,-0.004062,
0.283859,-0.96739,-0.037556,-0.0,-1.570796,0.0,0.470391,-0.06424,-0.072279,0.0,0.0,0.0,-0.264463,0.09836,0.204581,0.280506,-0.109801,-0.080447,-0.670672,-0.111808,-0.543256,1.144053,-0.068009,-0.01156,-0.360741,-0.011182,0.214548,-0.454668,0.186204,0.01432,0.127281,-0.003974,
0.28433,-0.967455,-0.037628,-0.0,-1.570796,0.0,0.470429,-0.064316,-0.072286,0.0,0.0,0.0,-0.262945,0.098243,0.203411,0.279591,-0.109878,-0.080527,-0.673317,-0.112823,-0.54534,1.144502,-0.066437,-0.011687,-0.36181,-0.011035,0.215215,-0.456739,0.187273,0.014141,0.127949,-0.003887,
0.2848,-0.967519,-0.0377,-0.0,-1.570796,0.0,0.470448,-0.064316,-0.072289,0.0,0.0,0.0,-0.261428,0.098127,0.20224,0.278675,-0.109955,-0.080608,-0.675963,-0.113838,-0.547423,1.144951,-0.064865,-0.011813,-0.362879,-0.010889,0.215882,-0.45881,0.188342,0.013961,0.128617,-0.003799,
0.285271,-0.967583,-0.037773,-0.0,-1.570796,0.0,0.470372,-0.06424,-0.072277,0.0,0.0,0.0,-0.259912,0.09801,0.20107,0.27776,-0.110032,-0.080689,-0.678608,-0.114853,-0.549507,1.1454,-0.063293,-0.011939,-0.363948,-0.010742,0.216548,-0.460881,0.189411,0.013782,0.129285,-0.003711,
0.285741,-0.967648,-0.037845,-0.0,-1.570796,0.0,0.470429,-0.064316,-0.072289,0.0,0.0,0.0,-0.258395,0.097893,0.199899,0.276845,-0.110109,-0.080769,-0.681253,-0.115868,-0.551591,1.145849,-0.061721,-0.012066,-0.365017,-0.010596,0.217215,-0.462952,0.19048,0.013602,0.129953,-0.003623,
0.286212,-0.967712,-0.037917,-0.0,-1.570796,0.0,0.470391,-0.06424,-0.072277,0.0,0.0,0.0,-0.256878,0.097776,0.198729,0.27593,-0.110186,-0.08085,-0.683898,-0.116884,-0.553674,1.146298,-0.060149,-0.012192,-0.366086,-0.010449,0.217882,-0.465023,0.191549,0.013423,0.130621,-0.003535,
0.286682,-0.967776,-0.037989,-0.0,-1.570796,0.0,0.470429,-0.064316,-0.072289,0.0,0.0,0.0,-0.255361,0.097659,0.197559,0.275015,-0.110263,-0.080931,-0.686543,-0.117899,-0.555758,1.146747,-0.058577,-0.012318,-0.367155,-0.010303,0.218549,-0.467094,0.192618,0.013243,0.131289,-0.003447,
0.287152,-0.96784,-0.038062,-0.0,-1.570796,0.0,0.470429,-0.06424,-0.072286,0.0,0.0,0.0,-0.253844,0.097542,0.196388,0.2741,-0.11034,-0.081011,-0.689188,-0.118914,-0.557842,1.147196,-0.057005,-0.012445,-0.368225,-0.010156,0.219216,-0.469165,0.193687,0.013064,0.131957,-0.003359,
0.287623,-0.967905,-0.038134,-0.0,-1.570796,0.0,0.470448,-0.064316,-0.072289,0.0,0.0,0.0,-0.252327,0.097425,0.195218,0.273185,-0.110417,-0.081092,-0.691834,-0.119929,-0.559926,1.147645,-0.055433,-0.012571,-0.369294,-0.01001,0.219883,-0.471236,0.194756,0.012884,0.132625,-0.003271,
0.288093,-0.967969,-0.038206,-0.0,-1.570796,0.0,0.470429,-0.064316,-0.072286,0.0,0.0,0.0,-0.250809,0.097308,0.194047,0.27227,-0.110494,-0.081173,-0.694479,-0.120945,-0.56201,1.148094,-0.053861,-0.012698,-0.370363,-0.009863,0.22055,-0.473307,0.195825,0.012705,0.133293,-0.003183,
0.288564,-0.968033,-0.038279,-0.0,-1.570796,0.0,0.470448,-0.06424,-0.072289,0.0,0.0,0.0,-0.249292,0.097191,0.192877,0.271355,-0.110572,-0.081253,-0.697124,-0.12196,-0.564094,1.148543,-0.052289,-0.012824,-0.371432,-0.009717,0.221217,-0.475378,0.196894,0.012525,0.133961,-0.003095,
0.289034,-0.968098,-0.038351,-0.0,-1.570796,0.0,0.470372,-0.064316,-0.072277,0.0,0.0,0.0,-0.247776,0.097074,0.191707,0.27044,-0.110649,-0.081334,-0.699769,-0.122975,-0.566177,1.148992,-0.050718,-0.01295,-0.372501,-0.00957,0.221883,-0.477449,0.197963,0.012346,0.134629,-0.003008,
0.289505,-0.968162,-0.038423,-0.0,-1.570796,0.0,0.470448,-0.06424,-0.072289,0.0,0.0,0.0,-0.246259,0.096957,0.190536,0.269525,-0.110726,-0.081414,-0.702414,-0.12399,-0.568261,1.149441,-0.049146,-0.013077,-0.37357,-0.009424,0.22255,-0.47952,0.199032,0.012166,0.135297,-0.00292,
0.289975,-0.968226,-0.038495,-0.0,-1.570796,0.0,0.470372,-0.064316,-0.072279,0.0,0.0,0.0,-0.244742,0.096841,0.189366,0.26861,-0.110803,-0.081495,-0.705059,-0.125005,-0.570344,1.149891,-0.047574,-0.013203,-0.374639,-0.009277,0.223217,-0.481591,0.200101,0.011987,0.135965,-0.002832,
0.290445,-0.96829,-0.038568,-0.0,-1.570796,0.0,0.470429,-0.064316,-0.072286,0.0,0.0,0.0,-0.243225,0.096724,0.188196,0.267694,-0.11088,-0.081576,-0.707704,-0.12602,-0.572428,1.150339,-0.046002,-0.013329,-0.375709,-0.009131,0.223884,-0.483662,0.20117,0.011808,0.136633,-0.002744,
0.290916,-0.968355,-0.03864,-0.0,-1.570796,0.0,0.470448,-0.06424,-0.072286,0.0,0.0,0.0,-0.241708,0.096607,0.187025,0.266779,-0.110957,-0.081656,-0.710349,-0.127036,-0.574512,1.150789,-0.04443,-0.013456,-0.376778,-0.008984,0.224551,-0.485733,0.202238,0.011628,0.137301,-0.002656,
0.291386,-0.968419,-0.038712,-0.0,-1.570796,0.0,0.470372,-0.064316,-0.072279,0.0,0.0,0.0,-0.240191,0.09649,0.185855,0.265864,-0.111034,-0.081737,-0.712994,-0.128051,-0.576595,1.151238,-0.042858,-0.013582,-0.377847,-0.008838,0.225218,-0.487803,0.203307,0.011449,0.137969,-0.002568,
0.291857,-0.968483,-0.038785,-0.0,-1.570796,0.0,0.470448,-0.06424,-0.072289,0.0,0.0,0.0,-0.238674,0.096373,0.184685,0.264949,-0.111111,-0.081818,-0.715639,-0.129066,-0.578679,1.151687,-0.041286,-0.013708,-0.378916,-0.008691,0.225885,-0.489874,0.204376,0.011269,0.138637,-0.00248,
0.292327,-0.968548,-0.038857,-0.0,-1.570796,0.0,0.470372,-0.064316,-0.072277,0.0,0.0,0.0,-0.237157,0.096256,0.183514,0.264034,-0.111188,-0.081898,-0.718283,-0.130081,-0.580762,1.152136,-0.039714,-0.013835,-0.379985,-0.008545,0.226552,-0.491945,0.205445,0.01109,0.139305,-0.002392,
0.292797,-0.968612,-0.038929,-0.0,-1.570796,0.0,0.470429,-0.06424,-0.072289,0.0,0.0,0.0,-0.23564,0.096139,0.182344,0.263119,-0.111265,-0.081979,-0.720928,-0.131096,-0.582846,1.152585,-0.038143,-0.013961,-0.381054,-0.008398,0.227219,-0.494015,0.206514,0.01091,0.139973,-0.002304,
0.293268,-0.968676,-0.039001,-0.0,-1.570796,0.0,0.470448,-0.064316,-0.072286,0.0,0.0,0.0,-0.234123,0.096022,0.181174,0.262204,-0.111342,-0.08206,-0.723572,-0.132111,-0.584929,1.153034,-0.036571,-0.014087,-0.382123,-0.008252,0.227885,-0.496086,0.207583,0.010731,0.140641,-0.002216,
0.293738,-0.96874,-0.039074,-0.0,-1.570796,0.0,0.470429,-0.064316,-0.072289,0.0,0.0,0.0,-0.232607,0.095905,0.180003,0.261289,-0.111419,-0.08214,-0.726217,-0.133127,-0.587012,1.153483,-0.034999,-0.014214,-0.383192,-0.008105,0.228552,-0.498157,0.208652,0.010551,0.141309,-0.002129,
0.294209,-0.968805,-0.039146,-0.0,-1.570796,0.0,0.470448,-0.06424,-0.072286,0.0,0.0,0.0,-0.23109,0.095788,0.178833,0.260374,-0.111496,-0.082221,-0.728861,-0.134142,-0.589096,1.153932,-0.033427,-0.01434,-0.384262,-0.007959,0.229219,-0.500227,0.209721,0.010372,0.141977,-0.002041,
0.294679,-0.968869,-0.039218,-0.0,-1.570796,0.0,0.470601,-0.064163,-0.072138,0.0,0.0,0.0,-0.229574,0.095672,0.177663,0.25946,-0.111574,-0.082301,-0.731502,-0.135156,-0.591176,1.154375,-0.03186,-0.014466,-0.385329,-0.007812,0.229885,-0.502296,0.210788,0.010192,0.142645,-0.001953,
0.295186,-0.968907,-0.039259,-0.0,-1.570796,0.0,0.506192,-0.038223,-0.040531,0.0,0.0,0.0,-0.228199,0.095571,0.176609,0.258835,-0.111845,-0.082347,-0.733424,-0.136013,-0.592601,1.153612,-0.031243,-0.014523,-0.386148,-0.007691,0.230398,-0.503984,0.211607,0.010037,0.143157,-0.001909,
0.295692,-0.968945,-0.039299,-0.0,-1.570796,0.0,0.506249,-0.038223,-0.040538,0.0,0.0,0.0,-0.226825,0.09547,0.175554,0.258209,-0.112117,-0.082393,-0.735346,-0.13687,-0.594027,1.152848,-0.030626,-0.01458,-0.386966,-0.00757,0.230911,-0.505673,0.212425,0.009881,0.143669,-0.001865,
0.296198,-0.968983,-0.03934,-0.0,-1.570796,0.0,0.506173,-0.038223,-0.040531,0.0,0.0,0.0,-0.225451,0.095369,0.1745,0.257583,-0.112388,-0.082439,-0.737268,-0.137727,-0.595452,1.152084,-0.030008,-0.014636,-0.387784,-0.00745,0.231423,-0.507362,0.213243,0.009726,0.144182,-0.001821,
0.296704,-0.969022,-0.03938,-0.0,-1.570796,0.0,0.506268,-0.038223,-0.040536,0.0,0.0,0.0,-0.224077,0.095268,0.173445,0.256958,-0.11266,-0.082485,-0.73919,-0.138583,-0.596878,1.15132,-0.029391,-0.014693,-0.388603,-0.007329,0.231936,-0.509051,0.214061,0.00957,0.144694,-0.001777,
0.29721,-0.96906,-0.039421,-0.0,-1.570796,0.0,0.506249,-0.038223,-0.040538,0.0,0.0,0.0,-0.222702,0.095167,0.172391,0.256332,-0.112931,-0.08253,-0.741112,-0.13944,-0.598304,1.150556,-0.028774,-0.01475,-0.389421,-0.007208,0.232449,-0.510739,0.214879,0.009414,0.145207,-0.001733,
0.297717,-0.969098,-0.039461,-0.0,-1.570796,0.0,0.506173,-0.038223,-0.040531,0.0,0.0,0.0,-0.221328,0.095066,0.171337,0.255707,-0.113203,-0.082576,-0.743035,-0.140297,-0.599729,1.149792,-0.028157,-0.014807,-0.390239,-0.007087,0.232962,-0.512428,0.215697,0.009259,0.145719,-0.001689,
0.298223,-0.969136,-0.039502,-0.0,-1.570796,0.0,0.506268,-0.038223,-0.040536,0.0,0.0,0.0,-0.219954,0.094966,0.170282,0.255081,-0.113474,-0.082622,-0.744957,-0.141154,-0.601155,1.149029,-0.02754,-0.014864,-0.391057,-0.006966,0.233474,-0.514117,0.216516,0.009103,0.146231,-0.001645,
0.298729,-0.969175,-0.039542,-0.0,-1.570796,0.0,0.506173,-0.038223,-0.040534,0.0,0.0,0.0,-0.218579,0.094865,0.169228,0.254455,-0.113745,-0.082668,-0.746879,-0.142011,-0.60258,1.148265,-0.026923,-0.01492,-0.391876,-0.006845,0.233987,-0.515806,0.217334,0.008947,0.146744,-0.001601,
0.299235,-0.969213,-0.039583,-0.0,-1.570796,0.0,0.506249,-0.038223,-0.040536,0.0,0.0,0.0,-0.217205,0.094764,0.168173,0.25383,-0.114017,-0.082714,-0.748802,-0.142867,-0.604006,1.147501,-0.026306,-0.014977,-0.392694,-0.006724,0.2345,-0.517495,0.218152,0.008792,0.147256,-0.001557,
0.299742,-0.969251,-0.039623,-0.0,-1.570796,0.0,0.506268,-0.038223,-0.040536,0.0,0.0,0.0,-0.21583,0.094663,0.167119,0.253204,-0.114288,-0.08276,-0.750724,-0.143724,-0.605432,1.146737,-0.025688,-0.015034,-0.393512,-0.006604,0.235012,-0.519184,0.21897,0.008636,0.147768,-0.001513,
0.300248,-0.969289,-0.039664,-0.0,-1.570796,0.0,0.506249,-0.038223,-0.040538,0.0,0.0,0.0,-0.214456,0.094562,0.166064,0.252578,-0.11456,-0.082805,-0.752647,-0.144581,-0.606858,1.145973,-0.025071,-0.015091,-0.394331,-0.006483,0.235525,-0.520873,0.219789,0.00848,0.148281,-0.00147,
0.300754,-0.969327,-0.039705,-0.0,-1.570796,0.0,0.506173,-0.038223,-0.040531,0.0,0.0,0.0,-0.213082,0.094461,0.16501,0.251953,-0.114831,-0.082851,-0.754569,-0.145438,-0.608283,1.145209,-0.024454,-0.015147,-0.395149,-0.006362,0.236038,-0.522562,0.220607,0.008325,0.148793,-0.001426,
0.30126,-0.969366,-0.039745,-0.0,-1.570796,0.0,0.506326,-0.038223,-0.040543,0.0,0.0,0.0,-0.211707,0.09436,0.163955,0.251327,-0.115103,-0.082897,-0.756492,-0.146295,-0.609709,1.144445,-0.023837,-0.015204,-0.395967,-0.006241,0.236551,-0.524251,0.221425,0.008169,0.149306,-0.001382,
0.301767,-0.969404,-0.039786,-0.0,-1.570796,0.0,0.506192,-0.038223,-0.040531,0.0,0.0,0.0,-0.210333,0.094259,0.1629,0.250702,-0.115374,-0.082943,-0.758414,-0.147152,-0.611135,1.143682,-0.02322,-0.015261,-0.396786,-0.00612,0.237063,-0.52594,0.222243,0.008013,0.149818,-0.001338,
0.302273,-0.969442,-0.039826,-0.0,-1.570796,0.0,0.506249,-0.038223,-0.040536,0.0,0.0,0.0,-0.208958,0.094159,0.161846,0.250076,-0.115646,-0.082989,-0.760337,-0.148009,-0.61256,1.142918,-0.022603,-0.015318,-0.397604,-0.005999,0.237576,-0.527629,0.223061,0.007858,0.15033,-0.001294,
0.302779,-0.96948,-0.039867,-0.0,-1.570796,0.0,0.506192,-0.038223,-0.040534,0.0,0.0,0.0,-0.207584,0.094058,0.160791,0.24945,-0.115917,-0.083034,-0.762259,-0.148865,-0.613986,1.142154,-0.021985,-0.015374,-0.398422,-0.005878,0.238089,-0.529318,0.22388,0.007702,0.150843,-0.00125,
0.303285,-0.969519,-0.039907,-0.0,-1.570796,0.0,0.506249,-0.038223,-0.040536,0.0,0.0,0.0,-0.20621,0.093957,0.159737,0.248825,-0.116189,-0.08308,-0.764182,-0.149722,-0.615412,1.14139,-0.021368,-0.015431,-0.39924,-0.005758,0.238601,-0.531007,0.224698,0.007546,0.151355,-0.001206,
0.303791,-0.969557,-0.039948,-0.0,-1.570796,0.0,0.506249,-0.038223,-0.040536,0.0,0.0,0.0,-0.204835,0.093856,0.158682,0.248199,-0.11646,-0.083126,-0.766104,-0.150579,-0.616837,1.140626,-0.020751,-0.015488,-0.400059,-0.005637,0.239114,-0.532696,0.225516,0.007391,0.151867,-0.001162,
0.304298,-0.969595,-0.039988,-0.0,-1.570796,0.0,0.506192,-0.038223,-0.040534,0.0,0.0,0.0,-0.203461,0.093755,0.157628,0.247573,-0.116732,-0.083172,-0.768027,-0.151436,-0.618263,1.139862,-0.020134,-0.015545,-0.400877,-0.005516,0.239627,-0.534385,0.226334,0.007235,0.15238,-0.001118,
0.304804,-0.969633,-0.040029,-0.0,-1.570796,0.0,0.506249,-0.038223,-0.040538,0.0,0.0,0.0,-0.202086,0.093654,0.156573,0.246948,-0.117003,-0.083218,-0.769949,-0.152293,-0.619689,1.139098,-0.019517,-0.015602,-0.401695,-0.005395,0.24014,-0.536073,0.227152,0.007079,0.152892,-0.001074,
0.30531,-0.969671,-0.040069,-0.0,-1.570796,0.0,0.506173,-0.038223,-0.040531,0.0,0.0,0.0,-0.200712,0.093553,0.155519,0.246322,-0.117275,-0.083264,-0.771872,-0.153149,-0.621114,1.138334,-0.0189,-0.015658,-0.402514,-0.005274,0.240652,-0.537762,0.227971,0.006924,0.153404,-0.00103,
0.305816,-0.96971,-0.04011,-0.0,-1.570796,0.0,0.506268,-0.038223,-0.040536,0.0,0.0,0.0,-0.199338,0.093453,0.154464,0.245697,-0.117546,-0.083309,-0.773794,-0.154006,-0.62254,1.137571,-0.018282,-0.015715,-0.403332,-0.005153,0.241165,-0.539451,0.228789,0.006768,0.153917,-0.000986,
0.306323,-0.969748,-0.04015,-0.0,-1.570796,0.0,0.506249,-0.038223,-0.040536,0.0,0.0,0.0,-0.197963,0.093352,0.15341,0.245071,-0.117818,-0.083355,-0.775717,-0.154863,-0.623966,1.136807,-0.017665,-0.015772,-0.40415,-0.005032,0.241678,-0.54114,0.229607,0.006612,0.154429,-0.000942,
0.306829,-0.969786,-0.040191,-0.0,-1.570796,0.0,0.506173,-0.038223,-0.040531,0.0,0.0,0.0,-0.196589,0.093251,0.152355,0.244445,-0.118089,-0.083401,-0.777639,-0.15572,-0.625391,1.136043,-0.017048,-0.015829,-0.404969,-0.004912,0.24219,-0.542829,0.230425,0.006457,0.154942,-0.000898,
0.307335,-0.969824,-0.040232,-0.0,-1.570796,0.0,0.506268,-0.038223,-0.040536,0.0,0.0,0.0,-0.195214,0.09315,0.151301,0.24382,-0.118361,-0.083447,-0.779561,-0.156577,-0.626817,1.135279,-0.016431,-0.015885,-0.405787,-0.004791,0.242703,-0.544518,0.231243,0.006301,0.155454,-0.000854,
0.307841,-0.969863,-0.040272,-0.0,-1.570796,0.0,0.506249,-0.038223,-0.040541,0.0,0.0,0.0,-0.19384,0.093049,0.150246,0.243194,-0.118632,-0.083493,-0.781484,-0.157433,-0.628243,1.134515,-0.015814,-0.015942,-0.406605,-0.00467,0.243216,-0.546207,0.232062,0.006146,0.155966,-0.00081,
0.308348,-0.969901,-0.040313,-0.0,-1.570796,0.0,0.506249,-0.038223,-0.040536,0.0,0.0,0.0,-0.192466,0.092948,0.149192,0.242568,-0.118904,-0.083538,-0.783406,-0.15829,-0.629668,1.133751,-0.015197,-0.015999,-0.407424,-0.004549,0.243729,-0.547896,0.23288,0.00599,0.156479,-0.000766,
0.308854,-0.969939,-0.040353,-0.0,-1.570796,0.0,0.506249,-0.038223,-0.040536,0.0,0.0,0.0,-0.191091,0.092847,0.148137,0.241943,-0.119175,-0.083584,-0.785329,-0.159147,-0.631094,1.132987,-0.01458,-0.016056,-0.408242,-0.004428,0.244241,-0.549585,0.233698,0.005834,0.156991,-0.000722,
0.30936,-0.969977,-0.040394,-0.0,-1.570796,0.0,0.506192,-0.038223,-0.040531,0.0,0.0,0.0,-0.189717,0.092747,0.147083,0.241317,-0.119447,-0.08363,-0.787251,-0.160004,-0.63252,1.132224,-0.013962,-0.016112,-0.40906,-0.004307,0.244754,-0.551273,0.234516,0.005679,0.157503,-0.000678,
0.309866,-0.970015,-0.040434,-0.0,-1.570796,0.0,0.506249,-0.038223,-0.040536,0.0,0.0,0.0,-0.188343,0.092646,0.146028,0.240692,-0.119718,-0.083676,-0.789173,-0.160861,-0.633945,1.13146,-0.013345,-0.016169,-0.409878,-0.004186,0.245267,-0.552962,0.235335,0.005523,0.158016,-0.000635,
0.310372,-0.970054,-0.040475,-0.0,-1.570796,0.0,0.506249,-0.038223,-0.040541,0.0,0.0,0.0,-0.186968,0.092545,0.144974,0.240066,-0.119989,-0.083722,-0.791095,-0.161718,-0.635371,1.130696,-0.012728,-0.016226,-0.410697,-0.004066,0.245779,-0.554651,0.236153,0.005367,0.158528,-0.000591,
0.310879,-0.970092,-0.040515,-0.0,-1.570796,0.0,0.506192,-0.038223,-0.040531,0.0,0.0,0.0,-0.185594,0.092444,0.143919,0.23944,-0.120261,-0.083768,-0.793017,-0.162574,-0.636796,1.129932,-0.012111,-0.016283,-0.411515,-0.003945,0.246292,-0.55634,0.236971,0.005212,0.15904,-0.000547,
0.311385,-0.97013,-0.040556,-0.0,-1.570796,0.0,0.506249,-0.038223,-0.040536,0.0,0.0,0.0,-0.18422,0.092343,0.142865,0.238815,-0.120532,-0.083813,-0.794939,-0.163431,-0.638222,1.129168,-0.011494,-0.01634,-0.412333,-0.003824,0.246805,-0.558029,0.237789,0.005056,0.159553,-0.000503,
0.311919,-0.970146,-0.040566,-0.0,-1.570796,0.0,0.533639,-0.015564,-0.010185,0.0,0.0,0.0,-0.183032,0.092245,0.141951,0.238515,-0.121008,-0.083828,-0.796394,-0.164126,-0.639227,1.127732,-0.011469,-0.016335,-0.412944,-0.00373,0.247186,-0.559329,0.238399,0.004934,0.159934,-0.000478,
0.312466,-0.97015,-0.040561,-0.0,-1.570796,0.0,0.547067,-0.004578,0.004568,0.0,0.0,0.0,-0.181934,0.092148,0.141105,0.238372,-0.121582,-0.083828,-0.797622,-0.164743,-0.640027,1.125969,-0.011733,-0.0163,-0.413453,-0.00365,0.247504,-0.560441,0.238909,0.004827,0.160252,-0.000464,
0.313013,-0.970155,-0.040557,-0.0,-1.570796,0.0,0.547067,-0.004578,0.004573,0.0,0.0,0.0,-0.180836,0.092051,0.140259,0.238231,-0.122156,-0.083828,-0.79885,-0.165359,-0.640827,1.124206,-0.011997,-0.016265,-0.413962,-0.003569,0.247821,-0.561552,0.239418,0.004721,0.16057,-0.000449,
0.31356,-0.970159,-0.040552,-0.0,-1.570796,0.0,0.54699,-0.004578,0.004568,0.0,0.0,0.0,-0.179738,0.091954,0.139413,0.238089,-0.122731,-0.083828,-0.800077,-0.165976,-0.641627,1.122443,-0.01226,-0.01623,-0.414472,-0.003488,0.248139,-0.562664,0.239927,0.004615,0.160888,-0.000434,
0.314107,-0.970164,-0.040548,-0.0,-1.570796,0.0,0.547067,-0.004578,0.004573,0.0,0.0,0.0,-0.17864,0.091857,0.138567,0.237947,-0.123305,-0.083828,-0.801305,-0.166592,-0.642428,1.12068,-0.012524,-0.016196,-0.414981,-0.003408,0.248456,-0.563776,0.240436,0.004509,0.161206,-0.00042,
0.314654,-0.970169,-0.040543,-0.0,-1.570796,0.0,0.547067,-0.004578,0.004568,0.0,0.0,0.0,-0.177542,0.09176,0.137721,0.237805,-0.12388,-0.083828,-0.802533,-0.167209,-0.643228,1.118916,-0.012788,-0.016161,-0.41549,-0.003327,0.248774,-0.564887,0.240946,0.004403,0.161524,-0.000405,
0.315201,-0.970173,-0.040539,-0.0,-1.570796,0.0,0.547067,-0.004578,0.004573,0.0,0.0,0.0,-0.176443,0.091663,0.136875,0.237663,-0.124454,-0.083828,-0.803761,-0.167825,-0.644028,1.117153,-0.013052,-0.016126,-0.416,-0.003247,0.249091,-0.565999,0.241455,0.004296,0.161842,-0.000391,
0.315748,-0.970178,-0.040534,-0.0,-1.570796,0.0,0.547067,-0.004578,0.004568,0.0,0.0,0.0,-0.175345,0.091567,0.136029,0.237521,-0.125028,-0.083828,-0.804989,-0.168442,-0.644829,1.11539,-0.013315,-0.016091,-0.416509,-0.003166,0.249409,-0.567111,0.241964,0.00419,0.16216,-0.000376,
0.316295,-0.970182,-0.040529,-0.0,-1.570796,0.0,0.54699,-0.004578,0.004573,0.0,0.0,0.0,-0.174248,0.09147,0.135183,0.237379,-0.125603,-0.083828,-0.806217,-0.169058,-0.645629,1.113626,-0.013579,-0.016056,-0.417018,-0.003086,0.249726,-0.568223,0.242474,0.004084,0.162477,-0.000361,
0.316842,-0.970187,-0.040525,-0.0,-1.570796,0.0,0.547067,-0.004578,0.004568,0.0,0.0,0.0,-0.173149,0.091373,0.134337,0.237237,-0.126177,-0.083828,-0.807444,-0.169675,-0.646429,1.111863,-0.013843,-0.016022,-0.417528,-0.003005,0.250044,-0.569334,0.242983,0.003978,0.162795,-0.000347,
0.317389,-0.970191,-0.04052,-0.0,-1.570796,0.0,0.547067,-0.004501,0.004573,0.0,0.0,0.0,-0.172051,0.091276,0.133491,0.237095,-0.126752,-0.083828,-0.808672,-0.170291,-0.647229,1.1101,-0.014106,-0.015987,-0.418037,-0.002924,0.250361,-0.570446,0.243492,0.003871,0.163113,-0.000332,
0.317936,-0.970196,-0.040516,-0.0,-1.570796,0.0,0.54699,-0.004578,0.004568,0.0,0.0,0.0,-0.170953,0.091179,0.132646,0.236953,-0.127326,-0.083828,-0.8099,-0.170908,-0.64803,1.108336,-0.01437,-0.015952,-0.418546,-0.002844,0.250679,-0.571558,0.244001,0.003765,0.163431,-0.000317,
0.318483,-0.970201,-0.040511,-0.0,-1.570796,0.0,0.547067,-0.004578,0.004573,0.0,0.0,0.0,-0.169855,0.091082,0.1318,0.236811,-0.1279,-0.083828,-0.811128,-0.171524,-0.64883,1.106573,-0.014634,-0.015917,-0.419056,-0.002763,0.250996,-0.57267,0.244511,0.003659,0.163749,-0.000303,
0.31903,-0.970205,-0.040507,-0.0,-1.570796,0.0,0.54699,-0.004578,0.004568,0.0,0.0,0.0,-0.168757,0.090985,0.130954,0.236669,-0.128475,-0.083828,-0.812356,-0.172141,-0.64963,1.10481,-0.014897,-0.015882,-0.419565,-0.002683,0.251314,-0.573781,0.24502,0.003553,0.164067,-0.000288,
0.319577,-0.97021,-0.040502,-0.0,-1.570796,0.0,0.547067,-0.004578,0.004573,0.0,0.0,0.0,-0.167659,0.090888,0.130108,0.236527,-0.129049,-0.083828,-0.813584,-0.172757,-0.65043,1.103046,-0.015161,-0.015848,-0.420074,-0.002602,0.251631,-0.574893,0.245529,0.003447,0.164385,-0.000273,
0.320124,-0.970214,-0.040497,-0.0,-1.570796,0.0,0.547048,-0.004578,0.004568,0.0,0.0,0.0,-0.166561,0.090791,0.129262,0.236385,-0.129623,-0.083828,-0.814811,-0.173374,-0.651231,1.101283,-0.015425,-0.015813,-0.420584,-0.002521,0.251949,-0.576005,0.246039,0.00334,0.164703,-0.000259,
0.320671,-0.970219,-0.040493,-0.0,-1.570796,0.0,0.54699,-0.004578,0.004573,0.0,0.0,0.0,-0.165463,0.090694,0.128416,0.236243,-0.130198,-0.083828,-0.816039,-0.17399,-0.652031,1.099519,-0.015689,-0.015778,-0.421093,-0.002441,0.252266,-0.577117,0.246548,0.003234,0.16502,-0.000244,
0.321218,-0.970223,-0.040488,-0.0,-1.570796,0.0,0.547067,-0.004578,0.004568,0.0,0.0,0.0,-0.164365,0.090597,0.12757,0.236101,-0.130772,-0.083828,-0.817267,-0.174607,-0.652831,1.097756,-0.015952,-0.015743,-0.421602,-0.00236,0.252583,-0.578228,0.247057,0.003128,0.165338,-0.000229,
0.321765,-0.970228,-0.040484,-0.0,-1.570796,0.0,0.547067,-0.004578,0.004573,0.0,0.0,0.0,-0.163267,0.0905,0.126724,0.235959,-0.131347,-0.083828,-0.818495,-0.175223,-0.653632,1.095992,-0.016216,-0.015708,-0.422112,-0.00228,0.252901,-0.57934,0.247566,0.003022,0.165656,-0.000215,
0.322312,-0.970233,-0.040479,-0.0,-1.570796,0.0,0.54699,-0.004578,0.004568,0.0,0.0,0.0,-0.162169,0.090404,0.125878,0.235817,-0.131921,-0.083828,-0.819723,-0.17584,-0.654432,1.094229,-0.01648,-0.015674,-0.422621,-0.002199,0.253218,-0.580452,0.248076,0.002916,0.165974,-0.0002,
0.322859,-0.970237,-0.040475,-0.0,-1.570796,0.0,0.547143,-0.004578,0.004573,0.0,0.0,0.0,-0.161071,0.090307,0.125032,0.235675,-0.132495,-0.083828,-0.820951,-0.176456,-0.655232,1.092465,-0.016743,-0.015639,-0.42313,-0.002119,0.253536,-0.581564,0.248585,0.002809,0.166292,-0.000185,
0.323406,-0.970242,-0.04047,-0.0,-1.570796,0.0,0.54699,-0.004501,0.004568,0.0,0.0,0.0,-0.159973,0.09021,0.124186,0.235533,-0.13307,-0.083828,-0.822179,-0.177073,-0.656032,1.090702,-0.017007,-0.015604,-0.42364,-0.002038,0.253853,-0.582676,0.249094,0.002703,0.16661,-0.000171,
0.323954,-0.970246,-0.040465,-0.0,-1.570796,0.0,0.547067,-0.004578,0.004573,0.0,0.0,0.0,-0.158875,0.090113,0.12334,0.235391,-0.133644,-0.083828,-0.823406,-0.177689,-0.656833,1.088939,-0.017271,-0.015569,-0.424149,-0.001957,0.254171,-0.583787,0.249603,0.002597,0.166928,-0.000156,
0.324501,-0.970251,-0.040461,-0.0,-1.570796,0.0,0.547067,-0.004578,0.004568,0.0,0.0,0.0,-0.157777,0.090016,0.122494,0.235249,-0.134219,-0.083828,-0.824634,-0.178306,-0.657633,1.087175,-0.017534,-0.015534,-0.424658,-0.001877,0.254488,-0.584899,0.250113,0.002491,0.167246,-0.000141,
0.325048,-0.970255,-0.040456,-0.0,-1.570796,0.0,0.54699,-0.004578,0.004573,0.0,0.0,0.0,-0.156679,0.089919,0.121648,0.235107,-0.134793,-0.083828,-0.825862,-0.178922,-0.658433,1.085412,-0.017798,-0.0155,-0.425168,-0.001796,0.254806,-0.586011,0.250622,0.002385,0.167563,-0.000127,
0.325595,-0.97026,-0.040452,-0.0,-1.570796,0.0,0.547067,-0.004578,0.004568,0.0,0.0,0.0,-0.155581,0.089822,0.120802,0.234965,-0.135367,-0.083828,-0.82709,-0.179539,-0.659234,1.083649,-0.018062,-0.015465,-0.425677,-0.001716,0.255123,-0.587123,0.251131,0.002278,0.167881,-0.000112,
0.326142,-0.970265,-0.040447,-0.0,-1.570796,0.0,0.54699,-0.004578,0.004568,0.0,0.0,0.0,-0.154483,0.089725,0.119957,0.234823,-0.135942,-0.083828,-0.828318,-0.180155,-0.660034,1.081886,-0.018326,-0.01543,-0.426186,-0.001635,0.255441,-0.588234,0.251641,0.002172,0.168199,-0.000098,
0.326689,-0.970269,-0.040443,-0.0,-1.570796,0.0,0.547067,-0.004578,0.004573,0.0,0.0,0.0,-0.153385,0.089628,0.119111,0.234681,-0.136516,-0.083828,-0.829545,-0.180772,-0.660834,1.080122,-0.018589,-0.015395,-0.426696,-0.001555,0.255758,-0.589346,0.25215,0.002066,0.168517,-0.000083,
0.327236,-0.970274,-0.040438,-0.0,-1.570796,0.0,0.547067,-0.004578,0.004568,0.0,0.0,0.0,-0.152287,0.089531,0.118265,0.234539,-0.13709,-0.083828,-0.830773,-0.181388,-0.661634,1.078359,-0.018853,-0.01536,-0.427205,-0.001474,0.256076,-0.590458,0.252659,0.00196,0.168835,-0.000068,
0.327783,-0.970278,-0.040433,-0.0,-1.570796,0.0,0.54699,-0.004578,0.004573,0.0,0.0,0.0,-0.151189,0.089434,0.117419,0.234397,-0.137665,-0.083828,-0.832001,-0.182005,-0.662435,1.076596,-0.019117,-0.015326,-0.427714,-0.001393,0.256393,-0.591569,0.253168,0.001854,0.169153,-0.000054,
0.32833,-0.970283,-0.040429,-0.0,-1.570796,0.0,0.547067,-0.004578,0.004568,0.0,0.0,0.0,-0.150091,0.089338,0.116573,0.234255,-0.138239,-0.083828,-0.833229,-0.182621,-0.663235,1.074833,-0.01938,-0.015291,-0.428224,-0.001313,0.256711,-0.592681,0.253678,0.001747,0.169471,-0.000039,
0.328877,-0.970287,-0.040424,-0.0,-1.570796,0.0,0.547067,-0.004578,0.004573,0.0,0.0,0.0,-0.148993,0.089241,0.115727,0.234113,-0.138814,-0.083828,-0.834457,-0.183238,-0.664035,1.073069,-0.019644,-0.015256,-0.428733,-0.001232,0.257028,-0.593793,0.254187,0.001641,0.169789,-0.000024,
0.329424,-0.970292,-0.04042,-0.0,-1.570796,0.0,0.54699,-0.004578,0.004568,0.0,0.0,0.0,-0.147895,0.089144,0.114881,0.233971,-0.139388,-0.083828,-0.835684,-0.183854,-0.664835,1.071306,-0.019908,-0.015221,-0.429242,-0.001152,0.257346,-0.594904,0.254696,0.001535,0.170106,-0.00001,
0.329983,-0.970288,-0.040393,-0.0,-1.570796,0.0,0.559426,0.004196,0.027137,0.0,0.0,0.0,-0.146869,0.089032,0.11409,0.233958,-0.140045,-0.083799,-0.836693,-0.184383,-0.665445,1.069278,-0.020339,-0.01515,-0.429646,-0.001087,0.257598,-0.595792,0.2551,0.00145,0.170359,0.0,
0.330566,-0.970267,-0.040322,-0.0,-1.570796,0.0,0.583192,0.021133,0.070744,0.0,0.0,0.0,-0.145984,0.08889,0.113406,0.234194,-0.140862,-0.083713,-0.83728,-0.184743,-0.665685,1.066736,-0.021096,-0.015007,-0.429847,-0.001054,0.257723,-0.596247,0.255302,0.001406,0.170484,0.0,
0.33115,-0.970246,-0.040251,-0.0,-1.570796,0.0,0.58323,0.021133,0.070744,0.0,0.0,0.0,-0.145098,0.088749,0.112722,0.23443,-0.14168,-0.083627,-0.837867,-0.185102,-0.665926,1.064194,-0.021852,-0.014864,-0.430048,-0.001022,0.257849,-0.596701,0.255503,0.001362,0.170609,0.0,
0.331733,-0.970224,-0.04018,-0.0,-1.570796,0.0,0.58323,0.021133,0.070739,0.0,0.0,0.0,-0.144212,0.088607,0.112038,0.234666,-0.142497,-0.083541,-0.838453,-0.185462,-0.666166,1.061652,-0.022609,-0.014721,-0.430248,-0.000989,0.257975,-0.597156,0.255704,0.001318,0.170734,0.0,
0.332316,-0.970203,-0.04011,-0.0,-1.570796,0.0,0.583154,0.021133,0.070734,0.0,0.0,0.0,-0.143327,0.088466,0.111355,0.234902,-0.143314,-0.083454,-0.83904,-0.185821,-0.666406,1.05911,-0.023365,-0.014578,-0.430449,-0.000956,0.2581,-0.59761,0.255906,0.001274,0.170859,0.0,
0.332899,-0.970182,-0.040039,-0.0,-1.570796,0.0,0.58323,0.021133,0.070744,0.0,0.0,0.0,-0.142441,0.088324,0.110671,0.235138,-0.144132,-0.083368,-0.839626,-0.186181,-0.666647,1.056567,-0.024121,-0.014435,-0.430649,-0.000923,0.258226,-0.598065,0.256107,0.00123,0.170984,0.0,
0.333482,-0.970161,-0.039968,-0.0,-1.570796,0.0,0.583154,0.021133,0.070734,0.0,0.0,0.0,-0.141555,0.088183,0.109987,0.235374,-0.144949,-0.083282,-0.840213,-0.186541,-0.666887,1.054025,-0.024878,-0.014293,-0.43085,-0.00089,0.258351,-0.598519,0.256308,0.001186,0.171108,0.0,
0.334066,-0.97014,-0.039897,-0.0,-1.570796,0.0,0.58323,0.021133,0.070744,0.0,0.0,0.0,-0.140669,0.088041,0.109303,0.23561,-0.145766,-0.083196,-0.840799,-0.1869,-0.667128,1.051483,-0.025634,-0.01415,-0.431051,-0.000857,0.258477,-0.598974,0.256509,0.001142,0.171233,0.0,
0.334649,-0.970119,-0.039827,-0.0,-1.570796,0.0,0.58323,0.021133,0.070741,0.0,0.0,0.0,-0.139784,0.0879,0.108619,0.235846,-0.146583,-0.08311,-0.841386,-0.18726,-0.667368,1.04894,-0.026391,-0.014007,-0.431251,-0.000824,0.258603,-0.599428,0.256711,0.001098,0.171358,0.0,
0.335232,-0.970098,-0.039756,-0.0,-1.570796,0.0,0.583154,0.021133,0.070734,0.0,0.0,0.0,-0.138898,0.087759,0.107935,0.236082,-0.147401,-0.083024,-0.841972,-0.187619,-0.667608,1.046398,-0.027147,-0.013864,-0.431452,-0.000791,0.258728,-0.599883,0.256912,0.001054,0.171483,0.0,
0.335815,-0.970077,-0.039685,-0.0,-1.570796,0.0,0.583192,0.021133,0.070744,0.0,0.0,0.0,-0.138012,0.087617,0.107251,0.236318,-0.148218,-0.082938,-0.842559,-0.187979,-0.667849,1.043855,-0.027903,-0.013721,-0.431653,-0.000758,0.258854,-0.600337,0.257113,0.00101,0.171608,0.0,
0.336399,-0.970055,-0.039614,-0.0,-1.570796,0.0,0.58323,0.021057,0.070741,0.0,0.0,0.0,-0.137127,0.087476,0.106567,0.236554,-0.149035,-0.082851,-0.843146,-0.188339,-0.668089,1.041312,-0.02866,-0.013578,-0.431853,-0.000725,0.258979,-0.600792,0.257315,0.000966,0.171733,0.0,
0.336982,-0.970034,-0.039544,-0.0,-1.570796,0.0,0.583154,0.021133,0.070734,0.0,0.0,0.0,-0.136241,0.087334,0.105883,0.23679,-0.149853,-0.082765,-0.843732,-0.188698,-0.66833,1.03877,-0.029416,-0.013436,-0.432054,-0.000692,0.259105,-0.601246,0.257516,0.000923,0.171858,0.0,
0.337565,-0.970013,-0.039473,-0.0,-1.570796,0.0,0.58323,0.021133,0.070744,0.0,0.0,0.0,-0.135355,0.087193,0.105199,0.237026,-0.15067,-0.082679,-0.844319,-0.189058,-0.66857,1.036227,-0.030173,-0.013293,-0.432254,-0.000659,0.25923,-0.601701,0.257717,0.000879,0.171983,0.0,
0.338148,-0.969992,-0.039402,-0.0,-1.570796,0.0,0.58323,0.021133,0.070741,0.0,0.0,0.0,-0.134469,0.087051,0.104515,0.237263,-0.151487,-0.082593,-0.844905,-0.189417,-0.66881,1.033684,-0.030929,-0.01315,-0.432455,-0.000626,0.259356,-0.602155,0.257918,0.000835,0.172108,0.0,
0.338731,-0.969971,-0.039331,-0.0,-1.570796,0.0,0.58323,0.021133,0.070744,0.0,0.0,0.0,-0.133584,0.08691,0.103831,0.237499,-0.152305,-0.082507,-0.845492,-0.189777,-0.669051,1.031141,-0.031685,-0.013007,-0.432656,-0.000593,0.259482,-0.60261,0.25812,0.000791,0.172233,0.0,
0.339315,-0.96995,-0.039261,-0.0,-1.570796,0.0,0.58323,0.021133,0.070741,0.0,0.0,0.0,-0.132698,0.086768,0.103147,0.237735,-0.153122,-0.082421,-0.846079,-0.190136,-0.669291,1.028598,-0.032442,-0.012864,-0.432856,-0.00056,0.259607,-0.603064,0.258321,0.000747,0.172358,0.0,
0.339898,-0.969929,-0.03919,-0.0,-1.570796,0.0,0.583154,0.021133,0.070734,0.0,0.0,0.0,-0.131812,0.086627,0.102463,0.237971,-0.153939,-0.082335,-0.846665,-0.190496,-0.669532,1.026055,-0.033198,-0.012721,-0.433057,-0.000527,0.259733,-0.603519,0.258522,0.000703,0.172483,0.0,
0.340481,-0.969908,-0.039119,-0.0,-1.570796,0.0,0.58323,0.021133,0.070744,0.0,0.0,0.0,-0.130927,0.086486,0.101779,0.238207,-0.154756,-0.082248,-0.847252,-0.190856,-0.669772,1.023512,-0.033955,-0.012579,-0.433258,-0.000494,0.259858,-0.603973,0.258723,0.000659,0.172608,0.0,
0.341064,-0.969886,-0.039049,-0.0,-1.570796,0.0,0.583116,0.021133,0.070732,0.0,0.0,0.0,-0.130041,0.086344,0.101095,0.238443,-0.155574,-0.082162,-0.847838,-0.191215,-0.670013,1.02097,-0.034711,-0.012436,-0.433458,-0.000461,0.259984,-0.604428,0.258925,0.000615,0.172733,0.0,
0.341647,-0.969865,-0.038978,-0.0,-1.570796,0.0,0.58323,0.021133,0.070744,0.0,0.0,0.0,-0.129155,0.086203,0.100411,0.238679,-0.156391,-0.082076,-0.848425,-0.191575,-0.670253,1.018427,-0.035467,-0.012293,-0.433659,-0.000428,0.260109,-0.604882,0.259126,0.000571,0.172858,0.0,
0.342231,-0.969844,-0.038907,-0.0,-1.570796,0.0,0.58323,0.021133,0.070744,0.0,0.0,0.0,-0.128269,0.086061,0.099727,0.238915,-0.157208,-0.08199,-0.849012,-0.191934,-0.670493,1.015884,-0.036224,-0.01215,-0.433859,-0.000395,0.260235,-0.605337,0.259327,0.000527,0.172983,-0.0,
0.342814,-0.969823,-0.038836,-0.0,-1.570796,0.0,0.583154,0.021133,0.070732,0.0,0.0,0.0,-0.127384,0.08592,0.099043,0.239151,-0.158026,-0.081904,-0.849598,-0.192294,-0.670734,1.013341,-0.03698,-0.012007,-0.43406,-0.000362,0.260361,-0.605791,0.259529,0.000483,0.173108,0.0,
0.343397,-0.969802,-0.038766,-0.0,-1.570796,0.0,0.58323,0.021057,0.070744,0.0,0.0,0.0,-0.126498,0.085778,0.09836,0.239387,-0.158843,-0.081818,-0.850185,-0.192653,-0.670974,1.010799,-0.037737,-0.011864,-0.434261,-0.000329,0.260486,-0.606246,0.25973,0.000439,0.173233,0.0,
0.34398,-0.969781,-0.038695,-0.0,-1.570796,0.0,0.58323,0.021133,0.070744,0.0,0.0,0.0,-0.125612,0.085637,0.097676,0.239623,-0.15966,-0.081732,-0.850771,-0.193013,-0.671215,1.008256,-0.038493,-0.011722,-0.434461,-0.000296,0.260612,-0.6067,0.259931,0.000395,0.173358,0.0,
0.344563,-0.96976,-0.038624,-0.0,-1.570796,0.0,0.583154,0.021133,0.070732,0.0,0.0,0.0,-0.124727,0.085495,0.096992,0.239859,-0.160477,-0.081646,-0.851358,-0.193373,-0.671455,1.005714,-0.039249,-0.011579,-0.434662,-0.000263,0.260737,-0.607155,0.260132,0.000351,0.173483,0.0,
0.345147,-0.969739,-0.038553,-0.0,-1.570796,0.0,0.58323,0.021133,0.070744,0.0,0.0,0.0,-0.123841,0.085354,0.096308,0.240095,-0.161295,-0.081559,-0.851944,-0.193732,-0.671695,1.003171,-0.040006,-0.011436,-0.434863,-0.00023,0.260863,-0.607609,0.260334,0.000307,0.173608,0.0,
0.34573,-0.969717,-0.038483,-0.0,-1.570796,0.0,0.583154,0.021133,0.070734,0.0,0.0,0.0,-0.122955,0.085212,0.095624,0.240331,-0.162112,-0.081473,-0.852531,-0.194092,-0.671936,1.000629,-0.040762,-0.011293,-0.435063,-0.000197,0.260988,-0.608064,0.260535,0.000263,0.173733,0.0,
0.346313,-0.969696,-0.038412,-0.0,-1.570796,0.0,0.583268,0.021133,0.070751,0.0,0.0,0.0,-0.122069,0.085071,0.09494,0.240567,-0.162929,-0.081387,-0.853118,-0.194451,-0.672176,0.998086,-0.041519,-0.01115,-0.435264,-0.000164,0.261114,-0.608518,0.260736,0.000219,0.173858,0.0,
0.346896,-0.969675,-0.038341,-0.0,-1.570796,0.0,0.583154,0.021133,0.070734,0.0,0.0,0.0,-0.121184,0.084929,0.094256,0.240803,-0.163747,-0.081301,-0.853704,-0.194811,-0.672417,0.995544,-0.042275,-0.011007,-0.435464,-0.000132,0.26124,-0.608973,0.260938,0.000175,0.173983,0.0,
0.347479,-0.969654,-0.03827,-0.0,-1.570796,0.0,0.58323,0.021133,0.070741,0.0,0.0,0.0,-0.120298,0.084788,0.093572,0.24104,-0.164564,-0.081215,-0.854291,-0.19517,-0.672657,0.993002,-0.043031,-0.010865,-0.435665,-0.000099,0.261365,-0.609427,0.261139,0.000131,0.174108,0.0,
0.348063,-0.969633,-0.0382,-0.0,-1.570796,0.0,0.58323,0.021133,0.070744,0.0,0.0,0.0,-0.119412,0.084647,0.092888,0.241276,-0.165381,-0.081129,-0.854877,-0.19553,-0.672897,0.99046,-0.043788,-0.010722,-0.435866,-0.000066,0.261491,-0.609882,0.26134,0.000087,0.174233,0.0,
0.348646,-0.969612,-0.038129,-0.0,-1.570796,0.0,0.583154,0.021133,0.070734,0.0,0.0,0.0,-0.118527,0.084505,0.092204,0.241512,-0.166198,-0.081043,-0.855464,-0.19589,-0.673138,0.987918,-0.044544,-0.010579,-0.436066,-0.000033,0.261616,-0.610336,0.261541,0.000044,0.174358,0.0,
0.349229,-0.96959,-0.038057,-0.0,-1.570796,0.0,0.583688,0.021439,0.07144,0.0,0.0,0.0,-0.117643,0.084363,0.091522,0.241751,-0.167018,-0.080956,-0.856043,-0.196247,-0.673373,0.985369,-0.045303,-0.010436,-0.436263,-0.0,0.26174,-0.610783,0.261739,0.0,0.174481,0.0,
0.34986,-0.969535,-0.037912,-0.0,-1.570796,0.0,0.630914,0.055618,0.145927,0.0,0.0,0.0,-0.116948,0.084161,0.091003,0.242377,-0.168101,-0.080789,-0.855804,-0.19632,-0.673096,0.982073,-0.046325,-0.010251,-0.436044,-0.000033,0.261603,-0.610343,0.261519,0.000054,0.174343,0.0,
0.350491,-0.969479,-0.037766,-0.0,-1.570796,0.0,0.630838,0.055618,0.14591,0.0,0.0,0.0,-0.116253,0.083958,0.090484,0.243003,-0.169185,-0.080622,-0.855566,-0.196393,-0.672819,0.978778,-0.047347,-0.010066,-0.435824,-0.000066,0.261466,-0.609904,0.261299,0.000107,0.174205,0.0,
0.351122,-0.969423,-0.03762,-0.0,-1.570796,0.0,0.630914,0.055618,0.145927,0.0,0.0,0.0,-0.115559,0.083756,0.089966,0.243629,-0.170268,-0.080455,-0.855328,-0.196465,-0.672542,0.975481,-0.04837,-0.009881,-0.435605,-0.000099,0.26133,-0.609465,0.261079,0.00016,0.174067,0.0,
0.351753,-0.969368,-0.037474,-0.0,-1.570796,0.0,0.630914,0.055618,0.145929,0.0,0.0,0.0,-0.114864,0.083554,0.089447,0.244254,-0.171351,-0.080289,-0.855089,-0.196539,-0.672265,0.972185,-0.049392,-0.009696,-0.435385,-0.000132,0.261193,-0.609026,0.26086,0.000213,0.173929,-0.0,
0.352384,-0.969312,-0.037328,-0.0,-1.570796,0.0,0.630838,0.055542,0.145908,0.0,0.0,0.0,-0.114169,0.083351,0.088928,0.24488,-0.172434,-0.080122,-0.854851,-0.196612,-0.671987,0.968888,-0.050414,-0.009511,-0.435166,-0.000165,0.261056,-0.608587,0.26064,0.000266,0.173791,0.0,
0.353015,-0.969257,-0.037182,-0.0,-1.570796,0.0,0.630914,0.055618,0.145929,0.0,0.0,0.0,-0.113475,0.083149,0.08841,0.245506,-0.173517,-0.079955,-0.854613,-0.196684,-0.67171,0.965591,-0.051437,-0.009326,-0.434947,-0.000198,0.26092,-0.608148,0.26042,0.000319,0.173654,0.0,
0.353646,-0.969201,-0.037036,-0.0,-1.570796,0.0,0.630838,0.055618,0.145908,0.0,0.0,0.0,-0.11278,0.082947,0.087891,0.246131,-0.174601,-0.079788,-0.854374,-0.196757,-0.671433,0.962294,-0.052459,-0.009141,-0.434727,-0.000231,0.260783,-0.607708,0.260201,0.000372,0.173516,-0.0,
0.354276,-0.969145,-0.03689,-0.0,-1.570796,0.0,0.630914,0.055618,0.145929,0.0,0.0,0.0,-0.112085,0.082744,0.087372,0.246757,-0.175684,-0.079622,-0.854136,-0.196831,-0.671156,0.958997,-0.053481,-0.008956,-0.434508,-0.000264,0.260646,-0.607269,0.259981,0.000425,0.173378,0.0,
0.354907,-0.96909,-0.036744,-0.0,-1.570796,0.0,0.630914,0.055618,0.145927,0.0,0.0,0.0,-0.11139,0.082542,0.086854,0.247383,-0.176767,-0.079455,-0.853897,-0.196904,-0.670878,0.9557,-0.054503,-0.008771,-0.434289,-0.000297,0.26051,-0.60683,0.259761,0.000478,0.17324,0.0,
0.355538,-0.969034,-0.036598,-0.0,-1.570796,0.0,0.630914,0.055618,0.145927,0.0,0.0,0.0,-0.110696,0.08234,0.086335,0.248009,-0.17785,-0.079288,-0.853659,-0.196977,-0.670601,0.952402,-0.055526,-0.008586,-0.434069,-0.00033,0.260373,-0.606391,0.259541,0.000532,0.173102,0.0,
0.356169,-0.968979,-0.036452,-0.0,-1.570796,0.0,0.630914,0.055618,0.145929,0.0,0.0,0.0,-0.110001,0.082137,0.085816,0.248635,-0.178934,-0.079121,-0.853421,-0.197049,-0.670324,0.949104,-0.056548,-0.008401,-0.43385,-0.000363,0.260236,-0.605952,0.259322,0.000585,0.172964,-0.0,
0.3568,-0.968923,-0.036306,-0.0,-1.570796,0.0,0.630838,0.055618,0.145908,0.0,0.0,0.0,-0.109306,0.081935,0.085298,0.24926,-0.180017,-0.078954,-0.853182,-0.197122,-0.670047,0.945807,-0.05757,-0.008216,-0.433631,-0.000396,0.2601,-0.605512,0.259102,0.000638,0.172826,-0.0,
0.357431,-0.968867,-0.036161,-0.0,-1.570796,0.0,0.630914,0.055618,0.145929,0.0,0.0,0.0,-0.108612,0.081733,0.084779,0.249886,-0.1811,-0.078788,-0.852944,-0.197196,-0.66977,0.942509,-0.058593,-0.008031,-0.433411,-0.000429,0.259963,-0.605073,0.258882,0.000691,0.172689,0.0,
0.358062,-0.968812,-0.036015,-0.0,-1.570796,0.0,0.630914,0.055618,0.145927,0.0,0.0,0.0,-0.107917,0.08153,0.08426,0.250512,-0.182183,-0.078621,-0.852706,-0.197268,-0.669492,0.939211,-0.059615,-0.007846,-0.433192,-0.000462,0.259826,-0.604634,0.258662,0.000744,0.172551,0.0,
0.358693,-0.968756,-0.035869,-0.0,-1.570796,0.0,0.630838,0.055618,0.14591,0.0,0.0,0.0,-0.107222,0.081328,0.083742,0.251137,-0.183266,-0.078454,-0.852467,-0.197341,-0.669215,0.935913,-0.060637,-0.007661,-0.432973,-0.000495,0.25969,-0.604195,0.258443,0.000797,0.172413,0.0,
0.359324,-0.9687,-0.035723,-0.0,-1.570796,0.0,0.630914,0.055618,0.145927,0.0,0.0,0.0,-0.106527,0.081126,0.083223,0.251763,-0.18435,-0.078287,-0.852229,-0.197414,-0.668938,0.932615,-0.06166,-0.007476,-0.432753,-0.000528,0.259553,-0.603756,0.258223,0.00085,0.172275,0.0,
0.359955,-0.968645,-0.035577,-0.0,-1.570796,0.0,0.630914,0.055618,0.145929,0.0,0.0,0.0,-0.105833,0.080923,0.082704,0.252389,-0.185433,-0.078121,-0.851991,-0.197487,-0.668661,0.929317,-0.062682,-0.007291,-0.432534,-0.000561,0.259416,-0.603316,0.258003,0.000903,0.172137,0.0,
0.360585,-0.968589,-0.035431,-0.0,-1.570796,0.0,0.630838,0.055618,0.145908,0.0,0.0,0.0,-0.105138,0.080721,0.082185,0.253015,-0.186516,-0.077954,-0.851752,-0.19756,-0.668384,0.926019,-0.063705,-0.007107,-0.432314,-0.000594,0.25928,-0.602877,0.257783,0.000956,0.171999,0.0,
0.361216,-0.968534,-0.035285,-0.0,-1.570796,0.0,0.630914,0.055618,0.145927,0.0,0.0,0.0,-0.104443,0.080519,0.081667,0.25364,-0.1876,-0.077787,-0.851514,-0.197633,-0.668106,0.922721,-0.064727,-0.006922,-0.432095,-0.000627,0.259143,-0.602438,0.257564,0.001009,0.171861,0.0,
0.361847,-0.968478,-0.035139,-0.0,-1.570796,0.0,0.630838,0.055618,0.14591,0.0,0.0,0.0,-0.103749,0.080316,0.081148,0.254266,-0.188683,-0.07762,-0.851275,-0.197706,-0.667829,0.919423,-0.065749,-0.006737,-0.431876,-0.00066,0.259006,-0.601999,0.257344,0.001063,0.171724,0.0,
0.362478,-0.968422,-0.034993,-0.0,-1.570796,0.0,0.630914,0.055618,0.145927,0.0,0.0,0.0,-0.103054,0.080114,0.080629,0.254892,-0.189766,-0.077454,-0.851037,-0.197779,-0.667552,0.916125,-0.066772,-0.006552,-0.431656,-0.000692,0.25887,-0.60156,0.257124,0.001116,0.171586,0.0,
0.363109,-0.968367,-0.034847,-0.0,-1.570796,0.0,0.630952,0.055618,0.145929,0.0,0.0,0.0,-0.102359,0.079911,0.080111,0.255518,-0.190849,-0.077287,-0.850799,-0.197852,-0.667275,0.912827,-0.067794,-0.006367,-0.431437,-0.000725,0.258733,-0.601121,0.256904,0.001169,0.171448,0.0,
0.36374,-0.968311,-0.034701,-0.0,-1.570796,0.0,0.630914,0.055542,0.145927,0.0,0.0,0.0,-0.101664,0.079709,0.079592,0.256144,-0.191933,-0.07712,-0.85056,-0.197925,-0.666998,0.909529,-0.068816,-0.006182,-0.431218,-0.000758,0.258596,-0.600681,0.256685,0.001222,0.17131,0.0,
0.364371,-0.968256,-0.034555,-0.0,-1.570796,0.0,0.630914,0.055618,0.145929,0.0,0.0,0.0,-0.10097,0.079507,0.079073,0.256769,-0.193016,-0.076953,-0.850322,-0.197998,-0.66672,0.906231,-0.069839,-0.005997,-0.430998,-0.000791,0.25846,-0.600242,0.256465,0.001275,0.171172,0.0,
0.365002,-0.9682,-0.034409,-0.0,-1.570796,0.0,0.630838,0.055618,0.145908,0.0,0.0,0.0,-0.100275,0.079304,0.078555,0.257395,-0.194099,-0.076786,-0.850084,-0.198071,-0.666443,0.902934,-0.070861,-0.005812,-0.430779,-0.000824,0.258323,-0.599803,0.256245,0.001328,0.171034,0.0,
0.365633,-0.968144,-0.034264,-0.0,-1.570796,0.0,0.630914,0.055618,0.145929,0.0,0.0,0.0,-0.09958,0.079102,0.078036,0.258021,-0.195182,-0.07662,-0.849845,-0.198144,-0.666166,0.899637,-0.071883,-0.005627,-0.43056,-0.000857,0.258186,-0.599364,0.256026,0.001381,0.170897,0.0,
0.366263,-0.968089,-0.034118,-0.0,-1.570796,0.0,0.630914,0.055618,0.145927,0.0,0.0,0.0,-0.098885,0.0789,0.077517,0.258646,-0.196266,-0.076453,-0.849607,-0.198217,-0.665889,0.89634,-0.072906,-0.005442,-0.43034,-0.00089,0.25805,-0.598925,0.255806,0.001434,0.170759,0.0,
0.366894,-0.968033,-0.033972,-0.0,-1.570796,0.0,0.630838,0.055618,0.145908,0.0,0.0,0.0,-0.098191,0.078697,0.076999,0.259272,-0.197349,-0.076286,-0.849369,-0.19829,-0.665611,0.893043,-0.073928,-0.005257,-0.430121,-0.000923,0.257913,-0.598485,0.255586,0.001487,0.170621,-0.0,
0.367525,-0.967978,-0.033826,-0.0,-1.570796,0.0,0.630914,0.055618,0.145929,0.0,0.0,0.0,-0.097496,0.078495,0.07648,0.259898,-0.198432,-0.076119,-0.84913,-0.198363,-0.665334,0.889746,-0.07495,-0.005072,-0.429901,-0.000956,0.257776,-0.598046,0.255366,0.001541,0.170483,0.0,
0.368156,-0.967922,-0.03368,-0.0,-1.570796,0.0,0.630914,0.055618,0.145927,0.0,0.0,0.0,-0.096801,0.078293,0.075961,0.260524,-0.199515,-0.075953,-0.848892,-0.198436,-0.665057,0.886449,-0.075972,-0.004887,-0.429682,-0.000989,0.25764,-0.597607,0.255147,0.001594,0.170345,0.0,
0.368787,-0.967866,-0.033534,-0.0,-1.570796,0.0,0.630838,0.055618,0.14591,0.0,0.0,0.0,-0.096107,0.07809,0.075443,0.261149,-0.200598,-0.075786,-0.848653,-0.198509,-0.66478,0.883153,-0.076995,-0.004702,-0.429463,-0.001022,0.257503,-0.597168,0.254927,0.001647,0.170207,0.0,
0.369418,-0.967811,-0.033388,-0.0,-1.570796,0.0,0.630914,0.055618,0.145927,0.0,0.0,0.0,-0.095412,0.077888,0.074924,0.261775,-0.201681,-0.075619,-0.848415,-0.198582,-0.664502,0.879857,-0.078017,-0.004517,-0.429243,-0.001055,0.257367,-0.596729,0.254707,0.0017,0.170069,0.0,
0.370049,-0.967755,-0.033242,-0.0,-1.570796,0.0,0.630838,0.055618,0.14591,0.0,0.0,0.0,-0.094717,0.077686,0.074405,0.262401,-0.202765,-0.075452,-0.848177,-0.198655,-0.664225,0.876562,-0.079039,-0.004332,-0.429024,-0.001088,0.25723,-0.596289,0.254487,0.001753,0.169932,0.0,
0.370713,-0.967676,-0.033066,-0.0,-1.570796,0.0,0.664712,0.078659,0.175646,0.0,0.0,0.0,-0.094072,0.077456,0.073923,0.263191,-0.203978,-0.075252,-0.847565,-0.198555,-0.663659,0.873019,-0.080038,-0.004104,-0.428582,-0.001153,0.256953,-0.595427,0.254044,0.001853,0.169656,-0.000021,
0.371394,-0.967587,-0.032877,-0.0,-1.570796,0.0,0.68081,0.089722,0.189793,0.0,0.0,0.0,-0.093451,0.077212,0.073457,0.26406,-0.205253,-0.075036,-0.846774,-0.198371,-0.662956,0.869359,-0.081027,-0.003855,-0.428033,-0.001234,0.25661,-0.594363,0.253494,0.001976,0.169314,-0.000052,
0.372075,-0.967497,-0.032687,-0.0,-1.570796,0.0,0.68081,0.089646,0.189796,0.0,0.0,0.0,-0.09283,0.076969,0.072992,0.264929,-0.206528,-0.07482,-0.845984,-0.198188,-0.662252,0.865698,-0.082015,-0.003606,-0.427484,-0.001314,0.256267,-0.593299,0.252944,0.002099,0.168972,-0.000083,
0.372756,-0.967407,-0.032497,-0.0,-1.570796,0.0,0.680734,0.089646,0.189772,0.0,0.0,0.0,-0.092208,0.076726,0.072527,0.265798,-0.207803,-0.074603,-0.845194,-0.198004,-0.661548,0.862037,-0.083003,-0.003357,-0.426936,-0.001395,0.255923,-0.592235,0.252395,0.002221,0.16863,-0.000114,
0.373437,-0.967318,-0.032307,-0.0,-1.570796,0.0,0.68081,0.089722,0.189796,0.0,0.0,0.0,-0.091587,0.076483,0.072061,0.266667,-0.209079,-0.074387,-0.844404,-0.19782,-0.660845,0.858376,-0.083991,-0.003108,-0.426387,-0.001476,0.25558,-0.59117,0.251845,0.002344,0.168289,-0.000146,
0.374117,-0.967228,-0.032117,-0.0,-1.570796,0.0,0.68081,0.089646,0.189793,0.0,0.0,0.0,-0.090965,0.076239,0.071596,0.267536,-0.210354,-0.074171,-0.843613,-0.197637,-0.660141,0.854714,-0.084979,-0.002859,-0.425839,-0.001556,0.255237,-0.590106,0.251295,0.002467,0.167947,-0.000177,
0.374798,-0.967138,-0.031928,-0.0,-1.570796,0.0,0.68081,0.089722,0.189796,0.0,0.0,0.0,-0.090344,0.075996,0.07113,0.268405,-0.211629,-0.073955,-0.842823,-0.197453,-0.659437,0.851052,-0.085967,-0.00261,-0.42529,-0.001637,0.254893,-0.589042,0.250745,0.002589,0.167605,-0.000208,
0.375479,-0.967049,-0.031738,-0.0,-1.570796,0.0,0.680734,0.089646,0.189772,0.0,0.0,0.0,-0.089723,0.075753,0.070665,0.269274,-0.212904,-0.073739,-0.842033,-0.19727,-0.658734,0.84739,-0.086955,-0.002361,-0.424742,-0.001717,0.25455,-0.587978,0.250195,0.002712,0.167263,-0.000239,
0.37616,-0.966959,-0.031548,-0.0,-1.570796,0.0,0.68081,0.089646,0.189796,0.0,0.0,0.0,-0.089101,0.07551,0.0702,0.270143,-0.214179,-0.073522,-0.841242,-0.197086,-0.65803,0.843728,-0.087944,-0.002112,-0.424193,-0.001798,0.254207,-0.586914,0.249645,0.002835,0.166922,-0.00027,
0.376841,-0.966869,-0.031358,-0.0,-1.570796,0.0,0.68081,0.089722,0.189796,0.0,0.0,0.0,-0.08848,0.075266,0.069734,0.271012,-0.215455,-0.073306,-0.840452,-0.196903,-0.657326,0.840065,-0.088932,-0.001862,-0.423644,-0.001878,0.253863,-0.585849,0.249096,0.002957,0.16658,-0.000301,
0.377521,-0.96678,-0.031169,-0.0,-1.570796,0.0,0.680696,0.089646,0.18977,0.0,0.0,0.0,-0.087859,0.075023,0.069269,0.271881,-0.21673,-0.07309,-0.839662,-0.196719,-0.656623,0.836403,-0.08992,-0.001613,-0.423096,-0.001959,0.25352,-0.584785,0.248546,0.00308,0.166238,-0.000332,
0.378202,-0.96669,-0.030979,-0.0,-1.570796,0.0,0.68081,0.089646,0.189796,0.0,0.0,0.0,-0.087237,0.07478,0.068804,0.27275,-0.218005,-0.072874,-0.838872,-0.196536,-0.655919,0.83274,-0.090908,-0.001364,-0.422547,-0.00204,0.253177,-0.583721,0.247996,0.003203,0.165896,-0.000364,
0.378883,-0.9666,-0.030789,-0.0,-1.570796,0.0,0.680734,0.089722,0.189772,0.0,0.0,0.0,-0.086616,0.074537,0.068338,0.273619,-0.21928,-0.072657,-0.838081,-0.196352,-0.655215,0.829077,-0.091896,-0.001115,-0.421999,-0.00212,0.252833,-0.582657,0.247446,0.003325,0.165555,-0.000395,
0.379564,-0.966511,-0.030599,-0.0,-1.570796,0.0,0.68081,0.089646,0.189796,0.0,0.0,0.0,-0.085994,0.074293,0.067873,0.274488,-0.220556,-0.072441,-0.837291,-0.196169,-0.654512,0.825414,-0.092884,-0.000866,-0.42145,-0.002201,0.25249,-0.581593,0.246896,0.003448,0.165213,-0.000426,
0.380244,-0.966421,-0.030409,-0.0,-1.570796,0.0,0.68081,0.089646,0.189796,0.0,0.0,0.0,-0.085373,0.07405,0.067407,0.275357,-0.221831,-0.072225,-0.836501,-0.195985,-0.653808,0.821751,-0.093873,-0.000617,-0.420901,-0.002281,0.252147,-0.580528,0.246346,0.003571,0.164871,-0.000457,
0.380925,-0.966331,-0.03022,-0.0,-1.570796,0.0,0.680734,0.089722,0.18977,0.0,0.0,0.0,-0.084752,0.073807,0.066942,0.276226,-0.223106,-0.072009,-0.835711,-0.195802,-0.653104,0.818088,-0.094861,-0.000368,-0.420353,-0.002362,0.251804,-0.579464,0.245797,0.003694,0.164529,-0.000488,
0.381606,-0.966242,-0.03003,-0.0,-1.570796,0.0,0.68081,0.089646,0.189796,0.0,0.0,0.0,-0.08413,0.073564,0.066477,0.277095,-0.224382,-0.071793,-0.83492,-0.195618,-0.652401,0.814424,-0.095849,-0.000119,-0.419804,-0.002442,0.25146,-0.5784,0.245247,0.003816,0.164188,-0.000519,
0.382287,-0.966152,-0.02984,-0.0,-1.570796,0.0,0.68081,0.089722,0.189796,0.0,0.0,0.0,-0.083509,0.073321,0.066011,0.277964,-0.225657,-0.071576,-0.83413,-0.195434,-0.651697,0.810761,-0.096837,0.00013,-0.419256,-0.002523,0.251117,-0.577336,0.244697,0.003939,0.163846,-0.00055,
0.382968,-0.966062,-0.02965,-0.0,-1.570796,0.0,0.68081,0.089646,0.189796,0.0,0.0,0.0,-0.082888,0.073077,0.065546,0.278833,-0.226932,-0.07136,-0.83334,-0.195251,-0.650993,0.807098,-0.097825,0.000379,-0.418707,-0.002604,0.250774,-0.576271,0.244147,0.004062,0.163504,-0.000581,
0.383648,-0.965973,-0.02946,-0.0,-1.570796,0.0,0.68081,0.089646,0.189796,0.0,0.0,0.0,-0.082266,0.072834,0.06508,0.279703,-0.228207,-0.071144,-0.832549,-0.195067,-0.650289,0.803434,-0.098814,0.000628,-0.418158,-0.002684,0.25043,-0.575207,0.243597,0.004184,0.163162,-0.000613,
0.384329,-0.965883,-0.029271,-0.0,-1.570796,0.0,0.680734,0.089722,0.18977,0.0,0.0,0.0,-0.081645,0.072591,0.064615,0.280571,-0.229483,-0.070928,-0.831759,-0.194884,-0.649586,0.799772,-0.099802,0.000877,-0.41761,-0.002765,0.250087,-0.574143,0.243047,0.004307,0.162821,-0.000644,
0.38501,-0.965793,-0.029081,-0.0,-1.570796,0.0,0.68081,0.089646,0.189796,0.0,0.0,0.0,-0.081023,0.072348,0.06415,0.28144,-0.230758,-0.070711,-0.830969,-0.1947,-0.648882,0.796109,-0.10079,0.001126,-0.417061,-0.002845,0.249744,-0.573079,0.242498,0.00443,0.162479,-0.000675,
0.385691,-0.965704,-0.028891,-0.0,-1.570796,0.0,0.68081,0.089646,0.189796,0.0,0.0,0.0,-0.080402,0.072104,0.063684,0.28231,-0.232033,-0.070495,-0.830179,-0.194517,-0.648178,0.792446,-0.101778,0.001375,-0.416513,-0.002926,0.2494,-0.572015,0.241948,0.004552,0.162137,-0.000706,
0.386371,-0.965614,-0.028701,-0.0,-1.570796,0.0,0.680734,0.089722,0.189772,0.0,0.0,0.0,-0.079781,0.071861,0.063219,0.283178,-0.233308,-0.070279,-0.829388,-0.194333,-0.647475,0.788783,-0.102766,0.001624,-0.415964,-0.003006,0.249057,-0.57095,0.241398,0.004675,0.161795,-0.000737,
0.387052,-0.965524,-0.028512,-0.0,-1.570796,0.0,0.68081,0.089646,0.189793,0.0,0.0,0.0,-0.079159,0.071618,0.062754,0.284047,-0.234584,-0.070063,-0.828598,-0.19415,-0.646771,0.785121,-0.103754,0.001873,-0.415416,-0.003087,0.248714,-0.569886,0.240848,0.004798,0.161453,-0.000768,
0.387733,-0.965435,-0.028322,-0.0,-1.570796,0.0,0.680696,0.089646,0.189772,0.0,0.0,0.0,-0.078538,0.071375,0.062288,0.284916,-0.235859,-0.069847,-0.827808,-0.193966,-0.646068,0.781459,-0.104743,0.002122,-0.414867,-0.003168,0.24837,-0.568822,0.240298,0.00492,0.161112,-0.000799,
0.388414,-0.965345,-0.028132,-0.0,-1.570796,0.0,0.68081,0.089722,0.189796,0.0,0.0,0.0,-0.077917,0.071131,0.061823,0.285785,-0.237134,-0.06963,-0.827017,-0.193783,-0.645364,0.777796,-0.105731,0.002371,-0.414318,-0.003248,0.248027,-0.567758,0.239748,0.005043,0.16077,-0.00083,
0.389095,-0.965255,-0.027942,-0.0,-1.570796,0.0,0.68081,0.089646,0.189796,0.0,0.0,0.0,-0.077295,0.070888,0.061357,0.286654,-0.238409,-0.069414,-0.826227,-0.193599,-0.64466,0.774134,-0.106719,0.00262,-0.41377,-0.003329,0.247684,-0.566694,0.239199,0.005166,0.160428,-0.000862,
0.389775,-0.965166,-0.027752,-0.0,-1.570796,0.0,0.680734,0.089646,0.18977,0.0,0.0,0.0,-0.076674,0.070645,0.060892,0.287523,-0.239684,-0.069198,-0.825437,-0.193415,-0.643956,0.770473,-0.107707,0.002869,-0.413221,-0.003409,0.24734,-0.56563,0.238649,0.005289,0.160087,-0.000893,
0.390456,-0.965076,-0.027563,-0.0,-1.570796,0.0,0.68081,0.089722,0.189796,0.0,0.0,0.0,-0.076053,0.070402,0.060427,0.288392,-0.24096,-0.068982,-0.824647,-0.193232,-0.643253,0.766812,-0.108695,0.003118,-0.412673,-0.00349,0.246997,-0.564565,0.238099,0.005411,0.159745,-0.000924,
0.391137,-0.964986,-0.027373,-0.0,-1.570796,0.0,0.68081,0.089646,0.189796,0.0,0.0,0.0,-0.075431,0.070158,0.059961,0.289261,-0.242235,-0.068765,-0.823856,-0.193048,-0.642549,0.76315,-0.109683,0.003367,-0.412124,-0.00357,0.246654,-0.563501,0.237549,0.005534,0.159403,-0.000955,
0.391818,-0.964896,-0.027183,-0.0,-1.570796,0.0,0.68081,0.089722,0.189796,0.0,0.0,0.0,-0.07481,0.069915,0.059496,0.29013,-0.24351,-0.068549,-0.823066,-0.192865,-0.641845,0.75949,-0.110672,0.003616,-0.411575,-0.003651,0.24631,-0.562437,0.236999,0.005657,0.159061,-0.000986,
0.392499,-0.964807,-0.026993,-0.0,-1.570796,0.0,0.68081,0.089646,0.189796,0.0,0.0,0.0,-0.074188,0.069672,0.05903,0.290999,-0.244785,-0.068333,-0.822276,-0.192681,-0.641142,0.755829,-0.11166,0.003866,-0.411027,-0.003732,0.245967,-0.561373,0.236449,0.005779,0.158719,-0.001017,
0.393201,-0.964701,-0.026793,-0.0,-1.570796,0.0,0.702211,0.105591,0.200634,0.0,0.0,0.0,-0.073568,0.069419,0.058563,0.291935,-0.246125,-0.068104,-0.821327,-0.192437,-0.640318,0.752184,-0.112559,0.004127,-0.410363,-0.003826,0.245552,-0.560115,0.235785,0.005921,0.158305,-0.001061,
0.393944,-0.964565,-0.026571,-0.0,-1.570796,0.0,0.742952,0.135727,0.221224,0.0,0.0,0.0,-0.07295,0.069146,0.058093,0.292997,-0.247587,-0.067851,-0.820076,-0.192077,-0.639265,0.748563,-0.113291,0.00441,-0.409479,-0.003947,0.245001,-0.55849,0.234905,0.006099,0.157752,-0.001129,
0.394687,-0.96443,-0.02635,-0.0,-1.570796,0.0,0.742952,0.135727,0.221222,0.0,0.0,0.0,-0.072332,0.068874,0.057622,0.294059,-0.249048,-0.067598,-0.818826,-0.191717,-0.638213,0.744943,-0.114023,0.004694,-0.408596,-0.004068,0.244449,-0.556865,0.234024,0.006276,0.157199,-0.001197,
0.39543,-0.964294,-0.026129,-0.0,-1.570796,0.0,0.742875,0.135727,0.221193,0.0,0.0,0.0,-0.071715,0.068602,0.057151,0.295121,-0.25051,-0.067346,-0.817575,-0.191357,-0.637161,0.741323,-0.114755,0.004978,-0.407712,-0.004189,0.243898,-0.55524,0.233143,0.006454,0.156647,-0.001264,
0.396172,-0.964158,-0.025908,-0.0,-1.570796,0.0,0.742952,0.135727,0.221222,0.0,0.0,0.0,-0.071097,0.06833,0.05668,0.296183,-0.251972,-0.067093,-0.816325,-0.190997,-0.636108,0.737702,-0.115487,0.005262,-0.406829,-0.00431,0.243346,-0.553615,0.232262,0.006631,0.156094,-0.001332,
0.396915,-0.964023,-0.025687,-0.0,-1.570796,0.0,0.742837,0.135727,0.221196,0.0,0.0,0.0,-0.070479,0.068058,0.056209,0.297245,-0.253433,-0.06684,-0.815074,-0.190638,-0.635056,0.734081,-0.116219,0.005546,-0.405946,-0.00443,0.242795,-0.55199,0.231382,0.006809,0.155541,-0.0014,
0.397658,-0.963887,-0.025465,-0.0,-1.570796,0.0,0.742952,0.135727,0.221222,0.0,0.0,0.0,-0.069861,0.067786,0.055739,0.298307,-0.254895,-0.066587,-0.813824,-0.190278,-0.634004,0.730459,-0.116952,0.00583,-0.405062,-0.004551,0.242244,-0.550365,0.230501,0.006987,0.154988,-0.001468,
0.398401,-0.963751,-0.025244,-0.0,-1.570796,0.0,0.74299,0.135727,0.221222,0.0,0.0,0.0,-0.069243,0.067513,0.055268,0.299369,-0.256357,-0.066334,-0.812573,-0.189918,-0.632951,0.726837,-0.117684,0.006113,-0.404179,-0.004672,0.241692,-0.54874,0.22962,0.007164,0.154436,-0.001535,
0.399144,-0.963615,-0.025023,-0.0,-1.570796,0.0,0.742837,0.135727,0.221193,0.0,0.0,0.0,-0.068625,0.067241,0.054797,0.30043,-0.257819,-0.066081,-0.811323,-0.189558,-0.631899,0.723215,-0.118416,0.006397,-0.403295,-0.004793,0.241141,-0.547115,0.22874,0.007342,0.153883,-0.001603,
0.399887,-0.96348,-0.024802,-0.0,-1.570796,0.0,0.742952,0.135727,0.221224,0.0,0.0,0.0,-0.068007,0.066969,0.054326,0.301493,-0.259281,-0.065829,-0.810072,-0.189198,-0.630847,0.719593,-0.119148,0.006681,-0.402412,-0.004914,0.24059,-0.54549,0.227859,0.00752,0.15333,-0.001671,
0.40063,-0.963344,-0.02458,-0.0,-1.570796,0.0,0.742952,0.135727,0.221222,0.0,0.0,0.0,-0.067389,0.066697,0.053856,0.302555,-0.260743,-0.065576,-0.808822,-0.188838,-0.629794,0.71597,-0.11988,0.006965,-0.401528,-0.005035,0.240038,-0.543865,0.226978,0.007697,0.152777,-0.001739,
0.401373,-0.963208,-0.024359,-0.0,-1.570796,0.0,0.742875,0.135727,0.221193,0.0,0.0,0.0,-0.066772,0.066425,0.053385,0.303616,-0.262204,-0.065323,-0.807571,-0.188478,-0.628742,0.712348,-0.120612,0.007249,-0.400645,-0.005156,0.239487,-0.54224,0.226098,0.007875,0.152225,-0.001806,
0.402116,-0.963072,-0.024138,-0.0,-1.570796,0.0,0.743028,0.135727,0.22125,0.0,0.0,0.0,-0.066154,0.066152,0.052914,0.304679,-0.263666,-0.06507,-0.80632,-0.188119,-0.627689,0.708725,-0.121344,0.007533,-0.399762,-0.005276,0.238935,-0.540615,0.225217,0.008053,0.151672,-0.001874,
0.402859,-0.962937,-0.023917,-0.0,-1.570796,0.0,0.742875,0.135727,0.221193,0.0,0.0,0.0,-0.065536,0.06588,0.052443,0.30574,-0.265128,-0.064817,-0.80507,-0.187759,-0.626637,0.705102,-0.122076,0.007816,-0.398878,-0.005397,0.238384,-0.53899,0.224336,0.00823,0.151119,-0.001942,
0.403602,-0.962801,-0.023696,-0.0,-1.570796,0.0,0.742952,0.135727,0.221224,0.0,0.0,0.0,-0.064918,0.065608,0.051972,0.306802,-0.26659,-0.064564,-0.803819,-0.187399,-0.625585,0.701479,-0.122808,0.0081,-0.397995,-0.005518,0.237833,-0.537364,0.223455,0.008408,0.150567,-0.00201,
0.404345,-0.962665,-0.023474,-0.0,-1.570796,0.0,0.742952,0.135803,0.221222,0.0,0.0,0.0,-0.0643,0.065336,0.051502,0.307865,-0.268052,-0.064312,-0.802569,-0.187039,-0.624532,0.697856,-0.12354,0.008384,-0.397111,-0.005639,0.237281,-0.535739,0.222575,0.008585,0.150014,-0.002077,
0.405088,-0.96253,-0.023253,-0.0,-1.570796,0.0,0.742875,0.135651,0.221193,0.0,0.0,0.0,-0.063682,0.065064,0.051031,0.308926,-0.269514,-0.064059,-0.801318,-0.186679,-0.62348,0.694234,-0.124272,0.008668,-0.396228,-0.00576,0.23673,-0.534114,0.221694,0.008763,0.149461,-0.002145,
0.405831,-0.962394,-0.023032,-0.0,-1.570796,0.0,0.742952,0.135803,0.221222,0.0,0.0,0.0,-0.063064,0.064792,0.05056,0.309988,-0.270976,-0.063806,-0.800068,-0.186319,-0.622428,0.690611,-0.125004,0.008952,-0.395344,-0.005881,0.236178,-0.532489,0.220813,0.008941,0.148908,-0.002213,
0.406573,-0.962258,-0.022811,-0.0,-1.570796,0.0,0.742837,0.135651,0.221196,0.0,0.0,0.0,-0.062446,0.064519,0.050089,0.31105,-0.272438,-0.063553,-0.798817,-0.18596,-0.621375,0.686988,-0.125736,0.009236,-0.394461,-0.006002,0.235627,-0.530864,0.219933,0.009118,0.148356,-0.002281,
0.407316,-0.962122,-0.02259,-0.0,-1.570796,0.0,0.742952,0.135727,0.221222,0.0,0.0,0.0,-0.061828,0.064247,0.049619,0.312112,-0.2739,-0.0633,-0.797566,-0.1856,-0.620323,0.683365,-0.126469,0.00952,-0.393578,-0.006122,0.235076,-0.529239,0.219052,0.009296,0.147803,-0.002348,
0.408059,-0.961987,-0.022368,-0.0,-1.570796,0.0,0.742952,0.135803,0.221222,0.0,0.0,0.0,-0.061211,0.063975,0.049148,0.313174,-0.275361,-0.063047,-0.796316,-0.18524,-0.619271,0.679742,-0.127201,0.009803,-0.392694,-0.006243,0.234524,-0.527614,0.218171,0.009474,0.14725,-0.002416,
0.408802,-0.961851,-0.022147,-0.0,-1.570796,0.0,0.742875,0.135651,0.221193,0.0,0.0,0.0,-0.060593,0.063703,0.048677,0.314236,-0.276823,-0.062795,-0.795065,-0.18488,-0.618218,0.676119,-0.127933,0.010087,-0.391811,-0.006364,0.233973,-0.525989,0.21729,0.009651,0.146697,-0.002484,
0.409545,-0.961715,-0.021926,-0.0,-1.570796,0.0,0.742952,0.135803,0.221224,0.0,0.0,0.0,-0.059975,0.063431,0.048206,0.315298,-0.278285,-0.062542,-0.793815,-0.18452,-0.617166,0.672497,-0.128665,0.010371,-0.390927,-0.006485,0.233422,-0.524363,0.21641,0.009829,0.146145,-0.002552,
0.410288,-0.96158,-0.021705,-0.0,-1.570796,0.0,0.742875,0.135651,0.221193,0.0,0.0,0.0,-0.059357,0.063159,0.047736,0.31636,-0.279747,-0.062289,-0.792564,-0.18416,-0.616114,0.668875,-0.129397,0.010655,-0.390044,-0.006606,0.23287,-0.522738,0.215529,0.010006,0.145592,-0.002619,
0.411031,-0.961444,-0.021483,-0.0,-1.570796,0.0,0.742952,0.135727,0.221222,0.0,0.0,0.0,-0.058739,0.062886,0.047265,0.317422,-0.281209,-0.062036,-0.791314,-0.183801,-0.615061,0.665252,-0.130129,0.010939,-0.38916,-0.006727,0.232319,-0.521113,0.214648,0.010184,0.145039,-0.002687,
0.411774,-0.961308,-0.021262,-0.0,-1.570796,0.0,0.742952,0.135803,0.221222,0.0,0.0,0.0,-0.058121,0.062614,0.046794,0.318484,-0.282671,-0.061783,-0.790063,-0.183441,-0.614009,0.66163,-0.130861,0.011223,-0.388277,-0.006848,0.231767,-0.519488,0.213767,0.010362,0.144486,-0.002755,
0.412517,-0.961172,-0.021041,-0.0,-1.570796,0.0,0.742952,0.135727,0.221224,0.0,0.0,0.0,-0.057503,0.062342,0.046323,0.319546,-0.284132,-0.06153,-0.788813,-0.183081,-0.612956,0.658008,-0.131593,0.011506,-0.387394,-0.006968,0.231216,-0.517863,0.212887,0.010539,0.143934,-0.002823,
0.41326,-0.961037,-0.02082,-0.0,-1.570796,0.0,0.742952,0.135727,0.221222,0.0,0.0,0.0,-0.056885,0.06207,0.045852,0.320608,-0.285594,-0.061278,-0.787562,-0.182721,-0.611904,0.654386,-0.132325,0.01179,-0.38651,-0.007089,0.230665,-0.516238,0.212006,0.010717,0.143381,-0.00289,
0.414003,-0.960901,-0.020599,-0.0,-1.570796,0.0,0.742952,0.135727,0.221222,0.0,0.0,0.0,-0.056267,0.061798,0.045382,0.32167,-0.287056,-0.061025,-0.786311,-0.182361,-0.610852,0.650764,-0.133057,0.012074,-0.385627,-0.00721,0.230113,-0.514613,0.211125,0.010895,0.142828,-0.002958,
0.414746,-0.960765,-0.020377,-0.0,-1.570796,0.0,0.742875,0.135727,0.221193,0.0,0.0,0.0,-0.05565,0.061525,0.044911,0.322732,-0.288518,-0.060772,-0.785061,-0.182001,-0.609799,0.647143,-0.133789,0.012358,-0.384743,-0.007331,0.229562,-0.512988,0.210245,0.011072,0.142276,-0.003026,
0.415489,-0.960629,-0.020156,-0.0,-1.570796,0.0,0.742952,0.135727,0.221222,0.0,0.0,0.0,-0.055032,0.061253,0.04444,0.323794,-0.28998,-0.060519,-0.783811,-0.181641,-0.608747,0.643522,-0.134521,0.012642,-0.38386,-0.007452,0.22901,-0.511363,0.209364,0.01125,0.141723,-0.003094,
0.416231,-0.960494,-0.019935,-0.0,-1.570796,0.0,0.742837,0.135727,0.221196,0.0,0.0,0.0,-0.054414,0.060981,0.043969,0.324856,-0.291441,-0.060266,-0.78256,-0.181282,-0.607695,0.639902,-0.135253,0.012926,-0.382977,-0.007573,0.228459,-0.509738,0.208483,0.011427,0.14117,-0.003161,
0.416974,-0.960358,-0.019714,-0.0,-1.570796,0.0,0.742952,0.135727,0.221222,0.0,0.0,0.0,-0.053796,0.060709,0.043499,0.325918,-0.292903,-0.060013,-0.78131,-0.180922,-0.606643,0.636282,-0.135985,0.013209,-0.382093,-0.007694,0.227908,-0.508113,0.207603,0.011605,0.140617,-0.003229,
0.417718,-0.960221,-0.019492,-0.0,-1.570796,0.0,0.743791,0.136566,0.221378,0.0,0.0,0.0,-0.053179,0.060437,0.043028,0.326983,-0.294368,-0.05976,-0.780059,-0.180563,-0.605591,0.632674,-0.136714,0.013493,-0.381206,-0.007815,0.227354,-0.506483,0.206718,0.011783,0.140062,-0.003298,
0.418521,-0.960024,-0.01926,-0.0,-1.570796,0.0,0.80311,0.197373,0.232314,0.0,0.0,0.0,-0.052611,0.060154,0.042566,0.328311,-0.296054,-0.059491,-0.778789,-0.180274,-0.604582,0.629939,-0.137215,0.013772,-0.380061,-0.007961,0.226638,-0.504489,0.205572,0.011983,0.139347,-0.00342,
0.419324,-0.959827,-0.019028,-0.0,-1.570796,0.0,0.803186,0.197373,0.232344,0.0,0.0,0.0,-0.052043,0.059871,0.042105,0.329639,-0.29774,-0.059222,-0.77752,-0.179984,-0.603574,0.627204,-0.137717,0.01405,-0.378916,-0.008108,0.225921,-0.502494,0.204426,0.012182,0.138631,-0.003543,
0.420127,-0.959629,-0.018795,-0.0,-1.570796,0.0,0.803071,0.197373,0.232314,0.0,0.0,0.0,-0.051476,0.059588,0.041643,0.330966,-0.299427,-0.058953,-0.77625,-0.179695,-0.602566,0.624469,-0.138218,0.014328,-0.377772,-0.008254,0.225205,-0.5005,0.203281,0.012382,0.137916,-0.003666,
0.420931,-0.959432,-0.018563,-0.0,-1.570796,0.0,0.803186,0.197373,0.232344,0.0,0.0,0.0,-0.050908,0.059305,0.041182,0.332294,-0.301113,-0.058683,-0.77498,-0.179406,-0.601557,0.621734,-0.138719,0.014607,-0.376627,-0.008401,0.224488,-0.498505,0.202135,0.012581,0.1372,-0.003788,
0.421734,-0.959234,-0.018331,-0.0,-1.570796,0.0,0.803186,0.197373,0.232343,0.0,0.0,0.0,-0.05034,0.059022,0.04072,0.333621,-0.302799,-0.058414,-0.77371,-0.179116,-0.600549,0.618998,-0.13922,0.014885,-0.375482,-0.008547,0.223772,-0.49651,0.200989,0.012781,0.136484,-0.003911,
0.422537,-0.959037,-0.018098,-0.0,-1.570796,0.0,0.803224,0.197373,0.232344,0.0,0.0,0.0,-0.049772,0.058739,0.040259,0.334949,-0.304486,-0.058145,-0.772441,-0.178827,-0.59954,0.616262,-0.139722,0.015163,-0.374337,-0.008694,0.223055,-0.494515,0.199843,0.012981,0.135769,-0.004034,
0.42334,-0.95884,-0.017866,-0.0,-1.570796,0.0,0.803186,0.197373,0.232344,0.0,0.0,0.0,-0.049205,0.058456,0.039797,0.336277,-0.306173,-0.057875,-0.771171,-0.178538,-0.598532,0.613526,-0.140223,0.015442,-0.373192,-0.00884,0.222339,-0.49252,0.198697,0.01318,0.135053,-0.004157,
0.424143,-0.958642,-0.017634,-0.0,-1.570796,0.0,0.803186,0.197449,0.232344,0.0,0.0,0.0,-0.048637,0.058173,0.039336,0.337605,-0.307859,-0.057606,-0.769901,-0.178248,-0.597523,0.61079,-0.140724,0.01572,-0.372047,-0.008987,0.221622,-0.490525,0.197551,0.01338,0.134337,-0.004279,
0.424946,-0.958445,-0.017401,-0.0,-1.570796,0.0,0.803071,0.197296,0.232314,0.0,0.0,0.0,-0.048069,0.05789,0.038874,0.338932,-0.309545,-0.057337,-0.768631,-0.177959,-0.596515,0.608054,-0.141225,0.015998,-0.370902,-0.009133,0.220906,-0.48853,0.196405,0.013579,0.133622,-0.004402,
0.42575,-0.958248,-0.017169,-0.0,-1.570796,0.0,0.803186,0.197373,0.232344,0.0,0.0,0.0,-0.047501,0.057607,0.038413,0.34026,-0.311232,-0.057067,-0.767361,-0.17767,-0.595507,0.605318,-0.141727,0.016277,-0.369757,-0.00928,0.220189,-0.486535,0.195259,0.013779,0.132906,-0.004525,
0.426553,-0.95805,-0.016937,-0.0,-1.570796,0.0,0.80311,0.197373,0.232314,0.0,0.0,0.0,-0.046934,0.057324,0.037951,0.341587,-0.312918,-0.056798,-0.766092,-0.17738,-0.594498,0.602582,-0.142228,0.016555,-0.368612,-0.009426,0.219473,-0.48454,0.194114,0.013979,0.13219,-0.004647,
0.427356,-0.957853,-0.016704,-0.0,-1.570796,0.0,0.803186,0.197373,0.232344,0.0,0.0,0.0,-0.046366,0.057041,0.03749,0.342915,-0.314605,-0.056529,-0.764822,-0.177091,-0.59349,0.599846,-0.142729,0.016833,-0.367467,-0.009573,0.218756,-0.482545,0.192968,0.014178,0.131475,-0.00477,
0.428159,-0.957655,-0.016472,-0.0,-1.570796,0.0,0.803186,0.197373,0.232343,0.0,0.0,0.0,-0.045798,0.056758,0.037028,0.344243,-0.316292,-0.05626,-0.763552,-0.176802,-0.592481,0.597109,-0.14323,0.017112,-0.366322,-0.009719,0.21804,-0.48055,0.191822,0.014378,0.130759,-0.004893,
0.428962,-0.957458,-0.01624,-0.0,-1.570796,0.0,0.803071,0.197373,0.232314,0.0,0.0,0.0,-0.045231,0.056475,0.036567,0.345571,-0.317978,-0.05599,-0.762282,-0.176512,-0.591473,0.594373,-0.143732,0.01739,-0.365177,-0.009866,0.217323,-0.478555,0.190676,0.014577,0.130044,-0.005015,
0.429765,-0.957261,-0.016007,-0.0,-1.570796,0.0,0.803186,0.197373,0.232344,0.0,0.0,0.0,-0.044663,0.056192,0.036105,0.346898,-0.319665,-0.055721,-0.761012,-0.176223,-0.590464,0.591637,-0.144233,0.017668,-0.364032,-0.010012,0.216607,-0.47656,0.18953,0.014777,0.129328,-0.005138,
0.430568,-0.957063,-0.015775,-0.0,-1.570796,0.0,0.80311,0.197373,0.232314,0.0,0.0,0.0,-0.044095,0.055909,0.035643,0.348226,-0.321351,-0.055452,-0.759742,-0.175934,-0.589456,0.588901,-0.144734,0.017947,-0.362888,-0.010159,0.21589,-0.474565,0.188384,0.014977,0.128612,-0.005261,
0.431372,-0.956866,-0.015543,-0.0,-1.570796,0.0,0.803186,0.197373,0.232344,0.0,0.0,0.0,-0.043527,0.055626,0.035182,0.349554,-0.323038,-0.055182,-0.758473,-0.175644,-0.588447,0.586164,-0.145235,0.018225,-0.361743,-0.010305,0.215174,-0.47257,0.187238,0.015176,0.127897,-0.005383,
0.432175,-0.956669,-0.01531,-0.0,-1.570796,0.0,0.803186,0.197373,0.232344,0.0,0.0,0.0,-0.04296,0.055343,0.03472,0.350882,-0.324725,-0.054913,-0.757203,-0.175355,-0.587439,0.583428,-0.145737,0.018504,-0.360597,-0.010452,0.214457,-0.470574,0.186092,0.015376,0.127181,-0.005506,
0.432978,-0.956471,-0.015078,-0.0,-1.570796,0.0,0.803071,0.197373,0.232314,0.0,0.0,0.0,-0.042392,0.05506,0.034259,0.352209,-0.326411,-0.054644,-0.755933,-0.175066,-0.586431,0.580692,-0.146238,0.018782,-0.359453,-0.010598,0.213741,-0.46858,0.184946,0.015575,0.126465,-0.005629,
0.433781,-0.956274,-0.014846,-0.0,-1.570796,0.0,0.8033,0.197449,0.232373,0.0,0.0,0.0,-0.041824,0.054777,0.033797,0.353537,-0.328098,-0.054375,-0.754663,-0.174777,-0.585422,0.577955,-0.146739,0.01906,-0.358308,-0.010745,0.213024,-0.466584,0.1838,0.015775,0.12575,-0.005752,
0.434584,-0.956077,-0.014613,-0.0,-1.570796,0.0,0.803071,0.197296,0.232314,0.0,0.0,0.0,-0.041256,0.054494,0.033336,0.354865,-0.329784,-0.054105,-0.753393,-0.174487,-0.584414,0.575219,-0.14724,0.019339,-0.357163,-0.010891,0.212308,-0.464589,0.182654,0.015975,0.125034,-0.005874,
0.435387,-0.955879,-0.014381,-0.0,-1.570796,0.0,0.803186,0.197449,0.232344,0.0,0.0,0.0,-0.040689,0.054211,0.032874,0.356193,-0.331471,-0.053836,-0.752123,-0.174198,-0.583405,0.572483,-0.147741,0.019617,-0.356018,-0.011038,0.211591,-0.462594,0.181508,0.016174,0.124318,-0.005997,
0.436191,-0.955682,-0.014149,-0.0,-1.570796,0.0,0.803186,0.197373,0.232344,0.0,0.0,0.0,-0.040121,0.053928,0.032413,0.35752,-0.333158,-0.053567,-0.750853,-0.173909,-0.582397,0.569746,-0.148243,0.019895,-0.354873,-0.011184,0.210875,-0.460599,0.180362,0.016374,0.123603,-0.00612,
0.436994,-0.955484,-0.013916,-0.0,-1.570796,0.0,0.80311,0.197373,0.232314,0.0,0.0,0.0,-0.039553,0.053645,0.031951,0.358848,-0.334844,-0.053297,-0.749584,-0.173619,-0.581388,0.56701,-0.148744,0.020174,-0.353728,-0.011331,0.210158,-0.458604,0.179217,0.016574,0.122887,-0.006242,
0.437797,-0.955287,-0.013684,-0.0,-1.570796,0.0,0.803186,0.197373,0.232344,0.0,0.0,0.0,-0.038985,0.053362,0.03149,0.360176,-0.336531,-0.053028,-0.748314,-0.17333,-0.58038,0.564274,-0.149245,0.020452,-0.352583,-0.011477,0.209442,-0.456609,0.178071,0.016773,0.122171,-0.006365,
0.4386,-0.95509,-0.013452,-0.0,-1.570796,0.0,0.803186,0.197373,0.232344,0.0,0.0,0.0,-0.038418,0.053079,0.031028,0.361503,-0.338217,-0.052759,-0.747044,-0.173041,-0.579371,0.561538,-0.149746,0.02073,-0.351438,-0.011624,0.208725,-0.454614,0.176925,0.016973,0.121456,-0.006488,
0.439403,-0.954892,-0.013219,-0.0,-1.570796,0.0,0.803071,0.197373,0.232314,0.0,0.0,0.0,-0.03785,0.052796,0.030567,0.362831,-0.339904,-0.05249,-0.745774,-0.172751,-0.578363,0.558803,-0.150248,0.021009,-0.350293,-0.01177,0.208009,-0.452619,0.175779,0.017172,0.12074,-0.00661,
0.440206,-0.954695,-0.012987,-0.0,-1.570796,0.0,0.803186,0.197373,0.232344,0.0,0.0,0.0,-0.037282,0.052513,0.030105,0.364159,-0.34159,-0.05222,-0.744505,-0.172462,-0.577354,0.556067,-0.150749,0.021287,-0.349148,-0.011917,0.207292,-0.450624,0.174633,0.017372,0.120024,-0.006733,
0.44101,-0.954498,-0.012755,-0.0,-1.570796,0.0,0.80311,0.197296,0.232314,0.0,0.0,0.0,-0.036715,0.052231,0.029644,0.365486,-0.343276,-0.051951,-0.743235,-0.172173,-0.576346,0.553331,-0.15125,0.021565,-0.348003,-0.012063,0.206576,-0.44863,0.173487,0.017572,0.119309,-0.006856,
0.441813,-0.9543,-0.012522,-0.0,-1.570796,0.0,0.803186,0.197449,0.232343,0.0,0.0,0.0,-0.036147,0.051948,0.029182,0.366814,-0.344963,-0.051682,-0.741965,-0.171883,-0.575338,0.550596,-0.151751,0.021844,-0.346858,-0.01221,0.205859,-0.446635,0.172341,0.017771,0.118593,-0.006978,
0.442616,-0.954103,-0.01229,-0.0,-1.570796,0.0,0.803186,0.197373,0.232344,0.0,0.0,0.0,-0.035579,0.051665,0.02872,0.368142,-0.346649,-0.051412,-0.740695,-0.171594,-0.574329,0.54786,-0.152253,0.022122,-0.345713,-0.012356,0.205143,-0.44464,0.171195,0.017971,0.117878,-0.007101,
0.443419,-0.953905,-0.012058,-0.0,-1.570796,0.0,0.803071,0.197373,0.232314,0.0,0.0,0.0,-0.035011,0.051382,0.028259,0.369469,-0.348335,-0.051143,-0.739426,-0.171305,-0.573321,0.545125,-0.152754,0.0224,-0.344569,-0.012503,0.204426,-0.442646,0.17005,0.01817,0.117162,-0.007224,
0.444222,-0.953708,-0.011825,-0.0,-1.570796,0.0,0.803186,0.197373,0.232344,0.0,0.0,0.0,-0.034444,0.051099,0.027797,0.370797,-0.350022,-0.050874,-0.738156,-0.171016,-0.572312,0.54239,-0.153255,0.022679,-0.343424,-0.012649,0.20371,-0.440651,0.168904,0.01837,0.116446,-0.007346,
0.445062,-0.953497,-0.011598,-0.0,-1.570796,0.0,0.83996,0.211182,0.227487,0.0,0.0,0.0,-0.033597,0.050822,0.027097,0.371886,-0.351631,-0.050605,-0.73712,-0.170861,-0.571515,0.540722,-0.153567,0.022946,-0.342129,-0.012803,0.202901,-0.438506,0.167609,0.018567,0.115637,-0.00752,
0.445919,-0.953279,-0.011373,-0.0,-1.570796,0.0,0.857126,0.217743,0.225224,0.0,0.0,0.0,-0.032621,0.050549,0.026286,0.372864,-0.353204,-0.050335,-0.736194,-0.17077,-0.570815,0.53955,-0.153791,0.023208,-0.340763,-0.012961,0.202049,-0.436292,0.166245,0.018763,0.114785,-0.007718,
0.446776,-0.953061,-0.011147,-0.0,-1.570796,0.0,0.857088,0.217667,0.225225,0.0,0.0,0.0,-0.031645,0.050275,0.025475,0.373841,-0.354778,-0.050066,-0.735268,-0.170679,-0.570116,0.538379,-0.154015,0.02347,-0.339398,-0.013118,0.201198,-0.434077,0.164881,0.018959,0.113932,-0.007916,
0.447633,-0.952844,-0.010922,-0.0,-1.570796,0.0,0.856973,0.217667,0.225195,0.0,0.0,0.0,-0.030668,0.050002,0.024664,0.374819,-0.356351,-0.049797,-0.734342,-0.170588,-0.569417,0.537208,-0.15424,0.023732,-0.338033,-0.013276,0.200346,-0.431862,0.163517,0.019155,0.113079,-0.008114,
0.44849,-0.952626,-0.010697,-0.0,-1.570796,0.0,0.857126,0.217667,0.225224,0.0,0.0,0.0,-0.029692,0.049729,0.023852,0.375797,-0.357924,-0.049528,-0.733415,-0.170496,-0.568718,0.536036,-0.154464,0.023993,-0.336668,-0.013433,0.199495,-0.429648,0.162152,0.019351,0.112227,-0.008312,
0.449347,-0.952408,-0.010472,-0.0,-1.570796,0.0,0.857088,0.217743,0.225225,0.0,0.0,0.0,-0.028716,0.049455,0.023041,0.376775,-0.359498,-0.049258,-0.732489,-0.170405,-0.568018,0.534865,-0.154688,0.024255,-0.335303,-0.013591,0.198643,-0.427433,0.160788,0.019547,0.111374,-0.008509,
0.450204,-0.952191,-0.010247,-0.0,-1.570796,0.0,0.856973,0.217591,0.225195,0.0,0.0,0.0,-0.027739,0.049182,0.02223,0.377753,-0.361071,-0.048989,-0.731563,-0.170314,-0.567319,0.533694,-0.154912,0.024517,-0.333937,-0.013748,0.197791,-0.425218,0.159424,0.019743,0.110522,-0.008707,
0.451062,-0.951973,-0.010021,-0.0,-1.570796,0.0,0.857088,0.217743,0.225224,0.0,0.0,0.0,-0.026763,0.048908,0.021419,0.378731,-0.362644,-0.04872,-0.730636,-0.170222,-0.56662,0.532522,-0.155136,0.024779,-0.332572,-0.013906,0.19694,-0.423003,0.15806,0.019939,0.109669,-0.008905,
0.451919,-0.951755,-0.009796,-0.0,-1.570796,0.0,0.857011,0.217667,0.225196,0.0,0.0,0.0,-0.025787,0.048635,0.020607,0.379708,-0.364218,-0.048451,-0.72971,-0.170131,-0.56592,0.531351,-0.15536,0.025041,-0.331207,-0.014063,0.196088,-0.420788,0.156695,0.020135,0.108816,-0.009103,
0.452776,-0.951538,-0.009571,-0.0,-1.570796,0.0,0.857088,0.217667,0.225224,0.0,0.0,0.0,-0.02481,0.048361,0.019796,0.380686,-0.365791,-0.048181,-0.728784,-0.17004,-0.565221,0.53018,-0.155584,0.025303,-0.329842,-0.014221,0.195236,-0.418573,0.155331,0.020331,0.107964,-0.0093,
0.453633,-0.95132,-0.009346,-0.0,-1.570796,0.0,0.857088,0.217667,0.225224,0.0,0.0,0.0,-0.023834,0.048088,0.018985,0.381664,-0.367365,-0.047912,-0.727858,-0.169949,-0.564522,0.529008,-0.155808,0.025565,-0.328476,-0.014378,0.194385,-0.416358,0.153967,0.020527,0.107111,-0.009498,
0.45449,-0.951102,-0.009121,-0.0,-1.570796,0.0,0.857011,0.217667,0.225196,0.0,0.0,0.0,-0.022858,0.047815,0.018174,0.382642,-0.368938,-0.047643,-0.726931,-0.169857,-0.563822,0.527837,-0.156032,0.025827,-0.327111,-0.014536,0.193533,-0.414143,0.152603,0.020723,0.106258,-0.009696,
0.455347,-0.950885,-0.008895,-0.0,-1.570796,0.0,0.857088,0.217743,0.225224,0.0,0.0,0.0,-0.021881,0.047541,0.017362,0.38362,-0.370512,-0.047373,-0.726005,-0.169766,-0.563123,0.526666,-0.156256,0.026089,-0.325746,-0.014693,0.192681,-0.411928,0.151238,0.020918,0.105406,-0.009894,
0.456204,-0.950667,-0.00867,-0.0,-1.570796,0.0,0.857088,0.217667,0.225224,0.0,0.0,0.0,-0.020905,0.047268,0.016551,0.384598,-0.372085,-0.047104,-0.725079,-0.169675,-0.562424,0.525494,-0.156481,0.02635,-0.32438,-0.014851,0.19183,-0.409713,0.149874,0.021114,0.104553,-0.010091,
0.457061,-0.950449,-0.008445,-0.0,-1.570796,0.0,0.857126,0.217667,0.225224,0.0,0.0,0.0,-0.019928,0.046994,0.01574,0.385576,-0.373659,-0.046835,-0.724152,-0.169584,-0.561724,0.524323,-0.156705,0.026612,-0.323015,-0.015008,0.190978,-0.407497,0.14851,0.02131,0.1037,-0.010289,
0.457918,-0.950232,-0.00822,-0.0,-1.570796,0.0,0.857088,0.217667,0.225224,0.0,0.0,0.0,-0.018952,0.046721,0.014928,0.386554,-0.375232,-0.046566,-0.723226,-0.169492,-0.561025,0.523151,-0.156929,0.026874,-0.32165,-0.015166,0.190126,-0.405282,0.147145,0.021506,0.102848,-0.010487,
0.458775,-0.950014,-0.007994,-0.0,-1.570796,0.0,0.856973,0.217667,0.225196,0.0,0.0,0.0,-0.017976,0.046448,0.014117,0.387531,-0.376806,-0.046296,-0.7223,-0.169401,-0.560326,0.52198,-0.157153,0.027136,-0.320284,-0.015323,0.189275,-0.403067,0.145781,0.021702,0.101995,-0.010685,
0.459632,-0.949796,-0.007769,-0.0,-1.570796,0.0,0.857088,0.217743,0.225224,0.0,0.0,0.0,-0.016999,0.046174,0.013306,0.388509,-0.378379,-0.046027,-0.721373,-0.16931,-0.559626,0.520808,-0.157377,0.027398,-0.318919,-0.015481,0.188423,-0.400852,0.144417,0.021898,0.101143,-0.010883,
0.460489,-0.949578,-0.007544,-0.0,-1.570796,0.0,0.857126,0.217667,0.225224,0.0,0.0,0.0,-0.016023,0.045901,0.012495,0.389487,-0.379953,-0.045758,-0.720447,-0.169218,-0.558927,0.519637,-0.157601,0.02766,-0.317554,-0.015638,0.187571,-0.398637,0.143052,0.022094,0.10029,-0.01108,
0.461346,-0.949361,-0.007319,-0.0,-1.570796,0.0,0.856973,0.217667,0.225196,0.0,0.0,0.0,-0.015047,0.045627,0.011684,0.390465,-0.381526,-0.045489,-0.719521,-0.169127,-0.558228,0.518466,-0.157825,0.027922,-0.316188,-0.015795,0.186719,-0.396422,0.141688,0.02229,0.099437,-0.011278,
0.462203,-0.949143,-0.007094,-0.0,-1.570796,0.0,0.857088,0.217667,0.225224,0.0,0.0,0.0,-0.01407,0.045354,0.010872,0.391443,-0.3831,-0.045219,-0.718594,-0.169036,-0.557528,0.517294,-0.158049,0.028184,-0.314823,-0.015953,0.185868,-0.394206,0.140324,0.022486,0.098585,-0.011476,
0.46306,-0.948925,-0.006868,-0.0,-1.570796,0.0,0.857011,0.217667,0.225195,0.0,0.0,0.0,-0.013094,0.045081,0.010061,0.392421,-0.384673,-0.04495,-0.717668,-0.168945,-0.556829,0.516123,-0.158273,0.028446,-0.313458,-0.01611,0.185016,-0.391991,0.13896,0.022682,0.097732,-0.011674,
0.463917,-0.948708,-0.006643,-0.0,-1.570796,0.0,0.857088,0.217743,0.225224,0.0,0.0,0.0,-0.012118,0.044807,0.00925,0.393399,-0.386247,-0.044681,-0.716742,-0.168853,-0.55613,0.514951,-0.158497,0.028707,-0.312093,-0.016268,0.184164,-0.389776,0.137595,0.022878,0.096879,-0.011871,
0.464775,-0.94849,-0.006418,-0.0,-1.570796,0.0,0.857088,0.217667,0.225224,0.0,0.0,0.0,-0.011141,0.044534,0.008438,0.394377,-0.38782,-0.044412,-0.715815,-0.168762,-0.55543,0.51378,-0.158721,0.028969,-0.310727,-0.016425,0.183313,-0.387561,0.136231,0.023074,0.096027,-0.012069,
0.465632,-0.948272,-0.006193,-0.0,-1.570796,0.0,0.857011,0.217667,0.225195,0.0,0.0,0.0,-0.010165,0.04426,0.007627,0.395354,-0.389393,-0.044142,-0.714889,-0.168671,-0.554731,0.512609,-0.158946,0.029231,-0.309362,-0.016583,0.182461,-0.385346,0.134867,0.02327,0.095174,-0.012267,
0.466489,-0.948055,-0.005968,-0.0,-1.570796,0.0,0.857088,0.217667,0.225224,0.0,0.0,0.0,-0.009188,0.043987,0.006816,0.396332,-0.390967,-0.043873,-0.713963,-0.16858,-0.554032,0.511437,-0.15917,0.029493,-0.307997,-0.01674,0.181609,-0.383131,0.133503,0.023466,0.094322,-0.012465,
0.467346,-0.947837,-0.005742,-0.0,-1.570796,0.0,0.857088,0.217667,0.225224,0.0,0.0,0.0,-0.008212,0.043714,0.006005,0.39731,-0.39254,-0.043604,-0.713036,-0.168488,-0.553332,0.510266,-0.159394,0.029755,-0.306631,-0.016898,0.180758,-0.380916,0.132138,0.023662,0.093469,-0.012662,
0.468203,-0.947619,-0.005517,-0.0,-1.570796,0.0,0.857088,0.217743,0.225224,0.0,0.0,0.0,-0.007236,0.04344,0.005193,0.398288,-0.394114,-0.043335,-0.71211,-0.168397,-0.552633,0.509094,-0.159618,0.030017,-0.305266,-0.017055,0.179906,-0.378701,0.130774,0.023858,0.092616,-0.01286,
0.46906,-0.947402,-0.005292,-0.0,-1.570796,0.0,0.857011,0.217667,0.225195,0.0,0.0,0.0,-0.006259,0.043167,0.004382,0.399266,-0.395687,-0.043065,-0.711184,-0.168306,-0.551934,0.507923,-0.159842,0.030279,-0.303901,-0.017213,0.179054,-0.376487,0.12941,0.024054,0.091764,-0.013058,
0.469917,-0.947184,-0.005067,-0.0,-1.570796,0.0,0.857088,0.217667,0.225224,0.0,0.0,0.0,-0.005283,0.042893,0.003571,0.400244,-0.397261,-0.042796,-0.710258,-0.168214,-0.551235,0.506752,-0.160066,0.030541,-0.302536,-0.01737,0.178203,-0.374272,0.128046,0.02425,0.090911,-0.013256,
0.470774,-0.946966,-0.004841,-0.0,-1.570796,0.0,0.857088,0.217667,0.225224,0.0,0.0,0.0,-0.004307,0.04262,0.00276,0.401222,-0.398834,-0.042527,-0.709331,-0.168123,-0.550535,0.50558,-0.16029,0.030803,-0.30117,-0.017528,0.177351,-0.372057,0.126682,0.024446,0.090058,-0.013454,
0.471631,-0.946749,-0.004616,-0.0,-1.570796,0.0,0.857126,0.217743,0.225224,0.0,0.0,0.0,-0.00333,0.042347,0.001949,0.402199,-0.400407,-0.042258,-0.708405,-0.168032,-0.549836,0.504409,-0.160514,0.031064,-0.299805,-0.017685,0.176499,-0.369842,0.125317,0.024642,0.089206,-0.013651,
0.472488,-0.946531,-0.004391,-0.0,-1.570796,0.0,0.856973,0.217667,0.225196,0.0,0.0,0.0,-0.002354,0.042073,0.001137,0.403177,-0.40198,-0.041988,-0.707479,-0.167941,-0.549137,0.503238,-0.160738,0.031326,-0.29844,-0.017843,0.175648,-0.367628,0.123953,0.024837,0.088353,-0.013849,
0.473367,-0.946367,-0.004174,-0.0,-1.570796,0.0,0.878946,0.163422,0.217222,0.0,0.0,0.0,-0.000846,0.041826,-0.0001,0.403502,-0.403104,-0.041725,-0.706508,-0.167823,-0.548396,0.502401,-0.160821,0.031582,-0.297011,-0.018,0.174755,-0.365389,0.122524,0.025022,0.08746,-0.014082,
0.474286,-0.946304,-0.003971,-0.0,-1.570796,0.0,0.919305,0.063019,0.202363,0.0,0.0,0.0,0.001648,0.041628,-0.002127,0.402615,-0.403394,-0.041475,-0.705455,-0.167656,-0.54758,0.502184,-0.160643,0.031825,-0.295462,-0.018158,0.173787,-0.363105,0.120975,0.025185,0.086493,-0.014378,
0.475206,-0.946241,-0.003769,-0.0,-1.570796,0.0,0.919458,0.063019,0.202389,0.0,0.0,0.0,0.004142,0.04143,-0.004154,0.401729,-0.403684,-0.041224,-0.704402,-0.167489,-0.546763,0.501966,-0.160465,0.032069,-0.293913,-0.018315,0.172819,-0.36082,0.119426,0.025348,0.085526,-0.014675,
0.476125,-0.946178,-0.003567,-0.0,-1.570796,0.0,0.91942,0.063019,0.202389,0.0,0.0,0.0,0.006637,0.041231,-0.006182,0.400842,-0.403973,-0.040973,-0.703349,-0.167322,-0.545947,0.501749,-0.160287,0.032313,-0.292364,-0.018473,0.171851,-0.358535,0.117877,0.025511,0.084558,-0.014972,
0.477045,-0.946115,-0.003364,-0.0,-1.570796,0.0,0.919305,0.062943,0.202363,0.0,0.0,0.0,0.009131,0.041033,-0.008209,0.399956,-0.404263,-0.040722,-0.702296,-0.167156,-0.545131,0.501532,-0.160109,0.032556,-0.290816,-0.01863,0.170883,-0.35625,0.116328,0.025674,0.083591,-0.015268,
0.477964,-0.946052,-0.003162,-0.0,-1.570796,0.0,0.919458,0.063019,0.202389,0.0,0.0,0.0,0.011625,0.040835,-0.010236,0.399069,-0.404553,-0.040471,-0.701243,-0.166989,-0.544314,0.501314,-0.159931,0.0328,-0.289267,-0.018788,0.169915,-0.353965,0.114779,0.025837,0.082623,-0.015565,
0.478883,-0.945989,-0.00296,-0.0,-1.570796,0.0,0.91942,0.063019,0.202389,0.0,0.0,0.0,0.01412,0.040636,-0.012264,0.398183,-0.404843,-0.04022,-0.70019,-0.166822,-0.543498,0.501097,-0.159752,0.033043,-0.287718,-0.018945,0.168947,-0.35168,0.11323,0.026,0.081656,-0.015862,
0.479803,-0.945926,-0.002757,-0.0,-1.570796,0.0,0.919305,0.063019,0.202363,0.0,0.0,0.0,0.016614,0.040438,-0.014291,0.397296,-0.405133,-0.039969,-0.699137,-0.166655,-0.542681,0.50088,-0.159574,0.033287,-0.286169,-0.019103,0.167979,-0.349396,0.11168,0.026163,0.080688,-0.016158,
0.480722,-0.945863,-0.002555,-0.0,-1.570796,0.0,0.919458,0.063019,0.202389,0.0,0.0,0.0,0.019109,0.04024,-0.016319,0.396409,-0.405423,-0.039718,-0.698084,-0.166488,-0.541865,0.500662,-0.159396,0.03353,-0.28462,-0.01926,0.167011,-0.34711,0.110131,0.026326,0.079721,-0.016455,
0.481642,-0.9458,-0.002352,-0.0,-1.570796,0.0,0.91942,0.062943,0.202389,0.0,0.0,0.0,0.021604,0.040041,-0.018347,0.395523,-0.405713,-0.039467,-0.697031,-0.166321,-0.541048,0.500445,-0.159218,0.033774,-0.283071,-0.019418,0.166043,-0.344825,0.108582,0.026489,0.078753,-0.016752,
0.482561,-0.945737,-0.00215,-0.0,-1.570796,0.0,0.919458,0.063019,0.202389,0.0,0.0,0.0,0.024099,0.039843,-0.020374,0.394636,-0.406002,-0.039216,-0.695978,-0.166155,-0.540232,0.500228,-0.15904,0.034018,-0.281522,-0.019575,0.165074,-0.34254,0.107032,0.026652,0.077785,-0.017048,
0.48348,-0.945674,-0.001948,-0.0,-1.570796,0.0,0.91942,0.063019,0.202389,0.0,0.0,0.0,0.026594,0.039645,-0.022402,0.39375,-0.406292,-0.038965,-0.694925,-0.165988,-0.539415,0.50001,-0.158861,0.034261,-0.279973,-0.019733,0.164106,-0.340255,0.105483,0.026815,0.076818,-0.017345,
0.4844,-0.945611,-0.001745,-0.0,-1.570796,0.0,0.919305,0.063019,0.202363,0.0,0.0,0.0,0.029089,0.039447,-0.024429,0.392863,-0.406582,-0.038714,-0.693872,-0.165821,-0.538599,0.499793,-0.158683,0.034505,-0.278425,-0.01989,0.163138,-0.33797,0.103934,0.026978,0.07585,-0.017642,
0.485319,-0.945548,-0.001543,-0.0,-1.570796,0.0,0.919458,0.063019,0.202389,0.0,0.0,0.0,0.031584,0.039248,-0.026457,0.391977,-0.406872,-0.038464,-0.692819,-0.165654,-0.537782,0.499576,-0.158505,0.034748,-0.276876,-0.020048,0.16217,-0.335684,0.102385,0.027141,0.074883,-0.017938,
0.486239,-0.945485,-0.00134,-0.0,-1.570796,0.0,0.919305,0.062943,0.202363,0.0,0.0,0.0,0.034079,0.03905,-0.028485,0.39109,-0.407162,-0.038213,-0.691766,-0.165487,-0.536966,0.499359,-0.158327,0.034992,-0.275327,-0.020205,0.161202,-0.333399,0.100835,0.027304,0.073915,-0.018235,
0.487158,-0.945422,-0.001138,-0.0,-1.570796,0.0,0.919458,0.063019,0.202389,0.0,0.0,0.0,0.036574,0.038852,-0.030512,0.390204,-0.407452,-0.037962,-0.690713,-0.165321,-0.536149,0.499141,-0.158149,0.035236,-0.273778,-0.020363,0.160234,-0.331114,0.099286,0.027467,0.072948,-0.018532,
0.488077,-0.945359,-0.000936,-0.0,-1.570796,0.0,0.91942,0.063019,0.202389,0.0,0.0,0.0,0.039069,0.038653,-0.03254,0.389317,-0.407741,-0.037711,-0.68966,-0.165154,-0.535333,0.498924,-0.157971,0.035479,-0.272229,-0.02052,0.159266,-0.328829,0.097737,0.02763,0.07198,-0.018828,
0.488997,-0.945296,-0.000733,-0.0,-1.570796,0.0,0.919305,0.063019,0.202363,0.0,0.0,0.0,0.041564,0.038455,-0.034568,0.38843,-0.408031,-0.03746,-0.688607,-0.164987,-0.534516,0.498707,-0.157792,0.035723,-0.27068,-0.020678,0.158298,-0.326543,0.096187,0.027793,0.071013,-0.019125,
0.489916,-0.945233,-0.000531,-0.0,-1.570796,0.0,0.919458,0.063019,0.202388,0.0,0.0,0.0,0.044059,0.038257,-0.036596,0.387544,-0.408321,-0.037209,-0.687554,-0.16482,-0.5337,0.498489,-0.157614,0.035966,-0.269131,-0.020835,0.157329,-0.324258,0.094638,0.027956,0.070045,-0.019422,
0.490836,-0.94517,-0.000329,-0.0,-1.570796,0.0,0.91942,0.062943,0.202389,0.0,0.0,0.0,0.046554,0.038058,-0.038623,0.386657,-0.408611,-0.036958,-0.686501,-0.164653,-0.532883,0.498272,-0.157436,0.03621,-0.267582,-0.020993,0.156361,-0.321973,0.093089,0.028119,0.069078,-0.019718,
0.491755,-0.945107,-0.000126,-0.0,-1.570796,0.0,0.919305,0.063019,0.202363,0.0,0.0,0.0,0.049049,0.03786,-0.040651,0.385771,-0.408901,-0.036707,-0.685448,-0.164486,-0.532067,0.498055,-0.157258,0.036453,-0.266033,-0.02115,0.155393,-0.319688,0.091539,0.028282,0.06811,-0.020015,
0.492674,-0.945044,0.000076,-0.0,-1.570796,0.0,0.919458,0.063019,0.202389,0.0,0.0,0.0,0.051544,0.037662,-0.042679,0.384884,-0.409191,-0.036456,-0.684395,-0.16432,-0.53125,0.497837,-0.15708,0.036697,-0.264484,-0.021308,0.154425,-0.317402,0.08999,0.028445,0.067143,-0.020312,
0.493594,-0.944981,0.000279,-0.0,-1.570796,0.0,0.91942,0.063019,0.202389,0.0,0.0,0.0,0.054039,0.037464,-0.044706,0.383998,-0.40948,-0.036205,-0.683342,-0.164153,-0.530434,0.49762,-0.156901,0.036941,-0.262935,-0.021465,0.153457,-0.315117,0.088441,0.028608,0.066175,-0.020608,
0.494513,-0.944918,0.000481,-0.0,-1.570796,0.0,0.919458,0.063019,0.202388,0.0,0.0,0.0,0.056534,0.037265,-0.046734,0.383111,-0.40977,-0.035954,-0.682289,-0.163986,-0.529617,0.497403,-0.156723,0.037184,-0.261386,-0.021623,0.152489,-0.312832,0.086891,0.028771,0.065208,-0.020905,
0.495433,-0.944855,0.000683,-0.0,-1.570796,0.0,0.91942,0.062943,0.202389,0.0,0.0,0.0,0.059029,0.037067,-0.048762,0.382224,-0.41006,-0.035703,-0.681236,-0.163819,-0.528801,0.497185,-0.156545,0.037428,-0.259837,-0.02178,0.151521,-0.310546,0.085342,0.028934,0.06424,-0.021202,
0.496352,-0.944792,0.000886,-0.0,-1.570796,0.0,0.919305,0.063019,0.202363,0.0,0.0,0.0,0.061523,0.036869,-0.050789,0.381338,-0.41035,-0.035453,-0.680183,-0.163652,-0.527985,0.496968,-0.156367,0.037671,-0.258289,-0.021938,0.150553,-0.308262,0.083793,0.029097,0.063273,-0.021498,
0.497271,-0.944729,0.001088,-0.0,-1.570796,0.0,0.919458,0.063019,0.202389,0.0,0.0,0.0,0.064018,0.03667,-0.052817,0.380451,-0.41064,-0.035202,-0.67913,-0.163485,-0.527168,0.496751,-0.156189,0.037915,-0.25674,-0.022095,0.149584,-0.305976,0.082244,0.02926,0.062305,-0.021795,
0.498191,-0.944666,0.00129,-0.0,-1.570796,0.0,0.919305,0.063019,0.202363,0.0,0.0,0.0,0.066512,0.036472,-0.054844,0.379565,-0.41093,-0.034951,-0.678077,-0.163319,-0.526352,0.496533,-0.156011,0.038159,-0.255191,-0.022253,0.148616,-0.303692,0.080695,0.029423,0.061338,-0.022092,
0.49911,-0.944603,0.001493,-0.0,-1.570796,0.0,0.919458,0.062943,0.202389,0.0,0.0,0.0,0.069007,0.036274,-0.056871,0.378678,-0.41122,-0.0347,-0.677024,-0.163152,-0.525535,0.496316,-0.155832,0.038402,-0.253642,-0.02241,0.147648,-0.301407,0.079145,0.029586,0.06037,-0.022388,
0.50003,-0.94454,0.001695,-0.0,-1.570796,0.0,0.91942,0.063019,0.202389,0.0,0.0,0.0,0.071502,0.036076,-0.058899,0.377792,-0.411509,-0.034449,-0.675971,-0.162985,-0.524719,0.496099,-0.155654,0.038646,-0.252093,-0.022568,0.14668,-0.299122,0.077596,0.029749,0.059403,-0.022685,
0.500949,-0.944477,0.001898,-0.0,-1.570796,0.0,0.919305,0.063019,0.202363,0.0,0.0,0.0,0.073996,0.035877,-0.060926,0.376905,-0.411799,-0.034198,-0.674919,-0.162818,-0.523902,0.495881,-0.155476,0.038889,-0.250544,-0.022725,0.145712,-0.296837,0.076047,0.029912,0.058435,-0.022982,
0.501868,-0.944414,0.0021,-0.0,-1.570796,0.0,0.919458,0.063019,0.202389,0.0,0.0,0.0,0.07649,0.035679,-0.062953,0.376019,-0.412089,-0.033947,-0.673865,-0.162651,-0.523086,0.495664,-0.155298,0.039133,-0.248996,-0.022883,0.144744,-0.294552,0.074498,0.030075,0.057468,-0.023278,
0.502788,-0.944351,0.002302,-0.0,-1.570796,0.0,0.91942,0.063019,0.202389,0.0,0.0,0.0,0.078984,0.035481,-0.064981,0.375132,-0.412379,-0.033696,-0.672812,-0.162485,-0.522269,0.495447,-0.15512,0.039377,-0.247447,-0.02304,0.143776,-0.292268,0.072949,0.030238,0.0565,-0.023575,
0.503707,-0.94429,0.002504,-0.0,-1.570796,0.0,0.919077,0.061646,0.202073,0.0,0.0,0.0,0.081454,0.035283,-0.066989,0.374274,-0.412655,-0.033446,-0.671757,-0.162317,-0.52145,0.495238,-0.154941,0.03962,-0.245896,-0.023197,0.142807,-0.289985,0.071398,0.0304,0.055531,-0.023873,
0.504613,-0.944299,0.002691,-0.0,-1.570796,0.0,0.90603,-0.009384,0.186812,0.0,0.0,0.0,0.082656,0.035109,-0.067982,0.374895,-0.412208,-0.03322,-0.67056,-0.162094,-0.520503,0.495484,-0.154743,0.039845,-0.244229,-0.02334,0.141764,-0.287779,0.069731,0.03051,0.054489,-0.024271,
0.505519,-0.944308,0.002878,-0.0,-1.570796,0.0,0.905992,-0.009308,0.186812,0.0,0.0,0.0,0.083859,0.034935,-0.068975,0.375516,-0.411761,-0.032995,-0.669364,-0.161871,-0.519555,0.49573,-0.154544,0.04007,-0.242562,-0.023483,0.140722,-0.285573,0.068064,0.030619,0.053447,-0.024668,
0.506425,-0.944318,0.003065,-0.0,-1.570796,0.0,0.905916,-0.009308,0.186788,0.0,0.0,0.0,0.085061,0.034761,-0.069969,0.376137,-0.411315,-0.03277,-0.668167,-0.161648,-0.518608,0.495975,-0.154346,0.040296,-0.240895,-0.023626,0.13968,-0.283368,0.066398,0.030729,0.052405,-0.025066,
0.507331,-0.944327,0.003252,-0.0,-1.570796,0.0,0.906145,-0.009308,0.186836,0.0,0.0,0.0,0.086263,0.034587,-0.070962,0.376759,-0.410868,-0.032545,-0.666971,-0.161426,-0.51766,0.496221,-0.154148,0.040521,-0.239228,-0.023769,0.138638,-0.281161,0.06473,0.030839,0.051363,-0.025463,
0.508237,-0.944336,0.003438,-0.0,-1.570796,0.0,0.905916,-0.009384,0.186788,0.0,0.0,0.0,0.087465,0.034413,-0.071955,0.37738,-0.410421,-0.032319,-0.665774,-0.161203,-0.516713,0.496467,-0.153949,0.040746,-0.237561,-0.023911,0.137596,-0.278956,0.063064,0.030949,0.050321,-0.025861,
0.509143,-0.944346,0.003625,-0.0,-1.570796,0.0,0.90603,-0.009308,0.186812,0.0,0.0,0.0,0.088668,0.034239,-0.072949,0.378001,-0.409974,-0.032094,-0.664578,-0.16098,-0.515765,0.496712,-0.153751,0.040972,-0.235893,-0.024054,0.136554,-0.27675,0.061397,0.031059,0.049279,-0.026258,
0.510049,-0.944355,0.003812,-0.0,-1.570796,0.0,0.905878,-0.009308,0.186788,0.0,0.0,0.0,0.08987,0.034064,-0.073942,0.378622,-0.409527,-0.031869,-0.663381,-0.160758,-0.514818,0.496958,-0.153553,0.041197,-0.234226,-0.024197,0.135511,-0.274544,0.05973,0.031169,0.048237,-0.026655,
0.510955,-0.944364,0.003999,-0.0,-1.570796,0.0,0.90603,-0.009384,0.186812,0.0,0.0,0.0,0.091072,0.03389,-0.074936,0.379244,-0.409081,-0.031644,-0.662185,-0.160535,-0.51387,0.497204,-0.153354,0.041422,-0.232559,-0.02434,0.134469,-0.272338,0.058063,0.031279,0.047194,-0.027053,
0.511861,-0.944374,0.004186,-0.0,-1.570796,0.0,0.90603,-0.009308,0.186812,0.0,0.0,0.0,0.092274,0.033716,-0.075929,0.379865,-0.408634,-0.031418,-0.660988,-0.160312,-0.512922,0.497449,-0.153156,0.041647,-0.230892,-0.024483,0.133427,-0.270131,0.056396,0.031389,0.046152,-0.02745,
0.512767,-0.944383,0.004372,-0.0,-1.570796,0.0,0.905916,-0.009308,0.186788,0.0,0.0,0.0,0.093477,0.033542,-0.076922,0.380486,-0.408187,-0.031193,-0.659791,-0.160089,-0.511975,0.497695,-0.152958,0.041873,-0.229225,-0.024626,0.132385,-0.267925,0.05473,0.031499,0.04511,-0.027848,
0.513673,-0.944392,0.004559,-0.0,-1.570796,0.0,0.90603,-0.009308,0.186812,0.0,0.0,0.0,0.094679,0.033368,-0.077916,0.381107,-0.40774,-0.030968,-0.658595,-0.159867,-0.511027,0.497941,-0.152759,0.042098,-0.227557,-0.024769,0.131343,-0.265719,0.053063,0.031608,0.044068,-0.028245,
0.514579,-0.944402,0.004746,-0.0,-1.570796,0.0,0.905992,-0.009384,0.186812,0.0,0.0,0.0,0.095881,0.033194,-0.078909,0.381729,-0.407293,-0.030743,-0.657398,-0.159644,-0.51008,0.498186,-0.152561,0.042323,-0.22589,-0.024911,0.1303,-0.263513,0.051396,0.031718,0.043026,-0.028642,
0.515485,-0.944411,0.004933,-0.0,-1.570796,0.0,0.905916,-0.009308,0.186788,0.0,0.0,0.0,0.097083,0.03302,-0.079903,0.38235,-0.406847,-0.030517,-0.656202,-0.159421,-0.509132,0.498432,-0.152363,0.042549,-0.224223,-0.025054,0.129258,-0.261307,0.049729,0.031828,0.041984,-0.02904,
0.516391,-0.94442,0.00512,-0.0,-1.570796,0.0,0.90603,-0.009308,0.186812,0.0,0.0,0.0,0.098286,0.032846,-0.080896,0.382971,-0.4064,-0.030292,-0.655005,-0.159198,-0.508185,0.498678,-0.152164,0.042774,-0.222556,-0.025197,0.128216,-0.2591,0.048062,0.031938,0.040941,-0.029437,
0.517297,-0.94443,0.005306,-0.0,-1.570796,0.0,0.905916,-0.009384,0.186788,0.0,0.0,0.0,0.099488,0.032672,-0.081889,0.383592,-0.405953,-0.030067,-0.653808,-0.158976,-0.507237,0.498923,-0.151966,0.042999,-0.220888,-0.02534,0.127174,-0.256894,0.046395,0.032048,0.039899,-0.029835,
0.518203,-0.944439,0.005493,-0.0,-1.570796,0.0,0.90603,-0.009308,0.186812,0.0,0.0,0.0,0.10069,0.032498,-0.082883,0.384214,-0.405506,-0.029841,-0.652612,-0.158753,-0.506289,0.499169,-0.151768,0.043224,-0.219221,-0.025483,0.126132,-0.254688,0.044728,0.032158,0.038857,-0.030232,
0.519109,-0.944448,0.00568,-0.0,-1.570796,0.0,0.905992,-0.009308,0.186812,0.0,0.0,0.0,0.101893,0.032324,-0.083876,0.384835,-0.405059,-0.029616,-0.651415,-0.15853,-0.505342,0.499415,-0.151569,0.04345,-0.217554,-0.025626,0.125089,-0.252481,0.043061,0.032268,0.037815,-0.03063,
0.520015,-0.944458,0.005867,-0.0,-1.570796,0.0,0.90603,-0.009308,0.186811,0.0,0.0,0.0,0.103095,0.03215,-0.08487,0.385456,-0.404613,-0.029391,-0.650218,-0.158307,-0.504394,0.49966,-0.151371,0.043675,-0.215886,-0.025768,0.124047,-0.250275,0.041394,0.032378,0.036773,-0.031027,
0.520921,-0.944467,0.006054,-0.0,-1.570796,0.0,0.90603,-0.009384,0.186812,0.0,0.0,0.0,0.104297,0.031976,-0.085863,0.386077,-0.404166,-0.029166,-0.649022,-0.158085,-0.503447,0.499906,-0.151173,0.0439,-0.214219,-0.025911,0.123005,-0.248069,0.039727,0.032487,0.03573,-0.031424,
0.521827,-0.944476,0.006241,-0.0,-1.570796,0.0,0.905916,-0.009308,0.186788,0.0,0.0,0.0,0.1055,0.031802,-0.086856,0.386699,-0.403719,-0.02894,-0.647825,-0.157862,-0.502499,0.500152,-0.150974,0.044126,-0.212552,-0.026054,0.121963,-0.245863,0.03806,0.032597,0.034688,-0.031822,
0.522733,-0.944486,0.006427,-0.0,-1.570796,0.0,0.90603,-0.009308,0.186812,0.0,0.0,0.0,0.106702,0.031628,-0.08785,0.38732,-0.403272,-0.028715,-0.646629,-0.157639,-0.501551,0.500397,-0.150776,0.044351,-0.210885,-0.026197,0.120921,-0.243656,0.036393,0.032707,0.033646,-0.032219,
0.523639,-0.944495,0.006614,-0.0,-1.570796,0.0,0.905992,-0.009384,0.186812,0.0,0.0,0.0,0.107904,0.031454,-0.088843,0.387941,-0.402825,-0.02849,-0.645432,-0.157417,-0.500604,0.500643,-0.150578,0.044576,-0.209217,-0.02634,0.119878,-0.24145,0.034726,0.032817,0.032604,-0.032617,
0.524544,-0.944504,0.006801,-0.0,-1.570796,0.0,0.905916,-0.009308,0.186788,0.0,0.0,0.0,0.109106,0.03128,-0.089837,0.388562,-0.402379,-0.028265,-0.644236,-0.157194,-0.499656,0.500889,-0.150379,0.044801,-0.20755,-0.026483,0.118836,-0.239244,0.03306,0.032927,0.031562,-0.033014,
0.525451,-0.944514,0.006988,-0.0,-1.570796,0.0,0.90603,-0.009308,0.186811,0.0,0.0,0.0,0.110309,0.031106,-0.09083,0.389184,-0.401932,-0.028039,-0.643039,-0.156971,-0.498709,0.501134,-0.150181,0.045027,-0.205883,-0.026626,0.117794,-0.237038,0.031393,0.033037,0.03052,-0.033411,
0.526357,-0.944523,0.007175,-0.0,-1.570796,0.0,0.90603,-0.009308,0.186812,0.0,0.0,0.0,0.111511,0.030932,-0.091823,0.389805,-0.401485,-0.027814,-0.641842,-0.156748,-0.497761,0.50138,-0.149983,0.045252,-0.204215,-0.026768,0.116752,-0.234831,0.029726,0.033147,0.029477,-0.033809,
0.527262,-0.944532,0.007361,-0.0,-1.570796,0.0,0.905916,-0.009384,0.186788,0.0,0.0,0.0,0.112713,0.030758,-0.092817,0.390426,-0.401038,-0.027589,-0.640646,-0.156526,-0.496814,0.501626,-0.149784,0.045477,-0.202548,-0.026911,0.11571,-0.232625,0.028059,0.033257,0.028435,-0.034206,
0.528168,-0.944542,0.007548,-0.0,-1.570796,0.0,0.905992,-0.009308,0.186812,0.0,0.0,0.0,0.113916,0.030584,-0.09381,0.391047,-0.400591,-0.027364,-0.639449,-0.156303,-0.495866,0.501871,-0.149586,0.045703,-0.200881,-0.027054,0.114667,-0.230419,0.026392,0.033367,0.027393,-0.034604,
0.529074,-0.944551,0.007735,-0.0,-1.570796,0.0,0.905916,-0.009308,0.186788,0.0,0.0,0.0,0.115118,0.03041,-0.094803,0.391669,-0.400145,-0.027138,-0.638253,-0.15608,-0.494919,0.502117,-0.149388,0.045928,-0.199214,-0.027197,0.113625,-0.228213,0.024725,0.033476,0.026351,-0.035001,
0.52998,-0.94456,0.007922,-0.0,-1.570796,0.0,0.90603,-0.009384,0.186812,0.0,0.0,0.0,0.11632,0.030236,-0.095797,0.39229,-0.399698,-0.026913,-0.637056,-0.155857,-0.493971,0.502363,-0.149189,0.046153,-0.197547,-0.02734,0.112583,-0.226007,0.023059,0.033586,0.025309,-0.035399,
0.530886,-0.94457,0.008109,-0.0,-1.570796,0.0,0.90603,-0.009308,0.186812,0.0,0.0,0.0,0.117522,0.030062,-0.09679,0.392911,-0.399251,-0.026688,-0.63586,-0.155635,-0.493023,0.502608,-0.148991,0.046379,-0.19588,-0.027483,0.111541,-0.223801,0.021392,0.033696,0.024267,-0.035796,
0.531792,-0.944579,0.008295,-0.0,-1.570796,0.0,0.90603,-0.009308,0.186811,0.0,0.0,0.0,0.118725,0.029888,-0.097784,0.393532,-0.398804,-0.026463,-0.634663,-0.155412,-0.492076,0.502854,-0.148793,0.046604,-0.194213,-0.027625,0.110499,-0.221596,0.019725,0.033806,0.023225,-0.036193,
0.532698,-0.944588,0.008482,-0.0,-1.570796,0.0,0.905992,-0.009308,0.186812,0.0,0.0,0.0,0.119927,0.029714,-0.098777,0.394154,-0.398357,-0.026237,-0.633466,-0.155189,-0.491128,0.5031,-0.148594,0.046829,-0.192545,-0.027768,0.109457,-0.21939,0.018058,0.033916,0.022182,-0.036591,
0.533604,-0.944598,0.008669,-0.0,-1.570796,0.0,0.905916,-0.009384,0.186788,0.0,0.0,0.0,0.121129,0.02954,-0.09977,0.394775,-0.397911,-0.026012,-0.63227,-0.154966,-0.490181,0.503345,-0.148396,0.047054,-0.190879,-0.027911,0.108414,-0.217184,0.016392,0.034026,0.02114,-0.036988,
0.534473,-0.94463,0.008846,-0.0,-1.570796,0.0,0.868303,-0.032425,0.176589,0.0,0.0,0.0,0.121037,0.029284,-0.099865,0.396799,-0.396956,-0.025787,-0.630773,-0.154648,-0.488993,0.503115,-0.147951,0.047267,-0.189149,-0.028033,0.107333,-0.215166,0.014662,0.034073,0.020059,-0.03753,
0.535324,-0.944673,0.009017,-0.0,-1.570796,0.0,0.851137,-0.04303,0.171928,0.0,0.0,0.0,0.120356,0.02899,-0.09955,0.399463,-0.395771,-0.025561,-0.629138,-0.154285,-0.487696,0.502667,-0.147392,0.047474,-0.187391,-0.028144,0.106233,-0.213233,0.012904,0.034091,0.018961,-0.038138,
0.536175,-0.944716,0.009189,-0.0,-1.570796,0.0,0.850984,-0.04303,0.171907,0.0,0.0,0.0,0.119674,0.028697,-0.099234,0.402127,-0.394585,-0.025336,-0.627504,-0.153922,-0.486399,0.502219,-0.146835,0.047681,-0.185633,-0.028256,0.105133,-0.211301,0.011147,0.03411,0.017862,-0.038747,
0.537026,-0.944759,0.009361,-0.0,-1.570796,0.0,0.851137,-0.042954,0.171928,0.0,0.0,0.0,0.118992,0.028404,-0.098919,0.404791,-0.393399,-0.025111,-0.62587,-0.15356,-0.485102,0.501772,-0.146276,0.047888,-0.183875,-0.028368,0.104033,-0.209368,0.009389,0.034128,0.016763,-0.039355,
0.537877,-0.944802,0.009533,-0.0,-1.570796,0.0,0.851099,-0.04303,0.171929,0.0,0.0,0.0,0.118311,0.02811,-0.098604,0.407455,-0.392213,-0.024886,-0.624235,-0.153197,-0.483805,0.501324,-0.145718,0.048095,-0.182117,-0.028479,0.102933,-0.207435,0.007631,0.034146,0.015665,-0.039963,
0.538728,-0.944845,0.009705,-0.0,-1.570796,0.0,0.851022,-0.04303,0.171906,0.0,0.0,0.0,0.117629,0.027817,-0.098288,0.410119,-0.391028,-0.024661,-0.622601,-0.152834,-0.482508,0.500876,-0.14516,0.048302,-0.180359,-0.028591,0.101834,-0.205503,0.005873,0.034164,0.014566,-0.040571,
0.539579,-0.944888,0.009877,-0.0,-1.570796,0.0,0.851099,-0.04303,0.171928,0.0,0.0,0.0,0.116947,0.027524,-0.097973,0.412784,-0.389842,-0.024435,-0.620967,-0.152471,-0.481211,0.500429,-0.144602,0.048509,-0.1786,-0.028703,0.100734,-0.20357,0.004115,0.034183,0.013467,-0.041179,
0.54043,-0.944931,0.010049,-0.0,-1.570796,0.0,0.850984,-0.042954,0.171906,0.0,0.0,0.0,0.116266,0.02723,-0.097658,0.415448,-0.388656,-0.02421,-0.619332,-0.152109,-0.479914,0.499981,-0.144044,0.048716,-0.176842,-0.028815,0.099634,-0.201637,0.002357,0.034201,0.012368,-0.041787,
0.541281,-0.944974,0.010221,-0.0,-1.570796,0.0,0.851137,-0.04303,0.171929,0.0,0.0,0.0,0.115584,0.026937,-0.097342,0.418113,-0.38747,-0.023985,-0.617698,-0.151746,-0.478617,0.499533,-0.143486,0.048923,-0.175084,-0.028926,0.098534,-0.199704,0.000599,0.034219,0.01127,-0.042395,
0.542132,-0.945017,0.010393,-0.0,-1.570796,0.0,0.851099,-0.04303,0.171929,0.0,0.0,0.0,0.114902,0.026643,-0.097027,0.420778,-0.386285,-0.023759,-0.616063,-0.151383,-0.477319,0.499086,-0.142928,0.04913,-0.173326,-0.029038,0.097434,-0.197771,-0.001159,0.034238,0.010171,-0.043003,
0.542983,-0.94506,0.010565,-0.0,-1.570796,0.0,0.851022,-0.04303,0.171906,0.0,0.0,0.0,0.114221,0.02635,-0.096712,0.423442,-0.385099,-0.023534,-0.614429,-0.151021,-0.476022,0.498638,-0.14237,0.049337,-0.171568,-0.02915,0.096335,-0.195838,-0.002917,0.034256,0.009072,-0.043612,
0.543835,-0.945103,0.010737,-0.0,-1.570796,0.0,0.851213,-0.04303,0.17195,0.0,0.0,0.0,0.113539,0.026057,-0.096396,0.426108,-0.383913,-0.023309,-0.612794,-0.150658,-0.474725,0.49819,-0.141812,0.049544,-0.169809,-0.029261,0.095235,-0.193905,-0.004676,0.034274,0.007973,-0.04422,
0.544686,-0.945146,0.010909,-0.0,-1.570796,0.0,0.850984,-0.042954,0.171906,0.0,0.0,0.0,0.112858,0.025763,-0.096081,0.428772,-0.382727,-0.023084,-0.61116,-0.150295,-0.473428,0.497743,-0.141254,0.049751,-0.168051,-0.029373,0.094135,-0.191972,-0.006434,0.034293,0.006875,-0.044828,
0.545537,-0.945189,0.011081,-0.0,-1.570796,0.0,0.851137,-0.04303,0.171929,0.0,0.0,0.0,0.112176,0.02547,-0.095766,0.431437,-0.381541,-0.022858,-0.609525,-0.149933,-0.472131,0.497295,-0.140696,0.049958,-0.166292,-0.029485,0.093035,-0.190039,-0.008192,0.034311,0.005776,-0.045436,
0.546388,-0.945232,0.011252,-0.0,-1.570796,0.0,0.851099,-0.04303,0.171929,0.0,0.0,0.0,0.111494,0.025177,-0.09545,0.434103,-0.380355,-0.022633,-0.60789,-0.14957,-0.470834,0.496847,-0.140138,0.050165,-0.164534,-0.029597,0.091935,-0.188106,-0.00995,0.034329,0.004677,-0.046044,
0.547239,-0.945275,0.011424,-0.0,-1.570796,0.0,0.851022,-0.04303,0.171906,0.0,0.0,0.0,0.110813,0.024883,-0.095135,0.436767,-0.37917,-0.022408,-0.606256,-0.149207,-0.469537,0.4964,-0.13958,0.050372,-0.162776,-0.029708,0.090835,-0.186173,-0.011708,0.034348,0.003578,-0.046652,
0.54809,-0.945318,0.011596,-0.0,-1.570796,0.0,0.851099,-0.042954,0.171928,0.0,0.0,0.0,0.110131,0.02459,-0.09482,0.439432,-0.377984,-0.022183,-0.604622,-0.148844,-0.468239,0.495952,-0.139022,0.050579,-0.161017,-0.02982,0.089735,-0.18424,-0.013467,0.034366,0.00248,-0.04726,
0.548941,-0.945361,0.011768,-0.0,-1.570796,0.0,0.851099,-0.04303,0.171929,0.0,0.0,0.0,0.109449,0.024296,-0.094504,0.442097,-0.376798,-0.021957,-0.602987,-0.148482,-0.466942,0.495504,-0.138464,0.050786,-0.159259,-0.029932,0.088635,-0.182307,-0.015225,0.034384,0.001381,-0.047869,
0.549792,-0.945404,0.01194,-0.0,-1.570796,0.0,0.851022,-0.04303,0.171906,0.0,0.0,0.0,0.108768,0.024003,-0.094189,0.444762,-0.375612,-0.021732,-0.601352,-0.148119,-0.465645,0.495056,-0.137906,0.050993,-0.157501,-0.030043,0.087536,-0.180374,-0.016983,0.034403,0.000282,-0.048477,
0.550643,-0.945447,0.012112,-0.0,-1.570796,0.0,0.851099,-0.04303,0.171929,0.0,0.0,0.0,0.108086,0.02371,-0.093874,0.447427,-0.374426,-0.021507,-0.599718,-0.147756,-0.464348,0.494609,-0.137348,0.0512,-0.155742,-0.030155,0.086436,-0.178441,-0.018741,0.034421,-0.000817,-0.049085,
0.551494,-0.94549,0.012284,-0.0,-1.570796,0.0,0.851022,-0.042954,0.171906,0.0,0.0,0.0,0.107404,0.023417,-0.093558,0.450092,-0.373241,-0.021282,-0.598084,-0.147394,-0.463051,0.494161,-0.13679,0.051407,-0.153984,-0.030267,0.085336,-0.176508,-0.020499,0.034439,-0.001915,-0.049693,
0.552345,-0.945533,0.012456,-0.0,-1.570796,0.0,0.851099,-0.04303,0.171929,0.0,0.0,0.0,0.106723,0.023123,-0.093243,0.452757,-0.372055,-0.021056,-0.596449,-0.147031,-0.461754,0.493713,-0.136232,0.051614,-0.152226,-0.030379,0.084236,-0.174575,-0.022257,0.034457,-0.003014,-0.050301,
0.553196,-0.945576,0.012628,-0.0,-1.570796,0.0,0.851137,-0.04303,0.171928,0.0,0.0,0.0,0.106041,0.02283,-0.092928,0.455422,-0.370869,-0.020831,-0.594814,-0.146668,-0.460457,0.493266,-0.135674,0.051821,-0.150468,-0.03049,0.083136,-0.172642,-0.024016,0.034476,-0.004113,-0.050909,
0.554047,-0.945619,0.0128,-0.0,-1.570796,0.0,0.850984,-0.04303,0.171907,0.0,0.0,0.0,0.105359,0.022536,-0.092613,0.458087,-0.369683,-0.020606,-0.59318,-0.146306,-0.459159,0.492818,-0.135116,0.052028,-0.148709,-0.030602,0.082036,-0.170709,-0.025773,0.034494,-0.005212,-0.051517,
0.554899,-0.945662,0.012972,-0.0,-1.570796,0.0,0.851137,-0.042954,0.171928,0.0,0.0,0.0,0.104678,0.022243,-0.092297,0.460751,-0.368498,-0.020381,-0.591545,-0.145943,-0.457862,0.49237,-0.134558,0.052235,-0.146951,-0.030714,0.080936,-0.168776,-0.027532,0.034512,-0.00631,-0.052125,
0.55575,-0.945705,0.013144,-0.0,-1.570796,0.0,0.851099,-0.04303,0.171929,0.0,0.0,0.0,0.103996,0.02195,-0.091982,0.463416,-0.367312,-0.020155,-0.589911,-0.14558,-0.456565,0.491923,-0.134,0.052442,-0.145193,-0.030825,0.079836,-0.166843,-0.02929,0.034531,-0.007409,-0.052734,
0.556601,-0.945748,0.013316,-0.0,-1.570796,0.0,0.851099,-0.04303,0.171929,0.0,0.0,0.0,0.103314,0.021656,-0.091667,0.466081,-0.366126,-0.01993,-0.588276,-0.145217,-0.455268,0.491475,-0.133442,0.052649,-0.143434,-0.030937,0.078737,-0.16491,-0.031048,0.034549,-0.008508,-0.053342,
0.557452,-0.945791,0.013487,-0.0,-1.570796,0.0,0.851137,-0.04303,0.171928,0.0,0.0,0.0,0.102633,0.021363,-0.091351,0.468745,-0.36494,-0.019705,-0.586642,-0.144855,-0.453971,0.491027,-0.132884,0.052856,-0.141676,-0.031049,0.077637,-0.162977,-0.032806,0.034567,-0.009607,-0.05395,
0.558303,-0.945834,0.013659,-0.0,-1.570796,0.0,0.850984,-0.042954,0.171907,0.0,0.0,0.0,0.101951,0.021069,-0.091036,0.471409,-0.363754,-0.01948,-0.585008,-0.144492,-0.452674,0.49058,-0.132326,0.053063,-0.139918,-0.031161,0.076537,-0.161045,-0.034564,0.034586,-0.010705,-0.054558,
0.559154,-0.945877,0.013831,-0.0,-1.570796,0.0,0.851137,-0.04303,0.171928,0.0,0.0,0.0,0.10127,0.020776,-0.090721,0.474074,-0.362569,-0.019254,-0.583373,-0.144129,-0.451377,0.490132,-0.131768,0.05327,-0.13816,-0.031272,0.075437,-0.159112,-0.036322,0.034604,-0.011804,-0.055166,
0.560005,-0.94592,0.014003,-0.0,-1.570796,0.0,0.851099,-0.04303,0.171929,0.0,0.0,0.0,0.100588,0.020483,-0.090405,0.476738,-0.361383,-0.019029,-0.581739,-0.143767,-0.45008,0.489684,-0.13121,0.053477,-0.136402,-0.031384,0.074337,-0.157179,-0.03808,0.034622,-0.012903,-0.055774,
0.560856,-0.945963,0.014175,-0.0,-1.570796,0.0,0.850984,-0.04303,0.171906,0.0,0.0,0.0,0.099906,0.020189,-0.09009,0.479402,-0.360197,-0.018804,-0.580105,-0.143404,-0.448783,0.489236,-0.130652,0.053684,-0.134644,-0.031496,0.073238,-0.155247,-0.039838,0.034641,-0.014001,-0.056382,
0.561707,-0.946006,0.014347,-0.0,-1.570796,0.0,0.851137,-0.042954,0.171929,0.0,0.0,0.0,0.099225,0.019896,-0.089775,0.482066,-0.359011,-0.018579,-0.57847,-0.143041,-0.447486,0.488789,-0.130093,0.053891,-0.132886,-0.031607,0.072138,-0.153314,-0.041596,0.034659,-0.0151,-0.05699,
0.562518,-0.946058,0.014514,-0.0,-1.570796,0.0,0.811006,-0.051575,0.167268,0.0,0.0,0.0,0.09786,0.01959,-0.088888,0.485277,-0.357737,-0.018376,-0.576838,-0.142693,-0.44619,0.488287,-0.129687,0.054091,-0.131117,-0.031706,0.071031,-0.151511,-0.043365,0.034655,-0.016205,-0.057783,
0.563257,-0.946125,0.014673,-0.0,-1.570796,0.0,0.738488,-0.06691,0.15886,0.0,0.0,0.0,0.095254,0.019261,-0.086963,0.489484,-0.356302,-0.018215,-0.575207,-0.142369,-0.444898,0.487685,-0.129555,0.05428,-0.129327,-0.031781,0.069912,-0.149944,-0.045155,0.034609,-0.017323,-0.058912,
0.563995,-0.946192,0.014832,-0.0,-1.570796,0.0,0.73845,-0.066986,0.158861,0.0,0.0,0.0,0.092648,0.018932,-0.085037,0.493692,-0.354866,-0.018054,-0.573576,-0.142045,-0.443605,0.487084,-0.129422,0.054469,-0.127538,-0.031856,0.068793,-0.148378,-0.046945,0.034563,-0.01844,-0.060041,
0.564733,-0.946259,0.014991,-0.0,-1.570796,0.0,0.738374,-0.06691,0.158841,0.0,0.0,0.0,0.090042,0.018603,-0.083112,0.4979,-0.353431,-0.017893,-0.571946,-0.141722,-0.442313,0.486483,-0.12929,0.054657,-0.125749,-0.031931,0.067674,-0.146811,-0.048735,0.034517,-0.019557,-0.06117,
0.565472,-0.946326,0.01515,-0.0,-1.570796,0.0,0.738488,-0.06691,0.15886,0.0,0.0,0.0,0.087436,0.018274,-0.081187,0.502109,-0.351995,-0.017732,-0.570315,-0.141398,-0.44102,0.485881,-0.129158,0.054846,-0.123959,-0.032007,0.066554,-0.145244,-0.050525,0.034471,-0.020674,-0.062299,
0.56621,-0.946393,0.015309,-0.0,-1.570796,0.0,0.73845,-0.066986,0.158861,0.0,0.0,0.0,0.084829,0.017945,-0.079261,0.506318,-0.35056,-0.01757,-0.568685,-0.141074,-0.439727,0.48528,-0.129026,0.055035,-0.122169,-0.032082,0.065435,-0.143677,-0.052316,0.034426,-0.021791,-0.063428,
0.566949,-0.94646,0.015467,-0.0,-1.570796,0.0,0.738488,-0.06691,0.15886,0.0,0.0,0.0,0.082222,0.017615,-0.077336,0.510528,-0.349124,-0.017409,-0.567054,-0.140751,-0.438435,0.484679,-0.128894,0.055223,-0.12038,-0.032157,0.064316,-0.14211,-0.054106,0.03438,-0.022909,-0.064556,
0.567687,-0.946527,0.015626,-0.0,-1.570796,0.0,0.73845,-0.066986,0.158861,0.0,0.0,0.0,0.079616,0.017286,-0.07541,0.514738,-0.347688,-0.017248,-0.565423,-0.140427,-0.437142,0.484078,-0.128762,0.055412,-0.11859,-0.032232,0.063196,-0.140543,-0.055896,0.034334,-0.024026,-0.065685,
0.568426,-0.946593,0.015785,-0.0,-1.570796,0.0,0.738412,-0.06691,0.158841,0.0,0.0,0.0,0.077009,0.016957,-0.073485,0.518948,-0.346253,-0.017087,-0.563793,-0.140103,-0.435849,0.483476,-0.12863,0.055601,-0.1168,-0.032307,0.062077,-0.138976,-0.057687,0.034288,-0.025143,-0.066814,
0.569164,-0.94666,0.015944,-0.0,-1.570796,0.0,0.73845,-0.066986,0.15886,0.0,0.0,0.0,0.074403,0.016628,-0.071559,0.523159,-0.344817,-0.016926,-0.562162,-0.13978,-0.434557,0.482875,-0.128498,0.05579,-0.115011,-0.032382,0.060958,-0.137409,-0.059477,0.034242,-0.02626,-0.067943,
0.569903,-0.946727,0.016103,-0.0,-1.570796,0.0,0.738488,-0.06691,0.158861,0.0,0.0,0.0,0.071796,0.016299,-0.069634,0.52737,-0.343382,-0.016765,-0.560531,-0.139456,-0.433264,0.482274,-0.128366,0.055978,-0.113221,-0.032457,0.059838,-0.135842,-0.061268,0.034197,-0.027377,-0.069072,
0.570641,-0.946794,0.016262,-0.0,-1.570796,0.0,0.738374,-0.066986,0.158841,0.0,0.0,0.0,0.069189,0.01597,-0.067708,0.531581,-0.341946,-0.016604,-0.5589,-0.139132,-0.431971,0.481672,-0.128233,0.056167,-0.111431,-0.032532,0.058719,-0.134275,-0.063058,0.034151,-0.028495,-0.070201,
0.571379,-0.946861,0.016421,-0.0,-1.570796,0.0,0.73845,-0.06691,0.15886,0.0,0.0,0.0,0.066582,0.015641,-0.065783,0.535792,-0.340511,-0.016442,-0.55727,-0.138809,-0.430679,0.481071,-0.128101,0.056356,-0.109642,-0.032607,0.0576,-0.132708,-0.064848,0.034105,-0.029612,-0.07133,
0.572118,-0.946928,0.016579,-0.0,-1.570796,0.0,0.738374,-0.066986,0.158841,0.0,0.0,0.0,0.063975,0.015312,-0.063857,0.540004,-0.339075,-0.016281,-0.555639,-0.138485,-0.429386,0.48047,-0.127969,0.056544,-0.107852,-0.032682,0.056481,-0.131141,-0.066639,0.034059,-0.030729,-0.072458,
0.572856,-0.946995,0.016738,-0.0,-1.570796,0.0,0.738488,-0.06691,0.158861,0.0,0.0,0.0,0.061368,0.014983,-0.061931,0.544215,-0.337639,-0.01612,-0.554008,-0.138162,-0.428093,0.479869,-0.127837,0.056733,-0.106062,-0.032757,0.055361,-0.129574,-0.068429,0.034013,-0.031846,-0.073587,
0.573595,-0.947062,0.016897,-0.0,-1.570796,0.0,0.73845,-0.066986,0.15886,0.0,0.0,0.0,0.058761,0.014654,-0.060006,0.548427,-0.336204,-0.015959,-0.552377,-0.137838,-0.426801,0.479267,-0.127705,0.056922,-0.104272,-0.032833,0.054242,-0.128006,-0.07022,0.033968,-0.032964,-0.074716,
0.574333,-0.947129,0.017056,-0.0,-1.570796,0.0,0.738374,-0.06691,0.158841,0.0,0.0,0.0,0.056154,0.014324,-0.05808,0.552639,-0.334768,-0.015798,-0.550747,-0.137514,-0.425508,0.478666,-0.127573,0.05711,-0.102483,-0.032908,0.053123,-0.126439,-0.07201,0.033922,-0.034081,-0.075845,
0.575072,-0.947196,0.017215,-0.0,-1.570796,0.0,0.738488,-0.066986,0.15886,0.0,0.0,0.0,0.053547,0.013995,-0.056155,0.556851,-0.333333,-0.015637,-0.549116,-0.137191,-0.424215,0.478065,-0.127441,0.057299,-0.100693,-0.032983,0.052004,-0.124872,-0.0738,0.033876,-0.035198,-0.076974,
0.57581,-0.947263,0.017374,-0.0,-1.570796,0.0,0.738374,-0.06691,0.158841,0.0,0.0,0.0,0.050941,0.013666,-0.054229,0.561062,-0.331897,-0.015476,-0.547485,-0.136867,-0.422923,0.477464,-0.127309,0.057488,-0.098903,-0.033058,0.050884,-0.123305,-0.075591,0.03383,-0.036315,-0.078103,
0.576549,-0.94733,0.017533,-0.0,-1.570796,0.0,0.738565,-0.066986,0.158881,0.0,0.0,0.0,0.048333,0.013337,-0.052303,0.565274,-0.330461,-0.015314,-0.545854,-0.136543,-0.42163,0.476862,-0.127176,0.057676,-0.097113,-0.033133,0.049765,-0.121738,-0.077381,0.033785,-0.037433,-0.079232,
0.577287,-0.947397,0.017691,-0.0,-1.570796,0.0,0.738374,-0.06691,0.158839,0.0,0.0,0.0,0.045726,0.013008,-0.050378,0.569486,-0.329026,-0.015153,-0.544224,-0.13622,-0.420337,0.476261,-0.127044,0.057865,-0.095324,-0.033208,0.048646,-0.120171,-0.079172,0.033739,-0.03855,-0.080361,
0.578025,-0.947464,0.01785,-0.0,-1.570796,0.0,0.738488,-0.066986,0.158861,0.0,0.0,0.0,0.043119,0.012679,-0.048452,0.573697,-0.32759,-0.014992,-0.542593,-0.135896,-0.419044,0.47566,-0.126912,0.058054,-0.093534,-0.033283,0.047526,-0.118604,-0.080962,0.033693,-0.039667,-0.08149,
0.578764,-0.947531,0.018009,-0.0,-1.570796,0.0,0.73845,-0.06691,0.158861,0.0,0.0,0.0,0.040512,0.01235,-0.046526,0.577909,-0.326154,-0.014831,-0.540962,-0.135572,-0.417752,0.475058,-0.12678,0.058243,-0.091744,-0.033358,0.046407,-0.117037,-0.082753,0.033647,-0.040784,-0.082618,
0.579502,-0.947598,0.018168,-0.0,-1.570796,0.0,0.738488,-0.066986,0.15886,0.0,0.0,0.0,0.037906,0.012021,-0.044601,0.58212,-0.324719,-0.01467,-0.539331,-0.135249,-0.416459,0.474457,-0.126648,0.058431,-0.089954,-0.033433,0.045288,-0.11547,-0.084543,0.033601,-0.041902,-0.083747,
0.580241,-0.947665,0.018327,-0.0,-1.570796,0.0,0.738374,-0.06691,0.158841,0.0,0.0,0.0,0.035299,0.011691,-0.042675,0.58633,-0.323283,-0.014509,-0.537701,-0.134925,-0.415166,0.473856,-0.126516,0.05862,-0.088165,-0.033508,0.044168,-0.113903,-0.086333,0.033556,-0.043019,-0.084876,
0.580979,-0.947732,0.018486,-0.0,-1.570796,0.0,0.73845,-0.066986,0.158861,0.0,0.0,0.0,0.032692,0.011362,-0.04075,0.590541,-0.321848,-0.014347,-0.53607,-0.134601,-0.413874,0.473254,-0.126384,0.058809,-0.086375,-0.033583,0.043049,-0.112336,-0.088124,0.03351,-0.044136,-0.086005,
0.581718,-0.947798,0.018645,-0.0,-1.570796,0.0,0.738412,-0.06691,0.158839,0.0,0.0,0.0,0.030086,0.011033,-0.038825,0.594751,-0.320412,-0.014186,-0.534439,-0.134278,-0.412581,0.472653,-0.126252,0.058997,-0.084585,-0.033659,0.04193,-0.110769,-0.089914,0.033464,-0.045253,-0.087134,
0.582456,-0.947865,0.018803,-0.0,-1.570796,0.0,0.73845,-0.066986,0.158861,0.0,0.0,0.0,0.027479,0.010704,-0.036899,0.598961,-0.318977,-0.014025,-0.532809,-0.133954,-0.411289,0.472052,-0.12612,0.059186,-0.082796,-0.033734,0.040811,-0.109202,-0.091704,0.033418,-0.04637,-0.088263,
0.583195,-0.947932,0.018962,-0.0,-1.570796,0.0,0.738488,-0.06691,0.15886,0.0,0.0,0.0,0.024873,0.010375,-0.034974,0.603171,-0.317541,-0.013864,-0.531178,-0.13363,-0.409996,0.471451,-0.125987,0.059375,-0.081006,-0.033809,0.039691,-0.107635,-0.093495,0.033372,-0.047488,-0.089392,
0.583933,-0.947999,0.019121,-0.0,-1.570796,0.0,0.738374,-0.06691,0.158841,0.0,0.0,0.0,0.022267,0.010046,-0.033048,0.607379,-0.316106,-0.013703,-0.529547,-0.133307,-0.408703,0.470849,-0.125855,0.059563,-0.079217,-0.033884,0.038572,-0.106068,-0.095285,0.033327,-0.048605,-0.09052,
0.584671,-0.948066,0.01928,-0.0,-1.570796,0.0,0.73845,-0.066986,0.158861,0.0,0.0,0.0,0.01966,0.009717,-0.031123,0.611588,-0.31467,-0.013542,-0.527917,-0.132983,-0.407411,0.470248,-0.125723,0.059752,-0.077427,-0.033959,0.037453,-0.104501,-0.097075,0.033281,-0.049722,-0.091649,
0.58541,-0.948133,0.019439,-0.0,-1.570796,0.0,0.738374,-0.06691,0.158839,0.0,0.0,0.0,0.017054,0.009388,-0.029198,0.615796,-0.313235,-0.013381,-0.526286,-0.13266,-0.406118,0.469647,-0.125591,0.059941,-0.075638,-0.034034,0.036334,-0.102934,-0.098865,0.033235,-0.050839,-0.092778,
0.586148,-0.9482,0.019598,-0.0,-1.570796,0.0,0.738488,-0.066986,0.158861,0.0,0.0,0.0,0.014448,0.009059,-0.027273,0.620003,-0.311799,-0.013219,-0.524656,-0.132336,-0.404826,0.469046,-0.125459,0.060129,-0.073848,-0.034109,0.035215,-0.101367,-0.100655,0.033189,-0.051956,-0.093907,
0.586884,-0.948268,0.019756,-0.0,-1.570796,0.0,0.735627,-0.067444,0.158484,0.0,0.0,0.0,0.011783,0.008736,-0.025296,0.624251,-0.310369,-0.01306,-0.523032,-0.132015,-0.403538,0.46845,-0.125342,0.060318,-0.072059,-0.034183,0.034096,-0.099813,-0.102445,0.033142,-0.053073,-0.09505,
0.5875,-0.948357,0.019899,-0.0,-1.570796,0.0,0.615693,-0.089646,0.142687,0.0,0.0,0.0,0.006646,0.008695,-0.021153,0.630188,-0.309162,-0.012959,-0.521678,-0.131811,-0.402465,0.468083,-0.12586,0.060486,-0.070282,-0.034196,0.032988,-0.098798,-0.104222,0.033047,-0.054184,-0.0968,
0.588115,-0.948447,0.020041,-0.0,-1.570796,0.0,0.615731,-0.089569,0.142688,0.0,0.0,0.0,0.001508,0.008654,-0.017009,0.636128,-0.307956,-0.012858,-0.520325,-0.131607,-0.401392,0.467716,-0.126377,0.060655,-0.068506,-0.034208,0.03188,-0.097783,-0.105998,0.032952,-0.055294,-0.098551,
0.588731,-0.948537,0.020184,-0.0,-1.570796,0.0,0.615731,-0.089646,0.142687,0.0,0.0,0.0,-0.003632,0.008613,-0.012865,0.642069,-0.306749,-0.012758,-0.518971,-0.131403,-0.40032,0.467349,-0.126895,0.060823,-0.066729,-0.034221,0.030772,-0.096767,-0.107774,0.032857,-0.056405,-0.100301,
0.589347,-0.948626,0.020327,-0.0,-1.570796,0.0,0.615655,-0.089569,0.14267,0.0,0.0,0.0,-0.008772,0.008571,-0.008721,0.64801,-0.305543,-0.012657,-0.517618,-0.131198,-0.399247,0.466982,-0.127412,0.060992,-0.064953,-0.034234,0.029664,-0.095752,-0.109551,0.032761,-0.057515,-0.102051,
0.589962,-0.948716,0.02047,-0.0,-1.570796,0.0,0.615731,-0.089569,0.142687,0.0,0.0,0.0,-0.013913,0.00853,-0.004576,0.653954,-0.304336,-0.012556,-0.516264,-0.130994,-0.398174,0.466616,-0.12793,0.06116,-0.063176,-0.034247,0.028556,-0.094737,-0.111327,0.032666,-0.058625,-0.103801,
0.590578,-0.948805,0.020612,-0.0,-1.570796,0.0,0.615617,-0.089646,0.14267,0.0,0.0,0.0,-0.019054,0.008489,-0.000431,0.659898,-0.303129,-0.012455,-0.514911,-0.13079,-0.397101,0.466249,-0.128447,0.061329,-0.061399,-0.03426,0.027448,-0.093721,-0.113104,0.032571,-0.059736,-0.105552,
0.591194,-0.948895,0.020755,-0.0,-1.570796,0.0,0.615731,-0.089569,0.142687,0.0,0.0,0.0,-0.024197,0.008448,0.003715,0.665844,-0.301923,-0.012355,-0.513558,-0.130586,-0.396028,0.465882,-0.128965,0.061498,-0.059623,-0.034272,0.02634,-0.092706,-0.11488,0.032476,-0.060846,-0.107302,
0.59181,-0.948984,0.020898,-0.0,-1.570796,0.0,0.615731,-0.089569,0.142687,0.0,0.0,0.0,-0.029341,0.008407,0.007861,0.671791,-0.300716,-0.012254,-0.512204,-0.130382,-0.394956,0.465515,-0.129482,0.061666,-0.057846,-0.034285,0.025232,-0.091691,-0.116657,0.032381,-0.061957,-0.109053,
0.592425,-0.949074,0.02104,-0.0,-1.570796,0.0,0.615655,-0.089646,0.14267,0.0,0.0,0.0,-0.034484,0.008366,0.012007,0.677738,-0.299509,-0.012153,-0.510851,-0.130178,-0.393883,0.465148,-0.13,0.061835,-0.056069,-0.034298,0.024124,-0.090675,-0.118433,0.032285,-0.063067,-0.110803,
0.593041,-0.949164,0.021183,-0.0,-1.570796,0.0,0.615731,-0.089569,0.142687,0.0,0.0,0.0,-0.039628,0.008324,0.016153,0.683687,-0.298303,-0.012052,-0.509497,-0.129973,-0.39281,0.464781,-0.130518,0.062003,-0.054292,-0.034311,0.023016,-0.08966,-0.12021,0.03219,-0.064177,-0.112553,
0.593656,-0.949253,0.021326,-0.0,-1.570796,0.0,0.615617,-0.089569,0.14267,0.0,0.0,0.0,-0.044773,0.008283,0.0203,0.689636,-0.297096,-0.011952,-0.508144,-0.129769,-0.391737,0.464415,-0.131035,0.062172,-0.052516,-0.034324,0.021909,-0.088645,-0.121986,0.032095,-0.065288,-0.114304,
0.594272,-0.949343,0.021468,-0.0,-1.570796,0.0,0.615731,-0.089646,0.142687,0.0,0.0,0.0,-0.049918,0.008242,0.024447,0.695586,-0.295889,-0.011851,-0.50679,-0.129565,-0.390664,0.464048,-0.131553,0.06234,-0.050739,-0.034337,0.020801,-0.087629,-0.123763,0.032,-0.066398,-0.116054,
0.594888,-0.949432,0.021611,-0.0,-1.570796,0.0,0.615731,-0.089569,0.142687,0.0,0.0,0.0,-0.055064,0.008201,0.028594,0.701536,-0.294683,-0.01175,-0.505436,-0.129361,-0.389591,0.463681,-0.13207,0.062509,-0.048962,-0.034349,0.019693,-0.086614,-0.12554,0.031904,-0.067509,-0.117805,
0.595504,-0.949522,0.021754,-0.0,-1.570796,0.0,0.615731,-0.089646,0.142687,0.0,0.0,0.0,-0.06021,0.008159,0.032742,0.707487,-0.293476,-0.01165,-0.504083,-0.129157,-0.388518,0.463314,-0.132588,0.062677,-0.047185,-0.034362,0.018585,-0.085598,-0.127316,0.031809,-0.068619,-0.119555,
0.596119,-0.949612,0.021896,-0.0,-1.570796,0.0,0.615731,-0.089569,0.142687,0.0,0.0,0.0,-0.065356,0.008118,0.036889,0.713438,-0.292269,-0.011549,-0.502729,-0.128953,-0.387445,0.462947,-0.133105,0.062846,-0.045408,-0.034375,0.017477,-0.084583,-0.129093,0.031714,-0.06973,-0.121306,
0.596735,-0.949701,0.022039,-0.0,-1.570796,0.0,0.615731,-0.089569,0.142689,0.0,0.0,0.0,-0.070502,0.008077,0.041037,0.71939,-0.291062,-0.011448,-0.501376,-0.128749,-0.386373,0.46258,-0.133623,0.063015,-0.043631,-0.034388,0.016369,-0.083567,-0.13087,0.031619,-0.07084,-0.123057,
0.597351,-0.949791,0.022182,-0.0,-1.570796,0.0,0.615617,-0.089646,0.142668,0.0,0.0,0.0,-0.075648,0.008036,0.045184,0.72534,-0.289856,-0.011347,-0.500022,-0.128544,-0.3853,0.462213,-0.134141,0.063183,-0.041855,-0.034401,0.015261,-0.082552,-0.132646,0.031523,-0.071951,-0.124807,
0.597966,-0.94988,0.022324,-0.0,-1.570796,0.0,0.615731,-0.089569,0.142687,0.0,0.0,0.0,-0.080794,0.007995,0.049332,0.731292,-0.288649,-0.011247,-0.498669,-0.12834,-0.384227,0.461847,-0.134658,0.063352,-0.040078,-0.034413,0.014153,-0.081537,-0.134423,0.031428,-0.073061,-0.126557,
0.598582,-0.94997,0.022467,-0.0,-1.570796,0.0,0.615655,-0.089569,0.14267,0.0,0.0,0.0,-0.08594,0.007953,0.053479,0.737242,-0.287443,-0.011146,-0.497315,-0.128136,-0.383154,0.46148,-0.135176,0.06352,-0.038301,-0.034426,0.013045,-0.080521,-0.1362,0.031333,-0.074171,-0.128308,
0.599198,-0.95006,0.02261,-0.0,-1.570796,0.0,0.615731,-0.089646,0.142687,0.0,0.0,0.0,-0.091086,0.007912,0.057626,0.743193,-0.286236,-0.011045,-0.495962,-0.127932,-0.382081,0.461113,-0.135693,0.063689,-0.036524,-0.034439,0.011937,-0.079506,-0.137976,0.031238,-0.075282,-0.130058,
0.599814,-0.950149,0.022752,-0.0,-1.570796,0.0,0.615731,-0.089569,0.142689,0.0,0.0,0.0,-0.096231,0.007871,0.061773,0.749144,-0.285029,-0.010945,-0.494608,-0.127728,-0.381008,0.460746,-0.136211,0.063857,-0.034747,-0.034452,0.010829,-0.07849,-0.139753,0.031142,-0.076392,-0.131809,
0.600429,-0.950239,0.022895,-0.0,-1.570796,0.0,0.615617,-0.089646,0.142668,0.0,0.0,0.0,-0.101376,0.00783,0.06592,0.755094,-0.283823,-0.010844,-0.493255,-0.127523,-0.379936,0.460379,-0.136728,0.064026,-0.03297,-0.034465,0.009721,-0.077475,-0.141529,0.031047,-0.077503,-0.133559,
0.601045,-0.950328,0.023038,-0.0,-1.570796,0.0,0.615731,-0.089569,0.142687,0.0,0.0,0.0,-0.106521,0.007789,0.070067,0.761043,-0.282616,-0.010743,-0.491901,-0.127319,-0.378863,0.460012,-0.137246,0.064194,-0.031194,-0.034478,0.008613,-0.07646,-0.143306,0.030952,-0.078613,-0.13531,
0.601661,-0.950418,0.02318,-0.0,-1.570796,0.0,0.615655,-0.089569,0.14267,0.0,0.0,0.0,-0.111665,0.007747,0.074213,0.766991,-0.281409,-0.010642,-0.490548,-0.127115,-0.37779,0.459646,-0.137763,0.064363,-0.029417,-0.03449,0.007505,-0.075444,-0.145083,0.030857,-0.079724,-0.13706,
0.602276,-0.950508,0.023323,-0.0,-1.570796,0.0,0.615731,-0.089646,0.142687,0.0,0.0,0.0,-0.116809,0.007706,0.07836,0.77294,-0.280203,-0.010542,-0.489194,-0.126911,-0.376717,0.459279,-0.138281,0.064531,-0.02764,-0.034503,0.006397,-0.074429,-0.146859,0.030762,-0.080834,-0.138811,
0.602892,-0.950597,0.023466,-0.0,-1.570796,0.0,0.615731,-0.089569,0.142687,0.0,0.0,0.0,-0.121953,0.007665,0.082506,0.778887,-0.278996,-0.010441,-0.48784,-0.126707,-0.375644,0.458912,-0.138799,0.0647,-0.025863,-0.034516,0.005289,-0.073414,-0.148636,0.030666,-0.081945,-0.140561,
0.603508,-0.950687,0.023609,-0.0,-1.570796,0.0,0.615693,-0.089646,0.142689,0.0,0.0,0.0,-0.127096,0.007624,0.086652,0.784833,-0.277789,-0.01034,-0.486487,-0.126503,-0.374571,0.458545,-0.139316,0.064869,-0.024086,-0.034529,0.004181,-0.072398,-0.150412,0.030571,-0.083055,-0.142312,
0.604123,-0.950776,0.023751,-0.0,-1.570796,0.0,0.615655,-0.089569,0.142668,0.0,0.0,0.0,-0.132238,0.007583,0.090797,0.790778,-0.276583,-0.01024,-0.485134,-0.126299,-0.373499,0.458178,-0.139834,0.065037,-0.02231,-0.034542,0.003074,-0.071383,-0.152189,0.030476,-0.084165,-0.144062,
0.604739,-0.950866,0.023894,-0.0,-1.570796,0.0,0.615808,-0.089569,0.142706,0.0,0.0,0.0,-0.13738,0.007541,0.094943,0.796723,-0.275376,-0.010139,-0.48378,-0.126094,-0.372426,0.457811,-0.140351,0.065206,-0.020533,-0.034554,0.001965,-0.070367,-0.153966,0.030381,-0.085276,-0.145812,
0.605355,-0.950956,0.024037,-0.0,-1.570796,0.0,0.615655,-0.089646,0.14267,0.0,0.0,0.0,-0.14252,0.0075,0.099087,0.802664,-0.274169,-0.010038,-0.482427,-0.12589,-0.371353,0.457444,-0.140869,0.065374,-0.018757,-0.034567,0.000858,-0.069352,-0.155742,0.030285,-0.086386,-0.147563,
0.605971,-0.951045,0.024179,-0.0,-1.570796,0.0,0.615731,-0.089569,0.142687,0.0,0.0,0.0,-0.14766,0.007459,0.103231,0.808606,-0.272963,-0.009937,-0.481073,-0.125686,-0.37028,0.457078,-0.141386,0.065543,-0.01698,-0.03458,-0.00025,-0.068337,-0.157518,0.03019,-0.087497,-0.149313,
0.606586,-0.951135,0.024322,-0.0,-1.570796,0.0,0.615617,-0.089569,0.14267,0.0,0.0,0.0,-0.152798,0.007418,0.107374,0.814545,-0.271756,-0.009837,-0.47972,-0.125482,-0.369207,0.456711,-0.141904,0.065711,-0.015203,-0.034593,-0.001358,-0.067322,-0.159294,0.030095,-0.088607,-0.151063,
0.607202,-0.951224,0.024465,-0.0,-1.570796,0.0,0.615731,-0.089646,0.142687,0.0,0.0,0.0,-0.157935,0.007377,0.111517,0.820483,-0.27055,-0.009736,-0.478366,-0.125278,-0.368134,0.456344,-0.142421,0.06588,-0.013427,-0.034606,-0.002466,-0.066306,-0.161071,0.03,-0.089718,-0.152813,
0.607785,-0.951326,0.024596,-0.0,-1.570796,0.0,0.582925,-0.10109,0.131603,0.0,0.0,0.0,-0.163335,0.007728,0.115991,0.826033,-0.269177,-0.009621,-0.476912,-0.125062,-0.366988,0.455754,-0.14281,0.066033,-0.011691,-0.034565,-0.003551,-0.065526,-0.162808,0.02988,-0.090804,-0.154839,
0.608353,-0.951432,0.024723,-0.0,-1.570796,0.0,0.568276,-0.106201,0.126662,0.0,0.0,0.0,-0.168852,0.008254,0.120613,0.831412,-0.26773,-0.0095,-0.475413,-0.124842,-0.365809,0.455065,-0.14314,0.06618,-0.009973,-0.034501,-0.004626,-0.06485,-0.164528,0.02975,-0.091881,-0.156987,
0.608921,-0.951538,0.02485,-0.0,-1.570796,0.0,0.568162,-0.106125,0.126627,0.0,0.0,0.0,-0.174369,0.00878,0.125235,0.836791,-0.266284,-0.00938,-0.473913,-0.124621,-0.364631,0.454376,-0.143471,0.066326,-0.008256,-0.034437,-0.005701,-0.064174,-0.166247,0.02962,-0.092957,-0.159135,
0.60949,-0.951644,0.024976,-0.0,-1.570796,0.0,0.568276,-0.106201,0.12666,0.0,0.0,0.0,-0.179889,0.009307,0.129859,0.842172,-0.264838,-0.009259,-0.472414,-0.124401,-0.363452,0.453687,-0.143801,0.066473,-0.006538,-0.034373,-0.006776,-0.063498,-0.167967,0.02949,-0.094034,-0.161283,
0.610058,-0.95175,0.025103,-0.0,-1.570796,0.0,0.568315,-0.106201,0.126662,0.0,0.0,0.0,-0.18541,0.009833,0.134483,0.847554,-0.263391,-0.009138,-0.470914,-0.12418,-0.362273,0.452998,-0.144132,0.06662,-0.004821,-0.034309,-0.007851,-0.062822,-0.169687,0.02936,-0.09511,-0.163432,
0.610626,-0.951856,0.025229,-0.0,-1.570796,0.0,0.568276,-0.106201,0.12666,0.0,0.0,0.0,-0.190932,0.010359,0.139108,0.852937,-0.261944,-0.009017,-0.469415,-0.12396,-0.361094,0.452309,-0.144462,0.066766,-0.003103,-0.034245,-0.008926,-0.062146,-0.171407,0.02923,-0.096187,-0.16558,
0.611194,-0.951963,0.025356,-0.0,-1.570796,0.0,0.568276,-0.106201,0.12666,0.0,0.0,0.0,-0.196455,0.010886,0.143733,0.858321,-0.260498,-0.008896,-0.467915,-0.123739,-0.359916,0.45162,-0.144793,0.066913,-0.001385,-0.034181,-0.010001,-0.06147,-0.173128,0.0291,-0.097263,-0.167729,
0.611763,-0.952069,0.025483,-0.0,-1.570796,0.0,0.568238,-0.106201,0.126643,0.0,0.0,0.0,-0.201978,0.011412,0.148358,0.863705,-0.259051,-0.008775,-0.466416,-0.123518,-0.358737,0.450931,-0.145123,0.067059,0.000333,-0.034117,-0.011076,-0.060794,-0.174847,0.02897,-0.09834,-0.169877,
0.612331,-0.952175,0.025609,-0.0,-1.570796,0.0,0.568276,-0.106201,0.126662,0.0,0.0,0.0,-0.207502,0.011938,0.152985,0.869091,-0.257604,-0.008654,-0.464916,-0.123298,-0.357558,0.450242,-0.145454,0.067206,0.00205,-0.034053,-0.012151,-0.060118,-0.176567,0.02884,-0.099416,-0.172026,
0.612899,-0.952281,0.025736,-0.0,-1.570796,0.0,0.568276,-0.106201,0.12666,0.0,0.0,0.0,-0.213027,0.012465,0.157611,0.874477,-0.256158,-0.008534,-0.463417,-0.123077,-0.356379,0.449553,-0.145784,0.067353,0.003768,-0.033988,-0.013226,-0.059442,-0.178288,0.02871,-0.100493,-0.174175,
0.613468,-0.952387,0.025863,-0.0,-1.570796,0.0,0.568315,-0.106201,0.12666,0.0,0.0,0.0,-0.218553,0.012991,0.162238,0.879863,-0.254711,-0.008413,-0.461917,-0.122857,-0.3552,0.448864,-0.146115,0.067499,0.005486,-0.033924,-0.014301,-0.058766,-0.180008,0.02858,-0.101569,-0.176323,
0.614036,-0.952494,0.025989,-0.0,-1.570796,0.0,0.568276,-0.106201,0.12666,0.0,0.0,0.0,-0.224079,0.013517,0.166866,0.88525,-0.253264,-0.008292,-0.460418,-0.122636,-0.354021,0.448175,-0.146445,0.067646,0.007204,-0.03386,-0.015376,-0.05809,-0.181728,0.02845,-0.102646,-0.178472,
0.614604,-0.9526,0.026116,-0.0,-1.570796,0.0,0.568124,-0.106125,0.126629,0.0,0.0,0.0,-0.229605,0.014044,0.171492,0.890636,-0.251818,-0.008171,-0.458918,-0.122416,-0.352843,0.447486,-0.146776,0.067792,0.008922,-0.033796,-0.016451,-0.057414,-0.183448,0.02832,-0.103722,-0.18062,
0.615172,-0.952706,0.026243,-0.0,-1.570796,0.0,0.568315,-0.106201,0.12666,0.0,0.0,0.0,-0.235132,0.01457,0.17612,0.896024,-0.250371,-0.00805,-0.457419,-0.122195,-0.351664,0.446797,-0.147106,0.067939,0.01064,-0.033732,-0.017526,-0.056738,-0.185168,0.02819,-0.104799,-0.182769,
0.615741,-0.952812,0.026369,-0.0,-1.570796,0.0,0.568276,-0.106201,0.12666,0.0,0.0,0.0,-0.240659,0.015096,0.180748,0.901412,-0.248924,-0.007929,-0.455919,-0.121975,-0.350485,0.446108,-0.147437,0.068085,0.012358,-0.033668,-0.018601,-0.056062,-0.186888,0.02806,-0.105875,-0.184918,
0.616309,-0.952918,0.026496,-0.0,-1.570796,0.0,0.568276,-0.106201,0.12666,0.0,0.0,0.0,-0.246186,0.015623,0.185376,0.9068,-0.247478,-0.007808,-0.45442,-0.121754,-0.349306,0.445419,-0.147768,0.068232,0.014075,-0.033604,-0.019676,-0.055386,-0.188608,0.02793,-0.106952,-0.187067,
0.616877,-0.953025,0.026623,-0.0,-1.570796,0.0,0.568315,-0.106201,0.12666,0.0,0.0,0.0,-0.251714,0.016149,0.190004,0.912188,-0.246031,-0.007688,-0.45292,-0.121534,-0.348127,0.44473,-0.148098,0.068379,0.015793,-0.03354,-0.020751,-0.05471,-0.190328,0.0278,-0.108028,-0.189216,
0.617445,-0.953131,0.026749,-0.0,-1.570796,0.0,0.568276,-0.106201,0.126662,0.0,0.0,0.0,-0.257241,0.016675,0.194632,0.917576,-0.244584,-0.007567,-0.45142,-0.121313,-0.346948,0.444041,-0.148429,0.068525,0.017511,-0.033476,-0.021826,-0.054034,-0.192049,0.02767,-0.109105,-0.191365,
0.618014,-0.953237,0.026876,-0.0,-1.570796,0.0,0.568124,-0.106201,0.126627,0.0,0.0,0.0,-0.262767,0.017201,0.199259,0.922963,-0.243138,-0.007446,-0.449921,-0.121093,-0.34577,0.443352,-0.148759,0.068672,0.019229,-0.033412,-0.022901,-0.053358,-0.193768,0.02754,-0.110181,-0.193513,
0.618582,-0.953343,0.027003,-0.0,-1.570796,0.0,0.568315,-0.106201,0.12666,0.0,0.0,0.0,-0.268294,0.017728,0.203887,0.928351,-0.241691,-0.007325,-0.448421,-0.120872,-0.344591,0.442663,-0.14909,0.068818,0.020947,-0.033347,-0.023976,-0.052682,-0.195489,0.02741,-0.111258,-0.195662,
0.61915,-0.953449,0.027129,-0.0,-1.570796,0.0,0.568276,-0.106201,0.126662,0.0,0.0,0.0,-0.273821,0.018254,0.208514,0.933739,-0.240244,-0.007204,-0.446922,-0.120652,-0.343412,0.441974,-0.14942,0.068965,0.022665,-0.033283,-0.025051,-0.052006,-0.197209,0.02728,-0.112334,-0.197811,
0.619718,-0.953556,0.027256,-0.0,-1.570796,0.0,0.568276,-0.106201,0.12666,0.0,0.0,0.0,-0.279348,0.01878,0.213142,0.939126,-0.238797,-0.007083,-0.445422,-0.120431,-0.342233,0.441285,-0.149751,0.069111,0.024383,-0.033219,-0.026126,-0.05133,-0.198929,0.02715,-0.113411,-0.19996,
0.620287,-0.953662,0.027383,-0.0,-1.570796,0.0,0.568315,-0.106201,0.12666,0.0,0.0,0.0,-0.284874,0.019307,0.217769,0.944513,-0.237351,-0.006962,-0.443923,-0.120211,-0.341054,0.440596,-0.150081,0.069258,0.026101,-0.033155,-0.027201,-0.050654,-0.200649,0.02702,-0.114488,-0.202108,
0.620855,-0.953768,0.027509,-0.0,-1.570796,0.0,0.5682,-0.106201,0.126643,0.0,0.0,0.0,-0.290399,0.019833,0.222396,0.949899,-0.235904,-0.006842,-0.442423,-0.11999,-0.339875,0.439907,-0.150412,0.069405,0.027818,-0.033091,-0.028276,-0.049978,-0.202369,0.02689,-0.115564,-0.204257,
0.621423,-0.953874,0.027636,-0.0,-1.570796,0.0,0.568276,-0.106125,0.126662,0.0,0.0,0.0,-0.295924,0.020359,0.227022,0.955285,-0.234458,-0.006721,-0.440924,-0.11977,-0.338697,0.439218,-0.150742,0.069551,0.029536,-0.033027,-0.029351,-0.049302,-0.204089,0.02676,-0.116641,-0.206406,
0.621992,-0.95398,0.027763,-0.0,-1.570796,0.0,0.568315,-0.106201,0.12666,0.0,0.0,0.0,-0.301449,0.020886,0.231649,0.96067,-0.233011,-0.0066,-0.439424,-0.119549,-0.337518,0.438529,-0.151073,0.069698,0.031254,-0.032963,-0.030426,-0.048626,-0.205809,0.02663,-0.117717,-0.208554,
0.62256,-0.954086,0.027889,-0.0,-1.570796,0.0,0.568276,-0.106201,0.12666,0.0,0.0,0.0,-0.306972,0.021412,0.236274,0.966055,-0.231564,-0.006479,-0.437925,-0.119328,-0.336339,0.43784,-0.151403,0.069844,0.032972,-0.032899,-0.031501,-0.04795,-0.207529,0.0265,-0.118794,-0.210703,
0.623128,-0.954193,0.028016,-0.0,-1.570796,0.0,0.568276,-0.106201,0.12666,0.0,0.0,0.0,-0.312495,0.021938,0.2409,0.971439,-0.230117,-0.006358,-0.436425,-0.119108,-0.33516,0.437151,-0.151734,0.069991,0.03469,-0.032835,-0.032576,-0.047274,-0.209249,0.02637,-0.11987,-0.212852,
0.623696,-0.954299,0.028143,-0.0,-1.570796,0.0,0.568162,-0.106201,0.126629,0.0,0.0,0.0,-0.318016,0.022465,0.245523,0.976821,-0.228671,-0.006237,-0.434926,-0.118888,-0.333981,0.436462,-0.152064,0.070138,0.036407,-0.032771,-0.033651,-0.046598,-0.210969,0.02624,-0.120946,-0.215,
0.624264,-0.954405,0.028269,-0.0,-1.570796,0.0,0.568276,-0.106201,0.12666,0.0,0.0,0.0,-0.323537,0.022991,0.250148,0.982203,-0.227225,-0.006116,-0.433426,-0.118667,-0.332803,0.435773,-0.152395,0.070284,0.038125,-0.032706,-0.034726,-0.045922,-0.212689,0.02611,-0.122023,-0.217148,
0.624833,-0.954511,0.028396,-0.0,-1.570796,0.0,0.568276,-0.106201,0.12666,0.0,0.0,0.0,-0.329056,0.023517,0.254771,0.987584,-0.225778,-0.005996,-0.431927,-0.118446,-0.331624,0.435084,-0.152725,0.070431,0.039843,-0.032642,-0.035801,-0.045246,-0.214409,0.02598,-0.123099,-0.219296,
0.625401,-0.954618,0.028523,-0.0,-1.570796,0.0,0.568315,-0.106201,0.12666,0.0,0.0,0.0,-0.334575,0.024044,0.259394,0.992964,-0.224331,-0.005875,-0.430427,-0.118226,-0.330445,0.434395,-0.153056,0.070577,0.04156,-0.032578,-0.036876,-0.044571,-0.216129,0.02585,-0.124176,-0.221445,
0.625969,-0.954724,0.028649,-0.0,-1.570796,0.0,0.568276,-0.106201,0.12666,0.0,0.0,0.0,-0.340092,0.02457,0.264016,0.998343,-0.222885,-0.005754,-0.428928,-0.118005,-0.329266,0.433706,-0.153386,0.070724,0.043278,-0.032514,-0.037951,-0.043895,-0.217849,0.025719,-0.125252,-0.223593,
0.626527,-0.954832,0.02877,-0.0,-1.570796,0.0,0.557786,-0.108643,0.120475,0.0,0.0,0.0,-0.345337,0.02526,0.268436,1.003067,-0.22134,-0.005607,-0.427375,-0.117782,-0.328048,0.432917,-0.15365,0.070862,0.044959,-0.032424,-0.039002,-0.043281,-0.21953,0.025582,-0.126305,-0.225822,
0.627067,-0.954945,0.028879,-0.0,-1.570796,0.0,0.539514,-0.112992,0.109563,0.0,0.0,0.0,-0.350104,0.026243,0.272502,1.006634,-0.219617,-0.005415,-0.425725,-0.117553,-0.326758,0.431949,-0.153795,0.070985,0.046575,-0.032286,-0.040011,-0.042777,-0.221145,0.02543,-0.127314,-0.228198,
0.627606,-0.955058,0.028989,-0.0,-1.570796,0.0,0.539399,-0.112915,0.109537,0.0,0.0,0.0,-0.354871,0.027225,0.276568,1.010199,-0.217896,-0.005223,-0.424076,-0.117324,-0.325469,0.430981,-0.15394,0.071107,0.048191,-0.032149,-0.041021,-0.042273,-0.222759,0.025278,-0.128324,-0.230573,
0.628146,-0.955171,0.029098,-0.0,-1.570796,0.0,0.539514,-0.113068,0.109563,0.0,0.0,0.0,-0.359639,0.028208,0.280635,1.013766,-0.216173,-0.00503,-0.422426,-0.117095,-0.324179,0.430013,-0.154086,0.07123,0.049807,-0.032012,-0.04203,-0.04177,-0.224374,0.025126,-0.129334,-0.232949,
0.628685,-0.955284,0.029208,-0.0,-1.570796,0.0,0.539399,-0.112915,0.109534,0.0,0.0,0.0,-0.364407,0.029191,0.284701,1.017332,-0.214451,-0.004838,-0.420776,-0.116866,-0.322889,0.429046,-0.154231,0.071353,0.051423,-0.031874,-0.043039,-0.041266,-0.225988,0.024974,-0.130344,-0.235325,
0.629224,-0.955397,0.029317,-0.0,-1.570796,0.0,0.539552,-0.112992,0.109563,0.0,0.0,0.0,-0.369177,0.030174,0.288769,1.0209,-0.212729,-0.004646,-0.419126,-0.116637,-0.321599,0.428078,-0.154376,0.071476,0.05304,-0.031737,-0.044049,-0.040762,-0.227603,0.024822,-0.131354,-0.237701,
0.629764,-0.95551,0.029427,-0.0,-1.570796,0.0,0.539323,-0.112992,0.10952,0.0,0.0,0.0,-0.373946,0.031156,0.292836,1.024466,-0.211007,-0.004454,-0.417476,-0.116408,-0.32031,0.42711,-0.154521,0.071599,0.054655,-0.0316,-0.045058,-0.040259,-0.229217,0.02467,-0.132363,-0.240076,
0.630303,-0.955623,0.029536,-0.0,-1.570796,0.0,0.539437,-0.112992,0.109549,0.0,0.0,0.0,-0.378716,0.032139,0.296904,1.028034,-0.209285,-0.004261,-0.415827,-0.116179,-0.31902,0.426143,-0.154666,0.071721,0.056272,-0.031462,-0.046068,-0.039755,-0.230831,0.024518,-0.133373,-0.242452,
0.630843,-0.955736,0.029646,-0.0,-1.570796,0.0,0.539475,-0.112992,0.109549,0.0,0.0,0.0,-0.383487,0.033121,0.300972,1.031602,-0.207563,-0.004069,-0.414177,-0.11595,-0.31773,0.425175,-0.154811,0.071844,0.057888,-0.031325,-0.047077,-0.039251,-0.232446,0.024366,-0.134383,-0.244828,
0.631382,-0.955849,0.029756,-0.0,-1.570796,0.0,0.539437,-0.112992,0.109551,0.0,0.0,0.0,-0.388259,0.034104,0.305041,1.035169,-0.205841,-0.003877,-0.412527,-0.115721,-0.31644,0.424207,-0.154956,0.071967,0.059504,-0.031188,-0.048086,-0.038748,-0.234061,0.024214,-0.135392,-0.247204,
0.631922,-0.955962,0.029865,-0.0,-1.570796,0.0,0.539475,-0.112992,0.109549,0.0,0.0,0.0,-0.393031,0.035087,0.309109,1.038737,-0.204119,-0.003685,-0.410877,-0.115493,-0.315151,0.423239,-0.155101,0.07209,0.061121,-0.03105,-0.049096,-0.038244,-0.235675,0.024062,-0.136402,-0.24958,
0.632461,-0.956075,0.029975,-0.0,-1.570796,0.0,0.539323,-0.112915,0.10952,0.0,0.0,0.0,-0.397801,0.036069,0.313178,1.042305,-0.202397,-0.003492,-0.409227,-0.115264,-0.313861,0.422272,-0.155246,0.072212,0.062736,-0.030913,-0.050105,-0.03774,-0.23729,0.02391,-0.137412,-0.251955,
0.633,-0.956188,0.030084,-0.0,-1.570796,0.0,0.539475,-0.112992,0.109549,0.0,0.0,0.0,-0.402574,0.037052,0.317247,1.045873,-0.200675,-0.0033,-0.407577,-0.115035,-0.312571,0.421304,-0.155391,0.072335,0.064353,-0.030775,-0.051114,-0.037237,-0.238904,0.023758,-0.138422,-0.254331,
0.63354,-0.956301,0.030194,-0.0,-1.570796,0.0,0.539437,-0.112992,0.109549,0.0,0.0,0.0,-0.407347,0.038035,0.321316,1.049442,-0.198952,-0.003108,-0.405927,-0.114806,-0.311282,0.420336,-0.155537,0.072458,0.065969,-0.030638,-0.052124,-0.036733,-0.240519,0.023606,-0.139431,-0.256708,
0.634079,-0.956414,0.030303,-0.0,-1.570796,0.0,0.539475,-0.112992,0.109549,0.0,0.0,0.0,-0.41212,0.039018,0.325386,1.05301,-0.19723,-0.002915,-0.404277,-0.114577,-0.309992,0.419369,-0.155682,0.072581,0.067585,-0.030501,-0.053133,-0.036229,-0.242134,0.023454,-0.140441,-0.259084,
0.634619,-0.956527,0.030413,-0.0,-1.570796,0.0,0.539475,-0.112992,0.109549,0.0,0.0,0.0,-0.416892,0.04,0.329455,1.056579,-0.195508,-0.002723,-0.402627,-0.114348,-0.308702,0.418401,-0.155827,0.072703,0.069202,-0.030363,-0.054143,-0.035726,-0.243748,0.023302,-0.141451,-0.26146,
0.635158,-0.95664,0.030522,-0.0,-1.570796,0.0,0.539361,-0.112992,0.109537,0.0,0.0,0.0,-0.421665,0.040983,0.333525,1.060147,-0.193786,-0.002531,-0.400978,-0.114119,-0.307412,0.417433,-0.155972,0.072826,0.070818,-0.030226,-0.055152,-0.035222,-0.245363,0.02315,-0.142461,-0.263836,
0.635698,-0.956753,0.030632,-0.0,-1.570796,0.0,0.539475,-0.112992,0.109549,0.0,0.0,0.0,-0.426438,0.041966,0.337594,1.063715,-0.192064,-0.002339,-0.399328,-0.11389,-0.306123,0.416465,-0.156117,0.072949,0.072434,-0.030089,-0.056162,-0.034718,-0.246977,0.022998,-0.14347,-0.266212,
0.636237,-0.956866,0.030741,-0.0,-1.570796,0.0,0.539475,-0.112992,0.109549,0.0,0.0,0.0,-0.431211,0.042948,0.341664,1.067284,-0.190341,-0.002146,-0.397678,-0.113661,-0.304833,0.415498,-0.156262,0.073072,0.074051,-0.029951,-0.057171,-0.034215,-0.248592,0.022846,-0.14448,-0.268588,
0.636777,-0.956979,0.030851,-0.0,-1.570796,0.0,0.539437,-0.112992,0.109549,0.0,0.0,0.0,-0.435984,0.043931,0.345733,1.070852,-0.188619,-0.001954,-0.396028,-0.113432,-0.303543,0.41453,-0.156407,0.073195,0.075667,-0.029814,-0.05818,-0.033711,-0.250207,0.022694,-0.14549,-0.270965,
0.637316,-0.957092,0.030961,-0.0,-1.570796,0.0,0.539475,-0.112992,0.109549,0.0,0.0,0.0,-0.440757,0.044914,0.349803,1.074421,-0.186897,-0.001762,-0.394378,-0.113203,-0.302253,0.413562,-0.156552,0.073317,0.077283,-0.029677,-0.05919,-0.033207,-0.251822,0.022542,-0.1465,-0.273341,
0.637855,-0.957205,0.03107,-0.0,-1.570796,0.0,0.539323,-0.112915,0.109523,0.0,0.0,0.0,-0.445528,0.045896,0.353871,1.077988,-0.185175,-0.00157,-0.392728,-0.112974,-0.300964,0.412595,-0.156697,0.07344,0.078899,-0.029539,-0.060199,-0.032704,-0.253436,0.02239,-0.147509,-0.275716,
0.638395,-0.957318,0.03118,-0.0,-1.570796,0.0,0.539437,-0.112992,0.109549,0.0,0.0,0.0,-0.450301,0.046879,0.35794,1.081557,-0.183453,-0.001377,-0.391078,-0.112745,-0.299674,0.411627,-0.156843,0.073563,0.080516,-0.029402,-0.061209,-0.0322,-0.25505,0.022238,-0.148519,-0.278093,
0.638934,-0.957431,0.031289,-0.0,-1.570796,0.0,0.539475,-0.112992,0.109549,0.0,0.0,0.0,-0.455073,0.047862,0.362009,1.085125,-0.18173,-0.001185,-0.389428,-0.112517,-0.298384,0.410659,-0.156988,0.073686,0.082132,-0.029265,-0.062218,-0.031696,-0.256665,0.022086,-0.149529,-0.280469,
0.639474,-0.957544,0.031399,-0.0,-1.570796,0.0,0.539475,-0.112992,0.109549,0.0,0.0,0.0,-0.459844,0.048844,0.366078,1.088693,-0.180008,-0.000993,-0.387778,-0.112288,-0.297094,0.409691,-0.157133,0.073808,0.083748,-0.029127,-0.063227,-0.031193,-0.25828,0.021934,-0.150539,-0.282845,
0.640013,-0.957657,0.031508,-0.0,-1.570796,0.0,0.539437,-0.112992,0.109549,0.0,0.0,0.0,-0.464616,0.049827,0.370147,1.092261,-0.178286,-0.0008,-0.386128,-0.112059,-0.295805,0.408724,-0.157278,0.073931,0.085364,-0.02899,-0.064237,-0.030689,-0.259894,0.021782,-0.151549,-0.285221,
0.640553,-0.95777,0.031618,-0.0,-1.570796,0.0,0.539323,-0.112992,0.10952,0.0,0.0,0.0,-0.469385,0.05081,0.374214,1.095827,-0.176564,-0.000608,-0.384479,-0.11183,-0.294515,0.407756,-0.157423,0.074054,0.08698,-0.028852,-0.065246,-0.030186,-0.261509,0.02163,-0.152558,-0.287596,
0.641092,-0.957883,0.031727,-0.0,-1.570796,0.0,0.539475,-0.112992,0.109549,0.0,0.0,0.0,-0.474155,0.051792,0.378282,1.099395,-0.174842,-0.000416,-0.382829,-0.111601,-0.293225,0.406788,-0.157568,0.074177,0.088597,-0.028715,-0.066255,-0.029682,-0.263123,0.021478,-0.153568,-0.289972,
0.641631,-0.957996,0.031837,-0.0,-1.570796,0.0,0.539475,-0.112992,0.109551,0.0,0.0,0.0,-0.478925,0.052775,0.382349,1.102962,-0.17312,-0.000224,-0.381179,-0.111372,-0.291936,0.405821,-0.157713,0.074299,0.090213,-0.028578,-0.067265,-0.029178,-0.264738,0.021326,-0.154578,-0.292348,
0.642171,-0.958109,0.031946,-0.0,-1.570796,0.0,0.539399,-0.112992,0.109549,0.0,0.0,0.0,-0.483694,0.053758,0.386417,1.106529,-0.171398,-0.000031,-0.379529,-0.111143,-0.290646,0.404853,-0.157858,0.074422,0.091829,-0.02844,-0.068274,-0.028675,-0.266352,0.021174,-0.155587,-0.294724,
0.64271,-0.958222,0.032056,-0.0,-1.570796,0.0,0.539475,-0.112992,0.109549,0.0,0.0,0.0,-0.488463,0.05474,0.390483,1.110096,-0.169676,0.000161,-0.37788,-0.110914,-0.289356,0.403885,-0.158003,0.074545,0.093445,-0.028303,-0.069284,-0.028171,-0.267967,0.021022,-0.156597,-0.297099,
0.64325,-0.958335,0.032166,-0.0,-1.570796,0.0,0.539399,-0.112992,0.109534,0.0,0.0,0.0,-0.49323,0.055723,0.394549,1.113661,-0.167954,0.000353,-0.37623,-0.110685,-0.288067,0.402917,-0.158148,0.074668,0.095061,-0.028166,-0.070293,-0.027667,-0.269581,0.02087,-0.157607,-0.299474,
0.643789,-0.958448,0.032275,-0.0,-1.570796,0.0,0.539475,-0.112915,0.109549,0.0,0.0,0.0,-0.497996,0.056706,0.398615,1.117227,-0.166232,0.000546,-0.37458,-0.110456,-0.286777,0.40195,-0.158294,0.074791,0.096677,-0.028028,-0.071302,-0.027164,-0.271195,0.020718,-0.158617,-0.30185,
0.644328,-0.958561,0.032384,-0.0,-1.570796,0.0,0.53856,-0.112915,0.10901,0.0,0.0,0.0,-0.502727,0.057691,0.402649,1.12072,-0.16451,0.000738,-0.372928,-0.110228,-0.285485,0.400976,-0.158434,0.074913,0.098289,-0.02789,-0.072309,-0.026664,-0.272805,0.020565,-0.159623,-0.304227,
0.644834,-0.95867,0.032474,-0.0,-1.570796,0.0,0.505982,-0.109329,0.090237,0.0,0.0,0.0,-0.506217,0.058779,0.405608,1.121692,-0.162768,0.000949,-0.371186,-0.110014,-0.284128,0.399803,-0.158425,0.075012,0.099745,-0.027705,-0.07322,-0.026314,-0.274263,0.020406,-0.160533,-0.306656,
0.64534,-0.958779,0.032565,-0.0,-1.570796,0.0,0.506059,-0.109406,0.090237,0.0,0.0,0.0,-0.509707,0.059867,0.408567,1.122663,-0.161026,0.00116,-0.369445,-0.109801,-0.28277,0.39863,-0.158416,0.075111,0.101202,-0.02752,-0.074131,-0.025965,-0.27572,0.020247,-0.161443,-0.309085,
0.645846,-0.958889,0.032655,-0.0,-1.570796,0.0,0.506059,-0.109329,0.090237,0.0,0.0,0.0,-0.513198,0.060955,0.411526,1.123634,-0.159284,0.00137,-0.367703,-0.109588,-0.281413,0.397457,-0.158407,0.07521,0.102659,-0.027335,-0.075042,-0.025615,-0.277177,0.020087,-0.162353,-0.311514,
0.646352,-0.958998,0.032745,-0.0,-1.570796,0.0,0.505906,-0.109329,0.090215,0.0,0.0,0.0,-0.516688,0.062043,0.414484,1.124605,-0.157543,0.001581,-0.365962,-0.109375,-0.280055,0.396284,-0.158398,0.075309,0.104115,-0.02715,-0.075953,-0.025265,-0.278634,0.019928,-0.163263,-0.313943,
0.646858,-0.959107,0.032835,-0.0,-1.570796,0.0,0.506059,-0.109329,0.090237,0.0,0.0,0.0,-0.520179,0.063131,0.417444,1.125577,-0.155801,0.001791,-0.364221,-0.109162,-0.278698,0.395111,-0.158388,0.075407,0.105572,-0.026965,-0.076864,-0.024915,-0.280091,0.019769,-0.164173,-0.316372,
0.647364,-0.959217,0.032926,-0.0,-1.570796,0.0,0.505982,-0.109406,0.090239,0.0,0.0,0.0,-0.52367,0.064219,0.420403,1.126548,-0.154059,0.002002,-0.362479,-0.108948,-0.27734,0.393938,-0.158379,0.075506,0.107029,-0.02678,-0.077775,-0.024566,-0.281548,0.019609,-0.165083,-0.318802,
0.64787,-0.959326,0.033016,-0.0,-1.570796,0.0,0.506059,-0.109329,0.090237,0.0,0.0,0.0,-0.527162,0.065307,0.423363,1.127519,-0.152317,0.002212,-0.360737,-0.108735,-0.275982,0.392765,-0.15837,0.075605,0.108486,-0.026595,-0.078686,-0.024216,-0.283006,0.01945,-0.165993,-0.321231,
0.648376,-0.959435,0.033106,-0.0,-1.570796,0.0,0.506059,-0.109329,0.090237,0.0,0.0,0.0,-0.530654,0.066395,0.426323,1.128491,-0.150575,0.002423,-0.358995,-0.108522,-0.274624,0.391591,-0.158361,0.075704,0.109942,-0.02641,-0.079597,-0.023866,-0.284463,0.019291,-0.166903,-0.323661,
0.648882,-0.959545,0.033196,-0.0,-1.570796,0.0,0.505982,-0.109329,0.090225,0.0,0.0,0.0,-0.534146,0.067483,0.429282,1.129462,-0.148834,0.002634,-0.357254,-0.108309,-0.273267,0.390419,-0.158352,0.075803,0.111399,-0.026225,-0.080508,-0.023516,-0.28592,0.019131,-0.167813,-0.32609,
0.649388,-0.959654,0.033286,-0.0,-1.570796,0.0,0.505982,-0.109406,0.090227,0.0,0.0,0.0,-0.537637,0.06857,0.432242,1.130433,-0.147092,0.002844,-0.355512,-0.108096,-0.271909,0.389245,-0.158343,0.075902,0.112856,-0.02604,-0.081419,-0.023166,-0.287377,0.018972,-0.168722,-0.32852,
0.649894,-0.959764,0.033377,-0.0,-1.570796,0.0,0.506059,-0.109329,0.090249,0.0,0.0,0.0,-0.54113,0.069659,0.435202,1.131405,-0.14535,0.003055,-0.35377,-0.107882,-0.270551,0.388072,-0.158333,0.076001,0.114313,-0.025855,-0.08233,-0.022817,-0.288835,0.018813,-0.169633,-0.33095,
0.6504,-0.959873,0.033467,-0.0,-1.570796,0.0,0.505982,-0.109329,0.090225,0.0,0.0,0.0,-0.544622,0.070746,0.438162,1.132376,-0.143608,0.003265,-0.352029,-0.107669,-0.269194,0.386899,-0.158324,0.0761,0.115769,-0.02567,-0.083241,-0.022467,-0.290292,0.018654,-0.170542,-0.33338,
0.650906,-0.959982,0.033557,-0.0,-1.570796,0.0,0.506135,-0.109406,0.090249,0.0,0.0,0.0,-0.548115,0.071835,0.441123,1.133347,-0.141866,0.003476,-0.350287,-0.107456,-0.267836,0.385726,-0.158315,0.076199,0.117226,-0.025485,-0.084152,-0.022117,-0.291749,0.018494,-0.171453,-0.33581,
0.651412,-0.960092,0.033647,-0.0,-1.570796,0.0,0.505906,-0.109329,0.090215,0.0,0.0,0.0,-0.551607,0.072922,0.444082,1.134318,-0.140124,0.003687,-0.348545,-0.107243,-0.266478,0.384553,-0.158306,0.076298,0.118683,-0.0253,-0.085063,-0.021767,-0.293206,0.018335,-0.172362,-0.338239,
0.651918,-0.960201,0.033738,-0.0,-1.570796,0.0,0.506059,-0.109329,0.090237,0.0,0.0,0.0,-0.5551,0.07401,0.447043,1.13529,-0.138382,0.003897,-0.346803,-0.107029,-0.265121,0.38338,-0.158297,0.076397,0.12014,-0.025115,-0.085974,-0.021418,-0.294664,0.018176,-0.173272,-0.340669,
0.652424,-0.96031,0.033828,-0.0,-1.570796,0.0,0.506059,-0.109329,0.090239,0.0,0.0,0.0,-0.558593,0.075098,0.450003,1.136261,-0.13664,0.004108,-0.345061,-0.106816,-0.263763,0.382206,-0.158287,0.076496,0.121597,-0.02493,-0.086885,-0.021068,-0.296121,0.018016,-0.174182,-0.343099,
0.65293,-0.96042,0.033918,-0.0,-1.570796,0.0,0.505982,-0.109406,0.090237,0.0,0.0,0.0,-0.562085,0.076186,0.452964,1.137232,-0.134898,0.004318,-0.34332,-0.106603,-0.262405,0.381033,-0.158278,0.076595,0.123053,-0.024745,-0.087796,-0.020718,-0.297578,0.017857,-0.175092,-0.345529,
0.653436,-0.960529,0.034008,-0.0,-1.570796,0.0,0.506059,-0.109329,0.090237,0.0,0.0,0.0,-0.565578,0.077274,0.455924,1.138204,-0.133156,0.004529,-0.341578,-0.10639,-0.261047,0.37986,-0.158269,0.076694,0.12451,-0.02456,-0.088707,-0.020368,-0.299036,0.017698,-0.176002,-0.347959,
0.653942,-0.960638,0.034099,-0.0,-1.570796,0.0,0.505906,-0.109329,0.090215,0.0,0.0,0.0,-0.56907,0.078362,0.458884,1.139175,-0.131414,0.004739,-0.339836,-0.106177,-0.25969,0.378687,-0.15826,0.076793,0.125967,-0.024375,-0.089618,-0.020018,-0.300493,0.017538,-0.176912,-0.350388,
0.654448,-0.960748,0.034189,-0.0,-1.570796,0.0,0.506059,-0.109329,0.090237,0.0,0.0,0.0,-0.572563,0.07945,0.461844,1.140146,-0.129672,0.00495,-0.338095,-0.105963,-0.258332,0.377514,-0.158251,0.076892,0.127424,-0.02419,-0.090529,-0.019669,-0.30195,0.017379,-0.177822,-0.352818,
0.654954,-0.960857,0.034279,-0.0,-1.570796,0.0,0.506059,-0.109329,0.090237,0.0,0.0,0.0,-0.576055,0.080538,0.464804,1.141118,-0.12793,0.005161,-0.336353,-0.10575,-0.256974,0.376341,-0.158242,0.076991,0.128881,-0.024005,-0.09144,-0.019319,-0.303408,0.01722,-0.178732,-0.355248,
0.65546,-0.960966,0.034369,-0.0,-1.570796,0.0,0.505982,-0.109406,0.090237,0.0,0.0,0.0,-0.579548,0.081626,0.467764,1.142089,-0.126188,0.005371,-0.334611,-0.105537,-0.255616,0.375168,-0.158232,0.07709,0.130337,-0.02382,-0.092351,-0.018969,-0.304865,0.01706,-0.179642,-0.357678,
0.655966,-0.961076,0.034459,-0.0,-1.570796,0.0,0.506059,-0.109329,0.090239,0.0,0.0,0.0,-0.58304,0.082714,0.470724,1.14306,-0.124446,0.005582,-0.332869,-0.105324,-0.254259,0.373994,-0.158223,0.077189,0.131794,-0.023635,-0.093262,-0.018619,-0.306322,0.016901,-0.180552,-0.360108,
0.656472,-0.961185,0.03455,-0.0,-1.570796,0.0,0.506059,-0.109329,0.090237,0.0,0.0,0.0,-0.586533,0.083802,0.473685,1.144032,-0.122704,0.005792,-0.331127,-0.10511,-0.252901,0.372821,-0.158214,0.077288,0.133251,-0.02345,-0.094173,-0.018269,-0.30778,0.016742,-0.181462,-0.362537,
0.656978,-0.961294,0.03464,-0.0,-1.570796,0.0,0.505982,-0.109329,0.090225,0.0,0.0,0.0,-0.590024,0.08489,0.476644,1.145003,-0.120962,0.006003,-0.329386,-0.104897,-0.251543,0.371648,-0.158205,0.077387,0.134708,-0.023266,-0.095084,-0.01792,-0.309237,0.016582,-0.182372,-0.364967,
0.657484,-0.961404,0.03473,-0.0,-1.570796,0.0,0.506059,-0.109406,0.090237,0.0,0.0,0.0,-0.593516,0.085978,0.479604,1.145974,-0.11922,0.006214,-0.327644,-0.104684,-0.250186,0.370475,-0.158196,0.077486,0.136164,-0.023081,-0.095995,-0.01757,-0.310694,0.016423,-0.183282,-0.367397,
0.65799,-0.961513,0.03482,-0.0,-1.570796,0.0,0.505982,-0.109329,0.090239,0.0,0.0,0.0,-0.597008,0.087066,0.482564,1.146946,-0.117478,0.006424,-0.325902,-0.104471,-0.248828,0.369302,-0.158186,0.077585,0.137621,-0.022896,-0.096906,-0.01722,-0.312151,0.016264,-0.184192,-0.369826,
0.658496,-0.961622,0.034911,-0.0,-1.570796,0.0,0.506059,-0.109329,0.090237,0.0,0.0,0.0,-0.600499,0.088154,0.485523,1.147917,-0.115736,0.006635,-0.324161,-0.104257,-0.24747,0.368129,-0.158177,0.077684,0.139078,-0.022711,-0.097817,-0.01687,-0.313608,0.016104,-0.185101,-0.372256,
0.659002,-0.961732,0.035001,-0.0,-1.570796,0.0,0.506059,-0.109406,0.090237,0.0,0.0,0.0,-0.603991,0.089242,0.488483,1.148888,-0.113995,0.006845,-0.322419,-0.104044,-0.246113,0.366956,-0.158168,0.077782,0.140535,-0.022526,-0.098728,-0.016521,-0.315066,0.015945,-0.186011,-0.374685,
0.659508,-0.961841,0.035091,-0.0,-1.570796,0.0,0.505906,-0.109329,0.090215,0.0,0.0,0.0,-0.607481,0.09033,0.491441,1.149859,-0.112253,0.007056,-0.320678,-0.103831,-0.244755,0.365783,-0.158159,0.077881,0.141991,-0.022341,-0.099639,-0.016171,-0.316523,0.015786,-0.186921,-0.377114,
0.660014,-0.96195,0.035181,-0.0,-1.570796,0.0,0.506059,-0.109329,0.090237,0.0,0.0,0.0,-0.610972,0.091418,0.4944,1.150831,-0.110511,0.007267,-0.318936,-0.103618,-0.243398,0.36461,-0.15815,0.07798,0.143448,-0.022156,-0.10055,-0.015821,-0.31798,0.015626,-0.187831,-0.379543,
0.66052,-0.96206,0.035272,-0.0,-1.570796,0.0,0.506059,-0.109329,0.090237,0.0,0.0,0.0,-0.614462,0.092506,0.497359,1.151802,-0.10877,0.007477,-0.317195,-0.103405,-0.24204,0.363437,-0.15814,0.078079,0.144905,-0.021971,-0.101461,-0.015471,-0.319437,0.015467,-0.188741,-0.381972,
0.661026,-0.962169,0.035362,-0.0,-1.570796,0.0,0.505982,-0.109406,0.090239,0.0,0.0,0.0,-0.617952,0.093594,0.500318,1.152773,-0.107028,0.007688,-0.315453,-0.103191,-0.240682,0.362263,-0.158131,0.078178,0.146361,-0.021786,-0.102372,-0.015121,-0.320894,0.015308,-0.189651,-0.384401,
0.661511,-0.96227,0.03544,-0.0,-1.570796,0.0,0.484315,-0.100556,0.077882,0.0,0.0,0.0,-0.621009,0.094705,0.502869,1.152886,-0.105681,0.007883,-0.313706,-0.103,-0.239326,0.361043,-0.158067,0.078262,0.147692,-0.021589,-0.103203,-0.014851,-0.322224,0.015152,-0.190482,-0.38675,
0.661985,-0.962367,0.035512,-0.0,-1.570796,0.0,0.474702,-0.096817,0.072477,0.0,0.0,0.0,-0.623877,0.095825,0.505242,1.152624,-0.104506,0.008072,-0.311957,-0.102819,-0.237971,0.359802,-0.157979,0.078339,0.148967,-0.021388,-0.103998,-0.014615,-0.323499,0.014999,-0.191279,-0.389062,
0.66246,-0.962463,0.035585,-0.0,-1.570796,0.0,0.474778,-0.096741,0.072494,0.0,0.0,0.0,-0.626746,0.096946,0.507615,1.152363,-0.103331,0.00826,-0.310208,-0.102638,-0.236615,0.358561,-0.157891,0.078416,0.150242,-0.021187,-0.104795,-0.014378,-0.324774,0.014845,-0.192076,-0.391375,
0.662935,-0.96256,0.035657,-0.0,-1.570796,0.0,0.474778,-0.096817,0.072496,0.0,0.0,0.0,-0.629615,0.098067,0.509988,1.152101,-0.102156,0.008449,-0.308459,-0.102456,-0.235259,0.357319,-0.157803,0.078493,0.151517,-0.020985,-0.105591,-0.014142,-0.326049,0.014691,-0.192873,-0.393688,
0.66341,-0.962657,0.03573,-0.0,-1.570796,0.0,0.474778,-0.096741,0.072494,0.0,0.0,0.0,-0.632484,0.099188,0.512362,1.151839,-0.100981,0.008637,-0.30671,-0.102275,-0.233903,0.356078,-0.157714,0.07857,0.152793,-0.020784,-0.106387,-0.013906,-0.327324,0.014537,-0.19367,-0.396001,
0.663885,-0.962754,0.035802,-0.0,-1.570796,0.0,0.474854,-0.096817,0.072496,0.0,0.0,0.0,-0.635353,0.100309,0.514735,1.151577,-0.099806,0.008826,-0.30496,-0.102094,-0.232547,0.354837,-0.157626,0.078647,0.154068,-0.020582,-0.107183,-0.01367,-0.328599,0.014383,-0.194467,-0.398315,
0.664359,-0.96285,0.035875,-0.0,-1.570796,0.0,0.474702,-0.096741,0.072484,0.0,0.0,0.0,-0.638222,0.10143,0.517108,1.151316,-0.098632,0.009015,-0.303211,-0.101913,-0.231192,0.353596,-0.157538,0.078724,0.155343,-0.020381,-0.107979,-0.013433,-0.329873,0.014229,-0.195264,-0.400628,
0.664834,-0.962947,0.035947,-0.0,-1.570796,0.0,0.474778,-0.096817,0.072496,0.0,0.0,0.0,-0.641092,0.102551,0.519482,1.151054,-0.097457,0.009203,-0.301462,-0.101731,-0.229836,0.352354,-0.15745,0.078801,0.156619,-0.020179,-0.108775,-0.013197,-0.331148,0.014076,-0.196061,-0.402941,
0.665309,-0.963044,0.03602,-0.0,-1.570796,0.0,0.474854,-0.096817,0.072494,0.0,0.0,0.0,-0.643961,0.103672,0.521856,1.150792,-0.096282,0.009392,-0.299712,-0.10155,-0.22848,0.351113,-0.157362,0.078878,0.157894,-0.019978,-0.109571,-0.012961,-0.332423,0.013922,-0.196858,-0.405255,
0.665784,-0.963141,0.036092,-0.0,-1.570796,0.0,0.474778,-0.096741,0.072494,0.0,0.0,0.0,-0.646831,0.104793,0.52423,1.15053,-0.095107,0.009581,-0.297963,-0.101369,-0.227124,0.349872,-0.157274,0.078955,0.15917,-0.019776,-0.110367,-0.012725,-0.333698,0.013768,-0.197655,-0.407569,
0.666258,-0.963238,0.036165,-0.0,-1.570796,0.0,0.474778,-0.096817,0.072496,0.0,0.0,0.0,-0.649701,0.105914,0.526603,1.150269,-0.093932,0.009769,-0.296213,-0.101187,-0.225768,0.34863,-0.157185,0.079032,0.160445,-0.019575,-0.111163,-0.012488,-0.334973,0.013614,-0.198452,-0.409882,
0.666733,-0.963334,0.036237,-0.0,-1.570796,0.0,0.474702,-0.096741,0.072475,0.0,0.0,0.0,-0.65257,0.107034,0.528977,1.150007,-0.092757,0.009958,-0.294464,-0.101006,-0.224412,0.347389,-0.157097,0.079109,0.16172,-0.019374,-0.111959,-0.012252,-0.336248,0.01346,-0.199249,-0.412195,
0.667208,-0.963431,0.03631,-0.0,-1.570796,0.0,0.474778,-0.096817,0.072496,0.0,0.0,0.0,-0.65544,0.108155,0.53135,1.149745,-0.091582,0.010146,-0.292715,-0.100825,-0.223057,0.346148,-0.157009,0.079186,0.162996,-0.019172,-0.112755,-0.012016,-0.337523,0.013306,-0.200046,-0.414509,
0.667683,-0.963528,0.036382,-0.0,-1.570796,0.0,0.474778,-0.096741,0.072494,0.0,0.0,0.0,-0.658309,0.109276,0.533724,1.149483,-0.090407,0.010335,-0.290965,-0.100643,-0.221701,0.344906,-0.156921,0.079263,0.164271,-0.018971,-0.113552,-0.01178,-0.338798,0.013153,-0.200843,-0.416823,
0.668158,-0.963625,0.036455,-0.0,-1.570796,0.0,0.474854,-0.096817,0.072496,0.0,0.0,0.0,-0.661179,0.110397,0.536098,1.149222,-0.089232,0.010524,-0.289216,-0.100462,-0.220345,0.343665,-0.156833,0.07934,0.165547,-0.018769,-0.114348,-0.011544,-0.340073,0.012999,-0.201641,-0.419137,
0.668632,-0.963722,0.036527,-0.0,-1.570796,0.0,0.474778,-0.096741,0.072494,0.0,0.0,0.0,-0.664049,0.111518,0.538472,1.14896,-0.088057,0.010712,-0.287466,-0.100281,-0.218989,0.342424,-0.156745,0.079417,0.166822,-0.018568,-0.115144,-0.011307,-0.341348,0.012845,-0.202438,-0.42145,
0.669107,-0.963818,0.0366,-0.0,-1.570796,0.0,0.474702,-0.096817,0.072487,0.0,0.0,0.0,-0.666919,0.112639,0.540846,1.148698,-0.086882,0.010901,-0.285717,-0.1001,-0.217633,0.341182,-0.156656,0.079493,0.168098,-0.018366,-0.11594,-0.011071,-0.342622,0.012691,-0.203235,-0.423764,
0.669582,-0.963915,0.036672,-0.0,-1.570796,0.0,0.474778,-0.096741,0.072484,0.0,0.0,0.0,-0.669789,0.11376,0.54322,1.148437,-0.085707,0.011089,-0.283968,-0.099918,-0.216277,0.339941,-0.156568,0.07957,0.169373,-0.018165,-0.116736,-0.010835,-0.343897,0.012537,-0.204032,-0.426077,
0.670057,-0.964012,0.036745,-0.0,-1.570796,0.0,0.474854,-0.096817,0.072503,0.0,0.0,0.0,-0.672659,0.114881,0.545594,1.148175,-0.084532,0.011278,-0.282218,-0.099737,-0.214921,0.3387,-0.15648,0.079647,0.170649,-0.017963,-0.117532,-0.010599,-0.345172,0.012383,-0.204829,-0.428391,
0.670531,-0.964109,0.036817,-0.0,-1.570796,0.0,0.474702,-0.096817,0.072487,0.0,0.0,0.0,-0.675529,0.116002,0.547967,1.147913,-0.083357,0.011467,-0.280469,-0.099556,-0.213565,0.337459,-0.156392,0.079724,0.171924,-0.017762,-0.118328,-0.010362,-0.346447,0.01223,-0.205626,-0.430705,
0.671006,-0.964205,0.03689,-0.0,-1.570796,0.0,0.474854,-0.096741,0.072503,0.0,0.0,0.0,-0.678399,0.117123,0.550342,1.147651,-0.082182,0.011655,-0.278719,-0.099374,-0.212209,0.336217,-0.156304,0.079801,0.173199,-0.017561,-0.119124,-0.010126,-0.347722,0.012076,-0.206423,-0.433019,
0.671481,-0.964302,0.036962,-0.0,-1.570796,0.0,0.474778,-0.096817,0.072487,0.0,0.0,0.0,-0.681268,0.118244,0.552715,1.14739,-0.081007,0.011844,-0.27697,-0.099193,-0.210854,0.334976,-0.156216,0.079878,0.174475,-0.017359,-0.11992,-0.00989,-0.348997,0.011922,-0.20722,-0.435332,
0.671956,-0.964399,0.037035,-0.0,-1.570796,0.0,0.474702,-0.096741,0.072484,0.0,0.0,0.0,-0.684138,0.119365,0.555089,1.147128,-0.079832,0.012033,-0.27522,-0.099012,-0.209498,0.333735,-0.156127,0.079955,0.17575,-0.017158,-0.120716,-0.009654,-0.350272,0.011768,-0.208017,-0.437645,
0.672431,-0.964496,0.037107,-0.0,-1.570796,0.0,0.474854,-0.096817,0.072496,0.0,0.0,0.0,-0.687008,0.120486,0.557463,1.146866,-0.078657,0.012221,-0.273471,-0.09883,-0.208142,0.332493,-0.156039,0.080032,0.177026,-0.016956,-0.121512,-0.009418,-0.351547,0.011614,-0.208814,-0.439959,
0.672905,-0.964593,0.037179,-0.0,-1.570796,0.0,0.474778,-0.096741,0.072494,0.0,0.0,0.0,-0.689877,0.121607,0.559836,1.146604,-0.077482,0.01241,-0.271721,-0.098649,-0.206786,0.331252,-0.155951,0.080109,0.178301,-0.016755,-0.122309,-0.009181,-0.352822,0.011461,-0.209611,-0.442273,
0.67338,-0.964689,0.037252,-0.0,-1.570796,0.0,0.474778,-0.096817,0.072494,0.0,0.0,0.0,-0.692747,0.122728,0.56221,1.146342,-0.076307,0.012598,-0.269972,-0.098468,-0.20543,0.330011,-0.155863,0.080186,0.179576,-0.016553,-0.123105,-0.008945,-0.354097,0.011307,-0.210408,-0.444586,
0.673855,-0.964786,0.037324,-0.0,-1.570796,0.0,0.474778,-0.096817,0.072496,0.0,0.0,0.0,-0.695616,0.123849,0.564584,1.146081,-0.075133,0.012787,-0.268223,-0.098286,-0.204074,0.328769,-0.155775,0.080263,0.180852,-0.016352,-0.123901,-0.008709,-0.355372,0.011153,-0.211205,-0.4469,
0.67433,-0.964883,0.037397,-0.0,-1.570796,0.0,0.474702,-0.096741,0.072477,0.0,0.0,0.0,-0.698485,0.12497,0.566957,1.145819,-0.073958,0.012976,-0.266474,-0.098105,-0.202719,0.327528,-0.155687,0.08034,0.182127,-0.016151,-0.124697,-0.008473,-0.356646,0.010999,-0.212002,-0.449213,
0.674804,-0.96498,0.037469,-0.0,-1.570796,0.0,0.474778,-0.096741,0.072494,0.0,0.0,0.0,-0.701354,0.12609,0.56933,1.145557,-0.072783,0.013164,-0.264724,-0.097924,-0.201363,0.326287,-0.155598,0.080417,0.183402,-0.015949,-0.125493,-0.008236,-0.357921,0.010845,-0.212799,-0.451526,
0.675279,-0.965077,0.037542,-0.0,-1.570796,0.0,0.474854,-0.096817,0.072494,0.0,0.0,0.0,-0.704223,0.127211,0.571704,1.145296,-0.071608,0.013353,-0.262975,-0.097743,-0.200007,0.325046,-0.15551,0.080494,0.184678,-0.015748,-0.126289,-0.008,-0.359196,0.010691,-0.213596,-0.453839,
0.675754,-0.965173,0.037614,-0.0,-1.570796,0.0,0.474778,-0.096817,0.072496,0.0,0.0,0.0,-0.707092,0.128332,0.574077,1.145034,-0.070433,0.013542,-0.261226,-0.097561,-0.198651,0.323804,-0.155422,0.080571,0.185953,-0.015546,-0.127085,-0.007764,-0.360471,0.010538,-0.214393,-0.456152,
0.676229,-0.96527,0.037687,-0.0,-1.570796,0.0,0.474778,-0.096741,0.072494,0.0,0.0,0.0,-0.709961,0.129453,0.57645,1.144772,-0.069258,0.01373,-0.259477,-0.09738,-0.197296,0.322563,-0.155334,0.080648,0.187228,-0.015345,-0.127881,-0.007528,-0.361746,0.010384,-0.21519,-0.458465,
0.676703,-0.965367,0.037759,-0.0,-1.570796,0.0,0.474702,-0.096817,0.072487,0.0,0.0,0.0,-0.712829,0.130574,0.578823,1.14451,-0.068083,0.013919,-0.257728,-0.097199,-0.19594,0.321322,-0.155246,0.080725,0.188504,-0.015143,-0.128677,-0.007291,-0.363021,0.01023,-0.215987,-0.460778,
0.677169,-0.965454,0.037824,-0.0,-1.570796,0.0,0.465775,-0.086823,0.064149,0.0,0.0,0.0,-0.71548,0.131669,0.58097,1.143904,-0.067165,0.014077,-0.256023,-0.097035,-0.194622,0.320125,-0.155169,0.080793,0.189679,-0.014946,-0.129411,-0.007095,-0.364195,0.010083,-0.216721,-0.462966,
0.677619,-0.965523,0.037873,-0.0,-1.570796,0.0,0.449982,-0.069428,0.049596,0.0,0.0,0.0,-0.71775,0.132717,0.582723,1.142696,-0.066694,0.014184,-0.254395,-0.096902,-0.19337,0.319004,-0.155112,0.080844,0.190678,-0.014755,-0.130037,-0.006966,-0.365195,0.00995,-0.217346,-0.464936,
0.678069,-0.965593,0.037923,-0.0,-1.570796,0.0,0.449982,-0.069504,0.049594,0.0,0.0,0.0,-0.720022,0.133765,0.584475,1.141489,-0.066223,0.01429,-0.252768,-0.096769,-0.192119,0.317883,-0.155055,0.080895,0.191678,-0.014565,-0.130663,-0.006838,-0.366194,0.009816,-0.217971,-0.466906,
0.678519,-0.965662,0.037972,-0.0,-1.570796,0.0,0.449982,-0.069428,0.049596,0.0,0.0,0.0,-0.722293,0.134813,0.586228,1.140281,-0.065752,0.014396,-0.25114,-0.096636,-0.190867,0.316763,-0.154998,0.080947,0.192677,-0.014374,-0.131289,-0.00671,-0.367194,0.009682,-0.218596,-0.468876,
0.678969,-0.965732,0.038022,-0.0,-1.570796,0.0,0.449906,-0.069428,0.049582,0.0,0.0,0.0,-0.724563,0.135861,0.58798,1.139074,-0.065282,0.014502,-0.249513,-0.096502,-0.189615,0.315642,-0.154941,0.080998,0.193677,-0.014184,-0.131915,-0.006582,-0.368193,0.009549,-0.21922,-0.470845,
0.679419,-0.965801,0.038072,-0.0,-1.570796,0.0,0.449982,-0.069504,0.049596,0.0,0.0,0.0,-0.726835,0.13691,0.589733,1.137866,-0.064811,0.014608,-0.247886,-0.096369,-0.188363,0.314522,-0.154884,0.081049,0.194677,-0.013994,-0.132541,-0.006454,-0.369193,0.009415,-0.219845,-0.472815,
0.679869,-0.96587,0.038121,-0.0,-1.570796,0.0,0.449982,-0.069428,0.049594,0.0,0.0,0.0,-0.729106,0.137958,0.591486,1.136658,-0.06434,0.014715,-0.246258,-0.096236,-0.187112,0.313401,-0.154827,0.081101,0.195676,-0.013803,-0.133167,-0.006326,-0.370192,0.009281,-0.22047,-0.474786,
0.680319,-0.96594,0.038171,-0.0,-1.570796,0.0,0.449982,-0.069504,0.049596,0.0,0.0,0.0,-0.731377,0.139006,0.593238,1.135451,-0.063869,0.014821,-0.24463,-0.096103,-0.18586,0.31228,-0.15477,0.081152,0.196676,-0.013613,-0.133793,-0.006197,-0.371192,0.009148,-0.221095,-0.476756,
0.680769,-0.966009,0.03822,-0.0,-1.570796,0.0,0.449982,-0.069428,0.049594,0.0,0.0,0.0,-0.733649,0.140055,0.594991,1.134243,-0.063398,0.014927,-0.243003,-0.09597,-0.184608,0.31116,-0.154713,0.081203,0.197676,-0.013422,-0.134419,-0.006069,-0.372192,0.009014,-0.22172,-0.478726,
0.681219,-0.966079,0.03827,-0.0,-1.570796,0.0,0.449982,-0.069428,0.049596,0.0,0.0,0.0,-0.73592,0.141103,0.596744,1.133035,-0.062927,0.015033,-0.241375,-0.095837,-0.183356,0.310039,-0.154657,0.081254,0.198675,-0.013232,-0.135045,-0.005941,-0.373191,0.00888,-0.222344,-0.480696,
0.681669,-0.966148,0.038319,-0.0,-1.570796,0.0,0.44983,-0.069504,0.049582,0.0,0.0,0.0,-0.738191,0.142151,0.598496,1.131828,-0.062457,0.015139,-0.239748,-0.095704,-0.182104,0.308919,-0.1546,0.081306,0.199675,-0.013041,-0.135671,-0.005813,-0.374191,0.008747,-0.222969,-0.482666,
0.682119,-0.966218,0.038369,-0.0,-1.570796,0.0,0.449982,-0.069428,0.049596,0.0,0.0,0.0,-0.740463,0.143199,0.600249,1.13062,-0.061986,0.015246,-0.23812,-0.095571,-0.180852,0.307798,-0.154543,0.081357,0.200674,-0.012851,-0.136297,-0.005685,-0.37519,0.008613,-0.223594,-0.484636,
0.682569,-0.966287,0.038419,-0.0,-1.570796,0.0,0.449982,-0.069428,0.049594,0.0,0.0,0.0,-0.742735,0.144248,0.602002,1.129412,-0.061515,0.015352,-0.236492,-0.095437,-0.179601,0.306677,-0.154486,0.081408,0.201674,-0.01266,-0.136923,-0.005556,-0.37619,0.008479,-0.224219,-0.486606,
0.683019,-0.966357,0.038468,-0.0,-1.570796,0.0,0.449982,-0.069504,0.049596,0.0,0.0,0.0,-0.745006,0.145296,0.603755,1.128205,-0.061044,0.015458,-0.234865,-0.095304,-0.178349,0.305557,-0.154429,0.08146,0.202674,-0.01247,-0.137549,-0.005428,-0.377189,0.008346,-0.224844,-0.488577,
0.683469,-0.966426,0.038518,-0.0,-1.570796,0.0,0.449982,-0.069428,0.049596,0.0,0.0,0.0,-0.747278,0.146344,0.605508,1.126997,-0.060573,0.015564,-0.233237,-0.095171,-0.177097,0.304436,-0.154372,0.081511,0.203674,-0.01228,-0.138175,-0.0053,-0.378189,0.008212,-0.225468,-0.490547,
0.683919,-0.966496,0.038567,-0.0,-1.570796,0.0,0.449906,-0.069504,0.049589,0.0,0.0,0.0,-0.749549,0.147392,0.607261,1.125789,-0.060103,0.015671,-0.23161,-0.095038,-0.175845,0.303315,-0.154315,0.081562,0.204673,-0.012089,-0.138801,-0.005172,-0.379188,0.008078,-0.226093,-0.492517,
0.684369,-0.966565,0.038617,-0.0,-1.570796,0.0,0.449982,-0.069428,0.049594,0.0,0.0,0.0,-0.751821,0.148441,0.609014,1.124582,-0.059632,0.015777,-0.229982,-0.094905,-0.174593,0.302195,-0.154258,0.081614,0.205673,-0.011899,-0.139427,-0.005044,-0.380188,0.007945,-0.226718,-0.494487,
0.684819,-0.966634,0.038667,-0.0,-1.570796,0.0,0.449982,-0.069428,0.049596,0.0,0.0,0.0,-0.754093,0.149489,0.610766,1.123374,-0.059161,0.015883,-0.228354,-0.094772,-0.173341,0.301074,-0.154201,0.081665,0.206673,-0.011708,-0.140053,-0.004915,-0.381188,0.007811,-0.227343,-0.496458,
0.685269,-0.966704,0.038716,-0.0,-1.570796,0.0,0.449982,-0.069504,0.049594,0.0,0.0,0.0,-0.756365,0.150537,0.612519,1.122166,-0.05869,0.015989,-0.226726,-0.094639,-0.172089,0.299953,-0.154144,0.081716,0.207672,-0.011518,-0.140679,-0.004787,-0.382187,0.007677,-0.227968,-0.498428,
0.685719,-0.966773,0.038766,-0.0,-1.570796,0.0,0.449982,-0.069428,0.049596,0.0,0.0,0.0,-0.758636,0.151586,0.614272,1.120958,-0.058219,0.016095,-0.225099,-0.094506,-0.170837,0.298832,-0.154087,0.081768,0.208672,-0.011327,-0.141305,-0.004659,-0.383187,0.007544,-0.228592,-0.500398,
0.686168,-0.966843,0.038815,-0.0,-1.570796,0.0,0.449906,-0.069504,0.049582,0.0,0.0,0.0,-0.760907,0.152634,0.616025,1.119751,-0.057748,0.016202,-0.223471,-0.094373,-0.169586,0.297712,-0.15403,0.081819,0.209671,-0.011137,-0.14193,-0.004531,-0.384186,0.00741,-0.229217,-0.502368,
0.686619,-0.966912,0.038865,-0.0,-1.570796,0.0,0.449982,-0.069428,0.049596,0.0,0.0,0.0,-0.763179,0.153682,0.617778,1.118543,-0.057278,0.016308,-0.221844,-0.094239,-0.168334,0.296591,-0.153973,0.08187,0.210671,-0.010946,-0.142556,-0.004403,-0.385186,0.007276,-0.229842,-0.504338,
0.687068,-0.966982,0.038915,-0.0,-1.570796,0.0,0.449982,-0.069428,0.049594,0.0,0.0,0.0,-0.76545,0.15473,0.61953,1.117336,-0.056807,0.016414,-0.220216,-0.094106,-0.167082,0.295471,-0.153916,0.081922,0.211671,-0.010756,-0.143182,-0.004275,-0.386186,0.007143,-0.230467,-0.506309,
0.687518,-0.967051,0.038964,-0.0,-1.570796,0.0,0.449982,-0.069504,0.049596,0.0,0.0,0.0,-0.767722,0.155779,0.621283,1.116128,-0.056336,0.01652,-0.218588,-0.093973,-0.16583,0.29435,-0.153859,0.081973,0.212671,-0.010566,-0.143808,-0.004146,-0.387185,0.007009,-0.231092,-0.508279,
0.687968,-0.967121,0.039014,-0.0,-1.570796,0.0,0.449982,-0.069428,0.049594,0.0,0.0,0.0,-0.769994,0.156827,0.623036,1.11492,-0.055865,0.016626,-0.216961,-0.09384,-0.164578,0.293229,-0.153802,0.082024,0.21367,-0.010375,-0.144434,-0.004018,-0.388185,0.006875,-0.231716,-0.510249,
0.688418,-0.96719,0.039063,-0.0,-1.570796,0.0,0.44983,-0.069428,0.049584,0.0,0.0,0.0,-0.772265,0.157875,0.624789,1.113713,-0.055394,0.016733,-0.215333,-0.093707,-0.163327,0.292109,-0.153746,0.082076,0.21467,-0.010185,-0.14506,-0.00389,-0.389184,0.006742,-0.232341,-0.512219,
0.688868,-0.96726,0.039113,-0.0,-1.570796,0.0,0.450059,-0.069504,0.049601,0.0,0.0,0.0,-0.774536,0.158924,0.626542,1.112505,-0.054923,0.016839,-0.213706,-0.093574,-0.162075,0.290988,-0.153689,0.082127,0.21567,-0.009994,-0.145686,-0.003762,-0.390184,0.006608,-0.232966,-0.514189,
0.689318,-0.967329,0.039163,-0.0,-1.570796,0.0,0.449906,-0.069428,0.049589,0.0,0.0,0.0,-0.776807,0.159972,0.628294,1.111297,-0.054453,0.016945,-0.212078,-0.093441,-0.160823,0.289868,-0.153632,0.082178,0.216669,-0.009804,-0.146312,-0.003634,-0.391183,0.006474,-0.233591,-0.516159,
0.689768,-0.967399,0.039212,-0.0,-1.570796,0.0,0.450059,-0.069504,0.049601,0.0,0.0,0.0,-0.779079,0.16102,0.630047,1.11009,-0.053982,0.017051,-0.21045,-0.093308,-0.159571,0.288747,-0.153575,0.082229,0.217669,-0.009613,-0.146938,-0.003505,-0.392183,0.00634,-0.234216,-0.51813,
0.690218,-0.967468,0.039262,-0.0,-1.570796,0.0,0.449906,-0.069428,0.049589,0.0,0.0,0.0,-0.78135,0.162068,0.6318,1.108882,-0.053511,0.017158,-0.208823,-0.093174,-0.158319,0.287626,-0.153518,0.082281,0.218668,-0.009423,-0.147564,-0.003377,-0.393183,0.006207,-0.23484,-0.520099,
0.690668,-0.967537,0.039311,-0.0,-1.570796,0.0,0.449982,-0.069428,0.049589,0.0,0.0,0.0,-0.783621,0.163117,0.633552,1.107675,-0.05304,0.017264,-0.207196,-0.093041,-0.157068,0.286506,-0.153461,0.082332,0.219668,-0.009232,-0.14819,-0.003249,-0.394182,0.006073,-0.235465,-0.522069,
0.691118,-0.967607,0.039361,-0.0,-1.570796,0.0,0.449982,-0.069504,0.049596,0.0,0.0,0.0,-0.785892,0.164165,0.635305,1.106467,-0.052569,0.01737,-0.205568,-0.092908,-0.155816,0.285385,-0.153404,0.082383,0.220668,-0.009042,-0.148816,-0.003121,-0.395182,0.005939,-0.23609,-0.524039,
0.691568,-0.967676,0.039411,-0.0,-1.570796,0.0,0.449982,-0.069428,0.049594,0.0,0.0,0.0,-0.788163,0.165213,0.637057,1.105259,-0.052099,0.017476,-0.203941,-0.092775,-0.154564,0.284264,-0.153347,0.082435,0.221667,-0.008852,-0.149442,-0.002993,-0.396181,0.005806,-0.236715,-0.526009,
0.692018,-0.967745,0.039459,-0.0,-1.570796,0.0,0.449677,-0.068665,0.048955,0.0,0.0,0.0,-0.790414,0.166254,0.638791,1.104025,-0.051639,0.01758,-0.202319,-0.092643,-0.153317,0.283151,-0.153294,0.082485,0.222658,-0.008662,-0.150063,-0.002867,-0.397172,0.005673,-0.237334,-0.527964,
0.69246,-0.967789,0.039489,-0.0,-1.570796,0.0,0.442353,-0.04364,0.029995,0.0,0.0,0.0,-0.792064,0.167084,0.639982,1.101998,-0.051526,0.017619,-0.200862,-0.092546,-0.152208,0.282257,-0.153345,0.082515,0.22339,-0.008507,-0.15052,-0.002801,-0.397903,0.005569,-0.237792,-0.529483,
0.692902,-0.967832,0.039519,-0.0,-1.570796,0.0,0.442277,-0.04364,0.029986,0.0,0.0,0.0,-0.793714,0.167913,0.641171,1.099972,-0.051412,0.017657,-0.199405,-0.092449,-0.1511,0.281363,-0.153396,0.082544,0.224122,-0.008351,-0.150977,-0.002735,-0.398634,0.005464,-0.238249,-0.531002,
0.693345,-0.967876,0.039549,-0.0,-1.570796,0.0,0.442353,-0.043717,0.029995,0.0,0.0,0.0,-0.795364,0.168743,0.642362,1.097946,-0.051299,0.017696,-0.197948,-0.092352,-0.149991,0.280468,-0.153448,0.082573,0.224854,-0.008195,-0.151435,-0.002669,-0.399366,0.00536,-0.238707,-0.532521,
0.693787,-0.96792,0.039579,-0.0,-1.570796,0.0,0.442353,-0.04364,0.029995,0.0,0.0,0.0,-0.797015,0.169572,0.643552,1.095919,-0.051185,0.017734,-0.196491,-0.092256,-0.148883,0.279574,-0.153499,0.082603,0.225586,-0.00804,-0.151892,-0.002603,-0.400097,0.005256,-0.239164,-0.53404,
0.694229,-0.967963,0.039609,-0.0,-1.570796,0.0,0.442353,-0.043717,0.029993,0.0,0.0,0.0,-0.798666,0.170402,0.644742,1.093893,-0.051072,0.017772,-0.195034,-0.092159,-0.147774,0.27868,-0.153551,0.082632,0.226318,-0.007884,-0.152349,-0.002537,-0.400828,0.005151,-0.239622,-0.535559,
0.694672,-0.968007,0.039639,-0.0,-1.570796,0.0,0.442277,-0.04364,0.029995,0.0,0.0,0.0,-0.800316,0.171231,0.645932,1.091866,-0.050958,0.017811,-0.193576,-0.092062,-0.146666,0.277785,-0.153602,0.082661,0.22705,-0.007728,-0.152807,-0.002471,-0.40156,0.005047,-0.240079,-0.537078,
0.695114,-0.968051,0.039669,-0.0,-1.570796,0.0,0.442353,-0.04364,0.029995,0.0,0.0,0.0,-0.801967,0.172061,0.647122,1.089839,-0.050844,0.017849,-0.192119,-0.091965,-0.145557,0.276891,-0.153654,0.082691,0.227782,-0.007573,-0.153264,-0.002405,-0.402291,0.004942,-0.240537,-0.538597,
0.695556,-0.968094,0.039699,-0.0,-1.570796,0.0,0.442353,-0.043717,0.029991,0.0,0.0,0.0,-0.803617,0.17289,0.648312,1.087812,-0.050731,0.017888,-0.190662,-0.091868,-0.144449,0.275997,-0.153705,0.08272,0.228514,-0.007417,-0.153722,-0.002339,-0.403022,0.004838,-0.240995,-0.540116,
0.695999,-0.968138,0.039729,-0.0,-1.570796,0.0,0.442277,-0.04364,0.029993,0.0,0.0,0.0,-0.805268,0.17372,0.649503,1.085785,-0.050617,0.017926,-0.189205,-0.091771,-0.14334,0.275102,-0.153756,0.082749,0.229246,-0.007261,-0.154179,-0.002273,-0.403753,0.004734,-0.241452,-0.541635,
0.696441,-0.968182,0.039759,-0.0,-1.570796,0.0,0.442353,-0.04364,0.029995,0.0,0.0,0.0,-0.806918,0.17455,0.650693,1.083759,-0.050504,0.017965,-0.187748,-0.091674,-0.142231,0.274208,-0.153808,0.082779,0.229978,-0.007106,-0.154636,-0.002207,-0.404485,0.004629,-0.24191,-0.543154,
0.696883,-0.968225,0.039789,-0.0,-1.570796,0.0,0.442353,-0.043717,0.029995,0.0,0.0,0.0,-0.808569,0.175379,0.651883,1.081732,-0.05039,0.018003,-0.18629,-0.091577,-0.141123,0.273313,-0.153859,0.082808,0.230711,-0.00695,-0.155094,-0.002141,-0.405216,0.004525,-0.242367,-0.544674,
0.697326,-0.968269,0.039819,-0.0,-1.570796,0.0,0.442353,-0.04364,0.029995,0.0,0.0,0.0,-0.81022,0.176209,0.653073,1.079705,-0.050277,0.018042,-0.184833,-0.09148,-0.140014,0.272419,-0.153911,0.082837,0.231443,-0.006794,-0.155551,-0.002076,-0.405947,0.00442,-0.242825,-0.546193,
0.697768,-0.968313,0.039849,-0.0,-1.570796,0.0,0.442277,-0.04364,0.029986,0.0,0.0,0.0,-0.81187,0.177038,0.654263,1.077678,-0.050163,0.01808,-0.183376,-0.091383,-0.138906,0.271525,-0.153962,0.082867,0.232174,-0.006639,-0.156009,-0.00201,-0.406678,0.004316,-0.243282,-0.547712,
0.69821,-0.968356,0.039879,-0.0,-1.570796,0.0,0.442353,-0.043717,0.029995,0.0,0.0,0.0,-0.813521,0.177868,0.655453,1.075651,-0.050049,0.018119,-0.181919,-0.091287,-0.137797,0.270631,-0.154014,0.082896,0.232907,-0.006483,-0.156466,-0.001944,-0.40741,0.004212,-0.24374,-0.549231,
0.698653,-0.9684,0.039909,-0.0,-1.570796,0.0,0.442277,-0.04364,0.029993,0.0,0.0,0.0,-0.815171,0.178697,0.656644,1.073624,-0.049936,0.018157,-0.180462,-0.09119,-0.136688,0.269736,-0.154065,0.082925,0.233639,-0.006327,-0.156923,-0.001878,-0.408141,0.004107,-0.244198,-0.55075,
0.699095,-0.968444,0.039939,-0.0,-1.570796,0.0,0.442353,-0.043717,0.029995,0.0,0.0,0.0,-0.816822,0.179527,0.657834,1.071597,-0.049822,0.018195,-0.179004,-0.091093,-0.13558,0.268842,-0.154116,0.082955,0.234371,-0.006172,-0.157381,-0.001812,-0.408872,0.004003,-0.244655,-0.552269,
0.699537,-0.968487,0.039969,-0.0,-1.570796,0.0,0.442353,-0.04364,0.029995,0.0,0.0,0.0,-0.818473,0.180357,0.659024,1.06957,-0.049709,0.018234,-0.177547,-0.090996,-0.134471,0.267947,-0.154168,0.082984,0.235103,-0.006016,-0.157838,-0.001746,-0.409604,0.003899,-0.245113,-0.553789,
0.69998,-0.968531,0.039999,-0.0,-1.570796,0.0,0.442277,-0.04364,0.029986,0.0,0.0,0.0,-0.820123,0.181186,0.660214,1.067544,-0.049595,0.018272,-0.17609,-0.090899,-0.133363,0.267053,-0.154219,0.083013,0.235835,-0.00586,-0.158296,-0.00168,-0.410335,0.003794,-0.24557,-0.555307,
0.700422,-0.968575,0.040029,-0.0,-1.570796,0.0,0.442353,-0.043717,0.029993,0.0,0.0,0.0,-0.821774,0.182016,0.661404,1.065517,-0.049482,0.018311,-0.174633,-0.090802,-0.132254,0.266159,-0.154271,0.083043,0.236567,-0.005705,-0.158753,-0.001614,-0.411066,0.00369,-0.246028,-0.556827,
0.700864,-0.968618,0.040059,-0.0,-1.570796,0.0,0.442353,-0.04364,0.029998,0.0,0.0,0.0,-0.823424,0.182845,0.662594,1.06349,-0.049368,0.018349,-0.173176,-0.090705,-0.131145,0.265264,-0.154322,0.083072,0.237299,-0.005549,-0.15921,-0.001548,-0.411797,0.003585,-0.246485,-0.558346,
0.701307,-0.968662,0.040089,-0.0,-1.570796,0.0,0.442277,-0.04364,0.029993,0.0,0.0,0.0,-0.825075,0.183675,0.663785,1.061463,-0.049254,0.018388,-0.171718,-0.090608,-0.130037,0.26437,-0.154374,0.083101,0.238031,-0.005394,-0.159668,-0.001482,-0.412529,0.003481,-0.246943,-0.559865,
0.701749,-0.968706,0.040119,-0.0,-1.570796,0.0,0.442353,-0.043717,0.029998,0.0,0.0,0.0,-0.826726,0.184504,0.664975,1.059436,-0.049141,0.018426,-0.170261,-0.090511,-0.128928,0.263476,-0.154425,0.08313,0.238763,-0.005238,-0.160125,-0.001416,-0.41326,0.003377,-0.247401,-0.561384,
0.702191,-0.968749,0.040149,-0.0,-1.570796,0.0,0.442353,-0.04364,0.029988,0.0,0.0,0.0,-0.828376,0.185334,0.666165,1.057409,-0.049027,0.018465,-0.168804,-0.090415,-0.12782,0.262581,-0.154476,0.08316,0.239495,-0.005082,-0.160583,-0.00135,-0.413991,0.003272,-0.247858,-0.562903,
0.702634,-0.968793,0.040179,-0.0,-1.570796,0.0,0.442277,-0.04364,0.029993,0.0,0.0,0.0,-0.830027,0.186163,0.667355,1.055382,-0.048914,0.018503,-0.167347,-0.090318,-0.126711,0.261687,-0.154528,0.083189,0.240227,-0.004927,-0.16104,-0.001284,-0.414722,0.003168,-0.248316,-0.564422,
0.703076,-0.968837,0.040209,-0.0,-1.570796,0.0,0.442353,-0.043717,0.029998,0.0,0.0,0.0,-0.831677,0.186993,0.668545,1.053355,-0.0488,0.018542,-0.165889,-0.090221,-0.125602,0.260793,-0.154579,0.083218,0.240959,-0.004771,-0.161497,-0.001219,-0.415454,0.003064,-0.248773,-0.565942,
0.703518,-0.96888,0.040239,-0.0,-1.570796,0.0,0.442353,-0.04364,0.029993,0.0,0.0,0.0,-0.833328,0.187823,0.669736,1.051328,-0.048687,0.01858,-0.164432,-0.090124,-0.124494,0.259898,-0.154631,0.083248,0.241691,-0.004615,-0.161955,-0.001153,-0.416185,0.002959,-0.249231,-0.567461,
0.703961,-0.968924,0.040269,-0.0,-1.570796,0.0,0.442353,-0.043717,0.029993,0.0,0.0,0.0,-0.834979,0.188652,0.670926,1.049302,-0.048573,0.018618,-0.162975,-0.090027,-0.123385,0.259004,-0.154682,0.083277,0.242423,-0.00446,-0.162412,-0.001087,-0.416916,0.002855,-0.249688,-0.56898,
0.704403,-0.968968,0.040299,-0.0,-1.570796,0.0,0.442353,-0.04364,0.029998,0.0,0.0,0.0,-0.836629,0.189482,0.672116,1.047275,-0.048459,0.018657,-0.161518,-0.08993,-0.122276,0.258109,-0.154734,0.083306,0.243155,-0.004304,-0.16287,-0.001021,-0.417648,0.00275,-0.250146,-0.570499,
0.704845,-0.969011,0.040329,-0.0,-1.570796,0.0,0.442277,-0.04364,0.029988,0.0,0.0,0.0,-0.838279,0.190311,0.673306,1.045249,-0.048346,0.018695,-0.160061,-0.089833,-0.121168,0.257215,-0.154785,0.083336,0.243887,-0.004148,-0.163327,-0.000955,-0.418379,0.002646,-0.250603,-0.572018,
0.705288,-0.969055,0.040359,-0.0,-1.570796,0.0,0.442277,-0.043717,0.029993,0.0,0.0,0.0,-0.83993,0.191141,0.674496,1.043222,-0.048232,0.018734,-0.158604,-0.089736,-0.12006,0.256321,-0.154836,0.083365,0.244619,-0.003993,-0.163784,-0.000889,-0.41911,0.002542,-0.251061,-0.573537,
0.70573,-0.969099,0.040389,-0.0,-1.570796,0.0,0.442353,-0.04364,0.029993,0.0,0.0,0.0,-0.84158,0.19197,0.675686,1.041195,-0.048119,0.018772,-0.157147,-0.089639,-0.118951,0.255427,-0.154888,0.083394,0.245351,-0.003837,-0.164242,-0.000823,-0.419841,0.002437,-0.251519,-0.575056,
0.706172,-0.969142,0.040419,-0.0,-1.570796,0.0,0.442353,-0.04364,0.029998,0.0,0.0,0.0,-0.843231,0.1928,0.676876,1.039169,-0.048005,0.018811,-0.15569,-0.089542,-0.117842,0.254532,-0.154939,0.083424,0.246083,-0.003681,-0.164699,-0.000757,-0.420573,0.002333,-0.251976,-0.576575,
0.706615,-0.969186,0.040449,-0.0,-1.570796,0.0,0.442353,-0.043717,0.029993,0.0,0.0,0.0,-0.844881,0.193629,0.678067,1.037142,-0.047892,0.018849,-0.154233,-0.089445,-0.116734,0.253638,-0.154991,0.083453,0.246815,-0.003526,-0.165156,-0.000691,-0.421304,0.002229,-0.252434,-0.578094,
0.70706,-0.969207,0.040462,-0.0,-1.570796,0.0,0.445786,-0.021057,0.012679,0.0,0.0,0.0,-0.84598,0.194184,0.678794,1.034463,-0.047917,0.018835,-0.152978,-0.089366,-0.115782,0.253034,-0.155199,0.083462,0.247295,-0.003418,-0.165457,-0.000657,-0.421785,0.002158,-0.252734,-0.579118,
0.707508,-0.969218,0.040467,-0.0,-1.570796,0.0,0.447236,-0.011444,0.005298,0.0,0.0,0.0,-0.846843,0.194622,0.679325,1.031505,-0.048001,0.018798,-0.151809,-0.089293,-0.114896,0.252555,-0.155475,0.083462,0.247668,-0.00333,-0.16569,-0.000637,-0.42216,0.002101,-0.252966,-0.579932,
0.707955,-0.96923,0.040473,-0.0,-1.570796,0.0,0.447388,-0.011368,0.005298,0.0,0.0,0.0,-0.847706,0.19506,0.679856,1.028546,-0.048085,0.018762,-0.15064,-0.08922,-0.11401,0.252075,-0.15575,0.083462,0.248041,-0.003242,-0.165924,-0.000617,-0.422535,0.002044,-0.253199,-0.580746,
0.708402,-0.969241,0.040478,-0.0,-1.570796,0.0,0.447236,-0.011444,0.005298,0.0,0.0,0.0,-0.848569,0.195497,0.680387,1.025587,-0.048169,0.018725,-0.149471,-0.089147,-0.113125,0.251595,-0.156026,0.083462,0.248414,-0.003154,-0.166157,-0.000597,-0.42291,0.001987,-0.253432,-0.581559,
0.70885,-0.969253,0.040483,-0.0,-1.570796,0.0,0.447388,-0.011444,0.005293,0.0,0.0,0.0,-0.849432,0.195935,0.680918,1.022628,-0.048254,0.018689,-0.148302,-0.089075,-0.112239,0.251115,-0.156301,0.083462,0.248787,-0.003066,-0.16639,-0.000577,-0.423284,0.00193,-0.253664,-0.582373,
0.709297,-0.969264,0.040488,-0.0,-1.570796,0.0,0.44716,-0.011368,0.005298,0.0,0.0,0.0,-0.850295,0.196372,0.681449,1.01967,-0.048338,0.018652,-0.147133,-0.089002,-0.111354,0.250636,-0.156577,0.083462,0.24916,-0.002978,-0.166624,-0.000557,-0.423659,0.001874,-0.253897,-0.583186,
0.709744,-0.969276,0.040494,-0.0,-1.570796,0.0,0.447312,-0.011444,0.005298,0.0,0.0,0.0,-0.851159,0.19681,0.68198,1.01671,-0.048422,0.018615,-0.145964,-0.088929,-0.110468,0.250156,-0.156853,0.083462,0.249533,-0.00289,-0.166857,-0.000536,-0.424034,0.001817,-0.254129,-0.584,
0.710191,-0.969287,0.040499,-0.0,-1.570796,0.0,0.447312,-0.011444,0.005293,0.0,0.0,0.0,-0.852022,0.197248,0.682511,1.013751,-0.048506,0.018579,-0.144795,-0.088857,-0.109582,0.249676,-0.157128,0.083462,0.249906,-0.002802,-0.167091,-0.000516,-0.424409,0.00176,-0.254362,-0.584814,
0.710639,-0.969298,0.040504,-0.0,-1.570796,0.0,0.447312,-0.011368,0.005298,0.0,0.0,0.0,-0.852885,0.197685,0.683042,1.010791,-0.048591,0.018542,-0.143626,-0.088784,-0.108697,0.249196,-0.157404,0.083462,0.250279,-0.002714,-0.167324,-0.000496,-0.424783,0.001703,-0.254595,-0.585628,
0.711086,-0.96931,0.04051,-0.0,-1.570796,0.0,0.447312,-0.011444,0.005298,0.0,0.0,0.0,-0.853748,0.198123,0.683573,1.007832,-0.048675,0.018505,-0.142457,-0.088711,-0.107811,0.248717,-0.157679,0.083462,0.250651,-0.002626,-0.167557,-0.000476,-0.425158,0.001647,-0.254827,-0.586441,
0.711533,-0.969321,0.040515,-0.0,-1.570796,0.0,0.447236,-0.011444,0.005293,0.0,0.0,0.0,-0.854611,0.198561,0.684104,1.004873,-0.048759,0.018469,-0.141288,-0.088638,-0.106926,0.248237,-0.157955,0.083462,0.251024,-0.002539,-0.167791,-0.000456,-0.425533,0.00159,-0.25506,-0.587255,
0.711981,-0.969333,0.04052,-0.0,-1.570796,0.0,0.447312,-0.011368,0.005298,0.0,0.0,0.0,-0.855475,0.198998,0.684635,1.001913,-0.048844,0.018432,-0.140119,-0.088566,-0.10604,0.247757,-0.15823,0.083462,0.251397,-0.002451,-0.168024,-0.000436,-0.425908,0.001533,-0.255293,-0.588069,
0.712428,-0.969344,0.040526,-0.0,-1.570796,0.0,0.447312,-0.011444,0.005298,0.0,0.0,0.0,-0.856338,0.199436,0.685166,0.998953,-0.048928,0.018396,-0.13895,-0.088493,-0.105154,0.247278,-0.158506,0.083462,0.25177,-0.002363,-0.168258,-0.000416,-0.426283,0.001476,-0.255525,-0.588882,
0.712875,-0.969356,0.040531,-0.0,-1.570796,0.0,0.447312,-0.011444,0.005298,0.0,0.0,0.0,-0.857201,0.199874,0.685697,0.995993,-0.049012,0.018359,-0.137781,-0.08842,-0.104269,0.246798,-0.158781,0.083462,0.252143,-0.002275,-0.168491,-0.000395,-0.426657,0.00142,-0.255758,-0.589696,
0.713323,-0.969367,0.040536,-0.0,-1.570796,0.0,0.447312,-0.011368,0.005293,0.0,0.0,0.0,-0.858064,0.200311,0.686228,0.993033,-0.049096,0.018322,-0.136612,-0.088347,-0.103383,0.246318,-0.159057,0.083462,0.252516,-0.002187,-0.168724,-0.000375,-0.427032,0.001363,-0.255991,-0.59051,
0.71377,-0.969378,0.040541,-0.0,-1.570796,0.0,0.447236,-0.011444,0.005298,0.0,0.0,0.0,-0.858928,0.200749,0.686759,0.990073,-0.049181,0.018286,-0.135443,-0.088275,-0.102497,0.245838,-0.159333,0.083462,0.252889,-0.002099,-0.168958,-0.000355,-0.427407,0.001306,-0.256223,-0.591323,
0.714217,-0.96939,0.040547,-0.0,-1.570796,0.0,0.447312,-0.011444,0.005298,0.0,0.0,0.0,-0.859791,0.201187,0.68729,0.987113,-0.049265,0.018249,-0.134274,-0.088202,-0.101612,0.245359,-0.159608,0.083462,0.253262,-0.002011,-0.169191,-0.000335,-0.427782,0.001249,-0.256456,-0.592137,
0.714664,-0.969401,0.040552,-0.0,-1.570796,0.0,0.447312,-0.011368,0.005298,0.0,0.0,0.0,-0.860654,0.201624,0.687821,0.984153,-0.049349,0.018212,-0.133105,-0.088129,-0.100726,0.244879,-0.159884,0.083462,0.253635,-0.001923,-0.169425,-0.000315,-0.428156,0.001193,-0.256688,-0.592951,
0.715112,-0.969413,0.040557,-0.0,-1.570796,0.0,0.447312,-0.011444,0.005293,0.0,0.0,0.0,-0.861517,0.202062,0.688352,0.981193,-0.049433,0.018176,-0.131936,-0.088057,-0.09984,0.244399,-0.160159,0.083462,0.254007,-0.001835,-0.169658,-0.000295,-0.428531,0.001136,-0.256921,-0.593764,
0.715559,-0.969424,0.040563,-0.0,-1.570796,0.0,0.447312,-0.011444,0.005298,0.0,0.0,0.0,-0.862381,0.202499,0.688883,0.978233,-0.049518,0.018139,-0.130767,-0.087984,-0.098955,0.24392,-0.160435,0.083462,0.25438,-0.001747,-0.169891,-0.000275,-0.428906,0.001079,-0.257154,-0.594578,
0.716006,-0.969435,0.040568,-0.0,-1.570796,0.0,0.44716,-0.011368,0.005298,0.0,0.0,0.0,-0.863243,0.202937,0.689414,0.975274,-0.049602,0.018103,-0.129598,-0.087911,-0.098069,0.24344,-0.16071,0.083462,0.254753,-0.00166,-0.170125,-0.000254,-0.429281,0.001022,-0.257386,-0.595392,
0.716454,-0.969447,0.040573,-0.0,-1.570796,0.0,0.447312,-0.011444,0.005293,0.0,0.0,0.0,-0.864107,0.203375,0.689945,0.972314,-0.049686,0.018066,-0.128429,-0.087838,-0.097184,0.24296,-0.160986,0.083462,0.255126,-0.001572,-0.170358,-0.000234,-0.429656,0.000965,-0.257619,-0.596205,
0.716901,-0.969458,0.040578,-0.0,-1.570796,0.0,0.447312,-0.011444,0.005298,0.0,0.0,0.0,-0.86497,0.203812,0.690476,0.969354,-0.04977,0.018029,-0.12726,-0.087766,-0.096298,0.24248,-0.161261,0.083462,0.255499,-0.001484,-0.170592,-0.000214,-0.43003,0.000909,-0.257852,-0.597019,
0.717348,-0.96947,0.040584,-0.0,-1.570796,0.0,0.447312,-0.011368,0.005298,0.0,0.0,0.0,-0.865833,0.20425,0.691007,0.966394,-0.049855,0.017993,-0.126091,-0.087693,-0.095412,0.242001,-0.161537,0.083462,0.255872,-0.001396,-0.170825,-0.000194,-0.430405,0.000852,-0.258084,-0.597833,
0.717795,-0.969481,0.040589,-0.0,-1.570796,0.0,0.447312,-0.011444,0.005298,0.0,0.0,0.0,-0.866696,0.204688,0.691538,0.963435,-0.049939,0.017956,-0.124922,-0.08762,-0.094527,0.241521,-0.161813,0.083462,0.256245,-0.001308,-0.171058,-0.000174,-0.43078,0.000795,-0.258317,-0.598646,
0.718243,-0.969493,0.040594,-0.0,-1.570796,0.0,0.447312,-0.011444,0.005293,0.0,0.0,0.0,-0.86756,0.205125,0.692069,0.960475,-0.050023,0.017919,-0.123753,-0.087547,-0.093641,0.241041,-0.162088,0.083462,0.256618,-0.00122,-0.171292,-0.000154,-0.431155,0.000738,-0.25855,-0.59946,
0.71869,-0.969504,0.0406,-0.0,-1.570796,0.0,0.447236,-0.011368,0.005298,0.0,0.0,0.0,-0.868423,0.205563,0.692599,0.957517,-0.050107,0.017883,-0.122584,-0.087475,-0.092755,0.240562,-0.162364,0.083462,0.256991,-0.001132,-0.171525,-0.000134,-0.431529,0.000682,-0.258782,-0.600274,
0.719137,-0.969515,0.040605,-0.0,-1.570796,0.0,0.447312,-0.011444,0.005298,0.0,0.0,0.0,-0.869286,0.206001,0.69313,0.954557,-0.050192,0.017846,-0.121415,-0.087402,-0.09187,0.240082,-0.162639,0.083462,0.257363,-0.001044,-0.171759,-0.000113,-0.431904,0.000625,-0.259015,-0.601087,
0.719585,-0.969527,0.04061,-0.0,-1.570796,0.0,0.447312,-0.011444,0.005293,0.0,0.0,0.0,-0.870149,0.206438,0.693661,0.951598,-0.050276,0.01781,-0.120246,-0.087329,-0.090984,0.239602,-0.162915,0.083462,0.257736,-0.000956,-0.171992,-0.000093,-0.432279,0.000568,-0.259248,-0.601901,
0.720032,-0.969538,0.040616,-0.0,-1.570796,0.0,0.447312,-0.011444,0.005298,0.0,0.0,0.0,-0.871012,0.206876,0.694192,0.948639,-0.05036,0.017773,-0.119077,-0.087257,-0.090099,0.239122,-0.16319,0.083462,0.258109,-0.000868,-0.172225,-0.000073,-0.432654,0.000511,-0.25948,-0.602715,
0.720479,-0.96955,0.040621,-0.0,-1.570796,0.0,0.447312,-0.011368,0.005298,0.0,0.0,0.0,-0.871876,0.207314,0.694723,0.94568,-0.050444,0.017736,-0.117908,-0.087184,-0.089213,0.238643,-0.163466,0.083462,0.258482,-0.000781,-0.172459,-0.000053,-0.433029,0.000455,-0.259713,-0.603528,
0.720927,-0.969561,0.040626,-0.0,-1.570796,0.0,0.447236,-0.011444,0.005293,0.0,0.0,0.0,-0.872739,0.207751,0.695254,0.942722,-0.050529,0.0177,-0.116739,-0.087111,-0.088327,0.238163,-0.163741,0.083462,0.258855,-0.000693,-0.172692,-0.000033,-0.433403,0.000398,-0.259945,-0.604342,
0.721374,-0.969572,0.040631,-0.0,-1.570796,0.0,0.447312,-0.011444,0.005298,0.0,0.0,0.0,-0.873602,0.208189,0.695785,0.939764,-0.050613,0.017663,-0.11557,-0.087038,-0.087442,0.237683,-0.164017,0.083462,0.259228,-0.000605,-0.172926,-0.000013,-0.433778,0.000341,-0.260178,-0.605156,
0.721831,-0.969574,0.040625,-0.0,-1.570796,0.0,0.456773,-0.001831,-0.00607,0.0,0.0,0.0,-0.874159,0.208468,0.696098,0.936506,-0.050688,0.017613,-0.114481,-0.086965,-0.086617,0.237338,-0.164375,0.083453,0.25946,-0.000549,-0.173073,0.0,-0.434012,0.000305,-0.260325,-0.605658,
0.722304,-0.96956,0.0406,-0.0,-1.570796,0.0,0.473023,0.014572,-0.025511,0.0,0.0,0.0,-0.874194,0.208476,0.696038,0.932737,-0.050749,0.01754,-0.113528,-0.08689,-0.085894,0.237222,-0.164875,0.083429,0.259453,-0.000549,-0.173073,0.0,-0.434004,0.000305,-0.260325,-0.605629,
0.722777,-0.969545,0.040574,-0.0,-1.570796,0.0,0.473023,0.014496,-0.025506,0.0,0.0,0.0,-0.874228,0.208484,0.695977,0.928968,-0.050809,0.017466,-0.112575,-0.086815,-0.085172,0.237105,-0.165375,0.083405,0.259446,-0.000549,-0.173073,0.0,-0.433997,0.000305,-0.260325,-0.605601,
0.72325,-0.969531,0.040549,-0.0,-1.570796,0.0,0.472947,0.014572,-0.025501,0.0,0.0,0.0,-0.874262,0.208491,0.695917,0.925199,-0.05087,0.017393,-0.111623,-0.086741,-0.084451,0.236989,-0.165875,0.083382,0.259438,-0.000549,-0.173073,0.0,-0.433989,0.000305,-0.260325,-0.605572,
0.723723,-0.969516,0.040523,-0.0,-1.570796,0.0,0.472947,0.014496,-0.025506,0.0,0.0,0.0,-0.874297,0.208499,0.695856,0.921429,-0.05093,0.01732,-0.11067,-0.086666,-0.083729,0.236873,-0.166375,0.083358,0.259431,-0.000549,-0.173073,0.0,-0.433982,0.000305,-0.260325,-0.605543,
0.724196,-0.969502,0.040498,-0.0,-1.570796,0.0,0.473023,0.014572,-0.025511,0.0,0.0,0.0,-0.874331,0.208507,0.695796,0.917658,-0.050991,0.017247,-0.109717,-0.086591,-0.083007,0.236757,-0.166875,0.083334,0.259423,-0.000549,-0.173073,0.0,-0.433974,0.000305,-0.260325,-0.605514,
0.724669,-0.969487,0.040472,-0.0,-1.570796,0.0,0.473023,0.014496,-0.025506,0.0,0.0,0.0,-0.874365,0.208515,0.695736,0.913887,-0.051051,0.017173,-0.108764,-0.086516,-0.082285,0.236641,-0.167375,0.08331,0.259416,-0.000549,-0.173073,0.0,-0.433967,0.000305,-0.260325,-0.605486,
0.725142,-0.969473,0.040447,-0.0,-1.570796,0.0,0.473023,0.014496,-0.025506,0.0,0.0,0.0,-0.8744,0.208523,0.695675,0.910116,-0.051112,0.0171,-0.107811,-0.086441,-0.081563,0.236525,-0.167875,0.083286,0.259409,-0.000549,-0.173073,0.0,-0.433959,0.000305,-0.260325,-0.605457,
0.725615,-0.969458,0.040421,-0.0,-1.570796,0.0,0.472947,0.014572,-0.025506,0.0,0.0,0.0,-0.874434,0.208531,0.695615,0.906345,-0.051172,0.017027,-0.106858,-0.086367,-0.080841,0.236408,-0.168375,0.083262,0.259401,-0.000549,-0.173073,0.0,-0.433952,0.000305,-0.260325,-0.605428,
0.726088,-0.969444,0.040396,-0.0,-1.570796,0.0,0.473023,0.014496,-0.025501,0.0,0.0,0.0,-0.874468,0.208539,0.695554,0.902575,-0.051232,0.016954,-0.105905,-0.086292,-0.080119,0.236292,-0.168875,0.083239,0.259394,-0.000549,-0.173073,0.0,-0.433944,0.000305,-0.260325,-0.605399,
0.726561,-0.969429,0.04037,-0.0,-1.570796,0.0,0.473023,0.014572,-0.025511,0.0,0.0,0.0,-0.874503,0.208547,0.695494,0.898802,-0.051293,0.01688,-0.104952,-0.086217,-0.079397,0.236176,-0.169375,0.083215,0.259387,-0.000549,-0.173073,0.0,-0.433937,0.000305,-0.260325,-0.60537,
0.727033,-0.969414,0.040345,-0.0,-1.570796,0.0,0.472947,0.014496,-0.025506,0.0,0.0,0.0,-0.874537,0.208554,0.695434,0.895031,-0.051353,0.016807,-0.103999,-0.086142,-0.078675,0.23606,-0.169875,0.083191,0.259379,-0.000549,-0.173073,0.0,-0.433929,0.000305,-0.260325,-0.605342,
0.727507,-0.9694,0.040319,-0.0,-1.570796,0.0,0.4731,0.014572,-0.025511,0.0,0.0,0.0,-0.874572,0.208562,0.695373,0.891258,-0.051414,0.016734,-0.103046,-0.086068,-0.077952,0.235944,-0.170375,0.083167,0.259372,-0.000549,-0.173073,0.0,-0.433922,0.000305,-0.260325,-0.605313,
0.72798,-0.969385,0.040294,-0.0,-1.570796,0.0,0.472947,0.014496,-0.025506,0.0,0.0,0.0,-0.874606,0.20857,0.695313,0.887487,-0.051474,0.016661,-0.102093,-0.085993,-0.077231,0.235828,-0.170875,0.083143,0.259364,-0.000549,-0.173073,0.0,-0.433914,0.000305,-0.260325,-0.605284,
0.728453,-0.969371,0.040268,-0.0,-1.570796,0.0,0.472947,0.014572,-0.025501,0.0,0.0,0.0,-0.87464,0.208578,0.695253,0.883715,-0.051535,0.016587,-0.101141,-0.085918,-0.076509,0.235711,-0.171375,0.083119,0.259357,-0.000549,-0.173073,0.0,-0.433907,0.000305,-0.260325,-0.605255,
0.728926,-0.969356,0.040243,-0.0,-1.570796,0.0,0.473023,0.014496,-0.025511,0.0,0.0,0.0,-0.874675,0.208586,0.695192,0.879943,-0.051595,0.016514,-0.100188,-0.085843,-0.075787,0.235595,-0.171875,0.083096,0.25935,-0.000549,-0.173073,0.0,-0.433899,0.000305,-0.260325,-0.605227,
0.729399,-0.969342,0.040217,-0.0,-1.570796,0.0,0.473023,0.014496,-0.025506,0.0,0.0,0.0,-0.874709,0.208594,0.695132,0.87617,-0.051656,0.016441,-0.099235,-0.085768,-0.075064,0.235479,-0.172375,0.083072,0.259342,-0.000549,-0.173073,0.0,-0.433892,0.000305,-0.260325,-0.605198,
0.729872,-0.969327,0.040192,-0.0,-1.570796,0.0,0.473023,0.014572,-0.025506,0.0,0.0,0.0,-0.874743,0.208602,0.695071,0.872398,-0.051716,0.016368,-0.098282,-0.085694,-0.074342,0.235363,-0.172875,0.083048,0.259335,-0.000549,-0.173073,0.0,-0.433884,0.000305,-0.260325,-0.605169,
0.730345,-0.969313,0.040166,-0.0,-1.570796,0.0,0.473023,0.014496,-0.025506,0.0,0.0,0.0,-0.874778,0.20861,0.695011,0.868626,-0.051777,0.016294,-0.097329,-0.085619,-0.07362,0.235247,-0.173374,0.083024,0.259327,-0.000549,-0.173073,0.0,-0.433877,0.000305,-0.260325,-0.60514,
0.730817,-0.969298,0.040141,-0.0,-1.570796,0.0,0.472871,0.014572,-0.025501,0.0,0.0,0.0,-0.874812,0.208617,0.694951,0.864854,-0.051837,0.016221,-0.096376,-0.085544,-0.072899,0.235131,-0.173874,0.083,0.25932,-0.000549,-0.173073,0.0,-0.433869,0.000305,-0.260325,-0.605112,
0.731291,-0.969284,0.040115,-0.0,-1.570796,0.0,0.473023,0.014496,-0.025511,0.0,0.0,0.0,-0.874846,0.208625,0.69489,0.861082,-0.051897,0.016148,-0.095423,-0.085469,-0.072177,0.235014,-0.174374,0.082977,0.259313,-0.000549,-0.173073,0.0,-0.433862,0.000305,-0.260325,-0.605083,
0.731764,-0.969269,0.04009,-0.0,-1.570796,0.0,0.473023,0.014572,-0.025506,0.0,0.0,0.0,-0.874881,0.208633,0.69483,0.85731,-0.051958,0.016075,-0.09447,-0.085395,-0.071454,0.234898,-0.174874,0.082953,0.259305,-0.000549,-0.173073,0.0,-0.433854,0.000305,-0.260325,-0.605054,
0.732237,-0.969255,0.040064,-0.0,-1.570796,0.0,0.473023,0.014496,-0.025506,0.0,0.0,0.0,-0.874915,0.208641,0.69477,0.853538,-0.052018,0.016001,-0.093517,-0.08532,-0.070732,0.234782,-0.175374,0.082929,0.259298,-0.000549,-0.173073,0.0,-0.433847,0.000305,-0.260325,-0.605025,
0.73271,-0.96924,0.040039,-0.0,-1.570796,0.0,0.473023,0.014572,-0.025511,0.0,0.0,0.0,-0.87495,0.208649,0.694709,0.849766,-0.052079,0.015928,-0.092564,-0.085245,-0.07001,0.234666,-0.175874,0.082905,0.259291,-0.000549,-0.173073,0.0,-0.433839,0.000305,-0.260325,-0.604996,
0.733182,-0.969226,0.040013,-0.0,-1.570796,0.0,0.472947,0.014496,-0.025501,0.0,0.0,0.0,-0.874984,0.208657,0.694649,0.845995,-0.052139,0.015855,-0.091611,-0.08517,-0.069288,0.23455,-0.176374,0.082881,0.259283,-0.000549,-0.173073,0.0,-0.433832,0.000305,-0.260325,-0.604968,
0.733656,-0.969211,0.039988,-0.0,-1.570796,0.0,0.473023,0.014572,-0.025508,0.0,0.0,0.0,-0.875018,0.208665,0.694588,0.842223,-0.0522,0.015782,-0.090658,-0.085095,-0.068566,0.234433,-0.176874,0.082857,0.259276,-0.000549,-0.173073,0.0,-0.433824,0.000305,-0.260325,-0.604939,
0.734129,-0.969196,0.039962,-0.0,-1.570796,0.0,0.473023,0.014496,-0.025506,0.0,0.0,0.0,-0.875053,0.208673,0.694528,0.838452,-0.05226,0.015708,-0.089705,-0.085021,-0.067844,0.234317,-0.177374,0.082834,0.259268,-0.000549,-0.173073,0.0,-0.433817,0.000305,-0.260325,-0.60491,
0.734602,-0.969182,0.039937,-0.0,-1.570796,0.0,0.473023,0.014496,-0.025508,0.0,0.0,0.0,-0.875087,0.20868,0.694468,0.834681,-0.052321,0.015635,-0.088753,-0.084946,-0.067122,0.234201,-0.177874,0.08281,0.259261,-0.000549,-0.173073,0.0,-0.433809,0.000305,-0.260325,-0.604881,
0.735075,-0.969167,0.039911,-0.0,-1.570796,0.0,0.473023,0.014572,-0.025508,0.0,0.0,0.0,-0.875121,0.208688,0.694407,0.830911,-0.052381,0.015562,-0.0878,-0.084871,-0.0664,0.234085,-0.178374,0.082786,0.259254,-0.000549,-0.173073,0.0,-0.433802,0.000305,-0.260325,-0.604853,
0.735547,-0.969153,0.039886,-0.0,-1.570796,0.0,0.472871,0.014496,-0.025501,0.0,0.0,0.0,-0.875156,0.208696,0.694347,0.827141,-0.052441,0.015489,-0.086847,-0.084796,-0.065678,0.233969,-0.178874,0.082762,0.259246,-0.000549,-0.173073,0.0,-0.433794,0.000305,-0.260325,-0.604824,
0.736021,-0.969138,0.03986,-0.0,-1.570796,0.0,0.473023,0.014572,-0.025506,0.0,0.0,0.0,-0.87519,0.208704,0.694287,0.823371,-0.052502,0.015415,-0.085894,-0.084721,-0.064956,0.233853,-0.179374,0.082738,0.259239,-0.000549,-0.173073,0.0,-0.433787,0.000305,-0.260325,-0.604795,
0.736494,-0.969124,0.039835,-0.0,-1.570796,0.0,0.473023,0.014496,-0.025508,0.0,0.0,0.0,-0.875224,0.208712,0.694226,0.819602,-0.052562,0.015342,-0.084941,-0.084647,-0.064234,0.233736,-0.179874,0.082714,0.259231,-0.000549,-0.173073,0.0,-0.433779,0.000305,-0.260325,-0.604766,
0.736967,-0.969109,0.039809,-0.0,-1.570796,0.0,0.473023,0.014572,-0.025506,0.0,0.0,0.0,-0.875259,0.20872,0.694166,0.815832,-0.052623,0.015269,-0.083988,-0.084572,-0.063512,0.23362,-0.180374,0.082691,0.259224,-0.000549,-0.173073,0.0,-0.433772,0.000305,-0.260325,-0.604737,
0.737441,-0.969094,0.039782,-0.0,-1.570796,0.0,0.474091,0.015564,-0.026729,0.0,0.0,0.0,-0.875261,0.208711,0.694083,0.812038,-0.052674,0.015194,-0.083043,-0.084496,-0.062797,0.233518,-0.180882,0.082665,0.259202,-0.000553,-0.173063,-0.0,-0.433749,0.000308,-0.260315,-0.604674,
0.737945,-0.969051,0.039724,-0.0,-1.570796,0.0,0.504685,0.042267,-0.058544,0.0,0.0,0.0,-0.87442,0.208276,0.693418,0.807553,-0.052472,0.015088,-0.082306,-0.084405,-0.062234,0.23378,-0.181624,0.082599,0.258794,-0.00064,-0.172804,-0.000013,-0.433341,0.000375,-0.260055,-0.603722,
0.73845,-0.969009,0.039665,-0.0,-1.570796,0.0,0.504762,0.042343,-0.058553,0.0,0.0,0.0,-0.873579,0.20784,0.692754,0.803068,-0.052271,0.014982,-0.081568,-0.084314,-0.061672,0.234042,-0.182365,0.082533,0.258386,-0.000728,-0.172545,-0.000026,-0.432932,0.000443,-0.259795,-0.602769,
0.738955,-0.968967,0.039607,-0.0,-1.570796,0.0,0.504685,0.042343,-0.058537,0.0,0.0,0.0,-0.872738,0.207404,0.692089,0.798582,-0.052069,0.014876,-0.080831,-0.084223,-0.06111,0.234304,-0.183107,0.082467,0.257978,-0.000816,-0.172286,-0.000039,-0.432524,0.000511,-0.259534,-0.601816,
0.73946,-0.968924,0.039548,-0.0,-1.570796,0.0,0.504762,0.042343,-0.058544,0.0,0.0,0.0,-0.871897,0.206969,0.691425,0.794096,-0.051868,0.01477,-0.080093,-0.084132,-0.060547,0.234566,-0.183848,0.082401,0.25757,-0.000904,-0.172027,-0.000052,-0.432116,0.000579,-0.259274,-0.600863,
0.739964,-0.968882,0.03949,-0.0,-1.570796,0.0,0.504609,0.042343,-0.058539,0.0,0.0,0.0,-0.871056,0.206533,0.69076,0.789609,-0.051666,0.014663,-0.079356,-0.084041,-0.059985,0.234827,-0.184589,0.082335,0.257162,-0.000992,-0.171768,-0.000065,-0.431707,0.000646,-0.259014,-0.59991,
0.740469,-0.96884,0.039431,-0.0,-1.570796,0.0,0.504685,0.042343,-0.058537,0.0,0.0,0.0,-0.870216,0.206098,0.690096,0.785122,-0.051465,0.014557,-0.078618,-0.08395,-0.059423,0.235089,-0.18533,0.082269,0.256754,-0.00108,-0.171509,-0.000077,-0.431299,0.000714,-0.258753,-0.598958,
0.740974,-0.968797,0.039373,-0.0,-1.570796,0.0,0.504762,0.042343,-0.058553,0.0,0.0,0.0,-0.869375,0.205662,0.689431,0.780633,-0.051263,0.014451,-0.077881,-0.083859,-0.05886,0.235351,-0.186072,0.082203,0.256347,-0.001168,-0.171249,-0.00009,-0.43089,0.000782,-0.258493,-0.598005,
0.741478,-0.968755,0.039314,-0.0,-1.570796,0.0,0.504762,0.042267,-0.058544,0.0,0.0,0.0,-0.868534,0.205226,0.688766,0.776145,-0.051062,0.014345,-0.077143,-0.083768,-0.058298,0.235613,-0.186813,0.082137,0.255939,-0.001256,-0.17099,-0.000103,-0.430482,0.00085,-0.258233,-0.597052,
0.741983,-0.968713,0.039256,-0.0,-1.570796,0.0,0.504609,0.042343,-0.058537,0.0,0.0,0.0,-0.867693,0.204791,0.688102,0.771656,-0.05086,0.014239,-0.076406,-0.083677,-0.057736,0.235875,-0.187555,0.082071,0.255531,-0.001344,-0.170731,-0.000116,-0.430074,0.000917,-0.257973,-0.596099,
0.742488,-0.96867,0.039197,-0.0,-1.570796,0.0,0.504685,0.042343,-0.058539,0.0,0.0,0.0,-0.866852,0.204355,0.687437,0.767168,-0.050659,0.014132,-0.075668,-0.083586,-0.057173,0.236137,-0.188296,0.082006,0.255123,-0.001431,-0.170472,-0.000129,-0.429665,0.000985,-0.257712,-0.595146,
0.742992,-0.968628,0.039138,-0.0,-1.570796,0.0,0.504762,0.042343,-0.058551,0.0,0.0,0.0,-0.866011,0.20392,0.686773,0.762678,-0.050457,0.014026,-0.074931,-0.083495,-0.056611,0.236399,-0.189037,0.08194,0.254715,-0.001519,-0.170213,-0.000141,-0.429257,0.001053,-0.257452,-0.594193,
0.743497,-0.968586,0.03908,-0.0,-1.570796,0.0,0.504762,0.042343,-0.058544,0.0,0.0,0.0,-0.86517,0.203484,0.686108,0.758188,-0.050256,0.01392,-0.074193,-0.083404,-0.056049,0.23666,-0.189779,0.081874,0.254307,-0.001607,-0.169954,-0.000154,-0.428848,0.001121,-0.257192,-0.59324,
0.744002,-0.968543,0.039021,-0.0,-1.570796,0.0,0.504609,0.042343,-0.058539,0.0,0.0,0.0,-0.864329,0.203048,0.685443,0.753698,-0.050054,0.013814,-0.073456,-0.083313,-0.055486,0.236922,-0.19052,0.081808,0.253899,-0.001695,-0.169695,-0.000167,-0.42844,0.001188,-0.256931,-0.592288,
0.744506,-0.968501,0.038963,-0.0,-1.570796,0.0,0.504685,0.042267,-0.058537,0.0,0.0,0.0,-0.863489,0.202613,0.684779,0.749208,-0.049853,0.013708,-0.072718,-0.083222,-0.054924,0.237184,-0.191261,0.081742,0.253491,-0.001783,-0.169436,-0.00018,-0.428031,0.001256,-0.256671,-0.591335,
0.745011,-0.968459,0.038904,-0.0,-1.570796,0.0,0.504838,0.042343,-0.05856,0.0,0.0,0.0,-0.862647,0.202177,0.684114,0.744717,-0.049651,0.013601,-0.07198,-0.083131,-0.054362,0.237446,-0.192003,0.081676,0.253083,-0.001871,-0.169177,-0.000193,-0.427623,0.001324,-0.256411,-0.590382,
0.745516,-0.968417,0.038846,-0.0,-1.570796,0.0,0.504685,0.042343,-0.058537,0.0,0.0,0.0,-0.861807,0.201742,0.68345,0.740227,-0.04945,0.013495,-0.071243,-0.08304,-0.053799,0.237708,-0.192744,0.08161,0.252675,-0.001959,-0.168918,-0.000206,-0.427215,0.001392,-0.25615,-0.589429,
0.746021,-0.968374,0.038787,-0.0,-1.570796,0.0,0.504609,0.042343,-0.058537,0.0,0.0,0.0,-0.860966,0.201306,0.682785,0.735737,-0.049249,0.013389,-0.070506,-0.082949,-0.053237,0.23797,-0.193485,0.081544,0.252268,-0.002047,-0.168659,-0.000218,-0.426806,0.001459,-0.25589,-0.588476,
0.746525,-0.968332,0.038729,-0.0,-1.570796,0.0,0.504762,0.042343,-0.058546,0.0,0.0,0.0,-0.860125,0.20087,0.68212,0.731247,-0.049047,0.013283,-0.069768,-0.082858,-0.052675,0.238231,-0.194227,0.081478,0.25186,-0.002135,-0.1684,-0.000231,-0.426398,0.001527,-0.25563,-0.587523,
0.74703,-0.968289,0.03867,-0.0,-1.570796,0.0,0.504685,0.042343,-0.058537,0.0,0.0,0.0,-0.859284,0.200435,0.681456,0.726757,-0.048846,0.013177,-0.069031,-0.082767,-0.052113,0.238493,-0.194968,0.081412,0.251452,-0.002222,-0.16814,-0.000244,-0.425989,0.001595,-0.25537,-0.58657,
0.747535,-0.968247,0.038612,-0.0,-1.570796,0.0,0.504762,0.042267,-0.058551,0.0,0.0,0.0,-0.858443,0.199999,0.680791,0.722266,-0.048644,0.01307,-0.068293,-0.082676,-0.05155,0.238755,-0.195709,0.081346,0.251044,-0.00231,-0.167881,-0.000257,-0.425581,0.001663,-0.255109,-0.585617,
0.748039,-0.968205,0.038553,-0.0,-1.570796,0.0,0.504685,0.042343,-0.058539,0.0,0.0,0.0,-0.857602,0.199564,0.680127,0.717777,-0.048443,0.012964,-0.067555,-0.082585,-0.050988,0.239017,-0.196451,0.08128,0.250636,-0.002398,-0.167622,-0.00027,-0.425172,0.00173,-0.254849,-0.584665,
0.748544,-0.968163,0.038494,-0.0,-1.570796,0.0,0.504685,0.042343,-0.058544,0.0,0.0,0.0,-0.856761,0.199128,0.679462,0.713287,-0.048241,0.012858,-0.066818,-0.082494,-0.050426,0.239279,-0.197192,0.081214,0.250228,-0.002486,-0.167363,-0.000282,-0.424764,0.001798,-0.254589,-0.583712,
0.749049,-0.96812,0.038436,-0.0,-1.570796,0.0,0.504685,0.042343,-0.058537,0.0,0.0,0.0,-0.855921,0.198692,0.678798,0.708798,-0.04804,0.012752,-0.06608,-0.082403,-0.049863,0.239541,-0.197933,0.081148,0.24982,-0.002574,-0.167104,-0.000295,-0.424356,0.001866,-0.254328,-0.582759,
0.749554,-0.968078,0.038377,-0.0,-1.570796,0.0,0.504762,0.042343,-0.058553,0.0,0.0,0.0,-0.85508,0.198257,0.678133,0.704308,-0.047838,0.012646,-0.065343,-0.082312,-0.049301,0.239803,-0.198675,0.081082,0.249412,-0.002662,-0.166845,-0.000308,-0.423947,0.001934,-0.254068,-0.581806,
0.750058,-0.968035,0.038319,-0.0,-1.570796,0.0,0.504685,0.042343,-0.058537,0.0,0.0,0.0,-0.854239,0.197821,0.677469,0.699819,-0.047637,0.012539,-0.064605,-0.082221,-0.048739,0.240064,-0.199416,0.081016,0.249004,-0.00275,-0.166586,-0.000321,-0.423539,0.002001,-0.253808,-0.580853,
0.750563,-0.967993,0.03826,-0.0,-1.570796,0.0,0.504685,0.042267,-0.058546,0.0,0.0,0.0,-0.853398,0.197386,0.676804,0.695331,-0.047435,0.012433,-0.063868,-0.08213,-0.048176,0.240326,-0.200158,0.08095,0.248597,-0.002838,-0.166327,-0.000334,-0.42313,0.002069,-0.253547,-0.579901,
0.751068,-0.967951,0.038202,-0.0,-1.570796,0.0,0.504685,0.042343,-0.058537,0.0,0.0,0.0,-0.852557,0.19695,0.676139,0.690843,-0.047234,0.012327,-0.06313,-0.082039,-0.047614,0.240588,-0.200899,0.080884,0.248189,-0.002926,-0.166068,-0.000347,-0.422722,0.002137,-0.253287,-0.578948,
0.751572,-0.967909,0.038143,-0.0,-1.570796,0.0,0.504762,0.042343,-0.058553,0.0,0.0,0.0,-0.851716,0.196514,0.675475,0.686355,-0.047032,0.012221,-0.062393,-0.081948,-0.047052,0.24085,-0.20164,0.080818,0.247781,-0.003013,-0.165809,-0.000359,-0.422313,0.002205,-0.253027,-0.577995,
0.752077,-0.967866,0.038085,-0.0,-1.570796,0.0,0.504762,0.042343,-0.058544,0.0,0.0,0.0,-0.850875,0.196079,0.67481,0.681867,-0.046831,0.012115,-0.061655,-0.081857,-0.046489,0.241112,-0.202382,0.080752,0.247373,-0.003101,-0.165549,-0.000372,-0.421905,0.002272,-0.252767,-0.577042,
0.752582,-0.967824,0.038026,-0.0,-1.570796,0.0,0.504609,0.042343,-0.058537,0.0,0.0,0.0,-0.850035,0.195643,0.674146,0.677381,-0.046629,0.012008,-0.060918,-0.081766,-0.045927,0.241374,-0.203123,0.080686,0.246965,-0.003189,-0.16529,-0.000385,-0.421497,0.00234,-0.252506,-0.576089,
0.753086,-0.967781,0.037968,-0.0,-1.570796,0.0,0.504685,0.042343,-0.058539,0.0,0.0,0.0,-0.849194,0.195208,0.673481,0.672896,-0.046428,0.011902,-0.06018,-0.081675,-0.045365,0.241635,-0.203864,0.08062,0.246557,-0.003277,-0.165031,-0.000398,-0.421088,0.002408,-0.252246,-0.575136,
0.753591,-0.967739,0.037909,-0.0,-1.570796,0.0,0.504685,0.042267,-0.058544,0.0,0.0,0.0,-0.848353,0.194772,0.672816,0.66841,-0.046227,0.011796,-0.059443,-0.081584,-0.044803,0.241897,-0.204606,0.080554,0.246149,-0.003365,-0.164772,-0.000411,-0.42068,0.002476,-0.251986,-0.574184,
0.754096,-0.967697,0.037851,-0.0,-1.570796,0.0,0.504838,0.042343,-0.058551,0.0,0.0,0.0,-0.847512,0.194336,0.672152,0.663925,-0.046025,0.01169,-0.058705,-0.081493,-0.04424,0.242159,-0.205347,0.080488,0.245741,-0.003453,-0.164513,-0.000423,-0.420271,0.002543,-0.251725,-0.573231,
0.754636,-0.967618,0.03777,-0.0,-1.570796,0.0,0.540238,0.078659,-0.080626,0.0,0.0,0.0,-0.846043,0.193623,0.671006,0.659131,-0.045519,0.011555,-0.058239,-0.081391,-0.043885,0.242894,-0.206385,0.080399,0.245065,-0.00359,-0.164088,-0.000467,-0.419595,0.002647,-0.251301,-0.571721,
0.755192,-0.967524,0.03768,-0.0,-1.570796,0.0,0.555497,0.094147,-0.090032,0.0,0.0,0.0,-0.844307,0.192792,0.669656,0.654204,-0.044884,0.011409,-0.057888,-0.081284,-0.043617,0.24383,-0.20755,0.0803,0.244274,-0.003747,-0.163592,-0.000524,-0.418804,0.002766,-0.250807,-0.569974,
0.755747,-0.96743,0.03759,-0.0,-1.570796,0.0,0.555497,0.094071,-0.090022,0.0,0.0,0.0,-0.842571,0.191961,0.668306,0.649276,-0.044248,0.011262,-0.057538,-0.081176,-0.04335,0.244766,-0.208714,0.080201,0.243483,-0.003904,-0.163096,-0.000581,-0.418013,0.002885,-0.250312,-0.568228,
0.756303,-0.967336,0.0375,-0.0,-1.570796,0.0,0.555573,0.094147,-0.090046,0.0,0.0,0.0,-0.840835,0.191129,0.666955,0.644347,-0.043613,0.011116,-0.057187,-0.081069,-0.043083,0.245702,-0.209879,0.080102,0.242692,-0.004062,-0.1626,-0.000637,-0.417222,0.003004,-0.249818,-0.566481,
0.756858,-0.967242,0.03741,-0.0,-1.570796,0.0,0.555421,0.094147,-0.090022,0.0,0.0,0.0,-0.839099,0.190298,0.665605,0.639418,-0.042977,0.010969,-0.056837,-0.080962,-0.042815,0.246638,-0.211043,0.080003,0.241902,-0.004219,-0.162104,-0.000694,-0.416431,0.003123,-0.249324,-0.564734,
0.757414,-0.967148,0.03732,-0.0,-1.570796,0.0,0.555497,0.094071,-0.090032,0.0,0.0,0.0,-0.837363,0.189466,0.664254,0.634487,-0.042342,0.010823,-0.056486,-0.080855,-0.042548,0.247574,-0.212208,0.079904,0.241111,-0.004377,-0.161609,-0.000751,-0.415641,0.003242,-0.248829,-0.562987,
0.757969,-0.967054,0.03723,-0.0,-1.570796,0.0,0.555421,0.094147,-0.090022,0.0,0.0,0.0,-0.835627,0.188635,0.662904,0.629557,-0.041707,0.010677,-0.056135,-0.080747,-0.042281,0.24851,-0.213372,0.079805,0.24032,-0.004534,-0.161113,-0.000808,-0.41485,0.003361,-0.248335,-0.56124,
0.758525,-0.966959,0.03714,-0.0,-1.570796,0.0,0.555573,0.094071,-0.090046,0.0,0.0,0.0,-0.83389,0.187804,0.661553,0.624625,-0.041071,0.01053,-0.055785,-0.08064,-0.042013,0.249447,-0.214537,0.079706,0.239529,-0.004692,-0.160617,-0.000864,-0.414059,0.00348,-0.24784,-0.559493,
0.75908,-0.966865,0.03705,-0.0,-1.570796,0.0,0.555497,0.094147,-0.090022,0.0,0.0,0.0,-0.832154,0.186972,0.660203,0.619693,-0.040436,0.010384,-0.055434,-0.080533,-0.041746,0.250383,-0.215701,0.079607,0.238738,-0.004849,-0.160121,-0.000921,-0.413268,0.003599,-0.247346,-0.557746,
0.759636,-0.966771,0.03696,-0.0,-1.570796,0.0,0.555497,0.094071,-0.090032,0.0,0.0,0.0,-0.830418,0.186141,0.658852,0.61476,-0.0398,0.010237,-0.055083,-0.080426,-0.041478,0.251319,-0.216866,0.079509,0.237947,-0.005007,-0.159625,-0.000978,-0.412477,0.003718,-0.246852,-0.555999,
0.760191,-0.966677,0.03687,-0.0,-1.570796,0.0,0.555421,0.094147,-0.090022,0.0,0.0,0.0,-0.828682,0.18531,0.657502,0.609828,-0.039165,0.010091,-0.054733,-0.080318,-0.041211,0.252255,-0.21803,0.07941,0.237157,-0.005164,-0.159129,-0.001035,-0.411687,0.003837,-0.246357,-0.554253,
0.760747,-0.966583,0.03678,-0.0,-1.570796,0.0,0.555421,0.094071,-0.090022,0.0,0.0,0.0,-0.826946,0.184478,0.656152,0.604895,-0.038529,0.009944,-0.054382,-0.080211,-0.040944,0.253191,-0.219195,0.079311,0.236366,-0.005322,-0.158633,-0.001091,-0.410896,0.003956,-0.245863,-0.552506,
0.761302,-0.966489,0.03669,-0.0,-1.570796,0.0,0.55565,0.094147,-0.090058,0.0,0.0,0.0,-0.825209,0.183647,0.654801,0.59996,-0.037894,0.009798,-0.054032,-0.080104,-0.040676,0.254127,-0.22036,0.079212,0.235575,-0.005479,-0.158137,-0.001148,-0.410105,0.004075,-0.245369,-0.550758,
0.761858,-0.966395,0.036599,-0.0,-1.570796,0.0,0.555421,0.094147,-0.09002,0.0,0.0,0.0,-0.823473,0.182815,0.65345,0.595026,-0.037258,0.009651,-0.053681,-0.079996,-0.040409,0.255063,-0.221524,0.079113,0.234784,-0.005637,-0.157642,-0.001205,-0.409314,0.004194,-0.244874,-0.549011,
0.762413,-0.966301,0.036509,-0.0,-1.570796,0.0,0.555497,0.094071,-0.090022,0.0,0.0,0.0,-0.821737,0.181984,0.6521,0.590093,-0.036623,0.009505,-0.05333,-0.079889,-0.040142,0.255999,-0.222689,0.079014,0.233993,-0.005794,-0.157146,-0.001262,-0.408523,0.004313,-0.24438,-0.547265,
0.762969,-0.966206,0.036419,-0.0,-1.570796,0.0,0.555497,0.094147,-0.090034,0.0,0.0,0.0,-0.82,0.181153,0.650749,0.585159,-0.035987,0.009358,-0.05298,-0.079782,-0.039874,0.256935,-0.223853,0.078915,0.233202,-0.005952,-0.15665,-0.001318,-0.407732,0.004432,-0.243886,-0.545518,
0.763524,-0.966112,0.036329,-0.0,-1.570796,0.0,0.555573,0.094147,-0.090046,0.0,0.0,0.0,-0.818264,0.180321,0.649399,0.580224,-0.035352,0.009212,-0.052629,-0.079675,-0.039607,0.257871,-0.225018,0.078816,0.232411,-0.006109,-0.156154,-0.001375,-0.406941,0.004551,-0.243391,-0.54377,
0.76408,-0.966018,0.036239,-0.0,-1.570796,0.0,0.555421,0.094071,-0.09002,0.0,0.0,0.0,-0.816528,0.17949,0.648048,0.57529,-0.034716,0.009065,-0.052279,-0.079567,-0.039339,0.258807,-0.226183,0.078717,0.231621,-0.006266,-0.155658,-0.001432,-0.406151,0.00467,-0.242897,-0.542023,
0.764635,-0.965924,0.036149,-0.0,-1.570796,0.0,0.555421,0.094071,-0.090022,0.0,0.0,0.0,-0.814791,0.178658,0.646698,0.570356,-0.034081,0.008919,-0.051928,-0.07946,-0.039072,0.259743,-0.227347,0.078618,0.23083,-0.006424,-0.155162,-0.001489,-0.40536,0.004789,-0.242402,-0.540276,
0.76519,-0.96583,0.036059,-0.0,-1.570796,0.0,0.555497,0.094147,-0.090034,0.0,0.0,0.0,-0.813055,0.177827,0.645347,0.565422,-0.033446,0.008772,-0.051577,-0.079353,-0.038805,0.26068,-0.228512,0.078519,0.230039,-0.006581,-0.154666,-0.001546,-0.404569,0.004908,-0.241908,-0.538529,
0.765746,-0.965736,0.035969,-0.0,-1.570796,0.0,0.55565,0.094147,-0.090046,0.0,0.0,0.0,-0.811318,0.176996,0.643997,0.560487,-0.03281,0.008626,-0.051227,-0.079246,-0.038537,0.261616,-0.229677,0.07842,0.229248,-0.006739,-0.15417,-0.001602,-0.403778,0.005027,-0.241414,-0.536782,
0.766302,-0.965642,0.035879,-0.0,-1.570796,0.0,0.555421,0.094071,-0.09002,0.0,0.0,0.0,-0.809582,0.176164,0.642646,0.555554,-0.032175,0.008479,-0.050876,-0.079138,-0.03827,0.262552,-0.230841,0.078321,0.228457,-0.006896,-0.153675,-0.001659,-0.402987,0.005146,-0.240919,-0.535035,
0.766857,-0.965548,0.035789,-0.0,-1.570796,0.0,0.555421,0.094147,-0.090022,0.0,0.0,0.0,-0.807846,0.175333,0.641296,0.550621,-0.031539,0.008333,-0.050525,-0.079031,-0.038003,0.263488,-0.232005,0.078222,0.227667,-0.007054,-0.153179,-0.001716,-0.402197,0.005265,-0.240425,-0.533288,
0.767412,-0.965454,0.035699,-0.0,-1.570796,0.0,0.555497,0.094071,-0.090034,0.0,0.0,0.0,-0.80611,0.174501,0.639945,0.545688,-0.030904,0.008186,-0.050175,-0.078924,-0.037735,0.264424,-0.23317,0.078123,0.226876,-0.007211,-0.152683,-0.001773,-0.401406,0.005384,-0.239931,-0.531541,
0.767968,-0.965359,0.035609,-0.0,-1.570796,0.0,0.555421,0.094147,-0.090022,0.0,0.0,0.0,-0.804374,0.17367,0.638595,0.540756,-0.030268,0.00804,-0.049824,-0.078817,-0.037468,0.26536,-0.234335,0.078024,0.226085,-0.007369,-0.152187,-0.001829,-0.400615,0.005503,-0.239436,-0.529795,
0.768523,-0.965265,0.035519,-0.0,-1.570796,0.0,0.555573,0.094147,-0.090044,0.0,0.0,0.0,-0.802637,0.172839,0.637244,0.535823,-0.029633,0.007893,-0.049474,-0.078709,-0.0372,0.266296,-0.235499,0.077925,0.225294,-0.007526,-0.151691,-0.001886,-0.399824,0.005622,-0.238942,-0.528047,
0.769079,-0.965171,0.035429,-0.0,-1.570796,0.0,0.555573,0.094071,-0.090034,0.0,0.0,0.0,-0.800901,0.172007,0.635894,0.530892,-0.028997,0.007747,-0.049123,-0.078602,-0.036933,0.267232,-0.236664,0.077826,0.224503,-0.007684,-0.151195,-0.001943,-0.399033,0.005741,-0.238448,-0.5263,
0.769634,-0.965077,0.035339,-0.0,-1.570796,0.0,0.555421,0.094147,-0.090022,0.0,0.0,0.0,-0.799165,0.171176,0.634544,0.525961,-0.028362,0.0076,-0.048772,-0.078495,-0.036666,0.268168,-0.237828,0.077727,0.223712,-0.007841,-0.150699,-0.002,-0.398242,0.00586,-0.237953,-0.524554,
0.77019,-0.964983,0.035249,-0.0,-1.570796,0.0,0.555421,0.094071,-0.090022,0.0,0.0,0.0,-0.797429,0.170345,0.633193,0.521032,-0.027727,0.007454,-0.048422,-0.078388,-0.036398,0.269104,-0.238993,0.077629,0.222922,-0.007999,-0.150203,-0.002056,-0.397452,0.005979,-0.237459,-0.522807,
0.770745,-0.964889,0.035159,-0.0,-1.570796,0.0,0.555573,0.094147,-0.090044,0.0,0.0,0.0,-0.795693,0.169513,0.631843,0.516101,-0.027091,0.007307,-0.048071,-0.07828,-0.036131,0.270041,-0.240157,0.07753,0.222131,-0.008156,-0.149708,-0.002113,-0.396661,0.006098,-0.236964,-0.52106,
0.771301,-0.964795,0.035069,-0.0,-1.570796,0.0,0.555497,0.094071,-0.090034,0.0,0.0,0.0,-0.793957,0.168682,0.630492,0.511172,-0.026456,0.007161,-0.04772,-0.078173,-0.035863,0.270977,-0.241322,0.077431,0.22134,-0.008314,-0.149212,-0.00217,-0.39587,0.006217,-0.23647,-0.519313,
0.771856,-0.964701,0.034979,-0.0,-1.570796,0.0,0.555497,0.094147,-0.090022,0.0,0.0,0.0,-0.792221,0.16785,0.629142,0.506245,-0.02582,0.007015,-0.04737,-0.078066,-0.035596,0.271913,-0.242486,0.077332,0.220549,-0.008471,-0.148716,-0.002227,-0.395079,0.006336,-0.235976,-0.517566,
0.772412,-0.964607,0.034889,-0.0,-1.570796,0.0,0.555497,0.094147,-0.090034,0.0,0.0,0.0,-0.790485,0.167019,0.627792,0.501318,-0.025185,0.006868,-0.047019,-0.077959,-0.035329,0.272849,-0.243651,0.077233,0.219758,-0.008628,-0.14822,-0.002283,-0.394288,0.006455,-0.235481,-0.51582,
0.772989,-0.964495,0.03479,-0.0,-1.570796,0.0,0.576783,0.111084,-0.098891,0.0,0.0,0.0,-0.788463,0.166109,0.626213,0.496372,-0.024369,0.006714,-0.046722,-0.077843,-0.035101,0.273918,-0.244915,0.077124,0.218862,-0.008798,-0.147659,-0.002364,-0.393393,0.006586,-0.234922,-0.513894,
0.773602,-0.964355,0.034676,-0.0,-1.570796,0.0,0.613786,0.140534,-0.114258,0.0,0.0,0.0,-0.785947,0.165063,0.624239,0.49139,-0.023239,0.006548,-0.046517,-0.077713,-0.034942,0.27522,-0.24635,0.077,0.217784,-0.008988,-0.146986,-0.002487,-0.392315,0.006736,-0.234249,-0.51166,
0.774216,-0.964214,0.034562,-0.0,-1.570796,0.0,0.613633,0.14061,-0.114241,0.0,0.0,0.0,-0.783431,0.164017,0.622265,0.486408,-0.022109,0.006381,-0.046312,-0.077584,-0.034782,0.276521,-0.247785,0.076875,0.216706,-0.009179,-0.146312,-0.00261,-0.391238,0.006886,-0.233577,-0.509425,
0.77483,-0.964074,0.034447,-0.0,-1.570796,0.0,0.61371,0.140534,-0.114258,0.0,0.0,0.0,-0.780914,0.162971,0.620291,0.481425,-0.020979,0.006214,-0.046108,-0.077454,-0.034623,0.277822,-0.249221,0.076751,0.215627,-0.009369,-0.145638,-0.002732,-0.390161,0.007036,-0.232904,-0.50719,
0.775444,-0.963933,0.034333,-0.0,-1.570796,0.0,0.61371,0.140534,-0.114243,0.0,0.0,0.0,-0.778398,0.161925,0.618317,0.476442,-0.01985,0.006048,-0.045903,-0.077324,-0.034464,0.279123,-0.250656,0.076626,0.214549,-0.00956,-0.144965,-0.002855,-0.389084,0.007186,-0.232232,-0.504956,
0.776057,-0.963793,0.034219,-0.0,-1.570796,0.0,0.613862,0.14061,-0.114269,0.0,0.0,0.0,-0.775881,0.160879,0.616343,0.471456,-0.01872,0.005881,-0.045698,-0.077195,-0.034304,0.280425,-0.252092,0.076501,0.21347,-0.00975,-0.144291,-0.002978,-0.388006,0.007337,-0.231559,-0.502721,
0.776671,-0.963652,0.034105,-0.0,-1.570796,0.0,0.613633,0.14061,-0.114243,0.0,0.0,0.0,-0.773364,0.159833,0.614369,0.466471,-0.01759,0.005714,-0.045493,-0.077065,-0.034145,0.281726,-0.253528,0.076377,0.212392,-0.009941,-0.143618,-0.0031,-0.386929,0.007487,-0.230887,-0.500486,
0.777285,-0.963511,0.03399,-0.0,-1.570796,0.0,0.61371,0.140534,-0.114258,0.0,0.0,0.0,-0.770847,0.158787,0.612394,0.461485,-0.016461,0.005548,-0.045288,-0.076935,-0.033986,0.283027,-0.254963,0.076252,0.211313,-0.010131,-0.142944,-0.003223,-0.385852,0.007637,-0.230214,-0.498251,
0.777898,-0.963371,0.033876,-0.0,-1.570796,0.0,0.61371,0.140534,-0.114241,0.0,0.0,0.0,-0.76833,0.157741,0.61042,0.456499,-0.015331,0.005381,-0.045084,-0.076806,-0.033826,0.284329,-0.256399,0.076128,0.210235,-0.010321,-0.142271,-0.003346,-0.384775,0.007787,-0.229542,-0.496016,
0.778512,-0.96323,0.033762,-0.0,-1.570796,0.0,0.613786,0.14061,-0.114272,0.0,0.0,0.0,-0.765813,0.156695,0.608446,0.451511,-0.014201,0.005215,-0.044879,-0.076676,-0.033667,0.28563,-0.257835,0.076003,0.209157,-0.010512,-0.141597,-0.003468,-0.383697,0.007937,-0.228869,-0.49378,
0.779126,-0.96309,0.033647,-0.0,-1.570796,0.0,0.613786,0.14061,-0.114258,0.0,0.0,0.0,-0.763296,0.155648,0.606471,0.446523,-0.013071,0.005048,-0.044674,-0.076547,-0.033508,0.286932,-0.25927,0.075878,0.208078,-0.010702,-0.140924,-0.003591,-0.38262,0.008087,-0.228197,-0.491545,
0.77974,-0.962949,0.033533,-0.0,-1.570796,0.0,0.613633,0.140534,-0.114241,0.0,0.0,0.0,-0.760779,0.154602,0.604497,0.441536,-0.011942,0.004881,-0.044469,-0.076417,-0.033348,0.288233,-0.260706,0.075754,0.207,-0.010893,-0.14025,-0.003714,-0.381543,0.008237,-0.227524,-0.48931,
0.780353,-0.962809,0.033419,-0.0,-1.570796,0.0,0.61371,0.140534,-0.114243,0.0,0.0,0.0,-0.758262,0.153556,0.602523,0.436548,-0.010812,0.004715,-0.044264,-0.076287,-0.033189,0.289534,-0.262141,0.075629,0.205921,-0.011083,-0.139577,-0.003836,-0.380466,0.008388,-0.226852,-0.487075,
0.780967,-0.962668,0.033305,-0.0,-1.570796,0.0,0.613786,0.14061,-0.114269,0.0,0.0,0.0,-0.755744,0.15251,0.600548,0.431559,-0.009682,0.004548,-0.04406,-0.076158,-0.03303,0.290836,-0.263577,0.075505,0.204843,-0.011273,-0.138903,-0.003959,-0.379388,0.008538,-0.226179,-0.484839,
0.781581,-0.962528,0.03319,-0.0,-1.570796,0.0,0.613786,0.140534,-0.114258,0.0,0.0,0.0,-0.753227,0.151464,0.598574,0.42657,-0.008552,0.004382,-0.043855,-0.076028,-0.03287,0.292137,-0.265013,0.07538,0.203764,-0.011464,-0.138229,-0.004082,-0.378311,0.008688,-0.225507,-0.482604,
0.782195,-0.962387,0.033076,-0.0,-1.570796,0.0,0.613633,0.14061,-0.114243,0.0,0.0,0.0,-0.75071,0.150418,0.596599,0.421581,-0.007423,0.004215,-0.04365,-0.075898,-0.032711,0.293438,-0.266449,0.075255,0.202686,-0.011654,-0.137556,-0.004204,-0.377233,0.008838,-0.224834,-0.480369,
0.782808,-0.962246,0.032962,-0.0,-1.570796,0.0,0.61371,0.140534,-0.114241,0.0,0.0,0.0,-0.748193,0.149372,0.594625,0.416593,-0.006293,0.004048,-0.043445,-0.075769,-0.032552,0.29474,-0.267884,0.075131,0.201608,-0.011845,-0.136882,-0.004327,-0.376156,0.008988,-0.224162,-0.478134,
0.783422,-0.962106,0.032848,-0.0,-1.570796,0.0,0.61371,0.14061,-0.114258,0.0,0.0,0.0,-0.745676,0.148326,0.59265,0.411604,-0.005163,0.003882,-0.04324,-0.075639,-0.032393,0.296041,-0.26932,0.075006,0.200529,-0.012035,-0.136209,-0.00445,-0.375079,0.009138,-0.223489,-0.475898,
0.784036,-0.961965,0.032733,-0.0,-1.570796,0.0,0.613862,0.140534,-0.114272,0.0,0.0,0.0,-0.743158,0.14728,0.590676,0.406614,-0.004033,0.003715,-0.043036,-0.075509,-0.032233,0.297343,-0.270756,0.074882,0.19945,-0.012226,-0.135535,-0.004572,-0.374001,0.009288,-0.222816,-0.473663,
0.784649,-0.961825,0.032619,-0.0,-1.570796,0.0,0.613633,0.14061,-0.114241,0.0,0.0,0.0,-0.740641,0.146234,0.588701,0.401626,-0.002903,0.003548,-0.042831,-0.07538,-0.032074,0.298644,-0.272191,0.074757,0.198372,-0.012416,-0.134862,-0.004695,-0.372924,0.009439,-0.222144,-0.471428,
0.785263,-0.961684,0.032505,-0.0,-1.570796,0.0,0.61371,0.140534,-0.114243,0.0,0.0,0.0,-0.738124,0.145188,0.586727,0.396637,-0.001774,0.003382,-0.042626,-0.07525,-0.031915,0.299945,-0.273627,0.074633,0.197294,-0.012606,-0.134188,-0.004818,-0.371847,0.009589,-0.221471,-0.469193,
0.785877,-0.961544,0.032391,-0.0,-1.570796,0.0,0.61371,0.140534,-0.114255,0.0,0.0,0.0,-0.735607,0.144142,0.584753,0.391649,-0.000644,0.003215,-0.042421,-0.07512,-0.031755,0.301247,-0.275062,0.074508,0.196215,-0.012797,-0.133515,-0.00494,-0.37077,0.009739,-0.220799,-0.466957,
0.786491,-0.961403,0.032276,-0.0,-1.570796,0.0,0.613862,0.14061,-0.114272,0.0,0.0,0.0,-0.733089,0.143095,0.582778,0.38666,0.000486,0.003049,-0.042216,-0.074991,-0.031596,0.302548,-0.276498,0.074383,0.195137,-0.012987,-0.132841,-0.005063,-0.369692,0.009889,-0.220126,-0.464722,
0.787104,-0.961262,0.032162,-0.0,-1.570796,0.0,0.613633,0.14061,-0.114243,0.0,0.0,0.0,-0.730572,0.142049,0.580804,0.381673,0.001616,0.002882,-0.042012,-0.074861,-0.031437,0.30385,-0.277934,0.074259,0.194058,-0.013178,-0.132168,-0.005186,-0.368615,0.010039,-0.219454,-0.462487,
0.787718,-0.961122,0.032048,-0.0,-1.570796,0.0,0.613786,0.140534,-0.114255,0.0,0.0,0.0,-0.728055,0.141003,0.578829,0.376685,0.002745,0.002715,-0.041807,-0.074731,-0.031277,0.305151,-0.27937,0.074134,0.19298,-0.013368,-0.131494,-0.005308,-0.367538,0.010189,-0.218781,-0.460251,
0.788332,-0.960981,0.031934,-0.0,-1.570796,0.0,0.613633,0.140534,-0.114243,0.0,0.0,0.0,-0.725538,0.139957,0.576855,0.371699,0.003875,0.002549,-0.041602,-0.074602,-0.031118,0.306452,-0.280805,0.07401,0.191902,-0.013559,-0.13082,-0.005431,-0.366461,0.010339,-0.218109,-0.458017,
0.788946,-0.960841,0.031819,-0.0,-1.570796,0.0,0.613862,0.14061,-0.114272,0.0,0.0,0.0,-0.723021,0.138911,0.574881,0.366711,0.005005,0.002382,-0.041397,-0.074472,-0.030959,0.307754,-0.282241,0.073885,0.190823,-0.013749,-0.130147,-0.005554,-0.365383,0.01049,-0.217436,-0.455781,
0.789559,-0.9607,0.031705,-0.0,-1.570796,0.0,0.613633,0.140534,-0.114241,0.0,0.0,0.0,-0.720504,0.137865,0.572907,0.361726,0.006135,0.002215,-0.041192,-0.074343,-0.030799,0.309055,-0.283676,0.07376,0.189745,-0.013939,-0.129473,-0.005677,-0.364306,0.01064,-0.216764,-0.453546,
0.790173,-0.96056,0.031591,-0.0,-1.570796,0.0,0.613786,0.14061,-0.114258,0.0,0.0,0.0,-0.717987,0.136819,0.570932,0.356741,0.007264,0.002049,-0.040988,-0.074213,-0.03064,0.310356,-0.285112,0.073636,0.188666,-0.01413,-0.1288,-0.005799,-0.363229,0.01079,-0.216091,-0.451311,
0.790787,-0.960419,0.031477,-0.0,-1.570796,0.0,0.613633,0.140534,-0.114243,0.0,0.0,0.0,-0.715471,0.135773,0.568958,0.351757,0.008394,0.001882,-0.040783,-0.074083,-0.030481,0.311658,-0.286547,0.073511,0.187588,-0.01432,-0.128126,-0.005922,-0.362151,0.01094,-0.215419,-0.449077,
0.7914,-0.960278,0.031362,-0.0,-1.570796,0.0,0.613786,0.14061,-0.114255,0.0,0.0,0.0,-0.712954,0.134727,0.566984,0.346773,0.009524,0.001716,-0.040578,-0.073954,-0.030321,0.312959,-0.287983,0.073387,0.186509,-0.014511,-0.127453,-0.006045,-0.361074,0.01109,-0.214746,-0.446842,
0.792014,-0.960138,0.031248,-0.0,-1.570796,0.0,0.61371,0.140534,-0.114258,0.0,0.0,0.0,-0.710438,0.133681,0.56501,0.34179,0.010653,0.001549,-0.040373,-0.073824,-0.030162,0.31426,-0.289419,0.073262,0.185431,-0.014701,-0.126779,-0.006167,-0.359997,0.01124,-0.214074,-0.444607,
0.792628,-0.959997,0.031134,-0.0,-1.570796,0.0,0.613786,0.14061,-0.114258,0.0,0.0,0.0,-0.707921,0.132635,0.563036,0.336808,0.011783,0.001382,-0.040168,-0.073694,-0.030003,0.315561,-0.290854,0.073137,0.184353,-0.014892,-0.126106,-0.00629,-0.35892,0.01139,-0.213401,-0.442372,
0.793244,-0.959856,0.031019,-0.0,-1.570796,0.0,0.615846,0.141526,-0.115004,0.0,0.0,0.0,-0.705398,0.131594,0.561058,0.331872,0.012923,0.001216,-0.039963,-0.073563,-0.02984,0.316868,-0.292291,0.073011,0.183266,-0.015082,-0.125427,-0.006416,-0.357834,0.011541,-0.212723,-0.440128,
0.793931,-0.959683,0.030879,-0.0,-1.570796,0.0,0.687257,0.172653,-0.139783,0.0,0.0,0.0,-0.702643,0.130715,0.558925,0.328382,0.014403,0.001045,-0.039742,-0.073387,-0.029562,0.318339,-0.293789,0.072843,0.181899,-0.015284,-0.124572,-0.006654,-0.356465,0.01171,-0.211868,-0.437556,
0.794618,-0.95951,0.030739,-0.0,-1.570796,0.0,0.687333,0.17273,-0.139799,0.0,0.0,0.0,-0.699887,0.129836,0.556792,0.324891,0.015883,0.000875,-0.039521,-0.07321,-0.029283,0.319811,-0.295288,0.072674,0.180532,-0.015485,-0.123718,-0.006892,-0.355096,0.011878,-0.211012,-0.434984,
0.795306,-0.959338,0.0306,-0.0,-1.570796,0.0,0.687181,0.172653,-0.139766,0.0,0.0,0.0,-0.697131,0.128957,0.554659,0.321401,0.017362,0.000705,-0.0393,-0.073034,-0.029005,0.321282,-0.296786,0.072506,0.179166,-0.015687,-0.122863,-0.00713,-0.353728,0.012046,-0.210156,-0.432413,
0.795993,-0.959165,0.03046,-0.0,-1.570796,0.0,0.687104,0.172653,-0.139764,0.0,0.0,0.0,-0.694376,0.128078,0.552526,0.31791,0.018842,0.000535,-0.039079,-0.072857,-0.028727,0.322754,-0.298284,0.072337,0.177799,-0.015888,-0.122009,-0.007368,-0.352359,0.012215,-0.209301,-0.429842,
0.79668,-0.958992,0.03032,-0.0,-1.570796,0.0,0.687257,0.17273,-0.139783,0.0,0.0,0.0,-0.69162,0.127199,0.550393,0.314419,0.020321,0.000364,-0.038857,-0.072681,-0.028448,0.324225,-0.299782,0.072169,0.176433,-0.016089,-0.121154,-0.007606,-0.350991,0.012383,-0.208445,-0.42727,
0.797367,-0.95882,0.03018,-0.0,-1.570796,0.0,0.687333,0.17273,-0.139802,0.0,0.0,0.0,-0.688863,0.12632,0.548259,0.310927,0.021801,0.000194,-0.038636,-0.072505,-0.02817,0.325697,-0.301281,0.072,0.175066,-0.016291,-0.120299,-0.007844,-0.349622,0.012552,-0.207589,-0.424697,
0.798055,-0.958647,0.03004,-0.0,-1.570796,0.0,0.687181,0.172653,-0.139764,0.0,0.0,0.0,-0.686107,0.125441,0.546127,0.307435,0.023281,0.000024,-0.038415,-0.072328,-0.027892,0.327168,-0.302779,0.071832,0.173699,-0.016492,-0.119445,-0.008082,-0.348254,0.01272,-0.206734,-0.422126,
0.798742,-0.958474,0.029901,-0.0,-1.570796,0.0,0.687257,0.17273,-0.139783,0.0,0.0,0.0,-0.68335,0.124563,0.543993,0.303943,0.024761,-0.000147,-0.038194,-0.072152,-0.027613,0.32864,-0.304277,0.071663,0.172333,-0.016694,-0.11859,-0.00832,-0.346885,0.012889,-0.205878,-0.419553,
0.799429,-0.958302,0.029761,-0.0,-1.570796,0.0,0.687104,0.172653,-0.139766,0.0,0.0,0.0,-0.680594,0.123684,0.54186,0.300451,0.02624,-0.000317,-0.037973,-0.071975,-0.027335,0.330111,-0.305775,0.071494,0.170966,-0.016895,-0.117736,-0.008558,-0.345516,0.013057,-0.205023,-0.416982,
0.800116,-0.958129,0.029621,-0.0,-1.570796,0.0,0.687181,0.172653,-0.139764,0.0,0.0,0.0,-0.677838,0.122805,0.539727,0.296959,0.02772,-0.000487,-0.037752,-0.071799,-0.027057,0.331583,-0.307273,0.071326,0.169599,-0.017096,-0.116881,-0.008796,-0.344148,0.013226,-0.204167,-0.41441,
0.800803,-0.957956,0.029481,-0.0,-1.570796,0.0,0.687333,0.17273,-0.139802,0.0,0.0,0.0,-0.675081,0.121926,0.537593,0.293466,0.0292,-0.000657,-0.03753,-0.071622,-0.026778,0.333055,-0.308772,0.071157,0.168232,-0.017298,-0.116027,-0.009034,-0.342779,0.013394,-0.203311,-0.411837,
0.801491,-0.957783,0.029342,-0.0,-1.570796,0.0,0.687257,0.172653,-0.139783,0.0,0.0,0.0,-0.672324,0.121047,0.53546,0.289974,0.03068,-0.000828,-0.037309,-0.071446,-0.0265,0.334526,-0.31027,0.070989,0.166866,-0.017499,-0.115172,-0.009272,-0.34141,0.013563,-0.202456,-0.409265,
0.802178,-0.957611,0.029202,-0.0,-1.570796,0.0,0.687104,0.17273,-0.139764,0.0,0.0,0.0,-0.669568,0.120168,0.533327,0.286481,0.032159,-0.000998,-0.037088,-0.071269,-0.026222,0.335998,-0.311769,0.07082,0.165499,-0.017701,-0.114317,-0.00951,-0.340042,0.013731,-0.2016,-0.406692,
0.802865,-0.957438,0.029062,-0.0,-1.570796,0.0,0.687181,0.172653,-0.139766,0.0,0.0,0.0,-0.666811,0.119289,0.531194,0.282989,0.033639,-0.001168,-0.036867,-0.071093,-0.025943,0.337469,-0.313267,0.070652,0.164132,-0.017902,-0.113463,-0.009748,-0.338673,0.013899,-0.200745,-0.40412,
0.803552,-0.957265,0.028922,-0.0,-1.570796,0.0,0.687333,0.17273,-0.139799,0.0,0.0,0.0,-0.664054,0.11841,0.52906,0.279496,0.035119,-0.001339,-0.036646,-0.070916,-0.025665,0.338941,-0.314765,0.070483,0.162766,-0.018104,-0.112608,-0.009986,-0.337304,0.014068,-0.199889,-0.401547,
0.80424,-0.957093,0.028782,-0.0,-1.570796,0.0,0.687257,0.172653,-0.139783,0.0,0.0,0.0,-0.661297,0.117531,0.526926,0.276003,0.036599,-0.001509,-0.036425,-0.07074,-0.025387,0.340413,-0.316264,0.070315,0.161399,-0.018305,-0.111754,-0.010225,-0.335936,0.014236,-0.199033,-0.398975,
0.804927,-0.95692,0.028643,-0.0,-1.570796,0.0,0.687181,0.172653,-0.139766,0.0,0.0,0.0,-0.658541,0.116652,0.524793,0.27251,0.038079,-0.001679,-0.036203,-0.070564,-0.025108,0.341884,-0.317762,0.070146,0.160032,-0.018506,-0.110899,-0.010463,-0.334567,0.014405,-0.198178,-0.396403,
0.805614,-0.956747,0.028503,-0.0,-1.570796,0.0,0.687104,0.17273,-0.139764,0.0,0.0,0.0,-0.655784,0.115774,0.52266,0.269018,0.039558,-0.001849,-0.035982,-0.070387,-0.02483,0.343356,-0.31926,0.069977,0.158666,-0.018708,-0.110045,-0.010701,-0.333198,0.014573,-0.197322,-0.393831,
0.806301,-0.956575,0.028363,-0.0,-1.570796,0.0,0.68741,0.17273,-0.139818,0.0,0.0,0.0,-0.653027,0.114894,0.520526,0.265524,0.041038,-0.00202,-0.035761,-0.070211,-0.024552,0.344828,-0.320759,0.069809,0.157298,-0.018909,-0.10919,-0.010939,-0.331829,0.014742,-0.196466,-0.391257,
0.806988,-0.956402,0.028223,-0.0,-1.570796,0.0,0.687181,0.172653,-0.139766,0.0,0.0,0.0,-0.65027,0.114016,0.518393,0.262031,0.042518,-0.00219,-0.03554,-0.070034,-0.024273,0.346299,-0.322257,0.06964,0.155932,-0.019111,-0.108335,-0.011177,-0.330461,0.01491,-0.195611,-0.388685,
0.807676,-0.956229,0.028084,-0.0,-1.570796,0.0,0.687181,0.172653,-0.139764,0.0,0.0,0.0,-0.647514,0.113137,0.51626,0.258539,0.043998,-0.00236,-0.035319,-0.069858,-0.023995,0.347771,-0.323755,0.069472,0.154565,-0.019312,-0.107481,-0.011415,-0.329092,0.015079,-0.194755,-0.386113,
0.808363,-0.956057,0.027944,-0.0,-1.570796,0.0,0.687257,0.17273,-0.139783,0.0,0.0,0.0,-0.644757,0.112258,0.514126,0.255046,0.045478,-0.002531,-0.035098,-0.069681,-0.023717,0.349242,-0.325254,0.069303,0.153198,-0.019513,-0.106626,-0.011653,-0.327724,0.015247,-0.193899,-0.383541,
0.80905,-0.955884,0.027804,-0.0,-1.570796,0.0,0.687104,0.172653,-0.139766,0.0,0.0,0.0,-0.642001,0.111379,0.511993,0.251554,0.046957,-0.002701,-0.034876,-0.069505,-0.023438,0.350714,-0.326752,0.069135,0.151832,-0.019715,-0.105772,-0.011891,-0.326355,0.015416,-0.193044,-0.380969,
0.809737,-0.955711,0.027664,-0.0,-1.570796,0.0,0.687333,0.17273,-0.139799,0.0,0.0,0.0,-0.639244,0.1105,0.509859,0.248061,0.048437,-0.002871,-0.034655,-0.069328,-0.02316,0.352186,-0.328251,0.068966,0.150465,-0.019916,-0.104917,-0.012129,-0.324986,0.015584,-0.192188,-0.378396,
0.810424,-0.955539,0.027524,-0.0,-1.570796,0.0,0.687181,0.172653,-0.139766,0.0,0.0,0.0,-0.636488,0.109621,0.507726,0.244569,0.049917,-0.003041,-0.034434,-0.069152,-0.022882,0.353657,-0.329749,0.068798,0.149098,-0.020118,-0.104063,-0.012367,-0.323618,0.015752,-0.191333,-0.375824,
0.811112,-0.955366,0.027385,-0.0,-1.570796,0.0,0.687257,0.17273,-0.139783,0.0,0.0,0.0,-0.633731,0.108742,0.505593,0.241077,0.051397,-0.003212,-0.034213,-0.068975,-0.022603,0.355129,-0.331247,0.068629,0.147732,-0.020319,-0.103208,-0.012605,-0.322249,0.015921,-0.190477,-0.373252,
0.811799,-0.955193,0.027245,-0.0,-1.570796,0.0,0.687104,0.172653,-0.139764,0.0,0.0,0.0,-0.630975,0.107863,0.50346,0.237586,0.052876,-0.003382,-0.033992,-0.068799,-0.022325,0.3566,-0.332745,0.068461,0.146365,-0.020521,-0.102353,-0.012843,-0.320881,0.016089,-0.189621,-0.37068,
0.812486,-0.95502,0.027105,-0.0,-1.570796,0.0,0.687333,0.17273,-0.139802,0.0,0.0,0.0,-0.628219,0.106984,0.501327,0.234094,0.054356,-0.003552,-0.033771,-0.068623,-0.022047,0.358072,-0.334244,0.068292,0.144998,-0.020722,-0.101499,-0.013081,-0.319512,0.016258,-0.188766,-0.368108,
0.813173,-0.954848,0.026965,-0.0,-1.570796,0.0,0.687181,0.172653,-0.139764,0.0,0.0,0.0,-0.625463,0.106106,0.499194,0.230603,0.055836,-0.003723,-0.03355,-0.068446,-0.021768,0.359543,-0.335742,0.068123,0.143632,-0.020923,-0.100644,-0.013319,-0.318143,0.016426,-0.18791,-0.365536,
0.813861,-0.954675,0.026826,-0.0,-1.570796,0.0,0.687257,0.172653,-0.139783,0.0,0.0,0.0,-0.622707,0.105227,0.497061,0.227111,0.057315,-0.003893,-0.033328,-0.06827,-0.02149,0.361015,-0.33724,0.067955,0.142265,-0.021125,-0.09979,-0.013557,-0.316775,0.016595,-0.187054,-0.362964,
0.814548,-0.954502,0.026686,-0.0,-1.570796,0.0,0.687181,0.17273,-0.139766,0.0,0.0,0.0,-0.619951,0.104348,0.494928,0.223621,0.058795,-0.004063,-0.033107,-0.068093,-0.021212,0.362486,-0.338738,0.067786,0.140899,-0.021326,-0.098935,-0.013795,-0.315406,0.016763,-0.186199,-0.360393,
0.815235,-0.95433,0.026546,-0.0,-1.570796,0.0,0.687333,0.17273,-0.139799,0.0,0.0,0.0,-0.617195,0.103469,0.492795,0.22013,0.060275,-0.004233,-0.032886,-0.067917,-0.020933,0.363958,-0.340236,0.067618,0.139532,-0.021528,-0.098081,-0.014033,-0.314038,0.016932,-0.185343,-0.357821,
0.815922,-0.954157,0.026406,-0.0,-1.570796,0.0,0.687181,0.172653,-0.139783,0.0,0.0,0.0,-0.61444,0.10259,0.490662,0.21664,0.061754,-0.004404,-0.032665,-0.06774,-0.020655,0.365429,-0.341735,0.067449,0.138165,-0.021729,-0.097226,-0.014271,-0.312669,0.0171,-0.184488,-0.35525,
0.81664,-0.953966,0.026255,-0.0,-1.570796,0.0,0.717851,0.190659,-0.151649,0.0,0.0,0.0,-0.613407,0.102393,0.489812,0.216446,0.062686,-0.00459,-0.033191,-0.067568,-0.020965,0.367926,-0.343305,0.067273,0.136668,-0.021919,-0.09629,-0.014593,-0.311172,0.01727,-0.183551,-0.352637,
0.817371,-0.953768,0.026098,-0.0,-1.570796,0.0,0.73105,0.198517,-0.156834,0.0,0.0,0.0,-0.613132,0.102495,0.489527,0.217703,0.063377,-0.004785,-0.034046,-0.067397,-0.021535,0.370874,-0.344906,0.067093,0.135113,-0.022104,-0.095319,-0.014952,-0.309618,0.01744,-0.182579,-0.350006,
0.818102,-0.953569,0.025941,-0.0,-1.570796,0.0,0.731202,0.198517,-0.156873,0.0,0.0,0.0,-0.612857,0.102598,0.489243,0.21896,0.064068,-0.004979,-0.034901,-0.067227,-0.022104,0.373822,-0.346508,0.066914,0.133558,-0.022289,-0.094348,-0.015311,-0.308064,0.01761,-0.181607,-0.347375,
0.818834,-0.953371,0.025784,-0.0,-1.570796,0.0,0.731202,0.198593,-0.156873,0.0,0.0,0.0,-0.612583,0.102701,0.488958,0.220218,0.064758,-0.005173,-0.035757,-0.067056,-0.022674,0.376771,-0.34811,0.066734,0.132003,-0.022474,-0.093377,-0.01567,-0.30651,0.017781,-0.180635,-0.344743,
0.819565,-0.953172,0.025627,-0.0,-1.570796,0.0,0.731279,0.198517,-0.156873,0.0,0.0,0.0,-0.612308,0.102803,0.488673,0.221476,0.065449,-0.005367,-0.036612,-0.066885,-0.023243,0.37972,-0.349712,0.066555,0.130448,-0.022659,-0.092406,-0.016029,-0.304956,0.017951,-0.179663,-0.342112,
0.820296,-0.952974,0.02547,-0.0,-1.570796,0.0,0.731202,0.198593,-0.156873,0.0,0.0,0.0,-0.612033,0.102906,0.488388,0.222733,0.06614,-0.005561,-0.037467,-0.066715,-0.023813,0.382669,-0.351313,0.066375,0.128893,-0.022844,-0.091435,-0.016387,-0.303402,0.018121,-0.178691,-0.33948,
0.821027,-0.952775,0.025313,-0.0,-1.570796,0.0,0.73105,0.198517,-0.156834,0.0,0.0,0.0,-0.611759,0.103008,0.488103,0.22399,0.066831,-0.005755,-0.038322,-0.066544,-0.024382,0.385617,-0.352915,0.066196,0.127338,-0.023029,-0.090464,-0.016746,-0.301849,0.018292,-0.177719,-0.336849,
0.821759,-0.952577,0.025157,-0.0,-1.570796,0.0,0.731431,0.198593,-0.156913,0.0,0.0,0.0,-0.611484,0.103111,0.487818,0.225248,0.067522,-0.005949,-0.039178,-0.066374,-0.024952,0.388567,-0.354517,0.066016,0.125782,-0.023214,-0.089492,-0.017105,-0.300294,0.018462,-0.176747,-0.334216,
0.82249,-0.952378,0.025,-0.0,-1.570796,0.0,0.731279,0.198517,-0.156873,0.0,0.0,0.0,-0.611209,0.103214,0.487534,0.226506,0.068212,-0.006143,-0.040033,-0.066203,-0.025521,0.391517,-0.356119,0.065837,0.124227,-0.023399,-0.088521,-0.017464,-0.29874,0.018632,-0.175775,-0.331584,
0.823221,-0.952179,0.024843,-0.0,-1.570796,0.0,0.73105,0.198517,-0.156832,0.0,0.0,0.0,-0.610935,0.103316,0.487249,0.227763,0.068903,-0.006337,-0.040888,-0.066032,-0.026091,0.394465,-0.357721,0.065657,0.122672,-0.023584,-0.08755,-0.017823,-0.297187,0.018802,-0.174803,-0.328952,
0.823952,-0.951981,0.024686,-0.0,-1.570796,0.0,0.731202,0.198593,-0.156873,0.0,0.0,0.0,-0.61066,0.103419,0.486964,0.229021,0.069594,-0.006531,-0.041743,-0.065862,-0.02666,0.397415,-0.359323,0.065478,0.121117,-0.023768,-0.086579,-0.018182,-0.295633,0.018973,-0.173831,-0.32632,
0.824683,-0.951782,0.024529,-0.0,-1.570796,0.0,0.731279,0.198517,-0.156873,0.0,0.0,0.0,-0.610385,0.103522,0.486679,0.230278,0.070284,-0.006725,-0.042598,-0.065691,-0.02723,0.400365,-0.360925,0.065298,0.119562,-0.023953,-0.085607,-0.018541,-0.294079,0.019143,-0.172859,-0.323688,
0.825414,-0.951584,0.024372,-0.0,-1.570796,0.0,0.731202,0.198593,-0.156875,0.0,0.0,0.0,-0.61011,0.103624,0.486394,0.231536,0.070975,-0.006919,-0.043454,-0.065521,-0.027799,0.403314,-0.362527,0.065119,0.118006,-0.024138,-0.084636,-0.0189,-0.292525,0.019313,-0.171887,-0.321056,
0.826146,-0.951385,0.024215,-0.0,-1.570796,0.0,0.731279,0.198517,-0.156873,0.0,0.0,0.0,-0.609836,0.103727,0.486109,0.232793,0.071666,-0.007114,-0.044309,-0.06535,-0.028369,0.406264,-0.364129,0.064939,0.116451,-0.024323,-0.083665,-0.019259,-0.29097,0.019484,-0.170915,-0.318423,
0.826877,-0.951187,0.024058,-0.0,-1.570796,0.0,0.731202,0.198593,-0.156873,0.0,0.0,0.0,-0.609561,0.103829,0.485825,0.234051,0.072357,-0.007308,-0.045164,-0.065179,-0.028938,0.409214,-0.365731,0.06476,0.114896,-0.024508,-0.082693,-0.019617,-0.289416,0.019654,-0.169943,-0.315791,
0.827608,-0.950988,0.023902,-0.0,-1.570796,0.0,0.73105,0.198517,-0.156832,0.0,0.0,0.0,-0.609286,0.103932,0.48554,0.235308,0.073047,-0.007502,-0.046019,-0.065009,-0.029508,0.412163,-0.367332,0.06458,0.113341,-0.024693,-0.081722,-0.019976,-0.287863,0.019824,-0.168971,-0.313159,
0.828339,-0.95079,0.023745,-0.0,-1.570796,0.0,0.731431,0.198593,-0.156913,0.0,0.0,0.0,-0.609012,0.104035,0.485255,0.236566,0.073738,-0.007696,-0.046875,-0.064838,-0.030077,0.415114,-0.368935,0.064401,0.111785,-0.024878,-0.080751,-0.020335,-0.286308,0.019994,-0.167999,-0.310526,
0.829071,-0.950591,0.023588,-0.0,-1.570796,0.0,0.73105,0.198517,-0.156834,0.0,0.0,0.0,-0.608737,0.104137,0.48497,0.237824,0.074429,-0.00789,-0.04773,-0.064668,-0.030647,0.418063,-0.370536,0.064221,0.11023,-0.025063,-0.07978,-0.020694,-0.284754,0.020165,-0.167027,-0.307895,
0.829802,-0.950392,0.023431,-0.0,-1.570796,0.0,0.731202,0.198517,-0.156873,0.0,0.0,0.0,-0.608462,0.10424,0.484685,0.239081,0.07512,-0.008084,-0.048585,-0.064497,-0.031216,0.421013,-0.372138,0.064041,0.108675,-0.025248,-0.078809,-0.021053,-0.2832,0.020335,-0.166055,-0.305262,
0.830533,-0.950194,0.023274,-0.0,-1.570796,0.0,0.731279,0.198593,-0.156873,0.0,0.0,0.0,-0.608188,0.104343,0.484401,0.240339,0.075811,-0.008278,-0.04944,-0.064326,-0.031786,0.423963,-0.37374,0.063862,0.10712,-0.025433,-0.077837,-0.021412,-0.281646,0.020505,-0.165083,-0.30263,
0.831264,-0.949995,0.023117,-0.0,-1.570796,0.0,0.731202,0.198517,-0.156873,0.0,0.0,0.0,-0.607913,0.104445,0.484116,0.241596,0.076501,-0.008472,-0.050296,-0.064156,-0.032355,0.426912,-0.375342,0.063682,0.105565,-0.025618,-0.076866,-0.021771,-0.280092,0.020676,-0.164111,-0.299998,
0.831995,-0.949797,0.02296,-0.0,-1.570796,0.0,0.731279,0.198593,-0.156873,0.0,0.0,0.0,-0.607638,0.104548,0.483831,0.242854,0.077192,-0.008666,-0.051151,-0.063985,-0.032925,0.429862,-0.376944,0.063503,0.104009,-0.025803,-0.075895,-0.02213,-0.278538,0.020846,-0.163139,-0.297365,
0.832727,-0.949598,0.022804,-0.0,-1.570796,0.0,0.731202,0.198517,-0.156875,0.0,0.0,0.0,-0.607363,0.104651,0.483546,0.244112,0.077883,-0.00886,-0.052006,-0.063815,-0.033494,0.432812,-0.378546,0.063323,0.102454,-0.025988,-0.074924,-0.022489,-0.276984,0.021016,-0.162166,-0.294733,
0.833458,-0.9494,0.022647,-0.0,-1.570796,0.0,0.73105,0.198517,-0.156832,0.0,0.0,0.0,-0.607089,0.104753,0.483261,0.245369,0.078573,-0.009054,-0.052861,-0.063644,-0.034064,0.435761,-0.380148,0.063144,0.100899,-0.026173,-0.073952,-0.022847,-0.27543,0.021186,-0.161195,-0.292102,
0.834189,-0.949201,0.02249,-0.0,-1.570796,0.0,0.731431,0.198593,-0.156913,0.0,0.0,0.0,-0.606814,0.104856,0.482976,0.246627,0.079264,-0.009249,-0.053717,-0.063473,-0.034633,0.438711,-0.38175,0.062964,0.099344,-0.026358,-0.072981,-0.023206,-0.273876,0.021357,-0.160222,-0.289469,
0.83492,-0.949003,0.022333,-0.0,-1.570796,0.0,0.731279,0.198593,-0.156873,0.0,0.0,0.0,-0.606539,0.104959,0.482692,0.247884,0.079955,-0.009443,-0.054572,-0.063303,-0.035203,0.44166,-0.383352,0.062785,0.097788,-0.026543,-0.07201,-0.023565,-0.272322,0.021527,-0.15925,-0.286837,
0.835651,-0.948804,0.022176,-0.0,-1.570796,0.0,0.73105,0.198517,-0.156832,0.0,0.0,0.0,-0.606265,0.105061,0.482407,0.249142,0.080646,-0.009637,-0.055427,-0.063132,-0.035772,0.444609,-0.384954,0.062605,0.096234,-0.026728,-0.071039,-0.023924,-0.270768,0.021697,-0.158278,-0.284205,
0.836383,-0.948606,0.022019,-0.0,-1.570796,0.0,0.731202,0.198517,-0.156875,0.0,0.0,0.0,-0.60599,0.105164,0.482122,0.250399,0.081337,-0.009831,-0.056282,-0.062962,-0.036342,0.447558,-0.386555,0.062426,0.094678,-0.026912,-0.070067,-0.024283,-0.269214,0.021868,-0.157306,-0.281574,
0.837114,-0.948407,0.021862,-0.0,-1.570796,0.0,0.731279,0.198593,-0.156873,0.0,0.0,0.0,-0.605715,0.105266,0.481837,0.251657,0.082027,-0.010025,-0.057138,-0.062791,-0.036911,0.450507,-0.388157,0.062246,0.093123,-0.027097,-0.069096,-0.024642,-0.26766,0.022038,-0.156334,-0.278942,
0.837845,-0.948208,0.021705,-0.0,-1.570796,0.0,0.731202,0.198517,-0.156873,0.0,0.0,0.0,-0.605441,0.105369,0.481552,0.252914,0.082718,-0.010219,-0.057993,-0.06262,-0.037481,0.453456,-0.389759,0.062067,0.091568,-0.027282,-0.068125,-0.025001,-0.266106,0.022208,-0.155362,-0.27631,
0.838576,-0.94801,0.021549,-0.0,-1.570796,0.0,0.731279,0.198593,-0.156873,0.0,0.0,0.0,-0.605166,0.105472,0.481267,0.254172,0.083409,-0.010413,-0.058848,-0.06245,-0.03805,0.456405,-0.391361,0.061887,0.090013,-0.027467,-0.067154,-0.02536,-0.264552,0.022379,-0.15439,-0.273679,
0.839308,-0.947811,0.021392,-0.0,-1.570796,0.0,0.731202,0.198517,-0.156873,0.0,0.0,0.0,-0.604891,0.105574,0.480983,0.255429,0.0841,-0.010607,-0.059703,-0.062279,-0.03862,0.459353,-0.392963,0.061708,0.088458,-0.027652,-0.066183,-0.025719,-0.262999,0.022549,-0.153418,-0.271047,
0.840039,-0.947613,0.021235,-0.0,-1.570796,0.0,0.73105,0.198517,-0.156834,0.0,0.0,0.0,-0.604617,0.105677,0.480698,0.256687,0.08479,-0.010801,-0.060558,-0.062109,-0.039189,0.462301,-0.394564,0.061528,0.086903,-0.027837,-0.065212,-0.026077,-0.261445,0.022719,-0.152446,-0.268417,
0.840774,-0.947451,0.021072,-0.0,-1.570796,0.0,0.735017,0.161591,-0.162533,0.0,0.0,0.0,-0.604505,0.105845,0.480539,0.25827,0.08497,-0.011001,-0.061458,-0.061934,-0.039802,0.465259,-0.395825,0.061345,0.08529,-0.028004,-0.064204,-0.026498,-0.259833,0.022883,-0.151438,-0.265844,
0.841515,-0.947356,0.0209,-0.0,-1.570796,0.0,0.741121,0.095215,-0.172503,0.0,0.0,0.0,-0.604685,0.10613,0.480605,0.260435,0.084235,-0.011209,-0.062438,-0.061753,-0.04049,0.468234,-0.396476,0.061154,0.083574,-0.02814,-0.063131,-0.027029,-0.258117,0.023035,-0.150367,-0.263377,
0.842256,-0.947261,0.020727,-0.0,-1.570796,0.0,0.741273,0.095215,-0.172546,0.0,0.0,0.0,-0.604865,0.106416,0.480671,0.2626,0.083501,-0.011418,-0.063417,-0.061572,-0.041179,0.471209,-0.397126,0.060964,0.081858,-0.028275,-0.062057,-0.02756,-0.256401,0.023187,-0.149295,-0.26091,
0.842997,-0.947166,0.020555,-0.0,-1.570796,0.0,0.741273,0.095215,-0.172549,0.0,0.0,0.0,-0.605046,0.106701,0.480737,0.264766,0.082766,-0.011627,-0.064396,-0.061391,-0.041867,0.474185,-0.397777,0.060773,0.080142,-0.028411,-0.060984,-0.028091,-0.254685,0.023339,-0.148224,-0.258443,
0.843739,-0.94707,0.020382,-0.0,-1.570796,0.0,0.741273,0.095291,-0.172546,0.0,0.0,0.0,-0.605226,0.106987,0.480803,0.266931,0.082031,-0.011835,-0.065376,-0.06121,-0.042556,0.477161,-0.398427,0.060583,0.078425,-0.028546,-0.059911,-0.028622,-0.252969,0.023491,-0.147152,-0.255975,
0.84448,-0.946975,0.02021,-0.0,-1.570796,0.0,0.741273,0.095215,-0.172546,0.0,0.0,0.0,-0.605406,0.107272,0.480869,0.269097,0.081297,-0.012044,-0.066355,-0.061029,-0.043245,0.480137,-0.399078,0.060392,0.076709,-0.028682,-0.058837,-0.029153,-0.251252,0.023643,-0.14608,-0.253508,
0.845221,-0.94688,0.020037,-0.0,-1.570796,0.0,0.741273,0.095215,-0.172546,0.0,0.0,0.0,-0.605586,0.107557,0.480935,0.271262,0.080562,-0.012253,-0.067335,-0.060848,-0.043933,0.483113,-0.399728,0.060202,0.074993,-0.028817,-0.057764,-0.029685,-0.249536,0.023795,-0.145008,-0.251041,
0.845962,-0.946785,0.019865,-0.0,-1.570796,0.0,0.741121,0.095215,-0.172504,0.0,0.0,0.0,-0.605767,0.107843,0.481001,0.273428,0.079827,-0.012462,-0.068314,-0.060667,-0.044622,0.486089,-0.400379,0.060011,0.073277,-0.028953,-0.056691,-0.030215,-0.24782,0.023947,-0.143937,-0.248574,
0.846704,-0.946689,0.019692,-0.0,-1.570796,0.0,0.741273,0.095215,-0.172546,0.0,0.0,0.0,-0.605947,0.108128,0.481067,0.275593,0.079093,-0.01267,-0.069293,-0.060486,-0.045311,0.489065,-0.401029,0.059821,0.07156,-0.029088,-0.055618,-0.030747,-0.246104,0.024099,-0.142865,-0.246106,
0.847445,-0.946594,0.019519,-0.0,-1.570796,0.0,0.741273,0.095291,-0.172547,0.0,0.0,0.0,-0.606127,0.108413,0.481133,0.277759,0.078358,-0.012879,-0.070273,-0.060305,-0.045999,0.492042,-0.40168,0.05963,0.069844,-0.029224,-0.054545,-0.031278,-0.244388,0.024251,-0.141793,-0.243638,
0.848186,-0.946499,0.019347,-0.0,-1.570796,0.0,0.741273,0.095215,-0.172546,0.0,0.0,0.0,-0.606307,0.108699,0.481199,0.279925,0.077623,-0.013088,-0.071252,-0.060124,-0.046688,0.495018,-0.402331,0.05944,0.068127,-0.02936,-0.053471,-0.031809,-0.242671,0.024403,-0.140722,-0.24117,
0.848927,-0.946404,0.019174,-0.0,-1.570796,0.0,0.74135,0.095215,-0.172547,0.0,0.0,0.0,-0.606488,0.108984,0.481265,0.282091,0.076888,-0.013297,-0.072231,-0.059943,-0.047377,0.497995,-0.402981,0.059249,0.066411,-0.029495,-0.052398,-0.03234,-0.240955,0.024555,-0.13965,-0.238703,
0.849669,-0.946308,0.019002,-0.0,-1.570796,0.0,0.741273,0.095291,-0.172546,0.0,0.0,0.0,-0.606668,0.109269,0.481331,0.284257,0.076154,-0.013505,-0.073211,-0.059762,-0.048066,0.500972,-0.403632,0.059059,0.064694,-0.029631,-0.051325,-0.032871,-0.239239,0.024707,-0.138578,-0.236235,
0.85041,-0.946213,0.018829,-0.0,-1.570796,0.0,0.741273,0.095215,-0.172547,0.0,0.0,0.0,-0.606848,0.109555,0.481397,0.286423,0.075419,-0.013714,-0.07419,-0.059581,-0.048754,0.503949,-0.404282,0.058868,0.062977,-0.029766,-0.050251,-0.033402,-0.237522,0.024859,-0.137506,-0.233767,
0.851151,-0.946118,0.018657,-0.0,-1.570796,0.0,0.741273,0.095215,-0.172547,0.0,0.0,0.0,-0.607028,0.10984,0.481463,0.288589,0.074684,-0.013923,-0.07517,-0.0594,-0.049443,0.506926,-0.404933,0.058678,0.061261,-0.029902,-0.049178,-0.033933,-0.235806,0.025011,-0.136435,-0.231299,
0.851892,-0.946023,0.018484,-0.0,-1.570796,0.0,0.741121,0.095215,-0.172502,0.0,0.0,0.0,-0.607209,0.110125,0.481529,0.290754,0.073949,-0.014132,-0.076149,-0.059219,-0.050131,0.509902,-0.405583,0.058487,0.059545,-0.030037,-0.048105,-0.034464,-0.23409,0.025163,-0.135363,-0.228832,
0.852634,-0.945928,0.018312,-0.0,-1.570796,0.0,0.741273,0.095291,-0.172547,0.0,0.0,0.0,-0.607389,0.110411,0.481595,0.29292,0.073215,-0.01434,-0.077128,-0.059038,-0.05082,0.512879,-0.406234,0.058297,0.057828,-0.030173,-0.047032,-0.034995,-0.232374,0.025315,-0.134291,-0.226364,
0.853375,-0.945832,0.018139,-0.0,-1.570796,0.0,0.741426,0.095215,-0.17259,0.0,0.0,0.0,-0.607569,0.110696,0.481661,0.295086,0.07248,-0.014549,-0.078108,-0.058857,-0.051509,0.515857,-0.406885,0.058106,0.056111,-0.030308,-0.045958,-0.035526,-0.230657,0.025467,-0.133219,-0.223895,
0.854116,-0.945737,0.017967,-0.0,-1.570796,0.0,0.741121,0.095215,-0.172503,0.0,0.0,0.0,-0.607749,0.110981,0.481727,0.297252,0.071745,-0.014758,-0.079087,-0.058676,-0.052198,0.518833,-0.407535,0.057916,0.054395,-0.030444,-0.044885,-0.036057,-0.228941,0.025619,-0.132148,-0.221428,
0.854857,-0.945642,0.017794,-0.0,-1.570796,0.0,0.741273,0.095291,-0.172547,0.0,0.0,0.0,-0.60793,0.111267,0.481793,0.299418,0.07101,-0.014967,-0.080067,-0.058495,-0.052886,0.52181,-0.408186,0.057725,0.052679,-0.030579,-0.043812,-0.036588,-0.227224,0.025771,-0.131076,-0.21896,
0.855599,-0.945547,0.017622,-0.0,-1.570796,0.0,0.741273,0.095215,-0.172546,0.0,0.0,0.0,-0.60811,0.111552,0.481859,0.301584,0.070276,-0.015175,-0.081046,-0.058314,-0.053575,0.524787,-0.408836,0.057535,0.050962,-0.030715,-0.042738,-0.037119,-0.225508,0.025922,-0.130004,-0.216492,
0.85634,-0.945451,0.017449,-0.0,-1.570796,0.0,0.741121,0.095215,-0.172503,0.0,0.0,0.0,-0.60829,0.111837,0.481925,0.303749,0.069541,-0.015384,-0.082025,-0.058133,-0.054264,0.527763,-0.409487,0.057344,0.049246,-0.03085,-0.041665,-0.03765,-0.223792,0.026074,-0.128933,-0.214025,
0.857081,-0.945356,0.017276,-0.0,-1.570796,0.0,0.741426,0.095215,-0.17259,0.0,0.0,0.0,-0.60847,0.112123,0.481991,0.305916,0.068806,-0.015593,-0.083005,-0.057952,-0.054952,0.53074,-0.410138,0.057154,0.047529,-0.030986,-0.040592,-0.038182,-0.222075,0.026226,-0.127861,-0.211556,
0.857823,-0.945261,0.017104,-0.0,-1.570796,0.0,0.74135,0.095291,-0.172547,0.0,0.0,0.0,-0.608651,0.112408,0.482057,0.308081,0.068072,-0.015801,-0.083985,-0.057771,-0.055641,0.533717,-0.410788,0.056963,0.045812,-0.031121,-0.039518,-0.038713,-0.220359,0.026378,-0.126789,-0.209088,
0.858564,-0.945166,0.016931,-0.0,-1.570796,0.0,0.741044,0.095215,-0.172503,0.0,0.0,0.0,-0.608831,0.112693,0.482123,0.310247,0.067337,-0.01601,-0.084964,-0.05759,-0.05633,0.536693,-0.411439,0.056773,0.044096,-0.031257,-0.038445,-0.039244,-0.218643,0.02653,-0.125718,-0.206621,
0.859305,-0.94507,0.016759,-0.0,-1.570796,0.0,0.741273,0.095215,-0.172546,0.0,0.0,0.0,-0.609011,0.112979,0.482189,0.312412,0.066602,-0.016219,-0.085943,-0.057409,-0.057018,0.53967,-0.412089,0.056582,0.04238,-0.031392,-0.037372,-0.039775,-0.216927,0.026682,-0.124646,-0.204153,
0.860046,-0.944975,0.016586,-0.0,-1.570796,0.0,0.74135,0.095215,-0.172547,0.0,0.0,0.0,-0.609191,0.113264,0.482255,0.314578,0.065867,-0.016428,-0.086923,-0.057228,-0.057707,0.542646,-0.41274,0.056392,0.040663,-0.031528,-0.036299,-0.040306,-0.215211,0.026834,-0.123574,-0.201686,
0.860788,-0.94488,0.016414,-0.0,-1.570796,0.0,0.741273,0.095291,-0.172547,0.0,0.0,0.0,-0.609372,0.11355,0.482321,0.316744,0.065133,-0.016636,-0.087902,-0.057047,-0.058396,0.545622,-0.41339,0.056201,0.038947,-0.031663,-0.035225,-0.040837,-0.213494,0.026986,-0.122502,-0.199218,
0.861529,-0.944785,0.016241,-0.0,-1.570796,0.0,0.741273,0.095215,-0.172546,0.0,0.0,0.0,-0.609552,0.113835,0.482387,0.31891,0.064398,-0.016845,-0.088881,-0.056866,-0.059084,0.548598,-0.414041,0.056011,0.037231,-0.031799,-0.034152,-0.041368,-0.211778,0.027138,-0.121431,-0.196751,
0.86227,-0.944689,0.016069,-0.0,-1.570796,0.0,0.741273,0.095215,-0.172547,0.0,0.0,0.0,-0.609732,0.11412,0.482452,0.321075,0.063663,-0.017054,-0.089861,-0.056685,-0.059773,0.551574,-0.414692,0.05582,0.035514,-0.031934,-0.033079,-0.041899,-0.210062,0.02729,-0.120359,-0.194283,
0.863011,-0.944594,0.015896,-0.0,-1.570796,0.0,0.741273,0.095291,-0.172546,0.0,0.0,0.0,-0.609912,0.114406,0.482518,0.323241,0.062929,-0.017263,-0.09084,-0.056504,-0.060462,0.55455,-0.415342,0.05563,0.033798,-0.03207,-0.032006,-0.04243,-0.208346,0.027442,-0.119287,-0.191816,
0.863753,-0.944499,0.015724,-0.0,-1.570796,0.0,0.741273,0.095215,-0.172547,0.0,0.0,0.0,-0.610093,0.114691,0.482584,0.325406,0.062194,-0.017471,-0.09182,-0.056323,-0.06115,0.557526,-0.415993,0.055439,0.032082,-0.032205,-0.030932,-0.042961,-0.20663,0.027594,-0.118215,-0.189349,
0.864494,-0.944404,0.015551,-0.0,-1.570796,0.0,0.741121,0.095215,-0.172503,0.0,0.0,0.0,-0.610273,0.114976,0.48265,0.327571,0.061459,-0.01768,-0.092799,-0.056142,-0.061839,0.560501,-0.416643,0.055249,0.030366,-0.032341,-0.029859,-0.043492,-0.204914,0.027746,-0.117144,-0.186882,
0.865235,-0.944311,0.015378,-0.0,-1.570796,0.0,0.74135,0.092926,-0.172794,0.0,0.0,0.0,-0.610448,0.11526,0.482713,0.329732,0.060697,-0.017889,-0.093788,-0.055961,-0.062536,0.563482,-0.417281,0.055058,0.028647,-0.032475,-0.028785,-0.044028,-0.203196,0.027898,-0.116071,-0.184424,
0.865979,-0.944318,0.015195,-0.0,-1.570796,0.0,0.743867,-0.006943,-0.183512,0.0,0.0,0.0,-0.610394,0.115481,0.482609,0.331735,0.058766,-0.018109,-0.095194,-0.055813,-0.063603,0.566747,-0.417359,0.054862,0.026837,-0.032541,-0.027653,-0.044747,-0.201382,0.028018,-0.114938,-0.182333,
0.866723,-0.944325,0.015011,-0.0,-1.570796,0.0,0.743944,-0.006943,-0.183512,0.0,0.0,0.0,-0.61034,0.115701,0.482505,0.333738,0.056834,-0.018329,-0.0966,-0.055664,-0.064669,0.570011,-0.417438,0.054666,0.025026,-0.032606,-0.026522,-0.045467,-0.199568,0.028139,-0.113805,-0.180242,
0.867467,-0.944332,0.014828,-0.0,-1.570796,0.0,0.743867,-0.006943,-0.183512,0.0,0.0,0.0,-0.610286,0.115922,0.482402,0.335741,0.054902,-0.018548,-0.098006,-0.055515,-0.065736,0.573276,-0.417517,0.05447,0.023215,-0.032672,-0.02539,-0.046187,-0.197754,0.02826,-0.112672,-0.17815,
0.868211,-0.944339,0.014644,-0.0,-1.570796,0.0,0.743867,-0.006943,-0.183512,0.0,0.0,0.0,-0.610232,0.116143,0.482298,0.337744,0.05297,-0.018768,-0.099412,-0.055367,-0.066802,0.576542,-0.417595,0.054274,0.021404,-0.032738,-0.024259,-0.046907,-0.19594,0.028381,-0.111539,-0.176059,
0.868954,-0.944346,0.014461,-0.0,-1.570796,0.0,0.743715,-0.007019,-0.183465,0.0,0.0,0.0,-0.610177,0.116363,0.482194,0.339747,0.051039,-0.018988,-0.100818,-0.055218,-0.067868,0.579806,-0.417674,0.054078,0.019594,-0.032804,-0.023127,-0.047627,-0.194126,0.028502,-0.110407,-0.173968,
0.869698,-0.944353,0.014277,-0.0,-1.570796,0.0,0.744096,-0.006943,-0.183559,0.0,0.0,0.0,-0.610123,0.116584,0.48209,0.341751,0.049106,-0.019207,-0.102224,-0.055069,-0.068935,0.583073,-0.417753,0.053882,0.017782,-0.03287,-0.021995,-0.048347,-0.192312,0.028623,-0.109274,-0.171876,
0.870442,-0.944359,0.014094,-0.0,-1.570796,0.0,0.743715,-0.006943,-0.183466,0.0,0.0,0.0,-0.610069,0.116805,0.481987,0.343753,0.047175,-0.019427,-0.10363,-0.054921,-0.070002,0.586338,-0.417831,0.053686,0.015972,-0.032936,-0.020864,-0.049066,-0.190498,0.028744,-0.108141,-0.169785,
0.871186,-0.944366,0.01391,-0.0,-1.570796,0.0,0.743944,-0.006943,-0.183512,0.0,0.0,0.0,-0.610015,0.117025,0.481883,0.345756,0.045243,-0.019647,-0.105036,-0.054772,-0.071068,0.589604,-0.41791,0.05349,0.014161,-0.033002,-0.019732,-0.049786,-0.188684,0.028864,-0.107008,-0.167694,
0.87193,-0.944373,0.013727,-0.0,-1.570796,0.0,0.743867,-0.006943,-0.183512,0.0,0.0,0.0,-0.609961,0.117246,0.481779,0.34776,0.043311,-0.019867,-0.106443,-0.054623,-0.072135,0.59287,-0.417988,0.053294,0.01235,-0.033068,-0.018601,-0.050506,-0.18687,0.028985,-0.105875,-0.165602,
0.872674,-0.94438,0.013543,-0.0,-1.570796,0.0,0.743867,-0.006943,-0.183511,0.0,0.0,0.0,-0.609907,0.117466,0.481676,0.349763,0.041379,-0.020086,-0.107849,-0.054475,-0.073201,0.596136,-0.418067,0.053098,0.010539,-0.033134,-0.017469,-0.051226,-0.185056,0.029106,-0.104742,-0.16351,
0.873418,-0.944387,0.01336,-0.0,-1.570796,0.0,0.743944,-0.006943,-0.183512,0.0,0.0,0.0,-0.609853,0.117687,0.481572,0.351766,0.039447,-0.020306,-0.109255,-0.054326,-0.074268,0.599403,-0.418146,0.052902,0.008728,-0.0332,-0.016338,-0.051946,-0.183242,0.029227,-0.103609,-0.161419,
0.874162,-0.944394,0.013176,-0.0,-1.570796,0.0,0.743867,-0.006943,-0.183512,0.0,0.0,0.0,-0.609799,0.117908,0.481468,0.35377,0.037514,-0.020526,-0.110661,-0.054177,-0.075334,0.602669,-0.418224,0.052706,0.006917,-0.033266,-0.015206,-0.052666,-0.181428,0.029348,-0.102476,-0.159327,
0.874905,-0.944401,0.012993,-0.0,-1.570796,0.0,0.743715,-0.006943,-0.183466,0.0,0.0,0.0,-0.609745,0.118128,0.481365,0.355772,0.035583,-0.020746,-0.112067,-0.054029,-0.076401,0.605935,-0.418303,0.05251,0.005106,-0.033332,-0.014075,-0.053386,-0.179614,0.029469,-0.101343,-0.157236,
0.875649,-0.944408,0.012809,-0.0,-1.570796,0.0,0.743944,-0.007019,-0.183512,0.0,0.0,0.0,-0.609691,0.118349,0.481261,0.357776,0.033651,-0.020965,-0.113473,-0.05388,-0.077467,0.609201,-0.418381,0.052314,0.003295,-0.033398,-0.012943,-0.054106,-0.1778,0.02959,-0.10021,-0.155144,
0.876393,-0.944415,0.012626,-0.0,-1.570796,0.0,0.74402,-0.006943,-0.183559,0.0,0.0,0.0,-0.609637,0.11857,0.481157,0.35978,0.031718,-0.021185,-0.11488,-0.053731,-0.078534,0.612469,-0.41846,0.052118,0.001484,-0.033463,-0.011811,-0.054826,-0.175985,0.02971,-0.099077,-0.153052,
0.877137,-0.944422,0.012442,-0.0,-1.570796,0.0,0.743715,-0.006943,-0.183465,0.0,0.0,0.0,-0.609582,0.11879,0.481054,0.361783,0.029786,-0.021405,-0.116286,-0.053583,-0.0796,0.615735,-0.418539,0.051922,-0.000327,-0.033529,-0.01068,-0.055545,-0.174171,0.029831,-0.097945,-0.150961,
0.877881,-0.944429,0.012259,-0.0,-1.570796,0.0,0.743944,-0.006943,-0.183512,0.0,0.0,0.0,-0.609528,0.119011,0.48095,0.363786,0.027854,-0.021624,-0.117692,-0.053434,-0.080667,0.619002,-0.418617,0.051726,-0.002138,-0.033595,-0.009548,-0.056265,-0.172357,0.029952,-0.096812,-0.148869,
0.878625,-0.944436,0.012075,-0.0,-1.570796,0.0,0.743867,-0.006943,-0.183512,0.0,0.0,0.0,-0.609474,0.119232,0.480846,0.365789,0.025922,-0.021844,-0.119098,-0.053285,-0.081733,0.622268,-0.418696,0.05153,-0.003949,-0.033661,-0.008416,-0.056985,-0.170543,0.030073,-0.095679,-0.146778,
0.879369,-0.944443,0.011892,-0.0,-1.570796,0.0,0.743944,-0.006943,-0.183512,0.0,0.0,0.0,-0.60942,0.119452,0.480743,0.367793,0.02399,-0.022064,-0.120504,-0.053137,-0.0828,0.625535,-0.418775,0.051334,-0.00576,-0.033727,-0.007285,-0.057705,-0.168729,0.030194,-0.094546,-0.144686,
0.880113,-0.94445,0.011708,-0.0,-1.570796,0.0,0.743867,-0.006943,-0.183512,0.0,0.0,0.0,-0.609366,0.119673,0.480639,0.369796,0.022057,-0.022284,-0.121911,-0.052988,-0.083867,0.628802,-0.418853,0.051138,-0.007571,-0.033793,-0.006153,-0.058425,-0.166914,0.030315,-0.093413,-0.142594,
0.880857,-0.944457,0.011525,-0.0,-1.570796,0.0,0.743867,-0.006943,-0.183511,0.0,0.0,0.0,-0.609312,0.119893,0.480535,0.3718,0.020125,-0.022503,-0.123317,-0.052839,-0.084933,0.632068,-0.418932,0.050942,-0.009382,-0.033859,-0.005021,-0.059145,-0.1651,0.030436,-0.09228,-0.140502,
0.8816,-0.944464,0.011341,-0.0,-1.570796,0.0,0.743715,-0.006943,-0.183466,0.0,0.0,0.0,-0.609258,0.120114,0.480431,0.373802,0.018194,-0.022723,-0.124723,-0.052691,-0.085999,0.635334,-0.41901,0.050746,-0.011193,-0.033925,-0.00389,-0.059864,-0.163286,0.030556,-0.091147,-0.138411,
0.882344,-0.944471,0.011158,-0.0,-1.570796,0.0,0.744096,-0.006943,-0.183559,0.0,0.0,0.0,-0.609204,0.120335,0.480328,0.375806,0.016261,-0.022943,-0.126129,-0.052542,-0.087066,0.638601,-0.419089,0.05055,-0.013005,-0.033991,-0.002758,-0.060585,-0.161472,0.030677,-0.090014,-0.136319,
0.883088,-0.944478,0.010974,-0.0,-1.570796,0.0,0.743715,-0.007019,-0.183466,0.0,0.0,0.0,-0.60915,0.120555,0.480224,0.377809,0.014329,-0.023163,-0.127535,-0.052393,-0.088132,0.641867,-0.419168,0.050354,-0.014815,-0.034057,-0.001627,-0.061304,-0.159658,0.030798,-0.088881,-0.134228,
0.883832,-0.944485,0.010791,-0.0,-1.570796,0.0,0.743944,-0.006943,-0.183511,0.0,0.0,0.0,-0.609096,0.120776,0.48012,0.379812,0.012397,-0.023382,-0.128941,-0.052245,-0.089199,0.645133,-0.419246,0.050158,-0.016626,-0.034123,-0.000495,-0.062024,-0.157844,0.030919,-0.087748,-0.132136,
0.884576,-0.944492,0.010607,-0.0,-1.570796,0.0,0.743867,-0.006943,-0.183512,0.0,0.0,0.0,-0.609042,0.120997,0.480017,0.381815,0.010465,-0.023602,-0.130347,-0.052096,-0.090266,0.648399,-0.419325,0.049962,-0.018437,-0.034189,0.000636,-0.062744,-0.15603,0.03104,-0.086615,-0.130045,
0.88532,-0.944498,0.010424,-0.0,-1.570796,0.0,0.743867,-0.006943,-0.183512,0.0,0.0,0.0,-0.608987,0.121217,0.479913,0.383819,0.008533,-0.023822,-0.131754,-0.051947,-0.091332,0.651665,-0.419403,0.049766,-0.020248,-0.034255,0.001768,-0.063464,-0.154216,0.031161,-0.085482,-0.127953,
0.886064,-0.944505,0.01024,-0.0,-1.570796,0.0,0.743944,-0.006943,-0.183512,0.0,0.0,0.0,-0.608933,0.121438,0.479809,0.385822,0.006601,-0.024042,-0.13316,-0.051799,-0.092399,0.65493,-0.419482,0.04957,-0.022059,-0.034321,0.0029,-0.064184,-0.152402,0.031282,-0.084349,-0.125862,
0.886808,-0.944512,0.010057,-0.0,-1.570796,0.0,0.743867,-0.006943,-0.183512,0.0,0.0,0.0,-0.608879,0.121658,0.479706,0.387825,0.004669,-0.024261,-0.134566,-0.05165,-0.093465,0.658196,-0.419561,0.049374,-0.02387,-0.034386,0.004031,-0.064904,-0.150588,0.031402,-0.083216,-0.123771,
0.887551,-0.944519,0.009873,-0.0,-1.570796,0.0,0.743715,-0.006943,-0.183465,0.0,0.0,0.0,-0.608825,0.121879,0.479602,0.389827,0.002738,-0.024481,-0.135972,-0.051501,-0.094531,0.66146,-0.419639,0.049179,-0.02568,-0.034452,0.005162,-0.065623,-0.148774,0.031523,-0.082084,-0.12168,
0.888295,-0.944526,0.00969,-0.0,-1.570796,0.0,0.743944,-0.006943,-0.183512,0.0,0.0,0.0,-0.608771,0.1221,0.479498,0.39183,0.000806,-0.024701,-0.137378,-0.051353,-0.095598,0.664725,-0.419718,0.048983,-0.027491,-0.034518,0.006294,-0.066343,-0.14696,0.031644,-0.080951,-0.119589,
0.889039,-0.944533,0.009506,-0.0,-1.570796,0.0,0.74402,-0.006943,-0.183558,0.0,0.0,0.0,-0.608717,0.12232,0.479395,0.393834,-0.001126,-0.02492,-0.138784,-0.051204,-0.096665,0.667991,-0.419797,0.048786,-0.029302,-0.034584,0.007426,-0.067063,-0.145146,0.031765,-0.079818,-0.117497,
0.889783,-0.94454,0.009323,-0.0,-1.570796,0.0,0.743715,-0.006943,-0.183466,0.0,0.0,0.0,-0.608663,0.122541,0.479291,0.395836,-0.003057,-0.02514,-0.14019,-0.051055,-0.097731,0.671255,-0.419875,0.048591,-0.031113,-0.03465,0.008557,-0.067783,-0.143333,0.031886,-0.078685,-0.115406,
0.890559,-0.944566,0.009134,-0.0,-1.570796,0.0,0.776445,-0.025559,-0.188614,0.0,0.0,0.0,-0.60823,0.122638,0.478898,0.397341,-0.004777,-0.025369,-0.142274,-0.050997,-0.099388,0.674923,-0.419683,0.048392,-0.032958,-0.034658,0.00971,-0.068773,-0.141487,0.031974,-0.077532,-0.113728,
0.891351,-0.9446,0.008943,-0.0,-1.570796,0.0,0.79117,-0.033951,-0.19094,0.0,0.0,0.0,-0.607625,0.122678,0.478372,0.39862,-0.006399,-0.025601,-0.144668,-0.050981,-0.101315,0.678776,-0.419366,0.048192,-0.034819,-0.03464,0.010873,-0.069885,-0.139628,0.032047,-0.076368,-0.112238,
0.892142,-0.944634,0.008752,-0.0,-1.570796,0.0,0.791246,-0.033951,-0.19094,0.0,0.0,0.0,-0.60702,0.122718,0.477847,0.399898,-0.008021,-0.025834,-0.147061,-0.050965,-0.103241,0.68263,-0.41905,0.047993,-0.03668,-0.034622,0.012036,-0.070997,-0.137769,0.032121,-0.075205,-0.110748,
0.892933,-0.944668,0.008561,-0.0,-1.570796,0.0,0.79117,-0.033951,-0.19094,0.0,0.0,0.0,-0.606415,0.122758,0.477322,0.401177,-0.009644,-0.026066,-0.149455,-0.050949,-0.105168,0.686484,-0.418734,0.047793,-0.038541,-0.034603,0.013199,-0.07211,-0.135909,0.032194,-0.074042,-0.109258,
0.893724,-0.944701,0.00837,-0.0,-1.570796,0.0,0.791017,-0.033951,-0.190891,0.0,0.0,0.0,-0.60581,0.122798,0.476796,0.402455,-0.011266,-0.026299,-0.151848,-0.050932,-0.107094,0.690337,-0.418418,0.047594,-0.040402,-0.034585,0.014361,-0.073222,-0.13405,0.032267,-0.072879,-0.107768,
0.894515,-0.944735,0.008179,-0.0,-1.570796,0.0,0.79117,-0.033951,-0.19094,0.0,0.0,0.0,-0.605205,0.122838,0.476271,0.403733,-0.012888,-0.026531,-0.154242,-0.050916,-0.109021,0.694192,-0.418102,0.047394,-0.042263,-0.034567,0.015524,-0.074335,-0.13219,0.03234,-0.071716,-0.106278,
0.895306,-0.944769,0.007988,-0.0,-1.570796,0.0,0.79117,-0.033951,-0.19094,0.0,0.0,0.0,-0.6046,0.122878,0.475746,0.405011,-0.014511,-0.026764,-0.156635,-0.0509,-0.110947,0.698047,-0.417785,0.047194,-0.044125,-0.034548,0.016687,-0.075447,-0.130331,0.032414,-0.070553,-0.104788,
0.896098,-0.944803,0.007797,-0.0,-1.570796,0.0,0.791246,-0.033951,-0.19094,0.0,0.0,0.0,-0.603995,0.122918,0.47522,0.40629,-0.016134,-0.026997,-0.159029,-0.050883,-0.112874,0.701902,-0.417469,0.046995,-0.045986,-0.03453,0.01785,-0.07656,-0.128471,0.032487,-0.069389,-0.103298,
0.896889,-0.944837,0.007606,-0.0,-1.570796,0.0,0.79117,-0.033951,-0.19094,0.0,0.0,0.0,-0.60339,0.122958,0.474695,0.407568,-0.017756,-0.027229,-0.161423,-0.050867,-0.114801,0.705758,-0.417153,0.046795,-0.047847,-0.034512,0.019012,-0.077672,-0.126611,0.03256,-0.068226,-0.101807,
0.89768,-0.944871,0.007416,-0.0,-1.570796,0.0,0.791246,-0.033951,-0.19094,0.0,0.0,0.0,-0.602785,0.122998,0.47417,0.408847,-0.019379,-0.027462,-0.163817,-0.050851,-0.116728,0.709614,-0.416837,0.046595,-0.049709,-0.034493,0.020175,-0.078785,-0.124752,0.032633,-0.067063,-0.100317,
0.898471,-0.944905,0.007225,-0.0,-1.570796,0.0,0.790941,-0.033951,-0.190891,0.0,0.0,0.0,-0.60218,0.123038,0.473645,0.410125,-0.021001,-0.027694,-0.166211,-0.050834,-0.118654,0.713469,-0.416521,0.046396,-0.05157,-0.034475,0.021338,-0.079897,-0.122893,0.032707,-0.0659,-0.098827,
0.899262,-0.944939,0.007034,-0.0,-1.570796,0.0,0.791398,-0.033951,-0.190989,0.0,0.0,0.0,-0.601574,0.123078,0.473119,0.411403,-0.022624,-0.027927,-0.168606,-0.050818,-0.120581,0.717326,-0.416204,0.046196,-0.053432,-0.034457,0.022501,-0.08101,-0.121032,0.03278,-0.064736,-0.097337,
0.900054,-0.944973,0.006843,-0.0,-1.570796,0.0,0.791246,-0.033951,-0.19094,0.0,0.0,0.0,-0.600969,0.123118,0.472594,0.412682,-0.024246,-0.028159,-0.171,-0.050802,-0.122508,0.721182,-0.415888,0.045996,-0.055293,-0.034438,0.023664,-0.082122,-0.119173,0.032853,-0.063573,-0.095846,
0.900845,-0.945007,0.006652,-0.0,-1.570796,0.0,0.791017,-0.033951,-0.190892,0.0,0.0,0.0,-0.600364,0.123158,0.472068,0.41396,-0.025869,-0.028392,-0.173393,-0.050786,-0.124435,0.725038,-0.415572,0.045797,-0.057154,-0.03442,0.024826,-0.083234,-0.117313,0.032926,-0.06241,-0.094357,
0.901636,-0.945041,0.006461,-0.0,-1.570796,0.0,0.79117,-0.033951,-0.19094,0.0,0.0,0.0,-0.599759,0.123198,0.471543,0.415238,-0.027491,-0.028625,-0.175788,-0.050769,-0.126361,0.728894,-0.415256,0.045597,-0.059015,-0.034402,0.025989,-0.084347,-0.115453,0.033,-0.061247,-0.092866,
0.902427,-0.945075,0.00627,-0.0,-1.570796,0.0,0.791398,-0.034027,-0.190989,0.0,0.0,0.0,-0.599154,0.123239,0.471018,0.416517,-0.029114,-0.028857,-0.178183,-0.050753,-0.128289,0.732752,-0.414939,0.045398,-0.060877,-0.034383,0.027153,-0.08546,-0.113593,0.033073,-0.060083,-0.091376,
0.903218,-0.945109,0.006079,-0.0,-1.570796,0.0,0.791017,-0.033875,-0.190891,0.0,0.0,0.0,-0.598549,0.123279,0.470493,0.417795,-0.030737,-0.02909,-0.180576,-0.050737,-0.130215,0.736607,-0.414623,0.045198,-0.062738,-0.034365,0.028315,-0.086572,-0.111734,0.033146,-0.05892,-0.089886,
0.904009,-0.945143,0.005888,-0.0,-1.570796,0.0,0.79117,-0.034027,-0.19094,0.0,0.0,0.0,-0.597944,0.123319,0.469967,0.419074,-0.032359,-0.029322,-0.18297,-0.05072,-0.132142,0.740464,-0.414307,0.044998,-0.0646,-0.034347,0.029478,-0.087684,-0.109874,0.033219,-0.057757,-0.088396,
0.904801,-0.945177,0.005697,-0.0,-1.570796,0.0,0.791246,-0.033951,-0.19094,0.0,0.0,0.0,-0.597339,0.123359,0.469442,0.420352,-0.033982,-0.029555,-0.185365,-0.050704,-0.134069,0.74432,-0.413991,0.044799,-0.066461,-0.034329,0.030641,-0.088797,-0.108014,0.033293,-0.056594,-0.086905,
0.905591,-0.945211,0.005506,-0.0,-1.570796,0.0,0.790941,-0.033951,-0.190892,0.0,0.0,0.0,-0.596734,0.123399,0.468917,0.42163,-0.035604,-0.029787,-0.187758,-0.050688,-0.135996,0.748176,-0.413675,0.044599,-0.068322,-0.03431,0.031803,-0.089909,-0.106155,0.033366,-0.055431,-0.085415,
0.906383,-0.945245,0.005315,-0.0,-1.570796,0.0,0.791398,-0.033951,-0.190988,0.0,0.0,0.0,-0.596129,0.123439,0.468391,0.422909,-0.037227,-0.03002,-0.190153,-0.050671,-0.137923,0.752033,-0.413358,0.044399,-0.070184,-0.034292,0.032967,-0.091022,-0.104295,0.033439,-0.054267,-0.083925,
0.907174,-0.945279,0.005124,-0.0,-1.570796,0.0,0.791017,-0.033951,-0.190891,0.0,0.0,0.0,-0.595524,0.123479,0.467866,0.424187,-0.038849,-0.030252,-0.192547,-0.050655,-0.139849,0.755889,-0.413042,0.0442,-0.072045,-0.034274,0.034129,-0.092134,-0.102435,0.033512,-0.053104,-0.082435,
0.907965,-0.945313,0.004933,-0.0,-1.570796,0.0,0.791246,-0.033951,-0.19094,0.0,0.0,0.0,-0.594919,0.123519,0.467341,0.425466,-0.040472,-0.030485,-0.194941,-0.050639,-0.141776,0.759745,-0.412726,0.044,-0.073907,-0.034255,0.035292,-0.093247,-0.100576,0.033586,-0.051941,-0.080945,
0.908756,-0.945347,0.004742,-0.0,-1.570796,0.0,0.79117,-0.033951,-0.19094,0.0,0.0,0.0,-0.594313,0.123559,0.466815,0.426744,-0.042095,-0.030718,-0.197335,-0.050622,-0.143703,0.763601,-0.41241,0.043801,-0.075768,-0.034237,0.036455,-0.094359,-0.098716,0.033659,-0.050778,-0.079455,
0.909548,-0.945381,0.004552,-0.0,-1.570796,0.0,0.79117,-0.033951,-0.19094,0.0,0.0,0.0,-0.593708,0.123599,0.46629,0.428023,-0.043717,-0.03095,-0.199729,-0.050606,-0.14563,0.767457,-0.412094,0.043601,-0.077629,-0.034219,0.037618,-0.095472,-0.096856,0.033732,-0.049615,-0.077964,
0.910339,-0.945415,0.004361,-0.0,-1.570796,0.0,0.791246,-0.033951,-0.19094,0.0,0.0,0.0,-0.593103,0.123639,0.465765,0.429301,-0.04534,-0.031183,-0.202123,-0.05059,-0.147557,0.771312,-0.411777,0.043401,-0.079491,-0.0342,0.038781,-0.096584,-0.094997,0.033805,-0.048451,-0.076474,
0.91113,-0.945449,0.00417,-0.0,-1.570796,0.0,0.79117,-0.033951,-0.19094,0.0,0.0,0.0,-0.592498,0.123679,0.465239,0.43058,-0.046962,-0.031415,-0.204517,-0.050574,-0.149483,0.775167,-0.411461,0.043202,-0.081352,-0.034182,0.039943,-0.097697,-0.093137,0.033879,-0.047288,-0.074984,
0.911921,-0.945482,0.003979,-0.0,-1.570796,0.0,0.791017,-0.033951,-0.190892,0.0,0.0,0.0,-0.591893,0.123719,0.464714,0.431858,-0.048584,-0.031648,-0.20691,-0.050557,-0.15141,0.779021,-0.411145,0.043002,-0.083213,-0.034164,0.041106,-0.098809,-0.091278,0.033952,-0.046125,-0.073494,
0.912712,-0.945516,0.003788,-0.0,-1.570796,0.0,0.791398,-0.033951,-0.190988,0.0,0.0,0.0,-0.591288,0.12376,0.464189,0.433136,-0.050207,-0.03188,-0.209305,-0.050541,-0.153337,0.782877,-0.410829,0.042802,-0.085075,-0.034145,0.042269,-0.099922,-0.089418,0.034025,-0.044962,-0.072004,
0.913503,-0.94555,0.003597,-0.0,-1.570796,0.0,0.79117,-0.033951,-0.19094,0.0,0.0,0.0,-0.590683,0.1238,0.463663,0.434415,-0.05183,-0.032113,-0.211698,-0.050525,-0.155263,0.786731,-0.410513,0.042603,-0.086936,-0.034127,0.043432,-0.101034,-0.087558,0.034098,-0.043798,-0.070513,
0.914294,-0.945584,0.003406,-0.0,-1.570796,0.0,0.791017,-0.033951,-0.190891,0.0,0.0,0.0,-0.590078,0.12384,0.463138,0.435693,-0.053452,-0.032345,-0.214091,-0.050508,-0.15719,0.790584,-0.410196,0.042403,-0.088797,-0.034109,0.044594,-0.102146,-0.085699,0.034172,-0.042636,-0.069024,
0.915086,-0.945618,0.003215,-0.0,-1.570796,0.0,0.791246,-0.033951,-0.19094,0.0,0.0,0.0,-0.589473,0.12388,0.462613,0.436971,-0.055074,-0.032578,-0.216485,-0.050492,-0.159116,0.794438,-0.40988,0.042204,-0.090658,-0.03409,0.045757,-0.103259,-0.08384,0.034245,-0.041472,-0.067534,
0.915877,-0.945652,0.003024,-0.0,-1.570796,0.0,0.79117,-0.033951,-0.19094,0.0,0.0,0.0,-0.588868,0.12392,0.462087,0.438249,-0.056696,-0.032811,-0.218878,-0.050476,-0.161043,0.798291,-0.409564,0.042004,-0.092519,-0.034072,0.04692,-0.104371,-0.08198,0.034318,-0.040309,-0.066044,
0.916656,-0.945697,0.002832,-0.0,-1.570796,0.0,0.77942,-0.044861,-0.192376,0.0,0.0,0.0,-0.588108,0.123913,0.461441,0.439261,-0.058169,-0.033045,-0.221479,-0.05054,-0.163174,0.80202,-0.408933,0.041793,-0.094377,-0.03403,0.048082,-0.105701,-0.080122,0.034366,-0.039147,-0.064818,
0.917414,-0.945762,0.002637,-0.0,-1.570796,0.0,0.757676,-0.065003,-0.195027,0.0,0.0,0.0,-0.587061,0.123821,0.460569,0.439782,-0.059363,-0.033283,-0.224464,-0.050754,-0.165684,0.805521,-0.40772,0.041563,-0.096232,-0.033944,0.049241,-0.107434,-0.078267,0.034366,-0.037988,-0.064082,
0.918172,-0.945827,0.002442,-0.0,-1.570796,0.0,0.757524,-0.064926,-0.194978,0.0,0.0,0.0,-0.586015,0.123729,0.459698,0.440302,-0.060558,-0.033521,-0.227448,-0.050968,-0.168194,0.809022,-0.406507,0.041332,-0.098086,-0.033858,0.050401,-0.109166,-0.076412,0.034366,-0.03683,-0.063346,
0.918929,-0.945892,0.002247,-0.0,-1.570796,0.0,0.757676,-0.065003,-0.195027,0.0,0.0,0.0,-0.584969,0.123637,0.458827,0.440822,-0.061752,-0.033759,-0.230433,-0.051182,-0.170704,0.812524,-0.405294,0.041101,-0.099941,-0.033772,0.05156,-0.110898,-0.074557,0.034366,-0.035671,-0.06261,
0.919687,-0.945957,0.002052,-0.0,-1.570796,0.0,0.757905,-0.064926,-0.195077,0.0,0.0,0.0,-0.583922,0.123545,0.457956,0.441342,-0.062947,-0.033997,-0.233419,-0.051396,-0.173215,0.816027,-0.404081,0.04087,-0.101796,-0.033686,0.05272,-0.112631,-0.072701,0.034366,-0.034511,-0.061873,
0.920445,-0.946022,0.001857,-0.0,-1.570796,0.0,0.757448,-0.065003,-0.194978,0.0,0.0,0.0,-0.582876,0.123453,0.457084,0.441862,-0.064142,-0.034235,-0.236403,-0.051609,-0.175725,0.819528,-0.402868,0.04064,-0.10365,-0.0336,0.05388,-0.114363,-0.070846,0.034366,-0.033352,-0.061137,
0.921202,-0.946087,0.001662,-0.0,-1.570796,0.0,0.757676,-0.064926,-0.195027,0.0,0.0,0.0,-0.581829,0.12336,0.456213,0.442382,-0.065337,-0.034473,-0.239389,-0.051823,-0.178236,0.823031,-0.401655,0.040409,-0.105505,-0.033514,0.055039,-0.116095,-0.068991,0.034366,-0.032193,-0.060401,
0.92196,-0.946152,0.001467,-0.0,-1.570796,0.0,0.757753,-0.065003,-0.195027,0.0,0.0,0.0,-0.580783,0.123268,0.455342,0.442903,-0.066531,-0.034712,-0.242374,-0.052037,-0.180747,0.826534,-0.400442,0.040178,-0.10736,-0.033428,0.056199,-0.117827,-0.067135,0.034366,-0.031034,-0.059664,
0.922718,-0.946217,0.001272,-0.0,-1.570796,0.0,0.757676,-0.064926,-0.195027,0.0,0.0,0.0,-0.579736,0.123176,0.454471,0.443423,-0.067726,-0.03495,-0.24536,-0.052251,-0.183258,0.830037,-0.399229,0.039947,-0.109215,-0.033342,0.057359,-0.11956,-0.06528,0.034366,-0.029875,-0.058928,
0.923475,-0.946282,0.001077,-0.0,-1.570796,0.0,0.757676,-0.065003,-0.195027,0.0,0.0,0.0,-0.57869,0.123084,0.453599,0.443943,-0.068921,-0.035188,-0.248346,-0.052465,-0.185768,0.83354,-0.398016,0.039717,-0.11107,-0.033255,0.058519,-0.121292,-0.063424,0.034366,-0.028716,-0.058192,
0.924233,-0.946347,0.000881,-0.0,-1.570796,0.0,0.757676,-0.065003,-0.195027,0.0,0.0,0.0,-0.577643,0.122992,0.452728,0.444463,-0.070116,-0.035426,-0.251332,-0.052679,-0.188279,0.837044,-0.396802,0.039486,-0.112925,-0.033169,0.059678,-0.123025,-0.061569,0.034366,-0.027557,-0.057455,
0.924991,-0.946412,0.000686,-0.0,-1.570796,0.0,0.757524,-0.064926,-0.194978,0.0,0.0,0.0,-0.576597,0.122899,0.451857,0.444983,-0.07131,-0.035664,-0.254317,-0.052892,-0.19079,0.840546,-0.39559,0.039255,-0.114779,-0.033083,0.060838,-0.124757,-0.059714,0.034366,-0.026398,-0.056719,
0.925748,-0.946477,0.000491,-0.0,-1.570796,0.0,0.757676,-0.065003,-0.195027,0.0,0.0,0.0,-0.575551,0.122807,0.450986,0.445503,-0.072505,-0.035902,-0.257303,-0.053106,-0.193301,0.84405,-0.394377,0.039024,-0.116634,-0.032997,0.061998,-0.126489,-0.057858,0.034366,-0.025239,-0.055983,
0.926506,-0.946542,0.000296,-0.0,-1.570796,0.0,0.757905,-0.064926,-0.195077,0.0,0.0,0.0,-0.574504,0.122715,0.450114,0.446024,-0.0737,-0.03614,-0.26029,-0.05332,-0.195813,0.847555,-0.393163,0.038794,-0.11849,-0.032911,0.063158,-0.128222,-0.056002,0.034366,-0.024079,-0.055246,
0.927264,-0.946607,0.000101,-0.0,-1.570796,0.0,0.757448,-0.065003,-0.194978,0.0,0.0,0.0,-0.573458,0.122623,0.449243,0.446544,-0.074895,-0.036378,-0.263276,-0.053534,-0.198323,0.851057,-0.39195,0.038563,-0.120344,-0.032825,0.064317,-0.129955,-0.054147,0.034366,-0.02292,-0.05451,
0.928021,-0.946672,-0.000094,-0.0,-1.570796,0.0,0.757676,-0.064926,-0.195027,0.0,0.0,0.0,-0.572411,0.122531,0.448372,0.447064,-0.076089,-0.036616,-0.266262,-0.053748,-0.200834,0.854561,-0.390737,0.038332,-0.122199,-0.032739,0.065477,-0.131687,-0.052291,0.034366,-0.021761,-0.053774,
0.928779,-0.946737,-0.000289,-0.0,-1.570796,0.0,0.757676,-0.065003,-0.195027,0.0,0.0,0.0,-0.571365,0.122438,0.4475,0.447584,-0.077284,-0.036854,-0.269248,-0.053961,-0.203345,0.858065,-0.389524,0.038101,-0.124054,-0.032653,0.066637,-0.13342,-0.050435,0.034366,-0.020602,-0.053037,
0.929537,-0.946801,-0.000484,-0.0,-1.570796,0.0,0.757753,-0.064926,-0.195027,0.0,0.0,0.0,-0.570318,0.122346,0.446629,0.448104,-0.078479,-0.037092,-0.272234,-0.054175,-0.205856,0.861569,-0.388311,0.037871,-0.125909,-0.032567,0.067796,-0.135152,-0.04858,0.034366,-0.019443,-0.052301,
0.930294,-0.946867,-0.000679,-0.0,-1.570796,0.0,0.757676,-0.065003,-0.195027,0.0,0.0,0.0,-0.569272,0.122254,0.445758,0.448624,-0.079674,-0.03733,-0.275221,-0.054389,-0.208368,0.865073,-0.387098,0.03764,-0.127764,-0.032481,0.068956,-0.136885,-0.046724,0.034366,-0.018284,-0.051565,
0.931052,-0.946931,-0.000874,-0.0,-1.570796,0.0,0.757448,-0.064926,-0.194978,0.0,0.0,0.0,-0.568225,0.122162,0.444887,0.449144,-0.080868,-0.037568,-0.278206,-0.054603,-0.210878,0.868576,-0.385885,0.037409,-0.129619,-0.032395,0.070116,-0.138617,-0.044869,0.034366,-0.017125,-0.050828,
0.93181,-0.946996,-0.001069,-0.0,-1.570796,0.0,0.757753,-0.065003,-0.195027,0.0,0.0,0.0,-0.567179,0.12207,0.444015,0.449665,-0.082063,-0.037806,-0.281192,-0.054817,-0.213389,0.87208,-0.384672,0.037179,-0.131474,-0.032309,0.071275,-0.140349,-0.043013,0.034366,-0.015966,-0.050092,
0.932567,-0.947061,-0.001264,-0.0,-1.570796,0.0,0.757829,-0.065003,-0.195077,0.0,0.0,0.0,-0.566132,0.121978,0.443144,0.450185,-0.083258,-0.038045,-0.284179,-0.05503,-0.215901,0.875584,-0.383458,0.036948,-0.133329,-0.032223,0.072435,-0.142082,-0.041157,0.034366,-0.014806,-0.049356,
0.933325,-0.947126,-0.001459,-0.0,-1.570796,0.0,0.757524,-0.064926,-0.194978,0.0,0.0,0.0,-0.565086,0.121885,0.442273,0.450705,-0.084453,-0.038283,-0.287164,-0.055244,-0.218411,0.879087,-0.382246,0.036717,-0.135184,-0.032137,0.073595,-0.143815,-0.039302,0.034366,-0.013647,-0.048619,
0.934083,-0.947191,-0.001654,-0.0,-1.570796,0.0,0.757676,-0.065003,-0.195027,0.0,0.0,0.0,-0.56404,0.121793,0.441401,0.451225,-0.085647,-0.038521,-0.29015,-0.055458,-0.220922,0.882591,-0.381033,0.036486,-0.137039,-0.032051,0.074754,-0.145547,-0.037447,0.034366,-0.012488,-0.047883,
0.93484,-0.947256,-0.001849,-0.0,-1.570796,0.0,0.757676,-0.064926,-0.195027,0.0,0.0,0.0,-0.562993,0.121701,0.44053,0.451745,-0.086842,-0.038759,-0.293136,-0.055672,-0.223433,0.886094,-0.379819,0.036256,-0.138894,-0.031964,0.075914,-0.14728,-0.035591,0.034366,-0.011329,-0.047147,
0.935598,-0.947321,-0.002044,-0.0,-1.570796,0.0,0.757524,-0.065003,-0.194978,0.0,0.0,0.0,-0.561947,0.121609,0.439659,0.452265,-0.088037,-0.038997,-0.296121,-0.055886,-0.225944,0.889596,-0.378607,0.036025,-0.140748,-0.031878,0.077074,-0.149012,-0.033736,0.034366,-0.01017,-0.046411,
0.936356,-0.947386,-0.002239,-0.0,-1.570796,0.0,0.757905,-0.064926,-0.195077,0.0,0.0,0.0,-0.5609,0.121517,0.438787,0.452786,-0.089232,-0.039235,-0.299108,-0.0561,-0.228455,0.8931,-0.377393,0.035794,-0.142603,-0.031792,0.078234,-0.150745,-0.03188,0.034366,-0.009011,-0.045674,
0.937113,-0.947451,-0.002434,-0.0,-1.570796,0.0,0.757676,-0.065003,-0.195027,0.0,0.0,0.0,-0.559854,0.121424,0.437916,0.453306,-0.090426,-0.039473,-0.302093,-0.056313,-0.230966,0.896603,-0.37618,0.035563,-0.144458,-0.031706,0.079393,-0.152477,-0.030025,0.034366,-0.007852,-0.044938,
0.937871,-0.947516,-0.002629,-0.0,-1.570796,0.0,0.757448,-0.064926,-0.194978,0.0,0.0,0.0,-0.558807,0.121332,0.437045,0.453826,-0.091621,-0.039711,-0.305078,-0.056527,-0.233476,0.900105,-0.374967,0.035333,-0.146312,-0.03162,0.080553,-0.154209,-0.02817,0.034366,-0.006693,-0.044202,
0.938628,-0.947581,-0.002824,-0.0,-1.570796,0.0,0.757676,-0.065003,-0.195027,0.0,0.0,0.0,-0.557761,0.12124,0.436174,0.454346,-0.092816,-0.039949,-0.308063,-0.056741,-0.235986,0.903607,-0.373754,0.035102,-0.148167,-0.031534,0.081712,-0.155941,-0.026314,0.034366,-0.005534,-0.043465,
0.939386,-0.947646,-0.003019,-0.0,-1.570796,0.0,0.757753,-0.064926,-0.195027,0.0,0.0,0.0,-0.556715,0.121148,0.435302,0.454866,-0.09401,-0.040187,-0.311049,-0.056955,-0.238497,0.907109,-0.372541,0.034871,-0.150022,-0.031448,0.082872,-0.157674,-0.024459,0.034366,-0.004375,-0.042729,
0.940144,-0.947711,-0.003214,-0.0,-1.570796,0.0,0.757676,-0.065003,-0.195027,0.0,0.0,0.0,-0.555668,0.121056,0.434431,0.455387,-0.095205,-0.040425,-0.314033,-0.057169,-0.241007,0.910611,-0.371328,0.03464,-0.151877,-0.031362,0.084032,-0.159406,-0.022603,0.034366,-0.003216,-0.041993,
0.940902,-0.947776,-0.003409,-0.0,-1.570796,0.0,0.757676,-0.065003,-0.195027,0.0,0.0,0.0,-0.554622,0.120963,0.43356,0.455907,-0.0964,-0.040663,-0.317018,-0.057382,-0.243517,0.914112,-0.370115,0.03441,-0.153731,-0.031276,0.085191,-0.161138,-0.020748,0.034366,-0.002057,-0.041256,
0.941657,-0.947841,-0.003604,-0.0,-1.570796,0.0,0.755159,-0.065231,-0.194982,0.0,0.0,0.0,-0.553573,0.120871,0.432687,0.456417,-0.097586,-0.040901,-0.320012,-0.057601,-0.246036,0.917608,-0.368892,0.034178,-0.155585,-0.031189,0.08635,-0.162876,-0.018894,0.034364,-0.000898,-0.040525,
0.942263,-0.947927,-0.003799,-0.0,-1.570796,0.0,0.606309,-0.085449,-0.19533,0.0,0.0,0.0,-0.552342,0.120746,0.431682,0.456289,-0.098259,-0.041136,-0.323633,-0.058162,-0.249152,0.920844,-0.367009,0.033889,-0.157387,-0.031063,0.087476,-0.165009,-0.017092,0.034287,0.000228,-0.040076,
0.942869,-0.948012,-0.003995,-0.0,-1.570796,0.0,0.60608,-0.085373,-0.195281,0.0,0.0,0.0,-0.551112,0.120622,0.430677,0.456161,-0.098932,-0.04137,-0.327254,-0.058722,-0.252268,0.92408,-0.365125,0.033599,-0.159189,-0.030937,0.088602,-0.167141,-0.015291,0.034211,0.001354,-0.039627,
0.943475,-0.948098,-0.00419,-0.0,-1.570796,0.0,0.606004,-0.085449,-0.195231,0.0,0.0,0.0,-0.549883,0.120498,0.429672,0.456033,-0.099605,-0.041605,-0.330875,-0.059282,-0.255382,0.927315,-0.363242,0.03331,-0.160991,-0.03081,0.089728,-0.169273,-0.013489,0.034134,0.00248,-0.039179,
0.944081,-0.948183,-0.004385,-0.0,-1.570796,0.0,0.606156,-0.085373,-0.195281,0.0,0.0,0.0,-0.548652,0.120373,0.428667,0.455906,-0.100278,-0.041839,-0.334496,-0.059843,-0.258498,0.930551,-0.361359,0.033021,-0.162793,-0.030684,0.090853,-0.171406,-0.011688,0.034057,0.003606,-0.03873,
0.944687,-0.948268,-0.00458,-0.0,-1.570796,0.0,0.60608,-0.085449,-0.195281,0.0,0.0,0.0,-0.547422,0.120249,0.427662,0.455778,-0.100951,-0.042073,-0.338118,-0.060403,-0.261614,0.933787,-0.359476,0.032731,-0.164595,-0.030557,0.091979,-0.173539,-0.009886,0.03398,0.004732,-0.038281,
0.945293,-0.948354,-0.004776,-0.0,-1.570796,0.0,0.606156,-0.085373,-0.195281,0.0,0.0,0.0,-0.546192,0.120125,0.426657,0.45565,-0.101624,-0.042308,-0.341741,-0.060963,-0.264731,0.937023,-0.357592,0.032442,-0.166397,-0.030431,0.093105,-0.175671,-0.008084,0.033903,0.005858,-0.037833,
0.9459,-0.948439,-0.004971,-0.0,-1.570796,0.0,0.60608,-0.085449,-0.195281,0.0,0.0,0.0,-0.544962,0.12,0.425652,0.455522,-0.102297,-0.042542,-0.345363,-0.061523,-0.267847,0.94026,-0.355709,0.032153,-0.168199,-0.030305,0.094231,-0.177804,-0.006282,0.033826,0.006984,-0.037384,
0.946506,-0.948525,-0.005166,-0.0,-1.570796,0.0,0.606156,-0.085373,-0.195281,0.0,0.0,0.0,-0.543732,0.119876,0.424647,0.455394,-0.10297,-0.042777,-0.348986,-0.062084,-0.270964,0.943497,-0.353825,0.031863,-0.170002,-0.030178,0.095357,-0.179937,-0.00448,0.033749,0.008111,-0.036935,
0.947112,-0.94861,-0.005361,-0.0,-1.570796,0.0,0.606004,-0.085449,-0.195231,0.0,0.0,0.0,-0.542502,0.119751,0.423643,0.455267,-0.103643,-0.043011,-0.352608,-0.062644,-0.27408,0.946733,-0.351942,0.031574,-0.171803,-0.030052,0.096482,-0.182069,-0.002679,0.033672,0.009236,-0.036487,
0.947718,-0.948695,-0.005557,-0.0,-1.570796,0.0,0.606233,-0.085373,-0.195331,0.0,0.0,0.0,-0.541272,0.119627,0.422638,0.455139,-0.104316,-0.043246,-0.356232,-0.063204,-0.277197,0.94997,-0.350058,0.031285,-0.173606,-0.029926,0.097608,-0.184202,-0.000877,0.033595,0.010363,-0.036038,
0.948324,-0.948781,-0.005752,-0.0,-1.570796,0.0,0.606156,-0.085449,-0.195281,0.0,0.0,0.0,-0.540041,0.119503,0.421633,0.455011,-0.104989,-0.04348,-0.359855,-0.063765,-0.280314,0.953208,-0.348175,0.030995,-0.175408,-0.029799,0.098734,-0.186335,0.000925,0.033518,0.011489,-0.035589,
0.94893,-0.948866,-0.005947,-0.0,-1.570796,0.0,0.605928,-0.085373,-0.195231,0.0,0.0,0.0,-0.538812,0.119378,0.420628,0.454883,-0.105662,-0.043714,-0.363478,-0.064325,-0.28343,0.956444,-0.346291,0.030706,-0.17721,-0.029673,0.09986,-0.188468,0.002727,0.033441,0.012615,-0.035141,
0.949536,-0.948952,-0.006143,-0.0,-1.570796,0.0,0.606156,-0.085449,-0.195281,0.0,0.0,0.0,-0.537581,0.119254,0.419623,0.454756,-0.106335,-0.043949,-0.367101,-0.064885,-0.286547,0.959681,-0.344408,0.030417,-0.179013,-0.029547,0.100986,-0.190601,0.004529,0.033364,0.013741,-0.034692,
0.950142,-0.949037,-0.006338,-0.0,-1.570796,0.0,0.606156,-0.085373,-0.195281,0.0,0.0,0.0,-0.536351,0.11913,0.418618,0.454628,-0.107008,-0.044183,-0.370725,-0.065445,-0.289664,0.962919,-0.342524,0.030127,-0.180815,-0.02942,0.102112,-0.192734,0.006331,0.033288,0.014867,-0.034243,
0.950748,-0.949123,-0.006533,-0.0,-1.570796,0.0,0.60608,-0.085449,-0.195281,0.0,0.0,0.0,-0.535121,0.119005,0.417613,0.4545,-0.107681,-0.044418,-0.374349,-0.066006,-0.292782,0.966156,-0.34064,0.029838,-0.182617,-0.029294,0.103237,-0.194867,0.008133,0.033211,0.015994,-0.033795,
0.951355,-0.949208,-0.006728,-0.0,-1.570796,0.0,0.606156,-0.085373,-0.195281,0.0,0.0,0.0,-0.533891,0.118881,0.416608,0.454372,-0.108354,-0.044652,-0.377972,-0.066566,-0.295899,0.969393,-0.338757,0.029549,-0.18442,-0.029168,0.104363,-0.197,0.009935,0.033134,0.01712,-0.033346,
0.951961,-0.949293,-0.006924,-0.0,-1.570796,0.0,0.606004,-0.085373,-0.195231,0.0,0.0,0.0,-0.532661,0.118757,0.415603,0.454244,-0.109027,-0.044886,-0.381595,-0.067126,-0.299015,0.97263,-0.336874,0.029259,-0.186222,-0.029041,0.105489,-0.199132,0.011736,0.033057,0.018246,-0.032897,
0.952567,-0.949379,-0.007119,-0.0,-1.570796,0.0,0.60608,-0.085449,-0.195281,0.0,0.0,0.0,-0.531431,0.118632,0.414598,0.454117,-0.1097,-0.045121,-0.385219,-0.067687,-0.302132,0.975868,-0.33499,0.02897,-0.188024,-0.028915,0.106615,-0.201265,0.013538,0.03298,0.019372,-0.032449,
0.953173,-0.949464,-0.007314,-0.0,-1.570796,0.0,0.606309,-0.085449,-0.195331,0.0,0.0,0.0,-0.5302,0.118508,0.413593,0.453989,-0.110373,-0.045355,-0.388844,-0.068247,-0.30525,0.979106,-0.333106,0.028681,-0.189827,-0.028789,0.107741,-0.203399,0.01534,0.032903,0.020498,-0.032,
0.953779,-0.94955,-0.007509,-0.0,-1.570796,0.0,0.605928,-0.085373,-0.195231,0.0,0.0,0.0,-0.52897,0.118384,0.412589,0.453861,-0.111046,-0.04559,-0.392466,-0.068807,-0.308367,0.982342,-0.331223,0.028391,-0.191629,-0.028662,0.108866,-0.205531,0.017142,0.032826,0.021624,-0.031551,
0.954385,-0.949635,-0.007705,-0.0,-1.570796,0.0,0.606156,-0.085449,-0.195281,0.0,0.0,0.0,-0.52774,0.118259,0.411584,0.453733,-0.111719,-0.045824,-0.39609,-0.069367,-0.311484,0.98558,-0.329339,0.028102,-0.193431,-0.028536,0.109992,-0.207664,0.018944,0.032749,0.02275,-0.031103,
0.954991,-0.94972,-0.0079,-0.0,-1.570796,0.0,0.606156,-0.085373,-0.195281,0.0,0.0,0.0,-0.52651,0.118135,0.410579,0.453605,-0.112392,-0.046059,-0.399713,-0.069928,-0.314601,0.988817,-0.327455,0.027813,-0.195233,-0.02841,0.111118,-0.209797,0.020746,0.032672,0.023876,-0.030654,
0.955597,-0.949806,-0.008095,-0.0,-1.570796,0.0,0.60608,-0.085449,-0.195281,0.0,0.0,0.0,-0.52528,0.11801,0.409574,0.453478,-0.113065,-0.046293,-0.403337,-0.070488,-0.317718,0.992054,-0.325572,0.027523,-0.197036,-0.028283,0.112244,-0.21193,0.022548,0.032595,0.025003,-0.030205,
0.956203,-0.949891,-0.008291,-0.0,-1.570796,0.0,0.606156,-0.085373,-0.195281,0.0,0.0,0.0,-0.52405,0.117886,0.408569,0.45335,-0.113738,-0.046527,-0.40696,-0.071048,-0.320835,0.995291,-0.323688,0.027234,-0.198838,-0.028157,0.11337,-0.214063,0.02435,0.032518,0.026129,-0.029757,
0.95681,-0.949977,-0.008486,-0.0,-1.570796,0.0,0.60608,-0.085449,-0.195281,0.0,0.0,0.0,-0.52282,0.117762,0.407564,0.453222,-0.114411,-0.046762,-0.410583,-0.071609,-0.323951,0.998528,-0.321805,0.026945,-0.20064,-0.02803,0.114496,-0.216196,0.026152,0.032442,0.027255,-0.029308,
0.957416,-0.950062,-0.008681,-0.0,-1.570796,0.0,0.606004,-0.085373,-0.195231,0.0,0.0,0.0,-0.52159,0.117637,0.406559,0.453094,-0.115083,-0.046996,-0.414205,-0.072169,-0.327067,1.001764,-0.319922,0.026655,-0.202442,-0.027904,0.115621,-0.218328,0.027953,0.032365,0.028381,-0.02886,
0.958022,-0.950147,-0.008876,-0.0,-1.570796,0.0,0.606309,-0.085449,-0.19533,0.0,0.0,0.0,-0.520359,0.117513,0.405554,0.452967,-0.115757,-0.047231,-0.417828,-0.072729,-0.330184,1.005001,-0.318038,0.026366,-0.204245,-0.027778,0.116747,-0.220461,0.029755,0.032288,0.029507,-0.028411,
0.958628,-0.950233,-0.009072,-0.0,-1.570796,0.0,0.605928,-0.085373,-0.195231,0.0,0.0,0.0,-0.519129,0.117389,0.404549,0.452839,-0.116429,-0.047465,-0.42145,-0.073289,-0.3333,1.008237,-0.316155,0.026077,-0.206047,-0.027651,0.117873,-0.222593,0.031557,0.032211,0.030633,-0.027962,
0.959234,-0.950318,-0.009267,-0.0,-1.570796,0.0,0.606156,-0.085373,-0.195281,0.0,0.0,0.0,-0.517899,0.117264,0.403544,0.452711,-0.117102,-0.0477,-0.425072,-0.07385,-0.336416,1.011473,-0.314271,0.025787,-0.207849,-0.027525,0.118999,-0.224726,0.033358,0.032134,0.031759,-0.027514,
0.95984,-0.950404,-0.009462,-0.0,-1.570796,0.0,0.60608,-0.085449,-0.195281,0.0,0.0,0.0,-0.516669,0.11714,0.402539,0.452583,-0.117775,-0.047934,-0.428694,-0.07441,-0.339532,1.014709,-0.312388,0.025498,-0.209651,-0.027399,0.120124,-0.226859,0.03516,0.032057,0.032885,-0.027065,
0.960446,-0.950489,-0.009657,-0.0,-1.570796,0.0,0.606004,-0.085373,-0.195231,0.0,0.0,0.0,-0.515439,0.117016,0.401535,0.452455,-0.118448,-0.048168,-0.432314,-0.07497,-0.342647,1.017944,-0.310505,0.025209,-0.211453,-0.027272,0.12125,-0.228991,0.036961,0.03198,0.034011,-0.026616,
0.961052,-0.950574,-0.009853,-0.0,-1.570796,0.0,0.606309,-0.085449,-0.195331,0.0,0.0,0.0,-0.514209,0.116891,0.40053,0.452328,-0.119121,-0.048403,-0.435936,-0.075531,-0.345763,1.021181,-0.308621,0.024919,-0.213255,-0.027146,0.122376,-0.231124,0.038763,0.031903,0.035138,-0.026168,
0.961658,-0.95066,-0.010048,-0.0,-1.570796,0.0,0.60608,-0.085449,-0.195281,0.0,0.0,0.0,-0.512979,0.116767,0.399525,0.4522,-0.119794,-0.048637,-0.439557,-0.076091,-0.348878,1.024416,-0.306738,0.02463,-0.215057,-0.02702,0.123502,-0.233256,0.040565,0.031826,0.036264,-0.025719,
0.962184,-0.950756,-0.010241,-0.0,-1.570796,0.0,0.525666,-0.096207,-0.192598,0.0,0.0,0.0,-0.511654,0.116637,0.398455,0.451734,-0.120193,-0.048867,-0.443331,-0.07689,-0.352039,1.027202,-0.304448,0.024318,-0.216775,-0.026871,0.124576,-0.235571,0.042282,0.031698,0.037336,-0.025364,
0.962672,-0.950857,-0.010432,-0.0,-1.570796,0.0,0.487901,-0.101319,-0.191408,0.0,0.0,0.0,-0.510284,0.116505,0.397355,0.451109,-0.120463,-0.049094,-0.44718,-0.077802,-0.355223,1.029778,-0.301966,0.023996,-0.218453,-0.026712,0.125626,-0.237974,0.04396,0.031546,0.038384,-0.025052,
0.96316,-0.950959,-0.010624,-0.0,-1.570796,0.0,0.488053,-0.101319,-0.191456,0.0,0.0,0.0,-0.508914,0.116372,0.396255,0.450484,-0.120732,-0.049321,-0.45103,-0.078715,-0.358408,1.032355,-0.299483,0.023674,-0.220132,-0.026552,0.126676,-0.240377,0.045639,0.031394,0.039432,-0.024741,
0.963648,-0.95106,-0.010815,-0.0,-1.570796,0.0,0.487748,-0.101319,-0.191357,0.0,0.0,0.0,-0.507544,0.11624,0.395155,0.449859,-0.121002,-0.049548,-0.454878,-0.079627,-0.361591,1.03493,-0.297001,0.023352,-0.221811,-0.026393,0.127726,-0.242779,0.047317,0.031242,0.040479,-0.02443,
0.964136,-0.951162,-0.011006,-0.0,-1.570796,0.0,0.487901,-0.101395,-0.191408,0.0,0.0,0.0,-0.506174,0.116107,0.394055,0.449235,-0.121272,-0.049775,-0.458728,-0.080539,-0.364775,1.037507,-0.294519,0.023029,-0.223489,-0.026234,0.128776,-0.245182,0.048995,0.03109,0.041527,-0.024119,
0.964624,-0.951263,-0.011198,-0.0,-1.570796,0.0,0.487901,-0.101319,-0.191408,0.0,0.0,0.0,-0.504804,0.115975,0.392954,0.44861,-0.121541,-0.050002,-0.462578,-0.081452,-0.36796,1.040083,-0.292036,0.022707,-0.225168,-0.026074,0.129826,-0.247585,0.050673,0.030938,0.042575,-0.023807,
0.965111,-0.951364,-0.011389,-0.0,-1.570796,0.0,0.487901,-0.101319,-0.191406,0.0,0.0,0.0,-0.503434,0.115842,0.391854,0.447985,-0.121811,-0.050229,-0.466428,-0.082364,-0.371145,1.04266,-0.289553,0.022385,-0.226847,-0.025915,0.130876,-0.249988,0.052351,0.030786,0.043623,-0.023496,
0.965599,-0.951465,-0.011581,-0.0,-1.570796,0.0,0.487901,-0.101319,-0.191408,0.0,0.0,0.0,-0.502064,0.115709,0.390754,0.44736,-0.122081,-0.050457,-0.470279,-0.083276,-0.37433,1.045236,-0.28707,0.022063,-0.228525,-0.025756,0.131925,-0.252391,0.05403,0.030634,0.04467,-0.023185,
0.966087,-0.951567,-0.011772,-0.0,-1.570796,0.0,0.487901,-0.101319,-0.191408,0.0,0.0,0.0,-0.500694,0.115577,0.389654,0.446735,-0.12235,-0.050684,-0.47413,-0.084189,-0.377515,1.047813,-0.284587,0.02174,-0.230204,-0.025596,0.132976,-0.254794,0.055708,0.030482,0.045718,-0.022873,
0.966575,-0.951668,-0.011963,-0.0,-1.570796,0.0,0.487824,-0.101319,-0.191359,0.0,0.0,0.0,-0.499324,0.115445,0.388554,0.44611,-0.12262,-0.050911,-0.47798,-0.085101,-0.380699,1.050389,-0.282105,0.021418,-0.231882,-0.025437,0.134025,-0.257196,0.057386,0.03033,0.046766,-0.022562,
0.967063,-0.951769,-0.012155,-0.0,-1.570796,0.0,0.487901,-0.101395,-0.191406,0.0,0.0,0.0,-0.497954,0.115312,0.387454,0.445485,-0.12289,-0.051138,-0.481832,-0.086013,-0.383884,1.052965,-0.279622,0.021096,-0.233561,-0.025278,0.135075,-0.2596,0.059064,0.030178,0.047813,-0.022251,
0.967551,-0.951871,-0.012346,-0.0,-1.570796,0.0,0.487901,-0.101319,-0.191408,0.0,0.0,0.0,-0.496584,0.115179,0.386353,0.44486,-0.123159,-0.051365,-0.485683,-0.086925,-0.38707,1.055542,-0.277139,0.020774,-0.23524,-0.025119,0.136125,-0.262003,0.060743,0.030026,0.048861,-0.02194,
0.968039,-0.951972,-0.012537,-0.0,-1.570796,0.0,0.487901,-0.101319,-0.191408,0.0,0.0,0.0,-0.495214,0.115047,0.385253,0.444235,-0.123429,-0.051592,-0.489535,-0.087838,-0.390255,1.058119,-0.274656,0.020451,-0.236919,-0.024959,0.137175,-0.264406,0.062421,0.029874,0.049909,-0.021628,
0.968527,-0.952073,-0.012729,-0.0,-1.570796,0.0,0.487901,-0.101319,-0.191406,0.0,0.0,0.0,-0.493843,0.114914,0.384153,0.44361,-0.123699,-0.051819,-0.493387,-0.08875,-0.393441,1.060696,-0.272173,0.020129,-0.238598,-0.0248,0.138225,-0.266809,0.064099,0.029722,0.050957,-0.021317,
0.969014,-0.952175,-0.01292,-0.0,-1.570796,0.0,0.487824,-0.101319,-0.191359,0.0,0.0,0.0,-0.492474,0.114782,0.383053,0.442986,-0.123968,-0.052046,-0.497238,-0.089662,-0.396625,1.063272,-0.26969,0.019807,-0.240276,-0.024641,0.139275,-0.269212,0.065777,0.029571,0.052004,-0.021006,
0.969502,-0.952276,-0.013112,-0.0,-1.570796,0.0,0.487977,-0.101395,-0.191456,0.0,0.0,0.0,-0.491103,0.114649,0.381952,0.442361,-0.124238,-0.052274,-0.50109,-0.090574,-0.399812,1.06585,-0.267207,0.019484,-0.241955,-0.024481,0.140325,-0.271616,0.067456,0.029418,0.053052,-0.020694,
0.96999,-0.952377,-0.013303,-0.0,-1.570796,0.0,0.487901,-0.101319,-0.191406,0.0,0.0,0.0,-0.489733,0.114517,0.380852,0.441736,-0.124508,-0.052501,-0.504942,-0.091487,-0.402997,1.068427,-0.264723,0.019162,-0.243634,-0.024322,0.141375,-0.274019,0.069134,0.029267,0.0541,-0.020383,
0.970478,-0.952479,-0.013494,-0.0,-1.570796,0.0,0.487824,-0.101319,-0.191359,0.0,0.0,0.0,-0.488363,0.114384,0.379752,0.441111,-0.124778,-0.052728,-0.508793,-0.092399,-0.406182,1.071003,-0.262241,0.01884,-0.245313,-0.024163,0.142425,-0.276422,0.070812,0.029115,0.055147,-0.020072,
0.970966,-0.95258,-0.013686,-0.0,-1.570796,0.0,0.487901,-0.101319,-0.191408,0.0,0.0,0.0,-0.486993,0.114252,0.378652,0.440486,-0.125047,-0.052955,-0.512645,-0.093311,-0.409368,1.07358,-0.259758,0.018518,-0.246991,-0.024003,0.143475,-0.278825,0.072491,0.028963,0.056195,-0.019761,
0.971454,-0.952681,-0.013877,-0.0,-1.570796,0.0,0.487901,-0.101319,-0.191406,0.0,0.0,0.0,-0.485623,0.114119,0.377552,0.439861,-0.125317,-0.053182,-0.516497,-0.094224,-0.412553,1.076156,-0.257275,0.018195,-0.24867,-0.023844,0.144525,-0.281229,0.074169,0.028811,0.057243,-0.019449,
0.971942,-0.952783,-0.014069,-0.0,-1.570796,0.0,0.487901,-0.101319,-0.191408,0.0,0.0,0.0,-0.484253,0.113987,0.376451,0.439236,-0.125587,-0.053409,-0.520349,-0.095136,-0.415739,1.078733,-0.254791,0.017873,-0.250349,-0.023685,0.145575,-0.283632,0.075848,0.028659,0.058291,-0.019138,
0.97243,-0.952884,-0.01426,-0.0,-1.570796,0.0,0.487901,-0.101395,-0.191408,0.0,0.0,0.0,-0.482883,0.113854,0.375351,0.438611,-0.125856,-0.053636,-0.524201,-0.096048,-0.418924,1.08131,-0.252308,0.017551,-0.252028,-0.023525,0.146625,-0.286035,0.077526,0.028507,0.059339,-0.018827,
0.972918,-0.952985,-0.014452,-0.0,-1.570796,0.0,0.487901,-0.101319,-0.191406,0.0,0.0,0.0,-0.481512,0.113722,0.374251,0.437986,-0.126126,-0.053863,-0.528052,-0.09696,-0.42211,1.083887,-0.249825,0.017229,-0.253707,-0.023366,0.147675,-0.288439,0.079204,0.028355,0.060386,-0.018515,
0.973406,-0.953087,-0.014643,-0.0,-1.570796,0.0,0.487824,-0.101319,-0.191359,0.0,0.0,0.0,-0.480143,0.113589,0.373151,0.437361,-0.126396,-0.05409,-0.531903,-0.097872,-0.425294,1.086463,-0.247343,0.016906,-0.255385,-0.023207,0.148725,-0.290841,0.080882,0.028203,0.061434,-0.018204,
0.973893,-0.953188,-0.014834,-0.0,-1.570796,0.0,0.487977,-0.101319,-0.191456,0.0,0.0,0.0,-0.478772,0.113457,0.372051,0.436736,-0.126665,-0.054318,-0.535755,-0.098785,-0.42848,1.08904,-0.244859,0.016584,-0.257064,-0.023048,0.149775,-0.293245,0.082561,0.028051,0.062482,-0.017893,
0.974381,-0.953289,-0.015026,-0.0,-1.570796,0.0,0.487824,-0.101319,-0.191359,0.0,0.0,0.0,-0.477402,0.113324,0.370951,0.436112,-0.126935,-0.054545,-0.539605,-0.099697,-0.431665,1.091616,-0.242377,0.016262,-0.258743,-0.022888,0.150825,-0.295647,0.084239,0.027899,0.063529,-0.017582,
0.974869,-0.953391,-0.015217,-0.0,-1.570796,0.0,0.487901,-0.101319,-0.191406,0.0,0.0,0.0,-0.476032,0.113192,0.36985,0.435487,-0.127205,-0.054772,-0.543456,-0.100609,-0.434849,1.094193,-0.239894,0.01594,-0.260421,-0.022729,0.151875,-0.29805,0.085917,0.027747,0.064577,-0.01727,
0.975357,-0.953492,-0.015408,-0.0,-1.570796,0.0,0.487901,-0.101395,-0.191408,0.0,0.0,0.0,-0.474662,0.113059,0.36875,0.434862,-0.127474,-0.054999,-0.547306,-0.101522,-0.438034,1.096769,-0.237412,0.015617,-0.2621,-0.02257,0.152925,-0.300453,0.087595,0.027595,0.065625,-0.016959,
0.975845,-0.953593,-0.0156,-0.0,-1.570796,0.0,0.487901,-0.101319,-0.191408,0.0,0.0,0.0,-0.473292,0.112927,0.36765,0.434237,-0.127744,-0.055226,-0.551156,-0.102434,-0.441219,1.099346,-0.234929,0.015295,-0.263779,-0.02241,0.153975,-0.302856,0.089274,0.027443,0.066673,-0.016648,
0.976333,-0.953695,-0.015791,-0.0,-1.570796,0.0,0.487901,-0.101319,-0.191406,0.0,0.0,0.0,-0.471922,0.112794,0.36655,0.433612,-0.128014,-0.055453,-0.555006,-0.103346,-0.444403,1.101922,-0.232446,0.014973,-0.265457,-0.022251,0.155025,-0.305259,0.090952,0.027291,0.06772,-0.016336,
0.976821,-0.953796,-0.015983,-0.0,-1.570796,0.0,0.487901,-0.101319,-0.191408,0.0,0.0,0.0,-0.470552,0.112662,0.36545,0.432987,-0.128283,-0.05568,-0.558855,-0.104259,-0.447587,1.104498,-0.229964,0.01465,-0.267136,-0.022092,0.156075,-0.307662,0.09263,0.027139,0.068768,-0.016025,
0.977309,-0.953897,-0.016174,-0.0,-1.570796,0.0,0.487824,-0.101319,-0.191359,0.0,0.0,0.0,-0.469183,0.112529,0.36435,0.432362,-0.128553,-0.055907,-0.562703,-0.105171,-0.45077,1.107074,-0.227482,0.014328,-0.268814,-0.021932,0.157124,-0.310064,0.094308,0.026987,0.069815,-0.015714,
0.977797,-0.953999,-0.016366,-0.0,-1.570796,0.0,0.487977,-0.101395,-0.191455,0.0,0.0,0.0,-0.467812,0.112397,0.363249,0.431737,-0.128823,-0.056135,-0.566553,-0.106083,-0.453955,1.10965,-0.224999,0.014006,-0.270493,-0.021773,0.158175,-0.312467,0.095986,0.026835,0.070863,-0.015403,
0.978265,-0.954102,-0.016555,-0.0,-1.570796,0.0,0.468675,-0.103226,-0.189145,0.0,0.0,0.0,-0.466413,0.112267,0.36213,0.431022,-0.129021,-0.056358,-0.570319,-0.107081,-0.457061,1.111958,-0.222421,0.013676,-0.27212,-0.021609,0.159191,-0.314883,0.097612,0.02667,0.071879,-0.015123,
0.978697,-0.954209,-0.016739,-0.0,-1.570796,0.0,0.431901,-0.106888,-0.184787,0.0,0.0,0.0,-0.46496,0.112142,0.360974,0.430135,-0.129083,-0.056574,-0.573929,-0.10824,-0.460019,1.113754,-0.219659,0.013332,-0.273647,-0.021437,0.160145,-0.317327,0.099138,0.026482,0.072834,-0.014906,
0.979129,-0.954316,-0.016924,-0.0,-1.570796,0.0,0.431977,-0.106888,-0.184833,0.0,0.0,0.0,-0.463506,0.112018,0.359818,0.429248,-0.129146,-0.05679,-0.57754,-0.109399,-0.462978,1.115552,-0.216897,0.012988,-0.275174,-0.021265,0.161099,-0.319771,0.100664,0.026293,0.073789,-0.014688,
0.979561,-0.954423,-0.017109,-0.0,-1.570796,0.0,0.431977,-0.106888,-0.184832,0.0,0.0,0.0,-0.462052,0.111893,0.358663,0.428361,-0.129208,-0.057006,-0.581151,-0.110559,-0.465937,1.117349,-0.214134,0.012643,-0.276701,-0.021093,0.162053,-0.322215,0.10219,0.026104,0.074744,-0.01447,
0.979993,-0.95453,-0.017294,-0.0,-1.570796,0.0,0.431977,-0.106888,-0.184833,0.0,0.0,0.0,-0.460598,0.111769,0.357507,0.427474,-0.129271,-0.057223,-0.584763,-0.111718,-0.468897,1.119146,-0.211371,0.012299,-0.278229,-0.020921,0.163007,-0.324659,0.103717,0.025916,0.075698,-0.014252,
0.980425,-0.954637,-0.017479,-0.0,-1.570796,0.0,0.431977,-0.106964,-0.184833,0.0,0.0,0.0,-0.459144,0.111644,0.356351,0.426587,-0.129333,-0.057439,-0.588375,-0.112878,-0.471856,1.120943,-0.208608,0.011955,-0.279756,-0.020749,0.163961,-0.327104,0.105243,0.025727,0.076653,-0.014034,
0.980857,-0.954743,-0.017664,-0.0,-1.570796,0.0,0.431977,-0.106888,-0.184833,0.0,0.0,0.0,-0.45769,0.111519,0.355195,0.4257,-0.129395,-0.057655,-0.591988,-0.114037,-0.474816,1.12274,-0.205845,0.011611,-0.281284,-0.020577,0.164915,-0.329548,0.106769,0.025538,0.077608,-0.013816,
0.981289,-0.95485,-0.017848,-0.0,-1.570796,0.0,0.431901,-0.106812,-0.184785,0.0,0.0,0.0,-0.456237,0.111395,0.354039,0.424813,-0.129458,-0.057871,-0.595599,-0.115196,-0.477775,1.124537,-0.203083,0.011267,-0.282811,-0.020405,0.165869,-0.331992,0.108295,0.02535,0.078563,-0.013598,
0.981721,-0.954957,-0.018033,-0.0,-1.570796,0.0,0.432053,-0.106964,-0.184881,0.0,0.0,0.0,-0.454782,0.11127,0.352883,0.423926,-0.12952,-0.058087,-0.599213,-0.116356,-0.480736,1.126335,-0.200319,0.010922,-0.284339,-0.020232,0.166823,-0.334437,0.109822,0.025161,0.079518,-0.01338,
0.982153,-0.955064,-0.018218,-0.0,-1.570796,0.0,0.431901,-0.106888,-0.184785,0.0,0.0,0.0,-0.453329,0.111146,0.351728,0.423039,-0.129583,-0.058303,-0.602825,-0.117516,-0.483695,1.128132,-0.197556,0.010578,-0.285866,-0.02006,0.167777,-0.336881,0.111348,0.024973,0.080473,-0.013162,
0.982585,-0.955171,-0.018403,-0.0,-1.570796,0.0,0.431977,-0.106888,-0.184833,0.0,0.0,0.0,-0.451875,0.111021,0.350572,0.422152,-0.129645,-0.058519,-0.606438,-0.118675,-0.486655,1.129929,-0.194793,0.010234,-0.287393,-0.019888,0.16873,-0.339326,0.112874,0.024784,0.081428,-0.012945,
0.983017,-0.955278,-0.018588,-0.0,-1.570796,0.0,0.431977,-0.106888,-0.184833,0.0,0.0,0.0,-0.450421,0.110896,0.349416,0.421265,-0.129707,-0.058736,-0.610052,-0.119835,-0.489615,1.131726,-0.19203,0.00989,-0.288921,-0.019716,0.169684,-0.34177,0.114401,0.024595,0.082382,-0.012727,
0.983449,-0.955385,-0.018773,-0.0,-1.570796,0.0,0.431977,-0.106888,-0.184833,0.0,0.0,0.0,-0.448967,0.110772,0.34826,0.420378,-0.12977,-0.058952,-0.613665,-0.120994,-0.492576,1.133524,-0.189266,0.009545,-0.290448,-0.019544,0.170638,-0.344215,0.115927,0.024407,0.083337,-0.012509,
0.983881,-0.955492,-0.018957,-0.0,-1.570796,0.0,0.431977,-0.106888,-0.184833,0.0,0.0,0.0,-0.447513,0.110647,0.347104,0.41949,-0.129832,-0.059168,-0.617279,-0.122154,-0.495536,1.135321,-0.186503,0.009201,-0.291976,-0.019372,0.171592,-0.34666,0.117453,0.024218,0.084292,-0.012291,
0.984313,-0.955599,-0.019142,-0.0,-1.570796,0.0,0.431977,-0.106964,-0.184833,0.0,0.0,0.0,-0.446059,0.110523,0.345948,0.418603,-0.129894,-0.059384,-0.620892,-0.123313,-0.498496,1.137119,-0.183739,0.008857,-0.293503,-0.0192,0.172546,-0.349105,0.11898,0.02403,0.085247,-0.012073,
0.984745,-0.955705,-0.019327,-0.0,-1.570796,0.0,0.431824,-0.106812,-0.184785,0.0,0.0,0.0,-0.444605,0.110398,0.344792,0.417716,-0.129957,-0.0596,-0.624505,-0.124473,-0.501456,1.138915,-0.180976,0.008513,-0.29503,-0.019028,0.1735,-0.351549,0.120506,0.023841,0.086202,-0.011855,
0.985177,-0.955812,-0.019512,-0.0,-1.570796,0.0,0.431977,-0.106964,-0.184833,0.0,0.0,0.0,-0.443151,0.110273,0.343636,0.416829,-0.130019,-0.059816,-0.628119,-0.125632,-0.504417,1.140713,-0.178212,0.008168,-0.296558,-0.018855,0.174454,-0.353994,0.122032,0.023652,0.087157,-0.011637,
0.985609,-0.955919,-0.019697,-0.0,-1.570796,0.0,0.431977,-0.106888,-0.184833,0.0,0.0,0.0,-0.441697,0.110149,0.34248,0.415942,-0.130082,-0.060032,-0.631733,-0.126792,-0.507377,1.14251,-0.175449,0.007824,-0.298086,-0.018683,0.175408,-0.356439,0.123559,0.023464,0.088112,-0.011419,
0.986041,-0.956026,-0.019882,-0.0,-1.570796,0.0,0.432053,-0.106888,-0.184833,0.0,0.0,0.0,-0.440243,0.110024,0.341324,0.415055,-0.130144,-0.060249,-0.635346,-0.127951,-0.510337,1.144308,-0.172685,0.00748,-0.299613,-0.018511,0.176362,-0.358884,0.125085,0.023275,0.089067,-0.011201,
0.986473,-0.956133,-0.020066,-0.0,-1.570796,0.0,0.431977,-0.106888,-0.184832,0.0,0.0,0.0,-0.438789,0.1099,0.340168,0.414168,-0.130206,-0.060465,-0.63896,-0.129111,-0.513298,1.146105,-0.169922,0.007136,-0.301141,-0.018339,0.177316,-0.361328,0.126611,0.023087,0.090022,-0.010984,
0.986905,-0.95624,-0.020251,-0.0,-1.570796,0.0,0.431977,-0.106888,-0.184834,0.0,0.0,0.0,-0.437335,0.109775,0.339013,0.413281,-0.130269,-0.060681,-0.642574,-0.13027,-0.516258,1.147903,-0.167158,0.006792,-0.302668,-0.018167,0.17827,-0.363773,0.128138,0.022898,0.090976,-0.010766,
0.987337,-0.956347,-0.020436,-0.0,-1.570796,0.0,0.431977,-0.106888,-0.184832,0.0,0.0,0.0,-0.435881,0.10965,0.337857,0.412394,-0.130331,-0.060897,-0.646187,-0.13143,-0.519219,1.1497,-0.164394,0.006447,-0.304196,-0.017995,0.179224,-0.366218,0.129664,0.022709,0.091931,-0.010548,
0.987769,-0.956454,-0.020621,-0.0,-1.570796,0.0,0.431977,-0.106888,-0.184834,0.0,0.0,0.0,-0.434427,0.109526,0.336701,0.411507,-0.130394,-0.061113,-0.649801,-0.13259,-0.522179,1.151497,-0.161631,0.006103,-0.305723,-0.017823,0.180178,-0.368663,0.131191,0.022521,0.092886,-0.01033,
0.9882,-0.956561,-0.020806,-0.0,-1.570796,0.0,0.431824,-0.106888,-0.184784,0.0,0.0,0.0,-0.432973,0.109401,0.335545,0.41062,-0.130456,-0.061329,-0.653413,-0.133749,-0.525138,1.153294,-0.158868,0.005759,-0.30725,-0.017651,0.181132,-0.371107,0.132717,0.022332,0.093841,-0.010112,
0.988632,-0.956667,-0.02099,-0.0,-1.570796,0.0,0.431977,-0.106888,-0.184834,0.0,0.0,0.0,-0.431519,0.109277,0.334389,0.409733,-0.130518,-0.061546,-0.657026,-0.134908,-0.528098,1.155091,-0.156105,0.005415,-0.308778,-0.017479,0.182086,-0.373552,0.134243,0.022144,0.094796,-0.009894,
0.989064,-0.956774,-0.021175,-0.0,-1.570796,0.0,0.43213,-0.106964,-0.18488,0.0,0.0,0.0,-0.430065,0.109152,0.333233,0.408845,-0.130581,-0.061762,-0.66064,-0.136068,-0.531059,1.156889,-0.153341,0.00507,-0.310306,-0.017306,0.18304,-0.375997,0.13577,0.021955,0.095751,-0.009676,
0.989496,-0.956881,-0.02136,-0.0,-1.570796,0.0,0.431824,-0.106888,-0.184787,0.0,0.0,0.0,-0.428611,0.109027,0.332077,0.407959,-0.130643,-0.061978,-0.664252,-0.137227,-0.534018,1.158686,-0.150578,0.004726,-0.311833,-0.017134,0.183994,-0.378441,0.137296,0.021766,0.096706,-0.009458,
0.989928,-0.956988,-0.021545,-0.0,-1.570796,0.0,0.431977,-0.106888,-0.184832,0.0,0.0,0.0,-0.427157,0.108903,0.330921,0.407072,-0.130705,-0.062194,-0.667864,-0.138387,-0.536978,1.160483,-0.147815,0.004382,-0.31336,-0.016962,0.184948,-0.380885,0.138822,0.021578,0.09766,-0.00924,
0.99036,-0.957095,-0.02173,-0.0,-1.570796,0.0,0.431977,-0.106888,-0.184832,0.0,0.0,0.0,-0.425703,0.108778,0.329766,0.406184,-0.130768,-0.06241,-0.671477,-0.139546,-0.539938,1.16228,-0.145052,0.004038,-0.314888,-0.01679,0.185901,-0.38333,0.140348,0.021389,0.098615,-0.009022,
0.990792,-0.957202,-0.021915,-0.0,-1.570796,0.0,0.431901,-0.106888,-0.184787,0.0,0.0,0.0,-0.424249,0.108654,0.32861,0.405298,-0.13083,-0.062626,-0.675088,-0.140706,-0.542897,1.164077,-0.14229,0.003694,-0.316415,-0.016618,0.186855,-0.385773,0.141874,0.021201,0.09957,-0.008805,
0.991224,-0.957309,-0.022099,-0.0,-1.570796,0.0,0.432053,-0.106888,-0.18488,0.0,0.0,0.0,-0.422795,0.108529,0.327454,0.40441,-0.130893,-0.062842,-0.6787,-0.141865,-0.545857,1.165875,-0.139527,0.003349,-0.317942,-0.016446,0.187809,-0.388218,0.143401,0.021012,0.100525,-0.008587,
0.991656,-0.957416,-0.022284,-0.0,-1.570796,0.0,0.431977,-0.106888,-0.184834,0.0,0.0,0.0,-0.421341,0.108404,0.326298,0.403523,-0.130955,-0.063059,-0.682312,-0.143025,-0.548816,1.167672,-0.136764,0.003005,-0.31947,-0.016274,0.188763,-0.390662,0.144927,0.020823,0.10148,-0.008369,
0.992088,-0.957523,-0.022469,-0.0,-1.570796,0.0,0.431901,-0.106888,-0.184784,0.0,0.0,0.0,-0.419888,0.10828,0.325142,0.402636,-0.131017,-0.063275,-0.685922,-0.144184,-0.551774,1.169468,-0.134003,0.002661,-0.320997,-0.016102,0.189717,-0.393106,0.146453,0.020635,0.102435,-0.008151,
0.99252,-0.95763,-0.022654,-0.0,-1.570796,0.0,0.431596,-0.106888,-0.184741,0.0,0.0,0.0,-0.418433,0.108155,0.323986,0.401748,-0.131078,-0.063491,-0.689528,-0.145344,-0.554728,1.171256,-0.13124,0.002317,-0.322522,-0.015929,0.19067,-0.395548,0.147977,0.020446,0.103388,-0.007934,
0.992904,-0.957735,-0.022827,-0.0,-1.570796,0.0,0.384751,-0.105133,-0.173416,0.0,0.0,0.0,-0.41692,0.108047,0.322795,0.400658,-0.130972,-0.06369,-0.692594,-0.146599,-0.55717,1.171943,-0.128426,0.002,-0.323821,-0.015765,0.191481,-0.397839,0.149276,0.020245,0.104199,-0.007802,
0.993289,-0.95784,-0.023001,-0.0,-1.570796,0.0,0.384751,-0.105057,-0.173414,0.0,0.0,0.0,-0.415407,0.107938,0.321604,0.399569,-0.130866,-0.06389,-0.69566,-0.147854,-0.559612,1.172628,-0.125611,0.001683,-0.32512,-0.0156,0.192293,-0.40013,0.150575,0.020043,0.10501,-0.00767,
0.993674,-0.957945,-0.023174,-0.0,-1.570796,0.0,0.384675,-0.105057,-0.173416,0.0,0.0,0.0,-0.413894,0.10783,0.320413,0.39848,-0.130759,-0.06409,-0.698727,-0.149108,-0.562053,1.173314,-0.122796,0.001367,-0.326419,-0.015435,0.193105,-0.402421,0.151875,0.019842,0.10582,-0.007538,
0.994059,-0.95805,-0.023347,-0.0,-1.570796,0.0,0.384751,-0.105057,-0.173416,0.0,0.0,0.0,-0.412381,0.107721,0.319222,0.397391,-0.130653,-0.06429,-0.701793,-0.150363,-0.564495,1.174,-0.119982,0.00105,-0.327718,-0.01527,0.193917,-0.404712,0.153174,0.01964,0.106631,-0.007406,
0.994443,-0.958155,-0.023521,-0.0,-1.570796,0.0,0.384751,-0.105133,-0.173414,0.0,0.0,0.0,-0.410868,0.107612,0.318031,0.396301,-0.130546,-0.064489,-0.70486,-0.151618,-0.566937,1.174686,-0.117167,0.000733,-0.329017,-0.015106,0.194728,-0.407003,0.154473,0.019439,0.107442,-0.007275,
0.994828,-0.95826,-0.023694,-0.0,-1.570796,0.0,0.384675,-0.105057,-0.173416,0.0,0.0,0.0,-0.409355,0.107504,0.31684,0.395212,-0.13044,-0.064689,-0.707927,-0.152873,-0.569379,1.175372,-0.114352,0.000416,-0.330317,-0.014941,0.19554,-0.409294,0.155772,0.019238,0.108252,-0.007143,
0.995213,-0.958365,-0.023868,-0.0,-1.570796,0.0,0.384675,-0.105057,-0.173371,0.0,0.0,0.0,-0.407842,0.107395,0.315649,0.394123,-0.130333,-0.064889,-0.710994,-0.154127,-0.571821,1.176058,-0.111537,0.0001,-0.331615,-0.014776,0.196351,-0.411585,0.157071,0.019036,0.109063,-0.007011,
0.995597,-0.95847,-0.024041,-0.0,-1.570796,0.0,0.384751,-0.105057,-0.173416,0.0,0.0,0.0,-0.406329,0.107287,0.314458,0.393034,-0.130227,-0.065088,-0.714061,-0.155382,-0.574263,1.176744,-0.108722,-0.000217,-0.332914,-0.014611,0.197163,-0.413876,0.15837,0.018835,0.109874,-0.006879,
0.995982,-0.958575,-0.024215,-0.0,-1.570796,0.0,0.384675,-0.105133,-0.173416,0.0,0.0,0.0,-0.404816,0.107178,0.313267,0.391944,-0.130121,-0.065288,-0.717128,-0.156637,-0.576705,1.17743,-0.105907,-0.000534,-0.334214,-0.014446,0.197975,-0.416168,0.15967,0.018633,0.110684,-0.006747,
0.996367,-0.95868,-0.024388,-0.0,-1.570796,0.0,0.384751,-0.105057,-0.173414,0.0,0.0,0.0,-0.403303,0.107069,0.312076,0.390855,-0.130014,-0.065488,-0.720196,-0.157891,-0.579148,1.178116,-0.103091,-0.000851,-0.335513,-0.014282,0.198787,-0.418459,0.160969,0.018432,0.111495,-0.006615,
0.996752,-0.958785,-0.024561,-0.0,-1.570796,0.0,0.384751,-0.105057,-0.173416,0.0,0.0,0.0,-0.401789,0.106961,0.310884,0.389766,-0.129908,-0.065687,-0.723264,-0.159146,-0.58159,1.178802,-0.100276,-0.001168,-0.336812,-0.014117,0.199598,-0.420751,0.162268,0.018231,0.112306,-0.006484,
0.997136,-0.95889,-0.024735,-0.0,-1.570796,0.0,0.384751,-0.105133,-0.173416,0.0,0.0,0.0,-0.400276,0.106852,0.309693,0.388676,-0.129801,-0.065887,-0.726332,-0.160401,-0.584032,1.179487,-0.09746,-0.001484,-0.338111,-0.013952,0.20041,-0.423042,0.163567,0.018029,0.113117,-0.006352,
0.997521,-0.958996,-0.024908,-0.0,-1.570796,0.0,0.384598,-0.104981,-0.173371,0.0,0.0,0.0,-0.398763,0.106743,0.308502,0.387587,-0.129695,-0.066087,-0.729399,-0.161655,-0.586474,1.180173,-0.094645,-0.001801,-0.33941,-0.013787,0.201222,-0.425333,0.164866,0.017828,0.113927,-0.00622,
0.997906,-0.959101,-0.025082,-0.0,-1.570796,0.0,0.384827,-0.105133,-0.173459,0.0,0.0,0.0,-0.39725,0.106635,0.307311,0.386498,-0.129589,-0.066286,-0.732467,-0.16291,-0.588917,1.180859,-0.091829,-0.002118,-0.340709,-0.013622,0.202034,-0.427625,0.166166,0.017626,0.114738,-0.006088,
0.99829,-0.959206,-0.025255,-0.0,-1.570796,0.0,0.384598,-0.105057,-0.173371,0.0,0.0,0.0,-0.395737,0.106526,0.30612,0.385409,-0.129482,-0.066486,-0.735534,-0.164165,-0.591359,1.181545,-0.089014,-0.002435,-0.342008,-0.013458,0.202845,-0.429917,0.167465,0.017425,0.115548,-0.005956,
0.998675,-0.959311,-0.025428,-0.0,-1.570796,0.0,0.384751,-0.105057,-0.173416,0.0,0.0,0.0,-0.394224,0.106418,0.304929,0.384319,-0.129376,-0.066686,-0.738602,-0.16542,-0.593802,1.182231,-0.086198,-0.002751,-0.343307,-0.013293,0.203657,-0.432208,0.168764,0.017223,0.116359,-0.005824,
0.99906,-0.959416,-0.025602,-0.0,-1.570796,0.0,0.384751,-0.105133,-0.173416,0.0,0.0,0.0,-0.39271,0.106309,0.303738,0.38323,-0.129269,-0.066885,-0.74167,-0.166674,-0.596244,1.182917,-0.083382,-0.003068,-0.344606,-0.013128,0.204469,-0.4345,0.170064,0.017022,0.11717,-0.005693,
0.999445,-0.959521,-0.025775,-0.0,-1.570796,0.0,0.384751,-0.105057,-0.173416,0.0,0.0,0.0,-0.391197,0.1062,0.302547,0.382141,-0.129163,-0.067085,-0.744738,-0.167929,-0.598687,1.183603,-0.080566,-0.003385,-0.345906,-0.012963,0.20528,-0.436791,0.171363,0.016821,0.117981,-0.005561,
0.999829,-0.959626,-0.025949,-0.0,-1.570796,0.0,0.384675,-0.105057,-0.173414,0.0,0.0,0.0,-0.389684,0.106092,0.301355,0.381051,-0.129056,-0.067285,-0.747806,-0.169184,-0.601129,1.184289,-0.077751,-0.003702,-0.347205,-0.012798,0.206092,-0.439083,0.172662,0.016619,0.118791,-0.005429,
1.000214,-0.959731,-0.026122,-0.0,-1.570796,0.0,0.384751,-0.105133,-0.173416,0.0,0.0,0.0,-0.388171,0.105983,0.300164,0.379962,-0.12895,-0.067485,-0.750874,-0.170439,-0.603572,1.184975,-0.074935,-0.004018,-0.348504,-0.012634,0.206904,-0.441375,0.173961,0.016418,0.119602,-0.005297,
1.000599,-0.959836,-0.026295,-0.0,-1.570796,0.0,0.384675,-0.105057,-0.173371,0.0,0.0,0.0,-0.386658,0.105874,0.298973,0.378873,-0.128844,-0.067684,-0.753941,-0.171693,-0.606013,1.18566,-0.07212,-0.004335,-0.349803,-0.012469,0.207715,-0.443665,0.17526,0.016216,0.120413,-0.005165,
1.000983,-0.959941,-0.026469,-0.0,-1.570796,0.0,0.384675,-0.105057,-0.173416,0.0,0.0,0.0,-0.385145,0.105766,0.297782,0.377783,-0.128737,-0.067884,-0.757009,-0.172948,-0.608456,1.186346,-0.069304,-0.004652,-0.351102,-0.012304,0.208527,-0.445957,0.17656,0.016015,0.121223,-0.005033,
1.001368,-0.960046,-0.026642,-0.0,-1.570796,0.0,0.384827,-0.105057,-0.173459,0.0,0.0,0.0,-0.383631,0.105657,0.296591,0.376694,-0.128631,-0.068084,-0.760077,-0.174203,-0.610899,1.187033,-0.066488,-0.004969,-0.352401,-0.012139,0.209339,-0.448249,0.177859,0.015814,0.122034,-0.004902,
1.001753,-0.960151,-0.026816,-0.0,-1.570796,0.0,0.384675,-0.105057,-0.173371,0.0,0.0,0.0,-0.382118,0.105549,0.2954,0.375605,-0.128524,-0.068283,-0.763144,-0.175458,-0.613341,1.187718,-0.063673,-0.005285,-0.3537,-0.011974,0.21015,-0.45054,0.179158,0.015612,0.122845,-0.00477,
1.002138,-0.960256,-0.026989,-0.0,-1.570796,0.0,0.384751,-0.105133,-0.173416,0.0,0.0,0.0,-0.380605,0.10544,0.294209,0.374515,-0.128418,-0.068483,-0.766211,-0.176712,-0.615783,1.188404,-0.060858,-0.005602,-0.354999,-0.01181,0.210962,-0.452831,0.180457,0.015411,0.123655,-0.004638,
1.002522,-0.960362,-0.027162,-0.0,-1.570796,0.0,0.384675,-0.105057,-0.173416,0.0,0.0,0.0,-0.379092,0.105331,0.293018,0.373426,-0.128311,-0.068683,-0.769279,-0.177967,-0.618225,1.18909,-0.058043,-0.005919,-0.356298,-0.011645,0.211774,-0.455123,0.181757,0.015209,0.124466,-0.004506,
1.002907,-0.960467,-0.027336,-0.0,-1.570796,0.0,0.384751,-0.105057,-0.173414,0.0,0.0,0.0,-0.377579,0.105223,0.291827,0.372337,-0.128205,-0.068882,-0.772346,-0.179222,-0.620667,1.189776,-0.055227,-0.006236,-0.357597,-0.01148,0.212586,-0.457414,0.183056,0.015008,0.125277,-0.004374,
1.003292,-0.960572,-0.027509,-0.0,-1.570796,0.0,0.384751,-0.105133,-0.173416,0.0,0.0,0.0,-0.376065,0.105114,0.290635,0.371248,-0.128099,-0.069082,-0.775413,-0.180477,-0.623109,1.190462,-0.052412,-0.006552,-0.358897,-0.011315,0.213397,-0.459705,0.184355,0.014806,0.126088,-0.004242,
1.003677,-0.960677,-0.027683,-0.0,-1.570796,0.0,0.384751,-0.105057,-0.173416,0.0,0.0,0.0,-0.374552,0.105006,0.289444,0.370158,-0.127992,-0.069282,-0.77848,-0.181731,-0.625551,1.191148,-0.049597,-0.006869,-0.360196,-0.011151,0.214209,-0.461997,0.185654,0.014605,0.126898,-0.004111,
1.004061,-0.960782,-0.027856,-0.0,-1.570796,0.0,0.384598,-0.105057,-0.173371,0.0,0.0,0.0,-0.37304,0.104897,0.288254,0.369069,-0.127886,-0.069481,-0.781546,-0.182986,-0.627992,1.191834,-0.046783,-0.007186,-0.361494,-0.010986,0.215021,-0.464287,0.186953,0.014404,0.127709,-0.003979,
1.004446,-0.960887,-0.02803,-0.0,-1.570796,0.0,0.384827,-0.105133,-0.173459,0.0,0.0,0.0,-0.371526,0.104788,0.287062,0.36798,-0.127779,-0.069681,-0.784613,-0.184241,-0.630435,1.19252,-0.043968,-0.007503,-0.362794,-0.010821,0.215832,-0.466579,0.188253,0.014202,0.12852,-0.003847,
1.004831,-0.960992,-0.028203,-0.0,-1.570796,0.0,0.384598,-0.105057,-0.173371,0.0,0.0,0.0,-0.370014,0.10468,0.285871,0.366891,-0.127673,-0.069881,-0.787679,-0.185495,-0.632876,1.193206,-0.041154,-0.007819,-0.364092,-0.010656,0.216644,-0.468869,0.189552,0.014001,0.12933,-0.003715,
1.005215,-0.961097,-0.028376,-0.0,-1.570796,0.0,0.384751,-0.105057,-0.173416,0.0,0.0,0.0,-0.3685,0.104571,0.28468,0.365801,-0.127567,-0.070081,-0.790745,-0.18675,-0.635318,1.193892,-0.03834,-0.008136,-0.365391,-0.010491,0.217456,-0.47116,0.190851,0.013799,0.130141,-0.003583,
1.005609,-0.961196,-0.028537,-0.0,-1.570796,0.0,0.393906,-0.098725,-0.16114,0.0,0.0,0.0,-0.366949,0.104471,0.283471,0.364677,-0.127449,-0.070265,-0.793286,-0.187867,-0.637292,1.193714,-0.035829,-0.0084,-0.366512,-0.010339,0.218155,-0.473227,0.191971,0.013608,0.130841,-0.003492,
1.006008,-0.961291,-0.028693,-0.0,-1.570796,0.0,0.398255,-0.095673,-0.155158,0.0,0.0,0.0,-0.365378,0.104374,0.282251,0.363536,-0.127326,-0.070443,-0.79557,-0.188917,-0.639039,1.193116,-0.033465,-0.008638,-0.367545,-0.010192,0.2188,-0.475186,0.193004,0.013421,0.131487,-0.003421,
1.006406,-0.961387,-0.028848,-0.0,-1.570796,0.0,0.398331,-0.095596,-0.155158,0.0,0.0,0.0,-0.363807,0.104277,0.281032,0.362394,-0.127203,-0.070621,-0.797854,-0.189967,-0.640787,1.192518,-0.031101,-0.008876,-0.368578,-0.010046,0.219445,-0.477145,0.194036,0.013234,0.132133,-0.003349,
1.006804,-0.961483,-0.029003,-0.0,-1.570796,0.0,0.398331,-0.095673,-0.155158,0.0,0.0,0.0,-0.362237,0.104181,0.279813,0.361253,-0.12708,-0.070799,-0.800139,-0.191016,-0.642534,1.19192,-0.028738,-0.009114,-0.369612,-0.009899,0.220091,-0.479104,0.195069,0.013048,0.132779,-0.003278,
1.007202,-0.961578,-0.029158,-0.0,-1.570796,0.0,0.398179,-0.095673,-0.155118,0.0,0.0,0.0,-0.360666,0.104084,0.278595,0.360112,-0.126957,-0.070976,-0.802423,-0.192066,-0.644281,1.191322,-0.026375,-0.009352,-0.370645,-0.009753,0.220735,-0.481062,0.196102,0.012861,0.133425,-0.003207,
1.007601,-0.961674,-0.029313,-0.0,-1.570796,0.0,0.398331,-0.095596,-0.155158,0.0,0.0,0.0,-0.359096,0.103987,0.277376,0.358971,-0.126834,-0.071154,-0.804708,-0.193116,-0.646028,1.190724,-0.024011,-0.00959,-0.371678,-0.009606,0.22138,-0.483021,0.197135,0.012674,0.134071,-0.003135,
1.007999,-0.96177,-0.029468,-0.0,-1.570796,0.0,0.398408,-0.095673,-0.155199,0.0,0.0,0.0,-0.357525,0.103891,0.276156,0.357829,-0.126712,-0.071332,-0.806993,-0.194166,-0.647776,1.190126,-0.021646,-0.009828,-0.372711,-0.00946,0.222026,-0.484981,0.198168,0.012487,0.134718,-0.003064,
1.008397,-0.961865,-0.029624,-0.0,-1.570796,0.0,0.398179,-0.095673,-0.15512,0.0,0.0,0.0,-0.355954,0.103794,0.274937,0.356688,-0.126589,-0.071509,-0.809277,-0.195216,-0.649523,1.189528,-0.019283,-0.010066,-0.373744,-0.009314,0.222671,-0.486939,0.1992,0.012301,0.135364,-0.002992,
1.008796,-0.961961,-0.029779,-0.0,-1.570796,0.0,0.398331,-0.095596,-0.155158,0.0,0.0,0.0,-0.354383,0.103698,0.273718,0.355547,-0.126466,-0.071687,-0.811562,-0.196266,-0.651271,1.18893,-0.016919,-0.010304,-0.374778,-0.009167,0.223316,-0.488898,0.200233,0.012114,0.13601,-0.002921,
1.009194,-0.962057,-0.029934,-0.0,-1.570796,0.0,0.398255,-0.095673,-0.155158,0.0,0.0,0.0,-0.352813,0.103601,0.272499,0.354405,-0.126343,-0.071865,-0.813847,-0.197316,-0.653018,1.188332,-0.014554,-0.010542,-0.375811,-0.009021,0.223961,-0.490858,0.201266,0.011927,0.136656,-0.002849,
1.009592,-0.962152,-0.030089,-0.0,-1.570796,0.0,0.398331,-0.095673,-0.155158,0.0,0.0,0.0,-0.351242,0.103504,0.27128,0.353264,-0.12622,-0.072043,-0.816132,-0.198366,-0.654765,1.187734,-0.01219,-0.01078,-0.376844,-0.008874,0.224606,-0.492817,0.202299,0.01174,0.137302,-0.002778,
1.009991,-0.962248,-0.030244,-0.0,-1.570796,0.0,0.398331,-0.095673,-0.155158,0.0,0.0,0.0,-0.349671,0.103408,0.270061,0.352123,-0.126097,-0.07222,-0.818417,-0.199416,-0.656513,1.187136,-0.009826,-0.011018,-0.377878,-0.008728,0.225251,-0.494776,0.203332,0.011553,0.137948,-0.002707,
1.010389,-0.962344,-0.030399,-0.0,-1.570796,0.0,0.398179,-0.095596,-0.15512,0.0,0.0,0.0,-0.3481,0.103311,0.268842,0.350982,-0.125974,-0.072398,-0.820701,-0.200465,-0.65826,1.186538,-0.007462,-0.011256,-0.378911,-0.008581,0.225896,-0.496735,0.204364,0.011367,0.138594,-0.002635,
1.010787,-0.962439,-0.030554,-0.0,-1.570796,0.0,0.398331,-0.095673,-0.155158,0.0,0.0,0.0,-0.34653,0.103214,0.267623,0.34984,-0.125851,-0.072576,-0.822986,-0.201515,-0.660008,1.185941,-0.005098,-0.011494,-0.379944,-0.008435,0.226541,-0.498694,0.205397,0.01118,0.13924,-0.002564,
1.011185,-0.962535,-0.03071,-0.0,-1.570796,0.0,0.398331,-0.095596,-0.155158,0.0,0.0,0.0,-0.344959,0.103118,0.266404,0.348699,-0.125728,-0.072754,-0.825272,-0.202565,-0.661755,1.185342,-0.002734,-0.011733,-0.380977,-0.008288,0.227186,-0.500653,0.20643,0.010993,0.139886,-0.002492,
1.011584,-0.962631,-0.030865,-0.0,-1.570796,0.0,0.398255,-0.095673,-0.155158,0.0,0.0,0.0,-0.343388,0.103021,0.265185,0.347557,-0.125605,-0.072931,-0.827557,-0.203615,-0.663503,1.184744,-0.000369,-0.011971,-0.382011,-0.008142,0.227831,-0.502612,0.207463,0.010806,0.140533,-0.002421,
1.011982,-0.962726,-0.03102,-0.0,-1.570796,0.0,0.398331,-0.095673,-0.155158,0.0,0.0,0.0,-0.341817,0.102925,0.263965,0.346416,-0.125482,-0.073109,-0.829842,-0.204665,-0.66525,1.184146,0.001995,-0.012209,-0.383044,-0.007995,0.228476,-0.504571,0.208496,0.01062,0.141179,-0.00235,
1.01238,-0.962822,-0.031175,-0.0,-1.570796,0.0,0.398331,-0.095596,-0.155158,0.0,0.0,0.0,-0.340246,0.102828,0.262746,0.345275,-0.125359,-0.073287,-0.832127,-0.205715,-0.666998,1.183548,0.004359,-0.012447,-0.384077,-0.007849,0.229121,-0.506531,0.209528,0.010433,0.141825,-0.002278,
1.012778,-0.962917,-0.03133,-0.0,-1.570796,0.0,0.398179,-0.095673,-0.15512,0.0,0.0,0.0,-0.338676,0.102731,0.261527,0.344134,-0.125237,-0.073464,-0.834411,-0.206765,-0.668745,1.182951,0.006723,-0.012685,-0.38511,-0.007702,0.229766,-0.508489,0.210561,0.010246,0.142471,-0.002207,
1.013177,-0.963013,-0.031485,-0.0,-1.570796,0.0,0.398408,-0.095673,-0.155196,0.0,0.0,0.0,-0.337104,0.102635,0.260308,0.342992,-0.125114,-0.073642,-0.836697,-0.207815,-0.670493,1.182352,0.009088,-0.012923,-0.386144,-0.007556,0.230411,-0.510449,0.211594,0.010059,0.143117,-0.002135,
1.013575,-0.963109,-0.031641,-0.0,-1.570796,0.0,0.398331,-0.095673,-0.155158,0.0,0.0,0.0,-0.335534,0.102538,0.259089,0.34185,-0.124991,-0.07382,-0.838982,-0.208865,-0.672241,1.181754,0.011452,-0.013161,-0.387177,-0.007409,0.231056,-0.512408,0.212627,0.009873,0.143763,-0.002064,
1.013973,-0.963204,-0.031796,-0.0,-1.570796,0.0,0.398179,-0.095596,-0.15512,0.0,0.0,0.0,-0.333963,0.102441,0.25787,0.340709,-0.124868,-0.073998,-0.841267,-0.209915,-0.673988,1.181157,0.013816,-0.013399,-0.38821,-0.007263,0.231701,-0.514367,0.21366,0.009686,0.144409,-0.001993,
1.014372,-0.9633,-0.031951,-0.0,-1.570796,0.0,0.398331,-0.095673,-0.155158,0.0,0.0,0.0,-0.332392,0.102345,0.256651,0.339568,-0.124745,-0.074175,-0.843552,-0.210965,-0.675735,1.180559,0.01618,-0.013637,-0.389244,-0.007116,0.232346,-0.516326,0.214692,0.009499,0.145055,-0.001921,
1.01477,-0.963396,-0.032106,-0.0,-1.570796,0.0,0.398408,-0.095673,-0.155199,0.0,0.0,0.0,-0.330821,0.102248,0.255431,0.338426,-0.124622,-0.074353,-0.845837,-0.212015,-0.677483,1.17996,0.018545,-0.013875,-0.390277,-0.00697,0.232992,-0.518286,0.215726,0.009312,0.145702,-0.00185,
1.015168,-0.963491,-0.032261,-0.0,-1.570796,0.0,0.398179,-0.095596,-0.155118,0.0,0.0,0.0,-0.329251,0.102152,0.254213,0.337285,-0.124499,-0.074531,-0.848121,-0.213065,-0.67923,1.179362,0.020908,-0.014113,-0.39131,-0.006823,0.233637,-0.520244,0.216758,0.009126,0.146348,-0.001778,
1.015567,-0.963587,-0.032416,-0.0,-1.570796,0.0,0.398331,-0.095673,-0.155158,0.0,0.0,0.0,-0.32768,0.102055,0.252993,0.336144,-0.124376,-0.074709,-0.850406,-0.214114,-0.680977,1.178764,0.023272,-0.014351,-0.392344,-0.006677,0.234282,-0.522204,0.217791,0.008939,0.146994,-0.001707,
1.015965,-0.963683,-0.032571,-0.0,-1.570796,0.0,0.398255,-0.095673,-0.155158,0.0,0.0,0.0,-0.326109,0.101958,0.251774,0.335003,-0.124253,-0.074886,-0.852691,-0.215164,-0.682725,1.178166,0.025636,-0.014589,-0.393377,-0.00653,0.234927,-0.524163,0.218824,0.008752,0.14764,-0.001636,
1.016363,-0.963778,-0.032727,-0.0,-1.570796,0.0,0.398255,-0.095596,-0.15512,0.0,0.0,0.0,-0.324539,0.101862,0.250556,0.333862,-0.12413,-0.075064,-0.854975,-0.216214,-0.684472,1.177569,0.028,-0.014827,-0.39441,-0.006384,0.235572,-0.526121,0.219856,0.008565,0.148286,-0.001564,
1.016762,-0.963874,-0.032882,-0.0,-1.570796,0.0,0.398408,-0.095673,-0.155196,0.0,0.0,0.0,-0.322968,0.101765,0.249336,0.33272,-0.124007,-0.075242,-0.857261,-0.217264,-0.68622,1.176971,0.030364,-0.015065,-0.395444,-0.006237,0.236217,-0.528081,0.220889,0.008378,0.148932,-0.001493,
1.01716,-0.96397,-0.033037,-0.0,-1.570796,0.0,0.398179,-0.095596,-0.15512,0.0,0.0,0.0,-0.321397,0.101669,0.248117,0.331579,-0.123884,-0.075419,-0.859545,-0.218314,-0.687967,1.176373,0.032728,-0.015303,-0.396477,-0.006091,0.236862,-0.530039,0.221922,0.008192,0.149578,-0.001421,
1.017558,-0.964065,-0.033192,-0.0,-1.570796,0.0,0.398331,-0.095673,-0.155158,0.0,0.0,0.0,-0.319826,0.101572,0.246898,0.330438,-0.123762,-0.075597,-0.861829,-0.219364,-0.689714,1.175775,0.035091,-0.015541,-0.39751,-0.005945,0.237507,-0.531998,0.222955,0.008005,0.150224,-0.00135,
1.017956,-0.964161,-0.033347,-0.0,-1.570796,0.0,0.398331,-0.095673,-0.155158,0.0,0.0,0.0,-0.318256,0.101475,0.245679,0.329296,-0.123639,-0.075775,-0.864114,-0.220414,-0.691461,1.175177,0.037455,-0.015779,-0.398543,-0.005798,0.238152,-0.533957,0.223988,0.007818,0.150871,-0.001278,
1.018355,-0.964256,-0.033502,-0.0,-1.570796,0.0,0.398255,-0.095596,-0.155158,0.0,0.0,0.0,-0.316685,0.101379,0.24446,0.328155,-0.123516,-0.075953,-0.866398,-0.221464,-0.693208,1.174579,0.039818,-0.016017,-0.399576,-0.005652,0.238797,-0.535915,0.22502,0.007631,0.151517,-0.001207,
1.018772,-0.964346,-0.033645,-0.0,-1.570796,0.0,0.417176,-0.089874,-0.142842,0.0,0.0,0.0,-0.315107,0.101281,0.24324,0.327046,-0.123432,-0.076116,-0.868339,-0.222344,-0.694672,1.173465,0.041813,-0.016211,-0.400502,-0.005518,0.239375,-0.537698,0.225946,0.007459,0.152096,-0.00115,
1.019226,-0.964425,-0.033764,-0.0,-1.570796,0.0,0.454407,-0.078278,-0.118573,0.0,0.0,0.0,-0.313513,0.10118,0.242019,0.326001,-0.123424,-0.076249,-0.869605,-0.222891,-0.695576,1.171337,0.043081,-0.016319,-0.401217,-0.00541,0.239822,-0.539133,0.226662,0.007314,0.152544,-0.001121,
1.019681,-0.964503,-0.033882,-0.0,-1.570796,0.0,0.454255,-0.078354,-0.118544,0.0,0.0,0.0,-0.311919,0.101079,0.240798,0.324956,-0.123417,-0.076383,-0.87087,-0.223437,-0.69648,1.16921,0.044348,-0.016427,-0.401931,-0.005302,0.240268,-0.540567,0.227377,0.00717,0.152992,-0.001091,
1.020135,-0.964581,-0.034001,-0.0,-1.570796,0.0,0.454407,-0.078354,-0.118606,0.0,0.0,0.0,-0.310325,0.100978,0.239576,0.32391,-0.12341,-0.076517,-0.872136,-0.223984,-0.697384,1.167081,0.045616,-0.016535,-0.402646,-0.005194,0.240715,-0.542002,0.228093,0.007025,0.153441,-0.001062,
1.020589,-0.96466,-0.03412,-0.0,-1.570796,0.0,0.454407,-0.078354,-0.118573,0.0,0.0,0.0,-0.308731,0.100878,0.238354,0.322865,-0.123402,-0.076651,-0.873401,-0.224531,-0.698288,1.164953,0.046884,-0.016644,-0.403361,-0.005086,0.241161,-0.543437,0.228808,0.00688,0.153889,-0.001033,
1.021044,-0.964738,-0.034238,-0.0,-1.570796,0.0,0.454255,-0.078278,-0.118544,0.0,0.0,0.0,-0.307138,0.100777,0.237133,0.32182,-0.123395,-0.076784,-0.874666,-0.225078,-0.699192,1.162825,0.048151,-0.016752,-0.404075,-0.004978,0.241607,-0.544872,0.229524,0.006736,0.154337,-0.001003,
1.021498,-0.964816,-0.034357,-0.0,-1.570796,0.0,0.454331,-0.078354,-0.118575,0.0,0.0,0.0,-0.305544,0.100676,0.235911,0.320775,-0.123388,-0.076918,-0.875932,-0.225624,-0.700096,1.160697,0.049419,-0.01686,-0.40479,-0.00487,0.242054,-0.546306,0.230239,0.006591,0.154785,-0.000974,
1.021952,-0.964895,-0.034475,-0.0,-1.570796,0.0,0.454331,-0.078278,-0.118575,0.0,0.0,0.0,-0.30395,0.100576,0.23469,0.31973,-0.12338,-0.077052,-0.877197,-0.226171,-0.701,1.158568,0.050686,-0.016968,-0.405504,-0.004762,0.242501,-0.547741,0.230954,0.006446,0.155233,-0.000945,
1.022407,-0.964973,-0.034594,-0.0,-1.570796,0.0,0.454407,-0.078354,-0.118575,0.0,0.0,0.0,-0.302356,0.100475,0.233468,0.318684,-0.123373,-0.077186,-0.878463,-0.226718,-0.701904,1.15644,0.051954,-0.017076,-0.406219,-0.004654,0.242947,-0.549176,0.23167,0.006302,0.155682,-0.000915,
1.022861,-0.965051,-0.034712,-0.0,-1.570796,0.0,0.454331,-0.078354,-0.118573,0.0,0.0,0.0,-0.300762,0.100374,0.232246,0.317639,-0.123366,-0.077319,-0.879728,-0.227265,-0.702808,1.154311,0.053222,-0.017184,-0.406933,-0.004546,0.243394,-0.550611,0.232386,0.006157,0.15613,-0.000886,
1.023315,-0.96513,-0.034831,-0.0,-1.570796,0.0,0.454255,-0.078278,-0.118544,0.0,0.0,0.0,-0.299168,0.100273,0.231025,0.316594,-0.123358,-0.077453,-0.880993,-0.227811,-0.703712,1.152183,0.054489,-0.017292,-0.407648,-0.004438,0.24384,-0.552046,0.233101,0.006012,0.156578,-0.000857,
1.023769,-0.965208,-0.034949,-0.0,-1.570796,0.0,0.454331,-0.078354,-0.118575,0.0,0.0,0.0,-0.297574,0.100173,0.229804,0.315549,-0.123351,-0.077587,-0.882259,-0.228358,-0.704616,1.150055,0.055757,-0.0174,-0.408362,-0.00433,0.244286,-0.553481,0.233816,0.005868,0.157026,-0.000828,
1.024224,-0.965286,-0.035068,-0.0,-1.570796,0.0,0.454484,-0.078354,-0.118604,0.0,0.0,0.0,-0.295979,0.100072,0.228582,0.314503,-0.123344,-0.077721,-0.883525,-0.228905,-0.70552,1.147925,0.057025,-0.017508,-0.409077,-0.004222,0.244733,-0.554916,0.234532,0.005723,0.157474,-0.000798,
1.024678,-0.965365,-0.035187,-0.0,-1.570796,0.0,0.454255,-0.078278,-0.118547,0.0,0.0,0.0,-0.294386,0.099971,0.22736,0.313458,-0.123336,-0.077854,-0.88479,-0.229451,-0.706424,1.145797,0.058292,-0.017616,-0.409791,-0.004114,0.245179,-0.556351,0.235247,0.005578,0.157922,-0.000769,
1.025133,-0.965443,-0.035305,-0.0,-1.570796,0.0,0.454331,-0.078354,-0.118573,0.0,0.0,0.0,-0.292792,0.099871,0.226139,0.312413,-0.123329,-0.077988,-0.886056,-0.229998,-0.707328,1.143669,0.05956,-0.017724,-0.410506,-0.004006,0.245626,-0.557786,0.235963,0.005434,0.158371,-0.00074,
1.025587,-0.965521,-0.035424,-0.0,-1.570796,0.0,0.454407,-0.078354,-0.118575,0.0,0.0,0.0,-0.291197,0.09977,0.224917,0.311368,-0.123322,-0.078122,-0.887321,-0.230545,-0.708232,1.14154,0.060828,-0.017832,-0.411221,-0.003898,0.246072,-0.559221,0.236678,0.005289,0.158819,-0.00071,
1.026041,-0.9656,-0.035542,-0.0,-1.570796,0.0,0.454331,-0.078354,-0.118575,0.0,0.0,0.0,-0.289603,0.099669,0.223695,0.310323,-0.123314,-0.078256,-0.888587,-0.231092,-0.709136,1.139411,0.062096,-0.01794,-0.411935,-0.00379,0.246519,-0.560656,0.237394,0.005144,0.159267,-0.000681,
1.026496,-0.965678,-0.035661,-0.0,-1.570796,0.0,0.454331,-0.078278,-0.118573,0.0,0.0,0.0,-0.288009,0.099568,0.222474,0.309277,-0.123307,-0.078389,-0.889852,-0.231639,-0.71004,1.137283,0.063364,-0.018048,-0.41265,-0.003682,0.246965,-0.562091,0.238109,0.005,0.159715,-0.000652,
1.02695,-0.965756,-0.03578,-0.0,-1.570796,0.0,0.454407,-0.078354,-0.118575,0.0,0.0,0.0,-0.286415,0.099468,0.221252,0.308232,-0.1233,-0.078523,-0.891118,-0.232185,-0.710944,1.135154,0.064631,-0.018156,-0.413364,-0.003573,0.247412,-0.563526,0.238825,0.004855,0.160163,-0.000623,
1.027404,-0.965835,-0.035898,-0.0,-1.570796,0.0,0.454255,-0.078278,-0.118544,0.0,0.0,0.0,-0.284821,0.099367,0.220031,0.307187,-0.123292,-0.078657,-0.892383,-0.232732,-0.711848,1.133026,0.065899,-0.018264,-0.414079,-0.003465,0.247858,-0.56496,0.23954,0.004711,0.160612,-0.000593,
1.027859,-0.965913,-0.036017,-0.0,-1.570796,0.0,0.454331,-0.078354,-0.118575,0.0,0.0,0.0,-0.283227,0.099266,0.218809,0.306142,-0.123285,-0.078791,-0.893649,-0.233279,-0.712752,1.130897,0.067167,-0.018372,-0.414793,-0.003357,0.248305,-0.566395,0.240256,0.004566,0.16106,-0.000564,
1.028313,-0.965991,-0.036135,-0.0,-1.570796,0.0,0.454484,-0.078354,-0.118604,0.0,0.0,0.0,-0.281633,0.099165,0.217587,0.305096,-0.123278,-0.078925,-0.894914,-0.233825,-0.713657,1.128768,0.068435,-0.01848,-0.415508,-0.003249,0.248751,-0.56783,0.240971,0.004421,0.161508,-0.000535,
1.028767,-0.96607,-0.036254,-0.0,-1.570796,0.0,0.454255,-0.078354,-0.118544,0.0,0.0,0.0,-0.280039,0.099065,0.216366,0.304051,-0.12327,-0.079058,-0.89618,-0.234372,-0.71456,1.12664,0.069702,-0.018588,-0.416223,-0.003141,0.249198,-0.569265,0.241687,0.004277,0.161956,-0.000505,
1.029222,-0.966148,-0.036372,-0.0,-1.570796,0.0,0.454331,-0.078278,-0.118575,0.0,0.0,0.0,-0.278445,0.098964,0.215144,0.303006,-0.123263,-0.079192,-0.897445,-0.234919,-0.715465,1.124511,0.07097,-0.018696,-0.416937,-0.003033,0.249644,-0.5707,0.242402,0.004132,0.162404,-0.000476,
1.029676,-0.966226,-0.036491,-0.0,-1.570796,0.0,0.454331,-0.078354,-0.118575,0.0,0.0,0.0,-0.276851,0.098863,0.213923,0.301961,-0.123256,-0.079326,-0.898711,-0.235466,-0.716369,1.122383,0.072238,-0.018804,-0.417652,-0.002925,0.250091,-0.572135,0.243118,0.003987,0.162853,-0.000447,
1.03013,-0.966305,-0.03661,-0.0,-1.570796,0.0,0.454407,-0.078354,-0.118575,0.0,0.0,0.0,-0.275257,0.098762,0.212701,0.300915,-0.123248,-0.07946,-0.899976,-0.236012,-0.717273,1.120254,0.073505,-0.018912,-0.418366,-0.002817,0.250537,-0.57357,0.243833,0.003843,0.163301,-0.000417,
1.030585,-0.966383,-0.036728,-0.0,-1.570796,0.0,0.454331,-0.078278,-0.118573,0.0,0.0,0.0,-0.273663,0.098662,0.211479,0.29987,-0.123241,-0.079593,-0.901242,-0.236559,-0.718177,1.118126,0.074773,-0.01902,-0.419081,-0.002709,0.250984,-0.575005,0.244549,0.003698,0.163749,-0.000388,
1.031039,-0.966461,-0.036847,-0.0,-1.570796,0.0,0.454255,-0.078354,-0.118544,0.0,0.0,0.0,-0.272069,0.098561,0.210258,0.298825,-0.123234,-0.079727,-0.902507,-0.237106,-0.719081,1.115998,0.07604,-0.019128,-0.419795,-0.002601,0.25143,-0.576439,0.245264,0.003553,0.164197,-0.000359,
1.031493,-0.96654,-0.036965,-0.0,-1.570796,0.0,0.454331,-0.078354,-0.118575,0.0,0.0,0.0,-0.270475,0.09846,0.209036,0.29778,-0.123226,-0.079861,-0.903772,-0.237652,-0.719985,1.11387,0.077308,-0.019236,-0.42051,-0.002493,0.251877,-0.577874,0.245979,0.003409,0.164645,-0.00033,
1.031948,-0.966618,-0.037084,-0.0,-1.570796,0.0,0.454484,-0.078278,-0.118604,0.0,0.0,0.0,-0.268881,0.09836,0.207815,0.296734,-0.123219,-0.079995,-0.905038,-0.238199,-0.720889,1.111741,0.078576,-0.019344,-0.421225,-0.002385,0.252323,-0.579309,0.246695,0.003264,0.165093,-0.0003,
1.032402,-0.966696,-0.037202,-0.0,-1.570796,0.0,0.454255,-0.078354,-0.118544,0.0,0.0,0.0,-0.267287,0.098259,0.206593,0.29569,-0.123212,-0.080128,-0.906303,-0.238746,-0.721793,1.109613,0.079843,-0.019452,-0.421939,-0.002277,0.25277,-0.580744,0.24741,0.003119,0.165542,-0.000271,
1.032856,-0.966775,-0.037321,-0.0,-1.570796,0.0,0.454331,-0.078354,-0.118575,0.0,0.0,0.0,-0.265693,0.098158,0.205372,0.294644,-0.123204,-0.080262,-0.907568,-0.239293,-0.722697,1.107485,0.081111,-0.01956,-0.422654,-0.002169,0.253216,-0.582179,0.248126,0.002975,0.16599,-0.000242,
1.033311,-0.966853,-0.037439,-0.0,-1.570796,0.0,0.454407,-0.078278,-0.118575,0.0,0.0,0.0,-0.2641,0.098057,0.20415,0.293599,-0.123197,-0.080396,-0.908834,-0.239839,-0.723601,1.105357,0.082379,-0.019668,-0.423368,-0.002061,0.253663,-0.583614,0.248841,0.00283,0.166438,-0.000212,
1.033765,-0.966931,-0.037558,-0.0,-1.570796,0.0,0.454255,-0.078354,-0.118509,0.0,0.0,0.0,-0.262506,0.097957,0.202929,0.292554,-0.12319,-0.08053,-0.910098,-0.240386,-0.724504,1.103228,0.083645,-0.019776,-0.424082,-0.001953,0.254109,-0.585047,0.249556,0.002686,0.166886,-0.000183,
1.034263,-0.966983,-0.03763,-0.0,-1.570796,0.0,0.498429,-0.051575,-0.071774,0.0,0.0,0.0,-0.261025,0.09786,0.201796,0.291766,-0.123368,-0.08061,-0.910328,-0.240319,-0.724586,1.099665,0.083882,-0.019763,-0.424405,-0.001902,0.25431,-0.585726,0.249878,0.002614,0.167086,-0.000183,
1.034762,-0.967034,-0.037702,-0.0,-1.570796,0.0,0.498277,-0.051651,-0.071755,0.0,0.0,0.0,-0.259545,0.097763,0.200663,0.290979,-0.123546,-0.080691,-0.910558,-0.240253,-0.724668,1.096103,0.084118,-0.019751,-0.424727,-0.001851,0.254512,-0.586404,0.250199,0.002543,0.167287,-0.000183,
1.03526,-0.967086,-0.037773,-0.0,-1.570796,0.0,0.498124,-0.051575,-0.071736,0.0,0.0,0.0,-0.258065,0.097666,0.199531,0.290191,-0.123724,-0.080772,-0.910788,-0.240186,-0.724751,1.092541,0.084355,-0.019738,-0.425049,-0.001799,0.254713,-0.587082,0.25052,0.002471,0.167487,-0.000183,
1.035758,-0.967138,-0.037845,-0.0,-1.570796,0.0,0.498277,-0.051651,-0.071755,0.0,0.0,0.0,-0.256584,0.09757,0.198398,0.289404,-0.123902,-0.080852,-0.911018,-0.24012,-0.724833,1.088978,0.084591,-0.019725,-0.425372,-0.001748,0.254914,-0.58776,0.250841,0.0024,0.167687,-0.000183,
1.036256,-0.967189,-0.037917,-0.0,-1.570796,0.0,0.498277,-0.051575,-0.071755,0.0,0.0,0.0,-0.255104,0.097473,0.197266,0.288616,-0.124079,-0.080933,-0.911248,-0.240053,-0.724915,1.085415,0.084827,-0.019712,-0.425694,-0.001697,0.255115,-0.588438,0.251162,0.002329,0.167887,-0.000183,
1.036755,-0.967241,-0.037989,-0.0,-1.570796,0.0,0.498277,-0.051651,-0.071755,0.0,0.0,0.0,-0.253623,0.097376,0.196133,0.287828,-0.124257,-0.081013,-0.911478,-0.239986,-0.724998,1.081852,0.085064,-0.019699,-0.426016,-0.001646,0.255316,-0.589116,0.251484,0.002257,0.168088,-0.000183,
1.037253,-0.967292,-0.03806,-0.0,-1.570796,0.0,0.498277,-0.051575,-0.071755,0.0,0.0,0.0,-0.252143,0.097279,0.195,0.287041,-0.124435,-0.081094,-0.911708,-0.23992,-0.72508,1.078288,0.0853,-0.019687,-0.426339,-0.001594,0.255518,-0.589794,0.251805,0.002186,0.168288,-0.000183,
1.037751,-0.967344,-0.038132,-0.0,-1.570796,0.0,0.4982,-0.051651,-0.071738,0.0,0.0,0.0,-0.250663,0.097183,0.193868,0.286253,-0.124613,-0.081175,-0.911938,-0.239853,-0.725162,1.074725,0.085537,-0.019674,-0.426661,-0.001543,0.255719,-0.590472,0.252126,0.002114,0.168488,-0.000183,
1.03825,-0.967396,-0.038204,-0.0,-1.570796,0.0,0.498353,-0.051575,-0.071771,0.0,0.0,0.0,-0.249182,0.097086,0.192735,0.285465,-0.124791,-0.081255,-0.912168,-0.239787,-0.725244,1.07116,0.085773,-0.019661,-0.426983,-0.001492,0.25592,-0.59115,0.252447,0.002043,0.168689,-0.000183,
1.038748,-0.967447,-0.038276,-0.0,-1.570796,0.0,0.498277,-0.051651,-0.071755,0.0,0.0,0.0,-0.247701,0.096989,0.191602,0.284677,-0.124969,-0.081336,-0.912398,-0.23972,-0.725327,1.067595,0.08601,-0.019648,-0.427306,-0.00144,0.256121,-0.591829,0.252768,0.001971,0.168889,-0.000183,
1.039246,-0.967499,-0.038347,-0.0,-1.570796,0.0,0.4982,-0.051575,-0.071738,0.0,0.0,0.0,-0.246221,0.096892,0.190469,0.28389,-0.125147,-0.081417,-0.912628,-0.239654,-0.725409,1.064032,0.086246,-0.019635,-0.427628,-0.001389,0.256323,-0.592506,0.253089,0.0019,0.169089,-0.000183,
1.039744,-0.967551,-0.038419,-0.0,-1.570796,0.0,0.498277,-0.051651,-0.071755,0.0,0.0,0.0,-0.24474,0.096796,0.189337,0.283102,-0.125325,-0.081497,-0.912858,-0.239587,-0.725491,1.060467,0.086482,-0.019622,-0.42795,-0.001338,0.256524,-0.593185,0.253411,0.001829,0.169289,-0.000183,
1.040243,-0.967602,-0.038491,-0.0,-1.570796,0.0,0.498277,-0.051575,-0.071755,0.0,0.0,0.0,-0.24326,0.096699,0.188204,0.282315,-0.125503,-0.081578,-0.913088,-0.239521,-0.725573,1.056902,0.086719,-0.01961,-0.428273,-0.001287,0.256725,-0.593863,0.253732,0.001757,0.16949,-0.000183,
1.040741,-0.967654,-0.038563,-0.0,-1.570796,0.0,0.498277,-0.051651,-0.071755,0.0,0.0,0.0,-0.241779,0.096602,0.187071,0.281527,-0.125681,-0.081658,-0.913318,-0.239454,-0.725656,1.053338,0.086955,-0.019597,-0.428595,-0.001235,0.256926,-0.594541,0.254053,0.001686,0.16969,-0.000183,
1.041239,-0.967705,-0.038634,-0.0,-1.570796,0.0,0.498277,-0.051575,-0.071755,0.0,0.0,0.0,-0.240298,0.096505,0.185938,0.280739,-0.125859,-0.081739,-0.913548,-0.239388,-0.725738,1.049773,0.087192,-0.019584,-0.428917,-0.001184,0.257128,-0.595219,0.254374,0.001614,0.16989,-0.000183,
1.041737,-0.967757,-0.038706,-0.0,-1.570796,0.0,0.498277,-0.051651,-0.071755,0.0,0.0,0.0,-0.238818,0.096408,0.184806,0.279951,-0.126037,-0.08182,-0.913778,-0.239321,-0.72582,1.046208,0.087428,-0.019571,-0.42924,-0.001133,0.257329,-0.595897,0.254695,0.001543,0.170091,-0.000183,
1.042235,-0.967809,-0.038778,-0.0,-1.570796,0.0,0.498124,-0.051575,-0.071736,0.0,0.0,0.0,-0.237337,0.096312,0.183673,0.279164,-0.126215,-0.0819,-0.914008,-0.239255,-0.725902,1.042644,0.087664,-0.019558,-0.429562,-0.001082,0.25753,-0.596575,0.255017,0.001472,0.170291,-0.000183,
1.042734,-0.96786,-0.03885,-0.0,-1.570796,0.0,0.498429,-0.051651,-0.071774,0.0,0.0,0.0,-0.235856,0.096215,0.18254,0.278376,-0.126393,-0.081981,-0.914238,-0.239188,-0.725985,1.039078,0.087901,-0.019546,-0.429884,-0.00103,0.257731,-0.597253,0.255338,0.0014,0.170491,-0.000183,
1.043232,-0.967912,-0.038921,-0.0,-1.570796,0.0,0.498277,-0.051575,-0.071755,0.0,0.0,0.0,-0.234376,0.096118,0.181407,0.277588,-0.126571,-0.082062,-0.914468,-0.239122,-0.726067,1.035513,0.088137,-0.019533,-0.430207,-0.000979,0.257933,-0.597931,0.255659,0.001329,0.170692,-0.000183,
1.04373,-0.967963,-0.038993,-0.0,-1.570796,0.0,0.498124,-0.051651,-0.071736,0.0,0.0,0.0,-0.232896,0.096021,0.180275,0.276801,-0.126749,-0.082142,-0.914698,-0.239055,-0.726149,1.031949,0.088374,-0.01952,-0.430529,-0.000928,0.258134,-0.598609,0.25598,0.001257,0.170892,-0.000183,
1.044229,-0.968015,-0.039065,-0.0,-1.570796,0.0,0.498277,-0.051575,-0.071755,0.0,0.0,0.0,-0.231415,0.095925,0.179142,0.276013,-0.126927,-0.082223,-0.914928,-0.238989,-0.726231,1.028384,0.08861,-0.019507,-0.430851,-0.000877,0.258335,-0.599287,0.256301,0.001186,0.171092,-0.000183,
1.044727,-0.968067,-0.039137,-0.0,-1.570796,0.0,0.498277,-0.051651,-0.071755,0.0,0.0,0.0,-0.229934,0.095828,0.178009,0.275225,-0.127105,-0.082304,-0.915158,-0.238922,-0.726314,1.02482,0.088847,-0.019494,-0.431174,-0.000825,0.258536,-0.599966,0.256623,0.001115,0.171293,-0.000183,
1.045225,-0.968118,-0.039208,-0.0,-1.570796,0.0,0.498277,-0.051575,-0.071755,0.0,0.0,0.0,-0.228454,0.095731,0.176877,0.274438,-0.127283,-0.082384,-0.915388,-0.238855,-0.726396,1.021255,0.089083,-0.019482,-0.431496,-0.000774,0.258738,-0.600644,0.256944,0.001043,0.171493,-0.000183,
1.045723,-0.96817,-0.03928,-0.0,-1.570796,0.0,0.498277,-0.051651,-0.071757,0.0,0.0,0.0,-0.226973,0.095634,0.175744,0.27365,-0.127461,-0.082465,-0.915618,-0.238789,-0.726478,1.017691,0.089319,-0.019469,-0.431818,-0.000723,0.258939,-0.601322,0.257265,0.000972,0.171693,-0.000183,
1.046222,-0.968221,-0.039352,-0.0,-1.570796,0.0,0.4982,-0.051575,-0.071736,0.0,0.0,0.0,-0.225493,0.095538,0.174611,0.272862,-0.127639,-0.082545,-0.915847,-0.238722,-0.72656,1.014127,0.089556,-0.019456,-0.432141,-0.000671,0.25914,-0.602,0.257586,0.0009,0.171893,-0.000183,
1.04672,-0.968273,-0.039424,-0.0,-1.570796,0.0,0.498277,-0.051651,-0.071755,0.0,0.0,0.0,-0.224012,0.095441,0.173479,0.272075,-0.127817,-0.082626,-0.916077,-0.238656,-0.726643,1.010563,0.089792,-0.019443,-0.432463,-0.00062,0.259341,-0.602678,0.257907,0.000829,0.172094,-0.000183,
1.047218,-0.968325,-0.039495,-0.0,-1.570796,0.0,0.498429,-0.051651,-0.071774,0.0,0.0,0.0,-0.222531,0.095344,0.172346,0.271287,-0.127995,-0.082707,-0.916307,-0.238589,-0.726725,1.006999,0.090029,-0.01943,-0.432785,-0.000569,0.259543,-0.603356,0.258229,0.000758,0.172294,-0.000183,
1.047716,-0.968376,-0.039567,-0.0,-1.570796,0.0,0.498124,-0.051575,-0.071736,0.0,0.0,0.0,-0.221051,0.095247,0.171213,0.270499,-0.128173,-0.082787,-0.916537,-0.238523,-0.726807,1.003436,0.090265,-0.019417,-0.433108,-0.000518,0.259744,-0.604034,0.25855,0.000686,0.172494,-0.000183,
1.048215,-0.968428,-0.039639,-0.0,-1.570796,0.0,0.498277,-0.051575,-0.071755,0.0,0.0,0.0,-0.219571,0.09515,0.170081,0.269712,-0.128351,-0.082868,-0.916767,-0.238456,-0.726889,0.999872,0.090502,-0.019405,-0.43343,-0.000466,0.259945,-0.604712,0.258871,0.000615,0.172695,-0.000183,
1.048713,-0.96848,-0.039711,-0.0,-1.570796,0.0,0.498277,-0.051651,-0.071755,0.0,0.0,0.0,-0.21809,0.095054,0.168948,0.268924,-0.128528,-0.082949,-0.916997,-0.23839,-0.726972,0.996309,0.090738,-0.019392,-0.433752,-0.000415,0.260146,-0.60539,0.259192,0.000543,0.172895,-0.000183,
1.049211,-0.968531,-0.039782,-0.0,-1.570796,0.0,0.498277,-0.051651,-0.071755,0.0,0.0,0.0,-0.21661,0.094957,0.167815,0.268136,-0.128706,-0.083029,-0.917227,-0.238323,-0.727054,0.992747,0.090974,-0.019379,-0.434075,-0.000364,0.260348,-0.606068,0.259513,0.000472,0.173095,-0.000183,
1.04971,-0.968583,-0.039854,-0.0,-1.570796,0.0,0.498277,-0.051575,-0.071755,0.0,0.0,0.0,-0.215129,0.09486,0.166682,0.267348,-0.128884,-0.08311,-0.917457,-0.238257,-0.727136,0.989184,0.091211,-0.019366,-0.434397,-0.000313,0.260549,-0.606747,0.259835,0.0004,0.173296,-0.000183,
1.050208,-0.968634,-0.039926,-0.0,-1.570796,0.0,0.498277,-0.051651,-0.071755,0.0,0.0,0.0,-0.213649,0.094763,0.16555,0.266561,-0.129062,-0.08319,-0.917687,-0.23819,-0.727219,0.985622,0.091447,-0.019353,-0.434719,-0.000261,0.26075,-0.607425,0.260156,0.000329,0.173496,-0.000183,
1.050715,-0.968666,-0.039968,-0.0,-1.570796,0.0,0.507279,-0.031204,-0.042515,0.0,0.0,0.0,-0.212345,0.094673,0.164559,0.266038,-0.129389,-0.083238,-0.917349,-0.237792,-0.726857,0.981375,0.091335,-0.019291,-0.43479,-0.000249,0.260795,-0.607577,0.260227,0.000315,0.17354,-0.000179,
1.051227,-0.968687,-0.039996,-0.0,-1.570796,0.0,0.512086,-0.021057,-0.027826,0.0,0.0,0.0,-0.21113,0.094586,0.163639,0.265648,-0.129791,-0.083269,-0.916723,-0.237228,-0.726272,0.97678,0.091047,-0.019203,-0.434734,-0.000256,0.260762,-0.607466,0.260171,0.00033,0.173505,-0.000174,
1.051739,-0.968708,-0.040024,-0.0,-1.570796,0.0,0.511781,-0.021057,-0.027809,0.0,0.0,0.0,-0.209915,0.0945,0.162719,0.265259,-0.130193,-0.0833,-0.916099,-0.236663,-0.725688,0.972187,0.09076,-0.019115,-0.434677,-0.000264,0.260729,-0.607355,0.260116,0.000344,0.17347,-0.000168,
1.052251,-0.968729,-0.040052,-0.0,-1.570796,0.0,0.511933,-0.020981,-0.027819,0.0,0.0,0.0,-0.208699,0.094413,0.161799,0.264869,-0.130595,-0.083332,-0.915473,-0.236098,-0.725103,0.967592,0.090472,-0.019027,-0.434621,-0.000271,0.260696,-0.607244,0.26006,0.000359,0.173435,-0.000163,
1.052763,-0.96875,-0.04008,-0.0,-1.570796,0.0,0.51201,-0.021057,-0.027819,0.0,0.0,0.0,-0.207484,0.094326,0.160879,0.26448,-0.130997,-0.083363,-0.914848,-0.235534,-0.724518,0.962996,0.090184,-0.018939,-0.434565,-0.000278,0.260662,-0.607132,0.260005,0.000374,0.1734,-0.000157,
1.053275,-0.968771,-0.040107,-0.0,-1.570796,0.0,0.511781,-0.021057,-0.027809,0.0,0.0,0.0,-0.206269,0.09424,0.15996,0.26409,-0.131399,-0.083394,-0.914223,-0.234969,-0.723934,0.958401,0.089896,-0.018851,-0.434509,-0.000286,0.260629,-0.607021,0.25995,0.000388,0.173365,-0.000152,
1.053787,-0.968792,-0.040135,-0.0,-1.570796,0.0,0.512086,-0.020981,-0.027823,0.0,0.0,0.0,-0.205054,0.094153,0.159039,0.2637,-0.131801,-0.083425,-0.913598,-0.234404,-0.723349,0.953803,0.089609,-0.018763,-0.434452,-0.000293,0.260596,-0.60691,0.259894,0.000403,0.17333,-0.000146,
1.054299,-0.968813,-0.040163,-0.0,-1.570796,0.0,0.511933,-0.021057,-0.027819,0.0,0.0,0.0,-0.203838,0.094066,0.158119,0.263311,-0.132203,-0.083456,-0.912973,-0.23384,-0.722764,0.949206,0.089321,-0.018675,-0.434396,-0.0003,0.260563,-0.606799,0.259839,0.000417,0.173295,-0.000141,
1.054811,-0.968834,-0.040191,-0.0,-1.570796,0.0,0.511857,-0.021057,-0.027809,0.0,0.0,0.0,-0.202623,0.093979,0.1572,0.262921,-0.132605,-0.083487,-0.912348,-0.233275,-0.72218,0.944609,0.089033,-0.018587,-0.43434,-0.000308,0.260529,-0.606687,0.259783,0.000432,0.17326,-0.000136,
1.055323,-0.968855,-0.040219,-0.0,-1.570796,0.0,0.511933,-0.020981,-0.027819,0.0,0.0,0.0,-0.201408,0.093893,0.15628,0.262531,-0.133006,-0.083519,-0.911723,-0.232711,-0.721595,0.940011,0.088745,-0.0185,-0.434284,-0.000315,0.260496,-0.606576,0.259728,0.000447,0.173225,-0.00013,
1.055835,-0.968876,-0.040247,-0.0,-1.570796,0.0,0.512086,-0.021057,-0.027823,0.0,0.0,0.0,-0.200192,0.093806,0.15536,0.262142,-0.133408,-0.08355,-0.911098,-0.232146,-0.72101,0.935411,0.088458,-0.018412,-0.434227,-0.000322,0.260463,-0.606465,0.259673,0.000461,0.17319,-0.000125,
1.056346,-0.968897,-0.040274,-0.0,-1.570796,0.0,0.511781,-0.021057,-0.027809,0.0,0.0,0.0,-0.198977,0.093719,0.15444,0.261752,-0.13381,-0.083581,-0.910473,-0.231581,-0.720426,0.930813,0.08817,-0.018324,-0.434171,-0.00033,0.26043,-0.606354,0.259617,0.000476,0.173156,-0.000119,
1.056858,-0.968918,-0.040302,-0.0,-1.570796,0.0,0.51201,-0.020981,-0.027819,0.0,0.0,0.0,-0.197762,0.093632,0.15352,0.261363,-0.134212,-0.083612,-0.909848,-0.231017,-0.719841,0.926214,0.087882,-0.018236,-0.434115,-0.000337,0.260396,-0.606242,0.259562,0.000491,0.173121,-0.000114,
1.05737,-0.968939,-0.04033,-0.0,-1.570796,0.0,0.511933,-0.021057,-0.027819,0.0,0.0,0.0,-0.196547,0.093546,0.1526,0.260973,-0.134614,-0.083643,-0.909223,-0.230452,-0.719256,0.921615,0.087594,-0.018148,-0.434058,-0.000344,0.260363,-0.606131,0.259506,0.000505,0.173086,-0.000108,
1.057882,-0.96896,-0.040358,-0.0,-1.570796,0.0,0.511933,-0.020981,-0.027814,0.0,0.0,0.0,-0.195331,0.093459,0.15168,0.260583,-0.135016,-0.083674,-0.908598,-0.229887,-0.718672,0.917015,0.087307,-0.01806,-0.434002,-0.000352,0.26033,-0.60602,0.259451,0.00052,0.173051,-0.000103,
1.058394,-0.968981,-0.040386,-0.0,-1.570796,0.0,0.511933,-0.021057,-0.027819,0.0,0.0,0.0,-0.194116,0.093372,0.15076,0.260194,-0.135418,-0.083706,-0.907973,-0.229323,-0.718087,0.912416,0.087019,-0.017972,-0.433946,-0.000359,0.260297,-0.605909,0.259396,0.000535,0.173016,-0.000097,
1.058906,-0.969002,-0.040413,-0.0,-1.570796,0.0,0.511933,-0.021057,-0.027819,0.0,0.0,0.0,-0.192901,0.093285,0.14984,0.259804,-0.13582,-0.083737,-0.907348,-0.228758,-0.717502,0.907816,0.086731,-0.017884,-0.43389,-0.000366,0.260263,-0.605797,0.25934,0.000549,0.172981,-0.000092,
1.059418,-0.969023,-0.040441,-0.0,-1.570796,0.0,0.511857,-0.020981,-0.027809,0.0,0.0,0.0,-0.191686,0.093199,0.14892,0.259415,-0.136222,-0.083768,-0.906723,-0.228194,-0.716917,0.903218,0.086444,-0.017796,-0.433834,-0.000374,0.26023,-0.605686,0.259285,0.000564,0.172946,-0.000086,
1.05993,-0.969044,-0.040469,-0.0,-1.570796,0.0,0.511933,-0.021057,-0.027819,0.0,0.0,0.0,-0.19047,0.093112,0.148,0.259025,-0.136624,-0.083799,-0.906098,-0.227629,-0.716333,0.898618,0.086156,-0.017709,-0.433777,-0.000381,0.260197,-0.605575,0.259229,0.000579,0.172911,-0.000081,
1.060442,-0.969065,-0.040497,-0.0,-1.570796,0.0,0.511933,-0.021057,-0.027814,0.0,0.0,0.0,-0.189255,0.093025,0.147081,0.258635,-0.137026,-0.08383,-0.905473,-0.227064,-0.715748,0.894019,0.085868,-0.017621,-0.433721,-0.000388,0.260164,-0.605464,0.259174,0.000593,0.172876,-0.000075,
1.060954,-0.969086,-0.040525,-0.0,-1.570796,0.0,0.51201,-0.020981,-0.027819,0.0,0.0,0.0,-0.18804,0.092938,0.146161,0.258246,-0.137428,-0.083861,-0.904848,-0.2265,-0.715163,0.88942,0.08558,-0.017533,-0.433665,-0.000395,0.26013,-0.605352,0.259119,0.000608,0.172841,-0.00007,
1.061466,-0.969107,-0.040553,-0.0,-1.570796,0.0,0.511933,-0.021057,-0.027819,0.0,0.0,0.0,-0.186824,0.092852,0.145241,0.257856,-0.137829,-0.083892,-0.904223,-0.225935,-0.714579,0.88482,0.085293,-0.017445,-0.433609,-0.000403,0.260097,-0.605241,0.259063,0.000623,0.172806,-0.000064,
1.061978,-0.969128,-0.04058,-0.0,-1.570796,0.0,0.511781,-0.021057,-0.027809,0.0,0.0,0.0,-0.185609,0.092765,0.144321,0.257466,-0.138231,-0.083924,-0.903598,-0.22537,-0.713994,0.880223,0.085005,-0.017357,-0.433552,-0.00041,0.260064,-0.60513,0.259008,0.000637,0.172771,-0.000059,
1.06249,-0.969149,-0.040608,-0.0,-1.570796,0.0,0.512086,-0.020981,-0.027823,0.0,0.0,0.0,-0.184394,0.092678,0.143401,0.257077,-0.138633,-0.083955,-0.902973,-0.224806,-0.713409,0.875623,0.084717,-0.017269,-0.433496,-0.000417,0.260031,-0.605019,0.258952,0.000652,0.172737,-0.000053,
1.063002,-0.96917,-0.040636,-0.0,-1.570796,0.0,0.511933,-0.021057,-0.027819,0.0,0.0,0.0,-0.183179,0.092591,0.142481,0.256687,-0.139035,-0.083986,-0.902348,-0.224241,-0.712824,0.871025,0.084429,-0.017181,-0.43344,-0.000425,0.259998,-0.604907,0.258897,0.000666,0.172702,-0.000048,
1.063514,-0.969191,-0.040664,-0.0,-1.570796,0.0,0.511857,-0.021057,-0.027809,0.0,0.0,0.0,-0.181964,0.092504,0.141561,0.256298,-0.139437,-0.084017,-0.901723,-0.223676,-0.71224,0.866428,0.084142,-0.017093,-0.433384,-0.000432,0.259964,-0.604796,0.258842,0.000681,0.172667,-0.000042,
1.064025,-0.969212,-0.040692,-0.0,-1.570796,0.0,0.511933,-0.020981,-0.027819,0.0,0.0,0.0,-0.180748,0.092418,0.140641,0.255908,-0.139839,-0.084048,-0.901097,-0.223112,-0.711655,0.861831,0.083854,-0.017005,-0.433327,-0.000439,0.259931,-0.604685,0.258786,0.000696,0.172632,-0.000037,
1.064537,-0.969234,-0.040719,-0.0,-1.570796,0.0,0.511933,-0.021057,-0.027819,0.0,0.0,0.0,-0.179533,0.092331,0.139721,0.255518,-0.140241,-0.084079,-0.900472,-0.222547,-0.711071,0.857234,0.083566,-0.016918,-0.433271,-0.000447,0.259898,-0.604574,0.258731,0.00071,0.172597,-0.000031,
1.065049,-0.969255,-0.040747,-0.0,-1.570796,0.0,0.51201,-0.021057,-0.027814,0.0,0.0,0.0,-0.178318,0.092244,0.138801,0.255129,-0.140643,-0.084111,-0.899847,-0.221982,-0.710486,0.852638,0.083278,-0.01683,-0.433215,-0.000454,0.259865,-0.604462,0.258675,0.000725,0.172562,-0.000026,
1.065561,-0.969276,-0.040775,-0.0,-1.570796,0.0,0.511933,-0.020981,-0.027819,0.0,0.0,0.0,-0.177102,0.092157,0.137881,0.254739,-0.141045,-0.084142,-0.899222,-0.221418,-0.709901,0.848042,0.082991,-0.016742,-0.433159,-0.000461,0.259831,-0.604351,0.25862,0.00074,0.172527,-0.00002,
1.066073,-0.969297,-0.040803,-0.0,-1.570796,0.0,0.511933,-0.021057,-0.027819,0.0,0.0,0.0,-0.175887,0.092071,0.136961,0.254349,-0.141447,-0.084173,-0.898597,-0.220853,-0.709316,0.843446,0.082703,-0.016654,-0.433102,-0.000469,0.259798,-0.60424,0.258565,0.000754,0.172492,-0.000015,
1.066585,-0.969318,-0.040831,-0.0,-1.570796,0.0,0.511857,-0.020981,-0.027809,0.0,0.0,0.0,-0.174672,0.091984,0.136042,0.25396,-0.141848,-0.084204,-0.897972,-0.220289,-0.708732,0.838853,0.082415,-0.016566,-0.433046,-0.000476,0.259765,-0.604128,0.258509,0.000769,0.172457,-0.000009,
1.067097,-0.969339,-0.040858,-0.0,-1.570796,0.0,0.51201,-0.021057,-0.027823,0.0,0.0,0.0,-0.173457,0.091897,0.135122,0.25357,-0.142251,-0.084235,-0.897347,-0.219724,-0.708147,0.834258,0.082128,-0.016478,-0.43299,-0.000483,0.259732,-0.604017,0.258454,0.000784,0.172422,-0.000004,
1.067623,-0.969334,-0.040869,-0.0,-1.570796,0.0,0.525514,0.004196,-0.010519,0.0,0.0,0.0,-0.172502,0.09182,0.134398,0.253574,-0.142879,-0.084249,-0.896394,-0.219034,-0.707362,0.829431,0.08174,-0.016397,-0.432795,-0.000512,0.259611,-0.603629,0.25826,0.00083,0.172301,-0.000007,
1.068176,-0.969279,-0.040844,-0.0,-1.570796,0.0,0.553285,0.055618,0.024681,0.0,0.0,0.0,-0.172078,0.091761,0.134073,0.25438,-0.143968,-0.084227,-0.894771,-0.218088,-0.706168,0.824124,0.081148,-0.016332,-0.432317,-0.000583,0.259312,-0.602676,0.257784,0.00094,0.172003,-0.000027,
1.068729,-0.969223,-0.04082,-0.0,-1.570796,0.0,0.553285,0.055618,0.024686,0.0,0.0,0.0,-0.171654,0.091703,0.133748,0.255185,-0.145057,-0.084205,-0.893148,-0.217142,-0.704973,0.818816,0.080556,-0.016266,-0.431839,-0.000655,0.259013,-0.601723,0.257308,0.001049,0.171705,-0.000047,
1.069283,-0.969168,-0.040795,-0.0,-1.570796,0.0,0.553361,0.055618,0.024681,0.0,0.0,0.0,-0.17123,0.091644,0.133424,0.255991,-0.146147,-0.084183,-0.891526,-0.216197,-0.703779,0.813507,0.079964,-0.0162,-0.431362,-0.000726,0.258714,-0.600771,0.256832,0.001159,0.171408,-0.000067,
1.069836,-0.969112,-0.04077,-0.0,-1.570796,0.0,0.553285,0.055618,0.024686,0.0,0.0,0.0,-0.170806,0.091586,0.133099,0.256796,-0.147236,-0.084161,-0.889903,-0.215251,-0.702585,0.808197,0.079372,-0.016134,-0.430884,-0.000797,0.258415,-0.599818,0.256355,0.001269,0.17111,-0.000087,
1.070389,-0.969056,-0.040746,-0.0,-1.570796,0.0,0.553285,0.055695,0.024681,0.0,0.0,0.0,-0.170382,0.091527,0.132774,0.257602,-0.148325,-0.084139,-0.88828,-0.214305,-0.701391,0.802886,0.078781,-0.016068,-0.430407,-0.000869,0.258116,-0.598865,0.255879,0.001379,0.170812,-0.000107,
1.070942,-0.969001,-0.040721,-0.0,-1.570796,0.0,0.553208,0.055542,0.024681,0.0,0.0,0.0,-0.169958,0.091469,0.132449,0.258407,-0.149414,-0.084117,-0.886658,-0.21336,-0.700197,0.797575,0.078189,-0.016002,-0.429929,-0.00094,0.257817,-0.597913,0.255403,0.001489,0.170515,-0.000127,
1.071496,-0.968945,-0.040696,-0.0,-1.570796,0.0,0.553437,0.055695,0.024686,0.0,0.0,0.0,-0.169534,0.09141,0.132125,0.259213,-0.150504,-0.084095,-0.885035,-0.212414,-0.699002,0.792261,0.077597,-0.015936,-0.429451,-0.001012,0.257517,-0.59696,0.254927,0.001599,0.170217,-0.000148,
1.072049,-0.968889,-0.040672,-0.0,-1.570796,0.0,0.553285,0.055618,0.024686,0.0,0.0,0.0,-0.16911,0.091351,0.1318,0.260018,-0.151593,-0.084073,-0.883412,-0.211468,-0.697808,0.786947,0.077005,-0.01587,-0.428974,-0.001083,0.257218,-0.596007,0.254451,0.001709,0.169919,-0.000168,
1.072602,-0.968834,-0.040647,-0.0,-1.570796,0.0,0.553208,0.055618,0.024676,0.0,0.0,0.0,-0.168686,0.091293,0.131475,0.260823,-0.152682,-0.084051,-0.881789,-0.210523,-0.696614,0.781634,0.076414,-0.015804,-0.428496,-0.001154,0.256919,-0.595054,0.253975,0.001818,0.169622,-0.000188,
1.073156,-0.968778,-0.040622,-0.0,-1.570796,0.0,0.553285,0.055618,0.024686,0.0,0.0,0.0,-0.168262,0.091234,0.13115,0.261629,-0.153772,-0.084029,-0.880166,-0.209577,-0.69542,0.77632,0.075822,-0.015738,-0.428018,-0.001226,0.25662,-0.594102,0.253499,0.001928,0.169324,-0.000208,
1.073709,-0.968723,-0.040598,-0.0,-1.570796,0.0,0.553285,0.055618,0.024681,0.0,0.0,0.0,-0.167838,0.091176,0.130826,0.262434,-0.154861,-0.084007,-0.878543,-0.208631,-0.694226,0.771004,0.07523,-0.015672,-0.427541,-0.001297,0.256321,-0.593149,0.253023,0.002038,0.169027,-0.000228,
1.074262,-0.968667,-0.040573,-0.0,-1.570796,0.0,0.553361,0.055618,0.024686,0.0,0.0,0.0,-0.167414,0.091117,0.130501,0.26324,-0.15595,-0.083985,-0.876921,-0.207685,-0.693032,0.765689,0.074638,-0.015606,-0.427063,-0.001369,0.256022,-0.592196,0.252546,0.002148,0.168729,-0.000248,
1.074815,-0.968611,-0.040548,-0.0,-1.570796,0.0,0.553285,0.055618,0.024681,0.0,0.0,0.0,-0.16699,0.091059,0.130176,0.264045,-0.15704,-0.083963,-0.875298,-0.20674,-0.691837,0.760373,0.074046,-0.01554,-0.426585,-0.00144,0.255723,-0.591243,0.25207,0.002258,0.168431,-0.000268,
1.075369,-0.968556,-0.040523,-0.0,-1.570796,0.0,0.553285,0.055618,0.024686,0.0,0.0,0.0,-0.166566,0.091,0.129851,0.264851,-0.158129,-0.083941,-0.873675,-0.205794,-0.690643,0.755057,0.073454,-0.015475,-0.426108,-0.001512,0.255424,-0.590291,0.251594,0.002368,0.168133,-0.000289,
1.075922,-0.9685,-0.040499,-0.0,-1.570796,0.0,0.553208,0.055618,0.024676,0.0,0.0,0.0,-0.166142,0.090942,0.129527,0.265656,-0.159218,-0.083919,-0.872052,-0.204848,-0.689449,0.749742,0.072863,-0.015409,-0.42563,-0.001583,0.255125,-0.589338,0.251118,0.002478,0.167836,-0.000309,
1.076475,-0.968445,-0.040474,-0.0,-1.570796,0.0,0.553437,0.055618,0.024691,0.0,0.0,0.0,-0.165718,0.090883,0.129202,0.266462,-0.160308,-0.083897,-0.870429,-0.203902,-0.688255,0.744424,0.072271,-0.015343,-0.425152,-0.001654,0.254826,-0.588385,0.250642,0.002587,0.167538,-0.000329,
1.077029,-0.968389,-0.040449,-0.0,-1.570796,0.0,0.553132,0.055618,0.024676,0.0,0.0,0.0,-0.165294,0.090825,0.128877,0.267267,-0.161397,-0.083875,-0.868806,-0.202957,-0.687061,0.739109,0.071679,-0.015277,-0.424675,-0.001726,0.254527,-0.587432,0.250166,0.002697,0.167241,-0.000349,
1.077582,-0.968333,-0.040425,-0.0,-1.570796,0.0,0.553361,0.055618,0.024681,0.0,0.0,0.0,-0.16487,0.090766,0.128552,0.268073,-0.162486,-0.083853,-0.867183,-0.202011,-0.685867,0.733793,0.071087,-0.015211,-0.424197,-0.001797,0.254228,-0.58648,0.24969,0.002807,0.166943,-0.000369,
1.078135,-0.968278,-0.0404,-0.0,-1.570796,0.0,0.553285,0.055618,0.024686,0.0,0.0,0.0,-0.164446,0.090707,0.128227,0.268878,-0.163576,-0.083831,-0.86556,-0.201065,-0.684672,0.728476,0.070496,-0.015145,-0.423719,-0.001869,0.253929,-0.585527,0.249214,0.002917,0.166645,-0.000389,
1.078688,-0.968222,-0.040375,-0.0,-1.570796,0.0,0.553285,0.055695,0.024681,0.0,0.0,0.0,-0.164022,0.090649,0.127903,0.269684,-0.164665,-0.083809,-0.863938,-0.20012,-0.683478,0.72316,0.069904,-0.015079,-0.423242,-0.00194,0.25363,-0.584574,0.248737,0.003027,0.166348,-0.000409,
1.079242,-0.968166,-0.040351,-0.0,-1.570796,0.0,0.553361,0.055618,0.024686,0.0,0.0,0.0,-0.163598,0.09059,0.127578,0.270489,-0.165754,-0.083787,-0.862315,-0.199174,-0.682284,0.717844,0.069312,-0.015013,-0.422764,-0.002011,0.253331,-0.583621,0.248261,0.003137,0.16605,-0.00043,
1.079795,-0.968111,-0.040326,-0.0,-1.570796,0.0,0.553285,0.055618,0.024681,0.0,0.0,0.0,-0.163174,0.090532,0.127253,0.271295,-0.166844,-0.083765,-0.860692,-0.198228,-0.68109,0.712529,0.06872,-0.014947,-0.422287,-0.002083,0.253032,-0.582669,0.247785,0.003247,0.165752,-0.00045,
1.080348,-0.968055,-0.040301,-0.0,-1.570796,0.0,0.553132,0.055618,0.024676,0.0,0.0,0.0,-0.16275,0.090473,0.126928,0.2721,-0.167933,-0.083743,-0.859069,-0.197283,-0.679896,0.707215,0.068128,-0.014881,-0.421809,-0.002154,0.252733,-0.581716,0.247309,0.003356,0.165455,-0.00047,
1.080902,-0.967999,-0.040277,-0.0,-1.570796,0.0,0.553361,0.055618,0.024686,0.0,0.0,0.0,-0.162326,0.090415,0.126604,0.272905,-0.169022,-0.083721,-0.857446,-0.196337,-0.678701,0.701901,0.067537,-0.014815,-0.421331,-0.002226,0.252434,-0.580763,0.246833,0.003466,0.165157,-0.00049,
1.081455,-0.967944,-0.040252,-0.0,-1.570796,0.0,0.553285,0.055618,0.024681,0.0,0.0,0.0,-0.161902,0.090356,0.126279,0.273711,-0.170111,-0.083699,-0.855824,-0.195391,-0.677507,0.696587,0.066945,-0.01475,-0.420854,-0.002297,0.252135,-0.579811,0.246357,0.003576,0.164859,-0.00051,
1.082008,-0.967888,-0.040227,-0.0,-1.570796,0.0,0.553285,0.055618,0.024686,0.0,0.0,0.0,-0.161478,0.090298,0.125954,0.274516,-0.171201,-0.083677,-0.854201,-0.194445,-0.676313,0.691274,0.066353,-0.014684,-0.420376,-0.002368,0.251836,-0.578858,0.245881,0.003686,0.164562,-0.00053,
1.082561,-0.967833,-0.040203,-0.0,-1.570796,0.0,0.553361,0.055618,0.024681,0.0,0.0,0.0,-0.161054,0.090239,0.125629,0.275322,-0.17229,-0.083655,-0.852578,-0.1935,-0.675119,0.685961,0.065761,-0.014618,-0.419898,-0.00244,0.251537,-0.577905,0.245405,0.003796,0.164264,-0.00055,
1.083115,-0.967777,-0.040178,-0.0,-1.570796,0.0,0.553285,0.055618,0.024686,0.0,0.0,0.0,-0.16063,0.090181,0.125305,0.276127,-0.173379,-0.083633,-0.850955,-0.192554,-0.673925,0.680649,0.065169,-0.014552,-0.419421,-0.002511,0.251238,-0.576952,0.244928,0.003906,0.163966,-0.000571,
1.083668,-0.967721,-0.040153,-0.0,-1.570796,0.0,0.553285,0.055618,0.024681,0.0,0.0,0.0,-0.160206,0.090122,0.12498,0.276933,-0.174469,-0.083611,-0.849332,-0.191608,-0.67273,0.675338,0.064578,-0.014486,-0.418943,-0.002583,0.250939,-0.576,0.244452,0.004016,0.163669,-0.000591,
1.084221,-0.967666,-0.040129,-0.0,-1.570796,0.0,0.553361,0.055618,0.024686,0.0,0.0,0.0,-0.159782,0.090064,0.124655,0.277738,-0.175558,-0.083589,-0.84771,-0.190662,-0.671536,0.670028,0.063986,-0.01442,-0.418465,-0.002654,0.25064,-0.575047,0.243976,0.004125,0.163371,-0.000611,
1.084774,-0.96761,-0.040104,-0.0,-1.570796,0.0,0.553132,0.055618,0.024676,0.0,0.0,0.0,-0.159358,0.090005,0.12433,0.278544,-0.176647,-0.083567,-0.846087,-0.189717,-0.670342,0.664721,0.063394,-0.014354,-0.417988,-0.002725,0.250341,-0.574094,0.2435,0.004235,0.163073,-0.000631,
1.085328,-0.967555,-0.040079,-0.0,-1.570796,0.0,0.553361,0.055618,0.024686,0.0,0.0,0.0,-0.158934,0.089947,0.124006,0.279349,-0.177736,-0.083545,-0.844465,-0.188771,-0.669148,0.659413,0.062802,-0.014288,-0.41751,-0.002797,0.250042,-0.573142,0.243024,0.004345,0.162776,-0.000651,
1.085881,-0.967499,-0.040054,-0.0,-1.570796,0.0,0.553437,0.055695,0.024686,0.0,0.0,0.0,-0.15851,0.089888,0.123681,0.280155,-0.178826,-0.083523,-0.842842,-0.187825,-0.667954,0.654105,0.06221,-0.014222,-0.417032,-0.002868,0.249742,-0.572189,0.242548,0.004455,0.162478,-0.000671,
1.086473,-0.967374,-0.039993,-0.0,-1.570796,0.0,0.592042,0.124817,0.061414,0.0,0.0,0.0,-0.158602,0.089835,0.123755,0.28178,-0.180402,-0.083465,-0.840638,-0.186735,-0.666285,0.648784,0.061615,-0.014111,-0.416257,-0.002978,0.249259,-0.570707,0.241772,0.004618,0.161993,-0.000719,
1.087066,-0.967249,-0.039931,-0.0,-1.570796,0.0,0.592423,0.125275,0.061655,0.0,0.0,0.0,-0.158697,0.089783,0.123832,0.28341,-0.181981,-0.083406,-0.83843,-0.185644,-0.664613,0.64346,0.06102,-0.013999,-0.415479,-0.003088,0.248773,-0.569222,0.240994,0.004781,0.161506,-0.000766,
1.087658,-0.967123,-0.03987,-0.0,-1.570796,0.0,0.5925,0.125275,0.061655,0.0,0.0,0.0,-0.158793,0.08973,0.123909,0.285041,-0.18356,-0.083347,-0.836223,-0.184553,-0.66294,0.638135,0.060425,-0.013887,-0.414702,-0.003198,0.248288,-0.567736,0.240216,0.004944,0.161019,-0.000814,
1.088251,-0.966998,-0.039808,-0.0,-1.570796,0.0,0.592271,0.125199,0.061638,0.0,0.0,0.0,-0.158888,0.089678,0.123986,0.286671,-0.185139,-0.083289,-0.834015,-0.183462,-0.661268,0.632811,0.05983,-0.013776,-0.413925,-0.003307,0.247803,-0.566252,0.239439,0.005106,0.160533,-0.000862,
1.088843,-0.966873,-0.039746,-0.0,-1.570796,0.0,0.592576,0.125275,0.061669,0.0,0.0,0.0,-0.158983,0.089625,0.124064,0.288302,-0.186719,-0.08323,-0.831807,-0.182371,-0.659595,0.627482,0.059234,-0.013664,-0.413147,-0.003417,0.247318,-0.564766,0.238661,0.005269,0.160046,-0.000909,
1.089436,-0.966748,-0.039685,-0.0,-1.570796,0.0,0.5925,0.125275,0.061655,0.0,0.0,0.0,-0.159079,0.089573,0.124141,0.289932,-0.188298,-0.083171,-0.829599,-0.18128,-0.657923,0.622155,0.058639,-0.013552,-0.412369,-0.003527,0.246833,-0.56328,0.237883,0.005432,0.159559,-0.000957,
1.090028,-0.966622,-0.039623,-0.0,-1.570796,0.0,0.592271,0.125275,0.061638,0.0,0.0,0.0,-0.159174,0.08952,0.124218,0.291562,-0.189877,-0.083113,-0.827391,-0.180189,-0.656251,0.616827,0.058044,-0.013441,-0.411592,-0.003637,0.246348,-0.561795,0.237105,0.005595,0.159073,-0.001004,
1.09062,-0.966497,-0.039562,-0.0,-1.570796,0.0,0.592423,0.125275,0.061655,0.0,0.0,0.0,-0.159269,0.089468,0.124295,0.293193,-0.191457,-0.083054,-0.825183,-0.179098,-0.654578,0.611498,0.057448,-0.013329,-0.410814,-0.003747,0.245863,-0.56031,0.236327,0.005758,0.158586,-0.001052,
1.091213,-0.966372,-0.0395,-0.0,-1.570796,0.0,0.5925,0.125275,0.061655,0.0,0.0,0.0,-0.159364,0.089415,0.124372,0.294823,-0.193036,-0.082996,-0.822975,-0.178006,-0.652906,0.606168,0.056853,-0.013217,-0.410037,-0.003857,0.245378,-0.558825,0.23555,0.005921,0.158099,-0.0011,
1.091805,-0.966247,-0.039438,-0.0,-1.570796,0.0,0.592423,0.125275,0.061653,0.0,0.0,0.0,-0.15946,0.089363,0.124449,0.296454,-0.194615,-0.082937,-0.820767,-0.176915,-0.651233,0.600837,0.056258,-0.013106,-0.409259,-0.003967,0.244893,-0.557339,0.234772,0.006084,0.157613,-0.001147,
1.092398,-0.966121,-0.039377,-0.0,-1.570796,0.0,0.592423,0.125275,0.061655,0.0,0.0,0.0,-0.159555,0.08931,0.124526,0.298085,-0.196195,-0.082878,-0.818559,-0.175824,-0.649561,0.595506,0.055662,-0.012994,-0.408482,-0.004077,0.244408,-0.555854,0.233994,0.006247,0.157126,-0.001195,
1.09299,-0.965996,-0.039315,-0.0,-1.570796,0.0,0.5925,0.125275,0.061655,0.0,0.0,0.0,-0.15965,0.089258,0.124603,0.299715,-0.197774,-0.08282,-0.816351,-0.174733,-0.647888,0.590175,0.055067,-0.012882,-0.407704,-0.004186,0.243923,-0.554368,0.233216,0.00641,0.156639,-0.001242,
1.093583,-0.965871,-0.039253,-0.0,-1.570796,0.0,0.592423,0.125275,0.061653,0.0,0.0,0.0,-0.159746,0.089205,0.12468,0.301346,-0.199354,-0.082761,-0.814142,-0.173642,-0.646216,0.584843,0.054472,-0.01277,-0.406927,-0.004296,0.243437,-0.552883,0.232438,0.006573,0.156153,-0.00129,
1.094175,-0.965746,-0.039192,-0.0,-1.570796,0.0,0.592423,0.125275,0.061655,0.0,0.0,0.0,-0.159841,0.089153,0.124757,0.302977,-0.200933,-0.082702,-0.811934,-0.17255,-0.644543,0.579511,0.053877,-0.012659,-0.406149,-0.004406,0.242952,-0.551398,0.231661,0.006736,0.155666,-0.001338,
1.094767,-0.96562,-0.03913,-0.0,-1.570796,0.0,0.592347,0.125199,0.061638,0.0,0.0,0.0,-0.159936,0.0891,0.124834,0.304607,-0.202512,-0.082644,-0.809726,-0.17146,-0.642871,0.57418,0.053281,-0.012547,-0.405372,-0.004516,0.242467,-0.549913,0.230883,0.006899,0.155179,-0.001385,
1.09536,-0.965495,-0.039068,-0.0,-1.570796,0.0,0.592423,0.125275,0.061655,0.0,0.0,0.0,-0.160032,0.089048,0.124911,0.306238,-0.204092,-0.082585,-0.807518,-0.170368,-0.641198,0.568847,0.052686,-0.012435,-0.404594,-0.004626,0.241982,-0.548427,0.230105,0.007062,0.154693,-0.001433,
1.095952,-0.96537,-0.039007,-0.0,-1.570796,0.0,0.592423,0.125275,0.061655,0.0,0.0,0.0,-0.160127,0.088995,0.124988,0.307868,-0.205671,-0.082526,-0.80531,-0.169277,-0.639526,0.563515,0.052091,-0.012324,-0.403817,-0.004736,0.241497,-0.546942,0.229327,0.007225,0.154206,-0.00148,
1.096545,-0.965244,-0.038945,-0.0,-1.570796,0.0,0.5925,0.125275,0.061655,0.0,0.0,0.0,-0.160222,0.088943,0.125065,0.309499,-0.207251,-0.082468,-0.803101,-0.168186,-0.637853,0.558182,0.051496,-0.012212,-0.403039,-0.004846,0.241012,-0.545456,0.228549,0.007388,0.153719,-0.001528,
1.097137,-0.965119,-0.038883,-0.0,-1.570796,0.0,0.592423,0.125275,0.061653,0.0,0.0,0.0,-0.160318,0.08889,0.125142,0.31113,-0.20883,-0.082409,-0.800893,-0.167095,-0.636181,0.55285,0.0509,-0.0121,-0.402262,-0.004955,0.240527,-0.543971,0.227772,0.007551,0.153233,-0.001576,
1.09773,-0.964994,-0.038822,-0.0,-1.570796,0.0,0.592423,0.125275,0.061655,0.0,0.0,0.0,-0.160413,0.088838,0.125219,0.31276,-0.210409,-0.08235,-0.798685,-0.166004,-0.634508,0.547518,0.050305,-0.011989,-0.401484,-0.005065,0.240042,-0.542485,0.226994,0.007714,0.152746,-0.001623,
1.098322,-0.964869,-0.03876,-0.0,-1.570796,0.0,0.592347,0.125275,0.061638,0.0,0.0,0.0,-0.160508,0.088785,0.125296,0.314391,-0.211989,-0.082292,-0.796477,-0.164913,-0.632836,0.542187,0.04971,-0.011877,-0.400707,-0.005175,0.239557,-0.541,0.226216,0.007877,0.152259,-0.001671,
1.098915,-0.964743,-0.038698,-0.0,-1.570796,0.0,0.592576,0.125275,0.061669,0.0,0.0,0.0,-0.160603,0.088733,0.125373,0.316022,-0.213568,-0.082233,-0.794268,-0.163821,-0.631163,0.536854,0.049114,-0.011765,-0.399929,-0.005285,0.239072,-0.539514,0.225438,0.00804,0.151773,-0.001718,
1.099507,-0.964618,-0.038637,-0.0,-1.570796,0.0,0.592271,0.125275,0.061641,0.0,0.0,0.0,-0.160699,0.08868,0.12545,0.317652,-0.215147,-0.082175,-0.792061,-0.16273,-0.629491,0.531524,0.048519,-0.011654,-0.399152,-0.005395,0.238587,-0.538029,0.22466,0.008203,0.151286,-0.001766,
1.100099,-0.964493,-0.038575,-0.0,-1.570796,0.0,0.5925,0.125275,0.061653,0.0,0.0,0.0,-0.160794,0.088628,0.125528,0.319283,-0.216727,-0.082116,-0.789852,-0.161639,-0.627818,0.526193,0.047924,-0.011542,-0.398374,-0.005505,0.238102,-0.536544,0.223883,0.008366,0.150799,-0.001814,
1.100692,-0.964368,-0.038513,-0.0,-1.570796,0.0,0.592423,0.125275,0.061655,0.0,0.0,0.0,-0.160889,0.088575,0.125605,0.320913,-0.218306,-0.082057,-0.787644,-0.160548,-0.626146,0.520863,0.047329,-0.01143,-0.397597,-0.005615,0.237617,-0.535059,0.223105,0.008529,0.150313,-0.001861,
1.101284,-0.964242,-0.038452,-0.0,-1.570796,0.0,0.592423,0.125275,0.061655,0.0,0.0,0.0,-0.160985,0.088523,0.125682,0.322544,-0.219886,-0.081999,-0.785436,-0.159457,-0.624473,0.515534,0.046733,-0.011318,-0.396819,-0.005724,0.237131,-0.533573,0.222327,0.008692,0.149826,-0.001909,
1.101877,-0.964117,-0.03839,-0.0,-1.570796,0.0,0.5925,0.125275,0.061653,0.0,0.0,0.0,-0.16108,0.08847,0.125759,0.324174,-0.221465,-0.08194,-0.783228,-0.158366,-0.622801,0.510205,0.046138,-0.011207,-0.396042,-0.005834,0.236646,-0.532088,0.221549,0.008855,0.149339,-0.001956,
1.102469,-0.963992,-0.038328,-0.0,-1.570796,0.0,0.592423,0.125275,0.061655,0.0,0.0,0.0,-0.161175,0.088418,0.125836,0.325805,-0.223044,-0.081881,-0.78102,-0.157274,-0.621128,0.504877,0.045543,-0.011095,-0.395264,-0.005944,0.236161,-0.530603,0.220771,0.009018,0.148853,-0.002004,
1.103061,-0.963867,-0.038267,-0.0,-1.570796,0.0,0.592271,0.125199,0.061638,0.0,0.0,0.0,-0.161271,0.088365,0.125913,0.327435,-0.224623,-0.081823,-0.778813,-0.156184,-0.619456,0.499551,0.044948,-0.010983,-0.394487,-0.006054,0.235676,-0.529118,0.219994,0.00918,0.148366,-0.002052,
1.103654,-0.963741,-0.038205,-0.0,-1.570796,0.0,0.5925,0.125275,0.061655,0.0,0.0,0.0,-0.161366,0.088313,0.12599,0.329065,-0.226203,-0.081764,-0.776605,-0.155092,-0.617784,0.494224,0.044352,-0.010872,-0.393709,-0.006164,0.235191,-0.527632,0.219216,0.009343,0.147879,-0.002099,
1.104246,-0.963616,-0.038143,-0.0,-1.570796,0.0,0.592576,0.125351,0.061669,0.0,0.0,0.0,-0.161461,0.08826,0.126067,0.330696,-0.227782,-0.081705,-0.774396,-0.154001,-0.616111,0.488898,0.043757,-0.01076,-0.392932,-0.006274,0.234706,-0.526147,0.218438,0.009506,0.147393,-0.002147,
1.104839,-0.963491,-0.038082,-0.0,-1.570796,0.0,0.592271,0.125199,0.061641,0.0,0.0,0.0,-0.161556,0.088208,0.126144,0.332326,-0.229361,-0.081647,-0.772189,-0.15291,-0.614439,0.483575,0.043162,-0.010648,-0.392154,-0.006384,0.234221,-0.524662,0.21766,0.009669,0.146906,-0.002194,
1.105431,-0.963365,-0.03802,-0.0,-1.570796,0.0,0.5925,0.125275,0.061653,0.0,0.0,0.0,-0.161652,0.088155,0.126221,0.333957,-0.23094,-0.081588,-0.769982,-0.151819,-0.612767,0.478252,0.042566,-0.010537,-0.391377,-0.006493,0.233736,-0.523177,0.216882,0.009832,0.146419,-0.002242,
1.106054,-0.963212,-0.037934,-0.0,-1.570796,0.0,0.622941,0.153733,0.086222,0.0,0.0,0.0,-0.161733,0.088074,0.126285,0.335652,-0.232596,-0.081501,-0.767739,-0.150861,-0.611037,0.473739,0.041935,-0.010407,-0.390403,-0.006623,0.233127,-0.521393,0.215908,0.010017,0.145811,-0.002326,
1.106693,-0.963043,-0.037835,-0.0,-1.570796,0.0,0.63881,0.168457,0.098994,0.0,0.0,0.0,-0.161807,0.087977,0.126342,0.337382,-0.234291,-0.081398,-0.765477,-0.149972,-0.609276,0.469645,0.041285,-0.010268,-0.389328,-0.006762,0.232455,-0.519455,0.214832,0.010213,0.145139,-0.002428,
1.107332,-0.962875,-0.037736,-0.0,-1.570796,0.0,0.638887,0.168534,0.098994,0.0,0.0,0.0,-0.161881,0.08788,0.126399,0.339111,-0.235986,-0.081295,-0.763216,-0.149083,-0.607516,0.465552,0.040635,-0.010129,-0.388253,-0.006901,0.231783,-0.517517,0.213755,0.010409,0.144468,-0.002531,
1.107971,-0.962706,-0.037637,-0.0,-1.570796,0.0,0.63881,0.168457,0.098994,0.0,0.0,0.0,-0.161955,0.087783,0.126455,0.34084,-0.237681,-0.081193,-0.760954,-0.148194,-0.605755,0.461458,0.039985,-0.009989,-0.387178,-0.00704,0.23111,-0.515578,0.212679,0.010605,0.143796,-0.002633,
1.108609,-0.962538,-0.037538,-0.0,-1.570796,0.0,0.638658,0.168457,0.09897,0.0,0.0,0.0,-0.162029,0.087686,0.126512,0.342569,-0.239376,-0.08109,-0.758693,-0.147305,-0.603995,0.457364,0.039335,-0.00985,-0.386103,-0.007179,0.230438,-0.51364,0.211603,0.010801,0.143124,-0.002736,
1.109248,-0.962369,-0.037439,-0.0,-1.570796,0.0,0.639039,0.168534,0.099018,0.0,0.0,0.0,-0.162103,0.087589,0.126569,0.344299,-0.241071,-0.080987,-0.75643,-0.146415,-0.602234,0.453268,0.038685,-0.009711,-0.385028,-0.007318,0.229765,-0.511701,0.210526,0.010997,0.142453,-0.002839,
1.109887,-0.962201,-0.03734,-0.0,-1.570796,0.0,0.638658,0.168457,0.09897,0.0,0.0,0.0,-0.162177,0.087492,0.126626,0.346028,-0.242766,-0.080885,-0.754169,-0.145527,-0.600474,0.449173,0.038035,-0.009572,-0.383953,-0.007457,0.229093,-0.509763,0.20945,0.011192,0.141781,-0.002941,
1.110526,-0.962032,-0.037241,-0.0,-1.570796,0.0,0.63881,0.168457,0.098994,0.0,0.0,0.0,-0.162251,0.087395,0.126683,0.347758,-0.244461,-0.080782,-0.751907,-0.144637,-0.598713,0.445078,0.037385,-0.009433,-0.382877,-0.007597,0.22842,-0.507825,0.208373,0.011388,0.141109,-0.003044,
1.111165,-0.961864,-0.037142,-0.0,-1.570796,0.0,0.638887,0.168534,0.098994,0.0,0.0,0.0,-0.162324,0.087298,0.12674,0.349488,-0.246157,-0.08068,-0.749645,-0.143748,-0.596952,0.440982,0.036735,-0.009294,-0.381802,-0.007736,0.227748,-0.505886,0.207297,0.011584,0.140438,-0.003146,
1.111803,-0.961695,-0.037043,-0.0,-1.570796,0.0,0.63881,0.168457,0.098994,0.0,0.0,0.0,-0.162398,0.087201,0.126797,0.351217,-0.247852,-0.080577,-0.747383,-0.142859,-0.595191,0.436885,0.036084,-0.009154,-0.380727,-0.007875,0.227075,-0.503948,0.20622,0.01178,0.139766,-0.003249,
1.112442,-0.961527,-0.036944,-0.0,-1.570796,0.0,0.63881,0.168457,0.098994,0.0,0.0,0.0,-0.162472,0.087104,0.126854,0.352947,-0.249547,-0.080474,-0.745121,-0.14197,-0.593431,0.432789,0.035434,-0.009015,-0.379652,-0.008014,0.226403,-0.502009,0.205144,0.011976,0.139094,-0.003351,
1.113081,-0.961358,-0.036845,-0.0,-1.570796,0.0,0.63881,0.168534,0.098994,0.0,0.0,0.0,-0.162546,0.087007,0.12691,0.354676,-0.251242,-0.080372,-0.742859,-0.141081,-0.59167,0.428692,0.034784,-0.008876,-0.378577,-0.008153,0.22573,-0.50007,0.204067,0.012172,0.138423,-0.003454,
1.11372,-0.96119,-0.036746,-0.0,-1.570796,0.0,0.638734,0.168457,0.098968,0.0,0.0,0.0,-0.16262,0.08691,0.126967,0.356406,-0.252937,-0.080269,-0.740598,-0.140192,-0.58991,0.424596,0.034134,-0.008737,-0.377502,-0.008292,0.225058,-0.498132,0.202991,0.012368,0.137751,-0.003556,
1.114359,-0.961021,-0.036647,-0.0,-1.570796,0.0,0.63881,0.168457,0.098994,0.0,0.0,0.0,-0.162694,0.086813,0.127024,0.358135,-0.254633,-0.080167,-0.738336,-0.139303,-0.588149,0.420499,0.033484,-0.008598,-0.376427,-0.008432,0.224386,-0.496194,0.201915,0.012564,0.137079,-0.003659,
1.114998,-0.960853,-0.036548,-0.0,-1.570796,0.0,0.638963,0.168534,0.09902,0.0,0.0,0.0,-0.162768,0.086716,0.127081,0.359865,-0.256328,-0.080064,-0.736073,-0.138414,-0.586388,0.4164,0.032834,-0.008459,-0.375351,-0.008571,0.223713,-0.494254,0.200838,0.01276,0.136407,-0.003761,
1.115636,-0.960684,-0.036449,-0.0,-1.570796,0.0,0.638734,0.168457,0.098968,0.0,0.0,0.0,-0.162842,0.086619,0.127138,0.361595,-0.258023,-0.079961,-0.733811,-0.137525,-0.584627,0.412304,0.032184,-0.00832,-0.374276,-0.00871,0.223041,-0.492316,0.199762,0.012956,0.135736,-0.003864,
1.116275,-0.960516,-0.03635,-0.0,-1.570796,0.0,0.63881,0.168457,0.098994,0.0,0.0,0.0,-0.162916,0.086522,0.127195,0.363324,-0.259719,-0.079859,-0.731549,-0.136636,-0.582866,0.408207,0.031534,-0.00818,-0.373201,-0.008849,0.222368,-0.490378,0.198685,0.013152,0.135064,-0.003966,
1.116914,-0.960348,-0.036251,-0.0,-1.570796,0.0,0.63881,0.168457,0.098994,0.0,0.0,0.0,-0.16299,0.086425,0.127252,0.365054,-0.261414,-0.079756,-0.729287,-0.135747,-0.581106,0.40411,0.030884,-0.008041,-0.372126,-0.008988,0.221696,-0.488439,0.197609,0.013348,0.134393,-0.004069,
1.117553,-0.960179,-0.036152,-0.0,-1.570796,0.0,0.638887,0.168534,0.098994,0.0,0.0,0.0,-0.163064,0.086328,0.127309,0.366784,-0.263109,-0.079653,-0.727025,-0.134858,-0.579345,0.400012,0.030234,-0.007902,-0.371051,-0.009127,0.221023,-0.4865,0.196532,0.013543,0.133721,-0.004171,
1.118192,-0.960011,-0.036053,-0.0,-1.570796,0.0,0.63881,0.168457,0.098994,0.0,0.0,0.0,-0.163138,0.086231,0.127365,0.368513,-0.264805,-0.079551,-0.724763,-0.133968,-0.577584,0.395915,0.029584,-0.007763,-0.369975,-0.009267,0.220351,-0.484561,0.195456,0.013739,0.133049,-0.004274,
1.11883,-0.959842,-0.035954,-0.0,-1.570796,0.0,0.638658,0.168457,0.09897,0.0,0.0,0.0,-0.163212,0.086134,0.127422,0.370243,-0.266499,-0.079448,-0.722501,-0.13308,-0.575824,0.391819,0.028934,-0.007624,-0.3689,-0.009406,0.219678,-0.482623,0.194379,0.013935,0.132378,-0.004377,
1.119469,-0.959674,-0.035855,-0.0,-1.570796,0.0,0.63881,0.168457,0.098994,0.0,0.0,0.0,-0.163286,0.086037,0.127479,0.371972,-0.268195,-0.079346,-0.720239,-0.132191,-0.574063,0.387722,0.028283,-0.007485,-0.367825,-0.009545,0.219006,-0.480685,0.193303,0.014131,0.131706,-0.004479,
1.120108,-0.959505,-0.035756,-0.0,-1.570796,0.0,0.638887,0.168534,0.098994,0.0,0.0,0.0,-0.163359,0.08594,0.127536,0.373702,-0.26989,-0.079243,-0.717977,-0.131301,-0.572302,0.383625,0.027633,-0.007345,-0.36675,-0.009684,0.218333,-0.478746,0.192226,0.014327,0.131034,-0.004582,
1.120747,-0.959337,-0.035657,-0.0,-1.570796,0.0,0.63881,0.168457,0.098994,0.0,0.0,0.0,-0.163433,0.085843,0.127593,0.375431,-0.271585,-0.07914,-0.715715,-0.130412,-0.570541,0.379529,0.026983,-0.007206,-0.365675,-0.009823,0.217661,-0.476807,0.19115,0.014523,0.130363,-0.004684,
1.121386,-0.959168,-0.035558,-0.0,-1.570796,0.0,0.63881,0.168534,0.098994,0.0,0.0,0.0,-0.163507,0.085746,0.12765,0.377161,-0.273281,-0.079038,-0.713453,-0.129523,-0.568781,0.375432,0.026333,-0.007067,-0.3646,-0.009962,0.216988,-0.474869,0.190073,0.014719,0.129691,-0.004787,
1.122024,-0.959,-0.035459,-0.0,-1.570796,0.0,0.638887,0.168457,0.098994,0.0,0.0,0.0,-0.163581,0.085649,0.127707,0.378891,-0.274976,-0.078935,-0.711191,-0.128634,-0.56702,0.371336,0.025683,-0.006928,-0.363524,-0.010101,0.216316,-0.47293,0.188997,0.014915,0.129019,-0.004889,
1.122663,-0.958831,-0.03536,-0.0,-1.570796,0.0,0.638658,0.168457,0.098968,0.0,0.0,0.0,-0.163655,0.085552,0.127764,0.38062,-0.276671,-0.078833,-0.70893,-0.127745,-0.56526,0.367241,0.025033,-0.006789,-0.362449,-0.010241,0.215644,-0.470992,0.187921,0.015111,0.128348,-0.004992,
1.123302,-0.958663,-0.035261,-0.0,-1.570796,0.0,0.638963,0.168534,0.09902,0.0,0.0,0.0,-0.163729,0.085455,0.12782,0.38235,-0.278366,-0.07873,-0.706667,-0.126856,-0.563499,0.363145,0.024383,-0.00665,-0.361374,-0.01038,0.214971,-0.469053,0.186844,0.015307,0.127676,-0.005094,
1.123941,-0.958494,-0.035162,-0.0,-1.570796,0.0,0.638887,0.168457,0.098994,0.0,0.0,0.0,-0.163803,0.085358,0.127877,0.384079,-0.280061,-0.078627,-0.704406,-0.125967,-0.561738,0.35905,0.023733,-0.00651,-0.360299,-0.010519,0.214298,-0.467115,0.185767,0.015503,0.127004,-0.005197,
1.12458,-0.958326,-0.035063,-0.0,-1.570796,0.0,0.638658,0.168457,0.098968,0.0,0.0,0.0,-0.163877,0.085261,0.127934,0.385808,-0.281756,-0.078525,-0.702144,-0.125078,-0.559978,0.354956,0.023083,-0.006371,-0.359224,-0.010658,0.213626,-0.465177,0.184691,0.015699,0.126333,-0.005299,
1.125218,-0.958157,-0.034964,-0.0,-1.570796,0.0,0.63881,0.168457,0.098994,0.0,0.0,0.0,-0.163951,0.085164,0.127991,0.387538,-0.283451,-0.078422,-0.699883,-0.124189,-0.558217,0.350862,0.022433,-0.006232,-0.358149,-0.010797,0.212954,-0.463238,0.183615,0.015895,0.125661,-0.005402,
1.125857,-0.957989,-0.034865,-0.0,-1.570796,0.0,0.639039,0.168534,0.09902,0.0,0.0,0.0,-0.164025,0.085067,0.128048,0.389268,-0.285147,-0.078319,-0.697621,-0.1233,-0.556456,0.346767,0.021782,-0.006093,-0.357073,-0.010936,0.212281,-0.4613,0.182538,0.01609,0.124989,-0.005504,
1.126496,-0.95782,-0.034766,-0.0,-1.570796,0.0,0.638658,0.168457,0.098968,0.0,0.0,0.0,-0.164099,0.08497,0.128105,0.390996,-0.286841,-0.078217,-0.69536,-0.122411,-0.554696,0.342675,0.021133,-0.005954,-0.355998,-0.011076,0.211609,-0.459362,0.181462,0.016286,0.124317,-0.005607,
1.127152,-0.95765,-0.034658,-0.0,-1.570796,0.0,0.656129,0.170136,0.1085,0.0,0.0,0.0,-0.16405,0.084848,0.128053,0.392603,-0.288495,-0.078101,-0.693593,-0.121766,-0.553305,0.339787,0.020194,-0.005808,-0.354849,-0.011221,0.21089,-0.457339,0.180312,0.016484,0.123599,-0.00573,
1.127845,-0.957477,-0.034529,-0.0,-1.570796,0.0,0.692445,0.173569,0.128494,0.0,0.0,0.0,-0.163742,0.084674,0.127775,0.39395,-0.290061,-0.077958,-0.692865,-0.121636,-0.552691,0.339432,0.018649,-0.005649,-0.353541,-0.011378,0.210073,-0.455137,0.179006,0.016685,0.122783,-0.005894,
1.128537,-0.957303,-0.034401,-0.0,-1.570796,0.0,0.692216,0.173493,0.12846,0.0,0.0,0.0,-0.163434,0.0845,0.127496,0.395297,-0.291627,-0.077815,-0.692138,-0.121506,-0.552078,0.339077,0.017104,-0.00549,-0.352235,-0.011535,0.209256,-0.452936,0.1777,0.016887,0.121967,-0.006059,
1.12923,-0.957129,-0.034272,-0.0,-1.570796,0.0,0.692674,0.173645,0.128527,0.0,0.0,0.0,-0.163125,0.084326,0.127217,0.396644,-0.293194,-0.077672,-0.691411,-0.121375,-0.551463,0.338723,0.015558,-0.00533,-0.350927,-0.011693,0.208439,-0.450733,0.176394,0.017088,0.121151,-0.006224,
1.129922,-0.956956,-0.034144,-0.0,-1.570796,0.0,0.692216,0.173493,0.12846,0.0,0.0,0.0,-0.162817,0.084152,0.126938,0.397991,-0.29476,-0.07753,-0.690684,-0.121245,-0.55085,0.338368,0.014013,-0.005171,-0.34962,-0.01185,0.207622,-0.448532,0.175088,0.01729,0.120335,-0.006389,
1.130614,-0.956782,-0.034015,-0.0,-1.570796,0.0,0.692445,0.173569,0.128494,0.0,0.0,0.0,-0.162509,0.083978,0.126659,0.399338,-0.296327,-0.077387,-0.689956,-0.121114,-0.550236,0.338014,0.012468,-0.005012,-0.348313,-0.012008,0.206805,-0.44633,0.173782,0.017491,0.119519,-0.006553,
1.131307,-0.956609,-0.033887,-0.0,-1.570796,0.0,0.692445,0.173569,0.128491,0.0,0.0,0.0,-0.162201,0.083804,0.12638,0.400685,-0.297893,-0.077244,-0.689229,-0.120984,-0.549622,0.337659,0.010922,-0.004852,-0.347006,-0.012165,0.205988,-0.444128,0.172476,0.017693,0.118703,-0.006718,
1.131999,-0.956435,-0.033758,-0.0,-1.570796,0.0,0.692521,0.173569,0.128494,0.0,0.0,0.0,-0.161893,0.08363,0.126102,0.402033,-0.29946,-0.077101,-0.688502,-0.120854,-0.549008,0.337304,0.009377,-0.004693,-0.345699,-0.012323,0.205171,-0.441926,0.17117,0.017894,0.117887,-0.006883,
1.132692,-0.956262,-0.03363,-0.0,-1.570796,0.0,0.692445,0.173569,0.128494,0.0,0.0,0.0,-0.161585,0.083456,0.125823,0.40338,-0.301026,-0.076958,-0.687774,-0.120723,-0.548394,0.33695,0.007831,-0.004534,-0.344392,-0.01248,0.204354,-0.439724,0.169864,0.018095,0.117071,-0.007048,
1.133384,-0.956088,-0.033501,-0.0,-1.570796,0.0,0.692445,0.173569,0.128494,0.0,0.0,0.0,-0.161277,0.083282,0.125544,0.404727,-0.302593,-0.076815,-0.687047,-0.120593,-0.54778,0.336595,0.006286,-0.004375,-0.343084,-0.012638,0.203537,-0.437522,0.168558,0.018297,0.116255,-0.007213,
1.134076,-0.955915,-0.033373,-0.0,-1.570796,0.0,0.692216,0.173493,0.12846,0.0,0.0,0.0,-0.160969,0.083108,0.125265,0.406074,-0.304159,-0.076672,-0.68632,-0.120463,-0.547166,0.33624,0.004741,-0.004215,-0.341777,-0.012795,0.20272,-0.43532,0.167252,0.018498,0.115439,-0.007377,
1.134769,-0.955741,-0.033244,-0.0,-1.570796,0.0,0.692674,0.173569,0.128525,0.0,0.0,0.0,-0.160661,0.082934,0.124986,0.407422,-0.305726,-0.076529,-0.685592,-0.120332,-0.546552,0.335886,0.003195,-0.004056,-0.34047,-0.012953,0.201903,-0.433117,0.165946,0.0187,0.114623,-0.007542,
1.135461,-0.955568,-0.033116,-0.0,-1.570796,0.0,0.692445,0.173569,0.128494,0.0,0.0,0.0,-0.160353,0.082761,0.124707,0.408769,-0.307293,-0.076386,-0.684865,-0.120202,-0.545938,0.335531,0.001649,-0.003897,-0.339163,-0.01311,0.201086,-0.430915,0.16464,0.018901,0.113807,-0.007707,
1.136154,-0.955394,-0.032987,-0.0,-1.570796,0.0,0.692216,0.173569,0.12846,0.0,0.0,0.0,-0.160045,0.082587,0.124429,0.410116,-0.308859,-0.076243,-0.684138,-0.120072,-0.545324,0.335176,0.000104,-0.003737,-0.337856,-0.013268,0.200269,-0.428713,0.163334,0.019102,0.112991,-0.007872,
1.136846,-0.95522,-0.032859,-0.0,-1.570796,0.0,0.692521,0.173493,0.128494,0.0,0.0,0.0,-0.159737,0.082413,0.12415,0.411463,-0.310426,-0.0761,-0.68341,-0.119941,-0.54471,0.334822,-0.001441,-0.003578,-0.336548,-0.013425,0.199453,-0.426511,0.162028,0.019304,0.112175,-0.008037,
1.137539,-0.955047,-0.03273,-0.0,-1.570796,0.0,0.692445,0.173569,0.128494,0.0,0.0,0.0,-0.159429,0.082239,0.123871,0.41281,-0.311992,-0.075957,-0.682683,-0.119811,-0.544096,0.334467,-0.002987,-0.003419,-0.335241,-0.013583,0.198636,-0.424308,0.160722,0.019505,0.111359,-0.008201,
1.138231,-0.954873,-0.032602,-0.0,-1.570796,0.0,0.692445,0.173569,0.128494,0.0,0.0,0.0,-0.159121,0.082065,0.123592,0.414158,-0.313559,-0.075815,-0.681956,-0.119681,-0.543482,0.334112,-0.004532,-0.00326,-0.333934,-0.01374,0.197819,-0.422106,0.159416,0.019707,0.110543,-0.008366,
1.138924,-0.9547,-0.032473,-0.0,-1.570796,0.0,0.692445,0.173569,0.128494,0.0,0.0,0.0,-0.158813,0.081891,0.123313,0.415505,-0.315126,-0.075672,-0.681228,-0.11955,-0.542869,0.333758,-0.006078,-0.0031,-0.332627,-0.013898,0.197002,-0.419904,0.15811,0.019908,0.109727,-0.008531,
1.139616,-0.954526,-0.032345,-0.0,-1.570796,0.0,0.692216,0.173493,0.12846,0.0,0.0,0.0,-0.158505,0.081717,0.123034,0.416852,-0.316692,-0.075529,-0.680501,-0.11942,-0.542255,0.333403,-0.007623,-0.002941,-0.33132,-0.014055,0.196185,-0.417702,0.156804,0.02011,0.108911,-0.008696,
1.140308,-0.954353,-0.032217,-0.0,-1.570796,0.0,0.692445,0.173569,0.128494,0.0,0.0,0.0,-0.158196,0.081543,0.122756,0.418199,-0.318258,-0.075386,-0.679774,-0.11929,-0.541641,0.333048,-0.009169,-0.002782,-0.330013,-0.014212,0.195368,-0.4155,0.155498,0.020311,0.108095,-0.008861,
1.141001,-0.954179,-0.032088,-0.0,-1.570796,0.0,0.692674,0.173645,0.128525,0.0,0.0,0.0,-0.157888,0.081369,0.122477,0.419547,-0.319826,-0.075243,-0.679046,-0.119159,-0.541027,0.332694,-0.010714,-0.002622,-0.328705,-0.01437,0.194551,-0.413297,0.154192,0.020512,0.107279,-0.009025,
1.141693,-0.954006,-0.03196,-0.0,-1.570796,0.0,0.692216,0.173493,0.12846,0.0,0.0,0.0,-0.15758,0.081195,0.122198,0.420894,-0.321392,-0.0751,-0.678319,-0.119029,-0.540413,0.332339,-0.01226,-0.002463,-0.327398,-0.014527,0.193734,-0.411095,0.152886,0.020714,0.106463,-0.00919,
1.142385,-0.953832,-0.031831,-0.0,-1.570796,0.0,0.692521,0.173569,0.128494,0.0,0.0,0.0,-0.157272,0.081021,0.121919,0.422241,-0.322958,-0.074957,-0.677592,-0.118898,-0.539799,0.331984,-0.013805,-0.002304,-0.326091,-0.014685,0.192917,-0.408893,0.15158,0.020915,0.105647,-0.009355,
1.143078,-0.953658,-0.031703,-0.0,-1.570796,0.0,0.692445,0.173569,0.128494,0.0,0.0,0.0,-0.156964,0.080847,0.12164,0.423588,-0.324525,-0.074814,-0.676864,-0.118768,-0.539185,0.33163,-0.015351,-0.002144,-0.324784,-0.014842,0.1921,-0.40669,0.150274,0.021117,0.104831,-0.00952,
1.14377,-0.953485,-0.031574,-0.0,-1.570796,0.0,0.692445,0.173569,0.128494,0.0,0.0,0.0,-0.156656,0.080673,0.121361,0.424935,-0.326092,-0.074671,-0.676137,-0.118638,-0.538571,0.331275,-0.016896,-0.001985,-0.323476,-0.015,0.191283,-0.404488,0.148968,0.021318,0.104014,-0.009685,
1.144463,-0.953311,-0.031446,-0.0,-1.570796,0.0,0.692445,0.173569,0.128494,0.0,0.0,0.0,-0.156348,0.080499,0.121082,0.426283,-0.327658,-0.074528,-0.67541,-0.118507,-0.537957,0.33092,-0.018441,-0.001826,-0.322169,-0.015157,0.190466,-0.402286,0.147662,0.021519,0.103198,-0.009849,
1.145155,-0.953138,-0.031317,-0.0,-1.570796,0.0,0.692445,0.173569,0.128491,0.0,0.0,0.0,-0.15604,0.080325,0.120804,0.42763,-0.329225,-0.074385,-0.674683,-0.118377,-0.537343,0.330566,-0.019987,-0.001667,-0.320862,-0.015315,0.189649,-0.400084,0.146356,0.021721,0.102382,-0.010014,
1.145848,-0.952964,-0.031189,-0.0,-1.570796,0.0,0.692216,0.173493,0.128463,0.0,0.0,0.0,-0.155732,0.080151,0.120525,0.428977,-0.330791,-0.074242,-0.673955,-0.118247,-0.536729,0.330211,-0.021532,-0.001507,-0.319555,-0.015472,0.188832,-0.397882,0.14505,0.021922,0.101566,-0.010179,
1.14654,-0.952791,-0.03106,-0.0,-1.570796,0.0,0.692445,0.173569,0.128491,0.0,0.0,0.0,-0.155424,0.079977,0.120246,0.430324,-0.332357,-0.0741,-0.673228,-0.118116,-0.536116,0.329857,-0.023077,-0.001348,-0.318248,-0.01563,0.188015,-0.39568,0.143744,0.022124,0.10075,-0.010344,
1.147233,-0.952617,-0.030932,-0.0,-1.570796,0.0,0.692674,0.173569,0.128527,0.0,0.0,0.0,-0.155116,0.079803,0.119967,0.431671,-0.333924,-0.073957,-0.6725,-0.117986,-0.535501,0.329502,-0.024623,-0.001189,-0.31694,-0.015787,0.187198,-0.393478,0.142438,0.022325,0.099934,-0.010508,
1.147925,-0.952444,-0.030803,-0.0,-1.570796,0.0,0.692292,0.173569,0.12846,0.0,0.0,0.0,-0.154808,0.079629,0.119688,0.433018,-0.33549,-0.073814,-0.671773,-0.117856,-0.534888,0.329147,-0.026168,-0.001029,-0.315633,-0.015945,0.186381,-0.391276,0.141132,0.022527,0.099118,-0.010673,
1.148617,-0.95227,-0.030675,-0.0,-1.570796,0.0,0.692445,0.173569,0.128494,0.0,0.0,0.0,-0.1545,0.079455,0.119409,0.434365,-0.337057,-0.073671,-0.671046,-0.117725,-0.534274,0.328793,-0.027713,-0.00087,-0.314326,-0.016102,0.185564,-0.389075,0.139826,0.022728,0.098302,-0.010838,
1.14931,-0.952096,-0.030546,-0.0,-1.570796,0.0,0.692445,0.173493,0.128494,0.0,0.0,0.0,-0.154192,0.079281,0.119131,0.435712,-0.338623,-0.073528,-0.670319,-0.117595,-0.53366,0.328438,-0.029259,-0.000711,-0.313019,-0.01626,0.184747,-0.386873,0.13852,0.022929,0.097486,-0.011003,
1.150002,-0.951923,-0.030418,-0.0,-1.570796,0.0,0.692445,0.173569,0.128494,0.0,0.0,0.0,-0.153884,0.079107,0.118852,0.43706,-0.34019,-0.073385,-0.669591,-0.117465,-0.533046,0.328083,-0.030804,-0.000551,-0.311712,-0.016417,0.183931,-0.384671,0.137214,0.023131,0.09667,-0.011168,
1.150745,-0.951779,-0.030265,-0.0,-1.570796,0.0,0.742723,0.143662,0.152705,0.0,0.0,0.0,-0.153499,0.078891,0.118479,0.438399,-0.341329,-0.073206,-0.66959,-0.117665,-0.532965,0.329782,-0.031271,-0.000363,-0.310222,-0.016574,0.182999,-0.382364,0.135724,0.023307,0.095737,-0.011416,
1.151488,-0.951636,-0.030112,-0.0,-1.570796,0.0,0.743333,0.143204,0.152996,0.0,0.0,0.0,-0.153114,0.078675,0.118105,0.439737,-0.342462,-0.073026,-0.669599,-0.117869,-0.532891,0.331508,-0.031723,-0.000175,-0.308729,-0.016732,0.182065,-0.380057,0.134232,0.023483,0.094803,-0.011664,
1.152232,-0.951493,-0.029959,-0.0,-1.570796,0.0,0.743409,0.143204,0.153036,0.0,0.0,0.0,-0.152729,0.078458,0.117731,0.441076,-0.343595,-0.072847,-0.669608,-0.118074,-0.532817,0.333234,-0.032176,0.000014,-0.307236,-0.016889,0.181132,-0.377748,0.132739,0.023659,0.093868,-0.011913,
1.152975,-0.95135,-0.029806,-0.0,-1.570796,0.0,0.743715,0.14328,0.153077,0.0,0.0,0.0,-0.152344,0.078241,0.117357,0.442415,-0.344729,-0.072667,-0.669616,-0.118278,-0.532743,0.334961,-0.032628,0.000203,-0.305743,-0.017047,0.180198,-0.375439,0.131246,0.023834,0.092934,-0.012163,
1.153719,-0.951206,-0.029653,-0.0,-1.570796,0.0,0.743257,0.143204,0.152996,0.0,0.0,0.0,-0.151959,0.078024,0.116982,0.443754,-0.345862,-0.072488,-0.669625,-0.118483,-0.532669,0.336687,-0.03308,0.000391,-0.30425,-0.017204,0.179265,-0.373131,0.129753,0.02401,0.091999,-0.012412,
1.154462,-0.951063,-0.0295,-0.0,-1.570796,0.0,0.743486,0.143204,0.153036,0.0,0.0,0.0,-0.151574,0.077807,0.116608,0.445092,-0.346995,-0.072308,-0.669634,-0.118687,-0.532595,0.338414,-0.033533,0.00058,-0.302757,-0.017362,0.178332,-0.370822,0.128261,0.024186,0.091065,-0.012661,
1.155206,-0.95092,-0.029347,-0.0,-1.570796,0.0,0.743409,0.143204,0.153036,0.0,0.0,0.0,-0.151189,0.077591,0.116234,0.446431,-0.348128,-0.072129,-0.669642,-0.118892,-0.532521,0.340141,-0.033985,0.000768,-0.301264,-0.017519,0.177398,-0.368514,0.126768,0.024362,0.09013,-0.01291,
1.155949,-0.950777,-0.029194,-0.0,-1.570796,0.0,0.743333,0.143204,0.152998,0.0,0.0,0.0,-0.150804,0.077374,0.11586,0.44777,-0.349261,-0.071949,-0.669651,-0.119096,-0.532447,0.341867,-0.034437,0.000957,-0.299772,-0.017677,0.176465,-0.366205,0.125275,0.024537,0.089196,-0.013159,
1.156693,-0.950633,-0.029041,-0.0,-1.570796,0.0,0.743638,0.14328,0.153075,0.0,0.0,0.0,-0.150418,0.077157,0.115486,0.449109,-0.350395,-0.071769,-0.66966,-0.119301,-0.532372,0.343594,-0.03489,0.001145,-0.298278,-0.017834,0.175531,-0.363896,0.123782,0.024713,0.088261,-0.013408,
1.157436,-0.95049,-0.028888,-0.0,-1.570796,0.0,0.743486,0.143204,0.153036,0.0,0.0,0.0,-0.150033,0.07694,0.115112,0.450448,-0.351528,-0.07159,-0.669668,-0.119505,-0.532299,0.345321,-0.035342,0.001334,-0.296785,-0.017992,0.174598,-0.361587,0.122289,0.024889,0.087326,-0.013657,
1.158179,-0.950347,-0.028735,-0.0,-1.570796,0.0,0.743257,0.143204,0.152998,0.0,0.0,0.0,-0.149648,0.076724,0.114738,0.451787,-0.352661,-0.07141,-0.669677,-0.119709,-0.532224,0.347047,-0.035794,0.001523,-0.295293,-0.018149,0.173664,-0.359279,0.120797,0.025065,0.086392,-0.013906,
1.158923,-0.950204,-0.028582,-0.0,-1.570796,0.0,0.743486,0.14328,0.153036,0.0,0.0,0.0,-0.149263,0.076507,0.114364,0.453125,-0.353795,-0.071231,-0.669686,-0.119914,-0.53215,0.348774,-0.036247,0.001711,-0.2938,-0.018307,0.172731,-0.35697,0.119304,0.025241,0.085457,-0.014155,
1.159666,-0.950061,-0.028429,-0.0,-1.570796,0.0,0.743409,0.143204,0.153036,0.0,0.0,0.0,-0.148878,0.07629,0.11399,0.454464,-0.354928,-0.071051,-0.669694,-0.120119,-0.532076,0.350501,-0.036699,0.0019,-0.292307,-0.018464,0.171797,-0.354661,0.117811,0.025416,0.084522,-0.014404,
1.16041,-0.949917,-0.028276,-0.0,-1.570796,0.0,0.743486,0.143204,0.153036,0.0,0.0,0.0,-0.148493,0.076073,0.113615,0.455803,-0.356061,-0.070872,-0.669703,-0.120323,-0.532002,0.352227,-0.037151,0.002088,-0.290813,-0.018622,0.170864,-0.352352,0.116318,0.025592,0.083588,-0.014653,
1.161153,-0.949774,-0.028123,-0.0,-1.570796,0.0,0.743486,0.14328,0.153036,0.0,0.0,0.0,-0.148107,0.075856,0.113241,0.457142,-0.357195,-0.070692,-0.669712,-0.120527,-0.531928,0.353954,-0.037604,0.002277,-0.28932,-0.018779,0.16993,-0.350043,0.114825,0.025768,0.082653,-0.014902,
1.161896,-0.949631,-0.02797,-0.0,-1.570796,0.0,0.743257,0.143128,0.152996,0.0,0.0,0.0,-0.147722,0.07564,0.112867,0.458481,-0.358328,-0.070513,-0.66972,-0.120732,-0.531854,0.355681,-0.038056,0.002466,-0.287828,-0.018937,0.168997,-0.347734,0.113332,0.025944,0.081719,-0.015151,
1.16264,-0.949488,-0.027816,-0.0,-1.570796,0.0,0.743638,0.14328,0.153077,0.0,0.0,0.0,-0.147337,0.075423,0.112493,0.45982,-0.359462,-0.070333,-0.669729,-0.120936,-0.53178,0.357408,-0.038509,0.002654,-0.286334,-0.019094,0.168063,-0.345425,0.111839,0.02612,0.080784,-0.0154,
1.163383,-0.949344,-0.027663,-0.0,-1.570796,0.0,0.743486,0.14328,0.153036,0.0,0.0,0.0,-0.146952,0.075206,0.112119,0.461159,-0.360595,-0.070154,-0.669737,-0.121141,-0.531706,0.359135,-0.038961,0.002843,-0.284841,-0.019252,0.16713,-0.343115,0.110346,0.026295,0.079849,-0.015649,
1.164127,-0.949201,-0.02751,-0.0,-1.570796,0.0,0.743257,0.143128,0.152996,0.0,0.0,0.0,-0.146567,0.074989,0.111745,0.462498,-0.361728,-0.069974,-0.669746,-0.121345,-0.531632,0.360861,-0.039413,0.003031,-0.283348,-0.019409,0.166197,-0.340807,0.108854,0.026471,0.078915,-0.015898,
1.16487,-0.949058,-0.027357,-0.0,-1.570796,0.0,0.743486,0.14328,0.153036,0.0,0.0,0.0,-0.146182,0.074773,0.111371,0.463837,-0.362861,-0.069794,-0.669755,-0.12155,-0.531558,0.362588,-0.039865,0.00322,-0.281855,-0.019566,0.165263,-0.338498,0.107361,0.026647,0.07798,-0.016147,
1.165614,-0.948915,-0.027204,-0.0,-1.570796,0.0,0.743486,0.143204,0.153036,0.0,0.0,0.0,-0.145797,0.074556,0.110997,0.465176,-0.363995,-0.069615,-0.669763,-0.121754,-0.531484,0.364314,-0.040318,0.003409,-0.280362,-0.019724,0.16433,-0.336189,0.105868,0.026823,0.077046,-0.016396,
1.166357,-0.948772,-0.027051,-0.0,-1.570796,0.0,0.743486,0.143204,0.153036,0.0,0.0,0.0,-0.145412,0.074339,0.110623,0.466515,-0.365128,-0.069435,-0.669772,-0.121959,-0.53141,0.366041,-0.04077,0.003597,-0.278869,-0.019881,0.163396,-0.33388,0.104375,0.026999,0.076111,-0.016645,
1.167101,-0.948628,-0.026898,-0.0,-1.570796,0.0,0.743409,0.14328,0.153036,0.0,0.0,0.0,-0.145026,0.074122,0.110248,0.467853,-0.366261,-0.069256,-0.669781,-0.122163,-0.531336,0.367768,-0.041223,0.003786,-0.277376,-0.020039,0.162463,-0.331571,0.102882,0.027174,0.075177,-0.016894,
1.167844,-0.948485,-0.026745,-0.0,-1.570796,0.0,0.743486,0.143204,0.153036,0.0,0.0,0.0,-0.144641,0.073906,0.109874,0.469192,-0.367395,-0.069076,-0.66979,-0.122368,-0.531262,0.369495,-0.041675,0.003974,-0.275883,-0.020196,0.161529,-0.329262,0.101389,0.02735,0.074242,-0.017143,
1.168587,-0.948342,-0.026592,-0.0,-1.570796,0.0,0.743257,0.143204,0.152998,0.0,0.0,0.0,-0.144256,0.073689,0.1095,0.470531,-0.368528,-0.068897,-0.669798,-0.122572,-0.531188,0.371221,-0.042127,0.004163,-0.27439,-0.020354,0.160596,-0.326954,0.099896,0.027526,0.073308,-0.017392,
1.169331,-0.948199,-0.026439,-0.0,-1.570796,0.0,0.743715,0.14328,0.153075,0.0,0.0,0.0,-0.143871,0.073472,0.109126,0.47187,-0.369662,-0.068717,-0.669807,-0.122777,-0.531114,0.372948,-0.04258,0.004352,-0.272897,-0.020511,0.159662,-0.324644,0.098403,0.027702,0.072373,-0.017641,
1.170074,-0.948055,-0.026286,-0.0,-1.570796,0.0,0.743409,0.143204,0.153036,0.0,0.0,0.0,-0.143486,0.073255,0.108752,0.473209,-0.370795,-0.068538,-0.669816,-0.122981,-0.53104,0.374675,-0.043032,0.00454,-0.271404,-0.020669,0.158729,-0.322336,0.09691,0.027877,0.071438,-0.01789,
1.170818,-0.947912,-0.026133,-0.0,-1.570796,0.0,0.743333,0.143204,0.152998,0.0,0.0,0.0,-0.143101,0.073039,0.108378,0.474548,-0.371928,-0.068358,-0.669824,-0.123186,-0.530966,0.376401,-0.043484,0.004729,-0.269911,-0.020826,0.157795,-0.320027,0.095418,0.028053,0.070504,-0.018139,
1.171561,-0.947769,-0.02598,-0.0,-1.570796,0.0,0.743409,0.143204,0.153036,0.0,0.0,0.0,-0.142716,0.072822,0.108004,0.475886,-0.373061,-0.068179,-0.669833,-0.12339,-0.530892,0.378128,-0.043937,0.004917,-0.268418,-0.020984,0.156862,-0.317719,0.093925,0.028229,0.069569,-0.018388,
1.172305,-0.947626,-0.025827,-0.0,-1.570796,0.0,0.743486,0.143204,0.153036,0.0,0.0,0.0,-0.14233,0.072605,0.10763,0.477225,-0.374195,-0.067999,-0.669842,-0.123595,-0.530818,0.379854,-0.044389,0.005106,-0.266925,-0.021141,0.155929,-0.31541,0.092432,0.028405,0.068635,-0.018637,
1.173048,-0.947483,-0.025674,-0.0,-1.570796,0.0,0.743486,0.14328,0.153036,0.0,0.0,0.0,-0.141945,0.072388,0.107256,0.478564,-0.375328,-0.067819,-0.66985,-0.123799,-0.530744,0.381581,-0.044841,0.005294,-0.265433,-0.021299,0.154995,-0.313102,0.09094,0.028581,0.0677,-0.018886,
1.173792,-0.947339,-0.025521,-0.0,-1.570796,0.0,0.743486,0.143204,0.153034,0.0,0.0,0.0,-0.14156,0.072172,0.106881,0.479903,-0.376461,-0.06764,-0.669859,-0.124004,-0.53067,0.383307,-0.045294,0.005483,-0.26394,-0.021456,0.154062,-0.310793,0.089447,0.028756,0.066765,-0.019135,
1.174535,-0.947196,-0.025368,-0.0,-1.570796,0.0,0.743257,0.143204,0.152998,0.0,0.0,0.0,-0.141175,0.071955,0.106507,0.481241,-0.377594,-0.06746,-0.669868,-0.124208,-0.530596,0.385033,-0.045746,0.005672,-0.262447,-0.021614,0.153128,-0.308486,0.087954,0.028932,0.065831,-0.019384,
1.175302,-0.947098,-0.025202,-0.0,-1.570796,0.0,0.767442,0.097885,0.166469,0.0,0.0,0.0,-0.141081,0.071742,0.106367,0.482946,-0.378169,-0.067268,-0.669075,-0.124118,-0.529891,0.385589,-0.044963,0.005883,-0.260857,-0.021765,0.152134,-0.306211,0.086364,0.029075,0.064837,-0.019702,
1.176083,-0.947025,-0.025028,-0.0,-1.570796,0.0,0.780488,0.073547,0.173726,0.0,0.0,0.0,-0.141144,0.071531,0.106352,0.484846,-0.378443,-0.067068,-0.667851,-0.123869,-0.528845,0.385516,-0.043516,0.006106,-0.259214,-0.021913,0.151106,-0.303955,0.08472,0.029199,0.063811,-0.020058,
1.176863,-0.946951,-0.024854,-0.0,-1.570796,0.0,0.780031,0.073547,0.173638,0.0,0.0,0.0,-0.141206,0.07132,0.106338,0.486747,-0.378717,-0.066868,-0.666628,-0.123621,-0.527801,0.385444,-0.04207,0.00633,-0.257572,-0.022062,0.150078,-0.3017,0.083078,0.029324,0.062786,-0.020413,
1.177643,-0.946878,-0.02468,-0.0,-1.570796,0.0,0.780336,0.073471,0.173683,0.0,0.0,0.0,-0.141268,0.071109,0.106323,0.488647,-0.378991,-0.066669,-0.665404,-0.123372,-0.526756,0.385371,-0.040623,0.006553,-0.255929,-0.02221,0.14905,-0.299443,0.081435,0.029448,0.06176,-0.020768,
1.178424,-0.946804,-0.024507,-0.0,-1.570796,0.0,0.780259,0.073547,0.173681,0.0,0.0,0.0,-0.141331,0.070898,0.106308,0.490548,-0.379265,-0.066469,-0.66418,-0.123123,-0.525711,0.385298,-0.039177,0.006776,-0.254286,-0.022358,0.148023,-0.297187,0.079792,0.029573,0.060735,-0.021123,
1.179204,-0.946731,-0.024333,-0.0,-1.570796,0.0,0.780336,0.073547,0.173683,0.0,0.0,0.0,-0.141393,0.070687,0.106294,0.492448,-0.379539,-0.066269,-0.662957,-0.122875,-0.524666,0.385225,-0.03773,0.007,-0.252643,-0.022507,0.146995,-0.294931,0.078148,0.029697,0.059709,-0.021478,
1.179984,-0.946657,-0.024159,-0.0,-1.570796,0.0,0.780259,0.073547,0.173681,0.0,0.0,0.0,-0.141456,0.070475,0.106279,0.494349,-0.379813,-0.06607,-0.661733,-0.122626,-0.523621,0.385153,-0.036283,0.007223,-0.251001,-0.022655,0.145967,-0.292675,0.076505,0.029822,0.058683,-0.021834,
1.180764,-0.946583,-0.023986,-0.0,-1.570796,0.0,0.780336,0.073547,0.173683,0.0,0.0,0.0,-0.141518,0.070264,0.106264,0.49625,-0.380088,-0.06587,-0.660509,-0.122377,-0.522576,0.38508,-0.034837,0.007447,-0.249358,-0.022803,0.144939,-0.290418,0.074862,0.029946,0.057657,-0.022189,
1.181545,-0.94651,-0.023812,-0.0,-1.570796,0.0,0.780107,0.073471,0.173638,0.0,0.0,0.0,-0.14158,0.070053,0.10625,0.49815,-0.380362,-0.06567,-0.659286,-0.122129,-0.521531,0.385007,-0.03339,0.00767,-0.247716,-0.022952,0.143912,-0.288162,0.073219,0.030071,0.056632,-0.022544,
1.182325,-0.946436,-0.023638,-0.0,-1.570796,0.0,0.780488,0.073547,0.173726,0.0,0.0,0.0,-0.141643,0.069842,0.106235,0.500051,-0.380636,-0.065471,-0.658062,-0.12188,-0.520486,0.384934,-0.031943,0.007893,-0.246072,-0.0231,0.142884,-0.285905,0.071575,0.030195,0.055606,-0.022899,
1.183105,-0.946363,-0.023465,-0.0,-1.570796,0.0,0.780107,0.073547,0.173638,0.0,0.0,0.0,-0.141705,0.069631,0.10622,0.501952,-0.38091,-0.065271,-0.656839,-0.121632,-0.519442,0.384862,-0.030497,0.008117,-0.24443,-0.023248,0.141856,-0.283649,0.069932,0.03032,0.054581,-0.023255,
1.183885,-0.946289,-0.023291,-0.0,-1.570796,0.0,0.780259,0.073547,0.173683,0.0,0.0,0.0,-0.141768,0.06942,0.106206,0.503852,-0.381184,-0.065071,-0.655615,-0.121383,-0.518397,0.384789,-0.02905,0.00834,-0.242787,-0.023397,0.140829,-0.281393,0.068289,0.030444,0.053555,-0.02361,
1.184666,-0.946216,-0.023117,-0.0,-1.570796,0.0,0.780259,0.073471,0.173683,0.0,0.0,0.0,-0.14183,0.069209,0.106191,0.505753,-0.381458,-0.064872,-0.654392,-0.121134,-0.517352,0.384716,-0.027604,0.008563,-0.241144,-0.023545,0.139801,-0.279136,0.066646,0.030569,0.052529,-0.023965,
1.185446,-0.946142,-0.022944,-0.0,-1.570796,0.0,0.780107,0.073547,0.173638,0.0,0.0,0.0,-0.141892,0.068998,0.106176,0.507654,-0.381732,-0.064672,-0.653168,-0.120886,-0.516307,0.384644,-0.026157,0.008787,-0.239502,-0.023693,0.138773,-0.27688,0.065003,0.030693,0.051504,-0.02432,
1.186226,-0.946069,-0.02277,-0.0,-1.570796,0.0,0.780488,0.073547,0.173726,0.0,0.0,0.0,-0.141955,0.068787,0.106162,0.509555,-0.382007,-0.064472,-0.651944,-0.120637,-0.515262,0.384571,-0.02471,0.00901,-0.237858,-0.023842,0.137745,-0.274623,0.063359,0.030818,0.050478,-0.024676,
1.187007,-0.945995,-0.022596,-0.0,-1.570796,0.0,0.780336,0.073547,0.173683,0.0,0.0,0.0,-0.142017,0.068576,0.106147,0.511456,-0.382281,-0.064272,-0.65072,-0.120388,-0.514217,0.384498,-0.023264,0.009234,-0.236215,-0.02399,0.136718,-0.272366,0.061716,0.030942,0.049452,-0.025031,
1.187787,-0.945922,-0.022423,-0.0,-1.570796,0.0,0.780107,0.073471,0.173638,0.0,0.0,0.0,-0.14208,0.068365,0.106132,0.513356,-0.382555,-0.064073,-0.649497,-0.12014,-0.513172,0.384425,-0.021817,0.009457,-0.234573,-0.024138,0.13569,-0.27011,0.060073,0.031067,0.048427,-0.025386,
1.188567,-0.945848,-0.022249,-0.0,-1.570796,0.0,0.780259,0.073547,0.173681,0.0,0.0,0.0,-0.142142,0.068154,0.106118,0.515257,-0.382829,-0.063873,-0.648273,-0.119891,-0.512127,0.384353,-0.020371,0.00968,-0.23293,-0.024287,0.134662,-0.267854,0.05843,0.031191,0.047401,-0.025741,
1.189347,-0.945775,-0.022075,-0.0,-1.570796,0.0,0.780488,0.073547,0.173726,0.0,0.0,0.0,-0.142204,0.067943,0.106103,0.517159,-0.383103,-0.063673,-0.64705,-0.119642,-0.511082,0.38428,-0.018923,0.009904,-0.231287,-0.024435,0.133634,-0.265597,0.056786,0.031316,0.046375,-0.026097,
1.190127,-0.945701,-0.021902,-0.0,-1.570796,0.0,0.780107,0.073547,0.173641,0.0,0.0,0.0,-0.142267,0.067732,0.106088,0.519059,-0.383377,-0.063474,-0.645826,-0.119394,-0.510037,0.384207,-0.017477,0.010127,-0.229644,-0.024583,0.132607,-0.263341,0.055143,0.031441,0.045349,-0.026452,
1.190908,-0.945628,-0.021728,-0.0,-1.570796,0.0,0.780259,0.073547,0.173681,0.0,0.0,0.0,-0.142329,0.067521,0.106074,0.52096,-0.383652,-0.063274,-0.644603,-0.119145,-0.508992,0.384134,-0.01603,0.01035,-0.228001,-0.024731,0.131579,-0.261084,0.0535,0.031565,0.044324,-0.026807,
1.191688,-0.945554,-0.021554,-0.0,-1.570796,0.0,0.780336,0.073471,0.173683,0.0,0.0,0.0,-0.142392,0.06731,0.106059,0.522861,-0.383926,-0.063074,-0.643379,-0.118897,-0.507947,0.384062,-0.014584,0.010574,-0.226359,-0.02488,0.130551,-0.258827,0.051856,0.03169,0.043298,-0.027162,
1.192468,-0.945481,-0.021381,-0.0,-1.570796,0.0,0.780259,0.073547,0.173681,0.0,0.0,0.0,-0.142454,0.067099,0.106044,0.524761,-0.3842,-0.062875,-0.642155,-0.118648,-0.506902,0.383989,-0.013137,0.010797,-0.224716,-0.025028,0.129523,-0.256571,0.050213,0.031814,0.042272,-0.027518,
1.193249,-0.945407,-0.021207,-0.0,-1.570796,0.0,0.780336,0.073547,0.173683,0.0,0.0,0.0,-0.142516,0.066888,0.10603,0.526662,-0.384474,-0.062675,-0.640932,-0.118399,-0.505857,0.383916,-0.01169,0.011021,-0.223073,-0.025176,0.128496,-0.254314,0.04857,0.031939,0.041247,-0.027873,
1.194029,-0.945333,-0.021033,-0.0,-1.570796,0.0,0.780259,0.073547,0.173683,0.0,0.0,0.0,-0.142579,0.066677,0.106015,0.528563,-0.384748,-0.062475,-0.639708,-0.118151,-0.504812,0.383843,-0.010244,0.011244,-0.22143,-0.025325,0.127468,-0.252058,0.046926,0.032063,0.040221,-0.028228,
1.194809,-0.94526,-0.02086,-0.0,-1.570796,0.0,0.780107,0.073471,0.173638,0.0,0.0,0.0,-0.142641,0.066466,0.106,0.530463,-0.385022,-0.062276,-0.638485,-0.117902,-0.503767,0.383771,-0.008797,0.011467,-0.219788,-0.025473,0.12644,-0.249802,0.045284,0.032188,0.039195,-0.028583,
1.195589,-0.945186,-0.020686,-0.0,-1.570796,0.0,0.780336,0.073547,0.173681,0.0,0.0,0.0,-0.142704,0.066255,0.105986,0.532364,-0.385296,-0.062076,-0.637261,-0.117653,-0.502722,0.383698,-0.007351,0.011691,-0.218145,-0.025621,0.125413,-0.247546,0.04364,0.032312,0.03817,-0.028938,
1.19637,-0.945113,-0.020512,-0.0,-1.570796,0.0,0.780259,0.073547,0.173683,0.0,0.0,0.0,-0.142766,0.066043,0.105971,0.534265,-0.385571,-0.061876,-0.636037,-0.117405,-0.501678,0.383625,-0.005904,0.011914,-0.216502,-0.02577,0.124385,-0.245289,0.041997,0.032437,0.037144,-0.029294,
1.19715,-0.945039,-0.020339,-0.0,-1.570796,0.0,0.780259,0.073547,0.173683,0.0,0.0,0.0,-0.142829,0.065832,0.105956,0.536165,-0.385845,-0.061677,-0.634814,-0.117156,-0.500633,0.383552,-0.004458,0.012138,-0.214859,-0.025918,0.123357,-0.243033,0.040354,0.032561,0.036118,-0.029649,
1.19793,-0.944966,-0.020165,-0.0,-1.570796,0.0,0.780336,0.073471,0.173681,0.0,0.0,0.0,-0.142891,0.065621,0.105942,0.538066,-0.386119,-0.061477,-0.63359,-0.116908,-0.499588,0.38348,-0.003011,0.012361,-0.213217,-0.026066,0.122329,-0.240777,0.038711,0.032686,0.035093,-0.030004,
1.19871,-0.944892,-0.019991,-0.0,-1.570796,0.0,0.780107,0.073547,0.173639,0.0,0.0,0.0,-0.142953,0.06541,0.105927,0.539966,-0.386393,-0.061277,-0.632367,-0.116659,-0.498543,0.383407,-0.001565,0.012584,-0.211574,-0.026215,0.121302,-0.238521,0.037068,0.03281,0.034067,-0.030359,
1.199491,-0.944819,-0.019817,-0.0,-1.570796,0.0,0.780488,0.073547,0.173726,0.0,0.0,0.0,-0.143016,0.065199,0.105912,0.541867,-0.386667,-0.061078,-0.631143,-0.11641,-0.497498,0.383334,-0.000118,0.012808,-0.209931,-0.026363,0.120274,-0.236265,0.035425,0.032935,0.033041,-0.030715,
1.200271,-0.944745,-0.019644,-0.0,-1.570796,0.0,0.780259,0.073547,0.173682,0.0,0.0,0.0,-0.143078,0.064988,0.105898,0.543767,-0.386941,-0.060878,-0.629919,-0.116161,-0.496453,0.383261,0.001329,0.013031,-0.208289,-0.026511,0.119246,-0.234009,0.033782,0.033059,0.032016,-0.03107,
1.201041,-0.944694,-0.019466,-0.0,-1.570796,0.0,0.770112,0.051727,0.17783,0.0,0.0,0.0,-0.143223,0.064778,0.105955,0.545703,-0.38695,-0.060674,-0.628919,-0.116006,-0.495577,0.3836,0.001995,0.013258,-0.206618,-0.026652,0.118202,-0.231813,0.032112,0.033161,0.030973,-0.031459,
1.20179,-0.944689,-0.019279,-0.0,-1.570796,0.0,0.748445,0.004349,0.186991,0.0,0.0,0.0,-0.143547,0.064571,0.10617,0.547719,-0.386382,-0.060459,-0.628403,-0.116052,-0.49507,0.384836,0.000964,0.013492,-0.204887,-0.026777,0.11712,-0.229747,0.030381,0.033212,0.029893,-0.03192,
1.202538,-0.944685,-0.019092,-0.0,-1.570796,0.0,0.748445,0.004425,0.186992,0.0,0.0,0.0,-0.143872,0.064364,0.106384,0.549734,-0.385813,-0.060245,-0.627887,-0.116098,-0.494562,0.386071,-0.000067,0.013727,-0.203155,-0.026901,0.116038,-0.227681,0.028651,0.033263,0.028813,-0.032382,
1.203287,-0.94468,-0.018905,-0.0,-1.570796,0.0,0.748445,0.004349,0.186991,0.0,0.0,0.0,-0.144196,0.064156,0.106599,0.55175,-0.385244,-0.060031,-0.627371,-0.116144,-0.494055,0.387307,-0.001098,0.013961,-0.201424,-0.027026,0.114957,-0.225615,0.026921,0.033315,0.027732,-0.032843,
1.204035,-0.944676,-0.018718,-0.0,-1.570796,0.0,0.748445,0.004425,0.186992,0.0,0.0,0.0,-0.14452,0.063949,0.106813,0.553765,-0.384676,-0.059816,-0.626855,-0.11619,-0.493547,0.388542,-0.002129,0.014195,-0.199692,-0.02715,0.113875,-0.223548,0.025191,0.033366,0.026652,-0.033305,
1.204784,-0.944672,-0.018531,-0.0,-1.570796,0.0,0.748521,0.004349,0.186991,0.0,0.0,0.0,-0.144845,0.063742,0.107028,0.555781,-0.384107,-0.059602,-0.626339,-0.116237,-0.49304,0.389777,-0.00316,0.01443,-0.19796,-0.027275,0.112793,-0.221482,0.02346,0.033417,0.025572,-0.033766,
1.205532,-0.944667,-0.018344,-0.0,-1.570796,0.0,0.748216,0.004349,0.186944,0.0,0.0,0.0,-0.145169,0.063534,0.107242,0.557796,-0.383539,-0.059388,-0.625823,-0.116283,-0.492532,0.391012,-0.00419,0.014664,-0.196229,-0.027399,0.111712,-0.219416,0.02173,0.033468,0.024491,-0.034228,
1.20628,-0.944663,-0.018157,-0.0,-1.570796,0.0,0.748674,0.004425,0.187038,0.0,0.0,0.0,-0.145494,0.063327,0.107457,0.559812,-0.38297,-0.059173,-0.625307,-0.116329,-0.492025,0.392248,-0.005221,0.014899,-0.194497,-0.027524,0.11063,-0.217349,0.019999,0.03352,0.023411,-0.034689,
1.207029,-0.944658,-0.01797,-0.0,-1.570796,0.0,0.748292,0.004349,0.186944,0.0,0.0,0.0,-0.145818,0.06312,0.107672,0.561827,-0.382402,-0.058959,-0.624791,-0.116375,-0.491517,0.393483,-0.006252,0.015133,-0.192765,-0.027648,0.109549,-0.215283,0.018269,0.033571,0.022331,-0.035151,
1.207777,-0.944654,-0.017783,-0.0,-1.570796,0.0,0.748445,0.004425,0.186991,0.0,0.0,0.0,-0.146142,0.062912,0.107886,0.563842,-0.381833,-0.058745,-0.624275,-0.116421,-0.49101,0.394719,-0.007283,0.015367,-0.191034,-0.027773,0.108467,-0.213217,0.016539,0.033622,0.02125,-0.035612,
1.208526,-0.94465,-0.017596,-0.0,-1.570796,0.0,0.748445,0.004349,0.186992,0.0,0.0,0.0,-0.146467,0.062705,0.108101,0.565858,-0.381265,-0.058531,-0.623759,-0.116467,-0.490502,0.395954,-0.008314,0.015602,-0.189302,-0.027897,0.107385,-0.21115,0.014809,0.033674,0.02017,-0.036074,
1.209274,-0.944645,-0.017409,-0.0,-1.570796,0.0,0.748445,0.004349,0.186991,0.0,0.0,0.0,-0.146791,0.062498,0.108315,0.567874,-0.380696,-0.058316,-0.623243,-0.116513,-0.489995,0.39719,-0.009345,0.015836,-0.18757,-0.028022,0.106303,-0.209083,0.013078,0.033725,0.01909,-0.036535,
1.210022,-0.944641,-0.017222,-0.0,-1.570796,0.0,0.748445,0.004425,0.186992,0.0,0.0,0.0,-0.147115,0.06229,0.10853,0.56989,-0.380127,-0.058102,-0.622727,-0.11656,-0.489487,0.398425,-0.010376,0.01607,-0.185838,-0.028146,0.105222,-0.207017,0.011348,0.033776,0.018009,-0.036997,
1.210771,-0.944637,-0.017035,-0.0,-1.570796,0.0,0.748445,0.004349,0.186991,0.0,0.0,0.0,-0.14744,0.062083,0.108744,0.571906,-0.379559,-0.057888,-0.622211,-0.116606,-0.48898,0.399661,-0.011407,0.016305,-0.184106,-0.028271,0.10414,-0.20495,0.009617,0.033827,0.016929,-0.037458,
1.211519,-0.944632,-0.016848,-0.0,-1.570796,0.0,0.748292,0.004349,0.186944,0.0,0.0,0.0,-0.147764,0.061876,0.108959,0.573921,-0.37899,-0.057673,-0.621695,-0.116652,-0.488472,0.400896,-0.012437,0.016539,-0.182375,-0.028395,0.103059,-0.202884,0.007887,0.033879,0.015849,-0.037919,
1.212268,-0.944628,-0.016661,-0.0,-1.570796,0.0,0.748674,0.004425,0.187038,0.0,0.0,0.0,-0.148088,0.061668,0.109173,0.575937,-0.378422,-0.057459,-0.621179,-0.116698,-0.487964,0.402132,-0.013469,0.016774,-0.180642,-0.02852,0.101977,-0.200817,0.006156,0.03393,0.014768,-0.038381,
1.213016,-0.944623,-0.016474,-0.0,-1.570796,0.0,0.748445,0.004349,0.186992,0.0,0.0,0.0,-0.148413,0.061461,0.109388,0.577953,-0.377853,-0.057245,-0.620663,-0.116744,-0.487457,0.403367,-0.0145,0.017008,-0.178911,-0.028644,0.100895,-0.19875,0.004426,0.033981,0.013688,-0.038843,
1.213765,-0.944619,-0.016287,-0.0,-1.570796,0.0,0.748292,0.004425,0.186943,0.0,0.0,0.0,-0.148737,0.061254,0.109602,0.579968,-0.377285,-0.05703,-0.620147,-0.11679,-0.48695,0.404602,-0.01553,0.017242,-0.177179,-0.028769,0.099813,-0.196684,0.002696,0.034032,0.012608,-0.039304,
1.214513,-0.944615,-0.0161,-0.0,-1.570796,0.0,0.748445,0.004349,0.186992,0.0,0.0,0.0,-0.149062,0.061046,0.109817,0.581984,-0.376716,-0.056816,-0.619631,-0.116837,-0.486442,0.405838,-0.016561,0.017477,-0.175447,-0.028893,0.098732,-0.194617,0.000965,0.034084,0.011527,-0.039766,
1.215261,-0.94461,-0.015913,-0.0,-1.570796,0.0,0.748445,0.004349,0.186991,0.0,0.0,0.0,-0.149386,0.060839,0.110032,0.584,-0.376148,-0.056602,-0.619115,-0.116883,-0.485934,0.407073,-0.017592,0.017711,-0.173715,-0.029018,0.09765,-0.192551,-0.000765,0.034135,0.010447,-0.040227,
1.21601,-0.944606,-0.015726,-0.0,-1.570796,0.0,0.748445,0.004425,0.186992,0.0,0.0,0.0,-0.14971,0.060632,0.110246,0.586016,-0.375579,-0.056387,-0.618599,-0.116929,-0.485427,0.408309,-0.018623,0.017945,-0.171983,-0.029143,0.096568,-0.190484,-0.002496,0.034186,0.009367,-0.040689,
1.216758,-0.944602,-0.015539,-0.0,-1.570796,0.0,0.748445,0.004349,0.186991,0.0,0.0,0.0,-0.150035,0.060424,0.110461,0.588031,-0.37501,-0.056173,-0.618083,-0.116975,-0.484919,0.409544,-0.019654,0.01818,-0.170252,-0.029267,0.095487,-0.188417,-0.004226,0.034238,0.008286,-0.04115,
1.217507,-0.944597,-0.015352,-0.0,-1.570796,0.0,0.748521,0.004425,0.186992,0.0,0.0,0.0,-0.150359,0.060217,0.110675,0.590047,-0.374442,-0.055959,-0.617567,-0.117021,-0.484412,0.41078,-0.020685,0.018414,-0.16852,-0.029392,0.094405,-0.186351,-0.005957,0.034289,0.007206,-0.041612,
1.218255,-0.944593,-0.015165,-0.0,-1.570796,0.0,0.748216,0.004349,0.186944,0.0,0.0,0.0,-0.150683,0.06001,0.11089,0.592062,-0.373873,-0.055745,-0.617051,-0.117067,-0.483904,0.412015,-0.021716,0.018648,-0.166788,-0.029516,0.093323,-0.184285,-0.007687,0.03434,0.006126,-0.042073,
1.219004,-0.944588,-0.014978,-0.0,-1.570796,0.0,0.748674,0.004349,0.187038,0.0,0.0,0.0,-0.151008,0.059802,0.111104,0.594078,-0.373305,-0.05553,-0.616535,-0.117113,-0.483397,0.41325,-0.022747,0.018883,-0.165056,-0.029641,0.092241,-0.182218,-0.009418,0.034391,0.005045,-0.042535,
1.219752,-0.944584,-0.014791,-0.0,-1.570796,0.0,0.748292,0.004425,0.186944,0.0,0.0,0.0,-0.151332,0.059595,0.111319,0.596094,-0.372736,-0.055316,-0.616019,-0.11716,-0.482889,0.414486,-0.023777,0.019117,-0.163325,-0.029765,0.09116,-0.180151,-0.011148,0.034443,0.003965,-0.042996,
1.220501,-0.94458,-0.014604,-0.0,-1.570796,0.0,0.748445,0.004349,0.186991,0.0,0.0,0.0,-0.151656,0.059388,0.111533,0.598109,-0.372168,-0.055102,-0.615503,-0.117206,-0.482382,0.415721,-0.024808,0.019352,-0.161593,-0.02989,0.090078,-0.178085,-0.012878,0.034494,0.002885,-0.043457,
1.221249,-0.944575,-0.014417,-0.0,-1.570796,0.0,0.748445,0.004349,0.186992,0.0,0.0,0.0,-0.151981,0.05918,0.111748,0.600125,-0.371599,-0.054887,-0.614987,-0.117252,-0.481874,0.416956,-0.025839,0.019586,-0.159861,-0.030014,0.088997,-0.176019,-0.014609,0.034545,0.001804,-0.043919,
1.221997,-0.944571,-0.01423,-0.0,-1.570796,0.0,0.748445,0.004425,0.186991,0.0,0.0,0.0,-0.152305,0.058973,0.111963,0.60214,-0.371031,-0.054673,-0.614471,-0.117298,-0.481367,0.418192,-0.02687,0.01982,-0.158129,-0.030139,0.087915,-0.173952,-0.016339,0.034596,0.000724,-0.044381,
1.222746,-0.944567,-0.014043,-0.0,-1.570796,0.0,0.748445,0.004349,0.186992,0.0,0.0,0.0,-0.152629,0.058766,0.112177,0.604156,-0.370462,-0.054459,-0.613955,-0.117344,-0.480859,0.419427,-0.027901,0.020055,-0.156398,-0.030263,0.086833,-0.171886,-0.018069,0.034648,-0.000356,-0.044842,
1.223494,-0.944562,-0.013856,-0.0,-1.570796,0.0,0.748445,0.004425,0.186991,0.0,0.0,0.0,-0.152954,0.058558,0.112392,0.606171,-0.369893,-0.054244,-0.613439,-0.11739,-0.480352,0.420663,-0.028932,0.020289,-0.154666,-0.030388,0.085752,-0.169819,-0.0198,0.034699,-0.001437,-0.045304,
1.224243,-0.944558,-0.013669,-0.0,-1.570796,0.0,0.748292,0.004349,0.186944,0.0,0.0,0.0,-0.153278,0.058351,0.112606,0.608186,-0.369325,-0.05403,-0.612923,-0.117436,-0.479844,0.421898,-0.029963,0.020523,-0.152935,-0.030512,0.08467,-0.167754,-0.021529,0.03475,-0.002517,-0.045765,
1.224991,-0.944553,-0.013482,-0.0,-1.570796,0.0,0.748445,0.004349,0.186991,0.0,0.0,0.0,-0.153603,0.058144,0.112821,0.610202,-0.368756,-0.053816,-0.612407,-0.117483,-0.479337,0.423133,-0.030993,0.020758,-0.151203,-0.030637,0.083589,-0.165688,-0.02326,0.034802,-0.003597,-0.046226,
1.225739,-0.944549,-0.013295,-0.0,-1.570796,0.0,0.748445,0.004425,0.186992,0.0,0.0,0.0,-0.153927,0.057936,0.113035,0.612217,-0.368188,-0.053601,-0.611891,-0.117529,-0.478829,0.424368,-0.032024,0.020992,-0.149472,-0.030761,0.082507,-0.163622,-0.02499,0.034853,-0.004677,-0.046688,
1.226434,-0.944579,-0.013098,-0.0,-1.570796,0.0,0.694505,-0.029526,0.197029,0.0,0.0,0.0,-0.155358,0.057775,0.114021,0.615283,-0.367395,-0.053385,-0.611222,-0.117557,-0.478273,0.425322,-0.033351,0.021225,-0.147686,-0.030846,0.081392,-0.161963,-0.026774,0.034822,-0.005794,-0.047643,
1.227127,-0.944609,-0.012901,-0.0,-1.570796,0.0,0.693284,-0.030212,0.197244,0.0,0.0,0.0,-0.156812,0.057614,0.115022,0.618371,-0.366597,-0.053169,-0.61055,-0.117585,-0.477716,0.426269,-0.034685,0.021457,-0.1459,-0.030931,0.080276,-0.160313,-0.02856,0.034789,-0.006911,-0.048608,
1.227821,-0.944639,-0.012704,-0.0,-1.570796,0.0,0.693361,-0.030289,0.197244,0.0,0.0,0.0,-0.158267,0.057453,0.116024,0.62146,-0.365799,-0.052953,-0.609878,-0.117613,-0.477158,0.427217,-0.036018,0.02169,-0.144113,-0.031015,0.079161,-0.158663,-0.030346,0.034756,-0.008027,-0.049574,
1.228514,-0.944669,-0.012507,-0.0,-1.570796,0.0,0.693284,-0.030212,0.197244,0.0,0.0,0.0,-0.159721,0.057292,0.117026,0.624548,-0.365001,-0.052737,-0.609205,-0.117641,-0.476601,0.428165,-0.037352,0.021923,-0.142327,-0.031099,0.078045,-0.157013,-0.032132,0.034723,-0.009144,-0.050539,
1.229207,-0.944699,-0.012309,-0.0,-1.570796,0.0,0.693361,-0.030212,0.197243,0.0,0.0,0.0,-0.161176,0.057131,0.118028,0.627637,-0.364202,-0.052521,-0.608533,-0.11767,-0.476044,0.429112,-0.038685,0.022155,-0.14054,-0.031183,0.076929,-0.155364,-0.033918,0.03469,-0.010261,-0.051505,
1.2299,-0.94473,-0.012112,-0.0,-1.570796,0.0,0.693132,-0.030289,0.197194,0.0,0.0,0.0,-0.16263,0.05697,0.11903,0.630726,-0.363405,-0.052305,-0.607861,-0.117698,-0.475487,0.430059,-0.040018,0.022388,-0.138754,-0.031268,0.075814,-0.153714,-0.035703,0.034657,-0.011378,-0.05247,
1.230594,-0.94476,-0.011915,-0.0,-1.570796,0.0,0.693361,-0.030212,0.197244,0.0,0.0,0.0,-0.164084,0.05681,0.120031,0.633815,-0.362607,-0.052089,-0.607189,-0.117726,-0.474929,0.431007,-0.041352,0.02262,-0.136967,-0.031352,0.074698,-0.152064,-0.037489,0.034624,-0.012495,-0.053435,
1.231287,-0.94479,-0.011718,-0.0,-1.570796,0.0,0.693437,-0.030212,0.197294,0.0,0.0,0.0,-0.165539,0.056649,0.121034,0.636905,-0.361808,-0.051872,-0.606517,-0.117754,-0.474372,0.431955,-0.042686,0.022853,-0.13518,-0.031436,0.073582,-0.150414,-0.039276,0.034591,-0.013613,-0.054401,
1.23198,-0.94482,-0.011521,-0.0,-1.570796,0.0,0.693208,-0.030212,0.197194,0.0,0.0,0.0,-0.166994,0.056488,0.122035,0.639994,-0.36101,-0.051656,-0.605845,-0.117782,-0.473815,0.432902,-0.044019,0.023085,-0.133394,-0.03152,0.072467,-0.148764,-0.041061,0.034558,-0.014729,-0.055366,
1.232674,-0.944851,-0.011323,-0.0,-1.570796,0.0,0.693284,-0.030289,0.197243,0.0,0.0,0.0,-0.168448,0.056327,0.123037,0.643084,-0.360212,-0.05144,-0.605172,-0.11781,-0.473258,0.43385,-0.045352,0.023318,-0.131607,-0.031604,0.071351,-0.147114,-0.042847,0.034525,-0.015846,-0.056331,
1.233367,-0.944881,-0.011126,-0.0,-1.570796,0.0,0.693361,-0.030212,0.197244,0.0,0.0,0.0,-0.169903,0.056166,0.124039,0.646174,-0.359414,-0.051224,-0.6045,-0.117838,-0.4727,0.434797,-0.046686,0.02355,-0.12982,-0.031689,0.070236,-0.145464,-0.044633,0.034492,-0.016963,-0.057297,
1.23406,-0.944911,-0.010929,-0.0,-1.570796,0.0,0.693132,-0.030212,0.197194,0.0,0.0,0.0,-0.171357,0.056005,0.125041,0.649263,-0.358616,-0.051008,-0.603828,-0.117866,-0.472143,0.435744,-0.048019,0.023783,-0.128034,-0.031773,0.06912,-0.143814,-0.046419,0.034459,-0.01808,-0.058262,
1.234754,-0.944941,-0.010732,-0.0,-1.570796,0.0,0.693513,-0.030289,0.197294,0.0,0.0,0.0,-0.172812,0.055845,0.126043,0.652353,-0.357818,-0.050792,-0.603156,-0.117894,-0.471586,0.436692,-0.049353,0.024015,-0.126247,-0.031857,0.068004,-0.142164,-0.048206,0.034426,-0.019197,-0.059228,
1.235447,-0.944972,-0.010534,-0.0,-1.570796,0.0,0.693284,-0.030212,0.197244,0.0,0.0,0.0,-0.174267,0.055684,0.127045,0.655444,-0.35702,-0.050576,-0.602484,-0.117922,-0.471029,0.43764,-0.050687,0.024248,-0.12446,-0.031941,0.066888,-0.140514,-0.049992,0.034393,-0.020315,-0.060193,
1.23614,-0.945002,-0.010337,-0.0,-1.570796,0.0,0.693132,-0.030212,0.197193,0.0,0.0,0.0,-0.175721,0.055523,0.128046,0.658533,-0.356222,-0.05036,-0.601812,-0.11795,-0.470471,0.438587,-0.05202,0.024481,-0.122674,-0.032026,0.065773,-0.138864,-0.051777,0.03436,-0.021431,-0.061159,
1.236833,-0.945032,-0.01014,-0.0,-1.570796,0.0,0.693361,-0.030289,0.197244,0.0,0.0,0.0,-0.177175,0.055362,0.129048,0.661623,-0.355424,-0.050143,-0.60114,-0.117979,-0.469914,0.439535,-0.053353,0.024713,-0.120887,-0.03211,0.064657,-0.137214,-0.053564,0.034327,-0.022548,-0.062124,
1.237527,-0.945062,-0.009943,-0.0,-1.570796,0.0,0.693284,-0.030212,0.197244,0.0,0.0,0.0,-0.17863,0.055201,0.13005,0.664713,-0.354626,-0.049927,-0.600467,-0.118007,-0.469357,0.440482,-0.054687,0.024946,-0.1191,-0.032194,0.063542,-0.135564,-0.05535,0.034294,-0.023665,-0.063089,
1.23822,-0.945092,-0.009745,-0.0,-1.570796,0.0,0.693361,-0.030212,0.197244,0.0,0.0,0.0,-0.180085,0.05504,0.131052,0.667803,-0.353828,-0.049711,-0.599795,-0.118035,-0.4688,0.44143,-0.056021,0.025178,-0.117313,-0.032278,0.062426,-0.133914,-0.057136,0.034261,-0.024782,-0.064055,
1.238913,-0.945123,-0.009548,-0.0,-1.570796,0.0,0.693284,-0.030212,0.197243,0.0,0.0,0.0,-0.181539,0.05488,0.132054,0.670893,-0.35303,-0.049495,-0.599123,-0.118063,-0.468242,0.442377,-0.057354,0.025411,-0.115526,-0.032363,0.06131,-0.132264,-0.058922,0.034228,-0.0259,-0.06502,
1.239607,-0.945153,-0.009351,-0.0,-1.570796,0.0,0.693361,-0.030289,0.197244,0.0,0.0,0.0,-0.182994,0.054719,0.133056,0.673983,-0.352232,-0.049279,-0.598451,-0.118091,-0.467685,0.443325,-0.058688,0.025643,-0.113739,-0.032447,0.060194,-0.130614,-0.060708,0.034195,-0.027017,-0.065986,
1.2403,-0.945183,-0.009154,-0.0,-1.570796,0.0,0.693284,-0.030212,0.197244,0.0,0.0,0.0,-0.184449,0.054558,0.134058,0.677073,-0.351434,-0.049063,-0.597779,-0.118119,-0.467128,0.444272,-0.060021,0.025876,-0.111953,-0.032531,0.059079,-0.128964,-0.062494,0.034162,-0.028134,-0.066951,
1.240993,-0.945213,-0.008956,-0.0,-1.570796,0.0,0.693361,-0.030212,0.197243,0.0,0.0,0.0,-0.185903,0.054397,0.135059,0.680163,-0.350636,-0.048847,-0.597107,-0.118147,-0.46657,0.44522,-0.061355,0.026108,-0.110166,-0.032615,0.057963,-0.127314,-0.06428,0.034129,-0.029251,-0.067917,
1.241687,-0.945244,-0.008759,-0.0,-1.570796,0.0,0.693132,-0.030289,0.197194,0.0,0.0,0.0,-0.187357,0.054236,0.136061,0.683252,-0.349838,-0.048631,-0.596435,-0.118175,-0.466013,0.446167,-0.062688,0.026341,-0.10838,-0.0327,0.056848,-0.125664,-0.066066,0.034096,-0.030367,-0.068882,
1.24238,-0.945274,-0.008562,-0.0,-1.570796,0.0,0.693361,-0.030212,0.197243,0.0,0.0,0.0,-0.188812,0.054076,0.137063,0.686342,-0.34904,-0.048414,-0.595762,-0.118203,-0.465456,0.447115,-0.064022,0.026574,-0.106593,-0.032784,0.055732,-0.124014,-0.067852,0.034063,-0.031484,-0.069847,
1.243073,-0.945304,-0.008365,-0.0,-1.570796,0.0,0.693284,-0.030212,0.197244,0.0,0.0,0.0,-0.190267,0.053915,0.138065,0.689431,-0.348242,-0.048198,-0.59509,-0.118231,-0.464899,0.448062,-0.065355,0.026806,-0.104806,-0.032868,0.054616,-0.122364,-0.069638,0.034031,-0.032602,-0.070813,
1.243767,-0.945334,-0.008167,-0.0,-1.570796,0.0,0.693361,-0.030289,0.197244,0.0,0.0,0.0,-0.191721,0.053754,0.139067,0.692521,-0.347444,-0.047982,-0.594418,-0.118259,-0.464341,0.44901,-0.066689,0.027039,-0.103019,-0.032952,0.0535,-0.120714,-0.071424,0.033998,-0.033719,-0.071778,
1.24446,-0.945365,-0.00797,-0.0,-1.570796,0.0,0.693284,-0.030212,0.197243,0.0,0.0,0.0,-0.193176,0.053593,0.140069,0.69561,-0.346646,-0.047766,-0.593746,-0.118287,-0.463784,0.449957,-0.068022,0.027271,-0.101233,-0.033036,0.052385,-0.119064,-0.07321,0.033965,-0.034836,-0.072744,
1.245153,-0.945395,-0.007773,-0.0,-1.570796,0.0,0.693361,-0.030212,0.197244,0.0,0.0,0.0,-0.19463,0.053432,0.14107,0.6987,-0.345848,-0.04755,-0.593074,-0.118316,-0.463227,0.450905,-0.069356,0.027504,-0.099446,-0.033121,0.051269,-0.117414,-0.074996,0.033932,-0.035953,-0.073709,
1.245846,-0.945425,-0.007576,-0.0,-1.570796,0.0,0.693132,-0.030212,0.197193,0.0,0.0,0.0,-0.196084,0.053271,0.142072,0.701788,-0.34505,-0.047334,-0.592402,-0.118344,-0.46267,0.451852,-0.070689,0.027736,-0.09766,-0.033205,0.050154,-0.115765,-0.076781,0.033899,-0.037069,-0.074674,
1.24654,-0.945455,-0.007379,-0.0,-1.570796,0.0,0.693513,-0.030289,0.197294,0.0,0.0,0.0,-0.197539,0.053111,0.143074,0.704877,-0.344252,-0.047118,-0.591729,-0.118372,-0.462112,0.4528,-0.072023,0.027969,-0.095873,-0.033289,0.049038,-0.114114,-0.078568,0.033866,-0.038187,-0.07564,
1.247233,-0.945486,-0.007181,-0.0,-1.570796,0.0,0.693132,-0.030212,0.197194,0.0,0.0,0.0,-0.198993,0.05295,0.144076,0.707965,-0.343454,-0.046902,-0.591057,-0.1184,-0.461555,0.453747,-0.073356,0.028201,-0.094087,-0.033373,0.047922,-0.112465,-0.080353,0.033833,-0.039303,-0.076605,
1.247926,-0.945516,-0.006984,-0.0,-1.570796,0.0,0.693284,-0.030212,0.197243,0.0,0.0,0.0,-0.200448,0.052789,0.145078,0.711054,-0.342656,-0.046685,-0.590385,-0.118428,-0.460998,0.454695,-0.074689,0.028434,-0.0923,-0.033458,0.046807,-0.110815,-0.082139,0.0338,-0.04042,-0.077571,
1.24862,-0.945546,-0.006787,-0.0,-1.570796,0.0,0.693361,-0.030289,0.197244,0.0,0.0,0.0,-0.201902,0.052628,0.146079,0.714142,-0.341858,-0.046469,-0.589713,-0.118456,-0.460441,0.455642,-0.076023,0.028667,-0.090514,-0.033542,0.045691,-0.109165,-0.083925,0.033767,-0.041537,-0.078536,
1.24929,-0.945588,-0.006587,-0.0,-1.570796,0.0,0.67032,-0.041809,0.199473,0.0,0.0,0.0,-0.203731,0.05253,0.147416,0.717487,-0.340955,-0.046261,-0.588878,-0.118439,-0.459753,0.456285,-0.077173,0.028903,-0.088728,-0.033596,0.044575,-0.107829,-0.085712,0.033703,-0.042654,-0.079882,
1.249947,-0.945636,-0.006387,-0.0,-1.570796,0.0,0.657579,-0.048218,0.200708,0.0,0.0,0.0,-0.205767,0.052467,0.148937,0.720976,-0.339994,-0.046058,-0.587952,-0.118397,-0.458992,0.456759,-0.078221,0.029141,-0.086942,-0.033632,0.043458,-0.106667,-0.0875,0.033623,-0.043772,-0.081438,
1.250605,-0.945684,-0.006186,-0.0,-1.570796,0.0,0.657502,-0.048218,0.200708,0.0,0.0,0.0,-0.207803,0.052404,0.150459,0.724465,-0.339032,-0.045855,-0.587027,-0.118355,-0.458232,0.457233,-0.07927,0.029379,-0.085156,-0.033669,0.042341,-0.105505,-0.089288,0.033542,-0.044889,-0.082995,
1.251262,-0.945733,-0.005985,-0.0,-1.570796,0.0,0.657426,-0.048218,0.200657,0.0,0.0,0.0,-0.209839,0.052341,0.15198,0.727953,-0.338072,-0.045652,-0.586101,-0.118313,-0.457471,0.457707,-0.080318,0.029617,-0.08337,-0.033705,0.041224,-0.104344,-0.091076,0.033462,-0.046006,-0.084551,
1.25192,-0.945781,-0.005785,-0.0,-1.570796,0.0,0.657579,-0.048218,0.200708,0.0,0.0,0.0,-0.211875,0.052278,0.153502,0.731442,-0.33711,-0.045448,-0.585176,-0.11827,-0.456711,0.458182,-0.081366,0.029855,-0.081584,-0.033742,0.040107,-0.103182,-0.092864,0.033381,-0.047124,-0.086108,
1.252578,-0.945829,-0.005584,-0.0,-1.570796,0.0,0.657731,-0.048218,0.20076,0.0,0.0,0.0,-0.213912,0.052214,0.155024,0.734932,-0.336149,-0.045245,-0.58425,-0.118228,-0.45595,0.458656,-0.082415,0.030093,-0.079798,-0.033779,0.03899,-0.102019,-0.094653,0.0333,-0.048242,-0.087665,
1.253235,-0.945877,-0.005383,-0.0,-1.570796,0.0,0.657426,-0.048218,0.200657,0.0,0.0,0.0,-0.215948,0.052151,0.156545,0.738421,-0.335188,-0.045042,-0.583324,-0.118186,-0.45519,0.45913,-0.083463,0.030331,-0.078012,-0.033815,0.037873,-0.100858,-0.09644,0.03322,-0.049359,-0.089221,
1.253893,-0.945925,-0.005182,-0.0,-1.570796,0.0,0.657579,-0.048294,0.200708,0.0,0.0,0.0,-0.217984,0.052088,0.158067,0.741911,-0.334227,-0.044838,-0.582399,-0.118144,-0.454429,0.459604,-0.084512,0.030569,-0.076226,-0.033852,0.036756,-0.099696,-0.098229,0.033139,-0.050476,-0.090778,
1.25455,-0.945974,-0.004982,-0.0,-1.570796,0.0,0.657502,-0.048218,0.200708,0.0,0.0,0.0,-0.22002,0.052025,0.159589,0.745401,-0.333266,-0.044635,-0.581473,-0.118102,-0.453669,0.460078,-0.08556,0.030807,-0.07444,-0.033889,0.035639,-0.098534,-0.100017,0.033059,-0.051594,-0.092335,
1.255208,-0.946022,-0.004781,-0.0,-1.570796,0.0,0.657579,-0.048218,0.200708,0.0,0.0,0.0,-0.222057,0.051962,0.161111,0.748892,-0.332304,-0.044432,-0.580547,-0.11806,-0.452908,0.460552,-0.086609,0.031045,-0.072653,-0.033925,0.034522,-0.097371,-0.101805,0.032978,-0.052711,-0.093892,
1.255865,-0.94607,-0.00458,-0.0,-1.570796,0.0,0.657579,-0.048218,0.200708,0.0,0.0,0.0,-0.224093,0.051899,0.162632,0.752382,-0.331343,-0.044229,-0.579622,-0.118018,-0.452147,0.461026,-0.087658,0.031283,-0.070867,-0.033962,0.033405,-0.096209,-0.103593,0.032897,-0.053829,-0.095448,
1.256523,-0.946118,-0.00438,-0.0,-1.570796,0.0,0.657579,-0.048218,0.200708,0.0,0.0,0.0,-0.22613,0.051835,0.164154,0.755873,-0.330382,-0.044025,-0.578696,-0.117976,-0.451387,0.4615,-0.088706,0.031521,-0.069081,-0.033998,0.032287,-0.095047,-0.105382,0.032817,-0.054946,-0.097005,
1.25718,-0.946167,-0.004179,-0.0,-1.570796,0.0,0.657426,-0.048218,0.200657,0.0,0.0,0.0,-0.228166,0.051772,0.165676,0.759363,-0.329421,-0.043822,-0.577771,-0.117933,-0.450627,0.461974,-0.089754,0.031759,-0.067295,-0.034035,0.031171,-0.093886,-0.10717,0.032736,-0.056063,-0.098562,
1.257838,-0.946215,-0.003978,-0.0,-1.570796,0.0,0.657731,-0.048218,0.200759,0.0,0.0,0.0,-0.230203,0.051709,0.167198,0.762854,-0.32846,-0.043619,-0.576845,-0.117891,-0.449866,0.462449,-0.090803,0.031997,-0.065509,-0.034072,0.030053,-0.092723,-0.108958,0.032656,-0.057181,-0.100119,
1.258495,-0.946263,-0.003778,-0.0,-1.570796,0.0,0.65735,-0.048218,0.200657,0.0,0.0,0.0,-0.232239,0.051646,0.168719,0.766344,-0.327499,-0.043416,-0.575919,-0.117849,-0.449105,0.462923,-0.091851,0.032235,-0.063723,-0.034108,0.028937,-0.091561,-0.110746,0.032575,-0.058298,-0.101675,
1.259153,-0.946311,-0.003577,-0.0,-1.570796,0.0,0.657579,-0.048218,0.200708,0.0,0.0,0.0,-0.234276,0.051583,0.170241,0.769835,-0.326537,-0.043212,-0.574994,-0.117807,-0.448345,0.463397,-0.0929,0.032473,-0.061937,-0.034145,0.027819,-0.090399,-0.112535,0.032495,-0.059416,-0.103232,
1.259811,-0.94636,-0.003376,-0.0,-1.570796,0.0,0.657579,-0.048294,0.200708,0.0,0.0,0.0,-0.236312,0.05152,0.171763,0.773326,-0.325576,-0.043009,-0.574068,-0.117765,-0.447584,0.463871,-0.093949,0.032712,-0.06015,-0.034182,0.026702,-0.089237,-0.114323,0.032414,-0.060533,-0.104789,
1.260468,-0.946408,-0.003175,-0.0,-1.570796,0.0,0.657579,-0.048218,0.200708,0.0,0.0,0.0,-0.238349,0.051456,0.173285,0.776817,-0.324615,-0.042806,-0.573142,-0.117723,-0.446824,0.464345,-0.094997,0.03295,-0.058364,-0.034218,0.025585,-0.088075,-0.116112,0.032333,-0.061651,-0.106346,
1.261126,-0.946456,-0.002975,-0.0,-1.570796,0.0,0.657579,-0.048218,0.200708,0.0,0.0,0.0,-0.240385,0.051393,0.174807,0.780308,-0.323654,-0.042602,-0.572217,-0.117681,-0.446063,0.464819,-0.096046,0.033188,-0.056578,-0.034255,0.024468,-0.086913,-0.1179,0.032253,-0.062768,-0.107902,
1.261783,-0.946504,-0.002774,-0.0,-1.570796,0.0,0.657579,-0.048218,0.200708,0.0,0.0,0.0,-0.242422,0.05133,0.176328,0.783799,-0.322693,-0.042399,-0.571291,-0.117638,-0.445303,0.465293,-0.097094,0.033426,-0.054791,-0.034291,0.023351,-0.085751,-0.119688,0.032172,-0.063886,-0.109459,
1.262441,-0.946552,-0.002573,-0.0,-1.570796,0.0,0.65735,-0.048218,0.200657,0.0,0.0,0.0,-0.244458,0.051267,0.17785,0.787289,-0.321732,-0.042196,-0.570365,-0.117596,-0.444542,0.465767,-0.098142,0.033664,-0.053006,-0.034328,0.022234,-0.084589,-0.121476,0.032092,-0.065003,-0.111016,
1.263098,-0.946601,-0.002373,-0.0,-1.570796,0.0,0.657579,-0.048218,0.200708,0.0,0.0,0.0,-0.246494,0.051204,0.179372,0.790779,-0.32077,-0.041993,-0.56944,-0.117554,-0.443782,0.466241,-0.099191,0.033902,-0.051219,-0.034365,0.021117,-0.083427,-0.123265,0.032011,-0.06612,-0.112572,
1.263756,-0.946649,-0.002172,-0.0,-1.570796,0.0,0.657731,-0.048218,0.200759,0.0,0.0,0.0,-0.248532,0.051141,0.180894,0.794271,-0.319809,-0.041789,-0.568514,-0.117512,-0.443021,0.466716,-0.10024,0.03414,-0.049433,-0.034401,0.02,-0.082265,-0.125053,0.031931,-0.067238,-0.11413,
1.264413,-0.946697,-0.001971,-0.0,-1.570796,0.0,0.657426,-0.048218,0.200657,0.0,0.0,0.0,-0.250567,0.051077,0.182415,0.79776,-0.318848,-0.041586,-0.567588,-0.11747,-0.442261,0.46719,-0.101288,0.034378,-0.047647,-0.034438,0.018883,-0.081103,-0.126841,0.03185,-0.068355,-0.115686,
1.265071,-0.946745,-0.001771,-0.0,-1.570796,0.0,0.657579,-0.048218,0.200708,0.0,0.0,0.0,-0.252604,0.051014,0.183937,0.801251,-0.317887,-0.041383,-0.566663,-0.117428,-0.4415,0.467664,-0.102337,0.034616,-0.045861,-0.034475,0.017766,-0.079941,-0.12863,0.031769,-0.069473,-0.117243,
1.265729,-0.946794,-0.00157,-0.0,-1.570796,0.0,0.657579,-0.048294,0.200708,0.0,0.0,0.0,-0.25464,0.050951,0.185459,0.804741,-0.316926,-0.041179,-0.565737,-0.117386,-0.44074,0.468138,-0.103385,0.034854,-0.044075,-0.034511,0.016649,-0.078779,-0.130418,0.031689,-0.07059,-0.1188,
1.266386,-0.946842,-0.001369,-0.0,-1.570796,0.0,0.657502,-0.048218,0.200708,0.0,0.0,0.0,-0.256677,0.050888,0.186981,0.808231,-0.315964,-0.040976,-0.564812,-0.117343,-0.439979,0.468612,-0.104434,0.035092,-0.042289,-0.034548,0.015532,-0.077617,-0.132206,0.031608,-0.071708,-0.120356,
1.267044,-0.94689,-0.001168,-0.0,-1.570796,0.0,0.657579,-0.048218,0.200708,0.0,0.0,0.0,-0.258713,0.050825,0.188502,0.811721,-0.315003,-0.040773,-0.563886,-0.117301,-0.439219,0.469086,-0.105482,0.03533,-0.040502,-0.034584,0.014415,-0.076455,-0.133994,0.031528,-0.072825,-0.121913,
1.267701,-0.946938,-0.000968,-0.0,-1.570796,0.0,0.657426,-0.048218,0.200657,0.0,0.0,0.0,-0.260749,0.050762,0.190024,0.815209,-0.314042,-0.04057,-0.562961,-0.117259,-0.438458,0.46956,-0.10653,0.035568,-0.038717,-0.034621,0.013298,-0.075293,-0.135782,0.031447,-0.073942,-0.123469,
1.268359,-0.946986,-0.000767,-0.0,-1.570796,0.0,0.657579,-0.048218,0.200708,0.0,0.0,0.0,-0.262785,0.050698,0.191545,0.818699,-0.313081,-0.040366,-0.562035,-0.117217,-0.437698,0.470034,-0.107579,0.035806,-0.036931,-0.034658,0.012181,-0.074131,-0.13757,0.031367,-0.07506,-0.125026,
1.269016,-0.947035,-0.000566,-0.0,-1.570796,0.0,0.657579,-0.048218,0.200708,0.0,0.0,0.0,-0.264821,0.050635,0.193067,0.822188,-0.31212,-0.040163,-0.561109,-0.117175,-0.436937,0.470508,-0.108627,0.036044,-0.035145,-0.034694,0.011064,-0.072969,-0.139358,0.031286,-0.076177,-0.126583,
1.269674,-0.947083,-0.000366,-0.0,-1.570796,0.0,0.657579,-0.048218,0.200708,0.0,0.0,0.0,-0.266857,0.050572,0.194589,0.825676,-0.311159,-0.03996,-0.560184,-0.117133,-0.436177,0.470982,-0.109676,0.036282,-0.033359,-0.034731,0.009947,-0.071807,-0.141146,0.031205,-0.077295,-0.128139,
1.270331,-0.947131,-0.000165,-0.0,-1.570796,0.0,0.657502,-0.048218,0.200708,0.0,0.0,0.0,-0.268894,0.050509,0.19611,0.829165,-0.310198,-0.039756,-0.559258,-0.117091,-0.435416,0.471457,-0.110724,0.03652,-0.031573,-0.034768,0.00883,-0.070645,-0.142934,0.031125,-0.078412,-0.129696,
1.270975,-0.947185,0.000035,-0.0,-1.570796,0.0,0.643769,-0.053406,0.200264,0.0,0.0,0.0,-0.270996,0.050481,0.197705,0.832612,-0.309181,-0.039556,-0.558267,-0.117034,-0.434606,0.471799,-0.111688,0.036759,-0.029802,-0.03478,0.007723,-0.069625,-0.144707,0.031031,-0.07952,-0.131407,
1.271588,-0.947249,0.000235,-0.0,-1.570796,0.0,0.612641,-0.064926,0.199214,0.0,0.0,0.0,-0.273249,0.050532,0.199464,0.835968,-0.308039,-0.039364,-0.557131,-0.116946,-0.433683,0.471844,-0.112462,0.036997,-0.028065,-0.034738,0.006637,-0.068926,-0.146445,0.030909,-0.080607,-0.133464,
1.272201,-0.947314,0.000434,-0.0,-1.570796,0.0,0.61287,-0.064926,0.199316,0.0,0.0,0.0,-0.275503,0.050583,0.201225,0.839325,-0.306897,-0.039172,-0.555994,-0.116858,-0.43276,0.471889,-0.113237,0.037235,-0.026327,-0.034696,0.005551,-0.068226,-0.148184,0.030786,-0.081694,-0.135522,
1.272813,-0.947379,0.000633,-0.0,-1.570796,0.0,0.612718,-0.064926,0.199265,0.0,0.0,0.0,-0.277756,0.050634,0.202985,0.842682,-0.305756,-0.03898,-0.554857,-0.116769,-0.431837,0.471934,-0.114011,0.037473,-0.024589,-0.034654,0.004465,-0.067526,-0.149923,0.030663,-0.082781,-0.137579,
1.273426,-0.947444,0.000832,-0.0,-1.570796,0.0,0.612565,-0.064926,0.199214,0.0,0.0,0.0,-0.280009,0.050685,0.204744,0.846038,-0.304614,-0.038787,-0.55372,-0.116681,-0.430914,0.471979,-0.114785,0.037711,-0.022852,-0.034611,0.00338,-0.066826,-0.151661,0.030541,-0.083868,-0.139637,
1.274039,-0.947509,0.001032,-0.0,-1.570796,0.0,0.612718,-0.064926,0.199265,0.0,0.0,0.0,-0.282262,0.050736,0.206504,0.849396,-0.303472,-0.038595,-0.552583,-0.116593,-0.429991,0.472025,-0.115559,0.037949,-0.021114,-0.034569,0.002294,-0.066127,-0.1534,0.030418,-0.084955,-0.141694,
1.274652,-0.947574,0.001231,-0.0,-1.570796,0.0,0.612947,-0.064926,0.199316,0.0,0.0,0.0,-0.284516,0.050787,0.208264,0.852754,-0.30233,-0.038403,-0.551446,-0.116504,-0.429068,0.47207,-0.116334,0.038187,-0.019376,-0.034527,0.001208,-0.065427,-0.155139,0.030295,-0.086043,-0.143753,
1.275264,-0.947639,0.00143,-0.0,-1.570796,0.0,0.612565,-0.06485,0.199214,0.0,0.0,0.0,-0.286769,0.050837,0.210024,0.856111,-0.301189,-0.03821,-0.550309,-0.116416,-0.428145,0.472115,-0.117108,0.038425,-0.017639,-0.034485,0.000122,-0.064727,-0.156877,0.030173,-0.087129,-0.14581,
1.275877,-0.947704,0.001629,-0.0,-1.570796,0.0,0.612718,-0.064926,0.199265,0.0,0.0,0.0,-0.289023,0.050888,0.211784,0.859469,-0.300047,-0.038018,-0.549172,-0.116328,-0.427222,0.47216,-0.117882,0.038663,-0.015901,-0.034443,-0.000963,-0.064027,-0.158616,0.03005,-0.088217,-0.147868,
1.276489,-0.947769,0.001829,-0.0,-1.570796,0.0,0.612718,-0.064926,0.199265,0.0,0.0,0.0,-0.291276,0.050939,0.213544,0.862827,-0.298905,-0.037826,-0.548035,-0.11624,-0.4263,0.472205,-0.118656,0.038901,-0.014164,-0.034401,-0.002049,-0.063328,-0.160355,0.029927,-0.089304,-0.149926,
1.277102,-0.947834,0.002028,-0.0,-1.570796,0.0,0.612641,-0.064926,0.199214,0.0,0.0,0.0,-0.293529,0.05099,0.215303,0.866185,-0.297764,-0.037634,-0.546899,-0.116151,-0.425377,0.472251,-0.11943,0.039139,-0.012426,-0.034359,-0.003135,-0.062628,-0.162093,0.029804,-0.090391,-0.151983,
1.277715,-0.947899,0.002227,-0.0,-1.570796,0.0,0.61287,-0.064926,0.199316,0.0,0.0,0.0,-0.295784,0.051041,0.217064,0.869544,-0.296622,-0.037441,-0.545762,-0.116063,-0.424454,0.472296,-0.120204,0.039377,-0.010688,-0.034317,-0.004221,-0.061928,-0.163832,0.029682,-0.091478,-0.154042,
1.278328,-0.947964,0.002426,-0.0,-1.570796,0.0,0.612565,-0.064926,0.199214,0.0,0.0,0.0,-0.298037,0.051092,0.218823,0.872901,-0.29548,-0.037249,-0.544625,-0.115975,-0.423531,0.472341,-0.120978,0.039615,-0.008951,-0.034274,-0.005307,-0.061229,-0.165571,0.029559,-0.092565,-0.156099,
1.27894,-0.948028,0.002626,-0.0,-1.570796,0.0,0.612718,-0.064926,0.199265,0.0,0.0,0.0,-0.300291,0.051143,0.220584,0.87626,-0.294338,-0.037057,-0.543488,-0.115886,-0.422608,0.472386,-0.121753,0.039854,-0.007213,-0.034232,-0.006392,-0.060529,-0.167309,0.029436,-0.093652,-0.158157,
1.279553,-0.948093,0.002825,-0.0,-1.570796,0.0,0.612718,-0.064926,0.199265,0.0,0.0,0.0,-0.302544,0.051194,0.222344,0.879619,-0.293196,-0.036864,-0.542351,-0.115798,-0.421685,0.472431,-0.122527,0.040092,-0.005475,-0.03419,-0.007478,-0.059829,-0.169048,0.029314,-0.094739,-0.160215,
1.280166,-0.948158,0.003024,-0.0,-1.570796,0.0,0.612794,-0.064926,0.199265,0.0,0.0,0.0,-0.304798,0.051245,0.224104,0.882977,-0.292055,-0.036672,-0.541214,-0.11571,-0.420762,0.472477,-0.123301,0.04033,-0.003737,-0.034148,-0.008564,-0.059129,-0.170787,0.029191,-0.095826,-0.162273,
1.280779,-0.948223,0.003223,-0.0,-1.570796,0.0,0.612641,-0.064926,0.199265,0.0,0.0,0.0,-0.307052,0.051296,0.225864,0.886336,-0.290913,-0.03648,-0.540077,-0.115621,-0.419839,0.472522,-0.124075,0.040568,-0.001999,-0.034106,-0.00965,-0.058429,-0.172526,0.029068,-0.096913,-0.164331,
1.281391,-0.948288,0.003423,-0.0,-1.570796,0.0,0.612794,-0.064926,0.199265,0.0,0.0,0.0,-0.309306,0.051347,0.227624,0.889695,-0.289771,-0.036288,-0.53894,-0.115533,-0.418916,0.472567,-0.124849,0.040806,-0.000261,-0.034064,-0.010736,-0.05773,-0.174265,0.028946,-0.098,-0.166389,
1.282004,-0.948353,0.003622,-0.0,-1.570796,0.0,0.612641,-0.064926,0.199214,0.0,0.0,0.0,-0.311559,0.051398,0.229384,0.893053,-0.288629,-0.036095,-0.537803,-0.115445,-0.417993,0.472612,-0.125623,0.041044,0.001476,-0.034022,-0.011821,-0.05703,-0.176003,0.028823,-0.099087,-0.168447,
1.282617,-0.948418,0.003821,-0.0,-1.570796,0.0,0.612794,-0.064926,0.199316,0.0,0.0,0.0,-0.313813,0.051449,0.231144,0.896412,-0.287487,-0.035903,-0.536666,-0.115356,-0.41707,0.472657,-0.126398,0.041282,0.003214,-0.03398,-0.012908,-0.05633,-0.177743,0.0287,-0.100175,-0.170506,
1.283229,-0.948483,0.004021,-0.0,-1.570796,0.0,0.612794,-0.064926,0.199265,0.0,0.0,0.0,-0.316067,0.0515,0.232904,0.899771,-0.286345,-0.035711,-0.535529,-0.115268,-0.416147,0.472703,-0.127172,0.04152,0.004952,-0.033938,-0.013993,-0.05563,-0.179481,0.028578,-0.101262,-0.172564,
1.283842,-0.948548,0.00422,-0.0,-1.570796,0.0,0.612489,-0.064926,0.199214,0.0,0.0,0.0,-0.31832,0.051551,0.234664,0.903129,-0.285204,-0.035518,-0.534393,-0.11518,-0.415225,0.472748,-0.127946,0.041758,0.006689,-0.033895,-0.015079,-0.054931,-0.18122,0.028455,-0.102349,-0.174621,
1.284455,-0.948613,0.004419,-0.0,-1.570796,0.0,0.612794,-0.064926,0.199265,0.0,0.0,0.0,-0.320574,0.051602,0.236424,0.906487,-0.284062,-0.035326,-0.533256,-0.115091,-0.414302,0.472793,-0.12872,0.041996,0.008427,-0.033853,-0.016165,-0.054231,-0.182959,0.028332,-0.103436,-0.176679,
1.285068,-0.948678,0.004618,-0.0,-1.570796,0.0,0.612794,-0.064926,0.199265,0.0,0.0,0.0,-0.322828,0.051653,0.238184,0.909845,-0.28292,-0.035134,-0.532119,-0.115003,-0.413379,0.472838,-0.129495,0.042234,0.010165,-0.033811,-0.017251,-0.053531,-0.184697,0.02821,-0.104523,-0.178737,
1.28568,-0.948743,0.004818,-0.0,-1.570796,0.0,0.612641,-0.064926,0.199265,0.0,0.0,0.0,-0.325082,0.051704,0.239944,0.913204,-0.281779,-0.034942,-0.530982,-0.114915,-0.412456,0.472883,-0.130269,0.042472,0.011903,-0.033769,-0.018337,-0.052832,-0.186436,0.028087,-0.10561,-0.180795,
1.286293,-0.948808,0.005017,-0.0,-1.570796,0.0,0.612794,-0.064926,0.199265,0.0,0.0,0.0,-0.327335,0.051754,0.241704,0.916562,-0.280637,-0.034749,-0.529845,-0.114827,-0.411533,0.472929,-0.131043,0.04271,0.01364,-0.033727,-0.019422,-0.052132,-0.188175,0.027964,-0.106697,-0.182853,
1.286906,-0.948872,0.005216,-0.0,-1.570796,0.0,0.612489,-0.06485,0.199215,0.0,0.0,0.0,-0.329588,0.051805,0.243464,0.919919,-0.279495,-0.034557,-0.528708,-0.114738,-0.41061,0.472974,-0.131817,0.042949,0.015378,-0.033685,-0.020508,-0.051432,-0.189913,0.027841,-0.107784,-0.18491,
1.287518,-0.948937,0.005415,-0.0,-1.570796,0.0,0.612794,-0.064926,0.199265,0.0,0.0,0.0,-0.331842,0.051856,0.245224,0.923276,-0.278353,-0.034365,-0.527571,-0.11465,-0.409687,0.473019,-0.132591,0.043187,0.017115,-0.033643,-0.021594,-0.050732,-0.191652,0.027719,-0.108871,-0.186968,
1.288131,-0.949002,0.005615,-0.0,-1.570796,0.0,0.612947,-0.065003,0.199315,0.0,0.0,0.0,-0.334096,0.051907,0.246984,0.926635,-0.277211,-0.034172,-0.526434,-0.114561,-0.408764,0.473064,-0.133366,0.043425,0.018854,-0.033601,-0.02268,-0.050033,-0.193391,0.027596,-0.109959,-0.189027,
1.288744,-0.949067,0.005814,-0.0,-1.570796,0.0,0.612489,-0.06485,0.199215,0.0,0.0,0.0,-0.336348,0.051958,0.248743,0.929991,-0.27607,-0.03398,-0.525297,-0.114473,-0.407841,0.473109,-0.13414,0.043663,0.020591,-0.033558,-0.023765,-0.049333,-0.195129,0.027473,-0.111045,-0.191084,
1.289356,-0.949132,0.006013,-0.0,-1.570796,0.0,0.612794,-0.064926,0.199265,0.0,0.0,0.0,-0.338602,0.052009,0.250503,0.933348,-0.274928,-0.033788,-0.52416,-0.114385,-0.406918,0.473155,-0.134914,0.043901,0.022328,-0.033516,-0.024851,-0.048633,-0.196868,0.027351,-0.112132,-0.193141,
1.289969,-0.949197,0.006212,-0.0,-1.570796,0.0,0.612641,-0.064926,0.199265,0.0,0.0,0.0,-0.340855,0.05206,0.252263,0.936705,-0.273786,-0.033596,-0.523024,-0.114297,-0.405995,0.4732,-0.135688,0.044139,0.024066,-0.033474,-0.025937,-0.047933,-0.198607,0.027228,-0.11322,-0.195199,
1.290582,-0.949262,0.006412,-0.0,-1.570796,0.0,0.612794,-0.064926,0.199265,0.0,0.0,0.0,-0.343108,0.052111,0.254023,0.940062,-0.272645,-0.033403,-0.521887,-0.114208,-0.405073,0.473245,-0.136462,0.044377,0.025804,-0.033432,-0.027023,-0.047234,-0.200345,0.027105,-0.114307,-0.197257,
1.291195,-0.949327,0.006611,-0.0,-1.570796,0.0,0.612794,-0.064926,0.199265,0.0,0.0,0.0,-0.345361,0.052162,0.255783,0.943418,-0.271503,-0.033211,-0.52075,-0.11412,-0.40415,0.47329,-0.137236,0.044615,0.027541,-0.03339,-0.028109,-0.046534,-0.202084,0.026983,-0.115394,-0.199314,
1.291764,-0.949403,0.006804,-0.0,-1.570796,0.0,0.569154,-0.076218,0.192998,0.0,0.0,0.0,-0.347535,0.052324,0.257576,0.946305,-0.270294,-0.033005,-0.519478,-0.114012,-0.403125,0.473023,-0.13779,0.044843,0.029194,-0.033273,-0.029141,-0.046012,-0.203736,0.026839,-0.116426,-0.201646,
1.292332,-0.94948,0.006997,-0.0,-1.570796,0.0,0.56778,-0.076523,0.192769,0.0,0.0,0.0,-0.349707,0.052489,0.25937,0.949179,-0.269084,-0.032798,-0.518202,-0.113904,-0.402097,0.472746,-0.138337,0.04507,0.030844,-0.033154,-0.030172,-0.045496,-0.205385,0.026694,-0.117457,-0.203985,
1.2929,-0.949556,0.007189,-0.0,-1.570796,0.0,0.567933,-0.076523,0.192818,0.0,0.0,0.0,-0.351878,0.052653,0.261164,0.952053,-0.267873,-0.032591,-0.516925,-0.113795,-0.401069,0.472469,-0.138884,0.045297,0.032494,-0.033035,-0.031203,-0.04498,-0.207034,0.026549,-0.118489,-0.206325,
1.293468,-0.949633,0.007382,-0.0,-1.570796,0.0,0.568086,-0.076523,0.192867,0.0,0.0,0.0,-0.354051,0.052818,0.262959,0.954928,-0.266662,-0.032384,-0.515649,-0.113687,-0.40004,0.472192,-0.139431,0.045524,0.034145,-0.032916,-0.032235,-0.044463,-0.208684,0.026405,-0.11952,-0.208666,
1.294035,-0.949709,0.007575,-0.0,-1.570796,0.0,0.56778,-0.076523,0.192769,0.0,0.0,0.0,-0.356222,0.052983,0.264753,0.957802,-0.265452,-0.032177,-0.514373,-0.113578,-0.399012,0.471916,-0.139978,0.045751,0.035795,-0.032797,-0.033265,-0.043947,-0.210334,0.02626,-0.120551,-0.211006,
1.294603,-0.949786,0.007768,-0.0,-1.570796,0.0,0.56778,-0.076523,0.192818,0.0,0.0,0.0,-0.358394,0.053148,0.266547,0.960677,-0.264241,-0.03197,-0.513097,-0.11347,-0.397984,0.471639,-0.140525,0.045978,0.037445,-0.032678,-0.034297,-0.04343,-0.211983,0.026115,-0.121583,-0.213346,
1.295171,-0.949862,0.007961,-0.0,-1.570796,0.0,0.567933,-0.076523,0.192818,0.0,0.0,0.0,-0.360567,0.053313,0.268341,0.963552,-0.26303,-0.031763,-0.51182,-0.113361,-0.396956,0.471362,-0.141072,0.046205,0.039095,-0.032559,-0.035328,-0.042914,-0.213633,0.025971,-0.122614,-0.215686,
1.295739,-0.949939,0.008154,-0.0,-1.570796,0.0,0.567933,-0.076523,0.192818,0.0,0.0,0.0,-0.362739,0.053478,0.270136,0.966427,-0.26182,-0.031556,-0.510544,-0.113253,-0.395928,0.471086,-0.141619,0.046432,0.040746,-0.03244,-0.036359,-0.042397,-0.215283,0.025826,-0.123645,-0.218027,
1.296307,-0.950015,0.008346,-0.0,-1.570796,0.0,0.567933,-0.076523,0.192818,0.0,0.0,0.0,-0.364911,0.053643,0.27193,0.969302,-0.260609,-0.031349,-0.509268,-0.113144,-0.3949,0.470809,-0.142166,0.046659,0.042396,-0.032321,-0.03739,-0.041881,-0.216932,0.025681,-0.124677,-0.220367,
1.296875,-0.950092,0.008539,-0.0,-1.570796,0.0,0.56778,-0.076523,0.192768,0.0,0.0,0.0,-0.367083,0.053808,0.273725,0.972176,-0.259398,-0.031142,-0.507992,-0.113036,-0.393872,0.470532,-0.142713,0.046886,0.044046,-0.032202,-0.038421,-0.041365,-0.218582,0.025537,-0.125708,-0.222707,
1.297443,-0.950168,0.008732,-0.0,-1.570796,0.0,0.567933,-0.076523,0.192818,0.0,0.0,0.0,-0.369255,0.053973,0.275519,0.975052,-0.258188,-0.030935,-0.506716,-0.112927,-0.392844,0.470255,-0.143261,0.047114,0.045697,-0.032083,-0.039452,-0.040848,-0.220231,0.025392,-0.126739,-0.225047,
1.298011,-0.950245,0.008925,-0.0,-1.570796,0.0,0.568086,-0.076523,0.192867,0.0,0.0,0.0,-0.371428,0.054138,0.277314,0.977928,-0.256977,-0.030728,-0.505439,-0.112819,-0.391816,0.469979,-0.143808,0.047341,0.047348,-0.031964,-0.040484,-0.040332,-0.221882,0.025247,-0.127771,-0.227388,
1.298579,-0.950321,0.009118,-0.0,-1.570796,0.0,0.56778,-0.076523,0.192769,0.0,0.0,0.0,-0.3736,0.054303,0.279108,0.980803,-0.255766,-0.030521,-0.504163,-0.11271,-0.390788,0.469702,-0.144355,0.047568,0.048998,-0.031845,-0.041514,-0.039815,-0.223531,0.025103,-0.128802,-0.229728,
1.299147,-0.950398,0.00931,-0.0,-1.570796,0.0,0.567933,-0.076523,0.192818,0.0,0.0,0.0,-0.375772,0.054467,0.280903,0.983678,-0.254555,-0.030315,-0.502887,-0.112602,-0.38976,0.469425,-0.144902,0.047795,0.050649,-0.031726,-0.042546,-0.039299,-0.225181,0.024958,-0.129833,-0.232069,
1.299714,-0.950474,0.009503,-0.0,-1.570796,0.0,0.567933,-0.076523,0.192818,0.0,0.0,0.0,-0.377944,0.054632,0.282697,0.986553,-0.253345,-0.030108,-0.50161,-0.112493,-0.388732,0.469149,-0.145449,0.048022,0.052299,-0.031607,-0.043577,-0.038782,-0.226831,0.024813,-0.130864,-0.23441,
1.300282,-0.950551,0.009696,-0.0,-1.570796,0.0,0.56778,-0.076447,0.192769,0.0,0.0,0.0,-0.380116,0.054797,0.284491,0.989428,-0.252134,-0.029901,-0.500334,-0.112385,-0.387704,0.468872,-0.145996,0.048249,0.053949,-0.031488,-0.044608,-0.038266,-0.22848,0.024669,-0.131896,-0.23675,
1.30085,-0.950628,0.009889,-0.0,-1.570796,0.0,0.568086,-0.076599,0.192867,0.0,0.0,0.0,-0.382289,0.054962,0.286286,0.992305,-0.250923,-0.029694,-0.499058,-0.112276,-0.386675,0.468595,-0.146543,0.048476,0.0556,-0.031369,-0.045639,-0.03775,-0.23013,0.024524,-0.132927,-0.239091,
1.301418,-0.950704,0.010082,-0.0,-1.570796,0.0,0.567933,-0.076523,0.192818,0.0,0.0,0.0,-0.384462,0.055127,0.288081,0.99518,-0.249712,-0.029487,-0.497782,-0.112168,-0.385647,0.468318,-0.14709,0.048703,0.057251,-0.03125,-0.04667,-0.037233,-0.23178,0.024379,-0.133958,-0.241432,
1.301986,-0.95078,0.010274,-0.0,-1.570796,0.0,0.567628,-0.076447,0.192769,0.0,0.0,0.0,-0.386633,0.055292,0.289875,0.998055,-0.248502,-0.02928,-0.496505,-0.11206,-0.384619,0.468042,-0.147637,0.04893,0.058901,-0.031131,-0.047701,-0.036717,-0.233429,0.024235,-0.13499,-0.243772,
1.302554,-0.950857,0.010467,-0.0,-1.570796,0.0,0.567933,-0.076523,0.192818,0.0,0.0,0.0,-0.388806,0.055457,0.29167,1.00093,-0.247291,-0.029073,-0.495229,-0.111951,-0.383591,0.467765,-0.148184,0.049158,0.060551,-0.031012,-0.048732,-0.0362,-0.235079,0.02409,-0.136021,-0.246112,
1.303122,-0.950934,0.01066,-0.0,-1.570796,0.0,0.567933,-0.076523,0.192818,0.0,0.0,0.0,-0.390978,0.055622,0.293464,1.003806,-0.24608,-0.028866,-0.493953,-0.111843,-0.382563,0.467488,-0.148732,0.049385,0.062202,-0.030893,-0.049764,-0.035684,-0.236729,0.023945,-0.137052,-0.248453,
1.30369,-0.95101,0.010853,-0.0,-1.570796,0.0,0.567933,-0.076523,0.192818,0.0,0.0,0.0,-0.39315,0.055787,0.295259,1.006681,-0.24487,-0.028659,-0.492677,-0.111734,-0.381535,0.467211,-0.149279,0.049612,0.063852,-0.030774,-0.050795,-0.035167,-0.238379,0.023801,-0.138084,-0.250793,
1.304258,-0.951087,0.011046,-0.0,-1.570796,0.0,0.567933,-0.076523,0.192818,0.0,0.0,0.0,-0.395323,0.055952,0.297053,1.009556,-0.243659,-0.028452,-0.4914,-0.111626,-0.380507,0.466935,-0.149826,0.049839,0.065503,-0.030654,-0.051826,-0.034651,-0.240028,0.023656,-0.139115,-0.253134,
1.304825,-0.951163,0.011238,-0.0,-1.570796,0.0,0.56778,-0.076523,0.192769,0.0,0.0,0.0,-0.397494,0.056117,0.298847,1.012431,-0.242448,-0.028245,-0.490124,-0.111517,-0.379479,0.466658,-0.150373,0.050066,0.067153,-0.030535,-0.052857,-0.034135,-0.241678,0.023511,-0.140146,-0.255474,
1.305393,-0.95124,0.011431,-0.0,-1.570796,0.0,0.568086,-0.076523,0.192867,0.0,0.0,0.0,-0.399667,0.056282,0.300642,1.015307,-0.241237,-0.028038,-0.488848,-0.111409,-0.378451,0.466381,-0.15092,0.050293,0.068804,-0.030416,-0.053888,-0.033618,-0.243328,0.023367,-0.141178,-0.257815,
1.305961,-0.951316,0.011624,-0.0,-1.570796,0.0,0.567933,-0.076523,0.192818,0.0,0.0,0.0,-0.401839,0.056446,0.302437,1.018182,-0.240027,-0.027831,-0.487571,-0.1113,-0.377423,0.466105,-0.151467,0.05052,0.070454,-0.030297,-0.054919,-0.033102,-0.244978,0.023222,-0.142209,-0.260155,
1.306529,-0.951393,0.011817,-0.0,-1.570796,0.0,0.56778,-0.076523,0.192769,0.0,0.0,0.0,-0.404011,0.056611,0.304231,1.021056,-0.238816,-0.027625,-0.486296,-0.111192,-0.376395,0.465828,-0.152014,0.050747,0.072104,-0.030178,-0.05595,-0.032585,-0.246627,0.023077,-0.14324,-0.262495,
1.307097,-0.951469,0.01201,-0.0,-1.570796,0.0,0.567933,-0.076523,0.192818,0.0,0.0,0.0,-0.406183,0.056776,0.306025,1.023931,-0.237606,-0.027418,-0.485019,-0.111083,-0.375367,0.465551,-0.152561,0.050974,0.073755,-0.030059,-0.056981,-0.032069,-0.248276,0.022933,-0.144271,-0.264835,
1.307665,-0.951546,0.012203,-0.0,-1.570796,0.0,0.567933,-0.076523,0.192818,0.0,0.0,0.0,-0.408355,0.056941,0.30782,1.026806,-0.236395,-0.027211,-0.483743,-0.110975,-0.374339,0.465274,-0.153108,0.051202,0.075405,-0.02994,-0.058013,-0.031552,-0.249926,0.022788,-0.145303,-0.267175,
1.308233,-0.951622,0.012395,-0.0,-1.570796,0.0,0.567933,-0.076523,0.192818,0.0,0.0,0.0,-0.410527,0.057106,0.309614,1.02968,-0.235184,-0.027004,-0.482467,-0.110866,-0.373311,0.464998,-0.153656,0.051429,0.077056,-0.029821,-0.059044,-0.031036,-0.251576,0.022643,-0.146334,-0.269515,
1.308801,-0.951699,0.012588,-0.0,-1.570796,0.0,0.567933,-0.076523,0.192818,0.0,0.0,0.0,-0.412699,0.057271,0.311408,1.032555,-0.233973,-0.026797,-0.481191,-0.110758,-0.372282,0.464721,-0.154203,0.051656,0.078706,-0.029702,-0.060075,-0.03052,-0.253225,0.022499,-0.147365,-0.271855,
1.309369,-0.951775,0.012781,-0.0,-1.570796,0.0,0.56778,-0.076523,0.192818,0.0,0.0,0.0,-0.414871,0.057436,0.313203,1.035429,-0.232763,-0.02659,-0.479914,-0.110649,-0.371254,0.464444,-0.15475,0.051883,0.080356,-0.029583,-0.061106,-0.030003,-0.254875,0.022354,-0.148396,-0.274195,
1.309937,-0.951852,0.012974,-0.0,-1.570796,0.0,0.56778,-0.076523,0.192769,0.0,0.0,0.0,-0.417042,0.057601,0.314996,1.038302,-0.231552,-0.026383,-0.478638,-0.110541,-0.370227,0.464168,-0.155297,0.05211,0.082006,-0.029464,-0.062137,-0.029487,-0.256524,0.02221,-0.149427,-0.276535,
1.310474,-0.951933,0.013159,-0.0,-1.570796,0.0,0.537263,-0.081482,0.18544,0.0,0.0,0.0,-0.419039,0.057811,0.316704,1.040693,-0.23039,-0.026162,-0.477299,-0.110427,-0.369154,0.463719,-0.155717,0.052329,0.08357,-0.029311,-0.063115,-0.029061,-0.258088,0.022056,-0.150405,-0.278943,
1.310993,-0.952018,0.01334,-0.0,-1.570796,0.0,0.519563,-0.084305,0.181145,0.0,0.0,0.0,-0.420936,0.058047,0.318362,1.042807,-0.229256,-0.025933,-0.475924,-0.110311,-0.368057,0.463172,-0.156064,0.052543,0.085085,-0.029139,-0.064062,-0.028688,-0.259603,0.021896,-0.151351,-0.281391,
1.311513,-0.952102,0.013521,-0.0,-1.570796,0.0,0.519257,-0.084305,0.181099,0.0,0.0,0.0,-0.422832,0.058282,0.320019,1.044921,-0.228122,-0.025704,-0.474549,-0.110194,-0.36696,0.462625,-0.156411,0.052758,0.086599,-0.028967,-0.065009,-0.028314,-0.261117,0.021737,-0.152297,-0.283838,
1.312032,-0.952186,0.013703,-0.0,-1.570796,0.0,0.519563,-0.084305,0.181146,0.0,0.0,0.0,-0.424729,0.058518,0.321676,1.047035,-0.226988,-0.025475,-0.473174,-0.110078,-0.365863,0.462078,-0.156758,0.052972,0.088114,-0.028795,-0.065957,-0.027941,-0.262631,0.021578,-0.153243,-0.286286,
1.312551,-0.952271,0.013884,-0.0,-1.570796,0.0,0.51941,-0.084305,0.181145,0.0,0.0,0.0,-0.426626,0.058754,0.323334,1.049149,-0.225853,-0.025247,-0.471798,-0.109961,-0.364766,0.461531,-0.157105,0.053186,0.089628,-0.028623,-0.066904,-0.027567,-0.264146,0.021418,-0.154189,-0.288733,
1.313071,-0.952355,0.014065,-0.0,-1.570796,0.0,0.519563,-0.084305,0.181145,0.0,0.0,0.0,-0.428523,0.05899,0.324992,1.051264,-0.224719,-0.025018,-0.470423,-0.109844,-0.363669,0.460984,-0.157453,0.0534,0.091143,-0.028451,-0.067851,-0.027193,-0.265661,0.021259,-0.155136,-0.291181,
1.313591,-0.952439,0.014246,-0.0,-1.570796,0.0,0.51941,-0.084229,0.181146,0.0,0.0,0.0,-0.43042,0.059225,0.326649,1.053378,-0.223585,-0.024789,-0.469048,-0.109728,-0.362571,0.460438,-0.1578,0.053615,0.092658,-0.028279,-0.068799,-0.02682,-0.267176,0.0211,-0.156082,-0.293629,
1.31411,-0.952523,0.014427,-0.0,-1.570796,0.0,0.51941,-0.084305,0.181099,0.0,0.0,0.0,-0.432317,0.059461,0.328307,1.055492,-0.222451,-0.02456,-0.467673,-0.109611,-0.361474,0.459891,-0.158147,0.053829,0.094172,-0.028107,-0.069746,-0.026446,-0.26869,0.02094,-0.157028,-0.296077,
1.314629,-0.952608,0.014608,-0.0,-1.570796,0.0,0.519563,-0.084305,0.181145,0.0,0.0,0.0,-0.434214,0.059697,0.329964,1.057606,-0.221316,-0.024331,-0.466297,-0.109494,-0.360377,0.459344,-0.158494,0.054043,0.095687,-0.027934,-0.070693,-0.026073,-0.270205,0.020781,-0.157974,-0.298525,
1.315149,-0.952692,0.014789,-0.0,-1.570796,0.0,0.519563,-0.084305,0.181191,0.0,0.0,0.0,-0.436111,0.059933,0.331622,1.059721,-0.220182,-0.024102,-0.464921,-0.109378,-0.35928,0.458797,-0.158841,0.054258,0.097202,-0.027762,-0.071641,-0.025699,-0.27172,0.020622,-0.158921,-0.300974,
1.315668,-0.952776,0.014971,-0.0,-1.570796,0.0,0.51941,-0.084305,0.181099,0.0,0.0,0.0,-0.438008,0.060169,0.33328,1.061835,-0.219048,-0.023873,-0.463546,-0.109261,-0.358183,0.45825,-0.159189,0.054472,0.098716,-0.02759,-0.072588,-0.025326,-0.273234,0.020463,-0.159867,-0.303421,
1.316188,-0.952861,0.015152,-0.0,-1.570796,0.0,0.51941,-0.084305,0.181145,0.0,0.0,0.0,-0.439905,0.060404,0.334938,1.06395,-0.217913,-0.023644,-0.462171,-0.109145,-0.357085,0.457703,-0.159536,0.054686,0.100231,-0.027418,-0.073536,-0.024952,-0.274749,0.020303,-0.160813,-0.30587,
1.316707,-0.952945,0.015333,-0.0,-1.570796,0.0,0.519563,-0.084305,0.181146,0.0,0.0,0.0,-0.441802,0.06064,0.336595,1.066064,-0.216779,-0.023415,-0.460796,-0.109028,-0.355988,0.457156,-0.159883,0.054901,0.101745,-0.027246,-0.074483,-0.024579,-0.276264,0.020144,-0.161759,-0.308318,
1.317227,-0.953029,0.015514,-0.0,-1.570796,0.0,0.51941,-0.084305,0.181145,0.0,0.0,0.0,-0.443699,0.060876,0.338253,1.068179,-0.215645,-0.023187,-0.45942,-0.108912,-0.354891,0.456609,-0.16023,0.055115,0.10326,-0.027074,-0.07543,-0.024205,-0.277779,0.019985,-0.162705,-0.310766,
1.317746,-0.953113,0.015695,-0.0,-1.570796,0.0,0.519563,-0.084305,0.181146,0.0,0.0,0.0,-0.445596,0.061112,0.339911,1.070294,-0.21451,-0.022958,-0.458045,-0.108795,-0.353794,0.456062,-0.160577,0.055329,0.104775,-0.026902,-0.076378,-0.023832,-0.279293,0.019825,-0.163652,-0.313215,
1.318266,-0.953198,0.015876,-0.0,-1.570796,0.0,0.51941,-0.084305,0.181145,0.0,0.0,0.0,-0.447493,0.061348,0.341569,1.072408,-0.213376,-0.022729,-0.456669,-0.108678,-0.352696,0.455515,-0.160924,0.055544,0.10629,-0.026729,-0.077325,-0.023458,-0.280808,0.019666,-0.164598,-0.315663,
1.318785,-0.953282,0.016057,-0.0,-1.570796,0.0,0.51941,-0.084229,0.181099,0.0,0.0,0.0,-0.44939,0.061583,0.343226,1.074522,-0.212242,-0.0225,-0.455294,-0.108562,-0.351599,0.454969,-0.161272,0.055758,0.107804,-0.026557,-0.078272,-0.023084,-0.282323,0.019507,-0.165544,-0.318111,
1.319305,-0.953366,0.016239,-0.0,-1.570796,0.0,0.519563,-0.084381,0.181191,0.0,0.0,0.0,-0.451288,0.061819,0.344884,1.076637,-0.211107,-0.022271,-0.453919,-0.108445,-0.350502,0.454421,-0.161619,0.055972,0.109319,-0.026385,-0.07922,-0.022711,-0.283838,0.019347,-0.16649,-0.32056,
1.319824,-0.953451,0.01642,-0.0,-1.570796,0.0,0.51941,-0.084229,0.181099,0.0,0.0,0.0,-0.453184,0.062055,0.346542,1.078752,-0.209973,-0.022042,-0.452543,-0.108328,-0.349405,0.453875,-0.161966,0.056186,0.110834,-0.026213,-0.080167,-0.022337,-0.285352,0.019188,-0.167436,-0.323008,
1.320344,-0.953535,0.016601,-0.0,-1.570796,0.0,0.51941,-0.084305,0.181145,0.0,0.0,0.0,-0.455082,0.062291,0.348199,1.080866,-0.208839,-0.021813,-0.451168,-0.108212,-0.348308,0.453328,-0.162313,0.056401,0.112348,-0.026041,-0.081115,-0.021964,-0.286867,0.019029,-0.168383,-0.325456,
1.320863,-0.953619,0.016782,-0.0,-1.570796,0.0,0.519563,-0.084305,0.181145,0.0,0.0,0.0,-0.456979,0.062526,0.349857,1.082981,-0.207705,-0.021584,-0.449793,-0.108095,-0.34721,0.452781,-0.16266,0.056615,0.113863,-0.025869,-0.082062,-0.02159,-0.288382,0.018869,-0.169329,-0.327904,
1.321382,-0.953704,0.016963,-0.0,-1.570796,0.0,0.519257,-0.084305,0.181099,0.0,0.0,0.0,-0.458875,0.062762,0.351515,1.085095,-0.20657,-0.021356,-0.448418,-0.107979,-0.346113,0.452234,-0.163007,0.056829,0.115377,-0.025697,-0.083009,-0.021217,-0.289896,0.01871,-0.170275,-0.330352,
1.321902,-0.953788,0.017144,-0.0,-1.570796,0.0,0.519715,-0.084305,0.181191,0.0,0.0,0.0,-0.460773,0.062998,0.353173,1.08721,-0.205436,-0.021127,-0.447042,-0.107862,-0.345016,0.451687,-0.163355,0.057044,0.116893,-0.025525,-0.083957,-0.020843,-0.291411,0.018551,-0.171221,-0.332801,
1.322422,-0.953872,0.017325,-0.0,-1.570796,0.0,0.51941,-0.084305,0.181146,0.0,0.0,0.0,-0.46267,0.063234,0.354831,1.089325,-0.204302,-0.020898,-0.445667,-0.107745,-0.343919,0.45114,-0.163702,0.057258,0.118407,-0.025352,-0.084904,-0.02047,-0.292926,0.018392,-0.172168,-0.335249,
1.322941,-0.953956,0.017507,-0.0,-1.570796,0.0,0.51941,-0.084305,0.181099,0.0,0.0,0.0,-0.464567,0.063469,0.356488,1.091438,-0.203167,-0.020669,-0.444292,-0.107629,-0.342822,0.450593,-0.164049,0.057472,0.119922,-0.02518,-0.085851,-0.020096,-0.294441,0.018232,-0.173114,-0.337697,
1.32346,-0.954041,0.017688,-0.0,-1.570796,0.0,0.51941,-0.084305,0.181145,0.0,0.0,0.0,-0.466464,0.063705,0.358146,1.093553,-0.202033,-0.02044,-0.442916,-0.107512,-0.341724,0.450046,-0.164396,0.057687,0.121436,-0.025008,-0.086799,-0.019723,-0.295955,0.018073,-0.17406,-0.340145,
1.32398,-0.954125,0.017869,-0.0,-1.570796,0.0,0.519715,-0.084305,0.181191,0.0,0.0,0.0,-0.468361,0.063941,0.359804,1.095668,-0.200899,-0.020211,-0.44154,-0.107396,-0.340627,0.449499,-0.164744,0.057901,0.122951,-0.024836,-0.087746,-0.019349,-0.29747,0.017914,-0.175006,-0.342593,
1.324499,-0.954209,0.01805,-0.0,-1.570796,0.0,0.519257,-0.084229,0.181099,0.0,0.0,0.0,-0.470258,0.064177,0.361461,1.097782,-0.199765,-0.019982,-0.440165,-0.107279,-0.33953,0.448952,-0.165091,0.058115,0.124466,-0.024664,-0.088693,-0.018975,-0.298985,0.017754,-0.175952,-0.345041,
1.325019,-0.954294,0.018231,-0.0,-1.570796,0.0,0.519563,-0.084305,0.181145,0.0,0.0,0.0,-0.472155,0.064413,0.363119,1.099896,-0.19863,-0.019753,-0.43879,-0.107162,-0.338433,0.448406,-0.165438,0.05833,0.12598,-0.024492,-0.089641,-0.018602,-0.300499,0.017595,-0.176899,-0.347489,
1.325538,-0.954378,0.018412,-0.0,-1.570796,0.0,0.51941,-0.084305,0.181146,0.0,0.0,0.0,-0.474052,0.064648,0.364776,1.10201,-0.197496,-0.019524,-0.437415,-0.107046,-0.337335,0.447859,-0.165785,0.058544,0.127495,-0.02432,-0.090588,-0.018228,-0.302014,0.017436,-0.177845,-0.349937,
1.326058,-0.954462,0.018593,-0.0,-1.570796,0.0,0.519563,-0.084305,0.181145,0.0,0.0,0.0,-0.475948,0.064884,0.366434,1.104124,-0.196362,-0.019295,-0.43604,-0.106929,-0.336238,0.447312,-0.166132,0.058758,0.12901,-0.024148,-0.091535,-0.017855,-0.303529,0.017276,-0.178791,-0.352384,
1.326577,-0.954547,0.018775,-0.0,-1.570796,0.0,0.51941,-0.084305,0.181146,0.0,0.0,0.0,-0.477845,0.06512,0.368091,1.106239,-0.195227,-0.019067,-0.434664,-0.106813,-0.335141,0.446765,-0.166479,0.058972,0.130524,-0.023975,-0.092483,-0.017481,-0.305043,0.017117,-0.179737,-0.354832,
1.327097,-0.954631,0.018956,-0.0,-1.570796,0.0,0.519563,-0.084305,0.181145,0.0,0.0,0.0,-0.479742,0.065356,0.369749,1.108353,-0.194093,-0.018838,-0.433289,-0.106696,-0.334044,0.446218,-0.166827,0.059187,0.132039,-0.023803,-0.09343,-0.017108,-0.306558,0.016958,-0.180683,-0.357279,
1.3276,-0.954716,0.019131,-0.0,-1.570796,0.0,0.502778,-0.085526,0.175733,0.0,0.0,0.0,-0.481503,0.065585,0.371297,1.110135,-0.193033,-0.01861,-0.431895,-0.106581,-0.332936,0.445602,-0.167116,0.059393,0.133494,-0.023623,-0.094341,-0.016773,-0.308014,0.0168,-0.181593,-0.359704,
1.328064,-0.954805,0.019295,-0.0,-1.570796,0.0,0.464631,-0.088425,0.163276,0.0,0.0,0.0,-0.482948,0.065798,0.372593,1.111146,-0.192145,-0.018385,-0.430458,-0.106468,-0.331804,0.444824,-0.16727,0.059582,0.134812,-0.023423,-0.095166,-0.016527,-0.309333,0.016644,-0.182417,-0.362076,
1.328529,-0.954893,0.019458,-0.0,-1.570796,0.0,0.464478,-0.088425,0.163276,0.0,0.0,0.0,-0.484393,0.066011,0.373888,1.112158,-0.191257,-0.01816,-0.42902,-0.106355,-0.330671,0.444046,-0.167425,0.059771,0.136131,-0.023224,-0.095991,-0.016282,-0.310653,0.016488,-0.183241,-0.364448,
1.328993,-0.954982,0.019621,-0.0,-1.570796,0.0,0.464478,-0.088425,0.163276,0.0,0.0,0.0,-0.485839,0.066224,0.375184,1.113169,-0.190369,-0.017934,-0.427583,-0.106243,-0.329538,0.443268,-0.167579,0.059959,0.13745,-0.023024,-0.096816,-0.016037,-0.311973,0.016333,-0.184065,-0.36682,
1.329458,-0.95507,0.019785,-0.0,-1.570796,0.0,0.464631,-0.088501,0.163276,0.0,0.0,0.0,-0.487284,0.066437,0.37648,1.11418,-0.189482,-0.017709,-0.426145,-0.10613,-0.328405,0.44249,-0.167733,0.060148,0.138768,-0.022825,-0.097641,-0.015791,-0.313293,0.016177,-0.18489,-0.369192,
1.329922,-0.955158,0.019948,-0.0,-1.570796,0.0,0.464326,-0.088349,0.163236,0.0,0.0,0.0,-0.48873,0.06665,0.377775,1.115191,-0.188594,-0.017484,-0.424708,-0.106017,-0.327273,0.441712,-0.167888,0.060337,0.140087,-0.022625,-0.098466,-0.015546,-0.314612,0.016021,-0.185714,-0.371564,
1.330387,-0.955247,0.020111,-0.0,-1.570796,0.0,0.464631,-0.088501,0.163318,0.0,0.0,0.0,-0.490175,0.066863,0.379071,1.116203,-0.187706,-0.017259,-0.42327,-0.105905,-0.32614,0.440934,-0.168042,0.060525,0.141406,-0.022425,-0.099292,-0.015301,-0.315932,0.015866,-0.186538,-0.373937,
1.330851,-0.955335,0.020274,-0.0,-1.570796,0.0,0.464631,-0.088425,0.163276,0.0,0.0,0.0,-0.491621,0.067076,0.380366,1.117215,-0.186818,-0.017033,-0.421832,-0.105792,-0.325007,0.440156,-0.168196,0.060714,0.142724,-0.022226,-0.100117,-0.015055,-0.317252,0.01571,-0.187362,-0.376309,
1.331316,-0.955424,0.020438,-0.0,-1.570796,0.0,0.464326,-0.088425,0.163234,0.0,0.0,0.0,-0.493066,0.067289,0.381662,1.118226,-0.18593,-0.016808,-0.420394,-0.105679,-0.323875,0.439378,-0.168351,0.060903,0.144043,-0.022026,-0.100942,-0.01481,-0.318571,0.015555,-0.188186,-0.378681,
1.33178,-0.955512,0.020601,-0.0,-1.570796,0.0,0.464631,-0.088425,0.163279,0.0,0.0,0.0,-0.494512,0.067502,0.382957,1.119237,-0.185042,-0.016583,-0.418957,-0.105567,-0.322742,0.4386,-0.168505,0.061092,0.145361,-0.021827,-0.101767,-0.014565,-0.319891,0.015399,-0.189011,-0.381054,
1.332245,-0.955601,0.020764,-0.0,-1.570796,0.0,0.464478,-0.088425,0.163276,0.0,0.0,0.0,-0.495957,0.067715,0.384253,1.120248,-0.184154,-0.016358,-0.417519,-0.105454,-0.321609,0.437822,-0.168659,0.06128,0.14668,-0.021627,-0.102592,-0.014319,-0.321211,0.015243,-0.189835,-0.383427,
1.332709,-0.955689,0.020927,-0.0,-1.570796,0.0,0.464478,-0.088425,0.163276,0.0,0.0,0.0,-0.497403,0.067928,0.385549,1.12126,-0.183266,-0.016133,-0.416081,-0.105341,-0.320477,0.437044,-0.168814,0.061469,0.147999,-0.021427,-0.103417,-0.014074,-0.322531,0.015088,-0.190659,-0.385799,
1.333174,-0.955777,0.021091,-0.0,-1.570796,0.0,0.464631,-0.088425,0.163276,0.0,0.0,0.0,-0.498848,0.068141,0.386844,1.122271,-0.182378,-0.015907,-0.414643,-0.105228,-0.319344,0.436266,-0.168968,0.061658,0.149317,-0.021228,-0.104242,-0.013828,-0.32385,0.014932,-0.191483,-0.388172,
1.333638,-0.955866,0.021254,-0.0,-1.570796,0.0,0.464478,-0.088425,0.163276,0.0,0.0,0.0,-0.500294,0.068354,0.38814,1.123283,-0.18149,-0.015682,-0.413206,-0.105116,-0.318211,0.435488,-0.169122,0.061846,0.150636,-0.021028,-0.105068,-0.013583,-0.32517,0.014776,-0.192307,-0.390545,
1.334103,-0.955954,0.021417,-0.0,-1.570796,0.0,0.464478,-0.088425,0.163234,0.0,0.0,0.0,-0.501739,0.068567,0.389435,1.124294,-0.180603,-0.015457,-0.411768,-0.105003,-0.317078,0.43471,-0.169277,0.062035,0.151955,-0.020829,-0.105893,-0.013338,-0.32649,0.014621,-0.193132,-0.392917,
1.334568,-0.956043,0.021581,-0.0,-1.570796,0.0,0.464631,-0.088425,0.163319,0.0,0.0,0.0,-0.503185,0.06878,0.390731,1.125305,-0.179714,-0.015232,-0.41033,-0.10489,-0.315945,0.433931,-0.169431,0.062224,0.153274,-0.020629,-0.106718,-0.013092,-0.32781,0.014465,-0.193956,-0.39529,
1.335032,-0.956131,0.021744,-0.0,-1.570796,0.0,0.464326,-0.088425,0.163236,0.0,0.0,0.0,-0.50463,0.068993,0.392027,1.126317,-0.178827,-0.015006,-0.408893,-0.104778,-0.314813,0.433154,-0.169586,0.062412,0.154592,-0.02043,-0.107543,-0.012847,-0.329129,0.014309,-0.19478,-0.397663,
1.335497,-0.95622,0.021907,-0.0,-1.570796,0.0,0.464631,-0.088425,0.163276,0.0,0.0,0.0,-0.506076,0.069206,0.393322,1.127328,-0.177939,-0.014781,-0.407455,-0.104665,-0.31368,0.432376,-0.16974,0.062601,0.155911,-0.02023,-0.108368,-0.012602,-0.330449,0.014154,-0.195604,-0.400035,
1.335961,-0.956308,0.02207,-0.0,-1.570796,0.0,0.464478,-0.088425,0.163276,0.0,0.0,0.0,-0.507522,0.069419,0.394618,1.128339,-0.177051,-0.014556,-0.406017,-0.104552,-0.312547,0.431597,-0.169894,0.06279,0.157229,-0.02003,-0.109193,-0.012356,-0.331769,0.013998,-0.196429,-0.402408,
1.336425,-0.956396,0.022234,-0.0,-1.570796,0.0,0.464478,-0.088425,0.163276,0.0,0.0,0.0,-0.508967,0.069632,0.395914,1.129351,-0.176163,-0.014331,-0.404579,-0.10444,-0.311415,0.430819,-0.170049,0.062978,0.158548,-0.019831,-0.110018,-0.012111,-0.333089,0.013843,-0.197253,-0.404781,
1.33689,-0.956485,0.022397,-0.0,-1.570796,0.0,0.464631,-0.088425,0.163276,0.0,0.0,0.0,-0.510413,0.069845,0.397209,1.130362,-0.175275,-0.014106,-0.403142,-0.104327,-0.310282,0.430041,-0.170203,0.063167,0.159867,-0.019631,-0.110844,-0.011866,-0.334409,0.013687,-0.198077,-0.407154,
1.337355,-0.956573,0.02256,-0.0,-1.570796,0.0,0.464478,-0.088501,0.163276,0.0,0.0,0.0,-0.511858,0.070059,0.398505,1.131374,-0.174387,-0.01388,-0.401704,-0.104214,-0.309149,0.429263,-0.170357,0.063356,0.161186,-0.019432,-0.111669,-0.01162,-0.335729,0.013531,-0.198901,-0.409527,
1.337819,-0.956662,0.022723,-0.0,-1.570796,0.0,0.464326,-0.088349,0.163236,0.0,0.0,0.0,-0.513303,0.070271,0.3998,1.132385,-0.173499,-0.013655,-0.400266,-0.104102,-0.308017,0.428485,-0.170512,0.063544,0.162504,-0.019232,-0.112494,-0.011375,-0.337048,0.013376,-0.199725,-0.411899,
1.338284,-0.95675,0.022887,-0.0,-1.570796,0.0,0.464784,-0.088501,0.163317,0.0,0.0,0.0,-0.514749,0.070485,0.401096,1.133396,-0.172611,-0.01343,-0.398828,-0.103989,-0.306883,0.427707,-0.170666,0.063733,0.163823,-0.019032,-0.113319,-0.011129,-0.338368,0.01322,-0.20055,-0.414272,
1.338748,-0.956839,0.02305,-0.0,-1.570796,0.0,0.464478,-0.088425,0.163276,0.0,0.0,0.0,-0.516195,0.070698,0.402392,1.134408,-0.171723,-0.013205,-0.397391,-0.103876,-0.305751,0.426929,-0.17082,0.063922,0.165142,-0.018833,-0.114144,-0.010884,-0.339688,0.013064,-0.201374,-0.416645,
1.339212,-0.956927,0.023213,-0.0,-1.570796,0.0,0.464326,-0.088425,0.163236,0.0,0.0,0.0,-0.51764,0.070911,0.403687,1.135419,-0.170835,-0.01298,-0.395953,-0.103764,-0.304618,0.426151,-0.170975,0.06411,0.16646,-0.018633,-0.114969,-0.010639,-0.341007,0.012909,-0.202198,-0.419017,
1.339677,-0.957016,0.023376,-0.0,-1.570796,0.0,0.464631,-0.088425,0.163276,0.0,0.0,0.0,-0.519086,0.071124,0.404983,1.13643,-0.169947,-0.012754,-0.394515,-0.103651,-0.303485,0.425373,-0.171129,0.064299,0.167779,-0.018434,-0.115795,-0.010393,-0.342327,0.012753,-0.203022,-0.421389,
1.340142,-0.957104,0.02354,-0.0,-1.570796,0.0,0.464478,-0.088425,0.163276,0.0,0.0,0.0,-0.520531,0.071337,0.406279,1.137442,-0.16906,-0.012529,-0.393078,-0.103538,-0.302353,0.424595,-0.171283,0.064488,0.169097,-0.018234,-0.11662,-0.010148,-0.343647,0.012597,-0.203846,-0.423762,
1.340606,-0.957192,0.023703,-0.0,-1.570796,0.0,0.464478,-0.088425,0.163276,0.0,0.0,0.0,-0.521977,0.07155,0.407574,1.138453,-0.168172,-0.012304,-0.39164,-0.103426,-0.30122,0.423817,-0.171438,0.064677,0.170416,-0.018035,-0.117445,-0.009903,-0.344967,0.012442,-0.204671,-0.426134,
1.341071,-0.957281,0.023866,-0.0,-1.570796,0.0,0.464631,-0.088425,0.163276,0.0,0.0,0.0,-0.523422,0.071763,0.40887,1.139465,-0.167284,-0.012079,-0.390202,-0.103313,-0.300087,0.423039,-0.171592,0.064865,0.171735,-0.017835,-0.11827,-0.009657,-0.346286,0.012286,-0.205495,-0.428507,
1.341535,-0.957369,0.02403,-0.0,-1.570796,0.0,0.464478,-0.088425,0.163276,0.0,0.0,0.0,-0.524868,0.071976,0.410166,1.140476,-0.166396,-0.011853,-0.388765,-0.1032,-0.298955,0.422261,-0.171747,0.065054,0.173053,-0.017635,-0.119095,-0.009412,-0.347606,0.012131,-0.206319,-0.430879,
1.342,-0.957458,0.024193,-0.0,-1.570796,0.0,0.464478,-0.088425,0.163236,0.0,0.0,0.0,-0.526313,0.072189,0.411461,1.141487,-0.165508,-0.011628,-0.387327,-0.103088,-0.297822,0.421483,-0.171901,0.065243,0.174372,-0.017436,-0.11992,-0.009167,-0.348926,0.011975,-0.207143,-0.43325,
1.342464,-0.957546,0.024356,-0.0,-1.570796,0.0,0.464631,-0.088425,0.163317,0.0,0.0,0.0,-0.527759,0.072402,0.412757,1.142499,-0.16462,-0.011403,-0.385889,-0.102975,-0.296689,0.420705,-0.172055,0.065431,0.175691,-0.017236,-0.120745,-0.008921,-0.350246,0.011819,-0.207967,-0.435623,
1.342929,-0.957635,0.024519,-0.0,-1.570796,0.0,0.464326,-0.088425,0.163236,0.0,0.0,0.0,-0.529204,0.072615,0.414052,1.14351,-0.163732,-0.011178,-0.384452,-0.102862,-0.295557,0.419927,-0.17221,0.06562,0.177009,-0.017037,-0.12157,-0.008676,-0.351565,0.011664,-0.208791,-0.437994,
1.343344,-0.957723,0.024663,-0.0,-1.570796,0.0,0.415345,-0.088425,0.143631,0.0,0.0,0.0,-0.530201,0.072752,0.414978,1.14351,-0.163185,-0.010976,-0.383001,-0.102757,-0.294425,0.418996,-0.172215,0.065784,0.178126,-0.016839,-0.122267,-0.008519,-0.352681,0.011519,-0.209489,-0.440144,
1.343757,-0.957811,0.024806,-0.0,-1.570796,0.0,0.413514,-0.088501,0.142913,0.0,0.0,0.0,-0.531183,0.072885,0.415891,1.143473,-0.162651,-0.010774,-0.381549,-0.102652,-0.293294,0.41806,-0.172215,0.065947,0.179235,-0.016641,-0.122959,-0.008365,-0.353789,0.011374,-0.210181,-0.442285,
1.344171,-0.9579,0.024949,-0.0,-1.570796,0.0,0.413361,-0.088425,0.142911,0.0,0.0,0.0,-0.532164,0.073019,0.416803,1.143436,-0.162117,-0.010573,-0.380098,-0.102548,-0.292163,0.417124,-0.172215,0.06611,0.180344,-0.016443,-0.123651,-0.008211,-0.354898,0.011229,-0.210874,-0.444427,
1.344584,-0.957988,0.025092,-0.0,-1.570796,0.0,0.413514,-0.088425,0.142911,0.0,0.0,0.0,-0.533145,0.073153,0.417716,1.143399,-0.161582,-0.010371,-0.378646,-0.102443,-0.291031,0.416187,-0.172215,0.066273,0.181454,-0.016245,-0.124342,-0.008057,-0.356006,0.011085,-0.211567,-0.446569,
1.344998,-0.958077,0.025235,-0.0,-1.570796,0.0,0.413514,-0.088501,0.142911,0.0,0.0,0.0,-0.534127,0.073286,0.418629,1.143362,-0.161048,-0.01017,-0.377194,-0.102338,-0.2899,0.415251,-0.172215,0.066436,0.182563,-0.016048,-0.125034,-0.007904,-0.357114,0.01094,-0.212259,-0.44871,
1.345411,-0.958165,0.025378,-0.0,-1.570796,0.0,0.413361,-0.088425,0.142875,0.0,0.0,0.0,-0.535108,0.07342,0.419541,1.143325,-0.160513,-0.009969,-0.375743,-0.102234,-0.288769,0.414315,-0.172215,0.066599,0.183672,-0.01585,-0.125726,-0.00775,-0.358222,0.010795,-0.212952,-0.450851,
1.345825,-0.958254,0.02552,-0.0,-1.570796,0.0,0.413514,-0.088425,0.142913,0.0,0.0,0.0,-0.536089,0.073554,0.420454,1.143288,-0.159979,-0.009767,-0.374291,-0.102129,-0.287637,0.413378,-0.172215,0.066762,0.184782,-0.015652,-0.126418,-0.007596,-0.359331,0.010651,-0.213645,-0.452993,
1.346238,-0.958342,0.025663,-0.0,-1.570796,0.0,0.413361,-0.088425,0.142911,0.0,0.0,0.0,-0.537071,0.073688,0.421366,1.143251,-0.159444,-0.009566,-0.372839,-0.102024,-0.286506,0.412442,-0.172215,0.066925,0.185891,-0.015455,-0.12711,-0.007442,-0.360439,0.010506,-0.214337,-0.455135,
1.346652,-0.958431,0.025806,-0.0,-1.570796,0.0,0.413514,-0.088501,0.142911,0.0,0.0,0.0,-0.538052,0.073821,0.422279,1.143214,-0.15891,-0.009364,-0.371387,-0.101919,-0.285374,0.411505,-0.172215,0.067088,0.187001,-0.015257,-0.127801,-0.007288,-0.361548,0.010361,-0.21503,-0.457277,
1.347065,-0.958519,0.025949,-0.0,-1.570796,0.0,0.413514,-0.088425,0.142911,0.0,0.0,0.0,-0.539033,0.073955,0.423192,1.143177,-0.158376,-0.009163,-0.369936,-0.101815,-0.284243,0.410569,-0.172215,0.067251,0.18811,-0.015059,-0.128493,-0.007135,-0.362656,0.010217,-0.215723,-0.459419,
1.347479,-0.958607,0.026092,-0.0,-1.570796,0.0,0.413514,-0.088425,0.142913,0.0,0.0,0.0,-0.540015,0.074089,0.424105,1.14314,-0.157841,-0.008961,-0.368484,-0.10171,-0.283112,0.409633,-0.172215,0.067414,0.189219,-0.014861,-0.129185,-0.006981,-0.363764,0.010072,-0.216415,-0.461561,
1.347892,-0.958696,0.026235,-0.0,-1.570796,0.0,0.413361,-0.088501,0.142911,0.0,0.0,0.0,-0.540996,0.074222,0.425017,1.143103,-0.157307,-0.00876,-0.367032,-0.101605,-0.28198,0.408696,-0.172215,0.067577,0.190329,-0.014663,-0.129877,-0.006827,-0.364873,0.009927,-0.217108,-0.463703,
1.348305,-0.958784,0.026378,-0.0,-1.570796,0.0,0.413514,-0.088425,0.142911,0.0,0.0,0.0,-0.541978,0.074356,0.42593,1.143066,-0.156772,-0.008559,-0.36558,-0.101501,-0.280849,0.40776,-0.172215,0.067741,0.191438,-0.014466,-0.130569,-0.006673,-0.365981,0.009783,-0.217801,-0.465845,
1.348719,-0.958873,0.026521,-0.0,-1.570796,0.0,0.413361,-0.088425,0.142875,0.0,0.0,0.0,-0.542959,0.07449,0.426842,1.143029,-0.156238,-0.008357,-0.364128,-0.101396,-0.279718,0.406823,-0.172215,0.067904,0.192548,-0.014268,-0.131261,-0.006519,-0.367089,0.009638,-0.218493,-0.467986,
1.349132,-0.958961,0.026664,-0.0,-1.570796,0.0,0.413514,-0.088425,0.142911,0.0,0.0,0.0,-0.54394,0.074624,0.427755,1.142992,-0.155704,-0.008156,-0.362677,-0.101291,-0.278586,0.405887,-0.172215,0.068067,0.193657,-0.01407,-0.131952,-0.006366,-0.368198,0.009494,-0.219186,-0.470128,
1.349546,-0.95905,0.026807,-0.0,-1.570796,0.0,0.413514,-0.088501,0.142949,0.0,0.0,0.0,-0.544922,0.074757,0.428668,1.142955,-0.155169,-0.007954,-0.361224,-0.101186,-0.277454,0.40495,-0.172215,0.06823,0.194767,-0.013872,-0.132644,-0.006212,-0.369307,0.009349,-0.219879,-0.472271,
1.349959,-0.959138,0.026949,-0.0,-1.570796,0.0,0.413361,-0.088425,0.142875,0.0,0.0,0.0,-0.545903,0.074891,0.42958,1.142918,-0.154635,-0.007753,-0.359773,-0.101082,-0.276323,0.404014,-0.172215,0.068393,0.195876,-0.013675,-0.133336,-0.006058,-0.370415,0.009204,-0.220571,-0.474412,
1.350373,-0.959226,0.027092,-0.0,-1.570796,0.0,0.413514,-0.088425,0.142911,0.0,0.0,0.0,-0.546884,0.075025,0.430493,1.142881,-0.1541,-0.007552,-0.358321,-0.100977,-0.275192,0.403078,-0.172215,0.068556,0.196985,-0.013477,-0.134028,-0.005904,-0.371523,0.00906,-0.221264,-0.476554,
1.350786,-0.959315,0.027235,-0.0,-1.570796,0.0,0.413514,-0.088501,0.142911,0.0,0.0,0.0,-0.547866,0.075159,0.431406,1.142844,-0.153566,-0.00735,-0.356869,-0.100872,-0.27406,0.402141,-0.172215,0.068719,0.198095,-0.013279,-0.13472,-0.00575,-0.372632,0.008915,-0.221957,-0.478696,
1.3512,-0.959403,0.027378,-0.0,-1.570796,0.0,0.413361,-0.088425,0.142875,0.0,0.0,0.0,-0.548847,0.075292,0.432318,1.142807,-0.153032,-0.007149,-0.355418,-0.100768,-0.272929,0.401205,-0.172215,0.068882,0.199204,-0.013082,-0.135411,-0.005597,-0.37374,0.00877,-0.222649,-0.480838,
1.351613,-0.959492,0.027521,-0.0,-1.570796,0.0,0.413514,-0.088425,0.142949,0.0,0.0,0.0,-0.549829,0.075426,0.433231,1.14277,-0.152497,-0.006947,-0.353965,-0.100663,-0.271797,0.400268,-0.172215,0.069045,0.200314,-0.012884,-0.136103,-0.005443,-0.374848,0.008626,-0.223342,-0.48298,
1.352027,-0.95958,0.027664,-0.0,-1.570796,0.0,0.413514,-0.088501,0.142911,0.0,0.0,0.0,-0.55081,0.07556,0.434144,1.142733,-0.151962,-0.006746,-0.352514,-0.100558,-0.270666,0.399332,-0.172215,0.069208,0.201423,-0.012686,-0.136795,-0.005289,-0.375957,0.008481,-0.224035,-0.485122,
1.35244,-0.959669,0.027807,-0.0,-1.570796,0.0,0.413361,-0.088425,0.142875,0.0,0.0,0.0,-0.551791,0.075693,0.435056,1.142696,-0.151428,-0.006545,-0.351062,-0.100453,-0.269535,0.398396,-0.172215,0.069371,0.202532,-0.012488,-0.137487,-0.005135,-0.377065,0.008336,-0.224727,-0.487264,
1.352854,-0.959757,0.02795,-0.0,-1.570796,0.0,0.413514,-0.088425,0.142911,0.0,0.0,0.0,-0.552773,0.075827,0.435969,1.142659,-0.150894,-0.006343,-0.34961,-0.100349,-0.268403,0.397459,-0.172215,0.069534,0.203642,-0.012291,-0.138179,-0.004981,-0.378173,0.008192,-0.22542,-0.489406,
1.353267,-0.959846,0.028093,-0.0,-1.570796,0.0,0.413361,-0.088425,0.142913,0.0,0.0,0.0,-0.553754,0.075961,0.436882,1.142622,-0.150359,-0.006142,-0.348158,-0.100244,-0.267272,0.396523,-0.172215,0.069697,0.204751,-0.012093,-0.138871,-0.004828,-0.379282,0.008047,-0.226112,-0.491548,
1.35368,-0.959934,0.028236,-0.0,-1.570796,0.0,0.413514,-0.088501,0.142911,0.0,0.0,0.0,-0.554735,0.076095,0.437794,1.142585,-0.149825,-0.00594,-0.346707,-0.100139,-0.266141,0.395586,-0.172215,0.06986,0.205861,-0.011895,-0.139562,-0.004674,-0.38039,0.007902,-0.226805,-0.493689,
1.354094,-0.960023,0.028379,-0.0,-1.570796,0.0,0.413514,-0.088425,0.142911,0.0,0.0,0.0,-0.555717,0.076228,0.438707,1.142548,-0.14929,-0.005739,-0.345255,-0.100035,-0.265009,0.39465,-0.172215,0.070023,0.20697,-0.011697,-0.140254,-0.00452,-0.381499,0.007758,-0.227498,-0.495831,
1.354507,-0.960111,0.028521,-0.0,-1.570796,0.0,0.413514,-0.088425,0.142911,0.0,0.0,0.0,-0.556698,0.076362,0.43962,1.142511,-0.148756,-0.005537,-0.343803,-0.09993,-0.263878,0.393714,-0.172215,0.070186,0.20808,-0.011499,-0.140946,-0.004366,-0.382607,0.007613,-0.228191,-0.497973,
1.354921,-0.960199,0.028664,-0.0,-1.570796,0.0,0.413361,-0.088501,0.142913,0.0,0.0,0.0,-0.55768,0.076496,0.440532,1.142474,-0.148222,-0.005336,-0.342351,-0.099825,-0.262746,0.392777,-0.172215,0.070349,0.209189,-0.011302,-0.141638,-0.004212,-0.383715,0.007468,-0.228883,-0.500115,
1.355334,-0.960288,0.028807,-0.0,-1.570796,0.0,0.413514,-0.088425,0.142911,0.0,0.0,0.0,-0.558661,0.07663,0.441445,1.142437,-0.147687,-0.005135,-0.3409,-0.09972,-0.261615,0.391841,-0.172215,0.070512,0.210298,-0.011104,-0.14233,-0.004059,-0.384824,0.007324,-0.229576,-0.502256,
1.355748,-0.960376,0.02895,-0.0,-1.570796,0.0,0.413361,-0.088425,0.142875,0.0,0.0,0.0,-0.559642,0.076763,0.442357,1.1424,-0.147153,-0.004933,-0.339448,-0.099616,-0.260484,0.390905,-0.172215,0.070675,0.211407,-0.010906,-0.143021,-0.003905,-0.385932,0.007179,-0.230268,-0.504397,
1.356161,-0.960465,0.029093,-0.0,-1.570796,0.0,0.413514,-0.088425,0.142911,0.0,0.0,0.0,-0.560623,0.076897,0.44327,1.142363,-0.146618,-0.004732,-0.337996,-0.099511,-0.259352,0.389968,-0.172215,0.070838,0.212517,-0.010709,-0.143713,-0.003751,-0.38704,0.007034,-0.230961,-0.506539,
1.356575,-0.960553,0.029236,-0.0,-1.570796,0.0,0.413514,-0.088501,0.142911,0.0,0.0,0.0,-0.561605,0.077031,0.444183,1.142326,-0.146084,-0.00453,-0.336545,-0.099406,-0.258221,0.389032,-0.172215,0.071002,0.213626,-0.010511,-0.144405,-0.003597,-0.388149,0.00689,-0.231654,-0.50868,
1.356947,-0.960639,0.02936,-0.0,-1.570796,0.0,0.371857,-0.085602,0.123513,0.0,0.0,0.0,-0.562331,0.07713,0.444892,1.141751,-0.145853,-0.004343,-0.335116,-0.099301,-0.257082,0.388013,-0.172127,0.071142,0.214539,-0.010333,-0.144975,-0.003494,-0.389062,0.006766,-0.232224,-0.510514,
1.357294,-0.960723,0.029472,-0.0,-1.570796,0.0,0.347291,-0.083923,0.112064,0.0,0.0,0.0,-0.562906,0.077209,0.445482,1.140858,-0.145802,-0.004163,-0.333701,-0.099197,-0.255939,0.386945,-0.171988,0.071268,0.215335,-0.010166,-0.145472,-0.003421,-0.38986,0.006654,-0.232722,-0.512166,
1.357641,-0.960807,0.029584,-0.0,-1.570796,0.0,0.347291,-0.084,0.112066,0.0,0.0,0.0,-0.563481,0.077288,0.446073,1.139966,-0.145751,-0.003984,-0.332286,-0.099092,-0.254795,0.385878,-0.171848,0.071394,0.216131,-0.009999,-0.14597,-0.003348,-0.390658,0.006543,-0.23322,-0.513818,
1.357988,-0.960891,0.029696,-0.0,-1.570796,0.0,0.347291,-0.083923,0.112038,0.0,0.0,0.0,-0.564057,0.077367,0.446663,1.139074,-0.145699,-0.003805,-0.330871,-0.098987,-0.253652,0.384811,-0.171708,0.071521,0.216927,-0.009833,-0.146468,-0.003274,-0.391455,0.006431,-0.233718,-0.51547,
1.358336,-0.960975,0.029808,-0.0,-1.570796,0.0,0.347443,-0.083923,0.112095,0.0,0.0,0.0,-0.564632,0.077446,0.447253,1.138181,-0.145648,-0.003625,-0.329455,-0.098882,-0.252509,0.383743,-0.171569,0.071647,0.217723,-0.009666,-0.146965,-0.003201,-0.392253,0.006319,-0.234216,-0.517122,
1.358683,-0.961059,0.02992,-0.0,-1.570796,0.0,0.347291,-0.083923,0.112035,0.0,0.0,0.0,-0.565207,0.077525,0.447843,1.137288,-0.145596,-0.003446,-0.32804,-0.098778,-0.251366,0.382676,-0.171429,0.071774,0.218519,-0.009499,-0.147463,-0.003128,-0.393051,0.006207,-0.234714,-0.518774,
1.35903,-0.961143,0.030032,-0.0,-1.570796,0.0,0.347291,-0.084,0.112066,0.0,0.0,0.0,-0.565783,0.077604,0.448433,1.136396,-0.145545,-0.003266,-0.326625,-0.098673,-0.250222,0.381608,-0.171289,0.0719,0.219315,-0.009333,-0.147961,-0.003055,-0.393849,0.006096,-0.235212,-0.520426,
1.359378,-0.961226,0.030144,-0.0,-1.570796,0.0,0.347291,-0.083923,0.112066,0.0,0.0,0.0,-0.566358,0.077683,0.449023,1.135503,-0.145494,-0.003087,-0.32521,-0.098568,-0.249079,0.380541,-0.17115,0.072027,0.220111,-0.009166,-0.148458,-0.002981,-0.394647,0.005984,-0.23571,-0.522079,
1.359725,-0.96131,0.030256,-0.0,-1.570796,0.0,0.347443,-0.083923,0.112066,0.0,0.0,0.0,-0.566933,0.077762,0.449613,1.134611,-0.145442,-0.002907,-0.323795,-0.098463,-0.247935,0.379473,-0.17101,0.072153,0.220908,-0.009,-0.148956,-0.002908,-0.395445,0.005872,-0.236208,-0.523731,
1.360072,-0.961394,0.030368,-0.0,-1.570796,0.0,0.347291,-0.083923,0.112064,0.0,0.0,0.0,-0.567509,0.077841,0.450203,1.133719,-0.145391,-0.002728,-0.322379,-0.098358,-0.246792,0.378406,-0.17087,0.072279,0.221704,-0.008833,-0.149454,-0.002835,-0.396243,0.005761,-0.236705,-0.525383,
1.36042,-0.961478,0.03048,-0.0,-1.570796,0.0,0.347291,-0.084,0.112066,0.0,0.0,0.0,-0.568084,0.07792,0.450793,1.132826,-0.145339,-0.002548,-0.320964,-0.098253,-0.245649,0.377338,-0.170731,0.072406,0.2225,-0.008666,-0.149951,-0.002762,-0.397041,0.005649,-0.237203,-0.527036,
1.360767,-0.961562,0.030592,-0.0,-1.570796,0.0,0.347291,-0.083923,0.112038,0.0,0.0,0.0,-0.568659,0.077999,0.451383,1.131934,-0.145288,-0.002369,-0.319549,-0.098149,-0.244505,0.376271,-0.170591,0.072532,0.223296,-0.0085,-0.150449,-0.002688,-0.397838,0.005537,-0.237701,-0.528688,
1.361115,-0.961646,0.030704,-0.0,-1.570796,0.0,0.347443,-0.083923,0.112066,0.0,0.0,0.0,-0.569235,0.078078,0.451973,1.131041,-0.145237,-0.00219,-0.318134,-0.098044,-0.243362,0.375204,-0.170451,0.072659,0.224092,-0.008333,-0.150947,-0.002615,-0.398636,0.005426,-0.238199,-0.53034,
1.361462,-0.96173,0.030816,-0.0,-1.570796,0.0,0.347291,-0.084,0.112093,0.0,0.0,0.0,-0.56981,0.078157,0.452564,1.130149,-0.145185,-0.00201,-0.316718,-0.097939,-0.242218,0.374136,-0.170312,0.072785,0.224888,-0.008166,-0.151444,-0.002542,-0.399434,0.005314,-0.238697,-0.531993,
1.361809,-0.961814,0.030928,-0.0,-1.570796,0.0,0.347291,-0.083923,0.112038,0.0,0.0,0.0,-0.570385,0.078235,0.453154,1.129256,-0.145134,-0.001831,-0.315303,-0.097834,-0.241075,0.373069,-0.170172,0.072911,0.225684,-0.008,-0.151942,-0.002469,-0.400232,0.005202,-0.239195,-0.533645,
1.362157,-0.961898,0.03104,-0.0,-1.570796,0.0,0.347443,-0.083923,0.112066,0.0,0.0,0.0,-0.570961,0.078314,0.453744,1.128364,-0.145082,-0.001651,-0.313888,-0.097729,-0.239932,0.372001,-0.170032,0.073038,0.22648,-0.007833,-0.15244,-0.002395,-0.40103,0.005091,-0.239693,-0.535297,
1.362504,-0.961982,0.031153,-0.0,-1.570796,0.0,0.347291,-0.083923,0.112066,0.0,0.0,0.0,-0.571536,0.078393,0.454334,1.127471,-0.145031,-0.001472,-0.312472,-0.097625,-0.238788,0.370933,-0.169893,0.073164,0.227277,-0.007667,-0.152937,-0.002322,-0.401828,0.004979,-0.240191,-0.536949,
1.362851,-0.962066,0.031265,-0.0,-1.570796,0.0,0.347291,-0.083923,0.112064,0.0,0.0,0.0,-0.572111,0.078472,0.454924,1.126579,-0.14498,-0.001292,-0.311057,-0.09752,-0.237645,0.369866,-0.169753,0.073291,0.228073,-0.0075,-0.153435,-0.002249,-0.402626,0.004867,-0.240689,-0.538602,
1.363199,-0.96215,0.031377,-0.0,-1.570796,0.0,0.347443,-0.084,0.112066,0.0,0.0,0.0,-0.572687,0.078551,0.455514,1.125686,-0.144928,-0.001113,-0.309642,-0.097415,-0.236501,0.368798,-0.169613,0.073417,0.228869,-0.007333,-0.153933,-0.002176,-0.403424,0.004755,-0.241187,-0.540254,
1.363546,-0.962234,0.031489,-0.0,-1.570796,0.0,0.347291,-0.083923,0.112066,0.0,0.0,0.0,-0.573262,0.07863,0.456104,1.124794,-0.144877,-0.000934,-0.308226,-0.09731,-0.235358,0.367731,-0.169474,0.073544,0.229665,-0.007167,-0.15443,-0.002103,-0.404222,0.004644,-0.241685,-0.541906,
1.363893,-0.962318,0.031601,-0.0,-1.570796,0.0,0.347291,-0.083923,0.112038,0.0,0.0,0.0,-0.573837,0.078709,0.456694,1.123901,-0.144825,-0.000754,-0.306811,-0.097205,-0.234215,0.366664,-0.169334,0.07367,0.230461,-0.007,-0.154928,-0.002029,-0.405019,0.004532,-0.242183,-0.543558,
1.364241,-0.962402,0.031713,-0.0,-1.570796,0.0,0.347443,-0.084,0.112093,0.0,0.0,0.0,-0.574413,0.078788,0.457284,1.123009,-0.144774,-0.000575,-0.305396,-0.097101,-0.233071,0.365596,-0.169194,0.073796,0.231257,-0.006834,-0.155426,-0.001956,-0.405818,0.00442,-0.242681,-0.545211,
1.364588,-0.962486,0.031825,-0.0,-1.570796,0.0,0.347138,-0.083923,0.112038,0.0,0.0,0.0,-0.574988,0.078867,0.457874,1.122117,-0.144723,-0.000395,-0.303981,-0.096996,-0.231928,0.364529,-0.169055,0.073923,0.232053,-0.006667,-0.155923,-0.001883,-0.406615,0.004309,-0.243179,-0.546863,
1.364935,-0.96257,0.031937,-0.0,-1.570796,0.0,0.347443,-0.083923,0.112066,0.0,0.0,0.0,-0.575563,0.078946,0.458464,1.121224,-0.144671,-0.000216,-0.302566,-0.096891,-0.230785,0.363461,-0.168915,0.074049,0.23285,-0.0065,-0.156421,-0.00181,-0.407413,0.004197,-0.243677,-0.548515,
1.365282,-0.962653,0.032049,-0.0,-1.570796,0.0,0.347291,-0.083923,0.112064,0.0,0.0,0.0,-0.576139,0.079025,0.459055,1.120332,-0.14462,-0.000036,-0.30115,-0.096786,-0.229641,0.362394,-0.168775,0.074176,0.233646,-0.006334,-0.156918,-0.001736,-0.408211,0.004085,-0.244175,-0.550168,
1.36563,-0.962738,0.032161,-0.0,-1.570796,0.0,0.347291,-0.084,0.112066,0.0,0.0,0.0,-0.576714,0.079104,0.459645,1.119439,-0.144568,0.000143,-0.299735,-0.096681,-0.228498,0.361326,-0.168636,0.074302,0.234442,-0.006167,-0.157416,-0.001663,-0.409009,0.003974,-0.244673,-0.55182,
1.365977,-0.962821,0.032273,-0.0,-1.570796,0.0,0.347443,-0.083923,0.112066,0.0,0.0,0.0,-0.577289,0.079183,0.460235,1.118547,-0.144517,0.000322,-0.29832,-0.096577,-0.227354,0.360259,-0.168496,0.074429,0.235238,-0.006,-0.157914,-0.00159,-0.409807,0.003862,-0.245171,-0.553472,
1.366324,-0.962905,0.032385,-0.0,-1.570796,0.0,0.347291,-0.083923,0.112066,0.0,0.0,0.0,-0.577865,0.079262,0.460825,1.117654,-0.144466,0.000502,-0.296904,-0.096472,-0.226211,0.359191,-0.168356,0.074555,0.236034,-0.005834,-0.158411,-0.001517,-0.410605,0.00375,-0.245669,-0.555124,
1.366672,-0.962989,0.032497,-0.0,-1.570796,0.0,0.347291,-0.083923,0.112035,0.0,0.0,0.0,-0.57844,0.079341,0.461415,1.116762,-0.144414,0.000681,-0.29549,-0.096367,-0.225068,0.358124,-0.168217,0.074681,0.23683,-0.005667,-0.158909,-0.001443,-0.411403,0.003639,-0.246167,-0.556776,
1.367019,-0.963073,0.032609,-0.0,-1.570796,0.0,0.347291,-0.083923,0.112066,0.0,0.0,0.0,-0.579015,0.07942,0.462005,1.115869,-0.144363,0.000861,-0.294074,-0.096262,-0.223925,0.357056,-0.168077,0.074808,0.237626,-0.005501,-0.159407,-0.00137,-0.4122,0.003527,-0.246664,-0.558428,
1.367366,-0.963157,0.032721,-0.0,-1.570796,0.0,0.347443,-0.084,0.112095,0.0,0.0,0.0,-0.579591,0.079499,0.462595,1.114977,-0.144311,0.00104,-0.292659,-0.096157,-0.222781,0.355989,-0.167937,0.074934,0.238423,-0.005334,-0.159904,-0.001297,-0.412999,0.003415,-0.247163,-0.560081,
1.367714,-0.963241,0.032833,-0.0,-1.570796,0.0,0.347291,-0.083923,0.112038,0.0,0.0,0.0,-0.580166,0.079578,0.463185,1.114084,-0.14426,0.00122,-0.291244,-0.096053,-0.221638,0.354921,-0.167798,0.075061,0.239219,-0.005167,-0.160402,-0.001224,-0.413796,0.003304,-0.24766,-0.561733,
1.368061,-0.963325,0.032945,-0.0,-1.570796,0.0,0.347291,-0.083923,0.112064,0.0,0.0,0.0,-0.580741,0.079657,0.463775,1.113192,-0.144209,0.001399,-0.289829,-0.095948,-0.220495,0.353854,-0.167658,0.075187,0.240015,-0.005001,-0.1609,-0.00115,-0.414594,0.003192,-0.248158,-0.563385,
1.368392,-0.963407,0.033049,-0.0,-1.570796,0.0,0.330659,-0.081787,0.103257,0.0,0.0,0.0,-0.581226,0.079717,0.464285,1.112134,-0.144244,0.001565,-0.288436,-0.095847,-0.219374,0.352775,-0.167489,0.075303,0.240724,-0.00485,-0.161343,-0.001089,-0.415304,0.003091,-0.248602,-0.564869,
1.368682,-0.963483,0.033131,-0.0,-1.570796,0.0,0.290223,-0.076599,0.082023,0.0,0.0,0.0,-0.581493,0.079733,0.464599,1.110679,-0.14449,0.001699,-0.287098,-0.095754,-0.218308,0.351668,-0.167251,0.075393,0.241224,-0.004736,-0.161655,-0.001056,-0.415802,0.003018,-0.248914,-0.565951,
1.368972,-0.96356,0.033213,-0.0,-1.570796,0.0,0.290375,-0.076523,0.082021,0.0,0.0,0.0,-0.58176,0.07975,0.464913,1.109224,-0.144736,0.001832,-0.285759,-0.095661,-0.217243,0.350562,-0.167012,0.075482,0.241724,-0.004623,-0.161968,-0.001023,-0.4163,0.002945,-0.249226,-0.567033,
1.369262,-0.963637,0.033295,-0.0,-1.570796,0.0,0.290223,-0.076599,0.082002,0.0,0.0,0.0,-0.582027,0.079766,0.465228,1.107769,-0.144982,0.001966,-0.284421,-0.095568,-0.216178,0.349455,-0.166773,0.075572,0.242224,-0.004509,-0.16228,-0.00099,-0.416799,0.002872,-0.249538,-0.568115,
1.369553,-0.963713,0.033377,-0.0,-1.570796,0.0,0.290375,-0.076523,0.082023,0.0,0.0,0.0,-0.582294,0.079782,0.465542,1.106314,-0.145228,0.0021,-0.283082,-0.095475,-0.215112,0.348348,-0.166534,0.075662,0.242724,-0.004396,-0.162592,-0.000957,-0.417297,0.002798,-0.249849,-0.569197,
1.369843,-0.96379,0.033459,-0.0,-1.570796,0.0,0.290223,-0.076599,0.082023,0.0,0.0,0.0,-0.582561,0.079798,0.465856,1.104858,-0.145474,0.002233,-0.281744,-0.095383,-0.214046,0.347242,-0.166295,0.075752,0.243224,-0.004282,-0.162905,-0.000924,-0.417795,0.002725,-0.250161,-0.570279,
1.370134,-0.963866,0.033541,-0.0,-1.570796,0.0,0.290375,-0.076523,0.082021,0.0,0.0,0.0,-0.582827,0.079814,0.466171,1.103403,-0.14572,0.002367,-0.280405,-0.09529,-0.212981,0.346135,-0.166056,0.075841,0.243724,-0.004169,-0.163217,-0.000891,-0.418293,0.002652,-0.250473,-0.571361,
1.370424,-0.963943,0.033623,-0.0,-1.570796,0.0,0.290223,-0.076599,0.082023,0.0,0.0,0.0,-0.583094,0.079831,0.466485,1.101948,-0.145967,0.002501,-0.279067,-0.095197,-0.211915,0.345028,-0.165818,0.075931,0.244224,-0.004055,-0.163529,-0.000858,-0.418791,0.002579,-0.250785,-0.572443,
1.370714,-0.964019,0.033705,-0.0,-1.570796,0.0,0.290375,-0.076523,0.082023,0.0,0.0,0.0,-0.583361,0.079847,0.4668,1.100492,-0.146213,0.002634,-0.277728,-0.095104,-0.21085,0.343921,-0.165579,0.076021,0.244724,-0.003942,-0.163842,-0.000825,-0.419289,0.002505,-0.251097,-0.573525,
1.371004,-0.964096,0.033787,-0.0,-1.570796,0.0,0.290223,-0.076599,0.082002,0.0,0.0,0.0,-0.583628,0.079863,0.467114,1.099037,-0.146459,0.002768,-0.27639,-0.095012,-0.209784,0.342815,-0.16534,0.076111,0.245224,-0.003828,-0.164154,-0.000792,-0.419787,0.002432,-0.251409,-0.574606,
1.371295,-0.964172,0.033869,-0.0,-1.570796,0.0,0.290375,-0.076599,0.082042,0.0,0.0,0.0,-0.583895,0.079879,0.467428,1.097582,-0.146705,0.002902,-0.275051,-0.094919,-0.208718,0.341708,-0.165101,0.076201,0.245725,-0.003714,-0.164466,-0.000759,-0.420286,0.002359,-0.251721,-0.575689,
1.371585,-0.964249,0.033951,-0.0,-1.570796,0.0,0.290375,-0.076523,0.082023,0.0,0.0,0.0,-0.584162,0.079895,0.467743,1.096126,-0.146951,0.003035,-0.273712,-0.094826,-0.207653,0.340601,-0.164862,0.07629,0.246225,-0.003601,-0.164779,-0.000726,-0.420784,0.002286,-0.252033,-0.576771,
1.371875,-0.964326,0.034033,-0.0,-1.570796,0.0,0.290223,-0.076523,0.081999,0.0,0.0,0.0,-0.584428,0.079911,0.468057,1.094671,-0.147197,0.003169,-0.272374,-0.094733,-0.206587,0.339494,-0.164624,0.07638,0.246725,-0.003487,-0.165091,-0.000694,-0.421282,0.002213,-0.252345,-0.577852,
1.372166,-0.964402,0.034115,-0.0,-1.570796,0.0,0.290375,-0.076599,0.082023,0.0,0.0,0.0,-0.584695,0.079928,0.468372,1.093216,-0.147443,0.003303,-0.271035,-0.09464,-0.205522,0.338388,-0.164385,0.07647,0.247225,-0.003374,-0.165403,-0.000661,-0.42178,0.002139,-0.252657,-0.578934,
1.372456,-0.964479,0.034197,-0.0,-1.570796,0.0,0.290375,-0.076599,0.082045,0.0,0.0,0.0,-0.584962,0.079944,0.468686,1.09176,-0.147689,0.003436,-0.269696,-0.094548,-0.204456,0.337281,-0.164146,0.07656,0.247725,-0.00326,-0.165716,-0.000628,-0.422279,0.002066,-0.252969,-0.580017,
1.372746,-0.964555,0.034279,-0.0,-1.570796,0.0,0.290223,-0.076523,0.081999,0.0,0.0,0.0,-0.585229,0.07996,0.469001,1.090305,-0.147935,0.00357,-0.268358,-0.094455,-0.20339,0.336174,-0.163907,0.076649,0.248225,-0.003147,-0.166028,-0.000595,-0.422777,0.001993,-0.253281,-0.581098,
1.373037,-0.964632,0.034361,-0.0,-1.570796,0.0,0.290223,-0.076599,0.082023,0.0,0.0,0.0,-0.585496,0.079976,0.469315,1.08885,-0.148181,0.003704,-0.267019,-0.094362,-0.202325,0.335067,-0.163668,0.076739,0.248725,-0.003033,-0.166341,-0.000562,-0.423275,0.00192,-0.253593,-0.58218,
1.373327,-0.964708,0.034443,-0.0,-1.570796,0.0,0.290375,-0.076523,0.082023,0.0,0.0,0.0,-0.585763,0.079992,0.469629,1.087394,-0.148427,0.003837,-0.26568,-0.094269,-0.201259,0.33396,-0.163429,0.076829,0.249225,-0.00292,-0.166653,-0.000529,-0.423773,0.001846,-0.253905,-0.583262,
1.373617,-0.964785,0.034525,-0.0,-1.570796,0.0,0.290223,-0.076523,0.082002,0.0,0.0,0.0,-0.58603,0.080009,0.469944,1.085939,-0.148673,0.003971,-0.264342,-0.094177,-0.200194,0.332854,-0.163191,0.076919,0.249725,-0.002806,-0.166965,-0.000496,-0.424271,0.001773,-0.254217,-0.584344,
1.373907,-0.964862,0.034607,-0.0,-1.570796,0.0,0.290375,-0.076599,0.082042,0.0,0.0,0.0,-0.586297,0.080025,0.470258,1.084484,-0.148919,0.004105,-0.263003,-0.094084,-0.199128,0.331747,-0.162952,0.077009,0.250225,-0.002693,-0.167278,-0.000463,-0.424769,0.0017,-0.254529,-0.585426,
1.374198,-0.964938,0.034689,-0.0,-1.570796,0.0,0.290223,-0.076523,0.082002,0.0,0.0,0.0,-0.586563,0.080041,0.470572,1.083029,-0.149165,0.004238,-0.261665,-0.093991,-0.198062,0.33064,-0.162713,0.077098,0.250725,-0.002579,-0.16759,-0.00043,-0.425267,0.001627,-0.254841,-0.586508,
1.374488,-0.965015,0.034771,-0.0,-1.570796,0.0,0.290375,-0.076599,0.082023,0.0,0.0,0.0,-0.58683,0.080057,0.470887,1.081573,-0.149411,0.004372,-0.260326,-0.093898,-0.196997,0.329534,-0.162474,0.077188,0.251225,-0.002466,-0.167902,-0.000397,-0.425766,0.001553,-0.255153,-0.58759,
1.374778,-0.965091,0.034853,-0.0,-1.570796,0.0,0.290223,-0.076599,0.082021,0.0,0.0,0.0,-0.587097,0.080073,0.471201,1.080118,-0.149657,0.004506,-0.258987,-0.093805,-0.195931,0.328427,-0.162235,0.077278,0.251725,-0.002352,-0.168215,-0.000364,-0.426264,0.00148,-0.255464,-0.588672,
1.375069,-0.965168,0.034935,-0.0,-1.570796,0.0,0.290375,-0.076523,0.082023,0.0,0.0,0.0,-0.587364,0.08009,0.471516,1.078662,-0.149903,0.004639,-0.257649,-0.093713,-0.194866,0.32732,-0.161996,0.077368,0.252225,-0.002239,-0.168527,-0.000331,-0.426762,0.001407,-0.255776,-0.589754,
1.375359,-0.965244,0.035017,-0.0,-1.570796,0.0,0.290223,-0.076599,0.082023,0.0,0.0,0.0,-0.587631,0.080106,0.47183,1.077207,-0.150149,0.004773,-0.25631,-0.09362,-0.1938,0.326213,-0.161758,0.077458,0.252725,-0.002125,-0.168839,-0.000298,-0.42726,0.001334,-0.256088,-0.590836,
1.375649,-0.965321,0.035099,-0.0,-1.570796,0.0,0.290375,-0.076523,0.082021,0.0,0.0,0.0,-0.587898,0.080122,0.472144,1.075752,-0.150395,0.004907,-0.254971,-0.093527,-0.192734,0.325106,-0.161519,0.077547,0.253226,-0.002012,-0.169152,-0.000265,-0.427758,0.00126,-0.2564,-0.591918,
1.375939,-0.965397,0.035181,-0.0,-1.570796,0.0,0.290223,-0.076599,0.082002,0.0,0.0,0.0,-0.588164,0.080138,0.472459,1.074297,-0.150641,0.00504,-0.253633,-0.093434,-0.191669,0.324,-0.16128,0.077637,0.253726,-0.001898,-0.169464,-0.000232,-0.428256,0.001187,-0.256712,-0.593,
1.37623,-0.965474,0.035263,-0.0,-1.570796,0.0,0.290375,-0.076523,0.082045,0.0,0.0,0.0,-0.588431,0.080154,0.472773,1.072841,-0.150887,0.005174,-0.252294,-0.093341,-0.190603,0.322893,-0.161041,0.077727,0.254226,-0.001785,-0.169776,-0.000199,-0.428755,0.001114,-0.257024,-0.594082,
1.37652,-0.965551,0.035345,-0.0,-1.570796,0.0,0.290375,-0.076599,0.082021,0.0,0.0,0.0,-0.588698,0.08017,0.473088,1.071386,-0.151133,0.005308,-0.250956,-0.093249,-0.189538,0.321786,-0.160802,0.077817,0.254726,-0.001671,-0.170089,-0.000166,-0.429253,0.001041,-0.257336,-0.595164,
1.37681,-0.965627,0.035427,-0.0,-1.570796,0.0,0.290223,-0.076523,0.082002,0.0,0.0,0.0,-0.588965,0.080187,0.473402,1.069931,-0.151379,0.005441,-0.249617,-0.093156,-0.188472,0.32068,-0.160563,0.077906,0.255226,-0.001558,-0.170401,-0.000133,-0.429751,0.000967,-0.257648,-0.596245,
1.377101,-0.965704,0.035509,-0.0,-1.570796,0.0,0.290223,-0.076599,0.082023,0.0,0.0,0.0,-0.589232,0.080203,0.473716,1.068476,-0.151625,0.005575,-0.248279,-0.093063,-0.187407,0.319573,-0.160325,0.077996,0.255726,-0.001444,-0.170713,-0.0001,-0.430249,0.000894,-0.25796,-0.597327,
1.377391,-0.96578,0.035591,-0.0,-1.570796,0.0,0.290375,-0.076523,0.082023,0.0,0.0,0.0,-0.589499,0.080219,0.474031,1.06702,-0.151871,0.005709,-0.24694,-0.09297,-0.186341,0.318466,-0.160086,0.078086,0.256226,-0.001331,-0.171026,-0.000067,-0.430747,0.000821,-0.258272,-0.598409,
1.377681,-0.965857,0.035673,-0.0,-1.570796,0.0,0.290375,-0.076599,0.082021,0.0,0.0,0.0,-0.589766,0.080235,0.474345,1.065565,-0.152117,0.005842,-0.245602,-0.092878,-0.185275,0.317359,-0.159847,0.078176,0.256726,-0.001217,-0.171338,-0.000034,-0.431245,0.000748,-0.258584,-0.599491,
1.377972,-0.965933,0.035755,-0.0,-1.570796,0.0,0.290223,-0.076523,0.082023,0.0,0.0,0.0,-0.590033,0.080251,0.47466,1.06411,-0.152363,0.005976,-0.244263,-0.092785,-0.18421,0.316253,-0.159608,0.078266,0.257226,-0.001103,-0.17165,-0.000001,-0.431744,0.000675,-0.258896,-0.600573,
1.378195,-0.966002,0.035799,-0.0,-1.570796,0.0,0.223694,-0.068741,0.043452,0.0,0.0,0.0,-0.589918,0.080186,0.474635,1.062081,-0.152805,0.006054,-0.243037,-0.09269,-0.18325,0.315126,-0.159276,0.07831,0.257352,-0.001067,-0.171729,0.0,-0.431854,0.000652,-0.258966,-0.600854,
1.378416,-0.966071,0.035841,-0.0,-1.570796,0.0,0.220795,-0.068436,0.041754,0.0,0.0,0.0,-0.589786,0.080117,0.474596,1.060026,-0.153255,0.006129,-0.241816,-0.092595,-0.182295,0.313999,-0.15894,0.078352,0.257461,-0.001034,-0.171797,0.0,-0.431948,0.000632,-0.259025,-0.6011,
1.378637,-0.966139,0.035882,-0.0,-1.570796,0.0,0.220795,-0.068436,0.041764,0.0,0.0,0.0,-0.589654,0.080049,0.474556,1.05797,-0.153705,0.006204,-0.240594,-0.0925,-0.181339,0.312871,-0.158604,0.078394,0.25757,-0.001001,-0.171865,-0.0,-0.432042,0.000612,-0.259084,-0.601345,
1.378858,-0.966207,0.035924,-0.0,-1.570796,0.0,0.220795,-0.068359,0.041742,0.0,0.0,0.0,-0.589522,0.07998,0.474516,1.055915,-0.154155,0.006279,-0.239373,-0.092405,-0.180384,0.311744,-0.158268,0.078436,0.257678,-0.000968,-0.171933,0.0,-0.432136,0.000592,-0.259143,-0.601591,
1.379078,-0.966276,0.035966,-0.0,-1.570796,0.0,0.220642,-0.068436,0.041754,0.0,0.0,0.0,-0.589391,0.079911,0.474477,1.05386,-0.154605,0.006354,-0.238152,-0.092311,-0.179428,0.310616,-0.157932,0.078478,0.257787,-0.000935,-0.172001,0.0,-0.43223,0.000572,-0.259202,-0.601836,
1.379299,-0.966344,0.036008,-0.0,-1.570796,0.0,0.220795,-0.068436,0.041754,0.0,0.0,0.0,-0.589259,0.079842,0.474437,1.051804,-0.155055,0.006429,-0.236931,-0.092216,-0.178472,0.309489,-0.157596,0.078521,0.257896,-0.000902,-0.172069,0.0,-0.432323,0.000551,-0.259261,-0.602082,
1.37952,-0.966413,0.036049,-0.0,-1.570796,0.0,0.220795,-0.068436,0.041754,0.0,0.0,0.0,-0.589127,0.079773,0.474398,1.049749,-0.155505,0.006504,-0.235709,-0.092121,-0.177517,0.308361,-0.15726,0.078563,0.258005,-0.000869,-0.172137,0.0,-0.432417,0.000531,-0.25932,-0.602327,
1.379741,-0.966481,0.036091,-0.0,-1.570796,0.0,0.220795,-0.068359,0.041752,0.0,0.0,0.0,-0.588995,0.079704,0.474358,1.047693,-0.155955,0.006579,-0.234488,-0.092026,-0.176561,0.307234,-0.156924,0.078605,0.258114,-0.000836,-0.172205,0.0,-0.432511,0.000511,-0.259379,-0.602573,
1.379961,-0.966549,0.036133,-0.0,-1.570796,0.0,0.220795,-0.068436,0.041754,0.0,0.0,0.0,-0.588863,0.079636,0.474319,1.045638,-0.156405,0.006654,-0.233266,-0.091931,-0.175606,0.306106,-0.156588,0.078647,0.258223,-0.000803,-0.172273,-0.0,-0.432604,0.000491,-0.259438,-0.602818,
1.380182,-0.966618,0.036175,-0.0,-1.570796,0.0,0.220642,-0.068359,0.041742,0.0,0.0,0.0,-0.588732,0.079567,0.474279,1.043582,-0.156855,0.006729,-0.232045,-0.091836,-0.174651,0.304979,-0.156252,0.078689,0.258332,-0.00077,-0.172341,0.0,-0.432698,0.000471,-0.259497,-0.603064,
1.380403,-0.966686,0.036216,-0.0,-1.570796,0.0,0.220795,-0.068436,0.041754,0.0,0.0,0.0,-0.5886,0.079498,0.474239,1.041527,-0.157305,0.006804,-0.230824,-0.091741,-0.173695,0.303851,-0.155916,0.078731,0.258441,-0.000738,-0.172409,0.0,-0.432792,0.000451,-0.259557,-0.603309,
1.380624,-0.966755,0.036258,-0.0,-1.570796,0.0,0.220795,-0.068436,0.041764,0.0,0.0,0.0,-0.588468,0.079429,0.4742,1.039471,-0.157755,0.006879,-0.229602,-0.091646,-0.172739,0.302723,-0.155579,0.078773,0.25855,-0.000705,-0.172477,0.0,-0.432886,0.000431,-0.259616,-0.603555,
1.380845,-0.966823,0.0363,-0.0,-1.570796,0.0,0.220795,-0.068359,0.041742,0.0,0.0,0.0,-0.588336,0.07936,0.47416,1.037415,-0.158205,0.006954,-0.228381,-0.091552,-0.171784,0.301596,-0.155243,0.078816,0.258659,-0.000672,-0.172545,0.0,-0.432979,0.00041,-0.259675,-0.6038,
1.381065,-0.966891,0.036342,-0.0,-1.570796,0.0,0.220795,-0.068436,0.041754,0.0,0.0,0.0,-0.588205,0.079292,0.474121,1.03536,-0.158655,0.007029,-0.22716,-0.091457,-0.170828,0.300468,-0.154907,0.078858,0.258768,-0.000639,-0.172613,0.0,-0.433073,0.00039,-0.259734,-0.604046,
1.381286,-0.96696,0.036383,-0.0,-1.570796,0.0,0.220642,-0.068436,0.041754,0.0,0.0,0.0,-0.588073,0.079223,0.474081,1.033304,-0.159105,0.007105,-0.225938,-0.091362,-0.169873,0.299341,-0.154571,0.0789,0.258877,-0.000606,-0.172681,0.0,-0.433167,0.00037,-0.259793,-0.604291,
1.381507,-0.967028,0.036425,-0.0,-1.570796,0.0,0.220795,-0.068436,0.041752,0.0,0.0,0.0,-0.587941,0.079154,0.474042,1.031248,-0.159555,0.00718,-0.224717,-0.091267,-0.168917,0.298213,-0.154235,0.078942,0.258986,-0.000573,-0.172749,0.0,-0.433261,0.00035,-0.259852,-0.604537,
1.381728,-0.967097,0.036467,-0.0,-1.570796,0.0,0.220795,-0.068359,0.041754,0.0,0.0,0.0,-0.587809,0.079085,0.474002,1.029193,-0.160005,0.007255,-0.223495,-0.091172,-0.167962,0.297086,-0.153899,0.078984,0.259095,-0.00054,-0.172817,0.0,-0.433354,0.00033,-0.259911,-0.604782,
1.381948,-0.967165,0.036509,-0.0,-1.570796,0.0,0.220795,-0.068436,0.041742,0.0,0.0,0.0,-0.587678,0.079016,0.473963,1.027137,-0.160455,0.00733,-0.222274,-0.091077,-0.167006,0.295958,-0.153563,0.079026,0.259204,-0.000507,-0.172885,-0.0,-0.433448,0.00031,-0.25997,-0.605028,
1.382169,-0.967233,0.03655,-0.0,-1.570796,0.0,0.220642,-0.068359,0.041754,0.0,0.0,0.0,-0.587546,0.078947,0.473923,1.025082,-0.160905,0.007405,-0.221053,-0.090982,-0.166051,0.294831,-0.153227,0.079068,0.259313,-0.000474,-0.172953,0.0,-0.433542,0.00029,-0.260029,-0.605273,
1.38239,-0.967302,0.036592,-0.0,-1.570796,0.0,0.220948,-0.068436,0.041764,0.0,0.0,0.0,-0.587414,0.078879,0.473884,1.023025,-0.161355,0.00748,-0.219831,-0.090887,-0.165095,0.293703,-0.152891,0.079111,0.259421,-0.000441,-0.173021,0.0,-0.433636,0.000269,-0.260088,-0.605519,
1.382611,-0.96737,0.036634,-0.0,-1.570796,0.0,0.220642,-0.068436,0.041742,0.0,0.0,0.0,-0.587282,0.07881,0.473844,1.02097,-0.161805,0.007555,-0.21861,-0.090793,-0.16414,0.292575,-0.152555,0.079153,0.25953,-0.000408,-0.173089,0.0,-0.433729,0.000249,-0.260147,-0.605764,
1.382831,-0.967439,0.036676,-0.0,-1.570796,0.0,0.220795,-0.068359,0.041754,0.0,0.0,0.0,-0.58715,0.078741,0.473804,1.018915,-0.162255,0.00763,-0.217389,-0.090698,-0.163184,0.291448,-0.152219,0.079195,0.259639,-0.000375,-0.173157,0.0,-0.433823,0.000229,-0.260207,-0.60601,
1.383052,-0.967507,0.036717,-0.0,-1.570796,0.0,0.220795,-0.068436,0.041754,0.0,0.0,0.0,-0.587019,0.078672,0.473765,1.016859,-0.162705,0.007705,-0.216167,-0.090603,-0.162229,0.29032,-0.151883,0.079237,0.259748,-0.000342,-0.173225,0.0,-0.433917,0.000209,-0.260266,-0.606255,
1.383273,-0.967576,0.036759,-0.0,-1.570796,0.0,0.220642,-0.068436,0.041742,0.0,0.0,0.0,-0.586887,0.078603,0.473725,1.014804,-0.163155,0.00778,-0.214946,-0.090508,-0.161273,0.289193,-0.151547,0.079279,0.259857,-0.000309,-0.173293,0.0,-0.434011,0.000189,-0.260325,-0.606501,
1.383494,-0.967644,0.036801,-0.0,-1.570796,0.0,0.220795,-0.068436,0.041764,0.0,0.0,0.0,-0.586755,0.078535,0.473686,1.012748,-0.163605,0.007855,-0.213724,-0.090413,-0.160318,0.288065,-0.151211,0.079321,0.259966,-0.000276,-0.173361,0.0,-0.434104,0.000169,-0.260384,-0.606746,
1.383714,-0.967712,0.036843,-0.0,-1.570796,0.0,0.220795,-0.068359,0.041754,0.0,0.0,0.0,-0.586623,0.078466,0.473646,1.010692,-0.164055,0.00793,-0.212503,-0.090318,-0.159362,0.286938,-0.150875,0.079363,0.260075,-0.000243,-0.173429,0.0,-0.434198,0.000149,-0.260443,-0.606992,
1.383935,-0.967781,0.036884,-0.0,-1.570796,0.0,0.220795,-0.068436,0.041742,0.0,0.0,0.0,-0.586492,0.078397,0.473607,1.008637,-0.164505,0.008005,-0.211282,-0.090224,-0.158407,0.28581,-0.150539,0.079406,0.260184,-0.00021,-0.173497,0.0,-0.434292,0.000128,-0.260502,-0.607237,
1.384156,-0.967849,0.036926,-0.0,-1.570796,0.0,0.220795,-0.068359,0.041754,0.0,0.0,0.0,-0.58636,0.078328,0.473567,1.006582,-0.164955,0.00808,-0.210061,-0.090129,-0.157451,0.284683,-0.150203,0.079448,0.260293,-0.000177,-0.173565,0.0,-0.434386,0.000108,-0.260561,-0.607483,
1.384377,-0.967918,0.036968,-0.0,-1.570796,0.0,0.220642,-0.068436,0.041752,0.0,0.0,0.0,-0.586228,0.078259,0.473527,1.004526,-0.165405,0.008155,-0.208839,-0.090034,-0.156496,0.283555,-0.149866,0.07949,0.260402,-0.000144,-0.173633,0.0,-0.434479,0.000088,-0.26062,-0.607728,
1.384597,-0.967986,0.03701,-0.0,-1.570796,0.0,0.220795,-0.068436,0.041754,0.0,0.0,0.0,-0.586096,0.07819,0.473488,1.002471,-0.165855,0.008231,-0.207618,-0.089939,-0.15554,0.282428,-0.14953,0.079532,0.260511,-0.000111,-0.173701,0.0,-0.434573,0.000068,-0.260679,-0.607974,
1.384818,-0.968054,0.037051,-0.0,-1.570796,0.0,0.220795,-0.068436,0.041754,0.0,0.0,0.0,-0.585964,0.078122,0.473448,1.000416,-0.166305,0.008306,-0.206397,-0.089844,-0.154585,0.2813,-0.149194,0.079574,0.26062,-0.000078,-0.173769,-0.0,-0.434667,0.000048,-0.260738,-0.608219,
1.385039,-0.968123,0.037093,-0.0,-1.570796,0.0,0.220795,-0.068359,0.041742,0.0,0.0,0.0,-0.585833,0.078053,0.473409,0.998361,-0.166755,0.008381,-0.205176,-0.089749,-0.15363,0.280173,-0.148858,0.079616,0.260729,-0.000045,-0.173837,0.0,-0.43476,0.000028,-0.260797,-0.608465,
1.38526,-0.968191,0.037135,-0.0,-1.570796,0.0,0.220795,-0.068436,0.041764,0.0,0.0,0.0,-0.585701,0.077984,0.473369,0.996305,-0.167206,0.008456,-0.203954,-0.089654,-0.152674,0.279045,-0.148522,0.079658,0.260838,-0.000012,-0.173905,-0.0,-0.434854,0.000008,-0.260857,-0.60871,
1.385439,-0.968254,0.037144,-0.0,-1.570796,0.0,0.178681,-0.063095,0.00881,0.0,0.0,0.0,-0.585314,0.077871,0.4731,0.993941,-0.167687,0.008484,-0.202837,-0.089548,-0.151816,0.27795,-0.148153,0.079663,0.260729,0.0,-0.17383,0.0,-0.434638,-0.0,-0.260729,-0.608452,
1.385592,-0.968314,0.037133,-0.0,-1.570796,0.0,0.153198,-0.059738,-0.011227,0.0,0.0,0.0,-0.584771,0.077731,0.472692,0.991389,-0.168186,0.008484,-0.201784,-0.089435,-0.151018,0.276876,-0.147764,0.079645,0.260487,0.0,-0.173668,0.0,-0.434233,0.0,-0.260487,-0.607886,
1.385745,-0.968374,0.037121,-0.0,-1.570796,0.0,0.153198,-0.059891,-0.011227,0.0,0.0,0.0,-0.584229,0.077591,0.472284,0.988836,-0.168686,0.008484,-0.20073,-0.089322,-0.150219,0.275801,-0.147375,0.079626,0.260245,0.0,-0.173507,0.0,-0.433829,-0.0,-0.260245,-0.607321,
1.385898,-0.968434,0.03711,-0.0,-1.570796,0.0,0.153046,-0.059815,-0.01123,0.0,0.0,0.0,-0.583687,0.077452,0.471875,0.986283,-0.169186,0.008484,-0.199676,-0.089209,-0.149421,0.274726,-0.146986,0.079608,0.260003,0.0,-0.173345,0.0,-0.433424,0.0,-0.260003,-0.606756,
1.386051,-0.968494,0.037099,-0.0,-1.570796,0.0,0.153198,-0.059815,-0.011227,0.0,0.0,0.0,-0.583144,0.077312,0.471467,0.98373,-0.169686,0.008484,-0.198623,-0.089096,-0.148623,0.273652,-0.146597,0.07959,0.259761,0.0,-0.173183,0.0,-0.433019,0.0,-0.259761,-0.60619,
1.386204,-0.968553,0.037088,-0.0,-1.570796,0.0,0.153198,-0.059815,-0.01123,0.0,0.0,0.0,-0.582602,0.077172,0.471058,0.981177,-0.170186,0.008484,-0.197569,-0.088982,-0.147824,0.272577,-0.146207,0.079571,0.259519,0.0,-0.173021,0.0,-0.432614,-0.0,-0.259519,-0.605625,
1.386358,-0.968613,0.037076,-0.0,-1.570796,0.0,0.153198,-0.059815,-0.011227,0.0,0.0,0.0,-0.582059,0.077032,0.47065,0.978624,-0.170686,0.008484,-0.196515,-0.088869,-0.147026,0.271502,-0.145818,0.079553,0.259277,-0.0,-0.17286,0.0,-0.43221,0.0,-0.259277,-0.605059,
1.386511,-0.968673,0.037065,-0.0,-1.570796,0.0,0.153046,-0.059815,-0.011225,0.0,0.0,0.0,-0.581517,0.076893,0.470242,0.976072,-0.171186,0.008484,-0.195462,-0.088756,-0.146227,0.270428,-0.145429,0.079535,0.259036,-0.0,-0.172698,0.0,-0.431805,0.0,-0.259036,-0.604494,
1.386664,-0.968733,0.037054,-0.0,-1.570796,0.0,0.153198,-0.059815,-0.011232,0.0,0.0,0.0,-0.580974,0.076753,0.469833,0.973518,-0.171686,0.008484,-0.194408,-0.088643,-0.145429,0.269353,-0.14504,0.079516,0.258794,0.0,-0.172536,0.0,-0.4314,0.0,-0.258794,-0.603929,
1.386817,-0.968793,0.037043,-0.0,-1.570796,0.0,0.153198,-0.059815,-0.01123,0.0,0.0,0.0,-0.580432,0.076613,0.469425,0.970964,-0.172186,0.008484,-0.193354,-0.08853,-0.14463,0.268278,-0.144651,0.079498,0.258552,0.0,-0.172374,0.0,-0.430995,0.0,-0.258552,-0.603364,
1.38697,-0.968853,0.037031,-0.0,-1.570796,0.0,0.153198,-0.059815,-0.011225,0.0,0.0,0.0,-0.57989,0.076473,0.469017,0.968411,-0.172686,0.008484,-0.192301,-0.088417,-0.143832,0.267203,-0.144262,0.07948,0.25831,-0.0,-0.172213,0.0,-0.430591,-0.0,-0.25831,-0.602798,
1.387123,-0.968912,0.03702,-0.0,-1.570796,0.0,0.153046,-0.059815,-0.011227,0.0,0.0,0.0,-0.579347,0.076333,0.468608,0.965858,-0.173186,0.008484,-0.191247,-0.088304,-0.143034,0.266128,-0.143872,0.079461,0.258068,0.0,-0.172051,0.0,-0.430186,0.0,-0.258068,-0.602233,
1.387276,-0.968972,0.037009,-0.0,-1.570796,0.0,0.153198,-0.059815,-0.01123,0.0,0.0,0.0,-0.578805,0.076194,0.4682,0.963304,-0.173686,0.008484,-0.190193,-0.088191,-0.142235,0.265054,-0.143483,0.079443,0.257826,-0.0,-0.171889,0.0,-0.429781,0.0,-0.257826,-0.601668,
1.38743,-0.969032,0.036998,-0.0,-1.570796,0.0,0.153198,-0.059815,-0.011227,0.0,0.0,0.0,-0.578262,0.076054,0.467791,0.960751,-0.174186,0.008484,-0.18914,-0.088078,-0.141437,0.263979,-0.143094,0.079425,0.257584,0.0,-0.171728,0.0,-0.429377,-0.0,-0.257584,-0.601102,
1.387583,-0.969092,0.036987,-0.0,-1.570796,0.0,0.153198,-0.059815,-0.01123,0.0,0.0,0.0,-0.57772,0.075914,0.467383,0.958197,-0.174686,0.008484,-0.188086,-0.087964,-0.140638,0.262904,-0.142705,0.079406,0.257343,-0.0,-0.171566,0.0,-0.428972,0.0,-0.257343,-0.600537,
1.387736,-0.969152,0.036975,-0.0,-1.570796,0.0,0.153046,-0.059815,-0.011225,0.0,0.0,0.0,-0.577178,0.075774,0.466975,0.955644,-0.175186,0.008484,-0.187032,-0.087851,-0.13984,0.261829,-0.142316,0.079388,0.257101,0.0,-0.171404,0.0,-0.428567,0.0,-0.257101,-0.599972,
1.387889,-0.969211,0.036964,-0.0,-1.570796,0.0,0.153198,-0.059815,-0.01123,0.0,0.0,0.0,-0.576635,0.075635,0.466566,0.953091,-0.175686,0.008484,-0.185979,-0.087738,-0.139042,0.260754,-0.141927,0.07937,0.256859,0.0,-0.171243,0.0,-0.428162,0.0,-0.256859,-0.599406,
1.388042,-0.969271,0.036953,-0.0,-1.570796,0.0,0.153198,-0.059815,-0.01123,0.0,0.0,0.0,-0.576093,0.075495,0.466158,0.950536,-0.176186,0.008484,-0.184925,-0.087625,-0.138243,0.259679,-0.141538,0.079351,0.256617,0.0,-0.171081,0.0,-0.427758,0.0,-0.256617,-0.598841,
1.388196,-0.969331,0.036942,-0.0,-1.570796,0.0,0.153198,-0.059815,-0.011225,0.0,0.0,0.0,-0.57555,0.075355,0.46575,0.947984,-0.176686,0.008484,-0.183871,-0.087512,-0.137445,0.258605,-0.141148,0.079333,0.256375,0.0,-0.170919,0.0,-0.427353,0.0,-0.256375,-0.598275,
1.388348,-0.969391,0.03693,-0.0,-1.570796,0.0,0.153046,-0.059815,-0.01123,0.0,0.0,0.0,-0.575008,0.075215,0.465341,0.94543,-0.177186,0.008484,-0.182818,-0.087399,-0.136646,0.25753,-0.140759,0.079315,0.256133,-0.0,-0.170757,0.0,-0.426948,0.0,-0.256133,-0.59771,
1.388502,-0.969451,0.036919,-0.0,-1.570796,0.0,0.153198,-0.059891,-0.011227,0.0,0.0,0.0,-0.574465,0.075075,0.464933,0.942876,-0.177686,0.008484,-0.181764,-0.087286,-0.135848,0.256455,-0.14037,0.079297,0.255892,0.0,-0.170596,0.0,-0.426543,-0.0,-0.255892,-0.597145,
1.388655,-0.969511,0.036908,-0.0,-1.570796,0.0,0.153198,-0.059815,-0.01123,0.0,0.0,0.0,-0.573923,0.074936,0.464524,0.940323,-0.178186,0.008484,-0.18071,-0.087173,-0.135049,0.25538,-0.139981,0.079278,0.25565,0.0,-0.170434,0.0,-0.426139,0.0,-0.25565,-0.596579,
1.388808,-0.96957,0.036897,-0.0,-1.570796,0.0,0.153198,-0.059815,-0.011227,0.0,0.0,0.0,-0.573381,0.074796,0.464116,0.937769,-0.178686,0.008484,-0.179657,-0.087059,-0.134251,0.254306,-0.139592,0.07926,0.255408,0.0,-0.170272,0.0,-0.425734,0.0,-0.255408,-0.596014,
1.388961,-0.96963,0.036886,-0.0,-1.570796,0.0,0.153198,-0.059815,-0.01123,0.0,0.0,0.0,-0.572838,0.074656,0.463708,0.935216,-0.179186,0.008484,-0.178603,-0.086946,-0.133453,0.253231,-0.139203,0.079242,0.255166,-0.0,-0.17011,0.0,-0.425329,0.0,-0.255166,-0.595449,
1.389114,-0.96969,0.036874,-0.0,-1.570796,0.0,0.153046,-0.059815,-0.011225,0.0,0.0,0.0,-0.572296,0.074516,0.463299,0.932663,-0.179685,0.008484,-0.177549,-0.086833,-0.132654,0.252156,-0.138814,0.079223,0.254924,-0.0,-0.169949,0.0,-0.424925,0.0,-0.254924,-0.594883,
1.389268,-0.96975,0.036863,-0.0,-1.570796,0.0,0.153198,-0.059815,-0.011232,0.0,0.0,0.0,-0.571753,0.074376,0.462891,0.930109,-0.180185,0.008484,-0.176495,-0.08672,-0.131856,0.251081,-0.138424,0.079205,0.254682,-0.0,-0.169787,0.0,-0.42452,0.0,-0.254682,-0.594318,
1.389421,-0.96981,0.036852,-0.0,-1.570796,0.0,0.153198,-0.059815,-0.011225,0.0,0.0,0.0,-0.571211,0.074237,0.462482,0.927557,-0.180685,0.008484,-0.175442,-0.086607,-0.131057,0.250007,-0.138035,0.079187,0.25444,0.0,-0.169625,0.0,-0.424115,0.0,-0.25444,-0.593753,
1.389574,-0.969869,0.036841,-0.0,-1.570796,0.0,0.153046,-0.059815,-0.01123,0.0,0.0,0.0,-0.570669,0.074097,0.462074,0.925004,-0.181185,0.008484,-0.174388,-0.086494,-0.130259,0.248932,-0.137646,0.079168,0.254199,0.0,-0.169464,0.0,-0.42371,0.0,-0.254199,-0.593187,
1.389727,-0.969929,0.036829,-0.0,-1.570796,0.0,0.153198,-0.059815,-0.011227,0.0,0.0,0.0,-0.570126,0.073957,0.461666,0.92245,-0.181685,0.008484,-0.173335,-0.086381,-0.129461,0.247857,-0.137257,0.07915,0.253957,0.0,-0.169302,0.0,-0.423306,-0.0,-0.253957,-0.592622,
1.38988,-0.969989,0.036818,-0.0,-1.570796,0.0,0.153198,-0.059815,-0.011225,0.0,0.0,0.0,-0.569584,0.073817,0.461257,0.919898,-0.182185,0.008484,-0.172281,-0.086268,-0.128662,0.246783,-0.136868,0.079132,0.253715,0.0,-0.16914,0.0,-0.422901,0.0,-0.253715,-0.592057,
1.390033,-0.970049,0.036807,-0.0,-1.570796,0.0,0.153198,-0.059815,-0.011232,0.0,0.0,0.0,-0.569041,0.073678,0.460849,0.917345,-0.182685,0.008484,-0.171227,-0.086154,-0.127864,0.245708,-0.136479,0.079113,0.253473,0.0,-0.168978,0.0,-0.422496,0.0,-0.253473,-0.591491,
1.390187,-0.970109,0.036796,-0.0,-1.570796,0.0,0.153198,-0.059815,-0.011227,0.0,0.0,0.0,-0.568499,0.073538,0.46044,0.914792,-0.183185,0.008484,-0.170174,-0.086041,-0.127065,0.244633,-0.13609,0.079095,0.253231,0.0,-0.168817,0.0,-0.422091,-0.0,-0.253231,-0.590926,
1.39034,-0.970169,0.036784,-0.0,-1.570796,0.0,0.153046,-0.059815,-0.011227,0.0,0.0,0.0,-0.567957,0.073398,0.460032,0.91224,-0.183685,0.008484,-0.16912,-0.085928,-0.126267,0.243558,-0.1357,0.079077,0.252989,0.0,-0.168655,0.0,-0.421687,0.0,-0.252989,-0.590361,
1.390478,-0.970226,0.036749,-0.0,-1.570796,0.0,0.138092,-0.057297,-0.035319,0.0,0.0,0.0,-0.56727,0.073246,0.459494,0.909559,-0.184162,0.008449,-0.16813,-0.085797,-0.125525,0.242528,-0.135317,0.079029,0.252664,0.0,-0.168438,0.0,-0.421144,0.0,-0.252664,-0.589602,
1.390578,-0.970277,0.036654,-0.0,-1.570796,0.0,0.10025,-0.051117,-0.09553,0.0,0.0,0.0,-0.566223,0.073061,0.458632,0.906555,-0.184584,0.008326,-0.167298,-0.085619,-0.124926,0.241608,-0.134946,0.07891,0.252131,-0.0,-0.168084,0.0,-0.420256,0.0,-0.252131,-0.58836,
1.390678,-0.970328,0.036558,-0.0,-1.570796,0.0,0.100098,-0.051117,-0.09548,0.0,0.0,0.0,-0.565177,0.072876,0.457771,0.903553,-0.185005,0.008204,-0.166466,-0.085441,-0.124326,0.240689,-0.134575,0.078791,0.251598,-0.0,-0.167729,0.0,-0.419368,0.0,-0.251598,-0.587118,
1.390778,-0.970379,0.036463,-0.0,-1.570796,0.0,0.10025,-0.051117,-0.095506,0.0,0.0,0.0,-0.56413,0.072692,0.456909,0.900549,-0.185426,0.008081,-0.165634,-0.085263,-0.123726,0.239769,-0.134205,0.078672,0.251065,-0.0,-0.167374,0.0,-0.41848,0.0,-0.251065,-0.585876,
1.390879,-0.97043,0.036367,-0.0,-1.570796,0.0,0.10025,-0.051117,-0.095506,0.0,0.0,0.0,-0.563083,0.072507,0.456047,0.897546,-0.185847,0.007958,-0.164802,-0.085085,-0.123126,0.238849,-0.133834,0.078553,0.250532,0.0,-0.16702,0.0,-0.417592,-0.0,-0.250532,-0.584634,
1.390979,-0.970481,0.036272,-0.0,-1.570796,0.0,0.100098,-0.051041,-0.095506,0.0,0.0,0.0,-0.562037,0.072322,0.455186,0.894542,-0.186269,0.007836,-0.16397,-0.084907,-0.122527,0.23793,-0.133463,0.078434,0.249999,0.0,-0.166665,0.0,-0.416704,0.0,-0.249999,-0.583392,
1.391079,-0.970532,0.036176,-0.0,-1.570796,0.0,0.10025,-0.051117,-0.095503,0.0,0.0,0.0,-0.56099,0.072138,0.454324,0.891538,-0.18669,0.007713,-0.163138,-0.084729,-0.121927,0.23701,-0.133093,0.078315,0.249466,0.0,-0.166311,0.0,-0.415816,-0.0,-0.249466,-0.58215,
1.391179,-0.970584,0.036081,-0.0,-1.570796,0.0,0.10025,-0.051117,-0.095506,0.0,0.0,0.0,-0.559943,0.071953,0.453462,0.888534,-0.187111,0.00759,-0.162305,-0.084551,-0.121327,0.236091,-0.132722,0.078196,0.248932,0.0,-0.165956,0.0,-0.414928,-0.0,-0.248932,-0.580908,
1.391279,-0.970635,0.035985,-0.0,-1.570796,0.0,0.100098,-0.051117,-0.095482,0.0,0.0,0.0,-0.558897,0.071769,0.452601,0.885531,-0.187532,0.007468,-0.161474,-0.084373,-0.120728,0.235171,-0.132352,0.078077,0.248399,-0.0,-0.165602,0.0,-0.41404,0.0,-0.248399,-0.579667,
1.391379,-0.970686,0.03589,-0.0,-1.570796,0.0,0.10025,-0.051041,-0.095506,0.0,0.0,0.0,-0.55785,0.071584,0.451739,0.882526,-0.187953,0.007345,-0.160641,-0.084195,-0.120128,0.234251,-0.131981,0.077958,0.247866,-0.0,-0.165247,0.0,-0.413152,0.0,-0.247866,-0.578425,
1.39148,-0.970737,0.035794,-0.0,-1.570796,0.0,0.10025,-0.051117,-0.095503,0.0,0.0,0.0,-0.556803,0.0714,0.450877,0.879522,-0.188375,0.007222,-0.159809,-0.084017,-0.119528,0.233332,-0.13161,0.077838,0.247333,-0.0,-0.164893,0.0,-0.412264,0.0,-0.247333,-0.577183,
1.39158,-0.970788,0.035699,-0.0,-1.570796,0.0,0.10025,-0.051117,-0.095506,0.0,0.0,0.0,-0.555757,0.071215,0.450015,0.876518,-0.188796,0.0071,-0.158977,-0.083839,-0.118928,0.232412,-0.13124,0.077719,0.2468,0.0,-0.164538,-0.0,-0.411376,-0.0,-0.2468,-0.575941,
1.39168,-0.970839,0.035603,-0.0,-1.570796,0.0,0.100098,-0.051117,-0.095506,0.0,0.0,0.0,-0.55471,0.07103,0.449154,0.873513,-0.189217,0.006977,-0.158145,-0.083661,-0.118329,0.231493,-0.130869,0.0776,0.246267,-0.0,-0.164184,0.0,-0.410488,0.0,-0.246267,-0.574699,
1.39178,-0.97089,0.035508,-0.0,-1.570796,0.0,0.10025,-0.051041,-0.09548,0.0,0.0,0.0,-0.553664,0.070846,0.448292,0.870509,-0.189638,0.006854,-0.157313,-0.083483,-0.117729,0.230573,-0.130498,0.077481,0.245734,-0.0,-0.163829,0.0,-0.4096,-0.0,-0.245734,-0.573457,
1.391881,-0.970941,0.035412,-0.0,-1.570796,0.0,0.10025,-0.051117,-0.09553,0.0,0.0,0.0,-0.552617,0.070661,0.44743,0.867504,-0.19006,0.006732,-0.156481,-0.083305,-0.117129,0.229653,-0.130128,0.077362,0.245201,0.0,-0.163474,0.0,-0.408712,0.0,-0.245201,-0.572215,
1.391981,-0.970992,0.035317,-0.0,-1.570796,0.0,0.10025,-0.051117,-0.095506,0.0,0.0,0.0,-0.55157,0.070477,0.446568,0.864499,-0.190481,0.006609,-0.155649,-0.083127,-0.116529,0.228734,-0.129757,0.077243,0.244667,-0.0,-0.16312,0.0,-0.407823,0.0,-0.244667,-0.570972,
1.392081,-0.971043,0.035221,-0.0,-1.570796,0.0,0.100098,-0.051117,-0.095482,0.0,0.0,0.0,-0.550523,0.070292,0.445707,0.861495,-0.190902,0.006486,-0.154817,-0.082949,-0.11593,0.227814,-0.129386,0.077124,0.244134,0.0,-0.162765,0.0,-0.406936,0.0,-0.244134,-0.569731,
1.392181,-0.971094,0.035126,-0.0,-1.570796,0.0,0.10025,-0.051041,-0.095503,0.0,0.0,0.0,-0.549477,0.070108,0.444845,0.858491,-0.191323,0.006364,-0.153985,-0.082771,-0.11533,0.226895,-0.129016,0.077005,0.243601,0.0,-0.162411,0.0,-0.406048,0.0,-0.243601,-0.568489,
1.392281,-0.971146,0.03503,-0.0,-1.570796,0.0,0.10025,-0.051117,-0.095506,0.0,0.0,0.0,-0.54843,0.069923,0.443983,0.855486,-0.191744,0.006241,-0.153153,-0.082593,-0.11473,0.225975,-0.128645,0.076886,0.243068,0.0,-0.162056,0.0,-0.40516,0.0,-0.243068,-0.567247,
1.392382,-0.971197,0.034935,-0.0,-1.570796,0.0,0.100098,-0.051117,-0.095506,0.0,0.0,0.0,-0.547383,0.069738,0.443122,0.852481,-0.192166,0.006118,-0.152321,-0.082415,-0.11413,0.225055,-0.128275,0.076767,0.242535,0.0,-0.161702,0.0,-0.404272,0.0,-0.242535,-0.566005,
1.392482,-0.971248,0.034839,-0.0,-1.570796,0.0,0.10025,-0.051117,-0.095506,0.0,0.0,0.0,-0.546337,0.069554,0.44226,0.849477,-0.192587,0.005996,-0.151488,-0.082237,-0.113531,0.224136,-0.127904,0.076647,0.242002,0.0,-0.161347,0.0,-0.403383,-0.0,-0.242002,-0.564763,
1.392582,-0.971299,0.034744,-0.0,-1.570796,0.0,0.10025,-0.051117,-0.095503,0.0,0.0,0.0,-0.54529,0.069369,0.441398,0.846472,-0.193008,0.005873,-0.150656,-0.082059,-0.112931,0.223216,-0.127533,0.076528,0.241469,-0.0,-0.160993,0.0,-0.402495,0.0,-0.241469,-0.563521,
1.392682,-0.97135,0.034648,-0.0,-1.570796,0.0,0.100098,-0.051041,-0.095482,0.0,0.0,0.0,-0.544243,0.069185,0.440537,0.843468,-0.193429,0.00575,-0.149824,-0.081881,-0.112331,0.222296,-0.127163,0.076409,0.240936,0.0,-0.160638,0.0,-0.401608,-0.0,-0.240936,-0.562279,
1.392782,-0.971401,0.034553,-0.0,-1.570796,0.0,0.10025,-0.051117,-0.09553,0.0,0.0,0.0,-0.543196,0.069,0.439675,0.840463,-0.193851,0.005628,-0.148992,-0.081703,-0.111731,0.221377,-0.126792,0.07629,0.240402,0.0,-0.160283,0.0,-0.400719,-0.0,-0.240402,-0.561036,
1.392883,-0.971452,0.034457,-0.0,-1.570796,0.0,0.10025,-0.051117,-0.095482,0.0,0.0,0.0,-0.54215,0.068815,0.438813,0.83746,-0.194272,0.005505,-0.14816,-0.081525,-0.111132,0.220457,-0.126421,0.076171,0.23987,0.0,-0.159929,0.0,-0.399831,-0.0,-0.23987,-0.559795,
1.392983,-0.971503,0.034362,-0.0,-1.570796,0.0,0.10025,-0.051117,-0.095503,0.0,0.0,0.0,-0.541103,0.068631,0.437951,0.834456,-0.194693,0.005382,-0.147328,-0.081347,-0.110532,0.219538,-0.126051,0.076052,0.239336,-0.0,-0.159574,0.0,-0.398943,0.0,-0.239336,-0.558553,
1.393083,-0.971554,0.034266,-0.0,-1.570796,0.0,0.100098,-0.051041,-0.095506,0.0,0.0,0.0,-0.540057,0.068446,0.43709,0.831451,-0.195114,0.00526,-0.146496,-0.081169,-0.109932,0.218618,-0.12568,0.075933,0.238803,-0.0,-0.15922,0.0,-0.398055,-0.0,-0.238803,-0.557311,
1.393183,-0.971605,0.034171,-0.0,-1.570796,0.0,0.10025,-0.051117,-0.095506,0.0,0.0,0.0,-0.53901,0.068262,0.436228,0.828447,-0.195535,0.005137,-0.145664,-0.080991,-0.109333,0.217698,-0.125309,0.075814,0.23827,0.0,-0.158865,0.0,-0.397167,-0.0,-0.23827,-0.556069,
1.393283,-0.971657,0.034075,-0.0,-1.570796,0.0,0.10025,-0.051117,-0.095506,0.0,0.0,0.0,-0.537963,0.068077,0.435366,0.825444,-0.195957,0.005014,-0.144832,-0.080813,-0.108733,0.216779,-0.124939,0.075695,0.237737,0.0,-0.158511,0.0,-0.396279,0.0,-0.237737,-0.554827,
1.393384,-0.971708,0.03398,-0.0,-1.570796,0.0,0.100098,-0.051117,-0.095503,0.0,0.0,0.0,-0.536916,0.067892,0.434505,0.82244,-0.196378,0.004891,-0.144,-0.080635,-0.108133,0.215859,-0.124568,0.075576,0.237204,0.0,-0.158156,0.0,-0.395391,0.0,-0.237204,-0.553585,
1.393484,-0.971759,0.033884,-0.0,-1.570796,0.0,0.10025,-0.051041,-0.095482,0.0,0.0,0.0,-0.53587,0.067708,0.433643,0.819437,-0.196799,0.004769,-0.143168,-0.080458,-0.107533,0.21494,-0.124198,0.075456,0.236671,0.0,-0.157802,0.0,-0.394504,0.0,-0.236671,-0.552343,
1.393584,-0.97181,0.033789,-0.0,-1.570796,0.0,0.10025,-0.051117,-0.09553,0.0,0.0,0.0,-0.534823,0.067523,0.432781,0.816433,-0.19722,0.004646,-0.142336,-0.08028,-0.106934,0.21402,-0.123827,0.075337,0.236138,-0.0,-0.157447,0.0,-0.393615,0.0,-0.236138,-0.551101,
1.393684,-0.971861,0.033693,-0.0,-1.570796,0.0,0.10025,-0.051117,-0.095506,0.0,0.0,0.0,-0.533776,0.067339,0.431919,0.81343,-0.197641,0.004523,-0.141503,-0.080102,-0.106334,0.2131,-0.123456,0.075218,0.235604,0.0,-0.157092,0.0,-0.392727,0.0,-0.235604,-0.549859,
1.393784,-0.971912,0.033598,-0.0,-1.570796,0.0,0.100098,-0.051117,-0.09548,0.0,0.0,0.0,-0.53273,0.067154,0.431058,0.810428,-0.198063,0.004401,-0.140672,-0.079924,-0.105734,0.212181,-0.123086,0.075099,0.235071,0.0,-0.156738,0.0,-0.391839,0.0,-0.235071,-0.548617,
1.39386,-0.971954,0.033433,-0.0,-1.570796,0.0,0.075989,-0.042343,-0.164681,0.0,0.0,0.0,-0.531106,0.066923,0.429691,0.807015,-0.198285,0.004193,-0.140019,-0.079688,-0.105283,0.211446,-0.122783,0.074902,0.234313,0.0,-0.156232,0.0,-0.390574,-0.0,-0.234313,-0.546846,
1.393935,-0.971996,0.033265,-0.0,-1.570796,0.0,0.074768,-0.041962,-0.168307,0.0,0.0,0.0,-0.529452,0.066689,0.428299,0.80358,-0.198496,0.00398,-0.139375,-0.079449,-0.104839,0.210721,-0.122484,0.0747,0.233543,-0.0,-0.155718,0.0,-0.389289,0.0,-0.233543,-0.545046,
1.39401,-0.972038,0.033096,-0.0,-1.570796,0.0,0.074616,-0.041962,-0.168309,0.0,0.0,0.0,-0.527798,0.066456,0.426906,0.800145,-0.198708,0.003768,-0.138732,-0.07921,-0.104395,0.209996,-0.122185,0.074499,0.232773,-0.0,-0.155204,0.0,-0.388003,0.0,-0.232773,-0.543247,
1.394084,-0.97208,0.032928,-0.0,-1.570796,0.0,0.074616,-0.041962,-0.168309,0.0,0.0,0.0,-0.526143,0.066222,0.425513,0.796709,-0.19892,0.003556,-0.138088,-0.078971,-0.103952,0.209271,-0.121886,0.074297,0.232003,0.0,-0.15469,0.0,-0.386718,0.0,-0.232003,-0.541447,
1.394159,-0.972122,0.03276,-0.0,-1.570796,0.0,0.074768,-0.041885,-0.168307,0.0,0.0,0.0,-0.524489,0.065988,0.42412,0.793274,-0.199131,0.003343,-0.137445,-0.078732,-0.103508,0.208546,-0.121587,0.074096,0.231233,0.0,-0.154175,0.0,-0.385433,0.0,-0.231233,-0.539647,
1.394234,-0.972164,0.032591,-0.0,-1.570796,0.0,0.074616,-0.041962,-0.168267,0.0,0.0,0.0,-0.522835,0.065755,0.422727,0.789838,-0.199343,0.003131,-0.136802,-0.078493,-0.103065,0.207821,-0.121288,0.073894,0.230463,0.0,-0.153661,0.0,-0.384147,0.0,-0.230463,-0.537848,
1.394309,-0.972206,0.032423,-0.0,-1.570796,0.0,0.074768,-0.041962,-0.168352,0.0,0.0,0.0,-0.52118,0.065521,0.421334,0.786401,-0.199555,0.002918,-0.136158,-0.078253,-0.102621,0.207096,-0.120989,0.073692,0.229692,-0.0,-0.153147,0.0,-0.382862,0.0,-0.229692,-0.536048,
1.394383,-0.972248,0.032255,-0.0,-1.570796,0.0,0.074616,-0.041885,-0.168264,0.0,0.0,0.0,-0.519526,0.065287,0.419941,0.782966,-0.199766,0.002706,-0.135515,-0.078015,-0.102177,0.206371,-0.12069,0.073491,0.228923,0.0,-0.152633,0.0,-0.381577,-0.0,-0.228923,-0.534249,
1.394458,-0.97229,0.032086,-0.0,-1.570796,0.0,0.074768,-0.041962,-0.168309,0.0,0.0,0.0,-0.517871,0.065054,0.418548,0.779529,-0.199978,0.002494,-0.134871,-0.077776,-0.101734,0.205646,-0.120391,0.073289,0.228152,0.0,-0.152119,0.0,-0.380291,0.0,-0.228152,-0.532449,
1.394533,-0.972332,0.031918,-0.0,-1.570796,0.0,0.074616,-0.041962,-0.168309,0.0,0.0,0.0,-0.516217,0.06482,0.417155,0.776093,-0.200189,0.002281,-0.134228,-0.077536,-0.10129,0.204921,-0.120092,0.073088,0.227382,0.0,-0.151605,0.0,-0.379006,0.0,-0.227382,-0.530649,
1.394607,-0.972374,0.03175,-0.0,-1.570796,0.0,0.074768,-0.041885,-0.168307,0.0,0.0,0.0,-0.514562,0.064586,0.415762,0.772656,-0.200401,0.002069,-0.133585,-0.077297,-0.100846,0.204196,-0.119793,0.072886,0.226612,0.0,-0.151091,0.0,-0.37772,0.0,-0.226612,-0.52885,
1.394682,-0.972416,0.031582,-0.0,-1.570796,0.0,0.074616,-0.041962,-0.168309,0.0,0.0,0.0,-0.512908,0.064353,0.414369,0.769219,-0.200613,0.001857,-0.132941,-0.077058,-0.100403,0.203471,-0.119494,0.072685,0.225842,-0.0,-0.150577,0.0,-0.376435,0.0,-0.225842,-0.52705,
1.394757,-0.972458,0.031413,-0.0,-1.570796,0.0,0.074616,-0.041962,-0.168307,0.0,0.0,0.0,-0.511253,0.064119,0.412976,0.765782,-0.200824,0.001644,-0.132298,-0.076819,-0.099959,0.202746,-0.119195,0.072483,0.225072,0.0,-0.150063,-0.0,-0.375149,-0.0,-0.225072,-0.52525,
1.394831,-0.9725,0.031245,-0.0,-1.570796,0.0,0.074768,-0.041962,-0.168267,0.0,0.0,0.0,-0.509599,0.063885,0.411583,0.762346,-0.201036,0.001432,-0.131654,-0.07658,-0.099516,0.202021,-0.118897,0.072282,0.224302,0.0,-0.149549,0.0,-0.373864,0.0,-0.224302,-0.523451,
1.394906,-0.972542,0.031077,-0.0,-1.570796,0.0,0.074616,-0.041885,-0.168309,0.0,0.0,0.0,-0.507945,0.063652,0.41019,0.758908,-0.201248,0.001219,-0.131011,-0.076341,-0.099072,0.201296,-0.118598,0.07208,0.223532,0.0,-0.149035,0.0,-0.372579,0.0,-0.223532,-0.521651,
1.394981,-0.972584,0.030908,-0.0,-1.570796,0.0,0.074768,-0.041962,-0.168307,0.0,0.0,0.0,-0.50629,0.063418,0.408797,0.755471,-0.201459,0.001007,-0.130368,-0.076102,-0.098628,0.200571,-0.118299,0.071879,0.222762,-0.0,-0.148521,0.0,-0.371293,-0.0,-0.222762,-0.519851,
1.395055,-0.972626,0.03074,-0.0,-1.570796,0.0,0.074616,-0.041962,-0.168309,0.0,0.0,0.0,-0.504636,0.063184,0.407404,0.752034,-0.201671,0.000795,-0.129724,-0.075863,-0.098185,0.199846,-0.118,0.071677,0.221992,0.0,-0.148006,0.0,-0.370008,0.0,-0.221992,-0.518051,
1.39513,-0.972667,0.030572,-0.0,-1.570796,0.0,0.074768,-0.041885,-0.168309,0.0,0.0,0.0,-0.502981,0.062951,0.406011,0.748597,-0.201883,0.000582,-0.129081,-0.075624,-0.097741,0.19912,-0.117701,0.071476,0.221221,0.0,-0.147492,0.0,-0.368722,0.0,-0.221221,-0.516251,
1.395205,-0.972709,0.030403,-0.0,-1.570796,0.0,0.074616,-0.041962,-0.168307,0.0,0.0,0.0,-0.501327,0.062717,0.404618,0.74516,-0.202094,0.00037,-0.128437,-0.075385,-0.097297,0.198395,-0.117402,0.071274,0.220451,0.0,-0.146978,0.0,-0.367437,0.0,-0.220451,-0.514451,
1.39528,-0.972751,0.030235,-0.0,-1.570796,0.0,0.074768,-0.041962,-0.168309,0.0,0.0,0.0,-0.499672,0.062483,0.403225,0.741722,-0.202306,0.000157,-0.127794,-0.075146,-0.096854,0.19767,-0.117103,0.071072,0.219681,0.0,-0.146464,0.0,-0.366151,0.0,-0.219681,-0.512652,
1.395354,-0.972793,0.030067,-0.0,-1.570796,0.0,0.074616,-0.041962,-0.168309,0.0,0.0,0.0,-0.498017,0.06225,0.401832,0.738285,-0.202517,-0.000055,-0.12715,-0.074907,-0.09641,0.196945,-0.116804,0.070871,0.218911,0.0,-0.14595,0.0,-0.364866,-0.0,-0.218911,-0.510852,
1.395429,-0.972835,0.029899,-0.0,-1.570796,0.0,0.074616,-0.041885,-0.168264,0.0,0.0,0.0,-0.496363,0.062016,0.400439,0.734849,-0.202729,-0.000267,-0.126507,-0.074668,-0.095966,0.19622,-0.116505,0.070669,0.218141,0.0,-0.145436,0.0,-0.363581,-0.0,-0.218141,-0.509052,
1.395504,-0.972877,0.02973,-0.0,-1.570796,0.0,0.074768,-0.041962,-0.168309,0.0,0.0,0.0,-0.494709,0.061783,0.399046,0.731412,-0.202941,-0.00048,-0.125864,-0.074429,-0.095523,0.195495,-0.116206,0.070468,0.217371,0.0,-0.144922,0.0,-0.362295,0.0,-0.217371,-0.507253,
1.395578,-0.972919,0.029562,-0.0,-1.570796,0.0,0.074616,-0.041962,-0.16835,0.0,0.0,0.0,-0.493054,0.061549,0.397653,0.727975,-0.203152,-0.000692,-0.12522,-0.07419,-0.095079,0.19477,-0.115907,0.070266,0.216601,-0.0,-0.144408,0.0,-0.36101,0.0,-0.216601,-0.505452,
1.395653,-0.972961,0.029394,-0.0,-1.570796,0.0,0.074768,-0.041885,-0.168267,0.0,0.0,0.0,-0.4914,0.061315,0.39626,0.724539,-0.203364,-0.000905,-0.124577,-0.073951,-0.094636,0.194045,-0.115608,0.070065,0.215831,0.0,-0.143894,0.0,-0.359725,0.0,-0.215831,-0.503653,
1.395728,-0.973003,0.029225,-0.0,-1.570796,0.0,0.074616,-0.041962,-0.168309,0.0,0.0,0.0,-0.489745,0.061082,0.394867,0.721103,-0.203576,-0.001117,-0.123933,-0.073712,-0.094192,0.19332,-0.115309,0.069863,0.215061,-0.0,-0.14338,0.0,-0.358439,-0.0,-0.215061,-0.501853,
1.395802,-0.973045,0.029057,-0.0,-1.570796,0.0,0.074768,-0.041962,-0.168307,0.0,0.0,0.0,-0.488091,0.060848,0.393474,0.717666,-0.203787,-0.001329,-0.12329,-0.073473,-0.093748,0.192595,-0.11501,0.069662,0.21429,-0.0,-0.142866,0.0,-0.357154,0.0,-0.21429,-0.500054,
1.395877,-0.973087,0.028889,-0.0,-1.570796,0.0,0.074616,-0.041885,-0.168267,0.0,0.0,0.0,-0.486437,0.060614,0.392081,0.714231,-0.203999,-0.001542,-0.122647,-0.073234,-0.093305,0.19187,-0.114711,0.06946,0.21352,0.0,-0.142352,0.0,-0.355869,0.0,-0.21352,-0.498255,
1.395952,-0.973129,0.02872,-0.0,-1.570796,0.0,0.074768,-0.041962,-0.168352,0.0,0.0,0.0,-0.484782,0.060381,0.390688,0.710794,-0.204211,-0.001754,-0.122003,-0.072995,-0.092861,0.191145,-0.114412,0.069259,0.21275,0.0,-0.141837,0.0,-0.354583,-0.0,-0.21275,-0.496454,
1.396026,-0.973171,0.028552,-0.0,-1.570796,0.0,0.074616,-0.041962,-0.168307,0.0,0.0,0.0,-0.483128,0.060147,0.389295,0.707359,-0.204422,-0.001967,-0.121359,-0.072756,-0.092417,0.19042,-0.114113,0.069057,0.21198,0.0,-0.141323,0.0,-0.353298,0.0,-0.21198,-0.494655,
1.396101,-0.973213,0.028384,-0.0,-1.570796,0.0,0.074616,-0.041962,-0.168267,0.0,0.0,0.0,-0.481474,0.059913,0.387902,0.703924,-0.204634,-0.002179,-0.120716,-0.072517,-0.091974,0.189695,-0.113814,0.068856,0.21121,0.0,-0.140809,0.0,-0.352012,0.0,-0.21121,-0.492856,
1.396176,-0.973255,0.028215,-0.0,-1.570796,0.0,0.074768,-0.041885,-0.168309,0.0,0.0,0.0,-0.47982,0.05968,0.386509,0.700489,-0.204845,-0.002391,-0.120073,-0.072278,-0.09153,0.18897,-0.113515,0.068654,0.21044,-0.0,-0.140295,0.0,-0.350727,-0.0,-0.21044,-0.491056,
1.39625,-0.973297,0.028047,-0.0,-1.570796,0.0,0.074616,-0.041962,-0.168307,0.0,0.0,0.0,-0.478165,0.059446,0.385116,0.697055,-0.205057,-0.002604,-0.119429,-0.072039,-0.091086,0.188245,-0.113216,0.068452,0.20967,-0.0,-0.139781,0.0,-0.349442,0.0,-0.20967,-0.489257,
1.396314,-0.973334,0.027856,-0.0,-1.570796,0.0,0.064087,-0.037079,-0.191014,0.0,0.0,0.0,-0.476184,0.059196,0.383454,0.693434,-0.205073,-0.002841,-0.118877,-0.071782,-0.090712,0.187619,-0.112958,0.068225,0.208808,-0.0,-0.139206,0.0,-0.348006,0.0,-0.208808,-0.487246,
1.396372,-0.973368,0.027651,-0.0,-1.570796,0.0,0.057526,-0.034027,-0.20526,0.0,0.0,0.0,-0.473997,0.058935,0.381622,0.689695,-0.204966,-0.003094,-0.118383,-0.071514,-0.09038,0.187054,-0.112725,0.067981,0.207888,-0.0,-0.138593,0.0,-0.346475,-0.0,-0.207888,-0.485102,
1.396429,-0.973402,0.027446,-0.0,-1.570796,0.0,0.057373,-0.034027,-0.205262,0.0,0.0,0.0,-0.47181,0.058675,0.37979,0.685956,-0.20486,-0.003346,-0.117888,-0.071246,-0.090048,0.18649,-0.112492,0.067738,0.206968,0.0,-0.137981,0.0,-0.344945,0.0,-0.206968,-0.482958,
1.396487,-0.973436,0.02724,-0.0,-1.570796,0.0,0.057373,-0.034027,-0.20526,0.0,0.0,0.0,-0.469623,0.058414,0.377957,0.682216,-0.204753,-0.003599,-0.117394,-0.070978,-0.089716,0.185926,-0.112259,0.067494,0.206048,0.0,-0.137368,0.0,-0.343414,0.0,-0.206048,-0.480815,
1.396544,-0.97347,0.027035,-0.0,-1.570796,0.0,0.057373,-0.034027,-0.205262,0.0,0.0,0.0,-0.467436,0.058153,0.376125,0.678477,-0.204646,-0.003852,-0.116899,-0.07071,-0.089385,0.185361,-0.112026,0.06725,0.205128,0.0,-0.136755,0.0,-0.341884,0.0,-0.205128,-0.478671,
1.396602,-0.973504,0.02683,-0.0,-1.570796,0.0,0.057526,-0.034027,-0.205207,0.0,0.0,0.0,-0.465249,0.057893,0.374294,0.674737,-0.204539,-0.004104,-0.116404,-0.070443,-0.089053,0.184797,-0.111793,0.067007,0.204209,0.0,-0.136142,0.0,-0.340354,0.0,-0.204209,-0.476527,
1.396659,-0.973538,0.026625,-0.0,-1.570796,0.0,0.057373,-0.034027,-0.205262,0.0,0.0,0.0,-0.463062,0.057632,0.372461,0.670997,-0.204433,-0.004357,-0.11591,-0.070174,-0.088721,0.184233,-0.11156,0.066763,0.203289,0.0,-0.135529,0.0,-0.338823,0.0,-0.203289,-0.474383,
1.396716,-0.973572,0.026419,-0.0,-1.570796,0.0,0.057373,-0.034027,-0.20526,0.0,0.0,0.0,-0.460874,0.057372,0.370629,0.667256,-0.204326,-0.00461,-0.115415,-0.069907,-0.08839,0.183668,-0.111328,0.06652,0.202369,0.0,-0.134917,0.0,-0.337292,0.0,-0.202369,-0.472239,
1.396774,-0.973606,0.026214,-0.0,-1.570796,0.0,0.057526,-0.034027,-0.20526,0.0,0.0,0.0,-0.458687,0.057111,0.368797,0.663515,-0.204219,-0.004862,-0.114921,-0.069639,-0.088058,0.183104,-0.111095,0.066276,0.201449,0.0,-0.134304,0.0,-0.335762,0.0,-0.201449,-0.470095,
1.396831,-0.97364,0.026009,-0.0,-1.570796,0.0,0.057373,-0.034027,-0.205262,0.0,0.0,0.0,-0.4565,0.05685,0.366964,0.659774,-0.204112,-0.005115,-0.114426,-0.069371,-0.087726,0.182539,-0.110862,0.066032,0.200529,-0.0,-0.133691,0.0,-0.334231,-0.0,-0.200529,-0.467951,
1.396888,-0.973674,0.025804,-0.0,-1.570796,0.0,0.057373,-0.034027,-0.20526,0.0,0.0,0.0,-0.454312,0.05659,0.365132,0.656033,-0.204006,-0.005368,-0.113931,-0.069103,-0.087394,0.181975,-0.110629,0.065789,0.19961,0.0,-0.133078,0.0,-0.3327,0.0,-0.19961,-0.465807,
1.396946,-0.973708,0.025598,-0.0,-1.570796,0.0,0.057373,-0.033951,-0.20521,0.0,0.0,0.0,-0.452125,0.056329,0.3633,0.652293,-0.203899,-0.00562,-0.113437,-0.068835,-0.087063,0.181411,-0.110396,0.065545,0.19869,0.0,-0.132465,0.0,-0.33117,0.0,-0.19869,-0.463663,
1.397003,-0.973742,0.025393,-0.0,-1.570796,0.0,0.057526,-0.034027,-0.205312,0.0,0.0,0.0,-0.449937,0.056069,0.361467,0.64855,-0.203792,-0.005873,-0.112942,-0.068567,-0.086731,0.180846,-0.110163,0.065301,0.19777,0.0,-0.131852,0.0,-0.329639,0.0,-0.19777,-0.461518,
1.397061,-0.973776,0.025188,-0.0,-1.570796,0.0,0.057373,-0.034027,-0.205207,0.0,0.0,0.0,-0.44775,0.055808,0.359635,0.644809,-0.203685,-0.006126,-0.112448,-0.068299,-0.086399,0.180282,-0.10993,0.065058,0.19685,-0.0,-0.13124,0.0,-0.328109,0.0,-0.19685,-0.459375,
1.397118,-0.97381,0.024983,-0.0,-1.570796,0.0,0.057373,-0.034027,-0.205262,0.0,0.0,0.0,-0.445562,0.055548,0.357803,0.641068,-0.203579,-0.006378,-0.111953,-0.068031,-0.086068,0.179718,-0.109697,0.064814,0.19593,0.0,-0.130627,-0.0,-0.326578,0.0,-0.19593,-0.45723,
1.397176,-0.973844,0.024777,-0.0,-1.570796,0.0,0.057526,-0.034027,-0.20526,0.0,0.0,0.0,-0.443375,0.055287,0.355971,0.637326,-0.203472,-0.006631,-0.111458,-0.067763,-0.085736,0.179153,-0.109465,0.06457,0.19501,-0.0,-0.130014,0.0,-0.325047,0.0,-0.19501,-0.455086,
1.397233,-0.973878,0.024572,-0.0,-1.570796,0.0,0.057373,-0.034027,-0.20526,0.0,0.0,0.0,-0.441187,0.055026,0.354138,0.633584,-0.203365,-0.006884,-0.110964,-0.067495,-0.085404,0.178589,-0.109232,0.064327,0.194091,0.0,-0.129401,-0.0,-0.323517,-0.0,-0.194091,-0.452942,
1.39729,-0.973912,0.024367,-0.0,-1.570796,0.0,0.057373,-0.034027,-0.205262,0.0,0.0,0.0,-0.439,0.054766,0.352306,0.629842,-0.203258,-0.007136,-0.110469,-0.067227,-0.085073,0.178024,-0.108999,0.064083,0.193171,0.0,-0.128788,-0.0,-0.321986,-0.0,-0.193171,-0.450798,
1.397348,-0.973946,0.024162,-0.0,-1.570796,0.0,0.057526,-0.034027,-0.20526,0.0,0.0,0.0,-0.436812,0.054505,0.350473,0.6261,-0.203152,-0.007389,-0.109974,-0.066959,-0.084741,0.17746,-0.108766,0.063839,0.192251,0.0,-0.128175,0.0,-0.320455,0.0,-0.192251,-0.448653,
1.397405,-0.97398,0.023956,-0.0,-1.570796,0.0,0.057373,-0.034027,-0.20521,0.0,0.0,0.0,-0.434625,0.054245,0.348641,0.622359,-0.203045,-0.007642,-0.10948,-0.066692,-0.084409,0.176896,-0.108533,0.063596,0.191331,0.0,-0.127563,0.0,-0.318925,0.0,-0.191331,-0.44651,
1.397463,-0.974014,0.023751,-0.0,-1.570796,0.0,0.057373,-0.034027,-0.20526,0.0,0.0,0.0,-0.432438,0.053984,0.346809,0.618618,-0.202938,-0.007894,-0.108985,-0.066424,-0.084077,0.176331,-0.1083,0.063352,0.190411,0.0,-0.12695,0.0,-0.317394,0.0,-0.190411,-0.444365,
1.39752,-0.974048,0.023546,-0.0,-1.570796,0.0,0.057373,-0.034027,-0.205312,0.0,0.0,0.0,-0.43025,0.053723,0.344976,0.614875,-0.202831,-0.008147,-0.108491,-0.066156,-0.083746,0.175767,-0.108067,0.063108,0.189491,0.0,-0.126337,0.0,-0.315863,0.0,-0.189491,-0.442221,
1.397578,-0.974082,0.023341,-0.0,-1.570796,0.0,0.057526,-0.034027,-0.20521,0.0,0.0,0.0,-0.428063,0.053463,0.343144,0.611135,-0.202725,-0.0084,-0.107996,-0.065888,-0.083414,0.175203,-0.107834,0.062865,0.188572,0.0,-0.125724,-0.0,-0.314333,0.0,-0.188572,-0.440077,
1.397635,-0.974116,0.023135,-0.0,-1.570796,0.0,0.057373,-0.034027,-0.20526,0.0,0.0,0.0,-0.425875,0.053202,0.341312,0.607393,-0.202618,-0.008652,-0.107501,-0.06562,-0.083082,0.174638,-0.107601,0.062621,0.187652,0.0,-0.125111,0.0,-0.312802,0.0,-0.187652,-0.437933,
1.397692,-0.97415,0.02293,-0.0,-1.570796,0.0,0.057373,-0.034027,-0.205262,0.0,0.0,0.0,-0.423688,0.052942,0.33948,0.603652,-0.202511,-0.008905,-0.107007,-0.065352,-0.082751,0.174074,-0.107369,0.062378,0.186732,-0.0,-0.124498,0.0,-0.311272,0.0,-0.186732,-0.435789,
1.39775,-0.974184,0.022725,-0.0,-1.570796,0.0,0.057526,-0.034027,-0.20526,0.0,0.0,0.0,-0.4215,0.052681,0.337647,0.599911,-0.202404,-0.009158,-0.106512,-0.065084,-0.082419,0.17351,-0.107136,0.062134,0.185812,0.0,-0.123885,0.0,-0.309741,0.0,-0.185812,-0.433645,
1.397807,-0.974218,0.02252,-0.0,-1.570796,0.0,0.057373,-0.034027,-0.20526,0.0,0.0,0.0,-0.419313,0.05242,0.335815,0.596171,-0.202298,-0.009411,-0.106018,-0.064816,-0.082087,0.172945,-0.106903,0.06189,0.184892,-0.0,-0.123273,0.0,-0.30821,-0.0,-0.184892,-0.431501,
1.397865,-0.974252,0.022314,-0.0,-1.570796,0.0,0.057373,-0.034027,-0.205262,0.0,0.0,0.0,-0.417126,0.05216,0.333983,0.59243,-0.202191,-0.009663,-0.105523,-0.064548,-0.081755,0.172381,-0.10667,0.061647,0.183972,0.0,-0.12266,0.0,-0.30668,0.0,-0.183972,-0.429357,
1.397922,-0.974286,0.022109,-0.0,-1.570796,0.0,0.057373,-0.033951,-0.205207,0.0,0.0,0.0,-0.414939,0.051899,0.332151,0.588691,-0.202084,-0.009916,-0.105029,-0.06428,-0.081424,0.171817,-0.106437,0.061403,0.183053,0.0,-0.122047,0.0,-0.30515,0.0,-0.183053,-0.427213,
1.397979,-0.97432,0.021904,-0.0,-1.570796,0.0,0.057526,-0.034103,-0.205315,0.0,0.0,0.0,-0.412751,0.051639,0.330318,0.58495,-0.201977,-0.010169,-0.104534,-0.064012,-0.081092,0.171252,-0.106204,0.061159,0.182133,0.0,-0.121434,0.0,-0.303619,0.0,-0.182133,-0.425069,
1.398037,-0.974354,0.021699,-0.0,-1.570796,0.0,0.057373,-0.033951,-0.205207,0.0,0.0,0.0,-0.410565,0.051378,0.328487,0.581212,-0.201871,-0.010421,-0.104039,-0.063744,-0.08076,0.170688,-0.105971,0.060916,0.181213,0.0,-0.120821,0.0,-0.302088,-0.0,-0.181213,-0.422925,
1.398094,-0.974388,0.021493,-0.0,-1.570796,0.0,0.057373,-0.034027,-0.20526,0.0,0.0,0.0,-0.408378,0.051118,0.326655,0.577473,-0.201764,-0.010674,-0.103545,-0.063476,-0.080429,0.170123,-0.105738,0.060672,0.180293,0.0,-0.120209,0.0,-0.300558,-0.0,-0.180293,-0.420782,
1.398152,-0.974422,0.021288,-0.0,-1.570796,0.0,0.057526,-0.034027,-0.205262,0.0,0.0,0.0,-0.406191,0.050857,0.324822,0.573734,-0.201657,-0.010927,-0.10305,-0.063209,-0.080097,0.169559,-0.105506,0.060428,0.179373,-0.0,-0.119596,0.0,-0.299027,0.0,-0.179373,-0.418638,
1.398204,-0.974454,0.02108,-0.0,-1.570796,0.0,0.052185,-0.031357,-0.208435,0.0,0.0,0.0,-0.403838,0.050605,0.322875,0.569934,-0.201421,-0.011179,-0.102601,-0.062939,-0.079789,0.169046,-0.105294,0.060181,0.178425,0.0,-0.118964,-0.0,-0.297448,-0.0,-0.178425,-0.416426,
1.398243,-0.974478,0.020863,-0.0,-1.570796,0.0,0.039215,-0.02449,-0.216654,0.0,0.0,0.0,-0.401058,0.050377,0.320627,0.565974,-0.200851,-0.011432,-0.102271,-0.062664,-0.079544,0.168666,-0.105136,0.059925,0.177402,0.0,-0.118281,0.0,-0.295741,0.0,-0.177402,-0.414036,
1.398282,-0.974503,0.020646,-0.0,-1.570796,0.0,0.039063,-0.02449,-0.216651,0.0,0.0,0.0,-0.398276,0.050148,0.31838,0.562014,-0.200281,-0.011685,-0.10194,-0.062389,-0.079298,0.168285,-0.104978,0.059668,0.176378,-0.0,-0.117599,0.0,-0.294033,0.0,-0.176378,-0.411647,
1.398321,-0.974527,0.02043,-0.0,-1.570796,0.0,0.039063,-0.02449,-0.216599,0.0,0.0,0.0,-0.395496,0.04992,0.316133,0.558054,-0.199711,-0.011937,-0.10161,-0.062115,-0.079053,0.167905,-0.104821,0.059412,0.175355,-0.0,-0.116917,0.0,-0.292326,0.0,-0.175355,-0.409258,
1.39836,-0.974552,0.020213,-0.0,-1.570796,0.0,0.039063,-0.02449,-0.216651,0.0,0.0,0.0,-0.392715,0.049692,0.313885,0.554093,-0.19914,-0.01219,-0.10128,-0.06184,-0.078807,0.167525,-0.104663,0.059155,0.174332,0.0,-0.116235,0.0,-0.290619,0.0,-0.174332,-0.406868,
1.3984,-0.974576,0.019996,-0.0,-1.570796,0.0,0.039215,-0.02449,-0.216707,0.0,0.0,0.0,-0.389932,0.049463,0.311637,0.55013,-0.19857,-0.012443,-0.100949,-0.061566,-0.078562,0.167145,-0.104505,0.058899,0.173309,0.0,-0.115553,0.0,-0.288911,0.0,-0.173309,-0.404478,
1.398439,-0.974601,0.01978,-0.0,-1.570796,0.0,0.039063,-0.02449,-0.216598,0.0,0.0,0.0,-0.387151,0.049235,0.30939,0.546169,-0.198,-0.012695,-0.100619,-0.061291,-0.078316,0.166764,-0.104348,0.058643,0.172286,0.0,-0.114871,0.0,-0.287204,0.0,-0.172286,-0.402089,
1.398478,-0.974625,0.019563,-0.0,-1.570796,0.0,0.039063,-0.02449,-0.216653,0.0,0.0,0.0,-0.38437,0.049006,0.307142,0.542207,-0.19743,-0.012948,-0.100288,-0.061016,-0.078071,0.166384,-0.10419,0.058386,0.171262,0.0,-0.114189,0.0,-0.285497,-0.0,-0.171262,-0.399699,
1.398517,-0.97465,0.019346,-0.0,-1.570796,0.0,0.039063,-0.02449,-0.216653,0.0,0.0,0.0,-0.381588,0.048778,0.304895,0.538244,-0.196859,-0.013201,-0.099958,-0.060742,-0.077825,0.166004,-0.104032,0.05813,0.170239,0.0,-0.113507,0.0,-0.28379,-0.0,-0.170239,-0.397309,
1.398556,-0.974674,0.01913,-0.0,-1.570796,0.0,0.039215,-0.02449,-0.216653,0.0,0.0,0.0,-0.378806,0.048549,0.302647,0.534282,-0.196289,-0.013453,-0.099627,-0.060467,-0.077579,0.165624,-0.103875,0.057873,0.169216,0.0,-0.112825,0.0,-0.282082,-0.0,-0.169216,-0.394919,
1.398595,-0.974699,0.018913,-0.0,-1.570796,0.0,0.039063,-0.02449,-0.216653,0.0,0.0,0.0,-0.376024,0.048321,0.300399,0.530318,-0.195719,-0.013706,-0.099297,-0.060193,-0.077334,0.165243,-0.103717,0.057617,0.168193,0.0,-0.112142,0.0,-0.280375,-0.0,-0.168193,-0.392529,
1.398634,-0.974723,0.018697,-0.0,-1.570796,0.0,0.039063,-0.02449,-0.216598,0.0,0.0,0.0,-0.373243,0.048092,0.298151,0.526356,-0.195149,-0.013959,-0.098967,-0.059918,-0.077088,0.164863,-0.103559,0.05736,0.16717,-0.0,-0.11146,0.0,-0.278668,-0.0,-0.16717,-0.390139,
1.398673,-0.974748,0.01848,-0.0,-1.570796,0.0,0.039063,-0.02449,-0.216653,0.0,0.0,0.0,-0.370461,0.047864,0.295903,0.522393,-0.194579,-0.014211,-0.098636,-0.059643,-0.076843,0.164483,-0.103402,0.057104,0.166146,0.0,-0.110778,0.0,-0.27696,0.0,-0.166146,-0.387749,
1.398712,-0.974772,0.018263,-0.0,-1.570796,0.0,0.039215,-0.02449,-0.216653,0.0,0.0,0.0,-0.367678,0.047635,0.293655,0.518429,-0.194008,-0.014464,-0.098306,-0.059369,-0.076597,0.164103,-0.103244,0.056848,0.165123,0.0,-0.110096,0.0,-0.275253,0.0,-0.165123,-0.385359,
1.398751,-0.974797,0.018047,-0.0,-1.570796,0.0,0.039063,-0.02449,-0.216653,0.0,0.0,0.0,-0.364896,0.047407,0.291407,0.514466,-0.193438,-0.014717,-0.097975,-0.059094,-0.076352,0.163722,-0.103086,0.056591,0.1641,0.0,-0.109414,-0.0,-0.273545,0.0,-0.1641,-0.382969,
1.398791,-0.974821,0.01783,-0.0,-1.570796,0.0,0.039063,-0.02449,-0.216653,0.0,0.0,0.0,-0.362114,0.047178,0.289159,0.510502,-0.192868,-0.014969,-0.097645,-0.05882,-0.076106,0.163342,-0.102929,0.056335,0.163077,-0.0,-0.108732,0.0,-0.271838,-0.0,-0.163077,-0.380578,
1.39883,-0.974846,0.017613,-0.0,-1.570796,0.0,0.039063,-0.02449,-0.216653,0.0,0.0,0.0,-0.359332,0.04695,0.286911,0.506538,-0.192298,-0.015222,-0.097315,-0.058545,-0.075861,0.162962,-0.102771,0.056078,0.162053,0.0,-0.10805,0.0,-0.27013,0.0,-0.162053,-0.378188,
1.398869,-0.97487,0.017397,-0.0,-1.570796,0.0,0.039063,-0.02449,-0.216598,0.0,0.0,0.0,-0.35655,0.046722,0.284664,0.502575,-0.191727,-0.015475,-0.096984,-0.05827,-0.075615,0.162582,-0.102613,0.055822,0.16103,0.0,-0.107368,-0.0,-0.268423,0.0,-0.16103,-0.375798,
1.398908,-0.974895,0.01718,-0.0,-1.570796,0.0,0.039215,-0.02449,-0.216707,0.0,0.0,0.0,-0.353767,0.046493,0.282415,0.49861,-0.191157,-0.015728,-0.096654,-0.057996,-0.07537,0.162201,-0.102455,0.055565,0.160007,0.0,-0.106685,0.0,-0.266715,-0.0,-0.160007,-0.373408,
1.398947,-0.974919,0.016963,-0.0,-1.570796,0.0,0.039063,-0.02449,-0.216653,0.0,0.0,0.0,-0.350985,0.046265,0.280167,0.494647,-0.190587,-0.01598,-0.096323,-0.057721,-0.075124,0.161821,-0.102298,0.055309,0.158984,-0.0,-0.106003,0.0,-0.265007,0.0,-0.158984,-0.371017,
1.398986,-0.974944,0.016747,-0.0,-1.570796,0.0,0.039063,-0.02449,-0.216598,0.0,0.0,0.0,-0.348203,0.046036,0.27792,0.490684,-0.190017,-0.016233,-0.095993,-0.057446,-0.074879,0.161441,-0.10214,0.055052,0.157961,0.0,-0.105321,0.0,-0.2633,0.0,-0.157961,-0.368628,
1.399025,-0.974968,0.01653,-0.0,-1.570796,0.0,0.039063,-0.02449,-0.216653,0.0,0.0,0.0,-0.345421,0.045808,0.275672,0.486721,-0.189446,-0.016486,-0.095662,-0.057172,-0.074633,0.16106,-0.101982,0.054796,0.156937,0.0,-0.104639,-0.0,-0.261593,0.0,-0.156937,-0.366238,
1.399064,-0.974993,0.016313,-0.0,-1.570796,0.0,0.039215,-0.02449,-0.216709,0.0,0.0,0.0,-0.342638,0.045579,0.273423,0.482756,-0.188876,-0.016738,-0.095332,-0.056897,-0.074388,0.16068,-0.101825,0.054539,0.155914,-0.0,-0.103957,0.0,-0.259885,-0.0,-0.155914,-0.363847,
1.399103,-0.975017,0.016097,-0.0,-1.570796,0.0,0.039063,-0.02449,-0.216596,0.0,0.0,0.0,-0.339857,0.045351,0.271176,0.478794,-0.188306,-0.016991,-0.095002,-0.056623,-0.074142,0.1603,-0.101667,0.054283,0.154891,-0.0,-0.103275,0.0,-0.258178,-0.0,-0.154891,-0.361457,
1.399142,-0.975042,0.01588,-0.0,-1.570796,0.0,0.039063,-0.02449,-0.216653,0.0,0.0,0.0,-0.337075,0.045122,0.268928,0.474831,-0.187736,-0.017244,-0.094671,-0.056348,-0.073897,0.15992,-0.101509,0.054027,0.153868,0.0,-0.102593,0.0,-0.25647,0.0,-0.153868,-0.359067,
1.399181,-0.975066,0.015663,-0.0,-1.570796,0.0,0.039063,-0.02449,-0.216653,0.0,0.0,0.0,-0.334293,0.044894,0.26668,0.470868,-0.187165,-0.017496,-0.094341,-0.056073,-0.073651,0.159539,-0.101352,0.05377,0.152844,0.0,-0.101911,0.0,-0.254763,0.0,-0.152844,-0.356677,
1.399221,-0.97509,0.015447,-0.0,-1.570796,0.0,0.039215,-0.02449,-0.216598,0.0,0.0,0.0,-0.331512,0.044665,0.264433,0.466907,-0.186595,-0.017749,-0.09401,-0.055799,-0.073406,0.159159,-0.101194,0.053514,0.151821,0.0,-0.101229,-0.0,-0.253056,-0.0,-0.151821,-0.354288,
1.39926,-0.975115,0.01523,-0.0,-1.570796,0.0,0.039063,-0.02449,-0.216709,0.0,0.0,0.0,-0.32873,0.044437,0.262184,0.462943,-0.186025,-0.018002,-0.09368,-0.055524,-0.07316,0.158779,-0.101036,0.053257,0.150798,0.0,-0.100546,0.0,-0.251348,0.0,-0.150798,-0.351897,
1.399299,-0.975139,0.015014,-0.0,-1.570796,0.0,0.039063,-0.02449,-0.216596,0.0,0.0,0.0,-0.325949,0.044208,0.259937,0.458983,-0.185455,-0.018254,-0.09335,-0.05525,-0.072914,0.158398,-0.100879,0.053001,0.149775,0.0,-0.099864,0.0,-0.249641,0.0,-0.149775,-0.349508,
1.399338,-0.975164,0.014797,-0.0,-1.570796,0.0,0.039063,-0.02449,-0.216653,0.0,0.0,0.0,-0.323167,0.04398,0.25769,0.455021,-0.184884,-0.018507,-0.093019,-0.054975,-0.072669,0.158018,-0.100721,0.052745,0.148752,0.0,-0.099182,0.0,-0.247934,0.0,-0.148752,-0.347118,
1.399377,-0.975188,0.01458,-0.0,-1.570796,0.0,0.039215,-0.02449,-0.216653,0.0,0.0,0.0,-0.320386,0.043751,0.255442,0.45106,-0.184314,-0.01876,-0.092689,-0.0547,-0.072423,0.157638,-0.100563,0.052488,0.147728,0.0,-0.0985,0.0,-0.246227,0.0,-0.147728,-0.344729,
1.399416,-0.975213,0.014364,-0.0,-1.570796,0.0,0.039063,-0.02449,-0.216653,0.0,0.0,0.0,-0.317605,0.043523,0.253195,0.447099,-0.183744,-0.019012,-0.092358,-0.054426,-0.072178,0.157258,-0.100406,0.052232,0.146705,0.0,-0.097818,0.0,-0.244519,0.0,-0.146705,-0.342339,
1.399455,-0.975237,0.014147,-0.0,-1.570796,0.0,0.039063,-0.02449,-0.216653,0.0,0.0,0.0,-0.314824,0.043294,0.250947,0.443139,-0.183174,-0.019265,-0.092028,-0.054151,-0.071932,0.156877,-0.100248,0.051975,0.145682,0.0,-0.097136,0.0,-0.242812,0.0,-0.145682,-0.33995,
1.399494,-0.975262,0.01393,-0.0,-1.570796,0.0,0.039063,-0.02449,-0.216653,0.0,0.0,0.0,-0.312043,0.043066,0.2487,0.439179,-0.182603,-0.019518,-0.091697,-0.053877,-0.071687,0.156497,-0.10009,0.051719,0.144659,0.0,-0.096454,0.0,-0.241105,0.0,-0.144659,-0.33756,
1.399521,-0.975279,0.013731,-0.0,-1.570796,0.0,0.027161,-0.017242,-0.199423,0.0,0.0,0.0,-0.309078,0.042908,0.246319,0.435331,-0.181613,-0.019748,-0.091484,-0.053632,-0.071528,0.15625,-0.09999,0.051481,0.143615,0.0,-0.095757,0.0,-0.239364,0.0,-0.143615,-0.335124,
1.399548,-0.975296,0.013532,-0.0,-1.570796,0.0,0.026398,-0.016785,-0.198486,0.0,0.0,0.0,-0.3061,0.042755,0.243929,0.431486,-0.180597,-0.019977,-0.091277,-0.05339,-0.071374,0.156012,-0.099893,0.051245,0.142569,0.0,-0.095058,0.0,-0.23762,0.0,-0.142569,-0.332684,
1.399574,-0.975313,0.013334,-0.0,-1.570796,0.0,0.026398,-0.016785,-0.198436,0.0,0.0,0.0,-0.303122,0.042602,0.24154,0.427642,-0.179581,-0.020206,-0.091071,-0.053147,-0.07122,0.155773,-0.099795,0.051009,0.141523,0.0,-0.09436,0.0,-0.235876,-0.0,-0.141523,-0.330244,
1.399601,-0.97533,0.013136,-0.0,-1.570796,0.0,0.026398,-0.016785,-0.198385,0.0,0.0,0.0,-0.300145,0.042449,0.239151,0.423799,-0.178565,-0.020435,-0.090864,-0.052905,-0.071066,0.155534,-0.099698,0.050773,0.140477,0.0,-0.093662,0.0,-0.234133,0.0,-0.140477,-0.327804,
1.399627,-0.975346,0.012937,-0.0,-1.570796,0.0,0.026398,-0.016861,-0.198436,0.0,0.0,0.0,-0.297167,0.042296,0.236761,0.419954,-0.177549,-0.020664,-0.090658,-0.052662,-0.070912,0.155295,-0.099601,0.050536,0.139431,0.0,-0.092964,0.0,-0.232389,0.0,-0.139431,-0.325364,
1.399653,-0.975363,0.012739,-0.0,-1.570796,0.0,0.026398,-0.016785,-0.198435,0.0,0.0,0.0,-0.294189,0.042142,0.234371,0.416109,-0.176533,-0.020892,-0.090451,-0.052419,-0.070758,0.155057,-0.099504,0.0503,0.138386,0.0,-0.092265,-0.0,-0.230645,0.0,-0.138386,-0.322924,
1.39968,-0.97538,0.01254,-0.0,-1.570796,0.0,0.026398,-0.016785,-0.198436,0.0,0.0,0.0,-0.291211,0.041989,0.231982,0.412264,-0.175517,-0.021121,-0.090244,-0.052177,-0.070604,0.154818,-0.099407,0.050064,0.13734,0.0,-0.091567,0.0,-0.228901,0.0,-0.13734,-0.320484,
1.399706,-0.975397,0.012342,-0.0,-1.570796,0.0,0.026398,-0.016785,-0.198435,0.0,0.0,0.0,-0.288233,0.041836,0.229592,0.408419,-0.174501,-0.02135,-0.090038,-0.051934,-0.07045,0.154579,-0.09931,0.049827,0.136294,0.0,-0.090869,0.0,-0.227158,0.0,-0.136294,-0.318044,
1.399733,-0.975414,0.012143,-0.0,-1.570796,0.0,0.026398,-0.016861,-0.198386,0.0,0.0,0.0,-0.285255,0.041683,0.227202,0.404574,-0.173485,-0.021579,-0.089831,-0.051692,-0.070297,0.154341,-0.099213,0.049591,0.135248,0.0,-0.090171,0.0,-0.225414,-0.0,-0.135248,-0.315604,
1.399759,-0.97543,0.011945,-0.0,-1.570796,0.0,0.026398,-0.016785,-0.198435,0.0,0.0,0.0,-0.282276,0.041529,0.224813,0.400728,-0.172469,-0.021808,-0.089625,-0.051449,-0.070143,0.154102,-0.099115,0.049355,0.134203,0.0,-0.089472,-0.0,-0.22367,-0.0,-0.134203,-0.313163,
1.399785,-0.975447,0.011747,-0.0,-1.570796,0.0,0.026398,-0.016785,-0.198486,0.0,0.0,0.0,-0.279297,0.041376,0.222422,0.396881,-0.171453,-0.022037,-0.089418,-0.051206,-0.069989,0.153863,-0.099018,0.049119,0.133157,-0.0,-0.088774,0.0,-0.221926,0.0,-0.133157,-0.310722,
1.399812,-0.975464,0.011548,-0.0,-1.570796,0.0,0.026398,-0.016785,-0.198385,0.0,0.0,0.0,-0.276319,0.041223,0.220032,0.393035,-0.170437,-0.022266,-0.089211,-0.050964,-0.069835,0.153624,-0.098921,0.048882,0.132111,0.0,-0.088076,0.0,-0.220182,0.0,-0.132111,-0.308282,
1.399838,-0.975481,0.01135,-0.0,-1.570796,0.0,0.026398,-0.016861,-0.198436,0.0,0.0,0.0,-0.27334,0.04107,0.217642,0.389189,-0.169421,-0.022495,-0.089005,-0.050721,-0.069681,0.153386,-0.098824,0.048646,0.131065,0.0,-0.087378,0.0,-0.218438,0.0,-0.131065,-0.305842,
1.399865,-0.975498,0.011151,-0.0,-1.570796,0.0,0.026398,-0.016785,-0.198436,0.0,0.0,0.0,-0.270361,0.040916,0.215252,0.385342,-0.168405,-0.022724,-0.088798,-0.050479,-0.069527,0.153147,-0.098727,0.04841,0.130019,-0.0,-0.086679,0.0,-0.216695,0.0,-0.130019,-0.303401,
1.399891,-0.975514,0.010953,-0.0,-1.570796,0.0,0.026398,-0.016785,-0.198435,0.0,0.0,0.0,-0.267383,0.040763,0.212862,0.381496,-0.167389,-0.022952,-0.088592,-0.050236,-0.069373,0.152908,-0.09863,0.048174,0.128973,0.0,-0.085981,0.0,-0.214951,0.0,-0.128973,-0.300961,
1.399917,-0.975531,0.010754,-0.0,-1.570796,0.0,0.026398,-0.016785,-0.198436,0.0,0.0,0.0,-0.264404,0.04061,0.210472,0.377649,-0.166373,-0.023181,-0.088385,-0.049994,-0.069219,0.152669,-0.098532,0.047937,0.127928,0.0,-0.085283,0.0,-0.213207,-0.0,-0.127928,-0.29852,
1.399944,-0.975548,0.010556,-0.0,-1.570796,0.0,0.026398,-0.016861,-0.198435,0.0,0.0,0.0,-0.261425,0.040457,0.208082,0.373802,-0.165356,-0.02341,-0.088179,-0.049751,-0.069065,0.152431,-0.098435,0.047701,0.126882,0.0,-0.084585,0.0,-0.211463,-0.0,-0.126882,-0.296079,
1.39997,-0.975565,0.010358,-0.0,-1.570796,0.0,0.026398,-0.016785,-0.198386,0.0,0.0,0.0,-0.258447,0.040304,0.205692,0.369956,-0.164341,-0.023639,-0.087972,-0.049508,-0.068912,0.152192,-0.098338,0.047465,0.125836,0.0,-0.083886,0.0,-0.209719,0.0,-0.125836,-0.293639,
1.399997,-0.975582,0.010159,-0.0,-1.570796,0.0,0.026398,-0.016785,-0.198435,0.0,0.0,0.0,-0.255468,0.04015,0.203302,0.36611,-0.163325,-0.023868,-0.087765,-0.049266,-0.068758,0.151953,-0.098241,0.047229,0.12479,0.0,-0.083188,0.0,-0.207975,-0.0,-0.12479,-0.291199,
1.400023,-0.975598,0.009961,-0.0,-1.570796,0.0,0.026398,-0.016785,-0.198486,0.0,0.0,0.0,-0.252488,0.039997,0.200911,0.362262,-0.162308,-0.024097,-0.087559,-0.049023,-0.068604,0.151715,-0.098144,0.046992,0.123744,0.0,-0.08249,0.0,-0.206231,-0.0,-0.123744,-0.288758,
1.400049,-0.975615,0.009762,-0.0,-1.570796,0.0,0.026398,-0.016861,-0.198385,0.0,0.0,0.0,-0.24951,0.039844,0.198522,0.358417,-0.161292,-0.024326,-0.087352,-0.048781,-0.06845,0.151476,-0.098047,0.046756,0.122699,0.0,-0.081792,0.0,-0.204487,0.0,-0.122699,-0.286318,
1.400076,-0.975632,0.009564,-0.0,-1.570796,0.0,0.026398,-0.016785,-0.198436,0.0,0.0,0.0,-0.246531,0.039691,0.196132,0.35457,-0.160276,-0.024555,-0.087146,-0.048538,-0.068296,0.151237,-0.097949,0.04652,0.121653,0.0,-0.081093,0.0,-0.202743,0.0,-0.121653,-0.283877,
1.400102,-0.975649,0.009365,-0.0,-1.570796,0.0,0.026398,-0.016785,-0.198436,0.0,0.0,0.0,-0.243553,0.039537,0.193742,0.350724,-0.15926,-0.024784,-0.086939,-0.048296,-0.068142,0.150998,-0.097852,0.046284,0.120607,0.0,-0.080395,0.0,-0.201,0.0,-0.120607,-0.281437,
1.400129,-0.975666,0.009167,-0.0,-1.570796,0.0,0.026398,-0.016785,-0.198436,0.0,0.0,0.0,-0.240574,0.039384,0.191352,0.346878,-0.158244,-0.025012,-0.086733,-0.048053,-0.067988,0.15076,-0.097755,0.046047,0.119561,0.0,-0.079697,0.0,-0.199256,0.0,-0.119561,-0.278996,
1.400155,-0.975682,0.008969,-0.0,-1.570796,0.0,0.026398,-0.016861,-0.198436,0.0,0.0,0.0,-0.237596,0.039231,0.188962,0.343032,-0.157228,-0.025241,-0.086526,-0.04781,-0.067834,0.150521,-0.097658,0.045811,0.118515,-0.0,-0.078999,0.0,-0.197512,0.0,-0.118515,-0.276556,
1.400181,-0.975699,0.00877,-0.0,-1.570796,0.0,0.026398,-0.016785,-0.198385,0.0,0.0,0.0,-0.234618,0.039078,0.186572,0.339187,-0.156212,-0.02547,-0.086319,-0.047568,-0.06768,0.150282,-0.097561,0.045575,0.11747,0.0,-0.078301,0.0,-0.195768,-0.0,-0.11747,-0.274116,
1.400208,-0.975716,0.008572,-0.0,-1.570796,0.0,0.026398,-0.016785,-0.198436,0.0,0.0,0.0,-0.23164,0.038924,0.184183,0.335342,-0.155196,-0.025699,-0.086113,-0.047325,-0.067526,0.150044,-0.097464,0.045338,0.116424,0.0,-0.077602,0.0,-0.194024,-0.0,-0.116424,-0.271676,
1.400234,-0.975733,0.008373,-0.0,-1.570796,0.0,0.026398,-0.016785,-0.198486,0.0,0.0,0.0,-0.228661,0.038771,0.181792,0.331496,-0.15418,-0.025928,-0.085906,-0.047083,-0.067373,0.149805,-0.097366,0.045102,0.115378,0.0,-0.076904,0.0,-0.19228,0.0,-0.115378,-0.269235,
1.400261,-0.97575,0.008175,-0.0,-1.570796,0.0,0.026398,-0.016861,-0.198385,0.0,0.0,0.0,-0.225684,0.038618,0.179403,0.327652,-0.153164,-0.026157,-0.0857,-0.04684,-0.067219,0.149566,-0.097269,0.044866,0.114332,0.0,-0.076206,0.0,-0.190537,-0.0,-0.114332,-0.266796,
1.400287,-0.975766,0.007976,-0.0,-1.570796,0.0,0.026398,-0.016785,-0.198436,0.0,0.0,0.0,-0.222706,0.038465,0.177013,0.323808,-0.152148,-0.026386,-0.085493,-0.046598,-0.067065,0.149327,-0.097172,0.04463,0.113287,0.0,-0.075508,0.0,-0.188793,0.0,-0.113287,-0.264355,
1.400313,-0.975783,0.007778,-0.0,-1.570796,0.0,0.026398,-0.016785,-0.198436,0.0,0.0,0.0,-0.219728,0.038312,0.174624,0.319964,-0.151132,-0.026615,-0.085287,-0.046355,-0.066911,0.149089,-0.097075,0.044393,0.112241,0.0,-0.074809,0.0,-0.187049,0.0,-0.112241,-0.261916,
1.40034,-0.9758,0.00758,-0.0,-1.570796,0.0,0.026398,-0.016785,-0.198385,0.0,0.0,0.0,-0.216751,0.038158,0.172235,0.316121,-0.150116,-0.026843,-0.08508,-0.046113,-0.066757,0.14885,-0.096978,0.044157,0.111195,0.0,-0.074111,0.0,-0.185306,-0.0,-0.111195,-0.259476,
1.400366,-0.975817,0.007381,-0.0,-1.570796,0.0,0.026398,-0.016861,-0.198486,0.0,0.0,0.0,-0.213773,0.038005,0.169845,0.312277,-0.1491,-0.027072,-0.084873,-0.04587,-0.066603,0.148611,-0.096881,0.043921,0.110149,0.0,-0.073413,0.0,-0.183562,0.0,-0.110149,-0.257036,
1.400385,-0.975828,0.007214,-0.0,-1.570796,0.0,0.018921,-0.011444,-0.166888,0.0,0.0,0.0,-0.211113,0.037927,0.16776,0.308881,-0.148115,-0.027265,-0.084753,-0.045667,-0.066515,0.148474,-0.096829,0.043724,0.109129,-0.0,-0.072733,0.0,-0.181863,0.0,-0.109129,-0.254657,
1.400399,-0.975836,0.007068,-0.0,-1.570796,0.0,0.014191,-0.008011,-0.146452,0.0,0.0,0.0,-0.208657,0.037899,0.165872,0.305775,-0.14715,-0.027433,-0.08469,-0.045489,-0.066469,0.148402,-0.096807,0.043551,0.108124,0.0,-0.072064,0.0,-0.180192,0.0,-0.108124,-0.252316,
1.400414,-0.975844,0.006921,-0.0,-1.570796,0.0,0.014191,-0.008011,-0.14649,0.0,0.0,0.0,-0.2062,0.03787,0.163984,0.302668,-0.146185,-0.027602,-0.084626,-0.045311,-0.066423,0.148331,-0.096785,0.043379,0.10712,0.0,-0.071395,0.0,-0.178521,-0.0,-0.10712,-0.249976,
1.400428,-0.975852,0.006775,-0.0,-1.570796,0.0,0.014191,-0.008011,-0.14649,0.0,0.0,0.0,-0.203743,0.037841,0.162095,0.299561,-0.145219,-0.02777,-0.084562,-0.045134,-0.066377,0.148259,-0.096763,0.043207,0.106115,0.0,-0.070727,0.0,-0.176849,-0.0,-0.106115,-0.247635,
1.400442,-0.97586,0.006628,-0.0,-1.570796,0.0,0.014191,-0.008011,-0.146491,0.0,0.0,0.0,-0.201286,0.037813,0.160207,0.296453,-0.144254,-0.027938,-0.084498,-0.044956,-0.066332,0.148188,-0.096741,0.043035,0.105111,0.0,-0.070058,0.0,-0.175178,0.0,-0.105111,-0.245294,
1.400456,-0.975868,0.006482,-0.0,-1.570796,0.0,0.014038,-0.008011,-0.14649,0.0,0.0,0.0,-0.198829,0.037784,0.158318,0.293345,-0.143289,-0.028107,-0.084434,-0.044778,-0.066286,0.148116,-0.096719,0.042863,0.104106,0.0,-0.06939,0.0,-0.173507,0.0,-0.104106,-0.242953,
1.40047,-0.975876,0.006335,-0.0,-1.570796,0.0,0.014191,-0.007935,-0.146452,0.0,0.0,0.0,-0.196373,0.037756,0.15643,0.290238,-0.142324,-0.028275,-0.08437,-0.044601,-0.06624,0.148044,-0.096697,0.042691,0.103102,0.0,-0.068721,0.0,-0.171836,0.0,-0.103102,-0.240612,
1.400484,-0.975884,0.006189,-0.0,-1.570796,0.0,0.014191,-0.008011,-0.146528,0.0,0.0,0.0,-0.193915,0.037727,0.154541,0.287129,-0.141358,-0.028444,-0.084306,-0.044423,-0.066194,0.147973,-0.096675,0.042519,0.102097,0.0,-0.068052,0.0,-0.170164,-0.0,-0.102097,-0.23827,
1.400499,-0.975892,0.006042,-0.0,-1.570796,0.0,0.014191,-0.008011,-0.14649,0.0,0.0,0.0,-0.191458,0.037698,0.152652,0.284021,-0.140393,-0.028612,-0.084242,-0.044246,-0.066148,0.147901,-0.096653,0.042346,0.101093,0.0,-0.067384,0.0,-0.168493,0.0,-0.101093,-0.235929,
1.400513,-0.9759,0.005896,-0.0,-1.570796,0.0,0.014191,-0.008011,-0.146453,0.0,0.0,0.0,-0.189001,0.03767,0.150764,0.280914,-0.139428,-0.028781,-0.084178,-0.044068,-0.066103,0.14783,-0.096631,0.042174,0.100089,0.0,-0.066715,0.0,-0.166822,0.0,-0.100089,-0.233589,
1.400527,-0.975908,0.005749,-0.0,-1.570796,0.0,0.014038,-0.008011,-0.14649,0.0,0.0,0.0,-0.186544,0.037641,0.148875,0.277805,-0.138463,-0.028949,-0.084114,-0.04389,-0.066057,0.147758,-0.096609,0.042002,0.099084,-0.0,-0.066046,0.0,-0.165151,0.0,-0.099084,-0.231247,
1.400541,-0.975916,0.005603,-0.0,-1.570796,0.0,0.014191,-0.008011,-0.14649,0.0,0.0,0.0,-0.184087,0.037612,0.146986,0.274697,-0.137498,-0.029118,-0.08405,-0.043713,-0.066011,0.147686,-0.096587,0.04183,0.09808,-0.0,-0.065378,0.0,-0.163479,0.0,-0.09808,-0.228906,
1.400555,-0.975924,0.005456,-0.0,-1.570796,0.0,0.014191,-0.008011,-0.14649,0.0,0.0,0.0,-0.181629,0.037584,0.145098,0.271588,-0.136532,-0.029286,-0.083986,-0.043535,-0.065965,0.147615,-0.096565,0.041658,0.097075,0.0,-0.064709,0.0,-0.161808,0.0,-0.097075,-0.226564,
1.400569,-0.975932,0.00531,-0.0,-1.570796,0.0,0.014191,-0.008011,-0.14649,0.0,0.0,0.0,-0.179172,0.037555,0.143209,0.26848,-0.135567,-0.029455,-0.083922,-0.043357,-0.065919,0.147543,-0.096543,0.041486,0.096071,0.0,-0.06404,0.0,-0.160137,-0.0,-0.096071,-0.224223,
1.400584,-0.97594,0.005163,-0.0,-1.570796,0.0,0.014191,-0.008011,-0.14649,0.0,0.0,0.0,-0.176714,0.037527,0.14132,0.265371,-0.134602,-0.029623,-0.083858,-0.04318,-0.065874,0.147472,-0.096521,0.041313,0.095066,0.0,-0.063372,0.0,-0.158465,0.0,-0.095066,-0.221882,
1.400598,-0.975948,0.005017,-0.0,-1.570796,0.0,0.014191,-0.008011,-0.146453,0.0,0.0,0.0,-0.174258,0.037498,0.139432,0.262263,-0.133637,-0.029792,-0.083795,-0.043002,-0.065828,0.1474,-0.096499,0.041141,0.094062,0.0,-0.062703,0.0,-0.156794,0.0,-0.094062,-0.219541,
1.400612,-0.975956,0.00487,-0.0,-1.570796,0.0,0.014038,-0.008011,-0.146527,0.0,0.0,0.0,-0.1718,0.037469,0.137542,0.259154,-0.132671,-0.02996,-0.083731,-0.042824,-0.065782,0.147328,-0.096477,0.040969,0.093057,0.0,-0.062034,0.0,-0.155122,0.0,-0.093057,-0.217199,
1.400626,-0.975964,0.004724,-0.0,-1.570796,0.0,0.014191,-0.008011,-0.14649,0.0,0.0,0.0,-0.169342,0.037441,0.135653,0.256045,-0.131706,-0.030129,-0.083667,-0.042647,-0.065736,0.147257,-0.096455,0.040797,0.092052,0.0,-0.061366,0.0,-0.153451,0.0,-0.092052,-0.214857,
1.40064,-0.975972,0.004578,-0.0,-1.570796,0.0,0.014191,-0.008011,-0.146453,0.0,0.0,0.0,-0.166885,0.037412,0.133765,0.252937,-0.130741,-0.030297,-0.083603,-0.042469,-0.06569,0.147185,-0.096433,0.040625,0.091048,0.0,-0.060697,0.0,-0.15178,0.0,-0.091048,-0.212516,
1.400654,-0.97598,0.004431,-0.0,-1.570796,0.0,0.014191,-0.008011,-0.14649,0.0,0.0,0.0,-0.164428,0.037384,0.131876,0.249829,-0.129776,-0.030466,-0.083539,-0.042291,-0.065645,0.147114,-0.096411,0.040453,0.090044,-0.0,-0.060029,0.0,-0.150108,0.0,-0.090044,-0.210175,
1.400669,-0.975988,0.004285,-0.0,-1.570796,0.0,0.014191,-0.008011,-0.14649,0.0,0.0,0.0,-0.16197,0.037355,0.129987,0.24672,-0.12881,-0.030634,-0.083475,-0.042114,-0.065599,0.147042,-0.096389,0.040281,0.089039,0.0,-0.05936,0.0,-0.148437,0.0,-0.089039,-0.207833,
1.400682,-0.975996,0.004138,-0.0,-1.570796,0.0,0.014038,-0.008011,-0.14649,0.0,0.0,0.0,-0.159513,0.037326,0.128099,0.243612,-0.127845,-0.030802,-0.083411,-0.041936,-0.065553,0.14697,-0.096367,0.040108,0.088035,0.0,-0.058691,0.0,-0.146766,-0.0,-0.088035,-0.205492,
1.400697,-0.976004,0.003992,-0.0,-1.570796,0.0,0.014191,-0.008011,-0.14649,0.0,0.0,0.0,-0.157056,0.037298,0.12621,0.240503,-0.12688,-0.030971,-0.083347,-0.041758,-0.065507,0.146899,-0.096345,0.039936,0.08703,-0.0,-0.058023,0.0,-0.145094,0.0,-0.08703,-0.203151,
1.400711,-0.976012,0.003845,-0.0,-1.570796,0.0,0.014191,-0.008011,-0.146453,0.0,0.0,0.0,-0.154599,0.037269,0.124322,0.237395,-0.125915,-0.031139,-0.083283,-0.041581,-0.065461,0.146827,-0.096323,0.039764,0.086026,0.0,-0.057354,0.0,-0.143423,0.0,-0.086026,-0.20081,
1.400725,-0.976021,0.003699,-0.0,-1.570796,0.0,0.014191,-0.008011,-0.14649,0.0,0.0,0.0,-0.152142,0.03724,0.122433,0.234287,-0.12495,-0.031308,-0.083219,-0.041403,-0.065416,0.146756,-0.096301,0.039592,0.085021,0.0,-0.056686,0.0,-0.141752,0.0,-0.085021,-0.198469,
1.400739,-0.976029,0.003552,-0.0,-1.570796,0.0,0.014191,-0.008011,-0.146528,0.0,0.0,0.0,-0.149684,0.037212,0.120544,0.231178,-0.123984,-0.031476,-0.083155,-0.041226,-0.06537,0.146684,-0.096279,0.03942,0.084016,0.0,-0.056017,0.0,-0.14008,-0.0,-0.084016,-0.196127,
1.400753,-0.976036,0.003406,-0.0,-1.570796,0.0,0.014038,-0.008011,-0.146453,0.0,0.0,0.0,-0.147227,0.037183,0.118655,0.228071,-0.123019,-0.031645,-0.083091,-0.041048,-0.065324,0.146612,-0.096257,0.039248,0.083012,0.0,-0.055348,0.0,-0.138409,0.0,-0.083012,-0.193786,
1.400767,-0.976045,0.003259,-0.0,-1.570796,0.0,0.014191,-0.008011,-0.14649,0.0,0.0,0.0,-0.14477,0.037155,0.116767,0.224963,-0.122054,-0.031813,-0.083027,-0.04087,-0.065278,0.146541,-0.096235,0.039076,0.082008,0.0,-0.05468,0.0,-0.136738,0.0,-0.082008,-0.191445,
1.400782,-0.976053,0.003113,-0.0,-1.570796,0.0,0.014191,-0.008011,-0.14649,0.0,0.0,0.0,-0.142313,0.037126,0.114878,0.221855,-0.121089,-0.031982,-0.082963,-0.040693,-0.065232,0.146469,-0.096213,0.038903,0.081003,0.0,-0.054011,0.0,-0.135067,0.0,-0.081003,-0.189104,
1.400796,-0.976061,0.002966,-0.0,-1.570796,0.0,0.014191,-0.008011,-0.14649,0.0,0.0,0.0,-0.139857,0.037097,0.11299,0.218748,-0.120123,-0.03215,-0.082899,-0.040515,-0.065187,0.146397,-0.096191,0.038731,0.079999,0.0,-0.053342,0.0,-0.133395,0.0,-0.079999,-0.186763,
1.40081,-0.976069,0.00282,-0.0,-1.570796,0.0,0.014191,-0.008011,-0.14649,0.0,0.0,0.0,-0.1374,0.037069,0.111101,0.215641,-0.119158,-0.032319,-0.082836,-0.040337,-0.065141,0.146326,-0.096169,0.038559,0.078994,-0.0,-0.052674,0.0,-0.131724,0.0,-0.078994,-0.184422,
1.400824,-0.976077,0.002673,-0.0,-1.570796,0.0,0.014191,-0.008011,-0.14649,0.0,0.0,0.0,-0.134943,0.03704,0.109213,0.212533,-0.118193,-0.032487,-0.082772,-0.04016,-0.065095,0.146254,-0.096147,0.038387,0.07799,-0.0,-0.052005,0.0,-0.130053,-0.0,-0.07799,-0.182081,
1.400838,-0.976085,0.002527,-0.0,-1.570796,0.0,0.014038,-0.008011,-0.146453,0.0,0.0,0.0,-0.132487,0.037011,0.107325,0.209427,-0.117228,-0.032656,-0.082708,-0.039982,-0.065049,0.146183,-0.096125,0.038215,0.076986,-0.0,-0.051337,0.0,-0.128382,-0.0,-0.076986,-0.179741,
1.40085,-0.976091,0.002401,-0.0,-1.570796,0.0,0.011749,-0.00618,-0.125674,0.0,0.0,0.0,-0.130353,0.036995,0.105691,0.206728,-0.116384,-0.0328,-0.082668,-0.03983,-0.065021,0.14614,-0.096116,0.038067,0.07601,0.0,-0.050687,0.0,-0.126758,-0.0,-0.07601,-0.177467,
1.400855,-0.976092,0.002331,-0.0,-1.570796,0.0,0.005188,-0.00145,-0.069699,0.0,0.0,0.0,-0.129088,0.037011,0.104744,0.205126,-0.115865,-0.032881,-0.082696,-0.039749,-0.065041,0.146175,-0.09614,0.037985,0.075113,0.0,-0.050088,0.0,-0.125263,0.0,-0.075113,-0.175373,
1.40086,-0.976094,0.002262,-0.0,-1.570796,0.0,0.005188,-0.001373,-0.069716,0.0,0.0,0.0,-0.127823,0.037028,0.103796,0.203522,-0.115346,-0.032961,-0.082723,-0.039667,-0.065062,0.14621,-0.096163,0.037902,0.074215,0.0,-0.049489,0.0,-0.123767,-0.0,-0.074215,-0.173279,
1.400866,-0.976095,0.002192,-0.0,-1.570796,0.0,0.005188,-0.00145,-0.069716,0.0,0.0,0.0,-0.126557,0.037044,0.102849,0.201919,-0.114827,-0.033042,-0.08275,-0.039585,-0.065082,0.146245,-0.096187,0.03782,0.073317,0.0,-0.04889,0.0,-0.122271,-0.0,-0.073317,-0.171184,
1.400871,-0.976096,0.002122,-0.0,-1.570796,0.0,0.005188,-0.001373,-0.069699,0.0,0.0,0.0,-0.125292,0.03706,0.101902,0.200317,-0.114308,-0.033122,-0.082777,-0.039503,-0.065102,0.14628,-0.096211,0.037737,0.07242,-0.0,-0.048291,0.0,-0.120775,-0.0,-0.07242,-0.16909,
1.400876,-0.976098,0.002053,-0.0,-1.570796,0.0,0.005188,-0.00145,-0.069734,0.0,0.0,0.0,-0.124026,0.037077,0.100954,0.198713,-0.113789,-0.033203,-0.082804,-0.039422,-0.065122,0.146314,-0.096235,0.037655,0.071522,0.0,-0.047692,0.0,-0.119279,0.0,-0.071522,-0.166995,
1.400881,-0.976099,0.001983,-0.0,-1.570796,0.0,0.005188,-0.001373,-0.069716,0.0,0.0,0.0,-0.12276,0.037093,0.100006,0.19711,-0.11327,-0.033284,-0.082831,-0.03934,-0.065142,0.146349,-0.096259,0.037573,0.070624,-0.0,-0.047094,0.0,-0.117783,-0.0,-0.070624,-0.164901,
1.400886,-0.976101,0.001913,-0.0,-1.570796,0.0,0.005188,-0.00145,-0.069698,0.0,0.0,0.0,-0.121495,0.037109,0.099059,0.195507,-0.112751,-0.033364,-0.082858,-0.039258,-0.065162,0.146384,-0.096283,0.03749,0.069727,0.0,-0.046495,0.0,-0.116287,0.0,-0.069727,-0.162807,
1.400892,-0.976102,0.001843,-0.0,-1.570796,0.0,0.005188,-0.00145,-0.069716,0.0,0.0,0.0,-0.12023,0.037126,0.098111,0.193904,-0.112232,-0.033445,-0.082885,-0.039176,-0.065183,0.146419,-0.096306,0.037408,0.068829,0.0,-0.045896,0.0,-0.114791,0.0,-0.068829,-0.160712,
1.400897,-0.976103,0.001774,-0.0,-1.570796,0.0,0.005188,-0.001373,-0.069734,0.0,0.0,0.0,-0.118964,0.037142,0.097163,0.1923,-0.111713,-0.033525,-0.082912,-0.039094,-0.065203,0.146454,-0.09633,0.037325,0.067931,0.0,-0.045297,0.0,-0.113294,-0.0,-0.067931,-0.158617,
1.400902,-0.976105,0.001704,-0.0,-1.570796,0.0,0.005188,-0.00145,-0.069699,0.0,0.0,0.0,-0.117698,0.037159,0.096216,0.190697,-0.111194,-0.033606,-0.082939,-0.039013,-0.065223,0.146489,-0.096354,0.037243,0.067034,0.0,-0.044698,0.0,-0.111798,0.0,-0.067034,-0.156522,
1.400907,-0.976106,0.001634,-0.0,-1.570796,0.0,0.005188,-0.001373,-0.069716,0.0,0.0,0.0,-0.116433,0.037175,0.095268,0.189094,-0.110676,-0.033687,-0.082966,-0.038931,-0.065243,0.146524,-0.096378,0.037161,0.066136,-0.0,-0.044099,0.0,-0.110302,0.0,-0.066136,-0.154428,
1.400912,-0.976108,0.001565,-0.0,-1.570796,0.0,0.005188,-0.00145,-0.069716,0.0,0.0,0.0,-0.115167,0.037191,0.094321,0.187491,-0.110157,-0.033767,-0.082993,-0.038849,-0.065263,0.146559,-0.096402,0.037078,0.065239,-0.0,-0.0435,0.0,-0.108806,0.0,-0.065239,-0.152333,
1.400918,-0.976109,0.001495,-0.0,-1.570796,0.0,0.005188,-0.001373,-0.069716,0.0,0.0,0.0,-0.113901,0.037208,0.093373,0.185887,-0.109638,-0.033848,-0.08302,-0.038768,-0.065283,0.146593,-0.096426,0.036996,0.064341,0.0,-0.042902,0.0,-0.10731,-0.0,-0.064341,-0.150238,
1.400923,-0.976111,0.001425,-0.0,-1.570796,0.0,0.005188,-0.00145,-0.069716,0.0,0.0,0.0,-0.112636,0.037224,0.092425,0.184284,-0.109119,-0.033928,-0.083047,-0.038686,-0.065303,0.146628,-0.096449,0.036913,0.063443,0.0,-0.042303,0.0,-0.105814,-0.0,-0.063443,-0.148143,
1.400928,-0.976112,0.001355,-0.0,-1.570796,0.0,0.005188,-0.00145,-0.069716,0.0,0.0,0.0,-0.11137,0.03724,0.091478,0.182681,-0.1086,-0.034009,-0.083074,-0.038604,-0.065324,0.146663,-0.096473,0.036831,0.062546,0.0,-0.041704,0.0,-0.104317,0.0,-0.062546,-0.146048,
1.400933,-0.976113,0.001286,-0.0,-1.570796,0.0,0.005188,-0.001373,-0.069699,0.0,0.0,0.0,-0.110105,0.037257,0.09053,0.181078,-0.108081,-0.034089,-0.083101,-0.038522,-0.065344,0.146698,-0.096497,0.036749,0.061648,0.0,-0.041105,0.0,-0.102822,0.0,-0.061648,-0.143954,
1.400938,-0.976115,0.001216,-0.0,-1.570796,0.0,0.005188,-0.00145,-0.069716,0.0,0.0,0.0,-0.108839,0.037273,0.089583,0.179474,-0.107562,-0.03417,-0.083128,-0.03844,-0.065364,0.146733,-0.096521,0.036666,0.060751,-0.0,-0.040506,0.0,-0.101325,0.0,-0.060751,-0.141859,
1.400943,-0.976116,0.001146,-0.0,-1.570796,0.0,0.005188,-0.001373,-0.069716,0.0,0.0,0.0,-0.107573,0.037289,0.088635,0.177871,-0.107043,-0.034251,-0.083155,-0.038359,-0.065384,0.146768,-0.096545,0.036584,0.059853,0.0,-0.039907,0.0,-0.099829,0.0,-0.059853,-0.139764,
1.400949,-0.976118,0.001077,-0.0,-1.570796,0.0,0.005188,-0.00145,-0.069716,0.0,0.0,0.0,-0.106308,0.037306,0.087687,0.176268,-0.106524,-0.034331,-0.083183,-0.038277,-0.065404,0.146803,-0.096568,0.036501,0.058955,0.0,-0.039308,0.0,-0.098333,-0.0,-0.058955,-0.137669,
1.400954,-0.976119,0.001007,-0.0,-1.570796,0.0,0.005188,-0.001373,-0.069716,0.0,0.0,0.0,-0.105042,0.037322,0.08674,0.174664,-0.106005,-0.034412,-0.08321,-0.038195,-0.065424,0.146838,-0.096592,0.036419,0.058058,0.0,-0.03871,0.0,-0.096837,0.0,-0.058058,-0.135574,
1.400959,-0.976121,0.000937,-0.0,-1.570796,0.0,0.005188,-0.00145,-0.069698,0.0,0.0,0.0,-0.103777,0.037339,0.085792,0.173062,-0.105486,-0.034492,-0.083237,-0.038113,-0.065445,0.146873,-0.096616,0.036336,0.05716,0.0,-0.038111,0.0,-0.095341,-0.0,-0.05716,-0.13348,
1.400964,-0.976122,0.000867,-0.0,-1.570796,0.0,0.005188,-0.00145,-0.069734,0.0,0.0,0.0,-0.102511,0.037355,0.084844,0.171458,-0.104967,-0.034573,-0.083264,-0.038032,-0.065465,0.146907,-0.09664,0.036254,0.056262,-0.0,-0.037512,0.0,-0.093845,-0.0,-0.056262,-0.131385,
1.400969,-0.976123,0.000798,-0.0,-1.570796,0.0,0.005188,-0.001373,-0.069716,0.0,0.0,0.0,-0.101245,0.037371,0.083897,0.169855,-0.104448,-0.034653,-0.083291,-0.03795,-0.065485,0.146942,-0.096664,0.036172,0.055365,0.0,-0.036913,0.0,-0.092348,0.0,-0.055365,-0.12929,
1.400975,-0.976125,0.000728,-0.0,-1.570796,0.0,0.005188,-0.00145,-0.069698,0.0,0.0,0.0,-0.09998,0.037388,0.082949,0.168252,-0.10393,-0.034734,-0.083318,-0.037868,-0.065505,0.146977,-0.096688,0.036089,0.054467,0.0,-0.036314,0.0,-0.090853,-0.0,-0.054467,-0.127195,
1.40098,-0.976126,0.000658,-0.0,-1.570796,0.0,0.005188,-0.001373,-0.069716,0.0,0.0,0.0,-0.098714,0.037404,0.082002,0.166648,-0.103411,-0.034815,-0.083345,-0.037786,-0.065525,0.147012,-0.096711,0.036007,0.05357,-0.0,-0.035715,0.0,-0.089356,0.0,-0.05357,-0.125101,
1.400985,-0.976128,0.000589,-0.0,-1.570796,0.0,0.005188,-0.00145,-0.069716,0.0,0.0,0.0,-0.097449,0.03742,0.081054,0.165045,-0.102892,-0.034895,-0.083372,-0.037705,-0.065545,0.147047,-0.096735,0.035924,0.052672,-0.0,-0.035116,0.0,-0.08786,0.0,-0.052672,-0.123006,
1.40099,-0.976129,0.000519,-0.0,-1.570796,0.0,0.005188,-0.001373,-0.069716,0.0,0.0,0.0,-0.096183,0.037437,0.080107,0.163442,-0.102373,-0.034976,-0.083399,-0.037623,-0.065565,0.147082,-0.096759,0.035842,0.051774,0.0,-0.034518,0.0,-0.086364,0.0,-0.051774,-0.120911,
1.400995,-0.97613,0.000449,-0.0,-1.570796,0.0,0.005188,-0.00145,-0.069716,0.0,0.0,0.0,-0.094917,0.037453,0.079159,0.161839,-0.101854,-0.035056,-0.083426,-0.037541,-0.065586,0.147117,-0.096783,0.03576,0.050877,0.0,-0.033919,0.0,-0.084868,0.0,-0.050877,-0.118817,
1.401,-0.976132,0.000379,-0.0,-1.570796,0.0,0.005188,-0.00145,-0.069716,0.0,0.0,0.0,-0.093652,0.037469,0.078211,0.160236,-0.101335,-0.035137,-0.083453,-0.037459,-0.065606,0.147152,-0.096807,0.035677,0.049979,0.0,-0.03332,0.0,-0.083372,0.0,-0.049979,-0.116722,
1.401006,-0.976133,0.00031,-0.0,-1.570796,0.0,0.005188,-0.001373,-0.069698,0.0,0.0,0.0,-0.092387,0.037486,0.077264,0.158633,-0.100816,-0.035217,-0.08348,-0.037377,-0.065626,0.147186,-0.096831,0.035595,0.049082,0.0,-0.032721,0.0,-0.081876,0.0,-0.049082,-0.114628,
1.401011,-0.976135,0.00024,-0.0,-1.570796,0.0,0.005188,-0.00145,-0.069734,0.0,0.0,0.0,-0.091121,0.037502,0.076316,0.157029,-0.100297,-0.035298,-0.083507,-0.037296,-0.065646,0.147221,-0.096854,0.035512,0.048184,-0.0,-0.032122,0.0,-0.08038,0.0,-0.048184,-0.112533,
1.401016,-0.976136,0.00017,-0.0,-1.570796,0.0,0.005188,-0.001373,-0.069698,0.0,0.0,0.0,-0.089855,0.037518,0.075369,0.155427,-0.099778,-0.035379,-0.083534,-0.037214,-0.065666,0.147256,-0.096878,0.03543,0.047287,0.0,-0.031523,0.0,-0.078884,0.0,-0.047287,-0.110439,
1.401021,-0.976138,0.000101,-0.0,-1.570796,0.0,0.005188,-0.00145,-0.069716,0.0,0.0,0.0,-0.08859,0.037535,0.074421,0.153824,-0.099259,-0.035459,-0.083561,-0.037132,-0.065686,0.147291,-0.096902,0.035348,0.046389,0.0,-0.030924,0.0,-0.077388,0.0,-0.046389,-0.108345,
1.401022,-0.976138,0.000089,-0.0,-1.570796,0.0,0.000763,-0.000076,-0.011273,0.0,0.0,0.0,-0.088385,0.037536,0.074254,0.153562,-0.099173,-0.035473,-0.083563,-0.037119,-0.065688,0.1473,-0.096904,0.035334,0.045653,0.0,-0.030434,0.0,-0.076161,-0.0,-0.045653,-0.106626,
1.401022,-0.976138,0.000082,-0.0,-1.570796,0.0,0.000458,-0.0,-0.007254,0.0,0.0,0.0,-0.088253,0.037536,0.07414,0.153393,-0.099116,-0.035482,-0.083563,-0.037111,-0.065688,0.147308,-0.096904,0.035325,0.044928,-0.0,-0.02995,0.0,-0.074952,-0.0,-0.044928,-0.104933,
1.401023,-0.976138,0.000075,-0.0,-1.570796,0.0,0.000458,0.0,-0.007254,0.0,0.0,0.0,-0.088121,0.037536,0.074027,0.153225,-0.099059,-0.035491,-0.083563,-0.037103,-0.065688,0.147315,-0.096904,0.035315,0.044202,0.0,-0.029467,0.0,-0.073743,-0.0,-0.044202,-0.10324,
1.401023,-0.976138,0.000067,-0.0,-1.570796,0.0,0.000458,0.0,-0.007254,0.0,0.0,0.0,-0.087989,0.037536,0.073913,0.153056,-0.099002,-0.0355,-0.083563,-0.037095,-0.065688,0.147322,-0.096904,0.035306,0.043477,0.0,-0.028983,0.0,-0.072534,0.0,-0.043477,-0.101547,
1.401024,-0.976138,0.00006,-0.0,-1.570796,0.0,0.000458,0.0,-0.007253,0.0,0.0,0.0,-0.087857,0.037536,0.0738,0.152887,-0.098945,-0.03551,-0.083563,-0.037087,-0.065688,0.14733,-0.096904,0.035297,0.042752,0.0,-0.0285,0.0,-0.071325,-0.0,-0.042752,-0.099854,
1.401024,-0.976138,0.000053,-0.0,-1.570796,0.0,0.000458,0.0,-0.007256,0.0,0.0,0.0,-0.087725,0.037536,0.073686,0.152718,-0.098889,-0.035519,-0.083563,-0.037078,-0.065688,0.147337,-0.096904,0.035288,0.042027,0.0,-0.028017,0.0,-0.070116,0.0,-0.042027,-0.09816,
1.401025,-0.976138,0.000046,-0.0,-1.570796,0.0,0.000458,0.0,-0.007254,0.0,0.0,0.0,-0.087593,0.037536,0.073572,0.152549,-0.098832,-0.035528,-0.083563,-0.03707,-0.065688,0.147344,-0.096904,0.035279,0.041302,0.0,-0.027533,0.0,-0.068907,0.0,-0.041302,-0.096467,
1.401025,-0.976138,0.000038,-0.0,-1.570796,0.0,0.000458,-0.0,-0.007253,0.0,0.0,0.0,-0.087461,0.037536,0.073459,0.15238,-0.098775,-0.035537,-0.083563,-0.037062,-0.065688,0.147352,-0.096904,0.03527,0.040577,0.0,-0.02705,0.0,-0.067698,0.0,-0.040577,-0.094774,
1.401026,-0.976138,0.000031,-0.0,-1.570796,0.0,0.000458,0.0,-0.007254,0.0,0.0,0.0,-0.087329,0.037536,0.073345,0.152211,-0.098718,-0.035546,-0.083563,-0.037054,-0.065688,0.147359,-0.096904,0.03526,0.039851,-0.0,-0.026566,0.0,-0.066489,0.0,-0.039851,-0.093081,
1.401026,-0.976138,0.000024,-0.0,-1.570796,0.0,0.000458,-0.0,-0.007254,0.0,0.0,0.0,-0.087197,0.037536,0.073232,0.152042,-0.098661,-0.035555,-0.083563,-0.037046,-0.065688,0.147366,-0.096904,0.035251,0.039126,0.0,-0.026083,0.0,-0.06528,-0.0,-0.039126,-0.091388,
1.401027,-0.976138,0.000017,-0.0,-1.570796,0.0,0.000458,0.0,-0.007254,0.0,0.0,0.0,-0.087065,0.037536,0.073118,0.151873,-0.098604,-0.035564,-0.083563,-0.037037,-0.065688,0.147374,-0.096904,0.035242,0.038401,0.0,-0.0256,0.0,-0.064071,-0.0,-0.038401,-0.089694,
1.401027,-0.976138,0.000009,-0.0,-1.570796,0.0,0.00061,0.0,-0.007254,0.0,0.0,0.0,-0.086933,0.037536,0.073004,0.151704,-0.098548,-0.035574,-0.083563,-0.037029,-0.065688,0.147381,-0.096904,0.035233,0.037676,0.0,-0.025116,0.0,-0.062862,-0.0,-0.037676,-0.088001,
1.401028,-0.976138,0.000002,-0.0,-1.570796,0.0,0.000458,0.0,-0.007254,0.0,0.0,0.0,-0.086801,0.037536,0.072891,0.151535,-0.098491,-0.035583,-0.083563,-0.037021,-0.065688,0.147388,-0.096904,0.035224,0.036951,0.0,-0.024633,0.0,-0.061653,0.0,-0.036951,-0.086307,
1.401028,-0.976138,-0.000005,-0.0,-1.570796,0.0,0.000458,0.0,-0.007253,0.0,0.0,0.0,-0.086669,0.037536,0.072777,0.151366,-0.098434,-0.035592,-0.083563,-0.037013,-0.065688,0.147396,-0.096904,0.035215,0.036225,0.0,-0.024149,0.0,-0.060445,0.0,-0.036225,-0.084614,
1.401029,-0.976138,-0.000012,-0.0,-1.570796,0.0,0.000458,0.0,-0.007256,0.0,0.0,0.0,-0.086537,0.037536,0.072664,0.151197,-0.098377,-0.035601,-0.083563,-0.037005,-0.065688,0.147403,-0.096904,0.035206,0.0355,0.0,-0.023666,0.0,-0.059235,0.0,-0.0355,-0.082921,
1.401029,-0.976138,-0.00002,-0.0,-1.570796,0.0,0.000458,0.0,-0.007253,0.0,0.0,0.0,-0.086406,0.037536,0.07255,0.151028,-0.09832,-0.03561,-0.083563,-0.036997,-0.065688,0.14741,-0.096904,0.035196,0.034775,-0.0,-0.023182,0.0,-0.058027,0.0,-0.034775,-0.081228,
1.401029,-0.976138,-0.000027,-0.0,-1.570796,0.0,0.000458,0.0,-0.007254,0.0,0.0,0.0,-0.086274,0.037536,0.072436,0.150859,-0.098263,-0.035619,-0.083563,-0.036988,-0.065688,0.147418,-0.096904,0.035187,0.03405,0.0,-0.022699,0.0,-0.056818,-0.0,-0.03405,-0.079534,
1.40103,-0.976138,-0.000034,-0.0,-1.570796,0.0,0.000458,0.0,-0.007254,0.0,0.0,0.0,-0.086142,0.037536,0.072323,0.150691,-0.098207,-0.035629,-0.083563,-0.03698,-0.065688,0.147425,-0.096904,0.035178,0.033325,0.0,-0.022216,0.0,-0.055608,0.0,-0.033325,-0.077841,
1.40103,-0.976138,-0.000041,-0.0,-1.570796,0.0,0.000458,-0.0,-0.007254,0.0,0.0,0.0,-0.08601,0.037536,0.072209,0.150522,-0.09815,-0.035638,-0.083563,-0.036972,-0.065688,0.147432,-0.096904,0.035169,0.032599,0.0,-0.021732,0.0,-0.054399,-0.0,-0.032599,-0.076147,
1.401031,-0.976138,-0.000049,-0.0,-1.570796,0.0,0.000458,0.0,-0.007254,0.0,0.0,0.0,-0.085878,0.037536,0.072096,0.150353,-0.098093,-0.035647,-0.083563,-0.036964,-0.065688,0.14744,-0.096904,0.03516,0.031874,0.0,-0.021249,0.0,-0.05319,0.0,-0.031874,-0.074454,
1.401031,-0.976138,-0.000056,-0.0,-1.570796,0.0,0.000458,0.0,-0.007254,0.0,0.0,0.0,-0.085746,0.037536,0.071982,0.150184,-0.098036,-0.035656,-0.083563,-0.036956,-0.065688,0.147447,-0.096904,0.035151,0.031149,0.0,-0.020765,0.0,-0.051981,0.0,-0.031149,-0.072761,
1.401032,-0.976138,-0.000063,-0.0,-1.570796,0.0,0.000458,0.0,-0.007253,0.0,0.0,0.0,-0.085614,0.037536,0.071868,0.150015,-0.097979,-0.035665,-0.083563,-0.036948,-0.065688,0.147454,-0.096904,0.035141,0.030424,0.0,-0.020282,0.0,-0.050773,0.0,-0.030424,-0.071068,
1.401032,-0.976138,-0.00007,-0.0,-1.570796,0.0,0.000458,0.0,-0.007254,0.0,0.0,0.0,-0.085482,0.037536,0.071755,0.149846,-0.097922,-0.035674,-0.083563,-0.036939,-0.065688,0.147462,-0.096904,0.035132,0.029699,0.0,-0.019799,0.0,-0.049564,0.0,-0.029699,-0.069374,
1.401033,-0.976138,-0.000078,-0.0,-1.570796,0.0,0.000458,-0.0,-0.007254,0.0,0.0,0.0,-0.08535,0.037536,0.071641,0.149677,-0.097866,-0.035684,-0.083563,-0.036931,-0.065688,0.147469,-0.096904,0.035123,0.028974,0.0,-0.019315,0.0,-0.048355,0.0,-0.028974,-0.067681,
1.401033,-0.976138,-0.000085,-0.0,-1.570796,0.0,0.000458,0.0,-0.007254,0.0,0.0,0.0,-0.085218,0.037536,0.071528,0.149508,-0.097809,-0.035693,-0.083563,-0.036923,-0.065688,0.147476,-0.096904,0.035114,0.028248,0.0,-0.018832,0.0,-0.047146,0.0,-0.028248,-0.065988,
1.401034,-0.976138,-0.000092,-0.0,-1.570796,0.0,0.000458,0.0,-0.007254,0.0,0.0,0.0,-0.085086,0.037536,0.071414,0.149339,-0.097752,-0.035702,-0.083563,-0.036915,-0.065688,0.147484,-0.096904,0.035105,0.027523,0.0,-0.018348,0.0,-0.045937,0.0,-0.027523,-0.064294,
1.401034,-0.976138,-0.000099,-0.0,-1.570796,0.0,0.000458,-0.0,-0.007254,0.0,0.0,0.0,-0.084954,0.037536,0.0713,0.14917,-0.097695,-0.035711,-0.083563,-0.036907,-0.065688,0.147491,-0.096904,0.035096,0.026798,-0.0,-0.017865,0.0,-0.044728,-0.0,-0.026798,-0.062601,
1.401034,-0.976138,-0.000107,-0.0,-1.570796,0.0,0.000458,0.0,-0.007254,0.0,0.0,0.0,-0.084822,0.037536,0.071187,0.149001,-0.097638,-0.03572,-0.083563,-0.036898,-0.065688,0.147499,-0.096904,0.035086,0.026073,0.0,-0.017381,0.0,-0.043519,0.0,-0.026073,-0.060908,
1.401035,-0.976138,-0.000114,-0.0,-1.570796,0.0,0.00061,-0.0,-0.007254,0.0,0.0,0.0,-0.08469,0.037536,0.071073,0.148832,-0.097581,-0.035729,-0.083563,-0.03689,-0.065688,0.147506,-0.096904,0.035077,0.025348,0.0,-0.016898,0.0,-0.04231,0.0,-0.025348,-0.059215,
1.401036,-0.976138,-0.000121,-0.0,-1.570796,0.0,0.000458,0.0,-0.007253,0.0,0.0,0.0,-0.084558,0.037536,0.07096,0.148663,-0.097525,-0.035738,-0.083563,-0.036882,-0.065688,0.147513,-0.096904,0.035068,0.024623,0.0,-0.016415,0.0,-0.041101,0.0,-0.024623,-0.057522,
1.401036,-0.976138,-0.000128,-0.0,-1.570796,0.0,0.000458,-0.0,-0.007254,0.0,0.0,0.0,-0.084426,0.037536,0.070846,0.148494,-0.097468,-0.035748,-0.083563,-0.036874,-0.065688,0.147521,-0.096904,0.035059,0.023897,0.0,-0.015931,0.0,-0.039892,-0.0,-0.023897,-0.055829,
1.401037,-0.976138,-0.000136,-0.0,-1.570796,0.0,0.000458,-0.0,-0.007256,0.0,0.0,0.0,-0.084294,0.037536,0.070732,0.148325,-0.097411,-0.035757,-0.083563,-0.036866,-0.065688,0.147528,-0.096904,0.03505,0.023172,0.0,-0.015448,0.0,-0.038683,-0.0,-0.023172,-0.054135,
1.401037,-0.976138,-0.000143,-0.0,-1.570796,0.0,0.000458,0.0,-0.007253,0.0,0.0,0.0,-0.084162,0.037536,0.070619,0.148157,-0.097354,-0.035766,-0.083563,-0.036857,-0.065688,0.147535,-0.096904,0.035041,0.022447,0.0,-0.014964,0.0,-0.037474,0.0,-0.022447,-0.052442,
1.401037,-0.976138,-0.000146,-0.0,-1.570796,0.0,0.000153,-0.0,-0.002902,0.0,0.0,0.0,-0.084109,0.037536,0.070573,0.148089,-0.097331,-0.03577,-0.083563,-0.036854,-0.065682,0.147538,-0.096904,0.035037,0.021873,-0.0,-0.014582,0.0,-0.036517,-0.0,-0.021873,-0.051103,