0.007171,-0.000915,0.00142,0.001519,0.000156,0,-0.408605,0.186903,0.310423,0.588244,-0.254324,0
0.007203,-0.000923,0.001394,0.001559,0.000138,0,-0.408595,0.186895,0.310416,0.588225,-0.254317,0
0.007235,-0.000931,0.001367,0.001599,0.000119,0,-0.408586,0.186887,0.310408,0.588205,-0.254309,0
0.007267,-0.000939,0.001341,0.001639,0.000101,0,-0.408577,0.186879,0.3104,0.588186,-0.254302,0
0.007299,-0.000947,0.001315,0.001679,8.2E-05,0,-0.408568,0.186872,0.310392,0.588166,-0.254294,0
0.007331,-0.000956,0.001289,0.001719,6.4E-05,0,-0.408559,0.186864,0.310384,0.588147,-0.254287,0
0.007363,-0.000964,0.001263,0.001758,4.5E-05,0,-0.40855,0.186856,0.310377,0.588127,-0.254279,0
0.007395,-0.000972,0.001237,0.001798,2.7E-05,0,-0.408541,0.186848,0.310369,0.588108,-0.254271,0
0.007427,-0.00098,0.001211,0.001838,9E-06,0,-0.408532,0.18684,0.310361,0.588088,-0.254264,0
0.007459,-0.000988,0.001184,0.001878,-1E-05,0,-0.408523,0.186832,0.310353,0.588069,-0.254256,0
0.007491,-0.000996,0.001158,0.001918,-2.8E-05,0,-0.408514,0.186825,0.310345,0.58805,-0.254249,0
0.007524,-0.001004,0.001132,0.001958,-4.7E-05,0,-0.408505,0.186817,0.310338,0.58803,-0.254241,0
0.007556,-0.001012,0.001106,0.001998,-6.5E-05,0,-0.408496,0.186809,0.31033,0.588011,-0.254234,0
0.007588,-0.001021,0.00108,0.002037,-8.4E-05,0,-0.408487,0.186801,0.310322,0.587991,-0.254226,0
0.00762,-0.001029,0.001054,0.002077,-0.000102,0,-0.408478,0.186793,0.310314,0.587972,-0.254219,0
0.007652,-0.001037,0.001027,0.002117,-0.000121,0,-0.408469,0.186785,0.310306,0.587952,-0.254211,0
0.007684,-0.001045,0.001001,0.002157,-0.000139,0,-0.408459,0.186778,0.310298,0.587933,-0.254204,0
0.007716,-0.001053,0.000975,0.002197,-0.000157,0,-0.40845,0.18677,0.310291,0.587914,-0.254196,0
0.007748,-0.001061,0.000949,0.002237,-0.000176,0,-0.408441,0.186762,0.310283,0.587894,-0.254188,0
0.00778,-0.001069,0.000923,0.002277,-0.000194,0,-0.408432,0.186754,0.310275,0.587875,-0.254181,0
0.007812,-0.001078,0.000897,0.002316,-0.000213,0,-0.408423,0.186746,0.310267,0.587855,-0.254173,0
0.007844,-0.001086,0.00087,0.002356,-0.000231,0,-0.408414,0.186739,0.310259,0.587836,-0.254166,0
0.007876,-0.001094,0.000844,0.002396,-0.00025,0,-0.408405,0.186731,0.310252,0.587816,-0.254158,0
0.007909,-0.001102,0.000818,0.002436,-0.000268,0,-0.408396,0.186723,0.310244,0.587797,-0.254151,0
0.007941,-0.00111,0.000792,0.002476,-0.000286,0,-0.408387,0.186715,0.310236,0.587777,-0.254143,0
0.007973,-0.001118,0.000766,0.002516,-0.000305,0,-0.408378,0.186707,0.310228,0.587758,-0.254136,0
0.008005,-0.001126,0.00074,0.002556,-0.000323,0,-0.408369,0.1867,0.31022,0.587739,-0.254128,0
0.008037,-0.001135,0.000714,0.002595,-0.000342,0,-0.40836,0.186692,0.310212,0.587719,-0.254121,0
0.008069,-0.001143,0.000687,0.002635,-0.00036,0,-0.408351,0.186684,0.310205,0.5877,-0.254113,0
0.008101,-0.001151,0.000661,0.002675,-0.000379,0,-0.408342,0.186676,0.310197,0.58768,-0.254105,0
0.008133,-0.001159,0.000635,0.002715,-0.000397,0,-0.408333,0.186668,0.310189,0.587661,-0.254098,0
0.008165,-0.001167,0.000609,0.002755,-0.000416,0,-0.408323,0.18666,0.310181,0.587641,-0.25409,0
0.008197,-0.001175,0.000583,0.002795,-0.000434,0,-0.408314,0.186653,0.310173,0.587622,-0.254083,0
0.008229,-0.001183,0.000557,0.002835,-0.000452,0,-0.408305,0.186645,0.310166,0.587602,-0.254075,0
0.008302,-0.001204,0.000497,0.002924,-0.000492,0,-0.408281,0.186628,0.310149,0.587558,-0.254056,0
0.008396,-0.00123,0.00042,0.003038,-0.000542,0,-0.408249,0.186606,0.310127,0.587502,-0.254032,0
0.00849,-0.001256,0.000344,0.003152,-0.000591,0,-0.408217,0.186585,0.310106,0.587446,-0.254007,0
0.008584,-0.001283,0.000267,0.003265,-0.000641,0,-0.408186,0.186563,0.310084,0.58739,-0.253982,0
0.008677,-0.001309,0.00019,0.003379,-0.000691,0,-0.408154,0.186542,0.310062,0.587333,-0.253958,0
0.008771,-0.001336,0.000114,0.003493,-0.000741,0,-0.408122,0.18652,0.310041,0.587277,-0.253933,0
0.008865,-0.001362,3.7E-05,0.003607,-0.000791,0,-0.40809,0.186499,0.31002,0.587221,-0.253909,0
0.008958,-0.001389,-3.9E-05,0.003721,-0.00084,0,-0.408059,0.186477,0.309998,0.587165,-0.253884,0
0.009052,-0.001415,-0.000116,0.003835,-0.00089,0,-0.408027,0.186456,0.309977,0.587109,-0.25386,0
0.009146,-0.001441,-0.000193,0.003949,-0.00094,0,-0.407995,0.186434,0.309955,0.587053,-0.253835,0
0.009239,-0.001468,-0.000269,0.004063,-0.00099,0,-0.407964,0.186413,0.309934,0.586997,-0.253811,0
0.009333,-0.001494,-0.000346,0.004177,-0.001039,0,-0.407932,0.186391,0.309912,0.58694,-0.253786,0
0.009427,-0.001521,-0.000422,0.004291,-0.001089,0,-0.4079,0.18637,0.309891,0.586884,-0.253762,0
0.009521,-0.001547,-0.000499,0.004405,-0.001139,0,-0.407868,0.186348,0.309869,0.586828,-0.253737,0
0.009614,-0.001574,-0.000576,0.004518,-0.001189,0,-0.407837,0.186327,0.309848,0.586772,-0.253713,0
0.009708,-0.0016,-0.000652,0.004632,-0.001239,0,-0.407805,0.186305,0.309826,0.586716,-0.253688,0
0.009802,-0.001626,-0.000729,0.004746,-0.001288,0,-0.407773,0.186284,0.309805,0.58666,-0.253663,0
0.009895,-0.001653,-0.000805,0.00486,-0.001338,0,-0.407741,0.186262,0.309783,0.586604,-0.253639,0
0.009989,-0.001679,-0.000882,0.004974,-0.001388,0,-0.40771,0.186241,0.309762,0.586548,-0.253614,0
0.010083,-0.001706,-0.000959,0.005088,-0.001438,0,-0.407678,0.186219,0.30974,0.586491,-0.25359,0
0.010177,-0.001732,-0.001035,0.005202,-0.001488,0,-0.407646,0.186198,0.309719,0.586435,-0.253565,0
0.01027,-0.001759,-0.001112,0.005316,-0.001537,0,-0.407614,0.186176,0.309697,0.586379,-0.253541,0
0.010364,-0.001785,-0.001189,0.00543,-0.001587,0,-0.407583,0.186155,0.309676,0.586323,-0.253516,0
0.010458,-0.001811,-0.001265,0.005544,-0.001637,0,-0.407551,0.186133,0.309654,0.586267,-0.253492,0
0.010551,-0.001838,-0.001342,0.005658,-0.001687,0,-0.407519,0.186112,0.309633,0.586211,-0.253467,0
0.010645,-0.001864,-0.001418,0.005771,-0.001737,0,-0.407487,0.18609,0.309611,0.586155,-0.253443,0
0.010739,-0.001891,-0.001495,0.005885,-0.001786,0,-0.407456,0.186069,0.30959,0.586098,-0.253418,0
0.010833,-0.001917,-0.001572,0.005999,-0.001836,0,-0.407424,0.186047,0.309569,0.586042,-0.253394,0
0.010926,-0.001944,-0.001648,0.006113,-0.001886,0,-0.407392,0.186026,0.309547,0.585986,-0.253369,0
0.01102,-0.00197,-0.001725,0.006227,-0.001936,0,-0.407361,0.186004,0.309526,0.58593,-0.253344,0
0.011114,-0.001996,-0.001801,0.006341,-0.001985,0,-0.407329,0.185983,0.309504,0.585874,-0.25332,0
0.011207,-0.002023,-0.001878,0.006455,-0.002035,0,-0.407297,0.185961,0.309483,0.585818,-0.253295,0
0.011301,-0.002049,-0.001955,0.006569,-0.002085,0,-0.407265,0.18594,0.309461,0.585762,-0.253271,0
0.011414,-0.002081,-0.002046,0.006706,-0.002145,0,-0.407226,0.185913,0.309434,0.585693,-0.253241,0
0.011565,-0.002124,-0.002168,0.006891,-0.002226,0,-0.407174,0.185876,0.309397,0.5856,-0.253201,0
0.011716,-0.002167,-0.002289,0.007075,-0.002308,0,-0.407121,0.185838,0.30936,0.585507,-0.253162,0
0.011868,-0.002209,-0.002411,0.007259,-0.002389,0,-0.407069,0.185801,0.309323,0.585414,-0.253122,0
0.012019,-0.002252,-0.002532,0.007443,-0.00247,0,-0.407016,0.185764,0.309286,0.585322,-0.253082,0
0.01217,-0.002294,-0.002654,0.007628,-0.002551,0,-0.406963,0.185727,0.309249,0.585229,-0.253043,0
0.012321,-0.002337,-0.002775,0.007812,-0.002632,0,-0.406911,0.18569,0.309212,0.585136,-0.253003,0
0.012472,-0.00238,-0.002897,0.007996,-0.002713,0,-0.406858,0.185653,0.309174,0.585043,-0.252964,0
0.012623,-0.002422,-0.003018,0.008181,-0.002794,0,-0.406806,0.185616,0.309137,0.58495,-0.252924,0
0.012775,-0.002465,-0.00314,0.008365,-0.002876,0,-0.406753,0.185579,0.3091,0.584858,-0.252884,0
0.012926,-0.002508,-0.003261,0.008549,-0.002957,0,-0.4067,0.185541,0.309063,0.584765,-0.252845,0
0.013077,-0.00255,-0.003383,0.008733,-0.003038,0,-0.406648,0.185504,0.309026,0.584672,-0.252805,0
0.013228,-0.002593,-0.003504,0.008918,-0.003119,0,-0.406595,0.185467,0.308989,0.584579,-0.252765,0
0.013379,-0.002636,-0.003626,0.009102,-0.0032,0,-0.406543,0.18543,0.308952,0.584487,-0.252726,0
0.013531,-0.002679,-0.003747,0.009286,-0.003281,0,-0.40649,0.185393,0.308915,0.584394,-0.252686,0
0.013682,-0.002721,-0.003869,0.009471,-0.003363,0,-0.406437,0.185356,0.308878,0.584301,-0.252647,0
0.013833,-0.002764,-0.00399,0.009655,-0.003444,0,-0.406385,0.185319,0.308841,0.584208,-0.252607,0
0.013984,-0.002807,-0.004112,0.009839,-0.003525,0,-0.406332,0.185281,0.308803,0.584116,-0.252567,0
0.014135,-0.002849,-0.004233,0.010024,-0.003606,0,-0.40628,0.185244,0.308766,0.584023,-0.252528,0
0.014287,-0.002892,-0.004355,0.010208,-0.003687,0,-0.406227,0.185207,0.308729,0.58393,-0.252488,0
0.014438,-0.002935,-0.004476,0.010392,-0.003768,0,-0.406175,0.18517,0.308692,0.583837,-0.252448,0
0.014589,-0.002977,-0.004598,0.010576,-0.003849,0,-0.406122,0.185133,0.308655,0.583745,-0.252409,0
0.01474,-0.00302,-0.004719,0.010761,-0.003931,0,-0.406069,0.185096,0.308618,0.583652,-0.252369,0
0.014891,-0.003063,-0.004841,0.010945,-0.004012,0,-0.406017,0.185059,0.308581,0.583559,-0.252329,0
0.015043,-0.003105,-0.004962,0.011129,-0.004093,0,-0.405964,0.185022,0.308544,0.583466,-0.25229,0
0.015194,-0.003148,-0.005084,0.011313,-0.004174,0,-0.405912,0.184984,0.308507,0.583373,-0.25225,0
0.015345,-0.003191,-0.005205,0.011498,-0.004255,0,-0.405859,0.184947,0.30847,0.583281,-0.252211,0
0.015496,-0.003233,-0.005326,0.011682,-0.004336,0,-0.405807,0.18491,0.308432,0.583188,-0.252171,0
0.015647,-0.003276,-0.005448,0.011866,-0.004417,0,-0.405754,0.184873,0.308395,0.583095,-0.252131,0
0.015798,-0.003319,-0.005569,0.012051,-0.004499,0,-0.405701,0.184836,0.308358,0.583002,-0.252092,0
0.01595,-0.003361,-0.005691,0.012235,-0.00458,0,-0.405649,0.184799,0.308321,0.58291,-0.252052,0
0.016101,-0.003404,-0.005812,0.012419,-0.004661,0,-0.405596,0.184762,0.308284,0.582817,-0.252012,0
0.016252,-0.003447,-0.005934,0.012603,-0.004742,0,-0.405544,0.184724,0.308247,0.582724,-0.251973,0
0.016403,-0.003489,-0.006055,0.012788,-0.004823,0,-0.405491,0.184687,0.30821,0.582631,-0.251933,0
0.016605,-0.003546,-0.006222,0.013037,-0.004932,0,-0.405417,0.184638,0.308159,0.582501,-0.25188,0
0.016807,-0.003603,-0.006388,0.013286,-0.005041,0,-0.405344,0.184589,0.308108,0.582372,-0.251827,0
0.017009,-0.00366,-0.006555,0.013535,-0.00515,0,-0.40527,0.18454,0.308057,0.582243,-0.251774,0
0.017211,-0.003717,-0.006721,0.013784,-0.005259,0,-0.405197,0.184491,0.308007,0.582113,-0.251722,0
0.017413,-0.003774,-0.006888,0.014033,-0.005367,0,-0.405123,0.184443,0.307956,0.581984,-0.251669,0
0.017615,-0.003831,-0.007054,0.014283,-0.005476,0,-0.40505,0.184394,0.307905,0.581855,-0.251616,0
0.017817,-0.003888,-0.00722,0.014532,-0.005585,0,-0.404977,0.184345,0.307854,0.581726,-0.251563,0
0.018019,-0.003944,-0.007387,0.014781,-0.005694,0,-0.404903,0.184296,0.307804,0.581596,-0.25151,0
0.018221,-0.004001,-0.007553,0.01503,-0.005803,0,-0.40483,0.184247,0.307753,0.581467,-0.251457,0
0.018423,-0.004058,-0.00772,0.015279,-0.005912,0,-0.404756,0.184198,0.307702,0.581338,-0.251405,0
0.018625,-0.004115,-0.007886,0.015528,-0.00602,0,-0.404683,0.184149,0.307651,0.581208,-0.251352,0
0.018827,-0.004172,-0.008053,0.015777,-0.006129,0,-0.40461,0.1841,0.307601,0.581079,-0.251299,0
0.019029,-0.004229,-0.008219,0.016026,-0.006238,0,-0.404536,0.184052,0.30755,0.58095,-0.251246,0
0.019231,-0.004286,-0.008386,0.016276,-0.006347,0,-0.404463,0.184003,0.307499,0.58082,-0.251193,0
0.019433,-0.004343,-0.008552,0.016525,-0.006456,0,-0.404389,0.183954,0.307448,0.580691,-0.25114,0
0.019635,-0.004399,-0.008718,0.016774,-0.006565,0,-0.404316,0.183905,0.307398,0.580562,-0.251088,0
0.019837,-0.004456,-0.008885,0.017023,-0.006673,0,-0.404243,0.183856,0.307347,0.580432,-0.251035,0
0.020039,-0.004513,-0.009051,0.017272,-0.006782,0,-0.404169,0.183807,0.307296,0.580303,-0.250982,0
0.020241,-0.00457,-0.009218,0.017521,-0.006891,0,-0.404096,0.183758,0.307245,0.580174,-0.250929,0
0.020443,-0.004627,-0.009384,0.01777,-0.007,0,-0.404022,0.183709,0.307195,0.580045,-0.250876,0
0.020645,-0.004684,-0.009551,0.01802,-0.007109,0,-0.403949,0.183661,0.307144,0.579915,-0.250823,0
0.020847,-0.004741,-0.009717,0.018269,-0.007218,0,-0.403876,0.183612,0.307093,0.579786,-0.250771,0
0.021049,-0.004798,-0.009883,0.018518,-0.007326,0,-0.403802,0.183563,0.307042,0.579657,-0.250718,0
0.021251,-0.004854,-0.01005,0.018767,-0.007435,0,-0.403729,0.183514,0.306992,0.579527,-0.250665,0
0.021453,-0.004911,-0.010216,0.019016,-0.007544,0,-0.403655,0.183465,0.306941,0.579398,-0.250612,0
0.021655,-0.004968,-0.010383,0.019265,-0.007653,0,-0.403582,0.183416,0.30689,0.579269,-0.250559,0
0.021857,-0.005025,-0.010549,0.019514,-0.007762,0,-0.403508,0.183367,0.306839,0.57914,-0.250506,0
0.022059,-0.005082,-0.010716,0.019764,-0.007871,0,-0.403435,0.183318,0.306788,0.57901,-0.250454,0
0.022261,-0.005139,-0.010882,0.020013,-0.007979,0,-0.403362,0.18327,0.306738,0.578881,-0.250401,0
0.022463,-0.005196,-0.011048,0.020262,-0.008088,0,-0.403288,0.183221,0.306687,0.578752,-0.250348,0
0.022665,-0.005253,-0.011215,0.020511,-0.008197,0,-0.403215,0.183172,0.306636,0.578622,-0.250295,0
0.022867,-0.005309,-0.011381,0.02076,-0.008306,0,-0.403141,0.183123,0.306586,0.578493,-0.250242,0
0.023069,-0.005366,-0.011548,0.021009,-0.008415,0,-0.403068,0.183074,0.306535,0.578364,-0.250189,0
0.023303,-0.005433,-0.011738,0.021297,-0.008542,0,-0.402983,0.183016,0.306475,0.578214,-0.250126,0
0.023553,-0.005504,-0.01194,0.021603,-0.008679,0,-0.402892,0.182953,0.30641,0.578055,-0.250058,0
0.023802,-0.005575,-0.012142,0.02191,-0.008815,0,-0.402802,0.18289,0.306346,0.577896,-0.24999,0
0.024052,-0.005646,-0.012344,0.022216,-0.008952,0,-0.402711,0.182828,0.306281,0.577736,-0.249923,0
0.024302,-0.005717,-0.012546,0.022523,-0.009088,0,-0.402621,0.182765,0.306217,0.577577,-0.249855,0
0.024551,-0.005788,-0.012748,0.02283,-0.009225,0,-0.40253,0.182703,0.306153,0.577418,-0.249787,0
0.024801,-0.005859,-0.012951,0.023136,-0.009361,0,-0.40244,0.18264,0.306088,0.577259,-0.249719,0
0.02505,-0.00593,-0.013153,0.023443,-0.009498,0,-0.402349,0.182578,0.306024,0.577099,-0.249651,0
0.0253,-0.006001,-0.013355,0.023749,-0.009634,0,-0.402259,0.182515,0.305959,0.57694,-0.249583,0
0.025549,-0.006072,-0.013557,0.024056,-0.009771,0,-0.402168,0.182452,0.305895,0.576781,-0.249515,0
0.025799,-0.006143,-0.013759,0.024363,-0.009908,0,-0.402078,0.18239,0.305831,0.576622,-0.249447,0
0.026049,-0.006214,-0.013961,0.024669,-0.010044,0,-0.401987,0.182327,0.305766,0.576462,-0.249379,0
0.026298,-0.006285,-0.014163,0.024976,-0.010181,0,-0.401896,0.182265,0.305702,0.576303,-0.249311,0
0.026548,-0.006356,-0.014365,0.025282,-0.010317,0,-0.401806,0.182202,0.305638,0.576144,-0.249243,0
0.026797,-0.006428,-0.014567,0.025589,-0.010454,0,-0.401715,0.182139,0.305573,0.575985,-0.249176,0
0.027047,-0.006499,-0.014769,0.025896,-0.01059,0,-0.401625,0.182077,0.305509,0.575825,-0.249108,0
0.027297,-0.00657,-0.014972,0.026202,-0.010727,0,-0.401534,0.182014,0.305444,0.575666,-0.24904,0
0.027546,-0.006641,-0.015174,0.026509,-0.010863,0,-0.401444,0.181952,0.30538,0.575507,-0.248972,0
0.027796,-0.006712,-0.015376,0.026815,-0.011,0,-0.401353,0.181889,0.305316,0.575348,-0.248904,0
0.028045,-0.006783,-0.015578,0.027122,-0.011136,0,-0.401263,0.181827,0.305251,0.575189,-0.248836,0
0.028295,-0.006854,-0.01578,0.027429,-0.011273,0,-0.401172,0.181764,0.305187,0.575029,-0.248768,0
0.028545,-0.006925,-0.015982,0.027735,-0.011409,0,-0.401082,0.181701,0.305122,0.57487,-0.2487,0
0.028794,-0.006996,-0.016184,0.028042,-0.011546,0,-0.400991,0.181639,0.305058,0.574711,-0.248632,0
0.029044,-0.007067,-0.016386,0.028348,-0.011683,0,-0.400901,0.181576,0.304994,0.574552,-0.248564,0
0.029293,-0.007138,-0.016588,0.028655,-0.011819,0,-0.40081,0.181514,0.304929,0.574392,-0.248496,0
0.029543,-0.007209,-0.01679,0.028961,-0.011956,0,-0.400719,0.181451,0.304865,0.574233,-0.248429,0
0.029793,-0.00728,-0.016992,0.029268,-0.012092,0,-0.400629,0.181388,0.3048,0.574074,-0.248361,0
0.030042,-0.007351,-0.017195,0.029575,-0.012229,0,-0.400538,0.181326,0.304736,0.573915,-0.248293,0
0.030292,-0.007422,-0.017397,0.029881,-0.012365,0,-0.400448,0.181263,0.304672,0.573756,-0.248225,0
0.030541,-0.007493,-0.017599,0.030188,-0.012502,0,-0.400357,0.181201,0.304607,0.573596,-0.248157,0
0.030791,-0.007564,-0.017801,0.030494,-0.012638,0,-0.400267,0.181138,0.304543,0.573437,-0.248089,0
0.031041,-0.007636,-0.018003,0.030801,-0.012775,0,-0.400176,0.181075,0.304478,0.573278,-0.248021,0
0.03129,-0.007707,-0.018205,0.031108,-0.012911,0,-0.400086,0.181013,0.304414,0.573119,-0.247953,0
0.031553,-0.007782,-0.018418,0.031431,-0.013055,0,-0.399989,0.180946,0.304345,0.572947,-0.24788,0
0.031841,-0.007868,-0.018654,0.03179,-0.013212,0,-0.399881,0.180872,0.304267,0.572754,-0.247797,0
0.032129,-0.007953,-0.01889,0.032149,-0.013368,0,-0.399774,0.180797,0.304189,0.572561,-0.247714,0
0.032417,-0.008038,-0.019126,0.032507,-0.013525,0,-0.399666,0.180723,0.304111,0.572368,-0.247631,0
0.032705,-0.008123,-0.019362,0.032866,-0.013682,0,-0.399558,0.180649,0.304033,0.572174,-0.247548,0
0.032993,-0.008208,-0.019598,0.033224,-0.013839,0,-0.399451,0.180574,0.303955,0.571981,-0.247465,0
0.033281,-0.008294,-0.019834,0.033583,-0.013996,0,-0.399343,0.1805,0.303877,0.571788,-0.247382,0
0.033569,-0.008379,-0.02007,0.033941,-0.014153,0,-0.399235,0.180426,0.303799,0.571594,-0.247299,0
0.033857,-0.008464,-0.020306,0.0343,-0.01431,0,-0.399128,0.180351,0.303721,0.571401,-0.247216,0
0.034145,-0.008549,-0.020542,0.034659,-0.014467,0,-0.39902,0.180277,0.303643,0.571208,-0.247133,0
0.034433,-0.008635,-0.020778,0.035017,-0.014624,0,-0.398912,0.180203,0.303565,0.571014,-0.24705,0
0.034721,-0.00872,-0.021014,0.035376,-0.01478,0,-0.398804,0.180128,0.303487,0.570821,-0.246967,0
0.035009,-0.008805,-0.02125,0.035734,-0.014937,0,-0.398697,0.180054,0.303409,0.570628,-0.246884,0
0.035297,-0.00889,-0.021486,0.036093,-0.015094,0,-0.398589,0.17998,0.303331,0.570435,-0.246801,0
0.035585,-0.008975,-0.021722,0.036451,-0.015251,0,-0.398481,0.179905,0.303252,0.570241,-0.246718,0
0.035873,-0.009061,-0.021958,0.03681,-0.015408,0,-0.398374,0.179831,0.303175,0.570048,-0.246635,0
0.036161,-0.009146,-0.022194,0.037169,-0.015565,0,-0.398266,0.179756,0.303096,0.569854,-0.246552,0
0.036449,-0.009231,-0.02243,0.037527,-0.015722,0,-0.398158,0.179682,0.303019,0.569661,-0.246469,0
0.036737,-0.009316,-0.022666,0.037886,-0.015879,0,-0.398051,0.179608,0.30294,0.569468,-0.246386,0
0.037025,-0.009402,-0.022902,0.038244,-0.016036,0,-0.397943,0.179533,0.302862,0.569275,-0.246303,0
0.037313,-0.009487,-0.023138,0.038603,-0.016192,0,-0.397835,0.179459,0.302784,0.569081,-0.24622,0
0.037601,-0.009572,-0.023374,0.038962,-0.016349,0,-0.397727,0.179385,0.302706,0.568888,-0.246137,0
0.037889,-0.009657,-0.02361,0.03932,-0.016506,0,-0.39762,0.17931,0.302628,0.568695,-0.246054,0
0.038177,-0.009743,-0.023846,0.039679,-0.016663,0,-0.397512,0.179236,0.30255,0.568501,-0.245971,0
0.038465,-0.009828,-0.024081,0.040037,-0.01682,0,-0.397404,0.179162,0.302472,0.568308,-0.245888,0
0.038753,-0.009913,-0.024317,0.040396,-0.016977,0,-0.397297,0.179087,0.302394,0.568115,-0.245806,0
0.039041,-0.009998,-0.024553,0.040754,-0.017134,0,-0.397189,0.179013,0.302316,0.567921,-0.245722,0
0.039329,-0.010083,-0.024789,0.041113,-0.017291,0,-0.397081,0.178939,0.302238,0.567728,-0.245639,0
0.039617,-0.010169,-0.025025,0.041472,-0.017447,0,-0.396974,0.178864,0.30216,0.567535,-0.245557,0
0.039905,-0.010254,-0.025261,0.04183,-0.017604,0,-0.396866,0.17879,0.302082,0.567342,-0.245474,0
0.040193,-0.010339,-0.025497,0.042189,-0.017761,0,-0.396758,0.178716,0.302004,0.567148,-0.245391,0
0.040481,-0.010424,-0.025733,0.042547,-0.017918,0,-0.39665,0.178641,0.301926,0.566955,-0.245308,0
0.040769,-0.010509,-0.025969,0.042906,-0.018075,0,-0.396543,0.178567,0.301848,0.566762,-0.245225,0
0.041057,-0.010595,-0.026205,0.043265,-0.018232,0,-0.396435,0.178492,0.30177,0.566568,-0.245141,0
0.041381,-0.010694,-0.026468,0.04367,-0.018411,0,-0.396307,0.178406,0.30168,0.566345,-0.245047,0
0.041706,-0.010793,-0.02673,0.044075,-0.01859,0,-0.39618,0.17832,0.301591,0.566122,-0.244953,0
0.042031,-0.010893,-0.026992,0.04448,-0.018769,0,-0.396052,0.178234,0.301501,0.565899,-0.244859,0
0.042356,-0.010992,-0.027255,0.044885,-0.018948,0,-0.395925,0.178148,0.301411,0.565676,-0.244764,0
0.042681,-0.011091,-0.027517,0.04529,-0.019127,0,-0.395797,0.178061,0.301321,0.565453,-0.24467,0
0.043006,-0.011191,-0.02778,0.045695,-0.019307,0,-0.39567,0.177975,0.301232,0.56523,-0.244576,0
0.043331,-0.01129,-0.028042,0.0461,-0.019486,0,-0.395542,0.177889,0.301142,0.565007,-0.244482,0
0.043655,-0.011389,-0.028304,0.046506,-0.019665,0,-0.395415,0.177803,0.301053,0.564784,-0.244387,0
0.04398,-0.011489,-0.028567,0.046911,-0.019844,0,-0.395287,0.177717,0.300963,0.564562,-0.244293,0
0.044305,-0.011588,-0.028829,0.047316,-0.020023,0,-0.39516,0.177631,0.300873,0.564339,-0.244199,0
0.04463,-0.011688,-0.029092,0.047721,-0.020202,0,-0.395032,0.177545,0.300783,0.564116,-0.244105,0
0.044955,-0.011787,-0.029354,0.048126,-0.020381,0,-0.394905,0.177458,0.300694,0.563893,-0.24401,0
0.04528,-0.011886,-0.029616,0.048531,-0.02056,0,-0.394778,0.177372,0.300604,0.56367,-0.243916,0
0.045605,-0.011986,-0.029879,0.048936,-0.020739,0,-0.39465,0.177286,0.300514,0.563447,-0.243822,0
0.04593,-0.012085,-0.030141,0.049341,-0.020918,0,-0.394523,0.1772,0.300425,0.563224,-0.243728,0
0.046254,-0.012184,-0.030404,0.049746,-0.021097,0,-0.394395,0.177114,0.300335,0.563001,-0.243633,0
0.046579,-0.012284,-0.030666,0.050152,-0.021277,0,-0.394268,0.177028,0.300245,0.562778,-0.243539,0
0.046904,-0.012383,-0.030929,0.050557,-0.021456,0,-0.39414,0.176942,0.300156,0.562556,-0.243445,0
0.047229,-0.012482,-0.031191,0.050962,-0.021635,0,-0.394013,0.176855,0.300066,0.562333,-0.243351,0
0.047554,-0.012582,-0.031453,0.051367,-0.021814,0,-0.393885,0.176769,0.299976,0.56211,-0.243256,0
0.047879,-0.012681,-0.031716,0.051772,-0.021993,0,-0.393758,0.176683,0.299887,0.561887,-0.243162,0
0.048204,-0.01278,-0.031978,0.052177,-0.022172,0,-0.39363,0.176597,0.299797,0.561664,-0.243068,0
0.048528,-0.01288,-0.032241,0.052582,-0.022351,0,-0.393503,0.176511,0.299707,0.561441,-0.242974,0
0.048853,-0.012979,-0.032503,0.052987,-0.02253,0,-0.393375,0.176425,0.299618,0.561218,-0.242879,0
0.049178,-0.013078,-0.032766,0.053392,-0.022709,0,-0.393248,0.176339,0.299528,0.560995,-0.242785,0
0.049503,-0.013178,-0.033028,0.053798,-0.022888,0,-0.39312,0.176253,0.299438,0.560772,-0.242691,0
0.049828,-0.013277,-0.03329,0.054203,-0.023068,0,-0.392993,0.176166,0.299349,0.560549,-0.242597,0
0.050153,-0.013377,-0.033553,0.054608,-0.023247,0,-0.392865,0.17608,0.299259,0.560326,-0.242502,0
0.050478,-0.013476,-0.033815,0.055013,-0.023426,0,-0.392738,0.175994,0.299169,0.560103,-0.242408,0
0.050803,-0.013575,-0.034078,0.055418,-0.023605,0,-0.392611,0.175908,0.29908,0.559881,-0.242314,0
0.051127,-0.013675,-0.03434,0.055823,-0.023784,0,-0.392483,0.175822,0.29899,0.559658,-0.242219,0
0.051452,-0.013774,-0.034602,0.056228,-0.023963,0,-0.392356,0.175736,0.2989,0.559435,-0.242125,0
0.051777,-0.013873,-0.034865,0.056633,-0.024142,0,-0.392228,0.17565,0.298811,0.559212,-0.242031,0
0.05212,-0.013979,-0.035144,0.057064,-0.024332,0,-0.392088,0.175557,0.298712,0.558969,-0.241928,0
0.052472,-0.014089,-0.035431,0.057509,-0.024528,0,-0.391943,0.175461,0.298608,0.558716,-0.24182,0
0.052823,-0.014198,-0.035718,0.057953,-0.024724,0,-0.391798,0.175365,0.298505,0.558464,-0.241713,0
0.053175,-0.014308,-0.036005,0.058397,-0.02492,0,-0.391652,0.175269,0.298402,0.558212,-0.241605,0
0.053527,-0.014417,-0.036292,0.058842,-0.025116,0,-0.391507,0.175173,0.298299,0.557959,-0.241498,0
0.053879,-0.014526,-0.036579,0.059286,-0.025311,0,-0.391361,0.175077,0.298195,0.557707,-0.241391,0
0.05423,-0.014636,-0.036866,0.05973,-0.025507,0,-0.391216,0.174981,0.298092,0.557455,-0.241283,0
0.054582,-0.014745,-0.037153,0.060174,-0.025703,0,-0.391071,0.174885,0.297989,0.557202,-0.241176,0
0.054934,-0.014854,-0.03744,0.060619,-0.025899,0,-0.390925,0.174789,0.297885,0.55695,-0.241068,0
0.055285,-0.014964,-0.037727,0.061063,-0.026094,0,-0.39078,0.174693,0.297782,0.556698,-0.240961,0
0.055637,-0.015073,-0.038014,0.061507,-0.02629,0,-0.390634,0.174597,0.297679,0.556446,-0.240853,0
0.055989,-0.015183,-0.038301,0.061952,-0.026486,0,-0.390489,0.174501,0.297576,0.556193,-0.240746,0
0.056341,-0.015292,-0.038588,0.062396,-0.026682,0,-0.390344,0.174405,0.297472,0.555941,-0.240639,0
0.056692,-0.015401,-0.038876,0.06284,-0.026878,0,-0.390198,0.174309,0.297369,0.555689,-0.240531,0
0.057044,-0.015511,-0.039163,0.063285,-0.027073,0,-0.390053,0.174213,0.297266,0.555436,-0.240424,0
0.057396,-0.01562,-0.03945,0.063729,-0.027269,0,-0.389907,0.174117,0.297163,0.555184,-0.240316,0
0.057748,-0.01573,-0.039737,0.064173,-0.027465,0,-0.389762,0.174021,0.297059,0.554932,-0.240209,0
0.058099,-0.015839,-0.040024,0.064617,-0.027661,0,-0.389617,0.173925,0.296956,0.55468,-0.240102,0
0.058451,-0.015948,-0.040311,0.065062,-0.027857,0,-0.389471,0.173829,0.296853,0.554427,-0.239994,0
0.058803,-0.016058,-0.040598,0.065506,-0.028052,0,-0.389326,0.173733,0.29675,0.554175,-0.239887,0
0.059154,-0.016167,-0.040885,0.06595,-0.028248,0,-0.38918,0.173637,0.296646,0.553923,-0.239779,0
0.059506,-0.016277,-0.041172,0.066394,-0.028444,0,-0.389035,0.173541,0.296543,0.55367,-0.239672,0
0.059858,-0.016386,-0.041459,0.066839,-0.02864,0,-0.38889,0.173445,0.29644,0.553418,-0.239565,0
0.06021,-0.016495,-0.041746,0.067283,-0.028836,0,-0.388744,0.173349,0.296337,0.553166,-0.239457,0
0.060561,-0.016605,-0.042033,0.067727,-0.029031,0,-0.388599,0.173253,0.296233,0.552913,-0.23935,0
0.060913,-0.016714,-0.04232,0.068172,-0.029227,0,-0.388453,0.173157,0.29613,0.552661,-0.239242,0
0.061265,-0.016824,-0.042607,0.068616,-0.029423,0,-0.388308,0.173061,0.296027,0.552409,-0.239135,0
0.061616,-0.016933,-0.042895,0.06906,-0.029619,0,-0.388163,0.172965,0.295924,0.552156,-0.239028,0
0.061968,-0.017042,-0.043182,0.069504,-0.029815,0,-0.388017,0.172869,0.29582,0.551904,-0.23892,0
0.06232,-0.017152,-0.043469,0.069949,-0.03001,0,-0.387872,0.172773,0.295717,0.551652,-0.238813,0
0.062672,-0.017261,-0.043756,0.070393,-0.030206,0,-0.387727,0.172677,0.295614,0.5514,-0.238705,0
0.063023,-0.017371,-0.044043,0.070837,-0.030402,0,-0.387581,0.172581,0.29551,0.551147,-0.238598,0
0.063375,-0.01748,-0.04433,0.071281,-0.030598,0,-0.387436,0.172485,0.295407,0.550895,-0.238491,0
0.063735,-0.017593,-0.044623,0.071737,-0.030798,0,-0.387285,0.172385,0.2953,0.550632,-0.238379,0
0.06411,-0.017715,-0.044927,0.072215,-0.031007,0,-0.387123,0.172277,0.295185,0.550351,-0.23826,0
0.064485,-0.017836,-0.045231,0.072693,-0.031215,0,-0.386962,0.172169,0.29507,0.550069,-0.238142,0
0.06486,-0.017958,-0.045536,0.073171,-0.031424,0,-0.3868,0.172062,0.294955,0.549788,-0.238023,0
0.065236,-0.018079,-0.04584,0.073649,-0.031633,0,-0.386639,0.171954,0.29484,0.549506,-0.237904,0
0.065611,-0.018201,-0.046144,0.074127,-0.031842,0,-0.386477,0.171846,0.294725,0.549225,-0.237786,0
0.065986,-0.018322,-0.046448,0.074605,-0.032051,0,-0.386316,0.171738,0.29461,0.548943,-0.237667,0
0.066361,-0.018443,-0.046753,0.075083,-0.03226,0,-0.386154,0.17163,0.294496,0.548662,-0.237548,0
0.066737,-0.018565,-0.047057,0.075561,-0.032468,0,-0.385993,0.171523,0.294381,0.54838,-0.23743,0
0.067112,-0.018686,-0.047361,0.076039,-0.032677,0,-0.385831,0.171415,0.294266,0.548099,-0.237311,0
0.067487,-0.018808,-0.047666,0.076517,-0.032886,0,-0.38567,0.171307,0.294151,0.547817,-0.237192,0
0.067863,-0.018929,-0.04797,0.076995,-0.033095,0,-0.385508,0.171199,0.294036,0.547536,-0.237074,0
0.068238,-0.019051,-0.048274,0.077473,-0.033304,0,-0.385347,0.171091,0.293921,0.547254,-0.236955,0
0.068613,-0.019172,-0.048578,0.077951,-0.033512,0,-0.385186,0.170983,0.293806,0.546973,-0.236836,0
0.068988,-0.019294,-0.048883,0.078429,-0.033721,0,-0.385024,0.170876,0.293691,0.546691,-0.236718,0
0.069364,-0.019415,-0.049187,0.078906,-0.03393,0,-0.384863,0.170768,0.293576,0.54641,-0.236599,0
0.069739,-0.019536,-0.049491,0.079384,-0.034139,0,-0.384701,0.17066,0.293462,0.546128,-0.23648,0
0.070114,-0.019658,-0.049796,0.079862,-0.034348,0,-0.38454,0.170552,0.293347,0.545847,-0.236362,0
0.070489,-0.019779,-0.0501,0.08034,-0.034557,0,-0.384378,0.170445,0.293232,0.545565,-0.236243,0
0.070865,-0.019901,-0.050404,0.080818,-0.034765,0,-0.384217,0.170337,0.293117,0.545284,-0.236124,0
0.07124,-0.020022,-0.050709,0.081296,-0.034974,0,-0.384055,0.170229,0.293002,0.545002,-0.236006,0
0.071615,-0.020144,-0.051013,0.081774,-0.035183,0,-0.383894,0.170121,0.292887,0.544721,-0.235887,0
0.071991,-0.020265,-0.051317,0.082252,-0.035392,0,-0.383732,0.170013,0.292772,0.544439,-0.235768,0
0.072366,-0.020387,-0.051621,0.08273,-0.035601,0,-0.383571,0.169905,0.292657,0.544158,-0.23565,0
0.072741,-0.020508,-0.051926,0.083208,-0.035809,0,-0.383409,0.169798,0.292543,0.543876,-0.235531,0
0.073116,-0.020629,-0.05223,0.083686,-0.036018,0,-0.383248,0.16969,0.292428,0.543595,-0.235413,0
0.073492,-0.020751,-0.052534,0.084164,-0.036227,0,-0.383086,0.169582,0.292313,0.543313,-0.235294,0
0.073867,-0.020872,-0.052839,0.084642,-0.036436,0,-0.382925,0.169474,0.292198,0.543032,-0.235175,0
0.074242,-0.020994,-0.053143,0.08512,-0.036645,0,-0.382764,0.169366,0.292083,0.54275,-0.235057,0
0.074617,-0.021115,-0.053447,0.085598,-0.036854,0,-0.382602,0.169259,0.291968,0.542469,-0.234938,0
0.074993,-0.021237,-0.053751,0.086076,-0.037062,0,-0.382441,0.169151,0.291853,0.542188,-0.234819,0
0.075368,-0.021358,-0.054056,0.086554,-0.037271,0,-0.382279,0.169043,0.291739,0.541906,-0.234701,0
0.075743,-0.02148,-0.05436,0.087032,-0.03748,0,-0.382118,0.168935,0.291624,0.541625,-0.234582,0
0.076118,-0.021601,-0.054664,0.08751,-0.037689,0,-0.381956,0.168827,0.291508,0.541342,-0.234463,0
0.076511,-0.021732,-0.054982,0.088016,-0.037913,0,-0.381778,0.168712,0.291382,0.541036,-0.234331,0
0.076904,-0.021864,-0.0553,0.088522,-0.038136,0,-0.381601,0.168596,0.291256,0.54073,-0.234199,0
0.077297,-0.021995,-0.055618,0.089028,-0.03836,0,-0.381423,0.16848,0.291129,0.540424,-0.234068,0
0.07769,-0.022127,-0.055936,0.089535,-0.038584,0,-0.381246,0.168364,0.291003,0.540118,-0.233936,0
0.078083,-0.022258,-0.056253,0.090041,-0.038807,0,-0.381068,0.168249,0.290876,0.539811,-0.233804,0
0.078476,-0.02239,-0.056571,0.090547,-0.039031,0,-0.380891,0.168133,0.29075,0.539505,-0.233672,0
0.078869,-0.022521,-0.056889,0.091053,-0.039255,0,-0.380713,0.168017,0.290623,0.539199,-0.23354,0
0.079262,-0.022652,-0.057207,0.091559,-0.039478,0,-0.380536,0.167901,0.290497,0.538893,-0.233409,0
0.079656,-0.022784,-0.057525,0.092065,-0.039702,0,-0.380358,0.167786,0.29037,0.538587,-0.233277,0
0.080049,-0.022915,-0.057843,0.092572,-0.039926,0,-0.380181,0.16767,0.290244,0.538281,-0.233145,0
0.080441,-0.023047,-0.05816,0.093078,-0.04015,0,-0.380003,0.167554,0.290117,0.537974,-0.233013,0
0.080834,-0.023178,-0.058478,0.093584,-0.040373,0,-0.379826,0.167438,0.289991,0.537668,-0.232881,0
0.081228,-0.02331,-0.058796,0.09409,-0.040597,0,-0.379648,0.167323,0.289864,0.537362,-0.23275,0
0.08162,-0.023441,-0.059114,0.094596,-0.040821,0,-0.379471,0.167207,0.289738,0.537056,-0.232618,0
0.082013,-0.023573,-0.059432,0.095102,-0.041044,0,-0.379294,0.167091,0.289612,0.53675,-0.232486,0
0.082406,-0.023704,-0.05975,0.095609,-0.041268,0,-0.379116,0.166976,0.289485,0.536444,-0.232354,0
0.082799,-0.023835,-0.060067,0.096115,-0.041492,0,-0.378938,0.16686,0.289359,0.536137,-0.232223,0
0.083193,-0.023967,-0.060385,0.096621,-0.041716,0,-0.378761,0.166744,0.289232,0.535831,-0.232091,0
0.083585,-0.024098,-0.060703,0.097127,-0.041939,0,-0.378584,0.166628,0.289106,0.535525,-0.231959,0
0.083978,-0.02423,-0.061021,0.097633,-0.042163,0,-0.378406,0.166513,0.288979,0.535219,-0.231827,0
0.084371,-0.024361,-0.061339,0.098139,-0.042387,0,-0.378229,0.166397,0.288853,0.534913,-0.231695,0
0.084765,-0.024492,-0.061656,0.098646,-0.04261,0,-0.378051,0.166281,0.288726,0.534606,-0.231564,0
0.085158,-0.024624,-0.061974,0.099152,-0.042834,0,-0.377874,0.166166,0.2886,0.5343,-0.231432,0
0.08555,-0.024755,-0.062292,0.099658,-0.043058,0,-0.377696,0.16605,0.288473,0.533994,-0.2313,0
0.085943,-0.024887,-0.06261,0.100164,-0.043282,0,-0.377519,0.165934,0.288347,0.533688,-0.231168,0
0.086337,-0.025018,-0.062928,0.10067,-0.043505,0,-0.377341,0.165818,0.28822,0.533382,-0.231037,0
0.08673,-0.02515,-0.063246,0.101176,-0.043729,0,-0.377164,0.165703,0.288094,0.533076,-0.230905,0
0.087123,-0.025281,-0.063563,0.101683,-0.043953,0,-0.376986,0.165587,0.287967,0.532769,-0.230773,0
0.087515,-0.025413,-0.063881,0.102189,-0.044176,0,-0.376809,0.165471,0.287841,0.532463,-0.230641,0
0.087909,-0.025544,-0.064199,0.102695,-0.0444,0,-0.376631,0.165355,0.287714,0.532157,-0.230509,0
0.088302,-0.025675,-0.064517,0.103201,-0.044624,0,-0.376454,0.16524,0.287588,0.531851,-0.230378,0
0.088694,-0.025807,-0.064835,0.103707,-0.044848,0,-0.376276,0.165124,0.287462,0.531545,-0.230246,0
0.089087,-0.025938,-0.065152,0.104213,-0.045071,0,-0.376099,0.165008,0.287335,0.531239,-0.230114,0
0.08949,-0.026076,-0.065478,0.104736,-0.0453,0,-0.375909,0.164886,0.287199,0.530914,-0.229976,0
0.089898,-0.026218,-0.065808,0.105267,-0.045531,0,-0.375714,0.16476,0.287059,0.530581,-0.229835,0
0.090305,-0.026359,-0.066137,0.105797,-0.045762,0,-0.375519,0.164634,0.286919,0.530248,-0.229694,0
0.090713,-0.026501,-0.066467,0.106328,-0.045994,0,-0.375323,0.164509,0.286779,0.529915,-0.229553,0
0.09112,-0.026642,-0.066796,0.106859,-0.046225,0,-0.375128,0.164383,0.286639,0.529583,-0.229411,0
0.091527,-0.026783,-0.067126,0.10739,-0.046456,0,-0.374933,0.164257,0.286499,0.52925,-0.22927,0
0.091935,-0.026925,-0.067455,0.10792,-0.046687,0,-0.374738,0.164132,0.286359,0.528917,-0.229129,0
0.092342,-0.027066,-0.067785,0.108451,-0.046919,0,-0.374543,0.164006,0.286219,0.528584,-0.228988,0
0.09275,-0.027207,-0.068114,0.108982,-0.04715,0,-0.374347,0.16388,0.286079,0.528251,-0.228847,0
0.093157,-0.027349,-0.068444,0.109513,-0.047381,0,-0.374152,0.163755,0.285939,0.527919,-0.228706,0
0.093565,-0.02749,-0.068773,0.110044,-0.047612,0,-0.373957,0.163629,0.285799,0.527586,-0.228565,0
0.093972,-0.027632,-0.069103,0.110574,-0.047843,0,-0.373762,0.163504,0.28566,0.527253,-0.228424,0
0.09438,-0.027773,-0.069432,0.111105,-0.048075,0,-0.373566,0.163378,0.28552,0.52692,-0.228282,0
0.094787,-0.027914,-0.069762,0.111636,-0.048306,0,-0.373371,0.163252,0.28538,0.526588,-0.228141,0
0.095195,-0.028056,-0.070091,0.112167,-0.048537,0,-0.373176,0.163127,0.28524,0.526255,-0.228,0
0.095602,-0.028197,-0.070421,0.112697,-0.048768,0,-0.372981,0.163001,0.2851,0.525922,-0.227859,0
0.09601,-0.028339,-0.07075,0.113228,-0.049,0,-0.372786,0.162875,0.28496,0.525589,-0.227718,0
0.096417,-0.02848,-0.07108,0.113759,-0.049231,0,-0.37259,0.16275,0.28482,0.525256,-0.227577,0
0.096824,-0.028621,-0.07141,0.11429,-0.049462,0,-0.372395,0.162624,0.28468,0.524924,-0.227436,0
0.097232,-0.028763,-0.071739,0.11482,-0.049693,0,-0.3722,0.162499,0.28454,0.524591,-0.227295,0
0.097639,-0.028904,-0.072069,0.115351,-0.049925,0,-0.372005,0.162373,0.2844,0.524258,-0.227154,0
0.098047,-0.029046,-0.072398,0.115882,-0.050156,0,-0.371809,0.162247,0.28426,0.523925,-0.227012,0
0.098454,-0.029187,-0.072728,0.116413,-0.050387,0,-0.371614,0.162122,0.28412,0.523593,-0.226871,0
0.098862,-0.029328,-0.073057,0.116943,-0.050618,0,-0.371419,0.161996,0.28398,0.52326,-0.22673,0
0.099269,-0.02947,-0.073387,0.117474,-0.050849,0,-0.371224,0.16187,0.28384,0.522927,-0.226589,0
0.099677,-0.029611,-0.073716,0.118005,-0.051081,0,-0.371029,0.161745,0.2837,0.522594,-0.226448,0
0.100084,-0.029752,-0.074046,0.118536,-0.051312,0,-0.370833,0.161619,0.28356,0.522261,-0.226307,0
0.100492,-0.029894,-0.074375,0.119067,-0.051543,0,-0.370638,0.161494,0.28342,0.521929,-0.226166,0
0.100899,-0.030035,-0.074705,0.119597,-0.051774,0,-0.370443,0.161368,0.28328,0.521596,-0.226025,0
0.101306,-0.030177,-0.075034,0.120128,-0.052006,0,-0.370248,0.161242,0.28314,0.521263,-0.225884,0
0.101714,-0.030318,-0.075364,0.120659,-0.052237,0,-0.370052,0.161117,0.283,0.52093,-0.225742,0
0.102121,-0.030459,-0.075693,0.12119,-0.052468,0,-0.369857,0.160991,0.28286,0.520598,-0.225601,0
0.102529,-0.030601,-0.076023,0.12172,-0.052699,0,-0.369662,0.160865,0.28272,0.520265,-0.22546,0
0.102939,-0.030745,-0.076354,0.122257,-0.052934,0,-0.369461,0.160736,0.282575,0.519922,-0.225315,0
0.103355,-0.030894,-0.07669,0.122805,-0.053177,0,-0.369251,0.160601,0.282422,0.519563,-0.225163,0
0.103771,-0.031043,-0.077026,0.123353,-0.053419,0,-0.369041,0.160465,0.282268,0.519204,-0.22501,0
0.104187,-0.031193,-0.077361,0.1239,-0.053662,0,-0.368831,0.16033,0.282115,0.518845,-0.224858,0
0.104603,-0.031342,-0.077697,0.124448,-0.053904,0,-0.368621,0.160194,0.281961,0.518486,-0.224706,0
0.105019,-0.031491,-0.078033,0.124996,-0.054147,0,-0.36841,0.160058,0.281808,0.518127,-0.224553,0
0.105435,-0.031641,-0.078368,0.125544,-0.054389,0,-0.3682,0.159923,0.281654,0.517767,-0.224401,0
0.105851,-0.03179,-0.078704,0.126092,-0.054632,0,-0.36799,0.159787,0.281501,0.517408,-0.224249,0
0.106267,-0.031939,-0.079039,0.12664,-0.054874,0,-0.36778,0.159652,0.281348,0.517049,-0.224096,0
0.106683,-0.032089,-0.079375,0.127188,-0.055116,0,-0.36757,0.159516,0.281194,0.51669,-0.223944,0
0.107099,-0.032238,-0.079711,0.127735,-0.055359,0,-0.36736,0.159381,0.281041,0.516331,-0.223792,0
0.107515,-0.032387,-0.080046,0.128283,-0.055601,0,-0.367149,0.159245,0.280887,0.515972,-0.223639,0
0.107931,-0.032536,-0.080382,0.128831,-0.055844,0,-0.366939,0.159109,0.280734,0.515613,-0.223487,0
0.108347,-0.032686,-0.080718,0.129379,-0.056086,0,-0.366729,0.158974,0.28058,0.515254,-0.223335,0
0.108763,-0.032835,-0.081053,0.129927,-0.056329,0,-0.366519,0.158838,0.280427,0.514894,-0.223183,0
0.109179,-0.032984,-0.081389,0.130475,-0.056571,0,-0.366309,0.158703,0.280273,0.514535,-0.22303,0
0.109595,-0.033134,-0.081724,0.131023,-0.056814,0,-0.366099,0.158567,0.28012,0.514176,-0.222878,0
0.110011,-0.033283,-0.08206,0.131571,-0.057056,0,-0.365888,0.158432,0.279966,0.513817,-0.222726,0
0.110427,-0.033432,-0.082396,0.132118,-0.057299,0,-0.365678,0.158296,0.279813,0.513458,-0.222573,0
0.110843,-0.033582,-0.082731,0.132666,-0.057541,0,-0.365468,0.15816,0.27966,0.513099,-0.222421,0
0.111259,-0.033731,-0.083067,0.133214,-0.057784,0,-0.365258,0.158025,0.279506,0.512739,-0.222269,0
0.111675,-0.03388,-0.083403,0.133762,-0.058026,0,-0.365048,0.157889,0.279353,0.51238,-0.222116,0
0.112091,-0.03403,-0.083738,0.13431,-0.058269,0,-0.364838,0.157754,0.279199,0.512021,-0.221964,0
0.112507,-0.034179,-0.084074,0.134858,-0.058511,0,-0.364627,0.157618,0.279046,0.511662,-0.221812,0
0.112922,-0.034328,-0.08441,0.135406,-0.058753,0,-0.364417,0.157483,0.278892,0.511303,-0.221659,0
0.113338,-0.034477,-0.084745,0.135954,-0.058996,0,-0.364207,0.157347,0.278739,0.510944,-0.221507,0
0.113754,-0.034627,-0.085081,0.136501,-0.059238,0,-0.363997,0.157212,0.278585,0.510585,-0.221355,0
0.11417,-0.034776,-0.085416,0.137049,-0.059481,0,-0.363787,0.157076,0.278432,0.510226,-0.221202,0
0.114586,-0.034925,-0.085752,0.137597,-0.059723,0,-0.363577,0.15694,0.278278,0.509866,-0.22105,0
0.115002,-0.035075,-0.086088,0.138145,-0.059966,0,-0.363366,0.156805,0.278125,0.509507,-0.220898,0
0.115418,-0.035224,-0.086423,0.138693,-0.060208,0,-0.363156,0.156669,0.277972,0.509148,-0.220745,0
0.115834,-0.035373,-0.086759,0.139241,-0.060451,0,-0.362946,0.156534,0.277818,0.508789,-0.220593,0
0.11625,-0.035523,-0.087095,0.139789,-0.060693,0,-0.362736,0.156398,0.277665,0.50843,-0.220441,0
0.116666,-0.035672,-0.08743,0.140336,-0.060936,0,-0.362525,0.156263,0.277511,0.50807,-0.220288,0
0.11709,-0.035827,-0.08777,0.1409,-0.061182,0,-0.362299,0.156121,0.277346,0.507689,-0.220125,0
0.117514,-0.035982,-0.08811,0.141463,-0.061428,0,-0.362073,0.155979,0.277181,0.507308,-0.219961,0
0.117938,-0.036137,-0.08845,0.142026,-0.061675,0,-0.361847,0.155838,0.277016,0.506927,-0.219798,0
0.118361,-0.036292,-0.08879,0.142589,-0.061921,0,-0.361621,0.155696,0.276851,0.506546,-0.219634,0
0.118785,-0.036448,-0.08913,0.143153,-0.062167,0,-0.361395,0.155555,0.276686,0.506165,-0.219471,0
0.119209,-0.036603,-0.089469,0.143716,-0.062414,0,-0.361169,0.155413,0.276521,0.505784,-0.219307,0
0.119632,-0.036758,-0.089809,0.144279,-0.06266,0,-0.360943,0.155271,0.276356,0.505403,-0.219144,0
0.120056,-0.036913,-0.090149,0.144842,-0.062906,0,-0.360717,0.15513,0.276191,0.505022,-0.21898,0
0.12048,-0.037068,-0.090489,0.145406,-0.063153,0,-0.360491,0.154988,0.276026,0.504641,-0.218817,0
0.120904,-0.037224,-0.090829,0.145969,-0.063399,0,-0.360265,0.154847,0.275861,0.50426,-0.218653,0
0.121327,-0.037379,-0.091169,0.146532,-0.063645,0,-0.360039,0.154705,0.275696,0.503879,-0.21849,0
0.121751,-0.037534,-0.091509,0.147095,-0.063892,0,-0.359813,0.154563,0.275531,0.503498,-0.218326,0
0.122175,-0.037689,-0.091849,0.147659,-0.064138,0,-0.359587,0.154422,0.275367,0.503117,-0.218163,0
0.122599,-0.037844,-0.092188,0.148222,-0.064384,0,-0.359361,0.15428,0.275202,0.502736,-0.217999,0
0.123022,-0.037999,-0.092528,0.148785,-0.064631,0,-0.359135,0.154139,0.275037,0.502354,-0.217836,0
0.123446,-0.038155,-0.092868,0.149348,-0.064877,0,-0.35891,0.153997,0.274872,0.501974,-0.217672,0
0.12387,-0.03831,-0.093208,0.149911,-0.065123,0,-0.358684,0.153856,0.274707,0.501592,-0.217509,0
0.124294,-0.038465,-0.093548,0.150475,-0.065369,0,-0.358458,0.153714,0.274542,0.501211,-0.217345,0
0.124717,-0.03862,-0.093888,0.151038,-0.065616,0,-0.358232,0.153572,0.274377,0.50083,-0.217182,0
0.125141,-0.038775,-0.094228,0.151601,-0.065862,0,-0.358006,0.153431,0.274212,0.500449,-0.217018,0
0.125565,-0.03893,-0.094568,0.152164,-0.066108,0,-0.35778,0.153289,0.274047,0.500068,-0.216855,0
0.125989,-0.039086,-0.094907,0.152728,-0.066355,0,-0.357554,0.153148,0.273882,0.499687,-0.216691,0
0.126412,-0.039241,-0.095247,0.153291,-0.066601,0,-0.357328,0.153006,0.273717,0.499306,-0.216528,0
0.126836,-0.039396,-0.095587,0.153854,-0.066847,0,-0.357102,0.152864,0.273552,0.498925,-0.216364,0
0.12726,-0.039551,-0.095927,0.154417,-0.067094,0,-0.356876,0.152723,0.273387,0.498544,-0.216201,0
0.127684,-0.039706,-0.096267,0.154981,-0.06734,0,-0.35665,0.152581,0.273222,0.498163,-0.216037,0
0.128107,-0.039861,-0.096607,0.155544,-0.067586,0,-0.356424,0.15244,0.273057,0.497782,-0.215874,0
0.128531,-0.040017,-0.096947,0.156107,-0.067833,0,-0.356198,0.152298,0.272892,0.497401,-0.21571,0
0.128955,-0.040172,-0.097287,0.15667,-0.068079,0,-0.355972,0.152157,0.272727,0.49702,-0.215547,0
0.129379,-0.040327,-0.097626,0.157234,-0.068325,0,-0.355746,0.152015,0.272562,0.496639,-0.215383,0
0.129802,-0.040482,-0.097966,0.157797,-0.068572,0,-0.35552,0.151873,0.272397,0.496258,-0.21522,0
0.130226,-0.040637,-0.098306,0.15836,-0.068818,0,-0.355294,0.151732,0.272232,0.495877,-0.215056,0
0.13065,-0.040793,-0.098646,0.158923,-0.069064,0,-0.355068,0.15159,0.272067,0.495496,-0.214893,0
0.131074,-0.040953,-0.098986,0.159494,-0.069314,0,-0.354831,0.151443,0.271894,0.4951,-0.214723,0
0.131499,-0.041116,-0.099327,0.160069,-0.069566,0,-0.354589,0.151293,0.271718,0.494697,-0.21455,0
0.131924,-0.041279,-0.099667,0.160644,-0.069818,0,-0.354347,0.151144,0.271542,0.494294,-0.214377,0
0.132348,-0.041442,-0.100007,0.161219,-0.070071,0,-0.354106,0.150994,0.271365,0.493892,-0.214204,0
0.132773,-0.041605,-0.100348,0.161794,-0.070323,0,-0.353864,0.150845,0.271189,0.493489,-0.214031,0
0.133198,-0.041768,-0.100688,0.162369,-0.070575,0,-0.353622,0.150695,0.271012,0.493086,-0.213859,0
0.133622,-0.041931,-0.101028,0.162944,-0.070827,0,-0.35338,0.150546,0.270836,0.492683,-0.213686,0
0.134047,-0.042094,-0.101369,0.163518,-0.071079,0,-0.353139,0.150396,0.27066,0.492281,-0.213513,0
0.134472,-0.042257,-0.101709,0.164093,-0.071331,0,-0.352897,0.150246,0.270483,0.491878,-0.21334,0
0.134896,-0.04242,-0.102049,0.164668,-0.071583,0,-0.352655,0.150097,0.270307,0.491475,-0.213168,0
0.135321,-0.042583,-0.10239,0.165243,-0.071835,0,-0.352414,0.149947,0.27013,0.491073,-0.212995,0
0.135746,-0.042746,-0.10273,0.165818,-0.072087,0,-0.352172,0.149798,0.269954,0.49067,-0.212822,0
0.13617,-0.042909,-0.103071,0.166393,-0.072339,0,-0.35193,0.149648,0.269777,0.490267,-0.212649,0
0.136595,-0.043072,-0.103411,0.166968,-0.072591,0,-0.351688,0.149498,0.269601,0.489865,-0.212476,0
0.13702,-0.043236,-0.103751,0.167543,-0.072843,0,-0.351447,0.149349,0.269425,0.489462,-0.212304,0
0.137445,-0.043399,-0.104092,0.168118,-0.073095,0,-0.351205,0.149199,0.269248,0.489059,-0.212131,0
0.137869,-0.043562,-0.104432,0.168692,-0.073347,0,-0.350963,0.14905,0.269072,0.488656,-0.211958,0
0.138294,-0.043725,-0.104772,0.169267,-0.073599,0,-0.350722,0.1489,0.268895,0.488254,-0.211785,0
0.138719,-0.043888,-0.105113,0.169842,-0.073851,0,-0.35048,0.14875,0.268719,0.487851,-0.211612,0
0.139143,-0.044051,-0.105453,0.170417,-0.074103,0,-0.350238,0.148601,0.268543,0.487448,-0.21144,0
0.139568,-0.044214,-0.105793,0.170992,-0.074355,0,-0.349997,0.148451,0.268366,0.487046,-0.211267,0
0.139993,-0.044377,-0.106134,0.171567,-0.074607,0,-0.349755,0.148302,0.26819,0.486643,-0.211094,0
0.140417,-0.04454,-0.106474,0.172142,-0.074859,0,-0.349513,0.148152,0.268013,0.48624,-0.210921,0
0.140842,-0.044703,-0.106815,0.172717,-0.075111,0,-0.349271,0.148002,0.267837,0.485837,-0.210748,0
0.141267,-0.044866,-0.107155,0.173292,-0.075363,0,-0.34903,0.147853,0.26766,0.485435,-0.210576,0
0.141691,-0.045029,-0.107495,0.173867,-0.075615,0,-0.348788,0.147703,0.267484,0.485032,-0.210403,0
0.142116,-0.045192,-0.107836,0.174442,-0.075867,0,-0.348546,0.147554,0.267308,0.484629,-0.21023,0
0.142541,-0.045355,-0.108176,0.175016,-0.076119,0,-0.348304,0.147404,0.267131,0.484227,-0.210057,0
0.142965,-0.045518,-0.108516,0.175591,-0.076371,0,-0.348063,0.147255,0.266955,0.483824,-0.209885,0
0.14339,-0.045681,-0.108857,0.176166,-0.076623,0,-0.347821,0.147105,0.266778,0.483421,-0.209712,0
0.143815,-0.045844,-0.109197,0.176741,-0.076875,0,-0.347579,0.146955,0.266602,0.483019,-0.209539,0
0.14424,-0.046007,-0.109537,0.177316,-0.077128,0,-0.347338,0.146806,0.266425,0.482616,-0.209366,0
0.144664,-0.04617,-0.109878,0.177891,-0.07738,0,-0.347096,0.146656,0.266249,0.482213,-0.209193,0
0.145089,-0.046335,-0.110218,0.178468,-0.077632,0,-0.346849,0.146504,0.266068,0.481802,-0.209017,0
0.145515,-0.046504,-0.110559,0.179051,-0.077886,0,-0.346595,0.146349,0.265881,0.481375,-0.208835,0
0.145941,-0.046673,-0.1109,0.179634,-0.07814,0,-0.34634,0.146193,0.265693,0.480949,-0.208653,0
0.146366,-0.046842,-0.111241,0.180217,-0.078394,0,-0.346085,0.146037,0.265505,0.480523,-0.208471,0
0.146792,-0.04701,-0.111582,0.1808,-0.078649,0,-0.345831,0.145882,0.265317,0.480097,-0.208289,0
0.147218,-0.047179,-0.111923,0.181383,-0.078903,0,-0.345576,0.145726,0.265129,0.479671,-0.208107,0
0.147643,-0.047348,-0.112264,0.181965,-0.079157,0,-0.345321,0.14557,0.264941,0.479244,-0.207925,0
0.148069,-0.047517,-0.112604,0.182548,-0.079411,0,-0.345067,0.145415,0.264753,0.478818,-0.207743,0
0.148495,-0.047686,-0.112945,0.183131,-0.079665,0,-0.344812,0.145259,0.264566,0.478392,-0.207561,0
0.14892,-0.047855,-0.113286,0.183714,-0.079919,0,-0.344557,0.145103,0.264378,0.477966,-0.207379,0
0.149346,-0.048024,-0.113627,0.184297,-0.080173,0,-0.344303,0.144948,0.26419,0.477539,-0.207197,0
0.149772,-0.048193,-0.113968,0.184879,-0.080427,0,-0.344048,0.144792,0.264002,0.477113,-0.207015,0
0.150197,-0.048361,-0.114309,0.185462,-0.080681,0,-0.343793,0.144636,0.263814,0.476687,-0.206833,0
0.150623,-0.04853,-0.11465,0.186045,-0.080935,0,-0.343539,0.144481,0.263626,0.476261,-0.20665,0
0.151049,-0.048699,-0.114991,0.186628,-0.081189,0,-0.343284,0.144325,0.263438,0.475834,-0.206468,0
0.151474,-0.048868,-0.115331,0.187211,-0.081443,0,-0.343029,0.14417,0.263251,0.475408,-0.206286,0
0.1519,-0.049037,-0.115672,0.187794,-0.081697,0,-0.342775,0.144014,0.263063,0.474982,-0.206104,0
0.152326,-0.049206,-0.116013,0.188376,-0.081951,0,-0.34252,0.143858,0.262875,0.474556,-0.205922,0
0.152751,-0.049375,-0.116354,0.188959,-0.082205,0,-0.342265,0.143703,0.262687,0.474129,-0.20574,0
0.153177,-0.049544,-0.116695,0.189542,-0.082459,0,-0.34201,0.143547,0.262499,0.473703,-0.205558,0
0.153602,-0.049712,-0.117036,0.190125,-0.082713,0,-0.341756,0.143391,0.262311,0.473277,-0.205376,0
0.154028,-0.049881,-0.117377,0.190708,-0.082967,0,-0.341501,0.143236,0.262124,0.472851,-0.205194,0
0.154454,-0.05005,-0.117718,0.19129,-0.083222,0,-0.341246,0.14308,0.261936,0.472424,-0.205012,0
0.15488,-0.050219,-0.118058,0.191873,-0.083476,0,-0.340992,0.142924,0.261748,0.471998,-0.20483,0
0.155305,-0.050388,-0.118399,0.192456,-0.08373,0,-0.340737,0.142769,0.26156,0.471572,-0.204648,0
0.155731,-0.050557,-0.11874,0.193039,-0.083984,0,-0.340483,0.142613,0.261372,0.471146,-0.204466,0
0.156157,-0.050726,-0.119081,0.193622,-0.084238,0,-0.340228,0.142457,0.261184,0.470719,-0.204284,0
0.156582,-0.050894,-0.119422,0.194205,-0.084492,0,-0.339973,0.142302,0.260996,0.470293,-0.204102,0
0.157008,-0.051063,-0.119763,0.194787,-0.084746,0,-0.339718,0.142146,0.260808,0.469867,-0.20392,0
0.157433,-0.051232,-0.120104,0.19537,-0.085,0,-0.339464,0.14199,0.260621,0.469441,-0.203738,0
0.157859,-0.051401,-0.120444,0.195953,-0.085254,0,-0.339209,0.141835,0.260433,0.469014,-0.203556,0
0.158285,-0.05157,-0.120785,0.196536,-0.085508,0,-0.338954,0.141679,0.260245,0.468588,-0.203374,0
0.158711,-0.051739,-0.121126,0.197119,-0.085762,0,-0.3387,0.141523,0.260057,0.468162,-0.203192,0
0.159136,-0.051908,-0.121467,0.197701,-0.086016,0,-0.338444,0.141368,0.259869,0.467735,-0.203009,0
0.159561,-0.052082,-0.121805,0.198288,-0.086272,0,-0.338172,0.141206,0.259668,0.46729,-0.202818,0
0.159986,-0.052257,-0.122142,0.198875,-0.086528,0,-0.3379,0.141044,0.259466,0.466844,-0.202627,0
0.160411,-0.052432,-0.12248,0.199462,-0.086784,0,-0.337628,0.140882,0.259265,0.466399,-0.202435,0
0.160836,-0.052606,-0.122817,0.200049,-0.087041,0,-0.337356,0.140721,0.259064,0.465954,-0.202244,0
0.161261,-0.052781,-0.123155,0.200636,-0.087297,0,-0.337084,0.140559,0.258863,0.465508,-0.202053,0
0.161686,-0.052956,-0.123493,0.201223,-0.087553,0,-0.336812,0.140397,0.258662,0.465063,-0.201861,0
0.162111,-0.05313,-0.12383,0.20181,-0.087809,0,-0.33654,0.140236,0.258461,0.464618,-0.20167,0
0.162536,-0.053305,-0.124168,0.202397,-0.088065,0,-0.336269,0.140074,0.25826,0.464173,-0.201479,0
0.162961,-0.05348,-0.124505,0.202984,-0.088321,0,-0.335996,0.139912,0.258058,0.463727,-0.201288,0
0.163386,-0.053654,-0.124843,0.203571,-0.088577,0,-0.335724,0.13975,0.257857,0.463282,-0.201096,0
0.163811,-0.053829,-0.125181,0.204158,-0.088833,0,-0.335453,0.139589,0.257656,0.462836,-0.200905,0
0.164236,-0.054004,-0.125518,0.204745,-0.089089,0,-0.33518,0.139427,0.257455,0.462391,-0.200714,0
0.16466,-0.054178,-0.125856,0.205332,-0.089345,0,-0.334908,0.139265,0.257254,0.461946,-0.200522,0
0.165085,-0.054353,-0.126193,0.205919,-0.089601,0,-0.334637,0.139104,0.257052,0.461501,-0.200331,0
0.16551,-0.054528,-0.126531,0.206506,-0.089858,0,-0.334364,0.138942,0.256851,0.461055,-0.20014,0
0.165935,-0.054702,-0.126869,0.207093,-0.090114,0,-0.334093,0.13878,0.25665,0.46061,-0.199949,0
0.16636,-0.054877,-0.127206,0.20768,-0.09037,0,-0.333821,0.138618,0.256449,0.460165,-0.199757,0
0.166785,-0.055052,-0.127544,0.208267,-0.090626,0,-0.333549,0.138457,0.256248,0.459719,-0.199566,0
0.16721,-0.055226,-0.127881,0.208854,-0.090882,0,-0.333277,0.138295,0.256047,0.459274,-0.199375,0
0.167635,-0.055401,-0.128219,0.209441,-0.091138,0,-0.333005,0.138133,0.255845,0.458829,-0.199183,0
0.16806,-0.055576,-0.128556,0.210028,-0.091394,0,-0.332733,0.137972,0.255644,0.458383,-0.198992,0
0.168485,-0.05575,-0.128894,0.210615,-0.09165,0,-0.332461,0.13781,0.255443,0.457938,-0.198801,0
0.16891,-0.055925,-0.129232,0.211201,-0.091906,0,-0.332189,0.137648,0.255242,0.457493,-0.19861,0
0.169335,-0.0561,-0.129569,0.211788,-0.092162,0,-0.331917,0.137487,0.255041,0.457047,-0.198418,0
0.16976,-0.056274,-0.129907,0.212375,-0.092418,0,-0.331645,0.137325,0.25484,0.456602,-0.198227,0
0.170185,-0.056449,-0.130244,0.212962,-0.092675,0,-0.331373,0.137163,0.254638,0.456157,-0.198036,0
0.17061,-0.056624,-0.130582,0.213549,-0.092931,0,-0.331101,0.137001,0.254437,0.455711,-0.197844,0
0.171035,-0.056798,-0.13092,0.214136,-0.093187,0,-0.330829,0.13684,0.254236,0.455266,-0.197653,0
0.17146,-0.056973,-0.131257,0.214723,-0.093443,0,-0.330557,0.136678,0.254035,0.454821,-0.197462,0
0.171885,-0.057148,-0.131595,0.21531,-0.093699,0,-0.330285,0.136516,0.253834,0.454376,-0.197271,0
0.17231,-0.057322,-0.131932,0.215897,-0.093955,0,-0.330013,0.136354,0.253633,0.45393,-0.197079,0
0.172735,-0.057497,-0.13227,0.216484,-0.094211,0,-0.329741,0.136193,0.253431,0.453485,-0.196888,0
0.173159,-0.057672,-0.132608,0.217071,-0.094467,0,-0.329469,0.136031,0.25323,0.45304,-0.196697,0
0.173581,-0.057849,-0.132942,0.217659,-0.094723,0,-0.329188,0.135865,0.253021,0.452581,-0.196499,0
0.174,-0.058027,-0.133274,0.218249,-0.09498,0,-0.328903,0.135697,0.252809,0.452117,-0.196298,0
0.174419,-0.058206,-0.133607,0.218838,-0.095236,0,-0.328618,0.135529,0.252596,0.451652,-0.196098,0
0.174838,-0.058384,-0.133939,0.219427,-0.095492,0,-0.328333,0.135362,0.252384,0.451188,-0.195897,0
0.175257,-0.058563,-0.134271,0.220016,-0.095749,0,-0.328048,0.135194,0.252171,0.450724,-0.195697,0
0.175676,-0.058741,-0.134604,0.220605,-0.096005,0,-0.327764,0.135026,0.251959,0.45026,-0.195496,0
0.176095,-0.058919,-0.134936,0.221195,-0.096261,0,-0.327479,0.134858,0.251746,0.449796,-0.195296,0
0.176514,-0.059098,-0.135269,0.221784,-0.096517,0,-0.327194,0.13469,0.251534,0.449331,-0.195095,0
0.176933,-0.059276,-0.135601,0.222373,-0.096774,0,-0.326909,0.134523,0.251321,0.448867,-0.194895,0
0.177352,-0.059455,-0.135933,0.222962,-0.09703,0,-0.326624,0.134355,0.251109,0.448403,-0.194694,0
0.177771,-0.059633,-0.136266,0.223551,-0.097286,0,-0.32634,0.134187,0.250896,0.447939,-0.194494,0
0.17819,-0.059812,-0.136598,0.224141,-0.097542,0,-0.326055,0.134019,0.250683,0.447474,-0.194293,0
0.178609,-0.05999,-0.136931,0.22473,-0.097799,0,-0.32577,0.133851,0.250471,0.44701,-0.194093,0
0.179028,-0.060169,-0.137263,0.225319,-0.098055,0,-0.325485,0.133684,0.250259,0.446546,-0.193892,0
0.179447,-0.060347,-0.137595,0.225908,-0.098311,0,-0.3252,0.133516,0.250046,0.446082,-0.193692,0
0.179866,-0.060525,-0.137928,0.226498,-0.098568,0,-0.324916,0.133348,0.249833,0.445617,-0.193491,0
0.180285,-0.060704,-0.13826,0.227087,-0.098824,0,-0.324631,0.13318,0.249621,0.445153,-0.193291,0
0.180704,-0.060882,-0.138593,0.227676,-0.09908,0,-0.324346,0.133012,0.249408,0.444689,-0.19309,0
0.181123,-0.061061,-0.138925,0.228265,-0.099336,0,-0.324061,0.132844,0.249196,0.444225,-0.19289,0
0.181542,-0.061239,-0.139257,0.228854,-0.099593,0,-0.323776,0.132677,0.248983,0.44376,-0.192689,0
0.181961,-0.061418,-0.13959,0.229444,-0.099849,0,-0.323492,0.132509,0.248771,0.443296,-0.192489,0
0.18238,-0.061596,-0.139922,0.230033,-0.100105,0,-0.323207,0.132341,0.248558,0.442832,-0.192288,0
0.182799,-0.061775,-0.140255,0.230622,-0.100361,0,-0.322922,0.132173,0.248346,0.442368,-0.192088,0
0.183218,-0.061953,-0.140587,0.231211,-0.100618,0,-0.322637,0.132005,0.248133,0.441903,-0.191887,0
0.183637,-0.062132,-0.14092,0.231801,-0.100874,0,-0.322352,0.131838,0.247921,0.441439,-0.191687,0
0.184056,-0.06231,-0.141252,0.23239,-0.10113,0,-0.322068,0.13167,0.247708,0.440975,-0.191486,0
0.184475,-0.062488,-0.141584,0.232979,-0.101387,0,-0.321783,0.131502,0.247496,0.440511,-0.191286,0
0.184894,-0.062667,-0.141917,0.233568,-0.101643,0,-0.321498,0.131334,0.247283,0.440046,-0.191085,0
0.185313,-0.062845,-0.142249,0.234157,-0.101899,0,-0.321213,0.131166,0.247071,0.439582,-0.190885,0
0.185732,-0.063024,-0.142582,0.234746,-0.102155,0,-0.320928,0.130998,0.246858,0.439118,-0.190684,0
0.186151,-0.063202,-0.142914,0.235336,-0.102412,0,-0.320644,0.130831,0.246646,0.438654,-0.190484,0
0.18657,-0.063381,-0.143246,0.235925,-0.102668,0,-0.320359,0.130663,0.246433,0.43819,-0.190283,0
0.186989,-0.063559,-0.143579,0.236514,-0.102924,0,-0.320074,0.130495,0.246221,0.437725,-0.190082,0
0.187406,-0.063738,-0.143909,0.237103,-0.10318,0,-0.319784,0.130326,0.246003,0.437254,-0.189879,0
0.187819,-0.063918,-0.144234,0.23769,-0.103437,0,-0.319483,0.130154,0.245777,0.436771,-0.189671,0
0.188233,-0.064099,-0.144559,0.238278,-0.103693,0,-0.319183,0.129982,0.245552,0.436288,-0.189464,0
0.188646,-0.064279,-0.144885,0.238866,-0.10395,0,-0.318883,0.12981,0.245326,0.435805,-0.189256,0
0.189059,-0.064459,-0.14521,0.239453,-0.104206,0,-0.318583,0.129638,0.2451,0.435322,-0.189048,0
0.189472,-0.064639,-0.145535,0.240041,-0.104463,0,-0.318283,0.129466,0.244874,0.434839,-0.18884,0
0.189885,-0.064819,-0.145861,0.240628,-0.104719,0,-0.317982,0.129294,0.244649,0.434357,-0.188632,0
0.190298,-0.065,-0.146186,0.241216,-0.104976,0,-0.317682,0.129122,0.244423,0.433874,-0.188424,0
0.190711,-0.06518,-0.146511,0.241804,-0.105232,0,-0.317382,0.12895,0.244197,0.433391,-0.188216,0
0.191124,-0.06536,-0.146837,0.242391,-0.105489,0,-0.317082,0.128778,0.243971,0.432908,-0.188009,0
0.191537,-0.06554,-0.147162,0.242979,-0.105745,0,-0.316781,0.128606,0.243745,0.432425,-0.187801,0
0.19195,-0.06572,-0.147487,0.243566,-0.106002,0,-0.316481,0.128434,0.24352,0.431942,-0.187593,0
0.192363,-0.065901,-0.147812,0.244154,-0.106258,0,-0.316181,0.128262,0.243294,0.431459,-0.187385,0
0.192776,-0.066081,-0.148138,0.244741,-0.106515,0,-0.315881,0.12809,0.243068,0.430976,-0.187177,0
0.193189,-0.066261,-0.148463,0.245329,-0.106771,0,-0.315581,0.127918,0.242842,0.430493,-0.186969,0
0.193603,-0.066441,-0.148788,0.245917,-0.107027,0,-0.31528,0.127746,0.242617,0.43001,-0.186761,0
0.194016,-0.066622,-0.149114,0.246504,-0.107284,0,-0.31498,0.127574,0.242391,0.429527,-0.186554,0
0.194429,-0.066802,-0.149439,0.247092,-0.10754,0,-0.31468,0.127402,0.242165,0.429044,-0.186346,0
0.194842,-0.066982,-0.149764,0.247679,-0.107797,0,-0.31438,0.12723,0.241939,0.428561,-0.186138,0
0.195255,-0.067162,-0.15009,0.248267,-0.108053,0,-0.31408,0.127058,0.241714,0.428078,-0.18593,0
0.195668,-0.067342,-0.150415,0.248855,-0.10831,0,-0.313779,0.126886,0.241488,0.427595,-0.185722,0
0.196081,-0.067523,-0.15074,0.249442,-0.108566,0,-0.313479,0.126714,0.241262,0.427112,-0.185514,0
0.196494,-0.067703,-0.151066,0.25003,-0.108823,0,-0.313179,0.126543,0.241036,0.426629,-0.185306,0
0.196907,-0.067883,-0.151391,0.250617,-0.109079,0,-0.312879,0.12637,0.24081,0.426146,-0.185098,0
0.19732,-0.068063,-0.151716,0.251205,-0.109336,0,-0.312579,0.126199,0.240585,0.425663,-0.184891,0
0.197733,-0.068243,-0.152041,0.251792,-0.109592,0,-0.312278,0.126027,0.240359,0.42518,-0.184683,0
0.198146,-0.068424,-0.152367,0.25238,-0.109848,0,-0.311978,0.125855,0.240133,0.424697,-0.184475,0
0.19856,-0.068604,-0.152692,0.252968,-0.110105,0,-0.311678,0.125683,0.239907,0.424214,-0.184267,0
0.198973,-0.068784,-0.153017,0.253555,-0.110361,0,-0.311378,0.125511,0.239682,0.423731,-0.184059,0
0.199386,-0.068964,-0.153343,0.254143,-0.110618,0,-0.311077,0.125339,0.239456,0.423248,-0.183851,0
0.199799,-0.069145,-0.153668,0.25473,-0.110874,0,-0.310777,0.125167,0.23923,0.422766,-0.183643,0
0.200212,-0.069325,-0.153993,0.255318,-0.111131,0,-0.310477,0.124995,0.239004,0.422283,-0.183436,0
0.200625,-0.069505,-0.154319,0.255906,-0.111387,0,-0.310177,0.124823,0.238779,0.4218,-0.183228,0
0.201038,-0.069685,-0.154644,0.256493,-0.111644,0,-0.309876,0.124651,0.238553,0.421316,-0.18302,0
0.201443,-0.069869,-0.154962,0.257077,-0.111898,0,-0.309563,0.124475,0.238317,0.420817,-0.182804,0
0.201849,-0.070053,-0.15528,0.257661,-0.112153,0,-0.30925,0.124299,0.238082,0.420317,-0.182589,0
0.202254,-0.070237,-0.155598,0.258245,-0.112408,0,-0.308938,0.124122,0.237847,0.419818,-0.182374,0
0.20266,-0.070421,-0.155917,0.258829,-0.112663,0,-0.308625,0.123946,0.237612,0.419319,-0.182159,0
0.203065,-0.070605,-0.156235,0.259413,-0.112918,0,-0.308312,0.12377,0.237377,0.418819,-0.181944,0
0.20347,-0.070789,-0.156553,0.259997,-0.113172,0,-0.307999,0.123594,0.237142,0.41832,-0.181729,0
0.203876,-0.070973,-0.156871,0.260581,-0.113427,0,-0.307686,0.123418,0.236907,0.41782,-0.181513,0
0.204281,-0.071157,-0.157189,0.261165,-0.113682,0,-0.307373,0.123242,0.236672,0.417321,-0.181298,0
0.204686,-0.071341,-0.157508,0.261749,-0.113937,0,-0.30706,0.123066,0.236437,0.416821,-0.181083,0
0.205092,-0.071525,-0.157826,0.262333,-0.114192,0,-0.306748,0.12289,0.236201,0.416322,-0.180868,0
0.205497,-0.071709,-0.158144,0.262917,-0.114446,0,-0.306435,0.122713,0.235966,0.415823,-0.180653,0
0.205903,-0.071893,-0.158462,0.263501,-0.114701,0,-0.306122,0.122537,0.235731,0.415323,-0.180437,0
0.206308,-0.072077,-0.15878,0.264086,-0.114956,0,-0.305809,0.122361,0.235496,0.414824,-0.180222,0
0.206713,-0.072261,-0.159098,0.264669,-0.115211,0,-0.305496,0.122185,0.235261,0.414324,-0.180007,0
0.207119,-0.072445,-0.159417,0.265254,-0.115466,0,-0.305183,0.122009,0.235026,0.413825,-0.179792,0
0.207524,-0.072629,-0.159735,0.265838,-0.11572,0,-0.30487,0.121833,0.234791,0.413325,-0.179577,0
0.207929,-0.072813,-0.160053,0.266422,-0.115975,0,-0.304558,0.121657,0.234556,0.412826,-0.179361,0
0.208335,-0.072997,-0.160371,0.267006,-0.11623,0,-0.304245,0.121481,0.23432,0.412327,-0.179146,0
0.20874,-0.073181,-0.160689,0.26759,-0.116485,0,-0.303932,0.121304,0.234085,0.411827,-0.178931,0
0.209146,-0.073365,-0.161008,0.268174,-0.11674,0,-0.303619,0.121128,0.23385,0.411328,-0.178716,0
0.209551,-0.073549,-0.161326,0.268758,-0.116994,0,-0.303306,0.120952,0.233615,0.410828,-0.178501,0
0.209956,-0.073733,-0.161644,0.269342,-0.117249,0,-0.302993,0.120776,0.23338,0.410329,-0.178286,0
0.210362,-0.073917,-0.161962,0.269926,-0.117504,0,-0.30268,0.1206,0.233145,0.409829,-0.17807,0
0.210767,-0.0741,-0.16228,0.27051,-0.117759,0,-0.302367,0.120424,0.23291,0.40933,-0.177855,0
0.211173,-0.074285,-0.162598,0.271094,-0.118014,0,-0.302055,0.120248,0.232675,0.408831,-0.17764,0
0.211578,-0.074468,-0.162917,0.271678,-0.118268,0,-0.301742,0.120072,0.23244,0.408331,-0.177425,0
0.211983,-0.074652,-0.163235,0.272262,-0.118523,0,-0.301429,0.119895,0.232204,0.407832,-0.17721,0
0.212389,-0.074836,-0.163553,0.272846,-0.118778,0,-0.301116,0.119719,0.231969,0.407332,-0.176994,0
0.212794,-0.07502,-0.163871,0.27343,-0.119033,0,-0.300803,0.119543,0.231734,0.406833,-0.176779,0
0.2132,-0.075204,-0.164189,0.274014,-0.119287,0,-0.30049,0.119367,0.231499,0.406333,-0.176564,0
0.213605,-0.075388,-0.164508,0.274598,-0.119542,0,-0.300177,0.119191,0.231264,0.405834,-0.176349,0
0.21401,-0.075572,-0.164826,0.275182,-0.119797,0,-0.299865,0.119015,0.231029,0.405335,-0.176134,0
0.214416,-0.075756,-0.165144,0.275766,-0.120052,0,-0.299552,0.118839,0.230794,0.404835,-0.175918,0
0.214816,-0.075941,-0.165457,0.276348,-0.120306,0,-0.299229,0.118661,0.230549,0.404324,-0.175699,0
0.215213,-0.076127,-0.165768,0.276928,-0.120559,0,-0.298902,0.118483,0.230301,0.403809,-0.175479,0
0.215611,-0.076313,-0.166079,0.277509,-0.120812,0,-0.298575,0.118304,0.230053,0.403293,-0.175258,0
0.216009,-0.076499,-0.16639,0.278089,-0.121065,0,-0.298247,0.118126,0.229805,0.402777,-0.175038,0
0.216406,-0.076684,-0.166701,0.278669,-0.121318,0,-0.29792,0.117948,0.229556,0.402262,-0.174817,0
0.216804,-0.07687,-0.167012,0.27925,-0.121571,0,-0.297593,0.11777,0.229308,0.401746,-0.174596,0
0.217202,-0.077056,-0.167324,0.27983,-0.121824,0,-0.297266,0.117591,0.22906,0.40123,-0.174376,0
0.217599,-0.077241,-0.167635,0.280411,-0.122077,0,-0.296939,0.117413,0.228811,0.400714,-0.174155,0
0.217997,-0.077427,-0.167946,0.280991,-0.122331,0,-0.296611,0.117235,0.228563,0.400199,-0.173934,0
0.218395,-0.077613,-0.168257,0.281572,-0.122584,0,-0.296284,0.117056,0.228315,0.399683,-0.173714,0
0.218792,-0.077799,-0.168568,0.282152,-0.122837,0,-0.295957,0.116878,0.228067,0.399167,-0.173493,0
0.21919,-0.077984,-0.168879,0.282733,-0.12309,0,-0.29563,0.1167,0.227818,0.398652,-0.173273,0
0.219588,-0.07817,-0.16919,0.283313,-0.123343,0,-0.295303,0.116521,0.22757,0.398136,-0.173052,0
0.219985,-0.078356,-0.169501,0.283893,-0.123596,0,-0.294975,0.116343,0.227322,0.39762,-0.172831,0
0.220383,-0.078541,-0.169812,0.284474,-0.123849,0,-0.294648,0.116165,0.227074,0.397104,-0.172611,0
0.220781,-0.078727,-0.170123,0.285054,-0.124102,0,-0.294321,0.115986,0.226825,0.396589,-0.17239,0
0.221178,-0.078913,-0.170434,0.285635,-0.124356,0,-0.293994,0.115808,0.226577,0.396073,-0.172169,0
0.221576,-0.079099,-0.170745,0.286215,-0.124609,0,-0.293667,0.11563,0.226329,0.395557,-0.171949,0
0.221973,-0.079284,-0.171056,0.286796,-0.124862,0,-0.293339,0.115451,0.22608,0.395042,-0.171728,0
0.222371,-0.07947,-0.171367,0.287376,-0.125115,0,-0.293012,0.115273,0.225832,0.394526,-0.171507,0
0.222769,-0.079656,-0.171678,0.287957,-0.125368,0,-0.292685,0.115095,0.225584,0.39401,-0.171287,0
0.223166,-0.079842,-0.171989,0.288537,-0.125621,0,-0.292358,0.114916,0.225336,0.393495,-0.171066,0
0.223564,-0.080027,-0.1723,0.289117,-0.125874,0,-0.292031,0.114738,0.225087,0.392979,-0.170845,0
0.223962,-0.080213,-0.172611,0.289698,-0.126127,0,-0.291703,0.11456,0.224839,0.392463,-0.170625,0
0.224359,-0.080399,-0.172922,0.290278,-0.126381,0,-0.291376,0.114381,0.224591,0.391947,-0.170404,0
0.224757,-0.080584,-0.173233,0.290859,-0.126634,0,-0.291049,0.114203,0.224342,0.391431,-0.170184,0
0.225155,-0.08077,-0.173544,0.291439,-0.126887,0,-0.290722,0.114025,0.224094,0.390916,-0.169963,0
0.225552,-0.080956,-0.173855,0.29202,-0.12714,0,-0.290395,0.113846,0.223846,0.3904,-0.169742,0
0.22595,-0.081142,-0.174166,0.2926,-0.127393,0,-0.290067,0.113668,0.223598,0.389885,-0.169522,0
0.226348,-0.081327,-0.174477,0.293181,-0.127646,0,-0.28974,0.11349,0.223349,0.389369,-0.169301,0
0.226745,-0.081513,-0.174788,0.293761,-0.127899,0,-0.289413,0.113312,0.223101,0.388853,-0.16908,0
0.227143,-0.081699,-0.175099,0.294341,-0.128152,0,-0.289086,0.113133,0.222853,0.388337,-0.16886,0
0.227541,-0.081884,-0.17541,0.294922,-0.128406,0,-0.288759,0.112955,0.222604,0.387822,-0.168639,0
0.227935,-0.08207,-0.175718,0.2955,-0.128657,0,-0.288427,0.112775,0.222352,0.387301,-0.168415,0
0.228323,-0.082256,-0.17602,0.296073,-0.128905,0,-0.288086,0.112593,0.222093,0.386771,-0.168185,0
0.228711,-0.082441,-0.176322,0.296646,-0.129152,0,-0.287746,0.11241,0.221833,0.386241,-0.167956,0
0.229099,-0.082627,-0.176624,0.297219,-0.1294,0,-0.287405,0.112228,0.221574,0.385711,-0.167726,0
0.229488,-0.082812,-0.176926,0.297791,-0.129648,0,-0.287064,0.112045,0.221314,0.385182,-0.167496,0
0.229876,-0.082997,-0.177228,0.298364,-0.129896,0,-0.286724,0.111863,0.221055,0.384652,-0.167266,0
0.230264,-0.083183,-0.17753,0.298937,-0.130143,0,-0.286383,0.11168,0.220795,0.384122,-0.167036,0
0.230652,-0.083368,-0.177832,0.29951,-0.130391,0,-0.286042,0.111498,0.220536,0.383592,-0.166807,0
0.23104,-0.083554,-0.178134,0.300083,-0.130639,0,-0.285702,0.111315,0.220276,0.383062,-0.166577,0
0.231428,-0.083739,-0.178436,0.300656,-0.130887,0,-0.285361,0.111133,0.220017,0.382533,-0.166347,0
0.231816,-0.083925,-0.178738,0.301229,-0.131134,0,-0.285021,0.11095,0.219757,0.382003,-0.166117,0
0.232205,-0.08411,-0.17904,0.301802,-0.131382,0,-0.28468,0.110768,0.219498,0.381473,-0.165887,0
0.232593,-0.084296,-0.179342,0.302375,-0.13163,0,-0.284339,0.110585,0.219238,0.380943,-0.165658,0
0.232981,-0.084481,-0.179644,0.302947,-0.131877,0,-0.283999,0.110402,0.218979,0.380413,-0.165428,0
0.233369,-0.084667,-0.179946,0.30352,-0.132125,0,-0.283658,0.11022,0.218719,0.379884,-0.165198,0
0.233757,-0.084852,-0.180248,0.304093,-0.132373,0,-0.283318,0.110038,0.21846,0.379354,-0.164968,0
0.234145,-0.085038,-0.18055,0.304666,-0.132621,0,-0.282977,0.109855,0.218201,0.378824,-0.164738,0
0.234533,-0.085223,-0.180852,0.305239,-0.132868,0,-0.282637,0.109672,0.217941,0.378294,-0.164509,0
0.234922,-0.085409,-0.181154,0.305812,-0.133116,0,-0.282296,0.10949,0.217682,0.377764,-0.164279,0
0.23531,-0.085594,-0.181455,0.306385,-0.133364,0,-0.281955,0.109307,0.217422,0.377235,-0.164049,0
0.235698,-0.085779,-0.181757,0.306958,-0.133612,0,-0.281615,0.109125,0.217163,0.376705,-0.163819,0
0.236086,-0.085965,-0.182059,0.307531,-0.133859,0,-0.281274,0.108942,0.216903,0.376175,-0.163589,0
0.236474,-0.086151,-0.182361,0.308103,-0.134107,0,-0.280933,0.10876,0.216644,0.375645,-0.16336,0
0.236862,-0.086336,-0.182663,0.308676,-0.134355,0,-0.280593,0.108577,0.216384,0.375115,-0.16313,0
0.23725,-0.086521,-0.182965,0.309249,-0.134603,0,-0.280252,0.108395,0.216125,0.374586,-0.1629,0
0.237638,-0.086707,-0.183267,0.309822,-0.13485,0,-0.279912,0.108212,0.215865,0.374056,-0.16267,0
0.238027,-0.086892,-0.183569,0.310395,-0.135098,0,-0.279571,0.10803,0.215606,0.373526,-0.16244,0
0.238415,-0.087078,-0.183871,0.310968,-0.135346,0,-0.27923,0.107847,0.215346,0.372996,-0.16221,0
0.238803,-0.087263,-0.184173,0.311541,-0.135593,0,-0.27889,0.107665,0.215087,0.372466,-0.161981,0
0.239191,-0.087449,-0.184475,0.312114,-0.135841,0,-0.278549,0.107482,0.214827,0.371937,-0.161751,0
0.239579,-0.087634,-0.184777,0.312686,-0.136089,0,-0.278209,0.1073,0.214568,0.371407,-0.161521,0
0.239967,-0.08782,-0.185079,0.313259,-0.136337,0,-0.277868,0.107117,0.214308,0.370877,-0.161291,0
0.240355,-0.088005,-0.185381,0.313832,-0.136584,0,-0.277527,0.106935,0.214049,0.370347,-0.161061,0
0.240743,-0.088191,-0.185683,0.314405,-0.136832,0,-0.277187,0.106752,0.213789,0.369817,-0.160832,0
0.241119,-0.088378,-0.185974,0.31497,-0.137078,0,-0.276834,0.106568,0.213519,0.369273,-0.160596,0
0.241495,-0.088565,-0.186265,0.315536,-0.137324,0,-0.276481,0.106383,0.213248,0.36873,-0.160361,0
0.241871,-0.088752,-0.186556,0.316101,-0.13757,0,-0.276127,0.106198,0.212977,0.368186,-0.160126,0
0.242247,-0.088939,-0.186846,0.316666,-0.137816,0,-0.275774,0.106013,0.212707,0.367642,-0.159891,0
0.242623,-0.089127,-0.187137,0.317231,-0.138062,0,-0.275421,0.105829,0.212436,0.367098,-0.159655,0
0.242999,-0.089314,-0.187428,0.317797,-0.138308,0,-0.275068,0.105644,0.212165,0.366554,-0.15942,0
0.243375,-0.089501,-0.187719,0.318362,-0.138555,0,-0.274715,0.105459,0.211895,0.366011,-0.159185,0
0.243751,-0.089688,-0.18801,0.318927,-0.138801,0,-0.274362,0.105275,0.211624,0.365467,-0.15895,0
0.244127,-0.089876,-0.188301,0.319493,-0.139047,0,-0.274009,0.10509,0.211354,0.364923,-0.158714,0
0.244503,-0.090063,-0.188592,0.320058,-0.139293,0,-0.273656,0.104905,0.211083,0.36438,-0.158479,0
0.244879,-0.09025,-0.188883,0.320623,-0.139539,0,-0.273303,0.10472,0.210812,0.363836,-0.158244,0
0.245255,-0.090437,-0.189174,0.321188,-0.139785,0,-0.27295,0.104535,0.210542,0.363292,-0.158009,0
0.245631,-0.090624,-0.189465,0.321754,-0.140031,0,-0.272597,0.104351,0.210271,0.362748,-0.157774,0
0.246007,-0.090812,-0.189756,0.322319,-0.140277,0,-0.272244,0.104166,0.21,0.362204,-0.157538,0
0.246383,-0.090999,-0.190046,0.322884,-0.140523,0,-0.271891,0.103981,0.20973,0.361661,-0.157303,0
0.246758,-0.091186,-0.190337,0.323449,-0.140769,0,-0.271538,0.103797,0.209459,0.361117,-0.157068,0
0.247134,-0.091373,-0.190628,0.324015,-0.141015,0,-0.271185,0.103612,0.209189,0.360573,-0.156833,0
0.24751,-0.091561,-0.190919,0.32458,-0.141261,0,-0.270832,0.103427,0.208918,0.36003,-0.156597,0
0.247886,-0.091748,-0.19121,0.325145,-0.141507,0,-0.270479,0.103242,0.208647,0.359486,-0.156362,0
0.248262,-0.091935,-0.191501,0.325711,-0.141753,0,-0.270126,0.103058,0.208377,0.358942,-0.156127,0
0.248638,-0.092122,-0.191792,0.326276,-0.141999,0,-0.269773,0.102873,0.208106,0.358398,-0.155892,0
0.249014,-0.092309,-0.192083,0.326841,-0.142245,0,-0.26942,0.102688,0.207835,0.357855,-0.155657,0
0.24939,-0.092497,-0.192374,0.327406,-0.142492,0,-0.269067,0.102504,0.207565,0.357311,-0.155421,0
0.249766,-0.092684,-0.192665,0.327972,-0.142738,0,-0.268714,0.102319,0.207294,0.356767,-0.155186,0
0.250142,-0.092871,-0.192956,0.328537,-0.142984,0,-0.268361,0.102134,0.207023,0.356223,-0.154951,0
0.250518,-0.093058,-0.193246,0.329102,-0.14323,0,-0.268008,0.101949,0.206753,0.35568,-0.154716,0
0.250894,-0.093245,-0.193538,0.329668,-0.143476,0,-0.267655,0.101765,0.206482,0.355136,-0.15448,0
0.25127,-0.093433,-0.193828,0.330233,-0.143722,0,-0.267302,0.10158,0.206211,0.354592,-0.154245,0
0.251646,-0.09362,-0.194119,0.330798,-0.143968,0,-0.266949,0.101395,0.205941,0.354048,-0.15401,0
0.252021,-0.093807,-0.19441,0.331363,-0.144214,0,-0.266596,0.10121,0.20567,0.353505,-0.153775,0
0.252397,-0.093994,-0.194701,0.331928,-0.14446,0,-0.266243,0.101026,0.2054,0.352961,-0.153539,0
0.252773,-0.094182,-0.194992,0.332494,-0.144706,0,-0.26589,0.100841,0.205129,0.352417,-0.153304,0
0.253149,-0.094369,-0.195283,0.333059,-0.144952,0,-0.265537,0.100656,0.204858,0.351873,-0.153069,0
0.253518,-0.094555,-0.195568,0.333617,-0.145193,0,-0.265176,0.100471,0.20458,0.351323,-0.152831,0
0.253882,-0.09474,-0.19585,0.33417,-0.145432,0,-0.264812,0.100286,0.204298,0.350769,-0.152593,0
0.254247,-0.094925,-0.196131,0.334724,-0.145671,0,-0.264447,0.100101,0.204017,0.350216,-0.152354,0
0.254611,-0.095109,-0.196413,0.335277,-0.14591,0,-0.264083,0.099916,0.203735,0.349662,-0.152115,0
0.254976,-0.095294,-0.196695,0.335831,-0.146149,0,-0.263718,0.099731,0.203453,0.349109,-0.151876,0
0.25534,-0.095479,-0.196977,0.336384,-0.146387,0,-0.263354,0.099547,0.203171,0.348555,-0.151637,0
0.255704,-0.095664,-0.197258,0.336938,-0.146626,0,-0.262989,0.099362,0.20289,0.348002,-0.151399,0
0.256069,-0.095849,-0.19754,0.337492,-0.146865,0,-0.262625,0.099177,0.202608,0.347448,-0.15116,0
0.256433,-0.096034,-0.197822,0.338045,-0.147104,0,-0.26226,0.098992,0.202326,0.346895,-0.150921,0
0.256798,-0.096219,-0.198104,0.338599,-0.147342,0,-0.261896,0.098807,0.202045,0.346341,-0.150682,0
0.257162,-0.096404,-0.198385,0.339152,-0.147581,0,-0.261531,0.098622,0.201763,0.345788,-0.150444,0
0.257527,-0.096589,-0.198667,0.339706,-0.14782,0,-0.261167,0.098437,0.201481,0.345234,-0.150205,0
0.257891,-0.096774,-0.198949,0.340259,-0.148059,0,-0.260802,0.098252,0.201199,0.344681,-0.149966,0
0.258256,-0.096959,-0.199231,0.340813,-0.148298,0,-0.260438,0.098067,0.200917,0.344127,-0.149727,0
0.25862,-0.097144,-0.199512,0.341367,-0.148536,0,-0.260074,0.097882,0.200636,0.343574,-0.149489,0
0.258985,-0.097329,-0.199794,0.34192,-0.148775,0,-0.259709,0.097697,0.200354,0.34302,-0.14925,0
0.259349,-0.097514,-0.200076,0.342474,-0.149014,0,-0.259345,0.097512,0.200072,0.342466,-0.149011,0
0.259714,-0.097699,-0.200358,0.343027,-0.149253,0,-0.25898,0.097327,0.199791,0.341913,-0.148772,0
0.260078,-0.097884,-0.200639,0.343581,-0.149492,0,-0.258616,0.097142,0.199509,0.341359,-0.148533,0
0.260443,-0.098069,-0.200921,0.344134,-0.14973,0,-0.258251,0.096957,0.199227,0.340806,-0.148295,0
0.260807,-0.098254,-0.201203,0.344688,-0.149969,0,-0.257887,0.096772,0.198945,0.340252,-0.148056,0
0.261172,-0.098439,-0.201485,0.345241,-0.150208,0,-0.257522,0.096587,0.198664,0.339699,-0.147817,0
0.261536,-0.098624,-0.201766,0.345795,-0.150447,0,-0.257158,0.096402,0.198382,0.339145,-0.147578,0
0.261901,-0.098809,-0.202048,0.346349,-0.150686,0,-0.256793,0.096217,0.1981,0.338592,-0.147339,0
0.262265,-0.098994,-0.20233,0.346902,-0.150924,0,-0.256429,0.096032,0.197818,0.338038,-0.147101,0
0.26263,-0.099179,-0.202612,0.347456,-0.151163,0,-0.256064,0.095847,0.197537,0.337485,-0.146862,0
0.262994,-0.099364,-0.202894,0.348009,-0.151402,0,-0.2557,0.095662,0.197255,0.336931,-0.146623,0
0.263359,-0.099549,-0.203175,0.348563,-0.151641,0,-0.255336,0.095477,0.196973,0.336378,-0.146384,0
0.263723,-0.099734,-0.203457,0.349116,-0.151879,0,-0.254971,0.095292,0.196691,0.335824,-0.146146,0
0.264088,-0.099919,-0.203739,0.34967,-0.152118,0,-0.254607,0.095107,0.19641,0.33527,-0.145907,0
0.264452,-0.100104,-0.204021,0.350223,-0.152357,0,-0.254242,0.094922,0.196128,0.334717,-0.145668,0
0.264817,-0.100289,-0.204302,0.350777,-0.152596,0,-0.253878,0.094737,0.195846,0.334163,-0.145429,0
0.265181,-0.100474,-0.204584,0.351331,-0.152835,0,-0.253513,0.094552,0.195564,0.33361,-0.145191,0
0.265542,-0.100659,-0.204862,0.351881,-0.153072,0,-0.253145,0.094367,0.195279,0.333052,-0.144949,0
0.265895,-0.100844,-0.205133,0.352425,-0.153308,0,-0.252769,0.094179,0.194989,0.332487,-0.144703,0
0.266248,-0.101028,-0.205403,0.352969,-0.153543,0,-0.252393,0.093992,0.194698,0.331922,-0.144457,0
0.266601,-0.101213,-0.205674,0.353512,-0.153778,0,-0.252017,0.093805,0.194407,0.331357,-0.144211,0
0.266954,-0.101398,-0.205945,0.354056,-0.154013,0,-0.251641,0.093618,0.194116,0.330791,-0.143965,0
0.267307,-0.101583,-0.206215,0.3546,-0.154249,0,-0.251265,0.093431,0.193825,0.330226,-0.143719,0
0.26766,-0.101767,-0.206486,0.355144,-0.154484,0,-0.250889,0.093243,0.193534,0.329661,-0.143473,0
0.268013,-0.101952,-0.206757,0.355687,-0.154719,0,-0.250513,0.093056,0.193243,0.329096,-0.143227,0
0.268366,-0.102137,-0.207027,0.356231,-0.154954,0,-0.250137,0.092869,0.192952,0.32853,-0.142981,0
0.268719,-0.102322,-0.207298,0.356775,-0.155189,0,-0.249762,0.092682,0.192661,0.327965,-0.142735,0
0.269072,-0.102506,-0.207569,0.357319,-0.155425,0,-0.249386,0.092495,0.192371,0.3274,-0.142489,0
0.269425,-0.102691,-0.207839,0.357863,-0.15566,0,-0.24901,0.092307,0.19208,0.326835,-0.142243,0
0.269778,-0.102876,-0.20811,0.358406,-0.155895,0,-0.248634,0.09212,0.191789,0.326269,-0.141997,0
0.270131,-0.10306,-0.208381,0.35895,-0.15613,0,-0.248258,0.091933,0.191498,0.325704,-0.141751,0
0.270484,-0.103245,-0.208651,0.359494,-0.156366,0,-0.247882,0.091746,0.191207,0.325139,-0.141505,0
0.270837,-0.10343,-0.208922,0.360038,-0.156601,0,-0.247506,0.091558,0.190916,0.324574,-0.141259,0
0.27119,-0.103615,-0.209193,0.360581,-0.156836,0,-0.24713,0.091371,0.190625,0.324009,-0.141012,0
0.271544,-0.103799,-0.209463,0.361125,-0.157071,0,-0.246754,0.091184,0.190334,0.323443,-0.140766,0
0.271897,-0.103984,-0.209734,0.361669,-0.157307,0,-0.246378,0.090997,0.190043,0.322878,-0.14052,0
0.27225,-0.104169,-0.210004,0.362213,-0.157542,0,-0.246003,0.09081,0.189752,0.322313,-0.140274,0
0.272603,-0.104354,-0.210275,0.362757,-0.157777,0,-0.245627,0.090622,0.189462,0.321747,-0.140028,0
0.272956,-0.104538,-0.210546,0.3633,-0.158012,0,-0.245251,0.090435,0.189171,0.321182,-0.139782,0
0.273309,-0.104723,-0.210816,0.363844,-0.158248,0,-0.244875,0.090248,0.18888,0.320617,-0.139536,0
0.273662,-0.104908,-0.211087,0.364388,-0.158483,0,-0.244499,0.090061,0.188589,0.320052,-0.13929,0
0.274015,-0.105093,-0.211358,0.364932,-0.158718,0,-0.244123,0.089874,0.188298,0.319487,-0.139044,0
0.274368,-0.105277,-0.211628,0.365476,-0.158953,0,-0.243747,0.089686,0.188007,0.318921,-0.138798,0
0.274721,-0.105462,-0.211899,0.366019,-0.159189,0,-0.243371,0.089499,0.187716,0.318356,-0.138552,0
0.275074,-0.105647,-0.21217,0.366563,-0.159424,0,-0.242995,0.089312,0.187425,0.317791,-0.138306,0
0.275427,-0.105832,-0.21244,0.367107,-0.159659,0,-0.242619,0.089125,0.187134,0.317226,-0.13806,0
0.27578,-0.106016,-0.212711,0.367651,-0.159894,0,-0.242243,0.088938,0.186844,0.316661,-0.137814,0
0.276133,-0.106201,-0.212982,0.368194,-0.16013,0,-0.241868,0.08875,0.186553,0.316095,-0.137568,0
0.276486,-0.106386,-0.213252,0.368738,-0.160365,0,-0.241492,0.088563,0.186262,0.31553,-0.137322,0
0.276839,-0.10657,-0.213523,0.369282,-0.1606,0,-0.241116,0.088376,0.185971,0.314965,-0.137076,0
0.277192,-0.106755,-0.213794,0.369826,-0.160835,0,-0.24074,0.088189,0.18568,0.314399,-0.13683,0
0.277533,-0.106938,-0.214053,0.370356,-0.161065,0,-0.240352,0.088003,0.185378,0.313827,-0.136582,0
0.277874,-0.10712,-0.214312,0.370885,-0.161295,0,-0.239963,0.087818,0.185076,0.313254,-0.136334,0
0.278214,-0.107303,-0.214572,0.371415,-0.161525,0,-0.239575,0.087632,0.184774,0.312681,-0.136086,0
0.278555,-0.107485,-0.214832,0.371945,-0.161755,0,-0.239187,0.087447,0.184472,0.312108,-0.135839,0
0.278895,-0.107668,-0.215091,0.372475,-0.161984,0,-0.238799,0.087261,0.18417,0.311535,-0.135591,0
0.279236,-0.10785,-0.215351,0.373005,-0.162214,0,-0.238411,0.087076,0.183868,0.310962,-0.135343,0
0.279577,-0.108033,-0.21561,0.373535,-0.162444,0,-0.238023,0.086891,0.183566,0.310389,-0.135096,0
0.279917,-0.108215,-0.215869,0.374064,-0.162674,0,-0.237635,0.086705,0.183264,0.309817,-0.134848,0
0.280258,-0.108398,-0.216129,0.374594,-0.162904,0,-0.237247,0.08652,0.182962,0.309244,-0.1346,0
0.280598,-0.10858,-0.216388,0.375124,-0.163134,0,-0.236859,0.086334,0.18266,0.308671,-0.134352,0
0.280939,-0.108763,-0.216648,0.375654,-0.163363,0,-0.23647,0.086149,0.182358,0.308098,-0.134105,0
0.28128,-0.108946,-0.216907,0.376184,-0.163593,0,-0.236082,0.085963,0.182057,0.307525,-0.133857,0
0.28162,-0.109128,-0.217167,0.376714,-0.163823,0,-0.235694,0.085778,0.181755,0.306952,-0.133609,0
0.281961,-0.10931,-0.217426,0.377243,-0.164053,0,-0.235306,0.085592,0.181453,0.30638,-0.133362,0
0.282302,-0.109493,-0.217686,0.377773,-0.164283,0,-0.234918,0.085407,0.181151,0.305807,-0.133114,0
0.282642,-0.109676,-0.217945,0.378303,-0.164512,0,-0.23453,0.085221,0.180849,0.305234,-0.132866,0
0.282983,-0.109858,-0.218205,0.378833,-0.164742,0,-0.234142,0.085036,0.180547,0.304661,-0.132618,0
0.283323,-0.110041,-0.218464,0.379363,-0.164972,0,-0.233754,0.08485,0.180245,0.304088,-0.132371,0
0.283664,-0.110223,-0.218724,0.379893,-0.165202,0,-0.233366,0.084665,0.179943,0.303515,-0.132123,0
0.284005,-0.110406,-0.218983,0.380423,-0.165432,0,-0.232977,0.08448,0.179641,0.302942,-0.131875,0
0.284345,-0.110588,-0.219243,0.380952,-0.165662,0,-0.232589,0.084294,0.179339,0.30237,-0.131628,0
0.284686,-0.110771,-0.219502,0.381482,-0.165891,0,-0.232201,0.084109,0.179037,0.301797,-0.13138,0
0.285027,-0.110953,-0.219762,0.382012,-0.166121,0,-0.231813,0.083923,0.178735,0.301224,-0.131132,0
0.285367,-0.111136,-0.220021,0.382542,-0.166351,0,-0.231425,0.083738,0.178433,0.300651,-0.130884,0
0.285708,-0.111318,-0.220281,0.383072,-0.166581,0,-0.231037,0.083552,0.178131,0.300078,-0.130637,0
0.286048,-0.111501,-0.22054,0.383602,-0.166811,0,-0.230649,0.083367,0.17783,0.299505,-0.130389,0
0.286389,-0.111683,-0.2208,0.384131,-0.16704,0,-0.230261,0.083181,0.177528,0.298932,-0.130141,0
0.28673,-0.111866,-0.221059,0.384661,-0.16727,0,-0.229873,0.082996,0.177226,0.29836,-0.129894,0
0.28707,-0.112048,-0.221319,0.385191,-0.1675,0,-0.229484,0.08281,0.176924,0.297787,-0.129646,0
0.287411,-0.112231,-0.221578,0.385721,-0.16773,0,-0.229096,0.082625,0.176622,0.297214,-0.129398,0
0.287752,-0.112413,-0.221838,0.386251,-0.16796,0,-0.228708,0.08244,0.17632,0.296641,-0.12915,0
0.288092,-0.112596,-0.222097,0.38678,-0.16819,0,-0.22832,0.082254,0.176018,0.296068,-0.128903,0
0.288433,-0.112778,-0.222357,0.38731,-0.168419,0,-0.227932,0.082069,0.175716,0.295495,-0.128655,0
0.288765,-0.112958,-0.222609,0.387831,-0.168643,0,-0.227537,0.081883,0.175408,0.294917,-0.128404,0
0.289092,-0.113137,-0.222857,0.388347,-0.168864,0,-0.22714,0.081697,0.175097,0.294337,-0.12815,0
0.289419,-0.113315,-0.223106,0.388862,-0.169084,0,-0.226742,0.081512,0.174786,0.293757,-0.127897,0
0.289746,-0.113493,-0.223354,0.389378,-0.169305,0,-0.226344,0.081326,0.174475,0.293176,-0.127644,0
0.290073,-0.113671,-0.223602,0.389894,-0.169526,0,-0.225947,0.08114,0.174164,0.292596,-0.127391,0
0.290401,-0.11385,-0.22385,0.39041,-0.169746,0,-0.225549,0.080954,0.173853,0.292015,-0.127138,0
0.290728,-0.114028,-0.224099,0.390925,-0.169967,0,-0.225152,0.080769,0.173542,0.291435,-0.126885,0
0.291055,-0.114206,-0.224347,0.391441,-0.170188,0,-0.224754,0.080583,0.173231,0.290854,-0.126632,0
0.291382,-0.114385,-0.224595,0.391957,-0.170408,0,-0.224356,0.080397,0.17292,0.290274,-0.126379,0
0.29171,-0.114563,-0.224844,0.392473,-0.170629,0,-0.223959,0.080212,0.172609,0.289694,-0.126126,0
0.292037,-0.114741,-0.225092,0.392988,-0.17085,0,-0.223561,0.080026,0.172298,0.289113,-0.125872,0
0.292364,-0.11492,-0.22534,0.393504,-0.17107,0,-0.223164,0.07984,0.171987,0.288533,-0.125619,0
0.292691,-0.115098,-0.225589,0.39402,-0.171291,0,-0.222766,0.079655,0.171676,0.287952,-0.125366,0
0.293018,-0.115276,-0.225837,0.394536,-0.171512,0,-0.222368,0.079469,0.171365,0.287372,-0.125113,0
0.293346,-0.115455,-0.226085,0.395051,-0.171732,0,-0.221971,0.079283,0.171054,0.286792,-0.12486,0
0.293673,-0.115633,-0.226333,0.395567,-0.171953,0,-0.221573,0.079097,0.170743,0.286211,-0.124607,0
0.294,-0.115811,-0.226582,0.396083,-0.172174,0,-0.221175,0.078912,0.170432,0.285631,-0.124354,0
0.294327,-0.11599,-0.22683,0.396599,-0.172394,0,-0.220778,0.078726,0.170121,0.28505,-0.124101,0
0.294654,-0.116168,-0.227078,0.397114,-0.172615,0,-0.22038,0.07854,0.16981,0.28447,-0.123848,0
0.294982,-0.116346,-0.227327,0.39763,-0.172835,0,-0.219983,0.078354,0.169499,0.283889,-0.123594,0
0.295309,-0.116525,-0.227575,0.398146,-0.173056,0,-0.219585,0.078169,0.169188,0.283309,-0.123341,0
0.295636,-0.116703,-0.227823,0.398662,-0.173277,0,-0.219187,0.077983,0.168877,0.282729,-0.123088,0
0.295963,-0.116881,-0.228072,0.399177,-0.173497,0,-0.21879,0.077797,0.168566,0.282148,-0.122835,0
0.296291,-0.11706,-0.22832,0.399693,-0.173718,0,-0.218392,0.077612,0.168255,0.281568,-0.122582,0
0.296618,-0.117238,-0.228568,0.400209,-0.173939,0,-0.217994,0.077426,0.167944,0.280987,-0.122329,0
0.296945,-0.117416,-0.228816,0.400725,-0.174159,0,-0.217597,0.07724,0.167632,0.280407,-0.122076,0
0.297272,-0.117595,-0.229065,0.40124,-0.17438,0,-0.217199,0.077055,0.167322,0.279827,-0.121823,0
0.297599,-0.117773,-0.229313,0.401756,-0.174601,0,-0.216802,0.076869,0.167011,0.279246,-0.12157,0
0.297927,-0.117951,-0.229561,0.402272,-0.174821,0,-0.216404,0.076683,0.1667,0.278666,-0.121316,0
0.298254,-0.11813,-0.22981,0.402788,-0.175042,0,-0.216006,0.076497,0.166389,0.278085,-0.121063,0
0.298581,-0.118308,-0.230058,0.403303,-0.175263,0,-0.215609,0.076312,0.166078,0.277505,-0.12081,0
0.298908,-0.118486,-0.230306,0.403819,-0.175483,0,-0.215211,0.076126,0.165766,0.276924,-0.120557,0
0.299235,-0.118665,-0.230554,0.404335,-0.175704,0,-0.214813,0.07594,0.165455,0.276344,-0.120304,0
0.299558,-0.118842,-0.230798,0.404845,-0.175923,0,-0.214413,0.075755,0.165142,0.275762,-0.12005,0
0.299871,-0.119018,-0.231034,0.405345,-0.176138,0,-0.214008,0.075571,0.164824,0.275178,-0.119796,0
0.300184,-0.119195,-0.231269,0.405844,-0.176353,0,-0.213602,0.075387,0.164506,0.274594,-0.119541,0
0.300497,-0.119371,-0.231504,0.406343,-0.176568,0,-0.213197,0.075203,0.164187,0.27401,-0.119286,0
0.30081,-0.119547,-0.231739,0.406843,-0.176784,0,-0.212792,0.075019,0.163869,0.273426,-0.119031,0
0.301122,-0.119723,-0.231974,0.407342,-0.176999,0,-0.212386,0.074835,0.163551,0.272843,-0.118776,0
0.301435,-0.119899,-0.232209,0.407842,-0.177214,0,-0.211981,0.074651,0.163233,0.272258,-0.118522,0
0.301748,-0.120075,-0.232444,0.408341,-0.177429,0,-0.211576,0.074467,0.162915,0.271675,-0.118267,0
0.302061,-0.120251,-0.23268,0.408841,-0.177644,0,-0.21117,0.074284,0.162597,0.27109,-0.118012,0
0.302374,-0.120427,-0.232915,0.40934,-0.17786,0,-0.210765,0.0741,0.162279,0.270507,-0.117757,0
0.302687,-0.120604,-0.23315,0.40984,-0.178075,0,-0.21036,0.073916,0.16196,0.269923,-0.117503,0
0.303,-0.12078,-0.233385,0.410339,-0.17829,0,-0.209954,0.073731,0.161642,0.269339,-0.117248,0
0.303313,-0.120956,-0.23362,0.410839,-0.178505,0,-0.209549,0.073548,0.161324,0.268755,-0.116993,0
0.303625,-0.121132,-0.233855,0.411338,-0.17872,0,-0.209143,0.073364,0.161006,0.268171,-0.116738,0
0.303938,-0.121308,-0.23409,0.411837,-0.178936,0,-0.208738,0.07318,0.160688,0.267587,-0.116483,0
0.304251,-0.121484,-0.234325,0.412337,-0.179151,0,-0.208333,0.072996,0.160369,0.267003,-0.116229,0
0.304564,-0.12166,-0.234561,0.412836,-0.179366,0,-0.207927,0.072812,0.160051,0.266419,-0.115974,0
0.304877,-0.121837,-0.234796,0.413336,-0.179581,0,-0.207522,0.072628,0.159733,0.265835,-0.115719,0
0.30519,-0.122013,-0.235031,0.413835,-0.179796,0,-0.207117,0.072444,0.159415,0.265251,-0.115464,0
0.305503,-0.122189,-0.235266,0.414335,-0.180012,0,-0.206711,0.07226,0.159097,0.264667,-0.11521,0
0.305816,-0.122365,-0.235501,0.414834,-0.180227,0,-0.206306,0.072076,0.158779,0.264083,-0.114955,0
0.306128,-0.122541,-0.235736,0.415334,-0.180442,0,-0.205901,0.071892,0.158461,0.263499,-0.1147,0
0.306441,-0.122717,-0.235971,0.415833,-0.180657,0,-0.205495,0.071708,0.158142,0.262915,-0.114445,0
0.306754,-0.122893,-0.236206,0.416333,-0.180872,0,-0.20509,0.071524,0.157824,0.262331,-0.11419,0
0.307067,-0.123069,-0.236441,0.416832,-0.181088,0,-0.204685,0.07134,0.157506,0.261747,-0.113936,0
0.30738,-0.123246,-0.236677,0.417332,-0.181303,0,-0.204279,0.071156,0.157188,0.261163,-0.113681,0
0.307693,-0.123422,-0.236912,0.417831,-0.181518,0,-0.203874,0.070972,0.15687,0.260579,-0.113426,0
0.308006,-0.123598,-0.237147,0.41833,-0.181733,0,-0.203469,0.070788,0.156552,0.259995,-0.113171,0
0.308319,-0.123774,-0.237382,0.41883,-0.181948,0,-0.203063,0.070604,0.156233,0.259411,-0.112917,0
0.308632,-0.12395,-0.237617,0.419329,-0.182164,0,-0.202658,0.07042,0.155915,0.258827,-0.112662,0
0.308944,-0.124126,-0.237852,0.419829,-0.182379,0,-0.202252,0.070236,0.155597,0.258243,-0.112407,0
0.309257,-0.124302,-0.238087,0.420328,-0.182594,0,-0.201847,0.070052,0.155279,0.257659,-0.112152,0
0.30957,-0.124478,-0.238323,0.420828,-0.182809,0,-0.201442,0.069868,0.154961,0.257075,-0.111897,0
0.309883,-0.124655,-0.238558,0.421327,-0.183024,0,-0.201036,0.069684,0.154643,0.256491,-0.111643,0
0.310183,-0.124827,-0.238784,0.42181,-0.183232,0,-0.200623,0.069504,0.154317,0.255903,-0.111386,0
0.310484,-0.124999,-0.239009,0.422293,-0.18344,0,-0.20021,0.069324,0.153992,0.255316,-0.11113,0
0.310784,-0.125171,-0.239235,0.422776,-0.183648,0,-0.199797,0.069144,0.153667,0.254728,-0.110873,0
0.311084,-0.125343,-0.239461,0.423259,-0.183856,0,-0.199384,0.068964,0.153341,0.254141,-0.110617,0
0.311384,-0.125515,-0.239687,0.423742,-0.184064,0,-0.198971,0.068783,0.153016,0.253553,-0.11036,0
0.311685,-0.125686,-0.239912,0.424225,-0.184272,0,-0.198558,0.068603,0.152691,0.252966,-0.110104,0
0.311985,-0.125859,-0.240138,0.424708,-0.18448,0,-0.198145,0.068423,0.152366,0.252378,-0.109848,0
0.312285,-0.12603,-0.240364,0.425191,-0.184687,0,-0.197732,0.068243,0.15204,0.25179,-0.109591,0
0.312585,-0.126202,-0.24059,0.425674,-0.184895,0,-0.197319,0.068063,0.151715,0.251203,-0.109335,0
0.312885,-0.126374,-0.240816,0.426157,-0.185103,0,-0.196906,0.067882,0.15139,0.250615,-0.109078,0
0.313186,-0.126546,-0.241041,0.42664,-0.185311,0,-0.196493,0.067702,0.151064,0.250028,-0.108822,0
0.313486,-0.126718,-0.241267,0.427123,-0.185519,0,-0.19608,0.067522,0.150739,0.24944,-0.108565,0
0.313786,-0.12689,-0.241493,0.427606,-0.185727,0,-0.195667,0.067342,0.150414,0.248853,-0.108309,0
0.314086,-0.127062,-0.241719,0.428089,-0.185935,0,-0.195254,0.067162,0.150089,0.248265,-0.108052,0
0.314387,-0.127234,-0.241944,0.428572,-0.186143,0,-0.19484,0.066981,0.149763,0.247678,-0.107796,0
0.314687,-0.127406,-0.24217,0.429055,-0.18635,0,-0.194427,0.066801,0.149438,0.24709,-0.10754,0
0.314987,-0.127578,-0.242396,0.429538,-0.186558,0,-0.194014,0.066621,0.149113,0.246503,-0.107283,0
0.315287,-0.12775,-0.242622,0.430021,-0.186766,0,-0.193601,0.066441,0.148787,0.245915,-0.107027,0
0.315588,-0.127922,-0.242848,0.430504,-0.186974,0,-0.193188,0.066261,0.148462,0.245327,-0.10677,0
0.315888,-0.128094,-0.243073,0.430987,-0.187182,0,-0.192775,0.06608,0.148137,0.24474,-0.106514,0
0.316188,-0.128266,-0.243299,0.43147,-0.18739,0,-0.192362,0.0659,0.147812,0.244152,-0.106257,0
0.316488,-0.128438,-0.243525,0.431953,-0.187598,0,-0.191949,0.06572,0.147486,0.243565,-0.106001,0
0.316788,-0.12861,-0.243751,0.432436,-0.187806,0,-0.191536,0.06554,0.147161,0.242977,-0.105744,0
0.317089,-0.128782,-0.243977,0.432919,-0.188013,0,-0.191123,0.06536,0.146836,0.24239,-0.105488,0
0.317389,-0.128954,-0.244202,0.433402,-0.188221,0,-0.19071,0.065179,0.14651,0.241802,-0.105232,0
0.317689,-0.129126,-0.244428,0.433885,-0.188429,0,-0.190297,0.064999,0.146185,0.241214,-0.104975,0
0.317989,-0.129298,-0.244654,0.434368,-0.188637,0,-0.189884,0.064819,0.14586,0.240627,-0.104719,0
0.31829,-0.12947,-0.24488,0.434851,-0.188845,0,-0.189471,0.064639,0.145535,0.240039,-0.104462,0
0.31859,-0.129642,-0.245105,0.435334,-0.189053,0,-0.189058,0.064459,0.145209,0.239452,-0.104206,0
0.31889,-0.129814,-0.245331,0.435817,-0.189261,0,-0.188645,0.064278,0.144884,0.238864,-0.103949,0
0.31919,-0.129986,-0.245557,0.4363,-0.189469,0,-0.188232,0.064098,0.144559,0.238277,-0.103693,0
0.319491,-0.130158,-0.245783,0.436783,-0.189676,0,-0.187819,0.063918,0.144233,0.237689,-0.103436,0
0.319791,-0.13033,-0.246009,0.437266,-0.189884,0,-0.187406,0.063738,0.143908,0.237102,-0.10318,0
0.320081,-0.130499,-0.246226,0.437736,-0.190087,0,-0.186989,0.063559,0.143578,0.236513,-0.102924,0
0.320366,-0.130667,-0.246438,0.438201,-0.190288,0,-0.18657,0.06338,0.143246,0.235924,-0.102667,0
0.320651,-0.130835,-0.246651,0.438665,-0.190488,0,-0.186151,0.063202,0.142913,0.235334,-0.102411,0
0.320935,-0.131002,-0.246863,0.439129,-0.190689,0,-0.185731,0.063023,0.142581,0.234745,-0.102155,0
0.32122,-0.13117,-0.247076,0.439593,-0.190889,0,-0.185312,0.062845,0.142248,0.234156,-0.101899,0
0.321505,-0.131338,-0.247288,0.440058,-0.19109,0,-0.184893,0.062667,0.141916,0.233567,-0.101642,0
0.32179,-0.131506,-0.247501,0.440522,-0.19129,0,-0.184475,0.062488,0.141584,0.232978,-0.101386,0
0.322075,-0.131674,-0.247713,0.440986,-0.191491,0,-0.184056,0.06231,0.141251,0.232389,-0.10113,0
0.322359,-0.131842,-0.247926,0.441451,-0.191691,0,-0.183637,0.062131,0.140919,0.2318,-0.100874,0
0.322644,-0.13201,-0.248138,0.441915,-0.191892,0,-0.183218,0.061953,0.140587,0.23121,-0.100617,0
0.322929,-0.132177,-0.248351,0.442379,-0.192093,0,-0.182799,0.061774,0.140254,0.230621,-0.100361,0
0.323214,-0.132345,-0.248564,0.442843,-0.192293,0,-0.182379,0.061596,0.139922,0.230032,-0.100105,0
0.323499,-0.132513,-0.248776,0.443308,-0.192494,0,-0.18196,0.061417,0.139589,0.229443,-0.099849,0
0.323784,-0.132681,-0.248989,0.443772,-0.192694,0,-0.181541,0.061239,0.139257,0.228854,-0.099592,0
0.324068,-0.132849,-0.249201,0.444236,-0.192895,0,-0.181123,0.061061,0.138925,0.228265,-0.099336,0
0.324353,-0.133016,-0.249414,0.4447,-0.193095,0,-0.180704,0.060882,0.138592,0.227675,-0.09908,0
0.324638,-0.133184,-0.249626,0.445165,-0.193296,0,-0.180285,0.060704,0.13826,0.227086,-0.098824,0
0.324923,-0.133352,-0.249839,0.445629,-0.193496,0,-0.179866,0.060525,0.137928,0.226497,-0.098567,0
0.325208,-0.13352,-0.250051,0.446093,-0.193697,0,-0.179446,0.060347,0.137595,0.225908,-0.098311,0
0.325492,-0.133688,-0.250264,0.446558,-0.193897,0,-0.179027,0.060168,0.137263,0.225319,-0.098055,0
0.325777,-0.133855,-0.250476,0.447022,-0.194098,0,-0.178608,0.05999,0.13693,0.224729,-0.097798,0
0.326062,-0.134023,-0.250689,0.447486,-0.194298,0,-0.178189,0.059811,0.136598,0.22414,-0.097542,0
0.326347,-0.134191,-0.250901,0.44795,-0.194499,0,-0.177771,0.059633,0.136266,0.223551,-0.097286,0
0.326632,-0.134359,-0.251114,0.448415,-0.194699,0,-0.177352,0.059455,0.135933,0.222962,-0.09703,0
0.326916,-0.134527,-0.251327,0.448879,-0.1949,0,-0.176933,0.059276,0.135601,0.222373,-0.096773,0
0.327201,-0.134695,-0.251539,0.449343,-0.1951,0,-0.176513,0.059098,0.135268,0.221784,-0.096517,0
0.327486,-0.134862,-0.251752,0.449807,-0.195301,0,-0.176094,0.058919,0.134936,0.221194,-0.096261,0
0.327771,-0.13503,-0.251964,0.450272,-0.195502,0,-0.175675,0.058741,0.134604,0.220605,-0.096005,0
0.328056,-0.135198,-0.252177,0.450736,-0.195702,0,-0.175256,0.058562,0.134271,0.220016,-0.095748,0
0.328341,-0.135366,-0.252389,0.4512,-0.195903,0,-0.174837,0.058384,0.133939,0.219427,-0.095492,0
0.328625,-0.135534,-0.252602,0.451664,-0.196103,0,-0.174419,0.058206,0.133607,0.218838,-0.095236,0
0.32891,-0.135702,-0.252814,0.452129,-0.196304,0,-0.173999,0.058027,0.133274,0.218249,-0.09498,0
0.329195,-0.135869,-0.253027,0.452593,-0.196504,0,-0.173581,0.057849,0.132942,0.217659,-0.094723,0
0.329476,-0.136035,-0.253236,0.453051,-0.196702,0,-0.173159,0.057672,0.132608,0.217071,-0.094467,0
0.329748,-0.136197,-0.253437,0.453496,-0.196893,0,-0.172735,0.057497,0.13227,0.216484,-0.094211,0
0.33002,-0.136359,-0.253638,0.453942,-0.197084,0,-0.17231,0.057322,0.131932,0.215897,-0.093955,0
0.330292,-0.136521,-0.253839,0.454387,-0.197276,0,-0.171885,0.057148,0.131595,0.21531,-0.093699,0
0.330564,-0.136682,-0.25404,0.454832,-0.197467,0,-0.17146,0.056973,0.131257,0.214723,-0.093443,0
0.330836,-0.136844,-0.254241,0.455278,-0.197658,0,-0.171035,0.056798,0.13092,0.214136,-0.093187,0
0.331108,-0.137006,-0.254443,0.455723,-0.197849,0,-0.17061,0.056624,0.130582,0.21355,-0.092931,0
0.33138,-0.137167,-0.254644,0.456169,-0.198041,0,-0.170185,0.056449,0.130245,0.212963,-0.092675,0
0.331652,-0.137329,-0.254845,0.456614,-0.198232,0,-0.16976,0.056274,0.129907,0.212376,-0.092419,0
0.331924,-0.137491,-0.255046,0.457059,-0.198423,0,-0.169335,0.0561,0.129569,0.211789,-0.092162,0
0.332196,-0.137652,-0.255247,0.457505,-0.198615,0,-0.16891,0.055925,0.129232,0.211202,-0.091906,0
0.332468,-0.137814,-0.255448,0.45795,-0.198806,0,-0.168485,0.05575,0.128894,0.210615,-0.09165,0
0.33274,-0.137976,-0.25565,0.458395,-0.198997,0,-0.16806,0.055576,0.128557,0.210028,-0.091394,0
0.333012,-0.138138,-0.255851,0.458841,-0.199189,0,-0.167635,0.055401,0.128219,0.209441,-0.091138,0
0.333284,-0.138299,-0.256052,0.459286,-0.19938,0,-0.167211,0.055226,0.127882,0.208854,-0.090882,0
0.333556,-0.138461,-0.256253,0.459731,-0.199571,0,-0.166786,0.055052,0.127544,0.208267,-0.090626,0
0.333828,-0.138623,-0.256454,0.460177,-0.199762,0,-0.166361,0.054877,0.127206,0.20768,-0.09037,0
0.3341,-0.138785,-0.256656,0.460622,-0.199954,0,-0.165936,0.054702,0.126869,0.207093,-0.090114,0
0.334372,-0.138946,-0.256857,0.461067,-0.200145,0,-0.165511,0.054528,0.126531,0.206506,-0.089858,0
0.334644,-0.139108,-0.257058,0.461513,-0.200336,0,-0.165086,0.054353,0.126194,0.205919,-0.089602,0
0.334916,-0.13927,-0.257259,0.461958,-0.200528,0,-0.164661,0.054178,0.125856,0.205333,-0.089346,0
0.335188,-0.139431,-0.25746,0.462403,-0.200719,0,-0.164236,0.054004,0.125519,0.204746,-0.08909,0
0.33546,-0.139593,-0.257661,0.462849,-0.20091,0,-0.163811,0.053829,0.125181,0.204159,-0.088834,0
0.335732,-0.139755,-0.257863,0.463294,-0.201101,0,-0.163386,0.053655,0.124843,0.203572,-0.088577,0
0.336004,-0.139917,-0.258064,0.463739,-0.201293,0,-0.162961,0.05348,0.124506,0.202985,-0.088321,0
0.336276,-0.140078,-0.258265,0.464185,-0.201484,0,-0.162536,0.053305,0.124168,0.202398,-0.088065,0
0.336548,-0.14024,-0.258466,0.46463,-0.201675,0,-0.162111,0.05313,0.123831,0.201811,-0.087809,0
0.33682,-0.140402,-0.258667,0.465075,-0.201867,0,-0.161686,0.052956,0.123493,0.201224,-0.087553,0
0.337092,-0.140563,-0.258869,0.465521,-0.202058,0,-0.161262,0.052781,0.123156,0.200637,-0.087297,0
0.337364,-0.140725,-0.25907,0.465966,-0.202249,0,-0.160837,0.052607,0.122818,0.20005,-0.087041,0
0.337636,-0.140887,-0.259271,0.466411,-0.202441,0,-0.160412,0.052432,0.12248,0.199463,-0.086785,0
0.337908,-0.141049,-0.259472,0.466857,-0.202632,0,-0.159987,0.052257,0.122143,0.198876,-0.086529,0
0.33818,-0.14121,-0.259673,0.467302,-0.202823,0,-0.159562,0.052083,0.121805,0.19829,-0.086273,0
0.338452,-0.141372,-0.259874,0.467747,-0.203014,0,-0.159137,0.051908,0.121468,0.197703,-0.086017,0
0.338707,-0.141528,-0.260062,0.468174,-0.203197,0,-0.158711,0.051739,0.121127,0.19712,-0.085763,0
0.338962,-0.141683,-0.26025,0.4686,-0.203379,0,-0.158286,0.05157,0.120786,0.196537,-0.085509,0
0.339216,-0.141839,-0.260438,0.469026,-0.203561,0,-0.15786,0.051401,0.120445,0.195954,-0.085255,0
0.339471,-0.141995,-0.260626,0.469453,-0.203743,0,-0.157434,0.051232,0.120104,0.195372,-0.085001,0
0.339726,-0.14215,-0.260814,0.469879,-0.203925,0,-0.157009,0.051064,0.119764,0.194789,-0.084747,0
0.33998,-0.142306,-0.261002,0.470305,-0.204107,0,-0.156583,0.050895,0.119423,0.194206,-0.084492,0
0.340235,-0.142462,-0.26119,0.470731,-0.204289,0,-0.156158,0.050726,0.119082,0.193623,-0.084238,0
0.340489,-0.142617,-0.261377,0.471158,-0.204471,0,-0.155732,0.050557,0.118741,0.19304,-0.083984,0
0.340744,-0.142773,-0.261565,0.471584,-0.204653,0,-0.155306,0.050388,0.1184,0.192458,-0.08373,0
0.340999,-0.142929,-0.261753,0.47201,-0.204835,0,-0.154881,0.050219,0.118059,0.191875,-0.083476,0
0.341254,-0.143084,-0.261941,0.472436,-0.205017,0,-0.154455,0.050051,0.117718,0.191292,-0.083222,0
0.341508,-0.14324,-0.262129,0.472862,-0.205199,0,-0.154029,0.049882,0.117378,0.190709,-0.082968,0
0.341763,-0.143396,-0.262317,0.473289,-0.205381,0,-0.153604,0.049713,0.117037,0.190126,-0.082714,0
0.342018,-0.143551,-0.262504,0.473715,-0.205563,0,-0.153178,0.049544,0.116696,0.189544,-0.08246,0
0.342272,-0.143707,-0.262692,0.474141,-0.205745,0,-0.152752,0.049375,0.116355,0.188961,-0.082206,0
0.342527,-0.143863,-0.26288,0.474567,-0.205927,0,-0.152327,0.049206,0.116014,0.188378,-0.081952,0
0.342782,-0.144018,-0.263068,0.474994,-0.206109,0,-0.151901,0.049037,0.115673,0.187795,-0.081698,0
0.343036,-0.144174,-0.263256,0.47542,-0.206291,0,-0.151475,0.048868,0.115332,0.187212,-0.081444,0
0.343291,-0.144329,-0.263444,0.475846,-0.206474,0,-0.15105,0.0487,0.114992,0.18663,-0.08119,0
0.343546,-0.144485,-0.263632,0.476272,-0.206656,0,-0.150624,0.048531,0.114651,0.186047,-0.080936,0
0.3438,-0.144641,-0.263819,0.476699,-0.206838,0,-0.150199,0.048362,0.11431,0.185464,-0.080682,0
0.344055,-0.144796,-0.264007,0.477125,-0.20702,0,-0.149773,0.048193,0.113969,0.184881,-0.080428,0
0.34431,-0.144952,-0.264195,0.477551,-0.207202,0,-0.149347,0.048024,0.113628,0.184299,-0.080174,0
0.344564,-0.145108,-0.264383,0.477977,-0.207384,0,-0.148922,0.047855,0.113287,0.183716,-0.07992,0
0.344819,-0.145263,-0.264571,0.478404,-0.207566,0,-0.148496,0.047687,0.112946,0.183133,-0.079666,0
0.345074,-0.145419,-0.264759,0.47883,-0.207748,0,-0.14807,0.047518,0.112606,0.18255,-0.079412,0
0.345328,-0.145575,-0.264947,0.479256,-0.20793,0,-0.147645,0.047349,0.112265,0.181967,-0.079157,0
0.345583,-0.14573,-0.265134,0.479682,-0.208112,0,-0.147219,0.04718,0.111924,0.181385,-0.078904,0
0.345838,-0.145886,-0.265322,0.480109,-0.208294,0,-0.146793,0.047011,0.111583,0.180802,-0.078649,0
0.346092,-0.146042,-0.26551,0.480535,-0.208476,0,-0.146368,0.046842,0.111242,0.180219,-0.078395,0
0.346347,-0.146197,-0.265698,0.480961,-0.208658,0,-0.145942,0.046674,0.110901,0.179636,-0.078141,0
0.346602,-0.146353,-0.265886,0.481387,-0.20884,0,-0.145517,0.046505,0.11056,0.179053,-0.077887,0
0.346856,-0.146509,-0.266074,0.481814,-0.209022,0,-0.145091,0.046336,0.11022,0.178471,-0.077633,0
0.347103,-0.14666,-0.266254,0.482224,-0.209198,0,-0.144666,0.046171,0.109879,0.177893,-0.077381,0
0.347344,-0.14681,-0.26643,0.482627,-0.209371,0,-0.144241,0.046008,0.109539,0.177318,-0.077129,0
0.347586,-0.14696,-0.266607,0.48303,-0.209544,0,-0.143817,0.045845,0.109199,0.176744,-0.076877,0
0.347828,-0.147109,-0.266783,0.483432,-0.209717,0,-0.143392,0.045682,0.108858,0.176169,-0.076625,0
0.348069,-0.147259,-0.26696,0.483835,-0.209889,0,-0.142967,0.045519,0.108518,0.175594,-0.076372,0
0.348311,-0.147408,-0.267136,0.484238,-0.210062,0,-0.142543,0.045356,0.108177,0.175019,-0.07612,0
0.348553,-0.147558,-0.267313,0.484641,-0.210235,0,-0.142118,0.045193,0.107837,0.174444,-0.075868,0
0.348795,-0.147707,-0.267489,0.485043,-0.210408,0,-0.141693,0.04503,0.107497,0.173869,-0.075616,0
0.349036,-0.147857,-0.267665,0.485446,-0.210581,0,-0.141269,0.044867,0.107156,0.173294,-0.075364,0
0.349278,-0.148007,-0.267842,0.485849,-0.210753,0,-0.140844,0.044703,0.106816,0.172719,-0.075112,0
0.34952,-0.148156,-0.268018,0.486251,-0.210926,0,-0.140419,0.044541,0.106476,0.172145,-0.07486,0
0.349761,-0.148306,-0.268195,0.486654,-0.211099,0,-0.139995,0.044377,0.106135,0.17157,-0.074608,0
0.350003,-0.148455,-0.268371,0.487057,-0.211272,0,-0.13957,0.044214,0.105795,0.170995,-0.074356,0
0.350245,-0.148605,-0.268547,0.487459,-0.211444,0,-0.139145,0.044051,0.105455,0.17042,-0.074104,0
0.350487,-0.148755,-0.268724,0.487862,-0.211617,0,-0.138721,0.043888,0.105114,0.169845,-0.073852,0
0.350728,-0.148904,-0.2689,0.488265,-0.21179,0,-0.138296,0.043725,0.104774,0.16927,-0.0736,0
0.35097,-0.149054,-0.269077,0.488668,-0.211963,0,-0.137871,0.043562,0.104434,0.168695,-0.073348,0
0.351212,-0.149203,-0.269253,0.48907,-0.212136,0,-0.137447,0.043399,0.104093,0.16812,-0.073096,0
0.351453,-0.149353,-0.26943,0.489473,-0.212308,0,-0.137022,0.043236,0.103753,0.167546,-0.072844,0
0.351695,-0.149503,-0.269606,0.489876,-0.212481,0,-0.136597,0.043073,0.103413,0.166971,-0.072592,0
0.351937,-0.149652,-0.269782,0.490278,-0.212654,0,-0.136173,0.04291,0.103072,0.166396,-0.07234,0
0.352179,-0.149802,-0.269959,0.490681,-0.212827,0,-0.135748,0.042747,0.102732,0.165821,-0.072088,0
0.35242,-0.149951,-0.270135,0.491084,-0.213,0,-0.135323,0.042584,0.102392,0.165246,-0.071836,0
0.352662,-0.150101,-0.270312,0.491487,-0.213172,0,-0.134899,0.042421,0.102051,0.164671,-0.071584,0
0.352904,-0.150251,-0.270488,0.491889,-0.213345,0,-0.134474,0.042258,0.101711,0.164096,-0.071332,0
0.353146,-0.1504,-0.270664,0.492292,-0.213518,0,-0.134049,0.042095,0.101371,0.163521,-0.07108,0
0.353387,-0.15055,-0.270841,0.492695,-0.213691,0,-0.133625,0.041932,0.10103,0.162947,-0.070828,0
0.353629,-0.150699,-0.271017,0.493097,-0.213863,0,-0.1332,0.041769,0.10069,0.162372,-0.070576,0
0.353871,-0.150849,-0.271194,0.4935,-0.214036,0,-0.132775,0.041606,0.10035,0.161797,-0.070324,0
0.354112,-0.150999,-0.27137,0.493903,-0.214209,0,-0.132351,0.041443,0.100009,0.161222,-0.070072,0
0.354354,-0.151148,-0.271547,0.494306,-0.214382,0,-0.131926,0.04128,0.099669,0.160647,-0.06982,0
0.354596,-0.151298,-0.271723,0.494708,-0.214555,0,-0.131501,0.041117,0.099329,0.160072,-0.069568,0
0.354838,-0.151447,-0.271899,0.495111,-0.214727,0,-0.131077,0.040954,0.098988,0.159498,-0.069316,0
0.355074,-0.151594,-0.272072,0.495507,-0.214897,0,-0.130652,0.040794,0.098648,0.158926,-0.069066,0
0.3553,-0.151736,-0.272237,0.495888,-0.215061,0,-0.130229,0.040638,0.098308,0.158363,-0.068819,0
0.355526,-0.151877,-0.272402,0.496269,-0.215224,0,-0.129805,0.040483,0.097968,0.1578,-0.068573,0
0.355752,-0.152019,-0.272567,0.49665,-0.215388,0,-0.129381,0.040328,0.097628,0.157237,-0.068327,0
0.355978,-0.152161,-0.272732,0.497031,-0.215551,0,-0.128958,0.040173,0.097289,0.156674,-0.06808,0
0.356204,-0.152302,-0.272897,0.497412,-0.215715,0,-0.128534,0.040018,0.096949,0.156111,-0.067834,0
0.35643,-0.152444,-0.273062,0.497793,-0.215878,0,-0.12811,0.039862,0.096609,0.155547,-0.067588,0
0.356656,-0.152585,-0.273227,0.498174,-0.216042,0,-0.127686,0.039707,0.096269,0.154984,-0.067342,0
0.356882,-0.152727,-0.273392,0.498555,-0.216205,0,-0.127263,0.039552,0.095929,0.154421,-0.067095,0
0.357108,-0.152868,-0.273557,0.498936,-0.216369,0,-0.126839,0.039397,0.095589,0.153858,-0.066849,0
0.357334,-0.15301,-0.273722,0.499317,-0.216532,0,-0.126415,0.039242,0.09525,0.153295,-0.066603,0
0.35756,-0.153152,-0.273887,0.499698,-0.216696,0,-0.125991,0.039087,0.09491,0.152731,-0.066356,0
0.357786,-0.153293,-0.274052,0.500079,-0.216859,0,-0.125568,0.038932,0.09457,0.152168,-0.06611,0
0.358012,-0.153435,-0.274216,0.50046,-0.217023,0,-0.125144,0.038776,0.09423,0.151605,-0.065864,0
0.358238,-0.153576,-0.274381,0.500841,-0.217186,0,-0.12472,0.038621,0.09389,0.151042,-0.065617,0
0.358464,-0.153718,-0.274546,0.501222,-0.21735,0,-0.124297,0.038466,0.09355,0.150479,-0.065371,0
0.35869,-0.15386,-0.274711,0.501603,-0.217513,0,-0.123873,0.038311,0.09321,0.149915,-0.065125,0
0.358916,-0.154001,-0.274876,0.501984,-0.217677,0,-0.123449,0.038156,0.092871,0.149352,-0.064879,0
0.359142,-0.154143,-0.275041,0.502365,-0.21784,0,-0.123025,0.038001,0.092531,0.148789,-0.064632,0
0.359368,-0.154284,-0.275206,0.502746,-0.218004,0,-0.122602,0.037845,0.092191,0.148226,-0.064386,0
0.359594,-0.154426,-0.275371,0.503127,-0.218167,0,-0.122178,0.03769,0.091851,0.147662,-0.06414,0
0.35982,-0.154567,-0.275536,0.503508,-0.218331,0,-0.121754,0.037535,0.091511,0.147099,-0.063893,0
0.360046,-0.154709,-0.275701,0.503889,-0.218494,0,-0.121331,0.03738,0.091171,0.146536,-0.063647,0
0.360272,-0.154851,-0.275866,0.50427,-0.218658,0,-0.120907,0.037225,0.090831,0.145973,-0.063401,0
0.360498,-0.154992,-0.276031,0.504651,-0.218821,0,-0.120483,0.03707,0.090492,0.14541,-0.063154,0
0.360724,-0.155134,-0.276196,0.505032,-0.218985,0,-0.120059,0.036914,0.090152,0.144847,-0.062908,0
0.36095,-0.155275,-0.276361,0.505413,-0.219148,0,-0.119636,0.036759,0.089812,0.144283,-0.062662,0
0.361176,-0.155417,-0.276526,0.505794,-0.219312,0,-0.119212,0.036604,0.089472,0.14372,-0.062415,0
0.361401,-0.155559,-0.276691,0.506176,-0.219475,0,-0.118788,0.036449,0.089132,0.143157,-0.062169,0
0.361628,-0.1557,-0.276856,0.506557,-0.219639,0,-0.118364,0.036294,0.088792,0.142594,-0.061923,0
0.361854,-0.155842,-0.277021,0.506938,-0.219802,0,-0.117941,0.036139,0.088452,0.14203,-0.061677,0
0.362079,-0.155983,-0.277186,0.507319,-0.219966,0,-0.117517,0.035983,0.088113,0.141467,-0.06143,0
0.362305,-0.156125,-0.27735,0.5077,-0.220129,0,-0.117093,0.035828,0.087773,0.140904,-0.061184,0
0.362531,-0.156266,-0.277515,0.508081,-0.220293,0,-0.11667,0.035673,0.087433,0.140341,-0.060938,0
0.362742,-0.156402,-0.277667,0.50844,-0.220445,0,-0.116254,0.035524,0.087097,0.139793,-0.060695,0
0.362952,-0.156538,-0.277818,0.508799,-0.220597,0,-0.115838,0.035374,0.086762,0.139245,-0.060453,0
0.363162,-0.156673,-0.27797,0.509158,-0.22075,0,-0.115422,0.035225,0.086426,0.138697,-0.06021,0
0.363372,-0.156809,-0.278121,0.509517,-0.220902,0,-0.115006,0.035076,0.08609,0.13815,-0.059968,0
0.363582,-0.156944,-0.278273,0.509876,-0.221054,0,-0.11459,0.034927,0.085755,0.137602,-0.059725,0
0.363793,-0.15708,-0.278424,0.510235,-0.221207,0,-0.114174,0.034777,0.085419,0.137054,-0.059483,0
0.364003,-0.157215,-0.278576,0.510595,-0.221359,0,-0.113758,0.034628,0.085083,0.136506,-0.05924,0
0.364213,-0.157351,-0.278728,0.510954,-0.221511,0,-0.113342,0.034479,0.084748,0.135958,-0.058998,0
0.364423,-0.157486,-0.278879,0.511313,-0.221664,0,-0.112926,0.034329,0.084412,0.13541,-0.058756,0
0.364633,-0.157622,-0.279031,0.511672,-0.221816,0,-0.11251,0.03418,0.084077,0.134862,-0.058513,0
0.364843,-0.157758,-0.279182,0.512031,-0.221968,0,-0.112094,0.034031,0.083741,0.134315,-0.058271,0
0.365054,-0.157893,-0.279334,0.51239,-0.222121,0,-0.111678,0.033881,0.083406,0.133767,-0.058028,0
0.365264,-0.158029,-0.279485,0.51275,-0.222273,0,-0.111262,0.033732,0.08307,0.133219,-0.057786,0
0.365474,-0.158164,-0.279637,0.513109,-0.222425,0,-0.110846,0.033583,0.082734,0.132671,-0.057543,0
0.365684,-0.1583,-0.279788,0.513468,-0.222577,0,-0.11043,0.033434,0.082399,0.132123,-0.057301,0
0.365894,-0.158435,-0.27994,0.513827,-0.22273,0,-0.110014,0.033284,0.082063,0.131576,-0.057058,0
0.366104,-0.158571,-0.280091,0.514186,-0.222882,0,-0.109598,0.033135,0.081727,0.131028,-0.056816,0
0.366315,-0.158707,-0.280243,0.514545,-0.223034,0,-0.109183,0.032986,0.081392,0.13048,-0.056573,0
0.366525,-0.158842,-0.280394,0.514904,-0.223187,0,-0.108767,0.032836,0.081056,0.129932,-0.056331,0
0.366735,-0.158978,-0.280546,0.515264,-0.223339,0,-0.108351,0.032687,0.080721,0.129384,-0.056089,0
0.366945,-0.159113,-0.280697,0.515623,-0.223491,0,-0.107935,0.032538,0.080385,0.128836,-0.055846,0
0.367155,-0.159249,-0.280849,0.515982,-0.223644,0,-0.107519,0.032389,0.080049,0.128288,-0.055604,0
0.367365,-0.159384,-0.281,0.516341,-0.223796,0,-0.107103,0.032239,0.079714,0.127741,-0.055361,0
0.367576,-0.15952,-0.281152,0.5167,-0.223948,0,-0.106687,0.03209,0.079378,0.127193,-0.055119,0
0.367786,-0.159655,-0.281303,0.517059,-0.224101,0,-0.106271,0.031941,0.079043,0.126645,-0.054876,0
0.367996,-0.159791,-0.281455,0.517418,-0.224253,0,-0.105855,0.031791,0.078707,0.126097,-0.054634,0
0.368206,-0.159927,-0.281606,0.517778,-0.224405,0,-0.105439,0.031642,0.078371,0.125549,-0.054391,0
0.368416,-0.160062,-0.281758,0.518137,-0.224558,0,-0.105023,0.031493,0.078036,0.125001,-0.054149,0
0.368626,-0.160198,-0.281909,0.518496,-0.22471,0,-0.104607,0.031343,0.0777,0.124454,-0.053906,0
0.368837,-0.160333,-0.282061,0.518855,-0.224862,0,-0.104191,0.031194,0.077365,0.123906,-0.053664,0
0.369047,-0.160469,-0.282212,0.519214,-0.225015,0,-0.103775,0.031045,0.077029,0.123358,-0.053422,0
0.369257,-0.160604,-0.282364,0.519573,-0.225167,0,-0.103359,0.030896,0.076693,0.12281,-0.053179,0
0.369467,-0.16074,-0.282515,0.519932,-0.225319,0,-0.102943,0.030746,0.076358,0.122262,-0.052937,0
0.369667,-0.160869,-0.28266,0.520274,-0.225464,0,-0.102533,0.030602,0.076026,0.121726,-0.052702,0
0.369863,-0.160995,-0.282802,0.520607,-0.225605,0,-0.102126,0.030461,0.075697,0.121195,-0.05247,0
0.370058,-0.16112,-0.282944,0.52094,-0.225746,0,-0.101718,0.03032,0.075367,0.120664,-0.052239,0
0.370253,-0.161246,-0.283086,0.521272,-0.225887,0,-0.101311,0.030178,0.075038,0.120133,-0.052008,0
0.370448,-0.161371,-0.283228,0.521605,-0.226029,0,-0.100903,0.030037,0.074708,0.119603,-0.051777,0
0.370644,-0.161497,-0.28337,0.521938,-0.22617,0,-0.100496,0.029895,0.074379,0.119072,-0.051545,0
0.370839,-0.161623,-0.283512,0.522271,-0.226311,0,-0.100088,0.029754,0.074049,0.118541,-0.051314,0
0.371034,-0.161748,-0.283654,0.522603,-0.226452,0,-0.099681,0.029613,0.07372,0.118011,-0.051083,0
0.371229,-0.161874,-0.283796,0.522936,-0.226593,0,-0.099273,0.029471,0.07339,0.11748,-0.050852,0
0.371424,-0.162,-0.283938,0.523269,-0.226734,0,-0.098866,0.02933,0.073061,0.116949,-0.050621,0
0.37162,-0.162125,-0.28408,0.523602,-0.226875,0,-0.098459,0.029188,0.072731,0.116418,-0.050389,0
0.371815,-0.162251,-0.284222,0.523935,-0.227016,0,-0.098051,0.029047,0.072402,0.115888,-0.050158,0
0.37201,-0.162376,-0.284363,0.524267,-0.227157,0,-0.097644,0.028906,0.072072,0.115357,-0.049927,0
0.372205,-0.162502,-0.284505,0.5246,-0.227299,0,-0.097236,0.028764,0.071743,0.114826,-0.049696,0
0.3724,-0.162628,-0.284647,0.524933,-0.22744,0,-0.096829,0.028623,0.071413,0.114295,-0.049465,0
0.372596,-0.162753,-0.284789,0.525266,-0.227581,0,-0.096421,0.028482,0.071084,0.113765,-0.049233,0
0.372791,-0.162879,-0.284931,0.525598,-0.227722,0,-0.096014,0.02834,0.070754,0.113234,-0.049002,0
0.372986,-0.163005,-0.285073,0.525931,-0.227863,0,-0.095606,0.028199,0.070425,0.112703,-0.048771,0
0.373181,-0.16313,-0.285215,0.526264,-0.228004,0,-0.095199,0.028057,0.070095,0.112172,-0.04854,0
0.373377,-0.163256,-0.285357,0.526597,-0.228145,0,-0.094792,0.027916,0.069766,0.111642,-0.048308,0
0.373572,-0.163381,-0.285499,0.52693,-0.228286,0,-0.094384,0.027775,0.069436,0.111111,-0.048077,0
0.373767,-0.163507,-0.285641,0.527262,-0.228428,0,-0.093977,0.027633,0.069107,0.11058,-0.047846,0
0.373962,-0.163633,-0.285783,0.527595,-0.228569,0,-0.093569,0.027492,0.068777,0.11005,-0.047615,0
0.374157,-0.163758,-0.285925,0.527928,-0.22871,0,-0.093162,0.02735,0.068448,0.109519,-0.047384,0
0.374353,-0.163884,-0.286066,0.528261,-0.228851,0,-0.092754,0.027209,0.068118,0.108988,-0.047152,0
0.374548,-0.16401,-0.286208,0.528594,-0.228992,0,-0.092347,0.027068,0.067789,0.108457,-0.046921,0
0.374743,-0.164135,-0.28635,0.528926,-0.229133,0,-0.09194,0.026926,0.067459,0.107927,-0.04669,0
0.374938,-0.164261,-0.286492,0.529259,-0.229274,0,-0.091532,0.026785,0.067129,0.107396,-0.046459,0
0.375134,-0.164387,-0.286634,0.529592,-0.229415,0,-0.091125,0.026643,0.0668,0.106865,-0.046228,0
0.375329,-0.164512,-0.286776,0.529925,-0.229556,0,-0.090717,0.026502,0.06647,0.106334,-0.045996,0
0.375524,-0.164638,-0.286918,0.530258,-0.229698,0,-0.09031,0.026361,0.066141,0.105804,-0.045765,0
0.375719,-0.164764,-0.28706,0.53059,-0.229839,0,-0.089902,0.026219,0.065812,0.105273,-0.045534,0
0.375914,-0.164889,-0.287202,0.530923,-0.22998,0,-0.089495,0.026078,0.065482,0.104742,-0.045303,0
0.376104,-0.165011,-0.287339,0.531247,-0.230118,0,-0.089092,0.02594,0.065156,0.104219,-0.045074,0
0.376281,-0.165127,-0.287465,0.531553,-0.23025,0,-0.088699,0.025808,0.064838,0.103713,-0.04485,0
0.376459,-0.165243,-0.287592,0.531859,-0.230381,0,-0.088306,0.025677,0.064521,0.103207,-0.044626,0
0.376636,-0.165359,-0.287718,0.532166,-0.230513,0,-0.087913,0.025546,0.064203,0.102701,-0.044403,0
0.376814,-0.165474,-0.287844,0.532472,-0.230645,0,-0.08752,0.025414,0.063885,0.102195,-0.044179,0
0.376991,-0.16559,-0.287971,0.532778,-0.230777,0,-0.087127,0.025283,0.063567,0.101689,-0.043955,0
0.377169,-0.165706,-0.288097,0.533084,-0.230909,0,-0.086734,0.025151,0.063249,0.101183,-0.043732,0
0.377346,-0.165822,-0.288224,0.53339,-0.23104,0,-0.086341,0.02502,0.062932,0.100677,-0.043508,0
0.377524,-0.165937,-0.28835,0.533696,-0.231172,0,-0.085948,0.024888,0.062614,0.10017,-0.043284,0
0.377701,-0.166053,-0.288477,0.534003,-0.231304,0,-0.085555,0.024757,0.062296,0.099664,-0.043061,0
0.377879,-0.166169,-0.288603,0.534309,-0.231436,0,-0.085162,0.024626,0.061978,0.099158,-0.042837,0
0.378056,-0.166285,-0.28873,0.534615,-0.231567,0,-0.084769,0.024494,0.06166,0.098652,-0.042613,0
0.378234,-0.1664,-0.288856,0.534921,-0.231699,0,-0.084376,0.024363,0.061343,0.098146,-0.042389,0
0.378411,-0.166516,-0.288983,0.535227,-0.231831,0,-0.083983,0.024231,0.061025,0.09764,-0.042166,0
0.378589,-0.166632,-0.289109,0.535534,-0.231963,0,-0.083591,0.0241,0.060707,0.097134,-0.041942,0
0.378766,-0.166747,-0.289236,0.53584,-0.232094,0,-0.083198,0.023968,0.060389,0.096627,-0.041718,0
0.378944,-0.166863,-0.289362,0.536146,-0.232226,0,-0.082804,0.023837,0.060071,0.096121,-0.041495,0
0.379121,-0.166979,-0.289489,0.536452,-0.232358,0,-0.082412,0.023706,0.059754,0.095615,-0.041271,0
0.379298,-0.167094,-0.289615,0.536758,-0.23249,0,-0.082019,0.023574,0.059436,0.095109,-0.041047,0
0.379476,-0.16721,-0.289741,0.537064,-0.232622,0,-0.081626,0.023443,0.059118,0.094603,-0.040824,0
0.379653,-0.167326,-0.289868,0.537371,-0.232753,0,-0.081233,0.023311,0.0588,0.094097,-0.0406,0
0.379831,-0.167442,-0.289994,0.537677,-0.232885,0,-0.08084,0.02318,0.058482,0.093591,-0.040376,0
0.380008,-0.167557,-0.290121,0.537983,-0.233017,0,-0.080447,0.023049,0.058165,0.093084,-0.040153,0
0.380186,-0.167673,-0.290247,0.538289,-0.233149,0,-0.080054,0.022917,0.057847,0.092578,-0.039929,0
0.380363,-0.167789,-0.290374,0.538595,-0.233281,0,-0.079661,0.022786,0.057529,0.092072,-0.039705,0
0.380541,-0.167905,-0.2905,0.538902,-0.233412,0,-0.079268,0.022654,0.057211,0.091566,-0.039481,0
0.380718,-0.16802,-0.290627,0.539208,-0.233544,0,-0.078875,0.022523,0.056893,0.09106,-0.039258,0
0.380896,-0.168136,-0.290753,0.539514,-0.233676,0,-0.078482,0.022391,0.056576,0.090554,-0.039034,0
0.381073,-0.168252,-0.29088,0.53982,-0.233808,0,-0.078089,0.02226,0.056258,0.090047,-0.03881,0
0.381251,-0.168368,-0.291006,0.540126,-0.233939,0,-0.077696,0.022129,0.05594,0.089542,-0.038587,0
0.381428,-0.168483,-0.291133,0.540432,-0.234071,0,-0.077303,0.021997,0.055622,0.089035,-0.038363,0
0.381606,-0.168599,-0.291259,0.540739,-0.234203,0,-0.07691,0.021866,0.055304,0.088529,-0.038139,0
0.381783,-0.168715,-0.291386,0.541045,-0.234335,0,-0.076517,0.021734,0.054987,0.088023,-0.037916,0
0.381961,-0.16883,-0.291512,0.541351,-0.234467,0,-0.076124,0.021603,0.054669,0.087517,-0.037692,0
0.382122,-0.168938,-0.291627,0.541632,-0.234585,0,-0.075748,0.021481,0.054364,0.087039,-0.037483,0
0.382284,-0.169046,-0.291742,0.541914,-0.234704,0,-0.075373,0.02136,0.05406,0.086561,-0.037274,0
0.382445,-0.169154,-0.291857,0.542195,-0.234823,0,-0.074998,0.021238,0.053756,0.086083,-0.037065,0
0.382607,-0.169262,-0.291972,0.542477,-0.234941,0,-0.074623,0.021117,0.053452,0.085605,-0.036856,0
0.382768,-0.16937,-0.292086,0.542758,-0.23506,0,-0.074247,0.020996,0.053147,0.085127,-0.036648,0
0.382929,-0.169477,-0.292201,0.54304,-0.235179,0,-0.073872,0.020874,0.052843,0.084649,-0.036439,0
0.383091,-0.169585,-0.292316,0.543321,-0.235297,0,-0.073497,0.020753,0.052539,0.084171,-0.03623,0
0.383252,-0.169693,-0.292431,0.543603,-0.235416,0,-0.073122,0.020631,0.052234,0.083693,-0.036021,0
0.383414,-0.169801,-0.292546,0.543884,-0.235535,0,-0.072746,0.02051,0.05193,0.083215,-0.035812,0
0.383575,-0.169909,-0.292661,0.544166,-0.235653,0,-0.072371,0.020388,0.051626,0.082737,-0.035604,0
0.383737,-0.170016,-0.292776,0.544447,-0.235772,0,-0.071996,0.020267,0.051322,0.082259,-0.035395,0
0.383898,-0.170124,-0.292891,0.544729,-0.23589,0,-0.071621,0.020146,0.051017,0.081781,-0.035186,0
0.38406,-0.170232,-0.293005,0.54501,-0.236009,0,-0.071245,0.020024,0.050713,0.081303,-0.034977,0
0.384221,-0.17034,-0.29312,0.545292,-0.236128,0,-0.07087,0.019903,0.050409,0.080825,-0.034768,0
0.384383,-0.170448,-0.293235,0.545573,-0.236246,0,-0.070495,0.019781,0.050104,0.080347,-0.03456,0
0.384544,-0.170555,-0.29335,0.545855,-0.236365,0,-0.07012,0.01966,0.0498,0.079869,-0.034351,0
0.384706,-0.170663,-0.293465,0.546136,-0.236484,0,-0.069744,0.019538,0.049496,0.079392,-0.034142,0
0.384867,-0.170771,-0.29358,0.546418,-0.236602,0,-0.069369,0.019417,0.049192,0.078914,-0.033933,0
0.385029,-0.170879,-0.293695,0.546699,-0.236721,0,-0.068994,0.019295,0.048887,0.078436,-0.033724,0
0.38519,-0.170987,-0.293809,0.546981,-0.23684,0,-0.068619,0.019174,0.048583,0.077958,-0.033516,0
0.385352,-0.171094,-0.293924,0.547262,-0.236958,0,-0.068243,0.019053,0.048279,0.07748,-0.033307,0
0.385513,-0.171202,-0.294039,0.547544,-0.237077,0,-0.067868,0.018931,0.047975,0.077002,-0.033098,0
0.385674,-0.17131,-0.294154,0.547825,-0.237196,0,-0.067493,0.01881,0.04767,0.076524,-0.032889,0
0.385836,-0.171418,-0.294269,0.548107,-0.237314,0,-0.067118,0.018688,0.047366,0.076046,-0.03268,0
0.385997,-0.171526,-0.294384,0.548388,-0.237433,0,-0.066743,0.018567,0.047062,0.075568,-0.032472,0
0.386159,-0.171633,-0.294499,0.54867,-0.237552,0,-0.066367,0.018445,0.046757,0.07509,-0.032263,0
0.38632,-0.171741,-0.294614,0.548951,-0.23767,0,-0.065992,0.018324,0.046453,0.074612,-0.032054,0
0.386482,-0.171849,-0.294729,0.549232,-0.237789,0,-0.065617,0.018203,0.046149,0.074134,-0.031845,0
0.386643,-0.171957,-0.294843,0.549514,-0.237908,0,-0.065242,0.018081,0.045845,0.073656,-0.031636,0
0.386805,-0.172065,-0.294958,0.549795,-0.238026,0,-0.064866,0.01796,0.04554,0.073178,-0.031428,0
0.386966,-0.172172,-0.295073,0.550077,-0.238145,0,-0.064491,0.017838,0.045236,0.0727,-0.031219,0
0.387128,-0.17228,-0.295188,0.550359,-0.238264,0,-0.064116,0.017717,0.044932,0.072222,-0.03101,0
0.387289,-0.172388,-0.295303,0.55064,-0.238382,0,-0.063741,0.017595,0.044627,0.071745,-0.030801,0
0.38744,-0.172488,-0.29541,0.550902,-0.238493,0,-0.063381,0.017482,0.044334,0.071288,-0.030601,0
0.387585,-0.172584,-0.295513,0.551154,-0.238601,0,-0.063029,0.017372,0.044047,0.070844,-0.030405,0
0.387731,-0.17268,-0.295617,0.551407,-0.238708,0,-0.062677,0.017263,0.04376,0.0704,-0.030209,0
0.387876,-0.172776,-0.29572,0.551659,-0.238816,0,-0.062326,0.017154,0.043473,0.069956,-0.030014,0
0.388021,-0.172872,-0.295823,0.551911,-0.238923,0,-0.061974,0.017044,0.043186,0.069512,-0.029818,0
0.388167,-0.172968,-0.295926,0.552163,-0.239031,0,-0.061622,0.016935,0.042899,0.069067,-0.029622,0
0.388312,-0.173064,-0.29603,0.552416,-0.239138,0,-0.06127,0.016825,0.042612,0.068623,-0.029426,0
0.388458,-0.17316,-0.296133,0.552668,-0.239245,0,-0.060919,0.016716,0.042325,0.068179,-0.02923,0
0.388603,-0.173256,-0.296236,0.55292,-0.239353,0,-0.060567,0.016607,0.042038,0.067735,-0.029035,0
0.388748,-0.173352,-0.296339,0.553173,-0.23946,0,-0.060215,0.016497,0.041751,0.06729,-0.028839,0
0.388894,-0.173448,-0.296443,0.553425,-0.239568,0,-0.059864,0.016388,0.041464,0.066846,-0.028643,0
0.389039,-0.173544,-0.296546,0.553677,-0.239675,0,-0.059512,0.016278,0.041177,0.066402,-0.028447,0
0.389185,-0.17364,-0.296649,0.55393,-0.239782,0,-0.05916,0.016169,0.04089,0.065958,-0.028252,0
0.38933,-0.173736,-0.296752,0.554182,-0.23989,0,-0.058809,0.01606,0.040603,0.065513,-0.028056,0
0.389475,-0.173832,-0.296856,0.554434,-0.239997,0,-0.058457,0.01595,0.040316,0.065069,-0.02786,0
0.389621,-0.173928,-0.296959,0.554687,-0.240105,0,-0.058105,0.015841,0.040029,0.064625,-0.027664,0
0.389766,-0.174024,-0.297062,0.554939,-0.240212,0,-0.057753,0.015731,0.039742,0.064181,-0.027468,0
0.389911,-0.17412,-0.297165,0.555191,-0.240319,0,-0.057402,0.015622,0.039454,0.063736,-0.027273,0
0.390057,-0.174216,-0.297269,0.555443,-0.240427,0,-0.05705,0.015513,0.039168,0.063292,-0.027077,0
0.390202,-0.174312,-0.297372,0.555696,-0.240534,0,-0.056698,0.015403,0.03888,0.062848,-0.026881,0
0.390348,-0.174408,-0.297475,0.555948,-0.240642,0,-0.056347,0.015294,0.038593,0.062404,-0.026685,0
0.390493,-0.174504,-0.297579,0.5562,-0.240749,0,-0.055995,0.015185,0.038306,0.061959,-0.026489,0
0.390638,-0.1746,-0.297682,0.556453,-0.240856,0,-0.055643,0.015075,0.038019,0.061515,-0.026294,0
0.390784,-0.174696,-0.297785,0.556705,-0.240964,0,-0.055292,0.014966,0.037732,0.061071,-0.026098,0
0.390929,-0.174791,-0.297888,0.556957,-0.241071,0,-0.05494,0.014856,0.037445,0.060626,-0.025902,0
0.391075,-0.174887,-0.297992,0.55721,-0.241179,0,-0.054588,0.014747,0.037158,0.060182,-0.025706,0
0.39122,-0.174983,-0.298095,0.557462,-0.241286,0,-0.054236,0.014638,0.036871,0.059738,-0.025511,0
0.391365,-0.175079,-0.298198,0.557714,-0.241394,0,-0.053885,0.014528,0.036584,0.059294,-0.025315,0
0.391511,-0.175175,-0.298301,0.557967,-0.241501,0,-0.053533,0.014419,0.036297,0.05885,-0.025119,0
0.391656,-0.175271,-0.298405,0.558219,-0.241608,0,-0.053181,0.014309,0.03601,0.058405,-0.024923,0
0.391802,-0.175367,-0.298508,0.558471,-0.241716,0,-0.05283,0.0142,0.035723,0.057961,-0.024727,0
0.391947,-0.175463,-0.298611,0.558723,-0.241823,0,-0.052478,0.014091,0.035436,0.057517,-0.024532,0
0.392092,-0.175559,-0.298714,0.558976,-0.241931,0,-0.052126,0.013981,0.035149,0.057072,-0.024336,0
0.392232,-0.175652,-0.298813,0.559218,-0.242034,0,-0.051783,0.013875,0.034869,0.056641,-0.024145,0
0.392359,-0.175738,-0.298903,0.559441,-0.242128,0,-0.051458,0.013776,0.034607,0.056236,-0.023966,0
0.392487,-0.175824,-0.298992,0.559664,-0.242222,0,-0.051133,0.013676,0.034345,0.055831,-0.023787,0
0.392614,-0.17591,-0.299082,0.559887,-0.242316,0,-0.050808,0.013577,0.034082,0.055425,-0.023608,0
0.392742,-0.175997,-0.299172,0.56011,-0.242411,0,-0.050484,0.013478,0.03382,0.05502,-0.023429,0
0.392869,-0.176083,-0.299262,0.560333,-0.242505,0,-0.050159,0.013378,0.033558,0.054615,-0.02325,0
0.392997,-0.176169,-0.299351,0.560556,-0.242599,0,-0.049834,0.013279,0.033295,0.05421,-0.023071,0
0.393124,-0.176255,-0.299441,0.560778,-0.242693,0,-0.049509,0.01318,0.033033,0.053805,-0.022892,0
0.393252,-0.176341,-0.299531,0.561001,-0.242788,0,-0.049184,0.01308,0.03277,0.0534,-0.022713,0
0.393379,-0.176427,-0.29962,0.561224,-0.242882,0,-0.04886,0.012981,0.032508,0.052995,-0.022534,0
0.393506,-0.176513,-0.29971,0.561447,-0.242976,0,-0.048535,0.012882,0.032246,0.05259,-0.022355,0
0.393634,-0.1766,-0.2998,0.56167,-0.24307,0,-0.04821,0.012782,0.031983,0.052185,-0.022175,0
0.393761,-0.176686,-0.299889,0.561893,-0.243165,0,-0.047885,0.012683,0.031721,0.05178,-0.021996,0
0.393889,-0.176772,-0.299979,0.562116,-0.243259,0,-0.04756,0.012584,0.031458,0.051375,-0.021817,0
0.394016,-0.176858,-0.300069,0.562339,-0.243353,0,-0.047235,0.012484,0.031196,0.050969,-0.021638,0
0.394144,-0.176944,-0.300158,0.562562,-0.243447,0,-0.04691,0.012385,0.030934,0.050564,-0.021459,0
0.394271,-0.17703,-0.300248,0.562785,-0.243542,0,-0.046586,0.012286,0.030671,0.050159,-0.02128,0
0.394399,-0.177116,-0.300338,0.563007,-0.243636,0,-0.046261,0.012186,0.030409,0.049754,-0.021101,0
0.394526,-0.177202,-0.300427,0.56323,-0.24373,0,-0.045936,0.012087,0.030146,0.049349,-0.020922,0
0.394654,-0.177289,-0.300517,0.563453,-0.243824,0,-0.045611,0.011988,0.029884,0.048944,-0.020743,0
0.394781,-0.177375,-0.300607,0.563676,-0.243919,0,-0.045286,0.011888,0.029622,0.048539,-0.020564,0
0.394909,-0.177461,-0.300696,0.563899,-0.244013,0,-0.044961,0.011789,0.029359,0.048134,-0.020385,0
0.395036,-0.177547,-0.300786,0.564122,-0.244107,0,-0.044636,0.011689,0.029097,0.047729,-0.020206,0
0.395163,-0.177633,-0.300876,0.564345,-0.244201,0,-0.044312,0.01159,0.028834,0.047324,-0.020026,0
0.395291,-0.177719,-0.300965,0.564568,-0.244296,0,-0.043987,0.011491,0.028572,0.046919,-0.019847,0
0.395418,-0.177805,-0.301055,0.564791,-0.24439,0,-0.043662,0.011392,0.02831,0.046514,-0.019668,0
0.395546,-0.177892,-0.301145,0.565014,-0.244484,0,-0.043337,0.011292,0.028047,0.046109,-0.019489,0
0.395673,-0.177978,-0.301234,0.565237,-0.244578,0,-0.043012,0.011193,0.027785,0.045703,-0.01931,0
0.395801,-0.178064,-0.301324,0.565459,-0.244673,0,-0.042687,0.011093,0.027523,0.045298,-0.019131,0
0.395928,-0.17815,-0.301414,0.565682,-0.244767,0,-0.042363,0.010994,0.02726,0.044893,-0.018952,0
0.396056,-0.178236,-0.301503,0.565905,-0.244861,0,-0.042038,0.010895,0.026998,0.044488,-0.018773,0
0.396183,-0.178322,-0.301593,0.566128,-0.244956,0,-0.041713,0.010795,0.026735,0.044083,-0.018594,0
0.396311,-0.178408,-0.301683,0.566351,-0.24505,0,-0.041388,0.010696,0.026473,0.043678,-0.018415,0
0.396438,-0.178494,-0.301772,0.566574,-0.245144,0,-0.041063,0.010597,0.026211,0.043273,-0.018236,0
0.396546,-0.178569,-0.30185,0.566767,-0.245227,0,-0.040774,0.010511,0.025974,0.042913,-0.018078,0
0.396653,-0.178643,-0.301928,0.56696,-0.24531,0,-0.040487,0.010426,0.025738,0.042555,-0.017921,0
0.396761,-0.178718,-0.302006,0.567154,-0.245393,0,-0.040199,0.010341,0.025502,0.042196,-0.017765,0
0.396869,-0.178792,-0.302084,0.567347,-0.245476,0,-0.039911,0.010256,0.025266,0.041838,-0.017608,0
0.396977,-0.178866,-0.302162,0.56754,-0.245559,0,-0.039623,0.01017,0.02503,0.041479,-0.017451,0
0.397084,-0.178941,-0.30224,0.567734,-0.245642,0,-0.039335,0.010085,0.024794,0.041121,-0.017294,0
0.397192,-0.179015,-0.302318,0.567927,-0.245725,0,-0.039047,0.01,0.024558,0.040762,-0.017137,0
0.3973,-0.179089,-0.302396,0.56812,-0.245808,0,-0.038759,0.009915,0.024322,0.040403,-0.01698,0
0.397407,-0.179164,-0.302475,0.568314,-0.245891,0,-0.038471,0.00983,0.024087,0.040045,-0.016823,0
0.397515,-0.179238,-0.302553,0.568507,-0.245974,0,-0.038183,0.009744,0.023851,0.039686,-0.016666,0
0.397623,-0.179312,-0.302631,0.5687,-0.246057,0,-0.037895,0.009659,0.023615,0.039328,-0.01651,0
0.39773,-0.179387,-0.302709,0.568893,-0.24614,0,-0.037607,0.009574,0.023379,0.038969,-0.016353,0
0.397838,-0.179461,-0.302787,0.569087,-0.246223,0,-0.037319,0.009489,0.023143,0.038611,-0.016196,0
0.397946,-0.179535,-0.302865,0.56928,-0.246306,0,-0.037031,0.009403,0.022907,0.038252,-0.016039,0
0.398054,-0.17961,-0.302943,0.569473,-0.246389,0,-0.036743,0.009318,0.022671,0.037894,-0.015882,0
0.398161,-0.179684,-0.303021,0.569667,-0.246472,0,-0.036455,0.009233,0.022435,0.037535,-0.015725,0
0.398269,-0.179759,-0.303099,0.56986,-0.246555,0,-0.036167,0.009148,0.022199,0.037177,-0.015568,0
0.398377,-0.179833,-0.303177,0.570053,-0.246638,0,-0.035879,0.009063,0.021963,0.036818,-0.015411,0
0.398484,-0.179907,-0.303255,0.570247,-0.246721,0,-0.035591,0.008977,0.021727,0.036459,-0.015255,0
0.398592,-0.179982,-0.303333,0.57044,-0.246804,0,-0.035303,0.008892,0.021491,0.036101,-0.015098,0
0.3987,-0.180056,-0.303411,0.570633,-0.246886,0,-0.035015,0.008807,0.021255,0.035742,-0.014941,0
0.398807,-0.18013,-0.303489,0.570826,-0.246969,0,-0.034727,0.008722,0.021019,0.035384,-0.014784,0
0.398915,-0.180205,-0.303567,0.57102,-0.247052,0,-0.034439,0.008637,0.020783,0.035025,-0.014627,0
0.399023,-0.180279,-0.303645,0.571213,-0.247135,0,-0.034151,0.008551,0.020547,0.034667,-0.01447,0
0.399131,-0.180353,-0.303723,0.571406,-0.247218,0,-0.033863,0.008466,0.020311,0.034308,-0.014313,0
0.399238,-0.180428,-0.303801,0.5716,-0.247301,0,-0.033575,0.008381,0.020075,0.03395,-0.014156,0
0.399346,-0.180502,-0.303879,0.571793,-0.247384,0,-0.033287,0.008296,0.019839,0.033591,-0.014,0
0.399454,-0.180576,-0.303957,0.571986,-0.247467,0,-0.032999,0.00821,0.019604,0.033232,-0.013843,0
0.399561,-0.180651,-0.304035,0.57218,-0.24755,0,-0.032711,0.008125,0.019368,0.032874,-0.013686,0
0.399669,-0.180725,-0.304113,0.572373,-0.247633,0,-0.032423,0.00804,0.019132,0.032515,-0.013529,0
0.399777,-0.180799,-0.304191,0.572566,-0.247716,0,-0.032135,0.007955,0.018896,0.032157,-0.013372,0
0.399884,-0.180874,-0.304269,0.572759,-0.247799,0,-0.031847,0.00787,0.01866,0.031798,-0.013215,0
0.399992,-0.180948,-0.304347,0.572953,-0.247882,0,-0.031559,0.007784,0.018424,0.03144,-0.013058,0
0.400088,-0.181015,-0.304416,0.573123,-0.247955,0,-0.031296,0.007708,0.01821,0.031115,-0.012915,0
0.400179,-0.181077,-0.30448,0.573282,-0.248023,0,-0.031046,0.007637,0.018008,0.030808,-0.012778,0
0.400269,-0.18114,-0.304545,0.573442,-0.248091,0,-0.030797,0.007566,0.017806,0.030502,-0.012642,0
0.40036,-0.181202,-0.304609,0.573601,-0.248159,0,-0.030547,0.007495,0.017603,0.030195,-0.012505,0
0.40045,-0.181265,-0.304673,0.57376,-0.248227,0,-0.030298,0.007424,0.017401,0.029888,-0.012368,0
0.400541,-0.181328,-0.304738,0.573919,-0.248295,0,-0.030048,0.007353,0.017199,0.029582,-0.012232,0
0.400632,-0.18139,-0.304802,0.574079,-0.248363,0,-0.029798,0.007282,0.016997,0.029275,-0.012095,0
0.400722,-0.181453,-0.304867,0.574238,-0.24843,0,-0.029549,0.007211,0.016795,0.028969,-0.011959,0
0.400813,-0.181515,-0.304931,0.574397,-0.248498,0,-0.029299,0.00714,0.016593,0.028662,-0.011822,0
0.400903,-0.181578,-0.304995,0.574556,-0.248566,0,-0.02905,0.007069,0.016391,0.028356,-0.011686,0
0.400994,-0.181641,-0.30506,0.574715,-0.248634,0,-0.0288,0.006998,0.016189,0.028049,-0.011549,0
0.401084,-0.181703,-0.305124,0.574875,-0.248702,0,-0.028551,0.006927,0.015987,0.027742,-0.011413,0
0.401175,-0.181766,-0.305189,0.575034,-0.24877,0,-0.028301,0.006856,0.015785,0.027436,-0.011276,0
0.401265,-0.181828,-0.305253,0.575193,-0.248838,0,-0.028051,0.006785,0.015583,0.027129,-0.01114,0
0.401356,-0.181891,-0.305317,0.575352,-0.248906,0,-0.027802,0.006714,0.015381,0.026823,-0.011003,0
0.401446,-0.181954,-0.305382,0.575512,-0.248974,0,-0.027552,0.006642,0.015179,0.026516,-0.010867,0
0.401537,-0.182016,-0.305446,0.575671,-0.249042,0,-0.027303,0.006571,0.014976,0.02621,-0.01073,0
0.401627,-0.182079,-0.305511,0.57583,-0.249109,0,-0.027053,0.0065,0.014774,0.025903,-0.010594,0
0.401718,-0.182141,-0.305575,0.575989,-0.249177,0,-0.026804,0.006429,0.014572,0.025596,-0.010457,0
0.401808,-0.182204,-0.305639,0.576148,-0.249245,0,-0.026554,0.006358,0.01437,0.02529,-0.01032,0
0.401899,-0.182266,-0.305704,0.576308,-0.249313,0,-0.026304,0.006287,0.014168,0.024983,-0.010184,0
0.40199,-0.182329,-0.305768,0.576467,-0.249381,0,-0.026055,0.006216,0.013966,0.024677,-0.010047,0
0.40208,-0.182392,-0.305832,0.576626,-0.249449,0,-0.025805,0.006145,0.013764,0.02437,-0.009911,0
0.402171,-0.182454,-0.305897,0.576785,-0.249517,0,-0.025556,0.006074,0.013562,0.024064,-0.009774,0
0.402261,-0.182517,-0.305961,0.576945,-0.249585,0,-0.025306,0.006003,0.01336,0.023757,-0.009638,0
0.402352,-0.182579,-0.306026,0.577104,-0.249653,0,-0.025057,0.005932,0.013158,0.023451,-0.009501,0
0.402442,-0.182642,-0.30609,0.577263,-0.249721,0,-0.024807,0.005861,0.012956,0.023144,-0.009365,0
0.402533,-0.182705,-0.306154,0.577422,-0.249789,0,-0.024557,0.00579,0.012754,0.022837,-0.009228,0
0.402623,-0.182767,-0.306219,0.577581,-0.249857,0,-0.024308,0.005719,0.012551,0.022531,-0.009092,0
0.402714,-0.18283,-0.306283,0.577741,-0.249924,0,-0.024058,0.005648,0.012349,0.022224,-0.008955,0
0.402804,-0.182892,-0.306348,0.5779,-0.249992,0,-0.023809,0.005577,0.012147,0.021918,-0.008819,0
0.402895,-0.182955,-0.306412,0.578059,-0.25006,0,-0.023559,0.005506,0.011945,0.021611,-0.008682,0
0.402985,-0.183017,-0.306476,0.578218,-0.250128,0,-0.023309,0.005434,0.011743,0.021305,-0.008546,0
0.40307,-0.183075,-0.306536,0.578367,-0.250191,0,-0.023075,0.005368,0.011552,0.021016,-0.008418,0
0.403143,-0.183124,-0.306587,0.578497,-0.250244,0,-0.022873,0.005311,0.011386,0.020766,-0.008309,0
0.403217,-0.183173,-0.306638,0.578626,-0.250297,0,-0.022671,0.005254,0.011219,0.020517,-0.0082,0
0.40329,-0.183222,-0.306688,0.578755,-0.250349,0,-0.022469,0.005197,0.011053,0.020268,-0.008091,0
0.403364,-0.183271,-0.306739,0.578885,-0.250402,0,-0.022267,0.00514,0.010886,0.020019,-0.007982,0
0.403437,-0.18332,-0.30679,0.579014,-0.250455,0,-0.022065,0.005083,0.01072,0.01977,-0.007873,0
0.403511,-0.183369,-0.306841,0.579143,-0.250508,0,-0.021863,0.005027,0.010554,0.019521,-0.007765,0
0.403584,-0.183418,-0.306891,0.579272,-0.250561,0,-0.021661,0.00497,0.010387,0.019272,-0.007656,0
0.403657,-0.183466,-0.306942,0.579402,-0.250614,0,-0.021459,0.004913,0.010221,0.019023,-0.007547,0
0.403731,-0.183515,-0.306993,0.579531,-0.250666,0,-0.021257,0.004856,0.010054,0.018774,-0.007438,0
0.403804,-0.183564,-0.307044,0.57966,-0.250719,0,-0.021055,0.004799,0.009888,0.018524,-0.007329,0
0.403878,-0.183613,-0.307094,0.57979,-0.250772,0,-0.020853,0.004742,0.009721,0.018275,-0.00722,0
0.403951,-0.183662,-0.307145,0.579919,-0.250825,0,-0.020651,0.004685,0.009555,0.018026,-0.007112,0
0.404024,-0.183711,-0.307196,0.580048,-0.250878,0,-0.020449,0.004628,0.009389,0.017777,-0.007003,0
0.404098,-0.18376,-0.307247,0.580178,-0.250931,0,-0.020247,0.004571,0.009222,0.017528,-0.006894,0
0.404171,-0.183809,-0.307297,0.580307,-0.250983,0,-0.020045,0.004515,0.009056,0.017279,-0.006785,0
0.404245,-0.183857,-0.307348,0.580436,-0.251036,0,-0.019843,0.004458,0.008889,0.01703,-0.006676,0
0.404318,-0.183906,-0.307399,0.580566,-0.251089,0,-0.019641,0.004401,0.008723,0.016781,-0.006568,0
0.404391,-0.183955,-0.30745,0.580695,-0.251142,0,-0.019439,0.004344,0.008556,0.016531,-0.006459,0
0.404465,-0.184004,-0.3075,0.580824,-0.251195,0,-0.019237,0.004287,0.00839,0.016282,-0.00635,0
0.404538,-0.184053,-0.307551,0.580953,-0.251248,0,-0.019035,0.00423,0.008224,0.016033,-0.006241,0
0.404612,-0.184102,-0.307602,0.581083,-0.2513,0,-0.018833,0.004173,0.008057,0.015784,-0.006132,0
0.404685,-0.184151,-0.307653,0.581212,-0.251353,0,-0.018631,0.004117,0.007891,0.015535,-0.006023,0
0.404759,-0.1842,-0.307703,0.581341,-0.251406,0,-0.018429,0.00406,0.007724,0.015286,-0.005915,0
0.404832,-0.184248,-0.307754,0.581471,-0.251459,0,-0.018227,0.004003,0.007558,0.015037,-0.005806,0
0.404905,-0.184297,-0.307805,0.5816,-0.251512,0,-0.018025,0.003946,0.007391,0.014788,-0.005697,0
0.404979,-0.184346,-0.307856,0.581729,-0.251565,0,-0.017823,0.003889,0.007225,0.014539,-0.005588,0
0.405052,-0.184395,-0.307907,0.581858,-0.251617,0,-0.017621,0.003832,0.007059,0.014289,-0.005479,0
0.405126,-0.184444,-0.307957,0.581988,-0.25167,0,-0.017419,0.003775,0.006892,0.01404,-0.00537,0
0.405199,-0.184493,-0.308008,0.582117,-0.251723,0,-0.017217,0.003718,0.006726,0.013791,-0.005262,0
0.405272,-0.184542,-0.308059,0.582246,-0.251776,0,-0.017015,0.003662,0.006559,0.013542,-0.005153,0
0.405346,-0.184591,-0.308109,0.582376,-0.251829,0,-0.016813,0.003605,0.006393,0.013293,-0.005044,0
0.405419,-0.18464,-0.30816,0.582505,-0.251882,0,-0.016611,0.003548,0.006227,0.013044,-0.004935,0
0.405492,-0.184688,-0.308211,0.582634,-0.251934,0,-0.016409,0.003491,0.00606,0.012795,-0.004826,0
0.405545,-0.184725,-0.308248,0.582727,-0.251974,0,-0.016256,0.003448,0.005937,0.012609,-0.004744,0
0.405598,-0.184763,-0.308285,0.582819,-0.252014,0,-0.016105,0.003405,0.005816,0.012424,-0.004663,0
0.40565,-0.1848,-0.308322,0.582912,-0.252053,0,-0.015954,0.003363,0.005694,0.01224,-0.004582,0
0.405703,-0.184837,-0.308359,0.583005,-0.252093,0,-0.015803,0.00332,0.005573,0.012056,-0.004501,0
0.405755,-0.184874,-0.308396,0.583098,-0.252132,0,-0.015652,0.003277,0.005451,0.011872,-0.00442,0
0.405808,-0.184911,-0.308434,0.58319,-0.252172,0,-0.0155,0.003235,0.00533,0.011687,-0.004339,0
0.405861,-0.184948,-0.308471,0.583283,-0.252212,0,-0.015349,0.003192,0.005208,0.011503,-0.004257,0
0.405913,-0.184985,-0.308508,0.583376,-0.252251,0,-0.015198,0.003149,0.005087,0.011319,-0.004176,0
0.405966,-0.185022,-0.308545,0.583469,-0.252291,0,-0.015047,0.003107,0.004965,0.011135,-0.004095,0
0.406018,-0.18506,-0.308582,0.583562,-0.252331,0,-0.014896,0.003064,0.004844,0.01095,-0.004014,0
0.406071,-0.185097,-0.308619,0.583654,-0.25237,0,-0.014744,0.003021,0.004723,0.010766,-0.003933,0
0.406123,-0.185134,-0.308656,0.583747,-0.25241,0,-0.014593,0.002978,0.004601,0.010582,-0.003852,0
0.406176,-0.185171,-0.308693,0.58384,-0.25245,0,-0.014442,0.002936,0.00448,0.010397,-0.003771,0
0.406229,-0.185208,-0.30873,0.583933,-0.252489,0,-0.014291,0.002893,0.004358,0.010213,-0.003689,0
0.406281,-0.185245,-0.308767,0.584025,-0.252529,0,-0.01414,0.00285,0.004237,0.010029,-0.003608,0
0.406334,-0.185282,-0.308805,0.584118,-0.252568,0,-0.013989,0.002808,0.004115,0.009845,-0.003527,0
0.406386,-0.18532,-0.308842,0.584211,-0.252608,0,-0.013837,0.002765,0.003994,0.00966,-0.003446,0
0.406439,-0.185357,-0.308879,0.584304,-0.252648,0,-0.013686,0.002722,0.003872,0.009476,-0.003365,0
0.406492,-0.185394,-0.308916,0.584396,-0.252687,0,-0.013535,0.00268,0.003751,0.009292,-0.003284,0
0.406544,-0.185431,-0.308953,0.584489,-0.252727,0,-0.013384,0.002637,0.003629,0.009107,-0.003203,0
0.406597,-0.185468,-0.30899,0.584582,-0.252767,0,-0.013233,0.002594,0.003508,0.008923,-0.003121,0
0.406649,-0.185505,-0.309027,0.584675,-0.252806,0,-0.013082,0.002552,0.003386,0.008739,-0.00304,0
0.406702,-0.185542,-0.309064,0.584768,-0.252846,0,-0.01293,0.002509,0.003265,0.008555,-0.002959,0
0.406755,-0.18558,-0.309101,0.58486,-0.252885,0,-0.012779,0.002466,0.003143,0.00837,-0.002878,0
0.406807,-0.185617,-0.309138,0.584953,-0.252925,0,-0.012628,0.002424,0.003022,0.008186,-0.002797,0
0.40686,-0.185654,-0.309175,0.585046,-0.252965,0,-0.012477,0.002381,0.0029,0.008002,-0.002716,0
0.406912,-0.185691,-0.309213,0.585139,-0.253004,0,-0.012326,0.002338,0.002779,0.007817,-0.002635,0
0.406965,-0.185728,-0.30925,0.585231,-0.253044,0,-0.012174,0.002296,0.002657,0.007633,-0.002553,0
0.407017,-0.185765,-0.309287,0.585324,-0.253084,0,-0.012023,0.002253,0.002536,0.007449,-0.002472,0
0.40707,-0.185802,-0.309324,0.585417,-0.253123,0,-0.011872,0.00221,0.002414,0.007265,-0.002391,0
0.407123,-0.18584,-0.309361,0.58551,-0.253163,0,-0.011721,0.002168,0.002293,0.00708,-0.00231,0
0.407175,-0.185877,-0.309398,0.585602,-0.253203,0,-0.01157,0.002125,0.002171,0.006896,-0.002229,0
0.407228,-0.185914,-0.309435,0.585695,-0.253242,0,-0.011419,0.002082,0.00205,0.006712,-0.002148,0
0.407266,-0.18594,-0.309462,0.585763,-0.253272,0,-0.011304,0.00205,0.001957,0.006572,-0.002087,0
0.407298,-0.185962,-0.309483,0.585819,-0.253296,0,-0.01121,0.002024,0.00188,0.006458,-0.002037,0
0.40733,-0.185983,-0.309505,0.585875,-0.253321,0,-0.011117,0.001997,0.001804,0.006345,-0.001987,0
0.407361,-0.186005,-0.309526,0.585932,-0.253345,0,-0.011023,0.001971,0.001727,0.006231,-0.001937,0
0.407393,-0.186026,-0.309548,0.585988,-0.25337,0,-0.010929,0.001944,0.001651,0.006117,-0.001887,0
0.407425,-0.186048,-0.309569,0.586044,-0.253394,0,-0.010835,0.001918,0.001574,0.006003,-0.001838,0
0.407457,-0.186069,-0.309591,0.5861,-0.253419,0,-0.010742,0.001891,0.001497,0.005889,-0.001788,0
0.407488,-0.186091,-0.309612,0.586156,-0.253443,0,-0.010648,0.001865,0.001421,0.005775,-0.001738,0
0.40752,-0.186112,-0.309634,0.586212,-0.253468,0,-0.010554,0.001839,0.001344,0.005661,-0.001688,0
0.407552,-0.186134,-0.309655,0.586268,-0.253492,0,-0.010461,0.001812,0.001268,0.005547,-0.001638,0
0.407584,-0.186155,-0.309676,0.586324,-0.253517,0,-0.010367,0.001786,0.001191,0.005433,-0.001589,0
0.407615,-0.186177,-0.309698,0.586381,-0.253541,0,-0.010273,0.001759,0.001114,0.005319,-0.001539,0
0.407647,-0.186198,-0.30972,0.586437,-0.253566,0,-0.01018,0.001733,0.001038,0.005206,-0.001489,0
0.407679,-0.18622,-0.309741,0.586493,-0.25359,0,-0.010086,0.001707,0.000961,0.005092,-0.001439,0
0.407711,-0.186241,-0.309762,0.586549,-0.253615,0,-0.009992,0.00168,0.000885,0.004978,-0.00139,0
0.407742,-0.186263,-0.309784,0.586605,-0.25364,0,-0.009898,0.001654,0.000808,0.004864,-0.00134,0
0.407774,-0.186284,-0.309805,0.586661,-0.253664,0,-0.009805,0.001627,0.000731,0.00475,-0.00129,0
0.407806,-0.186306,-0.309827,0.586718,-0.253689,0,-0.009711,0.001601,0.000655,0.004636,-0.00124,0
0.407837,-0.186327,-0.309848,0.586774,-0.253713,0,-0.009617,0.001574,0.000578,0.004522,-0.00119,0
0.407869,-0.186349,-0.30987,0.58683,-0.253738,0,-0.009524,0.001548,0.000501,0.004408,-0.001141,0
0.407901,-0.18637,-0.309891,0.586886,-0.253762,0,-0.00943,0.001522,0.000425,0.004294,-0.001091,0
0.407933,-0.186392,-0.309913,0.586942,-0.253787,0,-0.009336,0.001495,0.000348,0.00418,-0.001041,0
0.407964,-0.186413,-0.309934,0.586998,-0.253811,0,-0.009243,0.001469,0.000272,0.004066,-0.000991,0
0.407996,-0.186435,-0.309956,0.587054,-0.253836,0,-0.009149,0.001442,0.000195,0.003953,-0.000941,0
0.408028,-0.186456,-0.309977,0.58711,-0.25386,0,-0.009055,0.001416,0.000118,0.003839,-0.000892,0
0.40806,-0.186478,-0.309999,0.587166,-0.253885,0,-0.008961,0.001389,4.2E-05,0.003725,-0.000842,0
0.408091,-0.186499,-0.31002,0.587223,-0.25391,0,-0.008868,0.001363,-3.5E-05,0.003611,-0.000792,0
0.408123,-0.186521,-0.310042,0.587279,-0.253934,0,-0.008774,0.001337,-0.000111,0.003497,-0.000742,0
0.408155,-0.186542,-0.310063,0.587335,-0.253959,0,-0.00868,0.00131,-0.000188,0.003383,-0.000693,0
0.408187,-0.186564,-0.310085,0.587391,-0.253983,0,-0.008587,0.001284,-0.000265,0.003269,-0.000643,0
0.408218,-0.186585,-0.310106,0.587447,-0.254008,0,-0.008493,0.001257,-0.000341,0.003155,-0.000593,0
0.40825,-0.186607,-0.310128,0.587503,-0.254032,0,-0.008399,0.001231,-0.000418,0.003041,-0.000543,0
0.408282,-0.186628,-0.310149,0.58756,-0.254057,0,-0.008306,0.001204,-0.000494,0.002927,-0.000493,0
0.408306,-0.186645,-0.310166,0.587603,-0.254075,0,-0.00823,0.001184,-0.000556,0.002836,-0.000453,0
0.408315,-0.186653,-0.310174,0.587622,-0.254083,0,-0.008198,0.001175,-0.000582,0.002796,-0.000435,0
0.408324,-0.186661,-0.310181,0.587642,-0.25409,0,-0.008166,0.001167,-0.000608,0.002756,-0.000416,0
0.408333,-0.186668,-0.310189,0.587661,-0.254098,0,-0.008134,0.001159,-0.000634,0.002716,-0.000398,0
0.408342,-0.186676,-0.310197,0.587681,-0.254106,0,-0.008102,0.001151,-0.00066,0.002676,-0.000379,0
0.408351,-0.186684,-0.310205,0.5877,-0.254113,0,-0.00807,0.001143,-0.000687,0.002637,-0.000361,0
0.40836,-0.186692,-0.310213,0.58772,-0.254121,0,-0.008038,0.001135,-0.000713,0.002597,-0.000342,0
0.408369,-0.1867,-0.310221,0.587739,-0.254128,0,-0.008006,0.001127,-0.000739,0.002557,-0.000324,0
0.408378,-0.186708,-0.310228,0.587759,-0.254136,0,-0.007974,0.001118,-0.000765,0.002517,-0.000306,0
0.408387,-0.186715,-0.310236,0.587778,-0.254143,0,-0.007942,0.00111,-0.000791,0.002477,-0.000287,0
0.408396,-0.186723,-0.310244,0.587798,-0.254151,0,-0.00791,0.001102,-0.000817,0.002437,-0.000269,0
0.408405,-0.186731,-0.310252,0.587817,-0.254158,0,-0.007878,0.001094,-0.000843,0.002397,-0.00025,0
0.408414,-0.186739,-0.31026,0.587836,-0.254166,0,-0.007845,0.001086,-0.00087,0.002358,-0.000232,0
0.408423,-0.186747,-0.310267,0.587856,-0.254174,0,-0.007813,0.001078,-0.000896,0.002318,-0.000213,0
0.408433,-0.186755,-0.310275,0.587875,-0.254181,0,-0.007781,0.00107,-0.000922,0.002278,-0.000195,0
0.408442,-0.186762,-0.310283,0.587895,-0.254189,0,-0.007749,0.001062,-0.000948,0.002238,-0.000176,0
0.408451,-0.18677,-0.310291,0.587914,-0.254196,0,-0.007717,0.001053,-0.000974,0.002198,-0.000158,0
0.40846,-0.186778,-0.310299,0.587934,-0.254204,0,-0.007685,0.001045,-0.001,0.002158,-0.00014,0
0.408469,-0.186786,-0.310306,0.587953,-0.254211,0,-0.007653,0.001037,-0.001027,0.002118,-0.000121,0
0.408478,-0.186794,-0.310314,0.587972,-0.254219,0,-0.007621,0.001029,-0.001053,0.002079,-0.000103,0
0.408487,-0.186801,-0.310322,0.587992,-0.254226,0,-0.007589,0.001021,-0.001079,0.002039,-8.4E-05,0
0.408496,-0.186809,-0.31033,0.588011,-0.254234,0,-0.007557,0.001013,-0.001105,0.001999,-6.6E-05,0
0.408505,-0.186817,-0.310338,0.588031,-0.254242,0,-0.007525,0.001005,-0.001131,0.001959,-4.7E-05,0
0.408514,-0.186825,-0.310346,0.58805,-0.254249,0,-0.007493,0.000997,-0.001157,0.001919,-2.9E-05,0
0.408523,-0.186833,-0.310353,0.58807,-0.254257,0,-0.007461,0.000988,-0.001183,0.001879,-1.1E-05,0
0.408532,-0.18684,-0.310361,0.588089,-0.254264,0,-0.007428,0.00098,-0.00121,0.001839,8E-06,0
0.408541,-0.186848,-0.310369,0.588108,-0.254272,0,-0.007396,0.000972,-0.001236,0.0018,2.6E-05,0
0.40855,-0.186856,-0.310377,0.588128,-0.254279,0,-0.007364,0.000964,-0.001262,0.00176,4.5E-05,0
0.408559,-0.186864,-0.310385,0.588147,-0.254287,0,-0.007332,0.000956,-0.001288,0.00172,6.3E-05,0
0.408569,-0.186872,-0.310392,0.588167,-0.254294,0,-0.0073,0.000948,-0.001314,0.00168,8.2E-05,0
0.408578,-0.18688,-0.3104,0.588186,-0.254302,0,-0.007268,0.00094,-0.00134,0.00164,1E-04,0
0.408587,-0.186887,-0.310408,0.588206,-0.254309,0,-0.007236,0.000931,-0.001367,0.0016,0.000119,0
0.408596,-0.186895,-0.310416,0.588225,-0.254317,0,-0.007204,0.000923,-0.001393,0.00156,0.000137,0
0.408605,-0.186903,-0.310423,0.588244,-0.254324,0,-0.007171,0.000915,-0.00142,0.001519,0.000156,0
0.408595,-0.186895,-0.310416,0.588225,-0.254317,0,-0.007203,0.000923,-0.001394,0.001559,0.000138,0
0.408586,-0.186887,-0.310408,0.588205,-0.254309,0,-0.007235,0.000931,-0.001367,0.001599,0.000119,0
0.408577,-0.186879,-0.3104,0.588186,-0.254302,0,-0.007267,0.000939,-0.001341,0.001639,0.000101,0
0.408568,-0.186872,-0.310392,0.588166,-0.254294,0,-0.007299,0.000947,-0.001315,0.001679,8.2E-05,0
0.408559,-0.186864,-0.310384,0.588147,-0.254287,0,-0.007331,0.000956,-0.001289,0.001719,6.4E-05,0
0.40855,-0.186856,-0.310377,0.588127,-0.254279,0,-0.007363,0.000964,-0.001263,0.001758,4.5E-05,0
0.408541,-0.186848,-0.310369,0.588108,-0.254271,0,-0.007395,0.000972,-0.001237,0.001798,2.7E-05,0
0.408532,-0.18684,-0.310361,0.588088,-0.254264,0,-0.007427,0.00098,-0.001211,0.001838,9E-06,0
0.408523,-0.186832,-0.310353,0.588069,-0.254256,0,-0.007459,0.000988,-0.001184,0.001878,-1E-05,0
0.408514,-0.186825,-0.310345,0.58805,-0.254249,0,-0.007491,0.000996,-0.001158,0.001918,-2.8E-05,0
0.408505,-0.186817,-0.310338,0.58803,-0.254241,0,-0.007524,0.001004,-0.001132,0.001958,-4.7E-05,0
0.408496,-0.186809,-0.31033,0.588011,-0.254234,0,-0.007556,0.001012,-0.001106,0.001998,-6.5E-05,0
0.408487,-0.186801,-0.310322,0.587991,-0.254226,0,-0.007588,0.001021,-0.00108,0.002037,-8.4E-05,0
0.408478,-0.186793,-0.310314,0.587972,-0.254219,0,-0.00762,0.001029,-0.001054,0.002077,-0.000102,0
0.408469,-0.186785,-0.310306,0.587952,-0.254211,0,-0.007652,0.001037,-0.001027,0.002117,-0.000121,0
0.408459,-0.186778,-0.310298,0.587933,-0.254204,0,-0.007684,0.001045,-0.001001,0.002157,-0.000139,0
0.40845,-0.18677,-0.310291,0.587914,-0.254196,0,-0.007716,0.001053,-0.000975,0.002197,-0.000157,0
0.408441,-0.186762,-0.310283,0.587894,-0.254188,0,-0.007748,0.001061,-0.000949,0.002237,-0.000176,0
0.408432,-0.186754,-0.310275,0.587875,-0.254181,0,-0.00778,0.001069,-0.000923,0.002277,-0.000194,0
0.408423,-0.186746,-0.310267,0.587855,-0.254173,0,-0.007812,0.001078,-0.000897,0.002316,-0.000213,0
0.408414,-0.186739,-0.310259,0.587836,-0.254166,0,-0.007844,0.001086,-0.00087,0.002356,-0.000231,0
0.408405,-0.186731,-0.310252,0.587816,-0.254158,0,-0.007876,0.001094,-0.000844,0.002396,-0.00025,0
0.408396,-0.186723,-0.310244,0.587797,-0.254151,0,-0.007909,0.001102,-0.000818,0.002436,-0.000268,0
0.408387,-0.186715,-0.310236,0.587777,-0.254143,0,-0.007941,0.00111,-0.000792,0.002476,-0.000286,0
0.408378,-0.186707,-0.310228,0.587758,-0.254136,0,-0.007973,0.001118,-0.000766,0.002516,-0.000305,0
0.408369,-0.1867,-0.31022,0.587739,-0.254128,0,-0.008005,0.001126,-0.00074,0.002556,-0.000323,0
0.40836,-0.186692,-0.310212,0.587719,-0.254121,0,-0.008037,0.001135,-0.000714,0.002595,-0.000342,0
0.408351,-0.186684,-0.310205,0.5877,-0.254113,0,-0.008069,0.001143,-0.000687,0.002635,-0.00036,0
0.408342,-0.186676,-0.310197,0.58768,-0.254105,0,-0.008101,0.001151,-0.000661,0.002675,-0.000379,0
0.408333,-0.186668,-0.310189,0.587661,-0.254098,0,-0.008133,0.001159,-0.000635,0.002715,-0.000397,0
0.408323,-0.18666,-0.310181,0.587641,-0.25409,0,-0.008165,0.001167,-0.000609,0.002755,-0.000416,0
0.408314,-0.186653,-0.310173,0.587622,-0.254083,0,-0.008197,0.001175,-0.000583,0.002795,-0.000434,0
0.408305,-0.186645,-0.310166,0.587602,-0.254075,0,-0.008229,0.001183,-0.000557,0.002835,-0.000452,0
0.408281,-0.186628,-0.310149,0.587558,-0.254056,0,-0.008302,0.001204,-0.000497,0.002924,-0.000492,0
0.408249,-0.186606,-0.310127,0.587502,-0.254032,0,-0.008396,0.00123,-0.00042,0.003038,-0.000542,0
0.408217,-0.186585,-0.310106,0.587446,-0.254007,0,-0.00849,0.001256,-0.000344,0.003152,-0.000591,0
0.408186,-0.186563,-0.310084,0.58739,-0.253982,0,-0.008584,0.001283,-0.000267,0.003265,-0.000641,0
0.408154,-0.186542,-0.310062,0.587333,-0.253958,0,-0.008677,0.001309,-0.00019,0.003379,-0.000691,0
0.408122,-0.18652,-0.310041,0.587277,-0.253933,0,-0.008771,0.001336,-0.000114,0.003493,-0.000741,0
0.40809,-0.186499,-0.31002,0.587221,-0.253909,0,-0.008865,0.001362,-3.7E-05,0.003607,-0.000791,0
0.408059,-0.186477,-0.309998,0.587165,-0.253884,0,-0.008958,0.001389,3.9E-05,0.003721,-0.00084,0
0.408027,-0.186456,-0.309977,0.587109,-0.25386,0,-0.009052,0.001415,0.000116,0.003835,-0.00089,0
0.407995,-0.186434,-0.309955,0.587053,-0.253835,0,-0.009146,0.001441,0.000193,0.003949,-0.00094,0
0.407964,-0.186413,-0.309934,0.586997,-0.253811,0,-0.009239,0.001468,0.000269,0.004063,-0.00099,0
0.407932,-0.186391,-0.309912,0.58694,-0.253786,0,-0.009333,0.001494,0.000346,0.004177,-0.001039,0
0.4079,-0.18637,-0.309891,0.586884,-0.253762,0,-0.009427,0.001521,0.000422,0.004291,-0.001089,0
0.407868,-0.186348,-0.309869,0.586828,-0.253737,0,-0.009521,0.001547,0.000499,0.004405,-0.001139,0
0.407837,-0.186327,-0.309848,0.586772,-0.253713,0,-0.009614,0.001574,0.000576,0.004518,-0.001189,0
0.407805,-0.186305,-0.309826,0.586716,-0.253688,0,-0.009708,0.0016,0.000652,0.004632,-0.001239,0
0.407773,-0.186284,-0.309805,0.58666,-0.253663,0,-0.009802,0.001626,0.000729,0.004746,-0.001288,0
0.407741,-0.186262,-0.309783,0.586604,-0.253639,0,-0.009895,0.001653,0.000805,0.00486,-0.001338,0
0.40771,-0.186241,-0.309762,0.586548,-0.253614,0,-0.009989,0.001679,0.000882,0.004974,-0.001388,0
0.407678,-0.186219,-0.30974,0.586491,-0.25359,0,-0.010083,0.001706,0.000959,0.005088,-0.001438,0
0.407646,-0.186198,-0.309719,0.586435,-0.253565,0,-0.010177,0.001732,0.001035,0.005202,-0.001488,0
0.407614,-0.186176,-0.309697,0.586379,-0.253541,0,-0.01027,0.001759,0.001112,0.005316,-0.001537,0
0.407583,-0.186155,-0.309676,0.586323,-0.253516,0,-0.010364,0.001785,0.001189,0.00543,-0.001587,0
0.407551,-0.186133,-0.309654,0.586267,-0.253492,0,-0.010458,0.001811,0.001265,0.005544,-0.001637,0
0.407519,-0.186112,-0.309633,0.586211,-0.253467,0,-0.010551,0.001838,0.001342,0.005658,-0.001687,0
0.407487,-0.18609,-0.309611,0.586155,-0.253443,0,-0.010645,0.001864,0.001418,0.005771,-0.001737,0
0.407456,-0.186069,-0.30959,0.586098,-0.253418,0,-0.010739,0.001891,0.001495,0.005885,-0.001786,0
0.407424,-0.186047,-0.309569,0.586042,-0.253394,0,-0.010833,0.001917,0.001572,0.005999,-0.001836,0
0.407392,-0.186026,-0.309547,0.585986,-0.253369,0,-0.010926,0.001944,0.001648,0.006113,-0.001886,0
0.407361,-0.186004,-0.309526,0.58593,-0.253344,0,-0.01102,0.00197,0.001725,0.006227,-0.001936,0
0.407329,-0.185983,-0.309504,0.585874,-0.25332,0,-0.011114,0.001996,0.001801,0.006341,-0.001985,0
0.407297,-0.185961,-0.309483,0.585818,-0.253295,0,-0.011207,0.002023,0.001878,0.006455,-0.002035,0
0.407265,-0.18594,-0.309461,0.585762,-0.253271,0,-0.011301,0.002049,0.001955,0.006569,-0.002085,0
0.407226,-0.185913,-0.309434,0.585693,-0.253241,0,-0.011414,0.002081,0.002046,0.006706,-0.002145,0
0.407174,-0.185876,-0.309397,0.5856,-0.253201,0,-0.011565,0.002124,0.002168,0.006891,-0.002226,0
0.407121,-0.185838,-0.30936,0.585507,-0.253162,0,-0.011716,0.002167,0.002289,0.007075,-0.002308,0
0.407069,-0.185801,-0.309323,0.585414,-0.253122,0,-0.011868,0.002209,0.002411,0.007259,-0.002389,0
0.407016,-0.185764,-0.309286,0.585322,-0.253082,0,-0.012019,0.002252,0.002532,0.007443,-0.00247,0
0.406963,-0.185727,-0.309249,0.585229,-0.253043,0,-0.01217,0.002294,0.002654,0.007628,-0.002551,0
0.406911,-0.18569,-0.309212,0.585136,-0.253003,0,-0.012321,0.002337,0.002775,0.007812,-0.002632,0
0.406858,-0.185653,-0.309174,0.585043,-0.252964,0,-0.012472,0.00238,0.002897,0.007996,-0.002713,0
0.406806,-0.185616,-0.309137,0.58495,-0.252924,0,-0.012623,0.002422,0.003018,0.008181,-0.002794,0
0.406753,-0.185579,-0.3091,0.584858,-0.252884,0,-0.012775,0.002465,0.00314,0.008365,-0.002876,0
0.4067,-0.185541,-0.309063,0.584765,-0.252845,0,-0.012926,0.002508,0.003261,0.008549,-0.002957,0
0.406648,-0.185504,-0.309026,0.584672,-0.252805,0,-0.013077,0.00255,0.003383,0.008733,-0.003038,0
0.406595,-0.185467,-0.308989,0.584579,-0.252765,0,-0.013228,0.002593,0.003504,0.008918,-0.003119,0
0.406543,-0.18543,-0.308952,0.584487,-0.252726,0,-0.013379,0.002636,0.003626,0.009102,-0.0032,0
0.40649,-0.185393,-0.308915,0.584394,-0.252686,0,-0.013531,0.002679,0.003747,0.009286,-0.003281,0
0.406437,-0.185356,-0.308878,0.584301,-0.252647,0,-0.013682,0.002721,0.003869,0.009471,-0.003363,0
0.406385,-0.185319,-0.308841,0.584208,-0.252607,0,-0.013833,0.002764,0.00399,0.009655,-0.003444,0
0.406332,-0.185281,-0.308803,0.584116,-0.252567,0,-0.013984,0.002807,0.004112,0.009839,-0.003525,0
0.40628,-0.185244,-0.308766,0.584023,-0.252528,0,-0.014135,0.002849,0.004233,0.010024,-0.003606,0
0.406227,-0.185207,-0.308729,0.58393,-0.252488,0,-0.014287,0.002892,0.004355,0.010208,-0.003687,0
0.406175,-0.18517,-0.308692,0.583837,-0.252448,0,-0.014438,0.002935,0.004476,0.010392,-0.003768,0
0.406122,-0.185133,-0.308655,0.583745,-0.252409,0,-0.014589,0.002977,0.004598,0.010576,-0.003849,0
0.406069,-0.185096,-0.308618,0.583652,-0.252369,0,-0.01474,0.00302,0.004719,0.010761,-0.003931,0
0.406017,-0.185059,-0.308581,0.583559,-0.252329,0,-0.014891,0.003063,0.004841,0.010945,-0.004012,0
0.405964,-0.185022,-0.308544,0.583466,-0.25229,0,-0.015043,0.003105,0.004962,0.011129,-0.004093,0
0.405912,-0.184984,-0.308507,0.583373,-0.25225,0,-0.015194,0.003148,0.005084,0.011313,-0.004174,0
0.405859,-0.184947,-0.30847,0.583281,-0.252211,0,-0.015345,0.003191,0.005205,0.011498,-0.004255,0
0.405807,-0.18491,-0.308432,0.583188,-0.252171,0,-0.015496,0.003233,0.005326,0.011682,-0.004336,0
0.405754,-0.184873,-0.308395,0.583095,-0.252131,0,-0.015647,0.003276,0.005448,0.011866,-0.004417,0
0.405701,-0.184836,-0.308358,0.583002,-0.252092,0,-0.015798,0.003319,0.005569,0.012051,-0.004499,0
0.405649,-0.184799,-0.308321,0.58291,-0.252052,0,-0.01595,0.003361,0.005691,0.012235,-0.00458,0
0.405596,-0.184762,-0.308284,0.582817,-0.252012,0,-0.016101,0.003404,0.005812,0.012419,-0.004661,0
0.405544,-0.184724,-0.308247,0.582724,-0.251973,0,-0.016252,0.003447,0.005934,0.012603,-0.004742,0
0.405491,-0.184687,-0.30821,0.582631,-0.251933,0,-0.016403,0.003489,0.006055,0.012788,-0.004823,0
0.405417,-0.184638,-0.308159,0.582501,-0.25188,0,-0.016605,0.003546,0.006222,0.013037,-0.004932,0
0.405344,-0.184589,-0.308108,0.582372,-0.251827,0,-0.016807,0.003603,0.006388,0.013286,-0.005041,0
0.40527,-0.18454,-0.308057,0.582243,-0.251774,0,-0.017009,0.00366,0.006555,0.013535,-0.00515,0
0.405197,-0.184491,-0.308007,0.582113,-0.251722,0,-0.017211,0.003717,0.006721,0.013784,-0.005259,0
0.405123,-0.184443,-0.307956,0.581984,-0.251669,0,-0.017413,0.003774,0.006888,0.014033,-0.005367,0
0.40505,-0.184394,-0.307905,0.581855,-0.251616,0,-0.017615,0.003831,0.007054,0.014283,-0.005476,0
0.404977,-0.184345,-0.307854,0.581726,-0.251563,0,-0.017817,0.003888,0.00722,0.014532,-0.005585,0
0.404903,-0.184296,-0.307804,0.581596,-0.25151,0,-0.018019,0.003944,0.007387,0.014781,-0.005694,0
0.40483,-0.184247,-0.307753,0.581467,-0.251457,0,-0.018221,0.004001,0.007553,0.01503,-0.005803,0
0.404756,-0.184198,-0.307702,0.581338,-0.251405,0,-0.018423,0.004058,0.00772,0.015279,-0.005912,0
0.404683,-0.184149,-0.307651,0.581208,-0.251352,0,-0.018625,0.004115,0.007886,0.015528,-0.00602,0
0.40461,-0.1841,-0.307601,0.581079,-0.251299,0,-0.018827,0.004172,0.008053,0.015777,-0.006129,0
0.404536,-0.184052,-0.30755,0.58095,-0.251246,0,-0.019029,0.004229,0.008219,0.016026,-0.006238,0
0.404463,-0.184003,-0.307499,0.58082,-0.251193,0,-0.019231,0.004286,0.008386,0.016276,-0.006347,0
0.404389,-0.183954,-0.307448,0.580691,-0.25114,0,-0.019433,0.004343,0.008552,0.016525,-0.006456,0
0.404316,-0.183905,-0.307398,0.580562,-0.251088,0,-0.019635,0.004399,0.008718,0.016774,-0.006565,0
0.404243,-0.183856,-0.307347,0.580432,-0.251035,0,-0.019837,0.004456,0.008885,0.017023,-0.006673,0
0.404169,-0.183807,-0.307296,0.580303,-0.250982,0,-0.020039,0.004513,0.009051,0.017272,-0.006782,0
0.404096,-0.183758,-0.307245,0.580174,-0.250929,0,-0.020241,0.00457,0.009218,0.017521,-0.006891,0
0.404022,-0.183709,-0.307195,0.580045,-0.250876,0,-0.020443,0.004627,0.009384,0.01777,-0.007,0
0.403949,-0.183661,-0.307144,0.579915,-0.250823,0,-0.020645,0.004684,0.009551,0.01802,-0.007109,0
0.403876,-0.183612,-0.307093,0.579786,-0.250771,0,-0.020847,0.004741,0.009717,0.018269,-0.007218,0
0.403802,-0.183563,-0.307042,0.579657,-0.250718,0,-0.021049,0.004798,0.009883,0.018518,-0.007326,0
0.403729,-0.183514,-0.306992,0.579527,-0.250665,0,-0.021251,0.004854,0.01005,0.018767,-0.007435,0
0.403655,-0.183465,-0.306941,0.579398,-0.250612,0,-0.021453,0.004911,0.010216,0.019016,-0.007544,0
0.403582,-0.183416,-0.30689,0.579269,-0.250559,0,-0.021655,0.004968,0.010383,0.019265,-0.007653,0
0.403508,-0.183367,-0.306839,0.57914,-0.250506,0,-0.021857,0.005025,0.010549,0.019514,-0.007762,0
0.403435,-0.183318,-0.306788,0.57901,-0.250454,0,-0.022059,0.005082,0.010716,0.019764,-0.007871,0
0.403362,-0.18327,-0.306738,0.578881,-0.250401,0,-0.022261,0.005139,0.010882,0.020013,-0.007979,0
0.403288,-0.183221,-0.306687,0.578752,-0.250348,0,-0.022463,0.005196,0.011048,0.020262,-0.008088,0
0.403215,-0.183172,-0.306636,0.578622,-0.250295,0,-0.022665,0.005253,0.011215,0.020511,-0.008197,0
0.403141,-0.183123,-0.306586,0.578493,-0.250242,0,-0.022867,0.005309,0.011381,0.02076,-0.008306,0
0.403068,-0.183074,-0.306535,0.578364,-0.250189,0,-0.023069,0.005366,0.011548,0.021009,-0.008415,0
0.402983,-0.183016,-0.306475,0.578214,-0.250126,0,-0.023303,0.005433,0.011738,0.021297,-0.008542,0
0.402892,-0.182953,-0.30641,0.578055,-0.250058,0,-0.023553,0.005504,0.01194,0.021603,-0.008679,0
0.402802,-0.18289,-0.306346,0.577896,-0.24999,0,-0.023802,0.005575,0.012142,0.02191,-0.008815,0
0.402711,-0.182828,-0.306281,0.577736,-0.249923,0,-0.024052,0.005646,0.012344,0.022216,-0.008952,0
0.402621,-0.182765,-0.306217,0.577577,-0.249855,0,-0.024302,0.005717,0.012546,0.022523,-0.009088,0
0.40253,-0.182703,-0.306153,0.577418,-0.249787,0,-0.024551,0.005788,0.012748,0.02283,-0.009225,0
0.40244,-0.18264,-0.306088,0.577259,-0.249719,0,-0.024801,0.005859,0.012951,0.023136,-0.009361,0
0.402349,-0.182578,-0.306024,0.577099,-0.249651,0,-0.02505,0.00593,0.013153,0.023443,-0.009498,0
0.402259,-0.182515,-0.305959,0.57694,-0.249583,0,-0.0253,0.006001,0.013355,0.023749,-0.009634,0
0.402168,-0.182452,-0.305895,0.576781,-0.249515,0,-0.025549,0.006072,0.013557,0.024056,-0.009771,0
0.402078,-0.18239,-0.305831,0.576622,-0.249447,0,-0.025799,0.006143,0.013759,0.024363,-0.009908,0
0.401987,-0.182327,-0.305766,0.576462,-0.249379,0,-0.026049,0.006214,0.013961,0.024669,-0.010044,0
0.401896,-0.182265,-0.305702,0.576303,-0.249311,0,-0.026298,0.006285,0.014163,0.024976,-0.010181,0
0.401806,-0.182202,-0.305638,0.576144,-0.249243,0,-0.026548,0.006356,0.014365,0.025282,-0.010317,0
0.401715,-0.182139,-0.305573,0.575985,-0.249176,0,-0.026797,0.006428,0.014567,0.025589,-0.010454,0
0.401625,-0.182077,-0.305509,0.575825,-0.249108,0,-0.027047,0.006499,0.014769,0.025896,-0.01059,0
0.401534,-0.182014,-0.305444,0.575666,-0.24904,0,-0.027297,0.00657,0.014972,0.026202,-0.010727,0
0.401444,-0.181952,-0.30538,0.575507,-0.248972,0,-0.027546,0.006641,0.015174,0.026509,-0.010863,0
0.401353,-0.181889,-0.305316,0.575348,-0.248904,0,-0.027796,0.006712,0.015376,0.026815,-0.011,0
0.401263,-0.181827,-0.305251,0.575189,-0.248836,0,-0.028045,0.006783,0.015578,0.027122,-0.011136,0
0.401172,-0.181764,-0.305187,0.575029,-0.248768,0,-0.028295,0.006854,0.01578,0.027429,-0.011273,0
0.401082,-0.181701,-0.305122,0.57487,-0.2487,0,-0.028545,0.006925,0.015982,0.027735,-0.011409,0
0.400991,-0.181639,-0.305058,0.574711,-0.248632,0,-0.028794,0.006996,0.016184,0.028042,-0.011546,0
0.400901,-0.181576,-0.304994,0.574552,-0.248564,0,-0.029044,0.007067,0.016386,0.028348,-0.011683,0
0.40081,-0.181514,-0.304929,0.574392,-0.248496,0,-0.029293,0.007138,0.016588,0.028655,-0.011819,0
0.400719,-0.181451,-0.304865,0.574233,-0.248429,0,-0.029543,0.007209,0.01679,0.028961,-0.011956,0
0.400629,-0.181388,-0.3048,0.574074,-0.248361,0,-0.029793,0.00728,0.016992,0.029268,-0.012092,0
0.400538,-0.181326,-0.304736,0.573915,-0.248293,0,-0.030042,0.007351,0.017195,0.029575,-0.012229,0
0.400448,-0.181263,-0.304672,0.573756,-0.248225,0,-0.030292,0.007422,0.017397,0.029881,-0.012365,0
0.400357,-0.181201,-0.304607,0.573596,-0.248157,0,-0.030541,0.007493,0.017599,0.030188,-0.012502,0
0.400267,-0.181138,-0.304543,0.573437,-0.248089,0,-0.030791,0.007564,0.017801,0.030494,-0.012638,0
0.400176,-0.181075,-0.304478,0.573278,-0.248021,0,-0.031041,0.007636,0.018003,0.030801,-0.012775,0
0.400086,-0.181013,-0.304414,0.573119,-0.247953,0,-0.03129,0.007707,0.018205,0.031108,-0.012911,0
0.399989,-0.180946,-0.304345,0.572947,-0.24788,0,-0.031553,0.007782,0.018418,0.031431,-0.013055,0
0.399881,-0.180872,-0.304267,0.572754,-0.247797,0,-0.031841,0.007868,0.018654,0.03179,-0.013212,0
0.399774,-0.180797,-0.304189,0.572561,-0.247714,0,-0.032129,0.007953,0.01889,0.032149,-0.013368,0
0.399666,-0.180723,-0.304111,0.572368,-0.247631,0,-0.032417,0.008038,0.019126,0.032507,-0.013525,0
0.399558,-0.180649,-0.304033,0.572174,-0.247548,0,-0.032705,0.008123,0.019362,0.032866,-0.013682,0
0.399451,-0.180574,-0.303955,0.571981,-0.247465,0,-0.032993,0.008208,0.019598,0.033224,-0.013839,0
0.399343,-0.1805,-0.303877,0.571788,-0.247382,0,-0.033281,0.008294,0.019834,0.033583,-0.013996,0
0.399235,-0.180426,-0.303799,0.571594,-0.247299,0,-0.033569,0.008379,0.02007,0.033941,-0.014153,0
0.399128,-0.180351,-0.303721,0.571401,-0.247216,0,-0.033857,0.008464,0.020306,0.0343,-0.01431,0
0.39902,-0.180277,-0.303643,0.571208,-0.247133,0,-0.034145,0.008549,0.020542,0.034659,-0.014467,0
0.398912,-0.180203,-0.303565,0.571014,-0.24705,0,-0.034433,0.008635,0.020778,0.035017,-0.014624,0
0.398804,-0.180128,-0.303487,0.570821,-0.246967,0,-0.034721,0.00872,0.021014,0.035376,-0.01478,0
0.398697,-0.180054,-0.303409,0.570628,-0.246884,0,-0.035009,0.008805,0.02125,0.035734,-0.014937,0
0.398589,-0.17998,-0.303331,0.570435,-0.246801,0,-0.035297,0.00889,0.021486,0.036093,-0.015094,0
0.398481,-0.179905,-0.303252,0.570241,-0.246718,0,-0.035585,0.008975,0.021722,0.036451,-0.015251,0
0.398374,-0.179831,-0.303175,0.570048,-0.246635,0,-0.035873,0.009061,0.021958,0.03681,-0.015408,0
0.398266,-0.179756,-0.303096,0.569854,-0.246552,0,-0.036161,0.009146,0.022194,0.037169,-0.015565,0
0.398158,-0.179682,-0.303019,0.569661,-0.246469,0,-0.036449,0.009231,0.02243,0.037527,-0.015722,0
0.398051,-0.179608,-0.30294,0.569468,-0.246386,0,-0.036737,0.009316,0.022666,0.037886,-0.015879,0
0.397943,-0.179533,-0.302862,0.569275,-0.246303,0,-0.037025,0.009402,0.022902,0.038244,-0.016036,0
0.397835,-0.179459,-0.302784,0.569081,-0.24622,0,-0.037313,0.009487,0.023138,0.038603,-0.016192,0
0.397727,-0.179385,-0.302706,0.568888,-0.246137,0,-0.037601,0.009572,0.023374,0.038962,-0.016349,0
0.39762,-0.17931,-0.302628,0.568695,-0.246054,0,-0.037889,0.009657,0.02361,0.03932,-0.016506,0
0.397512,-0.179236,-0.30255,0.568501,-0.245971,0,-0.038177,0.009743,0.023846,0.039679,-0.016663,0
0.397404,-0.179162,-0.302472,0.568308,-0.245888,0,-0.038465,0.009828,0.024081,0.040037,-0.01682,0
0.397297,-0.179087,-0.302394,0.568115,-0.245806,0,-0.038753,0.009913,0.024317,0.040396,-0.016977,0
0.397189,-0.179013,-0.302316,0.567921,-0.245722,0,-0.039041,0.009998,0.024553,0.040754,-0.017134,0
0.397081,-0.178939,-0.302238,0.567728,-0.245639,0,-0.039329,0.010083,0.024789,0.041113,-0.017291,0
0.396974,-0.178864,-0.30216,0.567535,-0.245557,0,-0.039617,0.010169,0.025025,0.041472,-0.017447,0
0.396866,-0.17879,-0.302082,0.567342,-0.245474,0,-0.039905,0.010254,0.025261,0.04183,-0.017604,0
0.396758,-0.178716,-0.302004,0.567148,-0.245391,0,-0.040193,0.010339,0.025497,0.042189,-0.017761,0
0.39665,-0.178641,-0.301926,0.566955,-0.245308,0,-0.040481,0.010424,0.025733,0.042547,-0.017918,0
0.396543,-0.178567,-0.301848,0.566762,-0.245225,0,-0.040769,0.010509,0.025969,0.042906,-0.018075,0
0.396435,-0.178492,-0.30177,0.566568,-0.245141,0,-0.041057,0.010595,0.026205,0.043265,-0.018232,0
0.396307,-0.178406,-0.30168,0.566345,-0.245047,0,-0.041381,0.010694,0.026468,0.04367,-0.018411,0
0.39618,-0.17832,-0.301591,0.566122,-0.244953,0,-0.041706,0.010793,0.02673,0.044075,-0.01859,0
0.396052,-0.178234,-0.301501,0.565899,-0.244859,0,-0.042031,0.010893,0.026992,0.04448,-0.018769,0
0.395925,-0.178148,-0.301411,0.565676,-0.244764,0,-0.042356,0.010992,0.027255,0.044885,-0.018948,0
0.395797,-0.178061,-0.301321,0.565453,-0.24467,0,-0.042681,0.011091,0.027517,0.04529,-0.019127,0
0.39567,-0.177975,-0.301232,0.56523,-0.244576,0,-0.043006,0.011191,0.02778,0.045695,-0.019307,0
0.395542,-0.177889,-0.301142,0.565007,-0.244482,0,-0.043331,0.01129,0.028042,0.0461,-0.019486,0
0.395415,-0.177803,-0.301053,0.564784,-0.244387,0,-0.043655,0.011389,0.028304,0.046506,-0.019665,0
0.395287,-0.177717,-0.300963,0.564562,-0.244293,0,-0.04398,0.011489,0.028567,0.046911,-0.019844,0
0.39516,-0.177631,-0.300873,0.564339,-0.244199,0,-0.044305,0.011588,0.028829,0.047316,-0.020023,0
0.395032,-0.177545,-0.300783,0.564116,-0.244105,0,-0.04463,0.011688,0.029092,0.047721,-0.020202,0
0.394905,-0.177458,-0.300694,0.563893,-0.24401,0,-0.044955,0.011787,0.029354,0.048126,-0.020381,0
0.394778,-0.177372,-0.300604,0.56367,-0.243916,0,-0.04528,0.011886,0.029616,0.048531,-0.02056,0
0.39465,-0.177286,-0.300514,0.563447,-0.243822,0,-0.045605,0.011986,0.029879,0.048936,-0.020739,0
0.394523,-0.1772,-0.300425,0.563224,-0.243728,0,-0.04593,0.012085,0.030141,0.049341,-0.020918,0
0.394395,-0.177114,-0.300335,0.563001,-0.243633,0,-0.046254,0.012184,0.030404,0.049746,-0.021097,0
0.394268,-0.177028,-0.300245,0.562778,-0.243539,0,-0.046579,0.012284,0.030666,0.050152,-0.021277,0
0.39414,-0.176942,-0.300156,0.562556,-0.243445,0,-0.046904,0.012383,0.030929,0.050557,-0.021456,0
0.394013,-0.176855,-0.300066,0.562333,-0.243351,0,-0.047229,0.012482,0.031191,0.050962,-0.021635,0
0.393885,-0.176769,-0.299976,0.56211,-0.243256,0,-0.047554,0.012582,0.031453,0.051367,-0.021814,0
0.393758,-0.176683,-0.299887,0.561887,-0.243162,0,-0.047879,0.012681,0.031716,0.051772,-0.021993,0
0.39363,-0.176597,-0.299797,0.561664,-0.243068,0,-0.048204,0.01278,0.031978,0.052177,-0.022172,0
0.393503,-0.176511,-0.299707,0.561441,-0.242974,0,-0.048528,0.01288,0.032241,0.052582,-0.022351,0
0.393375,-0.176425,-0.299618,0.561218,-0.242879,0,-0.048853,0.012979,0.032503,0.052987,-0.02253,0
0.393248,-0.176339,-0.299528,0.560995,-0.242785,0,-0.049178,0.013078,0.032766,0.053392,-0.022709,0
0.39312,-0.176253,-0.299438,0.560772,-0.242691,0,-0.049503,0.013178,0.033028,0.053798,-0.022888,0
0.392993,-0.176166,-0.299349,0.560549,-0.242597,0,-0.049828,0.013277,0.03329,0.054203,-0.023068,0
0.392865,-0.17608,-0.299259,0.560326,-0.242502,0,-0.050153,0.013377,0.033553,0.054608,-0.023247,0
0.392738,-0.175994,-0.299169,0.560103,-0.242408,0,-0.050478,0.013476,0.033815,0.055013,-0.023426,0
0.392611,-0.175908,-0.29908,0.559881,-0.242314,0,-0.050803,0.013575,0.034078,0.055418,-0.023605,0
0.392483,-0.175822,-0.29899,0.559658,-0.242219,0,-0.051127,0.013675,0.03434,0.055823,-0.023784,0
0.392356,-0.175736,-0.2989,0.559435,-0.242125,0,-0.051452,0.013774,0.034602,0.056228,-0.023963,0
0.392228,-0.17565,-0.298811,0.559212,-0.242031,0,-0.051777,0.013873,0.034865,0.056633,-0.024142,0
0.392088,-0.175557,-0.298712,0.558969,-0.241928,0,-0.05212,0.013979,0.035144,0.057064,-0.024332,0
0.391943,-0.175461,-0.298608,0.558716,-0.24182,0,-0.052472,0.014089,0.035431,0.057509,-0.024528,0
0.391798,-0.175365,-0.298505,0.558464,-0.241713,0,-0.052823,0.014198,0.035718,0.057953,-0.024724,0
0.391652,-0.175269,-0.298402,0.558212,-0.241605,0,-0.053175,0.014308,0.036005,0.058397,-0.02492,0
0.391507,-0.175173,-0.298299,0.557959,-0.241498,0,-0.053527,0.014417,0.036292,0.058842,-0.025116,0
0.391361,-0.175077,-0.298195,0.557707,-0.241391,0,-0.053879,0.014526,0.036579,0.059286,-0.025311,0
0.391216,-0.174981,-0.298092,0.557455,-0.241283,0,-0.05423,0.014636,0.036866,0.05973,-0.025507,0
0.391071,-0.174885,-0.297989,0.557202,-0.241176,0,-0.054582,0.014745,0.037153,0.060174,-0.025703,0
0.390925,-0.174789,-0.297885,0.55695,-0.241068,0,-0.054934,0.014854,0.03744,0.060619,-0.025899,0
0.39078,-0.174693,-0.297782,0.556698,-0.240961,0,-0.055285,0.014964,0.037727,0.061063,-0.026094,0
0.390634,-0.174597,-0.297679,0.556446,-0.240853,0,-0.055637,0.015073,0.038014,0.061507,-0.02629,0
0.390489,-0.174501,-0.297576,0.556193,-0.240746,0,-0.055989,0.015183,0.038301,0.061952,-0.026486,0
0.390344,-0.174405,-0.297472,0.555941,-0.240639,0,-0.056341,0.015292,0.038588,0.062396,-0.026682,0
0.390198,-0.174309,-0.297369,0.555689,-0.240531,0,-0.056692,0.015401,0.038876,0.06284,-0.026878,0
0.390053,-0.174213,-0.297266,0.555436,-0.240424,0,-0.057044,0.015511,0.039163,0.063285,-0.027073,0
0.389907,-0.174117,-0.297163,0.555184,-0.240316,0,-0.057396,0.01562,0.03945,0.063729,-0.027269,0
0.389762,-0.174021,-0.297059,0.554932,-0.240209,0,-0.057748,0.01573,0.039737,0.064173,-0.027465,0
0.389617,-0.173925,-0.296956,0.55468,-0.240102,0,-0.058099,0.015839,0.040024,0.064617,-0.027661,0
0.389471,-0.173829,-0.296853,0.554427,-0.239994,0,-0.058451,0.015948,0.040311,0.065062,-0.027857,0
0.389326,-0.173733,-0.29675,0.554175,-0.239887,0,-0.058803,0.016058,0.040598,0.065506,-0.028052,0
0.38918,-0.173637,-0.296646,0.553923,-0.239779,0,-0.059154,0.016167,0.040885,0.06595,-0.028248,0
0.389035,-0.173541,-0.296543,0.55367,-0.239672,0,-0.059506,0.016277,0.041172,0.066394,-0.028444,0
0.38889,-0.173445,-0.29644,0.553418,-0.239565,0,-0.059858,0.016386,0.041459,0.066839,-0.02864,0
0.388744,-0.173349,-0.296337,0.553166,-0.239457,0,-0.06021,0.016495,0.041746,0.067283,-0.028836,0
0.388599,-0.173253,-0.296233,0.552913,-0.23935,0,-0.060561,0.016605,0.042033,0.067727,-0.029031,0
0.388453,-0.173157,-0.29613,0.552661,-0.239242,0,-0.060913,0.016714,0.04232,0.068172,-0.029227,0
0.388308,-0.173061,-0.296027,0.552409,-0.239135,0,-0.061265,0.016824,0.042607,0.068616,-0.029423,0
0.388163,-0.172965,-0.295924,0.552156,-0.239028,0,-0.061616,0.016933,0.042895,0.06906,-0.029619,0
0.388017,-0.172869,-0.29582,0.551904,-0.23892,0,-0.061968,0.017042,0.043182,0.069504,-0.029815,0
0.387872,-0.172773,-0.295717,0.551652,-0.238813,0,-0.06232,0.017152,0.043469,0.069949,-0.03001,0
0.387727,-0.172677,-0.295614,0.5514,-0.238705,0,-0.062672,0.017261,0.043756,0.070393,-0.030206,0
0.387581,-0.172581,-0.29551,0.551147,-0.238598,0,-0.063023,0.017371,0.044043,0.070837,-0.030402,0
0.387436,-0.172485,-0.295407,0.550895,-0.238491,0,-0.063375,0.01748,0.04433,0.071281,-0.030598,0
0.387285,-0.172385,-0.2953,0.550632,-0.238379,0,-0.063735,0.017593,0.044623,0.071737,-0.030798,0
0.387123,-0.172277,-0.295185,0.550351,-0.23826,0,-0.06411,0.017715,0.044927,0.072215,-0.031007,0
0.386962,-0.172169,-0.29507,0.550069,-0.238142,0,-0.064485,0.017836,0.045231,0.072693,-0.031215,0
0.3868,-0.172062,-0.294955,0.549788,-0.238023,0,-0.06486,0.017958,0.045536,0.073171,-0.031424,0
0.386639,-0.171954,-0.29484,0.549506,-0.237904,0,-0.065236,0.018079,0.04584,0.073649,-0.031633,0
0.386477,-0.171846,-0.294725,0.549225,-0.237786,0,-0.065611,0.018201,0.046144,0.074127,-0.031842,0
0.386316,-0.171738,-0.29461,0.548943,-0.237667,0,-0.065986,0.018322,0.046448,0.074605,-0.032051,0
0.386154,-0.17163,-0.294496,0.548662,-0.237548,0,-0.066361,0.018443,0.046753,0.075083,-0.03226,0
0.385993,-0.171523,-0.294381,0.54838,-0.23743,0,-0.066737,0.018565,0.047057,0.075561,-0.032468,0
0.385831,-0.171415,-0.294266,0.548099,-0.237311,0,-0.067112,0.018686,0.047361,0.076039,-0.032677,0
0.38567,-0.171307,-0.294151,0.547817,-0.237192,0,-0.067487,0.018808,0.047666,0.076517,-0.032886,0
0.385508,-0.171199,-0.294036,0.547536,-0.237074,0,-0.067863,0.018929,0.04797,0.076995,-0.033095,0
0.385347,-0.171091,-0.293921,0.547254,-0.236955,0,-0.068238,0.019051,0.048274,0.077473,-0.033304,0
0.385186,-0.170983,-0.293806,0.546973,-0.236836,0,-0.068613,0.019172,0.048578,0.077951,-0.033512,0
0.385024,-0.170876,-0.293691,0.546691,-0.236718,0,-0.068988,0.019294,0.048883,0.078429,-0.033721,0
0.384863,-0.170768,-0.293576,0.54641,-0.236599,0,-0.069364,0.019415,0.049187,0.078906,-0.03393,0
0.384701,-0.17066,-0.293462,0.546128,-0.23648,0,-0.069739,0.019536,0.049491,0.079384,-0.034139,0
0.38454,-0.170552,-0.293347,0.545847,-0.236362,0,-0.070114,0.019658,0.049796,0.079862,-0.034348,0
0.384378,-0.170445,-0.293232,0.545565,-0.236243,0,-0.070489,0.019779,0.0501,0.08034,-0.034557,0
0.384217,-0.170337,-0.293117,0.545284,-0.236124,0,-0.070865,0.019901,0.050404,0.080818,-0.034765,0
0.384055,-0.170229,-0.293002,0.545002,-0.236006,0,-0.07124,0.020022,0.050709,0.081296,-0.034974,0
0.383894,-0.170121,-0.292887,0.544721,-0.235887,0,-0.071615,0.020144,0.051013,0.081774,-0.035183,0
0.383732,-0.170013,-0.292772,0.544439,-0.235768,0,-0.071991,0.020265,0.051317,0.082252,-0.035392,0
0.383571,-0.169905,-0.292657,0.544158,-0.23565,0,-0.072366,0.020387,0.051621,0.08273,-0.035601,0
0.383409,-0.169798,-0.292543,0.543876,-0.235531,0,-0.072741,0.020508,0.051926,0.083208,-0.035809,0
0.383248,-0.16969,-0.292428,0.543595,-0.235413,0,-0.073116,0.020629,0.05223,0.083686,-0.036018,0
0.383086,-0.169582,-0.292313,0.543313,-0.235294,0,-0.073492,0.020751,0.052534,0.084164,-0.036227,0
0.382925,-0.169474,-0.292198,0.543032,-0.235175,0,-0.073867,0.020872,0.052839,0.084642,-0.036436,0
0.382764,-0.169366,-0.292083,0.54275,-0.235057,0,-0.074242,0.020994,0.053143,0.08512,-0.036645,0
0.382602,-0.169259,-0.291968,0.542469,-0.234938,0,-0.074617,0.021115,0.053447,0.085598,-0.036854,0
0.382441,-0.169151,-0.291853,0.542188,-0.234819,0,-0.074993,0.021237,0.053751,0.086076,-0.037062,0
0.382279,-0.169043,-0.291739,0.541906,-0.234701,0,-0.075368,0.021358,0.054056,0.086554,-0.037271,0
0.382118,-0.168935,-0.291624,0.541625,-0.234582,0,-0.075743,0.02148,0.05436,0.087032,-0.03748,0
0.381956,-0.168827,-0.291508,0.541342,-0.234463,0,-0.076118,0.021601,0.054664,0.08751,-0.037689,0
0.381778,-0.168712,-0.291382,0.541036,-0.234331,0,-0.076511,0.021732,0.054982,0.088016,-0.037913,0
0.381601,-0.168596,-0.291256,0.54073,-0.234199,0,-0.076904,0.021864,0.0553,0.088522,-0.038136,0
0.381423,-0.16848,-0.291129,0.540424,-0.234068,0,-0.077297,0.021995,0.055618,0.089028,-0.03836,0
0.381246,-0.168364,-0.291003,0.540118,-0.233936,0,-0.07769,0.022127,0.055936,0.089535,-0.038584,0
0.381068,-0.168249,-0.290876,0.539811,-0.233804,0,-0.078083,0.022258,0.056253,0.090041,-0.038807,0
0.380891,-0.168133,-0.29075,0.539505,-0.233672,0,-0.078476,0.02239,0.056571,0.090547,-0.039031,0
0.380713,-0.168017,-0.290623,0.539199,-0.23354,0,-0.078869,0.022521,0.056889,0.091053,-0.039255,0
0.380536,-0.167901,-0.290497,0.538893,-0.233409,0,-0.079262,0.022652,0.057207,0.091559,-0.039478,0
0.380358,-0.167786,-0.29037,0.538587,-0.233277,0,-0.079656,0.022784,0.057525,0.092065,-0.039702,0
0.380181,-0.16767,-0.290244,0.538281,-0.233145,0,-0.080049,0.022915,0.057843,0.092572,-0.039926,0
0.380003,-0.167554,-0.290117,0.537974,-0.233013,0,-0.080441,0.023047,0.05816,0.093078,-0.04015,0
0.379826,-0.167438,-0.289991,0.537668,-0.232881,0,-0.080834,0.023178,0.058478,0.093584,-0.040373,0
0.379648,-0.167323,-0.289864,0.537362,-0.23275,0,-0.081228,0.02331,0.058796,0.09409,-0.040597,0
0.379471,-0.167207,-0.289738,0.537056,-0.232618,0,-0.08162,0.023441,0.059114,0.094596,-0.040821,0
0.379294,-0.167091,-0.289612,0.53675,-0.232486,0,-0.082013,0.023573,0.059432,0.095102,-0.041044,0
0.379116,-0.166976,-0.289485,0.536444,-0.232354,0,-0.082406,0.023704,0.05975,0.095609,-0.041268,0
0.378938,-0.16686,-0.289359,0.536137,-0.232223,0,-0.082799,0.023835,0.060067,0.096115,-0.041492,0
0.378761,-0.166744,-0.289232,0.535831,-0.232091,0,-0.083193,0.023967,0.060385,0.096621,-0.041716,0
0.378584,-0.166628,-0.289106,0.535525,-0.231959,0,-0.083585,0.024098,0.060703,0.097127,-0.041939,0
0.378406,-0.166513,-0.288979,0.535219,-0.231827,0,-0.083978,0.02423,0.061021,0.097633,-0.042163,0
0.378229,-0.166397,-0.288853,0.534913,-0.231695,0,-0.084371,0.024361,0.061339,0.098139,-0.042387,0
0.378051,-0.166281,-0.288726,0.534606,-0.231564,0,-0.084765,0.024492,0.061656,0.098646,-0.04261,0
0.377874,-0.166166,-0.2886,0.5343,-0.231432,0,-0.085158,0.024624,0.061974,0.099152,-0.042834,0
0.377696,-0.16605,-0.288473,0.533994,-0.2313,0,-0.08555,0.024755,0.062292,0.099658,-0.043058,0
0.377519,-0.165934,-0.288347,0.533688,-0.231168,0,-0.085943,0.024887,0.06261,0.100164,-0.043282,0
0.377341,-0.165818,-0.28822,0.533382,-0.231037,0,-0.086337,0.025018,0.062928,0.10067,-0.043505,0
0.377164,-0.165703,-0.288094,0.533076,-0.230905,0,-0.08673,0.02515,0.063246,0.101176,-0.043729,0
0.376986,-0.165587,-0.287967,0.532769,-0.230773,0,-0.087123,0.025281,0.063563,0.101683,-0.043953,0
0.376809,-0.165471,-0.287841,0.532463,-0.230641,0,-0.087515,0.025413,0.063881,0.102189,-0.044176,0
0.376631,-0.165355,-0.287714,0.532157,-0.230509,0,-0.087909,0.025544,0.064199,0.102695,-0.0444,0
0.376454,-0.16524,-0.287588,0.531851,-0.230378,0,-0.088302,0.025675,0.064517,0.103201,-0.044624,0
0.376276,-0.165124,-0.287462,0.531545,-0.230246,0,-0.088694,0.025807,0.064835,0.103707,-0.044848,0
0.376099,-0.165008,-0.287335,0.531239,-0.230114,0,-0.089087,0.025938,0.065152,0.104213,-0.045071,0
0.375909,-0.164886,-0.287198,0.530914,-0.229976,0,-0.08949,0.026076,0.065478,0.104736,-0.0453,0
0.375714,-0.16476,-0.287056,0.530581,-0.229835,0,-0.089898,0.026218,0.065808,0.105267,-0.045531,0
0.375519,-0.164634,-0.286914,0.530248,-0.229694,0,-0.090305,0.026359,0.066137,0.105797,-0.045762,0
0.375323,-0.164509,-0.286772,0.529915,-0.229553,0,-0.090713,0.026501,0.066467,0.106328,-0.045994,0
0.375128,-0.164383,-0.28663,0.529583,-0.229411,0,-0.09112,0.026642,0.066796,0.106859,-0.046225,0
0.374933,-0.164257,-0.286488,0.52925,-0.22927,0,-0.091527,0.026783,0.067126,0.10739,-0.046456,0
0.374738,-0.164132,-0.286346,0.528917,-0.229129,0,-0.091935,0.026925,0.067455,0.10792,-0.046687,0
0.374543,-0.164006,-0.286204,0.528584,-0.228988,0,-0.092342,0.027066,0.067785,0.108451,-0.046919,0
0.374347,-0.16388,-0.286062,0.528251,-0.228847,0,-0.09275,0.027207,0.068114,0.108982,-0.04715,0
0.374152,-0.163755,-0.285921,0.527919,-0.228706,0,-0.093157,0.027349,0.068444,0.109513,-0.047381,0
0.373957,-0.163629,-0.285779,0.527586,-0.228565,0,-0.093565,0.02749,0.068773,0.110044,-0.047612,0
0.373762,-0.163504,-0.285637,0.527253,-0.228424,0,-0.093972,0.027632,0.069103,0.110574,-0.047843,0
0.373566,-0.163378,-0.285495,0.52692,-0.228282,0,-0.09438,0.027773,0.069432,0.111105,-0.048075,0
0.373371,-0.163252,-0.285353,0.526588,-0.228141,0,-0.094787,0.027914,0.069762,0.111636,-0.048306,0
0.373176,-0.163127,-0.285211,0.526255,-0.228,0,-0.095195,0.028056,0.070091,0.112167,-0.048537,0
0.372981,-0.163001,-0.285069,0.525922,-0.227859,0,-0.095602,0.028197,0.070421,0.112697,-0.048768,0
0.372786,-0.162875,-0.284927,0.525589,-0.227718,0,-0.09601,0.028339,0.07075,0.113228,-0.049,0
0.37259,-0.16275,-0.284785,0.525256,-0.227577,0,-0.096417,0.02848,0.07108,0.113759,-0.049231,0
0.372395,-0.162624,-0.284643,0.524924,-0.227436,0,-0.096824,0.028621,0.07141,0.11429,-0.049462,0
0.3722,-0.162499,-0.284501,0.524591,-0.227295,0,-0.097232,0.028763,0.071739,0.11482,-0.049693,0
0.372005,-0.162373,-0.284359,0.524258,-0.227154,0,-0.097639,0.028904,0.072069,0.115351,-0.049925,0
0.371809,-0.162247,-0.284218,0.523925,-0.227012,0,-0.098047,0.029046,0.072398,0.115882,-0.050156,0
0.371614,-0.162122,-0.284076,0.523593,-0.226871,0,-0.098454,0.029187,0.072728,0.116413,-0.050387,0
0.371419,-0.161996,-0.283934,0.52326,-0.22673,0,-0.098862,0.029328,0.073057,0.116943,-0.050618,0
0.371224,-0.16187,-0.283792,0.522927,-0.226589,0,-0.099269,0.02947,0.073387,0.117474,-0.050849,0
0.371029,-0.161745,-0.28365,0.522594,-0.226448,0,-0.099677,0.029611,0.073716,0.118005,-0.051081,0
0.370833,-0.161619,-0.283508,0.522261,-0.226307,0,-0.100084,0.029752,0.074046,0.118536,-0.051312,0
0.370638,-0.161494,-0.283366,0.521929,-0.226166,0,-0.100492,0.029894,0.074375,0.119067,-0.051543,0
0.370443,-0.161368,-0.283224,0.521596,-0.226025,0,-0.100899,0.030035,0.074705,0.119597,-0.051774,0
0.370248,-0.161242,-0.283082,0.521263,-0.225884,0,-0.101306,0.030177,0.075034,0.120128,-0.052006,0
0.370052,-0.161117,-0.28294,0.52093,-0.225742,0,-0.101714,0.030318,0.075364,0.120659,-0.052237,0
0.369857,-0.160991,-0.282798,0.520598,-0.225601,0,-0.102121,0.030459,0.075693,0.12119,-0.052468,0
0.369662,-0.160865,-0.282656,0.520265,-0.22546,0,-0.102529,0.030601,0.076023,0.12172,-0.052699,0
0.369461,-0.160736,-0.282511,0.519922,-0.225315,0,-0.102939,0.030745,0.076354,0.122257,-0.052934,0
0.369251,-0.160601,-0.28236,0.519563,-0.225163,0,-0.103355,0.030894,0.07669,0.122805,-0.053177,0
0.369041,-0.160465,-0.282208,0.519204,-0.22501,0,-0.103771,0.031043,0.077026,0.123353,-0.053419,0
0.368831,-0.16033,-0.282057,0.518845,-0.224858,0,-0.104187,0.031193,0.077361,0.1239,-0.053662,0
0.368621,-0.160194,-0.281905,0.518486,-0.224706,0,-0.104603,0.031342,0.077697,0.124448,-0.053904,0
0.36841,-0.160058,-0.281754,0.518127,-0.224553,0,-0.105019,0.031491,0.078033,0.124996,-0.054147,0
0.3682,-0.159923,-0.281602,0.517767,-0.224401,0,-0.105435,0.031641,0.078368,0.125544,-0.054389,0
0.36799,-0.159787,-0.281451,0.517408,-0.224249,0,-0.105851,0.03179,0.078704,0.126092,-0.054632,0
0.36778,-0.159652,-0.281299,0.517049,-0.224096,0,-0.106267,0.031939,0.079039,0.12664,-0.054874,0
0.36757,-0.159516,-0.281147,0.51669,-0.223944,0,-0.106683,0.032089,0.079375,0.127188,-0.055116,0
0.36736,-0.159381,-0.280996,0.516331,-0.223792,0,-0.107099,0.032238,0.079711,0.127735,-0.055359,0
0.367149,-0.159245,-0.280844,0.515972,-0.223639,0,-0.107515,0.032387,0.080046,0.128283,-0.055601,0
0.366939,-0.159109,-0.280693,0.515613,-0.223487,0,-0.107931,0.032536,0.080382,0.128831,-0.055844,0
0.366729,-0.158974,-0.280541,0.515254,-0.223335,0,-0.108347,0.032686,0.080718,0.129379,-0.056086,0
0.366519,-0.158838,-0.28039,0.514894,-0.223183,0,-0.108763,0.032835,0.081053,0.129927,-0.056329,0
0.366309,-0.158703,-0.280238,0.514535,-0.22303,0,-0.109179,0.032984,0.081389,0.130475,-0.056571,0
0.366099,-0.158567,-0.280087,0.514176,-0.222878,0,-0.109595,0.033134,0.081724,0.131023,-0.056814,0
0.365888,-0.158432,-0.279935,0.513817,-0.222726,0,-0.110011,0.033283,0.08206,0.131571,-0.057056,0
0.365678,-0.158296,-0.279784,0.513458,-0.222573,0,-0.110427,0.033432,0.082396,0.132118,-0.057299,0
0.365468,-0.15816,-0.279632,0.513099,-0.222421,0,-0.110843,0.033582,0.082731,0.132666,-0.057541,0
0.365258,-0.158025,-0.279481,0.512739,-0.222269,0,-0.111259,0.033731,0.083067,0.133214,-0.057784,0
0.365048,-0.157889,-0.279329,0.51238,-0.222116,0,-0.111675,0.03388,0.083403,0.133762,-0.058026,0
0.364838,-0.157754,-0.279178,0.512021,-0.221964,0,-0.112091,0.03403,0.083738,0.13431,-0.058269,0
0.364627,-0.157618,-0.279026,0.511662,-0.221812,0,-0.112507,0.034179,0.084074,0.134858,-0.058511,0
0.364417,-0.157483,-0.278875,0.511303,-0.221659,0,-0.112922,0.034328,0.08441,0.135406,-0.058753,0
0.364207,-0.157347,-0.278723,0.510944,-0.221507,0,-0.113338,0.034477,0.084745,0.135954,-0.058996,0
0.363997,-0.157212,-0.278572,0.510585,-0.221355,0,-0.113754,0.034627,0.085081,0.136501,-0.059238,0
0.363787,-0.157076,-0.27842,0.510226,-0.221202,0,-0.11417,0.034776,0.085416,0.137049,-0.059481,0
0.363577,-0.15694,-0.278269,0.509866,-0.22105,0,-0.114586,0.034925,0.085752,0.137597,-0.059723,0
0.363366,-0.156805,-0.278117,0.509507,-0.220898,0,-0.115002,0.035075,0.086088,0.138145,-0.059966,0
0.363156,-0.156669,-0.277966,0.509148,-0.220745,0,-0.115418,0.035224,0.086423,0.138693,-0.060208,0
0.362946,-0.156534,-0.277814,0.508789,-0.220593,0,-0.115834,0.035373,0.086759,0.139241,-0.060451,0
0.362736,-0.156398,-0.277663,0.50843,-0.220441,0,-0.11625,0.035523,0.087095,0.139789,-0.060693,0
0.362525,-0.156263,-0.277511,0.50807,-0.220288,0,-0.116666,0.035672,0.08743,0.140336,-0.060936,0
0.362299,-0.156121,-0.277346,0.507689,-0.220125,0,-0.11709,0.035827,0.08777,0.1409,-0.061182,0
0.362073,-0.155979,-0.277181,0.507308,-0.219961,0,-0.117514,0.035982,0.08811,0.141463,-0.061428,0
0.361847,-0.155838,-0.277016,0.506927,-0.219798,0,-0.117938,0.036137,0.08845,0.142026,-0.061675,0
0.361621,-0.155696,-0.276851,0.506546,-0.219634,0,-0.118361,0.036292,0.08879,0.142589,-0.061921,0
0.361395,-0.155555,-0.276686,0.506165,-0.219471,0,-0.118785,0.036448,0.08913,0.143153,-0.062167,0
0.361169,-0.155413,-0.276521,0.505784,-0.219307,0,-0.119209,0.036603,0.089469,0.143716,-0.062414,0
0.360943,-0.155271,-0.276356,0.505403,-0.219144,0,-0.119632,0.036758,0.089809,0.144279,-0.06266,0
0.360717,-0.15513,-0.276191,0.505022,-0.21898,0,-0.120056,0.036913,0.090149,0.144842,-0.062906,0
0.360491,-0.154988,-0.276026,0.504641,-0.218817,0,-0.12048,0.037068,0.090489,0.145406,-0.063153,0
0.360265,-0.154847,-0.275861,0.50426,-0.218653,0,-0.120904,0.037224,0.090829,0.145969,-0.063399,0
0.360039,-0.154705,-0.275696,0.503879,-0.21849,0,-0.121327,0.037379,0.091169,0.146532,-0.063645,0
0.359813,-0.154563,-0.275531,0.503498,-0.218326,0,-0.121751,0.037534,0.091509,0.147095,-0.063892,0
0.359587,-0.154422,-0.275367,0.503117,-0.218163,0,-0.122175,0.037689,0.091849,0.147659,-0.064138,0
0.359361,-0.15428,-0.275202,0.502736,-0.217999,0,-0.122599,0.037844,0.092188,0.148222,-0.064384,0
0.359135,-0.154139,-0.275037,0.502354,-0.217836,0,-0.123022,0.037999,0.092528,0.148785,-0.064631,0
0.35891,-0.153997,-0.274872,0.501974,-0.217672,0,-0.123446,0.038155,0.092868,0.149348,-0.064877,0
0.358684,-0.153856,-0.274707,0.501592,-0.217509,0,-0.12387,0.03831,0.093208,0.149911,-0.065123,0
0.358458,-0.153714,-0.274542,0.501211,-0.217345,0,-0.124294,0.038465,0.093548,0.150475,-0.065369,0
0.358232,-0.153572,-0.274377,0.50083,-0.217182,0,-0.124717,0.03862,0.093888,0.151038,-0.065616,0
0.358006,-0.153431,-0.274212,0.500449,-0.217018,0,-0.125141,0.038775,0.094228,0.151601,-0.065862,0
0.35778,-0.153289,-0.274047,0.500068,-0.216855,0,-0.125565,0.03893,0.094568,0.152164,-0.066108,0
0.357554,-0.153148,-0.273882,0.499687,-0.216691,0,-0.125989,0.039086,0.094907,0.152728,-0.066355,0
0.357328,-0.153006,-0.273717,0.499306,-0.216528,0,-0.126412,0.039241,0.095247,0.153291,-0.066601,0
0.357102,-0.152864,-0.273552,0.498925,-0.216364,0,-0.126836,0.039396,0.095587,0.153854,-0.066847,0
0.356876,-0.152723,-0.273387,0.498544,-0.216201,0,-0.12726,0.039551,0.095927,0.154417,-0.067094,0
0.35665,-0.152581,-0.273222,0.498163,-0.216037,0,-0.127684,0.039706,0.096267,0.154981,-0.06734,0
0.356424,-0.15244,-0.273057,0.497782,-0.215874,0,-0.128107,0.039861,0.096607,0.155544,-0.067586,0
0.356198,-0.152298,-0.272892,0.497401,-0.21571,0,-0.128531,0.040017,0.096947,0.156107,-0.067833,0
0.355972,-0.152157,-0.272727,0.49702,-0.215547,0,-0.128955,0.040172,0.097287,0.15667,-0.068079,0
0.355746,-0.152015,-0.272562,0.496639,-0.215383,0,-0.129379,0.040327,0.097626,0.157234,-0.068325,0
0.35552,-0.151873,-0.272397,0.496258,-0.21522,0,-0.129802,0.040482,0.097966,0.157797,-0.068572,0
0.355294,-0.151732,-0.272232,0.495877,-0.215056,0,-0.130226,0.040637,0.098306,0.15836,-0.068818,0
0.355068,-0.15159,-0.272067,0.495496,-0.214893,0,-0.13065,0.040793,0.098646,0.158923,-0.069064,0
0.354831,-0.151443,-0.271894,0.4951,-0.214723,0,-0.131074,0.040953,0.098986,0.159494,-0.069314,0
0.354589,-0.151293,-0.271718,0.494697,-0.21455,0,-0.131499,0.041116,0.099327,0.160069,-0.069566,0
0.354347,-0.151144,-0.271542,0.494294,-0.214377,0,-0.131924,0.041279,0.099667,0.160644,-0.069818,0
0.354106,-0.150994,-0.271365,0.493892,-0.214204,0,-0.132348,0.041442,0.100007,0.161219,-0.070071,0
0.353864,-0.150845,-0.271189,0.493489,-0.214031,0,-0.132773,0.041605,0.100348,0.161794,-0.070323,0
0.353622,-0.150695,-0.271012,0.493086,-0.213859,0,-0.133198,0.041768,0.100688,0.162369,-0.070575,0
0.35338,-0.150546,-0.270836,0.492683,-0.213686,0,-0.133622,0.041931,0.101028,0.162944,-0.070827,0
0.353139,-0.150396,-0.27066,0.492281,-0.213513,0,-0.134047,0.042094,0.101369,0.163518,-0.071079,0
0.352897,-0.150246,-0.270483,0.491878,-0.21334,0,-0.134472,0.042257,0.101709,0.164093,-0.071331,0
0.352655,-0.150097,-0.270307,0.491475,-0.213168,0,-0.134896,0.04242,0.102049,0.164668,-0.071583,0
0.352414,-0.149947,-0.27013,0.491073,-0.212995,0,-0.135321,0.042583,0.10239,0.165243,-0.071835,0
0.352172,-0.149798,-0.269954,0.49067,-0.212822,0,-0.135746,0.042746,0.10273,0.165818,-0.072087,0
0.35193,-0.149648,-0.269777,0.490267,-0.212649,0,-0.13617,0.042909,0.103071,0.166393,-0.072339,0
0.351688,-0.149498,-0.269601,0.489865,-0.212476,0,-0.136595,0.043072,0.103411,0.166968,-0.072591,0
0.351447,-0.149349,-0.269425,0.489462,-0.212304,0,-0.13702,0.043236,0.103751,0.167543,-0.072843,0
0.351205,-0.149199,-0.269248,0.489059,-0.212131,0,-0.137445,0.043399,0.104092,0.168118,-0.073095,0
0.350963,-0.14905,-0.269072,0.488656,-0.211958,0,-0.137869,0.043562,0.104432,0.168692,-0.073347,0
0.350722,-0.1489,-0.268895,0.488254,-0.211785,0,-0.138294,0.043725,0.104772,0.169267,-0.073599,0
0.35048,-0.14875,-0.268719,0.487851,-0.211612,0,-0.138719,0.043888,0.105113,0.169842,-0.073851,0
0.350238,-0.148601,-0.268543,0.487448,-0.21144,0,-0.139143,0.044051,0.105453,0.170417,-0.074103,0
0.349997,-0.148451,-0.268366,0.487046,-0.211267,0,-0.139568,0.044214,0.105793,0.170992,-0.074355,0
0.349755,-0.148302,-0.26819,0.486643,-0.211094,0,-0.139993,0.044377,0.106134,0.171567,-0.074607,0
0.349513,-0.148152,-0.268013,0.48624,-0.210921,0,-0.140417,0.04454,0.106474,0.172142,-0.074859,0
0.349271,-0.148002,-0.267837,0.485837,-0.210748,0,-0.140842,0.044703,0.106815,0.172717,-0.075111,0
0.34903,-0.147853,-0.26766,0.485435,-0.210576,0,-0.141267,0.044866,0.107155,0.173292,-0.075363,0
0.348788,-0.147703,-0.267484,0.485032,-0.210403,0,-0.141691,0.045029,0.107495,0.173867,-0.075615,0
0.348546,-0.147554,-0.267308,0.484629,-0.21023,0,-0.142116,0.045192,0.107836,0.174442,-0.075867,0
0.348304,-0.147404,-0.267131,0.484227,-0.210057,0,-0.142541,0.045355,0.108176,0.175016,-0.076119,0
0.348063,-0.147255,-0.266955,0.483824,-0.209885,0,-0.142965,0.045518,0.108516,0.175591,-0.076371,0
0.347821,-0.147105,-0.266778,0.483421,-0.209712,0,-0.14339,0.045681,0.108857,0.176166,-0.076623,0
0.347579,-0.146955,-0.266602,0.483019,-0.209539,0,-0.143815,0.045844,0.109197,0.176741,-0.076875,0
0.347338,-0.146806,-0.266425,0.482616,-0.209366,0,-0.14424,0.046007,0.109537,0.177316,-0.077128,0
0.347096,-0.146656,-0.266249,0.482213,-0.209193,0,-0.144664,0.04617,0.109878,0.177891,-0.07738,0
0.346849,-0.146504,-0.266068,0.481802,-0.209017,0,-0.145089,0.046335,0.110218,0.178468,-0.077632,0
0.346595,-0.146349,-0.265881,0.481375,-0.208835,0,-0.145515,0.046504,0.110559,0.179051,-0.077886,0
0.34634,-0.146193,-0.265693,0.480949,-0.208653,0,-0.145941,0.046673,0.1109,0.179634,-0.07814,0
0.346085,-0.146037,-0.265505,0.480523,-0.208471,0,-0.146366,0.046842,0.111241,0.180217,-0.078394,0
0.345831,-0.145882,-0.265317,0.480097,-0.208289,0,-0.146792,0.04701,0.111582,0.1808,-0.078649,0
0.345576,-0.145726,-0.265129,0.479671,-0.208107,0,-0.147218,0.047179,0.111923,0.181383,-0.078903,0
0.345321,-0.14557,-0.264941,0.479244,-0.207925,0,-0.147643,0.047348,0.112264,0.181965,-0.079157,0
0.345067,-0.145415,-0.264753,0.478818,-0.207743,0,-0.148069,0.047517,0.112604,0.182548,-0.079411,0
0.344812,-0.145259,-0.264566,0.478392,-0.207561,0,-0.148495,0.047686,0.112945,0.183131,-0.079665,0
0.344557,-0.145103,-0.264378,0.477966,-0.207379,0,-0.14892,0.047855,0.113286,0.183714,-0.079919,0
0.344303,-0.144948,-0.26419,0.477539,-0.207197,0,-0.149346,0.048024,0.113627,0.184297,-0.080173,0
0.344048,-0.144792,-0.264002,0.477113,-0.207015,0,-0.149772,0.048193,0.113968,0.184879,-0.080427,0
0.343793,-0.144636,-0.263814,0.476687,-0.206833,0,-0.150197,0.048361,0.114309,0.185462,-0.080681,0
0.343539,-0.144481,-0.263626,0.476261,-0.20665,0,-0.150623,0.04853,0.11465,0.186045,-0.080935,0
0.343284,-0.144325,-0.263438,0.475834,-0.206468,0,-0.151049,0.048699,0.114991,0.186628,-0.081189,0
0.343029,-0.14417,-0.263251,0.475408,-0.206286,0,-0.151474,0.048868,0.115331,0.187211,-0.081443,0
0.342775,-0.144014,-0.263063,0.474982,-0.206104,0,-0.1519,0.049037,0.115672,0.187794,-0.081697,0
0.34252,-0.143858,-0.262875,0.474556,-0.205922,0,-0.152326,0.049206,0.116013,0.188376,-0.081951,0
0.342265,-0.143703,-0.262687,0.474129,-0.20574,0,-0.152751,0.049375,0.116354,0.188959,-0.082205,0
0.34201,-0.143547,-0.262499,0.473703,-0.205558,0,-0.153177,0.049544,0.116695,0.189542,-0.082459,0
0.341756,-0.143391,-0.262311,0.473277,-0.205376,0,-0.153602,0.049712,0.117036,0.190125,-0.082713,0
0.341501,-0.143236,-0.262124,0.472851,-0.205194,0,-0.154028,0.049881,0.117377,0.190708,-0.082967,0
0.341246,-0.14308,-0.261936,0.472424,-0.205012,0,-0.154454,0.05005,0.117718,0.19129,-0.083222,0
0.340992,-0.142924,-0.261748,0.471998,-0.20483,0,-0.15488,0.050219,0.118058,0.191873,-0.083476,0
0.340737,-0.142769,-0.26156,0.471572,-0.204648,0,-0.155305,0.050388,0.118399,0.192456,-0.08373,0
0.340483,-0.142613,-0.261372,0.471146,-0.204466,0,-0.155731,0.050557,0.11874,0.193039,-0.083984,0
0.340228,-0.142457,-0.261184,0.470719,-0.204284,0,-0.156157,0.050726,0.119081,0.193622,-0.084238,0
0.339973,-0.142302,-0.260996,0.470293,-0.204102,0,-0.156582,0.050894,0.119422,0.194205,-0.084492,0
0.339718,-0.142146,-0.260808,0.469867,-0.20392,0,-0.157008,0.051063,0.119763,0.194787,-0.084746,0
0.339464,-0.14199,-0.260621,0.469441,-0.203738,0,-0.157433,0.051232,0.120104,0.19537,-0.085,0
0.339209,-0.141835,-0.260433,0.469014,-0.203556,0,-0.157859,0.051401,0.120444,0.195953,-0.085254,0
0.338954,-0.141679,-0.260245,0.468588,-0.203374,0,-0.158285,0.05157,0.120785,0.196536,-0.085508,0
0.3387,-0.141523,-0.260057,0.468162,-0.203192,0,-0.158711,0.051739,0.121126,0.197119,-0.085762,0
0.338444,-0.141368,-0.259869,0.467735,-0.203009,0,-0.159136,0.051908,0.121467,0.197701,-0.086016,0
0.338172,-0.141206,-0.259668,0.46729,-0.202818,0,-0.159561,0.052082,0.121805,0.198288,-0.086272,0
0.3379,-0.141044,-0.259466,0.466844,-0.202627,0,-0.159986,0.052257,0.122142,0.198875,-0.086528,0
0.337628,-0.140882,-0.259265,0.466399,-0.202435,0,-0.160411,0.052432,0.12248,0.199462,-0.086784,0
0.337356,-0.140721,-0.259064,0.465954,-0.202244,0,-0.160836,0.052606,0.122817,0.200049,-0.087041,0
0.337084,-0.140559,-0.258863,0.465508,-0.202053,0,-0.161261,0.052781,0.123155,0.200636,-0.087297,0
0.336812,-0.140397,-0.258662,0.465063,-0.201861,0,-0.161686,0.052956,0.123493,0.201223,-0.087553,0
0.33654,-0.140236,-0.258461,0.464618,-0.20167,0,-0.162111,0.05313,0.12383,0.20181,-0.087809,0
0.336269,-0.140074,-0.25826,0.464173,-0.201479,0,-0.162536,0.053305,0.124168,0.202397,-0.088065,0
0.335996,-0.139912,-0.258058,0.463727,-0.201288,0,-0.162961,0.05348,0.124505,0.202984,-0.088321,0
0.335724,-0.13975,-0.257857,0.463282,-0.201096,0,-0.163386,0.053654,0.124843,0.203571,-0.088577,0
0.335453,-0.139589,-0.257656,0.462836,-0.200905,0,-0.163811,0.053829,0.125181,0.204158,-0.088833,0
0.33518,-0.139427,-0.257455,0.462391,-0.200714,0,-0.164236,0.054004,0.125518,0.204745,-0.089089,0
0.334908,-0.139265,-0.257254,0.461946,-0.200522,0,-0.16466,0.054178,0.125856,0.205332,-0.089345,0
0.334637,-0.139104,-0.257052,0.461501,-0.200331,0,-0.165085,0.054353,0.126193,0.205919,-0.089601,0
0.334364,-0.138942,-0.256851,0.461055,-0.20014,0,-0.16551,0.054528,0.126531,0.206506,-0.089858,0
0.334093,-0.13878,-0.25665,0.46061,-0.199949,0,-0.165935,0.054702,0.126869,0.207093,-0.090114,0
0.333821,-0.138618,-0.256449,0.460165,-0.199757,0,-0.16636,0.054877,0.127206,0.20768,-0.09037,0
0.333549,-0.138457,-0.256248,0.459719,-0.199566,0,-0.166785,0.055052,0.127544,0.208267,-0.090626,0
0.333277,-0.138295,-0.256047,0.459274,-0.199375,0,-0.16721,0.055226,0.127881,0.208854,-0.090882,0
0.333005,-0.138133,-0.255845,0.458829,-0.199183,0,-0.167635,0.055401,0.128219,0.209441,-0.091138,0
0.332733,-0.137972,-0.255644,0.458383,-0.198992,0,-0.16806,0.055576,0.128556,0.210028,-0.091394,0
0.332461,-0.13781,-0.255443,0.457938,-0.198801,0,-0.168485,0.05575,0.128894,0.210615,-0.09165,0
0.332189,-0.137648,-0.255242,0.457493,-0.19861,0,-0.16891,0.055925,0.129232,0.211201,-0.091906,0
0.331917,-0.137487,-0.255041,0.457047,-0.198418,0,-0.169335,0.0561,0.129569,0.211788,-0.092162,0
0.331645,-0.137325,-0.25484,0.456602,-0.198227,0,-0.16976,0.056274,0.129907,0.212375,-0.092418,0
0.331373,-0.137163,-0.254638,0.456157,-0.198036,0,-0.170185,0.056449,0.130244,0.212962,-0.092675,0
0.331101,-0.137001,-0.254437,0.455711,-0.197844,0,-0.17061,0.056624,0.130582,0.213549,-0.092931,0
0.330829,-0.13684,-0.254236,0.455266,-0.197653,0,-0.171035,0.056798,0.13092,0.214136,-0.093187,0
0.330557,-0.136678,-0.254035,0.454821,-0.197462,0,-0.17146,0.056973,0.131257,0.214723,-0.093443,0
0.330285,-0.136516,-0.253834,0.454376,-0.197271,0,-0.171885,0.057148,0.131595,0.21531,-0.093699,0
0.330013,-0.136354,-0.253633,0.45393,-0.197079,0,-0.17231,0.057322,0.131932,0.215897,-0.093955,0
0.329741,-0.136193,-0.253431,0.453485,-0.196888,0,-0.172735,0.057497,0.13227,0.216484,-0.094211,0
0.329469,-0.136031,-0.25323,0.45304,-0.196697,0,-0.173159,0.057672,0.132608,0.217071,-0.094467,0
0.329188,-0.135865,-0.253021,0.452581,-0.196499,0,-0.173581,0.057849,0.132942,0.217659,-0.094723,0
0.328903,-0.135697,-0.252809,0.452117,-0.196298,0,-0.174,0.058027,0.133274,0.218249,-0.09498,0
0.328618,-0.135529,-0.252596,0.451652,-0.196098,0,-0.174419,0.058206,0.133607,0.218838,-0.095236,0
0.328333,-0.135362,-0.252384,0.451188,-0.195897,0,-0.174838,0.058384,0.133939,0.219427,-0.095492,0
0.328048,-0.135194,-0.252171,0.450724,-0.195697,0,-0.175257,0.058563,0.134271,0.220016,-0.095749,0
0.327764,-0.135026,-0.251959,0.45026,-0.195496,0,-0.175676,0.058741,0.134604,0.220605,-0.096005,0
0.327479,-0.134858,-0.251746,0.449796,-0.195296,0,-0.176095,0.058919,0.134936,0.221195,-0.096261,0
0.327194,-0.13469,-0.251534,0.449331,-0.195095,0,-0.176514,0.059098,0.135269,0.221784,-0.096517,0
0.326909,-0.134523,-0.251321,0.448867,-0.194895,0,-0.176933,0.059276,0.135601,0.222373,-0.096774,0
0.326624,-0.134355,-0.251109,0.448403,-0.194694,0,-0.177352,0.059455,0.135933,0.222962,-0.09703,0
0.32634,-0.134187,-0.250896,0.447939,-0.194494,0,-0.177771,0.059633,0.136266,0.223551,-0.097286,0
0.326055,-0.134019,-0.250683,0.447474,-0.194293,0,-0.17819,0.059812,0.136598,0.224141,-0.097542,0
0.32577,-0.133851,-0.250471,0.44701,-0.194093,0,-0.178609,0.05999,0.136931,0.22473,-0.097799,0
0.325485,-0.133684,-0.250259,0.446546,-0.193892,0,-0.179028,0.060169,0.137263,0.225319,-0.098055,0
0.3252,-0.133516,-0.250046,0.446082,-0.193692,0,-0.179447,0.060347,0.137595,0.225908,-0.098311,0
0.324916,-0.133348,-0.249833,0.445617,-0.193491,0,-0.179866,0.060525,0.137928,0.226498,-0.098568,0
0.324631,-0.13318,-0.249621,0.445153,-0.193291,0,-0.180285,0.060704,0.13826,0.227087,-0.098824,0
0.324346,-0.133012,-0.249408,0.444689,-0.19309,0,-0.180704,0.060882,0.138593,0.227676,-0.09908,0
0.324061,-0.132844,-0.249196,0.444225,-0.19289,0,-0.181123,0.061061,0.138925,0.228265,-0.099336,0
0.323776,-0.132677,-0.248983,0.44376,-0.192689,0,-0.181542,0.061239,0.139257,0.228854,-0.099593,0
0.323492,-0.132509,-0.248771,0.443296,-0.192489,0,-0.181961,0.061418,0.13959,0.229444,-0.099849,0
0.323207,-0.132341,-0.248558,0.442832,-0.192288,0,-0.18238,0.061596,0.139922,0.230033,-0.100105,0
0.322922,-0.132173,-0.248346,0.442368,-0.192088,0,-0.182799,0.061775,0.140255,0.230622,-0.100361,0
0.322637,-0.132005,-0.248133,0.441903,-0.191887,0,-0.183218,0.061953,0.140587,0.231211,-0.100618,0
0.322352,-0.131838,-0.247921,0.441439,-0.191687,0,-0.183637,0.062132,0.14092,0.231801,-0.100874,0
0.322068,-0.13167,-0.247708,0.440975,-0.191486,0,-0.184056,0.06231,0.141252,0.23239,-0.10113,0
0.321783,-0.131502,-0.247496,0.440511,-0.191286,0,-0.184475,0.062488,0.141584,0.232979,-0.101387,0
0.321498,-0.131334,-0.247283,0.440046,-0.191085,0,-0.184894,0.062667,0.141917,0.233568,-0.101643,0
0.321213,-0.131166,-0.247071,0.439582,-0.190885,0,-0.185313,0.062845,0.142249,0.234157,-0.101899,0
0.320928,-0.130998,-0.246858,0.439118,-0.190684,0,-0.185732,0.063024,0.142582,0.234746,-0.102155,0
0.320644,-0.130831,-0.246646,0.438654,-0.190484,0,-0.186151,0.063202,0.142914,0.235336,-0.102412,0
0.320359,-0.130663,-0.246433,0.43819,-0.190283,0,-0.18657,0.063381,0.143246,0.235925,-0.102668,0
0.320074,-0.130495,-0.246221,0.437725,-0.190082,0,-0.186989,0.063559,0.143579,0.236514,-0.102924,0
0.319784,-0.130326,-0.246003,0.437254,-0.189879,0,-0.187406,0.063738,0.143909,0.237103,-0.10318,0
0.319483,-0.130154,-0.245777,0.436771,-0.189671,0,-0.187819,0.063918,0.144234,0.23769,-0.103437,0
0.319183,-0.129982,-0.245552,0.436288,-0.189464,0,-0.188233,0.064099,0.144559,0.238278,-0.103693,0
0.318883,-0.12981,-0.245326,0.435805,-0.189256,0,-0.188646,0.064279,0.144885,0.238866,-0.10395,0
0.318583,-0.129638,-0.2451,0.435322,-0.189048,0,-0.189059,0.064459,0.14521,0.239453,-0.104206,0
0.318283,-0.129466,-0.244874,0.434839,-0.18884,0,-0.189472,0.064639,0.145535,0.240041,-0.104463,0
0.317982,-0.129294,-0.244649,0.434357,-0.188632,0,-0.189885,0.064819,0.145861,0.240628,-0.104719,0
0.317682,-0.129122,-0.244423,0.433874,-0.188424,0,-0.190298,0.065,0.146186,0.241216,-0.104976,0
0.317382,-0.12895,-0.244197,0.433391,-0.188216,0,-0.190711,0.06518,0.146511,0.241804,-0.105232,0
0.317082,-0.128778,-0.243971,0.432908,-0.188009,0,-0.191124,0.06536,0.146837,0.242391,-0.105489,0
0.316781,-0.128606,-0.243745,0.432425,-0.187801,0,-0.191537,0.06554,0.147162,0.242979,-0.105745,0
0.316481,-0.128434,-0.24352,0.431942,-0.187593,0,-0.19195,0.06572,0.147487,0.243566,-0.106002,0
0.316181,-0.128262,-0.243294,0.431459,-0.187385,0,-0.192363,0.065901,0.147812,0.244154,-0.106258,0
0.315881,-0.12809,-0.243068,0.430976,-0.187177,0,-0.192776,0.066081,0.148138,0.244741,-0.106515,0
0.315581,-0.127918,-0.242842,0.430493,-0.186969,0,-0.193189,0.066261,0.148463,0.245329,-0.106771,0
0.31528,-0.127746,-0.242617,0.43001,-0.186761,0,-0.193603,0.066441,0.148788,0.245917,-0.107027,0
0.31498,-0.127574,-0.242391,0.429527,-0.186554,0,-0.194016,0.066622,0.149114,0.246504,-0.107284,0
0.31468,-0.127402,-0.242165,0.429044,-0.186346,0,-0.194429,0.066802,0.149439,0.247092,-0.10754,0
0.31438,-0.12723,-0.241939,0.428561,-0.186138,0,-0.194842,0.066982,0.149764,0.247679,-0.107797,0
0.31408,-0.127058,-0.241714,0.428078,-0.18593,0,-0.195255,0.067162,0.15009,0.248267,-0.108053,0
0.313779,-0.126886,-0.241488,0.427595,-0.185722,0,-0.195668,0.067342,0.150415,0.248855,-0.10831,0
0.313479,-0.126714,-0.241262,0.427112,-0.185514,0,-0.196081,0.067523,0.15074,0.249442,-0.108566,0
0.313179,-0.126543,-0.241036,0.426629,-0.185306,0,-0.196494,0.067703,0.151066,0.25003,-0.108823,0
0.312879,-0.12637,-0.24081,0.426146,-0.185098,0,-0.196907,0.067883,0.151391,0.250617,-0.109079,0
0.312579,-0.126199,-0.240585,0.425663,-0.184891,0,-0.19732,0.068063,0.151716,0.251205,-0.109336,0
0.312278,-0.126027,-0.240359,0.42518,-0.184683,0,-0.197733,0.068243,0.152041,0.251792,-0.109592,0
0.311978,-0.125855,-0.240133,0.424697,-0.184475,0,-0.198146,0.068424,0.152367,0.25238,-0.109848,0
0.311678,-0.125683,-0.239907,0.424214,-0.184267,0,-0.19856,0.068604,0.152692,0.252968,-0.110105,0
0.311378,-0.125511,-0.239682,0.423731,-0.184059,0,-0.198973,0.068784,0.153017,0.253555,-0.110361,0
0.311077,-0.125339,-0.239456,0.423248,-0.183851,0,-0.199386,0.068964,0.153343,0.254143,-0.110618,0
0.310777,-0.125167,-0.23923,0.422766,-0.183643,0,-0.199799,0.069145,0.153668,0.25473,-0.110874,0
0.310477,-0.124995,-0.239004,0.422283,-0.183436,0,-0.200212,0.069325,0.153993,0.255318,-0.111131,0
0.310177,-0.124823,-0.238779,0.4218,-0.183228,0,-0.200625,0.069505,0.154319,0.255906,-0.111387,0
0.309876,-0.124651,-0.238553,0.421316,-0.18302,0,-0.201038,0.069685,0.154644,0.256493,-0.111644,0
0.309563,-0.124475,-0.238317,0.420817,-0.182804,0,-0.201443,0.069869,0.154962,0.257077,-0.111898,0
0.30925,-0.124299,-0.238082,0.420317,-0.182589,0,-0.201849,0.070053,0.15528,0.257661,-0.112153,0
0.308938,-0.124122,-0.237847,0.419818,-0.182374,0,-0.202254,0.070237,0.155598,0.258245,-0.112408,0
0.308625,-0.123946,-0.237612,0.419319,-0.182159,0,-0.20266,0.070421,0.155917,0.258829,-0.112663,0
0.308312,-0.12377,-0.237377,0.418819,-0.181944,0,-0.203065,0.070605,0.156235,0.259413,-0.112918,0
0.307999,-0.123594,-0.237142,0.41832,-0.181729,0,-0.20347,0.070789,0.156553,0.259997,-0.113172,0
0.307686,-0.123418,-0.236907,0.41782,-0.181513,0,-0.203876,0.070973,0.156871,0.260581,-0.113427,0
0.307373,-0.123242,-0.236672,0.417321,-0.181298,0,-0.204281,0.071157,0.157189,0.261165,-0.113682,0
0.30706,-0.123066,-0.236437,0.416821,-0.181083,0,-0.204686,0.071341,0.157508,0.261749,-0.113937,0
0.306748,-0.12289,-0.236201,0.416322,-0.180868,0,-0.205092,0.071525,0.157826,0.262333,-0.114192,0
0.306435,-0.122713,-0.235966,0.415823,-0.180653,0,-0.205497,0.071709,0.158144,0.262917,-0.114446,0
0.306122,-0.122537,-0.235731,0.415323,-0.180437,0,-0.205903,0.071893,0.158462,0.263501,-0.114701,0
0.305809,-0.122361,-0.235496,0.414824,-0.180222,0,-0.206308,0.072077,0.15878,0.264086,-0.114956,0
0.305496,-0.122185,-0.235261,0.414324,-0.180007,0,-0.206713,0.072261,0.159098,0.264669,-0.115211,0
0.305183,-0.122009,-0.235026,0.413825,-0.179792,0,-0.207119,0.072445,0.159417,0.265254,-0.115466,0
0.30487,-0.121833,-0.234791,0.413325,-0.179577,0,-0.207524,0.072629,0.159735,0.265838,-0.11572,0
0.304558,-0.121657,-0.234556,0.412826,-0.179361,0,-0.207929,0.072813,0.160053,0.266422,-0.115975,0
0.304245,-0.121481,-0.23432,0.412327,-0.179146,0,-0.208335,0.072997,0.160371,0.267006,-0.11623,0
0.303932,-0.121304,-0.234085,0.411827,-0.178931,0,-0.20874,0.073181,0.160689,0.26759,-0.116485,0
0.303619,-0.121128,-0.23385,0.411328,-0.178716,0,-0.209146,0.073365,0.161008,0.268174,-0.11674,0
0.303306,-0.120952,-0.233615,0.410828,-0.178501,0,-0.209551,0.073549,0.161326,0.268758,-0.116994,0
0.302993,-0.120776,-0.23338,0.410329,-0.178286,0,-0.209956,0.073733,0.161644,0.269342,-0.117249,0
0.30268,-0.1206,-0.233145,0.409829,-0.17807,0,-0.210362,0.073917,0.161962,0.269926,-0.117504,0
0.302367,-0.120424,-0.23291,0.40933,-0.177855,0,-0.210767,0.0741,0.16228,0.27051,-0.117759,0
0.302055,-0.120248,-0.232675,0.408831,-0.17764,0,-0.211173,0.074285,0.162598,0.271094,-0.118014,0
0.301742,-0.120072,-0.23244,0.408331,-0.177425,0,-0.211578,0.074468,0.162917,0.271678,-0.118268,0
0.301429,-0.119895,-0.232204,0.407832,-0.17721,0,-0.211983,0.074652,0.163235,0.272262,-0.118523,0
0.301116,-0.119719,-0.231969,0.407332,-0.176994,0,-0.212389,0.074836,0.163553,0.272846,-0.118778,0
0.300803,-0.119543,-0.231734,0.406833,-0.176779,0,-0.212794,0.07502,0.163871,0.27343,-0.119033,0
0.30049,-0.119367,-0.231499,0.406333,-0.176564,0,-0.2132,0.075204,0.164189,0.274014,-0.119287,0
0.300177,-0.119191,-0.231264,0.405834,-0.176349,0,-0.213605,0.075388,0.164508,0.274598,-0.119542,0
0.299865,-0.119015,-0.231029,0.405335,-0.176134,0,-0.21401,0.075572,0.164826,0.275182,-0.119797,0
0.299552,-0.118839,-0.230794,0.404835,-0.175918,0,-0.214416,0.075756,0.165144,0.275766,-0.120052,0
0.299229,-0.118661,-0.230549,0.404324,-0.175699,0,-0.214816,0.075941,0.165457,0.276348,-0.120306,0
0.298902,-0.118483,-0.230301,0.403809,-0.175479,0,-0.215213,0.076127,0.165768,0.276928,-0.120559,0
0.298575,-0.118304,-0.230053,0.403293,-0.175258,0,-0.215611,0.076313,0.166079,0.277509,-0.120812,0
0.298247,-0.118126,-0.229805,0.402777,-0.175038,0,-0.216009,0.076499,0.16639,0.278089,-0.121065,0
0.29792,-0.117948,-0.229556,0.402262,-0.174817,0,-0.216406,0.076684,0.166701,0.278669,-0.121318,0
0.297593,-0.11777,-0.229308,0.401746,-0.174596,0,-0.216804,0.07687,0.167012,0.27925,-0.121571,0
0.297266,-0.117591,-0.22906,0.40123,-0.174376,0,-0.217202,0.077056,0.167324,0.27983,-0.121824,0
0.296939,-0.117413,-0.228811,0.400714,-0.174155,0,-0.217599,0.077241,0.167635,0.280411,-0.122077,0
0.296611,-0.117235,-0.228563,0.400199,-0.173934,0,-0.217997,0.077427,0.167946,0.280991,-0.122331,0
0.296284,-0.117056,-0.228315,0.399683,-0.173714,0,-0.218395,0.077613,0.168257,0.281572,-0.122584,0
0.295957,-0.116878,-0.228067,0.399167,-0.173493,0,-0.218792,0.077799,0.168568,0.282152,-0.122837,0
0.29563,-0.1167,-0.227818,0.398652,-0.173273,0,-0.21919,0.077984,0.168879,0.282733,-0.12309,0
0.295303,-0.116521,-0.22757,0.398136,-0.173052,0,-0.219588,0.07817,0.16919,0.283313,-0.123343,0
0.294975,-0.116343,-0.227322,0.39762,-0.172831,0,-0.219985,0.078356,0.169501,0.283893,-0.123596,0
0.294648,-0.116165,-0.227074,0.397104,-0.172611,0,-0.220383,0.078541,0.169812,0.284474,-0.123849,0
0.294321,-0.115986,-0.226825,0.396589,-0.17239,0,-0.220781,0.078727,0.170123,0.285054,-0.124102,0
0.293994,-0.115808,-0.226577,0.396073,-0.172169,0,-0.221178,0.078913,0.170434,0.285635,-0.124356,0
0.293667,-0.11563,-0.226329,0.395557,-0.171949,0,-0.221576,0.079099,0.170745,0.286215,-0.124609,0
0.293339,-0.115451,-0.22608,0.395042,-0.171728,0,-0.221973,0.079284,0.171056,0.286796,-0.124862,0
0.293012,-0.115273,-0.225832,0.394526,-0.171507,0,-0.222371,0.07947,0.171367,0.287376,-0.125115,0
0.292685,-0.115095,-0.225584,0.39401,-0.171287,0,-0.222769,0.079656,0.171678,0.287957,-0.125368,0
0.292358,-0.114916,-0.225336,0.393495,-0.171066,0,-0.223166,0.079842,0.171989,0.288537,-0.125621,0
0.292031,-0.114738,-0.225087,0.392979,-0.170845,0,-0.223564,0.080027,0.1723,0.289117,-0.125874,0
0.291703,-0.11456,-0.224839,0.392463,-0.170625,0,-0.223962,0.080213,0.172611,0.289698,-0.126127,0
0.291376,-0.114381,-0.224591,0.391947,-0.170404,0,-0.224359,0.080399,0.172922,0.290278,-0.126381,0
0.291049,-0.114203,-0.224342,0.391431,-0.170184,0,-0.224757,0.080584,0.173233,0.290859,-0.126634,0
0.290722,-0.114025,-0.224094,0.390916,-0.169963,0,-0.225155,0.08077,0.173544,0.291439,-0.126887,0
0.290395,-0.113846,-0.223846,0.3904,-0.169742,0,-0.225552,0.080956,0.173855,0.29202,-0.12714,0
0.290067,-0.113668,-0.223598,0.389885,-0.169522,0,-0.22595,0.081142,0.174166,0.2926,-0.127393,0
0.28974,-0.11349,-0.223349,0.389369,-0.169301,0,-0.226348,0.081327,0.174477,0.293181,-0.127646,0
0.289413,-0.113312,-0.223101,0.388853,-0.16908,0,-0.226745,0.081513,0.174788,0.293761,-0.127899,0
0.289086,-0.113133,-0.222853,0.388337,-0.16886,0,-0.227143,0.081699,0.175099,0.294341,-0.128152,0
0.288759,-0.112955,-0.222604,0.387822,-0.168639,0,-0.227541,0.081884,0.17541,0.294922,-0.128406,0
0.288427,-0.112775,-0.222352,0.387301,-0.168415,0,-0.227935,0.08207,0.175718,0.2955,-0.128657,0
0.288086,-0.112593,-0.222093,0.386771,-0.168185,0,-0.228323,0.082256,0.17602,0.296073,-0.128905,0
0.287746,-0.11241,-0.221833,0.386241,-0.167956,0,-0.228711,0.082441,0.176322,0.296646,-0.129152,0
0.287405,-0.112228,-0.221574,0.385711,-0.167726,0,-0.229099,0.082627,0.176624,0.297219,-0.1294,0
0.287064,-0.112045,-0.221314,0.385182,-0.167496,0,-0.229488,0.082812,0.176926,0.297791,-0.129648,0
0.286724,-0.111863,-0.221055,0.384652,-0.167266,0,-0.229876,0.082997,0.177228,0.298364,-0.129896,0
0.286383,-0.11168,-0.220795,0.384122,-0.167036,0,-0.230264,0.083183,0.17753,0.298937,-0.130143,0
0.286042,-0.111498,-0.220536,0.383592,-0.166807,0,-0.230652,0.083368,0.177832,0.29951,-0.130391,0
0.285702,-0.111315,-0.220276,0.383062,-0.166577,0,-0.23104,0.083554,0.178134,0.300083,-0.130639,0
0.285361,-0.111133,-0.220017,0.382533,-0.166347,0,-0.231428,0.083739,0.178436,0.300656,-0.130887,0
0.285021,-0.11095,-0.219757,0.382003,-0.166117,0,-0.231816,0.083925,0.178738,0.301229,-0.131134,0
0.28468,-0.110768,-0.219498,0.381473,-0.165887,0,-0.232205,0.08411,0.17904,0.301802,-0.131382,0
0.284339,-0.110585,-0.219238,0.380943,-0.165658,0,-0.232593,0.084296,0.179342,0.302375,-0.13163,0
0.283999,-0.110402,-0.218979,0.380413,-0.165428,0,-0.232981,0.084481,0.179644,0.302947,-0.131877,0
0.283658,-0.11022,-0.218719,0.379884,-0.165198,0,-0.233369,0.084667,0.179946,0.30352,-0.132125,0
0.283318,-0.110038,-0.21846,0.379354,-0.164968,0,-0.233757,0.084852,0.180248,0.304093,-0.132373,0
0.282977,-0.109855,-0.218201,0.378824,-0.164738,0,-0.234145,0.085038,0.18055,0.304666,-0.132621,0
0.282637,-0.109672,-0.217941,0.378294,-0.164509,0,-0.234533,0.085223,0.180852,0.305239,-0.132868,0
0.282296,-0.10949,-0.217682,0.377764,-0.164279,0,-0.234922,0.085409,0.181154,0.305812,-0.133116,0
0.281955,-0.109307,-0.217422,0.377235,-0.164049,0,-0.23531,0.085594,0.181455,0.306385,-0.133364,0
0.281615,-0.109125,-0.217163,0.376705,-0.163819,0,-0.235698,0.085779,0.181757,0.306958,-0.133612,0
0.281274,-0.108942,-0.216903,0.376175,-0.163589,0,-0.236086,0.085965,0.182059,0.307531,-0.133859,0
0.280933,-0.10876,-0.216644,0.375645,-0.16336,0,-0.236474,0.086151,0.182361,0.308103,-0.134107,0
0.280593,-0.108577,-0.216384,0.375115,-0.16313,0,-0.236862,0.086336,0.182663,0.308676,-0.134355,0
0.280252,-0.108395,-0.216125,0.374586,-0.1629,0,-0.23725,0.086521,0.182965,0.309249,-0.134603,0
0.279912,-0.108212,-0.215865,0.374056,-0.16267,0,-0.237638,0.086707,0.183267,0.309822,-0.13485,0
0.279571,-0.10803,-0.215606,0.373526,-0.16244,0,-0.238027,0.086892,0.183569,0.310395,-0.135098,0
0.27923,-0.107847,-0.215346,0.372996,-0.16221,0,-0.238415,0.087078,0.183871,0.310968,-0.135346,0
0.27889,-0.107665,-0.215087,0.372466,-0.161981,0,-0.238803,0.087263,0.184173,0.311541,-0.135593,0
0.278549,-0.107482,-0.214827,0.371937,-0.161751,0,-0.239191,0.087449,0.184475,0.312114,-0.135841,0
0.278209,-0.1073,-0.214568,0.371407,-0.161521,0,-0.239579,0.087634,0.184777,0.312686,-0.136089,0
0.277868,-0.107117,-0.214308,0.370877,-0.161291,0,-0.239967,0.08782,0.185079,0.313259,-0.136337,0
0.277527,-0.106935,-0.214049,0.370347,-0.161061,0,-0.240355,0.088005,0.185381,0.313832,-0.136584,0
0.277187,-0.106752,-0.213789,0.369817,-0.160832,0,-0.240743,0.088191,0.185683,0.314405,-0.136832,0
0.276834,-0.106568,-0.213519,0.369273,-0.160596,0,-0.241119,0.088378,0.185974,0.31497,-0.137078,0
0.276481,-0.106383,-0.213248,0.36873,-0.160361,0,-0.241495,0.088565,0.186265,0.315536,-0.137324,0
0.276127,-0.106198,-0.212977,0.368186,-0.160126,0,-0.241871,0.088752,0.186556,0.316101,-0.13757,0
0.275774,-0.106013,-0.212707,0.367642,-0.159891,0,-0.242247,0.088939,0.186846,0.316666,-0.137816,0
0.275421,-0.105829,-0.212436,0.367098,-0.159655,0,-0.242623,0.089127,0.187137,0.317231,-0.138062,0
0.275068,-0.105644,-0.212165,0.366554,-0.15942,0,-0.242999,0.089314,0.187428,0.317797,-0.138308,0
0.274715,-0.105459,-0.211895,0.366011,-0.159185,0,-0.243375,0.089501,0.187719,0.318362,-0.138555,0
0.274362,-0.105275,-0.211624,0.365467,-0.15895,0,-0.243751,0.089688,0.18801,0.318927,-0.138801,0
0.274009,-0.10509,-0.211354,0.364923,-0.158714,0,-0.244127,0.089876,0.188301,0.319493,-0.139047,0
0.273656,-0.104905,-0.211083,0.36438,-0.158479,0,-0.244503,0.090063,0.188592,0.320058,-0.139293,0
0.273303,-0.10472,-0.210812,0.363836,-0.158244,0,-0.244879,0.09025,0.188883,0.320623,-0.139539,0
0.27295,-0.104535,-0.210542,0.363292,-0.158009,0,-0.245255,0.090437,0.189174,0.321188,-0.139785,0
0.272597,-0.104351,-0.210271,0.362748,-0.157774,0,-0.245631,0.090624,0.189465,0.321754,-0.140031,0
0.272244,-0.104166,-0.21,0.362204,-0.157538,0,-0.246007,0.090812,0.189756,0.322319,-0.140277,0
0.271891,-0.103981,-0.20973,0.361661,-0.157303,0,-0.246383,0.090999,0.190046,0.322884,-0.140523,0
0.271538,-0.103797,-0.209459,0.361117,-0.157068,0,-0.246758,0.091186,0.190337,0.323449,-0.140769,0
0.271185,-0.103612,-0.209189,0.360573,-0.156833,0,-0.247134,0.091373,0.190628,0.324015,-0.141015,0
0.270832,-0.103427,-0.208918,0.36003,-0.156597,0,-0.24751,0.091561,0.190919,0.32458,-0.141261,0
0.270479,-0.103242,-0.208647,0.359486,-0.156362,0,-0.247886,0.091748,0.19121,0.325145,-0.141507,0
0.270126,-0.103058,-0.208377,0.358942,-0.156127,0,-0.248262,0.091935,0.191501,0.325711,-0.141753,0
0.269773,-0.102873,-0.208106,0.358398,-0.155892,0,-0.248638,0.092122,0.191792,0.326276,-0.141999,0
0.26942,-0.102688,-0.207835,0.357855,-0.155657,0,-0.249014,0.092309,0.192083,0.326841,-0.142245,0
0.269067,-0.102504,-0.207565,0.357311,-0.155421,0,-0.24939,0.092497,0.192374,0.327406,-0.142492,0
0.268714,-0.102319,-0.207294,0.356767,-0.155186,0,-0.249766,0.092684,0.192665,0.327972,-0.142738,0
0.268361,-0.102134,-0.207023,0.356223,-0.154951,0,-0.250142,0.092871,0.192956,0.328537,-0.142984,0
0.268008,-0.101949,-0.206753,0.35568,-0.154716,0,-0.250518,0.093058,0.193246,0.329102,-0.14323,0
0.267655,-0.101765,-0.206482,0.355136,-0.15448,0,-0.250894,0.093245,0.193538,0.329668,-0.143476,0
0.267302,-0.10158,-0.206211,0.354592,-0.154245,0,-0.25127,0.093433,0.193828,0.330233,-0.143722,0
0.266949,-0.101395,-0.205941,0.354048,-0.15401,0,-0.251646,0.09362,0.194119,0.330798,-0.143968,0
0.266596,-0.10121,-0.20567,0.353505,-0.153775,0,-0.252021,0.093807,0.19441,0.331363,-0.144214,0
0.266243,-0.101026,-0.2054,0.352961,-0.153539,0,-0.252397,0.093994,0.194701,0.331928,-0.14446,0
0.26589,-0.100841,-0.205129,0.352417,-0.153304,0,-0.252773,0.094182,0.194992,0.332494,-0.144706,0
0.265537,-0.100656,-0.204858,0.351873,-0.153069,0,-0.253149,0.094369,0.195283,0.333059,-0.144952,0
0.265176,-0.100471,-0.20458,0.351323,-0.152831,0,-0.253518,0.094555,0.195568,0.333617,-0.145193,0
0.264812,-0.100286,-0.204298,0.350769,-0.152593,0,-0.253882,0.09474,0.19585,0.33417,-0.145432,0
0.264447,-0.100101,-0.204017,0.350216,-0.152354,0,-0.254247,0.094925,0.196131,0.334724,-0.145671,0
0.264083,-0.099916,-0.203735,0.349662,-0.152115,0,-0.254611,0.095109,0.196413,0.335277,-0.14591,0
0.263718,-0.099731,-0.203453,0.349109,-0.151876,0,-0.254976,0.095294,0.196695,0.335831,-0.146149,0
0.263354,-0.099547,-0.203171,0.348555,-0.151637,0,-0.25534,0.095479,0.196977,0.336384,-0.146387,0
0.262989,-0.099362,-0.20289,0.348002,-0.151399,0,-0.255704,0.095664,0.197258,0.336938,-0.146626,0
0.262625,-0.099177,-0.202608,0.347448,-0.15116,0,-0.256069,0.095849,0.19754,0.337492,-0.146865,0
0.26226,-0.098992,-0.202326,0.346895,-0.150921,0,-0.256433,0.096034,0.197822,0.338045,-0.147104,0
0.261896,-0.098807,-0.202045,0.346341,-0.150682,0,-0.256798,0.096219,0.198104,0.338599,-0.147342,0
0.261531,-0.098622,-0.201763,0.345788,-0.150444,0,-0.257162,0.096404,0.198385,0.339152,-0.147581,0
0.261167,-0.098437,-0.201481,0.345234,-0.150205,0,-0.257527,0.096589,0.198667,0.339706,-0.14782,0
0.260802,-0.098252,-0.201199,0.344681,-0.149966,0,-0.257891,0.096774,0.198949,0.340259,-0.148059,0
0.260438,-0.098067,-0.200917,0.344127,-0.149727,0,-0.258256,0.096959,0.199231,0.340813,-0.148298,0
0.260074,-0.097882,-0.200636,0.343574,-0.149489,0,-0.25862,0.097144,0.199512,0.341367,-0.148536,0
0.259709,-0.097697,-0.200354,0.34302,-0.14925,0,-0.258985,0.097329,0.199794,0.34192,-0.148775,0
0.259345,-0.097512,-0.200072,0.342466,-0.149011,0,-0.259349,0.097514,0.200076,0.342474,-0.149014,0
0.25898,-0.097327,-0.199791,0.341913,-0.148772,0,-0.259714,0.097699,0.200358,0.343027,-0.149253,0
0.258616,-0.097142,-0.199509,0.341359,-0.148533,0,-0.260078,0.097884,0.200639,0.343581,-0.149492,0
0.258251,-0.096957,-0.199227,0.340806,-0.148295,0,-0.260443,0.098069,0.200921,0.344134,-0.14973,0
0.257887,-0.096772,-0.198945,0.340252,-0.148056,0,-0.260807,0.098254,0.201203,0.344688,-0.149969,0
0.257522,-0.096587,-0.198664,0.339699,-0.147817,0,-0.261172,0.098439,0.201485,0.345241,-0.150208,0
0.257158,-0.096402,-0.198382,0.339145,-0.147578,0,-0.261536,0.098624,0.201766,0.345795,-0.150447,0
0.256793,-0.096217,-0.1981,0.338592,-0.147339,0,-0.261901,0.098809,0.202048,0.346349,-0.150686,0
0.256429,-0.096032,-0.197818,0.338038,-0.147101,0,-0.262265,0.098994,0.20233,0.346902,-0.150924,0
0.256064,-0.095847,-0.197537,0.337485,-0.146862,0,-0.26263,0.099179,0.202612,0.347456,-0.151163,0
0.2557,-0.095662,-0.197255,0.336931,-0.146623,0,-0.262994,0.099364,0.202894,0.348009,-0.151402,0
0.255336,-0.095477,-0.196973,0.336378,-0.146384,0,-0.263359,0.099549,0.203175,0.348563,-0.151641,0
0.254971,-0.095292,-0.196691,0.335824,-0.146146,0,-0.263723,0.099734,0.203457,0.349116,-0.151879,0
0.254607,-0.095107,-0.19641,0.33527,-0.145907,0,-0.264088,0.099919,0.203739,0.34967,-0.152118,0
0.254242,-0.094922,-0.196128,0.334717,-0.145668,0,-0.264452,0.100104,0.204021,0.350223,-0.152357,0
0.253878,-0.094737,-0.195846,0.334163,-0.145429,0,-0.264817,0.100289,0.204302,0.350777,-0.152596,0
0.253513,-0.094552,-0.195564,0.33361,-0.145191,0,-0.265181,0.100474,0.204584,0.351331,-0.152835,0
0.253145,-0.094367,-0.195279,0.333052,-0.144949,0,-0.265542,0.100659,0.204862,0.351881,-0.153072,0
0.252769,-0.094179,-0.194989,0.332487,-0.144703,0,-0.265895,0.100844,0.205133,0.352425,-0.153308,0
0.252393,-0.093992,-0.194698,0.331922,-0.144457,0,-0.266248,0.101028,0.205403,0.352969,-0.153543,0
0.252017,-0.093805,-0.194407,0.331357,-0.144211,0,-0.266601,0.101213,0.205674,0.353512,-0.153778,0
0.251641,-0.093618,-0.194116,0.330791,-0.143965,0,-0.266954,0.101398,0.205945,0.354056,-0.154013,0
0.251265,-0.093431,-0.193825,0.330226,-0.143719,0,-0.267307,0.101583,0.206215,0.3546,-0.154249,0
0.250889,-0.093243,-0.193534,0.329661,-0.143473,0,-0.26766,0.101767,0.206486,0.355144,-0.154484,0
0.250513,-0.093056,-0.193243,0.329096,-0.143227,0,-0.268013,0.101952,0.206757,0.355687,-0.154719,0
0.250137,-0.092869,-0.192952,0.32853,-0.142981,0,-0.268366,0.102137,0.207027,0.356231,-0.154954,0
0.249762,-0.092682,-0.192661,0.327965,-0.142735,0,-0.268719,0.102322,0.207298,0.356775,-0.155189,0
0.249386,-0.092495,-0.192371,0.3274,-0.142489,0,-0.269072,0.102506,0.207569,0.357319,-0.155425,0
0.24901,-0.092307,-0.19208,0.326835,-0.142243,0,-0.269425,0.102691,0.207839,0.357863,-0.15566,0
0.248634,-0.09212,-0.191789,0.326269,-0.141997,0,-0.269778,0.102876,0.20811,0.358406,-0.155895,0
0.248258,-0.091933,-0.191498,0.325704,-0.141751,0,-0.270131,0.10306,0.208381,0.35895,-0.15613,0
0.247882,-0.091746,-0.191207,0.325139,-0.141505,0,-0.270484,0.103245,0.208651,0.359494,-0.156366,0
0.247506,-0.091558,-0.190916,0.324574,-0.141259,0,-0.270837,0.10343,0.208922,0.360038,-0.156601,0
0.24713,-0.091371,-0.190625,0.324009,-0.141012,0,-0.27119,0.103615,0.209193,0.360581,-0.156836,0
0.246754,-0.091184,-0.190334,0.323443,-0.140766,0,-0.271544,0.103799,0.209463,0.361125,-0.157071,0
0.246378,-0.090997,-0.190043,0.322878,-0.14052,0,-0.271897,0.103984,0.209734,0.361669,-0.157307,0
0.246003,-0.09081,-0.189752,0.322313,-0.140274,0,-0.27225,0.104169,0.210004,0.362213,-0.157542,0
0.245627,-0.090622,-0.189462,0.321747,-0.140028,0,-0.272603,0.104354,0.210275,0.362757,-0.157777,0
0.245251,-0.090435,-0.189171,0.321182,-0.139782,0,-0.272956,0.104538,0.210546,0.3633,-0.158012,0
0.244875,-0.090248,-0.18888,0.320617,-0.139536,0,-0.273309,0.104723,0.210816,0.363844,-0.158248,0
0.244499,-0.090061,-0.188589,0.320052,-0.13929,0,-0.273662,0.104908,0.211087,0.364388,-0.158483,0
0.244123,-0.089874,-0.188298,0.319487,-0.139044,0,-0.274015,0.105093,0.211358,0.364932,-0.158718,0
0.243747,-0.089686,-0.188007,0.318921,-0.138798,0,-0.274368,0.105277,0.211628,0.365476,-0.158953,0
0.243371,-0.089499,-0.187716,0.318356,-0.138552,0,-0.274721,0.105462,0.211899,0.366019,-0.159189,0
0.242995,-0.089312,-0.187425,0.317791,-0.138306,0,-0.275074,0.105647,0.21217,0.366563,-0.159424,0
0.242619,-0.089125,-0.187134,0.317226,-0.13806,0,-0.275427,0.105832,0.21244,0.367107,-0.159659,0
0.242243,-0.088938,-0.186844,0.316661,-0.137814,0,-0.27578,0.106016,0.212711,0.367651,-0.159894,0
0.241868,-0.08875,-0.186553,0.316095,-0.137568,0,-0.276133,0.106201,0.212982,0.368194,-0.16013,0
0.241492,-0.088563,-0.186262,0.31553,-0.137322,0,-0.276486,0.106386,0.213252,0.368738,-0.160365,0
0.241116,-0.088376,-0.185971,0.314965,-0.137076,0,-0.276839,0.10657,0.213523,0.369282,-0.1606,0
0.24074,-0.088189,-0.18568,0.314399,-0.13683,0,-0.277192,0.106755,0.213794,0.369826,-0.160835,0
0.240352,-0.088003,-0.185378,0.313827,-0.136582,0,-0.277533,0.106938,0.214053,0.370356,-0.161065,0
0.239963,-0.087818,-0.185076,0.313254,-0.136334,0,-0.277874,0.10712,0.214312,0.370885,-0.161295,0
0.239575,-0.087632,-0.184774,0.312681,-0.136086,0,-0.278214,0.107303,0.214572,0.371415,-0.161525,0
0.239187,-0.087447,-0.184472,0.312108,-0.135839,0,-0.278555,0.107485,0.214832,0.371945,-0.161755,0
0.238799,-0.087261,-0.18417,0.311535,-0.135591,0,-0.278895,0.107668,0.215091,0.372475,-0.161984,0
0.238411,-0.087076,-0.183868,0.310962,-0.135343,0,-0.279236,0.10785,0.215351,0.373005,-0.162214,0
0.238023,-0.086891,-0.183566,0.310389,-0.135096,0,-0.279577,0.108033,0.21561,0.373535,-0.162444,0
0.237635,-0.086705,-0.183264,0.309817,-0.134848,0,-0.279917,0.108215,0.215869,0.374064,-0.162674,0
0.237247,-0.08652,-0.182962,0.309244,-0.1346,0,-0.280258,0.108398,0.216129,0.374594,-0.162904,0
0.236859,-0.086334,-0.18266,0.308671,-0.134352,0,-0.280598,0.10858,0.216388,0.375124,-0.163134,0
0.23647,-0.086149,-0.182358,0.308098,-0.134105,0,-0.280939,0.108763,0.216648,0.375654,-0.163363,0
0.236082,-0.085963,-0.182057,0.307525,-0.133857,0,-0.28128,0.108946,0.216907,0.376184,-0.163593,0
0.235694,-0.085778,-0.181755,0.306952,-0.133609,0,-0.28162,0.109128,0.217167,0.376714,-0.163823,0
0.235306,-0.085592,-0.181453,0.30638,-0.133362,0,-0.281961,0.10931,0.217426,0.377243,-0.164053,0
0.234918,-0.085407,-0.181151,0.305807,-0.133114,0,-0.282302,0.109493,0.217686,0.377773,-0.164283,0
0.23453,-0.085221,-0.180849,0.305234,-0.132866,0,-0.282642,0.109676,0.217945,0.378303,-0.164512,0
0.234142,-0.085036,-0.180547,0.304661,-0.132618,0,-0.282983,0.109858,0.218205,0.378833,-0.164742,0
0.233754,-0.08485,-0.180245,0.304088,-0.132371,0,-0.283323,0.110041,0.218464,0.379363,-0.164972,0
0.233366,-0.084665,-0.179943,0.303515,-0.132123,0,-0.283664,0.110223,0.218724,0.379893,-0.165202,0
0.232977,-0.08448,-0.179641,0.302942,-0.131875,0,-0.284005,0.110406,0.218983,0.380423,-0.165432,0
0.232589,-0.084294,-0.179339,0.30237,-0.131628,0,-0.284345,0.110588,0.219243,0.380952,-0.165662,0
0.232201,-0.084109,-0.179037,0.301797,-0.13138,0,-0.284686,0.110771,0.219502,0.381482,-0.165891,0
0.231813,-0.083923,-0.178735,0.301224,-0.131132,0,-0.285027,0.110953,0.219762,0.382012,-0.166121,0
0.231425,-0.083738,-0.178433,0.300651,-0.130884,0,-0.285367,0.111136,0.220021,0.382542,-0.166351,0
0.231037,-0.083552,-0.178131,0.300078,-0.130637,0,-0.285708,0.111318,0.220281,0.383072,-0.166581,0
0.230649,-0.083367,-0.17783,0.299505,-0.130389,0,-0.286048,0.111501,0.22054,0.383602,-0.166811,0
0.230261,-0.083181,-0.177528,0.298932,-0.130141,0,-0.286389,0.111683,0.2208,0.384131,-0.16704,0
0.229873,-0.082996,-0.177226,0.29836,-0.129894,0,-0.28673,0.111866,0.221059,0.384661,-0.16727,0
0.229484,-0.08281,-0.176924,0.297787,-0.129646,0,-0.28707,0.112048,0.221319,0.385191,-0.1675,0
0.229096,-0.082625,-0.176622,0.297214,-0.129398,0,-0.287411,0.112231,0.221578,0.385721,-0.16773,0
0.228708,-0.08244,-0.17632,0.296641,-0.12915,0,-0.287752,0.112413,0.221838,0.386251,-0.16796,0
0.22832,-0.082254,-0.176018,0.296068,-0.128903,0,-0.288092,0.112596,0.222097,0.38678,-0.16819,0
0.227932,-0.082069,-0.175716,0.295495,-0.128655,0,-0.288433,0.112778,0.222357,0.38731,-0.168419,0
0.227537,-0.081883,-0.175408,0.294917,-0.128404,0,-0.288765,0.112958,0.222609,0.387831,-0.168643,0
0.22714,-0.081697,-0.175097,0.294337,-0.12815,0,-0.289092,0.113137,0.222857,0.388347,-0.168864,0
0.226742,-0.081512,-0.174786,0.293757,-0.127897,0,-0.289419,0.113315,0.223106,0.388862,-0.169084,0
0.226344,-0.081326,-0.174475,0.293176,-0.127644,0,-0.289746,0.113493,0.223354,0.389378,-0.169305,0
0.225947,-0.08114,-0.174164,0.292596,-0.127391,0,-0.290073,0.113671,0.223602,0.389894,-0.169526,0
0.225549,-0.080954,-0.173853,0.292015,-0.127138,0,-0.290401,0.11385,0.22385,0.39041,-0.169746,0
0.225152,-0.080769,-0.173542,0.291435,-0.126885,0,-0.290728,0.114028,0.224099,0.390925,-0.169967,0
0.224754,-0.080583,-0.173231,0.290854,-0.126632,0,-0.291055,0.114206,0.224347,0.391441,-0.170188,0
0.224356,-0.080397,-0.17292,0.290274,-0.126379,0,-0.291382,0.114385,0.224595,0.391957,-0.170408,0
0.223959,-0.080212,-0.172609,0.289694,-0.126126,0,-0.29171,0.114563,0.224844,0.392473,-0.170629,0
0.223561,-0.080026,-0.172298,0.289113,-0.125872,0,-0.292037,0.114741,0.225092,0.392988,-0.17085,0
0.223164,-0.07984,-0.171987,0.288533,-0.125619,0,-0.292364,0.11492,0.22534,0.393504,-0.17107,0
0.222766,-0.079655,-0.171676,0.287952,-0.125366,0,-0.292691,0.115098,0.225589,0.39402,-0.171291,0
0.222368,-0.079469,-0.171365,0.287372,-0.125113,0,-0.293018,0.115276,0.225837,0.394536,-0.171512,0
0.221971,-0.079283,-0.171054,0.286792,-0.12486,0,-0.293346,0.115455,0.226085,0.395051,-0.171732,0
0.221573,-0.079097,-0.170743,0.286211,-0.124607,0,-0.293673,0.115633,0.226333,0.395567,-0.171953,0
0.221175,-0.078912,-0.170432,0.285631,-0.124354,0,-0.294,0.115811,0.226582,0.396083,-0.172174,0
0.220778,-0.078726,-0.170121,0.28505,-0.124101,0,-0.294327,0.11599,0.22683,0.396599,-0.172394,0
0.22038,-0.07854,-0.16981,0.28447,-0.123848,0,-0.294654,0.116168,0.227078,0.397114,-0.172615,0
0.219983,-0.078354,-0.169499,0.283889,-0.123594,0,-0.294982,0.116346,0.227327,0.39763,-0.172835,0
0.219585,-0.078169,-0.169188,0.283309,-0.123341,0,-0.295309,0.116525,0.227575,0.398146,-0.173056,0
0.219187,-0.077983,-0.168877,0.282729,-0.123088,0,-0.295636,0.116703,0.227823,0.398662,-0.173277,0
0.21879,-0.077797,-0.168566,0.282148,-0.122835,0,-0.295963,0.116881,0.228072,0.399177,-0.173497,0
0.218392,-0.077612,-0.168255,0.281568,-0.122582,0,-0.296291,0.11706,0.22832,0.399693,-0.173718,0
0.217994,-0.077426,-0.167944,0.280987,-0.122329,0,-0.296618,0.117238,0.228568,0.400209,-0.173939,0
0.217597,-0.07724,-0.167632,0.280407,-0.122076,0,-0.296945,0.117416,0.228816,0.400725,-0.174159,0
0.217199,-0.077055,-0.167322,0.279827,-0.121823,0,-0.297272,0.117595,0.229065,0.40124,-0.17438,0
0.216802,-0.076869,-0.167011,0.279246,-0.12157,0,-0.297599,0.117773,0.229313,0.401756,-0.174601,0
0.216404,-0.076683,-0.1667,0.278666,-0.121316,0,-0.297927,0.117951,0.229561,0.402272,-0.174821,0
0.216006,-0.076497,-0.166389,0.278085,-0.121063,0,-0.298254,0.11813,0.22981,0.402788,-0.175042,0
0.215609,-0.076312,-0.166078,0.277505,-0.12081,0,-0.298581,0.118308,0.230058,0.403303,-0.175263,0
0.215211,-0.076126,-0.165766,0.276924,-0.120557,0,-0.298908,0.118486,0.230306,0.403819,-0.175483,0
0.214813,-0.07594,-0.165455,0.276344,-0.120304,0,-0.299235,0.118665,0.230554,0.404335,-0.175704,0
0.214413,-0.075755,-0.165142,0.275762,-0.12005,0,-0.299558,0.118842,0.230798,0.404845,-0.175923,0
0.214008,-0.075571,-0.164824,0.275178,-0.119796,0,-0.299871,0.119018,0.231034,0.405345,-0.176138,0
0.213602,-0.075387,-0.164506,0.274594,-0.119541,0,-0.300184,0.119195,0.231269,0.405844,-0.176353,0
0.213197,-0.075203,-0.164187,0.27401,-0.119286,0,-0.300497,0.119371,0.231504,0.406343,-0.176568,0
0.212792,-0.075019,-0.163869,0.273426,-0.119031,0,-0.30081,0.119547,0.231739,0.406843,-0.176784,0
0.212386,-0.074835,-0.163551,0.272843,-0.118776,0,-0.301122,0.119723,0.231974,0.407342,-0.176999,0
0.211981,-0.074651,-0.163233,0.272258,-0.118522,0,-0.301435,0.119899,0.232209,0.407842,-0.177214,0
0.211576,-0.074467,-0.162915,0.271675,-0.118267,0,-0.301748,0.120075,0.232444,0.408341,-0.177429,0
0.21117,-0.074284,-0.162597,0.27109,-0.118012,0,-0.302061,0.120251,0.23268,0.408841,-0.177644,0
0.210765,-0.0741,-0.162279,0.270507,-0.117757,0,-0.302374,0.120427,0.232915,0.40934,-0.17786,0
0.21036,-0.073916,-0.16196,0.269923,-0.117503,0,-0.302687,0.120604,0.23315,0.40984,-0.178075,0
0.209954,-0.073731,-0.161642,0.269339,-0.117248,0,-0.303,0.12078,0.233385,0.410339,-0.17829,0
0.209549,-0.073548,-0.161324,0.268755,-0.116993,0,-0.303313,0.120956,0.23362,0.410839,-0.178505,0
0.209143,-0.073364,-0.161006,0.268171,-0.116738,0,-0.303625,0.121132,0.233855,0.411338,-0.17872,0
0.208738,-0.07318,-0.160688,0.267587,-0.116483,0,-0.303938,0.121308,0.23409,0.411837,-0.178936,0
0.208333,-0.072996,-0.160369,0.267003,-0.116229,0,-0.304251,0.121484,0.234325,0.412337,-0.179151,0
0.207927,-0.072812,-0.160051,0.266419,-0.115974,0,-0.304564,0.12166,0.234561,0.412836,-0.179366,0
0.207522,-0.072628,-0.159733,0.265835,-0.115719,0,-0.304877,0.121837,0.234796,0.413336,-0.179581,0
0.207117,-0.072444,-0.159415,0.265251,-0.115464,0,-0.30519,0.122013,0.235031,0.413835,-0.179796,0
0.206711,-0.07226,-0.159097,0.264667,-0.11521,0,-0.305503,0.122189,0.235266,0.414335,-0.180012,0
0.206306,-0.072076,-0.158779,0.264083,-0.114955,0,-0.305816,0.122365,0.235501,0.414834,-0.180227,0
0.205901,-0.071892,-0.158461,0.263499,-0.1147,0,-0.306128,0.122541,0.235736,0.415334,-0.180442,0
0.205495,-0.071708,-0.158142,0.262915,-0.114445,0,-0.306441,0.122717,0.235971,0.415833,-0.180657,0
0.20509,-0.071524,-0.157824,0.262331,-0.11419,0,-0.306754,0.122893,0.236206,0.416333,-0.180872,0
0.204685,-0.07134,-0.157506,0.261747,-0.113936,0,-0.307067,0.123069,0.236441,0.416832,-0.181088,0
0.204279,-0.071156,-0.157188,0.261163,-0.113681,0,-0.30738,0.123246,0.236677,0.417332,-0.181303,0
0.203874,-0.070972,-0.15687,0.260579,-0.113426,0,-0.307693,0.123422,0.236912,0.417831,-0.181518,0
0.203469,-0.070788,-0.156552,0.259995,-0.113171,0,-0.308006,0.123598,0.237147,0.41833,-0.181733,0
0.203063,-0.070604,-0.156233,0.259411,-0.112917,0,-0.308319,0.123774,0.237382,0.41883,-0.181948,0
0.202658,-0.07042,-0.155915,0.258827,-0.112662,0,-0.308632,0.12395,0.237617,0.419329,-0.182164,0
0.202252,-0.070236,-0.155597,0.258243,-0.112407,0,-0.308944,0.124126,0.237852,0.419829,-0.182379,0
0.201847,-0.070052,-0.155279,0.257659,-0.112152,0,-0.309257,0.124302,0.238087,0.420328,-0.182594,0
0.201442,-0.069868,-0.154961,0.257075,-0.111897,0,-0.30957,0.124478,0.238323,0.420828,-0.182809,0
0.201036,-0.069684,-0.154643,0.256491,-0.111643,0,-0.309883,0.124655,0.238558,0.421327,-0.183024,0
0.200623,-0.069504,-0.154317,0.255903,-0.111386,0,-0.310183,0.124827,0.238784,0.42181,-0.183232,0
0.20021,-0.069324,-0.153992,0.255316,-0.11113,0,-0.310484,0.124999,0.239009,0.422293,-0.18344,0
0.199797,-0.069144,-0.153667,0.254728,-0.110873,0,-0.310784,0.125171,0.239235,0.422776,-0.183648,0
0.199384,-0.068964,-0.153341,0.254141,-0.110617,0,-0.311084,0.125343,0.239461,0.423259,-0.183856,0
0.198971,-0.068783,-0.153016,0.253553,-0.11036,0,-0.311384,0.125515,0.239687,0.423742,-0.184064,0
0.198558,-0.068603,-0.152691,0.252966,-0.110104,0,-0.311685,0.125686,0.239912,0.424225,-0.184272,0
0.198145,-0.068423,-0.152366,0.252378,-0.109848,0,-0.311985,0.125859,0.240138,0.424708,-0.18448,0
0.197732,-0.068243,-0.15204,0.25179,-0.109591,0,-0.312285,0.12603,0.240364,0.425191,-0.184687,0
0.197319,-0.068063,-0.151715,0.251203,-0.109335,0,-0.312585,0.126202,0.24059,0.425674,-0.184895,0
0.196906,-0.067882,-0.15139,0.250615,-0.109078,0,-0.312885,0.126374,0.240816,0.426157,-0.185103,0
0.196493,-0.067702,-0.151064,0.250028,-0.108822,0,-0.313186,0.126546,0.241041,0.42664,-0.185311,0
0.19608,-0.067522,-0.150739,0.24944,-0.108565,0,-0.313486,0.126718,0.241267,0.427123,-0.185519,0
0.195667,-0.067342,-0.150414,0.248853,-0.108309,0,-0.313786,0.12689,0.241493,0.427606,-0.185727,0
0.195254,-0.067162,-0.150089,0.248265,-0.108052,0,-0.314086,0.127062,0.241719,0.428089,-0.185935,0
0.19484,-0.066981,-0.149763,0.247678,-0.107796,0,-0.314387,0.127234,0.241944,0.428572,-0.186143,0
0.194427,-0.066801,-0.149438,0.24709,-0.10754,0,-0.314687,0.127406,0.24217,0.429055,-0.18635,0
0.194014,-0.066621,-0.149113,0.246503,-0.107283,0,-0.314987,0.127578,0.242396,0.429538,-0.186558,0
0.193601,-0.066441,-0.148787,0.245915,-0.107027,0,-0.315287,0.12775,0.242622,0.430021,-0.186766,0
0.193188,-0.066261,-0.148462,0.245327,-0.10677,0,-0.315588,0.127922,0.242848,0.430504,-0.186974,0
0.192775,-0.06608,-0.148137,0.24474,-0.106514,0,-0.315888,0.128094,0.243073,0.430987,-0.187182,0
0.192362,-0.0659,-0.147812,0.244152,-0.106257,0,-0.316188,0.128266,0.243299,0.43147,-0.18739,0
0.191949,-0.06572,-0.147486,0.243565,-0.106001,0,-0.316488,0.128438,0.243525,0.431953,-0.187598,0
0.191536,-0.06554,-0.147161,0.242977,-0.105744,0,-0.316788,0.12861,0.243751,0.432436,-0.187806,0
0.191123,-0.06536,-0.146836,0.24239,-0.105488,0,-0.317089,0.128782,0.243977,0.432919,-0.188013,0
0.19071,-0.065179,-0.14651,0.241802,-0.105232,0,-0.317389,0.128954,0.244202,0.433402,-0.188221,0
0.190297,-0.064999,-0.146185,0.241214,-0.104975,0,-0.317689,0.129126,0.244428,0.433885,-0.188429,0
0.189884,-0.064819,-0.14586,0.240627,-0.104719,0,-0.317989,0.129298,0.244654,0.434368,-0.188637,0
0.189471,-0.064639,-0.145535,0.240039,-0.104462,0,-0.31829,0.12947,0.24488,0.434851,-0.188845,0
0.189058,-0.064459,-0.145209,0.239452,-0.104206,0,-0.31859,0.129642,0.245105,0.435334,-0.189053,0
0.188645,-0.064278,-0.144884,0.238864,-0.103949,0,-0.31889,0.129814,0.245331,0.435817,-0.189261,0
0.188232,-0.064098,-0.144559,0.238277,-0.103693,0,-0.31919,0.129986,0.245557,0.4363,-0.189469,0
0.187819,-0.063918,-0.144233,0.237689,-0.103436,0,-0.319491,0.130158,0.245783,0.436783,-0.189676,0
0.187406,-0.063738,-0.143908,0.237102,-0.10318,0,-0.319791,0.13033,0.246009,0.437266,-0.189884,0
0.186989,-0.063559,-0.143578,0.236513,-0.102924,0,-0.320081,0.130499,0.246226,0.437736,-0.190087,0
0.18657,-0.06338,-0.143246,0.235924,-0.102667,0,-0.320366,0.130667,0.246438,0.438201,-0.190288,0
0.186151,-0.063202,-0.142913,0.235334,-0.102411,0,-0.320651,0.130835,0.246651,0.438665,-0.190488,0
0.185731,-0.063023,-0.142581,0.234745,-0.102155,0,-0.320935,0.131002,0.246863,0.439129,-0.190689,0
0.185312,-0.062845,-0.142248,0.234156,-0.101899,0,-0.32122,0.13117,0.247076,0.439593,-0.190889,0
0.184893,-0.062667,-0.141916,0.233567,-0.101642,0,-0.321505,0.131338,0.247288,0.440058,-0.19109,0
0.184475,-0.062488,-0.141584,0.232978,-0.101386,0,-0.32179,0.131506,0.247501,0.440522,-0.19129,0
0.184056,-0.06231,-0.141251,0.232389,-0.10113,0,-0.322075,0.131674,0.247713,0.440986,-0.191491,0
0.183637,-0.062131,-0.140919,0.2318,-0.100874,0,-0.322359,0.131842,0.247926,0.441451,-0.191691,0
0.183218,-0.061953,-0.140587,0.23121,-0.100617,0,-0.322644,0.13201,0.248138,0.441915,-0.191892,0
0.182799,-0.061774,-0.140254,0.230621,-0.100361,0,-0.322929,0.132177,0.248351,0.442379,-0.192093,0
0.182379,-0.061596,-0.139922,0.230032,-0.100105,0,-0.323214,0.132345,0.248564,0.442843,-0.192293,0
0.18196,-0.061417,-0.139589,0.229443,-0.099849,0,-0.323499,0.132513,0.248776,0.443308,-0.192494,0
0.181541,-0.061239,-0.139257,0.228854,-0.099592,0,-0.323784,0.132681,0.248989,0.443772,-0.192694,0
0.181123,-0.061061,-0.138925,0.228265,-0.099336,0,-0.324068,0.132849,0.249201,0.444236,-0.192895,0
0.180704,-0.060882,-0.138592,0.227675,-0.09908,0,-0.324353,0.133016,0.249414,0.4447,-0.193095,0
0.180285,-0.060704,-0.13826,0.227086,-0.098824,0,-0.324638,0.133184,0.249626,0.445165,-0.193296,0
0.179866,-0.060525,-0.137928,0.226497,-0.098567,0,-0.324923,0.133352,0.249839,0.445629,-0.193496,0
0.179446,-0.060347,-0.137595,0.225908,-0.098311,0,-0.325208,0.13352,0.250051,0.446093,-0.193697,0
0.179027,-0.060168,-0.137263,0.225319,-0.098055,0,-0.325492,0.133688,0.250264,0.446558,-0.193897,0
0.178608,-0.05999,-0.13693,0.224729,-0.097798,0,-0.325777,0.133855,0.250476,0.447022,-0.194098,0
0.178189,-0.059811,-0.136598,0.22414,-0.097542,0,-0.326062,0.134023,0.250689,0.447486,-0.194298,0
0.177771,-0.059633,-0.136266,0.223551,-0.097286,0,-0.326347,0.134191,0.250901,0.44795,-0.194499,0
0.177352,-0.059455,-0.135933,0.222962,-0.09703,0,-0.326632,0.134359,0.251114,0.448415,-0.194699,0
0.176933,-0.059276,-0.135601,0.222373,-0.096773,0,-0.326916,0.134527,0.251327,0.448879,-0.1949,0
0.176513,-0.059098,-0.135268,0.221784,-0.096517,0,-0.327201,0.134695,0.251539,0.449343,-0.1951,0
0.176094,-0.058919,-0.134936,0.221194,-0.096261,0,-0.327486,0.134862,0.251752,0.449807,-0.195301,0
0.175675,-0.058741,-0.134604,0.220605,-0.096005,0,-0.327771,0.13503,0.251964,0.450272,-0.195502,0
0.175256,-0.058562,-0.134271,0.220016,-0.095748,0,-0.328056,0.135198,0.252177,0.450736,-0.195702,0
0.174837,-0.058384,-0.133939,0.219427,-0.095492,0,-0.328341,0.135366,0.252389,0.4512,-0.195903,0
0.174419,-0.058206,-0.133607,0.218838,-0.095236,0,-0.328625,0.135534,0.252602,0.451664,-0.196103,0
0.173999,-0.058027,-0.133274,0.218249,-0.09498,0,-0.32891,0.135702,0.252814,0.452129,-0.196304,0
0.173581,-0.057849,-0.132942,0.217659,-0.094723,0,-0.329195,0.135869,0.253027,0.452593,-0.196504,0
0.173159,-0.057672,-0.132608,0.217071,-0.094467,0,-0.329476,0.136035,0.253236,0.453051,-0.196702,0
0.172735,-0.057497,-0.13227,0.216484,-0.094211,0,-0.329748,0.136197,0.253437,0.453496,-0.196893,0
0.17231,-0.057322,-0.131932,0.215897,-0.093955,0,-0.33002,0.136359,0.253638,0.453942,-0.197084,0
0.171885,-0.057148,-0.131595,0.21531,-0.093699,0,-0.330292,0.136521,0.253839,0.454387,-0.197276,0
0.17146,-0.056973,-0.131257,0.214723,-0.093443,0,-0.330564,0.136682,0.25404,0.454832,-0.197467,0
0.171035,-0.056798,-0.13092,0.214136,-0.093187,0,-0.330836,0.136844,0.254241,0.455278,-0.197658,0
0.17061,-0.056624,-0.130582,0.21355,-0.092931,0,-0.331108,0.137006,0.254443,0.455723,-0.197849,0
0.170185,-0.056449,-0.130245,0.212963,-0.092675,0,-0.33138,0.137167,0.254644,0.456169,-0.198041,0
0.16976,-0.056274,-0.129907,0.212376,-0.092419,0,-0.331652,0.137329,0.254845,0.456614,-0.198232,0
0.169335,-0.0561,-0.129569,0.211789,-0.092162,0,-0.331924,0.137491,0.255046,0.457059,-0.198423,0
0.16891,-0.055925,-0.129232,0.211202,-0.091906,0,-0.332196,0.137652,0.255247,0.457505,-0.198615,0
0.168485,-0.05575,-0.128894,0.210615,-0.09165,0,-0.332468,0.137814,0.255448,0.45795,-0.198806,0
0.16806,-0.055576,-0.128557,0.210028,-0.091394,0,-0.33274,0.137976,0.25565,0.458395,-0.198997,0
0.167635,-0.055401,-0.128219,0.209441,-0.091138,0,-0.333012,0.138138,0.255851,0.458841,-0.199189,0
0.167211,-0.055226,-0.127882,0.208854,-0.090882,0,-0.333284,0.138299,0.256052,0.459286,-0.19938,0
0.166786,-0.055052,-0.127544,0.208267,-0.090626,0,-0.333556,0.138461,0.256253,0.459731,-0.199571,0
0.166361,-0.054877,-0.127206,0.20768,-0.09037,0,-0.333828,0.138623,0.256454,0.460177,-0.199762,0
0.165936,-0.054702,-0.126869,0.207093,-0.090114,0,-0.3341,0.138785,0.256656,0.460622,-0.199954,0
0.165511,-0.054528,-0.126531,0.206506,-0.089858,0,-0.334372,0.138946,0.256857,0.461067,-0.200145,0
0.165086,-0.054353,-0.126194,0.205919,-0.089602,0,-0.334644,0.139108,0.257058,0.461513,-0.200336,0
0.164661,-0.054178,-0.125856,0.205333,-0.089346,0,-0.334916,0.13927,0.257259,0.461958,-0.200528,0
0.164236,-0.054004,-0.125519,0.204746,-0.08909,0,-0.335188,0.139431,0.25746,0.462403,-0.200719,0
0.163811,-0.053829,-0.125181,0.204159,-0.088834,0,-0.33546,0.139593,0.257661,0.462849,-0.20091,0
0.163386,-0.053655,-0.124843,0.203572,-0.088577,0,-0.335732,0.139755,0.257863,0.463294,-0.201101,0
0.162961,-0.05348,-0.124506,0.202985,-0.088321,0,-0.336004,0.139917,0.258064,0.463739,-0.201293,0
0.162536,-0.053305,-0.124168,0.202398,-0.088065,0,-0.336276,0.140078,0.258265,0.464185,-0.201484,0
0.162111,-0.05313,-0.123831,0.201811,-0.087809,0,-0.336548,0.14024,0.258466,0.46463,-0.201675,0
0.161686,-0.052956,-0.123493,0.201224,-0.087553,0,-0.33682,0.140402,0.258667,0.465075,-0.201867,0
0.161262,-0.052781,-0.123156,0.200637,-0.087297,0,-0.337092,0.140563,0.258869,0.465521,-0.202058,0
0.160837,-0.052607,-0.122818,0.20005,-0.087041,0,-0.337364,0.140725,0.25907,0.465966,-0.202249,0
0.160412,-0.052432,-0.12248,0.199463,-0.086785,0,-0.337636,0.140887,0.259271,0.466411,-0.202441,0
0.159987,-0.052257,-0.122143,0.198876,-0.086529,0,-0.337908,0.141049,0.259472,0.466857,-0.202632,0
0.159562,-0.052083,-0.121805,0.19829,-0.086273,0,-0.33818,0.14121,0.259673,0.467302,-0.202823,0
0.159137,-0.051908,-0.121468,0.197703,-0.086017,0,-0.338452,0.141372,0.259874,0.467747,-0.203014,0
0.158711,-0.051739,-0.121127,0.19712,-0.085763,0,-0.338707,0.141528,0.260062,0.468174,-0.203197,0
0.158286,-0.05157,-0.120786,0.196537,-0.085509,0,-0.338962,0.141683,0.26025,0.4686,-0.203379,0
0.15786,-0.051401,-0.120445,0.195954,-0.085255,0,-0.339216,0.141839,0.260438,0.469026,-0.203561,0
0.157434,-0.051232,-0.120104,0.195372,-0.085001,0,-0.339471,0.141995,0.260626,0.469453,-0.203743,0
0.157009,-0.051064,-0.119764,0.194789,-0.084747,0,-0.339726,0.14215,0.260814,0.469879,-0.203925,0
0.156583,-0.050895,-0.119423,0.194206,-0.084492,0,-0.33998,0.142306,0.261002,0.470305,-0.204107,0
0.156158,-0.050726,-0.119082,0.193623,-0.084238,0,-0.340235,0.142462,0.26119,0.470731,-0.204289,0
0.155732,-0.050557,-0.118741,0.19304,-0.083984,0,-0.340489,0.142617,0.261377,0.471158,-0.204471,0
0.155306,-0.050388,-0.1184,0.192458,-0.08373,0,-0.340744,0.142773,0.261565,0.471584,-0.204653,0
0.154881,-0.050219,-0.118059,0.191875,-0.083476,0,-0.340999,0.142929,0.261753,0.47201,-0.204835,0
0.154455,-0.050051,-0.117718,0.191292,-0.083222,0,-0.341254,0.143084,0.261941,0.472436,-0.205017,0
0.154029,-0.049882,-0.117378,0.190709,-0.082968,0,-0.341508,0.14324,0.262129,0.472862,-0.205199,0
0.153604,-0.049713,-0.117037,0.190126,-0.082714,0,-0.341763,0.143396,0.262317,0.473289,-0.205381,0
0.153178,-0.049544,-0.116696,0.189544,-0.08246,0,-0.342018,0.143551,0.262504,0.473715,-0.205563,0
0.152752,-0.049375,-0.116355,0.188961,-0.082206,0,-0.342272,0.143707,0.262692,0.474141,-0.205745,0
0.152327,-0.049206,-0.116014,0.188378,-0.081952,0,-0.342527,0.143863,0.26288,0.474567,-0.205927,0
0.151901,-0.049037,-0.115673,0.187795,-0.081698,0,-0.342782,0.144018,0.263068,0.474994,-0.206109,0
0.151475,-0.048868,-0.115332,0.187212,-0.081444,0,-0.343036,0.144174,0.263256,0.47542,-0.206291,0
0.15105,-0.0487,-0.114992,0.18663,-0.08119,0,-0.343291,0.144329,0.263444,0.475846,-0.206474,0
0.150624,-0.048531,-0.114651,0.186047,-0.080936,0,-0.343546,0.144485,0.263632,0.476272,-0.206656,0
0.150199,-0.048362,-0.11431,0.185464,-0.080682,0,-0.3438,0.144641,0.263819,0.476699,-0.206838,0
0.149773,-0.048193,-0.113969,0.184881,-0.080428,0,-0.344055,0.144796,0.264007,0.477125,-0.20702,0
0.149347,-0.048024,-0.113628,0.184299,-0.080174,0,-0.34431,0.144952,0.264195,0.477551,-0.207202,0
0.148922,-0.047855,-0.113287,0.183716,-0.07992,0,-0.344564,0.145108,0.264383,0.477977,-0.207384,0
0.148496,-0.047687,-0.112946,0.183133,-0.079666,0,-0.344819,0.145263,0.264571,0.478404,-0.207566,0
0.14807,-0.047518,-0.112606,0.18255,-0.079412,0,-0.345074,0.145419,0.264759,0.47883,-0.207748,0
0.147645,-0.047349,-0.112265,0.181967,-0.079157,0,-0.345328,0.145575,0.264947,0.479256,-0.20793,0
0.147219,-0.04718,-0.111924,0.181385,-0.078904,0,-0.345583,0.14573,0.265134,0.479682,-0.208112,0
0.146793,-0.047011,-0.111583,0.180802,-0.078649,0,-0.345838,0.145886,0.265322,0.480109,-0.208294,0
0.146368,-0.046842,-0.111242,0.180219,-0.078395,0,-0.346092,0.146042,0.26551,0.480535,-0.208476,0
0.145942,-0.046674,-0.110901,0.179636,-0.078141,0,-0.346347,0.146197,0.265698,0.480961,-0.208658,0
0.145517,-0.046505,-0.11056,0.179053,-0.077887,0,-0.346602,0.146353,0.265886,0.481387,-0.20884,0
0.145091,-0.046336,-0.11022,0.178471,-0.077633,0,-0.346856,0.146509,0.266074,0.481814,-0.209022,0
0.144666,-0.046171,-0.109879,0.177893,-0.077381,0,-0.347103,0.14666,0.266254,0.482224,-0.209198,0
0.144241,-0.046008,-0.109539,0.177318,-0.077129,0,-0.347344,0.14681,0.26643,0.482627,-0.209371,0
0.143817,-0.045845,-0.109199,0.176744,-0.076877,0,-0.347586,0.14696,0.266607,0.48303,-0.209544,0
0.143392,-0.045682,-0.108858,0.176169,-0.076625,0,-0.347828,0.147109,0.266783,0.483432,-0.209717,0
0.142967,-0.045519,-0.108518,0.175594,-0.076372,0,-0.348069,0.147259,0.26696,0.483835,-0.209889,0
0.142543,-0.045356,-0.108177,0.175019,-0.07612,0,-0.348311,0.147408,0.267136,0.484238,-0.210062,0
0.142118,-0.045193,-0.107837,0.174444,-0.075868,0,-0.348553,0.147558,0.267313,0.484641,-0.210235,0
0.141693,-0.04503,-0.107497,0.173869,-0.075616,0,-0.348795,0.147707,0.267489,0.485043,-0.210408,0
0.141269,-0.044867,-0.107156,0.173294,-0.075364,0,-0.349036,0.147857,0.267665,0.485446,-0.210581,0
0.140844,-0.044703,-0.106816,0.172719,-0.075112,0,-0.349278,0.148007,0.267842,0.485849,-0.210753,0
0.140419,-0.044541,-0.106476,0.172145,-0.07486,0,-0.34952,0.148156,0.268018,0.486251,-0.210926,0
0.139995,-0.044377,-0.106135,0.17157,-0.074608,0,-0.349761,0.148306,0.268195,0.486654,-0.211099,0
0.13957,-0.044214,-0.105795,0.170995,-0.074356,0,-0.350003,0.148455,0.268371,0.487057,-0.211272,0
0.139145,-0.044051,-0.105455,0.17042,-0.074104,0,-0.350245,0.148605,0.268547,0.487459,-0.211444,0
0.138721,-0.043888,-0.105114,0.169845,-0.073852,0,-0.350487,0.148755,0.268724,0.487862,-0.211617,0
0.138296,-0.043725,-0.104774,0.16927,-0.0736,0,-0.350728,0.148904,0.2689,0.488265,-0.21179,0
0.137871,-0.043562,-0.104434,0.168695,-0.073348,0,-0.35097,0.149054,0.269077,0.488668,-0.211963,0
0.137447,-0.043399,-0.104093,0.16812,-0.073096,0,-0.351212,0.149203,0.269253,0.48907,-0.212136,0
0.137022,-0.043236,-0.103753,0.167546,-0.072844,0,-0.351453,0.149353,0.26943,0.489473,-0.212308,0
0.136597,-0.043073,-0.103413,0.166971,-0.072592,0,-0.351695,0.149503,0.269606,0.489876,-0.212481,0
0.136173,-0.04291,-0.103072,0.166396,-0.07234,0,-0.351937,0.149652,0.269782,0.490278,-0.212654,0
0.135748,-0.042747,-0.102732,0.165821,-0.072088,0,-0.352179,0.149802,0.269959,0.490681,-0.212827,0
0.135323,-0.042584,-0.102392,0.165246,-0.071836,0,-0.35242,0.149951,0.270135,0.491084,-0.213,0
0.134899,-0.042421,-0.102051,0.164671,-0.071584,0,-0.352662,0.150101,0.270312,0.491487,-0.213172,0
0.134474,-0.042258,-0.101711,0.164096,-0.071332,0,-0.352904,0.150251,0.270488,0.491889,-0.213345,0
0.134049,-0.042095,-0.101371,0.163521,-0.07108,0,-0.353146,0.1504,0.270664,0.492292,-0.213518,0
0.133625,-0.041932,-0.10103,0.162947,-0.070828,0,-0.353387,0.15055,0.270841,0.492695,-0.213691,0
0.1332,-0.041769,-0.10069,0.162372,-0.070576,0,-0.353629,0.150699,0.271017,0.493097,-0.213863,0
0.132775,-0.041606,-0.10035,0.161797,-0.070324,0,-0.353871,0.150849,0.271194,0.4935,-0.214036,0
0.132351,-0.041443,-0.100009,0.161222,-0.070072,0,-0.354112,0.150999,0.27137,0.493903,-0.214209,0
0.131926,-0.04128,-0.099669,0.160647,-0.06982,0,-0.354354,0.151148,0.271547,0.494306,-0.214382,0
0.131501,-0.041117,-0.099329,0.160072,-0.069568,0,-0.354596,0.151298,0.271723,0.494708,-0.214555,0
0.131077,-0.040954,-0.098988,0.159498,-0.069316,0,-0.354838,0.151447,0.271899,0.495111,-0.214727,0
0.130652,-0.040794,-0.098648,0.158926,-0.069066,0,-0.355074,0.151594,0.272072,0.495507,-0.214897,0
0.130229,-0.040638,-0.098308,0.158363,-0.068819,0,-0.3553,0.151736,0.272237,0.495888,-0.215061,0
0.129805,-0.040483,-0.097968,0.1578,-0.068573,0,-0.355526,0.151877,0.272402,0.496269,-0.215224,0
0.129381,-0.040328,-0.097628,0.157237,-0.068327,0,-0.355752,0.152019,0.272567,0.49665,-0.215388,0
0.128958,-0.040173,-0.097289,0.156674,-0.06808,0,-0.355978,0.152161,0.272732,0.497031,-0.215551,0
0.128534,-0.040018,-0.096949,0.156111,-0.067834,0,-0.356204,0.152302,0.272897,0.497412,-0.215715,0
0.12811,-0.039862,-0.096609,0.155547,-0.067588,0,-0.35643,0.152444,0.273062,0.497793,-0.215878,0
0.127686,-0.039707,-0.096269,0.154984,-0.067342,0,-0.356656,0.152585,0.273227,0.498174,-0.216042,0
0.127263,-0.039552,-0.095929,0.154421,-0.067095,0,-0.356882,0.152727,0.273392,0.498555,-0.216205,0
0.126839,-0.039397,-0.095589,0.153858,-0.066849,0,-0.357108,0.152868,0.273557,0.498936,-0.216369,0
0.126415,-0.039242,-0.09525,0.153295,-0.066603,0,-0.357334,0.15301,0.273722,0.499317,-0.216532,0
0.125991,-0.039087,-0.09491,0.152731,-0.066356,0,-0.35756,0.153152,0.273887,0.499698,-0.216696,0
0.125568,-0.038932,-0.09457,0.152168,-0.06611,0,-0.357786,0.153293,0.274052,0.500079,-0.216859,0
0.125144,-0.038776,-0.09423,0.151605,-0.065864,0,-0.358012,0.153435,0.274216,0.50046,-0.217023,0
0.12472,-0.038621,-0.09389,0.151042,-0.065617,0,-0.358238,0.153576,0.274381,0.500841,-0.217186,0
0.124297,-0.038466,-0.09355,0.150479,-0.065371,0,-0.358464,0.153718,0.274546,0.501222,-0.21735,0
0.123873,-0.038311,-0.09321,0.149915,-0.065125,0,-0.35869,0.15386,0.274711,0.501603,-0.217513,0
0.123449,-0.038156,-0.092871,0.149352,-0.064879,0,-0.358916,0.154001,0.274876,0.501984,-0.217677,0
0.123025,-0.038001,-0.092531,0.148789,-0.064632,0,-0.359142,0.154143,0.275041,0.502365,-0.21784,0
0.122602,-0.037845,-0.092191,0.148226,-0.064386,0,-0.359368,0.154284,0.275206,0.502746,-0.218004,0
0.122178,-0.03769,-0.091851,0.147662,-0.06414,0,-0.359594,0.154426,0.275371,0.503127,-0.218167,0
0.121754,-0.037535,-0.091511,0.147099,-0.063893,0,-0.35982,0.154567,0.275536,0.503508,-0.218331,0
0.121331,-0.03738,-0.091171,0.146536,-0.063647,0,-0.360046,0.154709,0.275701,0.503889,-0.218494,0
0.120907,-0.037225,-0.090831,0.145973,-0.063401,0,-0.360272,0.154851,0.275866,0.50427,-0.218658,0
0.120483,-0.03707,-0.090492,0.14541,-0.063154,0,-0.360498,0.154992,0.276031,0.504651,-0.218821,0
0.120059,-0.036914,-0.090152,0.144847,-0.062908,0,-0.360724,0.155134,0.276196,0.505032,-0.218985,0
0.119636,-0.036759,-0.089812,0.144283,-0.062662,0,-0.36095,0.155275,0.276361,0.505413,-0.219148,0
0.119212,-0.036604,-0.089472,0.14372,-0.062415,0,-0.361176,0.155417,0.276526,0.505794,-0.219312,0
0.118788,-0.036449,-0.089132,0.143157,-0.062169,0,-0.361401,0.155559,0.276691,0.506176,-0.219475,0
0.118364,-0.036294,-0.088792,0.142594,-0.061923,0,-0.361628,0.1557,0.276856,0.506557,-0.219639,0
0.117941,-0.036139,-0.088452,0.14203,-0.061677,0,-0.361854,0.155842,0.277021,0.506938,-0.219802,0
0.117517,-0.035983,-0.088113,0.141467,-0.06143,0,-0.362079,0.155983,0.277186,0.507319,-0.219966,0
0.117093,-0.035828,-0.087773,0.140904,-0.061184,0,-0.362305,0.156125,0.27735,0.5077,-0.220129,0
0.11667,-0.035673,-0.087433,0.140341,-0.060938,0,-0.362531,0.156266,0.277515,0.508081,-0.220293,0
0.116254,-0.035524,-0.087097,0.139793,-0.060695,0,-0.362742,0.156402,0.277669,0.50844,-0.220445,0
0.115838,-0.035374,-0.086762,0.139245,-0.060453,0,-0.362952,0.156538,0.277822,0.508799,-0.220597,0
0.115422,-0.035225,-0.086426,0.138697,-0.06021,0,-0.363162,0.156673,0.277976,0.509158,-0.22075,0
0.115006,-0.035076,-0.08609,0.13815,-0.059968,0,-0.363372,0.156809,0.278129,0.509517,-0.220902,0
0.11459,-0.034927,-0.085755,0.137602,-0.059725,0,-0.363582,0.156944,0.278283,0.509876,-0.221054,0
0.114174,-0.034777,-0.085419,0.137054,-0.059483,0,-0.363793,0.15708,0.278436,0.510235,-0.221207,0
0.113758,-0.034628,-0.085083,0.136506,-0.05924,0,-0.364003,0.157215,0.27859,0.510595,-0.221359,0
0.113342,-0.034479,-0.084748,0.135958,-0.058998,0,-0.364213,0.157351,0.278743,0.510954,-0.221511,0
0.112926,-0.034329,-0.084412,0.13541,-0.058756,0,-0.364423,0.157486,0.278897,0.511313,-0.221664,0
0.11251,-0.03418,-0.084077,0.134862,-0.058513,0,-0.364633,0.157622,0.27905,0.511672,-0.221816,0
0.112094,-0.034031,-0.083741,0.134315,-0.058271,0,-0.364843,0.157758,0.279203,0.512031,-0.221968,0
0.111678,-0.033881,-0.083406,0.133767,-0.058028,0,-0.365054,0.157893,0.279357,0.51239,-0.222121,0
0.111262,-0.033732,-0.08307,0.133219,-0.057786,0,-0.365264,0.158029,0.27951,0.51275,-0.222273,0
0.110846,-0.033583,-0.082734,0.132671,-0.057543,0,-0.365474,0.158164,0.279664,0.513109,-0.222425,0
0.11043,-0.033434,-0.082399,0.132123,-0.057301,0,-0.365684,0.1583,0.279817,0.513468,-0.222577,0
0.110014,-0.033284,-0.082063,0.131576,-0.057058,0,-0.365894,0.158435,0.279971,0.513827,-0.22273,0
0.109598,-0.033135,-0.081727,0.131028,-0.056816,0,-0.366104,0.158571,0.280124,0.514186,-0.222882,0
0.109183,-0.032986,-0.081392,0.13048,-0.056573,0,-0.366315,0.158707,0.280278,0.514545,-0.223034,0
0.108767,-0.032836,-0.081056,0.129932,-0.056331,0,-0.366525,0.158842,0.280431,0.514904,-0.223187,0
0.108351,-0.032687,-0.080721,0.129384,-0.056089,0,-0.366735,0.158978,0.280585,0.515264,-0.223339,0
0.107935,-0.032538,-0.080385,0.128836,-0.055846,0,-0.366945,0.159113,0.280738,0.515623,-0.223491,0
0.107519,-0.032389,-0.080049,0.128288,-0.055604,0,-0.367155,0.159249,0.280891,0.515982,-0.223644,0
0.107103,-0.032239,-0.079714,0.127741,-0.055361,0,-0.367365,0.159384,0.281045,0.516341,-0.223796,0
0.106687,-0.03209,-0.079378,0.127193,-0.055119,0,-0.367576,0.15952,0.281198,0.5167,-0.223948,0
0.106271,-0.031941,-0.079043,0.126645,-0.054876,0,-0.367786,0.159655,0.281352,0.517059,-0.224101,0
0.105855,-0.031791,-0.078707,0.126097,-0.054634,0,-0.367996,0.159791,0.281505,0.517418,-0.224253,0
0.105439,-0.031642,-0.078371,0.125549,-0.054391,0,-0.368206,0.159927,0.281659,0.517778,-0.224405,0
0.105023,-0.031493,-0.078036,0.125001,-0.054149,0,-0.368416,0.160062,0.281812,0.518137,-0.224558,0
0.104607,-0.031343,-0.0777,0.124454,-0.053906,0,-0.368626,0.160198,0.281966,0.518496,-0.22471,0
0.104191,-0.031194,-0.077365,0.123906,-0.053664,0,-0.368837,0.160333,0.282119,0.518855,-0.224862,0
0.103775,-0.031045,-0.077029,0.123358,-0.053422,0,-0.369047,0.160469,0.282272,0.519214,-0.225015,0
0.103359,-0.030896,-0.076693,0.12281,-0.053179,0,-0.369257,0.160604,0.282426,0.519573,-0.225167,0
0.102943,-0.030746,-0.076358,0.122262,-0.052937,0,-0.369467,0.16074,0.282579,0.519932,-0.225319,0
0.102533,-0.030602,-0.076026,0.121726,-0.052702,0,-0.369667,0.160869,0.282724,0.520274,-0.225464,0
0.102126,-0.030461,-0.075697,0.121195,-0.05247,0,-0.369863,0.160995,0.282864,0.520607,-0.225605,0
0.101718,-0.03032,-0.075367,0.120664,-0.052239,0,-0.370058,0.16112,0.283004,0.52094,-0.225746,0
0.101311,-0.030178,-0.075038,0.120133,-0.052008,0,-0.370253,0.161246,0.283144,0.521272,-0.225887,0
0.100903,-0.030037,-0.074708,0.119603,-0.051777,0,-0.370448,0.161371,0.283284,0.521605,-0.226029,0
0.100496,-0.029895,-0.074379,0.119072,-0.051545,0,-0.370644,0.161497,0.283424,0.521938,-0.22617,0
0.100088,-0.029754,-0.074049,0.118541,-0.051314,0,-0.370839,0.161623,0.283564,0.522271,-0.226311,0
0.099681,-0.029613,-0.07372,0.118011,-0.051083,0,-0.371034,0.161748,0.283704,0.522603,-0.226452,0
0.099273,-0.029471,-0.07339,0.11748,-0.050852,0,-0.371229,0.161874,0.283844,0.522936,-0.226593,0
0.098866,-0.02933,-0.073061,0.116949,-0.050621,0,-0.371424,0.162,0.283984,0.523269,-0.226734,0
0.098459,-0.029188,-0.072731,0.116418,-0.050389,0,-0.37162,0.162125,0.284124,0.523602,-0.226875,0
0.098051,-0.029047,-0.072402,0.115888,-0.050158,0,-0.371815,0.162251,0.284264,0.523935,-0.227016,0
0.097644,-0.028906,-0.072072,0.115357,-0.049927,0,-0.37201,0.162376,0.284404,0.524267,-0.227157,0
0.097236,-0.028764,-0.071743,0.114826,-0.049696,0,-0.372205,0.162502,0.284544,0.5246,-0.227299,0
0.096829,-0.028623,-0.071413,0.114295,-0.049465,0,-0.3724,0.162628,0.284684,0.524933,-0.22744,0
0.096421,-0.028482,-0.071084,0.113765,-0.049233,0,-0.372596,0.162753,0.284824,0.525266,-0.227581,0
0.096014,-0.02834,-0.070754,0.113234,-0.049002,0,-0.372791,0.162879,0.284964,0.525598,-0.227722,0
0.095606,-0.028199,-0.070425,0.112703,-0.048771,0,-0.372986,0.163005,0.285104,0.525931,-0.227863,0
0.095199,-0.028057,-0.070095,0.112172,-0.04854,0,-0.373181,0.16313,0.285243,0.526264,-0.228004,0
0.094792,-0.027916,-0.069766,0.111642,-0.048308,0,-0.373377,0.163256,0.285383,0.526597,-0.228145,0
0.094384,-0.027775,-0.069436,0.111111,-0.048077,0,-0.373572,0.163381,0.285523,0.52693,-0.228286,0
0.093977,-0.027633,-0.069107,0.11058,-0.047846,0,-0.373767,0.163507,0.285663,0.527262,-0.228428,0
0.093569,-0.027492,-0.068777,0.11005,-0.047615,0,-0.373962,0.163633,0.285803,0.527595,-0.228569,0
0.093162,-0.02735,-0.068448,0.109519,-0.047384,0,-0.374157,0.163758,0.285943,0.527928,-0.22871,0
0.092754,-0.027209,-0.068118,0.108988,-0.047152,0,-0.374353,0.163884,0.286083,0.528261,-0.228851,0
0.092347,-0.027068,-0.067789,0.108457,-0.046921,0,-0.374548,0.16401,0.286223,0.528594,-0.228992,0
0.09194,-0.026926,-0.067459,0.107927,-0.04669,0,-0.374743,0.164135,0.286363,0.528926,-0.229133,0
0.091532,-0.026785,-0.067129,0.107396,-0.046459,0,-0.374938,0.164261,0.286503,0.529259,-0.229274,0
0.091125,-0.026643,-0.0668,0.106865,-0.046228,0,-0.375134,0.164387,0.286643,0.529592,-0.229415,0
0.090717,-0.026502,-0.06647,0.106334,-0.045996,0,-0.375329,0.164512,0.286783,0.529925,-0.229556,0
0.09031,-0.026361,-0.066141,0.105804,-0.045765,0,-0.375524,0.164638,0.286923,0.530258,-0.229698,0
0.089902,-0.026219,-0.065812,0.105273,-0.045534,0,-0.375719,0.164764,0.287063,0.53059,-0.229839,0
0.089495,-0.026078,-0.065482,0.104742,-0.045303,0,-0.375914,0.164889,0.287203,0.530923,-0.22998,0
0.089092,-0.02594,-0.065156,0.104219,-0.045074,0,-0.376104,0.165011,0.287339,0.531247,-0.230118,0
0.088699,-0.025808,-0.064838,0.103713,-0.04485,0,-0.376281,0.165127,0.287465,0.531553,-0.23025,0
0.088306,-0.025677,-0.064521,0.103207,-0.044626,0,-0.376459,0.165243,0.287592,0.531859,-0.230381,0
0.087913,-0.025546,-0.064203,0.102701,-0.044403,0,-0.376636,0.165359,0.287718,0.532166,-0.230513,0
0.08752,-0.025414,-0.063885,0.102195,-0.044179,0,-0.376814,0.165474,0.287844,0.532472,-0.230645,0
0.087127,-0.025283,-0.063567,0.101689,-0.043955,0,-0.376991,0.16559,0.287971,0.532778,-0.230777,0
0.086734,-0.025151,-0.063249,0.101183,-0.043732,0,-0.377169,0.165706,0.288097,0.533084,-0.230909,0
0.086341,-0.02502,-0.062932,0.100677,-0.043508,0,-0.377346,0.165822,0.288224,0.53339,-0.23104,0
0.085948,-0.024888,-0.062614,0.10017,-0.043284,0,-0.377524,0.165937,0.28835,0.533696,-0.231172,0
0.085555,-0.024757,-0.062296,0.099664,-0.043061,0,-0.377701,0.166053,0.288477,0.534003,-0.231304,0
0.085162,-0.024626,-0.061978,0.099158,-0.042837,0,-0.377879,0.166169,0.288603,0.534309,-0.231436,0
0.084769,-0.024494,-0.06166,0.098652,-0.042613,0,-0.378056,0.166285,0.28873,0.534615,-0.231567,0
0.084376,-0.024363,-0.061343,0.098146,-0.042389,0,-0.378234,0.1664,0.288856,0.534921,-0.231699,0
0.083983,-0.024231,-0.061025,0.09764,-0.042166,0,-0.378411,0.166516,0.288983,0.535227,-0.231831,0
0.083591,-0.0241,-0.060707,0.097134,-0.041942,0,-0.378589,0.166632,0.289109,0.535534,-0.231963,0
0.083198,-0.023968,-0.060389,0.096627,-0.041718,0,-0.378766,0.166747,0.289236,0.53584,-0.232094,0
0.082804,-0.023837,-0.060071,0.096121,-0.041495,0,-0.378944,0.166863,0.289362,0.536146,-0.232226,0
0.082412,-0.023706,-0.059754,0.095615,-0.041271,0,-0.379121,0.166979,0.289489,0.536452,-0.232358,0
0.082019,-0.023574,-0.059436,0.095109,-0.041047,0,-0.379298,0.167094,0.289615,0.536758,-0.23249,0
0.081626,-0.023443,-0.059118,0.094603,-0.040824,0,-0.379476,0.16721,0.289741,0.537064,-0.232622,0
0.081233,-0.023311,-0.0588,0.094097,-0.0406,0,-0.379653,0.167326,0.289868,0.537371,-0.232753,0
0.08084,-0.02318,-0.058482,0.093591,-0.040376,0,-0.379831,0.167442,0.289994,0.537677,-0.232885,0
0.080447,-0.023049,-0.058165,0.093084,-0.040153,0,-0.380008,0.167557,0.290121,0.537983,-0.233017,0
0.080054,-0.022917,-0.057847,0.092578,-0.039929,0,-0.380186,0.167673,0.290247,0.538289,-0.233149,0
0.079661,-0.022786,-0.057529,0.092072,-0.039705,0,-0.380363,0.167789,0.290374,0.538595,-0.233281,0
0.079268,-0.022654,-0.057211,0.091566,-0.039481,0,-0.380541,0.167905,0.2905,0.538902,-0.233412,0
0.078875,-0.022523,-0.056893,0.09106,-0.039258,0,-0.380718,0.16802,0.290627,0.539208,-0.233544,0
0.078482,-0.022391,-0.056576,0.090554,-0.039034,0,-0.380896,0.168136,0.290753,0.539514,-0.233676,0
0.078089,-0.02226,-0.056258,0.090047,-0.03881,0,-0.381073,0.168252,0.29088,0.53982,-0.233808,0
0.077696,-0.022129,-0.05594,0.089542,-0.038587,0,-0.381251,0.168368,0.291006,0.540126,-0.233939,0
0.077303,-0.021997,-0.055622,0.089035,-0.038363,0,-0.381428,0.168483,0.291133,0.540432,-0.234071,0
0.07691,-0.021866,-0.055304,0.088529,-0.038139,0,-0.381606,0.168599,0.291259,0.540739,-0.234203,0
0.076517,-0.021734,-0.054987,0.088023,-0.037916,0,-0.381783,0.168715,0.291386,0.541045,-0.234335,0
0.076124,-0.021603,-0.054669,0.087517,-0.037692,0,-0.381961,0.16883,0.291512,0.541351,-0.234467,0
0.075748,-0.021481,-0.054364,0.087039,-0.037483,0,-0.382122,0.168938,0.291627,0.541632,-0.234585,0
0.075373,-0.02136,-0.05406,0.086561,-0.037274,0,-0.382284,0.169046,0.291742,0.541914,-0.234704,0
0.074998,-0.021238,-0.053756,0.086083,-0.037065,0,-0.382445,0.169154,0.291857,0.542195,-0.234823,0
0.074623,-0.021117,-0.053452,0.085605,-0.036856,0,-0.382607,0.169262,0.291972,0.542477,-0.234941,0
0.074247,-0.020996,-0.053147,0.085127,-0.036648,0,-0.382768,0.16937,0.292086,0.542758,-0.23506,0
0.073872,-0.020874,-0.052843,0.084649,-0.036439,0,-0.382929,0.169477,0.292201,0.54304,-0.235179,0
0.073497,-0.020753,-0.052539,0.084171,-0.03623,0,-0.383091,0.169585,0.292316,0.543321,-0.235297,0
0.073122,-0.020631,-0.052234,0.083693,-0.036021,0,-0.383252,0.169693,0.292431,0.543603,-0.235416,0
0.072746,-0.02051,-0.05193,0.083215,-0.035812,0,-0.383414,0.169801,0.292546,0.543884,-0.235535,0
0.072371,-0.020388,-0.051626,0.082737,-0.035604,0,-0.383575,0.169909,0.292661,0.544166,-0.235653,0
0.071996,-0.020267,-0.051322,0.082259,-0.035395,0,-0.383737,0.170016,0.292776,0.544447,-0.235772,0
0.071621,-0.020146,-0.051017,0.081781,-0.035186,0,-0.383898,0.170124,0.292891,0.544729,-0.23589,0
0.071245,-0.020024,-0.050713,0.081303,-0.034977,0,-0.38406,0.170232,0.293005,0.54501,-0.236009,0
0.07087,-0.019903,-0.050409,0.080825,-0.034768,0,-0.384221,0.17034,0.29312,0.545292,-0.236128,0
0.070495,-0.019781,-0.050104,0.080347,-0.03456,0,-0.384383,0.170448,0.293235,0.545573,-0.236246,0
0.07012,-0.01966,-0.0498,0.079869,-0.034351,0,-0.384544,0.170555,0.29335,0.545855,-0.236365,0
0.069744,-0.019538,-0.049496,0.079392,-0.034142,0,-0.384706,0.170663,0.293465,0.546136,-0.236484,0
0.069369,-0.019417,-0.049192,0.078914,-0.033933,0,-0.384867,0.170771,0.29358,0.546418,-0.236602,0
0.068994,-0.019295,-0.048887,0.078436,-0.033724,0,-0.385029,0.170879,0.293695,0.546699,-0.236721,0
0.068619,-0.019174,-0.048583,0.077958,-0.033516,0,-0.38519,0.170987,0.293809,0.546981,-0.23684,0
0.068243,-0.019053,-0.048279,0.07748,-0.033307,0,-0.385352,0.171094,0.293924,0.547262,-0.236958,0
0.067868,-0.018931,-0.047975,0.077002,-0.033098,0,-0.385513,0.171202,0.294039,0.547544,-0.237077,0
0.067493,-0.01881,-0.04767,0.076524,-0.032889,0,-0.385674,0.17131,0.294154,0.547825,-0.237196,0
0.067118,-0.018688,-0.047366,0.076046,-0.03268,0,-0.385836,0.171418,0.294269,0.548107,-0.237314,0
0.066743,-0.018567,-0.047062,0.075568,-0.032472,0,-0.385997,0.171526,0.294384,0.548388,-0.237433,0
0.066367,-0.018445,-0.046757,0.07509,-0.032263,0,-0.386159,0.171633,0.294499,0.54867,-0.237552,0
0.065992,-0.018324,-0.046453,0.074612,-0.032054,0,-0.38632,0.171741,0.294614,0.548951,-0.23767,0
0.065617,-0.018203,-0.046149,0.074134,-0.031845,0,-0.386482,0.171849,0.294729,0.549232,-0.237789,0
0.065242,-0.018081,-0.045845,0.073656,-0.031636,0,-0.386643,0.171957,0.294843,0.549514,-0.237908,0
0.064866,-0.01796,-0.04554,0.073178,-0.031428,0,-0.386805,0.172065,0.294958,0.549795,-0.238026,0
0.064491,-0.017838,-0.045236,0.0727,-0.031219,0,-0.386966,0.172172,0.295073,0.550077,-0.238145,0
0.064116,-0.017717,-0.044932,0.072222,-0.03101,0,-0.387128,0.17228,0.295188,0.550359,-0.238264,0
0.063741,-0.017595,-0.044627,0.071745,-0.030801,0,-0.387289,0.172388,0.295303,0.55064,-0.238382,0
0.063381,-0.017482,-0.044334,0.071288,-0.030601,0,-0.38744,0.172488,0.29541,0.550902,-0.238493,0
0.063029,-0.017372,-0.044047,0.070844,-0.030405,0,-0.387585,0.172584,0.295513,0.551154,-0.238601,0
0.062677,-0.017263,-0.04376,0.0704,-0.030209,0,-0.387731,0.17268,0.295617,0.551407,-0.238708,0
0.062326,-0.017154,-0.043473,0.069956,-0.030014,0,-0.387876,0.172776,0.29572,0.551659,-0.238816,0
0.061974,-0.017044,-0.043186,0.069512,-0.029818,0,-0.388021,0.172872,0.295823,0.551911,-0.238923,0
0.061622,-0.016935,-0.042899,0.069067,-0.029622,0,-0.388167,0.172968,0.295926,0.552163,-0.239031,0
0.06127,-0.016825,-0.042612,0.068623,-0.029426,0,-0.388312,0.173064,0.29603,0.552416,-0.239138,0
0.060919,-0.016716,-0.042325,0.068179,-0.02923,0,-0.388458,0.17316,0.296133,0.552668,-0.239245,0
0.060567,-0.016607,-0.042038,0.067735,-0.029035,0,-0.388603,0.173256,0.296236,0.55292,-0.239353,0
0.060215,-0.016497,-0.041751,0.06729,-0.028839,0,-0.388748,0.173352,0.296339,0.553173,-0.23946,0
0.059864,-0.016388,-0.041464,0.066846,-0.028643,0,-0.388894,0.173448,0.296443,0.553425,-0.239568,0
0.059512,-0.016278,-0.041177,0.066402,-0.028447,0,-0.389039,0.173544,0.296546,0.553677,-0.239675,0
0.05916,-0.016169,-0.04089,0.065958,-0.028252,0,-0.389185,0.17364,0.296649,0.55393,-0.239782,0
0.058809,-0.01606,-0.040603,0.065513,-0.028056,0,-0.38933,0.173736,0.296752,0.554182,-0.23989,0
0.058457,-0.01595,-0.040316,0.065069,-0.02786,0,-0.389475,0.173832,0.296856,0.554434,-0.239997,0
0.058105,-0.015841,-0.040029,0.064625,-0.027664,0,-0.389621,0.173928,0.296959,0.554687,-0.240105,0
0.057753,-0.015731,-0.039742,0.064181,-0.027468,0,-0.389766,0.174024,0.297062,0.554939,-0.240212,0
0.057402,-0.015622,-0.039454,0.063736,-0.027273,0,-0.389911,0.17412,0.297165,0.555191,-0.240319,0
0.05705,-0.015513,-0.039168,0.063292,-0.027077,0,-0.390057,0.174216,0.297269,0.555443,-0.240427,0
0.056698,-0.015403,-0.03888,0.062848,-0.026881,0,-0.390202,0.174312,0.297372,0.555696,-0.240534,0
0.056347,-0.015294,-0.038593,0.062404,-0.026685,0,-0.390348,0.174408,0.297475,0.555948,-0.240642,0
0.055995,-0.015185,-0.038306,0.061959,-0.026489,0,-0.390493,0.174504,0.297579,0.5562,-0.240749,0
0.055643,-0.015075,-0.038019,0.061515,-0.026294,0,-0.390638,0.1746,0.297682,0.556453,-0.240856,0
0.055292,-0.014966,-0.037732,0.061071,-0.026098,0,-0.390784,0.174696,0.297785,0.556705,-0.240964,0
0.05494,-0.014856,-0.037445,0.060626,-0.025902,0,-0.390929,0.174791,0.297888,0.556957,-0.241071,0
0.054588,-0.014747,-0.037158,0.060182,-0.025706,0,-0.391075,0.174887,0.297992,0.55721,-0.241179,0
0.054236,-0.014638,-0.036871,0.059738,-0.025511,0,-0.39122,0.174983,0.298095,0.557462,-0.241286,0
0.053885,-0.014528,-0.036584,0.059294,-0.025315,0,-0.391365,0.175079,0.298198,0.557714,-0.241394,0
0.053533,-0.014419,-0.036297,0.05885,-0.025119,0,-0.391511,0.175175,0.298301,0.557967,-0.241501,0
0.053181,-0.014309,-0.03601,0.058405,-0.024923,0,-0.391656,0.175271,0.298405,0.558219,-0.241608,0
0.05283,-0.0142,-0.035723,0.057961,-0.024727,0,-0.391802,0.175367,0.298508,0.558471,-0.241716,0
0.052478,-0.014091,-0.035436,0.057517,-0.024532,0,-0.391947,0.175463,0.298611,0.558723,-0.241823,0
0.052126,-0.013981,-0.035149,0.057072,-0.024336,0,-0.392092,0.175559,0.298714,0.558976,-0.241931,0
0.051783,-0.013875,-0.034869,0.056641,-0.024145,0,-0.392232,0.175652,0.298813,0.559218,-0.242034,0
0.051458,-0.013776,-0.034607,0.056236,-0.023966,0,-0.392359,0.175738,0.298903,0.559441,-0.242128,0
0.051133,-0.013676,-0.034345,0.055831,-0.023787,0,-0.392487,0.175824,0.298992,0.559664,-0.242222,0
0.050808,-0.013577,-0.034082,0.055425,-0.023608,0,-0.392614,0.17591,0.299082,0.559887,-0.242316,0
0.050484,-0.013478,-0.03382,0.05502,-0.023429,0,-0.392742,0.175997,0.299172,0.56011,-0.242411,0
0.050159,-0.013378,-0.033558,0.054615,-0.02325,0,-0.392869,0.176083,0.299262,0.560333,-0.242505,0
0.049834,-0.013279,-0.033295,0.05421,-0.023071,0,-0.392997,0.176169,0.299351,0.560556,-0.242599,0
0.049509,-0.01318,-0.033033,0.053805,-0.022892,0,-0.393124,0.176255,0.299441,0.560778,-0.242693,0
0.049184,-0.01308,-0.03277,0.0534,-0.022713,0,-0.393252,0.176341,0.299531,0.561001,-0.242788,0
0.04886,-0.012981,-0.032508,0.052995,-0.022534,0,-0.393379,0.176427,0.29962,0.561224,-0.242882,0
0.048535,-0.012882,-0.032246,0.05259,-0.022355,0,-0.393506,0.176513,0.29971,0.561447,-0.242976,0
0.04821,-0.012782,-0.031983,0.052185,-0.022175,0,-0.393634,0.1766,0.2998,0.56167,-0.24307,0
0.047885,-0.012683,-0.031721,0.05178,-0.021996,0,-0.393761,0.176686,0.299889,0.561893,-0.243165,0
0.04756,-0.012584,-0.031458,0.051375,-0.021817,0,-0.393889,0.176772,0.299979,0.562116,-0.243259,0
0.047235,-0.012484,-0.031196,0.050969,-0.021638,0,-0.394016,0.176858,0.300069,0.562339,-0.243353,0
0.04691,-0.012385,-0.030934,0.050564,-0.021459,0,-0.394144,0.176944,0.300158,0.562562,-0.243447,0
0.046586,-0.012286,-0.030671,0.050159,-0.02128,0,-0.394271,0.17703,0.300248,0.562785,-0.243542,0
0.046261,-0.012186,-0.030409,0.049754,-0.021101,0,-0.394399,0.177116,0.300338,0.563007,-0.243636,0
0.045936,-0.012087,-0.030146,0.049349,-0.020922,0,-0.394526,0.177202,0.300427,0.56323,-0.24373,0
0.045611,-0.011988,-0.029884,0.048944,-0.020743,0,-0.394654,0.177289,0.300517,0.563453,-0.243824,0
0.045286,-0.011888,-0.029622,0.048539,-0.020564,0,-0.394781,0.177375,0.300607,0.563676,-0.243919,0
0.044961,-0.011789,-0.029359,0.048134,-0.020385,0,-0.394909,0.177461,0.300696,0.563899,-0.244013,0
0.044636,-0.011689,-0.029097,0.047729,-0.020206,0,-0.395036,0.177547,0.300786,0.564122,-0.244107,0
0.044312,-0.01159,-0.028834,0.047324,-0.020026,0,-0.395163,0.177633,0.300876,0.564345,-0.244201,0
0.043987,-0.011491,-0.028572,0.046919,-0.019847,0,-0.395291,0.177719,0.300965,0.564568,-0.244296,0
0.043662,-0.011392,-0.02831,0.046514,-0.019668,0,-0.395418,0.177805,0.301055,0.564791,-0.24439,0
0.043337,-0.011292,-0.028047,0.046109,-0.019489,0,-0.395546,0.177892,0.301145,0.565014,-0.244484,0
0.043012,-0.011193,-0.027785,0.045703,-0.01931,0,-0.395673,0.177978,0.301234,0.565237,-0.244578,0
0.042687,-0.011093,-0.027523,0.045298,-0.019131,0,-0.395801,0.178064,0.301324,0.565459,-0.244673,0
0.042363,-0.010994,-0.02726,0.044893,-0.018952,0,-0.395928,0.17815,0.301414,0.565682,-0.244767,0
0.042038,-0.010895,-0.026998,0.044488,-0.018773,0,-0.396056,0.178236,0.301503,0.565905,-0.244861,0
0.041713,-0.010795,-0.026735,0.044083,-0.018594,0,-0.396183,0.178322,0.301593,0.566128,-0.244956,0
0.041388,-0.010696,-0.026473,0.043678,-0.018415,0,-0.396311,0.178408,0.301683,0.566351,-0.24505,0
0.041063,-0.010597,-0.026211,0.043273,-0.018236,0,-0.396438,0.178494,0.301772,0.566574,-0.245144,0
0.040774,-0.010511,-0.025974,0.042913,-0.018078,0,-0.396546,0.178569,0.30185,0.566767,-0.245227,0
0.040487,-0.010426,-0.025738,0.042555,-0.017921,0,-0.396653,0.178643,0.301928,0.56696,-0.24531,0
0.040199,-0.010341,-0.025502,0.042196,-0.017765,0,-0.396761,0.178718,0.302006,0.567154,-0.245393,0
0.039911,-0.010256,-0.025266,0.041838,-0.017608,0,-0.396869,0.178792,0.302084,0.567347,-0.245476,0
0.039623,-0.01017,-0.02503,0.041479,-0.017451,0,-0.396977,0.178866,0.302162,0.56754,-0.245559,0
0.039335,-0.010085,-0.024794,0.041121,-0.017294,0,-0.397084,0.178941,0.30224,0.567734,-0.245642,0
0.039047,-0.01,-0.024558,0.040762,-0.017137,0,-0.397192,0.179015,0.302318,0.567927,-0.245725,0
0.038759,-0.009915,-0.024322,0.040403,-0.01698,0,-0.3973,0.179089,0.302396,0.56812,-0.245808,0
0.038471,-0.00983,-0.024087,0.040045,-0.016823,0,-0.397407,0.179164,0.302475,0.568314,-0.245891,0
0.038183,-0.009744,-0.023851,0.039686,-0.016666,0,-0.397515,0.179238,0.302553,0.568507,-0.245974,0
0.037895,-0.009659,-0.023615,0.039328,-0.01651,0,-0.397623,0.179312,0.302631,0.5687,-0.246057,0
0.037607,-0.009574,-0.023379,0.038969,-0.016353,0,-0.39773,0.179387,0.302709,0.568893,-0.24614,0
0.037319,-0.009489,-0.023143,0.038611,-0.016196,0,-0.397838,0.179461,0.302787,0.569087,-0.246223,0
0.037031,-0.009403,-0.022907,0.038252,-0.016039,0,-0.397946,0.179535,0.302865,0.56928,-0.246306,0
0.036743,-0.009318,-0.022671,0.037894,-0.015882,0,-0.398054,0.17961,0.302943,0.569473,-0.246389,0
0.036455,-0.009233,-0.022435,0.037535,-0.015725,0,-0.398161,0.179684,0.303021,0.569667,-0.246472,0
0.036167,-0.009148,-0.022199,0.037177,-0.015568,0,-0.398269,0.179759,0.303099,0.56986,-0.246555,0
0.035879,-0.009063,-0.021963,0.036818,-0.015411,0,-0.398377,0.179833,0.303177,0.570053,-0.246638,0
0.035591,-0.008977,-0.021727,0.036459,-0.015255,0,-0.398484,0.179907,0.303255,0.570247,-0.246721,0
0.035303,-0.008892,-0.021491,0.036101,-0.015098,0,-0.398592,0.179982,0.303333,0.57044,-0.246804,0
0.035015,-0.008807,-0.021255,0.035742,-0.014941,0,-0.3987,0.180056,0.303411,0.570633,-0.246886,0
0.034727,-0.008722,-0.021019,0.035384,-0.014784,0,-0.398807,0.18013,0.303489,0.570826,-0.246969,0
0.034439,-0.008637,-0.020783,0.035025,-0.014627,0,-0.398915,0.180205,0.303567,0.57102,-0.247052,0
0.034151,-0.008551,-0.020547,0.034667,-0.01447,0,-0.399023,0.180279,0.303645,0.571213,-0.247135,0
0.033863,-0.008466,-0.020311,0.034308,-0.014313,0,-0.399131,0.180353,0.303723,0.571406,-0.247218,0
0.033575,-0.008381,-0.020075,0.03395,-0.014156,0,-0.399238,0.180428,0.303801,0.5716,-0.247301,0
0.033287,-0.008296,-0.019839,0.033591,-0.014,0,-0.399346,0.180502,0.303879,0.571793,-0.247384,0
0.032999,-0.00821,-0.019604,0.033232,-0.013843,0,-0.399454,0.180576,0.303957,0.571986,-0.247467,0
0.032711,-0.008125,-0.019368,0.032874,-0.013686,0,-0.399561,0.180651,0.304035,0.57218,-0.24755,0
0.032423,-0.00804,-0.019132,0.032515,-0.013529,0,-0.399669,0.180725,0.304113,0.572373,-0.247633,0
0.032135,-0.007955,-0.018896,0.032157,-0.013372,0,-0.399777,0.180799,0.304191,0.572566,-0.247716,0
0.031847,-0.00787,-0.01866,0.031798,-0.013215,0,-0.399884,0.180874,0.304269,0.572759,-0.247799,0
0.031559,-0.007784,-0.018424,0.03144,-0.013058,0,-0.399992,0.180948,0.304347,0.572953,-0.247882,0
0.031296,-0.007708,-0.01821,0.031115,-0.012915,0,-0.400088,0.181015,0.304416,0.573123,-0.247955,0
0.031046,-0.007637,-0.018008,0.030808,-0.012778,0,-0.400179,0.181077,0.30448,0.573282,-0.248023,0
0.030797,-0.007566,-0.017806,0.030502,-0.012642,0,-0.400269,0.18114,0.304545,0.573442,-0.248091,0
0.030547,-0.007495,-0.017603,0.030195,-0.012505,0,-0.40036,0.181202,0.304609,0.573601,-0.248159,0
0.030298,-0.007424,-0.017401,0.029888,-0.012368,0,-0.40045,0.181265,0.304673,0.57376,-0.248227,0
0.030048,-0.007353,-0.017199,0.029582,-0.012232,0,-0.400541,0.181328,0.304738,0.573919,-0.248295,0
0.029798,-0.007282,-0.016997,0.029275,-0.012095,0,-0.400632,0.18139,0.304802,0.574079,-0.248363,0
0.029549,-0.007211,-0.016795,0.028969,-0.011959,0,-0.400722,0.181453,0.304867,0.574238,-0.24843,0
0.029299,-0.00714,-0.016593,0.028662,-0.011822,0,-0.400813,0.181515,0.304931,0.574397,-0.248498,0
0.02905,-0.007069,-0.016391,0.028356,-0.011686,0,-0.400903,0.181578,0.304995,0.574556,-0.248566,0
0.0288,-0.006998,-0.016189,0.028049,-0.011549,0,-0.400994,0.181641,0.30506,0.574715,-0.248634,0
0.028551,-0.006927,-0.015987,0.027742,-0.011413,0,-0.401084,0.181703,0.305124,0.574875,-0.248702,0
0.028301,-0.006856,-0.015785,0.027436,-0.011276,0,-0.401175,0.181766,0.305189,0.575034,-0.24877,0
0.028051,-0.006785,-0.015583,0.027129,-0.01114,0,-0.401265,0.181828,0.305253,0.575193,-0.248838,0
0.027802,-0.006714,-0.015381,0.026823,-0.011003,0,-0.401356,0.181891,0.305317,0.575352,-0.248906,0
0.027552,-0.006642,-0.015179,0.026516,-0.010867,0,-0.401446,0.181954,0.305382,0.575512,-0.248974,0
0.027303,-0.006571,-0.014976,0.02621,-0.01073,0,-0.401537,0.182016,0.305446,0.575671,-0.249042,0
0.027053,-0.0065,-0.014774,0.025903,-0.010594,0,-0.401627,0.182079,0.305511,0.57583,-0.249109,0
0.026804,-0.006429,-0.014572,0.025596,-0.010457,0,-0.401718,0.182141,0.305575,0.575989,-0.249177,0
0.026554,-0.006358,-0.01437,0.02529,-0.01032,0,-0.401808,0.182204,0.305639,0.576148,-0.249245,0
0.026304,-0.006287,-0.014168,0.024983,-0.010184,0,-0.401899,0.182266,0.305704,0.576308,-0.249313,0
0.026055,-0.006216,-0.013966,0.024677,-0.010047,0,-0.40199,0.182329,0.305768,0.576467,-0.249381,0
0.025805,-0.006145,-0.013764,0.02437,-0.009911,0,-0.40208,0.182392,0.305832,0.576626,-0.249449,0
0.025556,-0.006074,-0.013562,0.024064,-0.009774,0,-0.402171,0.182454,0.305897,0.576785,-0.249517,0
0.025306,-0.006003,-0.01336,0.023757,-0.009638,0,-0.402261,0.182517,0.305961,0.576945,-0.249585,0
0.025057,-0.005932,-0.013158,0.023451,-0.009501,0,-0.402352,0.182579,0.306026,0.577104,-0.249653,0
0.024807,-0.005861,-0.012956,0.023144,-0.009365,0,-0.402442,0.182642,0.30609,0.577263,-0.249721,0
0.024557,-0.00579,-0.012754,0.022837,-0.009228,0,-0.402533,0.182705,0.306154,0.577422,-0.249789,0
0.024308,-0.005719,-0.012551,0.022531,-0.009092,0,-0.402623,0.182767,0.306219,0.577581,-0.249857,0
0.024058,-0.005648,-0.012349,0.022224,-0.008955,0,-0.402714,0.18283,0.306283,0.577741,-0.249924,0
0.023809,-0.005577,-0.012147,0.021918,-0.008819,0,-0.402804,0.182892,0.306348,0.5779,-0.249992,0
0.023559,-0.005506,-0.011945,0.021611,-0.008682,0,-0.402895,0.182955,0.306412,0.578059,-0.25006,0
0.023309,-0.005434,-0.011743,0.021305,-0.008546,0,-0.402985,0.183017,0.306476,0.578218,-0.250128,0
0.023075,-0.005368,-0.011552,0.021016,-0.008418,0,-0.40307,0.183075,0.306536,0.578367,-0.250191,0
0.022873,-0.005311,-0.011386,0.020766,-0.008309,0,-0.403143,0.183124,0.306587,0.578497,-0.250244,0
0.022671,-0.005254,-0.011219,0.020517,-0.0082,0,-0.403217,0.183173,0.306638,0.578626,-0.250297,0
0.022469,-0.005197,-0.011053,0.020268,-0.008091,0,-0.40329,0.183222,0.306688,0.578755,-0.250349,0
0.022267,-0.00514,-0.010886,0.020019,-0.007982,0,-0.403364,0.183271,0.306739,0.578885,-0.250402,0
0.022065,-0.005083,-0.01072,0.01977,-0.007873,0,-0.403437,0.18332,0.30679,0.579014,-0.250455,0
0.021863,-0.005027,-0.010554,0.019521,-0.007765,0,-0.403511,0.183369,0.306841,0.579143,-0.250508,0
0.021661,-0.00497,-0.010387,0.019272,-0.007656,0,-0.403584,0.183418,0.306891,0.579272,-0.250561,0
0.021459,-0.004913,-0.010221,0.019023,-0.007547,0,-0.403657,0.183466,0.306942,0.579402,-0.250614,0
0.021257,-0.004856,-0.010054,0.018774,-0.007438,0,-0.403731,0.183515,0.306993,0.579531,-0.250666,0
0.021055,-0.004799,-0.009888,0.018524,-0.007329,0,-0.403804,0.183564,0.307044,0.57966,-0.250719,0
0.020853,-0.004742,-0.009721,0.018275,-0.00722,0,-0.403878,0.183613,0.307094,0.57979,-0.250772,0
0.020651,-0.004685,-0.009555,0.018026,-0.007112,0,-0.403951,0.183662,0.307145,0.579919,-0.250825,0
0.020449,-0.004628,-0.009389,0.017777,-0.007003,0,-0.404024,0.183711,0.307196,0.580048,-0.250878,0
0.020247,-0.004571,-0.009222,0.017528,-0.006894,0,-0.404098,0.18376,0.307247,0.580178,-0.250931,0
0.020045,-0.004515,-0.009056,0.017279,-0.006785,0,-0.404171,0.183809,0.307297,0.580307,-0.250983,0
0.019843,-0.004458,-0.008889,0.01703,-0.006676,0,-0.404245,0.183857,0.307348,0.580436,-0.251036,0
0.019641,-0.004401,-0.008723,0.016781,-0.006568,0,-0.404318,0.183906,0.307399,0.580566,-0.251089,0
0.019439,-0.004344,-0.008556,0.016531,-0.006459,0,-0.404391,0.183955,0.30745,0.580695,-0.251142,0
0.019237,-0.004287,-0.00839,0.016282,-0.00635,0,-0.404465,0.184004,0.3075,0.580824,-0.251195,0
0.019035,-0.00423,-0.008224,0.016033,-0.006241,0,-0.404538,0.184053,0.307551,0.580953,-0.251248,0
0.018833,-0.004173,-0.008057,0.015784,-0.006132,0,-0.404612,0.184102,0.307602,0.581083,-0.2513,0
0.018631,-0.004117,-0.007891,0.015535,-0.006023,0,-0.404685,0.184151,0.307653,0.581212,-0.251353,0
0.018429,-0.00406,-0.007724,0.015286,-0.005915,0,-0.404759,0.1842,0.307703,0.581341,-0.251406,0
0.018227,-0.004003,-0.007558,0.015037,-0.005806,0,-0.404832,0.184248,0.307754,0.581471,-0.251459,0
0.018025,-0.003946,-0.007391,0.014788,-0.005697,0,-0.404905,0.184297,0.307805,0.5816,-0.251512,0
0.017823,-0.003889,-0.007225,0.014539,-0.005588,0,-0.404979,0.184346,0.307856,0.581729,-0.251565,0
0.017621,-0.003832,-0.007059,0.014289,-0.005479,0,-0.405052,0.184395,0.307907,0.581858,-0.251617,0
0.017419,-0.003775,-0.006892,0.01404,-0.00537,0,-0.405126,0.184444,0.307957,0.581988,-0.25167,0
0.017217,-0.003718,-0.006726,0.013791,-0.005262,0,-0.405199,0.184493,0.308008,0.582117,-0.251723,0
0.017015,-0.003662,-0.006559,0.013542,-0.005153,0,-0.405272,0.184542,0.308059,0.582246,-0.251776,0
0.016813,-0.003605,-0.006393,0.013293,-0.005044,0,-0.405346,0.184591,0.308109,0.582376,-0.251829,0
0.016611,-0.003548,-0.006227,0.013044,-0.004935,0,-0.405419,0.18464,0.30816,0.582505,-0.251882,0
0.016409,-0.003491,-0.00606,0.012795,-0.004826,0,-0.405492,0.184688,0.308211,0.582634,-0.251934,0
0.016256,-0.003448,-0.005937,0.012609,-0.004744,0,-0.405545,0.184725,0.308248,0.582727,-0.251974,0
0.016105,-0.003405,-0.005816,0.012424,-0.004663,0,-0.405598,0.184763,0.308285,0.582819,-0.252014,0
0.015954,-0.003363,-0.005694,0.01224,-0.004582,0,-0.40565,0.1848,0.308322,0.582912,-0.252053,0
0.015803,-0.00332,-0.005573,0.012056,-0.004501,0,-0.405703,0.184837,0.308359,0.583005,-0.252093,0
0.015652,-0.003277,-0.005451,0.011872,-0.00442,0,-0.405755,0.184874,0.308396,0.583098,-0.252132,0
0.0155,-0.003235,-0.00533,0.011687,-0.004339,0,-0.405808,0.184911,0.308434,0.58319,-0.252172,0
0.015349,-0.003192,-0.005208,0.011503,-0.004257,0,-0.405861,0.184948,0.308471,0.583283,-0.252212,0
0.015198,-0.003149,-0.005087,0.011319,-0.004176,0,-0.405913,0.184985,0.308508,0.583376,-0.252251,0
0.015047,-0.003107,-0.004965,0.011135,-0.004095,0,-0.405966,0.185022,0.308545,0.583469,-0.252291,0
0.014896,-0.003064,-0.004844,0.01095,-0.004014,0,-0.406018,0.18506,0.308582,0.583562,-0.252331,0
0.014744,-0.003021,-0.004723,0.010766,-0.003933,0,-0.406071,0.185097,0.308619,0.583654,-0.25237,0
0.014593,-0.002978,-0.004601,0.010582,-0.003852,0,-0.406123,0.185134,0.308656,0.583747,-0.25241,0
0.014442,-0.002936,-0.00448,0.010397,-0.003771,0,-0.406176,0.185171,0.308693,0.58384,-0.25245,0
0.014291,-0.002893,-0.004358,0.010213,-0.003689,0,-0.406229,0.185208,0.30873,0.583933,-0.252489,0
0.01414,-0.00285,-0.004237,0.010029,-0.003608,0,-0.406281,0.185245,0.308767,0.584025,-0.252529,0
0.013989,-0.002808,-0.004115,0.009845,-0.003527,0,-0.406334,0.185282,0.308805,0.584118,-0.252568,0
0.013837,-0.002765,-0.003994,0.00966,-0.003446,0,-0.406386,0.18532,0.308842,0.584211,-0.252608,0
0.013686,-0.002722,-0.003872,0.009476,-0.003365,0,-0.406439,0.185357,0.308879,0.584304,-0.252648,0
0.013535,-0.00268,-0.003751,0.009292,-0.003284,0,-0.406492,0.185394,0.308916,0.584396,-0.252687,0
0.013384,-0.002637,-0.003629,0.009107,-0.003203,0,-0.406544,0.185431,0.308953,0.584489,-0.252727,0
0.013233,-0.002594,-0.003508,0.008923,-0.003121,0,-0.406597,0.185468,0.30899,0.584582,-0.252767,0
0.013082,-0.002552,-0.003386,0.008739,-0.00304,0,-0.406649,0.185505,0.309027,0.584675,-0.252806,0
0.01293,-0.002509,-0.003265,0.008555,-0.002959,0,-0.406702,0.185542,0.309064,0.584768,-0.252846,0
0.012779,-0.002466,-0.003143,0.00837,-0.002878,0,-0.406755,0.18558,0.309101,0.58486,-0.252885,0
0.012628,-0.002424,-0.003022,0.008186,-0.002797,0,-0.406807,0.185617,0.309138,0.584953,-0.252925,0
0.012477,-0.002381,-0.0029,0.008002,-0.002716,0,-0.40686,0.185654,0.309175,0.585046,-0.252965,0
0.012326,-0.002338,-0.002779,0.007817,-0.002635,0,-0.406912,0.185691,0.309213,0.585139,-0.253004,0
0.012174,-0.002296,-0.002657,0.007633,-0.002553,0,-0.406965,0.185728,0.30925,0.585231,-0.253044,0
0.012023,-0.002253,-0.002536,0.007449,-0.002472,0,-0.407017,0.185765,0.309287,0.585324,-0.253084,0
0.011872,-0.00221,-0.002414,0.007265,-0.002391,0,-0.40707,0.185802,0.309324,0.585417,-0.253123,0
0.011721,-0.002168,-0.002293,0.00708,-0.00231,0,-0.407123,0.18584,0.309361,0.58551,-0.253163,0
0.01157,-0.002125,-0.002171,0.006896,-0.002229,0,-0.407175,0.185877,0.309398,0.585602,-0.253203,0
0.011419,-0.002082,-0.00205,0.006712,-0.002148,0,-0.407228,0.185914,0.309435,0.585695,-0.253242,0
0.011304,-0.00205,-0.001957,0.006572,-0.002087,0,-0.407266,0.18594,0.309462,0.585763,-0.253272,0
0.01121,-0.002024,-0.00188,0.006458,-0.002037,0,-0.407298,0.185962,0.309483,0.585819,-0.253296,0
0.011117,-0.001997,-0.001804,0.006345,-0.001987,0,-0.40733,0.185983,0.309505,0.585875,-0.253321,0
0.011023,-0.001971,-0.001727,0.006231,-0.001937,0,-0.407361,0.186005,0.309526,0.585932,-0.253345,0
0.010929,-0.001944,-0.001651,0.006117,-0.001887,0,-0.407393,0.186026,0.309548,0.585988,-0.25337,0
0.010835,-0.001918,-0.001574,0.006003,-0.001838,0,-0.407425,0.186048,0.309569,0.586044,-0.253394,0
0.010742,-0.001891,-0.001497,0.005889,-0.001788,0,-0.407457,0.186069,0.309591,0.5861,-0.253419,0
0.010648,-0.001865,-0.001421,0.005775,-0.001738,0,-0.407488,0.186091,0.309612,0.586156,-0.253443,0
0.010554,-0.001839,-0.001344,0.005661,-0.001688,0,-0.40752,0.186112,0.309634,0.586212,-0.253468,0
0.010461,-0.001812,-0.001268,0.005547,-0.001638,0,-0.407552,0.186134,0.309655,0.586268,-0.253492,0
0.010367,-0.001786,-0.001191,0.005433,-0.001589,0,-0.407584,0.186155,0.309676,0.586324,-0.253517,0
0.010273,-0.001759,-0.001114,0.005319,-0.001539,0,-0.407615,0.186177,0.309698,0.586381,-0.253541,0
0.01018,-0.001733,-0.001038,0.005206,-0.001489,0,-0.407647,0.186198,0.30972,0.586437,-0.253566,0
0.010086,-0.001707,-0.000961,0.005092,-0.001439,0,-0.407679,0.18622,0.309741,0.586493,-0.25359,0
0.009992,-0.00168,-0.000885,0.004978,-0.00139,0,-0.407711,0.186241,0.309762,0.586549,-0.253615,0
0.009898,-0.001654,-0.000808,0.004864,-0.00134,0,-0.407742,0.186263,0.309784,0.586605,-0.25364,0
0.009805,-0.001627,-0.000731,0.00475,-0.00129,0,-0.407774,0.186284,0.309805,0.586661,-0.253664,0
0.009711,-0.001601,-0.000655,0.004636,-0.00124,0,-0.407806,0.186306,0.309827,0.586718,-0.253689,0
0.009617,-0.001574,-0.000578,0.004522,-0.00119,0,-0.407837,0.186327,0.309848,0.586774,-0.253713,0
0.009524,-0.001548,-0.000501,0.004408,-0.001141,0,-0.407869,0.186349,0.30987,0.58683,-0.253738,0
0.00943,-0.001522,-0.000425,0.004294,-0.001091,0,-0.407901,0.18637,0.309891,0.586886,-0.253762,0
0.009336,-0.001495,-0.000348,0.00418,-0.001041,0,-0.407933,0.186392,0.309913,0.586942,-0.253787,0
0.009243,-0.001469,-0.000272,0.004066,-0.000991,0,-0.407964,0.186413,0.309934,0.586998,-0.253811,0
0.009149,-0.001442,-0.000195,0.003953,-0.000941,0,-0.407996,0.186435,0.309956,0.587054,-0.253836,0
0.009055,-0.001416,-0.000118,0.003839,-0.000892,0,-0.408028,0.186456,0.309977,0.58711,-0.25386,0
0.008961,-0.001389,-4.2E-05,0.003725,-0.000842,0,-0.40806,0.186478,0.309999,0.587166,-0.253885,0
0.008868,-0.001363,3.5E-05,0.003611,-0.000792,0,-0.408091,0.186499,0.31002,0.587223,-0.25391,0
0.008774,-0.001337,0.000111,0.003497,-0.000742,0,-0.408123,0.186521,0.310042,0.587279,-0.253934,0
0.00868,-0.00131,0.000188,0.003383,-0.000693,0,-0.408155,0.186542,0.310063,0.587335,-0.253959,0
0.008587,-0.001284,0.000265,0.003269,-0.000643,0,-0.408187,0.186564,0.310085,0.587391,-0.253983,0
0.008493,-0.001257,0.000341,0.003155,-0.000593,0,-0.408218,0.186585,0.310106,0.587447,-0.254008,0
0.008399,-0.001231,0.000418,0.003041,-0.000543,0,-0.40825,0.186607,0.310128,0.587503,-0.254032,0
0.008306,-0.001204,0.000494,0.002927,-0.000493,0,-0.408282,0.186628,0.310149,0.58756,-0.254057,0
0.00823,-0.001184,0.000556,0.002836,-0.000453,0,-0.408306,0.186645,0.310166,0.587603,-0.254075,0
0.008198,-0.001175,0.000582,0.002796,-0.000435,0,-0.408315,0.186653,0.310174,0.587622,-0.254083,0
0.008166,-0.001167,0.000608,0.002756,-0.000416,0,-0.408324,0.186661,0.310181,0.587642,-0.25409,0
0.008134,-0.001159,0.000634,0.002716,-0.000398,0,-0.408333,0.186668,0.310189,0.587661,-0.254098,0
0.008102,-0.001151,0.00066,0.002676,-0.000379,0,-0.408342,0.186676,0.310197,0.587681,-0.254106,0
0.00807,-0.001143,0.000687,0.002637,-0.000361,0,-0.408351,0.186684,0.310205,0.5877,-0.254113,0
0.008038,-0.001135,0.000713,0.002597,-0.000342,0,-0.40836,0.186692,0.310213,0.58772,-0.254121,0
0.008006,-0.001127,0.000739,0.002557,-0.000324,0,-0.408369,0.1867,0.310221,0.587739,-0.254128,0
0.007974,-0.001118,0.000765,0.002517,-0.000306,0,-0.408378,0.186708,0.310228,0.587759,-0.254136,0
0.007942,-0.00111,0.000791,0.002477,-0.000287,0,-0.408387,0.186715,0.310236,0.587778,-0.254143,0
0.00791,-0.001102,0.000817,0.002437,-0.000269,0,-0.408396,0.186723,0.310244,0.587798,-0.254151,0
0.007878,-0.001094,0.000843,0.002397,-0.00025,0,-0.408405,0.186731,0.310252,0.587817,-0.254158,0
0.007845,-0.001086,0.00087,0.002358,-0.000232,0,-0.408414,0.186739,0.31026,0.587836,-0.254166,0
0.007813,-0.001078,0.000896,0.002318,-0.000213,0,-0.408423,0.186747,0.310267,0.587856,-0.254174,0
0.007781,-0.00107,0.000922,0.002278,-0.000195,0,-0.408433,0.186755,0.310275,0.587875,-0.254181,0
0.007749,-0.001062,0.000948,0.002238,-0.000176,0,-0.408442,0.186762,0.310283,0.587895,-0.254189,0
0.007717,-0.001053,0.000974,0.002198,-0.000158,0,-0.408451,0.18677,0.310291,0.587914,-0.254196,0
0.007685,-0.001045,0.001,0.002158,-0.00014,0,-0.40846,0.186778,0.310299,0.587934,-0.254204,0
0.007653,-0.001037,0.001027,0.002118,-0.000121,0,-0.408469,0.186786,0.310306,0.587953,-0.254211,0
0.007621,-0.001029,0.001053,0.002079,-0.000103,0,-0.408478,0.186794,0.310314,0.587972,-0.254219,0
0.007589,-0.001021,0.001079,0.002039,-8.4E-05,0,-0.408487,0.186801,0.310322,0.587992,-0.254226,0
0.007557,-0.001013,0.001105,0.001999,-6.6E-05,0,-0.408496,0.186809,0.31033,0.588011,-0.254234,0
0.007525,-0.001005,0.001131,0.001959,-4.7E-05,0,-0.408505,0.186817,0.310338,0.588031,-0.254242,0
0.007493,-0.000997,0.001157,0.001919,-2.9E-05,0,-0.408514,0.186825,0.310346,0.58805,-0.254249,0
0.007461,-0.000988,0.001183,0.001879,-1.1E-05,0,-0.408523,0.186833,0.310353,0.58807,-0.254257,0
0.007428,-0.00098,0.00121,0.001839,8E-06,0,-0.408532,0.18684,0.310361,0.588089,-0.254264,0
0.007396,-0.000972,0.001236,0.0018,2.6E-05,0,-0.408541,0.186848,0.310369,0.588108,-0.254272,0
0.007364,-0.000964,0.001262,0.00176,4.5E-05,0,-0.40855,0.186856,0.310377,0.588128,-0.254279,0
0.007332,-0.000956,0.001288,0.00172,6.3E-05,0,-0.408559,0.186864,0.310385,0.588147,-0.254287,0
0.0073,-0.000948,0.001314,0.00168,8.2E-05,0,-0.408569,0.186872,0.310392,0.588167,-0.254294,0
0.007268,-0.00094,0.00134,0.00164,1E-04,0,-0.408578,0.18688,0.3104,0.588186,-0.254302,0
0.007236,-0.000931,0.001367,0.0016,0.000119,0,-0.408587,0.186887,0.310408,0.588206,-0.254309,0
0.007204,-0.000923,0.001393,0.00156,0.000137,0,-0.408596,0.186895,0.310416,0.588225,-0.254317,0
