Base_Latation_X,Base_Latation_Y,Base_Latation_Z,Base_Rotation_Pitch,Base_Rotation_Yaw,Base_Rotation_Roll,Base_Linear_velocity_Pitch,Base_Linear_velocity_Yaw,Base_Linear_velocity_Roll,Base_Angular_velocityy_Pitch,Base_Angular_velocityy_Yaw,Base_Angular_velocityy_Roll,left_leg_pelvic_pitch_joint,left_leg_pelvic_roll_joint,left_leg_pelvic_yaw_joint,left_leg_knee_pitch_joint,left_leg_ankle_pitch_joint,left_leg_ankle_roll_joint,right_leg_pelvic_pitch_joint,right_leg_pelvic_roll_joint,right_leg_pelvic_yaw_joint,right_leg_knee_pitch_joint,right_leg_ankle_pitch_joint,right_leg_ankle_roll_joint,left_shoulder_pitch_joint,left_shoulder_roll_joint,left_shoulder_yaw_joint,left_elbow_pitch_joint,left_wrist_yaw_joint,left_wrist_pitch_joint,left_wrist_roll_joint,right_shoulder_pitch_joint,right_shoulder_roll_joint,right_shoulder_yaw_joint,right_elbow_pitch_joint,right_wrist_yaw_joint,right_wrist_pitch_joint,right_wrist_roll_joint,left_thumb_metacarpal_joint,left_thumb_proximal_joint,left_index_proximal_joint,left_index_distal_joint,left_middle_proximal_joint,left_middle_distal_joint,left_ring_proximal_joint,left_ring_distal_joint,left_pinky_proximal_joint,left_pinky_distal_joint,right_thumb_metacarpal_joint,right_thumb_proximal_joint,right_index_proximal_joint,right_index_distal_joint,right_middle_proximal_joint,right_middle_distal_joint,right_ring_proximal_joint,right_ring_distal_joint,right_pinky_proximal_joint,right_pinky_distal_joint,head_yaw_joint,head_pitch_joint,waist_yaw_joint
0.0,-0.000059,0.887291,-0.000066,0.0,0.0,0.0,-0.005897,88.729103,157.072966,0.0,0.0,-0.071917,-0.024293,0.000366,0.139644,-0.032778,0.024232,-0.089693,0.025392,0.00763,0.174176,-0.030886,-0.023988,-0.116586,0.174482,-0.0,-0.072772,-0.0,0.0,0.0,-0.146131,-0.174482,-0.0,-0.033572,-0.0,0.0,0.0,0.0,0.0,-0.0,0.0,-0.0,0.0,-0.0,0.0,-0.0,0.001953,-0.004639,0.0,0.000182,0.0,0.000061,-0.0,-0.000061,0.0,-0.000182,0.0,-0.0,0.0,0.013367,
0.0,-0.000021,0.887231,-0.000066,0.0,1.570796,0.0,0.003775,-0.005974,0.0,0.0,157.079596,-0.071917,-0.024293,0.000366,0.139644,-0.032778,0.024232,-0.090757,0.025392,0.007611,0.176326,-0.031985,-0.023988,-0.116411,0.174482,0.0,-0.072772,0.0,-0.0,0.0,-0.145194,-0.174482,0.0,-0.033297,0.0,0.0,0.0,-0.0,-0.0,0.0,-0.0,-0.0,0.0,0.0,0.0,-0.0,0.001953,-0.004639,0.0,0.000182,0.0,0.000061,0.0,-0.000061,0.0,-0.000182,0.0,0.0,0.0,0.013257,
0.0,0.000017,0.887172,-0.000066,0.0,1.570796,0.0,0.003775,-0.005981,0.0,0.0,0.0,-0.071917,-0.024293,0.000366,0.139644,-0.032778,0.024232,-0.09182,0.025392,0.007593,0.178477,-0.033084,-0.023988,-0.116237,0.174482,0.0,-0.072772,-0.0,0.0,0.0,-0.144258,-0.174482,0.0,-0.033023,0.0,0.0,0.0,0.0,0.0,-0.0,0.0,0.0,0.0,-0.0,0.0,-0.0,0.001953,-0.004639,0.0,0.000182,0.0,0.000061,0.0,-0.000061,0.0,-0.000182,0.0,0.0,0.0,0.013147,
0.0,0.000054,0.887112,-0.000066,0.0,1.570796,0.0,0.003775,-0.005974,0.0,0.0,0.0,-0.071917,-0.024293,0.000366,0.139644,-0.032778,0.024232,-0.092883,0.025392,0.007575,0.180628,-0.034182,-0.023988,-0.116063,0.174482,0.0,-0.072772,-0.0,-0.0,-0.0,-0.143322,-0.174482,0.0,-0.032748,0.0,0.0,0.0,0.0,-0.0,0.0,0.0,-0.0,0.0,0.0,0.0,-0.0,0.001953,-0.004639,0.0,0.000182,-0.0,0.000061,0.0,-0.000061,0.0,-0.000182,0.0,0.0,0.0,0.013038,
0.0,0.000114,0.887062,-0.000066,0.0,1.570796,0.0,0.005935,-0.004966,0.0,0.0,0.0,-0.071832,-0.024293,0.000366,0.139644,-0.032998,0.024232,-0.093408,0.025392,0.007556,0.181787,-0.034891,-0.023988,-0.115889,0.174482,-0.0,-0.072723,0.0,0.0,0.0,-0.142361,-0.174482,0.0,-0.032498,0.0,0.0,0.0,-0.0,0.0,-0.0,0.0,0.0,0.0,0.0,0.0,0.0,0.001953,-0.004639,-0.0,0.000182,0.0,0.000061,-0.0,-0.000061,-0.0,-0.000182,0.0,0.0,0.0,0.012928,
0.0,0.000184,0.887018,-0.000066,0.0,1.570796,-0.0,0.007015,-0.004455,0.0,0.0,0.0,-0.071703,-0.024293,0.000366,0.139644,-0.033328,0.024232,-0.093665,0.025392,0.007538,0.182448,-0.035403,-0.023988,-0.115714,0.174482,0.0,-0.07265,0.0,0.0,0.0,-0.141388,-0.174482,0.0,-0.032259,0.0,0.0,0.0,0.0,0.0,0.0,0.0,0.0,0.0,0.0,0.0,0.0,0.001953,-0.004639,0.0,0.000182,0.0,0.000061,0.0,-0.000061,0.0,-0.000182,0.0,0.0,0.0,0.012818,
0.0,0.000254,0.886973,-0.000066,0.0,1.570796,0.0,0.007015,-0.004455,0.0,0.0,0.0,-0.071575,-0.024293,0.000366,0.139644,-0.033657,0.024232,-0.093922,0.025392,0.00752,0.18311,-0.035916,-0.023988,-0.11554,0.174482,0.0,-0.072577,0.0,0.0,0.0,-0.140415,-0.174482,0.0,-0.032021,0.0,0.0,0.0,0.0,0.0,-0.0,0.0,-0.0,0.0,-0.0,0.0,-0.0,0.001953,-0.004639,0.0,0.000182,0.0,0.000061,0.0,-0.000061,0.0,-0.000182,0.0,-0.0,0.0,0.012708,
0.0,0.00034,0.886936,-0.000066,0.0,1.570796,0.0,0.008608,-0.003707,0.0,0.0,0.0,-0.071447,-0.024293,0.000366,0.139644,-0.033987,0.024232,-0.094148,0.025392,0.007501,0.183742,-0.036417,-0.023988,-0.115369,0.174482,-0.0,-0.072528,-0.0,0.0,0.0,-0.139418,-0.174482,0.0,-0.031808,-0.0,-0.0,-0.0,0.0,0.0,0.0,0.0,0.0,0.0,0.0,0.0,0.0,0.001953,-0.004639,0.0,0.000182,0.0,0.000061,0.0,-0.000061,0.0,-0.000182,0.0,0.0,0.0,0.012635,
0.0,0.000458,0.886914,-0.000066,0.0,1.570796,0.0,0.011794,-0.002196,0.0,0.0,0.0,-0.071319,-0.024293,0.000366,0.139644,-0.034317,0.024232,-0.094313,0.025392,0.007483,0.184312,-0.036893,-0.023988,-0.115204,0.174482,-0.0,-0.072528,0.0,0.0,0.0,-0.138371,-0.174482,0.0,-0.031643,0.0,0.0,0.0,0.0,0.0,0.0,-0.0,0.0,-0.0,0.0,0.0,0.0,0.001953,-0.004639,0.0,0.000182,0.0,0.000061,0.0,-0.000061,0.0,-0.000182,0.0,-0.0,0.0,0.012635,
0.0,0.000576,0.886892,-0.000066,0.0,1.570796,0.0,0.011794,-0.002189,0.0,0.0,0.0,-0.07119,-0.024293,0.000366,0.139644,-0.034646,0.024232,-0.094478,0.025392,0.007465,0.184882,-0.037369,-0.023988,-0.115039,0.174482,-0.0,-0.072528,0.0,0.0,0.0,-0.137325,-0.174482,0.0,-0.031478,0.0,0.0,0.0,-0.0,0.0,-0.0,0.0,-0.0,0.0,0.0,0.0,0.0,0.001953,-0.004639,0.0,0.000182,0.0,0.000061,0.0,-0.000061,0.0,-0.000182,0.0,0.0,0.0,0.012635,
0.0,0.000694,0.88687,-0.000066,0.0,1.570796,0.0,0.011794,-0.002196,0.0,0.0,0.0,-0.071062,-0.024293,0.000366,0.139644,-0.034976,0.024232,-0.094643,0.025392,0.007447,0.185452,-0.037845,-0.023988,-0.114874,0.174482,-0.0,-0.072528,0.0,-0.0,-0.0,-0.136279,-0.174482,0.0,-0.031313,0.0,0.0,0.0,-0.0,-0.0,-0.0,-0.0,-0.0,0.0,0.0,0.0,-0.0,0.001953,-0.004639,0.0,0.000182,0.0,0.000061,-0.0,-0.000061,0.0,-0.000182,0.0,0.0,0.0,0.012635,
0.0,0.000812,0.886848,-0.000066,0.0,1.570796,0.0,0.011794,-0.002196,0.0,0.0,0.0,-0.070934,-0.024293,0.000366,0.139644,-0.035251,0.024232,-0.095358,0.025392,0.007428,0.187126,-0.038779,-0.023988,-0.114874,0.174482,0.0,-0.072528,0.0,0.0,0.0,-0.135435,-0.174482,0.0,-0.031313,0.0,0.0,0.0,-0.0,0.0,0.0,0.0,0.0,0.0,0.0,0.0,0.0,0.001953,-0.004639,-0.0,0.000182,0.0,0.000061,0.0,-0.000061,0.0,-0.000182,0.0,0.0,0.0,0.012635,
0.0,0.00093,0.886826,-0.000066,0.0,1.570796,0.0,0.011794,-0.002189,0.0,0.0,0.0,-0.070806,-0.024293,0.000366,0.139644,-0.035525,0.024232,-0.096073,0.025392,0.00741,0.188799,-0.039713,-0.023988,-0.114874,0.174482,0.0,-0.072528,0.0,0.0,0.0,-0.134591,-0.174482,0.0,-0.031313,0.0,0.0,0.0,-0.0,0.0,0.0,0.0,0.0,0.0,0.0,0.0,0.0,0.001953,-0.004639,0.0,0.000182,0.0,0.000061,0.0,-0.000061,0.0,-0.000182,0.0,0.0,0.0,0.012635,
0.0,0.001048,0.886804,-0.000066,0.0,1.570796,0.0,0.011794,-0.002196,0.0,0.0,0.0,-0.070677,-0.024293,0.000366,0.139644,-0.0358,0.024232,-0.096788,0.025392,0.007392,0.190473,-0.040647,-0.023988,-0.114874,0.174482,0.0,-0.072528,0.0,0.0,0.0,-0.133746,-0.174482,0.0,-0.031313,0.0,0.0,0.0,0.0,0.0,0.0,0.0,0.0,-0.0,-0.0,0.0,-0.0,0.001953,-0.004639,0.0,0.000182,0.0,0.000061,0.0,-0.000061,0.0,-0.000182,0.0,0.0,0.0,0.012635,
-0.0,0.001183,0.886784,-0.000066,0.0,1.570796,-0.0,0.013489,-0.002044,0.0,0.0,0.0,-0.070525,-0.024293,0.000366,0.139644,-0.036075,0.024232,-0.097344,0.025392,0.007337,0.191853,-0.041459,-0.023988,-0.114764,0.174482,-0.0,-0.072479,0.0,0.0,0.0,-0.133037,-0.174482,0.0,-0.031313,0.0,0.0,0.0,0.0,0.0,-0.0,0.0,0.0,0.0,0.0,0.0,0.0,0.001953,-0.004639,0.0,0.000182,0.0,0.000061,0.0,-0.000061,0.0,-0.000182,0.0,0.0,0.0,0.012635,
0.0,0.001326,0.886764,-0.000066,0.0,1.570796,0.0,0.014336,-0.001967,0.0,0.0,0.0,-0.07036,-0.024293,0.000366,0.139644,-0.03635,0.024232,-0.09782,0.025392,0.007263,0.193085,-0.04221,-0.023988,-0.114599,0.174482,0.0,-0.072406,0.0,0.0,-0.0,-0.132394,-0.174482,-0.0,-0.031313,0.0,0.0,0.0,-0.0,0.0,0.0,0.0,0.0,0.0,-0.0,-0.0,0.0,0.001953,-0.004639,0.0,0.000182,0.0,0.000061,0.0,-0.000061,0.0,-0.000182,0.0,0.0,0.0,0.012635,
0.0,0.001469,0.886745,-0.000066,0.0,1.570796,0.0,0.014336,-0.00196,0.0,0.0,0.0,-0.070195,-0.024293,0.000366,0.139644,-0.036624,0.024232,-0.098297,0.025392,0.00719,0.194318,-0.042961,-0.023988,-0.114434,0.174482,-0.0,-0.072332,0.0,0.0,0.0,-0.131752,-0.174482,0.0,-0.031313,0.0,0.0,0.0,-0.0,0.0,-0.0,0.0,-0.0,0.0,-0.0,0.0,0.0,0.001953,-0.004639,0.0,0.000182,0.0,0.000061,0.0,-0.000061,0.0,-0.000182,0.0,0.0,0.0,0.012635,
0.0,0.001626,0.886726,-0.000066,0.0,1.570796,0.0,0.015637,-0.001899,0.0,0.0,0.0,-0.070018,-0.024293,0.000366,0.139644,-0.036899,0.024232,-0.09867,0.025392,0.007141,0.195385,-0.043645,-0.023988,-0.11425,0.174482,0.0,-0.072241,0.0,0.0,0.0,-0.131159,-0.174482,0.0,-0.031313,-0.0,0.0,0.0,-0.0,0.0,-0.0,0.0,0.0,0.0,-0.0,0.0,0.0,0.001953,-0.004639,0.0,0.000182,0.0,0.000061,0.0,-0.000061,0.0,-0.000182,0.0,0.0,0.0,0.012635,
0.0,0.001808,0.886708,-0.000066,0.0,1.570796,0.0,0.018239,-0.001761,0.0,0.0,0.0,-0.069816,-0.024293,0.000366,0.139644,-0.037174,0.024232,-0.098835,0.025392,0.007141,0.196121,-0.044194,-0.023988,-0.11403,0.174482,-0.0,-0.072113,0.0,0.0,0.0,-0.130663,-0.174482,0.0,-0.031313,0.0,0.0,0.0,0.0,0.0,0.0,0.0,0.0,0.0,0.0,0.0,0.0,0.001953,-0.004639,0.0,0.000182,0.0,0.000061,0.0,-0.000061,0.0,-0.000182,0.0,0.0,0.0,0.012635,
-0.0,0.00199,0.886691,-0.000066,0.0,1.570796,-0.0,0.018239,-0.001754,0.0,0.0,0.0,-0.069615,-0.024293,0.000366,0.139644,-0.037448,0.024232,-0.099,0.025392,0.007141,0.196857,-0.044744,-0.023988,-0.11381,0.174482,0.0,-0.071984,0.0,0.0,0.0,-0.130168,-0.174482,0.0,-0.031313,0.0,0.0,0.0,0.0,0.0,-0.0,0.0,-0.0,0.0,-0.0,0.0,0.0,0.001953,-0.004639,0.0,0.000182,0.0,0.000061,0.0,-0.000061,0.0,-0.000182,0.0,0.0,0.0,0.012635,
0.0,0.002173,0.886673,-0.000066,0.0,1.570796,0.0,0.018239,-0.001761,0.0,0.0,0.0,-0.069413,-0.024293,0.000366,0.139644,-0.037723,0.024232,-0.099165,0.025392,0.007141,0.197593,-0.045293,-0.023988,-0.11359,0.174482,0.0,-0.071856,0.0,0.0,0.0,-0.129672,-0.174482,0.0,-0.031313,0.0,0.0,0.0,0.0,0.0,0.0,0.0,0.0,0.0,0.0,0.0,-0.0,0.001953,-0.004639,0.0,0.000182,-0.0,0.000061,-0.0,-0.000061,0.0,-0.000182,0.0,0.0,0.0,0.012635,
0.0,0.002362,0.886682,-0.000066,0.0,1.570796,0.0,0.018948,0.000886,0.0,0.0,0.0,-0.069193,-0.024293,0.000366,0.139644,-0.037815,0.024232,-0.098871,0.025392,0.007141,0.197427,-0.045348,-0.023988,-0.113296,0.174482,0.0,-0.071709,0.0,0.0,0.0,-0.129397,-0.174482,0.0,-0.031203,0.0,0.0,0.0,0.0,0.0,0.0,0.0,0.0,0.0,-0.0,0.0,0.0,0.001953,-0.004639,0.0,0.000182,0.0,0.000061,0.0,-0.000061,0.0,-0.000182,0.0,0.0,0.0,0.012635,
0.0,0.002552,0.886691,-0.000066,0.0,1.570796,0.0,0.018948,0.000879,0.0,0.0,0.0,-0.068973,-0.024293,0.000366,0.139644,-0.037906,0.024232,-0.098578,0.025392,0.007141,0.197262,-0.045403,-0.023988,-0.113003,0.174482,0.0,-0.071563,0.0,0.0,0.0,-0.129122,-0.174482,0.0,-0.031094,-0.0,0.0,0.0,-0.0,0.0,-0.0,-0.0,-0.0,0.0,-0.0,0.0,0.0,0.001953,-0.004639,0.0,0.000182,0.0,0.000061,0.0,-0.000061,0.0,-0.000182,0.0,0.0,0.0,0.012635,
0.0,0.002741,0.886699,-0.000066,0.0,1.570796,0.0,0.018948,0.000886,0.0,0.0,0.0,-0.068753,-0.024293,0.000366,0.139644,-0.037998,0.024232,-0.098285,0.025392,0.007141,0.197096,-0.045458,-0.023988,-0.11271,0.174482,0.0,-0.071416,0.0,0.0,0.0,-0.128847,-0.174482,0.0,-0.030984,0.0,0.0,0.0,0.0,0.0,0.0,0.0,0.0,0.0,0.0,0.0,-0.0,0.001953,-0.004639,0.0,0.000182,0.0,0.000061,0.0,-0.000061,0.0,-0.000182,0.0,0.0,0.0,0.012635,
0.0,0.002925,0.886717,-0.000066,0.0,1.570796,0.0,0.018358,0.001733,0.0,0.0,0.0,-0.068546,-0.024293,0.000366,0.139644,-0.037961,0.024232,-0.09826,0.025392,0.007141,0.197458,-0.045611,-0.023988,-0.112453,0.174482,0.0,-0.071294,0.0,0.0,0.0,-0.128682,-0.174482,0.0,-0.030892,0.0,0.0,0.0,0.0,0.0,-0.0,0.0,0.0,0.0,-0.0,0.0,-0.0,0.001953,-0.004639,0.0,0.000182,-0.0,0.000061,0.0,-0.000061,0.0,-0.000182,0.0,0.0,0.0,0.012696,
0.0,0.003105,0.886738,-0.000066,0.0,1.570796,0.0,0.018064,0.00216,0.0,0.0,0.0,-0.068344,-0.024293,0.000366,0.139644,-0.03786,0.024232,-0.09837,0.025392,0.007141,0.198084,-0.045812,-0.023988,-0.112214,0.174482,0.0,-0.071184,0.0,0.0,0.0,-0.128571,-0.174482,0.0,-0.03081,-0.0,0.0,0.0,0.0,0.0,-0.0,0.0,0.0,0.0,0.0,0.0,0.0,0.001953,-0.004639,0.0,0.000182,0.0,0.000061,0.0,-0.000061,0.0,-0.000182,0.0,0.0,0.0,0.012787,
0.0,0.003286,0.88676,-0.000066,0.0,1.570796,0.0,0.018063,0.002153,0.0,0.0,0.0,-0.068143,-0.024293,0.000366,0.139644,-0.03776,0.024232,-0.09848,0.025392,0.007141,0.198709,-0.046014,-0.023988,-0.111976,0.174482,0.0,-0.071074,0.0,0.0,0.0,-0.128461,-0.174482,0.0,-0.030727,0.0,0.0,0.0,0.0,0.0,0.0,0.0,0.0,0.0,0.0,0.0,0.0,0.001953,-0.004639,0.0,0.000182,0.0,0.000061,0.0,-0.000061,0.0,-0.000182,0.0,0.0,0.0,0.012879,
0.0,0.003464,0.886782,-0.000066,0.0,1.570796,0.0,0.017786,0.002176,0.0,0.0,0.0,-0.067941,-0.024293,0.000366,0.139644,-0.037659,0.024232,-0.098603,0.025392,0.007141,0.199353,-0.046215,-0.023988,-0.111762,0.174482,0.0,-0.071001,0.0,0.0,0.0,-0.128388,-0.174482,-0.0,-0.030645,0.0,0.0,0.0,0.0,0.0,-0.0,0.0,-0.0,0.0,-0.0,0.0,-0.0,0.001953,-0.004639,0.0,0.000182,0.0,0.000061,0.0,-0.000061,0.0,-0.000182,0.0,0.0,0.0,0.013001,
0.0,0.003636,0.886804,-0.000066,0.0,1.570796,0.0,0.017231,0.002198,0.0,0.0,0.0,-0.06774,-0.024293,0.000366,0.139644,-0.037558,0.024232,-0.098749,0.025392,0.007141,0.200034,-0.046417,-0.023988,-0.111597,0.174482,0.0,-0.071001,0.0,0.0,0.0,-0.128388,-0.174482,0.0,-0.030562,-0.0,0.0,0.0,-0.0,0.0,-0.0,0.0,-0.0,0.0,-0.0,0.0,-0.0,0.001953,-0.004639,0.0,0.000182,0.0,0.000061,0.0,-0.000061,0.0,-0.000182,0.0,0.0,0.0,0.013184,
0.0,0.003809,0.886826,-0.000066,0.0,1.570796,0.0,0.017232,0.002198,0.0,0.0,0.0,-0.067538,-0.024293,0.000366,0.139644,-0.037458,0.024232,-0.098896,0.025392,0.007141,0.200715,-0.046618,-0.023988,-0.111432,0.174482,0.0,-0.071001,-0.0,0.0,0.0,-0.128388,-0.174482,0.0,-0.03048,0.0,0.0,0.0,0.0,0.0,0.0,0.0,0.0,0.0,0.0,0.0,0.0,0.001953,-0.004639,0.0,0.000182,0.0,0.000061,0.0,-0.000061,0.0,-0.000182,0.0,-0.0,0.0,0.013367,
0.0,0.003981,0.886848,-0.000066,0.0,1.570796,0.0,0.017232,0.002198,0.0,0.0,0.0,-0.067337,-0.024293,0.000366,0.139644,-0.037357,0.024232,-0.099043,0.025392,0.007141,0.201396,-0.04682,-0.023988,-0.111267,0.174482,0.0,-0.071001,0.0,0.0,0.0,-0.128388,-0.174482,-0.0,-0.030398,0.0,0.0,0.0,-0.0,0.0,0.0,0.0,-0.0,0.0,-0.0,0.0,0.0,0.001953,-0.004639,0.0,0.000182,-0.0,0.000061,0.0,-0.000061,0.0,-0.000182,0.0,0.0,0.0,0.01355,
0.0,0.00418,0.886845,-0.000066,0.0,1.570796,0.0,0.019945,-0.000266,0.0,0.0,0.0,-0.067098,-0.024293,0.000366,0.139644,-0.037357,0.024232,-0.099538,0.025392,0.007141,0.202795,-0.047424,-0.023988,-0.11112,0.174482,0.0,-0.070891,0.0,0.0,0.0,-0.128388,-0.174482,0.0,-0.030251,0.0,0.0,0.0,0.0,0.0,0.0,0.0,0.0,0.0,0.0,0.0,0.0,0.001953,-0.004639,0.0,0.000182,0.0,0.000061,0.0,-0.000061,-0.0,-0.000182,0.0,-0.0,0.0,0.013642,
-0.0,0.00438,0.886842,-0.000066,0.0,1.570796,-0.0,0.019945,-0.000273,0.0,0.0,0.0,-0.06686,-0.024293,0.000366,0.139644,-0.037357,0.024232,-0.100033,0.025392,0.007141,0.204194,-0.048029,-0.023988,-0.110973,0.174482,0.0,-0.070781,0.0,0.0,0.0,-0.128388,-0.174482,0.0,-0.030105,0.0,0.0,0.0,0.0,0.0,0.0,0.0,0.0,0.0,-0.0,0.0,-0.0,0.001953,-0.004639,0.0,0.000182,0.0,0.000061,0.0,-0.000061,0.0,-0.000182,0.0,0.0,0.0,0.013733,
0.0,0.004579,0.88684,-0.000066,0.0,1.570796,0.0,0.019946,-0.000266,0.0,0.0,0.0,-0.066622,-0.024293,0.000366,0.139644,-0.037357,0.024232,-0.100528,0.025392,0.007141,0.205593,-0.048633,-0.023988,-0.110827,0.174482,0.0,-0.070671,0.0,0.0,0.0,-0.128388,-0.174482,0.0,-0.029958,-0.0,0.0,0.0,0.0,0.0,-0.0,-0.0,0.0,-0.0,0.0,0.0,0.0,0.001953,-0.004639,0.0,0.000182,0.0,0.000061,0.0,-0.000061,0.0,-0.000182,0.0,0.0,0.0,0.013825,
0.0,0.004814,0.886823,-0.000066,0.0,1.570796,-0.0,0.023494,-0.001654,0.0,0.0,0.0,-0.066347,-0.024293,0.000366,0.139644,-0.037479,0.024232,-0.100986,0.025392,0.00708,0.207004,-0.049421,-0.023988,-0.110741,0.174482,0.0,-0.070635,0.0,-0.0,0.0,-0.128229,-0.174482,0.0,-0.02986,-0.0,0.0,0.0,-0.0,-0.0,-0.0,-0.0,-0.0,0.0,-0.0,0.0,-0.0,0.001953,-0.004639,0.0,0.000182,0.0,0.000061,-0.0,-0.000061,0.0,-0.000182,0.0,0.0,0.0,0.013856,
0.0,0.005067,0.8868,-0.000066,0.0,1.570796,0.0,0.025269,-0.002341,0.0,0.0,0.0,-0.066054,-0.024293,0.000366,0.139644,-0.037662,0.024232,-0.101426,0.025392,0.006989,0.208422,-0.0503,-0.023988,-0.110686,0.174482,-0.0,-0.070635,0.0,0.0,0.0,-0.12799,-0.174482,0.0,-0.029787,0.0,0.0,0.0,-0.0,0.0,0.0,0.0,-0.0,0.0,0.0,-0.0,-0.0,0.001953,-0.004639,0.0,0.000182,0.0,0.000061,0.0,-0.000061,0.0,-0.000182,0.0,0.0,0.0,0.013856,
0.0,0.00532,0.886776,-0.000066,0.0,1.570796,0.0,0.025269,-0.002333,0.0,0.0,0.0,-0.065761,-0.024293,0.000366,0.139644,-0.037845,0.024232,-0.101866,0.025392,0.006897,0.209839,-0.051179,-0.023988,-0.110631,0.174482,0.0,-0.070635,0.0,0.0,0.0,-0.127752,-0.174482,0.0,-0.029714,-0.0,-0.0,0.0,-0.0,0.0,-0.0,0.0,0.0,-0.0,0.0,-0.0,0.0,0.001953,-0.004639,0.0,0.000182,0.0,0.000061,0.0,-0.000061,-0.0,-0.000182,0.0,0.0,0.0,0.013856,
0.0,0.005591,0.886745,-0.000066,0.0,1.570796,0.0,0.027178,-0.003096,0.0,0.0,0.0,-0.065449,-0.024293,0.000366,0.139644,-0.038071,0.024232,-0.102447,0.025392,0.006836,0.21157,-0.052278,-0.023988,-0.110619,0.174482,-0.0,-0.070635,0.0,0.0,0.0,-0.127477,-0.174482,0.0,-0.029665,0.0,0.0,0.0,0.0,0.0,-0.0,0.0,-0.0,0.0,-0.0,0.0,0.0,0.001953,-0.004639,0.0,0.000182,-0.0,0.000061,0.0,-0.000061,-0.0,-0.000182,0.0,-0.0,0.0,0.01391,
0.0,0.005901,0.886699,-0.000066,0.0,1.570796,0.0,0.030997,-0.004606,0.0,0.0,0.0,-0.065101,-0.024293,0.000366,0.139644,-0.038382,0.024232,-0.103308,0.025392,0.006836,0.213928,-0.053817,-0.023988,-0.110692,0.174482,0.0,-0.070635,0.0,0.0,0.0,-0.127128,-0.174482,0.0,-0.029665,0.0,0.0,0.0,-0.0,0.0,0.0,0.0,-0.0,0.0,0.0,0.0,0.0,0.001953,-0.004639,0.0,0.000182,0.0,0.000061,0.0,-0.000061,0.0,-0.000182,0.0,-0.0,0.0,0.014075,
0.0,0.006211,0.886653,-0.000066,0.0,1.570796,0.0,0.030997,-0.004598,0.0,0.0,0.0,-0.064753,-0.024293,0.000366,0.139644,-0.038694,0.024232,-0.10417,0.025392,0.006836,0.216285,-0.055355,-0.023988,-0.110766,0.174482,0.0,-0.070635,0.0,0.0,0.0,-0.126779,-0.174482,0.0,-0.029665,0.0,0.0,0.0,-0.0,0.0,0.0,0.0,-0.0,0.0,-0.0,0.0,0.0,0.001953,-0.004639,0.0,0.000182,0.0,0.000061,0.0,-0.000061,0.0,-0.000182,0.0,-0.0,0.0,0.01424,
0.0,0.006521,0.886607,-0.000066,0.0,1.570796,0.0,0.030997,-0.004606,0.0,0.0,0.0,-0.064405,-0.024293,0.000366,0.139644,-0.039005,0.024232,-0.105032,0.025392,0.006836,0.218643,-0.056894,-0.023988,-0.110839,0.174482,0.0,-0.070635,-0.0,0.0,0.0,-0.126431,-0.174482,0.0,-0.029665,-0.0,-0.0,-0.0,0.0,0.0,-0.0,0.0,-0.0,0.0,0.0,0.0,-0.0,0.001953,-0.004639,0.0,0.000182,0.0,0.000061,0.0,-0.000061,0.0,-0.000182,0.0,0.0,0.0,0.014405,
0.0,0.006699,0.88652,-0.000066,0.0,1.570796,0.0,0.01777,-0.00875,0.0,0.0,0.0,-0.064204,-0.024293,0.000458,0.139644,-0.039426,0.024232,-0.106829,0.025447,0.006726,0.222549,-0.059056,-0.023988,-0.111279,0.174482,0.0,-0.070891,-0.0,0.0,0.0,-0.126431,-0.174482,0.0,-0.029665,-0.0,0.0,0.0,0.0,0.0,-0.0,0.0,0.0,0.0,0.0,0.0,0.0,0.001953,-0.004639,0.0,0.000182,0.0,0.000061,0.0,-0.000061,0.0,-0.000182,0.0,0.0,0.0,0.01468,
0.0,0.006877,0.886432,-0.000066,0.0,1.570796,0.0,0.01777,-0.008742,0.0,0.0,0.0,-0.064002,-0.024293,0.000549,0.139644,-0.039848,0.024232,-0.108626,0.025502,0.006616,0.226456,-0.061218,-0.023988,-0.111719,0.174482,0.0,-0.071148,0.0,0.0,0.0,-0.126431,-0.174482,0.0,-0.029665,0.0,0.0,0.0,0.0,0.0,0.0,0.0,0.0,0.0,0.0,0.0,0.0,0.001953,-0.004639,0.0,0.000182,0.0,0.000061,0.0,-0.000061,0.0,-0.000182,0.0,0.0,0.0,0.014954,
0.0,0.007054,0.886345,-0.000066,0.0,1.570796,0.0,0.01777,-0.00875,0.0,0.0,0.0,-0.063801,-0.024293,0.000641,0.139644,-0.040269,0.024232,-0.110423,0.025557,0.006507,0.230363,-0.063379,-0.023988,-0.112159,0.174482,0.0,-0.071404,0.0,0.0,0.0,-0.126431,-0.174482,0.0,-0.029665,0.0,0.0,0.0,0.0,0.0,-0.0,0.0,-0.0,0.0,-0.0,0.0,-0.0,0.001953,-0.004639,0.0,0.000182,0.0,0.000061,0.0,-0.000061,0.0,-0.000182,0.0,0.0,0.0,0.015229,
0.0,0.00718,0.886239,-0.000066,0.0,1.570796,0.0,0.012609,-0.010589,0.0,0.0,0.0,-0.063868,-0.024293,0.000708,0.140048,-0.041117,0.024232,-0.112306,0.025575,0.006397,0.234308,-0.065468,-0.023988,-0.112722,0.174482,0.0,-0.071685,0.0,0.0,0.0,-0.126553,-0.174482,-0.0,-0.029555,0.0,0.0,0.0,0.0,0.0,0.0,0.0,-0.0,0.0,-0.0,0.0,0.0,0.001953,-0.004639,-0.0,0.000182,0.0,0.000061,0.0,-0.000061,0.0,-0.000182,0.0,0.0,0.0,0.015406,
0.0,0.007281,0.886124,-0.000066,0.0,1.570796,0.0,0.010029,-0.011504,0.0,0.0,0.0,-0.064069,-0.024293,0.000763,0.140654,-0.04218,0.024232,-0.114232,0.025575,0.006287,0.238273,-0.06752,-0.023988,-0.113345,0.174482,-0.0,-0.071978,0.0,0.0,0.0,-0.126737,-0.174482,0.0,-0.02939,-0.0,-0.0,-0.0,-0.0,0.0,0.0,0.0,0.0,0.0,-0.0,0.0,-0.0,0.001953,-0.004639,0.0,0.000182,0.0,0.000061,0.0,-0.000061,0.0,-0.000182,0.0,0.0,0.0,0.015534,
0.0,0.007381,0.886009,-0.000066,0.0,1.570796,-0.0,0.010029,-0.011512,0.0,0.0,0.0,-0.064271,-0.024293,0.000818,0.141259,-0.043242,0.024232,-0.116158,0.025575,0.006177,0.242238,-0.069572,-0.023988,-0.113969,0.174482,-0.0,-0.072271,0.0,0.0,0.0,-0.12692,-0.174482,-0.0,-0.029226,0.0,0.0,0.0,0.0,0.0,-0.0,0.0,0.0,0.0,-0.0,0.0,0.0,0.001953,-0.004639,0.0,0.000182,0.0,0.000061,0.0,-0.000061,0.0,-0.000182,0.0,-0.0,0.0,0.015662,
0.0,0.007474,0.885885,-0.000066,0.0,1.570796,0.0,0.009257,-0.012374,0.0,0.0,0.0,-0.064546,-0.024293,0.000873,0.141994,-0.044481,0.024232,-0.118059,0.025575,0.006076,0.246137,-0.071538,-0.023988,-0.114635,0.174482,0.0,-0.072577,-0.0,0.0,0.0,-0.127116,-0.174482,0.0,-0.029049,0.0,0.0,0.0,0.0,0.0,-0.0,0.0,-0.0,0.0,0.0,0.0,-0.0,0.001953,-0.004639,0.0,0.000182,0.0,0.000061,0.0,-0.000061,0.0,-0.000182,0.0,0.0,0.0,0.015681,
0.0,0.007551,0.885744,-0.000066,0.0,1.570796,0.0,0.007712,-0.014114,0.0,0.0,0.0,-0.064967,-0.024293,0.000928,0.142985,-0.046075,0.024232,-0.119912,0.025575,0.005994,0.249902,-0.073334,-0.023988,-0.115387,0.174482,-0.0,-0.072907,-0.0,0.0,0.0,-0.127336,-0.174482,0.0,-0.028847,0.0,0.0,0.0,0.0,0.0,0.0,0.0,0.0,0.0,0.0,0.0,0.0,0.001953,-0.004639,0.0,0.000182,0.0,0.000061,0.0,-0.000061,0.0,-0.000182,0.0,-0.0,0.0,0.015479,
0.0,0.007628,0.885603,-0.000066,0.0,1.570796,0.0,0.007712,-0.014106,0.0,0.0,0.0,-0.065388,-0.024293,0.000983,0.143976,-0.047668,0.024232,-0.121765,0.025575,0.005911,0.253667,-0.07513,-0.023988,-0.116139,0.174482,0.0,-0.073236,0.0,0.0,0.0,-0.127556,-0.174482,0.0,-0.028646,0.0,0.0,0.0,0.0,0.0,-0.0,0.0,-0.0,0.0,-0.0,0.0,-0.0,0.001953,-0.004639,0.0,0.000182,0.0,0.000061,0.0,-0.000061,0.0,-0.000182,0.0,0.0,0.0,0.015278,
0.0,0.007705,0.885462,-0.000066,0.0,1.570796,0.0,0.007712,-0.014106,0.0,0.0,0.0,-0.06581,-0.024293,0.001038,0.144968,-0.049262,0.024232,-0.123618,0.025575,0.005829,0.257432,-0.076926,-0.023988,-0.116891,0.174482,0.0,-0.073566,-0.0,0.0,0.0,-0.127776,-0.174482,0.0,-0.028444,0.0,0.0,0.0,0.0,0.0,0.0,0.0,0.0,0.0,0.0,0.0,-0.0,0.001953,-0.004639,0.0,0.000182,0.0,0.000061,0.0,-0.000061,0.0,-0.000182,0.0,-0.0,0.0,0.015076,
0.0,0.008102,0.885277,-0.000066,0.0,1.570796,0.0,0.039696,-0.018453,0.0,0.0,0.0,-0.066433,-0.024293,0.001178,0.147043,-0.052174,0.024232,-0.125342,0.025575,0.005747,0.261681,-0.079308,-0.024061,-0.117222,0.174482,0.0,-0.073566,0.0,0.0,0.0,-0.126969,-0.174482,0.0,-0.027931,0.0,0.0,0.0,-0.0,0.0,0.0,0.0,-0.0,0.0,0.0,0.0,0.0,0.001953,-0.004639,-0.0,0.000182,0.0,0.000061,0.0,-0.000061,0.0,-0.000182,0.0,-0.0,0.0,0.01438,
0.0,0.008499,0.885093,-0.000066,0.0,1.570796,-0.0,0.039696,-0.018453,0.0,0.0,0.0,-0.067056,-0.024293,0.001318,0.149117,-0.055087,0.024232,-0.127067,0.025575,0.005664,0.265929,-0.08169,-0.024135,-0.117552,0.174482,0.0,-0.073566,0.0,0.0,0.0,-0.126162,-0.174482,0.0,-0.027419,0.0,0.0,0.0,-0.0,0.0,-0.0,0.0,0.0,0.0,0.0,0.0,0.0,0.001953,-0.004639,0.0,0.000182,0.0,0.000061,0.0,-0.000061,0.0,-0.000182,0.0,-0.0,0.0,0.013685,
0.0,0.008896,0.884908,-0.000066,0.0,1.570796,0.0,0.039696,-0.018461,0.0,0.0,0.0,-0.067679,-0.024293,0.001459,0.151192,-0.057999,0.024232,-0.128792,0.025575,0.005582,0.270178,-0.084073,-0.024208,-0.117882,0.174482,0.0,-0.073566,-0.0,-0.0,-0.0,-0.125354,-0.174482,0.0,-0.026906,-0.0,-0.0,-0.0,0.0,-0.0,-0.0,0.0,-0.0,0.0,-0.0,0.0,-0.0,0.001953,-0.004639,0.0,0.000182,0.0,0.000061,0.0,-0.000061,0.0,-0.000182,0.0,0.0,0.0,0.012989,
0.0,0.009463,0.884703,-0.000066,0.0,1.570796,0.0,0.056684,-0.020519,0.0,0.0,0.0,-0.069328,-0.024293,0.001599,0.155668,-0.061779,0.024232,-0.129599,0.025575,0.005499,0.273011,-0.086859,-0.024232,-0.11809,0.174482,-0.0,-0.073481,0.0,0.0,0.0,-0.124156,-0.174482,-0.0,-0.02643,-0.0,0.0,0.0,0.0,0.0,0.0,0.0,0.0,0.0,0.0,0.0,0.0,0.001953,-0.004639,0.0,0.000182,0.0,0.000061,0.0,-0.000061,0.0,-0.000182,0.0,0.0,0.0,0.012452,
0.0,0.010115,0.884487,-0.000066,0.0,1.570796,0.0,0.065179,-0.021556,0.0,0.0,0.0,-0.07149,-0.024293,0.00174,0.161345,-0.065993,0.024232,-0.129948,0.025575,0.005417,0.275137,-0.089846,-0.024232,-0.118237,0.174482,0.0,-0.073352,0.0,0.0,0.0,-0.122762,-0.174482,0.0,-0.025972,0.0,0.0,0.0,-0.0,0.0,0.0,0.0,-0.0,0.0,0.0,0.0,0.0,0.001953,-0.004639,0.0,0.000182,0.0,0.000061,0.0,-0.000061,0.0,-0.000182,-0.0,-0.0,0.0,0.011994,
0.0,0.010766,0.884272,-0.000066,0.0,1.570796,0.0,0.06518,-0.021564,0.0,0.0,0.0,-0.073652,-0.024293,0.00188,0.167022,-0.070207,0.024232,-0.130296,0.025575,0.005335,0.277263,-0.092834,-0.024232,-0.118383,0.174482,0.0,-0.073224,0.0,0.0,0.0,-0.121367,-0.174482,0.0,-0.025514,0.0,0.0,0.0,0.0,0.0,-0.0,0.0,-0.0,0.0,0.0,0.0,0.0,0.001953,-0.004639,-0.0,0.000182,0.0,0.000061,0.0,-0.000061,0.0,-0.000182,0.0,0.0,0.0,0.011536,
0.0,0.0115,0.884045,-0.000066,0.0,1.570796,0.0,0.073358,-0.022693,0.0,0.0,0.0,-0.075918,-0.024293,0.00202,0.173068,-0.074605,0.024232,-0.130498,0.025575,0.005252,0.279291,-0.096005,-0.024232,-0.118481,0.174482,0.0,-0.073139,0.0,0.0,0.0,-0.119857,-0.174482,0.0,-0.025151,0.0,0.0,0.0,0.0,0.0,-0.0,0.0,-0.0,0.0,-0.0,0.0,-0.0,0.001953,-0.004639,0.0,0.000182,0.0,0.000061,0.0,-0.000061,0.0,-0.000182,0.0,0.0,0.0,0.011298,
0.0,0.012397,0.883795,-0.000066,0.0,1.570796,0.0,0.089717,-0.024973,0.0,0.0,0.0,-0.078392,-0.024293,0.002161,0.179852,-0.079369,0.024232,-0.130406,0.025575,0.00517,0.281122,-0.099544,-0.024232,-0.118481,0.174482,0.0,-0.073139,-0.0,0.0,0.0,-0.118114,-0.174482,0.0,-0.024977,0.0,0.0,0.0,0.0,0.0,0.0,0.0,0.0,0.0,-0.0,0.0,0.0,0.001953,-0.004639,0.0,0.000182,0.0,0.000061,-0.0,-0.000061,0.0,-0.000182,0.0,0.0,0.0,0.011499,
0.0,0.013294,0.883545,-0.000066,0.0,1.570796,0.0,0.089716,-0.024965,0.0,0.0,0.0,-0.080866,-0.024293,0.002301,0.186637,-0.084134,0.024232,-0.130315,0.025575,0.005087,0.282953,-0.103083,-0.024232,-0.118481,0.174482,0.0,-0.073139,-0.0,0.0,0.0,-0.116372,-0.174482,0.0,-0.024803,-0.0,0.0,-0.0,0.0,0.0,-0.0,0.0,0.0,0.0,0.0,0.0,0.0,0.001953,-0.004639,0.0,0.000182,0.0,0.000061,0.0,-0.000061,-0.0,-0.000182,0.0,-0.0,0.0,0.011701,
0.0,0.014191,0.883296,-0.000066,0.0,1.570796,0.0,0.089717,-0.024973,0.0,0.0,0.0,-0.08334,-0.024293,0.002441,0.193422,-0.088899,0.024232,-0.130223,0.025575,0.005005,0.284783,-0.106621,-0.024232,-0.118481,0.174482,0.0,-0.073139,-0.0,0.0,0.0,-0.114629,-0.174482,0.0,-0.024629,0.0,0.0,0.0,0.0,0.0,-0.0,0.0,-0.0,0.0,-0.0,0.0,-0.0,0.001953,-0.004639,0.0,0.000182,0.0,0.000061,0.0,-0.000061,0.0,-0.000182,0.0,0.0,0.0,0.011902,
0.0,0.015199,0.882992,-0.000066,0.0,1.570796,0.0,0.100762,-0.030366,0.0,0.0,0.0,-0.086969,-0.024293,0.002643,0.202739,-0.094491,0.024232,-0.130406,0.025575,0.004886,0.287411,-0.110601,-0.024324,-0.118316,0.174482,-0.0,-0.073065,0.0,0.0,0.0,-0.113345,-0.174482,0.0,-0.024455,0.0,0.0,0.0,0.0,0.0,0.0,0.0,0.0,0.0,-0.0,0.0,0.0,0.001953,-0.004639,0.0,0.000182,0.0,0.000061,0.0,-0.000061,0.0,-0.000182,0.0,0.0,0.0,0.012122,
0.0,0.016207,0.882688,-0.000066,0.0,1.570796,0.0,0.100761,-0.030374,0.0,0.0,0.0,-0.090598,-0.024293,0.002844,0.212055,-0.100082,0.024232,-0.13059,0.025575,0.004767,0.290039,-0.114581,-0.024415,-0.118151,0.174482,0.0,-0.072992,-0.0,0.0,0.0,-0.112062,-0.174482,0.0,-0.024281,0.0,0.0,0.0,0.0,0.0,0.0,0.0,0.0,0.0,0.0,0.0,0.0,0.001953,-0.004639,0.0,0.000182,-0.0,0.000061,0.0,-0.000061,0.0,-0.000182,0.0,0.0,0.0,0.012342,
0.0,0.017214,0.882385,-0.000066,0.0,1.570796,0.0,0.100762,-0.030366,0.0,0.0,0.0,-0.094227,-0.024293,0.003046,0.221371,-0.105674,0.024232,-0.130773,0.025575,0.004648,0.292666,-0.118561,-0.024507,-0.117986,0.174482,0.0,-0.072919,0.0,0.0,0.0,-0.110778,-0.174482,0.0,-0.024107,0.0,0.0,0.0,0.0,0.0,-0.0,0.0,0.0,0.0,0.0,0.0,0.0,0.001953,-0.004639,0.0,0.000182,0.0,0.000061,0.0,-0.000061,0.0,-0.000182,0.0,0.0,0.0,0.012561,
0.0,0.018247,0.881972,-0.000066,0.0,1.570796,0.0,0.103272,-0.041276,0.0,0.0,0.0,-0.101476,-0.024245,0.003296,0.237807,-0.113188,0.024232,-0.131666,0.025575,0.004529,0.296715,-0.123166,-0.024545,-0.118151,0.174482,-0.0,-0.073249,0.0,0.0,0.0,-0.11035,-0.174482,0.0,-0.024135,0.0,0.0,0.0,0.0,0.0,0.0,0.0,0.0,0.0,0.0,0.0,0.0,0.001953,-0.004639,0.0,0.000182,0.0,0.000061,0.0,-0.000061,0.0,-0.000182,0.0,0.0,0.0,0.012427,
0.0,0.019292,0.881504,-0.000066,0.0,1.570796,0.0,0.104527,-0.046738,0.0,0.0,0.0,-0.110536,-0.024171,0.003571,0.257806,-0.121664,0.024232,-0.132914,0.025575,0.00441,0.301475,-0.128083,-0.024556,-0.118481,0.174482,-0.0,-0.07378,0.0,0.0,0.0,-0.11035,-0.174482,0.0,-0.024263,0.0,0.0,0.0,0.0,0.0,-0.0,0.0,0.0,-0.0,0.0,0.0,-0.0,0.001953,-0.004639,0.0,0.000182,-0.0,0.000061,0.0,-0.000061,0.0,-0.000182,0.0,0.0,0.0,0.012116,
0.0,0.020337,0.881037,-0.000066,0.0,1.570796,0.0,0.104528,-0.046731,0.0,0.0,0.0,-0.119596,-0.024098,0.003845,0.277805,-0.130139,0.024232,-0.134162,0.025575,0.004291,0.306235,-0.133001,-0.024567,-0.118811,0.174482,0.0,-0.074311,0.0,0.0,0.0,-0.11035,-0.174482,0.0,-0.024391,0.0,0.0,0.0,0.0,0.0,-0.0,0.0,0.0,0.0,-0.0,0.0,0.0,0.001953,-0.004639,0.0,0.000182,0.0,0.000061,0.0,-0.000061,0.0,-0.000182,0.0,0.0,0.0,0.011805,
0.0,0.02139,0.880504,-0.000066,0.0,1.570796,0.0,0.105299,-0.053368,0.0,0.0,0.0,-0.130164,-0.024049,0.004089,0.300782,-0.138213,0.024269,-0.135643,0.025575,0.004157,0.311467,-0.138158,-0.024578,-0.119417,0.174482,0.0,-0.075136,-0.0,0.0,-0.0,-0.110888,-0.174482,0.0,-0.024635,0.0,0.0,-0.0,0.0,0.0,0.0,0.0,-0.0,0.0,0.0,0.0,0.0,0.001953,-0.004639,0.0,0.000182,0.0,0.000061,0.0,-0.000061,0.0,-0.000182,-0.0,-0.0,0.0,0.011206,
0.0,0.022459,0.879837,-0.000066,0.0,1.570796,0.0,0.106841,-0.06662,0.0,0.0,0.0,-0.143752,-0.024049,0.004273,0.32973,-0.145484,0.024379,-0.137588,0.025575,0.003992,0.317644,-0.143794,-0.024589,-0.120572,0.174482,0.0,-0.076547,0.0,0.0,0.0,-0.112502,-0.174482,0.0,-0.025111,-0.0,0.0,0.0,0.0,0.0,-0.0,0.0,0.0,-0.0,0.0,0.0,0.0,0.001953,-0.004639,0.0,0.000182,0.0,0.000061,0.0,-0.000061,0.0,-0.000182,0.0,0.0,0.0,0.010035,
0.0,0.023527,0.879171,-0.000066,0.0,1.570796,0.0,0.106842,-0.06662,0.0,0.0,0.0,-0.157341,-0.024049,0.004456,0.358682,-0.152755,0.024489,-0.139534,0.025575,0.003827,0.32382,-0.149431,-0.0246,-0.121728,0.174482,0.0,-0.077958,0.0,-0.0,0.0,-0.114116,-0.174482,0.0,-0.025587,0.0,0.0,0.0,-0.0,-0.0,-0.0,0.0,-0.0,0.0,-0.0,0.0,-0.0,0.001953,-0.004639,-0.0,0.000182,0.0,0.000061,0.0,-0.000061,0.0,-0.000182,0.0,0.0,0.0,0.008863,
0.0,0.024596,0.878505,-0.000066,0.0,1.570796,0.0,0.106841,-0.066628,0.0,0.0,0.0,-0.170928,-0.024049,0.004639,0.387626,-0.160026,0.024599,-0.14148,0.025575,0.003662,0.329996,-0.155067,-0.024611,-0.122884,0.174482,-0.0,-0.079369,0.0,0.0,0.0,-0.11573,-0.174482,0.0,-0.026064,0.0,0.0,0.0,0.0,0.0,-0.0,0.0,-0.0,0.0,-0.0,0.0,0.0,0.001953,-0.004639,-0.0,0.000182,0.0,0.000061,0.0,-0.000061,0.0,-0.000182,0.0,0.0,0.0,0.007691,
0.0,0.025724,0.878034,-0.000066,0.0,1.570796,0.0,0.112788,-0.047058,0.0,0.0,0.0,-0.184579,-0.024196,0.004639,0.41696,-0.163591,0.024599,-0.140415,0.025575,0.003571,0.330498,-0.158245,-0.024622,-0.123508,0.174482,-0.0,-0.08056,0.0,0.0,0.0,-0.118426,-0.174482,0.0,-0.025624,0.0,0.0,0.0,0.0,0.0,-0.0,0.0,-0.0,0.0,-0.0,0.0,-0.0,0.001953,-0.004639,0.0,0.000182,0.0,0.000061,0.0,-0.000061,0.0,-0.000182,0.0,0.0,0.0,0.00575,
0.0,0.026851,0.877564,-0.000066,0.0,1.570796,0.0,0.112787,-0.047058,0.0,0.0,0.0,-0.19823,-0.024342,0.004639,0.446303,-0.167156,0.024599,-0.13935,0.025575,0.003479,0.330999,-0.161423,-0.024633,-0.124131,0.174482,0.0,-0.081751,0.0,0.0,0.0,-0.121123,-0.174482,0.0,-0.025185,0.0,0.0,0.0,0.0,0.0,-0.0,0.0,-0.0,0.0,-0.0,0.0,-0.0,0.001953,-0.004639,0.0,0.000182,0.0,0.000061,0.0,-0.000061,0.0,-0.000182,0.0,0.0,0.0,0.003809,
0.0,0.027979,0.877093,-0.000066,0.0,1.570796,0.0,0.112787,-0.047058,0.0,0.0,0.0,-0.211882,-0.024489,0.004639,0.475641,-0.17072,0.024599,-0.138286,0.025575,0.003388,0.3315,-0.164601,-0.024644,-0.124755,0.174482,0.0,-0.082943,0.0,0.0,0.0,-0.123819,-0.174482,0.0,-0.024745,0.0,0.0,0.0,-0.0,0.0,-0.0,0.0,-0.0,0.0,0.0,0.0,0.0,0.001953,-0.004639,-0.0,0.000182,0.0,0.000061,0.0,-0.000061,0.0,-0.000182,0.0,0.0,0.0,0.001868,
0.0,0.029493,0.876769,-0.000066,0.0,1.570796,0.0,0.151379,-0.032392,0.0,0.0,0.0,-0.220966,-0.024672,0.004376,0.496942,-0.167622,0.024599,-0.137087,0.025575,0.003296,0.332559,-0.168185,-0.024655,-0.124193,0.174482,0.0,-0.083095,0.0,0.0,0.0,-0.126663,-0.174482,0.0,-0.024257,0.0,0.0,0.0,0.0,0.0,0.0,-0.0,0.0,0.0,0.0,-0.0,0.0,0.001953,-0.004639,0.0,0.000182,0.0,0.000061,0.0,-0.000061,0.0,-0.000182,0.0,0.0,0.0,0.000305,
0.0,0.0312,0.876519,-0.000066,0.0,1.570796,0.0,0.170677,-0.025044,0.0,0.0,0.0,-0.227767,-0.024873,0.003983,0.514229,-0.161193,0.024599,-0.13582,0.025575,0.003204,0.333896,-0.171971,-0.024666,-0.123037,0.174482,0.0,-0.082729,0.0,0.0,0.0,-0.129581,-0.174482,0.0,-0.023744,0.0,0.0,0.0,0.0,0.0,-0.0,0.0,0.0,0.0,-0.0,0.0,-0.0,0.001953,-0.004639,0.0,0.000182,-0.0,0.000061,0.0,-0.000061,0.0,-0.000182,0.0,0.0,0.0,-0.001068,
0.0,0.032907,0.876268,-0.000066,0.0,1.570796,0.0,0.170678,-0.025051,0.0,0.0,0.0,-0.234568,-0.025075,0.003589,0.531517,-0.154763,0.024599,-0.134554,0.025575,0.003113,0.335233,-0.175757,-0.024677,-0.121881,0.174482,0.0,-0.082362,0.0,0.0,0.0,-0.132499,-0.174482,0.0,-0.023231,0.0,0.0,0.0,0.0,0.0,-0.0,-0.0,0.0,0.0,-0.0,0.0,0.0,0.001953,-0.004639,0.0,0.000182,0.0,0.000061,0.0,-0.000061,0.0,-0.000182,0.0,0.0,0.0,-0.002441,
0.0,0.034905,0.876099,-0.000066,0.0,1.570796,0.0,0.199876,-0.016909,0.0,0.0,0.0,-0.243731,-0.025325,0.003195,0.552679,-0.148488,0.024544,-0.132254,0.025575,0.003052,0.335227,-0.179023,-0.024688,-0.119894,0.174482,0.0,-0.081226,0.0,0.0,0.0,-0.135441,-0.174482,0.0,-0.022755,0.0,0.0,0.0,0.0,0.0,-0.0,0.0,-0.0,0.0,0.0,0.0,0.0,0.001953,-0.004639,0.0,0.000182,-0.0,0.000061,0.0,-0.000061,0.0,-0.000182,0.0,0.0,0.0,-0.003424,
0.0,0.037488,0.876093,-0.000066,0.0,1.570796,0.0,0.258282,-0.000631,0.0,0.0,0.0,-0.25762,-0.025673,0.002802,0.581606,-0.142522,0.024379,-0.127887,0.025575,0.003052,0.332535,-0.181247,-0.024699,-0.116244,0.174482,0.0,-0.078551,0.0,0.0,0.0,-0.138433,-0.174482,0.0,-0.022352,0.0,0.0,0.0,0.0,0.0,-0.0,0.0,0.0,0.0,0.0,0.0,0.0,0.001953,-0.004639,0.0,0.000182,0.0,0.000061,0.0,-0.000061,0.0,-0.000182,0.0,0.0,0.0,-0.003626,
0.0,0.040071,0.876086,-0.000066,0.0,1.570796,-0.0,0.258282,-0.000631,0.0,0.0,0.0,-0.27151,-0.026021,0.002408,0.610536,-0.136556,0.024214,-0.123521,0.025575,0.003052,0.329843,-0.183472,-0.02471,-0.112594,0.174482,0.0,-0.075875,0.0,0.0,0.0,-0.141425,-0.174482,0.0,-0.021949,0.0,0.0,0.0,-0.0,0.0,-0.0,0.0,-0.0,0.0,-0.0,0.0,0.0,0.001953,-0.004639,-0.0,0.000182,0.0,0.000061,0.0,-0.000061,0.0,-0.000182,0.0,0.0,0.0,-0.003827,
0.0,0.042654,0.87608,-0.000066,0.0,1.570796,0.0,0.258283,-0.000631,0.0,0.0,0.0,-0.2854,-0.026369,0.002014,0.639459,-0.13059,0.024049,-0.119154,0.025575,0.003052,0.327151,-0.185697,-0.024721,-0.108944,0.174482,0.0,-0.0732,0.0,0.0,0.0,-0.144417,-0.174482,0.0,-0.021547,0.0,0.0,0.0,0.0,0.0,-0.0,0.0,0.0,0.0,-0.0,0.0,-0.0,0.001953,-0.004639,0.0,0.000182,0.0,0.000061,0.0,-0.000061,0.0,-0.000182,0.0,0.0,0.0,-0.004028,
0.0,0.045628,0.876211,-0.000066,0.0,1.570796,0.0,0.297427,0.013096,0.0,0.0,0.0,-0.30768,-0.026936,0.001648,0.677686,-0.123161,0.023683,-0.112442,0.025575,0.003052,0.320828,-0.185899,-0.024757,-0.104617,0.174482,0.0,-0.069591,0.0,0.0,0.0,-0.148751,-0.174482,0.0,-0.022535,-0.0,0.0,0.0,0.0,0.0,0.0,0.0,-0.0,0.0,-0.0,0.0,0.0,0.001953,-0.004639,-0.0,0.000182,0.0,0.000061,0.0,-0.000061,0.0,-0.000182,0.0,-0.0,0.0,-0.003443,
0.0,0.048602,0.876342,-0.000066,0.0,1.570796,0.0,0.297429,0.013096,0.0,0.0,0.0,-0.329964,-0.027504,0.001282,0.715932,-0.115732,0.023317,-0.105731,0.025575,0.003052,0.314504,-0.186102,-0.024794,-0.10029,0.174482,0.0,-0.065981,0.0,-0.0,-0.0,-0.153085,-0.174482,0.0,-0.023524,0.0,0.0,0.0,-0.0,-0.0,0.0,0.0,0.0,-0.0,0.0,0.0,0.0,0.001953,-0.004639,0.0,0.000182,0.0,0.000061,0.0,-0.000061,-0.0,-0.000182,0.0,0.0,0.0,-0.002857,
0.0,0.051577,0.876473,-0.000066,0.0,1.570796,0.0,0.297428,0.013104,0.0,0.0,0.0,-0.352246,-0.028072,0.000916,0.754169,-0.108303,0.02295,-0.099019,0.025575,0.003052,0.308181,-0.186304,-0.02483,-0.095963,0.174482,-0.0,-0.062372,0.0,0.0,0.0,-0.157418,-0.174482,0.0,-0.024513,0.0,0.0,0.0,0.0,0.0,0.0,0.0,-0.0,0.0,0.0,0.0,0.0,0.001953,-0.004639,0.0,0.000182,0.0,0.000061,0.0,-0.000061,0.0,-0.000182,0.0,0.0,0.0,-0.002271,
0.0,0.054809,0.876514,-0.000066,0.0,1.570796,0.0,0.323249,0.004057,0.0,0.0,0.0,-0.37143,-0.028469,0.000793,0.782085,-0.10568,0.022706,-0.092982,0.025575,0.003052,0.303777,-0.186837,-0.024867,-0.091173,0.174482,0.0,-0.058568,-0.0,0.0,0.0,-0.162869,-0.174482,0.0,-0.025795,-0.0,0.0,0.0,0.0,0.0,0.0,0.0,-0.0,0.0,-0.0,0.0,0.0,0.001953,-0.004639,0.0,0.000182,0.0,0.000061,-0.0,-0.000061,0.0,-0.000182,0.0,0.0,0.0,-0.001367,
0.0,0.058171,0.876509,-0.000066,0.0,1.570796,0.0,0.336161,-0.000458,0.0,0.0,0.0,-0.389068,-0.02878,0.000793,0.804855,-0.10546,0.022523,-0.087281,0.025575,0.003052,0.300332,-0.187536,-0.024904,-0.086151,0.174482,0.0,-0.054666,0.0,0.0,0.0,-0.168878,-0.174482,0.0,-0.027223,0.0,0.0,0.0,0.0,0.0,0.0,0.0,-0.0,0.0,-0.0,0.0,-0.0,0.001953,-0.004639,0.0,0.000182,0.0,0.000061,0.0,-0.000061,0.0,-0.000182,0.0,-0.0,0.0,-0.000305,
0.0,0.061532,0.876504,-0.000066,0.0,1.570796,0.0,0.336156,-0.000458,0.0,0.0,0.0,-0.406706,-0.029091,0.000793,0.827625,-0.10524,0.02234,-0.081581,0.025575,0.003052,0.296888,-0.188235,-0.02494,-0.081129,0.174482,0.0,-0.050764,0.0,0.0,0.0,-0.174887,-0.174482,-0.0,-0.028652,0.0,0.0,0.0,-0.0,0.0,-0.0,0.0,-0.0,0.0,-0.0,0.0,0.0,0.001953,-0.004639,0.0,0.000182,0.0,0.000061,0.0,-0.000061,0.0,-0.000182,0.0,0.0,0.0,0.000757,
0.0,0.065046,0.8764,-0.000066,0.0,1.570796,0.0,0.351313,-0.010498,0.0,0.0,0.0,-0.421552,-0.029299,0.000818,0.843351,-0.10549,0.022218,-0.076407,0.025575,0.003052,0.294819,-0.189498,-0.024965,-0.075857,0.174482,0.0,-0.046814,-0.0,0.0,0.0,-0.181205,-0.174482,0.0,-0.030715,0.0,0.0,0.0,0.0,0.0,-0.0,0.0,0.0,0.0,0.0,0.0,0.0,0.001953,-0.004639,0.0,0.000182,0.0,0.000061,0.0,-0.000061,0.0,-0.000182,0.0,0.0,0.0,0.001923,
0.0,0.068862,0.876094,-0.000066,0.0,1.570796,0.0,0.381618,-0.030569,0.0,0.0,0.0,-0.430815,-0.029299,0.000891,0.844998,-0.106682,0.022218,-0.072284,0.025575,0.003052,0.295504,-0.19189,-0.024965,-0.070086,0.174482,-0.0,-0.042766,0.0,0.0,0.0,-0.18814,-0.174482,0.0,-0.034048,0.0,0.0,0.0,-0.0,0.0,0.0,0.0,0.0,0.0,0.0,0.0,0.0,0.001953,-0.004639,0.0,0.000182,0.0,0.000061,0.0,-0.000061,0.0,-0.000182,0.0,0.0,0.0,0.003296,
0.0,0.072678,0.875788,-0.000066,0.0,1.570796,0.0,0.381623,-0.030569,0.0,0.0,0.0,-0.440078,-0.029299,0.000964,0.846644,-0.107874,0.022218,-0.068162,0.025575,0.003052,0.296189,-0.194281,-0.024965,-0.064314,0.174482,0.0,-0.038719,0.0,0.0,0.0,-0.195075,-0.174482,0.0,-0.037381,-0.0,-0.0,-0.0,0.0,0.0,0.0,0.0,0.0,0.0,-0.0,0.0,0.0,0.001953,-0.004639,0.0,0.000182,0.0,0.000061,0.0,-0.000061,0.0,-0.000182,-0.0,0.0,0.0,0.004669,
0.0,0.076494,0.875482,-0.000066,0.0,1.570796,0.0,0.38162,-0.030569,0.0,0.0,0.0,-0.44934,-0.029299,0.001038,0.848291,-0.109066,0.022218,-0.064039,0.025575,0.003052,0.296874,-0.196673,-0.024965,-0.058543,0.174482,0.0,-0.034671,0.0,0.0,0.0,-0.202009,-0.174482,0.0,-0.040714,0.0,0.0,0.0,-0.0,0.0,0.0,0.0,0.0,0.0,-0.0,0.0,-0.0,0.001953,-0.004639,-0.0,0.000182,0.0,0.000061,0.0,-0.000061,0.0,-0.000182,0.0,0.0,0.0,0.006043,
0.0,0.080936,0.875162,-0.000066,0.0,1.570796,-0.0,0.444156,-0.032022,0.0,0.0,0.0,-0.452799,-0.028988,0.001294,0.836111,-0.111964,0.022429,-0.05836,0.025575,0.003052,0.295986,-0.198458,-0.024965,-0.051034,0.174482,0.0,-0.030074,-0.0,0.0,0.0,-0.208768,-0.174482,-0.0,-0.045348,0.0,0.0,0.0,0.0,0.0,0.0,0.0,-0.0,0.0,-0.0,0.0,0.0,0.001953,-0.004639,-0.0,0.000182,0.0,0.000061,0.0,-0.000061,-0.0,-0.000182,0.0,0.0,0.0,0.00694,
0.0,0.085377,0.874842,-0.000066,0.0,1.570796,0.0,0.444153,-0.032022,0.0,0.0,0.0,-0.456258,-0.028676,0.00155,0.82393,-0.114862,0.022639,-0.052682,0.025575,0.003052,0.295097,-0.200243,-0.024965,-0.043524,0.174482,-0.0,-0.025478,0.0,0.0,0.0,-0.215526,-0.174482,0.0,-0.049982,0.0,0.0,0.0,0.0,0.0,0.0,0.0,0.0,0.0,0.0,0.0,0.0,0.001953,-0.004639,0.0,0.000182,0.0,0.000061,0.0,-0.000061,0.0,-0.000182,0.0,-0.0,0.0,0.007837,
0.0,0.089819,0.874522,-0.000066,0.0,1.570796,0.0,0.444159,-0.032022,0.0,0.0,0.0,-0.459716,-0.028365,0.001807,0.811749,-0.11776,0.02285,-0.047003,0.025575,0.003052,0.294209,-0.202028,-0.024965,-0.036014,0.174482,0.0,-0.020881,-0.0,0.0,0.0,-0.222285,-0.174482,-0.0,-0.054617,0.0,-0.0,-0.0,0.0,0.0,0.0,0.0,0.0,0.0,0.0,0.0,0.0,0.001953,-0.004639,-0.0,0.000182,0.0,0.000061,0.0,-0.000061,0.0,-0.000182,0.0,-0.0,0.0,0.008734,
0.0,0.094579,0.874144,-0.000066,0.0,1.570796,0.0,0.475976,-0.037772,0.0,0.0,0.0,-0.46132,-0.028029,0.002063,0.795174,-0.119117,0.02306,-0.040898,0.025539,0.003052,0.293209,-0.204083,-0.024965,-0.028482,0.174482,0.0,-0.016432,0.0,0.0,0.0,-0.229197,-0.174482,0.0,-0.059691,0.0,0.0,0.0,0.0,0.0,0.0,0.0,0.0,0.0,-0.0,0.0,0.0,0.001953,-0.004639,0.0,0.000182,0.0,0.000061,0.0,-0.000061,0.0,-0.000182,0.0,0.0,0.0,0.009192,
0.0,0.099498,0.873738,-0.000066,0.0,1.570796,0.0,0.491896,-0.040647,0.0,0.0,0.0,-0.461998,-0.027681,0.002319,0.776398,-0.119704,0.023271,-0.03458,0.025484,0.003052,0.292154,-0.206274,-0.024965,-0.020937,0.174482,0.0,-0.012055,0.0,0.0,0.0,-0.236186,-0.174482,-0.0,-0.064986,0.0,0.0,0.0,-0.0,0.0,-0.0,0.0,0.0,0.0,0.0,0.0,-0.0,0.001953,-0.004639,0.0,0.000182,0.0,0.000061,0.0,-0.000061,0.0,-0.000182,0.0,-0.0,0.0,0.00943,
0.0,0.104417,0.873331,-0.000066,0.0,1.570796,0.0,0.491896,-0.040647,0.0,0.0,0.0,-0.462675,-0.027333,0.002576,0.757622,-0.120291,0.023481,-0.028262,0.025429,0.003052,0.291099,-0.208465,-0.024965,-0.013392,0.174482,0.0,-0.007679,0.0,0.0,0.0,-0.243174,-0.174482,0.0,-0.07028,-0.0,0.0,0.0,0.0,0.0,0.0,0.0,-0.0,0.0,-0.0,0.0,-0.0,0.001953,-0.004639,0.0,0.000182,0.0,0.000061,0.0,-0.000061,0.0,-0.000182,0.0,0.0,0.0,0.009668,
0.0,0.109512,0.872908,-0.000066,0.0,1.570796,0.0,0.509501,-0.042325,0.0,0.0,0.0,-0.462669,-0.026991,0.002832,0.737638,-0.120316,0.023654,-0.021645,0.025386,0.003052,0.289878,-0.210711,-0.024965,-0.005714,0.174482,0.0,-0.004761,0.0,0.0,0.0,-0.250123,-0.174482,0.0,-0.075967,-0.0,-0.0,-0.0,0.0,0.0,0.0,0.0,0.0,0.0,0.0,0.0,0.0,0.001953,-0.004639,0.0,0.000182,0.0,0.000061,0.0,-0.000061,0.0,-0.000182,0.0,0.0,0.0,0.00965,
0.0,0.114959,0.872451,-0.000066,0.0,1.570796,0.0,0.54473,-0.045679,0.0,0.0,0.0,-0.461296,-0.026662,0.003088,0.715226,-0.119215,0.023752,-0.01443,0.025368,0.003052,0.288324,-0.213068,-0.024965,0.002234,0.174482,0.0,-0.004761,0.0,0.0,0.0,-0.256993,-0.174482,0.0,-0.082436,0.0,-0.0,-0.0,0.0,0.0,-0.0,0.0,-0.0,0.0,0.0,0.0,0.0,0.001953,-0.004639,0.0,0.000182,0.0,0.000061,0.0,-0.000061,0.0,-0.000182,0.0,0.0,0.0,0.009119,
0.0,0.120406,0.871994,-0.000066,0.0,1.570796,0.0,0.544724,-0.045679,0.0,0.0,0.0,-0.459923,-0.026332,0.003345,0.692813,-0.118114,0.02385,-0.007215,0.025349,0.003052,0.286769,-0.215426,-0.024965,0.010181,0.174482,0.0,-0.004761,0.0,0.0,0.0,-0.263862,-0.174482,-0.0,-0.088906,0.0,0.0,0.0,0.0,0.0,-0.0,0.0,0.0,0.0,-0.0,0.0,0.0,0.001953,-0.004639,-0.0,0.000182,0.0,0.000061,0.0,-0.000061,0.0,-0.000182,0.0,0.0,0.0,0.008588,
0.0,0.125853,0.871537,-0.000066,0.0,1.570796,0.0,0.54473,-0.045687,0.0,0.0,0.0,-0.45855,-0.026003,0.003601,0.670403,-0.117014,0.023947,-0.0,0.025331,0.003052,0.285215,-0.217783,-0.024965,0.018128,0.174482,0.0,-0.004761,0.0,0.0,0.0,-0.270731,-0.174482,0.0,-0.095376,0.0,0.0,0.0,0.0,0.0,-0.0,0.0,-0.0,0.0,-0.0,0.0,-0.0,0.001953,-0.004639,0.0,0.000182,0.0,0.000061,-0.0,-0.000061,-0.0,-0.000182,0.0,0.0,0.0,0.008057,
0.0,0.131994,0.871089,-0.000066,0.0,1.570796,0.0,0.614062,-0.044813,0.0,0.0,0.0,-0.455562,-0.025746,0.003821,0.646827,-0.11606,0.024045,0.008862,0.025313,0.003052,0.281831,-0.21957,-0.024965,0.025343,0.174482,0.0,-0.004761,0.0,0.0,0.0,-0.275113,-0.174482,0.0,-0.102252,-0.0,0.0,-0.0,-0.0,0.0,-0.0,0.0,-0.0,0.0,-0.0,0.0,-0.0,0.001953,-0.004639,0.0,0.000182,0.0,0.000061,0.0,-0.000061,0.0,-0.000182,0.0,0.0,0.0,0.007617,
0.0,0.138135,0.870641,-0.000066,0.0,1.570796,0.0,0.614073,-0.04482,0.0,0.0,0.0,-0.452574,-0.02549,0.004041,0.623246,-0.115106,0.024143,0.017725,0.025294,0.003052,0.278448,-0.221357,-0.024965,0.032559,0.174482,-0.0,-0.004761,0.0,0.0,0.0,-0.279495,-0.174482,0.0,-0.109129,-0.0,0.0,0.0,-0.0,0.0,-0.0,0.0,-0.0,0.0,-0.0,0.0,-0.0,0.001953,-0.004639,0.0,0.000182,0.0,0.000061,0.0,-0.000061,0.0,-0.000182,0.0,-0.0,0.0,0.007178,
0.0,0.144275,0.870193,-0.000066,0.0,1.570796,-0.0,0.61407,-0.04482,0.0,0.0,0.0,-0.449586,-0.025233,0.00426,0.599667,-0.114152,0.02424,0.026588,0.025276,0.003052,0.275064,-0.223144,-0.024965,0.039774,0.174482,0.0,-0.004761,-0.0,0.0,0.0,-0.283877,-0.174482,-0.0,-0.116005,0.0,0.0,0.0,0.0,0.0,-0.0,0.0,-0.0,0.0,-0.0,0.0,-0.0,0.001953,-0.004639,-0.0,0.000182,0.0,0.000061,0.0,-0.000061,-0.0,-0.000182,0.0,-0.0,0.0,0.006739,
0.0,0.150862,0.869776,-0.000066,0.0,1.570796,0.0,0.658706,-0.041697,0.0,0.0,0.0,-0.445487,-0.025001,0.004529,0.575975,-0.115669,0.024338,0.038823,0.02527,0.003125,0.266084,-0.222856,-0.024965,0.045892,0.174482,0.0,-0.004761,0.0,0.0,0.0,-0.287053,-0.174482,0.0,-0.121857,0.0,0.0,0.0,0.0,0.0,-0.0,0.0,-0.0,0.0,-0.0,0.0,-0.0,0.001953,-0.004639,0.0,0.000182,0.0,0.000061,0.0,-0.000061,0.0,-0.000182,0.0,0.0,0.0,0.006397,
-0.0,0.157673,0.869375,-0.000066,0.0,1.570796,-0.0,0.681028,-0.040147,0.0,0.0,0.0,-0.440834,-0.024782,0.004822,0.55222,-0.11842,0.024436,0.052745,0.02527,0.003235,0.254306,-0.221529,-0.024965,0.05146,0.174482,0.0,-0.004761,0.0,0.0,0.0,-0.289625,-0.174482,-0.0,-0.127196,-0.0,0.0,0.0,0.0,0.0,-0.0,0.0,-0.0,0.0,-0.0,0.0,-0.0,0.001953,-0.004639,-0.0,0.000182,0.0,0.000061,0.0,-0.000061,0.0,-0.000182,0.0,0.0,0.0,0.006104,
0.0,0.164483,0.868973,-0.000066,0.0,1.570796,0.0,0.681019,-0.040147,0.0,0.0,0.0,-0.43618,-0.024562,0.005115,0.528464,-0.121172,0.024533,0.066667,0.02527,0.003345,0.242529,-0.220202,-0.024965,0.057029,0.174482,0.0,-0.004761,0.0,0.0,0.0,-0.292197,-0.174482,0.0,-0.132536,0.0,0.0,0.0,0.0,0.0,0.0,0.0,0.0,0.0,-0.0,0.0,0.0,0.001953,-0.004639,0.0,0.000182,-0.0,0.000061,-0.0,-0.000061,0.0,-0.000182,0.0,0.0,0.0,0.005811,
0.0,0.171563,0.868597,-0.000066,0.0,1.570796,0.0,0.708027,-0.037558,0.0,0.0,0.0,-0.432097,-0.024379,0.005347,0.505689,-0.122914,0.024599,0.081179,0.025246,0.003504,0.230325,-0.217845,-0.024965,0.062042,0.174482,-0.0,-0.004761,0.0,0.0,0.0,-0.29427,-0.174482,0.0,-0.136817,0.0,0.0,0.0,0.0,0.0,0.0,0.0,-0.0,0.0,0.0,0.0,0.0,0.001953,-0.004639,-0.0,0.000182,0.0,0.000061,0.0,-0.000061,0.0,-0.000182,0.0,-0.0,0.0,0.005615,
0.0,0.179184,0.868273,-0.000066,0.0,1.570796,0.0,0.762056,-0.032397,0.0,0.0,0.0,-0.429155,-0.024269,0.005457,0.484863,-0.122639,0.024599,0.096874,0.025172,0.00376,0.217268,-0.213426,-0.024965,0.065944,0.174482,0.0,-0.004761,0.0,0.0,0.0,-0.295344,-0.174482,0.0,-0.138983,-0.0,-0.0,-0.0,-0.0,0.0,0.0,0.0,0.0,0.0,0.0,0.0,-0.0,0.001953,-0.004639,0.0,0.000182,0.0,0.000061,0.0,-0.000061,0.0,-0.000182,0.0,-0.0,0.0,0.005615,
0.0,0.186804,0.86795,-0.000066,0.0,1.570796,0.0,0.762064,-0.03239,0.0,0.0,0.0,-0.426213,-0.024159,0.005567,0.464034,-0.122364,0.024599,0.11257,0.025099,0.004016,0.204211,-0.209006,-0.024965,0.069847,0.174482,0.0,-0.004761,-0.0,0.0,0.0,-0.296418,-0.174482,0.0,-0.141149,-0.0,0.0,0.0,0.0,0.0,0.0,0.0,0.0,0.0,0.0,0.0,0.0,0.001953,-0.004639,0.0,0.000182,0.0,0.000061,-0.0,-0.000061,0.0,-0.000182,0.0,-0.0,0.0,0.005615,
0.0,0.194425,0.867626,-0.000066,0.0,1.570796,0.0,0.762047,-0.032397,0.0,0.0,0.0,-0.423271,-0.024049,0.005676,0.443209,-0.122089,0.024599,0.128264,0.025026,0.004273,0.191155,-0.204587,-0.024965,0.073749,0.174482,0.0,-0.004761,0.0,0.0,0.0,-0.297492,-0.174482,0.0,-0.143315,-0.0,0.0,0.0,0.0,0.0,-0.0,0.0,0.0,0.0,-0.0,0.0,0.0,0.001953,-0.004639,0.0,0.000182,0.0,0.000061,0.0,-0.000061,0.0,-0.000182,0.0,-0.0,0.0,0.005615,
0.0,0.202831,0.867464,-0.000066,0.0,1.570796,0.0,0.840611,-0.016203,0.0,0.0,0.0,-0.42505,-0.024049,0.00575,0.43985,-0.123061,0.024599,0.143379,0.025026,0.00462,0.180953,-0.196787,-0.024965,0.076333,0.174482,0.0,-0.004761,0.0,0.0,0.0,-0.296436,-0.174482,0.0,-0.14159,0.0,0.0,0.0,0.0,0.0,-0.0,0.0,-0.0,0.0,-0.0,0.0,-0.0,0.001953,-0.004639,0.0,0.000182,0.0,0.000061,0.0,-0.000061,0.0,-0.000182,0.0,-0.0,0.0,0.006018,
0.0,0.211237,0.867301,-0.000066,0.0,1.570796,0.0,0.840608,-0.01621,0.0,0.0,0.0,-0.42683,-0.024049,0.005823,0.436492,-0.124033,0.024599,0.158495,0.025026,0.004968,0.170751,-0.188988,-0.024965,0.078917,0.174482,0.0,-0.004761,-0.0,0.0,0.0,-0.295381,-0.174482,0.0,-0.139865,0.0,0.0,0.0,0.0,0.0,-0.0,0.0,-0.0,0.0,0.0,0.0,0.0,0.001953,-0.004639,-0.0,0.000182,0.0,0.000061,0.0,-0.000061,0.0,-0.000182,0.0,-0.0,0.0,0.006421,
0.0,0.219643,0.86714,-0.000066,0.0,1.570796,0.0,0.840608,-0.016203,0.0,0.0,0.0,-0.42861,-0.024049,0.005896,0.433134,-0.125006,0.024599,0.17361,0.025026,0.005316,0.16055,-0.181188,-0.024965,0.081501,0.174482,0.0,-0.004761,0.0,0.0,0.0,-0.294326,-0.174482,0.0,-0.138139,0.0,0.0,0.0,0.0,0.0,0.0,0.0,-0.0,0.0,-0.0,0.0,-0.0,0.001953,-0.004639,0.0,0.000182,0.0,0.000061,0.0,-0.000061,0.0,-0.000182,0.0,-0.0,0.0,0.006824,
0.0,0.228592,0.867111,-0.000066,0.0,1.570796,0.0,0.894848,-0.002893,0.0,0.0,0.0,-0.425846,-0.024049,0.005835,0.428083,-0.123031,0.024599,0.187248,0.025026,0.005713,0.153636,-0.171766,-0.024965,0.083278,0.174482,0.0,-0.004761,0.0,0.0,0.0,-0.291853,-0.174482,0.0,-0.135117,0.0,0.0,0.0,0.0,0.0,0.0,0.0,-0.0,0.0,-0.0,0.0,0.0,0.001953,-0.004639,0.0,0.000182,0.0,0.000061,0.0,-0.000061,0.0,-0.000182,0.0,0.0,0.0,0.00741,
0.0,0.237811,0.867148,-0.000066,0.0,1.570796,0.0,0.921978,0.003761,0.0,0.0,0.0,-0.420809,-0.024049,0.005707,0.422184,-0.119582,0.024599,0.200149,0.025026,0.006134,0.148366,-0.161534,-0.024965,0.084653,0.174482,-0.0,-0.004761,0.0,0.0,0.0,-0.28867,-0.174482,-0.0,-0.131447,0.0,0.0,0.0,0.0,0.0,0.0,0.0,0.0,0.0,0.0,0.0,0.0,0.001953,-0.004639,0.0,0.000182,0.0,0.000061,0.0,-0.000061,0.0,-0.000182,0.0,0.0,0.0,0.008087,
0.0,0.247031,0.867186,-0.000066,0.0,1.570796,0.0,0.921989,0.003761,0.0,0.0,0.0,-0.415772,-0.024049,0.005579,0.416284,-0.116134,0.024599,0.21305,0.025026,0.006555,0.143096,-0.151301,-0.024965,0.086028,0.174482,0.0,-0.004761,-0.0,0.0,0.0,-0.285487,-0.174482,0.0,-0.127777,0.0,0.0,0.0,0.0,0.0,0.0,0.0,0.0,0.0,0.0,0.0,-0.0,0.001953,-0.004639,0.0,0.000182,0.0,0.000061,0.0,-0.000061,0.0,-0.000182,0.0,0.0,0.0,0.008765,
0.0,0.256568,0.867297,-0.000066,0.0,1.570796,0.0,0.953652,0.011172,0.0,0.0,0.0,-0.40883,-0.024049,0.005451,0.409861,-0.112759,0.024599,0.224989,0.02505,0.007038,0.139583,-0.139197,-0.024965,0.087066,0.174482,0.0,-0.004761,-0.0,0.0,0.0,-0.281548,-0.174482,0.0,-0.123716,0.0,0.0,0.0,0.0,0.0,0.0,0.0,0.0,0.0,0.0,0.0,0.0,0.001953,-0.004639,0.0,0.000182,0.0,0.000061,0.0,-0.000061,0.0,-0.000182,0.0,-0.0,0.0,0.009516,
0.0,0.266739,0.867557,-0.000066,0.0,1.570796,0.0,1.017069,0.025977,0.0,0.0,0.0,-0.398074,-0.024049,0.005322,0.402388,-0.109531,0.024599,0.235003,0.025123,0.007642,0.139583,-0.123348,-0.024965,0.087433,0.174482,-0.0,-0.004761,0.0,0.0,0.0,-0.276095,-0.174482,0.0,-0.118874,-0.0,0.0,-0.0,0.0,0.0,-0.0,0.0,-0.0,0.0,-0.0,0.0,-0.0,0.001953,-0.004639,0.0,0.000182,0.0,0.000061,0.0,-0.000061,0.0,-0.000182,0.0,0.0,0.0,0.010413,
0.0,0.276909,0.867817,-0.000066,0.0,1.570796,-0.0,1.017044,0.025977,0.0,0.0,0.0,-0.387318,-0.024049,0.005194,0.394914,-0.106304,0.024599,0.245017,0.025197,0.008246,0.139583,-0.107498,-0.024965,0.087799,0.174482,-0.0,-0.004761,-0.0,0.0,0.0,-0.270642,-0.174482,0.0,-0.114031,0.0,0.0,0.0,0.0,0.0,-0.0,0.0,0.0,0.0,0.0,0.0,-0.0,0.001953,-0.004639,-0.0,0.000182,0.0,0.000061,0.0,-0.000061,0.0,-0.000182,0.0,0.0,0.0,0.01131,
-0.0,0.28708,0.868077,-0.000066,0.0,1.570796,-0.0,1.017069,0.025984,0.0,0.0,0.0,-0.376562,-0.024049,0.005066,0.387441,-0.103076,0.024599,0.255031,0.02527,0.00885,0.139583,-0.09165,-0.024965,0.088166,0.174482,0.0,-0.004761,0.0,0.0,0.0,-0.265189,-0.174482,0.0,-0.109189,-0.0,0.0,0.0,-0.0,0.0,-0.0,0.0,0.0,0.0,-0.0,0.0,-0.0,0.001953,-0.004639,0.0,0.000182,0.0,0.000061,0.0,-0.000061,0.0,-0.000182,0.0,0.0,0.0,0.012207,
0.0,0.297637,0.868419,-0.000066,0.0,1.570796,0.0,1.055766,0.034219,0.0,0.0,0.0,-0.367701,-0.024049,0.004938,0.390427,-0.102911,0.024599,0.253592,0.02549,0.009418,0.159358,-0.074685,-0.024617,0.089504,0.174482,-0.0,-0.004761,0.0,0.0,0.0,-0.257769,-0.174482,0.0,-0.101819,-0.0,0.0,0.0,0.0,0.0,0.0,0.0,-0.0,0.0,-0.0,0.0,0.0,0.001953,-0.004639,0.0,0.000182,0.0,0.000061,0.0,-0.000061,0.0,-0.000182,0.0,0.0,0.0,0.013874,
0.0,0.308195,0.868761,-0.000066,0.0,1.570796,0.0,1.05577,0.034219,0.0,0.0,0.0,-0.35884,-0.024049,0.00481,0.393414,-0.102746,0.024599,0.252152,0.025709,0.009986,0.179136,-0.057719,-0.024269,0.090842,0.174482,-0.0,-0.004761,-0.0,0.0,0.0,-0.250349,-0.174482,0.0,-0.094449,0.0,0.0,0.0,0.0,0.0,0.0,0.0,0.0,0.0,0.0,0.0,0.0,0.001953,-0.004639,0.0,0.000182,0.0,0.000061,0.0,-0.000061,0.0,-0.000182,0.0,0.0,0.0,0.01554,
0.0,0.318753,0.869104,-0.000066,0.0,1.570796,0.0,1.05577,0.034227,0.0,0.0,0.0,-0.349979,-0.024049,0.004682,0.396401,-0.102581,0.024599,0.250713,0.025929,0.010553,0.198914,-0.040754,-0.023921,0.09218,0.174482,0.0,-0.004761,0.0,0.0,0.0,-0.242928,-0.174482,0.0,-0.08708,0.0,0.0,0.0,0.0,0.0,-0.0,0.0,-0.0,0.0,-0.0,0.0,-0.0,0.001953,-0.004639,0.0,0.000182,0.0,0.000061,0.0,-0.000061,0.0,-0.000182,0.0,0.0,0.0,0.017206,
0.0,0.329156,0.869522,-0.000066,0.0,1.570796,0.0,1.040353,0.041863,0.0,0.0,0.0,-0.341542,-0.024098,0.004578,0.400051,-0.103223,0.024599,0.237733,0.026454,0.011243,0.238404,-0.0267,-0.023317,0.092162,0.174482,0.0,-0.004761,0.0,0.0,0.0,-0.236043,-0.174482,0.0,-0.079884,0.0,0.0,0.0,0.0,0.0,-0.0,0.0,-0.0,0.0,-0.0,0.0,-0.0,0.001953,-0.004639,0.0,0.000182,0.0,0.000061,0.0,-0.000061,0.0,-0.000182,0.0,0.0,0.0,0.018092,
0.0,0.339483,0.869979,-0.000066,0.0,1.570796,0.0,1.032658,0.045685,0.0,0.0,0.0,-0.333316,-0.024171,0.004486,0.404032,-0.104268,0.024599,0.218978,0.027132,0.011994,0.2878,-0.014101,-0.022584,0.091465,0.174482,0.0,-0.004761,0.0,0.0,0.0,-0.229426,-0.174482,0.0,-0.072774,0.0,0.0,0.0,-0.0,0.0,-0.0,0.0,-0.0,0.0,-0.0,0.0,-0.0,0.001953,-0.004639,0.0,0.000182,0.0,0.000061,0.0,-0.000061,-0.0,-0.000182,0.0,0.0,0.0,0.018586,
0.0,0.349809,0.870436,-0.000066,0.0,1.570796,0.0,1.032632,0.045685,0.0,0.0,0.0,-0.32509,-0.024244,0.004395,0.408013,-0.105313,0.024599,0.200223,0.027809,0.012745,0.337195,-0.001503,-0.021852,0.090769,0.174482,0.0,-0.004761,0.0,0.0,0.0,-0.222809,-0.174482,0.0,-0.065665,0.0,0.0,0.0,0.0,0.0,-0.0,0.0,-0.0,0.0,-0.0,0.0,-0.0,0.001953,-0.004639,0.0,0.000182,0.0,0.000061,0.0,-0.000061,0.0,-0.000182,-0.0,0.0,0.0,0.01908,
0.0,0.359992,0.870932,-0.000066,0.0,1.570796,0.0,1.018299,0.049636,0.0,0.0,0.0,-0.316081,-0.024293,0.004334,0.410537,-0.107269,0.024599,0.178338,0.028755,0.013746,0.391116,0.012469,-0.020784,0.088875,0.174482,0.0,-0.004761,-0.0,0.0,0.0,-0.216869,-0.174482,0.0,-0.059215,0.0,0.0,0.0,0.0,0.0,-0.0,0.0,-0.0,0.0,-0.0,0.0,-0.0,0.001953,-0.004639,0.0,0.000182,0.0,0.000061,0.0,-0.000061,0.0,-0.000182,-0.0,0.0,0.0,0.018904,
0.0,0.369888,0.871507,-0.000066,0.0,1.570796,0.0,0.989551,0.05753,0.0,0.0,0.0,-0.305505,-0.024293,0.004334,0.410144,-0.111047,0.024599,0.150175,0.030239,0.015247,0.454271,0.02919,-0.019044,0.084587,0.174482,0.0,-0.004761,-0.0,0.0,0.0,-0.212284,-0.174482,0.0,-0.054086,0.0,-0.0,-0.0,0.0,0.0,-0.0,0.0,0.0,0.0,-0.0,0.0,0.0,0.001953,-0.004639,0.0,0.000182,0.0,0.000061,0.0,-0.000061,0.0,-0.000182,-0.0,0.0,0.0,0.017384,
0.0,0.379783,0.872083,-0.000066,0.0,1.570796,0.0,0.989555,0.05753,0.0,0.0,0.0,-0.294929,-0.024293,0.004334,0.409752,-0.114825,0.024599,0.122009,0.031722,0.016749,0.517468,0.045912,-0.017304,0.080298,0.174482,0.0,-0.004761,0.0,0.0,0.0,-0.207699,-0.174482,0.0,-0.048957,0.0,0.0,0.0,0.0,0.0,0.0,0.0,0.0,0.0,0.0,0.0,0.0,0.001953,-0.004639,0.0,0.000182,-0.0,0.000061,0.0,-0.000061,0.0,-0.000182,0.0,-0.0,0.0,0.015864,
0.0,0.389679,0.872658,-0.000066,0.0,1.570796,0.0,0.989551,0.05753,0.0,0.0,0.0,-0.284353,-0.024293,0.004334,0.409359,-0.118603,0.024599,0.093851,0.033206,0.01825,0.580581,0.062633,-0.015565,0.07601,0.174482,0.0,-0.004761,0.0,0.0,0.0,-0.203114,-0.174482,-0.0,-0.043829,-0.0,0.0,-0.0,0.0,0.0,-0.0,0.0,-0.0,0.0,-0.0,0.0,-0.0,0.001953,-0.004639,0.0,0.000182,0.0,0.000061,0.0,-0.000061,-0.0,-0.000182,0.0,0.0,0.0,0.014344,
0.0,0.399238,0.873154,-0.000066,0.0,1.570796,0.0,0.955872,0.04954,0.0,0.0,0.0,-0.273195,-0.024293,0.004517,0.407994,-0.127063,0.024599,0.061361,0.035769,0.020319,0.646287,0.102227,-0.01139,0.068792,0.174482,0.0,-0.004761,0.0,0.0,0.0,-0.198423,-0.174482,0.0,-0.042253,0.0,0.0,0.0,0.0,0.0,0.0,0.0,0.0,0.0,0.0,0.0,0.0,0.001953,-0.004639,0.0,0.000182,0.0,0.000061,0.0,-0.000061,0.0,-0.000182,0.0,0.0,0.0,0.013831,
0.0,0.408796,0.873649,-0.000066,0.0,1.570796,0.0,0.955864,0.049532,0.0,0.0,0.0,-0.262036,-0.024293,0.0047,0.406629,-0.135523,0.024599,0.02886,0.038333,0.022389,0.712088,0.141844,-0.007215,0.061573,0.174482,0.0,-0.004761,0.0,0.0,0.0,-0.193731,-0.174482,0.0,-0.040678,0.0,0.0,0.0,0.0,0.0,0.0,0.0,-0.0,0.0,-0.0,0.0,-0.0,0.001953,-0.004639,0.0,0.000182,0.0,0.000061,0.0,-0.000061,0.0,-0.000182,0.0,-0.0,0.0,0.013318,
0.0,0.418355,0.874144,-0.000066,0.0,1.570796,0.0,0.955868,0.049532,0.0,0.0,0.0,-0.250878,-0.024293,0.004883,0.405264,-0.143983,0.024599,-0.003635,0.040897,0.024458,0.777841,0.181451,-0.00304,0.054355,0.174482,-0.0,-0.004761,0.0,0.0,0.0,-0.189039,-0.174482,0.0,-0.039103,0.0,0.0,0.0,0.0,0.0,-0.0,0.0,-0.0,0.0,-0.0,0.0,0.0,0.001953,-0.004639,0.0,0.000182,0.0,0.000061,0.0,-0.000061,-0.0,-0.000182,0.0,0.0,0.0,0.012806,
0.0,0.427842,0.874982,-0.000066,0.0,1.570796,0.0,0.948679,0.083734,0.0,0.0,0.0,-0.235554,-0.024232,0.004944,0.39525,-0.148517,0.024599,-0.028897,0.041972,0.024391,0.819567,0.21621,-0.00044,0.04532,0.174482,0.0,-0.004761,0.0,0.0,0.0,-0.183162,-0.174482,0.0,-0.037662,0.0,0.0,0.0,0.0,0.0,-0.0,0.0,-0.0,0.0,0.0,0.0,0.0,0.001953,-0.004639,0.0,0.000182,0.0,0.000061,0.0,-0.000061,0.0,-0.000182,0.0,0.0,0.0,0.012269,
0.0,0.437292,0.87599,-0.000066,0.0,1.570796,0.0,0.945065,0.100839,0.0,0.0,0.0,-0.218145,-0.024141,0.004944,0.380909,-0.151088,0.024599,-0.05055,0.042302,0.023256,0.849337,0.248567,0.001373,0.035375,0.174482,0.0,-0.004761,-0.0,0.0,0.0,-0.176691,-0.174482,0.0,-0.036289,0.0,0.0,0.0,0.0,0.0,-0.0,0.0,-0.0,0.0,-0.0,0.0,-0.0,0.001953,-0.004639,0.0,0.000182,0.0,0.000061,0.0,-0.000061,0.0,-0.000182,0.0,0.0,0.0,0.011719,
0.0,0.446743,0.876998,-0.000066,0.0,1.570796,0.0,0.945065,0.100839,0.0,0.0,0.0,-0.200736,-0.024049,0.004944,0.366568,-0.153659,0.024599,-0.072204,0.042631,0.02212,0.879106,0.280925,0.003186,0.02543,0.174482,-0.0,-0.004761,0.0,0.0,0.0,-0.17022,-0.174482,0.0,-0.034915,0.0,0.0,0.0,-0.0,0.0,0.0,0.0,0.0,0.0,-0.0,0.0,-0.0,0.001953,-0.004639,0.0,0.000182,0.0,0.000061,0.0,-0.000061,0.0,-0.000182,0.0,0.0,0.0,0.01117,
0.0,0.456237,0.877993,-0.000066,0.0,1.570796,0.0,0.949407,0.099451,0.0,0.0,0.0,-0.182007,-0.023988,0.004907,0.349719,-0.155049,0.024586,-0.096478,0.043169,0.021437,0.906835,0.303233,0.004791,0.015029,0.174482,0.0,-0.00531,0.0,0.0,0.0,-0.162846,-0.174482,0.0,-0.033053,0.0,0.0,0.0,0.0,0.0,0.0,0.0,0.0,0.0,0.0,0.0,0.0,0.001953,-0.004639,0.0,0.000182,0.0,0.000061,0.0,-0.000061,0.0,-0.000182,0.0,0.0,0.0,0.010462,
0.0,0.465818,0.87896,-0.000066,0.0,1.570796,-0.0,0.958104,0.096682,0.0,0.0,0.0,-0.160629,-0.023988,0.004798,0.327849,-0.154076,0.02455,-0.126012,0.044121,0.021656,0.930508,0.305456,0.005982,0.003712,0.174482,-0.0,-0.006958,-0.0,0.0,0.0,-0.153664,-0.174482,0.0,-0.030215,0.0,0.0,0.0,0.0,0.0,0.0,0.0,0.0,0.0,-0.0,0.0,-0.0,0.001953,-0.004639,0.0,0.000182,0.0,0.000061,0.0,-0.000061,0.0,-0.000182,0.0,0.0,0.0,0.009436,
0.0,0.475399,0.879927,-0.000066,0.0,1.570796,0.0,0.9581,0.09669,0.0,0.0,0.0,-0.139249,-0.023988,0.004688,0.305976,-0.153102,0.024513,-0.155551,0.045073,0.021876,0.954183,0.307679,0.007172,-0.007604,0.174482,0.0,-0.008606,0.0,0.0,0.0,-0.144483,-0.174482,0.0,-0.027376,0.0,0.0,0.0,0.0,0.0,0.0,0.0,0.0,0.0,0.0,0.0,0.0,0.001953,-0.004639,0.0,0.000182,0.0,0.000061,0.0,-0.000061,0.0,-0.000182,0.0,0.0,0.0,0.008411,
0.0,0.48498,0.880893,-0.000066,0.0,1.570796,0.0,0.9581,0.096682,0.0,0.0,0.0,-0.117872,-0.023988,0.004578,0.284107,-0.152129,0.024476,-0.185081,0.046026,0.022096,0.977854,0.309903,0.008362,-0.018921,0.174482,0.0,-0.010254,0.0,0.0,0.0,-0.135301,-0.174482,0.0,-0.024538,0.0,0.0,0.0,0.0,0.0,0.0,0.0,-0.0,0.0,-0.0,0.0,-0.0,0.001953,-0.004639,0.0,0.000182,0.0,0.000061,-0.0,-0.000061,-0.0,-0.000182,0.0,-0.0,0.0,0.007386,
0.0,0.494225,0.881613,-0.000066,0.0,1.570796,0.0,0.92454,0.071991,0.0,0.0,0.0,-0.090974,-0.023988,0.004157,0.25073,-0.144622,0.02444,-0.206397,0.046923,0.023176,0.983053,0.281923,0.007904,-0.032528,0.174482,0.0,-0.018109,0.0,0.0,0.0,-0.125762,-0.174482,0.0,-0.021132,0.0,0.0,0.0,0.0,0.0,0.0,0.0,0.0,0.0,0.0,0.0,0.0,0.001953,-0.004639,0.0,0.000182,0.0,0.000061,0.0,-0.000061,0.0,-0.000182,0.0,0.0,0.0,0.006305,
0.0,0.503471,0.882333,-0.000066,0.0,1.570796,0.0,0.924552,0.071991,0.0,0.0,0.0,-0.064069,-0.023988,0.003736,0.217339,-0.137114,0.024403,-0.227716,0.047821,0.024257,0.98825,0.253932,0.007447,-0.046137,0.174482,0.0,-0.025966,0.0,0.0,0.0,-0.116223,-0.174482,0.0,-0.017726,0.0,0.0,0.0,0.0,0.0,-0.0,0.0,-0.0,0.0,-0.0,0.0,-0.0,0.001953,-0.004639,0.0,0.000182,0.0,0.000061,0.0,-0.000061,0.0,-0.000182,0.0,0.0,0.0,0.005225,
0.0,0.512716,0.883053,-0.000066,0.0,1.570796,-0.0,0.924525,0.071984,0.0,0.0,0.0,-0.037168,-0.023988,0.003314,0.183955,-0.129607,0.024367,-0.249033,0.048718,0.025337,0.993448,0.225946,0.006989,-0.059746,0.174482,0.0,-0.033822,0.0,0.0,0.0,-0.106685,-0.174482,0.0,-0.01432,0.0,0.0,0.0,0.0,0.0,-0.0,0.0,-0.0,0.0,-0.0,0.0,-0.0,0.001953,-0.004639,0.0,0.000182,0.0,0.000061,0.0,-0.000061,0.0,-0.000182,0.0,-0.0,0.0,0.004145,
0.0,0.522008,0.883471,-0.000066,0.0,1.570796,0.0,0.929215,0.041787,0.0,0.0,0.0,-0.018302,-0.024025,0.002686,0.166327,-0.129917,0.024354,-0.269955,0.048358,0.024794,0.993156,0.201153,0.005347,-0.074485,0.174482,0.0,-0.042766,-0.0,0.0,0.0,-0.096455,-0.174482,0.0,-0.010706,0.0,0.0,0.0,0.0,0.0,-0.0,-0.0,-0.0,0.0,-0.0,0.0,-0.0,0.001953,-0.004639,0.0,0.000182,0.0,0.000061,0.0,-0.000061,0.0,-0.000182,0.0,0.0,0.0,0.002686,
0.0,0.531324,0.883738,-0.000066,0.0,1.570796,0.0,0.93154,0.026673,0.0,0.0,0.0,-0.00345,-0.02408,0.001953,0.156573,-0.134138,0.024354,-0.290684,0.047369,0.023439,0.990117,0.177949,0.003113,-0.089791,0.174482,0.0,-0.052254,0.0,0.0,0.0,-0.085879,-0.174482,0.0,-0.006989,0.0,0.0,0.0,0.0,0.0,-0.0,0.0,0.0,0.0,-0.0,0.0,-0.0,0.001953,-0.004639,0.0,0.000182,0.0,0.000061,0.0,-0.000061,0.0,-0.000182,0.0,-0.0,0.0,0.001038,
0.0,0.540639,0.884004,-0.000066,0.0,1.570796,0.0,0.93154,0.026673,0.0,0.0,0.0,0.011401,-0.024135,0.001221,0.14682,-0.138359,0.024354,-0.311413,0.04638,0.022084,0.987079,0.154745,0.000879,-0.105097,0.174482,-0.0,-0.061743,0.0,-0.0,0.0,-0.075304,-0.174482,-0.0,-0.003272,0.0,0.0,0.0,0.0,-0.0,0.0,0.0,-0.0,0.0,0.0,0.0,-0.0,0.001953,-0.004639,0.0,0.000182,-0.0,0.000061,0.0,-0.000061,0.0,-0.000182,0.0,0.0,0.0,-0.00061,
0.0,0.550097,0.88407,-0.000066,0.0,1.570796,0.0,0.945815,0.006593,0.0,0.0,0.0,0.024799,-0.024171,0.000647,0.140342,-0.142905,0.024354,-0.332745,0.045251,0.02054,0.983057,0.133966,-0.0013,-0.120734,0.174482,0.0,-0.071722,0.0,0.0,0.0,-0.063633,-0.174482,0.0,-0.000793,0.0,0.0,0.0,-0.0,0.0,0.0,0.0,0.0,0.0,0.0,0.0,0.0,0.001953,-0.004639,0.0,0.000182,0.0,0.000061,0.0,-0.000061,0.0,-0.000182,0.0,0.0,0.0,-0.002527,
0.0,0.559841,0.883734,-0.000066,0.0,1.570796,0.0,0.974375,-0.033596,0.0,0.0,0.0,0.035294,-0.024171,0.000391,0.140415,-0.148102,0.024354,-0.355291,0.04384,0.018617,0.977068,0.118028,-0.003369,-0.137036,0.174482,0.0,-0.082682,0.0,0.0,0.0,-0.049767,-0.174482,0.0,-0.000793,0.0,0.0,0.0,-0.0,0.0,-0.0,0.0,-0.0,0.0,0.0,0.0,-0.0,0.001953,-0.004639,0.0,0.000182,0.0,0.000061,0.0,-0.000061,0.0,-0.000182,0.0,-0.0,0.0,-0.00498,
0.0,0.569585,0.883398,-0.000066,0.0,1.570796,0.0,0.97439,-0.033596,0.0,0.0,0.0,0.045788,-0.024171,0.000134,0.140488,-0.153299,0.024354,-0.37784,0.04243,0.016694,0.971078,0.102089,-0.005438,-0.153339,0.174482,-0.0,-0.093643,0.0,0.0,0.0,-0.035901,-0.174482,0.0,-0.000793,0.0,0.0,0.0,0.0,0.0,0.0,0.0,0.0,0.0,0.0,-0.0,0.0,0.001953,-0.004639,0.0,0.000182,0.0,0.000061,0.0,-0.000061,0.0,-0.000182,0.0,0.0,0.0,-0.007434,
0.0,0.579329,0.883062,-0.000066,0.0,1.570796,0.0,0.974363,-0.033596,0.0,0.0,0.0,0.056282,-0.024171,-0.000122,0.140562,-0.158495,0.024354,-0.400384,0.04102,0.014771,0.965088,0.086152,-0.007507,-0.16964,0.174482,0.0,-0.104603,0.0,0.0,0.0,-0.022036,-0.174482,0.0,-0.000793,-0.0,0.0,0.0,0.0,0.0,0.0,0.0,0.0,0.0,0.0,0.0,-0.0,0.001953,-0.004639,0.0,0.000182,0.0,0.000061,0.0,-0.000061,0.0,-0.000182,0.0,-0.0,0.0,-0.009888,
0.0,0.589516,0.882036,-0.000066,0.0,1.570796,0.0,1.018752,-0.102655,0.0,0.0,0.0,0.067588,-0.024171,-0.000122,0.140562,-0.16432,0.024354,-0.426061,0.040031,0.013434,0.9595,0.077612,-0.008716,-0.186238,0.174482,0.0,-0.116308,0.0,0.0,0.0,-0.007699,-0.174482,0.0,-0.000793,0.0,0.0,0.0,0.0,0.0,0.0,0.0,0.0,0.0,0.0,-0.0,0.0,0.001953,-0.004639,0.0,0.000182,0.0,0.000061,0.0,-0.000061,0.0,-0.000182,0.0,0.0,0.0,-0.011847,
0.0,0.599703,0.881009,-0.000066,0.0,1.570796,0.0,1.018737,-0.102662,0.0,0.0,0.0,0.078895,-0.024171,-0.000122,0.140562,-0.170146,0.024354,-0.451743,0.039042,0.012098,0.953911,0.069074,-0.009925,-0.202836,0.174482,0.0,-0.128013,0.0,0.0,0.0,0.00664,-0.174482,-0.0,-0.000793,-0.0,0.0,0.0,0.0,0.0,-0.0,0.0,-0.0,0.0,0.0,-0.0,-0.0,0.001953,-0.004639,0.0,0.000182,0.0,0.000061,0.0,-0.000061,0.0,-0.000182,0.0,0.0,0.0,-0.013806,
0.0,0.609891,0.879983,-0.000066,0.0,1.570796,0.0,1.01876,-0.102662,0.0,0.0,0.0,0.090201,-0.024171,-0.000122,0.140562,-0.175971,0.024354,-0.477424,0.038053,0.010761,0.948323,0.060535,-0.011133,-0.219434,0.174482,-0.0,-0.139719,-0.0,0.0,0.0,0.020978,-0.174482,0.0,-0.000793,0.0,0.0,0.0,0.0,0.0,0.0,0.0,-0.0,0.0,-0.0,0.0,-0.0,0.001953,-0.004639,0.0,0.000182,0.0,0.000061,0.0,-0.000061,0.0,-0.000182,0.0,0.0,0.0,-0.015766,
0.0,0.620143,0.878639,-0.000066,0.0,1.570796,-0.0,1.025151,-0.134392,0.0,0.0,0.0,0.101746,-0.024171,-0.000061,0.140562,-0.182474,0.024306,-0.493307,0.03693,0.009644,0.928937,0.049363,-0.012476,-0.236152,0.174482,-0.0,-0.151508,0.0,0.0,0.0,0.034683,-0.174482,0.0,-0.000793,0.0,0.0,0.0,0.0,0.0,-0.0,0.0,0.0,0.0,-0.0,0.0,-0.0,0.001953,-0.004639,0.0,0.000182,0.0,0.000061,0.0,-0.000061,0.0,-0.000182,0.0,0.0,0.0,-0.017347,
0.0,0.630426,0.877136,-0.000066,0.0,1.570796,0.0,1.028361,-0.150269,0.0,0.0,0.0,0.113411,-0.024171,0.000031,0.140562,-0.189317,0.024232,-0.504294,0.035739,0.008637,0.902642,0.036872,-0.013886,-0.252932,0.174482,0.0,-0.16334,0.0,0.0,0.0,0.048073,-0.174482,0.0,-0.000793,0.0,0.0,0.0,0.0,0.0,0.0,0.0,0.0,0.0,-0.0,0.0,-0.0,0.001953,-0.004639,0.0,0.000182,0.0,0.000061,0.0,-0.000061,0.0,-0.000182,0.0,-0.0,0.0,-0.018738,
0.0,0.64071,0.875633,-0.000066,0.0,1.570796,0.0,1.028372,-0.150269,0.0,0.0,0.0,0.125076,-0.024171,0.000122,0.140562,-0.196159,0.024159,-0.51528,0.034549,0.00763,0.876346,0.024381,-0.015296,-0.269712,0.174482,-0.0,-0.175172,-0.0,0.0,0.0,0.061463,-0.174482,0.0,-0.000793,0.0,0.0,0.0,0.0,0.0,-0.0,0.0,-0.0,0.0,0.0,0.0,-0.0,0.001953,-0.004639,0.0,0.000182,0.0,0.000061,0.0,-0.000061,0.0,-0.000182,0.0,0.0,0.0,-0.02013,
0.0,0.651042,0.87434,-0.000066,0.0,1.570796,0.0,1.033166,-0.129273,0.0,0.0,0.0,0.136788,-0.02419,-0.000122,0.140641,-0.203587,0.024147,-0.523092,0.033419,0.0068,0.844481,0.013137,-0.016584,-0.286481,0.174482,0.0,-0.186778,0.0,0.0,0.0,0.074366,-0.174482,0.0,-0.000793,0.0,0.0,0.0,-0.0,0.0,0.0,0.0,0.0,0.0,0.0,0.0,0.0,0.001953,-0.004639,0.0,0.000182,0.0,0.000061,0.0,-0.000061,0.0,-0.000182,0.0,0.0,0.0,-0.021345,
0.0,0.66147,0.873468,-0.000066,0.0,1.570796,0.0,1.042837,-0.087287,0.0,0.0,0.0,0.148597,-0.024244,-0.001038,0.14088,-0.212188,0.024257,-0.524552,0.032412,0.006323,0.801425,0.004384,-0.017628,-0.303235,0.174482,-0.0,-0.197931,0.0,0.0,0.0,0.086299,-0.174482,0.0,-0.000793,0.0,0.0,0.0,-0.0,0.0,0.0,0.0,-0.0,0.0,-0.0,0.0,-0.0,0.001953,-0.004639,0.0,0.000182,0.0,0.000061,0.0,-0.000061,0.0,-0.000182,0.0,0.0,0.0,-0.022206,
0.0,0.671898,0.872595,-0.000066,0.0,1.570796,0.0,1.042807,-0.08728,0.0,0.0,0.0,0.160405,-0.024299,-0.001953,0.141119,-0.220789,0.024367,-0.526012,0.031405,0.005847,0.758356,-0.00437,-0.018671,-0.319988,0.174482,0.0,-0.209085,0.0,0.0,0.0,0.098232,-0.174482,0.0,-0.000793,0.0,0.0,0.0,0.0,0.0,-0.0,0.0,0.0,0.0,-0.0,0.0,-0.0,0.001953,-0.004639,0.0,0.000182,0.0,0.000061,0.0,-0.000061,0.0,-0.000182,0.0,0.0,0.0,-0.023066,
0.0,0.682326,0.871722,-0.000066,0.0,1.570796,0.0,1.042837,-0.087287,0.0,0.0,0.0,0.172214,-0.024354,-0.002869,0.141357,-0.22939,0.024476,-0.527472,0.030398,0.005371,0.715313,-0.013123,-0.019715,-0.336741,0.174482,-0.0,-0.220238,0.0,0.0,0.0,0.110165,-0.174482,-0.0,-0.000793,0.0,0.0,0.0,0.0,0.0,0.0,0.0,-0.0,0.0,0.0,-0.0,0.0,0.001953,-0.004639,0.0,0.000182,0.0,0.000061,0.0,-0.000061,0.0,-0.000182,0.0,0.0,0.0,-0.023927,
0.0,0.693447,0.870819,-0.000066,0.0,1.570796,0.0,1.112051,-0.090327,0.0,0.0,0.0,0.18476,-0.024464,-0.004462,0.141743,-0.239797,0.024751,-0.523777,0.02961,0.005042,0.664773,-0.021877,-0.020484,-0.349414,0.174482,0.0,-0.228424,0.0,0.0,0.0,0.121358,-0.174482,-0.0,-0.000793,0.0,0.0,0.0,-0.0,0.0,0.0,0.0,-0.0,0.0,-0.0,0.0,0.0,0.001953,-0.004639,0.0,0.000182,0.0,0.000061,0.0,-0.000061,0.0,-0.000182,0.0,0.0,0.0,-0.024733,
0.0,0.704567,0.869915,-0.000066,0.0,1.570796,0.0,1.112051,-0.090327,0.0,0.0,0.0,0.197307,-0.024574,-0.006055,0.142128,-0.250204,0.025026,-0.520081,0.028823,0.004712,0.614188,-0.030631,-0.021253,-0.362087,0.174482,-0.0,-0.23661,0.0,0.0,0.0,0.132552,-0.174482,0.0,-0.000793,0.0,0.0,0.0,0.0,0.0,-0.0,0.0,-0.0,0.0,-0.0,0.0,0.0,0.001953,-0.004639,0.0,0.000182,0.0,0.000061,-0.0,-0.000061,0.0,-0.000182,0.0,-0.0,0.0,-0.025538,
0.0,0.715688,0.869012,-0.000066,0.0,1.570796,0.0,1.112059,-0.090327,0.0,0.0,0.0,0.209854,-0.024684,-0.007648,0.142514,-0.26061,0.0253,-0.516386,0.028035,0.004383,0.563625,-0.039383,-0.022023,-0.374759,0.174482,0.0,-0.244797,0.0,0.0,0.0,0.143745,-0.174482,0.0,-0.000793,0.0,0.0,0.0,-0.0,0.0,0.0,0.0,0.0,-0.0,-0.0,0.0,-0.0,0.001953,-0.004639,0.0,0.000182,0.0,0.000061,0.0,-0.000061,0.0,-0.000182,0.0,0.0,0.0,-0.026344,
0.0,0.727341,0.868241,-0.000066,0.0,1.570796,0.0,1.165334,-0.077125,0.0,0.0,0.0,0.222678,-0.024818,-0.009644,0.142967,-0.268331,0.025685,-0.507926,0.027431,0.004114,0.513544,-0.049384,-0.022596,-0.384011,0.174482,0.0,-0.250923,0.0,0.0,-0.0,0.153673,-0.174482,0.0,-0.000793,0.0,0.0,0.0,-0.0,0.0,0.0,0.0,0.0,0.0,-0.0,0.0,0.0,0.001953,-0.004639,0.0,0.000182,0.0,0.000061,0.0,-0.000061,0.0,-0.000182,0.0,0.0,0.0,-0.027126,
0.0,0.739261,0.867536,-0.000066,0.0,1.570796,0.0,1.191998,-0.070531,0.0,0.0,0.0,0.235641,-0.024964,-0.011841,0.143453,-0.274709,0.026125,-0.497082,0.026918,0.003876,0.463634,-0.06001,-0.023072,-0.391553,0.174482,0.0,-0.256018,0.0,0.0,0.0,0.16297,-0.174482,0.0,-0.000793,0.0,0.0,0.0,-0.0,0.0,-0.0,0.0,-0.0,0.0,-0.0,0.0,0.0,0.001953,-0.004639,0.0,0.000182,0.0,0.000061,0.0,-0.000061,-0.0,-0.000182,-0.0,0.0,0.0,-0.027895,
0.0,0.751181,0.86683,-0.000066,0.0,1.570796,0.0,1.191991,-0.070523,0.0,0.0,0.0,0.248604,-0.02511,-0.014038,0.14394,-0.281086,0.026564,-0.486237,0.026405,0.003638,0.413724,-0.070635,-0.023549,-0.399095,0.174482,0.0,-0.261114,0.0,0.0,0.0,0.172266,-0.174482,0.0,-0.000793,0.0,-0.0,-0.0,-0.0,0.0,-0.0,0.0,-0.0,-0.0,0.0,0.0,-0.0,0.001953,-0.004639,0.0,0.000182,0.0,0.000061,0.0,-0.000061,0.0,-0.000182,0.0,0.0,0.0,-0.028664,
0.0,0.763467,0.866237,-0.000066,0.0,1.570796,0.0,1.22855,-0.059313,0.0,0.0,0.0,0.261597,-0.025269,-0.016346,0.144426,-0.284519,0.027004,-0.476179,0.025996,0.003479,0.371209,-0.079869,-0.023915,-0.404647,0.174482,-0.0,-0.265102,0.0,0.0,0.0,0.180732,-0.174482,0.0,-0.000793,0.0,0.0,0.0,0.0,0.0,-0.0,0.0,-0.0,0.0,-0.0,0.0,-0.0,0.001953,-0.004639,-0.0,0.000182,0.0,0.000061,0.0,-0.000061,0.0,-0.000182,0.0,0.0,0.0,-0.029439,
0.0,0.776485,0.865868,-0.000066,0.0,1.570796,0.0,1.301798,-0.036886,0.0,0.0,0.0,0.274652,-0.025452,-0.018873,0.144913,-0.282059,0.027443,-0.467693,0.025795,0.003479,0.343388,-0.086321,-0.024061,-0.406218,0.174482,0.0,-0.266876,0.0,0.0,0.0,0.187538,-0.174482,0.0,-0.000793,0.0,0.0,0.0,0.0,0.0,0.0,0.0,-0.0,0.0,0.0,0.0,-0.0,0.001953,-0.004639,0.0,0.000182,0.0,0.000061,0.0,-0.000061,0.0,-0.000182,0.0,0.0,0.0,-0.030227,
0.0,0.789503,0.8655,-0.000066,0.0,1.570796,0.0,1.301783,-0.036878,0.0,0.0,0.0,0.287707,-0.025635,-0.0214,0.145399,-0.2796,0.027883,-0.459206,0.025594,0.003479,0.315564,-0.092773,-0.024208,-0.407788,0.174482,0.0,-0.26865,0.0,-0.0,-0.0,0.194344,-0.174482,0.0,-0.000793,0.0,0.0,0.0,-0.0,-0.0,0.0,0.0,0.0,0.0,0.0,0.0,0.0,0.001953,-0.004639,0.0,0.000182,0.0,0.000061,0.0,-0.000061,0.0,-0.000182,0.0,0.0,0.0,-0.031014,
0.0,0.802521,0.865131,-0.000066,0.0,1.570796,0.0,1.301791,-0.036878,0.0,0.0,0.0,0.300762,-0.025817,-0.023927,0.145886,-0.27714,0.028322,-0.450719,0.025392,0.003479,0.287747,-0.099225,-0.024354,-0.409359,0.174482,0.0,-0.270424,0.0,0.0,0.0,0.20115,-0.174482,0.0,-0.000793,0.0,0.0,0.0,-0.0,0.0,0.0,0.0,-0.0,0.0,-0.0,0.0,-0.0,0.001953,-0.004639,0.0,0.000182,0.0,0.000061,0.0,-0.000061,0.0,-0.000182,-0.0,0.0,0.0,-0.031802,
0.0,0.816555,0.865191,-0.000066,0.0,1.570796,0.0,1.403488,0.005991,0.0,0.0,0.0,0.313283,-0.026,-0.026216,0.146216,-0.261178,0.028322,-0.437228,0.025337,0.003662,0.268841,-0.094974,-0.024354,-0.404352,0.174482,0.0,-0.268613,-0.0,0.0,-0.0,0.205937,-0.174482,-0.0,-0.000793,-0.0,-0.0,0.0,0.0,0.0,0.0,0.0,0.0,0.0,-0.0,0.0,0.0,0.001953,-0.004639,0.0,0.000182,0.0,0.000061,0.0,-0.000061,0.0,-0.000182,0.0,0.0,0.0,-0.033212,
0.0,0.830591,0.865251,-0.000066,0.0,1.570796,0.0,1.403556,0.006006,0.0,0.0,0.0,0.325805,-0.026183,-0.028505,0.146547,-0.245212,0.028322,-0.423735,0.025282,0.003845,0.249933,-0.090721,-0.024354,-0.399344,0.174482,0.0,-0.266803,0.0,0.0,0.0,0.210724,-0.174482,0.0,-0.000793,0.0,0.0,0.0,0.0,0.0,0.0,0.0,0.0,0.0,-0.0,0.0,0.0,0.001953,-0.004639,0.0,0.000182,0.0,0.000061,0.0,-0.000061,0.0,-0.000182,0.0,0.0,0.0,-0.034622,
0.0,0.844626,0.865311,-0.000066,0.0,1.570796,0.0,1.403533,0.006006,0.0,0.0,0.0,0.338327,-0.026366,-0.030794,0.146877,-0.229247,0.028322,-0.410243,0.025227,0.004028,0.231026,-0.086468,-0.024354,-0.394336,0.174482,0.0,-0.264992,-0.0,-0.0,0.0,0.215511,-0.174482,-0.0,-0.000793,0.0,0.0,-0.0,0.0,-0.0,0.0,0.0,0.0,0.0,-0.0,0.0,-0.0,0.001953,-0.004639,0.0,0.000182,0.0,0.000061,0.0,-0.000061,0.0,-0.000182,0.0,-0.0,0.0,-0.036032,
0.0,0.858686,0.865455,-0.000066,0.0,1.570796,0.0,1.405951,0.014391,0.0,0.0,0.0,0.349325,-0.026513,-0.032461,0.146987,-0.200767,0.027712,-0.403228,0.02527,0.004285,0.229688,-0.076502,-0.024269,-0.3869,0.174482,-0.0,-0.262013,0.0,0.0,0.0,0.217734,-0.174482,0.0,-0.000793,0.0,0.0,0.0,-0.0,0.0,0.0,-0.0,0.0,-0.0,-0.0,0.0,0.0,0.001953,-0.004639,0.0,0.000182,0.0,0.000061,0.0,-0.000061,-0.0,-0.000182,0.0,0.0,0.0,-0.036844,
0.0,0.872757,0.865641,-0.000066,0.0,1.570796,0.0,1.407133,0.018587,0.0,0.0,0.0,0.359561,-0.026641,-0.033816,0.146987,-0.166011,0.026796,-0.399455,0.025362,0.004578,0.237138,-0.063678,-0.024141,-0.37825,0.174482,0.0,-0.258449,0.0,0.0,0.0,0.218673,-0.174482,0.0,-0.000793,-0.0,0.0,0.0,0.0,0.0,-0.0,0.0,-0.0,0.0,-0.0,0.0,-0.0,0.001953,-0.004639,0.0,0.000182,0.0,0.000061,0.0,-0.000061,0.0,-0.000182,0.0,-0.0,0.0,-0.037357,
0.0,0.886828,0.865826,-0.000066,0.0,1.570796,0.0,1.407111,0.018587,0.0,0.0,0.0,0.369798,-0.026769,-0.035171,0.146987,-0.131254,0.025881,-0.395681,0.025453,0.004871,0.244588,-0.050853,-0.024013,-0.369599,0.174482,0.0,-0.254885,0.0,0.0,0.0,0.219613,-0.174482,-0.0,-0.000793,-0.0,0.0,0.0,-0.0,0.0,-0.0,0.0,-0.0,0.0,-0.0,0.0,-0.0,0.001953,-0.004639,0.0,0.000182,-0.0,0.000061,0.0,-0.000061,0.0,-0.000182,0.0,0.0,0.0,-0.03787,
0.0,0.900773,0.866013,-0.000066,0.0,1.570796,0.0,1.394499,0.018632,0.0,0.0,0.0,0.379578,-0.0268,-0.035098,0.146724,-0.09192,0.024818,-0.393096,0.025569,0.005136,0.255952,-0.039129,-0.023857,-0.360263,0.174482,0.0,-0.251126,0.0,0.0,0.0,0.218816,-0.174482,-0.0,-0.000793,0.0,0.0,0.0,0.0,0.0,0.0,0.0,-0.0,0.0,-0.0,0.0,-0.0,0.001953,-0.004639,0.0,0.000182,0.0,0.000061,-0.0,-0.000061,0.0,-0.000182,0.0,0.0,0.0,-0.03787,
0.0,0.914465,0.8662,-0.000066,0.0,1.570796,0.0,1.369147,0.018745,0.0,0.0,0.0,0.388445,-0.026635,-0.032168,0.145935,-0.043356,0.023463,-0.39289,0.025734,0.005347,0.27515,-0.029606,-0.023646,-0.349556,0.174482,0.0,-0.246975,0.0,0.0,-0.0,0.214543,-0.174482,0.0,-0.000793,-0.0,0.0,0.0,0.0,0.0,-0.0,0.0,-0.0,0.0,-0.0,0.0,-0.0,0.001953,-0.004639,0.0,0.000182,0.0,0.000061,0.0,-0.000061,0.0,-0.000182,0.0,0.0,0.0,-0.036844,
0.0,0.928156,0.866388,-0.000066,0.0,1.570796,0.0,1.36917,0.018737,0.0,0.0,0.0,0.397312,-0.026471,-0.029238,0.145145,0.005228,0.022108,-0.392685,0.025899,0.005557,0.294349,-0.020083,-0.023436,-0.338849,0.174482,-0.0,-0.242823,0.0,0.0,0.0,0.210271,-0.174482,0.0,-0.000793,0.0,0.0,0.0,0.0,0.0,-0.0,-0.0,-0.0,0.0,-0.0,0.0,0.0,0.001953,-0.004639,0.0,0.000182,0.0,0.000061,0.0,-0.000061,0.0,-0.000182,0.0,0.0,0.0,-0.035819,
0.0,0.941848,0.866575,-0.000066,0.0,1.570796,0.0,1.369139,0.018745,0.0,0.0,0.0,0.406179,-0.026307,-0.026308,0.144356,0.053773,0.020753,-0.39248,0.026064,0.005768,0.313546,-0.010561,-0.023225,-0.328142,0.174482,0.0,-0.238672,0.0,0.0,0.0,0.205998,-0.174482,0.0,-0.000793,0.0,0.0,0.0,0.0,0.0,-0.0,0.0,0.0,0.0,0.0,0.0,-0.0,0.001953,-0.004639,0.0,0.000182,0.0,0.000061,0.0,-0.000061,-0.0,-0.000182,0.0,0.0,0.0,-0.034793,
0.0,0.954029,0.867045,-0.000066,0.0,1.570796,0.0,1.218098,0.046994,0.0,0.0,0.0,0.358678,-0.026765,-0.020614,0.240178,0.088712,0.019947,-0.387071,0.026192,0.005979,0.323813,-0.004225,-0.023015,-0.318855,0.174482,0.0,-0.235353,0.0,0.0,0.0,0.194431,-0.174482,0.0,-0.000793,-0.0,0.0,0.0,0.0,0.0,-0.0,0.0,-0.0,-0.0,0.0,0.0,0.0,0.001953,-0.004639,0.0,0.000182,0.0,0.000061,0.0,-0.000061,0.0,-0.000182,-0.0,0.0,0.0,-0.033694,
0.0,0.96621,0.867515,-0.000066,0.0,1.570796,0.0,1.218091,0.046994,0.0,0.0,0.0,0.311134,-0.027223,-0.014919,0.336311,0.123663,0.019142,-0.381662,0.02632,0.006189,0.334079,0.002111,-0.022804,-0.309567,0.174482,-0.0,-0.232035,-0.0,0.0,0.0,0.182863,-0.174482,0.0,-0.000793,0.0,0.0,0.0,0.0,0.0,-0.0,0.0,0.0,0.0,0.0,0.0,-0.0,0.001953,-0.004639,0.0,0.000182,0.0,0.000061,0.0,-0.000061,0.0,-0.000182,0.0,-0.0,0.0,-0.032595,
0.0,0.97839,0.867985,-0.000066,0.0,1.570796,0.0,1.218075,0.046994,0.0,0.0,0.0,0.263607,-0.027681,-0.009224,0.432294,0.158607,0.018336,-0.376252,0.026448,0.0064,0.344345,0.008447,-0.022593,-0.30028,0.174482,0.0,-0.228716,0.0,0.0,0.0,0.171294,-0.174482,0.0,-0.000793,0.0,0.0,0.0,0.0,0.0,-0.0,0.0,-0.0,0.0,-0.0,0.0,-0.0,0.001953,-0.004639,0.0,0.000182,0.0,0.000061,0.0,-0.000061,0.0,-0.000182,0.0,0.0,0.0,-0.031497,
0.0,0.990267,0.868585,-0.000066,0.0,1.570796,0.0,1.18761,0.06003,0.0,0.0,0.0,0.207061,-0.029286,-0.008447,0.526814,0.204306,0.015187,-0.368754,0.026491,0.006421,0.352272,0.007093,-0.022523,-0.289985,0.174482,-0.0,-0.223853,0.0,-0.0,0.0,0.158198,-0.174482,-0.0,-0.000793,0.0,0.0,0.0,-0.0,-0.0,0.0,-0.0,0.0,0.0,0.0,-0.0,0.0,0.001953,-0.004639,0.0,0.000182,0.0,0.000061,0.0,-0.000061,0.0,-0.000182,0.0,0.0,0.0,-0.030727,
0.0,1.00199,0.869251,-0.000066,0.0,1.570796,0.0,1.17232,0.066537,0.0,0.0,0.0,0.145901,-0.031466,-0.010132,0.621071,0.255442,0.010865,-0.360211,0.026491,0.006348,0.359027,0.001893,-0.022523,-0.279186,0.174482,0.0,-0.218216,0.0,0.0,0.0,0.144337,-0.174482,-0.0,-0.000793,0.0,0.0,0.0,0.0,0.0,-0.0,-0.0,-0.0,0.0,0.0,0.0,0.0,0.001953,-0.004639,0.0,0.000182,0.0,0.000061,0.0,-0.000061,0.0,-0.000182,0.0,0.0,0.0,-0.030123,
0.0,1.013713,0.869916,-0.000066,0.0,1.570796,0.0,1.172366,0.066537,0.0,0.0,0.0,0.084738,-0.033645,-0.011817,0.715332,0.306579,0.006544,-0.351668,0.026491,0.006275,0.365783,-0.003307,-0.022523,-0.268387,0.174482,-0.0,-0.212579,0.0,0.0,0.0,0.130475,-0.174482,0.0,-0.000793,0.0,0.0,0.0,0.0,0.0,0.0,0.0,-0.0,0.0,-0.0,0.0,0.0,0.001953,-0.004639,0.0,0.000182,0.0,0.000061,0.0,-0.000061,0.0,-0.000182,0.0,0.0,0.0,-0.029519,
0.0,1.025488,0.870634,-0.000066,0.0,1.570796,-0.0,1.177432,0.07184,0.0,0.0,0.0,0.031007,-0.035647,-0.013276,0.792303,0.350912,0.002534,-0.342218,0.026491,0.006153,0.371349,-0.010491,-0.02259,-0.256615,0.174482,0.0,-0.205762,0.0,0.0,0.0,0.116505,-0.174482,0.0,-0.000793,0.0,0.0,0.0,0.0,0.0,-0.0,0.0,-0.0,0.0,-0.0,0.0,-0.0,0.001953,-0.004639,0.0,0.000182,0.0,0.000061,0.0,-0.000061,0.0,-0.000182,0.0,0.0,0.0,-0.029146,
0.0,1.037364,0.871459,-0.000066,0.0,1.570796,0.0,1.187632,0.082446,0.0,0.0,0.0,-0.008044,-0.037296,-0.014283,0.835325,0.381738,-0.000854,-0.330953,0.026491,0.005933,0.374536,-0.021644,-0.022792,-0.242894,0.174482,0.0,-0.196582,0.0,0.0,0.0,0.102315,-0.174482,0.0,-0.000793,0.0,0.0,0.0,-0.0,0.0,0.0,0.0,0.0,0.0,0.0,0.0,0.0,0.001953,-0.004639,0.0,0.000182,0.0,0.000061,0.0,-0.000061,0.0,-0.000182,0.0,0.0,0.0,-0.029238,
0.0,1.04924,0.872283,-0.000066,0.0,1.570796,0.0,1.187601,0.082446,0.0,0.0,0.0,-0.047103,-0.038944,-0.01529,0.878358,0.412569,-0.004242,-0.319687,0.026491,0.005713,0.377724,-0.032796,-0.022993,-0.229173,0.174482,0.0,-0.187401,-0.0,0.0,0.0,0.088124,-0.174482,0.0,-0.000793,0.0,0.0,0.0,0.0,0.0,0.0,-0.0,0.0,0.0,-0.0,0.0,0.0,0.001953,-0.004639,0.0,0.000182,0.0,0.000061,0.0,-0.000061,-0.0,-0.000182,0.0,0.0,0.0,-0.029329,
0.0,1.061116,0.873108,-0.000066,0.0,1.570796,0.0,1.187609,0.082446,0.0,0.0,0.0,-0.086144,-0.040592,-0.016297,0.921366,0.44339,-0.007629,-0.308422,0.026491,0.005493,0.380911,-0.043948,-0.023195,-0.215452,0.174482,-0.0,-0.178221,0.0,0.0,0.0,0.073935,-0.174482,0.0,-0.000793,0.0,0.0,0.0,0.0,0.0,-0.0,0.0,0.0,0.0,0.0,0.0,0.0,0.001953,-0.004639,0.0,0.000182,0.0,0.000061,0.0,-0.000061,0.0,-0.000182,0.0,0.0,0.0,-0.029421,
0.0,1.072266,0.873907,-0.000066,0.0,1.570796,-0.0,1.115023,0.079915,0.0,0.0,0.0,-0.110825,-0.040208,-0.014869,0.937631,0.418284,-0.005945,-0.29621,0.026491,0.005237,0.381004,-0.057084,-0.023396,-0.202647,0.174482,0.0,-0.16786,0.0,0.0,0.0,0.056517,-0.174482,0.0,-0.000793,0.0,0.0,0.0,-0.0,0.0,-0.0,0.0,0.0,0.0,0.0,0.0,0.0,0.001953,-0.004639,0.0,0.000182,0.0,0.000061,0.0,-0.000061,0.0,-0.000182,0.0,0.0,0.0,-0.028231,
0.0,1.083416,0.874706,-0.000066,0.0,1.570796,0.0,1.115,0.079915,0.0,0.0,0.0,-0.135508,-0.039823,-0.013441,0.953892,0.393165,-0.004261,-0.283998,0.026491,0.004981,0.381098,-0.070221,-0.023597,-0.189842,0.174482,0.0,-0.157499,0.0,0.0,0.0,0.039097,-0.174482,0.0,-0.000793,0.0,0.0,0.0,0.0,0.0,-0.0,0.0,0.0,0.0,0.0,0.0,0.0,0.001953,-0.004639,0.0,0.000182,0.0,0.000061,0.0,-0.000061,0.0,-0.000182,0.0,0.0,0.0,-0.02704,
0.0,1.094567,0.875505,-0.000066,0.0,1.570796,0.0,1.115015,0.079915,0.0,0.0,0.0,-0.160189,-0.039439,-0.012012,0.970153,0.368047,-0.002576,-0.271786,0.026491,0.004724,0.381191,-0.083358,-0.023799,-0.177036,0.174482,0.0,-0.147138,-0.0,-0.0,-0.0,0.021678,-0.174482,0.0,-0.000793,0.0,0.0,0.0,0.0,-0.0,0.0,0.0,-0.0,0.0,0.0,0.0,-0.0,0.001953,-0.004639,0.0,0.000182,0.0,0.000061,0.0,-0.000061,0.0,-0.000182,0.0,0.0,0.0,-0.02585,
0.0,1.105656,0.876732,-0.000066,0.0,1.570796,0.0,1.108955,0.122731,0.0,0.0,0.0,-0.178828,-0.038676,-0.010621,0.973575,0.340846,-0.000525,-0.252578,0.026369,0.004639,0.367716,-0.090561,-0.023933,-0.16426,0.174482,0.0,-0.136272,-0.0,-0.0,-0.0,0.002945,-0.174482,0.0,-0.000793,0.0,0.0,0.0,0.0,-0.0,0.0,0.0,0.0,-0.0,0.0,-0.0,0.0,0.001953,-0.004639,0.0,0.000182,0.0,0.000061,0.0,-0.000061,0.0,-0.000182,0.0,-0.0,0.0,-0.023854,
0.0,1.116716,0.878174,-0.000066,0.0,1.570796,0.0,1.105947,0.144162,0.0,0.0,0.0,-0.194449,-0.037723,-0.009247,0.970573,0.312589,0.001709,-0.229866,0.026186,0.004639,0.34745,-0.094795,-0.024034,-0.151497,0.174482,0.0,-0.125154,0.0,0.0,0.0,-0.016449,-0.174482,0.0,-0.000793,0.0,0.0,0.0,-0.0,0.0,0.0,0.0,0.0,0.0,0.0,0.0,-0.0,0.001953,-0.004639,0.0,0.000182,0.0,0.000061,0.0,-0.000061,0.0,-0.000182,0.0,0.0,0.0,-0.021455,
0.0,1.127775,0.879616,-0.000066,0.0,1.570796,0.0,1.10597,0.144154,0.0,0.0,0.0,-0.21007,-0.036771,-0.007874,0.967571,0.284333,0.003943,-0.207154,0.026003,0.004639,0.327184,-0.09903,-0.024135,-0.138733,0.174482,0.0,-0.114035,-0.0,0.0,0.0,-0.035843,-0.174482,0.0,-0.000793,0.0,0.0,0.0,0.0,0.0,-0.0,0.0,-0.0,0.0,-0.0,0.0,-0.0,0.001953,-0.004639,0.0,0.000182,0.0,0.000061,0.0,-0.000061,0.0,-0.000182,0.0,0.0,0.0,-0.019056,
0.0,1.138956,0.880937,-0.000066,0.0,1.570796,0.0,1.118117,0.132162,0.0,0.0,0.0,-0.226024,-0.035873,-0.006629,0.962783,0.257767,0.006,-0.182557,0.025826,0.00473,0.303538,-0.101695,-0.024235,-0.125763,0.174482,-0.0,-0.102749,0.0,0.0,0.0,-0.055178,-0.174482,0.0,-0.001855,0.0,0.0,0.0,0.0,0.0,0.0,0.0,-0.0,0.0,-0.0,0.0,-0.0,0.001953,-0.004639,0.0,0.000182,0.0,0.000061,0.0,-0.000061,0.0,-0.000182,0.0,-0.0,0.0,-0.016261,
0.0,1.150381,0.882019,-0.000066,0.0,1.570796,0.0,1.142449,0.108154,0.0,0.0,0.0,-0.242651,-0.035086,-0.00564,0.95442,0.234562,0.007703,-0.154171,0.025661,0.005005,0.273113,-0.101218,-0.024336,-0.112376,0.174482,0.0,-0.091129,0.0,0.0,0.0,-0.074403,-0.174482,0.0,-0.005041,0.0,0.0,0.0,-0.0,0.0,0.0,0.0,0.0,0.0,-0.0,0.0,0.0,0.001953,-0.004639,0.0,0.000182,0.0,0.000061,0.0,-0.000061,0.0,-0.000182,0.0,-0.0,0.0,-0.012672,
0.0,1.161806,0.8831,-0.000066,0.0,1.570796,0.0,1.142456,0.108154,0.0,0.0,0.0,-0.259278,-0.034299,-0.004651,0.946057,0.211356,0.009406,-0.12578,0.025496,0.00528,0.242683,-0.100742,-0.024437,-0.098989,0.174482,0.0,-0.079508,-0.0,0.0,0.0,-0.093629,-0.174482,0.0,-0.008227,0.0,0.0,0.0,0.0,0.0,0.0,0.0,0.0,0.0,-0.0,0.0,-0.0,0.001953,-0.004639,0.0,0.000182,-0.0,0.000061,0.0,-0.000061,0.0,-0.000182,0.0,0.0,0.0,-0.009083,
0.0,1.17323,0.884182,-0.000066,0.0,1.570796,0.0,1.142479,0.108154,0.0,0.0,0.0,-0.275905,-0.033511,-0.003662,0.937693,0.188153,0.011109,-0.097397,0.025331,0.005554,0.212262,-0.100265,-0.024537,-0.085602,0.174482,0.0,-0.067888,0.0,0.0,0.0,-0.112853,-0.174482,0.0,-0.011413,0.0,0.0,0.0,0.0,0.0,-0.0,0.0,0.0,0.0,0.0,0.0,-0.0,0.001953,-0.004639,0.0,0.000182,0.0,0.000061,0.0,-0.000061,0.0,-0.000182,0.0,0.0,0.0,-0.005494,
0.0,1.184622,0.884336,-0.000066,0.0,1.570796,0.0,1.139174,0.015456,0.0,0.0,0.0,-0.30025,-0.032998,-0.002948,0.933513,0.173105,0.012079,-0.083542,0.025331,0.005481,0.210122,-0.106554,-0.024574,-0.071514,0.174482,0.0,-0.056404,-0.0,0.0,0.0,-0.128346,-0.174482,0.0,-0.020184,0.0,0.0,0.0,0.0,0.0,-0.0,0.0,-0.0,0.0,-0.0,0.0,-0.0,0.001953,-0.004639,-0.0,0.000182,-0.0,0.000061,0.0,-0.000061,0.0,-0.000182,0.0,0.0,0.0,-0.002894,
0.0,1.196014,0.884491,-0.000066,0.0,1.570796,-0.0,1.139189,0.015441,0.0,0.0,0.0,-0.324601,-0.032485,-0.002234,0.929332,0.158057,0.01305,-0.069688,0.025331,0.005408,0.207987,-0.112845,-0.024611,-0.057425,0.174482,0.0,-0.044918,0.0,0.0,0.0,-0.143839,-0.174482,-0.0,-0.028956,0.0,0.0,0.0,-0.0,0.0,-0.0,0.0,0.0,0.0,0.0,0.0,-0.0,0.001953,-0.004639,-0.0,0.000182,0.0,0.000061,-0.0,-0.000061,0.0,-0.000182,0.0,-0.0,0.0,-0.000293,
0.0,1.207406,0.884645,-0.000066,0.0,1.570796,0.0,1.139174,0.015441,0.0,0.0,0.0,-0.34895,-0.031973,-0.00152,0.925153,0.14301,0.01402,-0.055835,0.025331,0.005335,0.205851,-0.119135,-0.024647,-0.043337,0.174482,0.0,-0.033434,0.0,0.0,0.0,-0.159331,-0.174482,-0.0,-0.037728,0.0,0.0,0.0,0.0,0.0,-0.0,0.0,-0.0,0.0,0.0,0.0,0.0,0.001953,-0.004639,-0.0,0.000182,0.0,0.000061,0.0,-0.000061,0.0,-0.000182,0.0,0.0,0.0,0.002307,
0.0,1.218904,0.884254,-0.000066,0.0,1.570796,0.0,1.149836,-0.039154,0.0,0.0,0.0,-0.375028,-0.031802,-0.001282,0.922832,0.13436,0.014466,-0.04499,0.025331,0.005164,0.209681,-0.127619,-0.024684,-0.028802,0.174482,0.0,-0.023758,0.0,0.0,0.0,-0.174206,-0.174482,0.0,-0.046661,0.0,0.0,0.0,0.0,0.0,0.0,0.0,-0.0,0.0,0.0,0.0,0.0,0.001953,-0.004639,0.0,0.000182,0.0,0.000061,0.0,-0.000061,0.0,-0.000182,0.0,0.0,0.0,0.004407,
0.0,1.230455,0.883589,-0.000066,0.0,1.570796,0.0,1.155133,-0.066467,0.0,0.0,0.0,-0.40198,-0.031802,-0.001282,0.921442,0.12891,0.014649,-0.03565,0.025331,0.004944,0.216496,-0.1372,-0.024721,-0.014042,0.174482,0.0,-0.014986,0.0,0.0,0.0,-0.188774,-0.174482,0.0,-0.055673,0.0,0.0,0.0,0.0,0.0,0.0,0.0,0.0,0.0,0.0,0.0,0.0,0.001953,-0.004639,-0.0,0.000182,0.0,0.000061,0.0,-0.000061,0.0,-0.000182,0.0,0.0,0.0,0.006256,
0.0,1.242007,0.882924,-0.000066,0.0,1.570796,0.0,1.155148,-0.066475,0.0,0.0,0.0,-0.428932,-0.031802,-0.001282,0.920052,0.12346,0.014832,-0.02631,0.025331,0.004724,0.223311,-0.146781,-0.024757,0.000718,0.174482,0.0,-0.006215,0.0,0.0,0.0,-0.203342,-0.174482,0.0,-0.064686,-0.0,0.0,-0.0,-0.0,0.0,0.0,0.0,-0.0,0.0,-0.0,0.0,-0.0,0.001953,-0.004639,0.0,0.000182,0.0,0.000061,0.0,-0.000061,0.0,-0.000182,0.0,0.0,0.0,0.008105,
0.0,1.253702,0.881993,-0.000066,0.0,1.570796,0.0,1.169508,-0.093169,0.0,0.0,0.0,-0.453475,-0.031802,-0.001434,0.915607,0.116912,0.015015,-0.017568,0.025331,0.004474,0.231686,-0.157401,-0.024794,0.016606,0.174482,0.0,-0.000366,0.0,0.0,0.0,-0.217596,-0.174482,-0.0,-0.073718,0.0,0.0,0.0,-0.0,0.0,0.0,0.0,-0.0,0.0,0.0,0.0,0.0,0.001953,-0.004639,-0.0,0.000182,0.0,0.000061,0.0,-0.000061,0.0,-0.000182,0.0,-0.0,0.0,0.009699,
0.0,1.265684,0.880527,-0.000066,0.0,1.570796,-0.0,1.198191,-0.146596,0.0,0.0,0.0,-0.473213,-0.031802,-0.001892,0.905049,0.108166,0.015198,-0.010024,0.025331,0.004163,0.243181,-0.170103,-0.02483,0.034757,0.174482,0.0,-0.000366,0.0,0.0,0.0,-0.231223,-0.174482,0.0,-0.082791,0.0,0.0,0.0,0.0,0.0,0.0,0.0,0.0,0.0,-0.0,0.0,0.0,0.001953,-0.004639,0.0,0.000182,0.0,0.000061,0.0,-0.000061,0.0,-0.000182,0.0,0.0,0.0,0.010779,
0.0,1.277666,0.879061,-0.000066,0.0,1.570796,0.0,1.198206,-0.146603,0.0,0.0,0.0,-0.492953,-0.031802,-0.00235,0.89449,0.099419,0.015381,-0.002479,0.025331,0.003851,0.254677,-0.182805,-0.024867,0.05291,0.174482,-0.0,-0.000366,0.0,0.0,0.0,-0.24485,-0.174482,0.0,-0.091863,0.0,0.0,0.0,-0.0,0.0,-0.0,0.0,-0.0,0.0,-0.0,0.0,-0.0,0.001953,-0.004639,0.0,0.000182,0.0,0.000061,0.0,-0.000061,0.0,-0.000182,0.0,0.0,0.0,0.011859,
0.0,1.289648,0.877595,-0.000066,0.0,1.570796,0.0,1.198175,-0.146596,0.0,0.0,0.0,-0.512689,-0.031802,-0.002808,0.883933,0.090672,0.015565,0.005065,0.025331,0.00354,0.266172,-0.195506,-0.024904,0.071059,0.174482,0.0,-0.000366,0.0,0.0,0.0,-0.258476,-0.174482,0.0,-0.100936,0.0,0.0,0.0,-0.0,0.0,-0.0,0.0,0.0,0.0,0.0,0.0,-0.0,0.001953,-0.004639,0.0,0.000182,0.0,0.000061,0.0,-0.000061,0.0,-0.000182,0.0,0.0,0.0,0.01294,
0.0,1.301767,0.876659,-0.000066,0.0,1.570796,0.0,1.211981,-0.093571,0.0,0.0,0.0,-0.51832,-0.031234,-0.002698,0.850652,0.077994,0.016489,0.024751,0.025331,0.003613,0.254367,-0.198176,-0.024904,0.087468,0.174482,0.0,-0.000366,-0.0,0.0,0.0,-0.269995,-0.174482,0.0,-0.109446,0.0,-0.0,0.0,0.0,0.0,0.0,0.0,0.0,0.0,0.0,0.0,0.0,0.001953,-0.004639,0.0,0.000182,0.0,0.000061,0.0,-0.000061,0.0,-0.000182,0.0,-0.0,0.0,0.013672,
0.0,1.313887,0.875723,-0.000066,0.0,1.570796,0.0,1.211996,-0.093563,0.0,0.0,0.0,-0.52395,-0.030666,-0.002588,0.817356,0.065315,0.017414,0.044441,0.025331,0.003687,0.242558,-0.200844,-0.024904,0.103877,0.174482,0.0,-0.000366,0.0,0.0,0.0,-0.281514,-0.174482,0.0,-0.117957,0.0,0.0,0.0,-0.0,0.0,-0.0,0.0,0.0,0.0,-0.0,0.0,0.0,0.001953,-0.004639,0.0,0.000182,0.0,0.000061,0.0,-0.000061,0.0,-0.000182,0.0,-0.0,0.0,0.014405,
0.0,1.326007,0.874788,-0.000066,0.0,1.570796,0.0,1.211996,-0.093563,0.0,0.0,0.0,-0.529579,-0.030099,-0.002478,0.784065,0.052635,0.018339,0.064131,0.025331,0.00376,0.230749,-0.203513,-0.024904,0.120287,0.174482,0.0,-0.000366,-0.0,0.0,0.0,-0.293033,-0.174482,-0.0,-0.126467,-0.0,0.0,0.0,0.0,0.0,0.0,0.0,0.0,0.0,0.0,0.0,0.0,0.001953,-0.004639,-0.0,0.000182,0.0,0.000061,0.0,-0.000061,0.0,-0.000182,0.0,-0.0,0.0,0.015137,
0.0,1.338638,0.873829,-0.000066,0.0,1.570796,0.0,1.263052,-0.095917,0.0,0.0,0.0,-0.531405,-0.029323,-0.001917,0.742795,0.042646,0.019263,0.08935,0.02527,0.004517,0.209519,-0.204979,-0.025014,0.135806,0.174482,0.0,-0.000366,-0.0,0.0,0.0,-0.30273,-0.174482,0.0,-0.134469,0.0,0.0,0.0,0.0,0.0,-0.0,0.0,0.0,0.0,0.0,0.0,0.0,0.001953,-0.004639,0.0,0.000182,0.0,0.000061,0.0,-0.000061,-0.0,-0.000182,0.0,-0.0,0.0,0.016187,
0.0,1.351524,0.872858,-0.000066,0.0,1.570796,0.0,1.288626,-0.09709,0.0,0.0,0.0,-0.531329,-0.028444,-0.001129,0.697489,0.034001,0.020188,0.117347,0.025178,0.005615,0.183568,-0.205844,-0.025178,0.150884,0.174482,-0.0,-0.000366,-0.0,0.0,0.0,-0.311516,-0.174482,-0.0,-0.142216,0.0,0.0,0.0,0.0,0.0,-0.0,0.0,-0.0,0.0,-0.0,-0.0,-0.0,0.001953,-0.004639,0.0,0.000182,0.0,0.000061,0.0,-0.000061,0.0,-0.000182,0.0,0.0,0.0,0.017396,
0.0,1.36441,0.871887,-0.000066,0.0,1.570796,0.0,1.288596,-0.09709,0.0,0.0,0.0,-0.531254,-0.027565,-0.000342,0.652185,0.025357,0.021113,0.145343,0.025087,0.006714,0.157618,-0.206709,-0.025343,0.165961,0.174482,-0.0,-0.000366,0.0,0.0,0.0,-0.320302,-0.174482,-0.0,-0.149963,-0.0,0.0,-0.0,0.0,0.0,0.0,0.0,0.0,0.0,0.0,0.0,0.0,0.001953,-0.004639,-0.0,0.000182,0.0,0.000061,0.0,-0.000061,0.0,-0.000182,-0.0,0.0,0.0,0.018604,
0.0,1.377624,0.870952,-0.000066,0.0,1.570796,0.0,1.321371,-0.093449,0.0,0.0,0.0,-0.530426,-0.026784,0.000494,0.610496,0.014396,0.021931,0.169063,0.025069,0.008124,0.14047,-0.210515,-0.025563,0.180551,0.174482,-0.0,-0.000366,0.0,0.0,0.0,-0.32793,-0.174482,0.0,-0.15721,0.0,0.0,0.0,0.0,0.0,0.0,0.0,0.0,0.0,-0.0,-0.0,-0.0,0.001953,-0.004639,0.0,0.000182,0.0,0.000061,0.0,-0.000061,0.0,-0.000182,0.0,0.0,0.0,0.020093,
0.0,1.391493,0.870091,-0.000066,0.0,1.570796,0.0,1.386892,-0.086151,0.0,0.0,0.0,-0.528093,-0.026198,0.001428,0.575962,-0.001206,0.022535,0.184238,0.025197,0.010156,0.140929,-0.220208,-0.025893,0.194168,0.174482,-0.0,-0.000366,-0.0,0.0,0.0,-0.333242,-0.174482,0.0,-0.163457,0.0,0.0,0.0,0.0,0.0,0.0,0.0,0.0,0.0,0.0,0.0,0.0,0.001953,-0.004639,0.0,0.000182,0.0,0.000061,0.0,-0.000061,0.0,-0.000182,0.0,0.0,0.0,0.022144,
0.0,1.405361,0.869229,-0.000066,0.0,1.570796,0.0,1.386846,-0.086143,0.0,0.0,0.0,-0.52576,-0.025612,0.002362,0.541422,-0.016808,0.02314,0.199413,0.025325,0.012189,0.141388,-0.2299,-0.026222,0.207786,0.174482,-0.0,-0.000366,0.0,0.0,-0.0,-0.338553,-0.174482,0.0,-0.169704,-0.0,-0.0,-0.0,-0.0,0.0,0.0,0.0,0.0,0.0,0.0,0.0,0.0,0.001953,-0.004639,0.0,0.000182,-0.0,0.000061,0.0,-0.000061,0.0,-0.000182,0.0,0.0,0.0,0.024195,
0.0,1.41923,0.868368,-0.000066,0.0,1.570796,0.0,1.386892,-0.086143,0.0,0.0,0.0,-0.523427,-0.025026,0.003296,0.506895,-0.03241,0.023744,0.214588,0.025453,0.014221,0.141847,-0.239592,-0.026552,0.221404,0.174482,-0.0,-0.000366,-0.0,-0.0,0.0,-0.343864,-0.174482,0.0,-0.175951,0.0,0.0,0.0,0.0,-0.0,-0.0,0.0,-0.0,-0.0,-0.0,0.0,-0.0,0.001953,-0.004639,0.0,0.000182,0.0,0.000061,0.0,-0.000061,0.0,-0.000182,-0.0,0.0,0.0,0.026246,
0.0,1.43368,0.867826,-0.000066,0.0,1.570796,0.0,1.445026,-0.054172,0.0,0.0,0.0,-0.522631,-0.024769,0.003973,0.497433,-0.051444,0.023982,0.22973,0.025599,0.016309,0.142269,-0.239465,-0.026881,0.232323,0.174482,0.0,-0.000366,-0.0,0.0,0.0,-0.342862,-0.174482,0.0,-0.17711,0.0,0.0,0.0,0.0,0.0,0.0,0.0,0.0,0.0,0.0,0.0,0.0,0.001953,-0.004639,0.0,0.000182,0.0,0.000061,0.0,-0.000061,0.0,-0.000182,-0.0,0.0,0.0,0.027803,
0.0,1.448131,0.867284,-0.000066,0.0,1.570796,0.0,1.445072,-0.054172,0.0,0.0,0.0,-0.521835,-0.024513,0.004651,0.487975,-0.070481,0.02422,0.244873,0.025746,0.018396,0.142691,-0.239335,-0.027211,0.243241,0.174482,0.0,-0.000366,-0.0,0.0,0.0,-0.341858,-0.174482,0.0,-0.178269,0.0,0.0,0.0,0.0,0.0,-0.0,0.0,-0.0,0.0,0.0,0.0,-0.0,0.001953,-0.004639,0.0,0.000182,0.0,0.000061,0.0,-0.000061,0.0,-0.000182,0.0,0.0,0.0,0.02936,
0.0,1.462581,0.866743,-0.000066,0.0,1.570796,0.0,1.445026,-0.054165,0.0,0.0,0.0,-0.521039,-0.024257,0.005328,0.478518,-0.089517,0.024458,0.260016,0.025892,0.020484,0.143113,-0.239206,-0.027541,0.25416,0.174482,-0.0,-0.000366,0.0,0.0,0.0,-0.340855,-0.174482,-0.0,-0.179427,0.0,0.0,0.0,-0.0,0.0,0.0,0.0,-0.0,0.0,-0.0,-0.0,0.0,0.001953,-0.004639,-0.0,0.000182,0.0,0.000061,0.0,-0.000061,0.0,-0.000182,0.0,0.0,0.0,0.030916,
0.0,1.477436,0.866338,-0.000066,0.0,1.570796,0.0,1.48543,-0.040482,0.0,0.0,0.0,-0.514811,-0.024171,0.005615,0.469572,-0.098749,0.024537,0.274574,0.026038,0.022413,0.143438,-0.230557,-0.027651,0.26258,0.174482,0.0,-0.000366,0.0,0.0,0.0,-0.336672,-0.174482,0.0,-0.178784,0.0,0.0,0.0,0.0,0.0,-0.0,0.0,-0.0,0.0,-0.0,0.0,-0.0,0.001953,-0.004639,0.0,0.000182,0.0,0.000061,0.0,-0.000061,0.0,-0.000182,0.0,0.0,0.0,0.032143,
0.0,1.492492,0.866002,-0.000066,0.0,1.570796,0.0,1.505587,-0.033637,0.0,0.0,0.0,-0.505865,-0.024171,0.005707,0.460883,-0.103076,0.024537,0.288841,0.026185,0.024262,0.143713,-0.217644,-0.027651,0.26975,0.174482,0.0,-0.000366,0.0,0.0,0.0,-0.330899,-0.174482,0.0,-0.17724,0.0,-0.0,0.0,0.0,0.0,0.0,0.0,0.0,0.0,0.0,0.0,0.0,0.001953,-0.004639,0.0,0.000182,0.0,0.000061,-0.0,-0.000061,0.0,-0.000182,0.0,0.0,0.0,0.033205,
0.0,1.507548,0.865665,-0.000066,0.0,1.570796,0.0,1.505632,-0.03363,0.0,0.0,0.0,-0.496919,-0.024171,0.005799,0.452193,-0.107403,0.024537,0.303108,0.026331,0.026112,0.143989,-0.204731,-0.027651,0.27692,0.174482,0.0,-0.000366,-0.0,-0.0,0.0,-0.325125,-0.174482,0.0,-0.175695,-0.0,0.0,0.0,0.0,-0.0,-0.0,-0.0,-0.0,-0.0,0.0,0.0,-0.0,0.001953,-0.004639,0.0,0.000182,0.0,0.000061,-0.0,-0.000061,-0.0,-0.000182,0.0,0.0,0.0,0.034268,
0.0,1.52281,0.865392,-0.000066,0.0,1.570796,0.0,1.52617,-0.027357,0.0,0.0,0.0,-0.485351,-0.024171,0.005792,0.441551,-0.108694,0.024537,0.316915,0.026484,0.028016,0.144239,-0.186604,-0.027425,0.282527,0.174482,-0.0,-0.000366,0.0,0.0,0.0,-0.318035,-0.174482,-0.0,-0.173521,0.0,0.0,0.0,-0.0,0.0,0.0,-0.0,0.0,0.0,-0.0,0.0,-0.0,0.001953,-0.004639,-0.0,0.000182,0.0,0.000061,0.0,-0.000061,0.0,-0.000182,0.0,0.0,0.0,0.03511,
0.0,1.538483,0.865244,-0.000066,0.0,1.570796,0.0,1.567384,-0.014766,0.0,0.0,0.0,-0.468531,-0.024171,0.005591,0.427,-0.103909,0.024537,0.329802,0.026648,0.030031,0.144441,-0.15803,-0.026747,0.285006,0.174482,0.0,-0.000366,0.0,0.0,0.0,-0.308308,-0.174482,0.0,-0.170084,0.0,0.0,0.0,0.0,0.0,0.0,0.0,0.0,0.0,0.0,0.0,0.0,0.001953,-0.004639,-0.0,0.000182,0.0,0.000061,0.0,-0.000061,0.0,-0.000182,0.0,-0.0,0.0,0.035513,
0.0,1.554157,0.865096,-0.000066,0.0,1.570796,0.0,1.567399,-0.014773,0.0,0.0,0.0,-0.451711,-0.024171,0.00539,0.412448,-0.099123,0.024537,0.34269,0.026813,0.032045,0.144643,-0.129451,-0.02607,0.287485,0.174482,-0.0,-0.000366,0.0,0.0,0.0,-0.298582,-0.174482,0.0,-0.166648,0.0,-0.0,0.0,0.0,0.0,0.0,0.0,-0.0,0.0,0.0,0.0,-0.0,0.001953,-0.004639,0.0,0.000182,0.0,0.000061,0.0,-0.000061,0.0,-0.000182,0.0,0.0,0.0,0.035916,
0.0,1.569831,0.864949,-0.000066,0.0,1.570796,0.0,1.567353,-0.014773,0.0,0.0,0.0,-0.434893,-0.024171,0.005188,0.397898,-0.094338,0.024537,0.355578,0.026978,0.03406,0.144845,-0.100881,-0.025392,0.289964,0.174482,0.0,-0.000366,0.0,0.0,0.0,-0.288855,-0.174482,0.0,-0.163212,0.0,0.0,0.0,0.0,0.0,-0.0,0.0,-0.0,0.0,-0.0,0.0,-0.0,0.001953,-0.004639,0.0,0.000182,0.0,0.000061,0.0,-0.000061,0.0,-0.000182,0.0,0.0,0.0,0.036319,
0.0,1.584087,0.865344,-0.000066,0.0,1.570796,0.0,1.42558,0.039577,0.0,0.0,0.0,-0.421497,-0.024254,0.004602,0.391664,-0.078254,0.024483,0.365379,0.027051,0.034115,0.144423,-0.056037,-0.023854,0.285156,0.174482,0.0,-0.000366,-0.0,0.0,0.0,-0.279761,-0.174482,0.0,-0.154546,0.0,0.0,0.0,0.0,0.0,-0.0,0.0,-0.0,0.0,-0.0,0.0,-0.0,0.001953,-0.004639,0.0,0.000182,0.0,0.000061,0.0,-0.000061,0.0,-0.000182,0.0,0.0,0.0,0.034341,
0.0,1.598342,0.86574,-0.000066,0.0,1.570796,0.0,1.425519,0.039584,0.0,0.0,0.0,-0.408102,-0.024336,0.004016,0.385431,-0.062166,0.024428,0.37518,0.027125,0.03417,0.144001,-0.011161,-0.022316,0.280348,0.174482,0.0,-0.000366,0.0,0.0,0.0,-0.270667,-0.174482,0.0,-0.145879,0.0,0.0,0.0,0.0,0.0,0.0,0.0,-0.0,0.0,0.0,0.0,0.0,0.001953,-0.004639,0.0,0.000182,0.0,0.000061,0.0,-0.000061,0.0,-0.000182,0.0,-0.0,0.0,0.032364,
0.0,1.612598,0.866136,-0.000066,0.0,1.570796,0.0,1.425565,0.039584,0.0,0.0,0.0,-0.394707,-0.024418,0.00343,0.379199,-0.046079,0.024373,0.38498,0.027198,0.034225,0.143579,0.033701,-0.020778,0.275539,0.174482,-0.0,-0.000366,0.0,0.0,0.0,-0.261573,-0.174482,0.0,-0.137212,-0.0,0.0,0.0,-0.0,0.0,0.0,0.0,0.0,0.0,0.0,-0.0,0.0,0.001953,-0.004639,0.0,0.000182,0.0,0.000061,0.0,-0.000061,0.0,-0.000182,0.0,-0.0,0.0,0.030386,
0.0,1.626198,0.866698,-0.000066,0.0,1.570796,0.0,1.360042,0.05622,0.0,0.0,0.0,-0.384562,-0.024501,0.003076,0.381859,-0.039103,0.024318,0.351636,0.028382,0.031973,0.213843,0.070438,-0.018654,0.265791,0.174482,0.0,-0.000366,-0.0,0.0,0.0,-0.25308,-0.174482,-0.0,-0.128673,-0.0,0.0,-0.0,0.0,0.0,-0.0,0.0,-0.0,0.0,-0.0,0.0,0.0,0.001953,-0.004639,0.0,0.000182,0.0,0.000061,0.0,-0.000061,0.0,-0.000182,0.0,-0.0,0.0,0.028457,
0.0,1.63947,0.867344,-0.000066,0.0,1.570796,0.0,1.327236,0.064549,0.0,0.0,0.0,-0.376044,-0.024583,0.002838,0.38897,-0.036686,0.024263,0.296642,0.030122,0.028567,0.319915,0.103139,-0.016236,0.25357,0.174482,-0.0,-0.000366,0.0,0.0,0.0,-0.244889,-0.174482,0.0,-0.120198,0.0,0.0,0.0,0.0,0.0,0.0,0.0,-0.0,0.0,0.0,0.0,0.0,0.001953,-0.004639,0.0,0.000182,0.0,0.000061,0.0,-0.000061,0.0,-0.000182,0.0,-0.0,0.0,0.026552,
0.0,1.652743,0.867989,-0.000066,0.0,1.570796,0.0,1.327236,0.064549,0.0,0.0,0.0,-0.367526,-0.024666,0.0026,0.39608,-0.034268,0.024208,0.241649,0.031862,0.025161,0.425987,0.13584,-0.013819,0.24135,0.174482,-0.0,-0.000366,0.0,0.0,0.0,-0.236697,-0.174482,0.0,-0.111723,-0.0,0.0,0.0,0.0,0.0,-0.0,0.0,-0.0,0.0,-0.0,0.0,-0.0,0.001953,-0.004639,0.0,0.000182,0.0,0.000061,0.0,-0.000061,-0.0,-0.000182,0.0,0.0,0.0,0.024648,
0.0,1.665811,0.868676,-0.000066,0.0,1.570796,0.0,1.306865,0.068675,0.0,0.0,0.0,-0.35818,-0.024721,0.002441,0.402174,-0.03492,0.024179,0.184959,0.03384,0.022944,0.52779,0.167923,-0.010908,0.226745,0.174482,0.0,-0.000366,-0.0,0.0,0.0,-0.228835,-0.174482,-0.0,-0.103799,0.0,0.0,0.0,0.0,0.0,0.0,0.0,0.0,0.0,0.0,0.0,0.0,0.001953,-0.004639,-0.0,0.000182,0.0,0.000061,0.0,-0.000061,0.0,-0.000182,0.0,0.0,0.0,0.02317,
0.0,1.678472,0.869446,-0.000066,0.0,1.570796,0.0,1.266047,0.07695,0.0,0.0,0.0,-0.347177,-0.024721,0.002441,0.406232,-0.041715,0.024204,0.124672,0.036294,0.023109,0.622236,0.198804,-0.007008,0.207365,0.174482,0.0,-0.000366,-0.0,0.0,0.0,-0.221632,-0.174482,0.0,-0.09698,-0.0,0.0,0.0,0.0,0.0,0.0,0.0,-0.0,-0.0,0.0,0.0,0.0,0.001953,-0.004639,0.0,0.000182,0.0,0.000061,0.0,-0.000061,0.0,-0.000182,0.0,-0.0,0.0,0.022548,
0.0,1.691132,0.870215,-0.000066,0.0,1.570796,0.0,1.266016,0.07695,0.0,0.0,0.0,-0.336175,-0.024721,0.002441,0.410289,-0.04851,0.024228,0.06435,0.038748,0.023274,0.71682,0.229689,-0.003108,0.187984,0.174482,0.0,-0.000366,0.0,0.0,0.0,-0.214429,-0.174482,0.0,-0.09016,0.0,0.0,0.0,-0.0,0.0,0.0,0.0,-0.0,0.0,0.0,0.0,-0.0,0.001953,-0.004639,0.0,0.000182,0.0,0.000061,0.0,-0.000061,0.0,-0.000182,0.0,0.0,0.0,0.021925,
0.0,1.703793,0.870984,-0.000066,0.0,1.570796,0.0,1.266047,0.07695,0.0,0.0,0.0,-0.325173,-0.024721,0.002441,0.414346,-0.055305,0.024253,0.0041,0.041202,0.023439,0.811125,0.260566,0.000793,0.168604,0.174482,0.0,-0.000366,-0.0,0.0,-0.0,-0.207226,-0.174482,0.0,-0.083341,0.0,0.0,0.0,0.0,0.0,0.0,0.0,0.0,0.0,0.0,0.0,0.0,0.001953,-0.004639,0.0,0.000182,0.0,0.000061,0.0,-0.000061,0.0,-0.000182,0.0,0.0,0.0,0.021302,
0.0,1.716516,0.87194,-0.000066,0.0,1.570796,0.0,1.272332,0.095551,0.0,0.0,0.0,-0.309915,-0.024629,0.002826,0.411879,-0.069231,0.024277,-0.037105,0.042045,0.022487,0.853242,0.274793,0.002295,0.147665,0.174482,0.0,-0.000366,-0.0,0.0,0.0,-0.196081,-0.174482,0.0,-0.073759,0.0,0.0,0.0,0.0,0.0,-0.0,0.0,0.0,0.0,0.0,0.0,-0.0,0.001953,-0.004639,0.0,0.000182,-0.0,0.000061,0.0,-0.000061,0.0,-0.000182,0.0,0.0,0.0,0.021668,
0.0,1.729239,0.872895,-0.000066,0.0,1.570796,0.0,1.272363,0.095551,0.0,0.0,0.0,-0.294654,-0.024538,0.00321,0.40941,-0.083159,0.024301,-0.078331,0.042888,0.021534,0.895377,0.289019,0.003796,0.126722,0.174482,0.0,-0.000366,-0.0,0.0,0.0,-0.184934,-0.174482,0.0,-0.064177,0.0,-0.0,0.0,0.0,0.0,-0.0,0.0,0.0,0.0,0.0,0.0,0.0,0.001953,-0.004639,-0.0,0.000182,0.0,0.000061,0.0,-0.000061,0.0,-0.000182,0.0,0.0,0.0,0.022035,
0.0,1.741963,0.873851,-0.000066,0.0,1.570796,0.0,1.272363,0.095559,0.0,0.0,0.0,-0.279394,-0.024446,0.003595,0.406941,-0.097087,0.024326,-0.119545,0.04373,0.020582,0.937499,0.303244,0.005298,0.105781,0.174482,0.0,-0.000366,0.0,0.0,0.0,-0.173788,-0.174482,0.0,-0.054594,0.0,0.0,0.0,0.0,0.0,0.0,0.0,0.0,0.0,0.0,0.0,0.0,0.001953,-0.004639,0.0,0.000182,0.0,0.000061,0.0,-0.000061,0.0,-0.000182,0.0,0.0,0.0,0.022401,
0.0,1.754601,0.874778,-0.000066,0.0,1.570796,0.0,1.263742,0.092689,0.0,0.0,0.0,-0.261397,-0.024354,0.00387,0.398842,-0.108712,0.02435,-0.150162,0.044963,0.02129,0.959971,0.297142,0.006348,0.083635,0.174482,0.0,-0.000366,-0.0,0.0,0.0,-0.161089,-0.174482,0.0,-0.045101,0.0,0.0,0.0,0.0,0.0,0.0,0.0,0.0,0.0,0.0,0.0,0.0,0.001953,-0.004639,0.0,0.000182,0.0,0.000061,0.0,-0.000061,0.0,-0.000182,0.0,0.0,0.0,0.022047,
0.0,1.767195,0.875691,-0.000066,0.0,1.570796,0.0,1.259454,0.091255,0.0,0.0,0.0,-0.242027,-0.024263,0.004089,0.387925,-0.119187,0.024375,-0.175496,0.046392,0.022828,0.972627,0.280867,0.007172,0.060879,0.174482,0.0,-0.000366,0.0,0.0,0.0,-0.147611,-0.174482,0.0,-0.035651,0.0,0.0,0.0,0.0,0.0,0.0,0.0,0.0,0.0,0.0,0.0,0.0,0.001953,-0.004639,0.0,0.000182,0.0,0.000061,0.0,-0.000061,0.0,-0.000182,0.0,0.0,0.0,0.021333,
0.0,1.77979,0.876603,-0.000066,0.0,1.570796,0.0,1.259485,0.091262,0.0,0.0,0.0,-0.222657,-0.024171,0.004309,0.377008,-0.129661,0.024399,-0.200831,0.047821,0.024366,0.985283,0.264592,0.007996,0.038123,0.174482,0.0,-0.000366,0.0,0.0,0.0,-0.134134,-0.174482,0.0,-0.0262,0.0,0.0,0.0,0.0,0.0,-0.0,0.0,0.0,0.0,-0.0,0.0,0.0,0.001953,-0.004639,0.0,0.000182,0.0,0.000061,0.0,-0.000061,0.0,-0.000182,0.0,0.0,0.0,0.020619,
0.0,1.792377,0.877725,-0.000066,0.0,1.570796,0.0,1.258751,0.112174,0.0,0.0,0.0,-0.198669,-0.02411,0.004395,0.35714,-0.135974,0.024411,-0.224799,0.048676,0.02527,0.993299,0.247191,0.008088,0.016161,0.174482,-0.0,-0.00291,0.0,0.0,0.0,-0.119729,-0.174482,0.0,-0.019898,0.0,0.0,0.0,-0.0,0.0,0.0,0.0,0.0,0.0,0.0,0.0,0.0,0.001953,-0.004639,0.0,0.000182,-0.0,0.000061,0.0,-0.000061,0.0,-0.000182,0.0,-0.0,0.0,0.019185,
0.0,1.80495,0.879265,-0.000066,0.0,1.570796,0.0,1.257299,0.15406,0.0,0.0,0.0,-0.165421,-0.02411,0.004212,0.319333,-0.133955,0.024396,-0.246047,0.048383,0.024904,0.992029,0.227532,0.006714,-0.004221,0.174482,0.0,-0.010546,0.0,0.0,0.0,-0.103467,-0.174482,0.0,-0.019898,0.0,0.0,0.0,-0.0,0.0,-0.0,0.0,0.0,0.0,0.0,0.0,-0.0,0.001953,-0.004639,0.0,0.000182,0.0,0.000061,0.0,-0.000061,0.0,-0.000182,0.0,-0.0,0.0,0.01631,
0.0,1.817523,0.880806,-0.000066,0.0,1.570796,0.0,1.257253,0.154052,0.0,0.0,0.0,-0.132168,-0.02411,0.004028,0.281518,-0.131936,0.024381,-0.267295,0.04809,0.024538,0.990759,0.207872,0.005341,-0.024604,0.174482,0.0,-0.018182,-0.0,0.0,0.0,-0.087204,-0.174482,-0.0,-0.019898,0.0,0.0,0.0,0.0,0.0,0.0,0.0,-0.0,0.0,0.0,0.0,0.0,0.001953,-0.004639,0.0,0.000182,0.0,0.000061,0.0,-0.000061,0.0,-0.000182,0.0,0.0,0.0,0.013435,
-0.0,1.830096,0.882346,-0.000066,0.0,1.570796,-0.0,1.257268,0.154052,0.0,0.0,0.0,-0.098927,-0.02411,0.003845,0.243721,-0.129917,0.024367,-0.288541,0.047797,0.024171,0.98949,0.188215,0.003968,-0.044984,0.174482,0.0,-0.025818,0.0,0.0,0.0,-0.070943,-0.174482,0.0,-0.019898,0.0,0.0,0.0,0.0,0.0,-0.0,0.0,-0.0,0.0,0.0,0.0,-0.0,0.001953,-0.004639,0.0,0.000182,0.0,0.000061,0.0,-0.000061,-0.0,-0.000182,0.0,-0.0,0.0,0.01056,
0.0,1.842511,0.882862,-0.000066,0.0,1.570796,0.0,1.241513,0.05152,0.0,0.0,0.0,-0.074909,-0.02411,0.003516,0.223831,-0.126615,0.024352,-0.314067,0.046716,0.022633,0.98683,0.171772,0.002063,-0.06417,0.174482,-0.0,-0.037374,-0.0,0.0,0.0,-0.052446,-0.174482,-0.0,-0.019898,0.0,0.0,0.0,0.0,0.0,-0.0,0.0,0.0,0.0,0.0,0.0,0.0,0.001953,-0.004639,0.0,0.000182,0.0,0.000061,0.0,-0.000061,0.0,-0.000182,0.0,0.0,0.0,0.006367,
0.0,1.854926,0.883377,-0.000066,0.0,1.570796,0.0,1.241513,0.051504,0.0,0.0,0.0,-0.050888,-0.02411,0.003186,0.203942,-0.123313,0.024337,-0.339599,0.045635,0.021095,0.98417,0.155329,0.000159,-0.083359,0.174482,0.0,-0.048932,0.0,0.0,0.0,-0.033945,-0.174482,0.0,-0.019898,0.0,0.0,0.0,-0.0,0.0,-0.0,0.0,0.0,0.0,0.0,0.0,0.0,0.001953,-0.004639,0.0,0.000182,0.0,0.000061,0.0,-0.000061,0.0,-0.000182,0.0,0.0,0.0,0.002174,
0.0,1.867341,0.883892,-0.000066,0.0,1.570796,0.0,1.241482,0.051497,0.0,0.0,0.0,-0.02687,-0.02411,0.002857,0.184055,-0.120011,0.024323,-0.365128,0.044555,0.019557,0.98151,0.138887,-0.001745,-0.102545,0.174482,0.0,-0.06049,-0.0,0.0,-0.0,-0.015447,-0.174482,0.0,-0.019898,0.0,0.0,0.0,0.0,0.0,0.0,0.0,0.0,0.0,0.0,0.0,0.0,0.001953,-0.004639,0.0,0.000182,0.0,0.000061,0.0,-0.000061,0.0,-0.000182,0.0,0.0,0.0,-0.002019,
0.0,1.87988,0.883825,-0.000066,0.0,1.570796,0.0,1.253891,-0.006707,0.0,0.0,0.0,-0.005462,-0.02411,0.002612,0.169894,-0.121379,0.024308,-0.391918,0.043462,0.018043,0.977186,0.128953,-0.003308,-0.121765,0.174482,0.0,-0.072308,0.0,0.0,0.0,0.002169,-0.174482,-0.0,-0.019898,-0.0,0.0,0.0,0.0,0.0,0.0,0.0,0.0,0.0,-0.0,0.0,-0.0,0.001953,-0.004639,0.0,0.000182,0.0,0.000061,0.0,-0.000061,0.0,-0.000182,0.0,0.0,0.0,-0.006066,
0.0,1.892481,0.883466,-0.000066,0.0,1.570796,-0.0,1.260134,-0.035836,0.0,0.0,0.0,0.014647,-0.02411,0.002411,0.158597,-0.125085,0.024293,-0.41935,0.042363,0.016542,0.972029,0.122276,-0.0047,-0.141004,0.174482,0.0,-0.084258,0.0,0.0,0.0,0.019348,-0.174482,-0.0,-0.019898,0.0,0.0,0.0,0.0,0.0,0.0,0.0,0.0,0.0,-0.0,0.0,0.0,0.001953,-0.004639,0.0,0.000182,0.0,0.000061,0.0,-0.000061,0.0,-0.000182,0.0,0.0,0.0,-0.01004,
0.0,1.905082,0.883108,-0.000066,0.0,1.570796,0.0,1.260134,-0.035828,0.0,0.0,0.0,0.034755,-0.02411,0.00221,0.1473,-0.128791,0.024279,-0.446782,0.041264,0.01504,0.966873,0.115598,-0.006091,-0.160244,0.174482,0.0,-0.096208,0.0,0.0,0.0,0.036526,-0.174482,0.0,-0.019898,0.0,0.0,0.0,0.0,0.0,-0.0,0.0,0.0,-0.0,0.0,0.0,-0.0,0.001953,-0.004639,0.0,0.000182,0.0,0.000061,0.0,-0.000061,0.0,-0.000182,0.0,0.0,0.0,-0.014013,
0.0,1.917845,0.88247,-0.000066,0.0,1.570796,0.0,1.276219,-0.063796,0.0,0.0,0.0,0.053138,-0.02411,0.002033,0.139797,-0.134823,0.024264,-0.471591,0.040147,0.013636,0.958238,0.108268,-0.007483,-0.179444,0.174482,0.0,-0.108167,0.0,0.0,0.0,0.053229,-0.174482,0.0,-0.019898,0.0,0.0,0.0,0.0,0.0,-0.0,0.0,-0.0,0.0,0.0,0.0,0.0,0.001953,-0.004639,0.0,0.000182,0.0,0.000061,0.0,-0.000061,0.0,-0.000182,0.0,-0.0,0.0,-0.017627,
0.0,1.930928,0.881272,-0.000066,0.0,1.570796,0.0,1.308327,-0.119763,0.0,0.0,0.0,0.068072,-0.02411,0.001904,0.139889,-0.14551,0.024249,-0.491165,0.038993,0.012427,0.942639,0.099633,-0.008875,-0.19857,0.174482,0.0,-0.120148,0.0,0.0,0.0,0.068988,-0.174482,0.0,-0.019898,-0.0,0.0,0.0,-0.0,0.0,0.0,0.0,-0.0,0.0,-0.0,0.0,-0.0,0.001953,-0.004639,0.0,0.000182,0.0,0.000061,0.0,-0.000061,0.0,-0.000182,0.0,-0.0,0.0,-0.02052,
0.0,1.944011,0.880075,-0.000066,0.0,1.570796,0.0,1.308342,-0.119763,0.0,0.0,0.0,0.083006,-0.02411,0.001776,0.139981,-0.156197,0.024235,-0.51074,0.037839,0.011219,0.927039,0.090999,-0.010266,-0.217698,0.174482,-0.0,-0.132128,0.0,-0.0,-0.0,0.084748,-0.174482,0.0,-0.019898,0.0,0.0,0.0,-0.0,-0.0,0.0,0.0,0.0,0.0,-0.0,0.0,0.0,0.001953,-0.004639,0.0,0.000182,0.0,0.000061,0.0,-0.000061,0.0,-0.000182,0.0,-0.0,0.0,-0.023414,
0.0,1.957095,0.878877,-0.000066,0.0,1.570796,-0.0,1.308373,-0.119763,0.0,0.0,0.0,0.097939,-0.02411,0.001648,0.140072,-0.166884,0.02422,-0.530313,0.036686,0.01001,0.91144,0.082364,-0.011658,-0.236823,0.174482,0.0,-0.144109,-0.0,0.0,0.0,0.100506,-0.174482,0.0,-0.019898,0.0,0.0,0.0,0.0,0.0,0.0,0.0,0.0,0.0,0.0,0.0,-0.0,0.001953,-0.004639,0.0,0.000182,0.0,0.000061,0.0,-0.000061,0.0,-0.000182,0.0,-0.0,0.0,-0.026307,
0.0,1.969854,0.877867,-0.000066,0.0,1.570796,0.0,1.275946,-0.100967,0.0,0.0,0.0,0.112322,-0.024165,0.000861,0.140293,-0.177292,0.024205,-0.53672,0.035477,0.009223,0.875395,0.072141,-0.01305,-0.256096,0.174482,0.0,-0.155977,0.0,0.0,0.0,0.113202,-0.174482,0.0,-0.019898,-0.0,0.0,0.0,0.0,0.0,0.0,0.0,0.0,-0.0,0.0,0.0,-0.0,0.001953,-0.004639,0.0,0.000182,0.0,0.000061,0.0,-0.000061,0.0,-0.000182,0.0,0.0,0.0,-0.028249,
0.0,1.982614,0.876858,-0.000066,0.0,1.570796,-0.0,1.275962,-0.100959,0.0,0.0,0.0,0.126706,-0.02422,0.000073,0.140513,-0.187701,0.024191,-0.543124,0.034268,0.008435,0.839331,0.061918,-0.014441,-0.275371,0.174482,0.0,-0.167847,0.0,0.0,0.0,0.125897,-0.174482,0.0,-0.019898,0.0,0.0,0.0,0.0,0.0,-0.0,0.0,-0.0,0.0,0.0,0.0,0.0,0.001953,-0.004639,0.0,0.000182,0.0,0.000061,0.0,-0.000061,0.0,-0.000182,0.0,0.0,0.0,-0.03019,
0.0,1.995373,0.875848,-0.000066,0.0,1.570796,0.0,1.275885,-0.100959,0.0,0.0,0.0,0.141089,-0.024275,-0.000714,0.140733,-0.198109,0.024176,-0.549527,0.033059,0.007648,0.803277,0.051695,-0.015833,-0.294644,0.174482,0.0,-0.179716,-0.0,0.0,0.0,0.138592,-0.174482,0.0,-0.019898,0.0,0.0,0.0,0.0,0.0,0.0,0.0,0.0,0.0,0.0,0.0,0.0,0.001953,-0.004639,0.0,0.000182,0.0,0.000061,0.0,-0.000061,0.0,-0.000182,0.0,-0.0,0.0,-0.032131,
-0.0,2.008365,0.87475,-0.000066,0.0,1.570796,-0.0,1.299186,-0.109853,0.0,0.0,0.0,0.155782,-0.024354,-0.002014,0.141064,-0.21025,0.02433,-0.552082,0.032009,0.00708,0.75974,0.04239,-0.017005,-0.311697,0.174482,-0.0,-0.190801,0.0,0.0,0.0,0.150257,-0.174482,0.0,-0.019898,0.0,0.0,0.0,0.0,0.0,0.0,0.0,-0.0,0.0,0.0,0.0,0.0,0.001953,-0.004639,0.0,0.000182,0.0,0.000061,0.0,-0.000061,0.0,-0.000182,0.0,0.0,0.0,-0.033938,
0.0,2.021473,0.873607,-0.000066,0.0,1.570796,0.0,1.310798,-0.114301,0.0,0.0,0.0,0.170632,-0.024446,-0.00357,0.141449,-0.223259,0.024568,-0.55271,0.031039,0.006623,0.712411,0.033544,-0.018067,-0.32764,0.174482,0.0,-0.201494,0.0,0.0,0.0,0.161409,-0.174482,0.0,-0.019898,0.0,0.0,0.0,0.0,0.0,0.0,0.0,-0.0,0.0,0.0,-0.0,0.0,0.001953,-0.004639,0.0,0.000182,0.0,0.000061,0.0,-0.000061,0.0,-0.000182,-0.0,0.0,0.0,-0.035678,
-0.0,2.034581,0.872464,-0.000066,0.0,1.570796,-0.0,1.310798,-0.114308,0.0,0.0,0.0,0.185483,-0.024537,-0.005127,0.141835,-0.236268,0.024806,-0.553338,0.030068,0.006165,0.665083,0.024698,-0.019129,-0.343584,0.174482,0.0,-0.212187,0.0,-0.0,-0.0,0.172561,-0.174482,0.0,-0.019898,-0.0,0.0,0.0,-0.0,-0.0,-0.0,0.0,0.0,0.0,-0.0,0.0,0.0,0.001953,-0.004639,0.0,0.000182,0.0,0.000061,0.0,-0.000061,0.0,-0.000182,0.0,0.0,0.0,-0.037418,
0.0,2.047987,0.871334,-0.000066,0.0,1.570796,0.0,1.340583,-0.113017,0.0,0.0,0.0,0.200485,-0.024647,-0.006939,0.142275,-0.248327,0.025117,-0.551844,0.029195,0.005731,0.617651,0.014817,-0.020094,-0.357859,0.174482,0.0,-0.222155,0.0,0.0,0.0,0.183466,-0.174482,0.0,-0.019898,0.0,0.0,0.0,0.0,0.0,0.0,0.0,0.0,0.0,0.0,0.0,0.0,0.001953,-0.004639,0.0,0.000182,0.0,0.000061,0.0,-0.000061,0.0,-0.000182,0.0,-0.0,0.0,-0.039212,
0.0,2.061989,0.870229,-0.000066,0.0,1.570796,0.0,1.400245,-0.110457,0.0,0.0,0.0,0.215795,-0.024793,-0.009265,0.142826,-0.258485,0.025575,-0.546103,0.028518,0.005347,0.569891,0.002859,-0.020863,-0.368797,0.174482,0.0,-0.230673,0.0,0.0,0.0,0.193881,-0.174482,0.0,-0.019898,0.0,0.0,0.0,0.0,0.0,0.0,0.0,-0.0,0.0,-0.0,0.0,0.0,0.001953,-0.004639,0.0,0.000182,0.0,0.000061,0.0,-0.000061,-0.0,-0.000182,0.0,0.0,0.0,-0.041117,
0.0,2.075992,0.869124,-0.000066,0.0,1.570796,0.0,1.400291,-0.110465,0.0,0.0,0.0,0.231106,-0.02494,-0.011591,0.143377,-0.268643,0.026033,-0.540362,0.02784,0.004962,0.522112,-0.009098,-0.021632,-0.379735,0.174482,-0.0,-0.239191,0.0,0.0,0.0,0.204296,-0.174482,0.0,-0.019898,0.0,0.0,0.0,0.0,0.0,0.0,0.0,-0.0,0.0,-0.0,0.0,-0.0,0.001953,-0.004639,0.0,0.000182,0.0,0.000061,-0.0,-0.000061,0.0,-0.000182,0.0,0.0,0.0,-0.043022,
0.0,2.089995,0.86802,-0.000066,0.0,1.570796,0.0,1.400276,-0.110457,0.0,0.0,0.0,0.246416,-0.025086,-0.013916,0.143927,-0.278802,0.026491,-0.534621,0.027162,0.004578,0.474369,-0.021056,-0.022401,-0.390673,0.174482,0.0,-0.247709,-0.0,0.0,0.0,0.214711,-0.174482,0.0,-0.019898,0.0,0.0,0.0,0.0,0.0,-0.0,0.0,-0.0,0.0,0.0,-0.0,-0.0,0.001953,-0.004639,0.0,0.000182,0.0,0.000061,0.0,-0.000061,0.0,-0.000182,-0.0,0.0,0.0,-0.044927,
0.0,2.105154,0.867455,-0.000066,0.0,1.570796,0.0,1.515918,-0.056464,0.0,0.0,0.0,0.261885,-0.025324,-0.017304,0.144643,-0.281929,0.027168,-0.525168,0.026796,0.004358,0.436192,-0.032136,-0.022804,-0.393793,0.174482,0.0,-0.249556,0.0,0.0,0.0,0.224721,-0.174482,0.0,-0.019898,-0.0,0.0,0.0,0.0,0.0,-0.0,0.0,-0.0,-0.0,0.0,0.0,-0.0,0.001953,-0.004639,0.0,0.000182,0.0,0.000061,0.0,-0.000061,0.0,-0.000182,0.0,0.0,0.0,-0.046593,
0.0,2.120313,0.866891,-0.000066,0.0,1.570796,0.0,1.515918,-0.056449,0.0,0.0,0.0,0.277356,-0.025561,-0.020691,0.145359,-0.285055,0.027846,-0.515714,0.02643,0.004138,0.398,-0.043217,-0.023207,-0.396912,0.174482,0.0,-0.251402,0.0,0.0,0.0,0.234731,-0.174482,0.0,-0.019898,0.0,0.0,0.0,0.0,0.0,0.0,0.0,0.0,0.0,0.0,0.0,0.0,0.001953,-0.004639,0.0,0.000182,0.0,0.000061,0.0,-0.000061,0.0,-0.000182,0.0,-0.0,0.0,-0.04826,
0.0,2.135472,0.866326,-0.000066,0.0,1.570796,0.0,1.515903,-0.056456,0.0,0.0,0.0,0.292826,-0.025799,-0.024079,0.146075,-0.288181,0.028523,-0.50626,0.026064,0.003919,0.359817,-0.054297,-0.02361,-0.400031,0.174482,0.0,-0.253247,0.0,0.0,0.0,0.244741,-0.174482,-0.0,-0.019898,0.0,0.0,0.0,0.0,0.0,0.0,0.0,0.0,0.0,0.0,0.0,-0.0,0.001953,-0.004639,0.0,0.000182,0.0,0.000061,0.0,-0.000061,0.0,-0.000182,0.0,0.0,0.0,-0.049927,
0.0,2.15107,0.865914,-0.000066,0.0,1.570796,-0.0,1.559817,-0.041179,0.0,0.0,0.0,0.307542,-0.026012,-0.026783,0.146534,-0.278527,0.028749,-0.497058,0.02588,0.003845,0.3389,-0.061021,-0.023805,-0.399665,0.174482,0.0,-0.25361,0.0,0.0,0.0,0.253397,-0.174482,0.0,-0.019898,0.0,0.0,0.0,0.0,0.0,0.0,0.0,0.0,0.0,0.0,0.0,-0.0,0.001953,-0.004639,0.0,0.000182,0.0,0.000061,0.0,-0.000061,0.0,-0.000182,-0.0,0.0,0.0,-0.051582,
0.0,2.166888,0.865579,-0.000066,0.0,1.570796,0.0,1.581789,-0.033533,0.0,0.0,0.0,0.321883,-0.026214,-0.029146,0.146865,-0.262476,0.028749,-0.487981,0.025789,0.003845,0.326614,-0.065565,-0.023897,-0.397554,0.174482,0.0,-0.253232,0.0,0.0,0.0,0.261376,-0.174482,0.0,-0.019898,-0.0,0.0,0.0,0.0,0.0,-0.0,0.0,-0.0,0.0,-0.0,0.0,0.0,0.001953,-0.004639,0.0,0.000182,0.0,0.000061,0.0,-0.000061,0.0,-0.000182,0.0,-0.0,0.0,-0.05323,
0.0,2.182705,0.865244,-0.000066,0.0,1.570796,0.0,1.581743,-0.033533,0.0,0.0,0.0,0.336223,-0.026415,-0.031508,0.147195,-0.246424,0.028749,-0.478905,0.025697,0.003845,0.314328,-0.070109,-0.023988,-0.395443,0.174482,-0.0,-0.252854,-0.0,0.0,-0.0,0.269354,-0.174482,-0.0,-0.019898,0.0,-0.0,-0.0,0.0,0.0,-0.0,0.0,-0.0,0.0,0.0,0.0,0.0,0.001953,-0.004639,0.0,0.000182,0.0,0.000061,0.0,-0.000061,0.0,-0.000182,0.0,0.0,0.0,-0.054879,
0.0,2.198666,0.864949,-0.000066,0.0,1.570796,0.0,1.596025,-0.02942,0.0,0.0,0.0,0.350103,-0.02661,-0.033785,0.147501,-0.225323,0.028493,-0.470221,0.025636,0.003876,0.306542,-0.071979,-0.024049,-0.391967,0.174482,0.0,-0.252475,0.0,0.0,0.0,0.276172,-0.174482,0.0,-0.019898,0.0,0.0,0.0,-0.0,0.0,0.0,-0.0,-0.0,0.0,-0.0,0.0,-0.0,0.001953,-0.004639,0.0,0.000182,-0.0,0.000061,0.0,-0.000061,0.0,-0.000182,0.0,0.0,0.0,-0.056485,
0.0,2.214913,0.864738,-0.000066,0.0,1.570796,0.0,1.624696,-0.021178,0.0,0.0,0.0,0.363067,-0.026793,-0.035891,0.147758,-0.194094,0.027724,-0.462323,0.025636,0.003967,0.307765,-0.068498,-0.024049,-0.385755,0.174482,-0.0,-0.252097,0.0,0.0,0.0,0.280666,-0.174482,-0.0,-0.019898,0.0,0.0,0.0,-0.0,0.0,-0.0,0.0,0.0,-0.0,-0.0,-0.0,-0.0,0.001953,-0.004639,0.0,0.000182,0.0,0.000061,0.0,-0.000061,0.0,-0.000182,0.0,0.0,0.0,-0.058005,
0.0,2.23116,0.864526,-0.000066,0.0,1.570796,-0.0,1.624681,-0.021171,0.0,0.0,0.0,0.37603,-0.026976,-0.037997,0.148016,-0.16286,0.026955,-0.454424,0.025636,0.004059,0.308988,-0.065017,-0.024049,-0.379543,0.174482,0.0,-0.251719,0.0,0.0,0.0,0.28516,-0.174482,0.0,-0.019898,-0.0,0.0,0.0,-0.0,0.0,-0.0,0.0,0.0,0.0,0.0,0.0,0.0,0.001953,-0.004639,0.0,0.000182,0.0,0.000061,0.0,-0.000061,0.0,-0.000182,0.0,0.0,0.0,-0.059526,
0.0,2.247406,0.864314,-0.000066,0.0,1.570796,0.0,1.624681,-0.021171,0.0,0.0,0.0,0.388993,-0.027159,-0.040103,0.148273,-0.131636,0.026186,-0.446525,0.025636,0.004151,0.310211,-0.061536,-0.024049,-0.373332,0.174482,0.0,-0.25134,0.0,0.0,0.0,0.289655,-0.174482,0.0,-0.019898,0.0,0.0,0.0,-0.0,0.0,0.0,-0.0,-0.0,0.0,-0.0,0.0,0.0,0.001953,-0.004639,0.0,0.000182,0.0,0.000061,0.0,-0.000061,-0.0,-0.000182,0.0,0.0,0.0,-0.061046,
0.0,2.261913,0.864592,-0.000066,0.0,1.570796,-0.0,1.450697,0.02776,0.0,0.0,0.0,0.398957,-0.027159,-0.039884,0.148016,-0.088773,0.024538,-0.43334,0.025728,0.004773,0.301623,-0.040132,-0.023738,-0.36505,0.174482,-0.0,-0.249938,0.0,0.0,0.0,0.285772,-0.174482,0.0,-0.019898,0.0,0.0,0.0,-0.0,0.0,0.0,0.0,0.0,0.0,0.0,-0.0,0.0,0.001953,-0.004639,0.0,0.000182,0.0,0.000061,0.0,-0.000061,0.0,-0.000182,0.0,0.0,0.0,-0.05938,
0.0,2.27642,0.86487,-0.000066,0.0,1.570796,0.0,1.450666,0.027783,0.0,0.0,0.0,0.408921,-0.027159,-0.039664,0.147759,-0.045881,0.02289,-0.420152,0.025819,0.005396,0.293033,-0.018722,-0.023427,-0.356768,0.174482,0.0,-0.248535,-0.0,0.0,0.0,0.281888,-0.174482,0.0,-0.019898,0.0,0.0,0.0,0.0,0.0,-0.0,0.0,-0.0,0.0,0.0,0.0,-0.0,0.001953,-0.004639,0.0,0.000182,0.0,0.000061,-0.0,-0.000061,0.0,-0.000182,0.0,0.0,0.0,-0.057713,
0.0,2.290927,0.865147,-0.000066,0.0,1.570796,0.0,1.450697,0.027776,0.0,0.0,0.0,0.418886,-0.027159,-0.039445,0.147502,-0.003001,0.021242,-0.406965,0.025911,0.006018,0.284443,0.002687,-0.023115,-0.348486,0.174482,-0.0,-0.247133,-0.0,0.0,0.0,0.278004,-0.174482,0.0,-0.019898,0.0,0.0,0.0,0.0,0.0,-0.0,0.0,-0.0,0.0,0.0,0.0,0.0,0.001953,-0.004639,0.0,0.000182,0.0,0.000061,0.0,-0.000061,0.0,-0.000182,0.0,-0.0,0.0,-0.056046,
0.0,2.304785,0.865573,-0.000066,0.0,1.570796,0.0,1.385815,0.042549,0.0,0.0,0.0,0.414077,-0.026953,-0.033464,0.164503,0.056498,0.020314,-0.400873,0.026039,0.006311,0.292941,0.012402,-0.022889,-0.339241,0.174482,0.0,-0.244907,0.0,0.0,-0.0,0.270075,-0.174482,0.0,-0.019898,0.0,0.0,0.0,0.0,0.0,-0.0,0.0,-0.0,0.0,0.0,0.0,-0.0,0.001953,-0.004639,0.0,0.000182,0.0,0.000061,0.0,-0.000061,0.0,-0.000182,-0.0,0.0,0.0,-0.054513,
0.0,2.318318,0.866072,-0.000066,0.0,1.570796,-0.0,1.353314,0.04994,0.0,0.0,0.0,0.401874,-0.026643,-0.024601,0.190149,0.124444,0.019746,-0.398333,0.026186,0.006439,0.309992,0.016266,-0.022706,-0.329515,0.174482,0.0,-0.242269,0.0,0.0,0.0,0.260121,-0.174482,0.0,-0.019898,0.0,0.0,0.0,0.0,0.0,-0.0,0.0,-0.0,0.0,-0.0,0.0,-0.0,0.001953,-0.004639,0.0,0.000182,0.0,0.000061,0.0,-0.000061,0.0,-0.000182,0.0,0.0,0.0,-0.053048,
0.0,2.331852,0.866572,-0.000066,0.0,1.570796,0.0,1.353344,0.04994,0.0,0.0,0.0,0.389671,-0.026332,-0.015738,0.215795,0.192391,0.019178,-0.395792,0.026332,0.006568,0.327044,0.02013,-0.022523,-0.319788,0.174482,0.0,-0.239631,0.0,0.0,0.0,0.250167,-0.174482,0.0,-0.019898,-0.0,0.0,0.0,0.0,0.0,-0.0,0.0,-0.0,0.0,-0.0,0.0,-0.0,0.001953,-0.004639,0.0,0.000182,0.0,0.000061,0.0,-0.000061,0.0,-0.000182,0.0,0.0,0.0,-0.051582,
0.0,2.34523,0.867111,-0.000066,0.0,1.570796,0.0,1.33778,0.05396,0.0,0.0,0.0,0.355258,-0.026759,-0.009949,0.278142,0.24192,0.017842,-0.392432,0.026472,0.006629,0.343388,0.021114,-0.022401,-0.309663,0.174482,-0.0,-0.2363,0.0,0.0,0.0,0.238546,-0.174482,0.0,-0.019898,0.0,0.0,0.0,-0.0,0.0,-0.0,0.0,-0.0,0.0,-0.0,0.0,0.0,0.001953,-0.004639,0.0,0.000182,0.0,0.000061,0.0,-0.000061,0.0,-0.000182,0.0,0.0,0.0,-0.05066,
0.0,2.358297,0.867731,-0.000066,0.0,1.570796,-0.0,1.306713,0.062014,0.0,0.0,0.0,0.276195,-0.028664,-0.010315,0.414927,0.254809,0.014967,-0.387432,0.026601,0.006555,0.35832,0.016335,-0.022401,-0.29874,0.174482,0.0,-0.231582,0.0,0.0,0.0,0.223588,-0.174482,0.0,-0.019898,0.0,0.0,0.0,-0.0,0.0,-0.0,0.0,0.0,0.0,-0.0,0.0,0.0,0.001953,-0.004639,0.0,0.000182,0.0,0.000061,0.0,-0.000061,0.0,-0.000182,0.0,-0.0,0.0,-0.050825,
-0.0,2.371364,0.868352,-0.000066,0.0,1.570796,-0.0,1.306728,0.062022,0.0,0.0,0.0,0.19705,-0.030568,-0.010681,0.552141,0.267699,0.012092,-0.382432,0.026729,0.006482,0.373252,0.011555,-0.022401,-0.287818,0.174482,0.0,-0.226863,0.0,0.0,0.0,0.208629,-0.174482,-0.0,-0.019898,0.0,0.0,0.0,0.0,0.0,-0.0,0.0,0.0,0.0,0.0,0.0,-0.0,0.001953,-0.004639,0.0,0.000182,0.0,0.000061,0.0,-0.000061,-0.0,-0.000182,0.0,0.0,0.0,-0.05099,
0.0,2.384431,0.868972,-0.000066,0.0,1.570796,0.0,1.306682,0.062014,0.0,0.0,0.0,0.118071,-0.032473,-0.011048,0.688497,0.280588,0.009217,-0.377432,0.026857,0.006409,0.388183,0.006776,-0.022401,-0.276896,0.174482,0.0,-0.222144,0.0,0.0,0.0,0.193671,-0.174482,0.0,-0.019898,0.0,-0.0,-0.0,-0.0,0.0,-0.0,0.0,0.0,0.0,-0.0,-0.0,-0.0,0.001953,-0.004639,0.0,0.000182,0.0,0.000061,0.0,-0.000061,0.0,-0.000182,0.0,0.0,0.0,-0.051155,
0.0,2.397338,0.869899,-0.000066,0.0,1.570796,0.0,1.29075,0.092767,0.0,0.0,0.0,0.076284,-0.03381,-0.011652,0.737837,0.303248,0.00669,-0.365042,0.026857,0.006226,0.390128,-0.003092,-0.022572,-0.262923,0.174482,0.0,-0.211378,0.0,0.0,0.0,0.178328,-0.174482,-0.0,-0.019898,0.0,0.0,0.0,-0.0,0.0,-0.0,-0.0,-0.0,0.0,0.0,-0.0,-0.0,0.001953,-0.004639,0.0,0.000182,0.0,0.000061,0.0,-0.000061,0.0,-0.000182,0.0,-0.0,0.0,-0.051301,
0.0,2.410246,0.870827,-0.000066,0.0,1.570796,-0.0,1.290765,0.092775,0.0,0.0,0.0,0.034481,-0.035147,-0.012256,0.787198,0.325915,0.004163,-0.352649,0.026857,0.006043,0.392069,-0.012962,-0.022743,-0.248948,0.174482,-0.0,-0.200609,0.0,0.0,0.0,0.162982,-0.174482,0.0,-0.019898,0.0,0.0,0.0,0.0,0.0,0.0,0.0,0.0,0.0,0.0,0.0,0.0,0.001953,-0.004639,0.0,0.000182,0.0,0.000061,0.0,-0.000061,0.0,-0.000182,0.0,0.0,0.0,-0.051448,
0.0,2.423154,0.871755,-0.000066,0.0,1.570796,0.0,1.29078,0.092775,0.0,0.0,0.0,-0.007311,-0.036484,-0.01286,0.836538,0.34858,0.001636,-0.340257,0.026857,0.00586,0.394011,-0.022833,-0.022914,-0.234974,0.174482,0.0,-0.189841,0.0,0.0,0.0,0.147638,-0.174482,-0.0,-0.019898,-0.0,0.0,0.0,0.0,0.0,-0.0,0.0,-0.0,0.0,-0.0,0.0,-0.0,0.001953,-0.004639,0.0,0.000182,0.0,0.000061,0.0,-0.000061,0.0,-0.000182,0.0,0.0,0.0,-0.051594,
0.0,2.435882,0.87272,-0.000066,0.0,1.570796,-0.0,1.272866,0.096497,0.0,0.0,0.0,-0.037209,-0.036832,-0.01244,0.863256,0.345339,0.001367,-0.327007,0.026796,0.005628,0.394359,-0.03506,-0.023085,-0.220107,0.174482,0.0,-0.177874,0.0,0.0,0.0,0.130579,-0.174482,0.0,-0.019898,0.0,0.0,0.0,0.0,0.0,-0.0,0.0,-0.0,0.0,-0.0,0.0,-0.0,0.001953,-0.004639,0.0,0.000182,0.0,0.000061,0.0,-0.000061,0.0,-0.000182,0.0,0.0,0.0,-0.050532,
0.0,2.448522,0.873704,-0.000066,0.0,1.570796,0.0,1.26397,0.098366,0.0,0.0,0.0,-0.061175,-0.036685,-0.011506,0.878674,0.329133,0.002228,-0.313325,0.026705,0.005371,0.393911,-0.048468,-0.023256,-0.204791,0.174482,0.0,-0.165305,0.0,0.0,0.0,0.112659,-0.174482,0.0,-0.019898,0.0,0.0,0.0,0.0,0.0,0.0,0.0,0.0,0.0,-0.0,0.0,0.0,0.001953,-0.004639,0.0,0.000182,0.0,0.000061,0.0,-0.000061,0.0,-0.000182,0.0,0.0,0.0,-0.048865,
0.0,2.461161,0.874687,-0.000066,0.0,1.570796,-0.0,1.263924,0.098366,0.0,0.0,0.0,-0.085141,-0.036539,-0.010572,0.894092,0.312928,0.003088,-0.299643,0.026613,0.005115,0.393463,-0.061876,-0.023427,-0.189475,0.174482,0.0,-0.152737,-0.0,0.0,0.0,0.094739,-0.174482,0.0,-0.019898,0.0,0.0,0.0,0.0,0.0,-0.0,0.0,-0.0,0.0,-0.0,-0.0,-0.0,0.001953,-0.004639,0.0,0.000182,0.0,0.000061,0.0,-0.000061,0.0,-0.000182,-0.0,0.0,0.0,-0.047199,
0.0,2.473758,0.876004,-0.000066,0.0,1.570796,0.0,1.259696,0.131629,0.0,0.0,0.0,-0.107245,-0.036234,-0.009595,0.904197,0.295069,0.004162,-0.282105,0.026491,0.004944,0.385667,-0.072344,-0.023597,-0.174019,0.174482,0.0,-0.140017,-0.0,0.0,0.0,0.075573,-0.174482,0.0,-0.019898,0.0,0.0,0.0,0.0,0.0,-0.0,0.0,-0.0,0.0,-0.0,0.0,-0.0,0.001953,-0.004639,0.0,0.000182,0.0,0.000061,0.0,-0.000061,0.0,-0.000182,0.0,-0.0,0.0,-0.04469,
0.0,2.48627,0.877986,-0.000066,0.0,1.570796,0.0,1.251146,0.198233,0.0,0.0,0.0,-0.125634,-0.035611,-0.008533,0.903668,0.273895,0.005664,-0.25684,0.026308,0.004944,0.363153,-0.076925,-0.023768,-0.15828,0.174482,0.0,-0.126991,0.0,0.0,0.0,0.053903,-0.174482,0.0,-0.019898,0.0,0.0,0.0,0.0,0.0,-0.0,0.0,0.0,0.0,-0.0,0.0,0.0,0.001953,-0.004639,0.0,0.000182,0.0,0.000061,0.0,-0.000061,0.0,-0.000182,0.0,0.0,0.0,-0.040496,
0.0,2.498781,0.879968,-0.000066,0.0,1.570796,0.0,1.251131,0.198233,0.0,0.0,0.0,-0.144023,-0.034988,-0.007471,0.903139,0.25272,0.007165,-0.231573,0.026125,0.004944,0.340638,-0.081506,-0.023939,-0.14254,0.174482,0.0,-0.113965,-0.0,0.0,0.0,0.032232,-0.174482,0.0,-0.019898,0.0,0.0,0.0,0.0,0.0,0.0,0.0,0.0,0.0,0.0,0.0,0.0,0.001953,-0.004639,0.0,0.000182,0.0,0.000061,0.0,-0.000061,0.0,-0.000182,0.0,0.0,0.0,-0.036302,
0.0,2.511292,0.88195,-0.000066,0.0,1.570796,0.0,1.251146,0.198233,0.0,0.0,0.0,-0.162411,-0.034366,-0.006409,0.90261,0.231547,0.008667,-0.20631,0.025942,0.004944,0.318127,-0.086088,-0.02411,-0.126801,0.174482,0.0,-0.10094,0.0,0.0,0.0,0.010564,-0.174482,0.0,-0.019898,0.0,0.0,0.0,0.0,0.0,-0.0,0.0,0.0,0.0,-0.0,0.0,-0.0,0.001953,-0.004639,0.0,0.000182,0.0,0.000061,0.0,-0.000061,0.0,-0.000182,0.0,0.0,0.0,-0.032108,
0.0,2.523662,0.883064,-0.000066,0.0,1.570796,0.0,1.236977,0.111311,0.0,0.0,0.0,-0.184898,-0.033798,-0.005439,0.901491,0.210241,0.009985,-0.191709,0.025941,0.004944,0.316361,-0.09089,-0.02411,-0.110833,0.174482,0.0,-0.087819,0.0,0.0,0.0,-0.013022,-0.174482,0.0,-0.014809,0.0,0.0,0.0,0.0,0.0,-0.0,0.0,-0.0,0.0,0.0,0.0,0.0,0.001953,-0.004639,0.0,0.000182,0.0,0.000061,0.0,-0.000061,0.0,-0.000182,0.0,0.0,0.0,-0.028171,
0.0,2.536032,0.884177,-0.000066,0.0,1.570796,0.0,1.237007,0.111296,0.0,0.0,0.0,-0.20739,-0.03323,-0.004468,0.900372,0.188931,0.011304,-0.177108,0.025941,0.004944,0.314599,-0.095693,-0.02411,-0.094862,0.174482,0.0,-0.074697,-0.0,0.0,0.0,-0.036613,-0.174482,0.0,-0.009718,0.0,0.0,0.0,0.0,0.0,0.0,0.0,0.0,-0.0,0.0,0.0,0.0,0.001953,-0.004639,0.0,0.000182,0.0,0.000061,0.0,-0.000061,0.0,-0.000182,0.0,0.0,0.0,-0.024233,
0.0,2.548402,0.885289,-0.000066,0.0,1.570796,0.0,1.236977,0.111288,0.0,0.0,0.0,-0.22988,-0.032663,-0.003498,0.899254,0.167623,0.012622,-0.162509,0.025941,0.004944,0.312838,-0.100496,-0.02411,-0.078893,0.174482,0.0,-0.061576,0.0,0.0,0.0,-0.060202,-0.174482,0.0,-0.004628,0.0,0.0,0.0,0.0,0.0,0.0,-0.0,0.0,0.0,0.0,0.0,-0.0,0.001953,-0.004639,0.0,0.000182,0.0,0.000061,0.0,-0.000061,0.0,-0.000182,0.0,0.0,0.0,-0.020296,
0.0,2.560701,0.885808,-0.000066,0.0,1.570796,0.0,1.22987,0.051824,0.0,0.0,0.0,-0.255152,-0.032229,-0.002759,0.899165,0.152431,0.013526,-0.148478,0.025941,0.004883,0.3123,-0.10678,-0.024177,-0.062581,0.174482,-0.0,-0.048595,-0.0,0.0,0.0,-0.080605,-0.174482,-0.0,-0.01024,0.0,0.0,0.0,0.0,0.0,0.0,0.0,0.0,-0.0,-0.0,0.0,-0.0,0.001953,-0.004639,0.0,0.000182,0.0,0.000061,0.0,-0.000061,0.0,-0.000182,0.0,0.0,0.0,-0.016762,
0.0,2.572963,0.886028,-0.000066,0.0,1.570796,0.0,1.226256,0.022054,0.0,0.0,0.0,-0.281826,-0.031863,-0.002136,0.899592,0.140297,0.014222,-0.134731,0.025941,0.004791,0.312374,-0.113804,-0.024278,-0.046096,0.174482,0.0,-0.035683,0.0,0.0,0.0,-0.099417,-0.174482,0.0,-0.021209,0.0,0.0,0.0,0.0,0.0,0.0,0.0,-0.0,0.0,0.0,0.0,0.0,0.001953,-0.004639,0.0,0.000182,0.0,0.000061,0.0,-0.000061,0.0,-0.000182,0.0,0.0,0.0,-0.013429,
0.0,2.585227,0.886249,-0.000066,0.0,1.570796,0.0,1.226317,0.022046,0.0,0.0,0.0,-0.3085,-0.031496,-0.001514,0.900019,0.128163,0.014917,-0.120984,0.025941,0.0047,0.312448,-0.120829,-0.024379,-0.02961,0.174482,-0.0,-0.022771,0.0,0.0,0.0,-0.118229,-0.174482,0.0,-0.032178,0.0,0.0,0.0,0.0,0.0,0.0,0.0,0.0,0.0,-0.0,0.0,0.0,0.001953,-0.004639,-0.0,0.000182,0.0,0.000061,0.0,-0.000061,-0.0,-0.000182,0.0,-0.0,0.0,-0.010096,
0.0,2.597522,0.886161,-0.000066,0.0,1.570796,0.0,1.229554,-0.008814,0.0,0.0,0.0,-0.335026,-0.031252,-0.001123,0.899803,0.117219,0.015446,-0.108178,0.025941,0.004563,0.31458,-0.129152,-0.024479,-0.011414,0.174482,0.0,-0.014161,0.0,0.0,0.0,-0.13688,-0.174482,0.0,-0.043075,0.0,0.0,0.0,0.0,0.0,-0.0,0.0,0.0,0.0,-0.0,0.0,-0.0,0.001953,-0.004639,0.0,0.000182,0.0,0.000061,0.0,-0.000061,0.0,-0.000182,0.0,0.0,0.0,-0.007038,
0.0,2.609883,0.885454,-0.000066,0.0,1.570796,0.0,1.236089,-0.070612,0.0,0.0,0.0,-0.361277,-0.031252,-0.001196,0.898299,0.108655,0.015638,-0.097252,0.025941,0.004334,0.320832,-0.140075,-0.02458,0.010214,0.174482,-0.0,-0.014161,-0.0,0.0,0.0,-0.155215,-0.174482,-0.0,-0.053828,0.0,-0.0,0.0,0.0,0.0,-0.0,0.0,-0.0,0.0,0.0,0.0,0.0,0.001953,-0.004639,0.0,0.000182,0.0,0.000061,0.0,-0.000061,0.0,-0.000182,0.0,0.0,0.0,-0.00453,
0.0,2.622244,0.884748,-0.000066,0.0,1.570796,0.0,1.236089,-0.070612,0.0,0.0,0.0,-0.387532,-0.031252,-0.00127,0.896795,0.100092,0.01583,-0.086327,0.025941,0.004105,0.327085,-0.150999,-0.024681,0.031844,0.174482,-0.0,-0.014161,0.0,0.0,0.0,-0.173551,-0.174482,0.0,-0.064582,0.0,-0.0,0.0,-0.0,0.0,-0.0,0.0,-0.0,0.0,-0.0,0.0,-0.0,0.001953,-0.004639,-0.0,0.000182,0.0,0.000061,0.0,-0.000061,0.0,-0.000182,0.0,0.0,0.0,-0.002021,
0.0,2.634605,0.884042,-0.000066,0.0,1.570796,0.0,1.236089,-0.07062,0.0,0.0,0.0,-0.413779,-0.031252,-0.001343,0.895291,0.091529,0.016022,-0.075401,0.025941,0.003876,0.333337,-0.161922,-0.024782,0.053469,0.174482,-0.0,-0.014161,0.0,0.0,0.0,-0.191885,-0.174482,0.0,-0.075335,0.0,0.0,0.0,0.0,0.0,-0.0,0.0,0.0,0.0,0.0,0.0,-0.0,0.001953,-0.004639,0.0,0.000182,0.0,0.000061,0.0,-0.000061,0.0,-0.000182,0.0,0.0,0.0,0.000488,
0.0,2.647134,0.882698,-0.000066,0.0,1.570796,0.0,1.252969,-0.134461,0.0,0.0,0.0,-0.436193,-0.031344,-0.001709,0.887274,0.08407,0.016215,-0.06463,0.025941,0.003647,0.340623,-0.174205,-0.024818,0.075392,0.174482,-0.0,-0.014161,0.0,0.0,0.0,-0.208539,-0.174482,0.0,-0.085375,0.0,-0.0,0.0,0.0,0.0,0.0,0.0,0.0,0.0,0.0,0.0,0.0,0.001953,-0.004639,0.0,0.000182,0.0,0.000061,0.0,-0.000061,0.0,-0.000182,0.0,0.0,0.0,0.002301,
0.0,2.659664,0.881353,-0.000066,0.0,1.570796,0.0,1.252969,-0.134477,0.0,0.0,0.0,-0.458609,-0.031435,-0.002075,0.879256,0.076611,0.016407,-0.053858,0.025941,0.003418,0.347909,-0.186488,-0.024855,0.097317,0.174482,0.0,-0.014161,-0.0,0.0,0.0,-0.225194,-0.174482,-0.0,-0.095415,0.0,0.0,0.0,0.0,0.0,-0.0,0.0,0.0,0.0,0.0,0.0,-0.0,0.001953,-0.004639,0.0,0.000182,0.0,0.000061,0.0,-0.000061,0.0,-0.000182,0.0,0.0,0.0,0.004113,
0.0,2.672194,0.880008,-0.000066,0.0,1.570796,0.0,1.252999,-0.134484,0.0,0.0,0.0,-0.481024,-0.031527,-0.002441,0.871238,0.069153,0.016599,-0.043087,0.025941,0.003189,0.355196,-0.198771,-0.024892,0.119241,0.174482,-0.0,-0.014161,-0.0,0.0,0.0,-0.241848,-0.174482,0.0,-0.105457,0.0,0.0,0.0,0.0,0.0,-0.0,0.0,-0.0,0.0,0.0,0.0,-0.0,0.001953,-0.004639,0.0,0.000182,0.0,0.000061,0.0,-0.000061,0.0,-0.000182,0.0,0.0,0.0,0.005926,
0.0,2.684874,0.878983,-0.000066,0.0,1.570796,0.0,1.267981,-0.10247,0.0,0.0,0.0,-0.493854,-0.031155,-0.002466,0.846719,0.0605,0.017164,-0.02102,0.025832,0.003198,0.341081,-0.203936,-0.024928,0.139296,0.174482,0.0,-0.014161,-0.0,0.0,0.0,-0.256849,-0.174482,0.0,-0.115498,0.0,0.0,0.0,0.0,0.0,-0.0,0.0,-0.0,0.0,0.0,0.0,-0.0,0.001953,-0.004639,0.0,0.000182,0.0,0.000061,-0.0,-0.000061,0.0,-0.000182,0.0,0.0,0.0,0.007727,
0.0,2.697628,0.878119,-0.000066,0.0,1.570796,0.0,1.275427,-0.086456,0.0,0.0,0.0,-0.501888,-0.03055,-0.002319,0.81393,0.05125,0.017914,0.006709,0.025667,0.003326,0.316249,-0.205537,-0.024965,0.158419,0.174482,0.0,-0.014161,-0.0,-0.0,-0.0,-0.271024,-0.174482,0.0,-0.125539,0.0,0.0,0.0,0.0,-0.0,-0.0,0.0,0.0,0.0,-0.0,0.0,0.0,0.001953,-0.004639,-0.0,0.000182,0.0,0.000061,0.0,-0.000061,0.0,-0.000182,0.0,0.0,0.0,0.009521,
0.0,2.710383,0.877254,-0.000066,0.0,1.570796,0.0,1.275457,-0.086448,0.0,0.0,0.0,-0.509922,-0.029946,-0.002173,0.78114,0.042,0.018665,0.034438,0.025502,0.003455,0.291417,-0.207139,-0.025001,0.177543,0.174482,-0.0,-0.014161,0.0,0.0,0.0,-0.2852,-0.174482,0.0,-0.13558,0.0,0.0,0.0,0.0,0.0,-0.0,0.0,-0.0,0.0,-0.0,0.0,-0.0,0.001953,-0.004639,0.0,0.000182,0.0,0.000061,0.0,-0.000061,0.0,-0.000182,0.0,-0.0,0.0,0.011316,
0.0,2.723306,0.876343,-0.000066,0.0,1.570796,0.0,1.292364,-0.091063,0.0,0.0,0.0,-0.515097,-0.02925,-0.00177,0.745059,0.031592,0.019483,0.064919,0.025349,0.003802,0.26138,-0.205407,-0.025026,0.195571,0.174482,0.0,-0.014161,-0.0,-0.0,0.0,-0.298345,-0.174482,0.0,-0.145799,0.0,0.0,0.0,0.0,-0.0,-0.0,0.0,-0.0,0.0,0.0,0.0,-0.0,0.001953,-0.004639,0.0,0.000182,0.0,0.000061,0.0,-0.000061,0.0,-0.000182,0.0,0.0,0.0,0.013184,
0.0,2.736569,0.875341,-0.000066,0.0,1.570796,0.0,1.32627,-0.100277,0.0,0.0,0.0,-0.514548,-0.028371,-0.000855,0.702332,0.018865,0.020435,0.100947,0.025221,0.00459,0.220886,-0.196999,-0.025026,0.211412,0.174482,0.0,-0.014161,-0.0,-0.0,-0.0,-0.309431,-0.174482,0.0,-0.156381,0.0,0.0,0.0,0.0,-0.0,0.0,0.0,-0.0,0.0,-0.0,0.0,0.0,0.001953,-0.004639,0.0,0.000182,0.0,0.000061,0.0,-0.000061,0.0,-0.000182,0.0,0.0,0.0,0.015198,
0.0,2.749831,0.874338,-0.000066,0.0,1.570796,0.0,1.326209,-0.100277,0.0,0.0,0.0,-0.513999,-0.027492,0.000061,0.659594,0.006138,0.021388,0.136982,0.025093,0.005377,0.180382,-0.188591,-0.025026,0.227254,0.174482,-0.0,-0.014161,0.0,0.0,0.0,-0.320517,-0.174482,0.0,-0.166962,-0.0,0.0,0.0,-0.0,0.0,0.0,-0.0,-0.0,0.0,-0.0,0.0,-0.0,0.001953,-0.004639,0.0,0.000182,0.0,0.000061,0.0,-0.000061,0.0,-0.000182,0.0,0.0,0.0,0.017212,
0.0,2.763094,0.873335,-0.000066,0.0,1.570796,0.0,1.32627,-0.100277,0.0,0.0,0.0,-0.51345,-0.026613,0.000976,0.61688,-0.006589,0.02234,0.173002,0.024965,0.006165,0.139899,-0.180183,-0.025026,0.243094,0.174482,0.0,-0.014161,0.0,0.0,0.0,-0.331603,-0.174482,0.0,-0.177543,0.0,0.0,0.0,-0.0,0.0,0.0,0.0,0.0,0.0,0.0,0.0,0.0,0.001953,-0.004639,0.0,0.000182,0.0,0.000061,-0.0,-0.000061,0.0,-0.000182,0.0,0.0,0.0,0.019226,
0.0,2.777459,0.872424,-0.000066,0.0,1.570796,0.0,1.436529,-0.091152,0.0,0.0,0.0,-0.508855,-0.026009,0.001983,0.577019,-0.024279,0.022908,0.188557,0.025093,0.008197,0.140338,-0.186562,-0.025319,0.256543,0.174482,0.0,-0.014161,0.0,0.0,0.0,-0.336788,-0.174482,0.0,-0.186576,-0.0,0.0,0.0,0.0,0.0,-0.0,0.0,-0.0,-0.0,-0.0,0.0,0.0,0.001953,-0.004639,0.0,0.000182,0.0,0.000061,0.0,-0.000061,0.0,-0.000182,0.0,0.0,0.0,0.020911,
0.0,2.791825,0.871512,-0.000066,0.0,1.570796,0.0,1.43659,-0.091145,0.0,0.0,0.0,-0.504259,-0.025404,0.002991,0.537137,-0.041972,0.023475,0.204108,0.025221,0.010229,0.140788,-0.192945,-0.025612,0.269993,0.174482,0.0,-0.014161,0.0,0.0,0.0,-0.341971,-0.174482,0.0,-0.195609,-0.0,0.0,-0.0,0.0,0.0,0.0,0.0,-0.0,0.0,-0.0,0.0,-0.0,0.001953,-0.004639,0.0,0.000182,-0.0,0.000061,0.0,-0.000061,0.0,-0.000182,0.0,0.0,0.0,0.022596,
0.0,2.806191,0.870601,-0.000066,0.0,1.570796,0.0,1.43659,-0.091152,0.0,0.0,0.0,-0.499663,-0.0248,0.003998,0.497265,-0.059664,0.024043,0.219659,0.025349,0.012262,0.141238,-0.199328,-0.025905,0.283442,0.174482,-0.0,-0.014161,0.0,0.0,0.0,-0.347155,-0.174482,-0.0,-0.204642,0.0,0.0,0.0,0.0,0.0,0.0,0.0,0.0,0.0,0.0,0.0,-0.0,0.001953,-0.004639,0.0,0.000182,0.0,0.000061,0.0,-0.000061,-0.0,-0.000182,0.0,0.0,0.0,0.024281,
0.0,2.821012,0.869797,-0.000066,0.0,1.570796,0.0,1.482091,-0.080407,0.0,0.0,0.0,-0.497551,-0.024464,0.004736,0.478551,-0.077623,0.024318,0.235263,0.025502,0.014453,0.141688,-0.201543,-0.026198,0.295485,0.174482,0.0,-0.014161,-0.0,0.0,0.0,-0.348339,-0.174482,-0.0,-0.210146,-0.0,-0.0,0.0,0.0,0.0,-0.0,0.0,0.0,0.0,-0.0,0.0,-0.0,0.001953,-0.004639,0.0,0.000182,0.0,0.000061,-0.0,-0.000061,0.0,-0.000182,0.0,0.0,0.0,0.026051,
0.0,2.836061,0.869046,-0.000066,0.0,1.570796,0.0,1.504857,-0.075035,0.0,0.0,0.0,-0.496682,-0.024263,0.005341,0.470417,-0.095718,0.024446,0.250896,0.025666,0.016724,0.142137,-0.201672,-0.026491,0.306825,0.174482,0.0,-0.014161,-0.0,0.0,0.0,-0.347521,-0.174482,0.0,-0.213884,0.0,0.0,-0.0,0.0,0.0,0.0,0.0,0.0,0.0,0.0,-0.0,-0.0,0.001953,-0.004639,0.0,0.000182,0.0,0.000061,0.0,-0.000061,0.0,-0.000182,0.0,0.0,0.0,0.027864,
0.0,2.85111,0.868296,-0.000066,0.0,1.570796,0.0,1.504918,-0.075027,0.0,0.0,0.0,-0.495813,-0.024061,0.005945,0.462283,-0.113813,0.024574,0.266529,0.025831,0.018994,0.142587,-0.201801,-0.026784,0.318165,0.174482,-0.0,-0.014161,0.0,0.0,0.0,-0.346703,-0.174482,0.0,-0.217623,0.0,0.0,0.0,-0.0,0.0,-0.0,0.0,-0.0,0.0,-0.0,0.0,-0.0,0.001953,-0.004639,0.0,0.000182,0.0,0.000061,0.0,-0.000061,0.0,-0.000182,0.0,0.0,0.0,0.029677,
0.0,2.866353,0.86762,-0.000066,0.0,1.570796,0.0,1.524266,-0.067579,0.0,0.0,0.0,-0.492257,-0.023927,0.006348,0.453077,-0.12618,0.02466,0.281834,0.026002,0.02132,0.143016,-0.197649,-0.026979,0.328624,0.174482,0.0,-0.014161,0.0,0.0,0.0,-0.34398,-0.174482,0.0,-0.219,0.0,0.0,0.0,0.0,0.0,0.0,0.0,0.0,0.0,0.0,0.0,0.0,0.001953,-0.004639,0.0,0.000182,0.0,0.000061,0.0,-0.000061,0.0,-0.000182,0.0,0.0,0.0,0.031551,
0.0,2.881983,0.867094,-0.000066,0.0,1.570796,0.0,1.563022,-0.052646,0.0,0.0,0.0,-0.483321,-0.023927,0.006348,0.441728,-0.127079,0.02466,0.296484,0.026185,0.023756,0.143401,-0.184926,-0.026979,0.337319,0.174482,-0.0,-0.014161,0.0,0.0,0.0,-0.337443,-0.174482,0.0,-0.215648,0.0,0.0,0.0,-0.0,0.0,-0.0,0.0,0.0,-0.0,-0.0,0.0,-0.0,0.001953,-0.004639,0.0,0.000182,0.0,0.000061,0.0,-0.000061,0.0,-0.000182,0.0,0.0,0.0,0.033547,
0.0,2.897614,0.866567,-0.000066,0.0,1.570796,0.0,1.563083,-0.052638,0.0,0.0,0.0,-0.474385,-0.023927,0.006348,0.430378,-0.127978,0.02466,0.311136,0.026368,0.026191,0.143787,-0.172202,-0.026979,0.346014,0.174482,0.0,-0.014161,0.0,0.0,0.0,-0.330906,-0.174482,0.0,-0.212296,-0.0,0.0,0.0,0.0,0.0,-0.0,0.0,0.0,0.0,-0.0,0.0,-0.0,0.001953,-0.004639,0.0,0.000182,0.0,0.000061,0.0,-0.000061,0.0,-0.000182,0.0,-0.0,0.0,0.035543,
0.0,2.913244,0.866041,-0.000066,0.0,1.570796,0.0,1.563022,-0.052646,0.0,0.0,0.0,-0.465449,-0.023927,0.006348,0.419029,-0.128877,0.02466,0.325785,0.026551,0.028627,0.144172,-0.159479,-0.026979,0.354709,0.174482,-0.0,-0.014161,0.0,0.0,0.0,-0.324369,-0.174482,0.0,-0.208944,-0.0,0.0,0.0,-0.0,0.0,0.0,0.0,-0.0,0.0,0.0,0.0,0.0,0.001953,-0.004639,0.0,0.000182,-0.0,0.000061,0.0,-0.000061,0.0,-0.000182,0.0,0.0,0.0,0.037539,
0.0,2.928233,0.865905,-0.000066,0.0,1.570796,0.0,1.498932,-0.013634,0.0,0.0,0.0,-0.446999,-0.024019,0.005561,0.394591,-0.103444,0.02455,0.338186,0.026679,0.029836,0.144172,-0.130964,-0.026155,0.351514,0.174482,0.0,-0.014161,0.0,0.0,0.0,-0.317584,-0.174482,0.0,-0.20576,0.0,0.0,-0.0,0.0,0.0,0.0,0.0,-0.0,0.0,-0.0,0.0,-0.0,0.001953,-0.004639,0.0,0.000182,0.0,0.000061,0.0,-0.000061,-0.0,-0.000182,0.0,-0.0,0.0,0.037998,
0.0,2.943221,0.865768,-0.000066,0.0,1.570796,0.0,1.49881,-0.013626,0.0,0.0,0.0,-0.428545,-0.02411,0.004773,0.370144,-0.078,0.02444,0.350585,0.026807,0.031044,0.144172,-0.102439,-0.025331,0.348316,0.174482,-0.0,-0.014161,-0.0,0.0,0.0,-0.310799,-0.174482,0.0,-0.202576,0.0,0.0,0.0,0.0,0.0,0.0,0.0,0.0,0.0,0.0,0.0,0.0,0.001953,-0.004639,0.0,0.000182,0.0,0.000061,0.0,-0.000061,-0.0,-0.000182,0.0,-0.0,0.0,0.038456,
0.0,2.95821,0.865632,-0.000066,0.0,1.570796,0.0,1.498841,-0.013626,0.0,0.0,0.0,-0.410092,-0.024202,0.003986,0.345701,-0.052558,0.02433,0.362984,0.026935,0.032253,0.144172,-0.073917,-0.024507,0.345118,0.174482,0.0,-0.014161,0.0,0.0,0.0,-0.304014,-0.174482,0.0,-0.199391,0.0,0.0,0.0,0.0,0.0,0.0,0.0,0.0,0.0,-0.0,0.0,-0.0,0.001953,-0.004639,0.0,0.000182,0.0,0.000061,0.0,-0.000061,0.0,-0.000182,0.0,-0.0,0.0,0.038913,
0.0,2.972533,0.865745,-0.000066,0.0,1.570796,0.0,1.432342,0.01128,0.0,0.0,0.0,-0.40044,-0.024306,0.003467,0.343919,-0.038678,0.02422,0.365433,0.02704,0.029996,0.157182,-0.029306,-0.023341,0.33673,0.174482,-0.0,-0.014161,0.0,-0.0,-0.0,-0.29736,-0.174482,0.0,-0.193366,0.0,0.0,0.0,-0.0,-0.0,-0.0,0.0,0.0,0.0,0.0,0.0,0.0,0.001953,-0.004639,0.0,0.000182,-0.0,0.000061,0.0,-0.000061,-0.0,-0.000182,0.0,0.0,0.0,0.038285,
0.0,2.986523,0.865982,-0.000066,0.0,1.570796,0.0,1.399046,0.023751,0.0,0.0,0.0,-0.395192,-0.024415,0.003082,0.35348,-0.030584,0.02411,0.362901,0.027132,0.026004,0.176706,0.023416,-0.022005,0.325745,0.174482,0.0,-0.014161,-0.0,0.0,0.0,-0.290772,-0.174482,0.0,-0.185917,0.0,0.0,0.0,0.0,0.0,0.0,0.0,-0.0,0.0,0.0,0.0,0.0,0.001953,-0.004639,0.0,0.000182,0.0,0.000061,0.0,-0.000061,0.0,-0.000182,-0.0,0.0,0.0,0.037113,
0.0,3.000514,0.86622,-0.000066,0.0,1.570796,0.0,1.399076,0.023744,0.0,0.0,0.0,-0.389945,-0.024525,0.002698,0.363042,-0.022489,0.024,0.360369,0.027223,0.022011,0.196231,0.076141,-0.020668,0.314758,0.174482,0.0,-0.014161,0.0,0.0,0.0,-0.284184,-0.174482,-0.0,-0.178469,0.0,0.0,0.0,0.0,0.0,0.0,0.0,0.0,0.0,0.0,0.0,0.0,0.001953,-0.004639,-0.0,0.000182,0.0,0.000061,-0.0,-0.000061,0.0,-0.000182,0.0,-0.0,0.0,0.035941,
0.0,3.014169,0.866583,-0.000066,0.0,1.570796,0.0,1.365445,0.036345,0.0,0.0,0.0,-0.383634,-0.024599,0.002411,0.371878,-0.01781,0.023942,0.334527,0.028285,0.019837,0.253984,0.116536,-0.018557,0.301791,0.174482,-0.0,-0.014161,0.0,0.0,0.0,-0.277716,-0.174482,-0.0,-0.169226,-0.0,0.0,0.0,0.0,0.0,-0.0,0.0,-0.0,0.0,0.0,0.0,-0.0,0.001953,-0.004639,0.0,0.000182,-0.0,0.000061,0.0,-0.000061,0.0,-0.000182,-0.0,0.0,0.0,0.034281,
0.0,3.027151,0.867199,-0.000066,0.0,1.570796,0.0,1.298213,0.061571,0.0,0.0,0.0,-0.375193,-0.024599,0.002319,0.379263,-0.019971,0.023988,0.261867,0.031288,0.021302,0.389202,0.132358,-0.014894,0.284853,0.174482,-0.0,-0.014161,0.0,0.0,-0.0,-0.271489,-0.174482,0.0,-0.15639,0.0,0.0,0.0,-0.0,0.0,-0.0,0.0,-0.0,0.0,-0.0,0.0,-0.0,0.001953,-0.004639,0.0,0.000182,0.0,0.000061,0.0,-0.000061,0.0,-0.000182,0.0,0.0,0.0,0.031644,
0.0,3.040133,0.867815,-0.000066,0.0,1.570796,0.0,1.298213,0.061579,0.0,0.0,0.0,-0.366752,-0.024599,0.002228,0.386648,-0.022132,0.024034,0.189141,0.034292,0.022767,0.524838,0.148181,-0.011232,0.267913,0.174482,0.0,-0.014161,0.0,0.0,0.0,-0.265261,-0.174482,0.0,-0.143552,0.0,0.0,0.0,0.0,0.0,0.0,0.0,-0.0,0.0,0.0,0.0,0.0,0.001953,-0.004639,0.0,0.000182,0.0,0.000061,0.0,-0.000061,0.0,-0.000182,0.0,-0.0,0.0,0.029007,
0.0,3.053115,0.86843,-0.000066,0.0,1.570796,0.0,1.298213,0.061571,0.0,0.0,0.0,-0.358311,-0.024599,0.002136,0.394034,-0.024293,0.02408,0.116545,0.037295,0.024232,0.659645,0.164003,-0.00757,0.250976,0.174482,0.0,-0.014161,0.0,-0.0,0.0,-0.259034,-0.174482,0.0,-0.130716,-0.0,0.0,0.0,-0.0,-0.0,0.0,0.0,0.0,-0.0,0.0,0.0,0.0,0.001953,-0.004639,0.0,0.000182,0.0,0.000061,0.0,-0.000061,0.0,-0.000182,0.0,0.0,0.0,0.026369,
0.0,3.065732,0.869401,-0.000066,0.0,1.570796,0.0,1.261651,0.09703,0.0,0.0,0.0,-0.344348,-0.024599,0.002393,0.393681,-0.036067,0.024125,0.066014,0.038211,0.022328,0.726271,0.215795,-0.004438,0.230936,0.174482,-0.0,-0.014161,0.0,0.0,0.0,-0.251912,-0.174482,0.0,-0.118319,0.0,0.0,0.0,0.0,0.0,-0.0,0.0,-0.0,-0.0,-0.0,0.0,0.0,0.001953,-0.004639,0.0,0.000182,0.0,0.000061,0.0,-0.000061,-0.0,-0.000182,0.0,-0.0,0.0,0.027174,
0.0,3.078348,0.870371,-0.000066,0.0,1.570796,0.0,1.261651,0.097046,0.0,0.0,0.0,-0.330381,-0.024599,0.002649,0.393326,-0.047844,0.024171,0.015446,0.039127,0.020424,0.792979,0.267644,-0.001307,0.210892,0.174482,-0.0,-0.014161,0.0,-0.0,0.0,-0.244789,-0.174482,0.0,-0.105921,0.0,0.0,0.0,-0.0,-0.0,-0.0,0.0,-0.0,0.0,0.0,0.0,0.0,0.001953,-0.004639,0.0,0.000182,-0.0,0.000061,0.0,-0.000061,0.0,-0.000182,0.0,0.0,0.0,0.02798,
0.0,3.090964,0.871342,-0.000066,0.0,1.570796,0.0,1.261621,0.097038,0.0,0.0,0.0,-0.316415,-0.024599,0.002905,0.392971,-0.059621,0.024217,-0.0351,0.040043,0.018519,0.859635,0.319469,0.001824,0.19085,0.174482,0.0,-0.014161,0.0,0.0,0.0,-0.237667,-0.174482,0.0,-0.093524,0.0,-0.0,0.0,0.0,0.0,0.0,0.0,-0.0,0.0,-0.0,0.0,0.0,0.001953,-0.004639,0.0,0.000182,0.0,0.000061,0.0,-0.000061,0.0,-0.000182,-0.0,0.0,0.0,0.028786,
0.0,3.103411,0.872361,-0.000066,0.0,1.570796,0.0,1.244683,0.101904,0.0,0.0,0.0,-0.301118,-0.024538,0.003162,0.389199,-0.071476,0.024257,-0.073709,0.040946,0.017884,0.901487,0.337771,0.003601,0.169043,0.174482,0.0,-0.014161,0.0,0.0,0.0,-0.228613,-0.174482,0.0,-0.081598,0.0,0.0,0.0,0.0,0.0,0.0,0.0,0.0,0.0,0.0,0.0,0.0,0.001953,-0.004639,0.0,0.000182,0.0,0.000061,0.0,-0.000061,0.0,-0.000182,0.0,0.0,0.0,0.029433,
0.0,3.115772,0.873404,-0.000066,0.0,1.570796,0.0,1.236138,0.10433,0.0,0.0,0.0,-0.285152,-0.024446,0.003418,0.383714,-0.083371,0.024293,-0.106376,0.041844,0.017884,0.93098,0.339313,0.0047,0.146347,0.174482,0.0,-0.014161,0.0,-0.0,-0.0,-0.218592,-0.174482,0.0,-0.069908,-0.0,0.0,0.0,-0.0,-0.0,0.0,0.0,0.0,0.0,0.0,0.0,0.0,0.001953,-0.004639,0.0,0.000182,0.0,0.000061,0.0,-0.000061,-0.0,-0.000182,0.0,-0.0,0.0,0.030001,
0.0,3.128134,0.874447,-0.000066,0.0,1.570796,0.0,1.236138,0.10433,0.0,0.0,0.0,-0.269187,-0.024354,0.003674,0.37823,-0.095265,0.02433,-0.139043,0.042741,0.017884,0.960473,0.340854,0.005798,0.123651,0.174482,0.0,-0.014161,0.0,0.0,0.0,-0.20857,-0.174482,0.0,-0.058218,0.0,0.0,0.0,0.0,0.0,-0.0,0.0,0.0,0.0,0.0,0.0,0.0,0.001953,-0.004639,0.0,0.000182,0.0,0.000061,0.0,-0.000061,0.0,-0.000182,0.0,0.0,0.0,0.030568,
0.0,3.140487,0.875458,-0.000066,0.0,1.570796,0.0,1.235284,0.10111,0.0,0.0,0.0,-0.251967,-0.024269,0.003912,0.370391,-0.106473,0.024367,-0.168692,0.043931,0.018592,0.983464,0.335181,0.006897,0.100017,0.174482,-0.0,-0.014161,-0.0,0.0,0.0,-0.197203,-0.174482,-0.0,-0.047055,0.0,0.0,0.0,0.0,0.0,0.0,0.0,0.0,0.0,-0.0,0.0,0.0,0.001953,-0.004639,0.0,0.000182,0.0,0.000061,0.0,-0.000061,-0.0,-0.000182,0.0,0.0,0.0,0.03049,
0.0,3.152822,0.876405,-0.000066,0.0,1.570796,0.0,1.233575,0.094633,0.0,0.0,0.0,-0.23223,-0.024196,0.004114,0.357835,-0.116305,0.024403,-0.192323,0.045708,0.020716,0.99345,0.315056,0.007996,0.074494,0.174482,0.0,-0.014161,0.0,0.0,0.0,-0.183139,-0.174482,0.0,-0.036946,-0.0,0.0,0.0,-0.0,0.0,-0.0,0.0,-0.0,0.0,-0.0,0.0,-0.0,0.001953,-0.004639,-0.0,0.000182,0.0,0.000061,0.0,-0.000061,0.0,-0.000182,0.0,0.0,0.0,0.029116,
0.0,3.165159,0.877351,-0.000066,0.0,1.570796,0.0,1.233606,0.094633,0.0,0.0,0.0,-0.21249,-0.024122,0.004315,0.345278,-0.126138,0.02444,-0.215958,0.047485,0.02284,1.003436,0.294928,0.009094,0.048967,0.174482,0.0,-0.014161,-0.0,0.0,0.0,-0.169074,-0.174482,0.0,-0.026836,0.0,0.0,0.0,0.0,0.0,0.0,0.0,0.0,0.0,0.0,0.0,0.0,0.001953,-0.004639,0.0,0.000182,0.0,0.000061,0.0,-0.000061,-0.0,-0.000182,0.0,0.0,0.0,0.027743,
0.0,3.177494,0.878297,-0.000066,0.0,1.570796,0.0,1.233575,0.09464,0.0,0.0,0.0,-0.192753,-0.024049,0.004517,0.332723,-0.13597,0.024476,-0.239587,0.049261,0.024964,1.013422,0.274804,0.010193,0.023446,0.174482,0.0,-0.014161,-0.0,0.0,0.0,-0.15501,-0.174482,0.0,-0.016727,0.0,0.0,0.0,0.0,0.0,0.0,0.0,0.0,0.0,0.0,0.0,0.0,0.001953,-0.004639,0.0,0.000182,0.0,0.000061,0.0,-0.000061,0.0,-0.000182,0.0,-0.0,0.0,0.026369,
0.0,3.189385,0.879531,-0.000066,0.0,1.570796,0.0,1.189109,0.123339,0.0,0.0,0.0,-0.174859,-0.024049,0.004398,0.323135,-0.13612,0.024476,-0.258234,0.048932,0.024727,1.008703,0.249071,0.008472,-0.000011,0.174482,0.0,-0.019104,0.0,0.0,0.0,-0.138168,-0.174482,0.0,-0.016724,0.0,0.0,0.0,-0.0,0.0,0.0,0.0,0.0,0.0,0.0,0.0,0.0,0.001953,-0.004639,0.0,0.000182,0.0,0.000061,0.0,-0.000061,0.0,-0.000182,0.0,0.0,0.0,0.023257,
0.0,3.201277,0.880764,-0.000066,0.0,1.570796,0.0,1.18917,0.123347,0.0,0.0,0.0,-0.156963,-0.024049,0.004279,0.313548,-0.136267,0.024476,-0.276883,0.048603,0.024489,1.00398,0.22333,0.006751,-0.023473,0.174482,0.0,-0.024048,0.0,0.0,0.0,-0.121322,-0.174482,0.0,-0.016724,0.0,0.0,0.0,0.0,0.0,0.0,0.0,0.0,0.0,0.0,0.0,0.0,0.001953,-0.004639,0.0,0.000182,0.0,0.000061,0.0,-0.000061,0.0,-0.000182,0.0,-0.0,0.0,0.020144,
0.0,3.213168,0.881998,-0.000066,0.0,1.570796,0.0,1.189109,0.123347,0.0,0.0,0.0,-0.139068,-0.024049,0.00416,0.303961,-0.136414,0.024476,-0.29553,0.048273,0.024251,0.999258,0.197593,0.00503,-0.046932,0.174482,-0.0,-0.028992,0.0,0.0,0.0,-0.104478,-0.174482,-0.0,-0.016724,0.0,0.0,0.0,0.0,0.0,0.0,0.0,0.0,0.0,0.0,0.0,0.0,0.001953,-0.004639,0.0,0.000182,-0.0,0.000061,0.0,-0.000061,0.0,-0.000182,0.0,0.0,0.0,0.01703,
0.0,3.224996,0.882699,-0.000066,0.0,1.570796,0.0,1.182765,0.070139,0.0,0.0,0.0,-0.119733,-0.024049,0.004041,0.292077,-0.137306,0.024476,-0.319152,0.047479,0.023219,0.996169,0.179776,0.003309,-0.069438,0.174482,-0.0,-0.039808,-0.0,0.0,0.0,-0.086224,-0.174482,0.0,-0.016724,-0.0,0.0,0.0,0.0,0.0,-0.0,-0.0,-0.0,0.0,-0.0,0.0,-0.0,0.001953,-0.004639,0.0,0.000182,0.0,0.000061,0.0,-0.000061,0.0,-0.000182,0.0,0.0,0.0,0.013564,
0.0,3.236793,0.883134,-0.000066,0.0,1.570796,0.0,1.179684,0.043497,0.0,0.0,0.0,-0.099673,-0.024049,0.003922,0.27904,-0.138573,0.024476,-0.345272,0.046454,0.021791,0.993898,0.165921,0.001587,-0.091475,0.174482,-0.0,-0.053566,0.0,0.0,0.0,-0.067259,-0.174482,0.0,-0.016724,0.0,0.0,0.0,-0.0,0.0,0.0,0.0,0.0,0.0,-0.0,0.0,-0.0,0.001953,-0.004639,0.0,0.000182,0.0,0.000061,0.0,-0.000061,0.0,-0.000182,0.0,-0.0,0.0,0.00992,
0.0,3.248589,0.883569,-0.000066,0.0,1.570796,0.0,1.179623,0.043497,0.0,0.0,0.0,-0.079614,-0.024049,0.003803,0.266003,-0.13984,0.024476,-0.371392,0.045428,0.020363,0.991628,0.152066,-0.000134,-0.11351,0.174482,0.0,-0.067323,-0.0,0.0,0.0,-0.048294,-0.174482,0.0,-0.016724,0.0,0.0,0.0,0.0,0.0,0.0,0.0,-0.0,0.0,-0.0,0.0,-0.0,0.001953,-0.004639,0.0,0.000182,0.0,0.000061,0.0,-0.000061,0.0,-0.000182,0.0,0.0,0.0,0.006276,
0.0,3.26047,0.883725,-0.000066,0.0,1.570796,0.0,1.18814,0.015597,0.0,0.0,0.0,-0.059571,-0.024049,0.003723,0.253348,-0.141968,0.02446,-0.396809,0.044311,0.018861,0.987469,0.139612,-0.001855,-0.135222,0.174482,0.0,-0.081346,0.0,0.0,0.0,-0.029598,-0.174482,-0.0,-0.016724,0.0,0.0,0.0,-0.0,0.0,-0.0,0.0,-0.0,0.0,0.0,0.0,0.0,0.001953,-0.004639,0.0,0.000182,0.0,0.000061,0.0,-0.000061,0.0,-0.000182,0.0,0.0,0.0,0.002711,
0.0,3.272521,0.883322,-0.000066,0.0,1.570796,0.0,1.205111,-0.040272,0.0,0.0,0.0,-0.039554,-0.024049,0.003723,0.241453,-0.145824,0.024411,-0.420836,0.04301,0.017213,0.979527,0.129961,-0.003576,-0.156296,0.174482,-0.0,-0.095904,-0.0,0.0,0.0,-0.011433,-0.174482,-0.0,-0.016724,0.0,0.0,0.0,0.0,0.0,-0.0,0.0,0.0,0.0,0.0,0.0,-0.0,0.001953,-0.004639,0.0,0.000182,0.0,0.000061,0.0,-0.000061,0.0,-0.000182,0.0,0.0,0.0,-0.000695,
0.0,3.284572,0.88292,-0.000066,0.0,1.570796,0.0,1.205081,-0.040272,0.0,0.0,0.0,-0.019535,-0.024049,0.003723,0.229558,-0.14968,0.024363,-0.444865,0.04171,0.015565,0.971585,0.12031,-0.005297,-0.177372,0.174482,0.0,-0.110462,0.0,0.0,0.0,0.006733,-0.174482,0.0,-0.016724,0.0,0.0,0.0,-0.0,0.0,0.0,0.0,0.0,-0.0,-0.0,0.0,0.0,0.001953,-0.004639,0.0,0.000182,0.0,0.000061,0.0,-0.000061,0.0,-0.000182,0.0,-0.0,0.0,-0.004101,
0.0,3.296624,0.882517,-0.000066,0.0,1.570796,0.0,1.205172,-0.04028,0.0,0.0,0.0,0.000483,-0.024049,0.003723,0.217663,-0.153536,0.024314,-0.468891,0.04041,0.013917,0.963643,0.110658,-0.007019,-0.198446,0.174482,0.0,-0.12502,0.0,0.0,0.0,0.024899,-0.174482,0.0,-0.016724,0.0,0.0,0.0,0.0,0.0,-0.0,0.0,0.0,0.0,0.0,0.0,0.0,0.001953,-0.004639,0.0,0.000182,0.0,0.000061,0.0,-0.000061,0.0,-0.000182,0.0,0.0,0.0,-0.007507,
0.0,3.309089,0.881336,-0.000066,0.0,1.570796,0.0,1.246498,-0.118043,0.0,0.0,0.0,0.019968,-0.024049,0.003723,0.208019,-0.159892,0.024265,-0.486407,0.039201,0.01269,0.946111,0.101158,-0.008484,-0.217173,0.174482,0.0,-0.138093,0.0,0.0,0.0,0.041733,-0.174482,0.0,-0.016724,0.0,0.0,0.0,-0.0,0.0,0.0,0.0,0.0,0.0,0.0,-0.0,0.0,0.001953,-0.004639,0.0,0.000182,0.0,0.000061,0.0,-0.000061,-0.0,-0.000182,0.0,0.0,0.0,-0.009009,
0.0,3.321554,0.880156,-0.000066,0.0,1.570796,0.0,1.246529,-0.118074,0.0,0.0,0.0,0.039456,-0.024049,0.003723,0.198375,-0.166249,0.024216,-0.503924,0.037992,0.011463,0.928573,0.091656,-0.009949,-0.235903,0.174482,-0.0,-0.151167,0.0,0.0,0.0,0.058568,-0.174482,0.0,-0.016724,0.0,0.0,0.0,-0.0,0.0,-0.0,0.0,-0.0,0.0,-0.0,0.0,-0.0,0.001953,-0.004639,0.0,0.000182,0.0,0.000061,0.0,-0.000061,0.0,-0.000182,0.0,0.0,0.0,-0.01051,
0.0,3.334019,0.878975,-0.000066,0.0,1.570796,0.0,1.246498,-0.118074,0.0,0.0,0.0,0.058943,-0.024049,0.003723,0.188731,-0.172606,0.024167,-0.521439,0.036783,0.010236,0.911038,0.082152,-0.011414,-0.254631,0.174482,0.0,-0.164239,-0.0,0.0,0.0,0.075402,-0.174482,0.0,-0.016724,0.0,0.0,0.0,0.0,0.0,0.0,0.0,0.0,0.0,-0.0,0.0,0.0,0.001953,-0.004639,0.0,0.000182,0.0,0.000061,0.0,-0.000061,0.0,-0.000182,0.0,0.0,0.0,-0.012012,
0.0,3.346428,0.878015,-0.000066,0.0,1.570796,0.0,1.240942,-0.095979,0.0,0.0,0.0,0.079492,-0.024049,0.003308,0.17643,-0.177043,0.024118,-0.531231,0.035623,0.009339,0.881586,0.072648,-0.012805,-0.272161,0.174482,-0.0,-0.176849,0.0,0.0,0.0,0.090634,-0.174482,0.0,-0.016724,0.0,0.0,0.0,-0.0,0.0,-0.0,0.0,0.0,0.0,0.0,0.0,-0.0,0.001953,-0.004639,0.0,0.000182,0.0,0.000061,0.0,-0.000061,0.0,-0.000182,0.0,0.0,0.0,-0.01344,
0.0,3.358811,0.877166,-0.000066,0.0,1.570796,0.0,1.238195,-0.084925,0.0,0.0,0.0,0.10058,-0.024049,0.002686,0.162797,-0.180518,0.02407,-0.537156,0.034488,0.008606,0.846149,0.063143,-0.01416,-0.289094,0.174482,-0.0,-0.189229,0.0,-0.0,0.0,0.105066,-0.174482,0.0,-0.016724,-0.0,0.0,0.0,-0.0,-0.0,-0.0,-0.0,-0.0,0.0,-0.0,0.0,-0.0,0.001953,-0.004639,0.0,0.000182,0.0,0.000061,0.0,-0.000061,0.0,-0.000182,0.0,-0.0,0.0,-0.014832,
0.0,3.371192,0.876317,-0.000066,0.0,1.570796,0.0,1.238104,-0.084917,0.0,0.0,0.0,0.121667,-0.024049,0.002063,0.149164,-0.183993,0.024021,-0.543082,0.033353,0.007874,0.810714,0.053639,-0.015515,-0.306026,0.174482,0.0,-0.201608,0.0,-0.0,0.0,0.119497,-0.174482,0.0,-0.016724,0.0,0.0,0.0,-0.0,-0.0,-0.0,-0.0,-0.0,0.0,-0.0,-0.0,-0.0,0.001953,-0.004639,0.0,0.000182,0.0,0.000061,0.0,-0.000061,0.0,-0.000182,0.0,0.0,0.0,-0.016223,
0.0,3.383558,0.875391,-0.000066,0.0,1.570796,0.0,1.236609,-0.092592,0.0,0.0,0.0,0.140378,-0.02408,0.001227,0.140189,-0.190136,0.024031,-0.547009,0.032284,0.007227,0.7721,0.044134,-0.016761,-0.32235,0.174482,0.0,-0.213965,0.0,0.0,0.0,0.133023,-0.174482,0.0,-0.016724,0.0,0.0,0.0,-0.0,0.0,-0.0,0.0,0.0,0.0,0.0,0.0,0.0,0.001953,-0.004639,0.0,0.000182,0.0,0.000061,0.0,-0.000061,0.0,-0.000182,0.0,0.0,0.0,-0.017859,
0.0,3.395892,0.874311,-0.000066,0.0,1.570796,0.0,1.233466,-0.107935,0.0,0.0,0.0,0.154338,-0.024171,-0.000036,0.140537,-0.201622,0.024159,-0.546932,0.03135,0.006751,0.727056,0.034631,-0.017786,-0.337458,0.174482,0.0,-0.226278,0.0,0.0,0.0,0.144738,-0.174482,0.0,-0.016724,0.0,0.0,0.0,-0.0,0.0,-0.0,-0.0,-0.0,0.0,0.0,0.0,0.0,0.001953,-0.004639,0.0,0.000182,0.0,0.000061,0.0,-0.000061,0.0,-0.000182,0.0,0.0,0.0,-0.019983,
0.0,3.408227,0.873232,-0.000066,0.0,1.570796,0.0,1.233466,-0.107943,0.0,0.0,0.0,0.1683,-0.024263,-0.0013,0.140886,-0.213109,0.024287,-0.546856,0.030416,0.006275,0.681996,0.025129,-0.018812,-0.352567,0.174482,0.0,-0.238592,0.0,0.0,0.0,0.156453,-0.174482,-0.0,-0.016724,0.0,0.0,0.0,-0.0,0.0,-0.0,0.0,0.0,0.0,-0.0,-0.0,-0.0,0.001953,-0.004639,0.0,0.000182,0.0,0.000061,0.0,-0.000061,0.0,-0.000182,0.0,0.0,0.0,-0.022107,
0.0,3.420562,0.872153,-0.000066,0.0,1.570796,0.0,1.233497,-0.107943,0.0,0.0,0.0,0.18226,-0.024354,-0.002563,0.141235,-0.224596,0.024415,-0.54678,0.029482,0.005799,0.636966,0.015629,-0.019837,-0.367675,0.174482,-0.0,-0.250906,0.0,-0.0,0.0,0.168168,-0.174482,0.0,-0.016724,0.0,0.0,0.0,-0.0,-0.0,-0.0,0.0,-0.0,0.0,-0.0,0.0,0.0,0.001953,-0.004639,0.0,0.000182,0.0,0.000061,0.0,-0.000061,0.0,-0.000182,0.0,0.0,0.0,-0.024232,
0.0,3.433991,0.87119,-0.000066,0.0,1.570796,0.0,1.342932,-0.096247,0.0,0.0,0.0,0.197301,-0.024537,-0.005273,0.141877,-0.237991,0.024891,-0.540023,0.02875,0.005396,0.584577,0.002739,-0.020661,-0.377694,0.174482,-0.0,-0.259256,0.0,0.0,0.0,0.179461,-0.174482,0.0,-0.016724,0.0,0.0,0.0,-0.0,0.0,0.0,-0.0,0.0,0.0,0.0,0.0,-0.0,0.001953,-0.004639,0.0,0.000182,0.0,0.000061,0.0,-0.000061,0.0,-0.000182,0.0,0.0,0.0,-0.026612,
0.0,3.447421,0.870228,-0.000066,0.0,1.570796,0.0,1.342963,-0.096247,0.0,0.0,0.0,0.212342,-0.02472,-0.007983,0.14252,-0.251388,0.025368,-0.533263,0.028017,0.004993,0.532137,-0.010153,-0.021485,-0.387711,0.174482,0.0,-0.267606,0.0,0.0,0.0,0.190753,-0.174482,0.0,-0.016724,0.0,0.0,0.0,0.0,0.0,-0.0,0.0,0.0,0.0,0.0,0.0,0.0,0.001953,-0.004639,0.0,0.000182,0.0,0.000061,0.0,-0.000061,0.0,-0.000182,0.0,0.0,0.0,-0.028993,
0.0,3.460851,0.869265,-0.000066,0.0,1.570796,0.0,1.343054,-0.096255,0.0,0.0,0.0,0.227384,-0.024903,-0.010693,0.143162,-0.264784,0.025844,-0.526503,0.027285,0.00459,0.479718,-0.023045,-0.022309,-0.397729,0.174482,0.0,-0.275956,0.0,0.0,0.0,0.202046,-0.174482,0.0,-0.016724,0.0,0.0,0.0,0.0,0.0,-0.0,0.0,0.0,0.0,0.0,0.0,-0.0,0.001953,-0.004639,0.0,0.000182,0.0,0.000061,0.0,-0.000061,-0.0,-0.000182,0.0,-0.0,0.0,-0.031374,
0.0,3.474866,0.86837,-0.000066,0.0,1.570796,0.0,1.401434,-0.089537,0.0,0.0,0.0,0.24254,-0.025074,-0.01322,0.143707,-0.271015,0.02632,-0.518473,0.026808,0.004285,0.440446,-0.036096,-0.02284,-0.403414,0.174482,0.0,-0.280406,0.0,0.0,0.0,0.21296,-0.174482,-0.0,-0.016724,0.0,0.0,0.0,-0.0,0.0,0.0,-0.0,0.0,0.0,0.0,0.0,0.0,0.001953,-0.004639,0.0,0.000182,0.0,0.000061,0.0,-0.000061,0.0,-0.000182,0.0,0.0,0.0,-0.032912,
0.0,3.489173,0.867508,-0.000066,0.0,1.570796,0.0,1.430731,-0.086178,0.0,0.0,0.0,0.257756,-0.025238,-0.015655,0.144203,-0.273658,0.026796,-0.509806,0.02646,0.004029,0.407715,-0.04923,-0.023225,-0.406929,0.174482,0.0,-0.282903,0.0,0.0,0.0,0.223684,-0.174482,0.0,-0.016724,0.0,0.0,0.0,0.0,0.0,0.0,0.0,0.0,0.0,-0.0,-0.0,-0.0,0.001953,-0.004639,0.0,0.000182,0.0,0.000061,0.0,-0.000061,0.0,-0.000182,0.0,0.0,0.0,-0.034029,
0.0,3.50348,0.866646,-0.000066,0.0,1.570796,0.0,1.4307,-0.086171,0.0,0.0,0.0,0.272971,-0.025403,-0.018091,0.144698,-0.276301,0.027272,-0.50114,0.026112,0.003772,0.374984,-0.062364,-0.02361,-0.410444,0.174482,0.0,-0.2854,0.0,0.0,0.0,0.234408,-0.174482,0.0,-0.016724,-0.0,0.0,0.0,0.0,0.0,-0.0,0.0,-0.0,0.0,-0.0,0.0,-0.0,0.001953,-0.004639,0.0,0.000182,0.0,0.000061,0.0,-0.000061,0.0,-0.000182,0.0,0.0,0.0,-0.035147,
0.0,3.51807,0.86584,-0.000066,0.0,1.570796,0.0,1.458989,-0.08066,0.0,0.0,0.0,0.287919,-0.025574,-0.02052,0.145163,-0.274596,0.027663,-0.491889,0.025844,0.003601,0.346849,-0.071623,-0.02389,-0.411568,0.174482,0.0,-0.285846,0.0,-0.0,-0.0,0.244777,-0.174482,-0.0,-0.016724,0.0,0.0,0.0,-0.0,-0.0,0.0,0.0,0.0,0.0,0.0,0.0,-0.0,0.001953,-0.004639,0.0,0.000182,-0.0,0.000061,0.0,-0.000061,0.0,-0.000182,-0.0,0.0,0.0,-0.035678,
0.0,3.533227,0.865143,-0.000066,0.0,1.570796,0.0,1.515721,-0.069609,0.0,0.0,0.0,0.302336,-0.025757,-0.022937,0.145567,-0.264179,0.027883,-0.481466,0.025734,0.003601,0.327889,-0.073126,-0.023964,-0.407903,0.174482,-0.0,-0.282184,0.0,-0.0,0.0,0.254434,-0.174482,0.0,-0.016724,0.0,0.0,0.0,-0.0,-0.0,0.0,0.0,0.0,0.0,0.0,0.0,0.0,0.001953,-0.004639,0.0,0.000182,0.0,0.000061,0.0,-0.000061,0.0,-0.000182,0.0,0.0,0.0,-0.035037,
0.0,3.548384,0.864447,-0.000066,0.0,1.570796,0.0,1.51566,-0.069617,0.0,0.0,0.0,0.316752,-0.02594,-0.025355,0.145971,-0.253763,0.028102,-0.471044,0.025624,0.003601,0.308928,-0.074629,-0.024037,-0.404239,0.174482,-0.0,-0.278522,0.0,0.0,0.0,0.264091,-0.174482,0.0,-0.016724,0.0,0.0,0.0,-0.0,0.0,0.0,0.0,0.0,0.0,-0.0,0.0,0.0,0.001953,-0.004639,0.0,0.000182,0.0,0.000061,0.0,-0.000061,0.0,-0.000182,0.0,0.0,0.0,-0.034396,
0.0,3.563541,0.863751,-0.000066,0.0,1.570796,0.0,1.51569,-0.069609,0.0,0.0,0.0,0.331168,-0.026122,-0.027772,0.146375,-0.243347,0.028322,-0.460621,0.025514,0.003601,0.28997,-0.076131,-0.02411,-0.400574,0.174482,-0.0,-0.274861,0.0,-0.0,-0.0,0.273748,-0.174482,0.0,-0.016724,0.0,0.0,0.0,-0.0,-0.0,0.0,0.0,-0.0,0.0,-0.0,0.0,-0.0,0.001953,-0.004639,0.0,0.000182,0.0,0.000061,0.0,-0.000061,-0.0,-0.000182,0.0,0.0,0.0,-0.033755,
0.0,3.57781,0.863914,-0.000066,0.0,1.570796,0.0,1.42697,0.016276,0.0,0.0,0.0,0.342661,-0.026269,-0.029274,0.146485,-0.217588,0.027846,-0.442985,0.025514,0.004388,0.268005,-0.05299,-0.023927,-0.393521,0.174482,0.0,-0.273991,-0.0,0.0,0.0,0.276431,-0.174482,0.0,-0.016724,0.0,0.0,0.0,0.0,0.0,0.0,0.0,-0.0,0.0,0.0,0.0,0.0,0.001953,-0.004639,0.0,0.000182,0.0,0.000061,0.0,-0.000061,0.0,-0.000182,0.0,0.0,0.0,-0.034286,
0.0,3.59208,0.864077,-0.000066,0.0,1.570796,0.0,1.426939,0.016307,0.0,0.0,0.0,0.354153,-0.026415,-0.030775,0.146596,-0.191818,0.02737,-0.425344,0.025514,0.005176,0.246036,-0.029837,-0.023744,-0.386466,0.174482,0.0,-0.273122,0.0,0.0,0.0,0.279112,-0.174482,0.0,-0.016724,0.0,0.0,0.0,0.0,0.0,-0.0,0.0,0.0,0.0,0.0,0.0,-0.0,0.001953,-0.004639,0.0,0.000182,0.0,0.000061,0.0,-0.000061,0.0,-0.000182,0.0,-0.0,0.0,-0.034817,
0.0,3.60635,0.86424,-0.000066,0.0,1.570796,0.0,1.427001,0.016307,0.0,0.0,0.0,0.365646,-0.026562,-0.032277,0.146706,-0.16605,0.026894,-0.407703,0.025514,0.005963,0.224067,-0.006685,-0.023561,-0.379412,0.174482,0.0,-0.272254,0.0,0.0,0.0,0.281793,-0.174482,0.0,-0.016724,0.0,0.0,0.0,0.0,0.0,0.0,-0.0,0.0,0.0,0.0,0.0,0.0,0.001953,-0.004639,0.0,0.000182,0.0,0.000061,-0.0,-0.000061,0.0,-0.000182,0.0,0.0,0.0,-0.035348,
0.0,3.61977,0.864586,-0.000066,0.0,1.570796,0.0,1.342008,0.03462,0.0,0.0,0.0,0.375596,-0.026501,-0.030972,0.146192,-0.125044,0.025869,-0.400674,0.0256,0.006409,0.226843,0.009115,-0.023311,-0.371463,0.174482,0.0,-0.271127,0.0,0.0,0.0,0.279694,-0.174482,0.0,-0.016724,-0.0,-0.0,0.0,-0.0,0.0,-0.0,0.0,0.0,0.0,-0.0,0.0,-0.0,0.001953,-0.004639,0.0,0.000182,0.0,0.000061,0.0,-0.000061,0.0,-0.000182,0.0,0.0,0.0,-0.035855,
0.0,3.632765,0.865024,-0.000066,0.0,1.570796,0.0,1.299527,0.04378,0.0,0.0,0.0,0.384775,-0.026337,-0.028262,0.145366,-0.076362,0.024568,-0.398955,0.025728,0.006683,0.242006,0.021239,-0.023027,-0.363067,0.174482,0.0,-0.26987,0.0,0.0,-0.0,0.275202,-0.174482,-0.0,-0.016724,0.0,0.0,0.0,0.0,0.0,0.0,-0.0,0.0,0.0,0.0,0.0,0.0,0.001953,-0.004639,0.0,0.000182,0.0,0.000061,0.0,-0.000061,0.0,-0.000182,0.0,0.0,0.0,-0.036349,
0.0,3.64576,0.865462,-0.000066,0.0,1.570796,0.0,1.299466,0.043787,0.0,0.0,0.0,0.393953,-0.026172,-0.025552,0.14454,-0.027681,0.023268,-0.397236,0.025856,0.006958,0.25717,0.033362,-0.022743,-0.35467,0.174482,0.0,-0.268613,0.0,0.0,-0.0,0.27071,-0.174482,-0.0,-0.016724,0.0,0.0,0.0,-0.0,0.0,0.0,0.0,0.0,0.0,0.0,0.0,0.0,0.001953,-0.004639,0.0,0.000182,0.0,0.000061,0.0,-0.000061,0.0,-0.000182,0.0,0.0,0.0,-0.036844,
0.0,3.658308,0.86591,-0.000066,0.0,1.570796,0.0,1.254849,0.044807,0.0,0.0,0.0,0.38935,-0.026112,-0.021988,0.165536,0.01821,0.022194,-0.395997,0.026009,0.007196,0.273689,0.043429,-0.022459,-0.346189,0.174482,-0.0,-0.266717,0.0,0.0,0.0,0.263824,-0.174482,-0.0,-0.016724,0.0,0.0,-0.0,0.0,0.0,0.0,0.0,0.0,0.0,-0.0,0.0,-0.0,0.001953,-0.004639,0.0,0.000182,0.0,0.000061,0.0,-0.000061,0.0,-0.000182,0.0,-0.0,0.0,-0.037174,
0.0,3.669963,0.866379,-0.000066,0.0,1.570796,0.0,1.165463,0.046861,0.0,0.0,0.0,0.357128,-0.026258,-0.016714,0.230347,0.058624,0.021571,-0.395716,0.02621,0.007361,0.292931,0.049383,-0.022175,-0.337534,0.174482,0.0,-0.26354,-0.0,0.0,0.0,0.252143,-0.174482,0.0,-0.016724,0.0,0.0,0.0,0.0,0.0,0.0,0.0,0.0,0.0,0.0,-0.0,0.0,0.001953,-0.004639,0.0,0.000182,0.0,0.000061,0.0,-0.000061,0.0,-0.000182,0.0,-0.0,0.0,-0.037174,
0.0,3.681617,0.866847,-0.000066,0.0,1.570796,0.0,1.165432,0.046861,0.0,0.0,0.0,0.324903,-0.026405,-0.01144,0.2952,0.099046,0.020948,-0.395436,0.026411,0.007526,0.312174,0.055336,-0.021891,-0.32888,0.174482,0.0,-0.260364,0.0,0.0,0.0,0.240461,-0.174482,0.0,-0.016724,0.0,0.0,0.0,-0.0,0.0,-0.0,-0.0,0.0,-0.0,0.0,-0.0,-0.0,0.001953,-0.004639,0.0,0.000182,0.0,0.000061,0.0,-0.000061,0.0,-0.000182,0.0,-0.0,0.0,-0.037174,
0.0,3.693271,0.867316,-0.000066,0.0,1.570796,-0.0,1.165402,0.046861,0.0,0.0,0.0,0.292689,-0.026552,-0.006166,0.359962,0.139447,0.020326,-0.395156,0.026613,0.007691,0.331413,0.061289,-0.021608,-0.320227,0.174482,0.0,-0.257187,0.0,-0.0,0.0,0.228781,-0.174482,0.0,-0.016724,0.0,0.0,0.0,-0.0,-0.0,-0.0,0.0,0.0,0.0,-0.0,0.0,0.0,0.001953,-0.004639,0.0,0.000182,0.0,0.000061,0.0,-0.000061,0.0,-0.000182,-0.0,-0.0,0.0,-0.037174,
0.0,3.70429,0.868083,-0.000066,0.0,1.570796,0.0,1.101832,0.076733,0.0,0.0,0.0,0.227551,-0.028328,-0.007263,0.467869,0.175075,0.017214,-0.390586,0.026704,0.007691,0.34235,0.059295,-0.021553,-0.310206,0.174482,0.0,-0.250748,-0.0,0.0,0.0,0.214994,-0.174482,0.0,-0.016724,0.0,0.0,0.0,0.0,0.0,-0.0,0.0,0.0,0.0,0.0,0.0,0.0,0.001953,-0.004639,0.0,0.000182,0.0,0.000061,0.0,-0.000061,0.0,-0.000182,0.0,-0.0,0.0,-0.039224,
0.0,3.715307,0.868851,-0.000066,0.0,1.570796,0.0,1.101771,0.076733,0.0,0.0,0.0,0.162312,-0.030104,-0.008362,0.576209,0.210715,0.014101,-0.386014,0.026796,0.007691,0.353284,0.057298,-0.021498,-0.300184,0.174482,-0.0,-0.244309,0.0,0.0,0.0,0.201205,-0.174482,0.0,-0.016724,-0.0,0.0,-0.0,0.0,0.0,0.0,0.0,-0.0,0.0,0.0,0.0,0.0,0.001953,-0.004639,0.0,0.000182,0.0,0.000061,0.0,-0.000061,0.0,-0.000182,0.0,0.0,0.0,-0.041276,
0.0,3.726326,0.869618,-0.000066,0.0,1.570796,-0.0,1.101862,0.076741,0.0,0.0,0.0,0.097115,-0.03188,-0.00946,0.684343,0.246349,0.010988,-0.381442,0.026888,0.007691,0.364218,0.055301,-0.021443,-0.290162,0.174482,0.0,-0.237869,0.0,0.0,0.0,0.187416,-0.174482,-0.0,-0.016724,0.0,0.0,0.0,0.0,0.0,-0.0,-0.0,-0.0,-0.0,0.0,0.0,0.0,0.001953,-0.004639,0.0,0.000182,0.0,0.000061,-0.0,-0.000061,0.0,-0.000182,0.0,-0.0,0.0,-0.043327,
0.0,3.737044,0.870487,-0.000066,0.0,1.570796,0.0,1.071832,0.086886,0.0,0.0,0.0,0.047974,-0.033181,-0.0099,0.75198,0.265944,0.008839,-0.37525,0.026918,0.007532,0.372512,0.047191,-0.021563,-0.279173,0.174482,0.0,-0.229742,0.0,0.0,0.0,0.172462,-0.174482,0.0,-0.016724,0.0,0.0,0.0,0.0,0.0,0.0,0.0,0.0,-0.0,0.0,0.0,0.0,0.001953,-0.004639,0.0,0.000182,0.0,0.000061,0.0,-0.000061,0.0,-0.000182,0.0,0.0,0.0,-0.044609,
0.0,3.747613,0.871406,-0.000066,0.0,1.570796,0.0,1.056848,0.091951,0.0,0.0,0.0,0.006794,-0.034243,-0.01001,0.799617,0.277518,0.007172,-0.368247,0.026918,0.007294,0.379486,0.036019,-0.02177,-0.267699,0.174482,0.0,-0.220771,0.0,0.0,0.0,0.156923,-0.174482,0.0,-0.016724,-0.0,-0.0,0.0,0.0,0.0,-0.0,0.0,0.0,0.0,-0.0,0.0,-0.0,0.001953,-0.004639,0.0,0.000182,0.0,0.000061,0.0,-0.000061,0.0,-0.000182,0.0,0.0,0.0,-0.045507,
0.0,3.758182,0.872326,-0.000066,0.0,1.570796,0.0,1.056939,0.091966,0.0,0.0,0.0,-0.03439,-0.035305,-0.01012,0.847257,0.289093,0.005506,-0.361243,0.026918,0.007056,0.386459,0.024847,-0.021978,-0.256225,0.174482,0.0,-0.211798,0.0,0.0,0.0,0.141382,-0.174482,0.0,-0.016724,-0.0,0.0,0.0,0.0,0.0,0.0,0.0,0.0,0.0,-0.0,0.0,-0.0,0.001953,-0.004639,0.0,0.000182,0.0,0.000061,0.0,-0.000061,0.0,-0.000182,0.0,0.0,0.0,-0.046404,
0.0,3.768685,0.873269,-0.000066,0.0,1.570796,-0.0,1.050287,0.094308,0.0,0.0,0.0,-0.071353,-0.036014,-0.009949,0.885304,0.293432,0.004517,-0.353213,0.026918,0.0068,0.391683,0.013012,-0.022185,-0.244258,0.174482,0.0,-0.20209,0.0,0.0,0.0,0.125237,-0.174482,0.0,-0.016724,0.0,0.0,0.0,0.0,0.0,0.0,0.0,-0.0,0.0,-0.0,0.0,-0.0,0.001953,-0.004639,0.0,0.000182,0.0,0.000061,0.0,-0.000061,-0.0,-0.000182,0.0,0.0,0.0,-0.046442,
0.0,3.779057,0.874259,-0.000066,0.0,1.570796,0.0,1.037194,0.09903,0.0,0.0,0.0,-0.099928,-0.036014,-0.009217,0.904225,0.28328,0.004883,-0.343124,0.026918,0.006507,0.393401,-0.000154,-0.022393,-0.231301,0.174482,-0.0,-0.190908,0.0,0.0,0.0,0.107872,-0.174482,-0.0,-0.016724,0.0,0.0,0.0,0.0,0.0,0.0,0.0,-0.0,0.0,0.0,0.0,0.0,0.001953,-0.004639,0.0,0.000182,0.0,0.000061,0.0,-0.000061,0.0,-0.000182,0.0,0.0,0.0,-0.044757,
0.0,3.789429,0.87525,-0.000066,0.0,1.570796,0.0,1.037164,0.099022,0.0,0.0,0.0,-0.128507,-0.036014,-0.008484,0.923147,0.273128,0.005249,-0.333036,0.026918,0.006214,0.395118,-0.013321,-0.0226,-0.218345,0.174482,0.0,-0.179725,0.0,0.0,0.0,0.090508,-0.174482,0.0,-0.016724,0.0,0.0,0.0,0.0,0.0,0.0,0.0,-0.0,0.0,0.0,0.0,-0.0,0.001953,-0.004639,0.0,0.000182,0.0,0.000061,0.0,-0.000061,0.0,-0.000182,0.0,0.0,0.0,-0.043072,
-0.0,3.7998,0.87624,-0.000066,0.0,1.570796,-0.0,1.037164,0.099022,0.0,0.0,0.0,-0.157077,-0.036014,-0.007752,0.942066,0.262976,0.005615,-0.322948,0.026918,0.005921,0.396836,-0.026486,-0.022808,-0.205389,0.174482,-0.0,-0.168543,0.0,-0.0,-0.0,0.073145,-0.174482,0.0,-0.016724,0.0,0.0,0.0,-0.0,-0.0,-0.0,0.0,0.0,-0.0,-0.0,0.0,-0.0,0.001953,-0.004639,0.0,0.000182,0.0,0.000061,0.0,-0.000061,0.0,-0.000182,0.0,0.0,0.0,-0.041387,
-0.0,3.809608,0.877045,-0.000066,0.0,1.570796,0.0,0.980707,0.080563,0.0,0.0,0.0,-0.179434,-0.035519,-0.006745,0.946539,0.242869,0.006897,-0.31113,0.026808,0.005683,0.39456,-0.038099,-0.023015,-0.192296,0.174482,-0.0,-0.158112,-0.0,0.0,-0.0,0.051809,-0.174482,0.0,-0.016724,0.0,0.0,0.0,0.0,0.0,-0.0,0.0,0.0,0.0,0.0,0.0,-0.0,0.001953,-0.004639,0.0,0.000182,0.0,0.000061,0.0,-0.000061,0.0,-0.000182,0.0,0.0,0.0,-0.037962,
0.0,3.819414,0.877851,-0.000066,0.0,1.570796,0.0,0.980677,0.080555,0.0,0.0,0.0,-0.201791,-0.035025,-0.005738,0.951007,0.222757,0.008179,-0.299312,0.026698,0.005445,0.392282,-0.049712,-0.023223,-0.179202,0.174482,0.0,-0.147681,-0.0,-0.0,-0.0,0.03047,-0.174482,0.0,-0.016724,0.0,0.0,0.0,0.0,-0.0,-0.0,0.0,-0.0,0.0,0.0,-0.0,0.0,0.001953,-0.004639,0.0,0.000182,0.0,0.000061,0.0,-0.000061,0.0,-0.000182,0.0,-0.0,0.0,-0.034538,
0.0,3.829221,0.878657,-0.000066,0.0,1.570796,0.0,0.980707,0.080555,0.0,0.0,0.0,-0.224147,-0.03453,-0.004731,0.955475,0.202645,0.00946,-0.287493,0.026589,0.005207,0.390004,-0.061325,-0.023431,-0.166109,0.174482,0.0,-0.13725,0.0,0.0,0.0,0.009131,-0.174482,0.0,-0.016724,0.0,0.0,0.0,0.0,0.0,0.0,0.0,0.0,0.0,-0.0,0.0,-0.0,0.001953,-0.004639,0.0,0.000182,0.0,0.000061,0.0,-0.000061,0.0,-0.000182,0.0,0.0,0.0,-0.031113,
0.0,3.838975,0.879742,-0.000066,0.0,1.570796,0.0,0.975365,0.108509,0.0,0.0,0.0,-0.246403,-0.034024,-0.003931,0.954522,0.186249,0.010547,-0.275291,0.026552,0.005127,0.387603,-0.068728,-0.023561,-0.152164,0.174482,0.0,-0.125936,0.0,0.0,0.0,-0.011715,-0.174482,0.0,-0.014711,0.0,0.0,0.0,-0.0,0.0,0.0,0.0,0.0,0.0,0.0,0.0,0.0,0.001953,-0.004639,0.0,0.000182,0.0,0.000061,0.0,-0.000061,0.0,-0.000182,0.0,-0.0,0.0,-0.027444,
0.0,3.848702,0.880967,-0.000066,0.0,1.570796,-0.0,0.97274,0.122516,0.0,0.0,0.0,-0.268617,-0.033511,-0.003235,0.950856,0.17171,0.011536,-0.262897,0.026552,0.005127,0.38514,-0.074024,-0.023652,-0.137791,0.174482,0.0,-0.114179,-0.0,0.0,-0.0,-0.032321,-0.174482,0.0,-0.011689,0.0,0.0,0.0,0.0,0.0,0.0,0.0,0.0,0.0,0.0,0.0,-0.0,0.001953,-0.004639,0.0,0.000182,0.0,0.000061,-0.0,-0.000061,0.0,-0.000182,0.0,0.0,0.0,-0.023653,
0.0,3.858429,0.882192,-0.000066,0.0,1.570796,0.0,0.972709,0.122516,0.0,0.0,0.0,-0.29083,-0.032998,-0.002539,0.94719,0.157172,0.012525,-0.250502,0.026552,0.005127,0.382678,-0.079319,-0.023744,-0.123419,0.174482,0.0,-0.102422,0.0,0.0,0.0,-0.052926,-0.174482,0.0,-0.008668,0.0,0.0,0.0,0.0,0.0,0.0,0.0,0.0,-0.0,-0.0,0.0,-0.0,0.001953,-0.004639,0.0,0.000182,0.0,0.000061,0.0,-0.000061,0.0,-0.000182,0.0,0.0,0.0,-0.019863,
0.0,3.868243,0.883238,-0.000066,0.0,1.570796,0.0,0.981316,0.104626,0.0,0.0,0.0,-0.313616,-0.03254,-0.001929,0.943173,0.145092,0.013367,-0.238039,0.026527,0.00507,0.380464,-0.085251,-0.023836,-0.108419,0.174482,0.0,-0.090089,-0.0,0.0,0.0,-0.072216,-0.174482,0.0,-0.009087,0.0,0.0,0.0,0.0,0.0,-0.0,0.0,-0.0,0.0,-0.0,0.0,-0.0,0.001953,-0.004639,0.0,0.000182,0.0,0.000061,0.0,-0.000061,0.0,-0.000182,0.0,0.0,0.0,-0.016212,
0.0,3.878227,0.883926,-0.000066,0.0,1.570796,0.0,0.9985,0.068822,0.0,0.0,0.0,-0.337559,-0.032192,-0.001489,0.938453,0.137934,0.013916,-0.225437,0.026454,0.004899,0.378749,-0.092456,-0.023927,-0.092161,0.174482,0.0,-0.076603,0.0,0.0,0.0,-0.08888,-0.174482,0.0,-0.016394,0.0,0.0,0.0,0.0,0.0,0.0,0.0,0.0,0.0,-0.0,-0.0,0.0,0.001953,-0.004639,0.0,0.000182,0.0,0.000061,0.0,-0.000061,0.0,-0.000182,0.0,0.0,0.0,-0.012843,
0.0,3.888213,0.884615,-0.000066,0.0,1.570796,0.0,0.99853,0.068815,0.0,0.0,0.0,-0.361506,-0.031844,-0.00105,0.933733,0.130776,0.014466,-0.212834,0.026381,0.004728,0.377034,-0.09966,-0.024019,-0.075901,0.174482,0.0,-0.063116,0.0,0.0,0.0,-0.105546,-0.174482,0.0,-0.023701,0.0,0.0,0.0,0.0,0.0,-0.0,0.0,0.0,0.0,0.0,0.0,0.0,0.001953,-0.004639,0.0,0.000182,-0.0,0.000061,0.0,-0.000061,0.0,-0.000182,0.0,0.0,0.0,-0.009473,
0.0,3.898198,0.885303,-0.000066,0.0,1.570796,0.0,0.9985,0.068822,0.0,0.0,0.0,-0.385447,-0.031496,-0.00061,0.929013,0.123619,0.015015,-0.200232,0.026308,0.004557,0.375318,-0.106865,-0.02411,-0.059644,0.174482,0.0,-0.04963,0.0,0.0,0.0,-0.122209,-0.174482,0.0,-0.031007,-0.0,0.0,0.0,-0.0,0.0,0.0,0.0,0.0,0.0,-0.0,0.0,0.0,0.001953,-0.004639,-0.0,0.000182,0.0,0.000061,0.0,-0.000061,0.0,-0.000182,0.0,0.0,0.0,-0.006104,
0.0,3.907927,0.88531,-0.000066,0.0,1.570796,0.0,0.972931,0.000705,0.0,0.0,0.0,-0.411402,-0.031661,-0.001013,0.92478,0.125489,0.014814,-0.18953,0.026308,0.004387,0.377145,-0.116111,-0.024202,-0.045157,0.174482,0.0,-0.037616,-0.0,0.0,0.0,-0.137707,-0.174482,-0.0,-0.03859,0.0,0.0,0.0,0.0,0.0,0.0,0.0,0.0,0.0,-0.0,0.0,0.0,0.001953,-0.004639,-0.0,0.000182,0.0,0.000061,0.0,-0.000061,0.0,-0.000182,0.0,0.0,0.0,-0.004346,
0.0,3.917656,0.885317,-0.000066,0.0,1.570796,0.0,0.9729,0.000705,0.0,0.0,0.0,-0.437363,-0.031826,-0.001416,0.920548,0.12736,0.014612,-0.178828,0.026308,0.004216,0.378972,-0.125357,-0.024293,-0.03067,0.174482,0.0,-0.025602,-0.0,0.0,0.0,-0.153205,-0.174482,0.0,-0.046173,-0.0,0.0,0.0,0.0,0.0,0.0,0.0,0.0,0.0,0.0,0.0,-0.0,0.001953,-0.004639,0.0,0.000182,0.0,0.000061,0.0,-0.000061,0.0,-0.000182,0.0,0.0,0.0,-0.002588,
0.0,3.927386,0.885324,-0.000066,0.0,1.570796,0.0,0.972931,0.000698,0.0,0.0,0.0,-0.463322,-0.031991,-0.001819,0.916316,0.129232,0.014411,-0.168126,0.026308,0.004045,0.380799,-0.134604,-0.024385,-0.016182,0.174482,0.0,-0.013588,0.0,0.0,0.0,-0.168703,-0.174482,-0.0,-0.053756,0.0,0.0,-0.0,-0.0,0.0,-0.0,0.0,-0.0,0.0,0.0,0.0,-0.0,0.001953,-0.004639,0.0,0.000182,0.0,0.000061,0.0,-0.000061,0.0,-0.000182,0.0,0.0,0.0,-0.00083,
-0.0,3.93703,0.884995,-0.000066,0.0,1.570796,-0.0,0.96448,-0.032895,0.0,0.0,0.0,-0.478502,-0.031936,-0.002246,0.899711,0.123938,0.014637,-0.155992,0.026247,0.003874,0.379718,-0.14431,-0.024476,0.00006,0.174482,0.0,-0.009583,-0.0,0.0,0.0,-0.182884,-0.174482,0.0,-0.060949,0.0,0.0,0.0,0.0,0.0,-0.0,0.0,-0.0,0.0,-0.0,0.0,0.0,0.001953,-0.004639,0.0,0.000182,0.0,0.000061,0.0,-0.000061,0.0,-0.000182,-0.0,0.0,0.0,0.000378,
0.0,3.946634,0.884498,-0.000066,0.0,1.570796,0.0,0.96033,-0.049695,0.0,0.0,0.0,-0.488296,-0.031771,-0.002686,0.876915,0.11506,0.015076,-0.14314,0.026155,0.003703,0.377183,-0.154246,-0.024568,0.017184,0.174482,0.0,-0.009583,0.0,0.0,0.0,-0.196409,-0.174482,0.0,-0.067948,0.0,0.0,0.0,0.0,0.0,0.0,0.0,-0.0,0.0,-0.0,0.0,0.0,0.001953,-0.004639,0.0,0.000182,0.0,0.000061,0.0,-0.000061,0.0,-0.000182,0.0,0.0,0.0,0.001312,
0.0,3.956237,0.884001,-0.000066,0.0,1.570796,0.0,0.9603,-0.049695,0.0,0.0,0.0,-0.498091,-0.031606,-0.003125,0.854119,0.106183,0.015516,-0.130289,0.026064,0.003532,0.374648,-0.164182,-0.02466,0.034307,0.174482,0.0,-0.009583,-0.0,0.0,0.0,-0.209934,-0.174482,0.0,-0.074947,0.0,0.0,0.0,0.0,0.0,-0.0,0.0,0.0,0.0,-0.0,0.0,0.0,0.001953,-0.004639,0.0,0.000182,0.0,0.000061,0.0,-0.000061,-0.0,-0.000182,0.0,-0.0,0.0,0.002246,
0.0,3.965858,0.883363,-0.000066,0.0,1.570796,0.0,0.962132,-0.063779,0.0,0.0,0.0,-0.505699,-0.031301,-0.003375,0.827962,0.097399,0.016068,-0.118054,0.026003,0.003348,0.373231,-0.174202,-0.024751,0.051298,0.174482,0.0,-0.009583,-0.0,0.0,0.0,-0.222749,-0.174482,-0.0,-0.081593,0.0,0.0,0.0,0.0,0.0,-0.0,0.0,0.0,0.0,-0.0,0.0,-0.0,0.001953,-0.004639,0.0,0.000182,0.0,0.000061,0.0,-0.000061,0.0,-0.000182,-0.0,0.0,0.0,0.003082,
0.0,3.975515,0.882444,-0.000066,0.0,1.570796,0.0,0.965735,-0.091939,0.0,0.0,0.0,-0.508934,-0.030715,-0.003247,0.795064,0.088803,0.016846,-0.107053,0.026003,0.003137,0.374051,-0.184391,-0.024843,0.068028,0.174482,0.0,-0.009583,0.0,0.0,0.0,-0.234146,-0.174482,0.0,-0.087532,-0.0,0.0,0.0,0.0,0.0,-0.0,0.0,0.0,0.0,-0.0,0.0,0.0,0.001953,-0.004639,0.0,0.000182,0.0,0.000061,0.0,-0.000061,0.0,-0.000182,0.0,0.0,0.0,0.003723,
0.0,3.985173,0.881524,-0.000066,0.0,1.570796,-0.0,0.965796,-0.091946,0.0,0.0,0.0,-0.51217,-0.030129,-0.003119,0.762159,0.080207,0.017625,-0.096051,0.026003,0.002927,0.374871,-0.19458,-0.024934,0.084759,0.174482,-0.0,-0.009583,0.0,0.0,0.0,-0.245544,-0.174482,0.0,-0.093471,0.0,0.0,0.0,0.0,0.0,0.0,0.0,0.0,0.0,0.0,0.0,-0.0,0.001953,-0.004639,0.0,0.000182,0.0,0.000061,0.0,-0.000061,0.0,-0.000182,0.0,0.0,0.0,0.004364,
0.0,3.994831,0.880605,-0.000066,0.0,1.570796,0.0,0.965735,-0.091946,0.0,0.0,0.0,-0.515406,-0.029543,-0.002991,0.729267,0.071611,0.018403,-0.085049,0.026003,0.002716,0.375692,-0.204771,-0.025026,0.101488,0.174482,0.0,-0.009583,0.0,0.0,0.0,-0.256941,-0.174482,-0.0,-0.09941,0.0,0.0,0.0,0.0,0.0,-0.0,0.0,-0.0,0.0,0.0,0.0,-0.0,0.001953,-0.004639,0.0,0.000182,0.0,0.000061,0.0,-0.000061,-0.0,-0.000182,0.0,0.0,0.0,0.005005,
0.0,4.004405,0.879348,-0.000066,0.0,1.570796,0.0,0.957406,-0.125661,0.0,0.0,0.0,-0.516258,-0.028829,-0.002368,0.691176,0.065639,0.019181,-0.077811,0.026003,0.002506,0.383194,-0.214961,-0.025044,0.114312,0.174482,-0.0,-0.009583,0.0,0.0,0.0,-0.266071,-0.174482,0.0,-0.105553,-0.0,-0.0,-0.0,-0.0,0.0,-0.0,0.0,0.0,0.0,-0.0,0.0,0.0,0.001953,-0.004639,0.0,0.000182,0.0,0.000061,0.0,-0.000061,0.0,-0.000182,0.0,0.0,0.0,0.005793,
-0.0,4.013978,0.878092,-0.000066,0.0,1.570796,-0.0,0.957345,-0.125661,0.0,0.0,0.0,-0.517111,-0.028114,-0.001746,0.653067,0.059666,0.01996,-0.070574,0.026003,0.002295,0.390696,-0.22515,-0.025062,0.127137,0.174482,-0.0,-0.009583,0.0,0.0,0.0,-0.275201,-0.174482,0.0,-0.111697,0.0,0.0,0.0,0.0,0.0,-0.0,0.0,-0.0,0.0,-0.0,0.0,0.0,0.001953,-0.004639,0.0,0.000182,0.0,0.000061,0.0,-0.000061,0.0,-0.000182,0.0,-0.0,0.0,0.00658,
0.0,4.023552,0.876835,-0.000066,0.0,1.570796,0.0,0.957406,-0.125669,0.0,0.0,0.0,-0.517963,-0.0274,-0.001123,0.614966,0.053694,0.020738,-0.063336,0.026003,0.002084,0.398198,-0.235339,-0.025081,0.139961,0.174482,-0.0,-0.009583,0.0,0.0,0.0,-0.284332,-0.174482,0.0,-0.117841,0.0,0.0,0.0,0.0,0.0,0.0,0.0,0.0,0.0,0.0,0.0,0.0,0.001953,-0.004639,0.0,0.000182,0.0,0.000061,0.0,-0.000061,0.0,-0.000182,0.0,0.0,0.0,0.007367,
0.0,4.033427,0.875947,-0.000066,0.0,1.570796,0.0,0.987463,-0.088802,0.0,0.0,0.0,-0.512711,-0.026796,-0.000476,0.574102,0.046917,0.0214,-0.051569,0.025941,0.002014,0.397498,-0.241834,-0.025099,0.152062,0.174482,0.0,-0.009583,-0.0,0.0,0.0,-0.291003,-0.174482,0.0,-0.122714,0.0,0.0,0.0,0.0,0.0,-0.0,0.0,0.0,0.0,0.0,0.0,0.0,0.001953,-0.004639,0.0,0.000182,0.0,0.000061,-0.0,-0.000061,-0.0,-0.000182,0.0,0.0,0.0,0.008423,
0.0,4.043452,0.875243,-0.000066,0.0,1.570796,-0.0,1.002507,-0.070391,0.0,0.0,0.0,-0.50441,-0.026247,0.000183,0.531816,0.039737,0.022004,-0.037539,0.02585,0.002014,0.3927,-0.246484,-0.025117,0.163803,0.174482,-0.0,-0.009583,0.0,0.0,0.0,-0.296447,-0.174482,-0.0,-0.126952,0.0,-0.0,-0.0,0.0,0.0,0.0,0.0,0.0,0.0,0.0,-0.0,0.0,0.001953,-0.004639,0.0,0.000182,0.0,0.000061,0.0,-0.000061,0.0,-0.000182,0.0,0.0,0.0,0.009614,
0.0,4.053476,0.874539,-0.000066,0.0,1.570796,0.0,1.002476,-0.070391,0.0,0.0,0.0,-0.496108,-0.025697,0.000842,0.489531,0.032557,0.022609,-0.02351,0.025758,0.002014,0.387901,-0.251133,-0.025136,0.175544,0.174482,0.0,-0.009583,0.0,0.0,0.0,-0.30189,-0.174482,0.0,-0.131191,0.0,0.0,0.0,0.0,0.0,-0.0,0.0,0.0,0.0,-0.0,0.0,-0.0,0.001953,-0.004639,0.0,0.000182,-0.0,0.000061,0.0,-0.000061,0.0,-0.000182,0.0,-0.0,0.0,0.010804,
0.0,4.06378,0.873807,-0.000066,0.0,1.570796,0.0,1.030339,-0.073166,0.0,0.0,0.0,-0.488319,-0.025252,0.001441,0.45286,0.024529,0.023103,-0.008321,0.025697,0.002014,0.381417,-0.254682,-0.025154,0.187298,0.174482,0.0,-0.009583,0.0,0.0,0.0,-0.305901,-0.174482,0.0,-0.134371,0.0,0.0,0.0,0.0,0.0,-0.0,0.0,-0.0,0.0,-0.0,0.0,0.0,0.001953,-0.004639,0.0,0.000182,0.0,0.000061,0.0,-0.000061,0.0,-0.000182,0.0,-0.0,0.0,0.012184,
0.0,4.07464,0.87302,-0.000066,0.0,1.570796,-0.0,1.086004,-0.078724,0.0,0.0,0.0,-0.481551,-0.025014,0.001917,0.427341,0.014805,0.023378,0.009186,0.025697,0.002014,0.371563,-0.256029,-0.025172,0.199078,0.174482,0.0,-0.009583,-0.0,0.0,0.0,-0.30705,-0.174482,0.0,-0.135435,0.0,0.0,0.0,0.0,0.0,-0.0,0.0,-0.0,0.0,-0.0,0.0,-0.0,0.001953,-0.004639,0.0,0.000182,0.0,0.000061,0.0,-0.000061,0.0,-0.000182,0.0,-0.0,0.0,0.013941,
0.0,4.0855,0.872233,-0.000066,0.0,1.570796,0.0,1.085973,-0.078717,0.0,0.0,0.0,-0.474784,-0.024775,0.002393,0.40182,0.005082,0.023652,0.026694,0.025697,0.002014,0.36171,-0.257377,-0.025191,0.210858,0.174482,0.0,-0.009583,-0.0,0.0,0.0,-0.308198,-0.174482,0.0,-0.1365,0.0,0.0,0.0,0.0,0.0,-0.0,0.0,-0.0,-0.0,0.0,0.0,-0.0,0.001953,-0.004639,0.0,0.000182,0.0,0.000061,-0.0,-0.000061,0.0,-0.000182,0.0,0.0,0.0,0.015699,
0.0,4.09636,0.871446,-0.000066,0.0,1.570796,0.0,1.086034,-0.078724,0.0,0.0,0.0,-0.468017,-0.024537,0.002869,0.376309,-0.004642,0.023927,0.044202,0.025697,0.002014,0.351854,-0.258723,-0.025209,0.222637,0.174482,0.0,-0.009583,-0.0,0.0,-0.0,-0.309346,-0.174482,0.0,-0.137564,0.0,0.0,0.0,0.0,0.0,0.0,0.0,0.0,0.0,-0.0,0.0,0.0,0.001953,-0.004639,0.0,0.000182,0.0,0.000061,0.0,-0.000061,0.0,-0.000182,0.0,0.0,0.0,0.017457,
0.0,4.10769,0.8706,-0.000066,0.0,1.570796,-0.0,1.13297,-0.084535,0.0,0.0,0.0,-0.463053,-0.024446,0.003144,0.367746,-0.013798,0.024019,0.064689,0.025624,0.002271,0.336896,-0.25505,-0.025227,0.231157,0.174482,0.0,-0.009583,0.0,0.0,0.0,-0.305956,-0.174482,0.0,-0.136811,0.0,0.0,0.0,0.0,0.0,0.0,0.0,0.0,0.0,0.0,0.0,0.0,0.001953,-0.004639,0.0,0.000182,0.0,0.000061,0.0,-0.000061,0.0,-0.000182,0.0,-0.0,0.0,0.018684,
0.0,4.11902,0.869755,-0.000066,0.0,1.570796,0.0,1.13297,-0.084527,0.0,0.0,0.0,-0.458088,-0.024354,0.003418,0.359183,-0.022955,0.02411,0.08518,0.025551,0.002527,0.321937,-0.251377,-0.025246,0.239676,0.174482,0.0,-0.009583,0.0,0.0,0.0,-0.302566,-0.174482,0.0,-0.136059,0.0,0.0,0.0,0.0,0.0,0.0,0.0,0.0,0.0,0.0,0.0,0.0,0.001953,-0.004639,0.0,0.000182,0.0,0.000061,0.0,-0.000061,0.0,-0.000182,0.0,0.0,0.0,0.019911,
-0.0,4.130349,0.86891,-0.000066,0.0,1.570796,-0.0,1.13297,-0.084535,0.0,0.0,0.0,-0.453123,-0.024263,0.003693,0.35062,-0.032111,0.024202,0.105669,0.025478,0.002783,0.306978,-0.247704,-0.025264,0.248196,0.174482,0.0,-0.009583,0.0,0.0,0.0,-0.299176,-0.174482,0.0,-0.135306,0.0,0.0,0.0,-0.0,0.0,-0.0,0.0,-0.0,0.0,-0.0,0.0,0.0,0.001953,-0.004639,0.0,0.000182,0.0,0.000061,0.0,-0.000061,0.0,-0.000182,0.0,0.0,0.0,0.021138,
0.0,4.14134,0.868326,-0.000066,0.0,1.570796,0.0,1.099064,-0.058338,0.0,0.0,0.0,-0.437562,-0.024232,0.003308,0.326407,-0.021197,0.024139,0.125337,0.025453,0.003162,0.291946,-0.239718,-0.025246,0.251993,0.174482,0.0,-0.009583,-0.0,0.0,0.0,-0.294294,-0.174482,0.0,-0.133403,0.0,0.0,0.0,0.0,0.0,0.0,0.0,-0.0,0.0,0.0,0.0,0.0,0.001953,-0.004639,0.0,0.000182,0.0,0.000061,0.0,-0.000061,0.0,-0.000182,-0.0,0.0,0.0,0.021937,
0.0,4.152161,0.867874,-0.000066,0.0,1.570796,0.0,1.082065,-0.045255,0.0,0.0,0.0,-0.416709,-0.024232,0.002594,0.294374,-0.000265,0.023998,0.144597,0.025453,0.003601,0.276877,-0.229579,-0.025209,0.253433,0.174482,0.0,-0.009583,-0.0,-0.0,0.0,-0.288669,-0.174482,0.0,-0.130925,0.0,0.0,0.0,0.0,-0.0,0.0,0.0,0.0,0.0,-0.0,0.0,0.0,0.001953,-0.004639,0.0,0.000182,0.0,0.000061,0.0,-0.000061,-0.0,-0.000182,-0.0,0.0,0.0,0.022523,
0.0,4.162982,0.867421,-0.000066,0.0,1.570796,0.0,1.082095,-0.045262,0.0,0.0,0.0,-0.395857,-0.024232,0.00188,0.26234,0.020667,0.023858,0.163858,0.025453,0.004041,0.261809,-0.219441,-0.025172,0.254873,0.174482,0.0,-0.009583,0.0,0.0,0.0,-0.283044,-0.174482,0.0,-0.128448,0.0,0.0,0.0,0.0,0.0,0.0,0.0,0.0,0.0,-0.0,0.0,0.0,0.001953,-0.004639,-0.0,0.000182,0.0,0.000061,0.0,-0.000061,-0.0,-0.000182,0.0,-0.0,0.0,0.023109,
-0.0,4.173489,0.867171,-0.000066,0.0,1.570796,-0.0,1.050722,-0.025001,0.0,0.0,0.0,-0.37669,-0.024275,0.001135,0.235101,0.041789,0.023717,0.179039,0.025484,0.004505,0.253164,-0.207813,-0.025136,0.253332,0.174482,0.0,-0.009583,0.0,0.0,0.0,-0.277058,-0.174482,0.0,-0.125444,0.0,0.0,0.0,0.0,0.0,-0.0,0.0,-0.0,0.0,-0.0,0.0,-0.0,0.001953,-0.004639,0.0,0.000182,0.0,0.000061,0.0,-0.000061,0.0,-0.000182,0.0,0.0,0.0,0.023469,
-0.0,4.183372,0.867326,-0.000066,0.0,1.570796,0.0,0.98828,0.015423,0.0,0.0,0.0,-0.360874,-0.024403,0.000329,0.217403,0.063303,0.023577,0.186084,0.025575,0.005018,0.257337,-0.193208,-0.025099,0.245842,0.174482,-0.0,-0.009583,0.0,-0.0,0.0,-0.27035,-0.174482,0.0,-0.12139,-0.0,-0.0,0.0,-0.0,-0.0,0.0,0.0,-0.0,0.0,-0.0,0.0,0.0,0.001953,-0.004639,0.0,0.000182,0.0,0.000061,0.0,-0.000061,0.0,-0.000182,0.0,0.0,0.0,0.023378,
0.0,4.193254,0.86748,-0.000066,0.0,1.570796,0.0,0.988219,0.015416,0.0,0.0,0.0,-0.345059,-0.024531,-0.000477,0.199705,0.084817,0.023437,0.193129,0.025667,0.00553,0.26151,-0.178603,-0.025062,0.238352,0.174482,0.0,-0.009583,-0.0,0.0,0.0,-0.263643,-0.174482,0.0,-0.117336,0.0,0.0,0.0,0.0,0.0,0.0,0.0,0.0,0.0,0.0,0.0,0.0,0.001953,-0.004639,0.0,0.000182,-0.0,0.000061,-0.0,-0.000061,0.0,-0.000182,0.0,0.0,0.0,0.023286,
0.0,4.203135,0.867634,-0.000066,0.0,1.570796,0.0,0.988158,0.015439,0.0,0.0,0.0,-0.329255,-0.02466,-0.001282,0.182029,0.106316,0.023296,0.200161,0.025759,0.006043,0.265704,-0.163999,-0.025026,0.230858,0.174482,0.0,-0.009583,0.0,0.0,0.0,-0.256936,-0.174482,0.0,-0.113282,0.0,0.0,0.0,0.0,0.0,-0.0,-0.0,0.0,0.0,-0.0,-0.0,-0.0,0.001953,-0.004639,0.0,0.000182,0.0,0.000061,0.0,-0.000061,0.0,-0.000182,0.0,-0.0,0.0,0.023195,
0.0,4.211755,0.86806,-0.000066,0.0,1.570796,0.0,0.861935,0.042538,0.0,0.0,0.0,-0.330647,-0.024733,-0.001355,0.199467,0.107251,0.023156,0.185547,0.026235,0.006611,0.30706,-0.150324,-0.024733,0.216443,0.174482,-0.0,-0.009583,0.0,-0.0,-0.0,-0.25046,-0.174482,0.0,-0.108551,0.0,0.0,0.0,-0.0,-0.0,0.0,0.0,0.0,0.0,0.0,0.0,0.0,0.001953,-0.004639,0.0,0.000182,0.0,0.000061,0.0,-0.000061,-0.0,-0.000182,0.0,-0.0,0.0,0.023195,
0.0,4.220375,0.868485,-0.000066,0.0,1.570796,0.0,0.861997,0.042545,0.0,0.0,0.0,-0.33204,-0.024806,-0.001428,0.216907,0.108187,0.023015,0.170932,0.026711,0.007178,0.348442,-0.136646,-0.02444,0.202027,0.174482,0.0,-0.009583,0.0,0.0,0.0,-0.243983,-0.174482,0.0,-0.10382,-0.0,0.0,0.0,0.0,0.0,0.0,0.0,-0.0,-0.0,-0.0,0.0,-0.0,0.001953,-0.004639,0.0,0.000182,0.0,0.000061,-0.0,-0.000061,0.0,-0.000182,0.0,-0.0,0.0,0.023195,
0.0,4.228994,0.86891,-0.000066,0.0,1.570796,0.0,0.861935,0.042538,0.0,0.0,0.0,-0.333432,-0.024879,-0.001502,0.234346,0.109122,0.022875,0.156317,0.027187,0.007746,0.389809,-0.12297,-0.024147,0.187612,0.174482,0.0,-0.009583,-0.0,0.0,0.0,-0.237507,-0.174482,-0.0,-0.099089,0.0,0.0,0.0,0.0,0.0,-0.0,0.0,0.0,-0.0,-0.0,0.0,0.0,0.001953,-0.004639,0.0,0.000182,0.0,0.000061,0.0,-0.000061,0.0,-0.000182,0.0,-0.0,0.0,0.023195,
0.0,4.237182,0.869497,-0.000066,0.0,1.570796,0.0,0.818783,0.058663,0.0,0.0,0.0,-0.333264,-0.024904,-0.001477,0.248897,0.106093,0.022828,0.128827,0.028176,0.008619,0.448121,-0.108084,-0.023365,0.172508,0.174482,0.0,-0.009583,0.0,0.0,0.0,-0.23122,-0.174482,0.0,-0.093234,0.0,0.0,0.0,0.0,0.0,0.0,0.0,0.0,0.0,0.0,0.0,0.0,0.001953,-0.004639,0.0,0.000182,0.0,0.000061,0.0,-0.000061,0.0,-0.000182,-0.0,0.0,0.0,0.024233,
0.0,4.245154,0.870164,-0.000066,0.0,1.570796,0.0,0.797206,0.066696,0.0,0.0,0.0,-0.332317,-0.024904,-0.001404,0.262011,0.101087,0.022828,0.094903,0.029422,0.009645,0.515005,-0.092593,-0.022339,0.15706,0.174482,0.0,-0.009583,0.0,-0.0,0.0,-0.225029,-0.174482,-0.0,-0.086819,-0.0,0.0,0.0,0.0,-0.0,-0.0,0.0,-0.0,0.0,0.0,0.0,-0.0,0.001953,-0.004639,0.0,0.000182,0.0,0.000061,0.0,-0.000061,0.0,-0.000182,0.0,0.0,0.0,0.02579,
-0.0,4.253127,0.870831,-0.000066,0.0,1.570796,-0.0,0.797267,0.066696,0.0,0.0,0.0,-0.33137,-0.024904,-0.001331,0.275126,0.096082,0.022828,0.060977,0.030667,0.01067,0.581891,-0.077102,-0.021314,0.141611,0.174482,0.0,-0.009583,0.0,0.0,0.0,-0.218836,-0.174482,-0.0,-0.080404,0.0,0.0,0.0,0.0,0.0,-0.0,0.0,-0.0,0.0,-0.0,0.0,0.0,0.001953,-0.004639,0.0,0.000182,0.0,0.000061,0.0,-0.000061,0.0,-0.000182,0.0,-0.0,0.0,0.027347,
0.0,4.26101,0.871562,-0.000066,0.0,1.570796,0.0,0.788325,0.073134,0.0,0.0,0.0,-0.329233,-0.024904,-0.001239,0.285862,0.090453,0.022828,0.026915,0.032096,0.011836,0.644745,-0.060113,-0.019976,0.126595,0.174482,0.0,-0.009583,0.0,0.0,0.0,-0.212727,-0.174482,-0.0,-0.073494,0.0,0.0,0.0,0.0,0.0,-0.0,0.0,-0.0,0.0,-0.0,-0.0,-0.0,0.001953,-0.004639,0.0,0.000182,0.0,0.000061,0.0,-0.000061,0.0,-0.000182,0.0,-0.0,0.0,0.029478,
0.0,4.268715,0.872422,-0.000066,0.0,1.570796,0.0,0.770563,0.085958,0.0,0.0,0.0,-0.324725,-0.024904,-0.001111,0.29186,0.08358,0.022828,-0.007463,0.033891,0.013283,0.699848,-0.040131,-0.018017,0.112438,0.174482,0.0,-0.009583,0.0,0.0,0.0,-0.206781,-0.174482,0.0,-0.065598,0.0,-0.0,-0.0,0.0,0.0,-0.0,0.0,-0.0,0.0,-0.0,0.0,0.0,0.001953,-0.004639,0.0,0.000182,0.0,0.000061,0.0,-0.000061,0.0,-0.000182,0.0,0.0,0.0,0.032756,
0.0,4.276421,0.873281,-0.000066,0.0,1.570796,-0.0,0.770563,0.085958,0.0,0.0,0.0,-0.320216,-0.024904,-0.000983,0.297857,0.076708,0.022828,-0.041848,0.035686,0.014729,0.754979,-0.020148,-0.016058,0.09828,0.174482,0.0,-0.009583,0.0,0.0,0.0,-0.200835,-0.174482,0.0,-0.057701,-0.0,0.0,-0.0,0.0,0.0,-0.0,0.0,0.0,0.0,0.0,0.0,-0.0,0.001953,-0.004639,0.0,0.000182,0.0,0.000061,0.0,-0.000061,0.0,-0.000182,0.0,0.0,0.0,0.036035,
-0.0,4.284126,0.874141,-0.000066,0.0,1.570796,-0.0,0.770563,0.085958,0.0,0.0,0.0,-0.315707,-0.024904,-0.000854,0.303852,0.069834,0.022828,-0.07622,0.03748,0.016176,0.810046,-0.000171,-0.014098,0.084121,0.174482,0.0,-0.009583,-0.0,0.0,0.0,-0.194889,-0.174482,0.0,-0.049807,0.0,0.0,0.0,0.0,0.0,-0.0,0.0,-0.0,0.0,-0.0,0.0,-0.0,0.001953,-0.004639,0.0,0.000182,0.0,0.000061,0.0,-0.000061,0.0,-0.000182,0.0,0.0,0.0,0.03931,
0.0,4.291226,0.874904,-0.000066,0.0,1.570796,0.0,0.709986,0.07628,0.0,0.0,0.0,-0.310056,-0.024904,-0.000671,0.30602,0.061902,0.022929,-0.109674,0.039239,0.017165,0.851239,0.014864,-0.01201,0.067872,0.174482,0.0,-0.009583,-0.0,0.0,0.0,-0.188858,-0.174482,0.0,-0.044202,0.0,0.0,0.0,0.0,0.0,0.0,0.0,0.0,0.0,0.0,0.0,0.0,0.001953,-0.004639,0.0,0.000182,0.0,0.000061,0.0,-0.000061,0.0,-0.000182,0.0,0.0,0.0,0.03931,
0.0,4.298326,0.875667,-0.000066,0.0,1.570796,0.0,0.709956,0.07628,0.0,0.0,0.0,-0.304404,-0.024904,-0.000488,0.308188,0.05397,0.02303,-0.14314,0.040997,0.018153,0.892455,0.0299,-0.009923,0.051622,0.174482,0.0,-0.009583,0.0,0.0,0.0,-0.182826,-0.174482,0.0,-0.038598,0.0,0.0,0.0,0.0,0.0,0.0,0.0,0.0,0.0,-0.0,0.0,-0.0,0.001953,-0.004639,-0.0,0.000182,0.0,0.000061,0.0,-0.000061,-0.0,-0.000182,0.0,0.0,0.0,0.03931,
0.0,4.305426,0.876429,-0.000066,0.0,1.570796,0.0,0.709986,0.07628,0.0,0.0,0.0,-0.298753,-0.024904,-0.000305,0.310356,0.046038,0.023131,-0.1766,0.042755,0.019142,0.93366,0.044935,-0.007835,0.035372,0.174482,-0.0,-0.009583,-0.0,0.0,0.0,-0.176794,-0.174482,0.0,-0.032994,0.0,0.0,0.0,0.0,0.0,0.0,0.0,0.0,0.0,0.0,0.0,0.0,0.001953,-0.004639,0.0,0.000182,0.0,0.000061,0.0,-0.000061,0.0,-0.000182,0.0,0.0,0.0,0.03931,
0.0,4.312213,0.877552,-0.000066,0.0,1.570796,0.0,0.678764,0.112311,0.0,0.0,0.0,-0.287053,-0.024904,-0.000299,0.30079,0.043278,0.023231,-0.199044,0.043437,0.019324,0.953073,0.050582,-0.007019,0.019653,0.174482,-0.0,-0.010414,0.0,0.0,0.0,-0.17014,-0.174482,0.0,-0.028526,0.0,-0.0,0.0,0.0,0.0,0.0,0.0,-0.0,0.0,-0.0,0.0,-0.0,0.001953,-0.004639,0.0,0.000182,0.0,0.000061,0.0,-0.000061,0.0,-0.000182,0.0,-0.0,0.0,0.038479,
0.0,4.318845,0.878855,-0.000066,0.0,1.570796,-0.0,0.663169,0.130247,0.0,0.0,0.0,-0.272341,-0.024904,-0.000382,0.285379,0.043095,0.023332,-0.216009,0.043584,0.019105,0.961644,0.051552,-0.006836,0.004198,0.174482,0.0,-0.011659,0.0,0.0,0.0,-0.163177,-0.174482,-0.0,-0.024626,0.0,0.0,0.0,0.0,0.0,-0.0,0.0,-0.0,0.0,-0.0,0.0,-0.0,0.001953,-0.004639,0.0,0.000182,0.0,0.000061,0.0,-0.000061,0.0,-0.000182,0.0,0.0,0.0,0.037234,
0.0,4.325477,0.880157,-0.000066,0.0,1.570796,0.0,0.663169,0.130247,0.0,0.0,0.0,-0.257628,-0.024904,-0.000464,0.269968,0.042912,0.023433,-0.232974,0.043731,0.018885,0.970215,0.052523,-0.006653,-0.011258,0.174482,-0.0,-0.012904,0.0,0.0,0.0,-0.156213,-0.174482,0.0,-0.020725,0.0,0.0,0.0,0.0,0.0,-0.0,0.0,-0.0,0.0,-0.0,0.0,-0.0,0.001953,-0.004639,0.0,0.000182,0.0,0.000061,0.0,-0.000061,0.0,-0.000182,0.0,0.0,0.0,0.035988,
0.0,4.331994,0.881341,-0.000066,0.0,1.570796,0.0,0.651695,0.118398,0.0,0.0,0.0,-0.242347,-0.024873,-0.000546,0.253432,0.042821,0.0235,-0.247489,0.043504,0.018322,0.973861,0.049374,-0.006966,-0.026224,0.174482,0.0,-0.0168,0.0,0.0,0.0,-0.148884,-0.174482,-0.0,-0.017216,0.0,0.0,0.0,-0.0,0.0,-0.0,0.0,-0.0,0.0,-0.0,0.0,-0.0,0.001953,-0.004639,0.0,0.000182,0.0,0.000061,0.0,-0.000061,0.0,-0.000182,0.0,0.0,0.0,0.034688,
0.0,4.338283,0.882289,-0.000066,0.0,1.570796,-0.0,0.6289,0.094799,0.0,0.0,0.0,-0.225931,-0.024782,-0.000629,0.234648,0.042912,0.0235,-0.25713,0.042533,0.017077,0.9677,0.038019,-0.008266,-0.040218,0.174482,-0.0,-0.025976,0.0,0.0,0.0,-0.140826,-0.174482,0.0,-0.014488,0.0,0.0,0.0,0.0,0.0,-0.0,0.0,0.0,0.0,-0.0,0.0,-0.0,0.001953,-0.004639,0.0,0.000182,0.0,0.000061,0.0,-0.000061,0.0,-0.000182,0.0,0.0,0.0,0.033278,
0.0,4.344572,0.883237,-0.000066,0.0,1.570796,0.0,0.628869,0.094791,0.0,0.0,0.0,-0.209514,-0.02469,-0.000711,0.215865,0.043004,0.0235,-0.26677,0.041562,0.015832,0.961539,0.026664,-0.009566,-0.054212,0.174482,0.0,-0.035151,0.0,0.0,0.0,-0.132768,-0.174482,0.0,-0.011759,0.0,0.0,0.0,0.0,0.0,-0.0,0.0,-0.0,0.0,0.0,0.0,-0.0,0.001953,-0.004639,0.0,0.000182,0.0,0.000061,0.0,-0.000061,0.0,-0.000182,0.0,0.0,0.0,0.031867,
0.0,4.35086,0.884185,-0.000066,0.0,1.570796,0.0,0.628808,0.094768,0.0,0.0,0.0,-0.1931,-0.024599,-0.000794,0.197085,0.043093,0.0235,-0.276405,0.040591,0.014586,0.955367,0.015301,-0.010866,-0.068205,0.174482,0.0,-0.044326,0.0,0.0,0.0,-0.124712,-0.174482,0.0,-0.009034,0.0,0.0,0.0,-0.0,0.0,0.0,0.0,0.0,0.0,-0.0,0.0,0.0,0.001953,-0.004639,0.0,0.000182,0.0,0.000061,0.0,-0.000061,-0.0,-0.000182,0.0,0.0,0.0,0.030458,
-0.0,4.356558,0.884856,-0.000066,0.0,1.570796,-0.0,0.56982,0.067085,0.0,0.0,0.0,-0.177812,-0.024599,-0.000995,0.179903,0.041152,0.02361,-0.281159,0.039181,0.012975,0.938376,-0.003744,-0.012624,-0.081017,0.174482,-0.0,-0.053412,0.0,0.0,0.0,-0.118237,-0.174482,0.0,-0.009034,0.0,0.0,0.0,0.0,0.0,0.0,0.0,-0.0,0.0,-0.0,0.0,0.0,0.001953,-0.004639,0.0,0.000182,0.0,0.000061,0.0,-0.000061,0.0,-0.000182,0.0,0.0,0.0,0.029634,
-0.0,4.362257,0.885527,-0.000066,0.0,1.570796,0.0,0.56985,0.067085,0.0,0.0,0.0,-0.162521,-0.024599,-0.001197,0.162718,0.039211,0.02372,-0.285913,0.03777,0.011363,0.921382,-0.022798,-0.014382,-0.093831,0.174482,0.0,-0.062499,-0.0,0.0,0.0,-0.111763,-0.174482,0.0,-0.009034,0.0,0.0,0.0,0.0,0.0,-0.0,-0.0,-0.0,0.0,-0.0,0.0,-0.0,0.001953,-0.004639,0.0,0.000182,0.0,0.000061,0.0,-0.000061,0.0,-0.000182,0.0,0.0,0.0,0.02881,
0.0,4.367955,0.886198,-0.000066,0.0,1.570796,0.0,0.56982,0.067085,0.0,0.0,0.0,-0.147232,-0.024599,-0.001398,0.145536,0.037269,0.02383,-0.290667,0.03636,0.009752,0.90439,-0.041855,-0.01614,-0.106644,0.174482,0.0,-0.071586,0.0,-0.0,0.0,-0.105288,-0.174482,0.0,-0.009034,0.0,0.0,0.0,0.0,-0.0,-0.0,0.0,-0.0,0.0,-0.0,0.0,0.0,0.001953,-0.004639,0.0,0.000182,0.0,0.000061,0.0,-0.000061,0.0,-0.000182,0.0,0.0,0.0,0.027985,
-0.0,4.373354,0.886749,-0.000066,0.0,1.570796,-0.0,0.539944,0.055143,0.0,0.0,0.0,-0.13828,-0.024599,-0.001465,0.139828,0.034032,0.023872,-0.293792,0.035195,0.008458,0.885545,-0.060914,-0.017531,-0.118473,0.174482,-0.0,-0.080247,-0.0,-0.0,-0.0,-0.098682,-0.174482,0.0,-0.009034,0.0,0.0,0.0,0.0,-0.0,0.0,-0.0,0.0,0.0,0.0,0.0,-0.0,0.001953,-0.004639,0.0,0.000182,0.0,0.000061,0.0,-0.000061,0.0,-0.000182,0.0,-0.0,0.0,0.026917,
0.0,4.378605,0.887241,-0.000066,0.0,1.570796,0.0,0.525113,0.049191,0.0,0.0,0.0,-0.132481,-0.024599,-0.001465,0.139828,0.03015,0.023881,-0.296106,0.034151,0.007323,0.865774,-0.07997,-0.01874,-0.129813,0.174482,0.0,-0.088697,0.0,0.0,0.0,-0.092009,-0.174482,0.0,-0.009034,0.0,0.0,0.0,0.0,0.0,-0.0,0.0,-0.0,0.0,-0.0,0.0,-0.0,0.001953,-0.004639,0.0,0.000182,0.0,0.000061,0.0,-0.000061,0.0,-0.000182,0.0,-0.0,0.0,0.025726,
0.0,4.383856,0.887733,-0.000066,0.0,1.570796,0.0,0.525113,0.049191,0.0,0.0,0.0,-0.126682,-0.024599,-0.001465,0.139828,0.026267,0.02389,-0.29842,0.033107,0.006188,0.846002,-0.099022,-0.019949,-0.141154,0.174482,0.0,-0.097147,0.0,0.0,0.0,-0.085336,-0.174482,0.0,-0.009034,0.0,0.0,0.0,0.0,0.0,-0.0,0.0,-0.0,0.0,-0.0,0.0,-0.0,0.001953,-0.004639,0.0,0.000182,0.0,0.000061,0.0,-0.000061,0.0,-0.000182,0.0,-0.0,0.0,0.024536,
-0.0,4.388996,0.888183,-0.000066,0.0,1.570796,-0.0,0.513974,0.044986,0.0,0.0,0.0,-0.12097,-0.024599,-0.001465,0.139828,0.022385,0.0239,-0.299112,0.032155,0.0052,0.824136,-0.117239,-0.021004,-0.152002,0.174482,0.0,-0.105182,-0.0,-0.0,-0.0,-0.079039,-0.174482,0.0,-0.009034,0.0,0.0,0.0,0.0,-0.0,0.0,0.0,-0.0,0.0,0.0,0.0,-0.0,0.001953,-0.004639,0.0,0.000182,0.0,0.000061,0.0,-0.000061,0.0,-0.000182,0.0,0.0,0.0,0.023095,
0.0,4.393914,0.888549,-0.000066,0.0,1.570796,0.0,0.491849,0.036616,0.0,0.0,0.0,-0.115431,-0.024599,-0.001465,0.139828,0.018502,0.023909,-0.296576,0.031386,0.004504,0.798088,-0.133815,-0.021755,-0.161869,0.174482,0.0,-0.11239,0.0,0.0,0.0,-0.073487,-0.174482,0.0,-0.009034,0.0,0.0,0.0,0.0,0.0,-0.0,0.0,-0.0,0.0,-0.0,0.0,-0.0,0.001953,-0.004639,0.0,0.000182,0.0,0.000061,0.0,-0.000061,0.0,-0.000182,0.0,0.0,0.0,0.021154,
0.0,4.398833,0.888915,-0.000066,0.0,1.570796,-0.0,0.491849,0.036623,0.0,0.0,0.0,-0.109892,-0.024599,-0.001465,0.139828,0.01462,0.023918,-0.294039,0.030616,0.003808,0.772036,-0.150392,-0.022506,-0.171736,0.174482,-0.0,-0.119598,-0.0,0.0,0.0,-0.067935,-0.174482,0.0,-0.009034,0.0,0.0,0.0,0.0,0.0,0.0,0.0,0.0,0.0,0.0,0.0,0.0,0.001953,-0.004639,0.0,0.000182,0.0,0.000061,0.0,-0.000061,0.0,-0.000182,0.0,0.0,0.0,0.019212,
0.0,4.403751,0.889281,-0.000066,0.0,1.570796,0.0,0.491788,0.036593,0.0,0.0,0.0,-0.104353,-0.024599,-0.001465,0.139828,0.010738,0.023927,-0.291496,0.029847,0.003112,0.74598,-0.166961,-0.023256,-0.181602,0.174482,-0.0,-0.126805,0.0,0.0,0.0,-0.062385,-0.174482,0.0,-0.009034,0.0,0.0,0.0,0.0,0.0,-0.0,0.0,-0.0,0.0,0.0,0.0,-0.0,0.001953,-0.004639,0.0,0.000182,0.0,0.000061,0.0,-0.000061,0.0,-0.000182,0.0,-0.0,0.0,0.017272,
0.0,4.408121,0.889433,-0.000066,0.0,1.570796,0.0,0.43698,0.015196,0.0,0.0,0.0,-0.099349,-0.024599,-0.001263,0.139828,0.007516,0.023936,-0.283508,0.029261,0.002765,0.711933,-0.177958,-0.023641,-0.19036,0.174482,-0.0,-0.132881,0.0,0.0,0.0,-0.058703,-0.174482,0.0,-0.009034,0.0,0.0,0.0,0.0,0.0,-0.0,0.0,-0.0,0.0,-0.0,0.0,-0.0,0.001953,-0.004639,0.0,0.000182,0.0,0.000061,0.0,-0.000061,-0.0,-0.000182,0.0,-0.0,0.0,0.015605,
0.0,4.41249,0.889585,-0.000066,0.0,1.570796,0.0,0.43698,0.015204,0.0,0.0,0.0,-0.094344,-0.024599,-0.001062,0.139828,0.004293,0.023945,-0.275521,0.028675,0.002417,0.677874,-0.188956,-0.024025,-0.199118,0.174482,0.0,-0.138956,0.0,0.0,0.0,-0.055021,-0.174482,0.0,-0.009034,0.0,0.0,0.0,0.0,0.0,-0.0,0.0,0.0,0.0,0.0,0.0,0.0,0.001953,-0.004639,0.0,0.000182,-0.0,0.000061,0.0,-0.000061,0.0,-0.000182,0.0,0.0,0.0,0.013939,
-0.0,4.41686,0.889737,-0.000066,0.0,1.570796,-0.0,0.43698,0.015204,0.0,0.0,0.0,-0.089339,-0.024599,-0.00086,0.139828,0.00107,0.023955,-0.267533,0.028089,0.002069,0.643821,-0.199953,-0.02441,-0.207877,0.174482,0.0,-0.145031,0.0,0.0,0.0,-0.051339,-0.174482,0.0,-0.009034,0.0,0.0,0.0,0.0,0.0,-0.0,0.0,-0.0,0.0,0.0,0.0,-0.0,0.001953,-0.004639,0.0,0.000182,0.0,0.000061,0.0,-0.000061,0.0,-0.000182,0.0,0.0,0.0,0.012272,
0.0,4.419418,0.889829,-0.000066,0.0,1.570796,0.0,0.255767,0.009241,0.0,0.0,0.0,-0.086257,-0.024599,-0.000732,0.139828,-0.000355,0.023964,-0.261181,0.02765,0.001806,0.612321,-0.208305,-0.024635,-0.215031,0.174482,-0.0,-0.149735,0.0,0.0,0.0,-0.047902,-0.174482,0.0,-0.009034,-0.0,0.0,0.0,0.0,0.0,0.0,0.0,-0.0,0.0,-0.0,0.0,0.0,0.001953,-0.004639,0.0,0.000182,0.0,0.000061,0.0,-0.000061,0.0,-0.000182,0.0,0.0,0.0,0.011022,
-0.0,4.421075,0.889892,-0.000066,0.0,1.570796,-0.0,0.165679,0.006275,0.0,0.0,0.0,-0.084131,-0.024599,-0.000641,0.139828,-0.000886,0.023973,-0.255642,0.027284,0.001587,0.582073,-0.21534,-0.024782,-0.221387,0.174482,0.0,-0.153757,-0.0,0.0,-0.0,-0.044587,-0.174482,0.0,-0.009034,0.0,0.0,0.0,0.0,0.0,0.0,0.0,-0.0,0.0,0.0,0.0,0.0,0.001953,-0.004639,0.0,0.000182,0.0,0.000061,0.0,-0.000061,0.0,-0.000182,0.0,-0.0,0.0,0.009978,
0.0,4.422732,0.889955,-0.000066,0.0,1.570796,0.0,0.16571,0.006275,0.0,0.0,0.0,-0.082005,-0.024599,-0.000549,0.139828,-0.001417,0.023982,-0.250104,0.026918,0.001367,0.551825,-0.222376,-0.024928,-0.227743,0.174482,0.0,-0.15778,-0.0,0.0,0.0,-0.041272,-0.174482,0.0,-0.009034,0.0,0.0,0.0,0.0,0.0,-0.0,0.0,0.0,0.0,0.0,0.0,0.0,0.001953,-0.004639,0.0,0.000182,0.0,0.000061,0.0,-0.000061,0.0,-0.000182,0.0,0.0,0.0,0.008934,
0.0,4.424396,0.890007,-0.000066,0.0,1.570796,0.0,0.166412,0.005252,0.0,0.0,0.0,-0.080683,-0.024599,-0.000439,0.141395,-0.002738,0.023991,-0.244401,0.026619,0.001288,0.522899,-0.224751,-0.025026,-0.233126,0.174482,0.0,-0.160996,0.0,0.0,0.0,-0.037877,-0.174482,0.0,-0.009034,0.0,0.0,0.0,-0.0,0.0,-0.0,0.0,-0.0,0.0,-0.0,0.0,-0.0,0.001953,-0.004639,0.0,0.000182,0.0,0.000061,0.0,-0.000061,0.0,-0.000182,0.0,0.0,0.0,0.008148,
0.0,4.426075,0.89004,-0.000066,0.0,1.570796,0.0,0.167907,0.003223,0.0,0.0,0.0,-0.080958,-0.024599,-0.000293,0.146077,-0.005632,0.024,-0.238371,0.026454,0.00149,0.496572,-0.217862,-0.025026,-0.236575,0.174482,0.0,-0.162613,-0.0,0.0,0.0,-0.034324,-0.174482,0.0,-0.009034,0.0,0.0,0.0,0.0,0.0,-0.0,0.0,0.0,0.0,-0.0,0.0,-0.0,0.001953,-0.004639,0.0,0.000182,0.0,0.000061,0.0,-0.000061,0.0,-0.000182,0.0,0.0,0.0,0.007873,
0.0,4.427754,0.890072,-0.000066,0.0,1.570796,-0.0,0.167877,0.003223,0.0,0.0,0.0,-0.081232,-0.024599,-0.000146,0.150759,-0.008525,0.02401,-0.232341,0.026289,0.001691,0.470242,-0.210974,-0.025026,-0.240024,0.174482,-0.0,-0.16423,-0.0,0.0,0.0,-0.030771,-0.174482,0.0,-0.009034,0.0,0.0,0.0,0.0,0.0,-0.0,0.0,-0.0,0.0,-0.0,0.0,-0.0,0.001953,-0.004639,0.0,0.000182,0.0,0.000061,0.0,-0.000061,0.0,-0.000182,0.0,0.0,0.0,0.007599,
0.0,4.429432,0.890104,-0.000066,0.0,1.570796,0.0,0.167877,0.003208,0.0,0.0,0.0,-0.081512,-0.024599,0.0,0.155451,-0.011422,0.024019,-0.226314,0.026125,0.001893,0.443932,-0.204061,-0.025026,-0.243469,0.174482,0.0,-0.165845,0.0,0.0,0.0,-0.027222,-0.174482,0.0,-0.009034,0.0,0.0,0.0,0.0,0.0,0.0,0.0,-0.0,0.0,0.0,0.0,-0.0,0.001953,-0.004639,0.0,0.000182,0.0,0.000061,0.0,-0.000061,0.0,-0.000182,0.0,0.0,0.0,0.007325,
-0.0,4.431032,0.89001,-0.000066,0.0,1.570796,-0.0,0.159974,-0.009389,0.0,0.0,0.0,-0.085086,-0.024599,0.000147,0.166313,-0.017136,0.024028,-0.222298,0.026125,0.002516,0.426044,-0.180653,-0.024842,-0.244835,0.174482,0.0,-0.166489,0.0,0.0,0.0,-0.02605,-0.174482,0.0,-0.009034,0.0,0.0,0.0,-0.0,0.0,-0.0,0.0,0.0,0.0,-0.0,0.0,-0.0,0.001953,-0.004639,0.0,0.000182,0.0,0.000061,0.0,-0.000061,0.0,-0.000182,0.0,-0.0,0.0,0.007545,
0.0,4.432632,0.889916,-0.000066,0.0,1.570796,0.0,0.160004,-0.009389,0.0,0.0,0.0,-0.088661,-0.024599,0.000293,0.177177,-0.02285,0.024037,-0.218281,0.026125,0.003138,0.408154,-0.157239,-0.024659,-0.2462,0.174482,-0.0,-0.167132,0.0,0.0,0.0,-0.024878,-0.174482,0.0,-0.009034,0.0,0.0,0.0,0.0,0.0,0.0,0.0,0.0,0.0,0.0,0.0,0.0,0.001953,-0.004639,0.0,0.000182,0.0,0.000061,0.0,-0.000061,0.0,-0.000182,0.0,-0.0,0.0,0.007764,
0.0,4.434232,0.889822,-0.000066,0.0,1.570796,0.0,0.160004,-0.009381,0.0,0.0,0.0,-0.092235,-0.024599,0.00044,0.18804,-0.028563,0.024046,-0.214265,0.026125,0.003761,0.390265,-0.133829,-0.024476,-0.247565,0.174482,0.0,-0.167775,0.0,0.0,0.0,-0.023706,-0.174482,0.0,-0.009034,-0.0,0.0,0.0,-0.0,0.0,0.0,0.0,-0.0,0.0,0.0,0.0,0.0,0.001953,-0.004639,0.0,0.000182,0.0,0.000061,0.0,-0.000061,0.0,-0.000182,0.0,0.0,0.0,0.007984,
-0.0,4.435712,0.889836,-0.000066,0.0,1.570796,-0.0,0.147949,0.001414,0.0,0.0,0.0,-0.091645,-0.024599,0.000488,0.190563,-0.03074,0.024055,-0.20826,0.026125,0.004322,0.372869,-0.114157,-0.024293,-0.247303,0.174482,0.0,-0.167755,0.0,0.0,0.0,-0.023317,-0.174482,0.0,-0.009034,0.0,0.0,0.0,0.0,0.0,-0.0,0.0,0.0,0.0,0.0,0.0,0.0,0.001953,-0.004639,0.0,0.000182,0.0,0.000061,0.0,-0.000061,0.0,-0.000182,0.0,-0.0,0.0,0.008008,
0.0,4.437132,0.889904,-0.000066,0.0,1.570796,0.0,0.142028,0.006784,0.0,0.0,0.0,-0.088987,-0.024599,0.000488,0.188944,-0.031161,0.024064,-0.201266,0.026125,0.004853,0.355714,-0.096336,-0.02411,-0.246233,0.174482,0.0,-0.167406,0.0,0.0,0.0,-0.023317,-0.174482,0.0,-0.009034,0.0,0.0,0.0,-0.0,0.0,-0.0,0.0,0.0,0.0,0.0,0.0,-0.0,0.001953,-0.004639,0.0,0.000182,0.0,0.000061,0.0,-0.000061,0.0,-0.000182,0.0,0.0,0.0,0.007935,
0.0,4.438552,0.889972,-0.000066,0.0,1.570796,0.0,0.141998,0.006784,0.0,0.0,0.0,-0.086329,-0.024599,0.000488,0.187325,-0.031583,0.024074,-0.194272,0.026125,0.005384,0.338558,-0.078515,-0.023927,-0.245163,0.174482,-0.0,-0.167057,0.0,0.0,-0.0,-0.023317,-0.174482,0.0,-0.009034,0.0,0.0,0.0,-0.0,0.0,0.0,-0.0,-0.0,-0.0,-0.0,0.0,0.0,0.001953,-0.004639,0.0,0.000182,0.0,0.000061,0.0,-0.000061,0.0,-0.000182,0.0,0.0,0.0,0.007861,
0.0,4.439878,0.890134,-0.000066,0.0,1.570796,0.0,0.132628,0.016153,0.0,0.0,0.0,-0.081634,-0.02458,0.000402,0.181566,-0.030157,0.024083,-0.186395,0.026125,0.005879,0.320924,-0.06226,-0.023768,-0.243253,0.174482,0.0,-0.166338,0.0,0.0,0.0,-0.023599,-0.174482,0.0,-0.009034,0.0,0.0,0.0,0.0,0.0,0.0,0.0,-0.0,0.0,0.0,0.0,0.0,0.001953,-0.004639,0.0,0.000182,0.0,0.000061,0.0,-0.000061,0.0,-0.000182,0.0,0.0,0.0,0.007574,
0.0,4.441018,0.890481,-0.000066,0.0,1.570796,0.0,0.11392,0.034767,0.0,0.0,0.0,-0.072894,-0.024525,0.000146,0.167584,-0.025066,0.024092,-0.176763,0.026125,0.0063,0.302335,-0.049109,-0.023658,-0.239675,0.174482,-0.0,-0.164887,0.0,0.0,0.0,-0.024441,-0.174482,0.0,-0.009034,0.0,0.0,0.0,0.0,0.0,0.0,0.0,0.0,0.0,0.0,0.0,0.0,0.001953,-0.004639,0.0,0.000182,0.0,0.000061,0.0,-0.000061,0.0,-0.000182,0.0,0.0,0.0,0.006859,
0.0,4.442157,0.890829,-0.000066,0.0,1.570796,-0.0,0.11392,0.034767,0.0,0.0,0.0,-0.064154,-0.02447,-0.00011,0.153602,-0.019976,0.024101,-0.167131,0.026125,0.006721,0.283745,-0.035957,-0.023548,-0.236097,0.174482,-0.0,-0.163435,0.0,0.0,0.0,-0.025284,-0.174482,0.0,-0.009034,0.0,0.0,0.0,0.0,0.0,-0.0,0.0,0.0,0.0,-0.0,0.0,0.0,0.001953,-0.004639,0.0,0.000182,0.0,0.000061,0.0,-0.000061,0.0,-0.000182,0.0,0.0,0.0,0.006145,
0.0,4.443295,0.891177,-0.000066,0.0,1.570796,0.0,0.113859,0.034752,0.0,0.0,0.0,-0.055427,-0.024415,-0.000367,0.139644,-0.014896,0.02411,-0.157505,0.026124,0.007142,0.265171,-0.022824,-0.023439,-0.232518,0.174482,0.0,-0.161981,0.0,0.0,0.0,-0.026128,-0.174482,0.0,-0.009034,0.0,0.0,0.0,0.0,0.0,0.0,0.0,0.0,0.0,0.0,0.0,0.0,0.001953,-0.004639,0.0,0.000182,0.0,0.000061,0.0,-0.000061,0.0,-0.000182,0.0,0.0,0.0,0.005432,
0.0,4.444053,0.891452,-0.000066,0.0,1.570796,0.0,0.075773,0.02754,0.0,0.0,0.0,-0.054328,-0.024415,-0.00055,0.139718,-0.016544,0.024112,-0.151189,0.026015,0.007288,0.255059,-0.020077,-0.023439,-0.228095,0.174482,0.0,-0.159079,0.0,0.0,0.0,-0.028069,-0.174482,-0.0,-0.009034,-0.0,0.0,0.0,0.0,0.0,0.0,0.0,0.0,0.0,0.0,-0.0,0.0,0.001953,-0.004639,0.0,0.000182,0.0,0.000061,0.0,-0.000061,0.0,-0.000182,0.0,0.0,0.0,0.005322,
-0.0,4.44481,0.891727,-0.000066,0.0,1.570796,-0.0,0.075743,0.027532,0.0,0.0,0.0,-0.053229,-0.024415,-0.000733,0.139791,-0.018192,0.024114,-0.144873,0.025905,0.007435,0.244946,-0.01733,-0.023439,-0.223672,0.174482,0.0,-0.156177,0.0,0.0,0.0,-0.03001,-0.174482,0.0,-0.009034,0.0,0.0,0.0,0.0,0.0,-0.0,0.0,0.0,0.0,-0.0,0.0,0.0,0.001953,-0.004639,0.0,0.000182,0.0,0.000061,0.0,-0.000061,0.0,-0.000182,-0.0,-0.0,0.0,0.005212,
0.0,4.445568,0.892003,-0.000066,0.0,1.570796,0.0,0.075773,0.02754,0.0,0.0,0.0,-0.05213,-0.024415,-0.000916,0.139864,-0.01984,0.024116,-0.138557,0.025795,0.007581,0.234833,-0.014583,-0.023439,-0.219249,0.174482,0.0,-0.153275,0.0,0.0,-0.0,-0.031952,-0.174482,0.0,-0.009034,0.0,0.0,0.0,-0.0,0.0,-0.0,0.0,-0.0,0.0,0.0,-0.0,0.0,0.001953,-0.004639,0.0,0.000182,0.0,0.000061,0.0,-0.000061,-0.0,-0.000182,0.0,-0.0,0.0,0.005103,
0.0,4.446003,0.892173,-0.000066,0.0,1.570796,-0.0,0.043486,0.016994,0.0,0.0,0.0,-0.051606,-0.024415,-0.000977,0.139889,-0.019003,0.024118,-0.134684,0.025758,0.007666,0.228426,-0.01273,-0.023439,-0.214152,0.174482,0.0,-0.149686,-0.0,0.0,-0.0,-0.033942,-0.174482,0.0,-0.009034,0.0,0.0,0.0,0.0,0.0,0.0,0.0,0.0,0.0,0.0,0.0,0.0,0.001953,-0.004639,0.0,0.000182,0.0,0.000061,0.0,-0.000061,0.0,-0.000182,0.0,0.0,0.0,0.005397,
0.0,4.446278,0.89229,-0.000066,0.0,1.570796,0.0,0.027496,0.011766,0.0,0.0,0.0,-0.051368,-0.024415,-0.000977,0.139889,-0.016934,0.02412,-0.132023,0.025758,0.007721,0.223856,-0.01132,-0.023439,-0.208721,0.174482,0.0,-0.145757,0.0,0.0,0.0,-0.035956,-0.174482,0.0,-0.009034,0.0,0.0,0.0,-0.0,0.0,-0.0,0.0,-0.0,0.0,-0.0,0.0,-0.0,0.001953,-0.004639,0.0,0.000182,0.0,0.000061,0.0,-0.000061,0.0,-0.000182,0.0,-0.0,0.0,0.005891,
0.0,4.446553,0.892408,-0.000066,0.0,1.570796,0.0,0.027496,0.011766,0.0,0.0,0.0,-0.05113,-0.024415,-0.000977,0.139889,-0.014865,0.024122,-0.129362,0.025758,0.007776,0.219286,-0.00991,-0.023439,-0.203289,0.174482,-0.0,-0.141828,0.0,0.0,0.0,-0.037971,-0.174482,0.0,-0.009034,0.0,0.0,0.0,-0.0,0.0,0.0,0.0,0.0,0.0,0.0,0.0,0.0,0.001953,-0.004639,0.0,0.000182,0.0,0.000061,0.0,-0.000061,0.0,-0.000182,0.0,0.0,0.0,0.006385,
0.0,4.446736,0.892453,-0.000066,0.0,1.570796,0.0,0.01828,0.004548,0.0,0.0,0.0,-0.051499,-0.024415,-0.000927,0.140781,-0.013189,0.024124,-0.127494,0.025758,0.007813,0.216155,-0.009255,-0.023439,-0.197515,0.174482,-0.0,-0.137647,0.0,0.0,0.0,-0.039857,-0.174482,0.0,-0.009034,0.0,0.0,0.0,0.0,0.0,-0.0,0.0,-0.0,0.0,0.0,0.0,0.0,0.001953,-0.004639,0.0,0.000182,0.0,0.000061,0.0,-0.000061,0.0,-0.000182,0.0,0.0,0.0,0.007088,
0.0,4.446736,0.892356,-0.000066,0.0,1.570796,0.0,0.000001,-0.00975,0.0,0.0,0.0,-0.053075,-0.024415,-0.000781,0.143443,-0.012291,0.024126,-0.127201,0.025758,0.007813,0.215879,-0.010097,-0.023439,-0.191058,0.174482,0.0,-0.132968,-0.0,0.0,-0.0,-0.041487,-0.174482,0.0,-0.009034,0.0,0.0,0.0,0.0,0.0,-0.0,0.0,-0.0,-0.0,-0.0,-0.0,-0.0,0.001953,-0.004639,0.0,0.000182,0.0,0.000061,0.0,-0.000061,0.0,-0.000182,0.0,-0.0,0.0,0.008206,
0.0,4.446736,0.892258,-0.000066,0.0,1.570796,-0.0,0.000001,-0.009758,0.0,0.0,0.0,-0.05465,-0.024415,-0.000635,0.146105,-0.011394,0.024129,-0.126907,0.025758,0.007813,0.215603,-0.01094,-0.023439,-0.184602,0.174482,-0.0,-0.128288,-0.0,0.0,0.0,-0.043117,-0.174482,0.0,-0.009034,-0.0,0.0,0.0,0.0,0.0,-0.0,0.0,-0.0,0.0,0.0,0.0,-0.0,0.001953,-0.004639,0.0,0.000182,0.0,0.000061,0.0,-0.000061,0.0,-0.000182,0.0,-0.0,0.0,0.009323,
0.0,4.446736,0.89216,-0.000066,0.0,1.570796,0.0,0.000001,-0.009789,0.0,0.0,0.0,-0.056237,-0.024415,-0.000488,0.148791,-0.010511,0.024131,-0.126615,0.025758,0.007813,0.21533,-0.011785,-0.023439,-0.178146,0.174482,-0.0,-0.12361,0.0,0.0,0.0,-0.044749,-0.174482,0.0,-0.00903,0.0,0.0,0.0,-0.0,0.0,0.0,0.0,0.0,0.0,0.0,0.0,0.0,0.001953,-0.004639,0.0,0.000182,0.0,0.000061,0.0,-0.000061,-0.0,-0.000182,0.0,0.0,0.0,0.01044,
0.0,4.446736,0.891891,-0.000066,0.0,1.570796,-0.0,0.000002,-0.026916,0.0,0.0,0.0,-0.063841,-0.024415,-0.000231,0.16344,-0.017159,0.024133,-0.127166,0.025758,0.007721,0.21708,-0.014294,-0.023439,-0.171843,0.174482,0.0,-0.119464,-0.0,0.0,0.0,-0.047405,-0.174482,-0.0,-0.007015,0.0,0.0,0.0,0.0,0.0,-0.0,0.0,-0.0,0.0,-0.0,0.0,-0.0,0.001953,-0.004639,0.0,0.000182,0.0,0.000061,0.0,-0.000061,0.0,-0.000182,0.0,0.0,0.0,0.011777,
0.0,4.446736,0.891622,-0.000066,0.0,1.570796,0.0,0.000002,-0.026916,0.0,0.0,0.0,-0.071445,-0.024415,0.000025,0.17809,-0.023806,0.024135,-0.127716,0.025758,0.007629,0.218831,-0.016803,-0.023439,-0.16554,0.174482,0.0,-0.115319,0.0,0.0,0.0,-0.050061,-0.174482,0.0,-0.005001,-0.0,0.0,0.0,0.0,0.0,0.0,0.0,0.0,0.0,0.0,0.0,0.0,0.001953,-0.004639,0.0,0.000182,0.0,0.000061,0.0,-0.000061,0.0,-0.000182,0.0,0.0,0.0,0.013114,
0.0,4.446736,0.891353,-0.000066,0.0,1.570796,-0.0,0.000002,-0.026916,0.0,0.0,0.0,-0.079049,-0.024415,0.000281,0.19274,-0.030454,0.024137,-0.128267,0.025758,0.007538,0.22058,-0.019311,-0.023439,-0.159237,0.174482,0.0,-0.111173,0.0,0.0,0.0,-0.052717,-0.174482,0.0,-0.002987,0.0,0.0,0.0,0.0,0.0,-0.0,0.0,-0.0,0.0,-0.0,0.0,0.0,0.001953,-0.004639,0.0,0.000182,0.0,0.000061,0.0,-0.000061,0.0,-0.000182,0.0,0.0,0.0,0.01445,
0.0,4.446736,0.891091,-0.000066,0.0,1.570796,0.0,0.000002,-0.026176,0.0,0.0,0.0,-0.083799,-0.024415,0.000464,0.201717,-0.034995,0.024139,-0.128449,0.025758,0.007491,0.221739,-0.02149,-0.0235,-0.152803,0.174482,-0.0,-0.106735,0.0,0.0,0.0,-0.055153,-0.174482,0.0,-0.00287,0.0,0.0,0.0,0.0,0.0,0.0,0.0,0.0,0.0,-0.0,0.0,0.0,0.001953,-0.004639,0.0,0.000182,0.0,0.000061,0.0,-0.000061,0.0,-0.000182,0.0,-0.0,0.0,0.015493,
0.0,4.446736,0.890833,-0.000066,0.0,1.570796,0.0,0.000002,-0.025803,0.0,0.0,0.0,-0.087135,-0.024415,0.000611,0.207885,-0.038493,0.024141,-0.128449,0.025758,0.007467,0.222605,-0.023504,-0.023592,-0.146303,0.174482,-0.0,-0.102151,0.0,0.0,0.0,-0.057479,-0.174482,0.0,-0.003694,0.0,0.0,0.0,-0.0,0.0,0.0,0.0,0.0,0.0,0.0,0.0,0.0,0.001953,-0.004639,0.0,0.000182,0.0,0.000061,0.0,-0.000061,0.0,-0.000182,0.0,0.0,0.0,0.01639,
0.0,4.446736,0.890575,-0.000066,0.0,1.570796,0.0,0.000002,-0.025803,0.0,0.0,0.0,-0.090471,-0.024415,0.000757,0.214053,-0.041992,0.024143,-0.128449,0.025758,0.007442,0.223471,-0.025518,-0.023683,-0.139803,0.174482,0.0,-0.097567,-0.0,0.0,0.0,-0.059806,-0.174482,0.0,-0.004518,0.0,0.0,0.0,0.0,0.0,0.0,0.0,-0.0,0.0,0.0,0.0,-0.0,0.001953,-0.004639,0.0,0.000182,0.0,0.000061,0.0,-0.000061,0.0,-0.000182,0.0,-0.0,0.0,0.017288,
0.0,4.446736,0.890353,-0.000066,0.0,1.570796,0.0,0.000001,-0.022202,0.0,0.0,0.0,-0.093235,-0.024415,0.000869,0.219097,-0.044882,0.024145,-0.128166,0.025758,0.007418,0.223744,-0.027048,-0.023744,-0.133188,0.174482,0.0,-0.092787,0.0,0.0,0.0,-0.061825,-0.174482,-0.0,-0.005207,0.0,0.0,0.0,-0.0,0.0,0.0,0.0,0.0,-0.0,0.0,0.0,0.0,0.001953,-0.004639,0.0,0.000182,0.0,0.000061,0.0,-0.000061,0.0,-0.000182,0.0,-0.0,0.0,0.017903,
0.0,4.446736,0.890202,-0.000066,0.0,1.570796,0.0,0.000001,-0.015068,0.0,0.0,0.0,-0.094866,-0.024415,0.000912,0.221916,-0.046567,0.024147,-0.127322,0.025758,0.007394,0.222841,-0.027615,-0.023744,-0.126345,0.174482,-0.0,-0.087618,0.0,0.0,0.0,-0.063236,-0.174482,0.0,-0.005629,0.0,0.0,0.0,-0.0,0.0,-0.0,0.0,0.0,0.0,-0.0,0.0,-0.0,0.001953,-0.004639,0.0,0.000182,0.0,0.000061,0.0,-0.000061,0.0,-0.000182,0.0,0.0,0.0,0.017957,
0.0,4.446736,0.890052,-0.000066,0.0,1.570796,-0.0,0.000001,-0.015068,0.0,0.0,0.0,-0.096498,-0.024415,0.000954,0.224735,-0.048252,0.024149,-0.126478,0.025758,0.007369,0.221938,-0.028183,-0.023744,-0.119502,0.174482,-0.0,-0.08245,-0.0,0.0,0.0,-0.064646,-0.174482,0.0,-0.00605,0.0,0.0,0.0,0.0,0.0,0.0,0.0,-0.0,0.0,0.0,0.0,-0.0,0.001953,-0.004639,0.0,0.000182,0.0,0.000061,0.0,-0.000061,0.0,-0.000182,0.0,0.0,0.0,0.018012,
0.0,4.446736,0.889901,-0.000066,0.0,1.570796,0.0,0.000001,-0.015045,0.0,0.0,0.0,-0.09813,-0.024415,0.000997,0.227555,-0.049936,0.024151,-0.125635,0.025758,0.007345,0.221037,-0.028749,-0.023744,-0.11266,0.174482,0.0,-0.077282,0.0,0.0,0.0,-0.066054,-0.174482,0.0,-0.00647,0.0,0.0,0.0,0.0,0.0,-0.0,0.0,-0.0,0.0,-0.0,-0.0,0.0,0.001953,-0.004639,0.0,0.000182,0.0,0.000061,0.0,-0.000061,0.0,-0.000182,0.0,0.0,0.0,0.018066,
0.0,4.446736,0.88986,-0.000066,0.0,1.570796,0.0,0.0,-0.004128,0.0,0.0,0.0,-0.099853,-0.024415,0.00104,0.230523,-0.050961,0.024153,-0.125268,0.025758,0.00732,0.22065,-0.028749,-0.023744,-0.106719,0.174482,0.0,-0.072757,-0.0,0.0,0.0,-0.06587,-0.174482,-0.0,-0.006617,0.0,0.0,0.0,0.0,0.0,0.0,0.0,-0.0,0.0,-0.0,0.0,-0.0,0.001953,-0.004639,0.0,0.000182,0.0,0.000061,0.0,-0.000061,0.0,-0.000182,0.0,0.0,0.0,0.017553,
0.0,4.446736,0.889819,-0.000066,0.0,1.570796,0.0,0.0,-0.00412,0.0,0.0,0.0,-0.101577,-0.024415,0.001082,0.233491,-0.051987,0.024155,-0.124901,0.025758,0.007296,0.220263,-0.028749,-0.023744,-0.100778,0.174482,0.0,-0.068231,-0.0,0.0,0.0,-0.065687,-0.174482,0.0,-0.006763,0.0,0.0,0.0,0.0,0.0,-0.0,0.0,-0.0,0.0,-0.0,0.0,-0.0,0.001953,-0.004639,0.0,0.000182,0.0,0.000061,0.0,-0.000061,0.0,-0.000182,0.0,-0.0,0.0,0.017041,
0.0,4.446736,0.889778,-0.000066,0.0,1.570796,0.0,0.0,-0.004128,0.0,0.0,0.0,-0.1033,-0.024415,0.001125,0.236459,-0.053013,0.024157,-0.124534,0.025758,0.007272,0.219876,-0.028749,-0.023744,-0.094838,0.174482,-0.0,-0.063705,0.0,0.0,0.0,-0.065504,-0.174482,0.0,-0.00691,0.0,0.0,0.0,0.0,0.0,-0.0,0.0,-0.0,0.0,-0.0,0.0,-0.0,0.001953,-0.004639,0.0,0.000182,0.0,0.000061,0.0,-0.000061,0.0,-0.000182,0.0,0.0,0.0,0.016528,
0.0,4.446736,0.889729,-0.000066,0.0,1.570796,0.0,0.0,-0.004829,0.0,0.0,0.0,-0.105061,-0.024415,0.001168,0.239626,-0.05388,0.024159,-0.126008,0.025758,0.007211,0.222731,-0.029827,-0.023744,-0.089671,0.174482,0.0,-0.059866,0.0,0.0,0.0,-0.06488,-0.174482,0.0,-0.007056,0.0,0.0,0.0,0.0,0.0,-0.0,0.0,-0.0,0.0,-0.0,0.0,-0.0,0.001953,-0.004639,0.0,0.000182,0.0,0.000061,0.0,-0.000061,0.0,-0.000182,0.0,0.0,0.0,0.016125,
-0.0,4.446736,0.889678,-0.000066,0.0,1.570796,-0.0,0.0,-0.005173,0.0,0.0,0.0,-0.106839,-0.024415,0.001211,0.242891,-0.054667,0.024161,-0.128394,0.025758,0.007134,0.227191,-0.031439,-0.023744,-0.084887,0.174482,0.0,-0.056367,0.0,0.0,0.0,-0.064037,-0.174482,0.0,-0.007203,0.0,0.0,0.0,0.0,0.0,-0.0,0.0,-0.0,0.0,-0.0,0.0,-0.0,0.001953,-0.004639,0.0,0.000182,0.0,0.000061,0.0,-0.000061,0.0,-0.000182,0.0,0.0,0.0,0.015777,
0.0,4.446736,0.889626,-0.000066,0.0,1.570796,0.0,0.0,-0.005173,0.0,0.0,0.0,-0.108618,-0.024415,0.001253,0.246157,-0.055455,0.024163,-0.130779,0.025758,0.007056,0.231652,-0.033051,-0.023744,-0.080104,0.174482,-0.0,-0.052869,0.0,0.0,0.0,-0.063194,-0.174482,-0.0,-0.007349,0.0,0.0,0.0,-0.0,0.0,-0.0,0.0,-0.0,0.0,0.0,0.0,-0.0,0.001953,-0.004639,0.0,0.000182,-0.0,0.000061,0.0,-0.000061,0.0,-0.000182,0.0,0.0,0.0,0.01543,
0.0,4.446736,0.889549,-0.000066,0.0,1.570796,0.0,0.000001,-0.007721,0.0,0.0,0.0,-0.110415,-0.024415,0.001282,0.249515,-0.05639,0.024165,-0.133411,0.025758,0.006978,0.236559,-0.034859,-0.023744,-0.075751,0.174482,-0.0,-0.049733,0.0,0.0,0.0,-0.062216,-0.174482,0.0,-0.007619,0.0,0.0,0.0,0.0,0.0,-0.0,0.0,0.0,0.0,0.0,0.0,0.0,0.001953,-0.004639,0.0,0.000182,0.0,0.000061,-0.0,-0.000061,0.0,-0.000182,0.0,-0.0,0.0,0.015272,
0.0,4.446736,0.889421,-0.000066,0.0,1.570796,0.0,0.000001,-0.012779,0.0,0.0,0.0,-0.112249,-0.024415,0.001282,0.25306,-0.057618,0.024167,-0.136532,0.025758,0.0069,0.242352,-0.037057,-0.023744,-0.072251,0.174482,0.0,-0.047315,0.0,0.0,0.0,-0.06097,-0.174482,0.0,-0.008131,0.0,0.0,0.0,-0.0,0.0,-0.0,0.0,-0.0,-0.0,0.0,0.0,-0.0,0.001953,-0.004639,0.0,0.000182,0.0,0.000061,0.0,-0.000061,0.0,-0.000182,0.0,0.0,0.0,0.015492,
0.0,4.446736,0.889293,-0.000066,0.0,1.570796,0.0,0.000001,-0.012772,0.0,0.0,0.0,-0.114083,-0.024415,0.001282,0.256604,-0.058845,0.024169,-0.139652,0.025758,0.006822,0.248145,-0.039255,-0.023744,-0.068751,0.174482,0.0,-0.044897,0.0,0.0,0.0,-0.059725,-0.174482,-0.0,-0.008644,0.0,0.0,0.0,-0.0,0.0,0.0,0.0,-0.0,0.0,0.0,0.0,0.0,0.001953,-0.004639,0.0,0.000182,0.0,0.000061,0.0,-0.000061,0.0,-0.000182,0.0,0.0,0.0,0.015712,
0.0,4.446736,0.889165,-0.000066,0.0,1.570796,0.0,0.000001,-0.012802,0.0,0.0,0.0,-0.115918,-0.024415,0.001282,0.26015,-0.060075,0.024171,-0.142773,0.025758,0.006744,0.253939,-0.041454,-0.023744,-0.065253,0.174482,0.0,-0.04248,-0.0,0.0,0.0,-0.058479,-0.174482,0.0,-0.009155,0.0,0.0,0.0,0.0,0.0,-0.0,0.0,0.0,0.0,0.0,0.0,-0.0,0.001953,-0.004639,0.0,0.000182,0.0,0.000061,0.0,-0.000061,0.0,-0.000182,0.0,0.0,0.0,0.015931,
0.0,4.446736,0.888943,-0.000066,0.0,1.570796,-0.0,0.000001,-0.022247,0.0,0.0,0.0,-0.118009,-0.024415,0.001392,0.26427,-0.0622,0.024173,-0.146041,0.025758,0.006667,0.26009,-0.044164,-0.023744,-0.062157,0.174482,0.0,-0.040447,0.0,0.0,0.0,-0.05727,-0.174482,0.0,-0.009045,-0.0,0.0,0.0,-0.0,0.0,0.0,0.0,-0.0,0.0,0.0,0.0,-0.0,0.001953,-0.004639,0.0,0.000182,0.0,0.000061,0.0,-0.000061,0.0,-0.000182,0.0,0.0,0.0,0.016078,
0.0,4.446736,0.88872,-0.000066,0.0,1.570796,0.0,0.000001,-0.022255,0.0,0.0,0.0,-0.120101,-0.024415,0.001502,0.26839,-0.064325,0.024175,-0.149309,0.025758,0.006589,0.266242,-0.046875,-0.023744,-0.059061,0.174482,0.0,-0.038414,-0.0,0.0,0.0,-0.056061,-0.174482,0.0,-0.008936,0.0,0.0,0.0,0.0,0.0,0.0,0.0,0.0,0.0,-0.0,0.0,0.0,0.001953,-0.004639,0.0,0.000182,0.0,0.000061,0.0,-0.000061,0.0,-0.000182,0.0,0.0,0.0,0.016224,
0.0,4.446736,0.888498,-0.000066,0.0,1.570796,-0.0,0.000001,-0.022255,0.0,0.0,0.0,-0.122192,-0.024415,0.001612,0.272511,-0.06645,0.024177,-0.152578,0.025758,0.006511,0.272393,-0.049586,-0.023744,-0.055965,0.174482,0.0,-0.036381,-0.0,0.0,0.0,-0.054852,-0.174482,0.0,-0.008826,0.0,0.0,0.0,0.0,0.0,0.0,0.0,0.0,0.0,-0.0,0.0,0.0,0.001953,-0.004639,0.0,0.000182,0.0,0.000061,0.0,-0.000061,0.0,-0.000182,0.0,-0.0,0.0,0.016371,
0.0,4.446736,0.888275,-0.000066,0.0,1.570796,0.0,0.000001,-0.022247,0.0,0.0,0.0,-0.123289,-0.024415,0.001648,0.274764,-0.068091,0.024179,-0.154728,0.025758,0.006433,0.27647,-0.051709,-0.023744,-0.053371,0.174482,-0.0,-0.034704,0.0,0.0,0.0,-0.053704,-0.174482,-0.0,-0.008728,0.0,0.0,0.0,0.0,0.0,-0.0,0.0,0.0,0.0,-0.0,0.0,-0.0,0.001953,-0.004639,0.0,0.000182,0.0,0.000061,0.0,-0.000061,0.0,-0.000182,0.0,0.0,0.0,0.016419,
0.0,4.446736,0.888053,-0.000066,0.0,1.570796,-0.0,0.000001,-0.022255,0.0,0.0,0.0,-0.123894,-0.024415,0.001648,0.276095,-0.069493,0.024181,-0.156326,0.025758,0.006355,0.279521,-0.05354,-0.023744,-0.051027,0.174482,0.0,-0.033202,0.0,0.0,0.0,-0.052587,-0.174482,0.0,-0.008637,0.0,0.0,0.0,-0.0,0.0,-0.0,0.0,-0.0,0.0,-0.0,0.0,0.0,0.001953,-0.004639,0.0,0.000182,0.0,0.000061,0.0,-0.000061,0.0,-0.000182,0.0,0.0,0.0,0.016419,
-0.0,4.446736,0.88783,-0.000066,0.0,1.570796,-0.0,0.000001,-0.022247,0.0,0.0,0.0,-0.1245,-0.024415,0.001648,0.277427,-0.070895,0.024183,-0.157924,0.025758,0.006277,0.282572,-0.055372,-0.023744,-0.048682,0.174482,0.0,-0.0317,0.0,0.0,0.0,-0.051469,-0.174482,0.0,-0.008545,-0.0,0.0,0.0,0.0,0.0,-0.0,0.0,0.0,0.0,0.0,0.0,0.0,0.001953,-0.004639,0.0,0.000182,0.0,0.000061,0.0,-0.000061,0.0,-0.000182,0.0,0.0,0.0,0.016419,
0.0,4.446736,0.887622,-0.000066,0.0,1.570796,0.0,0.000001,-0.020775,0.0,0.0,0.0,-0.12497,-0.024415,0.001685,0.27854,-0.072297,0.024185,-0.159331,0.025758,0.006226,0.285245,-0.057057,-0.023744,-0.046645,0.174482,0.0,-0.030389,-0.0,0.0,0.0,-0.050426,-0.174482,0.0,-0.008527,0.0,0.0,0.0,0.0,0.0,-0.0,0.0,-0.0,0.0,-0.0,0.0,-0.0,0.001953,-0.004639,0.0,0.000182,0.0,0.000061,0.0,-0.000061,0.0,-0.000182,0.0,0.0,0.0,0.016419,
-0.0,4.446736,0.887444,-0.000066,0.0,1.570796,-0.0,0.000001,-0.017838,0.0,0.0,0.0,-0.125171,-0.024415,0.001795,0.279225,-0.073698,0.024188,-0.16036,0.025758,0.006226,0.287169,-0.058449,-0.023744,-0.045216,0.174482,0.0,-0.029455,0.0,0.0,0.0,-0.049528,-0.174482,0.0,-0.008655,0.0,0.0,0.0,0.0,0.0,-0.0,0.0,0.0,0.0,0.0,0.0,0.0,0.001953,-0.004639,0.0,0.000182,0.0,0.000061,0.0,-0.000061,0.0,-0.000182,0.0,0.0,0.0,0.016419,
0.0,4.446736,0.887265,-0.000066,0.0,1.570796,0.0,0.000001,-0.017845,0.0,0.0,0.0,-0.125373,-0.024415,0.001905,0.279909,-0.0751,0.02419,-0.161389,0.025758,0.006226,0.289093,-0.059841,-0.023744,-0.043788,0.174482,0.0,-0.028521,0.0,0.0,0.0,-0.048631,-0.174482,0.0,-0.008784,0.0,0.0,0.0,0.0,0.0,-0.0,0.0,-0.0,0.0,-0.0,0.0,-0.0,0.001953,-0.004639,0.0,0.000182,0.0,0.000061,0.0,-0.000061,0.0,-0.000182,0.0,0.0,0.0,0.016419,
0.0,4.446736,0.887087,-0.000066,0.0,1.570796,0.0,0.000001,-0.017822,0.0,0.0,0.0,-0.125574,-0.024415,0.002014,0.280591,-0.0765,0.024192,-0.162415,0.025758,0.006226,0.291014,-0.061231,-0.023744,-0.042361,0.174482,0.0,-0.027588,0.0,0.0,0.0,-0.047734,-0.174482,-0.0,-0.008911,0.0,0.0,0.0,-0.0,0.0,0.0,-0.0,0.0,0.0,-0.0,0.0,0.0,0.001953,-0.004639,0.0,0.000182,0.0,0.000061,0.0,-0.000061,0.0,-0.000182,0.0,-0.0,0.0,0.01642,
0.0,4.446736,0.886999,-0.000066,0.0,1.570796,-0.0,0.000001,-0.008774,0.0,0.0,0.0,-0.12528,-0.024415,0.002014,0.28035,-0.077362,0.024194,-0.162654,0.025758,0.006226,0.291384,-0.061671,-0.023744,-0.041555,0.174482,0.0,-0.027094,0.0,0.0,0.0,-0.047295,-0.174482,0.0,-0.008838,-0.0,0.0,0.0,0.0,0.0,0.0,0.0,-0.0,0.0,-0.0,0.0,0.0,0.001953,-0.004639,0.0,0.000182,-0.0,0.000061,0.0,-0.000061,0.0,-0.000182,0.0,-0.0,0.0,0.016621,
0.0,4.446736,0.886912,-0.000066,0.0,1.570796,0.0,0.000001,-0.008774,0.0,0.0,0.0,-0.124987,-0.024415,0.002014,0.28011,-0.078223,0.024196,-0.162893,0.025758,0.006226,0.291754,-0.06211,-0.023744,-0.040749,0.174482,-0.0,-0.026599,-0.0,0.0,0.0,-0.046855,-0.174482,0.0,-0.008765,0.0,0.0,0.0,0.0,0.0,-0.0,-0.0,0.0,0.0,0.0,0.0,0.0,0.001953,-0.004639,0.0,0.000182,0.0,0.000061,0.0,-0.000061,0.0,-0.000182,0.0,-0.0,0.0,0.016823,
0.0,4.446736,0.886824,-0.000066,0.0,1.570796,0.0,0.000001,-0.008781,0.0,0.0,0.0,-0.124693,-0.024415,0.002014,0.279869,-0.079084,0.024198,-0.163132,0.025758,0.006226,0.292124,-0.06255,-0.023744,-0.039943,0.174482,0.0,-0.026105,0.0,0.0,0.0,-0.046416,-0.174482,0.0,-0.008692,-0.0,0.0,0.0,-0.0,0.0,-0.0,0.0,-0.0,0.0,0.0,0.0,0.0,0.001953,-0.004639,0.0,0.000182,0.0,0.000061,0.0,-0.000061,0.0,-0.000182,0.0,0.0,0.0,0.017024,
0.0,4.446736,0.886769,-0.000066,0.0,1.570796,0.0,0.0,-0.00547,0.0,0.0,0.0,-0.124596,-0.024415,0.002014,0.279901,-0.079627,0.0242,-0.163666,0.025758,0.006164,0.293027,-0.06299,-0.023744,-0.039431,0.174482,0.0,-0.025807,0.0,0.0,0.0,-0.04627,-0.174482,0.0,-0.008606,0.0,0.0,0.0,-0.0,0.0,0.0,0.0,-0.0,0.0,-0.0,0.0,0.0,0.001953,-0.004639,0.0,0.000182,0.0,0.000061,0.0,-0.000061,0.0,-0.000182,0.0,0.0,0.0,0.017311,
0.0,4.446736,0.886731,-0.000066,0.0,1.570796,0.0,0.0,-0.003838,0.0,0.0,0.0,-0.124596,-0.024415,0.002014,0.280068,-0.080011,0.024202,-0.164346,0.025758,0.006073,0.294193,-0.063429,-0.023744,-0.039065,0.174482,0.0,-0.025605,0.0,0.0,0.0,-0.04627,-0.174482,0.0,-0.008514,0.0,0.0,0.0,0.0,0.0,-0.0,0.0,-0.0,0.0,-0.0,0.0,-0.0,0.001953,-0.004639,0.0,0.000182,0.0,0.000061,0.0,-0.000061,0.0,-0.000182,0.0,0.0,0.0,0.017641,
0.0,4.446736,0.886692,-0.000066,0.0,1.570796,0.0,0.0,-0.003845,0.0,0.0,0.0,-0.124596,-0.024415,0.002014,0.280234,-0.080396,0.024204,-0.165026,0.025758,0.005981,0.29536,-0.063869,-0.023744,-0.038699,0.174482,0.0,-0.025404,0.0,0.0,0.0,-0.04627,-0.174482,-0.0,-0.008423,0.0,0.0,0.0,0.0,0.0,0.0,0.0,0.0,0.0,0.0,0.0,0.0,0.001953,-0.004639,0.0,0.000182,-0.0,0.000061,0.0,-0.000061,0.0,-0.000182,0.0,-0.0,0.0,0.01797,
0.0,4.446736,0.886661,-0.000066,0.0,1.570796,0.0,0.0,-0.003113,0.0,0.0,0.0,-0.124565,-0.024415,0.002014,0.280345,-0.080738,0.024206,-0.165798,0.025783,0.005921,0.296713,-0.064358,-0.023744,-0.038431,0.174482,0.0,-0.02527,0.0,0.0,0.0,-0.046406,-0.174482,0.0,-0.008362,0.0,0.0,0.0,0.0,0.0,-0.0,0.0,-0.0,0.0,-0.0,0.0,0.0,0.001953,-0.004639,0.0,0.000182,0.0,0.000061,0.0,-0.000061,0.0,-0.000182,0.0,0.0,0.0,0.018331,
0.0,4.446736,0.886644,-0.000066,0.0,1.570796,0.0,0.0,-0.001678,0.0,0.0,0.0,-0.124474,-0.024415,0.002014,0.280345,-0.080995,0.024208,-0.166754,0.025856,0.005921,0.298435,-0.064944,-0.023744,-0.038358,0.174482,0.0,-0.02527,0.0,0.0,0.0,-0.046809,-0.174482,-0.0,-0.008362,0.0,0.0,0.0,-0.0,0.0,-0.0,0.0,-0.0,0.0,-0.0,0.0,-0.0,0.001953,-0.004639,0.0,0.000182,0.0,0.000061,0.0,-0.000061,0.0,-0.000182,0.0,-0.0,0.0,0.018752,
0.0,4.446736,0.886628,-0.000066,0.0,1.570796,-0.0,0.0,-0.001678,0.0,0.0,0.0,-0.124382,-0.024415,0.002014,0.280345,-0.081251,0.02421,-0.167709,0.025929,0.005921,0.300157,-0.065531,-0.023744,-0.038285,0.174482,0.0,-0.02527,0.0,0.0,0.0,-0.047212,-0.174482,-0.0,-0.008362,0.0,0.0,0.0,0.0,0.0,-0.0,0.0,0.0,0.0,0.0,0.0,0.0,0.001953,-0.004639,0.0,0.000182,0.0,0.000061,0.0,-0.000061,0.0,-0.000182,0.0,0.0,0.0,0.019173,
0.0,4.446736,0.886611,-0.000066,0.0,1.570796,0.0,0.0,-0.001694,0.0,0.0,0.0,-0.124292,-0.024415,0.002014,0.280348,-0.081509,0.024212,-0.168667,0.026003,0.00592,0.301884,-0.066119,-0.023744,-0.038213,0.174482,0.0,-0.025271,0.0,0.0,0.0,-0.047616,-0.174482,0.0,-0.008363,0.0,0.0,0.0,-0.0,0.0,-0.0,0.0,-0.0,0.0,-0.0,0.0,-0.0,0.001953,-0.004639,0.0,0.000182,0.0,0.000061,0.0,-0.000061,0.0,-0.000182,0.0,-0.0,0.0,0.019594,
0.0,4.446736,0.886529,-0.000066,0.0,1.570796,0.0,0.000001,-0.008186,0.0,0.0,0.0,-0.124916,-0.024415,0.002088,0.28168,-0.082352,0.024214,-0.170395,0.026003,0.005847,0.305219,-0.067548,-0.023744,-0.038707,0.174482,0.0,-0.025582,0.0,0.0,0.0,-0.048477,-0.174482,0.0,-0.008564,0.0,0.0,0.0,0.0,0.0,-0.0,0.0,-0.0,0.0,-0.0,0.0,0.0,0.001953,-0.004639,0.0,0.000182,0.0,0.000061,0.0,-0.000061,0.0,-0.000182,0.0,-0.0,0.0,0.019924,
0.0,4.446736,0.886447,-0.000066,0.0,1.570796,-0.0,0.000001,-0.008179,0.0,0.0,0.0,-0.12554,-0.024415,0.002161,0.283012,-0.083196,0.024216,-0.172122,0.026003,0.005774,0.308555,-0.068978,-0.023744,-0.039202,0.174482,-0.0,-0.025894,0.0,0.0,0.0,-0.049338,-0.174482,-0.0,-0.008766,0.0,0.0,0.0,0.0,0.0,-0.0,0.0,-0.0,0.0,-0.0,0.0,-0.0,0.001953,-0.004639,0.0,0.000182,-0.0,0.000061,0.0,-0.000061,0.0,-0.000182,0.0,-0.0,0.0,0.020253,
0.0,4.446736,0.886365,-0.000066,0.0,1.570796,0.0,0.000001,-0.008186,0.0,0.0,0.0,-0.126164,-0.024415,0.002234,0.284344,-0.084039,0.024218,-0.17385,0.026003,0.005701,0.31189,-0.070407,-0.023744,-0.039696,0.174482,0.0,-0.026205,0.0,0.0,0.0,-0.050199,-0.174482,0.0,-0.008967,0.0,0.0,0.0,0.0,0.0,-0.0,0.0,0.0,0.0,0.0,0.0,0.0,0.001953,-0.004639,0.0,0.000182,0.0,0.000061,0.0,-0.000061,0.0,-0.000182,0.0,0.0,0.0,0.020583,
0.0,4.446736,0.886268,-0.000066,0.0,1.570796,0.0,0.000001,-0.009773,0.0,0.0,0.0,-0.127537,-0.024415,0.002258,0.286952,-0.084882,0.02422,-0.17479,0.026003,0.005676,0.313762,-0.071529,-0.02375,-0.040412,0.174482,0.0,-0.026651,0.0,0.0,0.0,-0.051133,-0.174482,0.0,-0.009205,0.0,0.0,0.0,-0.0,0.0,0.0,-0.0,-0.0,0.0,0.0,0.0,0.0,0.001953,-0.004639,0.0,0.000182,0.0,0.000061,0.0,-0.000061,0.0,-0.000182,-0.0,-0.0,0.0,0.020827,
0.0,4.446736,0.886162,-0.000066,0.0,1.570796,-0.0,0.000001,-0.010567,0.0,0.0,0.0,-0.12928,-0.024415,0.002258,0.290191,-0.085725,0.024222,-0.175341,0.026003,0.005676,0.314911,-0.0725,-0.023759,-0.041236,0.174482,-0.0,-0.027164,0.0,0.0,0.0,-0.052104,-0.174482,0.0,-0.009462,0.0,0.0,0.0,-0.0,0.0,-0.0,0.0,-0.0,0.0,-0.0,0.0,0.0,0.001953,-0.004639,0.0,0.000182,0.0,0.000061,0.0,-0.000061,0.0,-0.000182,0.0,-0.0,0.0,0.021028,
0.0,4.446736,0.886056,-0.000066,0.0,1.570796,0.0,0.000001,-0.010567,0.0,0.0,0.0,-0.131023,-0.024415,0.002258,0.293429,-0.086568,0.024224,-0.175893,0.026003,0.005676,0.316061,-0.073471,-0.023768,-0.04206,0.174482,0.0,-0.027677,0.0,0.0,0.0,-0.053075,-0.174482,0.0,-0.009718,0.0,0.0,0.0,0.0,0.0,0.0,0.0,-0.0,0.0,-0.0,0.0,-0.0,0.001953,-0.004639,0.0,0.000182,0.0,0.000061,0.0,-0.000061,0.0,-0.000182,0.0,0.0,0.0,0.02123,
0.0,4.446736,0.885951,-0.000066,0.0,1.570796,0.0,0.000001,-0.010567,0.0,0.0,0.0,-0.132365,-0.024415,0.002258,0.295977,-0.087355,0.024226,-0.176302,0.026003,0.005676,0.316967,-0.074412,-0.023778,-0.042958,0.174482,0.0,-0.028257,0.0,0.0,0.0,-0.054027,-0.174482,0.0,-0.009956,0.0,0.0,0.0,0.0,0.0,-0.0,0.0,-0.0,0.0,-0.0,0.0,-0.0,0.001953,-0.004639,0.0,0.000182,0.0,0.000061,0.0,-0.000061,0.0,-0.000182,0.0,-0.0,0.0,0.021406,
0.0,4.446736,0.885845,-0.000066,0.0,1.570796,-0.0,0.000001,-0.010567,0.0,0.0,0.0,-0.132916,-0.024415,0.002258,0.297162,-0.088034,0.024228,-0.176431,0.026003,0.005676,0.317394,-0.075291,-0.023787,-0.044002,0.174482,-0.0,-0.028971,0.0,0.0,0.0,-0.054943,-0.174482,-0.0,-0.010157,-0.0,0.0,0.0,0.0,0.0,-0.0,0.0,0.0,0.0,-0.0,0.0,-0.0,0.001953,-0.004639,0.0,0.000182,0.0,0.000061,0.0,-0.000061,0.0,-0.000182,0.0,0.0,0.0,0.021535,
-0.0,4.446736,0.885739,-0.000066,0.0,1.570796,-0.0,0.000001,-0.010567,0.0,0.0,0.0,-0.133467,-0.024415,0.002258,0.298347,-0.088712,0.02423,-0.176559,0.026003,0.005676,0.31782,-0.076171,-0.023796,-0.045046,0.174482,-0.0,-0.029686,-0.0,0.0,0.0,-0.055859,-0.174482,0.0,-0.010359,0.0,0.0,0.0,0.0,0.0,0.0,0.0,0.0,0.0,0.0,0.0,0.0,0.001953,-0.004639,0.0,0.000182,0.0,0.000061,0.0,-0.000061,0.0,-0.000182,0.0,0.0,0.0,0.021663,
0.0,4.446736,0.885634,-0.000066,0.0,1.570796,0.0,0.000001,-0.010551,0.0,0.0,0.0,-0.13401,-0.024415,0.002258,0.299518,-0.089388,0.024232,-0.176686,0.026003,0.005676,0.318242,-0.077049,-0.023805,-0.046091,0.174482,-0.0,-0.0304,0.0,0.0,0.0,-0.056774,-0.174482,0.0,-0.01056,0.0,0.0,0.0,0.0,0.0,-0.0,0.0,0.0,0.0,0.0,0.0,-0.0,0.001953,-0.004639,0.0,0.000182,0.0,0.000061,0.0,-0.000061,0.0,-0.000182,0.0,0.0,0.0,0.021791,
0.0,4.446736,0.885591,-0.000066,0.0,1.570796,0.0,0.0,-0.004272,0.0,0.0,0.0,-0.132156,-0.024415,0.002258,0.296298,-0.089388,0.024234,-0.176098,0.026003,0.005621,0.317278,-0.077397,-0.023814,-0.047355,0.174482,0.0,-0.031206,-0.0,0.0,0.0,-0.057544,-0.174482,0.0,-0.01067,0.0,0.0,0.0,0.0,0.0,0.0,0.0,0.0,0.0,0.0,0.0,0.0,0.001953,-0.004639,0.0,0.000182,0.0,0.000061,0.0,-0.000061,0.0,-0.000182,0.0,0.0,0.0,0.022048,
0.0,4.446736,0.885548,-0.000066,0.0,1.570796,0.0,0.0,-0.004272,0.0,0.0,0.0,-0.130303,-0.024415,0.002258,0.293077,-0.089388,0.024236,-0.175509,0.026003,0.005566,0.316314,-0.077745,-0.023823,-0.048619,0.174482,-0.0,-0.032012,0.0,0.0,0.0,-0.058313,-0.174482,0.0,-0.01078,-0.0,0.0,0.0,0.0,0.0,0.0,0.0,-0.0,0.0,-0.0,0.0,-0.0,0.001953,-0.004639,0.0,0.000182,0.0,0.000061,0.0,-0.000061,0.0,-0.000182,0.0,-0.0,0.0,0.022304,
0.0,4.446736,0.885505,-0.000066,0.0,1.570796,0.0,0.0,-0.004272,0.0,0.0,0.0,-0.12845,-0.024415,0.002258,0.289856,-0.089388,0.024238,-0.174921,0.026003,0.005511,0.31535,-0.078093,-0.023832,-0.049882,0.174482,-0.0,-0.032818,0.0,0.0,0.0,-0.059083,-0.174482,0.0,-0.010889,0.0,0.0,0.0,0.0,0.0,-0.0,0.0,0.0,0.0,0.0,0.0,0.0,0.001953,-0.004639,0.0,0.000182,0.0,0.000061,0.0,-0.000061,0.0,-0.000182,0.0,0.0,0.0,0.022561,
0.0,4.446736,0.88549,-0.000066,0.0,1.570796,-0.0,0.0,-0.001556,0.0,0.0,0.0,-0.126977,-0.024415,0.002258,0.287268,-0.089204,0.02424,-0.174419,0.026003,0.005493,0.314485,-0.07827,-0.023842,-0.051048,0.174482,-0.0,-0.03355,0.0,0.0,0.0,-0.059742,-0.174482,0.0,-0.010926,-0.0,0.0,0.0,-0.0,0.0,0.0,-0.0,-0.0,0.0,0.0,0.0,-0.0,0.001953,-0.004639,0.0,0.000182,0.0,0.000061,0.0,-0.000061,0.0,-0.000182,0.0,0.0,0.0,0.02278,
0.0,4.446736,0.885488,-0.000066,0.0,1.570796,0.0,0.0,-0.000229,0.0,0.0,0.0,-0.125693,-0.024415,0.002258,0.284993,-0.088929,0.024242,-0.17396,0.026003,0.005493,0.313669,-0.078361,-0.023851,-0.052166,0.174482,0.0,-0.034246,0.0,0.0,0.0,-0.060346,-0.174482,0.0,-0.010926,-0.0,0.0,0.0,0.0,0.0,0.0,0.0,0.0,0.0,-0.0,0.0,0.0,0.001953,-0.004639,0.0,0.000182,0.0,0.000061,0.0,-0.000061,0.0,-0.000182,0.0,0.0,0.0,0.022982,
0.0,4.446736,0.885485,-0.000066,0.0,1.570796,0.0,0.0,-0.000221,0.0,0.0,0.0,-0.124409,-0.024415,0.002258,0.282717,-0.088654,0.024245,-0.1735,0.026003,0.005493,0.312854,-0.078453,-0.02386,-0.053283,0.174482,-0.0,-0.034942,0.0,0.0,0.0,-0.060951,-0.174482,0.0,-0.010926,0.0,0.0,0.0,0.0,0.0,-0.0,0.0,-0.0,0.0,-0.0,0.0,-0.0,0.001953,-0.004639,0.0,0.000182,0.0,0.000061,0.0,-0.000061,0.0,-0.000182,0.0,0.0,0.0,0.023183,
0.0,4.446736,0.885491,-0.000066,0.0,1.570796,0.0,-0.0,0.000603,0.0,0.0,0.0,-0.123285,-0.024415,0.002258,0.280704,-0.088379,0.024247,-0.173078,0.026003,0.005493,0.312088,-0.078514,-0.023869,-0.054289,0.174482,0.0,-0.03557,0.0,0.0,0.0,-0.061506,-0.174482,0.0,-0.010821,0.0,0.0,0.0,-0.0,0.0,-0.0,0.0,0.0,0.0,0.0,0.0,0.0,0.001953,-0.004639,0.0,0.000182,0.0,0.000061,0.0,-0.000061,0.0,-0.000182,0.0,-0.0,0.0,0.023335,
-0.0,4.446736,0.885514,-0.000066,0.0,1.570796,-0.0,-0.0,0.002228,0.0,0.0,0.0,-0.122478,-0.024415,0.002258,0.279206,-0.088104,0.024249,-0.172729,0.026003,0.005493,0.31142,-0.078514,-0.023878,-0.055077,0.174482,0.0,-0.036064,-0.0,0.0,0.0,-0.061964,-0.174482,0.0,-0.01051,0.0,0.0,0.0,0.0,0.0,0.0,-0.0,-0.0,0.0,0.0,0.0,0.0,0.001953,-0.004639,0.0,0.000182,0.0,0.000061,0.0,-0.000061,0.0,-0.000182,0.0,0.0,0.0,0.02339,
0.0,4.446736,0.885536,-0.000066,0.0,1.570796,0.0,-0.0,0.002228,0.0,0.0,0.0,-0.12167,-0.024415,0.002258,0.277708,-0.087829,0.024251,-0.172379,0.026003,0.005493,0.310753,-0.078514,-0.023887,-0.055865,0.174482,0.0,-0.036559,0.0,0.0,0.0,-0.062422,-0.174482,0.0,-0.010198,0.0,0.0,0.0,-0.0,0.0,0.0,0.0,0.0,0.0,-0.0,0.0,-0.0,0.001953,-0.004639,0.0,0.000182,0.0,0.000061,0.0,-0.000061,0.0,-0.000182,0.0,0.0,0.0,0.023445,
0.0,4.446736,0.885558,-0.000066,0.0,1.570796,-0.0,-0.0,0.00222,0.0,0.0,0.0,-0.120867,-0.024415,0.002258,0.276216,-0.087556,0.024253,-0.172032,0.026003,0.005493,0.310089,-0.078515,-0.023897,-0.056651,0.174482,0.0,-0.037052,0.0,0.0,0.0,-0.062879,-0.174482,0.0,-0.009887,0.0,0.0,0.0,0.0,0.0,0.0,0.0,0.0,0.0,-0.0,0.0,-0.0,0.001953,-0.004639,0.0,0.000182,0.0,0.000061,0.0,-0.000061,0.0,-0.000182,0.0,-0.0,0.0,0.0235,
0.0,4.446736,0.88556,-0.000066,0.0,1.570796,0.0,-0.0,0.000175,0.0,0.0,0.0,-0.121087,-0.024415,0.002258,0.276586,-0.087794,0.024255,-0.172197,0.026003,0.005493,0.310386,-0.078863,-0.023906,-0.05687,0.174482,-0.0,-0.037162,0.0,0.0,0.0,-0.063044,-0.174482,0.0,-0.009723,0.0,0.0,0.0,0.0,0.0,0.0,0.0,0.0,0.0,0.0,0.0,0.0,0.001953,-0.004639,0.0,0.000182,0.0,0.000061,0.0,-0.000061,0.0,-0.000182,0.0,-0.0,0.0,0.023647,
0.0,4.446736,0.885562,-0.000066,0.0,1.570796,0.0,-0.0,0.000175,0.0,0.0,0.0,-0.121307,-0.024415,0.002258,0.276956,-0.088032,0.024257,-0.172363,0.026003,0.005493,0.310682,-0.079211,-0.023915,-0.05709,0.174482,0.0,-0.037272,0.0,0.0,0.0,-0.063209,-0.174482,0.0,-0.009558,0.0,0.0,0.0,0.0,0.0,-0.0,0.0,-0.0,0.0,-0.0,0.0,-0.0,0.001953,-0.004639,0.0,0.000182,0.0,0.000061,0.0,-0.000061,0.0,-0.000182,0.0,0.0,0.0,0.023793,
0.0,4.446736,0.885563,-0.000066,0.0,1.570796,0.0,-0.0,0.000175,0.0,0.0,0.0,-0.121527,-0.024415,0.002258,0.277326,-0.088271,0.024259,-0.172528,0.026003,0.005493,0.310979,-0.079559,-0.023924,-0.05731,0.174482,0.0,-0.037382,-0.0,0.0,0.0,-0.063374,-0.174482,0.0,-0.009393,0.0,0.0,0.0,0.0,0.0,0.0,0.0,0.0,0.0,-0.0,0.0,0.0,0.001953,-0.004639,0.0,0.000182,0.0,0.000061,0.0,-0.000061,0.0,-0.000182,0.0,-0.0,0.0,0.02394,
-0.0,4.446736,0.885548,-0.000066,0.0,1.570796,-0.0,0.0,-0.001511,0.0,0.0,0.0,-0.121673,-0.024415,0.002258,0.277634,-0.088448,0.024261,-0.172496,0.026003,0.005493,0.31099,-0.079822,-0.023927,-0.057383,0.174482,0.0,-0.037418,0.0,0.0,0.0,-0.063514,-0.174482,0.0,-0.009339,0.0,0.0,0.0,0.0,0.0,0.0,0.0,-0.0,0.0,-0.0,0.0,0.0,0.001953,-0.004639,0.0,0.000182,0.0,0.000061,0.0,-0.000061,0.0,-0.000182,0.0,0.0,0.0,0.024062,
0.0,4.446736,0.885525,-0.000066,0.0,1.570796,0.0,0.0,-0.00235,0.0,0.0,0.0,-0.121783,-0.024415,0.002258,0.277911,-0.088594,0.024263,-0.172368,0.026003,0.005493,0.31086,-0.080042,-0.023927,-0.057383,0.174482,0.0,-0.037418,0.0,0.0,0.0,-0.063642,-0.174482,0.0,-0.009339,0.0,0.0,0.0,-0.0,0.0,-0.0,0.0,-0.0,0.0,0.0,0.0,0.0,0.001953,-0.004639,0.0,0.000182,0.0,0.000061,0.0,-0.000061,0.0,-0.000182,0.0,0.0,0.0,0.024172,
0.0,4.446736,0.885501,-0.000066,0.0,1.570796,0.0,0.0,-0.00235,0.0,0.0,0.0,-0.121894,-0.024415,0.002258,0.278188,-0.088741,0.024265,-0.172239,0.026003,0.005493,0.31073,-0.080262,-0.023927,-0.057383,0.174482,0.0,-0.037418,-0.0,0.0,0.0,-0.063771,-0.174482,0.0,-0.009339,-0.0,0.0,0.0,0.0,0.0,-0.0,0.0,-0.0,0.0,-0.0,0.0,-0.0,0.001953,-0.004639,0.0,0.000182,0.0,0.000061,0.0,-0.000061,0.0,-0.000182,0.0,0.0,0.0,0.024282,
0.0,4.446736,0.885468,-0.000066,0.0,1.570796,-0.0,0.0,-0.003311,0.0,0.0,0.0,-0.122115,-0.024415,0.002283,0.278653,-0.089036,0.024267,-0.172216,0.026003,0.005493,0.3108,-0.080593,-0.023927,-0.057383,0.174482,0.0,-0.037418,0.0,0.0,0.0,-0.063942,-0.174482,0.0,-0.009388,0.0,0.0,0.0,0.0,0.0,-0.0,0.0,0.0,0.0,-0.0,0.0,-0.0,0.001953,-0.004639,0.0,0.000182,0.0,0.000061,0.0,-0.000061,0.0,-0.000182,0.0,-0.0,0.0,0.024385,
-0.0,4.446736,0.885416,-0.000066,0.0,1.570796,-0.0,0.0,-0.005219,0.0,0.0,0.0,-0.122555,-0.024415,0.002356,0.279485,-0.089622,0.024269,-0.172399,0.026003,0.005493,0.311264,-0.081142,-0.023927,-0.057383,0.174482,0.0,-0.037418,0.0,0.0,0.0,-0.064198,-0.174482,0.0,-0.009535,0.0,0.0,0.0,0.0,0.0,-0.0,0.0,-0.0,0.0,0.0,0.0,-0.0,0.001953,-0.004639,0.0,0.000182,0.0,0.000061,0.0,-0.000061,0.0,-0.000182,0.0,0.0,0.0,0.024477,
0.0,4.446736,0.885364,-0.000066,0.0,1.570796,0.0,0.0,-0.005219,0.0,0.0,0.0,-0.122995,-0.024415,0.00243,0.280317,-0.090209,0.024271,-0.172583,0.026003,0.005493,0.311727,-0.081692,-0.023927,-0.057383,0.174482,-0.0,-0.037418,0.0,0.0,0.0,-0.064455,-0.174482,0.0,-0.009681,0.0,0.0,0.0,0.0,0.0,0.0,0.0,0.0,0.0,0.0,0.0,-0.0,0.001953,-0.004639,0.0,0.000182,0.0,0.000061,0.0,-0.000061,0.0,-0.000182,0.0,0.0,0.0,0.024568,
-0.0,4.446736,0.885312,-0.000066,0.0,1.570796,-0.0,0.0,-0.005211,0.0,0.0,0.0,-0.123434,-0.024415,0.002503,0.281145,-0.090795,0.024273,-0.172766,0.026003,0.005493,0.312188,-0.082241,-0.023927,-0.057383,0.174482,0.0,-0.037418,0.0,0.0,0.0,-0.064712,-0.174482,0.0,-0.009827,0.0,0.0,0.0,0.0,0.0,-0.0,0.0,-0.0,0.0,-0.0,0.0,-0.0,0.001953,-0.004639,0.0,0.000182,0.0,0.000061,0.0,-0.000061,-0.0,-0.000182,0.0,-0.0,0.0,0.024659,
0.0,4.446736,0.88526,-0.000066,0.0,1.570796,0.0,0.0,-0.005219,0.0,0.0,0.0,-0.123305,-0.024415,0.002503,0.280923,-0.091161,0.024275,-0.172637,0.026003,0.005493,0.312059,-0.082608,-0.023927,-0.057383,0.174482,0.0,-0.037418,0.0,0.0,0.0,-0.065023,-0.174482,0.0,-0.009919,0.0,0.0,0.0,0.0,0.0,0.0,0.0,0.0,0.0,-0.0,0.0,-0.0,0.001953,-0.004639,0.0,0.000182,-0.0,0.000061,-0.0,-0.000061,0.0,-0.000182,0.0,0.0,0.0,0.024568,
0.0,4.446736,0.885207,-0.000066,0.0,1.570796,-0.0,0.0,-0.005219,0.0,0.0,0.0,-0.123177,-0.024415,0.002503,0.280701,-0.091528,0.024277,-0.172509,0.026003,0.005493,0.311929,-0.082974,-0.023927,-0.057383,0.174482,-0.0,-0.037418,0.0,0.0,0.0,-0.065335,-0.174482,0.0,-0.01001,0.0,0.0,0.0,0.0,0.0,-0.0,0.0,0.0,0.0,-0.0,0.0,-0.0,0.001953,-0.004639,0.0,0.000182,0.0,0.000061,0.0,-0.000061,0.0,-0.000182,0.0,-0.0,0.0,0.024476,
0.0,4.446736,0.885155,-0.000066,0.0,1.570796,0.0,0.0,-0.005219,0.0,0.0,0.0,-0.123048,-0.024415,0.002503,0.280479,-0.091894,0.024279,-0.17238,0.026003,0.005493,0.311799,-0.083341,-0.023927,-0.057383,0.174482,0.0,-0.037418,0.0,0.0,0.0,-0.065646,-0.174482,0.0,-0.010102,0.0,0.0,0.0,-0.0,0.0,-0.0,0.0,0.0,0.0,0.0,0.0,-0.0,0.001953,-0.004639,0.0,0.000182,0.0,0.000061,0.0,-0.000061,0.0,-0.000182,0.0,0.0,0.0,0.024385,
0.0,4.446736,0.885113,-0.000066,0.0,1.570796,0.0,0.0,-0.004196,0.0,0.0,0.0,-0.122576,-0.024415,0.002503,0.27965,-0.092015,0.024281,-0.172165,0.026003,0.005493,0.311508,-0.083542,-0.023927,-0.057297,0.174482,-0.0,-0.037418,-0.0,0.0,0.0,-0.065872,-0.174482,0.0,-0.010132,0.0,0.0,0.0,0.0,0.0,0.0,0.0,0.0,0.0,0.0,0.0,0.0,0.001953,-0.004639,0.0,0.000182,0.0,0.000061,0.0,-0.000061,0.0,-0.000182,0.0,0.0,0.0,0.024244,
-0.0,4.446736,0.885076,-0.000066,0.0,1.570796,-0.0,0.0,-0.0037,0.0,0.0,0.0,-0.121934,-0.024415,0.002503,0.278522,-0.092015,0.024283,-0.171908,0.026003,0.005493,0.311137,-0.083661,-0.023927,-0.057168,0.174482,0.0,-0.037418,-0.0,0.0,0.0,-0.066055,-0.174482,0.0,-0.010132,0.0,0.0,0.0,0.0,0.0,0.0,0.0,0.0,0.0,-0.0,0.0,-0.0,0.001953,-0.004639,0.0,0.000182,0.0,0.000061,0.0,-0.000061,0.0,-0.000182,0.0,0.0,0.0,0.024079,
0.0,4.446736,0.885039,-0.000066,0.0,1.570796,0.0,0.0,-0.0037,0.0,0.0,0.0,-0.121292,-0.024415,0.002503,0.277394,-0.092015,0.024285,-0.17165,0.026003,0.005493,0.310766,-0.08378,-0.023927,-0.05704,0.174482,0.0,-0.037418,-0.0,0.0,0.0,-0.066238,-0.174482,-0.0,-0.010132,0.0,0.0,0.0,0.0,0.0,-0.0,0.0,-0.0,0.0,-0.0,0.0,-0.0,0.001953,-0.004639,0.0,0.000182,0.0,0.000061,0.0,-0.000061,0.0,-0.000182,0.0,0.0,0.0,0.023914,
0.0,4.446736,0.885012,-0.000066,0.0,1.570796,0.0,0.0,-0.002731,0.0,0.0,0.0,-0.120643,-0.024415,0.002503,0.276242,-0.091966,0.024287,-0.171443,0.026003,0.005493,0.310446,-0.083899,-0.023927,-0.056931,0.174482,0.0,-0.037418,0.0,0.0,0.0,-0.066359,-0.174482,0.0,-0.010077,0.0,0.0,0.0,0.0,0.0,0.0,0.0,0.0,0.0,0.0,0.0,-0.0,0.001953,-0.004639,0.0,0.000182,0.0,0.000061,0.0,-0.000061,0.0,-0.000182,0.0,-0.0,0.0,0.023749,
0.0,4.446736,0.885004,-0.000066,0.0,1.570796,0.0,0.0,-0.000816,0.0,0.0,0.0,-0.119983,-0.024415,0.002503,0.27504,-0.091819,0.024289,-0.171332,0.026003,0.005493,0.310223,-0.084018,-0.023927,-0.056857,0.174482,0.0,-0.037418,0.0,0.0,0.0,-0.066359,-0.174482,0.0,-0.009912,0.0,0.0,0.0,-0.0,0.0,-0.0,0.0,0.0,0.0,-0.0,0.0,0.0,0.001953,-0.004639,0.0,0.000182,0.0,0.000061,0.0,-0.000061,0.0,-0.000182,0.0,0.0,0.0,0.023585,
0.0,4.446736,0.884996,-0.000066,0.0,1.570796,0.0,0.0,-0.000816,0.0,0.0,0.0,-0.119322,-0.024415,0.002503,0.273838,-0.091673,0.024291,-0.171222,0.026003,0.005493,0.310001,-0.084137,-0.023927,-0.056784,0.174482,0.0,-0.037418,-0.0,0.0,0.0,-0.066359,-0.174482,0.0,-0.009747,0.0,0.0,0.0,0.0,0.0,0.0,0.0,-0.0,0.0,0.0,0.0,0.0,0.001953,-0.004639,0.0,0.000182,0.0,0.000061,0.0,-0.000061,0.0,-0.000182,0.0,0.0,0.0,0.02342,
0.0,4.446736,0.884988,-0.000066,0.0,1.570796,0.0,0.0,-0.000809,0.0,0.0,0.0,-0.118664,-0.024415,0.002503,0.27264,-0.091526,0.024293,-0.171113,0.026003,0.005493,0.309781,-0.084257,-0.023927,-0.056712,0.174482,0.0,-0.037418,0.0,0.0,0.0,-0.06636,-0.174482,0.0,-0.009583,-0.0,0.0,0.0,0.0,0.0,0.0,-0.0,0.0,0.0,-0.0,0.0,-0.0,0.001953,-0.004639,0.0,0.000182,0.0,0.000061,0.0,-0.000061,0.0,-0.000182,0.0,-0.0,0.0,0.023255,
0.0,4.446736,0.884986,-0.000066,0.0,1.570796,0.0,0.0,-0.000198,0.0,0.0,0.0,-0.118444,-0.024415,0.002503,0.272178,-0.091526,0.024293,-0.171297,0.026003,0.005493,0.310133,-0.084477,-0.023927,-0.05695,0.174482,0.0,-0.037528,0.0,0.0,0.0,-0.066415,-0.174482,0.0,-0.009583,0.0,0.0,0.0,0.0,0.0,0.0,0.0,0.0,0.0,0.0,0.0,-0.0,0.001953,-0.004639,0.0,0.000182,0.0,0.000061,0.0,-0.000061,0.0,-0.000182,0.0,0.0,0.0,0.023127,
0.0,4.446736,0.884983,-0.000066,0.0,1.570796,0.0,0.0,-0.000206,0.0,0.0,0.0,-0.118223,-0.024415,0.002503,0.271716,-0.091526,0.024293,-0.171481,0.026003,0.005493,0.310485,-0.084697,-0.023927,-0.057188,0.174482,0.0,-0.037638,0.0,0.0,0.0,-0.06647,-0.174482,0.0,-0.009583,0.0,0.0,0.0,0.0,0.0,-0.0,0.0,0.0,0.0,0.0,0.0,0.0,0.001953,-0.004639,0.0,0.000182,0.0,0.000061,0.0,-0.000061,0.0,-0.000182,0.0,0.0,0.0,0.022999,
0.0,4.446736,0.884982,-0.000066,0.0,1.570796,0.0,0.0,-0.000198,0.0,0.0,0.0,-0.118003,-0.024415,0.002503,0.271254,-0.091526,0.024293,-0.171664,0.026003,0.005493,0.310837,-0.084917,-0.023927,-0.057426,0.174482,0.0,-0.037748,-0.0,0.0,0.0,-0.066525,-0.174482,0.0,-0.009583,0.0,0.0,0.0,0.0,0.0,-0.0,0.0,0.0,0.0,-0.0,0.0,-0.0,0.001953,-0.004639,0.0,0.000182,0.0,0.000061,0.0,-0.000061,0.0,-0.000182,0.0,-0.0,0.0,0.022871,
0.0,4.446736,0.884979,-0.000066,0.0,1.570796,-0.0,0.0,-0.000206,0.0,0.0,0.0,-0.117869,-0.024415,0.002503,0.271139,-0.091612,0.024293,-0.171725,0.026003,0.005493,0.310879,-0.084932,-0.023927,-0.057726,0.174482,0.0,-0.037925,0.0,0.0,0.0,-0.066604,-0.174482,0.0,-0.009669,0.0,0.0,0.0,-0.0,0.0,-0.0,0.0,0.0,0.0,0.0,0.0,-0.0,0.001953,-0.004639,0.0,0.000182,0.0,0.000061,0.0,-0.000061,0.0,-0.000182,0.0,-0.0,0.0,0.022828,
0.0,4.446736,0.884977,-0.000066,0.0,1.570796,0.0,0.0,-0.000198,0.0,0.0,0.0,-0.117778,-0.024415,0.002503,0.271194,-0.091741,0.024293,-0.171725,0.026003,0.005493,0.310767,-0.084846,-0.023927,-0.058056,0.174482,-0.0,-0.038136,-0.0,0.0,0.0,-0.066696,-0.174482,0.0,-0.009797,0.0,0.0,0.0,0.0,0.0,0.0,0.0,0.0,0.0,0.0,0.0,-0.0,0.001953,-0.004639,0.0,0.000182,0.0,0.000061,0.0,-0.000061,0.0,-0.000182,0.0,-0.0,0.0,0.022828,
0.0,4.446736,0.884975,-0.000066,0.0,1.570796,0.0,0.0,-0.000206,0.0,0.0,0.0,-0.117686,-0.024415,0.002503,0.271249,-0.091869,0.024293,-0.171725,0.026003,0.005493,0.310656,-0.084761,-0.023927,-0.058385,0.174482,0.0,-0.038347,-0.0,0.0,0.0,-0.066787,-0.174482,0.0,-0.009925,0.0,0.0,0.0,0.0,0.0,0.0,0.0,-0.0,0.0,-0.0,0.0,-0.0,0.001953,-0.004639,0.0,0.000182,-0.0,0.000061,0.0,-0.000061,0.0,-0.000182,0.0,-0.0,0.0,0.022828,
0.0,4.446736,0.884971,-0.000066,0.0,1.570796,-0.0,0.0,-0.000404,0.0,0.0,0.0,-0.11765,-0.024415,0.002503,0.271367,-0.092053,0.024293,-0.171725,0.026003,0.005493,0.310557,-0.084675,-0.023927,-0.058711,0.174482,-0.0,-0.038557,0.0,0.0,0.0,-0.066848,-0.174482,-0.0,-0.01001,0.0,0.0,0.0,-0.0,0.0,0.0,0.0,0.0,0.0,0.0,0.0,0.0,0.001953,-0.004639,0.0,0.000182,-0.0,0.000061,0.0,-0.000061,0.0,-0.000182,0.0,0.0,0.0,0.022847,
-0.0,4.446736,0.884963,-0.000066,0.0,1.570796,-0.0,0.0,-0.000801,0.0,0.0,0.0,-0.117723,-0.024415,0.002503,0.271607,-0.092346,0.024293,-0.171725,0.026003,0.005493,0.310483,-0.08459,-0.023927,-0.059029,0.174482,-0.0,-0.038768,-0.0,0.0,0.0,-0.066848,-0.174482,-0.0,-0.01001,0.0,0.0,0.0,0.0,0.0,-0.0,-0.0,-0.0,0.0,0.0,0.0,0.0,0.001953,-0.004639,0.0,0.000182,0.0,0.000061,0.0,-0.000061,0.0,-0.000182,0.0,-0.0,0.0,0.022902,
-0.0,4.446736,0.884955,-0.000066,0.0,1.570796,0.0,0.0,-0.000809,0.0,0.0,0.0,-0.117797,-0.024415,0.002503,0.271848,-0.09264,0.024293,-0.171725,0.026003,0.005493,0.310409,-0.084504,-0.023927,-0.059346,0.174482,0.0,-0.038978,0.0,0.0,0.0,-0.066848,-0.174482,-0.0,-0.01001,0.0,0.0,0.0,0.0,0.0,0.0,0.0,0.0,0.0,0.0,0.0,0.0,0.001953,-0.004639,0.0,0.000182,0.0,0.000061,0.0,-0.000061,0.0,-0.000182,0.0,0.0,0.0,0.022957,
0.0,4.446736,0.884947,-0.000066,0.0,1.570796,0.0,0.0,-0.000801,0.0,0.0,0.0,-0.117869,-0.024415,0.002503,0.272086,-0.092932,0.024293,-0.171724,0.026003,0.005493,0.310334,-0.084419,-0.023927,-0.059664,0.174482,0.0,-0.039189,0.0,0.0,0.0,-0.066849,-0.174482,0.0,-0.01001,0.0,0.0,0.0,0.0,0.0,0.0,-0.0,0.0,0.0,0.0,0.0,0.0,0.001953,-0.004639,0.0,0.000182,0.0,0.000061,0.0,-0.000061,0.0,-0.000182,0.0,0.0,0.0,0.023011,
0.0,4.446736,0.884948,-0.000066,0.0,1.570796,0.0,-0.0,0.000061,0.0,0.0,0.0,-0.117722,-0.024415,0.002503,0.271901,-0.093042,0.024293,-0.171614,0.026003,0.005493,0.310112,-0.084333,-0.023927,-0.059981,0.174482,0.0,-0.039409,-0.0,0.0,0.0,-0.067069,-0.174482,0.0,-0.01001,0.0,0.0,0.0,0.0,0.0,0.0,0.0,0.0,0.0,0.0,0.0,-0.0,0.001953,-0.004639,0.0,0.000182,0.0,0.000061,0.0,-0.000061,0.0,-0.000182,0.0,0.0,0.0,0.023011,
0.0,4.446736,0.884949,-0.000066,0.0,1.570796,0.0,-0.0,0.000069,0.0,0.0,0.0,-0.117576,-0.024415,0.002503,0.271717,-0.093152,0.024293,-0.171504,0.026003,0.005493,0.30989,-0.084248,-0.023927,-0.060299,0.174482,0.0,-0.039629,0.0,0.0,0.0,-0.067289,-0.174482,-0.0,-0.01001,0.0,0.0,0.0,0.0,0.0,-0.0,0.0,-0.0,0.0,-0.0,0.0,-0.0,0.001953,-0.004639,0.0,0.000182,0.0,0.000061,0.0,-0.000061,0.0,-0.000182,0.0,0.0,0.0,0.023011,
-0.0,4.446736,0.884949,-0.000066,0.0,1.570796,-0.0,-0.0,0.000061,0.0,0.0,0.0,-0.117429,-0.024415,0.002503,0.271532,-0.093262,0.024293,-0.171394,0.026003,0.005493,0.309667,-0.084162,-0.023927,-0.060616,0.174482,0.0,-0.039848,0.0,0.0,0.0,-0.067508,-0.174482,-0.0,-0.01001,-0.0,0.0,0.0,0.0,0.0,-0.0,0.0,-0.0,0.0,0.0,0.0,0.0,0.001953,-0.004639,0.0,0.000182,0.0,0.000061,0.0,-0.000061,0.0,-0.000182,0.0,0.0,0.0,0.023011,
0.0,4.446736,0.884957,-0.000066,0.0,1.570796,0.0,-0.0,0.000786,0.0,0.0,0.0,-0.117036,-0.024415,0.002503,0.270876,-0.093114,0.024293,-0.171246,0.026003,0.005493,0.309296,-0.083962,-0.023927,-0.060934,0.174482,0.0,-0.040068,0.0,0.0,0.0,-0.067802,-0.174482,0.0,-0.01001,0.0,0.0,0.0,-0.0,0.0,-0.0,0.0,0.0,0.0,-0.0,0.0,-0.0,0.001953,-0.004639,0.0,0.000182,0.0,0.000061,0.0,-0.000061,0.0,-0.000182,0.0,-0.0,0.0,0.022925,
0.0,4.446736,0.884968,-0.000066,0.0,1.570796,0.0,-0.0,0.001129,0.0,0.0,0.0,-0.116522,-0.024415,0.002503,0.269989,-0.092839,0.024293,-0.171081,0.026003,0.005493,0.308851,-0.083705,-0.023927,-0.061251,0.174482,-0.0,-0.040288,0.0,0.0,0.0,-0.068132,-0.174482,0.0,-0.01001,0.0,0.0,0.0,-0.0,0.0,0.0,0.0,-0.0,0.0,-0.0,0.0,-0.0,0.001953,-0.004639,0.0,0.000182,0.0,0.000061,0.0,-0.000061,0.0,-0.000182,0.0,0.0,0.0,0.022797,
-0.0,4.446736,0.88498,-0.000066,0.0,1.570796,-0.0,-0.0,0.001137,0.0,0.0,0.0,-0.116009,-0.024415,0.002503,0.269102,-0.092564,0.024293,-0.170916,0.026003,0.005493,0.308406,-0.083449,-0.023927,-0.061569,0.174482,0.0,-0.040508,-0.0,0.0,0.0,-0.068462,-0.174482,0.0,-0.01001,0.0,0.0,0.0,0.0,0.0,0.0,0.0,0.0,0.0,0.0,0.0,0.0,0.001953,-0.004639,0.0,0.000182,0.0,0.000061,0.0,-0.000061,0.0,-0.000182,0.0,0.0,0.0,0.022669,
0.0,4.446736,0.884995,-0.000066,0.0,1.570796,0.0,-0.0,0.001488,0.0,0.0,0.0,-0.11557,-0.024415,0.002503,0.268352,-0.092332,0.024293,-0.170806,0.026003,0.005493,0.308074,-0.083229,-0.023927,-0.061875,0.174482,-0.0,-0.040715,0.0,0.0,0.0,-0.068838,-0.174482,0.0,-0.01001,0.0,0.0,0.0,-0.0,0.0,0.0,0.0,0.0,0.0,0.0,0.0,0.0,0.001953,-0.004639,0.0,0.000182,0.0,0.000061,0.0,-0.000061,-0.0,-0.000182,0.0,0.0,0.0,0.022535,
0.0,4.446736,0.885017,-0.000066,0.0,1.570796,0.0,-0.0,0.002197,0.0,0.0,0.0,-0.115276,-0.024415,0.002503,0.267872,-0.092186,0.024293,-0.170806,0.026003,0.005493,0.307963,-0.083082,-0.023927,-0.062159,0.174482,0.0,-0.040898,0.0,0.0,0.0,-0.069305,-0.174482,0.0,-0.01001,0.0,0.0,0.0,0.0,0.0,0.0,-0.0,0.0,0.0,0.0,0.0,-0.0,0.001953,-0.004639,0.0,0.000182,0.0,0.000061,0.0,-0.000061,0.0,-0.000182,0.0,0.0,0.0,0.022388,
0.0,4.446736,0.885038,-0.000066,0.0,1.570796,-0.0,-0.0,0.002197,0.0,0.0,0.0,-0.114983,-0.024415,0.002503,0.267391,-0.092039,0.024293,-0.170806,0.026003,0.005493,0.307852,-0.082936,-0.023927,-0.062443,0.174482,0.0,-0.041082,-0.0,0.0,0.0,-0.069772,-0.174482,0.0,-0.01001,0.0,0.0,0.0,0.0,0.0,0.0,0.0,0.0,0.0,0.0,0.0,0.0,0.001953,-0.004639,0.0,0.000182,0.0,0.000061,0.0,-0.000061,0.0,-0.000182,0.0,0.0,0.0,0.022242,
-0.0,4.446736,0.88506,-0.000066,0.0,1.570796,-0.0,-0.0,0.002197,0.0,0.0,0.0,-0.11469,-0.024415,0.002503,0.266913,-0.091894,0.024293,-0.170806,0.026003,0.005493,0.307741,-0.082789,-0.023927,-0.062727,0.174482,0.0,-0.041265,0.0,0.0,0.0,-0.07024,-0.174482,0.0,-0.010011,0.0,0.0,0.0,0.0,0.0,0.0,0.0,0.0,0.0,-0.0,0.0,0.0,0.001953,-0.004639,0.0,0.000182,0.0,0.000061,0.0,-0.000061,0.0,-0.000182,0.0,0.0,0.0,0.022096,
0.0,4.446736,0.885072,-0.000066,0.0,1.570796,0.0,-0.0,0.001198,0.0,0.0,0.0,-0.11469,-0.024415,0.002503,0.267006,-0.09204,0.024293,-0.17088,0.026003,0.005493,0.307741,-0.082707,-0.023927,-0.063011,0.174482,0.0,-0.041448,0.0,0.0,0.0,-0.070707,-0.174482,0.0,-0.010212,0.0,0.0,0.0,0.0,0.0,-0.0,0.0,-0.0,0.0,0.0,0.0,-0.0,0.001953,-0.004639,0.0,0.000182,0.0,0.000061,0.0,-0.000061,0.0,-0.000182,0.0,0.0,0.0,0.022096,
0.0,4.446736,0.885085,-0.000066,0.0,1.570796,0.0,-0.0,0.001205,0.0,0.0,0.0,-0.11469,-0.024415,0.002503,0.267098,-0.092187,0.024293,-0.170953,0.026003,0.005493,0.307741,-0.082625,-0.023927,-0.063295,0.174482,0.0,-0.041631,-0.0,0.0,0.0,-0.071174,-0.174482,-0.0,-0.010414,-0.0,0.0,0.0,0.0,0.0,0.0,0.0,0.0,0.0,0.0,0.0,0.0,0.001953,-0.004639,0.0,0.000182,0.0,0.000061,0.0,-0.000061,0.0,-0.000182,0.0,0.0,0.0,0.022096,
0.0,4.446736,0.885096,-0.000066,0.0,1.570796,0.0,-0.0,0.001198,0.0,0.0,0.0,-0.11469,-0.024415,0.002503,0.267191,-0.092334,0.024293,-0.171027,0.026003,0.005493,0.307741,-0.082542,-0.023927,-0.063579,0.174482,0.0,-0.041814,0.0,0.0,0.0,-0.071641,-0.174482,0.0,-0.010615,0.0,0.0,0.0,0.0,0.0,0.0,0.0,0.0,0.0,0.0,0.0,-0.0,0.001953,-0.004639,0.0,0.000182,0.0,0.000061,0.0,-0.000061,0.0,-0.000182,0.0,0.0,0.0,0.022096,
0.0,4.446736,0.885109,-0.000066,0.0,1.570796,0.0,-0.0,0.001205,0.0,0.0,0.0,-0.114432,-0.024415,0.002503,0.266775,-0.09229,0.024293,-0.170989,0.026003,0.005493,0.307629,-0.08246,-0.023927,-0.063832,0.174482,-0.0,-0.041973,-0.0,0.0,0.0,-0.072065,-0.174482,-0.0,-0.010792,0.0,0.0,0.0,0.0,0.0,-0.0,0.0,0.0,0.0,0.0,0.0,0.0,0.001953,-0.004639,0.0,0.000182,0.0,0.000061,0.0,-0.000061,0.0,-0.000182,0.0,0.0,0.0,0.022194,
0.0,4.446736,0.885121,-0.000066,0.0,1.570796,0.0,-0.0,0.001198,0.0,0.0,0.0,-0.114047,-0.024415,0.002503,0.26611,-0.092152,0.024293,-0.170898,0.026003,0.005493,0.307462,-0.082377,-0.023927,-0.06407,0.174482,-0.0,-0.042119,0.0,0.0,0.0,-0.072469,-0.174482,-0.0,-0.010957,0.0,0.0,0.0,0.0,0.0,0.0,0.0,0.0,0.0,0.0,0.0,-0.0,0.001953,-0.004639,0.0,0.000182,0.0,0.000061,0.0,-0.000061,0.0,-0.000182,0.0,-0.0,0.0,0.022341,
0.0,4.446736,0.885133,-0.000066,0.0,1.570796,0.0,-0.0,0.001205,0.0,0.0,0.0,-0.113662,-0.024415,0.002503,0.265444,-0.092015,0.024293,-0.170806,0.026003,0.005493,0.307295,-0.082295,-0.023927,-0.064309,0.174482,0.0,-0.042266,0.0,0.0,0.0,-0.072872,-0.174482,0.0,-0.011122,0.0,0.0,0.0,0.0,0.0,0.0,0.0,0.0,0.0,-0.0,0.0,-0.0,0.001953,-0.004639,0.0,0.000182,0.0,0.000061,0.0,-0.000061,0.0,-0.000182,0.0,0.0,0.0,0.022487,
0.0,4.446736,0.885143,-0.000066,0.0,1.570796,0.0,-0.0,0.000992,0.0,0.0,0.0,-0.113283,-0.024415,0.002503,0.264804,-0.091877,0.024293,-0.170689,0.026003,0.005493,0.307079,-0.082195,-0.023927,-0.064534,0.174482,-0.0,-0.042394,0.0,0.0,0.0,-0.073269,-0.174482,0.0,-0.011274,0.0,0.0,0.0,-0.0,0.0,0.0,0.0,0.0,0.0,-0.0,0.0,-0.0,0.001953,-0.004639,0.0,0.000182,0.0,0.000061,0.0,-0.000061,0.0,-0.000182,0.0,0.0,0.0,0.022609,
0.0,4.446736,0.885148,-0.000066,0.0,1.570796,0.0,-0.0,0.00058,0.0,0.0,0.0,-0.112916,-0.024415,0.002503,0.264213,-0.09174,0.024293,-0.170523,0.026003,0.005493,0.306764,-0.08206,-0.023927,-0.064736,0.174482,0.0,-0.042485,0.0,0.0,0.0,-0.073653,-0.174482,0.0,-0.011402,0.0,0.0,0.0,0.0,0.0,-0.0,0.0,0.0,0.0,0.0,0.0,0.0,0.001953,-0.004639,0.0,0.000182,0.0,0.000061,0.0,-0.000061,0.0,-0.000182,0.0,0.0,0.0,0.022682,
0.0,4.446736,0.885154,-0.000066,0.0,1.570796,0.0,-0.0,0.000572,0.0,0.0,0.0,-0.112549,-0.024415,0.002503,0.263622,-0.091602,0.024293,-0.170358,0.026003,0.005493,0.306449,-0.081926,-0.023927,-0.064937,0.174482,0.0,-0.042577,0.0,0.0,0.0,-0.074038,-0.174482,0.0,-0.011531,0.0,0.0,0.0,0.0,0.0,0.0,0.0,0.0,0.0,0.0,0.0,0.0,0.001953,-0.004639,0.0,0.000182,0.0,0.000061,0.0,-0.000061,0.0,-0.000182,0.0,0.0,0.0,0.022755,
0.0,4.446736,0.88516,-0.000066,0.0,1.570796,-0.0,-0.0,0.00058,0.0,0.0,0.0,-0.112184,-0.024415,0.002503,0.263035,-0.091466,0.024293,-0.170193,0.026003,0.005493,0.306134,-0.081791,-0.023927,-0.065138,0.174482,0.0,-0.042668,-0.0,0.0,0.0,-0.074422,-0.174482,0.0,-0.011659,0.0,0.0,0.0,0.0,0.0,-0.0,0.0,0.0,0.0,0.0,0.0,0.0,0.001953,-0.004639,0.0,0.000182,0.0,0.000061,0.0,-0.000061,0.0,-0.000182,0.0,0.0,0.0,0.022829,
0.0,4.446736,0.885166,-0.000066,0.0,1.570796,0.0,-0.0,0.00058,0.0,0.0,0.0,-0.112258,-0.024415,0.002503,0.263256,-0.091668,0.024293,-0.170083,0.026003,0.005493,0.305874,-0.081657,-0.023927,-0.065212,0.174482,-0.0,-0.042668,-0.0,0.0,0.0,-0.074679,-0.174482,0.0,-0.01175,0.0,0.0,0.0,0.0,0.0,-0.0,0.0,0.0,0.0,0.0,0.0,0.0,0.001953,-0.004639,0.0,0.000182,0.0,0.000061,0.0,-0.000061,0.0,-0.000182,0.0,-0.0,0.0,0.022902,
-0.0,4.446736,0.885171,-0.000066,0.0,1.570796,-0.0,-0.0,0.00058,0.0,0.0,0.0,-0.112331,-0.024415,0.002503,0.263478,-0.09187,0.024293,-0.169972,0.026003,0.005493,0.305615,-0.081523,-0.023927,-0.065285,0.174482,0.0,-0.042668,0.0,0.0,0.0,-0.074936,-0.174482,0.0,-0.011842,-0.0,0.0,0.0,-0.0,0.0,-0.0,0.0,0.0,0.0,-0.0,0.0,0.0,0.001953,-0.004639,0.0,0.000182,0.0,0.000061,0.0,-0.000061,0.0,-0.000182,0.0,0.0,0.0,0.022975,
0.0,4.446736,0.885177,-0.000066,0.0,1.570796,0.0,-0.0,0.00058,0.0,0.0,0.0,-0.112404,-0.024415,0.002503,0.2637,-0.092071,0.024293,-0.169862,0.026003,0.005493,0.305356,-0.081388,-0.023927,-0.065358,0.174482,-0.0,-0.042668,-0.0,0.0,0.0,-0.075192,-0.174482,0.0,-0.011933,0.0,0.0,0.0,0.0,0.0,-0.0,0.0,-0.0,0.0,-0.0,0.0,-0.0,0.001953,-0.004639,0.0,0.000182,0.0,0.000061,0.0,-0.000061,0.0,-0.000182,0.0,0.0,0.0,0.023048,
0.0,4.446736,0.885183,-0.000066,0.0,1.570796,-0.0,-0.0,0.00058,0.0,0.0,0.0,-0.112367,-0.024415,0.002503,0.263711,-0.092137,0.024293,-0.169703,0.026003,0.005493,0.304997,-0.081254,-0.023927,-0.065382,0.174482,0.0,-0.042668,-0.0,0.0,0.0,-0.075412,-0.174482,-0.0,-0.012025,-0.0,0.0,0.0,0.0,0.0,0.0,0.0,0.0,0.0,0.0,0.0,-0.0,0.001953,-0.004639,0.0,0.000182,0.0,0.000061,0.0,-0.000061,0.0,-0.000182,0.0,-0.0,0.0,0.023073,
0.0,4.446736,0.885189,-0.000066,0.0,1.570796,0.0,-0.0,0.00058,0.0,0.0,0.0,-0.112275,-0.024415,0.002503,0.263618,-0.092137,0.024293,-0.169519,0.026003,0.005493,0.304589,-0.081119,-0.023927,-0.065382,0.174482,0.0,-0.042668,-0.0,0.0,0.0,-0.075613,-0.174482,0.0,-0.012116,0.0,0.0,0.0,0.0,0.0,0.0,0.0,0.0,0.0,0.0,0.0,-0.0,0.001953,-0.004639,0.0,0.000182,0.0,0.000061,0.0,-0.000061,0.0,-0.000182,0.0,-0.0,0.0,0.023073,
0.0,4.446736,0.885195,-0.000066,0.0,1.570796,0.0,-0.0,0.00058,0.0,0.0,0.0,-0.112183,-0.024415,0.002503,0.263526,-0.092137,0.024293,-0.169335,0.026003,0.005493,0.304182,-0.080985,-0.023927,-0.065382,0.174482,0.0,-0.042668,-0.0,0.0,0.0,-0.075815,-0.174482,0.0,-0.012208,0.0,0.0,0.0,0.0,0.0,0.0,0.0,0.0,0.0,0.0,0.0,-0.0,0.001953,-0.004639,0.0,0.000182,0.0,0.000061,0.0,-0.000061,0.0,-0.000182,0.0,-0.0,0.0,0.023073,
0.0,4.446736,0.8852,-0.000066,0.0,1.570796,-0.0,-0.0,0.00058,0.0,0.0,0.0,-0.112011,-0.024415,0.002503,0.263271,-0.092057,0.024293,-0.169151,0.026003,0.005493,0.303787,-0.080834,-0.023927,-0.065358,0.174482,0.0,-0.042668,0.0,0.0,0.0,-0.075998,-0.174482,0.0,-0.012293,-0.0,0.0,0.0,0.0,0.0,0.0,0.0,0.0,0.0,0.0,0.0,0.0,0.001953,-0.004639,0.0,0.000182,0.0,0.000061,0.0,-0.000061,0.0,-0.000182,0.0,-0.0,0.0,0.023073,
0.0,4.446736,0.885206,-0.000066,0.0,1.570796,0.0,-0.0,0.00058,0.0,0.0,0.0,-0.111681,-0.024415,0.002503,0.262699,-0.091819,0.024293,-0.168967,0.026003,0.005493,0.303416,-0.080651,-0.023927,-0.065284,0.174482,0.0,-0.042668,-0.0,0.0,0.0,-0.076144,-0.174482,0.0,-0.012367,0.0,0.0,0.0,0.0,0.0,0.0,0.0,-0.0,0.0,0.0,0.0,0.0,0.001953,-0.004639,0.0,0.000182,0.0,0.000061,0.0,-0.000061,0.0,-0.000182,0.0,-0.0,0.0,0.023073,
0.0,4.446736,0.885212,-0.000066,0.0,1.570796,0.0,-0.0,0.000572,0.0,0.0,0.0,-0.111351,-0.024415,0.002503,0.262126,-0.09158,0.024293,-0.168784,0.026003,0.005493,0.303046,-0.080468,-0.023927,-0.065211,0.174482,0.0,-0.042668,0.0,0.0,0.0,-0.076291,-0.174482,0.0,-0.01244,0.0,0.0,0.0,0.0,0.0,0.0,0.0,-0.0,0.0,0.0,0.0,0.0,0.001953,-0.004639,0.0,0.000182,0.0,0.000061,0.0,-0.000061,0.0,-0.000182,0.0,-0.0,0.0,0.023073,
-0.0,4.446736,0.885218,-0.000066,0.0,1.570796,-0.0,-0.0,0.00058,0.0,0.0,0.0,-0.111022,-0.024415,0.002503,0.261555,-0.091343,0.024293,-0.168602,0.026003,0.005493,0.302678,-0.080286,-0.023927,-0.065138,0.174482,0.0,-0.042668,0.0,0.0,0.0,-0.076438,-0.174482,0.0,-0.012513,0.0,0.0,0.0,-0.0,0.0,0.0,0.0,0.0,0.0,0.0,0.0,0.0,0.001953,-0.004639,0.0,0.000182,-0.0,0.000061,0.0,-0.000061,0.0,-0.000182,0.0,0.0,0.0,0.023072,
0.0,4.446736,0.885224,-0.000066,0.0,1.570796,0.0,-0.0,0.00058,0.0,0.0,0.0,-0.110875,-0.024415,0.002503,0.261352,-0.09138,0.024293,-0.168822,0.026003,0.005493,0.302993,-0.080396,-0.023927,-0.065064,0.174482,0.0,-0.042668,0.0,0.0,0.0,-0.076575,-0.174482,0.0,-0.012641,0.0,0.0,0.0,0.0,0.0,0.0,0.0,0.0,0.0,0.0,0.0,-0.0,0.001953,-0.004639,0.0,0.000182,0.0,0.000061,0.0,-0.000061,0.0,-0.000182,0.0,0.0,0.0,0.022944,
0.0,4.446736,0.885229,-0.000066,0.0,1.570796,0.0,-0.0,0.00058,0.0,0.0,0.0,-0.110728,-0.024415,0.002503,0.261149,-0.091417,0.024293,-0.169043,0.026003,0.005493,0.303308,-0.080506,-0.023927,-0.064991,0.174482,0.0,-0.042668,0.0,0.0,0.0,-0.076712,-0.174482,0.0,-0.01277,0.0,0.0,0.0,0.0,0.0,-0.0,0.0,0.0,0.0,0.0,0.0,0.0,0.001953,-0.004639,0.0,0.000182,0.0,0.000061,0.0,-0.000061,0.0,-0.000182,0.0,0.0,0.0,0.022816,
0.0,4.446736,0.885235,-0.000066,0.0,1.570796,0.0,-0.0,0.00058,0.0,0.0,0.0,-0.110581,-0.024415,0.002503,0.260946,-0.091453,0.024293,-0.169263,0.026003,0.005493,0.303623,-0.080616,-0.023927,-0.064918,0.174482,0.0,-0.042668,0.0,0.0,0.0,-0.07685,-0.174482,-0.0,-0.012898,0.0,0.0,0.0,0.0,0.0,0.0,0.0,0.0,0.0,-0.0,0.0,0.0,0.001953,-0.004639,0.0,0.000182,0.0,0.000061,0.0,-0.000061,0.0,-0.000182,0.0,0.0,0.0,0.022687,
-0.0,4.446736,0.885235,-0.000066,0.0,1.570796,-0.0,-0.0,0.000038,0.0,0.0,0.0,-0.110484,-0.024415,0.002503,0.260842,-0.09149,0.024293,-0.169336,0.026003,0.005493,0.303621,-0.080627,-0.023927,-0.064845,0.174482,0.0,-0.042619,0.0,0.0,0.0,-0.076987,-0.174482,0.0,-0.013026,0.0,0.0,0.0,0.0,0.0,0.0,0.0,-0.0,0.0,-0.0,0.0,-0.0,0.001953,-0.004639,0.0,0.000182,0.0,0.000061,0.0,-0.000061,0.0,-0.000182,0.0,-0.0,0.0,0.022645,
0.0,4.446736,0.885233,-0.000066,0.0,1.570796,0.0,0.0,-0.000221,0.0,0.0,0.0,-0.110411,-0.024415,0.002503,0.260786,-0.091527,0.024293,-0.169336,0.026003,0.005493,0.303463,-0.08059,-0.023927,-0.064771,0.174482,0.0,-0.042546,0.0,0.0,0.0,-0.077125,-0.174482,0.0,-0.013154,-0.0,0.0,0.0,0.0,0.0,-0.0,0.0,-0.0,0.0,0.0,0.0,-0.0,0.001953,-0.004639,0.0,0.000182,0.0,0.000061,0.0,-0.000061,0.0,-0.000182,0.0,-0.0,0.0,0.022645,
0.0,4.446736,0.885231,-0.000066,0.0,1.570796,0.0,0.0,-0.000221,0.0,0.0,0.0,-0.110337,-0.024415,0.002503,0.260731,-0.091563,0.024293,-0.169336,0.026003,0.005493,0.303306,-0.080554,-0.023927,-0.064698,0.174482,0.0,-0.042472,0.0,0.0,0.0,-0.077262,-0.174482,0.0,-0.013282,-0.0,0.0,0.0,0.0,0.0,0.0,0.0,0.0,0.0,0.0,0.0,0.0,0.001953,-0.004639,0.0,0.000182,0.0,0.000061,0.0,-0.000061,0.0,-0.000182,0.0,-0.0,0.0,0.022645,
-0.0,4.446736,0.885229,-0.000066,0.0,1.570796,-0.0,0.0,-0.000221,0.0,0.0,0.0,-0.110289,-0.024415,0.002503,0.26075,-0.091643,0.024293,-0.169292,0.026003,0.005493,0.303149,-0.080517,-0.023927,-0.064631,0.174482,0.0,-0.042424,0.0,0.0,0.0,-0.07739,-0.174482,0.0,-0.013417,0.0,0.0,0.0,-0.0,0.0,-0.0,0.0,-0.0,0.0,-0.0,0.0,-0.0,0.001953,-0.004639,0.0,0.000182,0.0,0.000061,0.0,-0.000061,0.0,-0.000182,0.0,-0.0,0.0,0.022645,
0.0,4.446736,0.885227,-0.000066,0.0,1.570796,0.0,0.0,-0.000229,0.0,0.0,0.0,-0.110289,-0.024415,0.002503,0.260917,-0.091808,0.024293,-0.169164,0.026003,0.005493,0.302991,-0.080481,-0.023927,-0.064576,0.174482,-0.0,-0.042424,0.0,0.0,0.0,-0.0775,-0.174482,0.0,-0.013563,0.0,0.0,0.0,-0.0,0.0,-0.0,0.0,-0.0,0.0,-0.0,0.0,0.0,0.001953,-0.004639,0.0,0.000182,0.0,0.000061,0.0,-0.000061,0.0,-0.000182,0.0,-0.0,0.0,0.022645,
-0.0,4.446736,0.885224,-0.000066,0.0,1.570796,-0.0,0.0,-0.000221,0.0,0.0,0.0,-0.110289,-0.024415,0.002503,0.261083,-0.091973,0.024293,-0.169035,0.026003,0.005493,0.302834,-0.080444,-0.023927,-0.064521,0.174482,0.0,-0.042424,-0.0,0.0,0.0,-0.07761,-0.174482,0.0,-0.01371,0.0,0.0,0.0,0.0,0.0,-0.0,0.0,0.0,0.0,0.0,0.0,0.0,0.001953,-0.004639,0.0,0.000182,0.0,0.000061,0.0,-0.000061,0.0,-0.000182,0.0,0.0,0.0,0.022645,
0.0,4.446736,0.885222,-0.000066,0.0,1.570796,0.0,0.0,-0.000221,0.0,0.0,0.0,-0.110288,-0.024415,0.002503,0.261247,-0.092137,0.024293,-0.168906,0.026003,0.005493,0.302675,-0.080406,-0.023927,-0.064466,0.174482,-0.0,-0.042423,0.0,0.0,0.0,-0.07772,-0.174482,0.0,-0.013856,0.0,0.0,0.0,0.0,0.0,-0.0,0.0,0.0,0.0,-0.0,0.0,0.0,0.001953,-0.004639,0.0,0.000182,-0.0,0.000061,0.0,-0.000061,0.0,-0.000182,0.0,-0.0,0.0,0.022645,
0.0,4.446736,0.885226,-0.000066,0.0,1.570796,0.0,-0.0,0.000412,0.0,0.0,0.0,-0.110233,-0.024415,0.002503,0.261053,-0.092137,0.024293,-0.168704,0.026003,0.005493,0.302267,-0.080191,-0.023927,-0.064466,0.174482,-0.0,-0.042313,-0.0,0.0,0.0,-0.077824,-0.174482,0.0,-0.013929,-0.0,0.0,0.0,0.0,0.0,-0.0,-0.0,-0.0,0.0,-0.0,0.0,-0.0,0.001953,-0.004639,0.0,0.000182,0.0,0.000061,0.0,-0.000061,0.0,-0.000182,0.0,-0.0,0.0,0.022645,
0.0,4.446736,0.88523,-0.000066,0.0,1.570796,0.0,-0.0,0.000412,0.0,0.0,0.0,-0.110178,-0.024415,0.002503,0.26086,-0.092137,0.024293,-0.168502,0.026003,0.005493,0.30186,-0.079976,-0.023927,-0.064466,0.174482,-0.0,-0.042204,-0.0,0.0,0.0,-0.077928,-0.174482,0.0,-0.014002,0.0,0.0,0.0,0.0,0.0,0.0,0.0,0.0,0.0,0.0,0.0,0.0,0.001953,-0.004639,0.0,0.000182,0.0,0.000061,0.0,-0.000061,0.0,-0.000182,0.0,-0.0,0.0,0.022645,
0.0,4.446736,0.885235,-0.000066,0.0,1.570796,0.0,-0.0,0.000412,0.0,0.0,0.0,-0.110123,-0.024415,0.002503,0.260666,-0.092137,0.024293,-0.1683,0.026003,0.005493,0.301452,-0.07976,-0.023927,-0.064466,0.174482,-0.0,-0.042094,0.0,0.0,0.0,-0.078032,-0.174482,0.0,-0.014076,-0.0,0.0,0.0,0.0,0.0,0.0,-0.0,0.0,0.0,-0.0,0.0,0.0,0.001953,-0.004639,0.0,0.000182,0.0,0.000061,0.0,-0.000061,0.0,-0.000182,0.0,-0.0,0.0,0.022645,
0.0,4.446736,0.885245,-0.000066,0.0,1.570796,0.0,-0.0,0.00106,0.0,0.0,0.0,-0.110019,-0.024415,0.002503,0.260472,-0.092043,0.024293,-0.167999,0.026003,0.005493,0.300896,-0.079545,-0.023927,-0.064417,0.174482,-0.0,-0.042058,-0.0,0.0,0.0,-0.078136,-0.174482,0.0,-0.014149,0.0,0.0,0.0,0.0,0.0,0.0,-0.0,-0.0,0.0,0.0,0.0,0.0,0.001953,-0.004639,0.0,0.000182,0.0,0.000061,0.0,-0.000061,0.0,-0.000182,0.0,-0.0,0.0,0.022645,
0.0,4.446736,0.885259,-0.000066,0.0,1.570796,0.0,-0.0,0.001373,0.0,0.0,0.0,-0.109891,-0.024415,0.002503,0.260278,-0.091903,0.024293,-0.16765,0.026003,0.005493,0.300266,-0.07933,-0.023927,-0.064344,0.174482,-0.0,-0.042058,0.0,0.0,0.0,-0.078239,-0.174482,0.0,-0.014222,0.0,0.0,0.0,0.0,0.0,-0.0,0.0,0.0,0.0,0.0,0.0,0.0,0.001953,-0.004639,0.0,0.000182,0.0,0.000061,0.0,-0.000061,0.0,-0.000182,0.0,-0.0,0.0,0.022645,
0.0,4.446736,0.885273,-0.000066,0.0,1.570796,-0.0,-0.0,0.001373,0.0,0.0,0.0,-0.109762,-0.024415,0.002503,0.260084,-0.091762,0.024293,-0.1673,0.026003,0.005493,0.299636,-0.079114,-0.023927,-0.06427,0.174482,0.0,-0.042058,0.0,0.0,0.0,-0.078343,-0.174482,0.0,-0.014295,0.0,0.0,0.0,0.0,0.0,-0.0,0.0,-0.0,0.0,-0.0,0.0,-0.0,0.001953,-0.004639,0.0,0.000182,0.0,0.000061,0.0,-0.000061,0.0,-0.000182,0.0,-0.0,0.0,0.022645,
0.0,4.446736,0.885286,-0.000066,0.0,1.570796,0.0,-0.0,0.001373,0.0,0.0,0.0,-0.109609,-0.024415,0.002503,0.259818,-0.091621,0.024293,-0.166939,0.026003,0.005493,0.298963,-0.078899,-0.023927,-0.064265,0.174482,0.0,-0.042082,0.0,0.0,0.0,-0.078447,-0.174482,0.0,-0.014375,0.0,0.0,0.0,0.0,0.0,0.0,0.0,0.0,0.0,0.0,0.0,0.0,0.001953,-0.004639,0.0,0.000182,0.0,0.000061,0.0,-0.000061,0.0,-0.000182,0.0,-0.0,0.0,0.022645,
0.0,4.446736,0.8853,-0.000066,0.0,1.570796,-0.0,-0.0,0.001373,0.0,0.0,0.0,-0.109407,-0.024415,0.002503,0.259412,-0.091481,0.024293,-0.166553,0.026003,0.005493,0.298204,-0.078684,-0.023927,-0.064394,0.174482,0.0,-0.042156,-0.0,0.0,0.0,-0.078551,-0.174482,0.0,-0.014466,0.0,0.0,0.0,0.0,0.0,0.0,0.0,-0.0,0.0,0.0,0.0,-0.0,0.001953,-0.004639,0.0,0.000182,-0.0,0.000061,0.0,-0.000061,0.0,-0.000182,0.0,-0.0,0.0,0.022645,
0.0,4.446736,0.885314,-0.000066,0.0,1.570796,0.0,-0.0,0.001373,0.0,0.0,0.0,-0.109206,-0.024415,0.002503,0.259006,-0.09134,0.024293,-0.166167,0.026003,0.005493,0.297444,-0.078468,-0.023927,-0.064522,0.174482,0.0,-0.042229,-0.0,0.0,0.0,-0.078655,-0.174482,0.0,-0.014558,0.0,0.0,0.0,0.0,0.0,-0.0,0.0,-0.0,0.0,0.0,0.0,0.0,0.001953,-0.004639,0.0,0.000182,0.0,0.000061,0.0,-0.000061,0.0,-0.000182,0.0,-0.0,0.0,0.022645,
-0.0,4.446736,0.885328,-0.000066,0.0,1.570796,-0.0,-0.0,0.001381,0.0,0.0,0.0,-0.109004,-0.024415,0.002503,0.2586,-0.0912,0.024293,-0.165782,0.026003,0.005493,0.296687,-0.078253,-0.023927,-0.06465,0.174482,-0.0,-0.042302,-0.0,0.0,0.0,-0.078758,-0.174482,0.0,-0.014649,0.0,0.0,0.0,0.0,0.0,0.0,0.0,0.0,0.0,0.0,0.0,0.0,0.001953,-0.004639,0.0,0.000182,0.0,0.000061,0.0,-0.000061,0.0,-0.000182,0.0,-0.0,0.0,0.022646,
0.0,4.446736,0.885341,-0.000066,0.0,1.570796,0.0,-0.0,0.001373,0.0,0.0,0.0,-0.108821,-0.024415,0.002503,0.258267,-0.091059,0.024293,-0.165506,0.026003,0.005493,0.296187,-0.078038,-0.023927,-0.064852,0.174482,-0.0,-0.042421,-0.0,0.0,0.0,-0.078758,-0.174482,0.0,-0.014723,0.0,0.0,0.0,0.0,0.0,-0.0,0.0,0.0,0.0,-0.0,0.0,0.0,0.001953,-0.004639,0.0,0.000182,0.0,0.000061,0.0,-0.000061,0.0,-0.000182,0.0,-0.0,0.0,0.022756,
-0.0,4.446736,0.885355,-0.000066,0.0,1.570796,-0.0,-0.0,0.001373,0.0,0.0,0.0,-0.108637,-0.024415,0.002503,0.257935,-0.090919,0.024293,-0.165231,0.026003,0.005493,0.295687,-0.077822,-0.023927,-0.065054,0.174482,0.0,-0.042541,0.0,0.0,0.0,-0.078758,-0.174482,0.0,-0.014796,0.0,0.0,0.0,0.0,0.0,0.0,0.0,0.0,0.0,0.0,0.0,0.0,0.001953,-0.004639,0.0,0.000182,0.0,0.000061,0.0,-0.000061,0.0,-0.000182,0.0,0.0,0.0,0.022866,
0.0,4.446736,0.885369,-0.000066,0.0,1.570796,0.0,-0.0,0.001373,0.0,0.0,0.0,-0.108454,-0.024415,0.002503,0.257603,-0.090778,0.024293,-0.164955,0.026003,0.005493,0.295187,-0.077607,-0.023927,-0.065255,0.174482,-0.0,-0.04266,0.0,0.0,0.0,-0.078758,-0.174482,0.0,-0.014869,0.0,0.0,0.0,0.0,0.0,-0.0,0.0,-0.0,0.0,-0.0,0.0,0.0,0.001953,-0.004639,0.0,0.000182,0.0,0.000061,0.0,-0.000061,0.0,-0.000182,0.0,-0.0,0.0,0.022975,
0.0,4.446736,0.885378,-0.000066,0.0,1.570796,0.0,-0.0,0.000877,0.0,0.0,0.0,-0.108468,-0.024415,0.002503,0.25763,-0.090818,0.024293,-0.164642,0.026003,0.005493,0.2946,-0.077426,-0.023927,-0.065481,0.174482,0.0,-0.042779,0.0,0.0,0.0,-0.078697,-0.174482,0.0,-0.014942,0.0,0.0,0.0,0.0,0.0,0.0,0.0,0.0,0.0,0.0,0.0,0.0,0.001953,-0.004639,0.0,0.000182,0.0,0.000061,0.0,-0.000061,0.0,-0.000182,0.0,0.0,0.0,0.02311,
0.0,4.446736,0.885384,-0.000066,0.0,1.570796,0.0,-0.0,0.000633,0.0,0.0,0.0,-0.108578,-0.024415,0.002503,0.257833,-0.090947,0.024293,-0.164312,0.026003,0.005493,0.293971,-0.077261,-0.023927,-0.065719,0.174482,0.0,-0.042898,0.0,0.0,0.0,-0.078605,-0.174482,0.0,-0.015016,0.0,0.0,0.0,-0.0,0.0,-0.0,0.0,-0.0,0.0,-0.0,0.0,0.0,0.001953,-0.004639,0.0,0.000182,0.0,0.000061,0.0,-0.000061,0.0,-0.000182,0.0,-0.0,0.0,0.023256,
-0.0,4.446736,0.88539,-0.000066,0.0,1.570796,-0.0,-0.0,0.000633,0.0,0.0,0.0,-0.108688,-0.024415,0.002503,0.258036,-0.091075,0.024293,-0.163981,0.026003,0.005493,0.293341,-0.077096,-0.023927,-0.065958,0.174482,-0.0,-0.043017,0.0,0.0,0.0,-0.078513,-0.174482,0.0,-0.015089,0.0,0.0,0.0,-0.0,0.0,0.0,0.0,0.0,0.0,-0.0,0.0,0.0,0.001953,-0.004639,0.0,0.000182,0.0,0.000061,0.0,-0.000061,0.0,-0.000182,0.0,0.0,0.0,0.023403,
0.0,4.446736,0.885393,-0.000066,0.0,1.570796,0.0,-0.0,0.000313,0.0,0.0,0.0,-0.108761,-0.024415,0.002503,0.258196,-0.091203,0.024293,-0.16365,0.026003,0.005493,0.292731,-0.076931,-0.023927,-0.066196,0.174482,-0.0,-0.043133,-0.0,0.0,0.0,-0.078366,-0.174482,0.0,-0.015175,-0.0,0.0,0.0,0.0,0.0,0.0,0.0,-0.0,0.0,-0.0,0.0,0.0,0.001953,-0.004639,0.0,0.000182,0.0,0.000061,0.0,-0.000061,0.0,-0.000182,0.0,0.0,0.0,0.023537,
-0.0,4.446736,0.88539,-0.000066,0.0,1.570796,-0.0,0.0,-0.000313,0.0,0.0,0.0,-0.108761,-0.024415,0.002503,0.258269,-0.091332,0.024293,-0.163319,0.026003,0.005493,0.292157,-0.076766,-0.023927,-0.066434,0.174482,0.0,-0.043243,-0.0,0.0,0.0,-0.078109,-0.174482,0.0,-0.015284,0.0,0.0,0.0,0.0,0.0,0.0,-0.0,0.0,0.0,0.0,0.0,0.0,0.001953,-0.004639,0.0,0.000182,0.0,0.000061,0.0,-0.000061,0.0,-0.000182,0.0,0.0,0.0,0.023647,
0.0,4.446736,0.885387,-0.000066,0.0,1.570796,0.0,0.0,-0.000313,0.0,0.0,0.0,-0.108761,-0.024415,0.002503,0.258343,-0.09146,0.024293,-0.162989,0.026003,0.005493,0.291583,-0.076601,-0.023927,-0.066672,0.174482,0.0,-0.043352,0.0,0.0,0.0,-0.077853,-0.174482,-0.0,-0.015394,-0.0,0.0,0.0,0.0,0.0,0.0,-0.0,0.0,0.0,0.0,0.0,0.0,0.001953,-0.004639,0.0,0.000182,0.0,0.000061,0.0,-0.000061,0.0,-0.000182,0.0,0.0,0.0,0.023757,
0.0,4.446736,0.885384,-0.000066,0.0,1.570796,0.0,0.0,-0.000313,0.0,0.0,0.0,-0.108759,-0.024415,0.002503,0.258413,-0.091587,0.024293,-0.162658,0.026003,0.005493,0.291008,-0.076436,-0.023927,-0.06691,0.174482,-0.0,-0.043462,0.0,0.0,0.0,-0.077596,-0.174482,0.0,-0.015504,0.0,0.0,0.0,0.0,0.0,-0.0,0.0,-0.0,0.0,0.0,0.0,0.0,0.001953,-0.004639,0.0,0.000182,0.0,0.000061,0.0,-0.000061,0.0,-0.000182,0.0,-0.0,0.0,0.023866,
0.0,4.446736,0.885381,-0.000066,0.0,1.570796,-0.0,0.0,-0.000313,0.0,0.0,0.0,-0.108392,-0.024415,0.002503,0.257711,-0.091495,0.024293,-0.162235,0.026003,0.005493,0.290213,-0.076271,-0.023927,-0.067056,0.174482,0.0,-0.043554,0.0,0.0,0.0,-0.077358,-0.174482,0.0,-0.015596,0.0,0.0,0.0,-0.0,0.0,-0.0,0.0,-0.0,0.0,-0.0,0.0,-0.0,0.001953,-0.004639,0.0,0.000182,0.0,0.000061,0.0,-0.000061,0.0,-0.000182,0.0,-0.0,0.0,0.023866,
0.0,4.446736,0.885378,-0.000066,0.0,1.570796,0.0,0.0,-0.000313,0.0,0.0,0.0,-0.108025,-0.024415,0.002503,0.25701,-0.091404,0.024293,-0.161812,0.026003,0.005493,0.289417,-0.076106,-0.023927,-0.067203,0.174482,0.0,-0.043645,0.0,0.0,0.0,-0.07712,-0.174482,0.0,-0.015687,0.0,0.0,0.0,0.0,0.0,-0.0,0.0,-0.0,0.0,-0.0,0.0,-0.0,0.001953,-0.004639,0.0,0.000182,0.0,0.000061,0.0,-0.000061,0.0,-0.000182,0.0,-0.0,0.0,0.023866,
0.0,4.446736,0.885375,-0.000066,0.0,1.570796,-0.0,0.0,-0.000313,0.0,0.0,0.0,-0.107658,-0.024415,0.002503,0.256308,-0.091312,0.024293,-0.16139,0.026003,0.005493,0.288621,-0.075941,-0.023927,-0.06735,0.174482,0.0,-0.043737,0.0,0.0,0.0,-0.076882,-0.174482,0.0,-0.015779,0.0,0.0,0.0,-0.0,0.0,-0.0,-0.0,-0.0,0.0,-0.0,0.0,-0.0,0.001953,-0.004639,0.0,0.000182,0.0,0.000061,0.0,-0.000061,0.0,-0.000182,0.0,-0.0,0.0,0.023866,
