Base_Latation_X,Base_Latation_Y,Base_Latation_Z,Base_Rotation_Pitch,Base_Rotation_Yaw,Base_Rotation_Roll,Base_Linear_velocity_Pitch,Base_Linear_velocity_Yaw,Base_Linear_velocity_Roll,Base_Angular_velocityy_Pitch,Base_Angular_velocityy_Yaw,Base_Angular_velocityy_Roll,left_leg_pelvic_pitch_joint,left_leg_pelvic_roll_joint,left_leg_pelvic_yaw_joint,left_leg_knee_pitch_joint,left_leg_ankle_pitch_joint,left_leg_ankle_roll_joint,right_leg_pelvic_pitch_joint,right_leg_pelvic_roll_joint,right_leg_pelvic_yaw_joint,right_leg_knee_pitch_joint,right_leg_ankle_pitch_joint,right_leg_ankle_roll_joint,left_shoulder_pitch_joint,left_shoulder_roll_joint,left_shoulder_yaw_joint,left_elbow_pitch_joint,left_wrist_yaw_joint,left_wrist_pitch_joint,left_wrist_roll_joint,right_shoulder_pitch_joint,right_shoulder_roll_joint,right_shoulder_yaw_joint,right_elbow_pitch_joint,right_wrist_yaw_joint,right_wrist_pitch_joint,right_wrist_roll_joint,left_thumb_metacarpal_joint,left_thumb_proximal_joint,left_index_proximal_joint,left_index_distal_joint,left_middle_proximal_joint,left_middle_distal_joint,left_ring_proximal_joint,left_ring_distal_joint,left_pinky_proximal_joint,left_pinky_distal_joint,right_thumb_metacarpal_joint,right_thumb_proximal_joint,right_index_proximal_joint,right_index_distal_joint,right_middle_proximal_joint,right_middle_distal_joint,right_ring_proximal_joint,right_ring_distal_joint,right_pinky_proximal_joint,right_pinky_distal_joint,head_yaw_joint,head_pitch_joint,waist_yaw_joint
-0.0,-0.000059,0.892914,-0.000066,0.0,0.0,-0.0,-0.005934,89.291435,157.072966,0.0,0.0,-0.072345,-0.024659,-0.005615,0.141174,-0.040348,0.024049,-0.072222,0.025453,0.012757,0.140684,-0.018189,-0.023744,-0.137809,0.174482,-0.0,-0.085172,0.0,0.0,0.0,-0.158986,-0.174482,0.0,-0.033938,0.0,0.0,0.0,0.0,0.0,-0.0,-0.0,-0.0,0.0,0.0,0.0,-0.0,0.001953,-0.004944,0.0,0.000194,0.0,0.000065,0.0,-0.000065,-0.0,-0.000194,0.0,0.0,0.0,0.012207,
0.0,-0.000283,0.892861,-0.000066,0.0,1.570796,0.0,-0.022401,-0.005327,0.0,0.0,157.079596,-0.072601,-0.024659,-0.005615,0.141174,-0.040073,0.024049,-0.072479,0.025453,0.012757,0.140684,-0.017915,-0.023744,-0.137184,0.174482,0.0,-0.084897,0.0,0.0,0.0,-0.158288,-0.174482,-0.0,-0.033804,0.0,0.0,0.0,0.0,0.0,0.0,0.0,0.0,0.0,0.0,0.0,0.0,0.001953,-0.004944,0.0,0.000194,0.0,0.000065,0.0,-0.000065,0.0,-0.000194,0.0,0.0,0.0,0.012207,
-0.0,-0.000507,0.892808,-0.000066,0.0,1.570796,-0.0,-0.022401,-0.005327,0.0,0.0,0.0,-0.072858,-0.024659,-0.005615,0.141174,-0.039799,0.024049,-0.072736,0.025453,0.012757,0.140684,-0.01764,-0.023744,-0.13656,0.174482,0.0,-0.084623,0.0,0.0,0.0,-0.15759,-0.174482,0.0,-0.03367,0.0,0.0,0.0,-0.0,0.0,0.0,-0.0,0.0,0.0,-0.0,0.0,-0.0,0.001953,-0.004944,0.0,0.000194,0.0,0.000065,0.0,-0.000065,0.0,-0.000194,0.0,0.0,0.0,0.012207,
0.0,-0.000731,0.892755,-0.000066,0.0,1.570796,0.0,-0.022401,-0.005319,0.0,0.0,0.0,-0.073114,-0.024659,-0.005615,0.141174,-0.039524,0.024049,-0.072992,0.025453,0.012757,0.140684,-0.017365,-0.023744,-0.135936,0.174482,-0.0,-0.084348,0.0,0.0,0.0,-0.156892,-0.174482,0.0,-0.033535,0.0,0.0,0.0,0.0,0.0,0.0,0.0,0.0,0.0,0.0,-0.0,0.0,0.001953,-0.004944,0.0,0.000194,0.0,0.000065,0.0,-0.000065,0.0,-0.000194,0.0,0.0,0.0,0.012207,
0.0,-0.00096,0.892704,-0.000066,0.0,1.570796,0.0,-0.022911,-0.005045,0.0,0.0,0.0,-0.073371,-0.024659,-0.005615,0.141174,-0.039652,0.024049,-0.073249,0.025453,0.012684,0.140684,-0.017628,-0.023744,-0.135386,0.174482,0.0,-0.084109,0.0,0.0,0.0,-0.156292,-0.174482,0.0,-0.033401,-0.0,-0.0,0.0,-0.0,0.0,-0.0,0.0,-0.0,0.0,-0.0,0.0,-0.0,0.001953,-0.004944,0.0,0.000194,-0.0,0.000065,0.0,-0.000065,0.0,-0.000194,0.0,0.0,0.0,0.012256,
0.0,-0.001192,0.892655,-0.000066,0.0,1.570796,0.0,-0.023165,-0.004892,0.0,0.0,0.0,-0.073627,-0.024659,-0.005615,0.141174,-0.039982,0.024049,-0.073505,0.025453,0.012574,0.140684,-0.018159,-0.023744,-0.134872,0.174482,0.0,-0.083889,-0.0,0.0,0.0,-0.155741,-0.174482,0.0,-0.033267,-0.0,0.0,-0.0,0.0,0.0,-0.0,0.0,0.0,0.0,-0.0,0.0,0.0,0.001953,-0.004944,0.0,0.000194,0.0,0.000065,0.0,-0.000065,0.0,-0.000194,0.0,0.0,0.0,0.01233,
0.0,-0.001424,0.892606,-0.000066,0.0,1.570796,0.0,-0.023165,-0.004892,0.0,0.0,0.0,-0.073884,-0.024659,-0.005615,0.141174,-0.040312,0.024049,-0.073762,0.025453,0.012464,0.140684,-0.01869,-0.023744,-0.134358,0.174482,0.0,-0.08367,0.0,0.0,0.0,-0.15519,-0.174482,0.0,-0.033132,0.0,0.0,0.0,-0.0,0.0,-0.0,0.0,-0.0,0.0,0.0,0.0,0.0,0.001953,-0.004944,0.0,0.000194,0.0,0.000065,-0.0,-0.000065,0.0,-0.000194,0.0,-0.0,0.0,0.012403,
0.0,-0.001657,0.892559,-0.000066,0.0,1.570796,0.0,-0.023326,-0.004709,0.0,0.0,0.0,-0.074146,-0.024659,-0.005634,0.141174,-0.040641,0.024049,-0.074018,0.025453,0.012391,0.140684,-0.019221,-0.023744,-0.133899,0.174482,0.0,-0.083468,0.0,0.0,0.0,-0.154688,-0.174482,0.0,-0.032998,0.0,0.0,0.0,-0.0,0.0,-0.0,0.0,-0.0,0.0,-0.0,0.0,0.0,0.001953,-0.004944,0.0,0.000194,0.0,0.000065,0.0,-0.000065,0.0,-0.000194,0.0,0.0,0.0,0.012452,
0.0,-0.001894,0.892516,-0.000066,0.0,1.570796,0.0,-0.023647,-0.004312,0.0,0.0,0.0,-0.074421,-0.024659,-0.005689,0.141174,-0.040971,0.024049,-0.074275,0.025453,0.012391,0.140684,-0.019752,-0.023744,-0.133551,0.174482,0.0,-0.083303,-0.0,0.0,0.0,-0.154284,-0.174482,0.0,-0.032864,0.0,0.0,0.0,0.0,0.0,-0.0,0.0,-0.0,0.0,0.0,0.0,-0.0,0.001953,-0.004944,0.0,0.000194,0.0,0.000065,0.0,-0.000065,0.0,-0.000194,0.0,0.0,0.0,0.012452,
-0.0,-0.00213,0.892473,-0.000066,0.0,1.570796,-0.0,-0.023647,-0.00432,0.0,0.0,0.0,-0.074696,-0.024659,-0.005744,0.141174,-0.041301,0.024049,-0.074531,0.025453,0.012391,0.140684,-0.020283,-0.023744,-0.133202,0.174482,0.0,-0.083138,0.0,0.0,0.0,-0.15388,-0.174482,0.0,-0.03273,-0.0,0.0,-0.0,-0.0,0.0,0.0,0.0,-0.0,0.0,0.0,0.0,0.0,0.001953,-0.004944,0.0,0.000194,0.0,0.000065,0.0,-0.000065,0.0,-0.000194,0.0,0.0,0.0,0.012452,
-0.0,-0.002366,0.89243,-0.000066,0.0,1.570796,0.0,-0.023647,-0.00432,0.0,0.0,0.0,-0.074971,-0.024659,-0.005799,0.141174,-0.04163,0.024049,-0.074788,0.025453,0.012391,0.140684,-0.020814,-0.023744,-0.132853,0.174482,0.0,-0.082973,0.0,0.0,0.0,-0.153476,-0.174482,0.0,-0.032595,-0.0,0.0,0.0,0.0,0.0,0.0,0.0,0.0,-0.0,0.0,0.0,0.0,0.001953,-0.004944,0.0,0.000194,0.0,0.000065,-0.0,-0.000065,0.0,-0.000194,0.0,0.0,0.0,0.012452,
0.0,-0.002586,0.892394,-0.000066,0.0,1.570796,0.0,-0.021919,-0.003541,0.0,0.0,0.0,-0.075228,-0.024659,-0.005799,0.141174,-0.041859,0.024049,-0.075044,0.025453,0.012391,0.140684,-0.021098,-0.023744,-0.132523,0.174482,0.0,-0.082772,0.0,-0.0,0.0,-0.153108,-0.174482,0.0,-0.032449,0.0,0.0,0.0,-0.0,-0.0,-0.0,0.0,-0.0,0.0,-0.0,0.0,-0.0,0.001953,-0.004944,0.0,0.000194,0.0,0.000065,0.0,-0.000065,0.0,-0.000194,0.0,-0.0,0.0,0.01258,
0.0,-0.002805,0.892359,-0.000066,0.0,1.570796,0.0,-0.021919,-0.003549,0.0,0.0,0.0,-0.075484,-0.024659,-0.005799,0.141174,-0.042088,0.024049,-0.075301,0.025453,0.012391,0.140684,-0.021382,-0.023744,-0.132193,0.174482,0.0,-0.08257,0.0,0.0,0.0,-0.152741,-0.174482,0.0,-0.032302,0.0,0.0,0.0,0.0,0.0,-0.0,0.0,-0.0,0.0,-0.0,-0.0,-0.0,0.001953,-0.004944,0.0,0.000194,0.0,0.000065,0.0,-0.000065,0.0,-0.000194,0.0,-0.0,0.0,0.012708,
0.0,-0.003024,0.892323,-0.000066,0.0,1.570796,0.0,-0.021919,-0.003541,0.0,0.0,0.0,-0.075741,-0.024659,-0.005799,0.141174,-0.042317,0.024049,-0.075557,0.025453,0.012391,0.140684,-0.021666,-0.023744,-0.131862,0.174482,0.0,-0.082368,-0.0,-0.0,0.0,-0.152374,-0.174482,0.0,-0.032156,0.0,0.0,0.0,0.0,-0.0,-0.0,0.0,-0.0,0.0,-0.0,0.0,-0.0,0.001953,-0.004944,0.0,0.000194,0.0,0.000065,0.0,-0.000065,0.0,-0.000194,0.0,-0.0,0.0,0.012836,
0.0,-0.003233,0.892296,-0.000066,0.0,1.570796,0.0,-0.020874,-0.002778,0.0,0.0,0.0,-0.075973,-0.024659,-0.005847,0.141174,-0.042546,0.024049,-0.075802,0.025453,0.012391,0.140684,-0.021949,-0.023744,-0.131581,0.174482,0.0,-0.082203,0.0,0.0,0.0,-0.152043,-0.174482,0.0,-0.032009,0.0,0.0,0.0,0.0,0.0,-0.0,0.0,-0.0,0.0,-0.0,0.0,-0.0,0.001953,-0.004944,0.0,0.000194,0.0,0.000065,0.0,-0.000065,0.0,-0.000194,0.0,0.0,0.0,0.012879,
0.0,-0.003436,0.892272,-0.000066,0.0,1.570796,0.0,-0.020351,-0.002397,0.0,0.0,0.0,-0.076193,-0.024659,-0.005921,0.141174,-0.042775,0.024049,-0.07604,0.025453,0.012391,0.140684,-0.022233,-0.023744,-0.131324,0.174482,0.0,-0.082057,0.0,0.0,0.0,-0.151731,-0.174482,0.0,-0.031863,0.0,0.0,0.0,-0.0,0.0,-0.0,0.0,-0.0,0.0,0.0,0.0,-0.0,0.001953,-0.004944,0.0,0.000194,0.0,0.000065,0.0,-0.000065,0.0,-0.000194,0.0,0.0,0.0,0.012879,
-0.0,-0.00364,0.892248,-0.000066,0.0,1.570796,-0.0,-0.020351,-0.002397,0.0,0.0,0.0,-0.076413,-0.024659,-0.005994,0.141174,-0.043004,0.024049,-0.076278,0.025453,0.012391,0.140684,-0.022517,-0.023744,-0.131067,0.174482,0.0,-0.08191,0.0,0.0,0.0,-0.151419,-0.174482,0.0,-0.031716,0.0,0.0,0.0,0.0,0.0,0.0,0.0,0.0,0.0,0.0,0.0,-0.0,0.001953,-0.004944,0.0,0.000194,0.0,0.000065,0.0,-0.000065,0.0,-0.000194,0.0,0.0,0.0,0.012879,
-0.0,-0.003838,0.892226,-0.000066,0.0,1.570796,0.0,-0.01987,-0.002145,0.0,0.0,0.0,-0.076632,-0.024659,-0.006043,0.141174,-0.043188,0.024049,-0.076504,0.025453,0.012391,0.140684,-0.02278,-0.023744,-0.130828,0.174482,0.0,-0.081782,0.0,0.0,0.0,-0.151125,-0.174482,0.0,-0.031594,0.0,0.0,0.0,0.0,0.0,0.0,0.0,-0.0,0.0,-0.0,0.0,-0.0,0.001953,-0.004944,0.0,0.000194,0.0,0.000065,-0.0,-0.000065,0.0,-0.000194,0.0,0.0,0.0,0.012879,
0.0,-0.004028,0.89221,-0.000066,0.0,1.570796,0.0,-0.018909,-0.001664,0.0,0.0,0.0,-0.076852,-0.024659,-0.006043,0.141174,-0.043283,0.024049,-0.076706,0.025453,0.012391,0.140684,-0.022999,-0.023744,-0.130627,0.174482,-0.0,-0.08169,0.0,0.0,0.0,-0.150868,-0.174482,0.0,-0.031521,0.0,0.0,0.0,0.0,0.0,-0.0,0.0,0.0,0.0,-0.0,0.0,0.0,0.001953,-0.004944,0.0,0.000194,0.0,0.000065,0.0,-0.000065,0.0,-0.000194,0.0,0.0,0.0,0.012879,
-0.0,-0.004217,0.892193,-0.000066,0.0,1.570796,-0.0,-0.018909,-0.001657,0.0,0.0,0.0,-0.077072,-0.024659,-0.006043,0.141174,-0.043377,0.024049,-0.076907,0.025453,0.012391,0.140684,-0.023219,-0.023744,-0.130425,0.174482,0.0,-0.081599,0.0,0.0,0.0,-0.150611,-0.174482,0.0,-0.031448,0.0,0.0,0.0,0.0,0.0,0.0,-0.0,-0.0,0.0,0.0,0.0,-0.0,0.001953,-0.004944,0.0,0.000194,0.0,0.000065,0.0,-0.000065,0.0,-0.000194,0.0,0.0,0.0,0.012879,
0.0,-0.004406,0.892177,-0.000066,0.0,1.570796,0.0,-0.018909,-0.001657,0.0,0.0,0.0,-0.077292,-0.024659,-0.006043,0.141174,-0.043472,0.024049,-0.077109,0.025453,0.012391,0.140684,-0.023439,-0.023744,-0.130223,0.174482,-0.0,-0.081507,-0.0,0.0,0.0,-0.150354,-0.174482,0.0,-0.031374,0.0,0.0,0.0,0.0,0.0,0.0,-0.0,0.0,0.0,-0.0,0.0,0.0,0.001953,-0.004944,0.0,0.000194,0.0,0.000065,0.0,-0.000065,0.0,-0.000194,0.0,0.0,0.0,0.012879,
0.0,-0.004554,0.892166,-0.000066,0.0,1.570796,0.0,-0.014814,-0.001023,0.0,0.0,0.0,-0.077457,-0.024659,-0.006116,0.141174,-0.043567,0.024049,-0.077274,0.025453,0.012391,0.140684,-0.023545,-0.023744,-0.130021,0.174482,0.0,-0.081397,0.0,0.0,0.0,-0.149968,-0.174482,0.0,-0.031264,-0.0,0.0,0.0,-0.0,0.0,-0.0,0.0,0.0,-0.0,-0.0,0.0,-0.0,0.001953,-0.004944,0.0,0.000194,0.0,0.000065,0.0,-0.000065,0.0,-0.000194,0.0,0.0,0.0,0.012879,
-0.0,-0.004702,0.892156,-0.000066,0.0,1.570796,-0.0,-0.014814,-0.001016,0.0,0.0,0.0,-0.077622,-0.024659,-0.006189,0.141174,-0.043661,0.024049,-0.077439,0.025453,0.012391,0.140684,-0.023651,-0.023744,-0.129819,0.174482,0.0,-0.081287,-0.0,-0.0,-0.0,-0.149582,-0.174482,0.0,-0.031155,0.0,0.0,0.0,0.0,-0.0,-0.0,-0.0,0.0,0.0,0.0,0.0,-0.0,0.001953,-0.004944,0.0,0.000194,0.0,0.000065,0.0,-0.000065,0.0,-0.000194,0.0,0.0,0.0,0.012879,
0.0,-0.00485,0.892146,-0.000066,0.0,1.570796,0.0,-0.014814,-0.001023,0.0,0.0,0.0,-0.077787,-0.024659,-0.006262,0.141174,-0.043756,0.024049,-0.077604,0.025453,0.012391,0.140684,-0.023757,-0.023744,-0.129617,0.174482,-0.0,-0.081177,0.0,0.0,0.0,-0.149197,-0.174482,-0.0,-0.031045,0.0,0.0,0.0,-0.0,0.0,-0.0,0.0,-0.0,0.0,0.0,0.0,-0.0,0.001953,-0.004944,0.0,0.000194,0.0,0.000065,0.0,-0.000065,-0.0,-0.000194,0.0,0.0,0.0,0.012879,
0.0,-0.004984,0.892136,-0.000066,0.0,1.570796,-0.0,-0.01334,-0.000977,0.0,0.0,0.0,-0.07794,-0.024659,-0.006287,0.141174,-0.04385,0.024049,-0.077756,0.025453,0.012391,0.140684,-0.023864,-0.023744,-0.12944,0.174482,0.0,-0.081067,0.0,0.0,0.0,-0.14875,-0.174482,0.0,-0.030935,0.0,0.0,0.0,0.0,0.0,-0.0,0.0,0.0,0.0,-0.0,0.0,0.0,0.001953,-0.004944,0.0,0.000194,0.0,0.000065,0.0,-0.000065,0.0,-0.000194,0.0,0.0,0.0,0.012879,
0.0,-0.00511,0.892127,-0.000066,0.0,1.570796,0.0,-0.012603,-0.000962,0.0,0.0,0.0,-0.078086,-0.024659,-0.006287,0.141174,-0.043945,0.024049,-0.077903,0.025453,0.012391,0.140684,-0.02397,-0.023744,-0.129275,0.174482,0.0,-0.080957,-0.0,0.0,0.0,-0.148273,-0.174482,0.0,-0.030825,0.0,0.0,0.0,0.0,0.0,-0.0,0.0,-0.0,0.0,-0.0,0.0,-0.0,0.001953,-0.004944,-0.0,0.000194,0.0,0.000065,0.0,-0.000065,0.0,-0.000194,0.0,0.0,0.0,0.012879,
0.0,-0.005236,0.892117,-0.000066,0.0,1.570796,0.0,-0.012603,-0.000955,0.0,0.0,0.0,-0.078233,-0.024659,-0.006287,0.141174,-0.04404,0.024049,-0.07805,0.025453,0.012391,0.140684,-0.024076,-0.023744,-0.12911,0.174482,0.0,-0.080847,0.0,0.0,0.0,-0.147795,-0.174482,0.0,-0.030715,-0.0,0.0,-0.0,0.0,0.0,0.0,0.0,-0.0,0.0,0.0,0.0,-0.0,0.001953,-0.004944,0.0,0.000194,0.0,0.000065,0.0,-0.000065,0.0,-0.000194,0.0,0.0,0.0,0.012879,
0.0,-0.005355,0.892108,-0.000066,0.0,1.570796,0.0,-0.011955,-0.000939,0.0,0.0,0.0,-0.078373,-0.024659,-0.006287,0.141198,-0.044134,0.024049,-0.07819,0.025453,0.012391,0.140684,-0.024182,-0.023744,-0.128975,0.174482,0.0,-0.080753,-0.0,-0.0,-0.0,-0.147293,-0.174482,0.0,-0.030605,-0.0,0.0,0.0,0.0,-0.0,0.0,0.0,0.0,0.0,0.0,0.0,0.0,0.001953,-0.004944,0.0,0.000194,0.0,0.000065,0.0,-0.000065,0.0,-0.000194,0.0,0.0,0.0,0.012879,
0.0,-0.005462,0.892099,-0.000066,0.0,1.570796,0.0,-0.01066,-0.000901,0.0,0.0,0.0,-0.078502,-0.024659,-0.006287,0.141272,-0.044229,0.024049,-0.078318,0.025453,0.012391,0.140684,-0.024288,-0.023744,-0.128902,0.174482,0.0,-0.080688,0.0,0.0,0.0,-0.146743,-0.174482,-0.0,-0.030495,0.0,0.0,0.0,0.0,0.0,0.0,0.0,-0.0,0.0,-0.0,0.0,-0.0,0.001953,-0.004944,0.0,0.000194,0.0,0.000065,0.0,-0.000065,0.0,-0.000194,0.0,0.0,0.0,0.012879,
0.0,-0.005568,0.89209,-0.000066,0.0,1.570796,0.0,-0.01066,-0.000901,0.0,0.0,0.0,-0.07863,-0.024659,-0.006287,0.141345,-0.044324,0.024049,-0.078447,0.025453,0.012391,0.140684,-0.024395,-0.023744,-0.128828,0.174482,0.0,-0.080624,0.0,0.0,0.0,-0.146192,-0.174482,-0.0,-0.030385,0.0,0.0,0.0,0.0,0.0,0.0,0.0,-0.0,0.0,0.0,0.0,0.0,0.001953,-0.004944,0.0,0.000194,0.0,0.000065,0.0,-0.000065,0.0,-0.000194,0.0,0.0,0.0,0.012879,
0.0,-0.005675,0.892081,-0.000066,0.0,1.570796,0.0,-0.01066,-0.000901,0.0,0.0,0.0,-0.078758,-0.024659,-0.006287,0.141418,-0.044418,0.024049,-0.078575,0.025453,0.012391,0.140684,-0.024501,-0.023744,-0.128755,0.174482,-0.0,-0.08056,0.0,0.0,0.0,-0.145641,-0.174482,0.0,-0.030276,0.0,0.0,0.0,0.0,0.0,0.0,0.0,0.0,0.0,-0.0,0.0,0.0,0.001953,-0.004944,0.0,0.000194,0.0,0.000065,0.0,-0.000065,0.0,-0.000194,0.0,0.0,0.0,0.012879,
0.0,-0.00576,0.892076,-0.000066,0.0,1.570796,0.0,-0.008475,-0.000451,0.0,0.0,0.0,-0.07885,-0.024659,-0.006287,0.141419,-0.044513,0.024049,-0.078666,0.025453,0.012391,0.140684,-0.024607,-0.023744,-0.128682,0.174482,-0.0,-0.080496,0.0,0.0,0.0,-0.145044,-0.174482,0.0,-0.030166,-0.0,0.0,-0.0,-0.0,0.0,0.0,-0.0,0.0,0.0,0.0,0.0,-0.0,0.001953,-0.004944,0.0,0.000194,0.0,0.000065,0.0,-0.000065,0.0,-0.000194,0.0,0.0,0.0,0.012879,
0.0,-0.005844,0.892071,-0.000066,0.0,1.570796,0.0,-0.008475,-0.000458,0.0,0.0,0.0,-0.078941,-0.024659,-0.006287,0.141419,-0.044608,0.024049,-0.078758,0.025453,0.012391,0.140684,-0.024713,-0.023744,-0.128608,0.174482,0.0,-0.080432,-0.0,0.0,0.0,-0.144448,-0.174482,0.0,-0.030056,0.0,0.0,0.0,0.0,0.0,0.0,0.0,0.0,0.0,-0.0,0.0,-0.0,0.001953,-0.004944,0.0,0.000194,-0.0,0.000065,-0.0,-0.000065,0.0,-0.000194,0.0,0.0,0.0,0.012879,
0.0,-0.005929,0.892067,-0.000066,0.0,1.570796,0.0,-0.008475,-0.000451,0.0,0.0,0.0,-0.079033,-0.024659,-0.006287,0.141419,-0.044702,0.024049,-0.07885,0.025453,0.012391,0.140684,-0.02482,-0.023744,-0.128535,0.174482,0.0,-0.080368,0.0,0.0,0.0,-0.143851,-0.174482,-0.0,-0.029946,0.0,0.0,0.0,-0.0,0.0,-0.0,0.0,0.0,0.0,-0.0,0.0,-0.0,0.001953,-0.004944,0.0,0.000194,0.0,0.000065,0.0,-0.000065,0.0,-0.000194,0.0,0.0,0.0,0.012879,
0.0,-0.005992,0.892064,-0.000066,0.0,1.570796,0.0,-0.006252,-0.00026,0.0,0.0,0.0,-0.079064,-0.024659,-0.006323,0.141418,-0.044797,0.024049,-0.07888,0.025453,0.012391,0.140684,-0.024926,-0.023744,-0.128425,0.174482,0.0,-0.080291,0.0,0.0,-0.0,-0.143254,-0.174482,0.0,-0.029824,0.0,0.0,0.0,-0.0,0.0,0.0,0.0,0.0,0.0,0.0,0.0,0.0,0.001953,-0.004944,0.0,0.000194,0.0,0.000065,0.0,-0.000065,0.0,-0.000194,0.0,0.0,0.0,0.012916,
0.0,-0.006043,0.892063,-0.000066,0.0,1.570796,0.0,-0.00514,-0.000153,0.0,0.0,0.0,-0.079064,-0.024659,-0.006378,0.141419,-0.044891,0.024049,-0.07888,0.025453,0.012391,0.140684,-0.025032,-0.023744,-0.128296,0.174482,0.0,-0.080209,0.0,0.0,0.0,-0.142658,-0.174482,0.0,-0.029696,0.0,0.0,0.0,-0.0,0.0,-0.0,0.0,0.0,0.0,-0.0,0.0,-0.0,0.001953,-0.004944,0.0,0.000194,0.0,0.000065,0.0,-0.000065,0.0,-0.000194,0.0,0.0,0.0,0.01297,
0.0,-0.006095,0.892061,-0.000066,0.0,1.570796,0.0,-0.00514,-0.000161,0.0,0.0,0.0,-0.079064,-0.024659,-0.006433,0.141419,-0.044986,0.024049,-0.07888,0.025453,0.012391,0.140684,-0.025138,-0.023744,-0.128168,0.174482,0.0,-0.080126,0.0,0.0,0.0,-0.142061,-0.174482,0.0,-0.029567,0.0,0.0,0.0,-0.0,0.0,-0.0,-0.0,0.0,0.0,-0.0,0.0,-0.0,0.001953,-0.004944,0.0,0.000194,0.0,0.000065,0.0,-0.000065,0.0,-0.000194,0.0,0.0,0.0,0.013025,
0.0,-0.006138,0.892061,-0.000066,0.0,1.570796,0.0,-0.004309,-0.000046,0.0,0.0,0.0,-0.079094,-0.024659,-0.00647,0.141419,-0.045055,0.024049,-0.078911,0.025453,0.012391,0.140684,-0.025224,-0.023744,-0.128015,0.174482,0.0,-0.080044,-0.0,0.0,0.0,-0.141474,-0.174482,0.0,-0.029427,0.0,0.0,0.0,0.0,0.0,-0.0,0.0,0.0,0.0,0.0,0.0,-0.0,0.001953,-0.004944,0.0,0.000194,0.0,0.000065,0.0,-0.000065,-0.0,-0.000194,0.0,0.0,0.0,0.013062,
0.0,-0.006164,0.892062,-0.000066,0.0,1.570796,0.0,-0.002647,0.000168,0.0,0.0,0.0,-0.079186,-0.024659,-0.00647,0.141419,-0.045074,0.024049,-0.079002,0.025453,0.012391,0.140684,-0.02527,-0.023744,-0.127813,0.174482,0.0,-0.079961,-0.0,0.0,0.0,-0.140905,-0.174482,0.0,-0.029262,0.0,0.0,0.0,0.0,0.0,-0.0,0.0,-0.0,0.0,0.0,0.0,0.0,0.001953,-0.004944,0.0,0.000194,0.0,0.000065,0.0,-0.000065,0.0,-0.000194,0.0,0.0,0.0,0.013062,
0.0,-0.006191,0.892064,-0.000066,0.0,1.570796,0.0,-0.002647,0.000175,0.0,0.0,0.0,-0.079277,-0.024659,-0.00647,0.141419,-0.045092,0.024049,-0.079094,0.025453,0.012391,0.140684,-0.025316,-0.023744,-0.127611,0.174482,0.0,-0.079879,-0.0,0.0,0.0,-0.140335,-0.174482,-0.0,-0.029097,0.0,0.0,0.0,0.0,0.0,0.0,0.0,-0.0,0.0,0.0,0.0,0.0,0.001953,-0.004944,0.0,0.000194,0.0,0.000065,0.0,-0.000065,0.0,-0.000194,0.0,0.0,0.0,0.013062,
0.0,-0.006217,0.892066,-0.000066,0.0,1.570796,0.0,-0.002647,0.000175,0.0,0.0,0.0,-0.079369,-0.024659,-0.00647,0.141419,-0.04511,0.024049,-0.079186,0.025453,0.012391,0.140684,-0.025362,-0.023744,-0.127409,0.174482,0.0,-0.079797,0.0,0.0,0.0,-0.139766,-0.174482,-0.0,-0.028933,0.0,0.0,0.0,-0.0,0.0,-0.0,0.0,-0.0,0.0,-0.0,-0.0,-0.0,0.001953,-0.004944,0.0,0.000194,0.0,0.000065,0.0,-0.000065,0.0,-0.000194,0.0,0.0,0.0,0.013062,
0.0,-0.006247,0.892078,-0.000066,0.0,1.570796,0.0,-0.002983,0.001175,0.0,0.0,0.0,-0.079369,-0.024659,-0.00647,0.141419,-0.045128,0.024049,-0.079186,0.025453,0.012464,0.140684,-0.025407,-0.023744,-0.127226,0.174482,0.0,-0.079723,0.0,0.0,0.0,-0.139381,-0.174482,0.0,-0.028749,0.0,0.0,0.0,0.0,0.0,-0.0,0.0,0.0,0.0,0.0,0.0,-0.0,0.001953,-0.004944,0.0,0.000194,0.0,0.000065,0.0,-0.000065,0.0,-0.000194,0.0,0.0,0.0,0.012897,
0.0,-0.006277,0.89209,-0.000066,0.0,1.570796,0.0,-0.002983,0.001182,0.0,0.0,0.0,-0.079369,-0.024659,-0.00647,0.141419,-0.045147,0.024049,-0.079186,0.025453,0.012537,0.140684,-0.025453,-0.023744,-0.127042,0.174482,0.0,-0.07965,0.0,0.0,0.0,-0.138996,-0.174482,0.0,-0.028566,0.0,0.0,0.0,-0.0,0.0,0.0,-0.0,0.0,0.0,-0.0,-0.0,0.0,0.001953,-0.004944,0.0,0.000194,0.0,0.000065,0.0,-0.000065,0.0,-0.000194,0.0,0.0,0.0,0.012732,
0.0,-0.006307,0.892101,-0.000066,0.0,1.570796,0.0,-0.002983,0.001175,0.0,0.0,0.0,-0.079369,-0.024659,-0.00647,0.141419,-0.045165,0.024049,-0.079186,0.025453,0.01261,0.140684,-0.025499,-0.023744,-0.126859,0.174482,0.0,-0.079577,0.0,0.0,0.0,-0.13861,-0.174482,0.0,-0.028383,0.0,0.0,0.0,-0.0,0.0,-0.0,0.0,-0.0,0.0,-0.0,0.0,-0.0,0.001953,-0.004944,0.0,0.000194,0.0,0.000065,-0.0,-0.000065,0.0,-0.000194,0.0,0.0,0.0,0.012568,
0.0,-0.006319,0.892117,-0.000066,0.0,1.570796,0.0,-0.001242,0.001556,0.0,0.0,0.0,-0.079369,-0.024659,-0.00647,0.141419,-0.045183,0.024049,-0.079186,0.025453,0.012635,0.140684,-0.025514,-0.023744,-0.126639,0.174482,0.0,-0.079467,-0.0,0.0,0.0,-0.138188,-0.174482,0.0,-0.02817,0.0,0.0,0.0,0.0,0.0,0.0,0.0,0.0,0.0,0.0,0.0,-0.0,0.001953,-0.004944,0.0,0.000194,0.0,0.000065,0.0,-0.000065,0.0,-0.000194,0.0,-0.0,0.0,0.012452,
0.0,-0.006323,0.892134,-0.000066,0.0,1.570796,0.0,-0.000371,0.001739,0.0,0.0,0.0,-0.079369,-0.024659,-0.00647,0.141419,-0.045202,0.024049,-0.079186,0.025453,0.012635,0.140684,-0.025514,-0.023744,-0.1264,0.174482,0.0,-0.079338,0.0,0.0,0.0,-0.137747,-0.174482,0.0,-0.027941,0.0,0.0,0.0,-0.0,0.0,0.0,-0.0,-0.0,0.0,-0.0,0.0,-0.0,0.001953,-0.004944,0.0,0.000194,0.0,0.000065,0.0,-0.000065,0.0,-0.000194,0.0,0.0,0.0,0.01236,
0.0,-0.006326,0.892152,-0.000066,0.0,1.570796,0.0,-0.000371,0.001747,0.0,0.0,0.0,-0.079369,-0.024659,-0.00647,0.141418,-0.04522,0.024049,-0.079186,0.025453,0.012635,0.140684,-0.025514,-0.023744,-0.126162,0.174482,0.0,-0.07921,0.0,0.0,0.0,-0.137307,-0.174482,0.0,-0.027712,0.0,0.0,0.0,-0.0,0.0,0.0,0.0,0.0,0.0,-0.0,0.0,0.0,0.001953,-0.004944,0.0,0.000194,0.0,0.000065,-0.0,-0.000065,-0.0,-0.000194,0.0,0.0,0.0,0.012269,
0.0,-0.006321,0.89217,-0.000066,0.0,1.570796,0.0,0.000524,0.001862,0.0,0.0,0.0,-0.079369,-0.024659,-0.006494,0.141418,-0.045238,0.024049,-0.079186,0.025453,0.012635,0.140684,-0.025514,-0.023744,-0.125917,0.174482,0.0,-0.079064,0.0,0.0,0.0,-0.136854,-0.174482,-0.0,-0.027483,0.0,0.0,0.0,0.0,0.0,0.0,0.0,-0.0,0.0,-0.0,0.0,0.0,0.001953,-0.004944,0.0,0.000194,0.0,0.000065,0.0,-0.000065,0.0,-0.000194,0.0,0.0,0.0,0.012207,
0.0,-0.006298,0.892191,-0.000066,0.0,1.570796,0.0,0.002313,0.002098,0.0,0.0,0.0,-0.079369,-0.024659,-0.006568,0.141419,-0.045257,0.024049,-0.079186,0.025453,0.012635,0.140684,-0.025514,-0.023744,-0.12566,0.174482,0.0,-0.07888,-0.0,0.0,0.0,-0.136377,-0.174482,0.0,-0.027254,-0.0,0.0,0.0,0.0,0.0,-0.0,0.0,0.0,0.0,0.0,0.0,0.0,0.001953,-0.004944,0.0,0.000194,0.0,0.000065,-0.0,-0.000065,0.0,-0.000194,0.0,0.0,0.0,0.012207,
0.0,-0.006275,0.892212,-0.000066,0.0,1.570796,0.0,0.002313,0.002106,0.0,0.0,0.0,-0.079369,-0.024659,-0.006641,0.141419,-0.045275,0.024049,-0.079186,0.025453,0.012635,0.140684,-0.025514,-0.023744,-0.125403,0.174482,0.0,-0.078697,0.0,0.0,0.0,-0.1359,-0.174482,-0.0,-0.027025,0.0,0.0,0.0,-0.0,0.0,-0.0,0.0,-0.0,0.0,0.0,0.0,-0.0,0.001953,-0.004944,0.0,0.000194,0.0,0.000065,0.0,-0.000065,0.0,-0.000194,0.0,0.0,0.0,0.012207,
0.0,-0.006252,0.892233,-0.000066,0.0,1.570796,0.0,0.002313,0.002098,0.0,0.0,0.0,-0.079369,-0.024659,-0.006714,0.141419,-0.045293,0.024049,-0.079186,0.025453,0.012635,0.140684,-0.025514,-0.023744,-0.125146,0.174482,-0.0,-0.078514,-0.0,0.0,0.0,-0.135423,-0.174482,0.0,-0.026796,0.0,0.0,0.0,0.0,0.0,-0.0,0.0,-0.0,0.0,-0.0,0.0,-0.0,0.001953,-0.004944,0.0,0.000194,0.0,0.000065,0.0,-0.000065,0.0,-0.000194,0.0,0.0,0.0,0.012207,
0.0,-0.006226,0.89224,-0.000066,0.0,1.570796,0.0,0.002569,0.000649,0.0,0.0,0.0,-0.079369,-0.024659,-0.006714,0.141418,-0.045193,0.024049,-0.079186,0.025453,0.012635,0.140684,-0.025423,-0.023744,-0.124963,0.174482,-0.0,-0.078349,0.0,0.0,0.0,-0.135055,-0.174482,0.0,-0.026796,0.0,0.0,0.0,-0.0,0.0,-0.0,0.0,-0.0,0.0,0.0,0.0,-0.0,0.001953,-0.004944,0.0,0.000194,0.0,0.000065,0.0,-0.000065,0.0,-0.000194,0.0,0.0,0.0,0.012207,
0.0,-0.0062,0.892246,-0.000066,0.0,1.570796,0.0,0.002569,0.000641,0.0,0.0,0.0,-0.079369,-0.024659,-0.006714,0.141419,-0.045092,0.024049,-0.079186,0.025453,0.012635,0.140684,-0.025331,-0.023744,-0.12478,0.174482,0.0,-0.078184,0.0,0.0,0.0,-0.134688,-0.174482,0.0,-0.026796,0.0,0.0,0.0,-0.0,0.0,0.0,-0.0,-0.0,0.0,0.0,0.0,0.0,0.001953,-0.004944,0.0,0.000194,0.0,0.000065,0.0,-0.000065,0.0,-0.000194,0.0,0.0,0.0,0.012207,
0.0,-0.006175,0.892253,-0.000066,0.0,1.570796,0.0,0.002569,0.000649,0.0,0.0,0.0,-0.079369,-0.024659,-0.006714,0.141418,-0.044991,0.024049,-0.079186,0.025453,0.012635,0.140684,-0.025239,-0.023744,-0.124596,0.174482,0.0,-0.078019,0.0,0.0,0.0,-0.134321,-0.174482,0.0,-0.026796,0.0,0.0,0.0,0.0,0.0,-0.0,0.0,-0.0,0.0,-0.0,0.0,-0.0,0.001953,-0.004944,0.0,0.000194,0.0,0.000065,0.0,-0.000065,0.0,-0.000194,0.0,0.0,0.0,0.012207,
0.0,-0.006149,0.892259,-0.000066,0.0,1.570796,0.0,0.002569,0.000641,0.0,0.0,0.0,-0.079369,-0.024659,-0.006714,0.141419,-0.04489,0.024049,-0.079186,0.025453,0.012635,0.140684,-0.025148,-0.023744,-0.124474,0.174482,0.0,-0.077903,-0.0,0.0,0.0,-0.134015,-0.174482,-0.0,-0.026796,0.0,0.0,0.0,0.0,0.0,-0.0,0.0,-0.0,0.0,0.0,0.0,0.0,0.001953,-0.004944,0.0,0.000194,0.0,0.000065,0.0,-0.000065,0.0,-0.000194,0.0,0.0,0.0,0.012269,
0.0,-0.006123,0.892266,-0.000066,0.0,1.570796,0.0,0.002569,0.000649,0.0,0.0,0.0,-0.079369,-0.024659,-0.006714,0.141419,-0.04479,0.024049,-0.079186,0.025453,0.012635,0.140684,-0.025056,-0.023744,-0.124382,0.174482,-0.0,-0.077811,0.0,0.0,0.0,-0.13374,-0.174482,-0.0,-0.026796,0.0,0.0,0.0,0.0,0.0,0.0,0.0,0.0,0.0,-0.0,0.0,0.0,0.001953,-0.004944,0.0,0.000194,0.0,0.000065,-0.0,-0.000065,0.0,-0.000194,0.0,0.0,0.0,0.01236,
0.0,-0.006098,0.892272,-0.000066,0.0,1.570796,0.0,0.002569,0.000649,0.0,0.0,0.0,-0.079369,-0.024659,-0.006714,0.141419,-0.044689,0.024049,-0.079186,0.025453,0.012635,0.140684,-0.024965,-0.023744,-0.12429,0.174482,0.0,-0.07772,0.0,0.0,0.0,-0.133465,-0.174482,0.0,-0.026796,0.0,0.0,0.0,0.0,0.0,0.0,0.0,0.0,0.0,-0.0,0.0,0.0,0.001953,-0.004944,0.0,0.000194,-0.0,0.000065,0.0,-0.000065,0.0,-0.000194,0.0,0.0,0.0,0.012452,
0.0,-0.006072,0.892277,-0.000066,0.0,1.570796,0.0,0.002555,0.00045,0.0,0.0,0.0,-0.079345,-0.024659,-0.006714,0.141418,-0.044622,0.024049,-0.079161,0.025453,0.012635,0.140684,-0.024904,-0.023744,-0.124229,0.174482,0.0,-0.077659,0.0,0.0,0.0,-0.13322,-0.174482,0.0,-0.026827,0.0,0.0,0.0,-0.0,0.0,-0.0,0.0,-0.0,0.0,-0.0,0.0,-0.0,0.001953,-0.004944,0.0,0.000194,0.0,0.000065,0.0,-0.000065,0.0,-0.000194,0.0,0.0,0.0,0.012531,
0.0,-0.006047,0.892277,-0.000066,0.0,1.570796,0.0,0.002528,0.000084,0.0,0.0,0.0,-0.079271,-0.024659,-0.006714,0.141419,-0.044622,0.024049,-0.079088,0.025453,0.012635,0.140684,-0.024904,-0.023744,-0.124229,0.174482,0.0,-0.077659,-0.0,0.0,-0.0,-0.133037,-0.174482,0.0,-0.026918,0.0,0.0,0.0,0.0,0.0,-0.0,0.0,0.0,0.0,0.0,-0.0,0.0,0.001953,-0.004944,0.0,0.000194,0.0,0.000065,0.0,-0.000065,0.0,-0.000194,0.0,0.0,0.0,0.012586,
0.0,-0.006021,0.892278,-0.000066,0.0,1.570796,0.0,0.002528,0.000076,0.0,0.0,0.0,-0.079198,-0.024659,-0.006714,0.141419,-0.044622,0.024049,-0.079015,0.025453,0.012635,0.140684,-0.024904,-0.023744,-0.124229,0.174482,0.0,-0.077659,-0.0,0.0,0.0,-0.132853,-0.174482,0.0,-0.02701,0.0,0.0,0.0,0.0,0.0,0.0,0.0,-0.0,0.0,-0.0,0.0,0.0,0.001953,-0.004944,0.0,0.000194,0.0,0.000065,0.0,-0.000065,0.0,-0.000194,0.0,0.0,0.0,0.012641,
0.0,-0.005996,0.892279,-0.000066,0.0,1.570796,0.0,0.002528,0.000076,0.0,0.0,0.0,-0.079125,-0.024659,-0.006714,0.141419,-0.044622,0.024049,-0.078941,0.025453,0.012635,0.140684,-0.024904,-0.023744,-0.124229,0.174482,0.0,-0.077659,0.0,0.0,0.0,-0.13267,-0.174482,0.0,-0.027101,0.0,0.0,0.0,0.0,0.0,-0.0,0.0,-0.0,-0.0,-0.0,0.0,-0.0,0.001953,-0.004944,0.0,0.000194,0.0,0.000065,0.0,-0.000065,0.0,-0.000194,0.0,0.0,0.0,0.012696,
0.0,-0.005976,0.892284,-0.000066,0.0,1.570796,0.0,0.002004,0.000519,0.0,0.0,0.0,-0.079125,-0.024659,-0.006714,0.141419,-0.044524,0.024049,-0.078941,0.025453,0.012635,0.140684,-0.024904,-0.023744,-0.124376,0.174482,0.0,-0.077659,0.0,0.0,0.0,-0.132523,-0.174482,0.0,-0.027101,-0.0,0.0,-0.0,-0.0,0.0,-0.0,0.0,-0.0,-0.0,-0.0,0.0,-0.0,0.001953,-0.004944,0.0,0.000194,0.0,0.000065,0.0,-0.000065,0.0,-0.000194,0.0,0.0,0.0,0.012806,
0.0,-0.005956,0.892289,-0.000066,0.0,1.570796,0.0,0.002004,0.000519,0.0,0.0,0.0,-0.079125,-0.024659,-0.006714,0.141419,-0.044426,0.024049,-0.078941,0.025453,0.012635,0.140684,-0.024904,-0.023744,-0.124523,0.174482,0.0,-0.077659,0.0,0.0,0.0,-0.132376,-0.174482,0.0,-0.027101,0.0,0.0,0.0,0.0,0.0,0.0,0.0,0.0,0.0,-0.0,0.0,0.0,0.001953,-0.004944,0.0,0.000194,0.0,0.000065,-0.0,-0.000065,0.0,-0.000194,0.0,0.0,0.0,0.012916,
0.0,-0.005936,0.892295,-0.000066,0.0,1.570796,0.0,0.002004,0.000511,0.0,0.0,0.0,-0.079125,-0.024659,-0.006714,0.141419,-0.044329,0.024049,-0.078941,0.025453,0.012635,0.140684,-0.024904,-0.023744,-0.124669,0.174482,-0.0,-0.077659,0.0,0.0,0.0,-0.132229,-0.174482,0.0,-0.027101,0.0,0.0,-0.0,0.0,0.0,0.0,0.0,-0.0,0.0,0.0,0.0,-0.0,0.001953,-0.004944,0.0,0.000194,0.0,0.000065,0.0,-0.000065,0.0,-0.000194,0.0,0.0,0.0,0.013025,
0.0,-0.005925,0.892301,-0.000066,0.0,1.570796,0.0,0.00112,0.000633,0.0,0.0,0.0,-0.079125,-0.024659,-0.006714,0.141419,-0.044231,0.024049,-0.078941,0.025453,0.012635,0.140684,-0.024904,-0.023744,-0.124865,0.174482,-0.0,-0.077781,0.0,0.0,0.0,-0.132119,-0.174482,0.0,-0.027101,0.0,0.0,0.0,0.0,0.0,0.0,0.0,-0.0,0.0,-0.0,0.0,-0.0,0.001953,-0.004944,0.0,0.000194,0.0,0.000065,0.0,-0.000065,0.0,-0.000194,0.0,0.0,0.0,0.013111,
0.0,-0.005918,0.892308,-0.000066,0.0,1.570796,0.0,0.000677,0.000679,0.0,0.0,0.0,-0.079125,-0.024659,-0.006714,0.141419,-0.044133,0.024049,-0.078941,0.025453,0.012635,0.140684,-0.024904,-0.023744,-0.125085,0.174482,-0.0,-0.077964,0.0,0.0,0.0,-0.132027,-0.174482,0.0,-0.027101,-0.0,0.0,-0.0,0.0,0.0,-0.0,0.0,-0.0,0.0,-0.0,0.0,0.0,0.001953,-0.004944,0.0,0.000194,0.0,0.000065,0.0,-0.000065,0.0,-0.000194,0.0,0.0,0.0,0.013184,
0.0,-0.005911,0.892314,-0.000066,0.0,1.570796,0.0,0.000677,0.000687,0.0,0.0,0.0,-0.079125,-0.024659,-0.006714,0.141419,-0.044036,0.024049,-0.078941,0.025453,0.012635,0.140684,-0.024904,-0.023744,-0.125306,0.174482,0.0,-0.078147,0.0,0.0,0.0,-0.131936,-0.174482,0.0,-0.027101,0.0,0.0,0.0,0.0,0.0,0.0,-0.0,0.0,-0.0,0.0,0.0,0.0,0.001953,-0.004944,0.0,0.000194,0.0,0.000065,0.0,-0.000065,0.0,-0.000194,0.0,0.0,0.0,0.013257,
0.0,-0.005909,0.892321,-0.000066,0.0,1.570796,0.0,0.000273,0.000618,0.0,0.0,0.0,-0.079125,-0.024659,-0.006714,0.141419,-0.043938,0.024049,-0.078941,0.025453,0.012635,0.140684,-0.024904,-0.023744,-0.125556,0.174482,0.0,-0.078331,-0.0,0.0,0.0,-0.131874,-0.174482,0.0,-0.027083,0.0,0.0,0.0,0.0,0.0,0.0,0.0,-0.0,0.0,0.0,0.0,0.0,0.001953,-0.004944,0.0,0.000194,0.0,0.000065,0.0,-0.000065,0.0,-0.000194,0.0,-0.0,0.0,0.013306,
0.0,-0.005914,0.892326,-0.000066,0.0,1.570796,0.0,-0.000537,0.000481,0.0,0.0,0.0,-0.079125,-0.024659,-0.006714,0.141419,-0.04384,0.024049,-0.078941,0.025453,0.012635,0.140684,-0.024904,-0.023744,-0.125868,0.174482,0.0,-0.078514,-0.0,0.0,0.0,-0.131874,-0.174482,0.0,-0.027028,0.0,0.0,0.0,-0.0,0.0,0.0,0.0,-0.0,0.0,-0.0,0.0,0.0,0.001953,-0.004944,0.0,0.000194,0.0,0.000065,0.0,-0.000065,0.0,-0.000194,0.0,0.0,0.0,0.013306,
0.0,-0.005919,0.89233,-0.000066,0.0,1.570796,0.0,-0.000537,0.000488,0.0,0.0,0.0,-0.079125,-0.024659,-0.006714,0.141418,-0.043743,0.024049,-0.078941,0.025453,0.012635,0.140684,-0.024904,-0.023744,-0.12618,0.174482,0.0,-0.078697,0.0,0.0,0.0,-0.131874,-0.174482,0.0,-0.026973,0.0,0.0,0.0,-0.0,0.0,0.0,0.0,-0.0,0.0,-0.0,0.0,0.0,0.001953,-0.004944,0.0,0.000194,0.0,0.000065,0.0,-0.000065,-0.0,-0.000194,0.0,-0.0,0.0,0.013306,
0.0,-0.005925,0.892335,-0.000066,0.0,1.570796,0.0,-0.000537,0.000481,0.0,0.0,0.0,-0.079125,-0.024659,-0.006714,0.141418,-0.043645,0.024049,-0.078941,0.025453,0.012635,0.140684,-0.024904,-0.023744,-0.126492,0.174482,-0.0,-0.07888,0.0,0.0,0.0,-0.131874,-0.174482,0.0,-0.026918,0.0,0.0,0.0,0.0,0.0,-0.0,0.0,-0.0,0.0,-0.0,0.0,-0.0,0.001953,-0.004944,0.0,0.000194,0.0,0.000065,0.0,-0.000065,-0.0,-0.000194,0.0,-0.0,0.0,0.013306,
0.0,-0.005934,0.892333,-0.000066,0.0,1.570796,0.0,-0.000928,-0.000237,0.0,0.0,0.0,-0.079125,-0.024659,-0.006714,0.141419,-0.043645,0.024049,-0.078941,0.025453,0.012635,0.140684,-0.024721,-0.023744,-0.12673,0.174482,0.0,-0.079027,0.0,0.0,0.0,-0.131783,-0.174482,-0.0,-0.026918,-0.0,0.0,0.0,-0.0,0.0,0.0,0.0,-0.0,0.0,0.0,0.0,-0.0,0.001953,-0.004944,0.0,0.000194,0.0,0.000065,0.0,-0.000065,0.0,-0.000194,0.0,0.0,0.0,0.013306,
0.0,-0.005943,0.892331,-0.000066,0.0,1.570796,0.0,-0.000928,-0.000229,0.0,0.0,0.0,-0.079125,-0.024659,-0.006714,0.141419,-0.043645,0.024049,-0.078941,0.025453,0.012635,0.140684,-0.024538,-0.023744,-0.126969,0.174482,0.0,-0.079173,0.0,0.0,0.0,-0.131691,-0.174482,0.0,-0.026918,0.0,0.0,0.0,0.0,0.0,0.0,0.0,0.0,0.0,0.0,0.0,0.0,0.001953,-0.004944,0.0,0.000194,0.0,0.000065,0.0,-0.000065,-0.0,-0.000194,0.0,-0.0,0.0,0.013306,
0.0,-0.005953,0.892328,-0.000066,0.0,1.570796,0.0,-0.000928,-0.000237,0.0,0.0,0.0,-0.079125,-0.024659,-0.006714,0.141419,-0.043645,0.024049,-0.078941,0.025453,0.012635,0.140684,-0.024354,-0.023744,-0.127208,0.174482,-0.0,-0.07932,-0.0,0.0,0.0,-0.131599,-0.174482,0.0,-0.026918,-0.0,0.0,0.0,0.0,0.0,0.0,0.0,-0.0,0.0,0.0,0.0,0.0,0.001953,-0.004944,0.0,0.000194,0.0,0.000065,0.0,-0.000065,0.0,-0.000194,0.0,-0.0,0.0,0.013306,
0.0,-0.005964,0.892321,-0.000066,0.0,1.570796,0.0,-0.001115,-0.000679,0.0,0.0,0.0,-0.079125,-0.024659,-0.006714,0.141419,-0.043645,0.024049,-0.078941,0.025453,0.012635,0.140684,-0.024281,-0.023744,-0.127409,0.174482,0.0,-0.079454,0.0,0.0,0.0,-0.131569,-0.174482,0.0,-0.026918,-0.0,0.0,0.0,-0.0,0.0,-0.0,0.0,-0.0,0.0,0.0,0.0,0.0,0.001953,-0.004944,0.0,0.000194,0.0,0.000065,0.0,-0.000065,0.0,-0.000194,0.0,-0.0,0.0,0.013306,
0.0,-0.005976,0.892312,-0.000066,0.0,1.570796,0.0,-0.001209,-0.0009,0.0,0.0,0.0,-0.079125,-0.024659,-0.006714,0.141419,-0.043645,0.024049,-0.078941,0.025453,0.012635,0.140684,-0.024263,-0.023744,-0.127593,0.174482,0.0,-0.079583,0.0,0.0,0.0,-0.131569,-0.174482,0.0,-0.026918,0.0,0.0,0.0,0.0,0.0,0.0,0.0,0.0,0.0,0.0,0.0,-0.0,0.001953,-0.004944,0.0,0.000194,-0.0,0.000065,0.0,-0.000065,0.0,-0.000194,0.0,-0.0,0.0,0.013306,
0.0,-0.005988,0.892303,-0.000066,0.0,1.570796,0.0,-0.001209,-0.0009,0.0,0.0,0.0,-0.079125,-0.024659,-0.006714,0.141419,-0.043645,0.024049,-0.078941,0.025453,0.012635,0.140684,-0.024244,-0.023744,-0.127776,0.174482,0.0,-0.079711,0.0,0.0,0.0,-0.131569,-0.174482,0.0,-0.026918,0.0,0.0,0.0,-0.0,0.0,0.0,0.0,0.0,0.0,0.0,0.0,0.0,0.001953,-0.004944,0.0,0.000194,-0.0,0.000065,0.0,-0.000065,0.0,-0.000194,0.0,-0.0,0.0,0.013306,
0.0,-0.006001,0.892292,-0.000066,0.0,1.570796,0.0,-0.001329,-0.001175,0.0,0.0,0.0,-0.079125,-0.024659,-0.00669,0.141419,-0.043645,0.024049,-0.078941,0.025453,0.012635,0.140684,-0.024226,-0.023744,-0.127935,0.174482,0.0,-0.079821,0.0,0.0,0.0,-0.131532,-0.174482,0.0,-0.026918,0.0,0.0,0.0,0.0,0.0,0.0,0.0,0.0,0.0,-0.0,0.0,-0.0,0.001953,-0.004944,0.0,0.000194,0.0,0.000065,0.0,-0.000065,0.0,-0.000194,0.0,0.0,0.0,0.013288,
0.0,-0.006017,0.892274,-0.000066,0.0,1.570796,0.0,-0.001568,-0.001732,0.0,0.0,0.0,-0.079125,-0.024659,-0.006616,0.141419,-0.043645,0.024049,-0.078941,0.025453,0.012635,0.140684,-0.024208,-0.023744,-0.128045,0.174482,0.0,-0.079894,0.0,-0.0,0.0,-0.131422,-0.174482,0.0,-0.026918,-0.0,0.0,-0.0,-0.0,-0.0,-0.0,0.0,-0.0,0.0,0.0,0.0,0.0,0.001953,-0.004944,0.0,0.000194,0.0,0.000065,0.0,-0.000065,0.0,-0.000194,0.0,-0.0,0.0,0.013233,
0.0,-0.006033,0.892257,-0.000066,0.0,1.570796,0.0,-0.001568,-0.001724,0.0,0.0,0.0,-0.079125,-0.024659,-0.006543,0.141419,-0.043645,0.024049,-0.078941,0.025453,0.012635,0.140684,-0.02419,-0.023744,-0.128156,0.174482,0.0,-0.079968,-0.0,0.0,0.0,-0.131312,-0.174482,-0.0,-0.026918,-0.0,0.0,0.0,0.0,0.0,-0.0,0.0,-0.0,0.0,-0.0,0.0,0.0,0.001953,-0.004944,0.0,0.000194,0.0,0.000065,-0.0,-0.000065,0.0,-0.000194,0.0,0.0,0.0,0.013178,
0.0,-0.006048,0.89224,-0.000066,0.0,1.570796,0.0,-0.001568,-0.001724,0.0,0.0,0.0,-0.079125,-0.024659,-0.00647,0.141419,-0.043645,0.024049,-0.078941,0.025453,0.012635,0.140684,-0.024171,-0.023744,-0.128266,0.174482,0.0,-0.080041,0.0,0.0,0.0,-0.131202,-0.174482,-0.0,-0.026918,0.0,0.0,0.0,0.0,0.0,0.0,-0.0,-0.0,0.0,0.0,0.0,0.0,0.001953,-0.004944,-0.0,0.000194,0.0,0.000065,0.0,-0.000065,0.0,-0.000194,0.0,0.0,0.0,0.013123,
0.0,-0.006053,0.892211,-0.000066,0.0,1.570796,0.0,-0.000466,-0.002876,0.0,0.0,0.0,-0.079125,-0.024659,-0.00647,0.141419,-0.043773,0.024049,-0.078941,0.025453,0.012635,0.140684,-0.024153,-0.023744,-0.128266,0.174482,0.0,-0.080041,0.0,0.0,0.0,-0.130981,-0.174482,0.0,-0.026849,0.0,0.0,0.0,-0.0,0.0,-0.0,0.0,-0.0,0.0,-0.0,0.0,-0.0,0.001953,-0.004944,0.0,0.000194,0.0,0.000065,0.0,-0.000065,0.0,-0.000194,0.0,0.0,0.0,0.013013,
0.0,-0.006058,0.892182,-0.000066,0.0,1.570796,0.0,-0.000466,-0.002876,0.0,0.0,0.0,-0.079125,-0.024659,-0.00647,0.141419,-0.043901,0.024049,-0.078941,0.025453,0.012635,0.140684,-0.024135,-0.023744,-0.128266,0.174482,-0.0,-0.080041,-0.0,0.0,0.0,-0.130761,-0.174482,0.0,-0.026781,0.0,0.0,0.0,0.0,0.0,-0.0,-0.0,0.0,0.0,-0.0,0.0,-0.0,0.001953,-0.004944,0.0,0.000194,0.0,0.000065,0.0,-0.000065,0.0,-0.000194,0.0,0.0,0.0,0.012903,
0.0,-0.006062,0.892154,-0.000066,0.0,1.570796,0.0,-0.000466,-0.002869,0.0,0.0,0.0,-0.079125,-0.024659,-0.00647,0.141419,-0.04403,0.024049,-0.078941,0.025453,0.012635,0.140684,-0.024116,-0.023744,-0.128266,0.174482,0.0,-0.080041,0.0,0.0,0.0,-0.130541,-0.174482,0.0,-0.026712,0.0,-0.0,-0.0,0.0,0.0,0.0,0.0,0.0,0.0,-0.0,0.0,0.0,0.001953,-0.004944,0.0,0.000194,0.0,0.000065,0.0,-0.000065,0.0,-0.000194,0.0,0.0,0.0,0.012793,
0.0,-0.006078,0.892108,-0.000066,0.0,1.570796,0.0,-0.001606,-0.004601,0.0,0.0,0.0,-0.079125,-0.024659,-0.006421,0.141419,-0.044158,0.024049,-0.078941,0.025453,0.012635,0.140684,-0.024098,-0.023744,-0.12818,0.174482,0.0,-0.079974,-0.0,0.0,0.0,-0.13026,-0.174482,0.0,-0.026643,0.0,0.0,0.0,0.0,0.0,-0.0,0.0,-0.0,0.0,-0.0,0.0,0.0,0.001953,-0.004944,0.0,0.000194,0.0,0.000065,0.0,-0.000065,0.0,-0.000194,0.0,0.0,0.0,0.01272,
0.0,-0.0061,0.892053,-0.000066,0.0,1.570796,0.0,-0.002177,-0.005455,0.0,0.0,0.0,-0.079125,-0.024659,-0.006348,0.141419,-0.044286,0.024049,-0.078941,0.025453,0.012635,0.140684,-0.02408,-0.023744,-0.128052,0.174482,0.0,-0.079873,0.0,0.0,0.0,-0.129948,-0.174482,0.0,-0.026575,0.0,0.0,0.0,0.0,0.0,-0.0,0.0,0.0,0.0,-0.0,0.0,0.0,0.001953,-0.004944,0.0,0.000194,0.0,0.000065,0.0,-0.000065,0.0,-0.000194,0.0,0.0,0.0,0.012665,
0.0,-0.006122,0.891999,-0.000066,0.0,1.570796,0.0,-0.002177,-0.005455,0.0,0.0,0.0,-0.079125,-0.024659,-0.006275,0.141419,-0.044414,0.024049,-0.078941,0.025453,0.012635,0.140684,-0.024061,-0.023744,-0.127923,0.174482,0.0,-0.079772,-0.0,0.0,0.0,-0.129636,-0.174482,0.0,-0.026506,0.0,0.0,0.0,0.0,0.0,-0.0,0.0,0.0,0.0,0.0,0.0,0.0,0.001953,-0.004944,0.0,0.000194,0.0,0.000065,0.0,-0.000065,0.0,-0.000194,0.0,-0.0,0.0,0.01261,
0.0,-0.006146,0.891938,-0.000066,0.0,1.570796,0.0,-0.002392,-0.006066,0.0,0.0,0.0,-0.079149,-0.024659,-0.006226,0.141419,-0.0445,0.024049,-0.078966,0.025453,0.012635,0.140684,-0.024013,-0.023744,-0.127813,0.174482,0.0,-0.079671,-0.0,0.0,0.0,-0.129275,-0.174482,0.0,-0.026437,0.0,0.0,0.0,0.0,0.0,0.0,0.0,-0.0,0.0,0.0,0.0,-0.0,0.001953,-0.004944,0.0,0.000194,0.0,0.000065,0.0,-0.000065,0.0,-0.000194,0.0,0.0,0.0,0.012574,
0.0,-0.006174,0.891865,-0.000066,0.0,1.570796,0.0,-0.002823,-0.007279,0.0,0.0,0.0,-0.079222,-0.024659,-0.006226,0.141419,-0.0445,0.024049,-0.079039,0.025453,0.012635,0.140684,-0.023903,-0.023744,-0.12774,0.174482,0.0,-0.079571,0.0,0.0,0.0,-0.128816,-0.174482,0.0,-0.026369,0.0,0.0,0.0,-0.0,0.0,-0.0,0.0,-0.0,0.0,0.0,0.0,-0.0,0.001953,-0.004944,0.0,0.000194,0.0,0.000065,0.0,-0.000065,0.0,-0.000194,0.0,0.0,0.0,0.012574,
0.0,-0.006202,0.891792,-0.000066,0.0,1.570796,0.0,-0.002823,-0.007271,0.0,0.0,0.0,-0.079296,-0.024659,-0.006226,0.141419,-0.0445,0.024049,-0.079112,0.025453,0.012635,0.140684,-0.023793,-0.023744,-0.127666,0.174482,0.0,-0.07947,0.0,0.0,0.0,-0.128357,-0.174482,-0.0,-0.0263,0.0,0.0,0.0,-0.0,0.0,0.0,0.0,-0.0,0.0,0.0,0.0,0.0,0.001953,-0.004944,0.0,0.000194,0.0,0.000065,0.0,-0.000065,0.0,-0.000194,0.0,0.0,0.0,0.012574,
0.0,-0.00623,0.89172,-0.000066,0.0,1.570796,0.0,-0.002823,-0.007279,0.0,0.0,0.0,-0.079369,-0.024659,-0.006226,0.141419,-0.0445,0.024049,-0.079186,0.025453,0.012635,0.140684,-0.023683,-0.023744,-0.127593,0.174482,0.0,-0.079369,0.0,0.0,0.0,-0.127899,-0.174482,0.0,-0.026231,0.0,0.0,0.0,0.0,0.0,0.0,0.0,0.0,0.0,-0.0,0.0,-0.0,0.001953,-0.004944,0.0,0.000194,0.0,0.000065,0.0,-0.000065,0.0,-0.000194,0.0,0.0,0.0,0.012574,
0.0,-0.0062,0.891689,-0.000066,0.0,1.570796,0.0,0.003062,-0.003036,0.0,0.0,0.0,-0.079369,-0.024659,-0.006171,0.141419,-0.044774,0.024049,-0.079186,0.025453,0.012635,0.140684,-0.023646,-0.023744,-0.127428,0.174482,0.0,-0.079277,-0.0,-0.0,0.0,-0.127367,-0.174482,0.0,-0.026163,0.0,0.0,-0.0,0.0,-0.0,-0.0,0.0,-0.0,0.0,-0.0,0.0,0.0,0.001953,-0.004944,0.0,0.000194,-0.0,0.000065,0.0,-0.000065,-0.0,-0.000194,0.0,0.0,0.0,0.012867,
0.0,-0.006169,0.891659,-0.000066,0.0,1.570796,0.0,0.003062,-0.003036,0.0,0.0,0.0,-0.079369,-0.024659,-0.006116,0.141419,-0.045049,0.024049,-0.079186,0.025453,0.012635,0.140684,-0.02361,-0.023744,-0.127263,0.174482,-0.0,-0.079186,0.0,0.0,0.0,-0.126835,-0.174482,0.0,-0.026094,0.0,0.0,0.0,0.0,0.0,-0.0,0.0,-0.0,0.0,0.0,0.0,0.0,0.001953,-0.004944,0.0,0.000194,-0.0,0.000065,0.0,-0.000065,0.0,-0.000194,0.0,-0.0,0.0,0.01316,
0.0,-0.006139,0.891629,-0.000066,0.0,1.570796,0.0,0.003062,-0.003029,0.0,0.0,0.0,-0.079369,-0.024659,-0.006061,0.141419,-0.045324,0.024049,-0.079186,0.025453,0.012635,0.140684,-0.023573,-0.023744,-0.127097,0.174482,-0.0,-0.079094,0.0,0.0,0.0,-0.126302,-0.174482,0.0,-0.026025,0.0,0.0,0.0,-0.0,0.0,0.0,0.0,0.0,-0.0,0.0,0.0,0.0,0.001953,-0.004944,0.0,0.000194,0.0,0.000065,0.0,-0.000065,0.0,-0.000194,0.0,0.0,0.0,0.013453,
0.0,-0.006086,0.891602,-0.000066,0.0,1.570796,0.0,0.005254,-0.00267,0.0,0.0,0.0,-0.079296,-0.024659,-0.006033,0.141419,-0.045599,0.024049,-0.079119,0.025453,0.012635,0.140684,-0.023536,-0.023744,-0.126945,0.174482,0.0,-0.079064,0.0,0.0,0.0,-0.125685,-0.174482,0.0,-0.025941,0.0,0.0,0.0,0.0,0.0,0.0,0.0,0.0,0.0,0.0,0.0,0.0,0.001953,-0.004944,0.0,0.000194,0.0,0.000065,0.0,-0.000065,0.0,-0.000194,0.0,0.0,0.0,0.01355,
0.0,-0.006023,0.891577,-0.000066,0.0,1.570796,0.0,0.00635,-0.002479,0.0,0.0,0.0,-0.079186,-0.024659,-0.006018,0.141419,-0.045873,0.024049,-0.079018,0.025453,0.012635,0.140684,-0.0235,-0.023744,-0.126798,0.174482,0.0,-0.079064,0.0,0.0,0.0,-0.125024,-0.174482,0.0,-0.02585,0.0,0.0,0.0,-0.0,0.0,0.0,0.0,0.0,0.0,-0.0,0.0,0.0,0.001953,-0.004944,0.0,0.000194,0.0,0.000065,0.0,-0.000065,0.0,-0.000194,0.0,0.0,0.0,0.01355,
0.0,-0.005959,0.891552,-0.000066,0.0,1.570796,0.0,0.00635,-0.002479,0.0,0.0,0.0,-0.079076,-0.024659,-0.006004,0.141419,-0.046148,0.024049,-0.078917,0.025453,0.012635,0.140684,-0.023463,-0.023744,-0.126651,0.174482,0.0,-0.079064,0.0,0.0,0.0,-0.124364,-0.174482,0.0,-0.025758,0.0,0.0,0.0,0.0,0.0,0.0,0.0,0.0,-0.0,-0.0,0.0,-0.0,0.001953,-0.004944,0.0,0.000194,0.0,0.000065,0.0,-0.000065,0.0,-0.000194,0.0,0.0,0.0,0.01355,
0.0,-0.005886,0.891528,-0.000066,0.0,1.570796,0.0,0.007259,-0.002441,0.0,0.0,0.0,-0.078966,-0.024659,-0.005989,0.141419,-0.046435,0.024049,-0.078816,0.025453,0.012635,0.140684,-0.023494,-0.023744,-0.126535,0.174482,0.0,-0.079045,0.0,0.0,0.0,-0.123685,-0.174482,0.0,-0.025652,0.0,0.0,0.0,0.0,0.0,-0.0,0.0,-0.0,0.0,-0.0,0.0,0.0,0.001953,-0.004944,0.0,0.000194,0.0,0.000065,0.0,-0.000065,0.0,-0.000194,0.0,0.0,0.0,0.013495,
0.0,-0.005796,0.891504,-0.000066,0.0,1.570796,0.0,0.009077,-0.002372,0.0,0.0,0.0,-0.078856,-0.024659,-0.005974,0.141419,-0.046746,0.024049,-0.078715,0.025453,0.012635,0.140684,-0.023658,-0.023744,-0.12648,0.174482,0.0,-0.07899,0.0,0.0,0.0,-0.122969,-0.174482,0.0,-0.025514,0.0,0.0,0.0,0.0,0.0,0.0,0.0,0.0,0.0,0.0,0.0,0.0,0.001953,-0.004944,0.0,0.000194,-0.0,0.000065,0.0,-0.000065,0.0,-0.000194,0.0,0.0,0.0,0.013331,
0.0,-0.005705,0.89148,-0.000066,0.0,1.570796,0.0,0.009077,-0.002365,0.0,0.0,0.0,-0.078746,-0.024659,-0.00596,0.141419,-0.047058,0.024049,-0.078615,0.025453,0.012635,0.140684,-0.023823,-0.023744,-0.126425,0.174482,0.0,-0.078935,0.0,0.0,0.0,-0.122254,-0.174482,0.0,-0.025377,0.0,-0.0,0.0,0.0,0.0,0.0,0.0,0.0,0.0,0.0,0.0,0.0,0.001953,-0.004944,0.0,0.000194,0.0,0.000065,0.0,-0.000065,0.0,-0.000194,0.0,0.0,0.0,0.013166,
0.0,-0.005614,0.891457,-0.000066,0.0,1.570796,0.0,0.009077,-0.002372,0.0,0.0,0.0,-0.078636,-0.024659,-0.005945,0.141419,-0.047369,0.024049,-0.078514,0.025453,0.012635,0.140684,-0.023988,-0.023744,-0.12637,0.174482,0.0,-0.07888,0.0,0.0,0.0,-0.121538,-0.174482,0.0,-0.025239,0.0,0.0,0.0,-0.0,0.0,-0.0,0.0,0.0,0.0,0.0,0.0,0.0,0.001953,-0.004944,0.0,0.000194,0.0,0.000065,0.0,-0.000065,0.0,-0.000194,0.0,0.0,0.0,0.013001,
0.0,-0.005503,0.891437,-0.000066,0.0,1.570796,0.0,0.011076,-0.00196,0.0,0.0,0.0,-0.078508,-0.024659,-0.00593,0.141419,-0.047681,0.024049,-0.078386,0.025453,0.012635,0.140684,-0.024263,-0.023744,-0.126516,0.174482,-0.0,-0.079009,0.0,0.0,0.0,-0.120878,-0.174482,0.0,-0.025102,-0.0,0.0,-0.0,-0.0,0.0,0.0,0.0,0.0,0.0,0.0,0.0,-0.0,0.001953,-0.004944,0.0,0.000194,0.0,0.000065,0.0,-0.000065,0.0,-0.000194,0.0,0.0,0.0,0.013001,
0.0,-0.005393,0.891418,-0.000066,0.0,1.570796,0.0,0.011076,-0.00196,0.0,0.0,0.0,-0.078379,-0.024659,-0.005916,0.141419,-0.047992,0.024049,-0.078257,0.025453,0.012635,0.140684,-0.024537,-0.023744,-0.126663,0.174482,0.0,-0.079137,0.0,-0.0,-0.0,-0.120218,-0.174482,0.0,-0.024965,0.0,0.0,0.0,-0.0,-0.0,0.0,0.0,-0.0,0.0,-0.0,0.0,0.0,0.001953,-0.004944,0.0,0.000194,0.0,0.000065,0.0,-0.000065,0.0,-0.000194,0.0,0.0,0.0,0.013001,
0.0,-0.005282,0.891398,-0.000066,0.0,1.570796,0.0,0.011076,-0.001952,0.0,0.0,0.0,-0.078251,-0.024659,-0.005901,0.141419,-0.048303,0.024049,-0.078129,0.025453,0.012635,0.140684,-0.024812,-0.023744,-0.12681,0.174482,0.0,-0.079265,0.0,0.0,0.0,-0.119557,-0.174482,0.0,-0.024827,0.0,0.0,0.0,0.0,0.0,0.0,0.0,-0.0,0.0,-0.0,0.0,-0.0,0.001953,-0.004944,0.0,0.000194,0.0,0.000065,0.0,-0.000065,0.0,-0.000194,0.0,0.0,0.0,0.013001,
0.0,-0.005117,0.891387,-0.000066,0.0,1.570796,0.0,0.01653,-0.001059,0.0,0.0,0.0,-0.078074,-0.024659,-0.005886,0.141419,-0.048615,0.024049,-0.07794,0.025453,0.012635,0.140684,-0.025136,-0.023744,-0.12692,0.174482,0.0,-0.079357,0.0,0.0,0.0,-0.118799,-0.174482,0.0,-0.024586,0.0,0.0,0.0,0.0,0.0,0.0,0.0,-0.0,0.0,-0.0,0.0,-0.0,0.001953,-0.004944,0.0,0.000194,-0.0,0.000065,0.0,-0.000065,0.0,-0.000194,0.0,0.0,0.0,0.013001,
-0.0,-0.004924,0.891381,-0.000066,0.0,1.570796,-0.0,0.019257,-0.000601,0.0,0.0,0.0,-0.077872,-0.024659,-0.005872,0.141419,-0.048926,0.024049,-0.07772,0.025453,0.012635,0.140684,-0.025484,-0.023744,-0.127012,0.174482,0.0,-0.07943,0.0,0.0,0.0,-0.117992,-0.174482,0.0,-0.024293,0.0,0.0,0.0,-0.0,0.0,0.0,0.0,-0.0,0.0,-0.0,0.0,-0.0,0.001953,-0.004944,0.0,0.000194,0.0,0.000065,0.0,-0.000065,0.0,-0.000194,0.0,0.0,0.0,0.013001,
-0.0,-0.004731,0.891375,-0.000066,0.0,1.570796,0.0,0.019257,-0.000601,0.0,0.0,0.0,-0.077671,-0.024659,-0.005857,0.141419,-0.049237,0.024049,-0.0775,0.025453,0.012635,0.140684,-0.025832,-0.023744,-0.127104,0.174482,0.0,-0.079503,-0.0,0.0,-0.0,-0.117185,-0.174482,0.0,-0.024,0.0,0.0,0.0,0.0,0.0,-0.0,0.0,0.0,0.0,0.0,0.0,0.0,0.001953,-0.004944,0.0,0.000194,0.0,0.000065,0.0,-0.000065,0.0,-0.000194,0.0,0.0,0.0,0.013001,
0.0,-0.004505,0.891373,-0.000066,0.0,1.570796,0.0,0.022654,-0.000288,0.0,0.0,0.0,-0.07742,-0.024659,-0.005842,0.141419,-0.049521,0.024049,-0.077243,0.025453,0.012635,0.140684,-0.02618,-0.023744,-0.127165,0.174482,0.0,-0.079552,0.0,0.0,0.0,-0.116305,-0.174482,0.0,-0.023677,0.0,0.0,0.0,0.0,0.0,0.0,0.0,0.0,0.0,-0.0,0.0,0.0,0.001953,-0.004944,0.0,0.000194,0.0,0.000065,0.0,-0.000065,0.0,-0.000194,0.0,0.0,0.0,0.013068,
0.0,-0.00421,0.891376,-0.000066,0.0,1.570796,0.0,0.029449,0.000361,0.0,0.0,0.0,-0.077072,-0.024659,-0.005828,0.141419,-0.04975,0.024049,-0.076913,0.025453,0.012635,0.140684,-0.026527,-0.023744,-0.127165,0.174482,0.0,-0.079552,0.0,0.0,-0.0,-0.115277,-0.174482,0.0,-0.023292,0.0,0.0,0.0,-0.0,0.0,-0.0,0.0,-0.0,0.0,0.0,0.0,0.0,0.001953,-0.004944,0.0,0.000194,0.0,0.000065,0.0,-0.000065,0.0,-0.000194,0.0,0.0,0.0,0.01327,
0.0,-0.003916,0.89138,-0.000066,0.0,1.570796,0.0,0.029449,0.000353,0.0,0.0,0.0,-0.076724,-0.024659,-0.005813,0.141419,-0.049979,0.024049,-0.076584,0.025453,0.012635,0.140684,-0.026875,-0.023744,-0.127165,0.174482,0.0,-0.079552,0.0,0.0,0.0,-0.11425,-0.174482,0.0,-0.022908,0.0,0.0,0.0,0.0,0.0,0.0,0.0,-0.0,-0.0,0.0,0.0,0.0,0.001953,-0.004944,0.0,0.000194,-0.0,0.000065,0.0,-0.000065,0.0,-0.000194,0.0,-0.0,0.0,0.013471,
0.0,-0.003621,0.891383,-0.000066,0.0,1.570796,0.0,0.029448,0.000361,0.0,0.0,0.0,-0.076376,-0.024659,-0.005799,0.141419,-0.050208,0.024049,-0.076254,0.025453,0.012635,0.140684,-0.027223,-0.023744,-0.127165,0.174482,-0.0,-0.079552,0.0,0.0,0.0,-0.113223,-0.174482,0.0,-0.022523,0.0,0.0,0.0,-0.0,0.0,0.0,0.0,0.0,0.0,0.0,0.0,0.0,0.001953,-0.004944,0.0,0.000194,0.0,0.000065,-0.0,-0.000065,0.0,-0.000194,0.0,0.0,0.0,0.013672,
0.0,-0.003247,0.891367,-0.000066,0.0,1.570796,0.0,0.037476,-0.001592,0.0,0.0,0.0,-0.075954,-0.024659,-0.005707,0.141419,-0.050437,0.024049,-0.075832,0.025453,0.012635,0.140684,-0.027571,-0.023744,-0.127165,0.174482,0.0,-0.079552,0.0,0.0,0.0,-0.112178,-0.174482,0.0,-0.022194,0.0,0.0,0.0,0.0,0.0,0.0,0.0,0.0,0.0,0.0,0.0,0.0,0.001953,-0.004944,0.0,0.000194,0.0,0.000065,0.0,-0.000065,0.0,-0.000194,0.0,0.0,0.0,0.013672,
0.0,-0.002872,0.891351,-0.000066,0.0,1.570796,0.0,0.037477,-0.001592,0.0,0.0,0.0,-0.075533,-0.024659,-0.005615,0.141419,-0.050666,0.024049,-0.075411,0.025453,0.012635,0.140684,-0.027919,-0.023744,-0.127165,0.174482,0.0,-0.079552,0.0,0.0,0.0,-0.111132,-0.174482,0.0,-0.021864,0.0,0.0,0.0,0.0,0.0,0.0,0.0,0.0,0.0,0.0,0.0,0.0,0.001953,-0.004944,0.0,0.000194,-0.0,0.000065,0.0,-0.000065,0.0,-0.000194,0.0,0.0,0.0,0.013672,
0.0,-0.002497,0.891335,-0.000066,0.0,1.570796,0.0,0.037476,-0.001592,0.0,0.0,0.0,-0.075112,-0.024659,-0.005524,0.141419,-0.050895,0.024049,-0.074989,0.025453,0.012635,0.140684,-0.028267,-0.023744,-0.127165,0.174482,0.0,-0.079552,0.0,0.0,0.0,-0.110087,-0.174482,0.0,-0.021534,-0.0,0.0,0.0,0.0,0.0,0.0,0.0,0.0,0.0,0.0,0.0,0.0,0.001953,-0.004944,0.0,0.000194,0.0,0.000065,0.0,-0.000065,0.0,-0.000194,0.0,0.0,0.0,0.013672,
0.0,-0.002095,0.891311,-0.000066,0.0,1.570796,0.0,0.040236,-0.002485,0.0,0.0,0.0,-0.074653,-0.024659,-0.005493,0.141419,-0.051244,0.024049,-0.074531,0.025453,0.012635,0.140684,-0.02881,-0.023744,-0.127226,0.174482,-0.0,-0.079552,-0.0,-0.0,-0.0,-0.109103,-0.174482,0.0,-0.021278,0.0,0.0,0.0,0.0,-0.0,0.0,0.0,0.0,0.0,0.0,0.0,0.0,0.001953,-0.004944,0.0,0.000194,0.0,0.000065,0.0,-0.000065,0.0,-0.000194,0.0,0.0,0.0,0.013624,
0.0,-0.001679,0.891281,-0.000066,0.0,1.570796,0.0,0.041616,-0.002919,0.0,0.0,0.0,-0.074177,-0.024659,-0.005493,0.141419,-0.051653,0.024049,-0.074055,0.025453,0.012635,0.140684,-0.029451,-0.023744,-0.127318,0.174482,-0.0,-0.079552,0.0,0.0,0.0,-0.108149,-0.174482,0.0,-0.021058,0.0,0.0,0.0,0.0,0.0,0.0,0.0,0.0,0.0,0.0,0.0,-0.0,0.001953,-0.004944,0.0,0.000194,0.0,0.000065,0.0,-0.000065,0.0,-0.000194,0.0,-0.0,0.0,0.01355,
0.0,-0.001262,0.891252,-0.000066,0.0,1.570796,0.0,0.041616,-0.002927,0.0,0.0,0.0,-0.073701,-0.024659,-0.005493,0.141419,-0.052062,0.024049,-0.073578,0.025453,0.012635,0.140684,-0.030092,-0.023744,-0.127409,0.174482,0.0,-0.079552,-0.0,0.0,0.0,-0.107196,-0.174482,0.0,-0.020838,0.0,0.0,0.0,0.0,0.0,-0.0,0.0,0.0,0.0,-0.0,0.0,0.0,0.001953,-0.004944,0.0,0.000194,0.0,0.000065,0.0,-0.000065,0.0,-0.000194,0.0,-0.0,0.0,0.013477,
0.0,-0.00083,0.891219,-0.000066,0.0,1.570796,0.0,0.043228,-0.003324,0.0,0.0,0.0,-0.073212,-0.024659,-0.005458,0.141394,-0.052471,0.024049,-0.07309,0.025453,0.012635,0.140684,-0.030773,-0.023768,-0.127556,0.174482,-0.0,-0.079583,0.0,0.0,0.0,-0.106279,-0.174482,0.0,-0.020649,-0.0,0.0,0.0,0.0,0.0,-0.0,0.0,0.0,0.0,-0.0,0.0,0.0,0.001953,-0.004944,0.0,0.000194,0.0,0.000065,0.0,-0.000065,0.0,-0.000194,0.0,0.0,0.0,0.013398,
0.0,-0.000366,0.891178,-0.000066,0.0,1.570796,0.0,0.046454,-0.004132,0.0,0.0,0.0,-0.072699,-0.024659,-0.005353,0.141321,-0.05288,0.024049,-0.072577,0.025453,0.012635,0.140684,-0.031533,-0.023842,-0.127813,0.174482,0.0,-0.079674,-0.0,0.0,0.0,-0.105435,-0.174482,0.0,-0.020521,0.0,0.0,0.0,0.0,0.0,-0.0,0.0,0.0,0.0,0.0,-0.0,0.0,0.001953,-0.004944,0.0,0.000194,0.0,0.000065,0.0,-0.000065,0.0,-0.000194,0.0,0.0,0.0,0.013306,
0.0,0.000099,0.891136,-0.000066,0.0,1.570796,0.0,0.046454,-0.004124,0.0,0.0,0.0,-0.072186,-0.024659,-0.005248,0.141247,-0.05329,0.024049,-0.072064,0.025453,0.012635,0.140684,-0.032293,-0.023915,-0.12807,0.174482,0.0,-0.079766,0.0,0.0,0.0,-0.104592,-0.174482,0.0,-0.020393,0.0,0.0,0.0,-0.0,0.0,-0.0,0.0,0.0,-0.0,-0.0,0.0,-0.0,0.001953,-0.004944,0.0,0.000194,0.0,0.000065,-0.0,-0.000065,0.0,-0.000194,0.0,0.0,0.0,0.013215,
0.0,0.000563,0.891095,-0.000066,0.0,1.570796,0.0,0.046454,-0.004124,0.0,0.0,0.0,-0.071673,-0.024659,-0.005142,0.141174,-0.053699,0.024049,-0.071551,0.025453,0.012635,0.140684,-0.033053,-0.023988,-0.128327,0.174482,0.0,-0.079858,0.0,0.0,-0.0,-0.103748,-0.174482,0.0,-0.020265,0.0,0.0,0.0,-0.0,0.0,0.0,0.0,0.0,0.0,-0.0,0.0,0.0,0.001953,-0.004944,0.0,0.000194,0.0,0.000065,0.0,-0.000065,0.0,-0.000194,0.0,-0.0,0.0,0.013123,
0.0,0.001111,0.891048,-0.000066,0.0,1.570796,0.0,0.054727,-0.004757,0.0,0.0,0.0,-0.07105,-0.024659,-0.005037,0.141174,-0.054108,0.024049,-0.070928,0.025453,0.012635,0.140684,-0.033813,-0.023988,-0.128492,0.174482,0.0,-0.079858,0.0,0.0,0.0,-0.102777,-0.174482,0.0,-0.019953,0.0,0.0,0.0,0.0,0.0,0.0,0.0,-0.0,0.0,-0.0,0.0,-0.0,0.001953,-0.004944,0.0,0.000194,0.0,0.000065,0.0,-0.000065,0.0,-0.000194,0.0,0.0,0.0,0.01305,
0.0,0.001658,0.891,-0.000066,0.0,1.570796,0.0,0.054727,-0.004749,0.0,0.0,0.0,-0.070427,-0.024659,-0.004932,0.141174,-0.054517,0.024049,-0.070305,0.025453,0.012635,0.140684,-0.034573,-0.023988,-0.128657,0.174482,-0.0,-0.079858,0.0,0.0,0.0,-0.101805,-0.174482,0.0,-0.019642,0.0,0.0,0.0,-0.0,0.0,0.0,-0.0,0.0,0.0,0.0,0.0,-0.0,0.001953,-0.004944,0.0,0.000194,0.0,0.000065,0.0,-0.000065,0.0,-0.000194,0.0,0.0,0.0,0.012977,
0.0,0.002205,0.890953,-0.000066,0.0,1.570796,0.0,0.054727,-0.004757,0.0,0.0,0.0,-0.069804,-0.024659,-0.004827,0.141174,-0.054926,0.024049,-0.069682,0.025453,0.012635,0.140684,-0.035333,-0.023988,-0.128822,0.174482,-0.0,-0.079858,0.0,0.0,0.0,-0.100833,-0.174482,0.0,-0.019331,0.0,0.0,0.0,-0.0,0.0,-0.0,0.0,0.0,0.0,-0.0,0.0,-0.0,0.001953,-0.004944,0.0,0.000194,0.0,0.000065,0.0,-0.000065,0.0,-0.000194,0.0,-0.0,0.0,0.012903,
0.0,0.002783,0.890898,-0.000066,0.0,1.570796,0.0,0.057752,-0.005482,0.0,0.0,0.0,-0.069144,-0.024659,-0.004721,0.141174,-0.055441,0.024049,-0.069022,0.025453,0.01258,0.140684,-0.036166,-0.023988,-0.129024,0.174482,0.0,-0.079858,-0.0,0.0,0.0,-0.09991,-0.174482,0.0,-0.018995,0.0,0.0,0.0,0.0,0.0,-0.0,0.0,-0.0,0.0,0.0,0.0,-0.0,0.001953,-0.004944,0.0,0.000194,0.0,0.000065,0.0,-0.000065,0.0,-0.000194,0.0,0.0,0.0,0.012781,
0.0,0.003375,0.890839,-0.000066,0.0,1.570796,0.0,0.059265,-0.005833,0.0,0.0,0.0,-0.068466,-0.024659,-0.004616,0.141174,-0.056009,0.024049,-0.068344,0.025453,0.012497,0.140684,-0.037036,-0.023988,-0.129244,0.174482,0.0,-0.079858,-0.0,0.0,0.0,-0.099012,-0.174482,0.0,-0.018647,0.0,0.0,0.0,0.0,0.0,-0.0,0.0,-0.0,0.0,-0.0,0.0,-0.0,0.001953,-0.004944,0.0,0.000194,0.0,0.000065,-0.0,-0.000065,0.0,-0.000194,0.0,0.0,0.0,0.012635,
0.0,0.003968,0.890781,-0.000066,0.0,1.570796,0.0,0.059265,-0.00584,0.0,0.0,0.0,-0.067789,-0.024659,-0.004511,0.141174,-0.056577,0.024049,-0.067666,0.025453,0.012415,0.140684,-0.037906,-0.023988,-0.129464,0.174482,0.0,-0.079858,0.0,0.0,0.0,-0.098114,-0.174482,0.0,-0.018299,0.0,0.0,0.0,0.0,0.0,0.0,0.0,0.0,0.0,0.0,0.0,0.0,0.001953,-0.004944,0.0,0.000194,0.0,0.000065,0.0,-0.000065,0.0,-0.000194,0.0,0.0,0.0,0.012488,
0.0,0.004585,0.890718,-0.000066,0.0,1.570796,0.0,0.061661,-0.006252,0.0,0.0,0.0,-0.06708,-0.024659,-0.004405,0.141155,-0.057071,0.024049,-0.066964,0.025453,0.012333,0.140684,-0.038776,-0.023988,-0.129697,0.174482,0.0,-0.079858,-0.0,-0.0,-0.0,-0.097246,-0.174482,0.0,-0.01797,0.0,0.0,0.0,0.0,-0.0,-0.0,0.0,-0.0,0.0,-0.0,0.0,-0.0,0.001953,-0.004944,0.0,0.000194,0.0,0.000065,0.0,-0.000065,0.0,-0.000194,0.0,0.0,0.0,0.012317,
0.0,0.005249,0.890648,-0.000066,0.0,1.570796,-0.0,0.066456,-0.007068,0.0,0.0,0.0,-0.066311,-0.024659,-0.0043,0.1411,-0.057419,0.024049,-0.066213,0.025453,0.01225,0.140684,-0.039646,-0.023988,-0.129954,0.174482,0.0,-0.079858,0.0,0.0,0.0,-0.096439,-0.174482,0.0,-0.017677,-0.0,0.0,0.0,0.0,0.0,-0.0,0.0,-0.0,0.0,0.0,0.0,-0.0,0.001953,-0.004944,0.0,0.000194,0.0,0.000065,0.0,-0.000065,0.0,-0.000194,0.0,0.0,0.0,0.012098,
0.0,0.005914,0.890577,-0.000066,0.0,1.570796,0.0,0.066458,-0.007068,0.0,0.0,0.0,-0.065541,-0.024659,-0.004195,0.141045,-0.057767,0.024049,-0.065462,0.025453,0.012168,0.140684,-0.040516,-0.023988,-0.130211,0.174482,-0.0,-0.079858,-0.0,0.0,0.0,-0.095633,-0.174482,0.0,-0.017384,-0.0,0.0,0.0,0.0,0.0,0.0,0.0,0.0,0.0,0.0,-0.0,-0.0,0.001953,-0.004944,0.0,0.000194,0.0,0.000065,0.0,-0.000065,0.0,-0.000194,0.0,0.0,0.0,0.011878,
0.0,0.006578,0.890506,-0.000066,0.0,1.570796,0.0,0.066457,-0.007068,0.0,0.0,0.0,-0.064772,-0.024659,-0.004089,0.14099,-0.058115,0.024049,-0.064711,0.025453,0.012085,0.140684,-0.041386,-0.023988,-0.130468,0.174482,0.0,-0.079858,-0.0,-0.0,0.0,-0.094826,-0.174482,0.0,-0.017091,0.0,0.0,0.0,0.0,-0.0,0.0,0.0,-0.0,0.0,0.0,0.0,0.0,0.001953,-0.004944,0.0,0.000194,0.0,0.000065,0.0,-0.000065,0.0,-0.000194,0.0,-0.0,0.0,0.011658,
0.0,0.00741,0.890432,-0.000066,0.0,1.570796,0.0,0.083136,-0.007456,0.0,0.0,0.0,-0.063819,-0.024659,-0.003961,0.14099,-0.05828,0.024049,-0.063758,0.025453,0.012085,0.140684,-0.042485,-0.023988,-0.130468,0.174482,0.0,-0.079619,0.0,0.0,0.0,-0.093891,-0.174482,0.0,-0.016907,0.0,0.0,0.0,-0.0,0.0,0.0,0.0,-0.0,0.0,0.0,0.0,-0.0,0.001953,-0.004944,0.0,0.000194,0.0,0.000065,0.0,-0.000065,0.0,-0.000194,0.0,0.0,0.0,0.011658,
0.0,0.008241,0.890357,-0.000066,0.0,1.570796,0.0,0.083137,-0.007456,0.0,0.0,0.0,-0.062866,-0.024659,-0.003833,0.14099,-0.058445,0.024049,-0.062805,0.025453,0.012085,0.140684,-0.043584,-0.023988,-0.130468,0.174482,0.0,-0.079381,0.0,0.0,0.0,-0.092956,-0.174482,0.0,-0.016724,0.0,0.0,0.0,0.0,0.0,0.0,0.0,0.0,0.0,-0.0,0.0,0.0,0.001953,-0.004944,0.0,0.000194,0.0,0.000065,0.0,-0.000065,0.0,-0.000194,0.0,0.0,0.0,0.011658,
0.0,0.009072,0.890283,-0.000066,0.0,1.570796,0.0,0.083137,-0.007456,0.0,0.0,0.0,-0.061914,-0.024659,-0.003705,0.14099,-0.05861,0.024049,-0.061853,0.025453,0.012085,0.140684,-0.044683,-0.023988,-0.130468,0.174482,0.0,-0.079143,0.0,0.0,0.0,-0.092021,-0.174482,0.0,-0.016541,0.0,0.0,0.0,0.0,0.0,0.0,0.0,0.0,-0.0,-0.0,0.0,-0.0,0.001953,-0.004944,0.0,0.000194,0.0,0.000065,0.0,-0.000065,0.0,-0.000194,0.0,0.0,0.0,0.011658,
0.0,0.010019,0.890176,-0.000066,0.0,1.570796,-0.0,0.094629,-0.010652,0.0,0.0,0.0,-0.060839,-0.024659,-0.00351,0.140941,-0.058958,0.024049,-0.060778,0.025453,0.011967,0.140684,-0.045892,-0.024013,-0.130345,0.174482,0.0,-0.078868,0.0,0.0,-0.0,-0.091172,-0.174482,0.0,-0.016431,0.0,0.0,0.0,-0.0,0.0,0.0,0.0,-0.0,0.0,-0.0,0.0,-0.0,0.001953,-0.004944,0.0,0.000194,0.0,0.000065,0.0,-0.000065,0.0,-0.000194,0.0,0.0,0.0,0.011725,
0.0,0.011023,0.890054,-0.000066,0.0,1.570796,0.0,0.100376,-0.012246,0.0,0.0,0.0,-0.059703,-0.024659,-0.003281,0.140868,-0.059398,0.024049,-0.059642,0.025453,0.01179,0.140684,-0.047155,-0.024049,-0.130162,0.174482,-0.0,-0.078575,0.0,0.0,0.0,-0.090366,-0.174482,0.0,-0.016358,0.0,0.0,0.0,0.0,0.0,-0.0,0.0,0.0,0.0,-0.0,0.0,-0.0,0.001953,-0.004944,0.0,0.000194,0.0,0.000065,0.0,-0.000065,0.0,-0.000194,0.0,0.0,0.0,0.011826,
0.0,0.012026,0.889931,-0.000066,0.0,1.570796,0.0,0.100376,-0.012254,0.0,0.0,0.0,-0.058567,-0.024659,-0.003052,0.140794,-0.059837,0.024049,-0.058506,0.025453,0.011613,0.140684,-0.048419,-0.024086,-0.129978,0.174482,-0.0,-0.078282,-0.0,0.0,0.0,-0.089559,-0.174482,0.0,-0.016285,0.0,0.0,0.0,0.0,0.0,-0.0,0.0,-0.0,0.0,0.0,0.0,0.0,0.001953,-0.004944,0.0,0.000194,0.0,0.000065,0.0,-0.000065,0.0,-0.000194,0.0,0.0,0.0,0.011927,
0.0,0.013088,0.889788,-0.000066,0.0,1.570796,0.0,0.106155,-0.014351,0.0,0.0,0.0,-0.057358,-0.024635,-0.002823,0.140745,-0.060295,0.024049,-0.057297,0.025453,0.011436,0.140666,-0.049805,-0.024122,-0.12974,0.174482,0.0,-0.07797,0.0,0.0,0.0,-0.08882,-0.174482,0.0,-0.016236,0.0,0.0,0.0,0.0,0.0,-0.0,0.0,0.0,0.0,0.0,0.0,0.0,0.001953,-0.004944,0.0,0.000194,0.0,0.000065,0.0,-0.000065,0.0,-0.000194,0.0,-0.0,0.0,0.012027,
0.0,0.014265,0.889602,-0.000066,0.0,1.570796,0.0,0.117719,-0.018562,0.0,0.0,0.0,-0.056003,-0.024562,-0.002594,0.140745,-0.06079,0.024049,-0.055942,0.025453,0.011259,0.140611,-0.051435,-0.024159,-0.129391,0.174482,-0.0,-0.077622,0.0,0.0,0.0,-0.088215,-0.174482,0.0,-0.016236,0.0,0.0,0.0,0.0,0.0,0.0,-0.0,-0.0,0.0,0.0,0.0,0.0,0.001953,-0.004944,0.0,0.000194,0.0,0.000065,0.0,-0.000065,0.0,-0.000194,0.0,0.0,0.0,0.012128,
-0.0,0.015442,0.889416,-0.000066,0.0,1.570796,-0.0,0.117719,-0.018562,0.0,0.0,0.0,-0.054647,-0.024489,-0.002365,0.140745,-0.061285,0.024049,-0.054586,0.025453,0.011082,0.140556,-0.053066,-0.024196,-0.129042,0.174482,0.0,-0.077274,-0.0,0.0,0.0,-0.08761,-0.174482,0.0,-0.016236,0.0,0.0,0.0,0.0,0.0,0.0,0.0,0.0,0.0,0.0,0.0,-0.0,0.001953,-0.004944,0.0,0.000194,0.0,0.000065,0.0,-0.000065,0.0,-0.000194,0.0,-0.0,0.0,0.012229,
0.0,0.016619,0.889231,-0.000066,0.0,1.570796,0.0,0.117719,-0.018562,0.0,0.0,0.0,-0.053292,-0.024415,-0.002136,0.140745,-0.061779,0.024049,-0.053231,0.025453,0.010905,0.140501,-0.054696,-0.024232,-0.128694,0.174482,0.0,-0.076926,0.0,0.0,0.0,-0.087005,-0.174482,0.0,-0.016236,0.0,0.0,0.0,-0.0,0.0,0.0,0.0,0.0,0.0,0.0,0.0,-0.0,0.001953,-0.004944,0.0,0.000194,0.0,0.000065,0.0,-0.000065,0.0,-0.000194,0.0,0.0,0.0,0.01233,
-0.0,0.017896,0.888984,-0.000066,0.0,1.570796,-0.0,0.127611,-0.024657,0.0,0.0,0.0,-0.051808,-0.024415,-0.001807,0.140599,-0.061779,0.024049,-0.051784,0.025453,0.010728,0.140501,-0.056546,-0.024269,-0.128419,0.174482,-0.0,-0.076596,0.0,0.0,0.0,-0.086767,-0.174482,0.0,-0.016346,0.0,0.0,0.0,-0.0,0.0,0.0,0.0,-0.0,0.0,0.0,0.0,0.0,0.001953,-0.004944,0.0,0.000194,0.0,0.000065,0.0,-0.000065,0.0,-0.000194,0.0,-0.0,0.0,0.012073,
0.0,0.019172,0.888738,-0.000066,0.0,1.570796,0.0,0.127614,-0.024665,0.0,0.0,0.0,-0.050324,-0.024415,-0.001477,0.140452,-0.061779,0.024049,-0.050337,0.025453,0.010551,0.140501,-0.058396,-0.024306,-0.128143,0.174482,-0.0,-0.076266,0.0,0.0,-0.0,-0.086529,-0.174482,0.0,-0.016456,0.0,0.0,0.0,-0.0,0.0,0.0,0.0,0.0,0.0,0.0,0.0,-0.0,0.001953,-0.004944,0.0,0.000194,0.0,0.000065,0.0,-0.000065,0.0,-0.000194,0.0,0.0,0.0,0.011817,
0.0,0.020448,0.888491,-0.000066,0.0,1.570796,0.0,0.127612,-0.024665,0.0,0.0,0.0,-0.048841,-0.024415,-0.001148,0.140305,-0.061779,0.024049,-0.04889,0.025453,0.010374,0.140501,-0.060246,-0.024342,-0.127868,0.174482,0.0,-0.075936,0.0,0.0,0.0,-0.08629,-0.174482,0.0,-0.016566,0.0,0.0,0.0,-0.0,0.0,-0.0,0.0,0.0,0.0,0.0,0.0,0.0,0.001953,-0.004944,0.0,0.000194,0.0,0.000065,0.0,-0.000065,0.0,-0.000194,0.0,-0.0,0.0,0.011561,
0.0,0.021757,0.888181,-0.000066,0.0,1.570796,0.0,0.130877,-0.031012,0.0,0.0,0.0,-0.047296,-0.024391,-0.000671,0.140146,-0.060925,0.024071,-0.047394,0.025404,0.010163,0.140452,-0.061999,-0.024379,-0.127899,0.174482,-0.0,-0.07596,-0.0,0.0,0.0,-0.086382,-0.174482,0.0,-0.016749,0.0,0.0,0.0,0.0,0.0,-0.0,0.0,0.0,0.0,-0.0,0.0,0.0,0.001953,-0.004944,0.0,0.000194,0.0,0.000065,0.0,-0.000065,0.0,-0.000194,0.0,-0.0,0.0,0.011011,
0.0,0.023082,0.887839,-0.000066,0.0,1.570796,0.0,0.132511,-0.034186,0.0,0.0,0.0,-0.045721,-0.024354,-0.000122,0.139981,-0.059642,0.024103,-0.045874,0.025331,0.009934,0.140378,-0.063703,-0.024415,-0.128082,0.174482,0.0,-0.076162,-0.0,0.0,0.0,-0.086639,-0.174482,0.0,-0.016968,0.0,0.0,0.0,0.0,0.0,-0.0,0.0,-0.0,0.0,-0.0,0.0,-0.0,0.001953,-0.004944,0.0,0.000194,0.0,0.000065,0.0,-0.000065,0.0,-0.000194,0.0,0.0,0.0,0.010315,
0.0,0.024407,0.887497,-0.000066,0.0,1.570796,0.0,0.132511,-0.034186,0.0,0.0,0.0,-0.044146,-0.024318,0.000427,0.139815,-0.05836,0.024135,-0.044353,0.025258,0.009705,0.140305,-0.065407,-0.024452,-0.128266,0.174482,0.0,-0.076364,0.0,-0.0,0.0,-0.086895,-0.174482,0.0,-0.017188,0.0,0.0,0.0,0.0,-0.0,-0.0,0.0,-0.0,0.0,0.0,0.0,0.0,0.001953,-0.004944,0.0,0.000194,0.0,0.000065,0.0,-0.000065,0.0,-0.000194,0.0,0.0,0.0,0.00962,
0.0,0.025759,0.887128,-0.000066,0.0,1.570796,0.0,0.13527,-0.036887,0.0,0.0,0.0,-0.048511,-0.024293,0.000983,0.151309,-0.061822,0.024167,-0.042797,0.025209,0.009476,0.140256,-0.067184,-0.024479,-0.128571,0.174482,0.0,-0.076736,0.0,0.0,0.0,-0.087304,-0.174482,0.0,-0.017408,0.0,0.0,0.0,-0.0,0.0,0.0,0.0,0.0,0.0,-0.0,0.0,0.0,0.001953,-0.004944,0.0,0.000194,0.0,0.000065,0.0,-0.000065,0.0,-0.000194,0.0,-0.0,0.0,0.008808,
0.0,0.027167,0.886706,-0.000066,0.0,1.570796,0.0,0.140792,-0.042273,0.0,0.0,0.0,-0.064763,-0.024293,0.00155,0.186149,-0.074778,0.024199,-0.041166,0.025209,0.009247,0.140256,-0.069108,-0.024487,-0.129122,0.174482,0.0,-0.077451,0.0,0.0,0.0,-0.088019,-0.174482,0.0,-0.017628,0.0,0.0,0.0,-0.0,0.0,0.0,0.0,-0.0,0.0,-0.0,0.0,0.0,0.001953,-0.004944,0.0,0.000194,0.0,0.000065,0.0,-0.000065,0.0,-0.000194,0.0,0.0,0.0,0.007764,
0.0,0.028575,0.886283,-0.000066,0.0,1.570796,0.0,0.140792,-0.042265,0.0,0.0,0.0,-0.081017,-0.024293,0.002118,0.220995,-0.087735,0.024231,-0.039536,0.025209,0.009018,0.140256,-0.071031,-0.024495,-0.129672,0.174482,0.0,-0.078166,0.0,0.0,0.0,-0.088734,-0.174482,0.0,-0.017847,0.0,0.0,0.0,0.0,0.0,-0.0,0.0,0.0,0.0,0.0,0.0,-0.0,0.001953,-0.004944,0.0,0.000194,0.0,0.000065,0.0,-0.000065,0.0,-0.000194,0.0,0.0,0.0,0.00672,
0.0,0.029983,0.88586,-0.000066,0.0,1.570796,-0.0,0.140792,-0.042273,0.0,0.0,0.0,-0.097268,-0.024293,0.002686,0.255828,-0.100691,0.024263,-0.037906,0.025209,0.008789,0.140256,-0.072955,-0.024504,-0.130223,0.174482,0.0,-0.07888,0.0,0.0,0.0,-0.089449,-0.174482,0.0,-0.018067,0.0,0.0,0.0,0.0,0.0,-0.0,0.0,0.0,0.0,0.0,0.0,0.0,0.001953,-0.004944,0.0,0.000194,0.0,0.000065,0.0,-0.000065,0.0,-0.000194,0.0,0.0,0.0,0.005677,
0.0,0.03154,0.885453,-0.000066,0.0,1.570796,0.0,0.155687,-0.040662,0.0,0.0,0.0,-0.111229,-0.024293,0.002924,0.286624,-0.109679,0.024295,-0.03613,0.025209,0.008625,0.140201,-0.075099,-0.024512,-0.130553,0.174482,0.0,-0.079723,0.0,0.0,0.0,-0.090219,-0.174482,0.0,-0.017847,0.0,0.0,0.0,0.0,0.0,-0.0,0.0,-0.0,0.0,-0.0,-0.0,-0.0,0.001953,-0.004944,0.0,0.000194,0.0,0.000065,0.0,-0.000065,0.0,-0.000194,0.0,0.0,0.0,0.004541,
0.0,0.033097,0.885047,-0.000066,0.0,1.570796,-0.0,0.155687,-0.040654,0.0,0.0,0.0,-0.12519,-0.024293,0.003162,0.317429,-0.118667,0.024327,-0.034354,0.025209,0.00846,0.140146,-0.077243,-0.02452,-0.130883,0.174482,0.0,-0.080566,0.0,0.0,0.0,-0.090989,-0.174482,-0.0,-0.017628,-0.0,0.0,0.0,0.0,0.0,-0.0,0.0,-0.0,0.0,-0.0,0.0,0.0,0.001953,-0.004944,0.0,0.000194,0.0,0.000065,0.0,-0.000065,0.0,-0.000194,0.0,-0.0,0.0,0.003406,
0.0,0.034654,0.88464,-0.000066,0.0,1.570796,0.0,0.155687,-0.040662,0.0,0.0,0.0,-0.13915,-0.024293,0.0034,0.348228,-0.127654,0.024359,-0.032577,0.025209,0.008295,0.140091,-0.079387,-0.024528,-0.131214,0.174482,0.0,-0.081409,0.0,0.0,0.0,-0.091759,-0.174482,0.0,-0.017408,0.0,0.0,0.0,-0.0,0.0,0.0,0.0,0.0,0.0,-0.0,0.0,-0.0,0.001953,-0.004944,0.0,0.000194,0.0,0.000065,0.0,-0.000065,0.0,-0.000194,0.0,0.0,0.0,0.002271,
0.0,0.036469,0.884294,-0.000066,0.0,1.570796,0.0,0.18149,-0.03461,0.0,0.0,0.0,-0.155296,-0.024403,0.00343,0.381582,-0.132241,0.024391,-0.030496,0.025209,0.008118,0.140072,-0.081403,-0.024536,-0.130578,0.174482,0.0,-0.081531,0.0,0.0,0.0,-0.092687,-0.174482,-0.0,-0.017078,0.0,0.0,0.0,0.0,0.0,0.0,0.0,0.0,0.0,0.0,0.0,0.0,0.001953,-0.004944,0.0,0.000194,-0.0,0.000064,0.0,-0.000064,0.0,-0.000194,0.0,0.0,0.0,0.00166,
0.0,0.038413,0.883978,-0.000066,0.0,1.570796,-0.0,0.1944,-0.031588,0.0,0.0,0.0,-0.172537,-0.024568,0.003357,0.416235,-0.134627,0.024423,-0.028261,0.025209,0.007935,0.140072,-0.083355,-0.024544,-0.129459,0.174482,0.0,-0.081293,0.0,0.0,0.0,-0.093695,-0.174482,0.0,-0.016694,0.0,0.0,0.0,-0.0,0.0,0.0,0.0,0.0,0.0,-0.0,0.0,0.0,0.001953,-0.004944,0.0,0.000194,0.0,0.000063,0.0,-0.000064,0.0,-0.000194,0.0,0.0,0.0,0.001312,
0.0,0.040357,0.883662,-0.000066,0.0,1.570796,0.0,0.194398,-0.031588,0.0,0.0,0.0,-0.189779,-0.024733,0.003284,0.450887,-0.137013,0.024455,-0.026027,0.025209,0.007752,0.140072,-0.085307,-0.024552,-0.128339,0.174482,0.0,-0.081055,0.0,-0.0,0.0,-0.094704,-0.174482,0.0,-0.016309,-0.0,0.0,0.0,-0.0,-0.0,-0.0,0.0,-0.0,0.0,0.0,0.0,0.0,0.001953,-0.004944,0.0,0.000194,0.0,0.000062,0.0,-0.000063,0.0,-0.000194,0.0,0.0,0.0,0.000964,
0.0,0.04245,0.883385,-0.000066,0.0,1.570796,0.0,0.209289,-0.027795,0.0,0.0,0.0,-0.207674,-0.024934,0.003162,0.484998,-0.137937,0.024458,-0.023622,0.025209,0.007599,0.140072,-0.087259,-0.024561,-0.126694,0.174482,0.0,-0.080365,0.0,0.0,0.0,-0.095901,-0.174482,0.0,-0.015967,0.0,0.0,0.0,-0.0,0.0,0.0,0.0,0.0,0.0,0.0,0.0,0.0,0.001953,-0.004944,0.0,0.000194,0.0,0.000061,0.0,-0.000063,0.0,-0.000194,0.0,0.0,0.0,0.000891,
0.0,0.044841,0.883182,-0.000066,0.0,1.570796,0.0,0.239097,-0.02021,0.0,0.0,0.0,-0.226886,-0.025209,0.002942,0.51807,-0.135937,0.024403,-0.020875,0.025209,0.007508,0.140072,-0.089211,-0.024569,-0.123997,0.174482,0.0,-0.078771,0.0,0.0,0.0,-0.097478,-0.174482,0.0,-0.015711,0.0,0.0,0.0,0.0,0.0,0.0,0.0,0.0,0.0,0.0,0.0,0.0,0.001953,-0.004944,0.0,0.000194,0.0,0.000061,0.0,-0.000062,0.0,-0.000194,0.0,0.0,0.0,0.001367,
0.0,0.047232,0.88298,-0.000066,0.0,1.570796,0.0,0.239097,-0.020217,0.0,0.0,0.0,-0.246099,-0.025484,0.002722,0.551148,-0.133936,0.024348,-0.018129,0.025209,0.007416,0.140072,-0.091163,-0.024577,-0.121301,0.174482,-0.0,-0.077176,0.0,0.0,0.0,-0.099055,-0.174482,0.0,-0.015455,0.0,0.0,0.0,0.0,0.0,-0.0,0.0,-0.0,0.0,-0.0,0.0,-0.0,0.001953,-0.004944,0.0,0.000194,0.0,0.000061,0.0,-0.000062,0.0,-0.000194,0.0,-0.0,0.0,0.001843,
0.0,0.049623,0.882778,-0.000066,0.0,1.570796,0.0,0.2391,-0.02021,0.0,0.0,0.0,-0.26531,-0.025758,0.002503,0.584215,-0.131936,0.024293,-0.015382,0.025209,0.007324,0.140072,-0.093115,-0.024585,-0.118604,0.174482,0.0,-0.075582,-0.0,-0.0,-0.0,-0.100631,-0.174482,0.0,-0.015198,-0.0,0.0,0.0,0.0,-0.0,0.0,0.0,0.0,0.0,0.0,0.0,0.0,0.001953,-0.004944,0.0,0.000194,0.0,0.000061,0.0,-0.000061,0.0,-0.000194,0.0,0.0,0.0,0.002319,
0.0,0.052298,0.882726,-0.000066,0.0,1.570796,0.0,0.267547,-0.005208,0.0,0.0,0.0,-0.283508,-0.026088,0.002228,0.610107,-0.126194,0.024092,-0.012342,0.025209,0.007324,0.140072,-0.094902,-0.024593,-0.115431,0.174482,0.0,-0.073218,-0.0,0.0,0.0,-0.104188,-0.174482,-0.0,-0.015858,0.0,0.0,0.0,0.0,0.0,0.0,0.0,-0.0,0.0,-0.0,0.0,-0.0,0.001953,-0.004944,0.0,0.000194,0.0,0.000061,0.0,-0.000062,0.0,-0.000194,0.0,-0.0,0.0,0.003052,
0.0,0.054974,0.882674,-0.000066,0.0,1.570796,0.0,0.26755,-0.005208,0.0,0.0,0.0,-0.301708,-0.026418,0.001953,0.636004,-0.120452,0.02389,-0.009302,0.025209,0.007324,0.140072,-0.09669,-0.024601,-0.112258,0.174482,0.0,-0.070855,-0.0,0.0,0.0,-0.107746,-0.174482,-0.0,-0.016517,0.0,0.0,0.0,0.0,0.0,-0.0,0.0,-0.0,0.0,-0.0,0.0,-0.0,0.001953,-0.004944,0.0,0.000194,0.0,0.000061,0.0,-0.000062,0.0,-0.000194,0.0,0.0,0.0,0.003784,
0.0,0.057649,0.882622,-0.000066,0.0,1.570796,0.0,0.26755,-0.005208,0.0,0.0,0.0,-0.319907,-0.026747,0.001679,0.661899,-0.11471,0.023689,-0.006263,0.025209,0.007324,0.140072,-0.098477,-0.024609,-0.109085,0.174482,-0.0,-0.068491,0.0,0.0,0.0,-0.111303,-0.174482,0.0,-0.017176,-0.0,0.0,0.0,-0.0,0.0,-0.0,0.0,-0.0,0.0,-0.0,0.0,-0.0,0.001953,-0.004944,0.0,0.000194,0.0,0.000061,0.0,-0.000062,0.0,-0.000194,0.0,0.0,0.0,0.004517,
0.0,0.060513,0.882559,-0.000066,0.0,1.570796,0.0,0.286395,-0.006336,0.0,0.0,0.0,-0.336401,-0.026967,0.001587,0.681506,-0.11271,0.023561,-0.003028,0.025209,0.007398,0.140072,-0.100265,-0.024618,-0.105681,0.174482,-0.0,-0.065993,0.0,0.0,0.0,-0.115497,-0.174482,0.0,-0.018043,0.0,-0.0,0.0,-0.0,0.0,0.0,0.0,-0.0,0.0,0.0,-0.0,0.0,0.001953,-0.004944,0.0,0.000194,0.0,0.000062,0.0,-0.000062,-0.0,-0.000194,0.0,0.0,0.0,0.004981,
0.0,0.063471,0.882489,-0.000066,0.0,1.570796,0.0,0.295816,-0.006908,0.0,0.0,0.0,-0.352043,-0.027132,0.001587,0.697973,-0.112581,0.023469,0.000305,0.025209,0.007508,0.140072,-0.102053,-0.024626,-0.10216,0.174482,0.0,-0.063429,0.0,0.0,0.0,-0.12001,-0.174482,0.0,-0.019013,0.0,0.0,0.0,0.0,0.0,0.0,0.0,0.0,0.0,0.0,0.0,-0.0,0.001953,-0.004944,0.0,0.000194,0.0,0.000063,0.0,-0.000063,0.0,-0.000194,0.0,-0.0,0.0,0.00531,
0.0,0.066429,0.88242,-0.000066,0.0,1.570796,0.0,0.295813,-0.006908,0.0,0.0,0.0,-0.367685,-0.027297,0.001587,0.714439,-0.112453,0.023378,0.003637,0.025209,0.007617,0.140072,-0.10384,-0.024634,-0.09864,0.174482,0.0,-0.060864,-0.0,0.0,0.0,-0.124523,-0.174482,0.0,-0.019984,0.0,0.0,0.0,0.0,0.0,-0.0,0.0,0.0,0.0,0.0,0.0,0.0,0.001953,-0.004944,0.0,0.000194,0.0,0.000064,0.0,-0.000063,0.0,-0.000194,0.0,0.0,0.0,0.00564,
0.0,0.069493,0.882323,-0.000066,0.0,1.570796,0.0,0.306379,-0.00973,0.0,0.0,0.0,-0.380882,-0.027406,0.001587,0.725085,-0.111585,0.023317,0.00711,0.025209,0.007691,0.140072,-0.105466,-0.024642,-0.095016,0.174482,0.0,-0.058275,0.0,0.0,0.0,-0.129397,-0.174482,0.0,-0.020979,0.0,0.0,0.0,0.0,0.0,0.0,0.0,-0.0,0.0,-0.0,0.0,0.0,0.001953,-0.004944,0.0,0.000194,0.0,0.000065,-0.0,-0.000063,0.0,-0.000194,0.0,-0.0,0.0,0.00586,
0.0,0.072768,0.882169,-0.000066,0.0,1.570796,0.0,0.327523,-0.015382,0.0,0.0,0.0,-0.38919,-0.027406,0.001587,0.724087,-0.109238,0.023317,0.010864,0.025209,0.007691,0.140072,-0.106768,-0.02465,-0.091185,0.174482,0.0,-0.055637,0.0,0.0,0.0,-0.134995,-0.174482,0.0,-0.022022,0.0,0.0,0.0,-0.0,0.0,0.0,0.0,0.0,0.0,0.0,0.0,0.0,0.001953,-0.004944,0.0,0.000194,0.0,0.000065,0.0,-0.000063,0.0,-0.000194,0.0,-0.0,0.0,0.00586,
-0.0,0.076043,0.882016,-0.000066,0.0,1.570796,-0.0,0.327518,-0.015374,0.0,0.0,0.0,-0.397498,-0.027406,0.001587,0.723088,-0.106891,0.023317,0.014618,0.025209,0.007691,0.140072,-0.10807,-0.024658,-0.087354,0.174482,-0.0,-0.052999,-0.0,0.0,0.0,-0.140593,-0.174482,0.0,-0.023066,0.0,0.0,0.0,0.0,0.0,0.0,0.0,-0.0,0.0,-0.0,0.0,-0.0,0.001953,-0.004944,0.0,0.000194,0.0,0.000065,0.0,-0.000064,0.0,-0.000194,0.0,-0.0,0.0,0.00586,
0.0,0.079319,0.881862,-0.000066,0.0,1.570796,0.0,0.327519,-0.015374,0.0,0.0,0.0,-0.405805,-0.027406,0.001587,0.722089,-0.104543,0.023317,0.018372,0.025209,0.007691,0.140072,-0.109372,-0.024666,-0.083523,0.174482,0.0,-0.050361,-0.0,0.0,0.0,-0.146191,-0.174482,0.0,-0.02411,0.0,0.0,0.0,0.0,0.0,0.0,0.0,0.0,0.0,0.0,0.0,0.0,0.001953,-0.004944,0.0,0.000194,0.0,0.000065,0.0,-0.000064,0.0,-0.000194,0.0,-0.0,0.0,0.00586,
0.0,0.082871,0.881545,-0.000066,0.0,1.570796,0.0,0.355254,-0.031715,0.0,0.0,0.0,-0.411176,-0.027242,0.001733,0.713326,-0.102398,0.023317,0.022474,0.025209,0.007471,0.139999,-0.110325,-0.024675,-0.079547,0.174482,0.0,-0.04787,0.0,0.0,0.0,-0.153667,-0.174482,-0.0,-0.024971,0.0,0.0,0.0,-0.0,0.0,0.0,-0.0,-0.0,0.0,0.0,0.0,-0.0,0.001953,-0.004944,0.0,0.000194,0.0,0.000065,0.0,-0.000064,0.0,-0.000194,0.0,0.0,0.0,0.006061,
0.0,0.086424,0.881227,-0.000066,0.0,1.570796,0.0,0.355258,-0.031722,0.0,0.0,0.0,-0.416546,-0.027077,0.00188,0.704562,-0.100253,0.023317,0.026576,0.025209,0.007251,0.139926,-0.111279,-0.024683,-0.075571,0.174482,0.0,-0.045379,-0.0,0.0,0.0,-0.161143,-0.174482,0.0,-0.025831,0.0,0.0,0.0,0.0,0.0,0.0,0.0,0.0,0.0,0.0,0.0,-0.0,0.001953,-0.004944,0.0,0.000194,0.0,0.000065,0.0,-0.000064,0.0,-0.000194,0.0,-0.0,0.0,0.006262,
0.0,0.089976,0.88091,-0.000066,0.0,1.570796,0.0,0.355262,-0.031722,0.0,0.0,0.0,-0.421917,-0.026912,0.002026,0.695797,-0.098108,0.023317,0.030678,0.025209,0.007032,0.139852,-0.112233,-0.024691,-0.071594,0.174482,0.0,-0.042888,0.0,0.0,0.0,-0.168619,-0.174482,0.0,-0.026692,0.0,0.0,0.0,-0.0,0.0,-0.0,0.0,0.0,-0.0,0.0,0.0,0.0,0.001953,-0.004944,0.0,0.000194,0.0,0.000065,0.0,-0.000064,0.0,-0.000194,0.0,0.0,0.0,0.006464,
0.0,0.09372,0.88049,-0.000066,0.0,1.570796,0.0,0.374329,-0.042036,0.0,0.0,0.0,-0.426181,-0.026755,0.00213,0.684227,-0.094741,0.023317,0.035024,0.025172,0.006812,0.139779,-0.113847,-0.024699,-0.067472,0.174482,0.0,-0.040288,0.0,0.0,0.0,-0.176935,-0.174482,0.0,-0.027687,0.0,0.0,0.0,-0.0,0.0,-0.0,0.0,-0.0,0.0,0.0,0.0,-0.0,0.001953,-0.004944,0.0,0.000194,0.0,0.000065,0.0,-0.000065,0.0,-0.000194,0.0,0.0,0.0,0.00669,
0.0,0.097558,0.880018,-0.000066,0.0,1.570796,0.0,0.383869,-0.047193,0.0,0.0,0.0,-0.429892,-0.026603,0.002213,0.671253,-0.090764,0.023317,0.039493,0.025117,0.006592,0.139705,-0.115791,-0.024707,-0.063276,0.174482,0.0,-0.037632,-0.0,0.0,0.0,-0.18567,-0.174482,-0.0,-0.028749,0.0,0.0,0.0,0.0,0.0,0.0,0.0,0.0,0.0,0.0,0.0,-0.0,0.001953,-0.004944,0.0,0.000194,0.0,0.000065,0.0,-0.000065,0.0,-0.000194,0.0,-0.0,0.0,0.006928,
0.0,0.101397,0.879546,-0.000066,0.0,1.570796,0.0,0.383866,-0.047185,0.0,0.0,0.0,-0.433603,-0.02645,0.002295,0.658278,-0.086786,0.023317,0.043962,0.025062,0.006372,0.139632,-0.117735,-0.024715,-0.059081,0.174482,0.0,-0.034976,0.0,0.0,0.0,-0.194406,-0.174482,0.0,-0.029811,-0.0,-0.0,0.0,0.0,0.0,-0.0,0.0,0.0,0.0,0.0,0.0,-0.0,0.001953,-0.004944,0.0,0.000194,0.0,0.000065,0.0,-0.000065,0.0,-0.000194,0.0,0.0,0.0,0.007166,
0.0,0.105359,0.879032,-0.000066,0.0,1.570796,0.0,0.396183,-0.051373,0.0,0.0,0.0,-0.437022,-0.026298,0.002377,0.644812,-0.082845,0.023347,0.046252,0.025026,0.006128,0.1441,-0.121991,-0.02473,-0.054776,0.174482,0.0,-0.03226,0.0,0.0,0.0,-0.203274,-0.174482,0.0,-0.031435,0.0,0.0,0.0,0.0,0.0,0.0,0.0,0.0,0.0,0.0,0.0,0.0,0.001953,-0.004944,0.0,0.000194,0.0,0.000065,0.0,-0.000065,0.0,-0.000194,0.0,0.0,0.0,0.00741,
0.0,0.109567,0.878435,-0.000066,0.0,1.570796,0.0,0.420811,-0.059718,0.0,0.0,0.0,-0.439855,-0.026145,0.00246,0.630358,-0.078979,0.023439,0.044183,0.025026,0.005835,0.157659,-0.130874,-0.024757,-0.050252,0.174482,-0.0,-0.029421,-0.0,0.0,0.0,-0.21241,-0.174482,0.0,-0.034182,0.0,0.0,0.0,0.0,0.0,-0.0,0.0,0.0,0.0,-0.0,0.0,0.0,0.001953,-0.004944,0.0,0.000194,0.0,0.000066,0.0,-0.000066,0.0,-0.000194,0.0,0.0,0.0,0.007666,
0.0,0.113775,0.877838,-0.000066,0.0,1.570796,0.0,0.42081,-0.059726,0.0,0.0,0.0,-0.442689,-0.025992,0.002542,0.615905,-0.075112,0.02353,0.042113,0.025026,0.005542,0.171218,-0.139756,-0.024785,-0.045728,0.174482,-0.0,-0.026583,0.0,0.0,0.0,-0.221545,-0.174482,0.0,-0.036929,0.0,0.0,0.0,0.0,0.0,0.0,0.0,-0.0,0.0,-0.0,0.0,-0.0,0.001953,-0.004944,0.0,0.000194,0.0,0.000067,0.0,-0.000066,0.0,-0.000194,-0.0,-0.0,0.0,0.007923,
-0.0,0.117983,0.877241,-0.000066,0.0,1.570796,-0.0,0.420811,-0.059726,0.0,0.0,0.0,-0.445522,-0.02584,0.002625,0.601452,-0.071246,0.023622,0.040043,0.025026,0.005249,0.184776,-0.148639,-0.024812,-0.041204,0.174482,0.0,-0.023744,0.0,0.0,0.0,-0.23068,-0.174482,0.0,-0.039676,0.0,0.0,0.0,0.0,0.0,-0.0,0.0,-0.0,0.0,-0.0,0.0,-0.0,0.001953,-0.004944,0.0,0.000194,-0.0,0.000069,0.0,-0.000066,-0.0,-0.000194,0.0,0.0,0.0,0.008179,
0.0,0.12259,0.876667,-0.000066,0.0,1.570796,0.0,0.460672,-0.057396,0.0,0.0,0.0,-0.446893,-0.025687,0.002734,0.58528,-0.068131,0.023622,0.042607,0.025026,0.005121,0.190186,-0.153617,-0.02484,-0.036057,0.174482,0.0,-0.020686,0.0,0.0,0.0,-0.240404,-0.174482,0.0,-0.042588,0.0,0.0,0.0,-0.0,0.0,0.0,0.0,0.0,0.0,0.0,0.0,0.0,0.001953,-0.004944,0.0,0.000194,0.0,0.000069,0.0,-0.000066,0.0,-0.000194,0.0,0.0,0.0,0.0086,
0.0,0.127197,0.876093,-0.000066,0.0,1.570796,0.0,0.460672,-0.057396,0.0,0.0,0.0,-0.448264,-0.025535,0.002844,0.569106,-0.065016,0.023622,0.045171,0.025026,0.004993,0.195595,-0.158595,-0.024867,-0.030911,0.174482,0.0,-0.017628,-0.0,0.0,0.0,-0.250129,-0.174482,-0.0,-0.045501,-0.0,-0.0,0.0,0.0,0.0,0.0,0.0,0.0,0.0,0.0,0.0,0.0,0.001953,-0.004944,0.0,0.000194,0.0,0.000069,-0.0,-0.000067,0.0,-0.000194,0.0,-0.0,0.0,0.009021,
0.0,0.131803,0.875519,-0.000066,0.0,1.570796,0.0,0.460672,-0.057396,0.0,0.0,0.0,-0.449635,-0.025382,0.002954,0.552934,-0.061902,0.023622,0.047735,0.025026,0.004865,0.201003,-0.163572,-0.024895,-0.025765,0.174482,0.0,-0.01457,0.0,0.0,0.0,-0.259853,-0.174482,0.0,-0.048413,0.0,0.0,0.0,0.0,0.0,-0.0,0.0,0.0,0.0,0.0,0.0,-0.0,0.001953,-0.004944,0.0,0.000194,-0.0,0.000069,0.0,-0.000067,0.0,-0.000194,0.0,-0.0,0.0,0.009442,
0.0,0.136797,0.874938,-0.000066,0.0,1.570796,0.0,0.499333,-0.05808,0.0,0.0,0.0,-0.449204,-0.025233,0.003101,0.534944,-0.060399,0.023689,0.054036,0.025026,0.004791,0.199987,-0.166543,-0.024904,-0.02029,0.174482,-0.0,-0.011427,0.0,0.0,0.0,-0.26964,-0.174482,0.0,-0.051435,-0.0,0.0,0.0,0.0,0.0,0.0,0.0,0.0,0.0,-0.0,0.0,0.0,0.001953,-0.004944,0.0,0.000194,0.0,0.000069,0.0,-0.000067,0.0,-0.000194,-0.0,0.0,0.0,0.010034,
-0.0,0.141983,0.874354,-0.000066,0.0,1.570796,-0.0,0.518669,-0.058422,0.0,0.0,0.0,-0.44787,-0.025087,0.003265,0.516042,-0.059703,0.02379,0.062207,0.025026,0.004746,0.195755,-0.168509,-0.024904,-0.01465,0.174482,0.0,-0.008241,0.0,0.0,0.0,-0.279459,-0.174482,0.0,-0.054513,0.0,0.0,0.0,0.0,0.0,-0.0,0.0,0.0,0.0,0.0,0.0,-0.0,0.001953,-0.004944,0.0,0.000194,0.0,0.000069,-0.0,-0.000067,-0.0,-0.000194,0.0,0.0,0.0,0.010712,
0.0,0.14717,0.87377,-0.000066,0.0,1.570796,0.0,0.518682,-0.058422,0.0,0.0,0.0,-0.446537,-0.02494,0.00343,0.49714,-0.059007,0.02389,0.070378,0.025026,0.0047,0.191523,-0.170475,-0.024904,-0.00901,0.174482,0.0,-0.005054,0.0,0.0,0.0,-0.289278,-0.174482,0.0,-0.05759,0.0,0.0,0.0,0.0,0.0,-0.0,0.0,-0.0,0.0,0.0,0.0,0.0,0.001953,-0.004944,0.0,0.000194,0.0,0.000069,0.0,-0.000068,0.0,-0.000194,0.0,-0.0,0.0,0.011389,
0.0,0.152594,0.873178,-0.000066,0.0,1.570796,0.0,0.542353,-0.059183,0.0,0.0,0.0,-0.444791,-0.024794,0.00361,0.478639,-0.059379,0.023991,0.077438,0.025026,0.004654,0.190038,-0.173177,-0.024904,-0.002778,0.174482,0.0,-0.00293,0.0,0.0,0.0,-0.299031,-0.174482,0.0,-0.060796,-0.0,0.0,0.0,0.0,0.0,0.0,0.0,0.0,0.0,0.0,0.0,-0.0,0.001953,-0.004944,0.0,0.000194,0.0,0.000069,0.0,-0.000068,0.0,-0.000194,0.0,0.0,0.0,0.012152,
0.0,0.158491,0.872571,-0.000066,0.0,1.570796,0.0,0.58974,-0.060714,0.0,0.0,0.0,-0.44222,-0.024647,0.003821,0.460933,-0.061889,0.024092,0.082277,0.025026,0.004608,0.194048,-0.17735,-0.024904,0.004638,0.174482,0.0,-0.00293,0.0,0.0,0.0,-0.308651,-0.174482,0.0,-0.064258,0.0,0.0,0.0,0.0,0.0,0.0,0.0,-0.0,0.0,0.0,0.0,0.0,0.001953,-0.004944,0.0,0.000194,0.0,0.000069,0.0,-0.000068,0.0,-0.000194,0.0,0.0,0.0,0.013086,
0.0,0.164389,0.871964,-0.000066,0.0,1.570796,-0.0,0.589739,-0.060706,0.0,0.0,0.0,-0.439649,-0.024501,0.004031,0.443226,-0.064399,0.024193,0.087115,0.025026,0.004563,0.198059,-0.181523,-0.024904,0.012054,0.174482,-0.0,-0.00293,-0.0,0.0,0.0,-0.318271,-0.174482,-0.0,-0.067721,0.0,0.0,0.0,0.0,0.0,-0.0,0.0,-0.0,0.0,-0.0,0.0,-0.0,0.001953,-0.004944,0.0,0.000194,-0.0,0.000069,-0.0,-0.000068,0.0,-0.000194,0.0,0.0,0.0,0.01402,
0.0,0.170286,0.871356,-0.000066,0.0,1.570796,0.0,0.589749,-0.060714,0.0,0.0,0.0,-0.437078,-0.024354,0.004242,0.425521,-0.066909,0.024293,0.091953,0.025026,0.004517,0.20207,-0.185697,-0.024904,0.01947,0.174482,0.0,-0.00293,0.0,0.0,0.0,-0.327892,-0.174482,0.0,-0.071184,0.0,0.0,-0.0,0.0,0.0,0.0,0.0,0.0,0.0,0.0,0.0,0.0,0.001953,-0.004944,0.0,0.000194,0.0,0.000069,0.0,-0.000069,0.0,-0.000194,0.0,0.0,0.0,0.014954,
0.0,0.176843,0.870707,-0.000066,0.0,1.570796,0.0,0.655733,-0.064974,0.0,0.0,0.0,-0.44147,-0.024299,0.004453,0.425012,-0.072791,0.024312,0.094025,0.025099,0.00437,0.213215,-0.191161,-0.024904,0.027711,0.174482,-0.0,-0.00293,0.0,0.0,0.0,-0.336384,-0.174482,0.0,-0.075123,-0.0,0.0,0.0,-0.0,0.0,0.0,0.0,0.0,0.0,-0.0,0.0,0.0,0.001953,-0.004944,0.0,0.000194,0.0,0.000069,0.0,-0.000068,0.0,-0.000194,0.0,0.0,0.0,0.016053,
0.0,0.183401,0.870057,-0.000066,0.0,1.570796,0.0,0.655743,-0.064974,0.0,0.0,0.0,-0.445863,-0.024245,0.004663,0.424507,-0.078675,0.02433,0.096097,0.025172,0.004224,0.224362,-0.196625,-0.024904,0.035952,0.174482,0.0,-0.00293,0.0,0.0,0.0,-0.344876,-0.174482,0.0,-0.079063,-0.0,-0.0,-0.0,0.0,0.0,0.0,0.0,0.0,0.0,-0.0,0.0,0.0,0.001953,-0.004944,0.0,0.000194,0.0,0.000069,0.0,-0.000068,0.0,-0.000194,0.0,0.0,0.0,0.017151,
0.0,0.189958,0.869407,-0.000066,0.0,1.570796,0.0,0.655741,-0.064974,0.0,0.0,0.0,-0.450256,-0.02419,0.004874,0.424001,-0.084559,0.024348,0.098168,0.025246,0.004077,0.235508,-0.202089,-0.024904,0.044194,0.174482,-0.0,-0.00293,-0.0,0.0,0.0,-0.353368,-0.174482,0.0,-0.083003,-0.0,0.0,0.0,0.0,0.0,0.0,0.0,0.0,0.0,0.0,0.0,0.0,0.001953,-0.004944,0.0,0.000194,0.0,0.000069,0.0,-0.000067,0.0,-0.000194,0.0,0.0,0.0,0.01825,
0.0,0.196965,0.868799,-0.000066,0.0,1.570796,0.0,0.700647,-0.060783,0.0,0.0,0.0,-0.454377,-0.024171,0.005078,0.426456,-0.090442,0.024367,0.103357,0.02527,0.004028,0.24161,-0.204267,-0.024904,0.052522,0.174482,0.0,-0.00293,0.0,0.0,0.0,-0.361042,-0.174482,0.0,-0.086932,0.0,0.0,0.0,0.0,0.0,0.0,0.0,-0.0,0.0,0.0,0.0,0.0,0.001953,-0.004944,0.0,0.000194,0.0,0.000068,-0.0,-0.000067,0.0,-0.000194,0.0,0.0,0.0,0.019556,
0.0,0.204196,0.868212,-0.000066,0.0,1.570796,0.0,0.723089,-0.058676,0.0,0.0,0.0,-0.458364,-0.024171,0.00528,0.430392,-0.096326,0.024385,0.110106,0.02527,0.004028,0.24519,-0.204801,-0.024904,0.060894,0.174482,0.0,-0.00293,-0.0,0.0,0.0,-0.368306,-0.174482,0.0,-0.090854,0.0,0.0,0.0,0.0,0.0,-0.0,0.0,-0.0,0.0,-0.0,0.0,-0.0,0.001953,-0.004944,-0.0,0.000194,0.0,0.000068,0.0,-0.000067,0.0,-0.000194,0.0,0.0,0.0,0.020966,
0.0,0.211427,0.867626,-0.000066,0.0,1.570796,0.0,0.723099,-0.058676,0.0,0.0,0.0,-0.46235,-0.024171,0.005481,0.434328,-0.102209,0.024403,0.116855,0.02527,0.004028,0.248769,-0.205335,-0.024904,0.069266,0.174482,0.0,-0.00293,0.0,0.0,0.0,-0.37557,-0.174482,-0.0,-0.094777,0.0,-0.0,-0.0,-0.0,0.0,0.0,0.0,0.0,0.0,0.0,0.0,0.0,0.001953,-0.004944,0.0,0.000194,0.0,0.000067,0.0,-0.000066,0.0,-0.000194,0.0,0.0,0.0,0.022376,
0.0,0.218927,0.867085,-0.000066,0.0,1.570796,0.0,0.750076,-0.054081,0.0,0.0,0.0,-0.464964,-0.024147,0.005658,0.437822,-0.107703,0.024422,0.124969,0.02527,0.004108,0.250326,-0.204238,-0.024904,0.077695,0.174482,-0.0,-0.00293,0.0,0.0,0.0,-0.382261,-0.174482,0.0,-0.098663,-0.0,0.0,0.0,0.0,0.0,-0.0,0.0,-0.0,0.0,-0.0,0.0,0.0,0.001953,-0.004944,0.0,0.000194,0.0,0.000066,-0.0,-0.000066,0.0,-0.000194,0.0,0.0,0.0,0.023829,
0.0,0.226968,0.866636,-0.000066,0.0,1.570796,0.0,0.804069,-0.044869,0.0,0.0,0.0,-0.464832,-0.024074,0.005786,0.44043,-0.112416,0.02444,0.135818,0.02527,0.004346,0.247835,-0.199877,-0.024904,0.086236,0.174482,0.0,-0.00293,0.0,0.0,0.0,-0.387804,-0.174482,0.0,-0.102477,0.0,0.0,0.0,0.0,0.0,0.0,0.0,-0.0,0.0,-0.0,0.0,0.0,0.001953,-0.004944,0.0,0.000194,0.0,0.000066,-0.0,-0.000065,0.0,-0.000194,0.0,0.0,0.0,0.025367,
0.0,0.235009,0.866188,-0.000066,0.0,1.570796,0.0,0.80408,-0.044869,0.0,0.0,0.0,-0.4647,-0.024,0.005914,0.443039,-0.11713,0.024458,0.146666,0.02527,0.004584,0.245344,-0.195515,-0.024904,0.094778,0.174482,-0.0,-0.00293,-0.0,0.0,0.0,-0.393347,-0.174482,0.0,-0.106291,0.0,0.0,0.0,0.0,0.0,-0.0,0.0,0.0,0.0,-0.0,0.0,-0.0,0.001953,-0.004944,0.0,0.000194,0.0,0.000065,-0.0,-0.000065,0.0,-0.000194,0.0,0.0,0.0,0.026906,
0.0,0.24305,0.865739,-0.000066,0.0,1.570796,0.0,0.80407,-0.044869,0.0,0.0,0.0,-0.464569,-0.023927,0.006043,0.445647,-0.121843,0.024476,0.157515,0.02527,0.004822,0.242853,-0.191154,-0.024904,0.103319,0.174482,0.0,-0.00293,0.0,0.0,0.0,-0.398891,-0.174482,0.0,-0.110105,0.0,0.0,0.0,0.0,0.0,-0.0,0.0,0.0,0.0,-0.0,0.0,-0.0,0.001953,-0.004944,0.0,0.000194,0.0,0.000065,0.0,-0.000065,0.0,-0.000194,0.0,0.0,0.0,0.028444,
0.0,0.252038,0.865619,-0.000066,0.0,1.570796,0.0,0.898842,-0.011957,0.0,0.0,0.0,-0.458799,-0.023927,0.006043,0.443021,-0.12245,0.024495,0.177324,0.02527,0.005444,0.224955,-0.17607,-0.024904,0.11194,0.174482,0.0,-0.00293,0.0,0.0,0.0,-0.401227,-0.174482,0.0,-0.11381,-0.0,-0.0,-0.0,0.0,0.0,-0.0,0.0,0.0,0.0,0.0,0.0,-0.0,0.001953,-0.004944,0.0,0.000194,-0.0,0.000065,0.0,-0.000065,0.0,-0.000194,0.0,0.0,0.0,0.029341,
0.0,0.261026,0.8655,-0.000066,0.0,1.570796,0.0,0.898846,-0.011941,0.0,0.0,0.0,-0.453029,-0.023927,0.006043,0.440394,-0.123055,0.024513,0.197138,0.02527,0.006067,0.207053,-0.160984,-0.024904,0.120562,0.174482,0.0,-0.00293,-0.0,0.0,0.0,-0.403564,-0.174482,0.0,-0.117515,0.0,0.0,0.0,0.0,0.0,-0.0,0.0,0.0,0.0,-0.0,0.0,-0.0,0.001953,-0.004944,0.0,0.000194,0.0,0.000065,0.0,-0.000065,0.0,-0.000194,0.0,0.0,0.0,0.030239,
0.0,0.270015,0.86538,-0.000066,0.0,1.570796,0.0,0.898858,-0.011949,0.0,0.0,0.0,-0.447259,-0.023927,0.006043,0.437766,-0.12366,0.024531,0.21695,0.02527,0.00669,0.189153,-0.145898,-0.024904,0.129183,0.174482,0.0,-0.00293,0.0,0.0,0.0,-0.4059,-0.174482,0.0,-0.12122,0.0,0.0,0.0,0.0,0.0,0.0,0.0,0.0,0.0,-0.0,0.0,0.0,0.001953,-0.004944,-0.0,0.000194,0.0,0.000065,0.0,-0.000065,0.0,-0.000194,0.0,0.0,0.0,0.031136,
0.0,0.279192,0.865519,-0.000066,0.0,1.570796,0.0,0.917687,0.01387,0.0,0.0,0.0,-0.438328,-0.023927,0.00586,0.431809,-0.119364,0.024537,0.235231,0.025307,0.007825,0.174576,-0.127912,-0.024855,0.136536,0.174482,0.0,-0.00293,-0.0,0.0,0.0,-0.405981,-0.174482,0.0,-0.12462,0.0,0.0,0.0,0.0,0.0,-0.0,0.0,-0.0,0.0,-0.0,0.0,-0.0,0.001953,-0.004944,0.0,0.000194,0.0,0.000065,0.0,-0.000065,0.0,-0.000194,0.0,0.0,0.0,0.031972,
0.0,0.288463,0.865787,-0.000066,0.0,1.570796,0.0,0.927128,0.026787,0.0,0.0,0.0,-0.427816,-0.023927,0.005585,0.424186,-0.112615,0.024537,0.252749,0.025362,0.009216,0.161661,-0.108472,-0.024782,0.143255,0.174482,0.0,-0.00293,0.0,-0.0,-0.0,-0.404934,-0.174482,0.0,-0.127868,-0.0,0.0,0.0,-0.0,-0.0,0.0,0.0,0.0,0.0,0.0,0.0,0.0,0.001953,-0.004944,-0.0,0.000194,-0.0,0.000065,0.0,-0.000065,0.0,-0.000194,0.0,0.0,0.0,0.032778,
0.0,0.297734,0.866055,-0.000066,0.0,1.570796,0.0,0.92713,0.026795,0.0,0.0,0.0,-0.417304,-0.023927,0.00531,0.416562,-0.105865,0.024538,0.270267,0.025416,0.010608,0.148745,-0.089032,-0.024708,0.149975,0.174482,-0.0,-0.00293,0.0,0.0,0.0,-0.403887,-0.174482,0.0,-0.131116,-0.0,0.0,-0.0,0.0,0.0,-0.0,0.0,0.0,0.0,-0.0,0.0,0.0,0.001953,-0.004944,0.0,0.000194,0.0,0.000065,0.0,-0.000065,0.0,-0.000194,0.0,-0.0,0.0,0.033584,
0.0,0.307069,0.866439,-0.000066,0.0,1.570796,0.0,0.933444,0.038415,0.0,0.0,0.0,-0.406239,-0.023951,0.00506,0.409119,-0.099997,0.024537,0.285563,0.02552,0.012372,0.14025,-0.069438,-0.024525,0.155832,0.174482,0.0,-0.00293,0.0,0.0,0.0,-0.401876,-0.174482,-0.0,-0.134076,0.0,0.0,0.0,0.0,0.0,-0.0,0.0,-0.0,0.0,-0.0,0.0,-0.0,0.001953,-0.004944,-0.0,0.000194,0.0,0.000065,-0.0,-0.000065,0.0,-0.000194,0.0,-0.0,0.0,0.034347,
0.0,0.31653,0.867056,-0.000066,0.0,1.570796,0.0,0.946092,0.061693,0.0,0.0,0.0,-0.39407,-0.024025,0.004859,0.402038,-0.09589,0.024537,0.296416,0.025722,0.014881,0.140599,-0.049528,-0.024122,0.159966,0.174482,0.0,-0.00293,0.0,0.0,0.0,-0.397935,-0.174482,0.0,-0.136462,0.0,0.0,0.0,0.0,0.0,-0.0,0.0,0.0,0.0,0.0,0.0,-0.0,0.001953,-0.004944,0.0,0.000194,0.0,0.000066,-0.0,-0.000065,0.0,-0.000194,0.0,-0.0,0.0,0.035025,
0.0,0.325991,0.867673,-0.000066,0.0,1.570796,-0.0,0.946083,0.061685,0.0,0.0,0.0,-0.3819,-0.024098,0.004657,0.394958,-0.091784,0.024537,0.307268,0.025923,0.017389,0.140947,-0.029617,-0.02372,0.164099,0.174482,-0.0,-0.00293,0.0,0.0,0.0,-0.393994,-0.174482,0.0,-0.138849,0.0,0.0,0.0,0.0,0.0,0.0,0.0,0.0,0.0,0.0,0.0,-0.0,0.001953,-0.004944,0.0,0.000194,-0.0,0.000066,0.0,-0.000066,0.0,-0.000194,0.0,0.0,0.0,0.035702,
0.0,0.335451,0.86829,-0.000066,0.0,1.570796,0.0,0.946079,0.061693,0.0,0.0,0.0,-0.36973,-0.024171,0.004456,0.387877,-0.087678,0.024537,0.31812,0.026124,0.019898,0.141296,-0.009708,-0.023317,0.168233,0.174482,0.0,-0.00293,0.0,0.0,0.0,-0.390054,-0.174482,-0.0,-0.141235,-0.0,0.0,0.0,-0.0,0.0,-0.0,0.0,-0.0,0.0,-0.0,0.0,-0.0,0.001953,-0.004944,0.0,0.000194,0.0,0.000066,0.0,-0.000066,0.0,-0.000194,0.0,0.0,0.0,0.03638,
0.0,0.344943,0.869004,-0.000066,0.0,1.570796,0.0,0.949199,0.071382,0.0,0.0,0.0,-0.361525,-0.024171,0.004382,0.39047,-0.08885,0.024537,0.329357,0.026326,0.022279,0.141535,0.014538,-0.022438,0.169446,0.174482,0.0,-0.00293,-0.0,0.0,0.0,-0.385205,-0.174482,0.0,-0.140648,0.0,0.0,0.0,0.0,0.0,-0.0,0.0,-0.0,0.0,-0.0,0.0,-0.0,0.001953,-0.004944,-0.0,0.000194,0.0,0.000066,0.0,-0.000066,0.0,-0.000194,0.0,-0.0,0.0,0.035941,
0.0,0.354436,0.869717,-0.000066,0.0,1.570796,0.0,0.94921,0.071382,0.0,0.0,0.0,-0.35332,-0.024171,0.004309,0.393065,-0.090023,0.024537,0.340595,0.026527,0.024659,0.141773,0.038789,-0.021559,0.170659,0.174482,0.0,-0.00293,0.0,-0.0,0.0,-0.380356,-0.174482,0.0,-0.14006,0.0,0.0,0.0,0.0,-0.0,-0.0,0.0,-0.0,0.0,0.0,0.0,-0.0,0.001953,-0.004944,0.0,0.000194,0.0,0.000066,0.0,-0.000066,0.0,-0.000194,0.0,0.0,0.0,0.035501,
0.0,0.363927,0.870431,-0.000066,0.0,1.570796,0.0,0.949195,0.07139,0.0,0.0,0.0,-0.345115,-0.024171,0.004236,0.39566,-0.091196,0.024537,0.351833,0.026729,0.02704,0.142012,0.063038,-0.02068,0.171872,0.174482,0.0,-0.00293,-0.0,0.0,0.0,-0.375507,-0.174482,0.0,-0.139473,-0.0,-0.0,-0.0,0.0,0.0,0.0,0.0,0.0,0.0,0.0,0.0,0.0,0.001953,-0.004944,0.0,0.000194,0.0,0.000066,0.0,-0.000066,0.0,-0.000194,0.0,0.0,0.0,0.035062,
0.0,0.37306,0.871201,-0.000066,0.0,1.570796,0.0,0.913287,0.076919,0.0,0.0,0.0,-0.335762,-0.024171,0.004151,0.395393,-0.09149,0.024538,0.339245,0.027333,0.02643,0.181143,0.084101,-0.019654,0.170243,0.174482,0.0,-0.00293,-0.0,0.0,0.0,-0.370911,-0.174482,0.0,-0.138861,0.0,0.0,0.0,0.0,0.0,0.0,0.0,0.0,-0.0,0.0,0.0,0.0,0.001953,-0.004944,0.0,0.000194,0.0,0.000066,0.0,-0.000066,0.0,-0.000194,0.0,-0.0,0.0,0.034768,
0.0,0.382014,0.871998,-0.000066,0.0,1.570796,0.0,0.895342,0.079695,0.0,0.0,0.0,-0.325833,-0.024171,0.004059,0.393694,-0.091343,0.024537,0.314731,0.028139,0.024324,0.239811,0.103576,-0.018556,0.167193,0.174482,0.0,-0.00293,-0.0,0.0,0.0,-0.366441,-0.174482,0.0,-0.138237,-0.0,-0.0,-0.0,0.0,0.0,-0.0,0.0,0.0,0.0,-0.0,0.0,0.0,0.001953,-0.004944,0.0,0.000194,0.0,0.000066,-0.0,-0.000066,0.0,-0.000194,0.0,0.0,0.0,0.034549,
0.0,0.390967,0.872794,-0.000066,0.0,1.570796,0.0,0.895342,0.079695,0.0,0.0,0.0,-0.315905,-0.024171,0.003967,0.391995,-0.091197,0.024537,0.290216,0.028945,0.022218,0.298478,0.12305,-0.017457,0.164143,0.174482,0.0,-0.00293,0.0,0.0,0.0,-0.361971,-0.174482,0.0,-0.137613,0.0,0.0,0.0,0.0,0.0,-0.0,0.0,-0.0,0.0,0.0,0.0,-0.0,0.001953,-0.004944,0.0,0.000194,0.0,0.000066,0.0,-0.000066,0.0,-0.000194,0.0,-0.0,0.0,0.034329,
0.0,0.399766,0.873618,-0.000066,0.0,1.570796,0.0,0.879904,0.082311,0.0,0.0,0.0,-0.305266,-0.024171,0.003906,0.38883,-0.091716,0.024537,0.259213,0.030184,0.021284,0.36462,0.143891,-0.015657,0.159686,0.174482,-0.0,-0.00293,0.0,0.0,0.0,-0.357547,-0.174482,0.0,-0.136824,0.0,0.0,0.0,0.0,0.0,0.0,0.0,0.0,0.0,0.0,-0.0,-0.0,0.001953,-0.004944,0.0,0.000194,0.0,0.000067,0.0,-0.000066,-0.0,-0.000194,0.0,0.0,0.0,0.034243,
0.0,0.408257,0.874493,-0.000066,0.0,1.570796,0.0,0.84905,0.087558,0.0,0.0,0.0,-0.293201,-0.024171,0.003906,0.382732,-0.093567,0.024537,0.21518,0.03229,0.022694,0.446073,0.167476,-0.012452,0.152414,0.174482,0.0,-0.00293,0.0,-0.0,0.0,-0.353214,-0.174482,0.0,-0.135704,0.0,0.0,0.0,-0.0,-0.0,0.0,0.0,0.0,0.0,0.0,0.0,-0.0,0.001953,-0.004944,0.0,0.000194,0.0,0.000067,0.0,-0.000066,-0.0,-0.000194,0.0,0.0,0.0,0.034427,
0.0,0.416747,0.875369,-0.000066,0.0,1.570796,0.0,0.849069,0.08755,0.0,0.0,0.0,-0.281135,-0.024171,0.003906,0.376634,-0.095419,0.024537,0.171131,0.034396,0.024104,0.527618,0.191064,-0.009248,0.145143,0.174482,-0.0,-0.00293,0.0,0.0,0.0,-0.348881,-0.174482,0.0,-0.134585,-0.0,0.0,0.0,0.0,0.0,-0.0,0.0,-0.0,0.0,-0.0,-0.0,-0.0,0.001953,-0.004944,0.0,0.000194,0.0,0.000067,0.0,-0.000067,0.0,-0.000194,0.0,0.0,0.0,0.03461,
0.0,0.425238,0.876244,-0.000066,0.0,1.570796,0.0,0.84905,0.087558,0.0,0.0,0.0,-0.269071,-0.024171,0.003906,0.370537,-0.09727,0.024537,0.127111,0.036502,0.025514,0.608981,0.214648,-0.006043,0.137871,0.174482,0.0,-0.00293,0.0,0.0,0.0,-0.344547,-0.174482,-0.0,-0.133465,0.0,0.0,0.0,0.0,0.0,0.0,0.0,-0.0,0.0,0.0,0.0,0.0,0.001953,-0.004944,-0.0,0.000194,0.0,0.000067,0.0,-0.000067,0.0,-0.000194,0.0,0.0,0.0,0.034793,
0.0,0.433651,0.877197,-0.000066,0.0,1.570796,0.0,0.841336,0.095309,0.0,0.0,0.0,-0.254367,-0.024171,0.003906,0.359731,-0.100753,0.024537,0.090779,0.037491,0.024709,0.658064,0.248688,-0.003534,0.128533,0.174482,0.0,-0.00293,-0.0,0.0,0.0,-0.338587,-0.174482,-0.0,-0.12754,0.0,0.0,0.0,0.0,0.0,-0.0,0.0,0.0,0.0,0.0,0.0,-0.0,0.001953,-0.004944,0.0,0.000194,0.0,0.000067,0.0,-0.000067,0.0,-0.000194,0.0,0.0,0.0,0.034939,
0.0,0.442064,0.87815,-0.000066,0.0,1.570796,0.0,0.841314,0.095309,0.0,0.0,0.0,-0.239663,-0.024171,0.003906,0.348925,-0.104237,0.024537,0.054434,0.03848,0.023903,0.707181,0.282742,-0.001026,0.119196,0.174482,0.0,-0.00293,0.0,0.0,0.0,-0.332625,-0.174482,0.0,-0.121614,-0.0,0.0,0.0,-0.0,0.0,0.0,0.0,0.0,0.0,-0.0,0.0,0.0,0.001953,-0.004944,0.0,0.000194,0.0,0.000067,0.0,-0.000067,0.0,-0.000194,0.0,0.0,0.0,0.035086,
0.0,0.450478,0.879103,-0.000066,0.0,1.570796,0.0,0.841336,0.095309,0.0,0.0,0.0,-0.224958,-0.024171,0.003906,0.338118,-0.107721,0.024537,0.018095,0.039469,0.023097,0.756279,0.31679,0.001483,0.109858,0.174482,0.0,-0.00293,-0.0,0.0,0.0,-0.326664,-0.174482,0.0,-0.115688,0.0,0.0,0.0,0.0,0.0,-0.0,0.0,0.0,0.0,0.0,0.0,0.0,0.001953,-0.004944,0.0,0.000194,0.0,0.000067,0.0,-0.000067,0.0,-0.000194,0.0,0.0,0.0,0.035232,
0.0,0.45874,0.880076,-0.000066,0.0,1.570796,0.0,0.826249,0.097291,0.0,0.0,0.0,-0.208457,-0.024171,0.003845,0.323105,-0.108663,0.024537,-0.011265,0.040482,0.023207,0.788795,0.319915,0.002734,0.098473,0.174482,0.0,-0.00293,0.0,0.0,0.0,-0.318722,-0.174482,0.0,-0.108311,0.0,0.0,0.0,0.0,0.0,-0.0,0.0,0.0,0.0,0.0,0.0,0.0,0.001953,-0.004944,0.0,0.000194,0.0,0.000067,0.0,-0.000067,0.0,-0.000194,0.0,-0.0,0.0,0.034891,
-0.0,0.466927,0.881059,-0.000066,0.0,1.570796,-0.0,0.818677,0.098267,0.0,0.0,0.0,-0.191054,-0.024171,0.003754,0.305984,-0.108333,0.024537,-0.037147,0.041508,0.023774,0.81304,0.307574,0.003357,0.086065,0.174482,-0.0,-0.00293,0.0,0.0,0.0,-0.30979,-0.174482,0.0,-0.100207,0.0,0.0,0.0,-0.0,0.0,-0.0,0.0,0.0,0.0,0.0,0.0,0.0,0.001953,-0.004944,0.0,0.000194,0.0,0.000068,0.0,-0.000067,0.0,-0.000194,0.0,0.0,0.0,0.034305,
0.0,0.475114,0.882042,-0.000066,0.0,1.570796,0.0,0.818696,0.098275,0.0,0.0,0.0,-0.173651,-0.024171,0.003662,0.288863,-0.108003,0.024537,-0.06303,0.042534,0.024342,0.837286,0.295233,0.00398,0.073656,0.174482,-0.0,-0.00293,-0.0,0.0,0.0,-0.300856,-0.174482,0.0,-0.092103,0.0,0.0,0.0,0.0,0.0,-0.0,0.0,0.0,0.0,-0.0,0.0,-0.0,0.001953,-0.004944,0.0,0.000194,0.0,0.000068,0.0,-0.000067,0.0,-0.000194,0.0,0.0,0.0,0.033719,
0.0,0.48325,0.883011,-0.000066,0.0,1.570796,0.0,0.813588,0.096901,0.0,0.0,0.0,-0.154267,-0.024171,0.003479,0.267759,-0.105565,0.024525,-0.087269,0.043395,0.02483,0.856821,0.280699,0.004273,0.060013,0.174482,-0.0,-0.00293,-0.0,0.0,0.0,-0.290823,-0.174482,-0.0,-0.083806,0.0,0.0,0.0,0.0,0.0,0.0,0.0,-0.0,0.0,0.0,0.0,-0.0,0.001953,-0.004944,0.0,0.000194,0.0,0.000068,0.0,-0.000067,-0.0,-0.000194,0.0,0.0,0.0,0.032809,
0.0,0.491283,0.883952,-0.000066,0.0,1.570796,0.0,0.803338,0.094139,0.0,0.0,0.0,-0.130911,-0.024171,0.003113,0.23867,-0.098911,0.024489,-0.108235,0.043926,0.02516,0.866938,0.261775,0.003906,0.043896,0.174482,0.0,-0.00293,0.0,0.0,0.0,-0.278586,-0.174482,-0.0,-0.075121,0.0,0.0,0.0,0.0,0.0,-0.0,0.0,-0.0,0.0,0.0,0.0,0.0,0.001953,-0.004944,0.0,0.000194,0.0,0.000068,0.0,-0.000068,0.0,-0.000194,0.0,0.0,0.0,0.031253,
-0.0,0.499317,0.884894,-0.000066,0.0,1.570796,-0.0,0.803361,0.094147,0.0,0.0,0.0,-0.107553,-0.024171,0.002747,0.209577,-0.092256,0.024452,-0.129202,0.044457,0.02549,0.877055,0.24285,0.00354,0.027777,0.174482,-0.0,-0.00293,0.0,0.0,0.0,-0.266348,-0.174482,0.0,-0.066436,-0.0,0.0,0.0,0.0,0.0,-0.0,0.0,-0.0,0.0,-0.0,0.0,0.0,0.001953,-0.004944,0.0,0.000194,-0.0,0.000068,0.0,-0.000068,0.0,-0.000194,0.0,0.0,0.0,0.029696,
0.0,0.50735,0.885835,-0.000066,0.0,1.570796,0.0,0.803338,0.094147,0.0,0.0,0.0,-0.084199,-0.024171,0.002381,0.180492,-0.085601,0.024415,-0.150166,0.044988,0.025819,0.887172,0.223927,0.003174,0.011661,0.174482,0.0,-0.00293,0.0,0.0,0.0,-0.254111,-0.174482,0.0,-0.057751,0.0,0.0,0.0,0.0,0.0,-0.0,0.0,0.0,0.0,0.0,0.0,0.0,0.001953,-0.004944,0.0,0.000194,0.0,0.000068,0.0,-0.000068,0.0,-0.000194,0.0,0.0,0.0,0.028139,
0.0,0.515018,0.886496,-0.000066,0.0,1.570796,-0.0,0.766799,0.066137,0.0,0.0,0.0,-0.069945,-0.02419,0.001776,0.168383,-0.086553,0.024379,-0.170836,0.044549,0.024831,0.89038,0.203731,0.001654,-0.004948,0.174482,0.0,-0.009539,0.0,0.0,0.0,-0.240102,-0.174482,-0.0,-0.05057,0.0,0.0,0.0,0.0,0.0,-0.0,0.0,0.0,0.0,-0.0,0.0,-0.0,0.001953,-0.004944,0.0,0.000194,0.0,0.000066,0.0,-0.000066,0.0,-0.000194,0.0,0.0,0.0,0.025319,
0.0,0.522686,0.887158,-0.000066,0.0,1.570796,0.0,0.766795,0.066137,0.0,0.0,0.0,-0.055691,-0.024208,0.001172,0.156277,-0.087506,0.024342,-0.191509,0.044109,0.023842,0.893587,0.183531,0.000135,-0.021558,0.174482,-0.0,-0.01615,-0.0,0.0,0.0,-0.226091,-0.174482,0.0,-0.04339,-0.0,0.0,0.0,0.0,0.0,0.0,0.0,-0.0,0.0,-0.0,0.0,-0.0,0.001953,-0.004944,0.0,0.000194,0.0,0.000065,0.0,-0.000065,0.0,-0.000194,0.0,-0.0,0.0,0.022499,
0.0,0.530354,0.887819,-0.000066,0.0,1.570796,0.0,0.766776,0.066129,0.0,0.0,0.0,-0.041438,-0.024226,0.000568,0.144171,-0.088459,0.024306,-0.21218,0.043669,0.022853,0.896795,0.163333,-0.001385,-0.038167,0.174482,0.0,-0.02276,0.0,0.0,0.0,-0.212081,-0.174482,0.0,-0.036211,-0.0,0.0,0.0,0.0,0.0,0.0,0.0,-0.0,0.0,0.0,0.0,0.0,0.001953,-0.004944,0.0,0.000194,0.0,0.000064,0.0,-0.000064,0.0,-0.000194,0.0,0.0,0.0,0.019679,
0.0,0.538145,0.888189,-0.000066,0.0,1.570796,0.0,0.779077,0.037016,0.0,0.0,0.0,-0.031181,-0.024257,-0.000037,0.140244,-0.093298,0.024293,-0.234097,0.042961,0.021535,0.897864,0.14663,-0.002905,-0.055063,0.174482,0.0,-0.031886,0.0,0.0,0.0,-0.196883,-0.174482,0.0,-0.029544,0.0,0.0,0.0,0.0,0.0,-0.0,0.0,0.0,0.0,0.0,0.0,0.0,0.001953,-0.004944,0.0,0.000194,0.0,0.000063,0.0,-0.000063,-0.0,-0.000194,0.0,0.0,0.0,0.016725,
0.0,0.545997,0.888414,-0.000066,0.0,1.570796,0.0,0.7852,0.022437,0.0,0.0,0.0,-0.022922,-0.024293,-0.000641,0.140409,-0.100082,0.024293,-0.256643,0.042119,0.020051,0.897864,0.131673,-0.004425,-0.072105,0.174482,0.0,-0.042271,0.0,0.0,0.0,-0.181088,-0.174482,0.0,-0.023135,0.0,0.0,0.0,0.0,0.0,-0.0,0.0,-0.0,0.0,-0.0,0.0,-0.0,0.001953,-0.004944,0.0,0.000194,0.0,0.000061,0.0,-0.000061,-0.0,-0.000194,0.0,0.0,0.0,0.013704,
0.0,0.553849,0.888638,-0.000066,0.0,1.570796,0.0,0.785219,0.022437,0.0,0.0,0.0,-0.014663,-0.02433,-0.001245,0.140574,-0.106866,0.024293,-0.279189,0.041276,0.018568,0.897864,0.116716,-0.005945,-0.089146,0.174482,-0.0,-0.052656,0.0,0.0,0.0,-0.165293,-0.174482,-0.0,-0.016726,0.0,0.0,0.0,-0.0,0.0,0.0,0.0,-0.0,0.0,0.0,0.0,-0.0,0.001953,-0.004944,0.0,0.000194,0.0,0.00006,0.0,-0.00006,0.0,-0.000194,0.0,0.0,0.0,0.010682,
0.0,0.561845,0.888706,-0.000066,0.0,1.570796,0.0,0.799579,0.00679,0.0,0.0,0.0,-0.006154,-0.024354,-0.001807,0.140733,-0.11414,0.024293,-0.301958,0.040464,0.017176,0.897147,0.104331,-0.007288,-0.106371,0.174482,0.0,-0.06325,0.0,0.0,0.0,-0.148607,-0.174482,0.0,-0.012452,0.0,0.0,0.0,0.0,0.0,0.0,0.0,0.0,0.0,0.0,0.0,0.0,0.001953,-0.004944,0.0,0.000194,0.0,0.000059,0.0,-0.000059,0.0,-0.000194,0.0,0.0,0.0,0.007771,
0.0,0.570128,0.888461,-0.000066,0.0,1.570796,0.0,0.828359,-0.024542,0.0,0.0,0.0,0.002855,-0.024354,-0.002283,0.14088,-0.122396,0.024293,-0.325188,0.039713,0.015968,0.894995,0.09709,-0.008276,-0.123969,0.174482,0.0,-0.074263,0.0,0.0,0.0,-0.130131,-0.174482,0.0,-0.012452,0.0,0.0,0.0,0.0,0.0,-0.0,0.0,-0.0,0.0,-0.0,0.0,-0.0,0.001953,-0.004944,0.0,0.000194,0.0,0.000059,-0.0,-0.000059,0.0,-0.000194,0.0,0.0,0.0,0.005079,
0.0,0.578412,0.888215,-0.000066,0.0,1.570796,0.0,0.828382,-0.024542,0.0,0.0,0.0,0.011864,-0.024354,-0.002759,0.141027,-0.130652,0.024293,-0.348421,0.038963,0.014759,0.892842,0.089849,-0.009265,-0.141569,0.174482,0.0,-0.085277,0.0,0.0,0.0,-0.111654,-0.174482,0.0,-0.012452,-0.0,0.0,0.0,0.0,0.0,-0.0,0.0,0.0,0.0,0.0,0.0,0.0,0.001953,-0.004944,0.0,0.000194,0.0,0.000058,0.0,-0.000058,0.0,-0.000194,0.0,-0.0,0.0,0.002387,
0.0,0.586696,0.88797,-0.000066,0.0,1.570796,-0.0,0.828378,-0.024542,0.0,0.0,0.0,0.020873,-0.024354,-0.003235,0.141174,-0.138908,0.024293,-0.371649,0.038212,0.013551,0.890689,0.082608,-0.010254,-0.159166,0.174482,0.0,-0.096291,0.0,0.0,0.0,-0.093179,-0.174482,-0.0,-0.012452,-0.0,0.0,0.0,0.0,0.0,-0.0,0.0,-0.0,0.0,-0.0,0.0,0.0,0.001953,-0.004944,0.0,0.000194,0.0,0.000058,0.0,-0.000058,0.0,-0.000194,0.0,0.0,0.0,-0.000305,
0.0,0.595351,0.887316,-0.000066,0.0,1.570796,0.0,0.865479,-0.065365,0.0,0.0,0.0,0.030671,-0.024354,-0.003235,0.141174,-0.145446,0.024293,-0.393152,0.037626,0.012781,0.884476,0.080609,-0.01084,-0.176013,0.174482,0.0,-0.106726,0.0,0.0,0.0,-0.072498,-0.174482,0.0,-0.012452,0.0,0.0,0.0,-0.0,0.0,0.0,0.0,-0.0,0.0,0.0,0.0,0.0,0.001953,-0.004944,0.0,0.000194,-0.0,0.000058,0.0,-0.000058,0.0,-0.000194,0.0,-0.0,0.0,-0.00155,
0.0,0.604006,0.886662,-0.000066,0.0,1.570796,0.0,0.865506,-0.065372,0.0,0.0,0.0,0.04047,-0.024354,-0.003235,0.141174,-0.151983,0.024293,-0.414658,0.037039,0.012012,0.878262,0.078612,-0.011426,-0.192861,0.174482,0.0,-0.117163,0.0,0.0,0.0,-0.051813,-0.174482,0.0,-0.012452,0.0,0.0,0.0,-0.0,0.0,0.0,0.0,0.0,0.0,0.0,0.0,-0.0,0.001953,-0.004944,0.0,0.000194,0.0,0.000057,0.0,-0.000058,0.0,-0.000194,0.0,0.0,0.0,-0.002795,
-0.0,0.612661,0.886009,-0.000066,0.0,1.570796,-0.0,0.865487,-0.065372,0.0,0.0,0.0,0.050268,-0.024354,-0.003235,0.141174,-0.15852,0.024293,-0.436161,0.036453,0.011243,0.872049,0.076615,-0.012012,-0.209709,0.174482,0.0,-0.127599,0.0,0.0,0.0,-0.03113,-0.174482,0.0,-0.012452,0.0,0.0,0.0,0.0,0.0,-0.0,0.0,-0.0,0.0,-0.0,0.0,-0.0,0.001953,-0.004944,0.0,0.000194,0.0,0.000057,0.0,-0.000057,0.0,-0.000194,0.0,0.0,0.0,-0.00404,
-0.0,0.621338,0.88515,-0.000066,0.0,1.570796,0.0,0.8677,-0.085827,0.0,0.0,0.0,0.060106,-0.024367,-0.003162,0.141174,-0.165355,0.024293,-0.449398,0.03566,0.010499,0.854701,0.070857,-0.012903,-0.226392,0.174482,-0.0,-0.137785,0.0,-0.0,0.0,-0.011541,-0.174482,-0.0,-0.012452,0.0,0.0,0.0,-0.0,-0.0,-0.0,0.0,-0.0,0.0,-0.0,0.0,-0.0,0.001953,-0.004944,0.0,0.000194,0.0,0.000057,0.0,-0.000057,0.0,-0.000194,0.0,0.0,0.0,-0.005298,
0.0,0.630026,0.88419,-0.000066,0.0,1.570796,0.0,0.868796,-0.096058,0.0,0.0,0.0,0.069963,-0.024385,-0.003052,0.141174,-0.172339,0.024293,-0.458499,0.034763,0.009766,0.831778,0.063217,-0.013947,-0.242996,0.174482,0.0,-0.147848,0.0,0.0,0.0,0.007505,-0.174482,0.0,-0.012452,0.0,0.0,0.0,-0.0,0.0,-0.0,0.0,-0.0,0.0,-0.0,0.0,-0.0,0.001953,-0.004944,0.0,0.000194,0.0,0.000056,0.0,-0.000057,0.0,-0.000194,0.0,0.0,0.0,-0.006561,
0.0,0.638713,0.883229,-0.000066,0.0,1.570796,-0.0,0.868777,-0.096065,0.0,0.0,0.0,0.079821,-0.024403,-0.002942,0.141174,-0.179323,0.024293,-0.467599,0.033865,0.009034,0.808855,0.055577,-0.014991,-0.259599,0.174482,0.0,-0.15791,0.0,0.0,0.0,0.02655,-0.174482,0.0,-0.012452,0.0,0.0,0.0,0.0,0.0,0.0,0.0,0.0,0.0,-0.0,0.0,-0.0,0.001953,-0.004944,0.0,0.000194,0.0,0.000056,0.0,-0.000057,0.0,-0.000194,0.0,0.0,0.0,-0.007825,
0.0,0.647451,0.882179,-0.000066,0.0,1.570796,0.0,0.873767,-0.105006,0.0,0.0,0.0,0.089742,-0.024415,-0.002811,0.141174,-0.185985,0.024293,-0.475169,0.03301,0.008387,0.783174,0.048262,-0.015973,-0.276006,0.174482,0.0,-0.167835,-0.0,-0.0,-0.0,0.045042,-0.174482,-0.0,-0.012452,0.0,0.0,0.0,0.0,-0.0,-0.0,0.0,-0.0,0.0,0.0,0.0,-0.0,0.001953,-0.004944,0.0,0.000194,0.0,0.000056,0.0,-0.000057,0.0,-0.000194,0.0,0.0,0.0,-0.009186,
0.0,0.656288,0.88095,-0.000066,0.0,1.570796,0.0,0.88369,-0.122904,0.0,0.0,0.0,0.099789,-0.024415,-0.002637,0.141174,-0.192001,0.024293,-0.479675,0.032241,0.007911,0.751952,0.041596,-0.016834,-0.292022,0.174482,0.0,-0.177488,0.0,0.0,0.0,0.062429,-0.174482,0.0,-0.012452,0.0,0.0,0.0,-0.0,0.0,0.0,0.0,0.0,0.0,-0.0,0.0,0.0,0.001953,-0.004944,0.0,0.000194,0.0,0.000056,0.0,-0.000056,0.0,-0.000194,0.0,-0.0,0.0,-0.010742,
0.0,0.665125,0.879721,-0.000066,0.0,1.570796,0.0,0.883713,-0.122912,0.0,0.0,0.0,0.109838,-0.024415,-0.002463,0.141174,-0.198017,0.024293,-0.484182,0.031472,0.007434,0.720724,0.034929,-0.017695,-0.308039,0.174482,0.0,-0.187141,0.0,0.0,0.0,0.079819,-0.174482,0.0,-0.012452,-0.0,0.0,0.0,-0.0,0.0,-0.0,0.0,0.0,0.0,-0.0,0.0,0.0,0.001953,-0.004944,0.0,0.000194,0.0,0.000056,0.0,-0.000056,0.0,-0.000194,0.0,-0.0,0.0,-0.012299,
0.0,0.673962,0.878492,-0.000066,0.0,1.570796,0.0,0.883705,-0.122912,0.0,0.0,0.0,0.119886,-0.024415,-0.002289,0.141174,-0.204033,0.024293,-0.488688,0.030703,0.006958,0.689507,0.028262,-0.018555,-0.324055,0.174482,0.0,-0.196794,0.0,0.0,0.0,0.097206,-0.174482,0.0,-0.012452,0.0,0.0,0.0,-0.0,0.0,0.0,0.0,-0.0,0.0,-0.0,0.0,-0.0,0.001953,-0.004944,0.0,0.000194,0.0,0.000057,0.0,-0.000056,0.0,-0.000194,0.0,0.0,0.0,-0.013855,
0.0,0.683126,0.877015,-0.000066,0.0,1.570796,0.0,0.916399,-0.14766,0.0,0.0,0.0,0.130347,-0.024415,-0.002115,0.141174,-0.209337,0.024293,-0.491011,0.030099,0.00661,0.655291,0.021158,-0.019233,-0.337439,0.174482,0.0,-0.204859,0.0,-0.0,0.0,0.113333,-0.174482,0.0,-0.012452,0.0,0.0,0.0,-0.0,-0.0,-0.0,0.0,-0.0,0.0,-0.0,0.0,-0.0,0.001953,-0.004944,0.0,0.000194,0.0,0.000057,0.0,-0.000056,0.0,-0.000194,0.0,0.0,0.0,-0.015027,
0.0,0.69229,0.875538,-0.000066,0.0,1.570796,0.0,0.916422,-0.147667,0.0,0.0,0.0,0.14081,-0.024415,-0.001941,0.141174,-0.214641,0.024293,-0.493333,0.029494,0.006262,0.621061,0.014052,-0.01991,-0.350824,0.174482,0.0,-0.212924,0.0,0.0,0.0,0.129461,-0.174482,0.0,-0.012452,0.0,0.0,0.0,0.0,0.0,0.0,0.0,0.0,-0.0,0.0,0.0,0.0,0.001953,-0.004944,0.0,0.000194,0.0,0.000057,0.0,-0.000057,-0.0,-0.000194,0.0,-0.0,0.0,-0.016199,
0.0,0.701455,0.874062,-0.000066,0.0,1.570796,0.0,0.91643,-0.147667,0.0,0.0,0.0,0.151272,-0.024415,-0.001767,0.141174,-0.219944,0.024293,-0.495655,0.02889,0.005915,0.586837,0.006947,-0.020588,-0.364209,0.174482,0.0,-0.220989,0.0,-0.0,0.0,0.145588,-0.174482,0.0,-0.012452,0.0,0.0,0.0,0.0,-0.0,0.0,0.0,0.0,0.0,0.0,0.0,0.0,0.001953,-0.004944,0.0,0.000194,0.0,0.000057,0.0,-0.000057,0.0,-0.000194,0.0,0.0,0.0,-0.017371,
0.0,0.711104,0.872709,-0.000066,0.0,1.570796,0.0,0.964891,-0.135327,0.0,0.0,0.0,0.162295,-0.024415,-0.002185,0.141284,-0.227514,0.024367,-0.495121,0.028371,0.005615,0.551865,-0.000633,-0.021144,-0.374864,0.174482,-0.0,-0.227758,0.0,0.0,0.0,0.160423,-0.174482,0.0,-0.012452,0.0,0.0,0.0,0.0,0.0,0.0,0.0,0.0,0.0,-0.0,0.0,0.0,0.001953,-0.004944,0.0,0.000194,0.0,0.000058,0.0,-0.000058,0.0,-0.000194,0.0,0.0,0.0,-0.018201,
0.0,0.720995,0.871417,-0.000066,0.0,1.570796,0.0,0.98919,-0.129153,0.0,0.0,0.0,0.173599,-0.024415,-0.002899,0.141449,-0.236217,0.024476,-0.493157,0.027895,0.005341,0.516494,-0.008452,-0.021638,-0.384154,0.174482,-0.0,-0.233879,0.0,0.0,0.0,0.174614,-0.174482,-0.0,-0.012452,0.0,0.0,0.0,-0.0,0.0,0.0,0.0,0.0,0.0,0.0,-0.0,0.0,0.001953,-0.004944,-0.0,0.000194,0.0,0.000058,-0.0,-0.000058,0.0,-0.000194,0.0,-0.0,0.0,-0.018861,
0.0,0.730887,0.870125,-0.000066,0.0,1.570796,0.0,0.989136,-0.129153,0.0,0.0,0.0,0.184903,-0.024415,-0.003613,0.141614,-0.244921,0.024586,-0.491194,0.027419,0.005066,0.481124,-0.016271,-0.022132,-0.393444,0.174482,-0.0,-0.24,0.0,0.0,0.0,0.188805,-0.174482,0.0,-0.012452,0.0,0.0,0.0,0.0,0.0,-0.0,0.0,-0.0,0.0,-0.0,0.0,-0.0,0.001953,-0.004944,0.0,0.000194,0.0,0.000058,0.0,-0.000059,0.0,-0.000194,0.0,0.0,0.0,-0.01952,
0.0,0.741091,0.86895,-0.000066,0.0,1.570796,0.0,1.020401,-0.117547,0.0,0.0,0.0,0.196379,-0.024446,-0.004492,0.141813,-0.252306,0.024733,-0.489463,0.027022,0.004791,0.451138,-0.024878,-0.022566,-0.401233,0.174482,-0.0,-0.245373,0.0,0.0,0.0,0.20233,-0.174482,0.0,-0.012452,0.0,0.0,0.0,-0.0,0.0,0.0,0.0,0.0,-0.0,0.0,0.0,0.0,0.001953,-0.004944,0.0,0.000194,0.0,0.000058,0.0,-0.000059,0.0,-0.000194,0.0,0.0,0.0,-0.020039,
0.0,0.75192,0.868007,-0.000066,0.0,1.570796,0.0,1.082884,-0.094296,0.0,0.0,0.0,0.208202,-0.024537,-0.005701,0.142079,-0.257051,0.024953,-0.488199,0.026784,0.004517,0.431898,-0.035061,-0.022877,-0.40602,0.174482,-0.0,-0.249249,0.0,-0.0,0.0,0.214525,-0.174482,0.0,-0.012452,0.0,0.0,0.0,-0.0,-0.0,-0.0,0.0,0.0,0.0,-0.0,0.0,0.0,0.001953,-0.004944,-0.0,0.000194,0.0,0.000059,0.0,-0.000059,0.0,-0.000194,0.0,0.0,0.0,-0.020277,
0.0,0.762748,0.867064,-0.000066,0.0,1.570796,0.0,1.082861,-0.094296,0.0,0.0,0.0,0.220025,-0.024629,-0.006909,0.142346,-0.261797,0.025172,-0.486934,0.026546,0.004242,0.412657,-0.045244,-0.023188,-0.410807,0.174482,0.0,-0.253125,0.0,0.0,0.0,0.22672,-0.174482,0.0,-0.012452,-0.0,0.0,0.0,-0.0,0.0,-0.0,0.0,-0.0,0.0,-0.0,0.0,0.0,0.001953,-0.004944,0.0,0.000194,0.0,0.000059,0.0,-0.000059,0.0,-0.000194,0.0,0.0,0.0,-0.020515,
0.0,0.773577,0.866121,-0.000066,0.0,1.570796,0.0,1.082892,-0.094296,0.0,0.0,0.0,0.231847,-0.02472,-0.008118,0.142612,-0.266543,0.025392,-0.48567,0.026308,0.003967,0.393417,-0.055427,-0.0235,-0.415594,0.174482,-0.0,-0.257,0.0,0.0,0.0,0.238915,-0.174482,0.0,-0.012452,0.0,0.0,0.0,-0.0,0.0,0.0,0.0,0.0,0.0,0.0,0.0,0.0,0.001953,-0.004944,0.0,0.000194,0.0,0.000059,0.0,-0.000059,0.0,-0.000194,0.0,0.0,0.0,-0.020753,
0.0,0.785098,0.865784,-0.000066,0.0,1.570796,0.0,1.152063,-0.033745,0.0,0.0,0.0,0.243511,-0.02483,-0.009674,0.142878,-0.263718,0.025648,-0.481543,0.026198,0.003839,0.383536,-0.062206,-0.023628,-0.415595,0.174482,0.0,-0.257389,-0.0,0.0,0.0,0.248681,-0.174482,-0.0,-0.012452,0.0,0.0,0.0,0.0,0.0,0.0,0.0,0.0,0.0,0.0,0.0,-0.0,0.001953,-0.004944,-0.0,0.000194,0.0,0.000059,0.0,-0.000059,0.0,-0.000194,0.0,-0.0,0.0,-0.021375,
0.0,0.796619,0.865446,-0.000066,0.0,1.570796,0.0,1.152109,-0.033722,0.0,0.0,0.0,0.255176,-0.02494,-0.011231,0.143144,-0.260893,0.025905,-0.477415,0.026088,0.003711,0.373655,-0.068985,-0.023756,-0.415595,0.174482,0.0,-0.257777,0.0,0.0,0.0,0.258448,-0.174482,0.0,-0.012452,0.0,0.0,0.0,0.0,0.0,0.0,0.0,-0.0,0.0,-0.0,0.0,-0.0,0.001953,-0.004944,0.0,0.000194,0.0,0.000059,0.0,-0.000059,0.0,-0.000194,0.0,-0.0,0.0,-0.021998,
0.0,0.80814,0.865109,-0.000066,0.0,1.570796,0.0,1.152109,-0.03373,0.0,0.0,0.0,0.266841,-0.025049,-0.012787,0.14341,-0.258067,0.026161,-0.473287,0.025978,0.003583,0.363775,-0.075764,-0.023884,-0.415595,0.174482,0.0,-0.258164,0.0,0.0,0.0,0.268214,-0.174482,0.0,-0.012452,0.0,0.0,0.0,0.0,0.0,-0.0,0.0,0.0,0.0,0.0,0.0,0.0,0.001953,-0.004944,0.0,0.000194,0.0,0.000059,0.0,-0.000059,-0.0,-0.000194,0.0,0.0,0.0,-0.022621,
0.0,0.820012,0.864988,-0.000066,0.0,1.570796,0.0,1.187226,-0.012113,0.0,0.0,0.0,0.278119,-0.025171,-0.01427,0.143609,-0.248105,0.026295,-0.46721,0.025941,0.00365,0.358447,-0.074692,-0.023927,-0.412778,0.174482,-0.0,-0.257395,-0.0,0.0,0.0,0.276414,-0.174482,0.0,-0.012452,-0.0,0.0,0.0,0.0,0.0,0.0,0.0,-0.0,0.0,-0.0,0.0,-0.0,0.001953,-0.004944,-0.0,0.000194,0.0,0.000059,0.0,-0.000059,0.0,-0.000194,0.0,0.0,0.0,-0.023317,
0.0,0.832061,0.864975,-0.000066,0.0,1.570796,0.0,1.204834,-0.001301,0.0,0.0,0.0,0.289203,-0.0253,-0.015717,0.143774,-0.234571,0.026369,-0.460158,0.025941,0.003815,0.355396,-0.069689,-0.023927,-0.408552,0.174482,-0.0,-0.256048,0.0,0.0,0.0,0.283832,-0.174482,0.0,-0.012452,0.0,0.0,0.0,-0.0,0.0,-0.0,0.0,0.0,0.0,-0.0,0.0,0.0,0.001953,-0.004944,0.0,0.000194,0.0,0.000059,0.0,-0.000059,-0.0,-0.000194,-0.0,0.0,0.0,-0.024049,
0.0,0.844109,0.864962,-0.000066,0.0,1.570796,0.0,1.204841,-0.001301,0.0,0.0,0.0,0.300288,-0.025428,-0.017164,0.14394,-0.221037,0.026442,-0.453105,0.025941,0.00398,0.352344,-0.064687,-0.023927,-0.404326,0.174482,0.0,-0.2547,0.0,0.0,0.0,0.291249,-0.174482,0.0,-0.012452,0.0,0.0,0.0,0.0,0.0,0.0,0.0,0.0,0.0,0.0,0.0,0.0,0.001953,-0.004944,0.0,0.000194,0.0,0.000059,0.0,-0.000059,0.0,-0.000194,-0.0,-0.0,0.0,-0.024782,
0.0,0.856239,0.865043,-0.000066,0.0,1.570796,0.0,1.213035,0.008053,0.0,0.0,0.0,0.310936,-0.025556,-0.018592,0.14408,-0.203528,0.026387,-0.446352,0.025972,0.004163,0.351562,-0.058789,-0.02386,-0.398996,0.174482,0.0,-0.2531,0.0,0.0,0.0,0.297454,-0.174482,0.0,-0.012452,0.0,0.0,0.0,0.0,0.0,0.0,0.0,0.0,0.0,-0.0,0.0,0.0,0.001953,-0.004944,0.0,0.000194,0.0,0.000059,0.0,-0.000059,0.0,-0.000194,0.0,0.0,0.0,-0.025441,
0.0,0.868535,0.86531,-0.000066,0.0,1.570796,0.0,1.229544,0.026761,0.0,0.0,0.0,0.320714,-0.025684,-0.019984,0.144172,-0.178055,0.026076,-0.440199,0.026064,0.004382,0.35532,-0.051096,-0.023659,-0.391456,0.174482,0.0,-0.250996,0.0,0.0,-0.0,0.301233,-0.174482,0.0,-0.012452,0.0,-0.0,-0.0,0.0,0.0,-0.0,0.0,-0.0,0.0,-0.0,0.0,-0.0,0.001953,-0.004944,0.0,0.000194,0.0,0.000059,0.0,-0.000059,0.0,-0.000194,0.0,0.0,0.0,-0.025954,
0.0,0.88083,0.865578,-0.000066,0.0,1.570796,0.0,1.229513,0.026761,0.0,0.0,0.0,0.330493,-0.025812,-0.021375,0.144264,-0.152579,0.025765,-0.434046,0.026155,0.004602,0.359079,-0.043403,-0.023457,-0.383916,0.174482,0.0,-0.248892,-0.0,0.0,0.0,0.305012,-0.174482,0.0,-0.012452,0.0,-0.0,0.0,0.0,0.0,0.0,0.0,0.0,0.0,-0.0,-0.0,-0.0,0.001953,-0.004944,0.0,0.000194,-0.0,0.000059,0.0,-0.000059,0.0,-0.000194,0.0,0.0,0.0,-0.026466,
0.0,0.893125,0.865845,-0.000066,0.0,1.570796,0.0,1.229544,0.026761,0.0,0.0,0.0,0.340271,-0.02594,-0.022767,0.144356,-0.127109,0.025453,-0.427893,0.026247,0.004822,0.362837,-0.03571,-0.023256,-0.376376,0.174482,-0.0,-0.246789,-0.0,0.0,0.0,0.30879,-0.174482,0.0,-0.012452,0.0,0.0,0.0,0.0,0.0,0.0,0.0,0.0,0.0,0.0,0.0,0.0,0.001953,-0.004944,0.0,0.000194,0.0,0.000059,0.0,-0.000059,0.0,-0.000194,0.0,-0.0,0.0,-0.026979,
0.0,0.90401,0.866496,-0.000066,0.0,1.570796,0.0,1.088496,0.065036,0.0,0.0,0.0,0.347543,-0.025904,-0.022035,0.144025,-0.092006,0.024721,-0.41966,0.026338,0.005206,0.362298,-0.023515,-0.023054,-0.368482,0.174482,-0.0,-0.246788,-0.0,0.0,0.0,0.303477,-0.174482,0.0,-0.012452,0.0,0.0,0.0,0.0,0.0,0.0,0.0,0.0,-0.0,0.0,0.0,0.0,0.001953,-0.004944,0.0,0.000194,0.0,0.000058,0.0,-0.000058,0.0,-0.000194,0.0,0.0,0.0,-0.025386,
0.0,0.914895,0.867146,-0.000066,0.0,1.570796,0.0,1.088435,0.065044,0.0,0.0,0.0,0.354816,-0.025867,-0.021302,0.143695,-0.056888,0.023988,-0.411427,0.02643,0.005591,0.361758,-0.011319,-0.022853,-0.360589,0.174482,-0.0,-0.246788,0.0,-0.0,-0.0,0.298162,-0.174482,0.0,-0.012452,0.0,0.0,0.0,-0.0,-0.0,0.0,0.0,-0.0,0.0,0.0,0.0,0.0,0.001953,-0.004944,0.0,0.000194,0.0,0.000057,0.0,-0.000057,-0.0,-0.000194,0.0,0.0,0.0,-0.023793,
0.0,0.925779,0.867797,-0.000066,0.0,1.570796,0.0,1.088458,0.065052,0.0,0.0,0.0,0.362088,-0.025831,-0.02057,0.143364,-0.021777,0.023256,-0.403194,0.026521,0.005975,0.361219,0.000877,-0.022651,-0.352695,0.174482,-0.0,-0.246788,-0.0,0.0,0.0,0.292847,-0.174482,-0.0,-0.012452,0.0,0.0,0.0,0.0,0.0,0.0,0.0,0.0,0.0,0.0,0.0,-0.0,0.001953,-0.004944,0.0,0.000194,0.0,0.000055,0.0,-0.000055,0.0,-0.000194,0.0,0.0,0.0,-0.0222,
0.0,0.93624,0.868579,-0.000066,0.0,1.570796,0.0,1.046084,0.078217,0.0,0.0,0.0,0.346739,-0.025843,-0.017116,0.182701,0.010189,0.022767,-0.395201,0.026588,0.006189,0.363595,0.006286,-0.022554,-0.344208,0.174482,0.0,-0.245546,0.0,0.0,0.0,0.284754,-0.174482,0.0,-0.012452,-0.0,0.0,0.0,-0.0,0.0,0.0,0.0,-0.0,0.0,0.0,0.0,0.0,0.001953,-0.004944,0.0,0.000194,0.0,0.000054,-0.0,-0.000054,-0.0,-0.000194,0.0,-0.0,0.0,-0.02129,
0.0,0.946489,0.869427,-0.000066,0.0,1.570796,-0.0,1.024874,0.084808,0.0,0.0,0.0,0.320062,-0.02588,-0.0123,0.241967,0.040598,0.022401,-0.387326,0.026643,0.006317,0.367432,0.008301,-0.022508,-0.335423,0.174482,-0.0,-0.243683,0.0,0.0,0.0,0.275271,-0.174482,0.0,-0.012452,0.0,0.0,0.0,-0.0,0.0,0.0,0.0,0.0,0.0,0.0,0.0,0.0,0.001953,-0.004944,0.0,0.000194,-0.0,0.000053,-0.0,-0.000053,0.0,-0.000194,-0.0,0.0,0.0,-0.020723,
0.0,0.956738,0.870275,-0.000066,0.0,1.570796,0.0,1.024904,0.084815,0.0,0.0,0.0,0.293385,-0.025917,-0.007484,0.301234,0.071009,0.022035,-0.379451,0.026698,0.006445,0.371269,0.010315,-0.022462,-0.326638,0.174482,0.0,-0.24182,0.0,0.0,0.0,0.265787,-0.174482,0.0,-0.012452,0.0,-0.0,0.0,0.0,0.0,0.0,0.0,0.0,0.0,0.0,0.0,0.0,0.001953,-0.004944,0.0,0.000194,0.0,0.000052,-0.0,-0.000052,0.0,-0.000194,0.0,0.0,0.0,-0.020155,
0.0,0.966884,0.871176,-0.000066,0.0,1.570796,0.0,1.014642,0.090125,0.0,0.0,0.0,0.258807,-0.026332,-0.00451,0.370627,0.099025,0.021187,-0.370618,0.026735,0.006531,0.373579,0.010603,-0.022416,-0.317491,0.174482,-0.0,-0.238999,0.0,0.0,0.0,0.255329,-0.174482,0.0,-0.012452,0.0,0.0,0.0,0.0,0.0,-0.0,0.0,-0.0,0.0,-0.0,0.0,-0.0,0.001953,-0.004944,0.0,0.000194,0.0,0.000051,0.0,-0.000051,0.0,-0.000194,0.0,-0.0,0.0,-0.020008,
0.0,0.976826,0.872184,-0.000066,0.0,1.570796,0.0,0.994172,0.100774,0.0,0.0,0.0,0.208347,-0.027504,-0.005225,0.460725,0.122277,0.019374,-0.359864,0.026735,0.006531,0.372834,0.007435,-0.022371,-0.307617,0.174482,-0.0,-0.234261,0.0,0.0,0.0,0.242917,-0.174482,0.0,-0.012452,0.0,0.0,0.0,0.0,0.0,0.0,0.0,-0.0,0.0,-0.0,0.0,-0.0,0.001953,-0.004944,-0.0,0.000194,0.0,0.000049,0.0,-0.000049,0.0,-0.000194,0.0,0.0,0.0,-0.020704,
0.0,0.986768,0.873192,-0.000066,0.0,1.570796,0.0,0.994172,0.100774,0.0,0.0,0.0,0.157865,-0.028676,-0.005939,0.550945,0.14553,0.017561,-0.349109,0.026735,0.006531,0.372088,0.004267,-0.022325,-0.297743,0.174482,0.0,-0.229523,-0.0,-0.0,-0.0,0.230504,-0.174482,0.0,-0.012452,0.0,0.0,0.0,0.0,-0.0,0.0,0.0,0.0,0.0,0.0,0.0,0.0,0.001953,-0.004944,0.0,0.000194,0.0,0.000048,0.0,-0.000048,0.0,-0.000194,0.0,0.0,0.0,-0.0214,
0.0,0.996709,0.8742,-0.000066,0.0,1.570796,0.0,0.994141,0.100774,0.0,0.0,0.0,0.107427,-0.029848,-0.006653,0.640918,0.168779,0.015748,-0.338355,0.026735,0.006531,0.371343,0.001099,-0.022279,-0.287869,0.174482,-0.0,-0.224785,0.0,0.0,0.0,0.218093,-0.174482,0.0,-0.012452,0.0,0.0,0.0,0.0,0.0,0.0,0.0,0.0,0.0,0.0,0.0,0.0,0.001953,-0.004944,-0.0,0.000194,0.0,0.000047,0.0,-0.000047,0.0,-0.000194,0.0,0.0,0.0,-0.022096,
0.0,1.006443,0.875358,-0.000066,0.0,1.570796,-0.0,0.97335,0.115802,0.0,0.0,0.0,0.071177,-0.031112,-0.007605,0.688194,0.20237,0.013221,-0.324006,0.026643,0.006458,0.36377,-0.00487,-0.022462,-0.275897,0.174482,0.0,-0.21707,0.0,0.0,0.0,0.203872,-0.174482,0.0,-0.012452,0.0,-0.0,-0.0,0.0,0.0,0.0,0.0,0.0,0.0,-0.0,0.0,0.0,0.001953,-0.004944,0.0,0.000194,0.0,0.000046,-0.0,-0.000046,0.0,-0.000194,0.0,0.0,0.0,-0.022334,
0.0,1.016176,0.876516,-0.000066,0.0,1.570796,0.0,0.97332,0.115802,0.0,0.0,0.0,0.034914,-0.032375,-0.008557,0.735495,0.235974,0.010694,-0.309656,0.026552,0.006385,0.356196,-0.010839,-0.022645,-0.263923,0.174482,-0.0,-0.209354,-0.0,0.0,0.0,0.189649,-0.174482,0.0,-0.012452,0.0,0.0,0.0,0.0,0.0,-0.0,0.0,0.0,0.0,0.0,0.0,0.0,0.001953,-0.004944,0.0,0.000194,0.0,0.000045,0.0,-0.000045,0.0,-0.000194,0.0,0.0,0.0,-0.022572,
0.0,1.025909,0.877674,-0.000066,0.0,1.570796,0.0,0.973343,0.11581,0.0,0.0,0.0,-0.001341,-0.033639,-0.009509,0.782779,0.269574,0.008167,-0.295305,0.02646,0.006311,0.348622,-0.016809,-0.022828,-0.25195,0.174482,0.0,-0.201639,0.0,0.0,0.0,0.175427,-0.174482,-0.0,-0.012452,-0.0,0.0,0.0,-0.0,0.0,0.0,0.0,0.0,0.0,-0.0,0.0,-0.0,0.001953,-0.004944,0.0,0.000194,0.0,0.000043,0.0,-0.000043,0.0,-0.000194,0.0,-0.0,0.0,-0.02281,
0.0,1.035347,0.87892,-0.000066,0.0,1.570796,0.0,0.943725,0.124681,0.0,0.0,0.0,-0.030848,-0.034134,-0.009449,0.812026,0.275358,0.007422,-0.279023,0.026357,0.006287,0.336761,-0.021704,-0.023011,-0.239903,0.174482,0.0,-0.193072,0.0,0.0,0.0,0.158683,-0.174482,-0.0,-0.012452,0.0,-0.0,0.0,0.0,0.0,0.0,0.0,0.0,0.0,-0.0,-0.0,-0.0,0.001953,-0.004944,0.0,0.000194,0.0,0.000043,0.0,-0.000043,0.0,-0.000194,0.0,-0.0,0.0,-0.022462,
0.0,1.044635,0.880212,-0.000066,0.0,1.570796,0.0,0.92887,0.12912,0.0,0.0,0.0,-0.056993,-0.034243,-0.008881,0.832268,0.267229,0.007569,-0.261772,0.026247,0.006287,0.322753,-0.026063,-0.023195,-0.227816,0.174482,0.0,-0.18408,0.0,0.0,0.0,0.140674,-0.174482,0.0,-0.012452,0.0,0.0,0.0,0.0,0.0,0.0,0.0,-0.0,0.0,-0.0,0.0,0.0,0.001953,-0.004944,0.0,0.000194,0.0,0.000043,0.0,-0.000043,0.0,-0.000194,0.0,0.0,0.0,-0.021821,
0.0,1.053924,0.881503,-0.000066,0.0,1.570796,0.0,0.928893,0.12912,0.0,0.0,0.0,-0.083139,-0.034353,-0.008313,0.85251,0.259099,0.007715,-0.24452,0.026137,0.006287,0.308746,-0.030421,-0.023378,-0.215728,0.174482,-0.0,-0.175087,-0.0,0.0,-0.0,0.122664,-0.174482,0.0,-0.012452,0.0,0.0,0.0,0.0,0.0,0.0,0.0,0.0,0.0,0.0,0.0,0.0,0.001953,-0.004944,0.0,0.000194,0.0,0.000043,0.0,-0.000043,0.0,-0.000194,0.0,0.0,0.0,-0.02118,
0.0,1.063119,0.882804,-0.000066,0.0,1.570796,0.0,0.919478,0.130081,0.0,0.0,0.0,-0.107606,-0.034341,-0.007679,0.868588,0.248852,0.008075,-0.225382,0.026015,0.00636,0.290937,-0.033096,-0.023534,-0.203639,0.174482,0.0,-0.165696,0.0,0.0,0.0,0.103332,-0.174482,0.0,-0.012452,0.0,0.0,0.0,0.0,0.0,0.0,0.0,0.0,-0.0,0.0,0.0,0.0,0.001953,-0.004944,0.0,0.000194,0.0,0.000043,0.0,-0.000043,0.0,-0.000194,0.0,0.0,0.0,-0.020198,
0.0,1.072126,0.884124,-0.000066,0.0,1.570796,0.0,0.900717,0.132002,0.0,0.0,0.0,-0.128733,-0.034085,-0.00691,0.876338,0.234364,0.008862,-0.202455,0.025868,0.00658,0.265511,-0.0324,-0.023638,-0.191551,0.174482,-0.0,-0.155503,0.0,0.0,0.0,0.081342,-0.174482,0.0,-0.012452,0.0,0.0,0.0,0.0,0.0,0.0,0.0,0.0,0.0,0.0,0.0,-0.0,0.001953,-0.004944,0.0,0.000194,0.0,0.000043,0.0,-0.000044,0.0,-0.000194,0.0,0.0,0.0,-0.018531,
0.0,1.081133,0.885444,-0.000066,0.0,1.570796,0.0,0.900717,0.132002,0.0,0.0,0.0,-0.149861,-0.033828,-0.00614,0.884088,0.219875,0.00965,-0.179527,0.025722,0.006799,0.240081,-0.031704,-0.023742,-0.179463,0.174482,0.0,-0.145311,0.0,0.0,0.0,0.05935,-0.174482,0.0,-0.012452,0.0,0.0,0.0,0.0,0.0,-0.0,0.0,-0.0,0.0,-0.0,0.0,0.0,0.001953,-0.004944,0.0,0.000194,0.0,0.000043,0.0,-0.000044,0.0,-0.000194,0.0,0.0,0.0,-0.016865,
0.0,1.09014,0.886764,-0.000066,0.0,1.570796,0.0,0.900694,0.132002,0.0,0.0,0.0,-0.170985,-0.033572,-0.005371,0.891837,0.205387,0.010437,-0.156603,0.025575,0.007019,0.214658,-0.031008,-0.023846,-0.167378,0.174482,0.0,-0.135119,-0.0,0.0,0.0,0.037362,-0.174482,0.0,-0.012452,0.0,0.0,0.0,0.0,0.0,0.0,0.0,-0.0,0.0,0.0,0.0,-0.0,0.001953,-0.004944,0.0,0.000194,0.0,0.000043,0.0,-0.000044,0.0,-0.000194,0.0,-0.0,0.0,-0.015199,
0.0,1.099107,0.887705,-0.000066,0.0,1.570796,0.0,0.896661,0.094115,0.0,0.0,0.0,-0.189003,-0.033142,-0.004657,0.890541,0.189797,0.011389,-0.135213,0.025465,0.007514,0.192248,-0.03196,-0.023949,-0.153958,0.174482,0.0,-0.123472,-0.0,0.0,0.0,0.014089,-0.174482,0.0,-0.012452,0.0,0.0,0.0,0.0,0.0,-0.0,0.0,-0.0,0.0,0.0,0.0,0.0,0.001953,-0.004944,0.0,0.000194,0.0,0.000043,0.0,-0.000044,0.0,-0.000194,0.0,0.0,0.0,-0.012709,
0.0,1.108074,0.888646,-0.000066,0.0,1.570796,0.0,0.896661,0.094099,0.0,0.0,0.0,-0.207023,-0.032711,-0.003943,0.889243,0.174205,0.012342,-0.11382,0.025355,0.008008,0.169835,-0.032912,-0.024053,-0.140536,0.174482,0.0,-0.111825,0.0,0.0,0.0,-0.009189,-0.174482,0.0,-0.012452,0.0,0.0,0.0,-0.0,0.0,0.0,0.0,0.0,0.0,0.0,0.0,-0.0,0.001953,-0.004944,0.0,0.000194,0.0,0.000043,0.0,-0.000044,0.0,-0.000194,0.0,-0.0,0.0,-0.010218,
0.0,1.11704,0.889587,-0.000066,0.0,1.570796,0.0,0.896638,0.094099,0.0,0.0,0.0,-0.225041,-0.032281,-0.003229,0.887944,0.158614,0.013294,-0.092429,0.025246,0.008502,0.147424,-0.033865,-0.024157,-0.127116,0.174482,-0.0,-0.100177,0.0,0.0,0.0,-0.032464,-0.174482,-0.0,-0.012452,0.0,0.0,0.0,0.0,0.0,0.0,0.0,-0.0,0.0,0.0,0.0,-0.0,0.001953,-0.004944,0.0,0.000194,0.0,0.000043,0.0,-0.000044,0.0,-0.000194,0.0,-0.0,0.0,-0.007728,
0.0,1.126029,0.890178,-0.000066,0.0,1.570796,-0.0,0.898914,0.059111,0.0,0.0,0.0,-0.243198,-0.031851,-0.002613,0.883441,0.144585,0.014136,-0.078677,0.025221,0.009058,0.140072,-0.042068,-0.024261,-0.113341,0.174482,0.0,-0.08866,-0.0,0.0,0.0,-0.056212,-0.174482,0.0,-0.012452,0.0,0.0,0.0,0.0,0.0,0.0,0.0,0.0,0.0,0.0,0.0,0.0,0.001953,-0.004944,0.0,0.000194,0.0,0.000043,0.0,-0.000044,0.0,-0.000194,0.0,0.0,0.0,-0.00525,
0.0,1.13503,0.890594,-0.000066,0.0,1.570796,0.0,0.900044,0.041586,0.0,0.0,0.0,-0.261428,-0.03142,-0.002045,0.877332,0.131335,0.014923,-0.068746,0.025239,0.009644,0.140256,-0.053902,-0.024365,-0.099389,0.174482,0.0,-0.077207,0.0,0.0,0.0,-0.080204,-0.174482,0.0,-0.012452,-0.0,0.0,0.0,0.0,0.0,-0.0,0.0,0.0,0.0,-0.0,0.0,-0.0,0.001953,-0.004944,0.0,0.000194,0.0,0.000043,0.0,-0.000044,0.0,-0.000194,0.0,0.0,0.0,-0.002778,
0.0,1.14403,0.89101,-0.000066,0.0,1.570796,0.0,0.900067,0.041594,0.0,0.0,0.0,-0.279658,-0.03099,-0.001477,0.871224,0.118085,0.015711,-0.058815,0.025258,0.01023,0.140439,-0.065736,-0.024468,-0.085436,0.174482,0.0,-0.065753,0.0,0.0,0.0,-0.104196,-0.174482,0.0,-0.012452,0.0,0.0,0.0,0.0,0.0,-0.0,0.0,-0.0,0.0,-0.0,0.0,-0.0,0.001953,-0.004944,0.0,0.000194,0.0,0.000043,0.0,-0.000044,0.0,-0.000194,0.0,0.0,0.0,-0.000306,
0.0,1.1531,0.891231,-0.000066,0.0,1.570796,0.0,0.90695,0.02214,0.0,0.0,0.0,-0.29839,-0.030703,-0.001147,0.864777,0.106831,0.016315,-0.04877,0.02527,0.010572,0.140562,-0.075251,-0.024548,-0.07144,0.174482,-0.0,-0.05448,0.0,0.0,0.0,-0.126812,-0.174482,0.0,-0.01383,0.0,0.0,0.0,-0.0,0.0,0.0,0.0,0.0,0.0,0.0,0.0,0.0,0.001953,-0.004944,0.0,0.000194,0.0,0.000043,0.0,-0.000045,0.0,-0.000194,0.0,0.0,0.0,0.002014,
0.0,1.162307,0.891063,-0.000066,0.0,1.570796,0.0,0.920701,-0.016792,0.0,0.0,0.0,-0.318134,-0.030703,-0.001294,0.857654,0.099572,0.016553,-0.038496,0.02527,0.010425,0.140562,-0.080126,-0.024578,-0.057353,0.174482,0.0,-0.043564,-0.0,0.0,0.0,-0.146683,-0.174482,0.0,-0.017969,0.0,0.0,0.0,0.0,0.0,0.0,-0.0,0.0,0.0,0.0,0.0,0.0,0.001953,-0.004944,0.0,0.000194,-0.0,0.000043,-0.0,-0.000045,0.0,-0.000194,0.0,-0.0,0.0,0.004028,
0.0,1.171514,0.890895,-0.000066,0.0,1.570796,0.0,0.920724,-0.016792,0.0,0.0,0.0,-0.337879,-0.030703,-0.00144,0.85053,0.092312,0.016791,-0.028222,0.02527,0.010279,0.140562,-0.085001,-0.024609,-0.043266,0.174482,0.0,-0.032648,0.0,0.0,0.0,-0.166557,-0.174482,0.0,-0.022107,0.0,0.0,0.0,-0.0,0.0,-0.0,0.0,-0.0,0.0,-0.0,0.0,-0.0,0.001953,-0.004944,0.0,0.000194,0.0,0.000044,0.0,-0.000045,0.0,-0.000194,0.0,0.0,0.0,0.006042,
0.0,1.180721,0.890727,-0.000066,0.0,1.570796,0.0,0.920701,-0.016792,0.0,0.0,0.0,-0.357621,-0.030703,-0.001587,0.843406,0.085052,0.017029,-0.017948,0.02527,0.010132,0.140562,-0.089876,-0.024639,-0.02918,0.174482,0.0,-0.021732,0.0,0.0,0.0,-0.186428,-0.174482,-0.0,-0.026246,-0.0,0.0,0.0,-0.0,0.0,0.0,0.0,0.0,0.0,-0.0,0.0,-0.0,0.001953,-0.004944,0.0,0.000194,0.0,0.000044,0.0,-0.000045,0.0,-0.000194,0.0,0.0,0.0,0.008056,
0.0,1.190097,0.889928,-0.000066,0.0,1.570796,0.0,0.937612,-0.079963,0.0,0.0,0.0,-0.377969,-0.030703,-0.001935,0.835243,0.081771,0.01703,-0.007455,0.02527,0.009766,0.14047,-0.095082,-0.02467,-0.014477,0.174482,0.0,-0.02173,-0.0,0.0,0.0,-0.204442,-0.174482,0.0,-0.034798,0.0,0.0,0.0,0.0,0.0,0.0,0.0,0.0,0.0,0.0,0.0,0.0,0.001953,-0.004944,0.0,0.000194,0.0,0.000044,0.0,-0.000045,0.0,-0.000194,0.0,0.0,0.0,0.008588,
0.0,1.199473,0.889128,-0.000066,0.0,1.570796,0.0,0.937604,-0.07997,0.0,0.0,0.0,-0.39832,-0.030703,-0.002283,0.827079,0.07849,0.01703,0.003037,0.02527,0.0094,0.140378,-0.100289,-0.0247,0.000229,0.174482,0.0,-0.02173,0.0,0.0,0.0,-0.222458,-0.174482,0.0,-0.043351,0.0,0.0,0.0,0.0,0.0,0.0,0.0,0.0,0.0,0.0,0.0,0.0,0.001953,-0.004944,-0.0,0.000194,0.0,0.000045,0.0,-0.000045,0.0,-0.000194,0.0,0.0,0.0,0.009119,
0.0,1.208849,0.888328,-0.000066,0.0,1.570796,0.0,0.937589,-0.07997,0.0,0.0,0.0,-0.418669,-0.030703,-0.002631,0.818916,0.07521,0.01703,0.01353,0.02527,0.009034,0.140287,-0.105496,-0.024731,0.014933,0.174482,0.0,-0.02173,0.0,0.0,0.0,-0.240472,-0.174482,0.0,-0.051904,0.0,0.0,0.0,0.0,0.0,0.0,0.0,0.0,0.0,0.0,0.0,0.0,0.001953,-0.004944,0.0,0.000194,0.0,0.000045,0.0,-0.000045,0.0,-0.000194,0.0,0.0,0.0,0.00965,
0.0,1.218344,0.88727,-0.000066,0.0,1.570796,0.0,0.949538,-0.105803,0.0,0.0,0.0,-0.433401,-0.030508,-0.00271,0.803555,0.067865,0.017408,0.024218,0.025233,0.008704,0.140256,-0.112552,-0.024761,0.030481,0.174482,0.0,-0.02173,0.0,0.0,0.0,-0.256753,-0.174482,-0.0,-0.059971,0.0,0.0,0.0,0.0,0.0,-0.0,0.0,-0.0,0.0,-0.0,0.0,-0.0,0.001953,-0.004944,0.0,0.000194,0.0,0.000045,0.0,-0.000045,0.0,-0.000194,0.0,-0.0,0.0,0.009766,
0.0,1.2279,0.886083,-0.000066,0.0,1.570796,0.0,0.955513,-0.118734,0.0,0.0,0.0,-0.445323,-0.030215,-0.002655,0.784588,0.058486,0.017976,0.035005,0.025178,0.008393,0.140256,-0.120536,-0.024792,0.046454,0.174482,0.0,-0.02173,0.0,0.0,0.0,-0.272168,-0.174482,0.0,-0.067794,0.0,0.0,0.0,-0.0,0.0,-0.0,0.0,-0.0,0.0,-0.0,0.0,-0.0,0.001953,-0.004944,0.0,0.000194,0.0,0.000046,0.0,-0.000045,0.0,-0.000194,0.0,-0.0,0.0,0.009674,
0.0,1.237455,0.884896,-0.000066,0.0,1.570796,0.0,0.95549,-0.118734,0.0,0.0,0.0,-0.457245,-0.029922,-0.0026,0.765622,0.049106,0.018543,0.045793,0.025123,0.008081,0.140256,-0.128519,-0.024822,0.062426,0.174482,-0.0,-0.02173,0.0,0.0,0.0,-0.287582,-0.174482,0.0,-0.075618,0.0,0.0,0.0,0.0,0.0,0.0,0.0,0.0,0.0,0.0,0.0,0.0,0.001953,-0.004944,-0.0,0.000194,0.0,0.000046,0.0,-0.000045,0.0,-0.000194,0.0,0.0,0.0,0.009583,
0.0,1.247152,0.883612,-0.000066,0.0,1.570796,0.0,0.969765,-0.128392,0.0,0.0,0.0,-0.467298,-0.029519,-0.002362,0.743752,0.039496,0.01915,0.056715,0.025087,0.007727,0.140225,-0.136503,-0.024861,0.077755,0.174482,0.0,-0.02173,-0.0,0.0,0.0,-0.302025,-0.174482,0.0,-0.083155,0.0,0.0,0.0,0.0,0.0,0.0,0.0,-0.0,0.0,0.0,0.0,0.0,0.001953,-0.004944,0.0,0.000194,0.0,0.000046,0.0,-0.000046,0.0,-0.000194,-0.0,0.0,0.0,0.009522,
0.0,1.257135,0.882135,-0.000066,0.0,1.570796,0.0,0.998285,-0.147723,0.0,0.0,0.0,-0.47361,-0.028896,-0.001758,0.716054,0.029424,0.019837,0.067911,0.025087,0.007288,0.140134,-0.144487,-0.024916,0.091798,0.174482,-0.0,-0.02173,0.0,0.0,0.0,-0.314526,-0.174482,-0.0,-0.090121,0.0,0.0,0.0,-0.0,0.0,-0.0,0.0,0.0,0.0,0.0,0.0,0.0,0.001953,-0.004944,0.0,0.000194,0.0,0.000046,0.0,-0.000046,0.0,-0.000194,0.0,0.0,0.0,0.009522,
0.0,1.267118,0.880657,-0.000066,0.0,1.570796,0.0,0.998301,-0.14773,0.0,0.0,0.0,-0.479922,-0.028273,-0.001154,0.688352,0.019352,0.020524,0.079107,0.025087,0.006848,0.140042,-0.15247,-0.024971,0.105841,0.174482,-0.0,-0.02173,-0.0,0.0,0.0,-0.327026,-0.174482,-0.0,-0.097087,0.0,0.0,0.0,0.0,0.0,0.0,0.0,0.0,0.0,-0.0,0.0,-0.0,0.001953,-0.004944,0.0,0.000194,0.0,0.000046,0.0,-0.000046,0.0,-0.000194,0.0,0.0,0.0,0.009522,
0.0,1.277101,0.87918,-0.000066,0.0,1.570796,0.0,0.998308,-0.147738,0.0,0.0,0.0,-0.486234,-0.027651,-0.000549,0.660657,0.00928,0.021211,0.090302,0.025087,0.006409,0.13995,-0.160453,-0.025026,0.119884,0.174482,-0.0,-0.02173,-0.0,0.0,0.0,-0.339527,-0.174482,0.0,-0.104052,0.0,-0.0,0.0,0.0,0.0,-0.0,0.0,-0.0,0.0,0.0,0.0,-0.0,0.001953,-0.004944,0.0,0.000194,0.0,0.000046,0.0,-0.000046,0.0,-0.000194,0.0,0.0,0.0,0.009522,
0.0,1.287881,0.877551,-0.000066,0.0,1.570796,-0.0,1.078021,-0.162877,0.0,0.0,0.0,-0.486519,-0.026992,0.000384,0.625705,-0.003647,0.021897,0.102387,0.025087,0.006098,0.13995,-0.16821,-0.025081,0.13345,0.174482,0.0,-0.02173,-0.0,0.0,0.0,-0.34801,-0.174482,0.0,-0.109903,0.0,0.0,0.0,0.0,0.0,-0.0,0.0,-0.0,0.0,-0.0,0.0,-0.0,0.001953,-0.004944,0.0,0.000194,0.0,0.000046,-0.0,-0.000046,0.0,-0.000194,0.0,0.0,0.0,0.011371,
0.0,1.298662,0.875922,-0.000066,0.0,1.570796,0.0,1.078075,-0.162885,0.0,0.0,0.0,-0.486802,-0.026332,0.001318,0.590736,-0.016576,0.022584,0.114473,0.025087,0.005786,0.13995,-0.175966,-0.025136,0.147018,0.174482,0.0,-0.02173,0.0,0.0,0.0,-0.356492,-0.174482,0.0,-0.115754,0.0,0.0,0.0,0.0,0.0,-0.0,0.0,-0.0,0.0,-0.0,0.0,-0.0,0.001953,-0.004944,0.0,0.000194,0.0,0.000046,0.0,-0.000046,0.0,-0.000194,0.0,0.0,0.0,0.01322,
0.0,1.309442,0.874294,-0.000066,0.0,1.570796,0.0,1.078014,-0.162877,0.0,0.0,0.0,-0.487085,-0.025673,0.002252,0.555777,-0.029503,0.023271,0.126558,0.025087,0.005475,0.13995,-0.183723,-0.025191,0.160584,0.174482,0.0,-0.02173,0.0,0.0,0.0,-0.364974,-0.174482,0.0,-0.121605,-0.0,0.0,0.0,0.0,0.0,0.0,0.0,-0.0,0.0,-0.0,0.0,-0.0,0.001953,-0.004944,0.0,0.000194,0.0,0.000046,0.0,-0.000046,0.0,-0.000194,0.0,0.0,0.0,0.01507,
0.0,1.320478,0.872789,-0.000066,0.0,1.570796,0.0,1.103602,-0.150501,0.0,0.0,0.0,-0.48772,-0.025233,0.003064,0.530399,-0.044742,0.023683,0.139034,0.025087,0.005652,0.140011,-0.19243,-0.025246,0.17164,0.174482,0.0,-0.02173,-0.0,0.0,0.0,-0.371617,-0.174482,0.0,-0.12791,0.0,0.0,0.0,0.0,0.0,0.0,0.0,0.0,0.0,-0.0,-0.0,-0.0,0.001953,-0.004944,0.0,0.000194,0.0,0.000047,0.0,-0.000047,0.0,-0.000194,0.0,0.0,0.0,0.017114,
0.0,1.331642,0.871345,-0.000066,0.0,1.570796,0.0,1.116358,-0.144305,0.0,0.0,0.0,-0.488531,-0.024904,0.003815,0.509809,-0.06114,0.023958,0.151706,0.025087,0.006073,0.140103,-0.201614,-0.025301,0.181441,0.174482,0.0,-0.02173,-0.0,0.0,0.0,-0.377341,-0.174482,0.0,-0.134444,0.0,0.0,0.0,0.0,0.0,-0.0,0.0,-0.0,0.0,0.0,0.0,-0.0,0.001953,-0.004944,0.0,0.000194,0.0,0.000048,0.0,-0.000048,0.0,-0.000194,0.0,0.0,0.0,0.019257,
0.0,1.342805,0.869903,-0.000066,0.0,1.570796,0.0,1.116342,-0.144289,0.0,0.0,0.0,-0.489343,-0.024574,0.004565,0.489219,-0.077537,0.024232,0.164377,0.025087,0.006494,0.140195,-0.210798,-0.025355,0.191241,0.174482,0.0,-0.02173,0.0,0.0,0.0,-0.383064,-0.174482,0.0,-0.140978,0.0,0.0,0.0,0.0,0.0,-0.0,0.0,0.0,0.0,-0.0,0.0,0.0,0.001953,-0.004944,0.0,0.000194,0.0,0.000049,-0.0,-0.000048,0.0,-0.000194,0.0,0.0,0.0,0.021399,
0.0,1.354146,0.868558,-0.000066,0.0,1.570796,0.0,1.134088,-0.134454,0.0,0.0,0.0,-0.491533,-0.024306,0.005219,0.47601,-0.093315,0.024431,0.177086,0.025093,0.00705,0.140314,-0.218218,-0.025435,0.199782,0.174482,0.0,-0.02173,0.0,0.0,0.0,-0.387738,-0.174482,0.0,-0.147703,0.0,0.0,0.0,-0.0,0.0,0.0,0.0,-0.0,0.0,-0.0,0.0,-0.0,0.001953,-0.004944,0.0,0.000194,0.0,0.00005,-0.0,-0.000049,0.0,-0.000194,-0.0,0.0,0.0,0.023481,
0.0,1.365842,0.867411,-0.000066,0.0,1.570796,0.0,1.169548,-0.114722,0.0,0.0,0.0,-0.496483,-0.024159,0.005676,0.477575,-0.10786,0.024476,0.189873,0.025111,0.007874,0.140488,-0.222106,-0.025563,0.205802,0.174482,-0.0,-0.02173,0.0,0.0,0.0,-0.390315,-0.174482,0.0,-0.154811,0.0,0.0,0.0,0.0,0.0,0.0,0.0,0.0,0.0,-0.0,-0.0,0.0,0.001953,-0.004944,0.0,0.000194,0.0,0.000051,0.0,-0.00005,0.0,-0.000194,0.0,0.0,0.0,0.02544,
0.0,1.377537,0.866264,-0.000066,0.0,1.570796,0.0,1.169517,-0.114714,0.0,0.0,0.0,-0.501433,-0.024013,0.006134,0.479139,-0.122404,0.024522,0.20266,0.02513,0.008698,0.140663,-0.225994,-0.025691,0.211823,0.174482,0.0,-0.02173,0.0,0.0,0.0,-0.392891,-0.174482,0.0,-0.161919,0.0,0.0,0.0,0.0,0.0,-0.0,0.0,-0.0,0.0,-0.0,0.0,0.0,0.001953,-0.004944,-0.0,0.000194,0.0,0.000052,0.0,-0.000051,0.0,-0.000194,0.0,0.0,0.0,0.0274,
0.0,1.389232,0.865116,-0.000066,0.0,1.570796,0.0,1.169548,-0.114722,0.0,0.0,0.0,-0.506384,-0.023866,0.006592,0.480703,-0.136948,0.024568,0.215447,0.025148,0.009522,0.140837,-0.229882,-0.025819,0.217843,0.174482,-0.0,-0.02173,0.0,0.0,0.0,-0.395467,-0.174482,-0.0,-0.169028,0.0,0.0,0.0,-0.0,0.0,0.0,0.0,0.0,0.0,-0.0,0.0,0.0,0.001953,-0.004944,0.0,0.000194,0.0,0.000053,-0.0,-0.000051,0.0,-0.000194,0.0,0.0,0.0,0.029359,
0.0,1.401834,0.864313,-0.000066,0.0,1.570796,0.0,1.260213,-0.080361,0.0,0.0,0.0,-0.50204,-0.023811,0.006793,0.477426,-0.144479,0.024614,0.228373,0.025221,0.010602,0.141012,-0.226088,-0.025948,0.223482,0.174482,0.0,-0.02173,0.0,0.0,0.0,-0.392426,-0.174482,0.0,-0.171547,0.0,0.0,0.0,0.0,0.0,0.0,0.0,-0.0,0.0,0.0,0.0,-0.0,0.001953,-0.004944,0.0,0.000194,0.0,0.000054,-0.0,-0.000052,0.0,-0.000194,0.0,-0.0,0.0,0.03066,
0.0,1.414437,0.863509,-0.000066,0.0,1.570796,0.0,1.260274,-0.080346,0.0,0.0,0.0,-0.497694,-0.023756,0.006995,0.474148,-0.152007,0.02466,0.241301,0.025294,0.011682,0.141186,-0.222292,-0.026076,0.229122,0.174482,0.0,-0.02173,-0.0,0.0,0.0,-0.389383,-0.174482,0.0,-0.174065,-0.0,0.0,0.0,0.0,0.0,-0.0,0.0,0.0,0.0,0.0,0.0,-0.0,0.001953,-0.004944,0.0,0.000194,-0.0,0.000054,0.0,-0.000053,0.0,-0.000194,0.0,0.0,0.0,0.03196,
0.0,1.42704,0.862706,-0.000066,0.0,1.570796,0.0,1.260274,-0.080353,0.0,0.0,0.0,-0.493347,-0.023701,0.007196,0.47087,-0.159536,0.024705,0.254228,0.025367,0.012763,0.14136,-0.218497,-0.026204,0.234762,0.174482,0.0,-0.02173,0.0,0.0,0.0,-0.386341,-0.174482,0.0,-0.176583,-0.0,0.0,0.0,0.0,0.0,0.0,0.0,-0.0,0.0,0.0,0.0,-0.0,0.001953,-0.004944,0.0,0.000194,-0.0,0.000055,0.0,-0.000054,0.0,-0.000194,0.0,0.0,0.0,0.03326,
0.0,1.439595,0.862401,-0.000066,0.0,1.570796,0.0,1.255541,-0.03045,0.0,0.0,0.0,-0.482677,-0.02372,0.007007,0.459755,-0.153802,0.0247,0.266191,0.025465,0.014014,0.141529,-0.207631,-0.026247,0.238265,0.174482,0.0,-0.02173,0.0,0.0,0.0,-0.381798,-0.174482,-0.0,-0.177889,0.0,0.0,0.0,0.0,0.0,0.0,-0.0,0.0,0.0,0.0,0.0,0.0,0.001953,-0.004944,-0.0,0.000194,0.0,0.000055,0.0,-0.000055,0.0,-0.000194,0.0,0.0,0.0,0.034231,
0.0,1.452128,0.862347,-0.000066,0.0,1.570796,0.0,1.253235,-0.005471,0.0,0.0,0.0,-0.468839,-0.023774,0.006623,0.444717,-0.141429,0.02467,0.277673,0.025575,0.015351,0.141694,-0.193225,-0.026247,0.2407,0.174482,-0.0,-0.02173,0.0,0.0,0.0,-0.376504,-0.174482,0.0,-0.178587,0.0,0.0,0.0,0.0,0.0,-0.0,0.0,-0.0,0.0,0.0,0.0,-0.0,0.001953,-0.004944,0.0,0.000194,-0.0,0.000056,0.0,-0.000055,0.0,-0.000194,0.0,0.0,0.0,0.035037,
0.0,1.46466,0.862292,-0.000066,0.0,1.570796,0.0,1.253189,-0.005471,0.0,0.0,0.0,-0.455001,-0.023829,0.006238,0.429679,-0.129056,0.024639,0.289155,0.025685,0.016687,0.141859,-0.17882,-0.026247,0.243135,0.174482,0.0,-0.02173,0.0,0.0,0.0,-0.37121,-0.174482,0.0,-0.179286,0.0,0.0,0.0,-0.0,0.0,-0.0,0.0,0.0,0.0,0.0,0.0,-0.0,0.001953,-0.004944,0.0,0.000194,0.0,0.000056,0.0,-0.000056,0.0,-0.000194,0.0,0.0,0.0,0.035843,
0.0,1.477098,0.862484,-0.000066,0.0,1.570796,0.0,1.24388,0.019232,0.0,0.0,0.0,-0.439883,-0.023893,0.005817,0.414303,-0.116219,0.024609,0.300029,0.025807,0.018097,0.142006,-0.160031,-0.026088,0.244156,0.174482,0.0,-0.02173,-0.0,0.0,0.0,-0.365523,-0.174482,0.0,-0.179458,0.0,0.0,0.0,0.0,0.0,0.0,-0.0,-0.0,0.0,-0.0,0.0,-0.0,0.001953,-0.004944,0.0,0.000194,0.0,0.000057,0.0,-0.000057,0.0,-0.000194,0.0,0.0,0.0,0.036411,
0.0,1.48935,0.863171,-0.000066,0.0,1.570796,0.0,1.225154,0.068692,0.0,0.0,0.0,-0.422196,-0.023976,0.005323,0.398245,-0.10245,0.024578,0.309688,0.025953,0.019654,0.142116,-0.132453,-0.025612,0.242349,0.174482,0.0,-0.02173,0.0,0.0,0.0,-0.359047,-0.174482,0.0,-0.178575,0.0,0.0,0.0,-0.0,0.0,0.0,-0.0,-0.0,0.0,0.0,0.0,-0.0,0.001953,-0.004944,0.0,0.000194,0.0,0.000058,0.0,-0.000058,0.0,-0.000194,0.0,-0.0,0.0,0.036502,
0.0,1.501601,0.863858,-0.000066,0.0,1.570796,0.0,1.225123,0.068692,0.0,0.0,0.0,-0.404509,-0.024058,0.004828,0.382188,-0.088682,0.024548,0.319346,0.0261,0.02121,0.142226,-0.104873,-0.025136,0.240541,0.174482,0.0,-0.02173,-0.0,-0.0,-0.0,-0.352572,-0.174482,-0.0,-0.177693,-0.0,0.0,-0.0,0.0,-0.0,-0.0,0.0,-0.0,-0.0,-0.0,0.0,-0.0,0.001953,-0.004944,0.0,0.000194,0.0,0.000059,0.0,-0.000058,0.0,-0.000194,-0.0,0.0,0.0,0.036594,
0.0,1.513853,0.864545,-0.000066,0.0,1.570796,0.0,1.225154,0.068692,0.0,0.0,0.0,-0.386823,-0.024141,0.004334,0.366131,-0.074913,0.024517,0.329004,0.026246,0.022767,0.142336,-0.077299,-0.02466,0.238733,0.174482,-0.0,-0.02173,-0.0,-0.0,0.0,-0.346097,-0.174482,0.0,-0.176811,0.0,0.0,0.0,0.0,-0.0,0.0,0.0,-0.0,0.0,0.0,0.0,0.0,0.001953,-0.004944,0.0,0.000194,0.0,0.000061,0.0,-0.000059,0.0,-0.000194,0.0,0.0,0.0,0.036685,
0.0,1.525199,0.865519,-0.000066,0.0,1.570796,0.0,1.134667,0.097434,0.0,0.0,0.0,-0.375776,-0.024223,0.003967,0.365662,-0.066961,0.024487,0.336233,0.026246,0.021907,0.141804,-0.037073,-0.023817,0.23105,0.174482,0.0,-0.02173,0.0,0.0,0.0,-0.339875,-0.174482,0.0,-0.172878,0.0,0.0,0.0,0.0,0.0,-0.0,0.0,-0.0,0.0,-0.0,0.0,-0.0,0.001953,-0.004944,0.0,0.000194,0.0,0.000062,0.0,-0.00006,0.0,-0.000194,0.0,0.0,0.0,0.034836,
0.0,1.536545,0.866494,-0.000066,0.0,1.570796,0.0,1.134606,0.097434,0.0,0.0,0.0,-0.36473,-0.024306,0.003601,0.365196,-0.05901,0.024456,0.34346,0.026247,0.021046,0.141272,0.003176,-0.022975,0.223366,0.174482,0.0,-0.02173,0.0,0.0,0.0,-0.333654,-0.174482,0.0,-0.168946,0.0,0.0,0.0,0.0,0.0,0.0,0.0,0.0,0.0,0.0,0.0,0.0,0.001953,-0.004944,0.0,0.000194,0.0,0.000063,0.0,-0.000061,0.0,-0.000194,0.0,0.0,0.0,0.032986,
0.0,1.547892,0.867468,-0.000066,0.0,1.570796,0.0,1.134652,0.097441,0.0,0.0,0.0,-0.353685,-0.024388,0.003235,0.364731,-0.051059,0.024426,0.350688,0.026247,0.020186,0.140739,0.043417,-0.022133,0.215681,0.174482,0.0,-0.02173,-0.0,0.0,0.0,-0.327432,-0.174482,-0.0,-0.165013,0.0,0.0,0.0,0.0,0.0,0.0,-0.0,0.0,0.0,0.0,0.0,0.0,0.001953,-0.004944,0.0,0.000194,0.0,0.000064,0.0,-0.000062,0.0,-0.000194,0.0,0.0,0.0,0.031137,
0.0,1.558878,0.868596,-0.000066,0.0,1.570796,0.0,1.09864,0.112767,0.0,0.0,0.0,-0.341935,-0.024415,0.002991,0.362926,-0.047211,0.024385,0.308978,0.02765,0.019874,0.22395,0.062218,-0.020436,0.205614,0.174482,0.0,-0.02173,0.0,0.0,0.0,-0.321193,-0.174482,0.0,-0.159577,0.0,0.0,0.0,0.0,0.0,-0.0,0.0,-0.0,0.0,-0.0,0.0,-0.0,0.001953,-0.004944,0.0,0.000194,0.0,0.000065,0.0,-0.000062,-0.0,-0.000194,0.0,0.0,0.0,0.03008,
0.0,1.569685,0.8698,-0.000066,0.0,1.570796,0.0,1.080665,0.120433,0.0,0.0,0.0,-0.329831,-0.024415,0.002808,0.360451,-0.045416,0.024339,0.242658,0.029756,0.019837,0.349822,0.070298,-0.018312,0.194354,0.174482,0.0,-0.02173,0.0,0.0,0.0,-0.314945,-0.174482,0.0,-0.153388,0.0,-0.0,0.0,0.0,0.0,-0.0,0.0,0.0,0.0,-0.0,0.0,-0.0,0.001953,-0.004944,0.0,0.000194,0.0,0.000065,0.0,-0.000063,0.0,-0.000194,0.0,0.0,0.0,0.029421,
0.0,1.580492,0.871004,-0.000066,0.0,1.570796,0.0,1.080665,0.120433,0.0,0.0,0.0,-0.317728,-0.024415,0.002625,0.357975,-0.043621,0.024293,0.176339,0.031862,0.019801,0.475694,0.078378,-0.016188,0.183094,0.174482,-0.0,-0.02173,0.0,0.0,0.0,-0.308696,-0.174482,0.0,-0.147198,-0.0,-0.0,0.0,-0.0,0.0,0.0,0.0,-0.0,0.0,0.0,0.0,0.0,0.001953,-0.004944,0.0,0.000194,0.0,0.000065,0.0,-0.000064,0.0,-0.000194,0.0,0.0,0.0,0.028762,
0.0,1.591215,0.872272,-0.000066,0.0,1.570796,0.0,1.072364,0.126788,0.0,0.0,0.0,-0.304543,-0.024415,0.002503,0.353551,-0.043327,0.024248,0.117166,0.034029,0.020228,0.581819,0.092474,-0.013661,0.170882,0.174482,0.0,-0.02173,0.0,0.0,0.0,-0.302212,-0.174482,0.0,-0.140174,0.0,0.0,0.0,0.0,0.0,-0.0,0.0,-0.0,0.0,-0.0,0.0,-0.0,0.001953,-0.004944,0.0,0.000194,0.0,0.000065,-0.0,-0.000065,0.0,-0.000194,0.0,-0.0,0.0,0.02856,
0.0,1.601774,0.873667,-0.000066,0.0,1.570796,0.0,1.055838,0.139512,0.0,0.0,0.0,-0.289189,-0.024415,0.002503,0.345226,-0.046038,0.024202,0.072052,0.036318,0.021583,0.649995,0.118623,-0.010328,0.156759,0.174482,0.0,-0.02173,-0.0,0.0,0.0,-0.295252,-0.174482,0.0,-0.131476,0.0,0.0,0.0,0.0,0.0,0.0,0.0,-0.0,0.0,0.0,0.0,-0.0,0.001953,-0.004944,0.0,0.000194,0.0,0.000065,0.0,-0.000065,0.0,-0.000194,0.0,0.0,0.0,0.029274,
0.0,1.612332,0.875063,-0.000066,0.0,1.570796,0.0,1.055807,0.139512,0.0,0.0,0.0,-0.273835,-0.024415,0.002503,0.336901,-0.048748,0.024156,0.026923,0.038608,0.022938,0.718222,0.144775,-0.006996,0.142636,0.174482,-0.0,-0.02173,0.0,0.0,0.0,-0.288292,-0.174482,-0.0,-0.122779,-0.0,0.0,-0.0,0.0,0.0,0.0,0.0,-0.0,0.0,0.0,0.0,0.0,0.001953,-0.004944,0.0,0.000194,0.0,0.000065,0.0,-0.000065,0.0,-0.000194,0.0,0.0,0.0,0.029988,
0.0,1.62289,0.876458,-0.000066,0.0,1.570796,0.0,1.055838,0.139512,0.0,0.0,0.0,-0.258483,-0.024415,0.002503,0.328576,-0.051459,0.02411,-0.018177,0.040897,0.024293,0.786345,0.170921,-0.003663,0.128514,0.174482,0.0,-0.02173,0.0,0.0,0.0,-0.281333,-0.174482,-0.0,-0.114081,0.0,0.0,0.0,0.0,0.0,0.0,0.0,0.0,0.0,-0.0,0.0,-0.0,0.001953,-0.004944,0.0,0.000194,0.0,0.000065,-0.0,-0.000065,0.0,-0.000194,0.0,0.0,0.0,0.030703,
0.0,1.633424,0.878024,-0.000066,0.0,1.570796,0.0,1.05338,0.156579,0.0,0.0,0.0,-0.237276,-0.024415,0.002503,0.309638,-0.054958,0.02411,-0.051345,0.042234,0.024714,0.819901,0.18662,-0.001539,0.112948,0.174482,0.0,-0.02173,0.0,0.0,0.0,-0.271321,-0.174482,0.0,-0.101123,0.0,0.0,0.0,0.0,0.0,-0.0,0.0,0.0,0.0,0.0,0.0,0.0,0.001953,-0.004944,0.0,0.000194,0.0,0.000065,0.0,-0.000065,0.0,-0.000194,0.0,-0.0,0.0,0.030538,
0.0,1.643957,0.879589,-0.000066,0.0,1.570796,0.0,1.053365,0.156579,0.0,0.0,0.0,-0.216066,-0.024415,0.002503,0.290695,-0.058457,0.02411,-0.084522,0.043571,0.025136,0.85346,0.202316,0.000585,0.09738,0.174482,-0.0,-0.02173,0.0,0.0,0.0,-0.261309,-0.174482,0.0,-0.088162,0.0,0.0,0.0,-0.0,0.0,0.0,0.0,-0.0,0.0,0.0,0.0,-0.0,0.001953,-0.004944,0.0,0.000194,0.0,0.000065,0.0,-0.000065,0.0,-0.000194,0.0,-0.0,0.0,0.030373,
0.0,1.654491,0.881155,-0.000066,0.0,1.570796,0.0,1.05338,0.156587,0.0,0.0,0.0,-0.194856,-0.024415,0.002503,0.271753,-0.061956,0.02411,-0.117693,0.044908,0.025557,0.887014,0.218013,0.002709,0.081813,0.174482,-0.0,-0.02173,0.0,0.0,0.0,-0.251297,-0.174482,-0.0,-0.075202,0.0,-0.0,0.0,0.0,0.0,-0.0,0.0,-0.0,0.0,0.0,0.0,-0.0,0.001953,-0.004944,0.0,0.000194,0.0,0.000065,0.0,-0.000065,0.0,-0.000194,0.0,0.0,0.0,0.030208,
0.0,1.664704,0.882545,-0.000066,0.0,1.570796,0.0,1.021261,0.138968,0.0,0.0,0.0,-0.167626,-0.024415,0.002197,0.240295,-0.058924,0.02411,-0.14411,0.045464,0.025453,0.905305,0.217445,0.003223,0.06361,0.174482,0.0,-0.02173,0.0,0.0,0.0,-0.240121,-0.174482,0.0,-0.063762,0.0,-0.0,0.0,-0.0,0.0,-0.0,0.0,-0.0,0.0,-0.0,0.0,0.0,0.001953,-0.004944,0.0,0.000194,0.0,0.000065,0.0,-0.000065,0.0,-0.000194,0.0,0.0,0.0,0.029104,
0.0,1.674755,0.883846,-0.000066,0.0,1.570796,0.0,1.005133,0.13014,0.0,0.0,0.0,-0.137371,-0.024415,0.00174,0.20255,-0.052622,0.02411,-0.167155,0.045629,0.025087,0.915961,0.208736,0.00293,0.044084,0.174482,0.0,-0.02173,0.0,0.0,0.0,-0.228361,-0.174482,0.0,-0.053083,0.0,0.0,0.0,0.0,0.0,0.0,0.0,0.0,0.0,0.0,0.0,0.0,0.001953,-0.004944,0.0,0.000194,0.0,0.000065,0.0,-0.000065,0.0,-0.000194,0.0,0.0,0.0,0.027529,
0.0,1.684807,0.885148,-0.000066,0.0,1.570796,0.0,1.005164,0.13014,0.0,0.0,0.0,-0.107116,-0.024415,0.001282,0.164804,-0.046321,0.02411,-0.190201,0.045794,0.024721,0.926618,0.200028,0.002637,0.024557,0.174482,0.0,-0.02173,0.0,0.0,0.0,-0.216602,-0.174482,0.0,-0.042403,0.0,-0.0,-0.0,0.0,0.0,0.0,0.0,0.0,0.0,0.0,0.0,0.0,0.001953,-0.004944,0.0,0.000194,0.0,0.000065,0.0,-0.000065,0.0,-0.000194,0.0,0.0,0.0,0.025954,
0.0,1.694747,0.88631,-0.000066,0.0,1.570796,0.0,0.994056,0.116223,0.0,0.0,0.0,-0.083454,-0.024409,0.000727,0.139736,-0.046261,0.02411,-0.213001,0.045794,0.024232,0.934895,0.189996,0.002118,0.005297,0.174482,0.0,-0.02251,0.0,0.0,0.0,-0.204392,-0.174482,0.0,-0.032708,0.0,0.0,0.0,-0.0,0.0,-0.0,0.0,-0.0,0.0,0.0,0.0,-0.0,0.001953,-0.004944,0.0,0.000194,0.0,0.000064,0.0,-0.000064,0.0,-0.000194,0.0,0.0,0.0,0.023946,
0.0,1.704466,0.887193,-0.000066,0.0,1.570796,0.0,0.971887,0.088352,0.0,0.0,0.0,-0.072973,-0.024391,-0.000024,0.140011,-0.058701,0.02411,-0.235324,0.045464,0.0235,0.938407,0.177314,0.001148,-0.013437,0.174482,0.0,-0.024854,0.0,0.0,0.0,-0.191279,-0.174482,0.0,-0.02498,-0.0,0.0,-0.0,-0.0,0.0,-0.0,0.0,-0.0,0.0,-0.0,0.0,0.0,0.001953,-0.004944,0.0,0.000194,0.0,0.000063,0.0,-0.000063,0.0,-0.000194,0.0,0.0,0.0,0.021071,
0.0,1.714185,0.888077,-0.000066,0.0,1.570796,0.0,0.971887,0.088344,0.0,0.0,0.0,-0.062492,-0.024373,-0.000775,0.140286,-0.071141,0.02411,-0.257648,0.045135,0.022767,0.941918,0.164631,0.000177,-0.032172,0.174482,0.0,-0.027198,0.0,0.0,0.0,-0.178165,-0.174482,-0.0,-0.017252,0.0,0.0,0.0,0.0,0.0,-0.0,-0.0,0.0,0.0,0.0,0.0,0.0,0.001953,-0.004944,0.0,0.000194,0.0,0.000062,0.0,-0.000062,0.0,-0.000194,0.0,-0.0,0.0,0.018196,
0.0,1.723904,0.88896,-0.000066,0.0,1.570796,0.0,0.971857,0.088352,0.0,0.0,0.0,-0.052012,-0.024354,-0.001526,0.140562,-0.083581,0.02411,-0.279969,0.044805,0.022035,0.94543,0.151949,-0.000793,-0.050905,0.174482,0.0,-0.029542,0.0,0.0,0.0,-0.165052,-0.174482,0.0,-0.009524,0.0,0.0,0.0,-0.0,0.0,0.0,-0.0,0.0,0.0,0.0,0.0,0.0,0.001953,-0.004944,0.0,0.000194,0.0,0.000061,0.0,-0.000061,0.0,-0.000194,0.0,0.0,0.0,0.015321,
0.0,1.73362,0.889246,-0.000066,0.0,1.570796,0.0,0.971662,0.028522,0.0,0.0,0.0,-0.041317,-0.024354,-0.001672,0.140562,-0.088348,0.02411,-0.302537,0.043871,0.02057,0.943582,0.140314,-0.002276,-0.069506,0.174482,0.0,-0.040639,0.0,0.0,0.0,-0.149267,-0.174482,0.0,-0.009522,0.0,0.0,0.0,0.0,0.0,0.0,0.0,-0.0,0.0,0.0,0.0,0.0,0.001953,-0.004944,0.0,0.000194,0.0,0.00006,0.0,-0.00006,0.0,-0.000194,0.0,0.0,0.0,0.012044,
0.0,1.743337,0.889531,-0.000066,0.0,1.570796,0.0,0.971647,0.028507,0.0,0.0,0.0,-0.030622,-0.024354,-0.001819,0.140562,-0.093114,0.02411,-0.325108,0.042937,0.019105,0.941732,0.128679,-0.003759,-0.088109,0.174482,0.0,-0.051739,-0.0,-0.0,-0.0,-0.133481,-0.174482,0.0,-0.009522,0.0,0.0,0.0,0.0,-0.0,-0.0,0.0,-0.0,0.0,0.0,0.0,0.0,0.001953,-0.004944,0.0,0.000194,0.0,0.000059,0.0,-0.000059,0.0,-0.000194,0.0,0.0,0.0,0.008766,
0.0,1.753054,0.889816,-0.000066,0.0,1.570796,0.0,0.971678,0.028507,0.0,0.0,0.0,-0.019926,-0.024354,-0.001965,0.140562,-0.09788,0.02411,-0.347679,0.042003,0.01764,0.939883,0.117044,-0.005243,-0.106712,0.174482,0.0,-0.062839,-0.0,0.0,0.0,-0.117695,-0.174482,0.0,-0.009522,0.0,0.0,0.0,0.0,0.0,-0.0,0.0,-0.0,0.0,0.0,0.0,0.0,0.001953,-0.004944,0.0,0.000194,0.0,0.000058,0.0,-0.000058,0.0,-0.000194,0.0,0.0,0.0,0.005488,
0.0,1.762966,0.889724,-0.000066,0.0,1.570796,0.0,0.991227,-0.009174,0.0,0.0,0.0,-0.008842,-0.024354,-0.0021,0.140623,-0.104151,0.024135,-0.368988,0.041105,0.016383,0.934763,0.10957,-0.006437,-0.124746,0.174482,0.0,-0.07376,0.0,0.0,0.0,-0.100936,-0.174482,-0.0,-0.009522,0.0,0.0,0.0,0.0,0.0,0.0,0.0,0.0,0.0,0.0,0.0,0.0,0.001953,-0.004944,0.0,0.000194,0.0,0.000057,0.0,-0.000057,0.0,-0.000194,0.0,0.0,0.0,0.00276,
0.0,1.772976,0.889444,-0.000066,0.0,1.570796,0.0,1.000993,-0.028033,0.0,0.0,0.0,0.002438,-0.024354,-0.002228,0.140715,-0.111175,0.024171,-0.38967,0.040226,0.015229,0.928006,0.104179,-0.007487,-0.1425,0.174482,0.0,-0.084592,-0.0,0.0,0.0,-0.08369,-0.174482,-0.0,-0.009522,0.0,0.0,0.0,0.0,0.0,0.0,0.0,0.0,0.0,0.0,0.0,-0.0,0.001953,-0.004944,0.0,0.000194,0.0,0.000057,0.0,-0.000057,0.0,-0.000194,0.0,-0.0,0.0,0.000306,
0.0,1.782986,0.889163,-0.000066,0.0,1.570796,0.0,1.001009,-0.02804,0.0,0.0,0.0,0.013718,-0.024354,-0.002356,0.140807,-0.118199,0.024208,-0.410352,0.039347,0.014076,0.921249,0.098788,-0.008537,-0.160253,0.174482,0.0,-0.095424,0.0,0.0,0.0,-0.066442,-0.174482,0.0,-0.009522,0.0,0.0,0.0,-0.0,0.0,0.0,0.0,0.0,0.0,-0.0,0.0,-0.0,0.001953,-0.004944,0.0,0.000194,0.0,0.000057,0.0,-0.000057,0.0,-0.000194,0.0,-0.0,0.0,-0.002148,
0.0,1.793144,0.888707,-0.000066,0.0,1.570796,0.0,1.015811,-0.045663,0.0,0.0,0.0,0.025194,-0.024354,-0.002441,0.140868,-0.125714,0.024244,-0.429073,0.038456,0.012995,0.911781,0.092971,-0.009587,-0.177651,0.174482,0.0,-0.106033,0.0,0.0,0.0,-0.049268,-0.174482,0.0,-0.009522,0.0,0.0,0.0,-0.0,0.0,-0.0,0.0,0.0,0.0,-0.0,0.0,0.0,0.001953,-0.004944,0.0,0.000194,0.0,0.000057,0.0,-0.000057,0.0,-0.000194,0.0,0.0,0.0,-0.004309,
0.0,1.803598,0.887897,-0.000066,0.0,1.570796,0.0,1.045431,-0.08097,0.0,0.0,0.0,0.037062,-0.024354,-0.002441,0.140868,-0.134212,0.024281,-0.443874,0.03754,0.012061,0.896883,0.0863,-0.010636,-0.194343,0.174482,0.0,-0.116195,-0.0,-0.0,-0.0,-0.032237,-0.174482,0.0,-0.009522,0.0,0.0,0.0,0.0,-0.0,-0.0,0.0,-0.0,0.0,0.0,0.0,0.0,0.001953,-0.004944,0.0,0.000194,0.0,0.000057,0.0,-0.000057,0.0,-0.000194,0.0,0.0,0.0,-0.005884,
0.0,1.814053,0.887087,-0.000066,0.0,1.570796,0.0,1.045446,-0.080963,0.0,0.0,0.0,0.048931,-0.024354,-0.002441,0.140868,-0.14271,0.024318,-0.458675,0.036625,0.011127,0.881985,0.079628,-0.011686,-0.211036,0.174482,-0.0,-0.126358,0.0,0.0,0.0,-0.015205,-0.174482,0.0,-0.009522,-0.0,0.0,0.0,0.0,0.0,0.0,0.0,-0.0,0.0,-0.0,0.0,-0.0,0.001953,-0.004944,0.0,0.000194,0.0,0.000057,0.0,-0.000057,0.0,-0.000194,0.0,-0.0,0.0,-0.007458,
0.0,1.824507,0.886277,-0.000066,0.0,1.570796,-0.0,1.045415,-0.08097,0.0,0.0,0.0,0.060799,-0.024354,-0.002441,0.140868,-0.151208,0.024354,-0.473475,0.035709,0.010194,0.867087,0.072957,-0.012736,-0.227728,0.174482,-0.0,-0.136521,-0.0,0.0,0.0,0.001826,-0.174482,0.0,-0.009522,0.0,0.0,0.0,0.0,0.0,-0.0,0.0,-0.0,0.0,0.0,0.0,0.0,0.001953,-0.004944,0.0,0.000194,0.0,0.000057,0.0,-0.000057,0.0,-0.000194,0.0,0.0,0.0,-0.009033,
0.0,1.835001,0.885092,-0.000066,0.0,1.570796,0.0,1.049355,-0.118522,0.0,0.0,0.0,0.072766,-0.024354,-0.002441,0.140941,-0.160009,0.024354,-0.482139,0.03483,0.009516,0.842222,0.065044,-0.013786,-0.243437,0.174482,0.0,-0.145776,0.0,0.0,0.0,0.017301,-0.174482,0.0,-0.009522,0.0,0.0,0.0,-0.0,0.0,-0.0,0.0,0.0,0.0,-0.0,0.0,0.0,0.001953,-0.004944,0.0,0.000194,0.0,0.000057,0.0,-0.000057,0.0,-0.000194,0.0,-0.0,0.0,-0.01015,
-0.0,1.845494,0.883907,-0.000066,0.0,1.570796,-0.0,1.04937,-0.118537,0.0,0.0,0.0,0.084733,-0.024354,-0.002441,0.141015,-0.168811,0.024354,-0.4908,0.033951,0.008838,0.817349,0.05713,-0.014836,-0.259148,0.174482,-0.0,-0.155032,0.0,0.0,0.0,0.032777,-0.174482,0.0,-0.009522,0.0,0.0,0.0,0.0,0.0,0.0,0.0,-0.0,0.0,0.0,0.0,0.0,0.001953,-0.004944,0.0,0.000194,0.0,0.000057,0.0,-0.000057,0.0,-0.000194,0.0,0.0,0.0,-0.011267,
0.0,1.855988,0.882722,-0.000066,0.0,1.570796,0.0,1.049324,-0.118529,0.0,0.0,0.0,0.0967,-0.024354,-0.002441,0.141088,-0.177612,0.024354,-0.499461,0.033072,0.008161,0.792479,0.049216,-0.015886,-0.274857,0.174482,0.0,-0.164288,0.0,0.0,0.0,0.048251,-0.174482,0.0,-0.009522,0.0,0.0,0.0,0.0,0.0,-0.0,0.0,-0.0,0.0,-0.0,-0.0,0.0,0.001953,-0.004944,0.0,0.000194,0.0,0.000057,0.0,-0.000057,0.0,-0.000194,0.0,-0.0,0.0,-0.012384,
0.0,1.866443,0.881298,-0.000066,0.0,1.570796,0.0,1.045572,-0.142394,0.0,0.0,0.0,0.108553,-0.024354,-0.002283,0.141113,-0.18463,0.024354,-0.504544,0.032266,0.007685,0.760591,0.043231,-0.016773,-0.289702,0.174482,0.0,-0.173392,0.0,0.0,0.0,0.062376,-0.174482,-0.0,-0.009522,0.0,0.0,0.0,-0.0,0.0,-0.0,0.0,0.0,-0.0,-0.0,0.0,0.0,0.001953,-0.004944,0.0,0.000194,0.0,0.000057,0.0,-0.000057,0.0,-0.000194,0.0,0.0,0.0,-0.013745,
0.0,1.87688,0.879754,-0.000066,0.0,1.570796,0.0,1.04365,-0.154335,0.0,0.0,0.0,0.120348,-0.024354,-0.002045,0.141113,-0.190756,0.024354,-0.507836,0.031497,0.007309,0.725171,0.038213,-0.017579,-0.304115,0.174482,0.0,-0.18242,-0.0,0.0,-0.0,0.075827,-0.174482,0.0,-0.009522,-0.0,0.0,0.0,0.0,0.0,0.0,0.0,0.0,0.0,-0.0,0.0,0.0,0.001953,-0.004944,0.0,0.000194,0.0,0.000057,0.0,-0.000057,0.0,-0.000194,0.0,0.0,0.0,-0.015228,
0.0,1.887317,0.878211,-0.000066,0.0,1.570796,0.0,1.043681,-0.154342,0.0,0.0,0.0,0.132144,-0.024354,-0.001807,0.141113,-0.196881,0.024354,-0.511128,0.030727,0.006934,0.689751,0.033195,-0.018384,-0.318528,0.174482,-0.0,-0.191449,0.0,-0.0,0.0,0.089278,-0.174482,0.0,-0.009522,0.0,0.0,0.0,0.0,-0.0,0.0,0.0,-0.0,0.0,-0.0,0.0,-0.0,0.001953,-0.004944,0.0,0.000194,0.0,0.000057,0.0,-0.000057,0.0,-0.000194,0.0,-0.0,0.0,-0.016712,
0.0,1.897839,0.876591,-0.000066,0.0,1.570796,0.0,1.052211,-0.161979,0.0,0.0,0.0,0.14411,-0.024354,-0.001697,0.141113,-0.20361,0.024354,-0.513424,0.030013,0.006559,0.65404,0.026866,-0.019154,-0.332264,0.174482,0.0,-0.200365,0.0,0.0,0.0,0.102072,-0.174482,0.0,-0.009522,0.0,0.0,0.0,-0.0,0.0,-0.0,0.0,-0.0,0.0,-0.0,0.0,-0.0,0.001953,-0.004944,0.0,0.000194,0.0,0.000057,0.0,-0.000057,0.0,-0.000194,0.0,-0.0,0.0,-0.018311,
0.0,1.908531,0.874818,-0.000066,0.0,1.570796,0.0,1.069286,-0.177274,0.0,0.0,0.0,0.156418,-0.024354,-0.001843,0.141113,-0.211548,0.024354,-0.513727,0.029409,0.006183,0.617699,0.017912,-0.019849,-0.344647,0.174482,0.0,-0.209056,0.0,0.0,0.0,0.113555,-0.174482,0.0,-0.009522,0.0,0.0,0.0,0.0,0.0,-0.0,0.0,0.0,0.0,-0.0,0.0,-0.0,0.001953,-0.004944,0.0,0.000194,0.0,0.000057,0.0,-0.000057,0.0,-0.000194,0.0,0.0,0.0,-0.020142,
0.0,1.919225,0.873046,-0.000066,0.0,1.570796,0.0,1.069302,-0.177274,0.0,0.0,0.0,0.168727,-0.024354,-0.00199,0.141113,-0.219486,0.024354,-0.51403,0.028805,0.005808,0.58135,0.008957,-0.020545,-0.357031,0.174482,-0.0,-0.217748,0.0,-0.0,0.0,0.125038,-0.174482,0.0,-0.009522,0.0,0.0,0.0,-0.0,-0.0,0.0,0.0,-0.0,0.0,-0.0,0.0,0.0,0.001953,-0.004944,0.0,0.000194,0.0,0.000057,0.0,-0.000057,0.0,-0.000194,0.0,-0.0,0.0,-0.021973,
0.0,1.929917,0.871273,-0.000066,0.0,1.570796,0.0,1.069286,-0.177274,0.0,0.0,0.0,0.181035,-0.024354,-0.002136,0.141113,-0.227423,0.024354,-0.514333,0.0282,0.005432,0.545017,0.000003,-0.021241,-0.369414,0.174482,0.0,-0.22644,0.0,0.0,0.0,0.13652,-0.174482,-0.0,-0.009522,0.0,0.0,0.0,0.0,0.0,-0.0,0.0,-0.0,0.0,-0.0,0.0,-0.0,0.001953,-0.004944,0.0,0.000194,0.0,0.000057,0.0,-0.000057,0.0,-0.000194,0.0,-0.0,0.0,-0.023804,
0.0,1.94155,0.869714,-0.000066,0.0,1.570796,0.0,1.163279,-0.155875,0.0,0.0,0.0,0.194305,-0.024409,-0.003216,0.141388,-0.236572,0.024537,-0.51159,0.027742,0.00503,0.512099,-0.014023,-0.021809,-0.377006,0.174482,0.0,-0.232655,-0.0,0.0,0.0,0.146272,-0.174482,0.0,-0.009522,-0.0,0.0,0.0,0.0,0.0,0.0,0.0,0.0,0.0,-0.0,-0.0,-0.0,0.001953,-0.004944,0.0,0.000194,0.0,0.000057,0.0,-0.000057,0.0,-0.000194,0.0,0.0,0.0,-0.024427,
0.0,1.953183,0.868155,-0.000066,0.0,1.570796,-0.0,1.163325,-0.155868,0.0,0.0,0.0,0.207577,-0.024464,-0.004297,0.141663,-0.245722,0.024721,-0.508846,0.027285,0.004627,0.479169,-0.028051,-0.022376,-0.384597,0.174482,0.0,-0.238869,0.0,0.0,0.0,0.156024,-0.174482,0.0,-0.009522,0.0,0.0,0.0,0.0,0.0,-0.0,0.0,-0.0,0.0,-0.0,-0.0,-0.0,0.001953,-0.004944,0.0,0.000194,0.0,0.000057,0.0,-0.000057,0.0,-0.000194,0.0,0.0,0.0,-0.02505,
0.0,1.964817,0.866597,-0.000066,0.0,1.570796,0.0,1.16331,-0.155868,0.0,0.0,0.0,0.220848,-0.024519,-0.005377,0.141939,-0.254872,0.024904,-0.506103,0.026827,0.004224,0.446246,-0.042078,-0.022944,-0.392188,0.174482,0.0,-0.245084,0.0,0.0,-0.0,0.165776,-0.174482,0.0,-0.009522,0.0,0.0,0.0,0.0,0.0,-0.0,0.0,0.0,0.0,-0.0,0.0,-0.0,0.001953,-0.004944,0.0,0.000194,0.0,0.000057,0.0,-0.000057,0.0,-0.000194,0.0,0.0,0.0,-0.025673,
0.0,1.976978,0.865521,-0.000066,0.0,1.570796,0.0,1.216148,-0.107555,0.0,0.0,0.0,0.234091,-0.024623,-0.00686,0.142251,-0.259401,0.025142,-0.502078,0.02654,0.003919,0.423828,-0.054389,-0.023292,-0.395579,0.174482,0.0,-0.248079,0.0,0.0,0.0,0.174911,-0.174482,0.0,-0.009522,-0.0,0.0,0.0,0.0,0.0,0.0,0.0,-0.0,0.0,0.0,0.0,0.0,0.001953,-0.004944,0.0,0.000194,0.0,0.000057,0.0,-0.000057,0.0,-0.000194,0.0,0.0,0.0,-0.026124,
0.0,1.989404,0.864688,-0.000066,0.0,1.570796,-0.0,1.242574,-0.08336,0.0,0.0,0.0,0.247322,-0.024751,-0.008545,0.142581,-0.261617,0.025407,-0.497411,0.026338,0.003662,0.406664,-0.06584,-0.02353,-0.396868,0.174482,0.0,-0.249464,0.0,0.0,0.0,0.183738,-0.174482,0.0,-0.009522,0.0,0.0,0.0,0.0,0.0,-0.0,0.0,-0.0,0.0,0.0,0.0,-0.0,0.001953,-0.004944,-0.0,0.000194,0.0,0.000057,0.0,-0.000057,0.0,-0.000194,0.0,0.0,0.0,-0.026491,
0.0,2.001829,0.863854,-0.000066,0.0,1.570796,0.0,1.242559,-0.08336,0.0,0.0,0.0,0.260552,-0.024879,-0.010229,0.142911,-0.263834,0.025673,-0.492745,0.026137,0.003406,0.3895,-0.077291,-0.023768,-0.398157,0.174482,0.0,-0.250848,-0.0,0.0,0.0,0.192565,-0.174482,0.0,-0.009522,0.0,0.0,0.0,0.0,0.0,0.0,0.0,0.0,0.0,0.0,0.0,-0.0,0.001953,-0.004944,0.0,0.000194,0.0,0.000057,0.0,-0.000057,0.0,-0.000194,0.0,0.0,0.0,-0.026857,
0.0,2.014532,0.863257,-0.000066,0.0,1.570796,0.0,1.270237,-0.059685,0.0,0.0,0.0,0.273462,-0.025019,-0.012042,0.143236,-0.261686,0.025938,-0.487216,0.026003,0.003278,0.375206,-0.083768,-0.023927,-0.397388,0.174482,-0.0,-0.250763,0.0,0.0,0.0,0.200972,-0.174482,0.0,-0.009522,0.0,0.0,0.0,0.0,0.0,-0.0,0.0,0.0,0.0,-0.0,0.0,0.0,0.001953,-0.004944,0.0,0.000194,0.0,0.000057,0.0,-0.000057,0.0,-0.000194,0.0,0.0,0.0,-0.027254,
0.0,2.027788,0.863135,-0.000066,0.0,1.570796,0.0,1.325593,-0.012257,0.0,0.0,0.0,0.285731,-0.025184,-0.014111,0.143548,-0.2508,0.026204,-0.479961,0.026003,0.003406,0.366661,-0.080287,-0.023927,-0.392497,0.174482,0.0,-0.247737,0.0,0.0,0.0,0.20854,-0.174482,0.0,-0.009522,0.0,0.0,0.0,0.0,0.0,0.0,0.0,0.0,-0.0,0.0,0.0,0.0,0.001953,-0.004944,0.0,0.000194,0.0,0.000057,0.0,-0.000057,0.0,-0.000194,0.0,0.0,0.0,-0.027712,
0.0,2.041044,0.863012,-0.000066,0.0,1.570796,0.0,1.325638,-0.012264,0.0,0.0,0.0,0.298001,-0.025348,-0.01618,0.14386,-0.239913,0.026469,-0.472705,0.026003,0.003534,0.358115,-0.076805,-0.023927,-0.387606,0.174482,0.0,-0.244711,0.0,0.0,0.0,0.216108,-0.174482,-0.0,-0.009522,0.0,0.0,0.0,-0.0,0.0,0.0,0.0,-0.0,0.0,-0.0,-0.0,-0.0,0.001953,-0.004944,0.0,0.000194,0.0,0.000057,0.0,-0.000057,0.0,-0.000194,0.0,0.0,0.0,-0.028169,
0.0,2.0543,0.862889,-0.000066,0.0,1.570796,0.0,1.325623,-0.012264,0.0,0.0,0.0,0.31027,-0.025513,-0.01825,0.144172,-0.229026,0.026735,-0.465449,0.026003,0.003662,0.349569,-0.073323,-0.023927,-0.382716,0.174482,0.0,-0.241685,0.0,0.0,0.0,0.223676,-0.174482,-0.0,-0.009522,0.0,0.0,0.0,-0.0,0.0,-0.0,0.0,-0.0,0.0,0.0,0.0,-0.0,0.001953,-0.004944,-0.0,0.000194,-0.0,0.000057,0.0,-0.000057,0.0,-0.000194,0.0,0.0,0.0,-0.028627,
0.0,2.068044,0.862783,-0.000066,0.0,1.570796,0.0,1.37439,-0.010598,0.0,0.0,0.0,0.321463,-0.025623,-0.019605,0.144264,-0.203927,0.02646,-0.46242,0.026112,0.003983,0.359078,-0.061822,-0.023707,-0.373442,0.174482,0.0,-0.238771,0.0,0.0,0.0,0.228046,-0.174482,0.0,-0.009522,-0.0,0.0,0.0,0.0,0.0,-0.0,0.0,0.0,0.0,0.0,0.0,-0.0,0.001953,-0.004944,0.0,0.000194,0.0,0.000057,0.0,-0.000057,0.0,-0.000194,0.0,-0.0,0.0,-0.029982,
0.0,2.081789,0.862677,-0.000066,0.0,1.570796,0.0,1.374436,-0.010605,0.0,0.0,0.0,0.332656,-0.025733,-0.02096,0.144356,-0.178817,0.026186,-0.459392,0.026222,0.004303,0.368594,-0.050318,-0.023488,-0.364167,0.174482,0.0,-0.235858,-0.0,0.0,-0.0,0.232415,-0.174482,0.0,-0.009522,0.0,0.0,0.0,0.0,0.0,0.0,0.0,0.0,0.0,0.0,0.0,-0.0,0.001953,-0.004944,-0.0,0.000194,0.0,0.000057,0.0,-0.000057,0.0,-0.000194,0.0,0.0,0.0,-0.031337,
0.0,2.095533,0.862571,-0.000066,0.0,1.570796,0.0,1.374421,-0.010605,0.0,0.0,0.0,0.343849,-0.025843,-0.022315,0.144448,-0.153709,0.025911,-0.456364,0.026332,0.004623,0.37811,-0.038814,-0.023268,-0.354892,0.174482,0.0,-0.232944,0.0,0.0,0.0,0.236784,-0.174482,-0.0,-0.009522,0.0,0.0,0.0,-0.0,0.0,-0.0,0.0,-0.0,-0.0,-0.0,0.0,-0.0,0.001953,-0.004944,0.0,0.000194,-0.0,0.000057,-0.0,-0.000057,0.0,-0.000194,0.0,-0.0,0.0,-0.032692,
0.0,2.108545,0.86286,-0.000066,0.0,1.570796,0.0,1.301222,0.02888,0.0,0.0,0.0,0.353736,-0.025928,-0.023158,0.144429,-0.121304,0.02527,-0.44914,0.026418,0.004944,0.380825,-0.028301,-0.023097,-0.345474,0.174482,0.0,-0.23029,-0.0,0.0,0.0,0.236497,-0.174482,0.0,-0.009522,0.0,-0.0,-0.0,0.0,0.0,0.0,0.0,0.0,0.0,0.0,0.0,0.0,0.001953,-0.004944,0.0,0.000194,0.0,0.000056,0.0,-0.000056,0.0,-0.000194,0.0,-0.0,0.0,-0.03345,
0.0,2.121191,0.863347,-0.000066,0.0,1.570796,0.0,1.26463,0.04866,0.0,0.0,0.0,0.36297,-0.026001,-0.023744,0.144356,-0.085222,0.024446,-0.439814,0.026491,0.005264,0.380135,-0.018285,-0.02295,-0.335983,0.174482,0.0,-0.227765,0.0,0.0,0.0,0.233879,-0.174482,0.0,-0.009522,0.0,0.0,0.0,-0.0,0.0,-0.0,0.0,-0.0,0.0,0.0,0.0,-0.0,0.001953,-0.004944,0.0,0.000194,-0.0,0.000055,-0.0,-0.000055,-0.0,-0.000194,0.0,0.0,0.0,-0.033908,
0.0,2.133837,0.863833,-0.000066,0.0,1.570796,0.0,1.264584,0.048652,0.0,0.0,0.0,0.372204,-0.026075,-0.02433,0.144282,-0.049141,0.023622,-0.430489,0.026564,0.005585,0.379445,-0.008268,-0.022804,-0.326492,0.174482,0.0,-0.22524,0.0,0.0,0.0,0.231261,-0.174482,0.0,-0.009522,-0.0,0.0,0.0,0.0,0.0,-0.0,0.0,-0.0,0.0,0.0,0.0,-0.0,0.001953,-0.004944,0.0,0.000194,-0.0,0.000054,0.0,-0.000054,-0.0,-0.000194,-0.0,0.0,0.0,-0.034365,
0.0,2.146099,0.864521,-0.000066,0.0,1.570796,0.0,1.226161,0.068807,0.0,0.0,0.0,0.379717,-0.026026,-0.023019,0.143787,-0.006289,0.022932,-0.420112,0.026613,0.005884,0.377446,0.000535,-0.022657,-0.31712,0.174482,-0.0,-0.222733,-0.0,0.0,0.0,0.226344,-0.174482,0.0,-0.009522,0.0,0.0,0.0,0.0,0.0,0.0,0.0,0.0,0.0,-0.0,0.0,0.0,0.001953,-0.004944,0.0,0.000194,0.0,0.000053,0.0,-0.000053,0.0,-0.000194,0.0,0.0,0.0,-0.034537,
0.0,2.15759,0.865613,-0.000066,0.0,1.570796,0.0,1.149147,0.109176,0.0,0.0,0.0,0.383784,-0.025734,-0.01791,0.142447,0.050226,0.022511,-0.407626,0.026613,0.00614,0.372825,0.006908,-0.022511,-0.307987,0.174482,0.0,-0.220265,0.0,0.0,-0.0,0.216822,-0.174482,0.0,-0.009522,0.0,0.0,0.0,0.0,0.0,0.0,-0.0,0.0,0.0,0.0,0.0,0.0,0.001953,-0.004944,0.0,0.000194,0.0,0.000053,0.0,-0.000053,0.0,-0.000194,0.0,0.0,0.0,-0.034134,
0.0,2.169081,0.866705,-0.000066,0.0,1.570796,0.0,1.149071,0.109169,0.0,0.0,0.0,0.387851,-0.025441,-0.012801,0.141107,0.106769,0.02209,-0.395141,0.026613,0.006397,0.368205,0.01328,-0.022364,-0.298854,0.174482,-0.0,-0.217796,0.0,0.0,0.0,0.207301,-0.174482,0.0,-0.009522,0.0,0.0,0.0,-0.0,0.0,-0.0,0.0,-0.0,0.0,-0.0,0.0,0.0,0.001953,-0.004944,0.0,0.000194,0.0,0.000053,0.0,-0.000053,0.0,-0.000194,0.0,-0.0,0.0,-0.033731,
0.0,2.180572,0.867796,-0.000066,0.0,1.570796,0.0,1.149147,0.109169,0.0,0.0,0.0,0.391918,-0.025148,-0.007692,0.139767,0.163254,0.021669,-0.382656,0.026613,0.006653,0.363584,0.019652,-0.022218,-0.28972,0.174482,0.0,-0.215328,0.0,0.0,0.0,0.19778,-0.174482,0.0,-0.009522,0.0,0.0,0.0,0.0,0.0,0.0,0.0,-0.0,0.0,0.0,0.0,0.0,0.001953,-0.004944,0.0,0.000194,0.0,0.000053,0.0,-0.000053,0.0,-0.000194,0.0,0.0,0.0,-0.033328,
0.0,2.191588,0.868998,-0.000066,0.0,1.570796,0.0,1.1016,0.120121,0.0,0.0,0.0,0.30922,-0.026612,-0.007471,0.290063,0.167093,0.019783,-0.370574,0.026613,0.006653,0.362168,0.017531,-0.022218,-0.279112,0.174482,-0.0,-0.21091,-0.0,-0.0,0.0,0.185611,-0.174482,0.0,-0.009522,0.0,0.0,0.0,0.0,-0.0,-0.0,0.0,-0.0,0.0,-0.0,0.0,-0.0,0.001953,-0.004944,0.0,0.000194,0.0,0.00005,0.0,-0.00005,0.0,-0.000194,0.0,0.0,0.0,-0.034481,
0.0,2.202605,0.870199,-0.000066,0.0,1.570796,-0.0,1.101615,0.120137,0.0,0.0,0.0,0.226301,-0.028077,-0.007251,0.441562,0.170916,0.017897,-0.358492,0.026613,0.006653,0.360754,0.015407,-0.022218,-0.268503,0.174482,0.0,-0.206491,0.0,0.0,0.0,0.173441,-0.174482,0.0,-0.009522,0.0,0.0,0.0,0.0,0.0,0.0,0.0,0.0,0.0,-0.0,0.0,0.0,0.001953,-0.004944,0.0,0.000194,0.0,0.000048,-0.0,-0.000048,0.0,-0.000194,0.0,-0.0,0.0,-0.035635,
0.0,2.213621,0.8714,-0.000066,0.0,1.570796,0.0,1.1016,0.120129,0.0,0.0,0.0,0.143478,-0.029543,-0.007032,0.592485,0.174738,0.016011,-0.34641,0.026613,0.006653,0.359339,0.013282,-0.022218,-0.257895,0.174482,0.0,-0.202073,0.0,0.0,0.0,0.161271,-0.174482,0.0,-0.009522,0.0,0.0,0.0,0.0,0.0,-0.0,0.0,-0.0,0.0,-0.0,0.0,0.0,0.001953,-0.004944,0.0,0.000194,0.0,0.000046,0.0,-0.000046,0.0,-0.000194,0.0,0.0,0.0,-0.036789,
0.0,2.224553,0.872774,-0.000066,0.0,1.570796,0.0,1.093252,0.137348,0.0,0.0,0.0,0.090481,-0.0308,-0.007434,0.674643,0.193714,0.01393,-0.331544,0.026564,0.006653,0.352886,0.008377,-0.022346,-0.245879,0.174482,0.0,-0.195011,0.0,0.0,0.0,0.148967,-0.174482,-0.0,-0.009522,0.0,0.0,0.0,0.0,0.0,0.0,0.0,0.0,0.0,-0.0,0.0,0.0,0.001953,-0.004944,-0.0,0.000194,0.0,0.000045,0.0,-0.000045,0.0,-0.000194,-0.0,-0.0,0.0,-0.037503,
0.0,2.235444,0.874234,-0.000066,0.0,1.570796,0.0,1.089117,0.145984,0.0,0.0,0.0,0.052293,-0.031954,-0.008148,0.723047,0.220285,0.01175,-0.315282,0.026491,0.006653,0.343909,0.002077,-0.022538,-0.233157,0.174482,0.0,-0.186624,-0.0,-0.0,-0.0,0.136596,-0.174482,0.0,-0.009522,0.0,0.0,0.0,0.0,-0.0,-0.0,0.0,0.0,-0.0,0.0,0.0,-0.0,0.001953,-0.004944,0.0,0.000194,0.0,0.000044,0.0,-0.000044,0.0,-0.000194,0.0,-0.0,0.0,-0.037998,
0.0,2.246335,0.875693,-0.000066,0.0,1.570796,-0.0,1.089101,0.145977,0.0,0.0,0.0,0.014104,-0.033108,-0.008862,0.771451,0.246855,0.009571,-0.29902,0.026418,0.006653,0.334932,-0.004222,-0.022731,-0.220435,0.174482,-0.0,-0.178237,-0.0,0.0,0.0,0.124225,-0.174482,0.0,-0.009522,0.0,0.0,0.0,0.0,0.0,-0.0,0.0,0.0,0.0,0.0,0.0,0.0,0.001953,-0.004944,0.0,0.000194,0.0,0.000043,0.0,-0.000044,0.0,-0.000194,0.0,0.0,0.0,-0.038492,
0.0,2.257237,0.877214,-0.000066,0.0,1.570796,0.0,1.090169,0.152019,0.0,0.0,0.0,-0.019739,-0.03395,-0.009241,0.809528,0.264573,0.008033,-0.280924,0.02632,0.006653,0.322533,-0.009679,-0.022923,-0.207119,0.174482,0.0,-0.16881,-0.0,0.0,0.0,0.111573,-0.174482,0.0,-0.009522,0.0,0.0,0.0,0.0,0.0,0.0,0.0,-0.0,0.0,0.0,0.0,-0.0,0.001953,-0.004944,0.0,0.000194,0.0,0.000041,0.0,-0.000043,0.0,-0.000194,0.0,0.0,0.0,-0.038548,
0.0,2.268161,0.878855,-0.000066,0.0,1.570796,0.0,1.092381,0.164127,0.0,0.0,0.0,-0.044928,-0.03417,-0.008948,0.827008,0.264573,0.007776,-0.259142,0.026173,0.006653,0.303277,-0.013451,-0.023115,-0.192607,0.174482,0.0,-0.157294,0.0,0.0,0.0,0.098356,-0.174482,0.0,-0.009522,0.0,0.0,0.0,-0.0,0.0,-0.0,0.0,-0.0,0.0,-0.0,0.0,-0.0,0.001953,-0.004944,0.0,0.000194,0.0,0.00004,0.0,-0.000042,0.0,-0.000194,0.0,0.0,0.0,-0.037723,
0.0,2.279084,0.880496,-0.000066,0.0,1.570796,0.0,1.09235,0.16412,0.0,0.0,0.0,-0.07012,-0.03439,-0.008655,0.844489,0.264573,0.00752,-0.23736,0.026027,0.006653,0.284019,-0.017224,-0.023307,-0.178095,0.174482,-0.0,-0.145779,0.0,0.0,0.0,0.085138,-0.174482,0.0,-0.009522,0.0,0.0,0.0,0.0,0.0,-0.0,0.0,-0.0,0.0,-0.0,0.0,-0.0,0.001953,-0.004944,0.0,0.000194,0.0,0.000039,0.0,-0.000041,0.0,-0.000194,0.0,0.0,0.0,-0.036899,
-0.0,2.290008,0.882137,-0.000066,0.0,1.570796,-0.0,1.092381,0.164127,0.0,0.0,0.0,-0.095307,-0.03461,-0.008362,0.861968,0.264573,0.007264,-0.21558,0.02588,0.006653,0.264764,-0.020996,-0.0235,-0.163583,0.174482,0.0,-0.134264,0.0,0.0,0.0,0.071921,-0.174482,0.0,-0.009522,0.0,0.0,0.0,-0.0,0.0,-0.0,0.0,-0.0,0.0,-0.0,0.0,0.0,0.001953,-0.004944,0.0,0.000194,0.0,0.000038,0.0,-0.000041,0.0,-0.000194,0.0,0.0,0.0,-0.036075,
0.0,2.300404,0.883553,-0.000066,0.0,1.570796,0.0,1.039602,0.141548,0.0,0.0,0.0,-0.116742,-0.034298,-0.007557,0.868377,0.249141,0.00817,-0.186457,0.025697,0.007074,0.230103,-0.017354,-0.023577,-0.15097,0.174482,-0.0,-0.12368,-0.0,0.0,0.0,0.052967,-0.174482,0.0,-0.009522,-0.0,0.0,0.0,0.0,0.0,-0.0,0.0,0.0,0.0,0.0,0.0,0.0,0.001953,-0.004944,0.0,0.000194,0.0,0.000038,0.0,-0.00004,0.0,-0.000194,0.0,0.0,0.0,-0.032889,
0.0,2.3108,0.884968,-0.000066,0.0,1.570796,0.0,1.039557,0.141541,0.0,0.0,0.0,-0.138178,-0.033987,-0.006751,0.874782,0.233704,0.009076,-0.157324,0.025514,0.007495,0.195424,-0.01371,-0.023654,-0.138358,0.174482,0.0,-0.113096,0.0,0.0,0.0,0.034009,-0.174482,0.0,-0.009522,0.0,0.0,0.0,0.0,0.0,-0.0,0.0,-0.0,0.0,0.0,0.0,0.0,0.001953,-0.004944,0.0,0.000194,0.0,0.000038,0.0,-0.000039,0.0,-0.000194,0.0,0.0,0.0,-0.029703,
0.0,2.321195,0.886384,-0.000066,0.0,1.570796,0.0,1.039587,0.141541,0.0,0.0,0.0,-0.159614,-0.033676,-0.005945,0.881187,0.218266,0.009982,-0.128195,0.025331,0.007916,0.160751,-0.010066,-0.023731,-0.125745,0.174482,0.0,-0.102512,0.0,-0.0,0.0,0.015051,-0.174482,0.0,-0.009522,0.0,0.0,0.0,0.0,-0.0,-0.0,0.0,-0.0,0.0,0.0,0.0,0.0,0.001953,-0.004944,0.0,0.000194,0.0,0.000038,0.0,-0.000039,0.0,-0.000194,0.0,0.0,0.0,-0.026516,
0.0,2.331376,0.887492,-0.000066,0.0,1.570796,0.0,1.018013,0.110831,0.0,0.0,0.0,-0.180929,-0.033303,-0.005176,0.884431,0.202552,0.010889,-0.109978,0.02527,0.008191,0.147331,-0.012353,-0.023807,-0.112986,0.174482,0.0,-0.091617,0.0,0.0,0.0,-0.005147,-0.174482,0.0,-0.009522,0.0,0.0,0.0,-0.0,0.0,0.0,0.0,0.0,0.0,-0.0,0.0,-0.0,0.001953,-0.004944,0.0,0.000194,0.0,0.000039,0.0,-0.000039,0.0,-0.000194,0.0,0.0,0.0,-0.022927,
0.0,2.341448,0.888447,-0.000066,0.0,1.570796,0.0,1.007272,0.095465,0.0,0.0,0.0,-0.20219,-0.032901,-0.004425,0.886093,0.186698,0.011795,-0.097217,0.02527,0.008393,0.14454,-0.017609,-0.023884,-0.100151,0.174482,0.0,-0.080566,-0.0,0.0,0.0,-0.025972,-0.174482,0.0,-0.009522,0.0,0.0,0.0,0.0,0.0,-0.0,0.0,0.0,0.0,-0.0,0.0,-0.0,0.001953,-0.004944,0.0,0.000194,0.0,0.00004,0.0,-0.00004,0.0,-0.000194,0.0,0.0,0.0,-0.019136,
0.0,2.351521,0.889401,-0.000066,0.0,1.570796,0.0,1.007241,0.095457,0.0,0.0,0.0,-0.223451,-0.032498,-0.003675,0.887755,0.170843,0.012702,-0.084457,0.02527,0.008594,0.14175,-0.022864,-0.023961,-0.087316,0.174482,0.0,-0.069515,-0.0,0.0,0.0,-0.046796,-0.174482,0.0,-0.009522,0.0,0.0,0.0,0.0,0.0,-0.0,0.0,0.0,0.0,-0.0,0.0,0.0,0.001953,-0.004944,0.0,0.000194,0.0,0.000041,0.0,-0.000041,0.0,-0.000194,0.0,0.0,0.0,-0.015346,
0.0,2.361574,0.89017,-0.000066,0.0,1.570796,0.0,1.005366,0.076925,0.0,0.0,0.0,-0.244856,-0.032113,-0.002979,0.888296,0.156241,0.013538,-0.072164,0.02527,0.008771,0.139889,-0.028797,-0.024038,-0.074193,0.174482,-0.0,-0.05843,0.0,0.0,0.0,-0.0676,-0.174482,0.0,-0.00915,0.0,0.0,0.0,-0.0,0.0,-0.0,-0.0,-0.0,0.0,-0.0,0.0,0.0,0.001953,-0.004944,0.0,0.000194,-0.0,0.000042,0.0,-0.000042,0.0,-0.000194,0.0,0.0,0.0,-0.011585,
0.0,2.37159,0.890568,-0.000066,0.0,1.570796,0.0,1.001523,0.039808,0.0,0.0,0.0,-0.266558,-0.031765,-0.002393,0.886594,0.144144,0.014234,-0.060807,0.02527,0.008899,0.139889,-0.036087,-0.024115,-0.060491,0.174482,-0.0,-0.047275,0.0,0.0,0.0,-0.088371,-0.174482,0.0,-0.008033,-0.0,0.0,0.0,0.0,0.0,-0.0,0.0,0.0,0.0,0.0,0.0,-0.0,0.001953,-0.004944,0.0,0.000194,0.0,0.000043,0.0,-0.000043,0.0,-0.000194,0.0,0.0,0.0,-0.007887,
0.0,2.381605,0.890967,-0.000066,0.0,1.570796,-0.0,1.001538,0.039815,0.0,0.0,0.0,-0.288262,-0.031417,-0.001807,0.884891,0.132047,0.01493,-0.049448,0.02527,0.009027,0.139889,-0.043376,-0.024192,-0.046787,0.174482,-0.0,-0.03612,0.0,0.0,0.0,-0.109145,-0.174482,0.0,-0.006916,0.0,0.0,0.0,-0.0,0.0,-0.0,0.0,0.0,0.0,-0.0,0.0,0.0,0.001953,-0.004944,0.0,0.000194,0.0,0.000044,0.0,-0.000044,0.0,-0.000194,0.0,0.0,0.0,-0.004188,
-0.0,2.39162,0.891365,-0.000066,0.0,1.570796,-0.0,1.001493,0.039808,0.0,0.0,0.0,-0.309962,-0.031069,-0.001221,0.883188,0.11995,0.015626,-0.038091,0.02527,0.009156,0.139889,-0.050665,-0.024269,-0.033085,0.174482,-0.0,-0.024966,0.0,0.0,0.0,-0.129914,-0.174482,0.0,-0.005799,0.0,0.0,0.0,-0.0,0.0,0.0,0.0,0.0,0.0,0.0,0.0,0.0,0.001953,-0.004944,0.0,0.000194,0.0,0.000045,0.0,-0.000045,0.0,-0.000194,0.0,0.0,0.0,-0.000489,
-0.0,2.401845,0.891088,-0.000066,0.0,1.570796,0.0,1.022539,-0.02768,0.0,0.0,0.0,-0.332215,-0.031069,-0.001294,0.879164,0.112248,0.015864,-0.026353,0.02527,0.009027,0.139889,-0.058488,-0.024346,-0.018033,0.174482,0.0,-0.024965,-0.0,0.0,0.0,-0.145932,-0.174482,0.0,-0.014624,0.0,0.0,0.0,0.0,0.0,0.0,0.0,0.0,0.0,-0.0,0.0,0.0,0.001953,-0.004944,0.0,0.000194,0.0,0.000046,0.0,-0.000046,-0.0,-0.000194,0.0,0.0,0.0,0.001855,
0.0,2.412071,0.890811,-0.000066,0.0,1.570796,0.0,1.022508,-0.027688,0.0,0.0,0.0,-0.354471,-0.031069,-0.001367,0.87514,0.104546,0.016102,-0.014614,0.02527,0.008899,0.139889,-0.066311,-0.024423,-0.00298,0.174482,0.0,-0.024965,0.0,0.0,0.0,-0.16195,-0.174482,0.0,-0.023451,0.0,0.0,0.0,0.0,0.0,-0.0,0.0,-0.0,0.0,0.0,0.0,0.0,0.001953,-0.004944,0.0,0.000194,0.0,0.000046,0.0,-0.000046,0.0,-0.000194,0.0,0.0,0.0,0.004199,
0.0,2.422296,0.890534,-0.000066,0.0,1.570796,0.0,1.022539,-0.027688,0.0,0.0,0.0,-0.376726,-0.031069,-0.00144,0.871116,0.096844,0.01634,-0.002875,0.02527,0.008771,0.139889,-0.074134,-0.0245,0.012073,0.174482,0.0,-0.024965,-0.0,0.0,0.0,-0.177967,-0.174482,0.0,-0.032278,0.0,0.0,0.0,0.0,0.0,0.0,0.0,0.0,0.0,0.0,0.0,0.0,0.001953,-0.004944,0.0,0.000194,-0.0,0.000046,0.0,-0.000046,0.0,-0.000194,0.0,-0.0,0.0,0.006543,
0.0,2.432492,0.889944,-0.000066,0.0,1.570796,0.0,1.019596,-0.058969,0.0,0.0,0.0,-0.398109,-0.031069,-0.001709,0.865129,0.091295,0.016419,0.008838,0.02527,0.00857,0.139889,-0.082143,-0.024577,0.02797,0.174482,-0.0,-0.024965,0.0,0.0,0.0,-0.19315,-0.174482,-0.0,-0.041546,-0.0,-0.0,0.0,0.0,0.0,0.0,0.0,-0.0,0.0,0.0,0.0,0.0,0.001953,-0.004944,0.0,0.000194,0.0,0.000047,0.0,-0.000046,-0.0,-0.000194,0.0,0.0,0.0,0.008252,
0.0,2.442673,0.889198,-0.000066,0.0,1.570796,0.0,1.018086,-0.074609,0.0,0.0,0.0,-0.41906,-0.031069,-0.002075,0.858162,0.086823,0.016419,0.02054,0.02527,0.008332,0.139889,-0.090245,-0.024653,0.04429,0.174482,0.0,-0.024965,-0.0,0.0,0.0,-0.207916,-0.174482,0.0,-0.051034,0.0,0.0,0.0,0.0,0.0,0.0,0.0,0.0,0.0,-0.0,0.0,0.0,0.001953,-0.004944,0.0,0.000194,0.0,0.000047,0.0,-0.000047,0.0,-0.000194,0.0,-0.0,0.0,0.009644,
-0.0,2.452854,0.888452,-0.000066,0.0,1.570796,-0.0,1.018102,-0.074617,0.0,0.0,0.0,-0.440011,-0.031069,-0.002441,0.851195,0.08235,0.016419,0.032243,0.02527,0.008094,0.139889,-0.098348,-0.02473,0.060611,0.174482,0.0,-0.024965,0.0,0.0,0.0,-0.222682,-0.174482,0.0,-0.060523,0.0,0.0,0.0,-0.0,0.0,0.0,0.0,0.0,0.0,-0.0,0.0,-0.0,0.001953,-0.004944,0.0,0.000194,0.0,0.000047,0.0,-0.000047,0.0,-0.000194,0.0,0.0,0.0,0.011036,
0.0,2.463074,0.887573,-0.000066,0.0,1.570796,0.0,1.021994,-0.087945,0.0,0.0,0.0,-0.458089,-0.030984,-0.002686,0.840003,0.076718,0.016602,0.043945,0.025246,0.007831,0.139889,-0.106176,-0.024794,0.076061,0.174482,0.0,-0.024965,0.0,0.0,0.0,-0.236987,-0.174482,0.0,-0.070159,0.0,0.0,0.0,-0.0,0.0,-0.0,0.0,-0.0,0.0,-0.0,0.0,-0.0,0.001953,-0.004944,0.0,0.000194,0.0,0.000048,0.0,-0.000047,0.0,-0.000194,0.0,0.0,0.0,0.012238,
0.0,2.473372,0.886427,-0.000066,0.0,1.570796,0.0,1.029838,-0.114617,0.0,0.0,0.0,-0.470429,-0.030727,-0.002686,0.820361,0.068766,0.017152,0.055652,0.025172,0.00752,0.139889,-0.113458,-0.024831,0.089774,0.174482,-0.0,-0.024965,0.0,0.0,0.0,-0.250372,-0.174482,0.0,-0.080093,0.0,0.0,0.0,0.0,0.0,-0.0,0.0,0.0,0.0,0.0,0.0,-0.0,0.001953,-0.004944,0.0,0.000194,0.0,0.000048,0.0,-0.000047,0.0,-0.000194,0.0,-0.0,0.0,0.013062,
0.0,2.48367,0.88528,-0.000066,0.0,1.570796,0.0,1.029823,-0.114617,0.0,0.0,0.0,-0.482769,-0.030471,-0.002686,0.800718,0.060815,0.017701,0.067359,0.025099,0.007208,0.139889,-0.12074,-0.024867,0.103486,0.174482,0.0,-0.024965,0.0,0.0,0.0,-0.263757,-0.174482,-0.0,-0.090027,0.0,0.0,0.0,-0.0,0.0,-0.0,0.0,-0.0,0.0,0.0,0.0,0.0,0.001953,-0.004944,0.0,0.000194,0.0,0.000048,0.0,-0.000048,0.0,-0.000194,-0.0,0.0,0.0,0.013886,
0.0,2.493968,0.884134,-0.000066,0.0,1.570796,-0.0,1.029838,-0.114617,0.0,0.0,0.0,-0.495108,-0.030214,-0.002686,0.781076,0.052863,0.01825,0.079065,0.025026,0.006897,0.139889,-0.128022,-0.024904,0.117199,0.174482,0.0,-0.024965,0.0,0.0,0.0,-0.277141,-0.174482,0.0,-0.09996,0.0,0.0,0.0,0.0,0.0,-0.0,0.0,0.0,0.0,0.0,0.0,0.0,0.001953,-0.004944,0.0,0.000194,0.0,0.000049,0.0,-0.000048,0.0,-0.000194,0.0,0.0,0.0,0.01471,
0.0,2.504478,0.882664,-0.000066,0.0,1.570796,0.0,1.050989,-0.147025,0.0,0.0,0.0,-0.499059,-0.029491,-0.002045,0.748556,0.041325,0.019111,0.090964,0.025026,0.006641,0.139834,-0.134869,-0.02494,0.130084,0.174482,0.0,-0.024965,0.0,0.0,0.0,-0.288101,-0.174482,0.0,-0.108727,0.0,0.0,0.0,-0.0,0.0,-0.0,0.0,-0.0,0.0,-0.0,0.0,0.0,0.001953,-0.004944,-0.0,0.000194,-0.0,0.000049,0.0,-0.000048,0.0,-0.000194,0.0,0.0,0.0,0.016468,
0.0,2.514989,0.881194,-0.000066,0.0,1.570796,0.0,1.051035,-0.147033,0.0,0.0,0.0,-0.50301,-0.028768,-0.001404,0.716023,0.029786,0.019972,0.102863,0.025026,0.006384,0.139779,-0.141716,-0.024977,0.142971,0.174482,0.0,-0.024965,0.0,0.0,0.0,-0.299061,-0.174482,0.0,-0.117495,0.0,0.0,0.0,0.0,0.0,-0.0,0.0,-0.0,0.0,-0.0,0.0,0.0,0.001953,-0.004944,0.0,0.000194,0.0,0.000049,-0.0,-0.000048,0.0,-0.000194,0.0,-0.0,0.0,0.018226,
0.0,2.525499,0.879723,-0.000066,0.0,1.570796,0.0,1.051004,-0.147025,0.0,0.0,0.0,-0.50696,-0.028044,-0.000763,0.683496,0.018249,0.020832,0.114762,0.025026,0.006128,0.139724,-0.148562,-0.025014,0.155857,0.174482,0.0,-0.024965,-0.0,0.0,0.0,-0.310021,-0.174482,0.0,-0.126262,0.0,0.0,0.0,0.0,0.0,0.0,0.0,0.0,0.0,0.0,0.0,0.0,0.001953,-0.004944,0.0,0.000194,0.0,0.00005,0.0,-0.000049,0.0,-0.000194,0.0,0.0,0.0,0.019984,
0.0,2.536552,0.8782,-0.000066,0.0,1.570796,0.0,1.105311,-0.152301,0.0,0.0,0.0,-0.506612,-0.027321,0.000086,0.644855,0.005991,0.021595,0.127466,0.025026,0.006397,0.139834,-0.158429,-0.025103,0.168033,0.174482,0.0,-0.024965,0.0,0.0,0.0,-0.31882,-0.174482,0.0,-0.133835,0.0,0.0,0.0,0.0,0.0,-0.0,0.0,0.0,0.0,0.0,0.0,-0.0,0.001953,-0.004944,0.0,0.000194,-0.0,0.00005,0.0,-0.000049,0.0,-0.000194,0.0,0.0,0.0,0.02151,
0.0,2.547876,0.876651,-0.000066,0.0,1.570796,0.0,1.132395,-0.154924,0.0,0.0,0.0,-0.504116,-0.026598,0.001038,0.603126,-0.006626,0.02231,0.140573,0.025026,0.006928,0.140027,-0.169806,-0.025219,0.179855,0.174482,0.0,-0.024965,-0.0,0.0,0.0,-0.32654,-0.174482,0.0,-0.140811,0.0,0.0,0.0,0.0,0.0,-0.0,0.0,0.0,0.0,-0.0,0.0,0.0,0.001953,-0.004944,0.0,0.000194,-0.0,0.00005,0.0,-0.000049,0.0,-0.000194,0.0,0.0,0.0,0.02292,
0.0,2.5592,0.875102,-0.000066,0.0,1.570796,0.0,1.132426,-0.154931,0.0,0.0,0.0,-0.50162,-0.025874,0.00199,0.561397,-0.019243,0.023024,0.153681,0.025026,0.007459,0.140219,-0.181182,-0.025335,0.191678,0.174482,0.0,-0.024965,-0.0,-0.0,0.0,-0.334261,-0.174482,0.0,-0.147786,-0.0,0.0,0.0,0.0,-0.0,-0.0,0.0,-0.0,0.0,-0.0,0.0,-0.0,0.001953,-0.004944,0.0,0.000194,-0.0,0.000051,0.0,-0.000049,0.0,-0.000194,0.0,0.0,0.0,0.02433,
0.0,2.570852,0.873569,-0.000066,0.0,1.570796,0.0,1.165156,-0.153251,0.0,0.0,0.0,-0.502116,-0.025294,0.002881,0.53111,-0.034085,0.023591,0.166991,0.025044,0.008094,0.140412,-0.191003,-0.025451,0.203009,0.174482,0.0,-0.024965,-0.0,0.0,0.0,-0.34077,-0.174482,0.0,-0.154004,0.0,0.0,0.0,0.0,0.0,-0.0,0.0,0.0,-0.0,0.0,0.0,-0.0,0.001953,-0.004944,0.0,0.000194,0.0,0.000051,0.0,-0.00005,0.0,-0.000194,0.0,0.0,0.0,0.025575,
0.0,2.583158,0.87207,-0.000066,0.0,1.570796,0.0,1.230601,-0.149889,0.0,0.0,0.0,-0.508588,-0.025001,0.00365,0.523624,-0.053377,0.023866,0.180711,0.025099,0.008936,0.140605,-0.19772,-0.025567,0.213361,0.174482,-0.0,-0.024965,0.0,0.0,0.0,-0.34486,-0.174482,0.0,-0.158707,0.0,0.0,0.0,0.0,0.0,-0.0,0.0,0.0,0.0,0.0,0.0,0.0,0.001953,-0.004944,0.0,0.000194,0.0,0.000051,0.0,-0.00005,0.0,-0.000194,0.0,-0.0,0.0,0.026491,
0.0,2.595464,0.870571,-0.000066,0.0,1.570796,0.0,1.230662,-0.149897,0.0,0.0,0.0,-0.515061,-0.024708,0.004419,0.516138,-0.072671,0.024141,0.194431,0.025154,0.009778,0.140798,-0.204438,-0.025683,0.223714,0.174482,-0.0,-0.024965,0.0,0.0,0.0,-0.348949,-0.174482,0.0,-0.16341,0.0,0.0,0.0,-0.0,0.0,0.0,0.0,0.0,0.0,0.0,-0.0,0.0,0.001953,-0.004944,0.0,0.000194,0.0,0.000052,0.0,-0.00005,0.0,-0.000194,0.0,0.0,0.0,0.027407,
0.0,2.607771,0.869073,-0.000066,0.0,1.570796,0.0,1.230631,-0.149874,0.0,0.0,0.0,-0.521531,-0.024415,0.005188,0.508654,-0.091961,0.024415,0.20815,0.025209,0.010621,0.14099,-0.211152,-0.025799,0.234064,0.174482,0.0,-0.024965,0.0,0.0,0.0,-0.353037,-0.174482,0.0,-0.168111,0.0,0.0,0.0,0.0,0.0,0.0,0.0,-0.0,0.0,0.0,0.0,0.0,0.001953,-0.004944,0.0,0.000194,0.0,0.000052,0.0,-0.000051,0.0,-0.000194,0.0,-0.0,0.0,0.028322,
0.0,2.620321,0.867896,-0.000066,0.0,1.570796,0.0,1.255043,-0.117669,0.0,0.0,0.0,-0.520678,-0.024232,0.005756,0.50474,-0.11027,0.024525,0.221404,0.025282,0.011481,0.141137,-0.209753,-0.025915,0.240946,0.174482,0.0,-0.024965,-0.0,0.0,0.0,-0.352349,-0.174482,0.0,-0.169582,-0.0,0.0,0.0,0.0,0.0,-0.0,0.0,-0.0,0.0,-0.0,0.0,-0.0,0.001953,-0.004944,0.0,0.000194,0.0,0.000052,0.0,-0.000051,0.0,-0.000194,0.0,-0.0,0.0,0.029275,
0.0,2.632872,0.866719,-0.000066,0.0,1.570796,0.0,1.255074,-0.117669,0.0,0.0,0.0,-0.519826,-0.024049,0.006324,0.500827,-0.12858,0.024635,0.234658,0.025355,0.012342,0.141284,-0.208354,-0.026031,0.247828,0.174482,0.0,-0.024965,0.0,0.0,0.0,-0.351661,-0.174482,0.0,-0.171052,0.0,0.0,0.0,0.0,0.0,0.0,0.0,0.0,0.0,0.0,0.0,-0.0,0.001953,-0.004944,0.0,0.000194,0.0,0.000052,-0.0,-0.000051,0.0,-0.000194,0.0,0.0,0.0,0.030227,
0.0,2.645423,0.865543,-0.000066,0.0,1.570796,0.0,1.255135,-0.117677,0.0,0.0,0.0,-0.518973,-0.023866,0.006891,0.496914,-0.146891,0.024745,0.247913,0.025429,0.013203,0.141431,-0.206954,-0.026147,0.25471,0.174482,0.0,-0.024965,0.0,0.0,0.0,-0.350973,-0.174482,-0.0,-0.172522,0.0,0.0,0.0,0.0,0.0,0.0,0.0,0.0,0.0,0.0,0.0,0.0,0.001953,-0.004944,0.0,0.000194,0.0,0.000053,0.0,-0.000052,0.0,-0.000194,0.0,0.0,0.0,0.031179,
0.0,2.65833,0.864654,-0.000066,0.0,1.570796,0.0,1.290655,-0.08885,0.0,0.0,0.0,-0.514348,-0.023805,0.00708,0.49371,-0.153782,0.024782,0.26082,0.025514,0.014283,0.14159,-0.200353,-0.026186,0.259367,0.174482,-0.0,-0.024965,0.0,0.0,0.0,-0.34814,-0.174482,0.0,-0.172619,0.0,0.0,-0.0,-0.0,0.0,0.0,0.0,0.0,0.0,0.0,0.0,0.0,0.001953,-0.004944,0.0,0.000194,-0.0,0.000053,0.0,-0.000052,0.0,-0.000194,0.0,0.0,0.0,0.032486,
0.0,2.671414,0.863909,-0.000066,0.0,1.570796,0.0,1.308476,-0.074475,0.0,0.0,0.0,-0.50784,-0.023805,0.00708,0.490859,-0.154976,0.024782,0.273556,0.025606,0.015474,0.141755,-0.191155,-0.026186,0.262913,0.174482,0.0,-0.024965,0.0,0.0,0.0,-0.344237,-0.174482,0.0,-0.172031,0.0,0.0,0.0,0.0,0.0,-0.0,0.0,0.0,0.0,0.0,0.0,0.0,0.001953,-0.004944,-0.0,0.000194,0.0,0.000053,0.0,-0.000053,0.0,-0.000194,0.0,0.0,0.0,0.033969,
0.0,2.6845,0.863165,-0.000066,0.0,1.570796,0.0,1.308507,-0.074475,0.0,0.0,0.0,-0.501332,-0.023805,0.00708,0.488009,-0.15617,0.024782,0.286293,0.025697,0.016664,0.14192,-0.181957,-0.026186,0.26646,0.174482,0.0,-0.024965,0.0,0.0,0.0,-0.340334,-0.174482,0.0,-0.171443,0.0,0.0,0.0,0.0,0.0,-0.0,-0.0,-0.0,0.0,0.0,0.0,-0.0,0.001953,-0.004944,-0.0,0.000194,-0.0,0.000054,0.0,-0.000053,0.0,-0.000194,0.0,0.0,0.0,0.035453,
0.0,2.697702,0.862602,-0.000066,0.0,1.570796,0.0,1.320224,-0.056217,0.0,0.0,0.0,-0.492582,-0.023805,0.006989,0.482773,-0.154299,0.024782,0.298656,0.025807,0.018056,0.142098,-0.168723,-0.026094,0.268662,0.174482,-0.0,-0.024965,0.0,0.0,0.0,-0.33559,-0.174482,-0.0,-0.170125,-0.0,0.0,0.0,0.0,0.0,-0.0,0.0,0.0,0.0,-0.0,0.0,0.0,0.001953,-0.004944,0.0,0.000194,0.0,0.000054,0.0,-0.000054,0.0,-0.000194,0.0,0.0,0.0,0.036961,
0.0,2.711141,0.862404,-0.000066,0.0,1.570796,0.0,1.343934,-0.019801,0.0,0.0,0.0,-0.479355,-0.023805,0.006714,0.472775,-0.146313,0.024782,0.310281,0.025953,0.019851,0.1423,-0.147427,-0.025819,0.268181,0.174482,0.0,-0.024965,-0.0,0.0,-0.0,-0.329169,-0.174482,0.0,-0.16735,0.0,0.0,0.0,0.0,0.0,-0.0,0.0,-0.0,0.0,0.0,0.0,0.0,0.001953,-0.004944,0.0,0.000194,0.0,0.000054,0.0,-0.000054,0.0,-0.000194,0.0,0.0,0.0,0.038518,
0.0,2.72458,0.862206,-0.000066,0.0,1.570796,0.0,1.343873,-0.019801,0.0,0.0,0.0,-0.466129,-0.023805,0.006439,0.462777,-0.138327,0.024782,0.321906,0.0261,0.021645,0.142502,-0.12613,-0.025545,0.267701,0.174482,0.0,-0.024965,-0.0,-0.0,-0.0,-0.322747,-0.174482,0.0,-0.164576,-0.0,0.0,0.0,0.0,-0.0,0.0,0.0,-0.0,0.0,0.0,0.0,0.0,0.001953,-0.004944,0.0,0.000194,0.0,0.000055,0.0,-0.000055,0.0,-0.000194,0.0,0.0,0.0,0.040074,
0.0,2.738019,0.862009,-0.000066,0.0,1.570796,0.0,1.343873,-0.019747,0.0,0.0,0.0,-0.452902,-0.023805,0.006164,0.452779,-0.130334,0.024782,0.333529,0.026246,0.023439,0.142703,-0.104827,-0.025269,0.267217,0.174482,-0.0,-0.024965,0.0,0.0,0.0,-0.316325,-0.174482,0.0,-0.161798,-0.0,0.0,0.0,0.0,0.0,-0.0,0.0,-0.0,0.0,0.0,0.0,-0.0,0.001953,-0.004944,0.0,0.000194,0.0,0.000055,0.0,-0.000055,0.0,-0.000194,0.0,0.0,0.0,0.04163,
0.0,2.750085,0.862745,-0.000066,0.0,1.570796,0.0,1.20663,0.073566,0.0,0.0,0.0,-0.439238,-0.023988,0.005542,0.442501,-0.112495,0.024681,0.342137,0.026301,0.023585,0.142428,-0.069789,-0.024445,0.259924,0.174482,0.0,-0.024965,0.0,0.0,0.0,-0.308785,-0.174482,0.0,-0.154765,0.0,0.0,0.0,0.0,0.0,-0.0,0.0,-0.0,-0.0,0.0,-0.0,0.0,0.001953,-0.004944,0.0,0.000194,0.0,0.000056,0.0,-0.000056,0.0,-0.000194,0.0,0.0,0.0,0.040604,
0.0,2.762151,0.86348,-0.000066,0.0,1.570796,0.0,1.20663,0.073574,0.0,0.0,0.0,-0.425574,-0.024171,0.004919,0.432224,-0.094654,0.02458,0.350746,0.026356,0.023732,0.142153,-0.034736,-0.023621,0.252632,0.174482,-0.0,-0.024965,0.0,0.0,0.0,-0.301246,-0.174482,0.0,-0.147732,0.0,0.0,0.0,0.0,0.0,-0.0,0.0,0.0,0.0,-0.0,0.0,-0.0,0.001953,-0.004944,0.0,0.000194,0.0,0.000057,0.0,-0.000057,0.0,-0.000194,0.0,0.0,0.0,0.039578,
0.0,2.774217,0.864216,-0.000066,0.0,1.570796,0.0,1.20663,0.073566,0.0,0.0,0.0,-0.41191,-0.024354,0.004297,0.421946,-0.076813,0.024479,0.359354,0.026411,0.023878,0.141877,0.000309,-0.022797,0.24534,0.174482,0.0,-0.024965,0.0,0.0,0.0,-0.293706,-0.174482,0.0,-0.140699,-0.0,-0.0,0.0,0.0,0.0,-0.0,0.0,-0.0,0.0,-0.0,0.0,0.0,0.001953,-0.004944,0.0,0.000194,-0.0,0.000059,0.0,-0.000057,-0.0,-0.000194,0.0,-0.0,0.0,0.038553,
0.0,2.785836,0.865132,-0.000066,0.0,1.570796,0.0,1.161889,0.091592,0.0,0.0,0.0,-0.400563,-0.024464,0.003857,0.419002,-0.066563,0.024379,0.327511,0.027468,0.022901,0.211185,0.022853,-0.021399,0.235118,0.174482,0.0,-0.024965,0.0,0.0,0.0,-0.286484,-0.174482,0.0,-0.133204,0.0,0.0,0.0,-0.0,0.0,-0.0,0.0,-0.0,0.0,0.0,0.0,0.0,0.001953,-0.004944,0.0,0.000194,0.0,0.00006,0.0,-0.000058,0.0,-0.000194,0.0,0.0,0.0,0.037906,
0.0,2.797232,0.866138,-0.000066,0.0,1.570796,0.0,1.139519,0.10057,0.0,0.0,0.0,-0.390371,-0.024538,0.003509,0.419713,-0.060096,0.024278,0.275453,0.029025,0.021362,0.315595,0.039173,-0.019714,0.223435,0.174482,-0.0,-0.024965,0.0,0.0,0.0,-0.27942,-0.174482,0.0,-0.12548,0.0,0.0,0.0,0.0,0.0,-0.0,0.0,0.0,0.0,0.0,-0.0,0.0,0.001953,-0.004944,0.0,0.000194,0.0,0.000061,0.0,-0.000059,-0.0,-0.000194,0.0,0.0,0.0,0.037448,
0.0,2.808627,0.867143,-0.000066,0.0,1.570796,0.0,1.139519,0.10057,0.0,0.0,0.0,-0.380179,-0.024611,0.003161,0.420425,-0.053629,0.024177,0.223395,0.030582,0.019824,0.420004,0.055493,-0.018029,0.211752,0.174482,0.0,-0.024965,-0.0,0.0,0.0,-0.272356,-0.174482,0.0,-0.117756,0.0,0.0,0.0,0.0,0.0,0.0,0.0,0.0,0.0,-0.0,0.0,0.0,0.001953,-0.004944,0.0,0.000194,-0.0,0.000062,0.0,-0.00006,-0.0,-0.000194,-0.0,0.0,0.0,0.03699,
0.0,2.819913,0.868205,-0.000066,0.0,1.570796,0.0,1.128594,0.106177,0.0,0.0,0.0,-0.369192,-0.02466,0.002899,0.420079,-0.049702,0.024113,0.172299,0.032475,0.019356,0.516277,0.076382,-0.015678,0.1989,0.174482,-0.0,-0.024965,0.0,0.0,0.0,-0.265395,-0.174482,0.0,-0.109892,0.0,0.0,0.0,0.0,0.0,-0.0,0.0,0.0,0.0,-0.0,0.0,-0.0,0.001953,-0.004944,0.0,0.000194,0.0,0.000063,0.0,-0.000061,0.0,-0.000194,0.0,0.0,0.0,0.036795,
0.0,2.830981,0.869379,-0.000066,0.0,1.570796,0.0,1.106834,0.117391,0.0,0.0,0.0,-0.356618,-0.02466,0.002808,0.417627,-0.050838,0.024121,0.122969,0.035039,0.021023,0.597369,0.106396,-0.011997,0.183713,0.174482,0.0,-0.024965,0.0,0.0,0.0,-0.258637,-0.174482,0.0,-0.101752,0.0,0.0,0.0,0.0,0.0,0.0,0.0,0.0,0.0,0.0,0.0,0.0,0.001953,-0.004944,0.0,0.000194,0.0,0.000063,0.0,-0.000061,0.0,-0.000194,0.0,0.0,0.0,0.037125,
0.0,2.842049,0.870553,-0.000066,0.0,1.570796,0.0,1.106773,0.117375,0.0,0.0,0.0,-0.344045,-0.02466,0.002716,0.415176,-0.051974,0.024129,0.073622,0.037603,0.022689,0.678545,0.136412,-0.008316,0.168526,0.174482,0.0,-0.024965,0.0,0.0,0.0,-0.251879,-0.174482,0.0,-0.093611,0.0,0.0,0.0,-0.0,0.0,-0.0,0.0,-0.0,0.0,-0.0,0.0,-0.0,0.001953,-0.004944,0.0,0.000194,0.0,0.000063,0.0,-0.000062,-0.0,-0.000194,0.0,0.0,0.0,0.037455,
0.0,2.853116,0.871727,-0.000066,0.0,1.570796,0.0,1.106712,0.117406,0.0,0.0,0.0,-0.331468,-0.02466,0.002625,0.412716,-0.053112,0.024136,0.024326,0.040166,0.024354,0.75951,0.16642,-0.004637,0.153341,0.174482,0.0,-0.024965,0.0,0.0,0.0,-0.245121,-0.174482,0.0,-0.08547,0.0,0.0,0.0,0.0,0.0,-0.0,0.0,-0.0,0.0,-0.0,0.0,0.0,0.001953,-0.004944,0.0,0.000194,0.0,0.000063,0.0,-0.000063,0.0,-0.000194,0.0,0.0,0.0,0.037784,
0.0,2.864027,0.873322,-0.000066,0.0,1.570796,0.0,1.091084,0.159519,0.0,0.0,0.0,-0.313372,-0.02466,0.002625,0.400338,-0.057545,0.024144,-0.012835,0.041375,0.024098,0.802198,0.198347,-0.001872,0.136864,0.174482,0.0,-0.024965,0.0,0.0,0.0,-0.236199,-0.174482,0.0,-0.074586,0.0,0.0,0.0,0.0,0.0,-0.0,0.0,-0.0,0.0,-0.0,0.0,-0.0,0.001953,-0.004944,0.0,0.000194,0.0,0.000063,-0.0,-0.000063,0.0,-0.000194,0.0,0.0,0.0,0.037161,
0.0,2.874937,0.874917,-0.000066,0.0,1.570796,0.0,1.091023,0.159511,0.0,0.0,0.0,-0.295275,-0.02466,0.002625,0.38796,-0.061979,0.024152,-0.050012,0.042584,0.023841,0.84491,0.230283,0.000893,0.120386,0.174482,-0.0,-0.024965,0.0,0.0,0.0,-0.227277,-0.174482,0.0,-0.063702,0.0,0.0,0.0,0.0,0.0,0.0,0.0,0.0,0.0,0.0,0.0,0.0,0.001953,-0.004944,0.0,0.000194,0.0,0.000063,0.0,-0.000063,0.0,-0.000194,0.0,0.0,0.0,0.036538,
0.0,2.885848,0.876512,-0.000066,0.0,1.570796,0.0,1.091084,0.159519,0.0,0.0,0.0,-0.277178,-0.02466,0.002625,0.375582,-0.066412,0.02416,-0.087182,0.043793,0.023585,0.887611,0.262215,0.003659,0.103908,0.174482,0.0,-0.024965,0.0,0.0,0.0,-0.218354,-0.174482,-0.0,-0.052819,0.0,0.0,0.0,0.0,0.0,0.0,0.0,0.0,0.0,-0.0,0.0,0.0,0.001953,-0.004944,0.0,0.000194,0.0,0.000063,0.0,-0.000063,0.0,-0.000194,0.0,0.0,0.0,0.035916,
0.0,2.896484,0.87808,-0.000066,0.0,1.570796,0.0,1.063588,0.156809,0.0,0.0,0.0,-0.256873,-0.024598,0.002625,0.358347,-0.069097,0.024168,-0.115976,0.044794,0.023891,0.911867,0.270877,0.00514,0.085443,0.174482,-0.0,-0.024965,0.0,0.0,0.0,-0.20792,-0.174482,0.0,-0.043406,-0.0,0.0,-0.0,0.0,0.0,-0.0,0.0,0.0,0.0,0.0,0.0,0.0,0.001953,-0.004944,0.0,0.000194,0.0,0.000063,0.0,-0.000063,-0.0,-0.000194,0.0,0.0,0.0,0.034926,
0.0,2.906983,0.879635,-0.000066,0.0,1.570796,0.0,1.049916,0.155473,0.0,0.0,0.0,-0.235462,-0.024507,0.002625,0.33869,-0.070911,0.024176,-0.140614,0.045691,0.024477,0.926955,0.267958,0.005982,0.065984,0.174482,0.0,-0.024965,0.0,0.0,0.0,-0.196733,-0.174482,0.0,-0.034725,0.0,0.0,0.0,0.0,0.0,0.0,0.0,0.0,0.0,0.0,0.0,0.0,0.001953,-0.004944,0.0,0.000194,0.0,0.000063,0.0,-0.000062,0.0,-0.000194,0.0,0.0,0.0,0.033754,
0.0,2.917482,0.88119,-0.000066,0.0,1.570796,0.0,1.049916,0.155473,0.0,0.0,0.0,-0.214052,-0.024415,0.002625,0.319034,-0.072725,0.024183,-0.165253,0.046588,0.025063,0.942043,0.265039,0.006825,0.046525,0.174482,0.0,-0.024965,-0.0,0.0,0.0,-0.185545,-0.174482,0.0,-0.026044,0.0,-0.0,-0.0,0.0,0.0,0.0,0.0,0.0,0.0,0.0,0.0,-0.0,0.001953,-0.004944,0.0,0.000194,0.0,0.000063,0.0,-0.000062,0.0,-0.000194,0.0,-0.0,0.0,0.032582,
0.0,2.927891,0.882667,-0.000066,0.0,1.570796,0.0,1.040884,0.147682,0.0,0.0,0.0,-0.190666,-0.024354,0.002545,0.29543,-0.07291,0.024191,-0.188486,0.047235,0.025453,0.953556,0.258569,0.007202,0.026961,0.174482,-0.0,-0.024236,-0.0,0.0,0.0,-0.173621,-0.174482,0.0,-0.018312,0.0,0.0,0.0,0.0,0.0,0.0,0.0,0.0,0.0,0.0,0.0,0.0,0.001953,-0.004944,0.0,0.000194,0.0,0.000063,0.0,-0.000062,0.0,-0.000194,0.0,0.0,0.0,0.031208,
0.0,2.938118,0.883988,-0.000066,0.0,1.570796,0.0,1.022696,0.132171,0.0,0.0,0.0,-0.163335,-0.024354,0.002307,0.263952,-0.06985,0.024199,-0.208932,0.047382,0.025453,0.957953,0.245031,0.006653,0.007184,0.174482,0.0,-0.022057,0.0,0.0,0.0,-0.160231,-0.174482,-0.0,-0.01247,0.0,0.0,0.0,0.0,0.0,0.0,0.0,0.0,0.0,-0.0,0.0,0.0,0.001953,-0.004944,0.0,0.000194,-0.0,0.000063,0.0,-0.000062,0.0,-0.000194,0.0,0.0,0.0,0.029431,
0.0,2.948345,0.88531,-0.000066,0.0,1.570796,0.0,1.022696,0.132163,0.0,0.0,0.0,-0.136,-0.024354,0.002069,0.232469,-0.06679,0.024207,-0.229379,0.047528,0.025453,0.962349,0.231492,0.006103,-0.012595,0.174482,-0.0,-0.019878,0.0,0.0,0.0,-0.146841,-0.174482,-0.0,-0.006629,0.0,0.0,0.0,0.0,0.0,-0.0,0.0,-0.0,0.0,0.0,0.0,-0.0,0.001953,-0.004944,0.0,0.000194,0.0,0.000063,0.0,-0.000062,0.0,-0.000194,0.0,0.0,0.0,0.027655,
0.0,2.958572,0.886631,-0.000066,0.0,1.570796,0.0,1.022666,0.13211,0.0,0.0,0.0,-0.108679,-0.024354,0.001831,0.201009,-0.063738,0.024215,-0.249821,0.047674,0.025452,0.966738,0.217949,0.005553,-0.03237,0.174482,0.0,-0.017712,0.0,0.0,0.0,-0.133448,-0.174482,0.0,-0.000793,0.0,0.0,-0.0,-0.0,0.0,0.0,0.0,0.0,0.0,0.0,0.0,-0.0,0.001953,-0.004944,0.0,0.000194,0.0,0.000063,0.0,-0.000062,0.0,-0.000194,0.0,0.0,0.0,0.025877,
0.0,2.968602,0.88738,-0.000066,0.0,1.570796,0.0,1.003108,0.074926,0.0,0.0,0.0,-0.088228,-0.024336,0.001281,0.182741,-0.067915,0.024223,-0.268445,0.046868,0.024317,0.963228,0.199887,0.003776,-0.050673,0.174482,-0.0,-0.028096,0.0,0.0,0.0,-0.116522,-0.174482,0.0,-0.000793,-0.0,0.0,0.0,-0.0,0.0,0.0,0.0,0.0,0.0,0.0,0.0,0.0,0.001953,-0.004944,0.0,0.000194,0.0,0.000063,0.0,-0.000062,0.0,-0.000194,0.0,0.0,0.0,0.022947,
0.0,2.978633,0.88813,-0.000066,0.0,1.570796,0.0,1.003016,0.074926,0.0,0.0,0.0,-0.067776,-0.024318,0.000732,0.164471,-0.072093,0.024231,-0.28707,0.046062,0.023181,0.959717,0.181823,0.002,-0.068976,0.174482,0.0,-0.038481,0.0,0.0,0.0,-0.099596,-0.174482,-0.0,-0.000793,-0.0,0.0,0.0,-0.0,0.0,-0.0,0.0,-0.0,0.0,-0.0,0.0,0.0,0.001953,-0.004944,0.0,0.000194,0.0,0.000063,0.0,-0.000062,0.0,-0.000194,0.0,-0.0,0.0,0.020017,
0.0,2.988663,0.888879,-0.000066,0.0,1.570796,0.0,1.003016,0.074926,0.0,0.0,0.0,-0.047325,-0.024299,0.000183,0.146202,-0.076271,0.024238,-0.305693,0.045256,0.022046,0.956207,0.163761,0.000224,-0.087279,0.174482,0.0,-0.048865,0.0,0.0,0.0,-0.08267,-0.174482,0.0,-0.000793,0.0,0.0,0.0,0.0,0.0,-0.0,0.0,0.0,0.0,-0.0,0.0,0.0,0.001953,-0.004944,0.0,0.000194,0.0,0.000063,0.0,-0.000061,0.0,-0.000194,0.0,-0.0,0.0,0.017087,
0.0,2.998652,0.889216,-0.000066,0.0,1.570796,0.0,0.99893,0.033712,0.0,0.0,0.0,-0.033072,-0.024293,-0.000073,0.140134,-0.081783,0.024246,-0.325596,0.04423,0.020654,0.951058,0.150297,-0.001454,-0.105549,0.174482,0.0,-0.05957,0.0,0.0,0.0,-0.066211,-0.174482,0.0,-0.000793,-0.0,0.0,0.0,0.0,0.0,0.0,0.0,0.0,0.0,0.0,0.0,0.0,0.001953,-0.004944,0.0,0.000194,0.0,0.000063,0.0,-0.000061,0.0,-0.000194,0.0,0.0,0.0,0.014145,
0.0,3.008621,0.889348,-0.000066,0.0,1.570796,0.0,0.996917,0.013196,0.0,0.0,0.0,-0.021901,-0.024293,-0.000183,0.140134,-0.087961,0.024254,-0.34614,0.043094,0.019134,0.945094,0.139117,-0.003084,-0.123806,0.174482,0.0,-0.070436,-0.0,-0.0,-0.0,-0.04998,-0.174482,0.0,-0.000793,0.0,0.0,0.0,0.0,-0.0,0.0,0.0,0.0,0.0,0.0,0.0,0.0,0.001953,-0.004944,0.0,0.000194,0.0,0.000063,0.0,-0.000061,0.0,-0.000194,0.0,0.0,0.0,0.011197,
0.0,3.01859,0.88948,-0.000066,0.0,1.570796,0.0,0.996856,0.013196,0.0,0.0,0.0,-0.01073,-0.024293,-0.000293,0.140134,-0.094137,0.024262,-0.366683,0.041959,0.017614,0.93913,0.127938,-0.004714,-0.142062,0.174482,0.0,-0.081302,0.0,0.0,0.0,-0.03375,-0.174482,0.0,-0.000793,0.0,0.0,0.0,-0.0,0.0,0.0,0.0,-0.0,0.0,-0.0,0.0,0.0,0.001953,-0.004944,0.0,0.000194,0.0,0.000063,0.0,-0.000061,0.0,-0.000194,0.0,0.0,0.0,0.008249,
0.0,3.028619,0.889402,-0.000066,0.0,1.570796,0.0,1.002869,-0.007746,0.0,0.0,0.0,0.000539,-0.024293,-0.000366,0.140134,-0.100555,0.02427,-0.38688,0.04086,0.01618,0.931839,0.117873,-0.006234,-0.160221,0.174482,0.0,-0.092269,0.0,0.0,0.0,-0.017915,-0.174482,0.0,-0.000793,0.0,0.0,0.0,-0.0,0.0,-0.0,0.0,0.0,0.0,0.0,0.0,0.0,0.001953,-0.004944,0.0,0.000194,0.0,0.000063,0.0,-0.000061,0.0,-0.000194,0.0,0.0,0.0,0.00546,
0.0,3.038765,0.888908,-0.000066,0.0,1.570796,0.0,1.014621,-0.049425,0.0,0.0,0.0,0.012002,-0.024293,-0.000366,0.140134,-0.10745,0.024278,-0.406393,0.039834,0.014916,0.921912,0.110025,-0.007534,-0.178187,0.174482,0.0,-0.103436,0.0,0.0,0.0,-0.002863,-0.174482,0.0,-0.000793,0.0,0.0,0.0,0.0,0.0,0.0,0.0,0.0,0.0,-0.0,0.0,0.0,0.001953,-0.004944,0.0,0.000194,0.0,0.000062,0.0,-0.000061,0.0,-0.000194,0.0,0.0,0.0,0.002988,
0.0,3.048912,0.888414,-0.000066,0.0,1.570796,0.0,1.014743,-0.049432,0.0,0.0,0.0,0.023466,-0.024293,-0.000366,0.140134,-0.114346,0.024285,-0.425909,0.038808,0.013652,0.911982,0.102176,-0.008834,-0.196156,0.174482,-0.0,-0.114605,0.0,0.0,0.0,0.012191,-0.174482,0.0,-0.000793,0.0,0.0,0.0,0.0,0.0,0.0,0.0,-0.0,0.0,-0.0,0.0,0.0,0.001953,-0.004944,0.0,0.000194,0.0,0.000062,0.0,-0.000061,0.0,-0.000194,0.0,0.0,0.0,0.000516,
0.0,3.059059,0.887919,-0.000066,0.0,1.570796,0.0,1.014713,-0.049501,0.0,0.0,0.0,0.03493,-0.024293,-0.000366,0.140134,-0.121242,0.024293,-0.445418,0.037783,0.012389,0.902047,0.094328,-0.010134,-0.214121,0.174482,0.0,-0.125773,0.0,0.0,0.0,0.02724,-0.174482,-0.0,-0.000793,0.0,0.0,0.0,-0.0,0.0,-0.0,0.0,0.0,0.0,-0.0,0.0,-0.0,0.001953,-0.004944,0.0,0.000194,0.0,0.000061,0.0,-0.000061,0.0,-0.000194,0.0,-0.0,0.0,-0.001955,
0.0,3.069575,0.886846,-0.000066,0.0,1.570796,0.0,1.051582,-0.107306,0.0,0.0,0.0,0.046893,-0.024293,-0.000256,0.140189,-0.128859,0.024275,-0.461503,0.036904,0.011474,0.886315,0.086887,-0.011223,-0.231167,0.174482,0.0,-0.137321,0.0,0.0,0.0,0.040355,-0.174482,0.0,-0.000793,0.0,0.0,0.0,0.0,0.0,0.0,0.0,-0.0,0.0,0.0,0.0,-0.0,0.001953,-0.004944,0.0,0.000194,0.0,0.00006,0.0,-0.00006,0.0,-0.000194,0.0,0.0,0.0,-0.003145,
0.0,3.080091,0.885773,-0.000066,0.0,1.570796,0.0,1.051521,-0.107299,0.0,0.0,0.0,0.058854,-0.024293,-0.000146,0.140244,-0.136475,0.024257,-0.477587,0.036025,0.010558,0.870584,0.079446,-0.012313,-0.248212,0.174482,-0.0,-0.14887,0.0,0.0,0.0,0.05347,-0.174482,0.0,-0.000793,0.0,0.0,0.0,-0.0,0.0,0.0,-0.0,-0.0,0.0,0.0,0.0,0.0,0.001953,-0.004944,0.0,0.000194,0.0,0.00006,0.0,-0.00006,0.0,-0.000194,0.0,0.0,0.0,-0.004335,
0.0,3.090606,0.8847,-0.000066,0.0,1.570796,0.0,1.051582,-0.107306,0.0,0.0,0.0,0.070817,-0.024293,-0.000036,0.140299,-0.144092,0.024238,-0.493673,0.035146,0.009643,0.854852,0.072005,-0.013402,-0.265258,0.174482,0.0,-0.160418,0.0,0.0,0.0,0.066586,-0.174482,0.0,-0.000793,0.0,0.0,0.0,0.0,0.0,0.0,0.0,0.0,0.0,0.0,0.0,0.0,0.001953,-0.004944,0.0,0.000194,0.0,0.000059,0.0,-0.00006,0.0,-0.000194,0.0,0.0,0.0,-0.005525,
0.0,3.101029,0.883365,-0.000066,0.0,1.570796,0.0,1.042306,-0.133514,0.0,0.0,0.0,0.082735,-0.024293,0.000061,0.140317,-0.152142,0.02422,-0.502335,0.03423,0.008911,0.82853,0.063013,-0.014492,-0.280959,0.174482,0.0,-0.171598,-0.0,0.0,0.0,0.078372,-0.174482,0.0,-0.000793,0.0,0.0,0.0,0.0,0.0,-0.0,-0.0,-0.0,0.0,0.0,0.0,0.0,0.001953,-0.004944,0.0,0.000194,0.0,0.000059,0.0,-0.00006,0.0,-0.000194,0.0,-0.0,0.0,-0.006337,
0.0,3.111407,0.881899,-0.000066,0.0,1.570796,0.0,1.03776,-0.146545,0.0,0.0,0.0,0.094634,-0.024293,0.000153,0.140317,-0.16041,0.024202,-0.507311,0.033296,0.00827,0.79693,0.053249,-0.015581,-0.295994,0.174482,0.0,-0.182594,0.0,0.0,0.0,0.089499,-0.174482,0.0,-0.000793,0.0,0.0,0.0,0.0,0.0,-0.0,0.0,0.0,0.0,0.0,-0.0,0.0,0.001953,-0.004944,0.0,0.000194,0.0,0.000059,0.0,-0.00006,0.0,-0.000194,0.0,-0.0,0.0,-0.006959,
0.0,3.121784,0.880434,-0.000066,0.0,1.570796,0.0,1.037668,-0.146538,0.0,0.0,0.0,0.106531,-0.024293,0.000244,0.140317,-0.168676,0.024183,-0.512286,0.032362,0.007629,0.765333,0.043486,-0.016671,-0.311027,0.174482,0.0,-0.19359,0.0,0.0,0.0,0.100625,-0.174482,0.0,-0.000793,0.0,0.0,0.0,0.0,0.0,-0.0,0.0,0.0,0.0,0.0,0.0,-0.0,0.001953,-0.004944,0.0,0.000194,0.0,0.000059,0.0,-0.00006,0.0,-0.000194,-0.0,-0.0,0.0,-0.007582,
0.0,3.132192,0.878885,-0.000066,0.0,1.570796,0.0,1.040873,-0.154876,0.0,0.0,0.0,0.118476,-0.024293,0.000275,0.140348,-0.177574,0.024165,-0.516096,0.031489,0.007055,0.731816,0.033969,-0.017684,-0.325269,0.174482,0.0,-0.204142,-0.0,0.0,0.0,0.111208,-0.174482,0.0,-0.000793,0.0,0.0,0.0,0.0,0.0,-0.0,0.0,-0.0,0.0,0.0,0.0,0.0,0.001953,-0.004944,0.0,0.000194,0.0,0.00006,0.0,-0.00006,0.0,-0.000194,0.0,0.0,0.0,-0.008174,
0.0,3.142664,0.87717,-0.000066,0.0,1.570796,0.0,1.047161,-0.171462,0.0,0.0,0.0,0.130516,-0.024293,0.000183,0.14044,-0.187729,0.024147,-0.517593,0.030738,0.006616,0.694442,0.02494,-0.018545,-0.337944,0.174482,0.0,-0.213813,-0.0,0.0,0.0,0.120712,-0.174482,0.0,-0.000793,-0.0,0.0,0.0,0.0,0.0,-0.0,-0.0,0.0,0.0,0.0,0.0,0.0,0.001953,-0.004944,0.0,0.000194,0.0,0.00006,0.0,-0.00006,0.0,-0.000194,-0.0,0.0,0.0,-0.008705,
0.0,3.153135,0.875456,-0.000066,0.0,1.570796,0.0,1.0471,-0.171447,0.0,0.0,0.0,0.142556,-0.024293,0.000091,0.140531,-0.197884,0.024128,-0.519089,0.029988,0.006176,0.657061,0.015912,-0.019405,-0.350618,0.174482,-0.0,-0.223484,-0.0,0.0,0.0,0.130216,-0.174482,0.0,-0.000793,0.0,0.0,0.0,0.0,0.0,0.0,0.0,-0.0,-0.0,0.0,0.0,-0.0,0.001953,-0.004944,0.0,0.000194,0.0,0.00006,0.0,-0.00006,-0.0,-0.000194,0.0,0.0,0.0,-0.009236,
0.0,3.163608,0.873742,-0.000066,0.0,1.570796,0.0,1.047283,-0.171439,0.0,0.0,0.0,0.154597,-0.024293,-0.000001,0.140623,-0.208039,0.02411,-0.520582,0.029237,0.005737,0.619696,0.006877,-0.020266,-0.363286,0.174482,0.0,-0.233149,-0.0,0.0,0.0,0.139719,-0.174482,-0.0,-0.000793,0.0,0.0,0.0,0.0,0.0,0.0,0.0,0.0,-0.0,0.0,0.0,0.0,0.001953,-0.004944,0.0,0.000194,0.0,0.00006,-0.0,-0.000059,0.0,-0.000194,0.0,0.0,0.0,-0.009769,
0.0,3.174934,0.872142,-0.000066,0.0,1.570796,0.0,1.132579,-0.159913,0.0,0.0,0.0,0.167464,-0.024312,-0.00077,0.140825,-0.218727,0.024229,-0.519237,0.028651,0.005297,0.5825,-0.006637,-0.020962,-0.372347,0.174482,0.0,-0.239347,0.0,0.0,0.0,0.148847,-0.174482,0.0,-0.000793,-0.0,0.0,0.0,0.0,0.0,0.0,0.0,-0.0,0.0,0.0,0.0,0.0,0.001953,-0.004944,0.0,0.000194,0.0,0.00006,0.0,-0.000059,0.0,-0.000194,0.0,0.0,0.0,-0.011563,
0.0,3.186261,0.870543,-0.000066,0.0,1.570796,0.0,1.132701,-0.159929,0.0,0.0,0.0,0.180333,-0.02433,-0.001539,0.141027,-0.229417,0.024348,-0.517892,0.028065,0.004858,0.545282,-0.020152,-0.021657,-0.381408,0.174482,-0.0,-0.245546,-0.0,0.0,-0.0,0.157976,-0.174482,0.0,-0.000793,0.0,0.0,0.0,0.0,0.0,-0.0,0.0,0.0,-0.0,0.0,-0.0,0.0,0.001953,-0.004944,0.0,0.000194,0.0,0.00006,0.0,-0.000059,0.0,-0.000194,0.0,0.0,0.0,-0.013358,
0.0,3.197587,0.868944,-0.000066,0.0,1.570796,0.0,1.13264,-0.159913,0.0,0.0,0.0,0.193201,-0.024348,-0.002308,0.141229,-0.240106,0.024467,-0.516547,0.027479,0.004418,0.508075,-0.033667,-0.022353,-0.390469,0.174482,0.0,-0.251745,0.0,0.0,0.0,0.167104,-0.174482,0.0,-0.000793,0.0,0.0,0.0,-0.0,0.0,-0.0,0.0,0.0,0.0,0.0,0.0,0.0,0.001953,-0.004944,0.0,0.000194,0.0,0.00006,0.0,-0.000059,0.0,-0.000194,0.0,0.0,0.0,-0.015152,
0.0,3.20919,0.867632,-0.000066,0.0,1.570796,0.0,1.160287,-0.13124,0.0,0.0,0.0,0.206125,-0.024391,-0.003151,0.141407,-0.245255,0.024587,-0.513003,0.027052,0.003979,0.47861,-0.050211,-0.022866,-0.396497,0.174482,0.0,-0.255442,-0.0,0.0,0.0,0.175379,-0.174482,0.0,-0.000793,0.0,0.0,0.0,0.0,0.0,-0.0,0.0,-0.0,0.0,-0.0,0.0,-0.0,0.001953,-0.004944,0.0,0.000194,0.0,0.000061,0.0,-0.000059,-0.0,-0.000194,0.0,0.0,0.0,-0.016604,
0.0,3.220929,0.866462,-0.000066,0.0,1.570796,0.0,1.173866,-0.116988,0.0,0.0,0.0,0.219075,-0.024446,-0.00403,0.141572,-0.247653,0.024706,-0.508368,0.026704,0.003539,0.452975,-0.068258,-0.023287,-0.401019,0.174482,0.0,-0.257898,0.0,0.0,0.0,0.183231,-0.174482,0.0,-0.000793,0.0,0.0,0.0,-0.0,0.0,0.0,0.0,-0.0,0.0,-0.0,0.0,0.0,0.001953,-0.004944,0.0,0.000194,0.0,0.000061,0.0,-0.00006,0.0,-0.000194,0.0,0.0,0.0,-0.017886,
0.0,3.232668,0.865292,-0.000066,0.0,1.570796,0.0,1.173958,-0.116995,0.0,0.0,0.0,0.232027,-0.024501,-0.004909,0.141737,-0.250052,0.024825,-0.503732,0.026356,0.0031,0.427338,-0.086308,-0.023708,-0.405541,0.174482,0.0,-0.260354,-0.0,0.0,0.0,0.191083,-0.174482,0.0,-0.000793,0.0,0.0,0.0,0.0,0.0,0.0,0.0,0.0,0.0,0.0,0.0,0.0,0.001953,-0.004944,0.0,0.000194,0.0,0.000061,0.0,-0.00006,-0.0,-0.000194,0.0,0.0,0.0,-0.019168,
0.0,3.244597,0.864291,-0.000066,0.0,1.570796,0.0,1.192908,-0.10011,0.0,0.0,0.0,0.244777,-0.024568,-0.005874,0.141896,-0.24917,0.024959,-0.498563,0.026094,0.002808,0.406118,-0.099513,-0.024013,-0.408417,0.174482,0.0,-0.261733,0.0,-0.0,0.0,0.198476,-0.174482,0.0,-0.000793,0.0,0.0,0.0,-0.0,-0.0,0.0,0.0,-0.0,0.0,0.0,-0.0,-0.0,0.001953,-0.004944,0.0,0.000194,0.0,0.000061,0.0,-0.00006,0.0,-0.000194,0.0,0.0,0.0,-0.020198,
0.0,3.256904,0.863625,-0.000066,0.0,1.570796,0.0,1.230687,-0.066592,0.0,0.0,0.0,0.257134,-0.024659,-0.007009,0.142043,-0.241774,0.025124,-0.492334,0.026002,0.002808,0.393649,-0.103107,-0.024086,-0.408024,0.174482,-0.0,-0.260976,0.0,0.0,0.0,0.204956,-0.174482,0.0,-0.000793,0.0,0.0,0.0,-0.0,0.0,-0.0,0.0,0.0,0.0,-0.0,0.0,-0.0,0.001953,-0.004944,0.0,0.000194,0.0,0.000061,0.0,-0.000061,0.0,-0.000194,0.0,0.0,0.0,-0.020729,
0.0,3.26921,0.862959,-0.000066,0.0,1.570796,0.0,1.230564,-0.066592,0.0,0.0,0.0,0.269489,-0.024751,-0.008144,0.14219,-0.234379,0.025289,-0.486105,0.025911,0.002808,0.381181,-0.106701,-0.024159,-0.407632,0.174482,0.0,-0.260219,0.0,0.0,0.0,0.211436,-0.174482,0.0,-0.000793,0.0,0.0,0.0,0.0,0.0,0.0,0.0,0.0,-0.0,0.0,-0.0,0.0,0.001953,-0.004944,0.0,0.000194,0.0,0.000061,0.0,-0.000061,0.0,-0.000194,0.0,0.0,0.0,-0.02126,
0.0,3.281519,0.862294,-0.000066,0.0,1.570796,0.0,1.2309,-0.066531,0.0,0.0,0.0,0.281845,-0.024843,-0.00928,0.142337,-0.226965,0.025453,-0.479876,0.02582,0.002808,0.368738,-0.110273,-0.024232,-0.407228,0.174482,-0.0,-0.259461,0.0,0.0,0.0,0.217915,-0.174482,-0.0,-0.000793,0.0,0.0,0.0,0.0,0.0,0.0,0.0,-0.0,0.0,0.0,0.0,0.0,0.001953,-0.004944,0.0,0.000194,0.0,0.000061,0.0,-0.000061,0.0,-0.000194,0.0,0.0,0.0,-0.021792,
0.0,3.294888,0.862048,-0.000066,0.0,1.570796,0.0,1.336946,-0.024585,0.0,0.0,0.0,0.293884,-0.024971,-0.010727,0.142483,-0.209576,0.025453,-0.473587,0.025893,0.003028,0.370676,-0.101052,-0.024122,-0.40056,0.174482,0.0,-0.258076,0.0,0.0,-0.0,0.22337,-0.174482,0.0,-0.000793,0.0,0.0,0.0,-0.0,0.0,0.0,-0.0,0.0,0.0,0.0,-0.0,-0.0,0.001953,-0.004944,-0.0,0.000194,-0.0,0.00006,0.0,-0.00006,0.0,-0.000194,-0.0,0.0,0.0,-0.022745,
0.0,3.308258,0.861802,-0.000066,0.0,1.570796,0.0,1.337007,-0.024593,0.0,0.0,0.0,0.305925,-0.025099,-0.012173,0.14263,-0.192184,0.025453,-0.467299,0.025966,0.003248,0.372614,-0.09183,-0.024012,-0.393893,0.174482,0.0,-0.256691,-0.0,-0.0,-0.0,0.228826,-0.174482,0.0,-0.000793,0.0,-0.0,-0.0,0.0,-0.0,-0.0,0.0,-0.0,0.0,0.0,0.0,0.0,0.001953,-0.004944,0.0,0.000194,0.0,0.000059,-0.0,-0.00006,0.0,-0.000194,0.0,0.0,0.0,-0.023697,
0.0,3.321628,0.861556,-0.000066,0.0,1.570796,0.0,1.336946,-0.024593,0.0,0.0,0.0,0.317964,-0.025227,-0.01362,0.142777,-0.174794,0.025453,-0.46101,0.026039,0.003467,0.374552,-0.082609,-0.023902,-0.387225,0.174482,0.0,-0.255306,0.0,0.0,0.0,0.234281,-0.174482,0.0,-0.000793,0.0,-0.0,-0.0,0.0,0.0,0.0,0.0,0.0,0.0,0.0,0.0,0.0,0.001953,-0.004944,0.0,0.000194,0.0,0.000059,0.0,-0.000059,-0.0,-0.000194,0.0,0.0,0.0,-0.024649,
0.0,3.334347,0.86173,-0.000066,0.0,1.570796,0.0,1.271941,0.017365,0.0,0.0,0.0,0.328437,-0.025343,-0.014834,0.142826,-0.149325,0.025196,-0.45284,0.026113,0.003846,0.373612,-0.069218,-0.023725,-0.379236,0.174482,0.0,-0.253256,0.0,0.0,0.0,0.235769,-0.174482,0.0,-0.000793,0.0,0.0,0.0,-0.0,0.0,0.0,0.0,0.0,-0.0,0.0,0.0,0.0,0.001953,-0.004944,-0.0,0.000194,0.0,0.000058,0.0,-0.000058,0.0,-0.000194,0.0,0.0,0.0,-0.024965,
0.0,3.346745,0.862111,-0.000066,0.0,1.570796,0.0,1.239743,0.038176,0.0,0.0,0.0,0.338134,-0.025453,-0.015933,0.142826,-0.119839,0.024811,-0.443735,0.026186,0.004304,0.371246,-0.053756,-0.023515,-0.370592,0.174482,0.0,-0.250875,0.0,0.0,0.0,0.23529,-0.174482,-0.0,-0.000793,0.0,0.0,0.0,0.0,0.0,0.0,0.0,0.0,0.0,0.0,0.0,0.0,0.001953,-0.004944,0.0,0.000194,0.0,0.000057,0.0,-0.000057,0.0,-0.000194,0.0,0.0,0.0,-0.024965,
0.0,3.359143,0.862493,-0.000066,0.0,1.570796,0.0,1.239804,0.038176,0.0,0.0,0.0,0.347832,-0.025563,-0.017032,0.142826,-0.090352,0.024427,-0.434631,0.026259,0.004762,0.36888,-0.038294,-0.023304,-0.361946,0.174482,-0.0,-0.248494,0.0,0.0,-0.0,0.23481,-0.174482,0.0,-0.000793,0.0,0.0,0.0,-0.0,0.0,-0.0,0.0,0.0,0.0,0.0,0.0,-0.0,0.001953,-0.004944,0.0,0.000194,0.0,0.000056,0.0,-0.000056,0.0,-0.000194,0.0,0.0,0.0,-0.024965,
0.0,3.371135,0.863079,-0.000066,0.0,1.570796,0.0,1.199184,0.058582,0.0,0.0,0.0,0.3561,-0.025568,-0.016565,0.142524,-0.054234,0.024042,-0.424861,0.026308,0.005201,0.365996,-0.023972,-0.023093,-0.353048,0.174482,-0.0,-0.245742,0.0,0.0,0.0,0.23212,-0.174482,0.0,-0.000793,0.0,0.0,0.0,0.0,0.0,-0.0,0.0,0.0,0.0,0.0,0.0,0.0,0.001953,-0.004944,0.0,0.000194,0.0,0.000055,0.0,-0.000055,0.0,-0.000194,-0.0,0.0,0.0,-0.024781,
0.0,3.382321,0.864069,-0.000066,0.0,1.570796,0.0,1.118707,0.099058,0.0,0.0,0.0,0.361536,-0.025367,-0.012994,0.141625,-0.004903,0.023658,-0.413769,0.026308,0.005604,0.362088,-0.011904,-0.022883,-0.343647,0.174482,0.0,-0.242256,0.0,0.0,-0.0,0.225044,-0.174482,0.0,-0.000793,0.0,0.0,0.0,-0.0,0.0,-0.0,0.0,0.0,0.0,-0.0,0.0,-0.0,0.001953,-0.004944,0.0,0.000194,0.0,0.000054,-0.0,-0.000054,0.0,-0.000194,0.0,0.0,0.0,-0.024231,
0.0,3.393508,0.86506,-0.000066,0.0,1.570796,0.0,1.118676,0.09905,0.0,0.0,0.0,0.366973,-0.025166,-0.009423,0.140725,0.044449,0.023273,-0.402678,0.026308,0.006007,0.358179,0.000164,-0.022672,-0.334245,0.174482,-0.0,-0.23877,-0.0,0.0,0.0,0.217969,-0.174482,0.0,-0.000793,0.0,0.0,0.0,0.0,0.0,0.0,-0.0,0.0,0.0,-0.0,-0.0,-0.0,0.001953,-0.004944,0.0,0.000194,-0.0,0.000053,0.0,-0.000053,0.0,-0.000194,0.0,0.0,0.0,-0.023682,
0.0,3.404694,0.866051,-0.000066,0.0,1.570796,0.0,1.118585,0.099127,0.0,0.0,0.0,0.372262,-0.024967,-0.005859,0.140085,0.093673,0.022887,-0.391586,0.026308,0.006409,0.354272,0.012215,-0.022462,-0.324844,0.174482,0.0,-0.235282,0.0,0.0,0.0,0.210885,-0.174482,0.0,-0.000793,0.0,0.0,0.0,-0.0,0.0,-0.0,0.0,0.0,0.0,0.0,0.0,-0.0,0.001953,-0.004944,0.0,0.000194,0.0,0.000052,0.0,-0.000052,0.0,-0.000194,0.0,0.0,0.0,-0.023137,
0.0,3.41503,0.867344,-0.000066,0.0,1.570796,0.0,1.033561,0.12931,0.0,0.0,0.0,0.30312,-0.025956,-0.005493,0.270688,0.097854,0.021697,-0.380014,0.026399,0.006592,0.35152,0.016042,-0.022389,-0.315633,0.174482,0.0,-0.231117,-0.0,0.0,0.0,0.199516,-0.174482,0.0,-0.000793,0.0,0.0,0.0,0.0,0.0,0.0,0.0,0.0,0.0,0.0,-0.0,-0.0,0.001953,-0.004944,0.0,0.000194,0.0,0.000051,0.0,-0.000052,0.0,-0.000194,0.0,-0.0,0.0,-0.024803,
0.0,3.425364,0.868637,-0.000066,0.0,1.570796,0.0,1.0335,0.129303,0.0,0.0,0.0,0.233871,-0.026944,-0.005126,0.402032,0.102034,0.020506,-0.368443,0.026491,0.006775,0.348768,0.019869,-0.022315,-0.306422,0.174482,-0.0,-0.226952,0.0,0.0,0.0,0.188148,-0.174482,0.0,-0.000793,0.0,0.0,0.0,0.0,0.0,0.0,0.0,-0.0,0.0,0.0,0.0,0.0,0.001953,-0.004944,0.0,0.000194,0.0,0.00005,0.0,-0.000051,0.0,-0.000194,0.0,0.0,0.0,-0.02647,
0.0,3.435701,0.869931,-0.000066,0.0,1.570796,0.0,1.033622,0.129318,0.0,0.0,0.0,0.164671,-0.027933,-0.00476,0.53301,0.106214,0.019316,-0.356871,0.026583,0.006959,0.346016,0.023697,-0.022242,-0.297211,0.174482,-0.0,-0.222786,0.0,0.0,0.0,0.176778,-0.174482,-0.0,-0.000793,0.0,0.0,0.0,-0.0,0.0,0.0,0.0,0.0,0.0,0.0,0.0,0.0,0.001953,-0.004944,0.0,0.000194,0.0,0.000049,0.0,-0.00005,0.0,-0.000194,0.0,0.0,0.0,-0.028136,
0.0,3.445718,0.871444,-0.000066,0.0,1.570796,0.0,1.001699,0.151365,0.0,0.0,0.0,0.115421,-0.029008,-0.005153,0.61274,0.127003,0.017599,-0.342316,0.026552,0.007019,0.337597,0.023275,-0.0223,-0.287323,0.174482,0.0,-0.216998,0.0,0.0,0.0,0.164404,-0.174482,0.0,-0.000793,0.0,0.0,0.0,0.0,0.0,0.0,0.0,-0.0,0.0,-0.0,0.0,-0.0,0.001953,-0.004944,-0.0,0.000194,0.0,0.000048,0.0,-0.000049,0.0,-0.000194,0.0,0.0,0.0,-0.02957,
0.0,3.455577,0.873067,-0.000066,0.0,1.570796,0.0,0.98592,0.162289,0.0,0.0,0.0,0.075968,-0.030125,-0.005922,0.667556,0.156031,0.015622,-0.32628,0.02646,0.007019,0.326368,0.020748,-0.022422,-0.277098,0.174482,0.0,-0.210406,0.0,-0.0,-0.0,0.151529,-0.174482,0.0,-0.000793,0.0,0.0,0.0,-0.0,-0.0,-0.0,0.0,-0.0,0.0,-0.0,0.0,-0.0,0.001953,-0.004944,0.0,0.000194,0.0,0.000047,0.0,-0.000048,0.0,-0.000194,0.0,0.0,0.0,-0.030889,
0.0,3.465436,0.87469,-0.000066,0.0,1.570796,0.0,0.98589,0.162289,0.0,0.0,0.0,0.036518,-0.031242,-0.006691,0.722369,0.185057,0.013644,-0.310245,0.026369,0.007019,0.31514,0.018221,-0.022544,-0.266873,0.174482,-0.0,-0.203814,0.0,0.0,0.0,0.138655,-0.174482,0.0,-0.000793,0.0,0.0,0.0,-0.0,0.0,-0.0,0.0,-0.0,-0.0,-0.0,0.0,-0.0,0.001953,-0.004944,0.0,0.000194,0.0,0.000046,0.0,-0.000048,-0.0,-0.000194,0.0,0.0,0.0,-0.032207,
0.0,3.4752,0.876386,-0.000066,0.0,1.570796,0.0,0.976429,0.169628,0.0,0.0,0.0,-0.000028,-0.032206,-0.007258,0.768862,0.208464,0.011936,-0.292465,0.026259,0.007087,0.300408,0.01648,-0.022666,-0.25623,0.174482,-0.0,-0.196534,0.0,0.0,0.0,0.125254,-0.174482,0.0,-0.000793,0.0,0.0,0.0,0.0,0.0,0.0,0.0,-0.0,0.0,-0.0,0.0,-0.0,0.001953,-0.004944,0.0,0.000194,0.0,0.000045,0.0,-0.000047,-0.0,-0.000194,0.0,0.0,0.0,-0.033084,
0.0,3.484776,0.878228,-0.000066,0.0,1.570796,0.0,0.957629,0.184184,0.0,0.0,0.0,-0.030876,-0.032865,-0.007422,0.799003,0.220755,0.010765,-0.271221,0.026112,0.007288,0.278728,0.016297,-0.022788,-0.244757,0.174482,-0.0,-0.187891,0.0,0.0,0.0,0.110804,-0.174482,0.0,-0.000793,0.0,0.0,0.0,0.0,0.0,-0.0,0.0,0.0,0.0,-0.0,0.0,-0.0,0.001953,-0.004944,0.0,0.000194,0.0,0.000044,0.0,-0.000046,0.0,-0.000194,0.0,0.0,0.0,-0.033084,
0.0,3.494354,0.88007,-0.000066,0.0,1.570796,0.0,0.95769,0.184199,0.0,0.0,0.0,-0.061729,-0.033525,-0.007587,0.82915,0.233048,0.009593,-0.249973,0.025966,0.00749,0.257045,0.016114,-0.02291,-0.233284,0.174482,0.0,-0.179247,0.0,0.0,0.0,0.096353,-0.174482,0.0,-0.000793,0.0,0.0,0.0,0.0,0.0,-0.0,0.0,-0.0,0.0,-0.0,0.0,-0.0,0.001953,-0.004944,0.0,0.000194,0.0,0.000043,0.0,-0.000045,0.0,-0.000194,0.0,0.0,0.0,-0.033084,
0.0,3.503928,0.881911,-0.000066,0.0,1.570796,0.0,0.957477,0.18413,0.0,0.0,0.0,-0.092559,-0.034182,-0.007751,0.85925,0.245297,0.008424,-0.228724,0.025819,0.007692,0.235351,0.015937,-0.023032,-0.221811,0.174482,0.0,-0.170603,0.0,0.0,0.0,0.081893,-0.174482,0.0,-0.000793,0.0,0.0,0.0,-0.0,0.0,0.0,0.0,-0.0,0.0,0.0,0.0,-0.0,0.001953,-0.004944,0.0,0.000194,0.0,0.000042,0.0,-0.000045,0.0,-0.000194,-0.0,0.0,0.0,-0.033077,
0.0,3.512843,0.883521,-0.000066,0.0,1.570796,0.0,0.891469,0.160932,0.0,0.0,0.0,-0.117757,-0.034182,-0.007201,0.872449,0.238217,0.008698,-0.204611,0.025654,0.008149,0.206659,0.018959,-0.023154,-0.210381,0.174482,0.0,-0.161676,-0.0,0.0,0.0,0.062807,-0.174482,0.0,-0.000793,0.0,0.0,0.0,0.0,0.0,-0.0,0.0,0.0,0.0,0.0,0.0,0.0,0.001953,-0.004944,0.0,0.000194,0.0,0.000042,0.0,-0.000044,0.0,-0.000194,0.0,0.0,0.0,-0.030294,
0.0,3.521758,0.88513,-0.000066,0.0,1.570796,0.0,0.891469,0.16094,0.0,0.0,0.0,-0.142961,-0.034182,-0.006652,0.88565,0.231137,0.008973,-0.180494,0.025489,0.008607,0.17796,0.021981,-0.023276,-0.19895,0.174482,-0.0,-0.15275,0.0,0.0,0.0,0.043718,-0.174482,0.0,-0.000793,0.0,0.0,0.0,0.0,0.0,0.0,0.0,0.0,0.0,-0.0,-0.0,-0.0,0.001953,-0.004944,0.0,0.000194,0.0,0.000042,0.0,-0.000043,0.0,-0.000194,0.0,0.0,0.0,-0.02751,
0.0,3.530673,0.886739,-0.000066,0.0,1.570796,0.0,0.89153,0.16094,0.0,0.0,0.0,-0.168163,-0.034182,-0.006102,0.89885,0.224057,0.009248,-0.156377,0.025325,0.009065,0.149263,0.025002,-0.023398,-0.18752,0.174482,-0.0,-0.143823,0.0,0.0,0.0,0.02463,-0.174482,0.0,-0.000793,-0.0,0.0,0.0,-0.0,0.0,0.0,0.0,0.0,0.0,0.0,0.0,0.0,0.001953,-0.004944,0.0,0.000194,0.0,0.000042,0.0,-0.000042,0.0,-0.000194,0.0,0.0,0.0,-0.024727,
0.0,3.539531,0.888074,-0.000066,0.0,1.570796,0.0,0.885794,0.133459,0.0,0.0,0.0,-0.19099,-0.033974,-0.005492,0.905988,0.213858,0.009816,-0.141987,0.02527,0.009217,0.139766,0.0237,-0.023439,-0.174986,0.174482,-0.0,-0.133909,0.0,0.0,0.0,0.004764,-0.174482,0.0,-0.000793,0.0,0.0,0.0,-0.0,0.0,0.0,-0.0,0.0,-0.0,0.0,0.0,0.0,0.001953,-0.004944,0.0,0.000194,0.0,0.000042,0.0,-0.000043,0.0,-0.000194,0.0,0.0,0.0,-0.021478,
0.0,3.548361,0.889273,-0.000066,0.0,1.570796,0.0,0.883018,0.119855,0.0,0.0,0.0,-0.212649,-0.033663,-0.004851,0.910127,0.202115,0.010531,-0.132407,0.02527,0.009217,0.139766,0.020257,-0.023439,-0.161905,0.174482,0.0,-0.123507,0.0,0.0,0.0,-0.015491,-0.174482,0.0,-0.000793,0.0,0.0,0.0,0.0,0.0,0.0,0.0,0.0,-0.0,0.0,0.0,0.0,0.001953,-0.004944,0.0,0.000194,0.0,0.000042,0.0,-0.000043,0.0,-0.000194,0.0,0.0,0.0,-0.017998,
0.0,3.557191,0.890471,-0.000066,0.0,1.570796,0.0,0.882987,0.119863,0.0,0.0,0.0,-0.234308,-0.033351,-0.00421,0.914265,0.190372,0.011245,-0.122828,0.02527,0.009217,0.139766,0.016814,-0.023439,-0.148824,0.174482,0.0,-0.113104,0.0,-0.0,0.0,-0.035746,-0.174482,0.0,-0.000793,0.0,0.0,0.0,-0.0,-0.0,-0.0,0.0,-0.0,0.0,-0.0,0.0,-0.0,0.001953,-0.004944,0.0,0.000194,0.0,0.000042,0.0,-0.000043,0.0,-0.000194,0.0,-0.0,0.0,-0.014519,
0.0,3.566067,0.891505,-0.000066,0.0,1.570796,0.0,0.887566,0.103407,0.0,0.0,0.0,-0.255337,-0.033016,-0.003594,0.916083,0.17879,0.011959,-0.113097,0.02527,0.009217,0.139766,0.012947,-0.023466,-0.135159,0.174482,0.0,-0.102336,0.0,0.0,0.0,-0.056177,-0.174482,0.0,-0.000793,0.0,0.0,0.0,0.0,0.0,-0.0,0.0,0.0,0.0,0.0,0.0,-0.0,0.001953,-0.004944,0.0,0.000194,0.0,0.000042,0.0,-0.000044,0.0,-0.000194,0.0,-0.0,0.0,-0.011083,
0.0,3.575031,0.892214,-0.000066,0.0,1.570796,0.0,0.896419,0.070837,0.0,0.0,0.0,-0.275127,-0.032631,-0.003026,0.913309,0.167528,0.012673,-0.103068,0.02527,0.009217,0.139766,0.008241,-0.023546,-0.120338,0.174482,0.0,-0.090843,0.0,0.0,0.0,-0.076962,-0.174482,0.0,-0.000793,0.0,0.0,0.0,-0.0,0.0,-0.0,0.0,0.0,-0.0,0.0,0.0,-0.0,0.001953,-0.004944,0.0,0.000194,0.0,0.000043,0.0,-0.000044,0.0,-0.000194,0.0,0.0,0.0,-0.007732,
0.0,3.583996,0.892922,-0.000066,0.0,1.570796,0.0,0.89648,0.070845,0.0,0.0,0.0,-0.29492,-0.032246,-0.002458,0.910535,0.156264,0.013387,-0.093038,0.02527,0.009217,0.139766,0.003535,-0.023627,-0.105516,0.174482,0.0,-0.07935,0.0,0.0,0.0,-0.097749,-0.174482,0.0,-0.000793,0.0,0.0,0.0,0.0,0.0,0.0,0.0,0.0,0.0,0.0,0.0,0.0,0.001953,-0.004944,0.0,0.000194,0.0,0.000044,0.0,-0.000045,0.0,-0.000194,0.0,0.0,0.0,-0.00438,
0.0,3.592959,0.893629,-0.000066,0.0,1.570796,0.0,0.896327,0.070685,0.0,0.0,0.0,-0.314708,-0.031862,-0.001892,0.907751,0.145009,0.014101,-0.08301,0.02527,0.009216,0.139766,-0.001173,-0.023708,-0.090699,0.174482,0.0,-0.067861,0.0,0.0,0.0,-0.118524,-0.174482,0.0,-0.000808,-0.0,0.0,0.0,-0.0,0.0,-0.0,0.0,-0.0,-0.0,-0.0,0.0,0.0,0.001953,-0.004944,0.0,0.000194,0.0,0.000044,0.0,-0.000045,0.0,-0.000194,0.0,-0.0,0.0,-0.001033,
0.0,3.60175,0.893734,-0.000066,0.0,1.570796,0.0,0.879119,0.010503,0.0,0.0,0.0,-0.33449,-0.031606,-0.001654,0.900762,0.136494,0.014595,-0.072915,0.02527,0.00896,0.139766,-0.006777,-0.023788,-0.076921,0.174482,0.0,-0.057475,0.0,0.0,0.0,-0.136446,-0.174482,-0.0,-0.006888,0.0,0.0,0.0,-0.0,0.0,0.0,0.0,-0.0,0.0,0.0,0.0,0.0,0.001953,-0.004944,0.0,0.000194,0.0,0.000045,0.0,-0.000045,0.0,-0.000194,0.0,0.0,0.0,0.00089,
0.0,3.610541,0.893839,-0.000066,0.0,1.570796,0.0,0.879089,0.010503,0.0,0.0,0.0,-0.354274,-0.031349,-0.001415,0.893773,0.127979,0.01509,-0.062819,0.02527,0.008703,0.139766,-0.01238,-0.023869,-0.063142,0.174482,0.0,-0.047089,0.0,0.0,0.0,-0.154369,-0.174482,0.0,-0.012967,0.0,0.0,0.0,-0.0,0.0,0.0,0.0,0.0,0.0,-0.0,0.0,-0.0,0.001953,-0.004944,0.0,0.000194,0.0,0.000045,0.0,-0.000046,0.0,-0.000194,0.0,-0.0,0.0,0.002812,
0.0,3.619333,0.893944,-0.000066,0.0,1.570796,0.0,0.87915,0.010495,0.0,0.0,0.0,-0.374057,-0.031093,-0.001177,0.886783,0.119463,0.015584,-0.052723,0.02527,0.008447,0.139766,-0.017984,-0.023949,-0.049363,0.174482,0.0,-0.036702,0.0,0.0,0.0,-0.172292,-0.174482,0.0,-0.019047,0.0,-0.0,-0.0,0.0,0.0,-0.0,0.0,-0.0,0.0,-0.0,0.0,0.0,0.001953,-0.004944,-0.0,0.000194,-0.0,0.000046,0.0,-0.000046,0.0,-0.000194,0.0,-0.0,0.0,0.004735,
0.0,3.628174,0.893734,-0.000066,0.0,1.570796,0.0,0.884126,-0.021014,0.0,0.0,0.0,-0.393594,-0.031082,-0.001417,0.878769,0.114696,0.015748,-0.045609,0.02527,0.008154,0.145616,-0.027288,-0.02403,-0.036325,0.174482,0.0,-0.027091,-0.0,0.0,0.0,-0.188467,-0.174482,0.0,-0.026548,-0.0,0.0,0.0,0.0,0.0,0.0,0.0,-0.0,0.0,0.0,0.0,0.0,0.001953,-0.004944,0.0,0.000194,0.0,0.000046,0.0,-0.000046,0.0,-0.000194,-0.0,-0.0,0.0,0.006119,
0.0,3.637041,0.893368,-0.000066,0.0,1.570796,0.0,0.886752,-0.0366,0.0,0.0,0.0,-0.413017,-0.031191,-0.001893,0.870247,0.111779,0.015748,-0.039968,0.02527,0.007842,0.154359,-0.038425,-0.02411,-0.023652,0.174482,0.0,-0.017861,-0.0,0.0,0.0,-0.203783,-0.174482,0.0,-0.034753,0.0,0.0,0.0,0.0,0.0,0.0,0.0,0.0,0.0,-0.0,0.0,0.0,0.001953,-0.004944,-0.0,0.000194,0.0,0.000046,0.0,-0.000046,0.0,-0.000194,0.0,-0.0,0.0,0.007236,
-0.0,3.645908,0.893002,-0.000066,0.0,1.570796,-0.0,0.886721,-0.036593,0.0,0.0,0.0,-0.432439,-0.031301,-0.002369,0.861726,0.108863,0.015748,-0.034327,0.02527,0.007531,0.163101,-0.04956,-0.024191,-0.010979,0.174482,-0.0,-0.008632,0.0,0.0,0.0,-0.219098,-0.174482,0.0,-0.042958,0.0,0.0,0.0,0.0,0.0,-0.0,0.0,0.0,0.0,0.0,0.0,0.0,0.001953,-0.004944,-0.0,0.000194,0.0,0.000046,0.0,-0.000047,0.0,-0.000194,0.0,0.0,0.0,0.008353,
-0.0,3.654849,0.892496,-0.000066,0.0,1.570796,0.0,0.894046,-0.050569,0.0,0.0,0.0,-0.449108,-0.031307,-0.002759,0.849683,0.104458,0.015877,-0.028631,0.02527,0.00722,0.171909,-0.061018,-0.024272,0.002597,0.174482,-0.0,-0.002503,-0.0,0.0,0.0,-0.233676,-0.174482,0.0,-0.05133,0.0,-0.0,0.0,0.0,0.0,0.0,0.0,0.0,0.0,0.0,0.0,0.0,0.001953,-0.004944,0.0,0.000194,0.0,0.000046,0.0,-0.000047,0.0,-0.000194,0.0,0.0,0.0,0.009359,
0.0,3.663934,0.891714,-0.000066,0.0,1.570796,0.0,0.908544,-0.078202,0.0,0.0,0.0,-0.460341,-0.031105,-0.002979,0.830676,0.097106,0.016261,-0.022826,0.02527,0.006909,0.180846,-0.073112,-0.024352,0.017962,0.174482,0.0,-0.002503,0.0,0.0,0.0,-0.246799,-0.174482,0.0,-0.060032,0.0,0.0,0.0,-0.0,0.0,0.0,0.0,-0.0,0.0,-0.0,0.0,-0.0,0.001953,-0.004944,0.0,0.000194,0.0,0.000046,0.0,-0.000047,0.0,-0.000194,0.0,-0.0,0.0,0.010146,
0.0,3.67302,0.890932,-0.000066,0.0,1.570796,-0.0,0.908574,-0.078202,0.0,0.0,0.0,-0.471574,-0.030904,-0.003199,0.811668,0.089755,0.016646,-0.017021,0.02527,0.006597,0.189783,-0.085207,-0.024433,0.033327,0.174482,0.0,-0.002503,-0.0,0.0,0.0,-0.259923,-0.174482,-0.0,-0.068735,0.0,-0.0,0.0,0.0,0.0,-0.0,0.0,-0.0,0.0,0.0,0.0,-0.0,0.001953,-0.004944,0.0,0.000194,0.0,0.000046,0.0,-0.000047,0.0,-0.000194,-0.0,-0.0,0.0,0.010934,
-0.0,3.682106,0.890149,-0.000066,0.0,1.570796,-0.0,0.908574,-0.078286,0.0,0.0,0.0,-0.482785,-0.030701,-0.003417,0.792627,0.082395,0.017032,-0.011214,0.02527,0.006286,0.198716,-0.097301,-0.024513,0.048687,0.174482,0.0,-0.002503,-0.0,0.0,0.0,-0.27304,-0.174482,0.0,-0.077437,0.0,0.0,0.0,0.0,0.0,-0.0,0.0,0.0,0.0,0.0,0.0,-0.0,0.001953,-0.004944,0.0,0.000194,0.0,0.000046,0.0,-0.000047,0.0,-0.000194,0.0,0.0,0.0,0.011724,
0.0,3.691098,0.889067,-0.000066,0.0,1.570796,0.0,0.899177,-0.108194,0.0,0.0,0.0,-0.485653,-0.03006,-0.003014,0.760793,0.071641,0.017856,-0.00475,0.02527,0.005993,0.206082,-0.108801,-0.024594,0.062338,0.174482,0.0,-0.002503,0.0,0.0,0.0,-0.284108,-0.174482,0.0,-0.086199,0.0,0.0,0.0,0.0,0.0,0.0,0.0,0.0,0.0,0.0,0.0,0.0,0.001953,-0.004944,0.0,0.000194,0.0,0.000046,0.0,-0.000047,0.0,-0.000194,0.0,0.0,0.0,0.013629,
0.0,3.70009,0.887985,-0.000066,0.0,1.570796,0.0,0.899207,-0.108209,0.0,0.0,0.0,-0.488522,-0.029419,-0.002611,0.728946,0.060885,0.01868,0.001714,0.02527,0.0057,0.213448,-0.120303,-0.024674,0.07599,0.174482,0.0,-0.002503,0.0,0.0,0.0,-0.295176,-0.174482,0.0,-0.094962,-0.0,0.0,0.0,-0.0,0.0,0.0,0.0,-0.0,0.0,0.0,0.0,0.0,0.001953,-0.004944,0.0,0.000194,0.0,0.000046,-0.0,-0.000047,0.0,-0.000194,0.0,0.0,0.0,0.015533,
0.0,3.709081,0.886903,-0.000066,0.0,1.570796,0.0,0.899146,-0.108194,0.0,0.0,0.0,-0.49139,-0.028778,-0.002208,0.697108,0.050131,0.019504,0.008178,0.02527,0.005407,0.220813,-0.131803,-0.024755,0.08964,0.174482,-0.0,-0.002503,0.0,0.0,0.0,-0.306243,-0.174482,0.0,-0.103724,0.0,0.0,0.0,0.0,0.0,-0.0,0.0,0.0,0.0,0.0,0.0,0.0,0.001953,-0.004944,0.0,0.000194,-0.0,0.000046,0.0,-0.000047,0.0,-0.000194,-0.0,0.0,0.0,0.017437,
0.0,3.718375,0.88561,-0.000066,0.0,1.570796,-0.0,0.929391,-0.12931,0.0,0.0,0.0,-0.49134,-0.028076,-0.001499,0.659206,0.039514,0.020328,0.014777,0.02527,0.005114,0.228741,-0.143462,-0.024802,0.102539,0.174482,0.0,-0.002503,0.0,0.0,0.0,-0.315815,-0.174482,0.0,-0.111877,0.0,0.0,0.0,0.0,0.0,0.0,0.0,0.0,0.0,-0.0,0.0,0.0,0.001953,-0.004944,0.0,0.000194,0.0,0.000046,0.0,-0.000048,0.0,-0.000194,0.0,-0.0,0.0,0.019526,
0.0,3.727818,0.884213,-0.000066,0.0,1.570796,0.0,0.944253,-0.139731,0.0,0.0,0.0,-0.489849,-0.027343,-0.000639,0.618282,0.028966,0.021152,0.021443,0.02527,0.004821,0.236948,-0.155199,-0.024833,0.115067,0.174482,0.0,-0.002503,0.0,0.0,0.0,-0.324647,-0.174482,0.0,-0.119728,0.0,0.0,0.0,0.0,0.0,0.0,0.0,0.0,0.0,0.0,0.0,0.0,0.001953,-0.004944,0.0,0.000194,0.0,0.000047,0.0,-0.000048,0.0,-0.000194,0.0,0.0,0.0,0.021705,
0.0,3.737261,0.882816,-0.000066,0.0,1.570796,0.0,0.944314,-0.139738,0.0,0.0,0.0,-0.488358,-0.026611,0.000222,0.577355,0.018416,0.021976,0.028109,0.02527,0.004528,0.245154,-0.166936,-0.024863,0.127596,0.174482,0.0,-0.002503,-0.0,0.0,0.0,-0.33348,-0.174482,-0.0,-0.12758,0.0,0.0,0.0,0.0,0.0,-0.0,0.0,-0.0,0.0,-0.0,0.0,-0.0,0.001953,-0.004944,0.0,0.000194,0.0,0.000047,0.0,-0.000048,0.0,-0.000194,0.0,-0.0,0.0,0.023884,
0.0,3.746924,0.881341,-0.000066,0.0,1.570796,-0.0,0.966349,-0.14745,0.0,0.0,0.0,-0.486544,-0.025971,0.001101,0.540271,0.00542,0.022683,0.037841,0.02527,0.004315,0.248067,-0.176952,-0.024894,0.139714,0.174482,0.0,-0.002503,0.0,0.0,0.0,-0.341512,-0.174482,0.0,-0.134822,0.0,0.0,0.0,-0.0,0.0,-0.0,0.0,-0.0,0.0,-0.0,0.0,-0.0,0.001953,-0.004944,0.0,0.000194,0.0,0.000047,0.0,-0.000048,0.0,-0.000194,0.0,0.0,0.0,0.025965,
0.0,3.757027,0.879714,-0.000066,0.0,1.570796,0.0,1.010265,-0.162737,0.0,0.0,0.0,-0.484092,-0.025513,0.002017,0.510704,-0.012418,0.023159,0.053634,0.02527,0.00426,0.240524,-0.183573,-0.024924,0.151029,0.174482,0.0,-0.002503,0.0,0.0,0.0,-0.347965,-0.174482,0.0,-0.140862,0.0,0.0,0.0,0.0,0.0,-0.0,0.0,-0.0,0.0,-0.0,0.0,0.0,0.001953,-0.004944,0.0,0.000194,0.0,0.000048,0.0,-0.000048,0.0,-0.000194,0.0,-0.0,0.0,0.027851,
0.0,3.767129,0.878086,-0.000066,0.0,1.570796,-0.0,1.010203,-0.162721,0.0,0.0,0.0,-0.48164,-0.025055,0.002932,0.481134,-0.030256,0.023635,0.069426,0.02527,0.004205,0.232981,-0.190194,-0.024955,0.162343,0.174482,0.0,-0.002503,0.0,0.0,0.0,-0.354418,-0.174482,0.0,-0.146902,-0.0,0.0,0.0,0.0,0.0,0.0,0.0,-0.0,0.0,-0.0,0.0,-0.0,0.001953,-0.004944,0.0,0.000194,0.0,0.000048,0.0,-0.000048,0.0,-0.000194,0.0,0.0,0.0,0.029738,
0.0,3.777233,0.876459,-0.000066,0.0,1.570796,0.0,1.010356,-0.162699,0.0,0.0,0.0,-0.479216,-0.024598,0.003847,0.451666,-0.048098,0.024111,0.085246,0.02527,0.004152,0.225385,-0.19679,-0.024985,0.173648,0.174482,-0.0,-0.002503,-0.0,0.0,0.0,-0.360862,-0.174482,0.0,-0.152932,-0.0,0.0,0.0,0.0,0.0,0.0,0.0,0.0,0.0,0.0,0.0,0.0,0.001953,-0.004944,0.0,0.000194,0.0,0.000048,0.0,-0.000048,0.0,-0.000194,0.0,0.0,0.0,0.031617,
0.0,3.787603,0.874965,-0.000066,0.0,1.570796,0.0,1.037058,-0.149467,0.0,0.0,0.0,-0.486105,-0.024415,0.004488,0.454448,-0.067724,0.024257,0.110602,0.02516,0.004591,0.19968,-0.194858,-0.025016,0.18174,0.174482,0.0,-0.002503,-0.0,0.0,0.0,-0.364102,-0.174482,0.0,-0.155319,0.0,0.0,0.0,0.0,0.0,-0.0,0.0,-0.0,0.0,-0.0,0.0,-0.0,0.001953,-0.004944,0.0,0.000194,0.0,0.000049,0.0,-0.000048,0.0,-0.000194,0.0,0.0,0.0,0.031178,
0.0,3.797974,0.87347,-0.000066,0.0,1.570796,0.0,1.03715,-0.149483,0.0,0.0,0.0,-0.492996,-0.024232,0.005129,0.45723,-0.087355,0.024404,0.135966,0.02505,0.005031,0.173967,-0.192927,-0.025046,0.189832,0.174482,-0.0,-0.002503,-0.0,0.0,0.0,-0.367342,-0.174482,0.0,-0.157707,0.0,0.0,0.0,0.0,0.0,0.0,0.0,0.0,-0.0,-0.0,0.0,0.0,0.001953,-0.004944,-0.0,0.000194,0.0,0.000049,0.0,-0.000048,0.0,-0.000194,0.0,0.0,0.0,0.030738,
-0.0,3.808346,0.871975,-0.000066,0.0,1.570796,-0.0,1.037119,-0.149483,0.0,0.0,0.0,-0.499886,-0.024049,0.00577,0.460012,-0.106983,0.02455,0.161326,0.02494,0.00547,0.148259,-0.190995,-0.025077,0.197925,0.174482,0.0,-0.002503,0.0,0.0,0.0,-0.370583,-0.174482,0.0,-0.160095,0.0,0.0,0.0,0.0,0.0,-0.0,0.0,-0.0,0.0,-0.0,0.0,0.0,0.001953,-0.004944,0.0,0.000194,-0.0,0.000049,0.0,-0.000049,0.0,-0.000194,0.0,0.0,0.0,0.030299,
0.0,3.819187,0.870683,-0.000066,0.0,1.570796,0.0,1.084145,-0.129223,0.0,0.0,0.0,-0.500732,-0.023951,0.006117,0.46,-0.118517,0.024599,0.177648,0.024904,0.005934,0.139852,-0.192279,-0.025148,0.205828,0.174482,0.0,-0.002503,0.0,0.0,0.0,-0.37083,-0.174482,0.0,-0.160613,0.0,0.0,-0.0,0.0,0.0,-0.0,0.0,0.0,0.0,0.0,0.0,0.0,0.001953,-0.004944,0.0,0.000194,-0.0,0.000049,0.0,-0.000049,0.0,-0.000194,0.0,-0.0,0.0,0.030975,
0.0,3.83026,0.869491,-0.000066,0.0,1.570796,0.0,1.107307,-0.119227,0.0,0.0,0.0,-0.498597,-0.023896,0.006318,0.458608,-0.126058,0.024599,0.189512,0.024904,0.00641,0.139981,-0.195149,-0.02524,0.213636,0.174482,0.0,-0.002503,-0.0,0.0,0.0,-0.369601,-0.174482,0.0,-0.160209,0.0,0.0,0.0,0.0,0.0,-0.0,0.0,-0.0,0.0,-0.0,0.0,0.0,0.001953,-0.004944,0.0,0.000194,0.0,0.000049,0.0,-0.000049,0.0,-0.000194,0.0,0.0,0.0,0.032202,
0.0,3.841333,0.868298,-0.000066,0.0,1.570796,-0.0,1.107277,-0.119227,0.0,0.0,0.0,-0.496462,-0.023841,0.006519,0.457217,-0.133599,0.024599,0.201377,0.024904,0.006886,0.140109,-0.198019,-0.025331,0.221445,0.174482,0.0,-0.002503,0.0,0.0,0.0,-0.368371,-0.174482,0.0,-0.159805,0.0,0.0,0.0,0.0,0.0,0.0,0.0,0.0,0.0,0.0,0.0,0.0,0.001953,-0.004944,0.0,0.000194,0.0,0.000049,0.0,-0.000049,0.0,-0.000194,0.0,0.0,0.0,0.033429,
-0.0,3.852654,0.867237,-0.000066,0.0,1.570796,-0.0,1.132026,-0.106172,0.0,0.0,0.0,-0.49285,-0.023805,0.006622,0.455226,-0.137734,0.024599,0.213305,0.024941,0.007553,0.140253,-0.198612,-0.025423,0.22899,0.174482,0.0,-0.002503,0.0,-0.0,-0.0,-0.365803,-0.174482,0.0,-0.15882,-0.0,0.0,0.0,-0.0,-0.0,0.0,0.0,0.0,0.0,-0.0,0.0,-0.0,0.001953,-0.004944,0.0,0.000194,0.0,0.000049,0.0,-0.000049,-0.0,-0.000194,0.0,0.0,0.0,0.035248,
0.0,3.864461,0.866432,-0.000066,0.0,1.570796,0.0,1.180791,-0.080427,0.0,0.0,0.0,-0.486323,-0.023805,0.006531,0.45205,-0.135146,0.024599,0.22536,0.025051,0.008597,0.140428,-0.194712,-0.025514,0.236017,0.174482,0.0,-0.002503,0.0,0.0,0.0,-0.360591,-0.174482,-0.0,-0.156689,-0.0,0.0,-0.0,0.0,0.0,-0.0,0.0,-0.0,0.0,-0.0,0.0,0.0,0.001953,-0.004944,0.0,0.000194,0.0,0.000049,0.0,-0.000049,0.0,-0.000194,0.0,-0.0,0.0,0.038233,
0.0,3.876269,0.865628,-0.000066,0.0,1.570796,0.0,1.180761,-0.080427,0.0,0.0,0.0,-0.479797,-0.023805,0.006439,0.448875,-0.132558,0.024599,0.237416,0.02516,0.009641,0.140602,-0.190811,-0.025606,0.243044,0.174482,0.0,-0.002503,-0.0,-0.0,0.0,-0.355381,-0.174482,0.0,-0.154559,-0.0,0.0,0.0,0.0,-0.0,-0.0,0.0,-0.0,0.0,-0.0,0.0,-0.0,0.001953,-0.004944,0.0,0.000194,0.0,0.000049,-0.0,-0.000049,0.0,-0.000194,0.0,0.0,0.0,0.041218,
0.0,3.888076,0.864825,-0.000066,0.0,1.570796,0.0,1.18073,-0.080267,0.0,0.0,0.0,-0.473256,-0.023805,0.006347,0.445682,-0.129942,0.024599,0.249468,0.02527,0.010686,0.140777,-0.186884,-0.025697,0.250052,0.174482,-0.0,-0.002503,0.0,0.0,0.0,-0.350169,-0.174482,-0.0,-0.152433,0.0,0.0,0.0,0.0,0.0,-0.0,0.0,-0.0,-0.0,-0.0,0.0,0.0,0.001953,-0.004944,0.0,0.000194,0.0,0.000049,0.0,-0.000049,0.0,-0.000194,0.0,0.0,0.0,0.044199,
0.0,3.899795,0.864541,-0.000066,0.0,1.570796,-0.0,1.171907,-0.028441,0.0,0.0,0.0,-0.461773,-0.023906,0.005944,0.436704,-0.118186,0.024599,0.260591,0.02538,0.012022,0.140951,-0.174335,-0.025697,0.2514,0.174482,0.0,-0.002503,0.0,0.0,0.0,-0.344799,-0.174482,-0.0,-0.151716,0.0,0.0,0.0,0.0,0.0,-0.0,0.0,-0.0,0.0,-0.0,0.0,-0.0,0.001953,-0.004944,0.0,0.000194,-0.0,0.000051,0.0,-0.000051,0.0,-0.000194,0.0,0.0,0.0,0.045738,
0.0,3.911515,0.864257,-0.000066,0.0,1.570796,0.0,1.171938,-0.028449,0.0,0.0,0.0,-0.450289,-0.024007,0.005541,0.427725,-0.10643,0.024599,0.271715,0.02549,0.013359,0.141125,-0.161783,-0.025697,0.252747,0.174482,0.0,-0.002503,0.0,0.0,0.0,-0.339429,-0.174482,0.0,-0.151,0.0,0.0,0.0,0.0,0.0,0.0,0.0,0.0,0.0,0.0,0.0,0.0,0.001953,-0.004944,0.0,0.000194,0.0,0.000052,0.0,-0.000052,0.0,-0.000194,0.0,-0.0,0.0,0.047276,
0.0,3.923234,0.863972,-0.000066,0.0,1.570796,0.0,1.171907,-0.028449,0.0,0.0,0.0,-0.438806,-0.024107,0.005138,0.418746,-0.094674,0.024599,0.282838,0.0256,0.014696,0.1413,-0.149233,-0.025697,0.254095,0.174482,-0.0,-0.002503,0.0,0.0,0.0,-0.334059,-0.174482,0.0,-0.150284,-0.0,0.0,-0.0,0.0,0.0,0.0,0.0,0.0,0.0,0.0,0.0,-0.0,0.001953,-0.004944,0.0,0.000194,0.0,0.000054,0.0,-0.000054,0.0,-0.000194,0.0,0.0,0.0,0.048815,
0.0,3.934407,0.864066,-0.000066,0.0,1.570796,-0.0,1.117309,0.00939,0.0,0.0,0.0,-0.428782,-0.024208,0.004698,0.413715,-0.082779,0.024531,0.292825,0.025697,0.015738,0.141357,-0.12883,-0.025452,0.251647,0.174482,0.0,-0.002503,-0.0,0.0,0.0,-0.327429,-0.174482,-0.0,-0.148867,0.0,0.0,0.0,0.0,0.0,0.0,0.0,0.0,0.0,-0.0,0.0,0.0,0.001953,-0.004944,0.0,0.000194,0.0,0.000055,0.0,-0.000055,0.0,-0.000194,0.0,0.0,0.0,0.048759,
0.0,3.945312,0.864346,-0.000066,0.0,1.570796,0.0,1.090544,0.028026,0.0,0.0,0.0,-0.419477,-0.024309,0.004241,0.410628,-0.070813,0.02443,0.302253,0.025789,0.016636,0.141357,-0.104548,-0.025086,0.247329,0.174482,0.0,-0.002503,-0.0,0.0,0.0,-0.320176,-0.174482,0.0,-0.147104,0.0,0.0,0.0,0.0,0.0,0.0,0.0,0.0,0.0,0.0,0.0,0.0,0.001953,-0.004944,0.0,0.000194,0.0,0.000057,0.0,-0.000057,0.0,-0.000194,0.0,0.0,0.0,0.047916,
0.0,3.956217,0.864627,-0.000066,0.0,1.570796,0.0,1.090483,0.028034,0.0,0.0,0.0,-0.410172,-0.02441,0.003783,0.407542,-0.058848,0.02433,0.311682,0.025881,0.017533,0.141357,-0.080267,-0.024719,0.243012,0.174482,0.0,-0.002503,0.0,0.0,0.0,-0.312923,-0.174482,0.0,-0.145342,0.0,0.0,0.0,0.0,0.0,0.0,0.0,0.0,0.0,0.0,0.0,0.0,0.001953,-0.004944,0.0,0.000194,0.0,0.000059,0.0,-0.000059,0.0,-0.000194,0.0,0.0,0.0,0.047073,
0.0,3.966837,0.86509,-0.000066,0.0,1.570796,0.0,1.061978,0.046343,0.0,0.0,0.0,-0.400564,-0.024501,0.003374,0.404583,-0.04866,0.024229,0.310535,0.026095,0.017604,0.158743,-0.058447,-0.024261,0.236984,0.174482,0.0,-0.002503,-0.0,0.0,0.0,-0.305121,-0.174482,0.0,-0.142893,0.0,0.0,0.0,0.0,0.0,0.0,0.0,0.0,0.0,0.0,-0.0,0.0,0.001953,-0.004944,-0.0,0.000194,0.0,0.00006,0.0,-0.00006,0.0,-0.000194,0.0,-0.0,0.0,0.045738,
0.0,3.976893,0.865914,-0.000066,0.0,1.570796,0.0,1.005671,0.082426,0.0,0.0,0.0,-0.390357,-0.024574,0.003063,0.401873,-0.041975,0.024128,0.288545,0.026553,0.016048,0.210443,-0.041469,-0.02362,0.227586,0.174482,0.0,-0.002503,-0.0,0.0,0.0,-0.296236,-0.174482,0.0,-0.139094,0.0,0.0,0.0,0.0,0.0,-0.0,0.0,-0.0,0.0,0.0,0.0,0.0,0.001953,-0.004944,0.0,0.000194,0.0,0.000062,0.0,-0.000062,0.0,-0.000194,0.0,0.0,0.0,0.04343,
0.0,3.98695,0.866738,-0.000066,0.0,1.570796,0.0,1.005671,0.082426,0.0,0.0,0.0,-0.38015,-0.024648,0.002752,0.399164,-0.03529,0.024027,0.266552,0.027011,0.014491,0.262166,-0.02449,-0.022979,0.218187,0.174482,-0.0,-0.002503,0.0,0.0,0.0,-0.287351,-0.174482,0.0,-0.135294,0.0,0.0,0.0,0.0,0.0,-0.0,0.0,-0.0,0.0,-0.0,0.0,-0.0,0.001953,-0.004944,0.0,0.000194,0.0,0.000063,0.0,-0.000063,0.0,-0.000194,0.0,0.0,0.0,0.041122,
0.0,3.997005,0.867564,-0.000066,0.0,1.570796,-0.0,1.005426,0.082571,0.0,0.0,0.0,-0.369941,-0.024721,0.002441,0.396456,-0.028627,0.023927,0.244459,0.027474,0.012945,0.313996,-0.007523,-0.022333,0.20878,0.174482,0.0,-0.002503,-0.0,0.0,0.0,-0.278468,-0.174482,0.0,-0.131485,0.0,0.0,0.0,0.0,0.0,-0.0,0.0,0.0,0.0,-0.0,0.0,-0.0,0.001953,-0.004944,0.0,0.000194,-0.0,0.000065,0.0,-0.000065,-0.0,-0.000194,0.0,0.0,0.0,0.038828,
0.0,4.006299,0.868816,-0.000066,0.0,1.570796,0.0,0.929435,0.125161,0.0,0.0,0.0,-0.359228,-0.024721,0.002313,0.394328,-0.028444,0.023942,0.191048,0.029544,0.014428,0.412407,0.006266,-0.020264,0.19653,0.174482,-0.0,-0.002503,0.0,0.0,0.0,-0.270247,-0.174482,0.0,-0.124771,0.0,0.0,0.0,-0.0,0.0,0.0,0.0,0.0,0.0,0.0,0.0,-0.0,0.001953,-0.004944,0.0,0.000194,0.0,0.000065,0.0,-0.000065,0.0,-0.000194,0.0,0.0,0.0,0.040678,
0.0,4.015593,0.870067,-0.000066,0.0,1.570796,0.0,0.929404,0.125145,0.0,0.0,0.0,-0.348515,-0.024721,0.002185,0.392199,-0.02826,0.023958,0.137588,0.031613,0.015911,0.511131,0.020056,-0.018195,0.18428,0.174482,0.0,-0.002503,0.0,0.0,0.0,-0.262027,-0.174482,0.0,-0.118057,0.0,0.0,0.0,0.0,0.0,0.0,0.0,0.0,0.0,0.0,0.0,0.0,0.001953,-0.004944,0.0,0.000194,0.0,0.000066,0.0,-0.000065,0.0,-0.000194,0.0,0.0,0.0,0.042528,
0.0,4.024887,0.871319,-0.000066,0.0,1.570796,-0.0,0.929404,0.125145,0.0,0.0,0.0,-0.337801,-0.024721,0.002057,0.390071,-0.028077,0.023973,0.084154,0.033683,0.017395,0.609693,0.033845,-0.016125,0.17203,0.174482,0.0,-0.002503,0.0,-0.0,0.0,-0.253806,-0.174482,-0.0,-0.111343,-0.0,0.0,0.0,-0.0,-0.0,-0.0,0.0,-0.0,0.0,-0.0,0.0,-0.0,0.001953,-0.004944,0.0,0.000194,0.0,0.000066,0.0,-0.000065,0.0,-0.000194,0.0,0.0,0.0,0.044378,
0.0,4.033768,0.87262,-0.000066,0.0,1.570796,0.0,0.888083,0.130163,0.0,0.0,0.0,-0.326242,-0.024721,0.002014,0.385508,-0.030852,0.023988,0.040682,0.035765,0.01889,0.678554,0.059641,-0.013246,0.157607,0.174482,-0.0,-0.002503,0.0,0.0,0.0,-0.246176,-0.174482,0.0,-0.103219,0.0,0.0,0.0,0.0,0.0,0.0,0.0,0.0,0.0,-0.0,0.0,-0.0,0.001953,-0.004944,0.0,0.000194,-0.0,0.000066,0.0,-0.000065,0.0,-0.000194,0.0,-0.0,0.0,0.045859,
0.0,4.042446,0.873947,-0.000066,0.0,1.570796,-0.0,0.867819,0.132626,0.0,0.0,0.0,-0.314264,-0.024721,0.002014,0.379746,-0.035083,0.024003,0.002065,0.037852,0.020392,0.733026,0.091363,-0.009968,0.142111,0.174482,0.0,-0.002503,0.0,0.0,0.0,-0.238835,-0.174482,0.0,-0.094401,0.0,-0.0,-0.0,0.0,0.0,0.0,0.0,0.0,0.0,-0.0,0.0,-0.0,0.001953,-0.004944,0.0,0.000194,0.0,0.000067,0.0,-0.000065,0.0,-0.000194,0.0,0.0,0.0,0.04716,
-0.0,4.051124,0.875273,-0.000066,0.0,1.570796,-0.0,0.867789,0.132626,0.0,0.0,0.0,-0.302287,-0.024721,0.002014,0.373984,-0.039314,0.024019,-0.03655,0.03994,0.021894,0.787496,0.123082,-0.006691,0.126616,0.174482,0.0,-0.002503,-0.0,0.0,0.0,-0.231495,-0.174482,0.0,-0.085583,0.0,0.0,0.0,0.0,0.0,-0.0,0.0,-0.0,0.0,0.0,0.0,-0.0,0.001953,-0.004944,0.0,0.000194,0.0,0.000067,0.0,-0.000065,-0.0,-0.000194,0.0,-0.0,0.0,0.04846,
0.0,4.059654,0.876583,-0.000066,0.0,1.570796,0.0,0.853049,0.13103,0.0,0.0,0.0,-0.289782,-0.024696,0.002057,0.366993,-0.043545,0.024034,-0.072237,0.041775,0.023099,0.833644,0.148734,-0.003844,0.110064,0.174482,0.0,-0.002503,-0.0,0.0,0.0,-0.224288,-0.174482,0.0,-0.076373,-0.0,0.0,0.0,0.0,0.0,0.0,0.0,0.0,0.0,-0.0,0.0,0.0,0.001953,-0.004944,0.0,0.000194,0.0,0.000068,0.0,-0.000065,0.0,-0.000194,0.0,0.0,0.0,0.049237,
0.0,4.067895,0.877862,-0.000066,0.0,1.570796,0.0,0.824088,0.127893,0.0,0.0,0.0,-0.276234,-0.024623,0.002186,0.35758,-0.047776,0.024049,-0.102209,0.043112,0.023722,0.863535,0.162461,-0.001849,0.091423,0.174482,0.0,-0.002503,-0.0,0.0,0.0,-0.217345,-0.174482,0.0,-0.066388,0.0,0.0,0.0,0.0,0.0,0.0,0.0,0.0,0.0,-0.0,0.0,0.0,0.001953,-0.004944,0.0,0.000194,0.0,0.000068,0.0,-0.000066,0.0,-0.000194,0.0,-0.0,0.0,0.04898,
0.0,4.076137,0.879141,-0.000066,0.0,1.570796,-0.0,0.824119,0.127908,0.0,0.0,0.0,-0.262686,-0.024549,0.002314,0.348166,-0.052007,0.024064,-0.132187,0.044449,0.024344,0.893433,0.176189,0.000147,0.072781,0.174482,-0.0,-0.002503,-0.0,0.0,0.0,-0.210401,-0.174482,0.0,-0.056402,0.0,-0.0,0.0,0.0,0.0,-0.0,0.0,-0.0,0.0,-0.0,0.0,-0.0,0.001953,-0.004944,0.0,0.000194,0.0,0.000068,0.0,-0.000066,-0.0,-0.000194,0.0,0.0,0.0,0.048724,
0.0,4.084375,0.880419,-0.000066,0.0,1.570796,0.0,0.823905,0.127839,0.0,0.0,0.0,-0.249132,-0.024476,0.002441,0.338737,-0.05623,0.02408,-0.16213,0.045782,0.024963,0.923252,0.189835,0.002135,0.054139,0.174482,0.0,-0.002505,0.0,0.0,0.0,-0.203453,-0.174482,-0.0,-0.046422,-0.0,0.0,0.0,0.0,0.0,0.0,0.0,0.0,0.0,0.0,0.0,-0.0,0.001953,-0.004944,0.0,0.000194,0.0,0.000068,0.0,-0.000066,0.0,-0.000194,0.0,0.0,0.0,0.048461,
0.0,4.092138,0.881532,-0.000066,0.0,1.570796,0.0,0.776268,0.111227,0.0,0.0,0.0,-0.233764,-0.024476,0.002441,0.324941,-0.058466,0.024095,-0.18519,0.04591,0.024505,0.934059,0.181232,0.001787,0.034782,0.174482,0.0,-0.003293,0.0,0.0,0.0,-0.195341,-0.174482,0.0,-0.037741,-0.0,0.0,-0.0,0.0,0.0,-0.0,0.0,0.0,0.0,0.0,0.0,0.0,0.001953,-0.004944,0.0,0.000194,0.0,0.000068,0.0,-0.000066,0.0,-0.000194,0.0,0.0,0.0,0.046501,
0.0,4.0999,0.882644,-0.000066,0.0,1.570796,0.0,0.776207,0.111212,0.0,0.0,0.0,-0.218396,-0.024476,0.002441,0.311146,-0.0607,0.02411,-0.208253,0.046039,0.024048,0.944865,0.17263,0.001439,0.015424,0.174482,-0.0,-0.00408,0.0,0.0,0.0,-0.187229,-0.174482,0.0,-0.029061,-0.0,0.0,0.0,0.0,0.0,0.0,0.0,0.0,0.0,0.0,0.0,0.0,0.001953,-0.004944,0.0,0.000194,0.0,0.000068,0.0,-0.000067,0.0,-0.000194,0.0,0.0,0.0,0.044542,
0.0,4.107663,0.883756,-0.000066,0.0,1.570796,0.0,0.776299,0.111227,0.0,0.0,0.0,-0.203027,-0.024476,0.002441,0.29735,-0.062936,0.024126,-0.231316,0.046167,0.02359,0.955672,0.164026,0.001091,-0.003934,0.174482,0.0,-0.004868,0.0,0.0,0.0,-0.179117,-0.174482,0.0,-0.02038,0.0,0.0,0.0,-0.0,0.0,-0.0,0.0,0.0,0.0,0.0,0.0,-0.0,0.001953,-0.004944,0.0,0.000194,0.0,0.000068,0.0,-0.000067,0.0,-0.000194,0.0,0.0,0.0,0.042582,
0.0,4.115253,0.884661,-0.000066,0.0,1.570796,-0.0,0.758997,0.09052,0.0,0.0,0.0,-0.186038,-0.02444,0.00238,0.280286,-0.063979,0.024141,-0.249567,0.045632,0.022641,0.956638,0.151151,-0.000097,-0.021364,0.174482,0.0,-0.010773,-0.0,0.0,0.0,-0.169904,-0.174482,0.0,-0.017518,0.0,0.0,0.0,0.0,0.0,-0.0,0.0,0.0,0.0,-0.0,0.0,-0.0,0.001953,-0.004944,0.0,0.000194,0.0,0.000068,-0.0,-0.000067,0.0,-0.000194,0.0,0.0,0.0,0.040462,
0.0,4.122759,0.885465,-0.000066,0.0,1.570796,0.0,0.750574,0.080349,0.0,0.0,0.0,-0.168247,-0.024385,0.002289,0.261611,-0.064437,0.024156,-0.265456,0.044771,0.021451,0.952764,0.136173,-0.0017,-0.037849,0.174482,0.0,-0.019198,0.0,0.0,0.0,-0.160149,-0.174482,0.0,-0.017518,0.0,0.0,0.0,0.0,0.0,-0.0,0.0,0.0,0.0,0.0,0.0,-0.0,0.001953,-0.004944,0.0,0.000194,0.0,0.000068,-0.0,-0.000067,0.0,-0.000194,0.0,0.0,0.0,0.038264,
0.0,4.130264,0.886268,-0.000066,0.0,1.570796,0.0,0.750483,0.080341,0.0,0.0,0.0,-0.150458,-0.02433,0.002197,0.242938,-0.064895,0.024171,-0.281344,0.04391,0.02026,0.948891,0.121196,-0.003302,-0.054332,0.174482,0.0,-0.027621,0.0,0.0,0.0,-0.150394,-0.174482,-0.0,-0.017518,0.0,-0.0,0.0,-0.0,0.0,-0.0,0.0,-0.0,0.0,0.0,0.0,-0.0,0.001953,-0.004944,0.0,0.000194,0.0,0.000068,0.0,-0.000068,0.0,-0.000194,0.0,-0.0,0.0,0.036067,
0.0,4.137744,0.886958,-0.000066,0.0,1.570796,0.0,0.748042,0.068966,0.0,0.0,0.0,-0.135542,-0.024293,0.002136,0.229907,-0.066298,0.024187,-0.297052,0.042932,0.018953,0.94329,0.107029,-0.004904,-0.070802,0.174482,0.0,-0.036262,-0.0,0.0,0.0,-0.139815,-0.174482,0.0,-0.017518,-0.0,0.0,0.0,0.0,0.0,-0.0,0.0,0.0,0.0,0.0,0.0,0.0,0.001953,-0.004944,0.0,0.000194,-0.0,0.000068,0.0,-0.000067,0.0,-0.000194,0.0,0.0,0.0,0.033918,
0.0,4.145175,0.887424,-0.000066,0.0,1.570796,0.0,0.743039,0.046596,0.0,0.0,0.0,-0.126277,-0.024293,0.002136,0.227971,-0.06956,0.024202,-0.312407,0.041723,0.017414,0.934293,0.094454,-0.006506,-0.087246,0.174482,0.0,-0.045329,0.0,0.0,0.0,-0.127615,-0.174482,0.0,-0.017518,0.0,0.0,0.0,0.0,0.0,0.0,0.0,0.0,0.0,0.0,0.0,-0.0,0.001953,-0.004944,0.0,0.000194,0.0,0.000067,0.0,-0.000066,0.0,-0.000194,0.0,0.0,0.0,0.031867,
0.0,4.152606,0.88789,-0.000066,0.0,1.570796,0.0,0.7431,0.046596,0.0,0.0,0.0,-0.117012,-0.024293,0.002136,0.226036,-0.072821,0.024217,-0.327764,0.040515,0.015876,0.925296,0.081878,-0.008109,-0.103691,0.174482,0.0,-0.054396,0.0,0.0,0.0,-0.115413,-0.174482,0.0,-0.017518,0.0,0.0,0.0,0.0,0.0,-0.0,-0.0,0.0,0.0,0.0,0.0,0.0,0.001953,-0.004944,0.0,0.000194,0.0,0.000067,0.0,-0.000066,0.0,-0.000194,0.0,0.0,0.0,0.029816,
0.0,4.160035,0.888355,-0.000066,0.0,1.570796,-0.0,0.742978,0.046474,0.0,0.0,0.0,-0.107745,-0.024293,0.002136,0.224096,-0.076085,0.024232,-0.34312,0.039307,0.01434,0.91629,0.06932,-0.009709,-0.120129,0.174482,-0.0,-0.063462,-0.0,0.0,0.0,-0.10322,-0.174482,0.0,-0.017518,0.0,0.0,0.0,0.0,0.0,0.0,-0.0,0.0,-0.0,0.0,0.0,0.0,0.001953,-0.004944,0.0,0.000194,0.0,0.000067,0.0,-0.000065,0.0,-0.000194,0.0,0.0,0.0,0.027766,
0.0,4.16739,0.888489,-0.000066,0.0,1.570796,0.0,0.735503,0.013431,0.0,0.0,0.0,-0.097792,-0.024293,0.002136,0.220872,-0.079934,0.024232,-0.359047,0.038354,0.013204,0.904687,0.06071,-0.010863,-0.135607,0.174482,0.0,-0.07246,0.0,0.0,0.0,-0.092663,-0.174482,0.0,-0.017518,0.0,0.0,0.0,-0.0,0.0,0.0,0.0,-0.0,0.0,0.0,0.0,-0.0,0.001953,-0.004944,0.0,0.000194,0.0,0.000066,0.0,-0.000065,0.0,-0.000194,0.0,0.0,0.0,0.025916,
0.0,4.174746,0.888623,-0.000066,0.0,1.570796,0.0,0.735564,0.013438,0.0,0.0,0.0,-0.087837,-0.024293,0.002136,0.217649,-0.083782,0.024232,-0.374977,0.037402,0.012069,0.893082,0.0521,-0.012017,-0.151086,0.174482,-0.0,-0.081458,-0.0,0.0,-0.0,-0.082105,-0.174482,0.0,-0.017518,-0.0,0.0,0.0,0.0,0.0,0.0,0.0,-0.0,0.0,0.0,0.0,0.0,0.001953,-0.004944,0.0,0.000194,0.0,0.000066,0.0,-0.000065,0.0,-0.000194,0.0,-0.0,0.0,0.024067,
0.0,4.182101,0.888758,-0.000066,0.0,1.570796,0.0,0.735534,0.013438,0.0,0.0,0.0,-0.077884,-0.024293,0.002136,0.214425,-0.087631,0.024232,-0.390905,0.03645,0.010934,0.881479,0.04349,-0.01317,-0.166564,0.174482,0.0,-0.090456,0.0,0.0,0.0,-0.071548,-0.174482,0.0,-0.017518,0.0,0.0,0.0,-0.0,0.0,-0.0,0.0,0.0,0.0,-0.0,0.0,-0.0,0.001953,-0.004944,0.0,0.000194,0.0,0.000066,0.0,-0.000065,0.0,-0.000194,0.0,0.0,0.0,0.022217,
0.0,4.189397,0.888753,-0.000066,0.0,1.570796,0.0,0.729584,-0.00044,0.0,0.0,0.0,-0.068512,-0.024293,0.002214,0.212251,-0.09196,0.024232,-0.403806,0.035632,0.010093,0.865613,0.036797,-0.014109,-0.181077,0.174482,0.0,-0.098954,0.0,0.0,0.0,-0.061609,-0.174482,0.0,-0.017518,0.0,0.0,0.0,-0.0,0.0,0.0,0.0,-0.0,0.0,0.0,0.0,-0.0,0.001953,-0.004944,0.0,0.000194,0.0,0.000065,0.0,-0.000065,0.0,-0.000194,0.0,0.0,0.0,0.020588,
0.0,4.196663,0.888681,-0.000066,0.0,1.570796,0.0,0.726563,-0.007261,0.0,0.0,0.0,-0.059425,-0.024293,0.00233,0.210594,-0.096525,0.024232,-0.415221,0.034882,0.009397,0.847653,0.031047,-0.014942,-0.195115,0.174482,0.0,-0.107206,-0.0,0.0,0.0,-0.051974,-0.174482,0.0,-0.017518,0.0,0.0,0.0,0.0,0.0,0.0,0.0,0.0,0.0,0.0,0.0,-0.0,0.001953,-0.004944,0.0,0.000194,0.0,0.000065,0.0,-0.000065,0.0,-0.000194,0.0,0.0,0.0,0.019068,
0.0,4.203929,0.888608,-0.000066,0.0,1.570796,0.0,0.726654,-0.007253,0.0,0.0,0.0,-0.050338,-0.024293,0.002446,0.208937,-0.10109,0.024232,-0.426637,0.034131,0.008701,0.829691,0.025296,-0.015775,-0.209155,0.174482,-0.0,-0.115458,-0.0,0.0,0.0,-0.042338,-0.174482,-0.0,-0.017518,0.0,0.0,0.0,0.0,0.0,0.0,0.0,-0.0,0.0,-0.0,0.0,0.0,0.001953,-0.004944,0.0,0.000194,0.0,0.000065,0.0,-0.000065,0.0,-0.000194,0.0,-0.0,0.0,0.017549,
0.0,4.211193,0.888481,-0.000066,0.0,1.570796,0.0,0.72638,-0.012746,0.0,0.0,0.0,-0.042291,-0.024293,0.002562,0.209292,-0.10628,0.024232,-0.434746,0.033367,0.008073,0.807647,0.018904,-0.016609,-0.222613,0.174482,0.0,-0.123297,0.0,0.0,0.0,-0.032914,-0.174482,0.0,-0.017518,0.0,0.0,0.0,0.0,0.0,0.0,0.0,0.0,0.0,0.0,0.0,0.0,0.001953,-0.004944,0.0,0.000194,0.0,0.000065,0.0,-0.000065,0.0,-0.000194,0.0,0.0,0.0,0.016152,
-0.0,4.218453,0.888246,-0.000066,0.0,1.570796,-0.0,0.726015,-0.023511,0.0,0.0,0.0,-0.036283,-0.024293,0.002678,0.213602,-0.1127,0.024232,-0.436359,0.03258,0.007579,0.777565,0.011249,-0.017442,-0.234934,0.174482,-0.0,-0.130327,0.0,0.0,0.0,-0.023904,-0.174482,0.0,-0.017518,0.0,0.0,0.0,0.0,0.0,-0.0,0.0,-0.0,0.0,-0.0,-0.0,-0.0,0.001953,-0.004944,0.0,0.000194,0.0,0.000065,0.0,-0.000065,0.0,-0.000194,0.0,0.0,0.0,0.014998,
0.0,4.225713,0.88801,-0.000066,0.0,1.570796,0.0,0.725954,-0.023511,0.0,0.0,0.0,-0.030276,-0.024293,0.002794,0.217912,-0.119119,0.024232,-0.437972,0.031792,0.007084,0.747481,0.003595,-0.018275,-0.247254,0.174482,0.0,-0.137355,-0.0,0.0,0.0,-0.014894,-0.174482,-0.0,-0.017518,-0.0,0.0,0.0,0.0,0.0,0.0,0.0,0.0,0.0,0.0,0.0,-0.0,0.001953,-0.004944,0.0,0.000194,0.0,0.000065,0.0,-0.000065,0.0,-0.000194,0.0,0.0,0.0,0.013845,
0.0,4.232972,0.887775,-0.000066,0.0,1.570796,-0.0,0.725923,-0.023565,0.0,0.0,0.0,-0.024276,-0.024293,0.00291,0.222233,-0.125541,0.024232,-0.439545,0.031005,0.006591,0.717346,-0.004055,-0.019108,-0.259562,0.174482,0.0,-0.144377,0.0,-0.0,0.0,-0.005888,-0.174482,0.0,-0.017518,0.0,0.0,0.0,-0.0,-0.0,0.0,0.0,-0.0,0.0,-0.0,0.0,-0.0,0.001953,-0.004944,0.0,0.000194,0.0,0.000065,0.0,-0.000065,0.0,-0.000194,0.0,0.0,0.0,0.012692,
0.0,4.240063,0.887405,-0.000066,0.0,1.570796,0.0,0.709078,-0.036933,0.0,0.0,0.0,-0.019844,-0.024293,0.003026,0.229294,-0.132406,0.024232,-0.431077,0.030273,0.006298,0.673068,-0.010666,-0.019822,-0.268842,0.174482,0.0,-0.149611,0.0,0.0,-0.0,0.002316,-0.174482,0.0,-0.017518,0.0,0.0,0.0,0.0,0.0,-0.0,0.0,0.0,0.0,-0.0,0.0,0.0,0.001953,-0.004944,0.0,0.000194,0.0,0.000065,0.0,-0.000065,0.0,-0.000194,0.0,0.0,0.0,0.011832,
0.0,4.247154,0.887036,-0.000066,0.0,1.570796,0.0,0.709109,-0.036925,0.0,0.0,0.0,-0.015412,-0.024293,0.003142,0.236356,-0.139271,0.024232,-0.422609,0.02954,0.006005,0.628758,-0.017277,-0.020536,-0.278122,0.174482,-0.0,-0.154845,0.0,0.0,0.0,0.01052,-0.174482,0.0,-0.017518,0.0,0.0,0.0,0.0,0.0,0.0,0.0,0.0,-0.0,0.0,-0.0,-0.0,0.001953,-0.004944,0.0,0.000194,0.0,0.000065,0.0,-0.000065,0.0,-0.000194,0.0,0.0,0.0,0.010971,
0.0,4.254244,0.886667,-0.000066,0.0,1.570796,0.0,0.709017,-0.036925,0.0,0.0,0.0,-0.010981,-0.024293,0.003258,0.243417,-0.146135,0.024232,-0.414142,0.028808,0.005712,0.584467,-0.023887,-0.02125,-0.287402,0.174482,0.0,-0.160079,0.0,0.0,0.0,0.018723,-0.174482,0.0,-0.017518,0.0,0.0,0.0,-0.0,0.0,-0.0,0.0,-0.0,0.0,-0.0,0.0,-0.0,0.001953,-0.004944,0.0,0.000194,0.0,0.000065,0.0,-0.000065,0.0,-0.000194,0.0,0.0,0.0,0.01011,
0.0,4.261373,0.886274,-0.000066,0.0,1.570796,0.0,0.712863,-0.03929,0.0,0.0,0.0,-0.000641,-0.024293,0.003296,0.239251,-0.14959,0.024232,-0.40369,0.028222,0.005615,0.53664,-0.024442,-0.021719,-0.295166,0.174482,-0.0,-0.164268,0.0,0.0,0.0,0.025576,-0.174482,0.0,-0.017518,-0.0,0.0,0.0,0.0,0.0,0.0,-0.0,0.0,0.0,0.0,0.0,0.0,0.001953,-0.004944,0.0,0.000194,0.0,0.000065,0.0,-0.000065,0.0,-0.000194,0.0,0.0,0.0,0.009225,
0.0,4.26852,0.88587,-0.000066,0.0,1.570796,-0.0,0.714694,-0.040434,0.0,0.0,0.0,0.012599,-0.024293,0.003296,0.229574,-0.151371,0.024232,-0.392264,0.02771,0.005615,0.487022,-0.022025,-0.022067,-0.302186,0.174482,0.0,-0.167943,0.0,0.0,0.0,0.031767,-0.174482,0.0,-0.017518,0.0,0.0,0.0,0.0,0.0,0.0,0.0,0.0,0.0,0.0,0.0,-0.0,0.001953,-0.004944,0.0,0.000194,0.0,0.000067,0.0,-0.000066,0.0,-0.000194,0.0,0.0,0.0,0.008328,
0.0,4.275667,0.885465,-0.000066,0.0,1.570796,0.0,0.714724,-0.040442,0.0,0.0,0.0,0.025839,-0.024293,0.003296,0.219896,-0.153153,0.024232,-0.380837,0.027197,0.005615,0.437401,-0.019608,-0.022415,-0.309207,0.174482,0.0,-0.171618,0.0,0.0,0.0,0.037957,-0.174482,0.0,-0.017518,0.0,0.0,0.0,0.0,0.0,0.0,0.0,0.0,0.0,0.0,0.0,-0.0,0.001953,-0.004944,0.0,0.000194,0.0,0.000068,0.0,-0.000066,0.0,-0.000194,0.0,0.0,0.0,0.007431,
-0.0,4.282895,0.885055,-0.000066,0.0,1.570796,-0.0,0.722811,-0.041036,0.0,0.0,0.0,0.038511,-0.024293,0.00324,0.211379,-0.154593,0.024232,-0.36786,0.026746,0.00577,0.38823,-0.014045,-0.022682,-0.315422,0.174482,0.0,-0.174804,-0.0,0.0,0.0,0.04348,-0.174482,-0.0,-0.017518,0.0,0.0,0.0,0.0,0.0,-0.0,0.0,0.0,0.0,0.0,0.0,-0.0,0.001953,-0.004944,0.0,0.000194,0.0,0.000069,0.0,-0.000067,0.0,-0.000194,0.0,0.0,0.0,0.006509,
0.0,4.290284,0.884633,-0.000066,0.0,1.570796,0.0,0.738864,-0.04221,0.0,0.0,0.0,0.05007,-0.024293,0.003076,0.20514,-0.155364,0.024232,-0.351835,0.026416,0.006228,0.339805,-0.002307,-0.022792,-0.32006,0.174482,0.0,-0.177028,0.0,0.0,0.0,0.047692,-0.174482,0.0,-0.017518,0.0,0.0,0.0,-0.0,0.0,0.0,0.0,-0.0,0.0,-0.0,0.0,-0.0,0.001953,-0.004944,0.0,0.000194,0.0,0.000069,0.0,-0.000067,0.0,-0.000194,0.0,0.0,0.0,0.005538,
0.0,4.297672,0.884211,-0.000066,0.0,1.570796,0.0,0.738833,-0.042203,0.0,0.0,0.0,0.061629,-0.024293,0.002911,0.1989,-0.156136,0.024232,-0.335809,0.026087,0.006685,0.291361,0.009431,-0.022902,-0.324698,0.174482,0.0,-0.179253,0.0,0.0,0.0,0.051905,-0.174482,0.0,-0.017518,0.0,0.0,0.0,0.0,0.0,0.0,0.0,0.0,0.0,0.0,0.0,0.0,0.001953,-0.004944,0.0,0.000194,0.0,0.00007,0.0,-0.000068,0.0,-0.000194,0.0,0.0,0.0,0.004568,
0.0,4.305055,0.883788,-0.000066,0.0,1.570796,0.0,0.738284,-0.042271,0.0,0.0,0.0,0.07313,-0.024293,0.002747,0.192757,-0.156929,0.024232,-0.319803,0.025758,0.007147,0.243028,0.021185,-0.023011,-0.32932,0.174482,0.0,-0.181468,0.0,-0.0,0.0,0.056115,-0.174482,-0.0,-0.017518,0.0,0.0,0.0,0.0,-0.0,-0.0,-0.0,0.0,0.0,-0.0,0.0,0.0,0.001953,-0.004944,0.0,0.000194,0.0,0.000071,0.0,-0.000069,0.0,-0.000194,0.0,-0.0,0.0,0.003601,
0.0,4.311068,0.883218,-0.000066,0.0,1.570796,0.0,0.601261,-0.057028,0.0,0.0,0.0,0.071115,-0.024293,0.002875,0.209282,-0.162864,0.024232,-0.30821,0.025648,0.008355,0.212123,0.036681,-0.022864,-0.330379,0.174482,0.0,-0.181468,0.0,0.0,0.0,0.059541,-0.174482,0.0,-0.017518,0.0,0.0,0.0,0.0,0.0,0.0,-0.0,0.0,0.0,0.0,0.0,-0.0,0.001953,-0.004944,0.0,0.000194,0.0,0.000071,0.0,-0.000069,0.0,-0.000194,0.0,0.0,0.0,0.003472,
0.0,4.31708,0.882647,-0.000066,0.0,1.570796,0.0,0.601231,-0.057036,0.0,0.0,0.0,0.069099,-0.024293,0.003004,0.225809,-0.1688,0.024232,-0.296616,0.025538,0.009564,0.181209,0.052178,-0.022718,-0.331437,0.174482,-0.0,-0.181468,-0.0,0.0,0.0,0.062967,-0.174482,0.0,-0.017518,0.0,0.0,0.0,0.0,0.0,-0.0,0.0,-0.0,-0.0,-0.0,0.0,0.0,0.001953,-0.004944,0.0,0.000194,0.0,0.000072,0.0,-0.00007,0.0,-0.000194,0.0,0.0,0.0,0.003344,
0.0,4.323092,0.882077,-0.000066,0.0,1.570796,0.0,0.601261,-0.057028,0.0,0.0,0.0,0.067084,-0.024293,0.003132,0.242335,-0.174735,0.024232,-0.285022,0.025428,0.010772,0.1503,0.067674,-0.022571,-0.332495,0.174482,-0.0,-0.181468,-0.0,0.0,-0.0,0.066393,-0.174482,0.0,-0.017518,0.0,0.0,0.0,0.0,0.0,0.0,0.0,0.0,0.0,0.0,-0.0,-0.0,0.001953,-0.004944,0.0,0.000194,0.0,0.000072,0.0,-0.00007,0.0,-0.000194,0.0,0.0,0.0,0.003216,
0.0,4.32891,0.881902,-0.000066,0.0,1.570796,0.0,0.581788,-0.017509,0.0,0.0,0.0,0.068474,-0.024293,0.003039,0.251117,-0.174727,0.024232,-0.278987,0.025466,0.012104,0.140306,0.07822,-0.022271,-0.331523,0.174482,0.0,-0.18119,0.0,0.0,0.0,0.069106,-0.174482,-0.0,-0.017518,0.0,0.0,0.0,0.0,0.0,0.0,0.0,0.0,0.0,-0.0,0.0,0.0,0.001953,-0.004944,0.0,0.000194,0.0,0.000073,0.0,-0.000071,0.0,-0.000194,0.0,0.0,0.0,0.002916,
0.0,4.334632,0.881921,-0.000066,0.0,1.570796,0.0,0.572204,0.001861,0.0,0.0,0.0,0.071534,-0.024293,0.002837,0.256102,-0.171805,0.024232,-0.275678,0.025576,0.013495,0.140563,0.08634,-0.021896,-0.329555,0.174482,-0.0,-0.180777,0.0,0.0,0.0,0.07147,-0.174482,-0.0,-0.017518,0.0,0.0,0.0,0.0,0.0,-0.0,0.0,-0.0,0.0,0.0,0.0,-0.0,0.001953,-0.004944,0.0,0.000194,0.0,0.000073,0.0,-0.000072,0.0,-0.000194,0.0,-0.0,0.0,0.002531,
0.0,4.340354,0.881939,-0.000066,0.0,1.570796,0.0,0.572174,0.001861,0.0,0.0,0.0,0.074594,-0.024293,0.002636,0.261087,-0.168882,0.024232,-0.272369,0.025685,0.014887,0.14082,0.094459,-0.02152,-0.327588,0.174482,-0.0,-0.180363,0.0,0.0,0.0,0.073833,-0.174482,0.0,-0.017518,0.0,0.0,0.0,0.0,0.0,0.0,0.0,0.0,0.0,0.0,0.0,0.0,0.001953,-0.004944,0.0,0.000194,0.0,0.000073,0.0,-0.000072,0.0,-0.000194,0.0,0.0,0.0,0.002147,
0.0,4.345978,0.882182,-0.000066,0.0,1.570796,-0.0,0.562376,0.02423,0.0,0.0,0.0,0.07797,-0.024318,0.00236,0.264869,-0.16379,0.024245,-0.268537,0.025789,0.016223,0.141058,0.102333,-0.021145,-0.324706,0.174482,0.0,-0.179949,0.0,-0.0,0.0,0.075714,-0.174482,0.0,-0.017518,0.0,0.0,0.0,0.0,-0.0,0.0,-0.0,-0.0,0.0,-0.0,0.0,-0.0,0.001953,-0.004944,0.0,0.000194,0.0,0.000072,0.0,-0.000072,0.0,-0.000194,0.0,0.0,0.0,0.001632,
0.0,4.351408,0.882863,-0.000066,0.0,1.570796,0.0,0.542964,0.06809,0.0,0.0,0.0,0.081965,-0.024391,0.001939,0.266291,-0.154443,0.024281,-0.263679,0.025881,0.01745,0.14126,0.109724,-0.02077,-0.320032,0.174482,-0.0,-0.179536,-0.0,-0.0,0.0,0.076649,-0.174482,-0.0,-0.017518,0.0,0.0,0.0,0.0,-0.0,-0.0,0.0,-0.0,-0.0,0.0,0.0,0.0,0.001953,-0.004944,0.0,0.000194,0.0,0.000071,0.0,-0.000072,0.0,-0.000194,0.0,0.0,0.0,0.000863,
0.0,4.356837,0.883543,-0.000066,0.0,1.570796,0.0,0.542995,0.06809,0.0,0.0,0.0,0.08596,-0.024465,0.001518,0.267714,-0.145095,0.024318,-0.258822,0.025972,0.018677,0.141462,0.117116,-0.020394,-0.315359,0.174482,0.0,-0.179122,0.0,0.0,0.0,0.077583,-0.174482,0.0,-0.017518,0.0,0.0,0.0,0.0,0.0,0.0,0.0,-0.0,0.0,0.0,0.0,0.0,0.001953,-0.004944,0.0,0.000194,0.0,0.00007,0.0,-0.000071,-0.0,-0.000194,0.0,0.0,0.0,0.000094,
0.0,4.362266,0.884225,-0.000066,0.0,1.570796,0.0,0.542842,0.068182,0.0,0.0,0.0,0.089927,-0.024538,0.001097,0.269185,-0.13575,0.024355,-0.253964,0.026063,0.019901,0.141664,0.12449,-0.02002,-0.310677,0.174482,-0.0,-0.178707,-0.0,0.0,0.0,0.078506,-0.174482,0.0,-0.017518,-0.0,0.0,0.0,0.0,0.0,0.0,-0.0,0.0,0.0,0.0,0.0,0.0,0.001953,-0.004944,0.0,0.000194,0.0,0.000069,0.0,-0.00007,0.0,-0.000194,0.0,-0.0,0.0,-0.000673,
0.0,4.367401,0.885134,-0.000066,0.0,1.570796,0.0,0.513544,0.090885,0.0,0.0,0.0,0.087489,-0.024648,0.000768,0.281491,-0.126945,0.024391,-0.249149,0.026063,0.02045,0.141737,0.128105,-0.019818,-0.304214,0.174482,0.0,-0.178156,-0.0,0.0,0.0,0.076692,-0.174482,0.0,-0.017518,-0.0,0.0,0.0,0.0,0.0,-0.0,0.0,-0.0,0.0,0.0,0.0,0.0,0.001953,-0.004944,0.0,0.000194,0.0,0.000068,0.0,-0.000069,0.0,-0.000194,0.0,0.0,0.0,-0.001094,
0.0,4.372537,0.886043,-0.000066,0.0,1.570796,0.0,0.513544,0.090877,0.0,0.0,0.0,0.085052,-0.024758,0.000438,0.293798,-0.118139,0.024428,-0.244333,0.026063,0.021,0.14181,0.13172,-0.019617,-0.297751,0.174482,0.0,-0.177604,0.0,0.0,0.0,0.074877,-0.174482,0.0,-0.017518,0.0,0.0,0.0,-0.0,0.0,0.0,0.0,0.0,0.0,-0.0,0.0,0.0,0.001953,-0.004944,0.0,0.000194,0.0,0.000067,0.0,-0.000069,0.0,-0.000194,0.0,-0.0,0.0,-0.001516,
0.0,4.377672,0.886952,-0.000066,0.0,1.570796,0.0,0.513574,0.090885,0.0,0.0,0.0,0.082614,-0.024868,0.000108,0.306104,-0.109333,0.024464,-0.239517,0.026063,0.021549,0.141884,0.135335,-0.019415,-0.291287,0.174482,-0.0,-0.177053,0.0,0.0,0.0,0.073063,-0.174482,0.0,-0.017518,-0.0,0.0,0.0,0.0,0.0,-0.0,0.0,-0.0,0.0,-0.0,0.0,-0.0,0.001953,-0.004944,0.0,0.000194,0.0,0.000066,0.0,-0.000068,0.0,-0.000194,0.0,-0.0,0.0,-0.001937,
0.0,4.382609,0.887828,-0.000066,0.0,1.570796,0.0,0.493677,0.087588,0.0,0.0,0.0,0.07436,-0.025039,-0.000184,0.328406,-0.10095,0.024378,-0.234606,0.026063,0.02173,0.141908,0.134947,-0.019423,-0.284955,0.174482,-0.0,-0.176181,0.0,0.0,0.0,0.069835,-0.174482,0.0,-0.017518,0.0,0.0,0.0,-0.0,0.0,0.0,0.0,0.0,-0.0,0.0,0.0,0.0,0.001953,-0.004944,0.0,0.000194,0.0,0.000066,0.0,-0.000067,0.0,-0.000194,0.0,0.0,0.0,-0.00312,
0.0,4.387449,0.888687,-0.000066,0.0,1.570796,0.0,0.483942,0.085977,0.0,0.0,0.0,0.063258,-0.02524,-0.000459,0.355611,-0.092774,0.024232,-0.229647,0.026063,0.02173,0.141908,0.132598,-0.019533,-0.278686,0.174482,0.0,-0.175151,0.0,0.0,0.0,0.065914,-0.174482,-0.0,-0.017518,0.0,0.0,0.0,0.0,0.0,-0.0,0.0,-0.0,-0.0,0.0,0.0,-0.0,0.001953,-0.004944,0.0,0.000194,0.0,0.000065,0.0,-0.000067,0.0,-0.000194,0.0,0.0,0.0,-0.004676,
0.0,4.392288,0.889547,-0.000066,0.0,1.570796,-0.0,0.483911,0.08597,0.0,0.0,0.0,0.052155,-0.025442,-0.000734,0.382816,-0.084599,0.024085,-0.224689,0.026063,0.02173,0.141908,0.130249,-0.019643,-0.272418,0.174482,0.0,-0.174122,0.0,0.0,0.0,0.061994,-0.174482,0.0,-0.017518,0.0,0.0,0.0,0.0,0.0,-0.0,0.0,0.0,0.0,0.0,-0.0,-0.0,0.001953,-0.004944,0.0,0.000194,0.0,0.000064,0.0,-0.000066,0.0,-0.000194,0.0,0.0,0.0,-0.006233,
0.0,4.397027,0.890352,-0.000066,0.0,1.570796,0.0,0.473872,0.080468,0.0,0.0,0.0,0.037973,-0.02568,-0.00094,0.414311,-0.076492,0.023895,-0.219837,0.026063,0.021686,0.141908,0.127107,-0.019752,-0.266358,0.174482,0.0,-0.172881,0.0,0.0,0.0,0.057423,-0.174482,0.0,-0.017518,0.0,0.0,0.0,-0.0,0.0,0.0,0.0,-0.0,0.0,0.0,0.0,0.0,0.001953,-0.004944,0.0,0.000194,0.0,0.000063,0.0,-0.000065,0.0,-0.000194,0.0,0.0,0.0,-0.008049,
0.0,4.401568,0.891048,-0.000066,0.0,1.570796,0.0,0.454127,0.069664,0.0,0.0,0.0,0.017756,-0.025992,-0.001014,0.454244,-0.068522,0.023621,-0.215197,0.026063,0.021558,0.141908,0.12241,-0.019862,-0.260708,0.174482,0.0,-0.171227,0.0,0.0,0.0,0.05158,-0.174482,0.0,-0.017518,0.0,0.0,0.0,0.0,0.0,0.0,-0.0,0.0,0.0,-0.0,0.0,-0.0,0.001953,-0.004944,0.0,0.000194,0.0,0.000063,0.0,-0.000064,0.0,-0.000194,0.0,-0.0,0.0,-0.010375,
-0.0,4.406108,0.891745,-0.000066,0.0,1.570796,-0.0,0.454097,0.069664,0.0,0.0,0.0,-0.002463,-0.026303,-0.001087,0.494188,-0.060552,0.023346,-0.210556,0.026063,0.02143,0.141908,0.117714,-0.019972,-0.255057,0.174482,-0.0,-0.169573,0.0,0.0,0.0,0.045737,-0.174482,-0.0,-0.017518,0.0,0.0,0.0,0.0,0.0,0.0,0.0,-0.0,0.0,0.0,0.0,0.0,0.001953,-0.004944,0.0,0.000194,0.0,0.000063,0.0,-0.000064,0.0,-0.000194,0.0,0.0,0.0,-0.012701,
0.0,4.410648,0.89244,-0.000066,0.0,1.570796,0.0,0.453975,0.069511,0.0,0.0,0.0,-0.022704,-0.026615,-0.001159,0.534129,-0.052571,0.023071,-0.205917,0.026063,0.021301,0.141908,0.113014,-0.020082,-0.249408,0.174482,0.0,-0.167917,-0.0,-0.0,-0.0,0.039886,-0.174482,0.0,-0.017518,0.0,0.0,0.0,0.0,-0.0,0.0,-0.0,0.0,0.0,-0.0,0.0,-0.0,0.001953,-0.004944,0.0,0.000194,0.0,0.000062,0.0,-0.000063,0.0,-0.000194,0.0,0.0,0.0,-0.015016,
0.0,4.41489,0.892819,-0.000066,0.0,1.570796,0.0,0.424131,0.037931,0.0,0.0,0.0,-0.04841,-0.026999,-0.000994,0.57815,-0.042187,0.022649,-0.201702,0.026063,0.021109,0.141908,0.107458,-0.020247,-0.244096,0.174482,0.0,-0.165749,-0.0,-0.0,0.0,0.032524,-0.174482,0.0,-0.017518,0.0,0.0,0.0,0.0,-0.0,0.0,0.0,0.0,0.0,-0.0,0.0,-0.0,0.001953,-0.004944,0.0,0.000194,0.0,0.000062,0.0,-0.000063,0.0,-0.000194,0.0,-0.0,0.0,-0.015107,
0.0,4.419131,0.893199,-0.000066,0.0,1.570796,0.0,0.424131,0.037923,0.0,0.0,0.0,-0.07412,-0.027384,-0.000829,0.622198,-0.031802,0.022228,-0.197488,0.026063,0.020917,0.141908,0.101902,-0.020412,-0.238784,0.174482,0.0,-0.163581,0.0,0.0,0.0,0.025162,-0.174482,0.0,-0.017518,0.0,0.0,0.0,-0.0,0.0,-0.0,0.0,-0.0,0.0,-0.0,0.0,-0.0,0.001953,-0.004944,0.0,0.000194,0.0,0.000062,0.0,-0.000063,0.0,-0.000194,0.0,0.0,0.0,-0.015199,
-0.0,4.423372,0.893578,-0.000066,0.0,1.570796,-0.0,0.424131,0.037931,0.0,0.0,0.0,-0.099828,-0.027768,-0.000665,0.666233,-0.021417,0.021807,-0.193274,0.026063,0.020725,0.141908,0.096346,-0.020577,-0.233471,0.174482,-0.0,-0.161412,-0.0,0.0,0.0,0.0178,-0.174482,0.0,-0.017518,0.0,0.0,0.0,0.0,0.0,-0.0,0.0,0.0,0.0,-0.0,0.0,-0.0,0.001953,-0.004944,0.0,0.000194,0.0,0.000062,0.0,-0.000063,0.0,-0.000194,0.0,0.0,0.0,-0.01529,
0.0,4.427411,0.893899,-0.000066,0.0,1.570796,0.0,0.403837,0.032139,0.0,0.0,0.0,-0.123594,-0.028092,-0.000487,0.701757,-0.012424,0.021386,-0.189198,0.026063,0.020532,0.141908,0.091222,-0.020713,-0.227817,0.174482,-0.0,-0.158135,-0.0,-0.0,-0.0,0.010427,-0.174482,0.0,-0.017518,0.0,0.0,0.0,0.0,-0.0,-0.0,0.0,0.0,0.0,-0.0,0.0,0.0,0.001953,-0.004944,0.0,0.000194,0.0,0.000062,0.0,-0.000062,0.0,-0.000194,0.0,0.0,0.0,-0.014669,
0.0,4.43135,0.894192,-0.000066,0.0,1.570796,0.0,0.393919,0.029315,0.0,0.0,0.0,-0.14642,-0.028385,-0.000304,0.733149,-0.00411,0.020965,-0.185188,0.026063,0.02034,0.141908,0.08631,-0.020835,-0.221995,0.174482,0.0,-0.154315,-0.0,0.0,0.0,0.003047,-0.174482,0.0,-0.017518,0.0,0.0,0.0,0.0,0.0,-0.0,0.0,-0.0,0.0,0.0,0.0,-0.0,0.001953,-0.004944,0.0,0.000194,0.0,0.000062,0.0,-0.000062,0.0,-0.000194,0.0,0.0,0.0,-0.013698,
0.0,4.435289,0.894486,-0.000066,0.0,1.570796,0.0,0.393888,0.029308,0.0,0.0,0.0,-0.169245,-0.028678,-0.000121,0.764539,0.004203,0.020543,-0.181179,0.026063,0.020148,0.141908,0.081398,-0.020957,-0.216172,0.174482,0.0,-0.150495,0.0,0.0,0.0,-0.004333,-0.174482,0.0,-0.017518,0.0,0.0,0.0,0.0,0.0,0.0,0.0,-0.0,0.0,0.0,0.0,0.0,0.001953,-0.004944,0.0,0.000194,0.0,0.000061,0.0,-0.000062,0.0,-0.000194,0.0,-0.0,0.0,-0.012728,
0.0,4.439126,0.894771,-0.000066,0.0,1.570796,0.0,0.383665,0.028529,0.0,0.0,0.0,-0.190528,-0.02894,0.000043,0.791391,0.010702,0.020184,-0.177208,0.026063,0.02002,0.141908,0.076301,-0.021079,-0.210066,0.174482,0.0,-0.146179,0.0,0.0,0.0,-0.011632,-0.174482,0.0,-0.017518,0.0,0.0,0.0,0.0,0.0,-0.0,0.0,-0.0,-0.0,-0.0,0.0,-0.0,0.001953,-0.004944,0.0,0.000194,0.0,0.000061,0.0,-0.000062,0.0,-0.000194,0.0,0.0,0.0,-0.011609,
0.0,4.44276,0.895041,-0.000066,0.0,1.570796,0.0,0.363493,0.027002,0.0,0.0,0.0,-0.208798,-0.029141,0.000172,0.809382,0.01365,0.019946,-0.173312,0.026063,0.02002,0.141908,0.070841,-0.021201,-0.203404,0.174482,0.0,-0.140892,0.0,0.0,0.0,-0.018774,-0.174482,0.0,-0.017518,-0.0,0.0,0.0,0.0,0.0,0.0,0.0,0.0,0.0,0.0,0.0,0.0,0.001953,-0.004944,0.0,0.000194,0.0,0.000061,0.0,-0.000062,0.0,-0.000194,0.0,0.0,0.0,-0.010199,
0.0,4.446396,0.895311,-0.000066,0.0,1.570796,0.0,0.363524,0.027009,0.0,0.0,0.0,-0.227071,-0.029343,0.0003,0.827376,0.016599,0.019708,-0.169415,0.026063,0.02002,0.141908,0.06538,-0.021323,-0.196741,0.174482,0.0,-0.135606,0.0,0.0,0.0,-0.025916,-0.174482,0.0,-0.017518,0.0,0.0,0.0,-0.0,0.0,-0.0,-0.0,0.0,0.0,-0.0,0.0,-0.0,0.001953,-0.004944,0.0,0.000194,0.0,0.000061,0.0,-0.000062,0.0,-0.000194,0.0,-0.0,0.0,-0.008789,
0.0,4.450029,0.895581,-0.000066,0.0,1.570796,0.0,0.363371,0.027002,0.0,0.0,0.0,-0.245316,-0.029544,0.000427,0.845305,0.019513,0.019471,-0.16552,0.026063,0.020019,0.141908,0.059934,-0.021445,-0.190075,0.174482,0.0,-0.130317,0.0,0.0,0.0,-0.033056,-0.174482,-0.0,-0.017518,-0.0,0.0,0.0,0.0,0.0,0.0,0.0,-0.0,0.0,-0.0,0.0,0.0,0.001953,-0.004944,0.0,0.000194,0.0,0.000061,0.0,-0.000061,0.0,-0.000194,0.0,0.0,0.0,-0.007384,
0.0,4.453359,0.895847,-0.000066,0.0,1.570796,-0.0,0.332914,0.026565,0.0,0.0,0.0,-0.258675,-0.029653,0.000298,0.850818,0.015686,0.019471,-0.161809,0.026063,0.019818,0.141908,0.05726,-0.021567,-0.182758,0.174482,0.0,-0.124667,0.0,0.0,0.0,-0.039851,-0.174482,-0.0,-0.017518,0.0,0.0,0.0,0.0,0.0,-0.0,0.0,-0.0,0.0,0.0,0.0,0.0,0.001953,-0.004944,0.0,0.000194,0.0,0.000061,0.0,-0.000061,0.0,-0.000194,0.0,0.0,0.0,-0.007036,
0.0,4.456687,0.896112,-0.000066,0.0,1.570796,0.0,0.332914,0.026565,0.0,0.0,0.0,-0.272034,-0.029763,0.00017,0.856331,0.011859,0.019471,-0.158099,0.026063,0.019617,0.141908,0.054585,-0.02169,-0.175441,0.174482,0.0,-0.119017,0.0,0.0,0.0,-0.046646,-0.174482,0.0,-0.017518,0.0,0.0,0.0,0.0,0.0,0.0,-0.0,-0.0,0.0,-0.0,-0.0,-0.0,0.001953,-0.004944,0.0,0.000194,-0.0,0.000061,0.0,-0.000061,0.0,-0.000194,0.0,0.0,0.0,-0.006688,
0.0,4.460017,0.896378,-0.000066,0.0,1.570796,0.0,0.332945,0.026572,0.0,0.0,0.0,-0.285393,-0.029873,0.000042,0.861844,0.008032,0.019471,-0.154388,0.026063,0.019415,0.141908,0.051911,-0.021812,-0.168125,0.174482,0.0,-0.113367,-0.0,0.0,0.0,-0.053442,-0.174482,0.0,-0.017518,0.0,0.0,0.0,0.0,0.0,-0.0,0.0,-0.0,0.0,0.0,0.0,-0.0,0.001953,-0.004944,0.0,0.000194,0.0,0.00006,0.0,-0.000061,0.0,-0.000194,0.0,-0.0,0.0,-0.00634,
0.0,4.46314,0.896594,-0.000066,0.0,1.570796,-0.0,0.312254,0.021642,0.0,0.0,0.0,-0.295154,-0.029909,-0.000061,0.860302,0.001326,0.019582,-0.15095,0.026063,0.01914,0.141846,0.049901,-0.021898,-0.160664,0.174482,0.0,-0.107804,-0.0,0.0,0.0,-0.059254,-0.174482,0.0,-0.014357,0.0,0.0,0.0,0.0,0.0,0.0,0.0,0.0,0.0,0.0,0.0,0.0,0.001953,-0.004944,0.0,0.000194,0.0,0.00006,0.0,-0.000061,0.0,-0.000194,0.0,0.0,0.0,-0.00609,
0.0,4.466161,0.896787,-0.000066,0.0,1.570796,0.0,0.302153,0.019238,0.0,0.0,0.0,-0.303156,-0.029909,-0.000153,0.855311,-0.006786,0.019747,-0.147644,0.026063,0.018829,0.141755,0.048215,-0.021968,-0.153135,0.174482,-0.0,-0.102285,0.0,0.0,0.0,-0.064585,-0.174482,0.0,-0.009651,0.0,0.0,0.0,0.0,0.0,-0.0,0.0,0.0,0.0,0.0,0.0,0.0,0.001953,-0.004944,0.0,0.000194,0.0,0.00006,0.0,-0.000061,0.0,-0.000194,0.0,-0.0,0.0,-0.005889,
0.0,4.469182,0.896979,-0.000066,0.0,1.570796,0.0,0.302153,0.019238,0.0,0.0,0.0,-0.311159,-0.029909,-0.000245,0.85032,-0.014898,0.019911,-0.144339,0.026063,0.018517,0.141663,0.04653,-0.022038,-0.145604,0.174482,0.0,-0.096766,0.0,0.0,0.0,-0.069917,-0.174482,0.0,-0.004944,0.0,0.0,0.0,0.0,0.0,0.0,0.0,0.0,0.0,0.0,-0.0,0.0,0.001953,-0.004944,0.0,0.000194,0.0,0.00006,0.0,-0.00006,0.0,-0.000194,0.0,0.0,0.0,-0.005688,
-0.0,4.472099,0.897137,-0.000066,0.0,1.570796,-0.0,0.291655,0.015789,0.0,0.0,0.0,-0.316786,-0.029829,-0.000305,0.841546,-0.024993,0.020182,-0.141128,0.026039,0.018191,0.141577,0.044963,-0.022107,-0.138084,0.174482,-0.0,-0.091335,0.0,0.0,0.0,-0.074424,-0.174482,0.0,-0.002773,0.0,0.0,0.0,0.0,0.0,-0.0,0.0,-0.0,0.0,-0.0,0.0,-0.0,0.001953,-0.004944,0.0,0.000194,0.0,0.00006,0.0,-0.00006,0.0,-0.000194,0.0,0.0,0.0,-0.00543,
0.0,4.474811,0.897227,-0.000066,0.0,1.570796,0.0,0.271179,0.009036,0.0,0.0,0.0,-0.317768,-0.029591,-0.000305,0.825372,-0.038969,0.020658,-0.138099,0.025965,0.017833,0.141504,0.043626,-0.022177,-0.130578,0.174482,0.0,-0.086075,0.0,0.0,0.0,-0.077319,-0.174482,0.0,-0.005556,0.0,0.0,0.0,-0.0,0.0,0.0,0.0,0.0,0.0,-0.0,0.0,0.0,0.001953,-0.004944,0.0,0.000194,0.0,0.00006,0.0,-0.00006,0.0,-0.000194,0.0,-0.0,0.0,-0.005064,
0.0,4.477523,0.897318,-0.000066,0.0,1.570796,0.0,0.271179,0.009028,0.0,0.0,0.0,-0.318751,-0.029353,-0.000305,0.809198,-0.052945,0.021134,-0.135071,0.025892,0.017476,0.14143,0.042289,-0.022246,-0.123074,0.174482,0.0,-0.080815,0.0,0.0,0.0,-0.080215,-0.174482,0.0,-0.00834,0.0,0.0,0.0,0.0,0.0,0.0,0.0,0.0,0.0,0.0,0.0,0.0,0.001953,-0.004944,0.0,0.000194,0.0,0.000061,0.0,-0.00006,0.0,-0.000194,0.0,0.0,0.0,-0.004698,
0.0,4.480233,0.897407,-0.000066,0.0,1.570796,0.0,0.271026,0.008952,0.0,0.0,0.0,-0.319696,-0.029113,-0.000303,0.792961,-0.066932,0.021611,-0.132044,0.025819,0.017119,0.141357,0.040951,-0.022316,-0.115573,0.174482,0.0,-0.075558,0.0,0.0,0.0,-0.083103,-0.174482,-0.0,-0.011124,0.0,0.0,0.0,0.0,0.0,0.0,0.0,0.0,0.0,0.0,0.0,0.0,0.001953,-0.004944,0.0,0.000194,0.0,0.000061,0.0,-0.00006,0.0,-0.000194,0.0,0.0,0.0,-0.004329,
0.0,4.482633,0.897333,-0.000066,0.0,1.570796,0.0,0.23996,-0.007408,0.0,0.0,0.0,-0.313247,-0.028563,0.000155,0.764629,-0.083099,0.022197,-0.129273,0.025819,0.016762,0.141284,0.03956,-0.022386,-0.109009,0.174482,0.0,-0.071051,-0.0,0.0,0.0,-0.08468,-0.174482,0.0,-0.013999,0.0,0.0,0.0,0.0,0.0,0.0,0.0,-0.0,0.0,0.0,0.0,0.0,0.001953,-0.004944,0.0,0.000194,0.0,0.000062,0.0,-0.000061,0.0,-0.000194,0.0,0.0,0.0,-0.00345,
0.0,4.485033,0.897259,-0.000066,0.0,1.570796,0.0,0.239991,-0.007407,0.0,0.0,0.0,-0.306797,-0.028014,0.000613,0.736286,-0.09927,0.022783,-0.126502,0.025819,0.016405,0.14121,0.038168,-0.022455,-0.102444,0.174482,-0.0,-0.066544,0.0,0.0,0.0,-0.086256,-0.174482,0.0,-0.016874,0.0,0.0,0.0,-0.0,0.0,-0.0,0.0,0.0,-0.0,0.0,0.0,0.0,0.001953,-0.004944,0.0,0.000194,0.0,0.000062,0.0,-0.000062,0.0,-0.000194,0.0,0.0,0.0,-0.002571,
-0.0,4.487432,0.897185,-0.000066,0.0,1.570796,-0.0,0.23996,-0.007415,0.0,0.0,0.0,-0.300348,-0.027465,0.001071,0.707948,-0.115439,0.023369,-0.123732,0.025819,0.016048,0.141137,0.036776,-0.022525,-0.09588,0.174482,0.0,-0.062037,0.0,-0.0,-0.0,-0.087832,-0.174482,0.0,-0.019749,0.0,0.0,0.0,-0.0,-0.0,0.0,0.0,0.0,0.0,-0.0,0.0,0.0,0.001953,-0.004944,0.0,0.000194,0.0,0.000062,0.0,-0.000063,0.0,-0.000194,0.0,0.0,0.0,-0.001692,
0.0,4.489621,0.897038,-0.000066,0.0,1.570796,0.0,0.218904,-0.014664,0.0,0.0,0.0,-0.290169,-0.026915,0.00159,0.672565,-0.125454,0.023745,-0.121072,0.025819,0.015742,0.141113,0.034781,-0.022594,-0.090032,0.174482,0.0,-0.058072,0.0,0.0,0.0,-0.088977,-0.174482,0.0,-0.021787,0.0,0.0,0.0,-0.0,0.0,-0.0,0.0,0.0,0.0,0.0,0.0,0.0,0.001953,-0.004944,0.0,0.000194,0.0,0.000063,0.0,-0.000064,0.0,-0.000194,0.0,0.0,0.0,-0.000936,
0.0,4.491707,0.896856,-0.000066,0.0,1.570796,0.0,0.208619,-0.018213,0.0,0.0,0.0,-0.278169,-0.026366,0.002139,0.63372,-0.132464,0.02402,-0.118468,0.025819,0.015461,0.141113,0.032492,-0.022664,-0.084534,0.174482,0.0,-0.054372,0.0,0.0,0.0,-0.089912,-0.174482,-0.0,-0.023417,-0.0,0.0,0.0,0.0,0.0,-0.0,0.0,0.0,0.0,0.0,0.0,0.0,0.001953,-0.004944,0.0,0.000194,0.0,0.000063,0.0,-0.000064,0.0,-0.000194,0.0,-0.0,0.0,-0.000241,
0.0,4.493794,0.896674,-0.000066,0.0,1.570796,0.0,0.20865,-0.018205,0.0,0.0,0.0,-0.266168,-0.025816,0.002689,0.594871,-0.139475,0.024295,-0.115863,0.025819,0.015181,0.141113,0.030202,-0.022733,-0.079035,0.174482,0.0,-0.050671,0.0,0.0,0.0,-0.090847,-0.174482,0.0,-0.025047,0.0,0.0,0.0,-0.0,0.0,-0.0,0.0,0.0,0.0,0.0,0.0,0.0,0.001953,-0.004944,0.0,0.000194,0.0,0.000064,0.0,-0.000064,0.0,-0.000194,0.0,0.0,0.0,0.000455,
-0.0,4.495773,0.896468,-0.000066,0.0,1.570796,-0.0,0.197938,-0.020602,0.0,0.0,0.0,-0.253343,-0.025366,0.003089,0.555068,-0.14216,0.024476,-0.11337,0.025794,0.0149,0.141081,0.027988,-0.022803,-0.073866,0.174482,0.0,-0.047225,0.0,0.0,0.0,-0.091571,-0.174482,0.0,-0.026125,0.0,0.0,0.0,0.0,0.0,0.0,0.0,0.0,0.0,0.0,0.0,0.0,0.001953,-0.004944,0.0,0.000194,0.0,0.000064,0.0,-0.000064,0.0,-0.000194,0.0,-0.0,0.0,0.001052,
0.0,4.497544,0.896216,-0.000066,0.0,1.570796,0.0,0.177065,-0.025257,0.0,0.0,0.0,-0.238906,-0.02511,0.003199,0.513328,-0.136396,0.024476,-0.111096,0.025721,0.014619,0.14099,0.025918,-0.022873,-0.06934,0.174482,0.0,-0.044276,-0.0,0.0,0.0,-0.091883,-0.174482,0.0,-0.026125,-0.0,0.0,0.0,0.0,0.0,-0.0,0.0,-0.0,0.0,-0.0,0.0,0.0,0.001953,-0.004944,0.0,0.000194,0.0,0.000064,0.0,-0.000064,0.0,-0.000194,0.0,-0.0,0.0,0.001455,
0.0,4.499315,0.895963,-0.000066,0.0,1.570796,0.0,0.177065,-0.025264,0.0,0.0,0.0,-0.224468,-0.024854,0.003309,0.471578,-0.130634,0.024476,-0.108822,0.025648,0.014338,0.140898,0.023849,-0.022942,-0.064815,0.174482,0.0,-0.041328,0.0,0.0,0.0,-0.092194,-0.174482,0.0,-0.026125,0.0,0.0,0.0,0.0,0.0,0.0,-0.0,-0.0,0.0,-0.0,0.0,-0.0,0.001953,-0.004944,0.0,0.000194,0.0,0.000064,0.0,-0.000064,0.0,-0.000194,0.0,0.0,0.0,0.001858,
0.0,4.501084,0.89571,-0.000066,0.0,1.570796,-0.0,0.176912,-0.025249,0.0,0.0,0.0,-0.210015,-0.024599,0.003416,0.429838,-0.124805,0.024476,-0.10655,0.025575,0.014057,0.140807,0.021783,-0.023012,-0.060292,0.174482,0.0,-0.038381,-0.0,0.0,0.0,-0.092497,-0.174482,0.0,-0.026115,0.0,0.0,0.0,0.0,0.0,-0.0,0.0,-0.0,0.0,-0.0,0.0,-0.0,0.001953,-0.004944,0.0,0.000194,-0.0,0.000064,0.0,-0.000064,0.0,-0.000194,0.0,-0.0,0.0,0.002258,
0.0,4.502537,0.895463,-0.000066,0.0,1.570796,0.0,0.145296,-0.024755,0.0,0.0,0.0,-0.192437,-0.024599,0.002976,0.385336,-0.106877,0.024476,-0.104661,0.025575,0.013777,0.140807,0.020318,-0.02303,-0.056244,0.174482,0.0,-0.035891,0.0,0.0,0.0,-0.091159,-0.174482,0.0,-0.024376,-0.0,0.0,0.0,-0.0,0.0,-0.0,0.0,-0.0,0.0,-0.0,0.0,-0.0,0.001953,-0.004944,0.0,0.000194,0.0,0.000064,0.0,-0.000064,0.0,-0.000194,0.0,-0.0,0.0,0.002258,
0.0,4.50399,0.895215,-0.000066,0.0,1.570796,0.0,0.145296,-0.024755,0.0,0.0,0.0,-0.174857,-0.024599,0.002537,0.340802,-0.088945,0.024476,-0.102773,0.025575,0.013496,0.140807,0.018853,-0.023048,-0.052195,0.174482,0.0,-0.0334,0.0,0.0,0.0,-0.089821,-0.174482,0.0,-0.022636,0.0,0.0,0.0,0.0,0.0,0.0,0.0,0.0,0.0,-0.0,0.0,0.0,0.001953,-0.004944,0.0,0.000194,0.0,0.000064,0.0,-0.000064,0.0,-0.000194,0.0,-0.0,0.0,0.002258,
0.0,4.505443,0.894968,-0.000066,0.0,1.570796,0.0,0.145296,-0.024755,0.0,0.0,0.0,-0.157279,-0.024599,0.002097,0.296285,-0.071016,0.024476,-0.100884,0.025575,0.013215,0.140807,0.017388,-0.023067,-0.048147,0.174482,0.0,-0.030909,0.0,0.0,0.0,-0.088483,-0.174482,-0.0,-0.020896,0.0,0.0,0.0,0.0,0.0,0.0,0.0,-0.0,0.0,0.0,0.0,0.0,0.001953,-0.004944,0.0,0.000194,0.0,0.000064,0.0,-0.000064,-0.0,-0.000194,0.0,-0.0,0.0,0.002258,
0.0,4.506681,0.894839,-0.000066,0.0,1.570796,-0.0,0.123841,-0.012924,0.0,0.0,0.0,-0.143204,-0.024599,0.001559,0.263594,-0.053641,0.02439,-0.099353,0.025575,0.013,0.140745,0.016514,-0.023085,-0.044678,0.174482,0.0,-0.028738,-0.0,0.0,0.0,-0.086652,-0.174482,0.0,-0.018824,0.0,0.0,0.0,0.0,0.0,0.0,0.0,0.0,0.0,-0.0,0.0,0.0,0.001953,-0.004944,0.0,0.000194,0.0,0.000064,0.0,-0.000064,0.0,-0.000194,0.0,-0.0,0.0,0.002541,
0.0,4.507814,0.894767,-0.000066,0.0,1.570796,0.0,0.113343,-0.007156,0.0,0.0,0.0,-0.130835,-0.024599,0.000973,0.236647,-0.036534,0.024262,-0.097996,0.025575,0.012817,0.140653,0.015928,-0.023103,-0.041491,0.174482,0.0,-0.026724,0.0,0.0,0.0,-0.084581,-0.174482,0.0,-0.01659,0.0,0.0,0.0,0.0,0.0,0.0,0.0,0.0,0.0,0.0,0.0,-0.0,0.001953,-0.004944,0.0,0.000194,0.0,0.000064,0.0,-0.000064,0.0,-0.000194,0.0,0.0,0.0,0.002963,
0.0,4.508948,0.894696,-0.000066,0.0,1.570796,0.0,0.113343,-0.007149,0.0,0.0,0.0,-0.118465,-0.024599,0.000387,0.209699,-0.019426,0.024134,-0.09664,0.025575,0.012634,0.140561,0.015342,-0.023121,-0.038304,0.174482,0.0,-0.024709,0.0,0.0,0.0,-0.08251,-0.174482,0.0,-0.014356,-0.0,0.0,0.0,0.0,0.0,0.0,0.0,0.0,0.0,-0.0,0.0,-0.0,0.001953,-0.004944,0.0,0.000194,0.0,0.000064,0.0,-0.000064,0.0,-0.000194,0.0,-0.0,0.0,0.003384,
0.0,4.509973,0.894685,-0.000066,0.0,1.570796,-0.0,0.102478,-0.001023,0.0,0.0,0.0,-0.107512,-0.024599,-0.000186,0.186597,-0.005034,0.024045,-0.095413,0.025575,0.012482,0.140501,0.014985,-0.02314,-0.035427,0.174482,0.0,-0.022875,0.0,0.0,0.0,-0.08037,-0.174482,0.0,-0.012122,-0.0,0.0,0.0,0.0,0.0,0.0,0.0,-0.0,0.0,0.0,0.0,-0.0,0.001953,-0.004944,0.0,0.000194,0.0,0.000064,0.0,-0.000064,0.0,-0.000194,0.0,-0.0,0.0,0.003923,
0.0,4.510785,0.894795,-0.000066,0.0,1.570796,0.0,0.081207,0.010946,0.0,0.0,0.0,-0.099317,-0.024599,-0.000735,0.170979,0.004067,0.024034,-0.094442,0.025575,0.01239,0.140501,0.015077,-0.023158,-0.033157,0.174482,0.0,-0.021392,0.0,0.0,0.0,-0.078098,-0.174482,0.0,-0.009888,0.0,0.0,0.0,0.0,0.0,-0.0,0.0,0.0,0.0,0.0,0.0,0.0,0.001953,-0.004944,0.0,0.000194,0.0,0.000064,0.0,-0.000064,0.0,-0.000194,0.0,0.0,0.0,0.004692,
0.0,4.511597,0.894904,-0.000066,0.0,1.570796,0.0,0.081207,0.010954,0.0,0.0,0.0,-0.091122,-0.024599,-0.001285,0.155358,0.013168,0.024023,-0.09347,0.025575,0.012299,0.140501,0.015168,-0.023176,-0.030886,0.174482,0.0,-0.019908,0.0,0.0,0.0,-0.075826,-0.174482,0.0,-0.007654,0.0,0.0,0.0,0.0,0.0,0.0,0.0,-0.0,0.0,-0.0,0.0,0.0,0.001953,-0.004944,0.0,0.000194,0.0,0.000064,0.0,-0.000064,0.0,-0.000194,0.0,0.0,0.0,0.005461,
0.0,4.512407,0.895014,-0.000066,0.0,1.570796,0.0,0.081023,0.010969,0.0,0.0,0.0,-0.082968,-0.024599,-0.001833,0.139828,0.022201,0.024012,-0.092501,0.025575,0.012207,0.140501,0.015264,-0.023195,-0.028622,0.174482,0.0,-0.018429,0.0,0.0,0.0,-0.073557,-0.174482,0.0,-0.005429,0.0,0.0,0.0,0.0,0.0,0.0,0.0,0.0,0.0,0.0,0.0,-0.0,0.001953,-0.004944,0.0,0.000194,0.0,0.000065,0.0,-0.000064,0.0,-0.000194,0.0,-0.0,0.0,0.006228,
0.0,4.512896,0.895168,-0.000066,0.0,1.570796,0.0,0.048858,0.015445,0.0,0.0,0.0,-0.082107,-0.024599,-0.002236,0.139957,0.019198,0.024001,-0.091933,0.025575,0.012079,0.140501,0.016014,-0.023213,-0.027614,0.174482,-0.0,-0.017642,0.0,0.0,0.0,-0.072,-0.174482,0.0,-0.004825,0.0,0.0,0.0,-0.0,0.0,0.0,0.0,0.0,0.0,0.0,0.0,0.0,0.001953,-0.004944,0.0,0.000194,0.0,0.000065,0.0,-0.000064,0.0,-0.000194,0.0,0.0,0.0,0.006705,
0.0,4.513384,0.895323,-0.000066,0.0,1.570796,0.0,0.048858,0.015437,0.0,0.0,0.0,-0.081246,-0.024599,-0.002639,0.140085,0.016195,0.023991,-0.091364,0.025575,0.01195,0.140501,0.016765,-0.023231,-0.026607,0.174482,0.0,-0.016854,0.0,0.0,0.0,-0.070443,-0.174482,0.0,-0.00422,0.0,0.0,0.0,0.0,0.0,-0.0,0.0,0.0,0.0,-0.0,0.0,-0.0,0.001953,-0.004944,0.0,0.000194,0.0,0.000065,0.0,-0.000064,0.0,-0.000194,0.0,0.0,0.0,0.007181,
0.0,4.513873,0.895477,-0.000066,0.0,1.570796,0.0,0.048858,0.015445,0.0,0.0,0.0,-0.080384,-0.024599,-0.003042,0.140214,0.013191,0.02398,-0.090796,0.025575,0.011822,0.140501,0.017516,-0.02325,-0.0256,0.174482,0.0,-0.016067,0.0,0.0,0.0,-0.068885,-0.174482,0.0,-0.003616,0.0,0.0,0.0,0.0,0.0,0.0,0.0,-0.0,0.0,-0.0,0.0,0.0,0.001953,-0.004944,0.0,0.000194,0.0,0.000065,0.0,-0.000064,0.0,-0.000194,0.0,-0.0,0.0,0.007657,
0.0,4.514143,0.895578,-0.000066,0.0,1.570796,0.0,0.027007,0.010057,0.0,0.0,0.0,-0.07988,-0.024599,-0.00326,0.140256,0.011296,0.023969,-0.090425,0.025575,0.01178,0.140451,0.018439,-0.023256,-0.024839,0.174482,0.0,-0.015501,-0.0,0.0,0.0,-0.067094,-0.174482,0.0,-0.003714,0.0,0.0,0.0,0.0,0.0,-0.0,0.0,-0.0,0.0,0.0,0.0,0.0,0.001953,-0.004944,0.0,0.000194,0.0,0.000066,0.0,-0.000064,0.0,-0.000194,0.0,0.0,0.0,0.008281,
0.0,4.514306,0.895652,-0.000066,0.0,1.570796,-0.0,0.016326,0.007432,0.0,0.0,0.0,-0.07955,-0.024599,-0.003388,0.140256,0.009941,0.023958,-0.09015,0.025575,0.01178,0.140378,0.019446,-0.023256,-0.024198,0.174482,0.0,-0.015043,0.0,0.0,0.0,-0.065188,-0.174482,0.0,-0.004153,0.0,0.0,0.0,0.0,0.0,-0.0,0.0,0.0,0.0,0.0,0.0,0.0,0.001953,-0.004944,0.0,0.000194,0.0,0.000066,0.0,-0.000065,0.0,-0.000194,0.0,0.0,0.0,0.008976,
0.0,4.51447,0.895726,-0.000066,0.0,1.570796,0.0,0.016326,0.007432,0.0,0.0,0.0,-0.07922,-0.024599,-0.003516,0.140256,0.008586,0.023947,-0.089875,0.025575,0.01178,0.140304,0.020454,-0.023256,-0.023557,0.174482,-0.0,-0.014585,-0.0,0.0,0.0,-0.063283,-0.174482,0.0,-0.004593,0.0,0.0,0.0,0.0,0.0,0.0,0.0,0.0,0.0,0.0,0.0,0.0,0.001953,-0.004944,0.0,0.000194,0.0,0.000066,0.0,-0.000065,0.0,-0.000194,0.0,0.0,0.0,0.009672,
0.0,4.514577,0.895764,-0.000066,0.0,1.570796,-0.0,0.010803,0.003716,0.0,0.0,0.0,-0.078965,-0.024599,-0.003601,0.140256,0.007312,0.023936,-0.089662,0.025563,0.011731,0.140256,0.021492,-0.023256,-0.023003,0.174482,0.0,-0.014214,0.0,0.0,0.0,-0.061471,-0.174482,0.0,-0.004883,0.0,0.0,0.0,0.0,0.0,0.0,0.0,0.0,0.0,0.0,0.0,0.0,0.001953,-0.004944,0.0,0.000194,0.0,0.000066,0.0,-0.000066,0.0,-0.000194,0.0,-0.0,0.0,0.01043,
0.0,4.514577,0.895728,-0.000066,0.0,1.570796,0.0,0.0,-0.00354,0.0,0.0,0.0,-0.078855,-0.024599,-0.003601,0.140256,0.006195,0.023925,-0.089571,0.025526,0.011584,0.140256,0.022591,-0.023256,-0.022619,0.174482,0.0,-0.014013,-0.0,0.0,0.0,-0.05984,-0.174482,0.0,-0.004883,0.0,0.0,0.0,0.0,0.0,-0.0,0.0,0.0,0.0,-0.0,0.0,-0.0,0.001953,-0.004944,0.0,0.000194,0.0,0.000066,0.0,-0.000066,0.0,-0.000194,0.0,0.0,0.0,0.011309,
0.0,4.514577,0.895693,-0.000066,0.0,1.570796,-0.0,0.0,-0.003548,0.0,0.0,0.0,-0.078745,-0.024599,-0.003601,0.140256,0.005078,0.023914,-0.089479,0.02549,0.011438,0.140256,0.023689,-0.023256,-0.022234,0.174482,-0.0,-0.013812,0.0,0.0,0.0,-0.05821,-0.174482,0.0,-0.004883,0.0,0.0,0.0,-0.0,0.0,0.0,0.0,-0.0,0.0,-0.0,0.0,-0.0,0.001953,-0.004944,0.0,0.000194,-0.0,0.000067,0.0,-0.000066,0.0,-0.000194,0.0,0.0,0.0,0.012188,
0.0,4.514577,0.895657,-0.000066,0.0,1.570796,0.0,0.0,-0.003593,0.0,0.0,0.0,-0.078635,-0.024599,-0.003601,0.140256,0.003962,0.023903,-0.089387,0.025453,0.011291,0.140255,0.024787,-0.023256,-0.021854,0.174482,0.0,-0.013613,0.0,0.0,0.0,-0.056586,-0.174482,0.0,-0.004884,0.0,0.0,0.0,0.0,0.0,0.0,0.0,0.0,0.0,0.0,0.0,0.0,0.001953,-0.004944,0.0,0.000194,0.0,0.000067,0.0,-0.000067,0.0,-0.000194,0.0,0.0,0.0,0.013066,
0.0,4.514577,0.895528,-0.000066,0.0,1.570796,0.0,0.000001,-0.012848,0.0,0.0,0.0,-0.078544,-0.024599,-0.003491,0.140256,0.003083,0.023892,-0.089259,0.025453,0.011089,0.140182,0.025721,-0.023256,-0.022275,0.174482,-0.0,-0.013961,-0.0,0.0,0.0,-0.056036,-0.174482,0.0,-0.005086,0.0,0.0,0.0,0.0,0.0,-0.0,0.0,-0.0,0.0,0.0,0.0,-0.0,0.001953,-0.004944,0.0,0.000194,0.0,0.000066,0.0,-0.000067,0.0,-0.000194,0.0,0.0,0.0,0.013744,
-0.0,4.514577,0.8954,-0.000066,0.0,1.570796,-0.0,0.000001,-0.012848,0.0,0.0,0.0,-0.078452,-0.024599,-0.003381,0.140256,0.002204,0.023881,-0.089131,0.025453,0.010888,0.140109,0.026655,-0.023256,-0.022697,0.174482,-0.0,-0.014309,0.0,0.0,0.0,-0.055487,-0.174482,0.0,-0.005287,0.0,0.0,0.0,-0.0,0.0,0.0,0.0,0.0,0.0,0.0,0.0,0.0,0.001953,-0.004944,0.0,0.000194,0.0,0.000066,0.0,-0.000066,0.0,-0.000194,0.0,0.0,0.0,0.014421,
0.0,4.514577,0.895271,-0.000066,0.0,1.570796,0.0,0.000001,-0.012848,0.0,0.0,0.0,-0.078361,-0.024599,-0.003271,0.140256,0.001325,0.02387,-0.089002,0.025453,0.010686,0.140035,0.027589,-0.023256,-0.023118,0.174482,0.0,-0.014657,0.0,0.0,0.0,-0.054937,-0.174482,0.0,-0.005488,0.0,0.0,0.0,0.0,0.0,0.0,0.0,0.0,0.0,0.0,0.0,0.0,0.001953,-0.004944,0.0,0.000194,-0.0,0.000066,0.0,-0.000066,0.0,-0.000194,0.0,0.0,0.0,0.015099,
0.0,4.514577,0.895138,-0.000066,0.0,1.570796,-0.0,0.000001,-0.013313,0.0,0.0,0.0,-0.078331,-0.024599,-0.003161,0.140256,0.000742,0.023866,-0.088825,0.025453,0.01051,0.140011,0.028086,-0.023256,-0.024007,0.174482,0.0,-0.015276,-0.0,0.0,0.0,-0.054572,-0.174482,0.0,-0.005684,0.0,0.0,0.0,0.0,0.0,0.0,0.0,-0.0,0.0,0.0,0.0,0.0,0.001953,-0.004944,0.0,0.000194,0.0,0.000065,0.0,-0.000066,0.0,-0.000194,0.0,0.0,0.0,0.015222,
0.0,4.514577,0.895003,-0.000066,0.0,1.570796,0.0,0.000001,-0.01355,0.0,0.0,0.0,-0.078331,-0.024599,-0.003051,0.140256,0.000303,0.023866,-0.088623,0.025453,0.010345,0.140011,0.02837,-0.023256,-0.025124,0.174482,0.0,-0.016027,0.0,0.0,0.0,-0.054297,-0.174482,0.0,-0.005876,0.0,0.0,0.0,-0.0,0.0,-0.0,0.0,-0.0,0.0,-0.0,0.0,-0.0,0.001953,-0.004944,0.0,0.000194,0.0,0.000065,0.0,-0.000065,0.0,-0.000194,0.0,-0.0,0.0,0.015075,
0.0,4.514577,0.894867,-0.000066,0.0,1.570796,0.0,0.000001,-0.013542,0.0,0.0,0.0,-0.078331,-0.024599,-0.002941,0.140256,-0.000137,0.023866,-0.088421,0.025453,0.01018,0.140011,0.028653,-0.023256,-0.026241,0.174482,0.0,-0.016778,0.0,0.0,0.0,-0.054023,-0.174482,0.0,-0.006068,0.0,0.0,0.0,-0.0,0.0,-0.0,0.0,0.0,0.0,0.0,0.0,0.0,0.001953,-0.004944,0.0,0.000194,0.0,0.000064,0.0,-0.000065,0.0,-0.000194,0.0,0.0,0.0,0.014929,
0.0,4.514577,0.89474,-0.000066,0.0,1.570796,0.0,0.000001,-0.012695,0.0,0.0,0.0,-0.078331,-0.024599,-0.002825,0.140256,-0.000427,0.023866,-0.088263,0.025453,0.01004,0.139986,0.028937,-0.023256,-0.027551,0.174482,-0.0,-0.01764,0.0,0.0,0.0,-0.053735,-0.174482,0.0,-0.006261,0.0,0.0,0.0,0.0,0.0,-0.0,0.0,0.0,0.0,-0.0,0.0,0.0,0.001953,-0.004944,0.0,0.000194,0.0,0.000064,0.0,-0.000065,0.0,-0.000194,0.0,0.0,0.0,0.014565,
0.0,4.514577,0.89463,-0.000066,0.0,1.570796,0.0,0.000001,-0.011032,0.0,0.0,0.0,-0.078331,-0.024599,-0.002697,0.140256,-0.000427,0.023866,-0.08819,0.025453,0.009949,0.139913,0.029221,-0.023256,-0.029236,0.174482,0.0,-0.018721,0.0,0.0,0.0,-0.053424,-0.174482,0.0,-0.006453,0.0,0.0,0.0,0.0,0.0,0.0,0.0,-0.0,0.0,-0.0,0.0,-0.0,0.001953,-0.004944,0.0,0.000194,0.0,0.000064,0.0,-0.000064,0.0,-0.000194,0.0,0.0,0.0,0.013778,
-0.0,4.514577,0.89452,-0.000066,0.0,1.570796,-0.0,0.000001,-0.011032,0.0,0.0,0.0,-0.078331,-0.024599,-0.002569,0.140256,-0.000427,0.023866,-0.088117,0.025453,0.009857,0.139839,0.029505,-0.023256,-0.030921,0.174482,0.0,-0.019801,0.0,0.0,0.0,-0.053113,-0.174482,0.0,-0.006645,-0.0,0.0,0.0,0.0,0.0,-0.0,0.0,-0.0,0.0,0.0,0.0,0.0,0.001953,-0.004944,0.0,0.000194,0.0,0.000064,0.0,-0.000064,0.0,-0.000194,0.0,0.0,0.0,0.01299,
-0.0,4.514577,0.89441,-0.000066,0.0,1.570796,0.0,0.000001,-0.010986,0.0,0.0,0.0,-0.07833,-0.024599,-0.002441,0.140256,-0.000424,0.023866,-0.088044,0.025453,0.009766,0.139766,0.02979,-0.023256,-0.032607,0.174482,0.0,-0.020882,0.0,0.0,0.0,-0.052798,-0.174482,0.0,-0.006837,0.0,0.0,0.0,-0.0,0.0,0.0,0.0,-0.0,0.0,0.0,0.0,0.0,0.001953,-0.004944,0.0,0.000194,0.0,0.000064,0.0,-0.000064,0.0,-0.000194,0.0,0.0,0.0,0.012207,
0.0,4.514577,0.894374,-0.000066,0.0,1.570796,0.0,0.0,-0.003586,0.0,0.0,0.0,-0.078238,-0.024599,-0.002313,0.140256,0.00007,0.023866,-0.088044,0.025453,0.009766,0.139766,0.03034,-0.023256,-0.034493,0.174482,0.0,-0.022109,0.0,0.0,0.0,-0.052011,-0.174482,0.0,-0.006984,0.0,0.0,0.0,-0.0,0.0,-0.0,0.0,0.0,0.0,-0.0,0.0,0.0,0.001953,-0.004944,0.0,0.000194,0.0,0.000064,0.0,-0.000064,0.0,-0.000194,0.0,0.0,0.0,0.01206,
0.0,4.514577,0.894338,-0.000066,0.0,1.570796,0.0,0.0,-0.003586,0.0,0.0,0.0,-0.078147,-0.024599,-0.002184,0.140256,0.000565,0.023866,-0.088044,0.025453,0.009766,0.139766,0.030889,-0.023256,-0.036379,0.174482,0.0,-0.023336,0.0,0.0,0.0,-0.051223,-0.174482,0.0,-0.00713,0.0,0.0,0.0,0.0,0.0,-0.0,0.0,0.0,0.0,0.0,0.0,0.0,0.001953,-0.004944,0.0,0.000194,0.0,0.000064,0.0,-0.000064,0.0,-0.000194,0.0,0.0,0.0,0.011914,
0.0,4.514577,0.894302,-0.000066,0.0,1.570796,0.0,0.0,-0.003593,0.0,0.0,0.0,-0.078055,-0.024599,-0.002056,0.140256,0.001059,0.023866,-0.088044,0.025453,0.009766,0.139766,0.031439,-0.023256,-0.038266,0.174482,0.0,-0.024563,-0.0,0.0,0.0,-0.050435,-0.174482,0.0,-0.007277,-0.0,0.0,0.0,0.0,0.0,-0.0,0.0,-0.0,0.0,-0.0,0.0,0.0,0.001953,-0.004944,0.0,0.000194,0.0,0.000064,0.0,-0.000064,0.0,-0.000194,0.0,-0.0,0.0,0.011767,
0.0,4.514577,0.894266,-0.000066,0.0,1.570796,0.0,0.0,-0.003586,0.0,0.0,0.0,-0.078025,-0.024599,-0.00194,0.140194,0.002083,0.023866,-0.088969,0.025441,0.009692,0.141372,0.031618,-0.023256,-0.040362,0.174482,0.0,-0.02595,-0.0,0.0,0.0,-0.050005,-0.174482,0.0,-0.007497,0.0,0.0,0.0,0.0,0.0,-0.0,0.0,-0.0,0.0,-0.0,0.0,0.0,0.001953,-0.004944,0.0,0.000194,0.0,0.000064,0.0,-0.000064,0.0,-0.000194,0.0,0.0,0.0,0.011793,
0.0,4.514577,0.89423,-0.000066,0.0,1.570796,0.0,0.0,-0.003586,0.0,0.0,0.0,-0.078025,-0.024599,-0.00183,0.140102,0.003365,0.023866,-0.090344,0.025422,0.009582,0.143759,0.031618,-0.023256,-0.04256,0.174482,0.0,-0.027416,0.0,0.0,0.0,-0.049749,-0.174482,0.0,-0.007753,0.0,0.0,0.0,0.0,0.0,-0.0,0.0,0.0,0.0,-0.0,0.0,0.0,0.001953,-0.004944,0.0,0.000194,0.0,0.000064,0.0,-0.000064,0.0,-0.000194,0.0,0.0,0.0,0.011903,
0.0,4.514577,0.894195,-0.000066,0.0,1.570796,0.0,0.0,-0.003586,0.0,0.0,0.0,-0.078025,-0.024599,-0.001721,0.140011,0.004647,0.023866,-0.091718,0.025404,0.009472,0.146146,0.031618,-0.023256,-0.044758,0.174482,-0.0,-0.028881,0.0,0.0,0.0,-0.049492,-0.174482,0.0,-0.00801,0.0,0.0,0.0,-0.0,0.0,0.0,0.0,0.0,0.0,0.0,0.0,-0.0,0.001953,-0.004944,0.0,0.000194,0.0,0.000064,0.0,-0.000064,0.0,-0.000194,0.0,0.0,0.0,0.012013,
0.0,4.514577,0.894153,-0.000066,0.0,1.570796,0.0,0.0,-0.004143,0.0,0.0,0.0,-0.078069,-0.024599,-0.001611,0.13995,0.005929,0.023866,-0.094083,0.025392,0.009356,0.150554,0.03053,-0.023256,-0.047011,0.174482,0.0,-0.030389,0.0,0.0,0.0,-0.049485,-0.174482,0.0,-0.008297,0.0,0.0,0.0,0.0,0.0,0.0,0.0,-0.0,0.0,0.0,0.0,-0.0,0.001953,-0.004944,0.0,0.000194,0.0,0.000064,0.0,-0.000064,0.0,-0.000194,0.0,-0.0,0.0,0.01216,
0.0,4.514577,0.894101,-0.000066,0.0,1.570796,0.0,0.0,-0.005226,0.0,0.0,0.0,-0.078197,-0.024599,-0.001501,0.13995,0.00721,0.023866,-0.098373,0.025392,0.009228,0.158895,0.027325,-0.023256,-0.049374,0.174482,-0.0,-0.031983,0.0,0.0,0.0,-0.049961,-0.174482,0.0,-0.008645,0.0,0.0,0.0,-0.0,0.0,-0.0,0.0,-0.0,0.0,-0.0,0.0,0.0,0.001953,-0.004944,0.0,0.000194,0.0,0.000064,0.0,-0.000064,0.0,-0.000194,0.0,-0.0,0.0,0.01238,
-0.0,4.514577,0.894049,-0.000066,0.0,1.570796,-0.0,0.0,-0.005226,0.0,0.0,0.0,-0.078325,-0.024599,-0.001391,0.13995,0.008492,0.023866,-0.102663,0.025392,0.0091,0.167235,0.024121,-0.023256,-0.051737,0.174482,0.0,-0.033576,0.0,0.0,0.0,-0.050437,-0.174482,0.0,-0.008993,0.0,0.0,0.0,0.0,0.0,-0.0,0.0,0.0,0.0,-0.0,0.0,0.0,0.001953,-0.004944,0.0,0.000194,0.0,0.000064,0.0,-0.000064,0.0,-0.000194,0.0,0.0,0.0,0.012599,
0.0,4.514577,0.893996,-0.000066,0.0,1.570796,0.0,0.0,-0.005249,0.0,0.0,0.0,-0.078453,-0.024598,-0.001281,0.139949,0.009773,0.023866,-0.106947,0.025393,0.008972,0.175563,0.02092,-0.023256,-0.054098,0.174482,0.0,-0.035167,0.0,0.0,0.0,-0.050914,-0.174482,-0.0,-0.00934,0.0,0.0,0.0,0.0,0.0,-0.0,0.0,-0.0,0.0,0.0,0.0,0.0,0.001953,-0.004944,0.0,0.000194,-0.0,0.000064,0.0,-0.000064,0.0,-0.000194,0.0,0.0,0.0,0.012817,
0.0,4.514577,0.893896,-0.000066,0.0,1.570796,0.0,0.000001,-0.010033,0.0,0.0,0.0,-0.078453,-0.024562,-0.001208,0.139858,0.01089,0.023866,-0.11012,0.025466,0.008843,0.181853,0.018356,-0.023256,-0.056039,0.174482,0.0,-0.036376,0.0,0.0,0.0,-0.051556,-0.174482,0.0,-0.009505,0.0,0.0,0.0,-0.0,0.0,-0.0,0.0,0.0,0.0,0.0,0.0,-0.0,0.001953,-0.004944,0.0,0.000194,0.0,0.000064,0.0,-0.000064,0.0,-0.000194,0.0,0.0,0.0,0.012615,
0.0,4.514577,0.893796,-0.000066,0.0,1.570796,0.0,0.000001,-0.010033,0.0,0.0,0.0,-0.078453,-0.024525,-0.001135,0.139766,0.012007,0.023866,-0.113293,0.025539,0.008715,0.188143,0.015792,-0.023256,-0.057981,0.174482,0.0,-0.037584,0.0,0.0,0.0,-0.052197,-0.174482,0.0,-0.009669,0.0,0.0,0.0,-0.0,0.0,0.0,0.0,0.0,0.0,0.0,0.0,0.0,0.001953,-0.004944,0.0,0.000194,0.0,0.000064,0.0,-0.000064,0.0,-0.000194,0.0,0.0,0.0,0.012414,
0.0,4.514577,0.893695,-0.000066,0.0,1.570796,0.0,0.000001,-0.010033,0.0,0.0,0.0,-0.078453,-0.024488,-0.001062,0.139674,0.013124,0.023866,-0.116465,0.025612,0.008587,0.194432,0.013229,-0.023256,-0.059923,0.174482,0.0,-0.038793,-0.0,0.0,0.0,-0.052838,-0.174482,0.0,-0.009834,0.0,0.0,0.0,0.0,0.0,0.0,0.0,0.0,0.0,-0.0,0.0,0.0,0.001953,-0.004944,0.0,0.000194,0.0,0.000064,0.0,-0.000064,0.0,-0.000194,0.0,0.0,0.0,0.012212,
0.0,4.514577,0.893595,-0.000066,0.0,1.570796,0.0,0.000001,-0.010025,0.0,0.0,0.0,-0.080833,-0.024476,-0.000951,0.144168,0.011604,0.023878,-0.118207,0.025636,0.008545,0.197938,0.011688,-0.023256,-0.061643,0.174482,-0.0,-0.039866,-0.0,0.0,0.0,-0.053368,-0.174482,0.0,-0.00997,0.0,0.0,0.0,0.0,0.0,-0.0,-0.0,-0.0,0.0,-0.0,0.0,-0.0,0.001953,-0.004944,0.0,0.000194,0.0,0.000064,0.0,-0.000064,0.0,-0.000194,0.0,0.0,0.0,0.012146,
0.0,4.514577,0.893495,-0.000066,0.0,1.570796,0.0,0.000001,-0.010033,0.0,0.0,0.0,-0.084371,-0.024476,-0.000823,0.150889,0.008802,0.023897,-0.119252,0.025636,0.008545,0.200091,0.010644,-0.023256,-0.063255,0.174482,0.0,-0.040874,0.0,0.0,0.0,-0.053844,-0.174482,0.0,-0.010092,0.0,0.0,0.0,0.0,0.0,0.0,0.0,0.0,0.0,-0.0,0.0,0.0,0.001953,-0.004944,0.0,0.000194,-0.0,0.000064,0.0,-0.000064,0.0,-0.000194,0.0,0.0,0.0,0.012146,
0.0,4.514577,0.893394,-0.000066,0.0,1.570796,0.0,0.000001,-0.010033,0.0,0.0,0.0,-0.087908,-0.024476,-0.000695,0.15761,0.006,0.023915,-0.120298,0.025636,0.008545,0.202245,0.009601,-0.023256,-0.064868,0.174482,0.0,-0.041881,-0.0,0.0,0.0,-0.054321,-0.174482,0.0,-0.010214,0.0,0.0,0.0,0.0,0.0,0.0,-0.0,-0.0,0.0,0.0,0.0,-0.0,0.001953,-0.004944,0.0,0.000194,0.0,0.000064,0.0,-0.000064,0.0,-0.000194,0.0,0.0,0.0,0.012146,
0.0,4.514577,0.893297,-0.000066,0.0,1.570796,0.0,0.000001,-0.009727,0.0,0.0,0.0,-0.09124,-0.024476,-0.000579,0.163964,0.003304,0.023933,-0.121287,0.025636,0.00852,0.204317,0.008519,-0.023256,-0.066374,0.174482,0.0,-0.042826,0.0,0.0,0.0,-0.054728,-0.174482,0.0,-0.010336,0.0,0.0,0.0,0.0,0.0,-0.0,0.0,-0.0,0.0,0.0,0.0,0.0,0.001953,-0.004944,0.0,0.000194,0.0,0.000064,0.0,-0.000064,0.0,-0.000194,0.0,0.0,0.0,0.012221,
0.0,4.514577,0.893206,-0.000066,0.0,1.570796,-0.0,0.000001,-0.00914,0.0,0.0,0.0,-0.094173,-0.024476,-0.000488,0.169607,0.000814,0.023952,-0.122168,0.025636,0.008447,0.206231,0.007366,-0.023256,-0.067675,0.174482,0.0,-0.04365,0.0,0.0,0.0,-0.055003,-0.174482,0.0,-0.010459,0.0,0.0,0.0,-0.0,0.0,-0.0,0.0,-0.0,0.0,0.0,0.0,0.0,0.001953,-0.004944,0.0,0.000194,0.0,0.000064,0.0,-0.000064,0.0,-0.000194,0.0,0.0,0.0,0.012441,
0.0,4.514577,0.893114,-0.000066,0.0,1.570796,0.0,0.000001,-0.009148,0.0,0.0,0.0,-0.097106,-0.024476,-0.000396,0.175249,-0.001676,0.02397,-0.123049,0.025636,0.008374,0.208146,0.006212,-0.023256,-0.068976,0.174482,0.0,-0.044474,0.0,0.0,0.0,-0.055278,-0.174482,0.0,-0.010581,0.0,0.0,0.0,0.0,0.0,-0.0,0.0,-0.0,0.0,-0.0,0.0,-0.0,0.001953,-0.004944,0.0,0.000194,0.0,0.000064,0.0,-0.000064,0.0,-0.000194,0.0,0.0,0.0,0.012661,
0.0,4.514577,0.893023,-0.000066,0.0,1.570796,0.0,0.000001,-0.009132,0.0,0.0,0.0,-0.100033,-0.024476,-0.000305,0.180879,-0.004161,0.023988,-0.123931,0.025636,0.008301,0.210065,0.005056,-0.023256,-0.070276,0.174482,0.0,-0.045298,0.0,0.0,0.0,-0.055553,-0.174482,0.0,-0.010703,-0.0,0.0,0.0,0.0,0.0,-0.0,0.0,-0.0,0.0,-0.0,0.0,-0.0,0.001953,-0.004944,0.0,0.000194,0.0,0.000064,0.0,-0.000064,0.0,-0.000194,0.0,0.0,0.0,0.012882,
0.0,4.514577,0.892942,-0.000066,0.0,1.570796,0.0,0.000001,-0.008087,0.0,0.0,0.0,-0.101995,-0.024476,-0.000213,0.184613,-0.005754,0.024007,-0.125161,0.025636,0.008301,0.212718,0.003536,-0.023256,-0.071485,0.174482,-0.0,-0.046031,-0.0,0.0,0.0,-0.055901,-0.174482,0.0,-0.010825,0.0,0.0,0.0,0.0,0.0,0.0,-0.0,0.0,-0.0,0.0,0.0,0.0,0.001953,-0.004944,0.0,0.000194,0.0,0.000064,0.0,-0.000064,0.0,-0.000194,0.0,-0.0,0.0,0.013358,
0.0,4.514577,0.892861,-0.000066,0.0,1.570796,0.0,0.000001,-0.00808,0.0,0.0,0.0,-0.103957,-0.024476,-0.000121,0.188346,-0.007347,0.024025,-0.12639,0.025636,0.008301,0.21537,0.002016,-0.023256,-0.072695,0.174482,0.0,-0.046763,0.0,0.0,0.0,-0.056249,-0.174482,0.0,-0.010947,0.0,0.0,0.0,0.0,0.0,0.0,0.0,-0.0,0.0,0.0,0.0,0.0,0.001953,-0.004944,0.0,0.000194,0.0,0.000064,0.0,-0.000064,0.0,-0.000194,0.0,0.0,0.0,0.013834,
0.0,4.514577,0.89278,-0.000066,0.0,1.570796,-0.0,0.000001,-0.008087,0.0,0.0,0.0,-0.105919,-0.024476,-0.00003,0.19208,-0.00894,0.024043,-0.127619,0.025636,0.008301,0.218022,0.000497,-0.023256,-0.073904,0.174482,0.0,-0.047496,-0.0,0.0,0.0,-0.056597,-0.174482,0.0,-0.011069,0.0,0.0,0.0,0.0,0.0,0.0,-0.0,-0.0,0.0,-0.0,0.0,0.0,0.001953,-0.004944,0.0,0.000194,0.0,0.000064,0.0,-0.000064,0.0,-0.000194,0.0,0.0,0.0,0.01431,
0.0,4.514577,0.892699,-0.000066,0.0,1.570796,0.0,0.000001,-0.00808,0.0,0.0,0.0,-0.108128,-0.024476,0.0,0.196187,-0.010478,0.024049,-0.128429,0.025636,0.008239,0.219843,-0.00053,-0.023256,-0.074941,0.174482,0.0,-0.048105,0.0,0.0,0.0,-0.056797,-0.174482,0.0,-0.011109,-0.0,0.0,0.0,0.0,0.0,-0.0,0.0,0.0,-0.0,0.0,0.0,0.0,0.001953,-0.004944,0.0,0.000194,0.0,0.000064,0.0,-0.000064,0.0,-0.000194,0.0,0.0,0.0,0.014651,
-0.0,4.514577,0.892619,-0.000066,0.0,1.570796,-0.0,0.000001,-0.008087,0.0,0.0,0.0,-0.110457,-0.024476,0.0,0.200475,-0.011989,0.024049,-0.129034,0.025636,0.008148,0.221262,-0.001318,-0.023256,-0.075894,0.174482,-0.0,-0.048655,0.0,0.0,0.0,-0.056926,-0.174482,0.0,-0.011109,0.0,0.0,0.0,0.0,0.0,-0.0,0.0,-0.0,0.0,-0.0,0.0,-0.0,0.001953,-0.004944,0.0,0.000194,0.0,0.000064,0.0,-0.000064,0.0,-0.000194,0.0,0.0,0.0,0.014926,
0.0,4.514577,0.892538,-0.000066,0.0,1.570796,0.0,0.000001,-0.008087,0.0,0.0,0.0,-0.112786,-0.024476,0.0,0.204763,-0.013499,0.024049,-0.12964,0.025636,0.008056,0.222681,-0.002105,-0.023256,-0.076846,0.174482,0.0,-0.049204,0.0,0.0,0.0,-0.057054,-0.174482,0.0,-0.011109,0.0,0.0,0.0,0.0,0.0,0.0,0.0,0.0,0.0,0.0,0.0,0.0,0.001953,-0.004944,0.0,0.000194,0.0,0.000064,0.0,-0.000064,0.0,-0.000194,0.0,0.0,0.0,0.0152,
0.0,4.514577,0.892457,-0.000066,0.0,1.570796,0.0,0.000001,-0.00808,0.0,0.0,0.0,-0.11506,-0.024476,0.000031,0.208958,-0.01501,0.024049,-0.130482,0.025636,0.007996,0.224513,-0.00307,-0.023256,-0.077725,0.174482,-0.0,-0.049704,0.0,0.0,0.0,-0.057138,-0.174482,0.0,-0.011109,0.0,0.0,0.0,0.0,0.0,-0.0,0.0,0.0,0.0,-0.0,0.0,-0.0,0.001953,-0.004944,0.0,0.000194,0.0,0.000064,0.0,-0.000064,0.0,-0.000194,0.0,0.0,0.0,0.015406,
0.0,4.514577,0.892376,-0.000066,0.0,1.570796,0.0,0.000001,-0.008087,0.0,0.0,0.0,-0.117224,-0.024476,0.000123,0.212973,-0.016521,0.024049,-0.131785,0.025636,0.007996,0.227149,-0.004379,-0.023256,-0.078458,0.174482,-0.0,-0.050107,0.0,0.0,0.0,-0.057138,-0.174482,0.0,-0.011109,0.0,0.0,0.0,0.0,0.0,0.0,0.0,-0.0,0.0,0.0,0.0,0.0,0.001953,-0.004944,0.0,0.000194,0.0,0.000064,0.0,-0.000064,0.0,-0.000194,0.0,-0.0,0.0,0.01548,
0.0,4.514577,0.892295,-0.000066,0.0,1.570796,0.0,0.000001,-0.008087,0.0,0.0,0.0,-0.119389,-0.024476,0.000214,0.216988,-0.018032,0.024049,-0.133088,0.025636,0.007996,0.229784,-0.005688,-0.023256,-0.079191,0.174482,0.0,-0.05051,0.0,0.0,0.0,-0.057138,-0.174482,0.0,-0.011109,0.0,0.0,0.0,0.0,0.0,0.0,0.0,0.0,0.0,0.0,0.0,0.0,0.001953,-0.004944,0.0,0.000194,0.0,0.000064,0.0,-0.000064,0.0,-0.000194,0.0,0.0,0.0,0.015553,
0.0,4.514577,0.892214,-0.000066,0.0,1.570796,0.0,0.000001,-0.008087,0.0,0.0,0.0,-0.121547,-0.024476,0.000305,0.220993,-0.01954,0.024049,-0.134392,0.025637,0.007995,0.232421,-0.006998,-0.023256,-0.079923,0.174482,0.0,-0.050913,0.0,0.0,0.0,-0.057138,-0.174482,0.0,-0.01111,0.0,0.0,0.0,0.0,0.0,0.0,0.0,0.0,0.0,0.0,0.0,0.0,0.001953,-0.004944,0.0,0.000194,0.0,0.000064,0.0,-0.000064,0.0,-0.000194,0.0,0.0,0.0,0.015627,
0.0,4.514577,0.892129,-0.000066,0.0,1.570796,0.0,0.000001,-0.008553,0.0,0.0,0.0,-0.122868,-0.024476,0.000305,0.223499,-0.020638,0.024049,-0.135824,0.02571,0.007885,0.235206,-0.008307,-0.023256,-0.080546,0.174482,0.0,-0.051298,0.0,0.0,0.0,-0.057028,-0.174482,0.0,-0.01133,0.0,0.0,0.0,-0.0,0.0,-0.0,0.0,-0.0,0.0,-0.0,0.0,-0.0,0.001953,-0.004944,0.0,0.000194,0.0,0.000064,0.0,-0.000064,0.0,-0.000194,0.0,0.0,0.0,0.015865,
0.0,4.514577,0.892043,-0.000066,0.0,1.570796,0.0,0.000001,-0.00856,0.0,0.0,0.0,-0.124189,-0.024476,0.000305,0.226005,-0.021737,0.024049,-0.137255,0.025783,0.007775,0.23799,-0.009616,-0.023256,-0.081169,0.174482,0.0,-0.051682,0.0,0.0,0.0,-0.056918,-0.174482,0.0,-0.01155,0.0,0.0,0.0,-0.0,0.0,-0.0,0.0,-0.0,0.0,0.0,0.0,0.0,0.001953,-0.004944,0.0,0.000194,0.0,0.000064,0.0,-0.000064,0.0,-0.000194,0.0,0.0,0.0,0.016103,
0.0,4.514577,0.891958,-0.000066,0.0,1.570796,0.0,0.000001,-0.00856,0.0,0.0,0.0,-0.12551,-0.024476,0.000305,0.228512,-0.022836,0.024049,-0.138687,0.025857,0.007666,0.240775,-0.010925,-0.023256,-0.081792,0.174482,0.0,-0.052067,0.0,0.0,0.0,-0.056808,-0.174482,0.0,-0.01177,0.0,0.0,0.0,-0.0,0.0,-0.0,-0.0,0.0,0.0,-0.0,0.0,-0.0,0.001953,-0.004944,0.0,0.000194,0.0,0.000064,0.0,-0.000064,0.0,-0.000194,0.0,-0.0,0.0,0.016341,
0.0,4.514577,0.891872,-0.000066,0.0,1.570796,0.0,0.000001,-0.00856,0.0,0.0,0.0,-0.12651,-0.024476,0.000355,0.23041,-0.023737,0.024049,-0.140008,0.02588,0.00763,0.243337,-0.012068,-0.023256,-0.082181,0.174482,0.0,-0.052316,0.0,0.0,0.0,-0.056772,-0.174482,0.0,-0.011915,0.0,0.0,0.0,-0.0,0.0,-0.0,0.0,0.0,0.0,-0.0,0.0,0.0,0.001953,-0.004944,0.0,0.000194,0.0,0.000064,0.0,-0.000064,0.0,-0.000194,0.0,0.0,0.0,0.016505,
-0.0,4.514577,0.891786,-0.000066,0.0,1.570796,-0.0,0.000001,-0.00856,0.0,0.0,0.0,-0.127354,-0.024476,0.000428,0.232014,-0.024543,0.024049,-0.141274,0.02588,0.00763,0.245791,-0.01313,-0.023256,-0.082456,0.174482,0.0,-0.052499,0.0,0.0,0.0,-0.056772,-0.174482,0.0,-0.012025,0.0,0.0,0.0,0.0,0.0,0.0,0.0,0.0,0.0,0.0,0.0,0.0,0.001953,-0.004944,0.0,0.000194,0.0,0.000064,0.0,-0.000064,0.0,-0.000194,0.0,0.0,0.0,0.016634,
0.0,4.514577,0.891701,-0.000066,0.0,1.570796,0.0,0.000001,-0.00856,0.0,0.0,0.0,-0.128198,-0.024476,0.000501,0.233618,-0.025349,0.024049,-0.142541,0.02588,0.00763,0.248245,-0.014192,-0.023256,-0.082731,0.174482,-0.0,-0.052682,0.0,0.0,0.0,-0.056772,-0.174482,0.0,-0.012135,0.0,0.0,0.0,0.0,0.0,-0.0,0.0,0.0,0.0,0.0,0.0,0.0,0.001953,-0.004944,0.0,0.000194,0.0,0.000064,0.0,-0.000064,0.0,-0.000194,0.0,0.0,0.0,0.016762,
0.0,4.514577,0.891615,-0.000066,0.0,1.570796,-0.0,0.000001,-0.008553,0.0,0.0,0.0,-0.12893,-0.024476,0.000549,0.23504,-0.026105,0.024049,-0.143851,0.02588,0.007598,0.250774,-0.015286,-0.023256,-0.082881,0.174482,0.0,-0.052803,0.0,0.0,0.0,-0.056772,-0.174482,0.0,-0.012207,0.0,0.0,0.0,0.0,0.0,-0.0,0.0,-0.0,0.0,-0.0,0.0,0.0,0.001953,-0.004944,0.0,0.000194,0.0,0.000064,0.0,-0.000064,0.0,-0.000194,0.0,0.0,0.0,0.016846,
0.0,4.514577,0.89153,-0.000066,0.0,1.570796,0.0,0.000001,-0.00856,0.0,0.0,0.0,-0.129444,-0.024476,0.000549,0.23611,-0.026764,0.024049,-0.145247,0.02588,0.007507,0.253451,-0.016439,-0.023256,-0.082789,0.174482,0.0,-0.052803,0.0,0.0,0.0,-0.056772,-0.174482,0.0,-0.012207,0.0,0.0,0.0,-0.0,0.0,-0.0,0.0,0.0,0.0,0.0,0.0,0.0,0.001953,-0.004944,0.0,0.000194,0.0,0.000064,0.0,-0.000064,0.0,-0.000194,0.0,0.0,0.0,0.016846,
-0.0,4.514577,0.891444,-0.000066,0.0,1.570796,-0.0,0.000001,-0.00856,0.0,0.0,0.0,-0.129957,-0.024476,0.000549,0.237179,-0.027423,0.024049,-0.146642,0.02588,0.007415,0.256128,-0.017593,-0.023256,-0.082698,0.174482,0.0,-0.052803,0.0,0.0,0.0,-0.056772,-0.174482,0.0,-0.012207,0.0,0.0,0.0,0.0,0.0,0.0,0.0,0.0,0.0,0.0,0.0,0.0,0.001953,-0.004944,0.0,0.000194,0.0,0.000064,0.0,-0.000064,0.0,-0.000194,0.0,0.0,0.0,0.016846,
0.0,4.514578,0.891359,-0.000066,0.0,1.570796,0.0,0.000001,-0.008537,0.0,0.0,0.0,-0.130468,-0.024476,0.000549,0.238242,-0.02808,0.024049,-0.148036,0.02588,0.007324,0.258802,-0.018746,-0.023256,-0.082605,0.174482,-0.0,-0.052802,-0.0,0.0,0.0,-0.056772,-0.174482,0.0,-0.012207,0.0,0.0,0.0,0.0,0.0,-0.0,0.0,-0.0,0.0,0.0,0.0,-0.0,0.001953,-0.004944,0.0,0.000194,0.0,0.000064,0.0,-0.000064,0.0,-0.000194,0.0,0.0,0.0,0.016845,
0.0,4.514578,0.891304,-0.000066,0.0,1.570796,0.0,0.0,-0.00544,0.0,0.0,0.0,-0.130542,-0.024476,0.000549,0.238427,-0.028364,0.024049,-0.149267,0.02588,0.007306,0.261111,-0.019771,-0.023256,-0.08233,0.174482,-0.0,-0.052619,0.0,0.0,0.0,-0.056772,-0.174482,0.0,-0.012207,0.0,0.0,0.0,-0.0,0.0,-0.0,0.0,0.0,0.0,0.0,0.0,0.0,0.001953,-0.004944,0.0,0.000194,0.0,0.000064,0.0,-0.000064,0.0,-0.000194,0.0,0.0,0.0,0.016607,
0.0,4.514578,0.89125,-0.000066,0.0,1.570796,0.0,0.0,-0.00544,0.0,0.0,0.0,-0.130615,-0.024476,0.000549,0.238611,-0.028648,0.024049,-0.150497,0.02588,0.007288,0.26342,-0.020797,-0.023256,-0.082055,0.174482,0.0,-0.052436,0.0,0.0,0.0,-0.056772,-0.174482,-0.0,-0.012207,0.0,0.0,0.0,0.0,0.0,0.0,0.0,-0.0,0.0,0.0,0.0,0.0,0.001953,-0.004944,0.0,0.000194,0.0,0.000064,0.0,-0.000064,0.0,-0.000194,0.0,0.0,0.0,0.016369,
0.0,4.514578,0.891196,-0.000066,0.0,1.570796,0.0,0.0,-0.00544,0.0,0.0,0.0,-0.130688,-0.024476,0.000549,0.238796,-0.028932,0.024049,-0.151727,0.02588,0.007269,0.265729,-0.021822,-0.023256,-0.08178,0.174482,0.0,-0.052252,0.0,0.0,0.0,-0.056772,-0.174482,0.0,-0.012207,0.0,0.0,0.0,-0.0,0.0,0.0,0.0,-0.0,0.0,-0.0,0.0,-0.0,0.001953,-0.004944,0.0,0.000194,0.0,0.000064,0.0,-0.000064,0.0,-0.000194,0.0,0.0,0.0,0.016131,
0.0,4.514578,0.891149,-0.000066,0.0,1.570796,0.0,0.0,-0.004623,0.0,0.0,0.0,-0.130712,-0.024476,0.000549,0.238968,-0.029215,0.024049,-0.152698,0.02588,0.007251,0.267528,-0.022576,-0.023256,-0.08153,0.174482,0.0,-0.052082,0.0,0.0,0.0,-0.05692,-0.174482,-0.0,-0.012269,0.0,0.0,0.0,0.0,0.0,0.0,0.0,-0.0,0.0,0.0,0.0,0.0,0.001953,-0.004944,0.0,0.000194,0.0,0.000064,0.0,-0.000064,0.0,-0.000194,0.0,0.0,0.0,0.015917,
0.0,4.514578,0.891107,-0.000066,0.0,1.570796,0.0,0.0,-0.004227,0.0,0.0,0.0,-0.130712,-0.024476,0.000549,0.239134,-0.029499,0.024049,-0.153543,0.02588,0.007233,0.26908,-0.023199,-0.023256,-0.081291,0.174482,0.0,-0.051917,0.0,0.0,0.0,-0.05714,-0.174482,0.0,-0.012361,0.0,0.0,0.0,0.0,0.0,-0.0,0.0,-0.0,0.0,-0.0,0.0,0.0,0.001953,-0.004944,0.0,0.000194,-0.0,0.000064,0.0,-0.000064,0.0,-0.000194,0.0,0.0,0.0,0.015716,
0.0,4.514578,0.891065,-0.000066,0.0,1.570796,0.0,0.0,-0.004234,0.0,0.0,0.0,-0.130712,-0.024476,0.000549,0.2393,-0.029783,0.024049,-0.154388,0.02588,0.007214,0.270632,-0.023822,-0.023256,-0.081053,0.174482,0.0,-0.051752,0.0,0.0,0.0,-0.05736,-0.174482,0.0,-0.012452,0.0,0.0,0.0,0.0,0.0,0.0,0.0,0.0,-0.0,0.0,0.0,-0.0,0.001953,-0.004944,0.0,0.000194,0.0,0.000064,0.0,-0.000064,0.0,-0.000194,0.0,-0.0,0.0,0.015514,
0.0,4.514578,0.891022,-0.000066,0.0,1.570796,0.0,0.0,-0.004227,0.0,0.0,0.0,-0.130675,-0.024476,0.000549,0.239353,-0.030014,0.024049,-0.15512,0.02588,0.007196,0.271977,-0.024369,-0.023256,-0.080834,0.174482,-0.0,-0.051599,0.0,0.0,0.0,-0.057617,-0.174482,0.0,-0.012544,0.0,0.0,0.0,0.0,0.0,-0.0,0.0,-0.0,-0.0,-0.0,0.0,0.0,0.001953,-0.004944,0.0,0.000194,0.0,0.000064,0.0,-0.000064,0.0,-0.000194,0.0,0.0,0.0,0.015344,
0.0,4.514578,0.89098,-0.000066,0.0,1.570796,-0.0,0.0,-0.004227,0.0,0.0,0.0,-0.130565,-0.024476,0.000549,0.239187,-0.030142,0.024049,-0.155634,0.02588,0.007178,0.272919,-0.024772,-0.023256,-0.08065,0.174482,-0.0,-0.051471,0.0,0.0,0.0,-0.057947,-0.174482,0.0,-0.012635,0.0,0.0,0.0,-0.0,0.0,0.0,0.0,0.0,0.0,0.0,0.0,-0.0,0.001953,-0.004944,0.0,0.000194,0.0,0.000064,0.0,-0.000064,0.0,-0.000194,0.0,0.0,0.0,0.015234,
-0.0,4.514578,0.890938,-0.000066,0.0,1.570796,-0.0,0.0,-0.004227,0.0,0.0,0.0,-0.130455,-0.024476,0.000549,0.239021,-0.03027,0.024049,-0.156148,0.02588,0.00716,0.273862,-0.025175,-0.023256,-0.080467,0.174482,0.0,-0.051343,0.0,0.0,0.0,-0.058277,-0.174482,0.0,-0.012727,0.0,0.0,0.0,0.0,0.0,0.0,0.0,0.0,0.0,-0.0,0.0,0.0,0.001953,-0.004944,0.0,0.000194,0.0,0.000064,0.0,-0.000064,0.0,-0.000194,0.0,0.0,0.0,0.015124,
0.0,4.514578,0.890896,-0.000066,0.0,1.570796,0.0,0.0,-0.004234,0.0,0.0,0.0,-0.130347,-0.024476,0.00055,0.238861,-0.030402,0.024049,-0.156664,0.02588,0.007141,0.274807,-0.02558,-0.023256,-0.080283,0.174482,0.0,-0.051214,0.0,0.0,0.0,-0.058606,-0.174482,0.0,-0.012817,0.0,0.0,0.0,-0.0,0.0,-0.0,0.0,0.0,0.0,0.0,0.0,0.0,0.001953,-0.004944,0.0,0.000194,0.0,0.000064,0.0,-0.000064,0.0,-0.000194,0.0,0.0,0.0,0.015015,
0.0,4.514578,0.890845,-0.000066,0.0,1.570796,0.0,0.0,-0.005028,0.0,0.0,0.0,-0.130604,-0.024476,0.000623,0.239562,-0.030969,0.024049,-0.157381,0.02588,0.007123,0.276102,-0.026221,-0.023256,-0.079935,0.174482,0.0,-0.051013,0.0,0.0,0.0,-0.058955,-0.174482,0.0,-0.012763,0.0,0.0,0.0,0.0,0.0,-0.0,0.0,0.0,0.0,-0.0,0.0,0.0,0.001953,-0.004944,0.0,0.000194,0.0,0.000064,0.0,-0.000064,0.0,-0.000194,0.0,0.0,0.0,0.015015,
0.0,4.514578,0.890795,-0.000066,0.0,1.570796,0.0,0.0,-0.00502,0.0,0.0,0.0,-0.130861,-0.024476,0.000696,0.240263,-0.031537,0.024049,-0.158097,0.02588,0.007105,0.277396,-0.026862,-0.023256,-0.079586,0.174482,0.0,-0.050811,-0.0,0.0,0.0,-0.059303,-0.174482,0.0,-0.012708,0.0,0.0,0.0,0.0,0.0,0.0,0.0,-0.0,0.0,0.0,0.0,0.0,0.001953,-0.004944,0.0,0.000194,0.0,0.000064,0.0,-0.000064,0.0,-0.000194,0.0,0.0,0.0,0.015015,
0.0,4.514578,0.890745,-0.000066,0.0,1.570796,0.0,0.0,-0.005028,0.0,0.0,0.0,-0.131118,-0.024476,0.00077,0.240964,-0.032105,0.024049,-0.158813,0.02588,0.007086,0.27869,-0.027503,-0.023256,-0.079238,0.174482,0.0,-0.05061,-0.0,0.0,0.0,-0.059651,-0.174482,-0.0,-0.012653,0.0,0.0,0.0,0.0,0.0,-0.0,0.0,0.0,0.0,0.0,0.0,0.0,0.001953,-0.004944,0.0,0.000194,0.0,0.000064,0.0,-0.000064,0.0,-0.000194,0.0,0.0,0.0,0.015015,
0.0,4.514578,0.890688,-0.000066,0.0,1.570796,0.0,0.0,-0.005707,0.0,0.0,0.0,-0.131399,-0.024476,0.000793,0.241677,-0.032759,0.024049,-0.159555,0.025917,0.007068,0.280059,-0.028205,-0.02328,-0.078915,0.174482,0.0,-0.050421,-0.0,0.0,0.0,-0.060011,-0.174482,-0.0,-0.012684,0.0,0.0,0.0,0.0,0.0,0.0,0.0,0.0,0.0,0.0,0.0,0.0,0.001953,-0.004944,0.0,0.000194,-0.0,0.000064,0.0,-0.000064,0.0,-0.000194,0.0,0.0,0.0,0.015015,
0.0,4.514578,0.890627,-0.000066,0.0,1.570796,0.0,0.0,-0.006027,0.0,0.0,0.0,-0.131693,-0.024476,0.000793,0.242396,-0.033455,0.024049,-0.160308,0.025972,0.00705,0.281465,-0.028938,-0.023317,-0.078603,0.174482,0.0,-0.050237,0.0,0.0,0.0,-0.060377,-0.174482,0.0,-0.012757,0.0,0.0,0.0,0.0,0.0,0.0,0.0,0.0,0.0,0.0,0.0,0.0,0.001953,-0.004944,0.0,0.000194,0.0,0.000064,0.0,-0.000064,0.0,-0.000194,0.0,0.0,0.0,0.015015,
0.0,4.514578,0.890567,-0.000066,0.0,1.570796,0.0,0.0,-0.006035,0.0,0.0,0.0,-0.131987,-0.024476,0.000793,0.243116,-0.034151,0.024049,-0.161061,0.026027,0.007031,0.28287,-0.02967,-0.023354,-0.078292,0.174482,0.0,-0.050054,0.0,0.0,0.0,-0.060744,-0.174482,0.0,-0.012831,0.0,0.0,0.0,-0.0,0.0,0.0,-0.0,-0.0,0.0,0.0,0.0,0.0,0.001953,-0.004944,0.0,0.000194,-0.0,0.000064,0.0,-0.000064,0.0,-0.000194,0.0,0.0,0.0,0.015015,
0.0,4.514578,0.890507,-0.000066,0.0,1.570796,0.0,0.0,-0.006027,0.0,0.0,0.0,-0.132124,-0.024476,0.000793,0.243527,-0.034741,0.024049,-0.161701,0.026064,0.007013,0.284068,-0.030316,-0.02339,-0.078018,0.174482,0.0,-0.049902,0.0,0.0,0.0,-0.061116,-0.174482,0.0,-0.012941,0.0,0.0,0.0,0.0,0.0,-0.0,0.0,0.0,0.0,-0.0,0.0,0.0,0.001953,-0.004944,0.0,0.000194,0.0,0.000064,0.0,-0.000064,0.0,-0.000194,0.0,0.0,0.0,0.01494,
0.0,4.514578,0.890447,-0.000066,0.0,1.570796,0.0,0.0,-0.006027,0.0,0.0,0.0,-0.131959,-0.024476,0.000793,0.243343,-0.035125,0.024049,-0.162124,0.026064,0.006995,0.284863,-0.030792,-0.023427,-0.077816,0.174482,0.0,-0.049811,0.0,0.0,0.0,-0.061501,-0.174482,0.0,-0.013124,0.0,0.0,0.0,0.0,0.0,-0.0,0.0,0.0,0.0,-0.0,0.0,-0.0,0.001953,-0.004944,0.0,0.000194,0.0,0.000064,0.0,-0.000064,0.0,-0.000194,0.0,0.0,0.0,0.014721,
0.0,4.514578,0.890386,-0.000066,0.0,1.570796,-0.0,0.0,-0.006035,0.0,0.0,0.0,-0.131794,-0.024476,0.000793,0.243158,-0.03551,0.024049,-0.162547,0.026064,0.006976,0.285659,-0.031268,-0.023463,-0.077614,0.174482,0.0,-0.049719,0.0,0.0,0.0,-0.061886,-0.174482,0.0,-0.013308,0.0,0.0,0.0,0.0,0.0,0.0,0.0,-0.0,0.0,0.0,0.0,0.0,0.001953,-0.004944,0.0,0.000194,0.0,0.000064,0.0,-0.000064,0.0,-0.000194,0.0,0.0,0.0,0.014501,
0.0,4.514578,0.890326,-0.000066,0.0,1.570796,0.0,0.0,-0.006027,0.0,0.0,0.0,-0.131629,-0.024476,0.000793,0.242975,-0.035895,0.024049,-0.16297,0.026064,0.006958,0.286456,-0.031745,-0.0235,-0.077414,0.174482,-0.0,-0.049628,0.0,0.0,0.0,-0.06227,-0.174482,0.0,-0.013491,0.0,0.0,0.0,0.0,0.0,0.0,0.0,0.0,0.0,0.0,0.0,-0.0,0.001953,-0.004944,0.0,0.000194,0.0,0.000064,0.0,-0.000064,0.0,-0.000194,0.0,0.0,0.0,0.014281,
0.0,4.514578,0.890266,-0.000066,0.0,1.570796,0.0,0.0,-0.006035,0.0,0.0,0.0,-0.131519,-0.024476,0.000793,0.242975,-0.03639,0.024049,-0.16354,0.026064,0.006958,0.287492,-0.032349,-0.0235,-0.077414,0.174482,-0.0,-0.049628,0.0,0.0,0.0,-0.0626,-0.174482,0.0,-0.013748,0.0,0.0,0.0,-0.0,0.0,-0.0,0.0,-0.0,0.0,-0.0,0.0,-0.0,0.001953,-0.004944,0.0,0.000194,-0.0,0.000064,0.0,-0.000064,0.0,-0.000194,0.0,0.0,0.0,0.014061,
0.0,4.514578,0.890205,-0.000066,0.0,1.570796,-0.0,0.0,-0.006027,0.0,0.0,0.0,-0.131409,-0.024476,0.000793,0.242975,-0.036884,0.024049,-0.164109,0.026064,0.006958,0.288529,-0.032954,-0.0235,-0.077414,0.174482,0.0,-0.049628,-0.0,0.0,0.0,-0.06293,-0.174482,-0.0,-0.014004,0.0,0.0,0.0,0.0,0.0,-0.0,0.0,0.0,0.0,0.0,0.0,0.0,0.001953,-0.004944,0.0,0.000194,0.0,0.000064,0.0,-0.000064,0.0,-0.000194,0.0,0.0,0.0,0.013842,
0.0,4.514578,0.890145,-0.000066,0.0,1.570796,0.0,0.0,-0.006027,0.0,0.0,0.0,-0.131299,-0.024476,0.000793,0.242975,-0.037379,0.024049,-0.164679,0.026064,0.006958,0.289565,-0.033558,-0.0235,-0.077414,0.174482,0.0,-0.049628,0.0,0.0,0.0,-0.06326,-0.174482,0.0,-0.01426,0.0,0.0,0.0,0.0,0.0,0.0,0.0,0.0,0.0,0.0,0.0,0.0,0.001953,-0.004944,0.0,0.000194,0.0,0.000064,0.0,-0.000064,0.0,-0.000194,0.0,0.0,0.0,0.013622,
0.0,4.514578,0.890092,-0.000066,0.0,1.570796,0.0,0.0,-0.005257,0.0,0.0,0.0,-0.131151,-0.024476,0.000843,0.242913,-0.037873,0.024049,-0.165125,0.026064,0.006958,0.290339,-0.034002,-0.0235,-0.077414,0.174482,0.0,-0.049628,-0.0,0.0,0.0,-0.063552,-0.174482,0.0,-0.014418,0.0,0.0,0.0,0.0,0.0,0.0,-0.0,-0.0,0.0,-0.0,0.0,0.0,0.001953,-0.004944,0.0,0.000194,0.0,0.000064,0.0,-0.000064,0.0,-0.000194,0.0,0.0,0.0,0.013464,
0.0,4.514578,0.890044,-0.000066,0.0,1.570796,0.0,0.0,-0.004883,0.0,0.0,0.0,-0.130986,-0.024476,0.000916,0.242821,-0.038368,0.024049,-0.165511,0.026064,0.006958,0.290987,-0.034368,-0.0235,-0.077414,0.174482,0.0,-0.049628,0.0,0.0,0.0,-0.063827,-0.174482,0.0,-0.014528,0.0,0.0,0.0,-0.0,0.0,-0.0,0.0,-0.0,0.0,-0.0,0.0,0.0,0.001953,-0.004944,0.0,0.000194,0.0,0.000064,0.0,-0.000064,0.0,-0.000194,0.0,0.0,0.0,0.013336,
0.0,4.514578,0.889995,-0.000066,0.0,1.570796,0.0,0.0,-0.004875,0.0,0.0,0.0,-0.130821,-0.024476,0.000989,0.242729,-0.038862,0.024049,-0.165896,0.026064,0.006958,0.291635,-0.034735,-0.0235,-0.077414,0.174482,-0.0,-0.049628,-0.0,0.0,0.0,-0.064102,-0.174482,0.0,-0.014638,0.0,0.0,0.0,0.0,0.0,0.0,-0.0,0.0,0.0,-0.0,0.0,0.0,0.001953,-0.004944,0.0,0.000194,0.0,0.000064,0.0,-0.000064,0.0,-0.000194,0.0,0.0,0.0,0.013208,
0.0,4.514578,0.88995,-0.000066,0.0,1.570796,-0.0,0.0,-0.00444,0.0,0.0,0.0,-0.130643,-0.024476,0.001038,0.242611,-0.039269,0.024049,-0.16622,0.026064,0.006958,0.292169,-0.035042,-0.0235,-0.077414,0.174482,0.0,-0.049628,0.0,0.0,0.0,-0.064352,-0.174482,0.0,-0.01471,0.0,0.0,0.0,0.0,0.0,0.0,0.0,0.0,0.0,0.0,0.0,0.0,0.001953,-0.004944,0.0,0.000194,0.0,0.000064,0.0,-0.000064,0.0,-0.000194,0.0,0.0,0.0,0.013123,
0.0,4.514578,0.889915,-0.000066,0.0,1.570796,0.0,0.0,-0.003586,0.0,0.0,0.0,-0.130442,-0.024476,0.001038,0.242445,-0.039508,0.024049,-0.166422,0.026064,0.006958,0.292483,-0.035234,-0.0235,-0.077414,0.174482,0.0,-0.049628,0.0,0.0,0.0,-0.064553,-0.174482,0.0,-0.01471,-0.0,0.0,0.0,0.0,0.0,0.0,-0.0,-0.0,-0.0,0.0,0.0,-0.0,0.001953,-0.004944,0.0,0.000194,0.0,0.000064,0.0,-0.000064,0.0,-0.000194,0.0,0.0,0.0,0.013123,
0.0,4.514578,0.889879,-0.000066,0.0,1.570796,-0.0,0.0,-0.003578,0.0,0.0,0.0,-0.13024,-0.024476,0.001038,0.242279,-0.039746,0.024049,-0.166624,0.026064,0.006958,0.292798,-0.035426,-0.0235,-0.077414,0.174482,0.0,-0.049628,0.0,0.0,0.0,-0.064755,-0.174482,0.0,-0.01471,0.0,0.0,0.0,0.0,0.0,0.0,0.0,0.0,0.0,0.0,0.0,0.0,0.001953,-0.004944,0.0,0.000194,0.0,0.000064,0.0,-0.000064,0.0,-0.000194,0.0,0.0,0.0,0.013123,
0.0,4.514578,0.889843,-0.000066,0.0,1.570796,0.0,0.0,-0.003571,0.0,0.0,0.0,-0.130039,-0.024476,0.001038,0.242114,-0.039982,0.024049,-0.166826,0.026064,0.006958,0.293112,-0.035618,-0.0235,-0.077415,0.174482,0.0,-0.049628,-0.0,0.0,0.0,-0.064956,-0.174482,0.0,-0.014711,0.0,0.0,0.0,0.0,0.0,0.0,0.0,-0.0,0.0,-0.0,0.0,-0.0,0.001953,-0.004944,0.0,0.000194,0.0,0.000064,0.0,-0.000064,0.0,-0.000194,0.0,0.0,0.0,0.013124,
0.0,4.514578,0.889827,-0.000066,0.0,1.570796,0.0,0.0,-0.001625,0.0,0.0,0.0,-0.129965,-0.024476,0.001038,0.242114,-0.039982,0.024049,-0.166991,0.026064,0.006884,0.29339,-0.035811,-0.0235,-0.077516,0.174482,0.0,-0.049628,0.0,0.0,0.0,-0.065158,-0.174482,-0.0,-0.014784,0.0,0.0,0.0,0.0,0.0,-0.0,0.0,-0.0,0.0,-0.0,0.0,0.0,0.001953,-0.004944,0.0,0.000194,0.0,0.000064,0.0,-0.000064,0.0,-0.000194,0.0,0.0,0.0,0.013197,
0.0,4.514578,0.889811,-0.000066,0.0,1.570796,0.0,0.0,-0.001625,0.0,0.0,0.0,-0.129892,-0.024476,0.001038,0.242114,-0.039982,0.024049,-0.167156,0.026064,0.006811,0.293668,-0.036003,-0.0235,-0.077617,0.174482,0.0,-0.049628,0.0,0.0,0.0,-0.065359,-0.174482,0.0,-0.014857,0.0,0.0,0.0,0.0,0.0,-0.0,0.0,0.0,0.0,-0.0,0.0,-0.0,0.001953,-0.004944,0.0,0.000194,0.0,0.000064,0.0,-0.000064,0.0,-0.000194,0.0,0.0,0.0,0.01327,
0.0,4.514578,0.889794,-0.000066,0.0,1.570796,0.0,0.0,-0.001633,0.0,0.0,0.0,-0.129819,-0.024476,0.001038,0.242114,-0.039982,0.024049,-0.167322,0.026064,0.006738,0.293945,-0.036195,-0.0235,-0.077717,0.174482,0.0,-0.049628,0.0,0.0,0.0,-0.065561,-0.174482,0.0,-0.01493,-0.0,0.0,0.0,-0.0,0.0,-0.0,0.0,-0.0,0.0,0.0,0.0,0.0,0.001953,-0.004944,0.0,0.000194,-0.0,0.000064,0.0,-0.000064,0.0,-0.000194,0.0,0.0,0.0,0.013343,
0.0,4.514578,0.889785,-0.000066,0.0,1.570796,0.0,0.0,-0.000916,0.0,0.0,0.0,-0.129894,-0.024476,0.001038,0.242301,-0.040056,0.024049,-0.167586,0.026064,0.006714,0.294373,-0.036332,-0.0235,-0.077818,0.174482,-0.0,-0.049628,-0.0,0.0,0.0,-0.065824,-0.174482,0.0,-0.015041,0.0,0.0,0.0,0.0,0.0,0.0,0.0,0.0,0.0,0.0,0.0,0.0,0.001953,-0.004944,0.0,0.000194,0.0,0.000064,0.0,-0.000064,0.0,-0.000194,0.0,-0.0,0.0,0.013367,
0.0,4.514578,0.889779,-0.000066,0.0,1.570796,0.0,0.0,-0.00058,0.0,0.0,0.0,-0.130041,-0.024476,0.001038,0.242578,-0.040166,0.024049,-0.167899,0.026064,0.006714,0.294873,-0.036442,-0.0235,-0.077919,0.174482,0.0,-0.049628,0.0,0.0,0.0,-0.066117,-0.174482,0.0,-0.015169,0.0,0.0,0.0,0.0,0.0,-0.0,0.0,0.0,0.0,-0.0,0.0,-0.0,0.001953,-0.004944,0.0,0.000194,0.0,0.000064,0.0,-0.000064,0.0,-0.000194,0.0,-0.0,0.0,0.013367,
0.0,4.514578,0.889774,-0.000066,0.0,1.570796,0.0,0.0,-0.000572,0.0,0.0,0.0,-0.130187,-0.024476,0.001038,0.242854,-0.040276,0.024049,-0.168211,0.026064,0.006714,0.295373,-0.036552,-0.0235,-0.07802,0.174482,0.0,-0.049628,0.0,0.0,0.0,-0.066411,-0.174482,-0.0,-0.015297,0.0,0.0,0.0,0.0,0.0,-0.0,0.0,0.0,0.0,0.0,0.0,0.0,0.001953,-0.004944,0.0,0.000194,0.0,0.000064,0.0,-0.000064,0.0,-0.000194,0.0,-0.0,0.0,0.013367,
0.0,4.514578,0.889768,-0.000066,0.0,1.570796,0.0,0.0,-0.00058,0.0,0.0,0.0,-0.130409,-0.024476,0.001038,0.243301,-0.040436,0.024049,-0.168511,0.026064,0.006714,0.295866,-0.036662,-0.0235,-0.078142,0.174482,0.0,-0.049653,-0.0,0.0,0.0,-0.066722,-0.174482,0.0,-0.015425,0.0,0.0,0.0,0.0,0.0,0.0,0.0,0.0,0.0,0.0,0.0,-0.0,0.001953,-0.004944,0.0,0.000194,0.0,0.000064,0.0,-0.000064,0.0,-0.000194,0.0,-0.0,0.0,0.013367,
0.0,4.514578,0.889762,-0.000066,0.0,1.570796,0.0,0.0,-0.000572,0.0,0.0,0.0,-0.130776,-0.024476,0.001038,0.244076,-0.040692,0.024049,-0.168787,0.026064,0.006714,0.296347,-0.036772,-0.0235,-0.078307,0.174482,-0.0,-0.049726,0.0,0.0,0.0,-0.067071,-0.174482,0.0,-0.015553,0.0,0.0,0.0,-0.0,0.0,0.0,0.0,0.0,-0.0,0.0,0.0,-0.0,0.001953,-0.004944,0.0,0.000194,0.0,0.000064,0.0,-0.000064,0.0,-0.000194,0.0,-0.0,0.0,0.013367,
0.0,4.514578,0.889756,-0.000066,0.0,1.570796,0.0,0.0,-0.00058,0.0,0.0,0.0,-0.131143,-0.024476,0.001038,0.244851,-0.040949,0.024049,-0.169062,0.026064,0.006714,0.296829,-0.036882,-0.0235,-0.078472,0.174482,0.0,-0.0498,0.0,0.0,0.0,-0.067419,-0.174482,0.0,-0.015682,-0.0,0.0,0.0,0.0,0.0,0.0,0.0,-0.0,0.0,-0.0,0.0,0.0,0.001953,-0.004944,0.0,0.000194,0.0,0.000064,0.0,-0.000064,0.0,-0.000194,0.0,-0.0,0.0,0.013367,
-0.0,4.514578,0.88975,-0.000066,0.0,1.570796,-0.0,0.0,-0.00058,0.0,0.0,0.0,-0.131511,-0.024476,0.001038,0.245626,-0.041205,0.024049,-0.169337,0.026064,0.006714,0.297309,-0.036991,-0.0235,-0.078637,0.174482,0.0,-0.049873,-0.0,0.0,0.0,-0.067767,-0.174482,-0.0,-0.015809,0.0,0.0,0.0,0.0,0.0,0.0,0.0,0.0,0.0,0.0,0.0,0.0,0.001953,-0.004944,0.0,0.000194,0.0,0.000064,0.0,-0.000064,0.0,-0.000194,0.0,0.0,0.0,0.013366,
0.0,4.514578,0.889745,-0.000066,0.0,1.570796,0.0,0.0,-0.000572,0.0,0.0,0.0,-0.13197,-0.024476,0.001038,0.246475,-0.041461,0.024049,-0.16954,0.026064,0.006714,0.297642,-0.037101,-0.0235,-0.078728,0.174482,0.0,-0.049946,-0.0,0.0,0.0,-0.068096,-0.174482,0.0,-0.015809,0.0,0.0,0.0,0.0,0.0,-0.0,0.0,-0.0,0.0,0.0,0.0,-0.0,0.001953,-0.004944,0.0,0.000194,0.0,0.000064,0.0,-0.000064,0.0,-0.000194,0.0,-0.0,0.0,0.013256,
0.0,4.514578,0.889739,-0.000066,0.0,1.570796,-0.0,0.0,-0.00058,0.0,0.0,0.0,-0.132429,-0.024476,0.001038,0.247324,-0.041718,0.024049,-0.169742,0.026064,0.006714,0.297976,-0.037211,-0.0235,-0.07882,0.174482,0.0,-0.05002,0.0,0.0,0.0,-0.068426,-0.174482,0.0,-0.015809,0.0,0.0,0.0,-0.0,0.0,0.0,0.0,0.0,0.0,-0.0,0.0,-0.0,0.001953,-0.004944,0.0,0.000194,0.0,0.000064,0.0,-0.000064,0.0,-0.000194,0.0,0.0,0.0,0.013147,
0.0,4.514578,0.889733,-0.000066,0.0,1.570796,0.0,0.0,-0.000572,0.0,0.0,0.0,-0.132887,-0.024476,0.001038,0.248173,-0.041974,0.024049,-0.169944,0.026064,0.006714,0.298309,-0.037321,-0.0235,-0.078912,0.174482,0.0,-0.050093,-0.0,0.0,0.0,-0.068756,-0.174482,0.0,-0.015809,0.0,0.0,0.0,0.0,0.0,-0.0,0.0,-0.0,0.0,-0.0,0.0,-0.0,0.001953,-0.004944,0.0,0.000194,-0.0,0.000064,0.0,-0.000064,0.0,-0.000194,0.0,0.0,0.0,0.013037,
0.0,4.514578,0.88973,-0.000066,0.0,1.570796,0.0,0.0,-0.000343,0.0,0.0,0.0,-0.133161,-0.024476,0.001038,0.248723,-0.042058,0.024049,-0.17001,0.026064,0.006714,0.298417,-0.03732,-0.0235,-0.07909,0.174482,0.0,-0.050191,0.0,0.0,0.0,-0.069086,-0.174482,0.0,-0.015858,0.0,0.0,0.0,-0.0,0.0,-0.0,0.0,-0.0,0.0,-0.0,0.0,0.0,0.001953,-0.004944,0.0,0.000194,0.0,0.000064,0.0,-0.000064,0.0,-0.000194,0.0,0.0,0.0,0.012915,
0.0,4.514578,0.889728,-0.000066,0.0,1.570796,0.0,0.0,-0.000214,0.0,0.0,0.0,-0.133344,-0.024476,0.001038,0.249129,-0.042058,0.024049,-0.17001,0.026064,0.006714,0.298417,-0.037265,-0.0235,-0.07931,0.174482,0.0,-0.050301,-0.0,0.0,0.0,-0.069416,-0.174482,0.0,-0.015931,0.0,0.0,0.0,0.0,0.0,-0.0,0.0,-0.0,0.0,-0.0,0.0,-0.0,0.001953,-0.004944,0.0,0.000194,0.0,0.000064,0.0,-0.000064,0.0,-0.000194,0.0,0.0,0.0,0.012786,
0.0,4.514578,0.889725,-0.000066,0.0,1.570796,0.0,0.0,-0.000221,0.0,0.0,0.0,-0.133528,-0.024476,0.001038,0.249535,-0.042058,0.024049,-0.17001,0.026064,0.006714,0.298417,-0.03721,-0.0235,-0.07953,0.174482,0.0,-0.050411,-0.0,0.0,0.0,-0.069745,-0.174482,0.0,-0.016005,0.0,0.0,0.0,0.0,0.0,-0.0,0.0,-0.0,0.0,0.0,0.0,0.0,0.001953,-0.004944,0.0,0.000194,0.0,0.000064,0.0,-0.000064,0.0,-0.000194,0.0,0.0,0.0,0.012658,
0.0,4.514578,0.889723,-0.000066,0.0,1.570796,0.0,0.0,-0.000221,0.0,0.0,0.0,-0.133648,-0.024476,0.001038,0.249802,-0.042058,0.024049,-0.170066,0.026064,0.006714,0.298506,-0.037174,-0.0235,-0.079787,0.174482,0.0,-0.050546,0.0,0.0,0.0,-0.070057,-0.174482,0.0,-0.016053,0.0,0.0,0.0,0.0,0.0,0.0,0.0,-0.0,0.0,-0.0,0.0,-0.0,0.001953,-0.004944,0.0,0.000194,0.0,0.000064,0.0,-0.000064,0.0,-0.000194,0.0,0.0,0.0,0.012524,
0.0,4.514578,0.889721,-0.000066,0.0,1.570796,-0.0,0.0,-0.000221,0.0,0.0,0.0,-0.133648,-0.024476,0.001038,0.249802,-0.042058,0.024049,-0.170232,0.026064,0.006714,0.298765,-0.037174,-0.0235,-0.080117,0.174482,-0.0,-0.050729,-0.0,0.0,0.0,-0.070331,-0.174482,0.0,-0.016053,0.0,0.0,0.0,0.0,0.0,0.0,0.0,-0.0,0.0,-0.0,0.0,0.0,0.001953,-0.004944,0.0,0.000194,0.0,0.000064,0.0,-0.000064,0.0,-0.000194,0.0,0.0,0.0,0.012377,
0.0,4.514578,0.889719,-0.000066,0.0,1.570796,0.0,0.0,-0.000221,0.0,0.0,0.0,-0.133648,-0.024476,0.001038,0.249802,-0.042058,0.024049,-0.170397,0.026064,0.006714,0.299024,-0.037174,-0.0235,-0.080447,0.174482,0.0,-0.050912,0.0,0.0,0.0,-0.070606,-0.174482,0.0,-0.016053,0.0,0.0,0.0,0.0,0.0,0.0,0.0,0.0,0.0,0.0,0.0,0.0,0.001953,-0.004944,0.0,0.000194,0.0,0.000064,0.0,-0.000064,0.0,-0.000194,0.0,0.0,0.0,0.012231,
0.0,4.514578,0.889717,-0.000066,0.0,1.570796,0.0,0.0,-0.000214,0.0,0.0,0.0,-0.133646,-0.024476,0.001038,0.249799,-0.042056,0.024049,-0.170563,0.026064,0.006714,0.299284,-0.037174,-0.0235,-0.080777,0.174482,0.0,-0.051095,0.0,0.0,0.0,-0.070881,-0.174482,0.0,-0.016053,0.0,0.0,0.0,0.0,0.0,-0.0,0.0,0.0,0.0,0.0,0.0,-0.0,0.001953,-0.004944,0.0,0.000194,0.0,0.000064,0.0,-0.000064,0.0,-0.000194,0.0,0.0,0.0,0.012084,
0.0,4.514578,0.889723,-0.000066,0.0,1.570796,0.0,-0.0,0.000641,0.0,0.0,0.0,-0.133389,-0.024476,0.001038,0.24943,-0.041891,0.024049,-0.170765,0.026064,0.006714,0.299562,-0.037174,-0.0235,-0.081162,0.174482,-0.0,-0.051315,0.0,0.0,0.0,-0.0711,-0.174482,0.0,-0.016053,0.0,0.0,0.0,-0.0,0.0,0.0,0.0,-0.0,0.0,-0.0,0.0,-0.0,0.001953,-0.004944,0.0,0.000194,0.0,0.000064,0.0,-0.000064,0.0,-0.000194,0.0,0.0,0.0,0.011956,
0.0,4.514578,0.889729,-0.000066,0.0,1.570796,0.0,-0.0,0.000633,0.0,0.0,0.0,-0.133132,-0.024476,0.001038,0.249061,-0.041727,0.024049,-0.170967,0.026064,0.006714,0.299839,-0.037174,-0.0235,-0.081547,0.174482,-0.0,-0.051535,0.0,-0.0,0.0,-0.07132,-0.174482,0.0,-0.016053,-0.0,0.0,0.0,-0.0,-0.0,-0.0,0.0,-0.0,0.0,-0.0,0.0,-0.0,0.001953,-0.004944,0.0,0.000194,0.0,0.000064,0.0,-0.000064,0.0,-0.000194,0.0,-0.0,0.0,0.011828,
0.0,4.514578,0.889736,-0.000066,0.0,1.570796,0.0,-0.0,0.000641,0.0,0.0,0.0,-0.132876,-0.024476,0.001038,0.248692,-0.041562,0.024049,-0.171169,0.026064,0.006714,0.300117,-0.037174,-0.0235,-0.081932,0.174482,0.0,-0.051755,0.0,0.0,0.0,-0.07154,-0.174482,0.0,-0.016053,0.0,0.0,0.0,-0.0,0.0,0.0,0.0,-0.0,0.0,0.0,0.0,0.0,0.001953,-0.004944,-0.0,0.000194,0.0,0.000064,0.0,-0.000064,0.0,-0.000194,0.0,0.0,0.0,0.0117,
0.0,4.514578,0.889742,-0.000066,0.0,1.570796,0.0,-0.0,0.000641,0.0,0.0,0.0,-0.132792,-0.024476,0.001038,0.248684,-0.041582,0.024049,-0.171309,0.026064,0.006714,0.30027,-0.037174,-0.0235,-0.082329,0.174482,-0.0,-0.051987,0.0,0.0,0.0,-0.071723,-0.174482,0.0,-0.016053,-0.0,0.0,0.0,-0.0,0.0,0.0,0.0,0.0,0.0,0.0,0.0,0.0,0.001953,-0.004944,0.0,0.000194,0.0,0.000064,0.0,-0.000064,0.0,-0.000194,0.0,0.0,0.0,0.011572,
0.0,4.514578,0.889749,-0.000066,0.0,1.570796,-0.0,-0.0,0.000641,0.0,0.0,0.0,-0.132792,-0.024476,0.001038,0.24885,-0.041692,0.024049,-0.17142,0.026064,0.006714,0.300363,-0.037174,-0.0235,-0.082732,0.174482,0.0,-0.052225,0.0,0.0,0.0,-0.071888,-0.174482,-0.0,-0.016053,0.0,0.0,0.0,0.0,0.0,-0.0,0.0,-0.0,-0.0,-0.0,0.0,0.0,0.001953,-0.004944,0.0,0.000194,-0.0,0.000064,0.0,-0.000064,0.0,-0.000194,0.0,0.0,0.0,0.011443,
0.0,4.514578,0.889755,-0.000066,0.0,1.570796,0.0,-0.0,0.000641,0.0,0.0,0.0,-0.132792,-0.024476,0.001038,0.249016,-0.041802,0.024049,-0.17153,0.026064,0.006714,0.300455,-0.037174,-0.0235,-0.083135,0.174482,0.0,-0.052463,0.0,0.0,0.0,-0.072053,-0.174482,0.0,-0.016053,0.0,0.0,0.0,0.0,0.0,0.0,0.0,-0.0,0.0,-0.0,0.0,-0.0,0.001953,-0.004944,0.0,0.000194,0.0,0.000064,0.0,-0.000064,0.0,-0.000194,0.0,0.0,0.0,0.011315,
0.0,4.514578,0.889759,-0.000066,0.0,1.570796,0.0,-0.0,0.00042,0.0,0.0,0.0,-0.132792,-0.024476,0.001038,0.24917,-0.041912,0.024049,-0.171634,0.026064,0.006714,0.300516,-0.03714,-0.0235,-0.08352,0.174482,0.0,-0.052701,0.0,0.0,0.0,-0.072193,-0.174482,0.0,-0.016053,-0.0,0.0,0.0,0.0,0.0,-0.0,0.0,0.0,0.0,-0.0,0.0,0.0,0.001953,-0.004944,0.0,0.000194,0.0,0.000064,0.0,-0.000064,0.0,-0.000194,0.0,-0.0,0.0,0.011193,
0.0,4.514578,0.889759,-0.000066,0.0,1.570796,0.0,0.0,0.0,0.0,0.0,0.0,-0.132792,-0.024476,0.001038,0.249299,-0.042022,0.024049,-0.171726,0.026064,0.006714,0.300516,-0.037043,-0.0235,-0.083868,0.174482,-0.0,-0.052939,0.0,0.0,0.0,-0.072284,-0.174482,0.0,-0.016053,0.0,0.0,0.0,0.0,0.0,-0.0,0.0,0.0,0.0,0.0,0.0,0.0,0.001953,-0.004944,0.0,0.000194,0.0,0.000064,0.0,-0.000064,0.0,-0.000194,0.0,0.0,0.0,0.011083,
0.0,4.514578,0.889759,-0.000066,0.0,1.570796,0.0,0.0,0.0,0.0,0.0,0.0,-0.132792,-0.024476,0.001038,0.249428,-0.042132,0.024049,-0.171818,0.026064,0.006714,0.300516,-0.036945,-0.0235,-0.084216,0.174482,0.0,-0.053178,0.0,0.0,0.0,-0.072376,-0.174482,0.0,-0.016053,0.0,0.0,0.0,-0.0,0.0,0.0,0.0,0.0,0.0,-0.0,0.0,0.0,0.001953,-0.004944,0.0,0.000194,0.0,0.000064,0.0,-0.000064,0.0,-0.000194,0.0,0.0,0.0,0.010974,
0.0,4.514578,0.889759,-0.000066,0.0,1.570796,0.0,0.0,-0.000008,0.0,0.0,0.0,-0.13279,-0.024476,0.001038,0.249553,-0.04224,0.024049,-0.171908,0.026064,0.006714,0.300514,-0.036847,-0.0235,-0.084563,0.174482,-0.0,-0.053415,0.0,0.0,0.0,-0.072468,-0.174482,0.0,-0.016053,0.0,0.0,0.0,-0.0,0.0,-0.0,0.0,0.0,0.0,0.0,0.0,-0.0,0.001953,-0.004944,0.0,0.000194,0.0,0.000064,0.0,-0.000064,0.0,-0.000194,0.0,0.0,0.0,0.010865,
0.0,4.514578,0.889759,-0.000066,0.0,1.570796,0.0,0.0,0.0,0.0,0.0,0.0,-0.13257,-0.024476,0.001038,0.249165,-0.042204,0.024049,-0.171798,0.026064,0.006714,0.300292,-0.03675,-0.0235,-0.084783,0.174482,0.0,-0.053543,0.0,0.0,0.0,-0.072605,-0.174482,0.0,-0.016053,0.0,0.0,0.0,-0.0,0.0,-0.0,0.0,0.0,0.0,0.0,0.0,0.0,0.001953,-0.004944,0.0,0.000194,0.0,0.000064,0.0,-0.000064,0.0,-0.000194,0.0,0.0,0.0,0.010865,
0.0,4.514578,0.889759,-0.000066,0.0,1.570796,0.0,0.0,0.0,0.0,0.0,0.0,-0.13235,-0.024476,0.001038,0.248778,-0.042167,0.024049,-0.171687,0.026064,0.006714,0.30007,-0.036652,-0.0235,-0.085003,0.174482,0.0,-0.053671,0.0,0.0,0.0,-0.072743,-0.174482,0.0,-0.016053,0.0,0.0,0.0,0.0,0.0,0.0,-0.0,0.0,0.0,0.0,0.0,-0.0,0.001953,-0.004944,0.0,0.000194,0.0,0.000064,0.0,-0.000064,0.0,-0.000194,0.0,0.0,0.0,0.010865,
0.0,4.514578,0.889759,-0.000066,0.0,1.570796,0.0,0.0,0.0,0.0,0.0,0.0,-0.13213,-0.024476,0.001038,0.24839,-0.042131,0.024049,-0.171577,0.026064,0.006714,0.299848,-0.036554,-0.0235,-0.085223,0.174482,0.0,-0.053799,0.0,0.0,0.0,-0.07288,-0.174482,-0.0,-0.016053,-0.0,0.0,0.0,0.0,0.0,-0.0,0.0,-0.0,0.0,-0.0,0.0,-0.0,0.001953,-0.004944,0.0,0.000194,0.0,0.000064,0.0,-0.000064,0.0,-0.000194,0.0,0.0,0.0,0.010865,
0.0,4.514578,0.889759,-0.000066,0.0,1.570796,0.0,0.0,0.0,0.0,0.0,0.0,-0.131971,-0.024476,0.001038,0.248127,-0.042094,0.024049,-0.171454,0.026064,0.006714,0.299575,-0.036457,-0.0235,-0.085344,0.174482,-0.0,-0.053891,0.0,0.0,0.0,-0.073018,-0.174482,0.0,-0.016053,0.0,0.0,0.0,0.0,0.0,-0.0,0.0,-0.0,0.0,0.0,0.0,0.0,0.001953,-0.004944,0.0,0.000194,0.0,0.000064,0.0,-0.000064,0.0,-0.000194,0.0,0.0,0.0,0.010865,
0.0,4.514578,0.889759,-0.000066,0.0,1.570796,0.0,0.0,0.0,0.0,0.0,0.0,-0.131843,-0.024476,0.001038,0.247924,-0.042057,0.024049,-0.171326,0.026064,0.006714,0.299279,-0.036359,-0.0235,-0.085417,0.174482,0.0,-0.053964,0.0,0.0,0.0,-0.073155,-0.174482,0.0,-0.016053,0.0,0.0,0.0,0.0,0.0,-0.0,0.0,-0.0,0.0,0.0,0.0,-0.0,0.001953,-0.004944,0.0,0.000194,0.0,0.000064,0.0,-0.000064,0.0,-0.000194,0.0,0.0,0.0,0.010865,
0.0,4.514578,0.889759,-0.000066,0.0,1.570796,0.0,0.0,0.0,0.0,0.0,0.0,-0.131714,-0.024476,0.001038,0.247721,-0.042021,0.024049,-0.171197,0.026064,0.006714,0.298983,-0.036261,-0.0235,-0.085491,0.174482,0.0,-0.054037,0.0,0.0,0.0,-0.073293,-0.174482,0.0,-0.016053,0.0,0.0,0.0,-0.0,0.0,-0.0,0.0,-0.0,0.0,0.0,0.0,0.0,0.001953,-0.004944,0.0,0.000194,-0.0,0.000064,0.0,-0.000064,0.0,-0.000194,0.0,0.0,0.0,0.010865,
-0.0,4.514578,0.889759,-0.000066,0.0,1.570796,-0.0,0.0,-0.000008,0.0,0.0,0.0,-0.131517,-0.024476,0.001038,0.247398,-0.041965,0.024049,-0.171056,0.026064,0.006714,0.29868,-0.036197,-0.0235,-0.085514,0.174482,-0.0,-0.054085,0.0,0.0,0.0,-0.073439,-0.174482,0.0,-0.016053,0.0,0.0,0.0,0.0,0.0,0.0,0.0,-0.0,0.0,-0.0,0.0,0.0,0.001953,-0.004944,0.0,0.000194,0.0,0.000064,0.0,-0.000064,0.0,-0.000194,0.0,0.0,0.0,0.010865,
-0.0,4.514578,0.889759,-0.000066,0.0,1.570796,0.0,0.0,0.0,0.0,0.0,0.0,-0.131187,-0.024476,0.001038,0.246845,-0.041874,0.024049,-0.17089,0.026064,0.006714,0.298365,-0.036197,-0.0235,-0.085441,0.174482,0.0,-0.054085,0.0,0.0,0.0,-0.073604,-0.174482,-0.0,-0.016053,0.0,0.0,0.0,0.0,0.0,-0.0,0.0,0.0,0.0,0.0,0.0,-0.0,0.001953,-0.004944,0.0,0.000194,0.0,0.000064,0.0,-0.000064,0.0,-0.000194,0.0,0.0,0.0,0.010865,
-0.0,4.514578,0.889759,-0.000066,0.0,1.570796,0.0,0.0,0.0,0.0,0.0,0.0,-0.130856,-0.024476,0.001038,0.246291,-0.041782,0.024049,-0.170725,0.026064,0.006714,0.298051,-0.036197,-0.0235,-0.085367,0.174482,0.0,-0.054085,0.0,0.0,0.0,-0.073769,-0.174482,-0.0,-0.016053,0.0,0.0,0.0,-0.0,0.0,0.0,0.0,0.0,0.0,-0.0,0.0,-0.0,0.001953,-0.004944,0.0,0.000194,-0.0,0.000064,0.0,-0.000064,0.0,-0.000194,0.0,0.0,0.0,0.010865,
0.0,4.514578,0.889759,-0.000066,0.0,1.570796,0.0,0.0,-0.000008,0.0,0.0,0.0,-0.130527,-0.024476,0.001038,0.24574,-0.041691,0.024049,-0.170561,0.026064,0.006714,0.297739,-0.036198,-0.0235,-0.085293,0.174482,0.0,-0.054084,-0.0,0.0,0.0,-0.073934,-0.174482,0.0,-0.016053,0.0,0.0,0.0,0.0,0.0,-0.0,0.0,0.0,0.0,-0.0,0.0,0.0,0.001953,-0.004944,0.0,0.000194,-0.0,0.000064,0.0,-0.000064,0.0,-0.000194,0.0,0.0,0.0,0.010865,
0.0,4.514578,0.889751,-0.000066,0.0,1.570796,0.0,0.0,-0.000786,0.0,0.0,0.0,-0.130325,-0.024476,0.001038,0.245408,-0.041664,0.024049,-0.170561,0.026064,0.006714,0.297813,-0.036308,-0.0235,-0.085128,0.174482,0.0,-0.053962,0.0,0.0,0.0,-0.074136,-0.174482,0.0,-0.016053,0.0,0.0,0.0,0.0,0.0,0.0,0.0,0.0,0.0,0.0,0.0,0.0,0.001953,-0.004944,0.0,0.000194,0.0,0.000064,0.0,-0.000064,0.0,-0.000194,0.0,0.0,0.0,0.010865,
-0.0,4.514578,0.889743,-0.000066,0.0,1.570796,-0.0,0.0,-0.000786,0.0,0.0,0.0,-0.130123,-0.024476,0.001038,0.245075,-0.041636,0.024049,-0.170561,0.026064,0.006714,0.297887,-0.036418,-0.0235,-0.084963,0.174482,0.0,-0.05384,0.0,0.0,0.0,-0.074338,-0.174482,0.0,-0.016053,-0.0,0.0,0.0,0.0,0.0,-0.0,0.0,-0.0,0.0,-0.0,0.0,-0.0,0.001953,-0.004944,0.0,0.000194,0.0,0.000064,0.0,-0.000064,0.0,-0.000194,0.0,0.0,0.0,0.010865,
0.0,4.514578,0.889735,-0.000066,0.0,1.570796,0.0,0.0,-0.000786,0.0,0.0,0.0,-0.129921,-0.024476,0.001038,0.244743,-0.041609,0.024049,-0.170561,0.026064,0.006714,0.297961,-0.036528,-0.0235,-0.084798,0.174482,0.0,-0.053718,0.0,0.0,-0.0,-0.074539,-0.174482,0.0,-0.016053,0.0,0.0,0.0,-0.0,0.0,0.0,0.0,0.0,0.0,0.0,0.0,0.0,0.001953,-0.004944,0.0,0.000194,0.0,0.000064,0.0,-0.000064,0.0,-0.000194,0.0,0.0,0.0,0.010865,
-0.0,4.514578,0.889728,-0.000066,0.0,1.570796,-0.0,0.0,-0.000793,0.0,0.0,0.0,-0.129658,-0.024476,0.001038,0.244262,-0.041581,0.024049,-0.170338,0.026064,0.006714,0.297535,-0.036489,-0.0235,-0.084621,0.174482,0.0,-0.053596,0.0,0.0,0.0,-0.074605,-0.174482,0.0,-0.016115,0.0,0.0,0.0,0.0,0.0,-0.0,0.0,-0.0,0.0,-0.0,0.0,-0.0,0.001953,-0.004944,0.0,0.000194,0.0,0.000064,0.0,-0.000064,0.0,-0.000194,0.0,0.0,0.0,0.010914,
0.0,4.514578,0.88972,-0.000066,0.0,1.570796,0.0,0.0,-0.000786,0.0,0.0,0.0,-0.129364,-0.024476,0.001038,0.243708,-0.041554,0.024049,-0.170007,0.026064,0.006714,0.296869,-0.036379,-0.0235,-0.084438,0.174482,0.0,-0.053474,0.0,0.0,0.0,-0.074605,-0.174482,0.0,-0.016206,0.0,0.0,0.0,-0.0,0.0,0.0,0.0,0.0,0.0,0.0,0.0,0.0,0.001953,-0.004944,0.0,0.000194,0.0,0.000064,0.0,-0.000064,0.0,-0.000194,0.0,-0.0,0.0,0.010987,
0.0,4.514578,0.889712,-0.000066,0.0,1.570796,-0.0,0.0,-0.000786,0.0,0.0,0.0,-0.12907,-0.024476,0.001038,0.243155,-0.041526,0.024049,-0.169676,0.026064,0.006714,0.296202,-0.036269,-0.0235,-0.084254,0.174482,0.0,-0.053352,0.0,0.0,0.0,-0.074605,-0.174482,0.0,-0.016298,0.0,0.0,0.0,0.0,0.0,0.0,0.0,0.0,0.0,0.0,0.0,0.0,0.001953,-0.004944,0.0,0.000194,0.0,0.000064,0.0,-0.000064,0.0,-0.000194,0.0,0.0,0.0,0.011061,
0.0,4.514578,0.889706,-0.000066,0.0,1.570796,0.0,0.0,-0.00061,0.0,0.0,0.0,-0.128815,-0.024476,0.001038,0.24269,-0.041533,0.024049,-0.169427,0.026064,0.006714,0.295719,-0.036241,-0.0235,-0.084071,0.174482,0.0,-0.05323,0.0,-0.0,0.0,-0.074554,-0.174482,0.0,-0.016389,0.0,0.0,0.0,-0.0,-0.0,0.0,0.0,0.0,0.0,-0.0,0.0,0.0,0.001953,-0.004944,0.0,0.000194,0.0,0.000064,0.0,-0.000064,0.0,-0.000194,0.0,0.0,0.0,0.011109,
-0.0,4.514578,0.889703,-0.000066,0.0,1.570796,-0.0,0.0,-0.000259,0.0,0.0,0.0,-0.128631,-0.024476,0.001038,0.242395,-0.041606,0.024049,-0.169335,0.026064,0.006714,0.29559,-0.036369,-0.0235,-0.083888,0.174482,-0.0,-0.053107,0.0,-0.0,0.0,-0.074408,-0.174482,0.0,-0.016481,0.0,0.0,0.0,-0.0,-0.0,0.0,0.0,-0.0,0.0,-0.0,0.0,0.0,0.001953,-0.004944,0.0,0.000194,0.0,0.000064,0.0,-0.000064,0.0,-0.000194,0.0,0.0,0.0,0.011109,
0.0,4.514578,0.889701,-0.000066,0.0,1.570796,0.0,0.0,-0.000259,0.0,0.0,0.0,-0.128448,-0.024476,0.001038,0.2421,-0.04168,0.024049,-0.169243,0.026064,0.006714,0.29546,-0.036497,-0.0235,-0.083705,0.174482,0.0,-0.052985,0.0,0.0,0.0,-0.074261,-0.174482,0.0,-0.016573,0.0,0.0,0.0,0.0,0.0,0.0,-0.0,0.0,0.0,0.0,0.0,-0.0,0.001953,-0.004944,0.0,0.000194,0.0,0.000064,0.0,-0.000064,0.0,-0.000194,0.0,0.0,0.0,0.011109,
0.0,4.514578,0.889698,-0.000066,0.0,1.570796,0.0,0.0,-0.000252,0.0,0.0,0.0,-0.128262,-0.024476,0.001038,0.241801,-0.041751,0.024049,-0.169151,0.026064,0.006714,0.295329,-0.036624,-0.0235,-0.083523,0.174482,0.0,-0.052864,-0.0,0.0,0.0,-0.074114,-0.174482,0.0,-0.016664,0.0,0.0,0.0,0.0,0.0,0.0,-0.0,-0.0,0.0,0.0,0.0,0.0,0.001953,-0.004944,0.0,0.000194,0.0,0.000064,0.0,-0.000064,0.0,-0.000194,0.0,0.0,0.0,0.011111,
0.0,4.514578,0.889704,-0.000066,0.0,1.570796,0.0,-0.0,0.000626,0.0,0.0,0.0,-0.127877,-0.024476,0.001038,0.241081,-0.04154,0.024049,-0.169004,0.026064,0.006714,0.295051,-0.036624,-0.0235,-0.083523,0.174482,-0.0,-0.052864,0.0,0.0,0.0,-0.073876,-0.174482,0.0,-0.016762,0.0,0.0,0.0,0.0,0.0,0.0,0.0,0.0,0.0,0.0,0.0,-0.0,0.001953,-0.004944,0.0,0.000194,0.0,0.000064,0.0,-0.000064,0.0,-0.000194,0.0,0.0,0.0,0.011312,
0.0,4.514578,0.889711,-0.000066,0.0,1.570796,0.0,-0.0,0.000626,0.0,0.0,0.0,-0.127492,-0.024476,0.001038,0.240362,-0.041329,0.024049,-0.168857,0.026064,0.006714,0.294774,-0.036624,-0.0235,-0.083523,0.174482,0.0,-0.052864,0.0,0.0,0.0,-0.073637,-0.174482,0.0,-0.016859,0.0,0.0,0.0,-0.0,0.0,0.0,0.0,-0.0,0.0,0.0,0.0,0.0,0.001953,-0.004944,0.0,0.000194,0.0,0.000064,0.0,-0.000064,0.0,-0.000194,0.0,0.0,0.0,0.011513,
0.0,4.514578,0.889717,-0.000066,0.0,1.570796,-0.0,-0.0,0.000633,0.0,0.0,0.0,-0.127106,-0.024476,0.001038,0.239643,-0.041119,0.024049,-0.16871,0.026064,0.006714,0.294496,-0.036624,-0.0235,-0.083523,0.174482,0.0,-0.052864,0.0,0.0,0.0,-0.073399,-0.174482,-0.0,-0.016957,-0.0,0.0,0.0,0.0,0.0,-0.0,0.0,0.0,0.0,0.0,0.0,0.0,0.001953,-0.004944,0.0,0.000194,0.0,0.000064,0.0,-0.000064,0.0,-0.000194,0.0,0.0,0.0,0.011715,
0.0,4.514578,0.889723,-0.000066,0.0,1.570796,0.0,-0.0,0.000626,0.0,0.0,0.0,-0.126771,-0.024476,0.001038,0.238998,-0.040908,0.024049,-0.168451,0.026064,0.006714,0.294018,-0.036476,-0.0235,-0.083461,0.174482,0.0,-0.052864,-0.0,0.0,0.0,-0.073161,-0.174482,0.0,-0.017055,0.0,0.0,0.0,0.0,0.0,0.0,0.0,-0.0,0.0,0.0,0.0,0.0,0.001953,-0.004944,0.0,0.000194,0.0,0.000064,0.0,-0.000064,0.0,-0.000194,0.0,0.0,0.0,0.011854,
0.0,4.514578,0.889729,-0.000066,0.0,1.570796,0.0,-0.0,0.000626,0.0,0.0,0.0,-0.126459,-0.024476,0.001038,0.238389,-0.040697,0.024049,-0.168139,0.026064,0.006714,0.293445,-0.036256,-0.0235,-0.083369,0.174482,0.0,-0.052864,0.0,0.0,0.0,-0.072923,-0.174482,0.0,-0.017152,0.0,0.0,0.0,-0.0,0.0,-0.0,0.0,0.0,0.0,-0.0,0.0,-0.0,0.001953,-0.004944,0.0,0.000194,0.0,0.000064,0.0,-0.000064,0.0,-0.000194,0.0,-0.0,0.0,0.011964,
0.0,4.514578,0.889736,-0.000066,0.0,1.570796,-0.0,-0.0,0.000633,0.0,0.0,0.0,-0.126147,-0.024476,0.001038,0.237781,-0.040487,0.024049,-0.167826,0.026064,0.006714,0.292871,-0.036036,-0.0235,-0.083278,0.174482,0.0,-0.052864,-0.0,0.0,0.0,-0.072685,-0.174482,0.0,-0.01725,0.0,0.0,0.0,0.0,0.0,-0.0,0.0,0.0,0.0,0.0,0.0,-0.0,0.001953,-0.004944,0.0,0.000194,0.0,0.000064,0.0,-0.000064,0.0,-0.000194,0.0,0.0,0.0,0.012074,
0.0,4.514578,0.889743,-0.000066,0.0,1.570796,0.0,-0.0,0.000702,0.0,0.0,0.0,-0.125872,-0.024476,0.001038,0.237248,-0.040307,0.024049,-0.167552,0.026064,0.006714,0.29236,-0.035845,-0.0235,-0.083197,0.174482,0.0,-0.052864,-0.0,0.0,0.0,-0.072446,-0.174482,0.0,-0.017348,0.0,0.0,0.0,0.0,0.0,0.0,0.0,0.0,0.0,-0.0,0.0,-0.0,0.001953,-0.004944,0.0,0.000194,0.0,0.000064,0.0,-0.000064,0.0,-0.000194,0.0,0.0,0.0,0.012146,
0.0,4.514578,0.889751,-0.000066,0.0,1.570796,0.0,-0.0,0.000839,0.0,0.0,0.0,-0.125671,-0.024476,0.001038,0.236861,-0.040188,0.024049,-0.167349,0.026064,0.006714,0.291972,-0.035707,-0.0235,-0.083138,0.174482,0.0,-0.052864,-0.0,0.0,0.0,-0.072208,-0.174482,0.0,-0.017445,0.0,0.0,0.0,0.0,0.0,0.0,0.0,0.0,0.0,0.0,0.0,-0.0,0.001953,-0.004944,0.0,0.000194,0.0,0.000064,0.0,-0.000064,0.0,-0.000194,0.0,0.0,0.0,0.012146,
0.0,4.514578,0.88976,-0.000066,0.0,1.570796,0.0,-0.0,0.000847,0.0,0.0,0.0,-0.125469,-0.024476,0.001038,0.236474,-0.040069,0.024049,-0.167147,0.026064,0.006714,0.291583,-0.03557,-0.0235,-0.083078,0.174482,0.0,-0.052864,0.0,0.0,0.0,-0.07197,-0.174482,0.0,-0.017543,-0.0,0.0,0.0,0.0,0.0,-0.0,0.0,-0.0,0.0,0.0,0.0,-0.0,0.001953,-0.004944,0.0,0.000194,0.0,0.000064,0.0,-0.000064,0.0,-0.000194,0.0,0.0,0.0,0.012146,
0.0,4.514578,0.889768,-0.000066,0.0,1.570796,0.0,-0.0,0.000839,0.0,0.0,0.0,-0.125267,-0.024476,0.001038,0.236086,-0.03995,0.024049,-0.166945,0.026064,0.006714,0.291194,-0.035433,-0.0235,-0.083018,0.174482,-0.0,-0.052864,0.0,0.0,0.0,-0.071733,-0.174482,0.0,-0.017641,0.0,0.0,0.0,0.0,0.0,-0.0,0.0,0.0,0.0,0.0,0.0,0.0,0.001953,-0.004944,0.0,0.000194,0.0,0.000064,0.0,-0.000064,0.0,-0.000194,0.0,0.0,0.0,0.012146,
-0.0,4.514578,0.889776,-0.000066,0.0,1.570796,-0.0,-0.0,0.000839,0.0,0.0,0.0,-0.125065,-0.024476,0.001038,0.235699,-0.039831,0.024049,-0.166762,0.026064,0.006714,0.290824,-0.035295,-0.0235,-0.082959,0.174482,0.0,-0.052864,-0.0,0.0,0.0,-0.07166,-0.174482,0.0,-0.017769,0.0,0.0,0.0,0.0,0.0,0.0,0.0,0.0,0.0,0.0,0.0,0.0,0.001953,-0.004944,0.0,0.000194,0.0,0.000064,0.0,-0.000064,0.0,-0.000194,0.0,0.0,0.0,0.012146,
0.0,4.514578,0.889785,-0.000066,0.0,1.570796,0.0,-0.0,0.000847,0.0,0.0,0.0,-0.124863,-0.024476,0.001038,0.235312,-0.039712,0.024049,-0.166578,0.026064,0.006714,0.290454,-0.035158,-0.0235,-0.082899,0.174482,-0.0,-0.052864,0.0,0.0,0.0,-0.071587,-0.174482,0.0,-0.017897,0.0,0.0,0.0,0.0,0.0,-0.0,0.0,0.0,0.0,0.0,0.0,0.0,0.001953,-0.004944,0.0,0.000194,-0.0,0.000064,0.0,-0.000064,0.0,-0.000194,0.0,0.0,0.0,0.012146,
-0.0,4.514578,0.889793,-0.000066,0.0,1.570796,-0.0,-0.0,0.000839,0.0,0.0,0.0,-0.124662,-0.024476,0.001038,0.234925,-0.039593,0.024049,-0.166394,0.026064,0.006714,0.290084,-0.035021,-0.0235,-0.08284,0.174482,0.0,-0.052864,0.0,0.0,0.0,-0.071513,-0.174482,0.0,-0.018026,0.0,0.0,0.0,0.0,0.0,0.0,0.0,0.0,0.0,0.0,0.0,0.0,0.001953,-0.004944,0.0,0.000194,0.0,0.000064,0.0,-0.000064,0.0,-0.000194,0.0,0.0,0.0,0.012146,
0.0,4.514578,0.889802,-0.000066,0.0,1.570796,0.0,-0.0,0.000847,0.0,0.0,0.0,-0.124646,-0.024476,0.001038,0.234899,-0.039666,0.024049,-0.166235,0.026064,0.006714,0.289764,-0.034976,-0.0235,-0.08278,0.174482,-0.0,-0.052827,0.0,0.0,0.0,-0.07149,-0.174482,0.0,-0.018166,0.0,0.0,0.0,0.0,0.0,0.0,0.0,-0.0,0.0,0.0,0.0,0.0,0.001953,-0.004944,0.0,0.000194,0.0,0.000064,0.0,-0.000064,0.0,-0.000194,0.0,0.0,0.0,0.01206,
0.0,4.514578,0.88981,-0.000066,0.0,1.570796,-0.0,-0.0,0.000839,0.0,0.0,0.0,-0.124719,-0.024476,0.001038,0.235046,-0.039831,0.024049,-0.166088,0.026064,0.006714,0.289468,-0.034976,-0.0235,-0.082721,0.174482,0.0,-0.052772,0.0,0.0,0.0,-0.07149,-0.174482,0.0,-0.018313,0.0,0.0,0.0,0.0,0.0,-0.0,0.0,-0.0,0.0,-0.0,0.0,-0.0,0.001953,-0.004944,0.0,0.000194,0.0,0.000064,0.0,-0.000064,0.0,-0.000194,0.0,0.0,0.0,0.011932,
0.0,4.514578,0.889818,-0.000066,0.0,1.570796,0.0,-0.0,0.000839,0.0,0.0,0.0,-0.124792,-0.024476,0.001038,0.235194,-0.039996,0.024049,-0.165941,0.026064,0.006714,0.289172,-0.034976,-0.0235,-0.082661,0.174482,0.0,-0.052717,-0.0,-0.0,0.0,-0.07149,-0.174482,0.0,-0.018459,0.0,0.0,0.0,0.0,-0.0,0.0,0.0,-0.0,0.0,-0.0,0.0,-0.0,0.001953,-0.004944,0.0,0.000194,0.0,0.000064,0.0,-0.000064,0.0,-0.000194,0.0,-0.0,0.0,0.011803,
0.0,4.514578,0.889825,-0.000066,0.0,1.570796,0.0,-0.0,0.000679,0.0,0.0,0.0,-0.12479,-0.024476,0.001038,0.235215,-0.040104,0.024049,-0.165731,0.026064,0.006714,0.288781,-0.034907,-0.0235,-0.082601,0.174482,0.0,-0.052681,0.0,0.0,0.0,-0.071534,-0.174482,0.0,-0.018606,0.0,0.0,0.0,-0.0,0.0,0.0,0.0,0.0,0.0,-0.0,0.0,-0.0,0.001953,-0.004944,0.0,0.000194,0.0,0.000064,0.0,-0.000064,0.0,-0.000194,0.0,0.0,0.0,0.011682,
0.0,4.514578,0.889829,-0.000066,0.0,1.570796,0.0,-0.0,0.000359,0.0,0.0,0.0,-0.124644,-0.024476,0.001038,0.234994,-0.040104,0.024049,-0.1654,0.026064,0.006714,0.288207,-0.034706,-0.0235,-0.082542,0.174482,0.0,-0.052681,0.0,0.0,0.0,-0.071662,-0.174482,0.0,-0.018752,0.0,0.0,0.0,-0.0,0.0,-0.0,0.0,-0.0,0.0,-0.0,0.0,-0.0,0.001953,-0.004944,0.0,0.000194,0.0,0.000064,0.0,-0.000064,0.0,-0.000194,0.0,0.0,0.0,0.011572,
0.0,4.514578,0.889832,-0.000066,0.0,1.570796,0.0,-0.0,0.000359,0.0,0.0,0.0,-0.124497,-0.024476,0.001038,0.234772,-0.040104,0.024049,-0.16507,0.026064,0.006714,0.287633,-0.034504,-0.0235,-0.082482,0.174482,-0.0,-0.052681,0.0,0.0,0.0,-0.07179,-0.174482,0.0,-0.018899,0.0,0.0,0.0,0.0,0.0,-0.0,0.0,-0.0,0.0,-0.0,0.0,-0.0,0.001953,-0.004944,0.0,0.000194,0.0,0.000064,0.0,-0.000064,0.0,-0.000194,0.0,0.0,0.0,0.011462,
0.0,4.514578,0.889836,-0.000066,0.0,1.570796,0.0,-0.0,0.000366,0.0,0.0,0.0,-0.12435,-0.024476,0.001038,0.23455,-0.040103,0.024049,-0.164738,0.026064,0.006714,0.287059,-0.034303,-0.0235,-0.082422,0.174482,0.0,-0.05268,0.0,0.0,0.0,-0.071917,-0.174482,0.0,-0.019045,-0.0,0.0,0.0,0.0,0.0,0.0,0.0,0.0,0.0,0.0,0.0,0.0,0.001953,-0.004944,0.0,0.000194,0.0,0.000064,0.0,-0.000064,0.0,-0.000194,0.0,0.0,0.0,0.011353,
0.0,4.514578,0.889852,-0.000066,0.0,1.570796,0.0,-0.0,0.001587,0.0,0.0,0.0,-0.124166,-0.024476,0.001038,0.234162,-0.039975,0.024049,-0.164353,0.026064,0.006714,0.286374,-0.034101,-0.0235,-0.082331,0.174482,0.0,-0.05257,0.0,0.0,0.0,-0.071917,-0.174482,0.0,-0.019118,-0.0,0.0,0.0,-0.0,0.0,-0.0,0.0,-0.0,0.0,0.0,0.0,0.0,0.001953,-0.004944,0.0,0.000194,0.0,0.000064,0.0,-0.000064,0.0,-0.000194,0.0,0.0,0.0,0.011353,
0.0,4.514578,0.889868,-0.000066,0.0,1.570796,0.0,-0.0,0.001595,0.0,0.0,0.0,-0.123983,-0.024476,0.001038,0.233775,-0.039846,0.024049,-0.163967,0.026064,0.006714,0.28569,-0.0339,-0.0235,-0.082239,0.174482,0.0,-0.05246,0.0,0.0,0.0,-0.071917,-0.174482,0.0,-0.019191,0.0,0.0,0.0,-0.0,0.0,0.0,0.0,0.0,0.0,-0.0,0.0,0.0,0.001953,-0.004944,0.0,0.000194,0.0,0.000064,0.0,-0.000064,0.0,-0.000194,0.0,0.0,0.0,0.011353,
0.0,4.514578,0.889884,-0.000066,0.0,1.570796,-0.0,-0.0,0.001587,0.0,0.0,0.0,-0.123799,-0.024476,0.001038,0.233388,-0.039718,0.024049,-0.163581,0.026064,0.006714,0.285005,-0.033698,-0.0235,-0.082148,0.174482,0.0,-0.05235,-0.0,0.0,0.0,-0.071917,-0.174482,0.0,-0.019264,0.0,0.0,0.0,0.0,0.0,0.0,0.0,0.0,0.0,0.0,0.0,0.0,0.001953,-0.004944,0.0,0.000194,-0.0,0.000064,0.0,-0.000064,0.0,-0.000194,0.0,0.0,0.0,0.011353,
0.0,4.514578,0.8899,-0.000066,0.0,1.570796,0.0,-0.0,0.001595,0.0,0.0,0.0,-0.12374,-0.024476,0.001038,0.233263,-0.03959,0.024049,-0.163294,0.026064,0.006714,0.284521,-0.033633,-0.0235,-0.082118,0.174482,-0.0,-0.052315,0.0,0.0,0.0,-0.071868,-0.174482,0.0,-0.019387,0.0,0.0,0.0,0.0,0.0,-0.0,0.0,-0.0,0.0,-0.0,0.0,-0.0,0.001953,-0.004944,0.0,0.000194,0.0,0.000064,0.0,-0.000064,0.0,-0.000194,0.0,0.0,0.0,0.011501,
0.0,4.514578,0.889916,-0.000066,0.0,1.570796,-0.0,-0.0,0.001587,0.0,0.0,0.0,-0.12374,-0.024476,0.001038,0.233263,-0.039462,0.024049,-0.163056,0.026064,0.006714,0.284132,-0.033633,-0.0235,-0.082118,0.174482,-0.0,-0.052315,0.0,0.0,0.0,-0.071794,-0.174482,0.0,-0.019534,0.0,0.0,0.0,0.0,0.0,0.0,0.0,-0.0,0.0,0.0,0.0,0.0,0.001953,-0.004944,0.0,0.000194,0.0,0.000064,0.0,-0.000064,0.0,-0.000194,0.0,0.0,0.0,0.011721,
0.0,4.514578,0.889932,-0.000066,0.0,1.570796,0.0,-0.0,0.001595,0.0,0.0,0.0,-0.12374,-0.024476,0.001038,0.233263,-0.039334,0.024049,-0.162817,0.026064,0.006714,0.283744,-0.033633,-0.0235,-0.082118,0.174482,0.0,-0.052315,0.0,0.0,0.0,-0.071721,-0.174482,0.0,-0.01968,-0.0,0.0,0.0,0.0,0.0,-0.0,0.0,-0.0,0.0,-0.0,0.0,0.0,0.001953,-0.004944,0.0,0.000194,0.0,0.000064,0.0,-0.000064,0.0,-0.000194,0.0,0.0,0.0,0.011941,
0.0,4.514578,0.889947,-0.000066,0.0,1.570796,0.0,-0.0,0.001587,0.0,0.0,0.0,-0.123677,-0.024476,0.001038,0.233098,-0.039149,0.024049,-0.162521,0.026064,0.006714,0.283248,-0.033529,-0.0235,-0.082174,0.174482,0.0,-0.052315,0.0,0.0,0.0,-0.071673,-0.174482,0.0,-0.019839,0.0,0.0,0.0,0.0,0.0,-0.0,-0.0,0.0,-0.0,0.0,0.0,-0.0,0.001953,-0.004944,0.0,0.000194,0.0,0.000064,0.0,-0.000064,0.0,-0.000194,0.0,0.0,0.0,0.012154,
0.0,4.514578,0.889963,-0.000066,0.0,1.570796,0.0,-0.0,0.001595,0.0,0.0,0.0,-0.123494,-0.024476,0.001038,0.232619,-0.038856,0.024049,-0.162117,0.026064,0.006714,0.282545,-0.033227,-0.0235,-0.082339,0.174482,-0.0,-0.052315,-0.0,0.0,0.0,-0.071673,-0.174482,0.0,-0.020022,0.0,0.0,0.0,0.0,0.0,0.0,0.0,-0.0,0.0,-0.0,0.0,-0.0,0.001953,-0.004944,0.0,0.000194,0.0,0.000064,0.0,-0.000064,0.0,-0.000194,0.0,0.0,0.0,0.012356,
0.0,4.514578,0.889979,-0.000066,0.0,1.570796,0.0,-0.0,0.001587,0.0,0.0,0.0,-0.12331,-0.024476,0.001038,0.23214,-0.038563,0.024049,-0.161713,0.026064,0.006714,0.281842,-0.032925,-0.0235,-0.082504,0.174482,0.0,-0.052315,0.0,0.0,0.0,-0.071673,-0.174482,0.0,-0.020205,0.0,0.0,0.0,-0.0,0.0,0.0,0.0,-0.0,0.0,-0.0,0.0,-0.0,0.001953,-0.004944,0.0,0.000194,0.0,0.000064,0.0,-0.000064,0.0,-0.000194,0.0,0.0,0.0,0.012557,
0.0,4.514578,0.889995,-0.000066,0.0,1.570796,-0.0,-0.0,0.001602,0.0,0.0,0.0,-0.123124,-0.024476,0.001038,0.231657,-0.038269,0.024049,-0.161308,0.026064,0.006714,0.281138,-0.032623,-0.0235,-0.082668,0.174482,0.0,-0.052315,-0.0,0.0,0.0,-0.071672,-0.174482,0.0,-0.020388,0.0,0.0,0.0,0.0,0.0,0.0,0.0,-0.0,0.0,0.0,0.0,0.0,0.001953,-0.004944,0.0,0.000194,0.0,0.000064,0.0,-0.000064,0.0,-0.000194,0.0,0.0,0.0,0.012758,
0.0,4.514578,0.890016,-0.000066,0.0,1.570796,0.0,-0.0,0.002037,0.0,0.0,0.0,-0.122702,-0.024476,0.001038,0.230828,-0.037884,0.024049,-0.160867,0.026064,0.006714,0.280306,-0.032321,-0.0235,-0.082668,0.174482,-0.0,-0.052315,-0.0,0.0,0.0,-0.071617,-0.174482,0.0,-0.020572,0.0,0.0,0.0,0.0,0.0,0.0,0.0,-0.0,0.0,-0.0,0.0,-0.0,0.001953,-0.004944,0.0,0.000194,0.0,0.000064,0.0,-0.000064,0.0,-0.000194,0.0,0.0,0.0,0.012905,
0.0,4.514578,0.890036,-0.000066,0.0,1.570796,0.0,-0.0,0.002045,0.0,0.0,0.0,-0.122281,-0.024476,0.001038,0.229998,-0.0375,0.024049,-0.160427,0.026064,0.006714,0.279474,-0.032019,-0.0235,-0.082668,0.174482,0.0,-0.052315,0.0,0.0,0.0,-0.071562,-0.174482,0.0,-0.020755,0.0,0.0,0.0,0.0,0.0,0.0,0.0,-0.0,0.0,0.0,0.0,0.0,0.001953,-0.004944,0.0,0.000194,0.0,0.000064,0.0,-0.000064,0.0,-0.000194,0.0,0.0,0.0,0.013051,
0.0,4.514578,0.890056,-0.000066,0.0,1.570796,0.0,-0.0,0.002045,0.0,0.0,0.0,-0.121859,-0.024476,0.001038,0.229169,-0.037115,0.024049,-0.159986,0.026064,0.006714,0.278642,-0.031716,-0.0235,-0.082668,0.174482,0.0,-0.052315,0.0,0.0,0.0,-0.071507,-0.174482,-0.0,-0.020938,-0.0,0.0,0.0,0.0,0.0,0.0,0.0,0.0,0.0,-0.0,0.0,0.0,0.001953,-0.004944,0.0,0.000194,0.0,0.000064,0.0,-0.000064,0.0,-0.000194,0.0,-0.0,0.0,0.013198,
0.0,4.514578,0.89007,-0.000066,0.0,1.570796,0.0,-0.0,0.001328,0.0,0.0,0.0,-0.121784,-0.024476,0.001038,0.228962,-0.036991,0.024049,-0.159893,0.026064,0.006714,0.278472,-0.031693,-0.0235,-0.082668,0.174482,0.0,-0.052315,0.0,0.0,0.0,-0.071527,-0.174482,0.0,-0.021133,0.0,0.0,0.0,0.0,0.0,0.0,0.0,0.0,0.0,-0.0,0.0,0.0,0.001953,-0.004944,0.0,0.000194,0.0,0.000064,0.0,-0.000064,0.0,-0.000194,0.0,0.0,0.0,0.013245,
0.0,4.514578,0.89008,-0.000066,0.0,1.570796,0.0,-0.0,0.000992,0.0,0.0,0.0,-0.121876,-0.024476,0.001038,0.229054,-0.036991,0.024049,-0.159966,0.026064,0.006714,0.27862,-0.031803,-0.0235,-0.082668,0.174482,0.0,-0.052315,0.0,0.0,0.0,-0.071582,-0.174482,0.0,-0.021335,-0.0,0.0,0.0,0.0,0.0,0.0,0.0,0.0,0.0,-0.0,0.0,0.0,0.001953,-0.004944,0.0,0.000194,0.0,0.000064,0.0,-0.000064,0.0,-0.000194,0.0,0.0,0.0,0.013245,
0.0,4.514578,0.89009,-0.000066,0.0,1.570796,0.0,-0.0,0.000984,0.0,0.0,0.0,-0.121967,-0.024476,0.001038,0.229147,-0.036991,0.024049,-0.16004,0.026064,0.006714,0.278768,-0.031913,-0.0235,-0.082668,0.174482,0.0,-0.052315,0.0,0.0,0.0,-0.071637,-0.174482,0.0,-0.021536,0.0,0.0,0.0,0.0,0.0,0.0,0.0,0.0,0.0,-0.0,0.0,0.0,0.001953,-0.004944,0.0,0.000194,0.0,0.000064,0.0,-0.000064,0.0,-0.000194,0.0,0.0,0.0,0.013245,
0.0,4.514578,0.890096,-0.000066,0.0,1.570796,0.0,-0.0,0.000679,0.0,0.0,0.0,-0.121965,-0.024476,0.001038,0.2291,-0.036991,0.024049,-0.160012,0.026064,0.006714,0.278732,-0.031947,-0.0235,-0.082668,0.174482,0.0,-0.052346,0.0,0.0,0.0,-0.071717,-0.174482,0.0,-0.02175,0.0,0.0,0.0,-0.0,0.0,-0.0,0.0,0.0,0.0,0.0,0.0,0.0,0.001953,-0.004944,0.0,0.000194,0.0,0.000064,0.0,-0.000064,0.0,-0.000194,0.0,0.0,0.0,0.013195,
0.0,4.514578,0.890097,-0.000066,0.0,1.570796,0.0,-0.0,0.000099,0.0,0.0,0.0,-0.121781,-0.024476,0.001038,0.228786,-0.036991,0.024049,-0.159792,0.026064,0.006714,0.278344,-0.031837,-0.0235,-0.082668,0.174482,0.0,-0.052438,0.0,0.0,0.0,-0.071845,-0.174482,0.0,-0.021988,0.0,0.0,0.0,0.0,0.0,0.0,0.0,-0.0,0.0,-0.0,0.0,-0.0,0.001953,-0.004944,0.0,0.000194,0.0,0.000064,0.0,-0.000064,0.0,-0.000194,0.0,0.0,0.0,0.013048,
0.0,4.514578,0.890098,-0.000066,0.0,1.570796,-0.0,-0.0,0.000099,0.0,0.0,0.0,-0.121598,-0.024476,0.001038,0.228473,-0.036991,0.024049,-0.159571,0.026064,0.006714,0.277956,-0.031727,-0.0235,-0.082668,0.174482,0.0,-0.052529,0.0,0.0,0.0,-0.071973,-0.174482,0.0,-0.022226,0.0,0.0,0.0,0.0,0.0,-0.0,0.0,-0.0,0.0,-0.0,0.0,-0.0,0.001953,-0.004944,-0.0,0.000194,0.0,0.000064,0.0,-0.000064,0.0,-0.000194,0.0,0.0,0.0,0.012902,
0.0,4.514578,0.890099,-0.000066,0.0,1.570796,0.0,-0.0,0.000099,0.0,0.0,0.0,-0.121412,-0.024476,0.001038,0.228156,-0.036989,0.024049,-0.159349,0.026064,0.006715,0.277564,-0.031617,-0.0235,-0.082668,0.174482,0.0,-0.05262,0.0,0.0,0.0,-0.072101,-0.174482,0.0,-0.022463,0.0,0.0,0.0,0.0,0.0,0.0,0.0,0.0,-0.0,0.0,0.0,0.0,0.001953,-0.004944,0.0,0.000194,0.0,0.000064,0.0,-0.000064,0.0,-0.000194,0.0,0.0,0.0,0.012755,
0.0,4.514578,0.8901,-0.000066,0.0,1.570796,-0.0,-0.0,0.000099,0.0,0.0,0.0,-0.121027,-0.024476,0.001038,0.227474,-0.036824,0.024049,-0.158964,0.026064,0.00677,0.276824,-0.031508,-0.0235,-0.082668,0.174482,-0.0,-0.05262,-0.0,0.0,0.0,-0.072193,-0.174482,0.0,-0.022592,0.0,0.0,0.0,0.0,0.0,-0.0,0.0,-0.0,-0.0,0.0,0.0,-0.0,0.001953,-0.004944,0.0,0.000194,0.0,0.000064,0.0,-0.000064,0.0,-0.000194,0.0,0.0,0.0,0.012609,
0.0,4.514578,0.890101,-0.000066,0.0,1.570796,0.0,-0.0,0.000099,0.0,0.0,0.0,-0.120642,-0.024476,0.001038,0.226792,-0.036659,0.024049,-0.158578,0.026064,0.006824,0.276085,-0.031398,-0.0235,-0.082668,0.174482,0.0,-0.05262,0.0,0.0,0.0,-0.072284,-0.174482,0.0,-0.02272,0.0,0.0,0.0,-0.0,0.0,-0.0,0.0,-0.0,-0.0,0.0,0.0,-0.0,0.001953,-0.004944,0.0,0.000194,0.0,0.000064,0.0,-0.000064,0.0,-0.000194,0.0,0.0,0.0,0.012462,
0.0,4.514578,0.890102,-0.000066,0.0,1.570796,-0.0,-0.0,0.000099,0.0,0.0,0.0,-0.120257,-0.024476,0.001038,0.22611,-0.036494,0.024049,-0.158192,0.026064,0.006879,0.275345,-0.031288,-0.0235,-0.082668,0.174482,0.0,-0.05262,-0.0,0.0,0.0,-0.072376,-0.174482,0.0,-0.022848,0.0,0.0,0.0,0.0,0.0,-0.0,0.0,0.0,0.0,0.0,0.0,0.0,0.001953,-0.004944,0.0,0.000194,0.0,0.000064,0.0,-0.000064,0.0,-0.000194,0.0,0.0,0.0,0.012316,
0.0,4.514578,0.890114,-0.000066,0.0,1.570796,0.0,-0.0,0.001129,0.0,0.0,0.0,-0.119673,-0.024476,0.001038,0.225042,-0.036156,0.024049,-0.157707,0.026064,0.006897,0.274418,-0.031017,-0.0235,-0.082668,0.174482,0.0,-0.05262,0.0,0.0,0.0,-0.072406,-0.174482,-0.0,-0.022976,0.0,0.0,0.0,0.0,0.0,0.0,0.0,0.0,0.0,-0.0,0.0,0.0,0.001953,-0.004944,0.0,0.000194,-0.0,0.000064,0.0,-0.000064,0.0,-0.000194,0.0,-0.0,0.0,0.012207,
0.0,4.514578,0.89013,-0.000066,0.0,1.570796,0.0,-0.0,0.001625,0.0,0.0,0.0,-0.118994,-0.024476,0.001038,0.223789,-0.035735,0.024049,-0.157174,0.026064,0.006897,0.273402,-0.030669,-0.0235,-0.082668,0.174482,-0.0,-0.05262,-0.0,0.0,0.0,-0.072406,-0.174482,0.0,-0.023104,0.0,0.0,0.0,0.0,0.0,0.0,0.0,0.0,0.0,0.0,0.0,0.0,0.001953,-0.004944,0.0,0.000194,0.0,0.000064,0.0,-0.000064,0.0,-0.000194,0.0,0.0,0.0,0.012115,
0.0,4.514578,0.890146,-0.000066,0.0,1.570796,0.0,-0.0,0.001617,0.0,0.0,0.0,-0.118315,-0.024476,0.001038,0.222536,-0.035314,0.024049,-0.156642,0.026064,0.006897,0.272385,-0.030321,-0.0235,-0.082668,0.174482,0.0,-0.05262,-0.0,0.0,0.0,-0.072406,-0.174482,0.0,-0.023232,0.0,0.0,0.0,0.0,0.0,0.0,0.0,0.0,0.0,-0.0,0.0,-0.0,0.001953,-0.004944,0.0,0.000194,0.0,0.000064,0.0,-0.000064,0.0,-0.000194,0.0,0.0,0.0,0.012023,
0.0,4.514578,0.890168,-0.000066,0.0,1.570796,-0.0,-0.0,0.002197,0.0,0.0,0.0,-0.117668,-0.024476,0.001012,0.221334,-0.034892,0.024049,-0.156153,0.026064,0.006897,0.271438,-0.029973,-0.0235,-0.082668,0.174482,0.0,-0.05262,0.0,0.0,0.0,-0.072406,-0.174482,0.0,-0.023373,0.0,0.0,0.0,0.0,0.0,0.0,0.0,-0.0,0.0,-0.0,0.0,0.0,0.001953,-0.004944,0.0,0.000194,0.0,0.000064,0.0,-0.000064,0.0,-0.000194,0.0,0.0,0.0,0.011963,
0.0,4.514578,0.890201,-0.000066,0.0,1.570796,0.0,-0.0,0.003288,0.0,0.0,0.0,-0.117081,-0.024476,0.000939,0.220228,-0.034471,0.024049,-0.155749,0.026064,0.006897,0.270625,-0.029625,-0.0235,-0.082668,0.174482,0.0,-0.05262,0.0,0.0,0.0,-0.072406,-0.174482,0.0,-0.023538,-0.0,0.0,0.0,0.0,0.0,0.0,0.0,-0.0,0.0,-0.0,0.0,0.0,0.001953,-0.004944,0.0,0.000194,-0.0,0.000064,0.0,-0.000064,0.0,-0.000194,0.0,0.0,0.0,0.011963,
-0.0,4.514578,0.890234,-0.000066,0.0,1.570796,-0.0,-0.0,0.003288,0.0,0.0,0.0,-0.116494,-0.024476,0.000866,0.219123,-0.03405,0.024049,-0.155345,0.026064,0.006897,0.269812,-0.029277,-0.0235,-0.082668,0.174482,0.0,-0.05262,0.0,-0.0,0.0,-0.072406,-0.174482,0.0,-0.023703,0.0,0.0,0.0,-0.0,-0.0,0.0,0.0,0.0,0.0,-0.0,0.0,0.0,0.001953,-0.004944,0.0,0.000194,0.0,0.000064,0.0,-0.000064,0.0,-0.000194,0.0,0.0,0.0,0.011963,
0.0,4.514578,0.890267,-0.000066,0.0,1.570796,0.0,-0.0,0.003288,0.0,0.0,0.0,-0.115909,-0.024476,0.000793,0.21802,-0.033629,0.024049,-0.154941,0.026064,0.006897,0.268999,-0.028929,-0.0235,-0.082668,0.174482,0.0,-0.05262,-0.0,0.0,0.0,-0.072406,-0.174482,-0.0,-0.023868,-0.0,0.0,0.0,-0.0,0.0,-0.0,0.0,0.0,0.0,-0.0,0.0,-0.0,0.001953,-0.004944,0.0,0.000194,0.0,0.000064,0.0,-0.000064,0.0,-0.000194,0.0,0.0,0.0,0.011962,
0.0,4.514578,0.890299,-0.000066,0.0,1.570796,-0.0,-0.0,0.003288,0.0,0.0,0.0,-0.11545,-0.024476,0.000793,0.217154,-0.033263,0.024049,-0.154574,0.026064,0.006897,0.268223,-0.028581,-0.0235,-0.082668,0.174482,0.0,-0.05262,-0.0,-0.0,0.0,-0.072406,-0.174482,0.0,-0.024069,0.0,0.0,0.0,0.0,-0.0,-0.0,0.0,0.0,0.0,-0.0,0.0,0.0,0.001953,-0.004944,0.0,0.000194,0.0,0.000064,0.0,-0.000064,0.0,-0.000194,0.0,0.0,0.0,0.011852,
-0.0,4.514578,0.890332,-0.000066,0.0,1.570796,-0.0,-0.0,0.003296,0.0,0.0,0.0,-0.114991,-0.024476,0.000793,0.216289,-0.032897,0.024049,-0.154207,0.026064,0.006897,0.267447,-0.028233,-0.0235,-0.082668,0.174482,0.0,-0.05262,0.0,0.0,0.0,-0.072406,-0.174482,0.0,-0.024271,0.0,0.0,0.0,0.0,0.0,0.0,-0.0,0.0,0.0,0.0,0.0,-0.0,0.001953,-0.004944,0.0,0.000194,0.0,0.000064,0.0,-0.000064,0.0,-0.000194,0.0,-0.0,0.0,0.011742,
0.0,4.514578,0.890365,-0.000066,0.0,1.570796,0.0,-0.0,0.003288,0.0,0.0,0.0,-0.114533,-0.024476,0.000793,0.215423,-0.032531,0.024049,-0.153839,0.026064,0.006897,0.266671,-0.027885,-0.0235,-0.082668,0.174482,0.0,-0.05262,0.0,0.0,0.0,-0.072406,-0.174482,0.0,-0.024472,-0.0,0.0,0.0,0.0,0.0,0.0,0.0,0.0,0.0,0.0,0.0,0.0,0.001953,-0.004944,0.0,0.000194,0.0,0.000064,0.0,-0.000064,0.0,-0.000194,0.0,0.0,0.0,0.011633,
0.0,4.514578,0.890398,-0.000066,0.0,1.570796,0.0,-0.0,0.003288,0.0,0.0,0.0,-0.114,-0.024476,0.000793,0.214433,-0.032053,0.024049,-0.153522,0.026064,0.006897,0.266008,-0.027506,-0.0235,-0.082668,0.174482,0.0,-0.05262,0.0,0.0,0.0,-0.072505,-0.174482,0.0,-0.024655,0.0,0.0,0.0,0.0,0.0,0.0,0.0,0.0,0.0,0.0,0.0,0.0,0.001953,-0.004944,0.0,0.000194,0.0,0.000064,0.0,-0.000064,0.0,-0.000194,0.0,0.0,0.0,0.011498,
0.0,4.514578,0.890431,-0.000066,0.0,1.570796,-0.0,-0.0,0.003288,0.0,0.0,0.0,-0.113431,-0.024476,0.000793,0.213383,-0.031522,0.024049,-0.153228,0.026064,0.006897,0.265398,-0.027113,-0.0235,-0.082668,0.174482,-0.0,-0.05262,-0.0,0.0,0.0,-0.072651,-0.174482,0.0,-0.024829,0.0,0.0,0.0,0.0,0.0,-0.0,0.0,-0.0,0.0,0.0,0.0,0.0,0.001953,-0.004944,0.0,0.000194,0.0,0.000064,0.0,-0.000064,0.0,-0.000194,0.0,0.0,0.0,0.011351,
0.0,4.514578,0.890464,-0.000066,0.0,1.570796,0.0,-0.0,0.003288,0.0,0.0,0.0,-0.112863,-0.024476,0.000793,0.212333,-0.030991,0.024049,-0.152934,0.026064,0.006897,0.264789,-0.026719,-0.0235,-0.082668,0.174482,0.0,-0.05262,-0.0,0.0,0.0,-0.072798,-0.174482,0.0,-0.025003,0.0,0.0,0.0,0.0,0.0,-0.0,0.0,0.0,0.0,0.0,0.0,0.0,0.001953,-0.004944,0.0,0.000194,0.0,0.000064,0.0,-0.000064,0.0,-0.000194,0.0,0.0,0.0,0.011205,
0.0,4.514578,0.890494,-0.000066,0.0,1.570796,0.0,-0.0,0.002998,0.0,0.0,0.0,-0.112219,-0.024476,0.000793,0.211144,-0.030459,0.024049,-0.152609,0.026064,0.006922,0.264109,-0.026325,-0.0235,-0.082668,0.174482,0.0,-0.05262,-0.0,0.0,0.0,-0.072964,-0.174482,0.0,-0.025177,-0.0,0.0,0.0,0.0,0.0,-0.0,0.0,0.0,-0.0,-0.0,0.0,0.0,0.001953,-0.004944,0.0,0.000194,0.0,0.000064,0.0,-0.000064,0.0,-0.000194,0.0,0.0,0.0,0.011014,
0.0,4.514578,0.890519,-0.000066,0.0,1.570796,0.0,-0.0,0.002457,0.0,0.0,0.0,-0.11143,-0.024476,0.000793,0.20969,-0.029928,0.024049,-0.152223,0.026064,0.006996,0.263296,-0.025931,-0.0235,-0.082668,0.174482,-0.0,-0.05262,0.0,0.0,0.0,-0.073165,-0.174482,0.0,-0.025351,0.0,0.0,0.0,0.0,0.0,-0.0,0.0,-0.0,0.0,-0.0,0.0,-0.0,0.001953,-0.004944,0.0,0.000194,0.0,0.000064,0.0,-0.000064,0.0,-0.000194,0.0,0.0,0.0,0.01074,
0.0,4.514578,0.890543,-0.000066,0.0,1.570796,0.0,-0.0,0.002449,0.0,0.0,0.0,-0.110641,-0.024476,0.000793,0.208235,-0.029397,0.024049,-0.151837,0.026064,0.007069,0.262484,-0.025538,-0.0235,-0.082668,0.174482,0.0,-0.05262,0.0,0.0,0.0,-0.073367,-0.174482,0.0,-0.025525,0.0,0.0,0.0,0.0,0.0,-0.0,0.0,-0.0,0.0,0.0,0.0,0.0,0.001953,-0.004944,0.0,0.000194,0.0,0.000064,0.0,-0.000064,0.0,-0.000194,0.0,0.0,0.0,0.010465,
0.0,4.514578,0.890567,-0.000066,0.0,1.570796,0.0,-0.0,0.002441,0.0,0.0,0.0,-0.109854,-0.024476,0.000793,0.206784,-0.028868,0.024049,-0.151453,0.026064,0.007141,0.261674,-0.025146,-0.0235,-0.082666,0.174482,-0.0,-0.05262,-0.0,0.0,0.0,-0.073569,-0.174482,0.0,-0.025699,0.0,0.0,0.0,0.0,0.0,-0.0,0.0,-0.0,0.0,-0.0,0.0,-0.0,0.001953,-0.004944,0.0,0.000194,0.0,0.000064,0.0,-0.000064,0.0,-0.000194,0.0,0.0,0.0,0.010189,
0.0,4.514578,0.890583,-0.000066,0.0,1.570796,0.0,-0.0,0.001526,0.0,0.0,0.0,-0.109231,-0.024476,0.000719,0.20568,-0.028557,0.024049,-0.151196,0.026064,0.007141,0.26112,-0.024944,-0.0235,-0.082464,0.174482,0.0,-0.05262,0.0,0.0,0.0,-0.073844,-0.174482,0.0,-0.025864,0.0,0.0,0.0,-0.0,0.0,0.0,0.0,0.0,0.0,0.0,0.0,0.0,0.001953,-0.004944,0.0,0.000194,0.0,0.000064,0.0,-0.000064,0.0,-0.000194,0.0,-0.0,0.0,0.009786,
0.0,4.514578,0.890598,-0.000066,0.0,1.570796,0.0,-0.0,0.001526,0.0,0.0,0.0,-0.108607,-0.024476,0.000646,0.204575,-0.028246,0.024049,-0.150939,0.026064,0.007141,0.260565,-0.024743,-0.0235,-0.082262,0.174482,0.0,-0.05262,0.0,0.0,0.0,-0.074119,-0.174482,-0.0,-0.026029,-0.0,0.0,0.0,0.0,0.0,-0.0,0.0,-0.0,0.0,0.0,0.0,-0.0,0.001953,-0.004944,0.0,0.000194,0.0,0.000064,0.0,-0.000064,0.0,-0.000194,0.0,0.0,0.0,0.009383,
0.0,4.514578,0.890613,-0.000066,0.0,1.570796,0.0,-0.0,0.001518,0.0,0.0,0.0,-0.107984,-0.024476,0.000573,0.203471,-0.027934,0.024049,-0.150682,0.026064,0.007141,0.260011,-0.024542,-0.0235,-0.082061,0.174482,0.0,-0.05262,-0.0,0.0,0.0,-0.074394,-0.174482,0.0,-0.026193,0.0,0.0,0.0,0.0,0.0,0.0,0.0,-0.0,0.0,-0.0,0.0,0.0,0.001953,-0.004944,0.0,0.000194,0.0,0.000064,0.0,-0.000064,0.0,-0.000194,0.0,0.0,0.0,0.008981,
0.0,4.514578,0.890624,-0.000066,0.0,1.570796,0.0,-0.0,0.00106,0.0,0.0,0.0,-0.107298,-0.024476,0.000549,0.202242,-0.027623,0.024049,-0.150599,0.026064,0.007141,0.259832,-0.024551,-0.0235,-0.081896,0.174482,-0.0,-0.052533,0.0,0.0,0.0,-0.074656,-0.174482,0.0,-0.026395,0.0,0.0,0.0,-0.0,0.0,-0.0,0.0,0.0,0.0,-0.0,0.0,-0.0,0.001953,-0.004944,0.0,0.000194,0.0,0.000064,0.0,-0.000064,0.0,-0.000194,0.0,0.0,0.0,0.008664,
0.0,4.514578,0.890632,-0.000066,0.0,1.570796,0.0,-0.0,0.000832,0.0,0.0,0.0,-0.106583,-0.024476,0.000549,0.200954,-0.027312,0.024049,-0.150599,0.026064,0.007141,0.259832,-0.024661,-0.0235,-0.08175,0.174482,0.0,-0.052405,-0.0,0.0,0.0,-0.074913,-0.174482,-0.0,-0.026615,0.0,0.0,0.0,0.0,0.0,-0.0,0.0,-0.0,0.0,0.0,0.0,-0.0,0.001953,-0.004944,0.0,0.000194,0.0,0.000064,0.0,-0.000064,0.0,-0.000194,0.0,0.0,0.0,0.00839,
0.0,4.514578,0.89064,-0.000066,0.0,1.570796,0.0,-0.0,0.000832,0.0,0.0,0.0,-0.105868,-0.024476,0.000549,0.199665,-0.027,0.024049,-0.150599,0.026064,0.007141,0.259832,-0.024771,-0.0235,-0.081603,0.174482,0.0,-0.052277,-0.0,0.0,0.0,-0.075169,-0.174482,0.0,-0.026835,0.0,0.0,0.0,0.0,0.0,-0.0,0.0,-0.0,0.0,-0.0,0.0,-0.0,0.001953,-0.004944,0.0,0.000194,0.0,0.000064,0.0,-0.000064,0.0,-0.000194,0.0,0.0,0.0,0.008115,
