Base_Latation_X,Base_Latation_Y,Base_Latation_Z,Base_Rotation_Pitch,Base_Rotation_Yaw,Base_Rotation_Roll,Base_Linear_velocity_Pitch,Base_Linear_velocity_Yaw,Base_Linear_velocity_Roll,Base_Angular_velocityy_Pitch,Base_Angular_velocityy_Yaw,Base_Angular_velocityy_Roll,left_leg_pelvic_pitch_joint,left_leg_pelvic_roll_joint,left_leg_pelvic_yaw_joint,left_leg_knee_pitch_joint,left_leg_ankle_pitch_joint,left_leg_ankle_roll_joint,right_leg_pelvic_pitch_joint,right_leg_pelvic_roll_joint,right_leg_pelvic_yaw_joint,right_leg_knee_pitch_joint,right_leg_ankle_pitch_joint,right_leg_ankle_roll_joint,left_shoulder_pitch_joint,left_shoulder_roll_joint,left_shoulder_yaw_joint,left_elbow_pitch_joint,left_wrist_yaw_joint,left_wrist_pitch_joint,left_wrist_roll_joint,right_shoulder_pitch_joint,right_shoulder_roll_joint,right_shoulder_yaw_joint,right_elbow_pitch_joint,right_wrist_yaw_joint,right_wrist_pitch_joint,right_wrist_roll_joint,left_thumb_metacarpal_joint,left_thumb_proximal_joint,left_index_proximal_joint,left_index_distal_joint,left_middle_proximal_joint,left_middle_distal_joint,left_ring_proximal_joint,left_ring_distal_joint,left_pinky_proximal_joint,left_pinky_distal_joint,right_thumb_metacarpal_joint,right_thumb_proximal_joint,right_index_proximal_joint,right_index_distal_joint,right_middle_proximal_joint,right_middle_distal_joint,right_ring_proximal_joint,right_ring_distal_joint,right_pinky_proximal_joint,right_pinky_distal_joint,head_yaw_joint,head_pitch_joint,waist_yaw_joint
0.0,-0.000059,0.884218,-0.000066,0.0,0.0,0.0,-0.005858,88.421753,157.072966,0.0,0.0,-0.075948,-0.024232,0.001282,0.147477,-0.053963,0.024293,-0.125942,0.025636,0.006165,0.244697,-0.067947,-0.024171,-0.107232,0.174482,0.0,-0.067764,0.0,0.0,0.0,-0.110717,-0.174482,0.0,-0.030947,0.0,0.0,0.0,0.0,0.0,-0.0,0.0,-0.0,-0.0,0.0,0.0,0.0,0.001953,-0.004883,0.0,0.000192,0.0,0.000064,0.0,-0.000064,0.0,-0.000192,0.0,0.0,0.0,0.006287,
0.0,-0.000059,0.884127,-0.000066,0.0,1.570796,0.0,0.000001,-0.009071,0.0,0.0,157.079596,-0.078056,-0.024232,0.001328,0.151573,-0.055942,0.024293,-0.127024,0.025636,0.006165,0.246819,-0.068973,-0.024171,-0.106957,0.174482,0.0,-0.067672,0.0,0.0,0.0,-0.110167,-0.174482,0.0,-0.030807,0.0,0.0,0.0,-0.0,0.0,-0.0,0.0,-0.0,0.0,-0.0,0.0,-0.0,0.001953,-0.004883,-0.0,0.000192,0.0,0.000064,0.0,-0.000064,0.0,-0.000192,0.0,0.0,0.0,0.006287,
0.0,-0.000059,0.884036,-0.000066,0.0,1.570796,0.0,0.000001,-0.009064,0.0,0.0,0.0,-0.080163,-0.024232,0.001373,0.155668,-0.05792,0.024293,-0.128107,0.025636,0.006165,0.248941,-0.069999,-0.024171,-0.106682,0.174482,0.0,-0.067581,0.0,-0.0,0.0,-0.109616,-0.174482,0.0,-0.030666,0.0,0.0,0.0,-0.0,-0.0,-0.0,0.0,-0.0,0.0,-0.0,0.0,0.0,0.001953,-0.004883,0.0,0.000192,0.0,0.000064,0.0,-0.000064,0.0,-0.000192,0.0,0.0,0.0,0.006287,
-0.0,-0.000059,0.883946,-0.000066,0.0,1.570796,-0.0,0.000001,-0.009071,0.0,0.0,0.0,-0.082271,-0.024232,0.001419,0.159764,-0.059899,0.024293,-0.129189,0.025636,0.006165,0.251063,-0.071025,-0.024171,-0.106407,0.174482,-0.0,-0.067489,0.0,0.0,0.0,-0.109066,-0.174482,0.0,-0.030526,0.0,0.0,0.0,0.0,0.0,-0.0,0.0,-0.0,0.0,-0.0,0.0,-0.0,0.001953,-0.004883,0.0,0.000192,0.0,0.000064,0.0,-0.000064,0.0,-0.000192,0.0,0.0,0.0,0.006287,
0.0,-0.000059,0.883871,-0.000066,0.0,1.570796,0.0,0.0,-0.007507,0.0,0.0,0.0,-0.082594,-0.024232,0.001465,0.160406,-0.060338,0.024293,-0.12955,0.025636,0.006165,0.251771,-0.071648,-0.024171,-0.106132,0.174482,-0.0,-0.067398,0.0,0.0,0.0,-0.108516,-0.174482,0.0,-0.030385,0.0,0.0,0.0,-0.0,0.0,0.0,0.0,0.0,0.0,-0.0,0.0,0.0,0.001953,-0.004883,0.0,0.000192,0.0,0.000064,0.0,-0.000064,0.0,-0.000192,0.0,-0.0,0.0,0.006238,
0.0,-0.000059,0.883803,-0.000066,0.0,1.570796,0.0,0.0,-0.006729,0.0,0.0,0.0,-0.082026,-0.024232,0.001511,0.159323,-0.060008,0.024293,-0.12955,0.025636,0.006165,0.251771,-0.07207,-0.024171,-0.105857,0.174482,0.0,-0.067306,0.0,0.0,0.0,-0.107966,-0.174482,0.0,-0.030245,0.0,0.0,0.0,0.0,0.0,0.0,0.0,0.0,0.0,-0.0,0.0,0.0,0.001953,-0.004883,0.0,0.000192,0.0,0.000064,-0.0,-0.000064,0.0,-0.000192,0.0,0.0,0.0,0.006165,
0.0,-0.000059,0.883736,-0.000066,0.0,1.570796,0.0,0.0,-0.006729,0.0,0.0,0.0,-0.081458,-0.024232,0.001556,0.158239,-0.059679,0.024293,-0.12955,0.025636,0.006165,0.251771,-0.072491,-0.024171,-0.105582,0.174482,-0.0,-0.067214,-0.0,-0.0,-0.0,-0.107416,-0.174482,0.0,-0.030105,0.0,0.0,0.0,0.0,-0.0,0.0,0.0,0.0,0.0,0.0,0.0,0.0,0.001953,-0.004883,0.0,0.000192,0.0,0.000064,0.0,-0.000064,0.0,-0.000192,0.0,-0.0,0.0,0.006092,
0.0,-0.000059,0.883677,-0.000066,0.0,1.570796,0.0,0.0,-0.005905,0.0,0.0,0.0,-0.080768,-0.024232,0.001587,0.156904,-0.059245,0.024293,-0.129501,0.025636,0.006165,0.251672,-0.072858,-0.024171,-0.105301,0.174482,0.0,-0.06712,0.0,0.0,0.0,-0.106878,-0.174482,0.0,-0.029964,0.0,0.0,0.0,0.0,0.0,-0.0,0.0,-0.0,0.0,-0.0,0.0,0.0,0.001953,-0.004883,0.0,0.000192,0.0,0.000064,0.0,-0.000064,0.0,-0.000192,0.0,0.0,0.0,0.006012,
0.0,-0.000059,0.883634,-0.000066,0.0,1.570796,0.0,0.0,-0.004265,0.0,0.0,0.0,-0.079833,-0.024232,0.001587,0.155067,-0.058604,0.024293,-0.129354,0.025636,0.006165,0.251377,-0.073114,-0.024171,-0.105008,0.174482,-0.0,-0.067019,0.0,0.0,-0.0,-0.106364,-0.174482,-0.0,-0.029824,0.0,0.0,0.0,-0.0,0.0,-0.0,0.0,-0.0,0.0,-0.0,-0.0,-0.0,0.001953,-0.004883,0.0,0.000192,0.0,0.000064,0.0,-0.000064,0.0,-0.000192,0.0,0.0,0.0,0.005921,
-0.0,-0.000059,0.883592,-0.000066,0.0,1.570796,-0.0,0.0,-0.004257,0.0,0.0,0.0,-0.078899,-0.024232,0.001587,0.153231,-0.057963,0.024293,-0.129208,0.025636,0.006165,0.251082,-0.073371,-0.024171,-0.104714,0.174482,0.0,-0.066918,0.0,0.0,0.0,-0.105851,-0.174482,0.0,-0.029683,0.0,0.0,0.0,-0.0,0.0,0.0,0.0,-0.0,0.0,-0.0,0.0,-0.0,0.001953,-0.004883,0.0,0.000192,0.0,0.000064,0.0,-0.000064,0.0,-0.000192,0.0,0.0,0.0,0.005829,
0.0,-0.000059,0.883549,-0.000066,0.0,1.570796,0.0,0.0,-0.004257,0.0,0.0,0.0,-0.077964,-0.024232,0.001587,0.151394,-0.057322,0.024293,-0.129061,0.025636,0.006165,0.250786,-0.073627,-0.024171,-0.104421,0.174482,0.0,-0.066817,0.0,0.0,0.0,-0.105338,-0.174482,0.0,-0.029543,0.0,0.0,0.0,0.0,0.0,-0.0,0.0,-0.0,0.0,-0.0,0.0,-0.0,0.001953,-0.004883,0.0,0.000192,0.0,0.000064,0.0,-0.000064,0.0,-0.000192,-0.0,0.0,0.0,0.005737,
0.0,-0.000059,0.883506,-0.000066,0.0,1.570796,0.0,0.0,-0.004265,0.0,0.0,0.0,-0.077964,-0.024232,0.001587,0.151394,-0.057615,0.024293,-0.129336,0.025636,0.006092,0.25134,-0.074305,-0.024171,-0.104164,0.174482,-0.0,-0.066717,0.0,0.0,0.0,-0.104971,-0.174482,0.0,-0.029415,-0.0,0.0,0.0,0.0,0.0,-0.0,0.0,-0.0,0.0,-0.0,0.0,-0.0,0.001953,-0.004883,0.0,0.000192,0.0,0.000064,0.0,-0.000064,0.0,-0.000192,0.0,0.0,0.0,0.005737,
0.0,-0.000059,0.883464,-0.000066,0.0,1.570796,0.0,0.0,-0.004257,0.0,0.0,0.0,-0.077964,-0.024232,0.001587,0.151394,-0.057908,0.024293,-0.129611,0.025636,0.006018,0.251894,-0.074983,-0.024171,-0.103907,0.174482,0.0,-0.066616,0.0,0.0,0.0,-0.104604,-0.174482,0.0,-0.029287,0.0,0.0,0.0,0.0,0.0,0.0,0.0,0.0,0.0,0.0,0.0,0.0,0.001953,-0.004883,0.0,0.000192,0.0,0.000064,0.0,-0.000064,0.0,-0.000192,0.0,0.0,0.0,0.005737,
0.0,-0.000059,0.883421,-0.000066,0.0,1.570796,0.0,0.0,-0.004265,0.0,0.0,0.0,-0.077964,-0.024232,0.001587,0.151394,-0.058201,0.024293,-0.129886,0.025636,0.005945,0.252448,-0.075661,-0.024171,-0.103651,0.174482,0.0,-0.066515,0.0,0.0,0.0,-0.104237,-0.174482,-0.0,-0.029158,0.0,0.0,0.0,-0.0,0.0,-0.0,0.0,0.0,0.0,-0.0,0.0,0.0,0.001953,-0.004883,0.0,0.000192,0.0,0.000064,0.0,-0.000064,0.0,-0.000192,0.0,0.0,0.0,0.005737,
0.0,-0.000059,0.883379,-0.000066,0.0,1.570796,0.0,0.0,-0.004257,0.0,0.0,0.0,-0.077866,-0.024232,0.001587,0.151211,-0.05836,0.024293,-0.129917,0.025636,0.005921,0.252497,-0.076095,-0.024171,-0.103382,0.174482,0.0,-0.066372,-0.0,0.0,0.0,-0.103907,-0.174482,0.0,-0.029006,0.0,0.0,0.0,0.0,0.0,0.0,0.0,-0.0,0.0,-0.0,0.0,0.0,0.001953,-0.004883,0.0,0.000192,0.0,0.000064,0.0,-0.000064,0.0,-0.000192,0.0,0.0,0.0,0.005737,
0.0,-0.000059,0.883336,-0.000066,0.0,1.570796,0.0,0.0,-0.004257,0.0,0.0,0.0,-0.07772,-0.024232,0.001587,0.150935,-0.058451,0.024293,-0.129825,0.025636,0.005921,0.252294,-0.076406,-0.024171,-0.103107,0.174482,0.0,-0.066207,-0.0,0.0,0.0,-0.103596,-0.174482,0.0,-0.028841,0.0,0.0,0.0,0.0,0.0,0.0,0.0,-0.0,0.0,0.0,0.0,0.0,0.001953,-0.004883,0.0,0.000192,0.0,0.000064,0.0,-0.000064,0.0,-0.000192,0.0,0.0,0.0,0.005737,
0.0,-0.000059,0.883293,-0.000066,0.0,1.570796,-0.0,0.0,-0.004265,0.0,0.0,0.0,-0.077573,-0.024232,0.001587,0.15066,-0.058543,0.024293,-0.129734,0.025636,0.005921,0.252091,-0.076718,-0.024171,-0.102832,0.174482,0.0,-0.066042,0.0,0.0,0.0,-0.103284,-0.174482,0.0,-0.028676,-0.0,0.0,0.0,-0.0,0.0,-0.0,0.0,-0.0,0.0,0.0,-0.0,0.0,0.001953,-0.004883,0.0,0.000192,0.0,0.000064,0.0,-0.000064,0.0,-0.000192,0.0,0.0,0.0,0.005737,
0.0,-0.000059,0.883253,-0.000066,0.0,1.570796,0.0,0.0,-0.004044,0.0,0.0,0.0,-0.077591,-0.024232,0.001587,0.150703,-0.058799,0.024293,-0.129734,0.025636,0.005921,0.252078,-0.077127,-0.024171,-0.102532,0.174482,0.0,-0.065859,0.0,0.0,0.0,-0.102972,-0.174482,0.0,-0.028505,0.0,0.0,0.0,-0.0,0.0,-0.0,0.0,0.0,0.0,-0.0,-0.0,-0.0,0.001953,-0.004883,0.0,0.000192,0.0,0.000064,0.0,-0.000064,0.0,-0.000192,0.0,0.0,0.0,0.005737,
0.0,-0.000059,0.883217,-0.000066,0.0,1.570796,0.0,0.0,-0.003609,0.0,0.0,0.0,-0.07794,-0.024232,0.001587,0.151382,-0.059386,0.024293,-0.129917,0.025636,0.005921,0.252448,-0.077732,-0.024171,-0.102184,0.174482,0.0,-0.065639,0.0,0.0,0.0,-0.102661,-0.174482,0.0,-0.028322,0.0,0.0,0.0,-0.0,0.0,-0.0,0.0,0.0,0.0,-0.0,0.0,-0.0,0.001953,-0.004883,0.0,0.000192,0.0,0.000064,0.0,-0.000064,0.0,-0.000192,0.0,0.0,0.0,0.005737,
0.0,-0.000059,0.883181,-0.000066,0.0,1.570796,0.0,0.0,-0.003616,0.0,0.0,0.0,-0.078288,-0.024232,0.001587,0.152062,-0.059972,0.024293,-0.130101,0.025636,0.005921,0.252817,-0.078337,-0.024171,-0.101835,0.174482,0.0,-0.065419,0.0,0.0,0.0,-0.102349,-0.174482,0.0,-0.028139,0.0,0.0,0.0,0.0,0.0,0.0,0.0,-0.0,0.0,-0.0,0.0,-0.0,0.001953,-0.004883,0.0,0.000192,0.0,0.000064,-0.0,-0.000064,0.0,-0.000192,0.0,0.0,0.0,0.005737,
0.0,-0.000059,0.883145,-0.000066,0.0,1.570796,0.0,0.0,-0.003609,0.0,0.0,0.0,-0.078636,-0.024232,0.001587,0.152741,-0.060558,0.024293,-0.130284,0.025636,0.005921,0.253186,-0.078941,-0.024171,-0.101487,0.174482,0.0,-0.065199,-0.0,0.0,0.0,-0.102037,-0.174482,0.0,-0.027956,0.0,0.0,0.0,0.0,0.0,0.0,0.0,0.0,0.0,0.0,0.0,0.0,0.001953,-0.004883,0.0,0.000192,0.0,0.000064,0.0,-0.000064,0.0,-0.000192,0.0,0.0,0.0,0.005737,
-0.0,-0.000059,0.883109,-0.000066,0.0,1.570796,-0.0,0.0,-0.003609,0.0,0.0,0.0,-0.078471,-0.024232,0.001587,0.15241,-0.06065,0.024293,-0.130284,0.025636,0.005921,0.253186,-0.079326,-0.024171,-0.101157,0.174482,0.0,-0.064979,0.0,0.0,0.0,-0.101689,-0.174482,0.0,-0.027828,0.0,0.0,0.0,0.0,0.0,0.0,0.0,0.0,0.0,0.0,0.0,0.0,0.001953,-0.004883,0.0,0.000192,0.0,0.000064,0.0,-0.000064,0.0,-0.000192,0.0,0.0,0.0,0.005737,
0.0,-0.000059,0.883072,-0.000066,0.0,1.570796,0.0,0.0,-0.003616,0.0,0.0,0.0,-0.078306,-0.024232,0.001587,0.15208,-0.060741,0.024293,-0.130284,0.025636,0.005921,0.253186,-0.079711,-0.024171,-0.100827,0.174482,0.0,-0.064759,0.0,0.0,0.0,-0.10134,-0.174482,0.0,-0.027699,0.0,0.0,0.0,-0.0,0.0,0.0,0.0,0.0,0.0,0.0,0.0,0.0,0.001953,-0.004883,0.0,0.000192,0.0,0.000064,0.0,-0.000064,0.0,-0.000192,0.0,0.0,0.0,0.005737,
0.0,-0.000059,0.883036,-0.000066,0.0,1.570796,0.0,0.0,-0.003609,0.0,0.0,0.0,-0.078141,-0.024232,0.001587,0.151749,-0.060833,0.024293,-0.130284,0.025636,0.005921,0.253186,-0.080096,-0.024171,-0.100497,0.174482,-0.0,-0.06454,0.0,0.0,0.0,-0.100992,-0.174482,0.0,-0.027571,0.0,0.0,0.0,0.0,0.0,-0.0,0.0,-0.0,0.0,-0.0,0.0,-0.0,0.001953,-0.004883,0.0,0.000192,0.0,0.000064,0.0,-0.000064,0.0,-0.000192,0.0,0.0,0.0,0.005737,
-0.0,-0.000059,0.883,-0.000066,0.0,1.570796,-0.0,0.0,-0.003616,0.0,0.0,0.0,-0.078465,-0.024232,0.001587,0.152386,-0.061315,0.024293,-0.130443,0.025636,0.005921,0.253494,-0.080603,-0.024171,-0.100179,0.174482,0.0,-0.064295,0.0,0.0,0.0,-0.100558,-0.174482,0.0,-0.027461,0.0,0.0,0.0,-0.0,0.0,0.0,0.0,0.0,0.0,-0.0,0.0,0.0,0.001953,-0.004883,0.0,0.000192,0.0,0.000064,0.0,-0.000064,0.0,-0.000192,0.0,0.0,0.0,0.005676,
0.0,-0.000059,0.882964,-0.000066,0.0,1.570796,0.0,0.0,-0.003609,0.0,0.0,0.0,-0.079033,-0.024232,0.001587,0.153506,-0.061993,0.024293,-0.130682,0.025636,0.005921,0.253955,-0.081171,-0.024171,-0.099868,0.174482,-0.0,-0.064039,0.0,0.0,0.0,-0.100081,-0.174482,0.0,-0.027361,0.0,0.0,0.0,0.0,0.0,0.0,0.0,0.0,0.0,-0.0,0.0,-0.0,0.001953,-0.004883,0.0,0.000192,0.0,0.000064,0.0,-0.000064,0.0,-0.000192,0.0,0.0,0.0,0.005585,
0.0,-0.000058,0.882928,-0.000066,0.0,1.570796,0.0,0.0,-0.003609,0.0,0.0,0.0,-0.079601,-0.024232,0.001587,0.154627,-0.062671,0.024293,-0.13092,0.025636,0.005921,0.254417,-0.081739,-0.024171,-0.099556,0.174482,0.0,-0.063782,0.0,0.0,0.0,-0.099605,-0.174482,-0.0,-0.02726,0.0,0.0,0.0,0.0,0.0,0.0,0.0,0.0,0.0,0.0,0.0,-0.0,0.001953,-0.004883,0.0,0.000192,0.0,0.000064,0.0,-0.000064,0.0,-0.000192,0.0,0.0,0.0,0.005493,
-0.0,-0.000058,0.88289,-0.000066,0.0,1.570796,-0.0,0.0,-0.003838,0.0,0.0,0.0,-0.080249,-0.024232,0.001587,0.155894,-0.06344,0.024293,-0.131079,0.025636,0.005896,0.254693,-0.082252,-0.024171,-0.099269,0.174482,0.0,-0.063544,-0.0,0.0,0.0,-0.099098,-0.174482,-0.0,-0.027159,-0.0,0.0,0.0,0.0,0.0,0.0,0.0,0.0,0.0,0.0,-0.0,0.0,0.001953,-0.004883,0.0,0.000192,0.0,0.000064,0.0,-0.000064,0.0,-0.000192,0.0,0.0,0.0,0.005432,
0.0,-0.000058,0.882847,-0.000066,0.0,1.570796,0.0,0.0,-0.004272,0.0,0.0,0.0,-0.081055,-0.024232,0.001587,0.157455,-0.064393,0.024293,-0.131079,0.025636,0.005823,0.254601,-0.082655,-0.024171,-0.09903,0.174482,0.0,-0.063343,0.0,0.0,0.0,-0.098529,-0.174482,0.0,-0.027059,0.0,0.0,0.0,-0.0,0.0,-0.0,0.0,-0.0,0.0,-0.0,0.0,0.0,0.001953,-0.004883,0.0,0.000192,0.0,0.000064,0.0,-0.000064,0.0,-0.000192,0.0,0.0,0.0,0.005432,
0.0,-0.000058,0.882804,-0.000066,0.0,1.570796,-0.0,0.0,-0.004272,0.0,0.0,0.0,-0.081861,-0.024232,0.001587,0.159016,-0.065346,0.024293,-0.131079,0.025636,0.00575,0.254509,-0.083059,-0.024171,-0.098792,0.174482,-0.0,-0.063141,0.0,0.0,0.0,-0.097961,-0.174482,0.0,-0.026958,0.0,0.0,0.0,-0.0,0.0,0.0,0.0,0.0,0.0,0.0,0.0,0.0,0.001953,-0.004883,0.0,0.000192,0.0,0.000064,0.0,-0.000064,0.0,-0.000192,0.0,0.0,0.0,0.005432,
0.0,-0.000058,0.882761,-0.000066,0.0,1.570796,0.0,0.0,-0.004272,0.0,0.0,0.0,-0.082668,-0.024232,0.001587,0.160578,-0.066298,0.024293,-0.131079,0.025636,0.005676,0.254416,-0.083462,-0.024171,-0.098554,0.174482,0.0,-0.06294,0.0,0.0,0.0,-0.097393,-0.174482,-0.0,-0.026857,0.0,0.0,0.0,0.0,0.0,0.0,0.0,0.0,0.0,-0.0,0.0,-0.0,0.001953,-0.004883,0.0,0.000192,0.0,0.000064,-0.0,-0.000064,0.0,-0.000192,0.0,0.0,0.0,0.005432,
0.0,-0.000058,0.882719,-0.000066,0.0,1.570796,0.0,0.0,-0.004265,0.0,0.0,0.0,-0.084061,-0.024232,0.001697,0.16326,-0.067782,0.024293,-0.130822,0.025636,0.005676,0.253992,-0.083755,-0.024171,-0.098664,0.174482,0.0,-0.06294,0.0,0.0,0.0,-0.096953,-0.174482,0.0,-0.026784,0.0,0.0,0.0,-0.0,0.0,-0.0,0.0,0.0,-0.0,0.0,0.0,0.0,0.001953,-0.004883,0.0,0.000192,-0.0,0.000064,0.0,-0.000064,0.0,-0.000192,0.0,0.0,0.0,0.005377,
0.0,-0.000058,0.882676,-0.000066,0.0,1.570796,0.0,0.0,-0.004272,0.0,0.0,0.0,-0.085453,-0.024232,0.001807,0.165943,-0.069267,0.024293,-0.130565,0.025636,0.005676,0.253567,-0.084048,-0.024171,-0.098774,0.174482,0.0,-0.06294,0.0,0.0,0.0,-0.096513,-0.174482,0.0,-0.026711,0.0,0.0,0.0,-0.0,0.0,-0.0,0.0,0.0,0.0,-0.0,0.0,-0.0,0.001953,-0.004883,0.0,0.000192,0.0,0.000064,0.0,-0.000064,0.0,-0.000192,0.0,0.0,0.0,0.005322,
0.0,-0.000058,0.882633,-0.000066,0.0,1.570796,0.0,0.0,-0.004272,0.0,0.0,0.0,-0.086846,-0.024232,0.001917,0.168625,-0.070751,0.024293,-0.130309,0.025636,0.005676,0.253143,-0.084342,-0.024171,-0.098884,0.174482,0.0,-0.06294,0.0,0.0,0.0,-0.096073,-0.174482,0.0,-0.026637,0.0,0.0,0.0,0.0,0.0,-0.0,0.0,0.0,0.0,0.0,0.0,0.0,0.001953,-0.004883,0.0,0.000192,0.0,0.000064,0.0,-0.000064,0.0,-0.000192,0.0,0.0,0.0,0.005268,
0.0,-0.000058,0.882601,-0.000066,0.0,1.570796,0.0,0.0,-0.003212,0.0,0.0,0.0,-0.088142,-0.024232,0.001953,0.171137,-0.072064,0.024293,-0.129942,0.025636,0.005676,0.252472,-0.084354,-0.024171,-0.099067,0.174482,0.0,-0.062988,0.0,0.0,0.0,-0.095523,-0.174482,0.0,-0.026466,0.0,0.0,0.0,0.0,0.0,0.0,0.0,0.0,0.0,0.0,0.0,-0.0,0.001953,-0.004883,0.0,0.000192,0.0,0.000064,0.0,-0.000064,0.0,-0.000192,0.0,0.0,0.0,0.005164,
-0.0,-0.000058,0.882574,-0.000066,0.0,1.570796,-0.0,0.0,-0.002678,0.0,0.0,0.0,-0.089388,-0.024232,0.001953,0.173563,-0.073291,0.024293,-0.12952,0.025636,0.005676,0.251679,-0.084225,-0.024171,-0.099287,0.174482,0.0,-0.063062,-0.0,0.0,0.0,-0.094918,-0.174482,0.0,-0.026247,0.0,0.0,0.0,0.0,0.0,0.0,0.0,-0.0,0.0,0.0,0.0,-0.0,0.001953,-0.004883,0.0,0.000192,0.0,0.000064,0.0,-0.000064,0.0,-0.000192,0.0,-0.0,0.0,0.005036,
-0.0,-0.000058,0.882548,-0.000066,0.0,1.570796,0.0,0.0,-0.00267,0.0,0.0,0.0,-0.090634,-0.024232,0.001953,0.175989,-0.074519,0.024293,-0.129097,0.025636,0.005676,0.250885,-0.084097,-0.024171,-0.099507,0.174482,0.0,-0.063135,0.0,0.0,0.0,-0.094313,-0.174482,0.0,-0.026027,0.0,0.0,0.0,0.0,0.0,0.0,0.0,0.0,0.0,0.0,0.0,0.0,0.001953,-0.004883,0.0,0.000192,0.0,0.000064,0.0,-0.000064,0.0,-0.000192,0.0,0.0,0.0,0.004907,
0.0,-0.000058,0.882528,-0.000066,0.0,1.570796,0.0,0.0,-0.001984,0.0,0.0,0.0,-0.092015,-0.024232,0.00199,0.178686,-0.075777,0.024293,-0.128743,0.025636,0.005676,0.250214,-0.084012,-0.024171,-0.099745,0.174482,0.0,-0.06322,-0.0,0.0,0.0,-0.093634,-0.174482,0.0,-0.025752,0.0,0.0,0.0,0.0,0.0,0.0,0.0,0.0,0.0,0.0,0.0,-0.0,0.001953,-0.004883,0.0,0.000192,0.0,0.000064,0.0,-0.000064,0.0,-0.000192,0.0,0.0,0.0,0.004749,
0.0,-0.000058,0.882522,-0.000066,0.0,1.570796,0.0,0.0,-0.000587,0.0,0.0,0.0,-0.093665,-0.024232,0.0021,0.181922,-0.077097,0.024293,-0.128523,0.025636,0.005676,0.24979,-0.084012,-0.024171,-0.10002,0.174482,-0.0,-0.06333,-0.0,0.0,-0.0,-0.09281,-0.174482,0.0,-0.025368,0.0,0.0,0.0,0.0,0.0,0.0,0.0,0.0,0.0,0.0,0.0,0.0,0.001953,-0.004883,0.0,0.000192,0.0,0.000064,0.0,-0.000064,0.0,-0.000192,0.0,-0.0,0.0,0.004529,
0.0,-0.000058,0.882516,-0.000066,0.0,1.570796,0.0,0.0,-0.000587,0.0,0.0,0.0,-0.095315,-0.024232,0.00221,0.185158,-0.078416,0.024293,-0.128302,0.025636,0.005676,0.249365,-0.084012,-0.024171,-0.100295,0.174482,-0.0,-0.06344,0.0,0.0,0.0,-0.091985,-0.174482,0.0,-0.024983,0.0,0.0,0.0,0.0,0.0,-0.0,0.0,-0.0,0.0,0.0,0.0,0.0,0.001953,-0.004883,0.0,0.000192,0.0,0.000064,0.0,-0.000064,0.0,-0.000192,0.0,0.0,0.0,0.004309,
0.0,-0.000058,0.88251,-0.000066,0.0,1.570796,0.0,0.0,-0.000587,0.0,0.0,0.0,-0.096965,-0.024232,0.002319,0.188395,-0.079736,0.024293,-0.128082,0.025636,0.005676,0.248941,-0.084012,-0.024171,-0.10057,0.174482,-0.0,-0.06355,0.0,0.0,0.0,-0.09116,-0.174482,0.0,-0.024599,0.0,0.0,0.0,0.0,0.0,-0.0,0.0,-0.0,0.0,-0.0,0.0,0.0,0.001953,-0.004883,0.0,0.000192,0.0,0.000064,0.0,-0.000064,0.0,-0.000192,0.0,-0.0,0.0,0.004089,
0.0,-0.000058,0.882504,-0.000066,0.0,1.570796,0.0,0.0,-0.000595,0.0,0.0,0.0,-0.098982,-0.024232,0.002319,0.192295,-0.081055,0.024293,-0.128229,0.025636,0.005676,0.249181,-0.084103,-0.024171,-0.100772,0.174482,0.0,-0.063678,0.0,0.0,0.0,-0.090262,-0.174482,0.0,-0.024196,0.0,0.0,0.0,-0.0,0.0,0.0,0.0,0.0,0.0,0.0,0.0,0.0,0.001953,-0.004883,0.0,0.000192,0.0,0.000064,0.0,-0.000064,0.0,-0.000192,0.0,-0.0,0.0,0.003778,
0.0,-0.000058,0.882498,-0.000066,0.0,1.570796,0.0,0.0,-0.000587,0.0,0.0,0.0,-0.100998,-0.024232,0.002319,0.196195,-0.082375,0.024293,-0.128376,0.025636,0.005676,0.249421,-0.084195,-0.024171,-0.100974,0.174482,0.0,-0.063807,0.0,-0.0,0.0,-0.089364,-0.174482,0.0,-0.023793,-0.0,0.0,0.0,0.0,-0.0,0.0,0.0,0.0,0.0,0.0,0.0,0.0,0.001953,-0.004883,0.0,0.000192,0.0,0.000064,0.0,-0.000064,0.0,-0.000192,0.0,0.0,0.0,0.003467,
-0.0,-0.000058,0.882493,-0.000066,0.0,1.570796,-0.0,0.0,-0.000587,0.0,0.0,0.0,-0.103015,-0.024232,0.002319,0.200096,-0.083694,0.024293,-0.128523,0.025636,0.005676,0.249661,-0.084287,-0.024171,-0.101175,0.174482,0.0,-0.063935,-0.0,0.0,0.0,-0.088465,-0.174482,0.0,-0.02339,0.0,0.0,0.0,0.0,0.0,-0.0,0.0,-0.0,0.0,-0.0,0.0,-0.0,0.001953,-0.004883,0.0,0.000192,0.0,0.000064,0.0,-0.000064,0.0,-0.000192,0.0,0.0,0.0,0.003156,
0.0,-0.000058,0.882506,-0.000066,0.0,1.570796,0.0,-0.0,0.001343,0.0,0.0,0.0,-0.104824,-0.024232,0.002368,0.203618,-0.08447,0.024293,-0.128767,0.025636,0.005676,0.250134,-0.083987,-0.024171,-0.101438,0.174482,0.0,-0.064124,0.0,0.0,0.0,-0.087763,-0.174482,0.0,-0.023146,0.0,0.0,0.0,0.0,0.0,0.0,0.0,0.0,0.0,0.0,0.0,0.0,0.001953,-0.004883,0.0,0.000192,0.0,0.000064,0.0,-0.000064,0.0,-0.000192,0.0,0.0,0.0,0.002857,
0.0,-0.000058,0.882529,-0.000066,0.0,1.570796,0.0,-0.0,0.002312,0.0,0.0,0.0,-0.10653,-0.024232,0.002441,0.20695,-0.084974,0.024293,-0.129061,0.025636,0.005676,0.250725,-0.083492,-0.024171,-0.101732,0.174482,-0.0,-0.064344,0.0,0.0,0.0,-0.087158,-0.174482,0.0,-0.022981,0.0,0.0,0.0,-0.0,0.0,-0.0,0.0,0.0,0.0,0.0,-0.0,0.0,0.001953,-0.004883,0.0,0.000192,0.0,0.000064,0.0,-0.000064,0.0,-0.000192,0.0,0.0,0.0,0.002564,
0.0,-0.000058,0.882552,-0.000066,0.0,1.570796,0.0,-0.0,0.002319,0.0,0.0,0.0,-0.108235,-0.024232,0.002515,0.210282,-0.085478,0.024293,-0.129354,0.025636,0.005676,0.251315,-0.082998,-0.024171,-0.102025,0.174482,0.0,-0.064564,0.0,0.0,0.0,-0.086553,-0.174482,0.0,-0.022816,0.0,0.0,0.0,0.0,0.0,-0.0,0.0,0.0,-0.0,0.0,0.0,-0.0,0.001953,-0.004883,0.0,0.000192,0.0,0.000064,0.0,-0.000064,0.0,-0.000192,0.0,0.0,0.0,0.002271,
0.0,-0.000058,0.882583,-0.000066,0.0,1.570796,-0.0,-0.0,0.003067,0.0,0.0,0.0,-0.110118,-0.024232,0.002564,0.213946,-0.085982,0.024293,-0.129611,0.025636,0.005676,0.251832,-0.082332,-0.024171,-0.102312,0.174482,0.0,-0.064802,0.0,0.0,0.0,-0.08604,-0.174482,0.0,-0.022706,0.0,0.0,0.0,-0.0,0.0,-0.0,0.0,0.0,-0.0,0.0,-0.0,0.0,0.001953,-0.004883,0.0,0.000192,0.0,0.000064,0.0,-0.000064,0.0,-0.000192,0.0,0.0,0.0,0.001996,
0.0,-0.000058,0.882629,-0.000066,0.0,1.570796,0.0,-0.0,0.004562,0.0,0.0,0.0,-0.112355,-0.024232,0.002564,0.218275,-0.086486,0.024293,-0.129795,0.025636,0.005676,0.252201,-0.081324,-0.024171,-0.102587,0.174482,-0.0,-0.065077,-0.0,0.0,0.0,-0.08571,-0.174482,0.0,-0.022706,0.0,0.0,0.0,0.0,0.0,-0.0,0.0,0.0,0.0,0.0,0.0,0.0,0.001953,-0.004883,0.0,0.000192,0.0,0.000064,0.0,-0.000064,0.0,-0.000192,0.0,0.0,0.0,0.001758,
0.0,-0.000058,0.882674,-0.000066,0.0,1.570796,0.0,-0.0,0.00457,0.0,0.0,0.0,-0.114593,-0.024232,0.002564,0.222605,-0.08699,0.024293,-0.129978,0.025636,0.005676,0.252571,-0.080316,-0.024171,-0.102862,0.174482,-0.0,-0.065352,0.0,0.0,0.0,-0.08538,-0.174482,0.0,-0.022706,0.0,0.0,0.0,-0.0,0.0,-0.0,0.0,0.0,0.0,-0.0,0.0,-0.0,0.001953,-0.004883,0.0,0.000192,0.0,0.000064,0.0,-0.000064,0.0,-0.000192,0.0,0.0,0.0,0.00152,
-0.0,-0.000058,0.88272,-0.000066,0.0,1.570796,-0.0,-0.0,0.00457,0.0,0.0,0.0,-0.11683,-0.024232,0.002564,0.226934,-0.087494,0.024293,-0.130162,0.025636,0.005676,0.25294,-0.079308,-0.024171,-0.103137,0.174482,0.0,-0.065627,-0.0,-0.0,-0.0,-0.08505,-0.174482,0.0,-0.022706,0.0,0.0,0.0,0.0,-0.0,-0.0,0.0,-0.0,0.0,0.0,0.0,0.0,0.001953,-0.004883,0.0,0.000192,0.0,0.000064,0.0,-0.000064,0.0,-0.000192,0.0,0.0,0.0,0.001282,
0.0,-0.000058,0.882755,-0.000066,0.0,1.570796,0.0,-0.0,0.00354,0.0,0.0,0.0,-0.119839,-0.024232,0.002564,0.232779,-0.088319,0.024293,-0.130657,0.025636,0.005676,0.253881,-0.07841,-0.024171,-0.102734,0.174482,0.0,-0.065498,0.0,0.0,0.0,-0.084482,-0.174482,0.0,-0.022358,0.0,0.0,0.0,0.0,0.0,0.0,-0.0,0.0,0.0,0.0,0.0,-0.0,0.001953,-0.004883,0.0,0.000192,-0.0,0.000064,0.0,-0.000064,0.0,-0.000192,0.0,0.0,0.0,0.001209,
0.0,-0.000058,0.882791,-0.000066,0.0,1.570796,0.0,-0.0,0.00354,0.0,0.0,0.0,-0.122847,-0.024232,0.002564,0.238625,-0.089144,0.024293,-0.131153,0.025636,0.005676,0.254823,-0.077512,-0.024171,-0.10233,0.174482,0.0,-0.06537,0.0,0.0,0.0,-0.083914,-0.174482,0.0,-0.02201,0.0,0.0,0.0,-0.0,0.0,0.0,-0.0,0.0,0.0,0.0,0.0,0.0,0.001953,-0.004883,0.0,0.000192,0.0,0.000064,0.0,-0.000064,0.0,-0.000192,0.0,-0.0,0.0,0.001135,
-0.0,-0.000058,0.882826,-0.000066,0.0,1.570796,-0.0,-0.0,0.003532,0.0,0.0,0.0,-0.125856,-0.024232,0.002564,0.24447,-0.089968,0.024293,-0.131648,0.025636,0.005676,0.255764,-0.076614,-0.024171,-0.101927,0.174482,0.0,-0.065242,0.0,0.0,0.0,-0.083346,-0.174482,0.0,-0.021662,0.0,0.0,0.0,0.0,0.0,0.0,0.0,0.0,0.0,0.0,0.0,0.0,0.001953,-0.004883,0.0,0.000192,0.0,0.000064,0.0,-0.000064,0.0,-0.000192,0.0,0.0,0.0,0.001062,
0.0,-0.000058,0.882825,-0.000066,0.0,1.570796,0.0,0.0,-0.000137,0.0,0.0,0.0,-0.129318,-0.024232,0.002649,0.25122,-0.091343,0.024293,-0.133245,0.025636,0.005676,0.258873,-0.076962,-0.024171,-0.101524,0.174482,0.0,-0.065077,-0.0,0.0,0.0,-0.083071,-0.174482,0.0,-0.021388,0.0,0.0,0.0,0.0,0.0,0.0,0.0,-0.0,0.0,0.0,0.0,-0.0,0.001953,-0.004883,0.0,0.000192,0.0,0.000064,0.0,-0.000064,0.0,-0.000192,0.0,0.0,0.0,0.001147,
0.0,-0.000058,0.882805,-0.000066,0.0,1.570796,0.0,0.0,-0.001976,0.0,0.0,0.0,-0.133007,-0.024232,0.002777,0.258421,-0.092993,0.024293,-0.135392,0.025636,0.005676,0.263066,-0.077933,-0.024171,-0.10112,0.174482,0.0,-0.064894,0.0,0.0,0.0,-0.082943,-0.174482,-0.0,-0.02115,0.0,0.0,0.0,0.0,0.0,-0.0,-0.0,0.0,0.0,0.0,0.0,0.0,0.001953,-0.004883,0.0,0.000192,0.0,0.000064,0.0,-0.000064,0.0,-0.000192,0.0,0.0,0.0,0.001312,
-0.0,-0.000058,0.882785,-0.000066,0.0,1.570796,-0.0,0.0,-0.001976,0.0,0.0,0.0,-0.136695,-0.024232,0.002905,0.265623,-0.094643,0.024293,-0.137539,0.025636,0.005676,0.267259,-0.078905,-0.024171,-0.100717,0.174482,0.0,-0.064711,0.0,0.0,0.0,-0.082814,-0.174482,0.0,-0.020912,0.0,0.0,0.0,0.0,0.0,0.0,0.0,-0.0,0.0,0.0,0.0,-0.0,0.001953,-0.004883,0.0,0.000192,-0.0,0.000064,0.0,-0.000064,0.0,-0.000192,0.0,0.0,0.0,0.001477,
0.0,-0.000058,0.882746,-0.000066,0.0,1.570796,0.0,0.0,-0.003944,0.0,0.0,0.0,-0.140348,-0.024232,0.002991,0.272748,-0.096354,0.024293,-0.139687,0.025636,0.005676,0.271453,-0.079943,-0.024171,-0.100381,0.174482,-0.0,-0.064533,0.0,0.0,0.0,-0.082826,-0.174482,-0.0,-0.020753,0.0,0.0,0.0,-0.0,0.0,0.0,0.0,0.0,0.0,0.0,0.0,0.0,0.001953,-0.004883,0.0,0.000192,0.0,0.000064,0.0,-0.000064,0.0,-0.000192,0.0,0.0,0.0,0.001691,
0.0,-0.000058,0.882667,-0.000066,0.0,1.570796,0.0,0.000001,-0.007874,0.0,0.0,0.0,-0.143928,-0.024232,0.002991,0.27972,-0.098187,0.024293,-0.141835,0.025636,0.005676,0.27565,-0.081116,-0.024171,-0.100179,0.174482,0.0,-0.064369,0.0,0.0,0.0,-0.08312,-0.174482,0.0,-0.020753,0.0,0.0,0.0,-0.0,0.0,0.0,0.0,0.0,0.0,-0.0,0.0,-0.0,0.001953,-0.004883,0.0,0.000192,0.0,0.000064,0.0,-0.000064,0.0,-0.000192,0.0,0.0,0.0,0.002002,
0.0,-0.000058,0.882588,-0.000066,0.0,1.570796,0.0,0.000001,-0.007866,0.0,0.0,0.0,-0.147508,-0.024232,0.002991,0.286693,-0.10002,0.024293,-0.143983,0.025636,0.005676,0.279847,-0.082289,-0.024171,-0.099978,0.174482,0.0,-0.064204,-0.0,-0.0,-0.0,-0.083413,-0.174482,0.0,-0.020753,0.0,0.0,0.0,0.0,-0.0,-0.0,0.0,0.0,0.0,0.0,0.0,0.0,0.001953,-0.004883,0.0,0.000192,0.0,0.000064,0.0,-0.000064,0.0,-0.000192,0.0,0.0,0.0,0.002313,
0.0,-0.000058,0.88251,-0.000066,0.0,1.570796,0.0,0.000001,-0.007874,0.0,0.0,0.0,-0.151088,-0.024232,0.002991,0.293665,-0.101854,0.024293,-0.14613,0.025636,0.005676,0.284044,-0.083462,-0.024171,-0.099776,0.174482,-0.0,-0.064039,0.0,0.0,0.0,-0.083706,-0.174482,0.0,-0.020753,0.0,0.0,0.0,0.0,0.0,0.0,0.0,-0.0,0.0,0.0,0.0,0.0,0.001953,-0.004883,0.0,0.000192,0.0,0.000064,0.0,-0.000064,0.0,-0.000192,0.0,0.0,0.0,0.002625,
-0.0,-0.000058,0.882431,-0.000066,0.0,1.570796,-0.0,0.000001,-0.007874,0.0,0.0,0.0,-0.154082,-0.024232,0.003082,0.2995,-0.103321,0.024293,-0.147526,0.025709,0.005622,0.286745,-0.084057,-0.024171,-0.099904,0.174482,-0.0,-0.063929,0.0,0.0,-0.0,-0.083908,-0.174482,0.0,-0.021083,0.0,0.0,0.0,-0.0,0.0,0.0,0.0,-0.0,-0.0,-0.0,0.0,-0.0,0.001953,-0.004883,0.0,0.000192,0.0,0.000064,0.0,-0.000064,0.0,-0.000192,0.0,-0.0,0.0,0.002698,
0.0,-0.000058,0.882352,-0.000066,0.0,1.570796,0.0,0.000001,-0.007866,0.0,0.0,0.0,-0.157076,-0.024232,0.003174,0.305336,-0.104787,0.024293,-0.148921,0.025783,0.005567,0.289446,-0.084653,-0.024171,-0.100033,0.174482,0.0,-0.063819,0.0,0.0,0.0,-0.084109,-0.174482,0.0,-0.021412,0.0,0.0,0.0,-0.0,0.0,-0.0,0.0,0.0,0.0,-0.0,0.0,-0.0,0.001953,-0.004883,0.0,0.000192,0.0,0.000064,0.0,-0.000064,0.0,-0.000192,0.0,0.0,0.0,0.002771,
-0.0,-0.000058,0.882274,-0.000066,0.0,1.570796,-0.0,0.000001,-0.007874,0.0,0.0,0.0,-0.16007,-0.024232,0.003265,0.311171,-0.106254,0.024293,-0.150317,0.025856,0.005512,0.292148,-0.085249,-0.024171,-0.100161,0.174482,-0.0,-0.063709,0.0,0.0,0.0,-0.084311,-0.174482,0.0,-0.021742,0.0,0.0,0.0,-0.0,0.0,-0.0,0.0,-0.0,0.0,-0.0,0.0,0.0,0.001953,-0.004883,0.0,0.000192,0.0,0.000064,0.0,-0.000064,0.0,-0.000192,0.0,-0.0,0.0,0.002844,
0.0,-0.000058,0.882192,-0.000066,0.0,1.570796,0.0,0.000001,-0.008156,0.0,0.0,0.0,-0.163003,-0.024232,0.003296,0.316888,-0.107575,0.024293,-0.151394,0.02588,0.005493,0.294246,-0.085844,-0.024171,-0.100619,0.174482,0.0,-0.063795,0.0,0.0,0.0,-0.084415,-0.174482,0.0,-0.022071,0.0,0.0,0.0,-0.0,0.0,-0.0,0.0,0.0,0.0,0.0,0.0,0.0,0.001953,-0.004883,0.0,0.000192,0.0,0.000064,0.0,-0.000064,0.0,-0.000192,0.0,0.0,0.0,0.002734,
0.0,-0.000058,0.882109,-0.000066,0.0,1.570796,-0.0,0.000001,-0.008293,0.0,0.0,0.0,-0.165906,-0.024232,0.003296,0.322546,-0.108822,0.024293,-0.152313,0.02588,0.005493,0.296042,-0.08644,-0.024171,-0.101243,0.174482,0.0,-0.063978,-0.0,-0.0,-0.0,-0.08447,-0.174482,-0.0,-0.022401,-0.0,0.0,0.0,0.0,-0.0,0.0,0.0,0.0,0.0,0.0,0.0,0.0,0.001953,-0.004883,0.0,0.000192,0.0,0.000064,0.0,-0.000064,0.0,-0.000192,0.0,0.0,0.0,0.002533,
-0.0,-0.000058,0.882026,-0.000066,0.0,1.570796,-0.0,0.000001,-0.008301,0.0,0.0,0.0,-0.168809,-0.024232,0.003296,0.328204,-0.110069,0.024293,-0.153231,0.02588,0.005493,0.297837,-0.087036,-0.024171,-0.101866,0.174482,-0.0,-0.064161,0.0,0.0,0.0,-0.084525,-0.174482,0.0,-0.022731,0.0,0.0,0.0,0.0,0.0,-0.0,0.0,0.0,0.0,-0.0,0.0,-0.0,0.001953,-0.004883,0.0,0.000192,0.0,0.000064,0.0,-0.000064,0.0,-0.000192,0.0,0.0,0.0,0.002332,
0.0,-0.000058,0.881943,-0.000066,0.0,1.570796,0.0,0.000001,-0.008293,0.0,0.0,0.0,-0.171584,-0.024232,0.003296,0.333605,-0.111261,0.024293,-0.154063,0.02588,0.005493,0.299467,-0.087531,-0.024171,-0.102642,0.174482,0.0,-0.064448,0.0,0.0,0.0,-0.084561,-0.174482,0.0,-0.023054,0.0,0.0,0.0,-0.0,0.0,0.0,0.0,0.0,0.0,0.0,0.0,0.0,0.001953,-0.004883,0.0,0.000192,0.0,0.000064,0.0,-0.000064,0.0,-0.000192,0.0,0.0,0.0,0.002069,
-0.0,-0.000058,0.88186,-0.000066,0.0,1.570796,-0.0,0.000001,-0.008293,0.0,0.0,0.0,-0.174102,-0.024232,0.003296,0.338492,-0.112343,0.024293,-0.154724,0.02588,0.005493,0.300763,-0.087824,-0.024171,-0.103724,0.174482,0.0,-0.064943,0.0,0.0,0.0,-0.084561,-0.174482,0.0,-0.023365,0.0,0.0,0.0,-0.0,0.0,-0.0,0.0,0.0,0.0,0.0,0.0,-0.0,0.001953,-0.004883,0.0,0.000192,0.0,0.000064,0.0,-0.000064,0.0,-0.000192,0.0,0.0,0.0,0.001685,
0.0,-0.000058,0.881777,-0.000066,0.0,1.570796,0.0,0.000001,-0.008301,0.0,0.0,0.0,-0.176621,-0.024232,0.003296,0.343378,-0.113425,0.024293,-0.155386,0.02588,0.005493,0.30206,-0.088117,-0.024171,-0.104806,0.174482,0.0,-0.065437,0.0,0.0,0.0,-0.084561,-0.174482,0.0,-0.023677,0.0,0.0,0.0,0.0,0.0,0.0,0.0,-0.0,0.0,0.0,0.0,0.0,0.001953,-0.004883,0.0,0.000192,0.0,0.000064,0.0,-0.000064,0.0,-0.000192,0.0,0.0,0.0,0.0013,
-0.0,-0.000058,0.881694,-0.000066,0.0,1.570796,-0.0,0.000001,-0.008293,0.0,0.0,0.0,-0.179139,-0.024232,0.003296,0.348264,-0.114507,0.024293,-0.156047,0.02588,0.005493,0.303356,-0.08841,-0.024171,-0.105888,0.174482,-0.0,-0.065932,-0.0,0.0,0.0,-0.084561,-0.174482,-0.0,-0.023988,0.0,0.0,0.0,0.0,0.0,-0.0,0.0,-0.0,0.0,-0.0,0.0,-0.0,0.001953,-0.004883,0.0,0.000192,0.0,0.000064,0.0,-0.000064,0.0,-0.000192,0.0,0.0,0.0,0.000916,
0.0,0.000084,0.881625,-0.000066,0.0,1.570796,0.0,0.014217,-0.006919,0.0,0.0,0.0,-0.181401,-0.024232,0.003388,0.352972,-0.115773,0.024312,-0.156616,0.02588,0.005493,0.304764,-0.088869,-0.024171,-0.106878,0.174482,0.0,-0.066482,0.0,0.0,0.0,-0.084561,-0.174482,0.0,-0.02408,0.0,0.0,0.0,0.0,0.0,-0.0,0.0,0.0,0.0,0.0,0.0,-0.0,0.001953,-0.004883,0.0,0.000192,0.0,0.000064,0.0,-0.000064,0.0,-0.000192,0.0,-0.0,0.0,0.000824,
0.0,0.000226,0.881556,-0.000066,0.0,1.570796,0.0,0.014218,-0.006927,0.0,0.0,0.0,-0.183662,-0.024232,0.003479,0.357679,-0.117038,0.02433,-0.157186,0.02588,0.005493,0.306172,-0.089327,-0.024171,-0.107868,0.174482,0.0,-0.067031,0.0,0.0,0.0,-0.084561,-0.174482,-0.0,-0.024171,0.0,0.0,0.0,0.0,0.0,0.0,0.0,0.0,0.0,0.0,0.0,-0.0,0.001953,-0.004883,0.0,0.000192,0.0,0.000064,0.0,-0.000064,0.0,-0.000192,0.0,0.0,0.0,0.000732,
0.0,0.000368,0.881487,-0.000066,0.0,1.570796,0.0,0.014218,-0.006919,0.0,0.0,0.0,-0.185924,-0.024232,0.003571,0.362386,-0.118304,0.024348,-0.157755,0.02588,0.005493,0.30758,-0.089785,-0.024171,-0.108858,0.174482,-0.0,-0.067581,-0.0,-0.0,0.0,-0.084561,-0.174482,0.0,-0.024263,0.0,0.0,0.0,0.0,-0.0,-0.0,0.0,-0.0,0.0,-0.0,0.0,-0.0,0.001953,-0.004883,0.0,0.000192,0.0,0.000064,0.0,-0.000064,0.0,-0.000192,0.0,0.0,0.0,0.000641,
0.0,0.000703,0.881388,-0.000066,0.0,1.570796,0.0,0.03345,-0.009817,0.0,0.0,0.0,-0.188321,-0.024232,0.003601,0.367806,-0.119728,0.024367,-0.158753,0.02588,0.005432,0.310274,-0.091111,-0.024171,-0.109677,0.174482,0.0,-0.068069,0.0,0.0,0.0,-0.084745,-0.174482,0.0,-0.024293,0.0,0.0,0.0,0.0,0.0,0.0,0.0,-0.0,0.0,-0.0,-0.0,0.0,0.001953,-0.004883,0.0,0.000192,-0.0,0.000064,0.0,-0.000064,0.0,-0.000192,0.0,0.0,0.0,0.00061,
0.0,0.001133,0.881276,-0.000066,0.0,1.570796,0.0,0.043067,-0.011251,0.0,0.0,0.0,-0.190786,-0.024232,0.003601,0.373583,-0.121233,0.024385,-0.159965,0.02588,0.005341,0.313611,-0.092871,-0.024171,-0.110411,0.174482,-0.0,-0.068527,0.0,0.0,-0.0,-0.08502,-0.174482,0.0,-0.024293,0.0,0.0,0.0,-0.0,0.0,0.0,0.0,0.0,0.0,-0.0,0.0,0.0,0.001953,-0.004883,0.0,0.000192,0.0,0.000064,0.0,-0.000064,0.0,-0.000192,0.0,0.0,0.0,0.00061,
0.0,0.001564,0.881163,-0.000066,0.0,1.570796,0.0,0.043068,-0.011251,0.0,0.0,0.0,-0.193251,-0.024232,0.003601,0.37936,-0.122737,0.024403,-0.161178,0.02588,0.005249,0.316948,-0.09463,-0.024171,-0.111145,0.174482,-0.0,-0.068986,-0.0,0.0,0.0,-0.085295,-0.174482,0.0,-0.024293,0.0,0.0,0.0,0.0,0.0,-0.0,0.0,-0.0,0.0,0.0,0.0,-0.0,0.001953,-0.004883,0.0,0.000192,0.0,0.000064,0.0,-0.000064,0.0,-0.000192,0.0,0.0,0.0,0.00061,
-0.0,0.002093,0.881034,-0.000066,0.0,1.570796,-0.0,0.05289,-0.012959,0.0,0.0,0.0,-0.195471,-0.024232,0.003626,0.384879,-0.12455,0.024422,-0.162317,0.02588,0.005158,0.320354,-0.096592,-0.024171,-0.111786,0.174482,-0.0,-0.069382,-0.0,0.0,0.0,-0.085692,-0.174482,-0.0,-0.024293,0.0,0.0,0.0,0.0,0.0,0.0,0.0,0.0,0.0,0.0,0.0,-0.0,0.001953,-0.004883,0.0,0.000192,0.0,0.000064,0.0,-0.000064,0.0,-0.000192,0.0,-0.0,0.0,0.000482,
0.0,0.002818,0.88087,-0.000066,0.0,1.570796,0.0,0.072539,-0.016368,0.0,0.0,0.0,-0.197201,-0.024232,0.003699,0.389882,-0.126982,0.02444,-0.163309,0.02588,0.005066,0.323898,-0.098957,-0.024171,-0.112245,0.174482,-0.0,-0.069657,0.0,0.0,0.0,-0.086333,-0.174482,0.0,-0.024293,0.0,0.0,0.0,0.0,0.0,-0.0,0.0,-0.0,0.0,0.0,0.0,-0.0,0.001953,-0.004883,0.0,0.000192,0.0,0.000064,0.0,-0.000064,0.0,-0.000192,0.0,0.0,0.0,0.000098,
0.0,0.003544,0.880706,-0.000066,0.0,1.570796,0.0,0.072539,-0.016368,0.0,0.0,0.0,-0.19893,-0.024232,0.003772,0.394885,-0.129413,0.024458,-0.164301,0.02588,0.004975,0.327442,-0.101322,-0.024171,-0.112703,0.174482,0.0,-0.069932,-0.0,0.0,-0.0,-0.086975,-0.174482,0.0,-0.024293,0.0,0.0,0.0,0.0,0.0,0.0,0.0,0.0,0.0,-0.0,0.0,0.0,0.001953,-0.004883,0.0,0.000192,0.0,0.000064,0.0,-0.000064,0.0,-0.000192,0.0,-0.0,0.0,-0.000287,
0.0,0.004269,0.880543,-0.000066,0.0,1.570796,0.0,0.07254,-0.016368,0.0,0.0,0.0,-0.20066,-0.024232,0.003845,0.399888,-0.131845,0.024476,-0.165293,0.02588,0.004883,0.330986,-0.103687,-0.024171,-0.113162,0.174482,0.0,-0.070207,0.0,0.0,0.0,-0.087616,-0.174482,0.0,-0.024293,0.0,0.0,0.0,0.0,0.0,-0.0,0.0,0.0,0.0,0.0,-0.0,0.0,0.001953,-0.004883,0.0,0.000192,0.0,0.000064,0.0,-0.000064,0.0,-0.000192,0.0,-0.0,0.0,-0.000671,
0.0,0.005295,0.880378,-0.000066,0.0,1.570796,0.0,0.102632,-0.016503,0.0,0.0,0.0,-0.201323,-0.024232,0.003845,0.403496,-0.134276,0.024476,-0.165293,0.02588,0.004883,0.333345,-0.105888,-0.024171,-0.113254,0.174482,0.0,-0.070299,0.0,0.0,0.0,-0.088441,-0.174482,0.0,-0.024293,0.0,0.0,0.0,0.0,0.0,0.0,0.0,-0.0,0.0,-0.0,0.0,0.0,0.001953,-0.004883,0.0,0.000192,0.0,0.000064,-0.0,-0.000064,0.0,-0.000192,0.0,0.0,0.0,-0.001166,
0.0,0.006322,0.880213,-0.000066,0.0,1.570796,0.0,0.102633,-0.016496,0.0,0.0,0.0,-0.201985,-0.024232,0.003845,0.407104,-0.136708,0.024476,-0.165293,0.02588,0.004883,0.335703,-0.108088,-0.024171,-0.113345,0.174482,0.0,-0.07039,0.0,0.0,0.0,-0.089266,-0.174482,0.0,-0.024293,0.0,0.0,0.0,-0.0,0.0,0.0,0.0,0.0,0.0,-0.0,0.0,-0.0,0.001953,-0.004883,0.0,0.000192,0.0,0.000064,0.0,-0.000064,0.0,-0.000192,0.0,0.0,0.0,-0.00166,
0.0,0.007348,0.880048,-0.000066,0.0,1.570796,0.0,0.102634,-0.016503,0.0,0.0,0.0,-0.202648,-0.024232,0.003845,0.410712,-0.139139,0.024476,-0.165293,0.02588,0.004883,0.338062,-0.110289,-0.024171,-0.113437,0.174482,-0.0,-0.070482,0.0,0.0,0.0,-0.090091,-0.174482,0.0,-0.024293,0.0,0.0,0.0,0.0,0.0,0.0,0.0,0.0,0.0,0.0,0.0,0.0,0.001953,-0.004883,0.0,0.000192,0.0,0.000064,0.0,-0.000064,0.0,-0.000192,0.0,-0.0,0.0,-0.002155,
0.0,0.008579,0.87986,-0.000066,0.0,1.570796,0.0,0.12311,-0.018768,0.0,0.0,0.0,-0.204292,-0.024281,0.003845,0.41671,-0.140721,0.024476,-0.165293,0.025917,0.004798,0.340769,-0.112783,-0.02419,-0.113517,0.174482,-0.0,-0.070512,0.0,0.0,0.0,-0.09094,-0.174482,0.0,-0.024525,0.0,0.0,0.0,0.0,0.0,0.0,0.0,0.0,0.0,-0.0,0.0,-0.0,0.001953,-0.004883,0.0,0.000192,0.0,0.000064,0.0,-0.000064,0.0,-0.000192,0.0,-0.0,0.0,-0.002503,
-0.0,0.009913,0.879661,-0.000066,0.0,1.570796,-0.0,0.13335,-0.019904,0.0,0.0,0.0,-0.206428,-0.024354,0.003845,0.423902,-0.141877,0.024476,-0.165293,0.025972,0.004669,0.343649,-0.115424,-0.024217,-0.11359,0.174482,0.0,-0.070512,0.0,0.0,0.0,-0.091801,-0.174482,0.0,-0.024873,0.0,0.0,0.0,0.0,0.0,-0.0,0.0,0.0,0.0,0.0,0.0,-0.0,0.001953,-0.004883,0.0,0.000192,0.0,0.000064,0.0,-0.000064,0.0,-0.000192,0.0,0.0,0.0,-0.002777,
0.0,0.011246,0.879462,-0.000066,0.0,1.570796,0.0,0.13335,-0.019912,0.0,0.0,0.0,-0.208563,-0.024428,0.003845,0.431095,-0.143034,0.024476,-0.165293,0.026027,0.004541,0.34653,-0.118065,-0.024244,-0.113663,0.174482,0.0,-0.070512,-0.0,0.0,0.0,-0.092663,-0.174482,0.0,-0.025221,0.0,0.0,0.0,0.0,0.0,-0.0,0.0,-0.0,0.0,-0.0,0.0,-0.0,0.001953,-0.004883,0.0,0.000192,0.0,0.000064,0.0,-0.000064,0.0,-0.000192,0.0,0.0,0.0,-0.003052,
0.0,0.012684,0.879244,-0.000066,0.0,1.570796,0.0,0.143796,-0.02175,0.0,0.0,0.0,-0.211423,-0.024476,0.003845,0.43995,-0.144368,0.024476,-0.165085,0.026064,0.004429,0.349293,-0.120799,-0.024272,-0.113737,0.174482,0.0,-0.070488,0.0,0.0,0.0,-0.093525,-0.174482,0.0,-0.025691,0.0,0.0,0.0,0.0,0.0,-0.0,0.0,-0.0,-0.0,-0.0,0.0,-0.0,0.001953,-0.004883,0.0,0.000192,0.0,0.000064,0.0,-0.000064,0.0,-0.000192,0.0,0.0,0.0,-0.003235,
0.0,0.014331,0.87899,-0.000066,0.0,1.570796,0.0,0.164689,-0.025448,0.0,0.0,0.0,-0.215733,-0.024476,0.003845,0.452131,-0.146057,0.024476,-0.16446,0.026064,0.004348,0.351823,-0.123716,-0.024299,-0.11381,0.174482,0.0,-0.070415,0.0,-0.0,0.0,-0.094386,-0.174482,0.0,-0.026405,0.0,0.0,0.0,0.0,-0.0,-0.0,0.0,-0.0,0.0,0.0,-0.0,0.0,0.001953,-0.004883,0.0,0.000192,0.0,0.000064,0.0,-0.000064,0.0,-0.000192,0.0,0.0,0.0,-0.003235,
0.0,0.015978,0.878735,-0.000066,0.0,1.570796,0.0,0.164688,-0.025456,0.0,0.0,0.0,-0.220044,-0.024476,0.003845,0.464313,-0.147746,0.024476,-0.163836,0.026064,0.004268,0.354353,-0.126633,-0.024327,-0.113883,0.174482,-0.0,-0.070341,0.0,0.0,0.0,-0.095248,-0.174482,0.0,-0.02712,0.0,0.0,0.0,-0.0,0.0,0.0,0.0,0.0,0.0,0.0,0.0,0.0,0.001953,-0.004883,0.0,0.000192,0.0,0.000064,0.0,-0.000064,0.0,-0.000192,0.0,0.0,0.0,-0.003235,
-0.0,0.017625,0.878481,-0.000066,0.0,1.570796,-0.0,0.16469,-0.025448,0.0,0.0,0.0,-0.224354,-0.024476,0.003845,0.476494,-0.149435,0.024476,-0.163211,0.026064,0.004187,0.356882,-0.12955,-0.024354,-0.113957,0.174482,-0.0,-0.070268,0.0,0.0,0.0,-0.096109,-0.174482,0.0,-0.027834,0.0,0.0,0.0,0.0,0.0,-0.0,0.0,-0.0,0.0,0.0,-0.0,0.0,0.001953,-0.004883,0.0,0.000192,0.0,0.000064,0.0,-0.000064,0.0,-0.000192,0.0,0.0,0.0,-0.003235,
0.0,0.019591,0.878093,-0.000066,0.0,1.570796,0.0,0.196649,-0.03879,0.0,0.0,0.0,-0.230936,-0.024623,0.003845,0.493892,-0.152576,0.024476,-0.162623,0.026064,0.004107,0.360158,-0.133367,-0.024382,-0.113682,0.174482,0.0,-0.07014,0.0,0.0,0.0,-0.096806,-0.174482,0.0,-0.027651,0.0,0.0,0.0,-0.0,0.0,-0.0,0.0,-0.0,0.0,0.0,0.0,0.0,0.001953,-0.004883,0.0,0.000192,0.0,0.000064,0.0,-0.000064,0.0,-0.000192,0.0,-0.0,0.0,-0.003546,
0.0,0.021558,0.877705,-0.000066,0.0,1.570796,0.0,0.196651,-0.03879,0.0,0.0,0.0,-0.237519,-0.024769,0.003845,0.511293,-0.155717,0.024476,-0.162035,0.026064,0.004026,0.363435,-0.137185,-0.024409,-0.113407,0.174482,0.0,-0.070012,0.0,0.0,0.0,-0.097503,-0.174482,0.0,-0.027468,-0.0,0.0,0.0,0.0,0.0,0.0,0.0,0.0,0.0,0.0,0.0,0.0,0.001953,-0.004883,0.0,0.000192,0.0,0.000064,0.0,-0.000064,0.0,-0.000192,0.0,0.0,0.0,-0.003858,
0.0,0.023524,0.877317,-0.000066,0.0,1.570796,0.0,0.196652,-0.038782,0.0,0.0,0.0,-0.244102,-0.024916,0.003845,0.528693,-0.158857,0.024476,-0.161447,0.026064,0.003945,0.366711,-0.141002,-0.024437,-0.113131,0.174482,0.0,-0.069883,-0.0,0.0,0.0,-0.098199,-0.174482,0.0,-0.027284,0.0,0.0,0.0,0.0,0.0,-0.0,0.0,0.0,0.0,0.0,0.0,-0.0,0.001953,-0.004883,0.0,0.000192,0.0,0.000064,0.0,-0.000064,0.0,-0.000192,0.0,-0.0,0.0,-0.004169,
0.0,0.025708,0.876972,-0.000066,0.0,1.570796,0.0,0.218371,-0.034493,0.0,0.0,0.0,-0.25037,-0.025062,0.003784,0.546031,-0.16048,0.024476,-0.160247,0.026064,0.003865,0.369294,-0.144601,-0.024464,-0.11304,0.174482,0.0,-0.069896,0.0,0.0,0.0,-0.099128,-0.174482,0.0,-0.027223,0.0,0.0,0.0,-0.0,0.0,0.0,0.0,-0.0,0.0,-0.0,0.0,-0.0,0.001953,-0.004883,0.0,0.000192,0.0,0.000064,0.0,-0.000064,0.0,-0.000192,0.0,0.0,0.0,-0.004627,
0.0,0.028,0.876649,-0.000066,0.0,1.570796,0.0,0.229234,-0.032349,0.0,0.0,0.0,-0.256481,-0.025209,0.003693,0.563341,-0.161343,0.024476,-0.158741,0.026064,0.003784,0.37153,-0.148089,-0.024492,-0.11304,0.174482,0.0,-0.069978,-0.0,0.0,0.0,-0.100173,-0.174482,0.0,-0.027223,0.0,0.0,0.0,0.0,0.0,0.0,0.0,-0.0,-0.0,0.0,0.0,-0.0,0.001953,-0.004883,0.0,0.000192,0.0,0.000064,0.0,-0.000064,0.0,-0.000192,0.0,-0.0,0.0,-0.005158,
0.0,0.030293,0.876325,-0.000066,0.0,1.570796,0.0,0.229234,-0.032341,0.0,0.0,0.0,-0.262592,-0.025355,0.003601,0.58065,-0.162207,0.024476,-0.157235,0.026064,0.003704,0.373765,-0.151578,-0.024519,-0.11304,0.174482,-0.0,-0.07006,0.0,0.0,0.0,-0.101218,-0.174482,0.0,-0.027223,0.0,0.0,0.0,-0.0,0.0,-0.0,0.0,0.0,0.0,0.0,0.0,0.0,0.001953,-0.004883,0.0,0.000192,0.0,0.000064,0.0,-0.000064,0.0,-0.000192,0.0,0.0,0.0,-0.005689,
0.0,0.032696,0.876005,-0.000066,0.0,1.570796,0.0,0.240302,-0.03205,0.0,0.0,0.0,-0.26981,-0.025532,0.003473,0.599144,-0.162207,0.024476,-0.155459,0.026064,0.003623,0.375722,-0.155129,-0.024547,-0.113113,0.174482,0.0,-0.070143,0.0,0.0,0.0,-0.102367,-0.174482,0.0,-0.027284,-0.0,0.0,0.0,-0.0,0.0,-0.0,0.0,0.0,0.0,0.0,0.0,0.0,0.001953,-0.004883,0.0,0.000192,0.0,0.000064,0.0,-0.000064,0.0,-0.000192,0.0,-0.0,0.0,-0.006275,
0.0,0.03532,0.87569,-0.000066,0.0,1.570796,0.0,0.262439,-0.031469,0.0,0.0,0.0,-0.279243,-0.025771,0.003272,0.620011,-0.16048,0.024476,-0.153145,0.026064,0.003543,0.37712,-0.158803,-0.024574,-0.113333,0.174482,0.0,-0.070225,0.0,0.0,0.0,-0.103724,-0.174482,0.0,-0.027468,0.0,0.0,0.0,-0.0,0.0,0.0,0.0,0.0,0.0,0.0,0.0,-0.0,0.001953,-0.004883,0.0,0.000192,0.0,0.000064,0.0,-0.000064,0.0,-0.000192,0.0,0.0,0.0,-0.00697,
0.0,0.037944,0.875376,-0.000066,0.0,1.570796,0.0,0.26244,-0.031461,0.0,0.0,0.0,-0.288676,-0.026009,0.00307,0.64088,-0.158753,0.024476,-0.150832,0.026064,0.003462,0.378519,-0.162477,-0.024602,-0.113553,0.174482,0.0,-0.070308,0.0,-0.0,0.0,-0.105081,-0.174482,0.0,-0.027651,0.0,0.0,0.0,-0.0,-0.0,-0.0,0.0,-0.0,0.0,-0.0,0.0,-0.0,0.001953,-0.004883,0.0,0.000192,0.0,0.000064,0.0,-0.000064,0.0,-0.000192,0.0,-0.0,0.0,-0.007666,
0.0,0.040569,0.875061,-0.000066,0.0,1.570796,0.0,0.262442,-0.031469,0.0,0.0,0.0,-0.298108,-0.026247,0.002869,0.661746,-0.157027,0.024476,-0.148518,0.026064,0.003381,0.379917,-0.16615,-0.024629,-0.113773,0.174482,0.0,-0.07039,-0.0,0.0,0.0,-0.106438,-0.174482,-0.0,-0.027834,0.0,0.0,0.0,0.0,0.0,-0.0,0.0,0.0,0.0,-0.0,0.0,-0.0,0.001953,-0.004883,0.0,0.000192,-0.0,0.000064,0.0,-0.000064,0.0,-0.000192,0.0,0.0,0.0,-0.008362,
0.0,0.043532,0.874737,-0.000066,0.0,1.570796,0.0,0.296265,-0.032382,0.0,0.0,0.0,-0.313061,-0.026631,0.002576,0.687125,-0.151555,0.024238,-0.145525,0.026064,0.003301,0.380775,-0.169937,-0.024657,-0.112563,0.174482,0.0,-0.069383,0.0,0.0,0.0,-0.107336,-0.174482,0.0,-0.027211,0.0,0.0,0.0,0.0,0.0,-0.0,0.0,-0.0,0.0,-0.0,0.0,-0.0,0.001953,-0.004883,0.0,0.000192,0.0,0.000064,0.0,-0.000064,0.0,-0.000192,0.0,0.0,0.0,-0.00871,
0.0,0.046494,0.874413,-0.000066,0.0,1.570796,0.0,0.296268,-0.03239,0.0,0.0,0.0,-0.328016,-0.027016,0.002283,0.712509,-0.146083,0.024,-0.142533,0.026064,0.00322,0.381632,-0.173723,-0.024684,-0.111353,0.174482,0.0,-0.068375,-0.0,0.0,0.0,-0.108235,-0.174482,0.0,-0.026589,0.0,0.0,0.0,0.0,0.0,-0.0,0.0,0.0,0.0,-0.0,0.0,-0.0,0.001953,-0.004883,-0.0,0.000192,0.0,0.000064,0.0,-0.000064,0.0,-0.000192,0.0,0.0,0.0,-0.009058,
0.0,0.049457,0.874089,-0.000066,0.0,1.570796,0.0,0.29627,-0.032382,0.0,0.0,0.0,-0.34297,-0.0274,0.00199,0.737891,-0.140612,0.023762,-0.13954,0.026064,0.00314,0.38249,-0.177509,-0.024711,-0.110142,0.174482,-0.0,-0.067367,-0.0,0.0,0.0,-0.109133,-0.174482,0.0,-0.025966,0.0,0.0,0.0,0.0,0.0,0.0,0.0,0.0,0.0,0.0,0.0,0.0,0.001953,-0.004883,0.0,0.000192,0.0,0.000064,0.0,-0.000064,0.0,-0.000192,0.0,-0.0,0.0,-0.009406,
0.0,0.052649,0.873857,-0.000066,0.0,1.570796,0.0,0.31923,-0.023226,0.0,0.0,0.0,-0.359909,-0.027822,0.001721,0.763526,-0.133859,0.023451,-0.135754,0.026064,0.003113,0.382341,-0.1805,-0.024739,-0.108504,0.174482,-0.0,-0.066018,-0.0,0.0,0.0,-0.11013,-0.174482,0.0,-0.025587,0.0,0.0,0.0,0.0,0.0,-0.0,0.0,-0.0,0.0,-0.0,0.0,-0.0,0.001953,-0.004883,0.0,0.000192,0.0,0.000064,0.0,-0.000064,0.0,-0.000192,0.0,0.0,0.0,-0.009656,
0.0,0.055956,0.873671,-0.000066,0.0,1.570796,0.0,0.330717,-0.01864,0.0,0.0,0.0,-0.377845,-0.028261,0.001465,0.789297,-0.126464,0.023103,-0.13157,0.026064,0.003113,0.381688,-0.183092,-0.024766,-0.106652,0.174482,0.0,-0.064497,0.0,0.0,0.0,-0.111175,-0.174482,0.0,-0.025331,0.0,0.0,0.0,0.0,0.0,-0.0,-0.0,0.0,0.0,-0.0,0.0,0.0,0.001953,-0.004883,0.0,0.000192,0.0,0.000064,0.0,-0.000064,0.0,-0.000192,0.0,-0.0,0.0,-0.009858,
0.0,0.059264,0.873484,-0.000066,0.0,1.570796,0.0,0.330717,-0.018647,0.0,0.0,0.0,-0.395781,-0.028701,0.001209,0.815068,-0.11907,0.022755,-0.127386,0.026064,0.003113,0.381036,-0.185685,-0.024794,-0.1048,0.174482,0.0,-0.062976,0.0,0.0,0.0,-0.11222,-0.174482,0.0,-0.025075,0.0,0.0,0.0,-0.0,0.0,0.0,0.0,-0.0,0.0,-0.0,0.0,-0.0,0.001953,-0.004883,-0.0,0.000192,-0.0,0.000064,0.0,-0.000064,0.0,-0.000192,0.0,0.0,0.0,-0.010059,
0.0,0.062688,0.873342,-0.000066,0.0,1.570796,0.0,0.342408,-0.01426,0.0,0.0,0.0,-0.411685,-0.029036,0.001038,0.835319,-0.113847,0.022493,-0.122903,0.026064,0.003113,0.38006,-0.187861,-0.024821,-0.102771,0.174482,-0.0,-0.061346,0.0,0.0,0.0,-0.113364,-0.174482,0.0,-0.025004,-0.0,0.0,0.0,-0.0,0.0,-0.0,0.0,-0.0,0.0,0.0,0.0,0.0,0.001953,-0.004883,-0.0,0.000192,0.0,0.000064,0.0,-0.000064,0.0,-0.000192,0.0,0.0,0.0,-0.01023,
0.0,0.066346,0.873287,-0.000066,0.0,1.570796,0.0,0.365789,-0.005507,0.0,0.0,0.0,-0.423527,-0.029165,0.001038,0.84454,-0.112966,0.022401,-0.117822,0.026064,0.003113,0.378438,-0.189204,-0.024849,-0.100387,0.174482,0.0,-0.059496,0.0,0.0,0.0,-0.114703,-0.174482,-0.0,-0.025307,-0.0,0.0,-0.0,-0.0,0.0,0.0,0.0,0.0,0.0,-0.0,0.0,-0.0,0.001953,-0.004883,0.0,0.000192,0.0,0.000064,-0.0,-0.000064,0.0,-0.000192,0.0,-0.0,0.0,-0.01034,
0.0,0.070003,0.873232,-0.000066,0.0,1.570796,0.0,0.365789,-0.005499,0.0,0.0,0.0,-0.43537,-0.029293,0.001038,0.853761,-0.112086,0.022309,-0.112741,0.026064,0.003113,0.376816,-0.190547,-0.024876,-0.098004,0.174482,0.0,-0.057645,0.0,0.0,0.0,-0.116041,-0.174482,0.0,-0.025609,0.0,0.0,0.0,0.0,0.0,0.0,0.0,0.0,0.0,-0.0,0.0,-0.0,0.001953,-0.004883,-0.0,0.000192,0.0,0.000064,0.0,-0.000064,0.0,-0.000192,0.0,0.0,0.0,-0.01045,
0.0,0.073661,0.873177,-0.000066,0.0,1.570796,0.0,0.365789,-0.005499,0.0,0.0,0.0,-0.447211,-0.029421,0.001038,0.862981,-0.111206,0.022218,-0.107661,0.026064,0.003113,0.375194,-0.191889,-0.024904,-0.095621,0.174482,0.0,-0.055795,0.0,0.0,0.0,-0.11738,-0.174482,0.0,-0.025911,0.0,0.0,0.0,-0.0,0.0,-0.0,0.0,-0.0,0.0,-0.0,0.0,-0.0,0.001953,-0.004883,-0.0,0.000192,0.0,0.000064,0.0,-0.000064,0.0,-0.000192,0.0,0.0,0.0,-0.010559,
0.0,0.077676,0.873105,-0.000066,0.0,1.570796,-0.0,0.401482,-0.007137,0.0,0.0,0.0,-0.452701,-0.029256,0.001202,0.856668,-0.113498,0.022369,-0.102271,0.026064,0.003113,0.373759,-0.193104,-0.024904,-0.09256,0.174482,0.0,-0.05367,0.0,0.0,0.0,-0.119251,-0.174482,0.0,-0.026213,-0.0,0.0,-0.0,0.0,0.0,0.0,0.0,0.0,0.0,0.0,0.0,-0.0,0.001953,-0.004883,0.0,0.000192,0.0,0.000064,0.0,-0.000064,0.0,-0.000192,0.0,0.0,0.0,-0.01045,
0.0,0.081691,0.873034,-0.000066,0.0,1.570796,0.0,0.40149,-0.007145,0.0,0.0,0.0,-0.45819,-0.029091,0.001367,0.850353,-0.115791,0.02252,-0.096881,0.026064,0.003113,0.372325,-0.194318,-0.024904,-0.089498,0.174482,0.0,-0.051546,0.0,0.0,0.0,-0.121123,-0.174482,0.0,-0.026515,-0.0,0.0,-0.0,-0.0,0.0,-0.0,0.0,-0.0,0.0,0.0,0.0,0.0,0.001953,-0.004883,0.0,0.000192,0.0,0.000064,0.0,-0.000064,0.0,-0.000192,0.0,0.0,0.0,-0.01034,
0.0,0.085706,0.872962,-0.000066,0.0,1.570796,0.0,0.401484,-0.007137,0.0,0.0,0.0,-0.463679,-0.028926,0.001532,0.844038,-0.118084,0.022671,-0.09149,0.026064,0.003113,0.37089,-0.195532,-0.024904,-0.086437,0.174482,0.0,-0.049421,0.0,0.0,0.0,-0.122994,-0.174482,-0.0,-0.026817,-0.0,-0.0,-0.0,-0.0,0.0,0.0,0.0,-0.0,0.0,-0.0,0.0,0.0,0.001953,-0.004883,0.0,0.000192,0.0,0.000064,0.0,-0.000064,0.0,-0.000192,-0.0,-0.0,0.0,-0.01023,
0.0,0.089963,0.872901,-0.000066,0.0,1.570796,0.0,0.425693,-0.006159,0.0,0.0,0.0,-0.467794,-0.028701,0.001709,0.833878,-0.119166,0.022822,-0.08394,0.026003,0.003113,0.365759,-0.196391,-0.024904,-0.083218,0.174482,-0.0,-0.047266,0.0,0.0,0.0,-0.125428,-0.174482,0.0,-0.027419,0.0,0.0,0.0,0.0,0.0,-0.0,0.0,-0.0,0.0,-0.0,0.0,-0.0,0.001953,-0.004883,0.0,0.000192,0.0,0.000064,0.0,-0.000064,0.0,-0.000192,0.0,0.0,0.0,-0.010132,
0.0,0.094341,0.872844,-0.000066,0.0,1.570796,0.0,0.437802,-0.005663,0.0,0.0,0.0,-0.471221,-0.028444,0.001892,0.821794,-0.119643,0.022973,-0.07531,0.025911,0.003113,0.358781,-0.197072,-0.024904,-0.079919,0.174482,-0.0,-0.045095,0.0,0.0,0.0,-0.128143,-0.174482,0.0,-0.028169,0.0,0.0,0.0,0.0,0.0,-0.0,0.0,-0.0,0.0,0.0,0.0,-0.0,0.001953,-0.004883,0.0,0.000192,-0.0,0.000064,-0.0,-0.000064,0.0,-0.000192,0.0,0.0,0.0,-0.010041,
0.0,0.098719,0.872788,-0.000066,0.0,1.570796,0.0,0.437803,-0.005663,0.0,0.0,0.0,-0.474649,-0.028188,0.002075,0.809709,-0.12012,0.023124,-0.066679,0.025819,0.003113,0.351802,-0.197752,-0.024904,-0.076621,0.174482,0.0,-0.042925,0.0,0.0,0.0,-0.130859,-0.174482,0.0,-0.02892,0.0,0.0,0.0,0.0,0.0,0.0,0.0,-0.0,0.0,-0.0,0.0,-0.0,0.001953,-0.004883,0.0,0.000192,0.0,0.000064,0.0,-0.000064,0.0,-0.000192,0.0,0.0,0.0,-0.009949,
0.0,0.10322,0.872714,-0.000066,0.0,1.570796,0.0,0.450112,-0.007363,0.0,0.0,0.0,-0.477361,-0.027907,0.002289,0.796052,-0.12075,0.023275,-0.058178,0.025758,0.003113,0.34536,-0.19836,-0.024904,-0.073255,0.174482,0.0,-0.040755,-0.0,0.0,0.0,-0.133667,-0.174482,0.0,-0.030288,0.0,0.0,0.0,0.0,0.0,0.0,0.0,0.0,-0.0,0.0,0.0,0.0,0.001953,-0.004883,-0.0,0.000192,0.0,0.000064,-0.0,-0.000064,0.0,-0.000192,0.0,0.0,0.0,-0.009888,
0.0,0.107967,0.872607,-0.000066,0.0,1.570796,0.0,0.474747,-0.010749,0.0,0.0,0.0,-0.478643,-0.027577,0.002564,0.779245,-0.121685,0.023427,-0.049935,0.025758,0.003113,0.339991,-0.19882,-0.024904,-0.069756,0.174482,0.0,-0.038584,-0.0,0.0,0.0,-0.136659,-0.174482,0.0,-0.032888,0.0,0.0,0.0,0.0,0.0,-0.0,0.0,-0.0,0.0,-0.0,0.0,-0.0,0.001953,-0.004883,-0.0,0.000192,0.0,0.000064,0.0,-0.000064,0.0,-0.000192,0.0,0.0,0.0,-0.009888,
0.0,0.112715,0.872499,-0.000066,0.0,1.570796,0.0,0.474742,-0.010757,0.0,0.0,0.0,-0.479925,-0.027248,0.002838,0.762437,-0.122621,0.023578,-0.041693,0.025758,0.003113,0.334623,-0.19928,-0.024904,-0.066256,0.174482,0.0,-0.036414,0.0,0.0,0.0,-0.13965,-0.174482,0.0,-0.035489,0.0,0.0,0.0,0.0,0.0,0.0,0.0,0.0,0.0,0.0,0.0,0.0,0.001953,-0.004883,0.0,0.000192,0.0,0.000064,0.0,-0.000064,0.0,-0.000192,0.0,0.0,0.0,-0.009888,
0.0,0.117462,0.872391,-0.000066,0.0,1.570796,0.0,0.474742,-0.010749,0.0,0.0,0.0,-0.481206,-0.026918,0.003113,0.745631,-0.123556,0.023729,-0.03345,0.025758,0.003113,0.329254,-0.19974,-0.024904,-0.062757,0.174482,0.0,-0.034244,0.0,0.0,0.0,-0.142642,-0.174482,0.0,-0.038089,0.0,0.0,0.0,0.0,0.0,-0.0,0.0,-0.0,0.0,-0.0,0.0,-0.0,0.001953,-0.004883,0.0,0.000192,0.0,0.000064,0.0,-0.000064,-0.0,-0.000192,0.0,0.0,0.0,-0.009888,
0.0,0.122585,0.872278,-0.000066,0.0,1.570796,0.0,0.5123,-0.011311,0.0,0.0,0.0,-0.48017,-0.026589,0.003424,0.724966,-0.124639,0.02388,-0.025631,0.025758,0.003186,0.325581,-0.19974,-0.024904,-0.059111,0.174482,0.0,-0.032138,-0.0,0.0,0.0,-0.14659,-0.174482,0.0,-0.0408,-0.0,0.0,0.0,0.0,0.0,0.0,0.0,-0.0,0.0,-0.0,0.0,0.0,0.001953,-0.004883,0.0,0.000192,0.0,0.000064,0.0,-0.000064,0.0,-0.000192,0.0,0.0,0.0,-0.009449,
0.0,0.127708,0.872165,-0.000066,0.0,1.570796,-0.0,0.512303,-0.011319,0.0,0.0,0.0,-0.479133,-0.026259,0.003735,0.704297,-0.125721,0.024031,-0.017812,0.025758,0.003259,0.321907,-0.19974,-0.024904,-0.055466,0.174482,0.0,-0.030032,0.0,0.0,0.0,-0.150538,-0.174482,0.0,-0.043511,0.0,0.0,0.0,-0.0,0.0,0.0,0.0,-0.0,0.0,0.0,0.0,0.0,0.001953,-0.004883,0.0,0.000192,0.0,0.000064,0.0,-0.000064,-0.0,-0.000192,0.0,0.0,0.0,-0.009009,
0.0,0.132831,0.872052,-0.000066,0.0,1.570796,0.0,0.512304,-0.011311,0.0,0.0,0.0,-0.478096,-0.025929,0.004047,0.68363,-0.126804,0.024182,-0.009993,0.025758,0.003333,0.318234,-0.19974,-0.024904,-0.051821,0.174482,0.0,-0.027926,0.0,0.0,0.0,-0.154486,-0.174482,-0.0,-0.046221,0.0,-0.0,-0.0,-0.0,0.0,0.0,0.0,-0.0,0.0,0.0,0.0,-0.0,0.001953,-0.004883,0.0,0.000192,0.0,0.000064,0.0,-0.000064,0.0,-0.000192,0.0,0.0,0.0,-0.00857,
0.0,0.138209,0.871908,-0.000066,0.0,1.570796,0.0,0.537757,-0.014376,0.0,0.0,0.0,-0.476081,-0.025685,0.004236,0.662107,-0.12511,0.024232,-0.002796,0.025758,0.003357,0.316391,-0.200488,-0.024904,-0.047919,0.174482,0.0,-0.025759,0.0,0.0,0.0,-0.158851,-0.174482,0.0,-0.048651,0.0,0.0,0.0,-0.0,0.0,0.0,0.0,0.0,0.0,0.0,0.0,0.0,0.001953,-0.004883,0.0,0.000192,0.0,0.000064,-0.0,-0.000064,0.0,-0.000192,0.0,-0.0,0.0,-0.008069,
0.0,0.143714,0.871749,-0.000066,0.0,1.570796,0.0,0.550496,-0.015901,0.0,0.0,0.0,-0.473575,-0.025484,0.004364,0.640151,-0.122028,0.024232,0.004089,0.025758,0.003357,0.315464,-0.201611,-0.024904,-0.04389,0.174482,-0.0,-0.023561,-0.0,0.0,0.0,-0.163426,-0.174482,0.0,-0.050941,0.0,0.0,0.0,0.0,0.0,-0.0,0.0,-0.0,0.0,0.0,0.0,-0.0,0.001953,-0.004883,0.0,0.000192,0.0,0.000064,0.0,-0.000064,-0.0,-0.000192,0.0,-0.0,0.0,-0.007538,
0.0,0.149219,0.87159,-0.000066,0.0,1.570796,-0.0,0.550488,-0.015901,0.0,0.0,0.0,-0.47107,-0.025282,0.004492,0.618195,-0.118946,0.024232,0.010974,0.025758,0.003357,0.314537,-0.202734,-0.024904,-0.03986,0.174482,0.0,-0.021364,0.0,0.0,0.0,-0.168001,-0.174482,0.0,-0.05323,0.0,0.0,0.0,0.0,0.0,0.0,0.0,0.0,0.0,0.0,0.0,0.0,0.001953,-0.004883,0.0,0.000192,0.0,0.000064,0.0,-0.000064,0.0,-0.000192,0.0,0.0,0.0,-0.007007,
0.0,0.154853,0.871415,-0.000066,0.0,1.570796,0.0,0.563421,-0.017503,0.0,0.0,0.0,-0.46787,-0.025081,0.004645,0.595732,-0.117111,0.024269,0.018012,0.025758,0.003381,0.313635,-0.203592,-0.024904,-0.035654,0.174482,-0.0,-0.019093,0.0,0.0,0.0,-0.172711,-0.174482,0.0,-0.05538,0.0,0.0,0.0,0.0,0.0,0.0,0.0,0.0,0.0,0.0,0.0,0.0,0.001953,-0.004883,0.0,0.000192,0.0,0.000064,0.0,-0.000064,0.0,-0.000192,0.0,0.0,0.0,-0.006439,
0.0,0.160746,0.871208,-0.000066,0.0,1.570796,-0.0,0.589296,-0.020705,0.0,0.0,0.0,-0.46328,-0.024879,0.004846,0.572242,-0.117772,0.024379,0.025355,0.025758,0.003455,0.312782,-0.203924,-0.024904,-0.031094,0.174482,-0.0,-0.016676,0.0,0.0,0.0,-0.177694,-0.174482,0.0,-0.057248,0.0,0.0,0.0,0.0,0.0,-0.0,0.0,0.0,0.0,-0.0,0.0,-0.0,0.001953,-0.004883,0.0,0.000192,0.0,0.000064,0.0,-0.000064,0.0,-0.000192,0.0,0.0,0.0,-0.005799,
0.0,0.166639,0.871001,-0.000066,0.0,1.570796,0.0,0.589296,-0.020698,0.0,0.0,0.0,-0.458691,-0.024678,0.005048,0.54875,-0.118432,0.024489,0.032699,0.025758,0.003528,0.311929,-0.204255,-0.024904,-0.026534,0.174482,0.0,-0.014259,-0.0,0.0,0.0,-0.182676,-0.174482,0.0,-0.059117,0.0,0.0,0.0,0.0,0.0,0.0,0.0,0.0,0.0,0.0,0.0,0.0,0.001953,-0.004883,0.0,0.000192,0.0,0.000064,0.0,-0.000064,0.0,-0.000192,0.0,-0.0,0.0,-0.005158,
0.0,0.172532,0.870794,-0.000066,0.0,1.570796,0.0,0.589294,-0.020705,0.0,0.0,0.0,-0.454101,-0.024476,0.005249,0.525261,-0.119092,0.024599,0.040042,0.025758,0.003601,0.311077,-0.204586,-0.024904,-0.021974,0.174482,0.0,-0.011841,0.0,0.0,0.0,-0.187658,-0.174482,0.0,-0.060985,0.0,0.0,0.0,-0.0,0.0,-0.0,0.0,-0.0,0.0,0.0,0.0,-0.0,0.001953,-0.004883,-0.0,0.000192,-0.0,0.000064,0.0,-0.000064,0.0,-0.000192,0.0,0.0,0.0,-0.004517,
0.0,0.178819,0.870568,-0.000066,0.0,1.570796,0.0,0.628723,-0.022656,0.0,0.0,0.0,-0.449257,-0.024312,0.005542,0.504573,-0.124487,0.024599,0.047992,0.025758,0.003674,0.309983,-0.203611,-0.024904,-0.017067,0.174482,0.0,-0.009186,0.0,0.0,0.0,-0.192203,-0.174482,0.0,-0.063147,0.0,0.0,0.0,0.0,0.0,-0.0,0.0,0.0,0.0,0.0,0.0,0.0,0.001953,-0.004883,0.0,0.000192,0.0,0.000064,0.0,-0.000064,-0.0,-0.000192,0.0,0.0,0.0,-0.003949,
0.0,0.185106,0.870341,-0.000066,0.0,1.570796,0.0,0.628734,-0.022663,0.0,0.0,0.0,-0.444413,-0.024147,0.005835,0.483881,-0.129881,0.024599,0.055942,0.025758,0.003748,0.30889,-0.202636,-0.024904,-0.012159,0.174482,0.0,-0.006531,0.0,0.0,0.0,-0.196747,-0.174482,0.0,-0.065309,-0.0,0.0,0.0,0.0,0.0,0.0,0.0,0.0,0.0,0.0,0.0,-0.0,0.001953,-0.004883,0.0,0.000192,0.0,0.000064,0.0,-0.000064,0.0,-0.000192,0.0,0.0,0.0,-0.003381,
0.0,0.191394,0.870114,-0.000066,0.0,1.570796,0.0,0.628726,-0.022663,0.0,0.0,0.0,-0.439568,-0.023982,0.006128,0.463191,-0.135276,0.024599,0.063892,0.025758,0.003821,0.307797,-0.20166,-0.024904,-0.007252,0.174482,0.0,-0.003876,0.0,0.0,0.0,-0.201292,-0.174482,0.0,-0.067471,-0.0,0.0,-0.0,0.0,0.0,0.0,0.0,0.0,0.0,-0.0,0.0,0.0,0.001953,-0.004883,0.0,0.000192,0.0,0.000064,0.0,-0.000064,0.0,-0.000192,0.0,0.0,0.0,-0.002814,
0.0,0.197886,0.869912,-0.000066,0.0,1.570796,0.0,0.64919,-0.020228,0.0,0.0,0.0,-0.441257,-0.023927,0.006348,0.457459,-0.140538,0.024599,0.072333,0.025758,0.003943,0.306259,-0.199544,-0.024904,-0.001441,0.174482,0.0,-0.002991,0.0,0.0,0.0,-0.204685,-0.174482,0.0,-0.069615,0.0,0.0,0.0,0.0,0.0,0.0,0.0,0.0,0.0,0.0,0.0,0.0,0.001953,-0.004883,0.0,0.000192,0.0,0.000064,0.0,-0.000064,0.0,-0.000192,0.0,0.0,0.0,-0.002246,
0.0,0.20448,0.869722,-0.000066,0.0,1.570796,0.0,0.659427,-0.019022,0.0,0.0,0.0,-0.446214,-0.023927,0.006531,0.459208,-0.145734,0.024599,0.08102,0.025758,0.004089,0.304499,-0.196858,-0.024904,0.004821,0.174482,0.0,-0.002991,0.0,0.0,0.0,-0.207502,-0.174482,0.0,-0.071749,0.0,0.0,0.0,0.0,0.0,0.0,0.0,0.0,0.0,0.0,0.0,0.0,0.001953,-0.004883,0.0,0.000192,0.0,0.000064,0.0,-0.000064,-0.0,-0.000192,0.0,0.0,0.0,-0.001679,
0.0,0.211074,0.869532,-0.000066,0.0,1.570796,0.0,0.659427,-0.019015,0.0,0.0,0.0,-0.451171,-0.023927,0.006714,0.460957,-0.150929,0.024599,0.089706,0.025758,0.004236,0.302739,-0.194171,-0.024904,0.011084,0.174482,0.0,-0.002991,0.0,0.0,0.0,-0.210318,-0.174482,-0.0,-0.073884,-0.0,0.0,0.0,0.0,0.0,0.0,0.0,0.0,0.0,0.0,0.0,-0.0,0.001953,-0.004883,0.0,0.000192,0.0,0.000064,0.0,-0.000064,0.0,-0.000192,0.0,0.0,0.0,-0.001111,
0.0,0.217943,0.86936,-0.000066,0.0,1.570796,0.0,0.686913,-0.017136,0.0,0.0,0.0,-0.454834,-0.023897,0.006885,0.462336,-0.156004,0.024599,0.099312,0.025758,0.004425,0.299826,-0.190254,-0.024904,0.017676,0.174482,-0.0,-0.002991,-0.0,0.0,0.0,-0.212479,-0.174482,0.0,-0.076019,0.0,0.0,0.0,0.0,0.0,0.0,0.0,0.0,0.0,-0.0,0.0,0.0,0.001953,-0.004883,0.0,0.000192,0.0,0.000064,0.0,-0.000064,0.0,-0.000192,0.0,0.0,0.0,-0.000488,
0.0,0.225362,0.869227,-0.000066,0.0,1.570796,0.0,0.74191,-0.013371,0.0,0.0,0.0,-0.455905,-0.023805,0.007031,0.462976,-0.160836,0.024599,0.110757,0.025758,0.0047,0.294607,-0.183874,-0.024904,0.024928,0.174482,0.0,-0.002991,0.0,0.0,0.0,-0.213326,-0.174482,0.0,-0.078154,0.0,0.0,0.0,0.0,0.0,0.0,0.0,-0.0,0.0,-0.0,0.0,-0.0,0.001953,-0.004883,0.0,0.000192,0.0,0.000064,0.0,-0.000064,0.0,-0.000192,0.0,0.0,0.0,0.000244,
0.0,0.232782,0.869093,-0.000066,0.0,1.570796,0.0,0.741919,-0.013363,0.0,0.0,0.0,-0.456977,-0.023713,0.007178,0.463615,-0.165668,0.024599,0.122203,0.025758,0.004974,0.289387,-0.177493,-0.024904,0.03218,0.174482,0.0,-0.002991,0.0,0.0,0.0,-0.214173,-0.174482,0.0,-0.080288,0.0,-0.0,-0.0,0.0,0.0,-0.0,0.0,-0.0,0.0,-0.0,0.0,-0.0,0.001953,-0.004883,0.0,0.000192,0.0,0.000064,0.0,-0.000064,0.0,-0.000192,0.0,-0.0,0.0,0.000977,
0.0,0.240201,0.868959,-0.000066,0.0,1.570796,0.0,0.74191,-0.013371,0.0,0.0,0.0,-0.458048,-0.023622,0.007324,0.464255,-0.170499,0.024599,0.133647,0.025758,0.005249,0.284167,-0.171113,-0.024904,0.039432,0.174482,-0.0,-0.002991,-0.0,0.0,0.0,-0.21502,-0.174482,0.0,-0.082423,0.0,0.0,0.0,0.0,0.0,0.0,0.0,0.0,0.0,0.0,0.0,-0.0,0.001953,-0.004883,0.0,0.000192,0.0,0.000064,0.0,-0.000064,0.0,-0.000192,-0.0,0.0,0.0,0.001709,
0.0,0.248441,0.868908,-0.000066,0.0,1.570796,0.0,0.824057,-0.00508,0.0,0.0,0.0,-0.453953,-0.023622,0.007398,0.462487,-0.173698,0.024599,0.148967,0.025758,0.005744,0.27325,-0.158975,-0.024904,0.04674,0.174482,0.0,-0.002991,0.0,0.0,0.0,-0.214063,-0.174482,0.0,-0.084677,0.0,0.0,0.0,0.0,0.0,-0.0,0.0,-0.0,0.0,-0.0,0.0,-0.0,0.001953,-0.004883,-0.0,0.000192,0.0,0.000064,0.0,-0.000064,-0.0,-0.000192,0.0,-0.0,0.0,0.003924,
0.0,0.256682,0.868858,-0.000066,0.0,1.570796,0.0,0.824072,-0.00508,0.0,0.0,0.0,-0.449857,-0.023622,0.007471,0.460719,-0.176896,0.024599,0.164288,0.025758,0.006238,0.262331,-0.146837,-0.024904,0.054049,0.174482,0.0,-0.002991,-0.0,0.0,0.0,-0.213105,-0.174482,0.0,-0.086932,0.0,0.0,0.0,0.0,0.0,0.0,0.0,0.0,0.0,0.0,0.0,0.0,0.001953,-0.004883,0.0,0.000192,0.0,0.000064,0.0,-0.000064,0.0,-0.000192,0.0,0.0,0.0,0.00614,
0.0,0.264923,0.868807,-0.000066,0.0,1.570796,0.0,0.824074,-0.00508,0.0,0.0,0.0,-0.445762,-0.023622,0.007544,0.458951,-0.180095,0.024599,0.179608,0.025758,0.006732,0.251413,-0.134698,-0.024904,0.061358,0.174482,0.0,-0.002991,-0.0,0.0,0.0,-0.212147,-0.174482,-0.0,-0.089186,0.0,0.0,0.0,-0.0,0.0,0.0,0.0,0.0,0.0,0.0,0.0,0.0,0.001953,-0.004883,-0.0,0.000192,0.0,0.000064,0.0,-0.000064,0.0,-0.000192,-0.0,0.0,0.0,0.008356,
0.0,0.273644,0.86879,-0.000066,0.0,1.570796,0.0,0.872101,-0.001644,0.0,0.0,0.0,-0.436966,-0.023622,0.007483,0.452219,-0.179238,0.024599,0.197841,0.025758,0.007446,0.235973,-0.117576,-0.024794,0.068558,0.174482,-0.0,-0.002991,0.0,0.0,0.0,-0.210306,-0.174482,0.0,-0.091013,0.0,0.0,0.0,-0.0,0.0,0.0,0.0,0.0,0.0,0.0,0.0,-0.0,0.001953,-0.004883,0.0,0.000192,0.0,0.000064,0.0,-0.000064,0.0,-0.000192,0.0,-0.0,0.0,0.010376,
0.0,0.282605,0.868791,-0.000066,0.0,1.570796,0.0,0.896137,0.000075,0.0,0.0,0.0,-0.425819,-0.023622,0.007355,0.443002,-0.176352,0.024599,0.217534,0.025758,0.00827,0.218269,-0.097958,-0.024629,0.075705,0.174482,0.0,-0.002991,-0.0,0.0,0.0,-0.208023,-0.174482,0.0,-0.092626,-0.0,0.0,0.0,0.0,0.0,0.0,0.0,0.0,0.0,0.0,0.0,0.0,0.001953,-0.004883,-0.0,0.000192,0.0,0.000064,-0.0,-0.000064,0.0,-0.000192,0.0,-0.0,0.0,0.012299,
0.0,0.291566,0.868792,-0.000066,0.0,1.570796,0.0,0.896126,0.000082,0.0,0.0,0.0,-0.414672,-0.023622,0.007227,0.433786,-0.173465,0.024599,0.237227,0.025758,0.009094,0.200565,-0.078339,-0.024464,0.082851,0.174482,0.0,-0.002991,-0.0,0.0,0.0,-0.205741,-0.174482,0.0,-0.094239,0.0,0.0,0.0,0.0,0.0,0.0,0.0,0.0,0.0,0.0,0.0,0.0,0.001953,-0.004883,0.0,0.000192,0.0,0.000064,0.0,-0.000064,0.0,-0.000192,0.0,0.0,0.0,0.014222,
0.0,0.300732,0.868808,-0.000066,0.0,1.570796,-0.0,0.916555,0.001632,0.0,0.0,0.0,-0.403248,-0.023622,0.007062,0.424992,-0.169515,0.024599,0.256573,0.025771,0.01026,0.183914,-0.057523,-0.024238,0.089785,0.174482,0.0,-0.002991,-0.0,0.0,0.0,-0.203072,-0.174482,0.0,-0.095431,-0.0,0.0,0.0,0.0,0.0,-0.0,0.0,0.0,0.0,-0.0,0.0,0.0,0.001953,-0.004883,0.0,0.000192,0.0,0.000064,0.0,-0.000064,0.0,-0.000192,0.0,-0.0,0.0,0.0159,
0.0,0.310306,0.868856,-0.000066,0.0,1.570796,0.0,0.957437,0.004771,0.0,0.0,0.0,-0.391268,-0.023622,0.006824,0.417039,-0.163434,0.024599,0.275235,0.025807,0.01211,0.169362,-0.034301,-0.02389,0.096293,0.174482,0.0,-0.002991,0.0,0.0,0.0,-0.199631,-0.174482,0.0,-0.095779,0.0,0.0,0.0,0.0,0.0,-0.0,0.0,0.0,0.0,0.0,0.0,0.0,0.001953,-0.004883,0.0,0.000192,0.0,0.000064,0.0,-0.000064,0.0,-0.000192,0.0,0.0,0.0,0.01709,
-0.0,0.319881,0.868904,-0.000066,0.0,1.570796,-0.0,0.957435,0.004763,0.0,0.0,0.0,-0.379288,-0.023622,0.006586,0.409087,-0.157353,0.024599,0.293897,0.025844,0.013959,0.154809,-0.011077,-0.023543,0.102802,0.174482,0.0,-0.002991,0.0,0.0,0.0,-0.196189,-0.174482,0.0,-0.096128,0.0,0.0,0.0,0.0,0.0,-0.0,0.0,0.0,0.0,-0.0,0.0,-0.0,0.001953,-0.004883,0.0,0.000192,0.0,0.000064,0.0,-0.000064,0.0,-0.000192,0.0,0.0,0.0,0.018281,
0.0,0.329455,0.868951,-0.000066,0.0,1.570796,0.0,0.957435,0.004763,0.0,0.0,0.0,-0.367308,-0.023622,0.006348,0.401135,-0.151273,0.024599,0.312557,0.02588,0.015809,0.140258,0.012144,-0.023195,0.10931,0.174482,-0.0,-0.002991,0.0,0.0,0.0,-0.192748,-0.174482,0.0,-0.096476,0.0,0.0,0.0,0.0,0.0,-0.0,0.0,0.0,0.0,0.0,0.0,0.0,0.001953,-0.004883,-0.0,0.000192,0.0,0.000064,0.0,-0.000064,-0.0,-0.000192,0.0,0.0,0.0,0.019471,
0.0,0.33882,0.869033,-0.000066,0.0,1.570796,0.0,0.936523,0.008195,0.0,0.0,0.0,-0.3576,-0.023732,0.006018,0.397213,-0.142922,0.024599,0.323437,0.026063,0.018189,0.140531,0.032456,-0.022435,0.114134,0.174482,0.0,-0.002991,0.0,0.0,0.0,-0.188133,-0.174482,0.0,-0.093782,0.0,0.0,0.0,0.0,0.0,-0.0,0.0,0.0,0.0,-0.0,0.0,0.0,0.001953,-0.004883,0.0,0.000192,0.0,0.000064,0.0,-0.000064,0.0,-0.000192,0.0,-0.0,0.0,0.01927,
0.0,0.348185,0.869115,-0.000066,0.0,1.570796,0.0,0.93653,0.008195,0.0,0.0,0.0,-0.347892,-0.023842,0.005689,0.393291,-0.13457,0.024599,0.334316,0.026247,0.02057,0.140807,0.052772,-0.021675,0.118958,0.174482,-0.0,-0.002991,0.0,0.0,0.0,-0.183517,-0.174482,0.0,-0.091087,0.0,0.0,0.0,0.0,0.0,-0.0,0.0,0.0,0.0,0.0,0.0,-0.0,0.001953,-0.004883,0.0,0.000192,-0.0,0.000064,0.0,-0.000064,0.0,-0.000192,0.0,0.0,0.0,0.019068,
0.0,0.357551,0.869197,-0.000066,0.0,1.570796,0.0,0.936523,0.008195,0.0,0.0,0.0,-0.338185,-0.023951,0.005359,0.38937,-0.126219,0.024599,0.345195,0.02643,0.02295,0.141082,0.073085,-0.020915,0.123783,0.174482,-0.0,-0.002991,-0.0,0.0,0.0,-0.178901,-0.174482,0.0,-0.088392,-0.0,-0.0,-0.0,0.0,0.0,-0.0,0.0,-0.0,0.0,-0.0,-0.0,-0.0,0.001953,-0.004883,0.0,0.000192,0.0,0.000064,0.0,-0.000064,0.0,-0.000192,-0.0,0.0,0.0,0.018867,
0.0,0.366624,0.869404,-0.000066,0.0,1.570796,0.0,0.907339,0.020659,0.0,0.0,0.0,-0.330829,-0.023988,0.005127,0.391037,-0.121661,0.024599,0.357029,0.026527,0.023585,0.140905,0.099854,-0.020155,0.125232,0.174482,0.0,-0.002991,-0.0,0.0,0.0,-0.175046,-0.174482,0.0,-0.085686,0.0,0.0,0.0,0.0,0.0,-0.0,0.0,-0.0,0.0,0.0,-0.0,0.0,0.001953,-0.004883,0.0,0.000192,0.0,0.000064,0.0,-0.000064,0.0,-0.000192,-0.0,0.0,0.0,0.01825,
0.0,0.375552,0.869673,-0.000066,0.0,1.570796,0.0,0.892748,0.026884,0.0,0.0,0.0,-0.32465,-0.023988,0.004944,0.395501,-0.119001,0.024599,0.369343,0.026582,0.023347,0.140501,0.129863,-0.019395,0.124994,0.174482,0.0,-0.002991,0.0,0.0,0.0,-0.171573,-0.174482,0.0,-0.082974,0.0,-0.0,-0.0,-0.0,0.0,-0.0,0.0,0.0,0.0,-0.0,0.0,0.0,0.001953,-0.004883,0.0,0.000192,0.0,0.000064,0.0,-0.000064,0.0,-0.000192,0.0,0.0,0.0,0.017426,
0.0,0.384479,0.869941,-0.000066,0.0,1.570796,0.0,0.892744,0.026884,0.0,0.0,0.0,-0.318472,-0.023988,0.004761,0.399964,-0.116342,0.024599,0.381656,0.026637,0.023109,0.140097,0.159871,-0.018635,0.124755,0.174482,0.0,-0.002991,0.0,0.0,0.0,-0.168099,-0.174482,0.0,-0.080261,-0.0,0.0,-0.0,0.0,0.0,0.0,0.0,-0.0,0.0,-0.0,0.0,0.0,0.001953,-0.004883,0.0,0.000192,0.0,0.000064,0.0,-0.000064,0.0,-0.000192,-0.0,-0.0,0.0,0.016602,
0.0,0.393253,0.870268,-0.000066,0.0,1.570796,0.0,0.877367,0.032666,0.0,0.0,0.0,-0.311784,-0.024013,0.004639,0.403694,-0.115491,0.024599,0.367561,0.027486,0.023036,0.182018,0.179586,-0.017274,0.122775,0.174482,0.0,-0.002991,-0.0,0.0,0.0,-0.16514,-0.174482,0.0,-0.077641,0.0,0.0,0.0,0.0,0.0,0.0,0.0,0.0,0.0,0.0,0.0,0.0,0.001953,-0.004883,0.0,0.000192,0.0,0.000064,0.0,-0.000064,0.0,-0.000192,0.0,0.0,0.0,0.01576,
0.0,0.401719,0.87071,-0.000066,0.0,1.570796,0.0,0.846596,0.044223,0.0,0.0,0.0,-0.304079,-0.024086,0.004639,0.405956,-0.118261,0.024599,0.300509,0.029921,0.023292,0.309396,0.178722,-0.01471,0.117309,0.174482,0.0,-0.002991,-0.0,0.0,0.0,-0.163211,-0.174482,0.0,-0.075204,0.0,0.0,0.0,-0.0,0.0,0.0,0.0,0.0,0.0,0.0,0.0,0.0,0.001953,-0.004883,0.0,0.000192,0.0,0.000064,0.0,-0.000064,0.0,-0.000192,0.0,0.0,0.0,0.014881,
0.0,0.410185,0.871152,-0.000066,0.0,1.570796,0.0,0.846604,0.044223,0.0,0.0,0.0,-0.296374,-0.024159,0.004639,0.408218,-0.121031,0.024599,0.233405,0.032357,0.023549,0.437122,0.177858,-0.012147,0.111843,0.174482,0.0,-0.002991,0.0,0.0,0.0,-0.161282,-0.174482,-0.0,-0.072766,0.0,0.0,0.0,0.0,0.0,0.0,0.0,-0.0,0.0,-0.0,0.0,0.0,0.001953,-0.004883,-0.0,0.000192,0.0,0.000064,0.0,-0.000064,0.0,-0.000192,0.0,0.0,0.0,0.014002,
0.0,0.418651,0.871595,-0.000066,0.0,1.570796,0.0,0.846596,0.044223,0.0,0.0,0.0,-0.28867,-0.024232,0.004639,0.410481,-0.123801,0.024599,0.166403,0.034793,0.023805,0.564157,0.176994,-0.009583,0.106377,0.174482,-0.0,-0.002991,0.0,0.0,0.0,-0.159353,-0.174482,0.0,-0.070329,-0.0,0.0,-0.0,0.0,0.0,-0.0,0.0,-0.0,0.0,0.0,0.0,-0.0,0.001953,-0.004883,0.0,0.000192,0.0,0.000064,0.0,-0.000064,0.0,-0.000192,0.0,-0.0,0.0,0.013123,
0.0,0.426994,0.871992,-0.000066,0.0,1.570796,0.0,0.834321,0.039743,0.0,0.0,0.0,-0.279484,-0.024232,0.004785,0.410874,-0.132188,0.024599,0.120304,0.036441,0.023402,0.633535,0.21193,-0.006342,0.099576,0.174482,0.0,-0.002991,0.0,0.0,0.0,-0.158049,-0.174482,0.0,-0.066537,0.0,-0.0,0.0,0.0,0.0,0.0,0.0,0.0,0.0,0.0,0.0,0.0,0.001953,-0.004883,0.0,0.000192,0.0,0.000064,0.0,-0.000064,0.0,-0.000192,0.0,0.0,0.0,0.014331,
0.0,0.435337,0.87239,-0.000066,0.0,1.570796,0.0,0.834321,0.039743,0.0,0.0,0.0,-0.270297,-0.024232,0.004932,0.411267,-0.140576,0.024599,0.074174,0.038089,0.022999,0.703019,0.246885,-0.003101,0.092775,0.174482,-0.0,-0.002991,0.0,0.0,0.0,-0.156745,-0.174482,0.0,-0.062745,0.0,0.0,0.0,0.0,0.0,-0.0,0.0,-0.0,0.0,-0.0,0.0,0.0,0.001953,-0.004883,0.0,0.000192,0.0,0.000064,0.0,-0.000064,0.0,-0.000192,0.0,0.0,0.0,0.01554,
0.0,0.44368,0.872787,-0.000066,0.0,1.570796,0.0,0.834325,0.039743,0.0,0.0,0.0,-0.261111,-0.024232,0.005078,0.411659,-0.148965,0.024599,0.028061,0.039738,0.022596,0.772448,0.281832,0.00014,0.085974,0.174482,0.0,-0.002991,-0.0,0.0,0.0,-0.155441,-0.174482,0.0,-0.058953,0.0,0.0,0.0,0.0,0.0,0.0,0.0,0.0,0.0,-0.0,0.0,0.0,0.001953,-0.004883,0.0,0.000192,0.0,0.000064,0.0,-0.000064,0.0,-0.000192,0.0,0.0,0.0,0.016749,
0.0,0.451919,0.873178,-0.000066,0.0,1.570796,0.0,0.823888,0.039148,0.0,0.0,0.0,-0.250549,-0.024171,0.005225,0.408688,-0.156219,0.024599,-0.008177,0.040861,0.022218,0.81841,0.293974,0.001855,0.07793,0.174482,0.0,-0.002991,-0.0,0.0,0.0,-0.153023,-0.174482,0.0,-0.054697,0.0,0.0,0.0,0.0,0.0,0.0,0.0,0.0,0.0,-0.0,0.0,0.0,0.001953,-0.004883,0.0,0.000192,0.0,0.000064,0.0,-0.000064,0.0,-0.000192,0.0,-0.0,0.0,0.017274,
0.0,0.460106,0.873567,-0.000066,0.0,1.570796,0.0,0.818685,0.038842,0.0,0.0,0.0,-0.239298,-0.02408,0.005371,0.404034,-0.162907,0.024599,-0.039503,0.041722,0.021852,0.852712,0.294714,0.002808,0.069263,0.174482,0.0,-0.002991,0.0,0.0,0.0,-0.150048,-0.174482,0.0,-0.050209,-0.0,0.0,0.0,0.0,0.0,-0.0,0.0,-0.0,0.0,-0.0,0.0,-0.0,0.001953,-0.004883,0.0,0.000192,0.0,0.000064,0.0,-0.000064,0.0,-0.000192,0.0,-0.0,0.0,0.017457,
0.0,0.468293,0.873955,-0.000066,0.0,1.570796,0.0,0.818673,0.038842,0.0,0.0,0.0,-0.228048,-0.023988,0.005518,0.39938,-0.169594,0.024599,-0.07083,0.042583,0.021485,0.887012,0.295455,0.00376,0.060597,0.174482,0.0,-0.002991,0.0,0.0,0.0,-0.147074,-0.174482,-0.0,-0.045721,-0.0,0.0,0.0,-0.0,0.0,-0.0,0.0,0.0,0.0,0.0,0.0,0.0,0.001953,-0.004883,0.0,0.000192,0.0,0.000064,0.0,-0.000064,0.0,-0.000192,0.0,0.0,0.0,0.01764,
-0.0,0.476451,0.874537,-0.000066,0.0,1.570796,-0.0,0.815773,0.058152,0.0,0.0,0.0,-0.214485,-0.023927,0.005615,0.390233,-0.174169,0.024599,-0.099052,0.043535,0.02162,0.914189,0.291195,0.00459,0.05109,0.174482,0.0,-0.002991,0.0,0.0,0.0,-0.143341,-0.174482,0.0,-0.041222,0.0,0.0,0.0,0.0,0.0,-0.0,0.0,-0.0,0.0,-0.0,0.0,-0.0,0.001953,-0.004883,0.0,0.000192,-0.0,0.000064,0.0,-0.000064,0.0,-0.000192,0.0,0.0,0.0,0.017317,
0.0,0.48455,0.875505,-0.000066,0.0,1.570796,0.0,0.809968,0.096802,0.0,0.0,0.0,-0.196292,-0.023927,0.005615,0.372094,-0.174519,0.024599,-0.121091,0.04467,0.022755,0.927142,0.276926,0.005176,0.039899,0.174482,0.0,-0.002991,0.0,0.0,0.0,-0.138092,-0.174482,-0.0,-0.036698,0.0,0.0,0.0,0.0,0.0,-0.0,0.0,-0.0,0.0,-0.0,0.0,-0.0,0.001953,-0.004883,0.0,0.000192,0.0,0.000064,0.0,-0.000064,0.0,-0.000192,0.0,0.0,0.0,0.01598,
0.0,0.49265,0.876473,-0.000066,0.0,1.570796,0.0,0.809972,0.096802,0.0,0.0,0.0,-0.178098,-0.023927,0.005615,0.353955,-0.174868,0.024599,-0.143131,0.045806,0.02389,0.940094,0.262657,0.005762,0.028709,0.174482,0.0,-0.002991,0.0,0.0,0.0,-0.132843,-0.174482,0.0,-0.032175,0.0,0.0,0.0,0.0,0.0,0.0,0.0,0.0,0.0,0.0,0.0,-0.0,0.001953,-0.004883,0.0,0.000192,0.0,0.000064,0.0,-0.000064,0.0,-0.000192,0.0,0.0,0.0,0.014643,
0.0,0.50075,0.877441,-0.000066,0.0,1.570796,0.0,0.809968,0.096802,0.0,0.0,0.0,-0.159906,-0.023927,0.005615,0.335817,-0.175217,0.024599,-0.165168,0.046942,0.025026,0.953046,0.248389,0.006348,0.017519,0.174482,0.0,-0.002991,-0.0,0.0,0.0,-0.127594,-0.174482,0.0,-0.027651,0.0,0.0,0.0,0.0,0.0,-0.0,0.0,-0.0,0.0,-0.0,0.0,-0.0,0.001953,-0.004883,0.0,0.000192,0.0,0.000064,0.0,-0.000064,0.0,-0.000192,0.0,0.0,0.0,0.013306,
0.0,0.508432,0.877924,-0.000066,0.0,1.570796,0.0,0.768254,0.048261,0.0,0.0,0.0,-0.14196,-0.023927,0.005451,0.317402,-0.174739,0.024489,-0.18506,0.046942,0.02466,0.958086,0.225559,0.005103,0.004354,0.174482,-0.0,-0.006488,0.0,0.0,0.0,-0.121101,-0.174482,0.0,-0.02452,0.0,0.0,0.0,-0.0,0.0,-0.0,0.0,-0.0,0.0,-0.0,0.0,-0.0,0.001953,-0.004883,0.0,0.000192,0.0,0.000064,0.0,-0.000064,0.0,-0.000192,0.0,0.0,0.0,0.011677,
0.0,0.516115,0.878406,-0.000066,0.0,1.570796,0.0,0.768261,0.048253,0.0,0.0,0.0,-0.124012,-0.023927,0.005286,0.298984,-0.174261,0.024379,-0.204955,0.046942,0.024293,0.963126,0.202723,0.003858,-0.008813,0.174482,0.0,-0.009985,0.0,0.0,0.0,-0.114607,-0.174482,0.0,-0.021388,0.0,0.0,0.0,0.0,0.0,0.0,0.0,0.0,0.0,0.0,0.0,-0.0,0.001953,-0.004883,0.0,0.000192,0.0,0.000064,0.0,-0.000064,0.0,-0.000192,0.0,0.0,0.0,0.010047,
0.0,0.523797,0.878889,-0.000066,0.0,1.570796,0.0,0.76825,0.048246,0.0,0.0,0.0,-0.106065,-0.023927,0.005121,0.280568,-0.173784,0.024269,-0.224848,0.046942,0.023927,0.968165,0.179889,0.002613,-0.021979,0.174482,0.0,-0.013483,0.0,0.0,0.0,-0.108114,-0.174482,0.0,-0.018257,0.0,0.0,0.0,0.0,0.0,-0.0,0.0,0.0,0.0,-0.0,0.0,0.0,0.001953,-0.004883,0.0,0.000192,0.0,0.000064,0.0,-0.000064,0.0,-0.000192,0.0,0.0,0.0,0.008417,
0.0,0.531564,0.87914,-0.000066,0.0,1.570796,0.0,0.776644,0.025114,0.0,0.0,0.0,-0.087137,-0.023927,0.004956,0.260501,-0.172313,0.024232,-0.245271,0.046368,0.022963,0.969307,0.159186,0.001013,-0.035195,0.174482,0.0,-0.019959,-0.0,0.0,0.0,-0.100988,-0.174482,0.0,-0.014942,0.0,0.0,0.0,0.0,0.0,-0.0,0.0,-0.0,0.0,-0.0,0.0,0.0,0.001953,-0.004883,0.0,0.000192,0.0,0.000064,0.0,-0.000064,0.0,-0.000192,0.0,0.0,0.0,0.006629,
0.0,0.539372,0.879275,-0.000066,0.0,1.570796,0.0,0.780845,0.013541,0.0,0.0,0.0,-0.067714,-0.023927,0.004791,0.239602,-0.170347,0.024232,-0.265965,0.045507,0.021699,0.9685,0.139543,-0.000763,-0.048439,0.174482,0.0,-0.027925,-0.0,0.0,0.0,-0.093546,-0.174482,0.0,-0.011537,0.0,0.0,0.0,0.0,0.0,-0.0,0.0,-0.0,0.0,-0.0,0.0,-0.0,0.001953,-0.004883,0.0,0.000192,0.0,0.000064,0.0,-0.000064,0.0,-0.000192,0.0,0.0,0.0,0.004761,
0.0,0.547181,0.87941,-0.000066,0.0,1.570796,-0.0,0.780845,0.013541,0.0,0.0,0.0,-0.048292,-0.023927,0.004627,0.218703,-0.168381,0.024232,-0.286658,0.044646,0.020436,0.967693,0.1199,-0.002539,-0.061682,0.174482,0.0,-0.035891,-0.0,0.0,0.0,-0.086103,-0.174482,0.0,-0.008131,0.0,0.0,0.0,0.0,0.0,0.0,0.0,-0.0,0.0,0.0,0.0,0.0,0.001953,-0.004883,0.0,0.000192,0.0,0.000064,0.0,-0.000064,0.0,-0.000192,0.0,0.0,0.0,0.002893,
0.0,0.555115,0.879418,-0.000066,0.0,1.570796,0.0,0.793472,0.000732,0.0,0.0,0.0,-0.028961,-0.023927,0.004413,0.198274,-0.166684,0.024202,-0.307701,0.043694,0.019038,0.965903,0.102451,-0.004266,-0.075142,0.174482,0.0,-0.044157,0.0,0.0,0.0,-0.078009,-0.174482,0.0,-0.00586,0.0,0.0,0.0,0.0,0.0,-0.0,-0.0,0.0,0.0,0.0,0.0,-0.0,0.001953,-0.004883,0.0,0.000192,0.0,0.000064,0.0,-0.000064,0.0,-0.000192,0.0,0.0,0.0,0.001044,
-0.0,0.563303,0.879169,-0.000066,0.0,1.570796,-0.0,0.818739,-0.024917,0.0,0.0,0.0,-0.009806,-0.023927,0.004102,0.178772,-0.165526,0.02411,-0.329452,0.042558,0.017372,0.962145,0.089383,-0.005896,-0.089037,0.174482,0.0,-0.053023,0.0,0.0,0.0,-0.06861,-0.174482,0.0,-0.00586,0.0,0.0,0.0,0.0,0.0,-0.0,-0.0,0.0,0.0,0.0,0.0,0.0,0.001953,-0.004883,0.0,0.000192,0.0,0.000064,0.0,-0.000064,0.0,-0.000192,0.0,0.0,0.0,-0.000769,
0.0,0.57149,0.878919,-0.000066,0.0,1.570796,0.0,0.81875,-0.024909,0.0,0.0,0.0,0.00935,-0.023927,0.00379,0.159269,-0.164369,0.024019,-0.351205,0.041423,0.015705,0.958387,0.076314,-0.007526,-0.102933,0.174482,-0.0,-0.06189,0.0,0.0,0.0,-0.059211,-0.174482,0.0,-0.00586,0.0,0.0,0.0,0.0,0.0,-0.0,0.0,-0.0,0.0,-0.0,0.0,-0.0,0.001953,-0.004883,0.0,0.000192,0.0,0.000064,0.0,-0.000064,0.0,-0.000192,0.0,-0.0,0.0,-0.002582,
0.0,0.579678,0.87867,-0.000066,0.0,1.570796,-0.0,0.818742,-0.024917,0.0,0.0,0.0,0.028503,-0.023927,0.003479,0.139769,-0.163211,0.023927,-0.372955,0.040287,0.014039,0.954629,0.063247,-0.009155,-0.116828,0.174482,-0.0,-0.070756,0.0,0.0,0.0,-0.049813,-0.174482,0.0,-0.00586,0.0,0.0,0.0,-0.0,0.0,-0.0,0.0,-0.0,0.0,-0.0,0.0,0.0,0.001953,-0.004883,0.0,0.000192,0.0,0.000064,0.0,-0.000064,0.0,-0.000192,0.0,0.0,0.0,-0.004394,
0.0,0.5882,0.878017,-0.000066,0.0,1.570796,0.0,0.852227,-0.065305,0.0,0.0,0.0,0.037991,-0.023945,0.003168,0.139895,-0.171593,0.023927,-0.394948,0.03939,0.012885,0.947989,0.055992,-0.010181,-0.13032,0.174482,0.0,-0.079333,0.0,0.0,0.0,-0.038806,-0.174482,-0.0,-0.00586,0.0,0.0,0.0,0.0,0.0,-0.0,-0.0,-0.0,0.0,0.0,0.0,0.0,0.001953,-0.004883,0.0,0.000192,0.0,0.000064,0.0,-0.000064,0.0,-0.000192,0.0,0.0,0.0,-0.005164,
0.0,0.596722,0.877364,-0.000066,0.0,1.570796,0.0,0.852234,-0.065305,0.0,0.0,0.0,0.047479,-0.023964,0.002857,0.140023,-0.179976,0.023927,-0.416945,0.038492,0.011732,0.941349,0.048739,-0.011206,-0.143812,0.174482,0.0,-0.08791,0.0,0.0,0.0,-0.0278,-0.174482,0.0,-0.00586,0.0,0.0,0.0,0.0,0.0,-0.0,0.0,0.0,0.0,-0.0,0.0,-0.0,0.001953,-0.004883,0.0,0.000192,0.0,0.000064,0.0,-0.000064,0.0,-0.000192,0.0,-0.0,0.0,-0.005933,
0.0,0.605244,0.876711,-0.000066,0.0,1.570796,0.0,0.852223,-0.065312,0.0,0.0,0.0,0.056967,-0.023982,0.002545,0.140152,-0.188358,0.023927,-0.43894,0.037595,0.010578,0.93471,0.041485,-0.012232,-0.157304,0.174482,0.0,-0.096488,0.0,0.0,0.0,-0.016793,-0.174482,0.0,-0.00586,0.0,0.0,0.0,-0.0,0.0,0.0,0.0,-0.0,0.0,-0.0,0.0,-0.0,0.001953,-0.004883,0.0,0.000192,0.0,0.000064,0.0,-0.000064,0.0,-0.000192,0.0,0.0,0.0,-0.006702,
0.0,0.613914,0.876199,-0.000066,0.0,1.570796,0.0,0.866928,-0.051212,0.0,0.0,0.0,0.066555,-0.023988,0.002167,0.140262,-0.193908,0.023927,-0.455698,0.03671,0.009693,0.919888,0.035392,-0.01316,-0.170921,0.174482,-0.0,-0.10502,0.0,0.0,0.0,-0.006325,-0.174482,0.0,-0.00586,0.0,0.0,0.0,0.0,0.0,-0.0,0.0,0.0,0.0,-0.0,0.0,0.0,0.001953,-0.004883,0.0,0.000192,0.0,0.000064,0.0,-0.000064,0.0,-0.000192,0.0,0.0,0.0,-0.00708,
0.0,0.622657,0.875757,-0.000066,0.0,1.570796,-0.0,0.874289,-0.044162,0.0,0.0,0.0,0.076194,-0.023988,0.001755,0.140363,-0.198041,0.023927,-0.469839,0.035831,0.008942,0.900969,0.02988,-0.014039,-0.184604,0.174482,-0.0,-0.11353,0.0,0.0,0.0,0.003875,-0.174482,0.0,-0.00586,0.0,0.0,0.0,0.0,0.0,-0.0,0.0,-0.0,0.0,-0.0,0.0,-0.0,0.001953,-0.004883,0.0,0.000192,0.0,0.000064,0.0,-0.000064,0.0,-0.000192,0.0,0.0,0.0,-0.007263,
0.0,0.631399,0.875316,-0.000066,0.0,1.570796,0.0,0.874278,-0.044162,0.0,0.0,0.0,0.085833,-0.023988,0.001343,0.140464,-0.202173,0.023927,-0.48398,0.034952,0.008191,0.882051,0.024368,-0.014917,-0.198286,0.174482,-0.0,-0.122041,-0.0,0.0,0.0,0.014074,-0.174482,0.0,-0.00586,0.0,0.0,0.0,0.0,0.0,-0.0,0.0,0.0,-0.0,0.0,0.0,0.0,0.001953,-0.004883,0.0,0.000192,0.0,0.000064,0.0,-0.000064,0.0,-0.000192,0.0,0.0,0.0,-0.007447,
0.0,0.640255,0.874826,-0.000066,0.0,1.570796,0.0,0.88557,-0.048945,0.0,0.0,0.0,0.09559,-0.024006,0.000931,0.140565,-0.206306,0.023948,-0.495443,0.034091,0.007538,0.859061,0.01877,-0.015796,-0.211905,0.174482,-0.0,-0.13048,0.0,0.0,0.0,0.023999,-0.174482,0.0,-0.00586,0.0,0.0,0.0,-0.0,0.0,0.0,0.0,-0.0,0.0,0.0,0.0,-0.0,0.001953,-0.004883,0.0,0.000192,0.0,0.000064,0.0,-0.000064,0.0,-0.000192,0.0,0.0,0.0,-0.007501,
0.0,0.649337,0.874241,-0.000066,0.0,1.570796,0.0,0.908169,-0.058511,0.0,0.0,0.0,0.105584,-0.024061,0.000519,0.140666,-0.210438,0.024013,-0.50155,0.033267,0.00708,0.827907,0.013002,-0.016675,-0.225398,0.174482,0.0,-0.138777,-0.0,0.0,0.0,0.033376,-0.174482,0.0,-0.00586,0.0,0.0,0.0,0.0,0.0,0.0,0.0,0.0,-0.0,0.0,0.0,0.0,0.001953,-0.004883,0.0,0.000192,0.0,0.000064,0.0,-0.000064,0.0,-0.000192,0.0,0.0,0.0,-0.0073,
0.0,0.658419,0.873656,-0.000066,0.0,1.570796,0.0,0.908176,-0.058511,0.0,0.0,0.0,0.115579,-0.024116,0.000107,0.140767,-0.214571,0.024077,-0.507657,0.032443,0.006623,0.796747,0.007234,-0.017554,-0.238891,0.174482,-0.0,-0.147075,0.0,0.0,0.0,0.042753,-0.174482,0.0,-0.00586,0.0,0.0,0.0,0.0,0.0,0.0,0.0,0.0,0.0,-0.0,0.0,0.0,0.001953,-0.004883,0.0,0.000192,0.0,0.000064,0.0,-0.000064,0.0,-0.000192,0.0,0.0,0.0,-0.007099,
0.0,0.6675,0.873071,-0.000066,0.0,1.570796,0.0,0.908169,-0.058511,0.0,0.0,0.0,0.125573,-0.024171,-0.000305,0.140868,-0.218703,0.024141,-0.513764,0.031619,0.006165,0.765598,0.001466,-0.018433,-0.252384,0.174482,0.0,-0.155372,0.0,0.0,0.0,0.05213,-0.174482,0.0,-0.00586,0.0,0.0,0.0,0.0,0.0,0.0,0.0,0.0,-0.0,0.0,0.0,0.0,0.001953,-0.004883,0.0,0.000192,0.0,0.000064,0.0,-0.000064,0.0,-0.000192,0.0,0.0,0.0,-0.006897,
0.0,0.676887,0.872382,-0.000066,0.0,1.570796,0.0,0.938717,-0.068869,0.0,0.0,0.0,0.135927,-0.024171,-0.000836,0.140978,-0.223237,0.024205,-0.512762,0.030849,0.005854,0.723684,-0.004723,-0.019184,-0.263639,0.174482,0.0,-0.162392,-0.0,0.0,0.0,0.061163,-0.174482,0.0,-0.00586,0.0,0.0,0.0,0.0,0.0,0.0,-0.0,0.0,0.0,0.0,0.0,0.0,0.001953,-0.004883,0.0,0.000192,0.0,0.000064,0.0,-0.000064,0.0,-0.000192,0.0,0.0,0.0,-0.006897,
0.0,0.686275,0.871694,-0.000066,0.0,1.570796,0.0,0.938725,-0.068869,0.0,0.0,0.0,0.146281,-0.024171,-0.001367,0.141088,-0.22777,0.024269,-0.511759,0.03008,0.005542,0.681744,-0.010913,-0.019935,-0.274894,0.174482,0.0,-0.169411,0.0,0.0,0.0,0.070195,-0.174482,0.0,-0.00586,0.0,0.0,0.0,-0.0,0.0,0.0,0.0,-0.0,0.0,0.0,0.0,-0.0,0.001953,-0.004883,0.0,0.000192,0.0,0.000064,0.0,-0.000064,0.0,-0.000192,0.0,0.0,0.0,-0.006897,
0.0,0.695662,0.871005,-0.000066,0.0,1.570796,0.0,0.938725,-0.068869,0.0,0.0,0.0,0.156635,-0.024171,-0.001898,0.141198,-0.232304,0.024333,-0.510756,0.029311,0.005231,0.639817,-0.017102,-0.020686,-0.286149,0.174482,0.0,-0.17643,0.0,0.0,0.0,0.079228,-0.174482,0.0,-0.00586,-0.0,0.0,0.0,0.0,0.0,0.0,0.0,-0.0,0.0,-0.0,0.0,-0.0,0.001953,-0.004883,0.0,0.000192,0.0,0.000064,0.0,-0.000064,0.0,-0.000192,0.0,0.0,0.0,-0.006897,
0.0,0.705429,0.870387,-0.000066,0.0,1.570796,0.0,0.976696,-0.061772,0.0,0.0,0.0,0.167428,-0.024257,-0.002991,0.141455,-0.239412,0.024501,-0.506264,0.028652,0.004956,0.595092,-0.024219,-0.021314,-0.295508,0.174482,0.0,-0.183013,0.0,0.0,0.0,0.087421,-0.174482,0.0,-0.00586,0.0,0.0,0.0,0.0,0.0,-0.0,0.0,-0.0,0.0,-0.0,0.0,-0.0,0.001953,-0.004883,0.0,0.000192,0.0,0.000064,0.0,-0.000064,0.0,-0.000192,0.0,0.0,0.0,-0.007068,
0.0,0.715386,0.869805,-0.000066,0.0,1.570796,0.0,0.995708,-0.05823,0.0,0.0,0.0,0.17844,-0.024385,-0.004364,0.141786,-0.247808,0.024721,-0.500028,0.028048,0.0047,0.548916,-0.031801,-0.021882,-0.303918,0.174482,-0.0,-0.189377,0.0,0.0,0.0,0.095193,-0.174482,0.0,-0.00586,0.0,0.0,0.0,0.0,0.0,0.0,0.0,-0.0,0.0,0.0,0.0,-0.0,0.001953,-0.004883,0.0,0.000192,0.0,0.000064,0.0,-0.000064,0.0,-0.000192,0.0,0.0,0.0,-0.007324,
0.0,0.725343,0.869223,-0.000066,0.0,1.570796,0.0,0.995708,-0.058223,0.0,0.0,0.0,0.189453,-0.024513,-0.005737,0.142116,-0.256204,0.02494,-0.493791,0.027443,0.004444,0.50274,-0.039383,-0.02245,-0.312328,0.174482,0.0,-0.195741,0.0,0.0,0.0,0.102966,-0.174482,0.0,-0.00586,0.0,0.0,0.0,0.0,0.0,-0.0,0.0,-0.0,0.0,-0.0,0.0,-0.0,0.001953,-0.004883,0.0,0.000192,0.0,0.000064,0.0,-0.000064,0.0,-0.000192,0.0,0.0,0.0,-0.007581,
0.0,0.735581,0.86871,-0.000066,0.0,1.570796,0.0,1.023754,-0.051278,0.0,0.0,0.0,0.200649,-0.024635,-0.007239,0.142462,-0.263212,0.0252,-0.487008,0.026937,0.004224,0.460988,-0.046831,-0.022926,-0.319593,0.174482,0.0,-0.201776,0.0,0.0,0.0,0.110349,-0.174482,0.0,-0.00586,0.0,0.0,0.0,0.0,0.0,-0.0,-0.0,0.0,0.0,0.0,0.0,0.0,0.001953,-0.004883,0.0,0.000192,0.0,0.000064,0.0,-0.000064,0.0,-0.000192,0.0,0.0,0.0,-0.007923,
0.0,0.746379,0.868336,-0.000066,0.0,1.570796,0.0,1.079882,-0.037374,0.0,0.0,0.0,0.212216,-0.024744,-0.008997,0.142838,-0.267444,0.025539,-0.479132,0.026625,0.004077,0.428004,-0.054012,-0.023219,-0.324567,0.174482,0.0,-0.207153,-0.0,-0.0,-0.0,0.116953,-0.174482,0.0,-0.00586,0.0,0.0,0.0,0.0,-0.0,0.0,0.0,-0.0,0.0,0.0,0.0,0.0,0.001953,-0.004883,0.0,0.000192,0.0,0.000064,0.0,-0.000064,0.0,-0.000192,0.0,0.0,0.0,-0.008435,
0.0,0.757178,0.867962,-0.000066,0.0,1.570796,0.0,1.079897,-0.037374,0.0,0.0,0.0,0.223784,-0.024854,-0.010755,0.143214,-0.271675,0.025877,-0.471255,0.026314,0.003931,0.395014,-0.061193,-0.023512,-0.32954,0.174482,-0.0,-0.212529,0.0,0.0,0.0,0.123557,-0.174482,-0.0,-0.00586,0.0,0.0,0.0,-0.0,0.0,0.0,0.0,0.0,0.0,0.0,0.0,0.0,0.001953,-0.004883,0.0,0.000192,0.0,0.000064,0.0,-0.000064,0.0,-0.000192,0.0,-0.0,0.0,-0.008948,
0.0,0.767977,0.867589,-0.000066,0.0,1.570796,0.0,1.079882,-0.037366,0.0,0.0,0.0,0.23535,-0.024964,-0.012512,0.143591,-0.275906,0.026216,-0.463378,0.026003,0.003784,0.362036,-0.068374,-0.023805,-0.334514,0.174482,0.0,-0.217905,0.0,0.0,0.0,0.130161,-0.174482,0.0,-0.00586,-0.0,0.0,0.0,0.0,0.0,0.0,0.0,0.0,0.0,0.0,0.0,0.0,0.001953,-0.004883,0.0,0.000192,0.0,0.000064,0.0,-0.000064,0.0,-0.000192,0.0,0.0,0.0,-0.009461,
0.0,0.779756,0.867652,-0.000066,0.0,1.570796,0.0,1.177833,0.006288,0.0,0.0,0.0,0.247073,-0.025129,-0.0146,0.143967,-0.271916,0.026555,-0.453314,0.025874,0.003784,0.342192,-0.07017,-0.023897,-0.334143,0.174482,0.0,-0.219121,-0.0,0.0,0.0,0.136163,-0.174482,0.0,-0.00586,0.0,0.0,0.0,0.0,0.0,-0.0,0.0,-0.0,0.0,0.0,0.0,-0.0,0.001953,-0.004883,0.0,0.000192,0.0,0.000064,0.0,-0.000064,0.0,-0.000192,0.0,0.0,0.0,-0.010651,
0.0,0.791534,0.867715,-0.000066,0.0,1.570796,0.0,1.177825,0.006288,0.0,0.0,0.0,0.258796,-0.025293,-0.016687,0.144343,-0.267925,0.026894,-0.443249,0.025746,0.003784,0.322347,-0.071966,-0.023988,-0.333772,0.174482,-0.0,-0.220337,0.0,0.0,-0.0,0.142166,-0.174482,0.0,-0.00586,0.0,0.0,0.0,0.0,0.0,-0.0,0.0,-0.0,0.0,-0.0,0.0,0.0,0.001953,-0.004883,0.0,0.000192,0.0,0.000064,0.0,-0.000064,0.0,-0.000192,0.0,0.0,0.0,-0.011841,
0.0,0.803312,0.867778,-0.000066,0.0,1.570796,0.0,1.177833,0.006296,0.0,0.0,0.0,0.270519,-0.025458,-0.018775,0.14472,-0.263934,0.027232,-0.433184,0.025618,0.003784,0.302503,-0.073761,-0.02408,-0.3334,0.174482,0.0,-0.221553,0.0,0.0,0.0,0.148168,-0.174482,0.0,-0.00586,0.0,0.0,0.0,-0.0,0.0,0.0,0.0,-0.0,0.0,0.0,0.0,0.0,0.001953,-0.004883,0.0,0.000192,0.0,0.000064,0.0,-0.000064,0.0,-0.000192,0.0,0.0,0.0,-0.013031,
0.0,0.815572,0.86792,-0.000066,0.0,1.570796,0.0,1.225959,0.014257,0.0,0.0,0.0,0.281744,-0.025598,-0.020423,0.144931,-0.250255,0.027284,-0.424913,0.025575,0.003931,0.294801,-0.070404,-0.024061,-0.330259,0.174482,-0.0,-0.221431,0.0,0.0,0.0,0.153904,-0.174482,0.0,-0.00586,0.0,0.0,-0.0,-0.0,0.0,0.0,0.0,0.0,0.0,0.0,0.0,-0.0,0.001953,-0.004883,0.0,0.000192,0.0,0.000064,0.0,-0.000064,0.0,-0.000192,0.0,0.0,0.0,-0.014527,
0.0,0.828072,0.868102,-0.000066,0.0,1.570796,0.0,1.250029,0.018241,0.0,0.0,0.0,0.29272,-0.025726,-0.021851,0.14506,-0.231726,0.027193,-0.417538,0.025575,0.00415,0.293172,-0.064468,-0.023988,-0.325731,0.174482,0.0,-0.220638,0.0,0.0,-0.0,0.159507,-0.174482,-0.0,-0.00586,-0.0,-0.0,-0.0,0.0,0.0,-0.0,0.0,0.0,0.0,0.0,0.0,0.0,0.001953,-0.004883,0.0,0.000192,0.0,0.000064,0.0,-0.000064,0.0,-0.000192,0.0,0.0,0.0,-0.016175,
0.0,0.840573,0.868285,-0.000066,0.0,1.570796,0.0,1.250052,0.018241,0.0,0.0,0.0,0.303696,-0.025854,-0.02328,0.145188,-0.213197,0.027101,-0.410163,0.025575,0.00437,0.291544,-0.058532,-0.023915,-0.321203,0.174482,0.0,-0.219846,0.0,0.0,0.0,0.16511,-0.174482,-0.0,-0.00586,0.0,0.0,0.0,-0.0,0.0,-0.0,0.0,0.0,0.0,0.0,0.0,-0.0,0.001953,-0.004883,0.0,0.000192,0.0,0.000064,0.0,-0.000064,0.0,-0.000192,-0.0,-0.0,0.0,-0.017823,
0.0,0.853137,0.868488,-0.000066,0.0,1.570796,0.0,1.256491,0.020355,0.0,0.0,0.0,0.314286,-0.025976,-0.024604,0.145274,-0.190964,0.026833,-0.403186,0.025612,0.00459,0.292253,-0.052304,-0.02382,-0.315764,0.174482,-0.0,-0.218717,0.0,0.0,0.0,0.170009,-0.174482,0.0,-0.00586,-0.0,0.0,0.0,0.0,0.0,-0.0,0.0,0.0,0.0,-0.0,0.0,0.0,0.001953,-0.004883,0.0,0.000192,0.0,0.000064,0.0,-0.000064,-0.0,-0.000192,0.0,0.0,0.0,-0.019446,
0.0,0.865831,0.868734,-0.000066,0.0,1.570796,0.0,1.269377,0.024567,0.0,0.0,0.0,0.324104,-0.026086,-0.025721,0.145274,-0.161303,0.02621,-0.397005,0.025722,0.00481,0.297642,-0.045491,-0.023683,-0.308501,0.174482,0.0,-0.216912,0.0,0.0,0.0,0.173502,-0.174482,0.0,-0.00586,0.0,0.0,0.0,0.0,0.0,0.0,0.0,-0.0,0.0,-0.0,0.0,-0.0,0.001953,-0.004883,0.0,0.000192,0.0,0.000064,0.0,-0.000064,0.0,-0.000192,0.0,0.0,0.0,-0.021021,
0.0,0.878525,0.86898,-0.000066,0.0,1.570796,0.0,1.269392,0.024574,0.0,0.0,0.0,0.333922,-0.026196,-0.026839,0.145274,-0.131638,0.025588,-0.390824,0.025832,0.005029,0.303031,-0.038677,-0.023546,-0.301238,0.174482,-0.0,-0.215107,-0.0,0.0,0.0,0.176994,-0.174482,0.0,-0.00586,0.0,0.0,0.0,0.0,0.0,-0.0,0.0,-0.0,0.0,-0.0,0.0,-0.0,0.001953,-0.004883,0.0,0.000192,0.0,0.000064,0.0,-0.000064,0.0,-0.000192,0.0,0.0,0.0,-0.022596,
0.0,0.891219,0.869226,-0.000066,0.0,1.570796,0.0,1.269384,0.024574,0.0,0.0,0.0,0.34374,-0.026306,-0.027956,0.145274,-0.101981,0.024965,-0.384643,0.025941,0.005249,0.308419,-0.031864,-0.023408,-0.293975,0.174482,0.0,-0.213302,0.0,0.0,0.0,0.180487,-0.174482,0.0,-0.00586,-0.0,0.0,0.0,0.0,0.0,0.0,-0.0,-0.0,0.0,0.0,-0.0,0.0,0.001953,-0.004883,0.0,0.000192,0.0,0.000064,0.0,-0.000064,0.0,-0.000192,0.0,0.0,0.0,-0.024171,
0.0,0.902272,0.869627,-0.000066,0.0,1.570796,0.0,1.10529,0.040143,0.0,0.0,0.0,0.351108,-0.026215,-0.026308,0.14476,-0.064255,0.024086,-0.375869,0.025996,0.005579,0.307901,-0.0215,-0.023271,-0.288666,0.174482,-0.0,-0.213559,0.0,0.0,-0.0,0.17503,-0.174482,0.0,-0.00586,-0.0,0.0,0.0,-0.0,0.0,-0.0,0.0,0.0,0.0,0.0,0.0,0.0,0.001953,-0.004883,0.0,0.000192,0.0,0.000064,0.0,-0.000064,-0.0,-0.000192,0.0,0.0,0.0,-0.023677,
0.0,0.913325,0.870028,-0.000066,0.0,1.570796,0.0,1.105275,0.040143,0.0,0.0,0.0,0.358475,-0.026124,-0.02466,0.144246,-0.026509,0.023207,-0.367094,0.026051,0.005908,0.307383,-0.011135,-0.023134,-0.283357,0.174482,0.0,-0.213817,-0.0,0.0,-0.0,0.169571,-0.174482,0.0,-0.00586,0.0,0.0,0.0,0.0,0.0,0.0,0.0,0.0,-0.0,0.0,0.0,0.0,0.001953,-0.004883,0.0,0.000192,0.0,0.000064,0.0,-0.000064,0.0,-0.000192,-0.0,0.0,0.0,-0.023182,
0.0,0.924377,0.87043,-0.000066,0.0,1.570796,0.0,1.10526,0.040143,0.0,0.0,0.0,0.365843,-0.026032,-0.023012,0.143732,0.011227,0.022328,-0.35832,0.026106,0.006238,0.306864,-0.000771,-0.022996,-0.278047,0.174482,-0.0,-0.214075,0.0,0.0,0.0,0.164113,-0.174482,0.0,-0.00586,0.0,0.0,0.0,0.0,0.0,-0.0,0.0,-0.0,0.0,-0.0,0.0,0.0,0.001953,-0.004883,0.0,0.000192,0.0,0.000064,0.0,-0.000064,0.0,-0.000192,0.0,-0.0,0.0,-0.022688,
0.0,0.935015,0.87087,-0.000066,0.0,1.570796,-0.0,1.063817,0.044054,0.0,0.0,0.0,0.343925,-0.026124,-0.018996,0.194076,0.042683,0.021754,-0.350303,0.026125,0.006409,0.309459,0.003479,-0.02295,-0.272004,0.174482,-0.0,-0.213093,0.0,0.0,0.0,0.156064,-0.174482,0.0,-0.00586,0.0,0.0,0.0,0.0,0.0,0.0,0.0,-0.0,0.0,-0.0,0.0,0.0,0.001953,-0.004883,0.0,0.000192,0.0,0.000064,0.0,-0.000064,0.0,-0.000192,0.0,0.0,0.0,-0.02223,
0.0,0.945446,0.87133,-0.000066,0.0,1.570796,0.0,1.043065,0.045998,0.0,0.0,0.0,0.307335,-0.026307,-0.013796,0.270029,0.071016,0.021333,-0.342666,0.026125,0.0065,0.313611,0.004669,-0.02295,-0.265594,0.174482,0.0,-0.211491,0.0,0.0,0.0,0.146718,-0.174482,0.0,-0.00586,0.0,0.0,0.0,0.0,0.0,0.0,0.0,0.0,0.0,-0.0,0.0,0.0,0.001953,-0.004883,0.0,0.000192,0.0,0.000064,0.0,-0.000064,0.0,-0.000192,0.0,-0.0,0.0,-0.021791,
0.0,0.955877,0.87179,-0.000066,0.0,1.570796,0.0,1.043095,0.045998,0.0,0.0,0.0,0.270745,-0.026491,-0.008595,0.345985,0.099349,0.020912,-0.335028,0.026125,0.006592,0.317764,0.005859,-0.02295,-0.259183,0.174482,0.0,-0.209889,0.0,0.0,0.0,0.137372,-0.174482,0.0,-0.00586,0.0,0.0,0.0,0.0,0.0,-0.0,0.0,-0.0,0.0,-0.0,0.0,-0.0,0.001953,-0.004883,0.0,0.000192,0.0,0.000064,0.0,-0.000064,0.0,-0.000192,0.0,-0.0,0.0,-0.021351,
0.0,0.966235,0.87227,-0.000066,0.0,1.570796,0.0,1.035809,0.047928,0.0,0.0,0.0,0.229163,-0.027067,-0.005389,0.426242,0.126964,0.019893,-0.326865,0.026125,0.006629,0.321398,0.004805,-0.02295,-0.252162,0.174482,0.0,-0.207245,-0.0,0.0,0.0,0.127285,-0.174482,0.0,-0.00586,0.0,0.0,0.0,0.0,0.0,-0.0,0.0,0.0,0.0,-0.0,0.0,0.0,0.001953,-0.004883,0.0,0.000192,0.0,0.000064,0.0,-0.000064,0.0,-0.000192,0.0,0.0,0.0,-0.021009,
0.0,0.976447,0.872787,-0.000066,0.0,1.570796,0.0,1.021221,0.05178,0.0,0.0,0.0,0.177504,-0.028432,-0.006177,0.515698,0.153163,0.017677,-0.31765,0.026125,0.006555,0.323996,-0.000744,-0.02295,-0.243917,0.174482,0.0,-0.202515,0.0,0.0,0.0,0.115712,-0.174482,0.0,-0.00586,0.0,0.0,0.0,0.0,0.0,-0.0,0.0,0.0,0.0,0.0,0.0,-0.0,0.001953,-0.004883,0.0,0.000192,0.0,0.000064,0.0,-0.000064,0.0,-0.000192,0.0,0.0,0.0,-0.020863,
0.0,0.98666,0.873305,-0.000066,0.0,1.570796,0.0,1.021244,0.051787,0.0,0.0,0.0,0.125822,-0.029796,-0.006964,0.605275,0.179367,0.015461,-0.308436,0.026125,0.006482,0.326594,-0.006292,-0.02295,-0.235672,0.174482,-0.0,-0.197785,0.0,0.0,0.0,0.104139,-0.174482,0.0,-0.00586,0.0,0.0,0.0,0.0,0.0,-0.0,0.0,-0.0,0.0,-0.0,0.0,-0.0,0.001953,-0.004883,0.0,0.000192,0.0,0.000064,0.0,-0.000064,0.0,-0.000192,0.0,0.0,0.0,-0.020716,
0.0,0.996872,0.873823,-0.000066,0.0,1.570796,-0.0,1.021221,0.05178,0.0,0.0,0.0,0.074186,-0.03116,-0.007752,0.694611,0.205564,0.013246,-0.299221,0.026125,0.006409,0.329192,-0.01184,-0.02295,-0.227427,0.174482,-0.0,-0.193055,0.0,0.0,0.0,0.092567,-0.174482,0.0,-0.00586,0.0,0.0,0.0,-0.0,0.0,-0.0,0.0,-0.0,0.0,-0.0,0.0,-0.0,0.001953,-0.004883,0.0,0.000192,0.0,0.000064,0.0,-0.000064,0.0,-0.000192,0.0,0.0,0.0,-0.02057,
0.0,1.00703,0.874479,-0.000066,0.0,1.570796,0.0,1.015804,0.065543,0.0,0.0,0.0,0.037213,-0.032525,-0.008704,0.740947,0.238416,0.010481,-0.286981,0.026125,0.006226,0.327003,-0.021582,-0.023115,-0.216638,0.174482,0.0,-0.184121,0.0,0.0,0.0,0.081793,-0.174482,-0.0,-0.00586,0.0,0.0,0.0,-0.0,0.0,-0.0,0.0,-0.0,0.0,0.0,0.0,-0.0,0.001953,-0.004883,0.0,0.000192,0.0,0.000064,0.0,-0.000064,0.0,-0.000192,0.0,0.0,0.0,-0.020039,
0.0,1.017188,0.875134,-0.000066,0.0,1.570796,0.0,1.015796,0.06555,0.0,0.0,0.0,0.000226,-0.033889,-0.009656,0.787308,0.271281,0.007716,-0.27474,0.026125,0.006043,0.324813,-0.031325,-0.02328,-0.205848,0.174482,0.0,-0.175187,-0.0,-0.0,0.0,0.071018,-0.174482,0.0,-0.00586,0.0,0.0,0.0,0.0,-0.0,-0.0,0.0,-0.0,-0.0,-0.0,-0.0,-0.0,0.001953,-0.004883,0.0,0.000192,0.0,0.000064,0.0,-0.000064,0.0,-0.000192,0.0,0.0,0.0,-0.019508,
0.0,1.027346,0.87579,-0.000066,0.0,1.570796,0.0,1.015773,0.06555,0.0,0.0,0.0,-0.036752,-0.035254,-0.010608,0.833651,0.304139,0.004951,-0.262499,0.026125,0.00586,0.322624,-0.041067,-0.023445,-0.195058,0.174482,0.0,-0.166252,0.0,0.0,0.0,0.060243,-0.174482,-0.0,-0.00586,0.0,0.0,0.0,0.0,0.0,-0.0,0.0,0.0,0.0,-0.0,0.0,0.0,0.001953,-0.004883,0.0,0.000192,0.0,0.000064,0.0,-0.000064,0.0,-0.000192,0.0,-0.0,0.0,-0.018977,
0.0,1.037236,0.876342,-0.000066,0.0,1.570796,0.0,0.98901,0.055211,0.0,0.0,0.0,-0.070254,-0.035892,-0.010425,0.868888,0.308084,0.004089,-0.251213,0.026125,0.00564,0.321621,-0.05207,-0.02361,-0.184673,0.174482,0.0,-0.156725,0.0,0.0,0.0,0.047581,-0.174482,0.0,-0.00586,0.0,0.0,0.0,0.0,0.0,-0.0,0.0,0.0,0.0,0.0,0.0,0.0,0.001953,-0.004883,0.0,0.000192,0.0,0.000064,0.0,-0.000064,0.0,-0.000192,0.0,0.0,0.0,-0.017787,
0.0,1.046992,0.876842,-0.000066,0.0,1.570796,0.0,0.975567,0.050037,0.0,0.0,0.0,-0.102037,-0.036166,-0.009675,0.898595,0.297567,0.004181,-0.240405,0.026125,0.005402,0.321213,-0.063704,-0.023774,-0.17449,0.174482,-0.0,-0.146902,0.0,0.0,0.0,0.033973,-0.174482,0.0,-0.00586,0.0,0.0,0.0,0.0,0.0,0.0,0.0,-0.0,0.0,0.0,0.0,0.0,0.001953,-0.004883,0.0,0.000192,0.0,0.000064,0.0,-0.000064,0.0,-0.000192,0.0,0.0,0.0,-0.016267,
0.0,1.056747,0.877343,-0.000066,0.0,1.570796,0.0,0.975598,0.050045,0.0,0.0,0.0,-0.13382,-0.036441,-0.008924,0.928302,0.287049,0.004273,-0.229596,0.026125,0.005164,0.320805,-0.075338,-0.023939,-0.164307,0.174482,0.0,-0.137079,0.0,0.0,0.0,0.020365,-0.174482,0.0,-0.00586,0.0,0.0,0.0,-0.0,0.0,-0.0,0.0,0.0,0.0,-0.0,0.0,0.0,0.001953,-0.004883,0.0,0.000192,0.0,0.000064,0.0,-0.000064,0.0,-0.000192,0.0,0.0,0.0,-0.014747,
0.0,1.066418,0.878086,-0.000066,0.0,1.570796,-0.0,0.967074,0.074367,0.0,0.0,0.0,-0.162685,-0.036521,-0.008136,0.95121,0.274963,0.004639,-0.214744,0.026064,0.005051,0.312488,-0.083401,-0.02408,-0.154416,0.174482,0.0,-0.127309,0.0,0.0,0.0,0.005692,-0.174482,0.0,-0.00586,0.0,0.0,0.0,-0.0,0.0,-0.0,0.0,-0.0,-0.0,-0.0,0.0,-0.0,0.001953,-0.004883,0.0,0.000192,0.0,0.000064,0.0,-0.000064,0.0,-0.000192,0.0,-0.0,0.0,-0.01291,
0.0,1.075919,0.879317,-0.000066,0.0,1.570796,0.0,0.950088,0.123056,0.0,0.0,0.0,-0.185738,-0.036209,-0.007276,0.96053,0.259732,0.005554,-0.191792,0.02588,0.005188,0.288335,-0.084317,-0.024171,-0.145108,0.174482,0.0,-0.117643,0.0,-0.0,0.0,-0.011119,-0.174482,-0.0,-0.00586,0.0,0.0,0.0,-0.0,-0.0,0.0,0.0,0.0,0.0,-0.0,0.0,-0.0,0.001953,-0.004883,0.0,0.000192,0.0,0.000064,0.0,-0.000064,0.0,-0.000192,0.0,0.0,0.0,-0.010438,
0.0,1.08542,0.880547,-0.000066,0.0,1.570796,0.0,0.950095,0.123056,0.0,0.0,0.0,-0.208794,-0.035898,-0.006415,0.969849,0.244501,0.00647,-0.168839,0.025697,0.005325,0.264179,-0.085233,-0.024263,-0.135801,0.174482,-0.0,-0.107976,0.0,0.0,0.0,-0.027931,-0.174482,0.0,-0.00586,0.0,0.0,0.0,0.0,0.0,-0.0,0.0,0.0,0.0,-0.0,0.0,-0.0,0.001953,-0.004883,0.0,0.000192,0.0,0.000064,0.0,-0.000064,0.0,-0.000192,0.0,0.0,0.0,-0.007966,
-0.0,1.094921,0.881778,-0.000066,0.0,1.570796,-0.0,0.950065,0.123056,0.0,0.0,0.0,-0.231845,-0.035587,-0.005555,0.979168,0.229271,0.007385,-0.14589,0.025514,0.005463,0.240028,-0.08615,-0.024354,-0.126494,0.174482,0.0,-0.098311,0.0,0.0,0.0,-0.044741,-0.174482,-0.0,-0.00586,0.0,0.0,0.0,-0.0,0.0,-0.0,0.0,0.0,0.0,-0.0,0.0,-0.0,0.001953,-0.004883,-0.0,0.000192,0.0,0.000064,0.0,-0.000064,0.0,-0.000192,0.0,0.0,0.0,-0.005494,
0.0,1.104426,0.882537,-0.000066,0.0,1.570796,0.0,0.950503,0.075869,0.0,0.0,0.0,-0.251297,-0.035074,-0.004731,0.97944,0.211403,0.008539,-0.129325,0.025514,0.0056,0.228438,-0.086883,-0.024379,-0.115949,0.174482,0.0,-0.088744,0.0,0.0,0.0,-0.060572,-0.174482,0.0,-0.006445,0.0,0.0,0.0,0.0,0.0,-0.0,0.0,-0.0,0.0,0.0,0.0,-0.0,0.001953,-0.004883,0.0,0.000192,0.0,0.000064,0.0,-0.000064,0.0,-0.000192,0.0,-0.0,0.0,-0.002637,
0.0,1.113931,0.883295,-0.000066,0.0,1.570796,-0.0,0.95048,0.075853,0.0,0.0,0.0,-0.27075,-0.034561,-0.003907,0.97971,0.193532,0.009693,-0.11276,0.025514,0.005737,0.216849,-0.087616,-0.024403,-0.105405,0.174482,0.0,-0.079178,0.0,0.0,0.0,-0.076404,-0.174482,0.0,-0.007031,-0.0,0.0,0.0,-0.0,0.0,0.0,0.0,0.0,0.0,0.0,0.0,0.0,0.001953,-0.004883,0.0,0.000192,0.0,0.000064,0.0,-0.000064,0.0,-0.000192,0.0,0.0,0.0,0.000219,
0.0,1.123436,0.884054,-0.000066,0.0,1.570796,0.0,0.950503,0.075861,0.0,0.0,0.0,-0.290203,-0.034048,-0.003083,0.979979,0.175662,0.010846,-0.096195,0.025514,0.005875,0.205261,-0.088349,-0.024428,-0.09486,0.174482,0.0,-0.069611,0.0,0.0,0.0,-0.092235,-0.174482,0.0,-0.007617,0.0,0.0,0.0,0.0,0.0,-0.0,0.0,-0.0,0.0,-0.0,0.0,0.0,0.001953,-0.004883,0.0,0.000192,0.0,0.000064,0.0,-0.000064,0.0,-0.000192,0.0,-0.0,0.0,0.003076,
0.0,1.132985,0.884423,-0.000066,0.0,1.570796,0.0,0.954976,0.036921,0.0,0.0,0.0,-0.308947,-0.033535,-0.002393,0.975917,0.159939,0.011865,-0.081452,0.025453,0.005921,0.197301,-0.090267,-0.024452,-0.083894,0.174482,0.0,-0.060646,-0.0,0.0,0.0,-0.106146,-0.174482,0.0,-0.013256,0.0,0.0,0.0,0.0,0.0,-0.0,0.0,-0.0,0.0,-0.0,0.0,-0.0,0.001953,-0.004883,0.0,0.000192,0.0,0.000064,0.0,-0.000064,0.0,-0.000192,0.0,-0.0,0.0,0.00553,
-0.0,1.142558,0.884597,-0.000066,0.0,1.570796,-0.0,0.957251,0.017451,0.0,0.0,0.0,-0.327341,-0.033023,-0.00177,0.969688,0.145287,0.012818,-0.067618,0.025362,0.005921,0.191157,-0.092779,-0.024476,-0.072716,0.174482,0.0,-0.051982,0.0,0.0,0.0,-0.119097,-0.174482,0.0,-0.021423,-0.0,0.0,0.0,-0.0,0.0,-0.0,0.0,0.0,0.0,0.0,0.0,-0.0,0.001953,-0.004883,-0.0,0.000192,0.0,0.000064,0.0,-0.000064,0.0,-0.000192,0.0,0.0,0.0,0.007782,
0.0,1.15213,0.884772,-0.000066,0.0,1.570796,0.0,0.957251,0.017443,0.0,0.0,0.0,-0.345735,-0.03251,-0.001148,0.963458,0.130635,0.01377,-0.053785,0.02527,0.005921,0.185013,-0.09529,-0.024501,-0.061539,0.174482,0.0,-0.043317,0.0,0.0,0.0,-0.132048,-0.174482,0.0,-0.029591,0.0,0.0,0.0,0.0,0.0,-0.0,0.0,-0.0,0.0,-0.0,0.0,-0.0,0.001953,-0.004883,0.0,0.000192,0.0,0.000064,0.0,-0.000064,0.0,-0.000192,0.0,0.0,0.0,0.010034,
0.0,1.161782,0.884742,-0.000066,0.0,1.570796,0.0,0.96518,-0.002965,0.0,0.0,0.0,-0.364216,-0.032101,-0.000732,0.956331,0.118117,0.014551,-0.041541,0.025209,0.005878,0.18224,-0.099708,-0.024525,-0.050236,0.174482,0.0,-0.034843,0.0,0.0,0.0,-0.144944,-0.174482,0.0,-0.037679,0.0,-0.0,0.0,0.0,0.0,0.0,0.0,0.0,0.0,0.0,0.0,0.0,0.001953,-0.004883,0.0,0.000192,0.0,0.000064,-0.0,-0.000064,0.0,-0.000192,0.0,0.0,0.0,0.011963,
0.0,1.171593,0.884304,-0.000066,0.0,1.570796,0.0,0.981112,-0.043819,0.0,0.0,0.0,-0.38288,-0.031899,-0.000732,0.947407,0.109865,0.014991,-0.032476,0.025209,0.00575,0.186212,-0.107942,-0.02455,-0.038679,0.174482,0.0,-0.026749,0.0,0.0,0.0,-0.157731,-0.174482,-0.0,-0.04561,0.0,0.0,0.0,0.0,0.0,-0.0,0.0,0.0,0.0,-0.0,0.0,-0.0,0.001953,-0.004883,0.0,0.000192,0.0,0.000064,0.0,-0.000064,0.0,-0.000192,0.0,0.0,0.0,0.013245,
0.0,1.181404,0.883866,-0.000066,0.0,1.570796,0.0,0.981089,-0.043812,0.0,0.0,0.0,-0.401545,-0.031698,-0.000732,0.938484,0.101613,0.01543,-0.02341,0.025209,0.005622,0.190185,-0.116177,-0.024574,-0.027123,0.174482,0.0,-0.018655,0.0,0.0,0.0,-0.170518,-0.174482,-0.0,-0.053541,0.0,0.0,0.0,0.0,0.0,0.0,0.0,0.0,0.0,0.0,0.0,0.0,0.001953,-0.004883,0.0,0.000192,0.0,0.000064,0.0,-0.000064,0.0,-0.000192,0.0,0.0,0.0,0.014527,
0.0,1.191215,0.883428,-0.000066,0.0,1.570796,0.0,0.98112,-0.043819,0.0,0.0,0.0,-0.420209,-0.031496,-0.000732,0.92956,0.093361,0.01587,-0.014345,0.025209,0.005493,0.194158,-0.124411,-0.024599,-0.015567,0.174482,0.0,-0.010561,-0.0,0.0,0.0,-0.183304,-0.174482,-0.0,-0.061473,0.0,0.0,0.0,0.0,0.0,-0.0,0.0,0.0,0.0,-0.0,0.0,-0.0,0.001953,-0.004883,0.0,0.000192,0.0,0.000064,0.0,-0.000064,0.0,-0.000192,0.0,-0.0,0.0,0.015809,
0.0,1.20119,0.882423,-0.000066,0.0,1.570796,0.0,0.997504,-0.100505,0.0,0.0,0.0,-0.438694,-0.031588,-0.00119,0.918326,0.089621,0.01587,-0.008742,0.025209,0.005164,0.205463,-0.137097,-0.024708,-0.002841,0.174482,0.0,-0.010559,-0.0,0.0,0.0,-0.195139,-0.174482,0.0,-0.067849,0.0,-0.0,-0.0,0.0,0.0,-0.0,0.0,0.0,0.0,0.0,0.0,-0.0,0.001953,-0.004883,0.0,0.000192,0.0,0.000064,0.0,-0.000064,0.0,-0.000192,0.0,-0.0,0.0,0.015809,
0.0,1.211166,0.881418,-0.000066,0.0,1.570796,0.0,0.997535,-0.100512,0.0,0.0,0.0,-0.457183,-0.03168,-0.001648,0.907091,0.085882,0.01587,-0.003138,0.025209,0.004834,0.216771,-0.149784,-0.024818,0.009886,0.174482,-0.0,-0.010559,0.0,0.0,0.0,-0.206975,-0.174482,0.0,-0.074226,0.0,-0.0,-0.0,0.0,0.0,0.0,0.0,0.0,0.0,0.0,0.0,0.0,0.001953,-0.004883,0.0,0.000192,0.0,0.000064,0.0,-0.000064,-0.0,-0.000192,0.0,-0.0,0.0,0.015809,
0.0,1.221141,0.880412,-0.000066,0.0,1.570796,0.0,0.997527,-0.100512,0.0,0.0,0.0,-0.47567,-0.031771,-0.002106,0.895856,0.082143,0.01587,0.002465,0.025209,0.004505,0.228078,-0.162471,-0.024928,0.022613,0.174482,0.0,-0.010559,0.0,0.0,0.0,-0.21881,-0.174482,0.0,-0.080602,0.0,0.0,0.0,-0.0,0.0,0.0,0.0,0.0,0.0,0.0,0.0,0.0,0.001953,-0.004883,0.0,0.000192,0.0,0.000064,0.0,-0.000064,0.0,-0.000192,0.0,-0.0,0.0,0.015809,
-0.0,1.231247,0.878857,-0.000066,0.0,1.570796,-0.0,1.0106,-0.155573,0.0,0.0,0.0,-0.490391,-0.031619,-0.002258,0.880755,0.073265,0.01626,0.005566,0.025209,0.00409,0.244566,-0.177823,-0.024965,0.035439,0.174482,0.0,-0.010559,-0.0,0.0,0.0,-0.229432,-0.174482,0.0,-0.086247,0.0,0.0,0.0,0.0,0.0,-0.0,0.0,-0.0,0.0,-0.0,0.0,-0.0,0.001953,-0.004883,0.0,0.000192,0.0,0.000064,0.0,-0.000064,0.0,-0.000192,0.0,0.0,0.0,0.015931,
0.0,1.241419,0.877025,-0.000066,0.0,1.570796,0.0,1.017178,-0.18313,0.0,0.0,0.0,-0.503229,-0.031344,-0.002258,0.863716,0.061815,0.016846,0.007416,0.025209,0.003632,0.263649,-0.194512,-0.024965,0.048316,0.174482,0.0,-0.010559,0.0,0.0,0.0,-0.239447,-0.174482,0.0,-0.091526,0.0,-0.0,-0.0,-0.0,0.0,-0.0,0.0,-0.0,0.0,-0.0,0.0,-0.0,0.001953,-0.004883,0.0,0.000192,0.0,0.000064,0.0,-0.000064,-0.0,-0.000192,0.0,0.0,0.0,0.016114,
0.0,1.25159,0.875194,-0.000066,0.0,1.570796,-0.0,1.017155,-0.18313,0.0,0.0,0.0,-0.516067,-0.031069,-0.002258,0.846678,0.050365,0.017432,0.009265,0.025209,0.003174,0.282731,-0.2112,-0.024965,0.061193,0.174482,0.0,-0.010559,0.0,0.0,0.0,-0.249461,-0.174482,0.0,-0.096805,0.0,0.0,0.0,-0.0,0.0,-0.0,0.0,-0.0,0.0,-0.0,0.0,-0.0,0.001953,-0.004883,0.0,0.000192,0.0,0.000064,0.0,-0.000064,0.0,-0.000192,0.0,0.0,0.0,0.016297,
0.0,1.261931,0.87373,-0.000066,0.0,1.570796,0.0,1.034029,-0.146385,0.0,0.0,0.0,-0.525601,-0.030642,-0.002106,0.823706,0.039764,0.018101,0.018113,0.025209,0.00293,0.288516,-0.222063,-0.024965,0.073602,0.174482,0.0,-0.010559,-0.0,0.0,0.0,-0.258663,-0.174482,0.0,-0.101798,0.0,0.0,0.0,0.0,0.0,0.0,0.0,0.0,0.0,0.0,0.0,-0.0,0.001953,-0.004883,0.0,0.000192,0.0,0.000064,0.0,-0.000064,0.0,-0.000192,0.0,-0.0,0.0,0.016724,
0.0,1.272608,0.873002,-0.000066,0.0,1.570796,0.0,1.067738,-0.072836,0.0,0.0,0.0,-0.528522,-0.029909,-0.001648,0.788836,0.030864,0.018934,0.040974,0.025209,0.003113,0.267683,-0.221271,-0.024965,0.085076,0.174482,0.0,-0.010559,0.0,0.0,0.0,-0.266239,-0.174482,-0.0,-0.106218,0.0,-0.0,0.0,-0.0,0.0,-0.0,0.0,-0.0,0.0,-0.0,0.0,-0.0,0.001953,-0.004883,0.0,0.000192,0.0,0.000064,0.0,-0.000064,0.0,-0.000192,0.0,0.0,0.0,0.01764,
0.0,1.283286,0.872273,-0.000066,0.0,1.570796,0.0,1.067761,-0.072843,0.0,0.0,0.0,-0.531444,-0.029177,-0.00119,0.753959,0.021964,0.019767,0.063837,0.025209,0.003296,0.246848,-0.220479,-0.024965,0.096551,0.174482,0.0,-0.010559,0.0,0.0,0.0,-0.273815,-0.174482,0.0,-0.110637,0.0,0.0,0.0,-0.0,0.0,0.0,0.0,0.0,0.0,-0.0,0.0,0.0,0.001953,-0.004883,0.0,0.000192,0.0,0.000064,0.0,-0.000064,0.0,-0.000192,0.0,-0.0,0.0,0.018555,
0.0,1.293963,0.871545,-0.000066,0.0,1.570796,0.0,1.067769,-0.072836,0.0,0.0,0.0,-0.534366,-0.028444,-0.000733,0.719095,0.013064,0.0206,0.086696,0.025209,0.003479,0.226016,-0.219687,-0.024965,0.108025,0.174482,0.0,-0.010559,0.0,0.0,0.0,-0.281391,-0.174482,0.0,-0.115056,0.0,0.0,0.0,-0.0,0.0,0.0,0.0,0.0,0.0,0.0,0.0,0.0,0.001953,-0.004883,0.0,0.000192,-0.0,0.000064,0.0,-0.000064,0.0,-0.000192,-0.0,0.0,0.0,0.019471,
0.0,1.30567,0.870752,-0.000066,0.0,1.570796,0.0,1.17069,-0.079329,0.0,0.0,0.0,-0.529077,-0.027584,0.000274,0.673417,-0.00098,0.021433,0.113192,0.025136,0.004504,0.200293,-0.217827,-0.025093,0.118942,0.174482,0.0,-0.010559,0.0,0.0,0.0,-0.28487,-0.174482,0.0,-0.118982,0.0,0.0,0.0,0.0,0.0,0.0,0.0,0.0,0.0,-0.0,0.0,-0.0,0.001953,-0.004883,0.0,0.000192,-0.0,0.000064,0.0,-0.000064,0.0,-0.000192,0.0,-0.0,0.0,0.021284,
0.0,1.317378,0.869959,-0.000066,0.0,1.570796,0.0,1.170736,-0.079322,0.0,0.0,0.0,-0.523786,-0.026723,0.001282,0.627703,-0.015026,0.022267,0.139696,0.025062,0.00553,0.174562,-0.215966,-0.025221,0.129859,0.174482,0.0,-0.010559,0.0,0.0,0.0,-0.288349,-0.174482,0.0,-0.122908,-0.0,0.0,0.0,0.0,0.0,0.0,0.0,0.0,0.0,0.0,-0.0,-0.0,0.001953,-0.004883,0.0,0.000192,0.0,0.000064,0.0,-0.000064,0.0,-0.000192,0.0,0.0,0.0,0.023097,
0.0,1.329085,0.869165,-0.000066,0.0,1.570796,0.0,1.17072,-0.079329,0.0,0.0,0.0,-0.518496,-0.025862,0.002289,0.582007,-0.029071,0.0231,0.166197,0.024989,0.006555,0.148835,-0.214106,-0.025349,0.140776,0.174482,0.0,-0.010559,0.0,0.0,0.0,-0.291827,-0.174482,0.0,-0.126834,-0.0,-0.0,0.0,0.0,0.0,0.0,0.0,0.0,0.0,-0.0,0.0,0.0,0.001953,-0.004883,0.0,0.000192,0.0,0.000064,0.0,-0.000064,0.0,-0.000192,0.0,-0.0,0.0,0.02491,
0.0,1.341124,0.868465,-0.000066,0.0,1.570796,0.0,1.203923,-0.070027,0.0,0.0,0.0,-0.519031,-0.025368,0.003137,0.559652,-0.045806,0.023585,0.183912,0.025026,0.007849,0.140464,-0.216776,-0.025526,0.149816,0.174482,0.0,-0.010559,0.0,0.0,0.0,-0.29274,-0.174482,0.0,-0.129073,0.0,0.0,0.0,-0.0,0.0,-0.0,0.0,-0.0,0.0,-0.0,0.0,-0.0,0.001953,-0.004883,0.0,0.000192,0.0,0.000064,0.0,-0.000064,0.0,-0.000192,0.0,0.0,0.0,0.026027,
0.0,1.353329,0.867811,-0.000066,0.0,1.570796,0.0,1.220494,-0.065379,0.0,0.0,0.0,-0.52248,-0.025056,0.003906,0.54896,-0.06389,0.023896,0.197234,0.025117,0.009277,0.140776,-0.221714,-0.025728,0.157916,0.174482,-0.0,-0.010559,-0.0,0.0,0.0,-0.29237,-0.174482,-0.0,-0.130467,0.0,0.0,0.0,0.0,0.0,-0.0,0.0,-0.0,0.0,-0.0,0.0,0.0,0.001953,-0.004883,0.0,0.000192,0.0,0.000064,0.0,-0.000064,0.0,-0.000192,0.0,0.0,0.0,0.026796,
0.0,1.365534,0.867157,-0.000066,0.0,1.570796,0.0,1.220524,-0.065379,0.0,0.0,0.0,-0.52593,-0.024745,0.004675,0.538269,-0.081974,0.024208,0.210557,0.025209,0.010706,0.141088,-0.226652,-0.025929,0.166017,0.174482,-0.0,-0.010559,-0.0,0.0,0.0,-0.292,-0.174482,0.0,-0.131862,0.0,0.0,0.0,0.0,0.0,-0.0,0.0,-0.0,0.0,0.0,-0.0,0.0,0.001953,-0.004883,0.0,0.000192,0.0,0.000064,0.0,-0.000064,0.0,-0.000192,0.0,0.0,0.0,0.027565,
0.0,1.3779,0.86658,-0.000066,0.0,1.570796,0.0,1.236591,-0.057695,0.0,0.0,0.0,-0.526589,-0.024483,0.005304,0.527362,-0.097422,0.024431,0.223724,0.025306,0.012152,0.141388,-0.229189,-0.026131,0.173158,0.174482,0.0,-0.010559,0.0,0.0,0.0,-0.290373,-0.174482,-0.0,-0.132272,0.0,0.0,0.0,-0.0,0.0,0.0,0.0,0.0,0.0,-0.0,0.0,-0.0,0.001953,-0.004883,0.0,0.000192,0.0,0.000064,0.0,-0.000064,0.0,-0.000192,0.0,0.0,0.0,0.028011,
0.0,1.390587,0.866157,-0.000066,0.0,1.570796,0.0,1.268725,-0.042312,0.0,0.0,0.0,-0.521663,-0.024318,0.005652,0.516024,-0.107601,0.024476,0.23658,0.025416,0.013635,0.141663,-0.226923,-0.026332,0.17838,0.174482,0.0,-0.010559,-0.0,0.0,0.0,-0.286229,-0.174482,0.0,-0.130713,0.0,0.0,0.0,0.0,0.0,0.0,0.0,0.0,0.0,0.0,0.0,0.0,0.001953,-0.004883,0.0,0.000192,0.0,0.000064,0.0,-0.000064,0.0,-0.000192,0.0,-0.0,0.0,0.027809,
0.0,1.403275,0.865734,-0.000066,0.0,1.570796,0.0,1.268771,-0.042305,0.0,0.0,0.0,-0.516736,-0.024153,0.006,0.504685,-0.11778,0.024522,0.249437,0.025526,0.015119,0.141939,-0.224656,-0.026534,0.183601,0.174482,0.0,-0.010559,0.0,0.0,0.0,-0.282085,-0.174482,0.0,-0.129153,0.0,0.0,0.0,-0.0,0.0,-0.0,0.0,0.0,0.0,-0.0,0.0,0.0,0.001953,-0.004883,0.0,0.000192,0.0,0.000064,0.0,-0.000064,0.0,-0.000192,0.0,0.0,0.0,0.027608,
0.0,1.415962,0.865311,-0.000066,0.0,1.570796,0.0,1.268725,-0.042312,0.0,0.0,0.0,-0.51181,-0.023988,0.006348,0.493347,-0.127958,0.024568,0.262292,0.025636,0.016602,0.142214,-0.222389,-0.026735,0.188823,0.174482,0.0,-0.010559,0.0,0.0,0.0,-0.277942,-0.174482,-0.0,-0.127593,0.0,0.0,0.0,0.0,0.0,-0.0,0.0,-0.0,0.0,0.0,0.0,0.0,0.001953,-0.004883,0.0,0.000192,0.0,0.000064,0.0,-0.000064,0.0,-0.000192,0.0,-0.0,0.0,0.027407,
0.0,1.429815,0.865206,-0.000066,0.0,1.570796,0.0,1.385285,-0.010483,0.0,0.0,0.0,-0.501744,-0.023988,0.006238,0.485749,-0.125832,0.024614,0.275018,0.025764,0.018396,0.142489,-0.211016,-0.026735,0.193662,0.174482,-0.0,-0.010559,0.0,0.0,0.0,-0.270165,-0.174482,0.0,-0.123961,0.0,0.0,0.0,-0.0,0.0,0.0,0.0,0.0,-0.0,0.0,0.0,0.0,0.001953,-0.004883,0.0,0.000192,0.0,0.000064,0.0,-0.000064,0.0,-0.000192,0.0,0.0,0.0,0.029073,
0.0,1.443668,0.865102,-0.000066,0.0,1.570796,0.0,1.385285,-0.010475,0.0,0.0,0.0,-0.491677,-0.023988,0.006128,0.478151,-0.123704,0.02466,0.287744,0.025892,0.020191,0.142765,-0.19964,-0.026735,0.198501,0.174482,0.0,-0.010559,-0.0,0.0,0.0,-0.262388,-0.174482,0.0,-0.120329,0.0,0.0,0.0,0.0,0.0,0.0,0.0,-0.0,0.0,0.0,0.0,-0.0,0.001953,-0.004883,0.0,0.000192,0.0,0.000064,0.0,-0.000064,0.0,-0.000192,0.0,0.0,0.0,0.030739,
0.0,1.457521,0.864997,-0.000066,0.0,1.570796,0.0,1.385315,-0.010475,0.0,0.0,0.0,-0.481611,-0.023988,0.006018,0.470553,-0.121576,0.024705,0.30047,0.02602,0.021986,0.14304,-0.188265,-0.026735,0.203341,0.174482,0.0,-0.010559,0.0,-0.0,0.0,-0.254611,-0.174482,-0.0,-0.116697,0.0,0.0,0.0,-0.0,-0.0,0.0,0.0,0.0,0.0,-0.0,0.0,0.0,0.001953,-0.004883,0.0,0.000192,0.0,0.000064,0.0,-0.000064,0.0,-0.000192,0.0,-0.0,0.0,0.032406,
0.0,1.470941,0.865136,-0.000066,0.0,1.570796,0.0,1.341964,0.013929,0.0,0.0,0.0,-0.466612,-0.024037,0.005689,0.45598,-0.112215,0.024666,0.311849,0.026161,0.023585,0.143193,-0.166269,-0.026405,0.205102,0.174482,0.0,-0.010559,-0.0,0.0,0.0,-0.246719,-0.174482,-0.0,-0.111965,0.0,0.0,0.0,0.0,0.0,0.0,0.0,-0.0,0.0,-0.0,0.0,-0.0,0.001953,-0.004883,0.0,0.000192,0.0,0.000064,0.0,-0.000064,0.0,-0.000192,0.0,0.0,0.0,0.033328,
0.0,1.484143,0.865397,-0.000066,0.0,1.570796,0.0,1.320249,0.026134,0.0,0.0,0.0,-0.449142,-0.02411,0.005249,0.437913,-0.099234,0.024583,0.322553,0.026307,0.025087,0.143285,-0.138951,-0.025911,0.205323,0.174482,0.0,-0.010559,-0.0,0.0,0.0,-0.238771,-0.174482,0.0,-0.106684,0.0,0.0,0.0,0.0,0.0,-0.0,0.0,0.0,0.0,-0.0,0.0,0.0,0.001953,-0.004883,0.0,0.000192,0.0,0.000064,0.0,-0.000064,0.0,-0.000192,0.0,-0.0,0.0,0.033877,
0.0,1.497346,0.865659,-0.000066,0.0,1.570796,0.0,1.320295,0.026142,0.0,0.0,0.0,-0.431673,-0.024183,0.00481,0.419847,-0.086253,0.024501,0.333258,0.026453,0.026588,0.143377,-0.111633,-0.025417,0.205544,0.174482,0.0,-0.010559,0.0,0.0,0.0,-0.230822,-0.174482,-0.0,-0.101403,0.0,0.0,0.0,0.0,0.0,-0.0,0.0,-0.0,0.0,0.0,0.0,-0.0,0.001953,-0.004883,0.0,0.000192,0.0,0.000064,0.0,-0.000064,0.0,-0.000192,0.0,0.0,0.0,0.034426,
0.0,1.510275,0.866025,-0.000066,0.0,1.570796,0.0,1.292844,0.036592,0.0,0.0,0.0,-0.416035,-0.024263,0.004389,0.406643,-0.074784,0.024418,0.343024,0.026527,0.026931,0.143169,-0.078482,-0.024751,0.204018,0.174482,0.0,-0.010559,0.0,0.0,0.0,-0.223184,-0.174482,-0.0,-0.09572,0.0,0.0,0.0,0.0,0.0,0.0,0.0,0.0,0.0,-0.0,0.0,-0.0,0.001953,-0.004883,0.0,0.000192,0.0,0.000064,0.0,-0.000064,0.0,-0.000192,0.0,0.0,0.0,0.034518,
0.0,1.522655,0.8666,-0.000066,0.0,1.570796,0.0,1.238064,0.057539,0.0,0.0,0.0,-0.404059,-0.024354,0.004004,0.403167,-0.066338,0.024336,0.350911,0.026454,0.024953,0.142361,-0.033603,-0.023744,0.198994,0.174482,-0.0,-0.010559,0.0,0.0,0.0,-0.216167,-0.174482,0.0,-0.089232,0.0,0.0,0.0,-0.0,0.0,0.0,0.0,0.0,0.0,0.0,0.0,0.0,0.001953,-0.004883,-0.0,0.000192,0.0,0.000064,0.0,-0.000064,0.0,-0.000192,-0.0,0.0,0.0,0.033694,
0.0,1.535035,0.867175,-0.000066,0.0,1.570796,0.0,1.238003,0.057524,0.0,0.0,0.0,-0.392082,-0.024446,0.00362,0.399691,-0.057892,0.024254,0.358798,0.026381,0.022975,0.141553,0.011289,-0.022737,0.193971,0.174482,0.0,-0.010559,0.0,0.0,0.0,-0.20915,-0.174482,-0.0,-0.082743,-0.0,0.0,0.0,0.0,0.0,0.0,0.0,-0.0,0.0,-0.0,0.0,0.0,0.001953,-0.004883,0.0,0.000192,0.0,0.000064,0.0,-0.000064,0.0,-0.000192,0.0,0.0,0.0,0.03287,
0.0,1.547416,0.867751,-0.000066,0.0,1.570796,0.0,1.238048,0.057531,0.0,0.0,0.0,-0.380106,-0.024537,0.003235,0.396215,-0.049447,0.024171,0.366684,0.026308,0.020998,0.140746,0.056152,-0.02173,0.188947,0.174482,0.0,-0.010559,-0.0,0.0,0.0,-0.202134,-0.174482,0.0,-0.076255,0.0,0.0,0.0,0.0,0.0,0.0,0.0,-0.0,0.0,-0.0,0.0,-0.0,0.001953,-0.004883,0.0,0.000192,0.0,0.000064,0.0,-0.000064,0.0,-0.000192,0.0,0.0,0.0,0.032046,
0.0,1.559325,0.868351,-0.000066,0.0,1.570796,0.0,1.190868,0.060008,0.0,0.0,0.0,-0.371632,-0.024537,0.003107,0.402532,-0.050086,0.024183,0.305593,0.028395,0.020796,0.26277,0.064753,-0.019642,0.179648,0.174482,0.0,-0.010559,0.0,0.0,0.0,-0.195677,-0.174482,0.0,-0.073011,0.0,0.0,0.0,-0.0,0.0,0.0,0.0,0.0,0.0,-0.0,0.0,0.0,0.001953,-0.004883,0.0,0.000192,0.0,0.000064,0.0,-0.000064,0.0,-0.000192,0.0,0.0,0.0,0.031735,
0.0,1.571233,0.868951,-0.000066,0.0,1.570796,0.0,1.190838,0.060008,0.0,0.0,0.0,-0.363159,-0.024537,0.002979,0.408852,-0.050727,0.024196,0.244413,0.030483,0.020594,0.385428,0.073346,-0.017555,0.170347,0.174482,0.0,-0.010559,0.0,0.0,0.0,-0.18922,-0.174482,0.0,-0.069768,0.0,0.0,0.0,0.0,0.0,0.0,0.0,-0.0,0.0,0.0,0.0,0.0,0.001953,-0.004883,0.0,0.000192,0.0,0.000064,0.0,-0.000064,0.0,-0.000192,0.0,0.0,0.0,0.031423,
0.0,1.583141,0.869551,-0.000066,0.0,1.570796,0.0,1.190853,0.06,0.0,0.0,0.0,-0.354686,-0.024537,0.00285,0.415171,-0.051368,0.024208,0.18327,0.03257,0.020393,0.507782,0.08194,-0.015467,0.161047,0.174482,-0.0,-0.010559,0.0,0.0,0.0,-0.182763,-0.174482,0.0,-0.066525,0.0,0.0,0.0,0.0,0.0,0.0,0.0,0.0,0.0,0.0,0.0,-0.0,0.001953,-0.004883,0.0,0.000192,0.0,0.000064,0.0,-0.000064,0.0,-0.000192,0.0,0.0,0.0,0.031112,
0.0,1.59475,0.870243,-0.000066,0.0,1.570796,0.0,1.160823,0.069199,0.0,0.0,0.0,-0.343928,-0.024537,0.002857,0.417117,-0.055648,0.02422,0.132642,0.034853,0.02129,0.595251,0.112953,-0.011952,0.150067,0.174482,0.0,-0.010559,0.0,0.0,0.0,-0.176433,-0.174482,-0.0,-0.062965,0.0,0.0,0.0,0.0,0.0,-0.0,0.0,-0.0,0.0,-0.0,0.0,-0.0,0.001953,-0.004883,0.0,0.000192,0.0,0.000064,0.0,-0.000064,0.0,-0.000192,-0.0,0.0,0.0,0.030923,
0.0,1.606208,0.870981,-0.000066,0.0,1.570796,0.0,1.145838,0.073806,0.0,0.0,0.0,-0.332027,-0.024537,0.00293,0.416874,-0.061748,0.024232,0.087199,0.037234,0.022737,0.665732,0.155216,-0.007722,0.138246,0.174482,0.0,-0.010559,-0.0,0.0,0.0,-0.170166,-0.174482,0.0,-0.059246,-0.0,0.0,0.0,0.0,0.0,-0.0,0.0,0.0,0.0,0.0,-0.0,0.0,0.001953,-0.004883,0.0,0.000192,0.0,0.000064,0.0,-0.000064,0.0,-0.000192,0.0,0.0,0.0,0.030794,
0.0,1.617667,0.871719,-0.000066,0.0,1.570796,0.0,1.145838,0.073806,0.0,0.0,0.0,-0.320125,-0.024537,0.003003,0.41663,-0.067849,0.024244,0.041756,0.039615,0.024183,0.736213,0.197479,-0.003492,0.126425,0.174482,0.0,-0.010559,0.0,0.0,0.0,-0.1639,-0.174482,0.0,-0.055527,0.0,0.0,0.0,-0.0,0.0,-0.0,0.0,-0.0,0.0,-0.0,0.0,-0.0,0.001953,-0.004883,0.0,0.000192,-0.0,0.000064,0.0,-0.000064,0.0,-0.000192,0.0,0.0,0.0,0.030666,
0.0,1.62904,0.872495,-0.000066,0.0,1.570796,0.0,1.137385,0.077613,0.0,0.0,0.0,-0.307467,-0.024537,0.003101,0.414979,-0.074677,0.024257,-0.000341,0.041453,0.024794,0.796717,0.232706,-0.000104,0.113846,0.174482,-0.0,-0.010559,-0.0,0.0,0.0,-0.157476,-0.174482,0.0,-0.051388,0.0,0.0,0.0,0.0,0.0,0.0,0.0,0.0,0.0,0.0,0.0,0.0,0.001953,-0.004883,-0.0,0.000192,0.0,0.000064,0.0,-0.000064,0.0,-0.000192,0.0,0.0,0.0,0.030453,
0.0,1.640246,0.873348,-0.000066,0.0,1.570796,0.0,1.120539,0.085256,0.0,0.0,0.0,-0.293293,-0.024537,0.003247,0.41051,-0.082961,0.024269,-0.035826,0.042204,0.023732,0.83754,0.253909,0.001599,0.099749,0.174482,-0.0,-0.010559,0.0,0.0,0.0,-0.150737,-0.174482,0.0,-0.046406,0.0,0.0,0.0,-0.0,0.0,0.0,0.0,0.0,0.0,0.0,0.0,0.0,0.001953,-0.004883,0.0,0.000192,0.0,0.000064,0.0,-0.000064,0.0,-0.000192,0.0,0.0,0.0,0.030068,
0.0,1.651451,0.8742,-0.000066,0.0,1.570796,0.0,1.120508,0.085256,0.0,0.0,0.0,-0.279119,-0.024537,0.003394,0.40604,-0.091245,0.024281,-0.071319,0.042955,0.02267,0.878373,0.275113,0.003302,0.085651,0.174482,0.0,-0.010559,0.0,0.0,0.0,-0.143998,-0.174482,0.0,-0.041424,-0.0,0.0,0.0,0.0,0.0,-0.0,0.0,-0.0,0.0,0.0,0.0,0.0,0.001953,-0.004883,0.0,0.000192,0.0,0.000064,0.0,-0.000064,0.0,-0.000192,0.0,0.0,0.0,0.029683,
0.0,1.662656,0.875053,-0.000066,0.0,1.570796,0.0,1.120539,0.085256,0.0,0.0,0.0,-0.264945,-0.024537,0.00354,0.401571,-0.09953,0.024293,-0.106797,0.043706,0.021608,0.919185,0.296315,0.005005,0.071554,0.174482,0.0,-0.010559,0.0,0.0,0.0,-0.137259,-0.174482,-0.0,-0.036442,-0.0,0.0,0.0,0.0,0.0,0.0,0.0,0.0,0.0,-0.0,0.0,0.0,0.001953,-0.004883,0.0,0.000192,0.0,0.000064,0.0,-0.000064,0.0,-0.000192,0.0,-0.0,0.0,0.029299,
0.0,1.673589,0.875848,-0.000066,0.0,1.570796,0.0,1.093287,0.07951,0.0,0.0,0.0,-0.249288,-0.024446,0.003742,0.393957,-0.108498,0.024306,-0.136534,0.045134,0.022523,0.942837,0.28388,0.005975,0.055217,0.174482,0.0,-0.010559,0.0,0.0,0.0,-0.128124,-0.174482,0.0,-0.030656,-0.0,0.0,0.0,0.0,0.0,0.0,0.0,0.0,0.0,0.0,0.0,-0.0,0.001953,-0.004883,0.0,0.000192,0.0,0.000064,0.0,-0.000064,0.0,-0.000192,0.0,-0.0,0.0,0.027248,
0.0,1.684522,0.876643,-0.000066,0.0,1.570796,0.0,1.093287,0.079502,0.0,0.0,0.0,-0.233629,-0.024354,0.003943,0.386342,-0.117467,0.024318,-0.166279,0.046563,0.023439,0.966491,0.271438,0.006946,0.038878,0.174482,0.0,-0.010559,0.0,0.0,0.0,-0.118988,-0.174482,0.0,-0.024869,0.0,0.0,0.0,-0.0,0.0,-0.0,0.0,0.0,0.0,0.0,0.0,-0.0,0.001953,-0.004883,0.0,0.000192,0.0,0.000064,0.0,-0.000064,0.0,-0.000192,0.0,-0.0,0.0,0.025197,
0.0,1.695455,0.877438,-0.000066,0.0,1.570796,0.0,1.093302,0.07951,0.0,0.0,0.0,-0.217971,-0.024263,0.004144,0.378728,-0.126436,0.02433,-0.19602,0.047992,0.024354,0.990143,0.258997,0.007916,0.022539,0.174482,0.0,-0.010559,0.0,0.0,0.0,-0.109852,-0.174482,0.0,-0.019082,0.0,0.0,0.0,0.0,0.0,0.0,0.0,0.0,0.0,-0.0,0.0,0.0,0.001953,-0.004883,0.0,0.000192,0.0,0.000064,0.0,-0.000064,0.0,-0.000192,0.0,-0.0,0.0,0.023146,
0.0,1.706169,0.878444,-0.000066,0.0,1.570796,0.0,1.071389,0.100596,0.0,0.0,0.0,-0.196972,-0.024232,0.004212,0.36053,-0.130308,0.024342,-0.22027,0.048615,0.02466,1.001401,0.242825,0.00774,0.006376,0.174482,-0.0,-0.012634,0.0,0.0,0.0,-0.100159,-0.174482,0.0,-0.013942,0.0,0.0,0.0,0.0,0.0,0.0,0.0,-0.0,0.0,0.0,0.0,0.0,0.001953,-0.004883,0.0,0.000192,-0.0,0.000064,-0.0,-0.000064,0.0,-0.000192,0.0,0.0,0.0,0.020424,
0.0,1.716773,0.879555,-0.000066,0.0,1.570796,0.0,1.060417,0.111139,0.0,0.0,0.0,-0.173296,-0.024232,0.004212,0.33703,-0.13163,0.024354,-0.24178,0.048834,0.02466,1.006459,0.224783,0.006989,-0.009702,0.174482,0.0,-0.015747,-0.0,0.0,0.0,-0.090188,-0.174482,0.0,-0.009126,0.0,0.0,0.0,0.0,0.0,-0.0,0.0,-0.0,0.0,-0.0,0.0,-0.0,0.001953,-0.004883,0.0,0.000192,0.0,0.000064,0.0,-0.000064,0.0,-0.000192,0.0,-0.0,0.0,0.017366,
0.0,1.727377,0.880667,-0.000066,0.0,1.570796,0.0,1.060417,0.111147,0.0,0.0,0.0,-0.149619,-0.024232,0.004212,0.313531,-0.132951,0.024367,-0.26329,0.049054,0.02466,1.011518,0.206741,0.006238,-0.02578,0.174482,0.0,-0.01886,0.0,0.0,0.0,-0.080216,-0.174482,0.0,-0.00431,0.0,0.0,0.0,0.0,0.0,0.0,0.0,0.0,0.0,0.0,0.0,0.0,0.001953,-0.004883,0.0,0.000192,0.0,0.000064,0.0,-0.000064,0.0,-0.000192,0.0,0.0,0.0,0.014308,
0.0,1.737945,0.881594,-0.000066,0.0,1.570796,0.0,1.056787,0.09276,0.0,0.0,0.0,-0.123938,-0.024232,0.004096,0.286193,-0.13275,0.024379,-0.28482,0.048951,0.024306,1.014626,0.188896,0.005164,-0.042196,0.174482,0.0,-0.024383,-0.0,0.0,0.0,-0.069521,-0.174482,0.0,-0.001099,0.0,0.0,0.0,0.0,0.0,0.0,0.0,-0.0,0.0,0.0,0.0,-0.0,0.001953,-0.004883,0.0,0.000192,0.0,0.000064,0.0,-0.000064,0.0,-0.000192,0.0,0.0,0.0,0.011067,
0.0,1.74844,0.882154,-0.000066,0.0,1.570796,0.0,1.04945,0.055962,0.0,0.0,0.0,-0.094226,-0.024232,0.003748,0.251145,-0.129502,0.024391,-0.3064,0.0482,0.023244,1.01383,0.17144,0.003443,-0.059289,0.174482,0.0,-0.03473,-0.0,0.0,0.0,-0.057376,-0.174482,0.0,-0.001099,0.0,0.0,0.0,0.0,0.0,0.0,-0.0,-0.0,0.0,-0.0,0.0,0.0,0.001953,-0.004883,0.0,0.000192,0.0,0.000064,0.0,-0.000064,0.0,-0.000192,0.0,-0.0,0.0,0.00746,
0.0,1.758934,0.882714,-0.000066,0.0,1.570796,0.0,1.04948,0.055962,0.0,0.0,0.0,-0.064508,-0.024232,0.0034,0.216089,-0.126255,0.024403,-0.327982,0.047449,0.022182,1.013034,0.153983,0.001722,-0.076384,0.174482,0.0,-0.045079,0.0,0.0,0.0,-0.045231,-0.174482,0.0,-0.001099,0.0,0.0,0.0,0.0,0.0,-0.0,0.0,0.0,0.0,-0.0,0.0,-0.0,0.001953,-0.004883,0.0,0.000192,0.0,0.000064,0.0,-0.000064,0.0,-0.000192,0.0,0.0,0.0,0.003852,
0.0,1.769429,0.883273,-0.000066,0.0,1.570796,0.0,1.049465,0.055962,0.0,0.0,0.0,-0.0348,-0.024232,0.003052,0.181047,-0.123007,0.024415,-0.349561,0.046698,0.021119,1.012238,0.136528,0.0,-0.093478,0.174482,0.0,-0.055426,-0.0,0.0,-0.0,-0.033086,-0.174482,0.0,-0.001099,0.0,0.0,0.0,0.0,0.0,0.0,0.0,0.0,0.0,0.0,0.0,-0.0,0.001953,-0.004883,0.0,0.000192,0.0,0.000064,0.0,-0.000064,0.0,-0.000192,0.0,0.0,0.0,0.000245,
0.0,1.780023,0.883155,-0.000066,0.0,1.570796,0.0,1.059418,-0.011862,0.0,0.0,0.0,-0.016285,-0.024232,0.002979,0.168624,-0.124198,0.024379,-0.37227,0.045361,0.019325,1.007518,0.123193,-0.001831,-0.111548,0.174482,0.0,-0.066329,-0.0,0.0,0.0,-0.021294,-0.174482,0.0,-0.001099,0.0,0.0,0.0,0.0,0.0,0.0,0.0,-0.0,0.0,0.0,-0.0,-0.0,0.001953,-0.004883,0.0,0.000192,0.0,0.000064,0.0,-0.000064,0.0,-0.000192,0.0,0.0,0.0,-0.002703,
0.0,1.790618,0.883036,-0.000066,0.0,1.570796,0.0,1.059434,-0.011885,0.0,0.0,0.0,0.00223,-0.024232,0.002905,0.156205,-0.125391,0.024342,-0.394983,0.044024,0.01753,1.002797,0.109858,-0.003662,-0.129621,0.174482,0.0,-0.077232,0.0,0.0,0.0,-0.009501,-0.174482,0.0,-0.001099,0.0,0.0,0.0,0.0,0.0,0.0,0.0,0.0,0.0,0.0,0.0,0.0,0.001953,-0.004883,0.0,0.000192,0.0,0.000064,0.0,-0.000064,0.0,-0.000192,0.0,0.0,0.0,-0.005651,
0.0,1.801212,0.882917,-0.000066,0.0,1.570796,0.0,1.059418,-0.011877,0.0,0.0,0.0,0.020743,-0.024232,0.002832,0.143786,-0.126583,0.024306,-0.417694,0.042687,0.015736,0.998076,0.096524,-0.005493,-0.147693,0.174482,0.0,-0.088134,0.0,0.0,0.0,0.002292,-0.174482,0.0,-0.001099,0.0,0.0,0.0,0.0,0.0,-0.0,0.0,0.0,-0.0,0.0,0.0,0.0,0.001953,-0.004883,0.0,0.000192,0.0,0.000064,0.0,-0.000064,0.0,-0.000192,0.0,0.0,0.0,-0.008599,
0.0,1.811902,0.882373,-0.000066,0.0,1.570796,0.0,1.069019,-0.054418,0.0,0.0,0.0,0.035133,-0.024232,0.002759,0.139644,-0.131972,0.024269,-0.438425,0.041496,0.014283,0.989532,0.087008,-0.006995,-0.165656,0.174482,-0.0,-0.098786,0.0,0.0,0.0,0.013499,-0.174482,0.0,-0.001099,0.0,0.0,0.0,0.0,0.0,-0.0,0.0,0.0,0.0,0.0,0.0,0.0,0.001953,-0.004883,0.0,0.000192,0.0,0.000064,0.0,-0.000064,0.0,-0.000192,0.0,0.0,0.0,-0.010645,
0.0,1.82264,0.881616,-0.000066,0.0,1.570796,-0.0,1.073781,-0.075704,0.0,0.0,0.0,0.04746,-0.024232,0.002686,0.139644,-0.139461,0.024232,-0.458169,0.040379,0.013001,0.979075,0.079403,-0.008331,-0.183568,0.174482,0.0,-0.109312,0.0,0.0,0.0,0.024414,-0.174482,0.0,-0.001099,0.0,0.0,0.0,0.0,0.0,-0.0,-0.0,-0.0,0.0,0.0,0.0,-0.0,0.001953,-0.004883,0.0,0.000192,0.0,0.000064,0.0,-0.000064,0.0,-0.000192,0.0,-0.0,0.0,-0.012238,
0.0,1.833378,0.880859,-0.000066,0.0,1.570796,0.0,1.073812,-0.075712,0.0,0.0,0.0,0.059788,-0.024232,0.002612,0.139644,-0.146951,0.024196,-0.477914,0.039262,0.011719,0.968618,0.071798,-0.009668,-0.20148,0.174482,0.0,-0.119839,-0.0,0.0,0.0,0.035328,-0.174482,0.0,-0.001099,0.0,0.0,0.0,0.0,0.0,-0.0,0.0,0.0,0.0,-0.0,0.0,-0.0,0.001953,-0.004883,0.0,0.000192,0.0,0.000064,0.0,-0.000064,0.0,-0.000192,0.0,0.0,0.0,-0.013831,
0.0,1.844219,0.879907,-0.000066,0.0,1.570796,0.0,1.084128,-0.095143,0.0,0.0,0.0,0.072215,-0.024232,0.002606,0.139644,-0.154124,0.024159,-0.495076,0.038145,0.010535,0.954561,0.06298,-0.011005,-0.219076,0.174482,0.0,-0.130179,0.0,0.0,0.0,0.045933,-0.174482,-0.0,-0.001099,0.0,0.0,0.0,0.0,0.0,-0.0,0.0,-0.0,0.0,-0.0,0.0,-0.0,0.001953,-0.004883,0.0,0.000192,0.0,0.000064,0.0,-0.000064,0.0,-0.000192,0.0,-0.0,0.0,-0.015003,
0.0,1.855267,0.878567,-0.000066,0.0,1.570796,-0.0,1.10476,-0.134052,0.0,0.0,0.0,0.084844,-0.024232,0.002734,0.139644,-0.160664,0.024122,-0.507075,0.037028,0.009546,0.933295,0.051734,-0.012341,-0.236047,0.174482,0.0,-0.140148,0.0,0.0,0.0,0.055917,-0.174482,0.0,-0.001099,0.0,0.0,0.0,0.0,0.0,0.0,0.0,0.0,-0.0,0.0,-0.0,0.0,0.001953,-0.004883,0.0,0.000192,0.0,0.000064,0.0,-0.000064,0.0,-0.000192,0.0,0.0,0.0,-0.015333,
0.0,1.866315,0.877226,-0.000066,0.0,1.570796,0.0,1.104776,-0.134052,0.0,0.0,0.0,0.097473,-0.024232,0.002863,0.139644,-0.167205,0.024086,-0.519075,0.03591,0.008558,0.912027,0.040487,-0.013678,-0.253019,0.174482,-0.0,-0.150117,0.0,0.0,0.0,0.065901,-0.174482,0.0,-0.001099,-0.0,0.0,0.0,0.0,0.0,-0.0,0.0,-0.0,0.0,-0.0,0.0,0.0,0.001953,-0.004883,0.0,0.000192,0.0,0.000064,0.0,-0.000064,0.0,-0.000192,0.0,0.0,0.0,-0.015662,
0.0,1.877362,0.875886,-0.000066,0.0,1.570796,0.0,1.10476,-0.134052,0.0,0.0,0.0,0.110102,-0.024232,0.002991,0.139644,-0.173745,0.024049,-0.531073,0.034793,0.007569,0.890762,0.029241,-0.015015,-0.269988,0.174482,0.0,-0.160085,0.0,0.0,0.0,0.075885,-0.174482,0.0,-0.001099,0.0,0.0,0.0,-0.0,0.0,-0.0,-0.0,0.0,0.0,0.0,0.0,0.0,0.001953,-0.004883,0.0,0.000192,0.0,0.000064,0.0,-0.000064,0.0,-0.000192,-0.0,0.0,0.0,-0.015992,
0.0,1.888458,0.875092,-0.000066,0.0,1.570796,0.0,1.10964,-0.079402,0.0,0.0,0.0,0.122452,-0.024196,0.002478,0.139809,-0.179556,0.024013,-0.532804,0.033731,0.006964,0.851765,0.017888,-0.016205,-0.284242,0.174482,0.0,-0.169332,0.0,0.0,0.0,0.084812,-0.174482,0.0,-0.001099,0.0,0.0,0.0,-0.0,0.0,-0.0,0.0,0.0,0.0,-0.0,0.0,-0.0,0.001953,-0.004883,0.0,0.000192,0.0,0.000064,0.0,-0.000064,0.0,-0.000192,0.0,0.0,0.0,-0.016431,
0.0,1.899555,0.874298,-0.000066,0.0,1.570796,-0.0,1.109609,-0.079379,0.0,0.0,0.0,0.134802,-0.024159,0.001966,0.139974,-0.185367,0.023976,-0.534531,0.032669,0.00636,0.812744,0.006534,-0.017395,-0.298496,0.174482,0.0,-0.178578,0.0,0.0,0.0,0.093739,-0.174482,0.0,-0.001099,0.0,0.0,0.0,-0.0,0.0,-0.0,0.0,-0.0,0.0,-0.0,0.0,0.0,0.001953,-0.004883,0.0,0.000192,0.0,0.000064,0.0,-0.000064,0.0,-0.000192,-0.0,0.0,0.0,-0.016871,
0.0,1.910651,0.873504,-0.000066,0.0,1.570796,0.0,1.109655,-0.079394,0.0,0.0,0.0,0.147152,-0.024122,0.001453,0.14014,-0.191178,0.023939,-0.536259,0.031607,0.005756,0.773732,-0.004819,-0.018586,-0.312749,0.174482,0.0,-0.187824,0.0,0.0,0.0,0.102665,-0.174482,-0.0,-0.001099,0.0,0.0,0.0,0.0,0.0,0.0,0.0,-0.0,0.0,0.0,0.0,-0.0,0.001953,-0.004883,0.0,0.000192,0.0,0.000064,0.0,-0.000064,0.0,-0.000192,0.0,-0.0,0.0,-0.01731,
0.0,1.922266,0.872641,-0.000066,0.0,1.570796,0.0,1.161444,-0.086326,0.0,0.0,0.0,0.160177,-0.024171,0.000318,0.140439,-0.200024,0.024061,-0.534647,0.030679,0.005286,0.728401,-0.015404,-0.019556,-0.324818,0.174482,0.0,-0.196306,0.0,0.0,0.0,0.11112,-0.174482,0.0,-0.001099,0.0,0.0,0.0,0.0,0.0,0.0,0.0,0.0,-0.0,0.0,0.0,0.0,0.001953,-0.004883,0.0,0.000192,0.0,0.000064,0.0,-0.000064,0.0,-0.000192,0.0,0.0,0.0,-0.018348,
0.0,1.934139,0.871743,-0.000066,0.0,1.570796,0.0,1.187338,-0.089796,0.0,0.0,0.0,0.17354,-0.024263,-0.001129,0.140807,-0.210391,0.024263,-0.531364,0.029818,0.004883,0.679854,-0.025604,-0.020417,-0.335795,0.174482,-0.0,-0.204405,0.0,0.0,0.0,0.119338,-0.174482,0.0,-0.001099,0.0,0.0,0.0,-0.0,0.0,0.0,0.0,0.0,0.0,0.0,0.0,0.0,0.001953,-0.004883,0.0,0.000192,0.0,0.000064,0.0,-0.000064,-0.0,-0.000192,0.0,0.0,0.0,-0.019684,
0.0,1.946013,0.870845,-0.000066,0.0,1.570796,0.0,1.187384,-0.089803,0.0,0.0,0.0,0.186903,-0.024354,-0.002575,0.141174,-0.220758,0.024464,-0.528081,0.028957,0.00448,0.631306,-0.035805,-0.021278,-0.346772,0.174482,0.0,-0.212504,-0.0,0.0,0.0,0.127556,-0.174482,0.0,-0.001099,-0.0,0.0,0.0,0.0,0.0,0.0,0.0,-0.0,0.0,0.0,0.0,0.0,0.001953,-0.004883,0.0,0.000192,0.0,0.000064,0.0,-0.000064,0.0,-0.000192,0.0,0.0,0.0,-0.021021,
0.0,1.958166,0.869951,-0.000066,0.0,1.570796,0.0,1.215338,-0.089336,0.0,0.0,0.0,0.200496,-0.024464,-0.004223,0.141571,-0.230368,0.024724,-0.523451,0.028194,0.004077,0.584386,-0.047898,-0.022047,-0.356424,0.174482,0.0,-0.21995,0.0,0.0,0.0,0.135422,-0.174482,0.0,-0.001099,0.0,0.0,0.0,0.0,0.0,0.0,0.0,0.0,0.0,0.0,0.0,0.0,0.001953,-0.004883,0.0,0.000192,0.0,0.000064,0.0,-0.000064,0.0,-0.000192,-0.0,0.0,0.0,-0.022602,
0.0,1.970881,0.869067,-0.000066,0.0,1.570796,-0.0,1.271429,-0.088417,0.0,0.0,0.0,0.214552,-0.02461,-0.006274,0.14203,-0.238466,0.025099,-0.516124,0.027626,0.003675,0.540606,-0.063784,-0.022633,-0.363426,0.174482,-0.0,-0.226088,0.0,0.0,0.0,0.142582,-0.174482,0.0,-0.001099,0.0,0.0,0.0,-0.0,0.0,-0.0,0.0,-0.0,0.0,0.0,0.0,-0.0,0.001953,-0.004883,0.0,0.000192,0.0,0.000064,0.0,-0.000064,0.0,-0.000192,0.0,0.0,0.0,-0.024671,
0.0,1.983594,0.868183,-0.000066,0.0,1.570796,0.0,1.271398,-0.088417,0.0,0.0,0.0,0.228608,-0.024757,-0.008325,0.142489,-0.246563,0.025474,-0.508798,0.027059,0.003272,0.496813,-0.07967,-0.023219,-0.370427,0.174482,-0.0,-0.232225,-0.0,0.0,0.0,0.149742,-0.174482,0.0,-0.001099,0.0,0.0,0.0,0.0,0.0,0.0,0.0,-0.0,0.0,-0.0,0.0,0.0,0.001953,-0.004883,0.0,0.000192,0.0,0.000064,0.0,-0.000064,0.0,-0.000192,0.0,-0.0,0.0,-0.026741,
0.0,1.996309,0.867299,-0.000066,0.0,1.570796,0.0,1.271429,-0.088417,0.0,0.0,0.0,0.242664,-0.024903,-0.010376,0.142948,-0.254661,0.02585,-0.501471,0.026491,0.002869,0.453047,-0.095555,-0.023805,-0.377429,0.174482,-0.0,-0.238363,0.0,0.0,0.0,0.156902,-0.174482,0.0,-0.001099,0.0,0.0,0.0,0.0,0.0,-0.0,0.0,-0.0,0.0,-0.0,0.0,-0.0,0.001953,-0.004883,0.0,0.000192,0.0,0.000064,0.0,-0.000064,0.0,-0.000192,0.0,0.0,0.0,-0.02881,
-0.0,2.009304,0.866785,-0.000066,0.0,1.570796,-0.0,1.299472,-0.051351,0.0,0.0,0.0,0.256168,-0.025068,-0.012829,0.143426,-0.255382,0.026225,-0.491361,0.026198,0.002704,0.418552,-0.106102,-0.024006,-0.379109,0.174482,0.0,-0.240577,0.0,0.0,0.0,0.161349,-0.174482,0.0,-0.001099,0.0,0.0,0.0,-0.0,0.0,0.0,0.0,-0.0,0.0,-0.0,-0.0,-0.0,0.001953,-0.004883,0.0,0.000192,0.0,0.000064,0.0,-0.000064,0.0,-0.000192,-0.0,-0.0,0.0,-0.029763,
0.0,2.022298,0.866272,-0.000066,0.0,1.570796,0.0,1.299457,-0.051336,0.0,0.0,0.0,0.269673,-0.025232,-0.015283,0.143903,-0.256102,0.026601,-0.481251,0.025905,0.002539,0.384046,-0.116648,-0.024208,-0.380787,0.174482,0.0,-0.242791,0.0,0.0,0.0,0.165795,-0.174482,0.0,-0.001099,0.0,-0.0,-0.0,0.0,0.0,-0.0,0.0,0.0,-0.0,0.0,0.0,0.0,0.001953,-0.004883,0.0,0.000192,0.0,0.000064,0.0,-0.000064,0.0,-0.000192,0.0,0.0,0.0,-0.030715,
0.0,2.035293,0.865759,-0.000066,0.0,1.570796,0.0,1.299487,-0.051344,0.0,0.0,0.0,0.283177,-0.025397,-0.017737,0.14438,-0.256823,0.026976,-0.471141,0.025612,0.002374,0.349547,-0.127194,-0.024409,-0.382465,0.174482,0.0,-0.245004,0.0,0.0,0.0,0.170242,-0.174482,0.0,-0.001099,0.0,0.0,0.0,-0.0,0.0,0.0,0.0,-0.0,0.0,0.0,0.0,-0.0,0.001953,-0.004883,0.0,0.000192,0.0,0.000064,0.0,-0.000064,0.0,-0.000192,0.0,-0.0,0.0,-0.031667,
0.0,2.048804,0.865404,-0.000066,0.0,1.570796,0.0,1.351076,-0.035463,0.0,0.0,0.0,0.296092,-0.025562,-0.019886,0.144735,-0.248106,0.02715,-0.461295,0.025514,0.002527,0.329492,-0.124405,-0.024476,-0.380652,0.174482,-0.0,-0.245116,-0.0,0.0,0.0,0.174053,-0.174482,0.0,-0.001099,0.0,0.0,0.0,0.0,0.0,0.0,0.0,0.0,0.0,0.0,0.0,0.0,0.001953,-0.004883,0.0,0.000192,0.0,0.000064,0.0,-0.000064,0.0,-0.000192,0.0,-0.0,0.0,-0.032998,
0.0,2.062573,0.865129,-0.000066,0.0,1.570796,0.0,1.376939,-0.027535,0.0,0.0,0.0,0.308712,-0.025726,-0.021882,0.145029,-0.234664,0.027223,-0.451581,0.025514,0.002838,0.31666,-0.114941,-0.024476,-0.377092,0.174482,0.0,-0.244175,0.0,0.0,0.0,0.177545,-0.174482,0.0,-0.001099,-0.0,0.0,0.0,0.0,0.0,-0.0,0.0,-0.0,0.0,0.0,0.0,-0.0,0.001953,-0.004883,0.0,0.000192,0.0,0.000064,0.0,-0.000064,0.0,-0.000192,0.0,0.0,0.0,-0.034518,
0.0,2.076343,0.864853,-0.000066,0.0,1.570796,0.0,1.376939,-0.027527,0.0,0.0,0.0,0.321333,-0.025891,-0.023878,0.145323,-0.221222,0.027297,-0.441868,0.025514,0.003149,0.303827,-0.105476,-0.024476,-0.373531,0.174482,-0.0,-0.243234,0.0,-0.0,-0.0,0.181038,-0.174482,-0.0,-0.001099,0.0,0.0,0.0,-0.0,-0.0,-0.0,0.0,0.0,0.0,0.0,0.0,0.0,0.001953,-0.004883,0.0,0.000192,0.0,0.000064,0.0,-0.000064,-0.0,-0.000192,0.0,0.0,0.0,-0.036038,
0.0,2.090312,0.864664,-0.000066,0.0,1.570796,0.0,1.396958,-0.018905,0.0,0.0,0.0,0.333582,-0.026056,-0.02588,0.145598,-0.203323,0.027175,-0.43325,0.025539,0.003479,0.295899,-0.094337,-0.024409,-0.368448,0.174482,0.0,-0.241415,0.0,-0.0,0.0,0.184036,-0.174482,0.0,-0.001099,-0.0,0.0,0.0,0.0,-0.0,-0.0,-0.0,0.0,0.0,0.0,0.0,0.0,0.001953,-0.004883,0.0,0.000192,0.0,0.000064,0.0,-0.000064,0.0,-0.000192,0.0,-0.0,0.0,-0.037668,
0.0,2.104683,0.864648,-0.000066,0.0,1.570796,0.0,1.437118,-0.001629,0.0,0.0,0.0,0.345092,-0.02622,-0.027894,0.145837,-0.176492,0.026662,-0.426825,0.025612,0.003845,0.297788,-0.079842,-0.024208,-0.360316,0.174482,0.0,-0.237837,0.0,-0.0,-0.0,0.18604,-0.174482,0.0,-0.001099,0.0,0.0,0.0,-0.0,-0.0,0.0,0.0,-0.0,0.0,0.0,-0.0,-0.0,0.001953,-0.004883,0.0,0.000192,0.0,0.000064,0.0,-0.000064,0.0,-0.000192,0.0,0.0,0.0,-0.039518,
0.0,2.119054,0.864632,-0.000066,0.0,1.570796,-0.0,1.437073,-0.001637,0.0,0.0,0.0,0.356602,-0.026385,-0.029909,0.146075,-0.149658,0.026149,-0.4204,0.025685,0.004211,0.299676,-0.065347,-0.024006,-0.352185,0.174482,0.0,-0.23426,-0.0,0.0,-0.0,0.188045,-0.174482,0.0,-0.001099,0.0,0.0,0.0,0.0,0.0,0.0,0.0,-0.0,0.0,-0.0,-0.0,0.0,0.001953,-0.004883,0.0,0.000192,0.0,0.000064,0.0,-0.000064,0.0,-0.000192,0.0,-0.0,0.0,-0.041367,
0.0,2.133425,0.864615,-0.000066,0.0,1.570796,0.0,1.437118,-0.001637,0.0,0.0,0.0,0.368111,-0.02655,-0.031923,0.146314,-0.122829,0.025636,-0.413975,0.025758,0.004578,0.301565,-0.050853,-0.023805,-0.344053,0.174482,0.0,-0.230683,-0.0,0.0,0.0,0.190049,-0.174482,0.0,-0.001099,0.0,-0.0,-0.0,0.0,0.0,0.0,0.0,-0.0,0.0,0.0,0.0,0.0,0.001953,-0.004883,0.0,0.000192,0.0,0.000064,0.0,-0.000064,0.0,-0.000192,0.0,0.0,0.0,-0.043217,
0.0,2.146471,0.865063,-0.000066,0.0,1.570796,-0.0,1.304623,0.044818,0.0,0.0,0.0,0.376896,-0.026513,-0.031063,0.145947,-0.083541,0.024483,-0.405232,0.025868,0.005182,0.300566,-0.029669,-0.023475,-0.334037,0.174482,0.0,-0.22615,0.0,0.0,0.0,0.1872,-0.174482,0.0,-0.001099,0.0,0.0,0.0,-0.0,0.0,0.0,0.0,0.0,0.0,-0.0,-0.0,0.0,0.001953,-0.004883,0.0,0.000192,0.0,0.000064,0.0,-0.000064,0.0,-0.000192,0.0,0.0,0.0,-0.042485,
0.0,2.159518,0.865512,-0.000066,0.0,1.570796,0.0,1.304608,0.044833,0.0,0.0,0.0,0.385682,-0.026477,-0.030202,0.14558,-0.044227,0.023329,-0.396488,0.025978,0.005786,0.299566,-0.008479,-0.023146,-0.324018,0.174482,0.0,-0.221617,0.0,0.0,0.0,0.18435,-0.174482,0.0,-0.001099,0.0,-0.0,-0.0,0.0,0.0,0.0,-0.0,-0.0,0.0,-0.0,0.0,-0.0,0.001953,-0.004883,0.0,0.000192,0.0,0.000064,0.0,-0.000064,0.0,-0.000192,0.0,0.0,0.0,-0.041753,
0.0,2.172564,0.86596,-0.000066,0.0,1.570796,-0.0,1.304623,0.044833,0.0,0.0,0.0,0.394467,-0.02644,-0.029342,0.145213,-0.004924,0.022175,-0.387745,0.026088,0.00639,0.298566,0.01271,-0.022816,-0.313999,0.174482,0.0,-0.217085,0.0,-0.0,0.0,0.181499,-0.174482,0.0,-0.001099,0.0,0.0,0.0,-0.0,-0.0,0.0,0.0,0.0,-0.0,-0.0,0.0,0.0,0.001953,-0.004883,0.0,0.000192,0.0,0.000064,0.0,-0.000064,0.0,-0.000192,0.0,0.0,0.0,-0.04102,
0.0,2.184947,0.866523,-0.000066,0.0,1.570796,0.0,1.238353,0.056303,0.0,0.0,0.0,0.37606,-0.026465,-0.024564,0.187963,0.03741,0.021412,-0.382219,0.02621,0.006592,0.307466,0.020191,-0.022633,-0.30398,0.174482,0.0,-0.21329,-0.0,0.0,0.0,0.174267,-0.174482,0.0,-0.001099,0.0,0.0,0.0,0.0,0.0,0.0,0.0,-0.0,0.0,0.0,0.0,0.0,0.001953,-0.004883,-0.0,0.000192,0.0,0.000064,0.0,-0.000064,0.0,-0.000192,0.0,0.0,0.0,-0.040178,
0.0,2.197,0.867144,-0.000066,0.0,1.570796,-0.0,1.205226,0.062046,0.0,0.0,0.0,0.344028,-0.026521,-0.017825,0.252396,0.081306,0.020845,-0.378304,0.026338,0.006592,0.321324,0.020814,-0.022523,-0.293961,0.174482,-0.0,-0.209866,-0.0,0.0,0.0,0.164841,-0.174482,-0.0,-0.001099,0.0,0.0,0.0,0.0,0.0,0.0,0.0,0.0,0.0,0.0,0.0,0.0,0.001953,-0.004883,0.0,0.000192,0.0,0.000064,0.0,-0.000064,0.0,-0.000192,0.0,-0.0,0.0,-0.03928,
0.0,2.209052,0.867764,-0.000066,0.0,1.570796,0.0,1.205211,0.062053,0.0,0.0,0.0,0.311997,-0.026576,-0.011086,0.316829,0.125201,0.020277,-0.374389,0.026466,0.006592,0.335181,0.021436,-0.022413,-0.283944,0.174482,-0.0,-0.206441,0.0,0.0,0.0,0.155416,-0.174482,0.0,-0.001099,0.0,0.0,0.0,0.0,0.0,0.0,-0.0,0.0,0.0,0.0,-0.0,0.0,0.001953,-0.004883,0.0,0.000192,0.0,0.000064,0.0,-0.000064,0.0,-0.000192,0.0,0.0,0.0,-0.038383,
-0.0,2.220892,0.868423,-0.000066,0.0,1.570796,-0.0,1.184047,0.065836,0.0,0.0,0.0,0.270399,-0.027131,-0.006836,0.393748,0.162506,0.019063,-0.369106,0.026552,0.006568,0.346939,0.019479,-0.022364,-0.273898,0.174482,-0.0,-0.202901,0.0,-0.0,0.0,0.144223,-0.174482,0.0,-0.001099,0.0,0.0,0.0,-0.0,-0.0,-0.0,0.0,0.0,0.0,0.0,0.0,0.0,0.001953,-0.004883,0.0,0.000192,0.0,0.000064,0.0,-0.000064,0.0,-0.000192,0.0,-0.0,0.0,-0.037571,
0.0,2.232309,0.869157,-0.000066,0.0,1.570796,0.0,1.141642,0.073417,0.0,0.0,0.0,0.209539,-0.028688,-0.007568,0.49626,0.186683,0.016554,-0.361086,0.026552,0.006494,0.354493,0.012356,-0.022438,-0.263797,0.174482,0.0,-0.199128,-0.0,0.0,0.0,0.12949,-0.174482,0.0,-0.001099,0.0,0.0,0.0,0.0,0.0,0.0,0.0,0.0,0.0,0.0,0.0,-0.0,0.001953,-0.004883,0.0,0.000192,0.0,0.000064,0.0,-0.000064,0.0,-0.000192,0.0,0.0,0.0,-0.03693,
0.0,2.243725,0.869891,-0.000066,0.0,1.570796,0.0,1.141673,0.073417,0.0,0.0,0.0,0.148639,-0.030245,-0.008301,0.598955,0.210863,0.014045,-0.353065,0.026552,0.006421,0.362048,0.005233,-0.022511,-0.253695,0.174482,-0.0,-0.195356,0.0,0.0,0.0,0.114757,-0.174482,0.0,-0.001099,-0.0,0.0,0.0,-0.0,0.0,-0.0,0.0,0.0,0.0,0.0,0.0,0.0,0.001953,-0.004883,0.0,0.000192,0.0,0.000064,0.0,-0.000064,0.0,-0.000192,0.0,-0.0,0.0,-0.036289,
-0.0,2.255142,0.870625,-0.000066,0.0,1.570796,-0.0,1.141658,0.073425,0.0,0.0,0.0,0.087815,-0.031801,-0.009033,0.701291,0.235039,0.011537,-0.345044,0.026552,0.006348,0.369602,-0.00189,-0.022584,-0.243593,0.174482,0.0,-0.191584,-0.0,0.0,0.0,0.100024,-0.174482,0.0,-0.001099,0.0,0.0,0.0,0.0,0.0,0.0,0.0,-0.0,0.0,-0.0,0.0,0.0,0.001953,-0.004883,0.0,0.000192,0.0,0.000064,0.0,-0.000064,0.0,-0.000192,0.0,0.0,0.0,-0.035648,
0.0,2.266551,0.871524,-0.000066,0.0,1.570796,0.0,1.140909,0.089851,0.0,0.0,0.0,0.048129,-0.033156,-0.009839,0.748481,0.263965,0.008845,-0.332244,0.026552,0.006128,0.369213,-0.013755,-0.022767,-0.229997,0.174482,0.0,-0.181953,-0.0,0.0,0.0,0.087581,-0.174482,0.0,-0.001099,0.0,0.0,0.0,0.0,0.0,0.0,0.0,0.0,0.0,0.0,0.0,0.0,0.001953,-0.004883,0.0,0.000192,0.0,0.000064,0.0,-0.000064,0.0,-0.000192,0.0,0.0,0.0,-0.035117,
0.0,2.27796,0.872422,-0.000066,0.0,1.570796,0.0,1.140939,0.089866,0.0,0.0,0.0,0.008426,-0.034512,-0.010645,0.795692,0.292901,0.006153,-0.319441,0.026552,0.005908,0.368822,-0.025622,-0.02295,-0.2164,0.174482,0.0,-0.172321,0.0,0.0,0.0,0.075137,-0.174482,0.0,-0.001099,0.0,0.0,0.0,0.0,0.0,0.0,0.0,0.0,0.0,-0.0,0.0,0.0,0.001953,-0.004883,0.0,0.000192,0.0,0.000064,0.0,-0.000064,0.0,-0.000192,0.0,0.0,0.0,-0.034585,
0.0,2.289369,0.873321,-0.000066,0.0,1.570796,0.0,1.140909,0.089858,0.0,0.0,0.0,-0.031266,-0.035867,-0.01145,0.842885,0.321833,0.003462,-0.306639,0.026552,0.005689,0.368431,-0.037489,-0.023133,-0.202803,0.174482,0.0,-0.162689,0.0,0.0,0.0,0.062694,-0.174482,-0.0,-0.001099,0.0,0.0,0.0,0.0,0.0,0.0,0.0,-0.0,0.0,-0.0,0.0,0.0,0.001953,-0.004883,0.0,0.000192,0.0,0.000064,0.0,-0.000064,0.0,-0.000192,0.0,0.0,0.0,-0.034054,
0.0,2.300465,0.874183,-0.000066,0.0,1.570796,0.0,1.109552,0.086248,0.0,0.0,0.0,-0.063469,-0.036319,-0.01117,0.873071,0.323071,0.002869,-0.294246,0.026503,0.005469,0.367903,-0.048955,-0.023317,-0.189142,0.174482,0.0,-0.151916,0.0,0.0,0.0,0.049048,-0.174482,0.0,-0.001099,0.0,0.0,0.0,0.0,0.0,0.0,0.0,-0.0,0.0,-0.0,0.0,-0.0,0.001953,-0.004883,0.0,0.000192,0.0,0.000064,0.0,-0.000064,0.0,-0.000192,0.0,0.0,0.0,-0.032388,
0.0,2.311403,0.875028,-0.000066,0.0,1.570796,0.0,1.09382,0.084446,0.0,0.0,0.0,-0.091942,-0.036319,-0.010346,0.894764,0.310449,0.003326,-0.282058,0.02643,0.005249,0.367307,-0.060222,-0.0235,-0.175447,0.174482,0.0,-0.140571,0.0,0.0,0.0,0.034799,-0.174482,0.0,-0.001099,0.0,0.0,0.0,0.0,0.0,-0.0,0.0,-0.0,0.0,-0.0,-0.0,0.0,0.001953,-0.004883,0.0,0.000192,0.0,0.000064,0.0,-0.000064,0.0,-0.000192,0.0,0.0,0.0,-0.030154,
0.0,2.322342,0.875872,-0.000066,0.0,1.570796,0.0,1.093836,0.084446,0.0,0.0,0.0,-0.120415,-0.036319,-0.009522,0.916458,0.297827,0.003784,-0.269869,0.026357,0.00503,0.366711,-0.071489,-0.023683,-0.161752,0.174482,0.0,-0.129227,0.0,0.0,0.0,0.02055,-0.174482,0.0,-0.001099,0.0,0.0,0.0,-0.0,0.0,-0.0,0.0,-0.0,0.0,-0.0,0.0,-0.0,0.001953,-0.004883,0.0,0.000192,0.0,0.000064,0.0,-0.000064,0.0,-0.000192,0.0,0.0,0.0,-0.02792,
0.0,2.333179,0.876924,-0.000066,0.0,1.570796,0.0,1.083733,0.105182,0.0,0.0,0.0,-0.146801,-0.036191,-0.008649,0.932922,0.283357,0.004492,-0.254646,0.026265,0.004883,0.360153,-0.080034,-0.023842,-0.148145,0.174482,0.0,-0.117752,0.0,0.0,0.0,0.005467,-0.174482,-0.0,-0.001099,0.0,0.0,0.0,0.0,0.0,-0.0,0.0,-0.0,0.0,-0.0,0.0,-0.0,0.001953,-0.004883,0.0,0.000192,0.0,0.000064,0.0,-0.000064,0.0,-0.000192,0.0,-0.0,0.0,-0.0251,
0.0,2.343813,0.878391,-0.000066,0.0,1.570796,0.0,1.063436,0.146723,0.0,0.0,0.0,-0.169027,-0.035806,-0.007679,0.93892,0.265186,0.005701,-0.233341,0.026137,0.004883,0.341655,-0.083131,-0.023951,-0.134712,0.174482,0.0,-0.106018,0.0,0.0,0.0,-0.011288,-0.174482,0.0,-0.001099,0.0,0.0,0.0,0.0,0.0,-0.0,0.0,-0.0,0.0,0.0,0.0,0.0,0.001953,-0.004883,0.0,0.000192,0.0,0.000064,0.0,-0.000064,0.0,-0.000192,0.0,0.0,0.0,-0.021108,
0.0,2.354448,0.879859,-0.000066,0.0,1.570796,0.0,1.063451,0.14673,0.0,0.0,0.0,-0.191255,-0.035422,-0.006708,0.944919,0.247014,0.006909,-0.212034,0.026009,0.004883,0.323155,-0.086229,-0.024061,-0.121279,0.174482,0.0,-0.094283,0.0,0.0,0.0,-0.028045,-0.174482,0.0,-0.001099,0.0,0.0,0.0,-0.0,0.0,-0.0,0.0,-0.0,0.0,-0.0,0.0,-0.0,0.001953,-0.004883,0.0,0.000192,0.0,0.000064,0.0,-0.000064,0.0,-0.000192,0.0,-0.0,0.0,-0.017116,
0.0,2.365082,0.881326,-0.000066,0.0,1.570796,0.0,1.063451,0.146723,0.0,0.0,0.0,-0.213479,-0.035037,-0.005738,0.950918,0.228844,0.008118,-0.19073,0.02588,0.004883,0.304658,-0.089326,-0.024171,-0.107847,0.174482,-0.0,-0.082549,-0.0,0.0,0.0,-0.0448,-0.174482,0.0,-0.001099,0.0,0.0,0.0,0.0,0.0,0.0,0.0,-0.0,0.0,-0.0,0.0,-0.0,0.001953,-0.004883,0.0,0.000192,0.0,0.000064,0.0,-0.000064,0.0,-0.000192,0.0,0.0,0.0,-0.013124,
0.0,2.37574,0.882117,-0.000066,0.0,1.570796,0.0,1.06576,0.079149,0.0,0.0,0.0,-0.234091,-0.034469,-0.004859,0.949684,0.20945,0.009326,-0.1768,0.02588,0.004883,0.300913,-0.093212,-0.024171,-0.093937,0.174482,0.0,-0.0713,-0.0,-0.0,-0.0,-0.05999,-0.174482,0.0,-0.004632,0.0,0.0,0.0,0.0,-0.0,-0.0,0.0,0.0,-0.0,0.0,-0.0,0.0,0.001953,-0.004883,0.0,0.000192,0.0,0.000064,0.0,-0.000064,0.0,-0.000192,0.0,0.0,0.0,-0.00937,
0.0,2.386397,0.882909,-0.000066,0.0,1.570796,0.0,1.065745,0.079126,0.0,0.0,0.0,-0.254705,-0.033902,-0.00398,0.948449,0.190055,0.010535,-0.16287,0.02588,0.004883,0.297173,-0.097099,-0.024171,-0.080026,0.174482,0.0,-0.060051,0.0,0.0,0.0,-0.07518,-0.174482,0.0,-0.008166,-0.0,0.0,0.0,0.0,0.0,-0.0,0.0,-0.0,0.0,-0.0,0.0,-0.0,0.001953,-0.004883,0.0,0.000192,0.0,0.000064,0.0,-0.000064,0.0,-0.000192,0.0,0.0,0.0,-0.005617,
0.0,2.397055,0.8837,-0.000066,0.0,1.570796,-0.0,1.065775,0.079126,0.0,0.0,0.0,-0.275318,-0.033334,-0.003101,0.947214,0.17066,0.011743,-0.148941,0.02588,0.004883,0.293433,-0.100985,-0.024171,-0.066114,0.174482,0.0,-0.048802,0.0,0.0,0.0,-0.09037,-0.174482,0.0,-0.0117,0.0,0.0,0.0,-0.0,0.0,-0.0,0.0,-0.0,0.0,-0.0,0.0,-0.0,0.001953,-0.004883,0.0,0.000192,0.0,0.000064,0.0,-0.000064,0.0,-0.000192,0.0,-0.0,0.0,-0.001863,
0.0,2.407709,0.884,-0.000066,0.0,1.570796,0.0,1.065443,0.030062,0.0,0.0,0.0,-0.296802,-0.03284,-0.002393,0.943724,0.154735,0.012744,-0.13581,0.02588,0.004846,0.291593,-0.107244,-0.024238,-0.052345,0.174482,-0.0,-0.038288,0.0,0.0,0.0,-0.103957,-0.174482,0.0,-0.018676,0.0,0.0,0.0,-0.0,0.0,-0.0,0.0,-0.0,0.0,-0.0,0.0,-0.0,0.001953,-0.004883,0.0,0.000192,0.0,0.000064,0.0,-0.000064,0.0,-0.000192,0.0,0.0,0.0,0.001183,
0.0,2.418362,0.884055,-0.000066,0.0,1.570796,0.0,1.065261,0.005487,0.0,0.0,0.0,-0.318726,-0.032382,-0.00177,0.939103,0.140545,0.013642,-0.123078,0.02588,0.004791,0.290705,-0.11469,-0.024339,-0.038645,0.174482,-0.0,-0.028143,-0.0,0.0,0.0,-0.116742,-0.174482,0.0,-0.027374,-0.0,-0.0,-0.0,0.0,0.0,0.0,0.0,-0.0,0.0,-0.0,0.0,0.0,0.001953,-0.004883,0.0,0.000192,0.0,0.000064,0.0,-0.000064,0.0,-0.000192,0.0,-0.0,0.0,0.003875,
0.0,2.429015,0.88411,-0.000066,0.0,1.570796,0.0,1.065292,0.005495,0.0,0.0,0.0,-0.34065,-0.031924,-0.001148,0.934484,0.126355,0.014539,-0.110345,0.02588,0.004736,0.289816,-0.122137,-0.02444,-0.024945,0.174482,0.0,-0.017997,-0.0,0.0,0.0,-0.129527,-0.174482,0.0,-0.036073,0.0,0.0,0.0,0.0,0.0,0.0,0.0,0.0,0.0,0.0,0.0,0.0,0.001953,-0.004883,0.0,0.000192,0.0,0.000064,0.0,-0.000064,0.0,-0.000192,0.0,0.0,0.0,0.006567,
0.0,2.439723,0.883932,-0.000066,0.0,1.570796,0.0,1.070817,-0.017812,0.0,0.0,0.0,-0.363111,-0.031618,-0.000769,0.930101,0.113954,0.015217,-0.09799,0.02585,0.004633,0.289853,-0.130453,-0.024541,-0.010418,0.174482,0.0,-0.011231,0.0,0.0,0.0,-0.142085,-0.174482,-0.0,-0.044986,0.0,0.0,0.0,-0.0,0.0,-0.0,0.0,0.0,0.0,0.0,0.0,-0.0,0.001953,-0.004883,-0.0,0.000192,-0.0,0.000064,0.0,-0.000064,0.0,-0.000192,0.0,0.0,0.0,0.008856,
0.0,2.450543,0.883287,-0.000066,0.0,1.570796,0.0,1.082005,-0.064481,0.0,0.0,0.0,-0.38666,-0.031618,-0.000879,0.926193,0.105135,0.015455,-0.086389,0.025758,0.004431,0.29174,-0.140511,-0.024641,0.00577,0.174482,0.0,-0.011231,0.0,0.0,0.0,-0.15419,-0.174482,0.0,-0.054329,0.0,0.0,0.0,-0.0,0.0,-0.0,0.0,-0.0,0.0,0.0,0.0,-0.0,0.001953,-0.004883,0.0,0.000192,0.0,0.000064,0.0,-0.000064,0.0,-0.000192,0.0,-0.0,0.0,0.010339,
0.0,2.461363,0.882643,-0.000066,0.0,1.570796,-0.0,1.081974,-0.064481,0.0,0.0,0.0,-0.410211,-0.031618,-0.000989,0.922285,0.096316,0.015693,-0.074788,0.025667,0.00423,0.293628,-0.150569,-0.024742,0.021959,0.174482,0.0,-0.011231,0.0,0.0,0.0,-0.166295,-0.174482,0.0,-0.063671,0.0,0.0,0.0,-0.0,0.0,0.0,0.0,0.0,0.0,0.0,0.0,0.0,0.001953,-0.004883,0.0,0.000192,-0.0,0.000064,0.0,-0.000064,0.0,-0.000192,0.0,0.0,0.0,0.011823,
0.0,2.472183,0.881998,-0.000066,0.0,1.570796,0.0,1.08199,-0.064488,0.0,0.0,0.0,-0.433758,-0.031618,-0.001099,0.918377,0.087496,0.015931,-0.063187,0.025575,0.004029,0.295516,-0.160628,-0.024843,0.038146,0.174482,-0.0,-0.011231,0.0,0.0,0.0,-0.1784,-0.174482,0.0,-0.073014,0.0,-0.0,0.0,0.0,0.0,0.0,0.0,0.0,0.0,0.0,0.0,0.0,0.001953,-0.004883,0.0,0.000192,0.0,0.000064,0.0,-0.000064,-0.0,-0.000192,0.0,0.0,0.0,0.013306,
0.0,2.483088,0.880898,-0.000066,0.0,1.570796,-0.0,1.090507,-0.109959,0.0,0.0,0.0,-0.455865,-0.03171,-0.001483,0.911452,0.081412,0.016022,-0.050568,0.025575,0.003827,0.295702,-0.170687,-0.024884,0.053975,0.174482,-0.0,-0.011231,0.0,0.0,0.0,-0.188888,-0.174482,0.0,-0.081225,0.0,0.0,0.0,0.0,0.0,-0.0,0.0,-0.0,0.0,0.0,0.0,-0.0,0.001953,-0.004883,-0.0,0.000192,0.0,0.000064,0.0,-0.000064,0.0,-0.000192,0.0,0.0,0.0,0.013599,
0.0,2.493993,0.879798,-0.000066,0.0,1.570796,0.0,1.090476,-0.109974,0.0,0.0,0.0,-0.477974,-0.031802,-0.001868,0.904527,0.075328,0.016114,-0.037948,0.025575,0.003626,0.295887,-0.180746,-0.024925,0.069805,0.174482,0.0,-0.011231,-0.0,0.0,0.0,-0.199376,-0.174482,0.0,-0.089436,0.0,0.0,0.0,0.0,0.0,0.0,0.0,-0.0,0.0,0.0,0.0,-0.0,0.001953,-0.004883,0.0,0.000192,0.0,0.000064,0.0,-0.000064,0.0,-0.000192,0.0,0.0,0.0,0.013892,
-0.0,2.504898,0.878699,-0.000066,0.0,1.570796,-0.0,1.090492,-0.109974,0.0,0.0,0.0,-0.500083,-0.031893,-0.002252,0.897601,0.069244,0.016205,-0.025329,0.025575,0.003424,0.296072,-0.190803,-0.024966,0.085635,0.174482,-0.0,-0.011231,0.0,0.0,0.0,-0.209864,-0.174482,0.0,-0.097648,0.0,0.0,0.0,0.0,0.0,0.0,0.0,0.0,0.0,0.0,0.0,0.0,0.001953,-0.004883,0.0,0.000192,0.0,0.000064,0.0,-0.000064,0.0,-0.000192,0.0,0.0,0.0,0.014185,
0.0,2.515897,0.877136,-0.000066,0.0,1.570796,0.0,1.09994,-0.156238,0.0,0.0,0.0,-0.513646,-0.031558,-0.002197,0.879068,0.05556,0.016871,-0.012431,0.025526,0.003223,0.295973,-0.201816,-0.025008,0.100057,0.174482,0.0,-0.011231,0.0,0.0,0.0,-0.219467,-0.174482,0.0,-0.105214,0.0,0.0,0.0,0.0,0.0,0.0,0.0,0.0,0.0,0.0,0.0,-0.0,0.001953,-0.004883,0.0,0.000192,0.0,0.000064,0.0,-0.000064,0.0,-0.000192,0.0,0.0,0.0,0.014637,
0.0,2.526944,0.875342,-0.000066,0.0,1.570796,0.0,1.104687,-0.179408,0.0,0.0,0.0,-0.522935,-0.031008,-0.001923,0.854718,0.038068,0.017823,0.000607,0.025453,0.003021,0.295733,-0.213308,-0.025049,0.113777,0.174482,0.0,-0.011231,0.0,0.0,0.0,-0.228628,-0.174482,-0.0,-0.112459,-0.0,0.0,0.0,0.0,0.0,-0.0,0.0,-0.0,0.0,-0.0,0.0,-0.0,0.001953,-0.004883,-0.0,0.000192,0.0,0.000064,0.0,-0.000064,0.0,-0.000192,0.0,0.0,0.0,0.015168,
0.0,2.537991,0.873548,-0.000066,0.0,1.570796,0.0,1.104672,-0.179408,0.0,0.0,0.0,-0.532223,-0.030459,-0.001648,0.830368,0.020576,0.018775,0.013645,0.02538,0.00282,0.295492,-0.224799,-0.02509,0.127496,0.174482,0.0,-0.011231,0.0,0.0,0.0,-0.237788,-0.174482,-0.0,-0.119703,0.0,-0.0,0.0,0.0,0.0,-0.0,0.0,-0.0,0.0,-0.0,0.0,-0.0,0.001953,-0.004883,0.0,0.000192,0.0,0.000064,0.0,-0.000064,0.0,-0.000192,0.0,-0.0,0.0,0.015699,
0.0,2.549157,0.87215,-0.000066,0.0,1.570796,0.0,1.116678,-0.139765,0.0,0.0,0.0,-0.538114,-0.029763,-0.00116,0.799619,0.00463,0.019727,0.031479,0.025301,0.002802,0.285924,-0.230893,-0.025131,0.140555,0.174482,0.0,-0.011231,-0.0,0.0,0.0,-0.246339,-0.174482,-0.0,-0.126546,0.0,0.0,0.0,0.0,0.0,0.0,0.0,0.0,0.0,-0.0,0.0,0.0,0.001953,-0.004883,0.0,0.000192,0.0,0.000064,-0.0,-0.000064,0.0,-0.000192,0.0,0.0,0.0,0.016407,
0.0,2.560565,0.871547,-0.000066,0.0,1.570796,0.0,1.140705,-0.060364,0.0,0.0,0.0,-0.537202,-0.028774,-0.000244,0.756012,-0.008225,0.020679,0.058929,0.025209,0.003149,0.257669,-0.226175,-0.025172,0.152292,0.174482,0.0,-0.011231,0.0,0.0,0.0,-0.253668,-0.174482,0.0,-0.132584,0.0,0.0,0.0,-0.0,0.0,0.0,0.0,0.0,0.0,0.0,0.0,-0.0,0.001953,-0.004883,0.0,0.000192,0.0,0.000064,0.0,-0.000064,0.0,-0.000192,0.0,-0.0,0.0,0.017469,
0.0,2.571971,0.870943,-0.000066,0.0,1.570796,0.0,1.140659,-0.060372,0.0,0.0,0.0,-0.536291,-0.027785,0.000671,0.712392,-0.02108,0.021632,0.086381,0.025117,0.003497,0.22941,-0.221458,-0.025214,0.164029,0.174482,0.0,-0.011231,0.0,-0.0,0.0,-0.260998,-0.174482,0.0,-0.138622,0.0,0.0,0.0,0.0,-0.0,0.0,0.0,0.0,0.0,0.0,0.0,0.0,0.001953,-0.004883,0.0,0.000192,0.0,0.000064,0.0,-0.000064,0.0,-0.000192,0.0,0.0,0.0,0.018531,
0.0,2.583378,0.870339,-0.000066,0.0,1.570796,0.0,1.14072,-0.060372,0.0,0.0,0.0,-0.535379,-0.026796,0.001587,0.668799,-0.033935,0.022584,0.113827,0.025026,0.003845,0.201159,-0.21674,-0.025255,0.175765,0.174482,-0.0,-0.011231,0.0,0.0,0.0,-0.268327,-0.174482,0.0,-0.14466,0.0,0.0,0.0,0.0,0.0,-0.0,0.0,0.0,-0.0,-0.0,0.0,-0.0,0.001953,-0.004883,0.0,0.000192,0.0,0.000064,0.0,-0.000064,0.0,-0.000192,0.0,0.0,0.0,0.019593,
0.0,2.59604,0.869657,-0.000066,0.0,1.570796,0.0,1.266148,-0.068237,0.0,0.0,0.0,-0.530033,-0.026119,0.002612,0.623574,-0.050568,0.023133,0.137316,0.025008,0.004816,0.18287,-0.214401,-0.025296,0.186914,0.174482,0.0,-0.011231,0.0,0.0,0.0,-0.271674,-0.174482,-0.0,-0.14938,0.0,0.0,0.0,-0.0,0.0,0.0,0.0,0.0,0.0,-0.0,0.0,0.0,0.001953,-0.004883,0.0,0.000192,0.0,0.000064,0.0,-0.000064,-0.0,-0.000192,0.0,0.0,0.0,0.020637,
0.0,2.608702,0.868975,-0.000066,0.0,1.570796,0.0,1.26624,-0.068237,0.0,0.0,0.0,-0.524685,-0.025441,0.003638,0.578317,-0.067204,0.023683,0.160809,0.024989,0.005786,0.164582,-0.212062,-0.025337,0.198064,0.174482,-0.0,-0.011231,0.0,0.0,0.0,-0.27502,-0.174482,0.0,-0.1541,0.0,0.0,0.0,0.0,0.0,0.0,0.0,0.0,0.0,0.0,-0.0,0.0,0.001953,-0.004883,0.0,0.000192,0.0,0.000064,0.0,-0.000064,0.0,-0.000192,0.0,0.0,0.0,0.02168,
0.0,2.621364,0.868292,-0.000066,0.0,1.570796,0.0,1.266179,-0.068237,0.0,0.0,0.0,-0.519337,-0.024764,0.004663,0.533077,-0.083838,0.024232,0.184299,0.024971,0.006757,0.146295,-0.209724,-0.025378,0.209213,0.174482,0.0,-0.011231,-0.0,0.0,0.0,-0.278365,-0.174482,0.0,-0.158819,0.0,0.0,0.0,0.0,0.0,0.0,0.0,-0.0,-0.0,-0.0,0.0,0.0,0.001953,-0.004883,0.0,0.000192,0.0,0.000064,0.0,-0.000064,0.0,-0.000192,-0.0,0.0,0.0,0.022724,
0.0,2.634207,0.867672,-0.000066,0.0,1.570796,0.0,1.284275,-0.062011,0.0,0.0,0.0,-0.519118,-0.024391,0.00542,0.513948,-0.101722,0.024489,0.201352,0.025038,0.008117,0.140409,-0.210244,-0.025514,0.218226,0.174482,-0.0,-0.011231,0.0,0.0,0.0,-0.279087,-0.174482,0.0,-0.162035,0.0,0.0,-0.0,-0.0,0.0,-0.0,0.0,0.0,0.0,0.0,0.0,0.0,0.001953,-0.004883,0.0,0.000192,0.0,0.000064,0.0,-0.000064,0.0,-0.000192,0.0,0.0,0.0,0.023536,
0.0,2.64714,0.867083,-0.000066,0.0,1.570796,0.0,1.293308,-0.05889,0.0,0.0,0.0,-0.521468,-0.024171,0.006043,0.507875,-0.120233,0.024599,0.215184,0.025148,0.009674,0.14073,-0.212196,-0.025697,0.226169,0.174482,0.0,-0.011231,0.0,0.0,0.0,-0.278496,-0.174482,0.0,-0.164497,0.0,0.0,0.0,-0.0,0.0,-0.0,0.0,-0.0,0.0,-0.0,0.0,-0.0,0.001953,-0.004883,-0.0,0.000192,0.0,0.000064,0.0,-0.000064,0.0,-0.000192,0.0,-0.0,0.0,0.024232,
0.0,2.660073,0.866494,-0.000066,0.0,1.570796,0.0,1.293278,-0.05889,0.0,0.0,0.0,-0.523818,-0.023952,0.006665,0.501802,-0.138744,0.024708,0.229016,0.025258,0.01123,0.141051,-0.214148,-0.02588,0.234112,0.174482,0.0,-0.011231,0.0,0.0,0.0,-0.277904,-0.174482,0.0,-0.166959,0.0,0.0,0.0,-0.0,0.0,-0.0,0.0,-0.0,0.0,0.0,0.0,-0.0,0.001953,-0.004883,0.0,0.000192,0.0,0.000064,0.0,-0.000064,0.0,-0.000192,0.0,0.0,0.0,0.024928,
0.0,2.673136,0.865963,-0.000066,0.0,1.570796,0.0,1.306308,-0.05309,0.0,0.0,0.0,-0.522593,-0.023781,0.007129,0.493616,-0.153022,0.024782,0.242645,0.025374,0.01286,0.141373,-0.213801,-0.026063,0.240902,0.174482,0.0,-0.011231,-0.0,0.0,0.0,-0.276002,-0.174482,0.0,-0.168576,0.0,0.0,0.0,0.0,0.0,-0.0,0.0,-0.0,0.0,0.0,0.0,-0.0,0.001953,-0.004883,0.0,0.000192,0.0,0.000064,-0.0,-0.000064,0.0,-0.000192,0.0,0.0,0.0,0.025581,
0.0,2.686458,0.865548,-0.000066,0.0,1.570796,0.0,1.332247,-0.041492,0.0,0.0,0.0,-0.514209,-0.023707,0.007276,0.481198,-0.158826,0.024782,0.255867,0.025502,0.014636,0.141694,-0.208849,-0.026247,0.245386,0.174482,0.0,-0.011231,-0.0,0.0,0.0,-0.271474,-0.174482,-0.0,-0.168503,0.0,0.0,0.0,0.0,0.0,-0.0,0.0,0.0,0.0,0.0,0.0,0.0,0.001953,-0.004883,0.0,0.000192,-0.0,0.000064,0.0,-0.000064,0.0,-0.000192,0.0,0.0,0.0,0.026149,
0.0,2.699781,0.865134,-0.000066,0.0,1.570796,0.0,1.332309,-0.0415,0.0,0.0,0.0,-0.505824,-0.023634,0.007422,0.468779,-0.164632,0.024782,0.269091,0.02563,0.016412,0.142015,-0.203896,-0.02643,0.24987,0.174482,-0.0,-0.011231,0.0,0.0,0.0,-0.266947,-0.174482,-0.0,-0.168429,0.0,0.0,0.0,-0.0,0.0,0.0,0.0,0.0,0.0,-0.0,0.0,-0.0,0.001953,-0.004883,0.0,0.000192,-0.0,0.000064,0.0,-0.000064,0.0,-0.000192,0.0,-0.0,0.0,0.026717,
0.0,2.713104,0.864719,-0.000066,0.0,1.570796,0.0,1.332339,-0.041492,0.0,0.0,0.0,-0.49744,-0.023561,0.007569,0.45636,-0.170437,0.024782,0.282313,0.025758,0.018189,0.142336,-0.198944,-0.026613,0.254354,0.174482,0.0,-0.011231,-0.0,0.0,0.0,-0.262419,-0.174482,0.0,-0.168356,0.0,0.0,0.0,0.0,0.0,-0.0,0.0,-0.0,0.0,-0.0,0.0,-0.0,0.001953,-0.004883,0.0,0.000192,0.0,0.000064,0.0,-0.000064,0.0,-0.000192,0.0,0.0,0.0,0.027284,
0.0,2.727686,0.864617,-0.000066,0.0,1.570796,0.0,1.458191,-0.010112,0.0,0.0,0.0,-0.484497,-0.023561,0.007294,0.446864,-0.162506,0.024782,0.295429,0.025941,0.020569,0.142722,-0.18505,-0.026613,0.257327,0.174482,0.0,-0.011231,0.0,0.0,0.0,-0.253748,-0.174482,0.0,-0.165913,0.0,0.0,0.0,0.0,0.0,0.0,0.0,0.0,0.0,0.0,0.0,0.0,0.001953,-0.004883,0.0,0.000192,-0.0,0.000064,0.0,-0.000064,0.0,-0.000192,0.0,0.0,0.0,0.029335,
0.0,2.742269,0.864516,-0.000066,0.0,1.570796,0.0,1.458252,-0.010104,0.0,0.0,0.0,-0.471552,-0.023561,0.007019,0.437369,-0.154571,0.024782,0.308545,0.026124,0.02295,0.143107,-0.171152,-0.026613,0.2603,0.174482,0.0,-0.011231,-0.0,-0.0,0.0,-0.245075,-0.174482,0.0,-0.163469,0.0,0.0,0.0,0.0,-0.0,0.0,0.0,-0.0,0.0,-0.0,0.0,-0.0,0.001953,-0.004883,0.0,0.000192,0.0,0.000064,0.0,-0.000064,0.0,-0.000192,0.0,0.0,0.0,0.031386,
0.0,2.756851,0.864415,-0.000066,0.0,1.570796,0.0,1.458222,-0.010096,0.0,0.0,0.0,-0.458607,-0.023561,0.006745,0.427874,-0.146636,0.024782,0.321661,0.026307,0.02533,0.143493,-0.157255,-0.026613,0.263273,0.174482,0.0,-0.011231,0.0,0.0,0.0,-0.236402,-0.174482,-0.0,-0.161026,0.0,0.0,0.0,-0.0,0.0,0.0,0.0,-0.0,0.0,-0.0,0.0,-0.0,0.001953,-0.004883,0.0,0.000192,0.0,0.000064,0.0,-0.000064,0.0,-0.000192,0.0,0.0,0.0,0.033437,
0.0,2.770722,0.864574,-0.000066,0.0,1.570796,0.0,1.387053,0.015892,0.0,0.0,0.0,-0.442618,-0.023671,0.006214,0.41332,-0.130327,0.024708,0.33317,0.026478,0.027333,0.143683,-0.131352,-0.026027,0.261657,0.174482,0.0,-0.011231,-0.0,0.0,0.0,-0.228181,-0.174482,0.0,-0.156331,0.0,0.0,0.0,0.0,0.0,-0.0,0.0,0.0,0.0,-0.0,0.0,0.0,0.001953,-0.004883,0.0,0.000192,0.0,0.000064,0.0,-0.000064,-0.0,-0.000192,0.0,0.0,0.0,0.034304,
0.0,2.784235,0.864864,-0.000066,0.0,1.570796,0.0,1.351347,0.028913,0.0,0.0,0.0,-0.425102,-0.023835,0.005555,0.39623,-0.109823,0.024599,0.343875,0.026643,0.029146,0.143774,-0.099424,-0.025148,0.257742,0.174482,0.0,-0.011231,0.0,0.0,0.0,-0.220185,-0.174482,-0.0,-0.15051,0.0,0.0,0.0,-0.0,0.0,-0.0,0.0,0.0,0.0,-0.0,0.0,0.0,0.001953,-0.004883,0.0,0.000192,0.0,0.000064,0.0,-0.000064,0.0,-0.000192,0.0,0.0,0.0,0.034579,
0.0,2.797749,0.865153,-0.000066,0.0,1.570796,0.0,1.351408,0.028906,0.0,0.0,0.0,-0.407585,-0.024,0.004895,0.379139,-0.089317,0.024489,0.354581,0.026807,0.030959,0.143866,-0.067496,-0.024269,0.253828,0.174482,0.0,-0.011231,0.0,0.0,0.0,-0.21219,-0.174482,0.0,-0.144689,0.0,-0.0,0.0,-0.0,0.0,-0.0,0.0,-0.0,0.0,0.0,0.0,-0.0,0.001953,-0.004883,0.0,0.000192,-0.0,0.000064,0.0,-0.000064,0.0,-0.000192,0.0,0.0,0.0,0.034854,
0.0,2.810834,0.865562,-0.000066,0.0,1.570796,0.0,1.308499,0.040988,0.0,0.0,0.0,-0.393276,-0.024153,0.004291,0.36907,-0.071733,0.024379,0.363601,0.026869,0.031015,0.143524,-0.028581,-0.023311,0.247472,0.174482,-0.0,-0.011231,-0.0,0.0,0.0,-0.204822,-0.174482,0.0,-0.137886,0.0,0.0,0.0,0.0,0.0,-0.0,0.0,0.0,0.0,-0.0,0.0,-0.0,0.001953,-0.004883,0.0,0.000192,0.0,0.000064,0.0,-0.000064,0.0,-0.000192,0.0,0.0,0.0,0.034488,
0.0,2.82306,0.866214,-0.000066,0.0,1.570796,0.0,1.22256,0.065175,0.0,0.0,0.0,-0.385386,-0.024281,0.003797,0.373058,-0.059991,0.024269,0.369246,0.026722,0.027554,0.142312,0.024409,-0.022194,0.236226,0.174482,0.0,-0.011231,0.0,0.0,0.0,-0.198714,-0.174482,0.0,-0.129116,0.0,0.0,0.0,0.0,0.0,-0.0,0.0,0.0,0.0,0.0,0.0,0.0,0.001953,-0.004883,0.0,0.000192,0.0,0.000064,0.0,-0.000064,0.0,-0.000192,0.0,0.0,0.0,0.03284,
0.0,2.835286,0.866866,-0.000066,0.0,1.570796,0.0,1.222621,0.065175,0.0,0.0,0.0,-0.377496,-0.024409,0.003302,0.377046,-0.048248,0.024159,0.374891,0.026576,0.024093,0.141101,0.077424,-0.021077,0.22498,0.174482,-0.0,-0.011231,0.0,0.0,0.0,-0.192605,-0.174482,0.0,-0.120345,0.0,0.0,0.0,0.0,0.0,0.0,0.0,0.0,0.0,0.0,0.0,0.0,0.001953,-0.004883,-0.0,0.000192,0.0,0.000064,0.0,-0.000064,0.0,-0.000192,0.0,0.0,0.0,0.031192,
0.0,2.847512,0.867518,-0.000066,0.0,1.570796,0.0,1.222591,0.065167,0.0,0.0,0.0,-0.369607,-0.024537,0.002808,0.381034,-0.036506,0.024049,0.380536,0.02643,0.020632,0.139889,0.130389,-0.01996,0.213735,0.174482,0.0,-0.011231,-0.0,0.0,0.0,-0.186496,-0.174482,0.0,-0.111575,-0.0,0.0,0.0,0.0,0.0,0.0,0.0,0.0,0.0,-0.0,0.0,-0.0,0.001953,-0.004883,0.0,0.000192,0.0,0.000064,0.0,-0.000064,-0.0,-0.000192,-0.0,0.0,0.0,0.029544,
0.0,2.859055,0.86832,-0.000066,0.0,1.570796,0.0,1.154261,0.080269,0.0,0.0,0.0,-0.361736,-0.024611,0.00268,0.388053,-0.037015,0.024049,0.29837,0.029432,0.021253,0.292008,0.133709,-0.016811,0.198213,0.174482,0.0,-0.011231,0.0,0.0,0.0,-0.182267,-0.174482,0.0,-0.103637,0.0,0.0,0.0,0.0,0.0,-0.0,0.0,-0.0,0.0,0.0,-0.0,-0.0,0.001953,-0.004883,0.0,0.000192,0.0,0.000064,0.0,-0.000064,0.0,-0.000192,0.0,0.0,0.0,0.029085,
0.0,2.870597,0.869123,-0.000066,0.0,1.570796,0.0,1.15423,0.080269,0.0,0.0,0.0,-0.353866,-0.024684,0.002551,0.395073,-0.037528,0.024049,0.215991,0.032436,0.021876,0.445366,0.137013,-0.013661,0.182689,0.174482,0.0,-0.011231,-0.0,0.0,0.0,-0.178038,-0.174482,0.0,-0.095698,-0.0,0.0,-0.0,0.0,0.0,0.0,0.0,0.0,0.0,-0.0,0.0,0.0,0.001953,-0.004883,0.0,0.000192,-0.0,0.000064,-0.0,-0.000064,0.0,-0.000192,0.0,0.0,0.0,0.028627,
0.0,2.882139,0.869926,-0.000066,0.0,1.570796,0.0,1.154261,0.080269,0.0,0.0,0.0,-0.345996,-0.024757,0.002423,0.402093,-0.03804,0.024049,0.133703,0.035439,0.022499,0.59813,0.140316,-0.010512,0.167165,0.174482,0.0,-0.011231,-0.0,0.0,0.0,-0.17381,-0.174482,0.0,-0.08776,0.0,0.0,0.0,0.0,0.0,0.0,0.0,-0.0,0.0,0.0,0.0,-0.0,0.001953,-0.004883,-0.0,0.000192,0.0,0.000064,0.0,-0.000064,0.0,-0.000192,0.0,0.0,0.0,0.02817,
0.0,2.893498,0.870804,-0.000066,0.0,1.570796,0.0,1.135889,0.087851,0.0,0.0,0.0,-0.335828,-0.024782,0.002498,0.405282,-0.044607,0.024049,0.073316,0.037698,0.022706,0.693638,0.168663,-0.006935,0.150638,0.174482,0.0,-0.011231,0.0,-0.0,-0.0,-0.168873,-0.174482,0.0,-0.079239,0.0,0.0,0.0,-0.0,-0.0,-0.0,0.0,0.0,0.0,-0.0,0.0,-0.0,0.001953,-0.004883,0.0,0.000192,-0.0,0.000064,0.0,-0.000064,0.0,-0.000192,0.0,-0.0,0.0,0.027748,
0.0,2.904765,0.871721,-0.000066,0.0,1.570796,0.0,1.126611,0.091643,0.0,0.0,0.0,-0.324509,-0.024782,0.002675,0.406554,-0.054206,0.024049,0.02375,0.039585,0.022706,0.761249,0.209574,-0.003145,0.133606,0.174482,0.0,-0.011231,-0.0,0.0,0.0,-0.163582,-0.174482,0.0,-0.070426,0.0,0.0,0.0,0.0,0.0,-0.0,0.0,-0.0,0.0,-0.0,-0.0,-0.0,0.001953,-0.004883,0.0,0.000192,0.0,0.000064,0.0,-0.000064,0.0,-0.000192,0.0,0.0,0.0,0.027346,
0.0,2.916031,0.872637,-0.000066,0.0,1.570796,0.0,1.126672,0.09165,0.0,0.0,0.0,-0.31319,-0.024782,0.002852,0.407825,-0.063805,0.024049,-0.025818,0.041471,0.022706,0.828862,0.250485,0.000646,0.116574,0.174482,0.0,-0.011231,0.0,0.0,0.0,-0.15829,-0.174482,0.0,-0.061612,0.0,0.0,0.0,-0.0,0.0,-0.0,0.0,0.0,0.0,0.0,0.0,0.0,0.001953,-0.004883,0.0,0.000192,0.0,0.000064,0.0,-0.000064,0.0,-0.000192,0.0,-0.0,0.0,0.026943,
0.0,2.927273,0.873571,-0.000066,0.0,1.570796,0.0,1.12417,0.093351,0.0,0.0,0.0,-0.300893,-0.024745,0.003029,0.407248,-0.073338,0.024067,-0.07034,0.042924,0.022401,0.884873,0.282548,0.003601,0.099071,0.174482,0.0,-0.011231,-0.0,0.0,0.0,-0.152237,-0.174482,0.0,-0.052831,0.0,0.0,0.0,0.0,0.0,-0.0,0.0,-0.0,0.0,-0.0,0.0,-0.0,0.001953,-0.004883,-0.0,0.000192,0.0,0.000064,0.0,-0.000064,0.0,-0.000192,0.0,0.0,0.0,0.026436,
0.0,2.938466,0.874538,-0.000066,0.0,1.570796,0.0,1.119287,0.096784,0.0,0.0,0.0,-0.286633,-0.024635,0.003206,0.402969,-0.08274,0.024122,-0.104867,0.04351,0.021486,0.917894,0.29694,0.004883,0.080618,0.174482,-0.0,-0.011231,0.0,0.0,0.0,-0.144655,-0.174482,0.0,-0.044113,0.0,-0.0,0.0,0.0,0.0,-0.0,0.0,-0.0,0.0,-0.0,0.0,-0.0,0.001953,-0.004883,-0.0,0.000192,-0.0,0.000064,0.0,-0.000064,0.0,-0.000192,0.0,-0.0,0.0,0.025722,
0.0,2.949658,0.875506,-0.000066,0.0,1.570796,0.0,1.119226,0.096784,0.0,0.0,0.0,-0.272373,-0.024525,0.003383,0.39869,-0.092143,0.024177,-0.139399,0.044097,0.02057,0.95092,0.311332,0.006164,0.062164,0.174482,0.0,-0.011231,0.0,0.0,0.0,-0.137073,-0.174482,-0.0,-0.035395,0.0,0.0,0.0,0.0,0.0,0.0,0.0,0.0,0.0,0.0,0.0,0.0,0.001953,-0.004883,0.0,0.000192,0.0,0.000064,0.0,-0.000064,0.0,-0.000192,0.0,-0.0,0.0,0.025008,
0.0,2.960851,0.876474,-0.000066,0.0,1.570796,0.0,1.119287,0.096792,0.0,0.0,0.0,-0.258114,-0.024415,0.00356,0.39441,-0.101545,0.024232,-0.173919,0.044683,0.019655,0.983934,0.325723,0.007446,0.043712,0.174482,-0.0,-0.011231,-0.0,0.0,0.0,-0.129491,-0.174482,-0.0,-0.026677,0.0,0.0,0.0,0.0,0.0,-0.0,0.0,0.0,0.0,-0.0,0.0,-0.0,0.001953,-0.004883,0.0,0.000192,0.0,0.000064,0.0,-0.000064,0.0,-0.000192,0.0,0.0,0.0,0.024294,
0.0,2.971478,0.877098,-0.000066,0.0,1.570796,0.0,1.062648,0.062334,0.0,0.0,0.0,-0.243917,-0.024415,0.003737,0.388814,-0.109726,0.024287,-0.199617,0.046349,0.021375,0.997591,0.308348,0.008453,0.024375,0.174482,0.0,-0.011158,0.0,0.0,0.0,-0.11913,-0.174482,0.0,-0.020761,0.0,0.0,-0.0,0.0,0.0,0.0,0.0,0.0,0.0,0.0,0.0,0.0,0.001953,-0.004883,0.0,0.000192,0.0,0.000064,0.0,-0.000064,0.0,-0.000192,0.0,0.0,0.0,0.022554,
0.0,2.982104,0.877721,-0.000066,0.0,1.570796,0.0,1.062618,0.062326,0.0,0.0,0.0,-0.229719,-0.024415,0.003914,0.383217,-0.117906,0.024342,-0.225317,0.048016,0.023096,1.011242,0.290962,0.00946,0.005037,0.174482,0.0,-0.011084,-0.0,0.0,0.0,-0.108768,-0.174482,0.0,-0.014846,-0.0,0.0,0.0,0.0,0.0,-0.0,0.0,0.0,0.0,0.0,0.0,0.0,0.001953,-0.004883,0.0,0.000192,0.0,0.000064,0.0,-0.000064,0.0,-0.000192,0.0,0.0,0.0,0.020815,
0.0,2.99273,0.878344,-0.000066,0.0,1.570796,0.0,1.062648,0.062326,0.0,0.0,0.0,-0.215521,-0.024415,0.004091,0.377621,-0.126087,0.024397,-0.251014,0.049683,0.024818,1.024892,0.273576,0.010468,-0.014302,0.174482,-0.0,-0.011011,0.0,0.0,0.0,-0.098406,-0.174482,0.0,-0.008932,-0.0,0.0,0.0,0.0,0.0,0.0,0.0,0.0,0.0,0.0,0.0,-0.0,0.001953,-0.004883,0.0,0.000192,0.0,0.000064,0.0,-0.000064,0.0,-0.000192,0.0,0.0,0.0,0.019075,
0.0,3.003279,0.879193,-0.000066,0.0,1.570796,0.0,1.054895,0.084863,0.0,0.0,0.0,-0.195795,-0.024342,0.004151,0.361616,-0.130296,0.024415,-0.273684,0.050141,0.025233,1.029727,0.254176,0.009962,-0.032738,0.174482,0.0,-0.017613,0.0,0.0,0.0,-0.086731,-0.174482,-0.0,-0.006958,0.0,0.0,0.0,0.0,0.0,0.0,0.0,0.0,0.0,0.0,0.0,0.0,0.001953,-0.004883,0.0,0.000192,0.0,0.000064,0.0,-0.000064,0.0,-0.000192,0.0,0.0,0.0,0.016908,
0.0,3.01379,0.880154,-0.000066,0.0,1.570796,0.0,1.05108,0.096147,0.0,0.0,0.0,-0.173295,-0.024232,0.004151,0.340395,-0.132516,0.024415,-0.294846,0.049995,0.024995,1.030148,0.233764,0.008698,-0.050727,0.174482,0.0,-0.027557,-0.0,0.0,0.0,-0.074399,-0.174482,0.0,-0.006958,-0.0,0.0,0.0,0.0,0.0,-0.0,0.0,-0.0,0.0,-0.0,0.0,-0.0,0.001953,-0.004883,0.0,0.000192,0.0,0.000064,0.0,-0.000064,0.0,-0.000192,0.0,0.0,0.0,0.014528,
0.0,3.024301,0.881116,-0.000066,0.0,1.570796,0.0,1.051049,0.096147,0.0,0.0,0.0,-0.150795,-0.024122,0.004151,0.319175,-0.134737,0.024415,-0.316008,0.049848,0.024757,1.030569,0.213353,0.007435,-0.068716,0.174482,-0.0,-0.037501,-0.0,0.0,0.0,-0.062067,-0.174482,0.0,-0.006958,0.0,0.0,0.0,0.0,0.0,0.0,-0.0,-0.0,0.0,0.0,0.0,-0.0,0.001953,-0.004883,0.0,0.000192,0.0,0.000064,0.0,-0.000064,0.0,-0.000192,0.0,0.0,0.0,0.012147,
0.0,3.034862,0.881858,-0.000066,0.0,1.570796,0.0,1.056178,0.074251,0.0,0.0,0.0,-0.130404,-0.024049,0.004151,0.302361,-0.137275,0.024415,-0.336766,0.04936,0.024129,1.028886,0.194104,0.005903,-0.08696,0.174482,0.0,-0.047848,0.0,0.0,0.0,-0.049451,-0.174482,0.0,-0.006958,0.0,0.0,0.0,0.0,0.0,0.0,0.0,0.0,0.0,0.0,0.0,-0.0,0.001953,-0.004883,0.0,0.000192,0.0,0.000064,0.0,-0.000064,0.0,-0.000192,0.0,0.0,0.0,0.00973,
0.0,3.045526,0.882162,-0.000066,0.0,1.570796,0.0,1.066373,0.030367,0.0,0.0,0.0,-0.114229,-0.024049,0.004151,0.294366,-0.140451,0.024415,-0.356725,0.048188,0.022719,1.022988,0.177176,0.003834,-0.105723,0.174482,-0.0,-0.059006,-0.0,0.0,0.0,-0.036264,-0.174482,0.0,-0.006958,-0.0,0.0,0.0,0.0,0.0,0.0,0.0,0.0,0.0,0.0,0.0,0.0,0.001953,-0.004883,0.0,0.000192,0.0,0.000064,0.0,-0.000064,0.0,-0.000192,0.0,0.0,0.0,0.00724,
0.0,3.05619,0.882466,-0.000066,0.0,1.570796,0.0,1.066373,0.030375,0.0,0.0,0.0,-0.098053,-0.024049,0.004151,0.28637,-0.143627,0.024415,-0.376685,0.047015,0.021309,1.017091,0.160248,0.001765,-0.124486,0.174482,0.0,-0.070163,0.0,0.0,0.0,-0.023078,-0.174482,0.0,-0.006958,0.0,0.0,0.0,0.0,0.0,0.0,0.0,0.0,0.0,-0.0,0.0,0.0,0.001953,-0.004883,0.0,0.000192,0.0,0.000064,0.0,-0.000064,0.0,-0.000192,0.0,-0.0,0.0,0.00475,
0.0,3.066853,0.882769,-0.000066,0.0,1.570796,0.0,1.066373,0.030375,0.0,0.0,0.0,-0.081879,-0.024049,0.004151,0.278375,-0.146803,0.024415,-0.396644,0.045843,0.019899,1.011193,0.143321,-0.000305,-0.143248,0.174482,-0.0,-0.08132,0.0,-0.0,0.0,-0.009892,-0.174482,0.0,-0.006958,0.0,0.0,0.0,0.0,-0.0,-0.0,0.0,-0.0,0.0,0.0,0.0,0.0,0.001953,-0.004883,0.0,0.000192,0.0,0.000064,0.0,-0.000064,0.0,-0.000192,0.0,0.0,0.0,0.002259,
0.0,3.077658,0.882326,-0.000066,0.0,1.570796,0.0,1.080478,-0.044339,0.0,0.0,0.0,-0.065741,-0.024049,0.004151,0.271372,-0.152433,0.024415,-0.416397,0.044378,0.018141,1.001049,0.131449,-0.002264,-0.160028,0.174482,-0.0,-0.092357,0.0,0.0,0.0,0.002706,-0.174482,0.0,-0.006958,0.0,0.0,0.0,0.0,0.0,-0.0,0.0,-0.0,0.0,0.0,0.0,0.0,0.001953,-0.004883,0.0,0.000192,0.0,0.000064,0.0,-0.000064,0.0,-0.000192,0.0,-0.0,0.0,0.002258,
0.0,3.088463,0.881882,-0.000066,0.0,1.570796,0.0,1.080478,-0.04437,0.0,0.0,0.0,-0.0496,-0.024049,0.004151,0.26437,-0.158065,0.024415,-0.436155,0.042913,0.016383,0.990903,0.119578,-0.004223,-0.17681,0.174482,0.0,-0.103395,-0.0,0.0,-0.0,0.015305,-0.174482,0.0,-0.006958,-0.0,0.0,0.0,0.0,0.0,-0.0,0.0,-0.0,0.0,0.0,0.0,0.0,0.001953,-0.004883,0.0,0.000192,0.0,0.000064,0.0,-0.000064,0.0,-0.000192,0.0,-0.0,0.0,0.002258,
0.0,3.099268,0.881439,-0.000066,0.0,1.570796,0.0,1.080478,-0.044362,0.0,0.0,0.0,-0.033461,-0.024049,0.004151,0.257368,-0.163697,0.024415,-0.45591,0.041448,0.014625,0.980757,0.107708,-0.006183,-0.19359,0.174482,0.0,-0.114432,0.0,0.0,0.0,0.027904,-0.174482,0.0,-0.006958,0.0,0.0,0.0,0.0,0.0,0.0,0.0,-0.0,0.0,0.0,0.0,0.0,0.001953,-0.004883,0.0,0.000192,0.0,0.000064,0.0,-0.000064,0.0,-0.000192,0.0,-0.0,0.0,0.002258,
0.0,3.110015,0.880634,-0.000066,0.0,1.570796,0.0,1.074773,-0.080419,0.0,0.0,0.0,-0.016559,-0.024049,0.004151,0.248628,-0.169329,0.024354,-0.474275,0.040178,0.013233,0.967527,0.097678,-0.007776,-0.210057,0.174482,-0.0,-0.125526,0.0,0.0,0.0,0.03882,-0.174482,0.0,-0.006958,0.0,0.0,0.0,0.0,0.0,-0.0,0.0,-0.0,-0.0,0.0,0.0,0.0,0.001953,-0.004883,0.0,0.000192,0.0,0.000064,0.0,-0.000064,0.0,-0.000192,0.0,0.0,0.0,0.000916,
0.0,3.120734,0.87965,-0.000066,0.0,1.570796,0.0,1.071906,-0.098463,0.0,0.0,0.0,0.000729,-0.024049,0.004151,0.239019,-0.174961,0.024263,-0.491948,0.039005,0.012025,0.952751,0.088568,-0.009186,-0.226368,0.174482,0.0,-0.13665,0.0,0.0,0.0,0.048895,-0.174482,0.0,-0.006958,0.0,0.0,0.0,-0.0,0.0,0.0,0.0,0.0,0.0,0.0,0.0,-0.0,0.001953,-0.004883,0.0,0.000192,0.0,0.000064,0.0,-0.000064,0.0,-0.000192,0.0,0.0,0.0,-0.001098,
0.0,3.131454,0.878665,-0.000066,0.0,1.570796,0.0,1.071906,-0.09847,0.0,0.0,0.0,0.018016,-0.024049,0.004151,0.22941,-0.180593,0.024171,-0.509621,0.037833,0.010816,0.937977,0.079458,-0.010596,-0.242679,0.174482,-0.0,-0.147773,0.0,0.0,0.0,0.05897,-0.174482,0.0,-0.006958,0.0,0.0,0.0,-0.0,0.0,0.0,0.0,0.0,0.0,0.0,0.0,0.0,0.001953,-0.004883,0.0,0.000192,0.0,0.000064,0.0,-0.000064,0.0,-0.000192,0.0,0.0,0.0,-0.003113,
0.0,3.14218,0.877826,-0.000066,0.0,1.570796,0.0,1.072637,-0.083883,0.0,0.0,0.0,0.037911,-0.024049,0.00401,0.214685,-0.183326,0.02411,-0.523663,0.036685,0.009772,0.917432,0.070923,-0.011945,-0.258785,0.174482,0.0,-0.158766,0.0,0.0,0.0,0.068209,-0.174482,0.0,-0.006958,0.0,0.0,0.0,-0.0,0.0,-0.0,0.0,-0.0,-0.0,-0.0,0.0,-0.0,0.001953,-0.004883,0.0,0.000192,0.0,0.000064,0.0,-0.000064,0.0,-0.000192,-0.0,0.0,0.0,-0.005182,
0.0,3.15292,0.877279,-0.000066,0.0,1.570796,0.0,1.074039,-0.054716,0.0,0.0,0.0,0.063035,-0.024049,0.003589,0.189713,-0.180255,0.02411,-0.530439,0.035587,0.009058,0.885328,0.06354,-0.013172,-0.274486,0.174482,-0.0,-0.1695,0.0,-0.0,0.0,0.075778,-0.174482,0.0,-0.006958,0.0,0.0,0.0,0.0,-0.0,0.0,0.0,-0.0,0.0,0.0,0.0,-0.0,0.001953,-0.004883,0.0,0.000192,0.0,0.000064,0.0,-0.000064,0.0,-0.000192,-0.0,0.0,0.0,-0.007361,
0.0,3.163661,0.876732,-0.000066,0.0,1.570796,0.0,1.07407,-0.054708,0.0,0.0,0.0,0.088161,-0.024049,0.003168,0.164738,-0.177185,0.02411,-0.537215,0.034488,0.008344,0.853218,0.056157,-0.014399,-0.290187,0.174482,-0.0,-0.180235,0.0,0.0,0.0,0.083346,-0.174482,0.0,-0.006958,0.0,0.0,0.0,0.0,0.0,0.0,-0.0,-0.0,-0.0,0.0,0.0,0.0,0.001953,-0.004883,0.0,0.000192,0.0,0.000064,0.0,-0.000064,0.0,-0.000192,0.0,0.0,0.0,-0.00954,
0.0,3.174402,0.876185,-0.000066,0.0,1.570796,0.0,1.074039,-0.054708,0.0,0.0,0.0,0.113282,-0.024049,0.002747,0.139769,-0.174115,0.02411,-0.543991,0.033389,0.00763,0.821119,0.048774,-0.015626,-0.305886,0.174482,0.0,-0.190969,-0.0,0.0,0.0,0.090915,-0.174482,0.0,-0.006958,0.0,0.0,0.0,0.0,0.0,0.0,0.0,0.0,0.0,0.0,0.0,-0.0,0.001953,-0.004883,0.0,0.000192,0.0,0.000064,0.0,-0.000064,0.0,-0.000192,0.0,0.0,0.0,-0.011719,
0.0,3.184997,0.8753,-0.000066,0.0,1.570796,0.0,1.059515,-0.088477,0.0,0.0,0.0,0.125414,-0.024086,0.002234,0.139932,-0.181691,0.02411,-0.542376,0.032418,0.007218,0.776033,0.0411,-0.016688,-0.318693,0.174482,-0.0,-0.199695,0.0,0.0,0.0,0.09735,-0.174482,0.0,-0.006958,-0.0,0.0,0.0,0.0,0.0,0.0,0.0,-0.0,0.0,-0.0,0.0,-0.0,0.001953,-0.004883,0.0,0.000192,0.0,0.000064,0.0,-0.000064,0.0,-0.000192,0.0,0.0,0.0,-0.01366,
0.0,3.195591,0.874416,-0.000066,0.0,1.570796,0.0,1.059454,-0.088469,0.0,0.0,0.0,0.137545,-0.024122,0.001721,0.140097,-0.189268,0.02411,-0.540761,0.031448,0.006806,0.730916,0.033427,-0.01775,-0.331499,0.174482,0.0,-0.20842,0.0,0.0,-0.0,0.103786,-0.174482,0.0,-0.006958,0.0,0.0,0.0,-0.0,0.0,0.0,0.0,0.0,0.0,0.0,0.0,0.0,0.001953,-0.004883,0.0,0.000192,0.0,0.000064,0.0,-0.000064,0.0,-0.000192,0.0,0.0,0.0,-0.015601,
0.0,3.206186,0.873531,-0.000066,0.0,1.570796,0.0,1.059454,-0.088477,0.0,0.0,0.0,0.149676,-0.024159,0.001209,0.140262,-0.196846,0.02411,-0.539146,0.030477,0.006394,0.685814,0.025753,-0.018812,-0.344305,0.174482,0.0,-0.217146,0.0,0.0,0.0,0.110222,-0.174482,0.0,-0.006958,0.0,0.0,0.0,0.0,0.0,0.0,0.0,-0.0,0.0,-0.0,0.0,0.0,0.001953,-0.004883,0.0,0.000192,0.0,0.000064,0.0,-0.000064,0.0,-0.000192,0.0,0.0,0.0,-0.017542,
0.0,3.21728,0.872689,-0.000066,0.0,1.570796,0.0,1.109472,-0.08417,0.0,0.0,0.0,0.162322,-0.024232,-0.000049,0.140586,-0.206604,0.024232,-0.53393,0.029616,0.005982,0.63628,0.015138,-0.019752,-0.354221,0.174482,0.0,-0.223999,0.0,0.0,0.0,0.116109,-0.174482,0.0,-0.006958,0.0,0.0,0.0,0.0,0.0,0.0,0.0,-0.0,0.0,0.0,0.0,-0.0,0.001953,-0.004883,0.0,0.000192,0.0,0.000064,0.0,-0.000064,0.0,-0.000192,0.0,0.0,0.0,-0.018604,
0.0,3.228625,0.871869,-0.000066,0.0,1.570796,0.0,1.134496,-0.082017,0.0,0.0,0.0,0.175227,-0.024324,-0.001679,0.14099,-0.217454,0.024415,-0.526912,0.02881,0.00557,0.58446,0.003052,-0.020631,-0.362692,0.174482,-0.0,-0.229916,0.0,0.0,0.0,0.121723,-0.174482,0.0,-0.006958,0.0,0.0,0.0,0.0,0.0,0.0,0.0,-0.0,0.0,-0.0,-0.0,-0.0,0.001953,-0.004883,0.0,0.000192,0.0,0.000064,0.0,-0.000064,0.0,-0.000192,0.0,0.0,0.0,-0.019227,
0.0,3.23997,0.871049,-0.000066,0.0,1.570796,0.0,1.134496,-0.082017,0.0,0.0,0.0,0.188132,-0.024415,-0.003308,0.141394,-0.228304,0.024599,-0.519895,0.028005,0.005158,0.53264,-0.009034,-0.02151,-0.371163,0.174482,0.0,-0.235834,-0.0,-0.0,0.0,0.127337,-0.174482,0.0,-0.006958,0.0,0.0,0.0,0.0,-0.0,0.0,0.0,0.0,0.0,-0.0,0.0,-0.0,0.001953,-0.004883,0.0,0.000192,0.0,0.000064,0.0,-0.000064,0.0,-0.000192,0.0,0.0,0.0,-0.01985,
0.0,3.251645,0.870273,-0.000066,0.0,1.570796,0.0,1.167516,-0.07762,0.0,0.0,0.0,0.201137,-0.024519,-0.004993,0.141786,-0.236853,0.024818,-0.512872,0.027339,0.004761,0.487617,-0.022195,-0.022255,-0.37801,0.174482,0.0,-0.240682,0.0,0.0,0.0,0.132676,-0.174482,0.0,-0.006958,0.0,0.0,0.0,0.0,0.0,-0.0,-0.0,-0.0,0.0,-0.0,0.0,-0.0,0.001953,-0.004883,0.0,0.000192,0.0,0.000064,0.0,-0.000064,0.0,-0.000192,0.0,0.0,0.0,-0.020051,
0.0,3.263982,0.869584,-0.000066,0.0,1.570796,0.0,1.233647,-0.068835,0.0,0.0,0.0,0.214346,-0.024647,-0.006787,0.142153,-0.2408,0.025111,-0.505838,0.026955,0.004395,0.456069,-0.037508,-0.022731,-0.381609,0.174482,0.0,-0.243394,0.0,0.0,0.0,0.137467,-0.174482,0.0,-0.006958,-0.0,0.0,0.0,0.0,0.0,0.0,0.0,0.0,0.0,-0.0,0.0,-0.0,0.001953,-0.004883,0.0,0.000192,0.0,0.000064,0.0,-0.000064,0.0,-0.000192,0.0,0.0,0.0,-0.01941,
0.0,3.276318,0.868896,-0.000066,0.0,1.570796,0.0,1.233647,-0.068835,0.0,0.0,0.0,0.227555,-0.024775,-0.008582,0.14252,-0.244748,0.025404,-0.498804,0.02657,0.004028,0.424516,-0.05282,-0.023207,-0.385209,0.174482,0.0,-0.246106,0.0,0.0,0.0,0.142258,-0.174482,0.0,-0.006958,0.0,0.0,0.0,-0.0,0.0,-0.0,0.0,-0.0,0.0,0.0,0.0,-0.0,0.001953,-0.004883,0.0,0.000192,0.0,0.000064,0.0,-0.000064,0.0,-0.000192,-0.0,0.0,0.0,-0.018769,
0.0,3.288655,0.868207,-0.000066,0.0,1.570796,0.0,1.233647,-0.068835,0.0,0.0,0.0,0.240763,-0.024903,-0.010377,0.142887,-0.248694,0.025697,-0.491771,0.026186,0.003662,0.392976,-0.068131,-0.023683,-0.388808,0.174482,-0.0,-0.248818,-0.0,0.0,0.0,0.147049,-0.174482,0.0,-0.006958,-0.0,0.0,0.0,0.0,0.0,0.0,-0.0,-0.0,0.0,-0.0,0.0,-0.0,0.001953,-0.004883,0.0,0.000192,0.0,0.000064,0.0,-0.000064,0.0,-0.000192,-0.0,-0.0,0.0,-0.018128,
0.0,3.301339,0.867725,-0.000066,0.0,1.570796,0.0,1.268405,-0.048241,0.0,0.0,0.0,0.25323,-0.025013,-0.011732,0.143071,-0.241115,0.025844,-0.483327,0.026057,0.003571,0.377963,-0.074105,-0.023811,-0.385936,0.174482,-0.0,-0.24784,-0.0,0.0,0.0,0.150208,-0.174482,0.0,-0.006958,0.0,0.0,0.0,0.0,0.0,-0.0,0.0,-0.0,0.0,0.0,-0.0,-0.0,0.001953,-0.004883,0.0,0.000192,0.0,0.000064,0.0,-0.000064,0.0,-0.000192,0.0,-0.0,0.0,-0.017579,
0.0,3.314023,0.867243,-0.000066,0.0,1.570796,0.0,1.268436,-0.048241,0.0,0.0,0.0,0.265697,-0.025123,-0.013087,0.143254,-0.233536,0.02599,-0.474884,0.025929,0.003479,0.36295,-0.08008,-0.023939,-0.383063,0.174482,0.0,-0.246862,-0.0,0.0,0.0,0.153366,-0.174482,-0.0,-0.006958,-0.0,0.0,0.0,0.0,0.0,-0.0,0.0,0.0,0.0,0.0,0.0,-0.0,0.001953,-0.004883,0.0,0.000192,0.0,0.000064,0.0,-0.000064,0.0,-0.000192,0.0,0.0,0.0,-0.017029,
0.0,3.326707,0.86676,-0.000066,0.0,1.570796,0.0,1.268405,-0.048248,0.0,0.0,0.0,0.278164,-0.025233,-0.014442,0.143438,-0.225957,0.026137,-0.466441,0.025801,0.003388,0.347937,-0.086054,-0.024068,-0.38019,0.174482,-0.0,-0.245884,0.0,0.0,0.0,0.156525,-0.174482,0.0,-0.006958,-0.0,0.0,0.0,-0.0,0.0,0.0,0.0,-0.0,0.0,-0.0,0.0,0.0,0.001953,-0.004883,0.0,0.000192,0.0,0.000064,0.0,-0.000064,0.0,-0.000192,0.0,-0.0,0.0,-0.01648,
0.0,3.339445,0.866434,-0.000066,0.0,1.570796,0.0,1.273775,-0.0326,0.0,0.0,0.0,0.289691,-0.025318,-0.015382,0.143499,-0.209732,0.026076,-0.45978,0.025832,0.003675,0.342267,-0.076048,-0.023935,-0.374389,0.174482,0.0,-0.243602,0.0,0.0,0.0,0.1583,-0.174482,0.0,-0.006958,0.0,0.0,0.0,0.0,0.0,-0.0,0.0,-0.0,0.0,0.0,0.0,-0.0,0.001953,-0.004883,0.0,0.000192,0.0,0.000064,0.0,-0.000064,0.0,-0.000192,0.0,0.0,0.0,-0.016676,
0.0,3.352209,0.866186,-0.000066,0.0,1.570796,0.0,1.276369,-0.024795,0.0,0.0,0.0,0.300748,-0.025391,-0.016114,0.143499,-0.189184,0.025911,-0.454011,0.025941,0.004151,0.341263,-0.058057,-0.023673,-0.367126,0.174482,-0.0,-0.24067,-0.0,-0.0,0.0,0.159384,-0.174482,0.0,-0.006958,0.0,0.0,0.0,0.0,-0.0,-0.0,0.0,-0.0,-0.0,-0.0,-0.0,0.0,0.001953,-0.004883,0.0,0.000192,0.0,0.000064,0.0,-0.000064,0.0,-0.000192,0.0,-0.0,0.0,-0.017243,
0.0,3.364973,0.865938,-0.000066,0.0,1.570796,0.0,1.276399,-0.024787,0.0,0.0,0.0,0.311805,-0.025465,-0.016847,0.143499,-0.168636,0.025746,-0.448241,0.026051,0.004627,0.34026,-0.040066,-0.02341,-0.359862,0.174482,0.0,-0.237737,0.0,0.0,0.0,0.160468,-0.174482,0.0,-0.006958,0.0,0.0,0.0,-0.0,0.0,0.0,0.0,0.0,0.0,0.0,0.0,0.0,0.001953,-0.004883,0.0,0.000192,0.0,0.000064,0.0,-0.000064,0.0,-0.000192,0.0,-0.0,0.0,-0.017811,
0.0,3.377652,0.865777,-0.000066,0.0,1.570796,0.0,1.267976,-0.016128,0.0,0.0,0.0,0.322339,-0.025501,-0.016974,0.14334,-0.143035,0.025453,-0.442776,0.026167,0.005085,0.341794,-0.023246,-0.023148,-0.351607,0.174482,-0.0,-0.23446,-0.0,0.0,0.0,0.160473,-0.174482,0.0,-0.006958,0.0,0.0,0.0,0.0,0.0,-0.0,0.0,0.0,0.0,-0.0,0.0,-0.0,0.001953,-0.004883,0.0,0.000192,0.0,0.000064,0.0,-0.000064,0.0,-0.000192,0.0,-0.0,0.0,-0.018709,
0.0,3.390165,0.865789,-0.000066,0.0,1.570796,0.0,1.25122,0.001182,0.0,0.0,0.0,0.331829,-0.025465,-0.015894,0.142862,-0.107315,0.024904,-0.437917,0.026296,0.005506,0.348396,-0.008761,-0.022885,-0.341371,0.174482,0.0,-0.230497,0.0,0.0,0.0,0.158324,-0.174482,0.0,-0.006958,0.0,0.0,0.0,0.0,0.0,-0.0,0.0,0.0,0.0,-0.0,0.0,0.0,0.001953,-0.004883,0.0,0.000192,0.0,0.000064,0.0,-0.000064,0.0,-0.000192,0.0,0.0,0.0,-0.020265,
0.0,3.402676,0.865801,-0.000066,0.0,1.570796,0.0,1.251129,0.001182,0.0,0.0,0.0,0.341319,-0.025428,-0.014813,0.142385,-0.071589,0.024354,-0.43306,0.026424,0.005927,0.354998,0.005725,-0.022623,-0.331136,0.174482,0.0,-0.226534,0.0,-0.0,-0.0,0.156175,-0.174482,0.0,-0.006958,-0.0,0.0,0.0,-0.0,-0.0,-0.0,0.0,0.0,0.0,0.0,-0.0,-0.0,0.001953,-0.004883,0.0,0.000192,0.0,0.000064,0.0,-0.000064,0.0,-0.000192,0.0,-0.0,0.0,-0.021822,
0.0,3.415187,0.865813,-0.000066,0.0,1.570796,0.0,1.251068,0.001197,0.0,0.0,0.0,0.350795,-0.025392,-0.013732,0.141931,-0.035883,0.023805,-0.428201,0.026552,0.006348,0.361597,0.020207,-0.02236,-0.320901,0.174482,0.0,-0.222572,0.0,-0.0,-0.0,0.154023,-0.174482,-0.0,-0.006958,0.0,0.0,0.0,-0.0,-0.0,0.0,0.0,0.0,0.0,-0.0,0.0,-0.0,0.001953,-0.004883,0.0,0.000192,0.0,0.000064,0.0,-0.000064,-0.0,-0.000192,0.0,0.0,0.0,-0.023378,
0.0,3.425616,0.866147,-0.000066,0.0,1.570796,0.0,1.042875,0.03344,0.0,0.0,0.0,0.321309,-0.025502,-0.0104,0.207225,-0.011749,0.023439,-0.420641,0.026662,0.006678,0.363124,0.030445,-0.022098,-0.3126,0.174482,0.0,-0.219975,0.0,0.0,0.0,0.143836,-0.174482,0.0,-0.006958,0.0,0.0,0.0,-0.0,0.0,-0.0,0.0,-0.0,-0.0,-0.0,0.0,-0.0,0.001953,-0.004883,0.0,0.000192,0.0,0.000064,0.0,-0.000064,0.0,-0.000192,0.0,0.0,0.0,-0.023909,
0.0,3.436045,0.866481,-0.000066,0.0,1.570796,0.0,1.042936,0.03344,0.0,0.0,0.0,0.291813,-0.025612,-0.007067,0.272616,0.012391,0.023072,-0.41308,0.026772,0.007007,0.364651,0.040684,-0.021835,-0.304298,0.174482,-0.0,-0.217377,0.0,0.0,0.0,0.133649,-0.174482,0.0,-0.006958,-0.0,0.0,0.0,0.0,0.0,0.0,0.0,-0.0,0.0,-0.0,0.0,-0.0,0.001953,-0.004883,0.0,0.000192,0.0,0.000064,0.0,-0.000064,0.0,-0.000192,0.0,-0.0,0.0,-0.02444,
0.0,3.446474,0.866816,-0.000066,0.0,1.570796,0.0,1.042875,0.033448,0.0,0.0,0.0,0.262323,-0.025722,-0.003734,0.337957,0.036528,0.022706,-0.405519,0.026882,0.007337,0.366178,0.050922,-0.021573,-0.295997,0.174482,0.0,-0.21478,0.0,0.0,0.0,0.123462,-0.174482,0.0,-0.006958,0.0,0.0,0.0,0.0,0.0,-0.0,0.0,0.0,-0.0,-0.0,0.0,-0.0,0.001953,-0.004883,0.0,0.000192,0.0,0.000064,0.0,-0.000064,0.0,-0.000192,0.0,0.0,0.0,-0.024971,
0.0,3.456579,0.867317,-0.000066,0.0,1.570796,0.0,1.010586,0.050131,0.0,0.0,0.0,0.215609,-0.026614,-0.003235,0.423723,0.065423,0.021277,-0.398519,0.026918,0.007373,0.370815,0.050078,-0.021534,-0.286524,0.174482,0.0,-0.210243,0.0,0.0,0.0,0.112537,-0.174482,0.0,-0.006958,0.0,0.0,0.0,0.0,0.0,0.0,0.0,0.0,0.0,0.0,0.0,0.0,0.001953,-0.004883,0.0,0.000192,0.0,0.000064,0.0,-0.000064,0.0,-0.000192,0.0,0.0,0.0,-0.025527,
0.0,3.466524,0.867902,-0.000066,0.0,1.570796,0.0,0.994472,0.058461,0.0,0.0,0.0,0.160233,-0.027895,-0.004151,0.520063,0.096706,0.019318,-0.391798,0.026918,0.007263,0.377004,0.043704,-0.021608,-0.276467,0.174482,0.0,-0.20474,0.0,0.0,0.0,0.101242,-0.174482,0.0,-0.006958,-0.0,0.0,0.0,0.0,0.0,0.0,0.0,0.0,-0.0,0.0,0.0,-0.0,0.001953,-0.004883,0.0,0.000192,0.0,0.000064,0.0,-0.000064,0.0,-0.000192,0.0,-0.0,0.0,-0.026094,
0.0,3.476469,0.868486,-0.000066,0.0,1.570796,0.0,0.994533,0.058461,0.0,0.0,0.0,0.104855,-0.029177,-0.005067,0.616408,0.127992,0.017358,-0.385077,0.026918,0.007153,0.383193,0.037329,-0.021681,-0.266409,0.174482,-0.0,-0.199235,-0.0,0.0,0.0,0.089947,-0.174482,0.0,-0.006958,0.0,0.0,0.0,0.0,0.0,-0.0,0.0,0.0,0.0,-0.0,0.0,0.0,0.001953,-0.004883,0.0,0.000192,0.0,0.000064,0.0,-0.000064,0.0,-0.000192,0.0,0.0,0.0,-0.026662,
0.0,3.486396,0.869134,-0.000066,0.0,1.570796,0.0,0.992702,0.064778,0.0,0.0,0.0,0.053825,-0.030465,-0.005866,0.699557,0.15723,0.015307,-0.378001,0.026918,0.006995,0.388981,0.029257,-0.021797,-0.255584,0.174482,0.0,-0.192708,0.0,0.0,0.0,0.078631,-0.174482,0.0,-0.006958,-0.0,0.0,0.0,0.0,0.0,-0.0,0.0,0.0,0.0,0.0,0.0,0.0,0.001953,-0.004883,0.0,0.000192,0.0,0.000064,0.0,-0.000064,0.0,-0.000192,-0.0,0.0,0.0,-0.027175,
0.0,3.496287,0.869908,-0.000066,0.0,1.570796,0.0,0.989069,0.077405,0.0,0.0,0.0,0.011312,-0.031766,-0.006434,0.757115,0.182415,0.013073,-0.370216,0.026918,0.006738,0.393967,0.017793,-0.021998,-0.243227,0.174482,-0.0,-0.18414,0.0,0.0,0.0,0.067272,-0.174482,0.0,-0.006958,0.0,0.0,0.0,0.0,0.0,0.0,0.0,-0.0,0.0,-0.0,0.0,-0.0,0.001953,-0.004883,0.0,0.000192,0.0,0.000064,0.0,-0.000064,0.0,-0.000192,0.0,0.0,0.0,-0.027578,
0.0,3.506179,0.870682,-0.000066,0.0,1.570796,0.0,0.989161,0.077412,0.0,0.0,0.0,-0.031215,-0.033066,-0.007001,0.814707,0.207604,0.010839,-0.36243,0.026918,0.006482,0.398954,0.006329,-0.0222,-0.230869,0.174482,0.0,-0.175571,0.0,0.0,0.0,0.055912,-0.174482,0.0,-0.006958,0.0,0.0,0.0,0.0,0.0,-0.0,0.0,-0.0,0.0,-0.0,0.0,-0.0,0.001953,-0.004883,0.0,0.000192,0.0,0.000064,0.0,-0.000064,0.0,-0.000192,0.0,-0.0,0.0,-0.027981,
0.0,3.51607,0.871456,-0.000066,0.0,1.570796,0.0,0.989069,0.077405,0.0,0.0,0.0,-0.07371,-0.034366,-0.007568,0.872218,0.232772,0.008606,-0.354644,0.026918,0.006226,0.403939,-0.005135,-0.022401,-0.218512,0.174482,-0.0,-0.167002,0.0,0.0,0.0,0.044553,-0.174482,0.0,-0.006958,0.0,0.0,0.0,0.0,0.0,-0.0,0.0,-0.0,0.0,0.0,0.0,0.0,0.001953,-0.004883,0.0,0.000192,0.0,0.000064,0.0,-0.000064,0.0,-0.000192,0.0,0.0,0.0,-0.028382,
0.0,3.525499,0.872244,-0.000066,0.0,1.570796,0.0,0.942927,0.078767,0.0,0.0,0.0,-0.108963,-0.034915,-0.007239,0.904679,0.234745,0.007928,-0.346061,0.026918,0.005969,0.406669,-0.017734,-0.022603,-0.206018,0.174482,0.0,-0.156829,0.0,0.0,0.0,0.031349,-0.174482,0.0,-0.006958,-0.0,0.0,0.0,0.0,0.0,-0.0,0.0,-0.0,0.0,-0.0,0.0,-0.0,0.001953,-0.004883,0.0,0.000192,0.0,0.000064,0.0,-0.000064,0.0,-0.000192,0.0,0.0,0.0,-0.027247,
0.0,3.534928,0.873032,-0.000066,0.0,1.570796,0.0,0.942927,0.07876,0.0,0.0,0.0,-0.14423,-0.035465,-0.006909,0.937151,0.236718,0.007251,-0.337477,0.026918,0.005713,0.409399,-0.030334,-0.022804,-0.193523,0.174482,-0.0,-0.146656,0.0,0.0,0.0,0.018145,-0.174482,0.0,-0.006958,0.0,0.0,0.0,0.0,0.0,-0.0,0.0,-0.0,0.0,-0.0,-0.0,-0.0,0.001953,-0.004883,0.0,0.000192,0.0,0.000064,0.0,-0.000064,0.0,-0.000192,0.0,0.0,0.0,-0.026112,
0.0,3.544358,0.873819,-0.000066,0.0,1.570796,0.0,0.942988,0.078767,0.0,0.0,0.0,-0.179492,-0.036014,-0.00658,0.96962,0.238691,0.006573,-0.328892,0.026918,0.005457,0.412129,-0.042934,-0.023006,-0.181028,0.174482,0.0,-0.136482,0.0,0.0,0.0,0.004941,-0.174482,0.0,-0.006958,0.0,0.0,0.0,-0.0,0.0,0.0,0.0,-0.0,-0.0,-0.0,0.0,0.0,0.001953,-0.004883,0.0,0.000192,0.0,0.000064,0.0,-0.000064,0.0,-0.000192,0.0,0.0,0.0,-0.024976,
0.0,3.553683,0.875463,-0.000066,0.0,1.570796,0.0,0.932515,0.164361,0.0,0.0,0.0,-0.205788,-0.036026,-0.006116,0.98301,0.23476,0.00669,-0.312058,0.026796,0.005432,0.398844,-0.047626,-0.023146,-0.168084,0.174482,0.0,-0.12617,-0.0,0.0,0.0,-0.009495,-0.174482,0.0,-0.006958,0.0,0.0,0.0,0.0,0.0,0.0,0.0,0.0,0.0,0.0,0.0,0.0,0.001953,-0.004883,0.0,0.000192,0.0,0.000064,0.0,-0.000064,0.0,-0.000192,0.0,0.0,0.0,-0.02268,
0.0,3.562957,0.877533,-0.000066,0.0,1.570796,0.0,0.927415,0.207047,0.0,0.0,0.0,-0.227631,-0.035769,-0.005585,0.986898,0.227885,0.007203,-0.291105,0.026613,0.005524,0.37757,-0.048377,-0.023256,-0.154915,0.174482,0.0,-0.115788,0.0,0.0,0.0,-0.024549,-0.174482,0.0,-0.006958,0.0,0.0,0.0,0.0,0.0,0.0,0.0,0.0,0.0,0.0,0.0,0.0,0.001953,-0.004883,0.0,0.000192,0.0,0.000064,0.0,-0.000064,0.0,-0.000192,0.0,0.0,0.0,-0.019805,
0.0,3.572232,0.879604,-0.000066,0.0,1.570796,0.0,0.927446,0.207062,0.0,0.0,0.0,-0.249475,-0.035513,-0.005053,0.990786,0.22101,0.007715,-0.270152,0.02643,0.005615,0.356295,-0.049128,-0.023366,-0.141745,0.174482,-0.0,-0.105406,0.0,0.0,0.0,-0.039604,-0.174482,0.0,-0.006958,0.0,0.0,0.0,0.0,0.0,-0.0,0.0,0.0,0.0,-0.0,0.0,-0.0,0.001953,-0.004883,0.0,0.000192,0.0,0.000064,0.0,-0.000064,0.0,-0.000192,0.0,0.0,0.0,-0.01693,
0.0,3.581526,0.881371,-0.000066,0.0,1.570796,0.0,0.92937,0.176644,0.0,0.0,0.0,-0.270667,-0.035202,-0.004492,0.992812,0.212468,0.008347,-0.249781,0.026265,0.005676,0.336353,-0.050779,-0.023475,-0.128228,0.174482,0.0,-0.094893,-0.0,0.0,0.0,-0.0542,-0.174482,0.0,-0.008139,0.0,0.0,0.0,0.0,0.0,-0.0,0.0,-0.0,0.0,-0.0,0.0,-0.0,0.001953,-0.004883,0.0,0.000192,0.0,0.000064,0.0,-0.000064,0.0,-0.000192,0.0,0.0,0.0,-0.013639,
0.0,3.590858,0.882531,-0.000066,0.0,1.570796,0.0,0.933311,0.116044,0.0,0.0,0.0,-0.290573,-0.03478,-0.003869,0.991126,0.200599,0.009217,-0.230561,0.026137,0.005676,0.319056,-0.054222,-0.023585,-0.114015,0.174482,0.0,-0.084117,0.0,0.0,0.0,-0.067888,-0.174482,0.0,-0.011673,0.0,0.0,0.0,0.0,0.0,0.0,-0.0,-0.0,0.0,-0.0,-0.0,-0.0,0.001953,-0.004883,0.0,0.000192,0.0,0.000064,0.0,-0.000064,0.0,-0.000192,0.0,0.0,0.0,-0.009519,
0.0,3.600192,0.883691,-0.000066,0.0,1.570796,0.0,0.933311,0.116044,0.0,0.0,0.0,-0.310479,-0.034359,-0.003247,0.98944,0.188731,0.010087,-0.211339,0.026009,0.005676,0.301758,-0.057666,-0.023695,-0.099802,0.174482,0.0,-0.073341,0.0,0.0,0.0,-0.081577,-0.174482,0.0,-0.015207,0.0,0.0,0.0,-0.0,0.0,-0.0,0.0,0.0,-0.0,0.0,0.0,-0.0,0.001953,-0.004883,0.0,0.000192,0.0,0.000064,0.0,-0.000064,0.0,-0.000192,0.0,0.0,0.0,-0.005399,
0.0,3.609525,0.884851,-0.000066,0.0,1.570796,0.0,0.933372,0.11599,0.0,0.0,0.0,-0.330383,-0.033938,-0.002624,0.98775,0.176862,0.010957,-0.192127,0.02588,0.005676,0.284477,-0.061113,-0.023805,-0.085587,0.174482,0.0,-0.062564,0.0,0.0,0.0,-0.095263,-0.174482,0.0,-0.018745,0.0,0.0,0.0,0.0,0.0,0.0,0.0,0.0,0.0,-0.0,0.0,0.0,0.001953,-0.004883,0.0,0.000192,0.0,0.000064,0.0,-0.000064,0.0,-0.000192,0.0,0.0,0.0,-0.001279,
0.0,3.61884,0.885304,-0.000066,0.0,1.570796,0.0,0.931424,0.045304,0.0,0.0,0.0,-0.349109,-0.033443,-0.002093,0.980453,0.1645,0.011827,-0.182715,0.02588,0.005603,0.28692,-0.067801,-0.023915,-0.069759,0.174482,0.0,-0.051043,-0.0,0.0,0.0,-0.107222,-0.174482,0.0,-0.026125,0.0,0.0,0.0,0.0,0.0,-0.0,0.0,0.0,0.0,0.0,0.0,-0.0,0.001953,-0.004883,0.0,0.000192,0.0,0.000064,0.0,-0.000064,0.0,-0.000192,0.0,0.0,0.0,0.001779,
0.0,3.628154,0.885757,-0.000066,0.0,1.570796,0.0,0.931393,0.045304,0.0,0.0,0.0,-0.367838,-0.032949,-0.001562,0.973157,0.152139,0.012697,-0.173303,0.02588,0.00553,0.289362,-0.074489,-0.024025,-0.05393,0.174482,0.0,-0.039522,0.0,0.0,0.0,-0.119182,-0.174482,-0.0,-0.033505,0.0,0.0,0.0,-0.0,0.0,-0.0,0.0,0.0,0.0,0.0,0.0,-0.0,0.001953,-0.004883,0.0,0.000192,0.0,0.000064,0.0,-0.000064,0.0,-0.000192,0.0,-0.0,0.0,0.004837,
0.0,3.637468,0.88621,-0.000066,0.0,1.570796,0.0,0.931424,0.045296,0.0,0.0,0.0,-0.386565,-0.032454,-0.001031,0.96586,0.139777,0.013566,-0.163891,0.02588,0.005457,0.291805,-0.081177,-0.024135,-0.038102,0.174482,0.0,-0.028002,-0.0,0.0,0.0,-0.131141,-0.174482,0.0,-0.040886,0.0,0.0,0.0,0.0,0.0,-0.0,0.0,0.0,0.0,-0.0,0.0,-0.0,0.001953,-0.004883,-0.0,0.000192,0.0,0.000064,0.0,-0.000064,0.0,-0.000192,0.0,0.0,0.0,0.007895,
0.0,3.646829,0.886248,-0.000066,0.0,1.570796,-0.0,0.936157,0.0038,0.0,0.0,0.0,-0.404141,-0.032192,-0.000952,0.955079,0.131221,0.014088,-0.155491,0.02588,0.005273,0.296635,-0.090206,-0.024226,-0.021581,0.174482,0.0,-0.024171,0.0,0.0,0.0,-0.142644,-0.174482,-0.0,-0.048182,0.0,-0.0,-0.0,0.0,0.0,0.0,0.0,0.0,0.0,0.0,0.0,0.0,0.001953,-0.004883,0.0,0.000192,0.0,0.000064,0.0,-0.000064,0.0,-0.000192,0.0,-0.0,0.0,0.009779,
0.0,3.656214,0.88608,-0.000066,0.0,1.570796,0.0,0.938416,-0.016875,0.0,0.0,0.0,-0.421144,-0.032046,-0.001099,0.942562,0.124561,0.014436,-0.147595,0.02588,0.005035,0.302655,-0.1004,-0.024309,-0.004715,0.174482,-0.0,-0.024171,0.0,0.0,0.0,-0.153921,-0.174482,0.0,-0.055436,0.0,0.0,0.0,0.0,0.0,0.0,0.0,0.0,0.0,0.0,0.0,-0.0,0.001953,-0.004883,0.0,0.000192,0.0,0.000064,0.0,-0.000064,0.0,-0.000192,0.0,0.0,0.0,0.011079,
0.0,3.665598,0.885911,-0.000066,0.0,1.570796,0.0,0.938416,-0.016875,0.0,0.0,0.0,-0.438148,-0.031899,-0.001245,0.930046,0.117901,0.014784,-0.1397,0.02588,0.004797,0.308675,-0.110594,-0.024391,0.012151,0.174482,0.0,-0.024171,-0.0,0.0,0.0,-0.165198,-0.174482,0.0,-0.062691,0.0,0.0,0.0,0.0,0.0,-0.0,0.0,-0.0,0.0,-0.0,0.0,-0.0,0.001953,-0.004883,0.0,0.000192,0.0,0.000064,0.0,-0.000064,0.0,-0.000192,0.0,-0.0,0.0,0.01238,
0.0,3.674999,0.885552,-0.000066,0.0,1.570796,0.0,0.940096,-0.035903,0.0,0.0,0.0,-0.453696,-0.031802,-0.001514,0.915352,0.111451,0.015101,-0.132027,0.02588,0.004559,0.315189,-0.121295,-0.024473,0.029532,0.174482,0.0,-0.024171,0.0,0.0,0.0,-0.175989,-0.174482,-0.0,-0.069872,-0.0,0.0,-0.0,0.0,0.0,0.0,0.0,0.0,0.0,0.0,0.0,0.0,0.001953,-0.004883,0.0,0.000192,0.0,0.000064,0.0,-0.000064,0.0,-0.000192,0.0,0.0,0.0,0.013061,
0.0,3.684431,0.884814,-0.000066,0.0,1.570796,0.0,0.943211,-0.073782,0.0,0.0,0.0,-0.46635,-0.031802,-0.002027,0.896322,0.105418,0.015357,-0.124799,0.02588,0.004321,0.322686,-0.133006,-0.024556,0.047942,0.174482,0.0,-0.024171,0.0,0.0,0.0,-0.185811,-0.174482,0.0,-0.076909,-0.0,0.0,0.0,0.0,0.0,-0.0,0.0,-0.0,0.0,0.0,0.0,0.0,0.001953,-0.004883,0.0,0.000192,0.0,0.000064,0.0,-0.000064,0.0,-0.000192,0.0,-0.0,0.0,0.012512,
0.0,3.693863,0.884076,-0.000066,0.0,1.570796,0.0,0.943242,-0.073782,0.0,0.0,0.0,-0.479005,-0.031802,-0.00254,0.877291,0.099386,0.015614,-0.117571,0.02588,0.004083,0.330183,-0.144716,-0.024638,0.066354,0.174482,0.0,-0.024171,0.0,0.0,0.0,-0.195633,-0.174482,0.0,-0.083947,0.0,0.0,0.0,0.0,0.0,-0.0,0.0,-0.0,0.0,0.0,0.0,-0.0,0.001953,-0.004883,0.0,0.000192,0.0,0.000064,0.0,-0.000064,0.0,-0.000192,-0.0,0.0,0.0,0.011963,
0.0,3.703295,0.883338,-0.000066,0.0,1.570796,-0.0,0.943211,-0.073828,0.0,0.0,0.0,-0.491654,-0.031801,-0.003052,0.858254,0.093352,0.01587,-0.110343,0.02588,0.003845,0.337679,-0.156426,-0.024721,0.08476,0.174482,-0.0,-0.024171,-0.0,0.0,0.0,-0.205452,-0.174482,-0.0,-0.090983,-0.0,0.0,-0.0,0.0,0.0,-0.0,0.0,-0.0,0.0,-0.0,0.0,0.0,0.001953,-0.004883,0.0,0.000192,0.0,0.000064,0.0,-0.000064,-0.0,-0.000192,0.0,0.0,0.0,0.011413,
0.0,3.71252,0.882168,-0.000066,0.0,1.570796,0.0,0.922493,-0.117042,0.0,0.0,0.0,-0.499256,-0.031325,-0.003052,0.83193,0.086076,0.016456,-0.103119,0.02588,0.003561,0.344522,-0.168376,-0.024794,0.099964,0.174482,0.0,-0.024171,0.0,0.0,0.0,-0.211917,-0.174482,0.0,-0.096905,0.0,0.0,0.0,0.0,0.0,0.0,0.0,0.0,0.0,0.0,0.0,0.0,0.001953,-0.004883,0.0,0.000192,0.0,0.000064,0.0,-0.000064,0.0,-0.000192,0.0,-0.0,0.0,0.010167,
0.0,3.721745,0.880997,-0.000066,0.0,1.570796,0.0,0.922493,-0.117042,0.0,0.0,0.0,-0.506857,-0.030849,-0.003052,0.805601,0.0788,0.017042,-0.095895,0.02588,0.003277,0.351364,-0.180325,-0.024867,0.115168,0.174482,0.0,-0.024171,-0.0,0.0,0.0,-0.218383,-0.174482,0.0,-0.102827,-0.0,0.0,0.0,0.0,0.0,-0.0,0.0,0.0,0.0,0.0,0.0,0.0,0.001953,-0.004883,0.0,0.000192,0.0,0.000064,-0.0,-0.000064,0.0,-0.000192,0.0,0.0,0.0,0.008922,
0.0,3.73097,0.879827,-0.000066,0.0,1.570796,-0.0,0.922462,-0.117042,0.0,0.0,0.0,-0.514459,-0.030373,-0.003052,0.779275,0.071525,0.017628,-0.088672,0.02588,0.002994,0.358207,-0.192274,-0.02494,0.130372,0.174482,-0.0,-0.024171,0.0,0.0,0.0,-0.224848,-0.174482,0.0,-0.108749,-0.0,0.0,0.0,-0.0,0.0,0.0,0.0,-0.0,0.0,0.0,0.0,0.0,0.001953,-0.004883,0.0,0.000192,0.0,0.000064,0.0,-0.000064,0.0,-0.000192,0.0,0.0,0.0,0.007677,
-0.0,3.740521,0.878291,-0.000066,0.0,1.570796,-0.0,0.955149,-0.153562,0.0,0.0,0.0,-0.518528,-0.029676,-0.002514,0.747645,0.059507,0.018496,-0.080154,0.02588,0.00271,0.36339,-0.205371,-0.025014,0.143873,0.174482,0.0,-0.024171,-0.0,0.0,0.0,-0.229285,-0.174482,0.0,-0.113424,0.0,0.0,0.0,0.0,0.0,-0.0,0.0,-0.0,0.0,0.0,0.0,-0.0,0.001953,-0.004883,0.0,0.000192,-0.0,0.000064,0.0,-0.000064,0.0,-0.000192,0.0,0.0,0.0,0.006909,
0.0,3.750236,0.876574,-0.000066,0.0,1.570796,0.0,0.971447,-0.17175,0.0,0.0,0.0,-0.52084,-0.028871,-0.001708,0.713357,0.045127,0.019503,-0.070992,0.02588,0.002426,0.367749,-0.219041,-0.025087,0.15653,0.174482,-0.0,-0.024171,0.0,0.0,0.0,-0.232715,-0.174482,0.0,-0.117478,0.0,0.0,0.0,0.0,0.0,-0.0,0.0,-0.0,0.0,0.0,0.0,0.0,0.001953,-0.004883,0.0,0.000192,0.0,0.000064,0.0,-0.000064,0.0,-0.000192,0.0,0.0,0.0,0.006378,
0.0,3.75995,0.874856,-0.000066,0.0,1.570796,0.0,0.971416,-0.171734,0.0,0.0,0.0,-0.523152,-0.028065,-0.000902,0.679071,0.030748,0.02051,-0.061831,0.02588,0.002142,0.372107,-0.232711,-0.02516,0.169185,0.174482,0.0,-0.024171,-0.0,0.0,0.0,-0.236144,-0.174482,0.0,-0.121531,0.0,0.0,0.0,0.0,0.0,-0.0,0.0,0.0,0.0,0.0,0.0,-0.0,0.001953,-0.004883,0.0,0.000192,0.0,0.000064,0.0,-0.000064,-0.0,-0.000192,0.0,0.0,0.0,0.005847,
0.0,3.769879,0.873515,-0.000066,0.0,1.570796,0.0,0.992959,-0.134143,0.0,0.0,0.0,-0.522082,-0.027296,-0.000029,0.643257,0.015343,0.021431,-0.049804,0.025838,0.001953,0.371099,-0.242869,-0.025209,0.180912,0.174482,0.0,-0.024171,0.0,0.0,0.0,-0.238648,-0.174482,0.0,-0.124751,0.0,0.0,0.0,0.0,0.0,-0.0,0.0,0.0,0.0,0.0,0.0,0.0,0.001953,-0.004883,0.0,0.000192,0.0,0.000064,0.0,-0.000064,0.0,-0.000192,0.0,0.0,0.0,0.005622,
0.0,3.780239,0.872921,-0.000066,0.0,1.570796,0.0,1.035892,-0.059334,0.0,0.0,0.0,-0.514283,-0.0266,0.000978,0.604349,-0.00211,0.022182,-0.032076,0.025709,0.001953,0.359415,-0.246043,-0.025209,0.190792,0.174482,0.0,-0.024171,0.0,0.0,0.0,-0.239312,-0.174482,0.0,-0.126311,0.0,0.0,0.0,0.0,0.0,0.0,0.0,0.0,0.0,-0.0,0.0,0.0,0.001953,-0.004883,0.0,0.000192,0.0,0.000064,0.0,-0.000064,0.0,-0.000192,0.0,0.0,0.0,0.006007,
0.0,3.790597,0.872328,-0.000066,0.0,1.570796,-0.0,1.035831,-0.059341,0.0,0.0,0.0,-0.506485,-0.025904,0.001985,0.565433,-0.019562,0.022933,-0.014347,0.025581,0.001953,0.347731,-0.249216,-0.025209,0.200672,0.174482,0.0,-0.024171,0.0,0.0,0.0,-0.239976,-0.174482,0.0,-0.12787,-0.0,0.0,0.0,0.0,0.0,0.0,0.0,0.0,0.0,0.0,0.0,-0.0,0.001953,-0.004883,-0.0,0.000192,0.0,0.000064,0.0,-0.000064,0.0,-0.000192,0.0,0.0,0.0,0.006391,
0.0,3.800955,0.871735,-0.000066,0.0,1.570796,0.0,1.035801,-0.059319,0.0,0.0,0.0,-0.498692,-0.025209,0.002992,0.526564,-0.037011,0.023683,0.003376,0.025453,0.001953,0.336052,-0.252386,-0.025209,0.210545,0.174482,0.0,-0.024171,0.0,0.0,0.0,-0.240637,-0.174482,0.0,-0.129425,0.0,0.0,0.0,-0.0,0.0,0.0,0.0,0.0,0.0,0.0,0.0,0.0,0.001953,-0.004883,0.0,0.000192,-0.0,0.000064,0.0,-0.000064,0.0,-0.000192,0.0,-0.0,0.0,0.006776,
0.0,3.811128,0.871249,-0.000066,0.0,1.570796,-0.0,1.017337,-0.048623,0.0,0.0,0.0,-0.494803,-0.024934,0.003614,0.508957,-0.052766,0.023921,0.018521,0.025453,0.002063,0.328279,-0.252275,-0.025209,0.215519,0.174482,0.0,-0.024171,0.0,0.0,0.0,-0.239512,-0.174482,0.0,-0.127499,0.0,0.0,0.0,0.0,0.0,-0.0,0.0,-0.0,0.0,0.0,0.0,0.0,0.001953,-0.004883,0.0,0.000192,0.0,0.000064,0.0,-0.000064,0.0,-0.000192,0.0,0.0,0.0,0.007178,
0.0,3.821302,0.870762,-0.000066,0.0,1.570796,0.0,1.017398,-0.048623,0.0,0.0,0.0,-0.490913,-0.024659,0.004237,0.491347,-0.068524,0.024159,0.033668,0.025453,0.002173,0.320504,-0.252164,-0.025209,0.220493,0.174482,0.0,-0.024171,0.0,0.0,0.0,-0.238387,-0.174482,0.0,-0.125572,-0.0,0.0,0.0,0.0,0.0,-0.0,0.0,-0.0,-0.0,0.0,0.0,-0.0,0.001953,-0.004883,0.0,0.000192,0.0,0.000064,0.0,-0.000064,0.0,-0.000192,0.0,0.0,0.0,0.007581,
0.0,3.831475,0.870276,-0.000066,0.0,1.570796,0.0,1.017306,-0.048623,0.0,0.0,0.0,-0.487024,-0.024385,0.004859,0.473738,-0.08428,0.024397,0.048814,0.025453,0.002283,0.312731,-0.252054,-0.025209,0.225467,0.174482,0.0,-0.024171,0.0,0.0,0.0,-0.237262,-0.174482,0.0,-0.123646,0.0,0.0,0.0,-0.0,0.0,-0.0,0.0,0.0,-0.0,0.0,0.0,0.0,0.001953,-0.004883,-0.0,0.000192,0.0,0.000064,0.0,-0.000064,0.0,-0.000192,0.0,0.0,0.0,0.007984,
0.0,3.842188,0.869823,-0.000066,0.0,1.570796,0.0,1.071322,-0.045332,0.0,0.0,0.0,-0.482422,-0.024244,0.005201,0.465958,-0.094397,0.024476,0.065006,0.025453,0.002491,0.303522,-0.248702,-0.025209,0.229606,0.174482,0.0,-0.024171,0.0,0.0,0.0,-0.233724,-0.174482,-0.0,-0.119882,0.0,0.0,0.0,-0.0,0.0,0.0,0.0,0.0,0.0,0.0,0.0,0.0,0.001953,-0.004883,0.0,0.000192,-0.0,0.000064,0.0,-0.000064,-0.0,-0.000192,-0.0,0.0,0.0,0.008986,
0.0,3.853169,0.869386,-0.000066,0.0,1.570796,0.0,1.098117,-0.043697,0.0,0.0,0.0,-0.477465,-0.024171,0.005402,0.463061,-0.101713,0.024476,0.081721,0.025453,0.002747,0.2936,-0.243739,-0.025209,0.23333,0.174482,0.0,-0.024171,-0.0,0.0,0.0,-0.228987,-0.174482,0.0,-0.115204,0.0,0.0,0.0,0.0,0.0,0.0,0.0,0.0,0.0,-0.0,0.0,0.0,0.001953,-0.004883,0.0,0.000192,0.0,0.000064,0.0,-0.000064,0.0,-0.000192,0.0,-0.0,0.0,0.010287,
-0.0,3.864151,0.868949,-0.000066,0.0,1.570796,-0.0,1.098208,-0.043705,0.0,0.0,0.0,-0.472508,-0.024098,0.005603,0.460164,-0.109029,0.024476,0.098437,0.025453,0.003003,0.283678,-0.238776,-0.025209,0.237055,0.174482,-0.0,-0.024171,-0.0,0.0,0.0,-0.22425,-0.174482,0.0,-0.110527,0.0,0.0,0.0,0.0,0.0,-0.0,0.0,-0.0,-0.0,-0.0,0.0,-0.0,0.001953,-0.004883,0.0,0.000192,0.0,0.000064,0.0,-0.000064,0.0,-0.000192,0.0,-0.0,0.0,0.011587,
0.0,3.875365,0.868547,-0.000066,0.0,1.570796,0.0,1.121401,-0.040125,0.0,0.0,0.0,-0.464648,-0.024049,0.005695,0.453922,-0.112864,0.024476,0.114489,0.025453,0.003309,0.275154,-0.231991,-0.025209,0.240168,0.174482,0.0,-0.024171,-0.0,0.0,0.0,-0.218498,-0.174482,0.0,-0.105347,-0.0,0.0,0.0,0.0,0.0,-0.0,0.0,0.0,0.0,-0.0,0.0,-0.0,0.001953,-0.004883,-0.0,0.000192,0.0,0.000064,0.0,-0.000064,0.0,-0.000192,0.0,0.0,0.0,0.013071,
0.0,3.887043,0.868217,-0.000066,0.0,1.570796,-0.0,1.167696,-0.033042,0.0,0.0,0.0,-0.451015,-0.024049,0.005566,0.441036,-0.109783,0.024476,0.129226,0.025453,0.003712,0.269408,-0.221583,-0.025209,0.242068,0.174482,0.0,-0.024171,0.0,0.0,0.0,-0.210728,-0.174482,-0.0,-0.099169,-0.0,0.0,0.0,-0.0,0.0,-0.0,0.0,0.0,0.0,0.0,0.0,0.0,0.001953,-0.004883,0.0,0.000192,0.0,0.000064,0.0,-0.000064,0.0,-0.000192,0.0,0.0,0.0,0.01492,
0.0,3.89872,0.867887,-0.000066,0.0,1.570796,0.0,1.167727,-0.033042,0.0,0.0,0.0,-0.437381,-0.024049,0.005438,0.428149,-0.106702,0.024476,0.143965,0.025453,0.004115,0.263662,-0.211174,-0.025209,0.243968,0.174482,0.0,-0.024171,-0.0,0.0,0.0,-0.202959,-0.174482,0.0,-0.092991,0.0,0.0,0.0,0.0,0.0,0.0,0.0,-0.0,0.0,-0.0,0.0,0.0,0.001953,-0.004883,0.0,0.000192,-0.0,0.000064,0.0,-0.000064,0.0,-0.000192,0.0,-0.0,0.0,0.01677,
0.0,3.910395,0.867557,-0.000066,0.0,1.570796,0.0,1.167482,-0.032973,0.0,0.0,0.0,-0.423748,-0.024049,0.005309,0.415262,-0.103602,0.024476,0.158677,0.025453,0.004517,0.257957,-0.20077,-0.025209,0.245857,0.174482,0.0,-0.024171,-0.0,0.0,0.0,-0.195192,-0.174482,0.0,-0.086815,0.0,0.0,0.0,0.0,0.0,-0.0,0.0,-0.0,-0.0,0.0,0.0,-0.0,0.001953,-0.004883,0.0,0.000192,0.0,0.000064,0.0,-0.000064,0.0,-0.000192,0.0,-0.0,0.0,0.018617,
0.0,3.920753,0.867633,-0.000066,0.0,1.570796,0.0,1.035766,0.007622,0.0,0.0,0.0,-0.409642,-0.02415,0.004742,0.401521,-0.087568,0.024385,0.157171,0.025655,0.00481,0.279206,-0.192604,-0.025136,0.240399,0.174482,0.0,-0.024171,0.0,0.0,-0.0,-0.189178,-0.174482,0.0,-0.082417,0.0,0.0,0.0,-0.0,0.0,0.0,0.0,0.0,0.0,0.0,0.0,0.0,0.001953,-0.004883,0.0,0.000192,0.0,0.000064,0.0,-0.000064,0.0,-0.000192,0.0,0.0,0.0,0.018745,
0.0,3.93111,0.867709,-0.000066,0.0,1.570796,0.0,1.035766,0.007629,0.0,0.0,0.0,-0.395534,-0.024251,0.004174,0.38778,-0.071532,0.024293,0.155665,0.025856,0.005103,0.300459,-0.184438,-0.025062,0.23494,0.174482,0.0,-0.024171,0.0,0.0,0.0,-0.183165,-0.174482,-0.0,-0.078019,-0.0,0.0,0.0,-0.0,0.0,-0.0,0.0,-0.0,0.0,-0.0,-0.0,0.0,0.001953,-0.004883,0.0,0.000192,0.0,0.000064,0.0,-0.000064,0.0,-0.000192,0.0,-0.0,0.0,0.018873,
0.0,3.941468,0.867786,-0.000066,0.0,1.570796,0.0,1.035796,0.007622,0.0,0.0,0.0,-0.381427,-0.024351,0.003606,0.374038,-0.055496,0.024202,0.154159,0.026058,0.005396,0.321711,-0.176272,-0.024989,0.229482,0.174482,-0.0,-0.024171,-0.0,0.0,0.0,-0.177151,-0.174482,0.0,-0.07362,0.0,-0.0,0.0,0.0,0.0,0.0,0.0,-0.0,0.0,-0.0,0.0,-0.0,0.001953,-0.004883,0.0,0.000192,0.0,0.000064,0.0,-0.000064,0.0,-0.000192,0.0,0.0,0.0,0.019001,
0.0,3.951175,0.868006,-0.000066,0.0,1.570796,0.0,0.970702,0.022045,0.0,0.0,0.0,-0.371074,-0.024452,0.003124,0.368322,-0.043018,0.02411,0.144009,0.026516,0.005983,0.356705,-0.162349,-0.024696,0.219871,0.174482,0.0,-0.024171,0.0,0.0,0.0,-0.171619,-0.174482,0.0,-0.070459,0.0,0.0,0.0,0.0,0.0,-0.0,0.0,-0.0,0.0,-0.0,0.0,0.0,0.001953,-0.004883,0.0,0.000192,0.0,0.000064,-0.0,-0.000064,-0.0,-0.000192,0.0,0.0,0.0,0.018983,
0.0,3.960559,0.868298,-0.000066,0.0,1.570796,0.0,0.938413,0.029199,0.0,0.0,0.0,-0.362585,-0.024553,0.002685,0.36659,-0.032304,0.024018,0.129567,0.027102,0.006715,0.398551,-0.145567,-0.024293,0.208198,0.174482,0.0,-0.024171,0.0,0.0,0.0,-0.166327,-0.174482,-0.0,-0.067913,0.0,0.0,0.0,-0.0,0.0,-0.0,0.0,0.0,-0.0,-0.0,0.0,0.0,0.001953,-0.004883,0.0,0.000192,0.0,0.000064,0.0,-0.000064,0.0,-0.000192,0.0,0.0,0.0,0.018891,
0.0,3.969943,0.86859,-0.000066,0.0,1.570796,0.0,0.938352,0.029191,0.0,0.0,0.0,-0.354096,-0.024654,0.002245,0.364859,-0.021591,0.023927,0.115125,0.027688,0.007448,0.440395,-0.128785,-0.02389,0.196525,0.174482,0.0,-0.024171,0.0,0.0,-0.0,-0.161036,-0.174482,0.0,-0.065366,-0.0,-0.0,-0.0,0.0,0.0,-0.0,0.0,-0.0,0.0,0.0,0.0,0.0,0.001953,-0.004883,0.0,0.000192,0.0,0.000064,0.0,-0.000064,0.0,-0.000192,0.0,-0.0,0.0,0.0188,
0.0,3.979096,0.868939,-0.000066,0.0,1.570796,0.0,0.915342,0.034896,0.0,0.0,0.0,-0.346005,-0.024721,0.001929,0.364324,-0.014699,0.023874,0.095625,0.028544,0.008426,0.48781,-0.109523,-0.023156,0.183237,0.174482,0.0,-0.024171,0.0,0.0,0.0,-0.155825,-0.174482,0.0,-0.063053,0.0,0.0,0.0,0.0,0.0,0.0,0.0,-0.0,0.0,0.0,0.0,0.0,0.001953,-0.004883,0.0,0.000192,0.0,0.000064,0.0,-0.000064,0.0,-0.000192,0.0,0.0,0.0,0.018794,
0.0,3.98779,0.869401,-0.000066,0.0,1.570796,0.0,0.869351,0.046193,0.0,0.0,0.0,-0.338706,-0.024721,0.001855,0.366168,-0.015395,0.023897,0.066073,0.029936,0.00989,0.546403,-0.085332,-0.021764,0.166739,0.174482,0.0,-0.024171,-0.0,0.0,0.0,-0.150775,-0.174482,0.0,-0.061202,0.0,0.0,0.0,0.0,0.0,0.0,0.0,0.0,0.0,0.0,0.0,0.0,0.001953,-0.004883,0.0,0.000192,-0.0,0.000064,0.0,-0.000064,0.0,-0.000192,0.0,0.0,0.0,0.018959,
0.0,3.996483,0.869863,-0.000066,0.0,1.570796,0.0,0.869382,0.0462,0.0,0.0,0.0,-0.331407,-0.024721,0.001782,0.368012,-0.016091,0.023919,0.036517,0.031328,0.011355,0.605029,-0.061139,-0.020372,0.15024,0.174482,-0.0,-0.024171,-0.0,0.0,0.0,-0.145725,-0.174482,0.0,-0.059352,0.0,0.0,0.0,0.0,0.0,-0.0,0.0,-0.0,0.0,-0.0,0.0,0.0,0.001953,-0.004883,-0.0,0.000192,-0.0,0.000064,0.0,-0.000064,0.0,-0.000192,0.0,-0.0,0.0,0.019123,
0.0,4.005177,0.870325,-0.000066,0.0,1.570796,0.0,0.869382,0.046223,0.0,0.0,0.0,-0.324106,-0.024721,0.00171,0.369857,-0.016805,0.023942,0.006955,0.032722,0.012822,0.663589,-0.036933,-0.018977,0.133743,0.174482,-0.0,-0.024171,0.0,0.0,0.0,-0.140675,-0.174482,0.0,-0.057493,0.0,0.0,0.0,-0.0,0.0,-0.0,0.0,-0.0,0.0,-0.0,0.0,-0.0,0.001953,-0.004883,0.0,0.000192,0.0,0.000064,0.0,-0.000064,0.0,-0.000192,0.0,0.0,0.0,0.019291,
0.0,4.013681,0.870941,-0.000066,0.0,1.570796,-0.0,0.850399,0.061618,0.0,0.0,0.0,-0.316358,-0.024721,0.001984,0.372522,-0.028031,0.023965,-0.030047,0.035157,0.015019,0.720775,-0.003477,-0.015754,0.117404,0.174482,-0.0,-0.024171,0.0,0.0,0.0,-0.135151,-0.174482,0.0,-0.050881,0.0,0.0,0.0,0.0,0.0,0.0,0.0,0.0,0.0,0.0,0.0,0.0,0.001953,-0.004883,0.0,0.000192,0.0,0.000064,0.0,-0.000064,0.0,-0.000192,0.0,0.0,0.0,0.020921,
0.0,4.022185,0.871557,-0.000066,0.0,1.570796,0.0,0.850368,0.06161,0.0,0.0,0.0,-0.308611,-0.024721,0.002259,0.375187,-0.039258,0.023988,-0.067065,0.037593,0.017217,0.778023,0.029991,-0.012531,0.101064,0.174482,-0.0,-0.024171,0.0,0.0,0.0,-0.129627,-0.174482,0.0,-0.044269,-0.0,0.0,0.0,0.0,0.0,0.0,0.0,0.0,0.0,-0.0,0.0,0.0,0.001953,-0.004883,0.0,0.000192,0.0,0.000064,0.0,-0.000064,0.0,-0.000192,0.0,0.0,0.0,0.02255,
0.0,4.030689,0.872174,-0.000066,0.0,1.570796,-0.0,0.850399,0.061618,0.0,0.0,0.0,-0.300863,-0.024721,0.002534,0.377852,-0.050485,0.024011,-0.104076,0.040029,0.019414,0.83524,0.063453,-0.009309,0.084725,0.174482,-0.0,-0.024171,0.0,0.0,0.0,-0.124104,-0.174482,0.0,-0.037657,0.0,0.0,0.0,0.0,0.0,-0.0,0.0,-0.0,0.0,-0.0,0.0,-0.0,0.001953,-0.004883,0.0,0.000192,0.0,0.000064,0.0,-0.000064,0.0,-0.000192,0.0,0.0,0.0,0.02418,
0.0,4.038796,0.872794,-0.000066,0.0,1.570796,0.0,0.810695,0.062073,0.0,0.0,0.0,-0.292297,-0.024659,0.002747,0.377727,-0.059719,0.024034,-0.139327,0.041963,0.020644,0.879314,0.084924,-0.006698,0.067174,0.174482,0.0,-0.024171,0.0,0.0,0.0,-0.11857,-0.174482,0.0,-0.031547,0.0,0.0,0.0,-0.0,0.0,-0.0,0.0,-0.0,0.0,-0.0,0.0,-0.0,0.001953,-0.004883,-0.0,0.000192,0.0,0.000064,0.0,-0.000064,0.0,-0.000192,0.0,0.0,0.0,0.024794,
0.0,4.046706,0.873417,-0.000066,0.0,1.570796,0.0,0.790981,0.062293,0.0,0.0,0.0,-0.283326,-0.024568,0.00293,0.376217,-0.067964,0.024057,-0.173728,0.043648,0.021395,0.916921,0.100454,-0.00439,0.049021,0.174482,-0.0,-0.024171,0.0,0.0,0.0,-0.113031,-0.174482,0.0,-0.025687,0.0,0.0,0.0,0.0,0.0,0.0,0.0,0.0,0.0,0.0,0.0,0.0,0.001953,-0.004883,0.0,0.000192,0.0,0.000064,-0.0,-0.000064,0.0,-0.000192,0.0,0.0,0.0,0.024904,
-0.0,4.054615,0.87404,-0.000066,0.0,1.570796,-0.0,0.790981,0.062301,0.0,0.0,0.0,-0.274355,-0.024476,0.003113,0.374707,-0.076209,0.02408,-0.208129,0.045333,0.022146,0.954527,0.115985,-0.002083,0.030867,0.174482,0.0,-0.024171,0.0,0.0,0.0,-0.107492,-0.174482,0.0,-0.019827,0.0,0.0,0.0,0.0,0.0,-0.0,0.0,0.0,0.0,0.0,0.0,0.0,0.001953,-0.004883,0.0,0.000192,0.0,0.000064,0.0,-0.000064,0.0,-0.000192,0.0,0.0,0.0,0.025014,
0.0,4.06236,0.874977,-0.000066,0.0,1.570796,0.0,0.774499,0.093687,0.0,0.0,0.0,-0.262081,-0.024415,0.003204,0.366581,-0.081316,0.024103,-0.239289,0.046601,0.022615,0.983867,0.127127,-0.000377,0.013123,0.174482,0.0,-0.023858,0.0,0.0,0.0,-0.101868,-0.174482,0.0,-0.014685,0.0,0.0,0.0,0.0,0.0,0.0,0.0,-0.0,0.0,0.0,0.0,0.0,0.001953,-0.004883,0.0,0.000192,0.0,0.000064,0.0,-0.000064,0.0,-0.000192,0.0,0.0,0.0,0.02451,
-0.0,4.069779,0.876537,-0.000066,0.0,1.570796,-0.0,0.741841,0.155948,0.0,0.0,0.0,-0.243251,-0.024415,0.003113,0.345327,-0.080198,0.024126,-0.264059,0.04704,0.022523,0.996851,0.129567,0.000135,-0.003817,0.174482,0.0,-0.022924,-0.0,0.0,0.0,-0.096075,-0.174482,0.0,-0.010967,-0.0,0.0,0.0,0.0,0.0,0.0,0.0,0.0,0.0,0.0,0.0,0.0,0.001953,-0.004883,0.0,0.000192,0.0,0.000064,0.0,-0.000064,0.0,-0.000192,0.0,0.0,0.0,0.022788,
0.0,4.077197,0.878096,-0.000066,0.0,1.570796,0.0,0.741841,0.155941,0.0,0.0,0.0,-0.224421,-0.024415,0.003021,0.324072,-0.07908,0.024148,-0.28883,0.04748,0.022431,1.009834,0.132008,0.000648,-0.020757,0.174482,-0.0,-0.02199,0.0,0.0,0.0,-0.090282,-0.174482,0.0,-0.00725,0.0,0.0,0.0,0.0,0.0,0.0,0.0,0.0,0.0,0.0,0.0,0.0,0.001953,-0.004883,0.0,0.000192,0.0,0.000064,0.0,-0.000064,0.0,-0.000192,0.0,0.0,0.0,0.021067,
0.0,4.084615,0.879654,-0.000066,0.0,1.570796,0.0,0.74175,0.155811,0.0,0.0,0.0,-0.205596,-0.024415,0.00293,0.302825,-0.077964,0.024171,-0.313583,0.047917,0.022337,1.022787,0.13442,0.001157,-0.037693,0.174482,-0.0,-0.021076,0.0,0.0,0.0,-0.084486,-0.174482,-0.0,-0.00354,0.0,0.0,0.0,-0.0,0.0,0.0,0.0,0.0,0.0,0.0,0.0,0.0,0.001953,-0.004883,0.0,0.000192,0.0,0.000064,0.0,-0.000064,0.0,-0.000192,0.0,-0.0,0.0,0.019345,
0.0,4.09177,0.880517,-0.000066,0.0,1.570796,0.0,0.715509,0.086252,0.0,0.0,0.0,-0.188039,-0.02436,0.002838,0.283678,-0.077964,0.024185,-0.331555,0.046928,0.020982,1.020626,0.122241,-0.000345,-0.053614,0.174482,0.0,-0.030527,-0.0,0.0,0.0,-0.077046,-0.174482,0.0,-0.00354,0.0,0.0,0.0,0.0,0.0,0.0,0.0,-0.0,0.0,0.0,0.0,-0.0,0.001953,-0.004883,0.0,0.000192,0.0,0.000064,0.0,-0.000064,0.0,-0.000192,0.0,0.0,0.0,0.017422,
0.0,4.098925,0.881379,-0.000066,0.0,1.570796,0.0,0.715479,0.086252,0.0,0.0,0.0,-0.170482,-0.024305,0.002746,0.26453,-0.077964,0.024199,-0.349529,0.045939,0.019627,1.018466,0.110062,-0.001846,-0.069536,0.174482,0.0,-0.039978,0.0,0.0,0.0,-0.069607,-0.174482,0.0,-0.00354,0.0,0.0,0.0,-0.0,0.0,0.0,0.0,-0.0,0.0,0.0,0.0,-0.0,0.001953,-0.004883,0.0,0.000192,-0.0,0.000064,0.0,-0.000064,0.0,-0.000192,0.0,0.0,0.0,0.0155,
0.0,4.106079,0.882242,-0.000066,0.0,1.570796,0.0,0.715448,0.086252,0.0,0.0,0.0,-0.152926,-0.02425,0.002655,0.245383,-0.077964,0.024212,-0.367501,0.044949,0.018272,1.016305,0.097883,-0.003348,-0.085458,0.174482,0.0,-0.049428,-0.0,0.0,0.0,-0.062168,-0.174482,0.0,-0.00354,0.0,0.0,0.0,0.0,0.0,-0.0,0.0,-0.0,0.0,-0.0,0.0,-0.0,0.001953,-0.004883,0.0,0.000192,0.0,0.000064,0.0,-0.000064,0.0,-0.000192,0.0,0.0,0.0,0.013577,
0.0,4.113095,0.88286,-0.000066,0.0,1.570796,0.0,0.701564,0.061845,0.0,0.0,0.0,-0.143035,-0.024232,0.002625,0.241039,-0.080427,0.024226,-0.381908,0.04363,0.016684,1.007438,0.084108,-0.005143,-0.101219,0.174482,0.0,-0.059248,-0.0,0.0,0.0,-0.055,-0.174482,0.0,-0.00354,0.0,0.0,0.0,0.0,0.0,0.0,0.0,-0.0,0.0,0.0,0.0,0.0,0.001953,-0.004883,0.0,0.000192,0.0,0.000064,0.0,-0.000064,0.0,-0.000192,0.0,0.0,0.0,0.011752,
0.0,4.120042,0.883358,-0.000066,0.0,1.570796,0.0,0.694699,0.049744,0.0,0.0,0.0,-0.136941,-0.024232,0.002625,0.244028,-0.084111,0.02424,-0.394551,0.042146,0.014981,0.995246,0.06954,-0.007084,-0.116904,0.174482,0.0,-0.069253,0.0,0.0,0.0,-0.047966,-0.174482,0.0,-0.00354,0.0,0.0,0.0,-0.0,0.0,0.0,0.0,-0.0,0.0,-0.0,0.0,0.0,0.001953,-0.004883,0.0,0.000192,0.0,0.000064,0.0,-0.000064,0.0,-0.000192,0.0,0.0,0.0,0.009976,
0.0,4.126988,0.883855,-0.000066,0.0,1.570796,-0.0,0.694668,0.049744,0.0,0.0,0.0,-0.130847,-0.024232,0.002625,0.247016,-0.087795,0.024254,-0.407193,0.040663,0.013278,0.983055,0.054973,-0.009025,-0.132587,0.174482,0.0,-0.079257,0.0,0.0,0.0,-0.040932,-0.174482,0.0,-0.00354,0.0,0.0,0.0,-0.0,0.0,0.0,0.0,0.0,0.0,0.0,0.0,-0.0,0.001953,-0.004883,0.0,0.000192,0.0,0.000064,0.0,-0.000064,0.0,-0.000192,0.0,0.0,0.0,0.0082,
0.0,4.133909,0.884241,-0.000066,0.0,1.570796,0.0,0.692014,0.038628,0.0,0.0,0.0,-0.125026,-0.024232,0.002658,0.250563,-0.091987,0.024267,-0.418682,0.039277,0.011759,0.968638,0.041221,-0.010794,-0.148008,0.174482,0.0,-0.089288,0.0,0.0,0.0,-0.034274,-0.174482,0.0,-0.00354,0.0,0.0,0.0,0.0,0.0,0.0,0.0,0.0,-0.0,0.0,0.0,-0.0,0.001953,-0.004883,0.0,0.000192,0.0,0.000064,0.0,-0.000064,0.0,-0.000192,0.0,0.0,0.0,0.006559,
0.0,4.140776,0.884407,-0.000066,0.0,1.570796,0.0,0.686766,0.016609,0.0,0.0,0.0,-0.119743,-0.024232,0.002759,0.255216,-0.097186,0.024281,-0.427886,0.038087,0.010606,0.949807,0.029079,-0.012223,-0.162912,0.174482,0.0,-0.099373,-0.0,0.0,0.0,-0.028359,-0.174482,0.0,-0.00354,0.0,0.0,0.0,0.0,0.0,0.0,0.0,0.0,0.0,0.0,0.0,0.0,0.001953,-0.004883,0.0,0.000192,0.0,0.000064,0.0,-0.000064,0.0,-0.000192,0.0,0.0,0.0,0.005185,
0.0,4.147644,0.884574,-0.000066,0.0,1.570796,0.0,0.686797,0.016609,0.0,0.0,0.0,-0.11446,-0.024232,0.00286,0.259869,-0.102385,0.024295,-0.43709,0.036896,0.009452,0.930973,0.016937,-0.013651,-0.177816,0.174482,0.0,-0.109458,0.0,0.0,0.0,-0.022443,-0.174482,0.0,-0.00354,0.0,0.0,0.0,0.0,0.0,0.0,0.0,0.0,-0.0,0.0,0.0,-0.0,0.001953,-0.004883,0.0,0.000192,0.0,0.000064,0.0,-0.000064,0.0,-0.000192,0.0,0.0,0.0,0.003812,
0.0,4.154511,0.884739,-0.000066,0.0,1.570796,0.0,0.686736,0.016571,0.0,0.0,0.0,-0.109175,-0.024232,0.002961,0.264518,-0.107584,0.024309,-0.446285,0.035707,0.0083,0.912128,0.004801,-0.015078,-0.192714,0.174482,0.0,-0.11954,0.0,0.0,0.0,-0.01653,-0.174482,0.0,-0.00354,0.0,0.0,0.0,0.0,0.0,0.0,0.0,0.0,0.0,0.0,0.0,-0.0,0.001953,-0.004883,0.0,0.000192,0.0,0.000064,0.0,-0.000064,0.0,-0.000192,0.0,0.0,0.0,0.00244,
0.0,4.161271,0.884749,-0.000066,0.0,1.570796,0.0,0.675903,0.001021,0.0,0.0,0.0,-0.102923,-0.024232,0.003061,0.267326,-0.112783,0.024322,-0.451322,0.034791,0.007622,0.886328,-0.004794,-0.016058,-0.205255,0.174482,0.0,-0.128239,-0.0,-0.0,-0.0,-0.011476,-0.174482,0.0,-0.00354,0.0,0.0,0.0,0.0,-0.0,-0.0,0.0,-0.0,0.0,-0.0,0.0,-0.0,0.001953,-0.004883,0.0,0.000192,0.0,0.000064,0.0,-0.000064,0.0,-0.000192,0.0,0.0,0.0,0.001597,
0.0,4.16803,0.88476,-0.000066,0.0,1.570796,0.0,0.675934,0.001014,0.0,0.0,0.0,-0.096671,-0.024232,0.003162,0.270135,-0.117982,0.024336,-0.456359,0.033875,0.006944,0.860521,-0.01439,-0.017038,-0.217798,0.174482,0.0,-0.136938,0.0,0.0,0.0,-0.006422,-0.174482,0.0,-0.00354,0.0,0.0,0.0,0.0,0.0,0.0,0.0,0.0,0.0,0.0,0.0,0.0,0.001953,-0.004883,0.0,0.000192,0.0,0.000064,0.0,-0.000064,0.0,-0.000192,0.0,0.0,0.0,0.000755,
0.0,4.174789,0.88477,-0.000066,0.0,1.570796,-0.0,0.675903,0.001021,0.0,0.0,0.0,-0.090419,-0.024232,0.003263,0.272944,-0.123181,0.02435,-0.461396,0.032959,0.006267,0.834718,-0.023986,-0.018018,-0.23034,0.174482,-0.0,-0.145638,0.0,0.0,0.0,-0.001368,-0.174482,0.0,-0.00354,-0.0,0.0,0.0,0.0,0.0,-0.0,0.0,-0.0,0.0,0.0,0.0,-0.0,0.001953,-0.004883,0.0,0.000192,0.0,0.000064,0.0,-0.000064,0.0,-0.000192,0.0,0.0,0.0,-0.000087,
0.0,4.18145,0.884706,-0.000066,0.0,1.570796,0.0,0.666077,-0.006357,0.0,0.0,0.0,-0.082355,-0.024232,0.003345,0.27244,-0.128253,0.024354,-0.458175,0.032031,0.005724,0.797486,-0.035641,-0.018997,-0.240924,0.174482,0.0,-0.152781,-0.0,0.0,0.0,0.002963,-0.174482,0.0,-0.00354,0.0,0.0,0.0,0.0,0.0,0.0,-0.0,-0.0,0.0,-0.0,0.0,-0.0,0.001953,-0.004883,0.0,0.000192,0.0,0.000064,0.0,-0.000064,0.0,-0.000192,0.0,0.0,0.0,-0.000476,
0.0,4.188062,0.884606,-0.000066,0.0,1.570796,-0.0,0.661194,-0.010012,0.0,0.0,0.0,-0.073395,-0.024232,0.003418,0.270296,-0.133263,0.024354,-0.450867,0.031097,0.005248,0.754565,-0.048317,-0.019977,-0.25054,0.174482,-0.0,-0.159156,0.0,0.0,0.0,0.006937,-0.174482,0.0,-0.00354,0.0,0.0,0.0,0.0,0.0,0.0,-0.0,0.0,-0.0,0.0,0.0,0.0,0.001953,-0.004883,0.0,0.000192,0.0,0.000064,0.0,-0.000064,0.0,-0.000192,0.0,0.0,0.0,-0.000641,
0.0,4.194674,0.884506,-0.000066,0.0,1.570796,0.0,0.661255,-0.010012,0.0,0.0,0.0,-0.064434,-0.024232,0.003491,0.268152,-0.138274,0.024354,-0.443558,0.030163,0.004772,0.711643,-0.060993,-0.020957,-0.260156,0.174482,-0.0,-0.16553,-0.0,0.0,-0.0,0.010911,-0.174482,-0.0,-0.00354,0.0,0.0,0.0,0.0,0.0,-0.0,-0.0,0.0,0.0,0.0,0.0,0.0,0.001953,-0.004883,0.0,0.000192,0.0,0.000064,0.0,-0.000064,0.0,-0.000192,0.0,0.0,0.0,-0.000806,
0.0,4.20127,0.884385,-0.000066,0.0,1.570796,0.0,0.659577,-0.01214,0.0,0.0,0.0,-0.05582,-0.024232,0.00354,0.266468,-0.14297,0.024354,-0.434531,0.029328,0.0044,0.666435,-0.07108,-0.021767,-0.26879,0.174482,-0.0,-0.171061,-0.0,0.0,0.0,0.014442,-0.174482,0.0,-0.00354,0.0,0.0,0.0,0.0,0.0,0.0,0.0,0.0,0.0,0.0,0.0,0.0,0.001953,-0.004883,0.0,0.000192,0.0,0.000064,0.0,-0.000064,0.0,-0.000192,0.0,0.0,0.0,-0.000916,
0.0,4.207834,0.884221,-0.000066,0.0,1.570796,0.0,0.656404,-0.016367,0.0,0.0,0.0,-0.047889,-0.024232,0.00354,0.265692,-0.147047,0.024354,-0.422102,0.028687,0.004236,0.6166,-0.076046,-0.022243,-0.275483,0.174482,-0.0,-0.174921,0.0,0.0,0.0,0.017097,-0.174482,0.0,-0.00354,0.0,0.0,0.0,-0.0,0.0,-0.0,0.0,-0.0,0.0,-0.0,0.0,0.0,0.001953,-0.004883,0.0,0.000192,0.0,0.000064,0.0,-0.000064,0.0,-0.000192,0.0,0.0,0.0,-0.000916,
0.0,4.214398,0.884057,-0.000066,0.0,1.570796,0.0,0.656404,-0.01636,0.0,0.0,0.0,-0.039958,-0.024232,0.00354,0.264916,-0.151123,0.024354,-0.409672,0.028046,0.004071,0.566743,-0.081012,-0.02272,-0.282177,0.174482,-0.0,-0.178781,0.0,0.0,0.0,0.019752,-0.174482,-0.0,-0.00354,0.0,0.0,0.0,0.0,0.0,0.0,0.0,-0.0,0.0,0.0,0.0,0.0,0.001953,-0.004883,0.0,0.000192,0.0,0.000064,0.0,-0.000064,0.0,-0.000192,0.0,0.0,0.0,-0.000916,
0.0,4.220962,0.883894,-0.000066,0.0,1.570796,-0.0,0.656404,-0.01636,0.0,0.0,0.0,-0.03203,-0.024232,0.00354,0.264145,-0.155196,0.024354,-0.397235,0.027405,0.003907,0.516921,-0.085958,-0.023195,-0.288863,0.174482,-0.0,-0.182638,0.0,0.0,0.0,0.022402,-0.174482,-0.0,-0.00354,0.0,0.0,0.0,-0.0,0.0,0.0,0.0,-0.0,0.0,0.0,0.0,0.0,0.001953,-0.004883,0.0,0.000192,0.0,0.000064,0.0,-0.000064,0.0,-0.000192,0.0,0.0,0.0,-0.000915,
0.0,4.227442,0.883759,-0.000066,0.0,1.570796,0.0,0.647981,-0.013476,0.0,0.0,0.0,-0.025621,-0.024232,0.00354,0.265438,-0.157805,0.024354,-0.381938,0.026984,0.004053,0.464965,-0.082366,-0.023397,-0.292602,0.174482,-0.0,-0.18514,0.0,0.0,0.0,0.022731,-0.174482,0.0,-0.00354,0.0,0.0,0.0,0.0,0.0,0.0,0.0,0.0,-0.0,-0.0,0.0,0.0,0.001953,-0.004883,0.0,0.000192,0.0,0.000064,0.0,-0.000064,0.0,-0.000192,0.0,0.0,0.0,-0.000714,
0.0,4.233922,0.883624,-0.000066,0.0,1.570796,-0.0,0.64795,-0.013469,0.0,0.0,0.0,-0.019211,-0.024232,0.00354,0.266732,-0.160413,0.024354,-0.36664,0.026563,0.0042,0.412962,-0.078774,-0.023598,-0.296342,0.174482,0.0,-0.187641,0.0,0.0,0.0,0.023061,-0.174482,0.0,-0.00354,-0.0,0.0,0.0,0.0,0.0,0.0,0.0,0.0,0.0,-0.0,0.0,0.0,0.001953,-0.004883,0.0,0.000192,0.0,0.000064,0.0,-0.000064,0.0,-0.000192,0.0,0.0,0.0,-0.000512,
0.0,4.240402,0.883489,-0.000066,0.0,1.570796,0.0,0.648011,-0.013469,0.0,0.0,0.0,-0.012802,-0.024232,0.00354,0.268025,-0.163022,0.024354,-0.351342,0.026142,0.004346,0.360981,-0.075182,-0.023799,-0.300082,0.174482,0.0,-0.190142,0.0,0.0,0.0,0.023391,-0.174482,0.0,-0.00354,0.0,0.0,0.0,0.0,0.0,0.0,0.0,0.0,0.0,-0.0,0.0,0.0,0.001953,-0.004883,0.0,0.000192,0.0,0.000064,0.0,-0.000064,0.0,-0.000192,0.0,0.0,0.0,-0.000311,
0.0,4.246993,0.883421,-0.000066,0.0,1.570796,-0.0,0.65915,-0.006846,0.0,0.0,0.0,-0.005131,-0.024232,0.003491,0.266957,-0.163676,0.024354,-0.333354,0.025843,0.004738,0.310346,-0.066565,-0.023891,-0.30174,0.174482,0.0,-0.191068,-0.0,0.0,0.0,0.022973,-0.174482,0.0,-0.00354,0.0,0.0,0.0,0.0,0.0,0.0,0.0,0.0,0.0,0.0,0.0,0.0,0.001953,-0.004883,-0.0,0.000192,0.0,0.000064,0.0,-0.000064,0.0,-0.000192,0.0,-0.0,0.0,-0.000379,
0.0,4.25364,0.883385,-0.000066,0.0,1.570796,0.0,0.664673,-0.003565,0.0,0.0,0.0,0.003165,-0.024232,0.003418,0.264722,-0.163363,0.024354,-0.314034,0.025605,0.00525,0.260302,-0.055464,-0.023927,-0.30237,0.174482,0.0,-0.191215,0.0,0.0,0.0,0.022185,-0.174482,0.0,-0.00354,0.0,0.0,0.0,-0.0,0.0,0.0,0.0,0.0,0.0,-0.0,0.0,0.0,0.001953,-0.004883,0.0,0.000192,0.0,0.000064,0.0,-0.000064,0.0,-0.000192,0.0,0.0,0.0,-0.00058,
0.0,4.260286,0.88335,-0.000066,0.0,1.570796,0.0,0.664673,-0.003572,0.0,0.0,0.0,0.01146,-0.024232,0.003345,0.262486,-0.163051,0.024354,-0.294715,0.025367,0.005763,0.210259,-0.044363,-0.023964,-0.303,0.174482,0.0,-0.191363,-0.0,0.0,0.0,0.021398,-0.174482,0.0,-0.00354,0.0,0.0,0.0,0.0,0.0,-0.0,0.0,-0.0,0.0,-0.0,0.0,-0.0,0.001953,-0.004883,0.0,0.000192,0.0,0.000064,0.0,-0.000064,0.0,-0.000192,0.0,0.0,0.0,-0.000782,
0.0,4.267034,0.883345,-0.000066,0.0,1.570796,0.0,0.674744,-0.000505,0.0,0.0,0.0,0.019577,-0.024232,0.003237,0.260686,-0.162375,0.024354,-0.279912,0.025209,0.006344,0.173329,-0.035287,-0.024,-0.302603,0.174482,0.0,-0.190688,0.0,0.0,-0.0,0.020457,-0.174482,0.0,-0.00354,0.0,0.0,0.0,-0.0,0.0,-0.0,-0.0,0.0,0.0,-0.0,0.0,-0.0,0.001953,-0.004883,0.0,0.000192,0.0,0.000064,0.0,-0.000064,0.0,-0.000192,0.0,0.0,0.0,-0.001014,
0.0,4.273981,0.8834,-0.000066,0.0,1.570796,0.0,0.694671,0.005554,0.0,0.0,0.0,0.027342,-0.024232,0.00306,0.259744,-0.160978,0.024354,-0.274034,0.025209,0.007058,0.162234,-0.030214,-0.024037,-0.300177,0.174482,-0.0,-0.188389,0.0,0.0,0.0,0.019212,-0.174482,0.0,-0.00354,0.0,0.0,0.0,0.0,0.0,0.0,0.0,0.0,0.0,0.0,0.0,0.0,0.001953,-0.004883,0.0,0.000192,0.0,0.000064,0.0,-0.000064,0.0,-0.000192,0.0,0.0,0.0,-0.001307,
0.0,4.280927,0.883456,-0.000066,0.0,1.570796,-0.0,0.694641,0.005547,0.0,0.0,0.0,0.035107,-0.024232,0.002883,0.258802,-0.159582,0.024354,-0.268157,0.025209,0.007772,0.151138,-0.025141,-0.024074,-0.297751,0.174482,-0.0,-0.18609,0.0,0.0,0.0,0.017966,-0.174482,0.0,-0.00354,0.0,0.0,0.0,0.0,0.0,-0.0,0.0,0.0,0.0,-0.0,0.0,-0.0,0.001953,-0.004883,0.0,0.000192,0.0,0.000064,0.0,-0.000064,0.0,-0.000192,0.0,-0.0,0.0,-0.0016,
0.0,4.287875,0.883511,-0.000066,0.0,1.570796,0.0,0.694763,0.005554,0.0,0.0,0.0,0.042867,-0.024232,0.002706,0.25787,-0.158185,0.024354,-0.26228,0.025209,0.008485,0.140072,-0.020049,-0.02411,-0.295317,0.174482,0.0,-0.183785,0.0,0.0,-0.0,0.016724,-0.174482,0.0,-0.00354,0.0,0.0,0.0,-0.0,0.0,-0.0,0.0,0.0,0.0,0.0,0.0,0.0,0.001953,-0.004883,0.0,0.000192,0.0,0.000064,0.0,-0.000064,0.0,-0.000192,0.0,0.0,0.0,-0.001894,
0.0,4.295055,0.883563,-0.000066,0.0,1.570796,0.0,0.718078,0.005159,0.0,0.0,0.0,0.048784,-0.024232,0.002528,0.260715,-0.156477,0.024354,-0.256798,0.025227,0.008925,0.140072,-0.007781,-0.023881,-0.28973,0.174482,0.0,-0.179134,0.0,0.0,0.0,0.016724,-0.174482,0.0,-0.00354,0.0,0.0,0.0,0.0,0.0,-0.0,0.0,-0.0,0.0,-0.0,0.0,-0.0,0.001953,-0.004883,0.0,0.000192,0.0,0.000064,0.0,-0.000064,0.0,-0.000192,0.0,0.0,0.0,-0.002516,
0.0,4.302237,0.883614,-0.000066,0.0,1.570796,0.0,0.718109,0.005159,0.0,0.0,0.0,0.0547,-0.024232,0.002351,0.263559,-0.154769,0.024354,-0.251316,0.025246,0.009364,0.140072,0.004489,-0.023652,-0.284143,0.174482,0.0,-0.174483,0.0,0.0,0.0,0.016724,-0.174482,0.0,-0.00354,0.0,0.0,0.0,0.0,0.0,0.0,0.0,0.0,0.0,0.0,0.0,0.0,0.001953,-0.004883,0.0,0.000192,0.0,0.000064,0.0,-0.000064,0.0,-0.000192,0.0,-0.0,0.0,-0.003139,
0.0,4.309417,0.883666,-0.000066,0.0,1.570796,0.0,0.718078,0.005159,0.0,0.0,0.0,0.060617,-0.024232,0.002174,0.266404,-0.153061,0.024354,-0.245833,0.025264,0.009804,0.140072,0.016757,-0.023423,-0.278556,0.174482,-0.0,-0.169832,0.0,0.0,0.0,0.016724,-0.174482,0.0,-0.00354,0.0,0.0,0.0,0.0,0.0,-0.0,0.0,0.0,0.0,-0.0,0.0,-0.0,0.001953,-0.004883,0.0,0.000192,0.0,0.000064,0.0,-0.000064,0.0,-0.000192,0.0,0.0,0.0,-0.003762,
0.0,4.316331,0.883606,-0.000066,0.0,1.570796,0.0,0.691407,-0.005951,0.0,0.0,0.0,0.064523,-0.024294,0.001997,0.272469,-0.150997,0.024354,-0.240935,0.02527,0.010219,0.140072,0.029972,-0.023194,-0.272145,0.174482,0.0,-0.165491,0.0,0.0,0.0,0.015719,-0.174482,0.0,-0.00354,0.0,0.0,0.0,-0.0,0.0,0.0,0.0,-0.0,0.0,-0.0,0.0,-0.0,0.001953,-0.004883,0.0,0.000192,0.0,0.000064,0.0,-0.000064,0.0,-0.000192,0.0,0.0,0.0,-0.004053,
0.0,4.323113,0.883492,-0.000066,0.0,1.570796,0.0,0.678193,-0.011453,0.0,0.0,0.0,0.067436,-0.024385,0.00182,0.280125,-0.148756,0.024354,-0.236325,0.02527,0.010622,0.140072,0.043655,-0.022965,-0.265328,0.174482,0.0,-0.161302,0.0,0.0,0.0,0.014218,-0.174482,0.0,-0.00354,0.0,0.0,0.0,-0.0,0.0,0.0,0.0,-0.0,0.0,-0.0,-0.0,-0.0,0.001953,-0.004883,0.0,0.000192,0.0,0.000064,0.0,-0.000064,0.0,-0.000192,0.0,0.0,0.0,-0.004181,
0.0,4.329895,0.883377,-0.000066,0.0,1.570796,0.0,0.678162,-0.011445,0.0,0.0,0.0,0.07035,-0.024477,0.001643,0.287781,-0.146516,0.024354,-0.231715,0.02527,0.011024,0.140072,0.057337,-0.022736,-0.258511,0.174482,0.0,-0.157113,0.0,0.0,0.0,0.012716,-0.174482,0.0,-0.00354,0.0,0.0,0.0,0.0,0.0,-0.0,0.0,-0.0,0.0,-0.0,-0.0,-0.0,0.001953,-0.004883,0.0,0.000192,0.0,0.000064,0.0,-0.000064,0.0,-0.000192,0.0,-0.0,0.0,-0.00431,
0.0,4.336491,0.883231,-0.000066,0.0,1.570796,-0.0,0.659608,-0.014635,0.0,0.0,0.0,0.072567,-0.024568,0.00144,0.296108,-0.143499,0.024354,-0.227081,0.02527,0.011292,0.140072,0.068872,-0.022547,-0.2515,0.174482,-0.0,-0.153142,0.0,0.0,0.0,0.010476,-0.174482,0.0,-0.00354,0.0,0.0,0.0,-0.0,0.0,-0.0,0.0,0.0,0.0,-0.0,0.0,-0.0,0.001953,-0.004883,0.0,0.000192,0.0,0.000064,0.0,-0.000064,0.0,-0.000192,0.0,0.0,0.0,-0.004352,
0.0,4.34272,0.883022,-0.000066,0.0,1.570796,0.0,0.622926,-0.020917,0.0,0.0,0.0,0.07341,-0.02466,0.001183,0.305764,-0.138947,0.024354,-0.222402,0.02527,0.011292,0.140072,0.076166,-0.022437,-0.244103,0.174482,0.0,-0.149598,0.0,0.0,0.0,0.006777,-0.174482,0.0,-0.00354,-0.0,0.0,0.0,0.0,0.0,0.0,-0.0,-0.0,0.0,0.0,0.0,0.0,0.001953,-0.004883,0.0,0.000192,0.0,0.000064,0.0,-0.000064,0.0,-0.000192,0.0,0.0,0.0,-0.004223,
0.0,4.348949,0.882813,-0.000066,0.0,1.570796,-0.0,0.622865,-0.020924,0.0,0.0,0.0,0.074253,-0.024751,0.000927,0.31542,-0.134395,0.024354,-0.217722,0.02527,0.011292,0.140072,0.083459,-0.022327,-0.236706,0.174482,0.0,-0.146054,-0.0,0.0,0.0,0.003078,-0.174482,-0.0,-0.00354,0.0,0.0,0.0,0.0,0.0,-0.0,0.0,-0.0,0.0,-0.0,0.0,-0.0,0.001953,-0.004883,0.0,0.000192,0.0,0.000064,0.0,-0.000064,0.0,-0.000192,0.0,0.0,0.0,-0.004095,
-0.0,4.355175,0.882605,-0.000066,0.0,1.570796,-0.0,0.622651,-0.02081,0.0,0.0,0.0,0.075083,-0.024843,0.000671,0.325088,-0.129837,0.024354,-0.213043,0.02527,0.011292,0.140072,0.090731,-0.022218,-0.229309,0.174482,0.0,-0.142509,-0.0,0.0,0.0,-0.000629,-0.174482,0.0,-0.00354,0.0,0.0,0.0,0.0,0.0,-0.0,0.0,-0.0,0.0,-0.0,0.0,-0.0,0.001953,-0.004883,0.0,0.000192,0.0,0.000064,0.0,-0.000064,0.0,-0.000192,0.0,0.0,0.0,-0.003972,
0.0,4.360483,0.882805,-0.000066,0.0,1.570796,0.0,0.53076,0.020017,0.0,0.0,0.0,0.0714,-0.024953,0.000469,0.339499,-0.123362,0.024354,-0.208533,0.025343,0.011439,0.140072,0.090364,-0.022264,-0.221867,0.174482,0.0,-0.138636,0.0,0.0,0.0,-0.007056,-0.174482,0.0,-0.00354,0.0,0.0,0.0,0.0,0.0,-0.0,0.0,-0.0,0.0,0.0,-0.0,0.0,0.001953,-0.004883,0.0,0.000192,0.0,0.000064,0.0,-0.000064,0.0,-0.000192,0.0,0.0,0.0,-0.005675,
0.0,4.36579,0.883005,-0.000066,0.0,1.570796,0.0,0.53073,0.020009,0.0,0.0,0.0,0.067717,-0.025063,0.000268,0.35391,-0.116886,0.024354,-0.204023,0.025417,0.011585,0.140072,0.089998,-0.02231,-0.214425,0.174482,0.0,-0.134763,-0.0,0.0,0.0,-0.013484,-0.174482,0.0,-0.00354,0.0,0.0,0.0,0.0,0.0,-0.0,0.0,0.0,0.0,0.0,0.0,-0.0,0.001953,-0.004883,0.0,0.000192,0.0,0.000064,0.0,-0.000064,0.0,-0.000192,0.0,0.0,0.0,-0.007378,
0.0,4.371098,0.883205,-0.000066,0.0,1.570796,-0.0,0.53073,0.020009,0.0,0.0,0.0,0.064034,-0.025173,0.000067,0.368321,-0.110411,0.024354,-0.199512,0.02549,0.011732,0.140072,0.089631,-0.022355,-0.206984,0.174482,0.0,-0.130891,0.0,0.0,0.0,-0.019911,-0.174482,0.0,-0.00354,0.0,0.0,0.0,0.0,0.0,0.0,0.0,-0.0,0.0,0.0,0.0,0.0,0.001953,-0.004883,0.0,0.000192,0.0,0.000064,0.0,-0.000064,0.0,-0.000192,0.0,0.0,0.0,-0.009081,
0.0,4.376087,0.883421,-0.000066,0.0,1.570796,0.0,0.4989,0.021647,0.0,0.0,0.0,0.049807,-0.025393,-0.000074,0.398839,-0.106,0.024256,-0.194598,0.025514,0.011645,0.140072,0.086712,-0.022401,-0.199426,0.174482,-0.0,-0.12686,-0.0,0.0,-0.0,-0.026155,-0.174482,0.0,-0.00354,0.0,0.0,0.0,0.0,0.0,-0.0,0.0,-0.0,0.0,-0.0,0.0,-0.0,0.001953,-0.004883,0.0,0.000192,0.0,0.000064,0.0,-0.000064,0.0,-0.000192,0.0,0.0,0.0,-0.010931,
0.0,4.380919,0.883646,-0.000066,0.0,1.570796,0.0,0.483244,0.022455,0.0,0.0,0.0,0.030374,-0.025668,-0.000183,0.437328,-0.102608,0.02411,-0.189485,0.025514,0.011444,0.140072,0.082533,-0.022447,-0.191809,0.174482,0.0,-0.12275,0.0,-0.0,-0.0,-0.032309,-0.174482,0.0,-0.00354,0.0,0.0,0.0,-0.0,-0.0,0.0,-0.0,0.0,0.0,0.0,0.0,0.0,0.001953,-0.004883,0.0,0.000192,0.0,0.000064,0.0,-0.000064,0.0,-0.000192,0.0,0.0,0.0,-0.012854,
0.0,4.385751,0.883871,-0.000066,0.0,1.570796,0.0,0.483183,0.022455,0.0,0.0,0.0,0.010941,-0.025942,-0.000293,0.475815,-0.099216,0.023963,-0.184371,0.025514,0.011242,0.140072,0.078355,-0.022493,-0.184193,0.174482,0.0,-0.11864,0.0,0.0,0.0,-0.038462,-0.174482,0.0,-0.00354,-0.0,0.0,0.0,0.0,0.0,-0.0,0.0,0.0,0.0,0.0,0.0,0.0,0.001953,-0.004883,0.0,0.000192,0.0,0.000064,0.0,-0.000064,0.0,-0.000192,0.0,0.0,0.0,-0.014777,
0.0,4.390482,0.884083,-0.000066,0.0,1.570796,-0.0,0.473143,0.021264,0.0,0.0,0.0,-0.00977,-0.026235,-0.000366,0.514799,-0.09538,0.023777,-0.179339,0.025514,0.010998,0.140035,0.074097,-0.022554,-0.176512,0.174482,0.0,-0.114427,0.0,0.0,0.0,-0.044271,-0.174482,0.0,-0.003386,0.0,0.0,0.0,-0.0,0.0,-0.0,0.0,-0.0,0.0,0.0,0.0,-0.0,0.001953,-0.004883,0.0,0.000192,0.0,0.000064,0.0,-0.000064,0.0,-0.000192,0.0,-0.0,0.0,-0.016546,
0.0,4.395016,0.884272,-0.000066,0.0,1.570796,0.0,0.453337,0.01889,0.0,0.0,0.0,-0.033013,-0.026565,-0.000366,0.55483,-0.09067,0.023511,-0.174469,0.025514,0.010668,0.139925,0.069681,-0.022645,-0.168703,0.174482,0.0,-0.110007,0.0,0.0,0.0,-0.0494,-0.174482,0.0,-0.002928,-0.0,0.0,0.0,0.0,0.0,-0.0,0.0,0.0,0.0,-0.0,0.0,0.0,0.001953,-0.004883,0.0,0.000192,0.0,0.000064,0.0,-0.000064,0.0,-0.000192,0.0,0.0,0.0,-0.018011,
0.0,4.399549,0.884461,-0.000066,0.0,1.570796,0.0,0.453337,0.01889,0.0,0.0,0.0,-0.05626,-0.026895,-0.000366,0.594873,-0.085959,0.023246,-0.169598,0.025514,0.010339,0.139815,0.065265,-0.022737,-0.160893,0.174482,0.0,-0.105587,-0.0,0.0,0.0,-0.054529,-0.174482,0.0,-0.002471,0.0,0.0,0.0,0.0,0.0,-0.0,0.0,0.0,0.0,-0.0,0.0,0.0,0.001953,-0.004883,0.0,0.000192,-0.0,0.000064,0.0,-0.000064,0.0,-0.000192,0.0,-0.0,0.0,-0.019476,
0.0,4.404081,0.88465,-0.000066,0.0,1.570796,0.0,0.453215,0.018913,0.0,0.0,0.0,-0.079499,-0.027224,-0.000366,0.634865,-0.081245,0.02298,-0.164735,0.025514,0.010009,0.139719,0.060845,-0.022829,-0.153086,0.174482,0.0,-0.101166,-0.0,0.0,0.0,-0.059658,-0.174482,0.0,-0.002022,0.0,0.0,0.0,0.0,0.0,0.0,0.0,0.0,0.0,0.0,-0.0,-0.0,0.001953,-0.004883,0.0,0.000192,0.0,0.000064,0.0,-0.000064,0.0,-0.000192,0.0,0.0,0.0,-0.020935,
0.0,4.408309,0.884888,-0.000066,0.0,1.570796,0.0,0.422789,0.023794,0.0,0.0,0.0,-0.101601,-0.027517,-0.000256,0.666175,-0.075675,0.022715,-0.162604,0.025514,0.009753,0.144015,0.054818,-0.02292,-0.145945,0.174482,0.0,-0.09629,-0.0,0.0,0.0,-0.064843,-0.174482,0.0,-0.004384,0.0,0.0,0.0,0.0,0.0,-0.0,0.0,-0.0,0.0,-0.0,0.0,0.0,0.001953,-0.004883,0.0,0.000192,0.0,0.000064,0.0,-0.000064,0.0,-0.000192,0.0,-0.0,0.0,-0.02055,
0.0,4.412538,0.885126,-0.000066,0.0,1.570796,-0.0,0.422819,0.023801,0.0,0.0,0.0,-0.123708,-0.02781,-0.000146,0.697496,-0.070105,0.022449,-0.160473,0.025514,0.009497,0.148312,0.048792,-0.023012,-0.138804,0.174482,-0.0,-0.091414,0.0,0.0,0.0,-0.070029,-0.174482,-0.0,-0.006746,0.0,0.0,0.0,-0.0,0.0,-0.0,0.0,-0.0,0.0,-0.0,0.0,0.0,0.001953,-0.004883,0.0,0.000192,0.0,0.000064,0.0,-0.000064,0.0,-0.000192,0.0,0.0,0.0,-0.020166,
0.0,4.416765,0.885364,-0.000066,0.0,1.570796,0.0,0.422789,0.023801,0.0,0.0,0.0,-0.145812,-0.028103,-0.000036,0.728811,-0.064534,0.022184,-0.158342,0.025514,0.00924,0.152608,0.042765,-0.023103,-0.131663,0.174482,0.0,-0.086538,-0.0,0.0,0.0,-0.075214,-0.174482,0.0,-0.009108,0.0,0.0,0.0,0.0,0.0,-0.0,0.0,-0.0,0.0,-0.0,0.0,-0.0,0.001953,-0.004883,0.0,0.000192,0.0,0.000064,0.0,-0.000064,0.0,-0.000192,0.0,0.0,0.0,-0.019781,
0.0,4.420713,0.885627,-0.000066,0.0,1.570796,0.0,0.394743,0.026325,0.0,0.0,0.0,-0.164057,-0.028286,0.000086,0.747785,-0.067004,0.022096,-0.153309,0.025514,0.009156,0.151136,0.039218,-0.023158,-0.124722,0.174482,0.0,-0.081663,0.0,0.0,0.0,-0.08056,-0.174482,-0.0,-0.010931,0.0,0.0,0.0,0.0,0.0,0.0,0.0,-0.0,0.0,0.0,-0.0,-0.0,0.001953,-0.004883,0.0,0.000192,0.0,0.000064,0.0,-0.000064,0.0,-0.000192,0.0,0.0,0.0,-0.019065,
0.0,4.424522,0.885903,-0.000066,0.0,1.570796,0.0,0.380888,0.02756,0.0,0.0,0.0,-0.180403,-0.028414,0.000214,0.760682,-0.073435,0.022096,-0.146846,0.025514,0.009156,0.146821,0.036892,-0.023195,-0.11788,0.174482,0.0,-0.076788,0.0,0.0,0.0,-0.085985,-0.174482,0.0,-0.012487,0.0,0.0,0.0,-0.0,0.0,-0.0,0.0,-0.0,0.0,0.0,0.0,-0.0,0.001953,-0.004883,0.0,0.000192,0.0,0.000064,0.0,-0.000064,0.0,-0.000192,0.0,0.0,0.0,-0.018186,
0.0,4.428331,0.886179,-0.000066,0.0,1.570796,0.0,0.380949,0.027567,0.0,0.0,0.0,-0.19675,-0.028542,0.000342,0.773581,-0.079867,0.022096,-0.140383,0.025514,0.009156,0.142506,0.034566,-0.023231,-0.111038,0.174482,-0.0,-0.071914,-0.0,0.0,0.0,-0.09141,-0.174482,0.0,-0.014044,0.0,0.0,0.0,0.0,0.0,0.0,0.0,-0.0,0.0,0.0,0.0,0.0,0.001953,-0.004883,0.0,0.000192,0.0,0.000064,0.0,-0.000064,0.0,-0.000192,0.0,-0.0,0.0,-0.017307,
0.0,4.432025,0.886457,-0.000066,0.0,1.570796,0.0,0.369383,0.027818,0.0,0.0,0.0,-0.210781,-0.028603,0.000458,0.78129,-0.087701,0.022192,-0.134749,0.02549,0.009156,0.139644,0.031734,-0.023268,-0.104203,0.174482,-0.0,-0.067089,0.0,0.0,0.0,-0.096756,-0.174482,0.0,-0.015391,0.0,0.0,0.0,0.0,0.0,-0.0,0.0,-0.0,0.0,0.0,0.0,0.0,0.001953,-0.004883,0.0,0.000192,0.0,0.000064,0.0,-0.000064,0.0,-0.000192,0.0,0.0,0.0,-0.016385,
0.0,4.435492,0.88674,-0.000066,0.0,1.570796,0.0,0.346647,0.028336,0.0,0.0,0.0,-0.220252,-0.028529,0.00055,0.778777,-0.098299,0.022479,-0.130749,0.025416,0.009156,0.139644,0.027907,-0.023305,-0.097384,0.174482,0.0,-0.062363,0.0,0.0,0.0,-0.101945,-0.174482,0.0,-0.016325,0.0,0.0,0.0,-0.0,0.0,-0.0,0.0,-0.0,0.0,0.0,0.0,-0.0,0.001953,-0.004883,0.0,0.000192,0.0,0.000064,0.0,-0.000064,0.0,-0.000192,0.0,0.0,0.0,-0.015378,
0.0,4.438958,0.887024,-0.000066,0.0,1.570796,0.0,0.346647,0.028336,0.0,0.0,0.0,-0.229724,-0.028456,0.000641,0.776264,-0.108897,0.022766,-0.126748,0.025343,0.009156,0.139644,0.024079,-0.023341,-0.090564,0.174482,0.0,-0.057636,0.0,0.0,0.0,-0.107134,-0.174482,0.0,-0.017258,0.0,0.0,0.0,-0.0,0.0,-0.0,-0.0,-0.0,-0.0,0.0,0.0,0.0,0.001953,-0.004883,0.0,0.000192,-0.0,0.000064,0.0,-0.000064,0.0,-0.000192,0.0,0.0,0.0,-0.014371,
-0.0,4.442424,0.887307,-0.000066,0.0,1.570796,-0.0,0.346617,0.028297,0.0,0.0,0.0,-0.239171,-0.028382,0.000734,0.773703,-0.119503,0.023053,-0.122749,0.02527,0.009155,0.139644,0.020254,-0.023378,-0.083744,0.174482,0.0,-0.05291,-0.0,-0.0,0.0,-0.112318,-0.174482,0.0,-0.018195,-0.0,0.0,0.0,0.0,-0.0,0.0,0.0,-0.0,0.0,-0.0,0.0,-0.0,0.001953,-0.004883,0.0,0.000192,0.0,0.000064,0.0,-0.000064,0.0,-0.000192,0.0,-0.0,0.0,-0.013364,
0.0,4.445734,0.887477,-0.000066,0.0,1.570796,0.0,0.330962,0.016997,0.0,0.0,0.0,-0.241329,-0.028034,0.001082,0.75697,-0.132592,0.02334,-0.118897,0.02527,0.009064,0.139644,0.017123,-0.023414,-0.076726,0.174482,0.0,-0.048423,0.0,0.0,0.0,-0.11584,-0.174482,0.0,-0.019751,0.0,0.0,0.0,-0.0,0.0,-0.0,0.0,-0.0,0.0,0.0,0.0,0.0,0.001953,-0.004883,0.0,0.000192,0.0,0.000064,0.0,-0.000064,0.0,-0.000192,0.0,-0.0,0.0,-0.012302,
-0.0,4.449043,0.887646,-0.000066,0.0,1.570796,-0.0,0.330931,0.016997,0.0,0.0,0.0,-0.243487,-0.027686,0.001429,0.740235,-0.145681,0.023627,-0.115045,0.02527,0.008972,0.139644,0.013991,-0.023451,-0.069708,0.174482,0.0,-0.043935,0.0,0.0,0.0,-0.119362,-0.174482,0.0,-0.021308,-0.0,0.0,0.0,0.0,0.0,0.0,0.0,0.0,0.0,0.0,0.0,0.0,0.001953,-0.004883,-0.0,0.000192,0.0,0.000064,0.0,-0.000064,0.0,-0.000192,0.0,0.0,0.0,-0.011239,
0.0,4.452353,0.887816,-0.000066,0.0,1.570796,0.0,0.330962,0.01699,0.0,0.0,0.0,-0.245646,-0.027338,0.001777,0.7235,-0.158771,0.023914,-0.111193,0.02527,0.008881,0.139644,0.01086,-0.023488,-0.06269,0.174482,0.0,-0.039448,-0.0,0.0,0.0,-0.122884,-0.174482,0.0,-0.022864,0.0,0.0,0.0,0.0,0.0,0.0,0.0,-0.0,0.0,-0.0,0.0,-0.0,0.001953,-0.004883,0.0,0.000192,0.0,0.000064,0.0,-0.000064,0.0,-0.000192,0.0,0.0,0.0,-0.010177,
0.0,4.455487,0.887906,-0.000066,0.0,1.570796,-0.0,0.313415,0.00894,0.0,0.0,0.0,-0.241848,-0.026831,0.002383,0.69668,-0.172307,0.024201,-0.108509,0.02527,0.00874,0.141723,0.007005,-0.023561,-0.056668,0.174482,-0.0,-0.035636,-0.0,0.0,0.0,-0.125398,-0.174482,0.0,-0.025034,0.0,0.0,0.0,0.0,0.0,-0.0,0.0,-0.0,0.0,0.0,0.0,0.0,0.001953,-0.004883,0.0,0.000192,0.0,0.000064,0.0,-0.000064,0.0,-0.000192,0.0,0.0,0.0,-0.009336,
0.0,4.458535,0.887955,-0.000066,0.0,1.570796,0.0,0.30484,0.004972,0.0,0.0,0.0,-0.235118,-0.026245,0.003115,0.664882,-0.186064,0.024488,-0.1064,0.02527,0.008575,0.144826,0.002793,-0.023653,-0.051136,0.174482,-0.0,-0.032156,-0.0,0.0,0.0,-0.127417,-0.174482,0.0,-0.027507,-0.0,0.0,0.0,0.0,0.0,0.0,0.0,0.0,0.0,-0.0,0.0,0.0,0.001953,-0.004883,0.0,0.000192,0.0,0.000064,0.0,-0.000064,0.0,-0.000192,0.0,0.0,0.0,-0.008604,
0.0,4.461583,0.888005,-0.000066,0.0,1.570796,0.0,0.304809,0.004972,0.0,0.0,0.0,-0.228387,-0.025659,0.003848,0.633083,-0.19982,0.024775,-0.104291,0.02527,0.00841,0.147929,-0.001418,-0.023744,-0.045604,0.174482,-0.0,-0.028676,0.0,0.0,0.0,-0.129435,-0.174482,-0.0,-0.029979,0.0,0.0,0.0,0.0,0.0,-0.0,0.0,0.0,0.0,0.0,0.0,0.0,0.001953,-0.004883,0.0,0.000192,0.0,0.000064,0.0,-0.000064,0.0,-0.000192,0.0,-0.0,0.0,-0.007871,
0.0,4.464545,0.888016,-0.000066,0.0,1.570796,0.0,0.296173,0.001042,0.0,0.0,0.0,-0.22065,-0.025147,0.004525,0.599889,-0.210948,0.024965,-0.102924,0.02527,0.008246,0.152289,-0.006321,-0.023805,-0.040732,0.174482,0.0,-0.025604,0.0,0.0,0.0,-0.131002,-0.174482,0.0,-0.032624,0.0,0.0,0.0,-0.0,0.0,0.0,-0.0,-0.0,0.0,-0.0,0.0,0.0,0.001953,-0.004883,0.0,0.000192,0.0,0.000064,0.0,-0.000064,0.0,-0.000192,0.0,0.0,0.0,-0.007305,
0.0,4.467336,0.887949,-0.000066,0.0,1.570796,-0.0,0.279114,-0.006695,0.0,0.0,0.0,-0.210929,-0.02478,0.005093,0.563912,-0.216898,0.024965,-0.103015,0.02527,0.008081,0.159123,-0.012584,-0.023805,-0.037161,0.174482,0.0,-0.023333,0.0,0.0,0.0,-0.131681,-0.174482,0.0,-0.035609,0.0,0.0,0.0,-0.0,0.0,-0.0,0.0,-0.0,0.0,-0.0,0.0,-0.0,0.001953,-0.004883,0.0,0.000192,0.0,0.000064,0.0,-0.000064,0.0,-0.000192,0.0,0.0,0.0,-0.007067,
0.0,4.470127,0.887882,-0.000066,0.0,1.570796,0.0,0.279114,-0.006703,0.0,0.0,0.0,-0.201208,-0.024414,0.00566,0.527929,-0.222848,0.024965,-0.103107,0.02527,0.007916,0.165956,-0.018846,-0.023805,-0.03359,0.174482,0.0,-0.021062,0.0,0.0,0.0,-0.13236,-0.174482,0.0,-0.038594,0.0,-0.0,-0.0,0.0,0.0,-0.0,0.0,0.0,0.0,0.0,0.0,-0.0,0.001953,-0.004883,0.0,0.000192,0.0,0.000064,0.0,-0.000064,0.0,-0.000192,0.0,0.0,0.0,-0.006829,
0.0,4.472917,0.887814,-0.000066,0.0,1.570796,0.0,0.278992,-0.006734,0.0,0.0,0.0,-0.191485,-0.024049,0.006226,0.491964,-0.228759,0.024964,-0.103195,0.02527,0.007751,0.172781,-0.025104,-0.023805,-0.030027,0.174482,0.0,-0.018797,0.0,0.0,0.0,-0.133037,-0.174482,0.0,-0.041574,0.0,0.0,0.0,-0.0,0.0,-0.0,0.0,-0.0,0.0,-0.0,0.0,-0.0,0.001953,-0.004883,0.0,0.000192,0.0,0.000064,0.0,-0.000064,0.0,-0.000192,0.0,0.0,0.0,-0.006593,
0.0,4.475311,0.887646,-0.000066,0.0,1.570796,0.0,0.23935,-0.01683,0.0,0.0,0.0,-0.181044,-0.023939,0.006226,0.457105,-0.223674,0.024799,-0.102352,0.02527,0.007586,0.176918,-0.029976,-0.023897,-0.028818,0.174482,0.0,-0.018028,-0.0,0.0,0.0,-0.133184,-0.174482,0.0,-0.042929,0.0,0.0,0.0,0.0,0.0,-0.0,0.0,-0.0,0.0,0.0,0.0,-0.0,0.001953,-0.004883,0.0,0.000192,0.0,0.000064,0.0,-0.000064,0.0,-0.000192,0.0,0.0,0.0,-0.006978,
0.0,4.477704,0.887478,-0.000066,0.0,1.570796,0.0,0.23932,-0.016837,0.0,0.0,0.0,-0.170603,-0.023829,0.006226,0.422233,-0.218589,0.024635,-0.101509,0.02527,0.007422,0.181055,-0.034847,-0.023988,-0.02761,0.174482,0.0,-0.017259,-0.0,0.0,0.0,-0.133331,-0.174482,0.0,-0.044285,0.0,0.0,0.0,0.0,0.0,-0.0,0.0,0.0,0.0,0.0,0.0,0.0,0.001953,-0.004883,0.0,0.000192,0.0,0.000064,0.0,-0.000064,0.0,-0.000192,0.0,0.0,0.0,-0.007362,
0.0,4.480097,0.887309,-0.000066,0.0,1.570796,-0.0,0.23935,-0.016837,0.0,0.0,0.0,-0.160163,-0.023719,0.006226,0.387368,-0.213505,0.02447,-0.100665,0.02527,0.007257,0.185191,-0.039719,-0.02408,-0.026401,0.174482,0.0,-0.01649,0.0,0.0,0.0,-0.133478,-0.174482,0.0,-0.04564,0.0,0.0,0.0,-0.0,0.0,0.0,0.0,0.0,0.0,-0.0,0.0,-0.0,0.001953,-0.004883,-0.0,0.000192,-0.0,0.000064,0.0,-0.000064,0.0,-0.000192,0.0,0.0,0.0,-0.007747,
0.0,4.481057,0.887166,-0.000066,0.0,1.570796,0.0,0.096009,-0.014276,0.0,0.0,0.0,-0.155637,-0.023781,0.005759,0.365681,-0.195444,0.024415,-0.101346,0.02527,0.007178,0.188861,-0.042467,-0.02411,-0.025659,0.174482,0.0,-0.01604,0.0,0.0,0.0,-0.132763,-0.174482,0.0,-0.045264,0.0,0.0,0.0,0.0,0.0,-0.0,0.0,0.0,0.0,-0.0,0.0,-0.0,0.001953,-0.004883,-0.0,0.000192,-0.0,0.000064,0.0,-0.000064,0.0,-0.000192,0.0,-0.0,0.0,-0.007751,
0.0,4.481312,0.887036,-0.000066,0.0,1.570796,0.0,0.025514,-0.013014,0.0,0.0,0.0,-0.154021,-0.023928,0.005064,0.350469,-0.170997,0.024415,-0.102776,0.02527,0.007141,0.192301,-0.04417,-0.02411,-0.025146,0.174482,0.0,-0.015747,0.0,0.0,0.0,-0.131626,-0.174482,0.0,-0.044037,-0.0,0.0,-0.0,-0.0,0.0,-0.0,0.0,0.0,0.0,0.0,0.0,-0.0,0.001953,-0.004883,0.0,0.000192,0.0,0.000064,0.0,-0.000064,0.0,-0.000192,0.0,-0.0,0.0,-0.007568,
0.0,4.481567,0.886906,-0.000066,0.0,1.570796,-0.0,0.025514,-0.013014,0.0,0.0,0.0,-0.152405,-0.024074,0.004368,0.335256,-0.14655,0.024415,-0.104206,0.02527,0.007105,0.195742,-0.045874,-0.02411,-0.024633,0.174482,-0.0,-0.015454,0.0,0.0,0.0,-0.130488,-0.174482,0.0,-0.04281,-0.0,0.0,0.0,0.0,0.0,0.0,0.0,-0.0,0.0,-0.0,0.0,0.0,0.001953,-0.004883,0.0,0.000192,0.0,0.000064,0.0,-0.000064,0.0,-0.000192,0.0,0.0,0.0,-0.007385,
0.0,4.481814,0.88681,-0.000066,0.0,1.570796,0.0,0.024628,-0.009619,0.0,0.0,0.0,-0.15051,-0.024196,0.00374,0.32183,-0.12521,0.024415,-0.105636,0.025295,0.007068,0.199151,-0.047324,-0.02411,-0.024262,0.174482,0.0,-0.015259,0.0,0.0,0.0,-0.128911,-0.174482,0.0,-0.040867,0.0,0.0,0.0,0.0,0.0,-0.0,0.0,-0.0,0.0,-0.0,0.0,-0.0,0.001953,-0.004883,-0.0,0.000192,0.0,0.000064,0.0,-0.000064,0.0,-0.000192,0.0,-0.0,0.0,-0.006893,
0.0,4.482044,0.88678,-0.000066,0.0,1.570796,0.0,0.022949,-0.002951,0.0,0.0,0.0,-0.148068,-0.024269,0.003245,0.311915,-0.109971,0.024415,-0.107067,0.025368,0.007031,0.202501,-0.048276,-0.02411,-0.024171,0.174482,0.0,-0.015259,0.0,0.0,0.0,-0.126471,-0.174482,0.0,-0.037515,0.0,0.0,0.0,0.0,0.0,0.0,0.0,0.0,0.0,-0.0,0.0,-0.0,0.001953,-0.004883,-0.0,0.000192,0.0,0.000064,0.0,-0.000064,0.0,-0.000192,0.0,0.0,0.0,-0.005794,
0.0,4.482273,0.886751,-0.000066,0.0,1.570796,0.0,0.022949,-0.002951,0.0,0.0,0.0,-0.145626,-0.024342,0.002751,0.302,-0.094732,0.024415,-0.108497,0.025441,0.006995,0.205851,-0.049229,-0.02411,-0.024079,0.174482,0.0,-0.015259,0.0,0.0,0.0,-0.124031,-0.174482,0.0,-0.034164,-0.0,-0.0,0.0,-0.0,0.0,-0.0,0.0,0.0,0.0,0.0,0.0,-0.0,0.001953,-0.004883,0.0,0.000192,0.0,0.000064,0.0,-0.000064,0.0,-0.000192,0.0,0.0,0.0,-0.004696,
0.0,4.482502,0.886722,-0.000066,0.0,1.570796,0.0,0.022949,-0.00286,0.0,0.0,0.0,-0.143169,-0.024415,0.002258,0.292077,-0.079536,0.024415,-0.109921,0.025514,0.006958,0.209189,-0.050173,-0.02411,-0.023992,0.174482,-0.0,-0.015262,-0.0,0.0,0.0,-0.121589,-0.174482,-0.0,-0.030813,0.0,0.0,0.0,0.0,0.0,0.0,0.0,0.0,0.0,0.0,0.0,0.0,0.001953,-0.004883,0.0,0.000192,0.0,0.000064,0.0,-0.000064,0.0,-0.000192,0.0,0.0,0.0,-0.003594,
-0.0,4.482707,0.886925,-0.000066,0.0,1.570796,-0.0,0.020476,0.020242,0.0,0.0,0.0,-0.136727,-0.024415,0.002111,0.279842,-0.075211,0.024415,-0.109554,0.025514,0.006958,0.209189,-0.049001,-0.02411,-0.025146,0.174482,0.0,-0.015884,0.0,0.0,0.0,-0.118764,-0.174482,0.0,-0.027645,-0.0,0.0,-0.0,0.0,0.0,-0.0,0.0,-0.0,0.0,0.0,0.0,0.0,0.001953,-0.004883,0.0,0.000192,0.0,0.000064,-0.0,-0.000064,0.0,-0.000192,0.0,0.0,0.0,-0.001781,
0.0,4.482912,0.887127,-0.000066,0.0,1.570796,0.0,0.020476,0.02025,0.0,0.0,0.0,-0.130286,-0.024415,0.001965,0.267606,-0.070887,0.024415,-0.109187,0.025514,0.006958,0.209189,-0.047829,-0.02411,-0.0263,0.174482,0.0,-0.016507,0.0,0.0,0.0,-0.115939,-0.174482,0.0,-0.024477,0.0,0.0,0.0,0.0,0.0,0.0,0.0,-0.0,0.0,-0.0,0.0,-0.0,0.001953,-0.004883,0.0,0.000192,0.0,0.000064,0.0,-0.000064,0.0,-0.000192,0.0,0.0,0.0,0.000031,
0.0,4.483117,0.88733,-0.000066,0.0,1.570796,0.0,0.020476,0.020242,0.0,0.0,0.0,-0.123844,-0.024415,0.001818,0.255371,-0.066563,0.024415,-0.10882,0.025514,0.006958,0.209189,-0.046656,-0.02411,-0.027454,0.174482,0.0,-0.01713,0.0,0.0,0.0,-0.113115,-0.174482,0.0,-0.021308,0.0,0.0,0.0,0.0,0.0,0.0,0.0,0.0,0.0,-0.0,0.0,-0.0,0.001953,-0.004883,0.0,0.000192,0.0,0.000064,0.0,-0.000064,0.0,-0.000192,0.0,0.0,0.0,0.001844,
0.0,4.483305,0.887495,-0.000066,0.0,1.570796,0.0,0.018889,0.016542,0.0,0.0,0.0,-0.118131,-0.024415,0.001672,0.244466,-0.062669,0.024415,-0.108208,0.025514,0.006958,0.208769,-0.045595,-0.02411,-0.029332,0.174482,0.0,-0.018194,0.0,0.0,0.0,-0.110217,-0.174482,0.0,-0.018705,-0.0,0.0,0.0,-0.0,0.0,0.0,0.0,-0.0,0.0,-0.0,0.0,-0.0,0.001953,-0.004883,0.0,0.000192,0.0,0.000064,0.0,-0.000064,0.0,-0.000192,0.0,-0.0,0.0,0.003424,
0.0,4.483487,0.887643,-0.000066,0.0,1.570796,0.0,0.018157,0.014734,0.0,0.0,0.0,-0.112775,-0.024415,0.001525,0.234214,-0.058987,0.024415,-0.107474,0.025514,0.006958,0.208143,-0.044587,-0.02411,-0.031566,0.174482,0.0,-0.019476,0.0,0.0,0.0,-0.107282,-0.174482,0.0,-0.01638,0.0,0.0,0.0,0.0,0.0,0.0,0.0,0.0,0.0,-0.0,0.0,0.0,0.001953,-0.004883,0.0,0.000192,0.0,0.000064,0.0,-0.000064,0.0,-0.000192,0.0,0.0,0.0,0.004889,
0.0,4.483668,0.88779,-0.000066,0.0,1.570796,0.0,0.018126,0.014726,0.0,0.0,0.0,-0.10742,-0.024415,0.001379,0.223963,-0.055305,0.024415,-0.106741,0.025514,0.006958,0.207517,-0.04358,-0.02411,-0.033801,0.174482,0.0,-0.020758,-0.0,0.0,0.0,-0.104348,-0.174482,0.0,-0.014054,0.0,0.0,0.0,0.0,0.0,-0.0,0.0,-0.0,0.0,-0.0,0.0,-0.0,0.001953,-0.004883,0.0,0.000192,0.0,0.000064,0.0,-0.000064,0.0,-0.000192,0.0,-0.0,0.0,0.006354,
0.0,4.483842,0.887899,-0.000066,0.0,1.570796,0.0,0.017394,0.010881,0.0,0.0,0.0,-0.102492,-0.024415,0.001273,0.214642,-0.052364,0.024415,-0.106298,0.025514,0.006958,0.207438,-0.042912,-0.02411,-0.036338,0.174482,-0.0,-0.022244,-0.0,0.0,0.0,-0.10139,-0.174482,0.0,-0.012056,0.0,0.0,0.0,0.0,0.0,0.0,0.0,0.0,0.0,0.0,0.0,0.0,0.001953,-0.004883,0.0,0.000192,0.0,0.000064,0.0,-0.000064,0.0,-0.000192,0.0,-0.0,0.0,0.007596,
0.0,4.484001,0.887932,-0.000066,0.0,1.570796,0.0,0.015899,0.003312,0.0,0.0,0.0,-0.098404,-0.024415,0.001245,0.20715,-0.05088,0.024415,-0.106426,0.025514,0.006958,0.208432,-0.042912,-0.02411,-0.039469,0.174482,0.0,-0.02413,-0.0,0.0,0.0,-0.098383,-0.174482,0.0,-0.010701,0.0,0.0,0.0,0.0,0.0,-0.0,0.0,-0.0,0.0,0.0,0.0,-0.0,0.001953,-0.004883,0.0,0.000192,0.0,0.000064,-0.0,-0.000064,0.0,-0.000192,0.0,0.0,0.0,0.008402,
0.0,4.48416,0.887965,-0.000066,0.0,1.570796,0.0,0.015899,0.003312,0.0,0.0,0.0,-0.094315,-0.024415,0.001218,0.199658,-0.049396,0.024415,-0.106554,0.025514,0.006958,0.209426,-0.042912,-0.02411,-0.042601,0.174482,0.0,-0.026016,-0.0,0.0,0.0,-0.095376,-0.174482,-0.0,-0.009345,0.0,0.0,0.0,0.0,0.0,0.0,0.0,0.0,0.0,-0.0,0.0,-0.0,0.001953,-0.004883,0.0,0.000192,0.0,0.000064,0.0,-0.000064,0.0,-0.000192,0.0,0.0,0.0,0.009208,
0.0,4.484319,0.887998,-0.000066,0.0,1.570796,0.0,0.015899,0.003289,0.0,0.0,0.0,-0.090228,-0.024415,0.00119,0.192169,-0.047916,0.024415,-0.106686,0.025514,0.006958,0.210426,-0.042915,-0.02411,-0.045732,0.174482,0.0,-0.027903,0.0,0.0,0.0,-0.09237,-0.174482,0.0,-0.007991,0.0,0.0,0.0,0.0,0.0,-0.0,0.0,-0.0,0.0,-0.0,0.0,-0.0,0.001953,-0.004883,0.0,0.000192,0.0,0.000064,0.0,-0.000064,0.0,-0.000192,0.0,-0.0,0.0,0.01001,
0.0,4.484457,0.887955,-0.000066,0.0,1.570796,0.0,0.013764,-0.004287,0.0,0.0,0.0,-0.086471,-0.024415,0.001163,0.185476,-0.04733,0.024415,-0.107566,0.025514,0.006958,0.212746,-0.043482,-0.02411,-0.048626,0.174482,0.0,-0.029881,-0.0,0.0,0.0,-0.089382,-0.174482,0.0,-0.006874,0.0,0.0,0.0,0.0,0.0,0.0,0.0,-0.0,0.0,-0.0,0.0,-0.0,0.001953,-0.004883,0.0,0.000192,0.0,0.000064,0.0,-0.000064,0.0,-0.000192,-0.0,-0.0,0.0,0.010102,
0.0,4.484595,0.887912,-0.000066,0.0,1.570796,-0.0,0.013764,-0.004287,0.0,0.0,0.0,-0.082714,-0.024415,0.001135,0.178783,-0.046744,0.024415,-0.108446,0.025514,0.006958,0.215067,-0.04405,-0.02411,-0.051521,0.174482,-0.0,-0.031859,0.0,0.0,0.0,-0.086395,-0.174482,-0.0,-0.005757,-0.0,0.0,0.0,-0.0,0.0,0.0,0.0,0.0,0.0,-0.0,0.0,0.0,0.001953,-0.004883,0.0,0.000192,0.0,0.000064,0.0,-0.000064,0.0,-0.000192,0.0,-0.0,0.0,0.010194,
0.0,4.484732,0.887869,-0.000066,0.0,1.570796,0.0,0.013764,-0.004287,0.0,0.0,0.0,-0.078957,-0.024415,0.001108,0.172091,-0.046158,0.024415,-0.109327,0.025514,0.006958,0.217387,-0.044618,-0.02411,-0.054415,0.174482,0.0,-0.033836,0.0,0.0,0.0,-0.083407,-0.174482,0.0,-0.00464,0.0,0.0,0.0,-0.0,0.0,0.0,0.0,0.0,0.0,0.0,0.0,0.0,0.001953,-0.004883,0.0,0.000192,0.0,0.000064,0.0,-0.000064,0.0,-0.000192,0.0,0.0,0.0,0.010285,
0.0,4.484856,0.887821,-0.000066,0.0,1.570796,-0.0,0.01239,-0.004768,0.0,0.0,0.0,-0.074389,-0.024415,0.000976,0.163801,-0.044638,0.024415,-0.110933,0.025514,0.006909,0.220982,-0.045874,-0.02411,-0.057248,0.174482,0.0,-0.035851,0.0,0.0,0.0,-0.080702,-0.174482,0.0,-0.00345,0.0,0.0,0.0,0.0,0.0,-0.0,0.0,0.0,0.0,-0.0,0.0,-0.0,0.001953,-0.004883,0.0,0.000192,0.0,0.000064,0.0,-0.000064,0.0,-0.000192,0.0,0.0,0.0,0.010315,
0.0,4.484973,0.887771,-0.000066,0.0,1.570796,0.0,0.01175,-0.005012,0.0,0.0,0.0,-0.069424,-0.024415,0.000793,0.154728,-0.04266,0.024415,-0.112895,0.025514,0.006836,0.225202,-0.047467,-0.02411,-0.060051,0.174482,0.0,-0.037884,-0.0,0.0,0.0,-0.078137,-0.174482,0.0,-0.002223,0.0,0.0,0.0,0.0,0.0,0.0,0.0,0.0,0.0,0.0,0.0,0.0,0.001953,-0.004883,0.0,0.000192,0.0,0.000064,0.0,-0.000064,0.0,-0.000192,0.0,0.0,0.0,0.010315,
0.0,4.485091,0.887721,-0.000066,0.0,1.570796,0.0,0.011719,-0.005004,0.0,0.0,0.0,-0.064458,-0.024415,0.00061,0.145655,-0.040682,0.024415,-0.114858,0.025514,0.006763,0.229422,-0.049061,-0.02411,-0.062854,0.174482,-0.0,-0.039917,0.0,0.0,0.0,-0.075571,-0.174482,0.0,-0.000996,0.0,0.0,0.0,-0.0,0.0,0.0,0.0,-0.0,0.0,-0.0,0.0,-0.0,0.001953,-0.004883,0.0,0.000192,0.0,0.000064,0.0,-0.000064,0.0,-0.000192,0.0,0.0,0.0,0.010315,
0.0,4.485202,0.887676,-0.000066,0.0,1.570796,0.0,0.011109,-0.004554,0.0,0.0,0.0,-0.061101,-0.024415,0.000488,0.139644,-0.039959,0.024409,-0.116994,0.025533,0.006689,0.233974,-0.050753,-0.02411,-0.065601,0.174482,0.0,-0.041925,-0.0,0.0,0.0,-0.072962,-0.174482,-0.0,-0.000183,0.0,0.0,0.0,0.0,0.0,-0.0,0.0,0.0,0.0,-0.0,0.0,0.0,0.001953,-0.004883,0.0,0.000192,0.0,0.000064,0.0,-0.000064,0.0,-0.000192,0.0,-0.0,0.0,0.010365,
0.0,4.4853,0.887639,-0.000066,0.0,1.570796,-0.0,0.009827,-0.003669,0.0,0.0,0.0,-0.060899,-0.024415,0.000488,0.139644,-0.041699,0.024391,-0.11947,0.025588,0.006616,0.239175,-0.05264,-0.02411,-0.068239,0.174482,0.0,-0.043885,-0.0,0.0,0.0,-0.070269,-0.174482,0.0,-0.000183,-0.0,0.0,0.0,0.0,0.0,0.0,0.0,0.0,0.0,0.0,0.0,0.0,0.001953,-0.004883,0.0,0.000192,0.0,0.000064,0.0,-0.000064,0.0,-0.000192,0.0,-0.0,0.0,0.010511,
-0.0,4.485398,0.887602,-0.000066,0.0,1.570796,-0.0,0.009796,-0.003669,0.0,0.0,0.0,-0.060698,-0.024415,0.000488,0.139644,-0.043439,0.024373,-0.121947,0.025643,0.006543,0.244377,-0.054527,-0.02411,-0.070878,0.174482,0.0,-0.045845,-0.0,0.0,0.0,-0.067576,-0.174482,-0.0,-0.000183,0.0,0.0,0.0,0.0,0.0,-0.0,0.0,0.0,0.0,0.0,0.0,0.0,0.001953,-0.004883,0.0,0.000192,0.0,0.000064,0.0,-0.000064,0.0,-0.000192,0.0,0.0,0.0,0.010658,
0.0,4.485497,0.887566,-0.000066,0.0,1.570796,0.0,0.009827,-0.003661,0.0,0.0,0.0,-0.060496,-0.024415,0.000488,0.139644,-0.045174,0.024354,-0.124423,0.025697,0.00647,0.249578,-0.056413,-0.02411,-0.073515,0.174482,0.0,-0.047804,-0.0,0.0,0.0,-0.064887,-0.174482,0.0,-0.000183,0.0,0.0,0.0,0.0,0.0,-0.0,0.0,-0.0,0.0,-0.0,0.0,0.0,0.001953,-0.004883,0.0,0.000192,0.0,0.000064,0.0,-0.000064,0.0,-0.000192,0.0,0.0,0.0,0.010804,
0.0,4.485577,0.887549,-0.000066,0.0,1.570796,0.0,0.008026,-0.001693,0.0,0.0,0.0,-0.060387,-0.024415,0.000396,0.139718,-0.045925,0.024336,-0.1269,0.025697,0.006396,0.254656,-0.058135,-0.02411,-0.075934,0.174482,-0.0,-0.049526,0.0,0.0,0.0,-0.063293,-0.174482,-0.0,-0.000183,0.0,0.0,0.0,0.0,0.0,0.0,0.0,0.0,0.0,0.0,0.0,0.0,0.001953,-0.004883,0.0,0.000192,0.0,0.000064,0.0,-0.000064,0.0,-0.000192,0.0,-0.0,0.0,0.011006,
0.0,4.485657,0.887532,-0.000066,0.0,1.570796,-0.0,0.007996,-0.001686,0.0,0.0,0.0,-0.060277,-0.024415,0.000305,0.139791,-0.046676,0.024318,-0.129377,0.025697,0.006323,0.259733,-0.059857,-0.02411,-0.078353,0.174482,0.0,-0.051248,0.0,0.0,0.0,-0.061699,-0.174482,-0.0,-0.000183,0.0,0.0,0.0,0.0,0.0,0.0,0.0,0.0,0.0,0.0,0.0,0.0,0.001953,-0.004883,0.0,0.000192,0.0,0.000064,0.0,-0.000064,0.0,-0.000192,0.0,0.0,0.0,0.011207,
0.0,4.485737,0.887515,-0.000066,0.0,1.570796,0.0,0.008026,-0.001693,0.0,0.0,0.0,-0.060167,-0.024415,0.000213,0.139865,-0.047427,0.024299,-0.131855,0.025697,0.00625,0.264811,-0.061579,-0.02411,-0.080772,0.174482,0.0,-0.052969,0.0,0.0,0.0,-0.060105,-0.174482,0.0,-0.000183,0.0,0.0,0.0,0.0,0.0,-0.0,0.0,-0.0,0.0,0.0,0.0,-0.0,0.001953,-0.004883,0.0,0.000192,0.0,0.000064,0.0,-0.000064,0.0,-0.000192,0.0,0.0,0.0,0.011409,
0.0,4.485806,0.887507,-0.000066,0.0,1.570796,0.0,0.006867,-0.000785,0.0,0.0,0.0,-0.060131,-0.024415,0.000183,0.139889,-0.04749,0.024281,-0.133396,0.025697,0.006226,0.268069,-0.062478,-0.02411,-0.082613,0.174482,0.0,-0.05431,0.0,0.0,0.0,-0.058917,-0.174482,0.0,-0.000183,-0.0,0.0,0.0,0.0,0.0,0.0,-0.0,0.0,0.0,0.0,0.0,-0.0,0.001953,-0.004883,0.0,0.000192,0.0,0.000064,0.0,-0.000064,0.0,-0.000192,0.0,0.0,0.0,0.011672,
0.0,4.485869,0.887504,-0.000066,0.0,1.570796,0.0,0.006317,-0.000351,0.0,0.0,0.0,-0.060131,-0.024415,0.000183,0.139889,-0.047215,0.024263,-0.134479,0.025697,0.006226,0.270435,-0.062972,-0.02411,-0.084171,0.174482,0.0,-0.055464,-0.0,-0.0,0.0,-0.057928,-0.174482,-0.0,-0.000183,0.0,0.0,0.0,0.0,-0.0,-0.0,0.0,-0.0,0.0,0.0,0.0,0.0,0.001953,-0.004883,0.0,0.000192,0.0,0.000064,0.0,-0.000064,0.0,-0.000192,0.0,-0.0,0.0,0.011965,
0.0,4.485932,0.8875,-0.000066,0.0,1.570796,0.0,0.006317,-0.000343,0.0,0.0,0.0,-0.060131,-0.024415,0.000183,0.139889,-0.046941,0.024244,-0.135562,0.025697,0.006226,0.2728,-0.063467,-0.02411,-0.085729,0.174482,0.0,-0.056618,0.0,0.0,0.0,-0.056939,-0.174482,0.0,-0.000183,0.0,0.0,0.0,0.0,0.0,-0.0,0.0,0.0,0.0,0.0,0.0,0.0,0.001953,-0.004883,0.0,0.000192,0.0,0.000064,0.0,-0.000064,0.0,-0.000192,0.0,0.0,0.0,0.012258,
0.0,4.48599,0.887497,-0.000066,0.0,1.570796,0.0,0.005768,-0.000282,0.0,0.0,0.0,-0.060186,-0.024415,0.00022,0.139889,-0.046406,0.024232,-0.136577,0.025697,0.006226,0.275085,-0.063962,-0.02411,-0.086996,0.174482,0.0,-0.057574,-0.0,0.0,0.0,-0.056147,-0.174482,0.0,-0.000183,-0.0,0.0,0.0,0.0,0.0,0.0,0.0,0.0,0.0,-0.0,0.0,0.0,0.001953,-0.004883,0.0,0.000192,0.0,0.000064,0.0,-0.000064,0.0,-0.000192,0.0,0.0,0.0,0.012569,
0.0,4.486037,0.887496,-0.000066,0.0,1.570796,-0.0,0.00473,-0.000168,0.0,0.0,0.0,-0.060351,-0.024415,0.00033,0.139889,-0.045362,0.024232,-0.137458,0.025697,0.006226,0.277211,-0.064456,-0.02411,-0.087693,0.174482,0.0,-0.058142,0.0,0.0,-0.0,-0.055744,-0.174482,0.0,-0.000183,0.0,0.0,0.0,-0.0,0.0,0.0,0.0,0.0,0.0,-0.0,0.0,0.0,0.001953,-0.004883,0.0,0.000192,0.0,0.000064,0.0,-0.000064,0.0,-0.000192,0.0,0.0,0.0,0.012917,
0.0,4.486084,0.887494,-0.000066,0.0,1.570796,0.0,0.00473,-0.00016,0.0,0.0,0.0,-0.060516,-0.024415,0.00044,0.139889,-0.044318,0.024232,-0.138339,0.025697,0.006226,0.279337,-0.064951,-0.02411,-0.088389,0.174482,-0.0,-0.05871,-0.0,0.0,0.0,-0.055341,-0.174482,0.0,-0.000183,-0.0,0.0,0.0,0.0,0.0,0.0,0.0,0.0,0.0,0.0,0.0,-0.0,0.001953,-0.004883,0.0,0.000192,0.0,0.000064,0.0,-0.000064,0.0,-0.000192,0.0,-0.0,0.0,0.013265,
-0.0,4.486131,0.887492,-0.000066,0.0,1.570796,-0.0,0.0047,-0.000183,0.0,0.0,0.0,-0.060685,-0.024415,0.000549,0.139896,-0.043276,0.024232,-0.139221,0.025698,0.006225,0.281465,-0.065447,-0.02411,-0.089083,0.174482,0.0,-0.059276,-0.0,-0.0,-0.0,-0.054942,-0.174482,0.0,-0.000183,0.0,0.0,0.0,0.0,-0.0,0.0,0.0,-0.0,0.0,-0.0,0.0,0.0,0.001953,-0.004883,0.0,0.000192,0.0,0.000064,0.0,-0.000064,0.0,-0.000192,0.0,-0.0,0.0,0.013613,
0.0,4.486164,0.88745,-0.000066,0.0,1.570796,0.0,0.003266,-0.004211,0.0,0.0,0.0,-0.061766,-0.024415,0.000549,0.141493,-0.042598,0.024232,-0.140304,0.025771,0.006152,0.283963,-0.066345,-0.02411,-0.089285,0.174482,0.0,-0.059423,0.0,0.0,0.0,-0.055363,-0.174482,0.0,-0.000183,0.0,0.0,0.0,0.0,0.0,0.0,0.0,0.0,0.0,-0.0,0.0,-0.0,0.001953,-0.004883,0.0,0.000192,0.0,0.000064,0.0,-0.000064,0.0,-0.000192,0.0,0.0,0.0,0.013979,
-0.0,4.486196,0.887408,-0.000066,0.0,1.570796,-0.0,0.003235,-0.004204,0.0,0.0,0.0,-0.062847,-0.024415,0.000549,0.14309,-0.04192,0.024232,-0.141387,0.025844,0.006079,0.28646,-0.067243,-0.02411,-0.089487,0.174482,0.0,-0.059569,0.0,0.0,0.0,-0.055785,-0.174482,0.0,-0.000183,0.0,0.0,0.0,-0.0,0.0,0.0,-0.0,0.0,0.0,0.0,0.0,0.0,0.001953,-0.004883,0.0,0.000192,0.0,0.000064,0.0,-0.000064,0.0,-0.000192,0.0,0.0,0.0,0.014345,
0.0,4.486228,0.887366,-0.000066,0.0,1.570796,0.0,0.003235,-0.004211,0.0,0.0,0.0,-0.063928,-0.024415,0.000549,0.144687,-0.041243,0.024232,-0.14247,0.025917,0.006006,0.288958,-0.068141,-0.02411,-0.089688,0.174482,-0.0,-0.059716,0.0,-0.0,0.0,-0.056206,-0.174482,-0.0,-0.000183,0.0,0.0,0.0,-0.0,-0.0,-0.0,0.0,0.0,0.0,-0.0,0.0,-0.0,0.001953,-0.004883,0.0,0.000192,-0.0,0.000064,0.0,-0.000064,0.0,-0.000192,0.0,0.0,0.0,0.014712,
0.0,4.486252,0.887316,-0.000066,0.0,1.570796,0.0,0.00232,-0.004967,0.0,0.0,0.0,-0.067284,-0.024415,0.000672,0.15081,-0.043184,0.024232,-0.143233,0.025941,0.005982,0.29086,-0.068952,-0.02411,-0.089816,0.174482,-0.0,-0.059764,0.0,0.0,0.0,-0.056849,-0.174482,0.0,-0.000306,0.0,0.0,0.0,-0.0,0.0,-0.0,-0.0,-0.0,-0.0,0.0,0.0,0.0,0.001953,-0.004883,0.0,0.000192,0.0,0.000064,0.0,-0.000064,0.0,-0.000192,0.0,0.0,0.0,0.014881,
0.0,4.48627,0.887263,-0.000066,0.0,1.570796,0.0,0.001862,-0.005333,0.0,0.0,0.0,-0.071755,-0.024415,0.000855,0.15915,-0.046407,0.024232,-0.143838,0.025941,0.005982,0.29247,-0.069722,-0.02411,-0.089908,0.174482,0.0,-0.059764,0.0,0.0,0.0,-0.0576,-0.174482,0.0,-0.000489,-0.0,0.0,0.0,-0.0,0.0,0.0,0.0,-0.0,0.0,-0.0,0.0,0.0,0.001953,-0.004883,0.0,0.000192,0.0,0.000064,0.0,-0.000064,0.0,-0.000192,0.0,-0.0,0.0,0.014955,
0.0,4.486289,0.88721,-0.000066,0.0,1.570796,-0.0,0.001862,-0.00534,0.0,0.0,0.0,-0.076226,-0.024415,0.001038,0.16749,-0.049631,0.024232,-0.144444,0.025941,0.005982,0.29408,-0.070491,-0.02411,-0.089999,0.174482,0.0,-0.059764,0.0,0.0,0.0,-0.058351,-0.174482,0.0,-0.000672,0.0,0.0,0.0,0.0,0.0,-0.0,0.0,0.0,0.0,0.0,0.0,-0.0,0.001953,-0.004883,0.0,0.000192,0.0,0.000064,0.0,-0.000064,0.0,-0.000192,0.0,0.0,0.0,0.015028,
-0.0,4.486304,0.887156,-0.000066,0.0,1.570796,-0.0,0.001465,-0.005356,0.0,0.0,0.0,-0.079916,-0.024415,0.001172,0.174372,-0.052316,0.024232,-0.144951,0.025941,0.005982,0.295434,-0.071128,-0.02411,-0.09006,0.174482,0.0,-0.059733,0.0,0.0,0.0,-0.059114,-0.174482,-0.0,-0.000936,0.0,0.0,0.0,-0.0,0.0,0.0,-0.0,-0.0,0.0,-0.0,0.0,0.0,0.001953,-0.004883,0.0,0.000192,0.0,0.000064,0.0,-0.000064,0.0,-0.000192,0.0,0.0,0.0,0.014996,
0.0,4.48631,0.887102,-0.000066,0.0,1.570796,0.0,0.00058,-0.005409,0.0,0.0,0.0,-0.082079,-0.024415,0.001209,0.178399,-0.053946,0.024232,-0.145263,0.025941,0.005982,0.296286,-0.071504,-0.02411,-0.09006,0.174482,0.0,-0.059642,0.0,0.0,0.0,-0.059902,-0.174482,0.0,-0.001357,0.0,0.0,0.0,-0.0,0.0,-0.0,0.0,0.0,0.0,0.0,0.0,-0.0,0.001953,-0.004883,0.0,0.000192,-0.0,0.000064,0.0,-0.000064,0.0,-0.000192,0.0,-0.0,0.0,0.014758,
0.0,4.486316,0.887048,-0.000066,0.0,1.570796,0.0,0.000611,-0.005402,0.0,0.0,0.0,-0.084242,-0.024415,0.001245,0.182425,-0.055577,0.024232,-0.145575,0.025941,0.005982,0.297138,-0.071879,-0.02411,-0.09006,0.174482,0.0,-0.05955,0.0,0.0,0.0,-0.06069,-0.174482,-0.0,-0.001778,-0.0,0.0,0.0,0.0,0.0,-0.0,0.0,-0.0,0.0,-0.0,0.0,-0.0,0.001953,-0.004883,0.0,0.000192,0.0,0.000064,0.0,-0.000064,0.0,-0.000192,0.0,0.0,0.0,0.01452,
0.0,4.486321,0.886994,-0.000066,0.0,1.570796,-0.0,0.00058,-0.005394,0.0,0.0,0.0,-0.086399,-0.024415,0.001282,0.186441,-0.057203,0.024232,-0.145888,0.025941,0.005982,0.29799,-0.072255,-0.02411,-0.090058,0.174482,0.0,-0.059457,-0.0,0.0,0.0,-0.061475,-0.174482,0.0,-0.002197,0.0,0.0,0.0,0.0,0.0,0.0,0.0,0.0,0.0,0.0,0.0,-0.0,0.001953,-0.004883,0.0,0.000192,0.0,0.000064,0.0,-0.000064,0.0,-0.000192,0.0,0.0,0.0,0.014282,
0.0,4.486321,0.886955,-0.000066,0.0,1.570796,0.0,0.0,-0.003899,0.0,0.0,0.0,-0.087333,-0.024415,0.001319,0.188207,-0.058046,0.024232,-0.146421,0.025941,0.005982,0.299046,-0.07263,-0.02411,-0.089636,0.174482,-0.0,-0.059072,0.0,0.0,0.0,-0.061732,-0.174482,0.0,-0.002197,0.0,0.0,0.0,0.0,0.0,0.0,0.0,0.0,0.0,0.0,0.0,0.0,0.001953,-0.004883,0.0,0.000192,-0.0,0.000064,0.0,-0.000064,0.0,-0.000192,0.0,0.0,0.0,0.014025,
0.0,4.486321,0.886916,-0.000066,0.0,1.570796,0.0,0.0,-0.003891,0.0,0.0,0.0,-0.088268,-0.024415,0.001355,0.189973,-0.058889,0.024232,-0.146953,0.025941,0.005982,0.300101,-0.073006,-0.02411,-0.089215,0.174482,-0.0,-0.058688,0.0,0.0,0.0,-0.061988,-0.174482,-0.0,-0.002197,0.0,0.0,0.0,0.0,0.0,-0.0,0.0,-0.0,0.0,-0.0,0.0,0.0,0.001953,-0.004883,0.0,0.000192,0.0,0.000064,0.0,-0.000064,0.0,-0.000192,0.0,-0.0,0.0,0.013769,
0.0,4.486321,0.886877,-0.000066,0.0,1.570796,0.0,0.0,-0.003899,0.0,0.0,0.0,-0.089203,-0.024415,0.001392,0.191739,-0.059732,0.024232,-0.147486,0.025941,0.005982,0.301157,-0.073382,-0.02411,-0.088793,0.174482,0.0,-0.058303,-0.0,0.0,0.0,-0.062245,-0.174482,0.0,-0.002197,-0.0,0.0,0.0,0.0,0.0,-0.0,0.0,-0.0,0.0,-0.0,0.0,-0.0,0.001953,-0.004883,-0.0,0.000192,0.0,0.000064,0.0,-0.000064,0.0,-0.000192,0.0,0.0,0.0,0.013512,
0.0,4.486321,0.886838,-0.000066,0.0,1.570796,0.0,0.0,-0.003891,0.0,0.0,0.0,-0.089633,-0.024415,0.001404,0.192628,-0.060187,0.024232,-0.148265,0.025941,0.005932,0.302636,-0.073954,-0.02411,-0.088273,0.174482,0.0,-0.057894,0.0,0.0,0.0,-0.062378,-0.174482,0.0,-0.002136,0.0,0.0,0.0,0.0,0.0,0.0,0.0,-0.0,0.0,0.0,0.0,0.0,0.001953,-0.004883,0.0,0.000192,0.0,0.000064,0.0,-0.000064,0.0,-0.000192,0.0,-0.0,0.0,0.013268,
0.0,4.486321,0.886799,-0.000066,0.0,1.570796,0.0,0.0,-0.003891,0.0,0.0,0.0,-0.089817,-0.024415,0.001404,0.193087,-0.060452,0.024232,-0.149164,0.025941,0.005859,0.304322,-0.074623,-0.02411,-0.087705,0.174482,0.0,-0.057472,0.0,0.0,0.0,-0.062451,-0.174482,-0.0,-0.002044,0.0,0.0,0.0,0.0,0.0,-0.0,0.0,-0.0,-0.0,-0.0,0.0,-0.0,0.001953,-0.004883,0.0,0.000192,0.0,0.000064,0.0,-0.000064,0.0,-0.000192,0.0,0.0,0.0,0.01303,
0.0,4.486321,0.88676,-0.000066,0.0,1.570796,0.0,0.0,-0.003899,0.0,0.0,0.0,-0.09,-0.024415,0.001404,0.193547,-0.060718,0.024232,-0.150064,0.025941,0.005786,0.306007,-0.075292,-0.02411,-0.087137,0.174482,0.0,-0.057051,-0.0,0.0,0.0,-0.062525,-0.174482,0.0,-0.001953,0.0,0.0,0.0,0.0,0.0,-0.0,0.0,0.0,0.0,0.0,0.0,0.0,0.001953,-0.004883,0.0,0.000192,0.0,0.000064,0.0,-0.000064,0.0,-0.000192,0.0,0.0,0.0,0.012792,
-0.0,4.486321,0.886721,-0.000066,0.0,1.570796,-0.0,0.0,-0.003891,0.0,0.0,0.0,-0.090121,-0.024415,0.001404,0.193939,-0.060984,0.024232,-0.15102,0.025941,0.005737,0.307769,-0.075961,-0.02411,-0.086556,0.174482,0.0,-0.056636,0.0,0.0,0.0,-0.062598,-0.174482,0.0,-0.001874,-0.0,0.0,0.0,0.0,0.0,0.0,0.0,0.0,0.0,0.0,0.0,0.0,0.001953,-0.004883,0.0,0.000192,-0.0,0.000064,0.0,-0.000064,0.0,-0.000192,0.0,-0.0,0.0,0.012567,
0.0,4.486321,0.886682,-0.000066,0.0,1.570796,0.0,0.0,-0.003899,0.0,0.0,0.0,-0.090121,-0.024415,0.001404,0.194196,-0.061249,0.024232,-0.152085,0.025941,0.005737,0.309678,-0.07663,-0.02411,-0.085951,0.174482,0.0,-0.056233,0.0,0.0,0.0,-0.062671,-0.174482,0.0,-0.001819,0.0,0.0,0.0,-0.0,0.0,0.0,0.0,0.0,0.0,0.0,0.0,0.0,0.001953,-0.004883,0.0,0.000192,0.0,0.000064,0.0,-0.000064,0.0,-0.000192,0.0,-0.0,0.0,0.012365,
0.0,4.486321,0.886644,-0.000066,0.0,1.570796,0.0,0.0,-0.003891,0.0,0.0,0.0,-0.090121,-0.024415,0.001404,0.194454,-0.061515,0.024232,-0.15315,0.025941,0.005737,0.311587,-0.077298,-0.02411,-0.085347,0.174482,0.0,-0.05583,0.0,0.0,0.0,-0.062745,-0.174482,0.0,-0.001764,0.0,0.0,0.0,0.0,0.0,0.0,0.0,-0.0,0.0,-0.0,0.0,0.0,0.001953,-0.004883,0.0,0.000192,0.0,0.000064,0.0,-0.000064,0.0,-0.000192,0.0,0.0,0.0,0.012164,
0.0,4.486321,0.886604,-0.000066,0.0,1.570796,0.0,0.0,-0.003906,0.0,0.0,0.0,-0.090123,-0.024415,0.001404,0.194715,-0.061783,0.024232,-0.154216,0.025941,0.005737,0.313497,-0.077968,-0.02411,-0.084742,0.174482,0.0,-0.055427,0.0,0.0,0.0,-0.06282,-0.174482,0.0,-0.00171,0.0,0.0,0.0,0.0,0.0,0.0,0.0,0.0,0.0,0.0,0.0,-0.0,0.001953,-0.004883,0.0,0.000192,0.0,0.000064,0.0,-0.000064,0.0,-0.000192,0.0,0.0,0.0,0.011963,
0.0,4.486321,0.88655,-0.000066,0.0,1.570796,0.0,0.0,-0.005417,0.0,0.0,0.0,-0.090545,-0.024415,0.001477,0.195672,-0.062485,0.024232,-0.155484,0.025941,0.005737,0.315741,-0.078719,-0.02411,-0.084137,0.174482,0.0,-0.055097,0.0,0.0,0.0,-0.063287,-0.174482,0.0,-0.001856,0.0,0.0,0.0,0.0,0.0,0.0,0.0,-0.0,0.0,0.0,0.0,-0.0,0.001953,-0.004883,0.0,0.000192,0.0,0.000064,0.0,-0.000064,0.0,-0.000192,0.0,0.0,0.0,0.011853,
0.0,4.486321,0.886496,-0.000066,0.0,1.570796,0.0,0.0,-0.005417,0.0,0.0,0.0,-0.090966,-0.024415,0.001551,0.196629,-0.063187,0.024232,-0.156751,0.025941,0.005737,0.317985,-0.07947,-0.02411,-0.083532,0.174482,0.0,-0.054768,-0.0,0.0,-0.0,-0.063754,-0.174482,0.0,-0.002003,-0.0,0.0,0.0,0.0,0.0,0.0,0.0,-0.0,0.0,0.0,0.0,0.0,0.001953,-0.004883,0.0,0.000192,0.0,0.000064,0.0,-0.000064,0.0,-0.000192,0.0,0.0,0.0,0.011743,
0.0,4.486321,0.886442,-0.000066,0.0,1.570796,0.0,0.0,-0.005424,0.0,0.0,0.0,-0.091388,-0.024415,0.001624,0.197585,-0.06389,0.024232,-0.158019,0.025941,0.005737,0.320229,-0.080222,-0.02411,-0.082927,0.174482,0.0,-0.054438,-0.0,0.0,-0.0,-0.064221,-0.174482,0.0,-0.002149,-0.0,0.0,0.0,0.0,0.0,-0.0,0.0,-0.0,0.0,-0.0,0.0,-0.0,0.001953,-0.004883,0.0,0.000192,0.0,0.000064,0.0,-0.000064,0.0,-0.000192,0.0,0.0,0.0,0.011633,
0.0,4.486321,0.886388,-0.000066,0.0,1.570796,0.0,0.0,-0.005417,0.0,0.0,0.0,-0.091711,-0.024415,0.001648,0.198394,-0.064592,0.024232,-0.158965,0.025941,0.005688,0.321875,-0.080776,-0.02411,-0.082286,0.174482,0.0,-0.054034,-0.0,0.0,0.0,-0.064688,-0.174482,0.0,-0.00232,0.0,0.0,0.0,0.0,0.0,0.0,0.0,0.0,0.0,0.0,0.0,-0.0,0.001953,-0.004883,0.0,0.000192,0.0,0.000064,0.0,-0.000064,0.0,-0.000192,0.0,0.0,0.0,0.011474,
0.0,4.486321,0.886333,-0.000066,0.0,1.570796,0.0,0.0,-0.005424,0.0,0.0,0.0,-0.091986,-0.024415,0.001648,0.19913,-0.065294,0.024232,-0.159755,0.025941,0.005615,0.32323,-0.081234,-0.02411,-0.081626,0.174482,0.0,-0.053595,0.0,0.0,0.0,-0.065156,-0.174482,0.0,-0.002503,0.0,0.0,0.0,-0.0,0.0,0.0,0.0,0.0,-0.0,0.0,0.0,-0.0,0.001953,-0.004883,0.0,0.000192,0.0,0.000064,0.0,-0.000064,0.0,-0.000192,0.0,0.0,0.0,0.011291,
0.0,4.486321,0.886279,-0.000066,0.0,1.570796,0.0,0.0,-0.005417,0.0,0.0,0.0,-0.092261,-0.024415,0.001648,0.199866,-0.065997,0.024232,-0.160545,0.025941,0.005542,0.324584,-0.081693,-0.02411,-0.080966,0.174482,0.0,-0.053155,0.0,0.0,0.0,-0.065623,-0.174482,-0.0,-0.002687,0.0,0.0,0.0,-0.0,0.0,-0.0,0.0,0.0,0.0,-0.0,0.0,-0.0,0.001953,-0.004883,0.0,0.000192,0.0,0.000064,0.0,-0.000064,0.0,-0.000192,0.0,0.0,0.0,0.011108,
0.0,4.486321,0.886225,-0.000066,0.0,1.570796,0.0,0.0,-0.005417,0.0,0.0,0.0,-0.092536,-0.024415,0.001648,0.200615,-0.066699,0.024232,-0.161254,0.025941,0.005493,0.325794,-0.082129,-0.02411,-0.080269,0.174482,0.0,-0.052691,-0.0,0.0,0.0,-0.066081,-0.174482,0.0,-0.002863,0.0,0.0,0.0,0.0,0.0,0.0,0.0,-0.0,0.0,-0.0,0.0,-0.0,0.001953,-0.004883,0.0,0.000192,0.0,0.000064,0.0,-0.000064,0.0,-0.000192,0.0,0.0,0.0,0.0109,
0.0,4.486321,0.886171,-0.000066,0.0,1.570796,0.0,0.0,-0.005424,0.0,0.0,0.0,-0.092811,-0.024415,0.001648,0.201388,-0.067401,0.024232,-0.161805,0.025941,0.005493,0.326722,-0.082523,-0.02411,-0.079499,0.174482,0.0,-0.052178,0.0,0.0,0.0,-0.06652,-0.174482,0.0,-0.003028,0.0,0.0,0.0,0.0,0.0,0.0,0.0,0.0,0.0,0.0,0.0,-0.0,0.001953,-0.004883,0.0,0.000192,0.0,0.000064,0.0,-0.000064,0.0,-0.000192,0.0,0.0,0.0,0.010644,
0.0,4.486321,0.886117,-0.000066,0.0,1.570796,0.0,0.0,-0.005417,0.0,0.0,0.0,-0.093086,-0.024415,0.001648,0.202161,-0.068104,0.024232,-0.162356,0.025941,0.005493,0.32765,-0.082917,-0.02411,-0.07873,0.174482,0.0,-0.051665,-0.0,0.0,0.0,-0.06696,-0.174482,0.0,-0.003193,0.0,0.0,0.0,0.0,0.0,-0.0,0.0,-0.0,0.0,-0.0,0.0,0.0,0.001953,-0.004883,0.0,0.000192,0.0,0.000064,0.0,-0.000064,0.0,-0.000192,0.0,0.0,0.0,0.010387,
0.0,4.486321,0.886062,-0.000066,0.0,1.570796,0.0,0.0,-0.005424,0.0,0.0,0.0,-0.093362,-0.024415,0.001648,0.202936,-0.068807,0.024232,-0.162907,0.025941,0.005493,0.328577,-0.083311,-0.02411,-0.077961,0.174482,0.0,-0.051153,-0.0,0.0,0.0,-0.0674,-0.174482,0.0,-0.003358,0.0,0.0,0.0,0.0,0.0,0.0,0.0,-0.0,0.0,0.0,0.0,0.0,0.001953,-0.004883,0.0,0.000192,0.0,0.000064,0.0,-0.000064,0.0,-0.000192,0.0,-0.0,0.0,0.010131,
0.0,4.486321,0.886008,-0.000066,0.0,1.570796,0.0,0.0,-0.005417,0.0,0.0,0.0,-0.093875,-0.024415,0.001722,0.204077,-0.069668,0.024232,-0.16333,0.025941,0.005493,0.329282,-0.083705,-0.02411,-0.077467,0.174482,0.0,-0.050768,-0.0,0.0,0.0,-0.067803,-0.174482,0.0,-0.003569,0.0,0.0,0.0,0.0,0.0,-0.0,0.0,-0.0,0.0,0.0,0.0,-0.0,0.001953,-0.004883,0.0,0.000192,0.0,0.000064,0.0,-0.000064,0.0,-0.000192,0.0,-0.0,0.0,0.009948,
-0.0,4.486321,0.885954,-0.000066,0.0,1.570796,-0.0,0.0,-0.005417,0.0,0.0,0.0,-0.094389,-0.024415,0.001795,0.205218,-0.070529,0.024232,-0.163752,0.025941,0.005493,0.329988,-0.084099,-0.02411,-0.076972,0.174482,0.0,-0.050383,0.0,0.0,0.0,-0.068206,-0.174482,0.0,-0.003779,0.0,0.0,0.0,-0.0,0.0,0.0,0.0,0.0,0.0,0.0,0.0,0.0,0.001953,-0.004883,0.0,0.000192,0.0,0.000064,0.0,-0.000064,0.0,-0.000192,0.0,0.0,0.0,0.009765,
0.0,4.486321,0.8859,-0.000066,0.0,1.570796,0.0,0.0,-0.005424,0.0,0.0,0.0,-0.094902,-0.024415,0.001868,0.20636,-0.07139,0.024232,-0.164175,0.025941,0.005493,0.330693,-0.084493,-0.02411,-0.076477,0.174482,-0.0,-0.049999,-0.0,0.0,0.0,-0.068609,-0.174482,0.0,-0.00399,0.0,0.0,0.0,0.0,0.0,0.0,0.0,-0.0,0.0,-0.0,0.0,-0.0,0.001953,-0.004883,0.0,0.000192,0.0,0.000064,0.0,-0.000064,0.0,-0.000192,0.0,-0.0,0.0,0.009582,
0.0,4.486321,0.88585,-0.000066,0.0,1.570796,0.0,0.0,-0.004944,0.0,0.0,0.0,-0.09507,-0.024415,0.001892,0.206907,-0.071931,0.024232,-0.1644,0.025941,0.005493,0.331037,-0.084749,-0.02411,-0.076105,0.174482,-0.0,-0.049712,0.0,0.0,0.0,-0.069074,-0.174482,0.0,-0.0042,0.0,0.0,0.0,-0.0,0.0,-0.0,0.0,0.0,0.0,0.0,0.0,0.0,0.001953,-0.004883,0.0,0.000192,0.0,0.000064,0.0,-0.000064,0.0,-0.000192,0.0,-0.0,0.0,0.00946,
0.0,4.486321,0.885803,-0.000066,0.0,1.570796,0.0,0.0,-0.004723,0.0,0.0,0.0,-0.09507,-0.024415,0.001892,0.207165,-0.072316,0.024232,-0.164528,0.025941,0.005493,0.331204,-0.084937,-0.02411,-0.075794,0.174482,-0.0,-0.049474,0.0,0.0,0.0,-0.069568,-0.174482,0.0,-0.004411,0.0,0.0,0.0,0.0,0.0,-0.0,0.0,-0.0,0.0,-0.0,0.0,-0.0,0.001953,-0.004883,0.0,0.000192,0.0,0.000064,0.0,-0.000064,0.0,-0.000192,0.0,0.0,0.0,0.009369,
0.0,4.486321,0.885756,-0.000066,0.0,1.570796,-0.0,0.0,-0.004715,0.0,0.0,0.0,-0.09507,-0.024415,0.001892,0.207423,-0.072701,0.024232,-0.164657,0.025941,0.005493,0.331371,-0.085125,-0.02411,-0.075482,0.174482,-0.0,-0.049236,-0.0,0.0,0.0,-0.070063,-0.174482,0.0,-0.004622,0.0,0.0,0.0,0.0,0.0,-0.0,0.0,-0.0,0.0,-0.0,0.0,0.0,0.001953,-0.004883,0.0,0.000192,0.0,0.000064,0.0,-0.000064,0.0,-0.000192,0.0,0.0,0.0,0.009277,
0.0,4.486321,0.885713,-0.000066,0.0,1.570796,0.0,0.0,-0.004356,0.0,0.0,0.0,-0.095114,-0.024415,0.001892,0.207693,-0.073086,0.024232,-0.164786,0.025941,0.005493,0.331557,-0.085312,-0.02411,-0.075227,0.174482,-0.0,-0.049048,-0.0,0.0,0.0,-0.070558,-0.174482,0.0,-0.004823,0.0,0.0,0.0,0.0,0.0,-0.0,0.0,-0.0,0.0,0.0,0.0,-0.0,0.001953,-0.004883,0.0,0.000192,0.0,0.000064,0.0,-0.000064,0.0,-0.000192,0.0,0.0,0.0,0.009192,
0.0,4.486321,0.885676,-0.000066,0.0,1.570796,0.0,0.0,-0.003647,0.0,0.0,0.0,-0.095242,-0.024415,0.001892,0.207988,-0.073471,0.024232,-0.164914,0.025941,0.005493,0.33178,-0.0855,-0.02411,-0.07508,0.174482,0.0,-0.048956,0.0,0.0,0.0,-0.071052,-0.174482,0.0,-0.005006,0.0,0.0,0.0,0.0,0.0,-0.0,0.0,-0.0,0.0,0.0,0.0,0.0,0.001953,-0.004883,0.0,0.000192,0.0,0.000064,0.0,-0.000064,0.0,-0.000192,0.0,0.0,0.0,0.009119,
0.0,4.486321,0.88564,-0.000066,0.0,1.570796,0.0,0.0,-0.003647,0.0,0.0,0.0,-0.095371,-0.024415,0.001892,0.208282,-0.073855,0.024232,-0.165043,0.025941,0.005493,0.332003,-0.085688,-0.02411,-0.074934,0.174482,0.0,-0.048865,-0.0,0.0,0.0,-0.071547,-0.174482,-0.0,-0.005189,0.0,0.0,0.0,0.0,0.0,-0.0,0.0,-0.0,0.0,-0.0,0.0,-0.0,0.001953,-0.004883,0.0,0.000192,0.0,0.000064,0.0,-0.000064,0.0,-0.000192,0.0,0.0,0.0,0.009045,
0.0,4.486321,0.885603,-0.000066,0.0,1.570796,0.0,0.0,-0.003647,0.0,0.0,0.0,-0.095498,-0.024415,0.001892,0.208575,-0.074239,0.024232,-0.165171,0.025941,0.005493,0.332224,-0.085876,-0.02411,-0.074787,0.174482,0.0,-0.048773,0.0,0.0,0.0,-0.072041,-0.174482,0.0,-0.005372,0.0,0.0,0.0,0.0,0.0,-0.0,0.0,-0.0,0.0,0.0,0.0,-0.0,0.001953,-0.004883,0.0,0.000192,0.0,0.000064,0.0,-0.000064,0.0,-0.000192,0.0,-0.0,0.0,0.008972,
0.0,4.486321,0.885581,-0.000066,0.0,1.570796,0.0,0.0,-0.002197,0.0,0.0,0.0,-0.095498,-0.024415,0.001892,0.208575,-0.074335,0.024232,-0.165171,0.025941,0.005493,0.332224,-0.086064,-0.02411,-0.074714,0.174482,0.0,-0.048773,-0.0,0.0,0.0,-0.072352,-0.174482,0.0,-0.0055,0.0,0.0,0.0,0.0,0.0,-0.0,0.0,-0.0,0.0,0.0,0.0,0.0,0.001953,-0.004883,0.0,0.000192,0.0,0.000064,0.0,-0.000064,0.0,-0.000192,0.0,-0.0,0.0,0.008972,
0.0,4.486321,0.885559,-0.000066,0.0,1.570796,0.0,0.0,-0.002205,0.0,0.0,0.0,-0.095498,-0.024415,0.001892,0.208575,-0.074431,0.024232,-0.165171,0.025941,0.005493,0.332224,-0.086252,-0.02411,-0.074641,0.174482,-0.0,-0.048773,-0.0,0.0,0.0,-0.072664,-0.174482,0.0,-0.005628,0.0,0.0,0.0,0.0,0.0,-0.0,0.0,0.0,0.0,0.0,0.0,0.0,0.001953,-0.004883,0.0,0.000192,0.0,0.000064,0.0,-0.000064,0.0,-0.000192,0.0,-0.0,0.0,0.008972,
0.0,4.486321,0.885537,-0.000066,0.0,1.570796,-0.0,0.0,-0.002197,0.0,0.0,0.0,-0.095498,-0.024415,0.001892,0.208575,-0.074527,0.024232,-0.165171,0.025941,0.005493,0.332224,-0.08644,-0.02411,-0.074567,0.174482,-0.0,-0.048773,-0.0,0.0,0.0,-0.072975,-0.174482,0.0,-0.005756,0.0,0.0,0.0,0.0,0.0,-0.0,0.0,-0.0,0.0,0.0,0.0,0.0,0.001953,-0.004883,0.0,0.000192,0.0,0.000064,0.0,-0.000064,0.0,-0.000192,0.0,-0.0,0.0,0.008972,
0.0,4.486321,0.885519,-0.000066,0.0,1.570796,0.0,0.0,-0.001808,0.0,0.0,0.0,-0.095437,-0.024415,0.001892,0.208489,-0.074623,0.024232,-0.16522,0.025941,0.005493,0.332387,-0.086627,-0.02411,-0.074605,0.174482,-0.0,-0.048773,0.0,0.0,0.0,-0.073188,-0.174482,-0.0,-0.005885,0.0,0.0,0.0,-0.0,0.0,0.0,0.0,0.0,0.0,0.0,0.0,-0.0,0.001953,-0.004883,0.0,0.000192,0.0,0.000064,0.0,-0.000064,0.0,-0.000192,0.0,-0.0,0.0,0.008972,
0.0,4.486321,0.885503,-0.000066,0.0,1.570796,-0.0,0.0,-0.001602,0.0,0.0,0.0,-0.095345,-0.024415,0.001892,0.20836,-0.07472,0.024232,-0.165294,0.025941,0.005493,0.332628,-0.086815,-0.02411,-0.074697,0.174482,0.0,-0.048773,0.0,0.0,0.0,-0.073353,-0.174482,0.0,-0.006013,0.0,0.0,0.0,-0.0,0.0,-0.0,-0.0,-0.0,0.0,-0.0,0.0,-0.0,0.001953,-0.004883,0.0,0.000192,0.0,0.000064,0.0,-0.000064,0.0,-0.000192,0.0,-0.0,0.0,0.008972,
0.0,4.486321,0.885487,-0.000066,0.0,1.570796,0.0,0.0,-0.00161,0.0,0.0,0.0,-0.095253,-0.024415,0.001892,0.208231,-0.074816,0.024232,-0.165367,0.025941,0.005493,0.332869,-0.087003,-0.02411,-0.074788,0.174482,0.0,-0.048773,0.0,0.0,0.0,-0.073518,-0.174482,0.0,-0.006141,0.0,0.0,0.0,0.0,0.0,-0.0,0.0,-0.0,0.0,0.0,0.0,-0.0,0.001953,-0.004883,0.0,0.000192,0.0,0.000064,0.0,-0.000064,0.0,-0.000192,0.0,-0.0,0.0,0.008972,
0.0,4.486321,0.885471,-0.000066,0.0,1.570796,-0.0,0.0,-0.00161,0.0,0.0,0.0,-0.095193,-0.024415,0.001892,0.208177,-0.074912,0.024232,-0.165478,0.02596,0.005493,0.333155,-0.087216,-0.02411,-0.074936,0.174482,0.0,-0.048823,0.0,0.0,0.0,-0.073627,-0.174482,-0.0,-0.006269,0.0,0.0,0.0,0.0,0.0,-0.0,0.0,-0.0,0.0,0.0,0.0,-0.0,0.001953,-0.004883,0.0,0.000192,0.0,0.000064,0.0,-0.000064,0.0,-0.000192,0.0,0.0,0.0,0.009016,
0.0,4.486321,0.885455,-0.000066,0.0,1.570796,0.0,0.0,-0.00161,0.0,0.0,0.0,-0.095193,-0.024415,0.001892,0.208269,-0.075008,0.024232,-0.165662,0.026015,0.005493,0.333526,-0.087479,-0.02411,-0.075192,0.174482,0.0,-0.04897,-0.0,0.0,0.0,-0.073627,-0.174482,-0.0,-0.006397,0.0,0.0,0.0,0.0,0.0,-0.0,0.0,0.0,0.0,0.0,0.0,0.0,0.001953,-0.004883,0.0,0.000192,0.0,0.000064,0.0,-0.000064,0.0,-0.000192,0.0,0.0,0.0,0.009144,
0.0,4.486321,0.885439,-0.000066,0.0,1.570796,0.0,0.0,-0.001602,0.0,0.0,0.0,-0.095193,-0.024415,0.001892,0.208361,-0.075104,0.024232,-0.165845,0.02607,0.005493,0.333898,-0.087742,-0.02411,-0.075449,0.174482,0.0,-0.049116,0.0,0.0,0.0,-0.073627,-0.174482,0.0,-0.006526,0.0,0.0,0.0,-0.0,0.0,-0.0,0.0,-0.0,0.0,-0.0,0.0,-0.0,0.001953,-0.004883,0.0,0.000192,0.0,0.000064,0.0,-0.000064,0.0,-0.000192,0.0,0.0,0.0,0.009272,
0.0,4.486321,0.885422,-0.000066,0.0,1.570796,0.0,0.0,-0.001617,0.0,0.0,0.0,-0.095193,-0.024415,0.001892,0.208453,-0.075201,0.024232,-0.166029,0.026125,0.005493,0.334268,-0.088005,-0.02411,-0.075706,0.174482,0.0,-0.049263,0.0,0.0,0.0,-0.073628,-0.174482,0.0,-0.006654,0.0,0.0,0.0,0.0,0.0,-0.0,0.0,-0.0,0.0,-0.0,0.0,0.0,0.001953,-0.004883,0.0,0.000192,0.0,0.000064,0.0,-0.000064,0.0,-0.000192,0.0,-0.0,0.0,0.0094,
-0.0,4.486321,0.885396,-0.000066,0.0,1.570796,-0.0,0.0,-0.002686,0.0,0.0,0.0,-0.095322,-0.024415,0.001892,0.208619,-0.075297,0.024232,-0.166121,0.026125,0.005438,0.334547,-0.088267,-0.02411,-0.076091,0.174482,0.0,-0.049501,-0.0,0.0,0.0,-0.073719,-0.174482,0.0,-0.006764,0.0,0.0,0.0,0.0,0.0,-0.0,0.0,-0.0,0.0,-0.0,0.0,0.0,0.001953,-0.004883,0.0,0.000192,0.0,0.000064,0.0,-0.000064,0.0,-0.000192,0.0,-0.0,0.0,0.0094,
0.0,4.486321,0.885369,-0.000066,0.0,1.570796,0.0,0.0,-0.002693,0.0,0.0,0.0,-0.09545,-0.024415,0.001892,0.208785,-0.075393,0.024232,-0.166212,0.026125,0.005383,0.334826,-0.08853,-0.02411,-0.076476,0.174482,0.0,-0.049739,0.0,0.0,0.0,-0.073811,-0.174482,0.0,-0.006873,0.0,0.0,0.0,-0.0,0.0,0.0,0.0,-0.0,0.0,0.0,0.0,0.0,0.001953,-0.004883,0.0,0.000192,0.0,0.000064,0.0,-0.000064,0.0,-0.000192,0.0,-0.0,0.0,0.0094,
0.0,4.486321,0.885342,-0.000066,0.0,1.570796,0.0,0.0,-0.002686,0.0,0.0,0.0,-0.095578,-0.024415,0.001892,0.20895,-0.075489,0.024232,-0.166304,0.026125,0.005328,0.335104,-0.088793,-0.02411,-0.076861,0.174482,0.0,-0.049978,-0.0,0.0,0.0,-0.073903,-0.174482,-0.0,-0.006983,-0.0,0.0,0.0,0.0,0.0,0.0,-0.0,0.0,-0.0,-0.0,0.0,-0.0,0.001953,-0.004883,0.0,0.000192,0.0,0.000064,0.0,-0.000064,0.0,-0.000192,0.0,-0.0,0.0,0.0094,
0.0,4.486321,0.885315,-0.000066,0.0,1.570796,-0.0,0.0,-0.002686,0.0,0.0,0.0,-0.09562,-0.024415,0.001892,0.208943,-0.075632,0.024232,-0.166384,0.026125,0.00531,0.335333,-0.089055,-0.02411,-0.077208,0.174482,-0.0,-0.050191,0.0,0.0,0.0,-0.073834,-0.174482,-0.0,-0.007019,-0.0,-0.0,-0.0,-0.0,0.0,0.0,0.0,0.0,0.0,-0.0,0.0,-0.0,0.001953,-0.004883,0.0,0.000192,0.0,0.000064,0.0,-0.000064,0.0,-0.000192,0.0,-0.0,0.0,0.0094,
0.0,4.486321,0.885288,-0.000066,0.0,1.570796,0.0,0.0,-0.002693,0.0,0.0,0.0,-0.09562,-0.024415,0.001892,0.208851,-0.075797,0.024232,-0.166457,0.026125,0.00531,0.335537,-0.089318,-0.02411,-0.077538,0.174482,0.0,-0.050393,0.0,0.0,0.0,-0.073688,-0.174482,0.0,-0.007019,0.0,0.0,0.0,-0.0,0.0,0.0,0.0,0.0,0.0,0.0,0.0,0.0,0.001953,-0.004883,0.0,0.000192,0.0,0.000064,0.0,-0.000064,0.0,-0.000192,0.0,-0.0,0.0,0.0094,
0.0,4.486321,0.885261,-0.000066,0.0,1.570796,0.0,0.0,-0.002686,0.0,0.0,0.0,-0.09562,-0.024415,0.001892,0.208759,-0.075961,0.024232,-0.166531,0.026125,0.00531,0.335741,-0.089581,-0.02411,-0.077868,0.174482,0.0,-0.050594,-0.0,0.0,0.0,-0.073541,-0.174482,0.0,-0.007019,0.0,0.0,0.0,0.0,0.0,0.0,0.0,0.0,0.0,0.0,0.0,0.0,0.001953,-0.004883,0.0,0.000192,0.0,0.000064,0.0,-0.000064,0.0,-0.000192,0.0,-0.0,0.0,0.0094,
0.0,4.486321,0.885237,-0.000066,0.0,1.570796,-0.0,0.0,-0.002396,0.0,0.0,0.0,-0.095571,-0.024415,0.001892,0.208642,-0.07607,0.024232,-0.166579,0.026125,0.00531,0.335901,-0.08981,-0.02411,-0.078186,0.174482,0.0,-0.050783,0.0,0.0,0.0,-0.073351,-0.174482,0.0,-0.007019,-0.0,0.0,0.0,0.0,0.0,-0.0,0.0,-0.0,-0.0,0.0,0.0,0.0,0.001953,-0.004883,0.0,0.000192,0.0,0.000064,0.0,-0.000064,0.0,-0.000192,0.0,-0.0,0.0,0.009356,
0.0,4.486321,0.885219,-0.000066,0.0,1.570796,0.0,0.0,-0.001831,0.0,0.0,0.0,-0.095424,-0.024415,0.001892,0.208476,-0.07607,0.024232,-0.166579,0.026125,0.00531,0.335976,-0.089975,-0.02411,-0.078479,0.174482,0.0,-0.050948,-0.0,0.0,0.0,-0.073076,-0.174482,0.0,-0.007019,0.0,0.0,0.0,0.0,0.0,0.0,0.0,0.0,-0.0,0.0,-0.0,0.0,0.001953,-0.004883,0.0,0.000192,0.0,0.000064,0.0,-0.000064,0.0,-0.000192,0.0,0.0,0.0,0.009228,
0.0,4.486321,0.885201,-0.000066,0.0,1.570796,0.0,0.0,-0.001831,0.0,0.0,0.0,-0.095277,-0.024415,0.001892,0.20831,-0.07607,0.024232,-0.166579,0.026125,0.00531,0.33605,-0.09014,-0.02411,-0.078772,0.174482,0.0,-0.051113,-0.0,0.0,0.0,-0.072801,-0.174482,0.0,-0.007019,0.0,0.0,0.0,0.0,0.0,-0.0,0.0,0.0,0.0,0.0,0.0,0.0,0.001953,-0.004883,0.0,0.000192,0.0,0.000064,0.0,-0.000064,0.0,-0.000192,0.0,0.0,0.0,0.0091,
-0.0,4.486321,0.885182,-0.000066,0.0,1.570796,-0.0,0.0,-0.001823,0.0,0.0,0.0,-0.095132,-0.024415,0.001892,0.208146,-0.076071,0.024232,-0.166579,0.026125,0.00531,0.336124,-0.090305,-0.02411,-0.079065,0.174482,-0.0,-0.051278,-0.0,0.0,0.0,-0.072527,-0.174482,-0.0,-0.007019,-0.0,0.0,0.0,0.0,0.0,-0.0,0.0,0.0,0.0,0.0,0.0,0.0,0.001953,-0.004883,0.0,0.000192,-0.0,0.000064,0.0,-0.000064,0.0,-0.000192,0.0,0.0,0.0,0.008972,
0.0,4.486321,0.885176,-0.000066,0.0,1.570796,0.0,0.0,-0.000671,0.0,0.0,0.0,-0.095132,-0.024415,0.001892,0.208146,-0.076236,0.024232,-0.166579,0.026125,0.00531,0.336199,-0.090424,-0.02411,-0.079377,0.174482,0.0,-0.051479,0.0,0.0,0.0,-0.072325,-0.174482,0.0,-0.007019,-0.0,0.0,0.0,0.0,0.0,0.0,0.0,-0.0,0.0,0.0,0.0,0.0,0.001953,-0.004883,0.0,0.000192,0.0,0.000064,0.0,-0.000064,0.0,-0.000192,0.0,0.0,0.0,0.00888,
0.0,4.486321,0.885169,-0.000066,0.0,1.570796,0.0,0.0,-0.000679,0.0,0.0,0.0,-0.095132,-0.024415,0.001892,0.208146,-0.076401,0.024232,-0.166579,0.026125,0.00531,0.336273,-0.090543,-0.02411,-0.079688,0.174482,0.0,-0.051681,-0.0,0.0,0.0,-0.072124,-0.174482,0.0,-0.007019,0.0,0.0,0.0,0.0,0.0,0.0,0.0,-0.0,-0.0,0.0,0.0,0.0,0.001953,-0.004883,0.0,0.000192,0.0,0.000064,0.0,-0.000064,0.0,-0.000192,0.0,0.0,0.0,0.008789,
0.0,4.486321,0.885162,-0.000066,0.0,1.570796,0.0,0.0,-0.000671,0.0,0.0,0.0,-0.095132,-0.024415,0.001892,0.208146,-0.076566,0.024232,-0.166579,0.026125,0.00531,0.336347,-0.090663,-0.02411,-0.08,0.174482,0.0,-0.051882,0.0,0.0,0.0,-0.071922,-0.174482,0.0,-0.007019,0.0,0.0,0.0,0.0,0.0,0.0,0.0,-0.0,0.0,0.0,0.0,-0.0,0.001953,-0.004883,0.0,0.000192,0.0,0.000064,0.0,-0.000064,0.0,-0.000192,0.0,0.0,0.0,0.008697,
0.0,4.486321,0.885155,-0.000066,0.0,1.570796,0.0,0.0,-0.000679,0.0,0.0,0.0,-0.094996,-0.024415,0.001892,0.207972,-0.076645,0.024232,-0.166691,0.026125,0.00531,0.336472,-0.090782,-0.02411,-0.080287,0.174482,0.0,-0.052059,-0.0,0.0,0.0,-0.07177,-0.174482,0.0,-0.007093,0.0,0.0,0.0,0.0,0.0,0.0,0.0,0.0,0.0,0.0,0.0,0.0,0.001953,-0.004883,0.0,0.000192,0.0,0.000064,0.0,-0.000064,0.0,-0.000192,0.0,0.0,0.0,0.008593,
0.0,4.486321,0.885149,-0.000066,0.0,1.570796,0.0,0.0,-0.000671,0.0,0.0,0.0,-0.094794,-0.024415,0.001892,0.207714,-0.076681,0.024232,-0.166856,0.026125,0.00531,0.33662,-0.090901,-0.02411,-0.080562,0.174482,0.0,-0.052224,-0.0,0.0,0.0,-0.071641,-0.174482,0.0,-0.007203,0.0,0.0,0.0,0.0,0.0,0.0,0.0,0.0,0.0,-0.0,0.0,-0.0,0.001953,-0.004883,0.0,0.000192,0.0,0.000064,0.0,-0.000064,0.0,-0.000192,0.0,0.0,0.0,0.008484,
0.0,4.486321,0.885142,-0.000066,0.0,1.570796,0.0,0.0,-0.000679,0.0,0.0,0.0,-0.094593,-0.024415,0.001892,0.207457,-0.076718,0.024232,-0.167021,0.026125,0.00531,0.336769,-0.09102,-0.02411,-0.080837,0.174482,0.0,-0.052389,0.0,0.0,0.0,-0.071513,-0.174482,0.0,-0.007313,0.0,0.0,0.0,-0.0,0.0,0.0,-0.0,0.0,0.0,-0.0,0.0,0.0,0.001953,-0.004883,0.0,0.000192,0.0,0.000064,0.0,-0.000064,0.0,-0.000192,0.0,-0.0,0.0,0.008374,
-0.0,4.486321,0.885135,-0.000066,0.0,1.570796,-0.0,0.0,-0.000671,0.0,0.0,0.0,-0.094459,-0.024415,0.001892,0.207286,-0.076755,0.024232,-0.167181,0.026125,0.00531,0.336943,-0.091136,-0.02411,-0.081068,0.174482,-0.0,-0.052529,-0.0,0.0,0.0,-0.07141,-0.174482,-0.0,-0.007385,-0.0,0.0,0.0,0.0,0.0,-0.0,0.0,-0.0,0.0,0.0,0.0,0.0,0.001953,-0.004883,0.0,0.000192,0.0,0.000064,0.0,-0.000064,0.0,-0.000192,0.0,-0.0,0.0,0.008258,
0.0,4.486321,0.885128,-0.000066,0.0,1.570796,0.0,0.0,-0.000679,0.0,0.0,0.0,-0.094459,-0.024415,0.001892,0.207286,-0.076791,0.024232,-0.167328,0.026125,0.00531,0.337165,-0.091246,-0.02411,-0.081215,0.174482,0.0,-0.052621,0.0,0.0,0.0,-0.071355,-0.174482,0.0,-0.007385,0.0,0.0,0.0,0.0,0.0,-0.0,0.0,0.0,0.0,0.0,0.0,-0.0,0.001953,-0.004883,0.0,0.000192,0.0,0.000064,0.0,-0.000064,0.0,-0.000192,0.0,-0.0,0.0,0.008129,
0.0,4.486321,0.885122,-0.000066,0.0,1.570796,-0.0,0.0,-0.000671,0.0,0.0,0.0,-0.094459,-0.024415,0.001892,0.207286,-0.076828,0.024232,-0.167475,0.026125,0.00531,0.337388,-0.091356,-0.02411,-0.081361,0.174482,-0.0,-0.052712,-0.0,0.0,0.0,-0.0713,-0.174482,-0.0,-0.007385,0.0,0.0,0.0,0.0,0.0,-0.0,0.0,-0.0,0.0,0.0,0.0,-0.0,0.001953,-0.004883,0.0,0.000192,0.0,0.000064,0.0,-0.000064,0.0,-0.000192,0.0,-0.0,0.0,0.008001,
0.0,4.486321,0.885115,-0.000066,0.0,1.570796,0.0,0.0,-0.000687,0.0,0.0,0.0,-0.09446,-0.024415,0.001893,0.207289,-0.076866,0.024232,-0.167622,0.026125,0.00531,0.337613,-0.091466,-0.02411,-0.081506,0.174482,0.0,-0.052803,0.0,0.0,0.0,-0.071245,-0.174482,-0.0,-0.007386,0.0,0.0,0.0,0.0,0.0,0.0,-0.0,0.0,0.0,-0.0,0.0,0.0,0.001953,-0.004883,0.0,0.000192,0.0,0.000064,0.0,-0.000064,0.0,-0.000192,0.0,0.0,0.0,0.007874,
-0.0,4.486321,0.885091,-0.000066,0.0,1.570796,-0.0,0.0,-0.002342,0.0,0.0,0.0,-0.094588,-0.024415,0.001966,0.207712,-0.077141,0.024232,-0.167898,0.026125,0.00531,0.338058,-0.091576,-0.02411,-0.081378,0.174482,0.0,-0.052711,0.0,0.0,0.0,-0.071245,-0.174482,-0.0,-0.007533,-0.0,0.0,0.0,-0.0,0.0,-0.0,0.0,0.0,0.0,0.0,0.0,0.0,0.001953,-0.004883,0.0,0.000192,0.0,0.000064,0.0,-0.000064,0.0,-0.000192,0.0,0.0,0.0,0.007874,
0.0,4.486321,0.885068,-0.000066,0.0,1.570796,0.0,0.0,-0.002342,0.0,0.0,0.0,-0.094717,-0.024415,0.002039,0.208136,-0.077416,0.024232,-0.168174,0.026125,0.00531,0.338504,-0.091686,-0.02411,-0.08125,0.174482,-0.0,-0.052619,0.0,0.0,0.0,-0.071245,-0.174482,-0.0,-0.007679,0.0,0.0,0.0,0.0,0.0,0.0,-0.0,-0.0,0.0,0.0,0.0,-0.0,0.001953,-0.004883,0.0,0.000192,0.0,0.000064,0.0,-0.000064,0.0,-0.000192,0.0,0.0,0.0,0.007874,
-0.0,4.486321,0.885045,-0.000066,0.0,1.570796,-0.0,0.0,-0.002342,0.0,0.0,0.0,-0.094845,-0.024415,0.002112,0.208559,-0.077691,0.024232,-0.168449,0.026125,0.00531,0.33895,-0.091796,-0.02411,-0.081121,0.174482,0.0,-0.052528,0.0,0.0,0.0,-0.071245,-0.174482,-0.0,-0.007826,0.0,0.0,0.0,0.0,0.0,0.0,0.0,-0.0,0.0,-0.0,0.0,0.0,0.001953,-0.004883,0.0,0.000192,0.0,0.000064,0.0,-0.000064,0.0,-0.000192,0.0,0.0,0.0,0.007874,
0.0,4.486321,0.885021,-0.000066,0.0,1.570796,0.0,0.0,-0.002342,0.0,0.0,0.0,-0.094813,-0.024415,0.002136,0.208611,-0.077781,0.024232,-0.168638,0.026125,0.00531,0.339271,-0.091943,-0.02411,-0.080993,0.174482,0.0,-0.052436,-0.0,0.0,0.0,-0.071344,-0.174482,0.0,-0.007972,0.0,0.0,0.0,0.0,0.0,-0.0,-0.0,0.0,0.0,0.0,0.0,-0.0,0.001953,-0.004883,0.0,0.000192,0.0,0.000064,0.0,-0.000064,0.0,-0.000192,0.0,0.0,0.0,0.007874,
0.0,4.486321,0.884998,-0.000066,0.0,1.570796,0.0,0.0,-0.002342,0.0,0.0,0.0,-0.094703,-0.024415,0.002136,0.208482,-0.077781,0.024232,-0.168785,0.026125,0.00531,0.339531,-0.092108,-0.02411,-0.080865,0.174482,0.0,-0.052345,0.0,0.0,0.0,-0.07149,-0.174482,0.0,-0.008119,0.0,0.0,0.0,0.0,0.0,-0.0,0.0,-0.0,0.0,0.0,0.0,-0.0,0.001953,-0.004883,0.0,0.000192,0.0,0.000064,0.0,-0.000064,0.0,-0.000192,0.0,0.0,0.0,0.007874,
0.0,4.486321,0.884974,-0.000066,0.0,1.570796,0.0,0.0,-0.00235,0.0,0.0,0.0,-0.094593,-0.024415,0.002136,0.208353,-0.077781,0.024232,-0.168932,0.026125,0.00531,0.339791,-0.092273,-0.02411,-0.080736,0.174482,0.0,-0.052253,-0.0,0.0,0.0,-0.071637,-0.174482,0.0,-0.008265,0.0,0.0,0.0,0.0,0.0,-0.0,0.0,-0.0,0.0,-0.0,0.0,0.0,0.001953,-0.004883,0.0,0.000192,0.0,0.000064,0.0,-0.000064,0.0,-0.000192,0.0,0.0,0.0,0.007874,
0.0,4.486321,0.884951,-0.000066,0.0,1.570796,-0.0,0.0,-0.002342,0.0,0.0,0.0,-0.094558,-0.024415,0.002136,0.208362,-0.07788,0.024232,-0.169079,0.026125,0.00531,0.340051,-0.092438,-0.02411,-0.080627,0.174482,0.0,-0.052174,-0.0,0.0,0.0,-0.071877,-0.174482,0.0,-0.008424,0.0,0.0,0.0,0.0,0.0,-0.0,-0.0,-0.0,0.0,-0.0,0.0,0.0,0.001953,-0.004883,0.0,0.000192,0.0,0.000064,0.0,-0.000064,0.0,-0.000192,0.0,0.0,0.0,0.007874,
0.0,4.486321,0.884927,-0.000066,0.0,1.570796,0.0,0.0,-0.002342,0.0,0.0,0.0,-0.094668,-0.024415,0.002136,0.208638,-0.078174,0.024232,-0.169226,0.026125,0.00531,0.340311,-0.092603,-0.02411,-0.080554,0.174482,-0.0,-0.052119,0.0,0.0,0.0,-0.072298,-0.174482,0.0,-0.008607,0.0,0.0,0.0,0.0,0.0,0.0,0.0,0.0,0.0,0.0,0.0,0.0,0.001953,-0.004883,0.0,0.000192,0.0,0.000064,0.0,-0.000064,0.0,-0.000192,0.0,0.0,0.0,0.007874,
0.0,4.486321,0.884904,-0.000066,0.0,1.570796,-0.0,0.0,-0.002342,0.0,0.0,0.0,-0.094778,-0.024415,0.002136,0.208914,-0.078467,0.024232,-0.169374,0.026125,0.00531,0.340572,-0.092768,-0.02411,-0.08048,0.174482,-0.0,-0.052064,-0.0,0.0,0.0,-0.07272,-0.174482,0.0,-0.008791,0.0,0.0,0.0,0.0,0.0,-0.0,0.0,0.0,-0.0,-0.0,0.0,0.0,0.001953,-0.004883,0.0,0.000192,0.0,0.000064,0.0,-0.000064,0.0,-0.000192,0.0,0.0,0.0,0.007874,
0.0,4.486321,0.884881,-0.000066,0.0,1.570796,0.0,0.0,-0.002335,0.0,0.0,0.0,-0.094886,-0.024415,0.002136,0.209187,-0.078758,0.024232,-0.169519,0.026125,0.00531,0.340828,-0.092931,-0.02411,-0.080406,0.174482,0.0,-0.052008,-0.0,0.0,0.0,-0.073141,-0.174482,0.0,-0.008972,0.0,0.0,0.0,0.0,0.0,-0.0,0.0,0.0,0.0,-0.0,0.0,-0.0,0.001953,-0.004883,0.0,0.000192,0.0,0.000064,0.0,-0.000064,0.0,-0.000192,0.0,-0.0,0.0,0.007873,
0.0,4.486321,0.884869,-0.000066,0.0,1.570796,0.0,0.0,-0.001137,0.0,0.0,0.0,-0.094703,-0.024415,0.002136,0.208892,-0.078758,0.024232,-0.169353,0.026125,0.00531,0.340493,-0.09284,-0.02411,-0.080205,0.174482,-0.0,-0.051862,0.0,0.0,0.0,-0.073507,-0.174482,0.0,-0.008972,0.0,0.0,0.0,-0.0,0.0,0.0,0.0,0.0,0.0,-0.0,0.0,0.0,0.001953,-0.004883,-0.0,0.000192,0.0,0.000064,0.0,-0.000064,0.0,-0.000192,0.0,0.0,0.0,0.007772,
-0.0,4.486321,0.884858,-0.000066,0.0,1.570796,-0.0,0.0,-0.001137,0.0,0.0,0.0,-0.094519,-0.024415,0.002136,0.208598,-0.078758,0.024232,-0.169188,0.026125,0.00531,0.340159,-0.092748,-0.02411,-0.080003,0.174482,0.0,-0.051715,0.0,0.0,0.0,-0.073874,-0.174482,0.0,-0.008972,-0.0,0.0,0.0,0.0,0.0,0.0,0.0,0.0,0.0,0.0,0.0,0.0,0.001953,-0.004883,0.0,0.000192,0.0,0.000064,0.0,-0.000064,0.0,-0.000192,0.0,0.0,0.0,0.007672,
0.0,4.486321,0.884847,-0.000066,0.0,1.570796,0.0,0.0,-0.001129,0.0,0.0,0.0,-0.094336,-0.024415,0.002136,0.208303,-0.078758,0.024232,-0.169022,0.026125,0.00531,0.339825,-0.092656,-0.02411,-0.079801,0.174482,-0.0,-0.051569,0.0,0.0,0.0,-0.07424,-0.174482,0.0,-0.008972,0.0,0.0,0.0,0.0,0.0,0.0,0.0,0.0,0.0,0.0,0.0,0.0,0.001953,-0.004883,0.0,0.000192,0.0,0.000064,0.0,-0.000064,0.0,-0.000192,0.0,0.0,0.0,0.007571,
0.0,4.486321,0.884841,-0.000066,0.0,1.570796,0.0,0.0,-0.000572,0.0,0.0,0.0,-0.094424,-0.024415,0.002136,0.208554,-0.078955,0.024232,-0.169092,0.026125,0.00531,0.33989,-0.092713,-0.02411,-0.079624,0.174482,0.0,-0.051459,0.0,0.0,0.0,-0.074607,-0.174482,-0.0,-0.008972,0.0,0.0,0.0,0.0,0.0,0.0,0.0,-0.0,0.0,-0.0,0.0,0.0,0.001953,-0.004883,0.0,0.000192,0.0,0.000064,0.0,-0.000064,0.0,-0.000192,0.0,-0.0,0.0,0.00747,
0.0,4.486321,0.884838,-0.000066,0.0,1.570796,0.0,0.0,-0.000305,0.0,0.0,0.0,-0.094644,-0.024415,0.002136,0.209069,-0.079249,0.024232,-0.169276,0.026125,0.00531,0.34015,-0.092841,-0.02411,-0.07946,0.174482,0.0,-0.051368,-0.0,0.0,0.0,-0.074973,-0.174482,0.0,-0.008972,0.0,0.0,0.0,0.0,0.0,0.0,0.0,-0.0,0.0,0.0,0.0,0.0,0.001953,-0.004883,0.0,0.000192,0.0,0.000064,0.0,-0.000064,0.0,-0.000192,0.0,0.0,0.0,0.00737,
0.0,4.486321,0.884835,-0.000066,0.0,1.570796,-0.0,0.0,-0.000298,0.0,0.0,0.0,-0.094864,-0.024415,0.002136,0.209585,-0.079542,0.024232,-0.16946,0.026125,0.00531,0.340411,-0.092969,-0.02411,-0.079295,0.174482,0.0,-0.051276,0.0,0.0,0.0,-0.07534,-0.174482,0.0,-0.008972,0.0,0.0,0.0,0.0,0.0,-0.0,0.0,0.0,0.0,0.0,0.0,-0.0,0.001953,-0.004883,0.0,0.000192,0.0,0.000064,0.0,-0.000064,0.0,-0.000192,0.0,0.0,0.0,0.007269,
0.0,4.486321,0.884832,-0.000066,0.0,1.570796,0.0,0.0,-0.000298,0.0,0.0,0.0,-0.094922,-0.024415,0.002136,0.209794,-0.079679,0.024232,-0.1696,0.026125,0.00531,0.340608,-0.093054,-0.02411,-0.079186,0.174482,0.0,-0.051216,0.0,0.0,0.0,-0.075731,-0.174482,0.0,-0.009016,0.0,0.0,0.0,0.0,0.0,-0.0,0.0,-0.0,0.0,-0.0,0.0,-0.0,0.001953,-0.004883,0.0,0.000192,0.0,0.000064,0.0,-0.000064,0.0,-0.000192,0.0,0.0,0.0,0.007202,
0.0,4.486321,0.884829,-0.000066,0.0,1.570796,0.0,0.0,-0.000305,0.0,0.0,0.0,-0.094665,-0.024415,0.002136,0.209407,-0.079514,0.024232,-0.169655,0.026125,0.00531,0.340682,-0.093054,-0.02411,-0.079186,0.174482,0.0,-0.051216,0.0,0.0,0.0,-0.076171,-0.174482,0.0,-0.009144,0.0,0.0,0.0,0.0,0.0,0.0,0.0,0.0,-0.0,0.0,0.0,0.0,0.001953,-0.004883,0.0,0.000192,0.0,0.000064,0.0,-0.000064,0.0,-0.000192,0.0,0.0,0.0,0.007202,
0.0,4.486321,0.884826,-0.000066,0.0,1.570796,-0.0,0.0,-0.000298,0.0,0.0,0.0,-0.094409,-0.024415,0.002136,0.209021,-0.07935,0.024232,-0.16971,0.026125,0.00531,0.340756,-0.093054,-0.02411,-0.079186,0.174482,-0.0,-0.051216,0.0,0.0,0.0,-0.076611,-0.174482,0.0,-0.009272,0.0,0.0,0.0,0.0,0.0,-0.0,-0.0,-0.0,0.0,0.0,0.0,0.0,0.001953,-0.004883,0.0,0.000192,0.0,0.000064,0.0,-0.000064,0.0,-0.000192,0.0,0.0,0.0,0.007202,
-0.0,4.486321,0.884823,-0.000066,0.0,1.570796,-0.0,0.0,-0.000298,0.0,0.0,0.0,-0.094152,-0.024415,0.002136,0.208633,-0.079184,0.024232,-0.169766,0.026125,0.00531,0.340832,-0.093055,-0.02411,-0.079186,0.174482,0.0,-0.051216,0.0,0.0,0.0,-0.077051,-0.174482,0.0,-0.0094,0.0,0.0,0.0,0.0,0.0,0.0,0.0,0.0,-0.0,0.0,0.0,0.0,0.001953,-0.004883,0.0,0.000192,0.0,0.000064,0.0,-0.000064,0.0,-0.000192,0.0,0.0,0.0,0.007202,
-0.0,4.486321,0.88482,-0.000066,0.0,1.570796,0.0,0.0,-0.000305,0.0,0.0,0.0,-0.093859,-0.024415,0.002136,0.208081,-0.078946,0.024232,-0.169931,0.026125,0.00531,0.341092,-0.093183,-0.02411,-0.079186,0.174482,0.0,-0.051216,0.0,0.0,0.0,-0.077509,-0.174482,0.0,-0.009492,0.0,0.0,0.0,0.0,0.0,0.0,0.0,0.0,0.0,-0.0,0.0,0.0,0.001953,-0.004883,0.0,0.000192,0.0,0.000064,0.0,-0.000064,0.0,-0.000192,0.0,0.0,0.0,0.007202,
0.0,4.486321,0.884817,-0.000066,0.0,1.570796,0.0,0.0,-0.000298,0.0,0.0,0.0,-0.093565,-0.024415,0.002136,0.207528,-0.078708,0.024232,-0.170097,0.026125,0.00531,0.341352,-0.093311,-0.02411,-0.079186,0.174482,0.0,-0.051216,0.0,0.0,0.0,-0.077967,-0.174482,0.0,-0.009583,0.0,0.0,0.0,0.0,0.0,0.0,0.0,0.0,-0.0,0.0,0.0,0.0,0.001953,-0.004883,0.0,0.000192,0.0,0.000064,0.0,-0.000064,0.0,-0.000192,0.0,0.0,0.0,0.007202,
0.0,4.486321,0.884814,-0.000066,0.0,1.570796,0.0,0.0,-0.000298,0.0,0.0,0.0,-0.093272,-0.024415,0.002136,0.206976,-0.078469,0.024232,-0.170262,0.026125,0.00531,0.341612,-0.09344,-0.02411,-0.079186,0.174482,0.0,-0.051216,0.0,0.0,0.0,-0.078425,-0.174482,0.0,-0.009675,0.0,0.0,0.0,0.0,0.0,0.0,0.0,0.0,-0.0,0.0,0.0,0.0,0.001953,-0.004883,0.0,0.000192,0.0,0.000064,0.0,-0.000064,0.0,-0.000192,0.0,0.0,0.0,0.007202,
0.0,4.486321,0.884809,-0.000066,0.0,1.570796,0.0,0.0,-0.000443,0.0,0.0,0.0,-0.09325,-0.024415,0.002136,0.206969,-0.078453,0.024232,-0.170316,0.026125,0.00531,0.341697,-0.093568,-0.02411,-0.079186,0.174482,0.0,-0.051216,0.0,0.0,0.0,-0.078772,-0.174482,-0.0,-0.009754,0.0,0.0,0.0,0.0,0.0,0.0,0.0,0.0,-0.0,0.0,0.0,0.0,0.001953,-0.004883,0.0,0.000192,0.0,0.000064,0.0,-0.000064,0.0,-0.000192,0.0,0.0,0.0,0.007202,
0.0,4.486321,0.884804,-0.000066,0.0,1.570796,0.0,0.0,-0.000519,0.0,0.0,0.0,-0.09336,-0.024415,0.002136,0.207227,-0.078545,0.024232,-0.170316,0.026125,0.00531,0.341697,-0.093696,-0.02411,-0.079186,0.174482,0.0,-0.051216,0.0,0.0,0.0,-0.079065,-0.174482,0.0,-0.009827,0.0,0.0,0.0,0.0,0.0,0.0,0.0,0.0,-0.0,0.0,0.0,0.0,0.001953,-0.004883,0.0,0.000192,0.0,0.000064,0.0,-0.000064,0.0,-0.000192,0.0,0.0,0.0,0.007202,
0.0,4.486321,0.884799,-0.000066,0.0,1.570796,-0.0,0.0,-0.000511,0.0,0.0,0.0,-0.09347,-0.024415,0.002136,0.207484,-0.078637,0.024232,-0.170316,0.026125,0.00531,0.341697,-0.093825,-0.02411,-0.079186,0.174482,0.0,-0.051216,0.0,0.0,0.0,-0.079359,-0.174482,0.0,-0.009901,0.0,0.0,0.0,0.0,0.0,0.0,0.0,0.0,-0.0,0.0,0.0,0.0,0.001953,-0.004883,0.0,0.000192,0.0,0.000064,0.0,-0.000064,0.0,-0.000192,0.0,0.0,0.0,0.007202,
0.0,4.486321,0.884794,-0.000066,0.0,1.570796,0.0,0.0,-0.000511,0.0,0.0,0.0,-0.093543,-0.024415,0.002136,0.207673,-0.078697,0.024232,-0.170285,0.026125,0.00531,0.341634,-0.093909,-0.02411,-0.079148,0.174482,0.0,-0.051191,-0.0,0.0,0.0,-0.079602,-0.174482,0.0,-0.009949,0.0,0.0,0.0,0.0,0.0,-0.0,0.0,0.0,0.0,0.0,0.0,-0.0,0.001953,-0.004883,0.0,0.000192,-0.0,0.000064,0.0,-0.000064,0.0,-0.000192,0.0,0.0,0.0,0.007165,
0.0,4.486321,0.884789,-0.000066,0.0,1.570796,-0.0,0.0,-0.000519,0.0,0.0,0.0,-0.093543,-0.024415,0.002136,0.207729,-0.078697,0.024232,-0.170193,0.026125,0.00531,0.341448,-0.093909,-0.02411,-0.079038,0.174482,0.0,-0.051117,0.0,0.0,0.0,-0.079749,-0.174482,0.0,-0.009949,0.0,0.0,0.0,-0.0,0.0,-0.0,0.0,0.0,0.0,-0.0,0.0,-0.0,0.001953,-0.004883,0.0,0.000192,0.0,0.000064,0.0,-0.000064,0.0,-0.000192,0.0,0.0,0.0,0.007055,
0.0,4.486321,0.884784,-0.000066,0.0,1.570796,0.0,0.0,-0.000511,0.0,0.0,0.0,-0.093543,-0.024415,0.002136,0.207784,-0.078697,0.024232,-0.170101,0.026125,0.00531,0.341262,-0.093909,-0.02411,-0.078928,0.174482,0.0,-0.051044,0.0,0.0,0.0,-0.079895,-0.174482,0.0,-0.009949,0.0,0.0,0.0,0.0,0.0,0.0,0.0,0.0,0.0,0.0,0.0,0.0,0.001953,-0.004883,0.0,0.000192,0.0,0.000064,0.0,-0.000064,0.0,-0.000192,0.0,0.0,0.0,0.006945,
0.0,4.486321,0.884779,-0.000066,0.0,1.570796,0.0,0.0,-0.000511,0.0,0.0,0.0,-0.093544,-0.024415,0.002136,0.207841,-0.078698,0.024232,-0.17001,0.026125,0.00531,0.341077,-0.093909,-0.02411,-0.078819,0.174482,0.0,-0.050971,0.0,0.0,0.0,-0.080041,-0.174482,0.0,-0.00995,0.0,0.0,0.0,0.0,0.0,0.0,0.0,-0.0,0.0,-0.0,0.0,-0.0,0.001953,-0.004883,0.0,0.000192,0.0,0.000064,0.0,-0.000064,0.0,-0.000192,0.0,0.0,0.0,0.006836,
-0.0,4.486321,0.884773,-0.000066,0.0,1.570796,-0.0,0.0,-0.000511,0.0,0.0,0.0,-0.093727,-0.024415,0.002136,0.208154,-0.078845,0.024232,-0.17001,0.026125,0.00531,0.340984,-0.093909,-0.02411,-0.078819,0.174482,0.0,-0.050971,0.0,0.0,0.0,-0.080041,-0.174482,0.0,-0.010078,0.0,0.0,0.0,-0.0,0.0,0.0,0.0,0.0,0.0,-0.0,0.0,-0.0,0.001953,-0.004883,0.0,0.000192,0.0,0.000064,0.0,-0.000064,0.0,-0.000192,0.0,-0.0,0.0,0.006762,
0.0,4.486321,0.884768,-0.000066,0.0,1.570796,0.0,0.0,-0.000519,0.0,0.0,0.0,-0.093911,-0.024415,0.002136,0.208467,-0.078991,0.024232,-0.17001,0.026125,0.00531,0.340891,-0.093909,-0.02411,-0.078819,0.174482,0.0,-0.050971,-0.0,0.0,0.0,-0.080041,-0.174482,0.0,-0.010206,0.0,0.0,0.0,0.0,0.0,0.0,-0.0,0.0,0.0,-0.0,0.0,0.0,0.001953,-0.004883,0.0,0.000192,-0.0,0.000064,0.0,-0.000064,0.0,-0.000192,0.0,-0.0,0.0,0.006689,
0.0,4.486321,0.884763,-0.000066,0.0,1.570796,-0.0,0.0,-0.000511,0.0,0.0,0.0,-0.094094,-0.024415,0.002136,0.20878,-0.079138,0.024232,-0.17001,0.026125,0.00531,0.340798,-0.093909,-0.02411,-0.078819,0.174482,0.0,-0.050971,-0.0,0.0,0.0,-0.080041,-0.174482,0.0,-0.010334,0.0,0.0,0.0,0.0,0.0,-0.0,0.0,-0.0,0.0,0.0,0.0,0.0,0.001953,-0.004883,0.0,0.000192,0.0,0.000064,0.0,-0.000064,0.0,-0.000192,0.0,0.0,0.0,0.006616,
0.0,4.486321,0.884753,-0.000066,0.0,1.570796,0.0,0.0,-0.000999,0.0,0.0,0.0,-0.094327,-0.024415,0.002136,0.209204,-0.07934,0.024232,-0.16996,0.026125,0.00531,0.340768,-0.093996,-0.02411,-0.078819,0.174482,0.0,-0.050971,0.0,0.0,0.0,-0.080041,-0.174482,0.0,-0.010376,0.0,0.0,0.0,0.0,0.0,-0.0,0.0,-0.0,0.0,0.0,0.0,-0.0,0.001953,-0.004883,0.0,0.000192,0.0,0.000064,0.0,-0.000064,0.0,-0.000192,0.0,0.0,0.0,0.006555,
0.0,4.486321,0.884741,-0.000066,0.0,1.570796,0.0,0.0,-0.001236,0.0,0.0,0.0,-0.094583,-0.024415,0.002136,0.209683,-0.079569,0.024232,-0.169887,0.026125,0.00531,0.340768,-0.094124,-0.02411,-0.078819,0.174482,0.0,-0.050971,0.0,0.0,0.0,-0.080041,-0.174482,0.0,-0.010376,0.0,0.0,0.0,-0.0,0.0,-0.0,0.0,0.0,0.0,-0.0,0.0,-0.0,0.001953,-0.004883,0.0,0.000192,0.0,0.000064,0.0,-0.000064,0.0,-0.000192,0.0,-0.0,0.0,0.0065,
0.0,4.486321,0.884728,-0.000066,0.0,1.570796,0.0,0.0,-0.001236,0.0,0.0,0.0,-0.09484,-0.024415,0.002136,0.210162,-0.079798,0.024232,-0.169813,0.026125,0.00531,0.340768,-0.094252,-0.02411,-0.078819,0.174482,0.0,-0.050971,0.0,0.0,0.0,-0.080041,-0.174482,0.0,-0.010376,0.0,0.0,0.0,0.0,0.0,0.0,0.0,-0.0,0.0,0.0,0.0,0.0,0.001953,-0.004883,0.0,0.000192,0.0,0.000064,0.0,-0.000064,0.0,-0.000192,0.0,0.0,0.0,0.006445,
0.0,4.486321,0.884716,-0.000066,0.0,1.570796,-0.0,0.0,-0.001236,0.0,0.0,0.0,-0.095078,-0.024415,0.002136,0.210622,-0.080027,0.024232,-0.169727,0.026125,0.00531,0.340686,-0.094337,-0.02411,-0.078819,0.174482,0.0,-0.050971,0.0,0.0,0.0,-0.079947,-0.174482,0.0,-0.010376,0.0,0.0,0.0,-0.0,0.0,0.0,0.0,-0.0,0.0,-0.0,0.0,0.0,0.001953,-0.004883,-0.0,0.000192,0.0,0.000064,0.0,-0.000064,0.0,-0.000192,0.0,-0.0,0.0,0.006378,
0.0,4.486321,0.884704,-0.000066,0.0,1.570796,0.0,0.0,-0.001236,0.0,0.0,0.0,-0.09528,-0.024415,0.002136,0.211045,-0.080256,0.024232,-0.169617,0.026125,0.00531,0.340444,-0.094337,-0.02411,-0.078819,0.174482,0.0,-0.050971,0.0,0.0,0.0,-0.079672,-0.174482,0.0,-0.010376,0.0,0.0,0.0,0.0,0.0,0.0,0.0,0.0,0.0,-0.0,0.0,0.0,0.001953,-0.004883,0.0,0.000192,0.0,0.000064,0.0,-0.000064,0.0,-0.000192,0.0,0.0,0.0,0.006286,
0.0,4.486321,0.884691,-0.000066,0.0,1.570796,0.0,0.0,-0.001236,0.0,0.0,0.0,-0.095481,-0.024415,0.002136,0.211469,-0.080485,0.024232,-0.169507,0.026125,0.00531,0.340203,-0.094337,-0.02411,-0.078819,0.174482,0.0,-0.050971,0.0,0.0,0.0,-0.079398,-0.174482,0.0,-0.010376,0.0,0.0,0.0,0.0,0.0,0.0,0.0,0.0,0.0,0.0,0.0,0.0,0.001953,-0.004883,0.0,0.000192,0.0,0.000064,0.0,-0.000064,0.0,-0.000192,0.0,0.0,0.0,0.006195,
0.0,4.486321,0.884679,-0.000066,0.0,1.570796,0.0,0.0,-0.001228,0.0,0.0,0.0,-0.095684,-0.024415,0.002136,0.211894,-0.080715,0.024232,-0.169397,0.026125,0.00531,0.339963,-0.094337,-0.02411,-0.07882,0.174482,0.0,-0.050972,0.0,0.0,0.0,-0.079122,-0.174482,0.0,-0.010376,0.0,0.0,0.0,-0.0,0.0,0.0,0.0,-0.0,0.0,-0.0,0.0,-0.0,0.001953,-0.004883,0.0,0.000192,0.0,0.000064,0.0,-0.000064,0.0,-0.000192,0.0,-0.0,0.0,0.006104,
0.0,4.486321,0.884676,-0.000066,0.0,1.570796,-0.0,0.0,-0.000336,0.0,0.0,0.0,-0.096014,-0.024415,0.002136,0.212557,-0.081027,0.024232,-0.169397,0.026125,0.00531,0.339963,-0.094337,-0.02411,-0.078893,0.174482,0.0,-0.051082,0.0,0.0,0.0,-0.078792,-0.174482,0.0,-0.010376,-0.0,0.0,0.0,0.0,0.0,0.0,0.0,-0.0,0.0,0.0,0.0,0.0,0.001953,-0.004883,0.0,0.000192,-0.0,0.000064,0.0,-0.000064,0.0,-0.000192,0.0,-0.0,0.0,0.006104,
0.0,4.486321,0.884672,-0.000066,0.0,1.570796,0.0,0.0,-0.000343,0.0,0.0,0.0,-0.096344,-0.024415,0.002136,0.21322,-0.081338,0.024232,-0.169397,0.026125,0.00531,0.339963,-0.094337,-0.02411,-0.078966,0.174482,0.0,-0.051192,-0.0,0.0,0.0,-0.078463,-0.174482,0.0,-0.010376,0.0,0.0,0.0,0.0,0.0,0.0,0.0,0.0,0.0,-0.0,0.0,-0.0,0.001953,-0.004883,0.0,0.000192,0.0,0.000064,0.0,-0.000064,0.0,-0.000192,0.0,-0.0,0.0,0.006104,
0.0,4.486321,0.884669,-0.000066,0.0,1.570796,0.0,0.0,-0.000336,0.0,0.0,0.0,-0.096674,-0.024415,0.002136,0.213883,-0.08165,0.024232,-0.169397,0.026125,0.00531,0.339963,-0.094337,-0.02411,-0.07904,0.174482,0.0,-0.051302,-0.0,0.0,0.0,-0.078133,-0.174482,0.0,-0.010376,0.0,0.0,0.0,0.0,0.0,0.0,0.0,-0.0,0.0,0.0,0.0,0.0,0.001953,-0.004883,0.0,0.000192,0.0,0.000064,0.0,-0.000064,0.0,-0.000192,0.0,-0.0,0.0,0.006104,
-0.0,4.486321,0.884666,-0.000066,0.0,1.570796,-0.0,0.0,-0.000336,0.0,0.0,0.0,-0.09667,-0.024415,0.002136,0.213888,-0.081665,0.024232,-0.16931,0.026125,0.00531,0.339813,-0.094337,-0.02411,-0.079138,0.174482,-0.0,-0.051387,0.0,0.0,0.0,-0.077865,-0.174482,0.0,-0.010376,0.0,0.0,0.0,0.0,0.0,0.0,0.0,-0.0,0.0,-0.0,0.0,-0.0,0.001953,-0.004883,0.0,0.000192,0.0,0.000064,0.0,-0.000064,0.0,-0.000192,0.0,-0.0,0.0,0.006104,
0.0,4.486321,0.884662,-0.000066,0.0,1.570796,0.0,0.0,-0.000336,0.0,0.0,0.0,-0.096505,-0.024415,0.002136,0.213575,-0.081537,0.024232,-0.169182,0.026125,0.00531,0.33959,-0.094337,-0.02411,-0.079248,0.174482,0.0,-0.05146,-0.0,0.0,0.0,-0.077626,-0.174482,0.0,-0.010376,-0.0,0.0,0.0,0.0,0.0,-0.0,0.0,-0.0,0.0,0.0,0.0,-0.0,0.001953,-0.004883,0.0,0.000192,0.0,0.000064,0.0,-0.000064,0.0,-0.000192,0.0,-0.0,0.0,0.006104,
0.0,4.486321,0.884659,-0.000066,0.0,1.570796,-0.0,0.0,-0.000336,0.0,0.0,0.0,-0.09634,-0.024415,0.002136,0.213262,-0.081408,0.024232,-0.169053,0.026125,0.00531,0.339367,-0.094337,-0.02411,-0.079358,0.174482,0.0,-0.051534,0.0,0.0,0.0,-0.077388,-0.174482,0.0,-0.010376,-0.0,0.0,0.0,0.0,0.0,0.0,0.0,-0.0,0.0,0.0,0.0,-0.0,0.001953,-0.004883,0.0,0.000192,0.0,0.000064,0.0,-0.000064,0.0,-0.000192,0.0,-0.0,0.0,0.006104,
0.0,4.486321,0.884656,-0.000066,0.0,1.570796,0.0,0.0,-0.000336,0.0,0.0,0.0,-0.096269,-0.024415,0.002136,0.213137,-0.081336,0.024232,-0.168968,0.026125,0.00531,0.33922,-0.094337,-0.02411,-0.079486,0.174482,0.0,-0.051619,0.0,0.0,0.0,-0.0772,-0.174482,-0.0,-0.010376,0.0,0.0,0.0,0.0,0.0,0.0,0.0,0.0,0.0,-0.0,0.0,-0.0,0.001953,-0.004883,0.0,0.000192,0.0,0.000064,0.0,-0.000064,0.0,-0.000192,0.0,-0.0,0.0,0.006104,
0.0,4.486321,0.884652,-0.000066,0.0,1.570796,0.0,0.0,-0.000336,0.0,0.0,0.0,-0.096379,-0.024415,0.002136,0.213377,-0.081373,0.024232,-0.168968,0.026125,0.00531,0.33922,-0.094337,-0.02411,-0.079651,0.174482,0.0,-0.051729,0.0,0.0,0.0,-0.077108,-0.174482,0.0,-0.010376,-0.0,0.0,0.0,0.0,0.0,-0.0,0.0,0.0,0.0,0.0,0.0,0.0,0.001953,-0.004883,0.0,0.000192,0.0,0.000064,0.0,-0.000064,0.0,-0.000192,0.0,-0.0,0.0,0.006104,
0.0,4.486321,0.884649,-0.000066,0.0,1.570796,-0.0,0.0,-0.000336,0.0,0.0,0.0,-0.096489,-0.024415,0.002136,0.213616,-0.08141,0.024232,-0.168968,0.026125,0.00531,0.33922,-0.094337,-0.02411,-0.079816,0.174482,0.0,-0.051839,0.0,0.0,0.0,-0.077017,-0.174482,0.0,-0.010376,0.0,0.0,0.0,0.0,0.0,-0.0,0.0,-0.0,0.0,-0.0,0.0,-0.0,0.001953,-0.004883,0.0,0.000192,0.0,0.000064,0.0,-0.000064,0.0,-0.000192,0.0,-0.0,0.0,0.006104,
0.0,4.486321,0.884645,-0.000066,0.0,1.570796,0.0,0.0,-0.000336,0.0,0.0,0.0,-0.096598,-0.024415,0.002136,0.213854,-0.081446,0.024232,-0.168968,0.026125,0.00531,0.33922,-0.094337,-0.02411,-0.07998,0.174482,0.0,-0.051948,0.0,0.0,0.0,-0.076925,-0.174482,0.0,-0.010376,0.0,0.0,0.0,-0.0,0.0,0.0,0.0,-0.0,0.0,0.0,0.0,0.0,0.001953,-0.004883,0.0,0.000192,0.0,0.000064,0.0,-0.000064,0.0,-0.000192,0.0,0.0,0.0,0.006103,
0.0,4.486321,0.88465,-0.000066,0.0,1.570796,0.0,-0.0,0.000465,0.0,0.0,0.0,-0.096598,-0.024415,0.002136,0.213854,-0.081483,0.024232,-0.168968,0.026125,0.00531,0.33922,-0.094337,-0.02411,-0.07998,0.174482,0.0,-0.051948,-0.0,0.0,0.0,-0.07687,-0.174482,-0.0,-0.010376,0.0,0.0,0.0,0.0,0.0,0.0,0.0,0.0,0.0,0.0,0.0,0.0,0.001953,-0.004883,0.0,0.000192,0.0,0.000064,0.0,-0.000064,0.0,-0.000192,0.0,-0.0,0.0,0.006011,
0.0,4.486321,0.884655,-0.000066,0.0,1.570796,0.0,-0.0,0.000458,0.0,0.0,0.0,-0.096598,-0.024415,0.002136,0.213854,-0.081519,0.024232,-0.168968,0.026125,0.00531,0.33922,-0.094337,-0.02411,-0.07998,0.174482,0.0,-0.051948,0.0,0.0,0.0,-0.076815,-0.174482,0.0,-0.010376,0.0,0.0,0.0,-0.0,0.0,-0.0,0.0,-0.0,0.0,0.0,0.0,0.0,0.001953,-0.004883,0.0,0.000192,0.0,0.000064,0.0,-0.000064,0.0,-0.000192,0.0,-0.0,0.0,0.00592,
0.0,4.486321,0.884659,-0.000066,0.0,1.570796,-0.0,-0.0,0.000458,0.0,0.0,0.0,-0.096598,-0.024415,0.002136,0.213854,-0.081556,0.024232,-0.168968,0.026125,0.00531,0.33922,-0.094337,-0.02411,-0.07998,0.174482,-0.0,-0.051948,-0.0,0.0,0.0,-0.07676,-0.174482,0.0,-0.010376,0.0,0.0,0.0,0.0,0.0,0.0,0.0,-0.0,0.0,-0.0,0.0,-0.0,0.001953,-0.004883,0.0,0.000192,0.0,0.000064,0.0,-0.000064,0.0,-0.000192,0.0,-0.0,0.0,0.005828,
0.0,4.486321,0.884664,-0.000066,0.0,1.570796,0.0,-0.0,0.000458,0.0,0.0,0.0,-0.09666,-0.024415,0.002136,0.213978,-0.081568,0.024232,-0.168919,0.026125,0.00531,0.33912,-0.094275,-0.02411,-0.080042,0.174482,0.0,-0.051948,-0.0,0.0,0.0,-0.076779,-0.174482,0.0,-0.010376,0.0,0.0,0.0,0.0,0.0,0.0,0.0,0.0,-0.0,-0.0,0.0,0.0,0.001953,-0.004883,0.0,0.000192,0.0,0.000064,0.0,-0.000064,0.0,-0.000192,0.0,0.0,0.0,0.005799,
0.0,4.486321,0.884668,-0.000066,0.0,1.570796,-0.0,-0.0,0.000458,0.0,0.0,0.0,-0.096752,-0.024415,0.002136,0.214162,-0.081568,0.024232,-0.168845,0.026125,0.00531,0.338971,-0.094184,-0.02411,-0.080133,0.174482,0.0,-0.051948,0.0,0.0,0.0,-0.076834,-0.174482,-0.0,-0.010376,0.0,0.0,0.0,-0.0,0.0,0.0,0.0,-0.0,0.0,-0.0,0.0,0.0,0.001953,-0.004883,0.0,0.000192,0.0,0.000064,0.0,-0.000064,0.0,-0.000192,0.0,0.0,0.0,0.005799,
0.0,4.486321,0.884673,-0.000066,0.0,1.570796,0.0,-0.0,0.000465,0.0,0.0,0.0,-0.096843,-0.024415,0.002136,0.214346,-0.081568,0.024232,-0.168772,0.026125,0.00531,0.338822,-0.094092,-0.02411,-0.080225,0.174482,0.0,-0.051948,0.0,0.0,0.0,-0.076889,-0.174482,0.0,-0.010376,0.0,0.0,0.0,0.0,0.0,-0.0,0.0,-0.0,0.0,-0.0,0.0,0.0,0.001953,-0.004883,0.0,0.000192,0.0,0.000064,0.0,-0.000064,0.0,-0.000192,0.0,0.0,0.0,0.005799,
0.0,4.486321,0.884678,-0.000066,0.0,1.570796,0.0,-0.0,0.000458,0.0,0.0,0.0,-0.096904,-0.024415,0.002136,0.214468,-0.081568,0.024232,-0.168723,0.026125,0.00531,0.33875,-0.094032,-0.02411,-0.080316,0.174482,0.0,-0.051973,-0.0,0.0,0.0,-0.076994,-0.174482,0.0,-0.010401,0.0,0.0,0.0,0.0,0.0,0.0,0.0,0.0,0.0,0.0,0.0,0.0,0.001953,-0.004883,0.0,0.000192,0.0,0.000064,0.0,-0.000064,0.0,-0.000192,0.0,0.0,0.0,0.005799,
0.0,4.486321,0.884682,-0.000066,0.0,1.570796,-0.0,-0.0,0.000458,0.0,0.0,0.0,-0.096904,-0.024415,0.002136,0.214468,-0.081568,0.024232,-0.168723,0.026125,0.00531,0.338824,-0.094032,-0.02411,-0.080408,0.174482,0.0,-0.052047,0.0,0.0,0.0,-0.077196,-0.174482,0.0,-0.010475,-0.0,0.0,0.0,0.0,0.0,-0.0,0.0,-0.0,0.0,-0.0,0.0,0.0,0.001953,-0.004883,0.0,0.000192,0.0,0.000064,0.0,-0.000064,0.0,-0.000192,0.0,0.0,0.0,0.005799,
0.0,4.486321,0.884687,-0.000066,0.0,1.570796,0.0,-0.0,0.000458,0.0,0.0,0.0,-0.096904,-0.024415,0.002136,0.214468,-0.081568,0.024232,-0.168723,0.026125,0.00531,0.338898,-0.094032,-0.02411,-0.0805,0.174482,0.0,-0.05212,0.0,0.0,0.0,-0.077397,-0.174482,0.0,-0.010548,0.0,0.0,0.0,0.0,0.0,-0.0,0.0,-0.0,0.0,0.0,0.0,-0.0,0.001953,-0.004883,0.0,0.000192,0.0,0.000064,0.0,-0.000064,0.0,-0.000192,0.0,0.0,0.0,0.005799,
0.0,4.486321,0.884691,-0.000066,0.0,1.570796,-0.0,-0.0,0.000458,0.0,0.0,0.0,-0.096904,-0.024415,0.002136,0.214467,-0.081568,0.024232,-0.168724,0.026125,0.00531,0.338973,-0.094032,-0.02411,-0.080591,0.174482,-0.0,-0.052193,0.0,0.0,0.0,-0.0776,-0.174482,0.0,-0.010621,0.0,0.0,0.0,0.0,0.0,-0.0,0.0,0.0,0.0,-0.0,0.0,-0.0,0.001953,-0.004883,0.0,0.000192,0.0,0.000064,0.0,-0.000064,0.0,-0.000192,0.0,0.0,0.0,0.005798,
0.0,4.486321,0.884687,-0.000066,0.0,1.570796,0.0,0.0,-0.00045,0.0,0.0,0.0,-0.096904,-0.024415,0.002136,0.214393,-0.081568,0.024232,-0.168871,0.026125,0.00531,0.339159,-0.094142,-0.02411,-0.080701,0.174482,-0.0,-0.052193,0.0,0.0,0.0,-0.077893,-0.174482,0.0,-0.010694,-0.0,0.0,0.0,0.0,0.0,0.0,0.0,0.0,0.0,0.0,0.0,-0.0,0.001953,-0.004883,0.0,0.000192,0.0,0.000064,0.0,-0.000064,0.0,-0.000192,0.0,-0.0,0.0,0.005725,
0.0,4.486321,0.884682,-0.000066,0.0,1.570796,0.0,0.0,-0.00045,0.0,0.0,0.0,-0.096904,-0.024415,0.002136,0.21432,-0.081568,0.024232,-0.169018,0.026125,0.00531,0.339345,-0.094252,-0.02411,-0.080811,0.174482,0.0,-0.052193,0.0,0.0,0.0,-0.078186,-0.174482,0.0,-0.010768,0.0,0.0,0.0,0.0,0.0,-0.0,0.0,0.0,0.0,-0.0,0.0,0.0,0.001953,-0.004883,0.0,0.000192,0.0,0.000064,0.0,-0.000064,0.0,-0.000192,0.0,-0.0,0.0,0.005651,
0.0,4.486321,0.884678,-0.000066,0.0,1.570796,0.0,0.0,-0.00045,0.0,0.0,0.0,-0.096904,-0.024415,0.002136,0.214246,-0.081568,0.024232,-0.169165,0.026125,0.00531,0.339531,-0.094362,-0.02411,-0.080921,0.174482,0.0,-0.052193,0.0,0.0,0.0,-0.078479,-0.174482,0.0,-0.010841,0.0,0.0,0.0,0.0,0.0,0.0,0.0,0.0,0.0,0.0,0.0,-0.0,0.001953,-0.004883,0.0,0.000192,0.0,0.000064,0.0,-0.000064,0.0,-0.000192,0.0,0.0,0.0,0.005578,
0.0,4.486321,0.884673,-0.000066,0.0,1.570796,0.0,0.0,-0.00045,0.0,0.0,0.0,-0.096904,-0.024415,0.002136,0.214259,-0.081568,0.024232,-0.169213,0.026125,0.00531,0.339516,-0.094398,-0.02411,-0.080994,0.174482,0.0,-0.052242,0.0,0.0,0.0,-0.078773,-0.174482,0.0,-0.010865,0.0,0.0,0.0,0.0,0.0,-0.0,0.0,-0.0,0.0,0.0,0.0,-0.0,0.001953,-0.004883,0.0,0.000192,0.0,0.000064,0.0,-0.000064,0.0,-0.000192,0.0,0.0,0.0,0.005554,
0.0,4.486321,0.884669,-0.000066,0.0,1.570796,0.0,0.0,-0.000443,0.0,0.0,0.0,-0.096904,-0.024415,0.002136,0.214315,-0.081568,0.024232,-0.169213,0.026125,0.00531,0.339405,-0.094398,-0.02411,-0.081049,0.174482,0.0,-0.052315,0.0,0.0,0.0,-0.079066,-0.174482,-0.0,-0.010865,0.0,0.0,0.0,0.0,0.0,0.0,0.0,0.0,0.0,0.0,0.0,0.0,0.001953,-0.004883,0.0,0.000192,-0.0,0.000064,0.0,-0.000064,0.0,-0.000192,0.0,0.0,0.0,0.005554,
0.0,4.486321,0.884664,-0.000066,0.0,1.570796,0.0,0.0,-0.00045,0.0,0.0,0.0,-0.096904,-0.024415,0.002136,0.21437,-0.081568,0.024232,-0.169213,0.026125,0.00531,0.339293,-0.094398,-0.02411,-0.081104,0.174482,-0.0,-0.052389,0.0,0.0,0.0,-0.079359,-0.174482,0.0,-0.010865,0.0,0.0,0.0,-0.0,0.0,-0.0,0.0,0.0,0.0,0.0,0.0,-0.0,0.001953,-0.004883,0.0,0.000192,0.0,0.000064,0.0,-0.000064,0.0,-0.000192,0.0,0.0,0.0,0.005554,
0.0,4.486321,0.88466,-0.000066,0.0,1.570796,0.0,0.0,-0.00045,0.0,0.0,0.0,-0.096904,-0.024415,0.002136,0.214406,-0.081612,0.024232,-0.169213,0.026125,0.00531,0.33922,-0.094398,-0.02411,-0.08114,0.174482,0.0,-0.052437,0.0,0.0,0.0,-0.079633,-0.174482,0.0,-0.010886,0.0,0.0,0.0,0.0,0.0,-0.0,0.0,-0.0,0.0,0.0,0.0,0.0,0.001953,-0.004883,0.0,0.000192,0.0,0.000064,0.0,-0.000064,0.0,-0.000192,0.0,0.0,0.0,0.005554,
0.0,4.486321,0.884655,-0.000066,0.0,1.570796,0.0,0.0,-0.00045,0.0,0.0,0.0,-0.096904,-0.024415,0.002136,0.214406,-0.08174,0.024232,-0.169213,0.026125,0.00531,0.33922,-0.094398,-0.02411,-0.08114,0.174482,0.0,-0.052437,0.0,0.0,0.0,-0.079872,-0.174482,0.0,-0.010951,-0.0,0.0,0.0,0.0,0.0,-0.0,0.0,-0.0,0.0,0.0,0.0,0.0,0.001953,-0.004883,0.0,0.000192,0.0,0.000064,0.0,-0.000064,0.0,-0.000192,0.0,0.0,0.0,0.005554,
0.0,4.486321,0.884651,-0.000066,0.0,1.570796,0.0,0.0,-0.00045,0.0,0.0,0.0,-0.096904,-0.024415,0.002136,0.214406,-0.081868,0.024232,-0.169213,0.026125,0.00531,0.33922,-0.094398,-0.02411,-0.08114,0.174482,0.0,-0.052437,0.0,0.0,0.0,-0.08011,-0.174482,0.0,-0.011015,0.0,0.0,0.0,0.0,0.0,-0.0,0.0,-0.0,0.0,0.0,0.0,0.0,0.001953,-0.004883,0.0,0.000192,0.0,0.000064,0.0,-0.000064,0.0,-0.000192,0.0,0.0,0.0,0.005554,
0.0,4.486321,0.884647,-0.000066,0.0,1.570796,0.0,0.0,-0.000443,0.0,0.0,0.0,-0.096901,-0.024415,0.002136,0.214402,-0.081994,0.024232,-0.169212,0.026125,0.00531,0.339217,-0.094398,-0.02411,-0.081141,0.174482,0.0,-0.052437,0.0,0.0,0.0,-0.080348,-0.174482,-0.0,-0.011079,0.0,0.0,0.0,-0.0,0.0,-0.0,0.0,0.0,-0.0,-0.0,0.0,0.0,0.001953,-0.004883,0.0,0.000192,0.0,0.000064,0.0,-0.000064,0.0,-0.000192,0.0,0.0,0.0,0.005554,
0.0,4.486321,0.884647,-0.000066,0.0,1.570796,0.0,-0.0,0.000015,0.0,0.0,0.0,-0.096571,-0.024415,0.002136,0.213831,-0.081774,0.024232,-0.168991,0.026125,0.00531,0.338883,-0.094306,-0.02411,-0.081233,0.174482,0.0,-0.052437,0.0,0.0,0.0,-0.080586,-0.174482,0.0,-0.011143,0.0,0.0,0.0,0.0,0.0,0.0,0.0,0.0,0.0,0.0,0.0,0.0,0.001953,-0.004883,0.0,0.000192,0.0,0.000064,0.0,-0.000064,0.0,-0.000192,0.0,0.0,0.0,0.005554,
0.0,4.486321,0.884647,-0.000066,0.0,1.570796,0.0,-0.0,0.000015,0.0,0.0,0.0,-0.096241,-0.024415,0.002136,0.21326,-0.081554,0.024232,-0.168771,0.026125,0.00531,0.338548,-0.094214,-0.02411,-0.081324,0.174482,-0.0,-0.052437,0.0,0.0,0.0,-0.080825,-0.174482,0.0,-0.011207,0.0,0.0,0.0,0.0,0.0,-0.0,-0.0,0.0,0.0,-0.0,0.0,-0.0,0.001953,-0.004883,0.0,0.000192,0.0,0.000064,0.0,-0.000064,0.0,-0.000192,0.0,0.0,0.0,0.005554,
0.0,4.486321,0.884647,-0.000066,0.0,1.570796,0.0,-0.0,0.000015,0.0,0.0,0.0,-0.095911,-0.024415,0.002136,0.212689,-0.081334,0.024232,-0.16855,0.026125,0.00531,0.338214,-0.094123,-0.02411,-0.081416,0.174482,-0.0,-0.052437,-0.0,0.0,0.0,-0.081063,-0.174482,0.0,-0.011271,-0.0,0.0,0.0,0.0,0.0,0.0,0.0,-0.0,0.0,0.0,0.0,-0.0,0.001953,-0.004883,0.0,0.000192,-0.0,0.000064,0.0,-0.000064,0.0,-0.000192,0.0,0.0,0.0,0.005554,
0.0,4.486321,0.884647,-0.000066,0.0,1.570796,0.0,-0.0,0.000015,0.0,0.0,0.0,-0.095915,-0.024415,0.002136,0.212727,-0.081386,0.024232,-0.168565,0.026125,0.00531,0.338268,-0.094204,-0.02411,-0.081495,0.174482,0.0,-0.052486,0.0,0.0,0.0,-0.081252,-0.174482,-0.0,-0.011292,0.0,0.0,0.0,-0.0,0.0,0.0,0.0,0.0,0.0,0.0,0.0,0.0,0.001953,-0.004883,0.0,0.000192,0.0,0.000064,0.0,-0.000064,0.0,-0.000192,0.0,0.0,0.0,0.005554,
-0.0,4.486321,0.884647,-0.000066,0.0,1.570796,-0.0,-0.0,0.000015,0.0,0.0,0.0,-0.09608,-0.024415,0.002136,0.213058,-0.081569,0.024232,-0.168694,0.026125,0.00531,0.33851,-0.094369,-0.02411,-0.081569,0.174482,0.0,-0.052559,-0.0,0.0,0.0,-0.081417,-0.174482,-0.0,-0.011292,0.0,0.0,0.0,0.0,0.0,0.0,0.0,-0.0,0.0,-0.0,0.0,-0.0,0.001953,-0.004883,0.0,0.000192,0.0,0.000064,0.0,-0.000064,0.0,-0.000192,0.0,0.0,0.0,0.005554,
0.0,4.486321,0.884647,-0.000066,0.0,1.570796,0.0,-0.0,0.000015,0.0,0.0,0.0,-0.096245,-0.024415,0.002136,0.21339,-0.081753,0.024232,-0.168822,0.026125,0.00531,0.338751,-0.094534,-0.02411,-0.081642,0.174482,0.0,-0.052633,0.0,0.0,0.0,-0.081582,-0.174482,0.0,-0.011292,0.0,0.0,0.0,0.0,0.0,-0.0,0.0,0.0,0.0,0.0,0.0,0.0,0.001953,-0.004883,0.0,0.000192,0.0,0.000064,0.0,-0.000064,0.0,-0.000192,0.0,0.0,0.0,0.005554,
0.0,4.486321,0.884648,-0.000066,0.0,1.570796,0.0,-0.0,0.000015,0.0,0.0,0.0,-0.096304,-0.024415,0.002136,0.21352,-0.081849,0.024232,-0.168863,0.026125,0.00531,0.338828,-0.094643,-0.02411,-0.08169,0.174482,0.0,-0.052681,0.0,0.0,0.0,-0.081722,-0.174482,-0.0,-0.011292,0.0,0.0,0.0,0.0,0.0,-0.0,0.0,0.0,0.0,0.0,0.0,-0.0,0.001953,-0.004883,0.0,0.000192,0.0,0.000064,0.0,-0.000064,0.0,-0.000192,0.0,0.0,0.0,0.005586,
0.0,4.486321,0.884648,-0.000066,0.0,1.570796,0.0,-0.0,0.000015,0.0,0.0,0.0,-0.096157,-0.024415,0.002136,0.213262,-0.081775,0.024232,-0.168735,0.026125,0.00531,0.338586,-0.094643,-0.02411,-0.08169,0.174482,-0.0,-0.052681,0.0,0.0,0.0,-0.081813,-0.174482,0.0,-0.011292,0.0,0.0,0.0,-0.0,0.0,-0.0,0.0,-0.0,0.0,0.0,0.0,-0.0,0.001953,-0.004883,0.0,0.000192,0.0,0.000064,0.0,-0.000064,0.0,-0.000192,0.0,0.0,0.0,0.005677,
0.0,4.486321,0.884648,-0.000066,0.0,1.570796,0.0,-0.0,0.000015,0.0,0.0,0.0,-0.09601,-0.024415,0.002136,0.213005,-0.081702,0.024232,-0.168606,0.026125,0.00531,0.338345,-0.094643,-0.02411,-0.08169,0.174482,0.0,-0.052681,0.0,0.0,0.0,-0.081905,-0.174482,0.0,-0.011292,0.0,0.0,0.0,0.0,0.0,-0.0,0.0,0.0,0.0,0.0,0.0,0.0,0.001953,-0.004883,0.0,0.000192,0.0,0.000064,0.0,-0.000064,0.0,-0.000192,0.0,0.0,0.0,0.005769,
0.0,4.486321,0.884648,-0.000066,0.0,1.570796,0.0,-0.0,0.000015,0.0,0.0,0.0,-0.095864,-0.024415,0.002136,0.212746,-0.081629,0.024232,-0.168477,0.026125,0.00531,0.338103,-0.094642,-0.02411,-0.08169,0.174482,-0.0,-0.052681,0.0,0.0,0.0,-0.081996,-0.174482,0.0,-0.011292,0.0,0.0,0.0,-0.0,0.0,-0.0,0.0,-0.0,0.0,-0.0,0.0,-0.0,0.001953,-0.004883,0.0,0.000192,0.0,0.000064,0.0,-0.000064,0.0,-0.000192,0.0,-0.0,0.0,0.00586,
0.0,4.486321,0.884648,-0.000066,0.0,1.570796,0.0,-0.0,0.000015,0.0,0.0,0.0,-0.095699,-0.024415,0.002136,0.212452,-0.081555,0.024232,-0.168367,0.026125,0.00531,0.337843,-0.094532,-0.02411,-0.08169,0.174482,-0.0,-0.052681,0.0,0.0,0.0,-0.081996,-0.174482,0.0,-0.011292,0.0,0.0,0.0,-0.0,0.0,-0.0,0.0,-0.0,0.0,-0.0,0.0,-0.0,0.001953,-0.004883,0.0,0.000192,0.0,0.000064,0.0,-0.000064,0.0,-0.000192,0.0,-0.0,0.0,0.00586,
-0.0,4.486321,0.884648,-0.000066,0.0,1.570796,-0.0,-0.0,0.000015,0.0,0.0,0.0,-0.095534,-0.024415,0.002136,0.212157,-0.081482,0.024232,-0.168257,0.026125,0.00531,0.337583,-0.094422,-0.02411,-0.08169,0.174482,-0.0,-0.052681,0.0,0.0,0.0,-0.081996,-0.174482,0.0,-0.011292,0.0,0.0,0.0,0.0,0.0,-0.0,0.0,0.0,0.0,-0.0,0.0,-0.0,0.001953,-0.004883,0.0,0.000192,0.0,0.000064,0.0,-0.000064,0.0,-0.000192,0.0,-0.0,0.0,0.00586,
0.0,4.486321,0.884649,-0.000066,0.0,1.570796,0.0,-0.0,0.000015,0.0,0.0,0.0,-0.095369,-0.024415,0.002136,0.211863,-0.081409,0.024232,-0.168147,0.026125,0.00531,0.337323,-0.094312,-0.02411,-0.08169,0.174482,-0.0,-0.052681,0.0,0.0,0.0,-0.081996,-0.174482,0.0,-0.011292,0.0,0.0,0.0,0.0,0.0,-0.0,0.0,0.0,0.0,-0.0,0.0,-0.0,0.001953,-0.004883,0.0,0.000192,0.0,0.000064,0.0,-0.000064,0.0,-0.000192,0.0,-0.0,0.0,0.00586,
0.0,4.486321,0.884649,-0.000066,0.0,1.570796,0.0,-0.0,0.000015,0.0,0.0,0.0,-0.095315,-0.024415,0.002136,0.211829,-0.081403,0.024232,-0.168111,0.026125,0.00531,0.337201,-0.094276,-0.02411,-0.08169,0.174482,0.0,-0.052681,-0.0,0.0,0.0,-0.081996,-0.174482,0.0,-0.011341,0.0,0.0,0.0,0.0,0.0,0.0,0.0,0.0,0.0,0.0,0.0,0.0,0.001953,-0.004883,0.0,0.000192,-0.0,0.000064,0.0,-0.000064,0.0,-0.000192,0.0,-0.0,0.0,0.00586,
0.0,4.486321,0.884649,-0.000066,0.0,1.570796,0.0,-0.0,0.000015,0.0,0.0,0.0,-0.095315,-0.024415,0.002136,0.211921,-0.081431,0.024232,-0.168111,0.026125,0.00531,0.337145,-0.094276,-0.02411,-0.08169,0.174482,-0.0,-0.052681,0.0,0.0,0.0,-0.081996,-0.174482,0.0,-0.011415,0.0,0.0,0.0,0.0,0.0,-0.0,0.0,0.0,0.0,-0.0,0.0,-0.0,0.001953,-0.004883,0.0,0.000192,0.0,0.000064,0.0,-0.000064,0.0,-0.000192,0.0,-0.0,0.0,0.00586,
0.0,4.486321,0.884649,-0.000066,0.0,1.570796,0.0,-0.0,0.000015,0.0,0.0,0.0,-0.095315,-0.024415,0.002136,0.212013,-0.081458,0.024232,-0.168111,0.026125,0.00531,0.337089,-0.094276,-0.02411,-0.08169,0.174482,-0.0,-0.052681,0.0,0.0,0.0,-0.081996,-0.174482,0.0,-0.011488,-0.0,0.0,0.0,0.0,0.0,-0.0,0.0,0.0,0.0,-0.0,0.0,-0.0,0.001953,-0.004883,0.0,0.000192,0.0,0.000064,0.0,-0.000064,0.0,-0.000192,0.0,-0.0,0.0,0.00586,
0.0,4.486321,0.884649,-0.000066,0.0,1.570796,0.0,-0.0,0.000015,0.0,0.0,0.0,-0.095277,-0.024415,0.002136,0.212011,-0.081486,0.024232,-0.168061,0.026125,0.00531,0.336983,-0.094276,-0.02411,-0.08169,0.174482,0.0,-0.052681,0.0,0.0,0.0,-0.081996,-0.174482,0.0,-0.011536,0.0,0.0,0.0,0.0,0.0,0.0,0.0,0.0,0.0,-0.0,0.0,0.0,0.001953,-0.004883,0.0,0.000192,0.0,0.000064,0.0,-0.000064,0.0,-0.000192,0.0,0.0,0.0,0.005828,
-0.0,4.486321,0.884649,-0.000066,0.0,1.570796,-0.0,-0.0,0.000015,0.0,0.0,0.0,-0.095167,-0.024415,0.002136,0.211827,-0.081513,0.024232,-0.167914,0.026125,0.00531,0.336779,-0.094276,-0.02411,-0.08169,0.174482,0.0,-0.052681,0.0,0.0,0.0,-0.081996,-0.174482,0.0,-0.011536,0.0,0.0,0.0,0.0,0.0,0.0,0.0,-0.0,0.0,-0.0,0.0,-0.0,0.001953,-0.004883,0.0,0.000192,0.0,0.000064,0.0,-0.000064,0.0,-0.000192,0.0,0.0,0.0,0.005737,
0.0,4.486321,0.884649,-0.000066,0.0,1.570796,0.0,-0.0,0.000015,0.0,0.0,0.0,-0.095057,-0.024415,0.002136,0.211642,-0.081541,0.024232,-0.167767,0.026125,0.00531,0.336574,-0.094276,-0.02411,-0.08169,0.174482,0.0,-0.052681,0.0,0.0,0.0,-0.081996,-0.174482,0.0,-0.011536,0.0,0.0,0.0,0.0,0.0,0.0,0.0,0.0,0.0,-0.0,0.0,0.0,0.001953,-0.004883,0.0,0.000192,0.0,0.000064,0.0,-0.000064,0.0,-0.000192,0.0,0.0,0.0,0.005645,
0.0,4.486321,0.88465,-0.000066,0.0,1.570796,0.0,-0.0,0.000015,0.0,0.0,0.0,-0.094946,-0.024415,0.002136,0.211455,-0.081566,0.024232,-0.167619,0.026125,0.00531,0.336368,-0.094275,-0.02411,-0.08169,0.174482,-0.0,-0.052681,0.0,0.0,0.0,-0.081994,-0.174482,0.0,-0.011536,0.0,0.0,0.0,0.0,0.0,-0.0,-0.0,-0.0,0.0,-0.0,0.0,-0.0,0.001953,-0.004883,0.0,0.000192,0.0,0.000064,0.0,-0.000064,0.0,-0.000192,0.0,0.0,0.0,0.005554,
0.0,4.486321,0.884651,-0.000066,0.0,1.570796,0.0,-0.0,0.000137,0.0,0.0,0.0,-0.094634,-0.024415,0.002136,0.210866,-0.081328,0.024232,-0.167454,0.026125,0.00531,0.335978,-0.094128,-0.02411,-0.08169,0.174482,-0.0,-0.052681,0.0,0.0,0.0,-0.081811,-0.174482,0.0,-0.011536,0.0,0.0,0.0,0.0,0.0,-0.0,-0.0,-0.0,0.0,-0.0,0.0,-0.0,0.001953,-0.004883,0.0,0.000192,0.0,0.000064,0.0,-0.000064,0.0,-0.000192,0.0,0.0,0.0,0.005554,
-0.0,4.486321,0.884652,-0.000066,0.0,1.570796,-0.0,-0.0,0.000137,0.0,0.0,0.0,-0.094322,-0.024415,0.002136,0.210277,-0.08109,0.024232,-0.167289,0.026125,0.00531,0.335588,-0.093982,-0.02411,-0.08169,0.174482,-0.0,-0.052681,0.0,0.0,0.0,-0.081628,-0.174482,0.0,-0.011536,0.0,0.0,0.0,0.0,0.0,-0.0,-0.0,-0.0,0.0,-0.0,0.0,-0.0,0.001953,-0.004883,0.0,0.000192,-0.0,0.000064,0.0,-0.000064,0.0,-0.000192,0.0,0.0,0.0,0.005554,
0.0,4.486321,0.884654,-0.000066,0.0,1.570796,0.0,-0.0,0.000145,0.0,0.0,0.0,-0.094011,-0.024415,0.002136,0.209687,-0.080851,0.024232,-0.167123,0.026125,0.00531,0.335198,-0.093835,-0.02411,-0.08169,0.174482,-0.0,-0.052681,0.0,0.0,0.0,-0.081444,-0.174482,0.0,-0.011536,0.0,0.0,0.0,0.0,0.0,-0.0,-0.0,-0.0,0.0,-0.0,0.0,-0.0,0.001953,-0.004883,0.0,0.000192,0.0,0.000064,0.0,-0.000064,0.0,-0.000192,0.0,0.0,0.0,0.005554,
0.0,4.486321,0.884655,-0.000066,0.0,1.570796,-0.0,-0.0,0.000137,0.0,0.0,0.0,-0.093909,-0.024415,0.002136,0.209446,-0.080774,0.024232,-0.16702,0.026125,0.00531,0.334984,-0.093787,-0.02411,-0.081616,0.174482,0.0,-0.052619,0.0,0.0,0.0,-0.081298,-0.174482,-0.0,-0.011585,0.0,0.0,0.0,0.0,0.0,-0.0,0.0,0.0,0.0,0.0,0.0,0.0,0.001953,-0.004883,0.0,0.000192,0.0,0.000064,0.0,-0.000064,0.0,-0.000192,0.0,-0.0,0.0,0.005505,
0.0,4.486321,0.884656,-0.000066,0.0,1.570796,0.0,-0.0,0.000137,0.0,0.0,0.0,-0.093909,-0.024415,0.002136,0.209372,-0.080774,0.024232,-0.166946,0.026125,0.00531,0.334854,-0.093787,-0.02411,-0.081506,0.174482,0.0,-0.052528,0.0,0.0,0.0,-0.08117,-0.174482,0.0,-0.011659,0.0,0.0,0.0,0.0,0.0,0.0,0.0,0.0,0.0,0.0,0.0,0.0,0.001953,-0.004883,0.0,0.000192,0.0,0.000064,0.0,-0.000064,0.0,-0.000192,0.0,0.0,0.0,0.005432,
0.0,4.486321,0.884658,-0.000066,0.0,1.570796,0.0,-0.0,0.000137,0.0,0.0,0.0,-0.093909,-0.024415,0.002136,0.209299,-0.080774,0.024232,-0.166873,0.026125,0.00531,0.334724,-0.093787,-0.02411,-0.081396,0.174482,0.0,-0.052436,-0.0,0.0,0.0,-0.081042,-0.174482,0.0,-0.011732,0.0,0.0,0.0,0.0,0.0,-0.0,-0.0,0.0,0.0,0.0,0.0,-0.0,0.001953,-0.004883,0.0,0.000192,0.0,0.000064,0.0,-0.000064,0.0,-0.000192,0.0,0.0,0.0,0.005358,
0.0,4.486321,0.884659,-0.000066,0.0,1.570796,-0.0,-0.0,0.000137,0.0,0.0,0.0,-0.093947,-0.024415,0.002136,0.209351,-0.08083,0.024232,-0.166824,0.026125,0.00531,0.334638,-0.093787,-0.02411,-0.081324,0.174482,0.0,-0.052376,0.0,0.0,0.0,-0.080913,-0.174482,0.0,-0.01178,0.0,0.0,0.0,-0.0,0.0,0.0,0.0,0.0,0.0,-0.0,0.0,-0.0,0.001953,-0.004883,0.0,0.000192,0.0,0.000064,0.0,-0.000064,0.0,-0.000192,0.0,0.0,0.0,0.00531,
0.0,4.486321,0.884661,-0.000066,0.0,1.570796,0.0,-0.0,0.000137,0.0,0.0,0.0,-0.094057,-0.024415,0.002136,0.209645,-0.080995,0.024232,-0.166824,0.026125,0.00531,0.334638,-0.093787,-0.02411,-0.081324,0.174482,0.0,-0.052376,0.0,0.0,0.0,-0.080785,-0.174482,0.0,-0.01178,0.0,0.0,0.0,-0.0,0.0,0.0,0.0,0.0,0.0,-0.0,0.0,-0.0,0.001953,-0.004883,0.0,0.000192,0.0,0.000064,0.0,-0.000064,0.0,-0.000192,0.0,0.0,0.0,0.00531,
0.0,4.486321,0.884662,-0.000066,0.0,1.570796,0.0,-0.0,0.000145,0.0,0.0,0.0,-0.094167,-0.024415,0.002136,0.20994,-0.08116,0.024232,-0.166824,0.026125,0.00531,0.334638,-0.093787,-0.02411,-0.081324,0.174482,0.0,-0.052376,0.0,0.0,0.0,-0.080657,-0.174482,0.0,-0.01178,0.0,0.0,0.0,-0.0,0.0,0.0,0.0,0.0,0.0,-0.0,0.0,-0.0,0.001953,-0.004883,0.0,0.000192,0.0,0.000064,0.0,-0.000064,0.0,-0.000192,0.0,0.0,0.0,0.00531,
0.0,4.486321,0.884663,-0.000066,0.0,1.570796,0.0,-0.0,0.000137,0.0,0.0,0.0,-0.094275,-0.024415,0.002136,0.21023,-0.081323,0.024232,-0.166823,0.026125,0.00531,0.334635,-0.093787,-0.02411,-0.081323,0.174482,-0.0,-0.052376,0.0,0.0,0.0,-0.080529,-0.174482,0.0,-0.011781,-0.0,0.0,0.0,0.0,0.0,-0.0,0.0,-0.0,0.0,0.0,0.0,0.0,0.001953,-0.004883,0.0,0.000192,0.0,0.000064,0.0,-0.000064,0.0,-0.000192,0.0,0.0,0.0,0.00531,
0.0,4.486321,0.884665,-0.000066,0.0,1.570796,-0.0,-0.0,0.000137,0.0,0.0,0.0,-0.09411,-0.024415,0.002136,0.210009,-0.081231,0.024232,-0.166621,0.026125,0.00531,0.334245,-0.093713,-0.02411,-0.081231,0.174482,0.0,-0.052376,0.0,0.0,0.0,-0.0804,-0.174482,0.0,-0.011854,0.0,0.0,0.0,0.0,0.0,-0.0,0.0,-0.0,0.0,0.0,0.0,0.0,0.001953,-0.004883,0.0,0.000192,0.0,0.000064,0.0,-0.000064,0.0,-0.000192,0.0,0.0,0.0,0.00531,
0.0,4.486321,0.884666,-0.000066,0.0,1.570796,0.0,-0.0,0.000137,0.0,0.0,0.0,-0.093945,-0.024415,0.002136,0.209788,-0.08114,0.024232,-0.166419,0.026125,0.00531,0.333855,-0.09364,-0.02411,-0.08114,0.174482,0.0,-0.052376,0.0,0.0,0.0,-0.080272,-0.174482,0.0,-0.011927,0.0,0.0,0.0,0.0,0.0,0.0,0.0,0.0,0.0,0.0,0.0,-0.0,0.001953,-0.004883,0.0,0.000192,0.0,0.000064,0.0,-0.000064,0.0,-0.000192,0.0,0.0,0.0,0.00531,
-0.0,4.486321,0.884668,-0.000066,0.0,1.570796,-0.0,-0.0,0.000137,0.0,0.0,0.0,-0.09378,-0.024415,0.002136,0.209568,-0.081048,0.024232,-0.166216,0.026125,0.00531,0.333465,-0.093567,-0.02411,-0.081048,0.174482,0.0,-0.052376,0.0,0.0,0.0,-0.080144,-0.174482,0.0,-0.012001,0.0,0.0,0.0,0.0,0.0,0.0,0.0,0.0,0.0,0.0,0.0,0.0,0.001953,-0.004883,0.0,0.000192,-0.0,0.000064,0.0,-0.000064,0.0,-0.000192,0.0,0.0,0.0,0.00531,
0.0,4.486321,0.884669,-0.000066,0.0,1.570796,0.0,-0.0,0.000137,0.0,0.0,0.0,-0.093899,-0.024415,0.002136,0.209819,-0.081142,0.024232,-0.166151,0.026125,0.00531,0.333338,-0.093605,-0.02411,-0.081018,0.174482,0.0,-0.052326,0.0,0.0,0.0,-0.080052,-0.174482,0.0,-0.012024,0.0,0.0,0.0,0.0,0.0,0.0,0.0,-0.0,0.0,-0.0,0.0,0.0,0.001953,-0.004883,0.0,0.000192,0.0,0.000064,0.0,-0.000064,0.0,-0.000192,0.0,0.0,0.0,0.005261,
0.0,4.486321,0.88467,-0.000066,0.0,1.570796,0.0,-0.0,0.000137,0.0,0.0,0.0,-0.094156,-0.024415,0.002136,0.210298,-0.081325,0.024232,-0.166151,0.026125,0.00531,0.333338,-0.093696,-0.02411,-0.081018,0.174482,-0.0,-0.052253,0.0,0.0,0.0,-0.079979,-0.174482,0.0,-0.012024,0.0,0.0,0.0,-0.0,0.0,-0.0,0.0,-0.0,0.0,-0.0,0.0,0.0,0.001953,-0.004883,0.0,0.000192,0.0,0.000064,0.0,-0.000064,0.0,-0.000192,0.0,-0.0,0.0,0.005188,
0.0,4.486321,0.884672,-0.000066,0.0,1.570796,0.0,-0.0,0.000145,0.0,0.0,0.0,-0.094413,-0.024415,0.002136,0.210776,-0.081509,0.024232,-0.166151,0.026125,0.00531,0.333338,-0.093788,-0.02411,-0.081018,0.174482,-0.0,-0.05218,0.0,0.0,0.0,-0.079906,-0.174482,0.0,-0.012024,0.0,0.0,0.0,0.0,0.0,0.0,0.0,0.0,-0.0,0.0,0.0,0.0,0.001953,-0.004883,0.0,0.000192,0.0,0.000064,0.0,-0.000064,0.0,-0.000192,0.0,0.0,0.0,0.005114,
0.0,4.486321,0.884673,-0.000066,0.0,1.570796,0.0,-0.0,0.000137,0.0,0.0,0.0,-0.094582,-0.024415,0.002136,0.211091,-0.081623,0.024232,-0.166082,0.026125,0.00531,0.333211,-0.09384,-0.02411,-0.080999,0.174482,0.0,-0.052132,-0.0,0.0,0.0,-0.079858,-0.174482,0.0,-0.012056,0.0,0.0,0.0,0.0,0.0,-0.0,0.0,0.0,0.0,0.0,0.0,0.0,0.001953,-0.004883,0.0,0.000192,0.0,0.000064,0.0,-0.000064,0.0,-0.000192,0.0,-0.0,0.0,0.005035,
0.0,4.486321,0.884674,-0.000066,0.0,1.570796,-0.0,-0.0,0.000137,0.0,0.0,0.0,-0.094582,-0.024415,0.002136,0.211091,-0.081605,0.024232,-0.165879,0.026125,0.00531,0.33284,-0.093816,-0.02411,-0.080945,0.174482,-0.0,-0.052132,-0.0,0.0,0.0,-0.079858,-0.174482,0.0,-0.012147,0.0,0.0,0.0,0.0,0.0,0.0,0.0,0.0,0.0,-0.0,0.0,0.0,0.001953,-0.004883,0.0,0.000192,0.0,0.000064,0.0,-0.000064,0.0,-0.000192,0.0,0.0,0.0,0.004943,
0.0,4.486321,0.884676,-0.000066,0.0,1.570796,0.0,-0.0,0.000137,0.0,0.0,0.0,-0.094582,-0.024415,0.002136,0.211091,-0.081586,0.024232,-0.165677,0.026125,0.00531,0.332469,-0.093791,-0.02411,-0.08089,0.174482,-0.0,-0.052132,0.0,0.0,0.0,-0.079858,-0.174482,0.0,-0.012239,0.0,0.0,0.0,0.0,0.0,-0.0,0.0,-0.0,0.0,0.0,0.0,0.0,0.001953,-0.004883,0.0,0.000192,0.0,0.000064,0.0,-0.000064,0.0,-0.000192,0.0,-0.0,0.0,0.004852,
-0.0,4.486321,0.884677,-0.000066,0.0,1.570796,-0.0,-0.0,0.000137,0.0,0.0,0.0,-0.094582,-0.024415,0.002136,0.211091,-0.081568,0.024232,-0.165475,0.026125,0.00531,0.332098,-0.093767,-0.02411,-0.080835,0.174482,0.0,-0.052132,0.0,0.0,0.0,-0.079858,-0.174482,0.0,-0.01233,0.0,0.0,0.0,0.0,0.0,-0.0,0.0,0.0,0.0,0.0,0.0,0.0,0.001953,-0.004883,0.0,0.000192,0.0,0.000064,0.0,-0.000064,0.0,-0.000192,0.0,-0.0,0.0,0.00476,
0.0,4.486321,0.884675,-0.000066,0.0,1.570796,0.0,0.0,-0.000183,0.0,0.0,0.0,-0.094582,-0.024415,0.002136,0.210999,-0.08155,0.024232,-0.165273,0.026125,0.00531,0.331745,-0.093742,-0.02411,-0.080835,0.174482,-0.0,-0.052132,-0.0,0.0,0.0,-0.079858,-0.174482,0.0,-0.01233,0.0,0.0,0.0,0.0,0.0,0.0,0.0,-0.0,0.0,-0.0,0.0,0.0,0.001953,-0.004883,0.0,0.000192,0.0,0.000064,0.0,-0.000064,0.0,-0.000192,0.0,0.0,0.0,0.004613,
0.0,4.486321,0.884674,-0.000066,0.0,1.570796,0.0,0.0,-0.000183,0.0,0.0,0.0,-0.094582,-0.024415,0.002136,0.210907,-0.081531,0.024232,-0.165071,0.026125,0.00531,0.331392,-0.093718,-0.02411,-0.080835,0.174482,0.0,-0.052132,0.0,0.0,0.0,-0.079858,-0.174482,0.0,-0.01233,0.0,0.0,0.0,-0.0,0.0,-0.0,0.0,-0.0,0.0,0.0,0.0,0.0,0.001953,-0.004883,0.0,0.000192,0.0,0.000064,0.0,-0.000064,0.0,-0.000192,0.0,0.0,0.0,0.004467,
0.0,4.486321,0.884672,-0.000066,0.0,1.570796,0.0,0.0,-0.000183,0.0,0.0,0.0,-0.094582,-0.024415,0.002136,0.210814,-0.081513,0.024232,-0.164869,0.026125,0.00531,0.331039,-0.093693,-0.02411,-0.080835,0.174482,0.0,-0.052132,0.0,0.0,0.0,-0.079858,-0.174482,-0.0,-0.01233,0.0,0.0,0.0,0.0,0.0,-0.0,0.0,0.0,0.0,0.0,0.0,-0.0,0.001953,-0.004883,0.0,0.000192,0.0,0.000064,0.0,-0.000064,0.0,-0.000192,0.0,0.0,0.0,0.00432,
0.0,4.486321,0.88467,-0.000066,0.0,1.570796,0.0,0.0,-0.000183,0.0,0.0,0.0,-0.094582,-0.024415,0.002136,0.210859,-0.081495,0.024232,-0.164803,0.026125,0.00531,0.330925,-0.093669,-0.02411,-0.080946,0.174482,0.0,-0.052218,0.0,0.0,0.0,-0.079907,-0.174482,0.0,-0.012391,0.0,0.0,0.0,0.0,0.0,-0.0,0.0,-0.0,0.0,-0.0,0.0,-0.0,0.001953,-0.004883,0.0,0.000192,0.0,0.000064,0.0,-0.000064,0.0,-0.000192,0.0,-0.0,0.0,0.004198,
-0.0,4.486321,0.884668,-0.000066,0.0,1.570796,-0.0,0.0,-0.000183,0.0,0.0,0.0,-0.094582,-0.024415,0.002136,0.21097,-0.081476,0.024232,-0.164803,0.026125,0.00531,0.330925,-0.093644,-0.02411,-0.081111,0.174482,-0.0,-0.052346,0.0,0.0,0.0,-0.07998,-0.174482,0.0,-0.012483,-0.0,0.0,0.0,0.0,0.0,0.0,0.0,-0.0,0.0,0.0,0.0,-0.0,0.001953,-0.004883,0.0,0.000192,0.0,0.000064,0.0,-0.000064,0.0,-0.000192,0.0,0.0,0.0,0.004089,
0.0,4.486321,0.884666,-0.000066,0.0,1.570796,0.0,0.0,-0.000183,0.0,0.0,0.0,-0.094582,-0.024415,0.002136,0.21108,-0.081458,0.024232,-0.164803,0.026125,0.00531,0.330925,-0.09362,-0.02411,-0.081276,0.174482,0.0,-0.052475,0.0,0.0,0.0,-0.080054,-0.174482,0.0,-0.012575,0.0,0.0,0.0,-0.0,0.0,-0.0,0.0,-0.0,0.0,-0.0,0.0,-0.0,0.001953,-0.004883,0.0,0.000192,0.0,0.000064,0.0,-0.000064,0.0,-0.000192,0.0,-0.0,0.0,0.003979,
0.0,4.486321,0.884667,-0.000066,0.0,1.570796,0.0,-0.0,0.000053,0.0,0.0,0.0,-0.094488,-0.024415,0.002136,0.210977,-0.081402,0.024232,-0.164772,0.026125,0.00531,0.330848,-0.093604,-0.02411,-0.081422,0.174482,-0.0,-0.05259,-0.0,0.0,0.0,-0.080102,-0.174482,0.0,-0.012635,0.0,0.0,0.0,0.0,0.0,-0.0,0.0,-0.0,0.0,0.0,0.0,-0.0,0.001953,-0.004883,0.0,0.000192,0.0,0.000064,0.0,-0.000064,0.0,-0.000192,0.0,-0.0,0.0,0.003888,
0.0,4.486321,0.884672,-0.000066,0.0,1.570796,0.0,-0.0,0.000504,0.0,0.0,0.0,-0.094213,-0.024415,0.002136,0.210461,-0.081274,0.024232,-0.16468,0.026125,0.00531,0.330626,-0.093604,-0.02411,-0.081532,0.174482,0.0,-0.052682,0.0,0.0,0.0,-0.080102,-0.174482,0.0,-0.012635,0.0,0.0,0.0,-0.0,0.0,0.0,0.0,0.0,0.0,0.0,0.0,-0.0,0.001953,-0.004883,0.0,0.000192,0.0,0.000064,0.0,-0.000064,0.0,-0.000192,0.0,0.0,0.0,0.003833,
0.0,4.486321,0.884677,-0.000066,0.0,1.570796,0.0,-0.0,0.000504,0.0,0.0,0.0,-0.093938,-0.024415,0.002136,0.209945,-0.081145,0.024232,-0.164588,0.026125,0.00531,0.330403,-0.093604,-0.02411,-0.081642,0.174482,-0.0,-0.052773,0.0,0.0,0.0,-0.080102,-0.174482,0.0,-0.012635,0.0,0.0,0.0,-0.0,0.0,0.0,0.0,0.0,-0.0,0.0,0.0,0.0,0.001953,-0.004883,0.0,0.000192,0.0,0.000064,0.0,-0.000064,0.0,-0.000192,0.0,-0.0,0.0,0.003778,
-0.0,4.486321,0.884682,-0.000066,0.0,1.570796,-0.0,-0.0,0.000504,0.0,0.0,0.0,-0.093662,-0.024415,0.002136,0.209428,-0.081016,0.024232,-0.164495,0.026125,0.00531,0.330179,-0.093603,-0.02411,-0.081752,0.174482,0.0,-0.052865,0.0,0.0,0.0,-0.080101,-0.174482,0.0,-0.012635,0.0,0.0,0.0,0.0,0.0,-0.0,0.0,-0.0,0.0,0.0,0.0,0.0,0.001953,-0.004883,0.0,0.000192,0.0,0.000064,0.0,-0.000064,0.0,-0.000192,0.0,0.0,0.0,0.003723,
-0.0,4.486321,0.884687,-0.000066,0.0,1.570796,0.0,-0.0,0.000504,0.0,0.0,0.0,-0.093277,-0.024415,0.002136,0.208747,-0.080759,0.024232,-0.164312,0.026125,0.00531,0.329845,-0.093474,-0.02411,-0.081825,0.174482,0.0,-0.052938,0.0,0.0,0.0,-0.08001,-0.174482,0.0,-0.012709,0.0,0.0,0.0,0.0,0.0,0.0,0.0,-0.0,0.0,-0.0,0.0,-0.0,0.001953,-0.004883,0.0,0.000192,0.0,0.000064,0.0,-0.000064,0.0,-0.000192,0.0,0.0,0.0,0.003723,
0.0,4.486321,0.884692,-0.000066,0.0,1.570796,0.0,-0.0,0.000504,0.0,0.0,0.0,-0.092892,-0.024415,0.002136,0.208066,-0.080503,0.024232,-0.164128,0.026125,0.00531,0.329511,-0.093346,-0.02411,-0.081899,0.174482,0.0,-0.053011,0.0,0.0,0.0,-0.079918,-0.174482,0.0,-0.012782,0.0,0.0,0.0,-0.0,0.0,0.0,0.0,0.0,0.0,0.0,0.0,0.0,0.001953,-0.004883,0.0,0.000192,0.0,0.000064,0.0,-0.000064,0.0,-0.000192,0.0,0.0,0.0,0.003723,
0.0,4.486321,0.884697,-0.000066,0.0,1.570796,0.0,-0.0,0.000504,0.0,0.0,0.0,-0.092507,-0.024415,0.002136,0.207385,-0.080246,0.024232,-0.163944,0.026125,0.00531,0.329177,-0.093218,-0.02411,-0.081972,0.174482,0.0,-0.053085,0.0,0.0,0.0,-0.079826,-0.174482,0.0,-0.012855,0.0,0.0,0.0,0.0,0.0,-0.0,0.0,-0.0,-0.0,-0.0,0.0,-0.0,0.001953,-0.004883,0.0,0.000192,0.0,0.000064,0.0,-0.000064,0.0,-0.000192,0.0,0.0,0.0,0.003723,
0.0,4.486321,0.884702,-0.000066,0.0,1.570796,0.0,-0.0,0.000504,0.0,0.0,0.0,-0.092382,-0.024415,0.002136,0.207263,-0.080229,0.024232,-0.163984,0.026125,0.00531,0.329219,-0.093238,-0.02411,-0.082058,0.174482,-0.0,-0.053158,-0.0,-0.0,-0.0,-0.079735,-0.174482,-0.0,-0.012928,0.0,0.0,0.0,0.0,-0.0,0.0,0.0,0.0,-0.0,0.0,0.0,0.0,0.001953,-0.004883,0.0,0.000192,0.0,0.000064,0.0,-0.000064,0.0,-0.000192,0.0,-0.0,0.0,0.003674,
0.0,4.486321,0.884707,-0.000066,0.0,1.570796,0.0,-0.0,0.000504,0.0,0.0,0.0,-0.092382,-0.024415,0.002136,0.20741,-0.080327,0.024232,-0.164131,0.026125,0.00531,0.329442,-0.09333,-0.02411,-0.082149,0.174482,0.0,-0.053231,-0.0,0.0,0.0,-0.079643,-0.174482,0.0,-0.013002,-0.0,0.0,0.0,0.0,0.0,-0.0,0.0,0.0,0.0,0.0,0.0,0.0,0.001953,-0.004883,0.0,0.000192,0.0,0.000064,0.0,-0.000064,0.0,-0.000192,0.0,0.0,0.0,0.003601,
0.0,4.486321,0.884712,-0.000066,0.0,1.570796,-0.0,-0.0,0.000511,0.0,0.0,0.0,-0.092382,-0.024415,0.002136,0.207558,-0.080425,0.024232,-0.164278,0.026125,0.00531,0.329664,-0.093421,-0.02411,-0.082241,0.174482,-0.0,-0.053304,0.0,0.0,0.0,-0.079551,-0.174482,0.0,-0.013075,0.0,0.0,0.0,-0.0,0.0,0.0,0.0,-0.0,0.0,0.0,0.0,0.0,0.001953,-0.004883,-0.0,0.000192,0.0,0.000064,0.0,-0.000064,0.0,-0.000192,0.0,0.0,0.0,0.003527,
0.0,4.486321,0.884716,-0.000066,0.0,1.570796,0.0,-0.0,0.000336,0.0,0.0,0.0,-0.092438,-0.024415,0.002136,0.207724,-0.080522,0.024232,-0.164375,0.026125,0.00531,0.329811,-0.093482,-0.02411,-0.082301,0.174482,0.0,-0.053353,0.0,0.0,0.0,-0.079491,-0.174482,0.0,-0.013148,0.0,0.0,0.0,0.0,0.0,-0.0,0.0,-0.0,0.0,-0.0,0.0,-0.0,0.001953,-0.004883,0.0,0.000192,0.0,0.000064,0.0,-0.000064,0.0,-0.000192,0.0,-0.0,0.0,0.003479,
0.0,4.486321,0.884716,-0.000066,0.0,1.570796,0.0,-0.0,0.000008,0.0,0.0,0.0,-0.092603,-0.024415,0.002136,0.207926,-0.08062,0.024232,-0.164375,0.026125,0.00531,0.329811,-0.093482,-0.02411,-0.082301,0.174482,0.0,-0.053353,0.0,0.0,0.0,-0.079491,-0.174482,0.0,-0.013221,0.0,0.0,0.0,0.0,0.0,-0.0,0.0,-0.0,0.0,-0.0,0.0,-0.0,0.001953,-0.004883,0.0,0.000192,0.0,0.000064,0.0,-0.000064,0.0,-0.000192,0.0,-0.0,0.0,0.003479,
0.0,4.486321,0.884716,-0.000066,0.0,1.570796,0.0,-0.0,0.000015,0.0,0.0,0.0,-0.092768,-0.024415,0.002136,0.208129,-0.080718,0.024232,-0.164375,0.026125,0.00531,0.329811,-0.093482,-0.02411,-0.082301,0.174482,0.0,-0.053353,0.0,0.0,0.0,-0.079491,-0.174482,0.0,-0.013295,0.0,0.0,0.0,0.0,0.0,-0.0,0.0,-0.0,0.0,-0.0,0.0,-0.0,0.001953,-0.004883,0.0,0.000192,0.0,0.000064,0.0,-0.000064,0.0,-0.000192,0.0,-0.0,0.0,0.003479,
0.0,4.486321,0.884716,-0.000066,0.0,1.570796,0.0,-0.0,0.000008,0.0,0.0,0.0,-0.092932,-0.024415,0.002136,0.208331,-0.080816,0.024232,-0.164374,0.026125,0.00531,0.329809,-0.093481,-0.02411,-0.082301,0.174482,0.0,-0.053353,0.0,0.0,0.0,-0.079491,-0.174482,0.0,-0.013368,-0.0,0.0,0.0,0.0,0.0,-0.0,0.0,-0.0,0.0,-0.0,0.0,-0.0,0.001953,-0.004883,0.0,0.000192,0.0,0.000064,0.0,-0.000064,0.0,-0.000192,0.0,-0.0,0.0,0.003479,
0.0,4.486321,0.884716,-0.000066,0.0,1.570796,-0.0,-0.0,0.000015,0.0,0.0,0.0,-0.092932,-0.024415,0.002136,0.208441,-0.080913,0.024232,-0.1643,0.026125,0.00531,0.329586,-0.093371,-0.02411,-0.082301,0.174482,0.0,-0.053353,-0.0,-0.0,-0.0,-0.079491,-0.174482,0.0,-0.013441,0.0,0.0,0.0,0.0,-0.0,0.0,0.0,0.0,0.0,0.0,0.0,0.0,0.001953,-0.004883,0.0,0.000192,0.0,0.000064,0.0,-0.000064,0.0,-0.000192,0.0,-0.0,0.0,0.003414,
0.0,4.486321,0.884716,-0.000066,0.0,1.570796,0.0,-0.0,0.000008,0.0,0.0,0.0,-0.092932,-0.024415,0.002136,0.208552,-0.081011,0.024232,-0.164227,0.026125,0.00531,0.329363,-0.093261,-0.02411,-0.082301,0.174482,-0.0,-0.053353,0.0,0.0,0.0,-0.079491,-0.174482,0.0,-0.013514,0.0,0.0,0.0,0.0,0.0,0.0,0.0,0.0,0.0,0.0,0.0,-0.0,0.001953,-0.004883,0.0,0.000192,0.0,0.000064,0.0,-0.000064,0.0,-0.000192,0.0,0.0,0.0,0.00335,
0.0,4.486321,0.884716,-0.000066,0.0,1.570796,0.0,-0.0,0.000015,0.0,0.0,0.0,-0.092932,-0.024415,0.002136,0.208662,-0.081109,0.024232,-0.164153,0.026125,0.00531,0.329141,-0.093151,-0.02411,-0.082301,0.174482,-0.0,-0.053353,0.0,0.0,0.0,-0.079491,-0.174482,0.0,-0.013588,0.0,0.0,0.0,0.0,0.0,-0.0,0.0,-0.0,0.0,0.0,0.0,-0.0,0.001953,-0.004883,0.0,0.000192,0.0,0.000064,0.0,-0.000064,0.0,-0.000192,0.0,0.0,0.0,0.003286,
0.0,4.486321,0.88472,-0.000066,0.0,1.570796,-0.0,-0.0,0.000366,0.0,0.0,0.0,-0.092833,-0.024415,0.002136,0.208474,-0.081041,0.024232,-0.164043,0.026125,0.00531,0.328918,-0.093041,-0.02411,-0.082236,0.174482,0.0,-0.053353,0.0,0.0,0.0,-0.079491,-0.174482,0.0,-0.013673,0.0,0.0,0.0,0.0,0.0,-0.0,0.0,-0.0,0.0,0.0,0.0,-0.0,0.001953,-0.004883,0.0,0.000192,0.0,0.000064,0.0,-0.000064,0.0,-0.000192,0.0,0.0,0.0,0.003222,
0.0,4.486321,0.884725,-0.000066,0.0,1.570796,0.0,-0.0,0.000534,0.0,0.0,0.0,-0.092686,-0.024415,0.002136,0.208143,-0.080895,0.024232,-0.163914,0.026125,0.00531,0.328695,-0.092931,-0.02411,-0.08214,0.174482,0.0,-0.053353,0.0,0.0,0.0,-0.079491,-0.174482,0.0,-0.013765,0.0,0.0,0.0,0.0,0.0,0.0,0.0,0.0,-0.0,0.0,0.0,0.0,0.001953,-0.004883,0.0,0.000192,0.0,0.000064,0.0,-0.000064,0.0,-0.000192,0.0,0.0,0.0,0.003158,
0.0,4.486321,0.884731,-0.000066,0.0,1.570796,0.0,-0.0,0.000542,0.0,0.0,0.0,-0.092539,-0.024415,0.002136,0.207811,-0.080748,0.024232,-0.163785,0.026125,0.00531,0.328472,-0.092821,-0.02411,-0.082044,0.174482,0.0,-0.053353,-0.0,0.0,0.0,-0.079491,-0.174482,0.0,-0.013856,0.0,0.0,0.0,0.0,0.0,-0.0,0.0,0.0,0.0,0.0,0.0,0.0,0.001953,-0.004883,0.0,0.000192,0.0,0.000064,0.0,-0.000064,0.0,-0.000192,0.0,0.0,0.0,0.003094,
0.0,4.486321,0.884736,-0.000066,0.0,1.570796,0.0,-0.0,0.000542,0.0,0.0,0.0,-0.092443,-0.024415,0.002136,0.207568,-0.080652,0.024232,-0.163732,0.026125,0.00531,0.32837,-0.092748,-0.02411,-0.081947,0.174482,0.0,-0.053328,0.0,0.0,0.0,-0.079491,-0.174482,-0.0,-0.013954,-0.0,0.0,0.0,0.0,0.0,0.0,0.0,-0.0,0.0,0.0,0.0,-0.0,0.001953,-0.004883,0.0,0.000192,0.0,0.000064,0.0,-0.000064,0.0,-0.000192,0.0,-0.0,0.0,0.003052,
0.0,4.486321,0.884741,-0.000066,0.0,1.570796,0.0,-0.0,0.000534,0.0,0.0,0.0,-0.092443,-0.024415,0.002136,0.207494,-0.080652,0.024232,-0.163824,0.026125,0.00531,0.3285,-0.092748,-0.02411,-0.081851,0.174482,0.0,-0.053254,0.0,0.0,0.0,-0.079491,-0.174482,-0.0,-0.014064,0.0,0.0,0.0,-0.0,0.0,0.0,0.0,-0.0,0.0,0.0,0.0,0.0,0.001953,-0.004883,0.0,0.000192,0.0,0.000064,0.0,-0.000064,0.0,-0.000192,0.0,-0.0,0.0,0.003052,
0.0,4.486321,0.884747,-0.000066,0.0,1.570796,0.0,-0.0,0.000542,0.0,0.0,0.0,-0.092443,-0.024415,0.002136,0.207421,-0.080652,0.024232,-0.163916,0.026125,0.00531,0.32863,-0.092748,-0.02411,-0.081755,0.174482,0.0,-0.053181,0.0,0.0,0.0,-0.079491,-0.174482,-0.0,-0.014174,0.0,0.0,0.0,-0.0,0.0,0.0,0.0,0.0,0.0,0.0,0.0,0.0,0.001953,-0.004883,0.0,0.000192,0.0,0.000064,0.0,-0.000064,0.0,-0.000192,0.0,-0.0,0.0,0.003052,
0.0,4.486321,0.884752,-0.000066,0.0,1.570796,0.0,-0.0,0.000542,0.0,0.0,0.0,-0.092439,-0.024415,0.002136,0.20734,-0.080648,0.024232,-0.164006,0.026125,0.00531,0.328758,-0.092748,-0.02411,-0.081659,0.174482,0.0,-0.053108,0.0,0.0,0.0,-0.079491,-0.174482,-0.0,-0.014283,0.0,0.0,0.0,0.0,0.0,-0.0,0.0,0.0,0.0,0.0,0.0,-0.0,0.001953,-0.004883,0.0,0.000192,0.0,0.000064,0.0,-0.000064,0.0,-0.000192,0.0,-0.0,0.0,0.003052,
0.0,4.486321,0.884758,-0.000066,0.0,1.570796,0.0,-0.0,0.000534,0.0,0.0,0.0,-0.091962,-0.024415,0.002136,0.206493,-0.080245,0.024232,-0.163914,0.026125,0.00531,0.328609,-0.092748,-0.02411,-0.081563,0.174482,0.0,-0.053108,-0.0,0.0,0.0,-0.079491,-0.174482,-0.0,-0.014357,0.0,0.0,0.0,0.0,0.0,-0.0,0.0,-0.0,0.0,0.0,0.0,-0.0,0.001953,-0.004883,0.0,0.000192,0.0,0.000064,0.0,-0.000064,0.0,-0.000192,0.0,-0.0,0.0,0.003052,
0.0,4.486321,0.884763,-0.000066,0.0,1.570796,0.0,-0.0,0.000542,0.0,0.0,0.0,-0.091485,-0.024415,0.002136,0.205646,-0.079842,0.024232,-0.163823,0.026125,0.00531,0.328461,-0.092748,-0.02411,-0.081466,0.174482,0.0,-0.053108,-0.0,0.0,0.0,-0.079491,-0.174482,-0.0,-0.01443,0.0,0.0,0.0,0.0,0.0,-0.0,0.0,0.0,0.0,0.0,0.0,0.0,0.001953,-0.004883,0.0,0.000192,0.0,0.000064,0.0,-0.000064,0.0,-0.000192,0.0,-0.0,0.0,0.003052,
0.0,4.486321,0.884768,-0.000066,0.0,1.570796,0.0,-0.0,0.000542,0.0,0.0,0.0,-0.091009,-0.024415,0.002136,0.2048,-0.079439,0.024232,-0.163731,0.026125,0.00531,0.328312,-0.092748,-0.02411,-0.08137,0.174482,0.0,-0.053108,0.0,0.0,0.0,-0.079491,-0.174482,-0.0,-0.014503,0.0,0.0,0.0,0.0,0.0,0.0,0.0,-0.0,0.0,0.0,0.0,-0.0,0.001953,-0.004883,0.0,0.000192,0.0,0.000064,0.0,-0.000064,0.0,-0.000192,0.0,-0.0,0.0,0.003052,
0.0,4.486321,0.884774,-0.000066,0.0,1.570796,0.0,-0.0,0.000534,0.0,0.0,0.0,-0.090668,-0.024415,0.002136,0.204202,-0.079203,0.024232,-0.163751,0.026125,0.00531,0.328364,-0.092748,-0.02411,-0.081274,0.174482,0.0,-0.053034,0.0,0.0,0.0,-0.079578,-0.174482,0.0,-0.014589,0.0,0.0,0.0,0.0,0.0,-0.0,0.0,-0.0,0.0,-0.0,0.0,-0.0,0.001953,-0.004883,0.0,0.000192,0.0,0.000064,0.0,-0.000064,0.0,-0.000192,0.0,0.0,0.0,0.003002,
0.0,4.486321,0.884779,-0.000066,0.0,1.570796,0.0,-0.0,0.000542,0.0,0.0,0.0,-0.090394,-0.024415,0.002136,0.203723,-0.079047,0.024232,-0.163824,0.026125,0.00531,0.328513,-0.092748,-0.02411,-0.081178,0.174482,0.0,-0.052924,-0.0,0.0,0.0,-0.079706,-0.174482,-0.0,-0.01468,0.0,0.0,0.0,0.0,0.0,0.0,0.0,0.0,0.0,0.0,0.0,0.0,0.001953,-0.004883,0.0,0.000192,0.0,0.000064,0.0,-0.000064,0.0,-0.000192,0.0,-0.0,0.0,0.002929,
-0.0,4.486321,0.884785,-0.000066,0.0,1.570796,-0.0,-0.0,0.000542,0.0,0.0,0.0,-0.090119,-0.024415,0.002136,0.203244,-0.078891,0.024232,-0.163898,0.026125,0.00531,0.328661,-0.092748,-0.02411,-0.081082,0.174482,-0.0,-0.052814,0.0,0.0,0.0,-0.079834,-0.174482,-0.0,-0.014772,0.0,0.0,0.0,0.0,0.0,-0.0,0.0,-0.0,0.0,-0.0,0.0,-0.0,0.001953,-0.004883,0.0,0.000192,0.0,0.000064,0.0,-0.000064,0.0,-0.000192,0.0,0.0,0.0,0.002856,
0.0,4.486321,0.884789,-0.000066,0.0,1.570796,0.0,-0.0,0.000443,0.0,0.0,0.0,-0.089881,-0.024415,0.002136,0.202797,-0.078735,0.024232,-0.163984,0.026125,0.00531,0.328829,-0.092792,-0.02411,-0.080993,0.174482,0.0,-0.052742,0.0,0.0,0.0,-0.079944,-0.174482,0.0,-0.014864,0.0,0.0,0.0,0.0,0.0,0.0,0.0,0.0,0.0,0.0,0.0,-0.0,0.001953,-0.004883,0.0,0.000192,0.0,0.000064,0.0,-0.000064,0.0,-0.000192,0.0,0.0,0.0,0.002808,
0.0,4.486321,0.884792,-0.000066,0.0,1.570796,0.0,-0.0,0.000259,0.0,0.0,0.0,-0.089716,-0.024415,0.002136,0.202411,-0.07858,0.024232,-0.164094,0.026125,0.00531,0.329033,-0.092921,-0.02411,-0.08092,0.174482,0.0,-0.052742,-0.0,0.0,0.0,-0.080017,-0.174482,0.0,-0.014955,0.0,0.0,0.0,0.0,0.0,-0.0,0.0,-0.0,0.0,-0.0,0.0,-0.0,0.001953,-0.004883,0.0,0.000192,0.0,0.000064,0.0,-0.000064,0.0,-0.000192,0.0,0.0,0.0,0.002808,
0.0,4.486321,0.884794,-0.000066,0.0,1.570796,-0.0,-0.0,0.000259,0.0,0.0,0.0,-0.089551,-0.024415,0.002136,0.202024,-0.078424,0.024232,-0.164204,0.026125,0.00531,0.329237,-0.093049,-0.02411,-0.080847,0.174482,-0.0,-0.052742,-0.0,0.0,0.0,-0.08009,-0.174482,0.0,-0.015047,0.0,0.0,0.0,0.0,0.0,-0.0,0.0,-0.0,0.0,-0.0,0.0,-0.0,0.001953,-0.004883,0.0,0.000192,0.0,0.000064,0.0,-0.000064,0.0,-0.000192,0.0,0.0,0.0,0.002808,
