Base_Latation_X,Base_Latation_Y,Base_Latation_Z,Base_Rotation_Pitch,Base_Rotation_Yaw,Base_Rotation_Roll,Base_Linear_velocity_Pitch,Base_Linear_velocity_Yaw,Base_Linear_velocity_Roll,Base_Angular_velocityy_Pitch,Base_Angular_velocityy_Yaw,Base_Angular_velocityy_Roll,left_leg_pelvic_pitch_joint,left_leg_pelvic_roll_joint,left_leg_pelvic_yaw_joint,left_leg_knee_pitch_joint,left_leg_ankle_pitch_joint,left_leg_ankle_roll_joint,right_leg_pelvic_pitch_joint,right_leg_pelvic_roll_joint,right_leg_pelvic_yaw_joint,right_leg_knee_pitch_joint,right_leg_ankle_pitch_joint,right_leg_ankle_roll_joint,left_shoulder_pitch_joint,left_shoulder_roll_joint,left_shoulder_yaw_joint,left_elbow_pitch_joint,left_wrist_yaw_joint,left_wrist_pitch_joint,left_wrist_roll_joint,right_shoulder_pitch_joint,right_shoulder_roll_joint,right_shoulder_yaw_joint,right_elbow_pitch_joint,right_wrist_yaw_joint,right_wrist_pitch_joint,right_wrist_roll_joint,left_thumb_metacarpal_joint,left_thumb_proximal_joint,left_index_proximal_joint,left_index_distal_joint,left_middle_proximal_joint,left_middle_distal_joint,left_ring_proximal_joint,left_ring_distal_joint,left_pinky_proximal_joint,left_pinky_distal_joint,right_thumb_metacarpal_joint,right_thumb_proximal_joint,right_index_proximal_joint,right_index_distal_joint,right_middle_proximal_joint,right_middle_distal_joint,right_ring_proximal_joint,right_ring_distal_joint,right_pinky_proximal_joint,right_pinky_distal_joint,head_yaw_joint,head_pitch_joint,waist_yaw_joint
0.0,-0.000059,0.880749,-0.000066,0.0,0.0,0.0,-0.005853,88.074852,157.072966,0.0,0.0,-0.143744,-0.024171,0.003479,0.279297,-0.11035,0.024415,-0.157639,0.02588,0.005005,0.306382,-0.099593,-0.024293,-0.101915,0.174482,0.0,-0.061779,0.0,0.0,0.0,-0.106071,-0.174482,0.0,-0.036624,0.0,0.0,0.0,-0.0,0.0,-0.0,0.0,-0.0,0.0,-0.0,0.0,0.0,0.001953,-0.005005,0.0,0.000196,0.0,0.000065,0.0,-0.000065,0.0,-0.000196,0.0,0.0,0.0,0.010437,
0.0,-0.000143,0.880674,-0.000066,0.0,1.570796,0.0,-0.00849,-0.007454,0.0,0.0,157.079596,-0.144625,-0.024171,0.003479,0.280832,-0.110992,0.024415,-0.158447,0.02588,0.005005,0.307753,-0.100161,-0.024293,-0.101796,0.174482,0.0,-0.061779,0.0,0.0,0.0,-0.105594,-0.174482,0.0,-0.036514,0.0,0.0,0.0,0.0,0.0,0.0,0.0,0.0,-0.0,0.0,0.0,-0.0,0.001953,-0.005005,0.0,0.000196,-0.0,0.000065,0.0,-0.000065,0.0,-0.000196,0.0,-0.0,0.0,0.010382,
0.0,-0.000228,0.880599,-0.000066,0.0,1.570796,0.0,-0.00849,-0.007462,0.0,0.0,0.0,-0.145506,-0.024171,0.003479,0.282367,-0.111634,0.024415,-0.159255,0.02588,0.005005,0.309125,-0.100729,-0.024293,-0.101677,0.174482,0.0,-0.061779,0.0,0.0,0.0,-0.105118,-0.174482,0.0,-0.036404,-0.0,0.0,0.0,0.0,0.0,-0.0,0.0,-0.0,0.0,0.0,0.0,0.0,0.001953,-0.005005,0.0,0.000196,0.0,0.000065,0.0,-0.000065,0.0,-0.000196,0.0,0.0,0.0,0.010328,
0.0,-0.000313,0.880525,-0.000066,0.0,1.570796,0.0,-0.00849,-0.007454,0.0,0.0,0.0,-0.146388,-0.024171,0.003479,0.283902,-0.112276,0.024415,-0.160063,0.02588,0.005005,0.310496,-0.101298,-0.024293,-0.101557,0.174482,0.0,-0.061779,-0.0,0.0,0.0,-0.104641,-0.174482,0.0,-0.036295,-0.0,0.0,0.0,0.0,0.0,0.0,0.0,-0.0,0.0,-0.0,0.0,-0.0,0.001953,-0.005005,0.0,0.000196,0.0,0.000065,0.0,-0.000065,0.0,-0.000196,0.0,0.0,0.0,0.010273,
0.0,-0.000398,0.880458,-0.000066,0.0,1.570796,0.0,-0.008444,-0.006707,0.0,0.0,0.0,-0.146583,-0.024171,0.003479,0.284105,-0.11252,0.024415,-0.160382,0.02588,0.005005,0.310953,-0.101634,-0.024293,-0.101438,0.174482,-0.0,-0.06173,0.0,0.0,0.0,-0.104213,-0.174482,0.0,-0.036173,-0.0,0.0,-0.0,0.0,0.0,-0.0,0.0,0.0,0.0,0.0,0.0,0.0,0.001953,-0.005005,0.0,0.000196,0.0,0.000065,0.0,-0.000065,0.0,-0.000196,0.0,-0.0,0.0,0.010205,
0.0,-0.000482,0.880395,-0.000066,0.0,1.570796,0.0,-0.008421,-0.006325,0.0,0.0,0.0,-0.146437,-0.024171,0.003479,0.283643,-0.112566,0.024415,-0.160455,0.02588,0.005005,0.310953,-0.101854,-0.024293,-0.101319,0.174482,0.0,-0.061657,-0.0,0.0,-0.0,-0.10381,-0.174482,0.0,-0.036044,0.0,0.0,0.0,0.0,0.0,0.0,0.0,0.0,0.0,-0.0,0.0,0.0,0.001953,-0.005005,0.0,0.000196,0.0,0.000065,0.0,-0.000065,0.0,-0.000196,0.0,0.0,0.0,0.010132,
-0.0,-0.000566,0.880331,-0.000066,0.0,1.570796,-0.0,-0.008421,-0.006325,0.0,0.0,0.0,-0.14629,-0.024171,0.003479,0.28318,-0.112612,0.024415,-0.160529,0.02588,0.005005,0.310953,-0.102074,-0.024293,-0.1012,0.174482,0.0,-0.061584,0.0,0.0,0.0,-0.103406,-0.174482,0.0,-0.035916,0.0,0.0,0.0,0.0,0.0,0.0,0.0,0.0,0.0,0.0,0.0,0.0,0.001953,-0.005005,0.0,0.000196,0.0,0.000065,0.0,-0.000065,0.0,-0.000196,0.0,-0.0,0.0,0.010059,
0.0,-0.000649,0.880275,-0.000066,0.0,1.570796,0.0,-0.008244,-0.005593,0.0,0.0,0.0,-0.146118,-0.024171,0.003479,0.282669,-0.112658,0.024415,-0.160541,0.02588,0.005005,0.310811,-0.10222,-0.024293,-0.101084,0.174482,0.0,-0.061535,0.0,0.0,0.0,-0.103033,-0.174482,0.0,-0.035782,0.0,0.0,0.0,-0.0,0.0,0.0,0.0,-0.0,0.0,0.0,0.0,0.0,0.001953,-0.005005,0.0,0.000196,0.0,0.000065,0.0,-0.000065,0.0,-0.000196,0.0,0.0,0.0,0.00998,
0.0,-0.000727,0.880234,-0.000066,0.0,1.570796,0.0,-0.007889,-0.004113,0.0,0.0,0.0,-0.145898,-0.024171,0.003479,0.282058,-0.112703,0.024415,-0.160431,0.02588,0.005005,0.310385,-0.10222,-0.024293,-0.100974,0.174482,-0.0,-0.061535,0.0,0.0,0.0,-0.102722,-0.174482,0.0,-0.035635,0.0,0.0,0.0,0.0,0.0,-0.0,0.0,-0.0,0.0,-0.0,0.0,-0.0,0.001953,-0.005005,-0.0,0.000196,0.0,0.000065,0.0,-0.000065,0.0,-0.000196,0.0,-0.0,0.0,0.009888,
0.0,-0.000806,0.880193,-0.000066,0.0,1.570796,0.0,-0.007889,-0.00412,0.0,0.0,0.0,-0.145678,-0.024171,0.003479,0.281448,-0.112749,0.024415,-0.160321,0.02588,0.005005,0.309958,-0.10222,-0.024293,-0.100864,0.174482,0.0,-0.061535,0.0,0.0,0.0,-0.10241,-0.174482,0.0,-0.035489,-0.0,-0.0,-0.0,0.0,0.0,-0.0,0.0,0.0,-0.0,-0.0,0.0,-0.0,0.001953,-0.005005,-0.0,0.000196,0.0,0.000065,0.0,-0.000065,0.0,-0.000196,0.0,0.0,0.0,0.009796,
0.0,-0.000885,0.880152,-0.000066,0.0,1.570796,0.0,-0.007889,-0.004113,0.0,0.0,0.0,-0.145457,-0.024171,0.003479,0.280838,-0.112795,0.024415,-0.16021,0.02588,0.005005,0.309532,-0.10222,-0.024293,-0.100754,0.174482,-0.0,-0.061535,0.0,0.0,-0.0,-0.102098,-0.174482,0.0,-0.035342,0.0,0.0,0.0,-0.0,0.0,0.0,0.0,-0.0,0.0,-0.0,0.0,-0.0,0.001953,-0.005005,0.0,0.000196,0.0,0.000065,0.0,-0.000065,0.0,-0.000196,0.0,0.0,0.0,0.009705,
0.0,-0.000956,0.880129,-0.000066,0.0,1.570796,-0.0,-0.007108,-0.00232,0.0,0.0,0.0,-0.145164,-0.024171,0.003479,0.280117,-0.112648,0.024415,-0.159861,0.02588,0.005005,0.308698,-0.102092,-0.024293,-0.100644,0.174482,-0.0,-0.061443,0.0,0.0,0.0,-0.101805,-0.174482,0.0,-0.035177,0.0,0.0,0.0,0.0,0.0,-0.0,0.0,0.0,0.0,0.0,0.0,-0.0,0.001953,-0.005005,0.0,0.000196,0.0,0.000065,0.0,-0.000065,0.0,-0.000196,0.0,0.0,0.0,0.009632,
0.0,-0.001027,0.880106,-0.000066,0.0,1.570796,0.0,-0.007108,-0.00232,0.0,0.0,0.0,-0.14487,-0.024171,0.003479,0.279395,-0.112502,0.024415,-0.159512,0.02588,0.005005,0.307864,-0.101964,-0.024293,-0.100534,0.174482,0.0,-0.061352,0.0,0.0,0.0,-0.101512,-0.174482,-0.0,-0.035013,0.0,0.0,0.0,-0.0,0.0,-0.0,0.0,-0.0,0.0,0.0,0.0,-0.0,0.001953,-0.005005,0.0,0.000196,0.0,0.000065,0.0,-0.000065,0.0,-0.000196,0.0,0.0,0.0,0.009558,
0.0,-0.001098,0.880082,-0.000066,0.0,1.570796,0.0,-0.007108,-0.002327,0.0,0.0,0.0,-0.144576,-0.024171,0.003479,0.278674,-0.112355,0.024415,-0.159163,0.02588,0.005005,0.307031,-0.101835,-0.024293,-0.100424,0.174482,0.0,-0.06126,-0.0,0.0,0.0,-0.101218,-0.174482,0.0,-0.034848,0.0,0.0,0.0,0.0,0.0,-0.0,0.0,-0.0,0.0,0.0,0.0,0.0,0.001953,-0.005005,0.0,0.000196,0.0,0.000065,0.0,-0.000065,0.0,-0.000196,0.0,0.0,0.0,0.009485,
0.0,-0.001165,0.880062,-0.000066,0.0,1.570796,0.0,-0.006609,-0.00203,0.0,0.0,0.0,-0.144478,-0.024171,0.003479,0.278335,-0.112379,0.024415,-0.158998,0.02588,0.005005,0.306567,-0.101829,-0.024293,-0.100326,0.174482,0.0,-0.06123,0.0,0.0,0.0,-0.100949,-0.174482,0.0,-0.034683,0.0,0.0,0.0,-0.0,0.0,0.0,0.0,-0.0,0.0,0.0,0.0,0.0,0.001953,-0.005005,0.0,0.000196,0.0,0.000065,0.0,-0.000065,0.0,-0.000196,0.0,0.0,0.0,0.009412,
-0.0,-0.001228,0.880043,-0.000066,0.0,1.570796,-0.0,-0.00636,-0.001893,0.0,0.0,0.0,-0.144478,-0.024171,0.003479,0.278187,-0.11249,0.024415,-0.158924,0.02588,0.005005,0.306289,-0.101884,-0.024293,-0.100234,0.174482,0.0,-0.06123,0.0,0.0,0.0,-0.100693,-0.174482,0.0,-0.034518,0.0,0.0,0.0,-0.0,0.0,-0.0,0.0,-0.0,0.0,-0.0,0.0,-0.0,0.001953,-0.005005,-0.0,0.000196,0.0,0.000065,0.0,-0.000065,0.0,-0.000196,0.0,0.0,0.0,0.009339,
0.0,-0.001292,0.880024,-0.000066,0.0,1.570796,0.0,-0.00636,-0.001893,0.0,0.0,0.0,-0.144478,-0.024171,0.003479,0.278039,-0.1126,0.024415,-0.158851,0.02588,0.005005,0.306011,-0.101939,-0.024293,-0.100143,0.174482,0.0,-0.06123,0.0,-0.0,0.0,-0.100436,-0.174482,0.0,-0.034353,0.0,0.0,0.0,0.0,-0.0,0.0,0.0,0.0,0.0,0.0,-0.0,0.0,0.001953,-0.005005,0.0,0.000196,-0.0,0.000065,0.0,-0.000065,0.0,-0.000196,0.0,0.0,0.0,0.009265,
0.0,-0.001355,0.880005,-0.000066,0.0,1.570796,0.0,-0.00636,-0.001893,0.0,0.0,0.0,-0.144515,-0.024171,0.003479,0.277941,-0.112743,0.024415,-0.158839,0.02588,0.005005,0.305851,-0.102043,-0.024293,-0.100081,0.174482,-0.0,-0.06123,0.0,0.0,0.0,-0.100191,-0.174482,0.0,-0.034207,0.0,0.0,0.0,0.0,0.0,0.0,0.0,-0.0,0.0,0.0,0.0,0.0,0.001953,-0.005005,0.0,0.000196,0.0,0.000065,0.0,-0.000065,0.0,-0.000196,0.0,0.0,0.0,0.009217,
0.0,-0.001419,0.879986,-0.000066,0.0,1.570796,0.0,-0.00636,-0.001885,0.0,0.0,0.0,-0.144625,-0.024171,0.003479,0.277941,-0.112954,0.024415,-0.158949,0.02588,0.005005,0.305925,-0.102245,-0.024293,-0.100081,0.174482,-0.0,-0.06123,0.0,0.0,0.0,-0.099971,-0.174482,0.0,-0.034097,0.0,0.0,0.0,0.0,0.0,0.0,0.0,-0.0,0.0,0.0,0.0,0.0,0.001953,-0.005005,0.0,0.000196,0.0,0.000065,0.0,-0.000065,0.0,-0.000196,0.0,0.0,0.0,0.009217,
0.0,-0.001483,0.879967,-0.000066,0.0,1.570796,0.0,-0.00636,-0.001893,0.0,0.0,0.0,-0.144735,-0.024171,0.003479,0.277941,-0.113165,0.024415,-0.159059,0.02588,0.005005,0.305999,-0.102447,-0.024293,-0.100081,0.174482,-0.0,-0.06123,0.0,0.0,0.0,-0.099751,-0.174482,0.0,-0.033987,-0.0,-0.0,-0.0,0.0,0.0,0.0,0.0,-0.0,0.0,0.0,0.0,0.0,0.001953,-0.005005,-0.0,0.000196,-0.0,0.000065,0.0,-0.000065,0.0,-0.000196,0.0,0.0,0.0,0.009217,
0.0,-0.001546,0.879949,-0.000066,0.0,1.570796,0.0,-0.00636,-0.001893,0.0,0.0,0.0,-0.144845,-0.024171,0.003479,0.277941,-0.113376,0.024415,-0.159169,0.02588,0.005005,0.306073,-0.102648,-0.024293,-0.100081,0.174482,0.0,-0.06123,0.0,0.0,0.0,-0.099531,-0.174482,0.0,-0.033877,0.0,0.0,-0.0,-0.0,0.0,-0.0,0.0,0.0,0.0,-0.0,0.0,-0.0,0.001953,-0.005005,0.0,0.000196,0.0,0.000065,0.0,-0.000065,0.0,-0.000196,0.0,0.0,0.0,0.009217,
0.0,-0.001614,0.879919,-0.000066,0.0,1.570796,0.0,-0.006806,-0.002923,0.0,0.0,0.0,-0.144956,-0.024171,0.003479,0.27807,-0.113587,0.024415,-0.159371,0.02588,0.005005,0.306296,-0.10296,-0.024293,-0.100008,0.174482,-0.0,-0.06123,0.0,0.0,0.0,-0.09922,-0.174482,0.0,-0.033731,0.0,0.0,0.0,-0.0,0.0,0.0,0.0,-0.0,0.0,-0.0,0.0,0.0,0.001953,-0.005005,0.0,0.000196,0.0,0.000065,0.0,-0.000065,0.0,-0.000196,0.0,0.0,0.0,0.009125,
0.0,-0.001682,0.87989,-0.000066,0.0,1.570796,0.0,-0.006806,-0.00293,0.0,0.0,0.0,-0.145066,-0.024171,0.003479,0.2782,-0.113798,0.024415,-0.159574,0.02588,0.005005,0.306518,-0.103272,-0.024293,-0.099935,0.174482,-0.0,-0.06123,0.0,0.0,0.0,-0.098908,-0.174482,0.0,-0.033584,0.0,0.0,0.0,0.0,0.0,0.0,0.0,0.0,0.0,-0.0,0.0,0.0,0.001953,-0.005005,0.0,0.000196,0.0,0.000065,0.0,-0.000065,0.0,-0.000196,0.0,0.0,0.0,0.009034,
0.0,-0.00175,0.879861,-0.000066,0.0,1.570796,0.0,-0.006806,-0.002923,0.0,0.0,0.0,-0.145176,-0.024171,0.003479,0.278329,-0.114009,0.024415,-0.159776,0.02588,0.005005,0.30674,-0.103583,-0.024293,-0.099861,0.174482,-0.0,-0.06123,0.0,0.0,0.0,-0.098596,-0.174482,0.0,-0.033438,0.0,0.0,0.0,0.0,0.0,0.0,0.0,0.0,0.0,-0.0,0.0,-0.0,0.001953,-0.005005,0.0,0.000196,0.0,0.000065,0.0,-0.000065,0.0,-0.000196,0.0,0.0,0.0,0.008942,
0.0,-0.001808,0.879826,-0.000066,0.0,1.570796,0.0,-0.005812,-0.003495,0.0,0.0,0.0,-0.14509,-0.024171,0.003479,0.278052,-0.114079,0.024415,-0.159843,0.02588,0.005005,0.306765,-0.103895,-0.024293,-0.099837,0.174482,0.0,-0.06123,0.0,0.0,0.0,-0.09826,-0.174482,0.0,-0.033316,0.0,0.0,0.0,-0.0,0.0,0.0,-0.0,0.0,0.0,-0.0,0.0,0.0,0.001953,-0.005005,0.0,0.000196,0.0,0.000065,0.0,-0.000065,0.0,-0.000196,0.0,0.0,0.0,0.008911,
0.0,-0.001862,0.879788,-0.000066,0.0,1.570796,0.0,-0.005314,-0.003777,0.0,0.0,0.0,-0.144907,-0.024171,0.003479,0.277571,-0.114079,0.024415,-0.159843,0.02588,0.005005,0.306691,-0.104207,-0.024293,-0.099837,0.174482,0.0,-0.06123,0.0,0.0,0.0,-0.097912,-0.174482,0.0,-0.033206,0.0,0.0,0.0,-0.0,0.0,0.0,-0.0,0.0,0.0,-0.0,0.0,0.0,0.001953,-0.005005,0.0,0.000196,0.0,0.000065,-0.0,-0.000065,0.0,-0.000196,0.0,0.0,0.0,0.008911,
0.0,-0.001915,0.87975,-0.000066,0.0,1.570796,0.0,-0.005314,-0.003769,0.0,0.0,0.0,-0.144723,-0.024171,0.003479,0.27709,-0.114079,0.024415,-0.159843,0.02588,0.005005,0.306617,-0.104519,-0.024293,-0.099837,0.174482,0.0,-0.06123,0.0,0.0,0.0,-0.097564,-0.174482,0.0,-0.033096,0.0,0.0,0.0,-0.0,0.0,0.0,-0.0,0.0,0.0,-0.0,0.0,0.0,0.001953,-0.005005,0.0,0.000196,0.0,0.000065,0.0,-0.000065,0.0,-0.000196,0.0,0.0,0.0,0.008911,
0.0,-0.001958,0.87971,-0.000066,0.0,1.570796,0.0,-0.004309,-0.004036,0.0,0.0,0.0,-0.144625,-0.024171,0.003479,0.276794,-0.114195,0.024415,-0.159929,0.02588,0.004987,0.306703,-0.10492,-0.024293,-0.099837,0.174482,0.0,-0.06123,0.0,0.0,0.0,-0.097191,-0.174482,0.0,-0.033004,-0.0,0.0,0.0,0.0,0.0,0.0,0.0,-0.0,0.0,0.0,0.0,0.0,0.001953,-0.005005,0.0,0.000196,0.0,0.000065,0.0,-0.000065,0.0,-0.000196,0.0,0.0,0.0,0.008966,
0.0,-0.001981,0.879665,-0.000066,0.0,1.570796,0.0,-0.0023,-0.00454,0.0,0.0,0.0,-0.144698,-0.024171,0.003479,0.276868,-0.114544,0.024415,-0.160186,0.02588,0.004932,0.307111,-0.105501,-0.024293,-0.099837,0.174482,0.0,-0.06123,0.0,0.0,0.0,-0.096769,-0.174482,0.0,-0.032949,0.0,0.0,0.0,0.0,0.0,0.0,0.0,0.0,0.0,-0.0,0.0,-0.0,0.001953,-0.005005,0.0,0.000196,-0.0,0.000065,0.0,-0.000065,0.0,-0.000196,0.0,0.0,0.0,0.009131,
0.0,-0.002004,0.879619,-0.000066,0.0,1.570796,0.0,-0.0023,-0.004547,0.0,0.0,0.0,-0.144772,-0.024171,0.003479,0.276942,-0.114892,0.024415,-0.160443,0.02588,0.004877,0.307518,-0.106081,-0.024293,-0.099837,0.174482,-0.0,-0.06123,0.0,0.0,0.0,-0.096348,-0.174482,0.0,-0.032894,0.0,0.0,0.0,-0.0,0.0,0.0,0.0,0.0,0.0,0.0,0.0,0.0,0.001953,-0.005005,0.0,0.000196,0.0,0.000065,0.0,-0.000065,0.0,-0.000196,0.0,-0.0,0.0,0.009296,
0.0,-0.002027,0.879574,-0.000066,0.0,1.570796,0.0,-0.0023,-0.00454,0.0,0.0,0.0,-0.144845,-0.024171,0.003479,0.277016,-0.115241,0.024415,-0.1607,0.02588,0.004822,0.307926,-0.106662,-0.024293,-0.099837,0.174482,0.0,-0.06123,0.0,0.0,0.0,-0.095926,-0.174482,0.0,-0.032839,0.0,0.0,0.0,0.0,0.0,-0.0,0.0,-0.0,0.0,-0.0,0.0,-0.0,0.001953,-0.005005,0.0,0.000196,0.0,0.000065,0.0,-0.000065,0.0,-0.000196,0.0,-0.0,0.0,0.009461,
0.0,-0.001995,0.879534,-0.000066,0.0,1.570796,0.0,0.003228,-0.00399,0.0,0.0,0.0,-0.144845,-0.024171,0.003552,0.277016,-0.115745,0.024415,-0.1607,0.02588,0.004822,0.308,-0.107243,-0.024293,-0.099837,0.174482,0.0,-0.06123,0.0,0.0,0.0,-0.095413,-0.174482,0.0,-0.032583,0.0,0.0,0.0,0.0,0.0,-0.0,0.0,-0.0,0.0,-0.0,0.0,-0.0,0.001953,-0.005005,0.0,0.000196,0.0,0.000065,0.0,-0.000065,0.0,-0.000196,0.0,-0.0,0.0,0.009461,
-0.0,-0.001962,0.879494,-0.000066,0.0,1.570796,-0.0,0.003228,-0.00399,0.0,0.0,0.0,-0.144845,-0.024171,0.003626,0.277016,-0.116249,0.024415,-0.1607,0.02588,0.004822,0.308074,-0.107823,-0.024293,-0.099837,0.174482,0.0,-0.06123,0.0,0.0,0.0,-0.094899,-0.174482,0.0,-0.032327,0.0,0.0,0.0,0.0,0.0,-0.0,0.0,-0.0,0.0,-0.0,0.0,-0.0,0.001953,-0.005005,0.0,0.000196,0.0,0.000065,0.0,-0.000065,0.0,-0.000196,0.0,-0.0,0.0,0.009461,
-0.0,-0.00193,0.879454,-0.000066,0.0,1.570796,0.0,0.003228,-0.003998,0.0,0.0,0.0,-0.144845,-0.024171,0.003699,0.277016,-0.116754,0.024415,-0.1607,0.02588,0.004822,0.308148,-0.108404,-0.024293,-0.099837,0.174482,0.0,-0.06123,0.0,0.0,0.0,-0.094386,-0.174482,0.0,-0.03207,0.0,0.0,0.0,0.0,0.0,-0.0,0.0,-0.0,0.0,-0.0,0.0,-0.0,0.001953,-0.005005,0.0,0.000196,0.0,0.000065,0.0,-0.000065,0.0,-0.000196,0.0,-0.0,0.0,0.009461,
0.0,-0.001844,0.879412,-0.000066,0.0,1.570796,0.0,0.008578,-0.004157,0.0,0.0,0.0,-0.144674,-0.024171,0.003723,0.276918,-0.117258,0.024415,-0.1607,0.02588,0.004822,0.308383,-0.108985,-0.024293,-0.099837,0.174482,-0.0,-0.06123,-0.0,0.0,0.0,-0.093763,-0.174482,0.0,-0.031777,0.0,0.0,0.0,0.0,0.0,0.0,0.0,-0.0,0.0,-0.0,0.0,-0.0,0.001953,-0.005005,0.0,0.000196,0.0,0.000065,0.0,-0.000065,0.0,-0.000196,0.0,0.0,0.0,0.009375,
0.0,-0.001732,0.87937,-0.000066,0.0,1.570796,-0.0,0.011254,-0.004249,0.0,0.0,0.0,-0.144417,-0.024171,0.003723,0.27677,-0.117763,0.024415,-0.1607,0.02588,0.004822,0.308698,-0.109565,-0.024293,-0.099837,0.174482,0.0,-0.06123,0.0,0.0,0.0,-0.093085,-0.174482,0.0,-0.031466,0.0,0.0,0.0,0.0,0.0,-0.0,0.0,0.0,0.0,-0.0,0.0,0.0,0.001953,-0.005005,0.0,0.000196,0.0,0.000065,0.0,-0.000065,0.0,-0.000196,0.0,0.0,0.0,0.009247,
0.0,-0.001619,0.879327,-0.000066,0.0,1.570796,0.0,0.011254,-0.004249,0.0,0.0,0.0,-0.14416,-0.024171,0.003723,0.276622,-0.118267,0.024415,-0.1607,0.02588,0.004822,0.309013,-0.110146,-0.024293,-0.099837,0.174482,0.0,-0.06123,0.0,0.0,0.0,-0.092406,-0.174482,0.0,-0.031155,0.0,0.0,0.0,0.0,0.0,-0.0,0.0,-0.0,0.0,-0.0,-0.0,-0.0,0.001953,-0.005005,0.0,0.000196,0.0,0.000065,0.0,-0.000065,0.0,-0.000196,0.0,-0.0,0.0,0.009119,
0.0,-0.001473,0.879282,-0.000066,0.0,1.570796,0.0,0.014619,-0.004508,0.0,0.0,0.0,-0.143989,-0.024171,0.003723,0.276653,-0.118903,0.024415,-0.1607,0.02588,0.004822,0.309396,-0.11079,-0.024293,-0.099837,0.174482,0.0,-0.061211,-0.0,0.0,0.0,-0.091682,-0.174482,0.0,-0.03084,0.0,0.0,0.0,0.0,0.0,0.0,0.0,0.0,0.0,0.0,0.0,0.0,0.001953,-0.005005,0.0,0.000196,0.0,0.000065,0.0,-0.000065,0.0,-0.000196,0.0,0.0,0.0,0.008979,
0.0,-0.001259,0.879232,-0.000066,0.0,1.570796,0.0,0.02135,-0.005026,0.0,0.0,0.0,-0.143989,-0.024171,0.003723,0.277041,-0.119802,0.024415,-0.1607,0.02588,0.004822,0.309915,-0.11156,-0.024293,-0.099837,0.174482,-0.0,-0.061156,-0.0,0.0,0.0,-0.090867,-0.174482,0.0,-0.03052,0.0,0.0,0.0,0.0,0.0,-0.0,0.0,0.0,0.0,0.0,0.0,0.0,0.001953,-0.005005,0.0,0.000196,0.0,0.000065,0.0,-0.000065,0.0,-0.000196,0.0,-0.0,0.0,0.008814,
0.0,-0.001046,0.879182,-0.000066,0.0,1.570796,0.0,0.021351,-0.005026,0.0,0.0,0.0,-0.143989,-0.024171,0.003723,0.277429,-0.120701,0.024415,-0.1607,0.02588,0.004822,0.310434,-0.112331,-0.024293,-0.099837,0.174482,-0.0,-0.061101,0.0,0.0,0.0,-0.090051,-0.174482,0.0,-0.030199,0.0,0.0,0.0,0.0,0.0,0.0,-0.0,0.0,0.0,0.0,0.0,0.0,0.001953,-0.005005,0.0,0.000196,-0.0,0.000065,-0.0,-0.000065,0.0,-0.000196,0.0,0.0,0.0,0.008649,
0.0,-0.000832,0.879132,-0.000066,0.0,1.570796,0.0,0.02135,-0.005026,0.0,0.0,0.0,-0.143989,-0.024171,0.003723,0.277818,-0.1216,0.024415,-0.1607,0.02588,0.004822,0.310953,-0.113101,-0.024293,-0.099837,0.174482,0.0,-0.061046,-0.0,0.0,0.0,-0.089235,-0.174482,0.0,-0.029879,0.0,0.0,0.0,0.0,0.0,0.0,0.0,0.0,0.0,0.0,0.0,-0.0,0.001953,-0.005005,0.0,0.000196,0.0,0.000065,0.0,-0.000065,0.0,-0.000196,0.0,0.0,0.0,0.008484,
0.0,-0.00053,0.879068,-0.000066,0.0,1.570796,0.0,0.03021,-0.006315,0.0,0.0,0.0,-0.143989,-0.024171,0.003797,0.278483,-0.122847,0.024415,-0.1607,0.02588,0.00473,0.311602,-0.114165,-0.024293,-0.099837,0.174482,0.0,-0.061046,0.0,0.0,0.0,-0.08842,-0.174482,0.0,-0.029558,-0.0,0.0,0.0,-0.0,0.0,-0.0,0.0,-0.0,0.0,-0.0,0.0,-0.0,0.001953,-0.005005,0.0,0.000196,0.0,0.000065,0.0,-0.000065,0.0,-0.000196,0.0,0.0,0.0,0.008484,
0.0,-0.000228,0.879005,-0.000066,0.0,1.570796,0.0,0.03021,-0.006323,0.0,0.0,0.0,-0.143989,-0.024171,0.00387,0.279149,-0.124095,0.024415,-0.1607,0.02588,0.004639,0.312251,-0.115228,-0.024293,-0.099837,0.174482,0.0,-0.061046,0.0,0.0,0.0,-0.087604,-0.174482,0.0,-0.029238,0.0,0.0,0.0,-0.0,0.0,-0.0,0.0,-0.0,0.0,-0.0,0.0,-0.0,0.001953,-0.005005,0.0,0.000196,0.0,0.000065,0.0,-0.000065,0.0,-0.000196,0.0,0.0,0.0,0.008484,
0.0,0.000074,0.878942,-0.000066,0.0,1.570796,0.0,0.03021,-0.006315,0.0,0.0,0.0,-0.143989,-0.024171,0.003943,0.279815,-0.125342,0.024415,-0.1607,0.02588,0.004547,0.312899,-0.116292,-0.024293,-0.099837,0.174482,0.0,-0.061046,0.0,0.0,0.0,-0.086788,-0.174482,0.0,-0.028917,0.0,0.0,0.0,-0.0,0.0,-0.0,0.0,-0.0,0.0,-0.0,0.0,-0.0,0.001953,-0.005005,0.0,0.000196,0.0,0.000065,0.0,-0.000065,0.0,-0.000196,0.0,0.0,0.0,0.008484,
0.0,0.000442,0.878874,-0.000066,0.0,1.570796,-0.0,0.03677,-0.006849,0.0,0.0,0.0,-0.143891,-0.024171,0.003967,0.280493,-0.126492,0.024415,-0.16048,0.02588,0.004517,0.313227,-0.117295,-0.024293,-0.099837,0.174482,0.0,-0.061046,0.0,0.0,0.0,-0.08604,-0.174482,0.0,-0.028627,0.0,0.0,0.0,-0.0,0.0,-0.0,0.0,-0.0,0.0,-0.0,0.0,-0.0,0.001953,-0.005005,0.0,0.000196,-0.0,0.000065,0.0,-0.000065,0.0,-0.000196,0.0,0.0,0.0,0.008484,
0.0,0.000842,0.878802,-0.000066,0.0,1.570796,0.0,0.04005,-0.007123,0.0,0.0,0.0,-0.143744,-0.024171,0.003967,0.281177,-0.127593,0.024415,-0.160149,0.02588,0.004517,0.313394,-0.118267,-0.024293,-0.099837,0.174482,0.0,-0.061046,0.0,0.0,0.0,-0.085325,-0.174482,0.0,-0.028353,0.0,0.0,0.0,-0.0,0.0,-0.0,0.0,-0.0,0.0,-0.0,0.0,-0.0,0.001953,-0.005005,0.0,0.000196,0.0,0.000065,0.0,-0.000065,0.0,-0.000196,0.0,0.0,0.0,0.008484,
-0.0,0.001243,0.878731,-0.000066,0.0,1.570796,-0.0,0.04005,-0.007123,0.0,0.0,0.0,-0.143597,-0.024171,0.003967,0.281861,-0.128694,0.024415,-0.159818,0.02588,0.004517,0.313561,-0.119239,-0.024293,-0.099837,0.174482,0.0,-0.061046,0.0,0.0,0.0,-0.08461,-0.174482,0.0,-0.028078,0.0,0.0,0.0,0.0,0.0,-0.0,0.0,-0.0,0.0,0.0,0.0,0.0,0.001953,-0.005005,0.0,0.000196,0.0,0.000065,0.0,-0.000065,0.0,-0.000196,0.0,0.0,0.0,0.008484,
0.0,0.001682,0.878658,-0.000066,0.0,1.570796,0.0,0.043975,-0.007321,0.0,0.0,0.0,-0.143554,-0.024171,0.003998,0.282811,-0.129929,0.024415,-0.159488,0.02588,0.004517,0.313845,-0.120325,-0.024299,-0.099837,0.174482,0.0,-0.061046,0.0,0.0,0.0,-0.083926,-0.174482,0.0,-0.027815,0.0,0.0,0.0,-0.0,0.0,-0.0,0.0,-0.0,0.0,0.0,0.0,-0.0,0.001953,-0.005005,0.0,0.000196,0.0,0.000065,0.0,-0.000065,0.0,-0.000196,0.0,0.0,0.0,0.008539,
0.0,0.002201,0.87858,-0.000066,0.0,1.570796,0.0,0.051826,-0.007748,0.0,0.0,0.0,-0.143719,-0.024171,0.004089,0.28429,-0.131434,0.024415,-0.159157,0.02588,0.004517,0.314364,-0.121636,-0.024318,-0.099837,0.174482,0.0,-0.061046,0.0,0.0,0.0,-0.083303,-0.174482,0.0,-0.027577,0.0,0.0,0.0,0.0,0.0,-0.0,0.0,0.0,0.0,-0.0,0.0,-0.0,0.001953,-0.005005,0.0,0.000196,0.0,0.000065,0.0,-0.000065,0.0,-0.000196,0.0,0.0,0.0,0.008704,
0.0,0.002719,0.878503,-0.000066,0.0,1.570796,0.0,0.051826,-0.00774,0.0,0.0,0.0,-0.143885,-0.024171,0.004181,0.28577,-0.132939,0.024415,-0.158827,0.02588,0.004517,0.314883,-0.122948,-0.024336,-0.099837,0.174482,-0.0,-0.061046,0.0,0.0,0.0,-0.08268,-0.174482,0.0,-0.027339,0.0,0.0,0.0,0.0,0.0,-0.0,0.0,0.0,0.0,0.0,0.0,-0.0,0.001953,-0.005005,0.0,0.000196,0.0,0.000065,0.0,-0.000065,0.0,-0.000196,0.0,0.0,0.0,0.008869,
0.0,0.003237,0.878425,-0.000066,0.0,1.570796,0.0,0.051826,-0.007748,0.0,0.0,0.0,-0.14405,-0.024171,0.004273,0.28725,-0.134444,0.024415,-0.158496,0.02588,0.004517,0.315402,-0.12426,-0.024354,-0.099837,0.174482,0.0,-0.061046,0.0,0.0,0.0,-0.082057,-0.174482,-0.0,-0.027101,-0.0,0.0,0.0,0.0,0.0,0.0,0.0,-0.0,0.0,-0.0,0.0,-0.0,0.001953,-0.005005,0.0,0.000196,0.0,0.000065,0.0,-0.000065,0.0,-0.000196,0.0,-0.0,0.0,0.009034,
0.0,0.003862,0.878343,-0.000066,0.0,1.570796,0.0,0.062443,-0.008197,0.0,0.0,0.0,-0.14405,-0.024171,0.004273,0.288675,-0.135949,0.024415,-0.157926,0.02588,0.004443,0.315699,-0.125572,-0.024373,-0.099984,0.174482,-0.0,-0.061046,0.0,0.0,0.0,-0.081837,-0.174482,0.0,-0.026827,0.0,0.0,0.0,0.0,0.0,-0.0,0.0,0.0,0.0,0.0,0.0,-0.0,0.001953,-0.005005,0.0,0.000196,0.0,0.000065,0.0,-0.000065,0.0,-0.000196,0.0,0.0,0.0,0.009034,
0.0,0.004486,0.878262,-0.000066,0.0,1.570796,0.0,0.062443,-0.008197,0.0,0.0,0.0,-0.14405,-0.024171,0.004273,0.2901,-0.137454,0.024415,-0.157357,0.02588,0.00437,0.315996,-0.126884,-0.024391,-0.10013,0.174482,0.0,-0.061046,0.0,0.0,0.0,-0.081617,-0.174482,-0.0,-0.026552,-0.0,0.0,0.0,0.0,0.0,-0.0,0.0,0.0,0.0,-0.0,0.0,0.0,0.001953,-0.005005,0.0,0.000196,0.0,0.000065,0.0,-0.000065,0.0,-0.000196,0.0,0.0,0.0,0.009034,
0.0,0.00511,0.87818,-0.000066,0.0,1.570796,0.0,0.062443,-0.008197,0.0,0.0,0.0,-0.14405,-0.024171,0.004273,0.291525,-0.138959,0.024415,-0.156788,0.02588,0.004297,0.316292,-0.128195,-0.024409,-0.100277,0.174482,0.0,-0.061046,0.0,0.0,0.0,-0.081397,-0.174482,0.0,-0.026277,0.0,0.0,0.0,0.0,0.0,0.0,0.0,0.0,0.0,0.0,-0.0,-0.0,0.001953,-0.005005,0.0,0.000196,0.0,0.000065,0.0,-0.000065,0.0,-0.000196,0.0,0.0,0.0,0.009034,
0.0,0.005792,0.878093,-0.000066,0.0,1.570796,0.0,0.068142,-0.008693,0.0,0.0,0.0,-0.144233,-0.024171,0.004334,0.293394,-0.140629,0.024415,-0.156218,0.02588,0.004273,0.3167,-0.129636,-0.024428,-0.100448,0.174482,0.0,-0.061046,0.0,0.0,0.0,-0.081409,-0.174482,0.0,-0.025978,0.0,0.0,0.0,0.0,0.0,0.0,0.0,-0.0,0.0,-0.0,0.0,0.0,0.001953,-0.005005,0.0,0.000196,0.0,0.000065,0.0,-0.000065,0.0,-0.000196,0.0,0.0,0.0,0.009034,
0.0,0.006502,0.878003,-0.000066,0.0,1.570796,0.0,0.070993,-0.008937,0.0,0.0,0.0,-0.144509,-0.024171,0.004425,0.295486,-0.142383,0.024415,-0.155649,0.02588,0.004273,0.317164,-0.13114,-0.024446,-0.100631,0.174482,0.0,-0.061046,-0.0,0.0,0.0,-0.081538,-0.174482,0.0,-0.025667,0.0,0.0,0.0,0.0,0.0,-0.0,0.0,0.0,0.0,-0.0,0.0,-0.0,0.001953,-0.005005,0.0,0.000196,-0.0,0.000065,0.0,-0.000065,0.0,-0.000196,0.0,0.0,0.0,0.009034,
0.0,0.007212,0.877914,-0.000066,0.0,1.570796,0.0,0.070993,-0.008945,0.0,0.0,0.0,-0.144784,-0.024171,0.004517,0.297578,-0.144136,0.024415,-0.15508,0.02588,0.004273,0.317627,-0.132645,-0.024464,-0.100815,0.174482,0.0,-0.061046,0.0,0.0,0.0,-0.081666,-0.174482,0.0,-0.025355,0.0,0.0,0.0,0.0,0.0,-0.0,0.0,0.0,-0.0,0.0,-0.0,-0.0,0.001953,-0.005005,0.0,0.000196,0.0,0.000065,0.0,-0.000065,0.0,-0.000196,0.0,0.0,0.0,0.009034,
0.0,0.00795,0.87782,-0.000066,0.0,1.570796,0.0,0.073884,-0.009402,0.0,0.0,0.0,-0.145164,-0.024171,0.004578,0.299948,-0.145889,0.024415,-0.154547,0.02588,0.004242,0.318233,-0.134205,-0.024481,-0.101023,0.174482,0.0,-0.061083,-0.0,-0.0,-0.0,-0.081922,-0.174482,0.0,-0.025008,0.0,0.0,0.0,0.0,-0.0,-0.0,0.0,-0.0,0.0,0.0,0.0,0.0,0.001953,-0.005005,0.0,0.000196,0.0,0.000065,0.0,-0.000065,0.0,-0.000196,0.0,0.0,0.0,0.009015,
0.0,0.008747,0.877716,-0.000066,0.0,1.570796,0.0,0.079666,-0.010333,0.0,0.0,0.0,-0.145751,-0.024171,0.004578,0.302875,-0.147643,0.024415,-0.154088,0.02588,0.004151,0.319123,-0.135875,-0.024493,-0.101279,0.174482,-0.0,-0.061193,0.0,0.0,-0.0,-0.082436,-0.174482,0.0,-0.024586,0.0,0.0,0.0,-0.0,0.0,-0.0,0.0,-0.0,0.0,-0.0,0.0,-0.0,0.001953,-0.005005,0.0,0.000196,0.0,0.000065,0.0,-0.000065,0.0,-0.000196,0.0,0.0,0.0,0.00896,
0.0,0.009544,0.877613,-0.000066,0.0,1.570796,0.0,0.079666,-0.010325,0.0,0.0,0.0,-0.146339,-0.024171,0.004578,0.305802,-0.149396,0.024415,-0.153629,0.02588,0.004059,0.320014,-0.137546,-0.024505,-0.101536,0.174482,0.0,-0.061303,0.0,0.0,0.0,-0.082949,-0.174482,0.0,-0.024165,0.0,0.0,0.0,0.0,0.0,-0.0,-0.0,-0.0,0.0,-0.0,0.0,0.0,0.001953,-0.005005,0.0,0.000196,0.0,0.000065,0.0,-0.000065,0.0,-0.000196,0.0,0.0,0.0,0.008905,
0.0,0.01034,0.87751,-0.000066,0.0,1.570796,0.0,0.079667,-0.010325,0.0,0.0,0.0,-0.146926,-0.024171,0.004578,0.308729,-0.151149,0.024415,-0.153169,0.02588,0.003967,0.320904,-0.139216,-0.024517,-0.101793,0.174482,0.0,-0.061413,0.0,0.0,0.0,-0.083462,-0.174482,0.0,-0.023744,0.0,0.0,0.0,-0.0,0.0,0.0,0.0,0.0,0.0,-0.0,0.0,-0.0,0.001953,-0.005005,0.0,0.000196,-0.0,0.000065,0.0,-0.000065,0.0,-0.000196,0.0,0.0,0.0,0.00885,
0.0,0.011238,0.877375,-0.000066,0.0,1.570796,0.0,0.08979,-0.013544,0.0,0.0,0.0,-0.148248,-0.024171,0.004657,0.313328,-0.153206,0.024415,-0.153169,0.02588,0.003967,0.322926,-0.141364,-0.024529,-0.102013,0.174482,0.0,-0.061541,0.0,0.0,0.0,-0.084397,-0.174482,0.0,-0.023323,0.0,0.0,0.0,-0.0,0.0,-0.0,0.0,-0.0,0.0,-0.0,0.0,0.0,0.001953,-0.005005,0.0,0.000196,0.0,0.000065,0.0,-0.000065,0.0,-0.000196,0.0,0.0,0.0,0.00885,
0.0,0.012136,0.877239,-0.000066,0.0,1.570796,0.0,0.08979,-0.013536,0.0,0.0,0.0,-0.14957,-0.024171,0.004736,0.317926,-0.155263,0.024415,-0.153169,0.02588,0.003967,0.324949,-0.143511,-0.024542,-0.102233,0.174482,-0.0,-0.061669,0.0,0.0,0.0,-0.085331,-0.174482,-0.0,-0.022902,0.0,0.0,0.0,0.0,0.0,0.0,0.0,0.0,0.0,-0.0,0.0,0.0,0.001953,-0.005005,0.0,0.000196,0.0,0.000065,0.0,-0.000065,0.0,-0.000196,0.0,0.0,0.0,0.00885,
0.0,0.013034,0.877104,-0.000066,0.0,1.570796,0.0,0.08979,-0.013544,0.0,0.0,0.0,-0.150892,-0.024171,0.004816,0.322525,-0.15732,0.024415,-0.153169,0.02588,0.003967,0.326971,-0.145659,-0.024554,-0.102453,0.174482,0.0,-0.061798,0.0,0.0,0.0,-0.086266,-0.174482,-0.0,-0.02248,0.0,0.0,0.0,0.0,0.0,0.0,0.0,-0.0,0.0,-0.0,0.0,-0.0,0.001953,-0.005005,0.0,0.000196,0.0,0.000065,0.0,-0.000065,0.0,-0.000196,0.0,0.0,0.0,0.00885,
0.0,0.013965,0.876903,-0.000066,0.0,1.570796,0.0,0.093041,-0.020036,0.0,0.0,0.0,-0.153464,-0.024171,0.004895,0.32963,-0.159917,0.024415,-0.15361,0.02588,0.003894,0.329911,-0.148114,-0.024566,-0.102893,0.174482,-0.0,-0.062133,-0.0,0.0,0.0,-0.087543,-0.174482,0.0,-0.022132,0.0,0.0,0.0,0.0,0.0,0.0,0.0,0.0,0.0,0.0,0.0,0.0,0.001953,-0.005005,0.0,0.000196,0.0,0.000065,0.0,-0.000065,0.0,-0.000196,0.0,0.0,0.0,0.008606,
0.0,0.014911,0.876671,-0.000066,0.0,1.570796,0.0,0.094667,-0.023279,0.0,0.0,0.0,-0.15666,-0.024171,0.004975,0.337989,-0.162783,0.024415,-0.154271,0.02588,0.003784,0.333309,-0.150721,-0.024578,-0.103443,0.174482,-0.0,-0.062573,-0.0,0.0,0.0,-0.088991,-0.174482,0.0,-0.021821,0.0,0.0,0.0,0.0,0.0,0.0,-0.0,-0.0,0.0,0.0,0.0,-0.0,0.001953,-0.005005,0.0,0.000196,0.0,0.000065,0.0,-0.000065,0.0,-0.000196,0.0,0.0,0.0,0.00824,
-0.0,0.015858,0.876438,-0.000066,0.0,1.570796,-0.0,0.094666,-0.023279,0.0,0.0,0.0,-0.159855,-0.024171,0.005054,0.346349,-0.165649,0.024415,-0.154933,0.02588,0.003674,0.336707,-0.153329,-0.02459,-0.103993,0.174482,-0.0,-0.063013,0.0,0.0,0.0,-0.090439,-0.174482,0.0,-0.02151,0.0,0.0,0.0,0.0,0.0,0.0,0.0,0.0,0.0,0.0,0.0,0.0,0.001953,-0.005005,0.0,0.000196,0.0,0.000065,0.0,-0.000065,0.0,-0.000196,0.0,0.0,0.0,0.007874,
-0.0,0.01682,0.87616,-0.000066,0.0,1.570796,0.0,0.096165,-0.027803,0.0,0.0,0.0,-0.164026,-0.024171,0.005133,0.356649,-0.168809,0.024426,-0.155777,0.02588,0.003565,0.340509,-0.156127,-0.024603,-0.104696,0.174482,-0.0,-0.063617,0.0,-0.0,0.0,-0.092089,-0.174482,0.0,-0.021241,0.0,0.0,0.0,-0.0,-0.0,-0.0,0.0,0.0,0.0,-0.0,0.0,0.0,0.001953,-0.005005,0.0,0.000196,0.0,0.000065,0.0,-0.000065,0.0,-0.000196,0.0,-0.0,0.0,0.007331,
0.0,0.017811,0.875791,-0.000066,0.0,1.570796,0.0,0.099159,-0.036851,0.0,0.0,0.0,-0.170146,-0.024171,0.005213,0.370833,-0.172559,0.024458,-0.15699,0.02588,0.003455,0.345119,-0.159306,-0.024615,-0.105704,0.174482,0.0,-0.064552,0.0,0.0,0.0,-0.094142,-0.174482,0.0,-0.021058,0.0,0.0,0.0,0.0,0.0,0.0,0.0,-0.0,0.0,-0.0,0.0,0.0,0.001953,-0.005005,0.0,0.000196,0.0,0.000065,0.0,-0.000065,0.0,-0.000196,0.0,0.0,0.0,0.006433,
0.0,0.018803,0.875423,-0.000066,0.0,1.570796,0.0,0.09916,-0.036843,0.0,0.0,0.0,-0.176267,-0.024171,0.005292,0.385019,-0.176308,0.02449,-0.158202,0.02588,0.003345,0.349729,-0.162486,-0.024627,-0.106713,0.174482,0.0,-0.065486,-0.0,0.0,0.0,-0.096195,-0.174482,-0.0,-0.020875,0.0,0.0,0.0,0.0,0.0,0.0,0.0,0.0,0.0,0.0,0.0,-0.0,0.001953,-0.005005,0.0,0.000196,0.0,0.000065,0.0,-0.000065,0.0,-0.000196,0.0,0.0,0.0,0.005536,
0.0,0.019794,0.875054,-0.000066,0.0,1.570796,0.0,0.09916,-0.036851,0.0,0.0,0.0,-0.182387,-0.024171,0.005371,0.399203,-0.180058,0.024522,-0.159414,0.02588,0.003235,0.354339,-0.165665,-0.024639,-0.107721,0.174482,0.0,-0.06642,-0.0,0.0,-0.0,-0.098248,-0.174482,0.0,-0.020692,0.0,0.0,0.0,0.0,0.0,0.0,0.0,0.0,0.0,0.0,-0.0,0.0,0.001953,-0.005005,0.0,0.000196,0.0,0.000065,0.0,-0.000065,0.0,-0.000196,0.0,0.0,0.0,0.004639,
0.0,0.020848,0.874584,-0.000066,0.0,1.570796,-0.0,0.105395,-0.047066,0.0,0.0,0.0,-0.191293,-0.024171,0.005371,0.419037,-0.183939,0.024554,-0.160388,0.02588,0.003153,0.358621,-0.168845,-0.024651,-0.108822,0.174482,0.0,-0.067648,0.0,0.0,0.0,-0.100742,-0.174482,0.0,-0.020216,0.0,0.0,0.0,-0.0,0.0,0.0,0.0,-0.0,0.0,0.0,-0.0,0.0,0.001953,-0.004932,0.0,0.000196,0.0,0.000065,0.0,-0.000065,0.0,-0.000196,0.0,0.0,0.0,0.003394,
0.0,0.021902,0.874113,-0.000066,0.0,1.570796,0.0,0.105395,-0.047074,0.0,0.0,0.0,-0.200199,-0.024171,0.005371,0.438874,-0.187819,0.024586,-0.161362,0.02588,0.00307,0.362902,-0.172024,-0.024664,-0.109922,0.174482,0.0,-0.068876,0.0,0.0,0.0,-0.103235,-0.174482,0.0,-0.01974,0.0,0.0,0.0,0.0,0.0,0.0,0.0,0.0,0.0,-0.0,0.0,-0.0,0.001953,-0.004859,0.0,0.000196,0.0,0.000065,0.0,-0.000065,0.0,-0.000196,0.0,-0.0,0.0,0.002149,
0.0,0.022956,0.873642,-0.000066,0.0,1.570796,0.0,0.105395,-0.047066,0.0,0.0,0.0,-0.209105,-0.024171,0.005371,0.45871,-0.1917,0.024618,-0.162335,0.02588,0.002988,0.367183,-0.175204,-0.024676,-0.111022,0.174482,-0.0,-0.070103,-0.0,0.0,0.0,-0.105729,-0.174482,0.0,-0.019264,-0.0,0.0,0.0,0.0,0.0,-0.0,0.0,-0.0,0.0,0.0,0.0,-0.0,0.001953,-0.004785,0.0,0.000196,0.0,0.000065,0.0,-0.000065,0.0,-0.000196,0.0,0.0,0.0,0.000903,
0.0,0.024188,0.87325,-0.000066,0.0,1.570796,0.0,0.12323,-0.039184,0.0,0.0,0.0,-0.216938,-0.024244,0.00531,0.476891,-0.192466,0.02465,-0.16255,0.02588,0.002905,0.370375,-0.178383,-0.024688,-0.111695,0.174482,0.0,-0.071038,0.0,0.0,0.0,-0.108174,-0.174482,-0.0,-0.018641,0.0,0.0,0.0,0.0,0.0,0.0,0.0,0.0,0.0,0.0,0.0,-0.0,0.001953,-0.004736,0.0,0.000196,0.0,0.000065,0.0,-0.000065,0.0,-0.000196,0.0,-0.0,0.0,-0.000342,
0.0,0.02551,0.872898,-0.000066,0.0,1.570796,0.0,0.132148,-0.035231,0.0,0.0,0.0,-0.224235,-0.024354,0.005219,0.494247,-0.191675,0.024682,-0.162384,0.02588,0.002823,0.373021,-0.181563,-0.0247,-0.112153,0.174482,0.0,-0.071825,0.0,0.0,0.0,-0.110595,-0.174482,0.0,-0.017945,0.0,0.0,0.0,0.0,0.0,-0.0,0.0,0.0,0.0,0.0,0.0,0.0,0.001953,-0.0047,0.0,0.000196,0.0,0.000065,0.0,-0.000065,0.0,-0.000196,0.0,0.0,0.0,-0.001587,
0.0,0.026831,0.872546,-0.000066,0.0,1.570796,0.0,0.132149,-0.035239,0.0,0.0,0.0,-0.231532,-0.024464,0.005127,0.511604,-0.190884,0.024715,-0.162219,0.02588,0.002741,0.375667,-0.184742,-0.024712,-0.112612,0.174482,0.0,-0.072613,0.0,0.0,0.0,-0.113015,-0.174482,0.0,-0.017249,0.0,0.0,0.0,-0.0,0.0,0.0,0.0,0.0,-0.0,0.0,-0.0,-0.0,0.001953,-0.004663,0.0,0.000196,0.0,0.000065,0.0,-0.000065,0.0,-0.000196,0.0,-0.0,0.0,-0.002832,
0.0,0.028291,0.872271,-0.000066,0.0,1.570796,0.0,0.145952,-0.027471,0.0,0.0,0.0,-0.238876,-0.024599,0.004987,0.529392,-0.189505,0.024747,-0.161447,0.02588,0.002686,0.377431,-0.187579,-0.02473,-0.11271,0.174482,-0.0,-0.073059,0.0,0.0,0.0,-0.115351,-0.174482,-0.0,-0.016492,-0.0,0.0,0.0,-0.0,0.0,-0.0,0.0,-0.0,0.0,-0.0,0.0,-0.0,0.001953,-0.004627,0.0,0.000196,0.0,0.000065,0.0,-0.000065,0.0,-0.000196,0.0,0.0,0.0,-0.003986,
0.0,0.030027,0.872152,-0.000066,0.0,1.570796,0.0,0.173565,-0.011921,0.0,0.0,0.0,-0.246313,-0.024782,0.004749,0.548049,-0.186948,0.024779,-0.159464,0.02588,0.002686,0.377431,-0.189731,-0.024757,-0.112086,0.174482,0.0,-0.072821,0.0,0.0,0.0,-0.117515,-0.174482,-0.0,-0.015613,0.0,0.0,0.0,-0.0,0.0,-0.0,0.0,0.0,0.0,0.0,0.0,0.0,0.001953,-0.00459,0.0,0.000196,0.0,0.000065,-0.0,-0.000065,0.0,-0.000196,0.0,0.0,0.0,-0.004956,
0.0,0.031762,0.872033,-0.000066,0.0,1.570796,0.0,0.173565,-0.011929,0.0,0.0,0.0,-0.25375,-0.024965,0.004511,0.566708,-0.184392,0.024811,-0.15748,0.02588,0.002686,0.377431,-0.191884,-0.024785,-0.111462,0.174482,0.0,-0.072583,0.0,0.0,0.0,-0.11968,-0.174482,0.0,-0.014735,0.0,0.0,0.0,0.0,0.0,0.0,-0.0,0.0,0.0,0.0,-0.0,0.0,0.001953,-0.004553,0.0,0.000196,0.0,0.000065,0.0,-0.000065,0.0,-0.000196,0.0,-0.0,0.0,-0.005927,
0.0,0.033498,0.871913,-0.000066,0.0,1.570796,0.0,0.173566,-0.011929,0.0,0.0,0.0,-0.261186,-0.025148,0.004273,0.585365,-0.181836,0.024843,-0.155496,0.02588,0.002686,0.377431,-0.194036,-0.024812,-0.110839,0.174482,-0.0,-0.072345,0.0,0.0,0.0,-0.121844,-0.174482,0.0,-0.013856,0.0,0.0,0.0,0.0,0.0,-0.0,0.0,-0.0,0.0,0.0,0.0,-0.0,0.001953,-0.004517,0.0,0.000196,0.0,0.000065,0.0,-0.000065,0.0,-0.000196,0.0,0.0,0.0,-0.006897,
0.0,0.03563,0.871954,-0.000066,0.0,1.570796,0.0,0.213179,0.004096,0.0,0.0,0.0,-0.272485,-0.025478,0.003888,0.609943,-0.175808,0.024715,-0.15265,0.02588,0.002612,0.376853,-0.195747,-0.02484,-0.10917,0.174482,-0.0,-0.07108,0.0,0.0,0.0,-0.124101,-0.174482,0.0,-0.013526,0.0,0.0,0.0,-0.0,0.0,0.0,0.0,-0.0,0.0,0.0,0.0,0.0,0.001953,-0.004517,0.0,0.000196,0.0,0.000065,0.0,-0.000065,0.0,-0.000196,0.0,0.0,0.0,-0.006714,
0.0,0.037762,0.871995,-0.000066,0.0,1.570796,0.0,0.213181,0.004088,0.0,0.0,0.0,-0.283784,-0.025807,0.003504,0.634527,-0.169779,0.024586,-0.149803,0.02588,0.002539,0.376275,-0.197458,-0.024867,-0.107501,0.174482,0.0,-0.069816,0.0,-0.0,0.0,-0.126358,-0.174482,0.0,-0.013196,0.0,0.0,0.0,0.0,-0.0,-0.0,-0.0,-0.0,0.0,0.0,0.0,0.0,0.001953,-0.004517,0.0,0.000196,0.0,0.000065,0.0,-0.000065,0.0,-0.000196,0.0,-0.0,0.0,-0.006531,
0.0,0.039893,0.872036,-0.000066,0.0,1.570796,0.0,0.213179,0.004096,0.0,0.0,0.0,-0.295083,-0.026137,0.003119,0.659107,-0.163751,0.024458,-0.146957,0.02588,0.002466,0.375697,-0.199169,-0.024895,-0.105833,0.174482,0.0,-0.068552,0.0,0.0,0.0,-0.128614,-0.174482,0.0,-0.012867,0.0,0.0,0.0,0.0,0.0,0.0,0.0,0.0,0.0,-0.0,0.0,-0.0,0.001953,-0.004517,0.0,0.000196,0.0,0.000065,0.0,-0.000065,0.0,-0.000196,0.0,-0.0,0.0,-0.006348,
0.0,0.042205,0.872127,-0.000066,0.0,1.570796,0.0,0.231203,0.009056,0.0,0.0,0.0,-0.309649,-0.02654,0.002771,0.687164,-0.15802,0.024275,-0.143328,0.02588,0.002441,0.374064,-0.199875,-0.024907,-0.10381,0.174482,0.0,-0.066946,0.0,0.0,0.0,-0.131483,-0.174482,0.0,-0.012891,0.0,0.0,0.0,-0.0,0.0,-0.0,0.0,-0.0,0.0,-0.0,0.0,-0.0,0.001953,-0.004517,0.0,0.000196,0.0,0.000065,0.0,-0.000065,0.0,-0.000196,0.0,0.0,0.0,-0.005725,
0.0,0.044608,0.872242,-0.000066,0.0,1.570796,0.0,0.240215,0.011536,0.0,0.0,0.0,-0.32585,-0.026979,0.002441,0.716972,-0.152437,0.024064,-0.139308,0.02588,0.002441,0.371902,-0.200077,-0.024912,-0.10161,0.174482,0.0,-0.065169,0.0,-0.0,0.0,-0.134658,-0.174482,0.0,-0.013093,0.0,0.0,0.0,-0.0,-0.0,-0.0,0.0,0.0,0.0,-0.0,0.0,-0.0,0.001953,-0.004517,0.0,0.000196,-0.0,0.000065,-0.0,-0.000065,0.0,-0.000196,0.0,0.0,0.0,-0.004883,
0.0,0.04701,0.872357,-0.000066,0.0,1.570796,0.0,0.240214,0.011544,0.0,0.0,0.0,-0.342051,-0.027419,0.002112,0.746779,-0.146854,0.023854,-0.135289,0.02588,0.002441,0.369741,-0.20028,-0.024918,-0.099409,0.174482,-0.0,-0.063392,0.0,0.0,0.0,-0.137833,-0.174482,-0.0,-0.013294,0.0,0.0,0.0,-0.0,0.0,-0.0,0.0,-0.0,0.0,0.0,0.0,-0.0,0.001953,-0.004517,0.0,0.000196,0.0,0.000065,0.0,-0.000065,0.0,-0.000196,0.0,0.0,0.0,-0.004041,
0.0,0.049497,0.872476,-0.000066,0.0,1.570796,0.0,0.248778,0.011842,0.0,0.0,0.0,-0.357305,-0.027815,0.001856,0.773251,-0.142386,0.023643,-0.131159,0.02588,0.002441,0.367617,-0.200347,-0.024923,-0.097106,0.174482,-0.0,-0.061541,0.0,0.0,0.0,-0.141492,-0.174482,0.0,-0.013697,-0.0,0.0,0.0,0.0,0.0,-0.0,0.0,-0.0,0.0,0.0,0.0,-0.0,0.001953,-0.004553,0.0,0.000196,0.0,0.000065,0.0,-0.000065,0.0,-0.000196,0.0,0.0,0.0,-0.00307,
0.0,0.052156,0.8726,-0.000066,0.0,1.570796,0.0,0.265903,0.012446,0.0,0.0,0.0,-0.370669,-0.028127,0.001746,0.793072,-0.140146,0.023433,-0.126811,0.02588,0.002441,0.365569,-0.200145,-0.024928,-0.094594,0.174482,0.0,-0.059544,0.0,0.0,-0.0,-0.146119,-0.174482,0.0,-0.014502,0.0,0.0,0.0,-0.0,0.0,0.0,0.0,0.0,0.0,0.0,0.0,0.0,0.001953,-0.004663,0.0,0.000196,0.0,0.000065,0.0,-0.000065,0.0,-0.000196,0.0,0.0,0.0,-0.001843,
0.0,0.054816,0.872725,-0.000066,0.0,1.570796,0.0,0.265906,0.012454,0.0,0.0,0.0,-0.384033,-0.028438,0.001636,0.812893,-0.137907,0.023222,-0.122463,0.02588,0.002441,0.363521,-0.199942,-0.024933,-0.092083,0.174482,0.0,-0.057548,-0.0,0.0,0.0,-0.150746,-0.174482,-0.0,-0.015308,0.0,0.0,0.0,0.0,0.0,-0.0,0.0,0.0,0.0,0.0,0.0,0.0,0.001953,-0.004773,0.0,0.000196,0.0,0.000065,0.0,-0.000065,0.0,-0.000196,0.0,-0.0,0.0,-0.000617,
0.0,0.057475,0.872849,-0.000066,0.0,1.570796,0.0,0.265905,0.012446,0.0,0.0,0.0,-0.397397,-0.028749,0.001526,0.832713,-0.135667,0.023011,-0.118114,0.02588,0.002441,0.361473,-0.19974,-0.024939,-0.089571,0.174482,0.0,-0.055551,-0.0,0.0,0.0,-0.155373,-0.174482,-0.0,-0.016114,0.0,0.0,0.0,0.0,0.0,-0.0,0.0,0.0,0.0,0.0,0.0,0.0,0.001953,-0.004883,0.0,0.000196,0.0,0.000065,0.0,-0.000065,0.0,-0.000196,0.0,0.0,0.0,0.00061,
0.0,0.060418,0.872789,-0.000066,0.0,1.570796,0.0,0.294312,-0.006008,0.0,0.0,0.0,-0.405571,-0.028749,0.001727,0.838331,-0.14112,0.023149,-0.11474,0.02588,0.002441,0.362068,-0.20066,-0.024944,-0.086566,0.174482,0.0,-0.053353,0.0,0.0,0.0,-0.160609,-0.174482,0.0,-0.016645,0.0,0.0,0.0,0.0,0.0,0.0,0.0,-0.0,0.0,0.0,0.0,-0.0,0.001953,-0.004883,-0.0,0.000196,0.0,0.000065,0.0,-0.000065,0.0,-0.000196,0.0,0.0,0.0,0.000867,
0.0,0.063361,0.872729,-0.000066,0.0,1.570796,0.0,0.294309,-0.006,0.0,0.0,0.0,-0.413745,-0.028749,0.001929,0.843949,-0.146572,0.023286,-0.111365,0.02588,0.002441,0.362664,-0.20158,-0.024949,-0.08356,0.174482,0.0,-0.051155,0.0,0.0,0.0,-0.165846,-0.174482,0.0,-0.017176,0.0,0.0,0.0,0.0,0.0,0.0,0.0,0.0,0.0,-0.0,0.0,0.0,0.001953,-0.004883,0.0,0.000196,0.0,0.000065,0.0,-0.000065,-0.0,-0.000196,0.0,0.0,0.0,0.001123,
0.0,0.066304,0.872669,-0.000066,0.0,1.570796,0.0,0.294316,-0.006008,0.0,0.0,0.0,-0.421919,-0.028749,0.00213,0.849567,-0.152025,0.023423,-0.107991,0.02588,0.002441,0.36326,-0.2025,-0.024954,-0.080554,0.174482,0.0,-0.048957,0.0,0.0,0.0,-0.171082,-0.174482,0.0,-0.017707,0.0,0.0,0.0,0.0,0.0,-0.0,0.0,-0.0,0.0,-0.0,0.0,0.0,0.001953,-0.004883,-0.0,0.000196,0.0,0.000065,0.0,-0.000065,0.0,-0.000196,0.0,0.0,0.0,0.001379,
0.0,0.069406,0.87249,-0.000066,0.0,1.570796,-0.0,0.310245,-0.017909,0.0,0.0,0.0,-0.427406,-0.028591,0.002356,0.847535,-0.156598,0.023561,-0.104409,0.02588,0.002441,0.363818,-0.204366,-0.02496,-0.077512,0.174482,-0.0,-0.046795,-0.0,0.0,0.0,-0.176174,-0.174482,0.0,-0.019386,0.0,0.0,0.0,0.0,0.0,-0.0,0.0,0.0,0.0,0.0,0.0,0.0,0.001953,-0.00492,0.0,0.000196,-0.0,0.000065,0.0,-0.000065,0.0,-0.000196,0.0,0.0,0.0,0.00127,
0.0,0.072589,0.872251,-0.000066,0.0,1.570796,0.0,0.318212,-0.023874,0.0,0.0,0.0,-0.431548,-0.028353,0.002594,0.841677,-0.160732,0.023698,-0.100724,0.02588,0.002441,0.364358,-0.206704,-0.024965,-0.074452,0.174482,-0.0,-0.044652,-0.0,0.0,0.0,-0.181193,-0.174482,0.0,-0.021638,0.0,0.0,0.0,0.0,0.0,0.0,0.0,-0.0,-0.0,0.0,0.0,0.0,0.001953,-0.004975,0.0,0.000196,0.0,0.000065,0.0,-0.000065,0.0,-0.000196,0.0,0.0,0.0,0.000977,
0.0,0.075771,0.872013,-0.000066,0.0,1.570796,-0.0,0.318214,-0.023867,0.0,0.0,0.0,-0.435691,-0.028115,0.002832,0.835819,-0.164865,0.023836,-0.097039,0.02588,0.002441,0.364898,-0.209042,-0.02497,-0.071392,0.174482,0.0,-0.04251,0.0,0.0,0.0,-0.186213,-0.174482,0.0,-0.02389,0.0,0.0,0.0,0.0,0.0,0.0,0.0,-0.0,0.0,-0.0,0.0,0.0,0.001953,-0.005029,0.0,0.000196,0.0,0.000065,0.0,-0.000065,0.0,-0.000196,0.0,-0.0,0.0,0.000684,
0.0,0.079046,0.871712,-0.000066,0.0,1.570796,0.0,0.327545,-0.030069,0.0,0.0,0.0,-0.439473,-0.027858,0.003107,0.828311,-0.169103,0.023973,-0.09336,0.02588,0.002441,0.365662,-0.211761,-0.024975,-0.068375,0.174482,-0.0,-0.040428,0.0,0.0,0.0,-0.191295,-0.174482,0.0,-0.026497,0.0,0.0,0.0,0.0,0.0,-0.0,0.0,-0.0,0.0,0.0,0.0,-0.0,0.001953,-0.005066,0.0,0.000196,0.0,0.000065,0.0,-0.000065,0.0,-0.000196,0.0,0.0,0.0,0.000317,
0.0,0.082508,0.871287,-0.000066,0.0,1.570796,0.0,0.346217,-0.04245,0.0,0.0,0.0,-0.442533,-0.027565,0.003455,0.817504,-0.173552,0.02411,-0.089694,0.02588,0.002441,0.366872,-0.215242,-0.02498,-0.065444,0.174482,0.0,-0.038468,0.0,0.0,0.0,-0.196503,-0.174482,0.0,-0.029811,0.0,0.0,0.0,-0.0,0.0,0.0,0.0,0.0,0.0,0.0,0.0,0.0,0.001953,-0.005066,0.0,0.000196,-0.0,0.000065,0.0,-0.000065,0.0,-0.000196,0.0,0.0,0.0,-0.000195,
0.0,0.08597,0.870863,-0.000066,0.0,1.570796,0.0,0.346213,-0.042458,0.0,0.0,0.0,-0.445592,-0.027272,0.003803,0.806696,-0.178,0.024248,-0.086028,0.02588,0.002441,0.368083,-0.218723,-0.024986,-0.062512,0.174482,-0.0,-0.036508,0.0,0.0,0.0,-0.20171,-0.174482,0.0,-0.033126,-0.0,0.0,0.0,-0.0,0.0,-0.0,0.0,-0.0,0.0,0.0,0.0,-0.0,0.001953,-0.005066,0.0,0.000196,0.0,0.000065,0.0,-0.000065,0.0,-0.000196,-0.0,0.0,0.0,-0.000708,
0.0,0.089433,0.870438,-0.000066,0.0,1.570796,0.0,0.346216,-0.042458,0.0,0.0,0.0,-0.448652,-0.026979,0.004151,0.795889,-0.182448,0.024385,-0.082362,0.02588,0.002441,0.369294,-0.222204,-0.024991,-0.059581,0.174482,0.0,-0.034549,0.0,0.0,0.0,-0.206918,-0.174482,0.0,-0.036441,-0.0,-0.0,-0.0,0.0,0.0,-0.0,0.0,0.0,0.0,0.0,0.0,-0.0,0.001953,-0.005066,0.0,0.000196,-0.0,0.000065,0.0,-0.000065,0.0,-0.000196,-0.0,-0.0,0.0,-0.001221,
0.0,0.093138,0.870145,-0.000066,0.0,1.570796,0.0,0.370575,-0.029333,0.0,0.0,0.0,-0.450456,-0.026631,0.004535,0.780321,-0.185851,0.024522,-0.076756,0.025807,0.002368,0.367208,-0.224398,-0.024996,-0.05709,0.174482,-0.0,-0.032937,0.0,0.0,0.0,-0.212241,-0.174482,0.0,-0.039573,0.0,0.0,0.0,0.0,0.0,-0.0,0.0,-0.0,0.0,0.0,0.0,-0.0,0.001953,-0.005066,0.0,0.000196,0.0,0.000065,0.0,-0.000065,0.0,-0.000196,0.0,0.0,0.0,-0.00155,
0.0,0.096844,0.869852,-0.000066,0.0,1.570796,0.0,0.370579,-0.029341,0.0,0.0,0.0,-0.452259,-0.026283,0.00492,0.764751,-0.189253,0.02466,-0.071149,0.025734,0.002295,0.365122,-0.226591,-0.025001,-0.054599,0.174482,0.0,-0.031326,0.0,0.0,0.0,-0.217564,-0.174482,0.0,-0.042705,0.0,0.0,0.0,-0.0,0.0,-0.0,0.0,-0.0,0.0,-0.0,0.0,-0.0,0.001953,-0.005066,0.0,0.000196,0.0,0.000065,0.0,-0.000065,0.0,-0.000196,0.0,-0.0,0.0,-0.00188,
0.0,0.10055,0.869558,-0.000066,0.0,1.570796,0.0,0.370577,-0.029341,0.0,0.0,0.0,-0.454063,-0.025935,0.005304,0.749182,-0.192656,0.024797,-0.065542,0.025661,0.002222,0.363037,-0.228785,-0.025007,-0.052107,0.174482,-0.0,-0.029714,0.0,0.0,0.0,-0.222887,-0.174482,0.0,-0.045837,0.0,0.0,0.0,0.0,0.0,-0.0,0.0,0.0,0.0,-0.0,0.0,0.0,0.001953,-0.005066,0.0,0.000196,0.0,0.000065,0.0,-0.000065,0.0,-0.000196,0.0,0.0,0.0,-0.00221,
0.0,0.104544,0.869241,-0.000066,0.0,1.570796,0.0,0.399394,-0.031689,0.0,0.0,0.0,-0.455692,-0.025648,0.005615,0.732291,-0.194612,0.024859,-0.06007,0.025636,0.002197,0.361758,-0.230978,-0.025012,-0.049628,0.174482,0.0,-0.028145,0.0,0.0,0.0,-0.227795,-0.174482,0.0,-0.048602,0.0,0.0,0.0,-0.0,0.0,-0.0,0.0,-0.0,0.0,-0.0,0.0,-0.0,0.001953,-0.005115,0.0,0.000196,0.0,0.000065,0.0,-0.000065,0.0,-0.000196,0.0,0.0,0.0,-0.002454,
0.0,0.108682,0.868912,-0.000066,0.0,1.570796,0.0,0.413805,-0.032871,0.0,0.0,0.0,-0.457234,-0.025392,0.00589,0.714738,-0.195845,0.024883,-0.054666,0.025636,0.002197,0.360883,-0.233171,-0.025017,-0.047156,0.174482,-0.0,-0.026598,0.0,0.0,0.0,-0.232496,-0.174482,0.0,-0.051185,0.0,0.0,0.0,0.0,0.0,-0.0,0.0,0.0,0.0,0.0,0.0,0.0,0.001953,-0.005188,0.0,0.000196,0.0,0.000065,0.0,-0.000065,0.0,-0.000196,0.0,0.0,0.0,-0.002655,
0.0,0.11282,0.868584,-0.000066,0.0,1.570796,0.0,0.413811,-0.032863,0.0,0.0,0.0,-0.458775,-0.025136,0.006165,0.697184,-0.197078,0.024908,-0.049263,0.025636,0.002197,0.360009,-0.235365,-0.025022,-0.044683,0.174482,0.0,-0.02505,0.0,0.0,0.0,-0.237197,-0.174482,0.0,-0.053768,0.0,0.0,0.0,0.0,0.0,0.0,0.0,0.0,0.0,-0.0,0.0,0.0,0.001953,-0.005261,0.0,0.000196,0.0,0.000065,-0.0,-0.000065,0.0,-0.000196,0.0,-0.0,0.0,-0.002857,
0.0,0.117161,0.868245,-0.000066,0.0,1.570796,0.0,0.434097,-0.03393,0.0,0.0,0.0,-0.460117,-0.024892,0.006439,0.679014,-0.198286,0.024932,-0.043304,0.025636,0.002197,0.358464,-0.237485,-0.025028,-0.042156,0.174482,0.0,-0.023503,0.0,0.0,0.0,-0.241567,-0.174482,0.0,-0.056106,-0.0,-0.0,-0.0,0.0,0.0,0.0,0.0,-0.0,0.0,0.0,0.0,0.0,0.001953,-0.00531,0.0,0.000196,-0.0,0.000065,0.0,-0.000065,0.0,-0.000196,0.0,0.0,0.0,-0.003021,
0.0,0.121908,0.867884,-0.000066,0.0,1.570796,0.0,0.474686,-0.036048,0.0,0.0,0.0,-0.461057,-0.024672,0.006714,0.659602,-0.199445,0.024957,-0.036235,0.025636,0.002197,0.355581,-0.239459,-0.025033,-0.039518,0.174482,0.0,-0.021956,0.0,0.0,0.0,-0.245276,-0.174482,-0.0,-0.057957,0.0,0.0,0.0,0.0,0.0,-0.0,0.0,0.0,0.0,0.0,0.0,0.0,0.001953,-0.00531,0.0,0.000196,0.0,0.000065,0.0,-0.000065,0.0,-0.000196,0.0,-0.0,0.0,-0.003113,
0.0,0.126655,0.867524,-0.000066,0.0,1.570796,0.0,0.474687,-0.036048,0.0,0.0,0.0,-0.461998,-0.024452,0.006989,0.64019,-0.200605,0.024981,-0.029165,0.025636,0.002197,0.352698,-0.241432,-0.025038,-0.036881,0.174482,0.0,-0.020408,-0.0,0.0,0.0,-0.248985,-0.174482,0.0,-0.059807,0.0,0.0,0.0,0.0,0.0,-0.0,0.0,-0.0,0.0,0.0,0.0,0.0,0.001953,-0.00531,0.0,0.000196,-0.0,0.000065,0.0,-0.000065,-0.0,-0.000196,0.0,-0.0,0.0,-0.003204,
0.0,0.131402,0.867163,-0.000066,0.0,1.570796,0.0,0.474693,-0.036056,0.0,0.0,0.0,-0.462938,-0.024232,0.007263,0.62078,-0.201764,0.025005,-0.022096,0.025636,0.002197,0.349814,-0.243406,-0.025043,-0.034244,0.174482,0.0,-0.018861,0.0,0.0,0.0,-0.252693,-0.174482,0.0,-0.061657,0.0,0.0,0.0,-0.0,0.0,-0.0,0.0,-0.0,0.0,0.0,0.0,-0.0,0.001953,-0.00531,0.0,0.000196,0.0,0.000065,0.0,-0.000065,0.0,-0.000196,0.0,0.0,0.0,-0.003296,
0.0,0.136559,0.866826,-0.000066,0.0,1.570796,0.0,0.515723,-0.033749,0.0,0.0,0.0,-0.46228,-0.024067,0.007447,0.596226,-0.201617,0.02503,-0.016182,0.025636,0.002197,0.347453,-0.245085,-0.025049,-0.032266,0.174482,0.0,-0.017725,-0.0,0.0,0.0,-0.255666,-0.174482,0.0,-0.063562,0.0,0.0,0.0,0.0,0.0,0.0,0.0,-0.0,0.0,0.0,0.0,0.0,0.001953,-0.00531,0.0,0.000196,0.0,0.000065,0.0,-0.000065,0.0,-0.000196,0.0,0.0,0.0,-0.002966,
0.0,0.141716,0.866488,-0.000066,0.0,1.570796,0.0,0.515725,-0.033749,0.0,0.0,0.0,-0.461621,-0.023903,0.00763,0.571666,-0.20147,0.025054,-0.010267,0.025636,0.002197,0.345093,-0.246764,-0.025054,-0.030288,0.174482,0.0,-0.01659,0.0,0.0,0.0,-0.258639,-0.174482,-0.0,-0.065468,0.0,0.0,0.0,-0.0,0.0,0.0,0.0,-0.0,0.0,0.0,0.0,0.0,0.001953,-0.00531,0.0,0.000196,0.0,0.000065,0.0,-0.000065,0.0,-0.000196,0.0,0.0,0.0,-0.002637,
0.0,0.146873,0.866151,-0.000066,0.0,1.570796,-0.0,0.515725,-0.033749,0.0,0.0,0.0,-0.460963,-0.023738,0.007813,0.54711,-0.201323,0.025079,-0.004352,0.025636,0.002197,0.342732,-0.248443,-0.025059,-0.02831,0.174482,0.0,-0.015455,0.0,0.0,0.0,-0.261612,-0.174482,0.0,-0.067373,0.0,0.0,0.0,0.0,0.0,-0.0,0.0,-0.0,0.0,-0.0,0.0,-0.0,0.001953,-0.00531,0.0,0.000196,0.0,0.000065,0.0,-0.000065,0.0,-0.000196,0.0,0.0,0.0,-0.002307,
0.0,0.152419,0.865811,-0.000066,0.0,1.570796,0.0,0.554549,-0.033983,0.0,0.0,0.0,-0.462399,-0.023634,0.007971,0.532203,-0.203077,0.025062,-0.000354,0.025636,0.002149,0.34482,-0.25059,-0.025064,-0.02632,0.174482,0.0,-0.014332,-0.0,0.0,0.0,-0.263773,-0.174482,0.0,-0.06868,-0.0,0.0,0.0,0.0,0.0,0.0,0.0,0.0,0.0,0.0,0.0,0.0,0.001953,-0.00531,0.0,0.000196,0.0,0.000065,0.0,-0.000065,0.0,-0.000196,0.0,0.0,0.0,-0.001807,
-0.0,0.158159,0.86547,-0.000066,0.0,1.570796,-0.0,0.573969,-0.034104,0.0,0.0,0.0,-0.464883,-0.023561,0.008118,0.522119,-0.205783,0.025026,0.002685,0.025636,0.002075,0.349134,-0.252971,-0.025069,-0.024324,0.174482,-0.0,-0.013215,0.0,0.0,0.0,-0.265528,-0.174482,0.0,-0.069688,0.0,0.0,0.0,-0.0,0.0,-0.0,0.0,0.0,0.0,-0.0,0.0,-0.0,0.001953,-0.00531,0.0,0.000196,-0.0,0.000065,0.0,-0.000065,0.0,-0.000196,0.0,0.0,0.0,-0.001221,
0.0,0.163898,0.865129,-0.000066,0.0,1.570796,0.0,0.573969,-0.034096,0.0,0.0,0.0,-0.467367,-0.023488,0.008264,0.512036,-0.208489,0.024989,0.005725,0.025636,0.002002,0.353448,-0.255352,-0.025075,-0.022328,0.174482,-0.0,-0.012098,0.0,0.0,0.0,-0.267283,-0.174482,0.0,-0.070696,0.0,-0.0,0.0,-0.0,0.0,-0.0,0.0,-0.0,0.0,-0.0,0.0,-0.0,0.001953,-0.00531,0.0,0.000196,-0.0,0.000065,0.0,-0.000065,0.0,-0.000196,0.0,0.0,0.0,-0.000635,
0.0,0.169896,0.864783,-0.000066,0.0,1.570796,0.0,0.599819,-0.03459,0.0,0.0,0.0,-0.470411,-0.023439,0.008393,0.505439,-0.211312,0.024953,0.008698,0.025636,0.001953,0.358409,-0.257506,-0.02508,-0.020204,0.174482,-0.0,-0.010914,-0.0,0.0,0.0,-0.268533,-0.174482,0.0,-0.071245,0.0,0.0,0.0,0.0,0.0,-0.0,0.0,-0.0,0.0,-0.0,0.0,-0.0,0.001953,-0.00531,0.0,0.000196,0.0,0.000065,-0.0,-0.000065,0.0,-0.000196,0.0,0.0,0.0,0.000024,
0.0,0.176412,0.864427,-0.000066,0.0,1.570796,0.0,0.651551,-0.035563,0.0,0.0,0.0,-0.474575,-0.023439,0.008484,0.505818,-0.21437,0.024916,0.011536,0.025636,0.001953,0.364667,-0.259205,-0.025085,-0.017823,0.174482,0.0,-0.009595,-0.0,0.0,0.0,-0.268773,-0.174482,0.0,-0.070879,0.0,0.0,0.0,0.0,0.0,-0.0,0.0,-0.0,0.0,-0.0,0.0,-0.0,0.001953,-0.00531,0.0,0.000196,0.0,0.000065,0.0,-0.000065,0.0,-0.000196,0.0,-0.0,0.0,0.00083,
0.0,0.182927,0.864072,-0.000066,0.0,1.570796,0.0,0.651543,-0.035563,0.0,0.0,0.0,-0.478739,-0.023439,0.008576,0.506196,-0.217427,0.024879,0.014374,0.025636,0.001953,0.370924,-0.260904,-0.02509,-0.015443,0.174482,0.0,-0.008277,0.0,0.0,0.0,-0.269013,-0.174482,0.0,-0.070512,0.0,0.0,0.0,-0.0,0.0,0.0,0.0,-0.0,0.0,0.0,0.0,-0.0,0.001953,-0.00531,0.0,0.000196,0.0,0.000065,0.0,-0.000065,0.0,-0.000196,0.0,-0.0,0.0,0.001636,
0.0,0.189443,0.863716,-0.000066,0.0,1.570796,0.0,0.651543,-0.035563,0.0,0.0,0.0,-0.482903,-0.023439,0.008667,0.506574,-0.220485,0.024843,0.017212,0.025636,0.001953,0.377182,-0.262603,-0.025096,-0.013062,0.174482,0.0,-0.006958,-0.0,0.0,0.0,-0.269253,-0.174482,0.0,-0.070146,0.0,0.0,0.0,0.0,0.0,-0.0,0.0,0.0,0.0,-0.0,0.0,0.0,0.001953,-0.00531,0.0,0.000196,0.0,0.000065,0.0,-0.000065,0.0,-0.000196,0.0,0.0,0.0,0.002441,
0.0,0.196553,0.863391,-0.000066,0.0,1.570796,0.0,0.711065,-0.032553,0.0,0.0,0.0,-0.482998,-0.023439,0.008667,0.505307,-0.221074,0.024843,0.020344,0.025709,0.001953,0.384031,-0.262603,-0.025101,-0.010261,0.174482,0.0,-0.005457,0.0,0.0,0.0,-0.267979,-0.174482,0.0,-0.069193,0.0,0.0,0.0,-0.0,0.0,0.0,0.0,0.0,0.0,0.0,0.0,0.0,0.001953,-0.00531,-0.0,0.000196,0.0,0.000065,0.0,-0.000065,0.0,-0.000196,0.0,0.0,0.0,0.003888,
0.0,0.203664,0.863065,-0.000066,0.0,1.570796,0.0,0.711071,-0.032553,0.0,0.0,0.0,-0.483092,-0.023439,0.008667,0.50404,-0.221664,0.024843,0.023475,0.025783,0.001953,0.39088,-0.262603,-0.025106,-0.007459,0.174482,0.0,-0.003955,0.0,0.0,0.0,-0.266704,-0.174482,0.0,-0.068241,0.0,-0.0,0.0,0.0,0.0,0.0,0.0,0.0,0.0,0.0,0.0,0.0,0.001953,-0.00531,0.0,0.000196,0.0,0.000065,0.0,-0.000065,0.0,-0.000196,0.0,0.0,0.0,0.005335,
0.0,0.210775,0.862739,-0.000066,0.0,1.570796,0.0,0.711081,-0.032553,0.0,0.0,0.0,-0.483186,-0.023439,0.008667,0.502773,-0.222253,0.024843,0.026607,0.025856,0.001953,0.397729,-0.262603,-0.025111,-0.004657,0.174482,-0.0,-0.002454,0.0,0.0,0.0,-0.265429,-0.174482,0.0,-0.067288,0.0,0.0,0.0,0.0,0.0,0.0,0.0,-0.0,0.0,0.0,0.0,0.0,0.001953,-0.00531,0.0,0.000196,0.0,0.000065,0.0,-0.000065,0.0,-0.000196,0.0,0.0,0.0,0.006781,
0.0,0.218304,0.862493,-0.000066,0.0,1.570796,0.0,0.752864,-0.024608,0.0,0.0,0.0,-0.478949,-0.023439,0.008618,0.498701,-0.220289,0.024843,0.030837,0.025917,0.002063,0.403203,-0.26035,-0.025117,-0.001368,0.174482,-0.0,-0.001953,0.0,0.0,0.0,-0.263256,-0.174482,0.0,-0.066152,0.0,0.0,0.0,-0.0,0.0,0.0,0.0,0.0,0.0,-0.0,0.0,0.0,0.001953,-0.00531,0.0,0.000196,0.0,0.000065,0.0,-0.000065,0.0,-0.000196,0.0,0.0,0.0,0.008264,
0.0,0.226041,0.862287,-0.000066,0.0,1.570796,0.0,0.773782,-0.02064,0.0,0.0,0.0,-0.472546,-0.023439,0.008545,0.493225,-0.217047,0.024843,0.035617,0.025972,0.002228,0.40799,-0.256972,-0.025122,0.002167,0.174482,-0.0,-0.001953,0.0,0.0,0.0,-0.260634,-0.174482,0.0,-0.064924,0.0,0.0,0.0,0.0,0.0,0.0,0.0,0.0,0.0,-0.0,0.0,0.0,0.001953,-0.00531,0.0,0.000196,0.0,0.000065,0.0,-0.000065,0.0,-0.000196,0.0,0.0,0.0,0.009766,
0.0,0.233779,0.862081,-0.000066,0.0,1.570796,0.0,0.773782,-0.020632,0.0,0.0,0.0,-0.466142,-0.023439,0.008472,0.487749,-0.213805,0.024843,0.040397,0.026027,0.002393,0.412777,-0.253593,-0.025127,0.005701,0.174482,0.0,-0.001953,0.0,0.0,0.0,-0.258011,-0.174482,0.0,-0.063697,0.0,0.0,0.0,0.0,0.0,0.0,0.0,-0.0,0.0,-0.0,0.0,0.0,0.001953,-0.00531,0.0,0.000196,0.0,0.000065,0.0,-0.000065,0.0,-0.000196,0.0,0.0,0.0,0.011267,
0.0,0.241759,0.861931,-0.000066,0.0,1.570796,-0.0,0.797934,-0.014939,0.0,0.0,0.0,-0.458569,-0.023439,0.008356,0.481707,-0.209706,0.024843,0.045562,0.0261,0.0026,0.417092,-0.248587,-0.025132,0.009406,0.174482,-0.0,-0.001953,0.0,0.0,0.0,-0.254916,-0.174482,-0.0,-0.062421,0.0,0.0,0.0,0.0,0.0,-0.0,0.0,-0.0,0.0,0.0,0.0,-0.0,0.001953,-0.00531,0.0,0.000196,0.0,0.000065,0.0,-0.000065,0.0,-0.000196,0.0,0.0,0.0,0.012671,
0.0,0.250221,0.861896,-0.000066,0.0,1.570796,0.0,0.84623,-0.003545,0.0,0.0,0.0,-0.448655,-0.023439,0.008155,0.474531,-0.20389,0.024843,0.051497,0.02621,0.002893,0.420463,-0.240325,-0.025137,0.013452,0.174482,0.0,-0.001953,-0.0,0.0,0.0,-0.250874,-0.174482,0.0,-0.061047,-0.0,-0.0,0.0,0.0,0.0,-0.0,0.0,-0.0,0.0,-0.0,0.0,0.0,0.001953,-0.00531,-0.0,0.000196,0.0,0.000065,0.0,-0.000065,0.0,-0.000196,0.0,0.0,0.0,0.01388,
0.0,0.258683,0.86186,-0.000066,0.0,1.570796,0.0,0.84623,-0.003545,0.0,0.0,0.0,-0.438742,-0.023439,0.007953,0.467355,-0.198074,0.024843,0.057432,0.02632,0.003186,0.423833,-0.232064,-0.025143,0.017499,0.174482,0.0,-0.001953,0.0,0.0,0.0,-0.246833,-0.174482,0.0,-0.059673,0.0,0.0,0.0,0.0,0.0,0.0,0.0,0.0,0.0,0.0,0.0,-0.0,0.001953,-0.00531,0.0,0.000196,0.0,0.000065,0.0,-0.000065,0.0,-0.000196,0.0,0.0,0.0,0.015088,
0.0,0.267146,0.861825,-0.000066,0.0,1.570796,0.0,0.84623,-0.003545,0.0,0.0,0.0,-0.428829,-0.023439,0.007752,0.46018,-0.192258,0.024843,0.063367,0.02643,0.003479,0.427204,-0.223802,-0.025148,0.021546,0.174482,0.0,-0.001953,0.0,0.0,0.0,-0.242791,-0.174482,0.0,-0.058299,0.0,0.0,0.0,0.0,0.0,-0.0,0.0,-0.0,0.0,-0.0,0.0,-0.0,0.001953,-0.00531,0.0,0.000196,0.0,0.000065,0.0,-0.000065,0.0,-0.000196,0.0,-0.0,0.0,0.016297,
0.0,0.275639,0.861937,-0.000066,0.0,1.570796,-0.0,0.849338,0.01118,0.0,0.0,0.0,-0.418485,-0.02353,0.00744,0.454056,-0.183581,0.024843,0.067947,0.026613,0.003992,0.432268,-0.209871,-0.02502,0.024275,0.174482,-0.0,-0.001953,0.0,0.0,0.0,-0.236818,-0.174482,0.0,-0.056375,0.0,0.0,0.0,0.0,0.0,-0.0,0.0,-0.0,0.0,0.0,0.0,-0.0,0.001953,-0.00531,0.0,0.000196,0.0,0.000065,0.0,-0.000065,0.0,-0.000196,0.0,0.0,0.0,0.016297,
0.0,0.284132,0.862048,-0.000066,0.0,1.570796,0.0,0.849349,0.01118,0.0,0.0,0.0,-0.40814,-0.023622,0.007129,0.447932,-0.174904,0.024843,0.072528,0.026796,0.004504,0.437331,-0.195939,-0.024892,0.027003,0.174482,0.0,-0.001953,0.0,0.0,0.0,-0.230845,-0.174482,0.0,-0.054452,0.0,0.0,0.0,0.0,0.0,-0.0,0.0,-0.0,0.0,-0.0,0.0,-0.0,0.001953,-0.00531,0.0,0.000196,0.0,0.000065,0.0,-0.000065,0.0,-0.000196,0.0,0.0,0.0,0.016297,
0.0,0.292626,0.86216,-0.000066,0.0,1.570796,0.0,0.849338,0.011188,0.0,0.0,0.0,-0.397796,-0.023713,0.006818,0.441808,-0.166227,0.024843,0.077109,0.026979,0.005017,0.442395,-0.182007,-0.024763,0.029732,0.174482,-0.0,-0.001953,0.0,0.0,0.0,-0.224871,-0.174482,-0.0,-0.052529,0.0,0.0,0.0,-0.0,0.0,0.0,0.0,-0.0,0.0,0.0,0.0,0.0,0.001953,-0.00531,0.0,0.000196,0.0,0.000065,0.0,-0.000065,0.0,-0.000196,0.0,0.0,0.0,0.016297,
0.0,0.301237,0.862364,-0.000066,0.0,1.570796,0.0,0.861079,0.020389,0.0,0.0,0.0,-0.39125,-0.023781,0.006616,0.444613,-0.162121,0.024843,0.081592,0.027248,0.005786,0.447678,-0.162875,-0.024464,0.032204,0.174482,-0.0,-0.001953,0.0,0.0,0.0,-0.218437,-0.174482,0.0,-0.050032,0.0,0.0,0.0,0.0,0.0,0.0,0.0,0.0,0.0,0.0,0.0,0.0,0.001953,-0.005371,0.0,0.000196,-0.0,0.000065,0.0,-0.000065,-0.0,-0.000196,0.0,-0.0,0.0,0.01626,
0.0,0.309906,0.862614,-0.000066,0.0,1.570796,-0.0,0.866966,0.024998,0.0,0.0,0.0,-0.386604,-0.023836,0.00647,0.451885,-0.160303,0.024843,0.086028,0.027559,0.006683,0.453071,-0.141138,-0.02408,0.034548,0.174482,0.0,-0.001953,0.0,0.0,0.0,-0.211771,-0.174482,0.0,-0.047247,0.0,0.0,0.0,-0.0,0.0,-0.0,0.0,-0.0,0.0,-0.0,0.0,0.0,0.001953,-0.005463,0.0,0.000196,0.0,0.000065,0.0,-0.000065,-0.0,-0.000196,0.0,0.0,0.0,0.016206,
0.0,0.318576,0.862864,-0.000066,0.0,1.570796,0.0,0.866976,0.024998,0.0,0.0,0.0,-0.381958,-0.02389,0.006323,0.459156,-0.158484,0.024843,0.090463,0.02787,0.007581,0.458464,-0.119401,-0.023695,0.036893,0.174482,-0.0,-0.001953,0.0,0.0,0.0,-0.205105,-0.174482,-0.0,-0.044463,0.0,0.0,0.0,0.0,0.0,0.0,0.0,0.0,0.0,0.0,0.0,0.0,0.001953,-0.005554,0.0,0.000196,0.0,0.000065,0.0,-0.000065,0.0,-0.000196,0.0,-0.0,0.0,0.016151,
0.0,0.32733,0.863161,-0.000066,0.0,1.570796,0.0,0.875406,0.029706,0.0,0.0,0.0,-0.376775,-0.023927,0.006189,0.465843,-0.157381,0.024843,0.091747,0.028292,0.008533,0.470047,-0.098639,-0.023189,0.039139,0.174482,0.0,-0.001953,0.0,0.0,0.0,-0.198545,-0.174482,0.0,-0.041484,0.0,0.0,0.0,0.0,0.0,-0.0,0.0,-0.0,0.0,-0.0,0.0,0.0,0.001953,-0.005615,0.0,0.000196,0.0,0.000065,0.0,-0.000065,0.0,-0.000196,0.0,0.0,0.0,0.016273,
0.0,0.336253,0.863553,-0.000066,0.0,1.570796,0.0,0.892293,0.039129,0.0,0.0,0.0,-0.370516,-0.023927,0.006079,0.471362,-0.157712,0.024843,0.086725,0.028932,0.009595,0.494018,-0.07982,-0.022438,0.041191,0.174482,-0.0,-0.001953,-0.0,0.0,0.0,-0.192199,-0.174482,0.0,-0.038114,-0.0,0.0,0.0,0.0,0.0,0.0,0.0,-0.0,0.0,0.0,0.0,-0.0,0.001953,-0.005615,0.0,0.000196,0.0,0.000065,0.0,-0.000065,0.0,-0.000196,-0.0,0.0,0.0,0.016749,
0.0,0.345176,0.863944,-0.000066,0.0,1.570796,0.0,0.892293,0.039129,0.0,0.0,0.0,-0.364258,-0.023927,0.005969,0.476881,-0.158043,0.024843,0.081704,0.029573,0.010657,0.517992,-0.061,-0.021687,0.043242,0.174482,0.0,-0.001953,-0.0,0.0,0.0,-0.185853,-0.174482,0.0,-0.034744,0.0,0.0,0.0,0.0,0.0,-0.0,0.0,0.0,0.0,0.0,0.0,-0.0,0.001953,-0.005615,0.0,0.000196,0.0,0.000065,0.0,-0.000065,0.0,-0.000196,0.0,0.0,0.0,0.017225,
0.0,0.354099,0.864335,-0.000066,0.0,1.570796,0.0,0.892293,0.039122,0.0,0.0,0.0,-0.357999,-0.023927,0.00586,0.4824,-0.158373,0.024843,0.076682,0.030214,0.011719,0.541962,-0.042182,-0.020936,0.045293,0.174482,-0.0,-0.001953,0.0,0.0,0.0,-0.179507,-0.174482,-0.0,-0.031375,0.0,0.0,0.0,0.0,0.0,0.0,0.0,-0.0,0.0,0.0,0.0,0.0,0.001953,-0.005615,0.0,0.000196,0.0,0.000065,0.0,-0.000065,0.0,-0.000196,0.0,0.0,0.0,0.017701,
0.0,0.362013,0.864864,-0.000066,0.0,1.570796,0.0,0.79139,0.052871,0.0,0.0,0.0,-0.349599,-0.024019,0.00575,0.481515,-0.157271,0.024843,0.052582,0.032027,0.01355,0.597835,-0.019842,-0.018849,0.043462,0.174482,0.0,-0.001953,0.0,0.0,0.0,-0.178422,-0.174482,0.0,-0.030422,0.0,0.0,0.0,0.0,0.0,-0.0,0.0,0.0,0.0,0.0,0.0,-0.0,0.001953,-0.005615,0.0,0.000196,0.0,0.000065,0.0,-0.000065,0.0,-0.000196,0.0,0.0,0.0,0.01869,
0.0,0.369926,0.865392,-0.000066,0.0,1.570796,0.0,0.791367,0.052871,0.0,0.0,0.0,-0.341198,-0.02411,0.00564,0.480628,-0.156169,0.024843,0.028476,0.03384,0.015381,0.653768,0.002501,-0.016761,0.04163,0.174482,0.0,-0.001953,0.0,0.0,0.0,-0.177337,-0.174482,-0.0,-0.02947,0.0,0.0,0.0,0.0,0.0,-0.0,0.0,-0.0,0.0,-0.0,0.0,-0.0,0.001953,-0.005615,0.0,0.000196,0.0,0.000065,0.0,-0.000065,0.0,-0.000196,0.0,0.0,0.0,0.019679,
0.0,0.37784,0.865921,-0.000066,0.0,1.570796,0.0,0.791359,0.052871,0.0,0.0,0.0,-0.332798,-0.024202,0.00553,0.479742,-0.155067,0.024843,0.004373,0.035653,0.017212,0.709672,0.024842,-0.014674,0.039799,0.174482,-0.0,-0.001953,-0.0,0.0,0.0,-0.176253,-0.174482,0.0,-0.028518,-0.0,0.0,-0.0,0.0,0.0,0.0,0.0,-0.0,0.0,-0.0,0.0,-0.0,0.001953,-0.005615,0.0,0.000196,0.0,0.000065,0.0,-0.000065,0.0,-0.000196,0.0,-0.0,0.0,0.020667,
0.0,0.385652,0.866483,-0.000066,0.0,1.570796,0.0,0.781162,0.056204,0.0,0.0,0.0,-0.324064,-0.024232,0.005554,0.478442,-0.158178,0.024843,-0.018079,0.037686,0.019202,0.754316,0.061385,-0.011341,0.037467,0.174482,0.0,-0.001953,-0.0,0.0,0.0,-0.175622,-0.174482,0.0,-0.027394,-0.0,0.0,0.0,0.0,0.0,0.0,0.0,0.0,0.0,-0.0,0.0,0.0,0.001953,-0.005615,0.0,0.000196,0.0,0.000065,0.0,-0.000065,0.0,-0.000196,0.0,-0.0,0.0,0.021498,
0.0,0.393412,0.867062,-0.000066,0.0,1.570796,0.0,0.776069,0.057875,0.0,0.0,0.0,-0.315165,-0.024232,0.005646,0.476934,-0.163396,0.024843,-0.039711,0.039829,0.021272,0.793383,0.105067,-0.007386,0.034885,0.174482,0.0,-0.001953,-0.0,0.0,0.0,-0.175217,-0.174482,0.0,-0.026186,-0.0,0.0,0.0,0.0,0.0,0.0,0.0,0.0,0.0,-0.0,0.0,0.0,0.001953,-0.005615,0.0,0.000196,0.0,0.000065,0.0,-0.000065,0.0,-0.000196,0.0,0.0,0.0,0.022248,
0.0,0.401173,0.867641,-0.000066,0.0,1.570796,0.0,0.776062,0.057875,0.0,0.0,0.0,-0.306265,-0.024232,0.005737,0.475427,-0.168613,0.024843,-0.061344,0.041972,0.023341,0.832449,0.148747,-0.003431,0.032303,0.174482,0.0,-0.001953,0.0,0.0,0.0,-0.174813,-0.174482,-0.0,-0.024977,0.0,0.0,0.0,-0.0,0.0,-0.0,0.0,-0.0,0.0,-0.0,0.0,0.0,0.001953,-0.005615,0.0,0.000196,0.0,0.000065,0.0,-0.000065,0.0,-0.000196,0.0,-0.0,0.0,0.022999,
0.0,0.409033,0.868221,-0.000066,0.0,1.570796,0.0,0.785961,0.058058,0.0,0.0,0.0,-0.296781,-0.024202,0.005841,0.473054,-0.1742,0.024843,-0.080646,0.04359,0.024617,0.865641,0.186286,-0.000189,0.029861,0.174482,0.0,-0.001953,0.0,0.0,0.0,-0.173821,-0.174482,0.0,-0.023311,0.0,0.0,0.0,0.0,0.0,-0.0,0.0,0.0,0.0,0.0,0.0,0.0,0.001953,-0.005615,0.0,0.000196,0.0,0.000065,0.0,-0.000065,0.0,-0.000196,0.0,-0.0,0.0,0.0235,
0.0,0.41709,0.868806,-0.000066,0.0,1.570796,0.0,0.805775,0.058426,0.0,0.0,0.0,-0.286128,-0.02411,0.005969,0.468951,-0.180526,0.024843,-0.095296,0.044158,0.024306,0.887128,0.211601,0.001623,0.0277,0.174482,0.0,-0.001953,0.0,-0.0,0.0,-0.171652,-0.174482,0.0,-0.020729,0.0,0.0,-0.0,0.0,-0.0,-0.0,0.0,-0.0,0.0,-0.0,0.0,-0.0,0.001953,-0.005615,0.0,0.000196,0.0,0.000065,0.0,-0.000065,0.0,-0.000196,0.0,-0.0,0.0,0.0235,
0.0,0.425148,0.86939,-0.000066,0.0,1.570796,0.0,0.805786,0.058434,0.0,0.0,0.0,-0.275474,-0.024019,0.006098,0.464847,-0.186851,0.024843,-0.109946,0.044725,0.023994,0.908617,0.236919,0.003436,0.025539,0.174482,-0.0,-0.001953,-0.0,0.0,0.0,-0.169483,-0.174482,0.0,-0.018147,0.0,0.0,0.0,0.0,0.0,-0.0,0.0,-0.0,0.0,0.0,0.0,0.0,0.001953,-0.005615,0.0,0.000196,0.0,0.000065,0.0,-0.000065,0.0,-0.000196,0.0,-0.0,0.0,0.0235,
0.0,0.433206,0.869974,-0.000066,0.0,1.570796,0.0,0.805778,0.058426,0.0,0.0,0.0,-0.26482,-0.023927,0.006226,0.460744,-0.193177,0.024843,-0.124595,0.045293,0.023683,0.930102,0.262231,0.005249,0.023378,0.174482,-0.0,-0.001953,0.0,0.0,0.0,-0.167315,-0.174482,0.0,-0.015565,0.0,0.0,0.0,-0.0,0.0,-0.0,0.0,0.0,0.0,0.0,0.0,0.0,0.001953,-0.005615,0.0,0.000196,0.0,0.000065,0.0,-0.000065,0.0,-0.000196,0.0,-0.0,0.0,0.0235,
0.0,0.440774,0.870513,-0.000066,0.0,1.570796,0.0,0.756848,0.053868,0.0,0.0,0.0,-0.253105,-0.023927,0.006299,0.453251,-0.19706,0.024843,-0.136473,0.045898,0.024104,0.9394,0.250687,0.005249,0.017775,0.174482,0.0,-0.001953,0.0,0.0,0.0,-0.162521,-0.174482,0.0,-0.013926,0.0,0.0,0.0,-0.0,0.0,-0.0,0.0,-0.0,0.0,0.0,0.0,0.0,0.001953,-0.005528,0.0,0.000196,0.0,0.000065,0.0,-0.000065,0.0,-0.000196,0.0,0.0,0.0,0.022419,
0.0,0.448343,0.871051,-0.000066,0.0,1.570796,0.0,0.75684,0.05386,0.0,0.0,0.0,-0.241389,-0.023927,0.006372,0.445757,-0.200943,0.024843,-0.148352,0.046502,0.024525,0.948697,0.239138,0.005249,0.012172,0.174482,0.0,-0.001953,0.0,0.0,0.0,-0.157726,-0.174482,-0.0,-0.012287,0.0,0.0,0.0,0.0,0.0,0.0,0.0,0.0,0.0,0.0,0.0,0.0,0.001953,-0.005441,0.0,0.000196,0.0,0.000065,-0.0,-0.000065,0.0,-0.000196,0.0,-0.0,0.0,0.021339,
0.0,0.455911,0.87159,-0.000066,0.0,1.570796,0.0,0.756844,0.053868,0.0,0.0,0.0,-0.229673,-0.023927,0.006446,0.438264,-0.204826,0.024843,-0.16023,0.047107,0.024946,0.957993,0.22759,0.005249,0.006568,0.174482,-0.0,-0.001953,0.0,0.0,0.0,-0.152932,-0.174482,0.0,-0.010648,0.0,0.0,0.0,-0.0,0.0,0.0,0.0,-0.0,0.0,0.0,0.0,0.0,0.001953,-0.005354,-0.0,0.000196,0.0,0.000065,0.0,-0.000065,0.0,-0.000196,0.0,0.0,0.0,0.020259,
-0.0,0.463255,0.872184,-0.000066,0.0,1.570796,-0.0,0.734398,0.059436,0.0,0.0,0.0,-0.216541,-0.023927,0.00647,0.427707,-0.206808,0.024798,-0.177952,0.047369,0.024867,0.96648,0.213278,0.004785,-0.000524,0.174482,0.0,-0.00393,0.0,0.0,0.0,-0.147271,-0.174482,0.0,-0.009009,0.0,0.0,0.0,0.0,0.0,-0.0,0.0,-0.0,0.0,-0.0,0.0,-0.0,0.001953,-0.005268,0.0,0.000196,0.0,0.000065,0.0,-0.000065,0.0,-0.000196,0.0,0.0,0.0,0.018519,
0.0,0.470487,0.872807,-0.000066,0.0,1.570796,0.0,0.723175,0.062227,0.0,0.0,0.0,-0.2027,-0.023927,0.00647,0.415617,-0.207839,0.024731,-0.198601,0.047461,0.024538,0.974562,0.197581,0.00409,-0.008361,0.174482,0.0,-0.006897,-0.0,0.0,0.0,-0.141176,-0.174482,0.0,-0.00737,0.0,0.0,0.0,0.0,0.0,0.0,0.0,0.0,0.0,0.0,0.0,0.0,0.001953,-0.005181,0.0,0.000196,0.0,0.000065,0.0,-0.000065,0.0,-0.000196,0.0,-0.0,0.0,0.01645,
0.0,0.477719,0.873429,-0.000066,0.0,1.570796,0.0,0.723171,0.062227,0.0,0.0,0.0,-0.188858,-0.023927,0.00647,0.403528,-0.20887,0.024664,-0.219251,0.047552,0.024208,0.982644,0.181884,0.003394,-0.016199,0.174482,0.0,-0.009863,0.0,0.0,0.0,-0.135082,-0.174482,0.0,-0.005732,0.0,0.0,0.0,-0.0,0.0,-0.0,0.0,-0.0,0.0,-0.0,0.0,-0.0,0.001953,-0.005094,0.0,0.000196,0.0,0.000065,0.0,-0.000065,0.0,-0.000196,0.0,-0.0,0.0,0.014381,
0.0,0.484907,0.873944,-0.000066,0.0,1.570796,0.0,0.718819,0.051546,0.0,0.0,0.0,-0.17518,-0.023903,0.00647,0.391753,-0.20995,0.024597,-0.239813,0.047449,0.023683,0.988755,0.165779,0.002472,-0.025055,0.174482,-0.0,-0.014038,-0.0,0.0,0.0,-0.128592,-0.174482,0.0,-0.004639,0.0,0.0,0.0,0.0,0.0,-0.0,0.0,0.0,0.0,-0.0,0.0,0.0,0.001953,-0.005007,0.0,0.000196,0.0,0.000065,0.0,-0.000065,0.0,-0.000196,0.0,-0.0,0.0,0.012043,
0.0,0.492008,0.874246,-0.000066,0.0,1.570796,0.0,0.710111,0.030176,0.0,0.0,0.0,-0.161826,-0.023829,0.00647,0.380605,-0.211128,0.024529,-0.260211,0.046954,0.022767,0.99092,0.148852,0.001099,-0.035953,0.174482,0.0,-0.02063,-0.0,0.0,0.0,-0.121309,-0.174482,0.0,-0.004639,-0.0,0.0,0.0,0.0,0.0,0.0,-0.0,-0.0,0.0,-0.0,0.0,-0.0,0.001953,-0.00492,0.0,0.000196,0.0,0.000065,0.0,-0.000065,0.0,-0.000196,0.0,0.0,0.0,0.009168,
0.0,0.499109,0.874548,-0.000066,0.0,1.570796,-0.0,0.7101,0.030176,0.0,0.0,0.0,-0.148472,-0.023756,0.00647,0.369457,-0.212307,0.024462,-0.280611,0.04646,0.021852,0.993085,0.131924,-0.000275,-0.046851,0.174482,-0.0,-0.027223,0.0,0.0,0.0,-0.114027,-0.174482,0.0,-0.004639,0.0,0.0,0.0,0.0,0.0,0.0,0.0,0.0,0.0,-0.0,0.0,-0.0,0.001953,-0.004833,0.0,0.000196,0.0,0.000065,0.0,-0.000065,0.0,-0.000196,0.0,0.0,0.0,0.006293,
0.0,0.50621,0.87485,-0.000066,0.0,1.570796,0.0,0.710104,0.030176,0.0,0.0,0.0,-0.135118,-0.023683,0.00647,0.35831,-0.213485,0.024395,-0.301008,0.045965,0.020936,0.99525,0.114998,-0.001648,-0.057748,0.174482,0.0,-0.033815,0.0,0.0,0.0,-0.106744,-0.174482,0.0,-0.004639,0.0,0.0,0.0,-0.0,0.0,-0.0,0.0,0.0,0.0,-0.0,0.0,0.0,0.001953,-0.004746,0.0,0.000196,0.0,0.000065,0.0,-0.000065,0.0,-0.000196,0.0,0.0,0.0,0.003418,
0.0,0.513709,0.874791,-0.000066,0.0,1.570796,0.0,0.749878,-0.00584,0.0,0.0,0.0,-0.121931,-0.023683,0.00647,0.348684,-0.21553,0.024328,-0.321976,0.044793,0.01927,0.992545,0.101085,-0.003351,-0.068779,0.174482,-0.0,-0.040775,0.0,0.0,0.0,-0.095711,-0.174482,0.0,-0.004639,-0.0,0.0,0.0,0.0,0.0,-0.0,0.0,-0.0,0.0,-0.0,0.0,-0.0,0.001953,-0.004659,0.0,0.000196,0.0,0.000065,0.0,-0.000065,0.0,-0.000196,0.0,-0.0,0.0,0.000837,
-0.0,0.521208,0.874733,-0.000066,0.0,1.570796,-0.0,0.749882,-0.005833,0.0,0.0,0.0,-0.108744,-0.023683,0.00647,0.339058,-0.217574,0.024261,-0.342947,0.043621,0.017604,0.989839,0.087171,-0.005054,-0.079811,0.174482,0.0,-0.047735,0.0,0.0,0.0,-0.084676,-0.174482,0.0,-0.004639,-0.0,0.0,0.0,0.0,0.0,-0.0,0.0,0.0,0.0,-0.0,0.0,0.0,0.001953,-0.004572,0.0,0.000196,-0.0,0.000065,0.0,-0.000065,0.0,-0.000196,0.0,0.0,0.0,-0.001745,
-0.0,0.528706,0.874675,-0.000066,0.0,1.570796,0.0,0.749882,-0.00584,0.0,0.0,0.0,-0.095557,-0.023683,0.00647,0.329432,-0.219619,0.024194,-0.363917,0.042448,0.015937,0.987133,0.073258,-0.006757,-0.090842,0.174482,0.0,-0.054695,0.0,0.0,0.0,-0.073642,-0.174482,-0.0,-0.004639,0.0,0.0,0.0,-0.0,0.0,0.0,0.0,0.0,0.0,-0.0,0.0,-0.0,0.001953,-0.004485,0.0,0.000196,-0.0,0.000065,0.0,-0.000065,0.0,-0.000196,0.0,-0.0,0.0,-0.004327,
0.0,0.536349,0.874364,-0.000066,0.0,1.570796,0.0,0.764257,-0.031108,0.0,0.0,0.0,-0.083099,-0.023683,0.00647,0.3217,-0.222364,0.024159,-0.384238,0.041398,0.014539,0.982058,0.063515,-0.008093,-0.102662,0.174482,0.0,-0.062072,0.0,0.0,0.0,-0.062381,-0.174482,0.0,-0.004639,0.0,0.0,0.0,0.0,0.0,-0.0,0.0,-0.0,-0.0,0.0,0.0,-0.0,0.001953,-0.004419,0.0,0.000196,0.0,0.000065,0.0,-0.000065,0.0,-0.000196,0.0,0.0,0.0,-0.006384,
0.0,0.544064,0.873926,-0.000066,0.0,1.570796,0.0,0.771453,-0.043749,0.0,0.0,0.0,-0.071006,-0.023683,0.00647,0.314914,-0.22546,0.024141,-0.404241,0.040409,0.013276,0.975798,0.055858,-0.009247,-0.114878,0.174482,-0.0,-0.069658,0.0,0.0,0.0,-0.051006,-0.174482,-0.0,-0.004639,0.0,0.0,0.0,-0.0,0.0,0.0,0.0,-0.0,0.0,0.0,0.0,-0.0,0.001953,-0.004364,0.0,0.000196,0.0,0.000065,0.0,-0.000065,0.0,-0.000196,0.0,0.0,0.0,-0.008179,
0.0,0.551778,0.873489,-0.000066,0.0,1.570796,0.0,0.771449,-0.043749,0.0,0.0,0.0,-0.058913,-0.023683,0.00647,0.308128,-0.228556,0.024122,-0.424243,0.03942,0.012012,0.969537,0.048201,-0.010401,-0.127094,0.174482,0.0,-0.077243,0.0,0.0,0.0,-0.03963,-0.174482,0.0,-0.004639,0.0,0.0,0.0,0.0,0.0,0.0,0.0,0.0,-0.0,0.0,0.0,0.0,0.001953,-0.004309,0.0,0.000196,0.0,0.000065,0.0,-0.000065,0.0,-0.000196,0.0,0.0,0.0,-0.009973,
0.0,0.559588,0.872915,-0.000066,0.0,1.570796,0.0,0.780948,-0.057329,0.0,0.0,0.0,-0.048372,-0.023683,0.00647,0.304671,-0.232605,0.024104,-0.443064,0.038492,0.010901,0.961238,0.041484,-0.011457,-0.139835,0.174482,0.0,-0.085111,0.0,0.0,0.0,-0.028501,-0.174482,0.0,-0.004639,0.0,0.0,0.0,0.0,0.0,0.0,0.0,0.0,0.0,0.0,0.0,0.0,0.001953,-0.004273,0.0,0.000196,0.0,0.000065,0.0,-0.000065,0.0,-0.000196,0.0,-0.0,0.0,-0.011396,
0.0,0.567587,0.87207,-0.000066,0.0,1.570796,0.0,0.799925,-0.084504,0.0,0.0,0.0,-0.040936,-0.023683,0.00647,0.307877,-0.238563,0.024086,-0.45953,0.037687,0.010096,0.948859,0.03665,-0.012317,-0.153631,0.174482,0.0,-0.093544,0.0,0.0,0.0,-0.017862,-0.174482,0.0,-0.004639,0.0,0.0,0.0,0.0,0.0,0.0,0.0,0.0,0.0,0.0,0.0,-0.0,0.001953,-0.004273,0.0,0.000196,0.0,0.000065,0.0,-0.000065,0.0,-0.000196,0.0,0.0,0.0,-0.012073,
-0.0,0.575586,0.871225,-0.000066,0.0,1.570796,-0.0,0.799925,-0.084504,0.0,0.0,0.0,-0.0335,-0.023683,0.00647,0.311083,-0.244521,0.024067,-0.475997,0.036881,0.00929,0.93648,0.031815,-0.013178,-0.167426,0.174482,0.0,-0.101977,0.0,0.0,0.0,-0.007222,-0.174482,-0.0,-0.004639,0.0,0.0,0.0,0.0,0.0,-0.0,0.0,0.0,0.0,0.0,0.0,0.0,0.001953,-0.004273,0.0,0.000196,0.0,0.000065,0.0,-0.000065,0.0,-0.000196,0.0,-0.0,0.0,-0.012751,
0.0,0.583585,0.87038,-0.000066,0.0,1.570796,0.0,0.799921,-0.084504,0.0,0.0,0.0,-0.026064,-0.023683,0.00647,0.314289,-0.250478,0.024049,-0.492462,0.036075,0.008484,0.924101,0.02698,-0.014039,-0.181221,0.174482,0.0,-0.11041,0.0,0.0,0.0,0.003417,-0.174482,0.0,-0.004639,0.0,0.0,0.0,0.0,0.0,-0.0,0.0,-0.0,-0.0,-0.0,0.0,0.0,0.001953,-0.004273,0.0,0.000196,0.0,0.000065,0.0,-0.000065,0.0,-0.000196,0.0,0.0,0.0,-0.013428,
0.0,0.591849,0.869665,-0.000066,0.0,1.570796,0.0,0.826333,-0.071547,0.0,0.0,0.0,-0.014657,-0.023683,0.006543,0.310399,-0.254522,0.024031,-0.502965,0.035306,0.008026,0.901241,0.024544,-0.014759,-0.194252,0.174482,0.0,-0.119015,0.0,0.0,0.0,0.013836,-0.174482,0.0,-0.004639,0.0,0.0,0.0,-0.0,0.0,-0.0,0.0,0.0,-0.0,-0.0,0.0,-0.0,0.001953,-0.004273,0.0,0.000196,0.0,0.000065,0.0,-0.000065,0.0,-0.000196,0.0,0.0,0.0,-0.013428,
0.0,0.600112,0.868949,-0.000066,0.0,1.570796,0.0,0.826318,-0.071539,0.0,0.0,0.0,-0.003249,-0.023683,0.006616,0.306508,-0.258565,0.024013,-0.513467,0.034537,0.007569,0.878375,0.022108,-0.015479,-0.207284,0.174482,0.0,-0.127619,-0.0,0.0,0.0,0.024256,-0.174482,0.0,-0.004639,0.0,0.0,0.0,0.0,0.0,-0.0,0.0,-0.0,0.0,-0.0,-0.0,-0.0,0.001953,-0.004273,0.0,0.000196,0.0,0.000065,0.0,-0.000065,0.0,-0.000196,0.0,0.0,0.0,-0.013428,
0.0,0.608375,0.868234,-0.000066,0.0,1.570796,-0.0,0.826325,-0.071547,0.0,0.0,0.0,0.008159,-0.023683,0.00669,0.302616,-0.262609,0.023994,-0.52397,0.033767,0.007111,0.855512,0.019673,-0.016199,-0.220316,0.174482,0.0,-0.136224,0.0,0.0,0.0,0.034676,-0.174482,0.0,-0.004639,0.0,0.0,0.0,0.0,0.0,-0.0,0.0,-0.0,0.0,0.0,0.0,0.0,0.001953,-0.004273,0.0,0.000196,0.0,0.000065,0.0,-0.000065,0.0,-0.000196,0.0,0.0,0.0,-0.013428,
0.0,0.616912,0.867413,-0.000066,0.0,1.570796,0.0,0.853666,-0.08212,0.0,0.0,0.0,0.021741,-0.023683,0.006714,0.295252,-0.265743,0.023927,-0.529964,0.032998,0.006714,0.826176,0.015272,-0.01692,-0.232506,0.174482,0.0,-0.144712,0.0,0.0,0.0,0.044792,-0.174482,0.0,-0.004639,0.0,0.0,0.0,-0.0,0.0,0.0,0.0,0.0,0.0,0.0,0.0,-0.0,0.001953,-0.004273,0.0,0.000196,0.0,0.000065,0.0,-0.000065,0.0,-0.000196,0.0,0.0,0.0,-0.013587,
0.0,0.625585,0.866538,-0.000066,0.0,1.570796,-0.0,0.867353,-0.087414,0.0,0.0,0.0,0.036411,-0.023683,0.006714,0.28615,-0.268422,0.023836,-0.533704,0.032229,0.006348,0.793587,0.009889,-0.01764,-0.244277,0.174482,0.0,-0.153142,0.0,0.0,0.0,0.054758,-0.174482,0.0,-0.004639,0.0,0.0,0.0,0.0,0.0,-0.0,0.0,-0.0,0.0,0.0,0.0,-0.0,0.001953,-0.004273,0.0,0.000196,0.0,0.000065,0.0,-0.000065,0.0,-0.000196,0.0,0.0,0.0,-0.013825,
0.0,0.634259,0.865664,-0.000066,0.0,1.570796,0.0,0.867346,-0.087414,0.0,0.0,0.0,0.051082,-0.023683,0.006714,0.277047,-0.271101,0.023744,-0.537444,0.03146,0.005982,0.760998,0.004505,-0.01836,-0.256047,0.174482,0.0,-0.161571,0.0,0.0,0.0,0.064723,-0.174482,0.0,-0.004639,0.0,0.0,0.0,0.0,0.0,-0.0,0.0,0.0,0.0,0.0,0.0,0.0,0.001953,-0.004273,0.0,0.000196,0.0,0.000065,0.0,-0.000065,0.0,-0.000196,0.0,-0.0,0.0,-0.014063,
0.0,0.643148,0.864749,-0.000066,0.0,1.570796,0.0,0.888891,-0.091509,0.0,0.0,0.0,0.066549,-0.023683,0.006665,0.266809,-0.273011,0.023652,-0.540222,0.03074,0.005615,0.728154,-0.002117,-0.01908,-0.267241,0.174482,0.0,-0.169765,0.0,0.0,0.0,0.074543,-0.174482,0.0,-0.004639,0.0,0.0,0.0,-0.0,0.0,-0.0,0.0,-0.0,0.0,-0.0,0.0,-0.0,0.001953,-0.004273,0.0,0.000196,0.0,0.000065,0.0,-0.000065,0.0,-0.000196,0.0,0.0,0.0,-0.014496,
0.0,0.652468,0.863752,-0.000066,0.0,1.570796,0.0,0.932021,-0.099708,0.0,0.0,0.0,0.083614,-0.023683,0.006519,0.254296,-0.273381,0.023561,-0.541077,0.030117,0.005249,0.694758,-0.011218,-0.019801,-0.277283,0.174482,0.0,-0.177487,0.0,0.0,0.0,0.084074,-0.174482,0.0,-0.004639,0.0,0.0,0.0,0.0,0.0,-0.0,0.0,-0.0,0.0,0.0,0.0,-0.0,0.001953,-0.004273,0.0,0.000196,0.0,0.000065,0.0,-0.000065,0.0,-0.000196,0.0,0.0,0.0,-0.01532,
0.0,0.661788,0.862755,-0.000066,0.0,1.570796,0.0,0.932013,-0.099708,0.0,0.0,0.0,0.10068,-0.023683,0.006372,0.241783,-0.27375,0.023469,-0.541933,0.029494,0.004883,0.661356,-0.020319,-0.020521,-0.287325,0.174482,0.0,-0.185209,0.0,0.0,0.0,0.093605,-0.174482,0.0,-0.004639,0.0,0.0,0.0,0.0,0.0,-0.0,0.0,-0.0,0.0,-0.0,0.0,-0.0,0.001953,-0.004273,0.0,0.000196,0.0,0.000065,0.0,-0.000065,0.0,-0.000196,0.0,0.0,0.0,-0.016144,
0.0,0.671108,0.861758,-0.000066,0.0,1.570796,0.0,0.932029,-0.099708,0.0,0.0,0.0,0.117745,-0.023683,0.006226,0.22927,-0.27412,0.023378,-0.542788,0.028872,0.004517,0.627966,-0.02942,-0.021241,-0.297367,0.174482,0.0,-0.192931,-0.0,0.0,0.0,0.103136,-0.174482,0.0,-0.004639,0.0,0.0,0.0,0.0,0.0,-0.0,0.0,-0.0,-0.0,-0.0,-0.0,-0.0,0.001953,-0.004273,0.0,0.000196,0.0,0.000065,0.0,-0.000065,0.0,-0.000196,0.0,0.0,0.0,-0.016968,
0.0,0.680957,0.860945,-0.000066,0.0,1.570796,0.0,0.984884,-0.081264,0.0,0.0,0.0,0.142616,-0.023756,0.005695,0.202387,-0.26535,0.023378,-0.540603,0.028377,0.004187,0.594526,-0.040409,-0.021772,-0.30428,0.174482,-0.0,-0.198084,0.0,0.0,0.0,0.111464,-0.174482,0.0,-0.004639,0.0,0.0,0.0,-0.0,0.0,-0.0,0.0,0.0,0.0,0.0,0.0,0.0,0.001953,-0.004273,0.0,0.000196,0.0,0.000065,0.0,-0.000065,0.0,-0.000196,0.0,0.0,0.0,-0.018104,
0.0,0.690806,0.860133,-0.000066,0.0,1.570796,0.0,0.984884,-0.081264,0.0,0.0,0.0,0.167492,-0.023829,0.005164,0.175496,-0.256578,0.023378,-0.538419,0.027883,0.003858,0.561074,-0.051399,-0.022303,-0.311192,0.174482,0.0,-0.203238,0.0,0.0,0.0,0.119791,-0.174482,0.0,-0.004639,0.0,0.0,0.0,0.0,0.0,-0.0,0.0,-0.0,0.0,0.0,-0.0,0.0,0.001953,-0.004273,0.0,0.000196,0.0,0.000065,0.0,-0.000065,0.0,-0.000196,0.0,0.0,0.0,-0.019239,
0.0,0.700655,0.85932,-0.000066,0.0,1.570796,0.0,0.984891,-0.081256,0.0,0.0,0.0,0.192367,-0.023903,0.004633,0.148608,-0.247807,0.023378,-0.536234,0.027388,0.003528,0.527628,-0.062389,-0.022834,-0.318104,0.174482,0.0,-0.208391,0.0,0.0,0.0,0.128119,-0.174482,0.0,-0.004639,0.0,0.0,0.0,0.0,0.0,-0.0,0.0,0.0,0.0,-0.0,0.0,-0.0,0.001953,-0.004273,0.0,0.000196,0.0,0.000065,0.0,-0.000065,0.0,-0.000196,0.0,-0.0,0.0,-0.020374,
0.0,0.71097,0.858714,-0.000066,0.0,1.570796,0.0,1.031544,-0.060662,0.0,0.0,0.0,0.208383,-0.023976,0.003638,0.139858,-0.248019,0.023475,-0.532964,0.027065,0.003284,0.503318,-0.072064,-0.02317,-0.322549,0.174482,0.0,-0.211668,0.0,0.0,0.0,0.136121,-0.174482,-0.0,-0.004639,0.0,0.0,0.0,0.0,0.0,-0.0,0.0,-0.0,0.0,0.0,0.0,0.0,0.001953,-0.004273,0.0,0.000196,0.0,0.000065,0.0,-0.000065,0.0,-0.000196,0.0,-0.0,0.0,-0.021522,
0.0,0.721519,0.85821,-0.000066,0.0,1.570796,0.0,1.054866,-0.05036,0.0,0.0,0.0,0.219971,-0.024049,0.002411,0.140179,-0.252726,0.023622,-0.529151,0.026827,0.003082,0.48357,-0.08108,-0.023408,-0.325759,0.174482,-0.0,-0.214007,0.0,0.0,0.0,0.14396,-0.174482,-0.0,-0.004639,0.0,0.0,0.0,0.0,0.0,-0.0,0.0,-0.0,0.0,-0.0,0.0,0.0,0.001953,-0.004273,0.0,0.000196,0.0,0.000065,0.0,-0.000065,0.0,-0.000196,0.0,-0.0,0.0,-0.022676,
0.0,0.732068,0.857706,-0.000066,0.0,1.570796,0.0,1.054866,-0.05036,0.0,0.0,0.0,0.23156,-0.024122,0.001184,0.140501,-0.257433,0.023768,-0.525338,0.026589,0.002881,0.463822,-0.090097,-0.023646,-0.32897,0.174482,-0.0,-0.216346,-0.0,0.0,-0.0,0.151799,-0.174482,0.0,-0.004639,0.0,0.0,0.0,0.0,0.0,0.0,0.0,0.0,0.0,0.0,-0.0,0.0,0.001953,-0.004273,0.0,0.000196,0.0,0.000065,0.0,-0.000065,0.0,-0.000196,0.0,0.0,0.0,-0.023829,
0.0,0.742929,0.857334,-0.000066,0.0,1.570796,0.0,1.086153,-0.037251,0.0,0.0,0.0,0.243168,-0.024214,-0.000232,0.140822,-0.25955,0.023976,-0.520588,0.026405,0.002747,0.446865,-0.096299,-0.023805,-0.330795,0.174482,0.0,-0.217703,0.0,0.0,-0.0,0.159531,-0.174482,0.0,-0.004639,0.0,0.0,0.0,-0.0,0.0,-0.0,0.0,0.0,0.0,-0.0,0.0,-0.0,0.001953,-0.004273,0.0,0.000196,0.0,0.000065,0.0,-0.000065,0.0,-0.000196,0.0,0.0,0.0,-0.024928,
0.0,0.754418,0.857223,-0.000066,0.0,1.570796,0.0,1.148842,-0.011048,0.0,0.0,0.0,0.25482,-0.024342,-0.002026,0.141143,-0.256485,0.024305,-0.513963,0.026332,0.002747,0.435486,-0.096867,-0.023805,-0.329848,0.174482,0.0,-0.217095,0.0,-0.0,-0.0,0.167047,-0.174482,0.0,-0.004639,0.0,0.0,0.0,-0.0,-0.0,0.0,0.0,0.0,0.0,0.0,0.0,0.0,0.001953,-0.004273,0.0,0.000196,0.0,0.000065,0.0,-0.000065,0.0,-0.000196,0.0,-0.0,0.0,-0.025917,
0.0,0.765906,0.857113,-0.000066,0.0,1.570796,0.0,1.148819,-0.01104,0.0,0.0,0.0,0.266472,-0.02447,-0.003821,0.141464,-0.253421,0.024635,-0.507338,0.026259,0.002747,0.424106,-0.097435,-0.023805,-0.328902,0.174482,0.0,-0.216488,0.0,0.0,0.0,0.174563,-0.174482,0.0,-0.004639,0.0,0.0,0.0,0.0,0.0,-0.0,0.0,-0.0,0.0,-0.0,0.0,-0.0,0.001953,-0.004273,0.0,0.000196,0.0,0.000065,0.0,-0.000065,0.0,-0.000196,0.0,-0.0,0.0,-0.026906,
0.0,0.777394,0.857003,-0.000066,0.0,1.570796,0.0,1.148842,-0.01104,0.0,0.0,0.0,0.278124,-0.024598,-0.005615,0.141786,-0.250356,0.024965,-0.500714,0.026186,0.002747,0.412727,-0.098004,-0.023805,-0.327955,0.174482,0.0,-0.21588,0.0,0.0,0.0,0.18208,-0.174482,0.0,-0.004639,0.0,0.0,0.0,0.0,0.0,-0.0,0.0,-0.0,0.0,0.0,-0.0,-0.0,0.001953,-0.004273,0.0,0.000196,0.0,0.000065,0.0,-0.000065,0.0,-0.000196,0.0,-0.0,0.0,-0.027895,
0.0,0.789399,0.857229,-0.000066,0.0,1.570796,0.0,1.200438,0.022624,0.0,0.0,0.0,0.289029,-0.024726,-0.007153,0.141932,-0.234364,0.02513,-0.493656,0.026241,0.003058,0.411267,-0.087981,-0.023686,-0.323708,0.174482,-0.0,-0.214683,-0.0,-0.0,0.0,0.186973,-0.174482,0.0,-0.004639,0.0,0.0,0.0,0.0,-0.0,0.0,0.0,0.0,0.0,-0.0,0.0,-0.0,0.001953,-0.004273,0.0,0.000196,0.0,0.000065,0.0,-0.000065,0.0,-0.000196,0.0,0.0,0.0,-0.029195,
0.0,0.801403,0.857455,-0.000066,0.0,1.570796,0.0,1.200484,0.022632,0.0,0.0,0.0,0.299934,-0.024855,-0.008691,0.142079,-0.218369,0.025294,-0.486597,0.026295,0.003369,0.409808,-0.077956,-0.023567,-0.31946,0.174482,0.0,-0.213486,0.0,0.0,0.0,0.191866,-0.174482,0.0,-0.004639,0.0,0.0,0.0,0.0,0.0,0.0,0.0,-0.0,0.0,0.0,0.0,0.0,0.001953,-0.004273,0.0,0.000196,0.0,0.000065,0.0,-0.000065,0.0,-0.000196,-0.0,0.0,0.0,-0.030495,
0.0,0.813408,0.857681,-0.000066,0.0,1.570796,0.0,1.200461,0.022624,0.0,0.0,0.0,0.310839,-0.024983,-0.01023,0.142226,-0.202374,0.025459,-0.479539,0.02635,0.00368,0.408349,-0.067931,-0.023448,-0.315212,0.174482,0.0,-0.212289,-0.0,0.0,0.0,0.196759,-0.174482,0.0,-0.004639,0.0,0.0,0.0,0.0,0.0,0.0,0.0,-0.0,0.0,0.0,0.0,0.0,0.001953,-0.004273,0.0,0.000196,0.0,0.000065,0.0,-0.000065,0.0,-0.000196,-0.0,-0.0,0.0,-0.031795,
0.0,0.825202,0.858007,-0.000066,0.0,1.570796,0.0,1.179403,0.032602,0.0,0.0,0.0,0.320364,-0.025086,-0.011414,0.142275,-0.177632,0.025355,-0.472933,0.02643,0.003967,0.409371,-0.058765,-0.023329,-0.309696,0.174482,0.0,-0.210773,-0.0,-0.0,0.0,0.198991,-0.174482,0.0,-0.004639,0.0,0.0,0.0,0.0,-0.0,-0.0,0.0,-0.0,0.0,0.0,0.0,0.0,0.001953,-0.004199,0.0,0.000196,0.0,0.000065,0.0,-0.000065,0.0,-0.000196,0.0,0.0,0.0,-0.032327,
0.0,0.83689,0.858383,-0.000066,0.0,1.570796,0.0,1.168821,0.037584,0.0,0.0,0.0,0.3292,-0.025178,-0.012421,0.142275,-0.148505,0.025117,-0.466552,0.026521,0.004242,0.411635,-0.050028,-0.02321,-0.303546,0.174482,-0.0,-0.209097,-0.0,0.0,0.0,0.199893,-0.174482,0.0,-0.004639,0.0,0.0,0.0,0.0,0.0,0.0,0.0,0.0,0.0,0.0,0.0,0.0,0.001953,-0.004089,-0.0,0.000196,0.0,0.000065,0.0,-0.000065,0.0,-0.000196,0.0,0.0,0.0,-0.032473,
0.0,0.848579,0.858759,-0.000066,0.0,1.570796,0.0,1.168843,0.037584,0.0,0.0,0.0,0.338036,-0.02527,-0.013428,0.142275,-0.119376,0.024879,-0.460172,0.026613,0.004517,0.413898,-0.04129,-0.023091,-0.297396,0.174482,-0.0,-0.207422,0.0,0.0,0.0,0.200795,-0.174482,0.0,-0.004639,0.0,0.0,0.0,0.0,0.0,0.0,0.0,0.0,-0.0,-0.0,0.0,-0.0,0.001953,-0.00398,0.0,0.000196,0.0,0.000065,-0.0,-0.000065,-0.0,-0.000196,0.0,0.0,0.0,-0.03262,
0.0,0.860053,0.859156,-0.000066,0.0,1.570796,0.0,1.147481,0.039734,0.0,0.0,0.0,0.346543,-0.0253,-0.013471,0.142092,-0.086899,0.024586,-0.453903,0.026704,0.004761,0.417242,-0.033799,-0.022963,-0.290849,0.174482,0.0,-0.205624,0.0,0.0,0.0,0.200072,-0.174482,0.0,-0.004639,0.0,0.0,0.0,-0.0,0.0,-0.0,0.0,-0.0,0.0,-0.0,0.0,-0.0,0.001953,-0.003906,-0.0,0.000196,0.0,0.000065,0.0,-0.000065,0.0,-0.000196,0.0,-0.0,0.0,-0.032174,
0.0,0.871101,0.859597,-0.000066,0.0,1.570796,0.0,1.104718,0.044026,0.0,0.0,0.0,0.354395,-0.025209,-0.011585,0.141541,-0.047681,0.024184,-0.447857,0.026796,0.004944,0.422749,-0.028799,-0.022816,-0.283507,0.174482,0.0,-0.203581,0.0,-0.0,0.0,0.196098,-0.174482,0.0,-0.004639,0.0,0.0,0.0,-0.0,-0.0,-0.0,0.0,0.0,0.0,-0.0,0.0,-0.0,0.001953,-0.003906,0.0,0.000196,0.0,0.000065,0.0,-0.000065,0.0,-0.000196,0.0,0.0,0.0,-0.030544,
0.0,0.882148,0.860037,-0.000066,0.0,1.570796,0.0,1.104756,0.044026,0.0,0.0,0.0,0.362248,-0.025117,-0.009699,0.14099,-0.008451,0.023781,-0.441812,0.026888,0.005127,0.428257,-0.0238,-0.02267,-0.276165,0.174482,0.0,-0.201538,0.0,0.0,0.0,0.192124,-0.174482,0.0,-0.004639,0.0,0.0,0.0,0.0,0.0,-0.0,-0.0,-0.0,0.0,-0.0,-0.0,0.0,0.001953,-0.003906,0.0,0.000196,0.0,0.000065,0.0,-0.000065,0.0,-0.000196,0.0,0.0,0.0,-0.028915,
0.0,0.893195,0.860477,-0.000066,0.0,1.570796,0.0,1.104718,0.044026,0.0,0.0,0.0,0.3701,-0.025026,-0.007813,0.14044,0.030757,0.023378,-0.435766,0.026979,0.00531,0.433764,-0.018801,-0.022523,-0.268823,0.174482,0.0,-0.199495,0.0,0.0,0.0,0.18815,-0.174482,-0.0,-0.004639,0.0,0.0,0.0,-0.0,0.0,-0.0,0.0,0.0,0.0,0.0,0.0,-0.0,0.001953,-0.003906,0.0,0.000196,0.0,0.000065,0.0,-0.000065,0.0,-0.000196,0.0,0.0,0.0,-0.027285,
0.0,0.903406,0.861043,-0.000066,0.0,1.570796,0.0,1.021107,0.056533,0.0,0.0,0.0,0.315288,-0.025648,-0.00633,0.255083,0.035067,0.022755,-0.428854,0.027052,0.005365,0.43994,-0.019001,-0.02256,-0.261364,0.174482,-0.0,-0.196404,0.0,0.0,0.0,0.179971,-0.174482,0.0,-0.004639,0.0,0.0,0.0,0.0,0.0,0.0,0.0,0.0,0.0,0.0,0.0,-0.0,0.001953,-0.003821,0.0,0.000196,0.0,0.000065,0.0,-0.000065,0.0,-0.000196,0.0,0.0,0.0,-0.026698,
0.0,0.913617,0.861608,-0.000066,0.0,1.570796,0.0,1.021099,0.056533,0.0,0.0,0.0,0.260411,-0.026271,-0.004847,0.370252,0.039371,0.022133,-0.421942,0.027126,0.00542,0.446116,-0.019203,-0.022596,-0.253905,0.174482,0.0,-0.193313,0.0,0.0,0.0,0.171791,-0.174482,0.0,-0.004639,0.0,0.0,0.0,-0.0,0.0,0.0,0.0,-0.0,-0.0,0.0,0.0,0.0,0.001953,-0.003735,0.0,0.000196,0.0,0.000065,0.0,-0.000065,0.0,-0.000196,0.0,0.0,0.0,-0.026112,
0.0,0.923828,0.862173,-0.000066,0.0,1.570796,0.0,1.021076,0.056533,0.0,0.0,0.0,0.205562,-0.026894,-0.003363,0.485166,0.043675,0.02151,-0.415031,0.027199,0.005475,0.452292,-0.019404,-0.022633,-0.246446,0.174482,0.0,-0.190222,0.0,0.0,0.0,0.163612,-0.174482,0.0,-0.004639,0.0,0.0,0.0,0.0,0.0,0.0,0.0,0.0,0.0,0.0,0.0,0.0,0.001953,-0.00365,0.0,0.000196,0.0,0.000065,0.0,-0.000065,0.0,-0.000196,0.0,0.0,0.0,-0.025526,
0.0,0.933591,0.862854,-0.000066,0.0,1.570796,0.0,0.976283,0.068104,0.0,0.0,0.0,0.157397,-0.028108,-0.003723,0.572505,0.073921,0.019557,-0.406066,0.027223,0.00542,0.454652,-0.024085,-0.02267,-0.239032,0.174482,0.0,-0.186569,-0.0,0.0,0.0,0.153004,-0.174482,0.0,-0.004639,0.0,0.0,0.0,0.0,0.0,-0.0,0.0,-0.0,0.0,-0.0,0.0,-0.0,0.001953,-0.003565,-0.0,0.000196,0.0,0.000065,0.0,-0.000065,0.0,-0.000196,0.0,-0.0,0.0,-0.025807,
0.0,0.943129,0.863593,-0.000066,0.0,1.570796,0.0,0.953837,0.0739,0.0,0.0,0.0,0.112514,-0.029619,-0.005005,0.646476,0.117175,0.016938,-0.396074,0.027223,0.00531,0.455103,-0.031008,-0.022706,-0.23164,0.174482,0.0,-0.182634,0.0,0.0,0.0,0.141182,-0.174482,0.0,-0.004639,0.0,0.0,0.0,-0.0,0.0,-0.0,0.0,0.0,0.0,-0.0,0.0,0.0,0.001953,-0.003479,0.0,0.000196,0.0,0.000065,0.0,-0.000065,0.0,-0.000196,0.0,-0.0,0.0,-0.026521,
0.0,0.952668,0.864332,-0.000066,0.0,1.570796,0.0,0.95386,0.0739,0.0,0.0,0.0,0.06763,-0.03113,-0.006287,0.720449,0.16043,0.01432,-0.386082,0.027223,0.0052,0.455554,-0.03793,-0.022743,-0.224247,0.174482,0.0,-0.178699,0.0,0.0,0.0,0.12936,-0.174482,-0.0,-0.004639,0.0,0.0,0.0,0.0,0.0,0.0,0.0,0.0,0.0,0.0,0.0,0.0,0.001953,-0.003394,0.0,0.000196,0.0,0.000065,0.0,-0.000065,0.0,-0.000196,0.0,0.0,0.0,-0.027235,
0.0,0.962059,0.865138,-0.000066,0.0,1.570796,-0.0,0.939142,0.080598,0.0,0.0,0.0,0.025365,-0.032641,-0.007465,0.78499,0.200802,0.011585,-0.375432,0.027187,0.005075,0.454541,-0.045409,-0.022822,-0.216822,0.174482,0.0,-0.174453,0.0,0.0,0.0,0.116463,-0.174482,0.0,-0.004639,0.0,0.0,0.0,0.0,0.0,0.0,0.0,0.0,0.0,0.0,0.0,0.0,0.001953,-0.003308,0.0,0.000196,0.0,0.000065,0.0,-0.000065,0.0,-0.000196,0.0,0.0,0.0,-0.028358,
-0.0,0.971157,0.866078,-0.000066,0.0,1.570796,-0.0,0.909707,0.094001,0.0,0.0,0.0,-0.011743,-0.034152,-0.008435,0.830993,0.235478,0.008619,-0.363466,0.027077,0.00492,0.450596,-0.054,-0.022987,-0.209329,0.174482,-0.0,-0.169583,0.0,0.0,0.0,0.101412,-0.174482,0.0,-0.004639,0.0,0.0,0.0,-0.0,0.0,-0.0,0.0,-0.0,0.0,-0.0,0.0,-0.0,0.001953,-0.003223,0.0,0.000196,0.0,0.000065,0.0,-0.000065,0.0,-0.000196,-0.0,-0.0,0.0,-0.0303,
0.0,0.980254,0.867018,-0.000066,0.0,1.570796,0.0,0.90973,0.094001,0.0,0.0,0.0,-0.048861,-0.035663,-0.009406,0.877014,0.270163,0.005652,-0.351498,0.026967,0.004764,0.446652,-0.062592,-0.023152,-0.201836,0.174482,0.0,-0.164713,0.0,-0.0,0.0,0.086359,-0.174482,-0.0,-0.004639,0.0,0.0,0.0,-0.0,-0.0,0.0,-0.0,0.0,-0.0,0.0,-0.0,-0.0,0.001953,-0.003137,0.0,0.000196,0.0,0.000065,0.0,-0.000065,0.0,-0.000196,0.0,0.0,0.0,-0.032241,
0.0,0.989351,0.867958,-0.000066,0.0,1.570796,0.0,0.909707,0.094001,0.0,0.0,0.0,-0.08596,-0.037173,-0.010376,0.923001,0.304832,0.002686,-0.339531,0.026857,0.004608,0.442707,-0.071183,-0.023317,-0.194344,0.174482,-0.0,-0.159844,0.0,0.0,0.0,0.071309,-0.174482,0.0,-0.004639,0.0,0.0,0.0,0.0,0.0,0.0,-0.0,-0.0,0.0,0.0,0.0,0.0,0.001953,-0.003052,0.0,0.000196,0.0,0.000065,0.0,-0.000065,0.0,-0.000196,0.0,0.0,0.0,-0.034182,
0.0,0.998274,0.868907,-0.000066,0.0,1.570796,0.0,0.892267,0.094885,0.0,0.0,0.0,-0.116007,-0.037613,-0.009992,0.948872,0.304671,0.002173,-0.326902,0.026766,0.004453,0.436708,-0.079925,-0.023481,-0.185592,0.174482,0.0,-0.152224,0.0,0.0,0.0,0.056454,-0.174482,0.0,-0.004639,0.0,0.0,0.0,-0.0,0.0,0.0,-0.0,0.0,0.0,-0.0,0.0,0.0,0.001953,-0.003052,0.0,0.000196,0.0,0.000065,0.0,-0.000065,0.0,-0.000196,0.0,-0.0,0.0,-0.033505,
0.0,1.007196,0.869856,-0.000066,0.0,1.570796,0.0,0.892236,0.094877,0.0,0.0,0.0,-0.14606,-0.038053,-0.009607,0.974744,0.304505,0.00166,-0.314272,0.026674,0.004297,0.430709,-0.088668,-0.023646,-0.176841,0.174482,-0.0,-0.144605,0.0,0.0,0.0,0.041599,-0.174482,0.0,-0.004639,0.0,0.0,0.0,0.0,0.0,-0.0,0.0,0.0,0.0,-0.0,0.0,0.0,0.001953,-0.003052,0.0,0.000196,0.0,0.000065,0.0,-0.000065,0.0,-0.000196,0.0,-0.0,0.0,-0.032827,
0.0,1.016118,0.870805,-0.000066,0.0,1.570796,0.0,0.892251,0.094877,0.0,0.0,0.0,-0.176109,-0.038492,-0.009223,1.000614,0.304338,0.001148,-0.301641,0.026582,0.004141,0.424709,-0.097411,-0.023811,-0.168089,0.174482,0.0,-0.136985,0.0,0.0,0.0,0.026744,-0.174482,0.0,-0.004639,0.0,0.0,0.0,0.0,0.0,0.0,0.0,0.0,0.0,0.0,0.0,0.0,0.001953,-0.003052,0.0,0.000196,0.0,0.000065,0.0,-0.000065,0.0,-0.000196,0.0,0.0,0.0,-0.03215,
0.0,1.024982,0.872047,-0.000066,0.0,1.570796,-0.0,0.886398,0.124197,0.0,0.0,0.0,-0.198329,-0.038321,-0.00849,1.01227,0.293205,0.001782,-0.285252,0.026466,0.004089,0.411557,-0.102501,-0.023911,-0.158721,0.174482,0.0,-0.128624,0.0,0.0,0.0,0.011466,-0.174482,0.0,-0.004639,0.0,0.0,0.0,0.0,0.0,-0.0,0.0,0.0,0.0,0.0,0.0,-0.0,0.001953,-0.003052,0.0,0.000196,0.0,0.000065,0.0,-0.000065,0.0,-0.000196,0.0,0.0,0.0,-0.030239,
0.0,1.033818,0.873435,-0.000066,0.0,1.570796,0.0,0.883505,0.138868,0.0,0.0,0.0,-0.216639,-0.037845,-0.007584,1.016819,0.276583,0.002991,-0.266978,0.026338,0.004089,0.394824,-0.105765,-0.023978,-0.149044,0.174482,-0.0,-0.119892,0.0,0.0,0.0,-0.004026,-0.174482,0.0,-0.004639,0.0,0.0,0.0,-0.0,0.0,0.0,0.0,-0.0,0.0,0.0,0.0,-0.0,0.001953,-0.003052,0.0,0.000196,0.0,0.000065,0.0,-0.000065,0.0,-0.000196,0.0,-0.0,0.0,-0.027712,
0.0,1.042652,0.874824,-0.000066,0.0,1.570796,0.0,0.88349,0.138868,0.0,0.0,0.0,-0.234949,-0.037369,-0.006678,1.021368,0.259962,0.004199,-0.248704,0.02621,0.004089,0.378091,-0.109029,-0.024045,-0.139367,0.174482,0.0,-0.11116,0.0,0.0,-0.0,-0.019518,-0.174482,0.0,-0.004639,-0.0,0.0,0.0,-0.0,0.0,0.0,0.0,0.0,0.0,0.0,-0.0,-0.0,0.001953,-0.003052,0.0,0.000196,0.0,0.000065,0.0,-0.000065,0.0,-0.000196,0.0,0.0,0.0,-0.025185,
0.0,1.05152,0.876135,-0.000066,0.0,1.570796,0.0,0.886733,0.131094,0.0,0.0,0.0,-0.252416,-0.03682,-0.005771,1.023144,0.24205,0.005499,-0.232298,0.026125,0.004089,0.36513,-0.11186,-0.024112,-0.129413,0.174482,0.0,-0.102272,-0.0,0.0,0.0,-0.035439,-0.174482,0.0,-0.004639,0.0,0.0,0.0,0.0,0.0,0.0,0.0,0.0,0.0,0.0,-0.0,-0.0,0.001953,-0.003079,0.0,0.000196,0.0,0.000065,0.0,-0.000065,0.0,-0.000196,0.0,0.0,0.0,-0.022151,
0.0,1.060452,0.87729,-0.000066,0.0,1.570796,0.0,0.893211,0.115553,0.0,0.0,0.0,-0.268202,-0.036124,-0.004865,1.019369,0.221551,0.006982,-0.219626,0.026125,0.004089,0.359715,-0.113822,-0.024179,-0.118903,0.174482,0.0,-0.09307,0.0,0.0,0.0,-0.052219,-0.174482,-0.0,-0.004639,-0.0,0.0,0.0,0.0,0.0,-0.0,0.0,-0.0,0.0,-0.0,0.0,-0.0,0.001953,-0.003162,0.0,0.000196,0.0,0.000065,0.0,-0.000065,0.0,-0.000196,0.0,0.0,0.0,-0.018105,
0.0,1.069384,0.878446,-0.000066,0.0,1.570796,-0.0,0.893188,0.115545,0.0,0.0,0.0,-0.283988,-0.035428,-0.003958,1.015595,0.20105,0.008466,-0.206955,0.026125,0.004089,0.3543,-0.115785,-0.024247,-0.108393,0.174482,-0.0,-0.083869,0.0,0.0,0.0,-0.069001,-0.174482,0.0,-0.004639,0.0,0.0,0.0,0.0,0.0,0.0,0.0,0.0,0.0,0.0,0.0,0.0,0.001953,-0.003244,0.0,0.000196,0.0,0.000065,0.0,-0.000065,0.0,-0.000196,0.0,0.0,0.0,-0.014058,
0.0,1.078316,0.879601,-0.000066,0.0,1.570796,0.0,0.893204,0.115553,0.0,0.0,0.0,-0.299773,-0.034732,-0.003052,1.01182,0.180552,0.009949,-0.194283,0.026125,0.004089,0.348885,-0.117747,-0.024314,-0.097883,0.174482,0.0,-0.074667,-0.0,-0.0,0.0,-0.085781,-0.174482,0.0,-0.004639,0.0,0.0,0.0,0.0,-0.0,-0.0,0.0,0.0,0.0,0.0,0.0,0.0,0.001953,-0.003327,0.0,0.000196,-0.0,0.000065,0.0,-0.000065,0.0,-0.000196,0.0,-0.0,0.0,-0.010011,
0.0,1.087129,0.880147,-0.000066,0.0,1.570796,0.0,0.881283,0.054601,0.0,0.0,0.0,-0.317518,-0.034109,-0.002338,1.004456,0.162446,0.011139,-0.183941,0.026125,0.004089,0.348271,-0.122645,-0.024381,-0.087987,0.174482,-0.0,-0.066551,0.0,0.0,0.0,-0.101626,-0.174482,0.0,-0.006964,-0.0,0.0,0.0,0.0,0.0,0.0,0.0,0.0,0.0,0.0,0.0,0.0,0.001953,-0.003409,0.0,0.000196,-0.0,0.000065,0.0,-0.000065,0.0,-0.000196,0.0,-0.0,0.0,-0.006641,
0.0,1.095942,0.880693,-0.000066,0.0,1.570796,0.0,0.881298,0.054586,0.0,0.0,0.0,-0.335265,-0.033487,-0.001624,0.997091,0.144338,0.012329,-0.173598,0.026125,0.004089,0.347657,-0.127544,-0.024448,-0.07809,0.174482,0.0,-0.058436,0.0,0.0,0.0,-0.117473,-0.174482,0.0,-0.00929,0.0,0.0,0.0,-0.0,0.0,0.0,0.0,0.0,0.0,-0.0,0.0,-0.0,0.001953,-0.003491,0.0,0.000196,0.0,0.000065,0.0,-0.000065,0.0,-0.000196,0.0,0.0,0.0,-0.003272,
0.0,1.104754,0.881239,-0.000066,0.0,1.570796,-0.0,0.881283,0.054593,0.0,0.0,0.0,-0.353011,-0.032864,-0.00091,0.989727,0.126231,0.01352,-0.163255,0.026125,0.004089,0.347044,-0.132443,-0.024515,-0.068194,0.174482,0.0,-0.05032,-0.0,0.0,0.0,-0.13332,-0.174482,0.0,-0.011615,0.0,0.0,0.0,0.0,0.0,0.0,0.0,-0.0,-0.0,-0.0,0.0,0.0,0.001953,-0.003574,0.0,0.000196,0.0,0.000065,0.0,-0.000065,0.0,-0.000196,0.0,0.0,0.0,0.000097,
0.0,1.11346,0.881392,-0.000066,0.0,1.570796,0.0,0.870604,0.015332,0.0,0.0,0.0,-0.370808,-0.032424,-0.000537,0.980318,0.114107,0.014319,-0.152911,0.026076,0.004028,0.34643,-0.138335,-0.024537,-0.058729,0.174482,0.0,-0.042926,0.0,0.0,0.0,-0.148081,-0.174482,-0.0,-0.017651,0.0,-0.0,0.0,0.0,0.0,0.0,0.0,-0.0,0.0,0.0,0.0,0.0,0.001953,-0.003601,0.0,0.000196,0.0,0.000065,0.0,-0.000065,0.0,-0.000196,0.0,0.0,0.0,0.003064,
0.0,1.122113,0.881349,-0.000066,0.0,1.570796,0.0,0.865227,-0.004314,0.0,0.0,0.0,-0.388631,-0.032076,-0.000336,0.969886,0.104975,0.014924,-0.142568,0.026003,0.003937,0.345817,-0.144724,-0.024537,-0.049479,0.174482,0.0,-0.035894,0.0,0.0,0.0,-0.162301,-0.174482,0.0,-0.025544,0.0,0.0,0.0,0.0,0.0,0.0,-0.0,0.0,0.0,0.0,0.0,0.0,0.001953,-0.003601,0.0,0.000196,0.0,0.000065,0.0,-0.000065,0.0,-0.000196,0.0,-0.0,0.0,0.005829,
0.0,1.130765,0.881306,-0.000066,0.0,1.570796,0.0,0.86525,-0.004322,0.0,0.0,0.0,-0.406455,-0.031728,-0.000134,0.959455,0.095844,0.015528,-0.132226,0.025929,0.003845,0.345204,-0.151113,-0.024537,-0.040228,0.174482,0.0,-0.028861,0.0,0.0,0.0,-0.176522,-0.174482,-0.0,-0.033437,0.0,0.0,0.0,0.0,0.0,-0.0,0.0,0.0,0.0,-0.0,0.0,-0.0,0.001953,-0.003601,0.0,0.000196,0.0,0.000065,0.0,-0.000065,0.0,-0.000196,0.0,-0.0,0.0,0.008594,
0.0,1.139408,0.88106,-0.000066,0.0,1.570796,-0.0,0.864229,-0.024662,0.0,0.0,0.0,-0.424177,-0.031533,-0.000177,0.948456,0.088027,0.015931,-0.122342,0.02588,0.003723,0.345538,-0.158263,-0.024574,-0.031199,0.174482,0.0,-0.022127,0.0,0.0,0.0,-0.19077,-0.174482,0.0,-0.041397,0.0,0.0,0.0,0.0,0.0,0.0,0.0,0.0,0.0,0.0,0.0,0.0,0.001953,-0.003601,0.0,0.000196,0.0,0.000065,0.0,-0.000065,0.0,-0.000196,0.0,-0.0,0.0,0.011096,
0.0,1.148029,0.880406,-0.000066,0.0,1.570796,0.0,0.862172,-0.06538,0.0,0.0,0.0,-0.441699,-0.031643,-0.000708,0.936321,0.08284,0.015931,-0.113374,0.02588,0.00354,0.347769,-0.166937,-0.024684,-0.022611,0.174482,0.0,-0.015993,0.0,0.0,0.0,-0.205077,-0.174482,0.0,-0.049494,0.0,0.0,0.0,0.0,0.0,0.0,0.0,-0.0,0.0,-0.0,0.0,-0.0,0.001953,-0.003601,0.0,0.000196,0.0,0.000065,-0.0,-0.000065,0.0,-0.000196,0.0,0.0,0.0,0.013074,
0.0,1.156651,0.879752,-0.000066,0.0,1.570796,0.0,0.862187,-0.065388,0.0,0.0,0.0,-0.459222,-0.031753,-0.001239,0.924185,0.077654,0.015931,-0.104406,0.02588,0.003357,0.35,-0.175612,-0.024794,-0.014022,0.174482,0.0,-0.009859,0.0,0.0,0.0,-0.219384,-0.174482,0.0,-0.05759,0.0,0.0,0.0,-0.0,0.0,0.0,0.0,-0.0,0.0,0.0,0.0,-0.0,0.001953,-0.003601,0.0,0.000196,0.0,0.000065,0.0,-0.000065,0.0,-0.000196,0.0,-0.0,0.0,0.015052,
0.0,1.165273,0.879098,-0.000066,0.0,1.570796,0.0,0.862172,-0.06538,0.0,0.0,0.0,-0.476742,-0.031863,-0.00177,0.912051,0.072468,0.015931,-0.095439,0.02588,0.003174,0.352231,-0.184286,-0.024904,-0.005434,0.174482,0.0,-0.003724,0.0,0.0,0.0,-0.23369,-0.174482,0.0,-0.065686,0.0,0.0,0.0,0.0,0.0,0.0,0.0,0.0,0.0,-0.0,0.0,-0.0,0.001953,-0.003601,0.0,0.000196,0.0,0.000065,0.0,-0.000065,0.0,-0.000196,0.0,0.0,0.0,0.017029,
0.0,1.174061,0.877984,-0.000066,0.0,1.570796,0.0,0.878852,-0.111369,0.0,0.0,0.0,-0.492985,-0.031753,-0.002045,0.897614,0.068254,0.016205,-0.086734,0.02588,0.002991,0.355357,-0.193874,-0.024934,0.005278,0.174482,0.0,-0.003723,0.0,0.0,0.0,-0.245837,-0.174482,0.0,-0.071624,0.0,0.0,0.0,0.0,0.0,0.0,0.0,0.0,0.0,-0.0,0.0,-0.0,0.001953,-0.003656,0.0,0.000196,0.0,0.000065,0.0,-0.000065,0.0,-0.000196,0.0,0.0,0.0,0.018091,
0.0,1.18285,0.876871,-0.000066,0.0,1.570796,-0.0,0.878837,-0.111377,0.0,0.0,0.0,-0.509228,-0.031643,-0.002319,0.883176,0.06404,0.01648,-0.078029,0.02588,0.002808,0.358483,-0.203462,-0.024965,0.015991,0.174482,0.0,-0.003723,-0.0,0.0,0.0,-0.257984,-0.174482,0.0,-0.077561,0.0,0.0,0.0,0.0,0.0,0.0,0.0,0.0,0.0,-0.0,0.0,-0.0,0.001953,-0.003711,0.0,0.000196,0.0,0.000065,0.0,-0.000065,0.0,-0.000196,0.0,0.0,0.0,0.019154,
-0.0,1.191638,0.875757,-0.000066,0.0,1.570796,-0.0,0.87886,-0.111377,0.0,0.0,0.0,-0.52547,-0.031533,-0.002594,0.868738,0.059826,0.016755,-0.069324,0.02588,0.002625,0.361609,-0.21305,-0.024995,0.026703,0.174482,-0.0,-0.003723,0.0,0.0,0.0,-0.270131,-0.174482,-0.0,-0.083498,-0.0,0.0,0.0,-0.0,0.0,-0.0,0.0,-0.0,0.0,-0.0,0.0,-0.0,0.001953,-0.003766,0.0,0.000196,0.0,0.000065,0.0,-0.000065,0.0,-0.000196,0.0,-0.0,0.0,0.020216,
0.0,1.200715,0.874433,-0.000066,0.0,1.570796,0.0,0.907647,-0.132409,0.0,0.0,0.0,-0.535218,-0.031081,-0.002466,0.844674,0.052366,0.017359,-0.060963,0.025838,0.002417,0.365942,-0.223092,-0.025026,0.0376,0.174482,0.0,-0.003723,0.0,0.0,0.0,-0.280435,-0.174482,0.0,-0.088667,0.0,0.0,0.0,0.0,0.0,-0.0,0.0,-0.0,0.0,-0.0,0.0,-0.0,0.001953,-0.003784,-0.0,0.000196,-0.0,0.000065,0.0,-0.000065,0.0,-0.000196,0.0,0.0,0.0,0.021168,
0.0,1.209936,0.873003,-0.000066,0.0,1.570796,0.0,0.922083,-0.142937,0.0,0.0,0.0,-0.541718,-0.030459,-0.002136,0.815783,0.043281,0.018128,-0.052775,0.025774,0.002197,0.370879,-0.233362,-0.025056,0.04859,0.174482,0.0,-0.003723,0.0,0.0,0.0,-0.289817,-0.174482,0.0,-0.093451,0.0,0.0,0.0,0.0,0.0,-0.0,0.0,-0.0,0.0,-0.0,0.0,-0.0,0.001953,-0.003784,0.0,0.000196,0.0,0.000065,0.0,-0.000065,0.0,-0.000196,0.0,-0.0,0.0,0.022065,
0.0,1.219157,0.871574,-0.000066,0.0,1.570796,-0.0,0.92209,-0.142937,0.0,0.0,0.0,-0.548217,-0.029836,-0.001807,0.786892,0.034197,0.018897,-0.044587,0.02571,0.001978,0.375817,-0.243631,-0.025087,0.059581,0.174482,0.0,-0.003723,-0.0,0.0,0.0,-0.299199,-0.174482,0.0,-0.098236,0.0,0.0,0.0,0.0,0.0,0.0,0.0,0.0,0.0,0.0,0.0,-0.0,0.001953,-0.003784,0.0,0.000196,0.0,0.000065,0.0,-0.000065,0.0,-0.000196,0.0,-0.0,0.0,0.022962,
-0.0,1.22863,0.870273,-0.000066,0.0,1.570796,-0.0,0.947373,-0.130125,0.0,0.0,0.0,-0.552031,-0.02914,-0.001282,0.754881,0.023899,0.019715,-0.03382,0.025645,0.001831,0.376262,-0.252158,-0.025117,0.070456,0.174482,0.0,-0.003723,-0.0,0.0,0.0,-0.307488,-0.174482,0.0,-0.102819,0.0,0.0,0.0,0.0,0.0,0.0,0.0,-0.0,0.0,-0.0,0.0,0.0,0.001953,-0.003784,-0.0,0.000196,0.0,0.000065,0.0,-0.000065,0.0,-0.000196,0.0,0.0,0.0,0.023884,
0.0,1.238611,0.869228,-0.000066,0.0,1.570796,0.0,0.998054,-0.104495,0.0,0.0,0.0,-0.550471,-0.028298,-0.000366,0.71658,0.011173,0.020631,-0.017888,0.025581,0.001831,0.367715,-0.257199,-0.025148,0.081105,0.174482,0.0,-0.003723,0.0,0.0,0.0,-0.313588,-0.174482,-0.0,-0.107,0.0,0.0,0.0,-0.0,0.0,0.0,0.0,-0.0,0.0,0.0,0.0,0.0,0.001953,-0.003784,0.0,0.000196,0.0,0.000065,0.0,-0.000065,0.0,-0.000196,0.0,0.0,0.0,0.024855,
0.0,1.248591,0.868183,-0.000066,0.0,1.570796,0.0,0.998031,-0.104495,0.0,0.0,0.0,-0.548911,-0.027455,0.000549,0.678272,-0.001554,0.021546,-0.001956,0.025517,0.001831,0.359168,-0.26224,-0.025178,0.091754,0.174482,0.0,-0.003723,0.0,0.0,0.0,-0.319688,-0.174482,0.0,-0.111181,0.0,0.0,0.0,0.0,0.0,0.0,0.0,0.0,0.0,-0.0,0.0,-0.0,0.001953,-0.003784,-0.0,0.000196,0.0,0.000065,0.0,-0.000065,0.0,-0.000196,0.0,0.0,0.0,0.025825,
0.0,1.258572,0.867138,-0.000066,0.0,1.570796,0.0,0.998054,-0.104502,0.0,0.0,0.0,-0.547351,-0.026613,0.001465,0.639981,-0.014281,0.022462,0.013975,0.025453,0.001831,0.350621,-0.267282,-0.025209,0.102402,0.174482,-0.0,-0.003723,0.0,0.0,0.0,-0.325789,-0.174482,-0.0,-0.115362,0.0,0.0,0.0,0.0,0.0,-0.0,0.0,-0.0,0.0,-0.0,0.0,-0.0,0.001953,-0.003784,0.0,0.000196,0.0,0.000065,0.0,-0.000065,0.0,-0.000196,0.0,0.0,0.0,0.026796,
0.0,1.269296,0.866147,-0.000066,0.0,1.570796,0.0,1.072463,-0.099035,0.0,0.0,0.0,-0.543551,-0.026027,0.002417,0.604302,-0.031807,0.022993,0.037145,0.025362,0.001923,0.329561,-0.267282,-0.025209,0.110711,0.174482,0.0,-0.003723,-0.0,0.0,0.0,-0.327998,-0.174482,0.0,-0.11971,0.0,0.0,0.0,0.0,0.0,-0.0,0.0,-0.0,0.0,-0.0,0.0,-0.0,0.001953,-0.003784,-0.0,0.000196,0.0,0.000065,0.0,-0.000065,0.0,-0.000196,0.0,-0.0,0.0,0.026741,
0.0,1.280021,0.865157,-0.000066,0.0,1.570796,0.0,1.072501,-0.099042,0.0,0.0,0.0,-0.539751,-0.025441,0.003369,0.568608,-0.049337,0.023524,0.06032,0.02527,0.002014,0.308495,-0.267282,-0.025209,0.11902,0.174482,0.0,-0.003723,0.0,0.0,0.0,-0.330207,-0.174482,0.0,-0.124058,0.0,0.0,0.0,0.0,0.0,0.0,0.0,0.0,0.0,0.0,0.0,-0.0,0.001953,-0.003784,0.0,0.000196,0.0,0.000065,0.0,-0.000065,0.0,-0.000196,0.0,0.0,0.0,0.026686,
0.0,1.290746,0.864167,-0.000066,0.0,1.570796,0.0,1.07247,-0.099042,0.0,0.0,0.0,-0.53595,-0.024855,0.004321,0.532923,-0.066865,0.024055,0.083493,0.025178,0.002106,0.287431,-0.267282,-0.025209,0.127329,0.174482,-0.0,-0.003723,0.0,0.0,0.0,-0.332416,-0.174482,0.0,-0.128406,0.0,0.0,-0.0,-0.0,0.0,0.0,0.0,-0.0,0.0,-0.0,0.0,-0.0,0.001953,-0.003784,0.0,0.000196,0.0,0.000065,0.0,-0.000065,0.0,-0.000196,0.0,0.0,0.0,0.026631,
0.0,1.301735,0.863284,-0.000066,0.0,1.570796,0.0,1.098928,-0.088283,0.0,0.0,0.0,-0.537634,-0.024525,0.005029,0.520483,-0.08465,0.02433,0.105638,0.025148,0.002356,0.267996,-0.263431,-0.025209,0.134346,0.174482,0.0,-0.003723,0.0,0.0,0.0,-0.331878,-0.174482,0.0,-0.131581,0.0,0.0,0.0,0.0,0.0,0.0,0.0,-0.0,0.0,-0.0,0.0,-0.0,0.001953,-0.003833,0.0,0.000196,0.0,0.000065,0.0,-0.000065,0.0,-0.000196,0.0,0.0,0.0,0.026735,
0.0,1.312856,0.862455,-0.000066,0.0,1.570796,0.0,1.112066,-0.082896,0.0,0.0,0.0,-0.542062,-0.024324,0.005615,0.519668,-0.102565,0.024476,0.127273,0.025148,0.002686,0.249374,-0.257651,-0.025209,0.140716,0.174482,0.0,-0.003723,0.0,0.0,0.0,-0.329966,-0.174482,0.0,-0.134168,0.0,0.0,0.0,0.0,0.0,-0.0,0.0,0.0,0.0,0.0,0.0,-0.0,0.001953,-0.003906,0.0,0.000196,0.0,0.000065,0.0,-0.000065,0.0,-0.000196,0.0,0.0,0.0,0.026918,
0.0,1.323977,0.861626,-0.000066,0.0,1.570796,0.0,1.112066,-0.082896,0.0,0.0,0.0,-0.54649,-0.024122,0.006201,0.518853,-0.12048,0.024623,0.148908,0.025148,0.003015,0.230752,-0.251872,-0.025209,0.147085,0.174482,0.0,-0.003723,-0.0,0.0,0.0,-0.328054,-0.174482,0.0,-0.136756,0.0,0.0,0.0,0.0,0.0,0.0,0.0,0.0,0.0,0.0,0.0,0.0,0.001953,-0.00398,0.0,0.000196,0.0,0.000065,0.0,-0.000065,0.0,-0.000196,0.0,-0.0,0.0,0.027101,
0.0,1.335245,0.860876,-0.000066,0.0,1.570796,0.0,1.126821,-0.075006,0.0,0.0,0.0,-0.547639,-0.023958,0.006684,0.516035,-0.135747,0.024721,0.170911,0.02513,0.003436,0.211224,-0.243445,-0.025209,0.152887,0.174482,0.0,-0.003723,0.0,0.0,0.0,-0.324765,-0.174482,0.0,-0.138335,0.0,0.0,0.0,0.0,0.0,0.0,0.0,-0.0,0.0,0.0,0.0,0.0,0.001953,-0.004028,-0.0,0.000196,0.0,0.000065,-0.0,-0.000065,0.0,-0.000196,0.0,0.0,0.0,0.027583,
0.0,1.346807,0.860284,-0.000066,0.0,1.570796,0.0,1.156269,-0.059211,0.0,0.0,0.0,-0.542224,-0.023866,0.006958,0.509207,-0.145717,0.024721,0.19366,0.025075,0.004041,0.189875,-0.229716,-0.025209,0.157553,0.174482,0.0,-0.003723,0.0,0.0,0.0,-0.31872,-0.174482,0.0,-0.137894,0.0,0.0,0.0,-0.0,0.0,-0.0,0.0,0.0,0.0,0.0,0.0,-0.0,0.001953,-0.004028,0.0,0.000196,0.0,0.000065,-0.0,-0.000065,0.0,-0.000196,0.0,0.0,0.0,0.028664,
0.0,1.358371,0.859692,-0.000066,0.0,1.570796,0.0,1.156299,-0.059211,0.0,0.0,0.0,-0.536809,-0.023774,0.007233,0.502378,-0.155688,0.024721,0.216412,0.02502,0.004645,0.168523,-0.215986,-0.025209,0.162219,0.174482,0.0,-0.003723,-0.0,0.0,0.0,-0.312675,-0.174482,0.0,-0.137454,-0.0,0.0,0.0,0.0,0.0,0.0,0.0,0.0,0.0,0.0,-0.0,-0.0,0.001953,-0.004028,0.0,0.000196,0.0,0.000065,0.0,-0.000065,0.0,-0.000196,0.0,0.0,0.0,0.029744,
0.0,1.369933,0.8591,-0.000066,0.0,1.570796,0.0,1.156269,-0.059211,0.0,0.0,0.0,-0.531394,-0.023683,0.007508,0.49555,-0.165659,0.024721,0.239159,0.024965,0.005249,0.147175,-0.202258,-0.025209,0.166885,0.174482,-0.0,-0.003723,0.0,0.0,0.0,-0.30663,-0.174482,0.0,-0.137013,0.0,0.0,0.0,0.0,0.0,0.0,0.0,0.0,0.0,-0.0,0.0,0.0,0.001953,-0.004028,0.0,0.000196,0.0,0.000065,0.0,-0.000065,0.0,-0.000196,0.0,0.0,0.0,0.030825,
0.0,1.382491,0.858836,-0.000066,0.0,1.570796,0.0,1.2558,-0.026314,0.0,0.0,0.0,-0.521416,-0.023683,0.007398,0.490059,-0.163291,0.024721,0.252199,0.024965,0.006128,0.145023,-0.190857,-0.025209,0.171425,0.174482,0.0,-0.003723,-0.0,0.0,0.0,-0.299318,-0.174482,0.0,-0.134151,-0.0,0.0,-0.0,0.0,0.0,0.0,0.0,0.0,0.0,0.0,0.0,-0.0,0.001953,-0.004028,0.0,0.000196,0.0,0.000065,0.0,-0.000065,0.0,-0.000196,0.0,-0.0,0.0,0.03348,
0.0,1.395049,0.858573,-0.000066,0.0,1.570796,0.0,1.255815,-0.026299,0.0,0.0,0.0,-0.511437,-0.023683,0.007288,0.484569,-0.160921,0.024721,0.265238,0.024965,0.007007,0.142876,-0.179456,-0.025209,0.175965,0.174482,-0.0,-0.003723,0.0,0.0,0.0,-0.292006,-0.174482,0.0,-0.131288,0.0,0.0,0.0,-0.0,0.0,0.0,0.0,0.0,0.0,-0.0,0.0,-0.0,0.001953,-0.004028,0.0,0.000196,0.0,0.000065,0.0,-0.000065,0.0,-0.000196,0.0,0.0,0.0,0.036135,
0.0,1.407608,0.85831,-0.000066,0.0,1.570796,0.0,1.255861,-0.026307,0.0,0.0,0.0,-0.501458,-0.023683,0.007178,0.479079,-0.158551,0.024721,0.278277,0.024965,0.007886,0.140728,-0.168054,-0.025209,0.180505,0.174482,-0.0,-0.003723,0.0,0.0,0.0,-0.284694,-0.174482,0.0,-0.128425,0.0,0.0,-0.0,0.0,0.0,-0.0,0.0,-0.0,0.0,-0.0,0.0,0.0,0.001953,-0.004028,0.0,0.000196,0.0,0.000065,0.0,-0.000065,0.0,-0.000196,0.0,0.0,0.0,0.038791,
0.0,1.419906,0.858264,-0.000066,0.0,1.570796,0.0,1.229797,-0.004656,0.0,0.0,0.0,-0.488526,-0.023756,0.00683,0.468579,-0.147964,0.024721,0.289475,0.025062,0.008789,0.140011,-0.147539,-0.025111,0.182522,0.174482,-0.0,-0.003723,0.0,0.0,0.0,-0.277009,-0.174482,0.0,-0.124316,0.0,0.0,0.0,0.0,0.0,0.0,0.0,-0.0,0.0,-0.0,0.0,-0.0,0.001953,-0.004114,0.0,0.000196,0.0,0.000065,0.0,-0.000065,0.0,-0.000196,0.0,-0.0,0.0,0.04025,
0.0,1.432074,0.858325,-0.000066,0.0,1.570796,0.0,1.216796,0.006161,0.0,0.0,0.0,-0.474114,-0.023866,0.006363,0.455571,-0.133263,0.024721,0.299754,0.025209,0.009705,0.140011,-0.122456,-0.024965,0.183276,0.174482,0.0,-0.003723,0.0,0.0,0.0,-0.269137,-0.174482,0.0,-0.119583,0.0,0.0,0.0,-0.0,0.0,-0.0,0.0,-0.0,0.0,-0.0,0.0,-0.0,0.001953,-0.004242,0.0,0.000196,0.0,0.000065,0.0,-0.000065,-0.0,-0.000196,0.0,0.0,0.0,0.041111,
0.0,1.444242,0.858387,-0.000066,0.0,1.570796,0.0,1.216781,0.006169,0.0,0.0,0.0,-0.459702,-0.023976,0.005896,0.442563,-0.118563,0.024721,0.310032,0.025355,0.01062,0.140011,-0.097374,-0.024818,0.18403,0.174482,0.0,-0.003723,0.0,0.0,0.0,-0.261266,-0.174482,0.0,-0.114851,0.0,0.0,0.0,0.0,0.0,-0.0,0.0,-0.0,-0.0,0.0,0.0,-0.0,0.001953,-0.00437,0.0,0.000196,0.0,0.000065,0.0,-0.000065,0.0,-0.000196,0.0,0.0,0.0,0.041972,
0.0,1.456104,0.858556,-0.000066,0.0,1.570796,0.0,1.186217,0.016894,0.0,0.0,0.0,-0.447156,-0.024092,0.005429,0.43389,-0.104712,0.024678,0.30888,0.025661,0.011243,0.160303,-0.077637,-0.024556,0.18291,0.174482,0.0,-0.003723,0.0,0.0,0.0,-0.253399,-0.174482,-0.0,-0.109527,0.0,0.0,0.0,0.0,0.0,0.0,0.0,0.0,0.0,0.0,0.0,0.0,0.001953,-0.004498,0.0,0.000196,0.0,0.000065,0.0,-0.000065,0.0,-0.000196,0.0,-0.0,0.0,0.041735,
0.0,1.467355,0.858939,-0.000066,0.0,1.570796,0.0,1.125089,0.038359,0.0,0.0,0.0,-0.438342,-0.02422,0.004962,0.43389,-0.09256,0.02455,0.284844,0.026283,0.01128,0.221301,-0.068586,-0.024061,0.178038,0.174482,0.0,-0.003723,0.0,0.0,0.0,-0.24554,-0.174482,0.0,-0.103018,0.0,0.0,0.0,0.0,0.0,-0.0,0.0,0.0,0.0,-0.0,0.0,0.0,0.001953,-0.004627,0.0,0.000196,0.0,0.000065,0.0,-0.000065,0.0,-0.000196,0.0,-0.0,0.0,0.039299,
0.0,1.478605,0.859323,-0.000066,0.0,1.570796,0.0,1.125043,0.038366,0.0,0.0,0.0,-0.429527,-0.024348,0.004495,0.43389,-0.080407,0.024422,0.260805,0.026906,0.011316,0.282335,-0.059535,-0.023567,0.173167,0.174482,-0.0,-0.003723,0.0,0.0,0.0,-0.237682,-0.174482,0.0,-0.096509,0.0,0.0,0.0,0.0,0.0,0.0,0.0,-0.0,0.0,0.0,0.0,0.0,0.001953,-0.004755,0.0,0.000196,0.0,0.000065,-0.0,-0.000065,0.0,-0.000196,0.0,0.0,0.0,0.036863,
0.0,1.489856,0.859707,-0.000066,0.0,1.570796,0.0,1.125089,0.038359,0.0,0.0,0.0,-0.420713,-0.024476,0.004029,0.43389,-0.068255,0.024293,0.236771,0.027528,0.011353,0.343295,-0.050485,-0.023073,0.168295,0.174482,-0.0,-0.003723,0.0,0.0,0.0,-0.229823,-0.174482,0.0,-0.09,0.0,0.0,0.0,0.0,0.0,0.0,0.0,0.0,0.0,-0.0,0.0,-0.0,0.001953,-0.004883,0.0,0.000196,0.0,0.000065,0.0,-0.000065,0.0,-0.000196,0.0,0.0,0.0,0.034427,
0.0,1.500462,0.860167,-0.000066,0.0,1.570796,0.0,1.060605,0.046045,0.0,0.0,0.0,-0.415904,-0.024568,0.003864,0.444992,-0.068143,0.024301,0.192682,0.029488,0.013092,0.432545,-0.031937,-0.021132,0.159096,0.174482,0.0,-0.003723,0.0,0.0,0.0,-0.223026,-0.174482,0.0,-0.085455,-0.0,0.0,0.0,-0.0,0.0,0.0,0.0,-0.0,0.0,-0.0,0.0,-0.0,0.001953,-0.004956,-0.0,0.000196,0.0,0.000065,0.0,-0.000065,0.0,-0.000196,0.0,0.0,0.0,0.033053,
0.0,1.511068,0.860628,-0.000066,0.0,1.570796,0.0,1.060589,0.046053,0.0,0.0,0.0,-0.411096,-0.02466,0.003699,0.456097,-0.068033,0.024309,0.148561,0.031447,0.014832,0.522039,-0.013384,-0.019191,0.149894,0.174482,0.0,-0.003723,0.0,0.0,0.0,-0.216228,-0.174482,0.0,-0.08091,0.0,0.0,0.0,0.0,0.0,0.0,0.0,0.0,0.0,0.0,0.0,0.0,0.001953,-0.005029,0.0,0.000196,0.0,0.000065,0.0,-0.000065,0.0,-0.000196,0.0,-0.0,0.0,0.03168,
0.0,1.521674,0.861088,-0.000066,0.0,1.570796,0.0,1.060559,0.046045,0.0,0.0,0.0,-0.406288,-0.024751,0.003534,0.467202,-0.067923,0.024317,0.104455,0.033407,0.016571,0.611411,0.005166,-0.01725,0.140694,0.174482,0.0,-0.003723,0.0,0.0,0.0,-0.209431,-0.174482,0.0,-0.076365,0.0,-0.0,0.0,0.0,0.0,-0.0,0.0,0.0,0.0,0.0,0.0,0.0,0.001953,-0.005103,0.0,0.000196,0.0,0.000065,0.0,-0.000065,0.0,-0.000196,0.0,0.0,0.0,0.030306,
0.0,1.532026,0.861694,-0.000066,0.0,1.570796,0.0,1.035213,0.060539,0.0,0.0,0.0,-0.398689,-0.024782,0.003528,0.47333,-0.071941,0.024325,0.063604,0.035818,0.018616,0.681835,0.042044,-0.013685,0.129777,0.174482,-0.0,-0.003723,0.0,0.0,0.0,-0.20259,-0.174482,0.0,-0.071149,0.0,0.0,0.0,0.0,0.0,-0.0,0.0,0.0,0.0,0.0,0.0,-0.0,0.001953,-0.005127,0.0,0.000196,0.0,0.000065,-0.0,-0.000065,0.0,-0.000196,0.0,-0.0,0.0,0.029336,
0.0,1.54225,0.862372,-0.000066,0.0,1.570796,0.0,1.022456,0.067794,0.0,0.0,0.0,-0.389693,-0.024782,0.003601,0.476967,-0.078025,0.024333,0.024345,0.038455,0.020814,0.742992,0.08813,-0.009309,0.118,0.174482,-0.0,-0.003723,-0.0,0.0,0.0,-0.195727,-0.174482,0.0,-0.065598,0.0,0.0,0.0,0.0,0.0,-0.0,0.0,0.0,0.0,-0.0,0.0,0.0,0.001953,-0.005127,0.0,0.000196,0.0,0.000065,0.0,-0.000065,0.0,-0.000196,0.0,0.0,0.0,0.028566,
0.0,1.552475,0.863049,-0.000066,0.0,1.570796,0.0,1.022472,0.067794,0.0,0.0,0.0,-0.380696,-0.024782,0.003674,0.480604,-0.084109,0.02434,-0.014914,0.041093,0.023011,0.804148,0.134216,-0.004933,0.106224,0.174482,0.0,-0.003723,0.0,0.0,0.0,-0.188864,-0.174482,0.0,-0.060047,0.0,0.0,0.0,0.0,0.0,0.0,0.0,0.0,0.0,0.0,0.0,0.0,0.001953,-0.005127,0.0,0.000196,0.0,0.000065,0.0,-0.000065,0.0,-0.000196,0.0,-0.0,0.0,0.027797,
0.0,1.562662,0.863818,-0.000066,0.0,1.570796,0.0,1.018687,0.076834,0.0,0.0,0.0,-0.370688,-0.024757,0.003778,0.482445,-0.091043,0.024348,-0.051765,0.043187,0.024342,0.856954,0.174082,-0.001221,0.093774,0.174482,0.0,-0.003723,0.0,0.0,0.0,-0.18171,-0.174482,0.0,-0.053752,-0.0,0.0,0.0,-0.0,0.0,-0.0,0.0,-0.0,0.0,-0.0,0.0,0.0,0.001953,-0.005127,0.0,0.000196,-0.0,0.000065,0.0,-0.000065,0.0,-0.000196,0.0,-0.0,0.0,0.027199,
0.0,1.572773,0.864767,-0.000066,0.0,1.570796,0.0,1.011056,0.094938,0.0,0.0,0.0,-0.358652,-0.024684,0.003943,0.480692,-0.099679,0.024356,-0.08385,0.044194,0.023939,0.893225,0.201576,0.001159,0.079976,0.174482,0.0,-0.003723,-0.0,0.0,0.0,-0.173972,-0.174482,0.0,-0.045968,0.0,0.0,0.0,0.0,0.0,0.0,0.0,0.0,0.0,-0.0,0.0,0.0,0.001953,-0.005127,0.0,0.000196,0.0,0.000065,0.0,-0.000065,0.0,-0.000196,0.0,-0.0,0.0,0.026943,
0.0,1.582883,0.865717,-0.000066,0.0,1.570796,0.0,1.011071,0.094938,0.0,0.0,0.0,-0.346615,-0.024611,0.004108,0.478939,-0.108315,0.024364,-0.115941,0.045202,0.023537,0.929505,0.229074,0.00354,0.066177,0.174482,0.0,-0.003723,0.0,0.0,0.0,-0.166235,-0.174482,-0.0,-0.038183,0.0,0.0,0.0,0.0,0.0,0.0,0.0,-0.0,0.0,-0.0,0.0,-0.0,0.001953,-0.005127,0.0,0.000196,0.0,0.000065,0.0,-0.000065,0.0,-0.000196,0.0,0.0,0.0,0.026686,
0.0,1.592994,0.866666,-0.000066,0.0,1.570796,0.0,1.011087,0.094931,0.0,0.0,0.0,-0.334579,-0.024538,0.004273,0.477186,-0.116951,0.024372,-0.148021,0.046209,0.023134,0.965769,0.256565,0.00592,0.052379,0.174482,-0.0,-0.003723,-0.0,0.0,0.0,-0.158497,-0.174482,-0.0,-0.030399,0.0,0.0,0.0,0.0,0.0,-0.0,0.0,-0.0,0.0,-0.0,0.0,0.0,0.001953,-0.005127,0.0,0.000196,0.0,0.000065,0.0,-0.000065,0.0,-0.000196,0.0,0.0,0.0,0.02643,
0.0,1.602593,0.867604,-0.000066,0.0,1.570796,0.0,0.959924,0.093836,0.0,0.0,0.0,-0.321825,-0.024464,0.004474,0.473025,-0.126255,0.02438,-0.172946,0.047253,0.023848,0.980591,0.245544,0.006433,0.035898,0.174482,0.0,-0.003211,0.0,0.0,0.0,-0.149741,-0.174482,0.0,-0.023239,0.0,0.0,-0.0,0.0,0.0,-0.0,0.0,0.0,0.0,-0.0,0.0,0.0,0.001953,-0.005127,-0.0,0.000196,0.0,0.000065,0.0,-0.000065,0.0,-0.000196,0.0,-0.0,0.0,0.02502,
0.0,1.612192,0.868543,-0.000066,0.0,1.570796,0.0,0.959893,0.093836,0.0,0.0,0.0,-0.30907,-0.024391,0.004675,0.468864,-0.135559,0.024388,-0.197874,0.048297,0.024562,0.99541,0.234516,0.006946,0.019415,0.174482,0.0,-0.002698,0.0,0.0,0.0,-0.140983,-0.174482,0.0,-0.016079,0.0,0.0,0.0,0.0,0.0,-0.0,0.0,0.0,0.0,0.0,0.0,-0.0,0.001953,-0.005127,0.0,0.000196,0.0,0.000065,0.0,-0.000065,0.0,-0.000196,0.0,-0.0,0.0,0.02361,
0.0,1.621791,0.869481,-0.000066,0.0,1.570796,0.0,0.959924,0.093836,0.0,0.0,0.0,-0.296315,-0.024318,0.004877,0.464702,-0.144863,0.024395,-0.2228,0.049341,0.025276,1.010228,0.223487,0.007459,0.002933,0.174482,0.0,-0.002185,0.0,0.0,0.0,-0.132226,-0.174482,-0.0,-0.008919,0.0,0.0,0.0,-0.0,0.0,-0.0,0.0,0.0,0.0,0.0,0.0,-0.0,0.001953,-0.005127,0.0,0.000196,0.0,0.000065,0.0,-0.000065,0.0,-0.000196,0.0,0.0,0.0,0.0222,
0.0,1.63125,0.870636,-0.000066,0.0,1.570796,0.0,0.945885,0.115503,0.0,0.0,0.0,-0.280097,-0.024245,0.005005,0.453699,-0.150929,0.024403,-0.246073,0.049689,0.025258,1.01881,0.212364,0.00719,-0.012583,0.174482,0.0,-0.007457,0.0,0.0,0.0,-0.121899,-0.174482,0.0,-0.006531,0.0,0.0,0.0,0.0,0.0,-0.0,0.0,0.0,0.0,0.0,0.0,0.0,0.001953,-0.005078,0.0,0.000196,0.0,0.000065,0.0,-0.000065,0.0,-0.000196,0.0,0.0,0.0,0.020119,
0.0,1.640639,0.8719,-0.000066,0.0,1.570796,0.0,0.938865,0.126352,0.0,0.0,0.0,-0.262144,-0.024171,0.005097,0.439271,-0.155373,0.024411,-0.268526,0.049689,0.024873,1.024272,0.201193,0.006531,-0.027619,0.174482,-0.0,-0.015624,0.0,0.0,0.0,-0.110785,-0.174482,0.0,-0.006531,0.0,0.0,0.0,-0.0,0.0,0.0,0.0,-0.0,0.0,0.0,0.0,-0.0,0.001953,-0.005005,0.0,0.000196,0.0,0.000065,0.0,-0.000065,0.0,-0.000196,0.0,0.0,0.0,0.017702,
0.0,1.650028,0.873163,-0.000066,0.0,1.570796,0.0,0.93891,0.126352,0.0,0.0,0.0,-0.24419,-0.024098,0.005188,0.424842,-0.159818,0.024419,-0.290979,0.049689,0.024489,1.029734,0.190021,0.005872,-0.042655,0.174482,0.0,-0.023791,0.0,0.0,0.0,-0.099671,-0.174482,0.0,-0.006531,0.0,0.0,0.0,0.0,0.0,-0.0,-0.0,-0.0,0.0,0.0,-0.0,0.0,0.001953,-0.004932,0.0,0.000196,0.0,0.000065,0.0,-0.000065,0.0,-0.000196,0.0,0.0,0.0,0.015284,
0.0,1.659376,0.874277,-0.000066,0.0,1.570796,0.0,0.934837,0.111436,0.0,0.0,0.0,-0.226155,-0.024049,0.005249,0.410116,-0.163939,0.024427,-0.313129,0.04947,0.023933,1.033151,0.178697,0.005011,-0.058083,0.174482,0.0,-0.032514,0.0,0.0,0.0,-0.088488,-0.174482,0.0,-0.006531,0.0,0.0,0.0,-0.0,0.0,-0.0,0.0,-0.0,0.0,-0.0,0.0,0.0,0.001953,-0.004859,0.0,0.000196,0.0,0.000065,0.0,-0.000065,0.0,-0.000196,0.0,0.0,0.0,0.01255,
0.0,1.668645,0.875093,-0.000066,0.0,1.570796,0.0,0.926813,0.081566,0.0,0.0,0.0,-0.207952,-0.024049,0.005249,0.394792,-0.167412,0.024435,-0.334686,0.04881,0.023036,1.032478,0.167067,0.003748,-0.074302,0.174482,-0.0,-0.04235,0.0,0.0,0.0,-0.077164,-0.174482,0.0,-0.006531,0.0,0.0,0.0,-0.0,0.0,0.0,-0.0,0.0,0.0,-0.0,0.0,-0.0,0.001953,-0.004785,0.0,0.000196,0.0,0.000065,0.0,-0.000065,0.0,-0.000196,0.0,-0.0,0.0,0.009181,
0.0,1.677913,0.875909,-0.000066,0.0,1.570796,0.0,0.926829,0.081566,0.0,0.0,0.0,-0.189747,-0.024049,0.005249,0.379468,-0.170886,0.024442,-0.356244,0.048151,0.022139,1.031804,0.155437,0.002484,-0.090522,0.174482,0.0,-0.052186,0.0,0.0,0.0,-0.065839,-0.174482,0.0,-0.006531,0.0,0.0,0.0,0.0,0.0,0.0,0.0,-0.0,0.0,-0.0,0.0,0.0,0.001953,-0.004712,0.0,0.000196,0.0,0.000065,0.0,-0.000065,0.0,-0.000196,0.0,0.0,0.0,0.005811,
0.0,1.687181,0.876724,-0.000066,0.0,1.570796,0.0,0.926813,0.081574,0.0,0.0,0.0,-0.171545,-0.024049,0.005249,0.364144,-0.174359,0.02445,-0.377799,0.047491,0.021241,1.03113,0.143807,0.001221,-0.10674,0.174482,0.0,-0.062022,-0.0,0.0,-0.0,-0.054515,-0.174482,0.0,-0.006531,0.0,0.0,0.0,0.0,0.0,0.0,0.0,0.0,0.0,0.0,0.0,0.0,0.001953,-0.004639,0.0,0.000196,-0.0,0.000065,0.0,-0.000065,0.0,-0.000196,0.0,-0.0,0.0,0.002442,
0.0,1.696521,0.876858,-0.000066,0.0,1.570796,0.0,0.934005,0.013383,0.0,0.0,0.0,-0.154454,-0.023976,0.005322,0.351062,-0.178404,0.024458,-0.398377,0.046209,0.019648,1.025129,0.133752,-0.000464,-0.122853,0.174482,0.0,-0.072082,-0.0,0.0,0.0,-0.043014,-0.174482,0.0,-0.006531,0.0,0.0,0.0,0.0,0.0,-0.0,-0.0,-0.0,0.0,0.0,0.0,0.0,0.001953,-0.004566,0.0,0.000196,0.0,0.000065,0.0,-0.000065,0.0,-0.000196,0.0,0.0,0.0,-0.001385,
0.0,1.705861,0.876992,-0.000066,0.0,1.570796,0.0,0.934035,0.013375,0.0,0.0,0.0,-0.137361,-0.023903,0.005396,0.337979,-0.182449,0.024466,-0.418957,0.044927,0.018055,1.019126,0.123697,-0.002148,-0.138967,0.174482,-0.0,-0.082143,0.0,0.0,0.0,-0.031512,-0.174482,0.0,-0.006531,0.0,0.0,0.0,0.0,0.0,0.0,0.0,-0.0,0.0,0.0,0.0,0.0,0.001953,-0.004492,0.0,0.000196,0.0,0.000065,0.0,-0.000065,0.0,-0.000196,0.0,0.0,0.0,-0.005212,
0.0,1.715201,0.877126,-0.000066,0.0,1.570796,0.0,0.93402,0.013368,0.0,0.0,0.0,-0.120269,-0.023829,0.005469,0.324896,-0.186494,0.024474,-0.439536,0.043645,0.016462,1.013124,0.113643,-0.003833,-0.155081,0.174482,-0.0,-0.092204,0.0,-0.0,0.0,-0.020011,-0.174482,0.0,-0.006531,0.0,0.0,0.0,-0.0,-0.0,0.0,0.0,-0.0,0.0,-0.0,0.0,0.0,0.001953,-0.004419,0.0,0.000196,0.0,0.000065,0.0,-0.000065,0.0,-0.000196,0.0,0.0,0.0,-0.009039,
0.0,1.724652,0.876869,-0.000066,0.0,1.570796,0.0,0.945009,-0.025679,0.0,0.0,0.0,-0.107946,-0.023805,0.005542,0.321633,-0.191779,0.024437,-0.459488,0.042522,0.015162,1.004858,0.107014,-0.005172,-0.171082,0.174482,-0.0,-0.102208,0.0,0.0,0.0,-0.009195,-0.174482,0.0,-0.006531,0.0,0.0,0.0,0.0,0.0,-0.0,0.0,0.0,0.0,0.0,0.0,0.0,0.001953,-0.004395,0.0,0.000196,0.0,0.000065,0.0,-0.000065,0.0,-0.000196,0.0,0.0,0.0,-0.012231,
0.0,1.734156,0.876417,-0.000066,0.0,1.570796,0.0,0.950473,-0.045217,0.0,0.0,0.0,-0.098009,-0.023805,0.005615,0.323285,-0.197686,0.024379,-0.479131,0.041478,0.014008,0.995459,0.1021,-0.006337,-0.187028,0.174482,-0.0,-0.112185,0.0,-0.0,0.0,0.001279,-0.174482,0.0,-0.006531,0.0,0.0,0.0,-0.0,-0.0,0.0,0.0,0.0,0.0,-0.0,0.0,-0.0,0.001953,-0.004395,0.0,0.000196,0.0,0.000065,0.0,-0.000065,0.0,-0.000196,0.0,0.0,0.0,-0.015106,
0.0,1.743661,0.875965,-0.000066,0.0,1.570796,0.0,0.950473,-0.045217,0.0,0.0,0.0,-0.088073,-0.023805,0.005689,0.324936,-0.203593,0.02432,-0.498774,0.040434,0.012855,0.986061,0.097186,-0.007503,-0.202974,0.174482,0.0,-0.122162,0.0,0.0,0.0,0.011754,-0.174482,0.0,-0.006531,0.0,0.0,0.0,-0.0,0.0,-0.0,0.0,-0.0,0.0,0.0,0.0,0.0,0.001953,-0.004395,0.0,0.000196,0.0,0.000065,0.0,-0.000065,0.0,-0.000196,0.0,0.0,0.0,-0.017981,
0.0,1.75329,0.875322,-0.000066,0.0,1.570796,0.0,0.96291,-0.064244,0.0,0.0,0.0,-0.078541,-0.023805,0.005786,0.327732,-0.210582,0.024262,-0.51619,0.039402,0.011793,0.97386,0.091748,-0.008669,-0.218848,0.174482,0.0,-0.132106,0.0,0.0,-0.0,0.021801,-0.174482,0.0,-0.006531,0.0,0.0,0.0,-0.0,0.0,-0.0,0.0,-0.0,0.0,0.0,0.0,0.0,0.001953,-0.00437,0.0,0.000196,0.0,0.000065,0.0,-0.000065,0.0,-0.000196,0.0,0.0,0.0,-0.020252,
0.0,1.763168,0.874299,-0.000066,0.0,1.570796,0.0,0.987815,-0.102329,0.0,0.0,0.0,-0.06982,-0.023805,0.005933,0.33282,-0.21974,0.024203,-0.529156,0.038395,0.010914,0.956048,0.085261,-0.009835,-0.234581,0.174482,0.0,-0.141984,0.0,0.0,0.0,0.030995,-0.174482,0.0,-0.006531,0.0,0.0,0.0,0.0,0.0,0.0,0.0,-0.0,0.0,-0.0,0.0,0.0,0.001953,-0.004297,0.0,0.000196,0.0,0.000065,0.0,-0.000065,0.0,-0.000196,0.0,0.0,0.0,-0.021314,
0.0,1.773046,0.873276,-0.000066,0.0,1.570796,0.0,0.9878,-0.102336,0.0,0.0,0.0,-0.061099,-0.023805,0.006079,0.337909,-0.228897,0.024144,-0.542122,0.037388,0.010035,0.938234,0.078773,-0.011001,-0.250315,0.174482,-0.0,-0.151862,0.0,0.0,0.0,0.040188,-0.174482,0.0,-0.006531,0.0,0.0,0.0,-0.0,0.0,-0.0,0.0,-0.0,0.0,0.0,0.0,-0.0,0.001953,-0.004224,0.0,0.000196,0.0,0.000065,0.0,-0.000065,0.0,-0.000196,0.0,0.0,0.0,-0.022376,
0.0,1.782924,0.872252,-0.000066,0.0,1.570796,0.0,0.987769,-0.102329,0.0,0.0,0.0,-0.052378,-0.023805,0.006226,0.342997,-0.238055,0.024086,-0.555087,0.03638,0.009156,0.920423,0.072285,-0.012167,-0.266047,0.174482,0.0,-0.161739,-0.0,0.0,0.0,0.049382,-0.174482,0.0,-0.006531,0.0,0.0,0.0,0.0,0.0,0.0,0.0,-0.0,0.0,0.0,0.0,-0.0,0.001953,-0.004151,0.0,0.000196,0.0,0.000065,0.0,-0.000065,0.0,-0.000196,0.0,0.0,0.0,-0.023439,
0.0,1.792691,0.871273,-0.000066,0.0,1.570796,0.0,0.976645,-0.097942,0.0,0.0,0.0,-0.041445,-0.02375,0.006372,0.343574,-0.245917,0.024027,-0.558328,0.035355,0.008588,0.887389,0.064793,-0.013332,-0.279704,0.174482,-0.0,-0.170784,0.0,0.0,0.0,0.057461,-0.174482,0.0,-0.006531,-0.0,0.0,0.0,0.0,0.0,0.0,0.0,-0.0,0.0,0.0,-0.0,0.0,0.001953,-0.004151,0.0,0.000196,0.0,0.000065,0.0,-0.000065,0.0,-0.000196,0.0,0.0,0.0,-0.023164,
0.0,1.802456,0.870293,-0.000066,0.0,1.570796,0.0,0.976599,-0.097935,0.0,0.0,0.0,-0.030511,-0.023695,0.006519,0.34415,-0.25378,0.023969,-0.561567,0.034329,0.00802,0.85434,0.0573,-0.014498,-0.29336,0.174482,0.0,-0.179828,0.0,0.0,0.0,0.065541,-0.174482,0.0,-0.006531,-0.0,0.0,0.0,0.0,0.0,0.0,0.0,0.0,0.0,0.0,0.0,0.0,0.001953,-0.004151,0.0,0.000196,0.0,0.000065,0.0,-0.000065,0.0,-0.000196,0.0,0.0,0.0,-0.022889,
0.0,1.812223,0.869314,-0.000066,0.0,1.570796,0.0,0.97663,-0.097942,0.0,0.0,0.0,-0.019578,-0.02364,0.006665,0.344726,-0.261643,0.02391,-0.564807,0.033304,0.007453,0.821296,0.049807,-0.015664,-0.307016,0.174482,-0.0,-0.188873,-0.0,0.0,0.0,0.07362,-0.174482,-0.0,-0.006531,-0.0,0.0,0.0,0.0,0.0,0.0,0.0,0.0,0.0,-0.0,0.0,0.0,0.001953,-0.004151,0.0,0.000196,0.0,0.000065,0.0,-0.000065,0.0,-0.000196,0.0,0.0,0.0,-0.022615,
0.0,1.822194,0.868212,-0.000066,0.0,1.570796,0.0,0.997154,-0.110232,0.0,0.0,0.0,-0.007072,-0.023622,0.006763,0.342405,-0.268318,0.023851,-0.565989,0.032388,0.007032,0.783021,0.043378,-0.016651,-0.31882,0.174482,0.0,-0.197017,0.0,0.0,0.0,0.081543,-0.174482,0.0,-0.006531,-0.0,0.0,0.0,-0.0,0.0,-0.0,0.0,0.0,0.0,0.0,0.0,-0.0,0.001953,-0.004199,0.0,0.000196,0.0,0.000065,0.0,-0.000065,0.0,-0.000196,0.0,0.0,0.0,-0.022364,
0.0,1.832269,0.867048,-0.000066,0.0,1.570796,-0.0,1.007454,-0.116373,0.0,0.0,0.0,0.006223,-0.023622,0.006836,0.338634,-0.274399,0.023793,-0.566141,0.031527,0.006684,0.742096,0.037481,-0.017548,-0.329698,0.174482,0.0,-0.204711,0.0,0.0,0.0,0.089388,-0.174482,-0.0,-0.006531,0.0,0.0,0.0,0.0,0.0,0.0,0.0,0.0,0.0,0.0,0.0,-0.0,0.001953,-0.004273,0.0,0.000196,0.0,0.000065,0.0,-0.000065,0.0,-0.000196,0.0,0.0,0.0,-0.022126,
0.0,1.842344,0.865884,-0.000066,0.0,1.570796,0.0,1.007469,-0.116381,0.0,0.0,0.0,0.019517,-0.023622,0.006909,0.334863,-0.280481,0.023734,-0.566294,0.030666,0.006336,0.70117,0.031584,-0.018445,-0.340576,0.174482,-0.0,-0.212406,0.0,0.0,0.0,0.097233,-0.174482,0.0,-0.006531,0.0,0.0,0.0,-0.0,0.0,0.0,0.0,-0.0,0.0,0.0,0.0,0.0,0.001953,-0.004346,0.0,0.000196,0.0,0.000065,0.0,-0.000065,0.0,-0.000196,0.0,0.0,0.0,-0.021888,
0.0,1.852709,0.864686,-0.000066,0.0,1.570796,0.0,1.036507,-0.119858,0.0,0.0,0.0,0.034595,-0.023622,0.006958,0.328335,-0.28548,0.023676,-0.565329,0.029879,0.005976,0.661115,0.023863,-0.0193,-0.35041,0.174482,-0.0,-0.219471,-0.0,0.0,0.0,0.105159,-0.174482,0.0,-0.006531,-0.0,0.0,0.0,0.0,0.0,0.0,0.0,0.0,0.0,0.0,0.0,0.0,0.001953,-0.004395,0.0,0.000196,0.0,0.000065,0.0,-0.000065,0.0,-0.000196,0.0,0.0,0.0,-0.0219,
0.0,1.863655,0.863417,-0.000066,0.0,1.570796,0.0,1.094643,-0.126827,0.0,0.0,0.0,0.053245,-0.023622,0.006958,0.316286,-0.288311,0.023617,-0.562128,0.029238,0.005591,0.622731,0.012491,-0.020069,-0.358153,0.174482,0.0,-0.225277,0.0,-0.0,-0.0,0.113248,-0.174482,0.0,-0.006531,-0.0,0.0,0.0,-0.0,-0.0,-0.0,0.0,-0.0,0.0,0.0,-0.0,-0.0,0.001953,-0.004395,0.0,0.000196,0.0,0.000065,0.0,-0.000065,0.0,-0.000196,0.0,0.0,0.0,-0.022413,
0.0,1.874601,0.862149,-0.000066,0.0,1.570796,0.0,1.094628,-0.12682,0.0,0.0,0.0,0.071896,-0.023622,0.006958,0.304236,-0.291142,0.023558,-0.558926,0.028597,0.005207,0.584339,0.00112,-0.020838,-0.365896,0.174482,0.0,-0.231082,0.0,0.0,0.0,0.121337,-0.174482,0.0,-0.006531,0.0,0.0,0.0,-0.0,0.0,-0.0,0.0,0.0,0.0,-0.0,0.0,-0.0,0.001953,-0.004395,0.0,0.000196,0.0,0.000065,0.0,-0.000065,0.0,-0.000196,0.0,0.0,0.0,-0.022926,
0.0,1.885548,0.860881,-0.000066,0.0,1.570796,0.0,1.094658,-0.126827,0.0,0.0,0.0,0.090545,-0.023622,0.006958,0.292188,-0.293973,0.0235,-0.555725,0.027956,0.004822,0.545965,-0.010252,-0.021607,-0.373639,0.174482,0.0,-0.236888,0.0,0.0,0.0,0.129426,-0.174482,0.0,-0.006531,0.0,0.0,0.0,-0.0,0.0,0.0,0.0,-0.0,-0.0,0.0,0.0,0.0,0.001953,-0.004395,0.0,0.000196,0.0,0.000065,0.0,-0.000065,0.0,-0.000196,0.0,-0.0,0.0,-0.023439,
0.0,1.897127,0.85994,-0.000066,0.0,1.570796,-0.0,1.157904,-0.094055,0.0,0.0,0.0,0.121253,-0.023677,0.006409,0.257825,-0.285415,0.023427,-0.54892,0.027535,0.004492,0.512106,-0.023217,-0.022102,-0.376754,0.174482,0.0,-0.23971,-0.0,0.0,0.0,0.135686,-0.174482,0.0,-0.006531,0.0,0.0,0.0,0.0,0.0,-0.0,-0.0,0.0,-0.0,0.0,0.0,0.0,0.001953,-0.004395,0.0,0.000196,0.0,0.000065,0.0,-0.000065,-0.0,-0.000196,0.0,0.0,0.0,-0.023347,
0.0,1.908706,0.859,-0.000066,0.0,1.570796,0.0,1.15795,-0.094055,0.0,0.0,0.0,0.151974,-0.023732,0.00586,0.223443,-0.276853,0.023353,-0.542114,0.027114,0.004163,0.478234,-0.036184,-0.022596,-0.379868,0.174482,-0.0,-0.242533,-0.0,0.0,0.0,0.141945,-0.174482,-0.0,-0.006531,0.0,0.0,0.0,0.0,0.0,0.0,0.0,-0.0,0.0,-0.0,0.0,0.0,0.001953,-0.004395,0.0,0.000196,0.0,0.000065,0.0,-0.000065,0.0,-0.000196,-0.0,-0.0,0.0,-0.023256,
0.0,1.920286,0.858059,-0.000066,0.0,1.570796,0.0,1.157934,-0.094047,0.0,0.0,0.0,0.182689,-0.023787,0.00531,0.189069,-0.268291,0.02328,-0.535308,0.026692,0.003833,0.444369,-0.04915,-0.023091,-0.382981,0.174482,0.0,-0.245355,0.0,0.0,-0.0,0.148204,-0.174482,0.0,-0.006531,0.0,0.0,0.0,-0.0,0.0,0.0,-0.0,0.0,0.0,-0.0,0.0,0.0,0.001953,-0.004395,0.0,0.000196,0.0,0.000065,0.0,-0.000065,0.0,-0.000196,0.0,-0.0,0.0,-0.023164,
0.0,1.932391,0.857395,-0.000066,0.0,1.570796,0.0,1.210484,-0.066379,0.0,0.0,0.0,0.20542,-0.023866,0.004358,0.170152,-0.261732,0.023365,-0.528907,0.026454,0.003626,0.424041,-0.058652,-0.023378,-0.382665,0.174482,0.0,-0.245497,-0.0,-0.0,-0.0,0.154136,-0.174482,0.0,-0.006531,0.0,0.0,0.0,0.0,-0.0,0.0,0.0,0.0,0.0,0.0,0.0,0.0,0.001953,-0.004395,0.0,0.000196,0.0,0.000065,0.0,-0.000065,0.0,-0.000196,0.0,0.0,0.0,-0.023353,
0.0,1.944759,0.85687,-0.000066,0.0,1.570796,0.0,1.236865,-0.052546,0.0,0.0,0.0,0.224162,-0.023958,0.003205,0.158965,-0.256174,0.02353,-0.522709,0.026308,0.003479,0.410479,-0.06642,-0.023561,-0.380633,0.174482,0.0,-0.244298,0.0,0.0,0.0,0.159905,-0.174482,0.0,-0.006531,0.0,0.0,0.0,0.0,0.0,-0.0,-0.0,-0.0,0.0,0.0,0.0,-0.0,0.001953,-0.004395,0.0,0.000196,0.0,0.000065,0.0,-0.000065,0.0,-0.000196,0.0,0.0,0.0,-0.023683,
0.0,1.957127,0.856345,-0.000066,0.0,1.570796,0.0,1.236804,-0.052538,0.0,0.0,0.0,0.242904,-0.024049,0.002051,0.147778,-0.250617,0.023695,-0.51651,0.026161,0.003333,0.396919,-0.074188,-0.023744,-0.3786,0.174482,0.0,-0.243099,-0.0,0.0,0.0,0.165673,-0.174482,0.0,-0.006531,-0.0,-0.0,0.0,0.0,0.0,-0.0,-0.0,0.0,0.0,0.0,0.0,-0.0,0.001953,-0.004395,0.0,0.000196,0.0,0.000065,0.0,-0.000065,0.0,-0.000196,0.0,0.0,0.0,-0.024012,
0.0,1.969782,0.855981,-0.000066,0.0,1.570796,0.0,1.265505,-0.036347,0.0,0.0,0.0,0.259453,-0.024153,0.000727,0.14039,-0.242737,0.023896,-0.509777,0.026064,0.003278,0.38618,-0.078423,-0.023866,-0.374764,0.174482,0.0,-0.240506,-0.0,0.0,0.0,0.171381,-0.174482,0.0,-0.006531,0.0,0.0,0.0,0.0,0.0,0.0,0.0,-0.0,0.0,0.0,0.0,-0.0,0.001953,-0.004395,0.0,0.000196,0.0,0.000065,0.0,-0.000065,0.0,-0.000196,0.0,0.0,0.0,-0.024598,
0.0,1.983011,0.855942,-0.000066,0.0,1.570796,0.0,1.322876,-0.00391,0.0,0.0,0.0,0.271617,-0.024281,-0.00094,0.140611,-0.230205,0.024171,-0.501973,0.026064,0.003406,0.38109,-0.075583,-0.023866,-0.367316,0.174482,0.0,-0.235122,-0.0,0.0,0.0,0.17697,-0.174482,0.0,-0.006531,-0.0,0.0,0.0,0.0,0.0,0.0,0.0,0.0,0.0,0.0,0.0,0.0,0.001953,-0.004395,0.0,0.000196,0.0,0.000065,0.0,-0.000065,0.0,-0.000196,0.0,0.0,0.0,-0.025697,
0.0,1.99624,0.855903,-0.000066,0.0,1.570796,0.0,1.322922,-0.00391,0.0,0.0,0.0,0.283782,-0.024409,-0.002606,0.140831,-0.217673,0.024446,-0.494168,0.026064,0.003534,0.376,-0.072742,-0.023866,-0.359867,0.174482,0.0,-0.229739,0.0,0.0,0.0,0.182559,-0.174482,0.0,-0.006531,0.0,0.0,0.0,0.0,0.0,0.0,-0.0,0.0,0.0,0.0,0.0,0.0,0.001953,-0.004395,0.0,0.000196,0.0,0.000065,0.0,-0.000065,0.0,-0.000196,0.0,0.0,0.0,-0.026796,
0.0,2.009469,0.855864,-0.000066,0.0,1.570796,0.0,1.322876,-0.003918,0.0,0.0,0.0,0.295946,-0.024537,-0.004272,0.141051,-0.205142,0.024721,-0.486364,0.026064,0.003662,0.370909,-0.069902,-0.023866,-0.352419,0.174482,-0.0,-0.224355,0.0,0.0,0.0,0.188148,-0.174482,0.0,-0.006531,0.0,-0.0,-0.0,-0.0,0.0,0.0,0.0,-0.0,0.0,-0.0,0.0,0.0,0.001953,-0.004395,0.0,0.000196,0.0,0.000065,0.0,-0.000065,-0.0,-0.000196,0.0,0.0,0.0,-0.027895,
0.0,2.021946,0.856307,-0.000066,0.0,1.570796,0.0,1.247662,0.044341,0.0,0.0,0.0,0.305826,-0.024647,-0.005133,0.141051,-0.176969,0.024721,-0.477005,0.026137,0.004157,0.367055,-0.051958,-0.023573,-0.342354,0.174482,0.0,-0.219714,-0.0,0.0,0.0,0.190356,-0.174482,0.0,-0.006531,0.0,-0.0,0.0,0.0,0.0,-0.0,-0.0,-0.0,0.0,-0.0,0.0,-0.0,0.001953,-0.004303,0.0,0.000196,0.0,0.000065,0.0,-0.000065,0.0,-0.000196,0.0,-0.0,0.0,-0.028536,
0.0,2.034422,0.856751,-0.000066,0.0,1.570796,-0.0,1.247617,0.044348,0.0,0.0,0.0,0.315707,-0.024757,-0.005994,0.141051,-0.148785,0.024721,-0.467646,0.02621,0.004651,0.363201,-0.034008,-0.02328,-0.332288,0.174482,0.0,-0.215072,0.0,0.0,0.0,0.192564,-0.174482,-0.0,-0.006531,0.0,0.0,0.0,-0.0,0.0,0.0,0.0,0.0,0.0,0.0,0.0,-0.0,0.001953,-0.004212,0.0,0.000196,0.0,0.000065,0.0,-0.000065,0.0,-0.000196,0.0,-0.0,0.0,-0.029177,
0.0,2.046899,0.857194,-0.000066,0.0,1.570796,0.0,1.247662,0.044348,0.0,0.0,0.0,0.325587,-0.024867,-0.006854,0.141051,-0.120604,0.024721,-0.458287,0.026283,0.005145,0.359346,-0.016058,-0.022987,-0.322221,0.174482,0.0,-0.21043,0.0,0.0,0.0,0.194771,-0.174482,-0.0,-0.006531,0.0,0.0,0.0,0.0,0.0,0.0,0.0,0.0,0.0,-0.0,0.0,-0.0,0.001953,-0.00412,0.0,0.000196,0.0,0.000065,-0.0,-0.000065,0.0,-0.000196,-0.0,0.0,0.0,-0.029818,
0.0,2.058819,0.857762,-0.000066,0.0,1.570796,0.0,1.192013,0.056796,0.0,0.0,0.0,0.324816,-0.02494,-0.006275,0.160872,-0.092588,0.02455,-0.451662,0.026393,0.00542,0.364208,-0.007216,-0.022792,-0.311816,0.174482,0.0,-0.206085,0.0,0.0,0.0,0.193718,-0.174482,-0.0,-0.006531,0.0,0.0,0.0,0.0,0.0,0.0,0.0,0.0,0.0,0.0,0.0,0.0,0.001953,-0.004028,0.0,0.000196,0.0,0.000065,0.0,-0.000065,0.0,-0.000196,0.0,0.0,0.0,-0.030178,
0.0,2.07046,0.858392,-0.000066,0.0,1.570796,0.0,1.164165,0.06302,0.0,0.0,0.0,0.318715,-0.024995,-0.004975,0.190622,-0.064644,0.024293,-0.446404,0.026521,0.005585,0.373432,-0.002931,-0.022645,-0.30124,0.174482,0.0,-0.201889,0.0,0.0,0.0,0.191032,-0.174482,-0.0,-0.006531,0.0,0.0,0.0,-0.0,0.0,-0.0,0.0,-0.0,0.0,-0.0,0.0,-0.0,0.001953,-0.003937,0.0,0.000196,0.0,0.000065,0.0,-0.000065,0.0,-0.000196,0.0,0.0,0.0,-0.030398,
0.0,2.082102,0.859022,-0.000066,0.0,1.570796,0.0,1.16418,0.06302,0.0,0.0,0.0,0.312613,-0.02505,-0.003675,0.220374,-0.036698,0.024037,-0.441147,0.02665,0.00575,0.382657,0.001354,-0.022499,-0.290665,0.174482,0.0,-0.197693,0.0,0.0,0.0,0.188347,-0.174482,0.0,-0.006531,0.0,0.0,0.0,0.0,0.0,-0.0,0.0,-0.0,0.0,-0.0,0.0,-0.0,0.001953,-0.003845,0.0,0.000196,0.0,0.000065,0.0,-0.000065,0.0,-0.000196,0.0,0.0,0.0,-0.030617,
0.0,2.093485,0.859668,-0.000066,0.0,1.570796,0.0,1.138317,0.064551,0.0,0.0,0.0,0.293475,-0.025294,-0.002735,0.271635,-0.013957,0.02364,-0.435712,0.026759,0.00586,0.39194,0.003608,-0.022401,-0.280357,0.174482,-0.0,-0.193491,0.0,0.0,0.0,0.183795,-0.174482,0.0,-0.006531,0.0,0.0,0.0,-0.0,0.0,-0.0,0.0,0.0,0.0,-0.0,0.0,-0.0,0.001953,-0.003784,0.0,0.000196,0.0,0.000065,0.0,-0.000065,-0.0,-0.000196,0.0,0.0,0.0,-0.030727,
0.0,2.104351,0.860344,-0.000066,0.0,1.570796,-0.0,1.086604,0.067623,0.0,0.0,0.0,0.2482,-0.025917,-0.002515,0.366303,-0.001615,0.022963,-0.429922,0.026833,0.00586,0.401343,0.001795,-0.022401,-0.270583,0.174482,0.0,-0.18928,0.0,0.0,0.0,0.175505,-0.174482,0.0,-0.006531,0.0,0.0,0.0,0.0,0.0,-0.0,0.0,-0.0,0.0,0.0,0.0,0.0,0.001953,-0.003784,0.0,0.000196,0.0,0.000065,0.0,-0.000065,0.0,-0.000196,0.0,0.0,0.0,-0.030617,
0.0,2.115217,0.861021,-0.000066,0.0,1.570796,0.0,1.086589,0.067623,0.0,0.0,0.0,0.20291,-0.02654,-0.002295,0.46111,0.010728,0.022285,-0.424131,0.026906,0.00586,0.410745,-0.000018,-0.022401,-0.260809,0.174482,-0.0,-0.185068,0.0,0.0,0.0,0.167216,-0.174482,0.0,-0.006531,0.0,0.0,0.0,-0.0,0.0,-0.0,0.0,-0.0,0.0,0.0,0.0,-0.0,0.001953,-0.003784,0.0,0.000196,0.0,0.000065,0.0,-0.000065,0.0,-0.000196,0.0,0.0,0.0,-0.030508,
0.0,2.126083,0.861697,-0.000066,0.0,1.570796,0.0,1.086619,0.06763,0.0,0.0,0.0,0.15765,-0.027162,-0.002075,0.555637,0.023069,0.021608,-0.418341,0.026979,0.00586,0.420147,-0.001831,-0.022401,-0.251035,0.174482,0.0,-0.180856,0.0,0.0,0.0,0.158927,-0.174482,-0.0,-0.006531,0.0,0.0,0.0,0.0,0.0,-0.0,0.0,-0.0,0.0,-0.0,0.0,-0.0,0.001953,-0.003784,0.0,0.000196,0.0,0.000065,0.0,-0.000065,0.0,-0.000196,0.0,0.0,0.0,-0.030398,
0.0,2.136494,0.862486,-0.000066,0.0,1.570796,-0.0,1.041086,0.078972,0.0,0.0,0.0,0.112623,-0.028627,-0.003174,0.629961,0.062964,0.019228,-0.409781,0.026979,0.005786,0.423989,-0.007579,-0.022401,-0.240416,0.174482,0.0,-0.17582,0.0,0.0,0.0,0.148445,-0.174482,0.0,-0.006531,0.0,0.0,0.0,0.0,0.0,0.0,-0.0,-0.0,0.0,0.0,-0.0,-0.0,0.001953,-0.003674,0.0,0.000196,0.0,0.000065,0.0,-0.000065,0.0,-0.000196,0.0,-0.0,0.0,-0.031826,
0.0,2.146905,0.863276,-0.000066,0.0,1.570796,0.0,1.041117,0.078987,0.0,0.0,0.0,0.067565,-0.030092,-0.004272,0.704421,0.102888,0.016847,-0.401221,0.026979,0.005713,0.42783,-0.013329,-0.022401,-0.229796,0.174482,0.0,-0.170784,0.0,0.0,0.0,0.137963,-0.174482,-0.0,-0.006531,0.0,0.0,0.0,0.0,0.0,0.0,0.0,0.0,0.0,0.0,0.0,-0.0,0.001953,-0.003565,-0.0,0.000196,0.0,0.000065,0.0,-0.000065,0.0,-0.000196,0.0,0.0,0.0,-0.033254,
0.0,2.157316,0.864066,-0.000066,0.0,1.570796,0.0,1.041102,0.07898,0.0,0.0,0.0,0.022522,-0.031557,-0.005371,0.778811,0.142802,0.014467,-0.39266,0.026979,0.00564,0.431671,-0.019079,-0.022401,-0.219176,0.174482,-0.0,-0.165748,-0.0,-0.0,-0.0,0.127481,-0.174482,0.0,-0.006531,-0.0,0.0,0.0,0.0,-0.0,0.0,0.0,-0.0,0.0,0.0,0.0,0.0,0.001953,-0.003455,0.0,0.000196,0.0,0.000065,0.0,-0.000065,-0.0,-0.000196,0.0,0.0,0.0,-0.034683,
0.0,2.167581,0.864946,-0.000066,0.0,1.570796,0.0,1.026437,0.087943,0.0,0.0,0.0,-0.015963,-0.032986,-0.006348,0.831308,0.179399,0.01183,-0.382355,0.026979,0.005475,0.432552,-0.028137,-0.022547,-0.207848,0.174482,0.0,-0.159222,0.0,0.0,0.0,0.116323,-0.174482,0.0,-0.006531,-0.0,0.0,0.0,0.0,0.0,0.0,0.0,0.0,0.0,-0.0,0.0,-0.0,0.001953,-0.003369,0.0,0.000196,0.0,0.000065,0.0,-0.000065,0.0,-0.000196,-0.0,0.0,0.0,-0.035513,
0.0,2.177772,0.86587,-0.000066,0.0,1.570796,0.0,1.019128,0.092429,0.0,0.0,0.0,-0.051198,-0.034396,-0.007263,0.872951,0.214366,0.009065,-0.371176,0.026979,0.005265,0.431952,-0.038851,-0.022767,-0.196164,0.174482,-0.0,-0.15195,0.0,0.0,0.0,0.104826,-0.174482,0.0,-0.006531,0.0,0.0,0.0,0.0,0.0,-0.0,0.0,0.0,0.0,0.0,-0.0,-0.0,0.001953,-0.003296,0.0,0.000196,0.0,0.000065,0.0,-0.000065,0.0,-0.000196,0.0,0.0,0.0,-0.036044,
0.0,2.187963,0.866794,-0.000066,0.0,1.570796,-0.0,1.019098,0.092429,0.0,0.0,0.0,-0.086433,-0.035806,-0.008179,0.914592,0.249332,0.0063,-0.359997,0.026979,0.005054,0.431353,-0.049566,-0.022987,-0.18448,0.174482,-0.0,-0.144678,0.0,0.0,0.0,0.093329,-0.174482,-0.0,-0.006531,0.0,0.0,0.0,-0.0,0.0,-0.0,0.0,0.0,0.0,-0.0,0.0,-0.0,0.001953,-0.003223,0.0,0.000196,0.0,0.000065,0.0,-0.000065,0.0,-0.000196,0.0,0.0,0.0,-0.036575,
0.0,2.198161,0.867763,-0.000066,0.0,1.570796,0.0,1.019815,0.096831,0.0,0.0,0.0,-0.119176,-0.036948,-0.008789,0.949748,0.276013,0.00409,-0.347936,0.02693,0.004843,0.429243,-0.060458,-0.023207,-0.172381,0.174482,-0.0,-0.136534,0.0,0.0,0.0,0.081561,-0.174482,0.0,-0.006531,-0.0,0.0,0.0,0.0,0.0,-0.0,-0.0,-0.0,0.0,0.0,0.0,-0.0,0.001953,-0.003174,0.0,0.000196,0.0,0.000065,0.0,-0.000065,0.0,-0.000196,0.0,0.0,0.0,-0.036405,
-0.0,2.208373,0.868819,-0.000066,0.0,1.570796,-0.0,1.021187,0.105628,0.0,0.0,0.0,-0.146969,-0.037552,-0.008789,0.971972,0.286135,0.002991,-0.334106,0.026784,0.004633,0.424112,-0.071709,-0.023426,-0.159451,0.174482,0.0,-0.126646,0.0,-0.0,0.0,0.069249,-0.174482,0.0,-0.006531,0.0,0.0,0.0,0.0,-0.0,-0.0,0.0,-0.0,-0.0,-0.0,0.0,-0.0,0.001953,-0.003174,0.0,0.000196,0.0,0.000065,0.0,-0.000065,0.0,-0.000196,0.0,-0.0,0.0,-0.03483,
0.0,2.218585,0.869875,-0.000066,0.0,1.570796,0.0,1.021218,0.105628,0.0,0.0,0.0,-0.174765,-0.038156,-0.008789,0.994199,0.296257,0.001892,-0.320276,0.026637,0.004422,0.418981,-0.082961,-0.023646,-0.146521,0.174482,-0.0,-0.116757,0.0,0.0,0.0,0.056937,-0.174482,0.0,-0.006531,0.0,0.0,0.0,0.0,0.0,0.0,0.0,0.0,0.0,0.0,0.0,0.0,0.001953,-0.003174,0.0,0.000196,0.0,0.000065,0.0,-0.000065,0.0,-0.000196,0.0,-0.0,0.0,-0.033255,
0.0,2.228797,0.870931,-0.000066,0.0,1.570796,-0.0,1.021187,0.105628,0.0,0.0,0.0,-0.202554,-0.038761,-0.008789,1.016422,0.306379,0.000794,-0.306448,0.026491,0.004212,0.41385,-0.094212,-0.023866,-0.133591,0.174482,0.0,-0.106868,0.0,0.0,0.0,0.044625,-0.174482,0.0,-0.006531,-0.0,0.0,0.0,0.0,0.0,0.0,0.0,-0.0,0.0,0.0,0.0,-0.0,0.001953,-0.003174,0.0,0.000196,0.0,0.000065,0.0,-0.000065,0.0,-0.000196,0.0,-0.0,0.0,-0.03168,
0.0,2.238548,0.872431,-0.000066,0.0,1.570796,0.0,0.975072,0.150005,0.0,0.0,0.0,-0.223653,-0.038322,-0.007929,1.022691,0.29076,0.001928,-0.287557,0.026363,0.004212,0.398047,-0.099843,-0.023976,-0.122109,0.174482,-0.0,-0.097318,-0.0,0.0,0.0,0.028329,-0.174482,0.0,-0.006531,-0.0,0.0,0.0,0.0,0.0,-0.0,0.0,-0.0,0.0,0.0,0.0,-0.0,0.001953,-0.003174,0.0,0.000196,0.0,0.000065,0.0,-0.000065,0.0,-0.000196,0.0,0.0,0.0,-0.028091,
0.0,2.248299,0.873931,-0.000066,0.0,1.570796,0.0,0.975057,0.150013,0.0,0.0,0.0,-0.244753,-0.037882,-0.007068,1.028955,0.275133,0.003064,-0.268662,0.026234,0.004212,0.382241,-0.105472,-0.024086,-0.110627,0.174482,0.0,-0.087768,0.0,0.0,0.0,0.01203,-0.174482,0.0,-0.006531,0.0,0.0,0.0,0.0,0.0,-0.0,0.0,0.0,0.0,-0.0,0.0,-0.0,0.001953,-0.003174,0.0,0.000196,0.0,0.000065,0.0,-0.000065,0.0,-0.000196,0.0,0.0,0.0,-0.024502,
0.0,2.258049,0.875432,-0.000066,0.0,1.570796,0.0,0.975042,0.150005,0.0,0.0,0.0,-0.265851,-0.037442,-0.006208,1.035219,0.259506,0.004199,-0.249769,0.026106,0.004212,0.366435,-0.111101,-0.024196,-0.099145,0.174482,-0.0,-0.078218,0.0,0.0,0.0,-0.004268,-0.174482,-0.0,-0.006531,0.0,0.0,0.0,0.0,0.0,0.0,0.0,-0.0,0.0,0.0,0.0,0.0,0.001953,-0.003174,0.0,0.000196,0.0,0.000065,0.0,-0.000065,0.0,-0.000196,0.0,0.0,0.0,-0.020913,
0.0,2.267598,0.876613,-0.000066,0.0,1.570796,-0.0,0.954933,0.118105,0.0,0.0,0.0,-0.285343,-0.036881,-0.005347,1.036453,0.242235,0.005456,-0.235277,0.026064,0.004212,0.358807,-0.114617,-0.024263,-0.087707,0.174482,-0.0,-0.068757,0.0,0.0,0.0,-0.021934,-0.174482,0.0,-0.006531,0.0,0.0,0.0,0.0,0.0,-0.0,0.0,-0.0,0.0,0.0,0.0,0.0,0.001953,-0.003229,0.0,0.000196,0.0,0.000065,0.0,-0.000065,0.0,-0.000196,0.0,0.0,0.0,-0.016909,
0.0,2.277047,0.877634,-0.000066,0.0,1.570796,0.0,0.944848,0.102129,0.0,0.0,0.0,-0.304036,-0.036258,-0.004486,1.035167,0.224139,0.006775,-0.222987,0.026064,0.004212,0.355272,-0.117074,-0.024309,-0.076291,0.174482,-0.0,-0.059341,-0.0,0.0,0.0,-0.040287,-0.174482,0.0,-0.006531,0.0,0.0,0.0,0.0,0.0,-0.0,-0.0,0.0,0.0,-0.0,0.0,-0.0,0.001953,-0.003311,0.0,0.000196,0.0,0.000065,0.0,-0.000065,0.0,-0.000196,0.0,0.0,0.0,-0.012697,
0.0,2.286496,0.878655,-0.000066,0.0,1.570796,0.0,0.944878,0.102129,0.0,0.0,0.0,-0.32273,-0.035635,-0.003626,1.033882,0.206042,0.008093,-0.210697,0.026064,0.004212,0.351738,-0.119532,-0.024354,-0.064874,0.174482,0.0,-0.049925,0.0,0.0,0.0,-0.05864,-0.174482,0.0,-0.006531,-0.0,0.0,0.0,0.0,0.0,-0.0,0.0,-0.0,0.0,0.0,0.0,-0.0,0.001953,-0.003394,0.0,0.000196,0.0,0.000065,0.0,-0.000065,0.0,-0.000196,0.0,0.0,0.0,-0.008485,
0.0,2.295917,0.87946,-0.000066,0.0,1.570796,0.0,0.942179,0.080461,0.0,0.0,0.0,-0.340943,-0.035019,-0.002832,1.03046,0.18862,0.009351,-0.199064,0.026064,0.004187,0.349529,-0.122822,-0.0244,-0.053241,0.174482,0.0,-0.040534,0.0,0.0,0.0,-0.076514,-0.174482,0.0,-0.007495,0.0,0.0,0.0,0.0,0.0,0.0,0.0,0.0,0.0,0.0,0.0,0.0,0.001953,-0.003476,0.0,0.000196,0.0,0.000065,0.0,-0.000065,0.0,-0.000196,0.0,0.0,0.0,-0.004371,
0.0,2.305286,0.879831,-0.000066,0.0,1.570796,0.0,0.936902,0.03708,0.0,0.0,0.0,-0.358204,-0.034415,-0.002173,1.02276,0.172541,0.010486,-0.188747,0.026064,0.004114,0.349975,-0.127776,-0.024446,-0.041172,0.174482,0.0,-0.031195,-0.0,0.0,0.0,-0.093437,-0.174482,0.0,-0.010388,0.0,0.0,0.0,0.0,0.0,-0.0,0.0,0.0,0.0,0.0,0.0,0.0,0.001953,-0.003558,0.0,0.000196,0.0,0.000065,0.0,-0.000065,0.0,-0.000196,0.0,-0.0,0.0,-0.000453,
0.0,2.314655,0.880201,-0.000066,0.0,1.570796,0.0,0.936857,0.03708,0.0,0.0,0.0,-0.375464,-0.03381,-0.001514,1.015059,0.156461,0.011621,-0.17843,0.026064,0.004041,0.350421,-0.13273,-0.024492,-0.029102,0.174482,-0.0,-0.021855,0.0,0.0,0.0,-0.11036,-0.174482,0.0,-0.013281,0.0,0.0,0.0,0.0,0.0,-0.0,0.0,0.0,0.0,0.0,0.0,-0.0,0.001953,-0.003641,0.0,0.000196,0.0,0.000065,0.0,-0.000065,0.0,-0.000196,0.0,0.0,0.0,0.003466,
0.0,2.324024,0.880572,-0.000066,0.0,1.570796,0.0,0.936902,0.03708,0.0,0.0,0.0,-0.392724,-0.033206,-0.000855,1.007359,0.140383,0.012757,-0.168114,0.026064,0.003967,0.350868,-0.137685,-0.024537,-0.017033,0.174482,-0.0,-0.012515,0.0,0.0,0.0,-0.127282,-0.174482,-0.0,-0.016174,0.0,0.0,0.0,0.0,0.0,0.0,0.0,0.0,0.0,0.0,0.0,0.0,0.001953,-0.003723,0.0,0.000196,0.0,0.000065,0.0,-0.000065,0.0,-0.000196,0.0,0.0,0.0,0.007384,
0.0,2.333571,0.880201,-0.000066,0.0,1.570796,-0.0,0.954699,-0.037153,0.0,0.0,0.0,-0.409444,-0.032803,-0.000598,0.994948,0.129173,0.013489,-0.159903,0.026064,0.003766,0.356394,-0.146811,-0.024602,-0.002659,0.174482,0.0,-0.012513,-0.0,0.0,0.0,-0.14282,-0.174482,-0.0,-0.022821,0.0,0.0,0.0,0.0,0.0,0.0,0.0,0.0,0.0,0.0,0.0,0.0,0.001953,-0.003751,0.0,0.000196,0.0,0.000065,0.0,-0.000065,0.0,-0.000196,0.0,0.0,0.0,0.009839,
0.0,2.343118,0.879829,-0.000066,0.0,1.570796,0.0,0.954699,-0.037176,0.0,0.0,0.0,-0.426166,-0.0324,-0.000342,0.982536,0.117963,0.014222,-0.151694,0.026064,0.003565,0.361922,-0.155939,-0.024666,0.011716,0.174482,-0.0,-0.012513,0.0,0.0,0.0,-0.158358,-0.174482,0.0,-0.029468,0.0,-0.0,-0.0,-0.0,0.0,-0.0,0.0,-0.0,0.0,-0.0,0.0,-0.0,0.001953,-0.003778,-0.0,0.000196,-0.0,0.000065,0.0,-0.000065,0.0,-0.000196,0.0,0.0,0.0,0.012292,
0.0,2.352664,0.879457,-0.000066,0.0,1.570796,-0.0,0.954668,-0.037176,0.0,0.0,0.0,-0.442887,-0.031997,-0.000086,0.970124,0.106754,0.014954,-0.143484,0.026064,0.003363,0.36745,-0.165066,-0.02473,0.026091,0.174482,0.0,-0.012513,-0.0,0.0,0.0,-0.173895,-0.174482,0.0,-0.036116,0.0,0.0,0.0,0.0,0.0,0.0,0.0,0.0,0.0,0.0,0.0,0.0,0.001953,-0.003806,0.0,0.000196,0.0,0.000065,0.0,-0.000065,0.0,-0.000196,0.0,0.0,0.0,0.014746,
0.0,2.362259,0.878752,-0.000066,0.0,1.570796,0.0,0.959447,-0.070562,0.0,0.0,0.0,-0.461215,-0.031972,-0.000403,0.958879,0.100975,0.015198,-0.134938,0.026064,0.003162,0.372548,-0.175035,-0.024794,0.040505,0.174482,-0.0,-0.012513,-0.0,0.0,0.0,-0.188914,-0.174482,0.0,-0.042422,0.0,0.0,0.0,0.0,0.0,0.0,0.0,-0.0,0.0,0.0,0.0,-0.0,0.001953,-0.003833,0.0,0.000196,0.0,0.000065,0.0,-0.000065,0.0,-0.000196,0.0,0.0,0.0,0.016382,
0.0,2.371877,0.877879,-0.000066,0.0,1.570796,0.0,0.961843,-0.087285,0.0,0.0,0.0,-0.480352,-0.032137,-0.001007,0.948218,0.097913,0.015198,-0.126223,0.026064,0.00296,0.377433,-0.185425,-0.024858,0.05494,0.174482,-0.0,-0.012513,0.0,0.0,0.0,-0.203677,-0.174482,-0.0,-0.048559,0.0,0.0,0.0,-0.0,0.0,-0.0,0.0,0.0,0.0,0.0,0.0,0.0,0.001953,-0.003861,0.0,0.000196,0.0,0.000065,0.0,-0.000065,0.0,-0.000196,0.0,0.0,0.0,0.017609,
0.0,2.381496,0.877006,-0.000066,0.0,1.570796,0.0,0.961828,-0.087285,0.0,0.0,0.0,-0.499489,-0.032302,-0.001611,0.937556,0.094852,0.015198,-0.117507,0.026064,0.002759,0.382317,-0.195816,-0.024922,0.069375,0.174482,0.0,-0.012513,0.0,0.0,0.0,-0.21844,-0.174482,0.0,-0.054695,0.0,0.0,0.0,0.0,0.0,0.0,0.0,0.0,0.0,0.0,0.0,0.0,0.001953,-0.003888,0.0,0.000196,0.0,0.000065,0.0,-0.000065,0.0,-0.000196,-0.0,0.0,0.0,0.018836,
0.0,2.391181,0.876006,-0.000066,0.0,1.570796,-0.0,0.968573,-0.099957,0.0,0.0,0.0,-0.516474,-0.032345,-0.002112,0.923968,0.090789,0.015308,-0.108764,0.026039,0.002551,0.387272,-0.206366,-0.024972,0.082983,0.174482,0.0,-0.012513,0.0,0.0,0.0,-0.232772,-0.174482,0.0,-0.060691,0.0,0.0,0.0,-0.0,0.0,-0.0,0.0,0.0,0.0,0.0,0.0,0.0,0.001953,-0.003906,0.0,0.000196,0.0,0.000065,0.0,-0.000065,0.0,-0.000196,0.0,0.0,0.0,0.019734,
0.0,2.401001,0.874753,-0.000066,0.0,1.570796,0.0,0.982003,-0.125316,0.0,0.0,0.0,-0.529154,-0.032144,-0.002405,0.904515,0.084723,0.015638,-0.099964,0.025966,0.002332,0.39237,-0.217236,-0.024995,0.094937,0.174482,0.0,-0.012513,0.0,0.0,0.0,-0.246245,-0.174482,0.0,-0.066407,0.0,0.0,0.0,0.0,0.0,0.0,0.0,0.0,0.0,0.0,0.0,0.0,0.001953,-0.003906,0.0,0.000196,0.0,0.000065,0.0,-0.000065,0.0,-0.000196,0.0,0.0,0.0,0.019972,
0.0,2.410822,0.8735,-0.000066,0.0,1.570796,0.0,0.982033,-0.125324,0.0,0.0,0.0,-0.541835,-0.031942,-0.002698,0.885061,0.078657,0.015967,-0.091164,0.025893,0.002112,0.397467,-0.228106,-0.025018,0.106891,0.174482,0.0,-0.012513,0.0,0.0,0.0,-0.259719,-0.174482,0.0,-0.072124,0.0,0.0,0.0,-0.0,0.0,-0.0,0.0,-0.0,0.0,0.0,0.0,0.0,0.001953,-0.003906,0.0,0.000196,0.0,0.000065,0.0,-0.000065,0.0,-0.000196,0.0,0.0,0.0,0.02021,
0.0,2.420642,0.872247,-0.000066,0.0,1.570796,0.0,0.982033,-0.125316,0.0,0.0,0.0,-0.554515,-0.031741,-0.002991,0.865609,0.072591,0.016297,-0.082365,0.025819,0.001892,0.402565,-0.238976,-0.025041,0.118845,0.174482,-0.0,-0.012513,0.0,0.0,0.0,-0.273192,-0.174482,0.0,-0.07784,0.0,0.0,0.0,0.0,0.0,-0.0,0.0,0.0,0.0,0.0,0.0,0.0,0.001953,-0.003906,0.0,0.000196,0.0,0.000065,0.0,-0.000065,0.0,-0.000196,0.0,0.0,0.0,0.020448,
0.0,2.430904,0.871291,-0.000066,0.0,1.570796,0.0,1.02619,-0.095589,0.0,0.0,0.0,-0.555261,-0.030917,-0.002515,0.828606,0.060521,0.017286,-0.068791,0.025819,0.001801,0.398907,-0.245473,-0.025064,0.129399,0.174482,0.0,-0.012513,0.0,0.0,0.0,-0.282834,-0.174482,0.0,-0.082588,0.0,0.0,0.0,-0.0,0.0,0.0,0.0,-0.0,0.0,0.0,0.0,-0.0,0.001953,-0.003906,0.0,0.000196,0.0,0.000065,-0.0,-0.000065,0.0,-0.000196,0.0,-0.0,0.0,0.021015,
0.0,2.441166,0.870335,-0.000066,0.0,1.570796,0.0,1.026175,-0.095582,0.0,0.0,0.0,-0.556003,-0.030093,-0.002039,0.791582,0.04845,0.018274,-0.055216,0.025819,0.001709,0.395246,-0.251969,-0.025087,0.139952,0.174482,0.0,-0.012513,0.0,0.0,0.0,-0.292475,-0.174482,0.0,-0.087334,0.0,0.0,0.0,0.0,0.0,0.0,0.0,-0.0,0.0,-0.0,0.0,-0.0,0.001953,-0.003906,0.0,0.000196,0.0,0.000065,0.0,-0.000065,0.0,-0.000196,0.0,0.0,0.0,0.021583,
0.0,2.451428,0.869379,-0.000066,0.0,1.570796,-0.0,1.026175,-0.095574,0.0,0.0,0.0,-0.556746,-0.029269,-0.001563,0.754566,0.036378,0.019263,-0.041641,0.025819,0.001618,0.391585,-0.258465,-0.02511,0.150506,0.174482,-0.0,-0.012513,0.0,-0.0,0.0,-0.302116,-0.174482,0.0,-0.092081,0.0,-0.0,0.0,-0.0,-0.0,-0.0,0.0,0.0,0.0,-0.0,0.0,0.0,0.001953,-0.003906,0.0,0.000196,0.0,0.000065,-0.0,-0.000065,0.0,-0.000196,0.0,0.0,0.0,0.022151,
0.0,2.462146,0.868411,-0.000066,0.0,1.570796,0.0,1.071875,-0.09686,0.0,0.0,0.0,-0.553432,-0.028396,-0.000733,0.711046,0.023492,0.020252,-0.024057,0.025734,0.001587,0.381217,-0.262873,-0.025133,0.159831,0.174482,-0.0,-0.012513,0.0,0.0,0.0,-0.309348,-0.174482,0.0,-0.096231,0.0,0.0,0.0,0.0,0.0,-0.0,0.0,0.0,0.0,0.0,0.0,-0.0,0.001953,-0.003906,0.0,0.000196,0.0,0.000065,0.0,-0.000065,0.0,-0.000196,-0.0,0.0,0.0,0.022926,
0.0,2.473093,0.867436,-0.000066,0.0,1.570796,0.0,1.094702,-0.097492,0.0,0.0,0.0,-0.548087,-0.027498,0.000274,0.664223,0.010198,0.021241,-0.004462,0.025606,0.001587,0.367491,-0.266236,-0.025156,0.168541,0.174482,-0.0,-0.012513,-0.0,0.0,0.0,-0.315373,-0.174482,0.0,-0.100081,0.0,0.0,0.0,0.0,0.0,-0.0,0.0,-0.0,0.0,-0.0,0.0,-0.0,0.001953,-0.003906,0.0,0.000196,0.0,0.000065,0.0,-0.000065,0.0,-0.000196,0.0,-0.0,0.0,0.023805,
0.0,2.484041,0.866461,-0.000066,0.0,1.570796,0.0,1.094718,-0.0975,0.0,0.0,0.0,-0.542742,-0.026601,0.001281,0.617399,-0.003097,0.02223,0.015133,0.025478,0.001587,0.353763,-0.269598,-0.025178,0.177252,0.174482,0.0,-0.012513,0.0,0.0,0.0,-0.321399,-0.174482,0.0,-0.103931,-0.0,0.0,0.0,-0.0,0.0,-0.0,0.0,-0.0,0.0,-0.0,0.0,0.0,0.001953,-0.003906,0.0,0.000196,0.0,0.000065,-0.0,-0.000065,0.0,-0.000196,-0.0,0.0,0.0,0.024684,
0.0,2.495289,0.865506,-0.000066,0.0,1.570796,0.0,1.124823,-0.095461,0.0,0.0,0.0,-0.538103,-0.02585,0.002234,0.576732,-0.017989,0.02303,0.035441,0.025392,0.001654,0.339039,-0.271201,-0.025201,0.185242,0.174482,0.0,-0.012513,0.0,0.0,0.0,-0.326173,-0.174482,0.0,-0.107513,0.0,0.0,0.0,0.0,0.0,-0.0,0.0,-0.0,0.0,-0.0,-0.0,-0.0,0.001953,-0.003906,0.0,0.000196,0.0,0.000065,0.0,-0.000065,0.0,-0.000196,0.0,0.0,0.0,0.025642,
0.0,2.507141,0.864592,-0.000066,0.0,1.570796,0.0,1.185217,-0.091406,0.0,0.0,0.0,-0.534875,-0.025392,0.003076,0.548309,-0.036086,0.023451,0.05719,0.025392,0.001855,0.322312,-0.269279,-0.025224,0.191792,0.174482,-0.0,-0.012513,0.0,0.0,0.0,-0.328437,-0.174482,0.0,-0.110557,0.0,0.0,0.0,-0.0,0.0,0.0,0.0,0.0,0.0,0.0,0.0,0.0,0.001953,-0.003906,0.0,0.000196,0.0,0.000065,0.0,-0.000065,0.0,-0.000196,0.0,0.0,0.0,0.026759,
0.0,2.518993,0.863678,-0.000066,0.0,1.570796,0.0,1.185156,-0.09139,0.0,0.0,0.0,-0.531648,-0.024934,0.003918,0.519884,-0.054183,0.023872,0.07894,0.025392,0.002057,0.305584,-0.267357,-0.025247,0.198342,0.174482,0.0,-0.012513,0.0,0.0,0.0,-0.330702,-0.174482,0.0,-0.113602,0.0,0.0,0.0,0.0,0.0,0.0,0.0,0.0,0.0,0.0,0.0,0.0,0.001953,-0.003906,0.0,0.000196,0.0,0.000065,0.0,-0.000065,0.0,-0.000196,0.0,0.0,0.0,0.027876,
0.0,2.530844,0.862764,-0.000066,0.0,1.570796,0.0,1.185187,-0.091406,0.0,0.0,0.0,-0.528421,-0.024477,0.004761,0.491465,-0.072279,0.024293,0.100686,0.025392,0.002258,0.288858,-0.265436,-0.02527,0.204891,0.174482,0.0,-0.012513,0.0,0.0,0.0,-0.332966,-0.174482,0.0,-0.116646,-0.0,0.0,0.0,0.0,0.0,-0.0,0.0,-0.0,0.0,-0.0,0.0,-0.0,0.001953,-0.003906,0.0,0.000196,0.0,0.000065,-0.0,-0.000065,0.0,-0.000196,0.0,0.0,0.0,0.028993,
0.0,2.54252,0.862047,-0.000066,0.0,1.570796,0.0,1.167516,-0.07173,0.0,0.0,0.0,-0.527529,-0.024293,0.005292,0.485256,-0.088798,0.024403,0.11722,0.025392,0.002533,0.280741,-0.259714,-0.02527,0.20712,0.174482,0.0,-0.012513,-0.0,0.0,0.0,-0.330851,-0.174482,-0.0,-0.118022,0.0,0.0,0.0,0.0,0.0,-0.0,0.0,-0.0,0.0,-0.0,0.0,0.0,0.001953,-0.003906,0.0,0.000196,0.0,0.000065,0.0,-0.000065,0.0,-0.000196,0.0,0.0,0.0,0.029561,
0.0,2.554195,0.86133,-0.000066,0.0,1.570796,-0.0,1.167516,-0.071723,0.0,0.0,0.0,-0.526638,-0.02411,0.005823,0.479053,-0.105318,0.024513,0.133753,0.025392,0.002808,0.272625,-0.25399,-0.02527,0.209348,0.174482,-0.0,-0.012513,0.0,0.0,0.0,-0.328735,-0.174482,0.0,-0.119398,-0.0,-0.0,-0.0,0.0,0.0,0.0,0.0,-0.0,0.0,-0.0,0.0,-0.0,0.001953,-0.003906,0.0,0.000196,0.0,0.000065,-0.0,-0.000065,-0.0,-0.000196,0.0,0.0,0.0,0.030129,
0.0,2.56587,0.860612,-0.000066,0.0,1.570796,0.0,1.167531,-0.07173,0.0,0.0,0.0,-0.525746,-0.023927,0.006354,0.47285,-0.121837,0.024623,0.150287,0.025392,0.003082,0.26451,-0.248267,-0.02527,0.211576,0.174482,0.0,-0.012513,0.0,0.0,0.0,-0.326619,-0.174482,0.0,-0.120774,0.0,0.0,0.0,0.0,0.0,-0.0,0.0,-0.0,0.0,-0.0,0.0,-0.0,0.001953,-0.003906,0.0,0.000196,0.0,0.000065,0.0,-0.000065,0.0,-0.000196,0.0,0.0,0.0,0.030697,
0.0,2.577991,0.860045,-0.000066,0.0,1.570796,0.0,1.212101,-0.056721,0.0,0.0,0.0,-0.521058,-0.023866,0.006482,0.467108,-0.126113,0.02466,0.167455,0.025392,0.003528,0.254722,-0.237247,-0.02527,0.212626,0.174482,-0.0,-0.012513,-0.0,0.0,0.0,-0.321997,-0.174482,-0.0,-0.121013,0.0,0.0,0.0,0.0,0.0,0.0,0.0,0.0,0.0,0.0,0.0,0.0,0.001953,-0.00397,0.0,0.000196,0.0,0.000065,0.0,-0.000065,0.0,-0.000196,-0.0,0.0,0.0,0.031643,
0.0,2.590335,0.859553,-0.000066,0.0,1.570796,0.0,1.234439,-0.049212,0.0,0.0,0.0,-0.514469,-0.023866,0.006409,0.461597,-0.12426,0.02466,0.184945,0.025392,0.004059,0.244095,-0.223574,-0.02527,0.213086,0.174482,0.0,-0.012513,0.0,0.0,0.0,-0.316119,-0.174482,0.0,-0.120682,0.0,0.0,0.0,0.0,0.0,0.0,0.0,0.0,0.0,0.0,0.0,0.0,0.001953,-0.004067,-0.0,0.000196,0.0,0.000065,0.0,-0.000065,-0.0,-0.000196,0.0,0.0,0.0,0.032778,
0.0,2.60268,0.859061,-0.000066,0.0,1.570796,0.0,1.234439,-0.049212,0.0,0.0,0.0,-0.50788,-0.023866,0.006336,0.456085,-0.122407,0.02466,0.202435,0.025392,0.00459,0.233468,-0.209901,-0.02527,0.213547,0.174482,-0.0,-0.012513,0.0,0.0,0.0,-0.310241,-0.174482,0.0,-0.120352,0.0,0.0,0.0,-0.0,0.0,-0.0,0.0,0.0,0.0,-0.0,-0.0,-0.0,0.001953,-0.004163,-0.0,0.000196,0.0,0.000065,0.0,-0.000065,0.0,-0.000196,0.0,0.0,0.0,0.033913,
0.0,2.61536,0.858657,-0.000066,0.0,1.570796,0.0,1.267947,-0.040375,0.0,0.0,0.0,-0.499315,-0.023866,0.006195,0.449629,-0.118686,0.02466,0.220403,0.025392,0.005279,0.221729,-0.191939,-0.025227,0.213633,0.174482,-0.0,-0.012513,0.0,0.0,0.0,-0.303325,-0.174482,0.0,-0.11935,-0.0,0.0,0.0,0.0,0.0,-0.0,0.0,0.0,0.0,0.0,0.0,0.0,0.001953,-0.004259,0.0,0.000196,0.0,0.000065,0.0,-0.000065,0.0,-0.000196,0.0,0.0,0.0,0.035323,
0.0,2.628709,0.85843,-0.000066,0.0,1.570796,0.0,1.334962,-0.022693,0.0,0.0,0.0,-0.486794,-0.023866,0.005921,0.441281,-0.111222,0.02466,0.239334,0.025392,0.006287,0.207758,-0.165377,-0.025099,0.21297,0.174482,0.0,-0.012513,0.0,0.0,0.0,-0.29433,-0.174482,0.0,-0.117002,0.0,0.0,0.0,0.0,0.0,0.0,0.0,-0.0,0.0,-0.0,0.0,0.0,0.001953,-0.004355,0.0,0.000196,0.0,0.000065,-0.0,-0.000065,0.0,-0.000196,0.0,0.0,0.0,0.037283,
0.0,2.642059,0.858203,-0.000066,0.0,1.570796,0.0,1.334993,-0.022693,0.0,0.0,0.0,-0.474272,-0.023866,0.005646,0.432932,-0.103758,0.02466,0.258266,0.025392,0.007294,0.193787,-0.138812,-0.024971,0.212307,0.174482,-0.0,-0.012513,0.0,0.0,0.0,-0.285336,-0.174482,0.0,-0.114655,0.0,0.0,0.0,0.0,0.0,0.0,0.0,0.0,0.0,-0.0,0.0,0.0,0.001953,-0.004451,0.0,0.000196,0.0,0.000065,0.0,-0.000065,0.0,-0.000196,0.0,0.0,0.0,0.039243,
0.0,2.655409,0.857976,-0.000066,0.0,1.570796,0.0,1.334962,-0.022693,0.0,0.0,0.0,-0.461751,-0.023866,0.005371,0.424584,-0.096295,0.02466,0.277195,0.025392,0.008301,0.179817,-0.112253,-0.024843,0.211644,0.174482,0.0,-0.012513,0.0,0.0,0.0,-0.276341,-0.174482,0.0,-0.112307,-0.0,0.0,0.0,-0.0,0.0,0.0,0.0,-0.0,0.0,-0.0,0.0,-0.0,0.001953,-0.004547,0.0,0.000196,0.0,0.000065,0.0,-0.000065,0.0,-0.000196,0.0,0.0,0.0,0.041202,
0.0,2.66718,0.858198,-0.000066,0.0,1.570796,0.0,1.177092,0.022127,0.0,0.0,0.0,-0.45298,-0.024067,0.00484,0.423739,-0.08206,0.024541,0.265683,0.025868,0.008905,0.219543,-0.098465,-0.024477,0.203973,0.174482,0.0,-0.012513,-0.0,0.0,0.0,-0.268804,-0.174482,0.0,-0.107925,-0.0,0.0,0.0,0.0,0.0,0.0,0.0,-0.0,0.0,0.0,0.0,0.0,0.001953,-0.004643,0.0,0.000196,0.0,0.000065,0.0,-0.000065,-0.0,-0.000196,0.0,0.0,0.0,0.040544,
0.0,2.67895,0.858419,-0.000066,0.0,1.570796,0.0,1.177,0.022135,0.0,0.0,0.0,-0.44421,-0.024269,0.004309,0.422896,-0.067822,0.024422,0.254161,0.026344,0.009509,0.259304,-0.084681,-0.02411,0.196299,0.174482,0.0,-0.012513,0.0,0.0,0.0,-0.261268,-0.174482,0.0,-0.103543,0.0,0.0,0.0,0.0,0.0,0.0,0.0,-0.0,0.0,0.0,0.0,0.0,0.001953,-0.004739,0.0,0.000196,0.0,0.000065,0.0,-0.000065,-0.0,-0.000196,0.0,0.0,0.0,0.039884,
0.0,2.690721,0.85864,-0.000066,0.0,1.570796,0.0,1.177092,0.022135,0.0,0.0,0.0,-0.43544,-0.02447,0.003778,0.422053,-0.053584,0.024303,0.242638,0.02682,0.010114,0.299058,-0.070897,-0.023744,0.188625,0.174482,-0.0,-0.012513,0.0,0.0,0.0,-0.253731,-0.174482,0.0,-0.09916,0.0,0.0,0.0,-0.0,0.0,0.0,0.0,0.0,0.0,0.0,-0.0,0.0,0.001953,-0.004836,0.0,0.000196,0.0,0.000065,0.0,-0.000065,0.0,-0.000196,0.0,0.0,0.0,0.039225,
0.0,2.701956,0.859083,-0.000066,0.0,1.570796,0.0,1.123532,0.04431,0.0,0.0,0.0,-0.428746,-0.024611,0.003418,0.427321,-0.046345,0.024183,0.211613,0.028029,0.01123,0.368364,-0.056096,-0.022658,0.178351,0.174482,0.0,-0.012513,0.0,0.0,0.0,-0.24694,-0.174482,0.0,-0.094193,-0.0,0.0,0.0,-0.0,0.0,0.0,0.0,-0.0,0.0,-0.0,0.0,-0.0,0.001953,-0.004932,0.0,0.000196,0.0,0.000065,-0.0,-0.000065,0.0,-0.000196,0.0,0.0,0.0,0.038505,
0.0,2.712924,0.859637,-0.000066,0.0,1.570796,0.0,1.096828,0.055401,0.0,0.0,0.0,-0.42309,-0.024721,0.003143,0.435648,-0.042608,0.024064,0.170795,0.029604,0.012604,0.452704,-0.040784,-0.021211,0.166775,0.174482,-0.0,-0.012513,-0.0,0.0,0.0,-0.240521,-0.174482,-0.0,-0.088932,-0.0,0.0,0.0,0.0,0.0,0.0,0.0,0.0,0.0,-0.0,0.0,0.0,0.001953,-0.005028,-0.0,0.000196,0.0,0.000065,0.0,-0.000065,0.0,-0.000196,0.0,0.0,0.0,0.037754,
0.0,2.723891,0.860191,-0.000066,0.0,1.570796,0.0,1.096767,0.055401,0.0,0.0,0.0,-0.417434,-0.02483,0.002869,0.443975,-0.038872,0.023945,0.129978,0.031178,0.013977,0.537042,-0.025472,-0.019765,0.155198,0.174482,-0.0,-0.012513,0.0,0.0,0.0,-0.234103,-0.174482,0.0,-0.083672,0.0,0.0,0.0,0.0,0.0,0.0,0.0,0.0,0.0,0.0,0.0,0.0,0.001953,-0.005124,0.0,0.000196,0.0,0.000065,0.0,-0.000065,0.0,-0.000196,-0.0,0.0,0.0,0.037003,
0.0,2.734744,0.86084,-0.000066,0.0,1.570796,0.0,1.085201,0.064845,0.0,0.0,0.0,-0.410855,-0.024904,0.002686,0.451207,-0.038064,0.023866,0.088936,0.033083,0.015595,0.615962,-0.003984,-0.017647,0.142742,0.174482,0.0,-0.012513,0.0,0.0,0.0,-0.227938,-0.174482,0.0,-0.078357,-0.0,-0.0,-0.0,0.0,0.0,-0.0,0.0,0.0,0.0,-0.0,0.0,-0.0,0.001953,-0.005213,-0.0,0.000196,0.0,0.000065,0.0,-0.000065,0.0,-0.000196,0.0,0.0,0.0,0.0366,
0.0,2.745363,0.861677,-0.000066,0.0,1.570796,0.0,1.061884,0.083757,0.0,0.0,0.0,-0.402429,-0.024904,0.002686,0.456246,-0.043119,0.023866,0.047372,0.035647,0.0177,0.684583,0.029886,-0.014186,0.128523,0.174482,0.0,-0.012513,0.0,0.0,0.0,-0.222282,-0.174482,-0.0,-0.072933,0.0,0.0,0.0,0.0,0.0,-0.0,0.0,0.0,0.0,0.0,0.0,-0.0,0.001953,-0.005286,0.0,0.000196,0.0,0.000065,0.0,-0.000065,0.0,-0.000196,0.0,0.0,0.0,0.036893,
0.0,2.755981,0.862515,-0.000066,0.0,1.570796,0.0,1.061884,0.083757,0.0,0.0,0.0,-0.394003,-0.024904,0.002686,0.461285,-0.048174,0.023866,0.005796,0.038211,0.019806,0.753258,0.063762,-0.010725,0.114304,0.174482,0.0,-0.012513,0.0,0.0,0.0,-0.216626,-0.174482,0.0,-0.06751,0.0,-0.0,-0.0,-0.0,0.0,0.0,0.0,-0.0,0.0,-0.0,0.0,-0.0,0.001953,-0.005359,0.0,0.000196,0.0,0.000065,0.0,-0.000065,0.0,-0.000196,0.0,0.0,0.0,0.037186,
0.0,2.7666,0.863353,-0.000066,0.0,1.570796,0.0,1.061853,0.083757,0.0,0.0,0.0,-0.385577,-0.024904,0.002686,0.466323,-0.053229,0.023866,-0.035756,0.040775,0.021912,0.821826,0.097626,-0.007265,0.100086,0.174482,0.0,-0.012513,0.0,0.0,0.0,-0.210971,-0.174482,0.0,-0.062086,0.0,0.0,0.0,-0.0,0.0,-0.0,0.0,-0.0,0.0,-0.0,0.0,-0.0,0.001953,-0.005432,0.0,0.000196,0.0,0.000065,0.0,-0.000065,0.0,-0.000196,0.0,-0.0,0.0,0.037479,
0.0,2.777099,0.864417,-0.000066,0.0,1.570796,0.0,1.049919,0.106461,0.0,0.0,0.0,-0.373251,-0.024821,0.003033,0.465027,-0.066347,0.024012,-0.074497,0.042771,0.022682,0.867837,0.136757,-0.003346,0.084712,0.174482,0.0,-0.012513,0.0,0.0,0.0,-0.203702,-0.174482,0.0,-0.054174,0.0,0.0,0.0,0.0,0.0,-0.0,0.0,-0.0,0.0,-0.0,0.0,-0.0,0.001953,-0.005432,0.0,0.000196,0.0,0.000065,0.0,-0.000065,0.0,-0.000196,0.0,0.0,0.0,0.037699,
0.0,2.787598,0.865482,-0.000066,0.0,1.570796,0.0,1.049858,0.106454,0.0,0.0,0.0,-0.360924,-0.024739,0.003381,0.463729,-0.079467,0.024159,-0.113256,0.044768,0.023451,0.91387,0.175908,0.000573,0.069338,0.174482,0.0,-0.012513,0.0,0.0,0.0,-0.196433,-0.174482,0.0,-0.046261,0.0,0.0,0.0,-0.0,0.0,-0.0,0.0,-0.0,0.0,-0.0,0.0,-0.0,0.001953,-0.005432,0.0,0.000196,-0.0,0.000065,0.0,-0.000065,0.0,-0.000196,0.0,0.0,0.0,0.037918,
0.0,2.798096,0.866546,-0.000066,0.0,1.570796,0.0,1.049828,0.106461,0.0,0.0,0.0,-0.348597,-0.024657,0.003729,0.462431,-0.092587,0.024305,-0.152004,0.046764,0.02422,0.959888,0.215049,0.004491,0.053964,0.174482,0.0,-0.012513,-0.0,0.0,0.0,-0.189165,-0.174482,0.0,-0.038349,0.0,0.0,0.0,0.0,0.0,0.0,0.0,0.0,0.0,0.0,0.0,-0.0,0.001953,-0.005432,0.0,0.000196,0.0,0.000065,0.0,-0.000065,0.0,-0.000196,0.0,0.0,0.0,0.038138,
0.0,2.808322,0.867578,-0.000066,0.0,1.570796,0.0,1.022606,0.103179,0.0,0.0,0.0,-0.335165,-0.024574,0.00398,0.458066,-0.103075,0.024354,-0.18328,0.048114,0.024647,0.989172,0.227856,0.006482,0.037767,0.174482,0.0,-0.010768,0.0,0.0,0.0,-0.180628,-0.174482,0.0,-0.030998,0.0,0.0,0.0,0.0,0.0,-0.0,0.0,0.0,0.0,0.0,0.0,-0.0,0.001953,-0.005371,0.0,0.000196,0.0,0.000065,0.0,-0.000065,0.0,-0.000196,0.0,-0.0,0.0,0.03765,
0.0,2.818411,0.868593,-0.000066,0.0,1.570796,0.0,1.008935,0.101523,0.0,0.0,0.0,-0.321178,-0.024492,0.004181,0.452166,-0.112245,0.024354,-0.210831,0.049139,0.024904,1.010097,0.227487,0.007507,0.021157,0.174482,0.0,-0.008149,0.0,0.0,0.0,-0.171457,-0.174482,0.0,-0.02393,0.0,0.0,0.0,0.0,0.0,-0.0,0.0,-0.0,0.0,0.0,0.0,-0.0,0.001953,-0.00528,0.0,0.000196,0.0,0.000065,-0.0,-0.000065,0.0,-0.000196,0.0,-0.0,0.0,0.036808,
0.0,2.828501,0.869609,-0.000066,0.0,1.570796,0.0,1.008965,0.10153,0.0,0.0,0.0,-0.30719,-0.024409,0.004382,0.446266,-0.121416,0.024354,-0.238384,0.050165,0.02516,1.031024,0.227118,0.008533,0.004546,0.174482,0.0,-0.005531,-0.0,0.0,0.0,-0.162286,-0.174482,0.0,-0.016861,0.0,0.0,0.0,0.0,0.0,0.0,0.0,0.0,0.0,0.0,0.0,-0.0,0.001953,-0.005188,0.0,0.000196,0.0,0.000065,-0.0,-0.000065,0.0,-0.000196,0.0,0.0,0.0,0.035965,
0.0,2.838462,0.870727,-0.000066,0.0,1.570796,0.0,0.996086,0.111814,0.0,0.0,0.0,-0.291507,-0.02433,0.004547,0.436879,-0.129066,0.024354,-0.264776,0.05091,0.02527,1.047393,0.223966,0.009113,-0.011709,0.174482,0.0,-0.006528,-0.0,0.0,0.0,-0.152288,-0.174482,0.0,-0.012146,0.0,-0.0,-0.0,0.0,0.0,0.0,0.0,0.0,0.0,-0.0,0.0,-0.0,0.001953,-0.005127,0.0,0.000196,0.0,0.000065,0.0,-0.000065,0.0,-0.000196,0.0,-0.0,0.0,0.034586,
0.0,2.848166,0.872051,-0.000066,0.0,1.570796,0.0,0.970358,0.132411,0.0,0.0,0.0,-0.272422,-0.024257,0.004639,0.420505,-0.133672,0.024354,-0.288865,0.051093,0.025087,1.054645,0.215237,0.008802,-0.027257,0.174482,0.0,-0.014769,-0.0,0.0,0.0,-0.140633,-0.174482,0.0,-0.012146,0.0,0.0,-0.0,0.0,0.0,-0.0,0.0,0.0,0.0,0.0,0.0,0.0,0.001953,-0.005127,0.0,0.000196,0.0,0.000065,0.0,-0.000065,0.0,-0.000196,0.0,-0.0,0.0,0.032132,
0.0,2.857869,0.873375,-0.000066,0.0,1.570796,0.0,0.970389,0.132419,0.0,0.0,0.0,-0.253336,-0.024183,0.00473,0.40413,-0.138279,0.024354,-0.312957,0.051277,0.024904,1.061897,0.206509,0.00849,-0.042806,0.174482,0.0,-0.023009,0.0,0.0,0.0,-0.128978,-0.174482,0.0,-0.012146,0.0,0.0,0.0,0.0,0.0,0.0,0.0,0.0,0.0,-0.0,0.0,-0.0,0.001953,-0.005127,0.0,0.000196,0.0,0.000065,-0.0,-0.000065,0.0,-0.000196,0.0,-0.0,0.0,0.029678,
0.0,2.867573,0.874699,-0.000066,0.0,1.570796,0.0,0.97042,0.132419,0.0,0.0,0.0,-0.234252,-0.02411,0.004822,0.387756,-0.142886,0.024354,-0.337045,0.05146,0.024721,1.069149,0.19778,0.008179,-0.058355,0.174482,-0.0,-0.03125,0.0,0.0,0.0,-0.117323,-0.174482,0.0,-0.012146,0.0,0.0,0.0,0.0,0.0,0.0,-0.0,0.0,0.0,0.0,0.0,0.0,0.001953,-0.005127,0.0,0.000196,0.0,0.000065,0.0,-0.000065,0.0,-0.000196,0.0,-0.0,0.0,0.027224,
0.0,2.877109,0.875444,-0.000066,0.0,1.570796,0.0,0.953578,0.074518,0.0,0.0,0.0,-0.220771,-0.02411,0.004822,0.382458,-0.146797,0.024354,-0.362365,0.051167,0.024135,1.072091,0.189174,0.007392,-0.075106,0.174482,0.0,-0.041341,-0.0,0.0,0.0,-0.104656,-0.174482,0.0,-0.012146,0.0,0.0,0.0,0.0,0.0,-0.0,0.0,-0.0,0.0,0.0,0.0,-0.0,0.001953,-0.004999,0.0,0.000196,0.0,0.000065,0.0,-0.000065,0.0,-0.000196,0.0,0.0,0.0,0.023672,
0.0,2.886645,0.87619,-0.000066,0.0,1.570796,0.0,0.953578,0.074511,0.0,0.0,0.0,-0.207291,-0.02411,0.004822,0.377163,-0.150708,0.024354,-0.38769,0.050874,0.023549,1.075032,0.180568,0.006604,-0.091859,0.174482,0.0,-0.051434,0.0,0.0,0.0,-0.091988,-0.174482,-0.0,-0.012146,0.0,0.0,0.0,0.0,0.0,0.0,0.0,0.0,0.0,0.0,0.0,-0.0,0.001953,-0.004871,0.0,0.000196,0.0,0.000065,0.0,-0.000065,0.0,-0.000196,0.0,0.0,0.0,0.020119,
0.0,2.896181,0.876935,-0.000066,0.0,1.570796,0.0,0.953608,0.074503,0.0,0.0,0.0,-0.193812,-0.02411,0.004822,0.371868,-0.154619,0.024354,-0.413013,0.050581,0.022963,1.077973,0.171962,0.005817,-0.108612,0.174482,0.0,-0.061526,-0.0,0.0,0.0,-0.07932,-0.174482,-0.0,-0.012146,0.0,0.0,0.0,0.0,0.0,0.0,0.0,0.0,0.0,-0.0,0.0,0.0,0.001953,-0.004743,0.0,0.000196,0.0,0.000065,0.0,-0.000065,0.0,-0.000196,0.0,-0.0,0.0,0.016567,
0.0,2.905697,0.877296,-0.000066,0.0,1.570796,0.0,0.951566,0.03615,0.0,0.0,0.0,-0.180658,-0.02411,0.004895,0.367396,-0.159879,0.024354,-0.434885,0.049604,0.021773,1.074504,0.163461,0.004371,-0.125357,0.174482,0.0,-0.072233,0.0,0.0,0.0,-0.066976,-0.174482,0.0,-0.012146,0.0,0.0,0.0,0.0,0.0,0.0,-0.0,-0.0,0.0,0.0,-0.0,-0.0,0.001953,-0.004651,0.0,0.000196,-0.0,0.000065,0.0,-0.000065,0.0,-0.000196,0.0,0.0,0.0,0.012917,
0.0,2.915203,0.877465,-0.000066,0.0,1.570796,0.0,0.950591,0.016939,0.0,0.0,0.0,-0.167665,-0.02411,0.005005,0.363338,-0.165814,0.024354,-0.455037,0.048285,0.02028,1.067824,0.155012,0.002595,-0.1421,0.174482,-0.0,-0.083248,-0.0,0.0,0.0,-0.054794,-0.174482,0.0,-0.012146,0.0,0.0,0.0,0.0,0.0,-0.0,0.0,-0.0,0.0,0.0,0.0,0.0,0.001953,-0.004578,0.0,0.000196,0.0,0.000065,0.0,-0.000065,0.0,-0.000196,0.0,0.0,0.0,0.009218,
0.0,2.924708,0.877635,-0.000066,0.0,1.570796,0.0,0.95056,0.016939,0.0,0.0,0.0,-0.154673,-0.02411,0.005115,0.359279,-0.171749,0.024354,-0.475187,0.046967,0.018788,1.061145,0.146564,0.000818,-0.158843,0.174482,-0.0,-0.094263,-0.0,0.0,0.0,-0.042612,-0.174482,0.0,-0.012146,-0.0,0.0,0.0,0.0,0.0,0.0,0.0,0.0,0.0,0.0,0.0,0.0,0.001953,-0.004505,0.0,0.000196,0.0,0.000065,0.0,-0.000065,0.0,-0.000196,0.0,-0.0,0.0,0.005519,
0.0,2.934277,0.877611,-0.000066,0.0,1.570796,0.0,0.956848,-0.002431,0.0,0.0,0.0,-0.142019,-0.024086,0.005225,0.356095,-0.178231,0.024354,-0.493802,0.045587,0.017296,1.051985,0.13796,-0.000958,-0.175414,0.174482,0.0,-0.10525,0.0,0.0,0.0,-0.030536,-0.174482,0.0,-0.012146,-0.0,0.0,0.0,-0.0,0.0,0.0,0.0,-0.0,0.0,-0.0,0.0,0.0,0.001953,-0.004431,0.0,0.000196,0.0,0.000065,0.0,-0.000065,0.0,-0.000196,0.0,-0.0,0.0,0.001985,
0.0,2.943972,0.877198,-0.000066,0.0,1.570796,0.0,0.969516,-0.041226,0.0,0.0,0.0,-0.130038,-0.024013,0.005335,0.354663,-0.185808,0.024354,-0.509347,0.044085,0.015803,1.037854,0.129043,-0.002734,-0.191643,0.174482,-0.0,-0.116183,0.0,0.0,0.0,-0.01867,-0.174482,0.0,-0.012146,-0.0,0.0,0.0,0.0,0.0,-0.0,0.0,0.0,0.0,-0.0,0.0,-0.0,0.001953,-0.004358,0.0,0.000196,0.0,0.000065,0.0,-0.000065,0.0,-0.000196,0.0,0.0,0.0,-0.00122,
0.0,2.953668,0.876786,-0.000066,0.0,1.570796,0.0,0.969546,-0.041226,0.0,0.0,0.0,-0.118056,-0.023939,0.005444,0.35323,-0.193387,0.024354,-0.524894,0.042583,0.014311,1.023722,0.120125,-0.00451,-0.207874,0.174482,0.0,-0.127117,0.0,0.0,0.0,-0.006804,-0.174482,0.0,-0.012146,0.0,0.0,0.0,0.0,0.0,0.0,0.0,0.0,0.0,0.0,0.0,0.0,0.001953,-0.004285,0.0,0.000196,0.0,0.000065,0.0,-0.000065,0.0,-0.000196,0.0,0.0,0.0,-0.004424,
0.0,2.963362,0.876374,-0.000066,0.0,1.570796,0.0,0.969485,-0.041226,0.0,0.0,0.0,-0.106075,-0.023866,0.005554,0.351798,-0.200964,0.024354,-0.540439,0.041081,0.012818,1.009592,0.111209,-0.006286,-0.224103,0.174482,-0.0,-0.13805,0.0,0.0,0.0,0.005062,-0.174482,0.0,-0.012146,0.0,0.0,0.0,0.0,0.0,0.0,-0.0,-0.0,0.0,0.0,0.0,0.0,0.001953,-0.004212,0.0,0.000196,0.0,0.000065,0.0,-0.000065,0.0,-0.000196,0.0,0.0,0.0,-0.007629,
0.0,2.973216,0.875552,-0.000066,0.0,1.570796,0.0,0.985387,-0.082195,0.0,0.0,0.0,-0.094784,-0.023866,0.005701,0.352076,-0.208976,0.024354,-0.551318,0.039817,0.011738,0.987862,0.101841,-0.007843,-0.238922,0.174482,0.0,-0.147931,0.0,0.0,0.0,0.015831,-0.174482,0.0,-0.012146,0.0,0.0,0.0,0.0,0.0,0.0,0.0,-0.0,0.0,0.0,0.0,0.0,0.001953,-0.004212,0.0,0.000196,0.0,0.000065,0.0,-0.000065,0.0,-0.000196,0.0,0.0,0.0,-0.009222,
0.0,2.98307,0.87473,-0.000066,0.0,1.570796,0.0,0.985357,-0.082202,0.0,0.0,0.0,-0.083493,-0.023866,0.005847,0.352355,-0.216987,0.024354,-0.562195,0.038554,0.010657,0.966128,0.092473,-0.009399,-0.253741,0.174482,-0.0,-0.157812,0.0,0.0,0.0,0.026598,-0.174482,0.0,-0.012146,0.0,0.0,0.0,-0.0,0.0,0.0,0.0,-0.0,0.0,-0.0,0.0,0.0,0.001953,-0.004212,0.0,0.000196,0.0,0.000065,0.0,-0.000065,0.0,-0.000196,0.0,0.0,0.0,-0.010815,
0.0,2.992923,0.873908,-0.000066,0.0,1.570796,0.0,0.985387,-0.08221,0.0,0.0,0.0,-0.072202,-0.023866,0.005994,0.352634,-0.224999,0.024354,-0.573073,0.03729,0.009577,0.944394,0.083105,-0.010956,-0.268561,0.174482,-0.0,-0.167694,0.0,0.0,0.0,0.037367,-0.174482,0.0,-0.012146,0.0,0.0,0.0,0.0,0.0,-0.0,0.0,0.0,0.0,0.0,0.0,-0.0,0.001953,-0.004212,0.0,0.000196,0.0,0.000065,0.0,-0.000065,0.0,-0.000196,0.0,0.0,0.0,-0.012408,
0.0,3.002775,0.872829,-0.000066,0.0,1.570796,0.0,0.985175,-0.107891,0.0,0.0,0.0,-0.062723,-0.023866,0.00614,0.356213,-0.233695,0.024354,-0.579109,0.036161,0.008826,0.915497,0.074852,-0.01228,-0.28235,0.174482,0.0,-0.176922,0.0,0.0,0.0,0.047063,-0.174482,0.0,-0.012146,0.0,0.0,0.0,-0.0,0.0,-0.0,0.0,-0.0,0.0,0.0,-0.0,-0.0,0.001953,-0.004212,0.0,0.000196,0.0,0.000065,0.0,-0.000065,0.0,-0.000196,0.0,-0.0,0.0,-0.013501,
0.0,3.012626,0.871621,-0.000066,0.0,1.570796,0.0,0.985085,-0.120754,0.0,0.0,0.0,-0.05415,-0.023866,0.006287,0.361444,-0.242734,0.024354,-0.582723,0.035098,0.00824,0.883001,0.067156,-0.013489,-0.295625,0.174482,0.0,-0.185823,0.0,0.0,0.0,0.056222,-0.174482,0.0,-0.012146,0.0,0.0,0.0,0.0,0.0,-0.0,0.0,-0.0,0.0,-0.0,0.0,-0.0,0.001953,-0.004212,0.0,0.000196,0.0,0.000065,0.0,-0.000065,0.0,-0.000196,0.0,-0.0,0.0,-0.014344,
0.0,3.022477,0.870414,-0.000066,0.0,1.570796,0.0,0.985054,-0.120754,0.0,0.0,0.0,-0.045577,-0.023866,0.006433,0.366675,-0.251773,0.024354,-0.586336,0.034036,0.007654,0.850507,0.059461,-0.014698,-0.308899,0.174482,0.0,-0.194724,-0.0,0.0,0.0,0.065382,-0.174482,0.0,-0.012146,0.0,0.0,0.0,0.0,0.0,0.0,0.0,0.0,0.0,0.0,0.0,0.0,0.001953,-0.004212,0.0,0.000196,0.0,0.000065,0.0,-0.000065,0.0,-0.000196,0.0,0.0,0.0,-0.015186,
0.0,3.032367,0.869291,-0.000066,0.0,1.570796,0.0,0.989082,-0.112315,0.0,0.0,0.0,-0.035468,-0.023842,0.006531,0.36896,-0.259642,0.024327,-0.587847,0.033029,0.007154,0.814447,0.052322,-0.015827,-0.321569,0.174482,-0.0,-0.203353,0.0,0.0,0.0,0.073987,-0.174482,0.0,-0.012146,0.0,0.0,0.0,0.0,0.0,-0.0,0.0,-0.0,0.0,-0.0,0.0,-0.0,0.001953,-0.004212,0.0,0.000196,0.0,0.000065,0.0,-0.000065,0.0,-0.000196,0.0,0.0,0.0,-0.015906,
0.0,3.042339,0.868336,-0.000066,0.0,1.570796,0.0,0.997076,-0.095431,0.0,0.0,0.0,-0.022282,-0.023768,0.006531,0.365347,-0.265166,0.024245,-0.585151,0.032131,0.006824,0.771201,0.046296,-0.016797,-0.33303,0.174482,0.0,-0.211439,0.0,0.0,0.0,0.081483,-0.174482,0.0,-0.012146,0.0,0.0,0.0,0.0,0.0,0.0,0.0,-0.0,0.0,-0.0,0.0,-0.0,0.001953,-0.004212,0.0,0.000196,0.0,0.000065,0.0,-0.000065,0.0,-0.000196,0.0,-0.0,0.0,-0.016382,
0.0,3.052309,0.867382,-0.000066,0.0,1.570796,0.0,0.997076,-0.095423,0.0,0.0,0.0,-0.009096,-0.023695,0.006531,0.361735,-0.27069,0.024162,-0.582455,0.031234,0.006494,0.727941,0.04027,-0.017768,-0.344491,0.174482,-0.0,-0.219524,-0.0,0.0,0.0,0.088979,-0.174482,0.0,-0.012146,-0.0,0.0,0.0,0.0,0.0,0.0,0.0,-0.0,0.0,-0.0,0.0,0.0,0.001953,-0.004212,0.0,0.000196,0.0,0.000065,0.0,-0.000065,0.0,-0.000196,0.0,0.0,0.0,-0.016859,
0.0,3.06228,0.866428,-0.000066,0.0,1.570796,0.0,0.997046,-0.095423,0.0,0.0,0.0,0.004088,-0.023622,0.006531,0.358123,-0.276215,0.02408,-0.579759,0.030337,0.006165,0.68471,0.034244,-0.018739,-0.35595,0.174482,0.0,-0.227609,0.0,0.0,0.0,0.096475,-0.174482,-0.0,-0.012146,0.0,0.0,0.0,-0.0,0.0,-0.0,-0.0,-0.0,0.0,-0.0,0.0,0.0,0.001953,-0.004212,0.0,0.000196,0.0,0.000065,0.0,-0.000065,0.0,-0.000196,0.0,-0.0,0.0,-0.017335,
0.0,3.073028,0.865405,-0.000066,0.0,1.570796,0.0,1.074866,-0.102308,0.0,0.0,0.0,0.022457,-0.023622,0.006531,0.346272,-0.279525,0.023997,-0.573082,0.029586,0.005817,0.63706,0.023642,-0.019581,-0.363495,0.174482,-0.0,-0.233123,0.0,-0.0,0.0,0.104471,-0.174482,0.0,-0.012146,-0.0,0.0,0.0,-0.0,-0.0,-0.0,-0.0,-0.0,0.0,-0.0,0.0,-0.0,0.001953,-0.004285,0.0,0.000196,0.0,0.000065,0.0,-0.000065,0.0,-0.000196,0.0,0.0,0.0,-0.018085,
0.0,3.083777,0.864382,-0.000066,0.0,1.570796,0.0,1.074897,-0.1023,0.0,0.0,0.0,0.040828,-0.023622,0.006531,0.334419,-0.282836,0.023915,-0.566405,0.028835,0.005469,0.589373,0.013039,-0.020423,-0.371039,0.174482,0.0,-0.238637,0.0,0.0,0.0,0.112467,-0.174482,0.0,-0.012146,-0.0,0.0,0.0,-0.0,0.0,0.0,0.0,-0.0,0.0,0.0,0.0,0.0,0.001953,-0.004358,0.0,0.000196,0.0,0.000065,0.0,-0.000065,0.0,-0.000196,0.0,-0.0,0.0,-0.018836,
0.0,3.094526,0.863359,-0.000066,0.0,1.570796,0.0,1.074866,-0.102308,0.0,0.0,0.0,0.059198,-0.023622,0.006531,0.322567,-0.286147,0.023832,-0.559727,0.028084,0.005121,0.541705,0.002436,-0.021266,-0.378583,0.174482,0.0,-0.244151,0.0,0.0,0.0,0.120463,-0.174482,0.0,-0.012146,0.0,0.0,0.0,-0.0,0.0,0.0,0.0,-0.0,0.0,0.0,0.0,0.0,0.001953,-0.004431,0.0,0.000196,0.0,0.000065,0.0,-0.000065,0.0,-0.000196,0.0,0.0,0.0,-0.019587,
0.0,3.105573,0.862432,-0.000066,0.0,1.570796,0.0,1.104742,-0.092685,0.0,0.0,0.0,0.07726,-0.023622,0.006409,0.311567,-0.286177,0.023805,-0.55161,0.027541,0.004798,0.501757,-0.010279,-0.021901,-0.383349,0.174482,0.0,-0.247576,-0.0,0.0,0.0,0.127839,-0.174482,0.0,-0.012146,0.0,0.0,0.0,0.0,0.0,-0.0,0.0,-0.0,0.0,0.0,0.0,-0.0,0.001953,-0.004456,0.0,0.000196,0.0,0.000065,0.0,-0.000065,0.0,-0.000196,0.0,-0.0,0.0,-0.020008,
0.0,3.116771,0.861553,-0.000066,0.0,1.570796,0.0,1.119726,-0.087885,0.0,0.0,0.0,0.095173,-0.023622,0.006226,0.300991,-0.284568,0.023805,-0.542771,0.027101,0.004486,0.46563,-0.024051,-0.022432,-0.386727,0.174482,0.0,-0.249956,-0.0,0.0,-0.0,0.134905,-0.174482,-0.0,-0.012146,0.0,0.0,0.0,0.0,0.0,-0.0,-0.0,-0.0,0.0,-0.0,0.0,-0.0,0.001953,-0.004456,0.0,0.000196,0.0,0.000065,0.0,-0.000065,0.0,-0.000196,0.0,-0.0,0.0,-0.020265,
0.0,3.127968,0.860674,-0.000066,0.0,1.570796,0.0,1.119726,-0.087877,0.0,0.0,0.0,0.113085,-0.023622,0.006043,0.290415,-0.282959,0.023805,-0.533933,0.026662,0.004175,0.429503,-0.037823,-0.022963,-0.390104,0.174482,0.0,-0.252337,-0.0,0.0,0.0,0.141971,-0.174482,0.0,-0.012146,0.0,0.0,0.0,0.0,0.0,0.0,0.0,0.0,0.0,0.0,0.0,0.0,0.001953,-0.004456,0.0,0.000196,0.0,0.000065,0.0,-0.000065,0.0,-0.000196,0.0,0.0,0.0,-0.020521,
0.0,3.139339,0.859887,-0.000066,0.0,1.570796,0.0,1.137151,-0.078752,0.0,0.0,0.0,0.130988,-0.023659,0.005756,0.279682,-0.279028,0.023805,-0.525308,0.02632,0.003967,0.398972,-0.048585,-0.023366,-0.391976,0.174482,0.0,-0.253604,-0.0,0.0,-0.0,0.148574,-0.174482,0.0,-0.012146,-0.0,-0.0,0.0,0.0,0.0,-0.0,0.0,0.0,0.0,-0.0,0.0,0.0,0.001953,-0.004456,0.0,0.000196,0.0,0.000065,0.0,-0.000065,0.0,-0.000196,0.0,0.0,0.0,-0.020551,
0.0,3.151058,0.859282,-0.000066,0.0,1.570796,0.0,1.171848,-0.0605,0.0,0.0,0.0,0.148877,-0.023768,0.005261,0.268636,-0.270455,0.023805,-0.517109,0.026173,0.003967,0.379591,-0.053329,-0.023512,-0.390837,0.174482,-0.0,-0.252644,0.0,0.0,-0.0,0.154249,-0.174482,0.0,-0.012146,-0.0,0.0,0.0,-0.0,0.0,0.0,0.0,0.0,-0.0,0.0,0.0,0.0,0.001953,-0.004456,0.0,0.000196,0.0,0.000065,0.0,-0.000065,0.0,-0.000196,0.0,0.0,0.0,-0.02013,
0.0,3.162777,0.858677,-0.000066,0.0,1.570796,0.0,1.171909,-0.060507,0.0,0.0,0.0,0.166768,-0.023878,0.004767,0.257588,-0.261881,0.023805,-0.50891,0.026027,0.003967,0.360208,-0.058073,-0.023659,-0.389698,0.174482,0.0,-0.251685,0.0,0.0,0.0,0.159925,-0.174482,0.0,-0.012146,-0.0,0.0,0.0,-0.0,0.0,0.0,0.0,-0.0,0.0,-0.0,0.0,0.0,0.001953,-0.004456,0.0,0.000196,0.0,0.000065,0.0,-0.000065,0.0,-0.000196,0.0,0.0,0.0,-0.019709,
0.0,3.174496,0.858072,-0.000066,0.0,1.570796,0.0,1.171909,-0.060492,0.0,0.0,0.0,0.184658,-0.023988,0.004272,0.24654,-0.253306,0.023805,-0.500712,0.02588,0.003967,0.34083,-0.062817,-0.023805,-0.388559,0.174482,0.0,-0.250724,0.0,0.0,0.0,0.1656,-0.174482,-0.0,-0.012146,0.0,0.0,0.0,-0.0,0.0,0.0,-0.0,-0.0,0.0,0.0,0.0,0.0,0.001953,-0.004456,0.0,0.000196,0.0,0.000065,0.0,-0.000065,0.0,-0.000196,0.0,0.0,0.0,-0.019288,
0.0,3.187455,0.857876,-0.000066,0.0,1.570796,0.0,1.29593,-0.019575,0.0,0.0,0.0,0.206989,-0.024098,0.003284,0.227054,-0.232821,0.023952,-0.494898,0.02588,0.004059,0.342577,-0.057596,-0.023732,-0.382053,0.174482,-0.0,-0.247569,0.0,0.0,-0.0,0.171354,-0.174482,0.0,-0.012146,-0.0,0.0,0.0,0.0,0.0,0.0,0.0,0.0,0.0,0.0,0.0,0.0,0.001953,-0.004456,0.0,0.000196,0.0,0.000065,0.0,-0.000065,-0.0,-0.000196,0.0,0.0,0.0,-0.020442,
0.0,3.200415,0.85768,-0.000066,0.0,1.570796,0.0,1.29593,-0.019575,0.0,0.0,0.0,0.229324,-0.024208,0.002295,0.207567,-0.212333,0.024098,-0.489083,0.02588,0.004151,0.344324,-0.052375,-0.023658,-0.375546,0.174482,-0.0,-0.244414,0.0,0.0,0.0,0.177108,-0.174482,0.0,-0.012146,0.0,0.0,0.0,0.0,0.0,-0.0,0.0,0.0,-0.0,0.0,0.0,-0.0,0.001953,-0.004456,0.0,0.000196,0.0,0.000065,0.0,-0.000065,0.0,-0.000196,0.0,0.0,0.0,-0.021596,
0.0,3.213373,0.857484,-0.000066,0.0,1.570796,0.0,1.295838,-0.019575,0.0,0.0,0.0,0.251655,-0.024318,0.001306,0.188081,-0.191847,0.024245,-0.483269,0.02588,0.004242,0.346071,-0.047155,-0.023585,-0.36904,0.174482,0.0,-0.241259,-0.0,-0.0,-0.0,0.182861,-0.174482,0.0,-0.012146,0.0,0.0,0.0,0.0,-0.0,-0.0,0.0,-0.0,0.0,0.0,0.0,-0.0,0.001953,-0.004456,0.0,0.000196,0.0,0.000065,0.0,-0.000065,0.0,-0.000196,0.0,0.0,0.0,-0.022749,
0.0,3.226025,0.857531,-0.000066,0.0,1.570796,0.0,1.265167,0.004631,0.0,0.0,0.0,0.268505,-0.024415,0.000317,0.176431,-0.165502,0.024293,-0.476686,0.025966,0.004529,0.347248,-0.036476,-0.023402,-0.360733,0.174482,-0.0,-0.237676,0.0,0.0,0.0,0.186041,-0.174482,0.0,-0.012146,-0.0,0.0,0.0,0.0,0.0,0.0,0.0,0.0,0.0,-0.0,0.0,0.0,0.001953,-0.004395,0.0,0.000196,0.0,0.000065,0.0,-0.000065,0.0,-0.000196,0.0,0.0,0.0,-0.023268,
0.0,3.238522,0.857698,-0.000066,0.0,1.570796,0.0,1.249755,0.016723,0.0,0.0,0.0,0.282618,-0.024507,-0.000672,0.168694,-0.13622,0.024293,-0.46972,0.026094,0.004914,0.348141,-0.023071,-0.023164,-0.351527,0.174482,-0.0,-0.233877,0.0,0.0,0.0,0.187935,-0.174482,0.0,-0.012146,0.0,0.0,0.0,-0.0,0.0,-0.0,0.0,0.0,0.0,0.0,-0.0,-0.0,0.001953,-0.004303,0.0,0.000196,0.0,0.000065,0.0,-0.000065,0.0,-0.000196,-0.0,0.0,0.0,-0.023469,
0.0,3.25102,0.857865,-0.000066,0.0,1.570796,0.0,1.249755,0.016715,0.0,0.0,0.0,0.296731,-0.024599,-0.00166,0.160957,-0.106939,0.024293,-0.462753,0.026222,0.005298,0.349033,-0.009665,-0.022926,-0.34232,0.174482,-0.0,-0.230079,0.0,0.0,0.0,0.18983,-0.174482,0.0,-0.012146,0.0,0.0,0.0,-0.0,0.0,0.0,-0.0,0.0,0.0,-0.0,0.0,-0.0,0.001953,-0.004212,0.0,0.000196,0.0,0.000065,0.0,-0.000065,0.0,-0.000196,0.0,-0.0,0.0,-0.023671,
0.0,3.263131,0.858145,-0.000066,0.0,1.570796,0.0,1.211118,0.028027,0.0,0.0,0.0,0.299175,-0.024733,-0.00224,0.174264,-0.083796,0.024251,-0.455924,0.026344,0.005664,0.350944,0.002878,-0.022688,-0.332665,0.174482,-0.0,-0.226307,-0.0,0.0,0.0,0.189804,-0.174482,0.0,-0.012146,-0.0,0.0,-0.0,0.0,0.0,0.0,0.0,-0.0,0.0,-0.0,0.0,-0.0,0.001953,-0.00412,0.0,0.000196,0.0,0.000065,0.0,-0.000065,0.0,-0.000196,0.0,0.0,0.0,-0.023243,
0.0,3.274472,0.858652,-0.000066,0.0,1.570796,0.0,1.134091,0.050627,0.0,0.0,0.0,0.278308,-0.024953,-0.002002,0.229668,-0.072894,0.024122,-0.449371,0.026454,0.005994,0.354888,0.0137,-0.02245,-0.322113,0.174482,0.0,-0.222585,0.0,0.0,0.0,0.185942,-0.174482,-0.0,-0.012146,-0.0,0.0,0.0,-0.0,0.0,-0.0,0.0,0.0,0.0,0.0,0.0,-0.0,0.001953,-0.004028,0.0,0.000196,0.0,0.000065,0.0,-0.000065,0.0,-0.000196,0.0,-0.0,0.0,-0.021558,
0.0,3.285813,0.859158,-0.000066,0.0,1.570796,0.0,1.134152,0.050628,0.0,0.0,0.0,0.257439,-0.025172,-0.001764,0.285103,-0.061991,0.023994,-0.442816,0.026564,0.006324,0.358833,0.024524,-0.022212,-0.311559,0.174482,0.0,-0.218863,0.0,0.0,0.0,0.18208,-0.174482,0.0,-0.012146,0.0,0.0,0.0,0.0,0.0,0.0,0.0,0.0,0.0,-0.0,0.0,-0.0,0.001953,-0.003937,-0.0,0.000196,0.0,0.000065,0.0,-0.000065,0.0,-0.000196,0.0,0.0,0.0,-0.019873,
0.0,3.297154,0.859664,-0.000066,0.0,1.570796,0.0,1.13406,0.050627,0.0,0.0,0.0,0.236568,-0.025392,-0.001526,0.340487,-0.051087,0.023866,-0.436263,0.026674,0.006653,0.36278,0.035342,-0.021974,-0.301006,0.174482,-0.0,-0.215141,-0.0,0.0,0.0,0.178217,-0.174482,0.0,-0.012146,0.0,0.0,0.0,0.0,0.0,0.0,0.0,-0.0,-0.0,0.0,0.0,0.0,0.001953,-0.003845,0.0,0.000196,0.0,0.000065,0.0,-0.000065,0.0,-0.000196,0.0,0.0,0.0,-0.018189,
0.0,3.307587,0.860348,-0.000066,0.0,1.570796,0.0,1.043269,0.068375,0.0,0.0,0.0,0.198595,-0.026015,-0.001526,0.421211,-0.031713,0.023133,-0.431503,0.026784,0.006726,0.373203,0.035727,-0.021864,-0.290408,0.174482,0.0,-0.210594,0.0,0.0,0.0,0.169655,-0.174482,0.0,-0.012146,0.0,0.0,0.0,0.0,0.0,-0.0,0.0,0.0,0.0,0.0,0.0,-0.0,0.001953,-0.00379,0.0,0.000196,0.0,0.000065,0.0,-0.000065,0.0,-0.000196,0.0,-0.0,0.0,-0.018006,
0.0,3.318019,0.861032,-0.000066,0.0,1.570796,0.0,1.043239,0.068383,0.0,0.0,0.0,0.160604,-0.026638,-0.001526,0.502111,-0.012336,0.022401,-0.426744,0.026894,0.0068,0.383627,0.036112,-0.021754,-0.279809,0.174482,0.0,-0.206047,0.0,0.0,0.0,0.161093,-0.174482,0.0,-0.012146,0.0,0.0,0.0,0.0,0.0,0.0,0.0,0.0,0.0,0.0,0.0,0.0,0.001953,-0.003735,0.0,0.000196,0.0,0.000065,0.0,-0.000065,0.0,-0.000196,-0.0,-0.0,0.0,-0.017823,
0.0,3.328452,0.861716,-0.000066,0.0,1.570796,0.0,1.04333,0.068383,0.0,0.0,0.0,0.12262,-0.02726,-0.001526,0.582926,0.00704,0.021668,-0.421984,0.027004,0.006873,0.394052,0.036496,-0.021644,-0.269209,0.174482,0.0,-0.201499,0.0,-0.0,0.0,0.152531,-0.174482,0.0,-0.012146,0.0,0.0,0.0,0.0,-0.0,-0.0,0.0,0.0,0.0,-0.0,0.0,0.0,0.001953,-0.003681,0.0,0.000196,0.0,0.000065,0.0,-0.000065,0.0,-0.000196,0.0,0.0,0.0,-0.01764,
0.0,3.338372,0.862524,-0.000066,0.0,1.570796,0.0,0.991907,0.080869,0.0,0.0,0.0,0.083351,-0.028469,-0.002405,0.652051,0.045142,0.01969,-0.415148,0.02704,0.006799,0.40049,0.031249,-0.021717,-0.259021,0.174482,-0.0,-0.196267,0.0,0.0,0.0,0.141491,-0.174482,-0.0,-0.012146,0.0,0.0,0.0,0.0,0.0,0.0,-0.0,0.0,-0.0,0.0,0.0,0.0,0.001953,-0.003662,0.0,0.000196,0.0,0.000065,0.0,-0.000065,0.0,-0.000196,0.0,-0.0,0.0,-0.018422,
0.0,3.348034,0.863395,-0.000066,0.0,1.570796,0.0,0.966272,0.0871,0.0,0.0,0.0,0.043406,-0.029971,-0.003724,0.715535,0.092629,0.017089,-0.407276,0.02704,0.006653,0.404939,0.023191,-0.021882,-0.249037,0.174482,-0.0,-0.190693,-0.0,0.0,0.0,0.129215,-0.174482,0.0,-0.012146,0.0,0.0,0.0,0.0,0.0,0.0,0.0,-0.0,0.0,0.0,0.0,0.0,0.001953,-0.003662,0.0,0.000196,0.0,0.000065,0.0,-0.000065,0.0,-0.000196,0.0,0.0,0.0,-0.019685,
0.0,3.357697,0.864266,-0.000066,0.0,1.570796,0.0,0.966303,0.087108,0.0,0.0,0.0,0.003462,-0.031473,-0.005042,0.779019,0.140116,0.014489,-0.399404,0.02704,0.006506,0.409388,0.015134,-0.022047,-0.239053,0.174482,0.0,-0.18512,-0.0,0.0,0.0,0.116938,-0.174482,0.0,-0.012146,0.0,0.0,0.0,0.0,0.0,0.0,-0.0,-0.0,0.0,0.0,-0.0,0.0,0.001953,-0.003662,0.0,0.000196,0.0,0.000065,0.0,-0.000065,0.0,-0.000196,0.0,0.0,0.0,-0.020949,
0.0,3.367195,0.865197,-0.000066,0.0,1.570796,0.0,0.949792,0.093019,0.0,0.0,0.0,-0.035068,-0.032968,-0.006238,0.835378,0.183606,0.011779,-0.390669,0.02704,0.006342,0.411996,0.006416,-0.022212,-0.229248,0.174482,0.0,-0.179136,-0.0,0.0,0.0,0.103682,-0.174482,0.0,-0.012146,-0.0,0.0,0.0,0.0,0.0,0.0,0.0,-0.0,0.0,0.0,0.0,0.0,0.001953,-0.003619,0.0,0.000196,0.0,0.000065,0.0,-0.000065,0.0,-0.000196,0.0,-0.0,0.0,-0.02261,
0.0,3.376362,0.866245,-0.000066,0.0,1.570796,0.0,0.91671,0.104812,0.0,0.0,0.0,-0.070831,-0.034452,-0.007191,0.877727,0.219209,0.008849,-0.380211,0.02704,0.00614,0.410929,-0.003619,-0.022377,-0.219798,0.174482,-0.0,-0.172337,-0.0,0.0,0.0,0.08847,-0.174482,0.0,-0.012146,0.0,0.0,0.0,0.0,0.0,0.0,0.0,0.0,0.0,0.0,0.0,-0.0,0.001953,-0.003491,0.0,0.000196,0.0,0.000065,0.0,-0.000065,0.0,-0.000196,0.0,0.0,0.0,-0.025064,
0.0,3.38553,0.867293,-0.000066,0.0,1.570796,0.0,0.916741,0.104812,0.0,0.0,0.0,-0.106601,-0.035935,-0.008143,0.920089,0.25482,0.005919,-0.369753,0.02704,0.005939,0.409863,-0.013654,-0.022542,-0.210349,0.174482,0.0,-0.165537,0.0,0.0,0.0,0.073257,-0.174482,0.0,-0.012146,0.0,0.0,0.0,0.0,0.0,0.0,-0.0,0.0,0.0,-0.0,0.0,0.0,0.001953,-0.003363,0.0,0.000196,0.0,0.000065,0.0,-0.000065,0.0,-0.000196,0.0,0.0,0.0,-0.027518,
0.0,3.394697,0.868341,-0.000066,0.0,1.570796,0.0,0.91671,0.10482,0.0,0.0,0.0,-0.142352,-0.037418,-0.009094,0.962414,0.290396,0.002991,-0.359295,0.02704,0.005737,0.408795,-0.023689,-0.022706,-0.200898,0.174482,0.0,-0.158735,0.0,-0.0,0.0,0.058047,-0.174482,0.0,-0.012146,0.0,0.0,0.0,-0.0,-0.0,-0.0,0.0,-0.0,0.0,0.0,0.0,-0.0,0.001953,-0.003235,0.0,0.000196,0.0,0.000065,0.0,-0.000065,0.0,-0.000196,0.0,0.0,0.0,-0.02997,
0.0,3.404098,0.869386,-0.000066,0.0,1.570796,0.0,0.940117,0.104539,0.0,0.0,0.0,-0.170717,-0.037784,-0.008728,0.985181,0.290914,0.002533,-0.347163,0.026894,0.005536,0.404628,-0.033982,-0.022871,-0.188561,0.174482,-0.0,-0.148822,0.0,0.0,0.0,0.044585,-0.174482,-0.0,-0.012146,0.0,0.0,0.0,-0.0,0.0,0.0,0.0,-0.0,-0.0,0.0,0.0,0.0,0.001953,-0.003235,0.0,0.000196,0.0,0.000065,0.0,-0.000065,0.0,-0.000196,0.0,-0.0,0.0,-0.028798,
0.0,3.413499,0.870432,-0.000066,0.0,1.570796,0.0,0.940087,0.104532,0.0,0.0,0.0,-0.199087,-0.038151,-0.008362,1.007952,0.291433,0.002075,-0.335031,0.026747,0.005335,0.400461,-0.044276,-0.023036,-0.176223,0.174482,0.0,-0.138908,0.0,0.0,0.0,0.031124,-0.174482,0.0,-0.012146,0.0,0.0,0.0,0.0,0.0,-0.0,0.0,0.0,0.0,0.0,0.0,0.0,0.001953,-0.003235,0.0,0.000196,0.0,0.000065,0.0,-0.000065,0.0,-0.000196,0.0,0.0,0.0,-0.027626,
0.0,3.4229,0.871477,-0.000066,0.0,1.570796,0.0,0.940117,0.104539,0.0,0.0,0.0,-0.227456,-0.038517,-0.007996,1.030721,0.291951,0.001617,-0.322899,0.026601,0.005133,0.396293,-0.054569,-0.023201,-0.163885,0.174482,0.0,-0.128994,0.0,0.0,0.0,0.017662,-0.174482,0.0,-0.012146,0.0,0.0,0.0,0.0,0.0,-0.0,0.0,0.0,0.0,-0.0,0.0,0.0,0.001953,-0.003235,0.0,0.000196,0.0,0.000065,0.0,-0.000065,0.0,-0.000196,0.0,0.0,0.0,-0.026453,
0.0,3.432167,0.872743,-0.000066,0.0,1.570796,0.0,0.926719,0.126541,0.0,0.0,0.0,-0.250182,-0.038358,-0.007348,1.041184,0.283491,0.002125,-0.308119,0.026479,0.005066,0.387047,-0.061698,-0.023366,-0.151281,0.174482,0.0,-0.118685,0.0,0.0,0.0,0.00347,-0.174482,0.0,-0.012146,0.0,0.0,0.0,-0.0,0.0,0.0,0.0,0.0,0.0,0.0,0.0,-0.0,0.001953,-0.003235,0.0,0.000196,0.0,0.000065,0.0,-0.000065,0.0,-0.000196,0.0,0.0,0.0,-0.024096,
0.0,3.441369,0.874118,-0.000066,0.0,1.570796,0.0,0.920157,0.13752,0.0,0.0,0.0,-0.270106,-0.037936,-0.006561,1.045517,0.270554,0.003114,-0.292015,0.026369,0.005066,0.375266,-0.06725,-0.02353,-0.138541,0.174482,0.0,-0.108176,-0.0,0.0,0.0,-0.011089,-0.174482,0.0,-0.012146,0.0,0.0,0.0,0.0,0.0,-0.0,0.0,-0.0,0.0,0.0,0.0,0.0,0.001953,-0.003235,0.0,0.000196,0.0,0.000065,0.0,-0.000065,0.0,-0.000196,0.0,0.0,0.0,-0.021148,
0.0,3.45057,0.875493,-0.000066,0.0,1.570796,0.0,0.920126,0.137512,0.0,0.0,0.0,-0.290029,-0.037515,-0.005774,1.049849,0.257617,0.004102,-0.275911,0.026259,0.005066,0.363486,-0.072801,-0.023695,-0.125802,0.174482,0.0,-0.097668,-0.0,-0.0,0.0,-0.025648,-0.174482,0.0,-0.012146,0.0,0.0,0.0,0.0,-0.0,-0.0,0.0,0.0,0.0,-0.0,0.0,0.0,0.001953,-0.003235,0.0,0.000196,0.0,0.000065,0.0,-0.000065,0.0,-0.000196,0.0,0.0,0.0,-0.018199,
0.0,3.459685,0.876726,-0.000066,0.0,1.570796,0.0,0.911491,0.123283,0.0,0.0,0.0,-0.309225,-0.037027,-0.004986,1.051654,0.243327,0.005189,-0.262266,0.026186,0.005026,0.356382,-0.078219,-0.023805,-0.113258,0.174482,-0.0,-0.087316,-0.0,-0.0,-0.0,-0.041084,-0.174482,0.0,-0.012146,-0.0,0.0,0.0,0.0,-0.0,-0.0,0.0,-0.0,0.0,0.0,-0.0,0.0,0.001953,-0.003235,0.0,0.000196,0.0,0.000065,0.0,-0.000065,0.0,-0.000196,0.0,0.0,0.0,-0.014976,
0.0,3.468626,0.877674,-0.000066,0.0,1.570796,0.0,0.894098,0.09487,0.0,0.0,0.0,-0.326976,-0.036404,-0.004199,1.048419,0.226341,0.006471,-0.253518,0.026186,0.004907,0.358596,-0.083369,-0.023805,-0.101104,0.174482,0.0,-0.077275,-0.0,0.0,0.0,-0.058268,-0.174482,0.0,-0.012146,-0.0,0.0,0.0,0.0,0.0,-0.0,0.0,0.0,0.0,0.0,0.0,0.0,0.001953,-0.003235,0.0,0.000196,0.0,0.000065,0.0,-0.000065,0.0,-0.000196,0.0,0.0,0.0,-0.011204,
0.0,3.477568,0.878623,-0.000066,0.0,1.570796,0.0,0.894189,0.094893,0.0,0.0,0.0,-0.344729,-0.035781,-0.003411,1.045183,0.209352,0.007753,-0.244769,0.026186,0.004788,0.360811,-0.088519,-0.023805,-0.088948,0.174482,0.0,-0.067233,0.0,0.0,-0.0,-0.075456,-0.174482,0.0,-0.012146,0.0,0.0,0.0,-0.0,0.0,-0.0,0.0,-0.0,0.0,0.0,0.0,-0.0,0.001953,-0.003235,0.0,0.000196,0.0,0.000065,0.0,-0.000065,0.0,-0.000196,0.0,0.0,0.0,-0.007431,
0.0,3.486509,0.879571,-0.000066,0.0,1.570796,0.0,0.894098,0.094824,0.0,0.0,0.0,-0.36248,-0.035159,-0.002624,1.041944,0.192367,0.009034,-0.236022,0.026186,0.004669,0.363027,-0.093671,-0.023805,-0.076794,0.174482,0.0,-0.057192,0.0,0.0,0.0,-0.092638,-0.174482,0.0,-0.012149,0.0,0.0,0.0,-0.0,0.0,-0.0,0.0,-0.0,0.0,-0.0,0.0,-0.0,0.001953,-0.003235,0.0,0.000196,0.0,0.000065,0.0,-0.000065,0.0,-0.000196,0.0,0.0,0.0,-0.00366,
0.0,3.495172,0.879867,-0.000066,0.0,1.570796,0.0,0.86627,0.02953,0.0,0.0,0.0,-0.380197,-0.034554,-0.00202,1.033574,0.176619,0.01017,-0.228191,0.026186,0.00455,0.366921,-0.100474,-0.023901,-0.065344,0.174482,0.0,-0.048345,0.0,0.0,0.0,-0.10746,-0.174482,0.0,-0.014877,0.0,0.0,0.0,0.0,0.0,-0.0,0.0,-0.0,0.0,-0.0,0.0,0.0,0.001953,-0.003363,0.0,0.000196,0.0,0.000065,0.0,-0.000065,0.0,-0.000196,0.0,0.0,0.0,-0.001316,
0.0,3.503833,0.880162,-0.000066,0.0,1.570796,0.0,0.866148,0.029522,0.0,0.0,0.0,-0.397915,-0.03395,-0.001416,1.025205,0.160872,0.011305,-0.22036,0.026186,0.004431,0.370814,-0.107276,-0.023997,-0.053895,0.174482,0.0,-0.039499,-0.0,0.0,0.0,-0.122281,-0.174482,0.0,-0.017606,-0.0,0.0,0.0,0.0,0.0,0.0,0.0,-0.0,0.0,0.0,0.0,-0.0,0.001953,-0.003491,0.0,0.000196,0.0,0.000065,0.0,-0.000065,0.0,-0.000196,0.0,-0.0,0.0,0.001027,
0.0,3.512496,0.880457,-0.000066,0.0,1.570796,0.0,0.86627,0.029522,0.0,0.0,0.0,-0.415633,-0.033346,-0.000811,1.016835,0.145123,0.01244,-0.212529,0.026186,0.004312,0.374707,-0.11408,-0.024094,-0.042445,0.174482,0.0,-0.030652,0.0,0.0,0.0,-0.137104,-0.174482,0.0,-0.020334,0.0,0.0,0.0,0.0,0.0,-0.0,0.0,-0.0,0.0,-0.0,0.0,0.0,0.001953,-0.00362,0.0,0.000196,0.0,0.000065,0.0,-0.000065,0.0,-0.000196,0.0,-0.0,0.0,0.003371,
0.0,3.521222,0.880395,-0.000066,0.0,1.570796,0.0,0.872589,-0.006175,0.0,0.0,0.0,-0.432657,-0.032961,-0.00061,1.005117,0.135283,0.013148,-0.204864,0.026186,0.004138,0.379177,-0.122515,-0.02419,-0.031365,0.174482,0.0,-0.02259,-0.0,0.0,0.0,-0.15145,-0.174482,0.0,-0.025361,0.0,0.0,0.0,0.0,0.0,-0.0,0.0,-0.0,0.0,-0.0,0.0,-0.0,0.001953,-0.003687,0.0,0.000196,0.0,0.000065,0.0,-0.000065,0.0,-0.000196,0.0,-0.0,0.0,0.004994,
0.0,3.529979,0.880156,-0.000066,0.0,1.570796,0.0,0.875764,-0.023952,0.0,0.0,0.0,-0.449338,-0.032687,-0.00061,0.99173,0.128384,0.013642,-0.197283,0.026186,0.003937,0.383934,-0.131764,-0.024286,-0.020469,0.174482,0.0,-0.014917,0.0,0.0,0.0,-0.165563,-0.174482,0.0,-0.031533,0.0,0.0,0.0,-0.0,0.0,-0.0,0.0,-0.0,0.0,0.0,0.0,-0.0,0.001953,-0.003723,0.0,0.000196,0.0,0.000065,0.0,-0.000065,0.0,-0.000196,0.0,-0.0,0.0,0.006257,
0.0,3.538737,0.879916,-0.000066,0.0,1.570796,0.0,0.875764,-0.023959,0.0,0.0,0.0,-0.466019,-0.032412,-0.00061,0.978343,0.121484,0.014137,-0.189702,0.026186,0.003735,0.388691,-0.141014,-0.024382,-0.009573,0.174482,0.0,-0.007244,-0.0,0.0,0.0,-0.179675,-0.174482,0.0,-0.037705,0.0,0.0,0.0,0.0,0.0,0.0,0.0,0.0,0.0,0.0,0.0,0.0,0.001953,-0.00376,0.0,0.000196,0.0,0.000065,0.0,-0.000065,-0.0,-0.000196,0.0,0.0,0.0,0.007521,
0.0,3.547624,0.879516,-0.000066,0.0,1.570796,0.0,0.888766,-0.039995,0.0,0.0,0.0,-0.481867,-0.032229,-0.000806,0.963704,0.115108,0.014515,-0.182173,0.026186,0.003522,0.393875,-0.15085,-0.024478,0.002235,0.174482,0.0,-0.002136,0.0,0.0,0.0,-0.193316,-0.174482,0.0,-0.043503,0.0,0.0,0.0,-0.0,0.0,-0.0,0.0,-0.0,0.0,-0.0,0.0,-0.0,0.001953,-0.003797,-0.0,0.000196,0.0,0.000065,0.0,-0.000065,0.0,-0.000196,0.0,0.0,0.0,0.008472,
0.0,3.556772,0.878797,-0.000066,0.0,1.570796,0.0,0.914708,-0.071946,0.0,0.0,0.0,-0.496063,-0.032229,-0.001392,0.94657,0.109771,0.014661,-0.174747,0.026186,0.003284,0.399911,-0.161857,-0.024574,0.01586,0.174482,0.0,-0.002136,-0.0,0.0,0.0,-0.206022,-0.174482,-0.0,-0.048559,0.0,0.0,0.0,0.0,0.0,0.0,0.0,0.0,0.0,0.0,0.0,0.0,0.001953,-0.003833,-0.0,0.000196,0.0,0.000065,0.0,-0.000065,0.0,-0.000196,0.0,0.0,0.0,0.008802,
0.0,3.565918,0.878078,-0.000066,0.0,1.570796,0.0,0.914647,-0.071938,0.0,0.0,0.0,-0.510258,-0.032229,-0.001978,0.929436,0.104435,0.014808,-0.167322,0.026186,0.003046,0.405948,-0.172863,-0.02467,0.029485,0.174482,0.0,-0.002136,0.0,0.0,0.0,-0.218727,-0.174482,0.0,-0.053615,-0.0,0.0,0.0,0.0,0.0,-0.0,0.0,-0.0,0.0,0.0,0.0,0.0,0.001953,-0.00387,0.0,0.000196,0.0,0.000065,0.0,-0.000065,0.0,-0.000196,0.0,0.0,0.0,0.009132,
0.0,3.575065,0.877358,-0.000066,0.0,1.570796,0.0,0.914708,-0.071976,0.0,0.0,0.0,-0.52445,-0.032229,-0.002564,0.912298,0.099096,0.014955,-0.159897,0.026186,0.002807,0.411985,-0.18387,-0.024767,0.043108,0.174482,0.0,-0.002136,-0.0,0.0,0.0,-0.231431,-0.174482,0.0,-0.058669,0.0,0.0,0.0,0.0,0.0,0.0,0.0,0.0,0.0,0.0,0.0,0.0,0.001953,-0.003906,0.0,0.000196,0.0,0.000065,0.0,-0.000065,0.0,-0.000196,0.0,0.0,0.0,0.009461,
0.0,3.584181,0.876328,-0.000066,0.0,1.570796,0.0,0.911597,-0.103036,0.0,0.0,0.0,-0.535759,-0.031972,-0.002747,0.890943,0.092333,0.015431,-0.153011,0.026186,0.002569,0.419008,-0.195318,-0.024863,0.054814,0.174482,0.0,-0.002136,0.0,0.0,0.0,-0.242614,-0.174482,0.0,-0.062076,0.0,0.0,0.0,0.0,0.0,0.0,0.0,-0.0,0.0,0.0,0.0,0.0,0.001953,-0.003906,0.0,0.000196,-0.0,0.000065,-0.0,-0.000065,-0.0,-0.000196,0.0,0.0,0.0,0.010066,
0.0,3.593298,0.875297,-0.000066,0.0,1.570796,0.0,0.911719,-0.103043,0.0,0.0,0.0,-0.54707,-0.031716,-0.00293,0.869583,0.08557,0.015907,-0.146125,0.026186,0.002331,0.426032,-0.206768,-0.024959,0.066522,0.174482,0.0,-0.002136,0.0,0.0,0.0,-0.253799,-0.174482,0.0,-0.065484,0.0,0.0,0.0,0.0,0.0,0.0,0.0,0.0,0.0,0.0,0.0,0.0,0.001953,-0.003906,0.0,0.000196,0.0,0.000065,0.0,-0.000065,0.0,-0.000196,0.0,-0.0,0.0,0.01067,
0.0,3.602414,0.874267,-0.000066,0.0,1.570796,0.0,0.911628,-0.103036,0.0,0.0,0.0,-0.55838,-0.031459,-0.003113,0.848225,0.078806,0.016383,-0.13924,0.026186,0.002093,0.433056,-0.218217,-0.025055,0.078229,0.174482,0.0,-0.002136,-0.0,0.0,0.0,-0.264983,-0.174482,0.0,-0.068892,-0.0,-0.0,0.0,0.0,0.0,0.0,0.0,0.0,0.0,0.0,0.0,0.0,0.001953,-0.003906,0.0,0.000196,0.0,0.000065,-0.0,-0.000065,0.0,-0.000196,0.0,-0.0,0.0,0.011274,
0.0,3.611673,0.873064,-0.000066,0.0,1.570796,0.0,0.92585,-0.120231,0.0,0.0,0.0,-0.563539,-0.030848,-0.002832,0.817118,0.070075,0.017159,-0.132627,0.026186,0.001855,0.440846,-0.229361,-0.025105,0.089084,0.174482,-0.0,-0.002136,0.0,0.0,0.0,-0.274727,-0.174482,0.0,-0.071664,0.0,0.0,0.0,0.0,0.0,0.0,0.0,-0.0,0.0,0.0,0.0,0.0,0.001953,-0.003906,0.0,0.000196,0.0,0.000065,0.0,-0.000065,0.0,-0.000196,0.0,-0.0,0.0,0.012331,
0.0,3.621001,0.871777,-0.000066,0.0,1.570796,0.0,0.932778,-0.128753,0.0,0.0,0.0,-0.565636,-0.030061,-0.002319,0.781146,0.060366,0.018084,-0.12615,0.026186,0.001617,0.449016,-0.240354,-0.025133,0.099516,0.174482,0.0,-0.002136,0.0,0.0,0.0,-0.283753,-0.174482,0.0,-0.074119,0.0,0.0,0.0,-0.0,0.0,0.0,0.0,-0.0,0.0,0.0,0.0,0.0,0.001953,-0.003906,0.0,0.000196,0.0,0.000065,0.0,-0.000065,0.0,-0.000196,0.0,0.0,0.0,0.013613,
0.0,3.63033,0.870489,-0.000066,0.0,1.570796,-0.0,0.93287,-0.128776,0.0,0.0,0.0,-0.567734,-0.029273,-0.001806,0.74517,0.050656,0.019008,-0.119673,0.026186,0.001379,0.457187,-0.251348,-0.02516,0.109949,0.174482,-0.0,-0.002136,-0.0,0.0,0.0,-0.292781,-0.174482,-0.0,-0.076574,0.0,0.0,0.0,0.0,0.0,-0.0,0.0,0.0,0.0,0.0,0.0,0.0,0.001953,-0.003906,0.0,0.000196,0.0,0.000065,0.0,-0.000065,0.0,-0.000196,0.0,0.0,0.0,0.014895,
0.0,3.639823,0.869326,-0.000066,0.0,1.570796,0.0,0.949379,-0.116262,0.0,0.0,0.0,-0.567033,-0.028468,-0.001152,0.706056,0.040207,0.019933,-0.11107,0.026158,0.001184,0.461719,-0.260969,-0.025188,0.12009,0.174482,0.0,-0.002136,-0.0,0.0,0.0,-0.300951,-0.174482,0.0,-0.078877,0.0,0.0,0.0,0.0,0.0,-0.0,0.0,-0.0,0.0,-0.0,0.0,0.0,0.001953,-0.003906,0.0,0.000196,0.0,0.000065,0.0,-0.000065,0.0,-0.000196,-0.0,0.0,0.0,0.016452,
0.0,3.649646,0.868412,-0.000066,0.0,1.570796,0.0,0.982275,-0.091404,0.0,0.0,0.0,-0.560765,-0.027625,-0.000219,0.660626,0.028284,0.020858,-0.098237,0.026076,0.001074,0.459011,-0.267862,-0.025215,0.129652,0.174482,0.0,-0.002136,-0.0,0.0,0.0,-0.30742,-0.174482,0.0,-0.080874,-0.0,0.0,0.0,0.0,0.0,-0.0,0.0,-0.0,0.0,-0.0,0.0,-0.0,0.001953,-0.003906,0.0,0.000196,0.0,0.000065,0.0,-0.000065,-0.0,-0.000196,0.0,0.0,0.0,0.018558,
0.0,3.659468,0.867498,-0.000066,0.0,1.570796,0.0,0.982184,-0.091396,0.0,0.0,0.0,-0.554498,-0.026783,0.000715,0.615186,0.016363,0.021783,-0.085405,0.025993,0.000964,0.456304,-0.274755,-0.025243,0.139213,0.174482,0.0,-0.002136,0.0,0.0,0.0,-0.313887,-0.174482,0.0,-0.082872,-0.0,0.0,-0.0,-0.0,0.0,-0.0,0.0,0.0,0.0,-0.0,0.0,-0.0,0.001953,-0.003906,-0.0,0.000196,0.0,0.000065,0.0,-0.000065,0.0,-0.000196,0.0,0.0,0.0,0.020664,
0.0,3.669292,0.866585,-0.000066,0.0,1.570796,0.0,0.982397,-0.091388,0.0,0.0,0.0,-0.548228,-0.025941,0.001649,0.569778,0.004437,0.022707,-0.072565,0.025911,0.000855,0.453583,-0.281644,-0.02527,0.148772,0.174482,-0.0,-0.002136,-0.0,-0.0,-0.0,-0.320351,-0.174482,0.0,-0.084869,0.0,0.0,0.0,0.0,-0.0,0.0,0.0,0.0,0.0,-0.0,0.0,-0.0,0.001953,-0.003906,0.0,0.000196,0.0,0.000065,0.0,-0.000065,0.0,-0.000196,0.0,-0.0,0.0,0.022769,
0.0,3.67995,0.865739,-0.000066,0.0,1.570796,-0.0,1.065801,-0.084608,0.0,0.0,0.0,-0.539988,-0.025483,0.002418,0.529548,-0.010379,0.023146,-0.053554,0.025828,0.000855,0.440891,-0.285418,-0.02527,0.156506,0.174482,-0.0,-0.002136,0.0,0.0,0.0,-0.323227,-0.174482,0.0,-0.08661,0.0,0.0,0.0,-0.0,0.0,0.0,0.0,0.0,0.0,0.0,0.0,0.0,0.001953,-0.003906,0.0,0.000196,0.0,0.000065,0.0,-0.000065,0.0,-0.000196,-0.0,0.0,0.0,0.023886,
0.0,3.690609,0.864892,-0.000066,0.0,1.570796,0.0,1.065862,-0.084616,0.0,0.0,0.0,-0.531748,-0.025025,0.003187,0.489294,-0.025199,0.023586,-0.03454,0.025746,0.000855,0.428198,-0.289193,-0.02527,0.164241,0.174482,0.0,-0.002136,0.0,0.0,0.0,-0.326104,-0.174482,0.0,-0.088352,0.0,0.0,0.0,-0.0,0.0,-0.0,0.0,-0.0,0.0,-0.0,0.0,-0.0,0.001953,-0.003906,0.0,0.000196,0.0,0.000065,0.0,-0.000065,0.0,-0.000196,0.0,0.0,0.0,0.025003,
0.0,3.701266,0.864046,-0.000066,0.0,1.570796,0.0,1.06574,-0.084608,0.0,0.0,0.0,-0.523509,-0.024567,0.003956,0.449055,-0.040019,0.024025,-0.015528,0.025664,0.000855,0.415505,-0.292968,-0.02527,0.171975,0.174482,0.0,-0.002136,0.0,0.0,0.0,-0.32898,-0.174482,0.0,-0.090093,0.0,0.0,0.0,0.0,0.0,-0.0,0.0,-0.0,0.0,-0.0,0.0,0.0,0.001953,-0.003906,0.0,0.000196,0.0,0.000065,0.0,-0.000065,0.0,-0.000196,-0.0,0.0,0.0,0.02612,
0.0,3.712136,0.863265,-0.000066,0.0,1.570796,0.0,1.087011,-0.078152,0.0,0.0,0.0,-0.520773,-0.02433,0.004517,0.432523,-0.054842,0.024245,0.001242,0.025636,0.000928,0.406898,-0.294097,-0.02527,0.178573,0.174482,0.0,-0.002136,0.0,0.0,0.0,-0.329079,-0.174482,0.0,-0.091136,0.0,0.0,0.0,0.0,0.0,0.0,0.0,0.0,0.0,-0.0,-0.0,0.0,0.001953,-0.003906,0.0,0.000196,-0.0,0.000065,0.0,-0.000065,0.0,-0.000196,0.0,0.0,0.0,0.027213,
0.0,3.72311,0.862515,-0.000066,0.0,1.570796,-0.0,1.097417,-0.074947,0.0,0.0,0.0,-0.520773,-0.024202,0.004975,0.427763,-0.069663,0.024355,0.0169,0.025636,0.001038,0.400321,-0.293912,-0.02527,0.184604,0.174482,0.0,-0.002136,-0.0,0.0,0.0,-0.327799,-0.174482,0.0,-0.091833,0.0,0.0,0.0,0.0,0.0,0.0,0.0,-0.0,0.0,0.0,-0.0,0.0,0.001953,-0.003906,0.0,0.000196,0.0,0.000065,0.0,-0.000065,0.0,-0.000196,0.0,0.0,0.0,0.028293,
0.0,3.734085,0.861766,-0.000066,0.0,1.570796,0.0,1.097508,-0.074947,0.0,0.0,0.0,-0.520773,-0.024073,0.005433,0.423004,-0.084482,0.024464,0.032558,0.025636,0.001148,0.393744,-0.293727,-0.02527,0.190637,0.174482,0.0,-0.002136,0.0,0.0,0.0,-0.326518,-0.174482,0.0,-0.09253,0.0,0.0,0.0,0.0,0.0,0.0,0.0,0.0,-0.0,-0.0,0.0,0.0,0.001953,-0.003906,0.0,0.000196,0.0,0.000065,0.0,-0.000065,0.0,-0.000196,0.0,0.0,0.0,0.029374,
0.0,3.745145,0.861063,-0.000066,0.0,1.570796,-0.0,1.105962,-0.070323,0.0,0.0,0.0,-0.518405,-0.023988,0.005737,0.41704,-0.094889,0.024528,0.047677,0.025636,0.0013,0.387958,-0.29192,-0.02527,0.196091,0.174482,0.0,-0.002136,-0.0,0.0,0.0,-0.323767,-0.174482,0.0,-0.092766,0.0,0.0,0.0,0.0,0.0,0.0,0.0,0.0,0.0,0.0,0.0,0.0,0.001953,-0.003906,0.0,0.000196,-0.0,0.000065,0.0,-0.000065,0.0,-0.000196,0.0,0.0,0.0,0.030571,
0.0,3.756376,0.860451,-0.000066,0.0,1.570796,0.0,1.123112,-0.061167,0.0,0.0,0.0,-0.511328,-0.023988,0.005737,0.408683,-0.096539,0.024501,0.061731,0.025636,0.001538,0.383742,-0.286888,-0.02527,0.200398,0.174482,0.0,-0.002136,-0.0,0.0,0.0,-0.318092,-0.174482,0.0,-0.092088,0.0,0.0,0.0,0.0,0.0,-0.0,0.0,-0.0,0.0,-0.0,0.0,0.0,0.001953,-0.003906,0.0,0.000196,0.0,0.000065,0.0,-0.000065,0.0,-0.000196,-0.0,0.0,0.0,0.031999,
-0.0,3.767606,0.859839,-0.000066,0.0,1.570796,-0.0,1.123051,-0.061159,0.0,0.0,0.0,-0.504251,-0.023988,0.005737,0.400326,-0.098189,0.024473,0.075784,0.025636,0.001777,0.379527,-0.281856,-0.02527,0.204704,0.174482,-0.0,-0.002136,0.0,0.0,0.0,-0.312418,-0.174482,-0.0,-0.091409,0.0,0.0,0.0,0.0,0.0,-0.0,0.0,-0.0,0.0,0.0,0.0,-0.0,0.001953,-0.003906,0.0,0.000196,0.0,0.000065,0.0,-0.000065,0.0,-0.000196,-0.0,0.0,0.0,0.033428,
0.0,3.778839,0.859228,-0.000066,0.0,1.570796,0.0,1.123264,-0.061106,0.0,0.0,0.0,-0.497166,-0.023988,0.005737,0.391962,-0.099815,0.024446,0.08984,0.025636,0.002015,0.375306,-0.276812,-0.02527,0.209008,0.174482,0.0,-0.002136,0.0,0.0,0.0,-0.30674,-0.174482,0.0,-0.090731,-0.0,0.0,0.0,0.0,0.0,0.0,0.0,0.0,0.0,0.0,0.0,0.0,0.001953,-0.003906,0.0,0.000196,0.0,0.000065,0.0,-0.000065,0.0,-0.000196,0.0,0.0,0.0,0.034856,
-0.0,3.790949,0.858967,-0.000066,0.0,1.570796,-0.0,1.21097,-0.026157,0.0,0.0,0.0,-0.484184,-0.023988,0.005325,0.37907,-0.085504,0.024418,0.105908,0.02571,0.002491,0.367395,-0.263944,-0.02527,0.210886,0.174482,0.0,-0.002136,0.0,0.0,0.0,-0.298244,-0.174482,0.0,-0.090016,0.0,0.0,0.0,0.0,0.0,-0.0,0.0,-0.0,0.0,-0.0,0.0,-0.0,0.001953,-0.003906,-0.0,0.000196,0.0,0.000065,0.0,-0.000065,0.0,-0.000196,0.0,0.0,0.0,0.036248,
0.0,3.803059,0.858705,-0.000066,0.0,1.570796,0.0,1.211,-0.026157,0.0,0.0,0.0,-0.471202,-0.023988,0.004913,0.366178,-0.071191,0.024391,0.121977,0.025783,0.002967,0.359483,-0.251076,-0.02527,0.212764,0.174482,0.0,-0.002136,-0.0,0.0,0.0,-0.289748,-0.174482,0.0,-0.089301,-0.0,0.0,0.0,0.0,0.0,0.0,0.0,0.0,0.0,0.0,0.0,0.0,0.001953,-0.003906,0.0,0.000196,0.0,0.000065,0.0,-0.000065,0.0,-0.000196,0.0,0.0,0.0,0.03764,
0.0,3.815169,0.858443,-0.000066,0.0,1.570796,0.0,1.211,-0.026157,0.0,0.0,0.0,-0.45822,-0.023988,0.004501,0.353285,-0.056879,0.024363,0.138046,0.025856,0.003443,0.351571,-0.238208,-0.02527,0.214643,0.174482,0.0,-0.002136,0.0,0.0,0.0,-0.281252,-0.174482,0.0,-0.088586,0.0,0.0,0.0,0.0,0.0,0.0,0.0,0.0,0.0,0.0,0.0,0.0,0.001953,-0.003906,0.0,0.000196,-0.0,0.000065,0.0,-0.000065,0.0,-0.000196,0.0,-0.0,0.0,0.039032,
0.0,3.826827,0.858418,-0.000066,0.0,1.570796,0.0,1.165833,-0.002593,0.0,0.0,0.0,-0.44941,-0.024074,0.004089,0.34994,-0.044703,0.024287,0.147697,0.02604,0.004152,0.353125,-0.218803,-0.02516,0.212903,0.174482,0.0,-0.002136,0.0,0.0,0.0,-0.272311,-0.174482,0.0,-0.087027,0.0,0.0,0.0,0.0,0.0,0.0,0.0,-0.0,0.0,0.0,0.0,0.0,0.001953,-0.003992,0.0,0.000196,0.0,0.000065,0.0,-0.000065,0.0,-0.000196,0.0,-0.0,0.0,0.03942,
0.0,3.838261,0.858509,-0.000066,0.0,1.570796,0.0,1.143371,0.009101,0.0,0.0,0.0,-0.442672,-0.024202,0.003677,0.351335,-0.033586,0.024186,0.154162,0.026278,0.004976,0.359378,-0.19615,-0.024995,0.209368,0.174482,-0.0,-0.002136,0.0,0.0,0.0,-0.26315,-0.174482,-0.0,-0.085047,0.0,0.0,0.0,0.0,0.0,-0.0,0.0,0.0,0.0,-0.0,0.0,-0.0,0.001953,-0.00412,0.0,0.000196,0.0,0.000065,-0.0,-0.000065,0.0,-0.000196,0.0,0.0,0.0,0.03931,
0.0,3.849695,0.8586,-0.000066,0.0,1.570796,0.0,1.143371,0.009101,0.0,0.0,0.0,-0.435933,-0.02433,0.003265,0.35273,-0.022469,0.024086,0.160627,0.026516,0.0058,0.365632,-0.173497,-0.02483,0.205833,0.174482,0.0,-0.002136,-0.0,0.0,0.0,-0.253988,-0.174482,0.0,-0.083068,0.0,0.0,0.0,0.0,0.0,-0.0,0.0,-0.0,0.0,-0.0,0.0,-0.0,0.001953,-0.004248,-0.0,0.000196,0.0,0.000065,0.0,-0.000065,0.0,-0.000196,0.0,0.0,0.0,0.0392,
0.0,3.860695,0.85881,-0.000066,0.0,1.570796,0.0,1.100065,0.021054,0.0,0.0,0.0,-0.429621,-0.024446,0.002887,0.355397,-0.012887,0.023985,0.158711,0.026932,0.006655,0.385415,-0.152608,-0.024524,0.200088,0.174482,-0.0,-0.002136,0.0,0.0,-0.0,-0.245079,-0.174482,0.0,-0.080468,0.0,0.0,0.0,-0.0,0.0,-0.0,0.0,-0.0,0.0,0.0,0.0,-0.0,0.001953,-0.004377,0.0,0.000196,0.0,0.000065,0.0,-0.000065,0.0,-0.000196,0.0,0.0,0.0,0.038422,
0.0,3.870837,0.859258,-0.000066,0.0,1.570796,0.0,1.014218,0.044783,0.0,0.0,0.0,-0.424152,-0.024538,0.002575,0.360591,-0.006349,0.023884,0.140155,0.027701,0.00757,0.432101,-0.135211,-0.023938,0.189953,0.174482,-0.0,-0.002136,0.0,0.0,0.0,-0.236671,-0.174482,0.0,-0.076638,0.0,-0.0,-0.0,-0.0,0.0,0.0,0.0,0.0,0.0,-0.0,0.0,0.0,0.001953,-0.004505,0.0,0.000196,0.0,0.000065,0.0,-0.000065,0.0,-0.000196,0.0,0.0,0.0,0.036315,
0.0,3.880979,0.859706,-0.000066,0.0,1.570796,-0.0,1.014157,0.044775,0.0,0.0,0.0,-0.418683,-0.024629,0.002264,0.365785,0.000188,0.023783,0.121598,0.02847,0.008486,0.478801,-0.117813,-0.023352,0.179819,0.174482,-0.0,-0.002136,0.0,0.0,0.0,-0.228263,-0.174482,0.0,-0.072809,0.0,0.0,0.0,0.0,0.0,0.0,0.0,0.0,0.0,0.0,0.0,0.0,0.001953,-0.004633,0.0,0.000196,0.0,0.000065,0.0,-0.000065,0.0,-0.000196,0.0,0.0,0.0,0.034209,
0.0,3.891119,0.860154,-0.000066,0.0,1.570796,0.0,1.014004,0.044814,0.0,0.0,0.0,-0.413218,-0.024721,0.001953,0.370988,0.00671,0.023683,0.103014,0.029241,0.009403,0.525502,-0.1004,-0.022764,0.16968,0.174482,-0.0,-0.002136,0.0,0.0,0.0,-0.219861,-0.174482,-0.0,-0.068978,0.0,-0.0,0.0,-0.0,0.0,-0.0,0.0,-0.0,0.0,0.0,0.0,-0.0,0.001953,-0.004761,0.0,0.000196,0.0,0.000065,0.0,-0.000065,0.0,-0.000196,0.0,0.0,0.0,0.032108,
0.0,3.900424,0.860796,-0.000066,0.0,1.570796,0.0,0.930538,0.064179,0.0,0.0,0.0,-0.409179,-0.024721,0.00188,0.381083,0.004531,0.023683,0.067098,0.031237,0.011362,0.592913,-0.07285,-0.020639,0.155983,0.174482,0.0,-0.002136,0.0,0.0,0.0,-0.2143,-0.174482,0.0,-0.064361,0.0,0.0,0.0,-0.0,0.0,0.0,0.0,0.0,0.0,0.0,0.0,0.0,0.001953,-0.004871,0.0,0.000196,0.0,0.000065,0.0,-0.000065,0.0,-0.000196,0.0,0.0,0.0,0.032712,
0.0,3.90973,0.861437,-0.000066,0.0,1.570796,0.0,0.930599,0.064187,0.0,0.0,0.0,-0.405141,-0.024721,0.001807,0.39118,0.002352,0.023683,0.031164,0.033234,0.013322,0.66043,-0.045292,-0.018515,0.142284,0.174482,0.0,-0.002136,0.0,0.0,0.0,-0.208739,-0.174482,0.0,-0.059744,0.0,0.0,0.0,-0.0,0.0,-0.0,0.0,-0.0,0.0,-0.0,-0.0,-0.0,0.001953,-0.004981,0.0,0.000196,-0.0,0.000065,0.0,-0.000065,0.0,-0.000196,0.0,0.0,0.0,0.033317,
0.0,3.919036,0.862079,-0.000066,0.0,1.570796,0.0,0.930538,0.064187,0.0,0.0,0.0,-0.401102,-0.024721,0.001733,0.401275,0.000173,0.023683,-0.00476,0.03523,0.015281,0.727892,-0.017738,-0.016391,0.128586,0.174482,0.0,-0.002136,-0.0,0.0,0.0,-0.203178,-0.174482,-0.0,-0.055127,0.0,0.0,0.0,0.0,0.0,-0.0,0.0,-0.0,0.0,0.0,-0.0,-0.0,0.001953,-0.005091,0.0,0.000196,0.0,0.000065,0.0,-0.000065,-0.0,-0.000196,0.0,-0.0,0.0,0.033921,
0.0,3.927977,0.862847,-0.000066,0.0,1.570796,-0.0,0.894099,0.07675,0.0,0.0,0.0,-0.395721,-0.024721,0.001844,0.40855,-0.006658,0.023683,-0.041295,0.037606,0.01729,0.78466,0.018441,-0.01303,0.113702,0.174482,0.0,-0.002136,0.0,0.0,0.0,-0.198014,-0.174482,-0.0,-0.049189,0.0,0.0,0.0,-0.0,0.0,-0.0,0.0,0.0,0.0,-0.0,0.0,-0.0,0.001953,-0.005127,0.0,0.000196,0.0,0.000065,0.0,-0.000065,0.0,-0.000196,0.0,-0.0,0.0,0.034403,
0.0,3.936737,0.863677,-0.000066,0.0,1.570796,0.0,0.876032,0.082982,0.0,0.0,0.0,-0.389674,-0.024721,0.002045,0.414425,-0.015795,0.023683,-0.07816,0.04017,0.019322,0.836231,0.058925,-0.009057,0.098228,0.174482,0.0,-0.002136,0.0,0.0,0.0,-0.193047,-0.174482,0.0,-0.042596,-0.0,0.0,0.0,0.0,0.0,-0.0,0.0,0.0,0.0,-0.0,0.0,-0.0,0.001953,-0.005127,0.0,0.000196,0.0,0.000065,0.0,-0.000065,0.0,-0.000196,-0.0,0.0,0.0,0.034824,
0.0,3.945497,0.864506,-0.000066,0.0,1.570796,0.0,0.876032,0.082982,0.0,0.0,0.0,-0.383626,-0.024721,0.002247,0.420301,-0.024933,0.023683,-0.115025,0.042734,0.021355,0.887803,0.09941,-0.005083,0.082754,0.174482,0.0,-0.002136,0.0,0.0,0.0,-0.18808,-0.174482,0.0,-0.036002,0.0,0.0,0.0,0.0,0.0,0.0,0.0,0.0,0.0,0.0,0.0,0.0,0.001953,-0.005127,0.0,0.000196,0.0,0.000065,0.0,-0.000065,0.0,-0.000196,0.0,0.0,0.0,0.035245,
0.0,3.954169,0.865392,-0.000066,0.0,1.570796,0.0,0.86712,0.088566,0.0,0.0,0.0,-0.376872,-0.024721,0.002454,0.424778,-0.034275,0.023732,-0.15064,0.045046,0.022989,0.933338,0.135216,-0.001373,0.06688,0.174482,0.0,-0.002136,-0.0,0.0,0.0,-0.182757,-0.174482,0.0,-0.028893,0.0,0.0,0.0,0.0,0.0,-0.0,0.0,-0.0,0.0,-0.0,0.0,-0.0,0.001953,-0.005127,0.0,0.000196,0.0,0.000065,0.0,-0.000065,0.0,-0.000196,0.0,-0.0,0.0,0.035163,
-0.0,3.962662,0.866388,-0.000066,0.0,1.570796,-0.0,0.849358,0.099612,0.0,0.0,0.0,-0.368715,-0.024721,0.002674,0.426484,-0.044019,0.023879,-0.183818,0.04686,0.023831,0.96701,0.161793,0.001813,0.050212,0.174482,0.0,-0.002136,-0.0,0.0,0.0,-0.176727,-0.174482,0.0,-0.020762,-0.0,0.0,0.0,0.0,0.0,0.0,0.0,0.0,0.0,0.0,0.0,-0.0,0.001953,-0.005127,0.0,0.000196,0.0,0.000065,0.0,-0.000065,0.0,-0.000196,0.0,0.0,0.0,0.034083,
0.0,3.971156,0.867384,-0.000066,0.0,1.570796,0.0,0.849328,0.099612,0.0,0.0,0.0,-0.360558,-0.024721,0.002894,0.428189,-0.053764,0.024025,-0.217002,0.048673,0.024673,1.000688,0.188374,0.004999,0.033543,0.174482,0.0,-0.002136,0.0,0.0,0.0,-0.170698,-0.174482,-0.0,-0.012632,0.0,0.0,0.0,0.0,0.0,0.0,0.0,-0.0,0.0,-0.0,0.0,-0.0,0.001953,-0.005127,0.0,0.000196,0.0,0.000065,0.0,-0.000065,0.0,-0.000196,0.0,0.0,0.0,0.033002,
0.0,3.979648,0.86838,-0.000066,0.0,1.570796,0.0,0.849267,0.099605,0.0,0.0,0.0,-0.352399,-0.024721,0.003113,0.429887,-0.063503,0.024171,-0.250165,0.050485,0.025514,1.034323,0.214893,0.00818,0.016878,0.174482,-0.0,-0.002145,0.0,0.0,0.0,-0.164659,-0.174482,0.0,-0.004517,0.0,0.0,0.0,0.0,0.0,0.0,0.0,0.0,0.0,0.0,0.0,0.0,0.001953,-0.005127,0.0,0.000196,0.0,0.000065,0.0,-0.000065,0.0,-0.000196,0.0,0.0,0.0,0.03192,
0.0,3.987778,0.869341,-0.000066,0.0,1.570796,0.0,0.813043,0.0961,0.0,0.0,0.0,-0.343019,-0.024666,0.00326,0.428332,-0.070742,0.024201,-0.278718,0.051291,0.025514,1.052258,0.212536,0.00884,0.001569,0.174482,0.0,-0.006778,0.0,0.0,0.0,-0.153643,-0.174482,0.0,-0.004517,0.0,0.0,0.0,0.0,0.0,-0.0,0.0,-0.0,0.0,0.0,0.0,-0.0,0.001953,-0.005127,0.0,0.000196,0.0,0.000065,0.0,-0.000065,0.0,-0.000196,0.0,0.0,0.0,0.02974,
0.0,3.995908,0.870302,-0.000066,0.0,1.570796,0.0,0.812982,0.0961,0.0,0.0,0.0,-0.333639,-0.024611,0.003406,0.426777,-0.07798,0.02423,-0.307277,0.052097,0.025514,1.070194,0.210179,0.009499,-0.013741,0.174482,0.0,-0.011411,0.0,0.0,0.0,-0.142626,-0.174482,0.0,-0.004517,-0.0,0.0,0.0,0.0,0.0,0.0,0.0,0.0,0.0,0.0,0.0,0.0,0.001953,-0.005127,0.0,0.000196,0.0,0.000065,-0.0,-0.000065,0.0,-0.000196,0.0,0.0,0.0,0.027561,
0.0,4.004038,0.871263,-0.000066,0.0,1.570796,0.0,0.812982,0.096093,0.0,0.0,0.0,-0.324259,-0.024556,0.003553,0.425222,-0.085218,0.024259,-0.335832,0.052902,0.025514,1.088129,0.207822,0.010158,-0.02905,0.174482,0.0,-0.016044,0.0,0.0,0.0,-0.13161,-0.174482,0.0,-0.004517,0.0,-0.0,0.0,-0.0,0.0,0.0,0.0,0.0,0.0,0.0,0.0,-0.0,0.001953,-0.005127,0.0,0.000196,0.0,0.000065,0.0,-0.000065,0.0,-0.000196,0.0,0.0,0.0,0.025382,
0.0,4.01186,0.872363,-0.000066,0.0,1.570796,0.0,0.782158,0.109999,0.0,0.0,0.0,-0.312187,-0.024537,0.00365,0.418229,-0.09046,0.024289,-0.357154,0.052876,0.025171,1.092982,0.201099,0.00974,-0.044632,0.174482,-0.0,-0.0232,0.0,0.0,0.0,-0.120516,-0.174482,0.0,-0.004517,0.0,0.0,0.0,-0.0,0.0,0.0,0.0,0.0,0.0,-0.0,0.0,0.0,0.001953,-0.005078,0.0,0.000196,-0.0,0.000065,0.0,-0.000065,0.0,-0.000196,0.0,-0.0,0.0,0.02297,
0.0,4.019529,0.873532,-0.000066,0.0,1.570796,-0.0,0.76696,0.116895,0.0,0.0,0.0,-0.298779,-0.024537,0.003723,0.408542,-0.094714,0.024318,-0.3749,0.052436,0.024659,1.091354,0.192213,0.008787,-0.060352,0.174482,0.0,-0.031606,0.0,0.0,0.0,-0.109384,-0.174482,0.0,-0.004517,-0.0,0.0,0.0,0.0,0.0,-0.0,0.0,-0.0,0.0,-0.0,0.0,-0.0,0.001953,-0.005005,0.0,0.000196,0.0,0.000065,0.0,-0.000065,0.0,-0.000196,0.0,0.0,0.0,0.020443,
0.0,4.027199,0.874701,-0.000066,0.0,1.570796,0.0,0.766929,0.116895,0.0,0.0,0.0,-0.285371,-0.024537,0.003797,0.398855,-0.098968,0.024347,-0.392644,0.051996,0.024146,1.089726,0.183328,0.007835,-0.076071,0.174482,0.0,-0.040012,0.0,0.0,0.0,-0.098252,-0.174482,0.0,-0.004517,0.0,0.0,0.0,0.0,0.0,0.0,0.0,0.0,0.0,0.0,0.0,0.0,0.001953,-0.004932,0.0,0.000196,0.0,0.000065,0.0,-0.000065,0.0,-0.000196,0.0,-0.0,0.0,0.017915,
0.0,4.034752,0.875705,-0.000066,0.0,1.570796,0.0,0.755364,0.100369,0.0,0.0,0.0,-0.274324,-0.024537,0.003845,0.393558,-0.103222,0.024376,-0.409704,0.051256,0.02335,1.085691,0.173942,0.006582,-0.092219,0.174482,0.0,-0.048788,0.0,0.0,0.0,-0.087603,-0.174482,0.0,-0.004517,0.0,0.0,0.0,0.0,0.0,0.0,-0.0,0.0,0.0,-0.0,0.0,-0.0,0.001953,-0.004874,0.0,0.000196,-0.0,0.000065,0.0,-0.000065,0.0,-0.000196,0.0,0.0,0.0,0.01545,
0.0,4.042077,0.876381,-0.000066,0.0,1.570796,0.0,0.732478,0.067637,0.0,0.0,0.0,-0.26795,-0.024537,0.003845,0.396958,-0.107476,0.024406,-0.425412,0.049918,0.021995,1.07689,0.163562,0.004733,-0.109223,0.174482,0.0,-0.058296,0.0,0.0,0.0,-0.077909,-0.174482,0.0,-0.004517,0.0,0.0,0.0,-0.0,0.0,-0.0,0.0,-0.0,0.0,-0.0,0.0,0.0,0.001953,-0.004846,0.0,0.000196,-0.0,0.000065,0.0,-0.000065,0.0,-0.000196,0.0,-0.0,0.0,0.013106,
0.0,4.049402,0.877058,-0.000066,0.0,1.570796,0.0,0.732509,0.067637,0.0,0.0,0.0,-0.261576,-0.024537,0.003845,0.400358,-0.11173,0.024435,-0.441122,0.048581,0.02064,1.068088,0.153182,0.002883,-0.126228,0.174482,-0.0,-0.067805,0.0,-0.0,0.0,-0.068215,-0.174482,0.0,-0.004517,0.0,0.0,0.0,-0.0,-0.0,0.0,0.0,0.0,0.0,-0.0,0.0,-0.0,0.001953,-0.004819,0.0,0.000196,0.0,0.000065,0.0,-0.000065,0.0,-0.000196,0.0,-0.0,0.0,0.010762,
0.0,4.056728,0.877733,-0.000066,0.0,1.570796,-0.0,0.73257,0.067546,0.0,0.0,0.0,-0.255203,-0.024537,0.003846,0.403761,-0.115989,0.024464,-0.456829,0.047244,0.019285,1.059277,0.142808,0.001034,-0.143226,0.174482,0.0,-0.077312,-0.0,0.0,0.0,-0.058521,-0.174482,0.0,-0.004517,0.0,0.0,0.0,0.0,0.0,-0.0,0.0,0.0,0.0,0.0,0.0,-0.0,0.001953,-0.004791,0.0,0.000196,0.0,0.000065,0.0,-0.000065,0.0,-0.000196,0.0,0.0,0.0,0.00842,
0.0,4.06442,0.877961,-0.000066,0.0,1.570796,0.0,0.769255,0.022726,0.0,0.0,0.0,-0.249004,-0.024482,0.003992,0.408643,-0.122539,0.024494,-0.472273,0.045724,0.017746,1.045953,0.134551,-0.000816,-0.158129,0.174482,0.0,-0.086386,-0.0,0.0,0.0,-0.048723,-0.174482,-0.0,-0.004517,0.0,0.0,0.0,0.0,0.0,-0.0,0.0,-0.0,0.0,-0.0,0.0,0.0,0.001953,-0.004764,0.0,0.000196,0.0,0.000065,0.0,-0.000065,0.0,-0.000196,0.0,0.0,0.0,0.007157,
0.0,4.072113,0.878188,-0.000066,0.0,1.570796,0.0,0.769255,0.022726,0.0,0.0,0.0,-0.242805,-0.024428,0.004139,0.413526,-0.129089,0.024523,-0.487718,0.044203,0.016208,1.032628,0.126293,-0.002665,-0.173033,0.174482,-0.0,-0.09546,-0.0,0.0,0.0,-0.038924,-0.174482,0.0,-0.004517,0.0,0.0,0.0,0.0,0.0,0.0,0.0,0.0,0.0,0.0,0.0,-0.0,0.001953,-0.004736,0.0,0.000196,0.0,0.000065,0.0,-0.000065,0.0,-0.000196,0.0,-0.0,0.0,0.005893,
0.0,4.079806,0.878415,-0.000066,0.0,1.570796,0.0,0.769286,0.022733,0.0,0.0,0.0,-0.236605,-0.024373,0.004285,0.418408,-0.13564,0.024552,-0.503164,0.042683,0.01467,1.019302,0.118035,-0.004515,-0.187937,0.174482,-0.0,-0.104534,-0.0,0.0,0.0,-0.029124,-0.174482,0.0,-0.004517,0.0,0.0,0.0,0.0,0.0,-0.0,0.0,-0.0,0.0,0.0,0.0,0.0,0.001953,-0.004709,0.0,0.000196,0.0,0.000065,0.0,-0.000065,0.0,-0.000196,0.0,0.0,0.0,0.00463,
0.0,4.087513,0.87841,-0.000066,0.0,1.570796,0.0,0.770782,-0.000468,0.0,0.0,0.0,-0.229943,-0.024354,0.004432,0.422556,-0.142833,0.024582,-0.515507,0.041383,0.013511,1.001779,0.111916,-0.006021,-0.201457,0.174482,0.0,-0.112925,0.0,0.0,0.0,-0.019866,-0.174482,0.0,-0.004517,0.0,0.0,0.0,-0.0,0.0,0.0,0.0,0.0,0.0,0.0,0.0,0.0,0.001953,-0.0047,0.0,0.000196,0.0,0.000065,0.0,-0.000065,0.0,-0.000196,0.0,0.0,0.0,0.003599,
0.0,4.095229,0.878291,-0.000066,0.0,1.570796,0.0,0.771516,-0.011958,0.0,0.0,0.0,-0.223052,-0.024354,0.004578,0.426341,-0.150343,0.024611,-0.526317,0.040193,0.012541,0.982174,0.106855,-0.007358,-0.214294,0.174482,-0.0,-0.120979,0.0,0.0,0.0,-0.010875,-0.174482,0.0,-0.004517,0.0,0.0,0.0,0.0,0.0,-0.0,0.0,0.0,-0.0,0.0,0.0,0.0,0.001953,-0.0047,0.0,0.000196,0.0,0.000065,0.0,-0.000065,0.0,-0.000196,0.0,0.0,0.0,0.002684,
0.0,4.102944,0.878171,-0.000066,0.0,1.570796,0.0,0.771546,-0.01195,0.0,0.0,0.0,-0.216161,-0.024354,0.004725,0.430125,-0.157854,0.02464,-0.537127,0.039002,0.01157,0.962569,0.101794,-0.008695,-0.227132,0.174482,-0.0,-0.129032,0.0,0.0,0.0,-0.001884,-0.174482,0.0,-0.004517,0.0,0.0,0.0,0.0,0.0,0.0,0.0,0.0,0.0,0.0,0.0,0.0,0.001953,-0.0047,0.0,0.000196,0.0,0.000065,0.0,-0.000065,0.0,-0.000196,0.0,0.0,0.0,0.001768,
0.0,4.110648,0.877955,-0.000066,0.0,1.570796,0.0,0.770387,-0.021655,0.0,0.0,0.0,-0.209618,-0.024354,0.004871,0.434586,-0.165688,0.024662,-0.545695,0.037855,0.010711,0.940087,0.096426,-0.009982,-0.239316,0.174482,-0.0,-0.136515,0.0,-0.0,0.0,0.006763,-0.174482,-0.0,-0.004517,-0.0,0.0,0.0,-0.0,-0.0,-0.0,0.0,-0.0,0.0,-0.0,0.0,-0.0,0.001953,-0.0047,0.0,0.000196,0.0,0.000065,0.0,-0.000065,0.0,-0.000196,0.0,0.0,0.0,0.000859,
0.0,4.118329,0.877546,-0.000066,0.0,1.570796,0.0,0.768069,-0.040873,0.0,0.0,0.0,-0.203765,-0.024354,0.005018,0.440386,-0.174163,0.024668,-0.549824,0.036793,0.01007,0.911901,0.09045,-0.011173,-0.250207,0.174482,0.0,-0.142867,0.0,-0.0,0.0,0.014729,-0.174482,0.0,-0.004517,0.0,0.0,0.0,-0.0,-0.0,-0.0,0.0,-0.0,0.0,-0.0,0.0,0.0,0.001953,-0.0047,0.0,0.000196,0.0,0.000065,0.0,-0.000065,0.0,-0.000196,0.0,-0.0,0.0,-0.000039,
0.0,4.126009,0.877137,-0.000066,0.0,1.570796,0.0,0.768038,-0.040866,0.0,0.0,0.0,-0.197912,-0.024354,0.005164,0.446185,-0.182638,0.024674,-0.553953,0.03573,0.009429,0.883712,0.084475,-0.012363,-0.261099,0.174482,0.0,-0.14922,-0.0,0.0,0.0,0.022695,-0.174482,0.0,-0.004517,0.0,0.0,0.0,0.0,0.0,0.0,0.0,0.0,0.0,0.0,0.0,0.0,0.001953,-0.0047,0.0,0.000196,0.0,0.000065,0.0,-0.000065,0.0,-0.000196,0.0,0.0,0.0,-0.000936,
0.0,4.133689,0.876728,-0.000066,0.0,1.570796,0.0,0.767977,-0.040911,0.0,0.0,0.0,-0.192063,-0.024354,0.005311,0.45199,-0.191113,0.02468,-0.558064,0.034668,0.008788,0.855501,0.078498,-0.013553,-0.271985,0.174482,0.0,-0.155568,-0.0,0.0,0.0,0.030658,-0.174482,0.0,-0.004517,-0.0,0.0,0.0,0.0,0.0,0.0,0.0,-0.0,0.0,0.0,0.0,0.0,0.001953,-0.0047,0.0,0.000196,0.0,0.000065,0.0,-0.000065,0.0,-0.000196,0.0,0.0,0.0,-0.001834,
0.0,4.141097,0.876114,-0.000066,0.0,1.570796,-0.0,0.740788,-0.061444,0.0,0.0,0.0,-0.187612,-0.024281,0.005485,0.459913,-0.199765,0.024686,-0.554315,0.033698,0.008367,0.815514,0.071865,-0.014633,-0.280773,0.174482,-0.0,-0.16018,0.0,0.0,0.0,0.037362,-0.174482,0.0,-0.004517,0.0,0.0,0.0,0.0,0.0,0.0,0.0,0.0,0.0,0.0,0.0,0.0,0.001953,-0.0047,-0.0,0.000196,0.0,0.000065,0.0,-0.000065,0.0,-0.000196,0.0,-0.0,0.0,-0.003171,
0.0,4.148505,0.875499,-0.000066,0.0,1.570796,0.0,0.740757,-0.061436,0.0,0.0,0.0,-0.183162,-0.024208,0.005659,0.467835,-0.208418,0.024692,-0.550566,0.032727,0.007946,0.775507,0.065233,-0.015714,-0.289561,0.174482,0.0,-0.164791,0.0,0.0,0.0,0.044065,-0.174482,0.0,-0.004517,0.0,0.0,0.0,-0.0,0.0,0.0,-0.0,-0.0,0.0,-0.0,0.0,0.0,0.001953,-0.0047,0.0,0.000196,0.0,0.000065,0.0,-0.000065,0.0,-0.000196,0.0,0.0,0.0,-0.004508,
0.0,4.155912,0.874885,-0.000066,0.0,1.570796,0.0,0.740757,-0.061444,0.0,0.0,0.0,-0.178711,-0.024134,0.005833,0.475758,-0.21707,0.024698,-0.546816,0.031756,0.007525,0.735508,0.0586,-0.016794,-0.29835,0.174482,0.0,-0.169403,0.0,0.0,0.0,0.050769,-0.174482,-0.0,-0.004517,0.0,0.0,0.0,0.0,0.0,0.0,0.0,-0.0,0.0,0.0,0.0,-0.0,0.001953,-0.0047,0.0,0.000196,0.0,0.000065,0.0,-0.000065,0.0,-0.000196,0.0,-0.0,0.0,-0.005845,
-0.0,4.163302,0.874186,-0.000066,0.0,1.570796,-0.0,0.739049,-0.069882,0.0,0.0,0.0,-0.172727,-0.02411,0.006006,0.481093,-0.225879,0.024704,-0.54047,0.030945,0.007287,0.691644,0.055376,-0.017629,-0.305809,0.174482,0.0,-0.17302,0.0,0.0,0.0,0.056382,-0.174482,0.0,-0.004517,0.0,0.0,0.0,0.0,0.0,0.0,0.0,0.0,0.0,-0.0,0.0,-0.0,0.001953,-0.0047,0.0,0.000196,0.0,0.000065,0.0,-0.000065,0.0,-0.000196,0.0,0.0,0.0,-0.007047,
0.0,4.170686,0.873446,-0.000066,0.0,1.570796,0.0,0.738317,-0.074055,0.0,0.0,0.0,-0.165983,-0.02411,0.00618,0.485149,-0.234767,0.02471,-0.532839,0.030213,0.007141,0.645813,0.053837,-0.018344,-0.312613,0.174482,-0.0,-0.176145,0.0,0.0,0.0,0.061457,-0.174482,0.0,-0.004517,0.0,0.0,0.0,-0.0,0.0,-0.0,0.0,-0.0,0.0,-0.0,0.0,-0.0,0.001953,-0.0047,0.0,0.000196,0.0,0.000065,0.0,-0.000065,0.0,-0.000196,0.0,0.0,0.0,-0.008182,
0.0,4.178069,0.872705,-0.000066,0.0,1.570796,0.0,0.738256,-0.074055,0.0,0.0,0.0,-0.15924,-0.02411,0.006354,0.489204,-0.243654,0.024717,-0.525209,0.02948,0.006994,0.599986,0.052299,-0.019058,-0.319416,0.174482,0.0,-0.17927,0.0,0.0,0.0,0.066532,-0.174482,-0.0,-0.004517,0.0,0.0,0.0,-0.0,0.0,-0.0,0.0,-0.0,0.0,0.0,0.0,-0.0,0.001953,-0.0047,0.0,0.000196,0.0,0.000065,0.0,-0.000065,0.0,-0.000196,0.0,-0.0,0.0,-0.009317,
0.0,4.185525,0.872032,-0.000066,0.0,1.570796,0.0,0.745671,-0.067288,0.0,0.0,0.0,-0.151721,-0.024086,0.006501,0.491847,-0.251591,0.024723,-0.516123,0.028809,0.006897,0.553659,0.051461,-0.019698,-0.325493,0.174482,0.0,-0.181982,0.0,0.0,0.0,0.070985,-0.174482,0.0,-0.004517,0.0,0.0,0.0,-0.0,0.0,0.0,0.0,0.0,0.0,0.0,0.0,0.0,0.001953,-0.004724,0.0,0.000196,0.0,0.000065,0.0,-0.000065,0.0,-0.000196,0.0,0.0,0.0,-0.010262,
0.0,4.193128,0.871493,-0.000066,0.0,1.570796,0.0,0.760257,-0.053889,0.0,0.0,0.0,-0.142672,-0.024012,0.006592,0.491696,-0.257648,0.024729,-0.50416,0.02826,0.006897,0.506247,0.052011,-0.020193,-0.330135,0.174482,-0.0,-0.183876,0.0,0.0,0.0,0.07421,-0.174482,0.0,-0.004517,0.0,0.0,0.0,0.0,0.0,-0.0,0.0,0.0,0.0,-0.0,0.0,0.0,0.001953,-0.004798,0.0,0.000196,0.0,0.000065,0.0,-0.000065,0.0,-0.000196,0.0,0.0,0.0,-0.010829,
0.0,4.20073,0.870954,-0.000066,0.0,1.570796,0.0,0.760288,-0.053897,0.0,0.0,0.0,-0.133622,-0.023939,0.006684,0.491545,-0.263705,0.024735,-0.492195,0.02771,0.006897,0.458812,0.05256,-0.020687,-0.334776,0.174482,0.0,-0.18577,0.0,0.0,0.0,0.077435,-0.174482,0.0,-0.004517,0.0,0.0,0.0,0.0,0.0,0.0,0.0,0.0,0.0,0.0,0.0,0.0,0.001953,-0.004871,0.0,0.000196,0.0,0.000065,0.0,-0.000065,0.0,-0.000196,0.0,-0.0,0.0,-0.011397,
0.0,4.208334,0.870416,-0.000066,0.0,1.570796,0.0,0.760379,-0.053882,0.0,0.0,0.0,-0.124571,-0.023866,0.006775,0.491393,-0.269755,0.024741,-0.480217,0.027161,0.006898,0.41141,0.05312,-0.021181,-0.339407,0.174482,-0.0,-0.187658,0.0,0.0,0.0,0.080657,-0.174482,0.0,-0.004517,-0.0,0.0,0.0,-0.0,0.0,-0.0,0.0,0.0,0.0,-0.0,0.0,-0.0,0.001953,-0.004944,0.0,0.000196,0.0,0.000065,0.0,-0.000065,0.0,-0.000196,0.0,0.0,0.0,-0.011962,
0.0,4.216335,0.869898,-0.000066,0.0,1.570796,0.0,0.800052,-0.051796,0.0,0.0,0.0,-0.115163,-0.023866,0.006775,0.490997,-0.273268,0.024747,-0.462444,0.026777,0.007136,0.361905,0.057407,-0.021511,-0.340039,0.174482,0.0,-0.187474,-0.0,-0.0,0.0,0.082489,-0.174482,-0.0,-0.004517,0.0,0.0,0.0,0.0,-0.0,0.0,0.0,0.0,0.0,0.0,0.0,0.0,0.001953,-0.004944,0.0,0.000196,0.0,0.000065,0.0,-0.000065,0.0,-0.000196,0.0,-0.0,0.0,-0.011357,
0.0,4.224334,0.86938,-0.000066,0.0,1.570796,-0.0,0.799961,-0.051789,0.0,0.0,0.0,-0.105756,-0.023866,0.006775,0.4906,-0.27678,0.024753,-0.444672,0.026392,0.007374,0.312364,0.061693,-0.02184,-0.340671,0.174482,0.0,-0.187291,-0.0,0.0,0.0,0.084322,-0.174482,0.0,-0.004517,0.0,0.0,0.0,0.0,0.0,0.0,0.0,0.0,0.0,0.0,0.0,0.0,0.001953,-0.004944,0.0,0.000196,0.0,0.000065,-0.0,-0.000065,0.0,-0.000196,0.0,-0.0,0.0,-0.010753,
0.0,4.232335,0.868862,-0.000066,0.0,1.570796,0.0,0.800022,-0.051789,0.0,0.0,0.0,-0.096347,-0.023866,0.006775,0.490204,-0.280293,0.024759,-0.426898,0.026008,0.007612,0.262838,0.06598,-0.02217,-0.341302,0.174482,0.0,-0.187107,-0.0,0.0,-0.0,0.086155,-0.174482,0.0,-0.004517,0.0,0.0,0.0,0.0,0.0,0.0,0.0,-0.0,0.0,-0.0,0.0,-0.0,0.001953,-0.004944,0.0,0.000196,0.0,0.000065,0.0,-0.000065,0.0,-0.000196,0.0,0.0,0.0,-0.010149,
-0.0,4.240513,0.868375,-0.000066,0.0,1.570796,-0.0,0.817813,-0.048698,0.0,0.0,0.0,-0.087533,-0.023866,0.006738,0.49097,-0.283076,0.024765,-0.409501,0.025758,0.007936,0.225043,0.069274,-0.022377,-0.339398,0.174482,-0.0,-0.185495,0.0,0.0,0.0,0.08762,-0.174482,0.0,-0.004517,0.0,0.0,0.0,-0.0,0.0,0.0,0.0,-0.0,0.0,0.0,0.0,-0.0,0.001953,-0.004993,0.0,0.000196,0.0,0.000065,0.0,-0.000065,0.0,-0.000196,0.0,0.0,0.0,-0.01001,
0.0,4.248778,0.867903,-0.000066,0.0,1.570796,0.0,0.826541,-0.047156,0.0,0.0,0.0,-0.079012,-0.023866,0.006683,0.492311,-0.2855,0.024772,-0.392287,0.025575,0.008302,0.193005,0.072078,-0.022524,-0.33624,0.174482,0.0,-0.183178,0.0,0.0,0.0,0.088903,-0.174482,0.0,-0.004517,0.0,0.0,0.0,-0.0,0.0,0.0,0.0,0.0,0.0,0.0,0.0,-0.0,0.001953,-0.005066,0.0,0.000196,0.0,0.000065,0.0,-0.000065,0.0,-0.000196,0.0,0.0,0.0,-0.010102,
-0.0,4.257044,0.867432,-0.000066,0.0,1.570796,-0.0,0.826572,-0.047164,0.0,0.0,0.0,-0.07049,-0.023866,0.006628,0.493651,-0.287923,0.024778,-0.375072,0.025392,0.008668,0.160967,0.074881,-0.02267,-0.333083,0.174482,0.0,-0.180861,-0.0,0.0,0.0,0.090186,-0.174482,0.0,-0.004517,0.0,0.0,0.0,0.0,0.0,-0.0,0.0,-0.0,0.0,0.0,0.0,-0.0,0.001953,-0.00514,0.0,0.000196,0.0,0.000065,0.0,-0.000065,0.0,-0.000196,0.0,-0.0,0.0,-0.010193,
0.0,4.265405,0.866991,-0.000066,0.0,1.570796,0.0,0.836093,-0.044096,0.0,0.0,0.0,-0.061754,-0.023897,0.006518,0.494586,-0.288997,0.024784,-0.362256,0.02527,0.009035,0.139736,0.076742,-0.022767,-0.328667,0.174482,-0.0,-0.17784,0.0,0.0,0.0,0.091383,-0.174482,0.0,-0.004517,0.0,0.0,0.0,-0.0,0.0,-0.0,0.0,0.0,0.0,-0.0,0.0,0.0,0.001953,-0.005188,0.0,0.000196,0.0,0.000065,0.0,-0.000065,0.0,-0.000196,0.0,-0.0,0.0,-0.010753,
0.0,4.273952,0.86661,-0.000066,0.0,1.570796,0.0,0.854739,-0.038029,0.0,0.0,0.0,-0.052596,-0.023988,0.006298,0.494718,-0.287406,0.02479,-0.358125,0.02527,0.009401,0.139828,0.076742,-0.022767,-0.321768,0.174482,-0.0,-0.173429,0.0,0.0,0.0,0.092409,-0.174482,0.0,-0.004517,0.0,0.0,0.0,0.0,0.0,0.0,0.0,0.0,-0.0,0.0,0.0,-0.0,0.001953,-0.005188,0.0,0.000196,0.0,0.000065,0.0,-0.000065,0.0,-0.000196,0.0,0.0,0.0,-0.012236,
0.0,4.2825,0.86623,-0.000066,0.0,1.570796,0.0,0.854739,-0.038029,0.0,0.0,0.0,-0.043437,-0.02408,0.006079,0.49485,-0.285815,0.024796,-0.353995,0.02527,0.009767,0.13992,0.076742,-0.022767,-0.314868,0.174482,0.0,-0.169018,-0.0,0.0,0.0,0.093436,-0.174482,0.0,-0.004517,0.0,0.0,0.0,0.0,0.0,0.0,0.0,0.0,0.0,-0.0,0.0,0.0,0.001953,-0.005188,0.0,0.000196,0.0,0.000065,0.0,-0.000065,0.0,-0.000196,0.0,-0.0,0.0,-0.013719,
0.0,4.291047,0.865851,-0.000066,0.0,1.570796,0.0,0.854739,-0.037915,0.0,0.0,0.0,-0.034276,-0.024172,0.005858,0.494974,-0.284206,0.024802,-0.349862,0.02527,0.010134,0.140011,0.076784,-0.022766,-0.30796,0.174482,0.0,-0.164606,0.0,0.0,0.0,0.094458,-0.174482,0.0,-0.004517,0.0,0.0,0.0,0.0,0.0,-0.0,0.0,-0.0,0.0,-0.0,0.0,-0.0,0.001953,-0.005188,0.0,0.000196,0.0,0.000065,0.0,-0.000065,0.0,-0.000196,0.0,0.0,0.0,-0.015199,
0.0,4.299536,0.865886,-0.000066,0.0,1.570796,0.0,0.848907,0.003489,0.0,0.0,0.0,-0.024204,-0.024281,0.005456,0.492142,-0.27637,0.024808,-0.344845,0.025362,0.010922,0.140085,0.09125,-0.022345,-0.298299,0.174482,0.0,-0.159886,0.0,0.0,0.0,0.093963,-0.174482,-0.0,-0.004517,0.0,0.0,0.0,0.0,0.0,-0.0,0.0,0.0,0.0,0.0,0.0,0.0,0.001953,-0.005188,0.0,0.000196,0.0,0.000065,0.0,-0.000065,0.0,-0.000196,0.0,0.0,0.0,-0.0154,
0.0,4.308025,0.865921,-0.000066,0.0,1.570796,0.0,0.848938,0.003489,0.0,0.0,0.0,-0.014132,-0.024391,0.005053,0.489311,-0.268534,0.024814,-0.339827,0.025453,0.011709,0.140158,0.105717,-0.021924,-0.288637,0.174482,0.0,-0.155165,0.0,0.0,0.0,0.093468,-0.174482,0.0,-0.004517,0.0,0.0,0.0,0.0,0.0,0.0,0.0,-0.0,0.0,-0.0,0.0,0.0,0.001953,-0.005188,0.0,0.000196,0.0,0.000065,0.0,-0.000065,0.0,-0.000196,0.0,0.0,0.0,-0.015602,
0.0,4.316514,0.865956,-0.000066,0.0,1.570796,0.0,0.848877,0.003482,0.0,0.0,0.0,-0.00406,-0.024501,0.00465,0.48648,-0.260698,0.02482,-0.33481,0.025545,0.012497,0.140232,0.120184,-0.021503,-0.278976,0.174482,0.0,-0.150444,0.0,0.0,0.0,0.092973,-0.174482,-0.0,-0.004517,0.0,0.0,0.0,-0.0,0.0,-0.0,0.0,0.0,0.0,-0.0,0.0,-0.0,0.001953,-0.005188,0.0,0.000196,0.0,0.000065,0.0,-0.000065,0.0,-0.000196,0.0,-0.0,0.0,-0.015803,
0.0,4.324528,0.86616,-0.000066,0.0,1.570796,0.0,0.80136,0.020462,0.0,0.0,0.0,0.002493,-0.02466,0.004173,0.488452,-0.250193,0.024826,-0.328941,0.025575,0.012904,0.140256,0.131109,-0.021216,-0.268921,0.174482,0.0,-0.145898,0.0,0.0,0.0,0.090441,-0.174482,0.0,-0.004517,0.0,0.0,0.0,0.0,0.0,0.0,-0.0,-0.0,0.0,0.0,-0.0,-0.0,0.001953,-0.005127,0.0,0.000196,0.0,0.000065,0.0,-0.000065,0.0,-0.000196,0.0,0.0,0.0,-0.015808,
0.0,4.332305,0.866449,-0.000066,0.0,1.570796,0.0,0.777769,0.028837,0.0,0.0,0.0,0.007308,-0.024843,0.003661,0.492795,-0.238372,0.024833,-0.322652,0.025575,0.013124,0.140256,0.140287,-0.020996,-0.258673,0.174482,-0.0,-0.141437,0.0,0.0,0.0,0.086903,-0.174482,0.0,-0.004517,0.0,0.0,0.0,-0.0,0.0,0.0,-0.0,-0.0,0.0,-0.0,0.0,-0.0,0.001953,-0.005035,0.0,0.000196,0.0,0.000065,0.0,-0.000065,0.0,-0.000196,0.0,0.0,0.0,-0.015717,
0.0,4.340084,0.866737,-0.000066,0.0,1.570796,0.0,0.77783,0.028837,0.0,0.0,0.0,0.012124,-0.025026,0.003148,0.497138,-0.226549,0.024839,-0.316363,0.025575,0.013343,0.140256,0.149466,-0.020777,-0.248424,0.174482,0.0,-0.136976,0.0,0.0,0.0,0.083366,-0.174482,0.0,-0.004517,0.0,0.0,0.0,0.0,0.0,-0.0,0.0,0.0,0.0,0.0,0.0,0.0,0.001953,-0.004944,0.0,0.000196,0.0,0.000065,0.0,-0.000065,0.0,-0.000196,0.0,-0.0,0.0,-0.015625,
0.0,4.34754,0.867085,-0.000066,0.0,1.570796,0.0,0.745603,0.034832,0.0,0.0,0.0,0.014095,-0.025228,0.002666,0.505576,-0.214267,0.024818,-0.31004,0.025575,0.013452,0.140237,0.156496,-0.020631,-0.238387,0.174482,0.0,-0.132707,0.0,0.0,0.0,0.078566,-0.174482,0.0,-0.004517,0.0,0.0,0.0,0.0,0.0,-0.0,0.0,0.0,0.0,0.0,-0.0,-0.0,0.001953,-0.004883,0.0,0.000196,0.0,0.000065,0.0,-0.000065,0.0,-0.000196,0.0,-0.0,0.0,-0.01562,
0.0,4.354361,0.867552,-0.000066,0.0,1.570796,-0.0,0.682065,0.046653,0.0,0.0,0.0,0.010451,-0.025466,0.002245,0.522098,-0.201073,0.024745,-0.303649,0.025575,0.013342,0.140182,0.159289,-0.020631,-0.228767,0.174482,0.0,-0.128817,0.0,0.0,0.0,0.071273,-0.174482,0.0,-0.004517,0.0,0.0,0.0,-0.0,0.0,0.0,0.0,0.0,0.0,-0.0,0.0,0.0,0.001953,-0.004883,0.0,0.000196,0.0,0.000065,0.0,-0.000065,0.0,-0.000196,0.0,-0.0,0.0,-0.015785,
0.0,4.361181,0.868018,-0.000066,0.0,1.570796,0.0,0.682004,0.046646,0.0,0.0,0.0,0.006807,-0.025704,0.001824,0.538619,-0.18788,0.024672,-0.29726,0.025575,0.013233,0.140127,0.162081,-0.020631,-0.219147,0.174482,-0.0,-0.124927,-0.0,0.0,0.0,0.063981,-0.174482,0.0,-0.004517,0.0,0.0,0.0,0.0,0.0,0.0,0.0,-0.0,0.0,0.0,0.0,0.0,0.001953,-0.004883,0.0,0.000196,0.0,0.000065,0.0,-0.000065,0.0,-0.000196,0.0,-0.0,0.0,-0.01595,
0.0,4.367999,0.868485,-0.000066,0.0,1.570796,0.0,0.681851,0.046668,0.0,0.0,0.0,0.003133,-0.025942,0.001403,0.555182,-0.174677,0.024598,-0.29087,0.025575,0.013122,0.140072,0.16485,-0.020631,-0.209531,0.174482,0.0,-0.121037,0.0,0.0,0.0,0.056685,-0.174482,0.0,-0.004517,0.0,0.0,0.0,0.0,0.0,-0.0,0.0,-0.0,0.0,0.0,-0.0,-0.0,0.001953,-0.004883,0.0,0.000196,0.0,0.000065,0.0,-0.000065,0.0,-0.000196,0.0,0.0,0.0,-0.016121,
0.0,4.374132,0.869012,-0.000066,0.0,1.570796,-0.0,0.613339,0.052676,0.0,0.0,0.0,-0.00996,-0.026263,0.00122,0.585087,-0.158685,0.024323,-0.284638,0.025557,0.012682,0.13998,0.160056,-0.020764,-0.201141,0.174482,0.0,-0.11702,0.0,0.0,0.0,0.04826,-0.174482,0.0,-0.004517,0.0,0.0,0.0,0.0,0.0,0.0,0.0,0.0,0.0,0.0,0.0,0.0,0.001953,-0.004791,0.0,0.000196,0.0,0.000065,0.0,-0.000065,0.0,-0.000196,0.0,0.0,0.0,-0.018484,
0.0,4.380266,0.869538,-0.000066,0.0,1.570796,0.0,0.613339,0.052676,0.0,0.0,0.0,-0.023054,-0.026583,0.001037,0.615002,-0.142689,0.024048,-0.278405,0.025539,0.012243,0.139889,0.155261,-0.020897,-0.19275,0.174482,-0.0,-0.113003,0.0,0.0,0.0,0.039834,-0.174482,0.0,-0.004517,0.0,0.0,0.0,0.0,0.0,-0.0,0.0,0.0,0.0,0.0,0.0,-0.0,0.001953,-0.0047,0.0,0.000196,0.0,0.000065,0.0,-0.000065,0.0,-0.000196,0.0,0.0,0.0,-0.020846,
0.0,4.386399,0.870065,-0.000066,0.0,1.570796,0.0,0.613308,0.052668,0.0,0.0,0.0,-0.036147,-0.026904,0.000854,0.644909,-0.126697,0.023774,-0.272174,0.02552,0.011803,0.139797,0.150468,-0.02103,-0.184361,0.174482,0.0,-0.108987,0.0,0.0,0.0,0.031409,-0.174482,0.0,-0.004517,0.0,0.0,0.0,0.0,0.0,0.0,0.0,0.0,0.0,0.0,0.0,-0.0,0.001953,-0.004608,0.0,0.000196,0.0,0.000065,0.0,-0.000065,0.0,-0.000196,0.0,0.0,0.0,-0.023208,
0.0,4.392199,0.870797,-0.000066,0.0,1.570796,0.0,0.580012,0.073242,0.0,0.0,0.0,-0.053628,-0.027224,0.000855,0.677098,-0.106035,0.02329,-0.266466,0.025514,0.011658,0.139766,0.144655,-0.021162,-0.175965,0.174482,0.0,-0.104737,-0.0,0.0,0.0,0.023059,-0.174482,0.0,-0.004517,0.0,0.0,0.0,0.0,0.0,0.0,0.0,0.0,0.0,0.0,0.0,0.0,0.001953,-0.004578,0.0,0.000196,0.0,0.000065,0.0,-0.000065,0.0,-0.000196,0.0,0.0,0.0,-0.024724,
0.0,4.397834,0.871631,-0.000066,0.0,1.570796,0.0,0.563532,0.083373,0.0,0.0,0.0,-0.073272,-0.027545,0.000946,0.710426,-0.083067,0.022704,-0.261018,0.025514,0.011658,0.139766,0.138341,-0.021295,-0.167567,0.174482,-0.0,-0.100374,-0.0,0.0,0.0,0.014745,-0.174482,0.0,-0.004517,0.0,0.0,0.0,0.0,0.0,-0.0,0.0,-0.0,0.0,0.0,0.0,0.0,0.001953,-0.004578,0.0,0.000196,0.0,0.000065,0.0,-0.000065,0.0,-0.000196,0.0,0.0,0.0,-0.025823,
0.0,4.40347,0.872465,-0.000066,0.0,1.570796,0.0,0.563563,0.083373,0.0,0.0,0.0,-0.092918,-0.027865,0.001038,0.743756,-0.060099,0.022118,-0.25557,0.025514,0.011658,0.139766,0.132026,-0.021428,-0.159169,0.174482,0.0,-0.09601,0.0,0.0,0.0,0.006431,-0.174482,0.0,-0.004517,0.0,0.0,0.0,-0.0,0.0,0.0,0.0,-0.0,0.0,0.0,0.0,-0.0,0.001953,-0.004578,0.0,0.000196,0.0,0.000065,0.0,-0.000065,0.0,-0.000196,0.0,0.0,0.0,-0.026922,
0.0,4.408992,0.873251,-0.000066,0.0,1.570796,0.0,0.55221,0.078596,0.0,0.0,0.0,-0.113115,-0.028226,0.001068,0.775294,-0.039917,0.021532,-0.250186,0.025514,0.011597,0.139766,0.125418,-0.021561,-0.150528,0.174482,0.0,-0.091437,0.0,0.0,0.0,-0.001722,-0.174482,-0.0,-0.004517,-0.0,0.0,0.0,0.0,0.0,0.0,0.0,-0.0,0.0,0.0,0.0,0.0,0.001953,-0.004547,0.0,0.000196,0.0,0.000065,0.0,-0.000065,0.0,-0.000196,0.0,0.0,0.0,-0.027065,
0.0,4.414292,0.873943,-0.000066,0.0,1.570796,0.0,0.529994,0.069218,0.0,0.0,0.0,-0.134412,-0.028665,0.000976,0.803346,-0.025211,0.020946,-0.244928,0.025514,0.011413,0.139766,0.118227,-0.021693,-0.141405,0.174482,0.0,-0.086452,0.0,0.0,0.0,-0.00956,-0.174482,0.0,-0.004517,0.0,0.0,0.0,-0.0,0.0,-0.0,0.0,0.0,0.0,-0.0,0.0,-0.0,0.001953,-0.004455,0.0,0.000196,0.0,0.000065,0.0,-0.000065,0.0,-0.000196,0.0,0.0,0.0,-0.025325,
-0.0,4.419591,0.874635,-0.000066,0.0,1.570796,-0.0,0.529964,0.069203,0.0,0.0,0.0,-0.155709,-0.029105,0.000885,0.831401,-0.010506,0.02036,-0.23967,0.025514,0.01123,0.139766,0.111037,-0.021826,-0.132282,0.174482,0.0,-0.081467,0.0,0.0,0.0,-0.017397,-0.174482,0.0,-0.004517,0.0,0.0,0.0,0.0,0.0,-0.0,0.0,-0.0,0.0,-0.0,0.0,-0.0,0.001953,-0.004364,0.0,0.000196,0.0,0.000065,0.0,-0.000065,0.0,-0.000196,0.0,0.0,0.0,-0.023586,
-0.0,4.42489,0.875327,-0.000066,0.0,1.570796,0.0,0.529781,0.06915,0.0,0.0,0.0,-0.177,-0.029543,0.000794,0.859411,0.004149,0.019776,-0.234448,0.025514,0.011046,0.139832,0.103834,-0.021959,-0.123162,0.174482,-0.0,-0.076481,0.0,0.0,0.0,-0.025244,-0.174482,0.0,-0.004517,0.0,0.0,0.0,0.0,0.0,0.0,0.0,0.0,0.0,0.0,0.0,-0.0,0.001953,-0.004273,0.0,0.000196,0.0,0.000065,0.0,-0.000065,0.0,-0.000196,0.0,0.0,0.0,-0.021843,
0.0,4.429639,0.875818,-0.000066,0.0,1.570796,0.0,0.474942,0.049088,0.0,0.0,0.0,-0.197088,-0.02969,0.000977,0.876136,0.003581,0.019666,-0.239668,0.025588,0.010441,0.159405,0.092782,-0.022092,-0.114891,0.174482,0.0,-0.071351,0.0,0.0,0.0,-0.035757,-0.174482,0.0,-0.004517,0.0,0.0,0.0,0.0,0.0,0.0,0.0,-0.0,0.0,-0.0,0.0,-0.0,0.001953,-0.004273,0.0,0.000196,0.0,0.000065,0.0,-0.000065,0.0,-0.000196,0.0,0.0,0.0,-0.01928,
0.0,4.434389,0.876308,-0.000066,0.0,1.570796,0.0,0.474972,0.049088,0.0,0.0,0.0,-0.21718,-0.029836,0.00116,0.892864,0.003013,0.019556,-0.244889,0.025661,0.009837,0.178983,0.08173,-0.022224,-0.10662,0.174482,0.0,-0.066221,-0.0,0.0,0.0,-0.046271,-0.174482,0.0,-0.004517,0.0,0.0,0.0,0.0,0.0,-0.0,0.0,0.0,0.0,-0.0,0.0,0.0,0.001953,-0.004273,0.0,0.000196,0.0,0.000065,0.0,-0.000065,0.0,-0.000196,0.0,0.0,0.0,-0.016716,
0.0,4.439138,0.876799,-0.000066,0.0,1.570796,-0.0,0.474972,0.049088,0.0,0.0,0.0,-0.23727,-0.029983,0.001343,0.909591,0.002446,0.019446,-0.25011,0.025734,0.009233,0.198558,0.070678,-0.022357,-0.098349,0.174482,0.0,-0.06109,0.0,0.0,0.0,-0.056784,-0.174482,0.0,-0.004517,0.0,0.0,0.0,0.0,0.0,-0.0,0.0,-0.0,0.0,-0.0,0.0,0.0,0.001953,-0.004273,0.0,0.000196,0.0,0.000065,0.0,-0.000065,0.0,-0.000196,0.0,0.0,0.0,-0.014152,
0.0,4.44351,0.877214,-0.000066,0.0,1.570796,0.0,0.437131,0.041472,0.0,0.0,0.0,-0.252836,-0.030031,0.001404,0.915109,-0.006564,0.019637,-0.251709,0.025758,0.008886,0.210966,0.062072,-0.022445,-0.090487,0.174482,0.0,-0.056145,-0.0,-0.0,-0.0,-0.067142,-0.174482,0.0,-0.005032,0.0,0.0,0.0,0.0,-0.0,-0.0,0.0,0.0,0.0,0.0,0.0,0.0,0.001953,-0.004322,0.0,0.000196,0.0,0.000065,0.0,-0.000065,0.0,-0.000196,0.0,0.0,0.0,-0.01203,
0.0,4.447695,0.877591,-0.000066,0.0,1.570796,0.0,0.418485,0.037709,0.0,0.0,0.0,-0.266175,-0.030031,0.001404,0.915109,-0.019731,0.019976,-0.251524,0.025758,0.008667,0.219846,0.054671,-0.022511,-0.082826,0.174482,0.0,-0.051291,0.0,0.0,0.0,-0.077422,-0.174482,-0.0,-0.005801,0.0,0.0,0.0,0.0,0.0,-0.0,0.0,-0.0,0.0,-0.0,0.0,0.0,0.001953,-0.004395,0.0,0.000196,0.0,0.000065,0.0,-0.000065,0.0,-0.000196,0.0,0.0,0.0,-0.010126,
0.0,4.451879,0.877968,-0.000066,0.0,1.570796,-0.0,0.418485,0.037709,0.0,0.0,0.0,-0.279514,-0.030031,0.001404,0.915109,-0.032899,0.020315,-0.251339,0.025758,0.008447,0.228726,0.047271,-0.022577,-0.075165,0.174482,-0.0,-0.046437,0.0,0.0,0.0,-0.087703,-0.174482,0.0,-0.00657,0.0,0.0,0.0,0.0,0.0,0.0,0.0,-0.0,0.0,0.0,0.0,0.0,0.001953,-0.004468,0.0,0.000196,0.0,0.000065,0.0,-0.000065,0.0,-0.000196,0.0,0.0,0.0,-0.008221,
0.0,4.455894,0.87832,-0.000066,0.0,1.570796,0.0,0.401426,0.035152,0.0,0.0,0.0,-0.291249,-0.030007,0.001348,0.911427,-0.046906,0.020653,-0.250465,0.025758,0.008258,0.235981,0.04066,-0.022643,-0.067691,0.174482,0.0,-0.041743,0.0,0.0,0.0,-0.097819,-0.174482,0.0,-0.008104,0.0,0.0,0.0,0.0,0.0,-0.0,0.0,0.0,0.0,0.0,0.0,-0.0,0.001953,-0.004517,0.0,0.000196,0.0,0.000065,0.0,-0.000065,0.0,-0.000196,0.0,0.0,0.0,-0.006804,
-0.0,4.459572,0.878621,-0.000066,0.0,1.570796,-0.0,0.367887,0.030115,0.0,0.0,0.0,-0.299825,-0.029933,0.001184,0.900494,-0.062573,0.020992,-0.248232,0.025758,0.00813,0.24004,0.035605,-0.022709,-0.060583,0.174482,0.0,-0.037366,0.0,0.0,0.0,-0.107613,-0.174482,0.0,-0.011144,0.0,0.0,0.0,0.0,0.0,-0.0,0.0,0.0,0.0,0.0,0.0,-0.0,0.001953,-0.004517,0.0,0.000196,0.0,0.000065,0.0,-0.000065,0.0,-0.000196,0.0,0.0,0.0,-0.006346,
0.0,4.463251,0.878922,-0.000066,0.0,1.570796,0.0,0.367857,0.030107,0.0,0.0,0.0,-0.308402,-0.02986,0.001019,0.889561,-0.078239,0.021331,-0.245999,0.025758,0.008002,0.244098,0.030551,-0.022775,-0.053475,0.174482,0.0,-0.032989,0.0,0.0,0.0,-0.117406,-0.174482,0.0,-0.014184,0.0,0.0,0.0,0.0,0.0,-0.0,0.0,0.0,0.0,-0.0,0.0,-0.0,0.001953,-0.004517,0.0,0.000196,-0.0,0.000065,0.0,-0.000065,0.0,-0.000196,0.0,0.0,0.0,-0.005888,
0.0,4.466928,0.879222,-0.000066,0.0,1.570796,0.0,0.367765,0.030046,0.0,0.0,0.0,-0.316963,-0.029786,0.000855,0.8786,-0.093894,0.02167,-0.243775,0.025759,0.007873,0.248169,0.025491,-0.022841,-0.046369,0.174482,-0.0,-0.028613,0.0,0.0,0.0,-0.127191,-0.174482,0.0,-0.017223,0.0,0.0,0.0,0.0,0.0,0.0,0.0,0.0,0.0,-0.0,0.0,-0.0,0.001953,-0.004517,0.0,0.000196,-0.0,0.000065,0.0,-0.000065,0.0,-0.000196,0.0,0.0,0.0,-0.005433,
0.0,4.470355,0.879356,-0.000066,0.0,1.570796,0.0,0.34265,0.013374,0.0,0.0,0.0,-0.321379,-0.029438,0.000983,0.859799,-0.106825,0.022091,-0.243775,0.02585,0.00769,0.255833,0.019027,-0.022907,-0.039849,0.174482,0.0,-0.024676,0.0,0.0,0.0,-0.134441,-0.174482,0.0,-0.020153,0.0,0.0,0.0,0.0,0.0,0.0,0.0,0.0,0.0,-0.0,0.0,-0.0,0.001953,-0.004517,0.0,0.000196,0.0,0.000065,0.0,-0.000065,0.0,-0.000196,0.0,0.0,0.0,-0.005708,
-0.0,4.473782,0.87949,-0.000066,0.0,1.570796,-0.0,0.34265,0.013367,0.0,0.0,0.0,-0.325795,-0.02909,0.001111,0.840994,-0.119758,0.022512,-0.243775,0.025942,0.007507,0.263498,0.012563,-0.022973,-0.033329,0.174482,0.0,-0.020739,0.0,0.0,0.0,-0.141692,-0.174482,0.0,-0.023083,0.0,0.0,0.0,-0.0,0.0,0.0,0.0,0.0,0.0,0.0,0.0,0.0,0.001953,-0.004517,0.0,0.000196,0.0,0.000065,0.0,-0.000065,0.0,-0.000196,0.0,0.0,0.0,-0.005983,
0.0,4.477208,0.879623,-0.000066,0.0,1.570796,0.0,0.34262,0.013367,0.0,0.0,0.0,-0.330211,-0.028742,0.00124,0.822191,-0.132689,0.022934,-0.243775,0.026033,0.007324,0.271162,0.006099,-0.023039,-0.026809,0.174482,0.0,-0.016802,0.0,0.0,0.0,-0.148943,-0.174482,-0.0,-0.026013,0.0,0.0,0.0,0.0,0.0,0.0,0.0,0.0,0.0,0.0,0.0,-0.0,0.001953,-0.004517,0.0,0.000196,0.0,0.000065,0.0,-0.000065,0.0,-0.000196,0.0,-0.0,0.0,-0.006257,
0.0,4.480512,0.879687,-0.000066,0.0,1.570796,-0.0,0.330444,0.006347,0.0,0.0,0.0,-0.330672,-0.028247,0.001693,0.799161,-0.146138,0.023355,-0.243651,0.026064,0.007141,0.278475,-0.000574,-0.023104,-0.021051,0.174482,0.0,-0.013245,0.0,0.0,0.0,-0.154584,-0.174482,0.0,-0.028722,0.0,0.0,0.0,0.0,0.0,0.0,0.0,-0.0,0.0,-0.0,0.0,-0.0,0.001953,-0.004517,0.0,0.000196,0.0,0.000065,-0.0,-0.000065,-0.0,-0.000196,0.0,0.0,0.0,-0.006569,
0.0,4.483757,0.879716,-0.000066,0.0,1.570796,0.0,0.324432,0.00289,0.0,0.0,0.0,-0.329187,-0.027679,0.002306,0.774043,-0.159842,0.023776,-0.243467,0.026064,0.006958,0.285616,-0.007349,-0.02317,-0.015667,0.174482,-0.0,-0.009876,0.0,0.0,0.0,-0.159433,-0.174482,0.0,-0.031323,0.0,0.0,0.0,0.0,0.0,0.0,0.0,0.0,0.0,0.0,0.0,0.0,0.001953,-0.004517,0.0,0.000196,0.0,0.000065,0.0,-0.000065,0.0,-0.000196,0.0,0.0,0.0,-0.006898,
0.0,4.487001,0.879745,-0.000066,0.0,1.570796,0.0,0.324463,0.002898,0.0,0.0,0.0,-0.327702,-0.027111,0.00292,0.748926,-0.173547,0.024197,-0.243282,0.026064,0.006774,0.292757,-0.014125,-0.023236,-0.010283,0.174482,0.0,-0.006506,0.0,0.0,0.0,-0.164283,-0.174482,0.0,-0.033923,0.0,0.0,0.0,0.0,0.0,-0.0,0.0,0.0,0.0,-0.0,0.0,-0.0,0.001953,-0.004517,0.0,0.000196,0.0,0.000065,0.0,-0.000065,0.0,-0.000196,0.0,-0.0,0.0,-0.007228,
0.0,4.490212,0.87975,-0.000066,0.0,1.570796,0.0,0.321106,0.00051,0.0,0.0,0.0,-0.325286,-0.026575,0.003533,0.723577,-0.185628,0.024532,-0.242948,0.026064,0.006591,0.299546,-0.020765,-0.023302,-0.005177,0.174482,-0.0,-0.004273,0.0,0.0,0.0,-0.168334,-0.174482,0.0,-0.036425,0.0,0.0,0.0,0.0,0.0,0.0,0.0,0.0,0.0,0.0,0.0,0.0,0.001953,-0.004517,0.0,0.000196,0.0,0.000065,0.0,-0.000065,0.0,-0.000196,0.0,-0.0,0.0,-0.007447,
0.0,4.493358,0.879708,-0.000066,0.0,1.570796,0.0,0.314606,-0.004183,0.0,0.0,0.0,-0.321038,-0.026098,0.004147,0.697757,-0.194516,0.024697,-0.242321,0.026064,0.006408,0.305643,-0.027138,-0.023368,-0.000618,0.174482,0.0,-0.004273,0.0,0.0,0.0,-0.170816,-0.174482,0.0,-0.038733,-0.0,0.0,0.0,-0.0,0.0,-0.0,0.0,-0.0,0.0,-0.0,0.0,-0.0,0.001953,-0.004517,0.0,0.000196,0.0,0.000065,-0.0,-0.000065,0.0,-0.000196,0.0,-0.0,0.0,-0.007447,
0.0,4.496504,0.879666,-0.000066,0.0,1.570796,0.0,0.314575,-0.004175,0.0,0.0,0.0,-0.316791,-0.025622,0.00476,0.671934,-0.203404,0.024862,-0.241694,0.026064,0.006225,0.311739,-0.033511,-0.023434,0.003942,0.174482,0.0,-0.004273,0.0,0.0,0.0,-0.173297,-0.174482,0.0,-0.041041,0.0,0.0,0.0,0.0,0.0,0.0,0.0,0.0,0.0,0.0,0.0,0.0,0.001953,-0.004517,0.0,0.000196,0.0,0.000065,0.0,-0.000065,0.0,-0.000196,0.0,-0.0,0.0,-0.007447,
0.0,4.499649,0.879625,-0.000066,0.0,1.570796,0.0,0.314484,-0.004183,0.0,0.0,0.0,-0.312542,-0.025147,0.005372,0.646131,-0.212265,0.025026,-0.241065,0.026064,0.006042,0.31783,-0.03988,-0.0235,0.008498,0.174482,0.0,-0.004273,0.0,0.0,0.0,-0.175771,-0.174482,0.0,-0.043346,0.0,-0.0,0.0,0.0,0.0,0.0,0.0,-0.0,0.0,-0.0,0.0,-0.0,0.001953,-0.004517,0.0,0.000196,0.0,0.000065,0.0,-0.000065,0.0,-0.000196,0.0,0.0,0.0,-0.007443,
0.0,4.502577,0.879566,-0.000066,0.0,1.570796,-0.0,0.292847,-0.00584,0.0,0.0,0.0,-0.307948,-0.024891,0.005665,0.623979,-0.214328,0.025026,-0.239884,0.026064,0.005923,0.322414,-0.045265,-0.0235,0.012105,0.174482,0.0,-0.004273,0.0,0.0,0.0,-0.176396,-0.174482,0.0,-0.044958,-0.0,0.0,0.0,0.0,0.0,0.0,0.0,0.0,0.0,-0.0,0.0,-0.0,0.001953,-0.004517,0.0,0.000196,0.0,0.000065,0.0,-0.000065,0.0,-0.000196,0.0,0.0,0.0,-0.006436,
0.0,4.505506,0.879508,-0.000066,0.0,1.570796,0.0,0.292847,-0.00584,0.0,0.0,0.0,-0.303353,-0.024634,0.005958,0.601824,-0.216391,0.025026,-0.238704,0.026064,0.005804,0.326997,-0.050651,-0.0235,0.015713,0.174482,-0.0,-0.004273,0.0,0.0,0.0,-0.177021,-0.174482,0.0,-0.046569,0.0,0.0,0.0,-0.0,0.0,0.0,0.0,0.0,0.0,-0.0,0.0,0.0,0.001953,-0.004517,0.0,0.000196,0.0,0.000065,0.0,-0.000065,0.0,-0.000196,0.0,0.0,0.0,-0.005428,
0.0,4.508434,0.879449,-0.000066,0.0,1.570796,0.0,0.292816,-0.00584,0.0,0.0,0.0,-0.298758,-0.024378,0.006251,0.579671,-0.218454,0.025026,-0.237524,0.026064,0.005685,0.331581,-0.056036,-0.0235,0.01932,0.174482,0.0,-0.004273,0.0,0.0,0.0,-0.177646,-0.174482,0.0,-0.048181,0.0,-0.0,0.0,-0.0,0.0,0.0,0.0,0.0,0.0,0.0,0.0,0.0,0.001953,-0.004517,-0.0,0.000196,0.0,0.000065,0.0,-0.000065,0.0,-0.000196,0.0,0.0,0.0,-0.004421,
0.0,4.511268,0.87938,-0.000066,0.0,1.570796,-0.0,0.283356,-0.006901,0.0,0.0,0.0,-0.293535,-0.024244,0.006348,0.559037,-0.216751,0.025026,-0.235911,0.026064,0.005566,0.335296,-0.060894,-0.023561,0.021712,0.174482,-0.0,-0.004273,0.0,0.0,0.0,-0.177322,-0.174482,0.0,-0.049142,0.0,0.0,0.0,-0.0,0.0,-0.0,0.0,-0.0,0.0,0.0,0.0,0.0,0.001953,-0.004517,0.0,0.000196,0.0,0.000065,-0.0,-0.000065,0.0,-0.000196,0.0,0.0,0.0,-0.003512,
0.0,4.514055,0.879306,-0.000066,0.0,1.570796,0.0,0.278717,-0.00742,0.0,0.0,0.0,-0.288002,-0.024171,0.006348,0.539144,-0.213196,0.025026,-0.234085,0.026064,0.005447,0.338584,-0.065492,-0.023653,0.023507,0.174482,0.0,-0.004273,0.0,0.0,0.0,-0.176532,-0.174482,0.0,-0.049783,0.0,0.0,0.0,0.0,0.0,0.0,0.0,0.0,0.0,-0.0,0.0,-0.0,0.001953,-0.004517,0.0,0.000196,0.0,0.000065,0.0,-0.000065,0.0,-0.000196,0.0,0.0,0.0,-0.002652,
0.0,4.516841,0.879232,-0.000066,0.0,1.570796,0.0,0.278687,-0.007428,0.0,0.0,0.0,-0.28247,-0.024098,0.006348,0.519251,-0.209642,0.025026,-0.23226,0.026064,0.005328,0.341872,-0.070091,-0.023744,0.025301,0.174482,0.0,-0.004273,0.0,0.0,0.0,-0.175741,-0.174482,-0.0,-0.050424,0.0,0.0,0.0,0.0,0.0,-0.0,0.0,0.0,0.0,-0.0,0.0,0.0,0.001953,-0.004517,0.0,0.000196,0.0,0.000065,0.0,-0.000065,0.0,-0.000196,0.0,0.0,0.0,-0.001791,
0.0,4.519611,0.87916,-0.000066,0.0,1.570796,0.0,0.276917,-0.007138,0.0,0.0,0.0,-0.276542,-0.024049,0.006268,0.500001,-0.20367,0.024998,-0.230155,0.026064,0.005224,0.34459,-0.074393,-0.023811,0.026466,0.174482,-0.0,-0.004273,0.0,0.0,0.0,-0.174523,-0.174482,-0.0,-0.050701,-0.0,-0.0,-0.0,-0.0,0.0,0.0,0.0,0.0,0.0,0.0,0.0,0.0,0.001953,-0.004517,0.0,0.000196,0.0,0.000065,0.0,-0.000065,0.0,-0.000196,0.0,-0.0,0.0,-0.001147,
-0.0,4.522345,0.879095,-0.000066,0.0,1.570796,-0.0,0.273438,-0.006589,0.0,0.0,0.0,-0.269835,-0.024049,0.00603,0.482006,-0.192946,0.024916,-0.227501,0.026064,0.005151,0.346189,-0.078113,-0.023829,0.026393,0.174482,-0.0,-0.004273,0.0,0.0,0.0,-0.172464,-0.174482,0.0,-0.050261,0.0,0.0,0.0,0.0,0.0,0.0,0.0,0.0,0.0,-0.0,0.0,0.0,0.001953,-0.004517,0.0,0.000196,0.0,0.000065,-0.0,-0.000065,-0.0,-0.000196,0.0,0.0,0.0,-0.000927,
0.0,4.52508,0.879029,-0.000066,0.0,1.570796,0.0,0.273438,-0.006589,0.0,0.0,0.0,-0.263127,-0.024049,0.005791,0.464008,-0.182222,0.024833,-0.224848,0.026064,0.005078,0.347788,-0.081834,-0.023848,0.02632,0.174482,0.0,-0.004273,0.0,0.0,0.0,-0.170406,-0.174482,0.0,-0.049822,0.0,0.0,0.0,0.0,0.0,-0.0,0.0,0.0,0.0,-0.0,0.0,0.0,0.001953,-0.004517,0.0,0.000196,0.0,0.000065,0.0,-0.000065,0.0,-0.000196,0.0,-0.0,0.0,-0.000707,
0.0,4.527814,0.878964,-0.000066,0.0,1.570796,0.0,0.273499,-0.006497,0.0,0.0,0.0,-0.256412,-0.02405,0.005552,0.446016,-0.171469,0.024751,-0.222183,0.026064,0.005005,0.349368,-0.085545,-0.023866,0.026239,0.174482,0.0,-0.004273,0.0,0.0,0.0,-0.16834,-0.174482,0.0,-0.049379,0.0,0.0,0.0,0.0,0.0,-0.0,0.0,-0.0,0.0,-0.0,0.0,-0.0,0.001953,-0.004517,0.0,0.000196,0.0,0.000065,0.0,-0.000065,0.0,-0.000196,0.0,0.0,0.0,-0.000489,
0.0,4.530679,0.879125,-0.000066,0.0,1.570796,0.0,0.286406,0.016163,0.0,0.0,0.0,-0.247706,-0.024159,0.004966,0.428665,-0.153552,0.024668,-0.216953,0.026064,0.005005,0.346264,-0.087122,-0.023884,0.024353,0.174482,0.0,-0.004273,0.0,0.0,0.0,-0.164482,-0.174482,0.0,-0.048023,0.0,0.0,0.0,-0.0,0.0,0.0,0.0,0.0,0.0,0.0,0.0,0.0,0.001953,-0.004517,-0.0,0.000196,0.0,0.000065,0.0,-0.000065,0.0,-0.000196,0.0,0.0,0.0,-0.000599,
-0.0,4.533543,0.879287,-0.000066,0.0,1.570796,-0.0,0.286406,0.016163,0.0,0.0,0.0,-0.238999,-0.024269,0.00438,0.411313,-0.135634,0.024586,-0.211723,0.026064,0.005005,0.34316,-0.088698,-0.023903,0.022467,0.174482,0.0,-0.004273,0.0,0.0,0.0,-0.160624,-0.174482,0.0,-0.046668,-0.0,0.0,0.0,0.0,0.0,0.0,0.0,0.0,0.0,0.0,0.0,-0.0,0.001953,-0.004517,0.0,0.000196,-0.0,0.000065,0.0,-0.000065,0.0,-0.000196,0.0,-0.0,0.0,-0.000708,
0.0,4.536407,0.879449,-0.000066,0.0,1.570796,0.0,0.286406,0.016163,0.0,0.0,0.0,-0.230292,-0.024379,0.003794,0.393961,-0.117715,0.024504,-0.206492,0.026064,0.005005,0.340056,-0.090274,-0.023921,0.02058,0.174482,-0.0,-0.004273,0.0,0.0,0.0,-0.156766,-0.174482,-0.0,-0.045312,0.0,0.0,0.0,0.0,0.0,0.0,0.0,0.0,0.0,-0.0,0.0,0.0,0.001953,-0.004517,0.0,0.000196,0.0,0.000065,0.0,-0.000065,0.0,-0.000196,0.0,-0.0,0.0,-0.000818,
0.0,4.539196,0.879696,-0.000066,0.0,1.570796,0.0,0.278929,0.02473,0.0,0.0,0.0,-0.221583,-0.024415,0.00354,0.380402,-0.109751,0.024476,-0.201352,0.026064,0.005005,0.33673,-0.091285,-0.023939,0.01711,0.174482,0.0,-0.004273,0.0,0.0,0.0,-0.152429,-0.174482,0.0,-0.04365,0.0,0.0,0.0,0.0,0.0,0.0,0.0,0.0,0.0,0.0,0.0,0.0,0.001953,-0.004517,0.0,0.000196,0.0,0.000065,0.0,-0.000065,0.0,-0.000196,0.0,0.0,0.0,-0.000855,
0.0,4.541948,0.879985,-0.000066,0.0,1.570796,0.0,0.275236,0.028926,0.0,0.0,0.0,-0.212872,-0.024415,0.003448,0.368704,-0.10667,0.024476,-0.196255,0.026064,0.005005,0.333295,-0.092018,-0.023958,0.012861,0.174482,0.0,-0.004273,0.0,0.0,0.0,-0.147857,-0.174482,0.0,-0.041837,0.0,0.0,0.0,0.0,0.0,0.0,0.0,-0.0,0.0,-0.0,0.0,-0.0,0.001953,-0.004517,0.0,0.000196,0.0,0.000065,0.0,-0.000065,0.0,-0.000196,0.0,0.0,0.0,-0.000855,
0.0,4.544701,0.880274,-0.000066,0.0,1.570796,-0.0,0.275236,0.028926,0.0,0.0,0.0,-0.204161,-0.024415,0.003357,0.357006,-0.103589,0.024476,-0.191158,0.026064,0.005005,0.329859,-0.092752,-0.023976,0.008613,0.174482,0.0,-0.004273,0.0,0.0,0.0,-0.143285,-0.174482,0.0,-0.040023,0.0,0.0,0.0,0.0,0.0,-0.0,0.0,-0.0,0.0,-0.0,0.0,0.0,0.001953,-0.004517,0.0,0.000196,0.0,0.000065,0.0,-0.000065,0.0,-0.000196,0.0,0.0,0.0,-0.000855,
0.0,4.547382,0.880587,-0.000066,0.0,1.570796,0.0,0.268095,0.031214,0.0,0.0,0.0,-0.195771,-0.024415,0.003296,0.346335,-0.101889,0.024476,-0.185976,0.026064,0.005005,0.326012,-0.093089,-0.023994,0.003951,0.174482,-0.0,-0.0046,-0.0,0.0,0.0,-0.138664,-0.174482,-0.0,-0.038093,0.0,0.0,0.0,0.0,0.0,-0.0,0.0,0.0,0.0,0.0,0.0,-0.0,0.001953,-0.004517,0.0,0.000196,0.0,0.000065,0.0,-0.000065,0.0,-0.000196,0.0,0.0,0.0,-0.000855,
0.0,4.549921,0.880944,-0.000066,0.0,1.570796,-0.0,0.253934,0.035699,0.0,0.0,0.0,-0.18801,-0.024415,0.003296,0.337681,-0.102897,0.024476,-0.180626,0.026064,0.005005,0.321357,-0.092649,-0.024013,-0.001525,0.174482,0.0,-0.005571,0.0,0.0,0.0,-0.133948,-0.174482,0.0,-0.035932,0.0,0.0,0.0,0.0,0.0,0.0,0.0,0.0,0.0,0.0,0.0,0.0,0.001953,-0.004517,0.0,0.000196,0.0,0.000065,0.0,-0.000065,0.0,-0.000196,0.0,0.0,0.0,-0.000855,
0.0,4.552461,0.881301,-0.000066,0.0,1.570796,0.0,0.253934,0.035699,0.0,0.0,0.0,-0.180249,-0.024415,0.003296,0.329027,-0.103905,0.024476,-0.175276,0.026064,0.005005,0.316701,-0.092209,-0.024031,-0.007,0.174482,0.0,-0.006541,0.0,0.0,0.0,-0.129231,-0.174482,0.0,-0.03377,0.0,0.0,0.0,-0.0,0.0,-0.0,0.0,-0.0,0.0,-0.0,0.0,0.0,0.001953,-0.004517,0.0,0.000196,0.0,0.000065,0.0,-0.000065,0.0,-0.000196,0.0,0.0,0.0,-0.000855,
0.0,4.554998,0.881657,-0.000066,0.0,1.570796,0.0,0.253751,0.035638,0.0,0.0,0.0,-0.172504,-0.024415,0.003296,0.320397,-0.10492,0.024476,-0.169933,0.026064,0.005005,0.312055,-0.091771,-0.024049,-0.012475,0.174482,-0.0,-0.007522,0.0,0.0,0.0,-0.124519,-0.174482,0.0,-0.031606,0.0,0.0,0.0,0.0,0.0,0.0,0.0,0.0,0.0,-0.0,0.0,0.0,0.001953,-0.004517,0.0,0.000196,0.0,0.000065,0.0,-0.000065,0.0,-0.000196,0.0,-0.0,0.0,-0.000851,
0.0,4.557122,0.881855,-0.000066,0.0,1.570796,0.0,0.212432,0.019759,0.0,0.0,0.0,-0.168462,-0.024415,0.003351,0.317579,-0.107267,0.024476,-0.16624,0.026064,0.005079,0.30959,-0.091881,-0.024049,-0.018061,0.174482,0.0,-0.010836,0.0,0.0,0.0,-0.120685,-0.174482,0.0,-0.028566,0.0,0.0,0.0,0.0,0.0,0.0,0.0,-0.0,0.0,0.0,0.0,0.0,0.001953,-0.004609,0.0,0.000196,0.0,0.000065,0.0,-0.000065,0.0,-0.000196,0.0,0.0,0.0,0.000028,
0.0,4.559246,0.882052,-0.000066,0.0,1.570796,0.0,0.21237,0.019767,0.0,0.0,0.0,-0.164419,-0.024415,0.003406,0.314761,-0.109614,0.024476,-0.162547,0.026064,0.005152,0.307126,-0.091991,-0.024049,-0.023646,0.174482,0.0,-0.014151,-0.0,0.0,0.0,-0.116851,-0.174482,0.0,-0.025526,0.0,0.0,0.0,0.0,0.0,-0.0,0.0,-0.0,0.0,-0.0,0.0,-0.0,0.001953,-0.0047,0.0,0.000196,0.0,0.000065,-0.0,-0.000065,0.0,-0.000196,0.0,0.0,0.0,0.000907,
0.0,4.56137,0.88225,-0.000066,0.0,1.570796,0.0,0.212401,0.019759,0.0,0.0,0.0,-0.160377,-0.024415,0.003461,0.311942,-0.111962,0.024476,-0.158854,0.026064,0.005225,0.304661,-0.092101,-0.024049,-0.029232,0.174482,0.0,-0.017465,-0.0,0.0,0.0,-0.113017,-0.174482,0.0,-0.022486,0.0,0.0,0.0,0.0,0.0,0.0,0.0,-0.0,0.0,0.0,0.0,0.0,0.001953,-0.004792,0.0,0.000196,0.0,0.000065,0.0,-0.000065,0.0,-0.000196,0.0,-0.0,0.0,0.001786,
0.0,4.562068,0.882361,-0.000066,0.0,1.570796,-0.0,0.069885,0.011159,0.0,0.0,0.0,-0.158492,-0.024415,0.003479,0.309983,-0.112672,0.024476,-0.158292,0.026064,0.005249,0.305118,-0.092285,-0.024049,-0.034719,0.174482,0.0,-0.020743,0.0,0.0,0.0,-0.109664,-0.174482,0.0,-0.019298,0.0,0.0,0.0,0.0,0.0,0.0,0.0,0.0,0.0,0.0,0.0,0.0,0.001953,-0.004822,0.0,0.000196,0.0,0.000065,0.0,-0.000065,0.0,-0.000196,0.0,-0.0,0.0,0.002567,
0.0,4.562068,0.882431,-0.000066,0.0,1.570796,0.0,-0.0,0.006927,0.0,0.0,0.0,-0.157666,-0.024415,0.003479,0.308445,-0.112581,0.024476,-0.159266,0.026064,0.005249,0.307008,-0.092505,-0.024049,-0.040159,0.174482,0.0,-0.024002,0.0,0.0,0.0,-0.106547,-0.174482,0.0,-0.016039,-0.0,0.0,0.0,0.0,0.0,-0.0,0.0,0.0,0.0,0.0,0.0,0.0,0.001953,-0.004822,0.0,0.000196,0.0,0.000065,0.0,-0.000065,0.0,-0.000196,0.0,0.0,0.0,0.003299,
0.0,4.562068,0.8825,-0.000066,0.0,1.570796,0.0,-0.0,0.006927,0.0,0.0,0.0,-0.156839,-0.024415,0.003479,0.306907,-0.112489,0.024476,-0.160239,0.026064,0.005249,0.308898,-0.092725,-0.024049,-0.045598,0.174482,-0.0,-0.027262,-0.0,0.0,0.0,-0.103429,-0.174482,0.0,-0.012779,0.0,0.0,0.0,0.0,0.0,0.0,0.0,0.0,0.0,-0.0,0.0,0.0,0.001953,-0.004822,0.0,0.000196,0.0,0.000065,0.0,-0.000065,0.0,-0.000196,0.0,0.0,0.0,0.004032,
-0.0,4.562068,0.88253,-0.000066,0.0,1.570796,-0.0,-0.0,0.003014,0.0,0.0,0.0,-0.156186,-0.024391,0.003479,0.305694,-0.112515,0.024476,-0.161331,0.026064,0.005249,0.311089,-0.093242,-0.024049,-0.050884,0.174482,0.0,-0.030473,0.0,0.0,0.0,-0.100213,-0.174482,0.0,-0.010212,0.0,0.0,0.0,-0.0,0.0,0.0,0.0,-0.0,0.0,-0.0,0.0,-0.0,0.001953,-0.004822,0.0,0.000196,0.0,0.000065,0.0,-0.000065,0.0,-0.000196,0.0,0.0,0.0,0.004789,
0.0,4.562068,0.882483,-0.000066,0.0,1.570796,0.0,0.0,-0.004669,0.0,0.0,0.0,-0.155874,-0.024317,0.003479,0.30512,-0.112772,0.024476,-0.162653,0.026064,0.005249,0.31387,-0.094342,-0.024049,-0.055866,0.174482,-0.0,-0.033586,0.0,0.0,0.0,-0.096803,-0.174482,0.0,-0.009004,0.0,0.0,0.0,0.0,0.0,0.0,0.0,-0.0,0.0,-0.0,0.0,-0.0,0.001953,-0.004822,0.0,0.000196,0.0,0.000065,0.0,-0.000065,0.0,-0.000196,0.0,-0.0,0.0,0.005595,
0.0,4.562068,0.882437,-0.000066,0.0,1.570796,0.0,0.0,-0.004669,0.0,0.0,0.0,-0.155562,-0.024244,0.003479,0.304545,-0.113029,0.024476,-0.163976,0.026064,0.005249,0.316651,-0.095442,-0.024049,-0.060849,0.174482,-0.0,-0.036699,0.0,0.0,0.0,-0.093393,-0.174482,0.0,-0.007795,0.0,0.0,0.0,-0.0,0.0,-0.0,0.0,-0.0,0.0,0.0,0.0,0.0,0.001953,-0.004822,0.0,0.000196,0.0,0.000065,0.0,-0.000065,0.0,-0.000196,0.0,0.0,0.0,0.0064,
0.0,4.562068,0.88239,-0.000066,0.0,1.570796,0.0,0.0,-0.004684,0.0,0.0,0.0,-0.155249,-0.024171,0.003479,0.30397,-0.113286,0.024476,-0.165296,0.026064,0.005249,0.319427,-0.096541,-0.024049,-0.065833,0.174482,0.0,-0.039813,-0.0,0.0,0.0,-0.089988,-0.174482,0.0,-0.006595,-0.0,0.0,0.0,0.0,0.0,-0.0,0.0,0.0,0.0,-0.0,0.0,-0.0,0.001953,-0.004822,0.0,0.000196,0.0,0.000065,0.0,-0.000065,0.0,-0.000196,0.0,-0.0,0.0,0.007205,
0.0,4.562068,0.882305,-0.000066,0.0,1.570796,0.0,0.000001,-0.008492,0.0,0.0,0.0,-0.154827,-0.024171,0.003479,0.303229,-0.113708,0.024476,-0.165829,0.026064,0.005176,0.320874,-0.097329,-0.024049,-0.070945,0.174482,-0.0,-0.043074,0.0,0.0,0.0,-0.087477,-0.174482,0.0,-0.007181,0.0,0.0,0.0,-0.0,0.0,-0.0,0.0,-0.0,0.0,-0.0,0.0,-0.0,0.001953,-0.004822,0.0,0.000196,0.0,0.000065,0.0,-0.000065,0.0,-0.000196,0.0,0.0,0.0,0.007681,
0.0,4.562068,0.88222,-0.000066,0.0,1.570796,0.0,0.000001,-0.008492,0.0,0.0,0.0,-0.154404,-0.024171,0.003479,0.302488,-0.11413,0.024476,-0.166361,0.026064,0.005102,0.322321,-0.098117,-0.024049,-0.076057,0.174482,0.0,-0.046334,0.0,0.0,0.0,-0.084966,-0.174482,0.0,-0.007767,0.0,0.0,0.0,-0.0,0.0,-0.0,0.0,0.0,0.0,0.0,0.0,-0.0,0.001953,-0.004822,0.0,0.000196,0.0,0.000065,0.0,-0.000065,0.0,-0.000196,0.0,0.0,0.0,0.008157,
0.0,4.562069,0.882135,-0.000066,0.0,1.570796,0.0,0.000001,-0.008492,0.0,0.0,0.0,-0.153982,-0.024171,0.003479,0.301747,-0.114552,0.024476,-0.166894,0.026064,0.005029,0.323768,-0.098906,-0.024049,-0.08117,0.174482,0.0,-0.049594,0.0,0.0,0.0,-0.082455,-0.174482,0.0,-0.008353,0.0,0.0,0.0,0.0,0.0,-0.0,0.0,0.0,0.0,-0.0,0.0,-0.0,0.001953,-0.004822,0.0,0.000196,0.0,0.000065,0.0,-0.000065,0.0,-0.000196,0.0,-0.0,0.0,0.008633,
0.0,4.562069,0.882069,-0.000066,0.0,1.570796,0.0,0.0,-0.00663,0.0,0.0,0.0,-0.153929,-0.024171,0.003479,0.301703,-0.115331,0.024476,-0.166736,0.026064,0.005005,0.323783,-0.099011,-0.024049,-0.085841,0.174482,0.0,-0.052609,0.0,0.0,0.0,-0.080473,-0.174482,0.0,-0.008791,0.0,0.0,0.0,0.0,0.0,-0.0,0.0,-0.0,0.0,-0.0,0.0,-0.0,0.001953,-0.004822,0.0,0.000196,0.0,0.000065,0.0,-0.000065,0.0,-0.000196,0.0,0.0,0.0,0.008679,
0.0,4.562069,0.882012,-0.000066,0.0,1.570796,0.0,0.0,-0.005707,0.0,0.0,0.0,-0.154058,-0.024171,0.003479,0.301999,-0.116284,0.024476,-0.16624,0.026064,0.005005,0.323096,-0.098782,-0.024049,-0.090295,0.174482,-0.0,-0.055503,-0.0,0.0,0.0,-0.07875,-0.174482,0.0,-0.009157,0.0,0.0,0.0,0.0,0.0,-0.0,0.0,0.0,0.0,0.0,0.0,0.0,0.001953,-0.004822,0.0,0.000196,0.0,0.000065,0.0,-0.000065,0.0,-0.000196,0.0,-0.0,0.0,0.008514,
0.0,4.562069,0.881955,-0.000066,0.0,1.570796,0.0,0.0,-0.005714,0.0,0.0,0.0,-0.154186,-0.024171,0.003479,0.302296,-0.117238,0.024476,-0.165744,0.026064,0.005005,0.32241,-0.098553,-0.024049,-0.094749,0.174482,0.0,-0.058397,0.0,0.0,0.0,-0.077028,-0.174482,0.0,-0.009523,0.0,0.0,0.0,0.0,0.0,-0.0,0.0,0.0,0.0,0.0,0.0,0.0,0.001953,-0.004822,0.0,0.000196,0.0,0.000065,0.0,-0.000065,0.0,-0.000196,0.0,0.0,0.0,0.008349,
0.0,4.562069,0.881919,-0.000066,0.0,1.570796,0.0,0.0,-0.003571,0.0,0.0,0.0,-0.154526,-0.024171,0.003504,0.302993,-0.118006,0.024476,-0.165391,0.026064,0.005005,0.321955,-0.098323,-0.024049,-0.098876,0.174482,0.0,-0.061082,0.0,0.0,0.0,-0.07546,-0.174482,0.0,-0.009679,0.0,0.0,0.0,0.0,0.0,0.0,0.0,0.0,0.0,0.0,0.0,0.0,0.001953,-0.004822,0.0,0.000196,-0.0,0.000065,0.0,-0.000065,0.0,-0.000196,0.0,0.0,0.0,0.007949,
0.0,4.562069,0.881925,-0.000066,0.0,1.570796,0.0,-0.0,0.000633,0.0,0.0,0.0,-0.155279,-0.024171,0.003577,0.304475,-0.11841,0.024476,-0.165317,0.026064,0.005005,0.321955,-0.098094,-0.024049,-0.102359,0.174482,0.0,-0.063353,0.0,0.0,0.0,-0.074196,-0.174482,0.0,-0.009423,0.0,0.0,0.0,-0.0,0.0,-0.0,0.0,0.0,0.0,-0.0,-0.0,-0.0,0.001953,-0.004822,0.0,0.000196,0.0,0.000065,0.0,-0.000065,0.0,-0.000196,0.0,-0.0,0.0,0.007089,
0.0,4.562069,0.881932,-0.000066,0.0,1.570796,0.0,-0.0,0.000633,0.0,0.0,0.0,-0.156032,-0.024171,0.00365,0.305957,-0.118813,0.024476,-0.165244,0.026064,0.005005,0.321955,-0.097865,-0.024049,-0.105843,0.174482,0.0,-0.065625,0.0,-0.0,0.0,-0.072931,-0.174482,0.0,-0.009167,0.0,0.0,0.0,-0.0,-0.0,-0.0,0.0,-0.0,0.0,-0.0,0.0,-0.0,0.001953,-0.004822,0.0,0.000196,0.0,0.000065,0.0,-0.000065,0.0,-0.000196,0.0,0.0,0.0,0.006228,
0.0,4.562069,0.881938,-0.000066,0.0,1.570796,-0.0,-0.0,0.000641,0.0,0.0,0.0,-0.156787,-0.024171,0.003723,0.307442,-0.119211,0.024476,-0.165175,0.026064,0.005005,0.321962,-0.097637,-0.024049,-0.109321,0.174482,0.0,-0.067893,0.0,0.0,0.0,-0.07167,-0.174482,0.0,-0.008909,0.0,0.0,0.0,0.0,0.0,0.0,0.0,-0.0,0.0,0.0,0.0,0.0,0.001953,-0.004822,0.0,0.000196,0.0,0.000065,0.0,-0.000065,0.0,-0.000196,0.0,0.0,0.0,0.005369,
0.0,4.562069,0.881977,-0.000066,0.0,1.570796,0.0,-0.0,0.003922,0.0,0.0,0.0,-0.157963,-0.024171,0.003723,0.309629,-0.118459,0.024476,-0.16602,0.026064,0.005005,0.323372,-0.097729,-0.024049,-0.111559,0.174482,0.0,-0.069377,-0.0,0.0,0.0,-0.071157,-0.174482,0.0,-0.00847,0.0,0.0,0.0,0.0,0.0,-0.0,0.0,-0.0,0.0,0.0,0.0,0.0,0.001953,-0.004822,0.0,0.000196,0.0,0.000065,0.0,-0.000065,0.0,-0.000196,0.0,-0.0,0.0,0.004893,
0.0,4.562069,0.882016,-0.000066,0.0,1.570796,0.0,-0.0,0.003922,0.0,0.0,0.0,-0.159138,-0.024171,0.003723,0.311817,-0.117707,0.024476,-0.166865,0.026064,0.005005,0.324782,-0.097821,-0.024049,-0.113796,0.174482,0.0,-0.070861,0.0,0.0,0.0,-0.070644,-0.174482,0.0,-0.00803,-0.0,0.0,0.0,0.0,0.0,-0.0,0.0,0.0,0.0,0.0,0.0,-0.0,0.001953,-0.004822,0.0,0.000196,0.0,0.000065,0.0,-0.000065,0.0,-0.000196,0.0,0.0,0.0,0.004417,
0.0,4.562069,0.882056,-0.000066,0.0,1.570796,0.0,-0.0,0.003914,0.0,0.0,0.0,-0.160314,-0.024171,0.003723,0.314004,-0.116955,0.024476,-0.167711,0.026064,0.005005,0.326192,-0.097912,-0.024049,-0.116034,0.174482,0.0,-0.072346,0.0,0.0,0.0,-0.070131,-0.174482,0.0,-0.007591,0.0,0.0,0.0,0.0,0.0,0.0,0.0,0.0,-0.0,0.0,0.0,0.0,0.001953,-0.004822,0.0,0.000196,0.0,0.000065,0.0,-0.000065,0.0,-0.000196,0.0,-0.0,0.0,0.003941,
0.0,4.562069,0.882073,-0.000066,0.0,1.570796,0.0,-0.0,0.001755,0.0,0.0,0.0,-0.161625,-0.024171,0.003723,0.316503,-0.11693,0.024476,-0.168951,0.026064,0.005005,0.328426,-0.098324,-0.024049,-0.117755,0.174482,-0.0,-0.073473,0.0,0.0,0.0,-0.07027,-0.174482,0.0,-0.007397,0.0,0.0,0.0,-0.0,0.0,0.0,-0.0,-0.0,0.0,0.0,0.0,-0.0,0.001953,-0.004822,0.0,0.000196,0.0,0.000065,0.0,-0.000065,0.0,-0.000196,0.0,0.0,0.0,0.003674,
0.0,4.562069,0.88208,-0.000066,0.0,1.570796,0.0,-0.0,0.000702,0.0,0.0,0.0,-0.163003,-0.024171,0.003723,0.319155,-0.11726,0.024476,-0.170384,0.026064,0.005005,0.331062,-0.098892,-0.024049,-0.119222,0.174482,0.0,-0.074426,-0.0,-0.0,-0.0,-0.070728,-0.174482,0.0,-0.007324,0.0,0.0,0.0,0.0,-0.0,-0.0,0.0,0.0,-0.0,0.0,0.0,-0.0,0.001953,-0.004822,0.0,0.000196,0.0,0.000065,0.0,-0.000065,0.0,-0.000196,0.0,0.0,0.0,0.003509,
0.0,4.562069,0.882087,-0.000066,0.0,1.570796,0.0,-0.0,0.000694,0.0,0.0,0.0,-0.164381,-0.024171,0.003723,0.321808,-0.11759,0.024476,-0.171818,0.026064,0.005005,0.333698,-0.099461,-0.024049,-0.12069,0.174482,0.0,-0.075379,-0.0,-0.0,0.0,-0.071186,-0.174482,0.0,-0.007251,0.0,0.0,0.0,0.0,-0.0,0.0,0.0,-0.0,0.0,-0.0,0.0,-0.0,0.001953,-0.004822,0.0,0.000196,0.0,0.000065,0.0,-0.000065,0.0,-0.000196,0.0,-0.0,0.0,0.003344,
0.0,4.562069,0.882071,-0.000066,0.0,1.570796,0.0,0.0,-0.001587,0.0,0.0,0.0,-0.165716,-0.024171,0.003723,0.324398,-0.118094,0.024476,-0.173195,0.026064,0.005005,0.336285,-0.100128,-0.024049,-0.121952,0.174482,-0.0,-0.07622,0.0,0.0,0.0,-0.071979,-0.174482,0.0,-0.007388,0.0,0.0,0.0,-0.0,0.0,0.0,0.0,-0.0,0.0,-0.0,0.0,-0.0,0.001953,-0.004822,0.0,0.000196,0.0,0.000065,0.0,-0.000065,0.0,-0.000196,0.0,-0.0,0.0,0.003272,
0.0,4.562069,0.88201,-0.000066,0.0,1.570796,0.0,0.0,-0.006065,0.0,0.0,0.0,-0.166965,-0.024171,0.003723,0.326866,-0.118938,0.024476,-0.174464,0.026064,0.005005,0.338775,-0.10099,-0.024049,-0.122815,0.174482,0.0,-0.076843,0.0,0.0,0.0,-0.073427,-0.174482,-0.0,-0.007938,0.0,0.0,0.0,0.0,0.0,-0.0,0.0,-0.0,0.0,-0.0,0.0,-0.0,0.001953,-0.004822,0.0,0.000196,0.0,0.000065,0.0,-0.000065,0.0,-0.000196,0.0,0.0,0.0,0.003382,
0.0,4.562069,0.88195,-0.000066,0.0,1.570796,0.0,0.0,-0.006058,0.0,0.0,0.0,-0.168215,-0.024171,0.003723,0.329335,-0.119782,0.024476,-0.175732,0.026064,0.005005,0.341264,-0.101852,-0.024049,-0.123677,0.174482,0.0,-0.077466,0.0,0.0,0.0,-0.074874,-0.174482,-0.0,-0.008487,0.0,0.0,0.0,0.0,0.0,-0.0,0.0,0.0,0.0,0.0,-0.0,-0.0,0.001953,-0.004822,0.0,0.000196,0.0,0.000065,0.0,-0.000065,0.0,-0.000196,0.0,-0.0,0.0,0.003492,
0.0,4.562069,0.881889,-0.000066,0.0,1.570796,0.0,0.0,-0.006096,0.0,0.0,0.0,-0.169464,-0.024171,0.003723,0.331801,-0.120627,0.024476,-0.176998,0.026064,0.005005,0.34375,-0.102715,-0.024049,-0.124535,0.174482,-0.0,-0.078086,0.0,0.0,0.0,-0.076324,-0.174482,0.0,-0.009038,0.0,0.0,0.0,0.0,0.0,0.0,0.0,0.0,0.0,-0.0,0.0,0.0,0.001953,-0.004822,0.0,0.000196,0.0,0.000065,0.0,-0.000065,0.0,-0.000196,0.0,0.0,0.0,0.003602,
0.0,4.562069,0.881768,-0.000066,0.0,1.570796,0.0,0.000001,-0.012123,0.0,0.0,0.0,-0.170548,-0.024171,0.003723,0.333769,-0.121875,0.024476,-0.177826,0.026064,0.004913,0.345591,-0.103815,-0.024049,-0.124535,0.174482,-0.0,-0.078086,0.0,0.0,0.0,-0.078285,-0.174482,0.0,-0.009898,0.0,0.0,0.0,0.0,0.0,-0.0,0.0,-0.0,0.0,-0.0,0.0,0.0,0.001953,-0.004822,0.0,0.000196,0.0,0.000065,0.0,-0.000065,0.0,-0.000196,0.0,0.0,0.0,0.003675,
0.0,4.562069,0.881646,-0.000066,0.0,1.570796,0.0,0.000001,-0.012131,0.0,0.0,0.0,-0.171632,-0.024171,0.003723,0.335738,-0.123122,0.024476,-0.178653,0.026064,0.004821,0.347431,-0.104915,-0.024049,-0.124535,0.174482,0.0,-0.078086,0.0,0.0,0.0,-0.080246,-0.174482,0.0,-0.010759,-0.0,0.0,0.0,-0.0,0.0,0.0,0.0,0.0,0.0,0.0,-0.0,0.0,0.001953,-0.004822,0.0,0.000196,0.0,0.000065,0.0,-0.000065,0.0,-0.000196,0.0,-0.0,0.0,0.003748,
0.0,4.562069,0.881525,-0.000066,0.0,1.570796,0.0,0.000001,-0.012123,0.0,0.0,0.0,-0.172717,-0.024171,0.003723,0.337706,-0.12437,0.024476,-0.17948,0.026064,0.00473,0.349272,-0.106015,-0.024049,-0.124535,0.174482,0.0,-0.078086,0.0,0.0,0.0,-0.082207,-0.174482,0.0,-0.01162,0.0,0.0,0.0,-0.0,0.0,0.0,0.0,-0.0,-0.0,-0.0,0.0,-0.0,0.001953,-0.004822,0.0,0.000196,0.0,0.000065,0.0,-0.000065,0.0,-0.000196,0.0,0.0,0.0,0.003821,
0.0,4.562069,0.881409,-0.000066,0.0,1.570796,0.0,0.000001,-0.01165,0.0,0.0,0.0,-0.173665,-0.024171,0.003772,0.339414,-0.125531,0.024476,-0.179567,0.026064,0.0047,0.349763,-0.106617,-0.024049,-0.124054,0.174482,0.0,-0.077778,0.0,0.0,0.0,-0.084033,-0.174482,0.0,-0.012357,-0.0,0.0,0.0,0.0,0.0,0.0,-0.0,0.0,0.0,0.0,0.0,0.0,0.001953,-0.004822,0.0,0.000196,0.0,0.000065,0.0,-0.000065,0.0,-0.000196,0.0,0.0,0.0,0.003845,
0.0,4.562069,0.881295,-0.000066,0.0,1.570796,0.0,0.000001,-0.011414,0.0,0.0,0.0,-0.174548,-0.024171,0.003846,0.340993,-0.126651,0.024476,-0.179291,0.026064,0.0047,0.349596,-0.106974,-0.024049,-0.123339,0.174482,0.0,-0.07732,0.0,0.0,0.0,-0.085792,-0.174482,0.0,-0.013035,0.0,0.0,0.0,-0.0,0.0,0.0,0.0,0.0,0.0,0.0,0.0,0.0,0.001953,-0.004822,0.0,0.000196,0.0,0.000065,0.0,-0.000065,0.0,-0.000196,0.0,0.0,0.0,0.003845,
0.0,4.562069,0.88118,-0.000066,0.0,1.570796,0.0,0.000001,-0.011406,0.0,0.0,0.0,-0.17543,-0.024171,0.003919,0.342573,-0.12777,0.024476,-0.179015,0.026064,0.0047,0.349429,-0.107332,-0.024049,-0.122623,0.174482,0.0,-0.076862,0.0,0.0,0.0,-0.087552,-0.174482,0.0,-0.013712,0.0,0.0,0.0,0.0,0.0,0.0,-0.0,0.0,0.0,-0.0,0.0,-0.0,0.001953,-0.004822,0.0,0.000196,0.0,0.000065,0.0,-0.000065,0.0,-0.000196,0.0,0.0,0.0,0.003845,
0.0,4.562069,0.88108,-0.000066,0.0,1.570796,0.0,0.000001,-0.010017,0.0,0.0,0.0,-0.176151,-0.024171,0.003967,0.343844,-0.128715,0.024476,-0.178764,0.026064,0.0047,0.349293,-0.10769,-0.024049,-0.121672,0.174482,0.0,-0.07623,0.0,0.0,0.0,-0.089125,-0.174482,0.0,-0.014235,0.0,0.0,0.0,-0.0,0.0,0.0,0.0,-0.0,0.0,-0.0,0.0,0.0,0.001953,-0.004822,0.0,0.000196,0.0,0.000065,0.0,-0.000065,0.0,-0.000196,0.0,-0.0,0.0,0.003814,
0.0,4.562069,0.881008,-0.000066,0.0,1.570796,0.0,0.0,-0.007271,0.0,0.0,0.0,-0.176555,-0.024171,0.003967,0.344513,-0.129321,0.024476,-0.178562,0.026064,0.0047,0.349219,-0.108047,-0.024049,-0.120259,0.174482,-0.0,-0.075259,0.0,0.0,0.0,-0.090335,-0.174482,0.0,-0.014455,0.0,0.0,0.0,-0.0,0.0,0.0,0.0,-0.0,0.0,-0.0,0.0,0.0,0.001953,-0.004822,0.0,0.000196,0.0,0.000065,0.0,-0.000065,0.0,-0.000196,0.0,0.0,0.0,0.003723,
0.0,4.562069,0.880935,-0.000066,0.0,1.570796,0.0,0.0,-0.007271,0.0,0.0,0.0,-0.176959,-0.024171,0.003967,0.345182,-0.129926,0.024476,-0.17836,0.026064,0.0047,0.349144,-0.108405,-0.024049,-0.118847,0.174482,0.0,-0.074288,0.0,0.0,0.0,-0.091545,-0.174482,0.0,-0.014675,-0.0,0.0,0.0,0.0,0.0,-0.0,-0.0,-0.0,0.0,-0.0,-0.0,-0.0,0.001953,-0.004822,0.0,0.000196,0.0,0.000065,0.0,-0.000065,0.0,-0.000196,0.0,-0.0,0.0,0.003631,
0.0,4.562069,0.880862,-0.000066,0.0,1.570796,0.0,0.0,-0.007256,0.0,0.0,0.0,-0.177362,-0.024171,0.003967,0.345848,-0.130529,0.024476,-0.178161,0.026064,0.0047,0.349077,-0.108764,-0.024049,-0.117434,0.174482,-0.0,-0.073317,0.0,0.0,0.0,-0.092753,-0.174482,0.0,-0.014893,-0.0,0.0,0.0,0.0,0.0,0.0,0.0,0.0,0.0,0.0,0.0,0.0,0.001953,-0.004822,0.0,0.000196,-0.0,0.000065,0.0,-0.000065,0.0,-0.000196,0.0,0.0,0.0,0.00354,
0.0,4.562069,0.880825,-0.000066,0.0,1.570796,-0.0,0.0,-0.003777,0.0,0.0,0.0,-0.177454,-0.024171,0.003967,0.345848,-0.130529,0.024476,-0.178694,0.026064,0.0047,0.350341,-0.109424,-0.024049,-0.115985,0.174482,0.0,-0.072346,0.0,0.0,0.0,-0.093614,-0.174482,0.0,-0.014948,0.0,0.0,0.0,0.0,0.0,0.0,0.0,0.0,0.0,0.0,0.0,-0.0,0.001953,-0.004822,0.0,0.000196,0.0,0.000065,0.0,-0.000065,0.0,-0.000196,0.0,0.0,0.0,0.00354,
0.0,4.562069,0.880787,-0.000066,0.0,1.570796,0.0,0.0,-0.003777,0.0,0.0,0.0,-0.177546,-0.024171,0.003967,0.345848,-0.130529,0.024476,-0.179228,0.026064,0.0047,0.351606,-0.110084,-0.024049,-0.114536,0.174482,0.0,-0.071375,-0.0,0.0,0.0,-0.094476,-0.174482,0.0,-0.015003,0.0,0.0,0.0,0.0,0.0,0.0,0.0,0.0,0.0,-0.0,0.0,-0.0,0.001953,-0.004822,0.0,0.000196,0.0,0.000065,0.0,-0.000065,0.0,-0.000196,0.0,0.0,0.0,0.00354,
-0.0,4.562069,0.880749,-0.000066,0.0,1.570796,-0.0,0.0,-0.003777,0.0,0.0,0.0,-0.177638,-0.024171,0.003967,0.345848,-0.130529,0.024476,-0.179761,0.026064,0.0047,0.352871,-0.110745,-0.024049,-0.113087,0.174482,0.0,-0.070403,0.0,0.0,0.0,-0.095338,-0.174482,0.0,-0.015058,0.0,0.0,0.0,0.0,0.0,0.0,0.0,0.0,0.0,-0.0,0.0,-0.0,0.001953,-0.004822,0.0,0.000196,0.0,0.000065,0.0,-0.000065,0.0,-0.000196,0.0,0.0,0.0,0.00354,
0.0,4.562069,0.880711,-0.000066,0.0,1.570796,0.0,0.0,-0.003777,0.0,0.0,0.0,-0.178088,-0.024171,0.003967,0.34656,-0.130726,0.024476,-0.180244,0.026064,0.0047,0.354036,-0.111294,-0.024049,-0.111675,0.174482,-0.0,-0.069432,-0.0,0.0,0.0,-0.095941,-0.174482,0.0,-0.015126,0.0,0.0,0.0,0.0,0.0,0.0,0.0,-0.0,0.0,-0.0,0.0,-0.0,0.001953,-0.004822,0.0,0.000196,0.0,0.000065,0.0,-0.000065,0.0,-0.000196,0.0,0.0,0.0,0.003639,
0.0,4.562069,0.880674,-0.000066,0.0,1.570796,0.0,0.0,-0.003777,0.0,0.0,0.0,-0.178713,-0.024171,0.003967,0.34762,-0.13102,0.024476,-0.180704,0.026064,0.0047,0.355152,-0.111789,-0.024049,-0.110281,0.174482,0.0,-0.068461,0.0,0.0,0.0,-0.096417,-0.174482,0.0,-0.015199,0.0,0.0,0.0,0.0,0.0,0.0,0.0,0.0,0.0,-0.0,0.0,0.0,0.001953,-0.004822,0.0,0.000196,0.0,0.000065,0.0,-0.000065,0.0,-0.000196,0.0,0.0,0.0,0.003785,
0.0,4.562069,0.880636,-0.000066,0.0,1.570796,-0.0,0.0,-0.003777,0.0,0.0,0.0,-0.179338,-0.024171,0.003967,0.348679,-0.131313,0.024476,-0.181164,0.026064,0.0047,0.356268,-0.112284,-0.024049,-0.108888,0.174482,-0.0,-0.06749,-0.0,0.0,0.0,-0.096894,-0.174482,0.0,-0.015272,-0.0,0.0,0.0,0.0,0.0,-0.0,-0.0,0.0,0.0,-0.0,0.0,-0.0,0.001953,-0.004822,0.0,0.000196,0.0,0.000065,-0.0,-0.000065,0.0,-0.000196,0.0,0.0,0.0,0.003932,
0.0,4.562069,0.880591,-0.000066,0.0,1.570796,0.0,0.0,-0.004471,0.0,0.0,0.0,-0.180076,-0.024171,0.003967,0.34996,-0.131719,0.024476,-0.181679,0.026064,0.004675,0.357447,-0.112829,-0.024049,-0.107531,0.174482,0.0,-0.066544,-0.0,0.0,0.0,-0.097246,-0.174482,0.0,-0.01537,0.0,0.0,0.0,0.0,0.0,-0.0,0.0,-0.0,0.0,-0.0,0.0,-0.0,0.001953,-0.004822,0.0,0.000196,0.0,0.000065,0.0,-0.000065,0.0,-0.000196,0.0,0.0,0.0,0.004128,
-0.0,4.562069,0.880533,-0.000066,0.0,1.570796,-0.0,0.0,-0.005829,0.0,0.0,0.0,-0.181032,-0.024171,0.003967,0.351671,-0.132343,0.024476,-0.182305,0.026064,0.004602,0.35875,-0.113471,-0.024049,-0.106248,0.174482,0.0,-0.065646,0.0,0.0,0.0,-0.097356,-0.174482,0.0,-0.015517,0.0,0.0,0.0,-0.0,0.0,0.0,0.0,0.0,-0.0,-0.0,0.0,0.0,0.001953,-0.004822,0.0,0.000196,0.0,0.000065,-0.0,-0.000065,0.0,-0.000196,0.0,0.0,0.0,0.004421,
0.0,4.562069,0.880474,-0.000066,0.0,1.570796,0.0,0.0,-0.005836,0.0,0.0,0.0,-0.181988,-0.024171,0.003967,0.353382,-0.132967,0.024476,-0.18293,0.026064,0.004529,0.360053,-0.114113,-0.024049,-0.104964,0.174482,0.0,-0.064748,0.0,0.0,0.0,-0.097466,-0.174482,0.0,-0.015663,0.0,0.0,0.0,0.0,0.0,-0.0,0.0,-0.0,0.0,0.0,0.0,-0.0,0.001953,-0.004822,0.0,0.000196,0.0,0.000065,0.0,-0.000065,0.0,-0.000196,0.0,0.0,0.0,0.004714,
0.0,4.562069,0.880416,-0.000066,0.0,1.570796,0.0,0.0,-0.005844,0.0,0.0,0.0,-0.182943,-0.024171,0.003968,0.355092,-0.133591,0.024476,-0.183554,0.026064,0.004456,0.361354,-0.114755,-0.024049,-0.103682,0.174482,0.0,-0.063852,0.0,0.0,0.0,-0.097576,-0.174482,-0.0,-0.015811,0.0,0.0,0.0,0.0,0.0,0.0,0.0,0.0,0.0,0.0,0.0,-0.0,0.001953,-0.004822,0.0,0.000196,0.0,0.000065,0.0,-0.000065,0.0,-0.000196,0.0,0.0,0.0,0.005006,
0.0,4.562069,0.880335,-0.000066,0.0,1.570796,-0.0,0.000001,-0.008072,0.0,0.0,0.0,-0.183734,-0.024171,0.004041,0.356562,-0.134215,0.024476,-0.183995,0.026064,0.004456,0.362359,-0.115397,-0.024086,-0.102692,0.174482,0.0,-0.063156,0.0,-0.0,0.0,-0.097576,-0.174482,0.0,-0.016177,0.0,0.0,0.0,-0.0,-0.0,-0.0,0.0,-0.0,-0.0,-0.0,0.0,-0.0,0.001953,-0.004822,0.0,0.000196,0.0,0.000065,0.0,-0.000065,0.0,-0.000196,0.0,0.0,0.0,0.005208,
0.0,4.562069,0.880254,-0.000066,0.0,1.570796,0.0,0.000001,-0.00808,0.0,0.0,0.0,-0.184525,-0.024171,0.004114,0.358032,-0.134839,0.024476,-0.184437,0.026064,0.004456,0.363365,-0.116039,-0.024123,-0.101702,0.174482,0.0,-0.062459,0.0,0.0,0.0,-0.097576,-0.174482,0.0,-0.016543,0.0,0.0,0.0,-0.0,0.0,0.0,0.0,0.0,0.0,0.0,0.0,-0.0,0.001953,-0.004822,0.0,0.000196,0.0,0.000065,0.0,-0.000065,0.0,-0.000196,0.0,-0.0,0.0,0.005409,
0.0,4.562069,0.880174,-0.000066,0.0,1.570796,0.0,0.000001,-0.008072,0.0,0.0,0.0,-0.185315,-0.024171,0.004188,0.359502,-0.135463,0.024476,-0.184878,0.026064,0.004456,0.36437,-0.116681,-0.024159,-0.100712,0.174482,-0.0,-0.061763,0.0,0.0,0.0,-0.097576,-0.174482,0.0,-0.016909,0.0,0.0,0.0,0.0,0.0,0.0,0.0,0.0,0.0,-0.0,0.0,0.0,0.001953,-0.004822,0.0,0.000196,0.0,0.000065,0.0,-0.000065,0.0,-0.000196,0.0,-0.0,0.0,0.00561,
0.0,4.562069,0.8801,-0.000066,0.0,1.570796,0.0,0.0,-0.007332,0.0,0.0,0.0,-0.185673,-0.024171,0.004212,0.360234,-0.136099,0.024476,-0.185085,0.026064,0.004456,0.364887,-0.117113,-0.024196,-0.099808,0.174482,0.0,-0.061153,0.0,0.0,0.0,-0.097453,-0.174482,0.0,-0.017239,0.0,0.0,0.0,0.0,0.0,0.0,0.0,-0.0,0.0,0.0,0.0,0.0,0.001953,-0.004822,0.0,0.000196,0.0,0.000065,0.0,-0.000065,0.0,-0.000196,0.0,0.0,0.0,0.005676,
0.0,4.562069,0.880031,-0.000066,0.0,1.570796,0.0,0.0,-0.006981,0.0,0.0,0.0,-0.185821,-0.024171,0.004212,0.360606,-0.136741,0.024476,-0.185177,0.026064,0.004456,0.365167,-0.117443,-0.024232,-0.098946,0.174482,-0.0,-0.060585,0.0,0.0,0.0,-0.097269,-0.174482,0.0,-0.01755,0.0,0.0,0.0,0.0,0.0,0.0,-0.0,-0.0,0.0,-0.0,0.0,-0.0,0.001953,-0.004822,0.0,0.000196,0.0,0.000065,0.0,-0.000065,0.0,-0.000196,0.0,0.0,0.0,0.005676,
0.0,4.562069,0.879961,-0.000066,0.0,1.570796,0.0,0.0,-0.006973,0.0,0.0,0.0,-0.185968,-0.024171,0.004212,0.360978,-0.137384,0.024476,-0.185269,0.026064,0.004456,0.365446,-0.117774,-0.024269,-0.098084,0.174482,0.0,-0.060017,0.0,0.0,0.0,-0.097086,-0.174482,0.0,-0.017861,0.0,0.0,0.0,0.0,0.0,0.0,0.0,0.0,0.0,-0.0,0.0,-0.0,0.001953,-0.004822,0.0,0.000196,0.0,0.000065,0.0,-0.000065,0.0,-0.000196,0.0,0.0,0.0,0.005676,
0.0,4.562069,0.8799,-0.000066,0.0,1.570796,-0.0,0.0,-0.006111,0.0,0.0,0.0,-0.186015,-0.024171,0.004212,0.361155,-0.137952,0.024476,-0.185361,0.026064,0.004456,0.365688,-0.118104,-0.024293,-0.097241,0.174482,0.0,-0.059474,0.0,0.0,0.0,-0.096865,-0.174482,0.0,-0.018117,-0.0,0.0,0.0,0.0,0.0,-0.0,0.0,0.0,0.0,-0.0,0.0,-0.0,0.001953,-0.004822,0.0,0.000196,0.0,0.000065,0.0,-0.000065,0.0,-0.000196,0.0,0.0,0.0,0.005565,
0.0,4.562069,0.879855,-0.000066,0.0,1.570796,0.0,0.0,-0.004425,0.0,0.0,0.0,-0.185868,-0.024171,0.004212,0.36095,-0.138374,0.024476,-0.185452,0.026064,0.004456,0.365855,-0.118434,-0.024293,-0.096435,0.174482,0.0,-0.05898,0.0,0.0,0.0,-0.096572,-0.174482,0.0,-0.018263,-0.0,0.0,0.0,0.0,0.0,0.0,0.0,-0.0,0.0,0.0,0.0,0.0,0.001953,-0.004822,0.0,0.000196,0.0,0.000065,0.0,-0.000065,0.0,-0.000196,0.0,0.0,0.0,0.005235,
0.0,4.562069,0.879811,-0.000066,0.0,1.570796,0.0,0.0,-0.004433,0.0,0.0,0.0,-0.185721,-0.024171,0.004212,0.360746,-0.138796,0.024476,-0.185544,0.026064,0.004456,0.366023,-0.118764,-0.024293,-0.095628,0.174482,0.0,-0.058485,0.0,0.0,0.0,-0.096279,-0.174482,0.0,-0.01841,0.0,0.0,0.0,-0.0,0.0,0.0,0.0,0.0,0.0,0.0,0.0,0.0,0.001953,-0.004822,0.0,0.000196,0.0,0.000065,0.0,-0.000065,0.0,-0.000196,0.0,0.0,0.0,0.004906,
0.0,4.562069,0.879767,-0.000066,0.0,1.570796,-0.0,0.0,-0.004417,0.0,0.0,0.0,-0.185572,-0.024171,0.004212,0.360539,-0.139216,0.024476,-0.185637,0.026064,0.004456,0.366191,-0.119094,-0.024293,-0.094823,0.174482,-0.0,-0.057991,0.0,0.0,0.0,-0.095986,-0.174482,0.0,-0.018556,-0.0,0.0,0.0,0.0,0.0,0.0,0.0,0.0,0.0,0.0,0.0,0.0,0.001953,-0.004822,0.0,0.000196,0.0,0.000065,0.0,-0.000065,0.0,-0.000196,0.0,-0.0,0.0,0.004576,
0.0,4.562069,0.879743,-0.000066,0.0,1.570796,0.0,0.0,-0.002419,0.0,0.0,0.0,-0.185168,-0.024171,0.004212,0.359924,-0.13929,0.024476,-0.185821,0.026064,0.004456,0.36647,-0.119277,-0.024293,-0.094236,0.174482,-0.0,-0.057606,-0.0,0.0,0.0,-0.095747,-0.174482,0.0,-0.018648,0.0,0.0,0.0,0.0,0.0,0.0,0.0,0.0,0.0,0.0,0.0,0.0,0.001953,-0.004822,0.0,0.000196,0.0,0.000065,0.0,-0.000065,0.0,-0.000196,0.0,0.0,0.0,0.004265,
0.0,4.562069,0.879719,-0.000066,0.0,1.570796,0.0,0.0,-0.002419,0.0,0.0,0.0,-0.184763,-0.024171,0.004212,0.35931,-0.139363,0.024476,-0.186005,0.026064,0.004456,0.36675,-0.11946,-0.024293,-0.093649,0.174482,-0.0,-0.057222,0.0,0.0,-0.0,-0.095509,-0.174482,-0.0,-0.018739,0.0,0.0,0.0,-0.0,0.0,0.0,0.0,0.0,-0.0,-0.0,0.0,0.0,0.001953,-0.004822,0.0,0.000196,0.0,0.000065,0.0,-0.000065,0.0,-0.000196,0.0,0.0,0.0,0.003953,
-0.0,4.562069,0.879694,-0.000066,0.0,1.570796,-0.0,0.0,-0.002419,0.0,0.0,0.0,-0.184359,-0.024171,0.004212,0.358696,-0.139436,0.024476,-0.186189,0.026064,0.004456,0.367029,-0.119644,-0.024293,-0.093063,0.174482,0.0,-0.056837,0.0,0.0,0.0,-0.095271,-0.174482,0.0,-0.018831,0.0,0.0,0.0,-0.0,0.0,0.0,0.0,-0.0,0.0,-0.0,0.0,-0.0,0.001953,-0.004822,0.0,0.000196,0.0,0.000065,0.0,-0.000065,0.0,-0.000196,0.0,-0.0,0.0,0.003642,
0.0,4.562069,0.879674,-0.000066,0.0,1.570796,0.0,0.0,-0.002007,0.0,0.0,0.0,-0.183905,-0.024171,0.004212,0.358032,-0.13946,0.024476,-0.186595,0.026064,0.004456,0.367734,-0.119945,-0.024293,-0.092587,0.174482,0.0,-0.056526,0.0,0.0,0.0,-0.095119,-0.174482,0.0,-0.018935,0.0,0.0,0.0,0.0,0.0,0.0,-0.0,0.0,0.0,-0.0,0.0,0.0,0.001953,-0.004822,0.0,0.000196,0.0,0.000065,0.0,-0.000065,0.0,-0.000196,0.0,0.0,0.0,0.003417,
0.0,4.562069,0.879656,-0.000066,0.0,1.570796,0.0,0.0,-0.001816,0.0,0.0,0.0,-0.183426,-0.024171,0.004212,0.357344,-0.13946,0.024476,-0.18711,0.026064,0.004456,0.368647,-0.120302,-0.024293,-0.092166,0.174482,0.0,-0.056251,0.0,0.0,0.0,-0.095009,-0.174482,0.0,-0.019044,0.0,0.0,0.0,-0.0,0.0,0.0,0.0,0.0,0.0,0.0,0.0,0.0,0.001953,-0.004822,0.0,0.000196,0.0,0.000065,0.0,-0.000065,0.0,-0.000196,0.0,0.0,0.0,0.003234,
0.0,4.562069,0.879638,-0.000066,0.0,1.570796,-0.0,0.0,-0.001808,0.0,0.0,0.0,-0.182948,-0.024171,0.004212,0.356655,-0.13946,0.024476,-0.187625,0.026064,0.004456,0.36956,-0.12066,-0.024293,-0.091744,0.174482,-0.0,-0.055977,0.0,0.0,0.0,-0.094899,-0.174482,0.0,-0.019154,0.0,0.0,0.0,-0.0,0.0,0.0,-0.0,-0.0,0.0,-0.0,0.0,-0.0,0.001953,-0.004822,0.0,0.000196,0.0,0.000065,-0.0,-0.000065,0.0,-0.000196,0.0,0.0,0.0,0.003051,
0.0,4.562069,0.87962,-0.000066,0.0,1.570796,0.0,0.0,-0.001808,0.0,0.0,0.0,-0.18252,-0.024171,0.004212,0.356011,-0.13946,0.024476,-0.188165,0.026064,0.004437,0.370498,-0.121018,-0.024293,-0.091378,0.174482,0.0,-0.055721,-0.0,0.0,0.0,-0.094826,-0.174482,0.0,-0.019295,-0.0,0.0,0.0,0.0,0.0,-0.0,0.0,-0.0,0.0,0.0,0.0,-0.0,0.001953,-0.004822,0.0,0.000196,0.0,0.000065,-0.0,-0.000065,0.0,-0.000196,0.0,0.0,0.0,0.00293,
0.0,4.562069,0.879602,-0.000066,0.0,1.570796,0.0,0.0,-0.001808,0.0,0.0,0.0,-0.182189,-0.024171,0.004212,0.355453,-0.139461,0.024476,-0.188754,0.026064,0.004382,0.371485,-0.121375,-0.024293,-0.091122,0.174482,0.0,-0.055501,0.0,0.0,0.0,-0.094826,-0.174482,0.0,-0.019497,-0.0,0.0,0.0,-0.0,0.0,-0.0,0.0,0.0,0.0,0.0,0.0,0.0,0.001953,-0.004822,0.0,0.000196,0.0,0.000065,0.0,-0.000065,0.0,-0.000196,0.0,0.0,0.0,0.00293,
0.0,4.562069,0.879584,-0.000066,0.0,1.570796,0.0,0.0,-0.001808,0.0,0.0,0.0,-0.181858,-0.024171,0.004212,0.354894,-0.13946,0.024476,-0.189342,0.026064,0.004327,0.372473,-0.121733,-0.024293,-0.090865,0.174482,-0.0,-0.055281,-0.0,0.0,0.0,-0.094826,-0.174482,0.0,-0.019698,0.0,0.0,0.0,0.0,0.0,0.0,0.0,-0.0,0.0,-0.0,0.0,0.0,0.001953,-0.004822,0.0,0.000196,0.0,0.000065,0.0,-0.000065,0.0,-0.000196,0.0,0.0,0.0,0.00293,
-0.0,4.562069,0.879566,-0.000066,0.0,1.570796,-0.0,0.0,-0.001816,0.0,0.0,0.0,-0.181528,-0.024171,0.004212,0.354338,-0.13946,0.024476,-0.18993,0.026064,0.004273,0.37346,-0.122091,-0.024293,-0.090609,0.174482,0.0,-0.055062,0.0,0.0,0.0,-0.094827,-0.174482,0.0,-0.019901,0.0,0.0,0.0,0.0,0.0,-0.0,0.0,0.0,0.0,-0.0,0.0,0.0,0.001953,-0.004822,0.0,0.000196,0.0,0.000065,0.0,-0.000065,0.0,-0.000196,0.0,0.0,0.0,0.002932,
0.0,4.562069,0.879534,-0.000066,0.0,1.570796,0.0,0.0,-0.003181,0.0,0.0,0.0,-0.181307,-0.024171,0.004212,0.354059,-0.13946,0.024476,-0.190445,0.026064,0.004273,0.374392,-0.122532,-0.024293,-0.090499,0.174482,0.0,-0.054989,0.0,0.0,0.0,-0.094992,-0.174482,0.0,-0.020377,0.0,0.0,0.0,0.0,0.0,-0.0,0.0,-0.0,0.0,-0.0,0.0,0.0,0.001953,-0.004822,0.0,0.000196,0.0,0.000065,0.0,-0.000065,0.0,-0.000196,0.0,0.0,0.0,0.003261,
-0.0,4.562069,0.879502,-0.000066,0.0,1.570796,-0.0,0.0,-0.003174,0.0,0.0,0.0,-0.181087,-0.024171,0.004212,0.35378,-0.13946,0.024476,-0.19096,0.026064,0.004273,0.375324,-0.122972,-0.024293,-0.090389,0.174482,-0.0,-0.054915,0.0,0.0,0.0,-0.095157,-0.174482,0.0,-0.020853,0.0,0.0,0.0,-0.0,0.0,-0.0,0.0,0.0,-0.0,0.0,0.0,-0.0,0.001953,-0.004822,0.0,0.000196,0.0,0.000065,0.0,-0.000065,0.0,-0.000196,0.0,0.0,0.0,0.003591,
0.0,4.562069,0.87947,-0.000066,0.0,1.570796,0.0,0.0,-0.003174,0.0,0.0,0.0,-0.180866,-0.024171,0.004212,0.353501,-0.13946,0.024476,-0.191476,0.026064,0.004273,0.376256,-0.123412,-0.024293,-0.090279,0.174482,0.0,-0.054842,0.0,0.0,0.0,-0.095322,-0.174482,0.0,-0.02133,0.0,0.0,0.0,-0.0,0.0,-0.0,0.0,-0.0,0.0,-0.0,0.0,-0.0,0.001953,-0.004822,0.0,0.000196,0.0,0.000065,0.0,-0.000065,0.0,-0.000196,0.0,0.0,0.0,0.003921,
0.0,4.562069,0.879439,-0.000066,0.0,1.570796,-0.0,0.0,-0.003174,0.0,0.0,0.0,-0.180794,-0.024171,0.004212,0.35346,-0.13967,0.024476,-0.191718,0.026064,0.004273,0.376749,-0.123754,-0.024293,-0.090243,0.174482,0.0,-0.054818,-0.0,0.0,0.0,-0.095598,-0.174482,-0.0,-0.021756,0.0,0.0,0.0,0.0,0.0,0.0,0.0,0.0,0.0,0.0,0.0,0.0,0.001953,-0.004822,0.0,0.000196,0.0,0.000065,0.0,-0.000065,0.0,-0.000196,0.0,0.0,0.0,0.004262,
0.0,4.562069,0.879407,-0.000066,0.0,1.570796,0.0,0.0,-0.003181,0.0,0.0,0.0,-0.180794,-0.024171,0.004212,0.353534,-0.139982,0.024476,-0.191829,0.026064,0.004273,0.377029,-0.124047,-0.024293,-0.090243,0.174482,-0.0,-0.054818,-0.0,0.0,0.0,-0.095928,-0.174482,0.0,-0.022159,0.0,0.0,0.0,0.0,0.0,0.0,0.0,0.0,0.0,0.0,0.0,-0.0,0.001953,-0.004822,0.0,0.000196,0.0,0.000065,0.0,-0.000065,0.0,-0.000196,0.0,0.0,0.0,0.00461,
0.0,4.562069,0.879375,-0.000066,0.0,1.570796,0.0,0.0,-0.003174,0.0,0.0,0.0,-0.180794,-0.024171,0.004212,0.353608,-0.140295,0.024476,-0.191939,0.026064,0.004273,0.377308,-0.124341,-0.024293,-0.090243,0.174482,0.0,-0.054818,0.0,0.0,0.0,-0.096258,-0.174482,0.0,-0.022562,-0.0,0.0,0.0,0.0,0.0,-0.0,-0.0,-0.0,0.0,0.0,0.0,-0.0,0.001953,-0.004822,0.0,0.000196,0.0,0.000065,0.0,-0.000065,0.0,-0.000196,0.0,-0.0,0.0,0.004958,
-0.0,4.562069,0.879347,-0.000066,0.0,1.570796,-0.0,0.0,-0.002861,0.0,0.0,0.0,-0.180794,-0.024171,0.004212,0.353658,-0.140516,0.024476,-0.191965,0.026064,0.004273,0.377442,-0.124585,-0.024293,-0.090218,0.174482,0.0,-0.054818,0.0,0.0,0.0,-0.096669,-0.174482,0.0,-0.022884,-0.0,0.0,0.0,0.0,0.0,-0.0,0.0,0.0,0.0,0.0,0.0,-0.0,0.001953,-0.004822,0.0,0.000196,0.0,0.000065,0.0,-0.000065,0.0,-0.000196,0.0,0.0,0.0,0.005263,
0.0,4.562069,0.879324,-0.000066,0.0,1.570796,0.0,0.0,-0.002251,0.0,0.0,0.0,-0.180794,-0.024171,0.004212,0.353658,-0.140562,0.024476,-0.191827,0.026064,0.004273,0.377293,-0.124732,-0.024293,-0.090145,0.174482,-0.0,-0.054818,-0.0,0.0,0.0,-0.097237,-0.174482,0.0,-0.023049,0.0,0.0,0.0,0.0,0.0,0.0,0.0,0.0,0.0,0.0,0.0,0.0,0.001953,-0.004822,0.0,0.000196,0.0,0.000065,0.0,-0.000065,0.0,-0.000196,0.0,-0.0,0.0,0.005482,
0.0,4.562069,0.879301,-0.000066,0.0,1.570796,0.0,0.0,-0.002251,0.0,0.0,0.0,-0.180794,-0.024171,0.004212,0.353658,-0.140608,0.024476,-0.191689,0.026064,0.004273,0.377144,-0.124878,-0.024293,-0.090072,0.174482,0.0,-0.054818,-0.0,0.0,0.0,-0.097805,-0.174482,0.0,-0.023214,0.0,0.0,0.0,0.0,0.0,0.0,0.0,0.0,0.0,0.0,0.0,0.0,0.001953,-0.004822,0.0,0.000196,0.0,0.000065,0.0,-0.000065,0.0,-0.000196,0.0,-0.0,0.0,0.005702,
0.0,4.562069,0.879279,-0.000066,0.0,1.570796,0.0,0.0,-0.002235,0.0,0.0,0.0,-0.180795,-0.024171,0.004212,0.353658,-0.140654,0.024476,-0.191551,0.026064,0.004273,0.376995,-0.125025,-0.024293,-0.089999,0.174482,0.0,-0.054819,0.0,0.0,0.0,-0.098374,-0.174482,0.0,-0.023378,0.0,0.0,0.0,0.0,0.0,-0.0,0.0,-0.0,0.0,0.0,0.0,-0.0,0.001953,-0.004822,0.0,0.000196,0.0,0.000065,0.0,-0.000065,0.0,-0.000196,0.0,0.0,0.0,0.005921,
0.0,4.562069,0.879276,-0.000066,0.0,1.570796,0.0,0.0,-0.000359,0.0,0.0,0.0,-0.180979,-0.024171,0.004212,0.353807,-0.1407,0.024476,-0.191413,0.026064,0.004273,0.376902,-0.125172,-0.024293,-0.089999,0.174482,0.0,-0.054929,0.0,0.0,0.0,-0.098942,-0.174482,0.0,-0.023507,-0.0,0.0,0.0,0.0,0.0,0.0,0.0,-0.0,0.0,0.0,0.0,-0.0,0.001953,-0.004822,0.0,0.000196,0.0,0.000065,0.0,-0.000065,0.0,-0.000196,0.0,0.0,0.0,0.005921,
0.0,4.562069,0.879272,-0.000066,0.0,1.570796,0.0,0.0,-0.000351,0.0,0.0,0.0,-0.181162,-0.024171,0.004212,0.353956,-0.140746,0.024476,-0.191275,0.026064,0.004273,0.376809,-0.125319,-0.024293,-0.089999,0.174482,0.0,-0.055039,-0.0,-0.0,0.0,-0.09951,-0.174482,0.0,-0.023635,0.0,0.0,0.0,0.0,-0.0,-0.0,-0.0,-0.0,-0.0,-0.0,0.0,-0.0,0.001953,-0.004822,0.0,0.000196,0.0,0.000065,0.0,-0.000065,0.0,-0.000196,0.0,0.0,0.0,0.005921,
0.0,4.562069,0.879268,-0.000066,0.0,1.570796,0.0,0.0,-0.000359,0.0,0.0,0.0,-0.181346,-0.024171,0.004212,0.354105,-0.140792,0.024476,-0.191137,0.026064,0.004273,0.376716,-0.125465,-0.024293,-0.089999,0.174482,0.0,-0.055149,0.0,0.0,0.0,-0.100079,-0.174482,0.0,-0.023763,-0.0,0.0,0.0,-0.0,0.0,0.0,0.0,-0.0,0.0,0.0,0.0,0.0,0.001953,-0.004822,0.0,0.000196,0.0,0.000065,0.0,-0.000065,0.0,-0.000196,0.0,0.0,0.0,0.005921,
-0.0,4.562069,0.879273,-0.000066,0.0,1.570796,-0.0,-0.0,0.000427,0.0,0.0,0.0,-0.181543,-0.024171,0.004212,0.354366,-0.140807,0.024476,-0.190931,0.026064,0.004273,0.376422,-0.125526,-0.024293,-0.090221,0.174482,0.0,-0.055308,-0.0,0.0,0.0,-0.100585,-0.174482,0.0,-0.023867,0.0,0.0,0.0,0.0,0.0,0.0,0.0,-0.0,0.0,-0.0,0.0,-0.0,0.001953,-0.004822,0.0,0.000196,0.0,0.000065,0.0,-0.000065,0.0,-0.000196,0.0,0.0,0.0,0.005921,
0.0,4.562069,0.879281,-0.000066,0.0,1.570796,0.0,-0.0,0.000809,0.0,0.0,0.0,-0.181745,-0.024171,0.004212,0.354683,-0.140807,0.024476,-0.190692,0.026064,0.004273,0.37603,-0.125544,-0.024293,-0.090551,0.174482,0.0,-0.055491,-0.0,0.0,-0.0,-0.101062,-0.174482,0.0,-0.023958,0.0,0.0,0.0,0.0,0.0,-0.0,0.0,-0.0,0.0,0.0,0.0,-0.0,0.001953,-0.004822,0.0,0.000196,0.0,0.000065,0.0,-0.000065,0.0,-0.000196,0.0,0.0,0.0,0.005921,
0.0,4.562069,0.879289,-0.000066,0.0,1.570796,0.0,-0.0,0.000809,0.0,0.0,0.0,-0.181947,-0.024171,0.004212,0.354999,-0.140807,0.024476,-0.190453,0.026064,0.004273,0.375639,-0.125562,-0.024293,-0.090881,0.174482,0.0,-0.055674,0.0,-0.0,-0.0,-0.101539,-0.174482,0.0,-0.02405,0.0,0.0,0.0,-0.0,-0.0,0.0,0.0,-0.0,0.0,0.0,0.0,0.0,0.001953,-0.004822,0.0,0.000196,0.0,0.000065,0.0,-0.000065,0.0,-0.000196,0.0,0.0,0.0,0.005921,
0.0,4.562069,0.879297,-0.000066,0.0,1.570796,-0.0,-0.0,0.000809,0.0,0.0,0.0,-0.182162,-0.024171,0.004212,0.35534,-0.140807,0.024476,-0.190233,0.026064,0.004273,0.375285,-0.125581,-0.024293,-0.091304,0.174482,0.0,-0.055913,0.0,0.0,0.0,-0.101972,-0.174482,0.0,-0.024141,0.0,0.0,0.0,-0.0,0.0,0.0,-0.0,0.0,0.0,0.0,0.0,0.0,0.001953,-0.004822,0.0,0.000196,0.0,0.000065,0.0,-0.000065,0.0,-0.000196,0.0,-0.0,0.0,0.005902,
0.0,4.562069,0.879305,-0.000066,0.0,1.570796,0.0,-0.0,0.000809,0.0,0.0,0.0,-0.182401,-0.024171,0.004212,0.355731,-0.140807,0.024476,-0.190049,0.026064,0.004273,0.375006,-0.125599,-0.024293,-0.091909,0.174482,0.0,-0.056261,-0.0,-0.0,0.0,-0.10232,-0.174482,0.0,-0.024233,0.0,0.0,0.0,0.0,-0.0,-0.0,0.0,-0.0,0.0,0.0,0.0,-0.0,0.001953,-0.004822,0.0,0.000196,0.0,0.000065,0.0,-0.000065,0.0,-0.000196,0.0,0.0,0.0,0.005847,
0.0,4.562069,0.879313,-0.000066,0.0,1.570796,0.0,-0.0,0.000809,0.0,0.0,0.0,-0.18264,-0.024171,0.004212,0.356122,-0.140807,0.024476,-0.189865,0.026064,0.004273,0.374726,-0.125618,-0.024293,-0.092514,0.174482,-0.0,-0.056609,-0.0,0.0,0.0,-0.102669,-0.174482,0.0,-0.024324,0.0,0.0,0.0,0.0,0.0,-0.0,0.0,-0.0,0.0,-0.0,0.0,0.0,0.001953,-0.004822,0.0,0.000196,0.0,0.000065,0.0,-0.000065,0.0,-0.000196,0.0,0.0,0.0,0.005792,
0.0,4.562069,0.879321,-0.000066,0.0,1.570796,0.0,-0.0,0.000793,0.0,0.0,0.0,-0.18288,-0.024171,0.004212,0.356514,-0.140808,0.024476,-0.189682,0.026064,0.004273,0.374449,-0.125636,-0.024293,-0.09312,0.174482,-0.0,-0.056958,0.0,0.0,0.0,-0.103016,-0.174482,0.0,-0.024415,0.0,0.0,0.0,0.0,0.0,0.0,0.0,-0.0,0.0,-0.0,0.0,-0.0,0.001953,-0.004822,0.0,0.000196,0.0,0.000065,0.0,-0.000065,0.0,-0.000196,0.0,0.0,0.0,0.005738,
0.0,4.562069,0.879313,-0.000066,0.0,1.570796,0.0,0.0,-0.000847,0.0,0.0,0.0,-0.183211,-0.024171,0.004267,0.357091,-0.141065,0.024476,-0.189682,0.026064,0.004273,0.374561,-0.125654,-0.024293,-0.093844,0.174482,-0.0,-0.057324,-0.0,0.0,0.0,-0.103126,-0.174482,0.0,-0.024415,0.0,0.0,0.0,0.0,0.0,0.0,0.0,0.0,0.0,-0.0,0.0,-0.0,0.001953,-0.004822,0.0,0.000196,0.0,0.000065,0.0,-0.000065,0.0,-0.000196,0.0,0.0,0.0,0.005848,
0.0,4.562069,0.879304,-0.000066,0.0,1.570796,0.0,0.0,-0.000839,0.0,0.0,0.0,-0.183542,-0.024171,0.004322,0.357667,-0.141322,0.024476,-0.189682,0.026064,0.004273,0.374673,-0.125673,-0.024293,-0.094568,0.174482,0.0,-0.05769,0.0,0.0,0.0,-0.103236,-0.174482,0.0,-0.024415,-0.0,0.0,0.0,0.0,0.0,-0.0,0.0,0.0,0.0,0.0,0.0,0.0,0.001953,-0.004822,0.0,0.000196,0.0,0.000065,0.0,-0.000065,0.0,-0.000196,0.0,0.0,0.0,0.005958,
0.0,4.562069,0.879296,-0.000066,0.0,1.570796,0.0,0.0,-0.000847,0.0,0.0,0.0,-0.183873,-0.024171,0.004377,0.358244,-0.141579,0.024476,-0.189682,0.026064,0.004273,0.374785,-0.125691,-0.024293,-0.095292,0.174482,0.0,-0.058057,0.0,0.0,0.0,-0.103346,-0.174482,0.0,-0.024415,0.0,0.0,0.0,-0.0,0.0,0.0,-0.0,-0.0,-0.0,0.0,0.0,0.0,0.001953,-0.004822,0.0,0.000196,0.0,0.000065,0.0,-0.000065,0.0,-0.000196,0.0,-0.0,0.0,0.006068,
0.0,4.562069,0.879287,-0.000066,0.0,1.570796,0.0,0.0,-0.000847,0.0,0.0,0.0,-0.18408,-0.024171,0.004395,0.358583,-0.141725,0.024476,-0.189583,0.026064,0.004273,0.374633,-0.125709,-0.024293,-0.096016,0.174482,-0.0,-0.058448,0.0,0.0,-0.0,-0.103332,-0.174482,0.0,-0.024415,0.0,0.0,0.0,-0.0,0.0,-0.0,0.0,-0.0,0.0,-0.0,0.0,0.0,0.001953,-0.004822,0.0,0.000196,0.0,0.000065,0.0,-0.000065,0.0,-0.000196,0.0,0.0,0.0,0.006276,
-0.0,4.562069,0.879279,-0.000066,0.0,1.570796,-0.0,0.0,-0.000847,0.0,0.0,0.0,-0.184227,-0.024171,0.004395,0.358807,-0.141817,0.024476,-0.189436,0.026064,0.004273,0.374354,-0.125728,-0.024293,-0.09674,0.174482,0.0,-0.058851,0.0,0.0,0.0,-0.103259,-0.174482,0.0,-0.024415,0.0,0.0,0.0,0.0,0.0,0.0,0.0,0.0,0.0,0.0,0.0,0.0,0.001953,-0.004822,0.0,0.000196,0.0,0.000065,0.0,-0.000065,0.0,-0.000196,0.0,0.0,0.0,0.006533,
0.0,4.562069,0.87927,-0.000066,0.0,1.570796,0.0,0.0,-0.000847,0.0,0.0,0.0,-0.184374,-0.024171,0.004395,0.35903,-0.141909,0.024476,-0.189289,0.026064,0.004273,0.374074,-0.125746,-0.024293,-0.097464,0.174482,0.0,-0.059254,-0.0,0.0,0.0,-0.103186,-0.174482,0.0,-0.024415,-0.0,0.0,0.0,0.0,0.0,-0.0,-0.0,0.0,0.0,-0.0,0.0,-0.0,0.001953,-0.004822,0.0,0.000196,0.0,0.000065,0.0,-0.000065,0.0,-0.000196,0.0,0.0,0.0,0.006789,
0.0,4.562069,0.87926,-0.000066,0.0,1.570796,0.0,0.0,-0.001015,0.0,0.0,0.0,-0.184521,-0.024171,0.004395,0.359266,-0.142,0.024476,-0.189135,0.026064,0.004273,0.373832,-0.125789,-0.024293,-0.098161,0.174482,0.0,-0.059638,0.0,0.0,0.0,-0.103066,-0.174482,0.0,-0.024453,0.0,0.0,0.0,0.0,0.0,-0.0,0.0,0.0,0.0,0.0,0.0,0.0,0.001953,-0.004822,0.0,0.000196,0.0,0.000065,0.0,-0.000065,0.0,-0.000196,0.0,0.0,0.0,0.007095,
0.0,4.562069,0.879247,-0.000066,0.0,1.570796,0.0,0.0,-0.001358,0.0,0.0,0.0,-0.184668,-0.024171,0.004395,0.359526,-0.142092,0.024476,-0.18897,0.026064,0.004273,0.373665,-0.125881,-0.024293,-0.098802,0.174482,0.0,-0.059986,0.0,0.0,0.0,-0.102855,-0.174482,0.0,-0.024563,0.0,0.0,0.0,-0.0,0.0,0.0,0.0,-0.0,0.0,0.0,0.0,0.0,0.001953,-0.004822,0.0,0.000196,0.0,0.000065,0.0,-0.000065,0.0,-0.000196,0.0,0.0,0.0,0.007498,
0.0,4.562069,0.879233,-0.000066,0.0,1.570796,0.0,0.0,-0.001358,0.0,0.0,0.0,-0.184815,-0.024171,0.004395,0.359787,-0.142184,0.024476,-0.188804,0.026064,0.004273,0.373497,-0.125973,-0.024293,-0.099444,0.174482,0.0,-0.060334,0.0,0.0,0.0,-0.102644,-0.174482,0.0,-0.024673,0.0,0.0,0.0,0.0,0.0,0.0,0.0,0.0,0.0,-0.0,0.0,0.0,0.001953,-0.004822,0.0,0.000196,0.0,0.000065,-0.0,-0.000065,0.0,-0.000196,0.0,0.0,0.0,0.007901,
0.0,4.562069,0.87922,-0.000066,0.0,1.570796,0.0,0.0,-0.001343,0.0,0.0,0.0,-0.184962,-0.024171,0.004395,0.360046,-0.142275,0.024476,-0.188639,0.026064,0.004273,0.373328,-0.126064,-0.024293,-0.100085,0.174482,0.0,-0.060682,0.0,0.0,0.0,-0.102433,-0.174482,-0.0,-0.024782,0.0,0.0,0.0,0.0,0.0,0.0,0.0,0.0,0.0,-0.0,0.0,-0.0,0.001953,-0.004822,0.0,0.000196,0.0,0.000065,0.0,-0.000065,0.0,-0.000196,0.0,0.0,0.0,0.008303,
0.0,4.562069,0.879221,-0.000066,0.0,1.570796,0.0,-0.0,0.000175,0.0,0.0,0.0,-0.184962,-0.024171,0.004395,0.360046,-0.142275,0.024476,-0.188455,0.026064,0.004273,0.37303,-0.126156,-0.024293,-0.100561,0.174482,0.0,-0.060957,0.0,0.0,0.0,-0.102222,-0.174482,0.0,-0.024892,0.0,0.0,0.0,-0.0,0.0,-0.0,0.0,-0.0,0.0,-0.0,0.0,-0.0,0.001953,-0.004822,0.0,0.000196,0.0,0.000065,0.0,-0.000065,0.0,-0.000196,0.0,0.0,0.0,0.008596,
0.0,4.562069,0.879223,-0.000066,0.0,1.570796,0.0,-0.0,0.000175,0.0,0.0,0.0,-0.184962,-0.024171,0.004395,0.360046,-0.142275,0.024476,-0.188271,0.026064,0.004273,0.372732,-0.126248,-0.024293,-0.101038,0.174482,0.0,-0.061232,-0.0,0.0,0.0,-0.102011,-0.174482,0.0,-0.025002,0.0,0.0,0.0,0.0,0.0,-0.0,0.0,0.0,0.0,0.0,0.0,-0.0,0.001953,-0.004822,0.0,0.000196,0.0,0.000065,0.0,-0.000065,0.0,-0.000196,0.0,0.0,0.0,0.008889,
0.0,4.562069,0.879225,-0.000066,0.0,1.570796,0.0,-0.0,0.000175,0.0,0.0,0.0,-0.184962,-0.024171,0.004395,0.360046,-0.142275,0.024476,-0.188087,0.026064,0.004273,0.372434,-0.12634,-0.024293,-0.101515,0.174482,0.0,-0.061506,0.0,0.0,0.0,-0.1018,-0.174482,0.0,-0.025112,0.0,0.0,0.0,0.0,0.0,-0.0,0.0,0.0,0.0,-0.0,-0.0,0.0,0.001953,-0.004822,0.0,0.000196,0.0,0.000065,0.0,-0.000065,0.0,-0.000196,0.0,0.0,0.0,0.009182,
0.0,4.562069,0.879227,-0.000066,0.0,1.570796,0.0,-0.0,0.000175,0.0,0.0,0.0,-0.185061,-0.024171,0.004395,0.360146,-0.142315,0.024476,-0.187878,0.026064,0.004273,0.372136,-0.12637,-0.024293,-0.101843,0.174482,0.0,-0.061707,0.0,0.0,0.0,-0.10167,-0.174482,-0.0,-0.025222,0.0,0.0,0.0,0.0,0.0,-0.0,0.0,-0.0,0.0,-0.0,0.0,0.0,0.001953,-0.004822,0.0,0.000196,0.0,0.000065,0.0,-0.000065,0.0,-0.000196,0.0,0.0,0.0,0.009389,
-0.0,4.562069,0.879228,-0.000066,0.0,1.570796,-0.0,-0.0,0.000175,0.0,0.0,0.0,-0.185208,-0.024171,0.004395,0.360295,-0.142375,0.024476,-0.187657,0.026064,0.004273,0.371838,-0.12637,-0.024293,-0.1021,0.174482,0.0,-0.061872,0.0,0.0,0.0,-0.101578,-0.174482,-0.0,-0.025332,0.0,0.0,0.0,0.0,0.0,0.0,0.0,0.0,0.0,0.0,0.0,-0.0,0.001953,-0.004822,0.0,0.000196,0.0,0.000065,0.0,-0.000065,0.0,-0.000196,0.0,0.0,0.0,0.009553,
0.0,4.562069,0.87923,-0.000066,0.0,1.570796,0.0,-0.0,0.000168,0.0,0.0,0.0,-0.185355,-0.024171,0.004395,0.360444,-0.142435,0.024476,-0.187437,0.026064,0.004273,0.37154,-0.12637,-0.024293,-0.102357,0.174482,-0.0,-0.062037,-0.0,0.0,0.0,-0.101486,-0.174482,0.0,-0.025442,0.0,0.0,0.0,0.0,0.0,0.0,0.0,0.0,0.0,0.0,0.0,0.0,0.001953,-0.004822,0.0,0.000196,-0.0,0.000065,0.0,-0.000065,0.0,-0.000196,0.0,0.0,0.0,0.009718,
0.0,4.562069,0.879232,-0.000066,0.0,1.570796,0.0,-0.0,0.000175,0.0,0.0,0.0,-0.185496,-0.024171,0.004395,0.360618,-0.142494,0.024476,-0.187191,0.026064,0.004273,0.37121,-0.126395,-0.024293,-0.102526,0.174482,0.0,-0.062146,-0.0,0.0,0.0,-0.10147,-0.174482,0.0,-0.025514,0.0,0.0,0.0,0.0,0.0,0.0,0.0,0.0,0.0,0.0,0.0,-0.0,0.001953,-0.004822,0.0,0.000196,0.0,0.000065,-0.0,-0.000065,0.0,-0.000196,0.0,-0.0,0.0,0.009827,
-0.0,4.562069,0.879234,-0.000066,0.0,1.570796,-0.0,-0.0,0.000175,0.0,0.0,0.0,-0.185624,-0.024171,0.004395,0.360841,-0.142554,0.024476,-0.186897,0.026064,0.004273,0.370819,-0.126468,-0.024293,-0.102526,0.174482,0.0,-0.062146,-0.0,0.0,0.0,-0.101598,-0.174482,0.0,-0.025514,0.0,0.0,0.0,0.0,0.0,0.0,0.0,0.0,0.0,0.0,0.0,-0.0,0.001953,-0.004822,0.0,0.000196,0.0,0.000065,0.0,-0.000065,0.0,-0.000196,0.0,-0.0,0.0,0.009827,
0.0,4.562069,0.879235,-0.000066,0.0,1.570796,0.0,-0.0,0.000175,0.0,0.0,0.0,-0.185753,-0.024171,0.004395,0.361065,-0.142614,0.024476,-0.186602,0.026064,0.004273,0.370427,-0.126541,-0.024293,-0.102526,0.174482,0.0,-0.062146,-0.0,0.0,0.0,-0.101726,-0.174482,0.0,-0.025514,-0.0,0.0,0.0,0.0,0.0,0.0,0.0,0.0,0.0,0.0,0.0,-0.0,0.001953,-0.004822,0.0,0.000196,0.0,0.000065,0.0,-0.000065,0.0,-0.000196,0.0,-0.0,0.0,0.009827,
0.0,4.562069,0.879237,-0.000066,0.0,1.570796,0.0,-0.0,0.000175,0.0,0.0,0.0,-0.185882,-0.024171,0.004395,0.361287,-0.142673,0.024476,-0.186307,0.026064,0.004273,0.370034,-0.126614,-0.024293,-0.102526,0.174482,0.0,-0.062145,0.0,0.0,0.0,-0.101854,-0.174482,0.0,-0.025515,0.0,0.0,0.0,0.0,0.0,0.0,0.0,-0.0,0.0,0.0,0.0,-0.0,0.001953,-0.004822,0.0,0.000196,0.0,0.000065,0.0,-0.000065,0.0,-0.000196,0.0,-0.0,0.0,0.009827,
0.0,4.562069,0.879239,-0.000066,0.0,1.570796,0.0,-0.0,0.000175,0.0,0.0,0.0,-0.185992,-0.024171,0.004395,0.361399,-0.142733,0.024476,-0.185884,0.026064,0.004273,0.369345,-0.126534,-0.024293,-0.102526,0.174482,0.0,-0.062017,0.0,0.0,0.0,-0.101854,-0.174482,0.0,-0.025569,0.0,0.0,0.0,0.0,0.0,0.0,0.0,-0.0,0.0,0.0,0.0,-0.0,0.001953,-0.004896,0.0,0.000196,0.0,0.000065,0.0,-0.000065,0.0,-0.000196,0.0,-0.0,0.0,0.009827,
-0.0,4.562069,0.879241,-0.000066,0.0,1.570796,-0.0,-0.0,0.000175,0.0,0.0,0.0,-0.186102,-0.024171,0.004395,0.361511,-0.142793,0.024476,-0.185461,0.026064,0.004273,0.368656,-0.126455,-0.024293,-0.102526,0.174482,0.0,-0.061888,0.0,0.0,0.0,-0.101854,-0.174482,0.0,-0.025624,0.0,0.0,0.0,0.0,0.0,-0.0,0.0,0.0,-0.0,0.0,0.0,0.0,0.001953,-0.004969,0.0,0.000196,0.0,0.000065,-0.0,-0.000065,0.0,-0.000196,0.0,-0.0,0.0,0.009827,
0.0,4.562069,0.879242,-0.000066,0.0,1.570796,0.0,-0.0,0.000175,0.0,0.0,0.0,-0.186213,-0.024171,0.004395,0.361622,-0.142852,0.024476,-0.185038,0.026064,0.004273,0.367966,-0.126375,-0.024293,-0.102526,0.174482,0.0,-0.06176,0.0,0.0,0.0,-0.101854,-0.174482,0.0,-0.025679,-0.0,0.0,0.0,0.0,0.0,0.0,0.0,-0.0,0.0,0.0,0.0,-0.0,0.001953,-0.005042,0.0,0.000196,0.0,0.000065,0.0,-0.000065,0.0,-0.000196,0.0,-0.0,0.0,0.009827,
0.0,4.562069,0.879249,-0.000066,0.0,1.570796,0.0,-0.0,0.000679,0.0,0.0,0.0,-0.186398,-0.024171,0.004395,0.36191,-0.142912,0.024476,-0.184702,0.026064,0.004273,0.367415,-0.126296,-0.024293,-0.102353,0.174482,0.0,-0.061576,0.0,0.0,0.0,-0.101854,-0.174482,-0.0,-0.025697,-0.0,0.0,0.0,0.0,0.0,-0.0,0.0,-0.0,0.0,0.0,0.0,0.0,0.001953,-0.005066,0.0,0.000196,0.0,0.000065,0.0,-0.000065,0.0,-0.000196,0.0,0.0,0.0,0.009778,
0.0,4.562069,0.879258,-0.000066,0.0,1.570796,0.0,-0.0,0.000931,0.0,0.0,0.0,-0.186618,-0.024171,0.004395,0.362282,-0.142972,0.024476,-0.184408,0.026064,0.004273,0.366931,-0.126216,-0.024293,-0.102096,0.174482,0.0,-0.061366,-0.0,0.0,0.0,-0.101854,-0.174482,0.0,-0.025697,0.0,0.0,0.0,0.0,0.0,-0.0,0.0,-0.0,0.0,-0.0,0.0,-0.0,0.001953,-0.005066,0.0,0.000196,0.0,0.000065,0.0,-0.000065,0.0,-0.000196,0.0,0.0,0.0,0.009704,
0.0,4.562069,0.879268,-0.000066,0.0,1.570796,0.0,-0.0,0.000931,0.0,0.0,0.0,-0.186839,-0.024171,0.004395,0.362654,-0.143031,0.024476,-0.184114,0.026064,0.004273,0.366447,-0.126137,-0.024293,-0.10184,0.174482,0.0,-0.061155,-0.0,0.0,0.0,-0.101854,-0.174482,-0.0,-0.025697,0.0,0.0,0.0,0.0,0.0,0.0,0.0,0.0,0.0,0.0,0.0,0.0,0.001953,-0.005066,0.0,0.000196,0.0,0.000065,0.0,-0.000065,0.0,-0.000196,0.0,0.0,0.0,0.009631,
0.0,4.562069,0.879277,-0.000066,0.0,1.570796,0.0,-0.0,0.000931,0.0,0.0,0.0,-0.18701,-0.024171,0.004395,0.3629,-0.143055,0.024476,-0.183819,0.026064,0.004273,0.365963,-0.126057,-0.024293,-0.101589,0.174482,0.0,-0.060944,-0.0,0.0,0.0,-0.101785,-0.174482,0.0,-0.025722,0.0,0.0,0.0,0.0,0.0,0.0,0.0,-0.0,0.0,-0.0,0.0,-0.0,0.001953,-0.005066,0.0,0.000196,0.0,0.000065,0.0,-0.000065,0.0,-0.000196,0.0,0.0,0.0,0.009583,
0.0,4.562069,0.879286,-0.000066,0.0,1.570796,0.0,-0.0,0.000931,0.0,0.0,0.0,-0.187083,-0.024171,0.004395,0.3629,-0.143009,0.024476,-0.183525,0.026064,0.004273,0.365478,-0.125978,-0.024293,-0.101351,0.174482,0.0,-0.060734,0.0,0.0,0.0,-0.101583,-0.174482,-0.0,-0.025795,0.0,0.0,0.0,0.0,0.0,0.0,0.0,-0.0,0.0,-0.0,0.0,-0.0,0.001953,-0.005066,0.0,0.000196,0.0,0.000065,0.0,-0.000065,0.0,-0.000196,0.0,0.0,0.0,0.009583,
0.0,4.562069,0.879296,-0.000066,0.0,1.570796,0.0,-0.0,0.000923,0.0,0.0,0.0,-0.187157,-0.024171,0.004395,0.3629,-0.142963,0.024476,-0.183231,0.026064,0.004273,0.364994,-0.125898,-0.024293,-0.101113,0.174482,0.0,-0.060523,0.0,0.0,0.0,-0.101382,-0.174482,0.0,-0.025869,0.0,0.0,0.0,0.0,0.0,-0.0,0.0,0.0,0.0,0.0,0.0,0.0,0.001953,-0.005066,0.0,0.000196,0.0,0.000065,0.0,-0.000065,0.0,-0.000196,0.0,0.0,0.0,0.009583,
0.0,4.562069,0.879305,-0.000066,0.0,1.570796,0.0,-0.0,0.000931,0.0,0.0,0.0,-0.187231,-0.024171,0.004395,0.362902,-0.142917,0.024476,-0.182938,0.026064,0.004273,0.364513,-0.125819,-0.024293,-0.100874,0.174482,0.0,-0.060313,-0.0,0.0,-0.0,-0.101179,-0.174482,-0.0,-0.025942,0.0,0.0,0.0,0.0,0.0,0.0,0.0,0.0,0.0,0.0,0.0,0.0,0.001953,-0.005066,0.0,0.000196,0.0,0.000065,0.0,-0.000065,0.0,-0.000196,0.0,0.0,0.0,0.009584,
0.0,4.562069,0.879314,-0.000066,0.0,1.570796,0.0,-0.0,0.000931,0.0,0.0,0.0,-0.187378,-0.024171,0.004395,0.3632,-0.142871,0.024476,-0.182846,0.026064,0.004273,0.364401,-0.12581,-0.024293,-0.100654,0.174482,0.0,-0.060148,-0.0,0.0,0.0,-0.100868,-0.174482,0.0,-0.026052,0.0,0.0,0.0,0.0,0.0,-0.0,0.0,-0.0,0.0,0.0,0.0,-0.0,0.001953,-0.005066,0.0,0.000196,0.0,0.000065,0.0,-0.000065,0.0,-0.000196,0.0,0.0,0.0,0.009786,
-0.0,4.562069,0.879324,-0.000066,0.0,1.570796,-0.0,-0.0,0.000931,0.0,0.0,0.0,-0.187525,-0.024171,0.004395,0.363498,-0.142826,0.024476,-0.182754,0.026064,0.004273,0.364289,-0.125801,-0.024293,-0.100434,0.174482,-0.0,-0.059983,0.0,0.0,0.0,-0.100556,-0.174482,0.0,-0.026162,0.0,0.0,0.0,-0.0,0.0,0.0,0.0,0.0,0.0,0.0,0.0,0.0,0.001953,-0.005066,0.0,0.000196,0.0,0.000065,0.0,-0.000065,0.0,-0.000196,0.0,0.0,0.0,0.009987,
0.0,4.562069,0.879333,-0.000066,0.0,1.570796,0.0,-0.0,0.000931,0.0,0.0,0.0,-0.187672,-0.024171,0.004395,0.363796,-0.14278,0.024476,-0.182662,0.026064,0.004273,0.364178,-0.125792,-0.024293,-0.100214,0.174482,0.0,-0.059818,0.0,0.0,0.0,-0.100244,-0.174482,0.0,-0.026272,0.0,0.0,0.0,0.0,0.0,0.0,0.0,-0.0,0.0,-0.0,0.0,-0.0,0.001953,-0.005066,0.0,0.000196,0.0,0.000065,-0.0,-0.000065,0.0,-0.000196,0.0,-0.0,0.0,0.010189,
0.0,4.562069,0.879342,-0.000066,0.0,1.570796,0.0,-0.0,0.000931,0.0,0.0,0.0,-0.187609,-0.024171,0.004395,0.363655,-0.142684,0.024476,-0.182521,0.026064,0.004273,0.363953,-0.125782,-0.024293,-0.100019,0.174482,-0.0,-0.059653,0.0,0.0,0.0,-0.09992,-0.174482,0.0,-0.026382,-0.0,0.0,0.0,-0.0,0.0,-0.0,0.0,-0.0,0.0,0.0,0.0,0.0,0.001953,-0.005066,0.0,0.000196,0.0,0.000065,0.0,-0.000065,0.0,-0.000196,0.0,0.0,0.0,0.010415,
0.0,4.562069,0.879351,-0.000066,0.0,1.570796,0.0,-0.0,0.000931,0.0,0.0,0.0,-0.187443,-0.024171,0.004395,0.363301,-0.142565,0.024476,-0.182355,0.026064,0.004273,0.363674,-0.125773,-0.024293,-0.099836,0.174482,-0.0,-0.059488,-0.0,0.0,0.0,-0.09959,-0.174482,0.0,-0.026492,0.0,0.0,0.0,0.0,0.0,-0.0,0.0,0.0,0.0,-0.0,0.0,0.0,0.001953,-0.005066,0.0,0.000196,0.0,0.000065,0.0,-0.000065,0.0,-0.000196,0.0,0.0,0.0,0.010653,
-0.0,4.562069,0.879361,-0.000066,0.0,1.570796,-0.0,-0.0,0.000923,0.0,0.0,0.0,-0.187278,-0.024171,0.004395,0.362947,-0.142446,0.024476,-0.18219,0.026064,0.004273,0.363394,-0.125764,-0.024293,-0.099652,0.174482,0.0,-0.059323,0.0,0.0,0.0,-0.09926,-0.174482,0.0,-0.026602,0.0,0.0,0.0,-0.0,0.0,0.0,0.0,0.0,0.0,-0.0,0.0,0.0,0.001953,-0.005066,0.0,0.000196,0.0,0.000065,0.0,-0.000065,0.0,-0.000196,0.0,-0.0,0.0,0.010891,
0.0,4.562069,0.87937,-0.000066,0.0,1.570796,0.0,-0.0,0.000931,0.0,0.0,0.0,-0.187168,-0.024171,0.004395,0.362714,-0.142326,0.024476,-0.182081,0.026064,0.004273,0.363255,-0.125755,-0.024293,-0.099481,0.174482,0.0,-0.059171,0.0,0.0,0.0,-0.098936,-0.174482,0.0,-0.026705,0.0,0.0,0.0,-0.0,0.0,-0.0,0.0,0.0,0.0,0.0,0.0,-0.0,0.001953,-0.005066,0.0,0.000196,0.0,0.000065,0.0,-0.000065,0.0,-0.000196,0.0,-0.0,0.0,0.011123,
0.0,4.562069,0.879379,-0.000066,0.0,1.570796,0.0,-0.0,0.000931,0.0,0.0,0.0,-0.187168,-0.024171,0.004395,0.362714,-0.142207,0.024476,-0.182081,0.026064,0.004273,0.363385,-0.125746,-0.024293,-0.099335,0.174482,0.0,-0.059043,0.0,0.0,0.0,-0.098625,-0.174482,0.0,-0.026797,0.0,0.0,0.0,0.0,0.0,-0.0,0.0,0.0,-0.0,0.0,0.0,0.0,0.001953,-0.005066,0.0,0.000196,-0.0,0.000065,0.0,-0.000065,0.0,-0.000196,0.0,0.0,0.0,0.011342,
0.0,4.562069,0.879389,-0.000066,0.0,1.570796,0.0,-0.0,0.000931,0.0,0.0,0.0,-0.187168,-0.024171,0.004395,0.362714,-0.142088,0.024476,-0.182081,0.026064,0.004273,0.363515,-0.125737,-0.024293,-0.099188,0.174482,0.0,-0.058914,0.0,-0.0,0.0,-0.098313,-0.174482,0.0,-0.026888,0.0,0.0,0.0,-0.0,-0.0,-0.0,0.0,-0.0,0.0,-0.0,0.0,-0.0,0.001953,-0.005066,0.0,0.000196,0.0,0.000065,0.0,-0.000065,0.0,-0.000196,0.0,0.0,0.0,0.011562,
0.0,4.562069,0.879398,-0.000066,0.0,1.570796,0.0,-0.0,0.000931,0.0,0.0,0.0,-0.187167,-0.024171,0.004395,0.362712,-0.141968,0.024476,-0.182081,0.026064,0.004273,0.363644,-0.125727,-0.024293,-0.099041,0.174482,0.0,-0.058786,0.0,0.0,0.0,-0.098002,-0.174482,0.0,-0.026979,0.0,0.0,0.0,0.0,0.0,0.0,0.0,0.0,0.0,0.0,0.0,0.0,0.001953,-0.005066,0.0,0.000196,0.0,0.000065,0.0,-0.000065,0.0,-0.000196,0.0,0.0,0.0,0.011781,
0.0,4.562069,0.879412,-0.000066,0.0,1.570796,0.0,-0.0,0.001396,0.0,0.0,0.0,-0.18702,-0.024171,0.004395,0.362395,-0.141849,0.024476,-0.182081,0.026064,0.004273,0.36357,-0.125718,-0.024293,-0.098821,0.174482,-0.0,-0.058658,0.0,0.0,0.0,-0.097782,-0.174482,0.0,-0.026979,0.0,0.0,0.0,0.0,0.0,-0.0,0.0,-0.0,0.0,-0.0,0.0,-0.0,0.001953,-0.005066,0.0,0.000196,0.0,0.000065,0.0,-0.000065,0.0,-0.000196,0.0,0.0,0.0,0.011854,
-0.0,4.562069,0.879426,-0.000066,0.0,1.570796,-0.0,-0.0,0.001396,0.0,0.0,0.0,-0.186873,-0.024171,0.004395,0.362079,-0.14173,0.024476,-0.182081,0.026064,0.004273,0.363495,-0.125709,-0.024293,-0.098601,0.174482,0.0,-0.05853,0.0,0.0,0.0,-0.097562,-0.174482,0.0,-0.026979,0.0,0.0,0.0,-0.0,0.0,0.0,-0.0,0.0,0.0,0.0,0.0,-0.0,0.001953,-0.005066,0.0,0.000196,0.0,0.000065,0.0,-0.000065,0.0,-0.000196,0.0,0.0,0.0,0.011927,
0.0,4.562069,0.87944,-0.000066,0.0,1.570796,0.0,-0.0,0.001389,0.0,0.0,0.0,-0.186726,-0.024171,0.004395,0.361762,-0.14161,0.024476,-0.182081,0.026064,0.004273,0.363421,-0.1257,-0.024293,-0.098381,0.174482,-0.0,-0.058401,0.0,-0.0,0.0,-0.097342,-0.174482,0.0,-0.026979,0.0,0.0,0.0,-0.0,-0.0,0.0,-0.0,0.0,0.0,-0.0,0.0,-0.0,0.001953,-0.005066,0.0,0.000196,0.0,0.000065,0.0,-0.000065,0.0,-0.000196,0.0,0.0,0.0,0.012,
0.0,4.562069,0.879454,-0.000066,0.0,1.570796,0.0,-0.0,0.001396,0.0,0.0,0.0,-0.186591,-0.024171,0.004395,0.361508,-0.141491,0.024476,-0.18213,0.026064,0.004273,0.363472,-0.125691,-0.024293,-0.098186,0.174482,-0.0,-0.058286,0.0,0.0,0.0,-0.097196,-0.174482,0.0,-0.027029,0.0,0.0,0.0,0.0,0.0,0.0,0.0,0.0,0.0,0.0,0.0,0.0,0.001953,-0.005066,0.0,0.000196,0.0,0.000065,-0.0,-0.000065,0.0,-0.000196,0.0,0.0,0.0,0.012024,
0.0,4.562069,0.879468,-0.000066,0.0,1.570796,-0.0,-0.0,0.001389,0.0,0.0,0.0,-0.186462,-0.024171,0.004395,0.361285,-0.141372,0.024476,-0.182204,0.026064,0.004273,0.363583,-0.125682,-0.024293,-0.098002,0.174482,0.0,-0.058176,-0.0,-0.0,-0.0,-0.097086,-0.174482,0.0,-0.027102,0.0,0.0,0.0,0.0,-0.0,-0.0,-0.0,0.0,0.0,-0.0,0.0,-0.0,0.001953,-0.005066,0.0,0.000196,0.0,0.000065,0.0,-0.000065,0.0,-0.000196,0.0,0.0,0.0,0.012024,
0.0,4.562069,0.879482,-0.000066,0.0,1.570796,0.0,-0.0,0.001396,0.0,0.0,0.0,-0.186334,-0.024171,0.004395,0.361062,-0.141252,0.024476,-0.182277,0.026064,0.004273,0.363695,-0.125672,-0.024293,-0.097819,0.174482,0.0,-0.058066,-0.0,0.0,0.0,-0.096976,-0.174482,0.0,-0.027175,0.0,0.0,0.0,0.0,0.0,-0.0,0.0,-0.0,0.0,0.0,0.0,-0.0,0.001953,-0.005066,0.0,0.000196,0.0,0.000065,0.0,-0.000065,0.0,-0.000196,0.0,0.0,0.0,0.012024,
-0.0,4.562069,0.879496,-0.000066,0.0,1.570796,-0.0,-0.0,0.001396,0.0,0.0,0.0,-0.186218,-0.024171,0.004395,0.360864,-0.141174,0.024476,-0.182357,0.026064,0.004273,0.363826,-0.125663,-0.024293,-0.097661,0.174482,0.0,-0.057968,-0.0,0.0,0.0,-0.096904,-0.174482,-0.0,-0.027261,-0.0,0.0,0.0,0.0,0.0,0.0,-0.0,0.0,0.0,0.0,0.0,0.0,0.001953,-0.005066,0.0,0.000196,0.0,0.000065,0.0,-0.000065,0.0,-0.000196,0.0,0.0,0.0,0.011981,
0.0,4.562069,0.879509,-0.000066,0.0,1.570796,0.0,-0.0,0.001389,0.0,0.0,0.0,-0.186126,-0.024171,0.004395,0.360715,-0.141174,0.024476,-0.182449,0.026064,0.004273,0.363993,-0.125654,-0.024293,-0.097551,0.174482,0.0,-0.057895,-0.0,0.0,0.0,-0.096904,-0.174482,0.0,-0.027371,0.0,0.0,0.0,0.0,0.0,-0.0,0.0,-0.0,0.0,-0.0,0.0,0.0,0.001953,-0.005066,0.0,0.000196,0.0,0.000065,0.0,-0.000065,0.0,-0.000196,0.0,0.0,0.0,0.011853,
0.0,4.562069,0.879523,-0.000066,0.0,1.570796,0.0,-0.0,0.001396,0.0,0.0,0.0,-0.186034,-0.024171,0.004395,0.360566,-0.141174,0.024476,-0.182541,0.026064,0.004273,0.364161,-0.125645,-0.024293,-0.097441,0.174482,0.0,-0.057822,0.0,0.0,0.0,-0.096904,-0.174482,0.0,-0.027481,0.0,0.0,0.0,0.0,0.0,-0.0,0.0,0.0,0.0,-0.0,0.0,-0.0,0.001953,-0.005066,0.0,0.000196,0.0,0.000065,0.0,-0.000065,0.0,-0.000196,0.0,0.0,0.0,0.011724,
0.0,4.562069,0.879537,-0.000066,0.0,1.570796,0.0,-0.0,0.001381,0.0,0.0,0.0,-0.185941,-0.024171,0.004395,0.360416,-0.141174,0.024476,-0.182632,0.026064,0.004273,0.364327,-0.125635,-0.024293,-0.097331,0.174482,0.0,-0.057749,0.0,0.0,0.0,-0.096904,-0.174482,0.0,-0.02759,0.0,0.0,0.0,-0.0,0.0,0.0,0.0,0.0,0.0,0.0,0.0,0.0,0.001953,-0.005066,0.0,0.000196,0.0,0.000065,0.0,-0.000065,0.0,-0.000196,0.0,0.0,0.0,0.011597,
0.0,4.562069,0.879537,-0.000066,0.0,1.570796,0.0,0.0,0.0,0.0,0.0,0.0,-0.185757,-0.024171,0.004395,0.360156,-0.141174,0.024476,-0.182632,0.026064,0.004273,0.364234,-0.125562,-0.024293,-0.097331,0.174482,0.0,-0.057749,0.0,0.0,0.0,-0.096904,-0.174482,0.0,-0.02759,0.0,0.0,0.0,-0.0,0.0,0.0,0.0,0.0,0.0,0.0,0.0,0.0,0.001953,-0.005066,0.0,0.000196,0.0,0.000065,0.0,-0.000065,0.0,-0.000196,0.0,0.0,0.0,0.011597,
0.0,4.562069,0.879537,-0.000066,0.0,1.570796,0.0,0.0,0.0,0.0,0.0,0.0,-0.185573,-0.024171,0.004395,0.359895,-0.141174,0.024476,-0.182632,0.026064,0.004273,0.36414,-0.125488,-0.024293,-0.097331,0.174482,0.0,-0.057749,0.0,0.0,0.0,-0.096904,-0.174482,0.0,-0.02759,0.0,0.0,0.0,-0.0,0.0,0.0,0.0,0.0,0.0,0.0,0.0,0.0,0.001953,-0.005066,0.0,0.000196,0.0,0.000065,0.0,-0.000065,0.0,-0.000196,0.0,0.0,0.0,0.011597,
0.0,4.562069,0.879537,-0.000066,0.0,1.570796,0.0,0.0,0.0,0.0,0.0,0.0,-0.185389,-0.024171,0.004395,0.359634,-0.141174,0.024476,-0.182632,0.026064,0.004273,0.364047,-0.125415,-0.024293,-0.097331,0.174482,0.0,-0.057749,0.0,0.0,0.0,-0.096904,-0.174482,0.0,-0.02759,0.0,0.0,0.0,-0.0,0.0,0.0,0.0,0.0,0.0,0.0,0.0,0.0,0.001953,-0.005066,0.0,0.000196,0.0,0.000065,0.0,-0.000065,0.0,-0.000196,0.0,0.0,0.0,0.011597,
