Base_Latation_X,Base_Latation_Y,Base_Latation_Z,Base_Rotation_Pitch,Base_Rotation_Yaw,Base_Rotation_Roll,Base_Linear_velocity_Pitch,Base_Linear_velocity_Yaw,Base_Linear_velocity_Roll,Base_Angular_velocityy_Pitch,Base_Angular_velocityy_Yaw,Base_Angular_velocityy_Roll,left_leg_pelvic_pitch_joint,left_leg_pelvic_roll_joint,left_leg_pelvic_yaw_joint,left_leg_knee_pitch_joint,left_leg_ankle_pitch_joint,left_leg_ankle_roll_joint,right_leg_pelvic_pitch_joint,right_leg_pelvic_roll_joint,right_leg_pelvic_yaw_joint,right_leg_knee_pitch_joint,right_leg_ankle_pitch_joint,right_leg_ankle_roll_joint,left_shoulder_pitch_joint,left_shoulder_roll_joint,left_shoulder_yaw_joint,left_elbow_pitch_joint,left_wrist_yaw_joint,left_wrist_pitch_joint,left_wrist_roll_joint,right_shoulder_pitch_joint,right_shoulder_roll_joint,right_shoulder_yaw_joint,right_elbow_pitch_joint,right_wrist_yaw_joint,right_wrist_pitch_joint,right_wrist_roll_joint,left_thumb_metacarpal_joint,left_thumb_proximal_joint,left_index_proximal_joint,left_index_distal_joint,left_middle_proximal_joint,left_middle_distal_joint,left_ring_proximal_joint,left_ring_distal_joint,left_pinky_proximal_joint,left_pinky_distal_joint,right_thumb_metacarpal_joint,right_thumb_proximal_joint,right_index_proximal_joint,right_index_distal_joint,right_middle_proximal_joint,right_middle_distal_joint,right_ring_proximal_joint,right_ring_distal_joint,right_pinky_proximal_joint,right_pinky_distal_joint,head_yaw_joint,head_pitch_joint,waist_yaw_joint
0.0,-0.000059,0.881918,-0.000066,0.0,0.0,0.0,-0.005853,88.19175,157.072966,0.0,0.0,-0.128327,-0.024171,0.003052,0.249371,-0.09837,0.024354,-0.156475,0.02588,0.00531,0.304159,-0.09061,-0.024171,-0.124168,0.174482,0.0,-0.07717,0.0,0.0,0.0,-0.150599,-0.174482,0.0,-0.019288,-0.0,0.0,-0.0,0.0,0.0,0.0,0.0,0.0,0.0,0.0,0.0,0.0,0.0,-0.0,0.0,0.000182,0.0,0.000061,0.0,-0.000061,0.0,-0.000182,0.0,0.0,0.0,0.012452,
0.0,-0.000209,0.881832,-0.000066,0.0,1.570796,0.0,-0.015009,-0.008599,0.0,0.0,157.079596,-0.129556,-0.024171,0.003052,0.25142,-0.099195,0.024354,-0.157486,0.02588,0.00531,0.305771,-0.091215,-0.024171,-0.124021,0.174482,0.0,-0.07717,0.0,0.0,0.0,-0.150103,-0.174482,0.0,-0.01921,0.0,0.0,0.0,-0.0,0.0,0.0,0.0,0.0,0.0,0.0,0.0,0.0,0.0,0.0,0.0,0.000182,0.0,0.000061,0.0,-0.000061,0.0,-0.000182,0.0,0.0,0.0,0.012384,
0.0,-0.000359,0.881746,-0.000066,0.0,1.570796,0.0,-0.015009,-0.008599,0.0,0.0,0.0,-0.130786,-0.024171,0.003052,0.253469,-0.10002,0.024354,-0.158496,0.02588,0.00531,0.307383,-0.09182,-0.024171,-0.123874,0.174482,-0.0,-0.07717,0.0,0.0,0.0,-0.149607,-0.174482,0.0,-0.019132,0.0,0.0,0.0,-0.0,0.0,-0.0,0.0,-0.0,0.0,-0.0,0.0,-0.0,0.0,0.0,0.0,0.000182,0.0,0.000061,0.0,-0.000061,0.0,-0.000182,0.0,0.0,0.0,0.012317,
0.0,-0.000509,0.88166,-0.000066,0.0,1.570796,0.0,-0.015009,-0.008592,0.0,0.0,0.0,-0.132015,-0.024171,0.003052,0.255518,-0.100845,0.024354,-0.159506,0.02588,0.00531,0.308995,-0.092425,-0.024171,-0.123728,0.174482,0.0,-0.07717,0.0,0.0,0.0,-0.149111,-0.174482,0.0,-0.019055,0.0,0.0,0.0,-0.0,0.0,-0.0,0.0,-0.0,0.0,-0.0,0.0,-0.0,0.0,0.0,0.0,0.000182,-0.0,0.000061,0.0,-0.000061,-0.0,-0.000182,0.0,-0.0,0.0,0.01225,
0.0,-0.000655,0.881586,-0.000066,0.0,1.570796,0.0,-0.01459,-0.007363,0.0,0.0,0.0,-0.132266,-0.024171,0.003052,0.255684,-0.100998,0.024354,-0.159904,0.02588,0.00531,0.309446,-0.092834,-0.024171,-0.123569,0.174482,0.0,-0.077121,0.0,0.0,0.0,-0.14864,-0.174482,0.0,-0.018977,0.0,0.0,0.0,-0.0,0.0,-0.0,0.0,-0.0,0.0,-0.0,0.0,-0.0,0.0,0.0,0.0,0.000182,0.0,0.000061,0.0,-0.000061,0.0,-0.000182,0.0,0.0,0.0,0.012183,
0.0,-0.000799,0.881519,-0.000066,0.0,1.570796,0.0,-0.014381,-0.006753,0.0,0.0,0.0,-0.132027,-0.024171,0.003052,0.254909,-0.100815,0.024354,-0.159996,0.02588,0.00531,0.309316,-0.093146,-0.024171,-0.123404,0.174482,-0.0,-0.077048,0.0,0.0,0.0,-0.148181,-0.174482,0.0,-0.018899,0.0,0.0,0.0,0.0,0.0,0.0,0.0,0.0,-0.0,-0.0,0.0,0.0,0.0,0.0,0.0,0.000182,0.0,0.000061,0.0,-0.000061,0.0,-0.000182,0.0,0.0,0.0,0.012116,
-0.0,-0.000942,0.881451,-0.000066,0.0,1.570796,-0.0,-0.014381,-0.006745,0.0,0.0,0.0,-0.131789,-0.024171,0.003052,0.254133,-0.100631,0.024354,-0.160088,0.02588,0.00531,0.309186,-0.093457,-0.024171,-0.123238,0.174482,0.0,-0.076974,0.0,0.0,0.0,-0.147722,-0.174482,0.0,-0.018821,0.0,0.0,0.0,-0.0,0.0,-0.0,0.0,-0.0,-0.0,0.0,0.0,-0.0,0.0,0.0,0.0,0.000182,0.0,0.000061,0.0,-0.000061,0.0,-0.000182,0.0,0.0,0.0,0.012049,
0.0,-0.001081,0.881393,-0.000066,0.0,1.570796,0.0,-0.013887,-0.005784,0.0,0.0,0.0,-0.131465,-0.024171,0.003052,0.253204,-0.100369,0.024354,-0.160088,0.02588,0.00531,0.308884,-0.093665,-0.024171,-0.123067,0.174482,0.0,-0.076901,0.0,0.0,0.0,-0.147272,-0.174482,0.0,-0.018743,0.0,0.0,0.0,0.0,0.0,0.0,0.0,-0.0,0.0,-0.0,0.0,0.0,0.0,0.0,0.0,0.000182,-0.0,0.000061,0.0,-0.000061,0.0,-0.000182,0.0,0.0,0.0,0.011982,
0.0,-0.00121,0.881355,-0.000066,0.0,1.570796,-0.0,-0.012901,-0.003861,0.0,0.0,0.0,-0.130969,-0.024171,0.003052,0.251968,-0.099947,0.024354,-0.159904,0.02588,0.00531,0.308235,-0.093665,-0.024171,-0.122884,0.174482,0.0,-0.076828,0.0,0.0,0.0,-0.14684,-0.174482,0.0,-0.018665,0.0,0.0,0.0,-0.0,0.0,-0.0,0.0,-0.0,0.0,-0.0,0.0,-0.0,0.0,0.0,0.0,0.000182,-0.0,0.000061,0.0,-0.000061,0.0,-0.000182,0.0,0.0,0.0,0.011914,
0.0,-0.001339,0.881316,-0.000066,0.0,1.570796,0.0,-0.012901,-0.003861,0.0,0.0,0.0,-0.130474,-0.024171,0.003052,0.250731,-0.099525,0.024354,-0.15972,0.02588,0.00531,0.307586,-0.093665,-0.024171,-0.1227,0.174482,0.0,-0.076755,0.0,0.0,0.0,-0.146409,-0.174482,0.0,-0.018588,-0.0,0.0,0.0,-0.0,0.0,0.0,-0.0,0.0,0.0,-0.0,0.0,0.0,0.0,-0.0,0.0,0.000182,0.0,0.000061,0.0,-0.000061,0.0,-0.000182,0.0,0.0,0.0,0.011847,
0.0,-0.001468,0.881277,-0.000066,0.0,1.570796,0.0,-0.012901,-0.003861,0.0,0.0,0.0,-0.129978,-0.024171,0.003052,0.249495,-0.099104,0.024354,-0.159537,0.02588,0.00531,0.306938,-0.093665,-0.024171,-0.122517,0.174482,0.0,-0.076681,0.0,0.0,0.0,-0.145978,-0.174482,0.0,-0.01851,0.0,-0.0,0.0,0.0,0.0,0.0,0.0,0.0,0.0,0.0,0.0,-0.0,0.0,0.0,-0.0,0.000182,0.0,0.000061,0.0,-0.000061,0.0,-0.000182,0.0,0.0,0.0,0.01178,
0.0,-0.001567,0.881254,-0.000066,0.0,1.570796,0.0,-0.009841,-0.002328,0.0,0.0,0.0,-0.129758,-0.024171,0.003052,0.24883,-0.098957,0.024354,-0.159537,0.02588,0.00531,0.306604,-0.093766,-0.024171,-0.122278,0.174482,-0.0,-0.076553,0.0,0.0,0.0,-0.145546,-0.174482,0.0,-0.018432,-0.0,0.0,0.0,0.0,0.0,0.0,0.0,0.0,0.0,0.0,0.0,0.0,0.0,-0.0,0.0,0.000182,0.0,0.000061,0.0,-0.000061,0.0,-0.000182,0.0,0.0,0.0,0.011707,
0.0,-0.001665,0.881231,-0.000066,0.0,1.570796,0.0,-0.009841,-0.002328,0.0,0.0,0.0,-0.129538,-0.024171,0.003052,0.248166,-0.09881,0.024354,-0.159537,0.02588,0.00531,0.306271,-0.093867,-0.024171,-0.12204,0.174482,-0.0,-0.076425,0.0,0.0,0.0,-0.145115,-0.174482,0.0,-0.018354,0.0,0.0,0.0,-0.0,0.0,0.0,0.0,0.0,0.0,-0.0,0.0,0.0,0.0,0.0,0.0,0.000182,0.0,0.000061,0.0,-0.000061,0.0,-0.000182,0.0,0.0,0.0,0.011634,
0.0,-0.001763,0.881208,-0.000066,0.0,1.570796,0.0,-0.009841,-0.00232,0.0,0.0,0.0,-0.129318,-0.024171,0.003052,0.247502,-0.098664,0.024354,-0.159537,0.02588,0.00531,0.305937,-0.093967,-0.024171,-0.121801,0.174482,-0.0,-0.076296,-0.0,0.0,0.0,-0.144683,-0.174482,0.0,-0.018276,0.0,0.0,0.0,0.0,0.0,-0.0,-0.0,-0.0,0.0,0.0,0.0,0.0,0.0,0.0,0.0,0.000182,0.0,0.000061,0.0,-0.000061,0.0,-0.000182,0.0,0.0,0.0,0.01156,
0.0,-0.001855,0.881193,-0.000066,0.0,1.570796,0.0,-0.009199,-0.001511,0.0,0.0,0.0,-0.129146,-0.024171,0.003052,0.246948,-0.098517,0.024354,-0.159537,0.02588,0.00531,0.305764,-0.094068,-0.024171,-0.121587,0.174482,0.0,-0.07618,0.0,0.0,0.0,-0.144282,-0.174482,0.0,-0.018214,-0.0,-0.0,-0.0,0.0,0.0,0.0,0.0,0.0,0.0,-0.0,0.0,-0.0,0.0,-0.0,-0.0,0.000182,0.0,0.000061,0.0,-0.000061,0.0,-0.000182,0.0,0.0,0.0,0.011536,
-0.0,-0.001944,0.881182,-0.000066,0.0,1.570796,-0.0,-0.008878,-0.001092,0.0,0.0,0.0,-0.129,-0.024171,0.003052,0.24645,-0.09837,0.024354,-0.159537,0.02588,0.00531,0.305672,-0.094169,-0.024171,-0.121386,0.174482,-0.0,-0.07607,0.0,0.0,0.0,-0.143897,-0.174482,-0.0,-0.018159,-0.0,0.0,0.0,0.0,0.0,-0.0,0.0,-0.0,0.0,0.0,0.0,0.0,0.0,-0.0,0.0,0.000182,0.0,0.000061,0.0,-0.000061,0.0,-0.000182,0.0,0.0,0.0,0.011536,
0.0,-0.002033,0.881171,-0.000066,0.0,1.570796,0.0,-0.008878,-0.001092,0.0,0.0,0.0,-0.128853,-0.024171,0.003052,0.245952,-0.098224,0.024354,-0.159537,0.02588,0.00531,0.305579,-0.09427,-0.024171,-0.121184,0.174482,-0.0,-0.075961,0.0,0.0,0.0,-0.143511,-0.174482,0.0,-0.018104,0.0,0.0,0.0,0.0,0.0,0.0,0.0,0.0,-0.0,-0.0,0.0,0.0,0.0,0.0,0.0,0.000182,0.0,0.000061,0.0,-0.000061,0.0,-0.000182,0.0,0.0,0.0,0.011536,
0.0,-0.002122,0.88116,-0.000066,0.0,1.570796,0.0,-0.008878,-0.001099,0.0,0.0,0.0,-0.128645,-0.024171,0.003052,0.245343,-0.09801,0.024354,-0.1595,0.02588,0.00531,0.305388,-0.094288,-0.024171,-0.121,0.174482,0.0,-0.075863,0.0,-0.0,0.0,-0.143162,-0.174482,0.0,-0.018067,0.0,0.0,0.0,-0.0,-0.0,0.0,-0.0,-0.0,0.0,0.0,-0.0,0.0,0.0,0.0,0.0,0.000182,0.0,0.000061,0.0,-0.000061,0.0,-0.000182,0.0,0.0,0.0,0.011536,
0.0,-0.002211,0.881149,-0.000066,0.0,1.570796,-0.0,-0.008878,-0.001092,0.0,0.0,0.0,-0.128315,-0.024171,0.003052,0.244513,-0.097661,0.024354,-0.15939,0.02588,0.00531,0.304999,-0.094142,-0.024171,-0.120854,0.174482,-0.0,-0.07579,-0.0,0.0,0.0,-0.142887,-0.174482,0.0,-0.018067,0.0,0.0,0.0,0.0,0.0,0.0,0.0,0.0,0.0,0.0,0.0,-0.0,0.0,0.0,0.0,0.000182,0.0,0.000061,0.0,-0.000061,0.0,-0.000182,-0.0,0.0,0.0,0.011536,
-0.0,-0.002299,0.881138,-0.000066,0.0,1.570796,-0.0,-0.008878,-0.001099,0.0,0.0,0.0,-0.127984,-0.024171,0.003052,0.243682,-0.097313,0.024354,-0.15928,0.02588,0.00531,0.30461,-0.093995,-0.024171,-0.120707,0.174482,0.0,-0.075716,0.0,0.0,0.0,-0.142612,-0.174482,0.0,-0.018067,-0.0,0.0,-0.0,0.0,0.0,0.0,0.0,-0.0,0.0,0.0,-0.0,-0.0,0.0,-0.0,0.0,0.000182,0.0,0.000061,0.0,-0.000061,0.0,-0.000182,0.0,0.0,0.0,0.011536,
0.0,-0.002388,0.881127,-0.000066,0.0,1.570796,0.0,-0.008878,-0.001092,0.0,0.0,0.0,-0.127654,-0.024171,0.003052,0.242852,-0.096965,0.024354,-0.159169,0.02588,0.00531,0.304221,-0.093848,-0.024171,-0.12056,0.174482,-0.0,-0.075643,-0.0,0.0,0.0,-0.142336,-0.174482,0.0,-0.018067,0.0,0.0,0.0,0.0,0.0,-0.0,0.0,0.0,0.0,0.0,0.0,-0.0,0.0,0.0,0.0,0.000182,0.0,0.000061,0.0,-0.000061,0.0,-0.000182,0.0,0.0,0.0,0.011536,
0.0,-0.002476,0.881118,-0.000066,0.0,1.570796,0.0,-0.008767,-0.000863,0.0,0.0,0.0,-0.127654,-0.024171,0.003052,0.242723,-0.096965,0.024354,-0.15928,0.02588,0.00531,0.304221,-0.093821,-0.024171,-0.12056,0.174482,0.0,-0.075643,0.0,0.0,0.0,-0.142098,-0.174482,-0.0,-0.018067,-0.0,0.0,0.0,-0.0,0.0,0.0,0.0,0.0,0.0,0.0,0.0,0.0,0.0,-0.0,0.0,0.000182,0.0,0.000061,0.0,-0.000061,0.0,-0.000182,0.0,0.0,0.0,0.011591,
0.0,-0.002563,0.88111,-0.000066,0.0,1.570796,0.0,-0.008767,-0.000863,0.0,0.0,0.0,-0.127654,-0.024171,0.003052,0.242594,-0.096965,0.024354,-0.15939,0.02588,0.00531,0.304221,-0.093793,-0.024171,-0.12056,0.174482,0.0,-0.075643,0.0,0.0,0.0,-0.141859,-0.174482,-0.0,-0.018067,0.0,0.0,0.0,0.0,0.0,-0.0,0.0,0.0,0.0,0.0,0.0,-0.0,0.0,0.0,0.0,0.000182,0.0,0.000061,0.0,-0.000061,0.0,-0.000182,0.0,0.0,0.0,0.011646,
0.0,-0.002651,0.881101,-0.000066,0.0,1.570796,0.0,-0.008767,-0.000855,0.0,0.0,0.0,-0.127654,-0.024171,0.003052,0.242465,-0.096965,0.024354,-0.1595,0.02588,0.00531,0.304221,-0.093766,-0.024171,-0.12056,0.174482,0.0,-0.075643,0.0,0.0,0.0,-0.14162,-0.174482,0.0,-0.018067,0.0,0.0,0.0,0.0,0.0,-0.0,0.0,0.0,0.0,0.0,0.0,0.0,0.0,0.0,0.0,0.000182,0.0,0.000061,0.0,-0.000061,0.0,-0.000182,0.0,0.0,0.0,0.011701,
0.0,-0.002732,0.881093,-0.000066,0.0,1.570796,0.0,-0.008079,-0.000802,0.0,0.0,0.0,-0.127556,-0.024171,0.003052,0.242065,-0.09683,0.024354,-0.159488,0.02588,0.00531,0.304011,-0.093738,-0.024171,-0.12056,0.174482,0.0,-0.075643,0.0,0.0,0.0,-0.141382,-0.174482,-0.0,-0.018067,0.0,0.0,0.0,-0.0,0.0,-0.0,0.0,-0.0,0.0,-0.0,0.0,0.0,0.0,0.0,0.0,0.000182,0.0,0.000061,0.0,-0.000061,0.0,-0.000182,0.0,0.0,0.0,0.011792,
0.0,-0.002809,0.881085,-0.000066,0.0,1.570796,0.0,-0.007734,-0.000779,0.0,0.0,0.0,-0.127409,-0.024171,0.003052,0.24153,-0.096629,0.024354,-0.159414,0.02588,0.00531,0.303696,-0.093711,-0.024171,-0.12056,0.174482,-0.0,-0.075643,0.0,0.0,0.0,-0.141143,-0.174482,-0.0,-0.018067,0.0,0.0,0.0,0.0,0.0,-0.0,0.0,0.0,0.0,0.0,0.0,0.0,0.0,0.0,0.0,0.000182,0.0,0.000061,0.0,-0.000061,0.0,-0.000182,0.0,0.0,0.0,0.011902,
0.0,-0.002887,0.881078,-0.000066,0.0,1.570796,0.0,-0.007735,-0.000771,0.0,0.0,0.0,-0.127263,-0.024171,0.003052,0.240995,-0.096427,0.024354,-0.159341,0.02588,0.00531,0.303381,-0.093683,-0.024171,-0.12056,0.174482,0.0,-0.075643,0.0,0.0,0.0,-0.140905,-0.174482,0.0,-0.018067,0.0,0.0,0.0,-0.0,0.0,-0.0,0.0,-0.0,0.0,-0.0,0.0,-0.0,0.0,0.0,0.0,0.000182,0.0,0.000061,0.0,-0.000061,0.0,-0.000182,0.0,0.0,0.0,0.012012,
0.0,-0.002959,0.88107,-0.000066,0.0,1.570796,0.0,-0.00725,-0.000741,0.0,0.0,0.0,-0.127208,-0.024171,0.003052,0.240682,-0.096329,0.024354,-0.159316,0.02588,0.00531,0.303171,-0.093696,-0.024171,-0.12056,0.174482,-0.0,-0.075643,0.0,0.0,0.0,-0.140663,-0.174482,0.0,-0.018067,0.0,0.0,0.0,-0.0,0.0,0.0,0.0,-0.0,0.0,-0.0,0.0,0.0,0.0,0.0,0.0,0.000182,0.0,0.000061,0.0,-0.000061,0.0,-0.000182,0.0,-0.0,0.0,0.012122,
0.0,-0.003022,0.881063,-0.000066,0.0,1.570796,0.0,-0.00628,-0.000695,0.0,0.0,0.0,-0.127336,-0.024171,0.003052,0.240811,-0.096439,0.024354,-0.15939,0.02588,0.00531,0.303171,-0.093787,-0.024171,-0.12056,0.174482,0.0,-0.075643,0.0,0.0,0.0,-0.140415,-0.174482,0.0,-0.018067,-0.0,-0.0,0.0,0.0,0.0,-0.0,0.0,-0.0,0.0,-0.0,0.0,-0.0,0.0,-0.0,-0.0,0.000182,0.0,0.000061,0.0,-0.000061,0.0,-0.000182,0.0,0.0,0.0,0.012232,
0.0,-0.003085,0.881056,-0.000066,0.0,1.570796,0.0,-0.00628,-0.000687,0.0,0.0,0.0,-0.127464,-0.024171,0.003052,0.24094,-0.096549,0.024354,-0.159463,0.02588,0.00531,0.303171,-0.093879,-0.024171,-0.12056,0.174482,0.0,-0.075643,-0.0,0.0,0.0,-0.140167,-0.174482,-0.0,-0.018067,0.0,-0.0,0.0,0.0,0.0,-0.0,0.0,0.0,0.0,0.0,0.0,0.0,0.0,0.0,-0.0,0.000182,0.0,0.000061,0.0,-0.000061,0.0,-0.000182,0.0,0.0,0.0,0.012342,
0.0,-0.003147,0.881049,-0.000066,0.0,1.570796,0.0,-0.00628,-0.000695,0.0,0.0,0.0,-0.127593,-0.024171,0.003052,0.241069,-0.096659,0.024354,-0.159537,0.02588,0.00531,0.303171,-0.093971,-0.024171,-0.12056,0.174482,0.0,-0.075643,0.0,0.0,0.0,-0.139919,-0.174482,0.0,-0.018067,0.0,0.0,0.0,-0.0,0.0,-0.0,0.0,-0.0,0.0,-0.0,0.0,-0.0,0.0,0.0,0.0,0.000182,0.0,0.000061,0.0,-0.000061,0.0,-0.000182,0.0,0.0,0.0,0.012452,
0.0,-0.003199,0.881042,-0.000066,0.0,1.570796,0.0,-0.005143,-0.00074,0.0,0.0,0.0,-0.127373,-0.024171,0.003052,0.240534,-0.096439,0.024354,-0.159243,0.02588,0.00531,0.302486,-0.093732,-0.024171,-0.120652,0.174482,0.0,-0.075643,0.0,0.0,0.0,-0.139672,-0.174482,0.0,-0.018067,0.0,0.0,0.0,-0.0,0.0,-0.0,0.0,-0.0,0.0,-0.0,0.0,0.0,0.0,0.0,0.0,0.000182,0.0,0.000061,0.0,-0.000061,0.0,-0.000182,0.0,0.0,0.0,0.012452,
0.0,-0.00325,0.881035,-0.000066,0.0,1.570796,0.0,-0.005143,-0.00074,0.0,0.0,0.0,-0.127153,-0.024171,0.003052,0.239999,-0.096219,0.024354,-0.158949,0.02588,0.00531,0.3018,-0.093494,-0.024171,-0.120744,0.174482,0.0,-0.075643,-0.0,0.0,0.0,-0.139424,-0.174482,0.0,-0.018067,0.0,0.0,0.0,0.0,0.0,0.0,0.0,0.0,0.0,-0.0,0.0,0.0,0.0,0.0,0.0,0.000182,0.0,0.000061,0.0,-0.000061,0.0,-0.000182,0.0,0.0,0.0,0.012452,
0.0,-0.003302,0.881027,-0.000066,0.0,1.570796,0.0,-0.005143,-0.000748,0.0,0.0,0.0,-0.126932,-0.024171,0.003052,0.239465,-0.095999,0.024354,-0.158655,0.02588,0.00531,0.301115,-0.093256,-0.024171,-0.120835,0.174482,0.0,-0.075643,-0.0,0.0,0.0,-0.139176,-0.174482,0.0,-0.018067,-0.0,0.0,0.0,0.0,0.0,0.0,0.0,0.0,0.0,0.0,0.0,0.0,0.0,-0.0,0.0,0.000182,0.0,0.000061,0.0,-0.000061,0.0,-0.000182,0.0,0.0,0.0,0.012452,
0.0,-0.003337,0.881017,-0.000066,0.0,1.570796,0.0,-0.003569,-0.001,0.0,0.0,0.0,-0.126993,-0.024171,0.003052,0.239489,-0.096081,0.024354,-0.158643,0.02588,0.00531,0.301022,-0.093323,-0.024171,-0.120915,0.174482,0.0,-0.075704,0.0,-0.0,0.0,-0.138885,-0.174482,0.0,-0.018006,0.0,0.0,0.0,-0.0,-0.0,0.0,0.0,0.0,0.0,0.0,0.0,0.0,0.0,0.0,0.0,0.000182,0.0,0.000061,0.0,-0.000061,0.0,-0.000182,0.0,0.0,0.0,0.012452,
0.0,-0.003365,0.881006,-0.000066,0.0,1.570796,0.0,-0.002782,-0.001137,0.0,0.0,0.0,-0.127195,-0.024171,0.003052,0.239793,-0.096313,0.024354,-0.158771,0.02588,0.00531,0.301226,-0.093543,-0.024171,-0.120988,0.174482,-0.0,-0.075796,-0.0,0.0,0.0,-0.138573,-0.174482,0.0,-0.017915,0.0,0.0,0.0,0.0,0.0,0.0,0.0,0.0,0.0,-0.0,0.0,-0.0,0.0,0.0,0.0,0.000182,0.0,0.000061,0.0,-0.000061,0.0,-0.000182,0.0,0.0,0.0,0.012452,
0.0,-0.003393,0.880994,-0.000066,0.0,1.570796,0.0,-0.002782,-0.001145,0.0,0.0,0.0,-0.127397,-0.024171,0.003052,0.240098,-0.096545,0.024354,-0.1589,0.02588,0.00531,0.30143,-0.093763,-0.024171,-0.121061,0.174482,0.0,-0.075887,-0.0,0.0,0.0,-0.138261,-0.174482,0.0,-0.017823,0.0,0.0,0.0,0.0,0.0,-0.0,0.0,0.0,-0.0,-0.0,0.0,0.0,0.0,0.0,0.0,0.000182,0.0,0.000061,-0.0,-0.000061,0.0,-0.000182,0.0,0.0,0.0,0.012452,
0.0,-0.003411,0.880982,-0.000066,0.0,1.570796,0.0,-0.001793,-0.001274,0.0,0.0,0.0,-0.127581,-0.024171,0.003052,0.240402,-0.096777,0.024354,-0.15901,0.02588,0.00531,0.301609,-0.093983,-0.024171,-0.12115,0.174482,0.0,-0.075973,-0.0,-0.0,0.0,-0.137925,-0.174482,0.0,-0.017762,0.0,0.0,0.0,0.0,-0.0,-0.0,0.0,0.0,0.0,-0.0,0.0,0.0,0.0,0.0,0.0,0.000182,0.0,0.000061,0.0,-0.000061,0.0,-0.000182,0.0,-0.0,0.0,0.012452,
0.0,-0.003409,0.880966,-0.000066,0.0,1.570796,0.0,0.000184,-0.001556,0.0,0.0,0.0,-0.127727,-0.024171,0.003052,0.240706,-0.09701,0.024354,-0.159084,0.02588,0.00531,0.301739,-0.094203,-0.024171,-0.121269,0.174482,0.0,-0.076046,-0.0,-0.0,0.0,-0.137539,-0.174482,0.0,-0.017762,0.0,0.0,-0.0,0.0,-0.0,-0.0,0.0,0.0,0.0,0.0,0.0,-0.0,0.0,0.0,0.0,0.000182,0.0,0.000061,0.0,-0.000061,0.0,-0.000182,0.0,0.0,0.0,0.012452,
0.0,-0.003407,0.88095,-0.000066,0.0,1.570796,0.0,0.000184,-0.001564,0.0,0.0,0.0,-0.127874,-0.024171,0.003052,0.241011,-0.097242,0.024354,-0.159157,0.02588,0.00531,0.301868,-0.094423,-0.024171,-0.121389,0.174482,0.0,-0.076119,-0.0,0.0,0.0,-0.137154,-0.174482,0.0,-0.017762,0.0,0.0,0.0,0.0,0.0,-0.0,0.0,0.0,0.0,0.0,0.0,0.0,0.0,0.0,0.0,0.000182,0.0,0.000061,0.0,-0.000061,0.0,-0.000182,0.0,0.0,0.0,0.012452,
0.0,-0.003406,0.880935,-0.000066,0.0,1.570796,0.0,0.000184,-0.001556,0.0,0.0,0.0,-0.128021,-0.024171,0.003052,0.241315,-0.097474,0.024354,-0.159231,0.02588,0.00531,0.301998,-0.094643,-0.024171,-0.121508,0.174482,0.0,-0.076193,-0.0,0.0,0.0,-0.136768,-0.174482,0.0,-0.017762,-0.0,-0.0,0.0,0.0,0.0,-0.0,0.0,-0.0,0.0,-0.0,0.0,-0.0,0.0,-0.0,-0.0,0.000182,0.0,0.000061,0.0,-0.000061,0.0,-0.000182,0.0,0.0,0.0,0.012452,
0.0,-0.003354,0.880915,-0.000066,0.0,1.570796,0.0,0.005159,-0.002006,0.0,0.0,0.0,-0.128021,-0.024171,0.003052,0.241518,-0.097706,0.024354,-0.159065,0.02588,0.00531,0.301794,-0.094863,-0.024171,-0.121627,0.174482,0.0,-0.076266,0.0,0.0,0.0,-0.136181,-0.174482,0.0,-0.017689,0.0,0.0,0.0,0.0,0.0,-0.0,0.0,0.0,0.0,0.0,0.0,0.0,0.0,0.0,0.0,0.000182,0.0,0.000061,0.0,-0.000061,0.0,-0.000182,0.0,0.0,0.0,0.012452,
0.0,-0.003302,0.880895,-0.000066,0.0,1.570796,0.0,0.005159,-0.002006,0.0,0.0,0.0,-0.128021,-0.024171,0.003052,0.241721,-0.097938,0.024354,-0.1589,0.02588,0.00531,0.30159,-0.095083,-0.024171,-0.121746,0.174482,0.0,-0.076339,-0.0,0.0,0.0,-0.135594,-0.174482,0.0,-0.017616,0.0,0.0,0.0,0.0,0.0,-0.0,0.0,-0.0,0.0,0.0,0.0,-0.0,0.0,0.0,0.0,0.000182,0.0,0.000061,0.0,-0.000061,0.0,-0.000182,0.0,0.0,0.0,0.012452,
0.0,-0.003251,0.880875,-0.000066,0.0,1.570796,0.0,0.005159,-0.002006,0.0,0.0,0.0,-0.128021,-0.024171,0.003052,0.241924,-0.098171,0.024354,-0.158735,0.02588,0.00531,0.301387,-0.095303,-0.024171,-0.121866,0.174482,0.0,-0.076413,-0.0,0.0,0.0,-0.135007,-0.174482,0.0,-0.017542,0.0,0.0,0.0,0.0,0.0,0.0,0.0,-0.0,0.0,-0.0,0.0,0.0,0.0,0.0,0.0,0.000182,0.0,0.000061,0.0,-0.000061,0.0,-0.000182,0.0,0.0,0.0,0.012452,
0.0,-0.003168,0.880849,-0.000066,0.0,1.570796,0.0,0.00825,-0.002578,0.0,0.0,0.0,-0.128229,-0.024171,0.003052,0.242483,-0.098639,0.024354,-0.15879,0.02588,0.005261,0.301664,-0.095712,-0.024171,-0.122052,0.174482,0.0,-0.076498,0.0,0.0,0.0,-0.134334,-0.174482,0.0,-0.017518,0.0,0.0,-0.0,-0.0,0.0,-0.0,0.0,-0.0,0.0,0.0,0.0,0.0,0.0,0.0,0.0,0.000182,0.0,0.000061,0.0,-0.000061,0.0,-0.000182,0.0,0.0,0.0,0.012452,
0.0,-0.00307,0.88082,-0.000066,0.0,1.570796,0.0,0.009795,-0.002853,0.0,0.0,0.0,-0.128541,-0.024171,0.003052,0.243221,-0.099226,0.024354,-0.158955,0.02588,0.005188,0.302183,-0.096216,-0.024171,-0.122272,0.174482,0.0,-0.07659,-0.0,0.0,0.0,-0.133618,-0.174482,0.0,-0.017518,0.0,0.0,0.0,0.0,0.0,0.0,0.0,0.0,0.0,-0.0,-0.0,-0.0,0.0,0.0,0.0,0.000182,0.0,0.000061,0.0,-0.000061,0.0,-0.000182,0.0,0.0,0.0,0.012452,
0.0,-0.002972,0.880792,-0.000066,0.0,1.570796,0.0,0.009795,-0.00286,0.0,0.0,0.0,-0.128853,-0.024171,0.003052,0.243959,-0.099813,0.024354,-0.15912,0.02588,0.005115,0.302702,-0.09672,-0.024171,-0.122492,0.174482,0.0,-0.076681,0.0,0.0,0.0,-0.132902,-0.174482,0.0,-0.017518,0.0,0.0,0.0,0.0,0.0,0.0,0.0,0.0,0.0,-0.0,0.0,0.0,0.0,0.0,0.0,0.000182,-0.0,0.000061,0.0,-0.000061,0.0,-0.000182,0.0,0.0,0.0,0.012452,
0.0,-0.002863,0.88076,-0.000066,0.0,1.570796,0.0,0.010972,-0.00315,0.0,0.0,0.0,-0.129122,-0.024171,0.003052,0.244666,-0.100399,0.024354,-0.159176,0.02588,0.005066,0.303047,-0.097225,-0.024171,-0.122755,0.174482,-0.0,-0.076779,0.0,0.0,0.0,-0.132162,-0.174482,0.0,-0.017518,0.0,0.0,0.0,0.0,0.0,0.0,0.0,-0.0,0.0,0.0,-0.0,0.0,0.0,0.0,0.0,0.000182,0.0,0.000061,0.0,-0.000061,0.0,-0.000182,0.0,0.0,0.0,0.012452,
0.0,-0.002729,0.880723,-0.000066,0.0,1.570796,0.0,0.013327,-0.00373,0.0,0.0,0.0,-0.129305,-0.024171,0.003052,0.245312,-0.100986,0.024354,-0.15901,0.02588,0.005066,0.303047,-0.097729,-0.024171,-0.123104,0.174482,-0.0,-0.076889,-0.0,0.0,0.0,-0.131373,-0.174482,0.0,-0.017518,0.0,0.0,0.0,0.0,0.0,0.0,0.0,-0.0,0.0,-0.0,0.0,-0.0,0.0,0.0,0.0,0.000182,0.0,0.000061,0.0,-0.000061,0.0,-0.000182,0.0,0.0,0.0,0.012452,
0.0,-0.002596,0.880686,-0.000066,0.0,1.570796,0.0,0.013327,-0.003722,0.0,0.0,0.0,-0.129489,-0.024171,0.003052,0.245958,-0.101573,0.024354,-0.158845,0.02588,0.005066,0.303047,-0.098233,-0.024171,-0.123453,0.174482,-0.0,-0.076999,-0.0,0.0,0.0,-0.130584,-0.174482,0.0,-0.017518,-0.0,0.0,-0.0,0.0,0.0,-0.0,0.0,-0.0,0.0,0.0,0.0,0.0,0.0,-0.0,0.0,0.000182,0.0,0.000061,0.0,-0.000061,0.0,-0.000182,0.0,0.0,0.0,0.012452,
-0.0,-0.002463,0.880648,-0.000066,0.0,1.570796,-0.0,0.013327,-0.00373,0.0,0.0,0.0,-0.129672,-0.024171,0.003052,0.246604,-0.102159,0.024354,-0.15868,0.02588,0.005066,0.303047,-0.098737,-0.024171,-0.123801,0.174482,0.0,-0.077109,0.0,0.0,0.0,-0.129795,-0.174482,0.0,-0.017518,0.0,0.0,0.0,-0.0,0.0,-0.0,0.0,0.0,0.0,-0.0,0.0,0.0,0.0,0.0,0.0,0.000182,0.0,0.000061,0.0,-0.000061,0.0,-0.000182,0.0,0.0,0.0,0.012452,
0.0,-0.002321,0.880607,-0.000066,0.0,1.570796,0.0,0.014157,-0.004172,0.0,0.0,0.0,-0.130021,-0.024171,0.003125,0.247582,-0.102902,0.024354,-0.158551,0.02588,0.005066,0.303121,-0.099379,-0.024171,-0.12426,0.174482,0.0,-0.07731,-0.0,0.0,0.0,-0.129153,-0.174482,0.0,-0.017609,-0.0,0.0,0.0,0.0,0.0,-0.0,0.0,0.0,0.0,0.0,0.0,-0.0,0.0,-0.0,0.0,0.000182,0.0,0.000061,0.0,-0.000061,0.0,-0.000182,0.0,0.0,0.0,0.012452,
0.0,-0.00218,0.880565,-0.000066,0.0,1.570796,0.0,0.014157,-0.004172,0.0,0.0,0.0,-0.13037,-0.024171,0.003198,0.24856,-0.103645,0.024354,-0.158422,0.02588,0.005066,0.303196,-0.10002,-0.024171,-0.124718,0.174482,-0.0,-0.077512,0.0,0.0,0.0,-0.12851,-0.174482,0.0,-0.017701,0.0,0.0,0.0,0.0,0.0,0.0,0.0,0.0,0.0,0.0,0.0,0.0,0.0,0.0,0.0,0.000182,0.0,0.000061,0.0,-0.000061,0.0,-0.000182,0.0,0.0,0.0,0.012452,
0.0,-0.002038,0.880523,-0.000066,0.0,1.570796,0.0,0.014157,-0.004172,0.0,0.0,0.0,-0.130718,-0.024171,0.003272,0.249538,-0.104387,0.024354,-0.158294,0.02588,0.005066,0.30327,-0.100662,-0.024171,-0.125177,0.174482,0.0,-0.077714,-0.0,0.0,0.0,-0.127868,-0.174482,0.0,-0.017793,0.0,0.0,0.0,0.0,0.0,0.0,0.0,-0.0,0.0,-0.0,0.0,-0.0,0.0,0.0,0.0,0.000182,0.0,0.000061,0.0,-0.000061,0.0,-0.000182,0.0,0.0,0.0,0.012452,
0.0,-0.001867,0.880481,-0.000066,0.0,1.570796,0.0,0.017104,-0.004203,0.0,0.0,0.0,-0.130871,-0.024171,0.003296,0.25022,-0.10513,0.024354,-0.158251,0.02588,0.005066,0.303541,-0.101377,-0.024171,-0.125611,0.174482,0.0,-0.077927,0.0,0.0,0.0,-0.127299,-0.174482,-0.0,-0.017823,0.0,0.0,0.0,-0.0,0.0,0.0,0.0,-0.0,-0.0,0.0,0.0,0.0,0.0,0.0,0.0,0.000182,0.0,0.000061,0.0,-0.000061,0.0,-0.000182,0.0,0.0,0.0,0.012378,
0.0,-0.001681,0.880439,-0.000066,0.0,1.570796,0.0,0.018578,-0.00421,0.0,0.0,0.0,-0.130926,-0.024171,0.003296,0.250756,-0.105872,0.024354,-0.158251,0.02588,0.005066,0.303912,-0.102129,-0.024171,-0.126033,0.174482,0.0,-0.078147,-0.0,0.0,0.0,-0.126767,-0.174482,0.0,-0.017823,0.0,0.0,0.0,0.0,0.0,-0.0,0.0,-0.0,0.0,-0.0,0.0,-0.0,0.0,0.0,0.0,0.000182,0.0,0.000061,0.0,-0.000061,0.0,-0.000182,0.0,0.0,0.0,0.012269,
0.0,-0.001496,0.880397,-0.000066,0.0,1.570796,0.0,0.018577,-0.004218,0.0,0.0,0.0,-0.130981,-0.024171,0.003296,0.251291,-0.106615,0.024354,-0.158251,0.02588,0.005066,0.304282,-0.102881,-0.024171,-0.126455,0.174482,0.0,-0.078367,0.0,0.0,0.0,-0.126235,-0.174482,-0.0,-0.017823,0.0,0.0,0.0,0.0,0.0,0.0,0.0,0.0,-0.0,0.0,0.0,0.0,0.0,0.0,0.0,0.000182,0.0,0.000061,0.0,-0.000061,0.0,-0.000182,0.0,0.0,0.0,0.012159,
0.0,-0.001288,0.880354,-0.000066,0.0,1.570796,0.0,0.020748,-0.004302,0.0,0.0,0.0,-0.131018,-0.024171,0.003296,0.251851,-0.107385,0.024354,-0.158196,0.02588,0.005048,0.304622,-0.103632,-0.024171,-0.126853,0.174482,0.0,-0.078575,0.0,0.0,0.0,-0.125746,-0.174482,0.0,-0.01778,0.0,0.0,0.0,0.0,0.0,0.0,0.0,0.0,-0.0,0.0,0.0,0.0,0.0,0.0,0.0,0.000182,0.0,0.000061,0.0,-0.000061,0.0,-0.000182,0.0,0.0,0.0,0.012,
0.0,-0.001037,0.880309,-0.000066,0.0,1.570796,0.0,0.025091,-0.004454,0.0,0.0,0.0,-0.131018,-0.024171,0.003296,0.25246,-0.10821,0.024354,-0.158031,0.02588,0.004993,0.3049,-0.104384,-0.024171,-0.127201,0.174482,0.0,-0.078758,-0.0,0.0,0.0,-0.125342,-0.174482,0.0,-0.017652,0.0,0.0,0.0,0.0,0.0,-0.0,0.0,0.0,0.0,-0.0,0.0,0.0,0.0,0.0,0.0,0.000182,0.0,0.000061,0.0,-0.000061,0.0,-0.000182,0.0,0.0,0.0,0.011744,
0.0,-0.000786,0.880265,-0.000066,0.0,1.570796,0.0,0.02509,-0.004462,0.0,0.0,0.0,-0.131018,-0.024171,0.003296,0.253069,-0.109036,0.024354,-0.157865,0.02588,0.004938,0.305178,-0.105136,-0.024171,-0.12755,0.174482,-0.0,-0.078941,0.0,0.0,0.0,-0.124939,-0.174482,0.0,-0.017524,-0.0,0.0,0.0,0.0,0.0,-0.0,0.0,0.0,0.0,0.0,0.0,-0.0,0.0,-0.0,0.0,0.000182,-0.0,0.000061,0.0,-0.000061,0.0,-0.000182,0.0,0.0,0.0,0.011487,
0.0,-0.000535,0.88022,-0.000066,0.0,1.570796,0.0,0.025091,-0.004454,0.0,0.0,0.0,-0.131018,-0.024171,0.003296,0.253678,-0.109861,0.024354,-0.1577,0.02588,0.004883,0.305456,-0.105888,-0.024171,-0.127899,0.174482,0.0,-0.079125,0.0,0.0,-0.0,-0.124535,-0.174482,0.0,-0.017396,0.0,0.0,0.0,-0.0,0.0,-0.0,0.0,0.0,-0.0,0.0,0.0,-0.0,0.0,0.0,0.0,0.000182,0.0,0.000061,0.0,-0.000061,0.0,-0.000182,0.0,0.0,0.0,0.011231,
0.0,-0.000193,0.880163,-0.000066,0.0,1.570796,0.0,0.034277,-0.005735,0.0,0.0,0.0,-0.131403,-0.024171,0.003388,0.255155,-0.111126,0.024354,-0.157498,0.02588,0.004883,0.305845,-0.106749,-0.024171,-0.128137,0.174482,-0.0,-0.079271,0.0,0.0,0.0,-0.124205,-0.174482,0.0,-0.017313,-0.0,0.0,0.0,0.0,0.0,0.0,0.0,-0.0,0.0,-0.0,0.0,0.0,0.0,-0.0,0.0,0.000182,0.0,0.000061,0.0,-0.000061,0.0,-0.000182,0.0,0.0,0.0,0.010791,
0.0,0.00015,0.880105,-0.000066,0.0,1.570796,0.0,0.034277,-0.005743,0.0,0.0,0.0,-0.131789,-0.024171,0.003479,0.256632,-0.112392,0.024354,-0.157296,0.02588,0.004883,0.306234,-0.107611,-0.024171,-0.128376,0.174482,-0.0,-0.079418,0.0,0.0,0.0,-0.123874,-0.174482,0.0,-0.017231,-0.0,0.0,0.0,-0.0,0.0,0.0,0.0,0.0,0.0,-0.0,0.0,-0.0,0.0,-0.0,0.0,0.000182,0.0,0.000061,0.0,-0.000061,0.0,-0.000182,0.0,-0.0,0.0,0.010352,
0.0,0.000493,0.880048,-0.000066,0.0,1.570796,0.0,0.034277,-0.005735,0.0,0.0,0.0,-0.132174,-0.024171,0.003571,0.258109,-0.113657,0.024354,-0.157094,0.02588,0.004883,0.306623,-0.108473,-0.024171,-0.128614,0.174482,0.0,-0.079564,0.0,0.0,0.0,-0.123544,-0.174482,0.0,-0.017149,0.0,0.0,0.0,0.0,0.0,-0.0,0.0,-0.0,0.0,-0.0,0.0,-0.0,0.0,0.0,0.0,0.000182,0.0,0.000061,-0.0,-0.000061,0.0,-0.000182,0.0,-0.0,0.0,0.009912,
0.0,0.00091,0.879981,-0.000066,0.0,1.570796,-0.0,0.041725,-0.006734,0.0,0.0,0.0,-0.13256,-0.024171,0.003601,0.259771,-0.115106,0.024354,-0.156831,0.02588,0.004883,0.307037,-0.109519,-0.024196,-0.128743,0.174482,0.0,-0.079662,0.0,0.0,0.0,-0.123238,-0.174482,0.0,-0.017066,0.0,0.0,0.0,0.0,0.0,0.0,0.0,0.0,0.0,-0.0,0.0,-0.0,0.0,0.0,0.0,0.000182,0.0,0.000061,0.0,-0.000061,0.0,-0.000182,0.0,0.0,0.0,0.009412,
0.0,0.001365,0.879908,-0.000066,0.0,1.570796,0.0,0.04545,-0.007237,0.0,0.0,0.0,-0.132945,-0.024171,0.003601,0.261526,-0.116647,0.024354,-0.156537,0.02588,0.004883,0.307463,-0.110656,-0.024232,-0.128816,0.174482,0.0,-0.079735,-0.0,0.0,0.0,-0.122945,-0.174482,-0.0,-0.016984,-0.0,0.0,0.0,0.0,0.0,-0.0,0.0,0.0,0.0,0.0,-0.0,-0.0,0.0,-0.0,0.0,0.000182,0.0,0.000061,0.0,-0.000061,0.0,-0.000182,0.0,-0.0,0.0,0.008881,
0.0,0.001819,0.879836,-0.000066,0.0,1.570796,0.0,0.04545,-0.007237,0.0,0.0,0.0,-0.13333,-0.024171,0.003601,0.26328,-0.118188,0.024354,-0.156243,0.02588,0.004883,0.307889,-0.111793,-0.024269,-0.12889,0.174482,0.0,-0.079809,-0.0,0.0,0.0,-0.122651,-0.174482,0.0,-0.016901,-0.0,0.0,0.0,0.0,0.0,-0.0,0.0,-0.0,0.0,0.0,0.0,0.0,0.0,-0.0,0.0,0.000182,0.0,0.000061,0.0,-0.000061,0.0,-0.000182,0.0,0.0,0.0,0.00835,
0.0,0.002313,0.879758,-0.000066,0.0,1.570796,0.0,0.049348,-0.007771,0.0,0.0,0.0,-0.133783,-0.024171,0.00363,0.265257,-0.119839,0.024354,-0.155937,0.02588,0.004852,0.308377,-0.113027,-0.024306,-0.12889,0.174482,-0.0,-0.079821,0.0,0.0,0.0,-0.122346,-0.174482,0.0,-0.016822,0.0,-0.0,-0.0,0.0,0.0,0.0,0.0,-0.0,0.0,-0.0,0.0,-0.0,0.0,0.0,-0.0,0.000182,0.0,0.000061,0.0,-0.000061,0.0,-0.000182,0.0,0.0,0.0,0.007837,
0.0,0.002884,0.87967,-0.000066,0.0,1.570796,0.0,0.057145,-0.008862,0.0,0.0,0.0,-0.13437,-0.024171,0.003715,0.267677,-0.12171,0.024354,-0.155606,0.02588,0.004761,0.308989,-0.114458,-0.024342,-0.128743,0.174482,0.0,-0.079711,0.0,0.0,0.0,-0.122015,-0.174482,0.0,-0.016749,-0.0,0.0,0.0,0.0,0.0,-0.0,0.0,-0.0,0.0,-0.0,0.0,0.0,0.0,-0.0,0.0,0.000182,0.0,0.000061,0.0,-0.000061,0.0,-0.000182,0.0,0.0,0.0,0.007361,
0.0,0.003456,0.879581,-0.000066,0.0,1.570796,0.0,0.057146,-0.008862,0.0,0.0,0.0,-0.134958,-0.024171,0.003801,0.270098,-0.123581,0.024354,-0.155275,0.02588,0.004669,0.3096,-0.115889,-0.024379,-0.128596,0.174482,0.0,-0.079601,0.0,0.0,0.0,-0.121685,-0.174482,0.0,-0.016676,0.0,0.0,0.0,0.0,0.0,0.0,0.0,-0.0,0.0,0.0,-0.0,0.0,0.0,0.0,0.0,0.000182,0.0,0.000061,0.0,-0.000061,0.0,-0.000182,0.0,0.0,0.0,0.006885,
0.0,0.004027,0.879492,-0.000066,0.0,1.570796,0.0,0.057145,-0.008862,0.0,0.0,0.0,-0.135545,-0.024171,0.003886,0.272518,-0.125452,0.024354,-0.154945,0.02588,0.004578,0.310212,-0.117319,-0.024415,-0.128449,0.174482,0.0,-0.079491,0.0,0.0,0.0,-0.121355,-0.174482,0.0,-0.016602,0.0,0.0,0.0,0.0,0.0,0.0,0.0,-0.0,0.0,0.0,0.0,-0.0,0.0,0.0,0.0,0.000182,0.0,0.000061,0.0,-0.000061,-0.0,-0.000182,-0.0,-0.0,0.0,0.006409,
0.0,0.004747,0.879385,-0.000066,0.0,1.570796,0.0,0.071965,-0.010707,0.0,0.0,0.0,-0.136463,-0.024171,0.003971,0.275902,-0.127709,0.024354,-0.154596,0.02588,0.004578,0.311176,-0.119007,-0.024415,-0.127862,0.174482,0.0,-0.079143,-0.0,0.0,0.0,-0.120915,-0.174482,0.0,-0.016511,0.0,0.0,0.0,0.0,0.0,-0.0,0.0,-0.0,0.0,-0.0,0.0,-0.0,0.0,0.0,0.0,0.000182,0.0,0.000061,0.0,-0.000061,0.0,-0.000182,0.0,0.0,0.0,0.005988,
0.0,0.005466,0.879278,-0.000066,0.0,1.570796,0.0,0.071966,-0.010715,0.0,0.0,0.0,-0.13738,-0.024171,0.004057,0.279285,-0.129966,0.024354,-0.154247,0.02588,0.004578,0.312139,-0.120695,-0.024415,-0.127275,0.174482,0.0,-0.078795,0.0,0.0,0.0,-0.120474,-0.174482,0.0,-0.016419,0.0,0.0,0.0,0.0,0.0,0.0,0.0,0.0,-0.0,0.0,0.0,0.0,0.0,0.0,0.0,0.000182,0.0,0.000061,0.0,-0.000061,0.0,-0.000182,0.0,0.0,0.0,0.005567,
0.0,0.006186,0.879171,-0.000066,0.0,1.570796,0.0,0.071966,-0.010707,0.0,0.0,0.0,-0.138298,-0.024171,0.004142,0.282669,-0.132223,0.024354,-0.153898,0.02588,0.004578,0.313103,-0.122382,-0.024415,-0.126688,0.174482,0.0,-0.078447,0.0,0.0,-0.0,-0.120034,-0.174482,0.0,-0.016328,0.0,0.0,0.0,-0.0,0.0,0.0,-0.0,0.0,0.0,0.0,0.0,-0.0,0.0,0.0,0.0,0.000182,0.0,0.000061,0.0,-0.000061,0.0,-0.000182,0.0,0.0,0.0,0.005145,
0.0,0.007021,0.87903,-0.000066,0.0,1.570796,0.0,0.083488,-0.014078,0.0,0.0,0.0,-0.139583,-0.024171,0.004228,0.28703,-0.134725,0.024354,-0.153733,0.02588,0.004522,0.314661,-0.124511,-0.024415,-0.125978,0.174482,0.0,-0.078001,0.0,0.0,0.0,-0.119582,-0.174482,0.0,-0.016248,0.0,0.0,0.0,-0.0,0.0,0.0,0.0,0.0,0.0,0.0,0.0,-0.0,0.0,0.0,0.0,0.000182,0.0,0.000061,0.0,-0.000061,0.0,-0.000182,0.0,0.0,0.0,0.004859,
0.0,0.007913,0.878873,-0.000066,0.0,1.570796,0.0,0.08925,-0.015764,0.0,0.0,0.0,-0.141051,-0.024171,0.004313,0.291879,-0.13735,0.024354,-0.153659,0.02588,0.004437,0.316515,-0.126859,-0.024415,-0.125208,0.174482,0.0,-0.077506,0.0,0.0,0.0,-0.119123,-0.174482,0.0,-0.016175,-0.0,0.0,0.0,0.0,0.0,-0.0,0.0,-0.0,0.0,0.0,-0.0,0.0,0.0,-0.0,0.0,0.000182,0.0,0.000061,0.0,-0.000061,0.0,-0.000182,0.0,-0.0,0.0,0.004639,
0.0,0.008806,0.878715,-0.000066,0.0,1.570796,0.0,0.089249,-0.015772,0.0,0.0,0.0,-0.14252,-0.024171,0.004399,0.296728,-0.139975,0.024354,-0.153586,0.02588,0.004353,0.318369,-0.129208,-0.024415,-0.124437,0.174482,0.0,-0.077011,0.0,0.0,0.0,-0.118665,-0.174482,0.0,-0.016102,-0.0,0.0,0.0,-0.0,0.0,0.0,0.0,0.0,0.0,-0.0,0.0,-0.0,0.0,-0.0,0.0,0.000182,0.0,0.000061,0.0,-0.000061,0.0,-0.000182,0.0,0.0,0.0,0.004419,
0.0,0.009741,0.878536,-0.000066,0.0,1.570796,0.0,0.093504,-0.017877,0.0,0.0,0.0,-0.144331,-0.024171,0.004484,0.302345,-0.142783,0.024354,-0.153598,0.02588,0.004269,0.320478,-0.131685,-0.024415,-0.123648,0.174482,-0.0,-0.076504,0.0,0.0,0.0,-0.11823,-0.174482,0.0,-0.016053,0.0,0.0,0.0,0.0,0.0,0.0,0.0,0.0,0.0,0.0,0.0,0.0,0.0,0.0,0.0,0.000182,0.0,0.000061,0.0,-0.000061,0.0,-0.000182,0.0,-0.0,0.0,0.004236,
0.0,0.010761,0.878315,-0.000066,0.0,1.570796,0.0,0.102011,-0.022118,0.0,0.0,0.0,-0.146828,-0.024171,0.00457,0.3095,-0.14596,0.024354,-0.153782,0.02588,0.004185,0.323094,-0.134419,-0.024415,-0.122823,0.174482,0.0,-0.075973,0.0,0.0,0.0,-0.117845,-0.174482,0.0,-0.016053,0.0,0.0,0.0,0.0,0.0,-0.0,0.0,-0.0,0.0,-0.0,0.0,0.0,0.0,0.0,0.0,0.000182,0.0,0.000061,0.0,-0.000061,0.0,-0.000182,0.0,0.0,0.0,0.004126,
0.0,0.011781,0.878094,-0.000066,0.0,1.570796,0.0,0.102011,-0.022118,0.0,0.0,0.0,-0.149326,-0.024171,0.004655,0.316655,-0.149136,0.024354,-0.153965,0.02588,0.0041,0.32571,-0.137154,-0.024415,-0.121997,0.174482,0.0,-0.075441,-0.0,0.0,0.0,-0.11746,-0.174482,0.0,-0.016053,0.0,0.0,0.0,0.0,0.0,-0.0,0.0,-0.0,0.0,-0.0,0.0,-0.0,0.0,0.0,0.0,0.000182,0.0,0.000061,0.0,-0.000061,0.0,-0.000182,0.0,0.0,0.0,0.004016,
0.0,0.012801,0.877873,-0.000066,0.0,1.570796,0.0,0.102012,-0.022118,0.0,0.0,0.0,-0.151823,-0.024171,0.004741,0.32381,-0.152312,0.024354,-0.154149,0.02588,0.004016,0.328326,-0.139889,-0.024415,-0.121172,0.174482,0.0,-0.07491,0.0,0.0,0.0,-0.117075,-0.174482,0.0,-0.016053,0.0,0.0,0.0,-0.0,0.0,-0.0,-0.0,-0.0,-0.0,-0.0,-0.0,-0.0,0.0,0.0,0.0,0.000182,0.0,0.000061,0.0,-0.000061,0.0,-0.000182,0.0,0.0,0.0,0.003906,
0.0,0.01382,0.877572,-0.000066,0.0,1.570796,0.0,0.101879,-0.03003,0.0,0.0,0.0,-0.156029,-0.024171,0.004826,0.334308,-0.155784,0.024354,-0.15459,0.02588,0.003932,0.331483,-0.1429,-0.024452,-0.12064,0.174482,0.0,-0.074672,0.0,0.0,-0.0,-0.116946,-0.174482,0.0,-0.01598,0.0,0.0,0.0,-0.0,0.0,-0.0,0.0,0.0,0.0,-0.0,0.0,0.0,0.0,0.0,0.0,0.000182,0.0,0.000061,0.0,-0.000061,0.0,-0.000182,0.0,0.0,0.0,0.00365,
0.0,0.014839,0.877272,-0.000066,0.0,1.570796,0.0,0.101879,-0.03003,0.0,0.0,0.0,-0.160236,-0.024171,0.004911,0.344807,-0.159256,0.024354,-0.155031,0.02588,0.003848,0.334639,-0.145911,-0.024489,-0.120108,0.174482,0.0,-0.074434,0.0,0.0,0.0,-0.116818,-0.174482,0.0,-0.015906,0.0,-0.0,-0.0,0.0,0.0,0.0,0.0,0.0,-0.0,0.0,0.0,0.0,0.0,0.0,-0.0,0.000182,0.0,0.000061,0.0,-0.000061,0.0,-0.000182,0.0,0.0,0.0,0.003394,
0.0,0.015858,0.876972,-0.000066,0.0,1.570796,0.0,0.101879,-0.03003,0.0,0.0,0.0,-0.164442,-0.024171,0.004997,0.355305,-0.162727,0.024354,-0.155471,0.02588,0.003764,0.337796,-0.148921,-0.024525,-0.119576,0.174482,0.0,-0.074195,-0.0,0.0,0.0,-0.11669,-0.174482,0.0,-0.015833,0.0,0.0,0.0,0.0,0.0,0.0,0.0,-0.0,-0.0,-0.0,0.0,0.0,0.0,0.0,0.0,0.000182,0.0,0.000061,-0.0,-0.000061,0.0,-0.000182,0.0,0.0,0.0,0.003137,
0.0,0.016999,0.87658,-0.000066,0.0,1.570796,0.0,0.114103,-0.039169,0.0,0.0,0.0,-0.171163,-0.024171,0.005082,0.370997,-0.167229,0.024415,-0.156206,0.02588,0.003679,0.341798,-0.152264,-0.024562,-0.119337,0.174482,0.0,-0.074311,-0.0,0.0,0.0,-0.116647,-0.174482,0.0,-0.015809,0.0,0.0,0.0,0.0,0.0,-0.0,0.0,0.0,0.0,-0.0,0.0,-0.0,0.0,0.0,0.0,0.000182,0.0,0.000061,0.0,-0.000061,0.0,-0.000182,0.0,0.0,0.0,0.0026,
0.0,0.018201,0.876143,-0.000066,0.0,1.570796,0.0,0.120216,-0.043731,0.0,0.0,0.0,-0.179143,-0.024171,0.005168,0.389289,-0.172247,0.024507,-0.157088,0.02588,0.003595,0.346222,-0.155772,-0.024599,-0.119245,0.174482,-0.0,-0.074605,0.0,0.0,0.0,-0.116647,-0.174482,0.0,-0.015809,0.0,0.0,0.0,0.0,0.0,0.0,0.0,-0.0,0.0,0.0,0.0,0.0,0.0,0.0,0.0,0.000182,0.0,0.000061,0.0,-0.000061,0.0,-0.000182,0.0,0.0,0.0,0.001923,
0.0,0.019403,0.875705,-0.000066,0.0,1.570796,0.0,0.120216,-0.043731,0.0,0.0,0.0,-0.187122,-0.024171,0.005253,0.407581,-0.177265,0.024599,-0.157969,0.02588,0.003511,0.350646,-0.15928,-0.024635,-0.119154,0.174482,0.0,-0.074898,0.0,0.0,0.0,-0.116647,-0.174482,0.0,-0.015809,0.0,0.0,0.0,0.0,0.0,-0.0,0.0,-0.0,0.0,-0.0,0.0,0.0,0.0,0.0,0.0,0.000182,0.0,0.000061,0.0,-0.000061,0.0,-0.000182,0.0,0.0,0.0,0.001245,
0.0,0.020664,0.875296,-0.000066,0.0,1.570796,0.0,0.126066,-0.040946,0.0,0.0,0.0,-0.195288,-0.024171,0.00531,0.426407,-0.181076,0.02466,-0.1583,0.02588,0.003427,0.354129,-0.162507,-0.024663,-0.119209,0.174482,0.0,-0.075341,0.0,0.0,0.0,-0.11669,-0.174482,0.0,-0.015809,0.0,0.0,0.0,-0.0,0.0,-0.0,0.0,-0.0,0.0,-0.0,0.0,0.0,0.0,0.0,0.0,0.000182,0.0,0.000061,0.0,-0.000061,0.0,-0.000182,0.0,-0.0,0.0,0.000464,
0.0,0.022041,0.874942,-0.000066,0.0,1.570796,0.0,0.137764,-0.035376,0.0,0.0,0.0,-0.20383,-0.024171,0.00531,0.446307,-0.182473,0.02466,-0.157529,0.02588,0.003342,0.355729,-0.165171,-0.024673,-0.119557,0.174482,-0.0,-0.076083,0.0,0.0,0.0,-0.116818,-0.174482,0.0,-0.015809,0.0,0.0,0.0,0.0,0.0,-0.0,0.0,-0.0,0.0,-0.0,0.0,0.0,0.0,0.0,0.0,0.000182,0.0,0.000061,0.0,-0.000061,0.0,-0.000182,0.0,0.0,0.0,-0.000525,
0.0,0.023419,0.874588,-0.000066,0.0,1.570796,0.0,0.137766,-0.035376,0.0,0.0,0.0,-0.212372,-0.024171,0.00531,0.46621,-0.18387,0.02466,-0.156757,0.02588,0.003258,0.357329,-0.167835,-0.024683,-0.119906,0.174482,-0.0,-0.076825,-0.0,0.0,0.0,-0.116946,-0.174482,0.0,-0.015809,0.0,0.0,0.0,0.0,0.0,0.0,-0.0,0.0,0.0,0.0,0.0,0.0,0.0,0.0,0.0,0.000182,0.0,0.000061,0.0,-0.000061,0.0,-0.000182,0.0,0.0,0.0,-0.001514,
0.0,0.024797,0.874235,-0.000066,0.0,1.570796,0.0,0.137765,-0.035384,0.0,0.0,0.0,-0.220914,-0.024171,0.00531,0.486109,-0.185268,0.02466,-0.155986,0.02588,0.003174,0.358929,-0.1705,-0.024692,-0.120254,0.174482,0.0,-0.077567,0.0,0.0,0.0,-0.117075,-0.174482,-0.0,-0.015809,0.0,0.0,0.0,-0.0,0.0,-0.0,0.0,0.0,0.0,-0.0,0.0,-0.0,0.0,0.0,0.0,0.000182,0.0,0.000061,0.0,-0.000061,0.0,-0.000182,0.0,0.0,0.0,-0.002502,
0.0,0.02622,0.874072,-0.000066,0.0,1.570796,0.0,0.142342,-0.016287,0.0,0.0,0.0,-0.229968,-0.024373,0.005091,0.507136,-0.184882,0.02466,-0.153543,0.02588,0.003174,0.357366,-0.171933,-0.024702,-0.120695,0.174482,0.0,-0.078309,0.0,0.0,0.0,-0.11735,-0.174482,0.0,-0.015662,0.0,0.0,0.0,0.0,0.0,0.0,0.0,0.0,0.0,0.0,0.0,0.0,0.0,0.0,0.0,0.000182,0.0,0.000061,0.0,-0.000061,0.0,-0.000182,0.0,0.0,0.0,-0.003583,
0.0,0.027644,0.873909,-0.000066,0.0,1.570796,0.0,0.142343,-0.016295,0.0,0.0,0.0,-0.239022,-0.024574,0.004871,0.528174,-0.184496,0.02466,-0.151101,0.02588,0.003174,0.355803,-0.173367,-0.024712,-0.121135,0.174482,-0.0,-0.079051,0.0,0.0,0.0,-0.117625,-0.174482,0.0,-0.015516,0.0,0.0,0.0,0.0,0.0,0.0,0.0,-0.0,0.0,-0.0,0.0,0.0,0.0,0.0,0.0,0.000182,0.0,0.000061,0.0,-0.000061,0.0,-0.000182,0.0,0.0,0.0,-0.004663,
0.0,0.029067,0.873746,-0.000066,0.0,1.570796,0.0,0.142342,-0.016295,0.0,0.0,0.0,-0.248076,-0.024776,0.004651,0.549217,-0.18411,0.02466,-0.148658,0.02588,0.003174,0.354241,-0.174801,-0.024722,-0.121575,0.174482,0.0,-0.079793,0.0,0.0,0.0,-0.1179,-0.174482,-0.0,-0.015369,0.0,0.0,0.0,0.0,0.0,0.0,-0.0,-0.0,0.0,0.0,0.0,0.0,0.0,0.0,0.0,0.000182,0.0,0.000061,0.0,-0.000061,0.0,-0.000182,0.0,0.0,0.0,-0.005744,
0.0,0.030778,0.873634,-0.000066,0.0,1.570796,0.0,0.171089,-0.011166,0.0,0.0,0.0,-0.257535,-0.025014,0.004358,0.570263,-0.180427,0.02466,-0.146376,0.02588,0.003125,0.35372,-0.176577,-0.024732,-0.121331,0.174482,0.0,-0.079943,0.0,0.0,0.0,-0.118249,-0.174482,0.0,-0.015198,0.0,0.0,0.0,-0.0,0.0,0.0,0.0,0.0,-0.0,-0.0,0.0,0.0,0.0,0.0,0.0,0.000182,0.0,0.000061,0.0,-0.000061,0.0,-0.000182,0.0,0.0,0.0,-0.006177,
0.0,0.032632,0.873548,-0.000066,0.0,1.570796,0.0,0.185466,-0.008601,0.0,0.0,0.0,-0.267198,-0.02527,0.004028,0.591305,-0.175097,0.02466,-0.144173,0.02588,0.003052,0.35372,-0.178526,-0.024742,-0.120744,0.174482,0.0,-0.079797,0.0,0.0,0.0,-0.118634,-0.174482,0.0,-0.015015,0.0,0.0,0.0,0.0,0.0,-0.0,0.0,-0.0,0.0,-0.0,0.0,-0.0,0.0,0.0,0.0,0.000182,0.0,0.000061,0.0,-0.000061,0.0,-0.000182,0.0,0.0,0.0,-0.006287,
0.0,0.034487,0.873462,-0.000066,0.0,1.570796,0.0,0.185467,-0.008609,0.0,0.0,0.0,-0.276861,-0.025526,0.003699,0.61234,-0.169766,0.02466,-0.14197,0.02588,0.002979,0.35372,-0.180475,-0.024752,-0.120157,0.174482,0.0,-0.07965,0.0,0.0,0.0,-0.119019,-0.174482,0.0,-0.014832,0.0,0.0,0.0,-0.0,0.0,0.0,0.0,0.0,0.0,0.0,0.0,0.0,0.0,0.0,0.0,0.000182,0.0,0.000061,0.0,-0.000061,0.0,-0.000182,0.0,0.0,0.0,-0.006397,
0.0,0.036496,0.873397,-0.000066,0.0,1.570796,0.0,0.200882,-0.00651,0.0,0.0,0.0,-0.289123,-0.025856,0.003339,0.637349,-0.163935,0.024574,-0.139412,0.02588,0.00293,0.35349,-0.182258,-0.024761,-0.119142,0.174482,0.0,-0.079125,0.0,0.0,0.0,-0.119521,-0.174482,0.0,-0.014661,0.0,0.0,0.0,-0.0,0.0,0.0,0.0,0.0,0.0,-0.0,0.0,-0.0,0.0,0.0,0.0,0.000182,0.0,0.000061,0.0,-0.000061,0.0,-0.000182,0.0,0.0,0.0,-0.006146,
0.0,0.038813,0.873374,-0.000066,0.0,1.570796,0.0,0.231721,-0.002319,0.0,0.0,0.0,-0.306585,-0.026332,0.002918,0.670343,-0.157103,0.024318,-0.136145,0.02588,0.00293,0.352802,-0.183711,-0.024771,-0.117271,0.174482,0.0,-0.077842,0.0,0.0,0.0,-0.120254,-0.174482,0.0,-0.014515,0.0,0.0,0.0,0.0,0.0,0.0,0.0,-0.0,0.0,0.0,0.0,-0.0,0.0,0.0,0.0,0.000182,0.0,0.000061,0.0,-0.000061,0.0,-0.000182,0.0,-0.0,0.0,-0.005176,
0.0,0.04113,0.873351,-0.000066,0.0,1.570796,-0.0,0.231723,-0.002319,0.0,0.0,0.0,-0.324049,-0.026808,0.002496,0.703342,-0.15027,0.024061,-0.132878,0.02588,0.00293,0.352114,-0.185164,-0.024781,-0.1154,0.174482,0.0,-0.076559,-0.0,0.0,0.0,-0.120988,-0.174482,0.0,-0.014368,0.0,0.0,0.0,0.0,0.0,0.0,0.0,-0.0,0.0,-0.0,0.0,-0.0,0.0,0.0,0.0,0.000182,0.0,0.000061,0.0,-0.000061,0.0,-0.000182,0.0,0.0,0.0,-0.004206,
0.0,0.043448,0.873327,-0.000066,0.0,1.570796,0.0,0.231721,-0.002319,0.0,0.0,0.0,-0.34151,-0.027284,0.002075,0.73633,-0.143438,0.023805,-0.129611,0.02588,0.00293,0.351426,-0.186617,-0.024791,-0.113529,0.174482,0.0,-0.075276,0.0,0.0,0.0,-0.121722,-0.174482,0.0,-0.014222,-0.0,0.0,0.0,-0.0,0.0,-0.0,0.0,-0.0,0.0,-0.0,0.0,0.0,0.0,-0.0,0.0,0.000182,0.0,0.000061,0.0,-0.000061,0.0,-0.000182,0.0,-0.0,0.0,-0.003235,
0.0,0.046099,0.873385,-0.000066,0.0,1.570796,0.0,0.265161,0.00577,0.0,0.0,0.0,-0.360947,-0.027852,0.001764,0.769411,-0.135713,0.023402,-0.12519,0.025825,0.00293,0.349399,-0.187187,-0.024801,-0.110888,0.174482,0.0,-0.073188,0.0,0.0,0.0,-0.123501,-0.174482,0.0,-0.014423,-0.0,0.0,0.0,-0.0,0.0,0.0,0.0,0.0,0.0,-0.0,-0.0,-0.0,0.0,-0.0,0.0,0.000182,0.0,0.000061,-0.0,-0.000061,0.0,-0.000182,0.0,0.0,0.0,-0.003235,
0.0,0.048751,0.873443,-0.000066,0.0,1.570796,0.0,0.26516,0.005763,0.0,0.0,0.0,-0.380387,-0.02842,0.001453,0.802503,-0.127987,0.022999,-0.120769,0.025771,0.00293,0.347373,-0.187757,-0.024811,-0.108247,0.174482,0.0,-0.071099,0.0,0.0,0.0,-0.125281,-0.174482,-0.0,-0.014625,-0.0,0.0,0.0,0.0,0.0,0.0,0.0,-0.0,-0.0,0.0,0.0,-0.0,0.0,-0.0,0.0,0.000182,0.0,0.000061,0.0,-0.000061,0.0,-0.000182,0.0,0.0,0.0,-0.003235,
0.0,0.051402,0.873501,-0.000066,0.0,1.570796,0.0,0.265161,0.00577,0.0,0.0,0.0,-0.399825,-0.028987,0.001141,0.83559,-0.120262,0.022596,-0.116348,0.025716,0.00293,0.345346,-0.188327,-0.024821,-0.105607,0.174482,-0.0,-0.06901,-0.0,0.0,0.0,-0.127061,-0.174482,0.0,-0.014826,0.0,0.0,0.0,0.0,0.0,-0.0,0.0,0.0,0.0,0.0,0.0,0.0,0.0,0.0,0.0,0.000182,0.0,0.000061,0.0,-0.000061,0.0,-0.000182,0.0,0.0,0.0,-0.003235,
0.0,0.054317,0.873543,-0.000066,0.0,1.570796,0.0,0.291415,0.004261,0.0,0.0,0.0,-0.410172,-0.029177,0.001099,0.848319,-0.119349,0.022462,-0.111806,0.025697,0.00293,0.343766,-0.189032,-0.02483,-0.102722,0.174482,0.0,-0.066751,0.0,0.0,0.0,-0.129807,-0.174482,0.0,-0.015101,0.0,0.0,0.0,0.0,0.0,-0.0,0.0,0.0,0.0,0.0,0.0,0.0,0.0,0.0,0.0,0.000182,0.0,0.000061,-0.0,-0.000061,0.0,-0.000182,0.0,0.0,0.0,-0.002136,
0.0,0.057362,0.873578,-0.000066,0.0,1.570796,0.0,0.304543,0.003507,0.0,0.0,0.0,-0.415974,-0.029177,0.00119,0.850872,-0.121844,0.022462,-0.107203,0.025697,0.00293,0.34241,-0.189805,-0.02484,-0.099715,0.174482,0.0,-0.064405,0.0,0.0,0.0,-0.133037,-0.174482,-0.0,-0.015412,-0.0,0.0,0.0,0.0,0.0,0.0,0.0,0.0,0.0,0.0,-0.0,0.0,0.0,-0.0,0.0,0.000182,0.0,0.000061,0.0,-0.000061,0.0,-0.000182,0.0,0.0,0.0,-0.000488,
0.0,0.060407,0.873613,-0.000066,0.0,1.570796,0.0,0.304542,0.003514,0.0,0.0,0.0,-0.421775,-0.029177,0.001282,0.853425,-0.124339,0.022462,-0.1026,0.025697,0.00293,0.341053,-0.190577,-0.02485,-0.096709,0.174482,0.0,-0.06206,0.0,-0.0,0.0,-0.136267,-0.174482,0.0,-0.015723,0.0,0.0,0.0,0.0,-0.0,-0.0,0.0,-0.0,0.0,0.0,0.0,-0.0,0.0,0.0,0.0,0.000182,0.0,0.000061,0.0,-0.000061,0.0,-0.000182,0.0,0.0,0.0,0.00116,
0.0,0.063551,0.873623,-0.000066,0.0,1.570796,0.0,0.314327,0.000929,0.0,0.0,0.0,-0.427036,-0.029128,0.001398,0.853748,-0.127159,0.022515,-0.098224,0.025697,0.00293,0.340372,-0.191638,-0.02486,-0.093665,0.174482,0.0,-0.059709,0.0,0.0,0.0,-0.139956,-0.174482,0.0,-0.016059,0.0,0.0,0.0,0.0,0.0,0.0,0.0,-0.0,-0.0,0.0,0.0,-0.0,0.0,0.0,0.0,0.000182,0.0,0.000061,-0.0,-0.000061,0.0,-0.000182,0.0,0.0,0.0,0.00235,
0.0,0.06689,0.87358,-0.000066,0.0,1.570796,-0.0,0.333894,-0.004227,0.0,0.0,0.0,-0.431217,-0.028981,0.001563,0.849609,-0.130627,0.022674,-0.094301,0.025697,0.00293,0.341041,-0.193275,-0.02487,-0.090549,0.174482,-0.0,-0.057346,0.0,0.0,0.0,-0.144565,-0.174482,0.0,-0.016444,0.0,0.0,0.0,0.0,0.0,-0.0,0.0,-0.0,0.0,-0.0,0.0,-0.0,0.0,0.0,0.0,0.000182,0.0,0.000061,0.0,-0.000061,0.0,-0.000182,0.0,0.0,0.0,0.002625,
0.0,0.070229,0.873538,-0.000066,0.0,1.570796,0.0,0.333898,-0.004227,0.0,0.0,0.0,-0.435398,-0.028835,0.001727,0.84547,-0.134095,0.022832,-0.090378,0.025697,0.00293,0.34171,-0.194913,-0.02488,-0.087433,0.174482,0.0,-0.054983,0.0,0.0,0.0,-0.149173,-0.174482,0.0,-0.016828,-0.0,0.0,0.0,0.0,0.0,0.0,0.0,0.0,0.0,0.0,0.0,0.0,0.0,-0.0,0.0,0.000182,0.0,0.000061,0.0,-0.000061,0.0,-0.000182,0.0,-0.0,0.0,0.002899,
0.0,0.073568,0.873496,-0.000066,0.0,1.570796,0.0,0.333894,-0.004227,0.0,0.0,0.0,-0.439579,-0.028688,0.001892,0.841332,-0.137564,0.022991,-0.086456,0.025697,0.00293,0.342378,-0.19655,-0.02489,-0.084317,0.174482,0.0,-0.05262,0.0,0.0,0.0,-0.153781,-0.174482,0.0,-0.017213,-0.0,0.0,0.0,-0.0,0.0,0.0,0.0,0.0,0.0,0.0,0.0,0.0,0.0,-0.0,0.0,0.000182,0.0,0.000061,0.0,-0.000061,0.0,-0.000182,0.0,0.0,0.0,0.003174,
-0.0,0.077128,0.873294,-0.000066,0.0,1.570796,-0.0,0.356048,-0.020179,0.0,0.0,0.0,-0.443015,-0.02845,0.00213,0.832255,-0.140115,0.02315,-0.083377,0.025697,0.002875,0.34526,-0.199274,-0.0249,-0.081129,0.174482,-0.0,-0.050404,0.0,0.0,0.0,-0.158944,-0.174482,0.0,-0.017524,0.0,0.0,0.0,-0.0,0.0,0.0,0.0,0.0,0.0,0.0,0.0,0.0,0.0,0.0,0.0,0.000182,0.0,0.000061,0.0,-0.000061,0.0,-0.000182,0.0,0.0,0.0,0.003174,
0.0,0.080689,0.873092,-0.000066,0.0,1.570796,0.0,0.356059,-0.020179,0.0,0.0,0.0,-0.44645,-0.028212,0.002368,0.823178,-0.142667,0.023309,-0.080298,0.025697,0.00282,0.348141,-0.201998,-0.024909,-0.07794,0.174482,0.0,-0.048188,-0.0,0.0,0.0,-0.164106,-0.174482,0.0,-0.017835,0.0,-0.0,0.0,0.0,0.0,-0.0,0.0,0.0,0.0,-0.0,0.0,-0.0,0.0,0.0,-0.0,0.000182,0.0,0.000061,0.0,-0.000061,0.0,-0.000182,0.0,0.0,0.0,0.003174,
0.0,0.084249,0.87289,-0.000066,0.0,1.570796,0.0,0.356055,-0.020179,0.0,0.0,0.0,-0.449886,-0.027974,0.002606,0.814101,-0.145219,0.023467,-0.077219,0.025697,0.002765,0.351023,-0.204721,-0.024919,-0.074751,0.174482,0.0,-0.045971,0.0,0.0,0.0,-0.169269,-0.174482,0.0,-0.018147,0.0,0.0,0.0,0.0,0.0,-0.0,0.0,-0.0,0.0,-0.0,0.0,0.0,0.0,0.0,0.0,0.000182,0.0,0.000061,0.0,-0.000061,0.0,-0.000182,0.0,0.0,0.0,0.003174,
0.0,0.088125,0.872633,-0.000066,0.0,1.570796,0.0,0.387585,-0.025777,0.0,0.0,0.0,-0.452748,-0.0277,0.002857,0.80223,-0.147146,0.023626,-0.073432,0.025697,0.002747,0.353137,-0.207569,-0.024929,-0.071551,0.174482,0.0,-0.043816,0.0,0.0,0.0,-0.173931,-0.174482,-0.0,-0.020203,0.0,0.0,0.0,0.0,0.0,-0.0,0.0,-0.0,0.0,0.0,0.0,0.0,0.0,0.0,0.0,0.000182,0.0,0.000061,-0.0,-0.000061,0.0,-0.000182,0.0,0.0,0.0,0.003174,
0.0,0.092159,0.872347,-0.000066,0.0,1.570796,0.0,0.403357,-0.028576,0.0,0.0,0.0,-0.455323,-0.027407,0.003113,0.78896,-0.148762,0.023785,-0.069292,0.025697,0.002747,0.354867,-0.210478,-0.024939,-0.068345,0.174482,-0.0,-0.041692,0.0,0.0,0.0,-0.178343,-0.174482,0.0,-0.023133,0.0,0.0,0.0,-0.0,0.0,-0.0,0.0,-0.0,0.0,-0.0,0.0,-0.0,0.0,0.0,0.0,0.000182,0.0,0.000061,0.0,-0.000061,0.0,-0.000182,0.0,0.0,0.0,0.003174,
0.0,0.096192,0.872061,-0.000066,0.0,1.570796,0.0,0.403356,-0.028576,0.0,0.0,0.0,-0.457898,-0.027113,0.003369,0.77569,-0.150378,0.023943,-0.065151,0.025697,0.002747,0.356597,-0.213387,-0.024949,-0.065138,0.174482,0.0,-0.039567,-0.0,0.0,0.0,-0.182755,-0.174482,0.0,-0.026063,0.0,-0.0,0.0,0.0,0.0,0.0,0.0,0.0,0.0,0.0,0.0,0.0,0.0,0.0,-0.0,0.000182,0.0,0.000061,0.0,-0.000061,0.0,-0.000182,0.0,0.0,0.0,0.003174,
0.0,0.100351,0.871757,-0.000066,0.0,1.570796,0.0,0.415868,-0.030398,0.0,0.0,0.0,-0.460355,-0.026827,0.003626,0.761385,-0.151358,0.02408,-0.06112,0.025697,0.002716,0.35878,-0.216328,-0.024959,-0.061975,0.174482,-0.0,-0.037504,0.0,0.0,0.0,-0.187156,-0.174482,-0.0,-0.029183,-0.0,0.0,0.0,-0.0,0.0,-0.0,0.0,-0.0,0.0,-0.0,0.0,-0.0,0.0,-0.0,0.0,0.000182,-0.0,0.000061,0.0,-0.000061,0.0,-0.000182,-0.0,0.0,0.0,0.003198,
0.0,0.10476,0.871417,-0.000066,0.0,1.570796,0.0,0.440902,-0.034051,0.0,0.0,0.0,-0.462575,-0.026552,0.003882,0.745006,-0.151064,0.024171,-0.05731,0.025697,0.002625,0.361871,-0.219331,-0.024969,-0.058897,0.174482,0.0,-0.035562,0.0,0.0,0.0,-0.191535,-0.174482,0.0,-0.032681,0.0,0.0,0.0,0.0,0.0,0.0,0.0,-0.0,0.0,-0.0,0.0,0.0,0.0,0.0,0.0,0.000182,0.0,0.000061,0.0,-0.000061,0.0,-0.000182,0.0,0.0,0.0,0.003272,
0.0,0.109169,0.871076,-0.000066,0.0,1.570796,0.0,0.440897,-0.034051,0.0,0.0,0.0,-0.464795,-0.026277,0.004138,0.728626,-0.15077,0.024263,-0.0535,0.025697,0.002533,0.364961,-0.222334,-0.024978,-0.05582,0.174482,0.0,-0.033621,-0.0,0.0,0.0,-0.195913,-0.174482,0.0,-0.036178,0.0,0.0,0.0,0.0,0.0,-0.0,0.0,-0.0,0.0,-0.0,0.0,-0.0,0.0,0.0,0.0,0.000182,0.0,0.000061,-0.0,-0.000061,-0.0,-0.000182,0.0,0.0,0.0,0.003345,
0.0,0.113578,0.870736,-0.000066,0.0,1.570796,0.0,0.440897,-0.034059,0.0,0.0,0.0,-0.467015,-0.026003,0.004395,0.712248,-0.150476,0.024354,-0.04969,0.025697,0.002441,0.368052,-0.225337,-0.024988,-0.052742,0.174482,0.0,-0.03168,0.0,0.0,0.0,-0.200292,-0.174482,0.0,-0.039676,0.0,0.0,0.0,-0.0,0.0,-0.0,0.0,-0.0,0.0,0.0,0.0,0.0,0.0,0.0,0.0,0.000182,0.0,0.000061,0.0,-0.000061,0.0,-0.000182,0.0,0.0,0.0,0.003418,
-0.0,0.118179,0.870361,-0.000066,0.0,1.570796,-0.0,0.460126,-0.037415,0.0,0.0,0.0,-0.469275,-0.025783,0.004596,0.693173,-0.1482,0.024373,-0.04588,0.025697,0.002441,0.37135,-0.228175,-0.024998,-0.049812,0.174482,0.0,-0.029903,0.0,0.0,0.0,-0.204876,-0.174482,-0.0,-0.04279,0.0,0.0,0.0,0.0,0.0,-0.0,0.0,-0.0,0.0,-0.0,0.0,-0.0,0.0,0.0,0.0,0.000182,0.0,0.000061,0.0,-0.000061,0.0,-0.000182,0.0,0.0,0.0,0.003638,
0.0,0.12278,0.869987,-0.000066,0.0,1.570796,0.0,0.460128,-0.037415,0.0,0.0,0.0,-0.471534,-0.025563,0.004797,0.674096,-0.145923,0.024391,-0.04207,0.025697,0.002441,0.374648,-0.231014,-0.025008,-0.046881,0.174482,0.0,-0.028127,0.0,0.0,0.0,-0.20946,-0.174482,0.0,-0.045904,0.0,0.0,0.0,0.0,0.0,0.0,0.0,-0.0,0.0,0.0,0.0,0.0,0.0,0.0,0.0,0.000182,0.0,0.000061,0.0,-0.000061,0.0,-0.000182,0.0,-0.0,0.0,0.003858,
0.0,0.127382,0.869613,-0.000066,0.0,1.570796,0.0,0.460128,-0.037415,0.0,0.0,0.0,-0.473794,-0.025343,0.004999,0.65502,-0.143646,0.024409,-0.038261,0.025697,0.002441,0.377947,-0.233853,-0.025018,-0.04395,0.174482,0.0,-0.026351,0.0,0.0,0.0,-0.214044,-0.174482,0.0,-0.049017,0.0,0.0,0.0,0.0,0.0,-0.0,0.0,0.0,0.0,0.0,0.0,-0.0,0.0,0.0,0.0,0.000182,0.0,0.000061,0.0,-0.000061,0.0,-0.000182,0.0,-0.0,0.0,0.004077,
0.0,0.132453,0.869192,-0.000066,0.0,1.570796,0.0,0.507181,-0.042073,0.0,0.0,0.0,-0.475,-0.025124,0.005194,0.632352,-0.141627,0.024428,-0.03245,0.025697,0.002393,0.377208,-0.236397,-0.025028,-0.040813,0.174482,0.0,-0.024452,-0.0,0.0,0.0,-0.218545,-0.174482,0.0,-0.051948,0.0,0.0,0.0,0.0,0.0,-0.0,0.0,0.0,0.0,-0.0,0.0,-0.0,0.0,0.0,0.0,0.000182,0.0,0.000061,0.0,-0.000061,0.0,-0.000182,0.0,0.0,0.0,0.004395,
0.0,0.137761,0.868748,-0.000066,0.0,1.570796,-0.0,0.530724,-0.044398,0.0,0.0,0.0,-0.475678,-0.024904,0.005387,0.60788,-0.139736,0.024446,-0.025637,0.025697,0.002319,0.37445,-0.238795,-0.025038,-0.037571,0.174482,-0.0,-0.022493,0.0,0.0,0.0,-0.223004,-0.174482,-0.0,-0.054788,0.0,-0.0,-0.0,0.0,0.0,-0.0,0.0,-0.0,0.0,0.0,0.0,0.0,0.0,0.0,-0.0,0.000182,0.0,0.000061,0.0,-0.000061,0.0,-0.000182,0.0,0.0,0.0,0.004761,
0.0,0.143068,0.868304,-0.000066,0.0,1.570796,0.0,0.530709,-0.044398,0.0,0.0,0.0,-0.476356,-0.024684,0.005579,0.583408,-0.137846,0.024464,-0.018825,0.025697,0.002246,0.371692,-0.241192,-0.025047,-0.034329,0.174482,0.0,-0.020533,0.0,0.0,0.0,-0.227463,-0.174482,-0.0,-0.057627,-0.0,0.0,0.0,-0.0,0.0,-0.0,0.0,-0.0,0.0,0.0,0.0,0.0,0.0,-0.0,0.0,0.000182,0.0,0.000061,0.0,-0.000061,0.0,-0.000182,0.0,0.0,0.0,0.005127,
0.0,0.148593,0.867846,-0.000066,0.0,1.570796,0.0,0.552522,-0.045885,0.0,0.0,0.0,-0.477141,-0.024489,0.005771,0.56085,-0.136921,0.024483,-0.012306,0.025697,0.002197,0.369977,-0.243486,-0.025057,-0.030993,0.174482,0.0,-0.018513,-0.0,0.0,0.0,-0.231665,-0.174482,0.0,-0.060338,0.0,0.0,0.0,0.0,0.0,0.0,0.0,0.0,0.0,0.0,0.0,0.0,0.0,0.0,0.0,0.000182,0.0,0.000061,0.0,-0.000061,0.0,-0.000182,0.0,0.0,0.0,0.005536,
0.0,0.154555,0.867357,-0.000066,0.0,1.570796,0.0,0.596158,-0.048873,0.0,0.0,0.0,-0.47814,-0.024342,0.005963,0.542107,-0.137931,0.024501,-0.006373,0.025697,0.002197,0.370349,-0.245571,-0.025067,-0.027468,0.174482,0.0,-0.016371,0.0,0.0,0.0,-0.235353,-0.174482,0.0,-0.062793,-0.0,-0.0,-0.0,-0.0,0.0,0.0,0.0,0.0,0.0,0.0,0.0,0.0,0.0,-0.0,-0.0,0.000182,0.0,0.000061,0.0,-0.000061,0.0,-0.000182,0.0,0.0,0.0,0.00603,
0.0,0.160516,0.866868,-0.000066,0.0,1.570796,-0.0,0.59615,-0.048873,0.0,0.0,0.0,-0.479139,-0.024196,0.006156,0.523363,-0.13894,0.024519,-0.00044,0.025697,0.002197,0.370722,-0.247655,-0.025077,-0.023943,0.174482,0.0,-0.014228,0.0,0.0,0.0,-0.239041,-0.174482,0.0,-0.065248,0.0,-0.0,0.0,0.0,0.0,0.0,0.0,-0.0,0.0,0.0,0.0,-0.0,0.0,0.0,-0.0,0.000182,0.0,0.000061,0.0,-0.000061,0.0,-0.000182,-0.0,-0.0,0.0,0.006525,
0.0,0.166478,0.866379,-0.000066,0.0,1.570796,0.0,0.596151,-0.048873,0.0,0.0,0.0,-0.480138,-0.024049,0.006348,0.504621,-0.13995,0.024537,0.005493,0.025697,0.002197,0.371094,-0.24974,-0.025087,-0.020418,0.174482,-0.0,-0.012086,0.0,0.0,0.0,-0.242729,-0.174482,0.0,-0.067703,0.0,0.0,0.0,0.0,0.0,-0.0,0.0,0.0,0.0,-0.0,0.0,-0.0,0.0,0.0,0.0,0.000182,0.0,0.000061,0.0,-0.000061,0.0,-0.000182,0.0,0.0,0.0,0.007019,
0.0,0.172953,0.865913,-0.000066,0.0,1.570796,0.0,0.647567,-0.046649,0.0,0.0,0.0,-0.486008,-0.024049,0.006485,0.503372,-0.143181,0.024556,0.010016,0.025697,0.002197,0.375345,-0.251014,-0.025105,-0.016893,0.174482,0.0,-0.009961,-0.0,0.0,0.0,-0.244796,-0.174482,-0.0,-0.069645,0.0,0.0,0.0,0.0,0.0,0.0,0.0,-0.0,0.0,0.0,0.0,0.0,0.0,0.0,0.0,0.000182,0.0,0.000061,0.0,-0.000061,0.0,-0.000182,0.0,-0.0,0.0,0.007642,
0.0,0.179429,0.865446,-0.000066,0.0,1.570796,0.0,0.647569,-0.046649,0.0,0.0,0.0,-0.491878,-0.024049,0.006623,0.502125,-0.146412,0.024574,0.014539,0.025697,0.002197,0.379595,-0.252288,-0.025123,-0.013368,0.174482,0.0,-0.007837,0.0,0.0,0.0,-0.246862,-0.174482,-0.0,-0.071587,0.0,0.0,0.0,0.0,0.0,0.0,0.0,-0.0,0.0,0.0,0.0,0.0,0.0,0.0,0.0,0.000182,0.0,0.000061,0.0,-0.000061,0.0,-0.000182,0.0,0.0,0.0,0.008264,
0.0,0.185905,0.86498,-0.000066,0.0,1.570796,0.0,0.647571,-0.046649,0.0,0.0,0.0,-0.497748,-0.024049,0.00676,0.500877,-0.149644,0.024592,0.019062,0.025697,0.002197,0.383846,-0.253561,-0.025142,-0.009843,0.174482,0.0,-0.005713,0.0,0.0,0.0,-0.248929,-0.174482,0.0,-0.073529,-0.0,0.0,0.0,0.0,0.0,-0.0,0.0,0.0,0.0,-0.0,0.0,-0.0,0.0,-0.0,0.0,0.000182,0.0,0.000061,0.0,-0.000061,0.0,-0.000182,0.0,0.0,0.0,0.008887,
0.0,0.193006,0.86455,-0.000066,0.0,1.570796,0.0,0.710151,-0.043036,0.0,0.0,0.0,-0.500688,-0.023988,0.006897,0.499982,-0.153353,0.024611,0.025355,0.025697,0.002246,0.38596,-0.253309,-0.02516,-0.005872,0.174482,-0.0,-0.005005,0.0,0.0,0.0,-0.249839,-0.174482,0.0,-0.075118,0.0,-0.0,0.0,-0.0,0.0,-0.0,0.0,0.0,0.0,0.0,0.0,-0.0,0.0,0.0,-0.0,0.000182,0.0,0.000061,0.0,-0.000061,0.0,-0.000182,0.0,0.0,0.0,0.009937,
0.0,0.200421,0.864137,-0.000066,0.0,1.570796,0.0,0.741439,-0.041234,0.0,0.0,0.0,-0.502162,-0.023897,0.007035,0.499264,-0.157302,0.024629,0.032534,0.025697,0.002319,0.387005,-0.252294,-0.025178,-0.001679,0.174482,-0.0,-0.005005,0.0,0.0,0.0,-0.250171,-0.174482,-0.0,-0.076529,0.0,0.0,0.0,0.0,0.0,-0.0,0.0,0.0,0.0,0.0,0.0,-0.0,0.0,0.0,0.0,0.000182,0.0,0.000061,0.0,-0.000061,0.0,-0.000182,0.0,-0.0,0.0,0.0112,
0.0,0.207835,0.863725,-0.000066,0.0,1.570796,0.0,0.741431,-0.041234,0.0,0.0,0.0,-0.503637,-0.023805,0.007172,0.498546,-0.161251,0.024647,0.039713,0.025697,0.002393,0.38805,-0.251279,-0.025197,0.002514,0.174482,-0.0,-0.005005,-0.0,0.0,0.0,-0.250503,-0.174482,0.0,-0.077939,0.0,0.0,0.0,0.0,0.0,0.0,0.0,0.0,0.0,0.0,0.0,0.0,0.0,0.0,0.0,0.000182,0.0,0.000061,0.0,-0.000061,0.0,-0.000182,0.0,-0.0,0.0,0.012464,
0.0,0.215509,0.863351,-0.000066,0.0,1.570796,0.0,0.767371,-0.037425,0.0,0.0,0.0,-0.50348,-0.023744,0.007288,0.497406,-0.16476,0.02466,0.047204,0.025734,0.002503,0.389026,-0.249305,-0.025215,0.007129,0.174482,0.0,-0.005005,0.0,0.0,0.0,-0.250208,-0.174482,-0.0,-0.079106,0.0,0.0,0.0,0.0,0.0,-0.0,0.0,0.0,0.0,0.0,0.0,-0.0,0.0,0.0,0.0,0.000182,0.0,0.000061,0.0,-0.000061,0.0,-0.000182,0.0,-0.0,0.0,0.013935,
0.0,0.223701,0.863053,-0.000066,0.0,1.570796,0.0,0.819229,-0.029792,0.0,0.0,0.0,-0.50006,-0.023744,0.007361,0.495423,-0.167388,0.02466,0.055319,0.025844,0.002686,0.389866,-0.245412,-0.025233,0.012586,0.174482,0.0,-0.005005,0.0,0.0,0.0,-0.248658,-0.174482,0.0,-0.079784,0.0,0.0,0.0,-0.0,0.0,-0.0,0.0,-0.0,0.0,-0.0,0.0,-0.0,0.0,0.0,0.0,0.000182,0.0,0.000061,0.0,-0.000061,0.0,-0.000182,0.0,-0.0,0.0,0.015821,
0.0,0.231893,0.862755,-0.000066,0.0,1.570796,0.0,0.819229,-0.029792,0.0,0.0,0.0,-0.49664,-0.023744,0.007434,0.49344,-0.170016,0.02466,0.063435,0.025954,0.002869,0.390706,-0.241519,-0.025252,0.018042,0.174482,-0.0,-0.005005,0.0,0.0,0.0,-0.247108,-0.174482,0.0,-0.080462,0.0,0.0,0.0,-0.0,0.0,-0.0,0.0,-0.0,0.0,-0.0,0.0,-0.0,0.0,0.0,0.0,0.000182,0.0,0.000061,0.0,-0.000061,0.0,-0.000182,0.0,0.0,0.0,0.017707,
0.0,0.240086,0.862457,-0.000066,0.0,1.570796,-0.0,0.819239,-0.029792,0.0,0.0,0.0,-0.49322,-0.023744,0.007508,0.491457,-0.172644,0.02466,0.07155,0.026064,0.003052,0.391546,-0.237627,-0.02527,0.023499,0.174482,0.0,-0.005005,-0.0,0.0,0.0,-0.245558,-0.174482,0.0,-0.08114,0.0,0.0,0.0,0.0,0.0,0.0,0.0,0.0,0.0,-0.0,0.0,0.0,0.0,0.0,0.0,0.000182,0.0,0.000061,0.0,-0.000061,0.0,-0.000182,0.0,0.0,0.0,0.019593,
0.0,0.248971,0.862364,-0.000066,0.0,1.570796,0.0,0.888544,-0.009249,0.0,0.0,0.0,-0.484832,-0.023744,0.007508,0.48744,-0.172809,0.02466,0.081282,0.026137,0.0034,0.390371,-0.228765,-0.02527,0.029634,0.174482,-0.0,-0.005005,0.0,0.0,0.0,-0.242312,-0.174482,0.0,-0.080884,0.0,0.0,0.0,-0.0,0.0,-0.0,0.0,0.0,0.0,-0.0,0.0,-0.0,0.0,0.0,0.0,0.000182,0.0,0.000061,0.0,-0.000061,0.0,-0.000182,0.0,-0.0,0.0,0.021662,
0.0,0.257857,0.862272,-0.000066,0.0,1.570796,0.0,0.888562,-0.009241,0.0,0.0,0.0,-0.476444,-0.023744,0.007508,0.483422,-0.172975,0.02466,0.091015,0.02621,0.003748,0.389195,-0.219902,-0.02527,0.035769,0.174482,0.0,-0.005005,0.0,0.0,0.0,-0.239066,-0.174482,-0.0,-0.080627,0.0,0.0,0.0,-0.0,0.0,-0.0,0.0,-0.0,0.0,-0.0,0.0,-0.0,0.0,0.0,0.0,0.000182,0.0,0.000061,0.0,-0.000061,0.0,-0.000182,0.0,0.0,0.0,0.023732,
0.0,0.266742,0.862179,-0.000066,0.0,1.570796,0.0,0.888573,-0.009249,0.0,0.0,0.0,-0.468055,-0.023744,0.007508,0.479404,-0.17314,0.02466,0.100748,0.026283,0.004096,0.388019,-0.211039,-0.02527,0.041905,0.174482,-0.0,-0.005005,0.0,0.0,0.0,-0.23582,-0.174482,0.0,-0.080371,-0.0,0.0,0.0,0.0,0.0,-0.0,0.0,-0.0,0.0,0.0,0.0,0.0,0.0,-0.0,0.0,0.000182,0.0,0.000061,0.0,-0.000061,0.0,-0.000182,0.0,0.0,0.0,0.025801,
0.0,0.276047,0.862209,-0.000066,0.0,1.570796,0.0,0.930471,0.002946,0.0,0.0,0.0,-0.458149,-0.023744,0.007349,0.473786,-0.169485,0.02466,0.111746,0.026381,0.004639,0.384756,-0.196822,-0.025148,0.047735,0.174482,0.0,-0.005005,-0.0,0.0,0.0,-0.23147,-0.174482,0.0,-0.079613,0.0,0.0,0.0,0.0,0.0,0.0,0.0,0.0,0.0,0.0,0.0,0.0,0.0,0.0,0.0,0.000182,0.0,0.000061,0.0,-0.000061,0.0,-0.000182,-0.0,-0.0,0.0,0.027345,
0.0,0.285561,0.862299,-0.000066,0.0,1.570796,0.0,0.951436,0.00905,0.0,0.0,0.0,-0.447482,-0.023744,0.007111,0.467368,-0.163918,0.02466,0.123378,0.026491,0.00528,0.380448,-0.179925,-0.024965,0.053414,0.174482,-0.0,-0.005005,-0.0,0.0,0.0,-0.226568,-0.174482,0.0,-0.078606,0.0,0.0,0.0,0.0,0.0,-0.0,0.0,-0.0,0.0,0.0,0.0,-0.0,0.0,0.0,0.0,0.000182,0.0,0.000061,0.0,-0.000061,0.0,-0.000182,0.0,0.0,0.0,0.028627,
0.0,0.295076,0.86239,-0.000066,0.0,1.570796,0.0,0.951434,0.00905,0.0,0.0,0.0,-0.436815,-0.023744,0.006873,0.460949,-0.158351,0.02466,0.135009,0.026601,0.005921,0.37614,-0.163027,-0.024782,0.059092,0.174482,0.0,-0.005005,0.0,0.0,0.0,-0.221666,-0.174482,0.0,-0.077598,0.0,-0.0,-0.0,-0.0,0.0,0.0,0.0,0.0,0.0,0.0,0.0,0.0,0.0,0.0,-0.0,0.000182,0.0,0.000061,0.0,-0.000061,0.0,-0.000182,0.0,0.0,0.0,0.029909,
0.0,0.304608,0.862534,-0.000066,0.0,1.570796,0.0,0.953256,0.014361,0.0,0.0,0.0,-0.426081,-0.023768,0.006635,0.455074,-0.152993,0.02466,0.146646,0.026741,0.00669,0.371816,-0.143568,-0.024531,0.064203,0.174482,0.0,-0.005005,0.0,0.0,0.0,-0.21644,-0.174482,0.0,-0.076333,0.0,0.0,0.0,-0.0,0.0,0.0,0.0,0.0,0.0,0.0,0.0,0.0,0.0,0.0,0.0,0.000182,0.0,0.000061,0.0,-0.000061,0.0,-0.000182,0.0,0.0,0.0,0.030788,
0.0,0.314177,0.862783,-0.000066,0.0,1.570796,-0.0,0.956898,0.024966,0.0,0.0,0.0,-0.415213,-0.023842,0.006397,0.450284,-0.148054,0.02466,0.158294,0.026943,0.007715,0.367459,-0.118973,-0.024147,0.068179,0.174482,0.0,-0.005005,0.0,0.0,0.0,-0.210567,-0.174482,0.0,-0.074556,0.0,0.0,0.0,0.0,0.0,-0.0,0.0,0.0,0.0,-0.0,0.0,-0.0,0.0,0.0,0.0,0.000182,0.0,0.000061,0.0,-0.000061,0.0,-0.000182,0.0,0.0,0.0,0.030862,
0.0,0.323746,0.863033,-0.000066,0.0,1.570796,0.0,0.956907,0.024966,0.0,0.0,0.0,-0.404345,-0.023915,0.006159,0.445495,-0.143115,0.02466,0.169942,0.027144,0.00874,0.363101,-0.094375,-0.023762,0.072155,0.174482,0.0,-0.005005,0.0,0.0,0.0,-0.204693,-0.174482,0.0,-0.072779,-0.0,-0.0,-0.0,0.0,0.0,-0.0,0.0,-0.0,0.0,-0.0,0.0,-0.0,0.0,-0.0,-0.0,0.000182,0.0,0.000061,0.0,-0.000061,0.0,-0.000182,0.0,0.0,0.0,0.030935,
0.0,0.333315,0.863283,-0.000066,0.0,1.570796,0.0,0.956896,0.024973,0.0,0.0,0.0,-0.393477,-0.023988,0.005921,0.440705,-0.138176,0.02466,0.181589,0.027345,0.009766,0.358743,-0.069782,-0.023378,0.076131,0.174482,0.0,-0.005005,0.0,0.0,0.0,-0.19882,-0.174482,0.0,-0.071001,-0.0,-0.0,0.0,-0.0,0.0,0.0,0.0,0.0,0.0,-0.0,0.0,-0.0,0.0,-0.0,-0.0,0.000182,0.0,0.000061,0.0,-0.000061,0.0,-0.000182,0.0,0.0,0.0,0.031008,
0.0,0.342257,0.863563,-0.000066,0.0,1.570796,0.0,0.894197,0.028067,0.0,0.0,0.0,-0.386892,-0.023988,0.005774,0.444498,-0.136359,0.02466,0.184992,0.027748,0.010919,0.369591,-0.048263,-0.022719,0.076315,0.174482,0.0,-0.005005,0.0,0.0,0.0,-0.193835,-0.174482,0.0,-0.068931,0.0,0.0,0.0,-0.0,0.0,-0.0,0.0,-0.0,0.0,-0.0,0.0,-0.0,0.0,0.0,0.0,0.000182,0.0,0.000061,-0.0,-0.000061,0.0,-0.000182,0.0,0.0,0.0,0.029635,
0.0,0.351199,0.863844,-0.000066,0.0,1.570796,0.0,0.894209,0.028074,0.0,0.0,0.0,-0.380308,-0.023988,0.005628,0.448291,-0.134542,0.02466,0.188395,0.028151,0.012073,0.38044,-0.026741,-0.022059,0.076498,0.174482,0.0,-0.005005,0.0,0.0,0.0,-0.18885,-0.174482,0.0,-0.066861,-0.0,0.0,0.0,0.0,0.0,-0.0,0.0,0.0,0.0,-0.0,0.0,-0.0,0.0,-0.0,0.0,0.000182,0.0,0.000061,0.0,-0.000061,0.0,-0.000182,0.0,-0.0,0.0,0.028261,
0.0,0.360141,0.864125,-0.000066,0.0,1.570796,0.0,0.894201,0.028074,0.0,0.0,0.0,-0.373724,-0.023988,0.005481,0.452084,-0.132725,0.02466,0.191797,0.028554,0.013227,0.39129,-0.005221,-0.0214,0.076681,0.174482,0.0,-0.005005,0.0,0.0,0.0,-0.183865,-0.174482,0.0,-0.06479,0.0,0.0,0.0,0.0,0.0,-0.0,0.0,0.0,0.0,-0.0,0.0,0.0,0.0,0.0,0.0,0.000182,0.0,0.000061,0.0,-0.000061,0.0,-0.000182,0.0,0.0,0.0,0.026888,
0.0,0.36893,0.864484,-0.000066,0.0,1.570796,0.0,0.878862,0.035962,0.0,0.0,0.0,-0.367224,-0.024049,0.005359,0.456207,-0.131997,0.02466,0.180907,0.029579,0.014685,0.429052,0.014074,-0.02007,0.074605,0.174482,0.0,-0.005005,0.0,0.0,0.0,-0.180414,-0.174482,0.0,-0.062793,0.0,0.0,0.0,0.0,0.0,0.0,0.0,-0.0,0.0,0.0,0.0,0.0,0.0,0.0,0.0,0.000182,0.0,0.000061,0.0,-0.000061,0.0,-0.000182,0.0,0.0,0.0,0.025966,
0.0,0.377642,0.864883,-0.000066,0.0,1.570796,0.0,0.871202,0.039914,0.0,0.0,0.0,-0.360765,-0.024141,0.005249,0.460495,-0.131813,0.02466,0.162864,0.030916,0.016297,0.480328,0.032261,-0.018403,0.071399,0.174482,0.0,-0.005005,0.0,0.0,0.0,-0.17773,-0.174482,0.0,-0.060833,0.0,0.0,0.0,-0.0,0.0,-0.0,0.0,0.0,0.0,0.0,0.0,0.0,0.0,0.0,0.0,0.000182,0.0,0.000061,0.0,-0.000061,0.0,-0.000182,0.0,0.0,0.0,0.02527,
0.0,0.386354,0.865283,-0.000066,0.0,1.570796,0.0,0.871182,0.039921,0.0,0.0,0.0,-0.354306,-0.024232,0.005139,0.464783,-0.13163,0.02466,0.144821,0.032253,0.017908,0.531603,0.050448,-0.016737,0.068192,0.174482,-0.0,-0.005005,0.0,0.0,0.0,-0.175046,-0.174482,0.0,-0.058873,0.0,0.0,0.0,0.0,0.0,0.0,0.0,0.0,0.0,-0.0,0.0,0.0,0.0,0.0,0.0,0.000182,0.0,0.000061,0.0,-0.000061,0.0,-0.000182,0.0,0.0,0.0,0.024574,
0.0,0.394917,0.865723,-0.000066,0.0,1.570796,0.0,0.856278,0.044063,0.0,0.0,0.0,-0.347345,-0.024293,0.005066,0.468019,-0.132584,0.02466,0.12777,0.033676,0.019569,0.578487,0.074576,-0.014613,0.064028,0.174482,0.0,-0.005005,0.0,0.0,0.0,-0.173152,-0.174482,-0.0,-0.056846,0.0,0.0,0.0,0.0,0.0,-0.0,0.0,0.0,0.0,-0.0,0.0,-0.0,0.0,0.0,0.0,0.000182,0.0,0.000061,0.0,-0.000061,0.0,-0.000182,0.0,0.0,0.0,0.02422,
0.0,0.403181,0.866247,-0.000066,0.0,1.570796,0.0,0.826447,0.052385,0.0,0.0,0.0,-0.339377,-0.024293,0.005066,0.469149,-0.135814,0.02466,0.112695,0.035269,0.021327,0.616701,0.110614,-0.011573,0.057946,0.174482,-0.0,-0.005005,0.0,0.0,0.0,-0.17284,-0.174482,0.0,-0.054684,0.0,0.0,0.0,0.0,0.0,-0.0,0.0,-0.0,0.0,-0.0,0.0,-0.0,0.0,0.0,0.0,0.000182,0.0,0.000061,0.0,-0.000061,0.0,-0.000182,0.0,-0.0,0.0,0.02455,
0.0,0.411446,0.866771,-0.000066,0.0,1.570796,0.0,0.826439,0.052385,0.0,0.0,0.0,-0.331408,-0.024293,0.005066,0.470278,-0.139045,0.02466,0.097621,0.036862,0.023085,0.654925,0.14666,-0.008533,0.051864,0.174482,0.0,-0.005005,0.0,0.0,0.0,-0.172528,-0.174482,0.0,-0.052523,0.0,0.0,0.0,0.0,0.0,0.0,0.0,0.0,0.0,-0.0,0.0,0.0,0.0,0.0,0.0,0.000182,0.0,0.000061,0.0,-0.000061,0.0,-0.000182,0.0,-0.0,0.0,0.024879,
0.0,0.41971,0.867295,-0.000066,0.0,1.570796,0.0,0.826435,0.052385,0.0,0.0,0.0,-0.32344,-0.024293,0.005066,0.471408,-0.142275,0.02466,0.082547,0.038456,0.024843,0.69313,0.18269,-0.005494,0.045782,0.174482,0.0,-0.005005,0.0,0.0,0.0,-0.172215,-0.174482,0.0,-0.050361,0.0,0.0,0.0,-0.0,0.0,0.0,0.0,0.0,0.0,0.0,0.0,0.0,0.0,0.0,0.0,0.000182,0.0,0.000061,0.0,-0.000061,0.0,-0.000182,0.0,0.0,0.0,0.025209,
0.0,0.427872,0.867932,-0.000066,0.0,1.570796,0.0,0.816238,0.063698,0.0,0.0,0.0,-0.313121,-0.024293,0.005213,0.468585,-0.149363,0.02466,0.047903,0.039426,0.024129,0.738118,0.214423,-0.003077,0.039721,0.174482,-0.0,-0.005005,0.0,0.0,0.0,-0.171756,-0.174482,0.0,-0.045471,0.0,0.0,0.0,-0.0,0.0,0.0,0.0,0.0,0.0,0.0,0.0,-0.0,0.0,0.0,0.0,0.000182,0.0,0.000061,0.0,-0.000061,0.0,-0.000182,0.0,0.0,0.0,0.025539,
0.0,0.436035,0.868569,-0.000066,0.0,1.570796,0.0,0.816238,0.063706,0.0,0.0,0.0,-0.3028,-0.024293,0.005359,0.465762,-0.156453,0.02466,0.013242,0.040397,0.023414,0.783137,0.246166,-0.000659,0.033659,0.174482,0.0,-0.005005,-0.0,0.0,0.0,-0.171296,-0.174482,0.0,-0.040581,0.0,0.0,0.0,0.0,0.0,-0.0,0.0,-0.0,0.0,-0.0,0.0,0.0,0.0,0.0,0.0,0.000182,0.0,0.000061,0.0,-0.000061,0.0,-0.000182,0.0,0.0,0.0,0.025868,
0.0,0.444197,0.869206,-0.000066,0.0,1.570796,0.0,0.816238,0.063698,0.0,0.0,0.0,-0.29248,-0.024293,0.005506,0.462939,-0.163542,0.02466,-0.021411,0.041368,0.0227,0.828141,0.277904,0.001758,0.027597,0.174482,0.0,-0.005005,0.0,0.0,0.0,-0.170837,-0.174482,0.0,-0.035691,-0.0,-0.0,-0.0,0.0,0.0,-0.0,0.0,-0.0,0.0,-0.0,0.0,0.0,0.0,-0.0,-0.0,0.000182,0.0,0.000061,0.0,-0.000061,0.0,-0.000182,0.0,0.0,0.0,0.026198,
0.0,0.452427,0.869889,-0.000066,0.0,1.570796,0.0,0.823043,0.068307,0.0,0.0,0.0,-0.280627,-0.02422,0.005628,0.457064,-0.169508,0.02466,-0.046895,0.042314,0.022938,0.853945,0.279814,0.002832,0.020034,0.174482,0.0,-0.004334,0.0,0.0,0.0,-0.168736,-0.174482,-0.0,-0.031277,0.0,0.0,0.0,-0.0,0.0,-0.0,0.0,0.0,0.0,0.0,0.0,0.0,0.0,0.0,0.0,0.000182,0.0,0.000061,0.0,-0.000061,0.0,-0.000182,0.0,0.0,0.0,0.02571,
0.0,0.460692,0.870595,-0.000066,0.0,1.570796,0.0,0.826419,0.070596,0.0,0.0,0.0,-0.268007,-0.02411,0.005737,0.449664,-0.174912,0.02466,-0.067802,0.043248,0.023652,0.87016,0.266807,0.003235,0.011721,0.174482,0.0,-0.003327,0.0,0.0,0.0,-0.165815,-0.174482,-0.0,-0.027102,-0.0,0.0,0.0,-0.0,0.0,-0.0,0.0,-0.0,0.0,-0.0,0.0,0.0,0.0,-0.0,0.0,0.000182,0.0,0.000061,0.0,-0.000061,0.0,-0.000182,0.0,0.0,0.0,0.024812,
0.0,0.468956,0.871301,-0.000066,0.0,1.570796,0.0,0.826434,0.070604,0.0,0.0,0.0,-0.255387,-0.024,0.005847,0.442263,-0.180316,0.02466,-0.08871,0.044182,0.024366,0.886375,0.2538,0.003638,0.003407,0.174482,0.0,-0.00232,0.0,0.0,0.0,-0.162893,-0.174482,0.0,-0.022927,0.0,0.0,0.0,-0.0,0.0,-0.0,0.0,0.0,0.0,-0.0,0.0,0.0,0.0,0.0,0.0,0.000182,-0.0,0.000061,0.0,-0.000061,0.0,-0.000182,0.0,-0.0,0.0,0.023915,
0.0,0.477137,0.871996,-0.000066,0.0,1.570796,0.0,0.818133,0.069482,0.0,0.0,0.0,-0.242215,-0.023927,0.005921,0.433679,-0.185115,0.02466,-0.109565,0.044878,0.024776,0.900341,0.238042,0.00362,-0.005224,0.174482,-0.0,-0.003271,-0.0,0.0,0.0,-0.159018,-0.174482,0.0,-0.019343,0.0,0.0,0.0,0.0,0.0,-0.0,0.0,-0.0,0.0,-0.0,0.0,0.0,0.0,0.0,0.0,0.000182,0.0,0.000061,0.0,-0.000061,0.0,-0.000182,0.0,0.0,0.0,0.022548,
0.0,0.485152,0.872668,-0.000066,0.0,1.570796,0.0,0.801501,0.067245,0.0,0.0,0.0,-0.227934,-0.023927,0.005921,0.422727,-0.188701,0.02466,-0.130325,0.045098,0.024574,0.909806,0.216775,0.002759,-0.01449,0.174482,0.0,-0.008142,0.0,0.0,0.0,-0.153233,-0.174482,0.0,-0.016944,0.0,0.0,0.0,0.0,0.0,0.0,0.0,-0.0,0.0,-0.0,0.0,-0.0,0.0,0.0,0.0,0.000182,0.0,0.000061,0.0,-0.000061,0.0,-0.000182,0.0,0.0,0.0,0.020241,
0.0,0.493167,0.873341,-0.000066,0.0,1.570796,0.0,0.801498,0.067238,0.0,0.0,0.0,-0.213653,-0.023927,0.005921,0.411775,-0.192288,0.02466,-0.151086,0.045318,0.024373,0.919272,0.195505,0.001898,-0.023756,0.174482,-0.0,-0.013013,0.0,0.0,0.0,-0.147449,-0.174482,0.0,-0.014546,0.0,0.0,0.0,0.0,0.0,0.0,0.0,0.0,0.0,0.0,0.0,0.0,0.0,0.0,0.0,0.000182,0.0,0.000061,0.0,-0.000061,0.0,-0.000182,0.0,0.0,0.0,0.017933,
0.0,0.501182,0.874013,-0.000066,0.0,1.570796,-0.0,0.801501,0.067245,0.0,0.0,0.0,-0.199374,-0.023927,0.005921,0.400824,-0.195875,0.02466,-0.171845,0.045538,0.024171,0.928738,0.17424,0.001038,-0.033021,0.174482,0.0,-0.017883,-0.0,0.0,0.0,-0.141664,-0.174482,0.0,-0.012147,0.0,0.0,0.0,0.0,0.0,0.0,0.0,0.0,0.0,0.0,0.0,0.0,0.0,0.0,0.0,0.000182,-0.0,0.000061,0.0,-0.000061,0.0,-0.000182,0.0,0.0,0.0,0.015626,
0.0,0.508543,0.874625,-0.000066,0.0,1.570796,0.0,0.736026,0.061191,0.0,0.0,0.0,-0.183494,-0.023872,0.005921,0.385727,-0.19674,0.024602,-0.193292,0.045006,0.023109,0.93202,0.154322,-0.000464,-0.045129,0.174482,0.0,-0.025007,0.0,0.0,0.0,-0.134966,-0.174482,0.0,-0.011377,0.0,-0.0,0.0,-0.0,0.0,-0.0,0.0,-0.0,0.0,-0.0,0.0,-0.0,0.0,0.0,-0.0,0.000182,0.0,0.000061,0.0,-0.000061,0.0,-0.000182,0.0,-0.0,0.0,0.013136,
0.0,0.515903,0.875237,-0.000066,0.0,1.570796,0.0,0.736019,0.061183,0.0,0.0,0.0,-0.167612,-0.023817,0.005921,0.370628,-0.197605,0.024544,-0.214743,0.044475,0.022047,0.935301,0.134403,-0.001965,-0.057237,0.174482,0.0,-0.032131,-0.0,0.0,0.0,-0.128268,-0.174482,0.0,-0.010608,0.0,0.0,0.0,0.0,0.0,-0.0,0.0,0.0,0.0,0.0,0.0,-0.0,0.0,0.0,0.0,0.000182,0.0,0.000061,0.0,-0.000061,0.0,-0.000182,0.0,0.0,0.0,0.010645,
0.0,0.523263,0.875849,-0.000066,0.0,1.570796,0.0,0.736026,0.061191,0.0,0.0,0.0,-0.151732,-0.023762,0.005921,0.35553,-0.19847,0.024486,-0.236193,0.043944,0.020985,0.938583,0.114485,-0.003467,-0.069346,0.174482,0.0,-0.039255,0.0,0.0,0.0,-0.121571,-0.174482,0.0,-0.009839,0.0,0.0,0.0,0.0,0.0,0.0,0.0,0.0,0.0,0.0,0.0,0.0,0.0,0.0,0.0,0.000182,0.0,0.000061,-0.0,-0.000061,0.0,-0.000182,0.0,-0.0,0.0,0.008155,
0.0,0.530925,0.876195,-0.000066,0.0,1.570796,0.0,0.766229,0.034665,0.0,0.0,0.0,-0.135315,-0.023744,0.005921,0.340169,-0.199494,0.024428,-0.257863,0.043157,0.01963,0.93954,0.099048,-0.004919,-0.082327,0.174482,0.0,-0.047027,-0.0,0.0,0.0,-0.113788,-0.174482,0.0,-0.008362,0.0,0.0,0.0,0.0,0.0,0.0,0.0,-0.0,0.0,0.0,0.0,-0.0,0.0,0.0,0.0,0.000182,0.0,0.000061,-0.0,-0.000061,0.0,-0.000182,0.0,-0.0,0.0,0.005543,
0.0,0.538739,0.876409,-0.000066,0.0,1.570796,0.0,0.781336,0.021406,0.0,0.0,0.0,-0.118625,-0.023744,0.005921,0.324675,-0.200599,0.02437,-0.279648,0.042241,0.018128,0.939334,0.085851,-0.006348,-0.095747,0.174482,0.0,-0.055124,0.0,0.0,0.0,-0.105463,-0.174482,0.0,-0.006531,-0.0,0.0,0.0,0.0,0.0,-0.0,0.0,-0.0,0.0,0.0,0.0,0.0,0.0,-0.0,0.0,0.000182,0.0,0.000061,0.0,-0.000061,0.0,-0.000182,0.0,0.0,0.0,0.002869,
0.0,0.546552,0.876623,-0.000066,0.0,1.570796,0.0,0.781359,0.021399,0.0,0.0,0.0,-0.10193,-0.023744,0.005921,0.30918,-0.201703,0.024312,-0.301434,0.041325,0.016627,0.939129,0.072655,-0.007776,-0.109167,0.174482,0.0,-0.06322,0.0,0.0,0.0,-0.097138,-0.174482,0.0,-0.0047,-0.0,0.0,0.0,-0.0,0.0,-0.0,0.0,0.0,0.0,0.0,0.0,0.0,0.0,-0.0,0.0,0.000182,0.0,0.000061,0.0,-0.000061,0.0,-0.000182,0.0,0.0,0.0,0.000196,
0.0,0.554484,0.876685,-0.000066,0.0,1.570796,0.0,0.793197,0.006202,0.0,0.0,0.0,-0.085235,-0.023744,0.005896,0.294015,-0.202973,0.024254,-0.323575,0.040452,0.015223,0.938138,0.061445,-0.009046,-0.122659,0.174482,0.0,-0.071275,0.0,0.0,0.0,-0.088083,-0.174482,0.0,-0.003479,0.0,0.0,0.0,0.0,0.0,0.0,0.0,0.0,0.0,0.0,0.0,0.0,0.0,0.0,0.0,0.000182,0.0,0.000061,0.0,-0.000061,0.0,-0.000182,0.0,-0.0,0.0,-0.002386,
0.0,0.562654,0.876443,-0.000066,0.0,1.570796,0.0,0.816923,-0.024215,0.0,0.0,0.0,-0.06854,-0.023744,0.005823,0.279503,-0.204574,0.024196,-0.346439,0.039665,0.014014,0.935574,0.054209,-0.009998,-0.136298,0.174482,0.0,-0.079247,-0.0,-0.0,-0.0,-0.077565,-0.174482,0.0,-0.003479,0.0,0.0,0.0,0.0,-0.0,0.0,0.0,-0.0,0.0,-0.0,0.0,0.0,-0.0,0.0,0.0,0.000182,0.0,0.000061,0.0,-0.000061,0.0,-0.000182,0.0,0.0,0.0,-0.004785,
0.0,0.570823,0.876201,-0.000066,0.0,1.570796,0.0,0.81693,-0.024215,0.0,0.0,0.0,-0.051848,-0.023744,0.00575,0.264991,-0.206176,0.024138,-0.369304,0.038877,0.012806,0.93301,0.046974,-0.01095,-0.149938,0.174482,-0.0,-0.08722,0.0,0.0,0.0,-0.067047,-0.174482,0.0,-0.003479,-0.0,0.0,0.0,0.0,0.0,0.0,0.0,-0.0,0.0,-0.0,-0.0,-0.0,0.0,-0.0,0.0,0.000182,0.0,0.000061,0.0,-0.000061,0.0,-0.000182,0.0,0.0,0.0,-0.007184,
0.0,0.578992,0.875959,-0.000066,0.0,1.570796,0.0,0.816911,-0.024223,0.0,0.0,0.0,-0.035161,-0.023744,0.005676,0.250481,-0.207777,0.02408,-0.392165,0.03809,0.011597,0.930446,0.039739,-0.011902,-0.163577,0.174482,0.0,-0.095192,-0.0,0.0,0.0,-0.056529,-0.174482,0.0,-0.003479,0.0,0.0,0.0,0.0,0.0,0.0,0.0,0.0,0.0,0.0,0.0,0.0,0.0,0.0,0.0,0.000182,0.0,0.000061,0.0,-0.000061,0.0,-0.000182,0.0,0.0,0.0,-0.009583,
0.0,0.587059,0.8755,-0.000066,0.0,1.570796,0.0,0.806689,-0.045845,0.0,0.0,0.0,-0.01632,-0.023744,0.005539,0.231581,-0.206857,0.024022,-0.41285,0.037467,0.010865,0.922768,0.037705,-0.012506,-0.176725,0.174482,0.0,-0.102362,0.0,0.0,0.0,-0.045944,-0.174482,0.0,-0.003479,-0.0,0.0,0.0,0.0,0.0,0.0,0.0,0.0,0.0,0.0,0.0,0.0,0.0,-0.0,0.0,0.000182,0.0,0.000061,0.0,-0.000061,0.0,-0.000182,0.0,0.0,0.0,-0.010279,
0.0,0.595126,0.875042,-0.000066,0.0,1.570796,0.0,0.806701,-0.045853,0.0,0.0,0.0,0.002525,-0.023744,0.005402,0.212678,-0.205937,0.023964,-0.433537,0.036844,0.010132,0.915088,0.035672,-0.013111,-0.189875,0.174482,0.0,-0.109532,0.0,0.0,0.0,-0.035357,-0.174482,-0.0,-0.003479,0.0,0.0,0.0,0.0,0.0,-0.0,0.0,-0.0,0.0,0.0,0.0,-0.0,0.0,0.0,0.0,0.000182,0.0,0.000061,0.0,-0.000061,0.0,-0.000182,0.0,0.0,0.0,-0.010974,
0.0,0.603193,0.874583,-0.000066,0.0,1.570796,0.0,0.806689,-0.045853,0.0,0.0,0.0,0.021368,-0.023744,0.005264,0.193777,-0.205016,0.023906,-0.454223,0.036221,0.0094,0.907409,0.033639,-0.013715,-0.203025,0.174482,0.0,-0.116702,-0.0,0.0,0.0,-0.024771,-0.174482,0.0,-0.003479,0.0,0.0,0.0,0.0,0.0,0.0,0.0,0.0,0.0,0.0,0.0,0.0,0.0,0.0,0.0,0.000182,0.0,0.000061,0.0,-0.000061,0.0,-0.000182,0.0,0.0,0.0,-0.01167,
0.0,0.611566,0.873949,-0.000066,0.0,1.570796,0.0,0.837342,-0.063421,0.0,0.0,0.0,0.037222,-0.023744,0.005127,0.181387,-0.205372,0.023848,-0.468936,0.035538,0.008765,0.892777,0.029519,-0.014411,-0.215996,0.174482,0.0,-0.123655,-0.0,0.0,0.0,-0.01426,-0.174482,0.0,-0.003479,0.0,0.0,0.0,0.0,0.0,-0.0,0.0,0.0,0.0,0.0,0.0,-0.0,0.0,0.0,0.0,0.000182,0.0,0.000061,0.0,-0.000061,0.0,-0.000182,0.0,0.0,0.0,-0.011988,
0.0,0.620093,0.873227,-0.000066,0.0,1.570796,0.0,0.852677,-0.072209,0.0,0.0,0.0,0.051584,-0.023744,0.00499,0.172252,-0.206366,0.02379,-0.480663,0.034823,0.008179,0.874664,0.024355,-0.015152,-0.228881,0.174482,0.0,-0.130499,0.0,0.0,0.0,-0.003786,-0.174482,0.0,-0.003479,0.0,0.0,0.0,0.0,0.0,0.0,0.0,-0.0,0.0,0.0,0.0,-0.0,0.0,0.0,0.0,0.000182,0.0,0.000061,0.0,-0.000061,0.0,-0.000182,0.0,-0.0,0.0,-0.012116,
0.0,0.62862,0.872505,-0.000066,0.0,1.570796,0.0,0.852677,-0.072201,0.0,0.0,0.0,0.065945,-0.023744,0.004852,0.163117,-0.20736,0.023732,-0.49239,0.034109,0.007593,0.856551,0.019191,-0.015894,-0.241765,0.174482,0.0,-0.137344,0.0,-0.0,-0.0,0.006688,-0.174482,0.0,-0.003479,0.0,0.0,0.0,-0.0,-0.0,0.0,0.0,0.0,0.0,0.0,0.0,0.0,0.0,0.0,0.0,0.000182,0.0,0.000061,0.0,-0.000061,0.0,-0.000182,0.0,0.0,0.0,-0.012244,
0.0,0.637241,0.871713,-0.000066,0.0,1.570796,0.0,0.862142,-0.07925,0.0,0.0,0.0,0.079735,-0.023744,0.004724,0.155295,-0.209005,0.023674,-0.50246,0.033395,0.007068,0.835233,0.013954,-0.016636,-0.254179,0.174482,0.0,-0.143988,-0.0,-0.0,-0.0,0.016979,-0.174482,0.0,-0.003479,0.0,0.0,0.0,0.0,-0.0,-0.0,0.0,-0.0,0.0,0.0,0.0,0.0,0.0,0.0,0.0,0.000182,0.0,0.000061,0.0,-0.000061,0.0,-0.000182,0.0,0.0,0.0,-0.01233,
0.0,0.646052,0.870779,-0.000066,0.0,1.570796,-0.0,0.881071,-0.093348,0.0,0.0,0.0,0.092385,-0.023744,0.004614,0.150099,-0.211951,0.023616,-0.509217,0.032681,0.006665,0.807487,0.008571,-0.017377,-0.265654,0.174482,-0.0,-0.150232,-0.0,-0.0,-0.0,0.026905,-0.174482,0.0,-0.003479,-0.0,0.0,0.0,0.0,-0.0,-0.0,0.0,0.0,0.0,-0.0,0.0,0.0,0.0,-0.0,0.0,0.000182,0.0,0.000061,0.0,-0.000061,0.0,-0.000182,0.0,0.0,0.0,-0.01233,
0.0,0.654863,0.869846,-0.000066,0.0,1.570796,0.0,0.881087,-0.093348,0.0,0.0,0.0,0.105035,-0.023744,0.004505,0.144902,-0.214897,0.023558,-0.515974,0.031967,0.006262,0.779737,0.003187,-0.018119,-0.27713,0.174482,0.0,-0.156476,0.0,0.0,0.0,0.036832,-0.174482,0.0,-0.003479,0.0,0.0,0.0,0.0,0.0,-0.0,0.0,-0.0,0.0,-0.0,0.0,-0.0,0.0,0.0,0.0,0.000182,0.0,0.000061,0.0,-0.000061,0.0,-0.000182,0.0,0.0,0.0,-0.01233,
0.0,0.663673,0.868912,-0.000066,0.0,1.570796,0.0,0.881056,-0.093341,0.0,0.0,0.0,0.117684,-0.023744,0.004395,0.139706,-0.217844,0.0235,-0.522731,0.031252,0.00586,0.751995,-0.002197,-0.018861,-0.288605,0.174482,0.0,-0.16272,-0.0,0.0,0.0,0.046757,-0.174482,0.0,-0.003479,0.0,0.0,0.0,0.0,0.0,-0.0,0.0,0.0,0.0,-0.0,0.0,-0.0,0.0,0.0,0.0,0.000182,0.0,0.000061,0.0,-0.000061,0.0,-0.000182,0.0,0.0,0.0,-0.01233,
0.0,0.672696,0.867847,-0.000066,0.0,1.570796,0.0,0.902267,-0.106538,0.0,0.0,0.0,0.127889,-0.023744,0.00423,0.139779,-0.223225,0.0235,-0.525178,0.030611,0.005548,0.718049,-0.008789,-0.019502,-0.296922,0.174482,0.0,-0.167774,0.0,0.0,0.0,0.055917,-0.174482,0.0,-0.003479,0.0,0.0,0.0,-0.0,0.0,0.0,0.0,0.0,-0.0,0.0,0.0,0.0,-0.0,0.0,0.0,0.000182,0.0,0.000061,0.0,-0.000061,0.0,-0.000182,0.0,0.0,0.0,-0.013044,
0.0,0.681719,0.866781,-0.000066,0.0,1.570796,0.0,0.902259,-0.106538,0.0,0.0,0.0,0.138093,-0.023744,0.004065,0.139852,-0.228606,0.0235,-0.527624,0.02997,0.005237,0.684089,-0.015381,-0.020142,-0.305239,0.174482,0.0,-0.172828,0.0,0.0,0.0,0.065077,-0.174482,0.0,-0.003479,0.0,0.0,0.0,0.0,0.0,0.0,0.0,0.0,0.0,0.0,0.0,-0.0,0.0,0.0,0.0,0.000182,0.0,0.000061,0.0,-0.000061,0.0,-0.000182,0.0,-0.0,0.0,-0.013758,
0.0,0.690741,0.865716,-0.000066,0.0,1.570796,0.0,0.902259,-0.106546,0.0,0.0,0.0,0.148298,-0.023744,0.0039,0.139926,-0.233988,0.0235,-0.530071,0.029329,0.004926,0.650135,-0.021973,-0.020783,-0.313556,0.174482,0.0,-0.177882,0.0,0.0,0.0,0.074237,-0.174482,0.0,-0.003479,0.0,0.0,0.0,-0.0,0.0,0.0,0.0,-0.0,-0.0,-0.0,0.0,-0.0,0.0,0.0,0.0,0.000182,0.0,0.000061,0.0,-0.000061,0.0,-0.000182,0.0,0.0,0.0,-0.014472,
0.0,0.700448,0.864664,-0.000066,0.0,1.570796,0.0,0.970733,-0.105244,0.0,0.0,0.0,0.159221,-0.023799,0.003455,0.140048,-0.239865,0.0235,-0.530381,0.028786,0.00459,0.617367,-0.031361,-0.021351,-0.319805,0.174482,0.0,-0.182289,0.0,0.0,0.0,0.083095,-0.174482,0.0,-0.003479,0.0,0.0,0.0,0.0,0.0,-0.0,0.0,0.0,0.0,0.0,0.0,0.0,0.0,0.0,0.0,0.000182,0.0,0.000061,0.0,-0.000061,0.0,-0.000182,0.0,0.0,0.0,-0.015491,
0.0,0.710498,0.863618,-0.000066,0.0,1.570796,0.0,1.004996,-0.104593,0.0,0.0,0.0,0.170506,-0.023881,0.002869,0.140195,-0.245991,0.0235,-0.529622,0.028292,0.004242,0.585173,-0.042149,-0.021882,-0.325019,0.174482,0.0,-0.186372,-0.0,0.0,0.0,0.091802,-0.174482,0.0,-0.003479,0.0,0.0,0.0,0.0,0.0,-0.0,0.0,-0.0,0.0,0.0,0.0,0.0,0.0,0.0,0.0,0.000182,0.0,0.000061,0.0,-0.000061,0.0,-0.000182,0.0,-0.0,0.0,-0.016663,
0.0,0.720548,0.862572,-0.000066,0.0,1.570796,0.0,1.005004,-0.104601,0.0,0.0,0.0,0.18179,-0.023964,0.002283,0.140342,-0.252116,0.0235,-0.528863,0.027797,0.003894,0.552979,-0.052937,-0.022413,-0.330233,0.174482,0.0,-0.190455,0.0,0.0,0.0,0.10051,-0.174482,0.0,-0.003479,0.0,0.0,0.0,0.0,0.0,0.0,0.0,0.0,0.0,0.0,0.0,0.0,0.0,0.0,0.0,0.000182,0.0,0.000061,0.0,-0.000061,0.0,-0.000182,0.0,-0.0,0.0,-0.017835,
0.0,0.730873,0.861592,-0.000066,0.0,1.570796,0.0,1.032454,-0.097954,0.0,0.0,0.0,0.193301,-0.024046,0.001483,0.140537,-0.258041,0.023579,-0.527839,0.027364,0.003559,0.524014,-0.06413,-0.022877,-0.334155,0.174482,-0.0,-0.193993,0.0,0.0,0.0,0.108999,-0.174482,-0.0,-0.003479,0.0,0.0,0.0,0.0,0.0,0.0,0.0,-0.0,0.0,-0.0,0.0,-0.0,0.0,0.0,0.0,0.000182,0.0,0.000061,0.0,-0.000061,0.0,-0.000182,0.0,0.0,0.0,-0.019129,
0.0,0.741747,0.860745,-0.000066,0.0,1.570796,0.0,1.087423,-0.084668,0.0,0.0,0.0,0.205269,-0.024128,0.000257,0.140831,-0.263565,0.023817,-0.526284,0.027052,0.003247,0.501483,-0.076133,-0.023207,-0.335492,0.174482,0.0,-0.19644,0.0,0.0,0.0,0.117052,-0.174482,0.0,-0.003479,0.0,0.0,0.0,-0.0,0.0,0.0,0.0,0.0,0.0,0.0,0.0,-0.0,0.0,0.0,0.0,0.000182,0.0,0.000061,0.0,-0.000061,0.0,-0.000182,0.0,0.0,0.0,-0.020667,
0.0,0.752621,0.859899,-0.000066,0.0,1.570796,0.0,1.087415,-0.084668,0.0,0.0,0.0,0.217238,-0.024211,-0.00097,0.141125,-0.269089,0.024055,-0.524729,0.026741,0.002936,0.478951,-0.088137,-0.023536,-0.33683,0.174482,-0.0,-0.198887,0.0,0.0,0.0,0.125105,-0.174482,0.0,-0.003479,0.0,0.0,0.0,0.0,0.0,-0.0,0.0,-0.0,0.0,0.0,0.0,0.0,0.0,0.0,0.0,0.000182,0.0,0.000061,0.0,-0.000061,0.0,-0.000182,-0.0,0.0,0.0,-0.022205,
0.0,0.763496,0.859052,-0.000066,0.0,1.570796,0.0,1.087415,-0.08466,0.0,0.0,0.0,0.229205,-0.024293,-0.002197,0.141418,-0.274612,0.024293,-0.523174,0.02643,0.002625,0.456422,-0.100141,-0.023866,-0.338167,0.174482,-0.0,-0.201334,0.0,0.0,0.0,0.133158,-0.174482,0.0,-0.003479,0.0,0.0,0.0,0.0,0.0,0.0,0.0,0.0,0.0,0.0,0.0,0.0,0.0,0.0,0.0,0.000182,0.0,0.000061,0.0,-0.000061,0.0,-0.000182,0.0,0.0,0.0,-0.023744,
0.0,0.77483,0.858722,-0.000066,0.0,1.570796,0.0,1.133471,-0.032975,0.0,0.0,0.0,0.241053,-0.02444,-0.004211,0.141822,-0.276369,0.024678,-0.518346,0.026283,0.002515,0.441686,-0.106854,-0.023994,-0.334937,0.174482,0.0,-0.200194,0.0,0.0,0.0,0.1412,-0.174482,0.0,-0.003479,0.0,0.0,0.0,-0.0,0.0,-0.0,0.0,0.0,0.0,0.0,0.0,-0.0,0.0,0.0,0.0,0.000182,0.0,0.000061,0.0,-0.000061,0.0,-0.000182,0.0,-0.0,0.0,-0.02541,
0.0,0.786164,0.858393,-0.000066,0.0,1.570796,0.0,1.13341,-0.03296,0.0,0.0,0.0,0.2529,-0.024586,-0.006225,0.142226,-0.278126,0.025062,-0.513517,0.026137,0.002405,0.426951,-0.113566,-0.024122,-0.331706,0.174482,0.0,-0.199053,0.0,0.0,0.0,0.149242,-0.174482,-0.0,-0.003479,0.0,-0.0,-0.0,0.0,0.0,-0.0,0.0,0.0,0.0,-0.0,0.0,-0.0,0.0,0.0,-0.0,0.000182,0.0,0.000061,0.0,-0.000061,-0.0,-0.000182,0.0,-0.0,0.0,-0.027077,
0.0,0.797499,0.858063,-0.000066,0.0,1.570796,0.0,1.133432,-0.032968,0.0,0.0,0.0,0.264748,-0.024732,-0.00824,0.14263,-0.279882,0.025447,-0.508689,0.02599,0.002295,0.412216,-0.120278,-0.024251,-0.328475,0.174482,-0.0,-0.197912,0.0,0.0,0.0,0.157284,-0.174482,-0.0,-0.003479,0.0,0.0,0.0,0.0,0.0,0.0,-0.0,0.0,0.0,-0.0,0.0,-0.0,0.0,0.0,0.0,0.000182,0.0,0.000061,0.0,-0.000061,-0.0,-0.000182,0.0,0.0,0.0,-0.028743,
0.0,0.80953,0.857939,-0.000066,0.0,1.570796,0.0,1.203141,-0.012387,0.0,0.0,0.0,0.276703,-0.024867,-0.01012,0.142936,-0.274176,0.025758,-0.502521,0.025941,0.002319,0.404998,-0.120536,-0.024293,-0.323109,0.174482,0.0,-0.196023,-0.0,0.0,0.0,0.164841,-0.174482,-0.0,-0.003479,0.0,0.0,0.0,0.0,0.0,-0.0,0.0,-0.0,0.0,0.0,-0.0,0.0,0.0,0.0,0.0,0.000182,0.0,0.000061,0.0,-0.000061,0.0,-0.000182,0.0,0.0,0.0,-0.030458,
0.0,0.82191,0.857918,-0.000066,0.0,1.570796,0.0,1.237991,-0.002085,0.0,0.0,0.0,0.288712,-0.024995,-0.011933,0.143193,-0.264737,0.026033,-0.495684,0.025941,0.002411,0.401541,-0.117565,-0.024293,-0.316675,0.174482,0.0,-0.19376,0.0,0.0,0.0,0.172156,-0.174482,0.0,-0.003479,0.0,0.0,0.0,-0.0,0.0,0.0,0.0,0.0,-0.0,0.0,0.0,0.0,0.0,0.0,0.0,0.000182,0.0,0.000061,0.0,-0.000061,0.0,-0.000182,0.0,0.0,0.0,-0.032198,
0.0,0.83429,0.857897,-0.000066,0.0,1.570796,0.0,1.237999,-0.002092,0.0,0.0,0.0,0.300722,-0.025123,-0.013745,0.14345,-0.255297,0.026308,-0.488846,0.025941,0.002503,0.398084,-0.114593,-0.024293,-0.31024,0.174482,0.0,-0.191498,0.0,0.0,0.0,0.179471,-0.174482,0.0,-0.003479,0.0,0.0,0.0,0.0,0.0,0.0,0.0,-0.0,0.0,-0.0,0.0,-0.0,0.0,0.0,0.0,0.000182,0.0,0.000061,0.0,-0.000061,0.0,-0.000182,0.0,0.0,0.0,-0.033938,
0.0,0.846751,0.857961,-0.000066,0.0,1.570796,0.0,1.246147,0.006331,0.0,0.0,0.0,0.312192,-0.025257,-0.015497,0.14367,-0.241126,0.026454,-0.482034,0.025972,0.002661,0.396227,-0.109338,-0.024245,-0.303107,0.174482,-0.0,-0.189112,0.0,0.0,0.0,0.185979,-0.174482,0.0,-0.003479,0.0,0.0,0.0,0.0,0.0,0.0,-0.0,0.0,0.0,0.0,0.0,0.0,0.0,0.0,0.0,0.000182,0.0,0.000061,0.0,-0.000061,0.0,-0.000182,0.0,-0.0,0.0,-0.035568,
0.0,0.859376,0.858193,-0.000066,0.0,1.570796,0.0,1.262411,0.023185,0.0,0.0,0.0,0.322584,-0.025403,-0.017127,0.143817,-0.217483,0.026344,-0.475272,0.026064,0.002954,0.397572,-0.099512,-0.024098,-0.294575,0.174482,-0.0,-0.186483,-0.0,0.0,0.0,0.190872,-0.174482,0.0,-0.003479,0.0,0.0,0.0,0.0,0.0,0.0,0.0,0.0,0.0,-0.0,0.0,0.0,0.0,0.0,0.0,0.000182,0.0,0.000061,0.0,-0.000061,0.0,-0.000182,0.0,0.0,0.0,-0.036978,
0.0,0.872,0.858424,-0.000066,0.0,1.570796,0.0,1.262411,0.023185,0.0,0.0,0.0,0.332976,-0.02555,-0.018757,0.143964,-0.193838,0.026234,-0.46851,0.026155,0.003247,0.398917,-0.089685,-0.023952,-0.286043,0.174482,0.0,-0.183853,-0.0,0.0,0.0,0.195766,-0.174482,0.0,-0.003479,0.0,0.0,0.0,0.0,0.0,0.0,-0.0,0.0,0.0,0.0,0.0,0.0,0.0,0.0,0.0,0.000182,0.0,0.000061,0.0,-0.000061,0.0,-0.000182,0.0,0.0,0.0,-0.038388,
0.0,0.884624,0.858656,-0.000066,0.0,1.570796,0.0,1.262434,0.023193,0.0,0.0,0.0,0.343368,-0.025696,-0.020386,0.144111,-0.170197,0.026125,-0.461748,0.026247,0.00354,0.400262,-0.079859,-0.023805,-0.277511,0.174482,0.0,-0.181223,0.0,0.0,0.0,0.200659,-0.174482,0.0,-0.003479,-0.0,0.0,0.0,0.0,0.0,-0.0,0.0,-0.0,0.0,0.0,0.0,-0.0,0.0,-0.0,0.0,0.000182,0.0,0.000061,0.0,-0.000061,0.0,-0.000182,0.0,0.0,0.0,-0.039799,
0.0,0.895527,0.859005,-0.000066,0.0,1.570796,0.0,1.090261,0.034885,0.0,0.0,0.0,0.351071,-0.025696,-0.019874,0.143799,-0.135042,0.025465,-0.455172,0.026357,0.003961,0.401215,-0.064619,-0.023549,-0.269235,0.174482,0.0,-0.179734,0.0,0.0,0.0,0.199188,-0.174482,0.0,-0.003479,0.0,0.0,0.0,-0.0,0.0,-0.0,0.0,0.0,-0.0,-0.0,-0.0,-0.0,0.0,0.0,0.0,0.000182,0.0,0.000061,0.0,-0.000061,0.0,-0.000182,0.0,-0.0,0.0,-0.039469,
0.0,0.906429,0.859354,-0.000066,0.0,1.570796,0.0,1.090207,0.034885,0.0,0.0,0.0,0.358774,-0.025697,-0.019361,0.143487,-0.099872,0.024806,-0.448597,0.026466,0.004382,0.402168,-0.049378,-0.023292,-0.26096,0.174482,-0.0,-0.178245,0.0,0.0,0.0,0.197716,-0.174482,0.0,-0.003479,0.0,0.0,0.0,0.0,0.0,0.0,0.0,0.0,0.0,0.0,0.0,-0.0,0.0,0.0,0.0,0.000182,0.0,0.000061,-0.0,-0.000061,0.0,-0.000182,0.0,0.0,0.0,-0.039139,
0.0,0.917331,0.859703,-0.000066,0.0,1.570796,0.0,1.090253,0.034893,0.0,0.0,0.0,0.366476,-0.025697,-0.018849,0.143175,-0.064708,0.024147,-0.442022,0.026576,0.004804,0.403121,-0.034137,-0.023036,-0.252685,0.174482,0.0,-0.176755,0.0,0.0,0.0,0.196244,-0.174482,0.0,-0.003479,0.0,0.0,0.0,0.0,0.0,0.0,0.0,0.0,-0.0,0.0,0.0,0.0,0.0,0.0,0.0,0.000182,0.0,0.000061,0.0,-0.000061,0.0,-0.000182,0.0,0.0,0.0,-0.03881,
0.0,0.928021,0.860188,-0.000066,0.0,1.570796,0.0,1.068928,0.048472,0.0,0.0,0.0,0.362871,-0.025599,-0.015663,0.163755,-0.030203,0.023732,-0.436144,0.026686,0.005054,0.408665,-0.026443,-0.022865,-0.244149,0.174482,0.0,-0.174764,0.0,0.0,0.0,0.192039,-0.174482,0.0,-0.003479,0.0,0.0,0.0,0.0,0.0,-0.0,0.0,-0.0,0.0,-0.0,0.0,-0.0,0.0,0.0,0.0,0.000182,0.0,0.000061,0.0,-0.000061,0.0,-0.000182,0.0,0.0,0.0,-0.038505,
0.0,0.938603,0.86074,-0.000066,0.0,1.570796,0.0,1.058277,0.055269,0.0,0.0,0.0,0.353608,-0.025453,-0.01114,0.194802,0.003994,0.023439,-0.430614,0.026796,0.005219,0.416507,-0.022524,-0.022737,-0.235483,0.174482,0.0,-0.172522,-0.0,-0.0,-0.0,0.186466,-0.174482,0.0,-0.003479,0.0,0.0,0.0,0.0,-0.0,0.0,0.0,0.0,0.0,0.0,0.0,0.0,0.0,0.0,0.0,0.000182,0.0,0.000061,-0.0,-0.000061,0.0,-0.000182,0.0,0.0,0.0,-0.038212,
0.0,0.949186,0.861293,-0.000066,0.0,1.570796,0.0,1.058254,0.055269,0.0,0.0,0.0,0.344344,-0.025307,-0.006617,0.225847,0.038191,0.023146,-0.425085,0.026906,0.005383,0.424349,-0.018605,-0.022609,-0.226816,0.174482,-0.0,-0.17028,0.0,0.0,0.0,0.180894,-0.174482,0.0,-0.003479,0.0,0.0,0.0,-0.0,0.0,0.0,0.0,0.0,0.0,-0.0,0.0,0.0,0.0,0.0,0.0,0.000182,0.0,0.000061,0.0,-0.000061,0.0,-0.000182,0.0,0.0,0.0,-0.037919,
0.0,0.959597,0.861914,-0.000066,0.0,1.570796,0.0,1.041111,0.062126,0.0,0.0,0.0,0.318908,-0.025587,-0.003778,0.283101,0.067013,0.022444,-0.418657,0.026979,0.005493,0.43084,-0.016742,-0.022523,-0.218106,0.174482,0.0,-0.167566,-0.0,0.0,0.0,0.174228,-0.174482,0.0,-0.003479,0.0,0.0,-0.0,0.0,0.0,0.0,-0.0,0.0,0.0,-0.0,0.0,-0.0,0.0,0.0,0.0,0.000182,0.0,0.000061,0.0,-0.000061,0.0,-0.000182,0.0,0.0,0.0,-0.037754,
0.0,0.969664,0.862673,-0.000066,0.0,1.570796,0.0,1.006732,0.075857,0.0,0.0,0.0,0.261033,-0.026723,-0.004309,0.393328,0.085106,0.020924,-0.410429,0.026979,0.005493,0.434629,-0.018995,-0.022523,-0.209306,0.174482,-0.0,-0.16391,0.0,0.0,0.0,0.165372,-0.174482,-0.0,-0.003479,0.0,-0.0,-0.0,-0.0,0.0,0.0,0.0,0.0,0.0,0.0,0.0,-0.0,0.0,0.0,-0.0,0.000182,-0.0,0.000061,0.0,-0.000061,0.0,-0.000182,0.0,0.0,0.0,-0.037845,
0.0,0.979731,0.863432,-0.000066,0.0,1.570796,-0.0,1.006709,0.075857,0.0,0.0,0.0,0.203126,-0.027858,-0.00484,0.503775,0.103199,0.019404,-0.402202,0.026979,0.005493,0.438417,-0.021247,-0.022523,-0.200506,0.174482,0.0,-0.160254,0.0,0.0,0.0,0.156517,-0.174482,0.0,-0.003479,0.0,0.0,0.0,-0.0,0.0,0.0,0.0,0.0,0.0,0.0,0.0,0.0,0.0,0.0,0.0,0.000182,0.0,0.000061,0.0,-0.000061,0.0,-0.000182,0.0,-0.0,0.0,-0.037937,
0.0,0.989799,0.86419,-0.000066,0.0,1.570796,0.0,1.006739,0.075857,0.0,0.0,0.0,0.145283,-0.028993,-0.005371,0.613779,0.121291,0.017884,-0.393975,0.026979,0.005493,0.442206,-0.023499,-0.022523,-0.191707,0.174482,-0.0,-0.156598,-0.0,0.0,0.0,0.147662,-0.174482,-0.0,-0.003479,0.0,0.0,0.0,0.0,0.0,0.0,0.0,0.0,0.0,0.0,0.0,0.0,0.0,0.0,0.0,0.000182,0.0,0.000061,0.0,-0.000061,0.0,-0.000182,0.0,0.0,0.0,-0.038028,
0.0,0.999149,0.865135,-0.000066,0.0,1.570796,0.0,0.935022,0.094537,0.0,0.0,0.0,0.101709,-0.030697,-0.006763,0.677368,0.167418,0.014534,-0.382959,0.026979,0.005383,0.440462,-0.031099,-0.022665,-0.182185,0.174482,-0.0,-0.151255,-0.0,0.0,-0.0,0.137276,-0.174482,0.0,-0.003479,0.0,0.0,0.0,0.0,0.0,0.0,0.0,0.0,0.0,0.0,0.0,0.0,0.0,0.0,0.0,0.000182,0.0,0.000061,0.0,-0.000061,-0.0,-0.000182,0.0,0.0,0.0,-0.038157,
0.0,1.008499,0.866081,-0.000066,0.0,1.570796,-0.0,0.934968,0.094529,0.0,0.0,0.0,0.058111,-0.0324,-0.008154,0.741032,0.21358,0.011183,-0.371944,0.026979,0.005274,0.438717,-0.038699,-0.022807,-0.172663,0.174482,0.0,-0.145913,0.0,0.0,0.0,0.12689,-0.174482,0.0,-0.003479,0.0,0.0,0.0,0.0,0.0,0.0,0.0,0.0,0.0,0.0,0.0,0.0,0.0,0.0,0.0,0.000182,0.0,0.000061,0.0,-0.000061,0.0,-0.000182,0.0,0.0,0.0,-0.038285,
0.0,1.017849,0.867026,-0.000066,0.0,1.570796,0.0,0.935022,0.094537,0.0,0.0,0.0,0.014526,-0.034103,-0.009546,0.804658,0.259728,0.007832,-0.360928,0.026979,0.005164,0.436972,-0.0463,-0.022949,-0.163141,0.174482,0.0,-0.140569,-0.0,0.0,0.0,0.116503,-0.174482,0.0,-0.003479,0.0,0.0,0.0,0.0,0.0,0.0,0.0,0.0,0.0,0.0,0.0,0.0,0.0,0.0,0.0,0.000182,0.0,0.000061,0.0,-0.000061,0.0,-0.000182,0.0,-0.0,0.0,-0.038413,
0.0,1.027118,0.868045,-0.000066,0.0,1.570796,0.0,0.926957,0.101906,0.0,0.0,0.0,-0.020313,-0.035159,-0.01001,0.84651,0.280285,0.005957,-0.349133,0.026914,0.005005,0.433792,-0.055245,-0.023091,-0.153884,0.174482,0.0,-0.134226,-0.0,0.0,0.0,0.104329,-0.174482,-0.0,-0.003479,-0.0,0.0,0.0,0.0,0.0,0.0,0.0,-0.0,0.0,-0.0,-0.0,0.0,0.0,-0.0,0.0,0.000182,0.0,0.000061,0.0,-0.000061,0.0,-0.000182,0.0,-0.0,0.0,-0.037943,
0.0,1.036347,0.869101,-0.000066,0.0,1.570796,0.0,0.922898,0.105599,0.0,0.0,0.0,-0.050799,-0.035892,-0.01001,0.877525,0.288057,0.004822,-0.336948,0.026816,0.004822,0.429893,-0.064864,-0.023233,-0.144759,0.174482,0.0,-0.127382,-0.0,0.0,0.0,0.091259,-0.174482,0.0,-0.003479,0.0,0.0,0.0,0.0,0.0,-0.0,0.0,-0.0,0.0,-0.0,0.0,-0.0,-0.0,0.0,0.0,0.000182,0.0,0.000061,0.0,-0.000061,0.0,-0.000182,0.0,0.0,0.0,-0.037174,
0.0,1.045577,0.870157,-0.000066,0.0,1.570796,0.0,0.922921,0.105591,0.0,0.0,0.0,-0.081287,-0.036624,-0.01001,0.908542,0.295828,0.003687,-0.324763,0.026719,0.004639,0.425995,-0.074482,-0.023375,-0.135635,0.174482,-0.0,-0.120538,0.0,0.0,0.0,0.078189,-0.174482,0.0,-0.003479,-0.0,0.0,0.0,0.0,0.0,0.0,0.0,0.0,0.0,-0.0,0.0,0.0,0.0,-0.0,0.0,0.000182,0.0,0.000061,0.0,-0.000061,0.0,-0.000182,0.0,0.0,0.0,-0.036405,
0.0,1.054677,0.871209,-0.000066,0.0,1.570796,0.0,0.91005,0.105178,0.0,0.0,0.0,-0.109633,-0.037064,-0.009736,0.933926,0.296753,0.003149,-0.312013,0.026621,0.004474,0.420747,-0.083541,-0.023517,-0.126843,0.174482,0.0,-0.113451,0.0,0.0,0.0,0.064269,-0.174482,0.0,-0.003479,0.0,0.0,0.0,0.0,0.0,-0.0,0.0,-0.0,0.0,-0.0,-0.0,0.0,0.0,0.0,0.0,0.000182,0.0,0.000061,0.0,-0.000061,0.0,-0.000182,0.0,0.0,0.0,-0.035263,
0.0,1.06352,0.872252,-0.000066,0.0,1.570796,0.0,0.88424,0.104337,0.0,0.0,0.0,-0.133719,-0.036917,-0.008912,0.948062,0.283975,0.003809,-0.29813,0.026523,0.004346,0.412798,-0.091478,-0.023658,-0.118717,0.174482,-0.0,-0.105879,0.0,0.0,0.0,0.048646,-0.174482,0.0,-0.003479,0.0,0.0,0.0,-0.0,0.0,0.0,-0.0,0.0,0.0,-0.0,0.0,0.0,0.0,0.0,0.0,0.000182,0.0,0.000061,0.0,-0.000061,0.0,-0.000182,0.0,-0.0,0.0,-0.033377,
0.0,1.072362,0.873296,-0.000066,0.0,1.570796,0.0,0.88427,0.104337,0.0,0.0,0.0,-0.157808,-0.036771,-0.008088,0.962198,0.271196,0.004468,-0.284247,0.026426,0.004218,0.404849,-0.099416,-0.0238,-0.110592,0.174482,0.0,-0.098306,-0.0,0.0,0.0,0.033021,-0.174482,-0.0,-0.003479,0.0,0.0,0.0,0.0,0.0,0.0,0.0,-0.0,0.0,0.0,0.0,0.0,0.0,0.0,0.0,0.000182,0.0,0.000061,0.0,-0.000061,0.0,-0.000182,0.0,0.0,0.0,-0.031491,
0.0,1.081205,0.874339,-0.000066,0.0,1.570796,0.0,0.884263,0.104337,0.0,0.0,0.0,-0.181893,-0.036624,-0.007264,0.976333,0.258419,0.005127,-0.270364,0.026328,0.00409,0.3969,-0.107353,-0.023942,-0.102466,0.174482,0.0,-0.090733,-0.0,0.0,0.0,0.017398,-0.174482,0.0,-0.003479,0.0,0.0,0.0,0.0,0.0,-0.0,0.0,-0.0,0.0,-0.0,0.0,-0.0,0.0,0.0,0.0,0.000182,0.0,0.000061,0.0,-0.000061,0.0,-0.000182,0.0,0.0,0.0,-0.029604,
0.0,1.089449,0.87517,-0.000066,0.0,1.570796,-0.0,0.824404,0.08307,0.0,0.0,0.0,-0.202079,-0.036038,-0.006202,0.980614,0.235595,0.006573,-0.255494,0.02623,0.004089,0.385715,-0.112893,-0.024084,-0.095427,0.174482,0.0,-0.08355,0.0,0.0,0.0,-0.000656,-0.174482,0.0,-0.003479,0.0,0.0,0.0,0.0,0.0,-0.0,0.0,-0.0,0.0,-0.0,0.0,0.0,0.0,0.0,0.0,0.000182,0.0,0.000061,0.0,-0.000061,0.0,-0.000182,0.0,-0.0,0.0,-0.026748,
0.0,1.097693,0.876,-0.000066,0.0,1.570796,0.0,0.824389,0.083062,0.0,0.0,0.0,-0.222268,-0.035452,-0.00514,0.984893,0.212765,0.00802,-0.240622,0.026133,0.004089,0.374528,-0.118432,-0.024226,-0.088389,0.174482,0.0,-0.076366,-0.0,0.0,0.0,-0.018713,-0.174482,0.0,-0.003479,0.0,0.0,0.0,0.0,0.0,0.0,-0.0,0.0,0.0,-0.0,0.0,0.0,0.0,0.0,0.0,0.000182,0.0,0.000061,0.0,-0.000061,0.0,-0.000182,0.0,-0.0,0.0,-0.023891,
0.0,1.105937,0.876831,-0.000066,0.0,1.570796,0.0,0.824411,0.083062,0.0,0.0,0.0,-0.242455,-0.034866,-0.004077,0.989172,0.189938,0.009467,-0.225751,0.026035,0.004089,0.363342,-0.123972,-0.024368,-0.08135,0.174482,0.0,-0.069183,0.0,0.0,0.0,-0.036769,-0.174482,-0.0,-0.003479,0.0,0.0,0.0,0.0,0.0,0.0,0.0,-0.0,0.0,-0.0,0.0,-0.0,0.0,0.0,0.0,0.000182,0.0,0.000061,0.0,-0.000061,0.0,-0.000182,0.0,0.0,0.0,-0.021034,
0.0,1.114439,0.877605,-0.000066,0.0,1.570796,-0.0,0.850214,0.077388,0.0,0.0,0.0,-0.260141,-0.03428,-0.003223,0.986863,0.169928,0.010742,-0.21228,0.026003,0.004089,0.355571,-0.126895,-0.024432,-0.073508,0.174482,-0.0,-0.061684,0.0,0.0,0.0,-0.054843,-0.174482,0.0,-0.003284,0.0,0.0,0.0,0.0,0.0,-0.0,0.0,-0.0,0.0,-0.0,0.0,0.0,0.0,0.0,0.0,0.000182,0.0,0.000061,0.0,-0.000061,0.0,-0.000182,0.0,-0.0,0.0,-0.017836,
0.0,1.12307,0.87835,-0.000066,0.0,1.570796,0.0,0.863146,0.074551,0.0,0.0,0.0,-0.276577,-0.033694,-0.002472,0.981258,0.151324,0.011933,-0.199508,0.026003,0.004089,0.34951,-0.12851,-0.024456,-0.065263,0.174482,0.0,-0.054027,0.0,0.0,0.0,-0.07293,-0.174482,0.0,-0.002991,0.0,0.0,0.0,0.0,0.0,0.0,0.0,0.0,0.0,0.0,0.0,-0.0,0.0,0.0,0.0,0.000182,0.0,0.000061,0.0,-0.000061,0.0,-0.000182,0.0,0.0,0.0,-0.014467,
0.0,1.131702,0.879096,-0.000066,0.0,1.570796,0.0,0.863146,0.074543,0.0,0.0,0.0,-0.293014,-0.033108,-0.001721,0.975653,0.13272,0.013123,-0.186736,0.026003,0.004089,0.343448,-0.130125,-0.024481,-0.057019,0.174482,0.0,-0.04637,0.0,0.0,0.0,-0.091017,-0.174482,0.0,-0.002698,0.0,0.0,0.0,0.0,0.0,-0.0,0.0,0.0,0.0,0.0,0.0,0.0,0.0,0.0,0.0,0.000182,0.0,0.000061,0.0,-0.000061,0.0,-0.000182,0.0,0.0,0.0,-0.011097,
0.0,1.14041,0.879662,-0.000066,0.0,1.570796,0.0,0.870815,0.056622,0.0,0.0,0.0,-0.310024,-0.032559,-0.001062,0.969172,0.116181,0.014179,-0.174377,0.025984,0.004089,0.338502,-0.13273,-0.024505,-0.048446,0.174482,0.0,-0.03872,-0.0,0.0,0.0,-0.107917,-0.174482,0.0,-0.004357,0.0,0.0,0.0,0.0,0.0,-0.0,-0.0,0.0,0.0,0.0,0.0,-0.0,0.0,0.0,0.0,0.000182,0.0,0.000061,0.0,-0.000061,-0.0,-0.000182,0.0,0.0,0.0,-0.007722,
0.0,1.149272,0.879869,-0.000066,0.0,1.570796,-0.0,0.886214,0.020727,0.0,0.0,0.0,-0.328186,-0.032083,-0.000586,0.960939,0.103768,0.014966,-0.16284,0.025929,0.004089,0.335791,-0.137319,-0.024529,-0.039215,0.174482,-0.0,-0.031083,-0.0,0.0,0.0,-0.12245,-0.174482,0.0,-0.009924,-0.0,0.0,0.0,0.0,0.0,0.0,0.0,-0.0,0.0,0.0,0.0,0.0,0.0,-0.0,0.0,0.000182,0.0,0.000061,0.0,-0.000061,0.0,-0.000182,0.0,0.0,0.0,-0.004334,
0.0,1.158134,0.880077,-0.000066,0.0,1.570796,0.0,0.886221,0.020734,0.0,0.0,0.0,-0.346349,-0.031606,-0.00011,0.952706,0.091355,0.015754,-0.151304,0.025874,0.004089,0.33308,-0.141908,-0.024554,-0.029985,0.174482,0.0,-0.023446,-0.0,0.0,0.0,-0.136983,-0.174482,0.0,-0.015491,0.0,0.0,0.0,0.0,0.0,0.0,0.0,0.0,0.0,0.0,0.0,0.0,0.0,0.0,0.0,0.000182,0.0,0.000061,0.0,-0.000061,0.0,-0.000182,0.0,-0.0,0.0,-0.000947,
0.0,1.166996,0.880284,-0.000066,0.0,1.570796,0.0,0.886191,0.020734,0.0,0.0,0.0,-0.36451,-0.03113,0.000366,0.944473,0.078944,0.016541,-0.139768,0.025819,0.004089,0.330368,-0.146497,-0.024578,-0.020755,0.174482,0.0,-0.01581,0.0,0.0,0.0,-0.151514,-0.174482,-0.0,-0.021057,0.0,0.0,0.0,0.0,0.0,-0.0,0.0,0.0,0.0,-0.0,0.0,0.0,0.0,0.0,0.0,0.000182,0.0,0.000061,0.0,-0.000061,0.0,-0.000182,0.0,0.0,0.0,0.002441,
0.0,1.17581,0.879985,-0.000066,0.0,1.570796,0.0,0.881395,-0.029902,0.0,0.0,0.0,-0.383598,-0.031222,-0.000055,0.934563,0.073757,0.016633,-0.129623,0.025819,0.003916,0.330758,-0.154065,-0.024603,-0.012166,0.174482,0.0,-0.015809,0.0,0.0,0.0,-0.165558,-0.174482,0.0,-0.027082,0.0,0.0,0.0,-0.0,0.0,-0.0,0.0,-0.0,0.0,-0.0,0.0,-0.0,0.0,0.0,0.0,0.000182,0.0,0.000061,0.0,-0.000061,0.0,-0.000182,0.0,0.0,0.0,0.004895,
0.0,1.184624,0.879686,-0.000066,0.0,1.570796,0.0,0.881365,-0.029902,0.0,0.0,0.0,-0.402687,-0.031313,-0.000476,0.924652,0.068572,0.016724,-0.119478,0.025819,0.003742,0.331147,-0.161633,-0.024627,-0.003578,0.174482,0.0,-0.015809,0.0,0.0,0.0,-0.179602,-0.174482,0.0,-0.033107,-0.0,-0.0,-0.0,-0.0,0.0,0.0,0.0,0.0,0.0,-0.0,0.0,-0.0,0.0,-0.0,-0.0,0.000182,0.0,0.000061,0.0,-0.000061,0.0,-0.000182,0.0,0.0,0.0,0.007348,
0.0,1.193438,0.879387,-0.000066,0.0,1.570796,0.0,0.881372,-0.029902,0.0,0.0,0.0,-0.421775,-0.031405,-0.000897,0.914742,0.063387,0.016816,-0.109332,0.025819,0.003568,0.331537,-0.169201,-0.024651,0.005009,0.174482,-0.0,-0.015809,0.0,0.0,0.0,-0.193645,-0.174482,0.0,-0.039132,-0.0,0.0,0.0,0.0,0.0,0.0,0.0,0.0,0.0,0.0,0.0,0.0,0.0,-0.0,0.0,0.000182,0.0,0.000061,0.0,-0.000061,0.0,-0.000182,0.0,0.0,0.0,0.009802,
0.0,1.202327,0.87882,-0.000066,0.0,1.570796,-0.0,0.888897,-0.056711,0.0,0.0,0.0,-0.440234,-0.031435,-0.00127,0.904696,0.058935,0.016907,-0.098998,0.025819,0.003394,0.331717,-0.177167,-0.024733,0.01422,0.174482,0.0,-0.015809,0.0,0.0,0.0,-0.206702,-0.174482,0.0,-0.04478,0.0,0.0,0.0,0.0,0.0,0.0,0.0,0.0,0.0,-0.0,0.0,0.0,0.0,0.0,0.0,0.000182,0.0,0.000061,0.0,-0.000061,0.0,-0.000182,0.0,-0.0,0.0,0.011621,
0.0,1.211253,0.878119,-0.000066,0.0,1.570796,0.0,0.892659,-0.070124,0.0,0.0,0.0,-0.45838,-0.031435,-0.001617,0.894582,0.05485,0.016999,-0.088568,0.025819,0.00322,0.331791,-0.185332,-0.024843,0.023743,0.174482,0.0,-0.015809,-0.0,0.0,0.0,-0.219266,-0.174482,0.0,-0.050238,0.0,0.0,0.0,0.0,0.0,0.0,0.0,0.0,0.0,0.0,0.0,0.0,0.0,0.0,0.0,0.000182,0.0,0.000061,0.0,-0.000061,0.0,-0.000182,0.0,-0.0,0.0,0.013123,
0.0,1.22018,0.877417,-0.000066,0.0,1.570796,0.0,0.892628,-0.070124,0.0,0.0,0.0,-0.476526,-0.031435,-0.001965,0.884468,0.050765,0.017091,-0.078139,0.025819,0.003046,0.331865,-0.193497,-0.024953,0.033266,0.174482,-0.0,-0.015809,0.0,0.0,0.0,-0.23183,-0.174482,0.0,-0.055697,0.0,0.0,0.0,0.0,0.0,-0.0,0.0,0.0,0.0,-0.0,0.0,-0.0,0.0,0.0,0.0,0.000182,-0.0,0.000061,0.0,-0.000061,0.0,-0.000182,0.0,0.0,0.0,0.014624,
0.0,1.229224,0.876698,-0.000066,0.0,1.570796,0.0,0.904462,-0.071923,0.0,0.0,0.0,-0.492047,-0.031313,-0.002197,0.870373,0.046241,0.01731,-0.066888,0.025783,0.002902,0.330567,-0.201108,-0.025026,0.042319,0.174482,0.0,-0.015809,0.0,0.0,0.0,-0.24377,-0.174482,-0.0,-0.060936,0.0,0.0,0.0,-0.0,0.0,-0.0,0.0,-0.0,0.0,-0.0,0.0,-0.0,0.0,0.0,0.0,0.000182,0.0,0.000061,0.0,-0.000061,0.0,-0.000182,0.0,0.0,0.0,0.015882,
0.0,1.238505,0.875943,-0.000066,0.0,1.570796,-0.0,0.928098,-0.075538,0.0,0.0,0.0,-0.502317,-0.030947,-0.002197,0.848307,0.040838,0.017786,-0.053993,0.025673,0.00282,0.326522,-0.207607,-0.025026,0.050434,0.174482,-0.0,-0.015809,0.0,0.0,0.0,-0.254461,-0.174482,-0.0,-0.065736,0.0,0.0,0.0,-0.0,0.0,0.0,0.0,-0.0,0.0,0.0,0.0,-0.0,0.0,0.0,0.0,0.000182,0.0,0.000061,0.0,-0.000061,0.0,-0.000182,-0.0,0.0,0.0,0.016651,
0.0,1.247786,0.875187,-0.000066,0.0,1.570796,0.0,0.928067,-0.075531,0.0,0.0,0.0,-0.512587,-0.030581,-0.002197,0.82624,0.035435,0.018262,-0.041097,0.025563,0.002738,0.322477,-0.214107,-0.025026,0.058549,0.174482,0.0,-0.015809,-0.0,0.0,0.0,-0.265153,-0.174482,-0.0,-0.070536,0.0,0.0,0.0,0.0,0.0,0.0,0.0,-0.0,0.0,0.0,0.0,0.0,0.0,0.0,0.0,0.000182,0.0,0.000061,0.0,-0.000061,0.0,-0.000182,-0.0,0.0,0.0,0.01742,
0.0,1.257067,0.874432,-0.000066,0.0,1.570796,0.0,0.92809,-0.075538,0.0,0.0,0.0,-0.522856,-0.030215,-0.002197,0.804176,0.030032,0.018739,-0.028202,0.025453,0.002655,0.318432,-0.220606,-0.025026,0.066663,0.174482,0.0,-0.015809,0.0,0.0,0.0,-0.275844,-0.174482,0.0,-0.075337,0.0,-0.0,-0.0,-0.0,0.0,-0.0,0.0,-0.0,0.0,-0.0,0.0,-0.0,0.0,0.0,-0.0,0.000182,0.0,0.000061,0.0,-0.000061,0.0,-0.000182,0.0,-0.0,0.0,0.018189,
0.0,1.266597,0.873468,-0.000066,0.0,1.570796,0.0,0.953024,-0.096418,0.0,0.0,0.0,-0.525873,-0.029482,-0.001538,0.770638,0.021481,0.01948,-0.015366,0.025453,0.002573,0.31478,-0.226911,-0.025026,0.073297,0.174482,0.0,-0.015809,0.0,0.0,0.0,-0.283616,-0.174482,0.0,-0.079845,0.0,0.0,0.0,0.0,0.0,0.0,0.0,0.0,0.0,0.0,0.0,0.0,0.0,0.0,0.0,0.000182,0.0,0.000061,0.0,-0.000061,0.0,-0.000182,0.0,0.0,0.0,0.019453,
0.0,1.276127,0.872504,-0.000066,0.0,1.570796,-0.0,0.952971,-0.096418,0.0,0.0,0.0,-0.528889,-0.02875,-0.000879,0.737086,0.01293,0.020222,-0.00253,0.025453,0.00249,0.311128,-0.233215,-0.025026,0.079931,0.174482,0.0,-0.015809,0.0,0.0,0.0,-0.291387,-0.174482,0.0,-0.084353,-0.0,0.0,0.0,-0.0,0.0,0.0,0.0,-0.0,0.0,0.0,0.0,0.0,-0.0,-0.0,0.0,0.000182,-0.0,0.000061,0.0,-0.000061,0.0,-0.000182,-0.0,0.0,0.0,0.020716,
0.0,1.285657,0.871539,-0.000066,0.0,1.570796,0.0,0.953024,-0.096418,0.0,0.0,0.0,-0.531905,-0.028017,-0.00022,0.70354,0.004378,0.020963,0.010307,0.025453,0.002408,0.307476,-0.23952,-0.025026,0.086564,0.174482,-0.0,-0.015809,0.0,0.0,0.0,-0.299159,-0.174482,0.0,-0.088862,0.0,0.0,0.0,0.0,0.0,0.0,0.0,-0.0,0.0,0.0,0.0,-0.0,0.0,0.0,0.0,0.000182,0.0,0.000061,0.0,-0.000061,-0.0,-0.000182,0.0,0.0,0.0,0.02198,
0.0,1.295601,0.870514,-0.000066,0.0,1.570796,0.0,0.994376,-0.102534,0.0,0.0,0.0,-0.531318,-0.027297,0.000659,0.667407,-0.008531,0.021705,0.023449,0.025417,0.00238,0.304049,-0.244956,-0.025026,0.09232,0.174482,0.0,-0.015809,-0.0,0.0,0.0,-0.305024,-0.174482,0.0,-0.09331,0.0,0.0,0.0,0.0,0.0,0.0,0.0,-0.0,0.0,-0.0,0.0,0.0,0.0,0.0,0.0,0.000182,0.0,0.000061,0.0,-0.000061,0.0,-0.000182,0.0,-0.0,0.0,0.023316,
0.0,1.305751,0.869458,-0.000066,0.0,1.570796,0.0,1.015052,-0.105592,0.0,0.0,0.0,-0.528928,-0.026583,0.001648,0.629955,-0.023621,0.022447,0.036746,0.025362,0.00238,0.300734,-0.249957,-0.025026,0.097637,0.174482,0.0,-0.015809,0.0,0.0,0.0,-0.309935,-0.174482,-0.0,-0.097728,0.0,0.0,0.0,0.0,0.0,-0.0,0.0,0.0,0.0,-0.0,0.0,0.0,0.0,0.0,0.0,0.000182,0.0,0.000061,0.0,-0.000061,0.0,-0.000182,0.0,0.0,0.0,0.02469,
0.0,1.315902,0.868402,-0.000066,0.0,1.570796,0.0,1.015082,-0.1056,0.0,0.0,0.0,-0.526537,-0.025868,0.002637,0.592502,-0.038711,0.023188,0.050043,0.025307,0.00238,0.297419,-0.254958,-0.025026,0.102953,0.174482,0.0,-0.015809,-0.0,0.0,0.0,-0.314847,-0.174482,-0.0,-0.102147,0.0,0.0,0.0,0.0,0.0,0.0,0.0,-0.0,0.0,0.0,0.0,-0.0,0.0,0.0,0.0,0.000182,0.0,0.000061,0.0,-0.000061,0.0,-0.000182,0.0,0.0,0.0,0.026063,
0.0,1.326321,0.867345,-0.000066,0.0,1.570796,0.0,1.041938,-0.105713,0.0,0.0,0.0,-0.526657,-0.025294,0.003528,0.56506,-0.05464,0.023768,0.066298,0.02527,0.002435,0.288895,-0.257599,-0.025026,0.107825,0.174482,0.0,-0.015809,0.0,0.0,0.0,-0.318672,-0.174482,0.0,-0.10637,-0.0,0.0,-0.0,0.0,0.0,-0.0,0.0,-0.0,0.0,-0.0,0.0,-0.0,0.0,-0.0,0.0,0.000182,0.0,0.000061,0.0,-0.000061,0.0,-0.000182,0.0,-0.0,0.0,0.027394,
0.0,1.337278,0.866285,-0.000066,0.0,1.570796,0.0,1.095679,-0.105968,0.0,0.0,0.0,-0.531801,-0.025001,0.004224,0.557615,-0.072251,0.024025,0.088482,0.02527,0.0026,0.269943,-0.255513,-0.025026,0.111805,0.174482,0.0,-0.015809,0.0,0.0,0.0,-0.320323,-0.174482,0.0,-0.110203,0.0,0.0,0.0,0.0,0.0,0.0,0.0,0.0,0.0,0.0,0.0,0.0,0.0,0.0,0.0,0.000182,-0.0,0.000061,0.0,-0.000061,0.0,-0.000182,0.0,0.0,0.0,0.028639,
0.0,1.348235,0.865226,-0.000066,0.0,1.570796,0.0,1.095695,-0.105968,0.0,0.0,0.0,-0.536946,-0.024708,0.004919,0.55017,-0.089863,0.024281,0.110667,0.02527,0.002765,0.250989,-0.253427,-0.025026,0.115785,0.174482,0.0,-0.015809,0.0,0.0,0.0,-0.321974,-0.174482,0.0,-0.114036,0.0,0.0,0.0,0.0,0.0,-0.0,0.0,-0.0,0.0,-0.0,0.0,-0.0,-0.0,0.0,0.0,0.000182,-0.0,0.000061,0.0,-0.000061,0.0,-0.000182,0.0,0.0,0.0,0.029885,
0.0,1.359192,0.864166,-0.000066,0.0,1.570796,0.0,1.095679,-0.105961,0.0,0.0,0.0,-0.54209,-0.024415,0.005615,0.542726,-0.107473,0.024537,0.132849,0.02527,0.00293,0.232037,-0.251341,-0.025026,0.119764,0.174482,0.0,-0.015809,0.0,0.0,0.0,-0.323625,-0.174482,0.0,-0.117869,0.0,0.0,0.0,0.0,0.0,0.0,0.0,-0.0,0.0,-0.0,0.0,-0.0,-0.0,0.0,0.0,0.000182,0.0,0.000061,0.0,-0.000061,0.0,-0.000182,0.0,-0.0,0.0,0.03113,
0.0,1.370149,0.863384,-0.000066,0.0,1.570796,0.0,1.095723,-0.078182,0.0,0.0,0.0,-0.539508,-0.024251,0.006055,0.535743,-0.121163,0.024629,0.159116,0.02516,0.00379,0.204417,-0.242546,-0.025117,0.121856,0.174482,-0.0,-0.015809,-0.0,0.0,0.0,-0.320677,-0.174482,0.0,-0.117961,0.0,0.0,0.0,0.0,0.0,-0.0,0.0,-0.0,0.0,-0.0,0.0,-0.0,0.0,0.0,0.0,0.000182,0.0,0.000061,0.0,-0.000061,-0.0,-0.000182,0.0,-0.0,0.0,0.031075,
0.0,1.381107,0.862602,-0.000066,0.0,1.570796,0.0,1.095754,-0.078182,0.0,0.0,0.0,-0.536925,-0.024086,0.006494,0.528759,-0.134853,0.024721,0.185391,0.02505,0.004651,0.176788,-0.23375,-0.025209,0.123948,0.174482,0.0,-0.015809,-0.0,0.0,0.0,-0.317728,-0.174482,0.0,-0.118053,0.0,0.0,0.0,0.0,0.0,0.0,0.0,0.0,0.0,0.0,0.0,0.0,0.0,0.0,0.0,0.000182,0.0,0.000061,0.0,-0.000061,0.0,-0.000182,0.0,0.0,0.0,0.03102,
0.0,1.392064,0.861821,-0.000066,0.0,1.570796,0.0,1.095739,-0.078182,0.0,0.0,0.0,-0.534342,-0.023921,0.006934,0.521776,-0.148543,0.024812,0.211663,0.02494,0.005511,0.149161,-0.224954,-0.025301,0.126039,0.174482,0.0,-0.015809,0.0,0.0,0.0,-0.314779,-0.174482,-0.0,-0.118145,0.0,0.0,0.0,0.0,0.0,-0.0,0.0,-0.0,0.0,-0.0,0.0,-0.0,0.0,0.0,0.0,0.000182,0.0,0.000061,0.0,-0.000061,0.0,-0.000182,-0.0,0.0,0.0,0.030965,
0.0,1.403633,0.861248,-0.000066,0.0,1.570796,0.0,1.156879,-0.05722,0.0,0.0,0.0,-0.528984,-0.023866,0.00708,0.516608,-0.153965,0.024843,0.22829,0.024953,0.006445,0.140066,-0.218939,-0.025392,0.128253,0.174482,-0.0,-0.015809,-0.0,0.0,0.0,-0.309869,-0.174482,0.0,-0.117405,0.0,0.0,0.0,0.0,0.0,-0.0,0.0,-0.0,0.0,0.0,0.0,0.0,0.0,0.0,0.0,0.000182,-0.0,0.000061,0.0,-0.000061,0.0,-0.000182,0.0,0.0,0.0,0.031777,
0.0,1.415508,0.860781,-0.000066,0.0,1.570796,0.0,1.187503,-0.046743,0.0,0.0,0.0,-0.522236,-0.023866,0.00708,0.512349,-0.155251,0.024843,0.240095,0.025026,0.007416,0.140241,-0.214317,-0.025484,0.130529,0.174482,-0.0,-0.015809,0.0,0.0,0.0,-0.303978,-0.174482,0.0,-0.11625,0.0,0.0,0.0,0.0,0.0,0.0,0.0,0.0,0.0,0.0,-0.0,-0.0,0.0,0.0,0.0,0.000182,0.0,0.000061,0.0,-0.000061,0.0,-0.000182,0.0,0.0,0.0,0.033022,
0.0,1.427383,0.860314,-0.000066,0.0,1.570796,0.0,1.187503,-0.046735,0.0,0.0,0.0,-0.515488,-0.023866,0.00708,0.50809,-0.156536,0.024843,0.251899,0.025099,0.008386,0.140415,-0.209694,-0.025575,0.132804,0.174482,-0.0,-0.015809,0.0,0.0,0.0,-0.298088,-0.174482,0.0,-0.115094,-0.0,-0.0,-0.0,0.0,0.0,-0.0,0.0,-0.0,0.0,-0.0,0.0,0.0,0.0,-0.0,-0.0,0.000182,-0.0,0.000061,0.0,-0.000061,0.0,-0.000182,0.0,0.0,0.0,0.034268,
0.0,1.439561,0.859962,-0.000066,0.0,1.570796,0.0,1.217821,-0.035137,0.0,0.0,0.0,-0.506588,-0.023866,0.007007,0.501812,-0.155375,0.024843,0.263633,0.025184,0.009503,0.140589,-0.201558,-0.025636,0.134939,0.174482,0.0,-0.015809,-0.0,0.0,0.0,-0.291479,-0.174482,-0.0,-0.113603,0.0,0.0,0.0,0.0,0.0,0.0,0.0,0.0,0.0,0.0,0.0,0.0,0.0,0.0,0.0,0.000182,0.0,0.000061,0.0,-0.000061,0.0,-0.000182,0.0,-0.0,0.0,0.035897,
0.0,1.452347,0.859843,-0.000066,0.0,1.570796,0.0,1.278596,-0.011924,0.0,0.0,0.0,-0.493377,-0.023866,0.006787,0.49149,-0.149316,0.024843,0.275227,0.025294,0.010913,0.140764,-0.186389,-0.025636,0.136793,0.174482,0.0,-0.015809,0.0,0.0,0.0,-0.283435,-0.174482,0.0,-0.111439,0.0,-0.0,-0.0,0.0,0.0,0.0,0.0,-0.0,0.0,0.0,0.0,0.0,0.0,0.0,-0.0,0.000182,0.0,0.000061,0.0,-0.000061,0.0,-0.000182,0.0,0.0,0.0,0.038297,
0.0,1.465133,0.859724,-0.000066,0.0,1.570796,0.0,1.278565,-0.011924,0.0,0.0,0.0,-0.480166,-0.023866,0.006568,0.481167,-0.143257,0.024843,0.286821,0.025404,0.012323,0.140938,-0.171219,-0.025636,0.138646,0.174482,0.0,-0.015809,-0.0,0.0,0.0,-0.27539,-0.174482,0.0,-0.109275,0.0,0.0,0.0,0.0,0.0,-0.0,0.0,-0.0,0.0,0.0,0.0,-0.0,0.0,0.0,0.0,0.000182,0.0,0.000061,0.0,-0.000061,0.0,-0.000182,0.0,-0.0,0.0,0.040696,
0.0,1.477919,0.859604,-0.000066,0.0,1.570796,0.0,1.278596,-0.011924,0.0,0.0,0.0,-0.466955,-0.023866,0.006348,0.470845,-0.137198,0.024843,0.298415,0.025514,0.013733,0.141113,-0.15605,-0.025636,0.1405,0.174482,0.0,-0.015809,-0.0,0.0,0.0,-0.267346,-0.174482,0.0,-0.107111,0.0,0.0,0.0,0.0,0.0,0.0,0.0,0.0,0.0,0.0,0.0,0.0,0.0,0.0,0.0,0.000182,0.0,0.000061,0.0,-0.000061,0.0,-0.000182,0.0,-0.0,0.0,0.043095,
0.0,1.489523,0.859917,-0.000066,0.0,1.570796,0.0,1.160413,0.031273,0.0,0.0,0.0,-0.45505,-0.024013,0.005835,0.463849,-0.122491,0.024715,0.307852,0.025514,0.014026,0.140947,-0.127886,-0.025288,0.137491,0.174482,0.0,-0.015809,0.0,0.0,0.0,-0.259076,-0.174482,0.0,-0.102638,0.0,0.0,0.0,0.0,0.0,0.0,0.0,-0.0,0.0,0.0,-0.0,-0.0,0.0,0.0,0.0,0.000182,0.0,0.000061,0.0,-0.000061,0.0,-0.000182,0.0,0.0,0.0,0.042894,
0.0,1.501127,0.86023,-0.000066,0.0,1.570796,0.0,1.160413,0.031273,0.0,0.0,0.0,-0.443143,-0.024159,0.005323,0.456854,-0.107781,0.024586,0.317289,0.025514,0.014319,0.140782,-0.09971,-0.02494,0.134481,0.174482,0.0,-0.015809,0.0,0.0,0.0,-0.250806,-0.174482,0.0,-0.098164,0.0,0.0,0.0,0.0,0.0,0.0,0.0,0.0,0.0,0.0,0.0,0.0,0.0,0.0,0.0,0.000182,0.0,0.000061,-0.0,-0.000061,0.0,-0.000182,0.0,0.0,0.0,0.042693,
0.0,1.512731,0.860543,-0.000066,0.0,1.570796,0.0,1.160383,0.031281,0.0,0.0,0.0,-0.431238,-0.024306,0.00481,0.449859,-0.093072,0.024458,0.326725,0.025514,0.014612,0.140617,-0.07154,-0.024593,0.131472,0.174482,-0.0,-0.015809,0.0,0.0,0.0,-0.242536,-0.174482,0.0,-0.093691,0.0,0.0,0.0,0.0,0.0,-0.0,0.0,-0.0,0.0,-0.0,0.0,-0.0,0.0,0.0,0.0,0.000182,0.0,0.000061,0.0,-0.000061,0.0,-0.000182,0.0,0.0,0.0,0.042491,
0.0,1.523885,0.860955,-0.000066,0.0,1.570796,0.0,1.115369,0.041204,0.0,0.0,0.0,-0.423163,-0.024428,0.004456,0.452564,-0.085528,0.024399,0.309861,0.026088,0.014393,0.188623,-0.054102,-0.023964,0.126066,0.174482,0.0,-0.015809,-0.0,0.0,0.0,-0.234853,-0.174482,0.0,-0.08884,0.0,0.0,0.0,0.0,0.0,0.0,0.0,-0.0,0.0,0.0,0.0,0.0,0.0,0.0,0.0,0.000182,0.0,0.000061,0.0,-0.000061,-0.0,-0.000182,0.0,0.0,0.0,0.041765,
0.0,1.534813,0.861417,-0.000066,0.0,1.570796,0.0,1.092831,0.046177,0.0,0.0,0.0,-0.417005,-0.024537,0.004181,0.460124,-0.081569,0.024375,0.279823,0.026948,0.013917,0.260877,-0.042032,-0.023195,0.119463,0.174482,0.0,-0.015809,0.0,0.0,0.0,-0.227462,-0.174482,0.0,-0.0838,0.0,0.0,0.0,-0.0,0.0,-0.0,0.0,0.0,0.0,-0.0,0.0,0.0,0.0,0.0,0.0,0.000182,0.0,0.000061,0.0,-0.000061,0.0,-0.000182,0.0,0.0,0.0,0.040776,
0.0,1.545741,0.861878,-0.000066,0.0,1.570796,0.0,1.092801,0.046169,0.0,0.0,0.0,-0.410847,-0.024647,0.003906,0.467685,-0.077611,0.02435,0.249785,0.027809,0.013441,0.33313,-0.029962,-0.022426,0.112859,0.174482,0.0,-0.015809,0.0,0.0,0.0,-0.220071,-0.174482,0.0,-0.07876,0.0,0.0,0.0,-0.0,0.0,0.0,0.0,-0.0,0.0,0.0,0.0,0.0,0.0,0.0,0.0,0.000182,0.0,0.000061,0.0,-0.000061,-0.0,-0.000182,0.0,-0.0,0.0,0.039787,
0.0,1.55653,0.862382,-0.000066,0.0,1.570796,0.0,1.07893,0.050319,0.0,0.0,0.0,-0.403942,-0.024721,0.003693,0.474196,-0.075514,0.024326,0.215167,0.029121,0.013837,0.409293,-0.012886,-0.021028,0.105151,0.174482,0.0,-0.015809,0.0,0.0,0.0,-0.21304,-0.174482,0.0,-0.073684,0.0,0.0,0.0,0.0,0.0,-0.0,0.0,0.0,0.0,-0.0,0.0,0.0,0.0,0.0,0.0,0.000182,0.0,0.000061,0.0,-0.000061,0.0,-0.000182,0.0,0.0,0.0,0.038737,
0.0,1.567041,0.862967,-0.000066,0.0,1.570796,0.0,1.051082,0.058602,0.0,0.0,0.0,-0.395541,-0.024721,0.003601,0.478607,-0.077145,0.024301,0.17133,0.031337,0.015979,0.493782,0.014219,-0.018373,0.095235,0.174482,0.0,-0.015809,0.0,0.0,0.0,-0.206726,-0.174482,-0.0,-0.068535,0.0,0.0,0.0,-0.0,0.0,0.0,0.0,-0.0,0.0,-0.0,0.0,-0.0,0.0,0.0,0.0,0.000182,0.0,0.000061,0.0,-0.000061,-0.0,-0.000182,0.0,0.0,0.0,0.037565,
0.0,1.577552,0.863554,-0.000066,0.0,1.570796,0.0,1.051113,0.058602,0.0,0.0,0.0,-0.387139,-0.024721,0.00351,0.483019,-0.078776,0.024277,0.127478,0.033553,0.018122,0.578373,0.041328,-0.015718,0.085317,0.174482,0.0,-0.015809,0.0,0.0,0.0,-0.200412,-0.174482,0.0,-0.063387,0.0,0.0,0.0,0.0,0.0,-0.0,0.0,-0.0,0.0,-0.0,0.0,-0.0,-0.0,0.0,0.0,0.000182,0.0,0.000061,0.0,-0.000061,0.0,-0.000182,0.0,0.0,0.0,0.036393,
0.0,1.588063,0.86414,-0.000066,0.0,1.570796,0.0,1.051113,0.058602,0.0,0.0,0.0,-0.378738,-0.024721,0.003418,0.48743,-0.080407,0.024253,0.083654,0.035769,0.020264,0.662763,0.06843,-0.013063,0.075401,0.174482,0.0,-0.015809,0.0,0.0,0.0,-0.194098,-0.174482,-0.0,-0.058239,0.0,0.0,0.0,-0.0,0.0,0.0,0.0,0.0,0.0,0.0,0.0,-0.0,0.0,0.0,0.0,0.000182,0.0,0.000061,0.0,-0.000061,0.0,-0.000182,0.0,0.0,0.0,0.03522,
0.0,1.597917,0.865008,-0.000066,0.0,1.570796,0.0,0.985361,0.086834,0.0,0.0,0.0,-0.366494,-0.024721,0.003418,0.484113,-0.08519,0.024228,0.039654,0.038223,0.02151,0.72782,0.113844,-0.008613,0.063513,0.174482,-0.0,-0.015809,0.0,0.0,0.0,-0.189335,-0.174482,0.0,-0.051718,0.0,0.0,0.0,0.0,0.0,-0.0,0.0,-0.0,0.0,-0.0,0.0,-0.0,0.0,0.0,0.0,0.000182,0.0,0.000061,0.0,-0.000061,0.0,-0.000182,-0.0,0.0,0.0,0.035422,
0.0,1.60777,0.865876,-0.000066,0.0,1.570796,0.0,0.98533,0.086827,0.0,0.0,0.0,-0.354249,-0.024721,0.003418,0.480794,-0.089974,0.024204,-0.004375,0.040677,0.022755,0.792965,0.159293,-0.004164,0.051624,0.174482,0.0,-0.015809,-0.0,0.0,0.0,-0.184572,-0.174482,0.0,-0.045198,0.0,0.0,0.0,0.0,0.0,-0.0,0.0,0.0,0.0,-0.0,0.0,-0.0,0.0,0.0,0.0,0.000182,0.0,0.000061,-0.0,-0.000061,0.0,-0.000182,0.0,0.0,0.0,0.035623,
0.0,1.617624,0.866745,-0.000066,0.0,1.570796,0.0,0.985376,0.086834,0.0,0.0,0.0,-0.342004,-0.024721,0.003418,0.477476,-0.094758,0.024179,-0.048391,0.043132,0.024,0.858066,0.204727,0.000286,0.039735,0.174482,0.0,-0.015809,0.0,0.0,0.0,-0.179808,-0.174482,0.0,-0.038677,0.0,0.0,0.0,-0.0,0.0,-0.0,0.0,-0.0,0.0,-0.0,0.0,-0.0,0.0,0.0,0.0,0.000182,0.0,0.000061,0.0,-0.000061,-0.0,-0.000182,0.0,0.0,0.0,0.035824,
0.0,1.627353,0.867707,-0.000066,0.0,1.570796,0.0,0.972955,0.096286,0.0,0.0,0.0,-0.328998,-0.024672,0.003589,0.472718,-0.102232,0.024244,-0.08242,0.044585,0.024379,0.897908,0.223531,0.0026,0.027557,0.174482,-0.0,-0.01327,0.0,0.0,0.0,-0.174044,-0.174482,0.0,-0.031389,0.0,0.0,0.0,0.0,0.0,-0.0,0.0,-0.0,0.0,-0.0,0.0,-0.0,0.0,0.0,0.0,0.000182,0.0,0.000061,0.0,-0.000061,0.0,-0.000182,0.0,0.0,0.0,0.035306,
0.0,1.637021,0.868718,-0.000066,0.0,1.570796,0.0,0.966775,0.101016,0.0,0.0,0.0,-0.31561,-0.024599,0.003845,0.467241,-0.111054,0.024354,-0.111476,0.045537,0.024324,0.925169,0.229024,0.003845,0.015233,0.174482,0.0,-0.009462,0.0,0.0,0.0,-0.167778,-0.174482,0.0,-0.023716,0.0,0.0,0.0,-0.0,0.0,0.0,0.0,0.0,0.0,0.0,0.0,0.0,0.0,0.0,0.0,0.000182,0.0,0.000061,0.0,-0.000061,0.0,-0.000182,0.0,0.0,0.0,0.034427,
0.0,1.646689,0.869728,-0.000066,0.0,1.570796,0.0,0.966775,0.101024,0.0,0.0,0.0,-0.302223,-0.024525,0.004102,0.461764,-0.119875,0.024464,-0.140533,0.04649,0.024269,0.952429,0.234517,0.00509,0.002908,0.174482,0.0,-0.005653,-0.0,0.0,0.0,-0.161511,-0.174482,0.0,-0.016043,0.0,0.0,0.0,0.0,0.0,-0.0,0.0,0.0,0.0,0.0,0.0,-0.0,0.0,0.0,0.0,0.000182,0.0,0.000061,0.0,-0.000061,0.0,-0.000182,0.0,0.0,0.0,0.033548,
0.0,1.656375,0.870753,-0.000066,0.0,1.570796,0.0,0.96859,0.102496,0.0,0.0,0.0,-0.287813,-0.024452,0.004321,0.454405,-0.128045,0.024534,-0.16794,0.047381,0.024366,0.974959,0.235338,0.006043,-0.008994,0.174482,0.0,-0.005193,0.0,0.0,0.0,-0.153737,-0.174482,-0.0,-0.010926,0.0,0.0,0.0,0.0,0.0,0.0,0.0,-0.0,0.0,-0.0,0.0,-0.0,0.0,0.0,0.0,0.000182,0.0,0.000061,0.0,-0.000061,0.0,-0.000182,0.0,0.0,0.0,0.032156,
0.0,1.666098,0.871807,-0.000066,0.0,1.570796,0.0,0.972268,0.105457,0.0,0.0,0.0,-0.271351,-0.024379,0.004468,0.443278,-0.134909,0.024523,-0.192069,0.04815,0.024769,0.988036,0.226806,0.006409,-0.020055,0.174482,-0.0,-0.011437,-0.0,0.0,0.0,-0.142944,-0.174482,0.0,-0.010926,0.0,0.0,0.0,0.0,0.0,-0.0,0.0,0.0,0.0,0.0,0.0,0.0,0.0,0.0,0.0,0.000182,0.0,0.000061,0.0,-0.000061,0.0,-0.000182,0.0,-0.0,0.0,0.029739,
0.0,1.67582,0.872862,-0.000066,0.0,1.570796,0.0,0.972283,0.105464,0.0,0.0,0.0,-0.254889,-0.024306,0.004614,0.432152,-0.141774,0.024512,-0.2162,0.04892,0.025172,1.001113,0.218274,0.006775,-0.031117,0.174482,-0.0,-0.017682,-0.0,0.0,0.0,-0.13215,-0.174482,-0.0,-0.010926,0.0,0.0,0.0,0.0,0.0,0.0,0.0,-0.0,0.0,-0.0,0.0,0.0,0.0,0.0,0.0,0.000182,0.0,0.000061,0.0,-0.000061,0.0,-0.000182,0.0,0.0,0.0,0.027322,
0.0,1.685543,0.873917,-0.000066,0.0,1.570796,0.0,0.972237,0.105457,0.0,0.0,0.0,-0.238429,-0.024232,0.004761,0.421026,-0.148638,0.024501,-0.240326,0.049689,0.025575,1.01419,0.209743,0.007141,-0.042177,0.174482,0.0,-0.023926,-0.0,0.0,0.0,-0.121357,-0.174482,0.0,-0.010926,0.0,0.0,0.0,0.0,0.0,-0.0,0.0,-0.0,0.0,0.0,0.0,-0.0,0.0,0.0,0.0,0.000182,0.0,0.000061,-0.0,-0.000061,0.0,-0.000182,0.0,0.0,0.0,0.024904,
0.0,1.694833,0.874697,-0.000066,0.0,1.570796,0.0,0.928995,0.078011,0.0,0.0,0.0,-0.220259,-0.024232,0.004761,0.40562,-0.152551,0.02449,-0.26431,0.049598,0.024989,1.021295,0.1954,0.006226,-0.054873,0.174482,0.0,-0.032112,0.0,0.0,0.0,-0.109953,-0.174482,0.0,-0.010926,0.0,0.0,0.0,0.0,0.0,-0.0,0.0,0.0,0.0,-0.0,0.0,-0.0,0.0,0.0,0.0,0.000182,0.0,0.000061,0.0,-0.000061,0.0,-0.000182,0.0,0.0,0.0,0.021517,
0.0,1.704123,0.875477,-0.000066,0.0,1.570796,0.0,0.928995,0.078011,0.0,0.0,0.0,-0.202085,-0.024232,0.004761,0.390212,-0.156463,0.024479,-0.288299,0.049506,0.024403,1.028398,0.181055,0.00531,-0.067569,0.174482,0.0,-0.040298,0.0,0.0,0.0,-0.098548,-0.174482,0.0,-0.010926,0.0,0.0,0.0,-0.0,0.0,-0.0,-0.0,-0.0,0.0,0.0,0.0,-0.0,0.0,0.0,0.0,0.000182,0.0,0.000061,0.0,-0.000061,0.0,-0.000182,0.0,0.0,0.0,0.018129,
0.0,1.713413,0.876257,-0.000066,0.0,1.570796,0.0,0.92898,0.078003,0.0,0.0,0.0,-0.183913,-0.024232,0.004761,0.374805,-0.160375,0.024468,-0.312286,0.049415,0.023817,1.035502,0.16671,0.004395,-0.080265,0.174482,0.0,-0.048485,0.0,0.0,0.0,-0.087144,-0.174482,0.0,-0.010926,0.0,0.0,0.0,0.0,0.0,-0.0,0.0,0.0,0.0,-0.0,0.0,0.0,0.0,0.0,0.0,0.000182,0.0,0.000061,0.0,-0.000061,0.0,-0.000182,0.0,0.0,0.0,0.014741,
0.0,1.722634,0.876934,-0.000066,0.0,1.570796,0.0,0.922145,0.06768,0.0,0.0,0.0,-0.162941,-0.024171,0.004761,0.354042,-0.162415,0.024457,-0.334743,0.048713,0.022694,1.036664,0.152616,0.002967,-0.093678,0.174482,0.0,-0.057406,-0.0,0.0,0.0,-0.076234,-0.174482,0.0,-0.010926,0.0,0.0,0.0,0.0,0.0,-0.0,0.0,-0.0,0.0,0.0,0.0,0.0,0.0,0.0,0.0,0.000182,0.0,0.000061,0.0,-0.000061,0.0,-0.000182,0.0,0.0,0.0,0.011085,
0.0,1.731821,0.877559,-0.000066,0.0,1.570796,0.0,0.918712,0.062515,0.0,0.0,0.0,-0.140561,-0.02408,0.004761,0.330592,-0.163517,0.024446,-0.35644,0.047705,0.021303,1.034852,0.138647,0.001282,-0.10745,0.174482,0.0,-0.066695,0.0,-0.0,0.0,-0.065571,-0.174482,0.0,-0.010926,0.0,0.0,0.0,0.0,-0.0,0.0,0.0,-0.0,0.0,0.0,0.0,-0.0,0.0,0.0,0.0,0.000182,0.0,0.000061,0.0,-0.000061,0.0,-0.000182,0.0,0.0,0.0,0.007295,
0.0,1.741008,0.878184,-0.000066,0.0,1.570796,0.0,0.918682,0.062507,0.0,0.0,0.0,-0.118182,-0.023988,0.004761,0.307142,-0.164619,0.024435,-0.378137,0.046698,0.019911,1.03304,0.124678,-0.000402,-0.121222,0.174482,0.0,-0.075984,0.0,-0.0,0.0,-0.054908,-0.174482,0.0,-0.010926,-0.0,0.0,0.0,-0.0,-0.0,0.0,-0.0,0.0,0.0,0.0,-0.0,-0.0,0.0,-0.0,0.0,0.000182,-0.0,0.000061,0.0,-0.000061,0.0,-0.000182,0.0,0.0,0.0,0.003504,
0.0,1.750257,0.87862,-0.000066,0.0,1.570796,0.0,0.924924,0.043602,0.0,0.0,0.0,-0.098059,-0.023927,0.004761,0.28828,-0.165905,0.024424,-0.399463,0.045605,0.018464,1.029672,0.112248,-0.002057,-0.1353,0.174482,-0.0,-0.085336,-0.0,0.0,0.0,-0.044417,-0.174482,0.0,-0.010926,0.0,0.0,0.0,0.0,0.0,-0.0,0.0,0.0,0.0,0.0,0.0,0.0,0.0,0.0,0.0,0.000182,0.0,0.000061,0.0,-0.000061,0.0,-0.000182,0.0,0.0,0.0,-0.000207,
0.0,1.75963,0.878677,-0.000066,0.0,1.570796,0.0,0.937332,0.005746,0.0,0.0,0.0,-0.082446,-0.023927,0.004761,0.278593,-0.167559,0.024413,-0.420055,0.044341,0.016908,1.023186,0.102898,-0.00365,-0.149994,0.174482,0.0,-0.094815,0.0,0.0,0.0,-0.034271,-0.174482,0.0,-0.010926,0.0,0.0,0.0,-0.0,0.0,0.0,0.0,0.0,0.0,0.0,0.0,0.0,0.0,0.0,0.0,0.000182,0.0,0.000061,0.0,-0.000061,0.0,-0.000182,0.0,0.0,0.0,-0.003759,
0.0,1.769004,0.878735,-0.000066,0.0,1.570796,0.0,0.937316,0.005754,0.0,0.0,0.0,-0.066832,-0.023927,0.004761,0.268906,-0.169213,0.024402,-0.440649,0.043077,0.015351,1.016701,0.093547,-0.005243,-0.164688,0.174482,0.0,-0.104293,0.0,-0.0,0.0,-0.024126,-0.174482,0.0,-0.010926,0.0,0.0,0.0,-0.0,-0.0,-0.0,0.0,0.0,0.0,-0.0,0.0,-0.0,0.0,0.0,0.0,0.000182,0.0,0.000061,0.0,-0.000061,0.0,-0.000182,0.0,0.0,0.0,-0.007311,
0.0,1.778377,0.878792,-0.000066,0.0,1.570796,0.0,0.937332,0.005746,0.0,0.0,0.0,-0.051219,-0.023927,0.004761,0.259219,-0.170867,0.024391,-0.46124,0.041814,0.013795,1.010216,0.084197,-0.006836,-0.179381,0.174482,-0.0,-0.113771,0.0,0.0,0.0,-0.01398,-0.174482,0.0,-0.010926,0.0,0.0,0.0,0.0,0.0,-0.0,0.0,-0.0,0.0,-0.0,0.0,-0.0,0.0,0.0,0.0,0.000182,0.0,0.000061,0.0,-0.000061,0.0,-0.000182,0.0,0.0,0.0,-0.010864,
0.0,1.787899,0.878154,-0.000066,0.0,1.570796,0.0,0.952198,-0.063795,0.0,0.0,0.0,-0.039004,-0.023927,0.004761,0.25667,-0.176271,0.02438,-0.480216,0.040751,0.012659,0.999473,0.077289,-0.008044,-0.193332,0.174482,-0.0,-0.1219,-0.0,0.0,0.0,-0.004898,-0.174482,-0.0,-0.010926,0.0,0.0,0.0,0.0,0.0,0.0,0.0,0.0,0.0,0.0,-0.0,0.0,0.0,0.0,0.0,0.000182,0.0,0.000061,0.0,-0.000061,0.0,-0.000182,0.0,0.0,0.0,-0.012366,
0.0,1.797421,0.877516,-0.000066,0.0,1.570796,0.0,0.952198,-0.063818,0.0,0.0,0.0,-0.026788,-0.023927,0.004761,0.254122,-0.181677,0.024369,-0.499194,0.039689,0.011524,0.988729,0.070381,-0.009253,-0.207284,0.174482,0.0,-0.130028,0.0,0.0,0.0,0.004185,-0.174482,0.0,-0.010926,0.0,0.0,0.0,0.0,0.0,-0.0,0.0,-0.0,0.0,0.0,0.0,-0.0,0.0,0.0,0.0,0.000182,0.0,0.000061,0.0,-0.000061,0.0,-0.000182,0.0,-0.0,0.0,-0.013867,
0.0,1.806943,0.876878,-0.000066,0.0,1.570796,0.0,0.952213,-0.06381,0.0,0.0,0.0,-0.014573,-0.023927,0.004761,0.251575,-0.187082,0.024358,-0.518171,0.038627,0.010389,0.977985,0.063473,-0.010461,-0.221236,0.174482,0.0,-0.138156,0.0,0.0,-0.0,0.013267,-0.174482,0.0,-0.010926,0.0,0.0,0.0,-0.0,0.0,0.0,0.0,0.0,0.0,-0.0,0.0,0.0,0.0,0.0,0.0,0.000182,0.0,0.000061,0.0,-0.000061,0.0,-0.000182,0.0,0.0,0.0,-0.015369,
0.0,1.816546,0.876145,-0.000066,0.0,1.570796,0.0,0.960286,-0.07327,0.0,0.0,0.0,0.000667,-0.023927,0.004761,0.24328,-0.19108,0.024293,-0.529348,0.037479,0.009363,0.957329,0.052027,-0.011865,-0.234522,0.174482,-0.0,-0.145971,-0.0,-0.0,0.0,0.021813,-0.174482,0.0,-0.010926,0.0,0.0,0.0,0.0,-0.0,-0.0,0.0,0.0,0.0,-0.0,0.0,-0.0,0.0,0.0,0.0,0.000182,0.0,0.000061,0.0,-0.000061,0.0,-0.000182,0.0,0.0,0.0,-0.016041,
-0.0,1.826189,0.875365,-0.000066,0.0,1.570796,-0.0,0.964299,-0.078,0.0,0.0,0.0,0.017424,-0.023927,0.004761,0.232108,-0.194373,0.024202,-0.536621,0.036289,0.008393,0.931706,0.038309,-0.013367,-0.247476,0.174482,0.0,-0.15363,-0.0,-0.0,-0.0,0.030091,-0.174482,-0.0,-0.010926,0.0,0.0,0.0,0.0,-0.0,-0.0,-0.0,0.0,0.0,0.0,0.0,0.0,-0.0,0.0,0.0,0.000182,0.0,0.000061,0.0,-0.000061,0.0,-0.000182,0.0,0.0,0.0,-0.016297,
0.0,1.835832,0.874585,-0.000066,0.0,1.570796,0.0,0.96433,-0.078008,0.0,0.0,0.0,0.03418,-0.023927,0.004761,0.220936,-0.197666,0.02411,-0.543895,0.035098,0.007422,0.906083,0.024591,-0.014868,-0.26043,0.174482,-0.0,-0.161288,0.0,0.0,0.0,0.038369,-0.174482,0.0,-0.010926,-0.0,0.0,0.0,-0.0,0.0,-0.0,0.0,0.0,0.0,0.0,0.0,0.0,0.0,-0.0,0.0,0.000182,0.0,0.000061,0.0,-0.000061,0.0,-0.000182,0.0,0.0,0.0,-0.016553,
0.0,1.845583,0.873718,-0.000066,0.0,1.570796,0.0,0.975073,-0.086758,0.0,0.0,0.0,0.051293,-0.023927,0.004718,0.209215,-0.200635,0.024019,-0.549361,0.033987,0.006592,0.87731,0.011582,-0.016224,-0.272933,0.174482,0.0,-0.16887,0.0,0.0,0.0,0.046434,-0.174482,0.0,-0.010926,0.0,0.0,0.0,0.0,0.0,0.0,0.0,0.0,0.0,0.0,0.0,-0.0,0.0,0.0,0.0,0.000182,0.0,0.000061,0.0,-0.000061,0.0,-0.000182,0.0,-0.0,0.0,-0.016584,
0.0,1.855548,0.872675,-0.000066,0.0,1.570796,-0.0,0.996543,-0.104296,0.0,0.0,0.0,0.069123,-0.023927,0.00459,0.196393,-0.202954,0.023927,-0.551207,0.033035,0.006043,0.842203,-0.000009,-0.017286,-0.284534,0.174482,0.0,-0.176297,0.0,0.0,0.0,0.054072,-0.174482,0.0,-0.010926,0.0,0.0,0.0,0.0,0.0,-0.0,0.0,0.0,0.0,0.0,0.0,0.0,0.0,0.0,0.0,0.000182,0.0,0.000061,0.0,-0.000061,0.0,-0.000182,0.0,0.0,0.0,-0.016163,
0.0,1.865514,0.871632,-0.000066,0.0,1.570796,0.0,0.996573,-0.104304,0.0,0.0,0.0,0.086954,-0.023927,0.004462,0.18357,-0.205273,0.023836,-0.553053,0.032083,0.005493,0.807088,-0.011601,-0.018348,-0.296137,0.174482,0.0,-0.183725,0.0,0.0,-0.0,0.061711,-0.174482,0.0,-0.010926,0.0,0.0,0.0,-0.0,0.0,0.0,0.0,0.0,0.0,-0.0,0.0,-0.0,0.0,0.0,0.0,0.000182,0.0,0.000061,0.0,-0.000061,0.0,-0.000182,0.0,-0.0,0.0,-0.015742,
0.0,1.87548,0.870589,-0.000066,0.0,1.570796,0.0,0.996573,-0.104296,0.0,0.0,0.0,0.104783,-0.023927,0.004334,0.170748,-0.207593,0.023744,-0.554899,0.03113,0.004944,0.771988,-0.023192,-0.01941,-0.307738,0.174482,0.0,-0.191152,0.0,0.0,0.0,0.06935,-0.174482,0.0,-0.010926,0.0,0.0,0.0,-0.0,0.0,0.0,0.0,0.0,0.0,-0.0,0.0,0.0,0.0,0.0,0.0,0.000182,0.0,0.000061,0.0,-0.000061,0.0,-0.000182,0.0,0.0,0.0,-0.015321,
0.0,1.885571,0.86943,-0.000066,0.0,1.570796,-0.0,1.009102,-0.115831,0.0,0.0,0.0,0.120895,-0.023927,0.004169,0.161454,-0.210576,0.023744,-0.553871,0.03038,0.00456,0.731799,-0.033833,-0.020179,-0.316532,0.174482,0.0,-0.197281,0.0,0.0,0.0,0.076955,-0.174482,0.0,-0.010926,-0.0,0.0,0.0,0.0,0.0,0.0,0.0,-0.0,0.0,0.0,0.0,0.0,0.0,-0.0,0.0,0.000182,0.0,0.000061,0.0,-0.000061,0.0,-0.000182,0.0,0.0,0.0,-0.016199,
0.0,1.895663,0.868272,-0.000066,0.0,1.570796,0.0,1.009163,-0.115839,0.0,0.0,0.0,0.137009,-0.023927,0.004004,0.15216,-0.213559,0.023744,-0.552844,0.029629,0.004175,0.691586,-0.044474,-0.020948,-0.325326,0.174482,0.0,-0.203409,0.0,0.0,0.0,0.084561,-0.174482,0.0,-0.010926,0.0,0.0,0.0,-0.0,0.0,0.0,0.0,-0.0,0.0,0.0,0.0,0.0,0.0,0.0,0.0,0.000182,0.0,0.000061,0.0,-0.000061,0.0,-0.000182,0.0,-0.0,0.0,-0.017078,
-0.0,1.905754,0.867114,-0.000066,0.0,1.570796,-0.0,1.009163,-0.115839,0.0,0.0,0.0,0.153121,-0.023927,0.003839,0.142866,-0.216542,0.023744,-0.551816,0.028878,0.00379,0.651384,-0.055115,-0.021717,-0.334119,0.174482,-0.0,-0.209538,-0.0,0.0,0.0,0.092167,-0.174482,0.0,-0.010926,0.0,0.0,0.0,0.0,0.0,0.0,0.0,-0.0,0.0,-0.0,0.0,0.0,0.0,0.0,0.0,0.000182,0.0,0.000061,0.0,-0.000061,0.0,-0.000182,0.0,0.0,0.0,-0.017957,
-0.0,1.916238,0.866065,-0.000066,0.0,1.570796,0.0,1.048347,-0.10485,0.0,0.0,0.0,0.166533,-0.023964,0.003162,0.139938,-0.223631,0.023744,-0.547737,0.028237,0.003345,0.610901,-0.070904,-0.022364,-0.34067,0.174482,0.0,-0.21448,0.0,-0.0,0.0,0.099066,-0.174482,0.0,-0.010926,0.0,0.0,0.0,-0.0,-0.0,-0.0,-0.0,0.0,0.0,-0.0,0.0,-0.0,0.0,0.0,0.0,0.000182,0.0,0.000061,0.0,-0.000061,0.0,-0.000182,0.0,0.0,0.0,-0.018604,
0.0,1.926918,0.865072,-0.000066,0.0,1.570796,0.0,1.068,-0.099355,0.0,0.0,0.0,0.178593,-0.024019,0.002228,0.140195,-0.232775,0.023744,-0.54213,0.027651,0.002869,0.570239,-0.089272,-0.02295,-0.346098,0.174482,0.0,-0.218827,0.0,0.0,0.0,0.105613,-0.174482,-0.0,-0.010926,0.0,0.0,0.0,-0.0,0.0,0.0,0.0,0.0,0.0,0.0,0.0,0.0,0.0,0.0,0.0,0.000182,0.0,0.000061,0.0,-0.000061,0.0,-0.000182,0.0,-0.0,0.0,-0.019135,
0.0,1.937598,0.864078,-0.000066,0.0,1.570796,-0.0,1.068,-0.099348,0.0,0.0,0.0,0.190654,-0.024074,0.001294,0.140452,-0.24192,0.023744,-0.536523,0.027065,0.002393,0.529578,-0.107639,-0.023536,-0.351526,0.174482,-0.0,-0.223175,-0.0,0.0,0.0,0.112159,-0.174482,0.0,-0.010926,0.0,0.0,0.0,0.0,0.0,0.0,0.0,-0.0,0.0,-0.0,0.0,-0.0,0.0,0.0,0.0,0.000182,0.0,0.000061,0.0,-0.000061,0.0,-0.000182,-0.0,0.0,0.0,-0.019666,
0.0,1.948575,0.863173,-0.000066,0.0,1.570796,0.0,1.097708,-0.090511,0.0,0.0,0.0,0.202857,-0.024141,0.000214,0.140721,-0.249266,0.023832,-0.53166,0.026589,0.001959,0.495781,-0.12552,-0.024006,-0.35566,0.174482,-0.0,-0.226712,0.0,0.0,0.0,0.118382,-0.174482,0.0,-0.010926,0.0,0.0,0.0,0.0,0.0,0.0,0.0,0.0,0.0,-0.0,0.0,0.0,0.0,0.0,0.0,0.000182,0.0,0.000061,0.0,-0.000061,0.0,-0.000182,0.0,-0.0,0.0,-0.020063,
0.0,1.960147,0.862445,-0.000066,0.0,1.570796,0.0,1.157262,-0.072822,0.0,0.0,0.0,0.215348,-0.024232,-0.001159,0.141015,-0.253014,0.024098,-0.528284,0.026332,0.001611,0.475673,-0.142431,-0.024244,-0.357205,0.174482,0.0,-0.228629,0.0,0.0,0.0,0.12396,-0.174482,0.0,-0.010926,0.0,0.0,0.0,0.0,0.0,-0.0,-0.0,0.0,0.0,-0.0,0.0,0.0,0.0,0.0,0.0,0.000182,0.0,0.000061,0.0,-0.000061,0.0,-0.000182,0.0,0.0,0.0,-0.020191,
0.0,1.97172,0.861717,-0.000066,0.0,1.570796,0.0,1.157262,-0.072822,0.0,0.0,0.0,0.227838,-0.024324,-0.002533,0.141308,-0.256761,0.024363,-0.524908,0.026076,0.001264,0.455563,-0.159344,-0.024483,-0.358749,0.174482,0.0,-0.230546,-0.0,-0.0,-0.0,0.129538,-0.174482,0.0,-0.010926,0.0,0.0,0.0,0.0,-0.0,0.0,0.0,0.0,0.0,0.0,0.0,0.0,0.0,0.0,0.0,0.000182,0.0,0.000061,0.0,-0.000061,-0.0,-0.000182,0.0,-0.0,0.0,-0.02032,
0.0,1.983292,0.860988,-0.000066,0.0,1.570796,-0.0,1.157216,-0.072815,0.0,0.0,0.0,0.240328,-0.024415,-0.003906,0.141602,-0.260509,0.024629,-0.521532,0.025819,0.000916,0.435458,-0.176254,-0.024721,-0.360293,0.174482,0.0,-0.232463,0.0,0.0,0.0,0.135115,-0.174482,0.0,-0.010926,0.0,0.0,0.0,0.0,0.0,0.0,0.0,0.0,0.0,0.0,0.0,0.0,0.0,0.0,0.0,0.000182,0.0,0.000061,0.0,-0.000061,0.0,-0.000182,0.0,0.0,0.0,-0.020448,
0.0,1.995382,0.860687,-0.000066,0.0,1.570796,0.0,1.208956,-0.030186,0.0,0.0,0.0,0.252369,-0.024543,-0.005462,0.141859,-0.255158,0.024895,-0.515363,0.025746,0.000916,0.425589,-0.180634,-0.024721,-0.35663,0.174482,0.0,-0.229608,0.0,0.0,0.0,0.140384,-0.174482,0.0,-0.010926,0.0,0.0,0.0,-0.0,0.0,-0.0,0.0,0.0,0.0,-0.0,0.0,0.0,-0.0,0.0,0.0,0.000182,0.0,0.000061,0.0,-0.000061,0.0,-0.000182,0.0,0.0,0.0,-0.02129,
0.0,2.007471,0.860385,-0.000066,0.0,1.570796,-0.0,1.208986,-0.03017,0.0,0.0,0.0,0.26441,-0.024671,-0.007019,0.142116,-0.249806,0.02516,-0.509193,0.025673,0.000916,0.415723,-0.185011,-0.024721,-0.352966,0.174482,0.0,-0.226751,-0.0,-0.0,0.0,0.145653,-0.174482,0.0,-0.010926,-0.0,-0.0,-0.0,0.0,-0.0,-0.0,0.0,0.0,0.0,0.0,0.0,-0.0,0.0,-0.0,-0.0,0.000182,0.0,0.000061,-0.0,-0.000061,0.0,-0.000182,0.0,0.0,0.0,-0.022132,
0.0,2.019561,0.860083,-0.000066,0.0,1.570796,0.0,1.20894,-0.03017,0.0,0.0,0.0,0.276451,-0.0248,-0.008575,0.142373,-0.244453,0.025426,-0.503023,0.0256,0.000916,0.405857,-0.189387,-0.024721,-0.349301,0.174482,0.0,-0.223894,-0.0,-0.0,-0.0,0.150922,-0.174482,0.0,-0.010926,0.0,0.0,0.0,0.0,-0.0,0.0,0.0,0.0,0.0,0.0,0.0,0.0,0.0,0.0,0.0,0.000182,0.0,0.000061,0.0,-0.000061,0.0,-0.000182,0.0,-0.0,0.0,-0.022975,
0.0,2.032084,0.859844,-0.000066,0.0,1.570796,0.0,1.25226,-0.023904,0.0,0.0,0.0,0.288119,-0.024915,-0.010046,0.142551,-0.231892,0.025563,-0.497333,0.025612,0.001013,0.404311,-0.185187,-0.024721,-0.342918,0.174482,0.0,-0.220094,-0.0,0.0,0.0,0.156181,-0.174482,0.0,-0.010926,0.0,0.0,0.0,0.0,0.0,-0.0,0.0,0.0,0.0,-0.0,0.0,0.0,0.0,0.0,0.0,0.000182,0.0,0.000061,0.0,-0.000061,0.0,-0.000182,0.0,0.0,0.0,-0.024256,
0.0,2.044823,0.859637,-0.000066,0.0,1.570796,0.0,1.273927,-0.020759,0.0,0.0,0.0,0.299601,-0.025025,-0.011475,0.142688,-0.215719,0.025636,-0.491883,0.025667,0.00116,0.406928,-0.176694,-0.024721,-0.335173,0.174482,0.0,-0.215821,-0.0,0.0,0.0,0.161435,-0.174482,0.0,-0.010926,0.0,0.0,0.0,0.0,0.0,-0.0,0.0,-0.0,0.0,-0.0,0.0,0.0,0.0,0.0,0.0,0.000182,0.0,0.000061,0.0,-0.000061,0.0,-0.000182,0.0,0.0,0.0,-0.025758,
0.0,2.057562,0.859429,-0.000066,0.0,1.570796,0.0,1.273881,-0.020767,0.0,0.0,0.0,0.311083,-0.025135,-0.012903,0.142826,-0.199547,0.025709,-0.486433,0.025722,0.001306,0.409546,-0.168201,-0.024721,-0.327429,0.174482,0.0,-0.211548,0.0,0.0,0.0,0.166689,-0.174482,0.0,-0.010926,0.0,0.0,0.0,0.0,0.0,-0.0,-0.0,0.0,0.0,0.0,0.0,-0.0,0.0,0.0,0.0,0.000182,0.0,0.000061,0.0,-0.000061,0.0,-0.000182,0.0,0.0,0.0,-0.02726,
0.0,2.070439,0.859255,-0.000066,0.0,1.570796,0.0,1.287705,-0.017378,0.0,0.0,0.0,0.322334,-0.025257,-0.014362,0.142964,-0.180312,0.025673,-0.480983,0.025804,0.001514,0.413537,-0.158343,-0.024666,-0.318692,0.174482,0.0,-0.207178,-0.0,0.0,0.0,0.171393,-0.174482,0.0,-0.010926,0.0,-0.0,-0.0,0.0,0.0,0.0,0.0,-0.0,0.0,0.0,0.0,0.0,0.0,0.0,-0.0,0.000182,0.0,0.000061,0.0,-0.000061,0.0,-0.000182,0.0,0.0,0.0,-0.028822,
0.0,2.083591,0.859149,-0.000066,0.0,1.570796,0.0,1.315293,-0.010617,0.0,0.0,0.0,0.333126,-0.025404,-0.015882,0.143101,-0.154936,0.025417,-0.475533,0.025941,0.001843,0.420279,-0.14575,-0.024501,-0.307965,0.174482,-0.0,-0.202613,0.0,0.0,0.0,0.174996,-0.174482,-0.0,-0.010926,0.0,-0.0,-0.0,-0.0,0.0,0.0,0.0,0.0,0.0,0.0,0.0,0.0,0.0,0.0,-0.0,0.000182,0.0,0.000061,0.0,-0.000061,0.0,-0.000182,-0.0,0.0,0.0,-0.030507,
0.0,2.096744,0.859043,-0.000066,0.0,1.570796,0.0,1.315247,-0.010609,0.0,0.0,0.0,0.343917,-0.02555,-0.017401,0.143239,-0.129557,0.02516,-0.470083,0.026079,0.002173,0.427021,-0.133156,-0.024336,-0.297239,0.174482,0.0,-0.198049,0.0,0.0,0.0,0.178599,-0.174482,0.0,-0.010926,0.0,0.0,0.0,-0.0,0.0,0.0,0.0,-0.0,0.0,0.0,0.0,0.0,0.0,0.0,0.0,0.000182,0.0,0.000061,0.0,-0.000061,0.0,-0.000182,0.0,0.0,0.0,-0.032192,
0.0,2.109897,0.858937,-0.000066,0.0,1.570796,0.0,1.315262,-0.010617,0.0,0.0,0.0,0.354709,-0.025697,-0.018921,0.143377,-0.104183,0.024904,-0.464633,0.026216,0.002502,0.433763,-0.120564,-0.024171,-0.286513,0.174482,0.0,-0.193485,0.0,-0.0,-0.0,0.182202,-0.174482,-0.0,-0.010926,0.0,0.0,0.0,-0.0,-0.0,0.0,0.0,0.0,0.0,0.0,0.0,0.0,0.0,0.0,0.0,0.000182,0.0,0.000061,0.0,-0.000061,0.0,-0.000182,0.0,0.0,0.0,-0.033877,
0.0,2.121158,0.859317,-0.000066,0.0,1.570796,-0.0,1.126096,0.038084,0.0,0.0,0.0,0.362476,-0.025642,-0.017933,0.14301,-0.069002,0.0243,-0.455936,0.026353,0.003052,0.432003,-0.101155,-0.023897,-0.277217,0.174482,0.0,-0.190431,0.0,0.0,0.0,0.177113,-0.174482,0.0,-0.010926,0.0,0.0,0.0,0.0,0.0,0.0,0.0,0.0,0.0,0.0,-0.0,0.0,0.0,0.0,0.0,0.000182,0.0,0.000061,0.0,-0.000061,-0.0,-0.000182,0.0,-0.0,0.0,-0.03309,
0.0,2.132418,0.859698,-0.000066,0.0,1.570796,0.0,1.126004,0.038092,0.0,0.0,0.0,0.370243,-0.025587,-0.016944,0.142642,-0.033803,0.023695,-0.447239,0.026491,0.003601,0.430241,-0.081743,-0.023622,-0.267921,0.174482,-0.0,-0.187378,0.0,0.0,0.0,0.172022,-0.174482,0.0,-0.010926,-0.0,0.0,0.0,-0.0,0.0,0.0,0.0,-0.0,-0.0,-0.0,-0.0,0.0,0.0,-0.0,0.0,0.000182,0.0,0.000061,0.0,-0.000061,0.0,-0.000182,0.0,0.0,0.0,-0.032302,
0.0,2.143678,0.860079,-0.000066,0.0,1.570796,0.0,1.126035,0.038092,0.0,0.0,0.0,0.378009,-0.025532,-0.015956,0.142275,0.001388,0.023091,-0.438541,0.026628,0.00415,0.428479,-0.062331,-0.023347,-0.258625,0.174482,0.0,-0.184325,0.0,0.0,0.0,0.16693,-0.174482,0.0,-0.010926,0.0,0.0,0.0,0.0,0.0,-0.0,0.0,-0.0,0.0,-0.0,0.0,-0.0,0.0,0.0,0.0,0.000182,0.0,0.000061,0.0,-0.000061,0.0,-0.000182,0.0,-0.0,0.0,-0.031515,
-0.0,2.15435,0.860623,-0.000066,0.0,1.570796,-0.0,1.06715,0.054331,0.0,0.0,0.0,0.352937,-0.025721,-0.013307,0.198576,0.026573,0.02256,-0.431084,0.026747,0.004468,0.431579,-0.052304,-0.02317,-0.249526,0.174482,-0.0,-0.18082,0.0,0.0,0.0,0.158979,-0.174482,0.0,-0.010926,0.0,0.0,0.0,0.0,0.0,0.0,0.0,-0.0,0.0,-0.0,0.0,0.0,0.0,0.0,0.0,0.000182,0.0,0.000061,0.0,-0.000061,0.0,-0.000182,-0.0,0.0,0.0,-0.031362,
0.0,2.164726,0.861247,-0.000066,0.0,1.570796,0.0,1.037639,0.062454,0.0,0.0,0.0,0.3114,-0.026033,-0.009828,0.283468,0.04676,0.022065,-0.424247,0.026857,0.004669,0.437112,-0.046974,-0.023042,-0.240525,0.174482,0.0,-0.177088,0.0,0.0,0.0,0.149596,-0.174482,0.0,-0.010926,0.0,0.0,0.0,0.0,0.0,-0.0,-0.0,-0.0,0.0,0.0,0.0,-0.0,0.0,0.0,0.0,0.000182,0.0,0.000061,0.0,-0.000061,-0.0,-0.000182,0.0,-0.0,0.0,-0.031527,
0.0,2.175103,0.861872,-0.000066,0.0,1.570796,0.0,1.03767,0.062462,0.0,0.0,0.0,0.269861,-0.026344,-0.006349,0.368363,0.066946,0.021571,-0.41741,0.026967,0.004871,0.442646,-0.041644,-0.022914,-0.231524,0.174482,0.0,-0.173356,0.0,0.0,0.0,0.140212,-0.174482,0.0,-0.010926,-0.0,0.0,0.0,0.0,0.0,0.0,0.0,-0.0,0.0,0.0,0.0,0.0,0.0,-0.0,0.0,0.000182,0.0,0.000061,0.0,-0.000061,0.0,-0.000182,0.0,0.0,0.0,-0.031692,
0.0,2.185355,0.862568,-0.000066,0.0,1.570796,0.0,1.025294,0.069617,0.0,0.0,0.0,0.226475,-0.026973,-0.004309,0.451705,0.089762,0.020576,-0.409821,0.02704,0.005005,0.447143,-0.038998,-0.022828,-0.222393,0.174482,-0.0,-0.169105,-0.0,0.0,-0.0,0.129971,-0.174482,0.0,-0.010926,0.0,0.0,0.0,0.0,0.0,0.0,0.0,-0.0,0.0,0.0,0.0,0.0,0.0,0.0,0.0,0.000182,0.0,0.000061,0.0,-0.000061,0.0,-0.000182,0.0,0.0,0.0,-0.032247,
0.0,2.195361,0.863407,-0.000066,0.0,1.570796,0.0,1.000528,0.083944,0.0,0.0,0.0,0.179298,-0.028236,-0.005151,0.532584,0.117856,0.018581,-0.400724,0.02704,0.005005,0.449567,-0.041727,-0.022828,-0.213003,0.174482,-0.0,-0.163814,-0.0,0.0,0.0,0.118013,-0.174482,-0.0,-0.010926,0.0,0.0,0.0,0.0,0.0,-0.0,0.0,-0.0,0.0,-0.0,0.0,0.0,-0.0,0.0,0.0,0.000182,0.0,0.000061,0.0,-0.000061,0.0,-0.000182,0.0,0.0,0.0,-0.033584,
0.0,2.205366,0.864247,-0.000066,0.0,1.570796,0.0,1.000559,0.083951,0.0,0.0,0.0,0.132101,-0.0295,-0.005994,0.613554,0.145955,0.016584,-0.391627,0.02704,0.005005,0.45199,-0.044456,-0.022828,-0.203613,0.174482,0.0,-0.158523,0.0,0.0,0.0,0.106054,-0.174482,0.0,-0.010926,0.0,0.0,0.0,-0.0,0.0,-0.0,0.0,0.0,0.0,0.0,0.0,-0.0,-0.0,0.0,0.0,0.000182,0.0,0.000061,0.0,-0.000061,0.0,-0.000182,0.0,0.0,0.0,-0.034921,
0.0,2.215372,0.865086,-0.000066,0.0,1.570796,0.0,1.000528,0.083944,0.0,0.0,0.0,0.084941,-0.030764,-0.006836,0.694345,0.174045,0.014589,-0.38253,0.02704,0.005005,0.454413,-0.047185,-0.022828,-0.194222,0.174482,0.0,-0.153232,-0.0,0.0,0.0,0.094096,-0.174482,0.0,-0.010926,-0.0,0.0,0.0,0.0,0.0,-0.0,0.0,-0.0,0.0,0.0,0.0,0.0,0.0,-0.0,0.0,0.000182,0.0,0.000061,0.0,-0.000061,0.0,-0.000182,0.0,0.0,0.0,-0.036258,
0.0,2.225439,0.866188,-0.000066,0.0,1.570796,-0.0,1.006706,0.110174,0.0,0.0,0.0,0.048479,-0.0321,-0.007788,0.740638,0.207646,0.011934,-0.370078,0.02704,0.004877,0.451466,-0.055336,-0.022969,-0.182551,0.174482,0.0,-0.144606,0.0,0.0,0.0,0.084475,-0.174482,0.0,-0.010926,0.0,0.0,0.0,0.0,0.0,0.0,0.0,0.0,0.0,-0.0,-0.0,0.0,0.0,0.0,0.0,0.000182,0.0,0.000061,0.0,-0.000061,0.0,-0.000182,0.0,0.0,0.0,-0.036075,
0.0,2.235506,0.86729,-0.000066,0.0,1.570796,0.0,1.006737,0.110182,0.0,0.0,0.0,0.012003,-0.033437,-0.00874,0.786957,0.241262,0.009278,-0.357624,0.02704,0.004749,0.448517,-0.063488,-0.023109,-0.170878,0.174482,0.0,-0.135979,-0.0,0.0,0.0,0.074854,-0.174482,0.0,-0.010926,0.0,0.0,0.0,0.0,0.0,-0.0,0.0,-0.0,0.0,-0.0,0.0,0.0,0.0,0.0,0.0,0.000182,0.0,0.000061,0.0,-0.000061,0.0,-0.000182,0.0,0.0,0.0,-0.035892,
0.0,2.245573,0.868392,-0.000066,0.0,1.570796,0.0,1.006722,0.110182,0.0,0.0,0.0,-0.024464,-0.034774,-0.009692,0.833259,0.274871,0.006623,-0.34517,0.02704,0.004621,0.445568,-0.071641,-0.023249,-0.159206,0.174482,0.0,-0.127352,0.0,0.0,0.0,0.065233,-0.174482,0.0,-0.010926,0.0,0.0,0.0,0.0,0.0,0.0,0.0,0.0,0.0,0.0,0.0,0.0,0.0,0.0,0.0,0.000182,0.0,0.000061,0.0,-0.000061,0.0,-0.000182,0.0,0.0,0.0,-0.035709,
0.0,2.255273,0.869514,-0.000066,0.0,1.570796,-0.0,0.969994,0.11227,0.0,0.0,0.0,-0.053487,-0.035269,-0.009583,0.861398,0.279823,0.005921,-0.332488,0.026955,0.004492,0.441297,-0.079527,-0.02339,-0.148499,0.174482,0.0,-0.119036,0.0,0.0,0.0,0.053444,-0.174482,0.0,-0.010926,0.0,0.0,0.0,0.0,0.0,0.0,0.0,0.0,0.0,0.0,0.0,0.0,0.0,0.0,0.0,0.000182,0.0,0.000061,0.0,-0.000061,0.0,-0.000182,0.0,0.0,0.0,-0.034403,
0.0,2.26479,0.870648,-0.000066,0.0,1.570796,0.0,0.951637,0.113314,0.0,0.0,0.0,-0.078799,-0.035342,-0.008942,0.880467,0.270435,0.006195,-0.319689,0.026827,0.004364,0.436364,-0.08728,-0.02353,-0.138275,0.174482,0.0,-0.110874,-0.0,-0.0,-0.0,0.040568,-0.174482,0.0,-0.010926,0.0,0.0,0.0,0.0,-0.0,0.0,0.0,0.0,0.0,0.0,0.0,0.0,0.0,0.0,0.0,0.000182,0.0,0.000061,0.0,-0.000061,0.0,-0.000182,0.0,0.0,0.0,-0.032535,
0.0,2.274306,0.871781,-0.000066,0.0,1.570796,0.0,0.951622,0.113321,0.0,0.0,0.0,-0.104111,-0.035416,-0.008301,0.899536,0.261047,0.00647,-0.306891,0.026698,0.004236,0.431431,-0.095033,-0.023671,-0.128051,0.174482,0.0,-0.102713,0.0,0.0,0.0,0.027692,-0.174482,0.0,-0.010926,0.0,0.0,0.0,0.0,0.0,0.0,0.0,0.0,0.0,-0.0,0.0,-0.0,0.0,0.0,0.0,0.000182,0.0,0.000061,0.0,-0.000061,0.0,-0.000182,0.0,0.0,0.0,-0.030667,
0.0,2.283679,0.872884,-0.000066,0.0,1.570796,0.0,0.937279,0.110368,0.0,0.0,0.0,-0.128016,-0.035348,-0.007581,0.914876,0.249109,0.006988,-0.293536,0.026582,0.00412,0.42525,-0.102335,-0.023811,-0.118405,0.174482,-0.0,-0.094829,0.0,0.0,0.0,0.013427,-0.174482,0.0,-0.010926,0.0,0.0,0.0,0.0,0.0,-0.0,0.0,-0.0,0.0,0.0,0.0,-0.0,0.0,0.0,0.0,0.000182,0.0,0.000061,0.0,-0.000061,0.0,-0.000182,0.0,-0.0,0.0,-0.02828,
0.0,2.292765,0.873929,-0.000066,0.0,1.570796,0.0,0.908623,0.104468,0.0,0.0,0.0,-0.149121,-0.035001,-0.006702,0.922754,0.232061,0.007996,-0.279061,0.026491,0.004028,0.416568,-0.108736,-0.023951,-0.109915,0.174482,0.0,-0.087498,-0.0,-0.0,-0.0,-0.003621,-0.174482,0.0,-0.010926,0.0,0.0,0.0,0.0,-0.0,-0.0,-0.0,-0.0,0.0,0.0,0.0,0.0,0.0,0.0,0.0,0.000182,0.0,0.000061,0.0,-0.000061,0.0,-0.000182,0.0,0.0,0.0,-0.024856,
0.0,2.301851,0.874974,-0.000066,0.0,1.570796,0.0,0.908608,0.104476,0.0,0.0,0.0,-0.170228,-0.034653,-0.005823,0.930633,0.215012,0.009003,-0.264587,0.026399,0.003937,0.407887,-0.115136,-0.024092,-0.101424,0.174482,0.0,-0.080166,0.0,0.0,0.0,-0.020671,-0.174482,0.0,-0.010926,0.0,0.0,0.0,0.0,0.0,0.0,0.0,-0.0,0.0,-0.0,0.0,0.0,0.0,0.0,0.0,0.000182,0.0,0.000061,0.0,-0.000061,0.0,-0.000182,0.0,0.0,0.0,-0.021431,
0.0,2.310937,0.876019,-0.000066,0.0,1.570796,0.0,0.908578,0.104468,0.0,0.0,0.0,-0.191331,-0.034305,-0.004944,0.938511,0.197966,0.01001,-0.250114,0.026308,0.003845,0.399206,-0.121537,-0.024232,-0.092934,0.174482,0.0,-0.072835,0.0,0.0,0.0,-0.037718,-0.174482,0.0,-0.010926,0.0,0.0,0.0,0.0,0.0,-0.0,0.0,0.0,0.0,-0.0,0.0,-0.0,0.0,0.0,0.0,0.000182,0.0,0.000061,0.0,-0.000061,0.0,-0.000182,0.0,0.0,0.0,-0.018007,
0.0,2.319729,0.876973,-0.000066,0.0,1.570796,0.0,0.879205,0.095471,0.0,0.0,0.0,-0.210532,-0.03381,-0.004175,0.937877,0.180619,0.011017,-0.232797,0.026198,0.003845,0.384614,-0.12517,-0.024293,-0.08434,0.174482,0.0,-0.065526,0.0,0.0,0.0,-0.055251,-0.174482,0.0,-0.008528,0.0,0.0,0.0,-0.0,0.0,0.0,0.0,0.0,0.0,0.0,0.0,0.0,0.0,0.0,0.0,0.000182,0.0,0.000061,0.0,-0.000061,0.0,-0.000182,0.0,-0.0,0.0,-0.014308,
0.0,2.328521,0.877928,-0.000066,0.0,1.570796,0.0,0.87919,0.095471,0.0,0.0,0.0,-0.229734,-0.033316,-0.003406,0.937241,0.163269,0.012024,-0.215476,0.026088,0.003845,0.37002,-0.128803,-0.024354,-0.075745,0.174482,0.0,-0.058216,0.0,0.0,0.0,-0.072787,-0.174482,0.0,-0.006129,0.0,0.0,0.0,0.0,0.0,0.0,0.0,-0.0,0.0,-0.0,0.0,-0.0,0.0,0.0,0.0,0.000182,0.0,0.000061,0.0,-0.000061,0.0,-0.000182,0.0,0.0,0.0,-0.010609,
0.0,2.337312,0.878883,-0.000066,0.0,1.570796,0.0,0.879174,0.095471,0.0,0.0,0.0,-0.248934,-0.032821,-0.002637,0.936604,0.145921,0.013031,-0.198158,0.025978,0.003845,0.355426,-0.132436,-0.024415,-0.06715,0.174482,0.0,-0.050907,0.0,0.0,0.0,-0.090321,-0.174482,0.0,-0.00373,0.0,0.0,0.0,0.0,0.0,0.0,0.0,0.0,0.0,0.0,0.0,-0.0,0.0,0.0,0.0,0.000182,0.0,0.000061,0.0,-0.000061,0.0,-0.000182,0.0,-0.0,0.0,-0.006911,
0.0,2.346174,0.879421,-0.000066,0.0,1.570796,0.0,0.886196,0.0538,0.0,0.0,0.0,-0.269484,-0.0324,-0.001978,0.935299,0.131101,0.01388,-0.184358,0.025941,0.003845,0.347969,-0.13645,-0.024476,-0.058131,0.174482,0.0,-0.043672,0.0,0.0,0.0,-0.105387,-0.174482,-0.0,-0.008079,0.0,0.0,0.0,0.0,0.0,-0.0,0.0,0.0,0.0,0.0,0.0,0.0,0.0,0.0,0.0,0.000182,0.0,0.000061,0.0,-0.000061,0.0,-0.000182,0.0,0.0,0.0,-0.00337,
0.0,2.355071,0.87975,-0.000066,0.0,1.570796,0.0,0.889692,0.032942,0.0,0.0,0.0,-0.290713,-0.032015,-0.001374,0.933659,0.117545,0.014649,-0.172319,0.025941,0.003845,0.344085,-0.140653,-0.024537,-0.0489,0.174482,0.0,-0.036474,0.0,0.0,0.0,-0.119219,-0.174482,0.0,-0.015807,0.0,0.0,0.0,-0.0,0.0,0.0,0.0,0.0,0.0,-0.0,0.0,-0.0,0.0,0.0,0.0,0.000182,0.0,0.000061,0.0,-0.000061,0.0,-0.000182,0.0,0.0,0.0,0.000091,
0.0,2.363968,0.88008,-0.000066,0.0,1.570796,0.0,0.889677,0.032942,0.0,0.0,0.0,-0.311942,-0.031631,-0.000769,0.932018,0.103989,0.015418,-0.16028,0.025941,0.003845,0.340201,-0.144857,-0.024599,-0.039668,0.174482,0.0,-0.029277,0.0,0.0,0.0,-0.133051,-0.174482,0.0,-0.023534,-0.0,0.0,0.0,0.0,0.0,0.0,0.0,0.0,0.0,0.0,0.0,0.0,0.0,-0.0,0.0,0.000182,0.0,0.000061,0.0,-0.000061,0.0,-0.000182,0.0,-0.0,0.0,0.003551,
0.0,2.372996,0.880199,-0.000066,0.0,1.570796,0.0,0.90277,0.011916,0.0,0.0,0.0,-0.333054,-0.031356,-0.000366,0.929657,0.092159,0.016022,-0.1487,0.025923,0.003793,0.33761,-0.150102,-0.02466,-0.030218,0.174482,-0.0,-0.022068,0.0,0.0,0.0,-0.146767,-0.174482,-0.0,-0.031061,0.0,0.0,0.0,0.0,0.0,0.0,0.0,0.0,0.0,-0.0,0.0,-0.0,0.0,0.0,0.0,0.000182,-0.0,0.000061,0.0,-0.000061,0.0,-0.000182,0.0,-0.0,0.0,0.006811,
0.0,2.382285,0.879897,-0.000066,0.0,1.570796,0.0,0.928957,-0.030189,0.0,0.0,0.0,-0.353939,-0.031301,-0.000366,0.925851,0.083784,0.016297,-0.138037,0.025868,0.003638,0.33761,-0.157431,-0.024721,-0.020329,0.174482,0.0,-0.014834,0.0,0.0,0.0,-0.160253,-0.174482,0.0,-0.038186,0.0,0.0,0.0,0.0,0.0,0.0,0.0,0.0,0.0,0.0,0.0,0.0,0.0,0.0,0.0,0.000182,0.0,0.000061,0.0,-0.000061,0.0,-0.000182,0.0,-0.0,0.0,0.009668,
0.0,2.391575,0.879595,-0.000066,0.0,1.570796,0.0,0.928942,-0.030181,0.0,0.0,0.0,-0.374826,-0.031246,-0.000366,0.922046,0.075409,0.016572,-0.127374,0.025813,0.003482,0.33761,-0.164761,-0.024782,-0.010441,0.174482,-0.0,-0.007601,0.0,0.0,0.0,-0.17374,-0.174482,0.0,-0.04531,0.0,0.0,0.0,0.0,0.0,0.0,0.0,0.0,0.0,0.0,0.0,0.0,0.0,0.0,0.0,0.000182,0.0,0.000061,-0.0,-0.000061,0.0,-0.000182,0.0,-0.0,0.0,0.012524,
0.0,2.400864,0.879293,-0.000066,0.0,1.570796,-0.0,0.928942,-0.030181,0.0,0.0,0.0,-0.39571,-0.031191,-0.000366,0.918241,0.067034,0.016846,-0.116711,0.025758,0.003327,0.33761,-0.17209,-0.024843,-0.000552,0.174482,0.0,-0.000368,-0.0,0.0,0.0,-0.187226,-0.174482,0.0,-0.052435,0.0,-0.0,0.0,0.0,0.0,-0.0,0.0,-0.0,0.0,-0.0,0.0,-0.0,0.0,0.0,-0.0,0.000182,0.0,0.000061,0.0,-0.000061,0.0,-0.000182,0.0,0.0,0.0,0.015381,
0.0,2.41035,0.878513,-0.000066,0.0,1.570796,0.0,0.948598,-0.077986,0.0,0.0,0.0,-0.415293,-0.031301,-0.000806,0.91018,0.063625,0.016846,-0.106536,0.025758,0.003171,0.339281,-0.181175,-0.024857,0.012503,0.174482,0.0,-0.000366,0.0,0.0,0.0,-0.199966,-0.174482,0.0,-0.057217,0.0,0.0,0.0,0.0,0.0,0.0,0.0,0.0,0.0,0.0,0.0,-0.0,0.0,0.0,0.0,0.000182,0.0,0.000061,0.0,-0.000061,0.0,-0.000182,0.0,0.0,0.0,0.016608,
0.0,2.419836,0.877733,-0.000066,0.0,1.570796,0.0,0.948583,-0.078009,0.0,0.0,0.0,-0.434878,-0.031411,-0.001245,0.902117,0.060217,0.016846,-0.09636,0.025758,0.003015,0.340954,-0.190261,-0.024872,0.02556,0.174482,-0.0,-0.000366,0.0,0.0,0.0,-0.212707,-0.174482,0.0,-0.061998,0.0,0.0,0.0,0.0,0.0,-0.0,0.0,-0.0,0.0,0.0,0.0,0.0,0.0,0.0,0.0,0.000182,0.0,0.000061,0.0,-0.000061,0.0,-0.000182,0.0,0.0,0.0,0.017835,
0.0,2.429322,0.876953,-0.000066,0.0,1.570796,0.0,0.948598,-0.078001,0.0,0.0,0.0,-0.454461,-0.031521,-0.001684,0.894055,0.05681,0.016846,-0.086185,0.025758,0.00286,0.342626,-0.199347,-0.024887,0.038617,0.174482,0.0,-0.000366,0.0,0.0,0.0,-0.225448,-0.174482,0.0,-0.06678,0.0,0.0,0.0,0.0,0.0,0.0,0.0,-0.0,0.0,-0.0,0.0,0.0,0.0,0.0,0.0,0.000182,0.0,0.000061,-0.0,-0.000061,-0.0,-0.000182,0.0,0.0,0.0,0.019062,
0.0,2.438876,0.876179,-0.000066,0.0,1.570796,0.0,0.955419,-0.077451,0.0,0.0,0.0,-0.469602,-0.031411,-0.001953,0.879174,0.052744,0.017066,-0.074903,0.02571,0.002728,0.342255,-0.207459,-0.024901,0.050347,0.174482,0.0,-0.000366,0.0,0.0,0.0,-0.237434,-0.174482,0.0,-0.071134,0.0,0.0,0.0,0.0,0.0,-0.0,0.0,-0.0,0.0,-0.0,0.0,-0.0,0.0,0.0,0.0,0.000182,0.0,0.000061,0.0,-0.000061,-0.0,-0.000182,0.0,0.0,0.0,0.019544,
0.0,2.448464,0.875407,-0.000066,0.0,1.570796,0.0,0.958806,-0.077176,0.0,0.0,0.0,-0.482519,-0.031191,-0.002136,0.860878,0.048348,0.017396,-0.063068,0.025636,0.002609,0.340862,-0.215084,-0.024916,0.061412,0.174482,0.0,-0.000366,0.0,0.0,0.0,-0.249041,-0.174482,0.0,-0.075276,0.0,0.0,0.0,0.0,0.0,0.0,0.0,-0.0,0.0,0.0,0.0,-0.0,0.0,0.0,0.0,0.000182,-0.0,0.000061,0.0,-0.000061,-0.0,-0.000182,0.0,0.0,0.0,0.019654,
-0.0,2.458052,0.874635,-0.000066,0.0,1.570796,-0.0,0.958821,-0.077176,0.0,0.0,0.0,-0.495437,-0.030971,-0.002319,0.84258,0.043952,0.017725,-0.051233,0.025563,0.00249,0.339468,-0.222709,-0.024931,0.072478,0.174482,-0.0,-0.000366,-0.0,0.0,0.0,-0.260649,-0.174482,0.0,-0.079417,0.0,0.0,0.0,0.0,0.0,-0.0,0.0,-0.0,0.0,-0.0,0.0,0.0,-0.0,0.0,0.0,0.000182,0.0,0.000061,0.0,-0.000061,0.0,-0.000182,0.0,-0.0,0.0,0.019764,
0.0,2.467771,0.873798,-0.000066,0.0,1.570796,0.0,0.971883,-0.083706,0.0,0.0,0.0,-0.506007,-0.030618,-0.002313,0.820677,0.038519,0.018177,-0.039229,0.025514,0.002371,0.337926,-0.230024,-0.024945,0.082892,0.174482,0.0,-0.000366,0.0,0.0,0.0,-0.271669,-0.174482,0.0,-0.083498,0.0,0.0,0.0,0.0,0.0,-0.0,0.0,-0.0,0.0,-0.0,0.0,-0.0,0.0,0.0,0.0,0.000182,0.0,0.000061,0.0,-0.000061,0.0,-0.000182,0.0,0.0,0.0,0.019697,
0.0,2.477751,0.87283,-0.000066,0.0,1.570796,-0.0,0.998007,-0.096781,0.0,0.0,0.0,-0.511876,-0.029995,-0.001929,0.791541,0.031011,0.018873,-0.026887,0.025514,0.002252,0.336088,-0.236718,-0.02496,0.092003,0.174482,0.0,-0.000366,0.0,0.0,0.0,-0.28151,-0.174482,0.0,-0.087457,-0.0,-0.0,0.0,0.0,0.0,0.0,0.0,0.0,0.0,0.0,0.0,0.0,0.0,-0.0,-0.0,0.000182,0.0,0.000061,0.0,-0.000061,0.0,-0.000182,0.0,0.0,0.0,0.019276,
0.0,2.487732,0.871862,-0.000066,0.0,1.570796,0.0,0.998038,-0.096781,0.0,0.0,0.0,-0.517745,-0.029372,-0.001544,0.762399,0.023502,0.019569,-0.014543,0.025514,0.002133,0.334249,-0.243413,-0.024975,0.101114,0.174482,0.0,-0.000366,-0.0,0.0,0.0,-0.291351,-0.174482,0.0,-0.091416,0.0,0.0,0.0,0.0,0.0,0.0,0.0,-0.0,0.0,-0.0,0.0,-0.0,0.0,0.0,0.0,0.000182,0.0,0.000061,0.0,-0.000061,0.0,-0.000182,-0.0,-0.0,0.0,0.018855,
0.0,2.497712,0.870895,-0.000066,0.0,1.570796,0.0,0.998007,-0.096781,0.0,0.0,0.0,-0.523614,-0.02875,-0.00116,0.733267,0.015994,0.020264,-0.002201,0.025514,0.002014,0.332411,-0.250108,-0.024989,0.110225,0.174482,-0.0,-0.000366,0.0,0.0,0.0,-0.301192,-0.174482,0.0,-0.095375,0.0,0.0,0.0,0.0,0.0,0.0,0.0,0.0,0.0,-0.0,0.0,0.0,0.0,0.0,0.0,0.000182,0.0,0.000061,0.0,-0.000061,0.0,-0.000182,0.0,0.0,0.0,0.018434,
-0.0,2.508396,0.869747,-0.000066,0.0,1.570796,-0.0,1.068458,-0.114729,0.0,0.0,0.0,-0.522574,-0.027944,-0.000171,0.695595,0.001457,0.021107,0.012539,0.025459,0.002014,0.32718,-0.254669,-0.025004,0.119031,0.174482,0.0,-0.000366,0.0,0.0,0.0,-0.306587,-0.174482,0.0,-0.098565,0.0,0.0,0.0,-0.0,0.0,-0.0,0.0,0.0,0.0,-0.0,0.0,-0.0,0.0,0.0,0.0,0.000182,0.0,0.000061,0.0,-0.000061,0.0,-0.000182,0.0,0.0,0.0,0.019257,
0.0,2.519082,0.8686,-0.000066,0.0,1.570796,0.0,1.068504,-0.114744,0.0,0.0,0.0,-0.521532,-0.027138,0.000818,0.657902,-0.013083,0.021949,0.027282,0.025404,0.002014,0.321947,-0.25923,-0.025019,0.127838,0.174482,0.0,-0.000366,0.0,0.0,0.0,-0.31198,-0.174482,0.0,-0.101755,0.0,0.0,0.0,-0.0,0.0,-0.0,0.0,-0.0,0.0,-0.0,0.0,-0.0,0.0,0.0,0.0,0.000182,0.0,0.000061,0.0,-0.000061,0.0,-0.000182,0.0,-0.0,0.0,0.020081,
0.0,2.529767,0.867453,-0.000066,0.0,1.570796,0.0,1.068504,-0.114736,0.0,0.0,0.0,-0.520489,-0.026332,0.001806,0.620217,-0.027623,0.022791,0.042024,0.025349,0.002014,0.316715,-0.26379,-0.025033,0.136645,0.174482,0.0,-0.000366,-0.0,0.0,0.0,-0.317373,-0.174482,0.0,-0.104946,-0.0,0.0,0.0,0.0,0.0,0.0,0.0,0.0,0.0,0.0,0.0,0.0,0.0,-0.0,0.0,0.000182,0.0,0.000061,0.0,-0.000061,0.0,-0.000182,0.0,-0.0,0.0,0.020905,
-0.0,2.540836,0.866374,-0.000066,0.0,1.570796,-0.0,1.106895,-0.10786,0.0,0.0,0.0,-0.518842,-0.025746,0.002771,0.590678,-0.045963,0.023353,0.064761,0.02527,0.002197,0.296932,-0.26263,-0.025048,0.144184,0.174482,0.0,-0.000366,-0.0,0.0,0.0,-0.320261,-0.174482,-0.0,-0.107256,0.0,0.0,0.0,0.0,0.0,0.0,0.0,-0.0,0.0,0.0,0.0,-0.0,0.0,0.0,0.0,0.000182,0.0,0.000061,0.0,-0.000061,0.0,-0.000182,0.0,0.0,0.0,0.021925,
0.0,2.552097,0.86533,-0.000066,0.0,1.570796,0.0,1.126166,-0.104425,0.0,0.0,0.0,-0.516891,-0.02527,0.003723,0.565199,-0.06621,0.023774,0.09151,0.025178,0.002472,0.269854,-0.258604,-0.025062,0.151089,0.174482,0.0,-0.000366,0.0,0.0,0.0,-0.321893,-0.174482,0.0,-0.109127,-0.0,0.0,-0.0,0.0,0.0,0.0,0.0,-0.0,0.0,-0.0,0.0,0.0,0.0,-0.0,0.0,0.000182,0.0,0.000061,0.0,-0.000061,0.0,-0.000182,-0.0,0.0,0.0,0.023042,
0.0,2.563359,0.864286,-0.000066,0.0,1.570796,0.0,1.126166,-0.104418,0.0,0.0,0.0,-0.51494,-0.024794,0.004675,0.539721,-0.086457,0.024196,0.11826,0.025087,0.002747,0.242777,-0.254579,-0.025077,0.157993,0.174482,0.0,-0.000366,0.0,0.0,0.0,-0.323526,-0.174482,0.0,-0.110997,0.0,0.0,0.0,-0.0,0.0,0.0,0.0,-0.0,0.0,-0.0,0.0,0.0,0.0,0.0,0.0,0.000182,0.0,0.000061,0.0,-0.000061,0.0,-0.000182,0.0,-0.0,0.0,0.024159,
0.0,2.574867,0.863307,-0.000066,0.0,1.570796,0.0,1.150855,-0.097816,0.0,0.0,0.0,-0.514566,-0.024415,0.005481,0.522561,-0.105275,0.024513,0.144819,0.025026,0.003192,0.216249,-0.248879,-0.025087,0.164165,0.174482,0.0,-0.000366,0.0,0.0,0.0,-0.323836,-0.174482,0.0,-0.112275,0.0,0.0,0.0,-0.0,0.0,-0.0,0.0,-0.0,0.0,-0.0,0.0,0.0,0.0,0.0,0.0,0.000182,0.0,0.000061,0.0,-0.000061,0.0,-0.000182,0.0,0.0,0.0,0.025343,
0.0,2.586872,0.862461,-0.000066,0.0,1.570796,0.0,1.200445,-0.084607,0.0,0.0,0.0,-0.517351,-0.024232,0.005994,0.52205,-0.121238,0.024623,0.171021,0.025026,0.003979,0.190798,-0.239824,-0.025087,0.16887,0.174482,0.0,-0.000366,0.0,0.0,0.0,-0.321499,-0.174482,0.0,-0.112367,0.0,0.0,0.0,-0.0,0.0,0.0,0.0,0.0,0.0,0.0,0.0,0.0,0.0,0.0,0.0,0.000182,0.0,0.000061,-0.0,-0.000061,0.0,-0.000182,0.0,-0.0,0.0,0.026661,
0.0,2.598876,0.861615,-0.000066,0.0,1.570796,0.0,1.200384,-0.084607,0.0,0.0,0.0,-0.520136,-0.024049,0.006506,0.521538,-0.137202,0.024733,0.197226,0.025026,0.004767,0.165345,-0.23077,-0.025087,0.173575,0.174482,0.0,-0.000366,0.0,-0.0,-0.0,-0.319162,-0.174482,0.0,-0.112459,-0.0,0.0,0.0,-0.0,-0.0,0.0,0.0,0.0,0.0,0.0,0.0,0.0,0.0,-0.0,0.0,0.000182,0.0,0.000061,0.0,-0.000061,0.0,-0.000182,0.0,0.0,0.0,0.02798,
0.0,2.61088,0.860769,-0.000066,0.0,1.570796,0.0,1.200414,-0.084599,0.0,0.0,0.0,-0.52292,-0.023866,0.007019,0.521026,-0.153164,0.024843,0.223424,0.025026,0.005554,0.139897,-0.221716,-0.025087,0.178279,0.174482,0.0,-0.000366,-0.0,0.0,0.0,-0.316825,-0.174482,0.0,-0.112551,0.0,0.0,0.0,0.0,0.0,-0.0,0.0,-0.0,0.0,-0.0,0.0,-0.0,0.0,0.0,0.0,0.000182,0.0,0.000061,0.0,-0.000061,0.0,-0.000182,0.0,0.0,0.0,0.029298,
0.0,2.623371,0.8602,-0.000066,0.0,1.570796,0.0,1.249149,-0.056901,0.0,0.0,0.0,-0.515807,-0.023866,0.007129,0.514858,-0.158183,0.024843,0.236066,0.025062,0.006561,0.140054,-0.215988,-0.025252,0.181774,0.174482,-0.0,-0.000366,0.0,0.0,0.0,-0.309139,-0.174482,0.0,-0.109453,0.0,0.0,0.0,0.0,0.0,0.0,0.0,0.0,0.0,0.0,0.0,-0.0,0.0,0.0,0.0,0.000182,0.0,0.000061,0.0,-0.000061,0.0,-0.000182,0.0,-0.0,0.0,0.031038,
0.0,2.635863,0.859631,-0.000066,0.0,1.570796,0.0,1.24921,-0.056894,0.0,0.0,0.0,-0.508691,-0.023866,0.007239,0.508689,-0.163199,0.024843,0.248704,0.025099,0.007568,0.140219,-0.210261,-0.025416,0.185268,0.174482,0.0,-0.000366,0.0,0.0,0.0,-0.301451,-0.174482,-0.0,-0.106353,0.0,0.0,0.0,0.0,0.0,-0.0,0.0,-0.0,0.0,-0.0,0.0,-0.0,-0.0,0.0,0.0,0.000182,0.0,0.000061,0.0,-0.000061,0.0,-0.000182,-0.0,0.0,0.0,0.032778,
0.0,2.648355,0.859062,-0.000066,0.0,1.570796,0.0,1.249119,-0.056886,0.0,0.0,0.0,-0.501575,-0.023866,0.007349,0.502519,-0.168214,0.024843,0.261342,0.025136,0.008575,0.140384,-0.204534,-0.025581,0.188762,0.174482,0.0,-0.000366,0.0,0.0,0.0,-0.293763,-0.174482,-0.0,-0.103254,0.0,0.0,0.0,0.0,0.0,-0.0,0.0,-0.0,0.0,-0.0,0.0,-0.0,0.0,0.0,0.0,0.000182,0.0,0.000061,0.0,-0.000061,-0.0,-0.000182,0.0,0.0,0.0,0.034518,
0.0,2.66061,0.858885,-0.000066,0.0,1.570796,0.0,1.225495,-0.017756,0.0,0.0,0.0,-0.489635,-0.023866,0.007093,0.490405,-0.16032,0.024843,0.272879,0.025209,0.009607,0.140513,-0.191857,-0.025636,0.188567,0.174482,-0.0,-0.000366,0.0,0.0,0.0,-0.285469,-0.174482,0.0,-0.099423,0.0,0.0,0.0,0.0,0.0,-0.0,0.0,-0.0,0.0,-0.0,0.0,-0.0,0.0,0.0,0.0,0.000182,-0.0,0.000061,0.0,-0.000061,0.0,-0.000182,-0.0,0.0,0.0,0.035965,
0.0,2.672746,0.858903,-0.000066,0.0,1.570796,0.0,1.213592,0.00185,0.0,0.0,0.0,-0.475277,-0.023866,0.006653,0.475312,-0.145962,0.024843,0.283867,0.0253,0.010651,0.140623,-0.175698,-0.025636,0.186526,0.174482,0.0,-0.000366,0.0,0.0,0.0,-0.276872,-0.174482,0.0,-0.095225,0.0,0.0,0.0,0.0,0.0,0.0,0.0,0.0,0.0,0.0,0.0,0.0,0.0,0.0,0.0,0.000182,0.0,0.000061,0.0,-0.000061,0.0,-0.000182,0.0,0.0,0.0,0.037265,
0.0,2.684881,0.858922,-0.000066,0.0,1.570796,0.0,1.213562,0.00185,0.0,0.0,0.0,-0.46092,-0.023866,0.006214,0.46022,-0.131604,0.024843,0.294855,0.025392,0.011694,0.140733,-0.159539,-0.025636,0.184484,0.174482,0.0,-0.000366,0.0,0.0,0.0,-0.268275,-0.174482,-0.0,-0.091027,0.0,0.0,0.0,-0.0,0.0,-0.0,0.0,0.0,-0.0,-0.0,0.0,0.0,-0.0,0.0,0.0,0.000182,0.0,0.000061,0.0,-0.000061,0.0,-0.000182,0.0,0.0,0.0,0.038565,
0.0,2.696874,0.85913,-0.000066,0.0,1.570796,0.0,1.199339,0.020831,0.0,0.0,0.0,-0.44796,-0.023921,0.005774,0.449636,-0.118297,0.0248,0.304517,0.025471,0.012293,0.142182,-0.137898,-0.02549,0.180436,0.174482,0.0,-0.000366,-0.0,0.0,0.0,-0.259849,-0.174482,0.0,-0.086427,0.0,0.0,0.0,0.0,0.0,0.0,0.0,-0.0,0.0,-0.0,0.0,0.0,0.0,0.0,0.0,0.000182,0.0,0.000061,0.0,-0.000061,0.0,-0.000182,0.0,0.0,0.0,0.039609,
0.0,2.708582,0.859719,-0.000066,0.0,1.570796,0.0,1.170803,0.058847,0.0,0.0,0.0,-0.437796,-0.024086,0.005335,0.448077,-0.107094,0.024672,0.311525,0.025526,0.012,0.146314,-0.105262,-0.02505,0.172368,0.174482,0.0,-0.000366,0.0,0.0,0.0,-0.251766,-0.174482,0.0,-0.081021,0.0,0.0,0.0,0.0,0.0,-0.0,0.0,-0.0,-0.0,-0.0,0.0,0.0,0.0,0.0,0.0,0.000182,0.0,0.000061,0.0,-0.000061,0.0,-0.000182,0.0,-0.0,0.0,0.04014,
0.0,2.72029,0.860307,-0.000066,0.0,1.570796,0.0,1.170742,0.058854,0.0,0.0,0.0,-0.427633,-0.024251,0.004895,0.446518,-0.09589,0.024544,0.318532,0.025581,0.011707,0.150445,-0.072623,-0.024611,0.164301,0.174482,0.0,-0.000366,-0.0,0.0,0.0,-0.243684,-0.174482,0.0,-0.075615,0.0,0.0,0.0,0.0,0.0,-0.0,0.0,-0.0,-0.0,0.0,0.0,-0.0,-0.0,0.0,0.0,0.000182,0.0,0.000061,0.0,-0.000061,0.0,-0.000182,0.0,0.0,0.0,0.040672,
0.0,2.731998,0.860896,-0.000066,0.0,1.570796,0.0,1.170772,0.058847,0.0,0.0,0.0,-0.41747,-0.024415,0.004456,0.44496,-0.084687,0.024415,0.32554,0.025636,0.011414,0.154576,-0.039993,-0.024171,0.156233,0.174482,0.0,-0.000366,-0.0,0.0,0.0,-0.235601,-0.174482,0.0,-0.070209,0.0,0.0,0.0,0.0,0.0,0.0,0.0,0.0,0.0,0.0,0.0,0.0,0.0,0.0,0.0,0.000182,0.0,0.000061,0.0,-0.000061,0.0,-0.000182,0.0,-0.0,0.0,0.041203,
0.0,2.74282,0.86157,-0.000066,0.0,1.570796,0.0,1.08224,0.067386,0.0,0.0,0.0,-0.409823,-0.024489,0.004218,0.450727,-0.082027,0.024415,0.275846,0.027101,0.012183,0.26159,-0.035753,-0.023055,0.144799,0.174482,0.0,-0.000366,-0.0,0.0,0.0,-0.229408,-0.174482,0.0,-0.064475,0.0,0.0,0.0,0.0,0.0,-0.0,0.0,-0.0,0.0,-0.0,0.0,-0.0,0.0,0.0,0.0,0.000182,0.0,0.000061,0.0,-0.000061,0.0,-0.000182,0.0,0.0,0.0,0.040855,
0.0,2.753642,0.862243,-0.000066,0.0,1.570796,0.0,1.082149,0.067393,0.0,0.0,0.0,-0.402178,-0.024562,0.00398,0.456497,-0.07937,0.024415,0.226093,0.028566,0.012952,0.369048,-0.031522,-0.021938,0.133364,0.174482,0.0,-0.000366,-0.0,0.0,0.0,-0.223217,-0.174482,0.0,-0.058741,0.0,0.0,0.0,0.0,0.0,0.0,0.0,0.0,0.0,0.0,-0.0,-0.0,0.0,0.0,0.0,0.000182,0.0,0.000061,0.0,-0.000061,0.0,-0.000182,0.0,0.0,0.0,0.040507,
0.0,2.764464,0.862917,-0.000066,0.0,1.570796,0.0,1.08221,0.067386,0.0,0.0,0.0,-0.394533,-0.024635,0.003742,0.462267,-0.076713,0.024415,0.17636,0.030031,0.013721,0.476301,-0.027292,-0.02082,0.121929,0.174482,0.0,-0.000366,-0.0,0.0,0.0,-0.217025,-0.174482,0.0,-0.053007,0.0,0.0,0.0,0.0,0.0,-0.0,0.0,-0.0,0.0,0.0,0.0,-0.0,0.0,0.0,0.0,0.000182,0.0,0.000061,0.0,-0.000061,0.0,-0.000182,0.0,0.0,0.0,0.040159,
0.0,2.775009,0.863724,-0.000066,0.0,1.570796,0.0,1.054529,0.080621,0.0,0.0,0.0,-0.384854,-0.02466,0.003662,0.464192,-0.077902,0.024415,0.129965,0.032277,0.0156,0.563298,0.000769,-0.017995,0.109746,0.174482,-0.0,-0.000366,-0.0,0.0,0.0,-0.211524,-0.174482,0.0,-0.046712,0.0,0.0,0.0,0.0,0.0,-0.0,0.0,-0.0,0.0,0.0,0.0,-0.0,0.0,0.0,0.0,0.000182,0.0,0.000061,0.0,-0.000061,0.0,-0.000182,0.0,0.0,0.0,0.039835,
0.0,2.785415,0.864596,-0.000066,0.0,1.570796,0.0,1.040643,0.087235,0.0,0.0,0.0,-0.374157,-0.02466,0.003662,0.464192,-0.081018,0.024415,0.085185,0.034914,0.018036,0.640549,0.040785,-0.014315,0.097188,0.174482,0.0,-0.000366,0.0,0.0,0.0,-0.20637,-0.174482,0.0,-0.040137,0.0,0.0,0.0,0.0,0.0,-0.0,0.0,-0.0,0.0,-0.0,0.0,0.0,0.0,0.0,0.0,0.000182,0.0,0.000061,0.0,-0.000061,0.0,-0.000182,-0.0,0.0,0.0,0.039524,
0.0,2.795822,0.865468,-0.000066,0.0,1.570796,0.0,1.040643,0.087242,0.0,0.0,0.0,-0.363459,-0.02466,0.003662,0.464192,-0.084133,0.024415,0.040405,0.037551,0.020471,0.717801,0.080802,-0.010634,0.08463,0.174482,0.0,-0.000366,-0.0,0.0,0.0,-0.201215,-0.174482,-0.0,-0.033562,0.0,0.0,0.0,0.0,0.0,0.0,0.0,0.0,0.0,0.0,0.0,0.0,0.0,0.0,0.0,0.000182,0.0,0.000061,0.0,-0.000061,0.0,-0.000182,0.0,0.0,0.0,0.039213,
0.0,2.806181,0.866404,-0.000066,0.0,1.570796,0.0,1.035882,0.093574,0.0,0.0,0.0,-0.352014,-0.02466,0.003687,0.462859,-0.088268,0.024415,-0.001886,0.039957,0.022328,0.785423,0.118505,-0.007008,0.071734,0.174482,0.0,-0.000366,0.0,0.0,0.0,-0.196056,-0.174482,0.0,-0.02686,0.0,0.0,0.0,0.0,0.0,-0.0,0.0,0.0,0.0,-0.0,0.0,0.0,-0.0,0.0,0.0,0.000182,-0.0,0.000061,0.0,-0.000061,0.0,-0.000182,0.0,0.0,0.0,0.03884,
0.0,2.816444,0.867467,-0.000066,0.0,1.570796,0.0,1.02636,0.106269,0.0,0.0,0.0,-0.33907,-0.02466,0.00376,0.458854,-0.094446,0.024415,-0.03928,0.041898,0.023023,0.834146,0.151635,-0.003492,0.05816,0.174482,0.0,-0.000366,-0.0,0.0,0.0,-0.190887,-0.174482,0.0,-0.019901,0.0,0.0,0.0,0.0,0.0,0.0,0.0,0.0,0.0,0.0,0.0,-0.0,0.0,0.0,0.0,0.000182,-0.0,0.000061,0.0,-0.000061,0.0,-0.000182,0.0,0.0,0.0,0.038346,
0.0,2.826708,0.868529,-0.000066,0.0,1.570796,0.0,1.026391,0.106262,0.0,0.0,0.0,-0.326125,-0.02466,0.003833,0.45485,-0.100625,0.024415,-0.076682,0.04384,0.023719,0.882889,0.184771,0.000023,0.044586,0.174482,-0.0,-0.000366,-0.0,0.0,0.0,-0.185719,-0.174482,0.0,-0.012942,0.0,0.0,0.0,0.0,0.0,-0.0,0.0,0.0,0.0,0.0,0.0,0.0,0.0,0.0,0.0,0.000182,0.0,0.000061,0.0,-0.000061,0.0,-0.000182,0.0,0.0,0.0,0.037851,
0.0,2.836971,0.869592,-0.000066,0.0,1.570796,0.0,1.02633,0.106262,0.0,0.0,0.0,-0.313182,-0.02466,0.003906,0.450845,-0.106802,0.024415,-0.114067,0.045781,0.024415,0.931591,0.217895,0.003539,0.031013,0.174482,0.0,-0.000366,-0.0,0.0,0.0,-0.18055,-0.174482,0.0,-0.005984,0.0,0.0,0.0,0.0,0.0,-0.0,0.0,0.0,0.0,-0.0,0.0,-0.0,0.0,0.0,0.0,0.000182,0.0,0.000061,0.0,-0.000061,0.0,-0.000182,0.0,0.0,0.0,0.037357,
0.0,2.846775,0.870707,-0.000066,0.0,1.570796,0.0,0.980339,0.111546,0.0,0.0,0.0,-0.298915,-0.02455,0.004071,0.443604,-0.114176,0.024415,-0.146115,0.046771,0.024287,0.959476,0.228671,0.005114,0.016693,0.174482,-0.0,-0.002892,0.0,0.0,0.0,-0.170961,-0.174482,0.0,-0.005982,0.0,0.0,0.0,0.0,0.0,-0.0,0.0,0.0,0.0,0.0,0.0,0.0,0.0,0.0,0.0,0.000182,0.0,0.000061,0.0,-0.000061,0.0,-0.000182,0.0,-0.0,0.0,0.034904,
0.0,2.856579,0.871823,-0.000066,0.0,1.570796,0.0,0.9804,0.111546,0.0,0.0,0.0,-0.284646,-0.02444,0.004236,0.436362,-0.121551,0.024415,-0.178175,0.04776,0.024159,0.987362,0.23944,0.006689,0.002372,0.174482,0.0,-0.005419,-0.0,0.0,0.0,-0.161369,-0.174482,0.0,-0.005982,0.0,0.0,0.0,0.0,0.0,0.0,0.0,0.0,0.0,0.0,0.0,0.0,0.0,0.0,0.0,0.000182,0.0,0.000061,0.0,-0.000061,0.0,-0.000182,0.0,0.0,0.0,0.032449,
0.0,2.866382,0.872938,-0.000066,0.0,1.570796,0.0,0.980309,0.111538,0.0,0.0,0.0,-0.270379,-0.02433,0.004401,0.429121,-0.128925,0.024415,-0.210226,0.048749,0.024031,1.015243,0.250209,0.008264,-0.011947,0.174482,0.0,-0.007946,0.0,0.0,0.0,-0.151778,-0.174482,0.0,-0.005982,0.0,0.0,0.0,0.0,0.0,0.0,0.0,0.0,0.0,0.0,0.0,0.0,0.0,0.0,0.0,0.000182,0.0,0.000061,0.0,-0.000061,0.0,-0.000182,0.0,0.0,0.0,0.029995,
0.0,2.875905,0.873955,-0.000066,0.0,1.570796,0.0,0.952325,0.101633,0.0,0.0,0.0,-0.254559,-0.024257,0.004517,0.418643,-0.134872,0.024415,-0.235015,0.049567,0.024366,1.029924,0.24687,0.008924,-0.026294,0.174482,0.0,-0.014086,-0.0,0.0,0.0,-0.141498,-0.174482,0.0,-0.005982,0.0,0.0,0.0,0.0,0.0,-0.0,0.0,-0.0,0.0,0.0,0.0,0.0,0.0,0.0,0.0,0.000182,0.0,0.000061,0.0,-0.000061,0.0,-0.000182,0.0,0.0,0.0,0.026821,
0.0,2.885287,0.874921,-0.000066,0.0,1.570796,0.0,0.938165,0.096658,0.0,0.0,0.0,-0.23796,-0.024202,0.004608,0.406547,-0.140103,0.024415,-0.256175,0.0503,0.024934,1.038001,0.23647,0.009125,-0.040653,0.174482,-0.0,-0.022033,0.0,0.0,0.0,-0.130873,-0.174482,0.0,-0.005982,0.0,0.0,0.0,-0.0,0.0,0.0,0.0,-0.0,0.0,-0.0,0.0,-0.0,0.0,0.0,0.0,0.000182,-0.0,0.000061,0.0,-0.000061,0.0,-0.000182,0.0,0.0,0.0,0.023287,
0.0,2.894669,0.875888,-0.000066,0.0,1.570796,0.0,0.938195,0.096658,0.0,0.0,0.0,-0.221362,-0.024147,0.0047,0.39445,-0.145335,0.024415,-0.277335,0.051032,0.025502,1.046078,0.226069,0.009326,-0.055013,0.174482,0.0,-0.029981,-0.0,0.0,0.0,-0.120247,-0.174482,0.0,-0.005982,0.0,0.0,0.0,0.0,0.0,0.0,0.0,0.0,0.0,0.0,0.0,0.0,0.0,0.0,0.0,0.000182,0.0,0.000061,0.0,-0.000061,0.0,-0.000182,0.0,0.0,0.0,0.019753,
0.0,2.903989,0.87687,-0.000066,0.0,1.570796,0.0,0.932,0.098252,0.0,0.0,0.0,-0.203429,-0.02411,0.004761,0.379629,-0.149203,0.024415,-0.297811,0.051368,0.025661,1.051436,0.214368,0.009034,-0.069999,0.174482,0.0,-0.038528,0.0,0.0,0.0,-0.109699,-0.174482,0.0,-0.005982,0.0,0.0,0.0,0.0,0.0,-0.0,0.0,0.0,0.0,-0.0,0.0,-0.0,0.0,0.0,0.0,0.000182,0.0,0.000061,0.0,-0.000061,0.0,-0.000182,0.0,-0.0,0.0,0.015968,
0.0,2.913182,0.877884,-0.000066,0.0,1.570796,0.0,0.919396,0.10141,0.0,0.0,0.0,-0.182821,-0.02411,0.004761,0.359355,-0.150341,0.024415,-0.316921,0.05091,0.025002,1.051351,0.200061,0.007752,-0.08624,0.174482,0.0,-0.048273,-0.0,0.0,0.0,-0.099305,-0.174482,-0.0,-0.005982,0.0,0.0,0.0,0.0,0.0,0.0,0.0,0.0,-0.0,0.0,0.0,0.0,0.0,0.0,0.0,0.000182,0.0,0.000061,0.0,-0.000061,0.0,-0.000182,0.0,0.0,0.0,0.011683,
0.0,2.922377,0.878899,-0.000066,0.0,1.570796,0.0,0.919457,0.101417,0.0,0.0,0.0,-0.162211,-0.02411,0.004761,0.339077,-0.15148,0.024415,-0.336034,0.050452,0.024342,1.051267,0.18575,0.00647,-0.102483,0.174482,0.0,-0.058018,0.0,0.0,0.0,-0.088909,-0.174482,0.0,-0.005982,0.0,0.0,0.0,-0.0,0.0,0.0,0.0,-0.0,0.0,-0.0,0.0,-0.0,0.0,0.0,0.0,0.000182,0.0,0.000061,0.0,-0.000061,0.0,-0.000182,0.0,0.0,0.0,0.007398,
0.0,2.931571,0.879913,-0.000066,0.0,1.570796,0.0,0.919396,0.101402,0.0,0.0,0.0,-0.141605,-0.02411,0.004761,0.318804,-0.152618,0.024415,-0.355143,0.049995,0.023683,1.051182,0.171439,0.005188,-0.118724,0.174482,0.0,-0.067763,0.0,0.0,0.0,-0.078515,-0.174482,0.0,-0.005982,0.0,0.0,0.0,0.0,0.0,-0.0,0.0,0.0,0.0,0.0,0.0,0.0,0.0,0.0,0.0,0.000182,0.0,0.000061,0.0,-0.000061,0.0,-0.000182,0.0,0.0,0.0,0.003113,
0.0,2.940551,0.880211,-0.000066,0.0,1.570796,0.0,0.898008,0.029822,0.0,0.0,0.0,-0.121872,-0.02411,0.004669,0.299913,-0.154198,0.024415,-0.375562,0.048804,0.022163,1.047632,0.157126,0.003302,-0.135083,0.174482,-0.0,-0.078045,-0.0,0.0,0.0,-0.068841,-0.174482,-0.0,-0.005982,0.0,0.0,0.0,0.0,0.0,-0.0,0.0,-0.0,0.0,-0.0,0.0,-0.0,0.0,0.0,0.0,0.000182,0.0,0.000061,0.0,-0.000061,0.0,-0.000182,0.0,-0.0,0.0,-0.001117,
0.0,2.949531,0.880509,-0.000066,0.0,1.570796,0.0,0.897947,0.029806,0.0,0.0,0.0,-0.102137,-0.02411,0.004578,0.28102,-0.155777,0.024415,-0.395983,0.047613,0.020643,1.044082,0.142816,0.001416,-0.151444,0.174482,-0.0,-0.088327,-0.0,0.0,0.0,-0.059168,-0.174482,0.0,-0.005982,0.0,0.0,0.0,0.0,0.0,0.0,0.0,0.0,0.0,0.0,0.0,-0.0,0.0,0.0,0.0,0.000182,0.0,0.000061,0.0,-0.000061,-0.0,-0.000182,0.0,-0.0,0.0,-0.005347,
0.0,2.958511,0.880807,-0.000066,0.0,1.570796,0.0,0.897978,0.029806,0.0,0.0,0.0,-0.082403,-0.02411,0.004486,0.262128,-0.157357,0.024415,-0.416402,0.046423,0.019123,1.040531,0.128508,-0.00047,-0.167804,0.174482,-0.0,-0.09861,0.0,0.0,0.0,-0.049495,-0.174482,0.0,-0.005982,0.0,0.0,0.0,0.0,0.0,-0.0,0.0,-0.0,0.0,-0.0,0.0,-0.0,0.0,0.0,0.0,0.000182,0.0,0.000061,0.0,-0.000061,0.0,-0.000182,0.0,0.0,0.0,-0.009577,
0.0,2.967695,0.880728,-0.000066,0.0,1.570796,0.0,0.918488,-0.007919,0.0,0.0,0.0,-0.067302,-0.02411,0.004456,0.252941,-0.160162,0.024415,-0.435536,0.045183,0.01764,1.033717,0.118238,-0.002155,-0.183254,0.174482,0.0,-0.108359,0.0,0.0,0.0,-0.040032,-0.174482,0.0,-0.005982,0.0,0.0,0.0,0.0,0.0,-0.0,0.0,0.0,0.0,0.0,0.0,0.0,0.0,0.0,0.0,0.000182,0.0,0.000061,0.0,-0.000061,0.0,-0.000182,0.0,-0.0,0.0,-0.012879,
0.0,2.976984,0.88046,-0.000066,0.0,1.570796,0.0,0.928804,-0.026794,0.0,0.0,0.0,-0.054516,-0.02411,0.004456,0.248604,-0.163579,0.024415,-0.454031,0.04392,0.016175,1.025269,0.109985,-0.003739,-0.198253,0.174482,0.0,-0.117843,0.0,0.0,0.0,-0.030673,-0.174482,0.0,-0.005982,0.0,0.0,0.0,0.0,0.0,-0.0,0.0,0.0,0.0,-0.0,0.0,-0.0,0.0,0.0,0.0,0.000182,0.0,0.000061,0.0,-0.000061,0.0,-0.000182,0.0,0.0,0.0,-0.015717,
0.0,2.986272,0.880192,-0.000066,0.0,1.570796,0.0,0.928804,-0.026794,0.0,0.0,0.0,-0.041729,-0.02411,0.004456,0.244267,-0.166996,0.024415,-0.472525,0.042656,0.01471,1.016822,0.101733,-0.005323,-0.213251,0.174482,0.0,-0.127327,0.0,0.0,0.0,-0.021315,-0.174482,0.0,-0.005982,0.0,0.0,0.0,0.0,0.0,-0.0,0.0,0.0,-0.0,0.0,0.0,0.0,0.0,0.0,0.0,0.000182,0.0,0.000061,0.0,-0.000061,0.0,-0.000182,0.0,0.0,0.0,-0.018556,
0.0,2.995732,0.879755,-0.000066,0.0,1.570796,0.0,0.946048,-0.043722,0.0,0.0,0.0,-0.029238,-0.024086,0.004456,0.240866,-0.171334,0.024385,-0.488679,0.04138,0.013324,1.005411,0.092548,-0.006906,-0.227732,0.174482,0.0,-0.136385,0.0,-0.0,-0.0,-0.012073,-0.174482,0.0,-0.005982,0.0,0.0,0.0,-0.0,-0.0,0.0,0.0,0.0,0.0,-0.0,0.0,0.0,0.0,0.0,0.0,0.000182,0.0,0.000061,0.0,-0.000061,0.0,-0.000182,0.0,0.0,0.0,-0.020863,
0.0,3.005538,0.878979,-0.000066,0.0,1.570796,0.0,0.980626,-0.077602,0.0,0.0,0.0,-0.017335,-0.024013,0.004456,0.239335,-0.177512,0.024293,-0.500157,0.04008,0.012098,0.98807,0.081497,-0.00849,-0.241183,0.174482,-0.0,-0.144592,0.0,0.0,0.0,-0.003063,-0.174482,0.0,-0.005982,0.0,0.0,0.0,-0.0,0.0,0.0,0.0,0.0,0.0,0.0,0.0,0.0,0.0,0.0,0.0,0.000182,0.0,0.000061,0.0,-0.000061,0.0,-0.000182,0.0,-0.0,0.0,-0.022108,
0.0,3.015344,0.878203,-0.000066,0.0,1.570796,0.0,0.980596,-0.077595,0.0,0.0,0.0,-0.005431,-0.023939,0.004456,0.237805,-0.183689,0.024202,-0.511635,0.038779,0.010871,0.970729,0.070447,-0.010074,-0.254634,0.174482,-0.0,-0.1528,0.0,0.0,0.0,0.005946,-0.174482,0.0,-0.005982,0.0,0.0,0.0,0.0,0.0,0.0,0.0,0.0,-0.0,-0.0,0.0,0.0,0.0,0.0,0.0,0.000182,0.0,0.000061,0.0,-0.000061,-0.0,-0.000182,0.0,0.0,0.0,-0.023353,
0.0,3.025151,0.877427,-0.000066,0.0,1.570796,0.0,0.980626,-0.077595,0.0,0.0,0.0,0.006472,-0.023866,0.004456,0.236273,-0.189867,0.02411,-0.523111,0.037479,0.009644,0.953388,0.059396,-0.011658,-0.268085,0.174482,0.0,-0.161007,0.0,0.0,0.0,0.014955,-0.174482,0.0,-0.005982,0.0,0.0,0.0,0.0,0.0,0.0,0.0,0.0,0.0,-0.0,0.0,0.0,-0.0,0.0,0.0,0.000182,0.0,0.000061,0.0,-0.000061,0.0,-0.000182,0.0,0.0,0.0,-0.024599,
0.0,3.034766,0.876656,-0.000066,0.0,1.570796,0.0,0.961553,-0.077031,0.0,0.0,0.0,0.020445,-0.023866,0.004456,0.230155,-0.193896,0.024087,-0.526925,0.036325,0.008838,0.923087,0.048078,-0.013032,-0.279908,0.174482,-0.0,-0.167624,0.0,0.0,0.0,0.022225,-0.174482,0.0,-0.005982,0.0,0.0,0.0,-0.0,0.0,0.0,0.0,-0.0,0.0,0.0,0.0,-0.0,0.0,0.0,0.0,0.000182,0.0,0.000061,0.0,-0.000061,0.0,-0.000182,0.0,0.0,0.0,-0.024745,
0.0,3.044382,0.875886,-0.000066,0.0,1.570796,0.0,0.961553,-0.077031,0.0,0.0,0.0,0.034419,-0.023866,0.004456,0.224036,-0.197926,0.024064,-0.530738,0.035171,0.008032,0.892776,0.036758,-0.014405,-0.291732,0.174482,-0.0,-0.174241,0.0,0.0,0.0,0.029496,-0.174482,0.0,-0.005982,0.0,0.0,0.0,0.0,0.0,-0.0,0.0,-0.0,0.0,-0.0,0.0,-0.0,0.0,0.0,0.0,0.000182,0.0,0.000061,0.0,-0.000061,-0.0,-0.000182,0.0,0.0,0.0,-0.024892,
0.0,3.053997,0.875116,-0.000066,0.0,1.570796,0.0,0.961553,-0.077031,0.0,0.0,0.0,0.048392,-0.023866,0.004456,0.217918,-0.201956,0.024042,-0.534552,0.034017,0.007227,0.862471,0.025439,-0.015778,-0.303555,0.174482,-0.0,-0.180857,0.0,0.0,0.0,0.036766,-0.174482,0.0,-0.005982,0.0,0.0,0.0,-0.0,0.0,-0.0,0.0,0.0,0.0,0.0,0.0,0.0,0.0,0.0,0.0,0.000182,0.0,0.000061,0.0,-0.000061,0.0,-0.000182,0.0,0.0,0.0,-0.025038,
0.0,3.063699,0.874202,-0.000066,0.0,1.570796,0.0,0.970251,-0.091366,0.0,0.0,0.0,0.061223,-0.023866,0.004492,0.213939,-0.20627,0.024019,-0.53567,0.033047,0.006702,0.826972,0.017199,-0.016834,-0.313804,0.174482,-0.0,-0.186668,-0.0,0.0,-0.0,0.043708,-0.174482,0.0,-0.005982,-0.0,0.0,0.0,0.0,0.0,0.0,0.0,-0.0,0.0,0.0,0.0,0.0,0.0,-0.0,0.0,0.000182,0.0,0.000061,0.0,-0.000061,0.0,-0.000182,0.0,0.0,0.0,-0.025343,
0.0,3.073444,0.873217,-0.000066,0.0,1.570796,0.0,0.974494,-0.098515,0.0,0.0,0.0,0.073481,-0.023866,0.004547,0.21103,-0.210726,0.023996,-0.535442,0.032168,0.006317,0.788857,0.010497,-0.017732,-0.323266,0.174482,0.0,-0.192077,-0.0,0.0,-0.0,0.050485,-0.174482,0.0,-0.005982,0.0,0.0,0.0,0.0,0.0,0.0,0.0,0.0,0.0,0.0,0.0,-0.0,0.0,0.0,0.0,0.000182,0.0,0.000061,0.0,-0.000061,0.0,-0.000182,0.0,0.0,0.0,-0.025728,
0.0,3.08319,0.872232,-0.000066,0.0,1.570796,0.0,0.974555,-0.098522,0.0,0.0,0.0,0.085741,-0.023866,0.004602,0.208121,-0.215182,0.023973,-0.535214,0.031289,0.005933,0.750738,0.003795,-0.018629,-0.332729,0.174482,0.0,-0.197485,0.0,0.0,0.0,0.057263,-0.174482,0.0,-0.005982,0.0,0.0,0.0,-0.0,0.0,-0.0,0.0,0.0,0.0,-0.0,0.0,-0.0,0.0,0.0,0.0,0.000182,0.0,0.000061,0.0,-0.000061,0.0,-0.000182,0.0,0.0,0.0,-0.026112,
0.0,3.093101,0.871193,-0.000066,0.0,1.570796,0.0,0.991065,-0.103847,0.0,0.0,0.0,0.100532,-0.023866,0.004566,0.200736,-0.217856,0.02395,-0.534183,0.030471,0.005542,0.712536,-0.004496,-0.019484,-0.341292,0.174482,-0.0,-0.202527,0.0,0.0,0.0,0.064029,-0.174482,0.0,-0.005982,0.0,0.0,0.0,0.0,0.0,0.0,0.0,0.0,0.0,0.0,0.0,0.0,0.0,0.0,0.0,0.000182,0.0,0.000061,0.0,-0.000061,0.0,-0.000182,0.0,-0.0,0.0,-0.026662,
0.0,3.103342,0.870048,-0.000066,0.0,1.570796,0.0,1.024147,-0.114487,0.0,0.0,0.0,0.120386,-0.023866,0.004346,0.184409,-0.216972,0.023927,-0.531545,0.029775,0.005139,0.674098,-0.015959,-0.020253,-0.348061,0.174482,-0.0,-0.206835,0.0,0.0,0.0,0.070772,-0.174482,0.0,-0.005982,0.0,0.0,0.0,-0.0,0.0,-0.0,0.0,-0.0,-0.0,-0.0,0.0,-0.0,0.0,0.0,0.0,0.000182,0.0,0.000061,0.0,-0.000061,0.0,-0.000182,0.0,0.0,0.0,-0.027541,
0.0,3.113584,0.868903,-0.000066,0.0,1.570796,0.0,1.024208,-0.114495,0.0,0.0,0.0,0.140242,-0.023866,0.004126,0.168081,-0.216088,0.023904,-0.528907,0.029079,0.004736,0.635649,-0.027424,-0.021022,-0.35483,0.174482,0.0,-0.211143,0.0,0.0,0.0,0.077515,-0.174482,-0.0,-0.005982,0.0,0.0,0.0,0.0,0.0,0.0,-0.0,0.0,-0.0,0.0,-0.0,0.0,0.0,0.0,0.0,0.000182,0.0,0.000061,0.0,-0.000061,0.0,-0.000182,0.0,0.0,0.0,-0.02842,
0.0,3.123826,0.867759,-0.000066,0.0,1.570796,0.0,1.024177,-0.114487,0.0,0.0,0.0,0.160093,-0.023866,0.003906,0.15176,-0.215206,0.023881,-0.526269,0.028383,0.004333,0.597221,-0.03889,-0.021791,-0.361598,0.174482,0.0,-0.215451,-0.0,0.0,0.0,0.084258,-0.174482,0.0,-0.005982,0.0,0.0,0.0,0.0,0.0,-0.0,0.0,0.0,0.0,-0.0,-0.0,0.0,0.0,0.0,0.0,0.000182,0.0,0.000061,0.0,-0.000061,0.0,-0.000182,-0.0,0.0,0.0,-0.029299,
0.0,3.134831,0.866696,-0.000066,0.0,1.570796,0.0,1.100471,-0.106296,0.0,0.0,0.0,0.174234,-0.023939,0.003174,0.148327,-0.221177,0.023858,-0.521836,0.02787,0.003839,0.563059,-0.05756,-0.022377,-0.364559,0.174482,0.0,-0.21827,0.0,0.0,0.0,0.091151,-0.174482,0.0,-0.005982,0.0,0.0,0.0,0.0,0.0,-0.0,-0.0,0.0,-0.0,-0.0,-0.0,0.0,-0.0,0.0,0.0,0.000182,0.0,0.000061,0.0,-0.000061,0.0,-0.000182,0.0,-0.0,0.0,-0.029757,
0.0,3.145836,0.865633,-0.000066,0.0,1.570796,0.0,1.100501,-0.106304,0.0,0.0,0.0,0.188376,-0.024013,0.002441,0.144894,-0.227148,0.023836,-0.517403,0.027357,0.003345,0.528884,-0.076233,-0.022963,-0.36752,0.174482,0.0,-0.221088,0.0,0.0,0.0,0.098044,-0.174482,0.0,-0.005982,0.0,0.0,0.0,0.0,0.0,0.0,0.0,-0.0,0.0,-0.0,0.0,-0.0,0.0,0.0,0.0,0.000182,0.0,0.000061,0.0,-0.000061,0.0,-0.000182,0.0,0.0,0.0,-0.030215,
0.0,3.156841,0.86457,-0.000066,0.0,1.570796,0.0,1.100532,-0.106304,0.0,0.0,0.0,0.202518,-0.024086,0.001709,0.14146,-0.233119,0.023813,-0.512969,0.026845,0.00285,0.494713,-0.094906,-0.023549,-0.370481,0.174482,0.0,-0.223907,0.0,0.0,0.0,0.104938,-0.174482,0.0,-0.005982,0.0,0.0,0.0,-0.0,0.0,-0.0,-0.0,-0.0,0.0,-0.0,0.0,-0.0,0.0,0.0,0.0,0.000182,0.0,0.000061,0.0,-0.000061,0.0,-0.000182,0.0,0.0,0.0,-0.030673,
0.0,3.168109,0.863734,-0.000066,0.0,1.570796,0.0,1.126806,-0.083528,0.0,0.0,0.0,0.215364,-0.024171,0.000585,0.140501,-0.236546,0.023952,-0.507824,0.026527,0.002454,0.471746,-0.11161,-0.023903,-0.370349,0.174482,-0.0,-0.224931,0.0,0.0,0.0,0.111295,-0.174482,0.0,-0.005982,0.0,0.0,0.0,0.0,0.0,-0.0,0.0,0.0,-0.0,0.0,0.0,0.0,0.0,0.0,0.0,0.000182,0.0,0.000061,0.0,-0.000061,0.0,-0.000182,0.0,-0.0,0.0,-0.030605,
0.0,3.179509,0.863013,-0.000066,0.0,1.570796,0.0,1.139928,-0.072167,0.0,0.0,0.0,0.227566,-0.024263,-0.000733,0.140776,-0.238704,0.024171,-0.502322,0.026308,0.002106,0.45436,-0.127336,-0.024141,-0.368672,0.174482,-0.0,-0.22506,0.0,0.0,0.0,0.117385,-0.174482,0.0,-0.005982,0.0,0.0,0.0,0.0,0.0,0.0,0.0,0.0,0.0,0.0,0.0,0.0,0.0,0.0,0.0,0.000182,0.0,0.000061,0.0,-0.000061,0.0,-0.000182,0.0,0.0,0.0,-0.030275,
0.0,3.190908,0.862291,-0.000066,0.0,1.570796,0.0,1.139928,-0.072175,0.0,0.0,0.0,0.239767,-0.024354,-0.002051,0.141051,-0.240861,0.024391,-0.496821,0.026088,0.001758,0.436974,-0.143061,-0.024379,-0.366996,0.174482,0.0,-0.225189,-0.0,0.0,0.0,0.123475,-0.174482,0.0,-0.005982,0.0,0.0,0.0,0.0,0.0,-0.0,0.0,-0.0,-0.0,-0.0,0.0,0.0,0.0,0.0,0.0,0.000182,0.0,0.000061,0.0,-0.000061,0.0,-0.000182,0.0,-0.0,0.0,-0.029946,
0.0,3.202485,0.861697,-0.000066,0.0,1.570796,0.0,1.157719,-0.059402,0.0,0.0,0.0,0.251719,-0.024452,-0.003468,0.141315,-0.24004,0.024611,-0.491066,0.025941,0.001575,0.422795,-0.151974,-0.024537,-0.363674,0.174482,-0.0,-0.224377,0.0,0.0,0.0,0.129278,-0.174482,0.0,-0.005982,0.0,0.0,0.0,0.0,0.0,0.0,0.0,0.0,0.0,-0.0,0.0,-0.0,0.0,0.0,0.0,0.000182,0.0,0.000061,0.0,-0.000061,0.0,-0.000182,0.0,0.0,0.0,-0.029482,
0.0,3.214415,0.861358,-0.000066,0.0,1.570796,0.0,1.192965,-0.03391,0.0,0.0,0.0,0.263175,-0.024562,-0.005079,0.141553,-0.233275,0.024831,-0.484805,0.025941,0.001721,0.415013,-0.147292,-0.024537,-0.35707,0.174482,-0.0,-0.221688,0.0,0.0,0.0,0.134509,-0.174482,0.0,-0.005982,0.0,0.0,0.0,0.0,0.0,-0.0,-0.0,0.0,0.0,-0.0,0.0,-0.0,0.0,0.0,0.0,0.000182,0.0,0.000061,0.0,-0.000061,0.0,-0.000182,0.0,0.0,0.0,-0.028749,
0.0,3.226345,0.861019,-0.000066,0.0,1.570796,0.0,1.193056,-0.033918,0.0,0.0,0.0,0.274631,-0.024672,-0.006691,0.141792,-0.226509,0.02505,-0.478544,0.025941,0.001868,0.40723,-0.14261,-0.024537,-0.350465,0.174482,0.0,-0.218998,0.0,0.0,0.0,0.13974,-0.174482,0.0,-0.005982,0.0,0.0,0.0,-0.0,0.0,-0.0,0.0,0.0,0.0,-0.0,0.0,0.0,0.0,0.0,0.0,0.000182,0.0,0.000061,0.0,-0.000061,0.0,-0.000182,-0.0,0.0,0.0,-0.028016,
0.0,3.238275,0.86068,-0.000066,0.0,1.570796,0.0,1.192934,-0.033902,0.0,0.0,0.0,0.286084,-0.024781,-0.008302,0.142031,-0.219738,0.02527,-0.472285,0.025942,0.002015,0.399456,-0.13792,-0.024537,-0.343859,0.174482,0.0,-0.216307,0.0,0.0,0.0,0.144971,-0.174482,0.0,-0.005982,-0.0,0.0,0.0,-0.0,0.0,0.0,0.0,-0.0,0.0,-0.0,0.0,-0.0,0.0,-0.0,0.0,0.000182,0.0,0.000061,0.0,-0.000061,-0.0,-0.000182,0.0,0.0,0.0,-0.027285,
0.0,3.250687,0.86055,-0.000066,0.0,1.570796,0.0,1.241273,-0.012972,0.0,0.0,0.0,0.296773,-0.02491,-0.009785,0.142196,-0.201951,0.02527,-0.468991,0.026088,0.002527,0.405796,-0.117805,-0.024281,-0.332447,0.174482,-0.0,-0.211814,0.0,-0.0,0.0,0.150205,-0.174482,0.0,-0.005982,0.0,0.0,0.0,0.0,-0.0,0.0,0.0,0.0,0.0,0.0,0.0,0.0,-0.0,0.0,0.0,0.000182,0.0,0.000061,0.0,-0.000061,0.0,-0.000182,0.0,-0.0,0.0,-0.02897,
0.0,3.2631,0.86042,-0.000066,0.0,1.570796,0.0,1.241303,-0.012972,0.0,0.0,0.0,0.307463,-0.025038,-0.011268,0.142361,-0.184161,0.02527,-0.465697,0.026235,0.00304,0.412137,-0.097686,-0.024025,-0.321034,0.174482,0.0,-0.207322,0.0,0.0,0.0,0.155439,-0.174482,0.0,-0.005982,0.0,0.0,0.0,0.0,0.0,-0.0,0.0,0.0,0.0,-0.0,0.0,0.0,0.0,0.0,0.0,0.000182,0.0,0.000061,0.0,-0.000061,0.0,-0.000182,0.0,0.0,0.0,-0.030655,
0.0,3.275513,0.86029,-0.000066,0.0,1.570796,0.0,1.241273,-0.012979,0.0,0.0,0.0,0.318152,-0.025166,-0.012752,0.142526,-0.166373,0.02527,-0.462404,0.026381,0.003553,0.418477,-0.07757,-0.023768,-0.309623,0.174482,0.0,-0.202829,-0.0,0.0,0.0,0.160674,-0.174482,-0.0,-0.005982,0.0,0.0,0.0,0.0,0.0,0.0,0.0,-0.0,0.0,-0.0,0.0,-0.0,0.0,0.0,0.0,0.000182,0.0,0.000061,0.0,-0.000061,-0.0,-0.000182,0.0,0.0,0.0,-0.03234,
0.0,3.287435,0.860475,-0.000066,0.0,1.570796,0.0,1.192229,0.018428,0.0,0.0,0.0,0.3287,-0.02527,-0.013771,0.142581,-0.140996,0.025056,-0.456319,0.026515,0.003955,0.422311,-0.063385,-0.023512,-0.297579,0.174482,0.0,-0.198302,0.0,0.0,-0.0,0.162758,-0.174482,0.0,-0.005982,0.0,0.0,0.0,-0.0,0.0,-0.0,0.0,0.0,0.0,0.0,0.0,0.0,0.0,0.0,0.0,0.000182,0.0,0.000061,0.0,-0.000061,-0.0,-0.000182,0.0,0.0,0.0,-0.033255,
0.0,3.299112,0.860815,-0.000066,0.0,1.570796,0.0,1.167631,0.034074,0.0,0.0,0.0,0.339178,-0.025361,-0.014558,0.142581,-0.111831,0.024736,-0.448844,0.026644,0.004303,0.424896,-0.052157,-0.023255,-0.285222,0.174482,0.0,-0.193758,0.0,0.0,0.0,0.163273,-0.174482,0.0,-0.005982,0.0,0.0,0.0,0.0,0.0,-0.0,0.0,0.0,0.0,-0.0,0.0,0.0,0.0,0.0,0.0,0.000182,0.0,0.000061,0.0,-0.000061,0.0,-0.000182,0.0,-0.0,0.0,-0.033786,
0.0,3.310789,0.861156,-0.000066,0.0,1.570796,0.0,1.167753,0.034074,0.0,0.0,0.0,0.349657,-0.025453,-0.015345,0.142581,-0.082662,0.024415,-0.441368,0.026772,0.004651,0.427482,-0.040927,-0.022999,-0.272864,0.174482,-0.0,-0.189214,0.0,0.0,0.0,0.163787,-0.174482,-0.0,-0.005982,0.0,0.0,0.0,-0.0,0.0,-0.0,0.0,0.0,0.0,0.0,0.0,0.0,0.0,0.0,0.0,0.000182,0.0,0.000061,0.0,-0.000061,-0.0,-0.000182,0.0,0.0,0.0,-0.034317,
0.0,3.32218,0.861647,-0.000066,0.0,1.570796,0.0,1.139035,0.049125,0.0,0.0,0.0,0.357225,-0.025459,-0.014756,0.144943,-0.049407,0.024095,-0.433025,0.026857,0.004944,0.429178,-0.032226,-0.022804,-0.260598,0.174482,0.0,-0.18464,0.0,0.0,0.0,0.162418,-0.174482,0.0,-0.005982,-0.0,0.0,0.0,0.0,0.0,0.0,0.0,0.0,0.0,0.0,0.0,-0.0,0.0,-0.0,0.0,0.000182,0.0,0.000061,0.0,-0.000061,0.0,-0.000182,0.0,0.0,0.0,-0.034359,
0.0,3.332999,0.862438,-0.000066,0.0,1.570796,0.0,1.081965,0.079112,0.0,0.0,0.0,0.358993,-0.025294,-0.011424,0.152015,-0.007955,0.023774,-0.422952,0.026857,0.005127,0.429103,-0.028564,-0.022731,-0.248513,0.174482,0.0,-0.180007,0.0,0.0,0.0,0.157293,-0.174482,0.0,-0.005982,0.0,0.0,0.0,0.0,0.0,-0.0,0.0,0.0,0.0,0.0,0.0,-0.0,0.0,0.0,0.0,0.000182,0.0,0.000061,0.0,-0.000061,0.0,-0.000182,0.0,-0.0,0.0,-0.033425,
0.0,3.343819,0.86323,-0.000066,0.0,1.570796,0.0,1.081934,0.079105,0.0,0.0,0.0,0.360761,-0.025129,-0.008091,0.159086,0.033506,0.023454,-0.41288,0.026857,0.00531,0.429028,-0.024901,-0.022657,-0.236428,0.174482,0.0,-0.175374,0.0,0.0,0.0,0.152169,-0.174482,0.0,-0.005982,-0.0,0.0,0.0,-0.0,0.0,0.0,0.0,0.0,0.0,0.0,0.0,-0.0,0.0,-0.0,0.0,0.000182,0.0,0.000061,0.0,-0.000061,0.0,-0.000182,0.0,-0.0,0.0,-0.032491,
0.0,3.354636,0.864021,-0.000066,0.0,1.570796,0.0,1.081812,0.079112,0.0,0.0,0.0,0.362472,-0.024966,-0.004761,0.166254,0.074912,0.023133,-0.402807,0.026857,0.005493,0.428954,-0.021245,-0.022584,-0.224345,0.174482,-0.0,-0.17074,-0.0,0.0,0.0,0.147041,-0.174482,0.0,-0.005982,0.0,0.0,0.0,0.0,0.0,-0.0,0.0,-0.0,0.0,0.0,0.0,-0.0,0.0,0.0,0.0,0.000182,0.0,0.000061,0.0,-0.000061,0.0,-0.000182,0.0,0.0,0.0,-0.031558,
0.0,3.364327,0.864849,-0.000066,0.0,1.570796,0.0,0.969019,0.082866,0.0,0.0,0.0,0.294381,-0.025936,-0.004504,0.294006,0.077661,0.022034,-0.392788,0.026857,0.005493,0.429422,-0.025787,-0.022657,-0.213815,0.174482,-0.0,-0.165174,0.0,0.0,0.0,0.137462,-0.174482,0.0,-0.005982,-0.0,0.0,0.0,-0.0,0.0,0.0,0.0,-0.0,0.0,0.0,0.0,0.0,0.0,-0.0,0.0,0.000182,0.0,0.000061,0.0,-0.000061,0.0,-0.000182,0.0,-0.0,0.0,-0.031851,
0.0,3.374017,0.865678,-0.000066,0.0,1.570796,0.0,0.969019,0.082874,0.0,0.0,0.0,0.226184,-0.026907,-0.004248,0.422459,0.08041,0.020935,-0.382768,0.026857,0.005493,0.429891,-0.030328,-0.022731,-0.203284,0.174482,0.0,-0.159607,-0.0,0.0,-0.0,0.127882,-0.174482,0.0,-0.005982,0.0,0.0,0.0,0.0,0.0,-0.0,0.0,-0.0,0.0,0.0,0.0,0.0,0.0,0.0,0.0,0.000182,0.0,0.000061,0.0,-0.000061,0.0,-0.000182,0.0,-0.0,0.0,-0.032144,
0.0,3.383708,0.866507,-0.000066,0.0,1.570796,0.0,0.96905,0.082874,0.0,0.0,0.0,0.158037,-0.027877,-0.003992,0.550565,0.083159,0.019836,-0.372749,0.026857,0.005493,0.430359,-0.03487,-0.022804,-0.192753,0.174482,0.0,-0.15404,0.0,0.0,0.0,0.118303,-0.174482,0.0,-0.005982,0.0,0.0,0.0,-0.0,0.0,0.0,0.0,0.0,0.0,0.0,0.0,0.0,0.0,0.0,0.0,0.000182,0.0,0.000061,0.0,-0.000061,0.0,-0.000182,0.0,0.0,0.0,-0.032437,
0.0,3.393297,0.867412,-0.000066,0.0,1.570796,0.0,0.958917,0.090548,0.0,0.0,0.0,0.108677,-0.029092,-0.004615,0.632085,0.109355,0.017845,-0.361275,0.026857,0.005359,0.428152,-0.042188,-0.022926,-0.181475,0.174482,0.0,-0.146627,-0.0,-0.0,-0.0,0.108693,-0.174482,0.0,-0.005982,0.0,0.0,0.0,0.0,-0.0,-0.0,0.0,0.0,0.0,0.0,0.0,-0.0,0.0,0.0,0.0,0.000182,0.0,0.000061,0.0,-0.000061,0.0,-0.000182,0.0,0.0,0.0,-0.032204,
0.0,3.402836,0.868356,-0.000066,0.0,1.570796,0.0,0.953912,0.094378,0.0,0.0,0.0,0.06859,-0.030429,-0.005677,0.690871,0.147249,0.01541,-0.349077,0.026857,0.005157,0.424611,-0.050889,-0.023073,-0.169823,0.174482,-0.0,-0.138294,0.0,0.0,0.0,0.099067,-0.174482,0.0,-0.005982,-0.0,0.0,0.0,0.0,0.0,0.0,0.0,0.0,0.0,-0.0,0.0,0.0,0.0,-0.0,0.0,0.000182,0.0,0.000061,0.0,-0.000061,0.0,-0.000182,0.0,0.0,0.0,-0.03171,
0.0,3.412375,0.8693,-0.000066,0.0,1.570796,0.0,0.953912,0.09437,0.0,0.0,0.0,0.028503,-0.031766,-0.006739,0.749657,0.185142,0.012974,-0.336879,0.026857,0.004956,0.421071,-0.05959,-0.023219,-0.158171,0.174482,0.0,-0.12996,0.0,0.0,0.0,0.089442,-0.174482,0.0,-0.005982,0.0,0.0,0.0,-0.0,0.0,-0.0,0.0,-0.0,0.0,0.0,0.0,0.0,0.0,0.0,0.0,0.000182,0.0,0.000061,-0.0,-0.000061,0.0,-0.000182,0.0,0.0,0.0,-0.031215,
0.0,3.421954,0.87027,-0.000066,0.0,1.570796,0.0,0.95791,0.097056,0.0,0.0,0.0,-0.009177,-0.03295,-0.007526,0.800927,0.215348,0.010839,-0.324083,0.026814,0.004773,0.416539,-0.068409,-0.023366,-0.146084,0.174482,0.0,-0.120869,0.0,0.0,0.0,0.079788,-0.174482,0.0,-0.005982,0.0,0.0,0.0,0.0,0.0,-0.0,0.0,0.0,0.0,-0.0,0.0,0.0,0.0,0.0,0.0,0.000182,0.0,0.000061,0.0,-0.000061,0.0,-0.000182,0.0,0.0,0.0,-0.030286,
0.0,3.431612,0.871294,-0.000066,0.0,1.570796,0.0,0.965752,0.102367,0.0,0.0,0.0,-0.042118,-0.033829,-0.007764,0.837391,0.230284,0.009301,-0.310095,0.026686,0.004626,0.410031,-0.077462,-0.023512,-0.133129,0.174482,-0.0,-0.11027,-0.0,-0.0,-0.0,0.070077,-0.174482,0.0,-0.005982,0.0,0.0,0.0,0.0,-0.0,0.0,0.0,0.0,0.0,0.0,0.0,0.0,0.0,0.0,0.0,0.000182,0.0,0.000061,0.0,-0.000061,0.0,-0.000182,0.0,0.0,0.0,-0.028491,
0.0,3.441269,0.872318,-0.000066,0.0,1.570796,0.0,0.965722,0.102367,0.0,0.0,0.0,-0.075065,-0.034708,-0.008002,0.873863,0.24522,0.007762,-0.296106,0.026558,0.00448,0.403524,-0.086515,-0.023659,-0.120174,0.174482,0.0,-0.099671,-0.0,-0.0,-0.0,0.060367,-0.174482,0.0,-0.005982,0.0,0.0,0.0,0.0,-0.0,-0.0,0.0,-0.0,0.0,-0.0,0.0,-0.0,0.0,0.0,0.0,0.000182,0.0,0.000061,0.0,-0.000061,0.0,-0.000182,0.0,0.0,0.0,-0.026697,
0.0,3.450926,0.873341,-0.000066,0.0,1.570796,0.0,0.965691,0.102351,0.0,0.0,0.0,-0.107995,-0.035586,-0.008239,0.910301,0.260128,0.006226,-0.282118,0.02643,0.004334,0.397015,-0.095567,-0.023805,-0.107221,0.174482,0.0,-0.089073,0.0,0.0,0.0,0.050652,-0.174482,0.0,-0.005982,0.0,0.0,0.0,-0.0,0.0,0.0,0.0,0.0,0.0,0.0,0.0,0.0,0.0,0.0,0.0,0.000182,0.0,0.000061,0.0,-0.000061,0.0,-0.000182,0.0,0.0,0.0,-0.0249,
0.0,3.459821,0.874223,-0.000066,0.0,1.570796,0.0,0.88949,0.088163,0.0,0.0,0.0,-0.136243,-0.035586,-0.00747,0.929682,0.248489,0.006666,-0.267917,0.02632,0.004224,0.388528,-0.103178,-0.023952,-0.096388,0.174482,-0.0,-0.079562,-0.0,0.0,0.0,0.037008,-0.174482,0.0,-0.005982,0.0,0.0,0.0,0.0,0.0,0.0,-0.0,0.0,0.0,-0.0,0.0,0.0,0.0,0.0,0.0,0.000182,0.0,0.000061,-0.0,-0.000061,0.0,-0.000182,0.0,0.0,0.0,-0.021549,
0.0,3.468715,0.875104,-0.000066,0.0,1.570796,0.0,0.889429,0.088156,0.0,0.0,0.0,-0.164498,-0.035586,-0.006701,0.949065,0.23685,0.007105,-0.253717,0.02621,0.004114,0.380041,-0.110788,-0.024098,-0.085555,0.174482,0.0,-0.070052,0.0,0.0,0.0,0.023364,-0.174482,0.0,-0.005982,0.0,0.0,0.0,0.0,0.0,0.0,-0.0,0.0,0.0,-0.0,0.0,-0.0,0.0,0.0,0.0,0.000182,0.0,0.000061,0.0,-0.000061,0.0,-0.000182,0.0,-0.0,0.0,-0.018198,
0.0,3.47761,0.875986,-0.000066,0.0,1.570796,0.0,0.88949,0.088163,0.0,0.0,0.0,-0.192751,-0.035586,-0.005932,0.968447,0.225211,0.007545,-0.239516,0.0261,0.004004,0.371554,-0.118399,-0.024245,-0.074721,0.174482,-0.0,-0.060542,0.0,0.0,0.0,0.00972,-0.174482,-0.0,-0.005982,0.0,0.0,0.0,-0.0,0.0,0.0,-0.0,-0.0,0.0,0.0,0.0,-0.0,0.0,0.0,0.0,0.000182,0.0,0.000061,0.0,-0.000061,0.0,-0.000182,0.0,0.0,0.0,-0.014847,
0.0,3.486215,0.876889,-0.000066,0.0,1.570796,0.0,0.860467,0.090351,0.0,0.0,0.0,-0.216602,-0.035354,-0.005175,0.978575,0.212104,0.008272,-0.226301,0.026064,0.003967,0.364622,-0.1229,-0.024318,-0.06464,0.174482,-0.0,-0.051854,0.0,0.0,0.0,-0.005573,-0.174482,0.0,-0.005982,0.0,0.0,0.0,-0.0,0.0,-0.0,0.0,-0.0,-0.0,0.0,0.0,-0.0,0.0,0.0,0.0,0.000182,0.0,0.000061,0.0,-0.000061,0.0,-0.000182,0.0,-0.0,0.0,-0.011386,
0.0,3.494675,0.877804,-0.000066,0.0,1.570796,0.0,0.846063,0.091441,0.0,0.0,0.0,-0.238274,-0.035006,-0.004424,0.984101,0.198265,0.009141,-0.213575,0.026064,0.003967,0.358462,-0.125854,-0.024354,-0.054931,0.174482,0.0,-0.043576,0.0,0.0,0.0,-0.021689,-0.174482,0.0,-0.005982,-0.0,0.0,0.0,-0.0,0.0,0.0,-0.0,-0.0,0.0,0.0,0.0,0.0,0.0,-0.0,0.0,0.000182,0.0,0.000061,0.0,-0.000061,0.0,-0.000182,0.0,0.0,0.0,-0.00787,
0.0,3.503136,0.878718,-0.000066,0.0,1.570796,0.0,0.846124,0.091456,0.0,0.0,0.0,-0.259947,-0.034658,-0.003674,0.989628,0.184426,0.010011,-0.200849,0.026064,0.003967,0.352302,-0.128808,-0.024391,-0.045222,0.174482,0.0,-0.035296,0.0,0.0,0.0,-0.037805,-0.174482,0.0,-0.005982,0.0,0.0,0.0,-0.0,0.0,0.0,0.0,0.0,0.0,0.0,0.0,0.0,0.0,0.0,0.0,0.000182,0.0,0.000061,0.0,-0.000061,0.0,-0.000182,0.0,0.0,0.0,-0.004354,
0.0,3.511564,0.879489,-0.000066,0.0,1.570796,0.0,0.842829,0.077029,0.0,0.0,0.0,-0.280607,-0.03427,-0.002966,0.992373,0.170469,0.010881,-0.188034,0.026033,0.003967,0.345947,-0.131903,-0.024428,-0.03568,0.174482,-0.0,-0.027386,0.0,0.0,0.0,-0.054414,-0.174482,0.0,-0.005596,0.0,0.0,0.0,0.0,0.0,0.0,-0.0,-0.0,0.0,0.0,0.0,0.0,0.0,0.0,0.0,0.000182,0.0,0.000061,0.0,-0.000061,0.0,-0.000182,0.0,0.0,0.0,-0.000961,
0.0,3.519928,0.879973,-0.000066,0.0,1.570796,0.0,0.836361,0.04838,0.0,0.0,0.0,-0.299266,-0.033803,-0.002343,0.989586,0.156272,0.011751,-0.175039,0.025941,0.003967,0.339204,-0.13528,-0.024464,-0.026468,0.174482,0.0,-0.020207,0.0,0.0,0.0,-0.072008,-0.174482,0.0,-0.004442,0.0,0.0,0.0,0.0,0.0,-0.0,0.0,0.0,0.0,-0.0,0.0,0.0,0.0,0.0,0.0,0.000182,0.0,0.000061,0.0,-0.000061,0.0,-0.000182,0.0,-0.0,0.0,0.002189,
0.0,3.528291,0.880456,-0.000066,0.0,1.570796,0.0,0.8363,0.048365,0.0,0.0,0.0,-0.317924,-0.033336,-0.00172,0.986799,0.142077,0.012621,-0.162046,0.02585,0.003967,0.332462,-0.138657,-0.024501,-0.017257,0.174482,0.0,-0.013029,0.0,0.0,0.0,-0.089601,-0.174482,0.0,-0.003289,0.0,0.0,0.0,0.0,0.0,-0.0,0.0,-0.0,0.0,0.0,0.0,-0.0,0.0,0.0,0.0,0.000182,0.0,0.000061,0.0,-0.000061,-0.0,-0.000182,0.0,0.0,0.0,0.005338,
0.0,3.536655,0.880939,-0.000066,0.0,1.570796,0.0,0.836422,0.048304,0.0,0.0,0.0,-0.33658,-0.032869,-0.001098,0.984004,0.127883,0.01349,-0.149053,0.025758,0.003967,0.325722,-0.142037,-0.024538,-0.008041,0.174482,0.0,-0.00586,-0.0,0.0,0.0,-0.107188,-0.174482,0.0,-0.002145,-0.0,0.0,0.0,0.0,0.0,0.0,0.0,0.0,0.0,0.0,0.0,-0.0,0.0,0.0,0.0,0.000182,0.0,0.000061,0.0,-0.000061,0.0,-0.000182,0.0,0.0,0.0,0.008487,
0.0,3.545222,0.880868,-0.000066,0.0,1.570796,0.0,0.856629,-0.007138,0.0,0.0,0.0,-0.35429,-0.032402,-0.00064,0.975786,0.115578,0.014296,-0.136997,0.025758,0.003967,0.321364,-0.147307,-0.024574,0.004209,0.174482,0.0,-0.00586,0.0,0.0,0.0,-0.120492,-0.174482,0.0,-0.008737,0.0,0.0,0.0,0.0,0.0,-0.0,0.0,0.0,0.0,0.0,0.0,-0.0,0.0,0.0,0.0,0.000182,0.0,0.000061,0.0,-0.000061,0.0,-0.000182,0.0,0.0,0.0,0.010666,
0.0,3.553789,0.880796,-0.000066,0.0,1.570796,0.0,0.85669,-0.00713,0.0,0.0,0.0,-0.372002,-0.031935,-0.000182,0.967568,0.103273,0.015102,-0.124941,0.025758,0.003967,0.317005,-0.152578,-0.024611,0.016461,0.174482,0.0,-0.00586,0.0,0.0,0.0,-0.133797,-0.174482,0.0,-0.01533,-0.0,0.0,0.0,-0.0,0.0,0.0,0.0,-0.0,0.0,-0.0,0.0,-0.0,0.0,-0.0,0.0,0.000182,0.0,0.000061,0.0,-0.000061,0.0,-0.000182,0.0,0.0,0.0,0.012845,
0.0,3.562355,0.880725,-0.000066,0.0,1.570796,0.0,0.856629,-0.007138,0.0,0.0,0.0,-0.389713,-0.031468,0.000275,0.95935,0.090968,0.015908,-0.112885,0.025758,0.003967,0.312647,-0.157848,-0.024647,0.028712,0.174482,0.0,-0.00586,0.0,0.0,0.0,-0.1471,-0.174482,-0.0,-0.021922,0.0,0.0,0.0,0.0,0.0,-0.0,0.0,0.0,0.0,-0.0,0.0,-0.0,0.0,0.0,0.0,0.000182,0.0,0.000061,0.0,-0.000061,0.0,-0.000182,0.0,0.0,0.0,0.015024,
0.0,3.570989,0.880368,-0.000066,0.0,1.570796,0.0,0.863375,-0.035748,0.0,0.0,0.0,-0.408283,-0.031423,0.000097,0.95076,0.084386,0.016175,-0.102074,0.025722,0.003845,0.310903,-0.164251,-0.024684,0.040756,0.174482,0.0,-0.00586,0.0,0.0,0.0,-0.15989,-0.174482,0.0,-0.028135,0.0,0.0,0.0,0.0,0.0,0.0,0.0,0.0,0.0,0.0,0.0,0.0,0.0,0.0,0.0,0.000182,0.0,0.000061,0.0,-0.000061,-0.0,-0.000182,0.0,-0.0,0.0,0.01658,
0.0,3.579656,0.879868,-0.000066,0.0,1.570796,0.0,0.866733,-0.049969,0.0,0.0,0.0,-0.427285,-0.031588,-0.000397,0.941986,0.080647,0.016175,-0.091882,0.025667,0.003662,0.310458,-0.171217,-0.024721,0.0527,0.174482,0.0,-0.00586,0.0,0.0,0.0,-0.172425,-0.174482,0.0,-0.034161,0.0,0.0,0.0,0.0,0.0,0.0,0.0,0.0,0.0,0.0,0.0,-0.0,0.0,0.0,0.0,0.000182,0.0,0.000061,-0.0,-0.000061,0.0,-0.000182,0.0,0.0,0.0,0.017825,
0.0,3.588323,0.879368,-0.000066,0.0,1.570796,0.0,0.866702,-0.049969,0.0,0.0,0.0,-0.446286,-0.031753,-0.000892,0.933211,0.076908,0.016175,-0.08169,0.025612,0.003479,0.310013,-0.178182,-0.024757,0.064644,0.174482,0.0,-0.00586,0.0,0.0,0.0,-0.184961,-0.174482,-0.0,-0.040186,0.0,0.0,0.0,0.0,0.0,-0.0,0.0,-0.0,0.0,-0.0,0.0,0.0,0.0,0.0,0.0,0.000182,0.0,0.000061,0.0,-0.000061,0.0,-0.000182,0.0,-0.0,0.0,0.01907,
0.0,3.597079,0.878741,-0.000066,0.0,1.570796,0.0,0.875584,-0.062717,0.0,0.0,0.0,-0.463515,-0.031832,-0.001343,0.921745,0.072459,0.016255,-0.072187,0.025575,0.003296,0.311071,-0.185662,-0.024794,0.076093,0.174482,0.0,-0.00586,0.0,0.0,0.0,-0.19719,-0.174482,0.0,-0.046016,0.0,0.0,0.0,0.0,0.0,0.0,0.0,0.0,0.0,0.0,0.0,0.0,0.0,0.0,0.0,0.000182,0.0,0.000061,0.0,-0.000061,0.0,-0.000182,0.0,0.0,0.0,0.020027,
0.0,3.606009,0.877861,-0.000066,0.0,1.570796,0.0,0.893042,-0.088045,0.0,0.0,0.0,-0.477223,-0.03174,-0.00171,0.904929,0.066596,0.016493,-0.064053,0.025575,0.003113,0.315113,-0.194163,-0.024831,0.086559,0.174482,0.0,-0.00586,0.0,0.0,0.0,-0.20881,-0.174482,0.0,-0.051456,0.0,-0.0,-0.0,0.0,0.0,0.0,0.0,-0.0,0.0,0.0,0.0,0.0,0.0,0.0,-0.0,0.000182,0.0,0.000061,0.0,-0.000061,0.0,-0.000182,0.0,0.0,0.0,0.020412,
0.0,3.61494,0.87698,-0.000066,0.0,1.570796,0.0,0.893072,-0.088037,0.0,0.0,0.0,-0.490932,-0.031649,-0.002076,0.888113,0.060733,0.016731,-0.055919,0.025575,0.00293,0.319156,-0.202664,-0.024867,0.097026,0.174482,0.0,-0.00586,0.0,0.0,0.0,-0.220431,-0.174482,0.0,-0.056897,0.0,0.0,0.0,-0.0,0.0,0.0,0.0,-0.0,0.0,0.0,0.0,0.0,0.0,0.0,0.0,0.000182,0.0,0.000061,0.0,-0.000061,0.0,-0.000182,0.0,0.0,0.0,0.020796,
0.0,3.62387,0.8761,-0.000066,0.0,1.570796,0.0,0.893042,-0.08803,0.0,0.0,0.0,-0.50463,-0.031557,-0.002441,0.87128,0.054867,0.016969,-0.047782,0.025575,0.002747,0.323192,-0.211162,-0.024904,0.107489,0.174482,-0.0,-0.00586,0.0,0.0,0.0,-0.232048,-0.174482,0.0,-0.062337,0.0,-0.0,0.0,-0.0,0.0,0.0,0.0,0.0,0.0,-0.0,0.0,-0.0,0.0,0.0,-0.0,0.000182,0.0,0.000061,0.0,-0.000061,0.0,-0.000182,0.0,-0.0,0.0,0.02118,
0.0,3.63283,0.875302,-0.000066,0.0,1.570796,0.0,0.89594,-0.079843,0.0,0.0,0.0,-0.511505,-0.031007,-0.002258,0.842784,0.046588,0.017647,-0.037617,0.025575,0.002655,0.323099,-0.217057,-0.02494,0.115395,0.174482,-0.0,-0.00586,-0.0,0.0,0.0,-0.24157,-0.174482,0.0,-0.067761,-0.0,-0.0,-0.0,0.0,0.0,-0.0,0.0,0.0,0.0,-0.0,0.0,0.0,0.0,-0.0,-0.0,0.000182,0.0,0.000061,0.0,-0.000061,0.0,-0.000182,0.0,-0.0,0.0,0.02118,
0.0,3.641788,0.874503,-0.000066,0.0,1.570796,-0.0,0.895879,-0.079836,0.0,0.0,0.0,-0.51838,-0.030458,-0.002075,0.814281,0.038309,0.018325,-0.027453,0.025575,0.002563,0.323006,-0.222953,-0.024977,0.123302,0.174482,0.0,-0.00586,0.0,0.0,0.0,-0.251092,-0.174482,0.0,-0.073184,0.0,0.0,-0.0,-0.0,0.0,-0.0,0.0,-0.0,0.0,0.0,0.0,-0.0,0.0,0.0,0.0,0.000182,0.0,0.000061,0.0,-0.000061,0.0,-0.000182,0.0,-0.0,0.0,0.02118,
0.0,3.650748,0.873705,-0.000066,0.0,1.570796,0.0,0.89594,-0.079843,0.0,0.0,0.0,-0.525255,-0.029908,-0.001892,0.785781,0.030031,0.019002,-0.017288,0.025575,0.002472,0.322913,-0.228849,-0.025014,0.131209,0.174482,-0.0,-0.00586,-0.0,0.0,0.0,-0.260614,-0.174482,0.0,-0.078608,0.0,0.0,0.0,0.0,0.0,-0.0,0.0,-0.0,0.0,0.0,0.0,-0.0,0.0,0.0,0.0,0.000182,0.0,0.000061,0.0,-0.000061,0.0,-0.000182,0.0,-0.0,0.0,0.02118,
0.0,3.660104,0.872822,-0.000066,0.0,1.570796,0.0,0.935553,-0.088294,0.0,0.0,0.0,-0.527535,-0.029188,-0.001342,0.750371,0.021509,0.019778,-0.002867,0.025514,0.002441,0.315628,-0.233318,-0.02505,0.138089,0.174482,0.0,-0.00586,0.0,0.0,0.0,-0.268182,-0.174482,0.0,-0.084143,0.0,0.0,0.0,0.0,0.0,-0.0,0.0,-0.0,0.0,-0.0,0.0,-0.0,-0.0,0.0,0.0,0.000182,0.0,0.000061,0.0,-0.000061,0.0,-0.000182,0.0,0.0,0.0,0.021241,
0.0,3.669657,0.871897,-0.000066,0.0,1.570796,-0.0,0.955359,-0.092496,0.0,0.0,0.0,-0.527535,-0.028382,-0.000609,0.711499,0.012865,0.020602,0.01367,0.025422,0.002441,0.304771,-0.237081,-0.025087,0.14446,0.174482,0.0,-0.00586,-0.0,0.0,0.0,-0.274782,-0.174482,0.0,-0.089734,-0.0,0.0,0.0,0.0,0.0,-0.0,0.0,-0.0,0.0,0.0,0.0,-0.0,0.0,-0.0,0.0,0.000182,0.0,0.000061,-0.0,-0.000061,-0.0,-0.000182,0.0,0.0,0.0,0.021333,
0.0,3.67921,0.870972,-0.000066,0.0,1.570796,0.0,0.955328,-0.092496,0.0,0.0,0.0,-0.527535,-0.027576,0.000123,0.672629,0.004222,0.021426,0.030207,0.025331,0.002441,0.293915,-0.240842,-0.025124,0.150831,0.174482,0.0,-0.00586,-0.0,0.0,0.0,-0.281381,-0.174482,0.0,-0.095325,0.0,0.0,0.0,0.0,0.0,-0.0,0.0,-0.0,0.0,-0.0,0.0,0.0,0.0,0.0,0.0,0.000182,0.0,0.000061,0.0,-0.000061,0.0,-0.000182,0.0,0.0,0.0,0.021425,
0.0,3.689039,0.870016,-0.000066,0.0,1.570796,0.0,0.982825,-0.095554,0.0,0.0,0.0,-0.525961,-0.026832,0.000954,0.635875,-0.007979,0.022182,0.047285,0.02527,0.002478,0.282506,-0.243758,-0.025148,0.156704,0.174482,0.0,-0.00586,-0.0,0.0,0.0,-0.286911,-0.174482,0.0,-0.100898,0.0,0.0,0.0,0.0,0.0,-0.0,0.0,0.0,0.0,-0.0,0.0,0.0,0.0,0.0,0.0,0.000182,-0.0,0.000061,0.0,-0.000061,0.0,-0.000182,0.0,0.0,0.0,0.021633,
-0.0,3.699412,0.869,-0.000066,0.0,1.570796,-0.0,1.03733,-0.101639,0.0,0.0,0.0,-0.521262,-0.026209,0.001979,0.603265,-0.027246,0.022805,0.065444,0.02527,0.002588,0.269998,-0.244994,-0.025148,0.161591,0.174482,0.0,-0.00586,0.0,0.0,0.0,-0.290316,-0.174482,0.0,-0.106436,0.0,0.0,0.0,0.0,0.0,-0.0,0.0,-0.0,0.0,-0.0,0.0,0.0,0.0,0.0,0.0,0.000182,0.0,0.000061,0.0,-0.000061,0.0,-0.000182,0.0,0.0,0.0,0.022072,
0.0,3.709786,0.867984,-0.000066,0.0,1.570796,0.0,1.03736,-0.101631,0.0,0.0,0.0,-0.516563,-0.025586,0.003005,0.57065,-0.046515,0.023428,0.083604,0.02527,0.002698,0.257491,-0.246231,-0.025148,0.166479,0.174482,-0.0,-0.00586,0.0,0.0,0.0,-0.293722,-0.174482,-0.0,-0.111974,0.0,0.0,0.0,-0.0,0.0,0.0,0.0,0.0,0.0,0.0,0.0,0.0,0.0,0.0,0.0,0.000182,0.0,0.000061,0.0,-0.000061,0.0,-0.000182,0.0,-0.0,0.0,0.022512,
0.0,3.72016,0.866967,-0.000066,0.0,1.570796,0.0,1.037421,-0.101631,0.0,0.0,0.0,-0.511878,-0.024964,0.00403,0.538096,-0.065786,0.02405,0.10176,0.02527,0.002808,0.244988,-0.247462,-0.025148,0.171361,0.174482,0.0,-0.00586,0.0,0.0,0.0,-0.297121,-0.174482,0.0,-0.117509,0.0,0.0,-0.0,-0.0,0.0,-0.0,0.0,-0.0,0.0,0.0,0.0,-0.0,0.0,0.0,0.0,0.000182,0.0,0.000061,0.0,-0.000061,0.0,-0.000182,0.0,0.0,0.0,0.022951,
0.0,3.730613,0.865989,-0.000066,0.0,1.570796,0.0,1.045264,-0.097793,0.0,0.0,0.0,-0.515173,-0.024708,0.004762,0.535458,-0.087164,0.024251,0.118256,0.025197,0.002973,0.235459,-0.245931,-0.025148,0.173272,0.174482,-0.0,-0.00586,0.0,0.0,0.0,-0.29727,-0.174482,0.0,-0.120958,0.0,0.0,0.0,0.0,0.0,0.0,0.0,-0.0,0.0,-0.0,0.0,-0.0,0.0,0.0,0.0,0.000182,0.0,0.000061,0.0,-0.000061,0.0,-0.000182,0.0,0.0,0.0,0.023189,
0.0,3.741066,0.865011,-0.000066,0.0,1.570796,0.0,1.045325,-0.097801,0.0,0.0,0.0,-0.51847,-0.024452,0.005495,0.532819,-0.108547,0.024452,0.134755,0.025123,0.003138,0.225929,-0.244399,-0.025148,0.175184,0.174482,-0.0,-0.00586,0.0,0.0,0.0,-0.297418,-0.174482,0.0,-0.124407,-0.0,0.0,-0.0,-0.0,0.0,-0.0,0.0,0.0,-0.0,-0.0,0.0,-0.0,0.0,-0.0,0.0,0.000182,0.0,0.000061,0.0,-0.000061,0.0,-0.000182,0.0,-0.0,0.0,0.023427,
0.0,3.751518,0.864033,-0.000066,0.0,1.570796,0.0,1.045203,-0.097793,0.0,0.0,0.0,-0.521765,-0.024195,0.006227,0.53018,-0.129925,0.024654,0.151251,0.02505,0.003302,0.216399,-0.242868,-0.025148,0.177096,0.174482,0.0,-0.00586,0.0,0.0,0.0,-0.297566,-0.174482,0.0,-0.127856,-0.0,0.0,0.0,0.0,0.0,0.0,0.0,0.0,0.0,0.0,0.0,-0.0,0.0,-0.0,0.0,0.000182,0.0,0.000061,0.0,-0.000061,0.0,-0.000182,0.0,0.0,0.0,0.023665,
0.0,3.762442,0.863206,-0.000066,0.0,1.570796,0.0,1.092413,-0.082752,0.0,0.0,0.0,-0.518884,-0.024049,0.006617,0.525063,-0.142181,0.024721,0.172167,0.025026,0.003737,0.198482,-0.234736,-0.025148,0.178713,0.174482,0.0,-0.00586,0.0,0.0,0.0,-0.295277,-0.174482,0.0,-0.129441,0.0,-0.0,-0.0,-0.0,0.0,-0.0,0.0,-0.0,0.0,-0.0,0.0,0.0,0.0,0.0,-0.0,0.000182,0.0,0.000061,0.0,-0.000061,-0.0,-0.000182,0.0,-0.0,0.0,0.024429,
0.0,3.773598,0.862453,-0.000066,0.0,1.570796,0.0,1.115666,-0.075297,0.0,0.0,0.0,-0.51294,-0.023957,0.006837,0.518716,-0.149912,0.024721,0.19528,0.025026,0.004304,0.176402,-0.22333,-0.025148,0.180184,0.174482,0.0,-0.00586,0.0,0.0,0.0,-0.291779,-0.174482,0.0,-0.130102,0.0,0.0,0.0,0.0,0.0,-0.0,0.0,-0.0,0.0,-0.0,0.0,-0.0,0.0,0.0,0.0,0.000182,0.0,0.000061,0.0,-0.000061,0.0,-0.000182,0.0,0.0,0.0,0.025455,
0.0,3.784756,0.8617,-0.000066,0.0,1.570796,0.0,1.115758,-0.075289,0.0,0.0,0.0,-0.506996,-0.023866,0.007056,0.512369,-0.157643,0.024721,0.218393,0.025026,0.004872,0.15432,-0.211923,-0.025148,0.181655,0.174482,0.0,-0.00586,-0.0,0.0,0.0,-0.28828,-0.174482,-0.0,-0.130762,-0.0,-0.0,-0.0,0.0,0.0,-0.0,0.0,-0.0,0.0,-0.0,0.0,0.0,-0.0,-0.0,-0.0,0.000182,-0.0,0.000061,-0.0,-0.000061,0.0,-0.000182,0.0,0.0,0.0,0.026481,
0.0,3.796141,0.86106,-0.000066,0.0,1.570796,0.0,1.138462,-0.063981,0.0,0.0,0.0,-0.499724,-0.023805,0.007147,0.50546,-0.161329,0.024721,0.237653,0.025038,0.005599,0.139706,-0.201807,-0.025179,0.182706,0.174482,0.0,-0.00586,-0.0,0.0,0.0,-0.28378,-0.174482,0.0,-0.13055,-0.0,-0.0,-0.0,0.0,0.0,-0.0,0.0,-0.0,0.0,-0.0,0.0,-0.0,0.0,-0.0,-0.0,0.000182,0.0,0.000061,0.0,-0.000061,0.0,-0.000182,-0.0,0.0,0.0,0.027715,
0.0,3.807977,0.860645,-0.000066,0.0,1.570796,0.0,1.183627,-0.04154,0.0,0.0,0.0,-0.489818,-0.023805,0.006982,0.497433,-0.156995,0.024721,0.249282,0.025075,0.006643,0.139889,-0.194246,-0.02527,0.182927,0.174482,-0.0,-0.00586,-0.0,0.0,0.0,-0.277291,-0.174482,0.0,-0.128605,0.0,0.0,0.0,0.0,0.0,0.0,0.0,-0.0,0.0,0.0,0.0,0.0,0.0,0.0,0.0,0.000182,0.0,0.000061,0.0,-0.000061,0.0,-0.000182,0.0,0.0,0.0,0.029363,
0.0,3.819813,0.860229,-0.000066,0.0,1.570796,0.0,1.183627,-0.041548,0.0,0.0,0.0,-0.479913,-0.023805,0.006818,0.489406,-0.15266,0.024721,0.260912,0.025111,0.007687,0.140073,-0.186685,-0.025362,0.183148,0.174482,0.0,-0.00586,0.0,0.0,-0.0,-0.270803,-0.174482,-0.0,-0.12666,0.0,0.0,0.0,-0.0,0.0,0.0,0.0,-0.0,0.0,0.0,0.0,0.0,0.0,0.0,0.0,0.000182,0.0,0.000061,0.0,-0.000061,0.0,-0.000182,0.0,-0.0,0.0,0.031011,
0.0,3.831647,0.859815,-0.000066,0.0,1.570796,-0.0,1.183413,-0.041425,0.0,0.0,0.0,-0.470002,-0.023805,0.006652,0.48137,-0.148301,0.02472,0.272537,0.025148,0.00873,0.140256,-0.179102,-0.025453,0.183355,0.174482,0.0,-0.00586,0.0,0.0,0.0,-0.264316,-0.174482,0.0,-0.124713,0.0,0.0,0.0,0.0,0.0,-0.0,0.0,0.0,0.0,0.0,0.0,-0.0,0.0,0.0,0.0,0.000182,0.0,0.000061,0.0,-0.000061,0.0,-0.000182,0.0,0.0,0.0,0.032656,
0.0,3.842367,0.860021,-0.000066,0.0,1.570796,0.0,1.071959,0.020541,0.0,0.0,0.0,-0.456873,-0.023933,0.006103,0.468262,-0.131479,0.024647,0.282066,0.025221,0.009352,0.140256,-0.159951,-0.025343,0.176904,0.174482,-0.0,-0.00586,0.0,0.0,0.0,-0.25887,-0.174482,0.0,-0.12209,-0.0,0.0,0.0,0.0,0.0,-0.0,0.0,-0.0,0.0,-0.0,0.0,-0.0,0.0,-0.0,0.0,0.000182,0.0,0.000061,0.0,-0.000061,0.0,-0.000182,0.0,0.0,0.0,0.032711,
-0.0,3.853086,0.860226,-0.000066,0.0,1.570796,-0.0,1.071928,0.020541,0.0,0.0,0.0,-0.443745,-0.024062,0.005553,0.455153,-0.114655,0.024574,0.291596,0.025295,0.009975,0.140256,-0.140798,-0.025233,0.170452,0.174482,-0.0,-0.00586,0.0,0.0,0.0,-0.253424,-0.174482,0.0,-0.119467,-0.0,0.0,0.0,0.0,0.0,0.0,0.0,-0.0,0.0,0.0,0.0,-0.0,0.0,-0.0,0.0,0.000182,0.0,0.000061,0.0,-0.000061,0.0,-0.000182,-0.0,0.0,0.0,0.032766,
0.0,3.863806,0.860431,-0.000066,0.0,1.570796,0.0,1.071928,0.020533,0.0,0.0,0.0,-0.430617,-0.02419,0.005004,0.442046,-0.097833,0.024501,0.301125,0.025368,0.010597,0.140256,-0.121646,-0.025123,0.164001,0.174482,0.0,-0.00586,-0.0,0.0,-0.0,-0.247977,-0.174482,0.0,-0.116843,0.0,0.0,0.0,0.0,0.0,0.0,0.0,-0.0,0.0,0.0,0.0,-0.0,0.0,0.0,0.0,0.000182,0.0,0.000061,0.0,-0.000061,0.0,-0.000182,-0.0,0.0,0.0,0.032821,
0.0,3.874192,0.860815,-0.000066,0.0,1.570796,0.0,1.038633,0.038376,0.0,0.0,0.0,-0.421388,-0.024306,0.004602,0.439648,-0.087787,0.024427,0.294588,0.025674,0.010755,0.170757,-0.10481,-0.024805,0.155038,0.174482,0.0,-0.00586,0.0,0.0,0.0,-0.241895,-0.174482,0.0,-0.113399,-0.0,0.0,0.0,0.0,0.0,-0.0,0.0,-0.0,0.0,-0.0,0.0,-0.0,0.0,-0.0,0.0,0.000182,0.0,0.000061,0.0,-0.000061,0.0,-0.000182,0.0,0.0,0.0,0.032399,
0.0,3.884414,0.861287,-0.000066,0.0,1.570796,0.0,1.022213,0.047217,0.0,0.0,0.0,-0.41409,-0.024416,0.004272,0.442558,-0.081097,0.024354,0.280088,0.026095,0.010681,0.216408,-0.089118,-0.024384,0.144829,0.174482,0.0,-0.00586,0.0,0.0,0.0,-0.235496,-0.174482,0.0,-0.109548,0.0,0.0,0.0,0.0,0.0,0.0,0.0,0.0,0.0,-0.0,0.0,0.0,0.0,0.0,0.0,0.000182,0.0,0.000061,0.0,-0.000061,0.0,-0.000182,0.0,0.0,0.0,0.031739,
0.0,3.894635,0.861759,-0.000066,0.0,1.570796,0.0,1.022152,0.047217,0.0,0.0,0.0,-0.406793,-0.024526,0.003942,0.445467,-0.074408,0.024281,0.26559,0.026516,0.010608,0.262057,-0.073427,-0.023963,0.134621,0.174482,0.0,-0.00586,-0.0,0.0,0.0,-0.229098,-0.174482,-0.0,-0.105697,0.0,0.0,0.0,0.0,0.0,-0.0,0.0,-0.0,0.0,-0.0,0.0,-0.0,0.0,0.0,0.0,0.000182,0.0,0.000061,0.0,-0.000061,0.0,-0.000182,-0.0,0.0,0.0,0.03108,
0.0,3.904757,0.862301,-0.000066,0.0,1.570796,-0.0,1.012112,0.054121,0.0,0.0,0.0,-0.399095,-0.024599,0.003686,0.448182,-0.070012,0.024235,0.242784,0.027281,0.010971,0.319602,-0.058478,-0.023253,0.123372,0.174482,0.0,-0.00586,0.0,0.0,0.0,-0.222405,-0.174482,0.0,-0.101372,0.0,0.0,0.0,0.0,0.0,0.0,0.0,-0.0,0.0,0.0,0.0,0.0,-0.0,0.0,0.0,0.000182,0.0,0.000061,0.0,-0.000061,0.0,-0.000182,0.0,0.0,0.0,0.030353,
0.0,3.914677,0.862978,-0.000066,0.0,1.570796,0.0,0.992061,0.067777,0.0,0.0,0.0,-0.390605,-0.024599,0.003577,0.450511,-0.070158,0.024242,0.203504,0.028728,0.012198,0.400969,-0.044999,-0.021971,0.110059,0.174482,-0.0,-0.00586,0.0,0.0,0.0,-0.215131,-0.174482,0.0,-0.096111,0.0,0.0,0.0,0.0,0.0,-0.0,0.0,-0.0,0.0,-0.0,0.0,-0.0,0.0,0.0,0.0,0.000182,0.0,0.000061,0.0,-0.000061,0.0,-0.000182,0.0,0.0,0.0,0.029492,
0.0,3.924599,0.863656,-0.000066,0.0,1.570796,0.0,0.992152,0.067784,0.0,0.0,0.0,-0.382113,-0.024599,0.003467,0.452841,-0.070305,0.024249,0.16421,0.030175,0.013425,0.482433,-0.031518,-0.020689,0.096745,0.174482,0.0,-0.00586,0.0,0.0,0.0,-0.207857,-0.174482,0.0,-0.09085,0.0,0.0,0.0,-0.0,0.0,0.0,0.0,-0.0,0.0,0.0,0.0,0.0,0.0,0.0,0.0,0.000182,0.0,0.000061,0.0,-0.000061,0.0,-0.000182,-0.0,0.0,0.0,0.028632,
0.0,3.934518,0.864335,-0.000066,0.0,1.570796,0.0,0.991908,0.067838,0.0,0.0,0.0,-0.373617,-0.024599,0.003357,0.45516,-0.07046,0.024257,0.124928,0.031624,0.014654,0.563692,-0.017999,-0.019403,0.083428,0.174482,-0.0,-0.00586,0.0,0.0,0.0,-0.200587,-0.174482,0.0,-0.085585,-0.0,0.0,-0.0,-0.0,0.0,-0.0,0.0,-0.0,0.0,0.0,0.0,-0.0,0.0,-0.0,0.0,0.000182,0.0,0.000061,0.0,-0.000061,0.0,-0.000182,0.0,0.0,0.0,0.027776,
0.0,3.943561,0.865278,-0.000066,0.0,1.570796,0.0,0.904321,0.094367,0.0,0.0,0.0,-0.362882,-0.024599,0.003357,0.452473,-0.074583,0.024264,0.080747,0.034133,0.016704,0.635379,0.013134,-0.016143,0.068169,0.174482,0.0,-0.00586,-0.0,0.0,0.0,-0.195142,-0.174482,-0.0,-0.078677,0.0,-0.0,0.0,0.0,0.0,0.0,0.0,-0.0,0.0,0.0,0.0,0.0,0.0,0.0,-0.0,0.000182,-0.0,0.000061,0.0,-0.000061,0.0,-0.000182,0.0,0.0,0.0,0.029186,
0.0,3.952605,0.866222,-0.000066,0.0,1.570796,0.0,0.904382,0.094374,0.0,0.0,0.0,-0.352147,-0.024599,0.003357,0.449787,-0.078707,0.024271,0.036536,0.036642,0.018756,0.707192,0.044279,-0.012884,0.052907,0.174482,0.0,-0.00586,0.0,0.0,0.0,-0.189696,-0.174482,0.0,-0.071768,0.0,0.0,0.0,0.0,0.0,0.0,0.0,-0.0,0.0,0.0,0.0,-0.0,0.0,0.0,0.0,0.000182,0.0,0.000061,0.0,-0.000061,0.0,-0.000182,0.0,-0.0,0.0,0.030596,
0.0,3.961648,0.867166,-0.000066,0.0,1.570796,-0.0,0.90429,0.094367,0.0,0.0,0.0,-0.341412,-0.024599,0.003357,0.4471,-0.08283,0.024279,-0.007656,0.039151,0.020806,0.778936,0.075416,-0.009624,0.037648,0.174482,-0.0,-0.00586,0.0,0.0,0.0,-0.184251,-0.174482,-0.0,-0.06486,-0.0,0.0,0.0,-0.0,0.0,0.0,0.0,-0.0,0.0,-0.0,0.0,0.0,0.0,-0.0,0.0,0.000182,0.0,0.000061,0.0,-0.000061,0.0,-0.000182,0.0,0.0,0.0,0.032006,
0.0,3.970428,0.868151,-0.000066,0.0,1.570796,0.0,0.877954,0.098531,0.0,0.0,0.0,-0.330438,-0.024599,0.003467,0.443237,-0.088426,0.024286,-0.047237,0.041366,0.022159,0.833023,0.105462,-0.006255,0.022539,0.174482,0.0,-0.006435,-0.0,0.0,0.0,-0.17817,-0.174482,0.0,-0.056704,0.0,0.0,-0.0,0.0,0.0,-0.0,0.0,0.0,0.0,-0.0,0.0,-0.0,0.0,0.0,0.0,0.000182,0.0,0.000061,0.0,-0.000061,0.0,-0.000182,0.0,-0.0,0.0,0.032179,
0.0,3.979075,0.869157,-0.000066,0.0,1.570796,0.0,0.8648,0.100582,0.0,0.0,0.0,-0.319347,-0.024599,0.003632,0.43879,-0.09475,0.024293,-0.084566,0.043436,0.023166,0.878467,0.13498,-0.00283,0.007504,0.174482,0.0,-0.007296,0.0,0.0,0.0,-0.171774,-0.174482,-0.0,-0.04793,0.0,0.0,0.0,0.0,0.0,-0.0,0.0,-0.0,0.0,-0.0,0.0,-0.0,0.0,0.0,0.0,0.000182,0.0,0.000061,0.0,-0.000061,0.0,-0.000182,0.0,0.0,0.0,0.03174,
0.0,3.987724,0.870163,-0.000066,0.0,1.570796,-0.0,0.864861,0.100582,0.0,0.0,0.0,-0.308254,-0.024599,0.003797,0.434344,-0.101075,0.024301,-0.121896,0.045506,0.024174,0.923913,0.1645,0.000594,-0.007531,0.174482,0.0,-0.008157,0.0,0.0,0.0,-0.165378,-0.174482,0.0,-0.039156,0.0,0.0,0.0,0.0,0.0,-0.0,0.0,0.0,0.0,0.0,0.0,0.0,0.0,0.0,0.0,0.000182,0.0,0.000061,0.0,-0.000061,-0.0,-0.000182,0.0,0.0,0.0,0.0313,
0.0,3.996304,0.871159,-0.000066,0.0,1.570796,0.0,0.857964,0.099598,0.0,0.0,0.0,-0.296493,-0.024568,0.003949,0.428682,-0.107246,0.024308,-0.156245,0.047231,0.024886,0.962274,0.187593,0.003416,-0.022288,0.174482,-0.0,-0.011193,0.0,0.0,0.0,-0.158368,-0.174482,0.0,-0.030224,0.0,0.0,0.0,0.0,0.0,0.0,0.0,0.0,0.0,0.0,0.0,0.0,0.0,0.0,0.0,0.000182,0.0,0.000061,0.0,-0.000061,0.0,-0.000182,0.0,-0.0,0.0,0.030043,
0.0,4.00475,0.872135,-0.000066,0.0,1.570796,-0.0,0.844628,0.097666,0.0,0.0,0.0,-0.2834,-0.024476,0.004078,0.420614,-0.113116,0.024315,-0.184748,0.048275,0.025014,0.986697,0.197993,0.005046,-0.036502,0.174482,0.0,-0.018537,0.0,0.0,0.0,-0.150142,-0.174482,-0.0,-0.020976,0.0,0.0,0.0,-0.0,0.0,-0.0,0.0,-0.0,0.0,-0.0,0.0,-0.0,0.0,0.0,0.0,0.000182,0.0,0.000061,0.0,-0.000061,0.0,-0.000182,0.0,0.0,0.0,0.027168,
0.0,4.013196,0.873112,-0.000066,0.0,1.570796,0.0,0.844598,0.097666,0.0,0.0,0.0,-0.270308,-0.024385,0.004206,0.412546,-0.118985,0.024323,-0.213254,0.049319,0.025142,1.011121,0.208392,0.006675,-0.050715,0.174482,0.0,-0.02588,-0.0,0.0,0.0,-0.141916,-0.174482,0.0,-0.011728,0.0,0.0,0.0,0.0,0.0,0.0,-0.0,0.0,0.0,0.0,0.0,0.0,0.0,0.0,0.0,0.000182,0.0,0.000061,0.0,-0.000061,0.0,-0.000182,0.0,0.0,0.0,0.024293,
0.0,4.02164,0.874089,-0.000066,0.0,1.570796,0.0,0.844445,0.097689,0.0,0.0,0.0,-0.257207,-0.024293,0.004334,0.40446,-0.124846,0.02433,-0.241737,0.050361,0.02527,1.035499,0.218746,0.0083,-0.064931,0.174482,0.0,-0.033227,0.0,0.0,0.0,-0.133681,-0.174482,0.0,-0.002503,0.0,0.0,0.0,-0.0,0.0,0.0,0.0,-0.0,0.0,-0.0,0.0,0.0,0.0,0.0,0.0,0.000182,0.0,0.000061,0.0,-0.000061,0.0,-0.000182,-0.0,0.0,0.0,0.021417,
0.0,4.02935,0.875151,-0.000066,0.0,1.570796,0.0,0.771019,0.106176,0.0,0.0,0.0,-0.240894,-0.024293,0.004334,0.389134,-0.127103,0.024337,-0.263295,0.050563,0.025105,1.042413,0.210609,0.008026,-0.080273,0.174482,0.0,-0.042074,0.0,0.0,0.0,-0.121961,-0.174482,0.0,-0.002503,0.0,0.0,0.0,-0.0,0.0,-0.0,0.0,0.0,0.0,-0.0,0.0,-0.0,0.0,0.0,0.0,0.000182,0.0,0.000061,0.0,-0.000061,0.0,-0.000182,0.0,0.0,0.0,0.018249,
0.0,4.037061,0.876212,-0.000066,0.0,1.570796,-0.0,0.77105,0.106176,0.0,0.0,0.0,-0.22458,-0.024293,0.004334,0.373807,-0.12936,0.024345,-0.284856,0.050764,0.02494,1.049327,0.202473,0.007751,-0.095617,0.174482,0.0,-0.050921,0.0,0.0,0.0,-0.11024,-0.174482,0.0,-0.002503,0.0,0.0,0.0,0.0,0.0,0.0,0.0,-0.0,0.0,-0.0,0.0,0.0,0.0,0.0,0.0,0.000182,0.0,0.000061,0.0,-0.000061,0.0,-0.000182,0.0,-0.0,0.0,0.015081,
0.0,4.044772,0.877274,-0.000066,0.0,1.570796,0.0,0.77105,0.106176,0.0,0.0,0.0,-0.208266,-0.024293,0.004334,0.35848,-0.131617,0.024352,-0.306416,0.050966,0.024775,1.05624,0.194336,0.007476,-0.11096,0.174482,0.0,-0.059768,0.0,0.0,0.0,-0.09852,-0.174482,-0.0,-0.002503,0.0,0.0,0.0,0.0,0.0,-0.0,0.0,0.0,0.0,-0.0,0.0,-0.0,0.0,0.0,0.0,0.000182,0.0,0.000061,0.0,-0.000061,0.0,-0.000182,0.0,0.0,0.0,0.011913,
0.0,4.052347,0.878093,-0.000066,0.0,1.570796,0.0,0.757593,0.081883,0.0,0.0,0.0,-0.19599,-0.024293,0.004334,0.351033,-0.133604,0.024359,-0.325012,0.05053,0.02412,1.056699,0.181046,0.006307,-0.126243,0.174482,-0.0,-0.069256,0.0,-0.0,0.0,-0.08709,-0.174482,0.0,-0.002503,-0.0,0.0,0.0,0.0,-0.0,-0.0,0.0,0.0,0.0,-0.0,0.0,-0.0,0.0,-0.0,0.0,0.000182,0.0,0.000061,0.0,-0.000061,0.0,-0.000182,0.0,0.0,0.0,0.009137,
0.0,4.059857,0.878792,-0.000066,0.0,1.570796,0.0,0.750972,0.069882,0.0,0.0,0.0,-0.185709,-0.024293,0.004334,0.347482,-0.135458,0.024367,-0.342148,0.049779,0.023223,1.053966,0.165206,0.004696,-0.141499,0.174482,0.0,-0.079061,0.0,0.0,0.0,-0.075801,-0.174482,0.0,-0.002503,0.0,0.0,0.0,0.0,0.0,0.0,0.0,0.0,0.0,-0.0,0.0,0.0,0.0,0.0,0.0,0.000182,0.0,0.000061,0.0,-0.000061,0.0,-0.000182,0.0,0.0,0.0,0.006555,
-0.0,4.067367,0.879491,-0.000066,0.0,1.570796,-0.0,0.750941,0.069882,0.0,0.0,0.0,-0.175428,-0.024293,0.004334,0.343931,-0.137312,0.024374,-0.359282,0.049028,0.022326,1.051233,0.149367,0.003084,-0.156755,0.174482,-0.0,-0.088865,-0.0,0.0,0.0,-0.064513,-0.174482,0.0,-0.002503,-0.0,0.0,0.0,0.0,0.0,0.0,0.0,0.0,-0.0,-0.0,0.0,-0.0,0.0,-0.0,0.0,0.000182,0.0,0.000061,0.0,-0.000061,0.0,-0.000182,0.0,0.0,0.0,0.003973,
-0.0,4.074907,0.880065,-0.000066,0.0,1.570796,0.0,0.754024,0.057454,0.0,0.0,0.0,-0.165023,-0.024293,0.004334,0.340282,-0.139579,0.024381,-0.376263,0.048086,0.021207,1.046982,0.134985,0.001405,-0.171829,0.174482,0.0,-0.098869,0.0,0.0,0.0,-0.053467,-0.174482,0.0,-0.002503,0.0,0.0,0.0,0.0,0.0,-0.0,0.0,0.0,0.0,-0.0,0.0,-0.0,0.0,0.0,0.0,0.000182,0.0,0.000061,0.0,-0.000061,0.0,-0.000182,0.0,-0.0,0.0,0.001699,
0.0,4.082508,0.880394,-0.000066,0.0,1.570796,0.0,0.760068,0.032903,0.0,0.0,0.0,-0.154372,-0.024293,0.004334,0.336438,-0.142663,0.024389,-0.392945,0.046767,0.01965,1.039729,0.123483,-0.000408,-0.186545,0.174482,0.0,-0.109268,0.0,0.0,0.0,-0.042899,-0.174482,0.0,-0.002503,0.0,0.0,0.0,-0.0,0.0,-0.0,0.0,-0.0,0.0,-0.0,0.0,0.0,0.0,0.0,0.0,0.000182,0.0,0.000061,0.0,-0.000061,0.0,-0.000182,0.0,-0.0,0.0,0.000032,
0.0,4.090109,0.880723,-0.000066,0.0,1.570796,0.0,0.76013,0.032903,0.0,0.0,0.0,-0.143721,-0.024293,0.004334,0.332593,-0.145747,0.024396,-0.40963,0.045449,0.018094,1.032476,0.111981,-0.00222,-0.201264,0.174482,0.0,-0.119668,-0.0,0.0,0.0,-0.03233,-0.174482,0.0,-0.002503,0.0,0.0,0.0,0.0,0.0,-0.0,0.0,0.0,0.0,-0.0,0.0,-0.0,0.0,0.0,0.0,0.000182,0.0,0.000061,0.0,-0.000061,0.0,-0.000182,0.0,-0.0,0.0,-0.001634,
-0.0,4.09771,0.881051,-0.000066,0.0,1.570796,-0.0,0.760068,0.032803,0.0,0.0,0.0,-0.133071,-0.024293,0.004334,0.328753,-0.148836,0.024403,-0.426311,0.04413,0.016538,1.025214,0.100491,-0.004032,-0.215974,0.174482,-0.0,-0.130063,0.0,0.0,0.0,-0.021766,-0.174482,0.0,-0.002503,0.0,0.0,0.0,0.0,0.0,-0.0,0.0,0.0,0.0,0.0,0.0,0.0,-0.0,0.0,0.0,0.000182,0.0,0.000061,0.0,-0.000061,0.0,-0.000182,0.0,-0.0,0.0,-0.003298,
0.0,4.105345,0.881016,-0.000066,0.0,1.570796,0.0,0.76358,-0.003512,0.0,0.0,0.0,-0.123093,-0.02422,0.004334,0.326415,-0.153409,0.024411,-0.442737,0.04294,0.015256,1.014592,0.09358,-0.005406,-0.228514,0.174482,-0.0,-0.138931,-0.0,0.0,0.0,-0.012317,-0.174482,0.0,-0.002503,0.0,0.0,0.0,0.0,0.0,-0.0,0.0,-0.0,0.0,0.0,0.0,0.0,0.0,0.0,0.0,0.000182,0.0,0.000061,0.0,-0.000061,0.0,-0.000182,0.0,0.0,0.0,-0.004049,
0.0,4.11298,0.880981,-0.000066,0.0,1.570796,0.0,0.763489,-0.003512,0.0,0.0,0.0,-0.113115,-0.024147,0.004334,0.324077,-0.157983,0.024418,-0.459162,0.041749,0.013974,1.00397,0.08667,-0.006779,-0.241054,0.174482,0.0,-0.147798,0.0,0.0,0.0,-0.002868,-0.174482,0.0,-0.002503,0.0,0.0,0.0,-0.0,0.0,-0.0,0.0,0.0,-0.0,-0.0,0.0,-0.0,0.0,0.0,0.0,0.000182,0.0,0.000061,0.0,-0.000061,0.0,-0.000182,0.0,0.0,0.0,-0.0048,
0.0,4.120616,0.880946,-0.000066,0.0,1.570796,0.0,0.76358,-0.003512,0.0,0.0,0.0,-0.103136,-0.024073,0.004334,0.321739,-0.162556,0.024425,-0.475588,0.040559,0.012692,0.993348,0.07976,-0.008152,-0.253594,0.174482,0.0,-0.156666,0.0,0.0,0.0,0.006581,-0.174482,0.0,-0.002503,0.0,0.0,0.0,0.0,0.0,-0.0,0.0,-0.0,0.0,-0.0,0.0,-0.0,0.0,0.0,0.0,0.000182,0.0,0.000061,0.0,-0.000061,0.0,-0.000182,0.0,0.0,0.0,-0.00555,
0.0,4.128208,0.880725,-0.000066,0.0,1.570796,0.0,0.759187,-0.022083,0.0,0.0,0.0,-0.094475,-0.024049,0.004419,0.321711,-0.167686,0.024433,-0.486125,0.039319,0.011521,0.97561,0.069137,-0.009648,-0.264942,0.174482,-0.0,-0.164495,0.0,0.0,0.0,0.015074,-0.174482,0.0,-0.002503,0.0,0.0,0.0,0.0,0.0,-0.0,0.0,-0.0,0.0,0.0,0.0,-0.0,0.0,0.0,0.0,0.000182,0.0,0.000061,0.0,-0.000061,0.0,-0.000182,0.0,0.0,0.0,-0.006129,
0.0,4.135778,0.880412,-0.000066,0.0,1.570796,0.0,0.75699,-0.031261,0.0,0.0,0.0,-0.086466,-0.024049,0.004548,0.322824,-0.173089,0.02444,-0.493754,0.038055,0.010404,0.954354,0.05668,-0.011205,-0.275701,0.174482,-0.0,-0.171809,-0.0,0.0,0.0,0.023095,-0.174482,0.0,-0.002503,0.0,0.0,0.0,0.0,0.0,-0.0,0.0,-0.0,-0.0,0.0,0.0,-0.0,0.0,0.0,0.0,0.000182,0.0,0.000061,0.0,-0.000061,0.0,-0.000182,0.0,0.0,0.0,-0.006624,
0.0,4.143348,0.8801,-0.000066,0.0,1.570796,0.0,0.757052,-0.031268,0.0,0.0,0.0,-0.078456,-0.024049,0.004676,0.323937,-0.178493,0.024447,-0.501383,0.036792,0.009287,0.933097,0.044222,-0.012761,-0.286461,0.174482,0.0,-0.179125,0.0,0.0,0.0,0.031116,-0.174482,0.0,-0.002503,-0.0,0.0,0.0,0.0,0.0,0.0,0.0,0.0,-0.0,-0.0,0.0,-0.0,0.0,-0.0,0.0,0.000182,0.0,0.000061,0.0,-0.000061,0.0,-0.000182,0.0,0.0,0.0,-0.007118,
0.0,4.150942,0.879701,-0.000066,0.0,1.570796,0.0,0.759402,-0.039859,0.0,0.0,0.0,-0.070442,-0.024049,0.004804,0.3252,-0.18448,0.024455,-0.5073,0.035633,0.008336,0.909311,0.032679,-0.014164,-0.2966,0.174482,0.0,-0.185805,-0.0,0.0,0.0,0.038645,-0.174482,0.0,-0.002503,0.0,0.0,0.0,0.0,0.0,0.0,0.0,0.0,0.0,0.0,0.0,0.0,0.0,0.0,0.0,0.000182,0.0,0.000061,0.0,-0.000061,0.0,-0.000182,0.0,-0.0,0.0,-0.007582,
0.0,4.158586,0.879132,-0.000066,0.0,1.570796,0.0,0.764316,-0.056865,0.0,0.0,0.0,-0.062417,-0.024049,0.004932,0.326759,-0.191619,0.024462,-0.509836,0.03468,0.007713,0.880506,0.022936,-0.015263,-0.305514,0.174482,0.0,-0.191232,0.0,0.0,0.0,0.045203,-0.174482,0.0,-0.002503,0.0,0.0,0.0,-0.0,0.0,0.0,0.0,0.0,0.0,0.0,0.0,0.0,0.0,0.0,0.0,0.000182,0.0,0.000061,0.0,-0.000061,0.0,-0.000182,0.0,-0.0,0.0,-0.007985,
0.0,4.166228,0.878564,-0.000066,0.0,1.570796,0.0,0.764286,-0.056857,0.0,0.0,0.0,-0.054393,-0.024049,0.00506,0.328318,-0.198757,0.024469,-0.512372,0.033728,0.007091,0.851698,0.013193,-0.016361,-0.314427,0.174482,-0.0,-0.196659,0.0,0.0,0.0,0.05176,-0.174482,0.0,-0.002503,0.0,0.0,0.0,0.0,0.0,-0.0,0.0,0.0,0.0,0.0,0.0,0.0,0.0,0.0,0.0,0.000182,0.0,0.000061,0.0,-0.000061,0.0,-0.000182,0.0,-0.0,0.0,-0.008388,
0.0,4.173871,0.877995,-0.000066,0.0,1.570796,0.0,0.764286,-0.056933,0.0,0.0,0.0,-0.046368,-0.024049,0.005189,0.329875,-0.205898,0.024476,-0.514899,0.032776,0.006469,0.822882,0.003462,-0.017459,-0.323332,0.174482,-0.0,-0.202079,0.0,0.0,0.0,0.058313,-0.174482,0.0,-0.002503,0.0,0.0,0.0,-0.0,0.0,-0.0,0.0,0.0,0.0,-0.0,0.0,-0.0,0.0,0.0,0.0,0.000182,0.0,0.000061,0.0,-0.000061,0.0,-0.000182,0.0,-0.0,0.0,-0.00879,
0.0,4.181471,0.877191,-0.000066,0.0,1.570796,0.0,0.760015,-0.080318,0.0,0.0,0.0,-0.03787,-0.023976,0.005335,0.330785,-0.213912,0.02444,-0.514331,0.032044,0.006139,0.788866,-0.002563,-0.018191,-0.329032,0.174482,0.0,-0.205007,-0.0,0.0,0.0,0.063333,-0.174482,0.0,-0.002503,0.0,0.0,0.0,0.0,0.0,-0.0,0.0,-0.0,0.0,-0.0,0.0,0.0,0.0,0.0,0.0,0.000182,0.0,0.000061,0.0,-0.000061,0.0,-0.000182,0.0,0.0,0.0,-0.008936,
0.0,4.189072,0.876388,-0.000066,0.0,1.570796,0.0,0.760015,-0.080325,0.0,0.0,0.0,-0.029372,-0.023902,0.005482,0.331695,-0.221925,0.024403,-0.513763,0.031311,0.00581,0.754836,-0.008587,-0.018924,-0.334733,0.174482,0.0,-0.207934,-0.0,0.0,-0.0,0.068353,-0.174482,0.0,-0.002503,0.0,0.0,0.0,0.0,0.0,0.0,0.0,0.0,0.0,0.0,0.0,0.0,0.0,0.0,0.0,0.000182,0.0,0.000061,0.0,-0.000061,0.0,-0.000182,0.0,0.0,0.0,-0.009083,
-0.0,4.196671,0.875585,-0.000066,0.0,1.570796,-0.0,0.760015,-0.080325,0.0,0.0,0.0,-0.020875,-0.023829,0.005628,0.332605,-0.229939,0.024366,-0.513195,0.030579,0.00548,0.720814,-0.014612,-0.019656,-0.340433,0.174482,-0.0,-0.210861,-0.0,-0.0,0.0,0.073373,-0.174482,0.0,-0.002503,0.0,0.0,0.0,0.0,-0.0,-0.0,0.0,-0.0,0.0,-0.0,0.0,0.0,-0.0,0.0,0.0,0.000182,0.0,0.000061,0.0,-0.000061,0.0,-0.000182,0.0,-0.0,0.0,-0.009229,
0.0,4.204441,0.874896,-0.000066,0.0,1.570796,0.0,0.776921,-0.068857,0.0,0.0,0.0,-0.010048,-0.023805,0.005676,0.328967,-0.234538,0.02433,-0.511044,0.029956,0.005249,0.684708,-0.019141,-0.020217,-0.344122,0.174482,-0.0,-0.212284,0.0,0.0,0.0,0.077352,-0.174482,0.0,-0.002503,0.0,0.0,0.0,0.0,0.0,0.0,0.0,-0.0,0.0,0.0,0.0,0.0,-0.0,0.0,0.0,0.000182,0.0,0.000061,0.0,-0.000061,0.0,-0.000182,0.0,0.0,0.0,-0.0094,
0.0,4.212293,0.874264,-0.000066,0.0,1.570796,0.0,0.785252,-0.063196,0.0,0.0,0.0,0.001928,-0.023805,0.005676,0.323085,-0.237451,0.024293,-0.508112,0.029389,0.005066,0.647551,-0.022931,-0.020693,-0.346817,0.174482,0.0,-0.212966,0.0,0.0,0.0,0.080815,-0.174482,0.0,-0.002503,-0.0,0.0,0.0,0.0,0.0,0.0,0.0,0.0,0.0,0.0,0.0,0.0,0.0,-0.0,0.0,0.000182,0.0,0.000061,0.0,-0.000061,0.0,-0.000182,0.0,0.0,0.0,-0.009583,
0.0,4.220145,0.873632,-0.000066,0.0,1.570796,0.0,0.785191,-0.063188,0.0,0.0,0.0,0.013904,-0.023805,0.005676,0.317204,-0.240365,0.024257,-0.505179,0.028821,0.004882,0.610396,-0.026722,-0.021169,-0.349513,0.174482,0.0,-0.213647,0.0,0.0,-0.0,0.084279,-0.174482,0.0,-0.002503,0.0,0.0,0.0,0.0,0.0,-0.0,0.0,0.0,0.0,-0.0,0.0,-0.0,0.0,0.0,0.0,0.000182,0.0,0.000061,0.0,-0.000061,0.0,-0.000182,0.0,0.0,0.0,-0.009767,
0.0,4.228144,0.872997,-0.000066,0.0,1.570796,0.0,0.79987,-0.063591,0.0,0.0,0.0,0.026219,-0.023805,0.005652,0.310896,-0.242622,0.02422,-0.501715,0.028309,0.004662,0.576052,-0.032762,-0.021646,-0.35117,0.174482,0.0,-0.213585,0.0,0.0,0.0,0.087219,-0.174482,0.0,-0.002503,0.0,0.0,0.0,0.0,0.0,-0.0,0.0,-0.0,0.0,-0.0,0.0,-0.0,0.0,0.0,0.0,0.000182,0.0,0.000061,0.0,-0.000061,0.0,-0.000182,0.0,-0.0,0.0,-0.009974,
0.0,4.236431,0.872353,-0.000066,0.0,1.570796,0.0,0.828648,-0.06436,0.0,0.0,0.0,0.039205,-0.023805,0.005579,0.303747,-0.243581,0.024183,-0.4972,0.027906,0.004369,0.547216,-0.043239,-0.022122,-0.35078,0.174482,0.0,-0.212057,-0.0,0.0,0.0,0.089125,-0.174482,0.0,-0.002503,0.0,0.0,0.0,0.0,0.0,-0.0,0.0,0.0,-0.0,-0.0,-0.0,-0.0,0.0,0.0,0.0,0.000182,0.0,0.000061,0.0,-0.000061,0.0,-0.000182,0.0,-0.0,0.0,-0.010231,
0.0,4.244717,0.871709,-0.000066,0.0,1.570796,-0.0,0.828678,-0.06436,0.0,0.0,0.0,0.052193,-0.023805,0.005505,0.296598,-0.24454,0.024147,-0.492686,0.027503,0.004076,0.518375,-0.053717,-0.022598,-0.350389,0.174482,0.0,-0.210528,-0.0,0.0,0.0,0.091031,-0.174482,0.0,-0.002503,0.0,0.0,0.0,0.0,0.0,0.0,0.0,-0.0,0.0,-0.0,0.0,-0.0,0.0,0.0,0.0,0.000182,0.0,0.000061,0.0,-0.000061,0.0,-0.000182,0.0,0.0,0.0,-0.010487,
0.0,4.253004,0.871066,-0.000066,0.0,1.570796,0.0,0.828617,-0.064314,0.0,0.0,0.0,0.065177,-0.023805,0.005432,0.289449,-0.245491,0.02411,-0.488163,0.0271,0.003784,0.489564,-0.064191,-0.023073,-0.349989,0.174482,0.0,-0.208992,-0.0,0.0,0.0,0.092932,-0.174482,0.0,-0.002503,0.0,0.0,0.0,0.0,0.0,-0.0,0.0,-0.0,0.0,-0.0,0.0,-0.0,0.0,0.0,0.0,0.000182,0.0,0.000061,0.0,-0.000061,0.0,-0.000182,0.0,0.0,0.0,-0.010743,
0.0,4.261313,0.870563,-0.000066,0.0,1.570796,0.0,0.830936,-0.050284,0.0,0.0,0.0,0.077861,-0.023805,0.00523,0.28246,-0.243739,0.02411,-0.480965,0.026844,0.003564,0.467579,-0.074051,-0.02333,-0.346327,0.174482,-0.0,-0.204998,0.0,0.0,0.0,0.093079,-0.174482,0.0,-0.002503,0.0,0.0,0.0,0.0,0.0,0.0,0.0,0.0,0.0,-0.0,0.0,0.0,0.0,0.0,0.0,0.000182,0.0,0.000061,0.0,-0.000061,0.0,-0.000182,0.0,0.0,0.0,-0.010798,
0.0,4.269622,0.870061,-0.000066,0.0,1.570796,0.0,0.830936,-0.050284,0.0,0.0,0.0,0.090544,-0.023805,0.005029,0.275471,-0.241986,0.02411,-0.473767,0.026588,0.003344,0.445589,-0.083911,-0.023586,-0.342666,0.174482,-0.0,-0.201004,0.0,0.0,0.0,0.093226,-0.174482,0.0,-0.002503,0.0,0.0,0.0,0.0,0.0,-0.0,-0.0,-0.0,0.0,-0.0,0.0,-0.0,0.0,0.0,0.0,0.000182,0.0,0.000061,0.0,-0.000061,0.0,-0.000182,0.0,0.0,0.0,-0.010853,
0.0,4.277932,0.869558,-0.000066,0.0,1.570796,-0.0,0.830966,-0.050291,0.0,0.0,0.0,0.103229,-0.023805,0.004827,0.268481,-0.240234,0.02411,-0.466569,0.026331,0.003124,0.423601,-0.093771,-0.023842,-0.339004,0.174482,0.0,-0.19701,-0.0,0.0,0.0,0.093372,-0.174482,-0.0,-0.002503,0.0,0.0,0.0,0.0,0.0,0.0,0.0,0.0,0.0,-0.0,0.0,0.0,0.0,0.0,0.0,0.000182,0.0,0.000061,0.0,-0.000061,0.0,-0.000182,0.0,0.0,0.0,-0.010908,
0.0,4.286515,0.869135,-0.000066,0.0,1.570796,0.0,0.85834,-0.04224,0.0,0.0,0.0,0.11495,-0.023854,0.004552,0.263354,-0.236543,0.02411,-0.458279,0.026247,0.003138,0.409735,-0.095233,-0.023927,-0.333146,0.174482,0.0,-0.191996,-0.0,0.0,0.0,0.093666,-0.174482,0.0,-0.002503,0.0,0.0,0.0,0.0,0.0,0.0,0.0,0.0,0.0,-0.0,0.0,-0.0,0.0,0.0,0.0,0.000182,0.0,0.000061,0.0,-0.000061,0.0,-0.000182,0.0,0.0,0.0,-0.011281,
0.0,4.295234,0.868752,-0.000066,0.0,1.570796,0.0,0.871859,-0.03828,0.0,0.0,0.0,0.126198,-0.023927,0.004241,0.259143,-0.231897,0.02411,-0.44945,0.026247,0.003266,0.39987,-0.092557,-0.023927,-0.326206,0.174482,0.0,-0.186478,0.0,0.0,0.0,0.094033,-0.174482,0.0,-0.002503,0.0,0.0,0.0,0.0,0.0,-0.0,0.0,-0.0,-0.0,-0.0,0.0,0.0,0.0,0.0,0.0,0.000182,0.0,0.000061,0.0,-0.000061,0.0,-0.000182,0.0,0.0,0.0,-0.011812,
-0.0,4.303952,0.86837,-0.000066,0.0,1.570796,-0.0,0.871798,-0.038272,0.0,0.0,0.0,0.137445,-0.024001,0.00393,0.254933,-0.227252,0.02411,-0.440622,0.026247,0.003394,0.390005,-0.08988,-0.023927,-0.319265,0.174482,0.0,-0.180961,0.0,0.0,0.0,0.094399,-0.174482,0.0,-0.002503,0.0,0.0,0.0,0.0,0.0,0.0,0.0,0.0,0.0,0.0,0.0,0.0,0.0,0.0,0.0,0.000182,0.0,0.000061,0.0,-0.000061,0.0,-0.000182,0.0,0.0,0.0,-0.012343,
0.0,4.312804,0.868035,-0.000066,0.0,1.570796,0.0,0.885164,-0.033457,0.0,0.0,0.0,0.14884,-0.024074,0.003554,0.250376,-0.220607,0.024135,-0.431765,0.026247,0.003572,0.381447,-0.085089,-0.023896,-0.311276,0.174482,0.0,-0.175222,0.0,0.0,0.0,0.094729,-0.174482,0.0,-0.002503,0.0,0.0,0.0,0.0,0.0,-0.0,0.0,-0.0,0.0,-0.0,0.0,0.0,0.0,0.0,0.0,0.000182,0.0,0.000061,0.0,-0.000061,0.0,-0.000182,0.0,0.0,0.0,-0.01293,
0.0,4.321916,0.867796,-0.000066,0.0,1.570796,0.0,0.911256,-0.023949,0.0,0.0,0.0,0.160525,-0.024147,0.00305,0.245137,-0.210021,0.024208,-0.422853,0.026247,0.003846,0.375465,-0.076129,-0.023805,-0.301222,0.174482,0.0,-0.169048,0.0,0.0,0.0,0.094986,-0.174482,0.0,-0.002503,0.0,0.0,0.0,0.0,0.0,-0.0,0.0,0.0,0.0,0.0,0.0,-0.0,0.0,0.0,0.0,0.000182,0.0,0.000061,0.0,-0.000061,0.0,-0.000182,0.0,0.0,0.0,-0.013626,
0.0,4.331029,0.867556,-0.000066,0.0,1.570796,0.0,0.911287,-0.023949,0.0,0.0,0.0,0.172211,-0.02422,0.002547,0.239898,-0.199435,0.024281,-0.413941,0.026247,0.004121,0.369483,-0.067168,-0.023713,-0.291167,0.174482,-0.0,-0.162874,0.0,0.0,0.0,0.095242,-0.174482,0.0,-0.002503,0.0,0.0,0.0,-0.0,0.0,0.0,0.0,-0.0,0.0,0.0,0.0,-0.0,0.0,0.0,0.0,0.000182,0.0,0.000061,0.0,-0.000061,0.0,-0.000182,0.0,0.0,0.0,-0.014322,
0.0,4.340139,0.867317,-0.000066,0.0,1.570796,-0.0,0.911012,-0.023873,0.0,0.0,0.0,0.183874,-0.024294,0.002043,0.234694,-0.188846,0.024354,-0.405029,0.026247,0.004396,0.363499,-0.058189,-0.023621,-0.281107,0.174482,-0.0,-0.156705,0.0,0.0,0.0,0.095487,-0.174482,0.0,-0.002503,0.0,0.0,0.0,-0.0,0.0,-0.0,0.0,-0.0,0.0,-0.0,0.0,0.0,0.0,0.0,0.0,0.000182,0.0,0.000061,0.0,-0.000061,0.0,-0.000182,0.0,0.0,0.0,-0.015011,
0.0,4.348431,0.867307,-0.000066,0.0,1.570796,0.0,0.829193,-0.001028,0.0,0.0,0.0,0.188657,-0.024385,0.00154,0.239951,-0.177361,0.024354,-0.396275,0.026247,0.004836,0.35697,-0.04374,-0.023447,-0.269601,0.174482,-0.0,-0.152041,-0.0,0.0,-0.0,0.092114,-0.174482,-0.0,-0.002503,0.0,0.0,0.0,0.0,0.0,-0.0,-0.0,0.0,0.0,-0.0,0.0,-0.0,0.0,0.0,0.0,0.000182,0.0,0.000061,0.0,-0.000061,0.0,-0.000182,0.0,0.0,0.0,-0.013619,
0.0,4.356723,0.867297,-0.000066,0.0,1.570796,0.0,0.829254,-0.001021,0.0,0.0,0.0,0.19344,-0.024477,0.001036,0.245209,-0.165874,0.024354,-0.38752,0.026247,0.005275,0.350442,-0.029289,-0.023273,-0.258094,0.174482,-0.0,-0.147377,-0.0,0.0,0.0,0.088741,-0.174482,0.0,-0.002503,0.0,0.0,0.0,0.0,0.0,0.0,0.0,0.0,0.0,0.0,-0.0,0.0,0.0,0.0,0.0,0.000182,0.0,0.000061,0.0,-0.000061,0.0,-0.000182,0.0,-0.0,0.0,-0.012227,
0.0,4.365016,0.867287,-0.000066,0.0,1.570796,0.0,0.829224,-0.001021,0.0,0.0,0.0,0.198223,-0.024568,0.000532,0.250467,-0.154388,0.024354,-0.378766,0.026247,0.005715,0.343913,-0.014839,-0.023099,-0.246587,0.174482,0.0,-0.142713,0.0,0.0,0.0,0.085369,-0.174482,-0.0,-0.002503,0.0,0.0,0.0,0.0,0.0,0.0,0.0,0.0,0.0,0.0,0.0,0.0,0.0,0.0,0.0,0.000182,0.0,0.000061,0.0,-0.000061,0.0,-0.000182,0.0,0.0,0.0,-0.010836,
-0.0,4.372754,0.867492,-0.000066,0.0,1.570796,-0.0,0.773802,0.020582,0.0,0.0,0.0,0.200171,-0.024672,0.000133,0.259532,-0.14236,0.024354,-0.371049,0.026296,0.006044,0.34085,-0.004905,-0.022925,-0.235259,0.174482,0.0,-0.138038,0.0,0.0,0.0,0.079934,-0.174482,0.0,-0.002503,0.0,0.0,0.0,0.0,0.0,0.0,0.0,0.0,0.0,0.0,0.0,0.0,0.0,0.0,0.0,0.000182,0.0,0.000061,0.0,-0.000061,0.0,-0.000182,0.0,-0.0,0.0,-0.010462,
0.0,4.380219,0.867805,-0.000066,0.0,1.570796,0.0,0.746458,0.031223,0.0,0.0,0.0,0.200723,-0.024782,-0.000215,0.270473,-0.130065,0.024354,-0.363844,0.026369,0.006318,0.339494,0.002804,-0.022751,-0.224018,0.174482,0.0,-0.133358,0.0,0.0,0.0,0.073484,-0.174482,-0.0,-0.002503,0.0,0.0,0.0,0.0,0.0,-0.0,0.0,-0.0,0.0,0.0,0.0,0.0,0.0,0.0,0.0,0.000182,0.0,0.000061,0.0,-0.000061,0.0,-0.000182,0.0,0.0,0.0,-0.01059,
0.0,4.387683,0.868117,-0.000066,0.0,1.570796,0.0,0.746458,0.031216,0.0,0.0,0.0,0.201275,-0.024892,-0.000563,0.281413,-0.11777,0.024354,-0.356638,0.026442,0.006593,0.338138,0.010513,-0.022577,-0.212777,0.174482,-0.0,-0.128678,-0.0,0.0,0.0,0.067034,-0.174482,-0.0,-0.002503,0.0,0.0,0.0,0.0,0.0,0.0,0.0,0.0,0.0,0.0,0.0,-0.0,0.0,0.0,0.0,0.000182,0.0,0.000061,0.0,-0.000061,0.0,-0.000182,0.0,0.0,0.0,-0.010719,
0.0,4.394908,0.868532,-0.000066,0.0,1.570796,0.0,0.722562,0.041491,0.0,0.0,0.0,0.195891,-0.025033,-0.000793,0.301815,-0.10706,0.024317,-0.349307,0.026491,0.006812,0.336488,0.016212,-0.022474,-0.201755,0.174482,-0.0,-0.123888,-0.0,0.0,0.0,0.059715,-0.174482,0.0,-0.002503,0.0,0.0,0.0,0.0,0.0,-0.0,0.0,0.0,0.0,-0.0,0.0,-0.0,0.0,0.0,0.0,0.000182,0.0,0.000061,0.0,-0.000061,0.0,-0.000182,0.0,0.0,0.0,-0.011488,
0.0,4.401663,0.869149,-0.000066,0.0,1.570796,0.0,0.675472,0.061698,0.0,0.0,0.0,0.178814,-0.025234,-0.000793,0.340871,-0.09947,0.024207,-0.341726,0.026491,0.006922,0.33426,0.017951,-0.022511,-0.19116,0.174482,-0.0,-0.11888,0.0,0.0,0.0,0.050684,-0.174482,0.0,-0.002503,0.0,0.0,0.0,-0.0,0.0,0.0,0.0,0.0,0.0,0.0,0.0,-0.0,0.0,0.0,0.0,0.000182,0.0,0.000061,0.0,-0.000061,0.0,-0.000182,0.0,0.0,0.0,-0.013521,
0.0,4.408418,0.869766,-0.000066,0.0,1.570796,0.0,0.675441,0.06169,0.0,0.0,0.0,0.161737,-0.025436,-0.000793,0.379934,-0.09188,0.024098,-0.334147,0.026491,0.007032,0.332031,0.019691,-0.022548,-0.180566,0.174482,0.0,-0.113873,0.0,-0.0,0.0,0.041654,-0.174482,0.0,-0.002503,-0.0,0.0,0.0,-0.0,-0.0,-0.0,0.0,-0.0,0.0,-0.0,0.0,-0.0,0.0,-0.0,0.0,0.000182,0.0,0.000061,0.0,-0.000061,0.0,-0.000182,0.0,0.0,0.0,-0.015554,
0.0,4.41517,0.870383,-0.000066,0.0,1.570796,0.0,0.675197,0.061728,0.0,0.0,0.0,0.144623,-0.025637,-0.000793,0.419025,-0.084276,0.023987,-0.326569,0.026491,0.007141,0.329804,0.021409,-0.022584,-0.169976,0.174482,-0.0,-0.108865,0.0,0.0,0.0,0.032624,-0.174482,0.0,-0.002503,0.0,0.0,0.0,-0.0,0.0,0.0,0.0,0.0,0.0,-0.0,0.0,0.0,0.0,0.0,0.0,0.000182,0.0,0.000061,0.0,-0.000061,0.0,-0.000182,0.0,0.0,0.0,-0.017586,
0.0,4.421249,0.871088,-0.000066,0.0,1.570796,0.0,0.607997,0.07049,0.0,0.0,0.0,0.116629,-0.025967,-0.000555,0.471204,-0.072826,0.023657,-0.319579,0.026491,0.007059,0.327874,0.017069,-0.022621,-0.160481,0.174482,0.0,-0.103933,-0.0,0.0,0.0,0.023615,-0.174482,0.0,-0.002503,0.0,0.0,0.0,0.0,0.0,-0.0,0.0,-0.0,0.0,0.0,0.0,0.0,0.0,0.0,0.0,0.000182,0.0,0.000061,0.0,-0.000061,0.0,-0.000182,0.0,0.0,0.0,-0.019453,
0.0,4.42733,0.871793,-0.000066,0.0,1.570796,0.0,0.607997,0.070482,0.0,0.0,0.0,0.088627,-0.026297,-0.000317,0.52343,-0.061375,0.023328,-0.312589,0.026491,0.006976,0.325944,0.012729,-0.022658,-0.150985,0.174482,0.0,-0.099001,0.0,0.0,0.0,0.014605,-0.174482,-0.0,-0.002503,0.0,0.0,0.0,0.0,0.0,0.0,0.0,-0.0,0.0,0.0,-0.0,-0.0,0.0,0.0,0.0,0.000182,0.0,0.000061,0.0,-0.000061,0.0,-0.000182,0.0,0.0,0.0,-0.021321,
0.0,4.43341,0.872498,-0.000066,0.0,1.570796,0.0,0.608058,0.070498,0.0,0.0,0.0,0.060627,-0.026626,-0.000078,0.575635,-0.049923,0.022998,-0.305599,0.026491,0.006894,0.324014,0.008389,-0.022694,-0.14149,0.174482,-0.0,-0.094069,0.0,0.0,0.0,0.005595,-0.174482,0.0,-0.002503,-0.0,0.0,0.0,0.0,0.0,0.0,-0.0,-0.0,0.0,-0.0,0.0,-0.0,0.0,-0.0,0.0,0.000182,0.0,0.000061,0.0,-0.000061,0.0,-0.000182,0.0,-0.0,0.0,-0.023189,
0.0,4.439088,0.873173,-0.000066,0.0,1.570796,-0.0,0.567836,0.067535,0.0,0.0,0.0,0.032069,-0.027066,-0.0,0.623029,-0.037347,0.022521,-0.298803,0.026442,0.006811,0.321488,0.003718,-0.022768,-0.132887,0.174482,0.0,-0.089261,0.0,0.0,0.0,-0.004163,-0.174482,0.0,-0.002503,0.0,0.0,0.0,0.0,0.0,0.0,0.0,0.0,0.0,0.0,0.0,0.0,0.0,0.0,0.0,0.000182,0.0,0.000061,0.0,-0.000061,0.0,-0.000182,0.0,0.0,0.0,-0.023719,
0.0,4.44457,0.873834,-0.000066,0.0,1.570796,0.0,0.548122,0.066076,0.0,0.0,0.0,0.003222,-0.027561,0.0,0.668117,-0.024216,0.021972,-0.292103,0.026368,0.006729,0.318669,-0.001116,-0.022859,-0.124722,0.174482,0.0,-0.084514,0.0,0.0,0.0,-0.01429,-0.174482,0.0,-0.002503,0.0,0.0,0.0,-0.0,0.0,-0.0,0.0,0.0,0.0,0.0,0.0,0.0,0.0,0.0,0.0,0.000182,0.0,0.000061,0.0,-0.000061,0.0,-0.000182,0.0,-0.0,0.0,-0.023591,
0.0,4.45005,0.874495,-0.000066,0.0,1.570796,0.0,0.548091,0.066084,0.0,0.0,0.0,-0.025625,-0.028055,0.0,0.713204,-0.011085,0.021422,-0.285403,0.026295,0.006647,0.31585,-0.005951,-0.022951,-0.116557,0.174482,0.0,-0.079767,0.0,0.0,0.0,-0.024417,-0.174482,0.0,-0.002503,0.0,0.0,0.0,0.0,0.0,-0.0,0.0,-0.0,0.0,-0.0,0.0,0.0,0.0,0.0,0.0,0.000182,0.0,0.000061,0.0,-0.000061,0.0,-0.000182,0.0,0.0,0.0,-0.023463,
0.0,4.455379,0.875213,-0.000066,0.0,1.570796,0.0,0.532863,0.07179,0.0,0.0,0.0,-0.053132,-0.028525,0.0,0.753142,0.000002,0.020873,-0.277493,0.026222,0.006592,0.310598,-0.009909,-0.023042,-0.108741,0.174482,0.0,-0.075027,0.0,0.0,0.0,-0.035032,-0.174482,-0.0,-0.002503,0.0,0.0,0.0,0.0,0.0,-0.0,0.0,-0.0,0.0,-0.0,0.0,0.0,0.0,0.0,0.0,0.000182,0.0,0.000061,0.0,-0.000061,-0.0,-0.000182,0.0,0.0,0.0,-0.022631,
0.0,4.460407,0.876043,-0.000066,0.0,1.570796,0.0,0.502741,0.083011,0.0,0.0,0.0,-0.078024,-0.028946,0.0,0.783022,0.00707,0.020324,-0.267204,0.026149,0.006592,0.300563,-0.012143,-0.023134,-0.101609,0.174482,0.0,-0.0703,0.0,0.0,0.0,-0.046609,-0.174482,0.0,-0.002503,0.0,0.0,0.0,-0.0,0.0,0.0,0.0,-0.0,0.0,0.0,0.0,0.0,0.0,0.0,0.0,0.000182,0.0,0.000061,0.0,-0.000061,0.0,-0.000182,0.0,0.0,0.0,-0.020415,
0.0,4.465435,0.876873,-0.000066,0.0,1.570796,0.0,0.502771,0.083011,0.0,0.0,0.0,-0.10292,-0.029368,0.0,0.812908,0.014139,0.019774,-0.256915,0.026075,0.006592,0.290527,-0.014377,-0.023225,-0.094476,0.174482,0.0,-0.065572,0.0,0.0,0.0,-0.058186,-0.174482,0.0,-0.002503,0.0,0.0,0.0,0.0,0.0,-0.0,0.0,-0.0,0.0,0.0,0.0,0.0,0.0,0.0,0.0,0.000182,0.0,0.000061,0.0,-0.000061,0.0,-0.000182,0.0,0.0,0.0,-0.018199,
0.0,4.47046,0.877702,-0.000066,0.0,1.570796,0.0,0.502588,0.08295,0.0,0.0,0.0,-0.127797,-0.029788,0.000001,0.842737,0.021168,0.019227,-0.246653,0.026003,0.006592,0.280541,-0.016615,-0.023317,-0.087346,0.174482,0.0,-0.060844,0.0,0.0,0.0,-0.069756,-0.174482,0.0,-0.002513,0.0,0.0,0.0,0.0,0.0,0.0,0.0,0.0,0.0,0.0,0.0,0.0,0.0,0.0,0.0,0.000182,0.0,0.000061,0.0,-0.000061,0.0,-0.000182,0.0,0.0,0.0,-0.015983,
0.0,4.475048,0.878381,-0.000066,0.0,1.570796,-0.0,0.458766,0.067917,0.0,0.0,0.0,-0.149662,-0.029916,0.000239,0.860923,0.018,0.019227,-0.243443,0.026003,0.006592,0.283687,-0.019893,-0.023346,-0.080474,0.174482,-0.0,-0.055733,0.0,0.0,0.0,-0.079672,-0.174482,0.0,-0.005278,-0.0,0.0,0.0,0.0,0.0,-0.0,0.0,-0.0,0.0,-0.0,0.0,-0.0,0.0,-0.0,0.0,0.000182,0.0,0.000061,0.0,-0.000061,-0.0,-0.000182,0.0,0.0,0.0,-0.013584,
0.0,4.479635,0.87906,-0.000066,0.0,1.570796,0.0,0.458736,0.067901,0.0,0.0,0.0,-0.17153,-0.030044,0.000477,0.87911,0.014832,0.019227,-0.240234,0.026003,0.006592,0.286831,-0.023171,-0.023375,-0.073602,0.174482,-0.0,-0.050623,-0.0,0.0,0.0,-0.089588,-0.174482,-0.0,-0.008043,0.0,0.0,0.0,0.0,0.0,0.0,0.0,-0.0,0.0,0.0,0.0,-0.0,0.0,0.0,0.0,0.000182,0.0,0.000061,0.0,-0.000061,0.0,-0.000182,0.0,-0.0,0.0,-0.011185,
0.0,4.484222,0.87974,-0.000066,0.0,1.570796,0.0,0.458736,0.067909,0.0,0.0,0.0,-0.193395,-0.030172,0.000715,0.897296,0.011664,0.019227,-0.237024,0.026003,0.006592,0.289976,-0.026449,-0.023405,-0.06673,0.174482,-0.0,-0.045512,0.0,0.0,0.0,-0.099504,-0.174482,0.0,-0.010808,0.0,0.0,0.0,-0.0,0.0,0.0,0.0,0.0,0.0,0.0,0.0,0.0,0.0,0.0,0.0,0.000182,0.0,0.000061,0.0,-0.000061,0.0,-0.000182,0.0,0.0,0.0,-0.008786,
0.0,4.488538,0.88033,-0.000066,0.0,1.570796,0.0,0.431545,0.05905,0.0,0.0,0.0,-0.211128,-0.030129,0.001051,0.907241,0.004358,0.019393,-0.232531,0.026003,0.006543,0.290492,-0.029051,-0.023434,-0.060093,0.174482,0.0,-0.040733,0.0,0.0,0.0,-0.109241,-0.174482,-0.0,-0.014421,0.0,0.0,0.0,-0.0,0.0,-0.0,0.0,-0.0,0.0,-0.0,0.0,0.0,0.0,0.0,0.0,0.000182,0.0,0.000061,0.0,-0.000061,0.0,-0.000182,0.0,0.0,0.0,-0.006596,
0.0,4.492719,0.880877,-0.000066,0.0,1.570796,-0.0,0.418118,0.0547,0.0,0.0,0.0,-0.22683,-0.03,0.001436,0.913137,-0.00498,0.01964,-0.227408,0.026003,0.00647,0.289714,-0.031322,-0.023463,-0.053572,0.174482,0.0,-0.036118,0.0,0.0,0.0,-0.118889,-0.174482,-0.0,-0.018449,0.0,0.0,0.0,0.0,0.0,0.0,0.0,0.0,0.0,0.0,0.0,0.0,0.0,0.0,0.0,0.000182,0.0,0.000061,0.0,-0.000061,0.0,-0.000182,0.0,0.0,0.0,-0.004509,
0.0,4.496901,0.881424,-0.000066,0.0,1.570796,0.0,0.418148,0.054708,0.0,0.0,0.0,-0.242534,-0.029872,0.00182,0.919033,-0.01432,0.019887,-0.222284,0.026003,0.006396,0.288937,-0.033593,-0.023493,-0.047051,0.174482,0.0,-0.031503,0.0,0.0,0.0,-0.128539,-0.174482,0.0,-0.022478,0.0,0.0,0.0,-0.0,0.0,-0.0,0.0,-0.0,0.0,0.0,0.0,0.0,0.0,0.0,0.0,0.000182,0.0,0.000061,0.0,-0.000061,0.0,-0.000182,0.0,-0.0,0.0,-0.002421,
0.0,4.500988,0.881929,-0.000066,0.0,1.570796,0.0,0.408749,0.050465,0.0,0.0,0.0,-0.256212,-0.029787,0.002007,0.92133,-0.024505,0.020134,-0.217274,0.026003,0.006348,0.288235,-0.035864,-0.023522,-0.040672,0.174482,0.0,-0.027061,-0.0,0.0,0.0,-0.137999,-0.174482,0.0,-0.026501,-0.0,0.0,0.0,0.0,0.0,-0.0,0.0,-0.0,0.0,-0.0,0.0,-0.0,0.0,-0.0,0.0,0.000182,0.0,0.000061,0.0,-0.000061,0.0,-0.000182,0.0,0.0,0.0,-0.000531,
0.0,4.50489,0.88235,-0.000066,0.0,1.570796,-0.0,0.390225,0.04214,0.0,0.0,0.0,-0.265913,-0.029787,0.001806,0.916554,-0.036356,0.020382,-0.212486,0.026003,0.006348,0.28768,-0.038135,-0.023551,-0.034574,0.174482,0.0,-0.022959,0.0,0.0,0.0,-0.147089,-0.174482,0.0,-0.030511,0.0,0.0,0.0,0.0,0.0,-0.0,0.0,-0.0,0.0,0.0,0.0,0.0,0.0,0.0,0.0,0.000182,-0.0,0.000061,0.0,-0.000061,0.0,-0.000182,0.0,0.0,0.0,0.00097,
0.0,4.508792,0.882772,-0.000066,0.0,1.570796,0.0,0.390225,0.042148,0.0,0.0,0.0,-0.275615,-0.029787,0.001604,0.911777,-0.048206,0.020629,-0.207698,0.026003,0.006348,0.287125,-0.040406,-0.02358,-0.028475,0.174482,-0.0,-0.018857,-0.0,0.0,0.0,-0.156179,-0.174482,0.0,-0.034522,-0.0,0.0,0.0,0.0,0.0,0.0,0.0,0.0,0.0,0.0,0.0,0.0,0.0,-0.0,0.0,0.000182,0.0,0.000061,0.0,-0.000061,0.0,-0.000182,0.0,-0.0,0.0,0.002472,
0.0,4.512694,0.883192,-0.000066,0.0,1.570796,-0.0,0.390134,0.042079,0.0,0.0,0.0,-0.285292,-0.029787,0.001403,0.90696,-0.060063,0.020877,-0.202916,0.026003,0.006347,0.286579,-0.04268,-0.02361,-0.02238,0.174482,0.0,-0.014757,-0.0,0.0,0.0,-0.165258,-0.174482,0.0,-0.038532,0.0,0.0,0.0,0.0,0.0,0.0,0.0,0.0,0.0,0.0,0.0,0.0,0.0,0.0,0.0,0.000182,0.0,0.000061,-0.0,-0.000061,0.0,-0.000182,0.0,0.0,0.0,0.00397,
0.0,4.516377,0.883465,-0.000066,0.0,1.570796,0.0,0.368315,0.027216,0.0,0.0,0.0,-0.289123,-0.029677,0.001238,0.891855,-0.07368,0.021243,-0.199512,0.026003,0.006256,0.2883,-0.045721,-0.023639,-0.017253,0.174482,-0.0,-0.01137,0.0,0.0,0.0,-0.171747,-0.174482,0.0,-0.04225,0.0,0.0,0.0,0.0,0.0,-0.0,0.0,0.0,0.0,-0.0,0.0,0.0,0.0,0.0,0.0,0.000182,0.0,0.000061,0.0,-0.000061,0.0,-0.000182,0.0,0.0,0.0,0.004721,
0.0,4.520061,0.883737,-0.000066,0.0,1.570796,0.0,0.368315,0.027223,0.0,0.0,0.0,-0.292955,-0.029567,0.001074,0.876748,-0.087298,0.021609,-0.196108,0.026003,0.006164,0.290021,-0.048762,-0.023668,-0.012126,0.174482,-0.0,-0.007982,-0.0,0.0,0.0,-0.178236,-0.174482,0.0,-0.045968,-0.0,0.0,-0.0,0.0,0.0,0.0,0.0,0.0,0.0,0.0,0.0,-0.0,0.0,-0.0,0.0,0.000182,0.0,0.000061,0.0,-0.000061,0.0,-0.000182,-0.0,0.0,0.0,0.005472,
0.0,4.523744,0.884009,-0.000066,0.0,1.570796,0.0,0.368315,0.027216,0.0,0.0,0.0,-0.296786,-0.029457,0.000909,0.861643,-0.100916,0.021975,-0.192704,0.026003,0.006073,0.291742,-0.051802,-0.023698,-0.006998,0.174482,0.0,-0.004594,0.0,0.0,0.0,-0.184726,-0.174482,0.0,-0.049686,0.0,0.0,0.0,0.0,0.0,-0.0,0.0,-0.0,0.0,-0.0,0.0,0.0,0.0,0.0,0.0,0.000182,0.0,0.000061,0.0,-0.000061,0.0,-0.000182,-0.0,0.0,0.0,0.006223,
0.0,4.52742,0.884187,-0.000066,0.0,1.570796,0.0,0.367583,0.017847,0.0,0.0,0.0,-0.295155,-0.029089,0.001026,0.838226,-0.115726,0.02244,-0.189449,0.026003,0.005981,0.293761,-0.055334,-0.023727,-0.002006,0.174482,0.0,-0.003479,0.0,0.0,0.0,-0.189379,-0.174482,0.0,-0.052667,0.0,0.0,0.0,-0.0,0.0,0.0,0.0,-0.0,0.0,-0.0,0.0,-0.0,0.0,0.0,0.0,0.000182,0.0,0.000061,0.0,-0.000061,0.0,-0.000182,0.0,0.0,0.0,0.00663,
0.0,4.531092,0.88432,-0.000066,0.0,1.570796,0.0,0.367278,0.013246,0.0,0.0,0.0,-0.290843,-0.028595,0.001283,0.810722,-0.131123,0.022953,-0.186267,0.026003,0.00589,0.295927,-0.059108,-0.023756,0.00292,0.174482,0.0,-0.003479,0.0,0.0,0.0,-0.193132,-0.174482,0.0,-0.055287,-0.0,0.0,0.0,-0.0,0.0,0.0,0.0,0.0,0.0,-0.0,0.0,0.0,0.0,-0.0,0.0,0.000182,0.0,0.000061,0.0,-0.000061,0.0,-0.000182,0.0,-0.0,0.0,0.006868,
0.0,4.534765,0.884452,-0.000066,0.0,1.570796,0.0,0.367278,0.013246,0.0,0.0,0.0,-0.28653,-0.0281,0.001539,0.783218,-0.14652,0.023465,-0.183085,0.026003,0.005798,0.298093,-0.062882,-0.023786,0.007845,0.174482,0.0,-0.003479,0.0,0.0,0.0,-0.196885,-0.174482,0.0,-0.057907,0.0,0.0,0.0,-0.0,0.0,0.0,0.0,-0.0,0.0,0.0,0.0,-0.0,0.0,0.0,0.0,0.000182,0.0,0.000061,0.0,-0.000061,0.0,-0.000182,-0.0,0.0,0.0,0.007106,
-0.0,4.538445,0.884539,-0.000066,0.0,1.570796,-0.0,0.368011,0.008638,0.0,0.0,0.0,-0.280767,-0.027569,0.001932,0.754151,-0.161225,0.023916,-0.179985,0.026003,0.005707,0.300473,-0.066996,-0.02383,0.012469,0.174482,-0.0,-0.003479,-0.0,0.0,0.0,-0.199819,-0.174482,0.0,-0.060069,0.0,0.0,0.0,0.0,0.0,-0.0,0.0,-0.0,0.0,-0.0,0.0,0.0,0.0,0.0,0.0,0.000182,0.0,0.000061,0.0,-0.000061,0.0,-0.000182,0.0,-0.0,0.0,0.007263,
0.0,4.54214,0.884535,-0.000066,0.0,1.570796,0.0,0.369446,-0.000418,0.0,0.0,0.0,-0.272156,-0.026964,0.002591,0.721993,-0.174573,0.024246,-0.177044,0.026003,0.005615,0.30327,-0.071779,-0.023903,0.016497,0.174482,0.0,-0.003479,0.0,0.0,0.0,-0.201144,-0.174482,0.0,-0.061333,0.0,0.0,0.0,-0.0,0.0,0.0,0.0,0.0,0.0,0.0,0.0,0.0,0.0,0.0,0.0,0.000182,0.0,0.000061,0.0,-0.000061,0.0,-0.000182,0.0,-0.0,0.0,0.007263,
0.0,4.545834,0.88453,-0.000066,0.0,1.570796,-0.0,0.369446,-0.00041,0.0,0.0,0.0,-0.263545,-0.02636,0.00325,0.689829,-0.187921,0.024576,-0.174102,0.026003,0.005523,0.306067,-0.076561,-0.023976,0.020526,0.174482,0.0,-0.003479,0.0,0.0,0.0,-0.202469,-0.174482,-0.0,-0.062597,0.0,0.0,0.0,0.0,0.0,-0.0,0.0,-0.0,0.0,-0.0,0.0,0.0,0.0,0.0,0.0,0.000182,0.0,0.000061,0.0,-0.000061,0.0,-0.000182,0.0,-0.0,0.0,0.007263,
0.0,4.549527,0.884526,-0.000066,0.0,1.570796,0.0,0.369263,-0.000471,0.0,0.0,0.0,-0.254925,-0.025757,0.003909,0.657672,-0.201248,0.024904,-0.171163,0.026003,0.005432,0.308865,-0.081345,-0.024049,0.024544,0.174482,0.0,-0.003479,-0.0,0.0,0.0,-0.20379,-0.174482,0.0,-0.063855,0.0,0.0,0.0,0.0,0.0,0.0,0.0,-0.0,0.0,0.0,0.0,-0.0,0.0,0.0,0.0,0.000182,0.0,0.000061,0.0,-0.000061,0.0,-0.000182,-0.0,-0.0,0.0,0.007264,
0.0,4.55279,0.884381,-0.000066,0.0,1.570796,0.0,0.326356,-0.014512,0.0,0.0,0.0,-0.244303,-0.025335,0.004532,0.624365,-0.209758,0.024883,-0.168775,0.026003,0.005322,0.311906,-0.086423,-0.024049,0.026193,0.174482,0.0,-0.003479,0.0,0.0,0.0,-0.204011,-0.174482,0.0,-0.063653,0.0,0.0,0.0,-0.0,0.0,0.0,0.0,-0.0,0.0,-0.0,0.0,0.0,0.0,0.0,0.0,0.000182,0.0,0.000061,0.0,-0.000061,0.0,-0.000182,0.0,0.0,0.0,0.007429,
0.0,4.556054,0.884236,-0.000066,0.0,1.570796,-0.0,0.326356,-0.014512,0.0,0.0,0.0,-0.233681,-0.024914,0.005154,0.591047,-0.218267,0.024862,-0.166386,0.026003,0.005212,0.314947,-0.0915,-0.024049,0.027841,0.174482,0.0,-0.003479,0.0,0.0,0.0,-0.204232,-0.174482,0.0,-0.063452,-0.0,-0.0,-0.0,-0.0,0.0,-0.0,0.0,-0.0,0.0,-0.0,0.0,-0.0,0.0,-0.0,-0.0,0.000182,0.0,0.000061,0.0,-0.000061,0.0,-0.000182,0.0,-0.0,0.0,0.007594,
0.0,4.559317,0.88409,-0.000066,0.0,1.570796,0.0,0.326356,-0.014512,0.0,0.0,0.0,-0.223058,-0.024493,0.005777,0.557734,-0.226777,0.024842,-0.163997,0.026003,0.005102,0.317987,-0.096578,-0.024049,0.029489,0.174482,0.0,-0.003479,0.0,0.0,0.0,-0.204452,-0.174482,0.0,-0.06325,0.0,0.0,0.0,0.0,0.0,0.0,0.0,0.0,0.0,-0.0,0.0,0.0,0.0,0.0,0.0,0.000182,-0.0,0.000061,0.0,-0.000061,0.0,-0.000182,0.0,0.0,0.0,0.007759,
0.0,4.562339,0.883886,-0.000066,0.0,1.570796,0.0,0.302217,-0.020396,0.0,0.0,0.0,-0.212993,-0.024256,0.006055,0.528077,-0.228228,0.024821,-0.161633,0.026003,0.004992,0.32068,-0.101373,-0.024111,0.029147,0.174482,-0.0,-0.003479,0.0,0.0,0.0,-0.204241,-0.174482,0.0,-0.062336,0.0,0.0,0.0,0.0,0.0,-0.0,0.0,-0.0,0.0,-0.0,0.0,-0.0,0.0,0.0,0.0,0.000182,0.0,0.000061,0.0,-0.000061,-0.0,-0.000182,0.0,0.0,0.0,0.007665,
0.0,4.565243,0.883654,-0.000066,0.0,1.570796,0.0,0.290376,-0.023273,0.0,0.0,0.0,-0.203201,-0.02411,0.006165,0.500195,-0.226219,0.024801,-0.159282,0.026003,0.004882,0.323204,-0.106031,-0.024202,0.027828,0.174482,0.0,-0.003479,-0.0,0.0,0.0,-0.203818,-0.174482,0.0,-0.061072,0.0,0.0,0.0,0.0,0.0,-0.0,0.0,-0.0,0.0,-0.0,0.0,0.0,0.0,0.0,0.0,0.000182,-0.0,0.000061,0.0,-0.000061,0.0,-0.000182,-0.0,0.0,0.0,0.007446,
0.0,4.568147,0.883421,-0.000066,0.0,1.570796,0.0,0.290407,-0.023281,0.0,0.0,0.0,-0.193408,-0.023963,0.006275,0.472311,-0.22421,0.02478,-0.156931,0.026003,0.004773,0.325727,-0.110689,-0.024294,0.026509,0.174482,0.0,-0.003479,0.0,0.0,0.0,-0.203394,-0.174482,0.0,-0.059807,0.0,0.0,0.0,0.0,0.0,0.0,0.0,-0.0,0.0,-0.0,0.0,0.0,0.0,0.0,0.0,0.000182,0.0,0.000061,0.0,-0.000061,0.0,-0.000182,0.0,-0.0,0.0,0.007226,
0.0,4.570452,0.883195,-0.000066,0.0,1.570796,0.0,0.23047,-0.022591,0.0,0.0,0.0,-0.1848,-0.023866,0.006261,0.447242,-0.2192,0.024759,-0.155125,0.026003,0.0047,0.32795,-0.114511,-0.024354,0.024239,0.174482,0.0,-0.003479,0.0,0.0,0.0,-0.202704,-0.174482,0.0,-0.058234,0.0,0.0,0.0,0.0,0.0,0.0,0.0,0.0,0.0,0.0,0.0,0.0,0.0,0.0,0.0,0.000182,0.0,0.000061,0.0,-0.000061,-0.0,-0.000182,0.0,0.0,0.0,0.006895,
0.0,4.571581,0.882982,-0.000066,0.0,1.570796,0.0,0.112916,-0.021256,0.0,0.0,0.0,-0.178513,-0.023866,0.006005,0.427672,-0.208302,0.024739,-0.154391,0.026003,0.0047,0.329583,-0.116693,-0.024354,0.0201,0.174482,-0.0,-0.003479,-0.0,0.0,0.0,-0.201489,-0.174482,-0.0,-0.056054,0.0,0.0,0.0,0.0,0.0,0.0,0.0,-0.0,0.0,0.0,0.0,0.0,0.0,0.0,0.0,0.000182,0.0,0.000061,-0.0,-0.000061,0.0,-0.000182,0.0,0.0,0.0,0.006345,
-0.0,4.57271,0.88277,-0.000066,0.0,1.570796,-0.0,0.112916,-0.021256,0.0,0.0,0.0,-0.172226,-0.023866,0.005749,0.408103,-0.197404,0.024718,-0.153656,0.026003,0.0047,0.331217,-0.118876,-0.024354,0.015961,0.174482,0.0,-0.003479,0.0,0.0,0.0,-0.200274,-0.174482,0.0,-0.053874,0.0,0.0,0.0,0.0,0.0,-0.0,0.0,0.0,0.0,0.0,0.0,0.0,0.0,0.0,0.0,0.000182,0.0,0.000061,0.0,-0.000061,0.0,-0.000182,0.0,0.0,0.0,0.005796,
0.0,4.57384,0.882559,-0.000066,0.0,1.570796,0.0,0.112947,-0.021057,0.0,0.0,0.0,-0.165931,-0.023867,0.005491,0.388542,-0.186477,0.024698,-0.152903,0.026003,0.0047,0.332815,-0.121041,-0.024354,0.01182,0.174482,-0.0,-0.003478,-0.0,0.0,0.0,-0.199051,-0.174482,0.0,-0.05169,0.0,0.0,0.0,0.0,0.0,0.0,0.0,0.0,0.0,-0.0,0.0,-0.0,0.0,0.0,0.0,0.000182,0.0,0.000061,0.0,-0.000061,0.0,-0.000182,0.0,0.0,0.0,0.005251,
0.0,4.575011,0.882796,-0.000066,0.0,1.570796,0.0,0.117155,0.023682,0.0,0.0,0.0,-0.15785,-0.023976,0.004923,0.370751,-0.168917,0.024677,-0.148148,0.026003,0.0047,0.326526,-0.119225,-0.024354,0.007041,0.174482,0.0,-0.003277,0.0,0.0,0.0,-0.195868,-0.174482,0.0,-0.04854,0.0,0.0,0.0,0.0,0.0,-0.0,0.0,0.0,0.0,0.0,0.0,-0.0,0.0,0.0,0.0,0.000182,-0.0,0.000061,0.0,-0.000061,0.0,-0.000182,0.0,0.0,0.0,0.005543,
0.0,4.576183,0.883033,-0.000066,0.0,1.570796,0.0,0.117155,0.023689,0.0,0.0,0.0,-0.149769,-0.024086,0.004355,0.352957,-0.151354,0.024656,-0.143393,0.026003,0.0047,0.320237,-0.117409,-0.024354,0.002261,0.174482,0.0,-0.003075,0.0,0.0,0.0,-0.192685,-0.174482,0.0,-0.045389,0.0,0.0,0.0,0.0,0.0,-0.0,0.0,0.0,0.0,0.0,0.0,0.0,0.0,0.0,0.0,0.000182,0.0,0.000061,0.0,-0.000061,0.0,-0.000182,0.0,0.0,0.0,0.005836,
0.0,4.577354,0.88327,-0.000066,0.0,1.570796,0.0,0.117155,0.023689,0.0,0.0,0.0,-0.141689,-0.024196,0.003788,0.335165,-0.133794,0.024636,-0.138638,0.026003,0.0047,0.313948,-0.115593,-0.024354,-0.002518,0.174482,-0.0,-0.002874,0.0,0.0,0.0,-0.189502,-0.174482,-0.0,-0.042239,0.0,0.0,0.0,0.0,0.0,0.0,0.0,0.0,0.0,-0.0,0.0,-0.0,0.0,0.0,0.0,0.000182,0.0,0.000061,0.0,-0.000061,0.0,-0.000182,0.0,0.0,0.0,0.006129,
0.0,4.578514,0.883535,-0.000066,0.0,1.570796,0.0,0.115996,0.026505,0.0,0.0,0.0,-0.133133,-0.024232,0.003454,0.319157,-0.123515,0.024615,-0.135245,0.026003,0.004737,0.310238,-0.114553,-0.024354,-0.007666,0.174482,0.0,-0.00518,0.0,0.0,0.0,-0.185913,-0.174482,-0.0,-0.039236,0.0,0.0,0.0,0.0,0.0,-0.0,0.0,-0.0,0.0,0.0,0.0,0.0,0.0,0.0,0.0,0.000182,0.0,0.000061,0.0,-0.000061,0.0,-0.000182,0.0,0.0,0.0,0.006742,
0.0,4.579669,0.883814,-0.000066,0.0,1.570796,0.0,0.115446,0.027885,0.0,0.0,0.0,-0.124345,-0.024232,0.003234,0.304021,-0.116801,0.024595,-0.132521,0.026003,0.004792,0.307792,-0.113893,-0.024354,-0.012995,0.174482,0.0,-0.008714,0.0,0.0,0.0,-0.182126,-0.174482,-0.0,-0.036306,0.0,0.0,0.0,-0.0,0.0,-0.0,0.0,-0.0,0.0,-0.0,0.0,-0.0,0.0,0.0,0.0,0.000182,0.0,0.000061,0.0,-0.000061,0.0,-0.000182,0.0,-0.0,0.0,0.007511,
0.0,4.580823,0.884093,-0.000066,0.0,1.570796,0.0,0.115446,0.027893,0.0,0.0,0.0,-0.115556,-0.024232,0.003014,0.288885,-0.110088,0.024574,-0.129796,0.026003,0.004847,0.305346,-0.113232,-0.024354,-0.018324,0.174482,0.0,-0.012248,0.0,0.0,0.0,-0.178338,-0.174482,0.0,-0.033375,0.0,0.0,0.0,0.0,0.0,-0.0,0.0,-0.0,0.0,-0.0,0.0,-0.0,0.0,0.0,0.0,0.000182,0.0,0.000061,0.0,-0.000061,0.0,-0.000182,0.0,0.0,0.0,0.00828,
0.0,4.581952,0.884343,-0.000066,0.0,1.570796,-0.0,0.112852,0.025062,0.0,0.0,0.0,-0.107328,-0.024232,0.002832,0.275083,-0.104683,0.024553,-0.127071,0.026003,0.004883,0.302844,-0.112535,-0.024354,-0.024123,0.174482,0.0,-0.015987,0.0,0.0,0.0,-0.17442,-0.174482,0.0,-0.030563,0.0,0.0,0.0,0.0,0.0,-0.0,0.0,-0.0,0.0,-0.0,0.0,0.0,0.0,0.0,0.0,0.000182,0.0,0.000061,0.0,-0.000061,0.0,-0.000182,0.0,-0.0,0.0,0.009105,
0.0,4.58303,0.884539,-0.000066,0.0,1.570796,0.0,0.107787,0.019538,0.0,0.0,0.0,-0.100197,-0.024232,0.002722,0.263892,-0.101841,0.024533,-0.124346,0.026003,0.004883,0.300233,-0.111765,-0.024354,-0.030844,0.174482,0.0,-0.020125,-0.0,0.0,0.0,-0.170248,-0.174482,0.0,-0.027981,-0.0,-0.0,0.0,0.0,0.0,-0.0,0.0,0.0,0.0,0.0,0.0,0.0,0.0,-0.0,-0.0,0.000182,0.0,0.000061,0.0,-0.000061,0.0,-0.000182,0.0,0.0,0.0,0.010039,
-0.0,4.584107,0.884734,-0.000066,0.0,1.570796,-0.0,0.107787,0.019531,0.0,0.0,0.0,-0.093065,-0.024232,0.002612,0.2527,-0.098999,0.024512,-0.121621,0.026003,0.004883,0.297622,-0.110994,-0.024354,-0.037566,0.174482,0.0,-0.024264,0.0,0.0,0.0,-0.166077,-0.174482,-0.0,-0.025398,0.0,0.0,0.0,0.0,0.0,0.0,-0.0,0.0,0.0,-0.0,0.0,0.0,0.0,0.0,0.0,0.000182,0.0,0.000061,0.0,-0.000061,0.0,-0.000182,0.0,-0.0,0.0,0.010973,
0.0,4.585185,0.884928,-0.000066,0.0,1.570796,0.0,0.107726,0.019432,0.0,0.0,0.0,-0.08595,-0.024232,0.002503,0.241539,-0.096174,0.024492,-0.118901,0.026002,0.004883,0.295018,-0.110228,-0.024354,-0.044286,0.174482,0.0,-0.028403,0.0,0.0,0.0,-0.161903,-0.174482,0.0,-0.02282,0.0,0.0,0.0,-0.0,0.0,0.0,0.0,-0.0,0.0,0.0,0.0,0.0,0.0,0.0,0.0,0.000182,0.0,0.000061,0.0,-0.000061,-0.0,-0.000182,0.0,0.0,0.0,0.011902,
0.0,4.586127,0.884892,-0.000066,0.0,1.570796,0.0,0.094208,-0.00361,0.0,0.0,0.0,-0.082376,-0.024232,0.002503,0.2368,-0.097018,0.024471,-0.117103,0.025929,0.004883,0.294,-0.110338,-0.024354,-0.050808,0.174482,0.0,-0.032579,0.0,0.0,0.0,-0.15722,-0.174482,0.0,-0.02097,0.0,0.0,0.0,-0.0,0.0,0.0,0.0,0.0,0.0,0.0,0.0,0.0,0.0,0.0,0.0,0.000182,0.0,0.000061,0.0,-0.000061,0.0,-0.000182,0.0,0.0,0.0,0.011902,
0.0,4.587069,0.884856,-0.000066,0.0,1.570796,0.0,0.094177,-0.00361,0.0,0.0,0.0,-0.078803,-0.024232,0.002503,0.232062,-0.097861,0.02445,-0.115306,0.025856,0.004883,0.292982,-0.110448,-0.024354,-0.057329,0.174482,-0.0,-0.036754,0.0,0.0,0.0,-0.152536,-0.174482,0.0,-0.019121,-0.0,0.0,0.0,0.0,0.0,0.0,0.0,0.0,0.0,-0.0,0.0,-0.0,0.0,-0.0,0.0,0.000182,-0.0,0.000061,0.0,-0.000061,0.0,-0.000182,0.0,0.0,0.0,0.011902,
0.0,4.58801,0.88482,-0.000066,0.0,1.570796,0.0,0.094177,-0.00361,0.0,0.0,0.0,-0.075229,-0.024232,0.002503,0.227324,-0.098704,0.02443,-0.113508,0.025782,0.004883,0.291964,-0.110558,-0.024354,-0.06385,0.174482,0.0,-0.04093,0.0,0.0,0.0,-0.147853,-0.174482,0.0,-0.017271,0.0,0.0,0.0,-0.0,0.0,0.0,0.0,0.0,0.0,0.0,0.0,0.0,0.0,0.0,0.0,0.000182,0.0,0.000061,-0.0,-0.000061,0.0,-0.000182,0.0,0.0,0.0,0.011902,
0.0,4.588821,0.884705,-0.000066,0.0,1.570796,-0.0,0.081055,-0.011462,0.0,0.0,0.0,-0.071521,-0.024232,0.002503,0.222254,-0.09972,0.024409,-0.112794,0.025758,0.004883,0.292674,-0.111592,-0.024354,-0.070472,0.174482,-0.0,-0.045352,0.0,0.0,0.0,-0.143122,-0.174482,0.0,-0.015618,-0.0,0.0,-0.0,0.0,0.0,-0.0,0.0,0.0,0.0,-0.0,0.0,-0.0,0.0,-0.0,0.0,0.000182,0.0,0.000061,0.0,-0.000061,0.0,-0.000182,0.0,-0.0,0.0,0.011275,
0.0,4.589568,0.884552,-0.000066,0.0,1.570796,0.0,0.074647,-0.0153,0.0,0.0,0.0,-0.067746,-0.024232,0.002503,0.217023,-0.10082,0.024389,-0.112611,0.025758,0.004883,0.294229,-0.113078,-0.024354,-0.077142,0.174482,0.0,-0.049895,0.0,0.0,0.0,-0.138368,-0.174482,0.0,-0.014062,-0.0,0.0,0.0,-0.0,0.0,0.0,0.0,-0.0,0.0,0.0,0.0,0.0,0.0,-0.0,0.0,0.000182,0.0,0.000061,0.0,-0.000061,0.0,-0.000182,0.0,0.0,0.0,0.010341,
-0.0,4.590314,0.884399,-0.000066,0.0,1.570796,-0.0,0.074647,-0.0153,0.0,0.0,0.0,-0.063972,-0.024232,0.002503,0.211792,-0.10192,0.024368,-0.112427,0.025758,0.004883,0.295784,-0.114563,-0.024354,-0.083813,0.174482,-0.0,-0.054437,0.0,0.0,0.0,-0.133614,-0.174482,0.0,-0.012505,0.0,0.0,0.0,0.0,0.0,-0.0,0.0,0.0,0.0,0.0,0.0,0.0,0.0,0.0,0.0,0.000182,0.0,0.000061,0.0,-0.000061,0.0,-0.000182,0.0,0.0,0.0,0.009407,
0.0,4.590974,0.884228,-0.000066,0.0,1.570796,0.0,0.066041,-0.017108,0.0,0.0,0.0,-0.060049,-0.024232,0.002503,0.206145,-0.102679,0.024354,-0.112585,0.025758,0.004883,0.297708,-0.116198,-0.024354,-0.090509,0.174482,0.0,-0.059073,0.0,0.0,0.0,-0.128656,-0.174482,-0.0,-0.011351,-0.0,-0.0,-0.0,0.0,0.0,0.0,0.0,-0.0,0.0,0.0,0.0,0.0,0.0,-0.0,-0.0,0.000182,0.0,0.000061,0.0,-0.000061,0.0,-0.000182,0.0,-0.0,0.0,0.008182,
-0.0,4.591465,0.884022,-0.000066,0.0,1.570796,-0.0,0.049135,-0.020657,0.0,0.0,0.0,-0.055836,-0.024232,0.002503,0.199687,-0.102771,0.024354,-0.113411,0.025758,0.004883,0.300357,-0.118124,-0.024354,-0.097256,0.174482,-0.0,-0.063892,0.0,0.0,0.0,-0.123299,-0.174482,0.0,-0.010985,0.0,0.0,0.0,-0.0,0.0,-0.0,0.0,0.0,0.0,0.0,0.0,0.0,0.0,0.0,0.0,0.000182,0.0,0.000061,0.0,-0.000061,0.0,-0.000182,0.0,0.0,0.0,0.006388,
0.0,4.591957,0.883815,-0.000066,0.0,1.570796,0.0,0.049135,-0.020657,0.0,0.0,0.0,-0.051623,-0.024232,0.002503,0.193228,-0.102863,0.024354,-0.114236,0.025758,0.004883,0.303005,-0.12005,-0.024354,-0.104003,0.174482,0.0,-0.06871,0.0,0.0,-0.0,-0.117942,-0.174482,0.0,-0.010619,0.0,0.0,0.0,-0.0,0.0,0.0,0.0,0.0,0.0,0.0,0.0,0.0,0.0,0.0,0.0,0.000182,-0.0,0.000061,0.0,-0.000061,-0.0,-0.000182,0.0,0.0,0.0,0.004593,
0.0,4.592447,0.883609,-0.000066,0.0,1.570796,0.0,0.048982,-0.020604,0.0,0.0,0.0,-0.047397,-0.024232,0.002502,0.186742,-0.102936,0.024354,-0.11506,0.025758,0.004883,0.305647,-0.121971,-0.024354,-0.110746,0.174482,0.0,-0.073526,0.0,0.0,0.0,-0.112586,-0.174482,0.0,-0.01025,-0.0,0.0,0.0,0.0,0.0,0.0,0.0,0.0,0.0,0.0,0.0,0.0,0.0,-0.0,0.0,0.000182,0.0,0.000061,0.0,-0.000061,0.0,-0.000182,0.0,0.0,0.0,0.002801,
0.0,4.592624,0.88352,-0.000066,0.0,1.570796,-0.0,0.017701,-0.008872,0.0,0.0,0.0,-0.040657,-0.024232,0.002337,0.174853,-0.099361,0.024354,-0.115684,0.025758,0.004809,0.306889,-0.122888,-0.024354,-0.116763,0.174482,0.0,-0.077667,0.0,0.0,0.0,-0.107287,-0.174482,0.0,-0.009445,0.0,0.0,0.0,-0.0,0.0,-0.0,0.0,-0.0,0.0,-0.0,0.0,0.0,0.0,0.0,0.0,0.000182,0.0,0.000061,0.0,-0.000061,0.0,-0.000182,0.0,0.0,0.0,0.001391,
0.0,4.592801,0.883432,-0.000066,0.0,1.570796,0.0,0.017701,-0.008872,0.0,0.0,0.0,-0.033917,-0.024232,0.002172,0.162963,-0.095786,0.024354,-0.116308,0.025758,0.004736,0.30813,-0.123806,-0.024354,-0.122781,0.174482,0.0,-0.081809,0.0,0.0,0.0,-0.101987,-0.174482,0.0,-0.008639,0.0,0.0,0.0,0.0,0.0,-0.0,0.0,0.0,0.0,-0.0,0.0,0.0,0.0,0.0,0.0,0.000182,0.0,0.000061,0.0,-0.000061,0.0,-0.000182,0.0,0.0,0.0,-0.000019,
0.0,4.592978,0.883343,-0.000066,0.0,1.570796,0.0,0.017701,-0.008872,0.0,0.0,0.0,-0.027178,-0.024232,0.002007,0.151075,-0.092212,0.024354,-0.116931,0.025758,0.004663,0.309372,-0.124723,-0.024354,-0.128798,0.174482,-0.0,-0.085951,-0.0,-0.0,-0.0,-0.096688,-0.174482,0.0,-0.007833,-0.0,0.0,0.0,0.0,-0.0,0.0,0.0,0.0,0.0,0.0,0.0,0.0,0.0,-0.0,0.0,0.000182,0.0,0.000061,0.0,-0.000061,0.0,-0.000182,0.0,0.0,0.0,-0.001429,
0.0,4.593036,0.88331,-0.000066,0.0,1.570796,0.0,0.005829,-0.003303,0.0,0.0,0.0,-0.025481,-0.024232,0.001984,0.148478,-0.091358,0.024354,-0.117875,0.025758,0.004639,0.31085,-0.125092,-0.024354,-0.133634,0.174482,-0.0,-0.089231,-0.0,0.0,0.0,-0.09176,-0.174482,0.0,-0.006991,0.0,0.0,0.0,0.0,0.0,-0.0,0.0,0.0,0.0,-0.0,0.0,-0.0,0.0,0.0,0.0,0.000182,0.0,0.000061,0.0,-0.000061,0.0,-0.000182,0.0,0.0,0.0,-0.00215,
0.0,4.593036,0.883304,-0.000066,0.0,1.570796,0.0,0.0,-0.00058,0.0,0.0,0.0,-0.026251,-0.024232,0.00203,0.150425,-0.091834,0.024354,-0.118976,0.025758,0.004639,0.312444,-0.125193,-0.024354,-0.137892,0.174482,-0.0,-0.092091,-0.0,0.0,0.0,-0.087013,-0.174482,0.0,-0.00613,0.0,0.0,0.0,0.0,0.0,0.0,0.0,0.0,0.0,0.0,0.0,0.0,0.0,0.0,0.0,0.000182,0.0,0.000061,0.0,-0.000061,0.0,-0.000182,0.0,-0.0,0.0,-0.002535,
0.0,4.593036,0.883298,-0.000066,0.0,1.570796,0.0,0.0,-0.00058,0.0,0.0,0.0,-0.02702,-0.024232,0.002075,0.152371,-0.092311,0.024354,-0.120077,0.025758,0.004639,0.314039,-0.125294,-0.024354,-0.142151,0.174482,-0.0,-0.094951,-0.0,0.0,0.0,-0.082265,-0.174482,0.0,-0.005269,0.0,0.0,0.0,0.0,0.0,-0.0,0.0,-0.0,0.0,-0.0,0.0,-0.0,0.0,0.0,0.0,0.000182,0.0,0.000061,0.0,-0.000061,0.0,-0.000182,0.0,0.0,0.0,-0.00292,
0.0,4.593036,0.883307,-0.000066,0.0,1.570796,0.0,-0.0,0.000885,0.0,0.0,0.0,-0.028415,-0.024232,0.002121,0.155388,-0.093104,0.024354,-0.121202,0.025758,0.004639,0.315784,-0.125395,-0.024354,-0.145763,0.174482,0.0,-0.097382,0.0,0.0,0.0,-0.077853,-0.174482,-0.0,-0.004452,0.0,0.0,0.0,0.0,0.0,0.0,0.0,-0.0,0.0,0.0,0.0,0.0,0.0,0.0,0.0,0.000182,0.0,0.000061,0.0,-0.000061,0.0,-0.000182,0.0,0.0,0.0,-0.002951,
0.0,4.593036,0.883345,-0.000066,0.0,1.570796,0.0,-0.0,0.003754,0.0,0.0,0.0,-0.031034,-0.024232,0.002167,0.160495,-0.094516,0.024354,-0.122376,0.025758,0.004639,0.317824,-0.125496,-0.024354,-0.148114,0.174482,-0.0,-0.098977,0.0,0.0,0.0,-0.074097,-0.174482,0.0,-0.00372,0.0,0.0,0.0,0.0,0.0,0.0,0.0,0.0,0.0,-0.0,0.0,-0.0,0.0,0.0,0.0,0.000182,0.0,0.000061,0.0,-0.000061,0.0,-0.000182,0.0,0.0,0.0,-0.002292,
0.0,4.593036,0.883382,-0.000066,0.0,1.570796,0.0,-0.0,0.003754,0.0,0.0,0.0,-0.033653,-0.024232,0.002213,0.165602,-0.095927,0.024354,-0.12355,0.025758,0.004639,0.319864,-0.125597,-0.024354,-0.150464,0.174482,0.0,-0.100572,0.0,0.0,0.0,-0.070341,-0.174482,0.0,-0.002987,0.0,0.0,0.0,0.0,0.0,-0.0,0.0,0.0,0.0,0.0,0.0,-0.0,0.0,0.0,0.0,0.000182,0.0,0.000061,0.0,-0.000061,0.0,-0.000182,0.0,0.0,0.0,-0.001632,
0.0,4.593036,0.883419,-0.000066,0.0,1.570796,0.0,-0.0,0.003693,0.0,0.0,0.0,-0.036283,-0.024232,0.002259,0.17073,-0.097348,0.024354,-0.124729,0.025758,0.004638,0.321914,-0.125703,-0.024354,-0.152808,0.174482,0.0,-0.102164,0.0,0.0,0.0,-0.066597,-0.174482,0.0,-0.002258,0.0,0.0,0.0,0.0,0.0,0.0,0.0,-0.0,0.0,0.0,0.0,0.0,0.0,0.0,0.0,0.000182,0.0,0.000061,0.0,-0.000061,0.0,-0.000182,0.0,-0.0,0.0,-0.000973,
0.0,4.593036,0.883344,-0.000066,0.0,1.570796,0.0,0.0,-0.00753,0.0,0.0,0.0,-0.0411,-0.024232,0.002369,0.179742,-0.100594,0.024354,-0.126747,0.025758,0.004565,0.325979,-0.12697,-0.024354,-0.153947,0.174482,0.0,-0.103155,0.0,0.0,0.0,-0.065223,-0.174482,0.0,-0.002258,0.0,0.0,0.0,0.0,0.0,0.0,0.0,0.0,0.0,0.0,0.0,0.0,0.0,0.0,0.0,0.000182,0.0,0.000061,0.0,-0.000061,0.0,-0.000182,0.0,0.0,0.0,-0.000296,
0.0,4.593036,0.883269,-0.000066,0.0,1.570796,0.0,0.0,-0.00753,0.0,0.0,0.0,-0.045917,-0.024232,0.002479,0.188753,-0.103839,0.024354,-0.128766,0.025758,0.004492,0.330044,-0.128236,-0.024354,-0.155086,0.174482,-0.0,-0.104145,-0.0,0.0,0.0,-0.063848,-0.174482,0.0,-0.002258,0.0,0.0,0.0,0.0,0.0,0.0,0.0,0.0,0.0,-0.0,0.0,0.0,0.0,0.0,0.0,0.000182,0.0,0.000061,0.0,-0.000061,0.0,-0.000182,0.0,0.0,0.0,0.000382,
0.0,4.593036,0.883193,-0.000066,0.0,1.570796,0.0,0.0,-0.00753,0.0,0.0,0.0,-0.050734,-0.024232,0.002589,0.197765,-0.107084,0.024354,-0.130784,0.025758,0.004419,0.334109,-0.129502,-0.024354,-0.156224,0.174482,0.0,-0.105135,0.0,0.0,0.0,-0.062474,-0.174482,0.0,-0.002258,0.0,0.0,0.0,0.0,0.0,-0.0,0.0,0.0,0.0,-0.0,0.0,-0.0,0.0,0.0,0.0,0.000182,0.0,0.000061,0.0,-0.000061,0.0,-0.000182,0.0,0.0,0.0,0.001059,
0.0,4.593036,0.883091,-0.000066,0.0,1.570796,0.0,0.000001,-0.010277,0.0,0.0,0.0,-0.054444,-0.024232,0.002698,0.204594,-0.109603,0.024354,-0.131804,0.025758,0.004395,0.336466,-0.130571,-0.024354,-0.156709,0.174482,0.0,-0.105608,0.0,0.0,0.0,-0.06195,-0.174482,0.0,-0.002492,0.0,0.0,0.0,0.0,0.0,0.0,0.0,0.0,-0.0,0.0,0.0,0.0,0.0,0.0,0.0,0.000182,0.0,0.000061,0.0,-0.000061,0.0,-0.000182,0.0,-0.0,0.0,0.001565,
0.0,4.593036,0.882974,-0.000066,0.0,1.570796,0.0,0.000001,-0.011612,0.0,0.0,0.0,-0.057613,-0.024232,0.002808,0.210357,-0.111768,0.024354,-0.132336,0.025758,0.004395,0.33799,-0.131543,-0.024354,-0.156874,0.174482,0.0,-0.105828,0.0,0.0,0.0,-0.06184,-0.174482,0.0,-0.00284,0.0,0.0,0.0,0.0,0.0,-0.0,0.0,-0.0,0.0,-0.0,0.0,-0.0,0.0,0.0,0.0,0.000182,0.0,0.000061,0.0,-0.000061,0.0,-0.000182,0.0,-0.0,0.0,0.001986,
0.0,4.593036,0.882858,-0.000066,0.0,1.570796,0.0,0.000001,-0.011604,0.0,0.0,0.0,-0.060783,-0.024232,0.002918,0.216121,-0.113932,0.024354,-0.132868,0.025758,0.004395,0.339513,-0.132516,-0.024354,-0.15704,0.174482,-0.0,-0.106048,0.0,0.0,0.0,-0.06173,-0.174482,0.0,-0.003188,0.0,0.0,0.0,-0.0,0.0,0.0,0.0,0.0,0.0,0.0,0.0,0.0,0.0,0.0,0.0,0.000182,0.0,0.000061,0.0,-0.000061,0.0,-0.000182,0.0,0.0,0.0,0.002407,
0.0,4.593036,0.882738,-0.000066,0.0,1.570796,0.0,0.000001,-0.012009,0.0,0.0,0.0,-0.063561,-0.024232,0.003016,0.221162,-0.115941,0.024354,-0.133139,0.025758,0.004395,0.340571,-0.133377,-0.024354,-0.156931,0.174482,-0.0,-0.106007,0.0,0.0,0.0,-0.061918,-0.174482,0.0,-0.003617,0.0,0.0,0.0,0.0,0.0,-0.0,0.0,-0.0,0.0,-0.0,0.0,0.0,0.0,0.0,0.0,0.000182,-0.0,0.000061,0.0,-0.000061,0.0,-0.000182,0.0,0.0,0.0,0.002686,
0.0,4.593036,0.882611,-0.000066,0.0,1.570796,0.0,0.000001,-0.012772,0.0,0.0,0.0,-0.065576,-0.024232,0.003089,0.224792,-0.117647,0.024354,-0.132901,0.025758,0.004395,0.340719,-0.134019,-0.024354,-0.156288,0.174482,-0.0,-0.105457,0.0,0.0,0.0,-0.062687,-0.174482,0.0,-0.004202,0.0,0.0,0.0,0.0,0.0,0.0,0.0,-0.0,0.0,0.0,0.0,-0.0,0.0,0.0,0.0,0.000182,0.0,0.000061,0.0,-0.000061,0.0,-0.000182,0.0,0.0,0.0,0.002686,
0.0,4.593036,0.882483,-0.000066,0.0,1.570796,-0.0,0.000001,-0.012772,0.0,0.0,0.0,-0.067592,-0.024232,0.003162,0.228423,-0.119353,0.024354,-0.132662,0.025758,0.004395,0.340868,-0.134661,-0.024354,-0.155645,0.174482,0.0,-0.104907,0.0,-0.0,0.0,-0.063457,-0.174482,0.0,-0.004788,0.0,0.0,0.0,-0.0,-0.0,0.0,0.0,0.0,0.0,0.0,-0.0,0.0,0.0,0.0,0.0,0.000182,0.0,0.000061,0.0,-0.000061,0.0,-0.000182,0.0,0.0,0.0,0.002686,
0.0,4.593036,0.882356,-0.000066,0.0,1.570796,0.0,0.000001,-0.012733,0.0,0.0,0.0,-0.069599,-0.024232,0.003235,0.232037,-0.121054,0.024354,-0.13242,0.025758,0.004395,0.341008,-0.1353,-0.024354,-0.155,0.174482,0.0,-0.104354,0.0,0.0,0.0,-0.064227,-0.174482,0.0,-0.005374,0.0,0.0,0.0,0.0,0.0,-0.0,0.0,0.0,0.0,-0.0,0.0,0.0,0.0,0.0,0.0,0.000182,0.0,0.000061,0.0,-0.000061,0.0,-0.000182,0.0,0.0,0.0,0.002685,
0.0,4.593036,0.882292,-0.000066,0.0,1.570796,-0.0,0.0,-0.006348,0.0,0.0,0.0,-0.070057,-0.024232,0.003235,0.232757,-0.121898,0.024354,-0.131429,0.025758,0.004395,0.339559,-0.1353,-0.024354,-0.153787,0.174482,0.0,-0.103254,0.0,0.0,0.0,-0.065217,-0.174482,0.0,-0.00596,0.0,0.0,0.0,0.0,0.0,-0.0,0.0,-0.0,0.0,-0.0,0.0,-0.0,0.0,0.0,0.0,0.000182,0.0,0.000061,0.0,-0.000061,0.0,-0.000182,0.0,0.0,0.0,0.002557,
-0.0,4.593036,0.882229,-0.000066,0.0,1.570796,-0.0,0.0,-0.006332,0.0,0.0,0.0,-0.070515,-0.024232,0.003235,0.233476,-0.122742,0.024354,-0.130438,0.025758,0.004395,0.33811,-0.1353,-0.024354,-0.152575,0.174482,0.0,-0.102153,0.0,0.0,0.0,-0.066206,-0.174482,0.0,-0.006546,0.0,0.0,0.0,0.0,0.0,-0.0,0.0,0.0,0.0,0.0,-0.0,0.0,-0.0,0.0,0.0,0.000182,0.0,0.000061,0.0,-0.000061,0.0,-0.000182,0.0,0.0,0.0,0.002429,
0.0,4.593036,0.882165,-0.000066,0.0,1.570796,0.0,0.0,-0.006348,0.0,0.0,0.0,-0.070973,-0.024232,0.003235,0.234195,-0.123586,0.024354,-0.129447,0.025758,0.004395,0.336661,-0.1353,-0.024354,-0.151363,0.174482,0.0,-0.101053,0.0,0.0,0.0,-0.067195,-0.174482,0.0,-0.007132,0.0,0.0,0.0,0.0,0.0,0.0,0.0,0.0,0.0,-0.0,0.0,0.0,0.0,0.0,0.0,0.000182,0.0,0.000061,0.0,-0.000061,0.0,-0.000182,0.0,-0.0,0.0,0.0023,
0.0,4.593036,0.882125,-0.000066,0.0,1.570796,-0.0,0.0,-0.003998,0.0,0.0,0.0,-0.071,-0.024232,0.003235,0.23417,-0.124158,0.024354,-0.128925,0.025758,0.004395,0.336024,-0.135498,-0.024354,-0.15004,0.174482,0.0,-0.099953,0.0,0.0,0.0,-0.06832,-0.174482,0.0,-0.007644,0.0,0.0,0.0,0.0,0.0,-0.0,0.0,-0.0,0.0,-0.0,0.0,-0.0,0.0,0.0,0.0,0.000182,0.0,0.000061,-0.0,-0.000061,-0.0,-0.000182,0.0,0.0,0.0,0.001988,
0.0,4.593036,0.882097,-0.000066,0.0,1.570796,0.0,0.0,-0.002861,0.0,0.0,0.0,-0.070817,-0.024232,0.003235,0.233783,-0.124599,0.024354,-0.128631,0.025758,0.004395,0.335782,-0.135791,-0.024354,-0.148663,0.174482,0.0,-0.098853,-0.0,0.0,0.0,-0.069511,-0.174482,0.0,-0.008121,0.0,0.0,0.0,0.0,0.0,-0.0,0.0,0.0,0.0,-0.0,0.0,-0.0,0.0,0.0,0.0,0.000182,-0.0,0.000061,0.0,-0.000061,0.0,-0.000182,0.0,0.0,0.0,0.001585,
0.0,4.593036,0.882068,-0.000066,0.0,1.570796,0.0,0.0,-0.002853,0.0,0.0,0.0,-0.070633,-0.024232,0.003235,0.233396,-0.125039,0.024354,-0.128337,0.025758,0.004395,0.335541,-0.136085,-0.024354,-0.147286,0.174482,0.0,-0.097753,0.0,0.0,0.0,-0.070702,-0.174482,0.0,-0.008597,0.0,0.0,0.0,0.0,0.0,-0.0,0.0,0.0,0.0,-0.0,0.0,0.0,0.0,0.0,0.0,0.000182,0.0,0.000061,0.0,-0.000061,0.0,-0.000182,0.0,0.0,0.0,0.001182,
0.0,4.593036,0.882045,-0.000066,0.0,1.570796,0.0,0.0,-0.002319,0.0,0.0,0.0,-0.070456,-0.024232,0.003235,0.233046,-0.125436,0.024354,-0.128261,0.025758,0.004376,0.335614,-0.136441,-0.024361,-0.145878,0.174482,-0.0,-0.096659,0.0,0.0,0.0,-0.071937,-0.174482,-0.0,-0.009023,0.0,0.0,0.0,0.0,0.0,0.0,0.0,0.0,0.0,0.0,0.0,-0.0,0.0,0.0,0.0,0.000182,0.0,0.000061,0.0,-0.000061,0.0,-0.000182,0.0,0.0,0.0,0.000736,
0.0,4.593036,0.882032,-0.000066,0.0,1.570796,0.0,0.0,-0.001274,0.0,0.0,0.0,-0.070292,-0.024232,0.003235,0.232769,-0.125748,0.024354,-0.12861,0.025758,0.004321,0.336301,-0.136918,-0.024379,-0.144409,0.174482,0.0,-0.095578,0.0,0.0,0.0,-0.073256,-0.174482,0.0,-0.009353,-0.0,0.0,0.0,-0.0,0.0,0.0,0.0,0.0,0.0,0.0,0.0,0.0,0.0,-0.0,0.0,0.000182,0.0,0.000061,0.0,-0.000061,0.0,-0.000182,0.0,0.0,0.0,0.000205,
0.0,4.593036,0.88202,-0.000066,0.0,1.570796,-0.0,0.0,-0.001266,0.0,0.0,0.0,-0.070127,-0.024232,0.003235,0.232493,-0.126059,0.024354,-0.128959,0.025758,0.004266,0.336988,-0.137395,-0.024397,-0.14294,0.174482,0.0,-0.094496,0.0,0.0,0.0,-0.074575,-0.174482,0.0,-0.009682,0.0,0.0,0.0,-0.0,0.0,0.0,0.0,-0.0,0.0,0.0,0.0,0.0,0.0,0.0,0.0,0.000182,0.0,0.000061,0.0,-0.000061,0.0,-0.000182,0.0,0.0,0.0,-0.000326,
0.0,4.593036,0.882007,-0.000066,0.0,1.570796,0.0,0.0,-0.001289,0.0,0.0,0.0,-0.069964,-0.024232,0.003235,0.232221,-0.126372,0.024354,-0.129311,0.025758,0.004212,0.337681,-0.137874,-0.024416,-0.14147,0.174482,-0.0,-0.093414,0.0,0.0,0.0,-0.075894,-0.174482,0.0,-0.010011,0.0,0.0,0.0,0.0,0.0,-0.0,0.0,-0.0,0.0,-0.0,0.0,-0.0,0.0,0.0,0.0,0.000182,0.0,0.000061,0.0,-0.000061,0.0,-0.000182,0.0,0.0,0.0,-0.000857,
0.0,4.593036,0.881955,-0.000066,0.0,1.570796,0.0,0.0,-0.005196,0.0,0.0,0.0,-0.070129,-0.024232,0.003309,0.232728,-0.126868,0.024354,-0.130228,0.025758,0.004212,0.339335,-0.138608,-0.024434,-0.139708,0.174482,-0.0,-0.092315,0.0,0.0,0.0,-0.07703,-0.174482,0.0,-0.010176,0.0,0.0,0.0,0.0,0.0,0.0,0.0,0.0,-0.0,-0.0,0.0,0.0,-0.0,0.0,0.0,0.000182,0.0,0.000061,0.0,-0.000061,0.0,-0.000182,0.0,-0.0,0.0,-0.001296,
0.0,4.593036,0.881903,-0.000066,0.0,1.570796,-0.0,0.0,-0.005196,0.0,0.0,0.0,-0.070293,-0.024232,0.003382,0.233235,-0.127363,0.024354,-0.131146,0.025758,0.004212,0.340988,-0.139342,-0.024452,-0.137946,0.174482,0.0,-0.091215,-0.0,0.0,0.0,-0.078166,-0.174482,0.0,-0.010341,0.0,0.0,0.0,0.0,0.0,0.0,0.0,0.0,-0.0,0.0,0.0,-0.0,0.0,0.0,0.0,0.000182,0.0,0.000061,0.0,-0.000061,0.0,-0.000182,0.0,-0.0,0.0,-0.001736,
-0.0,4.593036,0.881851,-0.000066,0.0,1.570796,-0.0,0.0,-0.005203,0.0,0.0,0.0,-0.070458,-0.024232,0.003455,0.233742,-0.127859,0.024354,-0.132063,0.025758,0.004212,0.342642,-0.140077,-0.02447,-0.136183,0.174482,0.0,-0.090115,0.0,0.0,0.0,-0.079302,-0.174482,-0.0,-0.010505,0.0,0.0,0.0,0.0,0.0,-0.0,0.0,-0.0,0.0,-0.0,0.0,0.0,0.0,0.0,0.0,0.000182,0.0,0.000061,0.0,-0.000061,0.0,-0.000182,0.0,0.0,0.0,-0.002175,
0.0,4.593036,0.881787,-0.000066,0.0,1.570796,0.0,0.0,-0.006386,0.0,0.0,0.0,-0.070605,-0.024232,0.003479,0.234249,-0.128447,0.024354,-0.132771,0.025758,0.004212,0.343859,-0.140724,-0.024489,-0.134261,0.174482,-0.0,-0.088929,0.0,0.0,0.0,-0.080241,-0.174482,0.0,-0.01067,0.0,0.0,0.0,-0.0,0.0,0.0,0.0,0.0,0.0,0.0,0.0,0.0,0.0,0.0,0.0,0.000182,0.0,0.000061,0.0,-0.000061,0.0,-0.000182,0.0,0.0,0.0,-0.002492,
0.0,4.593036,0.881717,-0.000066,0.0,1.570796,-0.0,0.0,-0.006973,0.0,0.0,0.0,-0.070742,-0.024232,0.003479,0.234756,-0.12908,0.024354,-0.133377,0.025758,0.004212,0.344862,-0.14133,-0.024507,-0.132261,0.174482,0.0,-0.087701,0.0,0.0,0.0,-0.081084,-0.174482,0.0,-0.010835,-0.0,0.0,0.0,0.0,0.0,-0.0,0.0,-0.0,0.0,0.0,0.0,0.0,0.0,-0.0,0.0,0.000182,0.0,0.000061,0.0,-0.000061,0.0,-0.000182,0.0,0.0,0.0,-0.002748,
0.0,4.593036,0.881647,-0.000066,0.0,1.570796,0.0,0.0,-0.006966,0.0,0.0,0.0,-0.07088,-0.024232,0.003479,0.235263,-0.129713,0.024354,-0.133982,0.025758,0.004212,0.345866,-0.141936,-0.024525,-0.13026,0.174482,0.0,-0.086473,0.0,0.0,0.0,-0.081927,-0.174482,0.0,-0.011,0.0,0.0,0.0,0.0,0.0,-0.0,0.0,0.0,0.0,-0.0,0.0,0.0,0.0,0.0,0.0,0.000182,0.0,0.000061,0.0,-0.000061,0.0,-0.000182,0.0,0.0,0.0,-0.003004,
0.0,4.593036,0.881575,-0.000066,0.0,1.570796,0.0,0.0,-0.007263,0.0,0.0,0.0,-0.071017,-0.024232,0.003479,0.235779,-0.130346,0.024354,-0.134501,0.025758,0.004193,0.346731,-0.142511,-0.024537,-0.128204,0.174482,0.0,-0.08522,0.0,-0.0,-0.0,-0.082714,-0.174482,0.0,-0.01119,0.0,0.0,0.0,-0.0,-0.0,0.0,0.0,0.0,0.0,0.0,0.0,0.0,0.0,0.0,0.0,0.000182,0.0,0.000061,0.0,-0.000061,0.0,-0.000182,0.0,0.0,0.0,-0.003174,
0.0,4.593036,0.881497,-0.000066,0.0,1.570796,-0.0,0.000001,-0.00782,0.0,0.0,0.0,-0.071154,-0.024232,0.003479,0.236314,-0.130979,0.024354,-0.134849,0.025758,0.004138,0.347326,-0.143025,-0.024537,-0.126039,0.174482,0.0,-0.083919,0.0,0.0,0.0,-0.083392,-0.174482,0.0,-0.011428,0.0,0.0,0.0,0.0,0.0,-0.0,0.0,-0.0,0.0,-0.0,0.0,-0.0,0.0,0.0,0.0,0.000182,0.0,0.000061,0.0,-0.000061,0.0,-0.000182,0.0,0.0,0.0,-0.003174,
0.0,4.593036,0.881418,-0.000066,0.0,1.570796,0.0,0.000001,-0.007828,0.0,0.0,0.0,-0.071292,-0.024232,0.003479,0.236849,-0.131612,0.024354,-0.135198,0.025758,0.004083,0.347921,-0.143539,-0.024537,-0.123874,0.174482,0.0,-0.082617,0.0,0.0,0.0,-0.084071,-0.174482,0.0,-0.011666,0.0,0.0,0.0,0.0,0.0,0.0,0.0,-0.0,0.0,-0.0,0.0,0.0,0.0,0.0,0.0,0.000182,0.0,0.000061,0.0,-0.000061,0.0,-0.000182,0.0,0.0,0.0,-0.003174,
0.0,4.593036,0.88134,-0.000066,0.0,1.570796,0.0,0.000001,-0.007805,0.0,0.0,0.0,-0.071428,-0.024232,0.003479,0.237381,-0.132243,0.024354,-0.135546,0.025758,0.004028,0.348513,-0.144052,-0.024538,-0.121709,0.174482,-0.0,-0.081317,0.0,0.0,0.0,-0.084748,-0.174482,0.0,-0.011904,-0.0,0.0,0.0,0.0,0.0,0.0,0.0,0.0,0.0,0.0,0.0,0.0,0.0,-0.0,0.0,0.000182,0.0,0.000061,0.0,-0.000061,0.0,-0.000182,0.0,0.0,0.0,-0.003174,
-0.0,4.593036,0.881285,-0.000066,0.0,1.570796,-0.0,0.0,-0.005524,0.0,0.0,0.0,-0.071355,-0.024232,0.003479,0.237381,-0.132555,0.024354,-0.135693,0.025758,0.004028,0.348662,-0.144401,-0.024537,-0.119582,0.174482,0.0,-0.080162,0.0,0.0,0.0,-0.085335,-0.174482,0.0,-0.012243,0.0,0.0,0.0,0.0,0.0,0.0,0.0,0.0,0.0,0.0,-0.0,0.0,0.0,0.0,0.0,0.000182,0.0,0.000061,0.0,-0.000061,0.0,-0.000182,0.0,0.0,0.0,-0.003174,
0.0,4.593036,0.88123,-0.000066,0.0,1.570796,0.0,0.0,-0.005524,0.0,0.0,0.0,-0.071281,-0.024232,0.003479,0.237381,-0.132867,0.024354,-0.135839,0.025758,0.004028,0.348811,-0.144749,-0.024538,-0.117454,0.174482,0.0,-0.079008,0.0,0.0,0.0,-0.085921,-0.174482,0.0,-0.012582,0.0,0.0,0.0,0.0,0.0,0.0,0.0,0.0,0.0,-0.0,0.0,-0.0,0.0,0.0,0.0,0.000182,0.0,0.000061,0.0,-0.000061,0.0,-0.000182,0.0,0.0,0.0,-0.003174,
0.0,4.593036,0.881175,-0.000066,0.0,1.570796,0.0,0.0,-0.005531,0.0,0.0,0.0,-0.071208,-0.024232,0.003479,0.237381,-0.133179,0.024354,-0.135986,0.025758,0.004028,0.34896,-0.145098,-0.024537,-0.115326,0.174482,0.0,-0.077853,-0.0,0.0,0.0,-0.086508,-0.174482,0.0,-0.012921,0.0,0.0,0.0,0.0,0.0,-0.0,0.0,-0.0,0.0,0.0,0.0,-0.0,0.0,0.0,0.0,0.000182,0.0,0.000061,0.0,-0.000061,0.0,-0.000182,0.0,0.0,0.0,-0.003174,
0.0,4.593036,0.881119,-0.000066,0.0,1.570796,-0.0,0.0,-0.005524,0.0,0.0,0.0,-0.070987,-0.024232,0.003479,0.237157,-0.133368,0.024354,-0.136207,0.025758,0.004028,0.349315,-0.14549,-0.024537,-0.113359,0.174482,0.0,-0.076797,0.0,0.0,0.0,-0.08723,-0.174482,0.0,-0.013259,0.0,0.0,0.0,0.0,0.0,0.0,0.0,0.0,0.0,0.0,0.0,0.0,0.0,0.0,0.0,0.000182,-0.0,0.000061,-0.0,-0.000061,0.0,-0.000182,0.0,0.0,0.0,-0.003038,
0.0,4.593036,0.881064,-0.000066,0.0,1.570796,0.0,0.0,-0.005524,0.0,0.0,0.0,-0.070694,-0.024232,0.003479,0.236825,-0.133496,0.024354,-0.136464,0.025758,0.004028,0.34977,-0.145904,-0.024537,-0.11147,0.174482,0.0,-0.07579,0.0,0.0,0.0,-0.088018,-0.174482,0.0,-0.013598,0.0,0.0,0.0,0.0,0.0,-0.0,0.0,-0.0,0.0,-0.0,0.0,-0.0,0.0,0.0,0.0,0.000182,0.0,0.000061,0.0,-0.000061,0.0,-0.000182,0.0,0.0,0.0,-0.002837,
-0.0,4.593036,0.881009,-0.000066,0.0,1.570796,-0.0,0.0,-0.005524,0.0,0.0,0.0,-0.070401,-0.024232,0.003479,0.236493,-0.133625,0.024354,-0.136721,0.025758,0.004028,0.350226,-0.146317,-0.024537,-0.109581,0.174482,0.0,-0.074782,-0.0,0.0,0.0,-0.088806,-0.174482,0.0,-0.013937,0.0,0.0,0.0,0.0,0.0,-0.0,0.0,0.0,-0.0,0.0,0.0,-0.0,0.0,0.0,0.0,0.000182,0.0,0.000061,0.0,-0.000061,0.0,-0.000182,0.0,0.0,0.0,-0.002636,
0.0,4.593036,0.880954,-0.000066,0.0,1.570796,0.0,0.0,-0.005524,0.0,0.0,0.0,-0.070095,-0.024232,0.003479,0.236086,-0.133666,0.024354,-0.136972,0.025758,0.004028,0.350681,-0.14673,-0.024537,-0.107791,0.174482,-0.0,-0.073817,0.0,0.0,0.0,-0.08965,-0.174482,0.0,-0.014254,0.0,0.0,0.0,-0.0,0.0,0.0,-0.0,0.0,0.0,0.0,0.0,-0.0,0.0,0.0,0.0,0.000182,0.0,0.000061,0.0,-0.000061,0.0,-0.000182,0.0,0.0,0.0,-0.002447,
0.0,4.593036,0.880898,-0.000066,0.0,1.570796,-0.0,0.0,-0.005524,0.0,0.0,0.0,-0.069765,-0.024232,0.003479,0.235533,-0.133538,0.024354,-0.13721,0.025758,0.004028,0.351137,-0.147143,-0.024537,-0.106196,0.174482,0.0,-0.072938,0.0,-0.0,0.0,-0.090603,-0.174482,0.0,-0.014529,-0.0,0.0,0.0,-0.0,-0.0,-0.0,0.0,0.0,0.0,-0.0,0.0,-0.0,0.0,-0.0,0.0,0.000182,0.0,0.000061,0.0,-0.000061,0.0,-0.000182,0.0,0.0,0.0,-0.002282,
0.0,4.593036,0.880843,-0.000066,0.0,1.570796,0.0,0.0,-0.005524,0.0,0.0,0.0,-0.069435,-0.024232,0.003479,0.23498,-0.133409,0.024354,-0.137449,0.025758,0.004028,0.351593,-0.147556,-0.024537,-0.104601,0.174482,0.0,-0.072058,0.0,0.0,0.0,-0.091557,-0.174482,0.0,-0.014803,0.0,0.0,0.0,-0.0,0.0,-0.0,-0.0,-0.0,0.0,-0.0,0.0,-0.0,0.0,0.0,0.0,0.000182,-0.0,0.000061,0.0,-0.000061,0.0,-0.000182,0.0,0.0,0.0,-0.002117,
0.0,4.593036,0.880788,-0.000066,0.0,1.570796,0.0,0.0,-0.005516,0.0,0.0,0.0,-0.069104,-0.024232,0.003479,0.234422,-0.133278,0.024354,-0.137686,0.025758,0.004028,0.352045,-0.147968,-0.024537,-0.103007,0.174482,0.0,-0.071179,0.0,0.0,0.0,-0.092509,-0.174482,0.0,-0.015077,0.0,0.0,0.0,0.0,0.0,-0.0,-0.0,-0.0,0.0,-0.0,0.0,-0.0,0.0,0.0,0.0,0.000182,0.0,0.000061,0.0,-0.000061,0.0,-0.000182,0.0,0.0,0.0,-0.001953,
0.0,4.593036,0.880751,-0.000066,0.0,1.570796,0.0,0.0,-0.003723,0.0,0.0,0.0,-0.068426,-0.024232,0.003479,0.233095,-0.132709,0.024354,-0.137686,0.025758,0.004028,0.351952,-0.14817,-0.024537,-0.101687,0.174482,0.0,-0.070318,0.0,0.0,0.0,-0.093316,-0.174482,-0.0,-0.015205,0.0,0.0,0.0,0.0,0.0,-0.0,0.0,0.0,0.0,-0.0,-0.0,-0.0,0.0,0.0,0.0,0.000182,0.0,0.000061,0.0,-0.000061,0.0,-0.000182,0.0,0.0,0.0,-0.001953,
0.0,4.593036,0.880713,-0.000066,0.0,1.570796,0.0,0.0,-0.003731,0.0,0.0,0.0,-0.067748,-0.024232,0.003479,0.231767,-0.13214,0.024354,-0.137686,0.025758,0.004028,0.351859,-0.148372,-0.024538,-0.100367,0.174482,0.0,-0.069457,-0.0,0.0,0.0,-0.094122,-0.174482,0.0,-0.015333,0.0,0.0,0.0,0.0,0.0,0.0,0.0,-0.0,0.0,-0.0,0.0,0.0,0.0,0.0,0.0,0.000182,0.0,0.000061,0.0,-0.000061,0.0,-0.000182,0.0,0.0,0.0,-0.001953,
-0.0,4.593036,0.880676,-0.000066,0.0,1.570796,-0.0,0.0,-0.003723,0.0,0.0,0.0,-0.06707,-0.024232,0.003479,0.23044,-0.131571,0.024354,-0.137686,0.025758,0.004028,0.351766,-0.148574,-0.024537,-0.099047,0.174482,0.0,-0.068595,0.0,0.0,0.0,-0.094929,-0.174482,0.0,-0.015462,0.0,0.0,0.0,0.0,0.0,-0.0,0.0,0.0,0.0,0.0,0.0,-0.0,0.0,0.0,0.0,0.000182,0.0,0.000061,0.0,-0.000061,0.0,-0.000182,0.0,0.0,0.0,-0.001953,
0.0,4.593036,0.880644,-0.000066,0.0,1.570796,0.0,0.0,-0.003189,0.0,0.0,0.0,-0.066429,-0.024232,0.003479,0.229262,-0.131255,0.024354,-0.13755,0.025758,0.004028,0.35156,-0.148776,-0.024538,-0.097973,0.174482,-0.0,-0.06787,0.0,0.0,0.0,-0.095624,-0.174482,0.0,-0.015553,0.0,0.0,0.0,-0.0,0.0,0.0,0.0,0.0,-0.0,0.0,0.0,-0.0,0.0,0.0,0.0,0.000182,0.0,0.000061,0.0,-0.000061,-0.0,-0.000182,0.0,-0.0,0.0,-0.002027,
0.0,4.593036,0.880615,-0.000066,0.0,1.570796,0.0,0.0,-0.002922,0.0,0.0,0.0,-0.065806,-0.024232,0.003479,0.228156,-0.131063,0.024354,-0.137348,0.025758,0.004028,0.3513,-0.148978,-0.024537,-0.09702,0.174482,-0.0,-0.06721,0.0,0.0,0.0,-0.096266,-0.174482,0.0,-0.015626,0.0,0.0,0.0,0.0,0.0,0.0,0.0,-0.0,0.0,-0.0,0.0,0.0,0.0,0.0,0.0,0.000182,0.0,0.000061,0.0,-0.000061,0.0,-0.000182,0.0,-0.0,0.0,-0.002137,
0.0,4.593036,0.880586,-0.000066,0.0,1.570796,0.0,0.0,-0.00293,0.0,0.0,0.0,-0.065183,-0.024232,0.003479,0.22705,-0.13087,0.024354,-0.137147,0.025758,0.004028,0.35104,-0.14918,-0.024537,-0.096067,0.174482,0.0,-0.066551,0.0,0.0,0.0,-0.096908,-0.174482,0.0,-0.015699,0.0,0.0,0.0,0.0,0.0,-0.0,0.0,-0.0,0.0,0.0,0.0,-0.0,0.0,0.0,0.0,0.000182,0.0,0.000061,0.0,-0.000061,0.0,-0.000182,0.0,0.0,0.0,-0.002247,
0.0,4.593036,0.880561,-0.000066,0.0,1.570796,0.0,0.0,-0.002525,0.0,0.0,0.0,-0.064461,-0.024232,0.003479,0.22575,-0.130677,0.024354,-0.136857,0.025758,0.004028,0.350577,-0.149294,-0.024537,-0.095263,0.174482,-0.0,-0.065978,0.0,0.0,0.0,-0.097475,-0.174482,0.0,-0.015766,0.0,0.0,0.0,-0.0,0.0,0.0,0.0,0.0,0.0,0.0,-0.0,0.0,0.0,0.0,0.0,0.000182,0.0,0.000061,0.0,-0.000061,0.0,-0.000182,0.0,0.0,0.0,-0.002375,
0.0,4.593036,0.880543,-0.000066,0.0,1.570796,0.0,0.0,-0.001762,0.0,0.0,0.0,-0.063545,-0.024232,0.003479,0.224074,-0.130485,0.024354,-0.136399,0.025758,0.004028,0.349722,-0.149239,-0.024537,-0.09475,0.174482,-0.0,-0.065575,0.0,0.0,0.0,-0.097896,-0.174482,0.0,-0.015821,0.0,0.0,0.0,-0.0,0.0,0.0,-0.0,0.0,-0.0,0.0,0.0,0.0,0.0,0.0,0.0,0.000182,-0.0,0.000061,0.0,-0.000061,0.0,-0.000182,0.0,0.0,0.0,-0.00254,
0.0,4.593036,0.880525,-0.000066,0.0,1.570796,0.0,0.0,-0.001762,0.0,0.0,0.0,-0.062628,-0.024232,0.003479,0.222397,-0.130292,0.024354,-0.13594,0.025758,0.004028,0.348867,-0.149184,-0.024537,-0.094236,0.174482,0.0,-0.065172,-0.0,0.0,0.0,-0.098318,-0.174482,0.0,-0.015876,0.0,0.0,0.0,0.0,0.0,0.0,0.0,0.0,0.0,0.0,0.0,-0.0,0.0,0.0,0.0,0.000182,0.0,0.000061,0.0,-0.000061,0.0,-0.000182,0.0,-0.0,0.0,-0.002705,
0.0,4.593036,0.880508,-0.000066,0.0,1.570796,0.0,0.0,-0.001724,0.0,0.0,0.0,-0.06171,-0.024232,0.003479,0.220716,-0.130098,0.024354,-0.135479,0.025758,0.004028,0.348007,-0.149126,-0.024537,-0.093726,0.174482,0.0,-0.064771,-0.0,0.0,0.0,-0.098737,-0.174482,0.0,-0.015931,0.0,0.0,0.0,0.0,0.0,0.0,0.0,0.0,0.0,0.0,0.0,0.0,0.0,0.0,0.0,0.000182,0.0,0.000061,0.0,-0.000061,0.0,-0.000182,0.0,0.0,0.0,-0.002869,
0.0,4.593036,0.88054,-0.000066,0.0,1.570796,0.0,-0.0,0.00322,0.0,0.0,0.0,-0.060428,-0.024232,0.003479,0.218395,-0.129768,0.024354,-0.134745,0.025758,0.004028,0.346483,-0.148649,-0.024537,-0.093726,0.174482,0.0,-0.064679,0.0,0.0,0.0,-0.098737,-0.174482,0.0,-0.015931,0.0,0.0,0.0,0.0,0.0,-0.0,0.0,-0.0,0.0,-0.0,0.0,0.0,0.0,0.0,0.0,0.000182,0.0,0.000061,0.0,-0.000061,0.0,-0.000182,0.0,0.0,0.0,-0.002869,
0.0,4.593036,0.880572,-0.000066,0.0,1.570796,0.0,-0.0,0.00322,0.0,0.0,0.0,-0.059145,-0.024232,0.003479,0.216074,-0.129438,0.024354,-0.134011,0.025758,0.004028,0.344959,-0.148172,-0.024537,-0.093726,0.174482,0.0,-0.064588,-0.0,0.0,0.0,-0.098737,-0.174482,0.0,-0.015931,0.0,0.0,0.0,0.0,0.0,-0.0,0.0,-0.0,0.0,0.0,0.0,-0.0,0.0,0.0,0.0,0.000182,0.0,0.000061,0.0,-0.000061,0.0,-0.000182,0.0,0.0,0.0,-0.002869,
0.0,4.593036,0.880605,-0.000066,0.0,1.570796,0.0,-0.0,0.003227,0.0,0.0,0.0,-0.057863,-0.024232,0.003479,0.213753,-0.129108,0.024354,-0.133277,0.025758,0.004028,0.343434,-0.147694,-0.024537,-0.093726,0.174482,0.0,-0.064496,0.0,0.0,0.0,-0.098737,-0.174482,0.0,-0.015931,0.0,0.0,0.0,0.0,0.0,0.0,0.0,0.0,0.0,0.0,0.0,0.0,0.0,0.0,0.0,0.000182,0.0,0.000061,0.0,-0.000061,0.0,-0.000182,0.0,0.0,0.0,-0.002869,
0.0,4.593036,0.880626,-0.000066,0.0,1.570796,0.0,-0.0,0.002167,0.0,0.0,0.0,-0.057493,-0.024232,0.003479,0.213267,-0.129568,0.024354,-0.132753,0.025758,0.004028,0.342336,-0.147415,-0.024537,-0.093899,0.174482,0.0,-0.064516,0.0,0.0,0.0,-0.098601,-0.174482,0.0,-0.015931,0.0,0.0,0.0,0.0,0.0,-0.0,-0.0,0.0,0.0,0.0,0.0,-0.0,0.0,0.0,0.0,0.000182,-0.0,0.000061,0.0,-0.000061,0.0,-0.000182,0.0,-0.0,0.0,-0.002819,
0.0,4.593036,0.880643,-0.000066,0.0,1.570796,0.0,-0.0,0.001663,0.0,0.0,0.0,-0.057566,-0.024232,0.003479,0.213672,-0.130412,0.024354,-0.132331,0.025758,0.004028,0.341444,-0.147231,-0.024537,-0.094156,0.174482,0.0,-0.064589,0.0,0.0,0.0,-0.0984,-0.174482,0.0,-0.015931,0.0,0.0,0.0,-0.0,0.0,-0.0,0.0,-0.0,-0.0,-0.0,0.0,-0.0,0.0,0.0,0.0,0.000182,0.0,0.000061,0.0,-0.000061,0.0,-0.000182,0.0,0.0,0.0,-0.002746,
0.0,4.593036,0.88066,-0.000066,0.0,1.570796,0.0,-0.0,0.001656,0.0,0.0,0.0,-0.05764,-0.024232,0.003479,0.214077,-0.131256,0.024354,-0.131908,0.025758,0.004028,0.340552,-0.147047,-0.024537,-0.094412,0.174482,-0.0,-0.064662,0.0,0.0,0.0,-0.098198,-0.174482,0.0,-0.015931,0.0,0.0,0.0,-0.0,0.0,0.0,0.0,0.0,0.0,0.0,0.0,0.0,0.0,0.0,0.0,0.000182,0.0,0.000061,0.0,-0.000061,0.0,-0.000182,0.0,-0.0,0.0,-0.002673,
0.0,4.593036,0.880668,-0.000066,0.0,1.570796,0.0,-0.0,0.000877,0.0,0.0,0.0,-0.057769,-0.024232,0.003479,0.214558,-0.1321,0.024354,-0.131574,0.025758,0.004028,0.339811,-0.146926,-0.024538,-0.094719,0.174482,-0.0,-0.064767,0.0,0.0,0.0,-0.097946,-0.174482,-0.0,-0.015869,-0.0,0.0,0.0,-0.0,0.0,-0.0,-0.0,0.0,-0.0,-0.0,0.0,-0.0,0.0,0.0,0.0,0.000182,0.0,0.000061,0.0,-0.000061,0.0,-0.000182,0.0,0.0,0.0,-0.002534,
0.0,4.593036,0.880662,-0.000066,0.0,1.570796,0.0,0.0,-0.000648,0.0,0.0,0.0,-0.058007,-0.024232,0.003479,0.215184,-0.132944,0.024354,-0.131408,0.025758,0.004028,0.339366,-0.146926,-0.024537,-0.095122,0.174482,0.0,-0.064931,0.0,0.0,0.0,-0.097598,-0.174482,0.0,-0.015685,0.0,0.0,0.0,-0.0,0.0,-0.0,0.0,-0.0,0.0,0.0,0.0,-0.0,0.0,0.0,0.0,0.000182,0.0,0.000061,0.0,-0.000061,-0.0,-0.000182,0.0,0.0,0.0,-0.002269,
-0.0,4.593036,0.880655,-0.000066,0.0,1.570796,-0.0,0.0,-0.000648,0.0,0.0,0.0,-0.058245,-0.024232,0.003479,0.21581,-0.133789,0.024354,-0.131243,0.025758,0.004028,0.33892,-0.146926,-0.024538,-0.095525,0.174482,0.0,-0.065096,0.0,0.0,0.0,-0.09725,-0.174482,0.0,-0.015502,0.0,0.0,0.0,0.0,0.0,-0.0,0.0,-0.0,0.0,0.0,0.0,-0.0,0.0,0.0,0.0,0.000182,0.0,0.000061,0.0,-0.000061,0.0,-0.000182,0.0,-0.0,0.0,-0.002003,
0.0,4.593036,0.880649,-0.000066,0.0,1.570796,0.0,0.0,-0.000648,0.0,0.0,0.0,-0.05848,-0.024232,0.003479,0.216429,-0.134628,0.024354,-0.131078,0.025758,0.004028,0.338473,-0.146926,-0.024537,-0.095928,0.174482,0.0,-0.065261,-0.0,0.0,0.0,-0.096901,-0.174482,-0.0,-0.015319,0.0,0.0,0.0,0.0,0.0,-0.0,0.0,-0.0,0.0,-0.0,0.0,-0.0,0.0,0.0,0.0,0.000182,0.0,0.000061,-0.0,-0.000061,0.0,-0.000182,0.0,0.0,0.0,-0.001738,
0.0,4.593036,0.880642,-0.000066,0.0,1.570796,0.0,0.0,-0.000641,0.0,0.0,0.0,-0.058168,-0.024232,0.003479,0.215969,-0.134738,0.024354,-0.130839,0.025758,0.004028,0.337953,-0.146926,-0.024538,-0.096258,0.174482,0.0,-0.065371,0.0,0.0,0.0,-0.096516,-0.174482,0.0,-0.015173,0.0,0.0,0.0,-0.0,0.0,0.0,0.0,0.0,0.0,-0.0,0.0,-0.0,0.0,0.0,0.0,0.000182,0.0,0.000061,0.0,-0.000061,0.0,-0.000182,0.0,-0.0,0.0,-0.001472,
-0.0,4.593036,0.880636,-0.000066,0.0,1.570796,-0.0,0.0,-0.000648,0.0,0.0,0.0,-0.057857,-0.024232,0.003479,0.215508,-0.134848,0.024354,-0.130601,0.025758,0.004028,0.337433,-0.146926,-0.024537,-0.096588,0.174482,0.0,-0.065481,-0.0,0.0,0.0,-0.096131,-0.174482,0.0,-0.015026,0.0,0.0,0.0,0.0,0.0,0.0,0.0,0.0,0.0,0.0,0.0,0.0,0.0,0.0,0.0,0.000182,0.0,0.000061,0.0,-0.000061,-0.0,-0.000182,0.0,0.0,0.0,-0.001207,
0.0,4.593036,0.880629,-0.000066,0.0,1.570796,0.0,0.0,-0.000648,0.0,0.0,0.0,-0.057545,-0.024232,0.003479,0.215048,-0.134958,0.024354,-0.130362,0.025758,0.004028,0.336913,-0.146926,-0.024537,-0.096918,0.174482,0.0,-0.065591,-0.0,0.0,0.0,-0.095746,-0.174482,0.0,-0.01488,-0.0,0.0,0.0,0.0,0.0,0.0,-0.0,0.0,0.0,-0.0,0.0,-0.0,0.0,-0.0,0.0,0.000182,0.0,0.000061,0.0,-0.000061,0.0,-0.000182,0.0,0.0,0.0,-0.000941,
0.0,4.593036,0.88061,-0.000066,0.0,1.570796,0.0,0.0,-0.001915,0.0,0.0,0.0,-0.057357,-0.024232,0.003479,0.214773,-0.134994,0.024354,-0.130284,0.025758,0.004028,0.336668,-0.147068,-0.024537,-0.097273,0.174482,0.0,-0.06575,0.0,0.0,0.0,-0.095497,-0.174482,0.0,-0.014832,0.0,0.0,0.0,0.0,0.0,0.0,0.0,-0.0,0.0,-0.0,0.0,-0.0,0.0,0.0,0.0,0.000182,0.0,0.000061,0.0,-0.000061,0.0,-0.000182,0.0,0.0,0.0,-0.000855,
0.0,4.593036,0.880585,-0.000066,0.0,1.570796,0.0,0.0,-0.002525,0.0,0.0,0.0,-0.057229,-0.024232,0.003479,0.214589,-0.134994,0.024354,-0.130284,0.025758,0.004028,0.336557,-0.147279,-0.024537,-0.097639,0.174482,0.0,-0.065933,0.0,0.0,0.0,-0.095314,-0.174482,0.0,-0.014832,0.0,0.0,0.0,-0.0,0.0,0.0,0.0,0.0,-0.0,0.0,0.0,0.0,0.0,0.0,0.0,0.000182,0.0,0.000061,0.0,-0.000061,0.0,-0.000182,0.0,0.0,0.0,-0.000855,
0.0,4.593036,0.88056,-0.000066,0.0,1.570796,0.0,0.0,-0.002525,0.0,0.0,0.0,-0.057101,-0.024232,0.003479,0.214405,-0.134994,0.024354,-0.130284,0.025758,0.004028,0.336445,-0.147491,-0.024537,-0.098006,0.174482,0.0,-0.066116,0.0,0.0,0.0,-0.09513,-0.174482,0.0,-0.014832,0.0,0.0,0.0,0.0,0.0,0.0,0.0,0.0,0.0,0.0,0.0,0.0,0.0,0.0,0.0,0.000182,0.0,0.000061,0.0,-0.000061,0.0,-0.000182,0.0,0.0,0.0,-0.000855,
0.0,4.593036,0.880532,-0.000066,0.0,1.570796,0.0,0.0,-0.002754,0.0,0.0,0.0,-0.056942,-0.024232,0.003479,0.214139,-0.134926,0.024354,-0.130284,0.025758,0.004028,0.336428,-0.147702,-0.024537,-0.098385,0.174482,0.0,-0.066318,0.0,0.0,0.0,-0.095009,-0.174482,-0.0,-0.014894,-0.0,0.0,0.0,-0.0,0.0,-0.0,0.0,0.0,0.0,0.0,0.0,0.0,0.0,-0.0,0.0,0.000182,0.0,0.000061,-0.0,-0.000061,0.0,-0.000182,0.0,0.0,0.0,-0.000742,
0.0,4.593036,0.880501,-0.000066,0.0,1.570796,0.0,0.0,-0.003174,0.0,0.0,0.0,-0.056722,-0.024232,0.003479,0.213716,-0.134724,0.024354,-0.130284,0.025758,0.004028,0.336596,-0.147913,-0.024537,-0.098789,0.174482,0.0,-0.066556,0.0,0.0,0.0,-0.095009,-0.174482,0.0,-0.015078,-0.0,0.0,0.0,-0.0,0.0,-0.0,0.0,-0.0,0.0,-0.0,0.0,-0.0,0.0,-0.0,0.0,0.000182,0.0,0.000061,0.0,-0.000061,0.0,-0.000182,0.0,-0.0,0.0,-0.000413,
0.0,4.593036,0.880469,-0.000066,0.0,1.570796,0.0,0.0,-0.003174,0.0,0.0,0.0,-0.056502,-0.024232,0.003479,0.213292,-0.134522,0.024354,-0.130284,0.025758,0.004028,0.336763,-0.148124,-0.024537,-0.099192,0.174482,0.0,-0.066795,0.0,0.0,0.0,-0.095009,-0.174482,0.0,-0.015261,0.0,0.0,0.0,0.0,0.0,-0.0,0.0,-0.0,0.0,-0.0,0.0,-0.0,0.0,0.0,0.0,0.000182,0.0,0.000061,0.0,-0.000061,0.0,-0.000182,0.0,0.0,0.0,-0.000083,
0.0,4.593036,0.880438,-0.000066,0.0,1.570796,0.0,0.0,-0.003128,0.0,0.0,0.0,-0.056271,-0.024232,0.003479,0.212848,-0.134309,0.024354,-0.130279,0.025758,0.004028,0.336919,-0.14833,-0.024537,-0.099594,0.174482,-0.0,-0.067031,0.0,0.0,0.0,-0.095011,-0.174482,0.0,-0.015443,0.0,0.0,0.0,0.0,0.0,0.0,0.0,0.0,0.0,-0.0,0.0,-0.0,0.0,0.0,0.0,0.000182,0.0,0.000061,-0.0,-0.000061,0.0,-0.000182,0.0,-0.0,0.0,0.000245,
0.0,4.593036,0.880482,-0.000066,0.0,1.570796,0.0,-0.0,0.004471,0.0,0.0,0.0,-0.054476,-0.024232,0.003479,0.209313,-0.132474,0.024354,-0.129582,0.025758,0.004028,0.335471,-0.147798,-0.024537,-0.099814,0.174482,0.0,-0.067031,-0.0,0.0,0.0,-0.095212,-0.174482,0.0,-0.015535,0.0,0.0,0.0,0.0,0.0,0.0,0.0,-0.0,-0.0,-0.0,0.0,-0.0,0.0,0.0,0.0,0.000182,0.0,0.000061,0.0,-0.000061,0.0,-0.000182,0.0,0.0,0.0,0.000373,
0.0,4.593036,0.880527,-0.000066,0.0,1.570796,0.0,-0.0,0.004471,0.0,0.0,0.0,-0.052681,-0.024232,0.003479,0.205778,-0.130639,0.024354,-0.128885,0.025758,0.004028,0.334022,-0.147265,-0.024537,-0.100034,0.174482,0.0,-0.067031,0.0,0.0,0.0,-0.095414,-0.174482,-0.0,-0.015626,0.0,0.0,0.0,0.0,0.0,-0.0,0.0,0.0,0.0,-0.0,0.0,-0.0,0.0,0.0,0.0,0.000182,-0.0,0.000061,0.0,-0.000061,0.0,-0.000182,0.0,0.0,0.0,0.000501,
0.0,4.593036,0.880572,-0.000066,0.0,1.570796,0.0,-0.0,0.004471,0.0,0.0,0.0,-0.050886,-0.024232,0.003479,0.202243,-0.128804,0.024354,-0.128187,0.025758,0.004028,0.332573,-0.146733,-0.024537,-0.100254,0.174482,0.0,-0.067031,-0.0,0.0,0.0,-0.095616,-0.174482,0.0,-0.015718,0.0,0.0,0.0,0.0,0.0,0.0,0.0,-0.0,0.0,-0.0,0.0,0.0,0.0,0.0,0.0,0.000182,0.0,0.000061,0.0,-0.000061,0.0,-0.000182,0.0,-0.0,0.0,0.00063,
0.0,4.593036,0.88061,-0.000066,0.0,1.570796,0.0,-0.0,0.00383,0.0,0.0,0.0,-0.050213,-0.024232,0.003479,0.200965,-0.128303,0.024354,-0.127799,0.025758,0.004028,0.331863,-0.146472,-0.024537,-0.100449,0.174482,0.0,-0.067093,0.0,0.0,0.0,-0.095842,-0.174482,0.0,-0.015809,0.0,0.0,0.0,0.0,0.0,0.0,0.0,0.0,0.0,0.0,0.0,0.0,0.0,0.0,0.0,0.000182,0.0,0.000061,0.0,-0.000061,0.0,-0.000182,0.0,0.0,0.0,0.000807,
-0.0,4.593036,0.880645,-0.000066,0.0,1.570796,-0.0,-0.0,0.003517,0.0,0.0,0.0,-0.050085,-0.024232,0.003479,0.200781,-0.12845,0.024354,-0.127561,0.025758,0.004028,0.33151,-0.146344,-0.024537,-0.100633,0.174482,0.0,-0.067184,0.0,0.0,0.0,-0.09608,-0.174482,0.0,-0.015901,0.0,0.0,0.0,0.0,0.0,0.0,-0.0,-0.0,0.0,-0.0,-0.0,-0.0,0.0,0.0,0.0,0.000182,-0.0,0.000061,0.0,-0.000061,0.0,-0.000182,0.0,0.0,0.0,0.001008,
0.0,4.593036,0.88068,-0.000066,0.0,1.570796,0.0,-0.0,0.003517,0.0,0.0,0.0,-0.049957,-0.024232,0.003479,0.200597,-0.128597,0.024354,-0.127322,0.025758,0.004028,0.331157,-0.146215,-0.024537,-0.100816,0.174482,0.0,-0.067276,-0.0,0.0,0.0,-0.096319,-0.174482,0.0,-0.015992,0.0,0.0,0.0,0.0,0.0,-0.0,0.0,-0.0,0.0,-0.0,0.0,-0.0,0.0,0.0,0.0,0.000182,0.0,0.000061,0.0,-0.000061,0.0,-0.000182,0.0,0.0,0.0,0.00121,
0.0,4.593036,0.880708,-0.000066,0.0,1.570796,0.0,-0.0,0.002792,0.0,0.0,0.0,-0.049985,-0.024232,0.003479,0.20067,-0.128856,0.024354,-0.127165,0.025758,0.004028,0.330956,-0.146181,-0.024537,-0.100999,0.174482,-0.0,-0.067337,0.0,0.0,0.0,-0.096588,-0.174482,0.0,-0.016084,0.0,0.0,0.0,0.0,0.0,0.0,0.0,-0.0,0.0,0.0,0.0,0.0,0.0,0.0,0.0,0.000182,0.0,0.000061,0.0,-0.000061,-0.0,-0.000182,0.0,0.0,0.0,0.001449,
0.0,4.593036,0.880722,-0.000066,0.0,1.570796,0.0,-0.0,0.001404,0.0,0.0,0.0,-0.050314,-0.024232,0.003479,0.201241,-0.129333,0.024354,-0.127165,0.025758,0.004028,0.331049,-0.146327,-0.024537,-0.101183,0.174482,-0.0,-0.067337,0.0,0.0,0.0,-0.096918,-0.174482,0.0,-0.016176,0.0,0.0,0.0,0.0,0.0,0.0,0.0,0.0,0.0,0.0,-0.0,0.0,0.0,0.0,0.0,0.000182,0.0,0.000061,0.0,-0.000061,0.0,-0.000182,0.0,-0.0,0.0,0.00176,
0.0,4.593036,0.880736,-0.000066,0.0,1.570796,0.0,-0.0,0.001404,0.0,0.0,0.0,-0.050644,-0.024232,0.003479,0.201811,-0.12981,0.024354,-0.127165,0.025758,0.004028,0.331142,-0.146474,-0.024537,-0.101366,0.174482,0.0,-0.067337,0.0,0.0,0.0,-0.097248,-0.174482,0.0,-0.016267,0.0,0.0,0.0,-0.0,0.0,-0.0,0.0,0.0,0.0,-0.0,0.0,0.0,0.0,0.0,0.0,0.000182,0.0,0.000061,0.0,-0.000061,0.0,-0.000182,0.0,0.0,0.0,0.002071,
0.0,4.593036,0.88075,-0.000066,0.0,1.570796,0.0,-0.0,0.001396,0.0,0.0,0.0,-0.050971,-0.024232,0.003479,0.202378,-0.130284,0.024354,-0.127163,0.025758,0.004028,0.331232,-0.14662,-0.024537,-0.10155,0.174482,0.0,-0.067338,0.0,0.0,0.0,-0.097579,-0.174482,0.0,-0.01636,-0.0,0.0,0.0,-0.0,0.0,0.0,0.0,-0.0,0.0,-0.0,0.0,0.0,0.0,-0.0,0.0,0.000182,0.0,0.000061,0.0,-0.000061,0.0,-0.000182,0.0,-0.0,0.0,0.002383,
0.0,4.593036,0.880757,-0.000066,0.0,1.570796,0.0,-0.0,0.000656,0.0,0.0,0.0,-0.050971,-0.024232,0.003479,0.202378,-0.130284,0.024354,-0.126961,0.025758,0.004028,0.330954,-0.14662,-0.024537,-0.101844,0.174482,0.0,-0.067484,-0.0,0.0,0.0,-0.098,-0.174482,0.0,-0.016561,0.0,0.0,0.0,0.0,0.0,0.0,0.0,0.0,-0.0,0.0,0.0,0.0,0.0,0.0,0.0,0.000182,0.0,0.000061,0.0,-0.000061,0.0,-0.000182,0.0,0.0,0.0,0.002786,
0.0,4.593036,0.880763,-0.000066,0.0,1.570796,0.0,-0.0,0.000656,0.0,0.0,0.0,-0.050971,-0.024232,0.003479,0.202378,-0.130284,0.024354,-0.12676,0.025758,0.004028,0.330675,-0.14662,-0.024537,-0.102137,0.174482,0.0,-0.067631,0.0,0.0,0.0,-0.098422,-0.174482,-0.0,-0.016762,0.0,0.0,0.0,0.0,0.0,0.0,0.0,0.0,0.0,0.0,0.0,0.0,0.0,0.0,0.0,0.000182,-0.0,0.000061,0.0,-0.000061,0.0,-0.000182,0.0,0.0,0.0,0.003189,
0.0,4.593036,0.88077,-0.000066,0.0,1.570796,0.0,-0.0,0.000656,0.0,0.0,0.0,-0.050971,-0.024232,0.003479,0.202378,-0.130284,0.024354,-0.126558,0.025758,0.004028,0.330397,-0.14662,-0.024537,-0.10243,0.174482,0.0,-0.067777,0.0,0.0,0.0,-0.098844,-0.174482,0.0,-0.016964,0.0,0.0,0.0,-0.0,0.0,0.0,0.0,0.0,0.0,0.0,0.0,0.0,0.0,0.0,0.0,0.000182,0.0,0.000061,0.0,-0.000061,0.0,-0.000182,0.0,0.0,0.0,0.003592,
0.0,4.593036,0.880777,-0.000066,0.0,1.570796,0.0,-0.0,0.000656,0.0,0.0,0.0,-0.05107,-0.024232,0.003479,0.20244,-0.130346,0.024354,-0.126232,0.025758,0.004028,0.329893,-0.14662,-0.024537,-0.102699,0.174482,0.0,-0.067874,-0.0,-0.0,-0.0,-0.099191,-0.174482,0.0,-0.017141,0.0,0.0,0.0,0.0,-0.0,0.0,0.0,-0.0,0.0,0.0,0.0,0.0,0.0,0.0,0.0,0.000182,0.0,0.000061,0.0,-0.000061,0.0,-0.000182,0.0,0.0,0.0,0.003945,
0.0,4.593036,0.880783,-0.000066,0.0,1.570796,0.0,-0.0,0.000656,0.0,0.0,0.0,-0.051217,-0.024232,0.003479,0.202532,-0.130438,0.024354,-0.125847,0.025758,0.004028,0.329281,-0.14662,-0.024538,-0.102956,0.174482,0.0,-0.067948,0.0,0.0,0.0,-0.099503,-0.174482,0.0,-0.017305,0.0,0.0,0.0,-0.0,0.0,-0.0,-0.0,-0.0,0.0,-0.0,-0.0,-0.0,0.0,0.0,0.0,0.000182,0.0,0.000061,0.0,-0.000061,0.0,-0.000182,0.0,0.0,0.0,0.004275,
0.0,4.593036,0.88079,-0.000066,0.0,1.570796,0.0,-0.0,0.000664,0.0,0.0,0.0,-0.051363,-0.024232,0.003479,0.202624,-0.130529,0.024354,-0.125462,0.025758,0.004028,0.328668,-0.14662,-0.024537,-0.103212,0.174482,0.0,-0.068021,0.0,0.0,0.0,-0.099815,-0.174482,-0.0,-0.01747,0.0,0.0,0.0,-0.0,0.0,-0.0,0.0,-0.0,0.0,-0.0,0.0,-0.0,0.0,0.0,0.0,0.000182,0.0,0.000061,0.0,-0.000061,0.0,-0.000182,0.0,0.0,0.0,0.004605,
-0.0,4.593036,0.880796,-0.000066,0.0,1.570796,-0.0,-0.0,0.000656,0.0,0.0,0.0,-0.051416,-0.024232,0.003479,0.202572,-0.130546,0.024354,-0.125051,0.025758,0.004028,0.328011,-0.146576,-0.024537,-0.103438,0.174482,-0.0,-0.068094,0.0,0.0,0.0,-0.100077,-0.174482,0.0,-0.017616,0.0,0.0,0.0,0.0,0.0,-0.0,0.0,-0.0,0.0,-0.0,0.0,0.0,0.0,0.0,0.0,0.000182,0.0,0.000061,0.0,-0.000061,0.0,-0.000182,0.0,0.0,0.0,0.004891,
0.0,4.593036,0.880803,-0.000066,0.0,1.570796,0.0,-0.0,0.000656,0.0,0.0,0.0,-0.051288,-0.024232,0.003479,0.20224,-0.130418,0.024354,-0.124593,0.025758,0.004028,0.327269,-0.146448,-0.024537,-0.103603,0.174482,-0.0,-0.068168,-0.0,0.0,0.0,-0.100242,-0.174482,0.0,-0.017726,-0.0,0.0,0.0,0.0,0.0,-0.0,-0.0,0.0,-0.0,0.0,0.0,0.0,0.0,-0.0,0.0,0.000182,0.0,0.000061,0.0,-0.000061,0.0,-0.000182,0.0,0.0,0.0,0.005092,
0.0,4.593036,0.880809,-0.000066,0.0,1.570796,0.0,-0.0,0.000656,0.0,0.0,0.0,-0.05116,-0.024232,0.003479,0.201909,-0.130289,0.024354,-0.124134,0.025758,0.004028,0.326527,-0.146319,-0.024537,-0.103768,0.174482,-0.0,-0.068241,0.0,0.0,0.0,-0.100407,-0.174482,0.0,-0.017836,0.0,0.0,0.0,0.0,0.0,0.0,0.0,-0.0,-0.0,-0.0,0.0,-0.0,0.0,0.0,0.0,0.000182,0.0,0.000061,0.0,-0.000061,0.0,-0.000182,0.0,-0.0,0.0,0.005293,
0.0,4.593036,0.880816,-0.000066,0.0,1.570796,0.0,-0.0,0.000656,0.0,0.0,0.0,-0.051034,-0.024232,0.003479,0.201582,-0.130163,0.024354,-0.123677,0.025758,0.004028,0.325787,-0.146192,-0.024537,-0.103934,0.174482,0.0,-0.068314,0.0,0.0,0.0,-0.10057,-0.174482,0.0,-0.017946,0.0,0.0,0.0,-0.0,0.0,0.0,0.0,-0.0,0.0,-0.0,0.0,0.0,0.0,0.0,0.0,0.000182,0.0,0.000061,0.0,-0.000061,0.0,-0.000182,0.0,0.0,0.0,0.005494,
0.0,4.593036,0.880822,-0.000066,0.0,1.570796,0.0,-0.0,0.000656,0.0,0.0,0.0,-0.051235,-0.024232,0.003479,0.201877,-0.130273,0.024354,-0.123439,0.025758,0.004028,0.325416,-0.146192,-0.024537,-0.10419,0.174482,0.0,-0.068412,0.0,0.0,0.0,-0.10057,-0.174482,-0.0,-0.018093,0.0,0.0,0.0,-0.0,0.0,-0.0,0.0,0.0,0.0,-0.0,0.0,0.0,0.0,0.0,0.0,0.000182,-0.0,0.000061,0.0,-0.000061,0.0,-0.000182,0.0,0.0,0.0,0.005622,
0.0,4.593036,0.880829,-0.000066,0.0,1.570796,-0.0,-0.0,0.000656,0.0,0.0,0.0,-0.051437,-0.024232,0.003479,0.202171,-0.130383,0.024354,-0.1232,0.025758,0.004028,0.325045,-0.146192,-0.024537,-0.104447,0.174482,0.0,-0.06851,0.0,0.0,0.0,-0.10057,-0.174482,-0.0,-0.018239,0.0,0.0,0.0,0.0,0.0,0.0,0.0,0.0,0.0,-0.0,0.0,0.0,0.0,0.0,0.0,0.000182,0.0,0.000061,0.0,-0.000061,0.0,-0.000182,0.0,-0.0,0.0,0.005751,
0.0,4.593036,0.880836,-0.000066,0.0,1.570796,0.0,-0.0,0.000664,0.0,0.0,0.0,-0.051638,-0.024232,0.003479,0.202466,-0.130493,0.024354,-0.122962,0.025758,0.004028,0.324674,-0.146192,-0.024537,-0.104704,0.174482,0.0,-0.068608,0.0,0.0,0.0,-0.10057,-0.174482,0.0,-0.018386,0.0,0.0,0.0,0.0,0.0,0.0,0.0,-0.0,0.0,0.0,0.0,0.0,0.0,0.0,0.0,0.000182,0.0,0.000061,0.0,-0.000061,0.0,-0.000182,0.0,0.0,0.0,0.005879,
0.0,4.593036,0.880842,-0.000066,0.0,1.570796,0.0,-0.0,0.000656,0.0,0.0,0.0,-0.051556,-0.024232,0.003479,0.202239,-0.130343,0.024354,-0.122649,0.025758,0.004028,0.324127,-0.146192,-0.024537,-0.104923,0.174482,-0.0,-0.068705,-0.0,0.0,0.0,-0.100447,-0.174482,0.0,-0.01852,0.0,0.0,0.0,0.0,0.0,0.0,0.0,0.0,0.0,0.0,0.0,0.0,0.0,0.0,0.0,0.000182,0.0,0.000061,-0.0,-0.000061,0.0,-0.000182,0.0,0.0,0.0,0.005921,
0.0,4.593036,0.880849,-0.000066,0.0,1.570796,0.0,-0.0,0.000656,0.0,0.0,0.0,-0.051336,-0.024232,0.003479,0.201761,-0.130068,0.024354,-0.1223,0.025758,0.004028,0.323497,-0.146192,-0.024537,-0.105125,0.174482,0.0,-0.068803,-0.0,-0.0,-0.0,-0.100263,-0.174482,0.0,-0.018648,-0.0,0.0,0.0,0.0,-0.0,0.0,0.0,-0.0,0.0,0.0,0.0,-0.0,0.0,-0.0,0.0,0.000182,0.0,0.000061,0.0,-0.000061,0.0,-0.000182,0.0,0.0,0.0,0.005921,
0.0,4.593036,0.880855,-0.000066,0.0,1.570796,0.0,-0.0,0.000656,0.0,0.0,0.0,-0.051116,-0.024232,0.003479,0.201282,-0.129793,0.024354,-0.121952,0.025758,0.004028,0.322866,-0.146192,-0.024537,-0.105327,0.174482,0.0,-0.068901,-0.0,0.0,0.0,-0.10008,-0.174482,0.0,-0.018776,0.0,0.0,0.0,0.0,0.0,-0.0,-0.0,-0.0,0.0,-0.0,0.0,-0.0,0.0,0.0,0.0,0.000182,0.0,0.000061,-0.0,-0.000061,0.0,-0.000182,0.0,0.0,0.0,0.005921,
0.0,4.593036,0.880862,-0.000066,0.0,1.570796,0.0,-0.0,0.000656,0.0,0.0,0.0,-0.050865,-0.024232,0.003479,0.20076,-0.129517,0.024354,-0.121653,0.025758,0.004028,0.322323,-0.14616,-0.024537,-0.10551,0.174482,0.0,-0.068998,0.0,0.0,0.0,-0.099856,-0.174482,0.0,-0.018892,0.0,0.0,0.0,-0.0,0.0,-0.0,0.0,0.0,0.0,-0.0,0.0,-0.0,0.0,0.0,0.0,0.000182,0.0,0.000061,0.0,-0.000061,0.0,-0.000182,0.0,0.0,0.0,0.005921,
0.0,4.593036,0.880868,-0.000066,0.0,1.570796,0.0,-0.0,0.000656,0.0,0.0,0.0,-0.050554,-0.024232,0.003479,0.200152,-0.129242,0.024354,-0.121451,0.025758,0.004028,0.321952,-0.146069,-0.024537,-0.105656,0.174482,0.0,-0.069096,0.0,0.0,0.0,-0.099554,-0.174482,0.0,-0.018983,-0.0,0.0,0.0,-0.0,0.0,-0.0,0.0,-0.0,0.0,-0.0,0.0,-0.0,0.0,-0.0,0.0,0.000182,0.0,0.000061,0.0,-0.000061,0.0,-0.000182,0.0,0.0,0.0,0.005921,
-0.0,4.593036,0.880875,-0.000066,0.0,1.570796,-0.0,-0.0,0.000656,0.0,0.0,0.0,-0.050243,-0.024232,0.003479,0.199545,-0.128967,0.024354,-0.12125,0.025758,0.004028,0.321581,-0.145977,-0.024537,-0.105803,0.174482,0.0,-0.069194,-0.0,0.0,0.0,-0.099251,-0.174482,-0.0,-0.019075,0.0,0.0,0.0,0.0,0.0,0.0,0.0,0.0,0.0,0.0,0.0,-0.0,0.0,0.0,0.0,0.000182,0.0,0.000061,0.0,-0.000061,0.0,-0.000182,0.0,0.0,0.0,0.005921,
0.0,4.593036,0.880882,-0.000066,0.0,1.570796,0.0,-0.0,0.000656,0.0,0.0,0.0,-0.04993,-0.024232,0.003479,0.198935,-0.12869,0.024354,-0.121048,0.025758,0.004028,0.321212,-0.145886,-0.024537,-0.105949,0.174482,0.0,-0.069291,0.0,0.0,0.0,-0.098949,-0.174482,0.0,-0.019166,0.0,0.0,0.0,-0.0,0.0,0.0,0.0,-0.0,0.0,-0.0,0.0,-0.0,0.0,0.0,0.0,0.000182,0.0,0.000061,0.0,-0.000061,0.0,-0.000182,0.0,0.0,0.0,0.00592,
0.0,4.593036,0.880884,-0.000066,0.0,1.570796,0.0,-0.0,0.000252,0.0,0.0,0.0,-0.049398,-0.024232,0.003479,0.197941,-0.128176,0.024354,-0.120938,0.025758,0.004028,0.321045,-0.145886,-0.024537,-0.105949,0.174482,0.0,-0.069291,0.0,0.0,0.0,-0.098646,-0.174482,-0.0,-0.019166,0.0,0.0,0.0,0.0,0.0,0.0,0.0,-0.0,0.0,-0.0,0.0,-0.0,0.0,0.0,0.0,0.000182,0.0,0.000061,0.0,-0.000061,0.0,-0.000182,0.0,-0.0,0.0,0.005791,
0.0,4.593036,0.880887,-0.000066,0.0,1.570796,0.0,-0.0,0.000252,0.0,0.0,0.0,-0.048867,-0.024232,0.003479,0.196948,-0.127662,0.024354,-0.120828,0.025758,0.004028,0.320878,-0.145886,-0.024537,-0.105949,0.174482,0.0,-0.069291,0.0,0.0,0.0,-0.098344,-0.174482,0.0,-0.019166,0.0,0.0,0.0,-0.0,0.0,0.0,0.0,-0.0,0.0,0.0,-0.0,0.0,0.0,0.0,0.0,0.000182,0.0,0.000061,0.0,-0.000061,0.0,-0.000182,0.0,0.0,0.0,0.005663,
0.0,4.593036,0.880889,-0.000066,0.0,1.570796,0.0,-0.0,0.000252,0.0,0.0,0.0,-0.048336,-0.024232,0.003479,0.195954,-0.127149,0.024354,-0.120718,0.025758,0.004028,0.320711,-0.145886,-0.024537,-0.105949,0.174482,0.0,-0.069291,0.0,0.0,0.0,-0.098041,-0.174482,0.0,-0.019166,0.0,0.0,0.0,-0.0,0.0,-0.0,-0.0,0.0,-0.0,-0.0,0.0,0.0,0.0,0.0,0.0,0.000182,0.0,0.000061,0.0,-0.000061,0.0,-0.000182,0.0,-0.0,0.0,0.005535,
0.0,4.593036,0.880873,-0.000066,0.0,1.570796,0.0,0.0,-0.001579,0.0,0.0,0.0,-0.048113,-0.024232,0.003479,0.195531,-0.126919,0.024354,-0.120893,0.025758,0.004028,0.321007,-0.146084,-0.024537,-0.105949,0.174482,0.0,-0.069328,0.0,-0.0,0.0,-0.097794,-0.174482,0.0,-0.019246,0.0,0.0,0.0,-0.0,-0.0,-0.0,0.0,0.0,-0.0,-0.0,0.0,-0.0,0.0,0.0,0.0,0.000182,0.0,0.000061,0.0,-0.000061,0.0,-0.000182,0.0,0.0,0.0,0.005407,
0.0,4.593036,0.880849,-0.000066,0.0,1.570796,0.0,0.0,-0.002464,0.0,0.0,0.0,-0.04804,-0.024232,0.003479,0.195384,-0.126828,0.024354,-0.121205,0.025758,0.004028,0.321526,-0.146378,-0.024537,-0.105949,0.174482,0.0,-0.069383,0.0,0.0,0.0,-0.097574,-0.174482,0.0,-0.019365,0.0,0.0,0.0,-0.0,0.0,0.0,0.0,0.0,0.0,-0.0,0.0,-0.0,0.0,0.0,0.0,0.000182,0.0,0.000061,0.0,-0.000061,0.0,-0.000182,0.0,0.0,0.0,0.005279,
0.0,4.593036,0.880824,-0.000066,0.0,1.570796,0.0,0.0,-0.002472,0.0,0.0,0.0,-0.047967,-0.024232,0.003479,0.195237,-0.126736,0.024354,-0.121516,0.025758,0.004028,0.322046,-0.146671,-0.024537,-0.105949,0.174482,-0.0,-0.069438,-0.0,0.0,0.0,-0.097354,-0.174482,0.0,-0.019484,0.0,0.0,0.0,0.0,0.0,-0.0,0.0,-0.0,0.0,0.0,0.0,0.0,0.0,0.0,0.0,0.000182,0.0,0.000061,0.0,-0.000061,0.0,-0.000182,0.0,0.0,0.0,0.005151,
0.0,4.593036,0.880791,-0.000066,0.0,1.570796,0.0,0.0,-0.003258,0.0,0.0,0.0,-0.047862,-0.024232,0.003479,0.195027,-0.126563,0.024354,-0.121834,0.025758,0.004028,0.322603,-0.147003,-0.024537,-0.105893,0.174482,0.0,-0.069474,0.0,0.0,0.0,-0.097184,-0.174482,0.0,-0.019603,-0.0,0.0,0.0,0.0,0.0,0.0,0.0,0.0,0.0,0.0,0.0,0.0,0.0,-0.0,0.0,0.000182,0.0,0.000061,0.0,-0.000061,0.0,-0.000182,0.0,0.0,0.0,0.005035,
0.0,4.593036,0.880744,-0.000066,0.0,1.570796,-0.0,0.0,-0.004791,0.0,0.0,0.0,-0.047698,-0.024232,0.003479,0.194696,-0.126233,0.024354,-0.122165,0.025758,0.004028,0.323234,-0.147407,-0.024537,-0.105727,0.174482,-0.0,-0.069474,-0.0,0.0,0.0,-0.097111,-0.174482,0.0,-0.019722,0.0,0.0,0.0,0.0,0.0,0.0,0.0,0.0,0.0,0.0,0.0,0.0,0.0,0.0,0.0,0.000182,0.0,0.000061,0.0,-0.000061,0.0,-0.000182,0.0,-0.0,0.0,0.004943,
0.0,4.593036,0.880696,-0.000066,0.0,1.570796,0.0,0.0,-0.004799,0.0,0.0,0.0,-0.047533,-0.024232,0.003479,0.194364,-0.125902,0.024354,-0.122495,0.025758,0.004028,0.323865,-0.147811,-0.024537,-0.105562,0.174482,0.0,-0.069474,0.0,0.0,0.0,-0.097038,-0.174482,0.0,-0.019841,0.0,0.0,0.0,0.0,0.0,0.0,0.0,-0.0,0.0,0.0,0.0,0.0,0.0,0.0,0.0,0.000182,0.0,0.000061,0.0,-0.000061,0.0,-0.000182,0.0,0.0,0.0,0.004852,
0.0,4.593036,0.880648,-0.000066,0.0,1.570796,-0.0,0.0,-0.004753,0.0,0.0,0.0,-0.047358,-0.024232,0.003478,0.194014,-0.125562,0.024354,-0.12282,0.025758,0.004028,0.324485,-0.148209,-0.024537,-0.105396,0.174482,0.0,-0.069473,-0.0,0.0,0.0,-0.096965,-0.174482,0.0,-0.019959,0.0,0.0,0.0,0.0,0.0,-0.0,0.0,0.0,0.0,-0.0,0.0,0.0,0.0,0.0,0.0,0.000182,0.0,0.000061,0.0,-0.000061,0.0,-0.000182,0.0,0.0,0.0,0.004761,
0.0,4.593036,0.880643,-0.000066,0.0,1.570796,0.0,0.0,-0.000465,0.0,0.0,0.0,-0.045911,-0.024232,0.00335,0.191163,-0.123911,0.024354,-0.122434,0.025758,0.004028,0.323743,-0.147952,-0.024537,-0.105103,0.174482,-0.0,-0.069326,-0.0,0.0,0.0,-0.096965,-0.174482,0.0,-0.019959,0.0,0.0,0.0,0.0,0.0,-0.0,0.0,0.0,0.0,0.0,0.0,0.0,0.0,0.0,0.0,0.000182,0.0,0.000061,-0.0,-0.000061,0.0,-0.000182,0.0,0.0,0.0,0.004761,
0.0,4.593036,0.880639,-0.000066,0.0,1.570796,0.0,0.0,-0.000465,0.0,0.0,0.0,-0.044464,-0.024232,0.003222,0.188312,-0.12226,0.024354,-0.122049,0.025758,0.004028,0.323001,-0.147695,-0.024537,-0.10481,0.174482,0.0,-0.06918,0.0,0.0,0.0,-0.096965,-0.174482,0.0,-0.019959,0.0,0.0,0.0,0.0,0.0,0.0,0.0,-0.0,0.0,-0.0,0.0,-0.0,0.0,0.0,0.0,0.000182,0.0,0.000061,-0.0,-0.000061,0.0,-0.000182,0.0,0.0,0.0,0.004761,
0.0,4.593036,0.880634,-0.000066,0.0,1.570796,0.0,0.0,-0.000465,0.0,0.0,0.0,-0.043017,-0.024232,0.003094,0.185461,-0.120609,0.024354,-0.121664,0.025758,0.004028,0.322259,-0.147438,-0.024537,-0.104516,0.174482,0.0,-0.069033,0.0,0.0,0.0,-0.096965,-0.174482,0.0,-0.019959,0.0,0.0,0.0,0.0,0.0,0.0,0.0,-0.0,0.0,-0.0,0.0,0.0,0.0,0.0,0.0,0.000182,0.0,0.000061,0.0,-0.000061,0.0,-0.000182,0.0,0.0,0.0,0.004761,
0.0,4.593036,0.88064,-0.000066,0.0,1.570796,0.0,-0.0,0.000633,0.0,0.0,0.0,-0.042175,-0.024232,0.003052,0.183788,-0.119675,0.024354,-0.121365,0.025758,0.004028,0.321692,-0.147293,-0.024537,-0.104248,0.174482,-0.0,-0.068856,0.0,0.0,0.0,-0.097008,-0.174482,0.0,-0.019959,0.0,0.0,0.0,0.0,0.0,0.0,0.0,0.0,0.0,0.0,-0.0,0.0,0.0,0.0,0.0,0.000182,0.0,0.000061,0.0,-0.000061,0.0,-0.000182,0.0,0.0,0.0,0.004761,
0.0,4.593036,0.880652,-0.000066,0.0,1.570796,0.0,-0.0,0.001167,0.0,0.0,0.0,-0.041626,-0.024232,0.003052,0.182685,-0.119088,0.024354,-0.121108,0.025758,0.004028,0.321209,-0.147201,-0.024537,-0.103991,0.174482,-0.0,-0.068663,0.0,0.0,0.0,-0.097072,-0.174482,0.0,-0.019959,0.0,0.0,0.0,-0.0,0.0,0.0,0.0,-0.0,0.0,0.0,0.0,-0.0,0.0,0.0,0.0,0.000182,0.0,0.000061,0.0,-0.000061,0.0,-0.000182,0.0,0.0,0.0,0.004761,
0.0,4.593036,0.880664,-0.000066,0.0,1.570796,0.0,-0.0,0.001167,0.0,0.0,0.0,-0.041076,-0.024232,0.003052,0.181582,-0.118501,0.024354,-0.120852,0.025758,0.004028,0.320727,-0.147109,-0.024537,-0.103734,0.174482,0.0,-0.068471,0.0,0.0,0.0,-0.097136,-0.174482,0.0,-0.019959,0.0,0.0,0.0,0.0,0.0,-0.0,0.0,0.0,0.0,-0.0,0.0,-0.0,0.0,0.0,0.0,0.000182,0.0,0.000061,0.0,-0.000061,0.0,-0.000182,0.0,0.0,0.0,0.004761,
0.0,4.593036,0.880681,-0.000066,0.0,1.570796,0.0,-0.0,0.001709,0.0,0.0,0.0,-0.04059,-0.024232,0.003052,0.180604,-0.118002,0.024354,-0.120557,0.025758,0.004028,0.320175,-0.146967,-0.024537,-0.103484,0.174482,0.0,-0.068279,0.0,0.0,0.0,-0.097201,-0.174482,0.0,-0.019959,0.0,0.0,0.0,0.0,0.0,-0.0,0.0,0.0,0.0,0.0,0.0,0.0,0.0,0.0,0.0,0.000182,0.0,0.000061,0.0,-0.000061,0.0,-0.000182,0.0,0.0,0.0,0.004761,
0.0,4.593036,0.880708,-0.000066,0.0,1.570796,0.0,-0.0,0.002762,0.0,0.0,0.0,-0.040223,-0.024232,0.003052,0.179869,-0.117671,0.024354,-0.12019,0.025758,0.004028,0.319489,-0.146728,-0.024537,-0.103245,0.174482,0.0,-0.068086,0.0,0.0,0.0,-0.097265,-0.174482,-0.0,-0.019959,0.0,0.0,0.0,0.0,0.0,0.0,0.0,0.0,0.0,-0.0,0.0,-0.0,0.0,0.0,0.0,0.000182,-0.0,0.000061,0.0,-0.000061,0.0,-0.000182,0.0,0.0,0.0,0.004761,
0.0,4.593036,0.880736,-0.000066,0.0,1.570796,0.0,-0.0,0.002762,0.0,0.0,0.0,-0.039857,-0.024232,0.003052,0.179133,-0.117341,0.024354,-0.119823,0.025758,0.004028,0.318803,-0.14649,-0.024537,-0.103007,0.174482,0.0,-0.067894,-0.0,0.0,0.0,-0.097329,-0.174482,0.0,-0.019959,-0.0,0.0,0.0,0.0,0.0,0.0,0.0,0.0,0.0,0.0,0.0,-0.0,0.0,-0.0,0.0,0.000182,-0.0,0.000061,0.0,-0.000061,0.0,-0.000182,0.0,0.0,0.0,0.004761,
0.0,4.593036,0.880764,-0.000066,0.0,1.570796,0.0,-0.0,0.002785,0.0,0.0,0.0,-0.039487,-0.024232,0.003052,0.17839,-0.117008,0.024354,-0.119453,0.025758,0.004028,0.318109,-0.146248,-0.024537,-0.102769,0.174482,-0.0,-0.067701,0.0,0.0,0.0,-0.097393,-0.174482,0.0,-0.019961,0.0,0.0,0.0,0.0,0.0,0.0,-0.0,0.0,-0.0,0.0,0.0,0.0,0.0,0.0,0.0,0.000182,0.0,0.000061,0.0,-0.000061,0.0,-0.000182,0.0,-0.0,0.0,0.004762,
0.0,4.593036,0.880826,-0.000066,0.0,1.570796,0.0,-0.0,0.006203,0.0,0.0,0.0,-0.038626,-0.024232,0.003015,0.176718,-0.116311,0.024354,-0.118627,0.025758,0.004028,0.316533,-0.145587,-0.024537,-0.102604,0.174482,0.0,-0.0675,0.0,0.0,0.0,-0.097485,-0.174482,0.0,-0.020107,0.0,0.0,0.0,0.0,0.0,-0.0,0.0,-0.0,0.0,-0.0,0.0,0.0,0.0,0.0,0.0,0.000182,0.0,0.000061,0.0,-0.000061,0.0,-0.000182,0.0,-0.0,0.0,0.00489,
0.0,4.593036,0.880888,-0.000066,0.0,1.570796,0.0,-0.0,0.006203,0.0,0.0,0.0,-0.037765,-0.024232,0.002978,0.175045,-0.115614,0.024354,-0.117802,0.025758,0.004028,0.314957,-0.144926,-0.024537,-0.102439,0.174482,0.0,-0.067298,0.0,-0.0,0.0,-0.097577,-0.174482,0.0,-0.020254,0.0,0.0,0.0,-0.0,-0.0,0.0,0.0,-0.0,0.0,0.0,0.0,0.0,0.0,0.0,0.0,0.000182,0.0,0.000061,0.0,-0.000061,0.0,-0.000182,0.0,0.0,0.0,0.005018,
0.0,4.593036,0.88095,-0.000066,0.0,1.570796,0.0,-0.0,0.006203,0.0,0.0,0.0,-0.036904,-0.024232,0.002942,0.173372,-0.114917,0.024354,-0.116977,0.025758,0.004028,0.313381,-0.144265,-0.024537,-0.102274,0.174482,0.0,-0.067097,-0.0,0.0,0.0,-0.097668,-0.174482,0.0,-0.0204,-0.0,0.0,0.0,0.0,0.0,0.0,0.0,-0.0,0.0,0.0,0.0,0.0,0.0,-0.0,0.0,0.000182,0.0,0.000061,0.0,-0.000061,0.0,-0.000182,0.0,0.0,0.0,0.005146,
-0.0,4.593036,0.881,-0.000066,0.0,1.570796,-0.0,-0.0,0.00502,0.0,0.0,0.0,-0.037094,-0.024232,0.002905,0.17377,-0.115346,0.024354,-0.11651,0.025758,0.004028,0.312493,-0.143901,-0.024537,-0.102084,0.174482,0.0,-0.066877,0.0,0.0,0.0,-0.097698,-0.174482,-0.0,-0.020448,0.0,0.0,0.0,0.0,0.0,-0.0,0.0,0.0,0.0,0.0,0.0,-0.0,0.0,0.0,0.0,0.000182,0.0,0.000061,0.0,-0.000061,0.0,-0.000182,0.0,0.0,0.0,0.005275,
0.0,4.593036,0.881045,-0.000066,0.0,1.570796,0.0,-0.0,0.004456,0.0,0.0,0.0,-0.03779,-0.024232,0.002868,0.175167,-0.116318,0.024354,-0.116216,0.025758,0.004028,0.311937,-0.143681,-0.024537,-0.101883,0.174482,-0.0,-0.066648,0.0,0.0,0.0,-0.097698,-0.174482,0.0,-0.020448,0.0,0.0,0.0,0.0,0.0,-0.0,0.0,-0.0,0.0,0.0,0.0,-0.0,0.0,0.0,0.0,0.000182,0.0,0.000061,0.0,-0.000061,-0.0,-0.000182,0.0,0.0,0.0,0.005403,
-0.0,4.593036,0.881089,-0.000066,0.0,1.570796,-0.0,-0.0,0.004448,0.0,0.0,0.0,-0.038486,-0.024232,0.002832,0.176564,-0.117291,0.024354,-0.115923,0.025758,0.004028,0.311381,-0.143461,-0.024537,-0.101681,0.174482,0.0,-0.066419,-0.0,0.0,0.0,-0.097698,-0.174482,0.0,-0.020448,0.0,0.0,0.0,0.0,0.0,0.0,0.0,0.0,0.0,0.0,0.0,-0.0,0.0,0.0,0.0,0.000182,0.0,0.000061,0.0,-0.000061,0.0,-0.000182,0.0,0.0,0.0,0.005531,
0.0,4.593036,0.881124,-0.000066,0.0,1.570796,0.0,-0.0,0.003456,0.0,0.0,0.0,-0.039194,-0.024232,0.002839,0.177961,-0.118263,0.024354,-0.11573,0.025758,0.004028,0.310996,-0.143315,-0.024537,-0.101461,0.174482,0.0,-0.06619,0.0,0.0,-0.0,-0.097698,-0.174482,0.0,-0.020448,0.0,0.0,0.0,-0.0,0.0,-0.0,0.0,0.0,0.0,-0.0,0.0,-0.0,0.0,0.0,0.0,0.000182,0.0,0.000061,0.0,-0.000061,0.0,-0.000182,0.0,0.0,0.0,0.00564,
0.0,4.593036,0.881139,-0.000066,0.0,1.570796,0.0,-0.0,0.001518,0.0,0.0,0.0,-0.039927,-0.024232,0.002931,0.179359,-0.119235,0.024354,-0.11573,0.025758,0.004028,0.31094,-0.143315,-0.024537,-0.101204,0.174482,0.0,-0.065961,0.0,-0.0,0.0,-0.097698,-0.174482,0.0,-0.020448,-0.0,0.0,0.0,-0.0,-0.0,0.0,0.0,0.0,0.0,-0.0,0.0,0.0,0.0,-0.0,0.0,0.000182,-0.0,0.000061,0.0,-0.000061,0.0,-0.000182,0.0,-0.0,0.0,0.005714,
0.0,4.593036,0.881154,-0.000066,0.0,1.570796,0.0,-0.0,0.001526,0.0,0.0,0.0,-0.040659,-0.024232,0.003022,0.180756,-0.120207,0.024354,-0.11573,0.025758,0.004028,0.310885,-0.143315,-0.024537,-0.100947,0.174482,0.0,-0.065732,0.0,0.0,0.0,-0.097698,-0.174482,0.0,-0.020448,0.0,0.0,0.0,-0.0,0.0,0.0,0.0,0.0,0.0,0.0,0.0,-0.0,0.0,0.0,0.0,0.000182,0.0,0.000061,0.0,-0.000061,0.0,-0.000182,0.0,0.0,0.0,0.005787,
0.0,4.593036,0.881169,-0.000066,0.0,1.570796,-0.0,-0.0,0.001518,0.0,0.0,0.0,-0.041381,-0.024232,0.003113,0.182133,-0.121169,0.024354,-0.115727,0.025758,0.004028,0.310824,-0.143314,-0.024537,-0.100691,0.174482,0.0,-0.065503,0.0,0.0,0.0,-0.097697,-0.174482,-0.0,-0.020448,0.0,0.0,0.0,0.0,0.0,0.0,0.0,0.0,0.0,0.0,0.0,0.0,0.0,0.0,0.0,0.000182,0.0,0.000061,0.0,-0.000061,0.0,-0.000182,0.0,-0.0,0.0,0.00586,
0.0,4.593036,0.881185,-0.000066,0.0,1.570796,0.0,-0.0,0.001526,0.0,0.0,0.0,-0.040795,-0.024232,0.003113,0.181048,-0.120866,0.024354,-0.115341,0.025758,0.004028,0.310176,-0.14313,-0.024537,-0.100554,0.174482,0.0,-0.06532,0.0,0.0,0.0,-0.097587,-0.174482,0.0,-0.020522,0.0,0.0,0.0,-0.0,0.0,-0.0,-0.0,0.0,0.0,-0.0,0.0,-0.0,0.0,0.0,0.0,0.000182,0.0,0.000061,0.0,-0.000061,0.0,-0.000182,0.0,0.0,0.0,0.005933,
0.0,4.593036,0.8812,-0.000066,0.0,1.570796,0.0,-0.0,0.001518,0.0,0.0,0.0,-0.040209,-0.024232,0.003113,0.179964,-0.120564,0.024354,-0.114956,0.025758,0.004028,0.309527,-0.142947,-0.024537,-0.100416,0.174482,0.0,-0.065137,0.0,0.0,0.0,-0.097477,-0.174482,0.0,-0.020595,0.0,0.0,0.0,0.0,0.0,0.0,0.0,0.0,0.0,0.0,0.0,-0.0,0.0,0.0,0.0,0.000182,0.0,0.000061,0.0,-0.000061,0.0,-0.000182,0.0,0.0,0.0,0.006007,
0.0,4.593036,0.881215,-0.000066,0.0,1.570796,-0.0,-0.0,0.001518,0.0,0.0,0.0,-0.039623,-0.024232,0.003113,0.178879,-0.120261,0.024354,-0.114571,0.025758,0.004028,0.308878,-0.142763,-0.024537,-0.100279,0.174482,0.0,-0.064953,0.0,0.0,0.0,-0.097367,-0.174482,0.0,-0.020668,0.0,0.0,0.0,-0.0,0.0,0.0,0.0,-0.0,0.0,-0.0,0.0,0.0,0.0,0.0,0.0,0.000182,0.0,0.000061,0.0,-0.000061,0.0,-0.000182,0.0,-0.0,0.0,0.00608,
0.0,4.593036,0.88123,-0.000066,0.0,1.570796,0.0,-0.0,0.001526,0.0,0.0,0.0,-0.039062,-0.024232,0.003113,0.177831,-0.119958,0.024354,-0.114223,0.025758,0.004028,0.308255,-0.14258,-0.024537,-0.100141,0.174482,-0.0,-0.064807,0.0,0.0,0.0,-0.09727,-0.174482,0.0,-0.020692,0.0,0.0,0.0,-0.0,0.0,-0.0,0.0,0.0,0.0,-0.0,0.0,-0.0,0.0,0.0,0.0,0.000182,0.0,0.000061,0.0,-0.000061,0.0,-0.000182,0.0,-0.0,0.0,0.006178,
0.0,4.593036,0.881245,-0.000066,0.0,1.570796,0.0,-0.0,0.001518,0.0,0.0,0.0,-0.038512,-0.024232,0.003113,0.176802,-0.119656,0.024354,-0.113893,0.025758,0.004028,0.307643,-0.142396,-0.024537,-0.100004,0.174482,0.0,-0.064679,-0.0,0.0,0.0,-0.097178,-0.174482,-0.0,-0.020692,0.0,0.0,0.0,0.0,0.0,0.0,0.0,-0.0,0.0,0.0,0.0,0.0,0.0,0.0,0.0,0.000182,0.0,0.000061,0.0,-0.000061,0.0,-0.000182,0.0,-0.0,0.0,0.006288,
0.0,4.593036,0.881261,-0.000066,0.0,1.570796,0.0,-0.0,0.001526,0.0,0.0,0.0,-0.037963,-0.024232,0.003113,0.175772,-0.119353,0.024354,-0.113563,0.025758,0.004028,0.307032,-0.142212,-0.024537,-0.099866,0.174482,0.0,-0.064551,-0.0,-0.0,0.0,-0.097086,-0.174482,0.0,-0.020692,0.0,0.0,0.0,0.0,-0.0,0.0,0.0,-0.0,0.0,-0.0,0.0,-0.0,0.0,0.0,0.0,0.000182,0.0,0.000061,0.0,-0.000061,0.0,-0.000182,0.0,0.0,0.0,0.006398,
0.0,4.593036,0.881274,-0.000066,0.0,1.570796,0.0,-0.0,0.001358,0.0,0.0,0.0,-0.037476,-0.024232,0.003113,0.174843,-0.119091,0.024354,-0.113302,0.025758,0.004028,0.30654,-0.142092,-0.024537,-0.099726,0.174482,0.0,-0.064422,-0.0,0.0,0.0,-0.097007,-0.174482,0.0,-0.020729,0.0,0.0,0.0,0.0,0.0,0.0,-0.0,-0.0,0.0,-0.0,0.0,-0.0,0.0,0.0,0.0,0.000182,0.0,0.000061,0.0,-0.000061,0.0,-0.000182,0.0,0.0,0.0,0.006526,
0.0,4.593036,0.881285,-0.000066,0.0,1.570796,0.0,-0.0,0.00106,0.0,0.0,0.0,-0.03711,-0.024232,0.003113,0.174108,-0.118908,0.024354,-0.113173,0.025758,0.004028,0.306281,-0.142092,-0.024537,-0.099579,0.174482,-0.0,-0.064294,0.0,0.0,0.0,-0.096952,-0.174482,0.0,-0.020839,0.0,0.0,0.0,0.0,0.0,0.0,0.0,0.0,0.0,0.0,0.0,0.0,0.0,0.0,0.0,0.000182,0.0,0.000061,0.0,-0.000061,0.0,-0.000182,0.0,0.0,0.0,0.006691,
0.0,4.593036,0.881295,-0.000066,0.0,1.570796,-0.0,-0.0,0.001053,0.0,0.0,0.0,-0.036743,-0.024232,0.003113,0.173373,-0.118724,0.024354,-0.113045,0.025758,0.004028,0.306022,-0.142092,-0.024537,-0.099432,0.174482,0.0,-0.064166,-0.0,0.0,0.0,-0.096897,-0.174482,0.0,-0.020949,0.0,0.0,0.0,0.0,0.0,-0.0,0.0,-0.0,0.0,-0.0,0.0,-0.0,0.0,0.0,0.0,0.000182,0.0,0.000061,-0.0,-0.000061,0.0,-0.000182,0.0,-0.0,0.0,0.006856,
0.0,4.593036,0.881306,-0.000066,0.0,1.570796,0.0,-0.0,0.00106,0.0,0.0,0.0,-0.036375,-0.024232,0.003113,0.172635,-0.118539,0.024354,-0.112916,0.025758,0.004028,0.305762,-0.142092,-0.024537,-0.099286,0.174482,0.0,-0.064038,0.0,0.0,0.0,-0.096843,-0.174482,0.0,-0.021058,0.0,0.0,0.0,0.0,0.0,0.0,0.0,0.0,0.0,0.0,0.0,0.0,0.0,0.0,0.0,0.000182,0.0,0.000061,0.0,-0.000061,0.0,-0.000182,0.0,0.0,0.0,0.00702,
0.0,4.593036,0.881317,-0.000066,0.0,1.570796,0.0,-0.0,0.001053,0.0,0.0,0.0,-0.035808,-0.024232,0.003113,0.171513,-0.118154,0.024354,-0.112714,0.025758,0.004028,0.305428,-0.142092,-0.024537,-0.099139,0.174482,-0.0,-0.063909,-0.0,-0.0,-0.0,-0.096843,-0.174482,0.0,-0.021058,0.0,0.0,0.0,0.0,-0.0,-0.0,0.0,0.0,0.0,-0.0,0.0,-0.0,0.0,0.0,0.0,0.000182,0.0,0.000061,0.0,-0.000061,0.0,-0.000182,0.0,-0.0,0.0,0.007093,
0.0,4.593036,0.881327,-0.000066,0.0,1.570796,0.0,-0.0,0.00106,0.0,0.0,0.0,-0.03524,-0.024232,0.003113,0.170392,-0.117769,0.024354,-0.112512,0.025758,0.004028,0.305095,-0.142092,-0.024537,-0.098992,0.174482,-0.0,-0.063781,0.0,0.0,0.0,-0.096843,-0.174482,0.0,-0.021058,0.0,0.0,0.0,0.0,0.0,-0.0,0.0,0.0,0.0,0.0,0.0,0.0,0.0,0.0,0.0,0.000182,0.0,0.000061,0.0,-0.000061,0.0,-0.000182,0.0,0.0,0.0,0.007166,
0.0,4.593036,0.881338,-0.000066,0.0,1.570796,0.0,-0.0,0.001053,0.0,0.0,0.0,-0.034672,-0.024232,0.003113,0.169271,-0.117383,0.024354,-0.112311,0.025758,0.004028,0.304761,-0.142092,-0.024537,-0.098846,0.174482,0.0,-0.063653,0.0,0.0,0.0,-0.096843,-0.174482,0.0,-0.021058,-0.0,0.0,0.0,-0.0,0.0,-0.0,0.0,0.0,0.0,-0.0,0.0,-0.0,0.0,-0.0,0.0,0.000182,0.0,0.000061,0.0,-0.000061,0.0,-0.000182,0.0,-0.0,0.0,0.00724,
0.0,4.593036,0.881341,-0.000066,0.0,1.570796,-0.0,-0.0,0.000343,0.0,0.0,0.0,-0.033956,-0.024232,0.003063,0.167902,-0.116924,0.024354,-0.112047,0.025758,0.004028,0.304265,-0.14203,-0.024537,-0.098798,0.174482,0.0,-0.063611,0.0,0.0,0.0,-0.096843,-0.174482,0.0,-0.021058,0.0,0.0,0.0,0.0,0.0,0.0,0.0,0.0,0.0,0.0,0.0,-0.0,0.0,0.0,0.0,0.000182,0.0,0.000061,0.0,-0.000061,0.0,-0.000182,0.0,-0.0,0.0,0.007263,
0.0,4.593036,0.881341,-0.000066,0.0,1.570796,0.0,0.0,0.0,0.0,0.0,0.0,-0.033168,-0.024232,0.00299,0.166414,-0.116429,0.024354,-0.111753,0.025758,0.004028,0.303691,-0.141938,-0.024537,-0.098798,0.174482,0.0,-0.063611,0.0,0.0,0.0,-0.096843,-0.174482,0.0,-0.021058,0.0,0.0,0.0,0.0,0.0,0.0,0.0,0.0,0.0,0.0,0.0,-0.0,0.0,0.0,0.0,0.000182,0.0,0.000061,0.0,-0.000061,0.0,-0.000182,0.0,-0.0,0.0,0.007263,
0.0,4.593036,0.881341,-0.000066,0.0,1.570796,0.0,0.0,0.0,0.0,0.0,0.0,-0.032381,-0.024232,0.002917,0.164925,-0.115933,0.024354,-0.11146,0.025758,0.004028,0.303117,-0.141846,-0.024537,-0.098798,0.174482,0.0,-0.063611,0.0,0.0,0.0,-0.096843,-0.174482,0.0,-0.021058,0.0,0.0,0.0,0.0,0.0,0.0,0.0,0.0,0.0,0.0,0.0,-0.0,0.0,0.0,0.0,0.000182,0.0,0.000061,0.0,-0.000061,0.0,-0.000182,0.0,-0.0,0.0,0.007263,
