Base_Latation_X,Base_Latation_Y,Base_Latation_Z,Base_Rotation_Pitch,Base_Rotation_Yaw,Base_Rotation_Roll,Base_Linear_velocity_Pitch,Base_Linear_velocity_Yaw,Base_Linear_velocity_Roll,Base_Angular_velocityy_Pitch,Base_Angular_velocityy_Yaw,Base_Angular_velocityy_Roll,left_leg_pelvic_pitch_joint,left_leg_pelvic_roll_joint,left_leg_pelvic_yaw_joint,left_leg_knee_pitch_joint,left_leg_ankle_pitch_joint,left_leg_ankle_roll_joint,right_leg_pelvic_pitch_joint,right_leg_pelvic_roll_joint,right_leg_pelvic_yaw_joint,right_leg_knee_pitch_joint,right_leg_ankle_pitch_joint,right_leg_ankle_roll_joint,left_shoulder_pitch_joint,left_shoulder_roll_joint,left_shoulder_yaw_joint,left_elbow_pitch_joint,left_wrist_yaw_joint,left_wrist_pitch_joint,left_wrist_roll_joint,right_shoulder_pitch_joint,right_shoulder_roll_joint,right_shoulder_yaw_joint,right_elbow_pitch_joint,right_wrist_yaw_joint,right_wrist_pitch_joint,right_wrist_roll_joint,left_thumb_metacarpal_joint,left_thumb_proximal_joint,left_index_proximal_joint,left_index_distal_joint,left_middle_proximal_joint,left_middle_distal_joint,left_ring_proximal_joint,left_ring_distal_joint,left_pinky_proximal_joint,left_pinky_distal_joint,right_thumb_metacarpal_joint,right_thumb_proximal_joint,right_index_proximal_joint,right_index_distal_joint,right_middle_proximal_joint,right_middle_distal_joint,right_ring_proximal_joint,right_ring_distal_joint,right_pinky_proximal_joint,right_pinky_distal_joint,head_yaw_joint,head_pitch_joint,waist_yaw_joint
0.0,-0.000059,0.890667,-0.000066,0.0,0.0,0.0,-0.005919,89.066658,157.072966,0.0,0.0,-0.072222,-0.024537,-0.003235,0.140623,-0.036746,0.02411,-0.072039,0.025331,0.01001,0.140072,-0.015198,-0.023866,-0.138237,0.174482,-0.0,-0.088044,0.0,0.0,0.0,-0.159231,-0.174482,0.0,-0.034671,0.0,0.0,0.0,-0.0,0.0,0.0,0.0,0.0,0.0,0.0,0.0,-0.0,0.001953,-0.0047,-0.0,0.000184,0.0,0.000061,0.0,-0.000061,0.0,-0.000184,0.0,-0.0,0.0,0.014954,
0.0,-0.000273,0.890706,-0.000066,0.0,1.570796,0.0,-0.021357,0.003912,0.0,0.0,157.079596,-0.072461,-0.024537,-0.003265,0.140623,-0.036572,0.02411,-0.072277,0.025331,0.01001,0.140072,-0.014979,-0.023866,-0.13776,0.174482,-0.0,-0.087806,0.0,-0.0,-0.0,-0.158606,-0.174482,0.0,-0.034543,-0.0,0.0,0.0,-0.0,-0.0,-0.0,0.0,0.0,0.0,-0.0,0.0,-0.0,0.001953,-0.0047,0.0,0.000184,0.0,0.000061,0.0,-0.000061,0.0,-0.000184,0.0,0.0,0.0,0.014863,
0.0,-0.000486,0.890745,-0.000066,0.0,1.570796,0.0,-0.021357,0.003912,0.0,0.0,0.0,-0.072699,-0.024537,-0.003296,0.140623,-0.036398,0.02411,-0.072516,0.025331,0.01001,0.140072,-0.014759,-0.023866,-0.137282,0.174482,-0.0,-0.087567,0.0,0.0,0.0,-0.157982,-0.174482,0.0,-0.034414,0.0,0.0,0.0,-0.0,0.0,-0.0,0.0,0.0,0.0,0.0,0.0,0.0,0.001953,-0.0047,0.0,0.000184,0.0,0.000061,0.0,-0.000061,0.0,-0.000184,0.0,0.0,0.0,0.014771,
0.0,-0.0007,0.890784,-0.000066,0.0,1.570796,0.0,-0.021357,0.003912,0.0,0.0,0.0,-0.072937,-0.024537,-0.003327,0.140623,-0.036224,0.02411,-0.072754,0.025331,0.01001,0.140072,-0.014539,-0.023866,-0.136805,0.174482,0.0,-0.087329,-0.0,0.0,-0.0,-0.157357,-0.174482,0.0,-0.034286,0.0,0.0,0.0,0.0,0.0,-0.0,0.0,-0.0,0.0,0.0,0.0,0.0,0.001953,-0.0047,0.0,0.000184,0.0,0.000061,0.0,-0.000061,0.0,-0.000184,0.0,0.0,0.0,0.01468,
0.0,-0.000919,0.890812,-0.000066,0.0,1.570796,0.0,-0.021883,0.00276,0.0,0.0,0.0,-0.073188,-0.024537,-0.003357,0.140623,-0.03605,0.02411,-0.073004,0.025331,0.01001,0.140072,-0.014649,-0.023866,-0.136389,0.174482,-0.0,-0.087091,-0.0,0.0,0.0,-0.156806,-0.174482,0.0,-0.034158,0.0,0.0,0.0,0.0,0.0,-0.0,0.0,-0.0,-0.0,0.0,0.0,0.0,0.001953,-0.0047,0.0,0.000184,0.0,0.000061,0.0,-0.000061,0.0,-0.000184,0.0,0.0,0.0,0.014564,
0.0,-0.00114,0.890833,-0.000066,0.0,1.570796,0.0,-0.022145,0.002181,0.0,0.0,0.0,-0.073444,-0.024537,-0.003388,0.140623,-0.035876,0.02411,-0.073261,0.025331,0.01001,0.140072,-0.014924,-0.023866,-0.136004,0.174482,-0.0,-0.086852,0.0,0.0,0.0,-0.156292,-0.174482,0.0,-0.03403,-0.0,0.0,0.0,-0.0,0.0,-0.0,0.0,0.0,-0.0,-0.0,0.0,-0.0,0.001953,-0.0047,0.0,0.000184,-0.0,0.000061,0.0,-0.000061,0.0,-0.000184,0.0,-0.0,0.0,0.014435,
0.0,-0.001362,0.890855,-0.000066,0.0,1.570796,0.0,-0.022145,0.002173,0.0,0.0,0.0,-0.073701,-0.024537,-0.003418,0.140623,-0.035702,0.02411,-0.073517,0.025331,0.01001,0.140072,-0.015198,-0.023866,-0.135618,0.174482,0.0,-0.086614,0.0,0.0,0.0,-0.155777,-0.174482,-0.0,-0.033902,0.0,0.0,0.0,0.0,0.0,0.0,0.0,-0.0,0.0,0.0,0.0,0.0,0.001953,-0.0047,0.0,0.000184,0.0,0.000061,0.0,-0.000061,0.0,-0.000184,0.0,-0.0,0.0,0.014307,
0.0,-0.001587,0.890872,-0.000066,0.0,1.570796,0.0,-0.02258,0.001646,0.0,0.0,0.0,-0.073961,-0.024537,-0.003449,0.140623,-0.035554,0.02411,-0.073778,0.025331,0.01001,0.140072,-0.015421,-0.023866,-0.135245,0.174482,0.0,-0.086388,-0.0,0.0,0.0,-0.1553,-0.174482,0.0,-0.03377,0.0,0.0,0.0,0.0,0.0,-0.0,0.0,-0.0,0.0,-0.0,0.0,-0.0,0.001953,-0.0047,0.0,0.000184,0.0,0.000061,-0.0,-0.000061,0.0,-0.000184,0.0,0.0,0.0,0.014185,
0.0,-0.001822,0.890877,-0.000066,0.0,1.570796,0.0,-0.023451,0.000563,0.0,0.0,0.0,-0.07423,-0.024537,-0.003479,0.140623,-0.035456,0.02411,-0.074047,0.025331,0.01001,0.140072,-0.01554,-0.023866,-0.134896,0.174482,0.0,-0.086187,0.0,0.0,0.0,-0.154896,-0.174482,0.0,-0.033633,0.0,0.0,0.0,-0.0,0.0,-0.0,0.0,0.0,0.0,-0.0,0.0,0.0,0.001953,-0.0047,0.0,0.000184,0.0,0.000061,0.0,-0.000061,0.0,-0.000184,0.0,0.0,0.0,0.014075,
0.0,-0.002056,0.890883,-0.000066,0.0,1.570796,0.0,-0.023451,0.000555,0.0,0.0,0.0,-0.074499,-0.024537,-0.00351,0.140623,-0.035359,0.02411,-0.074315,0.025331,0.01001,0.140072,-0.015659,-0.023866,-0.134548,0.174482,0.0,-0.085985,0.0,0.0,0.0,-0.154492,-0.174482,0.0,-0.033496,0.0,0.0,0.0,-0.0,0.0,-0.0,0.0,0.0,0.0,-0.0,-0.0,0.0,0.001953,-0.0047,0.0,0.000184,0.0,0.000061,-0.0,-0.000061,-0.0,-0.000184,0.0,0.0,0.0,0.013965,
0.0,-0.002291,0.890889,-0.000066,0.0,1.570796,0.0,-0.023451,0.000563,0.0,0.0,0.0,-0.074767,-0.024537,-0.00354,0.140623,-0.035261,0.02411,-0.074584,0.025331,0.01001,0.140072,-0.015778,-0.023866,-0.134199,0.174482,0.0,-0.085783,0.0,-0.0,0.0,-0.154088,-0.174482,0.0,-0.033358,0.0,0.0,0.0,-0.0,-0.0,0.0,-0.0,0.0,0.0,-0.0,0.0,-0.0,0.001953,-0.0047,0.0,0.000184,0.0,0.000061,-0.0,-0.000061,0.0,-0.000184,0.0,0.0,0.0,0.013856,
0.0,-0.002525,0.890894,-0.000066,0.0,1.570796,0.0,-0.023451,0.000563,0.0,0.0,0.0,-0.075036,-0.024537,-0.003613,0.140623,-0.035163,0.02411,-0.074853,0.025331,0.01001,0.140072,-0.015897,-0.023866,-0.133869,0.174482,0.0,-0.085554,0.0,0.0,0.0,-0.15372,-0.174482,0.0,-0.033221,0.0,0.0,0.0,0.0,0.0,0.0,0.0,0.0,0.0,0.0,0.0,0.0,0.001953,-0.0047,0.0,0.000184,0.0,0.000061,0.0,-0.000061,0.0,-0.000184,0.0,0.0,0.0,0.013856,
0.0,-0.00276,0.8909,-0.000066,0.0,1.570796,0.0,-0.023451,0.000563,0.0,0.0,0.0,-0.075305,-0.024537,-0.003687,0.140623,-0.035066,0.02411,-0.075122,0.025331,0.01001,0.140072,-0.016016,-0.023866,-0.133538,0.174482,0.0,-0.085325,0.0,0.0,0.0,-0.153353,-0.174482,0.0,-0.033084,0.0,0.0,0.0,-0.0,0.0,-0.0,0.0,-0.0,0.0,-0.0,0.0,-0.0,0.001953,-0.0047,0.0,0.000184,0.0,0.000061,0.0,-0.000061,0.0,-0.000184,0.0,0.0,0.0,0.013856,
0.0,-0.002995,0.890905,-0.000066,0.0,1.570796,0.0,-0.023451,0.000563,0.0,0.0,0.0,-0.075574,-0.024537,-0.00376,0.140623,-0.034968,0.02411,-0.07539,0.025331,0.01001,0.140072,-0.016135,-0.023866,-0.133208,0.174482,0.0,-0.085096,0.0,0.0,0.0,-0.152986,-0.174482,0.0,-0.032946,0.0,0.0,0.0,0.0,0.0,0.0,0.0,0.0,0.0,0.0,0.0,0.0,0.001953,-0.0047,0.0,0.000184,0.0,0.000061,0.0,-0.000061,0.0,-0.000184,0.0,0.0,0.0,0.013856,
0.0,-0.003229,0.890911,-0.000066,0.0,1.570796,0.0,-0.023451,0.000563,0.0,0.0,0.0,-0.075842,-0.024537,-0.003784,0.140623,-0.03487,0.02411,-0.075659,0.025331,0.01001,0.140072,-0.016175,-0.023866,-0.132878,0.174482,-0.0,-0.084867,0.0,-0.0,-0.0,-0.152668,-0.174482,0.0,-0.032827,0.0,0.0,0.0,-0.0,-0.0,0.0,-0.0,0.0,0.0,0.0,0.0,0.0,0.001953,-0.0047,0.0,0.000184,0.0,0.000061,0.0,-0.000061,-0.0,-0.000184,0.0,0.0,0.0,0.013794,
0.0,-0.003464,0.890917,-0.000066,0.0,1.570796,0.0,-0.023451,0.000563,0.0,0.0,0.0,-0.076111,-0.024537,-0.003784,0.140623,-0.034773,0.02411,-0.075928,0.025331,0.01001,0.140072,-0.016175,-0.023866,-0.132547,0.174482,0.0,-0.084638,0.0,0.0,0.0,-0.152374,-0.174482,0.0,-0.032717,-0.0,0.0,0.0,-0.0,0.0,0.0,0.0,0.0,0.0,0.0,0.0,0.0,0.001953,-0.0047,0.0,0.000184,0.0,0.000061,0.0,-0.000061,0.0,-0.000184,0.0,0.0,0.0,0.013703,
0.0,-0.003698,0.890922,-0.000066,0.0,1.570796,0.0,-0.023451,0.000563,0.0,0.0,0.0,-0.07638,-0.024537,-0.003784,0.140623,-0.034675,0.02411,-0.076197,0.025331,0.01001,0.140072,-0.016175,-0.023866,-0.132217,0.174482,0.0,-0.084409,-0.0,0.0,-0.0,-0.15208,-0.174482,0.0,-0.032607,0.0,0.0,0.0,0.0,0.0,-0.0,0.0,0.0,0.0,-0.0,0.0,-0.0,0.001953,-0.0047,0.0,0.000184,0.0,0.000061,0.0,-0.000061,0.0,-0.000184,0.0,0.0,0.0,0.013611,
0.0,-0.003928,0.890928,-0.000066,0.0,1.570796,0.0,-0.023034,0.000555,0.0,0.0,0.0,-0.076642,-0.024537,-0.003809,0.140623,-0.03461,0.02411,-0.076458,0.025331,0.01001,0.140072,-0.016175,-0.023866,-0.131883,0.174482,0.0,-0.084179,0.0,0.0,0.0,-0.151804,-0.174482,-0.0,-0.032498,0.0,0.0,0.0,-0.0,0.0,-0.0,0.0,-0.0,-0.0,0.0,-0.0,-0.0,0.001953,-0.0047,0.0,0.000184,0.0,0.000061,0.0,-0.000061,0.0,-0.000184,0.0,-0.0,0.0,0.013526,
0.0,-0.00415,0.890933,-0.000066,0.0,1.570796,0.0,-0.022201,0.000555,0.0,0.0,0.0,-0.076889,-0.024537,-0.003882,0.140623,-0.03461,0.02411,-0.076706,0.025331,0.01001,0.140072,-0.016175,-0.023866,-0.13154,0.174482,-0.0,-0.083946,0.0,0.0,0.0,-0.151566,-0.174482,0.0,-0.032388,0.0,0.0,0.0,-0.0,0.0,0.0,0.0,-0.0,0.0,0.0,0.0,0.0,0.001953,-0.0047,0.0,0.000184,0.0,0.000061,0.0,-0.000061,0.0,-0.000184,0.0,-0.0,0.0,0.013453,
0.0,-0.004372,0.890939,-0.000066,0.0,1.570796,0.0,-0.022201,0.000548,0.0,0.0,0.0,-0.077136,-0.024537,-0.003955,0.140623,-0.03461,0.02411,-0.076953,0.025331,0.01001,0.140072,-0.016175,-0.023866,-0.131198,0.174482,0.0,-0.083714,0.0,-0.0,0.0,-0.151327,-0.174482,0.0,-0.032278,0.0,0.0,0.0,-0.0,-0.0,0.0,0.0,-0.0,-0.0,0.0,0.0,-0.0,0.001953,-0.0047,0.0,0.000184,0.0,0.000061,0.0,-0.000061,0.0,-0.000184,0.0,-0.0,0.0,0.013379,
0.0,-0.004594,0.890944,-0.000066,0.0,1.570796,0.0,-0.022201,0.000555,0.0,0.0,0.0,-0.077384,-0.024537,-0.004028,0.140623,-0.03461,0.02411,-0.0772,0.025331,0.01001,0.140072,-0.016175,-0.023866,-0.130855,0.174482,0.0,-0.083482,-0.0,0.0,0.0,-0.151088,-0.174482,-0.0,-0.032168,0.0,0.0,0.0,0.0,0.0,-0.0,0.0,-0.0,0.0,-0.0,0.0,-0.0,0.001953,-0.0047,0.0,0.000184,0.0,0.000061,0.0,-0.000061,0.0,-0.000184,0.0,0.0,0.0,0.013306,
0.0,-0.004816,0.89095,-0.000066,0.0,1.570796,0.0,-0.022201,0.000548,0.0,0.0,0.0,-0.077631,-0.024537,-0.004028,0.140623,-0.034482,0.02411,-0.077448,0.025331,0.01001,0.140072,-0.016175,-0.023866,-0.130512,0.174482,0.0,-0.08325,0.0,0.0,0.0,-0.150886,-0.174482,0.0,-0.032168,0.0,0.0,0.0,0.0,0.0,-0.0,0.0,0.0,0.0,-0.0,0.0,-0.0,0.001953,-0.0047,0.0,0.000184,-0.0,0.000061,0.0,-0.000061,0.0,-0.000184,0.0,-0.0,0.0,0.013233,
0.0,-0.005038,0.890955,-0.000066,0.0,1.570796,0.0,-0.022201,0.000548,0.0,0.0,0.0,-0.077879,-0.024537,-0.004028,0.140623,-0.034353,0.02411,-0.077695,0.025331,0.01001,0.140072,-0.016175,-0.023866,-0.13017,0.174482,0.0,-0.083018,-0.0,0.0,0.0,-0.150684,-0.174482,0.0,-0.032168,0.0,0.0,-0.0,0.0,0.0,0.0,0.0,0.0,0.0,0.0,-0.0,0.0,0.001953,-0.0047,0.0,0.000184,0.0,0.000061,0.0,-0.000061,0.0,-0.000184,0.0,0.0,0.0,0.01316,
0.0,-0.00526,0.890961,-0.000066,0.0,1.570796,0.0,-0.022201,0.000555,0.0,0.0,0.0,-0.078126,-0.024537,-0.004028,0.140623,-0.034225,0.02411,-0.077943,0.025331,0.01001,0.140072,-0.016175,-0.023866,-0.129827,0.174482,0.0,-0.082786,0.0,0.0,0.0,-0.150482,-0.174482,0.0,-0.032168,0.0,0.0,-0.0,-0.0,0.0,0.0,0.0,0.0,0.0,0.0,0.0,0.0,0.001953,-0.0047,0.0,0.000184,0.0,0.000061,0.0,-0.000061,0.0,-0.000184,0.0,-0.0,0.0,0.013086,
0.0,-0.005476,0.890969,-0.000066,0.0,1.570796,0.0,-0.021551,0.000777,0.0,0.0,0.0,-0.078373,-0.024537,-0.004028,0.140623,-0.034097,0.02411,-0.07819,0.025331,0.010059,0.140072,-0.016175,-0.023866,-0.129485,0.174482,0.0,-0.082554,0.0,0.0,0.0,-0.150305,-0.174482,0.0,-0.032119,0.0,0.0,0.0,0.0,0.0,-0.0,0.0,-0.0,0.0,0.0,0.0,-0.0,0.001953,-0.0047,0.0,0.000184,0.0,0.000061,0.0,-0.000061,0.0,-0.000184,0.0,0.0,0.0,0.013062,
0.0,-0.005688,0.890978,-0.000066,0.0,1.570796,0.0,-0.021226,0.000899,0.0,0.0,0.0,-0.078621,-0.024537,-0.004028,0.140623,-0.033969,0.02411,-0.078437,0.025331,0.010132,0.140072,-0.016175,-0.023866,-0.129142,0.174482,0.0,-0.082321,0.0,0.0,0.0,-0.150139,-0.174482,0.0,-0.032046,0.0,0.0,0.0,0.0,0.0,0.0,0.0,0.0,0.0,0.0,0.0,0.0,0.001953,-0.0047,0.0,0.000184,0.0,0.000061,0.0,-0.000061,0.0,-0.000184,0.0,0.0,0.0,0.013062,
0.0,-0.0059,0.890987,-0.000066,0.0,1.570796,0.0,-0.021226,0.000891,0.0,0.0,0.0,-0.078868,-0.024537,-0.004028,0.140623,-0.033841,0.02411,-0.078685,0.025331,0.010205,0.140072,-0.016175,-0.023866,-0.1288,0.174482,-0.0,-0.082089,0.0,0.0,0.0,-0.149974,-0.174482,0.0,-0.031973,0.0,0.0,0.0,0.0,0.0,0.0,0.0,0.0,0.0,-0.0,0.0,-0.0,0.001953,-0.0047,0.0,0.000184,0.0,0.000061,0.0,-0.000061,0.0,-0.000184,0.0,0.0,0.0,0.013062,
0.0,-0.006113,0.890996,-0.000066,0.0,1.570796,0.0,-0.021226,0.000899,0.0,0.0,0.0,-0.079115,-0.024537,-0.004053,0.140648,-0.033721,0.02411,-0.078932,0.025331,0.010254,0.140072,-0.016151,-0.023866,-0.128467,0.174482,-0.0,-0.081861,0.0,0.0,0.0,-0.149815,-0.174482,0.0,-0.031924,0.0,0.0,0.0,-0.0,0.0,-0.0,0.0,-0.0,0.0,-0.0,0.0,-0.0,0.001953,-0.0047,0.0,0.000184,0.0,0.000061,0.0,-0.000061,0.0,-0.000184,0.0,0.0,0.0,0.013062,
0.0,-0.006325,0.891005,-0.000066,0.0,1.570796,0.0,-0.021226,0.000891,0.0,0.0,0.0,-0.079363,-0.024537,-0.004126,0.140721,-0.033621,0.02411,-0.07918,0.025331,0.010254,0.140072,-0.016077,-0.023866,-0.128156,0.174482,0.0,-0.081641,-0.0,0.0,0.0,-0.149668,-0.174482,0.0,-0.031924,0.0,0.0,0.0,0.0,0.0,-0.0,0.0,0.0,0.0,-0.0,0.0,-0.0,0.001953,-0.0047,0.0,0.000184,0.0,0.000061,0.0,-0.000061,0.0,-0.000184,0.0,-0.0,0.0,0.013062,
0.0,-0.006537,0.891013,-0.000066,0.0,1.570796,0.0,-0.021226,0.000899,0.0,0.0,0.0,-0.07961,-0.024537,-0.004199,0.140794,-0.03352,0.02411,-0.079427,0.025331,0.010254,0.140072,-0.016004,-0.023866,-0.127844,0.174482,0.0,-0.081421,0.0,0.0,0.0,-0.149521,-0.174482,-0.0,-0.031924,0.0,0.0,0.0,0.0,0.0,-0.0,0.0,-0.0,0.0,-0.0,0.0,0.0,0.001953,-0.0047,0.0,0.000184,0.0,0.000061,0.0,-0.000061,0.0,-0.000184,0.0,0.0,0.0,0.013062,
0.0,-0.00675,0.891022,-0.000066,0.0,1.570796,0.0,-0.021226,0.000891,0.0,0.0,0.0,-0.079858,-0.024537,-0.004273,0.140868,-0.033419,0.02411,-0.079674,0.025331,0.010254,0.140072,-0.015931,-0.023866,-0.127532,0.174482,-0.0,-0.081202,0.0,0.0,0.0,-0.149374,-0.174482,-0.0,-0.031924,0.0,0.0,0.0,0.0,0.0,0.0,0.0,-0.0,0.0,-0.0,0.0,-0.0,0.001953,-0.0047,0.0,0.000184,0.0,0.000061,0.0,-0.000061,0.0,-0.000184,0.0,-0.0,0.0,0.013062,
0.0,-0.006951,0.891032,-0.000066,0.0,1.570796,0.0,-0.020103,0.000975,0.0,0.0,0.0,-0.080087,-0.024537,-0.004273,0.140868,-0.033319,0.02411,-0.079903,0.025331,0.010254,0.140072,-0.015858,-0.023866,-0.127293,0.174482,0.0,-0.081018,0.0,0.0,0.0,-0.1492,-0.174482,0.0,-0.031814,0.0,0.0,0.0,0.0,0.0,0.0,0.0,-0.0,0.0,0.0,0.0,0.0,0.001953,-0.0047,0.0,0.000184,0.0,0.000061,-0.0,-0.000061,-0.0,-0.000184,0.0,0.0,0.0,0.013062,
-0.0,-0.007152,0.891042,-0.000066,0.0,1.570796,-0.0,-0.020103,0.000968,0.0,0.0,0.0,-0.080316,-0.024537,-0.004273,0.140868,-0.033218,0.02411,-0.080133,0.025331,0.010254,0.140072,-0.015784,-0.023866,-0.127055,0.174482,0.0,-0.080835,0.0,0.0,0.0,-0.149025,-0.174482,0.0,-0.031704,0.0,0.0,0.0,0.0,0.0,-0.0,0.0,-0.0,0.0,-0.0,0.0,0.0,0.001953,-0.0047,0.0,0.000184,0.0,0.000061,0.0,-0.000061,0.0,-0.000184,0.0,0.0,0.0,0.013062,
0.0,-0.007353,0.891052,-0.000066,0.0,1.570796,0.0,-0.020103,0.000975,0.0,0.0,0.0,-0.080545,-0.024537,-0.004273,0.140868,-0.033117,0.02411,-0.080362,0.025331,0.010254,0.140072,-0.015711,-0.023866,-0.126816,0.174482,-0.0,-0.080652,-0.0,0.0,0.0,-0.148851,-0.174482,0.0,-0.031594,0.0,0.0,0.0,0.0,0.0,0.0,0.0,0.0,0.0,0.0,0.0,0.0,0.001953,-0.0047,0.0,0.000184,0.0,0.000061,0.0,-0.000061,0.0,-0.000184,0.0,0.0,0.0,0.013062,
0.0,-0.007554,0.891061,-0.000066,0.0,1.570796,0.0,-0.020103,0.000975,0.0,0.0,0.0,-0.080774,-0.024537,-0.004273,0.140868,-0.032982,0.02411,-0.080591,0.025331,0.010303,0.140072,-0.015638,-0.023866,-0.126614,0.174482,-0.0,-0.080505,-0.0,0.0,0.0,-0.148677,-0.174482,0.0,-0.031557,0.0,0.0,0.0,0.0,0.0,-0.0,0.0,-0.0,0.0,-0.0,0.0,0.0,0.001953,-0.0047,0.0,0.000184,0.0,0.000061,0.0,-0.000061,0.0,-0.000184,0.0,0.0,0.0,0.013062,
0.0,-0.007755,0.891071,-0.000066,0.0,1.570796,0.0,-0.020103,0.000968,0.0,0.0,0.0,-0.081003,-0.024537,-0.004273,0.140868,-0.032829,0.02411,-0.08082,0.025331,0.010376,0.140072,-0.015565,-0.023866,-0.126431,0.174482,0.0,-0.080377,0.0,-0.0,0.0,-0.148502,-0.174482,0.0,-0.031557,0.0,0.0,0.0,-0.0,-0.0,-0.0,0.0,-0.0,0.0,0.0,0.0,0.0,0.001953,-0.0047,0.0,0.000184,0.0,0.000061,0.0,-0.000061,0.0,-0.000184,0.0,0.0,0.0,0.013062,
-0.0,-0.007956,0.891081,-0.000066,0.0,1.570796,-0.0,-0.020103,0.000975,0.0,0.0,0.0,-0.081232,-0.024537,-0.004273,0.140868,-0.032677,0.02411,-0.081049,0.025331,0.01045,0.140072,-0.015491,-0.023866,-0.126247,0.174482,0.0,-0.080249,0.0,0.0,0.0,-0.148328,-0.174482,0.0,-0.031557,0.0,0.0,0.0,0.0,0.0,0.0,0.0,-0.0,-0.0,0.0,0.0,-0.0,0.001953,-0.0047,0.0,0.000184,-0.0,0.000061,0.0,-0.000061,0.0,-0.000184,0.0,0.0,0.0,0.013062,
0.0,-0.008156,0.89109,-0.000066,0.0,1.570796,0.0,-0.020031,0.000891,0.0,0.0,0.0,-0.081458,-0.024537,-0.004297,0.140868,-0.032524,0.02411,-0.081278,0.025331,0.010498,0.140072,-0.015443,-0.023866,-0.126094,0.174482,-0.0,-0.080139,0.0,0.0,-0.0,-0.148166,-0.174482,-0.0,-0.031533,0.0,0.0,0.0,0.0,0.0,-0.0,0.0,-0.0,0.0,-0.0,0.0,-0.0,0.001953,-0.0047,0.0,0.000184,0.0,0.000061,0.0,-0.000061,0.0,-0.000184,0.0,0.0,0.0,0.013062,
0.0,-0.008355,0.891097,-0.000066,0.0,1.570796,0.0,-0.019886,0.000731,0.0,0.0,0.0,-0.081678,-0.024537,-0.00437,0.140868,-0.032371,0.02411,-0.081507,0.025331,0.010498,0.140072,-0.015443,-0.023866,-0.126003,0.174482,-0.0,-0.080065,0.0,0.0,0.0,-0.148028,-0.174482,0.0,-0.03146,0.0,0.0,0.0,0.0,0.0,-0.0,0.0,-0.0,0.0,-0.0,0.0,0.0,0.001953,-0.0047,0.0,0.000184,0.0,0.000061,-0.0,-0.000061,0.0,-0.000184,0.0,0.0,0.0,0.013062,
0.0,-0.008554,0.891104,-0.000066,0.0,1.570796,0.0,-0.019887,0.000723,0.0,0.0,0.0,-0.081898,-0.024537,-0.004443,0.140868,-0.032219,0.02411,-0.081736,0.025331,0.010498,0.140072,-0.015443,-0.023866,-0.125911,0.174482,0.0,-0.079992,0.0,0.0,0.0,-0.14789,-0.174482,0.0,-0.031387,0.0,0.0,0.0,0.0,0.0,0.0,0.0,-0.0,0.0,-0.0,0.0,-0.0,0.001953,-0.0047,0.0,0.000184,0.0,0.000061,0.0,-0.000061,0.0,-0.000184,0.0,0.0,0.0,0.013062,
-0.0,-0.008753,0.891111,-0.000066,0.0,1.570796,-0.0,-0.019886,0.000731,0.0,0.0,0.0,-0.082118,-0.024537,-0.004517,0.140868,-0.032066,0.02411,-0.081965,0.025331,0.010498,0.140072,-0.015443,-0.023866,-0.125819,0.174482,0.0,-0.079919,0.0,-0.0,-0.0,-0.147752,-0.174482,0.0,-0.031313,0.0,-0.0,0.0,-0.0,-0.0,0.0,0.0,0.0,0.0,0.0,-0.0,0.0,0.001953,-0.0047,0.0,0.000184,0.0,0.000061,0.0,-0.000061,0.0,-0.000184,0.0,0.0,0.0,0.013062,
0.0,-0.008951,0.891119,-0.000066,0.0,1.570796,0.0,-0.019887,0.000731,0.0,0.0,0.0,-0.082338,-0.024537,-0.004517,0.140868,-0.031914,0.02411,-0.082194,0.025331,0.010498,0.140072,-0.015278,-0.023866,-0.125819,0.174482,0.0,-0.079858,-0.0,0.0,0.0,-0.147615,-0.174482,0.0,-0.031313,-0.0,0.0,0.0,0.0,0.0,0.0,-0.0,0.0,0.0,0.0,-0.0,0.0,0.001953,-0.0047,0.0,0.000184,0.0,0.000061,-0.0,-0.000061,0.0,-0.000184,0.0,0.0,0.0,0.013135,
0.0,-0.00915,0.891126,-0.000066,0.0,1.570796,-0.0,-0.019886,0.000723,0.0,0.0,0.0,-0.082558,-0.024537,-0.004517,0.140868,-0.031761,0.02411,-0.082423,0.025331,0.010498,0.140072,-0.015113,-0.023866,-0.125819,0.174482,0.0,-0.079797,-0.0,0.0,0.0,-0.147477,-0.174482,0.0,-0.031313,0.0,0.0,0.0,0.0,0.0,0.0,0.0,-0.0,0.0,0.0,0.0,0.0,0.001953,-0.0047,0.0,0.000184,0.0,0.000061,0.0,-0.000061,0.0,-0.000184,0.0,0.0,0.0,0.013209,
0.0,-0.009349,0.891133,-0.000066,0.0,1.570796,0.0,-0.019886,0.000731,0.0,0.0,0.0,-0.082778,-0.024537,-0.004517,0.140868,-0.031608,0.02411,-0.082652,0.025331,0.010498,0.140072,-0.014948,-0.023866,-0.125819,0.174482,0.0,-0.079735,0.0,0.0,0.0,-0.147339,-0.174482,0.0,-0.031313,0.0,-0.0,-0.0,-0.0,0.0,-0.0,0.0,0.0,-0.0,0.0,0.0,0.0,0.001953,-0.0047,0.0,0.000184,0.0,0.000061,0.0,-0.000061,0.0,-0.000184,0.0,0.0,0.0,0.013282,
0.0,-0.009529,0.891142,-0.000066,0.0,1.570796,0.0,-0.017935,0.000884,0.0,0.0,0.0,-0.082985,-0.024537,-0.004517,0.140868,-0.031493,0.02411,-0.082851,0.025331,0.010559,0.140072,-0.014863,-0.023866,-0.125721,0.174482,-0.0,-0.079674,0.0,0.0,0.0,-0.147146,-0.174482,0.0,-0.031264,0.0,0.0,0.0,0.0,0.0,-0.0,0.0,-0.0,0.0,0.0,0.0,0.0,0.001953,-0.0047,0.0,0.000184,0.0,0.000061,0.0,-0.000061,0.0,-0.000184,0.0,0.0,0.0,0.013245,
-0.0,-0.009698,0.891152,-0.000066,0.0,1.570796,-0.0,-0.01696,0.00096,0.0,0.0,0.0,-0.083187,-0.024537,-0.004517,0.140868,-0.031397,0.02411,-0.083034,0.025331,0.010651,0.140072,-0.014817,-0.023866,-0.125575,0.174482,0.0,-0.079613,0.0,0.0,0.0,-0.146926,-0.174482,0.0,-0.031191,0.0,0.0,0.0,0.0,0.0,0.0,-0.0,0.0,0.0,0.0,0.0,-0.0,0.001953,-0.0047,0.0,0.000184,0.0,0.000061,0.0,-0.000061,0.0,-0.000184,0.0,-0.0,0.0,0.013154,
0.0,-0.009868,0.891162,-0.000066,0.0,1.570796,0.0,-0.01696,0.000968,0.0,0.0,0.0,-0.083389,-0.024537,-0.004517,0.140868,-0.031301,0.02411,-0.083217,0.025331,0.010743,0.140072,-0.014771,-0.023866,-0.125428,0.174482,0.0,-0.079552,0.0,0.0,0.0,-0.146706,-0.174482,0.0,-0.031118,0.0,0.0,0.0,0.0,0.0,0.0,0.0,-0.0,0.0,0.0,-0.0,-0.0,0.001953,-0.0047,0.0,0.000184,0.0,0.000061,0.0,-0.000061,0.0,-0.000184,0.0,0.0,0.0,0.013062,
0.0,-0.010028,0.891173,-0.000066,0.0,1.570796,0.0,-0.015977,0.001105,0.0,0.0,0.0,-0.083575,-0.024537,-0.004517,0.140868,-0.031205,0.02411,-0.083395,0.025331,0.010804,0.140097,-0.014725,-0.023866,-0.125299,0.174482,0.0,-0.079491,-0.0,0.0,0.0,-0.146461,-0.174482,0.0,-0.031051,0.0,0.0,0.0,0.0,0.0,0.0,0.0,0.0,0.0,0.0,0.0,0.0,0.001953,-0.0047,0.0,0.000184,0.0,0.000061,0.0,-0.000061,-0.0,-0.000184,0.0,-0.0,0.0,0.012958,
0.0,-0.010168,0.891187,-0.000066,0.0,1.570796,0.0,-0.014012,0.001411,0.0,0.0,0.0,-0.083731,-0.024537,-0.004517,0.140868,-0.031109,0.02411,-0.08356,0.025331,0.010804,0.14017,-0.01468,-0.023866,-0.125208,0.174482,0.0,-0.07943,0.0,0.0,0.0,-0.146167,-0.174482,0.0,-0.030996,-0.0,0.0,0.0,0.0,0.0,-0.0,0.0,0.0,0.0,0.0,0.0,0.0,0.001953,-0.0047,0.0,0.000184,0.0,0.000061,0.0,-0.000061,0.0,-0.000184,0.0,-0.0,0.0,0.01283,
0.0,-0.010308,0.891201,-0.000066,0.0,1.570796,0.0,-0.014012,0.001403,0.0,0.0,0.0,-0.083886,-0.024537,-0.004517,0.140868,-0.031013,0.02411,-0.083725,0.025331,0.010804,0.140244,-0.014634,-0.023866,-0.125116,0.174482,0.0,-0.079369,-0.0,-0.0,-0.0,-0.145873,-0.174482,0.0,-0.030941,-0.0,0.0,0.0,0.0,-0.0,0.0,0.0,-0.0,0.0,0.0,0.0,0.0,0.001953,-0.0047,0.0,0.000184,0.0,0.000061,0.0,-0.000061,0.0,-0.000184,0.0,0.0,0.0,0.012702,
0.0,-0.010448,0.891215,-0.000066,0.0,1.570796,0.0,-0.014012,0.001403,0.0,0.0,0.0,-0.084042,-0.024537,-0.004517,0.140868,-0.030916,0.02411,-0.083889,0.025331,0.010804,0.140317,-0.014588,-0.023866,-0.125024,0.174482,0.0,-0.079308,0.0,0.0,0.0,-0.14558,-0.174482,-0.0,-0.030886,-0.0,0.0,-0.0,0.0,0.0,-0.0,0.0,-0.0,0.0,0.0,-0.0,0.0,0.001953,-0.0047,0.0,0.000184,-0.0,0.000061,0.0,-0.000061,0.0,-0.000184,0.0,-0.0,0.0,0.012574,
0.0,-0.010588,0.891229,-0.000066,0.0,1.570796,0.0,-0.014012,0.001403,0.0,0.0,0.0,-0.084198,-0.024537,-0.004608,0.140868,-0.03082,0.02411,-0.084054,0.025331,0.010804,0.140317,-0.01449,-0.023866,-0.12496,0.174482,0.0,-0.079308,0.0,0.0,0.0,-0.145286,-0.174482,-0.0,-0.030886,0.0,0.0,0.0,0.0,0.0,0.0,0.0,0.0,0.0,0.0,0.0,0.0,0.001953,-0.0047,0.0,0.000184,0.0,0.000061,0.0,-0.000061,0.0,-0.000184,0.0,0.0,0.0,0.012482,
0.0,-0.010728,0.891243,-0.000066,0.0,1.570796,0.0,-0.014012,0.001403,0.0,0.0,0.0,-0.084354,-0.024537,-0.0047,0.140868,-0.030724,0.02411,-0.084219,0.025331,0.010804,0.140317,-0.014393,-0.023866,-0.124896,0.174482,0.0,-0.079308,0.0,0.0,0.0,-0.144992,-0.174482,0.0,-0.030886,0.0,0.0,0.0,0.0,0.0,0.0,0.0,-0.0,0.0,-0.0,0.0,-0.0,0.001953,-0.0047,0.0,0.000184,-0.0,0.000061,0.0,-0.000061,0.0,-0.000184,0.0,0.0,0.0,0.012391,
0.0,-0.010868,0.891257,-0.000066,0.0,1.570796,0.0,-0.014012,0.001411,0.0,0.0,0.0,-0.08451,-0.024537,-0.004791,0.140868,-0.030628,0.02411,-0.084384,0.025331,0.010804,0.140317,-0.014295,-0.023866,-0.124832,0.174482,0.0,-0.079308,0.0,0.0,0.0,-0.144698,-0.174482,0.0,-0.030886,0.0,0.0,0.0,0.0,0.0,-0.0,0.0,0.0,0.0,0.0,0.0,0.0,0.001953,-0.0047,0.0,0.000184,0.0,0.000061,0.0,-0.000061,0.0,-0.000184,0.0,-0.0,0.0,0.012299,
0.0,-0.011004,0.89127,-0.000066,0.0,1.570796,0.0,-0.013621,0.001342,0.0,0.0,0.0,-0.084659,-0.024537,-0.004822,0.140868,-0.030532,0.02411,-0.084537,0.025331,0.010804,0.140317,-0.014197,-0.023866,-0.124767,0.174482,0.0,-0.079308,0.0,0.0,0.0,-0.144441,-0.174482,0.0,-0.030886,0.0,0.0,0.0,0.0,0.0,-0.0,0.0,0.0,0.0,0.0,0.0,0.0,0.001953,-0.0047,0.0,0.000184,0.0,0.000061,0.0,-0.000061,0.0,-0.000184,0.0,-0.0,0.0,0.012269,
0.0,-0.011139,0.891283,-0.000066,0.0,1.570796,0.0,-0.013426,0.001319,0.0,0.0,0.0,-0.084806,-0.024537,-0.004822,0.140868,-0.030436,0.02411,-0.084684,0.025331,0.010804,0.140317,-0.0141,-0.023866,-0.124703,0.174482,0.0,-0.079308,0.0,0.0,0.0,-0.144203,-0.174482,0.0,-0.030886,0.0,0.0,0.0,0.0,0.0,0.0,-0.0,0.0,0.0,0.0,0.0,-0.0,0.001953,-0.0047,0.0,0.000184,0.0,0.000061,0.0,-0.000061,0.0,-0.000184,0.0,-0.0,0.0,0.012269,
0.0,-0.011273,0.891297,-0.000066,0.0,1.570796,0.0,-0.013426,0.001327,0.0,0.0,0.0,-0.084952,-0.024537,-0.004822,0.140868,-0.03034,0.02411,-0.08483,0.025331,0.010804,0.140317,-0.014002,-0.023866,-0.124639,0.174482,-0.0,-0.079308,0.0,0.0,0.0,-0.143964,-0.174482,0.0,-0.030886,0.0,0.0,0.0,-0.0,0.0,-0.0,0.0,-0.0,-0.0,0.0,0.0,0.0,0.001953,-0.0047,0.0,0.000184,0.0,0.000061,0.0,-0.000061,0.0,-0.000184,0.0,-0.0,0.0,0.012269,
0.0,-0.011405,0.891308,-0.000066,0.0,1.570796,0.0,-0.013211,0.001113,0.0,0.0,0.0,-0.085099,-0.024537,-0.004822,0.140868,-0.03024,0.02411,-0.084977,0.025331,0.010828,0.140317,-0.013904,-0.023866,-0.124572,0.174482,0.0,-0.079308,0.0,0.0,0.0,-0.143744,-0.174482,0.0,-0.030886,0.0,0.0,0.0,0.0,0.0,0.0,0.0,-0.0,0.0,0.0,0.0,-0.0,0.001953,-0.0047,0.0,0.000184,0.0,0.000061,0.0,-0.000061,0.0,-0.000184,0.0,-0.0,0.0,0.012269,
0.0,-0.011533,0.891315,-0.000066,0.0,1.570796,0.0,-0.012781,0.000724,0.0,0.0,0.0,-0.085246,-0.024537,-0.004822,0.140868,-0.030134,0.02411,-0.085123,0.025331,0.010901,0.140317,-0.013807,-0.023866,-0.124498,0.174482,0.0,-0.079308,-0.0,0.0,0.0,-0.14356,-0.174482,0.0,-0.030886,0.0,0.0,0.0,0.0,0.0,-0.0,0.0,-0.0,0.0,-0.0,0.0,-0.0,0.001953,-0.0047,0.0,0.000184,0.0,0.000061,0.0,-0.000061,0.0,-0.000184,0.0,-0.0,0.0,0.012269,
0.0,-0.011661,0.891322,-0.000066,0.0,1.570796,0.0,-0.012781,0.000716,0.0,0.0,0.0,-0.085392,-0.024537,-0.004822,0.140868,-0.030028,0.02411,-0.08527,0.025331,0.010975,0.140317,-0.013709,-0.023866,-0.124425,0.174482,0.0,-0.079308,-0.0,0.0,0.0,-0.143377,-0.174482,0.0,-0.030886,-0.0,0.0,0.0,0.0,0.0,0.0,0.0,0.0,0.0,-0.0,0.0,-0.0,0.001953,-0.0047,0.0,0.000184,0.0,0.000061,0.0,-0.000061,0.0,-0.000184,0.0,0.0,0.0,0.012269,
0.0,-0.011789,0.891329,-0.000066,0.0,1.570796,0.0,-0.012781,0.000716,0.0,0.0,0.0,-0.085539,-0.024537,-0.004822,0.140868,-0.029921,0.02411,-0.085417,0.025331,0.011048,0.140317,-0.013611,-0.023866,-0.124351,0.174482,0.0,-0.079308,0.0,0.0,0.0,-0.143193,-0.174482,0.0,-0.030886,0.0,0.0,0.0,0.0,0.0,-0.0,0.0,-0.0,0.0,0.0,0.0,0.0,0.001953,-0.0047,0.0,0.000184,0.0,0.000061,0.0,-0.000061,0.0,-0.000184,0.0,0.0,0.0,0.012269,
0.0,-0.011898,0.891332,-0.000066,0.0,1.570796,0.0,-0.01093,0.000236,0.0,0.0,0.0,-0.085667,-0.024537,-0.004822,0.140868,-0.029815,0.02411,-0.085545,0.025331,0.011048,0.140317,-0.013611,-0.023866,-0.12426,0.174482,-0.0,-0.079161,0.0,0.0,0.0,-0.143065,-0.174482,0.0,-0.030886,0.0,0.0,0.0,0.0,0.0,-0.0,0.0,0.0,0.0,0.0,0.0,0.0,0.001953,-0.0047,0.0,0.000184,0.0,0.000061,0.0,-0.000061,0.0,-0.000184,0.0,-0.0,0.0,0.012269,
0.0,-0.012007,0.891334,-0.000066,0.0,1.570796,0.0,-0.01093,0.000236,0.0,0.0,0.0,-0.085796,-0.024537,-0.004822,0.140868,-0.029709,0.02411,-0.085673,0.025331,0.011048,0.140317,-0.013611,-0.023866,-0.124168,0.174482,-0.0,-0.079015,-0.0,0.0,0.0,-0.142936,-0.174482,0.0,-0.030886,-0.0,0.0,0.0,0.0,0.0,0.0,0.0,-0.0,0.0,0.0,0.0,0.0,0.001953,-0.0047,0.0,0.000184,0.0,0.000061,0.0,-0.000061,0.0,-0.000184,0.0,0.0,0.0,0.012269,
0.0,-0.012116,0.891337,-0.000066,0.0,1.570796,0.0,-0.01093,0.000236,0.0,0.0,0.0,-0.085924,-0.024537,-0.004822,0.140868,-0.029603,0.02411,-0.085802,0.025331,0.011048,0.140317,-0.013611,-0.023866,-0.124076,0.174482,0.0,-0.078868,-0.0,0.0,-0.0,-0.142808,-0.174482,-0.0,-0.030886,0.0,0.0,0.0,0.0,0.0,0.0,0.0,0.0,0.0,0.0,0.0,0.0,0.001953,-0.0047,0.0,0.000184,0.0,0.000061,0.0,-0.000061,0.0,-0.000184,0.0,-0.0,0.0,0.012269,
0.0,-0.012226,0.891339,-0.000066,0.0,1.570796,0.0,-0.01093,0.000236,0.0,0.0,0.0,-0.086052,-0.024537,-0.004822,0.140868,-0.029497,0.02411,-0.08593,0.025331,0.011048,0.140317,-0.013611,-0.023866,-0.12396,0.174482,0.0,-0.07877,0.0,0.0,0.0,-0.142716,-0.174482,0.0,-0.030886,0.0,0.0,0.0,0.0,0.0,0.0,0.0,0.0,0.0,0.0,0.0,0.0,0.001953,-0.0047,0.0,0.000184,0.0,0.000061,0.0,-0.000061,0.0,-0.000184,0.0,-0.0,0.0,0.012269,
0.0,-0.012335,0.891341,-0.000066,0.0,1.570796,0.0,-0.01093,0.000236,0.0,0.0,0.0,-0.08618,-0.024537,-0.004822,0.140868,-0.02939,0.02411,-0.086058,0.025331,0.011048,0.140317,-0.013611,-0.023866,-0.123832,0.174482,0.0,-0.078697,0.0,0.0,0.0,-0.142642,-0.174482,0.0,-0.030886,0.0,0.0,0.0,-0.0,0.0,0.0,0.0,0.0,0.0,-0.0,0.0,-0.0,0.001953,-0.0047,0.0,0.000184,0.0,0.000061,0.0,-0.000061,0.0,-0.000184,0.0,-0.0,0.0,0.012269,
0.0,-0.012444,0.891344,-0.000066,0.0,1.570796,0.0,-0.01093,0.000236,0.0,0.0,0.0,-0.086309,-0.024537,-0.004822,0.140868,-0.029284,0.02411,-0.086187,0.025331,0.011048,0.140317,-0.013611,-0.023866,-0.123703,0.174482,0.0,-0.078624,0.0,0.0,0.0,-0.142569,-0.174482,0.0,-0.030886,-0.0,0.0,-0.0,0.0,0.0,0.0,0.0,-0.0,0.0,0.0,0.0,0.0,0.001953,-0.0047,0.0,0.000184,-0.0,0.000061,0.0,-0.000061,0.0,-0.000184,0.0,-0.0,0.0,0.012269,
0.0,-0.012555,0.891347,-0.000066,0.0,1.570796,0.0,-0.011074,0.000312,0.0,0.0,0.0,-0.086437,-0.024537,-0.004822,0.140868,-0.029178,0.02411,-0.086315,0.025331,0.011078,0.140317,-0.013583,-0.023866,-0.123587,0.174482,0.0,-0.078575,-0.0,0.0,0.0,-0.14252,-0.174482,-0.0,-0.030886,-0.0,0.0,0.0,0.0,0.0,-0.0,0.0,0.0,0.0,0.0,0.0,-0.0,0.001953,-0.0047,0.0,0.000184,0.0,0.000061,0.0,-0.000061,0.0,-0.000184,0.0,-0.0,0.0,0.012269,
0.0,-0.012669,0.891351,-0.000066,0.0,1.570796,0.0,-0.011364,0.000472,0.0,0.0,0.0,-0.086565,-0.024537,-0.004822,0.140868,-0.029072,0.02411,-0.086443,0.025331,0.01117,0.140317,-0.013499,-0.023866,-0.123495,0.174482,0.0,-0.078575,0.0,0.0,0.0,-0.14252,-0.174482,-0.0,-0.030886,-0.0,0.0,0.0,0.0,0.0,-0.0,0.0,-0.0,0.0,-0.0,0.0,0.0,0.001953,-0.0047,0.0,0.000184,0.0,0.000061,0.0,-0.000061,0.0,-0.000184,0.0,-0.0,0.0,0.012269,
0.0,-0.012782,0.891356,-0.000066,0.0,1.570796,0.0,-0.011364,0.000465,0.0,0.0,0.0,-0.086694,-0.024537,-0.004822,0.140868,-0.028966,0.02411,-0.086571,0.025331,0.011261,0.140317,-0.013415,-0.023866,-0.123404,0.174482,-0.0,-0.078575,0.0,-0.0,0.0,-0.14252,-0.174482,-0.0,-0.030886,-0.0,0.0,0.0,0.0,-0.0,-0.0,0.0,0.0,0.0,-0.0,0.0,-0.0,0.001953,-0.0047,0.0,0.000184,0.0,0.000061,0.0,-0.000061,0.0,-0.000184,0.0,-0.0,0.0,0.012269,
0.0,-0.012896,0.891361,-0.000066,0.0,1.570796,0.0,-0.011364,0.000472,0.0,0.0,0.0,-0.086822,-0.024537,-0.004822,0.140868,-0.028859,0.02411,-0.0867,0.025331,0.011353,0.140317,-0.013331,-0.023866,-0.123312,0.174482,0.0,-0.078575,0.0,0.0,0.0,-0.14252,-0.174482,-0.0,-0.030886,-0.0,0.0,0.0,-0.0,0.0,-0.0,0.0,0.0,0.0,0.0,0.0,0.0,0.001953,-0.0047,0.0,0.000184,0.0,0.000061,0.0,-0.000061,0.0,-0.000184,0.0,-0.0,0.0,0.012269,
0.0,-0.013017,0.891361,-0.000066,0.0,1.570796,0.0,-0.012147,-0.000016,0.0,0.0,0.0,-0.086956,-0.024537,-0.004822,0.140868,-0.028753,0.02411,-0.086834,0.025331,0.011353,0.140317,-0.013246,-0.023866,-0.123367,0.174482,0.0,-0.078575,-0.0,0.0,0.0,-0.14252,-0.174482,-0.0,-0.030886,-0.0,0.0,0.0,0.0,0.0,0.0,0.0,-0.0,0.0,-0.0,0.0,0.0,0.001953,-0.0047,0.0,0.000184,0.0,0.000061,0.0,-0.000061,0.0,-0.000184,0.0,-0.0,0.0,0.012269,
0.0,-0.013139,0.89136,-0.000066,0.0,1.570796,0.0,-0.012147,-0.000024,0.0,0.0,0.0,-0.087091,-0.024537,-0.004822,0.140868,-0.028647,0.02411,-0.086969,0.025331,0.011353,0.140317,-0.013162,-0.023866,-0.123422,0.174482,-0.0,-0.078575,-0.0,-0.0,0.0,-0.14252,-0.174482,-0.0,-0.030886,-0.0,0.0,0.0,0.0,-0.0,0.0,0.0,-0.0,0.0,-0.0,0.0,-0.0,0.001953,-0.0047,0.0,0.000184,0.0,0.000061,0.0,-0.000061,0.0,-0.000184,0.0,-0.0,0.0,0.012269,
0.0,-0.01326,0.89136,-0.000066,0.0,1.570796,0.0,-0.012147,-0.000016,0.0,0.0,0.0,-0.087225,-0.024537,-0.004822,0.140868,-0.028541,0.02411,-0.087103,0.025331,0.011353,0.140317,-0.013078,-0.023866,-0.123477,0.174482,0.0,-0.078575,-0.0,-0.0,-0.0,-0.14252,-0.174482,-0.0,-0.030886,-0.0,0.0,0.0,0.0,-0.0,0.0,0.0,0.0,0.0,0.0,0.0,0.0,0.001953,-0.0047,0.0,0.000184,0.0,0.000061,0.0,-0.000061,0.0,-0.000184,0.0,-0.0,0.0,0.012269,
0.0,-0.013381,0.891356,-0.000066,0.0,1.570796,0.0,-0.012065,-0.000466,0.0,0.0,0.0,-0.08736,-0.024537,-0.004822,0.140868,-0.028505,0.02411,-0.087237,0.025331,0.01139,0.140317,-0.012994,-0.023866,-0.123569,0.174482,0.0,-0.078575,-0.0,0.0,0.0,-0.14252,-0.174482,-0.0,-0.030813,-0.0,0.0,0.0,0.0,0.0,0.0,0.0,-0.0,0.0,0.0,0.0,-0.0,0.001953,-0.0047,0.0,0.000184,0.0,0.000061,0.0,-0.000061,0.0,-0.000184,0.0,0.0,0.0,0.01233,
0.0,-0.013501,0.891349,-0.000066,0.0,1.570796,0.0,-0.012024,-0.00068,0.0,0.0,0.0,-0.087494,-0.024537,-0.004822,0.140868,-0.028505,0.02411,-0.087372,0.025331,0.011445,0.140317,-0.012909,-0.023866,-0.123679,0.174482,0.0,-0.078575,-0.0,0.0,0.0,-0.14252,-0.174482,0.0,-0.030703,0.0,0.0,0.0,0.0,0.0,-0.0,-0.0,-0.0,0.0,0.0,0.0,-0.0,0.001953,-0.0047,0.0,0.000184,0.0,0.000061,0.0,-0.000061,0.0,-0.000184,0.0,0.0,0.0,0.012421,
0.0,-0.013621,0.891342,-0.000066,0.0,1.570796,0.0,-0.012024,-0.00068,0.0,0.0,0.0,-0.087628,-0.024537,-0.004822,0.140868,-0.028505,0.02411,-0.087506,0.025331,0.011499,0.140317,-0.012825,-0.023866,-0.123789,0.174482,-0.0,-0.078575,0.0,0.0,0.0,-0.14252,-0.174482,0.0,-0.030593,0.0,0.0,0.0,0.0,0.0,0.0,0.0,0.0,0.0,0.0,-0.0,-0.0,0.001953,-0.0047,0.0,0.000184,0.0,0.000061,0.0,-0.000061,0.0,-0.000184,0.0,0.0,0.0,0.012513,
0.0,-0.013743,0.891331,-0.000066,0.0,1.570796,0.0,-0.012111,-0.001145,0.0,0.0,0.0,-0.087763,-0.024537,-0.004822,0.140868,-0.028505,0.02411,-0.087641,0.025331,0.011536,0.140317,-0.012741,-0.023866,-0.123929,0.174482,0.0,-0.078599,-0.0,0.0,0.0,-0.14252,-0.174482,0.0,-0.030489,-0.0,0.0,0.0,0.0,0.0,-0.0,0.0,-0.0,0.0,-0.0,-0.0,-0.0,0.001953,-0.0047,0.0,0.000184,0.0,0.000061,0.0,-0.000061,-0.0,-0.000184,0.0,0.0,0.0,0.012574,
0.0,-0.013865,0.89131,-0.000066,0.0,1.570796,0.0,-0.012287,-0.002068,0.0,0.0,0.0,-0.087897,-0.024537,-0.004822,0.140868,-0.028505,0.02411,-0.087775,0.025331,0.011536,0.140317,-0.012657,-0.023866,-0.124131,0.174482,0.0,-0.078673,-0.0,-0.0,-0.0,-0.14252,-0.174482,0.0,-0.030398,0.0,0.0,0.0,0.0,-0.0,0.0,0.0,0.0,0.0,0.0,0.0,0.0,0.001953,-0.0047,0.0,0.000184,0.0,0.000061,0.0,-0.000061,0.0,-0.000184,0.0,0.0,0.0,0.012574,
0.0,-0.013988,0.891289,-0.000066,0.0,1.570796,0.0,-0.012287,-0.002068,0.0,0.0,0.0,-0.088032,-0.024537,-0.004822,0.140868,-0.028505,0.02411,-0.087909,0.025331,0.011536,0.140317,-0.012572,-0.023866,-0.124333,0.174482,0.0,-0.078746,-0.0,0.0,0.0,-0.14252,-0.174482,0.0,-0.030306,0.0,0.0,0.0,0.0,0.0,-0.0,0.0,-0.0,0.0,0.0,0.0,-0.0,0.001953,-0.0047,0.0,0.000184,0.0,0.000061,0.0,-0.000061,0.0,-0.000184,0.0,0.0,0.0,0.012574,
0.0,-0.014111,0.891268,-0.000066,0.0,1.570796,0.0,-0.012287,-0.002068,0.0,0.0,0.0,-0.088166,-0.024537,-0.004822,0.140868,-0.028505,0.02411,-0.088044,0.025331,0.011536,0.140317,-0.012488,-0.023866,-0.124535,0.174482,0.0,-0.078819,0.0,0.0,0.0,-0.14252,-0.174482,0.0,-0.030214,-0.0,0.0,-0.0,0.0,0.0,-0.0,0.0,0.0,0.0,0.0,0.0,-0.0,0.001953,-0.0047,0.0,0.000184,-0.0,0.000061,0.0,-0.000061,0.0,-0.000184,0.0,0.0,0.0,0.012574,
-0.0,-0.014259,0.891203,-0.000066,0.0,1.570796,-0.0,-0.014737,-0.006532,0.0,0.0,0.0,-0.088331,-0.024537,-0.004822,0.140868,-0.028505,0.02411,-0.088209,0.025331,0.011536,0.140317,-0.012404,-0.023866,-0.124884,0.174482,-0.0,-0.078947,-0.0,0.0,0.0,-0.142575,-0.174482,0.0,-0.030306,0.0,0.0,0.0,0.0,0.0,0.0,0.0,-0.0,0.0,0.0,0.0,-0.0,0.001953,-0.0047,0.0,0.000184,0.0,0.000061,0.0,-0.000061,0.0,-0.000184,0.0,-0.0,0.0,0.01272,
0.0,-0.014406,0.891138,-0.000066,0.0,1.570796,0.0,-0.014737,-0.006539,0.0,0.0,0.0,-0.088496,-0.024537,-0.004822,0.140868,-0.028505,0.02411,-0.088374,0.025331,0.011536,0.140317,-0.01232,-0.023866,-0.125232,0.174482,0.0,-0.079076,0.0,-0.0,0.0,-0.14263,-0.174482,-0.0,-0.030398,0.0,0.0,0.0,-0.0,-0.0,-0.0,0.0,-0.0,0.0,-0.0,0.0,-0.0,0.001953,-0.0047,0.0,0.000184,0.0,0.000061,0.0,-0.000061,0.0,-0.000184,0.0,0.0,0.0,0.012867,
0.0,-0.014553,0.891072,-0.000066,0.0,1.570796,0.0,-0.014738,-0.006532,0.0,0.0,0.0,-0.088661,-0.024537,-0.004822,0.140868,-0.028505,0.02411,-0.088539,0.025331,0.011536,0.140317,-0.012236,-0.023866,-0.125581,0.174482,-0.0,-0.079204,0.0,0.0,0.0,-0.142685,-0.174482,0.0,-0.030489,-0.0,0.0,0.0,0.0,0.0,0.0,0.0,0.0,0.0,0.0,0.0,0.0,0.001953,-0.0047,0.0,0.000184,0.0,0.000061,0.0,-0.000061,0.0,-0.000184,0.0,-0.0,0.0,0.013013,
-0.0,-0.01472,0.891011,-0.000066,0.0,1.570796,-0.0,-0.016645,-0.006105,0.0,0.0,0.0,-0.08885,-0.024537,-0.004822,0.140868,-0.028627,0.02411,-0.088728,0.025331,0.011536,0.140317,-0.012142,-0.023866,-0.126015,0.174482,0.0,-0.079369,0.0,0.0,0.0,-0.142838,-0.174482,0.0,-0.03052,0.0,0.0,0.0,-0.0,0.0,0.0,-0.0,0.0,0.0,0.0,0.0,-0.0,0.001953,-0.0047,0.0,0.000184,0.0,0.000061,0.0,-0.000061,0.0,-0.000184,0.0,0.0,0.0,0.013147,
0.0,-0.014896,0.890953,-0.000066,0.0,1.570796,0.0,-0.017599,-0.005876,0.0,0.0,0.0,-0.089052,-0.024537,-0.004822,0.140868,-0.02881,0.02411,-0.08893,0.025331,0.011536,0.140317,-0.012045,-0.023866,-0.126492,0.174482,-0.0,-0.079552,0.0,0.0,0.0,-0.14304,-0.174482,0.0,-0.03052,0.0,0.0,0.0,0.0,0.0,-0.0,0.0,-0.0,0.0,-0.0,0.0,0.0,0.001953,-0.0047,0.0,0.000184,0.0,0.000061,0.0,-0.000061,0.0,-0.000184,0.0,0.0,0.0,0.013276,
0.0,-0.015072,0.890894,-0.000066,0.0,1.570796,0.0,-0.017599,-0.005883,0.0,0.0,0.0,-0.089254,-0.024537,-0.004822,0.140868,-0.028994,0.02411,-0.089131,0.025331,0.011536,0.140317,-0.011947,-0.023866,-0.126969,0.174482,0.0,-0.079735,0.0,0.0,0.0,-0.143242,-0.174482,0.0,-0.03052,0.0,0.0,0.0,0.0,0.0,0.0,0.0,-0.0,0.0,0.0,0.0,0.0,0.001953,-0.0047,0.0,0.000184,-0.0,0.000061,0.0,-0.000061,0.0,-0.000184,0.0,0.0,0.0,0.013404,
-0.0,-0.015253,0.890841,-0.000066,0.0,1.570796,-0.0,-0.018138,-0.005265,0.0,0.0,0.0,-0.089461,-0.024537,-0.004822,0.140868,-0.029244,0.02411,-0.089339,0.025331,0.01156,0.140317,-0.011849,-0.023866,-0.127464,0.174482,0.0,-0.079937,-0.0,0.0,0.0,-0.143478,-0.174482,0.0,-0.030489,0.0,0.0,0.0,0.0,0.0,0.0,0.0,-0.0,0.0,-0.0,0.0,-0.0,0.001953,-0.0047,0.0,0.000184,0.0,0.000061,0.0,-0.000061,0.0,-0.000184,0.0,0.0,0.0,0.01352,
-0.0,-0.015445,0.890801,-0.000066,0.0,1.570796,0.0,-0.019218,-0.004037,0.0,0.0,0.0,-0.089681,-0.024537,-0.004822,0.140868,-0.029628,0.02411,-0.089559,0.025331,0.011634,0.140317,-0.011752,-0.023866,-0.127996,0.174482,0.0,-0.080175,0.0,0.0,0.0,-0.143781,-0.174482,0.0,-0.030398,0.0,0.0,0.0,-0.0,0.0,-0.0,0.0,0.0,0.0,0.0,0.0,-0.0,0.001953,-0.0047,0.0,0.000184,0.0,0.000061,0.0,-0.000061,0.0,-0.000184,0.0,0.0,0.0,0.013611,
0.0,-0.015638,0.89076,-0.000066,0.0,1.570796,0.0,-0.019218,-0.004037,0.0,0.0,0.0,-0.089901,-0.024537,-0.004822,0.140868,-0.030013,0.02411,-0.089779,0.025331,0.011707,0.140317,-0.011654,-0.023866,-0.128529,0.174482,0.0,-0.080414,0.0,0.0,0.0,-0.144083,-0.174482,0.0,-0.030306,0.0,0.0,0.0,0.0,0.0,0.0,0.0,0.0,0.0,0.0,0.0,0.0,0.001953,-0.0047,0.0,0.000184,0.0,0.000061,0.0,-0.000061,0.0,-0.000184,0.0,0.0,0.0,0.013703,
0.0,-0.01583,0.89072,-0.000066,0.0,1.570796,-0.0,-0.019218,-0.004037,0.0,0.0,0.0,-0.090121,-0.024537,-0.004822,0.140868,-0.030398,0.02411,-0.089999,0.025331,0.01178,0.140317,-0.011556,-0.023866,-0.129061,0.174482,0.0,-0.080652,0.0,0.0,0.0,-0.144386,-0.174482,0.0,-0.030214,0.0,0.0,0.0,-0.0,0.0,-0.0,0.0,-0.0,0.0,0.0,0.0,0.0,0.001953,-0.0047,0.0,0.000184,0.0,0.000061,0.0,-0.000061,0.0,-0.000184,0.0,0.0,0.0,0.013794,
0.0,-0.016007,0.890683,-0.000066,0.0,1.570796,0.0,-0.017696,-0.003663,0.0,0.0,0.0,-0.090323,-0.024537,-0.004822,0.140868,-0.030929,0.02411,-0.090201,0.025331,0.01178,0.140317,-0.011459,-0.023866,-0.129483,0.174482,-0.0,-0.080835,-0.0,0.0,0.0,-0.144689,-0.174482,0.0,-0.029995,0.0,0.0,0.0,0.0,0.0,0.0,0.0,0.0,0.0,-0.0,0.0,-0.0,0.001953,-0.0047,0.0,0.000184,0.0,0.000061,0.0,-0.000061,0.0,-0.000184,0.0,0.0,0.0,0.013666,
0.0,-0.016184,0.890647,-0.000066,0.0,1.570796,0.0,-0.017696,-0.003656,0.0,0.0,0.0,-0.090524,-0.024537,-0.004822,0.140868,-0.03146,0.02411,-0.090402,0.025331,0.01178,0.140317,-0.011361,-0.023866,-0.129905,0.174482,0.0,-0.081018,0.0,0.0,0.0,-0.144992,-0.174482,0.0,-0.029775,0.0,0.0,0.0,0.0,0.0,0.0,0.0,-0.0,0.0,-0.0,0.0,-0.0,0.001953,-0.0047,0.0,0.000184,0.0,0.000061,0.0,-0.000061,0.0,-0.000184,0.0,0.0,0.0,0.013538,
0.0,-0.016361,0.89061,-0.000066,0.0,1.570796,0.0,-0.017696,-0.003663,0.0,0.0,0.0,-0.090726,-0.024537,-0.004822,0.140868,-0.031991,0.02411,-0.090604,0.025331,0.01178,0.140317,-0.011263,-0.023866,-0.130327,0.174482,0.0,-0.081202,0.0,0.0,0.0,-0.145295,-0.174482,0.0,-0.029555,0.0,0.0,0.0,0.0,0.0,0.0,0.0,-0.0,0.0,0.0,0.0,0.0,0.001953,-0.0047,0.0,0.000184,0.0,0.000061,0.0,-0.000061,0.0,-0.000184,0.0,0.0,0.0,0.01341,
0.0,-0.016455,0.890575,-0.000066,0.0,1.570796,0.0,-0.009441,-0.003495,0.0,0.0,0.0,-0.09083,-0.024537,-0.004822,0.140868,-0.032656,0.02411,-0.090671,0.025331,0.011731,0.140317,-0.011231,-0.023866,-0.130676,0.174482,0.0,-0.081311,0.0,0.0,0.0,-0.145396,-0.174482,0.0,-0.029262,0.0,0.0,0.0,-0.0,0.0,-0.0,0.0,0.0,0.0,0.0,0.0,0.0,0.001953,-0.0047,0.0,0.000184,0.0,0.000061,0.0,-0.000061,0.0,-0.000184,0.0,0.0,0.0,0.013172,
0.0,-0.016508,0.890541,-0.000066,0.0,1.570796,0.0,-0.005312,-0.003403,0.0,0.0,0.0,-0.090885,-0.024537,-0.004822,0.140868,-0.033389,0.02411,-0.090671,0.025331,0.011658,0.140317,-0.011231,-0.023866,-0.130987,0.174482,0.0,-0.081385,-0.0,0.0,0.0,-0.145396,-0.174482,0.0,-0.028933,0.0,0.0,0.0,0.0,0.0,-0.0,0.0,-0.0,0.0,-0.0,0.0,-0.0,0.001953,-0.0047,0.0,0.000184,0.0,0.000061,0.0,-0.000061,0.0,-0.000184,0.0,-0.0,0.0,0.012879,
0.0,-0.016561,0.890507,-0.000066,0.0,1.570796,0.0,-0.005312,-0.003403,0.0,0.0,0.0,-0.09094,-0.024537,-0.004822,0.140868,-0.034121,0.02411,-0.090671,0.025331,0.011585,0.140317,-0.011231,-0.023866,-0.131299,0.174482,0.0,-0.081458,0.0,0.0,0.0,-0.145396,-0.174482,0.0,-0.028603,0.0,0.0,0.0,0.0,0.0,0.0,0.0,-0.0,0.0,0.0,0.0,-0.0,0.001953,-0.0047,0.0,0.000184,0.0,0.000061,0.0,-0.000061,0.0,-0.000184,0.0,0.0,0.0,0.012586,
0.0,-0.016563,0.890472,-0.000066,0.0,1.570796,0.0,-0.000221,-0.00351,0.0,0.0,0.0,-0.09094,-0.024537,-0.004785,0.140868,-0.034738,0.02411,-0.090671,0.025331,0.011536,0.140317,-0.011347,-0.023866,-0.131575,0.174482,0.0,-0.081483,0.0,0.0,0.0,-0.145317,-0.174482,0.0,-0.028261,0.0,0.0,0.0,-0.0,0.0,-0.0,0.0,-0.0,-0.0,-0.0,0.0,-0.0,0.001953,-0.0047,0.0,0.000184,0.0,0.000061,0.0,-0.000061,0.0,-0.000184,0.0,0.0,0.0,0.012238,
0.0,-0.016464,0.890435,-0.000066,0.0,1.570796,0.0,0.009963,-0.003722,0.0,0.0,0.0,-0.09083,-0.024537,-0.004675,0.140868,-0.035122,0.02411,-0.090671,0.025331,0.011536,0.140317,-0.011695,-0.023866,-0.131777,0.174482,0.0,-0.081409,-0.0,0.0,0.0,-0.145078,-0.174482,0.0,-0.027895,0.0,0.0,0.0,0.0,0.0,-0.0,0.0,-0.0,0.0,-0.0,0.0,-0.0,0.001953,-0.0047,0.0,0.000184,0.0,0.000061,0.0,-0.000061,0.0,-0.000184,0.0,0.0,0.0,0.01178,
0.0,-0.016364,0.890398,-0.000066,0.0,1.570796,0.0,0.009963,-0.003715,0.0,0.0,0.0,-0.09072,-0.024537,-0.004566,0.140868,-0.035507,0.02411,-0.090671,0.025331,0.011536,0.140317,-0.012043,-0.023866,-0.131978,0.174482,0.0,-0.081336,0.0,0.0,0.0,-0.144839,-0.174482,0.0,-0.027529,0.0,0.0,0.0,0.0,0.0,0.0,0.0,0.0,0.0,0.0,0.0,0.0,0.001953,-0.0047,0.0,0.000184,0.0,0.000061,0.0,-0.000061,0.0,-0.000184,0.0,0.0,0.0,0.011322,
0.0,-0.016265,0.890361,-0.000066,0.0,1.570796,0.0,0.009963,-0.003722,0.0,0.0,0.0,-0.09061,-0.024537,-0.004456,0.140868,-0.035892,0.02411,-0.090671,0.025331,0.011536,0.140317,-0.012391,-0.023866,-0.13218,0.174482,-0.0,-0.081263,-0.0,0.0,0.0,-0.144601,-0.174482,0.0,-0.027162,0.0,-0.0,0.0,0.0,0.0,-0.0,0.0,-0.0,0.0,-0.0,0.0,-0.0,0.001953,-0.0047,0.0,0.000184,0.0,0.000061,0.0,-0.000061,0.0,-0.000184,0.0,-0.0,0.0,0.010865,
0.0,-0.016019,0.890309,-0.000066,0.0,1.570796,0.0,0.024515,-0.005148,0.0,0.0,0.0,-0.090335,-0.024537,-0.004328,0.140868,-0.035937,0.02411,-0.090341,0.025331,0.011536,0.140317,-0.013068,-0.023866,-0.13218,0.174482,0.0,-0.081116,0.0,0.0,0.0,-0.144068,-0.174482,-0.0,-0.026723,-0.0,0.0,0.0,-0.0,0.0,-0.0,0.0,-0.0,0.0,-0.0,0.0,-0.0,0.001953,-0.0047,0.0,0.000184,0.0,0.000061,0.0,-0.000061,0.0,-0.000184,0.0,0.0,0.0,0.010608,
-0.0,-0.015774,0.890258,-0.000066,0.0,1.570796,-0.0,0.024516,-0.005148,0.0,0.0,0.0,-0.09006,-0.024537,-0.004199,0.140868,-0.035983,0.02411,-0.090011,0.025331,0.011536,0.140317,-0.013746,-0.023866,-0.13218,0.174482,-0.0,-0.080969,0.0,0.0,0.0,-0.143536,-0.174482,0.0,-0.026283,0.0,0.0,0.0,-0.0,0.0,0.0,0.0,-0.0,0.0,0.0,-0.0,-0.0,0.001953,-0.0047,0.0,0.000184,0.0,0.000061,0.0,-0.000061,0.0,-0.000184,0.0,-0.0,0.0,0.010352,
0.0,-0.015529,0.890206,-0.000066,0.0,1.570796,0.0,0.024516,-0.005148,0.0,0.0,0.0,-0.089785,-0.024537,-0.004071,0.140868,-0.036029,0.02411,-0.089681,0.025331,0.011536,0.140317,-0.014423,-0.023866,-0.13218,0.174482,0.0,-0.080823,0.0,0.0,0.0,-0.143003,-0.174482,0.0,-0.025844,0.0,0.0,0.0,0.0,0.0,-0.0,0.0,-0.0,0.0,-0.0,0.0,0.0,0.001953,-0.0047,0.0,0.000184,0.0,0.000061,0.0,-0.000061,0.0,-0.000184,0.0,0.0,0.0,0.010096,
-0.0,-0.015206,0.890133,-0.000066,0.0,1.570796,-0.0,0.03234,-0.007314,0.0,0.0,0.0,-0.089412,-0.024537,-0.003943,0.140868,-0.036075,0.02411,-0.089302,0.025331,0.011487,0.140317,-0.015442,-0.023866,-0.132058,0.174482,0.0,-0.080664,0.0,0.0,0.0,-0.142459,-0.174482,0.0,-0.02538,0.0,0.0,0.0,-0.0,0.0,0.0,0.0,0.0,0.0,0.0,0.0,0.0,0.001953,-0.0047,0.0,0.000184,0.0,0.000061,0.0,-0.000061,0.0,-0.000184,0.0,0.0,0.0,0.009888,
0.0,-0.014843,0.890049,-0.000066,0.0,1.570796,0.0,0.036252,-0.008405,0.0,0.0,0.0,-0.088991,-0.024537,-0.003815,0.140868,-0.036121,0.02411,-0.088899,0.025331,0.011414,0.140317,-0.016633,-0.023866,-0.131874,0.174482,0.0,-0.080499,0.0,0.0,0.0,-0.141908,-0.174482,-0.0,-0.024904,0.0,0.0,0.0,0.0,0.0,0.0,0.0,0.0,0.0,0.0,0.0,0.0,0.001953,-0.0047,0.0,0.000184,0.0,0.000061,-0.0,-0.000061,0.0,-0.000184,0.0,0.0,0.0,0.009705,
-0.0,-0.014481,0.889965,-0.000066,0.0,1.570796,-0.0,0.036252,-0.008405,0.0,0.0,0.0,-0.088569,-0.024537,-0.003687,0.140868,-0.036166,0.02411,-0.088496,0.025331,0.011341,0.140317,-0.017823,-0.023866,-0.131691,0.174482,0.0,-0.080334,-0.0,0.0,0.0,-0.141357,-0.174482,-0.0,-0.024428,0.0,0.0,0.0,0.0,0.0,-0.0,0.0,-0.0,0.0,-0.0,0.0,-0.0,0.001953,-0.0047,0.0,0.000184,0.0,0.000061,0.0,-0.000061,0.0,-0.000184,0.0,0.0,0.0,0.009522,
0.0,-0.014081,0.88986,-0.000066,0.0,1.570796,0.0,0.039959,-0.01045,0.0,0.0,0.0,-0.088105,-0.024537,-0.00351,0.140831,-0.035953,0.02411,-0.088044,0.025331,0.011261,0.140317,-0.019013,-0.023866,-0.131452,0.174482,0.0,-0.080188,0.0,0.0,0.0,-0.140831,-0.174482,-0.0,-0.023958,0.0,0.0,0.0,-0.0,0.0,0.0,0.0,-0.0,0.0,-0.0,0.0,-0.0,0.001953,-0.0047,0.0,0.000184,0.0,0.000061,0.0,-0.000061,0.0,-0.000184,0.0,0.0,0.0,0.009314,
0.0,-0.013607,0.889715,-0.000066,0.0,1.570796,0.0,0.047373,-0.014546,0.0,0.0,0.0,-0.087555,-0.024537,-0.003235,0.140721,-0.03522,0.02411,-0.087494,0.025331,0.01117,0.140317,-0.020204,-0.023866,-0.131104,0.174482,0.0,-0.080078,0.0,0.0,0.0,-0.140354,-0.174482,0.0,-0.0235,0.0,0.0,0.0,0.0,0.0,-0.0,0.0,-0.0,0.0,-0.0,0.0,0.0,0.001953,-0.0047,0.0,0.000184,0.0,0.000061,0.0,-0.000061,0.0,-0.000184,0.0,0.0,0.0,0.009058,
0.0,-0.013134,0.889569,-0.000066,0.0,1.570796,0.0,0.047373,-0.014546,0.0,0.0,0.0,-0.087005,-0.024537,-0.00296,0.140611,-0.034488,0.02411,-0.086944,0.025331,0.011078,0.140317,-0.021394,-0.023866,-0.130755,0.174482,0.0,-0.079968,0.0,0.0,0.0,-0.139877,-0.174482,0.0,-0.023042,0.0,-0.0,0.0,-0.0,0.0,-0.0,0.0,0.0,0.0,-0.0,0.0,-0.0,0.001953,-0.0047,0.0,0.000184,0.0,0.000061,0.0,-0.000061,0.0,-0.000184,0.0,0.0,0.0,0.008802,
0.0,-0.01266,0.889424,-0.000066,0.0,1.570796,0.0,0.047374,-0.014554,0.0,0.0,0.0,-0.086455,-0.024537,-0.002686,0.140501,-0.033755,0.02411,-0.086394,0.025331,0.010987,0.140317,-0.022584,-0.023866,-0.130406,0.174482,-0.0,-0.079858,-0.0,0.0,0.0,-0.139399,-0.174482,0.0,-0.022584,0.0,0.0,0.0,0.0,0.0,-0.0,0.0,-0.0,-0.0,-0.0,0.0,-0.0,0.001953,-0.0047,0.0,0.000184,0.0,0.000061,0.0,-0.000061,0.0,-0.000184,0.0,0.0,0.0,0.008545,
0.0,-0.01209,0.889135,-0.000066,0.0,1.570796,0.0,0.057032,-0.028866,0.0,0.0,0.0,-0.085777,-0.024483,-0.002118,0.140354,-0.031558,0.02411,-0.085734,0.025331,0.010749,0.140317,-0.023555,-0.023866,-0.130406,0.174482,-0.0,-0.080187,0.0,0.0,0.0,-0.139197,-0.174482,0.0,-0.022346,-0.0,0.0,0.0,-0.0,0.0,-0.0,0.0,0.0,0.0,0.0,0.0,-0.0,0.001953,-0.0047,0.0,0.000184,0.0,0.000061,0.0,-0.000061,0.0,-0.000184,0.0,0.0,0.0,0.007538,
0.0,-0.011519,0.888847,-0.000066,0.0,1.570796,0.0,0.057032,-0.028873,0.0,0.0,0.0,-0.085099,-0.024428,-0.00155,0.140207,-0.02936,0.02411,-0.085075,0.025331,0.010511,0.140317,-0.024525,-0.023866,-0.130406,0.174482,0.0,-0.080517,0.0,0.0,0.0,-0.138996,-0.174482,0.0,-0.022108,0.0,0.0,0.0,0.0,0.0,-0.0,0.0,0.0,0.0,-0.0,0.0,-0.0,0.001953,-0.0047,0.0,0.000184,0.0,0.000061,0.0,-0.000061,0.0,-0.000184,0.0,0.0,0.0,0.006531,
0.0,-0.010949,0.888558,-0.000066,0.0,1.570796,0.0,0.057032,-0.028866,0.0,0.0,0.0,-0.084421,-0.024373,-0.000983,0.14006,-0.027162,0.02411,-0.084415,0.025331,0.010273,0.140317,-0.025496,-0.023866,-0.130406,0.174482,-0.0,-0.080847,-0.0,0.0,0.0,-0.138794,-0.174482,-0.0,-0.02187,0.0,0.0,0.0,0.0,0.0,-0.0,0.0,-0.0,0.0,-0.0,0.0,0.0,0.001953,-0.0047,0.0,0.000184,0.0,0.000061,0.0,-0.000061,0.0,-0.000184,0.0,0.0,0.0,0.005524,
0.0,-0.010349,0.888176,-0.000066,0.0,1.570796,0.0,0.060018,-0.038189,0.0,0.0,0.0,-0.092665,-0.024354,-0.000317,0.157342,-0.031863,0.02411,-0.083731,0.025331,0.01001,0.140268,-0.026552,-0.023866,-0.130455,0.174482,0.0,-0.081556,0.0,0.0,0.0,-0.138885,-0.174482,0.0,-0.021589,0.0,0.0,0.0,-0.0,0.0,0.0,0.0,-0.0,0.0,-0.0,0.0,-0.0,0.001953,-0.0047,0.0,0.000184,0.0,0.000061,0.0,-0.000061,0.0,-0.000184,0.0,0.0,0.0,0.00426,
0.0,-0.009734,0.887748,-0.000066,0.0,1.570796,0.0,0.061512,-0.042843,0.0,0.0,0.0,-0.105373,-0.024354,0.000397,0.183348,-0.040013,0.02411,-0.083034,0.025331,0.009735,0.140195,-0.027651,-0.023866,-0.130529,0.174482,-0.0,-0.082454,-0.0,0.0,0.0,-0.139124,-0.174482,-0.0,-0.021287,0.0,0.0,0.0,0.0,0.0,-0.0,0.0,0.0,0.0,-0.0,0.0,-0.0,0.001953,-0.0047,0.0,0.000184,0.0,0.000061,0.0,-0.000061,0.0,-0.000184,0.0,-0.0,0.0,0.002869,
-0.0,-0.009118,0.887319,-0.000066,0.0,1.570796,-0.0,0.061512,-0.042843,0.0,0.0,0.0,-0.118081,-0.024354,0.001111,0.209353,-0.048163,0.02411,-0.082338,0.025331,0.009461,0.140121,-0.028749,-0.023866,-0.130602,0.174482,-0.0,-0.083352,0.0,0.0,0.0,-0.139363,-0.174482,0.0,-0.020985,0.0,0.0,0.0,0.0,0.0,-0.0,-0.0,-0.0,0.0,-0.0,0.0,-0.0,0.001953,-0.0047,0.0,0.000184,0.0,0.000061,0.0,-0.000061,0.0,-0.000184,0.0,0.0,0.0,0.001477,
0.0,-0.008462,0.886868,-0.000066,0.0,1.570796,0.0,0.065645,-0.045124,0.0,0.0,0.0,-0.131779,-0.024354,0.001672,0.23739,-0.056351,0.024119,-0.081586,0.025331,0.009174,0.140048,-0.029946,-0.023897,-0.130676,0.174482,0.0,-0.08436,-0.0,0.0,0.0,-0.139699,-0.174482,-0.0,-0.020683,0.0,0.0,0.0,0.0,0.0,0.0,0.0,0.0,0.0,0.0,0.0,0.0,0.001953,-0.0047,0.0,0.000184,0.0,0.000061,0.0,-0.000061,0.0,-0.000184,0.0,0.0,0.0,0.000073,
-0.0,-0.007723,0.886371,-0.000066,0.0,1.570796,-0.0,0.073915,-0.049685,0.0,0.0,0.0,-0.147463,-0.024354,0.001929,0.269517,-0.064614,0.024147,-0.080725,0.025331,0.008863,0.139974,-0.031338,-0.023988,-0.130749,0.174482,0.0,-0.085588,-0.0,0.0,0.0,-0.140231,-0.174482,-0.0,-0.020381,0.0,0.0,0.0,0.0,0.0,0.0,0.0,0.0,0.0,-0.0,0.0,0.0,0.001953,-0.0047,0.0,0.000184,0.0,0.000061,0.0,-0.000061,0.0,-0.000184,0.0,0.0,0.0,-0.001355,
0.0,-0.006984,0.885874,-0.000066,0.0,1.570796,0.0,0.073914,-0.049685,0.0,0.0,0.0,-0.163148,-0.024354,0.002185,0.301649,-0.072877,0.024174,-0.079864,0.025331,0.008551,0.139901,-0.032729,-0.02408,-0.130822,0.174482,0.0,-0.086816,0.0,0.0,0.0,-0.140764,-0.174482,0.0,-0.020078,0.0,0.0,0.0,-0.0,0.0,0.0,0.0,0.0,0.0,0.0,0.0,-0.0,0.001953,-0.0047,0.0,0.000184,0.0,0.000061,0.0,-0.000061,0.0,-0.000184,0.0,0.0,0.0,-0.002783,
0.0,-0.006245,0.885377,-0.000066,0.0,1.570796,0.0,0.073914,-0.049693,0.0,0.0,0.0,-0.178831,-0.024354,0.002441,0.333769,-0.08114,0.024202,-0.079003,0.025331,0.00824,0.139828,-0.034121,-0.024171,-0.130896,0.174482,-0.0,-0.088044,-0.0,0.0,0.0,-0.141296,-0.174482,0.0,-0.019776,0.0,-0.0,0.0,0.0,0.0,-0.0,0.0,-0.0,0.0,-0.0,-0.0,0.0,0.001953,-0.0047,0.0,0.000184,0.0,0.000061,0.0,-0.000061,0.0,-0.000184,0.0,0.0,0.0,-0.004211,
0.0,-0.005073,0.885114,-0.000066,0.0,1.570796,0.0,0.117159,-0.026291,0.0,0.0,0.0,-0.189412,-0.024483,0.002441,0.357005,-0.084128,0.024229,-0.077665,0.025331,0.008112,0.139828,-0.036099,-0.02418,-0.129942,0.174482,0.0,-0.088209,0.0,0.0,0.0,-0.141443,-0.174482,0.0,-0.019648,0.0,0.0,0.0,-0.0,0.0,-0.0,0.0,-0.0,0.0,0.0,0.0,-0.0,0.001953,-0.0047,0.0,0.000184,0.0,0.000061,0.0,-0.000061,0.0,-0.000184,0.0,0.0,0.0,-0.005054,
0.0,-0.003901,0.884851,-0.000066,0.0,1.570796,0.0,0.117162,-0.026291,0.0,0.0,0.0,-0.199992,-0.024611,0.002441,0.380245,-0.087115,0.024257,-0.076327,0.025331,0.007984,0.139828,-0.038077,-0.02419,-0.128987,0.174482,-0.0,-0.088374,0.0,0.0,0.0,-0.14159,-0.174482,0.0,-0.01952,0.0,0.0,0.0,0.0,0.0,-0.0,0.0,0.0,0.0,0.0,0.0,0.0,0.001953,-0.0047,0.0,0.000184,0.0,0.000061,0.0,-0.000061,0.0,-0.000184,0.0,0.0,0.0,-0.005896,
0.0,-0.00273,0.884588,-0.000066,0.0,1.570796,-0.0,0.117162,-0.026298,0.0,0.0,0.0,-0.210572,-0.024739,0.002441,0.403483,-0.090103,0.024284,-0.074989,0.025331,0.007855,0.139828,-0.040055,-0.024199,-0.128033,0.174482,0.0,-0.088539,-0.0,0.0,0.0,-0.141737,-0.174482,-0.0,-0.019392,0.0,0.0,0.0,0.0,0.0,-0.0,0.0,0.0,-0.0,-0.0,0.0,0.0,0.001953,-0.0047,0.0,0.000184,0.0,0.000061,0.0,-0.000061,0.0,-0.000184,0.0,0.0,0.0,-0.006738,
0.0,-0.001302,0.884454,-0.000066,0.0,1.570796,0.0,0.142821,-0.013418,0.0,0.0,0.0,-0.222494,-0.024904,0.002338,0.428051,-0.090427,0.024245,-0.073359,0.025331,0.007813,0.139828,-0.042143,-0.024208,-0.126627,0.174482,0.0,-0.087958,-0.0,0.0,0.0,-0.141786,-0.174482,0.0,-0.019349,0.0,-0.0,-0.0,0.0,0.0,-0.0,0.0,0.0,0.0,0.0,0.0,-0.0,0.001953,-0.0047,0.0,0.000184,0.0,0.000061,0.0,-0.000061,0.0,-0.000184,0.0,0.0,0.0,-0.007117,
0.0,0.000255,0.884384,-0.000066,0.0,1.570796,0.0,0.155655,-0.006978,0.0,0.0,0.0,-0.235088,-0.025087,0.002182,0.453292,-0.089419,0.024171,-0.071581,0.025331,0.007813,0.139828,-0.044286,-0.024217,-0.124994,0.174482,0.0,-0.087005,0.0,0.0,0.0,-0.141786,-0.174482,0.0,-0.019349,0.0,0.0,0.0,0.0,0.0,0.0,0.0,0.0,0.0,0.0,0.0,0.0,0.001953,-0.0047,0.0,0.000184,0.0,0.000061,0.0,-0.000061,0.0,-0.000184,0.0,0.0,0.0,-0.007263,
0.0,0.001812,0.884315,-0.000066,0.0,1.570796,0.0,0.155657,-0.006978,0.0,0.0,0.0,-0.247682,-0.02527,0.002026,0.478534,-0.08841,0.024098,-0.069804,0.025331,0.007813,0.139828,-0.046429,-0.024226,-0.123361,0.174482,0.0,-0.086052,0.0,0.0,0.0,-0.141786,-0.174482,0.0,-0.019349,0.0,0.0,0.0,0.0,0.0,0.0,0.0,0.0,0.0,-0.0,0.0,-0.0,0.001953,-0.0047,0.0,0.000184,0.0,0.000061,-0.0,-0.000061,-0.0,-0.000184,0.0,0.0,0.0,-0.00741,
0.0,0.003495,0.884293,-0.000066,0.0,1.570796,0.0,0.168341,-0.002163,0.0,0.0,0.0,-0.26165,-0.025478,0.001871,0.505006,-0.087616,0.024006,-0.067886,0.025331,0.007813,0.139828,-0.048572,-0.024235,-0.121569,0.174482,0.0,-0.0848,0.0,0.0,0.0,-0.141786,-0.174482,-0.0,-0.019428,0.0,0.0,0.0,0.0,0.0,-0.0,0.0,-0.0,-0.0,-0.0,0.0,0.0,0.001953,-0.0047,0.0,0.000184,0.0,0.000061,0.0,-0.000061,0.0,-0.000184,0.0,0.0,0.0,-0.007367,
0.0,0.005432,0.884368,-0.000066,0.0,1.570796,0.0,0.193722,0.007467,0.0,0.0,0.0,-0.278372,-0.025734,0.001715,0.53396,-0.08725,0.023878,-0.065688,0.025331,0.007813,0.139828,-0.050715,-0.024244,-0.11946,0.174482,0.0,-0.082949,0.0,0.0,0.0,-0.141786,-0.174482,0.0,-0.019666,0.0,0.0,0.0,0.0,0.0,0.0,0.0,-0.0,0.0,0.0,-0.0,0.0,0.001953,-0.0047,0.0,0.000184,0.0,0.000061,0.0,-0.000061,0.0,-0.000184,0.0,0.0,0.0,-0.006946,
0.0,0.007369,0.884442,-0.000066,0.0,1.570796,0.0,0.193721,0.007467,0.0,0.0,0.0,-0.295095,-0.02599,0.00156,0.562918,-0.086883,0.02375,-0.063489,0.025331,0.007813,0.139828,-0.052858,-0.024254,-0.11735,0.174482,0.0,-0.081098,0.0,0.0,0.0,-0.141786,-0.174482,0.0,-0.019904,0.0,-0.0,0.0,0.0,0.0,-0.0,0.0,-0.0,0.0,-0.0,-0.0,-0.0,0.001953,-0.0047,0.0,0.000184,0.0,0.000061,0.0,-0.000061,0.0,-0.000184,0.0,-0.0,0.0,-0.006525,
0.0,0.009307,0.884517,-0.000066,0.0,1.570796,0.0,0.193722,0.007467,0.0,0.0,0.0,-0.311817,-0.026247,0.001404,0.591869,-0.086516,0.023622,-0.061291,0.025331,0.007813,0.139828,-0.055001,-0.024263,-0.115241,0.174482,0.0,-0.079247,-0.0,0.0,0.0,-0.141786,-0.174482,-0.0,-0.020143,0.0,0.0,-0.0,0.0,0.0,-0.0,0.0,0.0,0.0,-0.0,0.0,0.0,0.001953,-0.0047,0.0,0.000184,0.0,0.000061,0.0,-0.000061,0.0,-0.000184,0.0,-0.0,0.0,-0.006104,
0.0,0.011513,0.884583,-0.000066,0.0,1.570796,0.0,0.220649,0.006629,0.0,0.0,0.0,-0.328351,-0.026485,0.001404,0.616474,-0.08714,0.023494,-0.058781,0.025331,0.007813,0.139828,-0.057016,-0.024272,-0.113242,0.174482,0.0,-0.07725,0.0,0.0,0.0,-0.141969,-0.174482,-0.0,-0.020307,0.0,0.0,0.0,0.0,0.0,-0.0,0.0,-0.0,0.0,-0.0,0.0,0.0,0.001953,-0.0047,0.0,0.000184,0.0,0.000061,0.0,-0.000061,0.0,-0.000184,0.0,0.0,0.0,-0.005756,
0.0,0.01372,0.88465,-0.000066,0.0,1.570796,0.0,0.220651,0.006629,0.0,0.0,0.0,-0.344887,-0.026723,0.001404,0.641083,-0.087763,0.023366,-0.056272,0.025331,0.007813,0.139828,-0.059031,-0.024281,-0.111243,0.174482,0.0,-0.075252,0.0,0.0,0.0,-0.142153,-0.174482,-0.0,-0.020472,-0.0,0.0,0.0,-0.0,0.0,0.0,-0.0,-0.0,0.0,-0.0,0.0,-0.0,0.001953,-0.0047,0.0,0.000184,0.0,0.000061,-0.0,-0.000061,-0.0,-0.000184,0.0,-0.0,0.0,-0.005408,
-0.0,0.015926,0.884716,-0.000066,0.0,1.570796,-0.0,0.220651,0.006629,0.0,0.0,0.0,-0.361422,-0.026961,0.001404,0.66569,-0.088386,0.023237,-0.053762,0.025331,0.007813,0.139828,-0.061046,-0.02429,-0.109244,0.174482,-0.0,-0.073255,0.0,0.0,0.0,-0.142336,-0.174482,0.0,-0.020637,0.0,0.0,0.0,-0.0,0.0,0.0,-0.0,0.0,0.0,0.0,0.0,0.0,0.001953,-0.0047,0.0,0.000184,-0.0,0.000061,0.0,-0.000061,0.0,-0.000184,0.0,-0.0,0.0,-0.00506,
0.0,0.018298,0.884687,-0.000066,0.0,1.570796,0.0,0.237145,-0.002853,0.0,0.0,0.0,-0.370264,-0.02704,0.001404,0.673182,-0.088349,0.023195,-0.051057,0.025331,0.007752,0.139828,-0.062695,-0.024299,-0.107502,0.174482,0.0,-0.07149,0.0,0.0,0.0,-0.142875,-0.174482,0.0,-0.020851,0.0,0.0,0.0,0.0,0.0,-0.0,0.0,0.0,-0.0,-0.0,0.0,-0.0,0.001953,-0.0047,0.0,0.000184,0.0,0.000061,0.0,-0.000061,0.0,-0.000184,0.0,0.0,0.0,-0.004712,
0.0,0.020752,0.884611,-0.000066,0.0,1.570796,-0.0,0.245391,-0.00759,0.0,0.0,0.0,-0.375259,-0.02704,0.001404,0.672115,-0.087983,0.023195,-0.048255,0.025331,0.00766,0.139828,-0.064161,-0.024309,-0.105888,0.174482,0.0,-0.069841,0.0,0.0,0.0,-0.143591,-0.174482,0.0,-0.021089,0.0,0.0,0.0,-0.0,0.0,-0.0,0.0,0.0,0.0,-0.0,0.0,-0.0,0.001953,-0.0047,0.0,0.000184,-0.0,0.000061,0.0,-0.000061,0.0,-0.000184,0.0,0.0,0.0,-0.004364,
0.0,0.023205,0.884536,-0.000066,0.0,1.570796,0.0,0.245391,-0.00759,0.0,0.0,0.0,-0.380254,-0.02704,0.001404,0.671049,-0.087616,0.023195,-0.045452,0.025331,0.007569,0.139828,-0.065626,-0.024318,-0.104274,0.174482,-0.0,-0.068192,0.0,0.0,0.0,-0.144307,-0.174482,-0.0,-0.021327,0.0,0.0,0.0,0.0,0.0,0.0,0.0,0.0,0.0,0.0,0.0,0.0,0.001953,-0.0047,0.0,0.000184,0.0,0.000061,0.0,-0.000061,0.0,-0.000184,0.0,0.0,0.0,-0.004016,
0.0,0.025751,0.884403,-0.000066,0.0,1.570796,0.0,0.254561,-0.013251,0.0,0.0,0.0,-0.384828,-0.026998,0.00144,0.668402,-0.087158,0.023195,-0.04254,0.025307,0.007459,0.139828,-0.067141,-0.024327,-0.102807,0.174482,0.0,-0.066695,0.0,0.0,0.0,-0.145261,-0.174482,0.0,-0.021607,0.0,0.0,0.0,0.0,0.0,-0.0,0.0,0.0,0.0,-0.0,0.0,0.0,0.001953,-0.0047,0.0,0.000184,0.0,0.000061,0.0,-0.000061,0.0,-0.000184,0.0,0.0,0.0,-0.003711,
0.0,0.02848,0.884157,-0.000066,0.0,1.570796,0.0,0.27291,-0.024571,0.0,0.0,0.0,-0.388561,-0.026869,0.00155,0.662595,-0.086517,0.023195,-0.039408,0.025233,0.007312,0.139828,-0.068753,-0.024336,-0.101634,0.174482,-0.0,-0.065505,0.0,0.0,0.0,-0.146694,-0.174482,0.0,-0.021974,-0.0,0.0,0.0,-0.0,0.0,0.0,-0.0,0.0,0.0,0.0,-0.0,0.0,0.001953,-0.0047,0.0,0.000184,0.0,0.000061,0.0,-0.000061,0.0,-0.000184,0.0,0.0,0.0,-0.003491,
0.0,0.031209,0.883912,-0.000066,0.0,1.570796,0.0,0.27291,-0.024571,0.0,0.0,0.0,-0.392294,-0.026741,0.00166,0.656788,-0.085875,0.023195,-0.036277,0.02516,0.007166,0.139828,-0.070366,-0.024345,-0.10046,0.174482,-0.0,-0.064314,0.0,0.0,0.0,-0.148126,-0.174482,0.0,-0.02234,0.0,0.0,0.0,0.0,0.0,0.0,0.0,0.0,0.0,0.0,0.0,0.0,0.001953,-0.0047,0.0,0.000184,-0.0,0.000061,0.0,-0.000061,-0.0,-0.000184,0.0,0.0,0.0,-0.003272,
0.0,0.033938,0.883666,-0.000066,0.0,1.570796,-0.0,0.27291,-0.024579,0.0,0.0,0.0,-0.396027,-0.026613,0.00177,0.65098,-0.085234,0.023195,-0.033145,0.025087,0.007019,0.139828,-0.071978,-0.024354,-0.099287,0.174482,0.0,-0.063123,0.0,0.0,-0.0,-0.149558,-0.174482,0.0,-0.022706,0.0,0.0,0.0,-0.0,0.0,0.0,0.0,-0.0,0.0,-0.0,0.0,0.0,0.001953,-0.0047,0.0,0.000184,0.0,0.000061,0.0,-0.000061,0.0,-0.000184,0.0,0.0,0.0,-0.003052,
0.0,0.036922,0.883298,-0.000066,0.0,1.570796,0.0,0.298355,-0.036746,0.0,0.0,0.0,-0.398624,-0.026485,0.00188,0.641459,-0.083639,0.023304,-0.034848,0.025087,0.006781,0.149726,-0.078612,-0.024391,-0.098535,0.174482,0.0,-0.062372,0.0,0.0,0.0,-0.151615,-0.174482,0.0,-0.023732,0.0,0.0,0.0,0.0,0.0,0.0,0.0,-0.0,0.0,-0.0,0.0,-0.0,0.001953,-0.0047,0.0,0.000184,0.0,0.000061,0.0,-0.000061,0.0,-0.000184,0.0,0.0,0.0,-0.003381,
0.0,0.039905,0.882931,-0.000066,0.0,1.570796,0.0,0.298362,-0.036746,0.0,0.0,0.0,-0.401222,-0.026357,0.00199,0.631937,-0.082045,0.023414,-0.036551,0.025087,0.006543,0.159627,-0.085246,-0.024428,-0.097784,0.174482,0.0,-0.061621,0.0,0.0,0.0,-0.153671,-0.174482,0.0,-0.024757,-0.0,0.0,0.0,-0.0,0.0,0.0,0.0,-0.0,0.0,-0.0,0.0,-0.0,0.001953,-0.0047,0.0,0.000184,0.0,0.000061,0.0,-0.000061,0.0,-0.000184,0.0,-0.0,0.0,-0.003711,
0.0,0.042889,0.882563,-0.000066,0.0,1.570796,0.0,0.298358,-0.036746,0.0,0.0,0.0,-0.403819,-0.026228,0.0021,0.622415,-0.08045,0.023524,-0.038254,0.025087,0.006305,0.169527,-0.091881,-0.024464,-0.097032,0.174482,0.0,-0.060869,0.0,0.0,-0.0,-0.155728,-0.174482,0.0,-0.025783,0.0,0.0,0.0,-0.0,0.0,-0.0,0.0,-0.0,0.0,-0.0,0.0,-0.0,0.001953,-0.0047,0.0,0.000184,0.0,0.000061,0.0,-0.000061,0.0,-0.000184,0.0,-0.0,0.0,-0.004041,
0.0,0.046052,0.882165,-0.000066,0.0,1.570796,0.0,0.316332,-0.039797,0.0,0.0,0.0,-0.405831,-0.026116,0.002136,0.611243,-0.077146,0.023561,-0.039408,0.025087,0.0061,0.178786,-0.098309,-0.024501,-0.096256,0.174482,0.0,-0.060118,0.0,0.0,0.0,-0.157859,-0.174482,0.0,-0.027577,0.0,0.0,0.0,0.0,0.0,0.0,0.0,0.0,0.0,0.0,0.0,0.0,0.001953,-0.0047,0.0,0.000184,0.0,0.000061,0.0,-0.000061,0.0,-0.000184,0.0,0.0,0.0,-0.004419,
0.0,0.049306,0.881752,-0.000066,0.0,1.570796,0.0,0.325323,-0.04133,0.0,0.0,0.0,-0.407551,-0.026013,0.002136,0.599246,-0.072987,0.023561,-0.040287,0.025087,0.00591,0.187724,-0.104635,-0.024537,-0.095468,0.174482,-0.0,-0.059367,-0.0,0.0,0.0,-0.160027,-0.174482,0.0,-0.029756,0.0,0.0,0.0,0.0,0.0,0.0,0.0,-0.0,0.0,0.0,0.0,-0.0,0.001953,-0.0047,0.0,0.000184,0.0,0.000061,0.0,-0.000061,0.0,-0.000184,0.0,0.0,0.0,-0.004822,
0.0,0.052559,0.881339,-0.000066,0.0,1.570796,0.0,0.325322,-0.041322,0.0,0.0,0.0,-0.409272,-0.025909,0.002136,0.587248,-0.068827,0.023561,-0.041166,0.025087,0.005721,0.196663,-0.110962,-0.024574,-0.094679,0.174482,0.0,-0.058616,0.0,0.0,0.0,-0.162194,-0.174482,0.0,-0.031936,0.0,0.0,0.0,0.0,0.0,-0.0,0.0,0.0,0.0,-0.0,0.0,0.0,0.001953,-0.0047,0.0,0.000184,0.0,0.000061,0.0,-0.000061,0.0,-0.000184,0.0,0.0,0.0,-0.005225,
0.0,0.055919,0.880919,-0.000066,0.0,1.570796,0.0,0.335979,-0.041955,0.0,0.0,0.0,-0.410693,-0.025805,0.002136,0.574724,-0.064522,0.023561,-0.041752,0.025111,0.005532,0.205311,-0.117258,-0.024603,-0.093842,0.174482,0.0,-0.05781,0.0,-0.0,0.0,-0.164619,-0.174482,0.0,-0.034048,-0.0,0.0,0.0,-0.0,-0.0,-0.0,0.0,0.0,0.0,0.0,0.0,-0.0,0.001953,-0.0047,0.0,0.000184,0.0,0.000061,0.0,-0.000061,-0.0,-0.000184,0.0,-0.0,0.0,-0.005585,
0.0,0.059492,0.880487,-0.000066,0.0,1.570796,0.0,0.357301,-0.043204,0.0,0.0,0.0,-0.411516,-0.025701,0.002136,0.561145,-0.059924,0.023561,-0.041752,0.025185,0.005343,0.213379,-0.123496,-0.024618,-0.092907,0.174482,-0.0,-0.056894,-0.0,0.0,-0.0,-0.16756,-0.174482,0.0,-0.036026,0.0,0.0,0.0,0.0,0.0,-0.0,0.0,0.0,0.0,0.0,0.0,0.0,0.001953,-0.0047,0.0,0.000184,0.0,0.000061,0.0,-0.000061,0.0,-0.000184,0.0,0.0,0.0,-0.00586,
0.0,0.063065,0.880055,-0.000066,0.0,1.570796,0.0,0.357301,-0.043204,0.0,0.0,0.0,-0.412339,-0.025598,0.002136,0.547567,-0.055326,0.023561,-0.041752,0.025258,0.005154,0.221446,-0.129734,-0.024633,-0.091973,0.174482,-0.0,-0.055978,0.0,0.0,0.0,-0.1705,-0.174482,0.0,-0.038004,0.0,0.0,0.0,0.0,0.0,0.0,0.0,0.0,0.0,0.0,0.0,-0.0,0.001953,-0.0047,0.0,0.000184,0.0,0.000061,0.0,-0.000061,0.0,-0.000184,0.0,-0.0,0.0,-0.006134,
0.0,0.066638,0.879623,-0.000066,0.0,1.570796,0.0,0.357305,-0.043197,0.0,0.0,0.0,-0.413162,-0.025494,0.002136,0.533988,-0.050728,0.023561,-0.041752,0.025331,0.004964,0.229513,-0.135972,-0.024647,-0.091038,0.174482,-0.0,-0.055062,0.0,-0.0,0.0,-0.17344,-0.174482,0.0,-0.039982,0.0,0.0,0.0,0.0,-0.0,0.0,0.0,-0.0,0.0,0.0,0.0,-0.0,0.001953,-0.0047,0.0,0.000184,0.0,0.000061,0.0,-0.000061,0.0,-0.000184,0.0,-0.0,0.0,-0.006409,
0.0,0.070454,0.879219,-0.000066,0.0,1.570796,0.0,0.381677,-0.040403,0.0,0.0,0.0,-0.412564,-0.02539,0.00221,0.518362,-0.046662,0.023561,-0.041148,0.025331,0.004775,0.23691,-0.141793,-0.024662,-0.090066,0.174482,0.0,-0.054018,-0.0,0.0,0.0,-0.176896,-0.174482,0.0,-0.042619,0.0,0.0,0.0,0.0,0.0,-0.0,0.0,0.0,0.0,-0.0,0.0,0.0,0.001953,-0.0047,0.0,0.000184,-0.0,0.000061,0.0,-0.000061,0.0,-0.000184,0.0,0.0,0.0,-0.006409,
0.0,0.074271,0.878815,-0.000066,0.0,1.570796,0.0,0.38168,-0.040395,0.0,0.0,0.0,-0.411965,-0.025286,0.002283,0.502735,-0.042596,0.023561,-0.040544,0.025331,0.004586,0.244307,-0.147613,-0.024677,-0.089095,0.174482,0.0,-0.052974,0.0,0.0,0.0,-0.180353,-0.174482,0.0,-0.045257,0.0,0.0,0.0,0.0,0.0,-0.0,0.0,-0.0,0.0,-0.0,0.0,0.0,0.001953,-0.0047,0.0,0.000184,-0.0,0.000061,0.0,-0.000061,-0.0,-0.000184,0.0,0.0,0.0,-0.006409,
0.0,0.078088,0.878411,-0.000066,0.0,1.570796,0.0,0.381679,-0.040395,0.0,0.0,0.0,-0.411366,-0.025183,0.002356,0.487108,-0.038529,0.023561,-0.039939,0.025331,0.004397,0.251704,-0.153433,-0.024691,-0.088123,0.174482,0.0,-0.05193,-0.0,0.0,0.0,-0.183809,-0.174482,0.0,-0.047894,0.0,0.0,0.0,0.0,0.0,-0.0,0.0,-0.0,0.0,-0.0,0.0,-0.0,0.001953,-0.0047,0.0,0.000184,0.0,0.000061,0.0,-0.000061,0.0,-0.000184,0.0,0.0,0.0,-0.006409,
0.0,0.082244,0.877997,-0.000066,0.0,1.570796,0.0,0.415548,-0.041423,0.0,0.0,0.0,-0.409609,-0.025075,0.002454,0.470525,-0.036539,0.023622,-0.039408,0.025331,0.004236,0.260033,-0.159072,-0.024706,-0.086737,0.174482,-0.0,-0.050703,0.0,0.0,0.0,-0.187193,-0.174482,0.0,-0.050715,0.0,0.0,0.0,-0.0,0.0,0.0,0.0,-0.0,0.0,-0.0,0.0,0.0,0.001953,-0.0047,0.0,0.000184,0.0,0.000061,0.0,-0.000061,0.0,-0.000184,0.0,-0.0,0.0,-0.006214,
0.0,0.086568,0.877578,-0.000066,0.0,1.570796,0.0,0.432489,-0.041925,0.0,0.0,0.0,-0.407272,-0.024965,0.002564,0.45346,-0.035587,0.023713,-0.038914,0.025331,0.004089,0.268828,-0.164621,-0.024721,-0.085142,0.174482,-0.0,-0.049384,0.0,0.0,0.0,-0.190541,-0.174482,0.0,-0.053627,0.0,0.0,0.0,-0.0,0.0,-0.0,0.0,0.0,0.0,0.0,0.0,0.0,0.001953,-0.0047,0.0,0.000184,0.0,0.000061,0.0,-0.000061,0.0,-0.000184,0.0,-0.0,0.0,-0.005921,
0.0,0.090893,0.877159,-0.000066,0.0,1.570796,0.0,0.432489,-0.041933,0.0,0.0,0.0,-0.404935,-0.024855,0.002673,0.436396,-0.034634,0.023805,-0.038419,0.025331,0.003943,0.277624,-0.170169,-0.024735,-0.083548,0.174482,0.0,-0.048065,0.0,0.0,0.0,-0.193889,-0.174482,0.0,-0.05654,0.0,0.0,0.0,-0.0,0.0,-0.0,0.0,-0.0,0.0,0.0,0.0,-0.0,0.001953,-0.0047,0.0,0.000184,0.0,0.000061,0.0,-0.000061,0.0,-0.000184,0.0,0.0,0.0,-0.005628,
0.0,0.095429,0.876731,-0.000066,0.0,1.570796,0.0,0.453612,-0.042771,0.0,0.0,0.0,-0.402337,-0.024745,0.002799,0.419784,-0.034506,0.023897,-0.036906,0.025331,0.003821,0.284925,-0.175248,-0.02475,-0.081672,0.174482,-0.0,-0.046649,0.0,0.0,0.0,-0.197182,-0.174482,0.0,-0.059507,0.0,0.0,0.0,-0.0,0.0,0.0,0.0,-0.0,0.0,-0.0,0.0,-0.0,0.001953,-0.0047,0.0,0.000184,0.0,0.000061,0.0,-0.000061,0.0,-0.000184,0.0,0.0,0.0,-0.005274,
0.0,0.100388,0.876286,-0.000066,0.0,1.570796,0.0,0.495887,-0.044447,0.0,0.0,0.0,-0.399217,-0.024635,0.002954,0.404072,-0.036026,0.023988,-0.033353,0.025331,0.003748,0.289237,-0.179385,-0.024765,-0.079235,0.174482,0.0,-0.045037,0.0,0.0,0.0,-0.200366,-0.174482,0.0,-0.062585,0.0,0.0,0.0,0.0,0.0,0.0,0.0,0.0,0.0,0.0,0.0,0.0,0.001953,-0.0047,0.0,0.000184,0.0,0.000061,0.0,-0.000061,-0.0,-0.000184,0.0,0.0,0.0,-0.004798,
0.0,0.105347,0.875842,-0.000066,0.0,1.570796,0.0,0.49588,-0.044454,0.0,0.0,0.0,-0.396098,-0.024525,0.00311,0.38836,-0.037546,0.02408,-0.0298,0.025331,0.003674,0.293549,-0.183522,-0.024779,-0.076798,0.174482,0.0,-0.043425,-0.0,0.0,0.0,-0.20355,-0.174482,0.0,-0.065663,0.0,0.0,0.0,0.0,0.0,0.0,0.0,0.0,0.0,0.0,0.0,0.0,0.001953,-0.0047,0.0,0.000184,0.0,0.000061,0.0,-0.000061,0.0,-0.000184,0.0,0.0,0.0,-0.004321,
0.0,0.110306,0.875397,-0.000066,0.0,1.570796,0.0,0.49588,-0.044447,0.0,0.0,0.0,-0.392978,-0.024415,0.003265,0.372649,-0.039066,0.024171,-0.026247,0.025331,0.003601,0.297861,-0.187658,-0.024794,-0.07436,0.174482,0.0,-0.041814,-0.0,0.0,0.0,-0.206734,-0.174482,0.0,-0.068741,0.0,0.0,0.0,0.0,0.0,0.0,0.0,0.0,0.0,0.0,0.0,0.0,0.001953,-0.0047,0.0,0.000184,0.0,0.000061,0.0,-0.000061,0.0,-0.000184,0.0,0.0,0.0,-0.003845,
0.0,0.115812,0.874938,-0.000066,0.0,1.570796,0.0,0.550587,-0.045946,0.0,0.0,0.0,-0.395667,-0.024415,0.003421,0.371194,-0.043223,0.024182,-0.021321,0.025331,0.003528,0.300788,-0.19132,-0.024809,-0.071374,0.174482,0.0,-0.040129,-0.0,0.0,0.0,-0.21003,-0.174482,0.0,-0.072112,0.0,0.0,0.0,0.0,0.0,-0.0,0.0,-0.0,0.0,-0.0,0.0,-0.0,0.001953,-0.0047,0.0,0.000184,0.0,0.000061,0.0,-0.000061,0.0,-0.000184,0.0,0.0,0.0,-0.003443,
0.0,0.121318,0.874479,-0.000066,0.0,1.570796,-0.0,0.550592,-0.045946,0.0,0.0,0.0,-0.398357,-0.024415,0.003577,0.369741,-0.047381,0.024192,-0.016395,0.025331,0.003455,0.303715,-0.194981,-0.024823,-0.068388,0.174482,0.0,-0.038444,-0.0,0.0,0.0,-0.213326,-0.174482,-0.0,-0.075484,0.0,0.0,0.0,0.0,0.0,0.0,0.0,0.0,0.0,0.0,0.0,0.0,0.001953,-0.0047,0.0,0.000184,0.0,0.000061,-0.0,-0.000061,0.0,-0.000184,0.0,0.0,0.0,-0.00304,
0.0,0.126824,0.874019,-0.000066,0.0,1.570796,0.0,0.550592,-0.045946,0.0,0.0,0.0,-0.401047,-0.024415,0.003732,0.368288,-0.051539,0.024203,-0.01147,0.025331,0.003381,0.306641,-0.198642,-0.024838,-0.065401,0.174482,0.0,-0.036759,0.0,0.0,0.0,-0.216622,-0.174482,0.0,-0.078856,0.0,0.0,0.0,0.0,0.0,0.0,0.0,0.0,0.0,0.0,0.0,0.0,0.001953,-0.0047,0.0,0.000184,0.0,0.000061,0.0,-0.000061,0.0,-0.000184,0.0,0.0,0.0,-0.002637,
0.0,0.132734,0.873607,-0.000066,0.0,1.570796,0.0,0.591063,-0.04119,0.0,0.0,0.0,-0.403501,-0.024379,0.003845,0.369207,-0.054824,0.024213,-0.007386,0.025392,0.003357,0.312191,-0.201936,-0.024867,-0.061731,0.174482,0.0,-0.034708,0.0,0.0,0.0,-0.219416,-0.174482,0.0,-0.081666,0.0,0.0,0.0,-0.0,0.0,0.0,-0.0,0.0,0.0,-0.0,0.0,-0.0,0.001953,-0.0047,0.0,0.000184,0.0,0.000061,0.0,-0.000061,0.0,-0.000184,-0.0,0.0,0.0,-0.0021,
0.0,0.138847,0.873219,-0.000066,0.0,1.570796,0.0,0.61131,-0.038808,0.0,0.0,0.0,-0.405838,-0.024324,0.003937,0.371312,-0.057673,0.024224,-0.003724,0.025484,0.003357,0.319054,-0.205047,-0.024904,-0.057719,0.174482,0.0,-0.032473,0.0,0.0,0.0,-0.221959,-0.174482,0.0,-0.084195,0.0,0.0,0.0,0.0,0.0,0.0,0.0,0.0,0.0,0.0,0.0,-0.0,0.001953,-0.0047,-0.0,0.000184,0.0,0.000061,0.0,-0.000061,0.0,-0.000184,0.0,-0.0,0.0,-0.001495,
0.0,0.144961,0.872831,-0.000066,0.0,1.570796,0.0,0.611318,-0.038808,0.0,0.0,0.0,-0.408175,-0.024269,0.004028,0.373417,-0.060522,0.024234,-0.000061,0.025575,0.003357,0.325916,-0.208158,-0.02494,-0.053707,0.174482,-0.0,-0.030239,0.0,0.0,0.0,-0.224501,-0.174482,0.0,-0.086724,0.0,0.0,0.0,-0.0,0.0,0.0,0.0,0.0,0.0,-0.0,0.0,-0.0,0.001953,-0.0047,0.0,0.000184,0.0,0.000061,0.0,-0.000061,0.0,-0.000184,0.0,0.0,0.0,-0.000891,
0.0,0.151308,0.872477,-0.000066,0.0,1.570796,-0.0,0.634785,-0.035374,0.0,0.0,0.0,-0.409297,-0.024232,0.00412,0.374927,-0.06337,0.024244,0.004052,0.025636,0.003357,0.332491,-0.210705,-0.024977,-0.049324,0.174482,0.0,-0.027785,-0.0,0.0,0.0,-0.2267,-0.174482,0.0,-0.08893,0.0,0.0,0.0,0.0,0.0,-0.0,0.0,0.0,0.0,-0.0,0.0,0.0,0.001953,-0.0047,0.0,0.000184,0.0,0.000061,-0.0,-0.000061,0.0,-0.000184,0.0,0.0,0.0,-0.000177,
0.0,0.158126,0.872192,-0.000066,0.0,1.570796,0.0,0.68176,-0.028512,0.0,0.0,0.0,-0.407988,-0.024232,0.004212,0.375244,-0.066219,0.024255,0.00907,0.025636,0.003357,0.338492,-0.212123,-0.025014,-0.044195,0.174482,0.0,-0.024892,0.0,0.0,0.0,-0.228212,-0.174482,0.0,-0.090488,0.0,0.0,0.0,0.0,0.0,-0.0,0.0,0.0,0.0,0.0,0.0,0.0,0.001953,-0.0047,0.0,0.000184,0.0,0.000061,0.0,-0.000061,0.0,-0.000184,0.0,0.0,0.0,0.000757,
0.0,0.164944,0.871907,-0.000066,0.0,1.570796,0.0,0.68176,-0.028504,0.0,0.0,0.0,-0.406679,-0.024232,0.004303,0.375561,-0.069068,0.024265,0.014087,0.025636,0.003357,0.344494,-0.213541,-0.02505,-0.039067,0.174482,-0.0,-0.021999,-0.0,0.0,0.0,-0.229723,-0.174482,-0.0,-0.092046,0.0,0.0,0.0,0.0,0.0,0.0,0.0,0.0,0.0,0.0,0.0,-0.0,0.001953,-0.0047,0.0,0.000184,0.0,0.000061,0.0,-0.000061,0.0,-0.000184,0.0,0.0,0.0,0.001691,
0.0,0.171761,0.871622,-0.000066,0.0,1.570796,0.0,0.681761,-0.028512,0.0,0.0,0.0,-0.40537,-0.024232,0.004395,0.375877,-0.071917,0.024276,0.019104,0.025636,0.003357,0.350495,-0.214959,-0.025087,-0.033939,0.174482,-0.0,-0.019105,-0.0,0.0,0.0,-0.231235,-0.174482,0.0,-0.093604,0.0,0.0,0.0,0.0,0.0,-0.0,0.0,0.0,0.0,0.0,0.0,-0.0,0.001953,-0.0047,0.0,0.000184,0.0,0.000061,0.0,-0.000061,0.0,-0.000184,0.0,0.0,0.0,0.002624,
0.0,0.17925,0.871439,-0.000066,0.0,1.570796,0.0,0.748841,-0.018276,0.0,0.0,0.0,-0.400234,-0.024232,0.004395,0.374312,-0.074299,0.024286,0.026173,0.025728,0.003357,0.354142,-0.213394,-0.025087,-0.028061,0.174482,0.0,-0.015773,-0.0,0.0,0.0,-0.231567,-0.174482,0.0,-0.094685,0.0,0.0,0.0,0.0,0.0,-0.0,0.0,-0.0,0.0,-0.0,0.0,-0.0,0.001953,-0.0047,0.0,0.000184,0.0,0.000061,0.0,-0.000061,0.0,-0.000184,0.0,-0.0,0.0,0.004272,
0.0,0.186738,0.871256,-0.000066,0.0,1.570796,0.0,0.748851,-0.018276,0.0,0.0,0.0,-0.395098,-0.024232,0.004395,0.372747,-0.076681,0.024297,0.033242,0.025819,0.003357,0.357789,-0.211828,-0.025087,-0.022182,0.174482,0.0,-0.01244,0.0,0.0,0.0,-0.231898,-0.174482,0.0,-0.095767,0.0,0.0,0.0,0.0,0.0,0.0,0.0,0.0,0.0,0.0,0.0,0.0,0.001953,-0.0047,0.0,0.000184,0.0,0.000061,0.0,-0.000061,0.0,-0.000184,0.0,-0.0,0.0,0.00592,
0.0,0.194227,0.871074,-0.000066,0.0,1.570796,0.0,0.748853,-0.018284,0.0,0.0,0.0,-0.389962,-0.024232,0.004395,0.371182,-0.079063,0.024307,0.040311,0.025911,0.003357,0.361436,-0.210263,-0.025087,-0.016304,0.174482,0.0,-0.009107,0.0,0.0,0.0,-0.23223,-0.174482,0.0,-0.096849,0.0,0.0,0.0,0.0,0.0,-0.0,0.0,0.0,0.0,-0.0,0.0,0.0,0.001953,-0.0047,0.0,0.000184,-0.0,0.000061,0.0,-0.000061,0.0,-0.000184,-0.0,0.0,0.0,0.007568,
0.0,0.201973,0.871181,-0.000066,0.0,1.570796,0.0,0.774634,0.010786,0.0,0.0,0.0,-0.381022,-0.024232,0.00426,0.364584,-0.076108,0.024318,0.050581,0.025941,0.003626,0.359329,-0.203647,-0.025087,-0.010524,0.174482,-0.0,-0.007996,-0.0,0.0,0.0,-0.231407,-0.174482,-0.0,-0.097747,0.0,-0.0,0.0,0.0,0.0,0.0,0.0,-0.0,0.0,0.0,0.0,0.0,0.001953,-0.0047,0.0,0.000184,0.0,0.000061,0.0,-0.000061,0.0,-0.000184,0.0,0.0,0.0,0.009009,
0.0,0.209848,0.871435,-0.000066,0.0,1.570796,0.0,0.78752,0.025321,0.0,0.0,0.0,-0.37018,-0.024232,0.004059,0.355467,-0.070483,0.024328,0.062453,0.025941,0.004028,0.354343,-0.194503,-0.025087,-0.004792,0.174482,0.0,-0.007996,0.0,0.0,0.0,-0.230006,-0.174482,0.0,-0.098554,0.0,0.0,0.0,0.0,0.0,0.0,0.0,0.0,0.0,-0.0,0.0,-0.0,0.001953,-0.0047,0.0,0.000184,0.0,0.000061,0.0,-0.000061,0.0,-0.000184,0.0,-0.0,0.0,0.010346,
0.0,0.217723,0.871688,-0.000066,0.0,1.570796,0.0,0.787521,0.025321,0.0,0.0,0.0,-0.359337,-0.024232,0.003858,0.346351,-0.064858,0.024339,0.074324,0.025941,0.004431,0.349358,-0.185359,-0.025087,0.000939,0.174482,-0.0,-0.007996,-0.0,0.0,0.0,-0.228605,-0.174482,0.0,-0.09936,0.0,0.0,0.0,0.0,0.0,0.0,0.0,0.0,0.0,0.0,0.0,0.0,0.001953,-0.0047,0.0,0.000184,0.0,0.000061,0.0,-0.000061,0.0,-0.000184,0.0,0.0,0.0,0.011682,
0.0,0.225706,0.872072,-0.000066,0.0,1.570796,0.0,0.798265,0.038406,0.0,0.0,0.0,-0.347901,-0.024232,0.003644,0.33691,-0.059283,0.024349,0.087739,0.025972,0.004938,0.341546,-0.172857,-0.025026,0.006762,0.174482,0.0,-0.007996,0.0,0.0,0.0,-0.226695,-0.174482,0.0,-0.099941,0.0,0.0,0.0,-0.0,0.0,0.0,0.0,0.0,0.0,-0.0,0.0,-0.0,0.001953,-0.0047,0.0,0.000184,0.0,0.000061,0.0,-0.000061,0.0,-0.000184,0.0,-0.0,0.0,0.01283,
0.0,0.233904,0.872718,-0.000066,0.0,1.570796,0.0,0.819764,0.064607,0.0,0.0,0.0,-0.335277,-0.024232,0.003406,0.326817,-0.053806,0.02436,0.104245,0.026064,0.005652,0.328076,-0.153632,-0.024843,0.012768,0.174482,0.0,-0.007996,0.0,0.0,0.0,-0.223765,-0.174482,0.0,-0.100069,0.0,0.0,0.0,0.0,0.0,0.0,0.0,-0.0,0.0,-0.0,0.0,0.0,0.001953,-0.0047,0.0,0.000184,0.0,0.000061,0.0,-0.000061,0.0,-0.000184,0.0,0.0,0.0,0.013599,
0.0,0.242101,0.873364,-0.000066,0.0,1.570796,0.0,0.819764,0.064599,0.0,0.0,0.0,-0.322652,-0.024232,0.003168,0.316723,-0.048329,0.02437,0.120751,0.026155,0.006366,0.314605,-0.134406,-0.02466,0.018775,0.174482,0.0,-0.007996,0.0,0.0,0.0,-0.220836,-0.174482,0.0,-0.100198,0.0,0.0,0.0,-0.0,0.0,0.0,0.0,-0.0,0.0,-0.0,0.0,0.0,0.001953,-0.0047,0.0,0.000184,0.0,0.000061,0.0,-0.000061,0.0,-0.000184,0.0,0.0,0.0,0.014368,
0.0,0.250299,0.87401,-0.000066,0.0,1.570796,0.0,0.819766,0.064607,0.0,0.0,0.0,-0.310028,-0.024232,0.00293,0.306631,-0.042852,0.024381,0.137256,0.026247,0.00708,0.301135,-0.115182,-0.024476,0.024781,0.174482,-0.0,-0.007996,0.0,0.0,0.0,-0.217906,-0.174482,0.0,-0.100326,0.0,0.0,0.0,0.0,0.0,0.0,0.0,0.0,0.0,0.0,0.0,0.0,0.001953,-0.0047,0.0,0.000184,0.0,0.000061,0.0,-0.000061,0.0,-0.000184,0.0,0.0,0.0,0.015137,
0.0,0.258482,0.874461,-0.000066,0.0,1.570796,0.0,0.818289,0.045098,0.0,0.0,0.0,-0.303417,-0.024232,0.002857,0.308871,-0.043437,0.024391,0.149563,0.026357,0.007923,0.296303,-0.094346,-0.024183,0.029616,0.174482,0.0,-0.007996,-0.0,0.0,0.0,-0.214407,-0.174482,0.0,-0.097485,-0.0,0.0,-0.0,0.0,0.0,-0.0,0.0,-0.0,0.0,-0.0,0.0,-0.0,0.001953,-0.0047,0.0,0.000184,0.0,0.000061,0.0,-0.000061,0.0,-0.000184,0.0,0.0,0.0,0.015412,
0.0,0.266665,0.874912,-0.000066,0.0,1.570796,0.0,0.818301,0.045098,0.0,0.0,0.0,-0.296806,-0.024232,0.002783,0.311114,-0.044023,0.024401,0.16187,0.026466,0.008765,0.291472,-0.073506,-0.02389,0.034451,0.174482,0.0,-0.007996,0.0,0.0,0.0,-0.210909,-0.174482,0.0,-0.094643,0.0,-0.0,0.0,-0.0,0.0,-0.0,0.0,-0.0,0.0,0.0,0.0,-0.0,0.001953,-0.0047,0.0,0.000184,0.0,0.000061,0.0,-0.000061,0.0,-0.000184,0.0,-0.0,0.0,0.015687,
-0.0,0.274848,0.875363,-0.000066,0.0,1.570796,-0.0,0.818291,0.045098,0.0,0.0,0.0,-0.290195,-0.024232,0.00271,0.313357,-0.044609,0.024412,0.174177,0.026576,0.009607,0.286641,-0.052668,-0.023598,0.039285,0.174482,-0.0,-0.007996,-0.0,0.0,0.0,-0.20741,-0.174482,0.0,-0.091802,0.0,0.0,0.0,0.0,0.0,-0.0,0.0,-0.0,0.0,-0.0,0.0,-0.0,0.001953,-0.0047,0.0,0.000184,0.0,0.000061,0.0,-0.000061,0.0,-0.000184,0.0,-0.0,0.0,0.015961,
0.0,0.282667,0.875995,-0.000066,0.0,1.570796,0.0,0.781942,0.063208,0.0,0.0,0.0,-0.281523,-0.024232,0.002606,0.311264,-0.04406,0.024415,0.173333,0.026967,0.01034,0.308066,-0.039264,-0.023134,0.041581,0.174482,0.0,-0.007996,0.0,0.0,0.0,-0.20498,-0.174482,0.0,-0.088851,-0.0,0.0,0.0,-0.0,0.0,-0.0,0.0,-0.0,0.0,0.0,0.0,-0.0,0.001953,-0.0047,0.0,0.000184,0.0,0.000061,0.0,-0.000061,-0.0,-0.000184,0.0,0.0,0.0,0.016053,
0.0,0.290305,0.876718,-0.000066,0.0,1.570796,0.0,0.763755,0.072263,0.0,0.0,0.0,-0.27182,-0.024232,0.002487,0.307002,-0.042943,0.024415,0.16591,0.027498,0.011017,0.342641,-0.029576,-0.022584,0.042607,0.174482,0.0,-0.007996,0.0,0.0,0.0,-0.203084,-0.174482,0.0,-0.085845,-0.0,-0.0,0.0,0.0,0.0,0.0,0.0,0.0,0.0,0.0,0.0,0.0,0.001953,-0.0047,0.0,0.000184,0.0,0.000061,0.0,-0.000061,0.0,-0.000184,0.0,0.0,0.0,0.016053,
0.0,0.297942,0.87744,-0.000066,0.0,1.570796,0.0,0.763757,0.072263,0.0,0.0,0.0,-0.262117,-0.024232,0.002368,0.302741,-0.041826,0.024415,0.158487,0.028029,0.011695,0.377217,-0.019888,-0.022035,0.043633,0.174482,0.0,-0.007996,-0.0,0.0,0.0,-0.201188,-0.174482,0.0,-0.082839,-0.0,0.0,0.0,0.0,0.0,-0.0,0.0,0.0,0.0,-0.0,0.0,-0.0,0.001953,-0.0047,0.0,0.000184,0.0,0.000061,0.0,-0.000061,0.0,-0.000184,0.0,0.0,0.0,0.016053,
-0.0,0.305415,0.878254,-0.000066,0.0,1.570796,-0.0,0.747254,0.081318,0.0,0.0,0.0,-0.251274,-0.024232,0.002249,0.296189,-0.040666,0.024415,0.151463,0.028682,0.012628,0.410998,-0.006931,-0.02126,0.043407,0.174482,-0.0,-0.007996,0.0,0.0,0.0,-0.19985,-0.174482,0.0,-0.079907,0.0,0.0,0.0,-0.0,0.0,-0.0,0.0,-0.0,0.0,0.0,0.0,-0.0,0.001953,-0.0047,0.0,0.000184,0.0,0.000061,0.0,-0.000061,-0.0,-0.000184,0.0,0.0,0.0,0.016053,
0.0,0.312557,0.879248,-0.000066,0.0,1.570796,0.0,0.714227,0.099435,0.0,0.0,0.0,-0.238146,-0.024232,0.00213,0.285056,-0.03942,0.024415,0.14524,0.029579,0.014075,0.443233,0.012572,-0.020033,0.040678,0.174482,0.0,-0.007996,0.0,0.0,0.0,-0.199629,-0.174482,-0.0,-0.077122,0.0,0.0,0.0,0.0,0.0,-0.0,0.0,-0.0,0.0,-0.0,0.0,0.0,0.001953,-0.0047,0.0,0.000184,0.0,0.000061,0.0,-0.000061,0.0,-0.000184,0.0,0.0,0.0,0.016053,
0.0,0.319699,0.880242,-0.000066,0.0,1.570796,-0.0,0.714225,0.099443,0.0,0.0,0.0,-0.225018,-0.024232,0.002011,0.273922,-0.038175,0.024415,0.139016,0.030477,0.015522,0.475474,0.032077,-0.018806,0.037949,0.174482,0.0,-0.007996,-0.0,0.0,0.0,-0.199409,-0.174482,-0.0,-0.074336,0.0,0.0,0.0,0.0,0.0,-0.0,0.0,-0.0,0.0,-0.0,0.0,-0.0,0.001953,-0.0047,0.0,0.000184,0.0,0.000061,0.0,-0.000061,-0.0,-0.000184,0.0,0.0,0.0,0.016053,
0.0,0.326842,0.881237,-0.000066,0.0,1.570796,0.0,0.714236,0.099443,0.0,0.0,0.0,-0.211891,-0.024232,0.001892,0.262789,-0.03693,0.024415,0.132793,0.031374,0.016968,0.507705,0.051579,-0.017579,0.035221,0.174482,0.0,-0.007996,0.0,0.0,0.0,-0.199188,-0.174482,0.0,-0.071551,0.0,-0.0,0.0,0.0,0.0,-0.0,0.0,-0.0,0.0,-0.0,0.0,-0.0,0.001953,-0.0047,0.0,0.000184,0.0,0.000061,0.0,-0.000061,0.0,-0.000184,0.0,0.0,0.0,0.016053,
0.0,0.333831,0.882054,-0.000066,0.0,1.570796,0.0,0.698916,0.081757,0.0,0.0,0.0,-0.198776,-0.024232,0.001892,0.251886,-0.038724,0.024415,0.10578,0.033059,0.018543,0.559442,0.075921,-0.015089,0.031778,0.174482,0.0,-0.007996,-0.0,0.0,0.0,-0.198893,-0.174482,0.0,-0.068088,0.0,0.0,0.0,0.0,0.0,-0.0,0.0,0.0,0.0,0.0,0.0,0.0,0.001953,-0.0047,0.0,0.000184,0.0,0.000061,0.0,-0.000061,0.0,-0.000184,0.0,0.0,0.0,0.017042,
0.0,0.34082,0.882872,-0.000066,0.0,1.570796,0.0,0.698916,0.081757,0.0,0.0,0.0,-0.185661,-0.024232,0.001892,0.240982,-0.040519,0.024415,0.078757,0.034744,0.020118,0.611227,0.100269,-0.012599,0.028335,0.174482,-0.0,-0.007996,0.0,0.0,0.0,-0.198599,-0.174482,-0.0,-0.064626,0.0,0.0,0.0,0.0,0.0,-0.0,0.0,-0.0,0.0,-0.0,0.0,-0.0,0.001953,-0.0047,0.0,0.000184,0.0,0.000061,0.0,-0.000061,0.0,-0.000184,-0.0,0.0,0.0,0.01803,
0.0,0.347809,0.883689,-0.000066,0.0,1.570796,0.0,0.698916,0.081757,0.0,0.0,0.0,-0.172545,-0.024232,0.001892,0.230078,-0.042314,0.024415,0.051737,0.036429,0.021693,0.66299,0.124614,-0.010108,0.024892,0.174482,0.0,-0.007996,0.0,0.0,0.0,-0.198304,-0.174482,0.0,-0.061163,0.0,0.0,0.0,0.0,0.0,-0.0,0.0,-0.0,0.0,-0.0,0.0,0.0,0.001953,-0.0047,0.0,0.000184,0.0,0.000061,0.0,-0.000061,0.0,-0.000184,0.0,-0.0,0.0,0.019019,
0.0,0.354671,0.88447,-0.000066,0.0,1.570796,0.0,0.68619,0.078003,0.0,0.0,0.0,-0.155597,-0.024232,0.00166,0.210949,-0.039775,0.024415,0.021178,0.038138,0.022901,0.708926,0.149269,-0.007349,0.020522,0.174482,-0.0,-0.007996,-0.0,0.0,0.0,-0.1966,-0.174482,-0.0,-0.057371,0.0,0.0,0.0,0.0,0.0,-0.0,0.0,-0.0,0.0,-0.0,0.0,0.0,0.001953,-0.0047,0.0,0.000184,-0.0,0.000061,0.0,-0.000061,0.0,-0.000184,0.0,0.0,0.0,0.01919,
0.0,0.361469,0.885231,-0.000066,0.0,1.570796,0.0,0.67982,0.076133,0.0,0.0,0.0,-0.136727,-0.024232,0.001312,0.187698,-0.035069,0.024415,-0.011169,0.03986,0.023927,0.752001,0.174087,-0.004456,0.015688,0.174482,0.0,-0.007996,-0.0,0.0,0.0,-0.19419,-0.174482,-0.0,-0.053415,-0.0,0.0,0.0,0.0,0.0,0.0,0.0,0.0,0.0,0.0,0.0,0.0,0.001953,-0.0047,0.0,0.000184,0.0,0.000061,0.0,-0.000061,0.0,-0.000184,0.0,0.0,0.0,0.018952,
0.0,0.368268,0.885992,-0.000066,0.0,1.570796,0.0,0.67982,0.076141,0.0,0.0,0.0,-0.117857,-0.024232,0.000964,0.164447,-0.030362,0.024415,-0.043516,0.041581,0.024952,0.795076,0.198904,-0.001563,0.010853,0.174482,0.0,-0.007996,-0.0,0.0,0.0,-0.19178,-0.174482,0.0,-0.049458,0.0,0.0,0.0,0.0,0.0,0.0,0.0,-0.0,0.0,0.0,0.0,-0.0,0.001953,-0.0047,0.0,0.000184,0.0,0.000061,0.0,-0.000061,-0.0,-0.000184,0.0,0.0,0.0,0.018714,
0.0,0.375014,0.886735,-0.000066,0.0,1.570796,0.0,0.674613,0.074271,0.0,0.0,0.0,-0.102522,-0.024244,0.000592,0.148065,-0.029023,0.024415,-0.073978,0.043046,0.025673,0.832369,0.217243,0.000787,0.005647,0.174482,0.0,-0.00788,0.0,0.0,0.0,-0.188531,-0.174482,0.0,-0.045508,0.0,0.0,0.0,-0.0,0.0,-0.0,0.0,-0.0,0.0,0.0,0.0,-0.0,0.001953,-0.0047,0.0,0.000184,0.0,0.000061,0.0,-0.000061,0.0,-0.000184,0.0,0.0,0.0,0.018019,
0.0,0.381656,0.887441,-0.000066,0.0,1.570796,0.0,0.664191,0.070562,0.0,0.0,0.0,-0.094255,-0.024281,0.000171,0.145421,-0.034426,0.024415,-0.1007,0.043999,0.025783,0.858158,0.222623,0.002051,-0.000304,0.174482,0.0,-0.007532,0.0,0.0,0.0,-0.183603,-0.174482,-0.0,-0.04157,-0.0,0.0,0.0,-0.0,0.0,-0.0,0.0,-0.0,0.0,0.0,0.0,-0.0,0.001953,-0.0047,0.0,0.000184,0.0,0.000061,0.0,-0.000061,0.0,-0.000184,0.0,-0.0,0.0,0.016407,
0.0,0.388297,0.888146,-0.000066,0.0,1.570796,0.0,0.664187,0.070555,0.0,0.0,0.0,-0.085988,-0.024318,-0.00025,0.142778,-0.039829,0.024415,-0.127426,0.044951,0.025893,0.883949,0.228004,0.003314,-0.006255,0.174482,-0.0,-0.007184,0.0,0.0,0.0,-0.178675,-0.174482,0.0,-0.037632,0.0,0.0,0.0,-0.0,0.0,-0.0,0.0,-0.0,0.0,-0.0,0.0,-0.0,0.001953,-0.0047,0.0,0.000184,0.0,0.000061,-0.0,-0.000061,0.0,-0.000184,0.0,-0.0,0.0,0.014796,
0.0,0.394939,0.888852,-0.000066,0.0,1.570796,0.0,0.664184,0.070562,0.0,0.0,0.0,-0.077721,-0.024354,-0.000671,0.140134,-0.045231,0.024415,-0.154145,0.045904,0.026002,0.909734,0.233385,0.004578,-0.012207,0.174482,0.0,-0.006836,0.0,0.0,0.0,-0.173747,-0.174482,0.0,-0.033695,0.0,0.0,0.0,0.0,0.0,-0.0,0.0,-0.0,0.0,-0.0,0.0,-0.0,0.001953,-0.0047,0.0,0.000184,0.0,0.000061,0.0,-0.000061,0.0,-0.000184,0.0,-0.0,0.0,0.013184,
0.0,0.401075,0.889424,-0.000066,0.0,1.570796,0.0,0.613586,0.057223,0.0,0.0,0.0,-0.071345,-0.024391,-0.001312,0.140317,-0.051405,0.024415,-0.177104,0.046032,0.025435,0.922214,0.219615,0.003937,-0.021582,0.174482,0.0,-0.012292,-0.0,0.0,0.0,-0.167868,-0.174482,0.0,-0.031478,-0.0,0.0,-0.0,0.0,0.0,-0.0,0.0,0.0,0.0,-0.0,0.0,-0.0,0.001953,-0.0047,0.0,0.000184,0.0,0.000061,0.0,-0.000061,0.0,-0.000184,0.0,-0.0,0.0,0.011793,
0.0,0.407211,0.889996,-0.000066,0.0,1.570796,0.0,0.613571,0.057223,0.0,0.0,0.0,-0.064969,-0.024428,-0.001953,0.140501,-0.057578,0.024415,-0.200066,0.04616,0.024867,0.934692,0.205841,0.003296,-0.030959,0.174482,0.0,-0.017749,0.0,0.0,0.0,-0.161989,-0.174482,0.0,-0.029263,-0.0,0.0,0.0,0.0,0.0,0.0,0.0,0.0,-0.0,0.0,0.0,0.0,0.001953,-0.0047,0.0,0.000184,0.0,0.000061,0.0,-0.000061,0.0,-0.000184,0.0,0.0,0.0,0.010401,
0.0,0.413347,0.890568,-0.000066,0.0,1.570796,0.0,0.613571,0.057223,0.0,0.0,0.0,-0.058593,-0.024464,-0.002594,0.140684,-0.063751,0.024415,-0.223026,0.046288,0.0243,0.94717,0.192068,0.002655,-0.040335,0.174482,0.0,-0.023206,-0.0,0.0,0.0,-0.15611,-0.174482,0.0,-0.027047,-0.0,-0.0,-0.0,0.0,0.0,0.0,0.0,-0.0,0.0,-0.0,0.0,-0.0,0.001953,-0.0047,0.0,0.000184,0.0,0.000061,0.0,-0.000061,0.0,-0.000184,0.0,0.0,0.0,0.009009,
0.0,0.419403,0.890971,-0.000066,0.0,1.570796,0.0,0.605641,0.040209,0.0,0.0,0.0,-0.052206,-0.024476,-0.003174,0.140843,-0.06989,0.024415,-0.240759,0.045867,0.023439,0.949877,0.175759,0.001404,-0.050886,0.174482,-0.0,-0.029616,0.0,0.0,0.0,-0.149756,-0.174482,0.0,-0.02433,-0.0,0.0,0.0,0.0,0.0,0.0,0.0,-0.0,0.0,0.0,0.0,0.0,0.001953,-0.0047,0.0,0.000184,-0.0,0.000061,0.0,-0.000061,0.0,-0.000184,0.0,0.0,0.0,0.007544,
0.0,0.42542,0.891287,-0.000066,0.0,1.570796,0.0,0.601675,0.031694,0.0,0.0,0.0,-0.045814,-0.024476,-0.003723,0.14099,-0.076011,0.024415,-0.255881,0.045171,0.022432,0.947696,0.158179,-0.000152,-0.062025,0.174482,-0.0,-0.036502,0.0,0.0,0.0,-0.143166,-0.174482,0.0,-0.021364,-0.0,0.0,0.0,0.0,0.0,-0.0,0.0,0.0,0.0,-0.0,0.0,0.0,0.001953,-0.0047,0.0,0.000184,0.0,0.000061,0.0,-0.000061,0.0,-0.000184,0.0,0.0,0.0,0.006043,
0.0,0.431437,0.891604,-0.000066,0.0,1.570796,0.0,0.601682,0.031694,0.0,0.0,0.0,-0.039422,-0.024476,-0.004273,0.141137,-0.082133,0.024415,-0.271002,0.044475,0.021425,0.945515,0.140599,-0.001709,-0.073164,0.174482,0.0,-0.043388,0.0,0.0,0.0,-0.136575,-0.174482,0.0,-0.018397,-0.0,0.0,0.0,-0.0,0.0,0.0,0.0,0.0,0.0,0.0,0.0,-0.0,0.001953,-0.0047,0.0,0.000184,0.0,0.000061,0.0,-0.000061,0.0,-0.000184,0.0,0.0,0.0,0.004541,
0.0,0.437493,0.891826,-0.000066,0.0,1.570796,0.0,0.605597,0.022188,0.0,0.0,0.0,-0.032944,-0.024495,-0.004773,0.141272,-0.088255,0.024415,-0.285849,0.043608,0.020216,0.941568,0.123734,-0.003351,-0.084641,0.174482,-0.0,-0.050568,-0.0,0.0,0.0,-0.129784,-0.174482,0.0,-0.015077,0.0,0.0,0.0,0.0,0.0,0.0,0.0,-0.0,0.0,-0.0,0.0,0.0,0.001953,-0.0047,0.0,0.000184,0.0,0.000061,0.0,-0.000061,0.0,-0.000184,0.0,0.0,0.0,0.00307,
0.0,0.443627,0.891858,-0.000066,0.0,1.570796,0.0,0.613449,0.003184,0.0,0.0,0.0,-0.026297,-0.02455,-0.005176,0.141382,-0.094377,0.024415,-0.300152,0.0424,0.018605,0.934087,0.108295,-0.005163,-0.096797,0.174482,0.0,-0.058335,-0.0,0.0,0.0,-0.122593,-0.174482,0.0,-0.011048,0.0,0.0,0.0,0.0,0.0,0.0,0.0,0.0,0.0,0.0,0.0,0.0,0.001953,-0.0047,0.0,0.000184,0.0,0.000061,0.0,-0.000061,0.0,-0.000184,0.0,0.0,0.0,0.00166,
0.0,0.449762,0.89189,-0.000066,0.0,1.570796,0.0,0.613449,0.003184,0.0,0.0,0.0,-0.019649,-0.024604,-0.005579,0.141492,-0.100499,0.024415,-0.314455,0.041191,0.016993,0.926607,0.092855,-0.006976,-0.108953,0.174482,0.0,-0.066103,0.0,0.0,0.0,-0.115402,-0.174482,0.0,-0.00702,0.0,0.0,0.0,-0.0,0.0,0.0,-0.0,0.0,0.0,-0.0,0.0,-0.0,0.001953,-0.0047,0.0,0.000184,0.0,0.000061,-0.0,-0.000061,0.0,-0.000184,0.0,-0.0,0.0,0.00025,
0.0,0.455896,0.891922,-0.000066,0.0,1.570796,0.0,0.613449,0.003184,0.0,0.0,0.0,-0.013002,-0.024659,-0.005982,0.141602,-0.10662,0.024415,-0.328757,0.039982,0.015382,0.919126,0.077417,-0.008789,-0.121109,0.174482,-0.0,-0.07387,-0.0,0.0,0.0,-0.108211,-0.174482,0.0,-0.002991,0.0,0.0,0.0,0.0,0.0,-0.0,0.0,-0.0,0.0,-0.0,0.0,-0.0,0.001953,-0.0047,0.0,0.000184,0.0,0.000061,0.0,-0.000061,0.0,-0.000184,0.0,0.0,0.0,-0.001159,
-0.0,0.462334,0.891674,-0.000066,0.0,1.570796,-0.0,0.643797,-0.024738,0.0,0.0,0.0,-0.005861,-0.024659,-0.00589,0.141602,-0.109372,0.024415,-0.343451,0.038975,0.014082,0.908791,0.065894,-0.010126,-0.132802,0.174482,0.0,-0.081037,0.0,0.0,0.0,-0.098845,-0.174482,0.0,-0.002991,0.0,0.0,0.0,0.0,0.0,0.0,0.0,0.0,0.0,-0.0,0.0,-0.0,0.001953,-0.0047,0.0,0.000184,0.0,0.000061,0.0,-0.000061,0.0,-0.000184,0.0,-0.0,0.0,-0.001746,
0.0,0.468772,0.891427,-0.000066,0.0,1.570796,0.0,0.643797,-0.024745,0.0,0.0,0.0,0.001281,-0.024659,-0.005799,0.141602,-0.112123,0.024415,-0.358146,0.037967,0.012781,0.898456,0.05437,-0.011463,-0.144495,0.174482,0.0,-0.088203,0.0,0.0,0.0,-0.089478,-0.174482,0.0,-0.002991,0.0,0.0,0.0,-0.0,0.0,-0.0,0.0,-0.0,0.0,-0.0,0.0,0.0,0.001953,-0.0047,0.0,0.000184,-0.0,0.000061,0.0,-0.000061,0.0,-0.000184,0.0,0.0,0.0,-0.002332,
0.0,0.47521,0.89118,-0.000066,0.0,1.570796,-0.0,0.6438,-0.024745,0.0,0.0,0.0,0.008422,-0.024659,-0.005707,0.141602,-0.114873,0.024415,-0.372841,0.03696,0.011481,0.88812,0.042848,-0.012799,-0.156188,0.174482,0.0,-0.095369,-0.0,0.0,0.0,-0.08011,-0.174482,0.0,-0.002991,0.0,0.0,0.0,0.0,0.0,-0.0,0.0,-0.0,0.0,0.0,0.0,0.0,0.001953,-0.0047,0.0,0.000184,0.0,0.000061,0.0,-0.000061,0.0,-0.000184,0.0,-0.0,0.0,-0.002917,
0.0,0.481723,0.890792,-0.000066,0.0,1.570796,0.0,0.651343,-0.038768,0.0,0.0,0.0,0.015734,-0.024659,-0.005603,0.141602,-0.118664,0.024415,-0.386171,0.036142,0.010584,0.874725,0.035856,-0.013725,-0.167893,0.174482,-0.0,-0.102343,0.0,0.0,0.0,-0.071089,-0.174482,0.0,-0.002991,0.0,0.0,0.0,0.0,0.0,0.0,0.0,0.0,0.0,-0.0,0.0,-0.0,0.001953,-0.0047,0.0,0.000184,0.0,0.000061,0.0,-0.000061,0.0,-0.000184,0.0,0.0,0.0,-0.003162,
0.0,0.488275,0.890334,-0.000066,0.0,1.570796,0.0,0.655128,-0.045786,0.0,0.0,0.0,0.023133,-0.024659,-0.005493,0.141602,-0.122976,0.024415,-0.398819,0.035419,0.009888,0.859798,0.031131,-0.014445,-0.179605,0.174482,0.0,-0.10922,0.0,0.0,0.0,-0.06224,-0.174482,0.0,-0.002991,-0.0,0.0,0.0,0.0,0.0,0.0,0.0,0.0,0.0,-0.0,0.0,-0.0,0.001953,-0.0047,0.0,0.000184,0.0,0.000061,-0.0,-0.000061,0.0,-0.000184,0.0,0.0,0.0,-0.003235,
0.0,0.494826,0.889876,-0.000066,0.0,1.570796,0.0,0.655112,-0.045786,0.0,0.0,0.0,0.030531,-0.024659,-0.005383,0.141602,-0.127287,0.024415,-0.411466,0.034695,0.009192,0.84487,0.026406,-0.015166,-0.191317,0.174482,0.0,-0.116097,0.0,0.0,0.0,-0.053392,-0.174482,-0.0,-0.002991,0.0,0.0,0.0,0.0,0.0,-0.0,0.0,-0.0,0.0,-0.0,0.0,-0.0,0.001953,-0.0047,0.0,0.000184,0.0,0.000061,0.0,-0.000061,0.0,-0.000184,0.0,0.0,0.0,-0.003308,
0.0,0.501426,0.889352,-0.000066,0.0,1.570796,0.0,0.659969,-0.052385,0.0,0.0,0.0,0.038015,-0.024659,-0.005277,0.141602,-0.131966,0.024415,-0.421736,0.033972,0.00857,0.826512,0.021535,-0.015886,-0.202962,0.174482,0.0,-0.122969,0.0,0.0,0.0,-0.044947,-0.174482,-0.0,-0.002991,0.0,0.0,0.0,0.0,0.0,0.0,0.0,0.0,0.0,-0.0,0.0,0.0,0.001953,-0.0047,0.0,0.000184,0.0,0.000061,0.0,-0.000061,0.0,-0.000184,0.0,0.0,0.0,-0.00329,
0.0,0.508122,0.888696,-0.000066,0.0,1.570796,0.0,0.669644,-0.065591,0.0,0.0,0.0,0.045671,-0.024659,-0.005176,0.141602,-0.137381,0.024415,-0.427245,0.033249,0.008094,0.80128,0.016371,-0.016606,-0.214475,0.174482,0.0,-0.129832,0.0,0.0,0.0,-0.03731,-0.174482,-0.0,-0.002991,0.0,0.0,0.0,0.0,0.0,-0.0,0.0,-0.0,0.0,0.0,0.0,0.0,0.001953,-0.0047,0.0,0.000184,0.0,0.000061,0.0,-0.000061,0.0,-0.000184,0.0,0.0,0.0,-0.003089,
0.0,0.514819,0.88804,-0.000066,0.0,1.570796,0.0,0.669663,-0.065599,0.0,0.0,0.0,0.053328,-0.024659,-0.005075,0.141602,-0.142796,0.024415,-0.432755,0.032525,0.007618,0.776044,0.011207,-0.017327,-0.225989,0.174482,0.0,-0.136696,0.0,0.0,0.0,-0.029673,-0.174482,0.0,-0.002991,0.0,0.0,0.0,0.0,0.0,-0.0,0.0,-0.0,0.0,0.0,0.0,0.0,0.001953,-0.0047,0.0,0.000184,0.0,0.000061,0.0,-0.000061,0.0,-0.000184,0.0,0.0,0.0,-0.002887,
0.0,0.521515,0.887384,-0.000066,0.0,1.570796,0.0,0.669659,-0.065599,0.0,0.0,0.0,0.060984,-0.024659,-0.004975,0.141602,-0.148211,0.024415,-0.438265,0.031802,0.007141,0.750814,0.006043,-0.018047,-0.237502,0.174482,0.0,-0.143559,0.0,0.0,0.0,-0.022036,-0.174482,0.0,-0.002991,0.0,0.0,0.0,-0.0,0.0,0.0,0.0,0.0,0.0,0.0,-0.0,0.0,0.001953,-0.0047,0.0,0.000184,0.0,0.000061,0.0,-0.000061,0.0,-0.000184,0.0,0.0,0.0,-0.002686,
0.0,0.528189,0.886516,-0.000066,0.0,1.570796,0.0,0.667372,-0.086809,0.0,0.0,0.0,0.068698,-0.024659,-0.004874,0.141602,-0.154107,0.024443,-0.436991,0.031106,0.006812,0.715104,0.000642,-0.018767,-0.247636,0.174482,0.0,-0.150061,-0.0,0.0,-0.0,-0.015114,-0.174482,0.0,-0.002991,-0.0,0.0,0.0,0.0,0.0,0.0,0.0,0.0,-0.0,0.0,0.0,0.0,0.001953,-0.0047,0.0,0.000184,0.0,0.000061,0.0,-0.000061,0.0,-0.000184,0.0,0.0,0.0,-0.003015,
0.0,0.534863,0.885648,-0.000066,0.0,1.570796,0.0,0.667383,-0.086824,0.0,0.0,0.0,0.076413,-0.024659,-0.004773,0.141602,-0.160003,0.02447,-0.435715,0.03041,0.006482,0.679376,-0.00476,-0.019487,-0.257772,0.174482,-0.0,-0.156562,-0.0,0.0,0.0,-0.008192,-0.174482,0.0,-0.002991,0.0,0.0,0.0,0.0,0.0,-0.0,0.0,0.0,0.0,-0.0,0.0,-0.0,0.001953,-0.0047,0.0,0.000184,0.0,0.000061,0.0,-0.000061,0.0,-0.000184,0.0,0.0,0.0,-0.003345,
-0.0,0.541536,0.88478,-0.000066,0.0,1.570796,-0.0,0.667372,-0.086816,0.0,0.0,0.0,0.084127,-0.024659,-0.004672,0.141602,-0.165899,0.024498,-0.43444,0.029714,0.006153,0.643656,-0.010162,-0.020208,-0.267906,0.174482,-0.0,-0.163064,0.0,0.0,0.0,-0.001271,-0.174482,0.0,-0.002991,-0.0,0.0,0.0,-0.0,0.0,0.0,0.0,-0.0,0.0,0.0,0.0,-0.0,0.001953,-0.0047,0.0,0.000184,0.0,0.000061,-0.0,-0.000061,0.0,-0.000184,0.0,0.0,0.0,-0.003674,
0.0,0.548378,0.883848,-0.000066,0.0,1.570796,0.0,0.684107,-0.093193,0.0,0.0,0.0,0.092064,-0.024659,-0.004541,0.141602,-0.171407,0.024525,-0.432166,0.029152,0.005945,0.607396,-0.013391,-0.020716,-0.276501,0.174482,0.0,-0.168809,-0.0,0.0,0.0,0.004955,-0.174482,0.0,-0.002991,0.0,0.0,0.0,0.0,0.0,-0.0,0.0,-0.0,0.0,0.0,0.0,0.0,0.001953,-0.0047,0.0,0.000184,0.0,0.000061,0.0,-0.000061,0.0,-0.000184,0.0,0.0,0.0,-0.003784,
0.0,0.555302,0.882884,-0.000066,0.0,1.570796,0.0,0.692458,-0.096382,0.0,0.0,0.0,0.100113,-0.024659,-0.004395,0.141602,-0.176719,0.024553,-0.429392,0.028658,0.005799,0.570839,-0.015534,-0.021119,-0.284326,0.174482,-0.0,-0.174176,-0.0,-0.0,-0.0,0.010833,-0.174482,0.0,-0.002991,0.0,0.0,0.0,0.0,-0.0,-0.0,0.0,0.0,0.0,-0.0,0.0,0.0,0.001953,-0.0047,0.0,0.000184,0.0,0.000061,0.0,-0.000061,0.0,-0.000184,0.0,0.0,0.0,-0.003784,
-0.0,0.562227,0.88192,-0.000066,0.0,1.570796,-0.0,0.692477,-0.096382,0.0,0.0,0.0,0.108162,-0.024659,-0.004248,0.141602,-0.182032,0.02458,-0.426618,0.028163,0.005652,0.534282,-0.017676,-0.021522,-0.29215,0.174482,-0.0,-0.179544,0.0,0.0,0.0,0.016711,-0.174482,0.0,-0.002991,0.0,0.0,0.0,0.0,0.0,0.0,0.0,-0.0,0.0,-0.0,0.0,0.0,0.001953,-0.0047,0.0,0.000184,0.0,0.000061,0.0,-0.000061,0.0,-0.000184,0.0,0.0,0.0,-0.003784,
0.0,0.569315,0.880956,-0.000066,0.0,1.570796,0.0,0.70883,-0.096442,0.0,0.0,0.0,0.116378,-0.024659,-0.004205,0.141602,-0.187737,0.024599,-0.422973,0.027706,0.005493,0.498494,-0.021149,-0.021925,-0.299097,0.174482,-0.0,-0.184403,-0.0,0.0,0.0,0.022199,-0.174482,-0.0,-0.002991,-0.0,0.0,0.0,0.0,0.0,0.0,0.0,-0.0,0.0,-0.0,0.0,-0.0,0.001953,-0.0047,0.0,0.000184,0.0,0.000061,0.0,-0.000061,0.0,-0.000184,0.0,-0.0,0.0,-0.003571,
0.0,0.576731,0.87999,-0.000066,0.0,1.570796,-0.0,0.741538,-0.09657,0.0,0.0,0.0,0.124928,-0.024659,-0.00437,0.141602,-0.194226,0.024599,-0.417584,0.027321,0.00531,0.464195,-0.027284,-0.022328,-0.304284,0.174482,0.0,-0.188248,0.0,-0.0,-0.0,0.026905,-0.174482,0.0,-0.002991,0.0,0.0,0.0,-0.0,-0.0,0.0,-0.0,0.0,-0.0,0.0,0.0,0.0,0.001953,-0.0047,0.0,0.000184,0.0,0.000061,0.0,-0.000061,0.0,-0.000184,0.0,0.0,0.0,-0.00293,
0.0,0.584146,0.879025,-0.000066,0.0,1.570796,0.0,0.741561,-0.096562,0.0,0.0,0.0,0.133479,-0.024659,-0.004535,0.141602,-0.200716,0.024599,-0.412194,0.026937,0.005127,0.42989,-0.033419,-0.022731,-0.309472,0.174482,-0.0,-0.192092,0.0,0.0,0.0,0.031612,-0.174482,0.0,-0.002991,0.0,0.0,0.0,0.0,0.0,-0.0,0.0,-0.0,0.0,0.0,0.0,-0.0,0.001953,-0.0047,0.0,0.000184,0.0,0.000061,0.0,-0.000061,0.0,-0.000184,0.0,0.0,0.0,-0.002289,
0.0,0.591562,0.878059,-0.000066,0.0,1.570796,0.0,0.741538,-0.09657,0.0,0.0,0.0,0.142029,-0.024659,-0.0047,0.141602,-0.207205,0.024599,-0.406804,0.026552,0.004944,0.395598,-0.039553,-0.023133,-0.31466,0.174482,-0.0,-0.195936,0.0,0.0,0.0,0.036318,-0.174482,0.0,-0.002991,0.0,0.0,0.0,-0.0,0.0,-0.0,0.0,0.0,0.0,0.0,0.0,0.0,0.001953,-0.0047,0.0,0.000184,0.0,0.000061,0.0,-0.000061,0.0,-0.000184,0.0,-0.0,0.0,-0.001648,
0.0,0.599709,0.87737,-0.000066,0.0,1.570796,0.0,0.81474,-0.068878,0.0,0.0,0.0,0.151121,-0.024659,-0.00545,0.141804,-0.213695,0.024718,-0.397546,0.026277,0.004816,0.363229,-0.046862,-0.02339,-0.316144,0.174482,0.0,-0.197961,0.0,0.0,0.0,0.039157,-0.174482,0.0,-0.002991,0.0,0.0,0.0,0.0,0.0,-0.0,0.0,-0.0,0.0,-0.0,-0.0,0.0,0.001953,-0.0047,0.0,0.000184,0.0,0.000061,0.0,-0.000061,0.0,-0.000184,0.0,0.0,0.0,-0.000751,
0.0,0.607856,0.876681,-0.000066,0.0,1.570796,0.0,0.814732,-0.06887,0.0,0.0,0.0,0.160213,-0.024659,-0.006201,0.142006,-0.220185,0.024837,-0.388287,0.026003,0.004688,0.330849,-0.05417,-0.023646,-0.317627,0.174482,0.0,-0.199985,0.0,0.0,0.0,0.041996,-0.174482,0.0,-0.002991,0.0,0.0,0.0,0.0,0.0,0.0,0.0,-0.0,0.0,0.0,0.0,-0.0,0.001953,-0.0047,0.0,0.000184,0.0,0.000061,0.0,-0.000061,0.0,-0.000184,0.0,0.0,0.0,0.000146,
0.0,0.616004,0.875993,-0.000066,0.0,1.570796,0.0,0.814755,-0.068878,0.0,0.0,0.0,0.169305,-0.024659,-0.006952,0.142208,-0.226674,0.024956,-0.379028,0.025728,0.004559,0.298475,-0.061479,-0.023903,-0.319111,0.174482,-0.0,-0.202009,0.0,-0.0,-0.0,0.044835,-0.174482,0.0,-0.002991,0.0,0.0,0.0,-0.0,-0.0,-0.0,0.0,-0.0,-0.0,0.0,0.0,0.0,0.001953,-0.0047,0.0,0.000184,0.0,0.000061,0.0,-0.000061,0.0,-0.000184,0.0,0.0,0.0,0.001044,
0.0,0.624432,0.875464,-0.000066,0.0,1.570796,0.0,0.842849,-0.052831,0.0,0.0,0.0,0.178295,-0.024659,-0.007556,0.142336,-0.2289,0.025075,-0.370567,0.025563,0.004517,0.276986,-0.067959,-0.024061,-0.318407,0.174482,0.0,-0.202366,0.0,0.0,0.0,0.046795,-0.174482,0.0,-0.002991,0.0,0.0,0.0,0.0,0.0,-0.0,0.0,-0.0,0.0,0.0,0.0,0.0,0.001953,-0.0047,0.0,0.000184,0.0,0.000061,0.0,-0.000061,0.0,-0.000184,0.0,0.0,0.0,0.001404,
0.0,0.633001,0.875016,-0.000066,0.0,1.570796,-0.0,0.856883,-0.044796,0.0,0.0,0.0,0.187233,-0.024659,-0.008087,0.142428,-0.228992,0.025194,-0.362506,0.025453,0.004517,0.260936,-0.074024,-0.024171,-0.316608,0.174482,0.0,-0.201887,0.0,0.0,0.0,0.048315,-0.174482,-0.0,-0.002991,0.0,0.0,0.0,0.0,0.0,-0.0,0.0,-0.0,0.0,-0.0,0.0,-0.0,0.001953,-0.0047,0.0,0.000184,0.0,0.000061,0.0,-0.000061,0.0,-0.000184,0.0,0.0,0.0,0.001495,
0.0,0.64157,0.874568,-0.000066,0.0,1.570796,0.0,0.85691,-0.044796,0.0,0.0,0.0,0.196172,-0.024659,-0.008618,0.14252,-0.229084,0.025313,-0.354445,0.025343,0.004517,0.244886,-0.080089,-0.024281,-0.314809,0.174482,0.0,-0.201408,0.0,0.0,0.0,0.049836,-0.174482,0.0,-0.002991,0.0,0.0,0.0,0.0,0.0,0.0,0.0,0.0,0.0,0.0,0.0,0.0,0.001953,-0.0047,0.0,0.000184,0.0,0.000061,0.0,-0.000061,0.0,-0.000184,0.0,0.0,0.0,0.001587,
0.0,0.650285,0.874233,-0.000066,0.0,1.570796,0.0,0.871515,-0.033512,0.0,0.0,0.0,0.205065,-0.02469,-0.009198,0.142606,-0.227366,0.025401,-0.345779,0.02527,0.004584,0.230497,-0.082058,-0.024354,-0.311956,0.174482,-0.0,-0.200084,0.0,0.0,0.0,0.051063,-0.174482,0.0,-0.002991,0.0,0.0,0.0,0.0,0.0,0.0,0.0,-0.0,-0.0,0.0,0.0,0.0,0.001953,-0.0047,0.0,0.000184,0.0,0.000061,-0.0,-0.000061,0.0,-0.000184,0.0,0.0,0.0,0.001398,
0.0,0.659294,0.874124,-0.000066,0.0,1.570796,0.0,0.900818,-0.010904,0.0,0.0,0.0,0.21387,-0.024781,-0.009876,0.142679,-0.222023,0.025429,-0.335901,0.02527,0.004785,0.219427,-0.075828,-0.024354,-0.306991,0.174482,0.0,-0.197067,-0.0,0.0,0.0,0.051704,-0.174482,0.0,-0.002991,0.0,0.0,0.0,0.0,0.0,0.0,0.0,-0.0,0.0,0.0,0.0,0.0,0.001953,-0.0047,0.0,0.000184,0.0,0.000061,0.0,-0.000061,0.0,-0.000184,0.0,-0.0,0.0,0.000647,
0.0,0.668302,0.874015,-0.000066,0.0,1.570796,0.0,0.900803,-0.010904,0.0,0.0,0.0,0.222675,-0.024873,-0.010553,0.142752,-0.216681,0.025456,-0.326023,0.02527,0.004987,0.208358,-0.069598,-0.024354,-0.302026,0.174482,-0.0,-0.194049,-0.0,0.0,-0.0,0.052345,-0.174482,0.0,-0.002991,0.0,0.0,0.0,0.0,0.0,0.0,0.0,0.0,0.0,0.0,0.0,0.0,0.001953,-0.0047,0.0,0.000184,0.0,0.000061,0.0,-0.000061,0.0,-0.000184,0.0,0.0,0.0,-0.000104,
0.0,0.67731,0.873906,-0.000066,0.0,1.570796,0.0,0.900826,-0.010911,0.0,0.0,0.0,0.231479,-0.024964,-0.011231,0.142826,-0.211338,0.025484,-0.316146,0.02527,0.005188,0.197288,-0.063368,-0.024354,-0.29706,0.174482,0.0,-0.191032,0.0,0.0,0.0,0.052986,-0.174482,0.0,-0.002991,0.0,0.0,0.0,0.0,0.0,-0.0,0.0,-0.0,0.0,0.0,0.0,0.0,0.001953,-0.0047,0.0,0.000184,0.0,0.000061,0.0,-0.000061,0.0,-0.000184,0.0,0.0,0.0,-0.000854,
0.0,0.686689,0.874639,-0.000066,0.0,1.570796,0.0,0.937892,0.073289,0.0,0.0,0.0,0.239652,-0.025074,-0.012531,0.142973,-0.198941,0.025511,-0.299771,0.02527,0.005975,0.180016,-0.041945,-0.024171,-0.288904,0.174482,0.0,-0.186306,0.0,0.0,0.0,0.054195,-0.174482,0.0,-0.002991,0.0,0.0,0.0,0.0,0.0,-0.0,0.0,-0.0,0.0,0.0,0.0,-0.0,0.001953,-0.0047,0.0,0.000184,0.0,0.000061,0.0,-0.000061,0.0,-0.000184,0.0,0.0,0.0,-0.001239,
0.0,0.696068,0.875372,-0.000066,0.0,1.570796,0.0,0.937922,0.073304,0.0,0.0,0.0,0.247825,-0.025184,-0.013831,0.14312,-0.186543,0.025539,-0.283394,0.02527,0.006763,0.16274,-0.020516,-0.023988,-0.280747,0.174482,-0.0,-0.18158,0.0,0.0,-0.0,0.055404,-0.174482,0.0,-0.002991,-0.0,0.0,0.0,-0.0,0.0,0.0,0.0,0.0,0.0,-0.0,0.0,0.0,0.001953,-0.0047,0.0,0.000184,0.0,0.000061,0.0,-0.000061,0.0,-0.000184,0.0,0.0,0.0,-0.001624,
0.0,0.705447,0.876105,-0.000066,0.0,1.570796,0.0,0.937922,0.073304,0.0,0.0,0.0,0.255999,-0.025294,-0.015131,0.143266,-0.174144,0.025566,-0.267017,0.02527,0.00755,0.145466,0.000912,-0.023805,-0.27259,0.174482,0.0,-0.176855,-0.0,0.0,0.0,0.056613,-0.174482,0.0,-0.002991,-0.0,0.0,0.0,0.0,0.0,0.0,0.0,0.0,0.0,-0.0,-0.0,-0.0,0.001953,-0.0047,0.0,0.000184,0.0,0.000061,0.0,-0.000061,0.0,-0.000184,0.0,0.0,0.0,-0.002008,
0.0,0.714583,0.876787,-0.000066,0.0,1.570796,0.0,0.913554,0.068222,0.0,0.0,0.0,0.26306,-0.02533,-0.015784,0.14323,-0.153782,0.02538,-0.256243,0.02527,0.007923,0.140537,0.01278,-0.023671,-0.263878,0.174482,0.0,-0.172584,-0.0,-0.0,-0.0,0.056528,-0.174482,0.0,-0.002991,0.0,0.0,0.0,0.0,-0.0,-0.0,0.0,-0.0,0.0,0.0,0.0,0.0,0.001953,-0.0047,0.0,0.000184,0.0,0.000061,0.0,-0.000061,0.0,-0.000184,0.0,-0.0,0.0,-0.002136,
0.0,0.723597,0.877444,-0.000066,0.0,1.570796,0.0,0.901386,0.06568,0.0,0.0,0.0,0.269564,-0.02533,-0.016114,0.143101,-0.129428,0.025087,-0.248271,0.02527,0.008087,0.141786,0.019867,-0.023561,-0.254887,0.174482,0.0,-0.168541,0.0,0.0,0.0,0.055795,-0.174482,0.0,-0.002991,0.0,0.0,0.0,0.0,0.0,0.0,0.0,0.0,0.0,-0.0,0.0,0.0,0.001953,-0.0047,0.0,0.000184,0.0,0.000061,0.0,-0.000061,0.0,-0.000184,0.0,-0.0,0.0,-0.002136,
0.0,0.73261,0.878101,-0.000066,0.0,1.570796,0.0,0.901363,0.06568,0.0,0.0,0.0,0.276069,-0.02533,-0.016443,0.142973,-0.105075,0.024794,-0.240299,0.02527,0.008252,0.143034,0.026954,-0.023451,-0.245896,0.174482,0.0,-0.164498,0.0,0.0,0.0,0.055062,-0.174482,0.0,-0.002991,0.0,0.0,0.0,0.0,0.0,0.0,0.0,0.0,0.0,-0.0,0.0,0.0,0.001953,-0.0047,0.0,0.000184,0.0,0.000061,0.0,-0.000061,0.0,-0.000184,0.0,-0.0,0.0,-0.002136,
0.0,0.741467,0.878688,-0.000066,0.0,1.570796,0.0,0.885662,0.058752,0.0,0.0,0.0,0.282527,-0.025324,-0.016126,0.142716,-0.078334,0.024464,-0.234701,0.025294,0.008307,0.148984,0.030264,-0.023378,-0.236911,0.174482,-0.0,-0.160732,-0.0,0.0,0.0,0.05353,-0.174482,0.0,-0.002991,0.0,0.0,0.0,0.0,0.0,0.0,0.0,0.0,0.0,0.0,0.0,-0.0,0.001953,-0.0047,0.0,0.000184,0.0,0.000061,0.0,-0.000061,0.0,-0.000184,0.0,-0.0,0.0,-0.00152,
0.0,0.750008,0.879137,-0.000066,0.0,1.570796,0.0,0.854153,0.044902,0.0,0.0,0.0,0.288893,-0.025306,-0.014515,0.142202,-0.046793,0.024061,-0.233853,0.025368,0.008142,0.164348,0.026016,-0.023378,-0.227937,0.174482,-0.0,-0.157517,0.0,0.0,-0.0,0.050398,-0.174482,0.0,-0.002991,0.0,0.0,0.0,-0.0,0.0,0.0,0.0,-0.0,0.0,-0.0,0.0,0.0,0.001953,-0.0047,0.0,0.000184,0.0,0.000061,0.0,-0.000061,0.0,-0.000184,0.0,0.0,0.0,0.000329,
0.0,0.75855,0.879587,-0.000066,0.0,1.570796,0.0,0.854184,0.04491,0.0,0.0,0.0,0.29526,-0.025288,-0.012904,0.141688,-0.015245,0.023659,-0.233005,0.025441,0.007978,0.179712,0.021767,-0.023378,-0.218963,0.174482,0.0,-0.154303,0.0,0.0,0.0,0.047266,-0.174482,0.0,-0.002991,-0.0,0.0,0.0,-0.0,0.0,-0.0,0.0,0.0,0.0,-0.0,0.0,0.0,0.001953,-0.0047,0.0,0.000184,0.0,0.000061,0.0,-0.000061,0.0,-0.000184,0.0,0.0,0.0,0.002179,
0.0,0.767092,0.880036,-0.000066,0.0,1.570796,0.0,0.854153,0.044902,0.0,0.0,0.0,0.301626,-0.02527,-0.011292,0.141174,0.016291,0.023256,-0.232157,0.025514,0.007813,0.195075,0.017519,-0.023378,-0.209989,0.174482,0.0,-0.151089,-0.0,-0.0,0.0,0.044134,-0.174482,0.0,-0.002991,-0.0,0.0,0.0,0.0,-0.0,0.0,0.0,-0.0,0.0,-0.0,0.0,0.0,0.001953,-0.0047,0.0,0.000184,0.0,0.000061,0.0,-0.000061,0.0,-0.000184,0.0,0.0,0.0,0.004028,
0.0,0.774971,0.880644,-0.000066,0.0,1.570796,0.0,0.787952,0.060881,0.0,0.0,0.0,0.269103,-0.025435,-0.008656,0.212196,0.023969,0.023036,-0.2242,0.025514,0.007813,0.195814,0.015742,-0.023378,-0.202573,0.174482,-0.0,-0.147601,0.0,0.0,0.0,0.039318,-0.174482,0.0,-0.002991,0.0,0.0,0.0,-0.0,0.0,-0.0,0.0,-0.0,0.0,0.0,0.0,-0.0,0.001953,-0.0047,0.0,0.000184,0.0,0.000061,0.0,-0.000061,0.0,-0.000184,0.0,0.0,0.0,0.002765,
0.0,0.782851,0.881253,-0.000066,0.0,1.570796,0.0,0.787937,0.060881,0.0,0.0,0.0,0.236561,-0.0256,-0.006019,0.283352,0.031642,0.022816,-0.216242,0.025514,0.007813,0.19655,0.013966,-0.023378,-0.195157,0.174482,0.0,-0.144112,-0.0,0.0,0.0,0.034501,-0.174482,0.0,-0.002991,0.0,0.0,0.0,0.0,0.0,0.0,0.0,0.0,0.0,0.0,0.0,0.0,0.001953,-0.0047,0.0,0.000184,0.0,0.000061,0.0,-0.000061,0.0,-0.000184,0.0,-0.0,0.0,0.001502,
0.0,0.79073,0.881862,-0.000066,0.0,1.570796,0.0,0.787914,0.060881,0.0,0.0,0.0,0.204025,-0.025764,-0.003382,0.354446,0.039315,0.022596,-0.208284,0.025514,0.007813,0.197286,0.01219,-0.023378,-0.187741,0.174482,0.0,-0.140624,-0.0,0.0,0.0,0.029684,-0.174482,0.0,-0.002991,-0.0,0.0,0.0,0.0,0.0,0.0,0.0,-0.0,0.0,-0.0,-0.0,-0.0,0.001953,-0.0047,0.0,0.000184,0.0,0.000061,0.0,-0.000061,0.0,-0.000184,0.0,0.0,0.0,0.000238,
0.0,0.79833,0.882462,-0.000066,0.0,1.570796,0.0,0.760051,0.059979,0.0,0.0,0.0,0.164109,-0.026393,-0.002759,0.429657,0.054587,0.02173,-0.198581,0.025514,0.007813,0.194173,0.008522,-0.023433,-0.181103,0.174482,0.0,-0.137357,-0.0,0.0,0.0,0.024136,-0.174482,0.0,-0.002991,0.0,0.0,0.0,0.0,0.0,0.0,0.0,-0.0,-0.0,-0.0,0.0,-0.0,0.001953,-0.0047,0.0,0.000184,0.0,0.000061,0.0,-0.000061,0.0,-0.000184,0.0,-0.0,0.0,-0.001318,
0.0,0.805791,0.883057,-0.000066,0.0,1.570796,0.0,0.746082,0.059521,0.0,0.0,0.0,0.120465,-0.027254,-0.003143,0.507164,0.073663,0.02054,-0.188006,0.025514,0.007813,0.189133,0.003907,-0.023515,-0.174853,0.174482,0.0,-0.1342,0.0,0.0,0.0,0.018221,-0.174482,0.0,-0.002991,-0.0,0.0,0.0,0.0,0.0,0.0,0.0,0.0,0.0,0.0,0.0,-0.0,0.001953,-0.0047,0.0,0.000184,0.0,0.000061,0.0,-0.000061,0.0,-0.000184,0.0,0.0,0.0,-0.003021,
0.0,0.813252,0.883652,-0.000066,0.0,1.570796,0.0,0.746097,0.059528,0.0,0.0,0.0,0.07682,-0.028114,-0.003528,0.584673,0.09274,0.019349,-0.17743,0.025514,0.007813,0.184093,-0.000707,-0.023597,-0.168603,0.174482,-0.0,-0.131043,-0.0,0.0,0.0,0.012306,-0.174482,0.0,-0.002991,0.0,0.0,0.0,0.0,0.0,-0.0,0.0,-0.0,0.0,-0.0,0.0,-0.0,0.001953,-0.0047,0.0,0.000184,0.0,0.000061,0.0,-0.000061,0.0,-0.000184,0.0,-0.0,0.0,-0.004724,
0.0,0.820647,0.884235,-0.000066,0.0,1.570796,0.0,0.739445,0.058307,0.0,0.0,0.0,0.036368,-0.029006,-0.003949,0.652624,0.112393,0.018037,-0.165735,0.025484,0.007837,0.176626,-0.004571,-0.02368,-0.162539,0.174482,0.0,-0.127869,0.0,0.0,0.0,0.006069,-0.174482,0.0,-0.002991,0.0,0.0,0.0,-0.0,0.0,0.0,0.0,0.0,0.0,-0.0,0.0,0.0,0.001953,-0.0047,0.0,0.000184,0.0,0.000061,0.0,-0.000061,0.0,-0.000184,0.0,0.0,0.0,-0.006274,
0.0,0.827908,0.884794,-0.000066,0.0,1.570796,0.0,0.72617,0.055857,0.0,0.0,0.0,0.002229,-0.029958,-0.004443,0.701833,0.133211,0.016481,-0.151799,0.025392,0.00791,0.1643,-0.006933,-0.023762,-0.156846,0.174482,-0.0,-0.124658,0.0,0.0,0.0,-0.000817,-0.174482,0.0,-0.002991,0.0,0.0,0.0,0.0,0.0,-0.0,0.0,-0.0,0.0,-0.0,0.0,-0.0,0.001953,-0.0047,0.0,0.000184,0.0,0.000061,0.0,-0.000061,0.0,-0.000184,0.0,0.0,0.0,-0.00752,
0.0,0.83517,0.885352,-0.000066,0.0,1.570796,0.0,0.726162,0.055857,0.0,0.0,0.0,-0.031916,-0.03091,-0.004938,0.751062,0.15403,0.014924,-0.137862,0.025301,0.007984,0.151973,-0.009296,-0.023845,-0.151152,0.174482,0.0,-0.121448,0.0,0.0,0.0,-0.007702,-0.174482,0.0,-0.002991,0.0,0.0,0.0,-0.0,0.0,-0.0,0.0,0.0,0.0,0.0,0.0,0.0,0.001953,-0.0047,0.0,0.000184,0.0,0.000061,0.0,-0.000061,0.0,-0.000184,0.0,0.0,0.0,-0.008765,
0.0,0.842431,0.885911,-0.000066,0.0,1.570796,0.0,0.726154,0.055865,0.0,0.0,0.0,-0.066047,-0.031862,-0.005432,0.80025,0.174845,0.013368,-0.123926,0.025209,0.008057,0.139647,-0.011658,-0.023927,-0.145459,0.174482,0.0,-0.118237,0.0,0.0,0.0,-0.014587,-0.174482,0.0,-0.002991,0.0,0.0,0.0,-0.0,0.0,-0.0,0.0,-0.0,0.0,0.0,0.0,-0.0,0.001953,-0.0047,0.0,0.000184,0.0,0.000061,0.0,-0.000061,0.0,-0.000184,0.0,-0.0,0.0,-0.01001,
0.0,0.849658,0.886439,-0.000066,0.0,1.570796,0.0,0.72263,0.052767,0.0,0.0,0.0,-0.093962,-0.032449,-0.005432,0.829614,0.184395,0.012397,-0.116589,0.025209,0.00824,0.139754,-0.020208,-0.024009,-0.13865,0.174482,0.0,-0.113029,0.0,0.0,0.0,-0.022113,-0.174482,0.0,-0.002991,0.0,0.0,0.0,0.0,0.0,-0.0,0.0,0.0,-0.0,0.0,0.0,0.0,0.001953,-0.0047,0.0,0.000184,0.0,0.000061,0.0,-0.000061,0.0,-0.000184,0.0,-0.0,0.0,-0.008912,
0.0,0.856884,0.886966,-0.000066,0.0,1.570796,0.0,0.722615,0.052767,0.0,0.0,0.0,-0.121882,-0.033035,-0.005432,0.858981,0.193942,0.011426,-0.109253,0.025209,0.008423,0.139864,-0.028761,-0.024092,-0.131841,0.174482,0.0,-0.107821,0.0,0.0,0.0,-0.02964,-0.174482,0.0,-0.002991,0.0,0.0,0.0,-0.0,0.0,-0.0,-0.0,0.0,0.0,0.0,0.0,-0.0,0.001953,-0.0047,0.0,0.000184,0.0,0.000061,0.0,-0.000061,0.0,-0.000184,0.0,0.0,0.0,-0.007813,
0.0,0.86411,0.887494,-0.000066,0.0,1.570796,0.0,0.72263,0.052767,0.0,0.0,0.0,-0.1498,-0.033621,-0.005432,0.888345,0.203489,0.010456,-0.101917,0.025209,0.008606,0.139974,-0.037313,-0.024174,-0.125032,0.174482,-0.0,-0.102613,-0.0,0.0,0.0,-0.037166,-0.174482,0.0,-0.002991,-0.0,0.0,0.0,0.0,0.0,0.0,0.0,0.0,0.0,0.0,0.0,0.0,0.001953,-0.0047,0.0,0.000184,0.0,0.000061,0.0,-0.000061,0.0,-0.000184,0.0,-0.0,0.0,-0.006714,
0.0,0.871215,0.888033,-0.000066,0.0,1.570796,0.0,0.71043,0.053888,0.0,0.0,0.0,-0.173712,-0.033816,-0.005127,0.905839,0.20156,0.01034,-0.094523,0.025221,0.008985,0.140109,-0.045549,-0.024257,-0.118007,0.174482,0.0,-0.096796,0.0,0.0,0.0,-0.045927,-0.174482,-0.0,-0.002478,-0.0,0.0,0.0,-0.0,0.0,-0.0,-0.0,0.0,0.0,0.0,0.0,-0.0,0.001953,-0.0047,0.0,0.000184,0.0,0.000061,0.0,-0.000061,0.0,-0.000184,0.0,0.0,0.0,-0.004847,
0.0,0.878258,0.888578,-0.000066,0.0,1.570796,0.0,0.70435,0.054452,0.0,0.0,0.0,-0.195628,-0.033816,-0.004669,0.917398,0.193888,0.010651,-0.0871,0.025239,0.009461,0.140256,-0.053627,-0.024339,-0.110873,0.174482,0.0,-0.090673,0.0,0.0,0.0,-0.055306,-0.174482,0.0,-0.001709,0.0,0.0,0.0,0.0,0.0,0.0,0.0,0.0,0.0,0.0,0.0,0.0,0.001953,-0.0047,0.0,0.000184,0.0,0.000061,-0.0,-0.000061,0.0,-0.000184,0.0,0.0,0.0,-0.002595,
0.0,0.885301,0.889122,-0.000066,0.0,1.570796,0.0,0.70435,0.054444,0.0,0.0,0.0,-0.217544,-0.033816,-0.004212,0.928958,0.186216,0.010962,-0.079677,0.025258,0.009937,0.140403,-0.061705,-0.024422,-0.103739,0.174482,0.0,-0.084551,-0.0,0.0,0.0,-0.064686,-0.174482,0.0,-0.00094,0.0,0.0,0.0,0.0,0.0,0.0,0.0,-0.0,0.0,-0.0,0.0,0.0,0.001953,-0.0047,0.0,0.000184,0.0,0.000061,0.0,-0.000061,0.0,-0.000184,0.0,0.0,0.0,-0.000342,
0.0,0.892325,0.889656,-0.000066,0.0,1.570796,0.0,0.702313,0.053368,0.0,0.0,0.0,-0.238038,-0.033688,-0.003723,0.936891,0.17722,0.011396,-0.072243,0.02527,0.010449,0.14055,-0.069443,-0.024504,-0.096472,0.174482,0.0,-0.078265,-0.0,0.0,0.0,-0.074671,-0.174482,0.0,-0.000824,0.0,0.0,0.0,0.0,0.0,-0.0,0.0,-0.0,0.0,-0.0,0.0,-0.0,0.001953,-0.0047,0.0,0.000184,0.0,0.000061,-0.0,-0.000061,0.0,-0.000184,0.0,0.0,0.0,0.00213,
0.0,0.899308,0.890168,-0.000066,0.0,1.570796,0.0,0.698292,0.051217,0.0,0.0,0.0,-0.255695,-0.033303,-0.003174,0.937569,0.165573,0.012073,-0.064786,0.02527,0.011035,0.140696,-0.076498,-0.024586,-0.088939,0.174482,0.0,-0.071651,0.0,0.0,0.0,-0.08587,-0.174482,0.0,-0.002014,0.0,0.0,0.0,-0.0,0.0,-0.0,0.0,-0.0,0.0,-0.0,0.0,-0.0,0.001953,-0.0047,0.0,0.000184,0.0,0.000061,0.0,-0.000061,0.0,-0.000184,0.0,0.0,0.0,0.005041,
-0.0,0.90629,0.89068,-0.000066,0.0,1.570796,-0.0,0.698269,0.051217,0.0,0.0,0.0,-0.273353,-0.032919,-0.002625,0.938246,0.153925,0.012751,-0.05733,0.02527,0.011621,0.140843,-0.083553,-0.024669,-0.081406,0.174482,-0.0,-0.065036,0.0,0.0,0.0,-0.09707,-0.174482,0.0,-0.003204,0.0,0.0,0.0,-0.0,0.0,0.0,-0.0,-0.0,0.0,0.0,0.0,-0.0,0.001953,-0.0047,0.0,0.000184,0.0,0.000061,0.0,-0.000061,0.0,-0.000184,0.0,-0.0,0.0,0.007953,
-0.0,0.913273,0.891192,-0.000066,0.0,1.570796,0.0,0.698292,0.051217,0.0,0.0,0.0,-0.291009,-0.032534,-0.002075,0.938923,0.142278,0.013428,-0.049874,0.02527,0.012207,0.14099,-0.090608,-0.024751,-0.073873,0.174482,-0.0,-0.058422,0.0,0.0,0.0,-0.108269,-0.174482,-0.0,-0.004394,0.0,0.0,0.0,0.0,0.0,-0.0,0.0,-0.0,0.0,0.0,0.0,-0.0,0.001953,-0.0047,0.0,0.000184,0.0,0.000061,0.0,-0.000061,0.0,-0.000184,0.0,0.0,0.0,0.010864,
0.0,0.920318,0.891427,-0.000066,0.0,1.570796,0.0,0.704474,0.023507,0.0,0.0,0.0,-0.305601,-0.032095,-0.001563,0.930822,0.129528,0.014234,-0.04231,0.025325,0.012574,0.141082,-0.096494,-0.024834,-0.065703,0.174482,0.0,-0.051645,0.0,0.0,0.0,-0.121187,-0.174482,0.0,-0.005603,0.0,0.0,0.0,-0.0,0.0,-0.0,-0.0,0.0,0.0,-0.0,0.0,-0.0,0.001953,-0.0047,0.0,0.000184,0.0,0.000061,0.0,-0.000061,0.0,-0.000184,0.0,0.0,0.0,0.013025,
0.0,0.927363,0.891662,-0.000066,0.0,1.570796,0.0,0.704489,0.023507,0.0,0.0,0.0,-0.320194,-0.031655,-0.00105,0.922719,0.116778,0.015039,-0.034746,0.02538,0.01294,0.141174,-0.102379,-0.024916,-0.057532,0.174482,0.0,-0.044868,0.0,0.0,0.0,-0.134106,-0.174482,0.0,-0.006811,-0.0,0.0,0.0,0.0,0.0,-0.0,0.0,0.0,0.0,0.0,0.0,-0.0,0.001953,-0.0047,0.0,0.000184,-0.0,0.000061,0.0,-0.000061,0.0,-0.000184,0.0,0.0,0.0,0.015186,
0.0,0.934407,0.891897,-0.000066,0.0,1.570796,0.0,0.704466,0.023507,0.0,0.0,0.0,-0.334786,-0.031216,-0.000537,0.914615,0.104028,0.015845,-0.027183,0.025435,0.013306,0.141266,-0.108265,-0.024998,-0.049362,0.174482,-0.0,-0.038091,-0.0,0.0,0.0,-0.147024,-0.174482,-0.0,-0.00802,0.0,0.0,0.0,0.0,0.0,0.0,0.0,0.0,0.0,0.0,0.0,0.0,0.001953,-0.0047,0.0,0.000184,0.0,0.000061,0.0,-0.000061,-0.0,-0.000184,0.0,-0.0,0.0,0.017346,
0.0,0.941567,0.891905,-0.000066,0.0,1.570796,-0.0,0.715988,0.000742,0.0,0.0,0.0,-0.349095,-0.031069,-0.00058,0.903299,0.094255,0.016291,-0.019436,0.025453,0.013294,0.141296,-0.110753,-0.025026,-0.040961,0.174482,-0.0,-0.0314,0.0,0.0,0.0,-0.159123,-0.174482,0.0,-0.010815,0.0,0.0,0.0,0.0,0.0,0.0,0.0,0.0,0.0,0.0,0.0,0.0,0.001953,-0.0047,0.0,0.000184,0.0,0.000061,-0.0,-0.000061,-0.0,-0.000184,0.0,0.0,0.0,0.018616,
0.0,0.948785,0.891798,-0.000066,0.0,1.570796,0.0,0.721749,-0.010664,0.0,0.0,0.0,-0.363264,-0.031069,-0.0009,0.890375,0.08597,0.016556,-0.011599,0.025453,0.013093,0.141296,-0.111542,-0.025026,-0.032445,0.174482,0.0,-0.024753,0.0,0.0,0.0,-0.170812,-0.174482,-0.0,-0.014404,0.0,0.0,0.0,0.0,0.0,-0.0,0.0,-0.0,0.0,-0.0,0.0,0.0,0.001953,-0.0047,0.0,0.000184,0.0,0.000061,0.0,-0.000061,0.0,-0.000184,0.0,0.0,0.0,0.01944,
0.0,0.956002,0.891692,-0.000066,0.0,1.570796,-0.0,0.721726,-0.010656,0.0,0.0,0.0,-0.377432,-0.031069,-0.001221,0.877451,0.077686,0.016822,-0.003762,0.025453,0.012891,0.141296,-0.11233,-0.025026,-0.023929,0.174482,0.0,-0.018105,0.0,0.0,0.0,-0.1825,-0.174482,0.0,-0.017993,0.0,0.0,0.0,-0.0,0.0,0.0,0.0,-0.0,0.0,-0.0,0.0,0.0,0.001953,-0.0047,0.0,0.000184,-0.0,0.000061,0.0,-0.000061,0.0,-0.000184,0.0,0.0,0.0,0.020264,
0.0,0.963319,0.89146,-0.000066,0.0,1.570796,0.0,0.731706,-0.023153,0.0,0.0,0.0,-0.390966,-0.03102,-0.001541,0.863392,0.070111,0.017087,0.004192,0.025453,0.012647,0.141259,-0.113345,-0.025026,-0.015036,0.174482,0.0,-0.013672,0.0,0.0,0.0,-0.193527,-0.174482,0.0,-0.022485,0.0,0.0,0.0,0.0,0.0,-0.0,0.0,0.0,0.0,0.0,0.0,-0.0,0.001953,-0.0047,0.0,0.000184,0.0,0.000061,0.0,-0.000061,0.0,-0.000184,0.0,0.0,0.0,0.020649,
0.0,0.970836,0.890978,-0.000066,0.0,1.570796,0.0,0.751643,-0.048168,0.0,0.0,0.0,-0.403232,-0.030874,-0.001862,0.847062,0.063955,0.017353,0.012377,0.025453,0.012317,0.141149,-0.114812,-0.025026,-0.005386,0.174482,-0.0,-0.013672,0.0,0.0,0.0,-0.203229,-0.174482,0.0,-0.028785,0.0,0.0,0.0,-0.0,0.0,0.0,0.0,0.0,0.0,0.0,0.0,-0.0,0.001953,-0.0047,0.0,0.000184,0.0,0.000061,0.0,-0.000061,0.0,-0.000184,0.0,-0.0,0.0,0.020155,
0.0,0.978352,0.890497,-0.000066,0.0,1.570796,0.0,0.751651,-0.048168,0.0,0.0,0.0,-0.415498,-0.030727,-0.002182,0.830731,0.0578,0.017619,0.020562,0.025453,0.011988,0.141039,-0.11628,-0.025026,0.004265,0.174482,-0.0,-0.013672,-0.0,0.0,0.0,-0.212931,-0.174482,0.0,-0.035085,-0.0,0.0,0.0,0.0,0.0,-0.0,0.0,-0.0,0.0,-0.0,0.0,0.0,0.001953,-0.0047,0.0,0.000184,0.0,0.000061,0.0,-0.000061,0.0,-0.000184,0.0,0.0,0.0,0.01966,
0.0,0.985868,0.890015,-0.000066,0.0,1.570796,0.0,0.751636,-0.048168,0.0,0.0,0.0,-0.427764,-0.030581,-0.002502,0.814401,0.051644,0.017884,0.028748,0.025453,0.011658,0.140929,-0.117747,-0.025026,0.013914,0.174482,0.0,-0.013672,0.0,0.0,0.0,-0.222632,-0.174482,0.0,-0.041385,0.0,0.0,0.0,0.0,0.0,0.0,0.0,0.0,0.0,0.0,0.0,0.0,0.001953,-0.0047,0.0,0.000184,0.0,0.000061,0.0,-0.000061,0.0,-0.000184,0.0,0.0,0.0,0.019166,
-0.0,0.993541,0.889122,-0.000066,0.0,1.570796,-0.0,0.767241,-0.08932,0.0,0.0,0.0,-0.437676,-0.030251,-0.002429,0.79454,0.045582,0.018323,0.037154,0.02538,0.011182,0.140819,-0.120334,-0.025026,0.024042,0.174482,-0.0,-0.013672,0.0,0.0,0.0,-0.230727,-0.174482,0.0,-0.048199,0.0,0.0,0.0,-0.0,0.0,0.0,0.0,-0.0,0.0,0.0,0.0,0.0,0.001953,-0.0047,0.0,0.000184,0.0,0.000061,0.0,-0.000061,0.0,-0.000184,0.0,-0.0,0.0,0.018031,
0.0,1.001213,0.888229,-0.000066,0.0,1.570796,0.0,0.767218,-0.089328,0.0,0.0,0.0,-0.447588,-0.029922,-0.002356,0.774675,0.03952,0.018763,0.045561,0.025307,0.010706,0.140709,-0.12292,-0.025026,0.034169,0.174482,0.0,-0.013672,0.0,0.0,0.0,-0.238822,-0.174482,0.0,-0.055013,0.0,0.0,0.0,0.0,0.0,-0.0,0.0,-0.0,0.0,0.0,0.0,-0.0,0.001953,-0.0047,0.0,0.000184,0.0,0.000061,-0.0,-0.000061,0.0,-0.000184,0.0,0.0,0.0,0.016896,
0.0,1.008885,0.887335,-0.000066,0.0,1.570796,0.0,0.767241,-0.089328,0.0,0.0,0.0,-0.4575,-0.029592,-0.002283,0.754811,0.033457,0.019202,0.053968,0.025233,0.01023,0.140599,-0.125507,-0.025026,0.044296,0.174482,0.0,-0.013672,0.0,0.0,0.0,-0.246917,-0.174482,0.0,-0.061827,-0.0,0.0,0.0,0.0,0.0,0.0,0.0,-0.0,0.0,-0.0,0.0,0.0,0.001953,-0.0047,0.0,0.000184,0.0,0.000061,0.0,-0.000061,0.0,-0.000184,0.0,0.0,0.0,0.01576,
0.0,1.01677,0.886309,-0.000066,0.0,1.570796,0.0,0.788489,-0.102639,0.0,0.0,0.0,-0.460856,-0.029018,-0.001807,0.724528,0.024943,0.019849,0.062633,0.025209,0.009766,0.140513,-0.129562,-0.025026,0.053291,0.174482,0.0,-0.013672,-0.0,0.0,0.0,-0.253716,-0.174482,0.0,-0.068606,0.0,-0.0,0.0,0.0,0.0,-0.0,0.0,-0.0,0.0,-0.0,0.0,-0.0,0.001953,-0.0047,-0.0,0.000184,0.0,0.000061,0.0,-0.000061,0.0,-0.000184,0.0,0.0,0.0,0.015003,
0.0,1.024761,0.885216,-0.000066,0.0,1.570796,-0.0,0.79911,-0.109292,0.0,0.0,0.0,-0.460932,-0.028322,-0.001129,0.689013,0.015201,0.0206,0.071428,0.025209,0.009308,0.14044,-0.134352,-0.025026,0.061718,0.174482,0.0,-0.013672,0.0,0.0,0.0,-0.259865,-0.174482,-0.0,-0.075368,0.0,0.0,0.0,0.0,0.0,-0.0,0.0,-0.0,0.0,-0.0,0.0,0.0,0.001953,-0.0047,0.0,0.000184,0.0,0.000061,0.0,-0.000061,0.0,-0.000184,0.0,0.0,0.0,0.014436,
0.0,1.032753,0.884123,-0.000066,0.0,1.570796,0.0,0.799125,-0.109299,0.0,0.0,0.0,-0.461007,-0.027626,-0.000452,0.653497,0.005459,0.021351,0.080224,0.025209,0.00885,0.140366,-0.139142,-0.025026,0.070145,0.174482,-0.0,-0.013672,0.0,0.0,0.0,-0.266015,-0.174482,0.0,-0.082129,0.0,0.0,0.0,0.0,0.0,-0.0,0.0,-0.0,0.0,-0.0,0.0,-0.0,0.001953,-0.0047,0.0,0.000184,0.0,0.000061,0.0,-0.000061,0.0,-0.000184,0.0,0.0,0.0,0.013868,
0.0,1.040929,0.882998,-0.000066,0.0,1.570796,0.0,0.81768,-0.112518,0.0,0.0,0.0,-0.459586,-0.026961,0.000268,0.617154,-0.004905,0.022041,0.089301,0.025209,0.008545,0.140317,-0.144857,-0.025058,0.078,0.174482,0.0,-0.013672,0.0,0.0,0.0,-0.271421,-0.174482,0.0,-0.0888,0.0,0.0,0.0,0.0,0.0,0.0,0.0,0.0,0.0,0.0,0.0,0.0,0.001953,-0.0047,0.0,0.000184,0.0,0.000061,0.0,-0.000061,0.0,-0.000184,0.0,0.0,0.0,0.013562,
-0.0,1.049478,0.881808,-0.000066,0.0,1.570796,-0.0,0.854889,-0.118962,0.0,0.0,0.0,-0.45517,-0.026357,0.001074,0.579099,-0.016515,0.022608,0.098946,0.025209,0.008545,0.140317,-0.152424,-0.025156,0.084708,0.174482,0.0,-0.013672,0.0,0.0,0.0,-0.275341,-0.174482,0.0,-0.09529,0.0,0.0,0.0,-0.0,0.0,0.0,0.0,0.0,0.0,-0.0,0.0,0.0,0.001953,-0.0047,0.0,0.000184,0.0,0.000061,0.0,-0.000061,0.0,-0.000184,0.0,-0.0,0.0,0.013782,
0.0,1.058027,0.880619,-0.000066,0.0,1.570796,0.0,0.854866,-0.11897,0.0,0.0,0.0,-0.450753,-0.025752,0.00188,0.541036,-0.028125,0.023176,0.10859,0.025209,0.008545,0.140317,-0.159991,-0.025254,0.091416,0.174482,-0.0,-0.013672,-0.0,0.0,0.0,-0.27926,-0.174482,0.0,-0.10178,0.0,0.0,0.0,0.0,0.0,0.0,0.0,0.0,0.0,0.0,0.0,-0.0,0.001953,-0.0047,0.0,0.000184,0.0,0.000061,0.0,-0.000061,0.0,-0.000184,0.0,0.0,0.0,0.014002,
0.0,1.066576,0.879429,-0.000066,0.0,1.570796,-0.0,0.854881,-0.118962,0.0,0.0,0.0,-0.446337,-0.025148,0.002685,0.50299,-0.039735,0.023744,0.118234,0.025209,0.008545,0.140317,-0.167558,-0.025351,0.098124,0.174482,0.0,-0.013672,-0.0,0.0,0.0,-0.28318,-0.174482,0.0,-0.10827,0.0,0.0,0.0,0.0,0.0,-0.0,0.0,-0.0,0.0,-0.0,0.0,0.0,0.001953,-0.0047,0.0,0.000184,0.0,0.000061,0.0,-0.000061,0.0,-0.000184,0.0,0.0,0.0,0.014222,
0.0,1.076027,0.878345,-0.000066,0.0,1.570796,0.0,0.945083,-0.108412,0.0,0.0,0.0,-0.44324,-0.024855,0.003345,0.476081,-0.053456,0.023964,0.128916,0.025209,0.009259,0.140537,-0.176144,-0.025449,0.102746,0.174482,0.0,-0.013672,0.0,0.0,0.0,-0.283643,-0.174482,-0.0,-0.114085,0.0,0.0,0.0,0.0,0.0,-0.0,0.0,0.0,0.0,0.0,0.0,0.0,0.001953,-0.0047,0.0,0.000184,0.0,0.000061,0.0,-0.000061,0.0,-0.000184,0.0,-0.0,0.0,0.014808,
0.0,1.085477,0.877261,-0.000066,0.0,1.570796,0.0,0.945083,-0.108404,0.0,0.0,0.0,-0.440144,-0.024562,0.004004,0.449169,-0.067179,0.024183,0.139598,0.025209,0.009973,0.140758,-0.184731,-0.025547,0.107367,0.174482,0.0,-0.013672,-0.0,0.0,0.0,-0.284105,-0.174482,-0.0,-0.1199,0.0,0.0,0.0,0.0,0.0,0.0,0.0,0.0,0.0,-0.0,0.0,0.0,0.001953,-0.0047,0.0,0.000184,0.0,0.000061,-0.0,-0.000061,0.0,-0.000184,0.0,0.0,0.0,0.015394,
0.0,1.094929,0.876177,-0.000066,0.0,1.570796,0.0,0.945106,-0.108412,0.0,0.0,0.0,-0.437048,-0.024269,0.004663,0.42226,-0.080901,0.024403,0.15028,0.025209,0.010687,0.140978,-0.193318,-0.025644,0.111987,0.174482,-0.0,-0.013672,0.0,0.0,0.0,-0.284568,-0.174482,0.0,-0.125714,-0.0,0.0,0.0,0.0,0.0,-0.0,0.0,0.0,0.0,-0.0,0.0,-0.0,0.001953,-0.0047,0.0,0.000184,0.0,0.000061,0.0,-0.000061,0.0,-0.000184,0.0,0.0,0.0,0.01598,
0.0,1.104435,0.875286,-0.000066,0.0,1.570796,0.0,0.950598,-0.089071,0.0,0.0,0.0,-0.439217,-0.024086,0.005237,0.41557,-0.096992,0.024476,0.16064,0.025233,0.011243,0.141113,-0.197274,-0.025742,0.114702,0.174482,0.0,-0.013672,0.0,0.0,0.0,-0.283699,-0.174482,0.0,-0.129855,0.0,0.0,0.0,-0.0,0.0,0.0,0.0,0.0,0.0,-0.0,0.0,-0.0,0.001953,-0.0047,0.0,0.000184,0.0,0.000061,0.0,-0.000061,0.0,-0.000184,0.0,0.0,0.0,0.016639,
-0.0,1.113968,0.874492,-0.000066,0.0,1.570796,-0.0,0.953382,-0.079405,0.0,0.0,0.0,-0.444023,-0.023958,0.005768,0.418996,-0.11427,0.024476,0.17084,0.02527,0.011719,0.141204,-0.198911,-0.02584,0.116463,0.174482,-0.0,-0.013672,0.0,0.0,0.0,-0.282164,-0.174482,0.0,-0.133159,0.0,0.0,0.0,0.0,0.0,0.0,0.0,-0.0,0.0,-0.0,0.0,-0.0,0.001953,-0.0047,0.0,0.000184,0.0,0.000061,0.0,-0.000061,0.0,-0.000184,0.0,0.0,0.0,0.017335,
0.0,1.123502,0.873698,-0.000066,0.0,1.570796,0.0,0.953367,-0.079397,0.0,0.0,0.0,-0.448829,-0.023829,0.006299,0.422422,-0.131549,0.024476,0.181041,0.025306,0.012195,0.141296,-0.200549,-0.025937,0.118224,0.174482,-0.0,-0.013672,-0.0,0.0,0.0,-0.280629,-0.174482,0.0,-0.136462,0.0,-0.0,0.0,0.0,0.0,0.0,0.0,0.0,0.0,0.0,0.0,-0.0,0.001953,-0.0047,0.0,0.000184,0.0,0.000061,0.0,-0.000061,0.0,-0.000184,0.0,0.0,0.0,0.01803,
0.0,1.133108,0.873014,-0.000066,0.0,1.570796,0.0,0.960637,-0.068418,0.0,0.0,0.0,-0.450133,-0.023744,0.006696,0.422351,-0.144826,0.024476,0.191141,0.025331,0.012683,0.141382,-0.200538,-0.026003,0.119209,0.174482,0.0,-0.013672,-0.0,0.0,0.0,-0.278564,-0.174482,0.0,-0.138714,0.0,0.0,0.0,0.0,0.0,0.0,0.0,0.0,0.0,0.0,0.0,0.0,0.001953,-0.0047,0.0,0.000184,0.0,0.000061,-0.0,-0.000061,0.0,-0.000184,0.0,-0.0,0.0,0.018763,
0.0,1.14286,0.872549,-0.000066,0.0,1.570796,0.0,0.975154,-0.046444,0.0,0.0,0.0,-0.444427,-0.023744,0.006824,0.415279,-0.150097,0.024476,0.201045,0.025331,0.013196,0.141455,-0.197226,-0.026003,0.11864,0.174482,0.0,-0.013672,0.0,0.0,0.0,-0.27544,-0.174482,0.0,-0.138861,0.0,0.0,0.0,0.0,0.0,-0.0,0.0,0.0,0.0,-0.0,0.0,0.0,0.001953,-0.0047,0.0,0.000184,0.0,0.000061,0.0,-0.000061,0.0,-0.000184,0.0,0.0,0.0,0.019569,
0.0,1.152611,0.872085,-0.000066,0.0,1.570796,0.0,0.975131,-0.046437,0.0,0.0,0.0,-0.438722,-0.023744,0.006952,0.408207,-0.155367,0.024476,0.210948,0.025331,0.013709,0.141529,-0.193915,-0.026003,0.118072,0.174482,0.0,-0.013672,0.0,0.0,0.0,-0.272316,-0.174482,0.0,-0.139008,0.0,0.0,0.0,0.0,0.0,-0.0,0.0,-0.0,0.0,-0.0,0.0,-0.0,0.001953,-0.0047,0.0,0.000184,0.0,0.000061,0.0,-0.000061,0.0,-0.000184,0.0,0.0,0.0,0.020374,
0.0,1.162363,0.87162,-0.000066,0.0,1.570796,0.0,0.975162,-0.046444,0.0,0.0,0.0,-0.433016,-0.023744,0.00708,0.401135,-0.160638,0.024476,0.220851,0.025331,0.014222,0.141602,-0.190603,-0.026003,0.117503,0.174482,0.0,-0.013672,0.0,0.0,0.0,-0.269193,-0.174482,0.0,-0.139155,0.0,0.0,0.0,-0.0,0.0,0.0,0.0,-0.0,0.0,-0.0,0.0,-0.0,0.001953,-0.0047,0.0,0.000184,0.0,0.000061,0.0,-0.000061,0.0,-0.000184,0.0,0.0,0.0,0.02118,
-0.0,1.173254,0.871438,-0.000066,0.0,1.570796,-0.0,1.089151,-0.018261,0.0,0.0,0.0,-0.422743,-0.023744,0.006861,0.394006,-0.154672,0.024476,0.23127,0.025441,0.015119,0.141712,-0.182515,-0.026003,0.117778,0.174482,0.0,-0.013672,0.0,0.0,0.0,-0.264465,-0.174482,0.0,-0.136457,0.0,0.0,0.0,-0.0,0.0,-0.0,0.0,0.0,0.0,0.0,0.0,-0.0,0.001953,-0.0047,0.0,0.000184,0.0,0.000061,0.0,-0.000061,0.0,-0.000184,0.0,-0.0,0.0,0.02259,
0.0,1.184146,0.871255,-0.000066,0.0,1.570796,0.0,1.089204,-0.018254,0.0,0.0,0.0,-0.412468,-0.023744,0.006641,0.386876,-0.148704,0.024476,0.24169,0.025551,0.016016,0.141822,-0.174426,-0.026003,0.118053,0.174482,0.0,-0.013672,-0.0,0.0,0.0,-0.259737,-0.174482,-0.0,-0.13376,0.0,0.0,0.0,0.0,0.0,-0.0,0.0,-0.0,0.0,0.0,0.0,0.0,0.001953,-0.0047,0.0,0.000184,0.0,0.000061,0.0,-0.000061,0.0,-0.000184,-0.0,0.0,0.0,0.024,
0.0,1.195038,0.871073,-0.000066,0.0,1.570796,0.0,1.089173,-0.018261,0.0,0.0,0.0,-0.402194,-0.023744,0.006421,0.379747,-0.142736,0.024476,0.25211,0.02566,0.016913,0.141932,-0.166338,-0.026003,0.118328,0.174482,0.0,-0.013672,-0.0,0.0,0.0,-0.255009,-0.174482,0.0,-0.131062,-0.0,0.0,0.0,0.0,0.0,-0.0,0.0,-0.0,0.0,-0.0,0.0,-0.0,0.001953,-0.0047,0.0,0.000184,0.0,0.000061,0.0,-0.000061,0.0,-0.000184,-0.0,-0.0,0.0,0.02541,
0.0,1.205674,0.871107,-0.000066,0.0,1.570796,0.0,1.063575,0.003466,0.0,0.0,0.0,-0.38716,-0.023793,0.006006,0.36461,-0.130307,0.024476,0.26162,0.025758,0.017737,0.141969,-0.151838,-0.025844,0.116978,0.174482,0.0,-0.013672,-0.0,0.0,0.0,-0.249891,-0.174482,-0.0,-0.127448,0.0,0.0,0.0,0.0,0.0,0.0,0.0,0.0,0.0,0.0,0.0,-0.0,0.001953,-0.0047,0.0,0.000184,0.0,0.000061,0.0,-0.000061,0.0,-0.000184,0.0,-0.0,0.0,0.025978,
0.0,1.216181,0.871251,-0.000066,0.0,1.570796,0.0,1.050727,0.014344,0.0,0.0,0.0,-0.369741,-0.023866,0.005493,0.345463,-0.114643,0.024476,0.270676,0.02585,0.018525,0.141969,-0.134126,-0.025606,0.114813,0.174482,0.0,-0.013672,0.0,0.0,0.0,-0.244578,-0.174482,0.0,-0.123375,0.0,0.0,0.0,0.0,0.0,-0.0,0.0,-0.0,0.0,0.0,0.0,0.0,0.001953,-0.0047,0.0,0.000184,0.0,0.000061,0.0,-0.000061,0.0,-0.000184,0.0,0.0,0.0,0.026125,
0.0,1.226689,0.871394,-0.000066,0.0,1.570796,0.0,1.050757,0.014337,0.0,0.0,0.0,-0.352322,-0.023939,0.004981,0.326316,-0.098978,0.024476,0.279731,0.025941,0.019312,0.141969,-0.116415,-0.025368,0.112649,0.174482,-0.0,-0.013672,-0.0,0.0,0.0,-0.239264,-0.174482,0.0,-0.119302,0.0,0.0,0.0,0.0,0.0,-0.0,0.0,0.0,0.0,-0.0,0.0,0.0,0.001953,-0.0047,0.0,0.000184,0.0,0.000061,0.0,-0.000061,0.0,-0.000184,0.0,0.0,0.0,0.026271,
0.0,1.237002,0.871644,-0.000066,0.0,1.570796,0.0,1.031294,0.024955,0.0,0.0,0.0,-0.336733,-0.024013,0.00448,0.311346,-0.084413,0.024476,0.288503,0.026002,0.019667,0.141865,-0.095276,-0.025032,0.109441,0.174482,0.0,-0.013672,0.0,0.0,0.0,-0.233904,-0.174482,0.0,-0.114924,0.0,0.0,0.0,0.0,0.0,0.0,0.0,0.0,0.0,-0.0,0.0,-0.0,0.001953,-0.0047,0.0,0.000184,0.0,0.000061,0.0,-0.000061,0.0,-0.000184,0.0,-0.0,0.0,0.025984,
0.0,1.246925,0.872106,-0.000066,0.0,1.570796,0.0,0.992299,0.046231,0.0,0.0,0.0,-0.324806,-0.024086,0.004004,0.304733,-0.072046,0.024476,0.296706,0.026002,0.019154,0.141553,-0.067263,-0.024501,0.104142,0.174482,0.0,-0.013672,0.0,0.0,0.0,-0.228449,-0.174482,0.0,-0.109936,0.0,0.0,0.0,0.0,0.0,-0.0,0.0,0.0,0.0,0.0,0.0,-0.0,0.001953,-0.0047,0.0,0.000184,0.0,0.000061,0.0,-0.000061,0.0,-0.000184,0.0,0.0,0.0,0.024831,
0.0,1.256848,0.872568,-0.000066,0.0,1.570796,0.0,0.992322,0.046224,0.0,0.0,0.0,-0.312878,-0.024159,0.003528,0.29812,-0.059678,0.024476,0.30491,0.026002,0.018641,0.141241,-0.039247,-0.02397,0.098843,0.174482,-0.0,-0.013672,0.0,0.0,0.0,-0.222994,-0.174482,0.0,-0.104948,-0.0,0.0,0.0,0.0,0.0,0.0,0.0,-0.0,0.0,0.0,0.0,-0.0,0.001953,-0.0047,0.0,0.000184,0.0,0.000061,0.0,-0.000061,0.0,-0.000184,0.0,0.0,0.0,0.023677,
0.0,1.266771,0.87303,-0.000066,0.0,1.570796,0.0,0.992299,0.046224,0.0,0.0,0.0,-0.300951,-0.024232,0.003052,0.291508,-0.047311,0.024476,0.313114,0.026002,0.018128,0.140929,-0.011238,-0.023439,0.093544,0.174482,-0.0,-0.013672,0.0,0.0,0.0,-0.217539,-0.174482,0.0,-0.09996,0.0,0.0,0.0,0.0,0.0,-0.0,0.0,-0.0,0.0,0.0,0.0,-0.0,0.001953,-0.0047,0.0,0.000184,0.0,0.000061,0.0,-0.000061,0.0,-0.000184,0.0,-0.0,0.0,0.022523,
0.0,1.276167,0.873749,-0.000066,0.0,1.570796,0.0,0.939586,0.071893,0.0,0.0,0.0,-0.292181,-0.024232,0.002759,0.292302,-0.041412,0.024367,0.284857,0.026716,0.01703,0.206778,-0.001638,-0.022706,0.085078,0.174482,0.0,-0.013672,0.0,0.0,0.0,-0.212383,-0.174482,-0.0,-0.095231,0.0,0.0,0.0,-0.0,0.0,0.0,0.0,0.0,0.0,0.0,0.0,0.0,0.001953,-0.0047,0.0,0.000184,0.0,0.000061,0.0,-0.000061,0.0,-0.000184,0.0,0.0,0.0,0.02148,
0.0,1.285562,0.874468,-0.000066,0.0,1.570796,-0.0,0.93954,0.071901,0.0,0.0,0.0,-0.283412,-0.024232,0.002466,0.293098,-0.035515,0.024257,0.256585,0.027431,0.015931,0.272738,0.007957,-0.021974,0.076612,0.174482,0.0,-0.013672,-0.0,0.0,0.0,-0.207228,-0.174482,0.0,-0.090502,-0.0,-0.0,0.0,0.0,0.0,-0.0,0.0,0.0,0.0,0.0,0.0,0.0,0.001953,-0.0047,0.0,0.000184,0.0,0.000061,0.0,-0.000061,0.0,-0.000184,0.0,-0.0,0.0,0.020436,
0.0,1.294958,0.875187,-0.000066,0.0,1.570796,0.0,0.939586,0.071893,0.0,0.0,0.0,-0.274643,-0.024232,0.002173,0.293894,-0.029618,0.024147,0.228315,0.028145,0.014832,0.338652,0.017552,-0.021241,0.068145,0.174482,0.0,-0.013672,0.0,0.0,0.0,-0.202073,-0.174482,0.0,-0.085773,0.0,0.0,0.0,-0.0,0.0,0.0,0.0,0.0,0.0,0.0,0.0,0.0,0.001953,-0.0047,0.0,0.000184,0.0,0.000061,0.0,-0.000061,0.0,-0.000184,-0.0,0.0,0.0,0.019392,
0.0,1.304055,0.875994,-0.000066,0.0,1.570796,0.0,0.909739,0.08068,0.0,0.0,0.0,-0.264767,-0.024232,0.002075,0.292926,-0.029432,0.02411,0.18836,0.029762,0.015637,0.416497,0.034656,-0.019338,0.058339,0.174482,0.0,-0.013672,0.0,0.0,0.0,-0.197791,-0.174482,0.0,-0.080837,0.0,0.0,0.0,0.0,0.0,-0.0,0.0,0.0,0.0,0.0,0.0,0.0,0.001953,-0.0047,0.0,0.000184,0.0,0.000061,0.0,-0.000061,-0.0,-0.000184,0.0,-0.0,0.0,0.019471,
0.0,1.313004,0.876845,-0.000066,0.0,1.570796,0.0,0.894861,0.085081,0.0,0.0,0.0,-0.254337,-0.024232,0.002075,0.291075,-0.032106,0.02411,0.142513,0.031832,0.017395,0.500589,0.055523,-0.016847,0.047862,0.174482,-0.0,-0.013672,0.0,0.0,0.0,-0.193946,-0.174482,-0.0,-0.075798,0.0,0.0,0.0,0.0,0.0,0.0,0.0,-0.0,0.0,0.0,0.0,0.0,0.001953,-0.0047,0.0,0.000184,-0.0,0.000061,0.0,-0.000061,0.0,-0.000184,0.0,0.0,0.0,0.020112,
0.0,1.321953,0.877696,-0.000066,0.0,1.570796,0.0,0.894861,0.085074,0.0,0.0,0.0,-0.243906,-0.024232,0.002075,0.289224,-0.03478,0.02411,0.096667,0.033901,0.019153,0.584682,0.07639,-0.014357,0.037385,0.174482,0.0,-0.013672,0.0,0.0,0.0,-0.190101,-0.174482,0.0,-0.070758,0.0,0.0,0.0,0.0,0.0,-0.0,0.0,-0.0,0.0,-0.0,0.0,0.0,0.001953,-0.0047,0.0,0.000184,0.0,0.000061,0.0,-0.000061,0.0,-0.000184,0.0,-0.0,0.0,0.020753,
0.0,1.330826,0.878579,-0.000066,0.0,1.570796,0.0,0.887369,0.088308,0.0,0.0,0.0,-0.232209,-0.024232,0.002075,0.284826,-0.037747,0.02411,0.054359,0.035922,0.020734,0.657569,0.099136,-0.011671,0.026647,0.174482,0.0,-0.012672,0.0,0.0,0.0,-0.186501,-0.174482,0.0,-0.06547,0.0,0.0,-0.0,0.0,0.0,0.0,0.0,-0.0,0.0,0.0,0.0,0.0,0.001953,-0.0047,0.0,0.000184,0.0,0.000061,0.0,-0.000061,0.0,-0.000184,0.0,-0.0,0.0,0.021766,
0.0,1.339551,0.879527,-0.000066,0.0,1.570796,0.0,0.872461,0.094784,0.0,0.0,0.0,-0.217973,-0.024232,0.002075,0.275326,-0.0413,0.02411,0.019048,0.037845,0.021961,0.708512,0.125659,-0.008595,0.015385,0.174482,0.0,-0.009669,0.0,0.0,0.0,-0.183394,-0.174482,0.0,-0.059681,0.0,0.0,-0.0,0.0,0.0,0.0,0.0,0.0,0.0,0.0,0.0,0.0,0.001953,-0.0047,-0.0,0.000184,0.0,0.000061,0.0,-0.000061,0.0,-0.000184,0.0,0.0,0.0,0.023524,
0.0,1.348275,0.880474,-0.000066,0.0,1.570796,0.0,0.872445,0.094777,0.0,0.0,0.0,-0.203737,-0.024232,0.002075,0.265826,-0.044853,0.02411,-0.016269,0.039768,0.023188,0.759476,0.152184,-0.005519,0.004123,0.174482,0.0,-0.006666,0.0,0.0,0.0,-0.180286,-0.174482,0.0,-0.053892,0.0,0.0,0.0,0.0,0.0,-0.0,0.0,0.0,0.0,0.0,0.0,0.0,0.001953,-0.0047,0.0,0.000184,0.0,0.000061,0.0,-0.000061,0.0,-0.000184,0.0,0.0,0.0,0.025282,
0.0,1.357,0.881422,-0.000066,0.0,1.570796,0.0,0.872445,0.094777,0.0,0.0,0.0,-0.189502,-0.024232,0.002075,0.256327,-0.048406,0.02411,-0.051573,0.041691,0.024415,0.810398,0.178703,-0.002442,-0.007138,0.174482,-0.0,-0.003663,0.0,0.0,0.0,-0.177179,-0.174482,0.0,-0.048103,0.0,0.0,0.0,-0.0,0.0,0.0,0.0,0.0,0.0,0.0,0.0,0.0,0.001953,-0.0047,0.0,0.000184,0.0,0.000061,-0.0,-0.000061,0.0,-0.000184,0.0,0.0,0.0,0.02704,
0.0,1.365781,0.88247,-0.000066,0.0,1.570796,0.0,0.878075,0.104764,0.0,0.0,0.0,-0.16732,-0.024232,0.001856,0.231486,-0.047162,0.02411,-0.079918,0.0429,0.024855,0.838772,0.194131,-0.000464,-0.016112,0.174482,-0.0,-0.008404,0.0,0.0,0.0,-0.17163,-0.174482,0.0,-0.040595,-0.0,0.0,0.0,-0.0,0.0,0.0,0.0,-0.0,0.0,0.0,0.0,-0.0,0.001953,-0.0047,0.0,0.000184,0.0,0.000061,-0.0,-0.000061,0.0,-0.000184,0.0,-0.0,0.0,0.025978,
0.0,1.374561,0.883517,-0.000066,0.0,1.570796,0.0,0.87809,0.104764,0.0,0.0,0.0,-0.145132,-0.024232,0.001636,0.206636,-0.045916,0.02411,-0.108269,0.044109,0.025294,0.867149,0.209557,0.001513,-0.025085,0.174482,0.0,-0.013146,0.0,0.0,0.0,-0.16608,-0.174482,0.0,-0.033086,-0.0,0.0,0.0,0.0,0.0,0.0,0.0,-0.0,0.0,0.0,0.0,-0.0,0.001953,-0.0047,0.0,0.000184,0.0,0.000061,0.0,-0.000061,0.0,-0.000184,0.0,0.0,0.0,0.024916,
0.0,1.383342,0.884565,-0.000066,0.0,1.570796,0.0,0.87809,0.104772,0.0,0.0,0.0,-0.122946,-0.024232,0.001416,0.181788,-0.044671,0.02411,-0.136616,0.045317,0.025734,0.895522,0.224983,0.003491,-0.034058,0.174482,0.0,-0.017889,0.0,0.0,0.0,-0.160531,-0.174482,0.0,-0.025577,0.0,0.0,0.0,0.0,0.0,-0.0,0.0,0.0,0.0,0.0,0.0,0.0,0.001953,-0.0047,0.0,0.000184,0.0,0.000061,0.0,-0.000061,0.0,-0.000184,0.0,0.0,0.0,0.023854,
0.0,1.391819,0.885494,-0.000066,0.0,1.570796,0.0,0.847665,0.092883,0.0,0.0,0.0,-0.10608,-0.024244,0.000989,0.166843,-0.047869,0.02411,-0.161669,0.045916,0.025697,0.913605,0.225255,0.004102,-0.044022,0.174482,0.0,-0.023437,-0.0,0.0,0.0,-0.154348,-0.174482,0.0,-0.019839,0.0,0.0,0.0,0.0,0.0,0.0,-0.0,0.0,0.0,0.0,0.0,0.0,0.001953,-0.0047,0.0,0.000184,-0.0,0.000061,0.0,-0.000061,0.0,-0.000184,0.0,0.0,0.0,0.022072,
0.0,1.400144,0.886363,-0.000066,0.0,1.570796,0.0,0.832468,0.086946,0.0,0.0,0.0,-0.091873,-0.024263,0.000458,0.156851,-0.053291,0.02411,-0.185083,0.046209,0.025423,0.926541,0.217942,0.004028,-0.054482,0.174482,-0.0,-0.029389,-0.0,0.0,0.0,-0.147848,-0.174482,0.0,-0.014986,0.0,0.0,0.0,0.0,0.0,-0.0,0.0,-0.0,0.0,0.0,0.0,0.0,0.001953,-0.0047,0.0,0.000184,0.0,0.000061,0.0,-0.000061,0.0,-0.000184,0.0,0.0,0.0,0.019929,
0.0,1.408468,0.887233,-0.000066,0.0,1.570796,0.0,0.832453,0.086939,0.0,0.0,0.0,-0.077666,-0.024281,-0.000073,0.146859,-0.058713,0.02411,-0.208496,0.046502,0.025148,0.939478,0.21063,0.003955,-0.064941,0.174482,0.0,-0.035341,-0.0,0.0,0.0,-0.141348,-0.174482,0.0,-0.010134,0.0,0.0,0.0,0.0,0.0,0.0,0.0,-0.0,0.0,0.0,0.0,-0.0,0.001953,-0.0047,0.0,0.000184,0.0,0.000061,0.0,-0.000061,0.0,-0.000184,0.0,0.0,0.0,0.017787,
0.0,1.416677,0.888012,-0.000066,0.0,1.570796,0.0,0.820887,0.077889,0.0,0.0,0.0,-0.065342,-0.024312,-0.000683,0.140268,-0.065436,0.02411,-0.231095,0.0466,0.024727,0.949403,0.201385,0.003565,-0.07594,0.174482,0.0,-0.041842,0.0,0.0,0.0,-0.134593,-0.174482,-0.0,-0.006897,0.0,0.0,0.0,0.0,0.0,0.0,-0.0,0.0,-0.0,-0.0,0.0,-0.0,0.001953,-0.0047,0.0,0.000184,0.0,0.000061,0.0,-0.000061,0.0,-0.000184,0.0,0.0,0.0,0.015407,
0.0,1.424654,0.888609,-0.000066,0.0,1.570796,0.0,0.79768,0.059768,0.0,0.0,0.0,-0.056788,-0.024367,-0.001452,0.140488,-0.074763,0.02411,-0.252073,0.046307,0.024013,0.953299,0.188274,0.002539,-0.08802,0.174482,0.0,-0.049444,0.0,0.0,0.0,-0.127328,-0.174482,0.0,-0.006897,-0.0,0.0,0.0,-0.0,0.0,0.0,0.0,-0.0,0.0,0.0,0.0,-0.0,0.001953,-0.0047,0.0,0.000184,0.0,0.000061,0.0,-0.000061,0.0,-0.000184,0.0,0.0,0.0,0.01255,
0.0,1.432631,0.889207,-0.000066,0.0,1.570796,0.0,0.797695,0.059776,0.0,0.0,0.0,-0.048233,-0.024421,-0.002222,0.140709,-0.084091,0.02411,-0.273053,0.046014,0.023299,0.957196,0.175162,0.001514,-0.100101,0.174482,-0.0,-0.057046,0.0,0.0,0.0,-0.120062,-0.174482,0.0,-0.006897,0.0,0.0,0.0,0.0,0.0,-0.0,0.0,-0.0,0.0,0.0,0.0,0.0,0.001953,-0.0047,0.0,0.000184,0.0,0.000061,0.0,-0.000061,0.0,-0.000184,0.0,0.0,0.0,0.009693,
0.0,1.440608,0.889805,-0.000066,0.0,1.570796,0.0,0.797695,0.059768,0.0,0.0,0.0,-0.039679,-0.024476,-0.002991,0.140929,-0.093418,0.02411,-0.29403,0.045721,0.022584,0.961092,0.162051,0.000489,-0.112181,0.174482,0.0,-0.064648,-0.0,0.0,0.0,-0.112797,-0.174482,0.0,-0.006897,0.0,0.0,0.0,0.0,0.0,0.0,0.0,0.0,0.0,0.0,-0.0,-0.0,0.001953,-0.0047,0.0,0.000184,0.0,0.000061,0.0,-0.000061,0.0,-0.000184,0.0,0.0,0.0,0.006837,
0.0,1.448588,0.890035,-0.000066,0.0,1.570796,0.0,0.798033,0.022972,0.0,0.0,0.0,-0.031109,-0.024513,-0.003668,0.141113,-0.102,0.02422,-0.312605,0.044622,0.021065,0.956457,0.148175,-0.001214,-0.124678,0.174482,-0.0,-0.072784,0.0,0.0,0.0,-0.103466,-0.174482,-0.0,-0.006897,0.0,0.0,0.0,0.0,0.0,-0.0,0.0,0.0,0.0,0.0,0.0,-0.0,0.001953,-0.0047,0.0,0.000184,0.0,0.000061,0.0,-0.000061,0.0,-0.000184,0.0,0.0,0.0,0.003157,
0.0,1.456569,0.890264,-0.000066,0.0,1.570796,0.0,0.798064,0.022964,0.0,0.0,0.0,-0.022538,-0.02455,-0.004346,0.141296,-0.110583,0.02433,-0.331181,0.043523,0.019545,0.95182,0.134297,-0.002917,-0.137176,0.174482,-0.0,-0.08092,-0.0,0.0,0.0,-0.094135,-0.174482,0.0,-0.006897,0.0,0.0,0.0,0.0,0.0,0.0,0.0,0.0,0.0,0.0,0.0,0.0,0.001953,-0.0047,0.0,0.000184,0.0,0.000061,0.0,-0.000061,0.0,-0.000184,0.0,0.0,0.0,-0.000524,
0.0,1.464549,0.890494,-0.000066,0.0,1.570796,0.0,0.798033,0.022956,0.0,0.0,0.0,-0.013968,-0.024586,-0.005023,0.14148,-0.119165,0.02444,-0.349756,0.042424,0.018025,0.947184,0.12042,-0.00462,-0.149674,0.174482,0.0,-0.089057,0.0,0.0,-0.0,-0.084803,-0.174482,0.0,-0.006897,0.0,0.0,0.0,-0.0,0.0,-0.0,0.0,-0.0,0.0,-0.0,0.0,-0.0,0.001953,-0.0047,0.0,0.000184,0.0,0.000061,0.0,-0.000061,0.0,-0.000184,0.0,0.0,0.0,-0.004204,
0.0,1.472628,0.890467,-0.000066,0.0,1.570796,0.0,0.807922,-0.002716,0.0,0.0,0.0,-0.005044,-0.024598,-0.00531,0.141541,-0.124889,0.024476,-0.367838,0.041386,0.016664,0.939915,0.110427,-0.006055,-0.161988,0.174482,-0.0,-0.096915,0.0,0.0,0.0,-0.075317,-0.174482,0.0,-0.006897,0.0,0.0,0.0,-0.0,0.0,0.0,0.0,0.0,-0.0,-0.0,0.0,0.0,0.001953,-0.0047,0.0,0.000184,0.0,0.000061,0.0,-0.000061,0.0,-0.000184,0.0,0.0,0.0,-0.007287,
0.0,1.480757,0.890311,-0.000066,0.0,1.570796,0.0,0.812852,-0.015579,0.0,0.0,0.0,0.004057,-0.024598,-0.005402,0.141541,-0.129183,0.024476,-0.385675,0.040379,0.015382,0.931328,0.102378,-0.007355,-0.174212,0.174482,0.0,-0.104635,0.0,0.0,0.0,-0.065753,-0.174482,0.0,-0.006897,0.0,0.0,0.0,0.0,0.0,0.0,0.0,-0.0,0.0,-0.0,0.0,0.0,0.001953,-0.0047,0.0,0.000184,0.0,0.000061,0.0,-0.000061,0.0,-0.000184,0.0,0.0,0.0,-0.01007,
0.0,1.488886,0.890155,-0.000066,0.0,1.570796,0.0,0.812867,-0.015579,0.0,0.0,0.0,0.013157,-0.024598,-0.005493,0.141541,-0.133477,0.024476,-0.403512,0.039372,0.0141,0.922741,0.094328,-0.008655,-0.186436,0.174482,-0.0,-0.112354,0.0,0.0,0.0,-0.05619,-0.174482,0.0,-0.006897,0.0,0.0,0.0,0.0,0.0,0.0,0.0,-0.0,0.0,0.0,0.0,0.0,0.001953,-0.0047,0.0,0.000184,0.0,0.000061,0.0,-0.000061,0.0,-0.000184,0.0,0.0,0.0,-0.012854,
0.0,1.497113,0.889875,-0.000066,0.0,1.570796,0.0,0.82271,-0.028006,0.0,0.0,0.0,0.022411,-0.024598,-0.005554,0.141541,-0.138071,0.024476,-0.419687,0.038383,0.012928,0.911529,0.086507,-0.009894,-0.198513,0.174482,-0.0,-0.119807,0.0,0.0,0.0,-0.046621,-0.174482,0.0,-0.006897,0.0,0.0,0.0,0.0,0.0,0.0,0.0,0.0,-0.0,0.0,0.0,0.0,0.001953,-0.0047,0.0,0.000184,0.0,0.000061,0.0,-0.000061,0.0,-0.000184,0.0,0.0,0.0,-0.015192,
0.0,1.505538,0.889346,-0.000066,0.0,1.570796,0.0,0.842502,-0.052877,0.0,0.0,0.0,0.031971,-0.024598,-0.005554,0.141541,-0.143266,0.024476,-0.432535,0.03743,0.011976,0.895057,0.07914,-0.011011,-0.2103,0.174482,0.0,-0.126725,0.0,0.0,0.0,-0.037043,-0.174482,0.0,-0.006897,0.0,0.0,0.0,0.0,0.0,0.0,0.0,0.0,0.0,-0.0,0.0,0.0,0.001953,-0.0047,0.0,0.000184,0.0,0.000061,0.0,-0.000061,0.0,-0.000184,0.0,0.0,0.0,-0.016638,
0.0,1.513963,0.888817,-0.000066,0.0,1.570796,0.0,0.842487,-0.052877,0.0,0.0,0.0,0.041531,-0.024598,-0.005554,0.141541,-0.148462,0.024476,-0.445384,0.036478,0.011024,0.878584,0.071774,-0.012128,-0.222087,0.174482,0.0,-0.133642,0.0,0.0,-0.0,-0.027465,-0.174482,0.0,-0.006897,-0.0,0.0,0.0,-0.0,0.0,-0.0,0.0,-0.0,0.0,0.0,0.0,0.0,0.001953,-0.0047,0.0,0.000184,0.0,0.000061,0.0,-0.000061,0.0,-0.000184,0.0,0.0,0.0,-0.018085,
0.0,1.522387,0.888289,-0.000066,0.0,1.570796,0.0,0.842472,-0.052877,0.0,0.0,0.0,0.051091,-0.024598,-0.005554,0.141541,-0.153658,0.024476,-0.458233,0.035526,0.010071,0.862113,0.064407,-0.013245,-0.233874,0.174482,0.0,-0.14056,0.0,0.0,0.0,-0.017887,-0.174482,0.0,-0.006897,0.0,0.0,0.0,0.0,0.0,0.0,0.0,0.0,-0.0,-0.0,0.0,0.0,0.001953,-0.0047,0.0,0.000184,0.0,0.000061,0.0,-0.000061,-0.0,-0.000184,0.0,-0.0,0.0,-0.019532,
0.0,1.530947,0.887492,-0.000066,0.0,1.570796,0.0,0.856008,-0.07964,0.0,0.0,0.0,0.060838,-0.024598,-0.005353,0.141541,-0.159206,0.024476,-0.465276,0.034647,0.009412,0.836127,0.056732,-0.014252,-0.244764,0.174482,0.0,-0.146583,0.0,0.0,0.0,-0.009353,-0.174482,0.0,-0.006897,0.0,0.0,0.0,0.0,0.0,0.0,0.0,-0.0,0.0,-0.0,0.0,-0.0,0.001953,-0.0047,0.0,0.000184,0.0,0.000061,0.0,-0.000061,0.0,-0.000184,0.0,-0.0,0.0,-0.019807,
0.0,1.539507,0.886696,-0.000066,0.0,1.570796,0.0,0.856008,-0.07964,0.0,0.0,0.0,0.070585,-0.024598,-0.005152,0.141541,-0.164754,0.024476,-0.472318,0.033768,0.008753,0.810133,0.049057,-0.015259,-0.255654,0.174482,0.0,-0.152606,0.0,0.0,0.0,-0.00082,-0.174482,-0.0,-0.006897,0.0,0.0,0.0,-0.0,0.0,-0.0,0.0,-0.0,0.0,-0.0,0.0,-0.0,0.001953,-0.0047,0.0,0.000184,0.0,0.000061,0.0,-0.000061,0.0,-0.000184,0.0,0.0,0.0,-0.020081,
0.0,1.548068,0.885899,-0.000066,0.0,1.570796,0.0,0.856023,-0.079648,0.0,0.0,0.0,0.080332,-0.024598,-0.00495,0.141541,-0.170303,0.024476,-0.47936,0.032888,0.008094,0.784142,0.041382,-0.016266,-0.266545,0.174482,-0.0,-0.15863,0.0,0.0,0.0,0.007713,-0.174482,0.0,-0.006897,0.0,0.0,0.0,-0.0,0.0,0.0,-0.0,0.0,0.0,0.0,0.0,-0.0,0.001953,-0.0047,0.0,0.000184,0.0,0.000061,0.0,-0.000061,0.0,-0.000184,0.0,0.0,0.0,-0.020356,
0.0,1.556723,0.884891,-0.000066,0.0,1.570796,0.0,0.865561,-0.100826,0.0,0.0,0.0,0.090145,-0.024598,-0.004688,0.141541,-0.175364,0.024476,-0.481408,0.032058,0.007618,0.74959,0.034758,-0.017176,-0.276156,0.174482,0.0,-0.164141,0.0,-0.0,0.0,0.015538,-0.174482,0.0,-0.006897,0.0,0.0,0.0,0.0,-0.0,0.0,0.0,0.0,0.0,-0.0,0.0,0.0,0.001953,-0.0047,0.0,0.000184,0.0,0.000061,0.0,-0.000061,0.0,-0.000184,0.0,-0.0,0.0,-0.020448,
0.0,1.565427,0.883777,-0.000066,0.0,1.570796,0.0,0.870399,-0.111431,0.0,0.0,0.0,0.09999,-0.024598,-0.004395,0.141541,-0.180181,0.024476,-0.480955,0.031252,0.007233,0.710726,0.02866,-0.018036,-0.285128,0.174482,0.0,-0.169397,-0.0,0.0,0.0,0.02301,-0.174482,0.0,-0.006897,0.0,0.0,0.0,0.0,0.0,0.0,0.0,-0.0,0.0,-0.0,0.0,0.0,0.001953,-0.0047,0.0,0.000184,0.0,0.000061,0.0,-0.000061,0.0,-0.000184,0.0,-0.0,0.0,-0.020448,
0.0,1.574131,0.882662,-0.000066,0.0,1.570796,0.0,0.870353,-0.111431,0.0,0.0,0.0,0.109836,-0.024598,-0.004102,0.141541,-0.184998,0.024476,-0.480503,0.030447,0.006848,0.671863,0.022562,-0.018897,-0.2941,0.174482,0.0,-0.174653,-0.0,0.0,0.0,0.030481,-0.174482,0.0,-0.006897,-0.0,0.0,0.0,0.0,0.0,0.0,0.0,0.0,0.0,0.0,0.0,0.0,0.001953,-0.0047,0.0,0.000184,0.0,0.000061,0.0,-0.000061,0.0,-0.000184,0.0,-0.0,0.0,-0.020448,
0.0,1.582949,0.881461,-0.000066,0.0,1.570796,0.0,0.881859,-0.12012,0.0,0.0,0.0,0.119819,-0.024598,-0.003876,0.141541,-0.190202,0.024476,-0.47941,0.029702,0.006464,0.633411,0.015189,-0.019703,-0.302257,0.174482,0.0,-0.179653,0.0,0.0,0.0,0.037575,-0.174482,0.0,-0.006897,0.0,0.0,0.0,0.0,0.0,-0.0,0.0,-0.0,0.0,-0.0,-0.0,0.0,0.001953,-0.0047,0.0,0.000184,0.0,0.000061,0.0,-0.000061,0.0,-0.000184,0.0,-0.0,0.0,-0.020448,
0.0,1.591998,0.880086,-0.000066,0.0,1.570796,0.0,0.90484,-0.137521,0.0,0.0,0.0,0.130078,-0.024598,-0.003784,0.141541,-0.196183,0.024476,-0.477036,0.029079,0.006079,0.595721,0.005264,-0.020399,-0.308781,0.174482,0.0,-0.18414,-0.0,-0.0,-0.0,0.043912,-0.174482,0.0,-0.006897,-0.0,0.0,0.0,0.0,-0.0,0.0,0.0,0.0,0.0,0.0,0.0,0.0,0.001953,-0.0047,0.0,0.000184,0.0,0.000061,0.0,-0.000061,0.0,-0.000184,0.0,-0.0,0.0,-0.020448,
0.0,1.601046,0.878711,-0.000066,0.0,1.570796,0.0,0.904809,-0.137513,0.0,0.0,0.0,0.140337,-0.024598,-0.003693,0.141541,-0.202163,0.024476,-0.474662,0.028457,0.005695,0.558023,-0.00466,-0.021095,-0.315305,0.174482,0.0,-0.188627,0.0,0.0,0.0,0.05025,-0.174482,0.0,-0.006897,-0.0,0.0,0.0,0.0,0.0,0.0,-0.0,-0.0,0.0,0.0,0.0,0.0,0.001953,-0.0047,0.0,0.000184,0.0,0.000061,0.0,-0.000061,0.0,-0.000184,0.0,-0.0,0.0,-0.020448,
0.0,1.610094,0.877336,-0.000066,0.0,1.570796,0.0,0.904825,-0.137521,0.0,0.0,0.0,0.150596,-0.024598,-0.003601,0.141541,-0.208144,0.024476,-0.472288,0.027834,0.00531,0.520342,-0.014585,-0.02179,-0.32183,0.174482,0.0,-0.193115,-0.0,0.0,0.0,0.056587,-0.174482,0.0,-0.006897,-0.0,0.0,0.0,0.0,0.0,-0.0,0.0,-0.0,0.0,0.0,0.0,-0.0,0.001953,-0.0047,0.0,0.000184,0.0,0.000061,0.0,-0.000061,0.0,-0.000184,-0.0,-0.0,0.0,-0.020448,
0.0,1.619689,0.875932,-0.000066,0.0,1.570796,0.0,0.959436,-0.140416,0.0,0.0,0.0,0.161419,-0.024598,-0.003967,0.141541,-0.214794,0.024586,-0.46937,0.027413,0.004871,0.48926,-0.02984,-0.022303,-0.324874,0.174482,-0.0,-0.195746,0.0,-0.0,-0.0,0.061314,-0.174482,0.0,-0.006897,0.0,0.0,0.0,-0.0,-0.0,0.0,0.0,0.0,-0.0,0.0,-0.0,0.0,0.001953,-0.0047,0.0,0.000184,0.0,0.000061,0.0,-0.000061,0.0,-0.000184,0.0,-0.0,0.0,-0.020375,
0.0,1.629283,0.874527,-0.000066,0.0,1.570796,0.0,0.959467,-0.140424,0.0,0.0,0.0,0.172243,-0.024598,-0.004334,0.141541,-0.221444,0.024696,-0.466453,0.026992,0.004431,0.45817,-0.045097,-0.022816,-0.327918,0.174482,0.0,-0.198378,0.0,0.0,0.0,0.066041,-0.174482,0.0,-0.006897,0.0,0.0,0.0,-0.0,0.0,0.0,0.0,-0.0,0.0,-0.0,0.0,0.0,0.001953,-0.0047,0.0,0.000184,0.0,0.000061,0.0,-0.000061,0.0,-0.000184,0.0,0.0,0.0,-0.020301,
0.0,1.638878,0.873123,-0.000066,0.0,1.570796,0.0,0.959451,-0.140424,0.0,0.0,0.0,0.183067,-0.024598,-0.0047,0.141541,-0.228094,0.024806,-0.463535,0.02657,0.003992,0.427085,-0.060354,-0.023329,-0.330961,0.174482,0.0,-0.201009,0.0,0.0,0.0,0.070768,-0.174482,0.0,-0.006897,0.0,0.0,0.0,0.0,0.0,-0.0,0.0,-0.0,0.0,0.0,0.0,0.0,0.001953,-0.0047,0.0,0.000184,0.0,0.000061,0.0,-0.000061,0.0,-0.000184,0.0,0.0,0.0,-0.020228,
0.0,1.648856,0.872034,-0.000066,0.0,1.570796,0.0,0.997825,-0.108905,0.0,0.0,0.0,0.193915,-0.024623,-0.00542,0.141694,-0.231972,0.024916,-0.460445,0.026308,0.00365,0.406282,-0.073956,-0.023646,-0.331432,0.174482,-0.0,-0.201605,0.0,0.0,0.0,0.075068,-0.174482,0.0,-0.006897,0.0,0.0,0.0,0.0,0.0,0.0,0.0,0.0,-0.0,0.0,0.0,0.0,0.001953,-0.0047,0.0,0.000184,0.0,0.000061,0.0,-0.000061,0.0,-0.000184,0.0,0.0,0.0,-0.020435,
0.0,1.659027,0.871103,-0.000066,0.0,1.570796,0.0,1.01705,-0.093126,0.0,0.0,0.0,0.204776,-0.024659,-0.006317,0.141923,-0.234461,0.025026,-0.457267,0.026125,0.003357,0.39062,-0.086732,-0.023866,-0.330616,0.174482,0.0,-0.201182,0.0,0.0,0.0,0.079154,-0.174482,-0.0,-0.006897,0.0,0.0,0.0,0.0,0.0,0.0,0.0,0.0,-0.0,-0.0,0.0,0.0,0.001953,-0.0047,0.0,0.000184,0.0,0.000061,0.0,-0.000061,0.0,-0.000184,0.0,0.0,0.0,-0.020783,
0.0,1.669197,0.870172,-0.000066,0.0,1.570796,0.0,1.017035,-0.093118,0.0,0.0,0.0,0.215637,-0.024696,-0.007214,0.142153,-0.23695,0.025136,-0.45409,0.025942,0.003064,0.374958,-0.099507,-0.024086,-0.329799,0.174482,0.0,-0.200758,0.0,0.0,-0.0,0.083241,-0.174482,0.0,-0.006897,0.0,0.0,0.0,-0.0,0.0,0.0,0.0,-0.0,0.0,-0.0,0.0,-0.0,0.001953,-0.0047,0.0,0.000184,0.0,0.000061,0.0,-0.000061,0.0,-0.000184,-0.0,0.0,0.0,-0.021131,
0.0,1.679629,0.86944,-0.000066,0.0,1.570796,0.0,1.043218,-0.073143,0.0,0.0,0.0,0.226523,-0.024751,-0.008252,0.142382,-0.237517,0.025276,-0.449652,0.025819,0.002918,0.361189,-0.106848,-0.024232,-0.327555,0.174482,-0.0,-0.199232,-0.0,0.0,0.0,0.087346,-0.174482,-0.0,-0.006897,0.0,0.0,0.0,0.0,0.0,0.0,0.0,0.0,0.0,-0.0,0.0,0.0,0.001953,-0.0047,0.0,0.000184,0.0,0.000061,0.0,-0.000061,0.0,-0.000184,0.0,-0.0,0.0,-0.021681,
0.0,1.690585,0.869109,-0.000066,0.0,1.570796,0.0,1.095644,-0.033123,0.0,0.0,0.0,0.237461,-0.024842,-0.00957,0.142612,-0.234235,0.025477,-0.442691,0.025819,0.003064,0.351205,-0.10331,-0.024232,-0.322454,0.174482,0.0,-0.195497,-0.0,0.0,0.0,0.091489,-0.174482,0.0,-0.006897,0.0,0.0,0.0,0.0,0.0,-0.0,0.0,-0.0,0.0,0.0,-0.0,0.0,0.001953,-0.0047,0.0,0.000184,0.0,0.000061,0.0,-0.000061,0.0,-0.000184,0.0,-0.0,0.0,-0.022633,
0.0,1.701542,0.868778,-0.000066,0.0,1.570796,0.0,1.095659,-0.033131,0.0,0.0,0.0,0.248399,-0.024934,-0.010889,0.142841,-0.230954,0.025679,-0.435729,0.025819,0.003211,0.341221,-0.099771,-0.024232,-0.317353,0.174482,0.0,-0.191763,0.0,0.0,0.0,0.095632,-0.174482,0.0,-0.006897,-0.0,0.0,0.0,-0.0,0.0,0.0,-0.0,0.0,0.0,0.0,0.0,0.0,0.001953,-0.0047,0.0,0.000184,0.0,0.000061,0.0,-0.000061,0.0,-0.000184,0.0,0.0,0.0,-0.023585,
0.0,1.712498,0.868446,-0.000066,0.0,1.570796,0.0,1.095629,-0.033123,0.0,0.0,0.0,0.259337,-0.025025,-0.012207,0.143071,-0.227672,0.02588,-0.428768,0.025819,0.003357,0.331237,-0.096233,-0.024232,-0.312252,0.174482,0.0,-0.188028,-0.0,0.0,0.0,0.099775,-0.174482,-0.0,-0.006897,0.0,0.0,0.0,0.0,0.0,-0.0,0.0,0.0,0.0,-0.0,0.0,0.0,0.001953,-0.0047,0.0,0.000184,0.0,0.000061,0.0,-0.000061,0.0,-0.000184,0.0,0.0,0.0,-0.024537,
0.0,1.724585,0.86871,-0.000066,0.0,1.570796,0.0,1.208677,0.026348,0.0,0.0,0.0,0.270412,-0.025172,-0.013983,0.143309,-0.216168,0.025972,-0.420217,0.025819,0.003815,0.329471,-0.080076,-0.024055,-0.30148,0.174482,0.0,-0.181466,0.0,0.0,0.0,0.106633,-0.174482,0.0,-0.006897,0.0,0.0,0.0,0.0,0.0,0.0,0.0,0.0,0.0,0.0,0.0,0.0,0.001953,-0.0047,0.0,0.000184,0.0,0.000061,0.0,-0.000061,0.0,-0.000184,0.0,0.0,0.0,-0.026478,
0.0,1.736672,0.868974,-0.000066,0.0,1.570796,0.0,1.208708,0.026371,0.0,0.0,0.0,0.281487,-0.025318,-0.015759,0.143548,-0.20466,0.026064,-0.411666,0.025819,0.004272,0.327708,-0.063915,-0.023878,-0.290706,0.174482,0.0,-0.174903,0.0,0.0,0.0,0.113492,-0.174482,0.0,-0.006897,0.0,0.0,0.0,0.0,0.0,0.0,0.0,-0.0,0.0,-0.0,0.0,-0.0,0.001953,-0.0047,0.0,0.000184,0.0,0.000061,0.0,-0.000061,0.0,-0.000184,0.0,0.0,0.0,-0.028419,
0.0,1.748759,0.869237,-0.000066,0.0,1.570796,0.0,1.208693,0.026363,0.0,0.0,0.0,0.292562,-0.025464,-0.017536,0.143787,-0.193153,0.026155,-0.403115,0.025819,0.00473,0.325945,-0.047754,-0.023701,-0.279933,0.174482,-0.0,-0.16834,0.0,0.0,0.0,0.120351,-0.174482,0.0,-0.006897,0.0,0.0,0.0,0.0,0.0,0.0,0.0,0.0,0.0,-0.0,0.0,0.0,0.001953,-0.0047,0.0,0.000184,0.0,0.000061,0.0,-0.000061,-0.0,-0.000184,0.0,0.0,0.0,-0.03036,
0.0,1.76044,0.869721,-0.000066,0.0,1.570796,0.0,1.168118,0.048356,0.0,0.0,0.0,0.302136,-0.025599,-0.019007,0.143927,-0.171771,0.025929,-0.395039,0.025905,0.005115,0.325641,-0.03459,-0.023524,-0.268759,0.174482,0.0,-0.162772,-0.0,0.0,-0.0,0.124436,-0.174482,0.0,-0.006897,0.0,0.0,0.0,0.0,0.0,-0.0,0.0,0.0,0.0,0.0,0.0,0.0,0.001953,-0.0047,0.0,0.000184,0.0,0.000061,0.0,-0.000061,0.0,-0.000184,0.0,0.0,0.0,-0.031081,
0.0,1.771918,0.870314,-0.000066,0.0,1.570796,0.0,1.147777,0.059349,0.0,0.0,0.0,0.310959,-0.025727,-0.020325,0.144019,-0.145439,0.025545,-0.387202,0.026033,0.005463,0.326068,-0.022925,-0.023347,-0.257385,0.174482,0.0,-0.157703,-0.0,0.0,-0.0,0.127134,-0.174482,0.0,-0.006897,0.0,0.0,0.0,0.0,0.0,0.0,0.0,-0.0,0.0,-0.0,0.0,-0.0,0.001953,-0.0047,0.0,0.000184,0.0,0.000061,0.0,-0.000061,-0.0,-0.000184,0.0,-0.0,0.0,-0.031191,
0.0,1.783396,0.870908,-0.000066,0.0,1.570796,0.0,1.147792,0.059356,0.0,0.0,0.0,0.319782,-0.025855,-0.021644,0.144111,-0.119106,0.02516,-0.379365,0.026161,0.005811,0.326495,-0.011259,-0.02317,-0.246011,0.174482,-0.0,-0.152633,0.0,0.0,0.0,0.129831,-0.174482,0.0,-0.006897,0.0,0.0,0.0,0.0,0.0,0.0,0.0,0.0,0.0,0.0,0.0,0.0,0.001953,-0.0047,0.0,0.000184,0.0,0.000061,-0.0,-0.000061,0.0,-0.000184,0.0,0.0,0.0,-0.031301,
0.0,1.794585,0.871586,-0.000066,0.0,1.570796,0.0,1.118846,0.067861,0.0,0.0,0.0,0.32806,-0.02591,-0.021944,0.143989,-0.088878,0.024672,-0.371132,0.026247,0.006128,0.326903,-0.001284,-0.022993,-0.234929,0.174482,0.0,-0.148121,0.0,0.0,0.0,0.130683,-0.174482,-0.0,-0.006897,0.0,0.0,0.0,0.0,0.0,-0.0,0.0,0.0,0.0,0.0,0.0,0.0,0.001953,-0.0047,0.0,0.000184,0.0,0.000061,0.0,-0.000061,-0.0,-0.000184,0.0,-0.0,0.0,-0.030813,
0.0,1.805194,0.872436,-0.000066,0.0,1.570796,0.0,1.060938,0.084909,0.0,0.0,0.0,0.335248,-0.025819,-0.020204,0.143438,-0.050812,0.023976,-0.362106,0.026247,0.006384,0.327274,0.005308,-0.022816,-0.224427,0.174482,0.0,-0.144725,0.0,0.0,0.0,0.127839,-0.174482,-0.0,-0.006897,0.0,0.0,0.0,0.0,0.0,-0.0,0.0,0.0,0.0,0.0,0.0,-0.0,0.001953,-0.0047,0.0,0.000184,0.0,0.000061,0.0,-0.000061,0.0,-0.000184,-0.0,-0.0,0.0,-0.029128,
0.0,1.815803,0.873285,-0.000066,0.0,1.570796,0.0,1.060923,0.084909,0.0,0.0,0.0,0.342437,-0.025727,-0.018465,0.142887,-0.012738,0.02328,-0.35308,0.026247,0.006641,0.327645,0.0119,-0.022639,-0.213925,0.174482,0.0,-0.141328,0.0,0.0,0.0,0.124995,-0.174482,0.0,-0.006897,0.0,0.0,0.0,0.0,0.0,0.0,0.0,0.0,0.0,-0.0,0.0,0.0,0.001953,-0.0047,0.0,0.000184,0.0,0.000061,0.0,-0.000061,0.0,-0.000184,0.0,0.0,0.0,-0.027444,
0.0,1.826412,0.874134,-0.000066,0.0,1.570796,0.0,1.060938,0.084909,0.0,0.0,0.0,0.349626,-0.025636,-0.016725,0.142337,0.025319,0.022584,-0.344054,0.026247,0.006897,0.328016,0.018492,-0.022462,-0.203424,0.174482,-0.0,-0.137932,-0.0,0.0,0.0,0.122151,-0.174482,0.0,-0.006897,0.0,0.0,0.0,0.0,0.0,0.0,0.0,0.0,0.0,0.0,0.0,-0.0,0.001953,-0.0047,0.0,0.000184,0.0,0.000061,0.0,-0.000061,-0.0,-0.000184,-0.0,0.0,0.0,-0.025759,
0.0,1.836213,0.875221,-0.000066,0.0,1.570796,-0.0,0.980034,0.10873,0.0,0.0,0.0,0.317093,-0.025801,-0.01299,0.211199,0.0474,0.022218,-0.332828,0.026302,0.007025,0.325883,0.019758,-0.022462,-0.194117,0.174482,-0.0,-0.134555,0.0,-0.0,0.0,0.11456,-0.174482,0.0,-0.006897,0.0,0.0,0.0,-0.0,-0.0,-0.0,-0.0,-0.0,0.0,-0.0,0.0,-0.0,0.001953,-0.0047,0.0,0.000184,0.0,0.000061,0.0,-0.000061,0.0,-0.000184,0.0,0.0,0.0,-0.025246,
0.0,1.846013,0.876308,-0.000066,0.0,1.570796,0.0,0.979988,0.108738,0.0,0.0,0.0,0.284537,-0.025966,-0.009254,0.28019,0.069479,0.021852,-0.321601,0.026357,0.007154,0.32375,0.021021,-0.022462,-0.18481,0.174482,0.0,-0.131179,-0.0,0.0,0.0,0.106968,-0.174482,-0.0,-0.006897,0.0,0.0,0.0,0.0,0.0,0.0,0.0,0.0,0.0,0.0,0.0,0.0,0.001953,-0.0047,0.0,0.000184,0.0,0.000061,0.0,-0.000061,0.0,-0.000184,0.0,0.0,0.0,-0.024733,
0.0,1.855813,0.877396,-0.000066,0.0,1.570796,0.0,0.980004,0.108746,0.0,0.0,0.0,0.251986,-0.026131,-0.005519,0.349129,0.091556,0.021486,-0.310374,0.026411,0.007282,0.321616,0.022285,-0.022462,-0.175504,0.174482,0.0,-0.127802,-0.0,0.0,-0.0,0.099376,-0.174482,0.0,-0.006897,0.0,0.0,0.0,0.0,0.0,0.0,-0.0,0.0,0.0,0.0,0.0,0.0,0.001953,-0.0047,0.0,0.000184,0.0,0.000061,0.0,-0.000061,0.0,-0.000184,0.0,-0.0,0.0,-0.02422,
0.0,1.86526,0.878517,-0.000066,0.0,1.570796,0.0,0.94474,0.112108,0.0,0.0,0.0,0.208506,-0.027003,-0.004883,0.427651,0.119022,0.019985,-0.297976,0.02643,0.007324,0.317199,0.019156,-0.022533,-0.166475,0.174482,0.0,-0.123656,-0.0,0.0,0.0,0.090444,-0.174482,0.0,-0.006897,0.0,0.0,0.0,0.0,0.0,-0.0,0.0,-0.0,0.0,-0.0,0.0,-0.0,0.001953,-0.0047,0.0,0.000184,0.0,0.000061,0.0,-0.000061,0.0,-0.000184,0.0,0.0,0.0,-0.024196,
0.0,1.874531,0.879655,-0.000066,0.0,1.570796,0.0,0.927101,0.113808,0.0,0.0,0.0,0.159501,-0.02823,-0.005798,0.511251,0.149198,0.017915,-0.284989,0.02643,0.007324,0.311638,0.013827,-0.022639,-0.157584,0.174482,0.0,-0.119125,0.0,0.0,0.0,0.080841,-0.174482,0.0,-0.006897,0.0,0.0,0.0,0.0,0.0,-0.0,0.0,-0.0,0.0,0.0,0.0,-0.0,0.001953,-0.0047,0.0,0.000184,0.0,0.000061,0.0,-0.000061,0.0,-0.000184,0.0,0.0,0.0,-0.024415,
0.0,1.883802,0.880793,-0.000066,0.0,1.570796,0.0,0.927101,0.113808,0.0,0.0,0.0,0.110498,-0.029457,-0.006714,0.594849,0.179374,0.015846,-0.272003,0.02643,0.007324,0.306077,0.008498,-0.022745,-0.148694,0.174482,0.0,-0.114595,-0.0,0.0,0.0,0.071238,-0.174482,0.0,-0.006897,0.0,0.0,0.0,0.0,0.0,0.0,0.0,0.0,0.0,0.0,-0.0,0.0,0.001953,-0.0047,0.0,0.000184,0.0,0.000061,0.0,-0.000061,0.0,-0.000184,0.0,0.0,0.0,-0.024635,
0.0,1.89298,0.881928,-0.000066,0.0,1.570796,0.0,0.917763,0.113456,0.0,0.0,0.0,0.065637,-0.030648,-0.00752,0.666564,0.207053,0.013777,-0.258232,0.026381,0.007324,0.298722,0.003493,-0.022852,-0.139783,0.174482,0.0,-0.109613,0.0,0.0,0.0,0.061167,-0.174482,0.0,-0.006897,-0.0,0.0,0.0,0.0,0.0,-0.0,0.0,0.0,-0.0,-0.0,-0.0,-0.0,0.001953,-0.0047,0.0,0.000184,0.0,0.000061,0.0,-0.000061,0.0,-0.000184,0.0,0.0,0.0,-0.024855,
0.0,1.90197,0.883055,-0.000066,0.0,1.570796,0.0,0.899025,0.112738,0.0,0.0,0.0,0.02897,-0.031765,-0.008106,0.71495,0.229755,0.011708,-0.242889,0.026235,0.007324,0.287771,-0.000865,-0.022958,-0.130829,0.174482,0.0,-0.103727,-0.0,-0.0,-0.0,0.050159,-0.174482,0.0,-0.006897,0.0,0.0,0.0,0.0,-0.0,0.0,0.0,0.0,-0.0,-0.0,0.0,0.0,0.001953,-0.0047,0.0,0.000184,0.0,0.000061,0.0,-0.000061,0.0,-0.000184,0.0,0.0,0.0,-0.025075,
-0.0,1.910961,0.884183,-0.000066,0.0,1.570796,-0.0,0.899055,0.112746,0.0,0.0,0.0,-0.007707,-0.032882,-0.008692,0.763356,0.25246,0.009638,-0.227544,0.026088,0.007324,0.27682,-0.005223,-0.023064,-0.121874,0.174482,-0.0,-0.097841,0.0,0.0,0.0,0.03915,-0.174482,0.0,-0.006897,0.0,0.0,0.0,-0.0,0.0,0.0,0.0,0.0,0.0,-0.0,0.0,0.0,0.001953,-0.0047,0.0,0.000184,0.0,0.000061,0.0,-0.000061,0.0,-0.000184,0.0,-0.0,0.0,-0.025294,
0.0,1.919951,0.88531,-0.000066,0.0,1.570796,0.0,0.899055,0.112746,0.0,0.0,0.0,-0.044366,-0.033999,-0.009277,0.811725,0.275161,0.007569,-0.212201,0.025942,0.007324,0.265869,-0.009582,-0.02317,-0.11292,0.174482,0.0,-0.091956,0.0,0.0,0.0,0.028142,-0.174482,0.0,-0.006897,0.0,0.0,0.0,0.0,0.0,0.0,0.0,-0.0,0.0,0.0,0.0,-0.0,0.001953,-0.0047,0.0,0.000184,0.0,0.000061,0.0,-0.000061,0.0,-0.000184,0.0,-0.0,0.0,-0.025514,
0.0,1.928775,0.886366,-0.000066,0.0,1.570796,0.0,0.882363,0.105558,0.0,0.0,0.0,-0.074064,-0.03442,-0.008948,0.838847,0.274539,0.007111,-0.192898,0.025832,0.007434,0.246606,-0.009766,-0.023276,-0.103534,0.174482,0.0,-0.084754,-0.0,0.0,0.0,0.015893,-0.174482,-0.0,-0.006897,0.0,0.0,0.0,0.0,0.0,-0.0,0.0,-0.0,0.0,0.0,0.0,0.0,0.001953,-0.0047,0.0,0.000184,0.0,0.000061,0.0,-0.000061,0.0,-0.000184,0.0,-0.0,0.0,-0.023025,
0.0,1.937599,0.887421,-0.000066,0.0,1.570796,-0.0,0.882378,0.10555,0.0,0.0,0.0,-0.10377,-0.034842,-0.008619,0.86597,0.273911,0.006653,-0.17359,0.025722,0.007544,0.227337,-0.009949,-0.023383,-0.094147,0.174482,0.0,-0.077552,0.0,0.0,0.0,0.003642,-0.174482,0.0,-0.006897,-0.0,0.0,0.0,0.0,0.0,0.0,0.0,0.0,0.0,0.0,0.0,0.0,0.001953,-0.0047,0.0,0.000184,0.0,0.000061,0.0,-0.000061,0.0,-0.000184,0.0,0.0,0.0,-0.020534,
0.0,1.946422,0.888476,-0.000066,0.0,1.570796,0.0,0.882363,0.105542,0.0,0.0,0.0,-0.13347,-0.035263,-0.008289,0.893089,0.273282,0.006195,-0.154285,0.025612,0.007654,0.208069,-0.010132,-0.023489,-0.084761,0.174482,0.0,-0.07035,0.0,0.0,0.0,-0.008609,-0.174482,0.0,-0.006897,0.0,0.0,0.0,0.0,0.0,0.0,0.0,0.0,0.0,-0.0,0.0,0.0,0.001953,-0.0047,0.0,0.000184,0.0,0.000061,0.0,-0.000061,0.0,-0.000184,0.0,0.0,0.0,-0.018044,
-0.0,1.954961,0.889365,-0.000066,0.0,1.570796,-0.0,0.853845,0.088901,0.0,0.0,0.0,-0.158016,-0.035232,-0.007667,0.908409,0.263702,0.006567,-0.135329,0.025502,0.00791,0.189273,-0.010425,-0.023595,-0.075818,0.174482,0.0,-0.063053,0.0,0.0,0.0,-0.022336,-0.174482,-0.0,-0.006897,0.0,0.0,0.0,-0.0,0.0,-0.0,0.0,-0.0,0.0,-0.0,0.0,-0.0,0.001953,-0.0047,0.0,0.000184,0.0,0.000061,0.0,-0.000061,0.0,-0.000184,0.0,0.0,0.0,-0.014955,
0.0,1.963356,0.890171,-0.000066,0.0,1.570796,0.0,0.839518,0.080561,0.0,0.0,0.0,-0.179989,-0.034976,-0.006897,0.917824,0.249639,0.007355,-0.116545,0.025392,0.00824,0.17071,-0.010773,-0.023701,-0.067097,0.174482,0.0,-0.055707,-0.0,0.0,0.0,-0.036805,-0.174482,0.0,-0.006897,0.0,0.0,0.0,0.0,0.0,0.0,0.0,0.0,0.0,0.0,0.0,0.0,0.001953,-0.0047,0.0,0.000184,0.0,0.000061,0.0,-0.000061,0.0,-0.000184,0.0,0.0,0.0,-0.011568,
0.0,1.971751,0.890977,-0.000066,0.0,1.570796,0.0,0.839548,0.080553,0.0,0.0,0.0,-0.201963,-0.03472,-0.006128,0.92724,0.235576,0.008142,-0.097761,0.025282,0.00857,0.152146,-0.011121,-0.023807,-0.058376,0.174482,-0.0,-0.048361,-0.0,0.0,0.0,-0.051274,-0.174482,0.0,-0.006897,-0.0,0.0,0.0,0.0,0.0,-0.0,0.0,0.0,0.0,-0.0,0.0,-0.0,0.001953,-0.0047,0.0,0.000184,0.0,0.000061,0.0,-0.000061,0.0,-0.000184,0.0,0.0,0.0,-0.00818,
0.0,1.980066,0.89167,-0.000066,0.0,1.570796,-0.0,0.831477,0.069368,0.0,0.0,0.0,-0.22313,-0.034408,-0.005359,0.933937,0.220743,0.00899,-0.082219,0.025221,0.00896,0.139828,-0.014707,-0.023914,-0.049869,0.174482,0.0,-0.041169,0.0,0.0,0.0,-0.066314,-0.174482,0.0,-0.006385,0.0,0.0,0.0,0.0,0.0,-0.0,0.0,-0.0,0.0,-0.0,0.0,-0.0,0.001953,-0.0047,0.0,0.000184,0.0,0.000061,0.0,-0.000061,0.0,-0.000184,0.0,0.0,0.0,-0.004786,
0.0,1.988219,0.89214,-0.000066,0.0,1.570796,0.0,0.81532,0.04696,0.0,0.0,0.0,-0.242693,-0.033987,-0.00459,0.935189,0.204365,0.009961,-0.073168,0.025258,0.009473,0.140011,-0.024779,-0.02402,-0.041793,0.174482,0.0,-0.034283,-0.0,0.0,0.0,-0.082499,-0.174482,0.0,-0.004847,0.0,0.0,0.0,0.0,0.0,0.0,-0.0,-0.0,0.0,0.0,0.0,0.0,0.001953,-0.0047,0.0,0.000184,0.0,0.000061,0.0,-0.000061,0.0,-0.000184,0.0,-0.0,0.0,-0.001381,
0.0,1.996372,0.89261,-0.000066,0.0,1.570796,0.0,0.81532,0.04696,0.0,0.0,0.0,-0.262257,-0.033566,-0.003821,0.93644,0.187985,0.010931,-0.064116,0.025294,0.009986,0.140195,-0.034852,-0.024126,-0.033716,0.174482,0.0,-0.027397,0.0,0.0,0.0,-0.098684,-0.174482,0.0,-0.003309,0.0,0.0,0.0,-0.0,0.0,0.0,-0.0,-0.0,0.0,0.0,0.0,-0.0,0.001953,-0.0047,0.0,0.000184,0.0,0.000061,0.0,-0.000061,-0.0,-0.000184,0.0,0.0,0.0,0.002025,
0.0,2.004525,0.893079,-0.000066,0.0,1.570796,0.0,0.815304,0.04696,0.0,0.0,0.0,-0.281818,-0.033145,-0.003052,0.937691,0.171608,0.011902,-0.055065,0.025331,0.010498,0.140378,-0.044924,-0.024232,-0.025639,0.174482,0.0,-0.020511,0.0,0.0,0.0,-0.114868,-0.174482,0.0,-0.001771,0.0,0.0,0.0,-0.0,0.0,0.0,0.0,0.0,0.0,0.0,0.0,0.0,0.001953,-0.0047,0.0,0.000184,-0.0,0.000061,0.0,-0.000061,0.0,-0.000184,0.0,0.0,0.0,0.005431,
0.0,2.01287,0.893038,-0.000066,0.0,1.570796,-0.0,0.834412,-0.004065,0.0,0.0,0.0,-0.300244,-0.032669,-0.002393,0.93335,0.155763,0.012873,-0.045578,0.025331,0.010498,0.140378,-0.050402,-0.024306,-0.017747,0.174482,-0.0,-0.014651,0.0,0.0,0.0,-0.129535,-0.174482,0.0,-0.004571,0.0,0.0,0.0,-0.0,0.0,-0.0,0.0,0.0,0.0,-0.0,0.0,-0.0,0.001953,-0.0047,0.0,0.000184,0.0,0.000061,-0.0,-0.000061,0.0,-0.000184,0.0,0.0,0.0,0.00719,
0.0,2.021213,0.892998,-0.000066,0.0,1.570796,0.0,0.834381,-0.004087,0.0,0.0,0.0,-0.318671,-0.032192,-0.001734,0.929006,0.139918,0.013843,-0.036091,0.025331,0.010498,0.140378,-0.055879,-0.024379,-0.009854,0.174482,0.0,-0.008791,-0.0,0.0,0.0,-0.144202,-0.174482,0.0,-0.007372,0.0,0.0,0.0,0.0,0.0,-0.0,0.0,-0.0,0.0,0.0,0.0,-0.0,0.001953,-0.0047,0.0,0.000184,0.0,0.000061,0.0,-0.000061,0.0,-0.000184,0.0,0.0,0.0,0.008947,
0.0,2.029557,0.892957,-0.000066,0.0,1.570796,0.0,0.834412,-0.00408,0.0,0.0,0.0,-0.337098,-0.031716,-0.001074,0.924662,0.124073,0.014814,-0.026604,0.025331,0.010498,0.140378,-0.061356,-0.024452,-0.001962,0.174482,0.0,-0.002932,0.0,0.0,0.0,-0.158869,-0.174482,0.0,-0.010174,0.0,0.0,0.0,0.0,0.0,-0.0,0.0,-0.0,0.0,-0.0,0.0,0.0,0.001953,-0.0047,0.0,0.000184,0.0,0.000061,0.0,-0.000061,0.0,-0.000184,0.0,0.0,0.0,0.010705,
0.0,2.037965,0.892648,-0.000066,0.0,1.570796,0.0,0.840761,-0.030836,0.0,0.0,0.0,-0.355701,-0.031496,-0.000916,0.917929,0.113215,0.015339,-0.017057,0.025331,0.010498,0.140378,-0.068227,-0.024525,0.006687,0.174482,0.0,-0.000977,0.0,0.0,0.0,-0.171567,-0.174482,0.0,-0.015819,0.0,0.0,0.0,0.0,0.0,-0.0,0.0,-0.0,0.0,-0.0,0.0,-0.0,0.001953,-0.0047,0.0,0.000184,0.0,0.000061,0.0,-0.000061,-0.0,-0.000184,0.0,-0.0,0.0,0.011975,
0.0,2.046404,0.892206,-0.000066,0.0,1.570796,0.0,0.843905,-0.044225,0.0,0.0,0.0,-0.374395,-0.031405,-0.001007,0.909999,0.104854,0.015641,-0.00748,0.025331,0.010498,0.140378,-0.075795,-0.024599,0.015715,0.174482,0.0,-0.000977,0.0,0.0,0.0,-0.183281,-0.174482,0.0,-0.022887,-0.0,0.0,0.0,0.0,0.0,0.0,0.0,0.0,0.0,-0.0,0.0,0.0,0.001953,-0.0047,0.0,0.000184,0.0,0.000061,-0.0,-0.000061,0.0,-0.000184,0.0,0.0,0.0,0.013001,
-0.0,2.054844,0.891764,-0.000066,0.0,1.570796,-0.0,0.843936,-0.044225,0.0,0.0,0.0,-0.39309,-0.031313,-0.001099,0.90207,0.096492,0.015943,0.002097,0.025331,0.010498,0.140378,-0.083363,-0.024672,0.024743,0.174482,-0.0,-0.000977,0.0,0.0,0.0,-0.194995,-0.174482,0.0,-0.029956,0.0,0.0,0.0,0.0,0.0,0.0,0.0,0.0,0.0,0.0,0.0,0.0,0.001953,-0.0047,0.0,0.000184,0.0,0.000061,0.0,-0.000061,0.0,-0.000184,0.0,0.0,0.0,0.014026,
0.0,2.063352,0.891203,-0.000066,0.0,1.570796,0.0,0.850864,-0.056134,0.0,0.0,0.0,-0.410362,-0.031252,-0.001288,0.892104,0.087871,0.016245,0.011734,0.025331,0.010456,0.140378,-0.090975,-0.024745,0.033271,0.174482,0.0,-0.000977,0.0,0.0,0.0,-0.206107,-0.174482,0.0,-0.03744,0.0,0.0,0.0,0.0,0.0,-0.0,0.0,-0.0,0.0,-0.0,0.0,0.0,0.001953,-0.0047,0.0,0.000184,0.0,0.000061,0.0,-0.000061,0.0,-0.000184,0.0,-0.0,0.0,0.014881,
0.0,2.072,0.890403,-0.000066,0.0,1.570796,0.0,0.864828,-0.079983,0.0,0.0,0.0,-0.424794,-0.031252,-0.001672,0.878059,0.078727,0.016547,0.021495,0.025331,0.010328,0.140378,-0.098675,-0.024818,0.040798,0.174482,0.0,-0.000977,0.0,0.0,0.0,-0.216019,-0.174482,0.0,-0.045756,-0.0,0.0,0.0,-0.0,0.0,-0.0,0.0,0.0,0.0,-0.0,0.0,0.0,0.001953,-0.0047,0.0,0.000184,0.0,0.000061,0.0,-0.000061,0.0,-0.000184,0.0,0.0,0.0,0.015394,
0.0,2.080648,0.889603,-0.000066,0.0,1.570796,0.0,0.864797,-0.079983,0.0,0.0,0.0,-0.439226,-0.031252,-0.002057,0.864014,0.069583,0.016849,0.031256,0.025331,0.010199,0.140378,-0.106376,-0.024892,0.048326,0.174482,-0.0,-0.000977,0.0,0.0,0.0,-0.22593,-0.174482,0.0,-0.054071,0.0,0.0,-0.0,0.0,0.0,0.0,0.0,0.0,0.0,0.0,0.0,0.0,0.001953,-0.0047,0.0,0.000184,0.0,0.000061,0.0,-0.000061,0.0,-0.000184,0.0,0.0,0.0,0.015906,
0.0,2.089297,0.888803,-0.000066,0.0,1.570796,0.0,0.864812,-0.07999,0.0,0.0,0.0,-0.453657,-0.031252,-0.002441,0.84997,0.060439,0.017152,0.041017,0.025331,0.010071,0.140378,-0.114076,-0.024965,0.055854,0.174482,-0.0,-0.000977,-0.0,0.0,0.0,-0.235841,-0.174482,0.0,-0.062387,0.0,0.0,0.0,0.0,0.0,0.0,0.0,-0.0,0.0,-0.0,0.0,0.0,0.001953,-0.0047,0.0,0.000184,0.0,0.000061,0.0,-0.000061,0.0,-0.000184,0.0,0.0,0.0,0.016419,
0.0,2.09804,0.887753,-0.000066,0.0,1.570796,0.0,0.874305,-0.105029,0.0,0.0,0.0,-0.462771,-0.030813,-0.002313,0.828061,0.049322,0.017792,0.050835,0.025331,0.009833,0.140378,-0.120957,-0.024983,0.061607,0.174482,0.0,-0.000977,-0.0,0.0,0.0,-0.243592,-0.174482,0.0,-0.070267,0.0,0.0,0.0,0.0,0.0,0.0,0.0,0.0,0.0,0.0,0.0,0.0,0.001953,-0.0047,0.0,0.000184,0.0,0.000061,0.0,-0.000061,0.0,-0.000184,0.0,0.0,0.0,0.01673,
0.0,2.106783,0.886702,-0.000066,0.0,1.570796,-0.0,0.87432,-0.105045,0.0,0.0,0.0,-0.471883,-0.030373,-0.002185,0.806146,0.038204,0.018433,0.060655,0.025331,0.009595,0.140378,-0.127838,-0.025001,0.06736,0.174482,0.0,-0.000977,0.0,0.0,0.0,-0.251343,-0.174482,0.0,-0.078147,0.0,0.0,0.0,0.0,0.0,-0.0,0.0,-0.0,0.0,0.0,0.0,0.0,0.001953,-0.0047,0.0,0.000184,0.0,0.000061,0.0,-0.000061,0.0,-0.000184,0.0,0.0,0.0,0.017042,
0.0,2.115526,0.885652,-0.000066,0.0,1.570796,0.0,0.87429,-0.105037,0.0,0.0,0.0,-0.480995,-0.029934,-0.002057,0.784233,0.027086,0.019074,0.070474,0.025331,0.009357,0.140378,-0.134718,-0.02502,0.073113,0.174482,0.0,-0.000977,-0.0,0.0,0.0,-0.259094,-0.174482,0.0,-0.086026,-0.0,0.0,-0.0,0.0,0.0,0.0,0.0,0.0,0.0,0.0,0.0,0.0,0.001953,-0.0047,0.0,0.000184,-0.0,0.000061,0.0,-0.000061,0.0,-0.000184,0.0,0.0,0.0,0.017353,
0.0,2.124502,0.884453,-0.000066,0.0,1.570796,0.0,0.897621,-0.119905,0.0,0.0,0.0,-0.484689,-0.029287,-0.001563,0.752782,0.016605,0.019813,0.080443,0.025282,0.008973,0.140378,-0.140378,-0.025038,0.078159,0.174482,0.0,-0.000977,0.0,0.0,0.0,-0.265423,-0.174482,0.0,-0.093237,0.0,0.0,0.0,-0.0,0.0,-0.0,0.0,0.0,0.0,0.0,0.0,-0.0,0.001953,-0.0047,0.0,0.000184,0.0,0.000061,0.0,-0.000061,0.0,-0.000184,0.0,0.0,0.0,0.01753,
0.0,2.133595,0.88318,-0.000066,0.0,1.570796,0.0,0.909249,-0.127335,0.0,0.0,0.0,-0.48567,-0.028536,-0.000885,0.716538,0.006442,0.0206,0.090489,0.025209,0.008515,0.140378,-0.145427,-0.025056,0.08285,0.174482,0.0,-0.000977,0.0,0.0,0.0,-0.271041,-0.174482,0.0,-0.100112,0.0,0.0,0.0,0.0,0.0,0.0,0.0,-0.0,0.0,-0.0,0.0,-0.0,0.001953,-0.0047,0.0,0.000184,0.0,0.000061,-0.0,-0.000061,0.0,-0.000184,0.0,0.0,0.0,0.01764,
0.0,2.142687,0.881906,-0.000066,0.0,1.570796,0.0,0.909264,-0.127343,0.0,0.0,0.0,-0.486651,-0.027785,-0.000208,0.680293,-0.003721,0.021388,0.100534,0.025136,0.008057,0.140378,-0.150476,-0.025075,0.087542,0.174482,0.0,-0.000977,-0.0,0.0,0.0,-0.27666,-0.174482,0.0,-0.106988,0.0,0.0,0.0,0.0,0.0,-0.0,0.0,-0.0,0.0,0.0,0.0,-0.0,0.001953,-0.0047,0.0,0.000184,0.0,0.000061,0.0,-0.000061,-0.0,-0.000184,0.0,-0.0,0.0,0.01775,
0.0,2.151983,0.880576,-0.000066,0.0,1.570796,0.0,0.92965,-0.132987,0.0,0.0,0.0,-0.486024,-0.027065,0.000555,0.643238,-0.015056,0.022114,0.110845,0.025087,0.007752,0.140378,-0.156249,-0.025093,0.091966,0.174482,-0.0,-0.000977,0.0,0.0,0.0,-0.281534,-0.174482,0.0,-0.113443,0.0,0.0,0.0,-0.0,0.0,0.0,0.0,-0.0,0.0,-0.0,0.0,-0.0,0.001953,-0.0047,0.0,0.000184,0.0,0.000061,0.0,-0.000061,0.0,-0.000184,0.0,0.0,0.0,0.017823,
0.0,2.161689,0.879133,-0.000066,0.0,1.570796,-0.0,0.970499,-0.144299,0.0,0.0,0.0,-0.482177,-0.026405,0.001489,0.604503,-0.028737,0.022718,0.121688,0.025087,0.007752,0.140378,-0.16347,-0.025111,0.095853,0.174482,-0.0,-0.000977,0.0,0.0,0.0,-0.28492,-0.174482,0.0,-0.119056,0.0,0.0,0.0,0.0,0.0,0.0,0.0,-0.0,0.0,-0.0,0.0,-0.0,0.001953,-0.0047,0.0,0.000184,0.0,0.000061,0.0,-0.000061,0.0,-0.000184,0.0,0.0,0.0,0.017823,
0.0,2.171393,0.87769,-0.000066,0.0,1.570796,0.0,0.970468,-0.144307,0.0,0.0,0.0,-0.478331,-0.025746,0.002423,0.565759,-0.042418,0.023323,0.132532,0.025087,0.007752,0.140378,-0.170691,-0.02513,0.099739,0.174482,0.0,-0.000977,0.0,0.0,0.0,-0.288305,-0.174482,-0.0,-0.12467,-0.0,0.0,-0.0,-0.0,0.0,0.0,0.0,0.0,0.0,-0.0,0.0,0.0,0.001953,-0.0047,0.0,0.000184,0.0,0.000061,0.0,-0.000061,0.0,-0.000184,0.0,0.0,0.0,0.017823,
0.0,2.181098,0.876247,-0.000066,0.0,1.570796,0.0,0.970499,-0.144299,0.0,0.0,0.0,-0.474485,-0.025087,0.003357,0.527033,-0.056099,0.023927,0.143376,0.025087,0.007752,0.140378,-0.177913,-0.025148,0.103626,0.174482,0.0,-0.000977,0.0,0.0,0.0,-0.291691,-0.174482,0.0,-0.130284,0.0,0.0,0.0,0.0,0.0,-0.0,0.0,-0.0,0.0,-0.0,0.0,-0.0,0.001953,-0.0047,0.0,0.000184,0.0,0.000061,0.0,-0.000061,0.0,-0.000184,0.0,0.0,0.0,0.017823,
0.0,2.191644,0.874832,-0.000066,0.0,1.570796,0.0,1.05462,-0.141532,0.0,0.0,0.0,-0.475879,-0.024776,0.004108,0.508162,-0.074189,0.024128,0.155097,0.025123,0.008466,0.140525,-0.186043,-0.025331,0.106597,0.174482,0.0,-0.000977,0.0,0.0,0.0,-0.292524,-0.174482,0.0,-0.13456,0.0,0.0,0.0,-0.0,0.0,0.0,0.0,0.0,0.0,0.0,0.0,-0.0,0.001953,-0.0047,0.0,0.000184,0.0,0.000061,0.0,-0.000061,-0.0,-0.000184,0.0,-0.0,0.0,0.018098,
0.0,2.202191,0.873416,-0.000066,0.0,1.570796,0.0,1.054681,-0.141539,0.0,0.0,0.0,-0.477273,-0.024464,0.004859,0.48929,-0.092281,0.02433,0.166819,0.02516,0.00918,0.140672,-0.194175,-0.025514,0.109568,0.174482,0.0,-0.000977,0.0,0.0,0.0,-0.293357,-0.174482,0.0,-0.138837,0.0,0.0,0.0,0.0,0.0,0.0,0.0,0.0,0.0,0.0,0.0,-0.0,0.001953,-0.0047,0.0,0.000184,0.0,0.000061,0.0,-0.000061,0.0,-0.000184,0.0,0.0,0.0,0.018372,
0.0,2.212738,0.872001,-0.000066,0.0,1.570796,0.0,1.054636,-0.141532,0.0,0.0,0.0,-0.478668,-0.024153,0.005609,0.47042,-0.110372,0.024531,0.178541,0.025197,0.009894,0.140819,-0.202305,-0.025697,0.112538,0.174482,0.0,-0.000977,0.0,0.0,0.0,-0.29419,-0.174482,0.0,-0.143114,0.0,0.0,0.0,-0.0,0.0,0.0,0.0,-0.0,0.0,-0.0,0.0,-0.0,0.001953,-0.0047,0.0,0.000184,-0.0,0.000061,0.0,-0.000061,0.0,-0.000184,0.0,0.0,0.0,0.018647,
0.0,2.223497,0.870688,-0.000066,0.0,1.570796,0.0,1.075921,-0.131276,0.0,0.0,0.0,-0.480189,-0.023951,0.006226,0.466188,-0.128912,0.024599,0.190227,0.025209,0.010328,0.140868,-0.205679,-0.025758,0.115106,0.174482,-0.0,-0.000977,0.0,0.0,0.0,-0.293345,-0.174482,0.0,-0.144907,-0.0,-0.0,0.0,0.0,0.0,-0.0,0.0,0.0,0.0,-0.0,0.0,0.0,0.001953,-0.0047,0.0,0.000184,-0.0,0.000061,0.0,-0.000061,0.0,-0.000184,0.0,-0.0,0.0,0.019166,
0.0,2.234362,0.869427,-0.000066,0.0,1.570796,0.0,1.08651,-0.126156,0.0,0.0,0.0,-0.481772,-0.023805,0.006775,0.469276,-0.147679,0.024599,0.201896,0.025209,0.01062,0.140868,-0.206673,-0.025758,0.117472,0.174482,0.0,-0.000977,0.0,0.0,0.0,-0.291661,-0.174482,-0.0,-0.145457,0.0,0.0,0.0,0.0,0.0,-0.0,0.0,0.0,0.0,0.0,0.0,-0.0,0.001953,-0.0047,0.0,0.000184,0.0,0.000061,0.0,-0.000061,0.0,-0.000184,0.0,0.0,0.0,0.019807,
0.0,2.245228,0.868165,-0.000066,0.0,1.570796,0.0,1.086556,-0.126156,0.0,0.0,0.0,-0.483356,-0.023658,0.007324,0.472363,-0.166446,0.024599,0.213566,0.025209,0.010913,0.140868,-0.207667,-0.025758,0.119839,0.174482,-0.0,-0.000977,0.0,0.0,0.0,-0.289976,-0.174482,-0.0,-0.146008,0.0,0.0,0.0,-0.0,0.0,-0.0,0.0,-0.0,0.0,-0.0,0.0,-0.0,0.001953,-0.0047,0.0,0.000184,0.0,0.000061,-0.0,-0.000061,0.0,-0.000184,0.0,0.0,0.0,0.020448,
0.0,2.256201,0.867025,-0.000066,0.0,1.570796,0.0,1.097343,-0.114048,0.0,0.0,0.0,-0.48229,-0.023561,0.007691,0.47296,-0.179114,0.024599,0.225095,0.025227,0.011292,0.140905,-0.20633,-0.025758,0.121985,0.174482,0.0,-0.000977,-0.0,0.0,0.0,-0.287565,-0.174482,0.0,-0.145262,-0.0,0.0,0.0,0.0,0.0,-0.0,0.0,-0.0,0.0,-0.0,0.0,-0.0,0.001953,-0.0047,0.0,0.000184,0.0,0.000061,0.0,-0.000061,0.0,-0.000184,0.0,0.0,0.0,0.021162,
0.0,2.267391,0.866126,-0.000066,0.0,1.570796,-0.0,1.11904,-0.089838,0.0,0.0,0.0,-0.475922,-0.023561,0.007691,0.468574,-0.179592,0.024599,0.236347,0.025282,0.011841,0.141015,-0.200331,-0.025758,0.123691,0.174482,0.0,-0.000977,0.0,0.0,0.0,-0.283699,-0.174482,0.0,-0.141921,0.0,0.0,0.0,-0.0,0.0,0.0,0.0,-0.0,0.0,-0.0,0.0,0.0,0.001953,-0.0047,0.0,0.000184,0.0,0.000061,0.0,-0.000061,0.0,-0.000184,0.0,0.0,0.0,0.022023,
0.0,2.278581,0.865228,-0.000066,0.0,1.570796,0.0,1.119009,-0.089831,0.0,0.0,0.0,-0.469555,-0.023561,0.007691,0.464188,-0.18007,0.024599,0.247598,0.025337,0.012391,0.141125,-0.194332,-0.025758,0.125398,0.174482,0.0,-0.000977,0.0,0.0,0.0,-0.279834,-0.174482,0.0,-0.13858,-0.0,0.0,0.0,-0.0,0.0,0.0,0.0,0.0,0.0,0.0,0.0,0.0,0.001953,-0.0047,0.0,0.000184,0.0,0.000061,0.0,-0.000061,0.0,-0.000184,0.0,-0.0,0.0,0.022883,
0.0,2.289772,0.86433,-0.000066,0.0,1.570796,0.0,1.119055,-0.089831,0.0,0.0,0.0,-0.463186,-0.023561,0.007691,0.4598,-0.180546,0.024599,0.258849,0.025392,0.01294,0.141235,-0.188331,-0.025758,0.127104,0.174482,0.0,-0.000977,0.0,0.0,0.0,-0.275968,-0.174482,0.0,-0.135238,-0.0,0.0,-0.0,-0.0,0.0,0.0,0.0,0.0,0.0,0.0,-0.0,0.0,0.001953,-0.0047,0.0,0.000184,0.0,0.000061,0.0,-0.000061,0.0,-0.000184,0.0,-0.0,0.0,0.023744,
0.0,2.301307,0.864573,-0.000066,0.0,1.570796,0.0,1.153547,0.024346,0.0,0.0,0.0,-0.443543,-0.023671,0.00705,0.435239,-0.160056,0.024599,0.269072,0.02552,0.014405,0.141419,-0.173578,-0.025758,0.127783,0.174482,-0.0,-0.000977,-0.0,0.0,0.0,-0.270961,-0.174482,-0.0,-0.129697,0.0,0.0,0.0,0.0,0.0,-0.0,0.0,-0.0,0.0,0.0,0.0,0.0,0.001953,-0.0047,0.0,0.000184,0.0,0.000061,0.0,-0.000061,0.0,-0.000184,0.0,0.0,0.0,0.024147,
0.0,2.312843,0.864817,-0.000066,0.0,1.570796,0.0,1.153563,0.024338,0.0,0.0,0.0,-0.423897,-0.023781,0.006409,0.410673,-0.139562,0.024599,0.279296,0.025648,0.01587,0.141602,-0.158823,-0.025758,0.128462,0.174482,-0.0,-0.000977,0.0,0.0,0.0,-0.265954,-0.174482,0.0,-0.124156,0.0,0.0,0.0,0.0,0.0,-0.0,0.0,-0.0,0.0,-0.0,0.0,-0.0,0.001953,-0.0047,0.0,0.000184,0.0,0.000061,0.0,-0.000061,0.0,-0.000184,-0.0,0.0,0.0,0.02455,
-0.0,2.324378,0.86506,-0.000066,0.0,1.570796,-0.0,1.153547,0.024338,0.0,0.0,0.0,-0.404252,-0.02389,0.005768,0.386109,-0.119071,0.024599,0.289519,0.025776,0.017335,0.141786,-0.144069,-0.025758,0.12914,0.174482,0.0,-0.000977,0.0,0.0,0.0,-0.260947,-0.174482,0.0,-0.118615,0.0,0.0,0.0,0.0,0.0,-0.0,0.0,0.0,0.0,-0.0,0.0,0.0,0.001953,-0.0047,0.0,0.000184,0.0,0.000061,0.0,-0.000061,0.0,-0.000184,0.0,0.0,0.0,0.024953,
0.0,2.33543,0.865565,-0.000066,0.0,1.570796,0.0,1.105145,0.050481,0.0,0.0,0.0,-0.390919,-0.024,0.005212,0.376673,-0.103358,0.024566,0.298584,0.025868,0.018153,0.141761,-0.119073,-0.025392,0.127519,0.174482,0.0,-0.000977,-0.0,0.0,0.0,-0.255648,-0.174482,-0.0,-0.112208,0.0,0.0,0.0,0.0,0.0,0.0,0.0,0.0,0.0,0.0,0.0,0.0,0.001953,-0.0047,0.0,0.000184,0.0,0.000061,-0.0,-0.000061,0.0,-0.000184,0.0,0.0,0.0,0.024403,
0.0,2.346239,0.8662,-0.000066,0.0,1.570796,0.0,1.080913,0.063541,0.0,0.0,0.0,-0.380736,-0.02411,0.0047,0.37479,-0.090032,0.024517,0.307071,0.025941,0.018647,0.141633,-0.088951,-0.024843,0.124749,0.174482,0.0,-0.000977,-0.0,0.0,0.0,-0.250203,-0.174482,0.0,-0.105368,0.0,0.0,0.0,0.0,0.0,-0.0,0.0,0.0,0.0,0.0,0.0,0.0,0.001953,-0.0047,0.0,0.000184,0.0,0.000061,0.0,-0.000061,0.0,-0.000184,0.0,0.0,0.0,0.023377,
0.0,2.357049,0.866836,-0.000066,0.0,1.570796,0.0,1.080943,0.063541,0.0,0.0,0.0,-0.370554,-0.02422,0.004187,0.372908,-0.076705,0.024468,0.315558,0.026015,0.019142,0.141504,-0.058828,-0.024293,0.121978,0.174482,-0.0,-0.000977,-0.0,0.0,0.0,-0.244759,-0.174482,0.0,-0.098528,0.0,0.0,0.0,0.0,0.0,0.0,0.0,0.0,0.0,0.0,0.0,0.0,0.001953,-0.0047,0.0,0.000184,0.0,0.000061,0.0,-0.000061,0.0,-0.000184,-0.0,0.0,0.0,0.022352,
0.0,2.367614,0.867546,-0.000066,0.0,1.570796,0.0,1.056559,0.071016,0.0,0.0,0.0,-0.360835,-0.024318,0.003741,0.372232,-0.065723,0.024419,0.311964,0.026277,0.01897,0.161834,-0.032653,-0.023646,0.117954,0.174482,0.0,-0.000977,-0.0,0.0,0.0,-0.239267,-0.174482,0.0,-0.091562,0.0,-0.0,-0.0,0.0,0.0,0.0,0.0,0.0,0.0,0.0,-0.0,0.0,0.001953,-0.0047,0.0,0.000184,0.0,0.000061,0.0,-0.000061,0.0,-0.000184,0.0,0.0,0.0,0.021052,
0.0,2.377693,0.868405,-0.000066,0.0,1.570796,-0.0,1.007929,0.085951,0.0,0.0,0.0,-0.35204,-0.024391,0.00343,0.373965,-0.059421,0.024371,0.284232,0.026918,0.017469,0.223116,-0.01434,-0.022804,0.111426,0.174482,-0.0,-0.000977,0.0,0.0,0.0,-0.233681,-0.174482,0.0,-0.084341,0.0,0.0,0.0,0.0,0.0,0.0,0.0,0.0,0.0,0.0,0.0,0.0,0.001953,-0.0047,0.0,0.000184,0.0,0.000061,-0.0,-0.000061,0.0,-0.000184,0.0,-0.0,0.0,0.019202,
0.0,2.387773,0.869265,-0.000066,0.0,1.570796,0.0,1.007959,0.085958,0.0,0.0,0.0,-0.343244,-0.024464,0.003119,0.375698,-0.053119,0.024322,0.256495,0.027559,0.015967,0.28444,0.003974,-0.021961,0.104897,0.174482,-0.0,-0.000977,0.0,0.0,0.0,-0.228095,-0.174482,0.0,-0.07712,0.0,0.0,0.0,-0.0,0.0,0.0,0.0,-0.0,0.0,-0.0,0.0,0.0,0.001953,-0.0047,0.0,0.000184,0.0,0.000061,0.0,-0.000061,-0.0,-0.000184,0.0,0.0,0.0,0.017352,
0.0,2.397852,0.870125,-0.000066,0.0,1.570796,0.0,1.007913,0.085966,0.0,0.0,0.0,-0.334449,-0.024537,0.002808,0.377431,-0.04682,0.024273,0.228758,0.028201,0.014467,0.345697,0.022286,-0.021118,0.098367,0.174482,0.0,-0.000977,-0.0,0.0,0.0,-0.22251,-0.174482,0.0,-0.0699,-0.0,-0.0,0.0,0.0,0.0,0.0,0.0,0.0,0.0,-0.0,0.0,-0.0,0.001953,-0.0047,0.0,0.000184,0.0,0.000061,0.0,-0.000061,0.0,-0.000184,0.0,0.0,0.0,0.015504,
-0.0,2.407647,0.8712,-0.000066,0.0,1.570796,-0.0,0.979454,0.107571,0.0,0.0,0.0,-0.324472,-0.024537,0.002698,0.377487,-0.047534,0.024224,0.175106,0.030563,0.016298,0.443386,0.042253,-0.018371,0.088965,0.174482,-0.0,-0.000977,0.0,0.0,0.0,-0.217261,-0.174482,0.0,-0.065082,0.0,0.0,0.0,-0.0,0.0,0.0,0.0,-0.0,0.0,-0.0,0.0,-0.0,0.001953,-0.0047,0.0,0.000184,-0.0,0.000061,0.0,-0.000061,0.0,-0.000184,0.0,-0.0,0.0,0.017079,
0.0,2.417441,0.872276,-0.000066,0.0,1.570796,0.0,0.979454,0.107571,0.0,0.0,0.0,-0.314494,-0.024537,0.002588,0.377543,-0.048249,0.024175,0.121403,0.032926,0.018129,0.541388,0.062223,-0.015625,0.079563,0.174482,0.0,-0.000977,0.0,0.0,0.0,-0.212012,-0.174482,0.0,-0.060264,0.0,-0.0,0.0,0.0,0.0,0.0,0.0,-0.0,0.0,-0.0,0.0,-0.0,0.001953,-0.0047,0.0,0.000184,0.0,0.000061,0.0,-0.000061,0.0,-0.000184,-0.0,0.0,0.0,0.018654,
0.0,2.427236,0.873352,-0.000066,0.0,1.570796,0.0,0.9795,0.107571,0.0,0.0,0.0,-0.304516,-0.024537,0.002478,0.377599,-0.048963,0.024126,0.067722,0.035288,0.01996,0.639238,0.082192,-0.012878,0.070161,0.174482,0.0,-0.000977,0.0,0.0,0.0,-0.206763,-0.174482,0.0,-0.055445,0.0,0.0,0.0,-0.0,0.0,0.0,0.0,-0.0,0.0,-0.0,0.0,0.0,0.001953,-0.0047,0.0,0.000184,0.0,0.000061,0.0,-0.000061,0.0,-0.000184,-0.0,0.0,0.0,0.020229,
0.0,2.436875,0.87455,-0.000066,0.0,1.570796,0.0,0.963859,0.1198,0.0,0.0,0.0,-0.291378,-0.024537,0.00249,0.371644,-0.052293,0.02411,0.024162,0.03748,0.021474,0.70608,0.109728,-0.00963,0.060054,0.174482,-0.0,-0.000977,0.0,0.0,0.0,-0.200757,-0.174482,-0.0,-0.049968,0.0,0.0,0.0,0.0,0.0,-0.0,0.0,-0.0,0.0,-0.0,0.0,-0.0,0.001953,-0.0047,0.0,0.000184,0.0,0.000061,0.0,-0.000061,0.0,-0.000184,-0.0,0.0,0.0,0.021608,
0.0,2.446436,0.875809,-0.000066,0.0,1.570796,0.0,0.956077,0.125895,0.0,0.0,0.0,-0.276661,-0.024537,0.002564,0.362689,-0.056927,0.02411,-0.014399,0.039586,0.022829,0.757674,0.141053,-0.006133,0.049595,0.174482,-0.0,-0.000977,0.0,0.0,0.0,-0.194373,-0.174482,0.0,-0.044162,0.0,0.0,0.0,-0.0,0.0,0.0,0.0,0.0,0.0,0.0,0.0,0.0,0.001953,-0.0047,0.0,0.000184,-0.0,0.000061,0.0,-0.000061,0.0,-0.000184,0.0,0.0,0.0,0.02289,
0.0,2.455997,0.877068,-0.000066,0.0,1.570796,0.0,0.956092,0.125895,0.0,0.0,0.0,-0.261944,-0.024537,0.002637,0.353734,-0.061562,0.02411,-0.052961,0.041692,0.024184,0.809268,0.172378,-0.002635,0.039135,0.174482,0.0,-0.000977,0.0,0.0,0.0,-0.187989,-0.174482,0.0,-0.038356,-0.0,0.0,0.0,0.0,0.0,-0.0,0.0,0.0,0.0,-0.0,0.0,0.0,0.001953,-0.0047,0.0,0.000184,0.0,0.000061,-0.0,-0.000061,0.0,-0.000184,0.0,0.0,0.0,0.024172,
0.0,2.465516,0.878361,-0.000066,0.0,1.570796,0.0,0.951926,0.129305,0.0,0.0,0.0,-0.245787,-0.024513,0.002686,0.341943,-0.065365,0.02411,-0.088343,0.043456,0.025172,0.852356,0.196964,0.000245,0.028433,0.174482,0.0,-0.001154,0.0,0.0,0.0,-0.181005,-0.174482,0.0,-0.032311,-0.0,0.0,0.0,0.0,0.0,0.0,0.0,0.0,0.0,0.0,0.0,-0.0,0.001953,-0.0047,0.0,0.000184,0.0,0.000061,0.0,-0.000061,0.0,-0.000184,0.0,0.0,0.0,0.025026,
0.0,2.474951,0.879721,-0.000066,0.0,1.570796,0.0,0.943533,0.136079,0.0,0.0,0.0,-0.226755,-0.02444,0.002686,0.32449,-0.067509,0.02411,-0.117429,0.044537,0.025429,0.878573,0.208123,0.001893,0.017244,0.174482,0.0,-0.001685,0.0,0.0,0.0,-0.172827,-0.174482,0.0,-0.025792,0.0,0.0,0.0,0.0,0.0,0.0,0.0,0.0,0.0,0.0,0.0,-0.0,0.001953,-0.0047,0.0,0.000184,0.0,0.000061,-0.0,-0.000061,-0.0,-0.000184,0.0,0.0,0.0,0.025026,
0.0,2.484386,0.881082,-0.000066,0.0,1.570796,0.0,0.943533,0.136072,0.0,0.0,0.0,-0.207721,-0.024367,0.002686,0.307036,-0.069652,0.02411,-0.146519,0.045618,0.025685,0.904793,0.219283,0.003541,0.006055,0.174482,-0.0,-0.002216,0.0,0.0,0.0,-0.164649,-0.174482,-0.0,-0.019272,0.0,0.0,0.0,0.0,0.0,-0.0,0.0,0.0,0.0,0.0,0.0,-0.0,0.001953,-0.0047,0.0,0.000184,0.0,0.000061,0.0,-0.000061,0.0,-0.000184,0.0,0.0,0.0,0.025026,
0.0,2.493822,0.882443,-0.000066,0.0,1.570796,0.0,0.943503,0.136072,0.0,0.0,0.0,-0.188688,-0.024293,0.002685,0.289579,-0.071793,0.02411,-0.175598,0.046698,0.025941,0.930998,0.230431,0.005188,-0.005133,0.174482,0.0,-0.00275,0.0,0.0,0.0,-0.15647,-0.174482,0.0,-0.012757,0.0,0.0,0.0,0.0,0.0,0.0,0.0,-0.0,0.0,0.0,0.0,-0.0,0.001953,-0.0047,0.0,0.000184,0.0,0.000061,0.0,-0.000061,0.0,-0.000184,0.0,0.0,0.0,0.025025,
0.0,2.502834,0.883617,-0.000066,0.0,1.570796,-0.0,0.901222,0.117438,0.0,0.0,0.0,-0.165128,-0.024293,0.002411,0.262439,-0.068623,0.02411,-0.198989,0.046771,0.025465,0.940586,0.220798,0.00473,-0.016158,0.174482,0.0,-0.00905,0.0,0.0,0.0,-0.146025,-0.174482,0.0,-0.012757,0.0,0.0,0.0,0.0,0.0,-0.0,0.0,0.0,0.0,0.0,0.0,-0.0,0.001953,-0.0047,0.0,0.000184,0.0,0.000061,0.0,-0.000061,0.0,-0.000184,0.0,0.0,0.0,0.022974,
0.0,2.511845,0.884792,-0.000066,0.0,1.570796,0.0,0.901161,0.117446,0.0,0.0,0.0,-0.141565,-0.024293,0.002136,0.235295,-0.065454,0.02411,-0.222383,0.046844,0.024989,0.950174,0.211166,0.004272,-0.027183,0.174482,0.0,-0.015349,0.0,0.0,0.0,-0.13558,-0.174482,0.0,-0.012757,0.0,0.0,0.0,0.0,0.0,0.0,0.0,-0.0,0.0,0.0,0.0,-0.0,0.001953,-0.0047,0.0,0.000184,0.0,0.000061,-0.0,-0.000061,0.0,-0.000184,0.0,0.0,0.0,0.020923,
-0.0,2.520857,0.885966,-0.000066,0.0,1.570796,-0.0,0.901176,0.117438,0.0,0.0,0.0,-0.118003,-0.024293,0.001861,0.208154,-0.062284,0.02411,-0.245774,0.046917,0.024513,0.959762,0.201533,0.003815,-0.038207,0.174482,-0.0,-0.021648,0.0,0.0,0.0,-0.125135,-0.174482,0.0,-0.012757,0.0,0.0,0.0,0.0,0.0,-0.0,0.0,-0.0,0.0,-0.0,0.0,-0.0,0.001953,-0.0047,0.0,0.000184,0.0,0.000061,0.0,-0.000061,0.0,-0.000184,0.0,0.0,0.0,0.018872,
0.0,2.529604,0.886851,-0.000066,0.0,1.570796,0.0,0.874674,0.088475,0.0,0.0,0.0,-0.097816,-0.024293,0.001416,0.187305,-0.062,0.02411,-0.267878,0.046685,0.023866,0.964346,0.190833,0.003002,-0.050542,0.174482,-0.0,-0.028975,0.0,0.0,0.0,-0.113561,-0.174482,0.0,-0.012757,0.0,0.0,0.0,0.0,0.0,0.0,0.0,-0.0,0.0,-0.0,0.0,-0.0,0.001953,-0.0047,0.0,0.000184,0.0,0.000061,0.0,-0.000061,0.0,-0.000184,0.0,-0.0,0.0,0.016026,
0.0,2.538219,0.887591,-0.000066,0.0,1.570796,0.0,0.861506,0.074039,0.0,0.0,0.0,-0.079304,-0.024293,0.000885,0.169587,-0.063154,0.02411,-0.289347,0.0463,0.023133,0.966434,0.179598,0.002014,-0.063533,0.174482,-0.0,-0.036814,-0.0,0.0,0.0,-0.101423,-0.174482,0.0,-0.012757,0.0,0.0,0.0,0.0,0.0,-0.0,0.0,-0.0,0.0,0.0,0.0,-0.0,0.001953,-0.0047,0.0,0.000184,0.0,0.000061,0.0,-0.000061,-0.0,-0.000184,0.0,0.0,0.0,0.012785,
0.0,2.546834,0.888332,-0.000066,0.0,1.570796,0.0,0.861476,0.074039,0.0,0.0,0.0,-0.060794,-0.024293,0.000354,0.15187,-0.064308,0.02411,-0.310815,0.045916,0.022401,0.968523,0.168365,0.001025,-0.076522,0.174482,0.0,-0.044652,0.0,0.0,0.0,-0.089284,-0.174482,0.0,-0.012757,0.0,0.0,0.0,-0.0,0.0,0.0,0.0,-0.0,0.0,0.0,0.0,0.0,0.001953,-0.0047,0.0,0.000184,0.0,0.000061,0.0,-0.000061,0.0,-0.000184,0.0,0.0,0.0,0.009544,
0.0,2.555403,0.888906,-0.000066,0.0,1.570796,0.0,0.856884,0.057445,0.0,0.0,0.0,-0.045336,-0.024306,-0.000202,0.140134,-0.068481,0.02411,-0.331929,0.045335,0.02146,0.968712,0.157787,-0.000093,-0.090079,0.174482,0.0,-0.052902,0.0,0.0,0.0,-0.077273,-0.174482,0.0,-0.012757,0.0,0.0,0.0,0.0,0.0,0.0,0.0,0.0,0.0,0.0,0.0,0.0,0.001953,-0.0047,0.0,0.000184,0.0,0.000061,0.0,-0.000061,0.0,-0.000184,0.0,-0.0,0.0,0.006138,
0.0,2.56388,0.88915,-0.000066,0.0,1.570796,0.0,0.847777,0.024379,0.0,0.0,0.0,-0.035959,-0.024342,-0.000806,0.140317,-0.078671,0.02411,-0.352346,0.044365,0.020105,0.965117,0.148515,-0.001466,-0.104769,0.174482,0.0,-0.061971,0.0,0.0,0.0,-0.065511,-0.174482,0.0,-0.012757,0.0,0.0,0.0,-0.0,0.0,0.0,0.0,-0.0,0.0,0.0,0.0,-0.0,0.001953,-0.0047,0.0,0.000184,0.0,0.000061,0.0,-0.000061,-0.0,-0.000184,0.0,0.0,0.0,0.002402,
0.0,2.572358,0.889394,-0.000066,0.0,1.570796,0.0,0.847807,0.024379,0.0,0.0,0.0,-0.026582,-0.024379,-0.00141,0.140501,-0.088861,0.02411,-0.372765,0.043394,0.01875,0.961521,0.139242,-0.002839,-0.11946,0.174482,-0.0,-0.07104,0.0,0.0,0.0,-0.053748,-0.174482,0.0,-0.012757,0.0,0.0,0.0,0.0,0.0,-0.0,0.0,-0.0,0.0,0.0,0.0,0.0,0.001953,-0.0047,0.0,0.000184,0.0,0.000061,0.0,-0.000061,0.0,-0.000184,0.0,0.0,0.0,-0.001334,
0.0,2.580837,0.889637,-0.000066,0.0,1.570796,0.0,0.847807,0.024341,0.0,0.0,0.0,-0.017204,-0.024415,-0.002014,0.140684,-0.099047,0.02411,-0.393179,0.042423,0.017395,0.95792,0.129972,-0.004213,-0.13415,0.174482,0.0,-0.080109,-0.0,0.0,0.0,-0.041987,-0.174482,0.0,-0.012757,-0.0,0.0,0.0,0.0,0.0,0.0,0.0,0.0,0.0,-0.0,0.0,-0.0,0.001953,-0.0047,0.0,0.000184,0.0,0.000061,0.0,-0.000061,0.0,-0.000184,0.0,-0.0,0.0,-0.005068,
0.0,2.589662,0.889415,-0.000066,0.0,1.570796,0.0,0.88257,-0.022189,0.0,0.0,0.0,-0.007115,-0.024415,-0.002106,0.140684,-0.104365,0.024147,-0.411441,0.041379,0.01615,0.948509,0.122874,-0.005513,-0.148771,0.174482,0.0,-0.08889,-0.0,0.0,0.0,-0.030249,-0.174482,0.0,-0.012757,0.0,0.0,0.0,0.0,0.0,0.0,0.0,0.0,0.0,-0.0,0.0,0.0,0.001953,-0.0047,0.0,0.000184,0.0,0.000061,0.0,-0.000061,0.0,-0.000184,0.0,-0.0,0.0,-0.007174,
0.0,2.598488,0.889193,-0.000066,0.0,1.570796,0.0,0.8826,-0.022181,0.0,0.0,0.0,0.002975,-0.024415,-0.002197,0.140684,-0.109683,0.024183,-0.429704,0.040335,0.014904,0.939096,0.115775,-0.006813,-0.163394,0.174482,0.0,-0.097671,0.0,0.0,0.0,-0.01851,-0.174482,0.0,-0.012757,0.0,0.0,0.0,0.0,0.0,0.0,0.0,0.0,0.0,0.0,0.0,-0.0,0.001953,-0.0047,0.0,0.000184,0.0,0.000061,0.0,-0.000061,0.0,-0.000184,0.0,0.0,0.0,-0.009279,
0.0,2.607315,0.888971,-0.000066,0.0,1.570796,0.0,0.882661,-0.022181,0.0,0.0,0.0,0.013065,-0.024415,-0.002289,0.140684,-0.115001,0.02422,-0.447968,0.039291,0.013659,0.929684,0.108675,-0.008113,-0.178017,0.174482,-0.0,-0.106453,0.0,0.0,0.0,-0.006771,-0.174482,0.0,-0.012757,0.0,0.0,0.0,-0.0,0.0,-0.0,0.0,-0.0,0.0,-0.0,0.0,0.0,0.001953,-0.0047,0.0,0.000184,0.0,0.000061,0.0,-0.000061,0.0,-0.000184,0.0,0.0,0.0,-0.011385,
0.0,2.616202,0.888479,-0.000066,0.0,1.570796,0.0,0.888705,-0.049204,0.0,0.0,0.0,0.023302,-0.024415,-0.002319,0.140733,-0.121154,0.024257,-0.462011,0.038296,0.012622,0.91482,0.1012,-0.00934,-0.19202,0.174482,0.0,-0.114503,0.0,0.0,0.0,0.004319,-0.174482,0.0,-0.012757,0.0,0.0,0.0,0.0,0.0,0.0,0.0,0.0,0.0,0.0,0.0,0.0,0.001953,-0.0047,0.0,0.000184,0.0,0.000061,0.0,-0.000061,0.0,-0.000184,0.0,0.0,0.0,-0.01244,
0.0,2.625119,0.887853,-0.000066,0.0,1.570796,0.0,0.891728,-0.06267,0.0,0.0,0.0,0.033613,-0.024415,-0.002319,0.140807,-0.127723,0.024293,-0.473954,0.037325,0.011688,0.89724,0.093538,-0.01053,-0.205717,0.174482,0.0,-0.12219,-0.0,0.0,0.0,0.015087,-0.174482,-0.0,-0.012757,0.0,0.0,0.0,0.0,0.0,-0.0,0.0,-0.0,0.0,-0.0,0.0,0.0,0.001953,-0.0047,0.0,0.000184,0.0,0.000061,0.0,-0.000061,0.0,-0.000184,0.0,0.0,0.0,-0.012971,
0.0,2.634037,0.887226,-0.000066,0.0,1.570796,0.0,0.891758,-0.062662,0.0,0.0,0.0,0.043924,-0.024415,-0.002319,0.14088,-0.134292,0.02433,-0.485898,0.036355,0.010754,0.87966,0.085875,-0.01172,-0.219414,0.174482,0.0,-0.129877,0.0,0.0,0.0,0.025854,-0.174482,-0.0,-0.012757,0.0,0.0,0.0,0.0,0.0,0.0,0.0,-0.0,0.0,-0.0,0.0,0.0,0.001953,-0.0047,0.0,0.000184,0.0,0.000061,0.0,-0.000061,0.0,-0.000184,0.0,0.0,0.0,-0.013502,
0.0,2.643022,0.886474,-0.000066,0.0,1.570796,0.0,0.898473,-0.075212,0.0,0.0,0.0,0.054286,-0.024415,-0.002295,0.140929,-0.141078,0.024354,-0.495441,0.035402,0.009918,0.858717,0.077901,-0.01288,-0.232659,0.174482,0.0,-0.137155,0.0,0.0,0.0,0.03628,-0.174482,0.0,-0.012757,0.0,0.0,0.0,-0.0,0.0,-0.0,0.0,0.0,-0.0,0.0,-0.0,0.0,0.001953,-0.0047,0.0,0.000184,0.0,0.000061,0.0,-0.000061,0.0,-0.000184,0.0,0.0,0.0,-0.013641,
0.0,2.652139,0.885472,-0.000066,0.0,1.570796,0.0,0.91175,-0.10019,0.0,0.0,0.0,0.064748,-0.024415,-0.002222,0.140929,-0.148295,0.024354,-0.500205,0.034487,0.009277,0.831069,0.069308,-0.013979,-0.245005,0.174482,0.0,-0.143618,-0.0,0.0,0.0,0.046025,-0.174482,0.0,-0.012757,-0.0,0.0,0.0,0.0,0.0,-0.0,0.0,-0.0,0.0,-0.0,0.0,-0.0,0.001953,-0.0047,0.0,0.000184,0.0,0.000061,0.0,-0.000061,0.0,-0.000184,0.0,0.0,0.0,-0.013,
0.0,2.661256,0.88447,-0.000066,0.0,1.570796,0.0,0.91175,-0.10019,0.0,0.0,0.0,0.07521,-0.024415,-0.002148,0.140929,-0.155512,0.024354,-0.504968,0.033571,0.008636,0.803418,0.060716,-0.015077,-0.257351,0.174482,-0.0,-0.15008,0.0,0.0,0.0,0.05577,-0.174482,0.0,-0.012757,0.0,0.0,0.0,-0.0,0.0,-0.0,0.0,-0.0,0.0,0.0,0.0,-0.0,0.001953,-0.0047,0.0,0.000184,0.0,0.000061,0.0,-0.000061,0.0,-0.000184,0.0,0.0,0.0,-0.012359,
0.0,2.670374,0.883468,-0.000066,0.0,1.570796,0.0,0.91175,-0.100228,0.0,0.0,0.0,0.085672,-0.024415,-0.002075,0.140929,-0.162729,0.024354,-0.509726,0.032655,0.007995,0.775765,0.052123,-0.016176,-0.269694,0.174482,0.0,-0.156542,0.0,0.0,0.0,0.065513,-0.174482,0.0,-0.012757,0.0,0.0,0.0,0.0,0.0,0.0,0.0,0.0,0.0,0.0,0.0,0.0,0.001953,-0.0047,0.0,0.000184,0.0,0.000061,-0.0,-0.000061,-0.0,-0.000184,0.0,-0.0,0.0,-0.011719,
0.0,2.679713,0.882144,-0.000066,0.0,1.570796,0.0,0.933938,-0.132407,0.0,0.0,0.0,0.096381,-0.024415,-0.00191,0.140929,-0.170523,0.024354,-0.508496,0.03185,0.007538,0.738864,0.043404,-0.01711,-0.279426,0.174482,0.0,-0.16211,-0.0,0.0,0.0,0.074127,-0.174482,0.0,-0.012757,0.0,0.0,0.0,0.0,0.0,0.0,0.0,0.0,0.0,-0.0,0.0,0.0,0.001953,-0.0047,0.0,0.000184,0.0,0.000061,0.0,-0.000061,0.0,-0.000184,0.0,0.0,0.0,-0.011591,
0.0,2.689052,0.88082,-0.000066,0.0,1.570796,0.0,0.933908,-0.132407,0.0,0.0,0.0,0.107089,-0.024415,-0.001745,0.140929,-0.178318,0.024354,-0.507267,0.031044,0.00708,0.701947,0.034687,-0.018044,-0.289157,0.174482,-0.0,-0.167678,-0.0,0.0,0.0,0.08274,-0.174482,0.0,-0.012757,0.0,0.0,0.0,0.0,0.0,-0.0,0.0,0.0,0.0,0.0,0.0,-0.0,0.001953,-0.0047,0.0,0.000184,0.0,0.000061,0.0,-0.000061,0.0,-0.000184,0.0,-0.0,0.0,-0.011463,
0.0,2.698391,0.879496,-0.000066,0.0,1.570796,0.0,0.933908,-0.132407,0.0,0.0,0.0,0.117798,-0.024415,-0.001581,0.140929,-0.186112,0.024354,-0.506037,0.030238,0.006622,0.665039,0.025969,-0.018978,-0.298888,0.174482,0.0,-0.173245,0.0,0.0,0.0,0.091353,-0.174482,0.0,-0.012757,-0.0,0.0,0.0,0.0,0.0,0.0,-0.0,0.0,0.0,-0.0,0.0,0.0,0.001953,-0.0047,0.0,0.000184,0.0,0.000061,-0.0,-0.000061,0.0,-0.000184,0.0,0.0,0.0,-0.011334,
0.0,2.707925,0.878084,-0.000066,0.0,1.570796,0.0,0.953409,-0.141165,0.0,0.0,0.0,0.128795,-0.024403,-0.001734,0.141003,-0.195573,0.024354,-0.503067,0.02953,0.006225,0.625437,0.016311,-0.019789,-0.307235,0.174482,-0.0,-0.178484,0.0,0.0,0.0,0.098354,-0.174482,0.0,-0.012757,0.0,0.0,0.0,-0.0,0.0,0.0,0.0,0.0,0.0,0.0,0.0,0.0,0.001953,-0.0047,0.0,0.000184,0.0,0.000061,0.0,-0.000061,0.0,-0.000184,0.0,-0.0,0.0,-0.011598,
0.0,2.717557,0.876629,-0.000066,0.0,1.570796,0.0,0.963144,-0.145536,0.0,0.0,0.0,0.139938,-0.024385,-0.002045,0.141113,-0.205864,0.024354,-0.499231,0.028871,0.005859,0.584457,0.006184,-0.02054,-0.314892,0.174482,0.0,-0.183559,-0.0,0.0,0.0,0.104552,-0.174482,0.0,-0.012757,0.0,0.0,0.0,0.0,0.0,0.0,0.0,0.0,0.0,0.0,0.0,0.0,0.001953,-0.0047,0.0,0.000184,0.0,0.000061,0.0,-0.000061,0.0,-0.000184,0.0,-0.0,0.0,-0.012055,
0.0,2.727188,0.875173,-0.000066,0.0,1.570796,0.0,0.963114,-0.145528,0.0,0.0,0.0,0.151081,-0.024366,-0.002356,0.141223,-0.216155,0.024354,-0.495394,0.028211,0.005493,0.543479,-0.003943,-0.021291,-0.32255,0.174482,0.0,-0.188635,0.0,0.0,0.0,0.110749,-0.174482,0.0,-0.012757,0.0,0.0,0.0,0.0,0.0,0.0,0.0,-0.0,-0.0,-0.0,-0.0,-0.0,0.001953,-0.0047,0.0,0.000184,0.0,0.000061,0.0,-0.000061,0.0,-0.000184,0.0,0.0,0.0,-0.012513,
0.0,2.736978,0.873737,-0.000066,0.0,1.570796,0.0,0.978983,-0.143612,0.0,0.0,0.0,0.162339,-0.024354,-0.002747,0.141339,-0.225322,0.0244,-0.491321,0.027638,0.005108,0.505937,-0.015821,-0.021956,-0.329348,0.174482,0.0,-0.19341,-0.0,0.0,-0.0,0.116077,-0.174482,0.0,-0.012757,0.0,0.0,0.0,0.0,0.0,0.0,-0.0,0.0,-0.0,0.0,0.0,0.0,0.001953,-0.0047,0.0,0.000184,0.0,0.000061,0.0,-0.000061,0.0,-0.000184,0.0,-0.0,0.0,-0.013081,
0.0,2.747083,0.872339,-0.000066,0.0,1.570796,0.0,1.010507,-0.13981,0.0,0.0,0.0,0.173829,-0.024354,-0.003297,0.141468,-0.232255,0.024538,-0.486775,0.027235,0.004687,0.475166,-0.031188,-0.02245,-0.334437,0.174482,0.0,-0.197587,-0.0,0.0,0.0,0.119672,-0.174482,0.0,-0.012757,0.0,0.0,0.0,0.0,0.0,-0.0,0.0,0.0,0.0,0.0,0.0,0.0,0.001953,-0.0047,0.0,0.000184,0.0,0.000061,0.0,-0.000061,0.0,-0.000184,0.0,0.0,0.0,-0.013869,
0.0,2.757188,0.870941,-0.000066,0.0,1.570796,0.0,1.010538,-0.139818,0.0,0.0,0.0,0.18532,-0.024354,-0.003846,0.141596,-0.239188,0.024675,-0.482228,0.026832,0.004266,0.444388,-0.046555,-0.022945,-0.339526,0.174482,0.0,-0.201764,0.0,0.0,0.0,0.123268,-0.174482,-0.0,-0.012757,0.0,0.0,0.0,0.0,0.0,-0.0,0.0,-0.0,-0.0,-0.0,0.0,0.0,0.001953,-0.0047,0.0,0.000184,0.0,0.000061,0.0,-0.000061,0.0,-0.000184,0.0,0.0,0.0,-0.014656,
0.0,2.767294,0.869544,-0.000066,0.0,1.570796,0.0,1.010568,-0.139726,0.0,0.0,0.0,0.19681,-0.024354,-0.004396,0.141725,-0.246113,0.024812,-0.477679,0.02643,0.003845,0.413633,-0.061914,-0.023439,-0.344609,0.174482,0.0,-0.205937,0.0,0.0,0.0,0.12686,-0.174482,0.0,-0.012757,0.0,0.0,0.0,-0.0,0.0,-0.0,0.0,0.0,0.0,0.0,0.0,0.0,0.001953,-0.0047,0.0,0.000184,0.0,0.000061,0.0,-0.000061,-0.0,-0.000184,0.0,0.0,0.0,-0.015442,
0.0,2.777805,0.868771,-0.000066,0.0,1.570796,0.0,1.051061,-0.0773,0.0,0.0,0.0,0.207989,-0.024464,-0.005458,0.141927,-0.247183,0.02495,-0.470922,0.026228,0.003662,0.39186,-0.0717,-0.023659,-0.344813,0.174482,0.0,-0.206674,0.0,-0.0,0.0,0.127961,-0.174482,0.0,-0.012757,0.0,0.0,0.0,-0.0,-0.0,0.0,-0.0,-0.0,0.0,0.0,0.0,-0.0,0.001953,-0.0047,0.0,0.000184,0.0,0.000061,0.0,-0.000061,0.0,-0.000184,0.0,0.0,0.0,-0.015039,
0.0,2.788315,0.867998,-0.000066,0.0,1.570796,0.0,1.051061,-0.0773,0.0,0.0,0.0,0.21917,-0.024574,-0.00652,0.142129,-0.248253,0.025087,-0.464166,0.026027,0.003479,0.370082,-0.081486,-0.023879,-0.345018,0.174482,0.0,-0.20741,0.0,0.0,0.0,0.129062,-0.174482,0.0,-0.012757,0.0,0.0,0.0,-0.0,0.0,-0.0,0.0,-0.0,-0.0,-0.0,0.0,-0.0,0.001953,-0.0047,0.0,0.000184,0.0,0.000061,0.0,-0.000061,0.0,-0.000184,0.0,0.0,0.0,-0.014636,
0.0,2.798826,0.867225,-0.000066,0.0,1.570796,0.0,1.051091,-0.0773,0.0,0.0,0.0,0.23035,-0.024684,-0.007582,0.142331,-0.249324,0.025224,-0.457409,0.025825,0.003296,0.348306,-0.091272,-0.024098,-0.345222,0.174482,0.0,-0.208147,0.0,0.0,0.0,0.130163,-0.174482,0.0,-0.012757,-0.0,0.0,0.0,-0.0,0.0,0.0,0.0,0.0,0.0,-0.0,0.0,-0.0,0.001953,-0.0047,0.0,0.000184,0.0,0.000061,0.0,-0.000061,0.0,-0.000184,0.0,0.0,0.0,-0.014233,
0.0,2.809957,0.866846,-0.000066,0.0,1.570796,0.0,1.113039,-0.037867,0.0,0.0,0.0,0.241571,-0.024781,-0.008754,0.14252,-0.245995,0.025392,-0.4498,0.025758,0.003394,0.336304,-0.089513,-0.024171,-0.341965,0.174482,0.0,-0.206608,0.0,0.0,0.0,0.131583,-0.174482,0.0,-0.012757,0.0,0.0,0.0,-0.0,0.0,0.0,0.0,0.0,0.0,0.0,0.0,0.0,0.001953,-0.0047,0.0,0.000184,0.0,0.000061,0.0,-0.000061,0.0,-0.000184,0.0,0.0,0.0,-0.014418,
0.0,2.821395,0.866663,-0.000066,0.0,1.570796,0.0,1.143861,-0.018273,0.0,0.0,0.0,0.252812,-0.024873,-0.009981,0.142704,-0.24048,0.025575,-0.441767,0.025758,0.003632,0.329157,-0.082018,-0.024171,-0.336987,0.174482,0.0,-0.203939,-0.0,-0.0,-0.0,0.133161,-0.174482,0.0,-0.012757,0.0,0.0,0.0,0.0,-0.0,0.0,0.0,0.0,0.0,0.0,-0.0,0.0,0.001953,-0.0047,0.0,0.000184,0.0,0.000061,0.0,-0.000061,0.0,-0.000184,0.0,0.0,0.0,-0.014894,
0.0,2.832834,0.866481,-0.000066,0.0,1.570796,0.0,1.14383,-0.018273,0.0,0.0,0.0,0.264054,-0.024964,-0.011208,0.142887,-0.234965,0.025759,-0.433735,0.025758,0.00387,0.322011,-0.074522,-0.024171,-0.332009,0.174482,0.0,-0.20127,0.0,0.0,0.0,0.13474,-0.174482,0.0,-0.012757,0.0,0.0,0.0,0.0,0.0,-0.0,0.0,0.0,0.0,0.0,0.0,-0.0,0.001953,-0.0047,0.0,0.000184,0.0,0.000061,0.0,-0.000061,0.0,-0.000184,0.0,-0.0,0.0,-0.01537,
0.0,2.844542,0.866482,-0.000066,0.0,1.570796,0.0,1.170868,0.000139,0.0,0.0,0.0,0.275032,-0.025074,-0.012601,0.143071,-0.225283,0.02588,-0.425585,0.025777,0.004139,0.317021,-0.065868,-0.024101,-0.325545,0.174482,-0.0,-0.197795,-0.0,-0.0,-0.0,0.136361,-0.174482,0.0,-0.012757,0.0,0.0,0.0,0.0,-0.0,0.0,0.0,0.0,0.0,0.0,0.0,0.0,0.001953,-0.0047,0.0,0.000184,0.0,0.000061,0.0,-0.000061,0.0,-0.000184,0.0,0.0,0.0,-0.016054,
0.0,2.856786,0.866849,-0.000066,0.0,1.570796,0.0,1.224332,0.036725,0.0,0.0,0.0,0.285487,-0.025221,-0.014322,0.143255,-0.207319,0.02588,-0.417202,0.025832,0.004468,0.316316,-0.054914,-0.02389,-0.316127,0.174482,0.0,-0.192718,0.0,0.0,0.0,0.138068,-0.174482,0.0,-0.012757,0.0,0.0,0.0,0.0,0.0,-0.0,0.0,0.0,-0.0,0.0,0.0,0.0,0.001953,-0.0047,0.0,0.000184,0.0,0.000061,0.0,-0.000061,0.0,-0.000184,0.0,0.0,0.0,-0.017153,
0.0,2.869029,0.867217,-0.000066,0.0,1.570796,0.0,1.224302,0.036733,0.0,0.0,0.0,0.295943,-0.025367,-0.016043,0.143438,-0.189355,0.02588,-0.408819,0.025887,0.004798,0.315611,-0.04396,-0.02368,-0.30671,0.174482,0.0,-0.187641,0.0,0.0,0.0,0.139775,-0.174482,0.0,-0.012757,0.0,0.0,0.0,-0.0,0.0,-0.0,0.0,-0.0,0.0,0.0,0.0,-0.0,0.001953,-0.0047,0.0,0.000184,0.0,0.000061,0.0,-0.000061,0.0,-0.000184,0.0,0.0,0.0,-0.018252,
0.0,2.881271,0.867584,-0.000066,0.0,1.570796,0.0,1.22421,0.036778,0.0,0.0,0.0,0.306394,-0.025513,-0.017762,0.143621,-0.171374,0.02588,-0.400435,0.025942,0.005128,0.314906,-0.033003,-0.023469,-0.297291,0.174482,0.0,-0.182565,-0.0,0.0,0.0,0.141476,-0.174482,-0.0,-0.012757,-0.0,0.0,0.0,0.0,0.0,0.0,0.0,0.0,0.0,0.0,0.0,0.0,0.001953,-0.0047,0.0,0.000184,0.0,0.000061,0.0,-0.000061,-0.0,-0.000184,0.0,0.0,0.0,-0.019347,
0.0,2.892679,0.868318,-0.000066,0.0,1.570796,0.0,1.140864,0.073333,0.0,0.0,0.0,0.31476,-0.025513,-0.018074,0.143493,-0.140774,0.025431,-0.391106,0.026015,0.005531,0.313423,-0.019708,-0.023258,-0.286972,0.174482,0.0,-0.178742,0.0,0.0,0.0,0.139035,-0.174482,0.0,-0.012757,0.0,0.0,0.0,0.0,0.0,-0.0,0.0,0.0,0.0,0.0,0.0,-0.0,0.001953,-0.0047,0.0,0.000184,0.0,0.000061,0.0,-0.000061,0.0,-0.000184,0.0,0.0,0.0,-0.017753,
0.0,2.904087,0.869051,-0.000066,0.0,1.570796,0.0,1.140803,0.073333,0.0,0.0,0.0,0.323126,-0.025513,-0.018385,0.143364,-0.110166,0.024982,-0.381778,0.026088,0.005933,0.31194,-0.006413,-0.023048,-0.276653,0.174482,0.0,-0.174918,0.0,0.0,0.0,0.136594,-0.174482,0.0,-0.012757,0.0,0.0,0.0,-0.0,0.0,0.0,0.0,0.0,0.0,-0.0,0.0,0.0,0.001953,-0.0047,0.0,0.000184,0.0,0.000061,0.0,-0.000061,0.0,-0.000184,-0.0,-0.0,0.0,-0.01616,
0.0,2.915495,0.869784,-0.000066,0.0,1.570796,0.0,1.140803,0.073325,0.0,0.0,0.0,0.331491,-0.025513,-0.018696,0.143236,-0.079563,0.024534,-0.37245,0.026161,0.006336,0.310457,0.006881,-0.022837,-0.266334,0.174482,0.0,-0.171094,-0.0,0.0,0.0,0.134152,-0.174482,0.0,-0.012757,0.0,0.0,0.0,0.0,0.0,-0.0,0.0,0.0,0.0,-0.0,0.0,0.0,0.001953,-0.0047,0.0,0.000184,0.0,0.000061,0.0,-0.000061,0.0,-0.000184,0.0,0.0,0.0,-0.014567,
0.0,2.926263,0.870663,-0.000066,0.0,1.570796,0.0,1.076776,0.087863,0.0,0.0,0.0,0.338726,-0.025403,-0.01634,0.142543,-0.03768,0.024085,-0.363066,0.026186,0.006617,0.310658,0.014743,-0.022694,-0.256622,0.174482,0.0,-0.167874,0.0,0.0,0.0,0.128513,-0.174482,0.0,-0.012757,0.0,0.0,0.0,-0.0,0.0,0.0,0.0,-0.0,0.0,-0.0,0.0,-0.0,0.001953,-0.0047,0.0,0.000184,0.0,0.000061,0.0,-0.000061,0.0,-0.000184,0.0,0.0,0.0,-0.013476,
0.0,2.936714,0.871614,-0.000066,0.0,1.570796,0.0,1.045068,0.09507,0.0,0.0,0.0,0.345399,-0.025239,-0.012659,0.14157,0.009851,0.023636,-0.353653,0.026186,0.006837,0.311696,0.019907,-0.022584,-0.247211,0.174482,0.0,-0.164952,-0.0,-0.0,-0.0,0.121284,-0.174482,0.0,-0.012757,0.0,0.0,0.0,0.0,-0.0,0.0,-0.0,0.0,0.0,0.0,0.0,0.0,0.001953,-0.0047,0.0,0.000184,0.0,0.000061,0.0,-0.000061,0.0,-0.000184,0.0,0.0,0.0,-0.012633,
0.0,2.947164,0.872564,-0.000066,0.0,1.570796,0.0,1.045007,0.095063,0.0,0.0,0.0,0.352072,-0.025074,-0.008979,0.140597,0.057379,0.023188,-0.344241,0.026186,0.007056,0.312734,0.025071,-0.022474,-0.2378,0.174482,0.0,-0.162031,0.0,0.0,0.0,0.114056,-0.174482,0.0,-0.012757,-0.0,0.0,0.0,0.0,0.0,-0.0,0.0,0.0,0.0,-0.0,0.0,-0.0,0.001953,-0.0047,0.0,0.000184,0.0,0.000061,0.0,-0.000061,0.0,-0.000184,0.0,0.0,0.0,-0.011791,
0.0,2.957327,0.873572,-0.000066,0.0,1.570796,0.0,1.016351,0.100813,0.0,0.0,0.0,0.336542,-0.025235,-0.006335,0.178117,0.091079,0.022558,-0.33408,0.026186,0.007202,0.312351,0.0281,-0.022401,-0.228827,0.174482,0.0,-0.159171,0.0,0.0,0.0,0.105363,-0.174482,0.0,-0.012757,0.0,0.0,0.0,-0.0,0.0,0.0,0.0,0.0,0.0,0.0,0.0,0.0,0.001953,-0.0047,0.0,0.000184,0.0,0.000061,0.0,-0.000061,0.0,-0.000184,0.0,-0.0,0.0,-0.011458,
0.0,2.966921,0.874695,-0.000066,0.0,1.570796,0.0,0.959374,0.112216,0.0,0.0,0.0,0.276854,-0.02604,-0.005749,0.292611,0.097404,0.021569,-0.322433,0.026186,0.007202,0.309145,0.026892,-0.022401,-0.220722,0.174482,0.0,-0.156434,-0.0,0.0,0.0,0.09376,-0.174482,0.0,-0.012757,0.0,0.0,0.0,0.0,0.0,0.0,0.0,0.0,-0.0,-0.0,0.0,0.0,0.001953,-0.0047,0.0,0.000184,0.0,0.000061,0.0,-0.000061,0.0,-0.000184,0.0,0.0,0.0,-0.012135,
0.0,2.976515,0.875817,-0.000066,0.0,1.570796,0.0,0.959404,0.112223,0.0,0.0,0.0,0.217127,-0.026846,-0.005163,0.40736,0.10373,0.02058,-0.310785,0.026186,0.007202,0.305939,0.025683,-0.022401,-0.212616,0.174482,0.0,-0.153698,-0.0,0.0,0.0,0.082156,-0.174482,-0.0,-0.012757,0.0,0.0,0.0,0.0,0.0,0.0,0.0,-0.0,0.0,-0.0,0.0,0.0,0.001953,-0.0047,0.0,0.000184,0.0,0.000061,0.0,-0.000061,0.0,-0.000184,0.0,0.0,0.0,-0.012813,
0.0,2.986108,0.876939,-0.000066,0.0,1.570796,0.0,0.959251,0.112239,0.0,0.0,0.0,0.157501,-0.027653,-0.00458,0.521521,0.110104,0.019589,-0.299133,0.026186,0.007202,0.302721,0.024468,-0.022401,-0.204512,0.174482,0.0,-0.150958,0.0,0.0,0.0,0.070551,-0.174482,0.0,-0.012757,0.0,0.0,0.0,0.0,0.0,-0.0,0.0,-0.0,0.0,-0.0,0.0,0.0,0.001953,-0.0047,0.0,0.000184,0.0,0.000061,0.0,-0.000061,0.0,-0.000184,0.0,0.0,0.0,-0.013494,
0.0,2.994869,0.878212,-0.000066,0.0,1.570796,0.0,0.87609,0.127324,0.0,0.0,0.0,0.113516,-0.02899,-0.005587,0.588809,0.144964,0.017154,-0.284418,0.026186,0.007202,0.292528,0.019817,-0.022548,-0.197154,0.174482,-0.0,-0.146736,0.0,0.0,0.0,0.057326,-0.174482,0.0,-0.012757,0.0,0.0,0.0,-0.0,0.0,-0.0,0.0,-0.0,0.0,-0.0,0.0,-0.0,0.001953,-0.0047,0.0,0.000184,0.0,0.000061,0.0,-0.000061,0.0,-0.000184,0.0,-0.0,0.0,-0.016131,
0.0,3.003629,0.879486,-0.000066,0.0,1.570796,0.0,0.87609,0.127316,0.0,0.0,0.0,0.069503,-0.030327,-0.006594,0.656198,0.179837,0.014718,-0.269703,0.026186,0.007202,0.282334,0.015166,-0.022694,-0.189795,0.174482,0.0,-0.142513,0.0,-0.0,0.0,0.044101,-0.174482,0.0,-0.012757,0.0,0.0,0.0,-0.0,-0.0,-0.0,0.0,-0.0,0.0,-0.0,0.0,-0.0,0.001953,-0.0047,0.0,0.000184,0.0,0.000061,0.0,-0.000061,0.0,-0.000184,0.0,0.0,0.0,-0.018768,
0.0,3.012391,0.880759,-0.000066,0.0,1.570796,0.0,0.876151,0.127332,0.0,0.0,0.0,0.025502,-0.031664,-0.007601,0.72354,0.214705,0.012282,-0.254988,0.026186,0.007202,0.27214,0.010514,-0.022841,-0.182436,0.174482,0.0,-0.138291,0.0,0.0,0.0,0.030875,-0.174482,0.0,-0.012757,0.0,0.0,0.0,0.0,0.0,-0.0,0.0,0.0,0.0,0.0,0.0,0.0,0.001953,-0.0047,0.0,0.000184,0.0,0.000061,0.0,-0.000061,0.0,-0.000184,0.0,0.0,0.0,-0.021405,
0.0,3.021138,0.882034,-0.000066,0.0,1.570796,0.0,0.874686,0.127553,0.0,0.0,0.0,-0.011649,-0.03267,-0.008069,0.771027,0.235399,0.010496,-0.238041,0.026075,0.007325,0.256864,0.008581,-0.022987,-0.173831,0.174482,0.0,-0.132708,-0.0,0.0,0.0,0.018008,-0.174482,0.0,-0.012757,0.0,0.0,0.0,0.0,0.0,0.0,0.0,-0.0,0.0,-0.0,0.0,0.0,0.001953,-0.0047,0.0,0.000184,0.0,0.000061,0.0,-0.000061,0.0,-0.000184,0.0,0.0,0.0,-0.022389,
0.0,3.029878,0.883311,-0.000066,0.0,1.570796,0.0,0.873984,0.127675,0.0,0.0,0.0,-0.045434,-0.033512,-0.008271,0.808744,0.249074,0.009031,-0.219985,0.025911,0.007508,0.239065,0.007995,-0.023134,-0.164608,0.174482,0.0,-0.126452,0.0,0.0,0.0,0.005318,-0.174482,0.0,-0.012757,0.0,0.0,0.0,-0.0,0.0,-0.0,0.0,0.0,0.0,-0.0,0.0,-0.0,0.001953,-0.0047,0.0,0.000184,0.0,0.000061,-0.0,-0.000061,-0.0,-0.000184,0.0,0.0,0.0,-0.022554,
0.0,3.038618,0.884588,-0.000066,0.0,1.570796,0.0,0.874015,0.127667,0.0,0.0,0.0,-0.079219,-0.034355,-0.008472,0.846462,0.26275,0.007566,-0.20193,0.025746,0.007691,0.221266,0.007409,-0.02328,-0.155384,0.174482,0.0,-0.120195,-0.0,0.0,0.0,-0.007373,-0.174482,0.0,-0.012757,0.0,0.0,0.0,0.0,0.0,0.0,0.0,-0.0,0.0,0.0,0.0,0.0,0.001953,-0.0047,0.0,0.000184,0.0,0.000061,0.0,-0.000061,0.0,-0.000184,0.0,0.0,0.0,-0.022719,
0.0,3.047415,0.885834,-0.000066,0.0,1.570796,0.0,0.879752,0.124646,0.0,0.0,0.0,-0.109713,-0.034946,-0.008447,0.876846,0.270045,0.006629,-0.183173,0.025599,0.007923,0.202429,0.006952,-0.023405,-0.145506,0.174482,0.0,-0.113276,-0.0,0.0,0.0,-0.020088,-0.174482,0.0,-0.012757,-0.0,0.0,0.0,0.0,0.0,0.0,0.0,0.0,0.0,-0.0,0.0,0.0,0.001953,-0.0047,0.0,0.000184,0.0,0.000061,0.0,-0.000061,0.0,-0.000184,0.0,-0.0,0.0,-0.021858,
0.0,3.056326,0.887021,-0.000066,0.0,1.570796,0.0,0.891075,0.118643,0.0,0.0,0.0,-0.133708,-0.035037,-0.007971,0.892721,0.264688,0.006739,-0.163023,0.02549,0.008253,0.181528,0.00675,-0.023488,-0.13433,0.174482,0.0,-0.105043,0.0,-0.0,0.0,-0.032853,-0.174482,0.0,-0.012757,0.0,0.0,0.0,-0.0,-0.0,-0.0,0.0,-0.0,0.0,-0.0,0.0,0.0,0.001953,-0.0047,0.0,0.000184,0.0,0.000061,0.0,-0.000061,0.0,-0.000184,0.0,-0.0,0.0,-0.018965,
0.0,3.065236,0.888207,-0.000066,0.0,1.570796,0.0,0.891044,0.118635,0.0,0.0,0.0,-0.157705,-0.035129,-0.007494,0.908597,0.259332,0.006849,-0.142871,0.02538,0.008582,0.160625,0.006549,-0.02357,-0.123154,0.174482,0.0,-0.09681,0.0,-0.0,0.0,-0.045619,-0.174482,0.0,-0.012757,0.0,0.0,0.0,-0.0,-0.0,-0.0,0.0,-0.0,0.0,-0.0,0.0,0.0,0.001953,-0.0047,0.0,0.000184,0.0,0.000061,0.0,-0.000061,-0.0,-0.000184,0.0,-0.0,0.0,-0.016072,
0.0,3.074146,0.889393,-0.000066,0.0,1.570796,0.0,0.890953,0.118566,0.0,0.0,0.0,-0.181688,-0.035219,-0.007018,0.924445,0.253957,0.00696,-0.122744,0.02527,0.008912,0.139767,0.006327,-0.023653,-0.111981,0.174482,-0.0,-0.088578,0.0,0.0,0.0,-0.058392,-0.174482,0.0,-0.012757,0.0,0.0,0.0,0.0,0.0,-0.0,0.0,-0.0,0.0,-0.0,0.0,0.0,0.001953,-0.0047,0.0,0.000184,0.0,0.000061,0.0,-0.000061,0.0,-0.000184,0.0,-0.0,0.0,-0.013177,
0.0,3.082511,0.890241,-0.000066,0.0,1.570796,0.0,0.836512,0.084864,0.0,0.0,0.0,-0.200491,-0.034816,-0.006267,0.926759,0.239063,0.007931,-0.113611,0.02527,0.009315,0.139914,-0.004441,-0.023735,-0.101971,0.174482,0.0,-0.080552,0.0,0.0,0.0,-0.074961,-0.174482,-0.0,-0.012757,0.0,0.0,0.0,-0.0,0.0,0.0,0.0,0.0,0.0,0.0,0.0,0.0,0.001953,-0.0047,0.0,0.000184,0.0,0.000061,0.0,-0.000061,0.0,-0.000184,0.0,0.0,0.0,-0.00946,
0.0,3.090876,0.89109,-0.000066,0.0,1.570796,0.0,0.836451,0.084849,0.0,0.0,0.0,-0.219296,-0.034414,-0.005516,0.929073,0.224169,0.008901,-0.104479,0.02527,0.009718,0.14006,-0.015208,-0.023817,-0.091962,0.174482,0.0,-0.072526,0.0,0.0,0.0,-0.091531,-0.174482,0.0,-0.012757,0.0,0.0,0.0,-0.0,0.0,-0.0,-0.0,-0.0,0.0,0.0,0.0,-0.0,0.001953,-0.0047,0.0,0.000184,0.0,0.000061,0.0,-0.000061,0.0,-0.000184,0.0,0.0,0.0,-0.005742,
0.0,3.09924,0.891938,-0.000066,0.0,1.570796,0.0,0.836481,0.084856,0.0,0.0,0.0,-0.238099,-0.034011,-0.004765,0.931387,0.209275,0.009872,-0.095346,0.02527,0.010121,0.140207,-0.025976,-0.0239,-0.081952,0.174482,0.0,-0.064499,0.0,-0.0,0.0,-0.108101,-0.174482,-0.0,-0.012757,0.0,0.0,0.0,-0.0,-0.0,-0.0,0.0,0.0,0.0,-0.0,0.0,-0.0,0.001953,-0.0047,0.0,0.000184,0.0,0.000061,0.0,-0.000061,0.0,-0.000184,0.0,-0.0,0.0,-0.002025,
0.0,3.107482,0.892524,-0.000066,0.0,1.570796,0.0,0.824215,0.058557,0.0,0.0,0.0,-0.256491,-0.033571,-0.004051,0.930128,0.193867,0.010842,-0.086133,0.02527,0.010205,0.140256,-0.033229,-0.023982,-0.071972,0.174482,-0.0,-0.05639,0.0,0.0,0.0,-0.124269,-0.174482,0.0,-0.012034,0.0,0.0,0.0,-0.0,0.0,-0.0,0.0,-0.0,0.0,0.0,0.0,-0.0,0.001953,-0.0047,0.0,0.000184,0.0,0.000061,0.0,-0.000061,0.0,-0.000184,0.0,0.0,0.0,0.001264,
0.0,3.115664,0.892979,-0.000066,0.0,1.570796,0.0,0.818173,0.045525,0.0,0.0,0.0,-0.274683,-0.033113,-0.003356,0.927098,0.178202,0.011813,-0.076878,0.02527,0.010132,0.140256,-0.038742,-0.024065,-0.062005,0.174482,0.0,-0.048239,0.0,0.0,0.0,-0.14024,-0.174482,0.0,-0.010954,-0.0,0.0,0.0,0.0,0.0,0.0,0.0,-0.0,0.0,0.0,0.0,0.0,0.001953,-0.0047,0.0,0.000184,0.0,0.000061,0.0,-0.000061,0.0,-0.000184,0.0,0.0,0.0,0.00434,
0.0,3.123846,0.893435,-0.000066,0.0,1.570796,0.0,0.818143,0.045533,0.0,0.0,0.0,-0.292874,-0.032655,-0.00266,0.924068,0.162538,0.012783,-0.067624,0.02527,0.010059,0.140256,-0.044255,-0.024147,-0.052039,0.174482,0.0,-0.040088,0.0,0.0,0.0,-0.156212,-0.174482,0.0,-0.009874,0.0,0.0,0.0,0.0,0.0,0.0,0.0,0.0,0.0,0.0,0.0,0.0,0.001953,-0.0047,0.0,0.000184,0.0,0.000061,0.0,-0.000061,0.0,-0.000184,0.0,-0.0,0.0,0.007416,
0.0,3.13205,0.89375,-0.000066,0.0,1.570796,0.0,0.820432,0.031587,0.0,0.0,0.0,-0.310929,-0.032216,-0.002038,0.919818,0.148448,0.013662,-0.058328,0.02527,0.009973,0.140256,-0.049725,-0.024229,-0.042019,0.174482,-0.0,-0.032036,0.0,0.0,0.0,-0.17139,-0.174482,-0.0,-0.0116,0.0,0.0,0.0,0.0,0.0,0.0,0.0,-0.0,0.0,0.0,0.0,-0.0,0.001953,-0.0047,0.0,0.000184,0.0,0.000061,0.0,-0.000061,0.0,-0.000184,0.0,0.0,0.0,0.01013,
0.0,3.1403,0.89379,-0.000066,0.0,1.570796,0.0,0.824951,0.003976,0.0,0.0,0.0,-0.32872,-0.031813,-0.001562,0.91315,0.137473,0.014358,-0.04895,0.02527,0.009863,0.140256,-0.055111,-0.024312,-0.031891,0.174482,0.0,-0.02418,-0.0,0.0,0.0,-0.185002,-0.174482,0.0,-0.018889,0.0,0.0,0.0,0.0,0.0,0.0,0.0,-0.0,0.0,-0.0,0.0,-0.0,0.001953,-0.0047,0.0,0.000184,0.0,0.000061,0.0,-0.000061,0.0,-0.000184,0.0,0.0,0.0,0.012126,
0.0,3.148549,0.89383,-0.000066,0.0,1.570796,0.0,0.824981,0.003976,0.0,0.0,0.0,-0.346514,-0.03141,-0.001085,0.906482,0.126497,0.015053,-0.039572,0.02527,0.009754,0.140256,-0.060497,-0.024394,-0.021763,0.174482,0.0,-0.016323,0.0,0.0,0.0,-0.198615,-0.174482,0.0,-0.026177,0.0,0.0,0.0,-0.0,0.0,-0.0,0.0,-0.0,0.0,-0.0,0.0,-0.0,0.001953,-0.0047,0.0,0.000184,0.0,0.000061,0.0,-0.000061,0.0,-0.000184,0.0,0.0,0.0,0.014122,
0.0,3.1568,0.893869,-0.000066,0.0,1.570796,0.0,0.825012,0.003885,0.0,0.0,0.0,-0.364303,-0.031008,-0.000611,0.899808,0.115532,0.015748,-0.030194,0.02527,0.009643,0.140256,-0.065882,-0.024476,-0.011632,0.174482,0.0,-0.008484,0.0,0.0,0.0,-0.212222,-0.174482,-0.0,-0.033468,0.0,0.0,0.0,0.0,0.0,0.0,0.0,0.0,0.0,0.0,0.0,-0.0,0.001953,-0.0047,0.0,0.000184,0.0,0.000061,0.0,-0.000061,0.0,-0.000184,0.0,0.0,0.0,0.016115,
0.0,3.165296,0.89347,-0.000066,0.0,1.570796,0.0,0.849673,-0.039929,0.0,0.0,0.0,-0.381423,-0.031081,-0.001051,0.889944,0.109206,0.015858,-0.020635,0.02527,0.009451,0.140256,-0.070976,-0.024476,0.000142,0.174482,0.0,-0.008484,-0.0,0.0,0.0,-0.223743,-0.174482,0.0,-0.041765,0.0,0.0,0.0,-0.0,0.0,0.0,0.0,-0.0,0.0,0.0,0.0,0.0,0.001953,-0.0047,0.0,0.000184,0.0,0.000061,0.0,-0.000061,0.0,-0.000184,0.0,0.0,0.0,0.016775,
0.0,3.173793,0.89307,-0.000066,0.0,1.570796,0.0,0.849642,-0.039922,0.0,0.0,0.0,-0.398545,-0.031155,-0.00149,0.880079,0.10288,0.015968,-0.011076,0.02527,0.009259,0.140256,-0.07607,-0.024476,0.011917,0.174482,0.0,-0.008484,0.0,0.0,0.0,-0.235265,-0.174482,-0.0,-0.050063,-0.0,0.0,0.0,-0.0,0.0,0.0,0.0,-0.0,0.0,0.0,0.0,0.0,0.001953,-0.0047,0.0,0.000184,0.0,0.000061,0.0,-0.000061,0.0,-0.000184,-0.0,0.0,0.0,0.017434,
0.0,3.18229,0.892671,-0.000066,0.0,1.570796,0.0,0.849734,-0.039922,0.0,0.0,0.0,-0.415668,-0.031228,-0.00193,0.870214,0.096554,0.016078,-0.001516,0.02527,0.009067,0.140256,-0.081164,-0.024476,0.023692,0.174482,-0.0,-0.008484,0.0,0.0,0.0,-0.246788,-0.174482,0.0,-0.058361,0.0,0.0,0.0,0.0,0.0,0.0,0.0,-0.0,0.0,-0.0,0.0,-0.0,0.001953,-0.0047,0.0,0.000184,0.0,0.000061,-0.0,-0.000061,-0.0,-0.000184,0.0,0.0,0.0,0.018093,
0.0,3.190842,0.892094,-0.000066,0.0,1.570796,0.0,0.855198,-0.057683,0.0,0.0,0.0,-0.429973,-0.031166,-0.002259,0.855923,0.089666,0.016334,0.008079,0.02527,0.008874,0.140219,-0.086137,-0.024538,0.035345,0.174482,-0.0,-0.008484,-0.0,0.0,0.0,-0.256942,-0.174482,0.0,-0.066489,-0.0,0.0,0.0,0.0,0.0,0.0,0.0,0.0,0.0,0.0,0.0,0.0,0.001953,-0.0047,-0.0,0.000184,0.0,0.000061,0.0,-0.000061,0.0,-0.000184,0.0,0.0,0.0,0.018667,
0.0,3.199422,0.891429,-0.000066,0.0,1.570796,0.0,0.857975,-0.066471,0.0,0.0,0.0,-0.442887,-0.031038,-0.002534,0.839439,0.0825,0.016664,0.017693,0.02527,0.008682,0.140164,-0.09105,-0.024629,0.04694,0.174482,0.0,-0.008484,0.0,0.0,0.0,-0.26642,-0.174482,0.0,-0.074533,0.0,0.0,0.0,0.0,0.0,0.0,0.0,0.0,0.0,-0.0,0.0,0.0,0.001953,-0.0047,0.0,0.000184,0.0,0.000061,0.0,-0.000061,0.0,-0.000184,-0.0,0.0,0.0,0.019198,
0.0,3.208002,0.890765,-0.000066,0.0,1.570796,0.0,0.857975,-0.066479,0.0,0.0,0.0,-0.455801,-0.03091,-0.002808,0.822955,0.075334,0.016994,0.027307,0.02527,0.00849,0.140109,-0.095962,-0.024721,0.058535,0.174482,0.0,-0.008484,0.0,0.0,0.0,-0.275897,-0.174482,0.0,-0.082577,-0.0,0.0,0.0,0.0,0.0,-0.0,0.0,-0.0,0.0,0.0,0.0,-0.0,0.001953,-0.0047,0.0,0.000184,0.0,0.000061,0.0,-0.000061,0.0,-0.000184,-0.0,0.0,0.0,0.019729,
0.0,3.216655,0.890013,-0.000066,0.0,1.570796,0.0,0.865331,-0.075184,0.0,0.0,0.0,-0.466271,-0.030653,-0.002929,0.802296,0.068089,0.017434,0.03699,0.02527,0.008251,0.140054,-0.100752,-0.024782,0.069584,0.174482,0.0,-0.008484,0.0,0.0,0.0,-0.284698,-0.174482,0.0,-0.090396,-0.0,0.0,0.0,0.0,0.0,0.0,0.0,-0.0,0.0,-0.0,0.0,-0.0,0.001953,-0.0047,0.0,0.000184,0.0,0.000061,-0.0,-0.000061,0.0,-0.000184,0.0,-0.0,0.0,0.020309,
0.0,3.225451,0.889089,-0.000066,0.0,1.570796,0.0,0.879675,-0.092425,0.0,0.0,0.0,-0.471904,-0.03014,-0.002746,0.773364,0.060688,0.018093,0.046808,0.02527,0.007922,0.139999,-0.1053,-0.024782,0.079554,0.174482,-0.0,-0.008484,0.0,0.0,0.0,-0.292159,-0.174482,0.0,-0.097766,0.0,0.0,0.0,0.0,0.0,0.0,0.0,0.0,0.0,-0.0,0.0,0.0,0.001953,-0.0047,0.0,0.000184,0.0,0.000061,-0.0,-0.000061,0.0,-0.000184,0.0,0.0,0.0,0.020987,
0.0,3.234249,0.888164,-0.000066,0.0,1.570796,0.0,0.879706,-0.092425,0.0,0.0,0.0,-0.477536,-0.029627,-0.002563,0.744428,0.053287,0.018752,0.056626,0.02527,0.007592,0.139944,-0.109848,-0.024782,0.089524,0.174482,0.0,-0.008484,0.0,0.0,0.0,-0.299619,-0.174482,-0.0,-0.105137,0.0,0.0,0.0,0.0,0.0,0.0,0.0,0.0,0.0,0.0,0.0,0.0,0.001953,-0.0047,0.0,0.000184,0.0,0.000061,0.0,-0.000061,0.0,-0.000184,-0.0,-0.0,0.0,0.021664,
0.0,3.243046,0.887239,-0.000066,0.0,1.570796,0.0,0.879767,-0.092524,0.0,0.0,0.0,-0.483154,-0.029114,-0.002379,0.715478,0.04588,0.019412,0.066442,0.02527,0.007263,0.139895,-0.1144,-0.024782,0.099489,0.174482,0.0,-0.008484,-0.0,0.0,0.0,-0.307075,-0.174482,0.0,-0.112505,-0.0,0.0,0.0,0.0,0.0,-0.0,0.0,-0.0,0.0,-0.0,0.0,0.0,0.001953,-0.0047,0.0,0.000184,0.0,0.000061,0.0,-0.000061,0.0,-0.000184,0.0,0.0,0.0,0.022342,
0.0,3.252095,0.885897,-0.000066,0.0,1.570796,0.0,0.904855,-0.134179,0.0,0.0,0.0,-0.482777,-0.028363,-0.001609,0.67734,0.035825,0.020218,0.075386,0.025197,0.006915,0.142392,-0.120638,-0.024782,0.107413,0.174482,-0.0,-0.008484,0.0,0.0,0.0,-0.312638,-0.174482,0.0,-0.11911,0.0,0.0,0.0,0.0,0.0,0.0,0.0,0.0,0.0,0.0,0.0,0.0,0.001953,-0.0047,0.0,0.000184,-0.0,0.000061,0.0,-0.000061,0.0,-0.000184,0.0,0.0,0.0,0.02324,
0.0,3.261143,0.884556,-0.000066,0.0,1.570796,0.0,0.904794,-0.134164,0.0,0.0,0.0,-0.4824,-0.027612,-0.00084,0.639185,0.025771,0.021024,0.084329,0.025123,0.006567,0.144889,-0.126876,-0.024782,0.115336,0.174482,0.0,-0.008484,0.0,0.0,0.0,-0.318201,-0.174482,0.0,-0.125715,-0.0,0.0,0.0,-0.0,0.0,0.0,0.0,-0.0,0.0,0.0,0.0,0.0,0.001953,-0.0047,0.0,0.000184,0.0,0.000061,0.0,-0.000061,0.0,-0.000184,0.0,-0.0,0.0,0.024137,
0.0,3.270191,0.883214,-0.000066,0.0,1.570796,0.0,0.904824,-0.134172,0.0,0.0,0.0,-0.482023,-0.026861,-0.000071,0.60104,0.015717,0.021829,0.093273,0.02505,0.006219,0.147385,-0.133114,-0.024782,0.123259,0.174482,-0.0,-0.008484,0.0,0.0,0.0,-0.323764,-0.174482,0.0,-0.13232,0.0,-0.0,-0.0,0.0,0.0,-0.0,0.0,0.0,0.0,0.0,0.0,0.0,0.001953,-0.0047,0.0,0.000184,0.0,0.000061,0.0,-0.000061,0.0,-0.000184,0.0,0.0,0.0,0.025034,
0.0,3.279716,0.881809,-0.000066,0.0,1.570796,0.0,0.952432,-0.140463,0.0,0.0,0.0,-0.478696,-0.026233,0.000845,0.563646,0.000861,0.022476,0.104786,0.025026,0.006386,0.14659,-0.142133,-0.024867,0.130253,0.174482,-0.0,-0.008484,0.0,0.0,0.0,-0.326958,-0.174482,0.0,-0.138043,0.0,0.0,-0.0,-0.0,0.0,-0.0,0.0,0.0,0.0,-0.0,0.0,0.0,0.001953,-0.0047,-0.0,0.000184,0.0,0.000061,0.0,-0.000061,0.0,-0.000184,0.0,0.0,0.0,0.025748,
0.0,3.289476,0.880374,-0.000066,0.0,1.570796,0.0,0.976053,-0.143574,0.0,0.0,0.0,-0.473911,-0.025665,0.001834,0.526591,-0.016373,0.023043,0.117573,0.025026,0.006807,0.144166,-0.152528,-0.024996,0.136787,0.174482,-0.0,-0.008484,-0.0,0.0,0.0,-0.328981,-0.174482,0.0,-0.14333,0.0,0.0,0.0,0.0,0.0,-0.0,0.0,0.0,0.0,-0.0,0.0,-0.0,0.001953,-0.0047,0.0,0.000184,0.0,0.000061,0.0,-0.000061,0.0,-0.000184,0.0,0.0,0.0,0.02637,
0.0,3.299236,0.878938,-0.000066,0.0,1.570796,0.0,0.976023,-0.143566,0.0,0.0,0.0,-0.469126,-0.025098,0.002822,0.489539,-0.033606,0.023611,0.130358,0.025026,0.007228,0.141743,-0.162923,-0.025124,0.143321,0.174482,0.0,-0.008484,0.0,0.0,0.0,-0.331004,-0.174482,0.0,-0.148618,0.0,0.0,0.0,0.0,0.0,0.0,0.0,-0.0,0.0,0.0,0.0,-0.0,0.001953,-0.0047,-0.0,0.000184,0.0,0.000061,0.0,-0.000061,0.0,-0.000184,0.0,0.0,0.0,0.026993,
0.0,3.309275,0.877521,-0.000066,0.0,1.570796,0.0,1.003915,-0.14168,0.0,0.0,0.0,-0.467442,-0.024653,0.003719,0.463657,-0.051819,0.02405,0.142859,0.025044,0.007772,0.140201,-0.172574,-0.025252,0.149376,0.174482,0.0,-0.008484,-0.0,-0.0,0.0,-0.33175,-0.174482,0.0,-0.153128,0.0,0.0,0.0,0.0,-0.0,-0.0,0.0,0.0,0.0,-0.0,0.0,-0.0,0.001953,-0.0047,0.0,0.000184,0.0,0.000061,0.0,-0.000061,0.0,-0.000184,0.0,0.0,0.0,0.027579,
0.0,3.319867,0.876142,-0.000066,0.0,1.570796,0.0,1.059152,-0.137938,0.0,0.0,0.0,-0.471887,-0.024452,0.004433,0.459821,-0.071979,0.024233,0.154799,0.025099,0.008559,0.140403,-0.180757,-0.02538,0.154482,0.174482,-0.0,-0.008484,0.0,0.0,0.0,-0.329968,-0.174482,0.0,-0.156104,-0.0,0.0,0.0,-0.0,0.0,0.0,0.0,0.0,0.0,-0.0,0.0,0.0,0.001953,-0.0047,0.0,0.000184,0.0,0.000061,0.0,-0.000061,0.0,-0.000184,-0.0,0.0,0.0,0.028091,
0.0,3.330459,0.874762,-0.000066,0.0,1.570796,0.0,1.059213,-0.137953,0.0,0.0,0.0,-0.476333,-0.02425,0.005147,0.455985,-0.09214,0.024416,0.16674,0.025154,0.009347,0.140605,-0.188941,-0.025508,0.159588,0.174482,0.0,-0.008484,0.0,0.0,0.0,-0.328185,-0.174482,0.0,-0.15908,0.0,0.0,0.0,-0.0,0.0,-0.0,0.0,0.0,0.0,0.0,0.0,-0.0,0.001953,-0.0047,0.0,0.000184,0.0,0.000061,0.0,-0.000061,0.0,-0.000184,0.0,0.0,0.0,0.028604,
0.0,3.341051,0.873384,-0.000066,0.0,1.570796,0.0,1.059183,-0.137839,0.0,0.0,0.0,-0.480765,-0.024049,0.00586,0.452161,-0.112276,0.024599,0.178679,0.025209,0.010134,0.140807,-0.197106,-0.025637,0.164688,0.174482,-0.0,-0.008484,0.0,0.0,0.0,-0.326394,-0.174482,-0.0,-0.162041,-0.0,-0.0,0.0,-0.0,0.0,0.0,0.0,-0.0,0.0,0.0,0.0,0.0,0.001953,-0.0047,0.0,0.000184,0.0,0.000061,0.0,-0.000061,0.0,-0.000184,-0.0,-0.0,0.0,0.02912,
0.0,3.351747,0.872372,-0.000066,0.0,1.570796,0.0,1.069648,-0.101148,0.0,0.0,0.0,-0.4802,-0.023939,0.00619,0.452875,-0.124186,0.024599,0.190124,0.025264,0.010958,0.140972,-0.198357,-0.025765,0.167463,0.174482,-0.0,-0.008484,-0.0,0.0,0.0,-0.321035,-0.174482,0.0,-0.159708,0.0,0.0,-0.0,0.0,0.0,0.0,0.0,0.0,0.0,-0.0,0.0,-0.0,0.001953,-0.0047,0.0,0.000184,0.0,0.000061,0.0,-0.000061,0.0,-0.000184,-0.0,0.0,0.0,0.03064,
0.0,3.362444,0.871361,-0.000066,0.0,1.570796,0.0,1.069678,-0.101148,0.0,0.0,0.0,-0.479634,-0.023829,0.00652,0.453589,-0.136097,0.024599,0.20157,0.025319,0.011782,0.141137,-0.199608,-0.025893,0.170238,0.174482,0.0,-0.008484,0.0,0.0,0.0,-0.315675,-0.174482,0.0,-0.157376,0.0,0.0,0.0,0.0,0.0,0.0,0.0,0.0,0.0,0.0,0.0,0.0,0.001953,-0.0047,-0.0,0.000184,0.0,0.000061,0.0,-0.000061,0.0,-0.000184,0.0,0.0,0.0,0.03216,
0.0,3.373141,0.870349,-0.000066,0.0,1.570796,0.0,1.069709,-0.101148,0.0,0.0,0.0,-0.479068,-0.023719,0.006849,0.454303,-0.148008,0.024599,0.213017,0.025374,0.012606,0.141303,-0.20086,-0.026021,0.173013,0.174482,-0.0,-0.008484,0.0,-0.0,0.0,-0.310316,-0.174482,0.0,-0.155043,0.0,0.0,0.0,-0.0,-0.0,-0.0,0.0,0.0,0.0,-0.0,0.0,-0.0,0.001953,-0.0047,0.0,0.000184,0.0,0.000061,0.0,-0.000061,0.0,-0.000184,0.0,-0.0,0.0,0.03368,
0.0,3.384367,0.869612,-0.000066,0.0,1.570796,0.0,1.122563,-0.073755,0.0,0.0,0.0,-0.471027,-0.023683,0.006836,0.44623,-0.148222,0.024599,0.224639,0.025441,0.013504,0.141462,-0.198576,-0.026064,0.174792,0.174482,-0.0,-0.008484,0.0,0.0,0.0,-0.303587,-0.174482,0.0,-0.151297,0.0,0.0,0.0,0.0,0.0,-0.0,0.0,-0.0,0.0,-0.0,0.0,-0.0,0.001953,-0.0047,0.0,0.000184,0.0,0.000061,0.0,-0.000061,0.0,-0.000184,0.0,-0.0,0.0,0.035163,
0.0,3.395854,0.86901,-0.000066,0.0,1.570796,0.0,1.148685,-0.060219,0.0,0.0,0.0,-0.459292,-0.023683,0.006653,0.433817,-0.142659,0.024599,0.236348,0.025514,0.014438,0.141618,-0.194547,-0.026064,0.176079,0.174482,-0.0,-0.008484,-0.0,0.0,0.0,-0.296181,-0.174482,0.0,-0.146854,-0.0,0.0,-0.0,0.0,0.0,0.0,0.0,0.0,0.0,0.0,0.0,0.0,0.001953,-0.0047,0.0,0.000184,0.0,0.000061,0.0,-0.000061,0.0,-0.000184,0.0,0.0,0.0,0.036628,
0.0,3.407341,0.868407,-0.000066,0.0,1.570796,0.0,1.148716,-0.060227,0.0,0.0,0.0,-0.447557,-0.023683,0.006469,0.421403,-0.137097,0.024599,0.248058,0.025587,0.015372,0.141774,-0.190518,-0.026064,0.177365,0.174482,0.0,-0.008484,0.0,0.0,0.0,-0.288775,-0.174482,0.0,-0.14241,0.0,0.0,0.0,-0.0,0.0,0.0,0.0,-0.0,0.0,0.0,-0.0,-0.0,0.001953,-0.0047,0.0,0.000184,0.0,0.000061,-0.0,-0.000061,0.0,-0.000184,0.0,0.0,0.0,0.038093,
0.0,3.419038,0.867962,-0.000066,0.0,1.570796,0.0,1.16968,-0.044516,0.0,0.0,0.0,-0.435431,-0.02372,0.006212,0.410092,-0.129692,0.024599,0.259603,0.025673,0.016441,0.14193,-0.182699,-0.026039,0.177855,0.174482,0.0,-0.008484,-0.0,0.0,0.0,-0.280883,-0.174482,0.0,-0.1374,-0.0,-0.0,-0.0,0.0,0.0,0.0,0.0,-0.0,0.0,0.0,0.0,-0.0,0.001953,-0.0047,0.0,0.000184,0.0,0.000061,0.0,-0.000061,0.0,-0.000184,0.0,0.0,0.0,0.039282,
0.0,3.431148,0.867827,-0.000066,0.0,1.570796,0.0,1.210999,-0.0135,0.0,0.0,0.0,-0.422534,-0.02383,0.00581,0.400957,-0.11865,0.024599,0.270824,0.025783,0.017778,0.142086,-0.167395,-0.025966,0.176771,0.174482,-0.0,-0.008484,-0.0,0.0,0.0,-0.272032,-0.174482,0.0,-0.131272,0.0,0.0,0.0,0.0,0.0,0.0,0.0,0.0,0.0,0.0,0.0,0.0,0.001953,-0.0047,-0.0,0.000184,0.0,0.000061,0.0,-0.000061,0.0,-0.000184,0.0,-0.0,0.0,0.039923,
0.0,3.443258,0.867692,-0.000066,0.0,1.570796,0.0,1.210999,-0.0135,0.0,0.0,0.0,-0.409635,-0.02394,0.005407,0.391823,-0.107608,0.024599,0.282045,0.025893,0.019115,0.142242,-0.15209,-0.025892,0.175686,0.174482,0.0,-0.008484,-0.0,0.0,0.0,-0.263181,-0.174482,0.0,-0.125143,0.0,0.0,0.0,0.0,0.0,-0.0,0.0,-0.0,-0.0,-0.0,0.0,0.0,0.001953,-0.0047,0.0,0.000184,0.0,0.000061,0.0,-0.000061,0.0,-0.000184,0.0,0.0,0.0,0.040564,
0.0,3.455364,0.867559,-0.000066,0.0,1.570796,0.0,1.210603,-0.013317,0.0,0.0,0.0,-0.396742,-0.024049,0.005003,0.382696,-0.096552,0.024598,0.293258,0.026002,0.020447,0.142397,-0.136748,-0.025818,0.174583,0.174482,-0.0,-0.008484,0.0,0.0,0.0,-0.254329,-0.174482,0.0,-0.119007,0.0,0.0,0.0,0.0,0.0,-0.0,0.0,-0.0,0.0,-0.0,0.0,0.0,0.001953,-0.0047,0.0,0.000184,0.0,0.000061,0.0,-0.000061,0.0,-0.000184,0.0,0.0,0.0,0.041194,
0.0,3.46611,0.86808,-0.000066,0.0,1.570796,0.0,1.074612,0.052096,0.0,0.0,0.0,-0.385313,-0.024159,0.004417,0.376249,-0.080501,0.02447,0.301726,0.026002,0.020117,0.142103,-0.108153,-0.025268,0.167216,0.174482,0.0,-0.008484,0.0,0.0,0.0,-0.245273,-0.174482,0.0,-0.110609,0.0,0.0,0.0,0.0,0.0,-0.0,0.0,-0.0,0.0,-0.0,0.0,-0.0,0.001953,-0.0047,0.0,0.000184,0.0,0.000061,-0.0,-0.000061,-0.0,-0.000184,0.0,-0.0,0.0,0.038044,
0.0,3.476855,0.868601,-0.000066,0.0,1.570796,0.0,1.074581,0.052096,0.0,0.0,0.0,-0.373885,-0.024269,0.003831,0.369802,-0.064449,0.024342,0.310195,0.026002,0.019788,0.141809,-0.079552,-0.024719,0.159849,0.174482,0.0,-0.008484,0.0,0.0,0.0,-0.236217,-0.174482,0.0,-0.102211,0.0,0.0,0.0,-0.0,0.0,-0.0,0.0,-0.0,0.0,0.0,0.0,-0.0,0.001953,-0.0047,0.0,0.000184,0.0,0.000061,0.0,-0.000061,0.0,-0.000184,0.0,0.0,0.0,0.034894,
0.0,3.487601,0.869122,-0.000066,0.0,1.570796,0.0,1.074551,0.052088,0.0,0.0,0.0,-0.362457,-0.024379,0.003245,0.363355,-0.048398,0.024214,0.318663,0.026002,0.019458,0.141516,-0.050954,-0.02417,0.152482,0.174482,-0.0,-0.008484,0.0,0.0,0.0,-0.227162,-0.174482,0.0,-0.093812,-0.0,0.0,0.0,-0.0,0.0,-0.0,0.0,0.0,0.0,-0.0,-0.0,-0.0,0.001953,-0.0047,0.0,0.000184,0.0,0.000061,0.0,-0.000061,0.0,-0.000184,0.0,0.0,0.0,0.031744,
0.0,3.497865,0.869865,-0.000066,0.0,1.570796,0.0,1.026454,0.074325,0.0,0.0,0.0,-0.352596,-0.024464,0.00288,0.361985,-0.040299,0.024171,0.299381,0.026517,0.018295,0.189,-0.031233,-0.023412,0.142135,0.174482,0.0,-0.008484,0.0,0.0,0.0,-0.218461,-0.174482,0.0,-0.086142,0.0,0.0,0.0,0.0,0.0,-0.0,0.0,-0.0,0.0,-0.0,0.0,-0.0,0.001953,-0.0047,0.0,0.000184,0.0,0.000061,0.0,-0.000061,0.0,-0.000184,0.0,0.0,0.0,0.029685,
0.0,3.507893,0.870718,-0.000066,0.0,1.570796,0.0,1.002771,0.085294,0.0,0.0,0.0,-0.343507,-0.024538,0.002624,0.363121,-0.036124,0.024171,0.266392,0.027287,0.01672,0.260198,-0.015886,-0.022551,0.130316,0.174482,-0.0,-0.008484,0.0,0.0,0.0,-0.209936,-0.174482,0.0,-0.078829,0.0,0.0,0.0,0.0,0.0,-0.0,0.0,-0.0,0.0,0.0,0.0,-0.0,0.001953,-0.0047,0.0,0.000184,0.0,0.000061,0.0,-0.000061,0.0,-0.000184,0.0,0.0,0.0,0.028165,
0.0,3.51792,0.871571,-0.000066,0.0,1.570796,0.0,1.00271,0.085294,0.0,0.0,0.0,-0.334419,-0.024611,0.002367,0.364256,-0.031948,0.024171,0.233404,0.028056,0.015145,0.331391,-0.00054,-0.02169,0.118498,0.174482,0.0,-0.008484,0.0,0.0,0.0,-0.201411,-0.174482,0.0,-0.071517,0.0,0.0,0.0,0.0,0.0,-0.0,0.0,-0.0,0.0,-0.0,0.0,0.0,0.001953,-0.0047,0.0,0.000184,0.0,0.000061,0.0,-0.000061,0.0,-0.000184,0.0,0.0,0.0,0.026645,
0.0,3.5278,0.872505,-0.000066,0.0,1.570796,0.0,0.987909,0.093373,0.0,0.0,0.0,-0.324287,-0.02466,0.002197,0.363646,-0.029873,0.024171,0.196883,0.029244,0.014728,0.404849,0.017892,-0.020263,0.105502,0.174482,0.0,-0.008484,-0.0,0.0,0.0,-0.19305,-0.174482,-0.0,-0.06465,0.0,0.0,0.0,0.0,0.0,-0.0,0.0,-0.0,0.0,-0.0,0.0,-0.0,0.001953,-0.0047,0.0,0.000184,0.0,0.000061,0.0,-0.000061,0.0,-0.000184,0.0,-0.0,0.0,0.025883,
0.0,3.537386,0.873598,-0.000066,0.0,1.570796,0.0,0.958702,0.109332,0.0,0.0,0.0,-0.312093,-0.02466,0.002197,0.359589,-0.031942,0.024171,0.15333,0.031258,0.016596,0.483219,0.042421,-0.017718,0.09018,0.174482,0.0,-0.008484,0.0,0.0,0.0,-0.185015,-0.174482,0.0,-0.05866,0.0,0.0,0.0,0.0,0.0,0.0,0.0,-0.0,0.0,0.0,0.0,0.0,0.001953,-0.0047,0.0,0.000184,0.0,0.000061,0.0,-0.000061,0.0,-0.000184,0.0,0.0,0.0,0.026615,
0.0,3.546974,0.874691,-0.000066,0.0,1.570796,0.0,0.958763,0.109339,0.0,0.0,0.0,-0.299899,-0.02466,0.002197,0.355532,-0.034012,0.024171,0.109763,0.033273,0.018464,0.561672,0.066954,-0.015172,0.074855,0.174482,0.0,-0.008484,0.0,0.0,0.0,-0.176979,-0.174482,-0.0,-0.052669,0.0,0.0,0.0,0.0,0.0,0.0,0.0,0.0,0.0,0.0,0.0,-0.0,0.001953,-0.0047,0.0,0.000184,0.0,0.000061,0.0,-0.000061,0.0,-0.000184,0.0,0.0,0.0,0.027348,
0.0,3.55656,0.875785,-0.000066,0.0,1.570796,0.0,0.958611,0.109385,0.0,0.0,0.0,-0.287692,-0.024659,0.002197,0.351448,-0.03609,0.024171,0.066243,0.035288,0.020331,0.63988,0.091516,-0.012623,0.059532,0.174482,0.0,-0.008477,0.0,0.0,0.0,-0.168946,-0.174482,0.0,-0.04667,-0.0,0.0,-0.0,0.0,0.0,0.0,0.0,-0.0,0.0,-0.0,0.0,-0.0,0.001953,-0.0047,0.0,0.000184,-0.0,0.000061,0.0,-0.000061,0.0,-0.000184,0.0,0.0,0.0,0.02808,
0.0,3.565805,0.877066,-0.000066,0.0,1.570796,0.0,0.92443,0.128098,0.0,0.0,0.0,-0.270998,-0.024586,0.002197,0.338732,-0.040962,0.024171,0.028614,0.037431,0.021887,0.692485,0.127656,-0.008833,0.043727,0.174482,0.0,-0.006041,0.0,0.0,0.0,-0.161635,-0.174482,0.0,-0.037935,0.0,0.0,0.0,0.0,0.0,0.0,0.0,0.0,0.0,-0.0,0.0,-0.0,0.001953,-0.0047,0.0,0.000184,-0.0,0.000061,0.0,-0.000061,0.0,-0.000184,0.0,0.0,0.0,0.028721,
0.0,3.575049,0.878347,-0.000066,0.0,1.570796,0.0,0.92443,0.12809,0.0,0.0,0.0,-0.254302,-0.024513,0.002197,0.326015,-0.045834,0.024171,-0.009033,0.039574,0.023444,0.745139,0.163812,-0.005042,0.027921,0.174482,0.0,-0.003606,0.0,0.0,0.0,-0.154325,-0.174482,-0.0,-0.029199,-0.0,0.0,0.0,-0.0,0.0,0.0,0.0,0.0,0.0,0.0,0.0,-0.0,0.001953,-0.0047,0.0,0.000184,0.0,0.000061,0.0,-0.000061,0.0,-0.000184,0.0,0.0,0.0,0.029362,
0.0,3.584293,0.879628,-0.000066,0.0,1.570796,0.0,0.92446,0.128105,0.0,0.0,0.0,-0.237606,-0.02444,0.002197,0.313298,-0.050706,0.024171,-0.046673,0.041716,0.025,0.797771,0.199961,-0.001251,0.012115,0.174482,-0.0,-0.00117,0.0,0.0,0.0,-0.147014,-0.174482,0.0,-0.020463,0.0,0.0,0.0,-0.0,0.0,0.0,0.0,0.0,0.0,-0.0,0.0,0.0,0.001953,-0.0047,0.0,0.000184,0.0,0.000061,0.0,-0.000061,0.0,-0.000184,0.0,-0.0,0.0,0.030003,
0.0,3.593235,0.880889,-0.000066,0.0,1.570796,0.0,0.894126,0.126104,0.0,0.0,0.0,-0.218832,-0.024415,0.002136,0.295491,-0.052045,0.024171,-0.079815,0.043123,0.025514,0.834902,0.212938,0.000736,-0.0024,0.174482,0.0,-0.004488,0.0,0.0,0.0,-0.138541,-0.174482,0.0,-0.017579,-0.0,0.0,0.0,0.0,0.0,-0.0,0.0,0.0,0.0,0.0,0.0,0.0,0.001953,-0.0047,0.0,0.000184,0.0,0.000061,0.0,-0.000061,0.0,-0.000184,0.0,0.0,0.0,0.029417,
0.0,3.602027,0.882141,-0.000066,0.0,1.570796,0.0,0.879172,0.125127,0.0,0.0,0.0,-0.199029,-0.024415,0.002044,0.275173,-0.051642,0.024171,-0.110761,0.044167,0.025514,0.864431,0.214504,0.001835,-0.016282,0.174482,0.0,-0.01064,-0.0,0.0,0.0,-0.129494,-0.174482,0.0,-0.017579,0.0,0.0,0.0,0.0,0.0,-0.0,0.0,-0.0,0.0,-0.0,0.0,-0.0,0.001953,-0.0047,0.0,0.000184,0.0,0.000061,0.0,-0.000061,0.0,-0.000184,0.0,0.0,0.0,0.028227,
0.0,3.610818,0.883392,-0.000066,0.0,1.570796,0.0,0.879203,0.125127,0.0,0.0,0.0,-0.179226,-0.024415,0.001953,0.254855,-0.051239,0.024171,-0.141707,0.045211,0.025514,0.89396,0.216069,0.002933,-0.030163,0.174482,0.0,-0.016793,-0.0,0.0,0.0,-0.120448,-0.174482,0.0,-0.017579,0.0,0.0,0.0,0.0,0.0,-0.0,0.0,0.0,0.0,0.0,0.0,0.0,0.001953,-0.0047,0.0,0.000184,0.0,0.000061,0.0,-0.000061,0.0,-0.000184,0.0,0.0,0.0,0.027036,
0.0,3.619491,0.884592,-0.000066,0.0,1.570796,0.0,0.86724,0.12006,0.0,0.0,0.0,-0.157735,-0.024415,0.001738,0.231119,-0.049196,0.024171,-0.170147,0.045947,0.025372,0.917374,0.214282,0.003551,-0.044187,0.174482,0.0,-0.023698,0.0,0.0,0.0,-0.110583,-0.174482,-0.0,-0.017579,0.0,0.0,0.0,-0.0,0.0,-0.0,0.0,-0.0,0.0,-0.0,0.0,0.0,0.001953,-0.0047,0.0,0.000184,0.0,0.000061,0.0,-0.000061,0.0,-0.000184,0.0,-0.0,0.0,0.025199,
-0.0,3.627928,0.885693,-0.000066,0.0,1.570796,-0.0,0.843651,0.110056,0.0,0.0,0.0,-0.132909,-0.024415,0.00128,0.200634,-0.043921,0.024171,-0.193671,0.046075,0.024951,0.928751,0.205889,0.003222,-0.058496,0.174482,0.0,-0.032086,0.0,0.0,0.0,-0.099107,-0.174482,0.0,-0.017579,0.0,0.0,0.0,-0.0,0.0,0.0,0.0,0.0,0.0,-0.0,0.0,0.0,0.001953,-0.0047,0.0,0.000184,0.0,0.000061,-0.0,-0.000061,0.0,-0.000184,0.0,0.0,0.0,0.022086,
0.0,3.636364,0.886794,-0.000066,0.0,1.570796,0.0,0.843651,0.110064,0.0,0.0,0.0,-0.108081,-0.024415,0.000822,0.170145,-0.038646,0.024171,-0.217196,0.046203,0.02453,0.940129,0.197496,0.002892,-0.072805,0.174482,0.0,-0.040474,0.0,0.0,0.0,-0.087631,-0.174482,0.0,-0.017579,0.0,0.0,0.0,0.0,0.0,0.0,0.0,0.0,0.0,0.0,0.0,0.0,0.001953,-0.0047,0.0,0.000184,0.0,0.000061,0.0,-0.000061,0.0,-0.000184,0.0,0.0,0.0,0.018973,
0.0,3.644799,0.887893,-0.000066,0.0,1.570796,0.0,0.843468,0.109912,0.0,0.0,0.0,-0.083311,-0.024415,0.000364,0.139767,-0.033421,0.024171,-0.240705,0.04633,0.024107,0.951474,0.18909,0.00256,-0.087117,0.174482,0.0,-0.048867,0.0,0.0,0.0,-0.076161,-0.174482,0.0,-0.017579,0.0,0.0,0.0,-0.0,0.0,-0.0,0.0,-0.0,0.0,0.0,0.0,-0.0,0.001953,-0.0047,0.0,0.000184,0.0,0.000061,0.0,-0.000061,0.0,-0.000184,0.0,0.0,0.0,0.015859,
0.0,3.652702,0.888563,-0.000066,0.0,1.570796,-0.0,0.79034,0.067031,0.0,0.0,0.0,-0.074644,-0.024415,-0.000258,0.139987,-0.043129,0.024171,-0.260687,0.04589,0.023283,0.95304,0.176887,0.001498,-0.102358,0.174482,0.0,-0.058577,0.0,0.0,0.0,-0.066561,-0.174482,0.0,-0.017579,0.0,0.0,0.0,0.0,0.0,-0.0,0.0,0.0,0.0,0.0,0.0,0.0,0.001953,-0.0047,0.0,0.000184,0.0,0.000061,0.0,-0.000061,0.0,-0.000184,0.0,0.0,0.0,0.012636,
-0.0,3.660605,0.889233,-0.000066,0.0,1.570796,-0.0,0.79034,0.067023,0.0,0.0,0.0,-0.065978,-0.024415,-0.000881,0.140208,-0.052838,0.024171,-0.280672,0.045451,0.022459,0.954607,0.164685,0.000436,-0.1176,0.174482,0.0,-0.068288,-0.0,-0.0,-0.0,-0.056961,-0.174482,-0.0,-0.017579,0.0,0.0,0.0,0.0,-0.0,0.0,0.0,0.0,0.0,0.0,0.0,0.0,0.001953,-0.0047,0.0,0.000184,0.0,0.000061,0.0,-0.000061,0.0,-0.000184,0.0,-0.0,0.0,0.009413,
0.0,3.668509,0.889904,-0.000066,0.0,1.570796,0.0,0.790309,0.067031,0.0,0.0,0.0,-0.057311,-0.024415,-0.001504,0.140428,-0.062546,0.024171,-0.300654,0.045011,0.021635,0.956173,0.152482,-0.000626,-0.132841,0.174482,0.0,-0.077998,0.0,0.0,0.0,-0.047362,-0.174482,-0.0,-0.017579,0.0,0.0,0.0,-0.0,0.0,0.0,0.0,0.0,0.0,0.0,0.0,0.0,0.001953,-0.0047,0.0,0.000184,0.0,0.000061,0.0,-0.000061,0.0,-0.000184,0.0,0.0,0.0,0.00619,
0.0,3.67651,0.890308,-0.000066,0.0,1.570796,0.0,0.800168,0.040474,0.0,0.0,0.0,-0.048414,-0.024415,-0.001758,0.140501,-0.068388,0.024171,-0.31993,0.044166,0.020406,0.953477,0.141079,-0.001995,-0.147594,0.174482,-0.0,-0.087651,-0.0,0.0,0.0,-0.038169,-0.174482,0.0,-0.017579,0.0,0.0,0.0,0.0,0.0,0.0,0.0,-0.0,0.0,0.0,0.0,-0.0,0.001953,-0.0047,0.0,0.000184,0.0,0.000061,0.0,-0.000061,0.0,-0.000184,0.0,-0.0,0.0,0.003397,
0.0,3.684561,0.890583,-0.000066,0.0,1.570796,-0.0,0.805021,0.027412,0.0,0.0,0.0,-0.039402,-0.024415,-0.001831,0.140501,-0.072328,0.024171,-0.338863,0.043122,0.018978,0.94868,0.130068,-0.003515,-0.162109,0.174482,0.0,-0.097276,-0.0,0.0,0.0,-0.029177,-0.174482,0.0,-0.017579,0.0,0.0,0.0,0.0,0.0,-0.0,-0.0,-0.0,-0.0,-0.0,0.0,-0.0,0.001953,-0.0047,0.0,0.000184,0.0,0.000061,0.0,-0.000061,0.0,-0.000184,0.0,0.0,0.0,0.000815,
0.0,3.69261,0.890857,-0.000066,0.0,1.570796,0.0,0.80496,0.027405,0.0,0.0,0.0,-0.030391,-0.024415,-0.001905,0.140501,-0.076268,0.024171,-0.357795,0.042078,0.01755,0.943884,0.119058,-0.005035,-0.176624,0.174482,-0.0,-0.106901,0.0,0.0,0.0,-0.020185,-0.174482,0.0,-0.017579,0.0,0.0,0.0,-0.0,0.0,0.0,0.0,0.0,0.0,-0.0,0.0,-0.0,0.001953,-0.0047,0.0,0.000184,0.0,0.000061,0.0,-0.000061,-0.0,-0.000184,0.0,-0.0,0.0,-0.001767,
0.0,3.700783,0.891002,-0.000066,0.0,1.570796,0.0,0.817321,0.014581,0.0,0.0,0.0,-0.021202,-0.024415,-0.001953,0.140501,-0.080627,0.024171,-0.375911,0.041065,0.01622,0.937314,0.109601,-0.006431,-0.190788,0.174482,0.0,-0.116226,0.0,-0.0,0.0,-0.011366,-0.174482,0.0,-0.017579,0.0,0.0,0.0,-0.0,-0.0,-0.0,0.0,-0.0,-0.0,-0.0,0.0,-0.0,0.001953,-0.0047,0.0,0.000184,0.0,0.000061,0.0,-0.000061,0.0,-0.000184,0.0,0.0,0.0,-0.00404,
0.0,3.709199,0.890895,-0.000066,0.0,1.570796,0.0,0.841614,-0.010686,0.0,0.0,0.0,-0.011662,-0.024415,-0.001953,0.140501,-0.085814,0.024171,-0.392424,0.040113,0.015085,0.92725,0.103202,-0.007585,-0.204265,0.174482,0.0,-0.12496,0.0,0.0,0.0,-0.002888,-0.174482,0.0,-0.017579,0.0,0.0,0.0,0.0,0.0,-0.0,0.0,0.0,0.0,0.0,0.0,-0.0,0.001953,-0.0047,0.0,0.000184,0.0,0.000061,0.0,-0.000061,0.0,-0.000184,0.0,0.0,0.0,-0.005707,
0.0,3.717616,0.890789,-0.000066,0.0,1.570796,0.0,0.841645,-0.010679,0.0,0.0,0.0,-0.002121,-0.024415,-0.001953,0.140501,-0.091002,0.024171,-0.408939,0.03916,0.013949,0.917185,0.096803,-0.008739,-0.217744,0.174482,-0.0,-0.133695,0.0,-0.0,0.0,0.005591,-0.174482,-0.0,-0.017579,0.0,0.0,0.0,0.0,-0.0,-0.0,0.0,0.0,0.0,0.0,0.0,-0.0,0.001953,-0.0047,0.0,0.000184,0.0,0.000061,0.0,-0.000061,0.0,-0.000184,0.0,0.0,0.0,-0.007373,
0.0,3.726032,0.890681,-0.000066,0.0,1.570796,-0.0,0.841614,-0.010808,0.0,0.0,0.0,0.00742,-0.024415,-0.001953,0.140501,-0.096191,0.024171,-0.42544,0.038209,0.012815,0.907099,0.090415,-0.009891,-0.231216,0.174482,0.0,-0.142423,0.0,0.0,0.0,0.014063,-0.174482,0.0,-0.017579,0.0,0.0,0.0,0.0,0.0,0.0,-0.0,0.0,0.0,0.0,0.0,0.0,0.001953,-0.0047,0.0,0.000184,0.0,0.000061,0.0,-0.000061,0.0,-0.000184,0.0,-0.0,0.0,-0.009035,
0.0,3.734475,0.890241,-0.000066,0.0,1.570796,0.0,0.844302,-0.043973,0.0,0.0,0.0,0.017089,-0.024415,-0.001953,0.140556,-0.101912,0.024171,-0.438472,0.037403,0.012083,0.891008,0.087116,-0.010752,-0.243102,0.174482,-0.0,-0.149512,0.0,0.0,0.0,0.021004,-0.174482,0.0,-0.017579,0.0,0.0,0.0,0.0,0.0,0.0,0.0,-0.0,0.0,-0.0,0.0,0.0,0.001953,-0.0047,0.0,0.000184,0.0,0.000061,0.0,-0.000061,0.0,-0.000184,0.0,0.0,0.0,-0.009401,
0.0,3.742918,0.889801,-0.000066,0.0,1.570796,0.0,0.844333,-0.043973,0.0,0.0,0.0,0.026758,-0.024415,-0.001953,0.140611,-0.107633,0.024171,-0.451505,0.036597,0.01135,0.874915,0.083817,-0.011612,-0.254988,0.174482,0.0,-0.156601,0.0,0.0,0.0,0.027945,-0.174482,0.0,-0.017579,-0.0,0.0,0.0,0.0,0.0,-0.0,0.0,0.0,0.0,-0.0,0.0,0.0,0.001953,-0.0047,0.0,0.000184,0.0,0.000061,0.0,-0.000061,0.0,-0.000184,0.0,-0.0,0.0,-0.009767,
0.0,3.751362,0.889361,-0.000066,0.0,1.570796,0.0,0.844363,-0.043973,0.0,0.0,0.0,0.036428,-0.024415,-0.001953,0.140666,-0.113354,0.024171,-0.464538,0.035791,0.010618,0.858823,0.080518,-0.012473,-0.266875,0.174482,0.0,-0.163691,-0.0,0.0,0.0,0.034885,-0.174482,0.0,-0.017579,0.0,0.0,0.0,0.0,0.0,-0.0,0.0,0.0,0.0,0.0,0.0,-0.0,0.001953,-0.0047,0.0,0.000184,0.0,0.000061,0.0,-0.000061,0.0,-0.000184,0.0,0.0,0.0,-0.010134,
0.0,3.759728,0.888753,-0.000066,0.0,1.570796,0.0,0.836643,-0.060827,0.0,0.0,0.0,0.045902,-0.024415,-0.001843,0.140684,-0.118721,0.024171,-0.470451,0.034887,0.009947,0.833039,0.073732,-0.013518,-0.27759,0.174482,0.0,-0.170094,0.0,0.0,0.0,0.040317,-0.174482,0.0,-0.017579,0.0,0.0,0.0,0.0,0.0,0.0,0.0,0.0,0.0,0.0,0.0,-0.0,0.001953,-0.0047,0.0,0.000184,0.0,0.000061,0.0,-0.000061,0.0,-0.000184,0.0,0.0,0.0,-0.010254,
0.0,3.768057,0.888062,-0.000066,0.0,1.570796,0.0,0.83289,-0.069105,0.0,0.0,0.0,0.055282,-0.024415,-0.001678,0.140684,-0.123913,0.024171,-0.472862,0.033935,0.009306,0.802478,0.065231,-0.014653,-0.287729,0.174482,0.0,-0.176161,0.0,0.0,0.0,0.045006,-0.174482,0.0,-0.017579,0.0,0.0,0.0,0.0,0.0,0.0,0.0,-0.0,-0.0,-0.0,0.0,-0.0,0.001953,-0.0047,0.0,0.000184,0.0,0.000061,0.0,-0.000061,0.0,-0.000184,0.0,0.0,0.0,-0.010254,
0.0,3.776386,0.887371,-0.000066,0.0,1.570796,0.0,0.83289,-0.069105,0.0,0.0,0.0,0.064661,-0.024415,-0.001513,0.140684,-0.129105,0.024171,-0.475273,0.032982,0.008665,0.771917,0.05673,-0.015789,-0.297869,0.174482,-0.0,-0.182227,0.0,0.0,0.0,0.049694,-0.174482,0.0,-0.017579,0.0,0.0,0.0,-0.0,0.0,0.0,0.0,0.0,0.0,-0.0,0.0,0.0,0.001953,-0.0047,0.0,0.000184,0.0,0.000061,0.0,-0.000061,0.0,-0.000184,0.0,0.0,0.0,-0.010254,
0.0,3.784735,0.886611,-0.000066,0.0,1.570796,0.0,0.834844,-0.075979,0.0,0.0,0.0,0.074091,-0.024415,-0.001404,0.140684,-0.134948,0.024171,-0.475824,0.032079,0.008104,0.738415,0.048729,-0.016837,-0.307285,0.174482,0.0,-0.18796,0.0,0.0,0.0,0.053711,-0.174482,0.0,-0.017579,0.0,0.0,0.0,-0.0,0.0,0.0,0.0,0.0,0.0,-0.0,0.0,0.0,0.001953,-0.0047,0.0,0.000184,0.0,0.000061,-0.0,-0.000061,0.0,-0.000184,0.0,0.0,0.0,-0.010254,
0.0,3.79312,0.885716,-0.000066,0.0,1.570796,-0.0,0.838537,-0.089483,0.0,0.0,0.0,0.083622,-0.024415,-0.001404,0.140684,-0.142072,0.024171,-0.472716,0.031274,0.007701,0.699089,0.041715,-0.017716,-0.315278,0.174482,0.0,-0.193038,0.0,0.0,0.0,0.056404,-0.174482,0.0,-0.017579,0.0,0.0,0.0,0.0,0.0,0.0,-0.0,-0.0,0.0,-0.0,0.0,-0.0,0.001953,-0.0047,0.0,0.000184,0.0,0.000061,0.0,-0.000061,0.0,-0.000184,0.0,0.0,0.0,-0.010254,
0.0,3.801505,0.884822,-0.000066,0.0,1.570796,0.0,0.838537,-0.089483,0.0,0.0,0.0,0.093153,-0.024415,-0.001404,0.140684,-0.149195,0.024171,-0.469609,0.030468,0.007299,0.659754,0.0347,-0.018595,-0.323271,0.174482,-0.0,-0.198116,0.0,0.0,0.0,0.059097,-0.174482,0.0,-0.017579,0.0,0.0,0.0,0.0,0.0,0.0,0.0,0.0,0.0,0.0,0.0,0.0,0.001953,-0.0047,0.0,0.000184,0.0,0.000061,0.0,-0.000061,0.0,-0.000184,0.0,0.0,0.0,-0.010254,
0.0,3.809892,0.883926,-0.000066,0.0,1.570796,0.0,0.83869,-0.089521,0.0,0.0,0.0,0.102686,-0.024415,-0.001405,0.140685,-0.156322,0.024171,-0.466492,0.029663,0.006896,0.620432,0.027682,-0.019474,-0.331249,0.174482,0.0,-0.203185,-0.0,0.0,0.0,0.061788,-0.174482,0.0,-0.017579,0.0,0.0,0.0,0.0,0.0,0.0,0.0,0.0,-0.0,0.0,0.0,0.0,0.001953,-0.0047,0.0,0.000184,0.0,0.000061,0.0,-0.000061,0.0,-0.000184,0.0,0.0,0.0,-0.010254,
-0.0,3.818654,0.882927,-0.000066,0.0,1.570796,-0.0,0.876166,-0.099963,0.0,0.0,0.0,0.112665,-0.024415,-0.001624,0.140758,-0.164464,0.024208,-0.460795,0.029058,0.006585,0.579473,0.019881,-0.020133,-0.335243,0.174482,0.0,-0.205689,-0.0,0.0,0.0,0.06417,-0.174482,-0.0,-0.017579,0.0,0.0,0.0,0.0,0.0,-0.0,0.0,-0.0,-0.0,-0.0,0.0,0.0,0.001953,-0.0047,0.0,0.000184,0.0,0.000061,0.0,-0.000061,0.0,-0.000184,0.0,-0.0,0.0,-0.010181,
-0.0,3.827415,0.881927,-0.000066,0.0,1.570796,0.0,0.876105,-0.099948,0.0,0.0,0.0,0.122645,-0.024415,-0.001844,0.140831,-0.172605,0.024245,-0.455099,0.028454,0.006273,0.538493,0.01208,-0.020792,-0.339237,0.174482,0.0,-0.208192,-0.0,0.0,0.0,0.066552,-0.174482,0.0,-0.017579,0.0,0.0,0.0,0.0,0.0,0.0,-0.0,0.0,-0.0,0.0,0.0,0.0,0.001953,-0.0047,0.0,0.000184,0.0,0.000061,0.0,-0.000061,0.0,-0.000184,0.0,0.0,0.0,-0.010107,
0.0,3.836176,0.880928,-0.000066,0.0,1.570796,0.0,0.876105,-0.099956,0.0,0.0,0.0,0.132624,-0.024415,-0.002064,0.140905,-0.180747,0.024281,-0.449402,0.02785,0.005962,0.497525,0.004279,-0.021451,-0.343231,0.174482,0.0,-0.210696,-0.0,0.0,0.0,0.068934,-0.174482,0.0,-0.017579,0.0,0.0,0.0,0.0,0.0,0.0,0.0,0.0,0.0,0.0,0.0,0.0,0.001953,-0.0047,0.0,0.000184,0.0,0.000061,0.0,-0.000061,0.0,-0.000184,0.0,0.0,0.0,-0.010034,
0.0,3.845127,0.879971,-0.000066,0.0,1.570796,0.0,0.895087,-0.095621,0.0,0.0,0.0,0.142586,-0.024415,-0.002271,0.140929,-0.185748,0.024318,-0.443149,0.027393,0.0057,0.461285,-0.004234,-0.021963,-0.345095,0.174482,-0.0,-0.211916,-0.0,0.0,0.0,0.070247,-0.174482,-0.0,-0.017579,0.0,0.0,0.0,0.0,0.0,0.0,0.0,0.0,0.0,-0.0,0.0,-0.0,0.001953,-0.0047,0.0,0.000184,0.0,0.000061,0.0,-0.000061,0.0,-0.000184,0.0,0.0,0.0,-0.009679,
0.0,3.854172,0.879037,-0.000066,0.0,1.570796,0.0,0.904486,-0.093492,0.0,0.0,0.0,0.15254,-0.024415,-0.002473,0.140929,-0.189206,0.024355,-0.436621,0.027008,0.005462,0.427339,-0.013097,-0.022403,-0.345913,0.174482,0.0,-0.212506,0.0,0.0,0.0,0.071035,-0.174482,0.0,-0.017579,0.0,0.0,0.0,0.0,0.0,0.0,0.0,-0.0,0.0,-0.0,0.0,-0.0,0.001953,-0.0047,0.0,0.000184,0.0,0.000061,0.0,-0.000061,0.0,-0.000184,0.0,0.0,0.0,-0.009184,
0.0,3.863216,0.878102,-0.000066,0.0,1.570796,0.0,0.904425,-0.093492,0.0,0.0,0.0,0.162494,-0.024415,-0.002674,0.140929,-0.192664,0.024391,-0.430094,0.026624,0.005224,0.393394,-0.02196,-0.022842,-0.346731,0.174482,0.0,-0.213095,0.0,0.0,0.0,0.071822,-0.174482,0.0,-0.017579,-0.0,0.0,0.0,-0.0,0.0,-0.0,-0.0,-0.0,0.0,0.0,0.0,0.0,0.001953,-0.0047,0.0,0.000184,0.0,0.000061,0.0,-0.000061,0.0,-0.000184,0.0,0.0,0.0,-0.00869,
0.0,3.87242,0.877212,-0.000066,0.0,1.570796,-0.0,0.920416,-0.088989,0.0,0.0,0.0,0.172452,-0.024415,-0.002913,0.140954,-0.194745,0.024428,-0.424164,0.026319,0.005023,0.365824,-0.029915,-0.023189,-0.346458,0.174482,0.0,-0.213007,0.0,0.0,0.0,0.072221,-0.174482,0.0,-0.017579,0.0,0.0,0.0,0.0,0.0,-0.0,-0.0,-0.0,0.0,-0.0,0.0,0.0,0.001953,-0.0047,0.0,0.000184,0.0,0.000061,0.0,-0.000061,0.0,-0.000184,0.0,0.0,0.0,-0.008189,
0.0,3.881939,0.87641,-0.000066,0.0,1.570796,0.0,0.951879,-0.080152,0.0,0.0,0.0,0.18242,-0.024415,-0.003224,0.141027,-0.194119,0.024464,-0.41941,0.026173,0.004895,0.350748,-0.036087,-0.023354,-0.344042,0.174482,0.0,-0.211589,0.0,0.0,0.0,0.071855,-0.174482,0.0,-0.017579,0.0,0.0,0.0,0.0,0.0,-0.0,0.0,0.0,0.0,0.0,0.0,0.0,0.001953,-0.0047,0.0,0.000184,0.0,0.000061,0.0,-0.000061,0.0,-0.000184,0.0,-0.0,0.0,-0.007676,
-0.0,3.891458,0.875609,-0.000066,0.0,1.570796,-0.0,0.951879,-0.080152,0.0,0.0,0.0,0.192389,-0.024415,-0.003535,0.141101,-0.193494,0.024501,-0.414655,0.026026,0.004766,0.335671,-0.04226,-0.023519,-0.341626,0.174482,0.0,-0.210171,-0.0,0.0,0.0,0.071488,-0.174482,0.0,-0.017579,0.0,0.0,0.0,0.0,0.0,0.0,0.0,0.0,0.0,0.0,0.0,0.0,0.001953,-0.0047,0.0,0.000184,0.0,0.000061,0.0,-0.000061,0.0,-0.000184,0.0,-0.0,0.0,-0.007164,
0.0,3.90098,0.874808,-0.000066,0.0,1.570796,0.0,0.952215,-0.080076,0.0,0.0,0.0,0.202358,-0.024416,-0.003848,0.141174,-0.192849,0.024538,-0.409897,0.02588,0.004639,0.32065,-0.048406,-0.023683,-0.339191,0.174482,0.0,-0.20874,0.0,0.0,0.0,0.07113,-0.174482,0.0,-0.017579,-0.0,0.0,0.0,-0.0,0.0,0.0,0.0,0.0,-0.0,0.0,0.0,-0.0,0.001953,-0.0047,0.0,0.000184,0.0,0.000061,0.0,-0.000061,0.0,-0.000184,0.0,0.0,0.0,-0.006659,
0.0,3.91137,0.874207,-0.000066,0.0,1.570796,0.0,1.038975,-0.060104,0.0,0.0,0.0,0.212674,-0.024489,-0.004434,0.141174,-0.187369,0.024574,-0.404273,0.02588,0.004639,0.318906,-0.048039,-0.023683,-0.332009,0.174482,0.0,-0.203973,0.0,0.0,0.0,0.072834,-0.174482,0.0,-0.017579,0.0,0.0,0.0,-0.0,0.0,0.0,0.0,-0.0,0.0,-0.0,0.0,-0.0,0.001953,-0.0047,0.0,0.000184,0.0,0.000061,0.0,-0.000061,0.0,-0.000184,0.0,0.0,0.0,-0.00805,
0.0,3.92176,0.873606,-0.000066,0.0,1.570796,0.0,1.039005,-0.060112,0.0,0.0,0.0,0.222991,-0.024562,-0.00502,0.141174,-0.181889,0.024611,-0.398649,0.02588,0.004639,0.317163,-0.047673,-0.023683,-0.324826,0.174482,-0.0,-0.199207,0.0,0.0,0.0,0.074538,-0.174482,0.0,-0.017579,0.0,0.0,0.0,0.0,0.0,0.0,0.0,0.0,0.0,0.0,0.0,0.0,0.001953,-0.0047,0.0,0.000184,0.0,0.000061,0.0,-0.000061,0.0,-0.000184,0.0,0.0,0.0,-0.009442,
0.0,3.93215,0.873005,-0.000066,0.0,1.570796,-0.0,1.039036,-0.060112,0.0,0.0,0.0,0.233308,-0.024635,-0.005606,0.141174,-0.176409,0.024648,-0.393025,0.02588,0.004639,0.31542,-0.047307,-0.023683,-0.317643,0.174482,0.0,-0.19444,0.0,0.0,0.0,0.076242,-0.174482,0.0,-0.017579,0.0,0.0,0.0,0.0,0.0,0.0,0.0,0.0,-0.0,0.0,0.0,0.0,0.001953,-0.0047,0.0,0.000184,0.0,0.000061,0.0,-0.000061,-0.0,-0.000184,0.0,0.0,0.0,-0.010834,
0.0,3.942217,0.872737,-0.000066,0.0,1.570796,0.0,1.006654,-0.026789,0.0,0.0,0.0,0.242746,-0.024709,-0.006192,0.141174,-0.165206,0.02466,-0.385671,0.02588,0.004958,0.311155,-0.037531,-0.023554,-0.309341,0.174482,0.0,-0.190144,0.0,0.0,0.0,0.076582,-0.174482,0.0,-0.017579,0.0,0.0,0.0,0.0,0.0,-0.0,0.0,-0.0,0.0,-0.0,0.0,-0.0,0.001953,-0.0047,0.0,0.000184,0.0,0.000061,-0.0,-0.000061,0.0,-0.000184,0.0,-0.0,0.0,-0.011832,
0.0,3.952125,0.872633,-0.000066,0.0,1.570796,0.0,0.990815,-0.010425,0.0,0.0,0.0,0.251753,-0.024782,-0.006778,0.141174,-0.151194,0.02466,-0.377468,0.02588,0.005434,0.305652,-0.023137,-0.023362,-0.300488,0.174482,-0.0,-0.18608,0.0,0.0,0.0,0.076252,-0.174482,0.0,-0.017579,0.0,0.0,0.0,-0.0,0.0,-0.0,0.0,0.0,0.0,0.0,0.0,0.0,0.001953,-0.0047,0.0,0.000184,0.0,0.000061,0.0,-0.000061,0.0,-0.000184,0.0,0.0,0.0,-0.012638,
0.0,3.962033,0.872528,-0.000066,0.0,1.570796,-0.0,0.990784,-0.010432,0.0,0.0,0.0,0.260761,-0.024855,-0.007363,0.141174,-0.137182,0.02466,-0.369265,0.02588,0.00591,0.30015,-0.008743,-0.023169,-0.291635,0.174482,0.0,-0.182016,0.0,0.0,0.0,0.075923,-0.174482,0.0,-0.017579,-0.0,0.0,0.0,0.0,0.0,0.0,0.0,0.0,0.0,0.0,0.0,0.0,0.001953,-0.0047,0.0,0.000184,0.0,0.000061,0.0,-0.000061,0.0,-0.000184,0.0,0.0,0.0,-0.013444,
0.0,3.971699,0.872597,-0.000066,0.0,1.570796,0.0,0.966613,0.006885,0.0,0.0,0.0,0.2693,-0.02491,-0.007733,0.141124,-0.120111,0.024604,-0.360693,0.025905,0.006362,0.294955,0.004891,-0.022977,-0.282589,0.174482,0.0,-0.178336,0.0,0.0,0.0,0.074467,-0.174482,0.0,-0.017579,0.0,0.0,0.0,0.0,0.0,-0.0,0.0,0.0,0.0,0.0,0.0,-0.0,0.001953,-0.0047,0.0,0.000184,0.0,0.000061,0.0,-0.000061,0.0,-0.000184,0.0,0.0,0.0,-0.013978,
0.0,3.980888,0.873006,-0.000066,0.0,1.570796,-0.0,0.918942,0.040863,0.0,0.0,0.0,0.276918,-0.024928,-0.007678,0.140977,-0.097032,0.024439,-0.351397,0.025978,0.006765,0.290366,0.017033,-0.022785,-0.273165,0.174482,0.0,-0.175414,-0.0,0.0,0.0,0.070803,-0.174482,0.0,-0.017579,0.0,0.0,0.0,0.0,0.0,-0.0,-0.0,0.0,0.0,-0.0,0.0,0.0,0.001953,-0.0047,0.0,0.000184,0.0,0.000061,0.0,-0.000061,0.0,-0.000184,0.0,0.0,0.0,-0.013978,
0.0,3.990077,0.873414,-0.000066,0.0,1.570796,0.0,0.918942,0.040863,0.0,0.0,0.0,0.284537,-0.024946,-0.007623,0.14083,-0.073951,0.024274,-0.3421,0.026052,0.007167,0.285777,0.029174,-0.022593,-0.26374,0.174482,0.0,-0.172491,0.0,0.0,0.0,0.067138,-0.174482,-0.0,-0.017579,0.0,0.0,0.0,0.0,0.0,-0.0,-0.0,-0.0,0.0,0.0,-0.0,-0.0,0.001953,-0.0047,0.0,0.000184,0.0,0.000061,0.0,-0.000061,0.0,-0.000184,0.0,0.0,0.0,-0.013978,
0.0,3.999263,0.873824,-0.000066,0.0,1.570796,0.0,0.918576,0.04097,0.0,0.0,0.0,0.292053,-0.024965,-0.007563,0.140862,-0.050912,0.02411,-0.332807,0.026125,0.007569,0.281202,0.041283,-0.022401,-0.254319,0.174482,-0.0,-0.16957,0.0,0.0,0.0,0.063455,-0.174482,0.0,-0.017579,0.0,0.0,0.0,0.0,0.0,0.0,0.0,0.0,0.0,-0.0,0.0,0.0,0.001953,-0.0047,0.0,0.000184,0.0,0.000061,0.0,-0.000061,0.0,-0.000184,0.0,0.0,0.0,-0.013981,
0.0,4.007573,0.874494,-0.000066,0.0,1.570796,0.0,0.830989,0.067026,0.0,0.0,0.0,0.275482,-0.025075,-0.006171,0.182956,-0.036792,0.023945,-0.324164,0.026125,0.007771,0.279833,0.045771,-0.022309,-0.245705,0.174482,0.0,-0.166997,0.0,0.0,0.0,0.05534,-0.174482,0.0,-0.017579,0.0,0.0,0.0,-0.0,0.0,-0.0,0.0,-0.0,0.0,0.0,0.0,-0.0,0.001953,-0.0047,0.0,0.000184,0.0,0.000061,0.0,-0.000061,0.0,-0.000184,0.0,0.0,0.0,-0.014805,
0.0,4.015882,0.875164,-0.000066,0.0,1.570796,0.0,0.830928,0.067018,0.0,0.0,0.0,0.258911,-0.025185,-0.004779,0.225074,-0.022672,0.02378,-0.315521,0.026125,0.007972,0.278465,0.050258,-0.022218,-0.237091,0.174482,0.0,-0.164425,-0.0,0.0,0.0,0.047225,-0.174482,0.0,-0.017579,0.0,0.0,0.0,0.0,0.0,-0.0,0.0,-0.0,0.0,0.0,0.0,0.0,0.001953,-0.0047,0.0,0.000184,0.0,0.000061,0.0,-0.000061,0.0,-0.000184,0.0,0.0,0.0,-0.015629,
0.0,4.024192,0.875835,-0.000066,0.0,1.570796,-0.0,0.830959,0.067026,0.0,0.0,0.0,0.24234,-0.025295,-0.003388,0.267178,-0.008552,0.023615,-0.306879,0.026125,0.008174,0.277097,0.054746,-0.022126,-0.228478,0.174482,-0.0,-0.161853,0.0,0.0,0.0,0.039111,-0.174482,0.0,-0.017579,0.0,0.0,0.0,0.0,0.0,-0.0,0.0,-0.0,0.0,-0.0,0.0,-0.0,0.001953,-0.0047,0.0,0.000184,0.0,0.000061,0.0,-0.000061,0.0,-0.000184,0.0,-0.0,0.0,-0.016453,
0.0,4.03207,0.876644,-0.000066,0.0,1.570796,0.0,0.787745,0.080954,0.0,0.0,0.0,0.208144,-0.025663,-0.002696,0.335282,0.004412,0.023143,-0.296328,0.026125,0.00824,0.272011,0.054772,-0.022162,-0.220183,0.174482,-0.0,-0.158345,0.0,0.0,0.0,0.030248,-0.174482,0.0,-0.017579,0.0,0.0,0.0,0.0,0.0,0.0,0.0,0.0,0.0,0.0,-0.0,0.0,0.001953,-0.0047,0.0,0.000184,0.0,0.000061,-0.0,-0.000061,0.0,-0.000184,0.0,0.0,0.0,-0.018002,
0.0,4.039736,0.877522,-0.000066,0.0,1.570796,0.0,0.766596,0.087796,0.0,0.0,0.0,0.165273,-0.026157,-0.002348,0.416349,0.01681,0.02252,-0.284839,0.026125,0.00824,0.265101,0.052611,-0.022261,-0.212043,0.174482,0.0,-0.154377,0.0,0.0,0.0,0.021018,-0.174482,0.0,-0.017579,0.0,0.0,0.0,0.0,0.0,0.0,0.0,-0.0,0.0,0.0,0.0,0.0,0.001953,-0.0047,0.0,0.000184,0.0,0.000061,0.0,-0.000061,0.0,-0.000184,0.0,0.0,0.0,-0.019907,
0.0,4.047401,0.8784,-0.000066,0.0,1.570796,-0.0,0.766565,0.087789,0.0,0.0,0.0,0.122404,-0.026652,-0.002,0.497411,0.029208,0.021898,-0.273351,0.026125,0.00824,0.258192,0.050449,-0.02236,-0.203903,0.174482,0.0,-0.15041,0.0,0.0,0.0,0.011789,-0.174482,0.0,-0.017579,0.0,0.0,0.0,-0.0,0.0,0.0,0.0,0.0,0.0,0.0,-0.0,0.0,0.001953,-0.0047,0.0,0.000184,0.0,0.000061,0.0,-0.000061,0.0,-0.000184,0.0,0.0,0.0,-0.021811,
0.0,4.054912,0.879326,-0.000066,0.0,1.570796,0.0,0.751031,0.092587,0.0,0.0,0.0,0.082734,-0.027264,-0.001962,0.568414,0.044967,0.021053,-0.260604,0.026081,0.008289,0.248531,0.048677,-0.022459,-0.195836,0.174482,-0.0,-0.145973,0.0,0.0,0.0,0.002374,-0.174482,0.0,-0.017579,-0.0,0.0,0.0,0.0,0.0,0.0,0.0,0.0,0.0,0.0,0.0,0.0,0.001953,-0.0047,0.0,0.000184,0.0,0.000061,0.0,-0.000061,0.0,-0.000184,0.0,0.0,0.0,-0.023833,
0.0,4.062117,0.880346,-0.000066,0.0,1.570796,0.0,0.720513,0.101984,0.0,0.0,0.0,0.049267,-0.028106,-0.002529,0.620129,0.067324,0.019771,-0.245387,0.025953,0.008436,0.233472,0.04767,-0.022558,-0.18791,0.174482,0.0,-0.140613,-0.0,0.0,0.0,-0.007404,-0.174482,0.0,-0.017579,-0.0,0.0,0.0,0.0,0.0,0.0,0.0,0.0,-0.0,0.0,0.0,0.0,0.001953,-0.0047,0.0,0.000184,0.0,0.000061,0.0,-0.000061,0.0,-0.000184,0.0,0.0,0.0,-0.026086,
0.0,4.069322,0.881366,-0.000066,0.0,1.570796,0.0,0.720544,0.101999,0.0,0.0,0.0,0.015793,-0.028949,-0.003097,0.671869,0.089684,0.018489,-0.230169,0.025825,0.008582,0.218412,0.046663,-0.022657,-0.179983,0.174482,0.0,-0.135253,0.0,0.0,0.0,-0.017184,-0.174482,0.0,-0.017579,0.0,0.0,0.0,0.0,0.0,0.0,0.0,-0.0,0.0,0.0,0.0,-0.0,0.001953,-0.0047,0.0,0.000184,0.0,0.000061,0.0,-0.000061,0.0,-0.000184,0.0,0.0,0.0,-0.028338,
0.0,4.076525,0.882385,-0.000066,0.0,1.570796,-0.0,0.72033,0.101969,0.0,0.0,0.0,-0.017648,-0.02979,-0.003664,0.723474,0.112012,0.017208,-0.214945,0.025697,0.00873,0.203335,0.04566,-0.022756,-0.172058,0.174482,0.0,-0.12989,0.0,0.0,0.0,-0.026968,-0.174482,-0.0,-0.017579,0.0,0.0,0.0,0.0,0.0,0.0,0.0,-0.0,0.0,0.0,0.0,0.0,0.001953,-0.0047,0.0,0.000184,0.0,0.000061,0.0,-0.000061,0.0,-0.000184,0.0,0.0,0.0,-0.030576,
0.0,4.083271,0.883357,-0.000066,0.0,1.570796,0.0,0.674523,0.097159,0.0,0.0,0.0,-0.046668,-0.030449,-0.003957,0.755805,0.128349,0.016072,-0.19819,0.025587,0.009004,0.184221,0.045752,-0.022854,-0.164343,0.174482,-0.0,-0.123929,0.0,0.0,0.0,-0.038049,-0.174482,0.0,-0.017579,0.0,0.0,0.0,0.0,0.0,-0.0,0.0,-0.0,0.0,-0.0,0.0,-0.0,0.001953,-0.0047,0.0,0.000184,0.0,0.000061,0.0,-0.000061,0.0,-0.000184,0.0,0.0,0.0,-0.029569,
0.0,4.090016,0.884329,-0.000066,0.0,1.570796,0.0,0.674523,0.097159,0.0,0.0,0.0,-0.075697,-0.031109,-0.004249,0.788147,0.144687,0.014937,-0.181434,0.025477,0.009279,0.165105,0.045843,-0.022953,-0.156627,0.174482,0.0,-0.117967,-0.0,0.0,0.0,-0.049131,-0.174482,0.0,-0.017579,0.0,0.0,0.0,0.0,0.0,-0.0,0.0,0.0,0.0,-0.0,0.0,-0.0,0.001953,-0.0047,0.0,0.000184,0.0,0.000061,0.0,-0.000061,0.0,-0.000184,0.0,0.0,0.0,-0.028562,
-0.0,4.096761,0.8853,-0.000066,0.0,1.570796,-0.0,0.674554,0.097167,0.0,0.0,0.0,-0.104723,-0.031768,-0.004542,0.820485,0.161025,0.013802,-0.164678,0.025367,0.009554,0.145989,0.045935,-0.023052,-0.148912,0.174482,-0.0,-0.112004,0.0,0.0,0.0,-0.060212,-0.174482,0.0,-0.017579,0.0,0.0,0.0,0.0,0.0,-0.0,0.0,-0.0,0.0,0.0,0.0,-0.0,0.001953,-0.0047,0.0,0.000184,0.0,0.000061,0.0,-0.000061,0.0,-0.000184,0.0,0.0,0.0,-0.027554,
0.0,4.103278,0.886194,-0.000066,0.0,1.570796,0.0,0.651666,0.089338,0.0,0.0,0.0,-0.129497,-0.031985,-0.004295,0.83925,0.160479,0.013625,-0.15456,0.025343,0.009939,0.139816,0.039499,-0.023151,-0.141177,0.174482,0.0,-0.105786,0.0,0.0,0.0,-0.07147,-0.174482,0.0,-0.014875,0.0,0.0,0.0,-0.0,0.0,-0.0,0.0,-0.0,0.0,-0.0,0.0,0.0,0.001953,-0.0047,0.0,0.000184,0.0,0.000061,0.0,-0.000061,0.0,-0.000184,0.0,0.0,0.0,-0.025785,
0.0,4.109682,0.887049,-0.000066,0.0,1.570796,-0.0,0.640436,0.085515,0.0,0.0,0.0,-0.152199,-0.031985,-0.003782,0.851374,0.151664,0.013918,-0.147693,0.025362,0.010378,0.139981,0.029866,-0.02325,-0.133432,0.174482,0.0,-0.099443,0.0,0.0,0.0,-0.082815,-0.174482,-0.0,-0.010846,0.0,0.0,0.0,0.0,0.0,-0.0,0.0,-0.0,0.0,-0.0,0.0,-0.0,0.001953,-0.0047,0.0,0.000184,0.0,0.000061,0.0,-0.000061,0.0,-0.000184,0.0,0.0,0.0,-0.023643,
0.0,4.116086,0.887904,-0.000066,0.0,1.570796,0.0,0.640436,0.085507,0.0,0.0,0.0,-0.1749,-0.031985,-0.003269,0.863498,0.142849,0.014211,-0.140826,0.02538,0.010818,0.140147,0.020233,-0.023349,-0.125688,0.174482,0.0,-0.093099,0.0,0.0,0.0,-0.09416,-0.174482,0.0,-0.006818,0.0,0.0,0.0,0.0,0.0,-0.0,0.0,0.0,0.0,-0.0,0.0,0.0,0.001953,-0.0047,0.0,0.000184,-0.0,0.000061,0.0,-0.000061,0.0,-0.000184,0.0,0.0,0.0,-0.0215,
0.0,4.122425,0.888708,-0.000066,0.0,1.570796,0.0,0.633784,0.08041,0.0,0.0,0.0,-0.196172,-0.031861,-0.002732,0.871886,0.132457,0.014628,-0.13396,0.025398,0.011301,0.140312,0.010668,-0.023448,-0.117846,0.174482,0.0,-0.086694,0.0,0.0,0.0,-0.105161,-0.174482,-0.0,-0.005806,-0.0,0.0,0.0,-0.0,0.0,-0.0,0.0,0.0,0.0,0.0,0.0,0.0,0.001953,-0.0047,0.0,0.000184,0.0,0.000061,-0.0,-0.000061,0.0,-0.000184,0.0,0.0,0.0,-0.019215,
0.0,4.128631,0.889412,-0.000066,0.0,1.570796,0.0,0.620631,0.070415,0.0,0.0,0.0,-0.214652,-0.031495,-0.002146,0.872957,0.118976,0.015287,-0.127098,0.025417,0.011868,0.140477,0.001238,-0.023547,-0.109814,0.174482,0.0,-0.08017,0.0,0.0,0.0,-0.115488,-0.174482,0.0,-0.010705,0.0,0.0,0.0,0.0,0.0,0.0,0.0,0.0,0.0,0.0,0.0,0.0,0.001953,-0.0047,0.0,0.000184,0.0,0.000061,-0.0,-0.000061,0.0,-0.000184,0.0,0.0,0.0,-0.016651,
0.0,4.134837,0.890116,-0.000066,0.0,1.570796,-0.0,0.620631,0.070407,0.0,0.0,0.0,-0.233133,-0.031128,-0.00156,0.874028,0.105494,0.015946,-0.120236,0.025435,0.012436,0.140642,-0.008193,-0.023646,-0.101782,0.174482,0.0,-0.073647,0.0,0.0,0.0,-0.125816,-0.174482,0.0,-0.015603,-0.0,-0.0,0.0,-0.0,0.0,-0.0,0.0,-0.0,0.0,0.0,0.0,0.0,0.001953,-0.0047,0.0,0.000184,0.0,0.000061,0.0,-0.000061,-0.0,-0.000184,0.0,0.0,0.0,-0.014088,
0.0,4.141042,0.890819,-0.000066,0.0,1.570796,0.0,0.620509,0.070308,0.0,0.0,0.0,-0.251594,-0.030763,-0.000976,0.875054,0.092017,0.016605,-0.113375,0.025453,0.013,0.140807,-0.017593,-0.023744,-0.093749,0.174482,0.0,-0.067125,0.0,0.0,0.0,-0.136144,-0.174482,-0.0,-0.020502,-0.0,0.0,0.0,0.0,0.0,0.0,0.0,-0.0,0.0,-0.0,0.0,-0.0,0.001953,-0.0047,0.0,0.000184,0.0,0.000061,0.0,-0.000061,0.0,-0.000184,0.0,0.0,0.0,-0.011528,
0.0,4.147045,0.891311,-0.000066,0.0,1.570796,0.0,0.600247,0.049127,0.0,0.0,0.0,-0.266422,-0.030543,-0.000829,0.866349,0.079429,0.017117,-0.106572,0.025453,0.012854,0.140807,-0.020523,-0.023784,-0.08552,0.174482,-0.0,-0.060988,0.0,0.0,0.0,-0.146429,-0.174482,-0.0,-0.025401,0.0,0.0,0.0,-0.0,0.0,0.0,0.0,0.0,0.0,0.0,0.0,0.0,0.001953,-0.0047,0.0,0.000184,0.0,0.000061,0.0,-0.000061,0.0,-0.000184,0.0,0.0,0.0,-0.009862,
0.0,4.153047,0.891802,-0.000066,0.0,1.570796,0.0,0.600186,0.049127,0.0,0.0,0.0,-0.281249,-0.030323,-0.000683,0.857645,0.066841,0.01763,-0.09977,0.025453,0.012707,0.140807,-0.023453,-0.023825,-0.077291,0.174482,-0.0,-0.054851,-0.0,0.0,0.0,-0.156713,-0.174482,0.0,-0.030299,-0.0,0.0,0.0,0.0,0.0,-0.0,0.0,-0.0,0.0,-0.0,0.0,0.0,0.001953,-0.0047,0.0,0.000184,-0.0,0.000061,0.0,-0.000061,0.0,-0.000184,0.0,-0.0,0.0,-0.008195,
0.0,4.159049,0.892293,-0.000066,0.0,1.570796,0.0,0.600216,0.049127,0.0,0.0,0.0,-0.296077,-0.030104,-0.000536,0.848941,0.054252,0.018143,-0.092967,0.025453,0.012561,0.140807,-0.026383,-0.023865,-0.069063,0.174482,0.0,-0.048714,0.0,0.0,0.0,-0.166998,-0.174482,0.0,-0.035198,0.0,0.0,0.0,0.0,0.0,0.0,0.0,0.0,0.0,0.0,0.0,0.0,0.001953,-0.0047,0.0,0.000184,0.0,0.000061,-0.0,-0.000061,-0.0,-0.000184,0.0,0.0,0.0,-0.006529,
0.0,4.165008,0.892604,-0.000066,0.0,1.570796,0.0,0.595945,0.031083,0.0,0.0,0.0,-0.307834,-0.02997,-0.000746,0.833215,0.044313,0.018498,-0.086216,0.025453,0.012254,0.140745,-0.029005,-0.023905,-0.061169,0.174482,0.0,-0.043033,0.0,0.0,0.0,-0.176403,-0.174482,-0.0,-0.040263,0.0,0.0,0.0,0.0,0.0,0.0,0.0,0.0,0.0,-0.0,0.0,-0.0,0.001953,-0.0047,0.0,0.000184,0.0,0.000061,0.0,-0.000061,0.0,-0.000184,0.0,0.0,0.0,-0.005207,
0.0,4.170948,0.892826,-0.000066,0.0,1.570796,0.0,0.593932,0.022256,0.0,0.0,0.0,-0.31809,-0.029878,-0.001131,0.814049,0.035668,0.018777,-0.07949,0.025453,0.01187,0.140653,-0.031478,-0.023946,-0.053439,0.174482,0.0,-0.037575,0.0,0.0,0.0,-0.185378,-0.174482,0.0,-0.04541,0.0,0.0,0.0,0.0,0.0,-0.0,0.0,-0.0,0.0,-0.0,0.0,-0.0,0.001953,-0.0047,0.0,0.000184,0.0,0.000061,0.0,-0.000061,0.0,-0.000184,0.0,0.0,0.0,-0.004053,
0.0,4.176886,0.893049,-0.000066,0.0,1.570796,-0.0,0.593871,0.022256,0.0,0.0,0.0,-0.328346,-0.029787,-0.001516,0.794884,0.027023,0.019055,-0.072765,0.025453,0.011485,0.140561,-0.03395,-0.023986,-0.045708,0.174482,-0.0,-0.032117,0.0,0.0,0.0,-0.194353,-0.174482,0.0,-0.050557,0.0,0.0,0.0,0.0,0.0,0.0,0.0,0.0,0.0,0.0,0.0,0.0,0.001953,-0.0047,0.0,0.000184,0.0,0.000061,0.0,-0.000061,0.0,-0.000184,0.0,0.0,0.0,-0.0029,
0.0,4.182834,0.893183,-0.000066,0.0,1.570796,0.0,0.594817,0.013406,0.0,0.0,0.0,-0.337831,-0.029639,-0.001807,0.774327,0.020621,0.019333,-0.065997,0.025434,0.011079,0.14047,-0.03667,-0.024026,-0.038251,0.174482,-0.0,-0.02687,-0.0,0.0,0.0,-0.202764,-0.174482,0.0,-0.055673,0.0,0.0,0.0,0.0,0.0,0.0,0.0,0.0,0.0,-0.0,0.0,-0.0,0.001953,-0.0047,0.0,0.000184,0.0,0.000061,0.0,-0.000061,0.0,-0.000184,0.0,0.0,0.0,-0.001889,
0.0,4.188801,0.893144,-0.000066,0.0,1.570796,0.0,0.596649,-0.003912,0.0,0.0,0.0,-0.345807,-0.029383,-0.001917,0.751036,0.018607,0.019612,-0.059146,0.02538,0.010631,0.140378,-0.039876,-0.024066,-0.031329,0.174482,0.0,-0.022036,0.0,0.0,0.0,-0.210075,-0.174482,0.0,-0.06073,-0.0,-0.0,0.0,-0.0,0.0,0.0,0.0,0.0,0.0,0.0,0.0,0.0,0.001953,-0.0047,0.0,0.000184,0.0,0.000061,0.0,-0.000061,0.0,-0.000184,0.0,0.0,0.0,-0.001156,
0.0,4.194767,0.893105,-0.000066,0.0,1.570796,-0.0,0.59668,-0.003905,0.0,0.0,0.0,-0.353784,-0.029127,-0.002027,0.727742,0.016592,0.01989,-0.052294,0.025325,0.010182,0.140286,-0.043081,-0.024107,-0.024406,0.174482,0.0,-0.017201,0.0,0.0,0.0,-0.217386,-0.174482,-0.0,-0.065786,-0.0,0.0,0.0,0.0,0.0,-0.0,0.0,-0.0,0.0,-0.0,0.0,0.0,0.001953,-0.0047,0.0,0.000184,0.0,0.000061,0.0,-0.000061,0.0,-0.000184,0.0,-0.0,0.0,-0.000424,
0.0,4.200733,0.893065,-0.000066,0.0,1.570796,0.0,0.596558,-0.004012,0.0,0.0,0.0,-0.361749,-0.02887,-0.002136,0.70444,0.014604,0.020168,-0.045443,0.02527,0.009733,0.140194,-0.046288,-0.024147,-0.017489,0.174482,0.0,-0.012391,0.0,0.0,0.0,-0.224688,-0.174482,-0.0,-0.070835,0.0,-0.0,0.0,-0.0,0.0,0.0,0.0,-0.0,0.0,-0.0,0.0,0.0,0.001953,-0.0047,0.0,0.000184,0.0,0.000061,0.0,-0.000061,0.0,-0.000184,0.0,0.0,0.0,0.00031,
0.0,4.206544,0.892825,-0.000066,0.0,1.570796,-0.0,0.581117,-0.023986,0.0,0.0,0.0,-0.367432,-0.028522,-0.002063,0.678613,0.017864,0.020447,-0.038722,0.02527,0.009285,0.140103,-0.04997,-0.024187,-0.011703,0.174482,0.0,-0.012391,0.0,0.0,0.0,-0.23022,-0.174482,0.0,-0.07439,-0.0,0.0,0.0,-0.0,0.0,-0.0,0.0,0.0,0.0,0.0,0.0,-0.0,0.001953,-0.0047,0.0,0.000184,0.0,0.000061,0.0,-0.000061,0.0,-0.000184,0.0,0.0,0.0,0.001299,
0.0,4.212356,0.892585,-0.000066,0.0,1.570796,0.0,0.581117,-0.023986,0.0,0.0,0.0,-0.373114,-0.028174,-0.001989,0.652781,0.021123,0.020725,-0.032001,0.02527,0.008836,0.140011,-0.053652,-0.024228,-0.005916,0.174482,0.0,-0.012391,0.0,0.0,0.0,-0.235751,-0.174482,0.0,-0.077945,0.0,0.0,0.0,-0.0,0.0,-0.0,0.0,-0.0,0.0,-0.0,0.0,0.0,0.001953,-0.0047,0.0,0.000184,0.0,0.000061,-0.0,-0.000061,0.0,-0.000184,0.0,-0.0,0.0,0.002288,
0.0,4.218167,0.892345,-0.000066,0.0,1.570796,0.0,0.581117,-0.023994,0.0,0.0,0.0,-0.378797,-0.027826,-0.001916,0.626949,0.024383,0.021003,-0.025279,0.02527,0.008387,0.139919,-0.057334,-0.024268,-0.00013,0.174482,0.0,-0.012391,0.0,0.0,0.0,-0.241282,-0.174482,0.0,-0.081501,0.0,0.0,0.0,0.0,0.0,0.0,0.0,-0.0,0.0,0.0,0.0,0.0,0.001953,-0.0047,0.0,0.000184,0.0,0.000061,0.0,-0.000061,0.0,-0.000184,0.0,0.0,0.0,0.003277,
0.0,4.223929,0.892077,-0.000066,0.0,1.570796,0.0,0.576235,-0.026817,0.0,0.0,0.0,-0.374571,-0.027392,-0.001757,0.58789,0.029057,0.021282,-0.018632,0.025233,0.008068,0.139839,-0.060733,-0.024308,0.005485,0.174482,0.0,-0.012391,0.0,0.0,0.0,-0.24554,-0.174482,0.0,-0.083985,0.0,0.0,0.0,0.0,0.0,0.0,0.0,-0.0,0.0,-0.0,0.0,-0.0,0.001953,-0.0047,0.0,0.000184,0.0,0.000061,0.0,-0.000061,0.0,-0.000184,-0.0,0.0,0.0,0.004019,
0.0,4.229668,0.891795,-0.000066,0.0,1.570796,0.0,0.573854,-0.028206,0.0,0.0,0.0,-0.365503,-0.026916,-0.001555,0.542325,0.034423,0.02156,-0.012022,0.025178,0.007811,0.139766,-0.063994,-0.024348,0.011015,0.174482,0.0,-0.012391,0.0,0.0,0.0,-0.249176,-0.174482,0.0,-0.085946,-0.0,0.0,-0.0,0.0,0.0,0.0,0.0,-0.0,0.0,0.0,0.0,0.0,0.001953,-0.0047,0.0,0.000184,0.0,0.000061,0.0,-0.000061,0.0,-0.000184,0.0,-0.0,0.0,0.004642,
0.0,4.235406,0.891513,-0.000066,0.0,1.570796,0.0,0.573854,-0.028198,0.0,0.0,0.0,-0.356434,-0.02644,-0.001354,0.496761,0.039789,0.021838,-0.005411,0.025123,0.007555,0.139693,-0.067255,-0.024389,0.016545,0.174482,0.0,-0.012391,-0.0,0.0,0.0,-0.252811,-0.174482,0.0,-0.087907,0.0,0.0,0.0,0.0,0.0,-0.0,0.0,-0.0,0.0,-0.0,0.0,-0.0,0.001953,-0.0047,0.0,0.000184,-0.0,0.000061,0.0,-0.000061,0.0,-0.000184,0.0,0.0,0.0,0.005265,
0.0,4.241174,0.891235,-0.000066,0.0,1.570796,-0.0,0.576753,-0.027771,0.0,0.0,0.0,-0.344464,-0.026013,-0.001221,0.447956,0.046688,0.022117,0.001237,0.025087,0.007385,0.139644,-0.070957,-0.024428,0.021332,0.174482,0.0,-0.012391,0.0,0.0,0.0,-0.255716,-0.174482,0.0,-0.089329,0.0,0.0,0.0,-0.0,0.0,-0.0,0.0,-0.0,0.0,-0.0,0.0,-0.0,0.001953,-0.0047,0.0,0.000184,0.0,0.000061,0.0,-0.000061,0.0,-0.000184,0.0,-0.0,0.0,0.005776,
0.0,4.246997,0.890966,-0.000066,0.0,1.570796,0.0,0.582308,-0.026908,0.0,0.0,0.0,-0.326822,-0.025683,-0.001221,0.392689,0.05658,0.022395,0.007957,0.025087,0.007385,0.139644,-0.07552,-0.024464,0.024665,0.174482,-0.0,-0.012391,-0.0,0.0,0.0,-0.257194,-0.174482,0.0,-0.089695,0.0,0.0,0.0,0.0,0.0,0.0,0.0,-0.0,0.0,-0.0,0.0,-0.0,0.001953,-0.0047,0.0,0.000184,0.0,0.000061,0.0,-0.000061,0.0,-0.000184,-0.0,0.0,0.0,0.006069,
0.0,4.25282,0.890697,-0.000066,0.0,1.570796,0.0,0.582338,-0.026916,0.0,0.0,0.0,-0.30918,-0.025354,-0.001221,0.337395,0.066473,0.022674,0.014678,0.025087,0.007385,0.139644,-0.080083,-0.024501,0.027997,0.174482,0.0,-0.012391,-0.0,0.0,0.0,-0.258671,-0.174482,0.0,-0.090062,-0.0,0.0,-0.0,0.0,0.0,-0.0,0.0,0.0,0.0,0.0,0.0,0.0,0.001953,-0.0047,0.0,0.000184,-0.0,0.000061,0.0,-0.000061,0.0,-0.000184,0.0,0.0,0.0,0.006362,
0.0,4.258645,0.890428,-0.000066,0.0,1.570796,0.0,0.58246,-0.026878,0.0,0.0,0.0,-0.291551,-0.025025,-0.001227,0.282222,0.07633,0.02295,0.021399,0.025087,0.007386,0.139645,-0.08465,-0.024538,0.031318,0.174482,0.0,-0.012391,0.0,0.0,0.0,-0.260131,-0.174482,-0.0,-0.090421,0.0,0.0,0.0,-0.0,0.0,0.0,0.0,0.0,0.0,-0.0,0.0,-0.0,0.001953,-0.0047,0.0,0.000184,0.0,0.000061,0.0,-0.000061,0.0,-0.000184,0.0,0.0,0.0,0.006655,
0.0,4.264741,0.890226,-0.000066,0.0,1.570796,0.0,0.609651,-0.020193,0.0,0.0,0.0,-0.276309,-0.024934,-0.002362,0.239666,0.079317,0.02295,0.028396,0.025087,0.007533,0.139736,-0.089911,-0.024574,0.03216,0.174482,0.0,-0.012391,-0.0,0.0,0.0,-0.25834,-0.174482,0.0,-0.089413,0.0,0.0,0.0,0.0,0.0,-0.0,0.0,-0.0,0.0,-0.0,0.0,-0.0,0.001953,-0.0047,0.0,0.000184,0.0,0.000061,0.0,-0.000061,0.0,-0.000184,0.0,-0.0,0.0,0.006984,
0.0,4.270838,0.890024,-0.000066,0.0,1.570796,-0.0,0.60962,-0.020193,0.0,0.0,0.0,-0.261066,-0.024842,-0.003497,0.197086,0.082305,0.02295,0.035391,0.025087,0.007679,0.139828,-0.095172,-0.024611,0.033003,0.174482,0.0,-0.012391,0.0,0.0,0.0,-0.256549,-0.174482,0.0,-0.088405,0.0,0.0,0.0,-0.0,0.0,0.0,0.0,-0.0,0.0,-0.0,0.0,0.0,0.001953,-0.0047,0.0,0.000184,0.0,0.000061,0.0,-0.000061,-0.0,-0.000184,0.0,0.0,0.0,0.007314,
0.0,4.276934,0.889822,-0.000066,0.0,1.570796,0.0,0.60962,-0.020193,0.0,0.0,0.0,-0.245824,-0.024751,-0.004633,0.154519,0.085292,0.02295,0.042387,0.025087,0.007826,0.13992,-0.100433,-0.024648,0.033845,0.174482,0.0,-0.012391,0.0,0.0,0.0,-0.254758,-0.174482,0.0,-0.087397,0.0,0.0,0.0,0.0,0.0,0.0,0.0,-0.0,0.0,-0.0,0.0,0.0,0.001953,-0.0047,0.0,0.000184,0.0,0.000061,0.0,-0.000061,0.0,-0.000184,0.0,0.0,0.0,0.007644,
0.0,4.28312,0.889615,-0.000066,0.0,1.570796,0.0,0.618623,-0.020711,0.0,0.0,0.0,-0.241034,-0.024745,-0.005645,0.140772,0.075859,0.02295,0.049261,0.025087,0.007825,0.13995,-0.103231,-0.02466,0.033531,0.174482,0.0,-0.012391,0.0,0.0,0.0,-0.251517,-0.174482,-0.0,-0.085626,0.0,0.0,0.0,-0.0,0.0,0.0,0.0,0.0,0.0,0.0,0.0,0.0,0.001953,-0.0047,0.0,0.000184,0.0,0.000061,0.0,-0.000061,0.0,-0.000184,0.0,0.0,0.0,0.008453,
0.0,4.289351,0.889406,-0.000066,0.0,1.570796,0.0,0.623079,-0.020962,0.0,0.0,0.0,-0.241347,-0.024782,-0.006597,0.141084,0.060359,0.02295,0.056076,0.025087,0.007751,0.13995,-0.104827,-0.02466,0.032652,0.174482,0.0,-0.012391,-0.0,0.0,0.0,-0.247568,-0.174482,0.0,-0.083481,0.0,0.0,0.0,0.0,0.0,-0.0,0.0,-0.0,0.0,-0.0,0.0,0.0,0.001953,-0.0047,0.0,0.000184,0.0,0.000061,0.0,-0.000061,0.0,-0.000184,0.0,0.0,0.0,0.009497,
0.0,4.295581,0.889196,-0.000066,0.0,1.570796,0.0,0.623079,-0.020962,0.0,0.0,0.0,-0.241661,-0.024818,-0.007549,0.141396,0.044859,0.02295,0.062891,0.025087,0.007678,0.13995,-0.106422,-0.02466,0.031773,0.174482,0.0,-0.012391,0.0,0.0,0.0,-0.243619,-0.174482,-0.0,-0.081337,0.0,0.0,0.0,0.0,0.0,-0.0,0.0,0.0,0.0,0.0,0.0,-0.0,0.001953,-0.0047,0.0,0.000184,0.0,0.000061,0.0,-0.000061,0.0,-0.000184,0.0,-0.0,0.0,0.010541,
-0.0,4.30187,0.888994,-0.000066,0.0,1.570796,-0.0,0.628877,-0.020184,0.0,0.0,0.0,-0.240545,-0.024842,-0.008334,0.141639,0.034002,0.02295,0.069731,0.025087,0.00763,0.13995,-0.107477,-0.02466,0.030441,0.174482,0.0,-0.012391,-0.0,0.0,0.0,-0.239091,-0.174482,0.0,-0.07882,0.0,0.0,0.0,0.0,0.0,-0.0,0.0,-0.0,0.0,-0.0,0.0,-0.0,0.001953,-0.0047,0.0,0.000184,0.0,0.000061,0.0,-0.000061,0.0,-0.000184,0.0,0.0,0.0,0.011764,
0.0,4.308273,0.888808,-0.000066,0.0,1.570796,0.0,0.640229,-0.018665,0.0,0.0,0.0,-0.236636,-0.024842,-0.008792,0.14175,0.032207,0.02295,0.076621,0.025087,0.00763,0.13995,-0.107477,-0.02466,0.028225,0.174482,0.0,-0.012391,0.0,0.0,0.0,-0.233432,-0.174482,0.0,-0.075577,-0.0,0.0,0.0,-0.0,0.0,-0.0,0.0,0.0,0.0,0.0,0.0,0.0,0.001953,-0.0047,0.0,0.000184,0.0,0.000061,-0.0,-0.000061,0.0,-0.000184,0.0,-0.0,0.0,0.013339,
0.0,4.314675,0.888621,-0.000066,0.0,1.570796,-0.0,0.64029,-0.018665,0.0,0.0,0.0,-0.232726,-0.024842,-0.00925,0.14186,0.030412,0.02295,0.083512,0.025087,0.00763,0.13995,-0.107477,-0.02466,0.026009,0.174482,0.0,-0.012391,0.0,0.0,0.0,-0.227772,-0.174482,0.0,-0.072334,0.0,0.0,0.0,-0.0,0.0,0.0,0.0,-0.0,0.0,0.0,0.0,-0.0,0.001953,-0.0047,0.0,0.000184,0.0,0.000061,-0.0,-0.000061,0.0,-0.000184,0.0,-0.0,0.0,0.014914,
0.0,4.321078,0.888436,-0.000066,0.0,1.570796,0.0,0.64029,-0.018543,0.0,0.0,0.0,-0.228801,-0.024843,-0.009707,0.141969,0.028672,0.02295,0.090402,0.025087,0.007631,0.13995,-0.107467,-0.02466,0.023793,0.174482,0.0,-0.012391,-0.0,0.0,0.0,-0.222106,-0.174482,0.0,-0.069082,0.0,0.0,0.0,0.0,0.0,0.0,0.0,0.0,0.0,-0.0,0.0,0.0,0.001953,-0.0047,0.0,0.000184,0.0,0.000061,0.0,-0.000061,0.0,-0.000184,0.0,0.0,0.0,0.016483,
0.0,4.327597,0.888479,-0.000066,0.0,1.570796,-0.0,0.651825,0.004369,0.0,0.0,0.0,-0.221875,-0.024916,-0.010184,0.141969,0.037024,0.022822,0.09726,0.025087,0.007906,0.13995,-0.105615,-0.02466,0.021522,0.174482,0.0,-0.012391,0.0,0.0,0.0,-0.215238,-0.174482,0.0,-0.064347,-0.0,0.0,0.0,0.0,0.0,-0.0,0.0,-0.0,0.0,-0.0,0.0,-0.0,0.001953,-0.0047,0.0,0.000184,0.0,0.000061,0.0,-0.000061,0.0,-0.000184,0.0,0.0,0.0,0.017069,
0.0,4.334115,0.888523,-0.000066,0.0,1.570796,0.0,0.651825,0.004377,0.0,0.0,0.0,-0.214949,-0.024989,-0.01066,0.141969,0.045376,0.022693,0.104117,0.025087,0.00818,0.13995,-0.103763,-0.02466,0.019251,0.174482,-0.0,-0.012391,0.0,0.0,0.0,-0.208369,-0.174482,0.0,-0.059612,0.0,-0.0,0.0,-0.0,0.0,-0.0,0.0,-0.0,0.0,-0.0,0.0,-0.0,0.001953,-0.0047,0.0,0.000184,0.0,0.000061,0.0,-0.000061,0.0,-0.000184,0.0,0.0,0.0,0.017655,
0.0,4.340633,0.888567,-0.000066,0.0,1.570796,0.0,0.651825,0.004369,0.0,0.0,0.0,-0.208023,-0.025063,-0.011136,0.141969,0.053729,0.022565,0.110975,0.025087,0.008455,0.13995,-0.101911,-0.02466,0.01698,0.174482,-0.0,-0.012391,0.0,0.0,0.0,-0.201501,-0.174482,0.0,-0.054876,0.0,0.0,0.0,0.0,0.0,-0.0,0.0,0.0,0.0,0.0,0.0,0.0,0.001953,-0.0047,0.0,0.000184,0.0,0.000061,0.0,-0.000061,0.0,-0.000184,0.0,0.0,0.0,0.018241,
0.0,4.346939,0.888683,-0.000066,0.0,1.570796,0.0,0.630614,0.011623,0.0,0.0,0.0,-0.2013,-0.025087,-0.01144,0.142019,0.054965,0.022523,0.11744,0.025087,0.008668,0.13995,-0.098236,-0.02466,0.013233,0.174482,0.0,-0.012391,0.0,0.0,0.0,-0.194762,-0.174482,0.0,-0.050141,0.0,0.0,0.0,-0.0,0.0,0.0,0.0,-0.0,0.0,-0.0,0.0,-0.0,0.001953,-0.0047,0.0,0.000184,0.0,0.000061,0.0,-0.000061,0.0,-0.000184,0.0,-0.0,0.0,0.018212,
0.0,4.353142,0.888835,-0.000066,0.0,1.570796,0.0,0.620238,0.015163,0.0,0.0,0.0,-0.194677,-0.025087,-0.011659,0.142092,0.05273,0.022523,0.123715,0.025087,0.008851,0.13995,-0.093671,-0.02466,0.008765,0.174482,0.0,-0.012391,0.0,0.0,0.0,-0.188085,-0.174482,0.0,-0.045406,-0.0,0.0,0.0,-0.0,0.0,-0.0,0.0,-0.0,0.0,0.0,0.0,-0.0,0.001953,-0.0047,0.0,0.000184,0.0,0.000061,0.0,-0.000061,0.0,-0.000184,0.0,0.0,0.0,0.017882,
0.0,4.359344,0.888986,-0.000066,0.0,1.570796,0.0,0.620238,0.015163,0.0,0.0,0.0,-0.188053,-0.025087,-0.011879,0.142165,0.050495,0.022523,0.129989,0.025087,0.009035,0.13995,-0.089107,-0.02466,0.004297,0.174482,0.0,-0.012391,-0.0,0.0,0.0,-0.181408,-0.174482,0.0,-0.040671,-0.0,0.0,0.0,0.0,0.0,0.0,0.0,0.0,0.0,-0.0,0.0,-0.0,0.001953,-0.0047,0.0,0.000184,0.0,0.000061,0.0,-0.000061,0.0,-0.000184,0.0,0.0,0.0,0.017553,
0.0,4.365394,0.889161,-0.000066,0.0,1.570796,0.0,0.604979,0.017458,0.0,0.0,0.0,-0.181525,-0.025087,-0.011981,0.142214,0.047367,0.022551,0.135967,0.025087,0.009156,0.139925,-0.082996,-0.024632,-0.000475,0.174482,0.0,-0.012248,0.0,0.0,0.0,-0.17497,-0.174482,0.0,-0.036001,0.0,0.0,0.0,0.0,0.0,0.0,0.0,0.0,0.0,0.0,0.0,-0.0,0.001953,-0.0047,0.0,0.000184,0.0,0.000061,0.0,-0.000061,0.0,-0.000184,0.0,0.0,0.0,0.017055,
0.0,4.371144,0.88938,-0.000066,0.0,1.570796,0.0,0.575011,0.021934,0.0,0.0,0.0,-0.175184,-0.025087,-0.011853,0.142214,0.042495,0.022633,0.141364,0.025087,0.009156,0.139852,-0.073872,-0.024549,-0.005841,0.174482,0.0,-0.011827,0.0,0.0,0.0,-0.168998,-0.174482,0.0,-0.031459,0.0,0.0,0.0,-0.0,0.0,-0.0,0.0,-0.0,0.0,-0.0,0.0,-0.0,0.001953,-0.0047,0.0,0.000184,0.0,0.000061,0.0,-0.000061,0.0,-0.000184,0.0,0.0,0.0,0.016231,
0.0,4.376894,0.889599,-0.000066,0.0,1.570796,0.0,0.575041,0.021934,0.0,0.0,0.0,-0.168843,-0.025087,-0.011725,0.142214,0.037623,0.022716,0.146762,0.025087,0.009156,0.139778,-0.064747,-0.024467,-0.011206,0.174482,0.0,-0.011406,-0.0,0.0,0.0,-0.163026,-0.174482,0.0,-0.026917,0.0,0.0,0.0,0.0,0.0,0.0,0.0,0.0,0.0,0.0,0.0,0.0,0.001953,-0.0047,0.0,0.000184,0.0,0.000061,0.0,-0.000061,0.0,-0.000184,0.0,0.0,0.0,0.015407,
0.0,4.38264,0.889819,-0.000066,0.0,1.570796,0.0,0.574522,0.02195,0.0,0.0,0.0,-0.162508,-0.025087,-0.011595,0.142214,0.03275,0.022798,0.152021,0.025089,0.009153,0.139955,-0.055716,-0.024384,-0.016579,0.174482,-0.0,-0.011011,0.0,0.0,0.0,-0.15706,-0.174482,0.0,-0.022383,0.0,0.0,0.0,-0.0,0.0,0.0,0.0,0.0,0.0,-0.0,0.0,-0.0,0.001953,-0.0047,0.0,0.000184,0.0,0.000061,0.0,-0.000061,0.0,-0.000184,0.0,0.0,0.0,0.01459,
0.0,4.387479,0.890058,-0.000066,0.0,1.570796,0.0,0.483916,0.023927,0.0,0.0,0.0,-0.1572,-0.025087,-0.011229,0.14214,0.027677,0.022881,0.132777,0.025437,0.008695,0.184673,-0.06343,-0.024302,-0.023245,0.174482,0.0,-0.015296,0.0,0.0,0.0,-0.152176,-0.174482,0.0,-0.019234,0.0,0.0,0.0,0.0,0.0,0.0,0.0,-0.0,0.0,0.0,0.0,0.0,0.001953,-0.0047,0.0,0.000184,0.0,0.000061,0.0,-0.000061,-0.0,-0.000184,0.0,0.0,0.0,0.01503,
0.0,4.392318,0.890297,-0.000066,0.0,1.570796,-0.0,0.483916,0.023927,0.0,0.0,0.0,-0.151892,-0.025087,-0.010863,0.142067,0.022604,0.022963,0.113532,0.025785,0.008237,0.229418,-0.071144,-0.02422,-0.029911,0.174482,0.0,-0.019581,0.0,0.0,0.0,-0.147291,-0.174482,0.0,-0.016084,-0.0,0.0,0.0,-0.0,0.0,0.0,0.0,0.0,0.0,0.0,0.0,0.0,0.001953,-0.0047,0.0,0.000184,0.0,0.000061,0.0,-0.000061,-0.0,-0.000184,0.0,0.0,0.0,0.015469,
0.0,4.397157,0.890537,-0.000066,0.0,1.570796,0.0,0.483916,0.023927,0.0,0.0,0.0,-0.146584,-0.025087,-0.010496,0.141993,0.017532,0.023046,0.094287,0.026133,0.00778,0.274147,-0.078857,-0.024137,-0.036577,0.174482,0.0,-0.023866,-0.0,0.0,0.0,-0.142407,-0.174482,0.0,-0.012934,0.0,0.0,0.0,0.0,0.0,-0.0,0.0,-0.0,0.0,-0.0,0.0,-0.0,0.001953,-0.0047,0.0,0.000184,0.0,0.000061,0.0,-0.000061,0.0,-0.000184,0.0,-0.0,0.0,0.015909,
0.0,4.401609,0.890709,-0.000066,0.0,1.570796,0.0,0.445189,0.017257,0.0,0.0,0.0,-0.141896,-0.025087,-0.01013,0.141969,0.013346,0.023128,0.06891,0.026591,0.007531,0.327284,-0.084749,-0.02395,-0.043355,0.174482,0.0,-0.028201,-0.0,0.0,0.0,-0.138302,-0.174482,-0.0,-0.0104,0.0,0.0,0.0,0.0,0.0,0.0,0.0,0.0,0.0,0.0,0.0,0.0,0.001953,-0.0047,0.0,0.000184,0.0,0.000061,0.0,-0.000061,-0.0,-0.000184,0.0,0.0,0.0,0.016644,
0.0,4.405872,0.890849,-0.000066,0.0,1.570796,0.0,0.426299,0.014005,0.0,0.0,0.0,-0.137509,-0.025087,-0.009764,0.141969,0.009592,0.02321,0.040532,0.027104,0.007385,0.384606,-0.089754,-0.023712,-0.050187,0.174482,0.0,-0.032559,-0.0,0.0,0.0,-0.134576,-0.174482,0.0,-0.008166,0.0,0.0,0.0,0.0,0.0,-0.0,0.0,-0.0,0.0,-0.0,0.0,-0.0,0.001953,-0.0047,0.0,0.000184,0.0,0.000061,-0.0,-0.000061,0.0,-0.000184,0.0,0.0,0.0,0.017523,
0.0,4.410135,0.890989,-0.000066,0.0,1.570796,0.0,0.426269,0.013998,0.0,0.0,0.0,-0.133122,-0.025087,-0.009398,0.141969,0.005838,0.023293,0.012156,0.027617,0.007238,0.441925,-0.094758,-0.023474,-0.05702,0.174482,0.0,-0.036918,0.0,0.0,0.0,-0.13085,-0.174482,0.0,-0.005932,0.0,0.0,0.0,0.0,0.0,-0.0,0.0,-0.0,0.0,0.0,0.0,-0.0,0.001953,-0.0047,0.0,0.000184,0.0,0.000061,0.0,-0.000061,0.0,-0.000184,0.0,0.0,0.0,0.018402,
0.0,4.414262,0.891103,-0.000066,0.0,1.570796,0.0,0.412688,0.011372,0.0,0.0,0.0,-0.128923,-0.025062,-0.009056,0.141932,0.002028,0.023375,-0.014858,0.028173,0.00721,0.494632,-0.096896,-0.023161,-0.063809,0.174482,0.0,-0.041221,0.0,0.0,0.0,-0.127386,-0.174482,0.0,-0.004456,0.0,0.0,0.0,0.0,0.0,-0.0,0.0,-0.0,0.0,0.0,0.0,0.0,0.001953,-0.0047,0.0,0.000184,0.0,0.000061,0.0,-0.000061,0.0,-0.000184,0.0,-0.0,0.0,0.019237,
-0.0,4.418124,0.891165,-0.000066,0.0,1.570796,-0.0,0.38623,0.006236,0.0,0.0,0.0,-0.125088,-0.024989,-0.008763,0.141822,-0.00189,0.023458,-0.039239,0.028814,0.007411,0.538519,-0.09345,-0.022704,-0.070516,0.174482,-0.0,-0.045416,-0.0,0.0,0.0,-0.124433,-0.174482,0.0,-0.004456,0.0,0.0,0.0,0.0,0.0,-0.0,0.0,-0.0,0.0,0.0,0.0,0.0,0.001953,-0.0047,0.0,0.000184,0.0,0.000061,0.0,-0.000061,0.0,-0.000184,0.0,-0.0,0.0,0.019988,
0.0,4.421986,0.891228,-0.000066,0.0,1.570796,0.0,0.38623,0.006236,0.0,0.0,0.0,-0.121254,-0.024915,-0.00847,0.141712,-0.005809,0.02354,-0.063624,0.029455,0.007613,0.582421,-0.090004,-0.022246,-0.077222,0.174482,-0.0,-0.04961,0.0,0.0,0.0,-0.121479,-0.174482,0.0,-0.004456,0.0,0.0,0.0,-0.0,0.0,0.0,0.0,-0.0,0.0,-0.0,0.0,-0.0,0.001953,-0.0047,0.0,0.000184,0.0,0.000061,0.0,-0.000061,0.0,-0.000184,0.0,-0.0,0.0,0.020739,
0.0,4.425847,0.891291,-0.000066,0.0,1.570796,0.0,0.386077,0.006312,0.0,0.0,0.0,-0.117421,-0.024842,-0.008179,0.141602,-0.009731,0.023622,-0.087977,0.030096,0.007814,0.62621,-0.086538,-0.021787,-0.083926,0.174482,0.0,-0.053804,-0.0,0.0,0.0,-0.118519,-0.174482,0.0,-0.004456,0.0,0.0,0.0,0.0,0.0,0.0,0.0,0.0,0.0,0.0,0.0,-0.0,0.001953,-0.0047,0.0,0.000184,0.0,0.000061,0.0,-0.000061,0.0,-0.000184,0.0,0.0,0.0,0.021479,
0.0,4.429455,0.891493,-0.000066,0.0,1.570796,0.0,0.360808,0.020227,0.0,0.0,0.0,-0.113881,-0.024842,-0.008179,0.141602,-0.014162,0.023637,-0.107918,0.0307,0.008107,0.655845,-0.079721,-0.021238,-0.090232,0.174482,0.0,-0.057816,-0.0,0.0,0.0,-0.114502,-0.174482,0.0,-0.004456,0.0,0.0,0.0,0.0,0.0,0.0,0.0,-0.0,0.0,-0.0,0.0,0.0,0.001953,-0.0047,0.0,0.000184,0.0,0.000061,0.0,-0.000061,0.0,-0.000184,0.0,0.0,0.0,0.020454,
0.0,4.433063,0.891695,-0.000066,0.0,1.570796,-0.0,0.360808,0.020227,0.0,0.0,0.0,-0.110342,-0.024842,-0.008179,0.141602,-0.018594,0.023651,-0.127861,0.031305,0.0084,0.685489,-0.072904,-0.020689,-0.096539,0.174482,0.0,-0.061828,-0.0,0.0,0.0,-0.110486,-0.174482,0.0,-0.004456,-0.0,0.0,0.0,0.0,0.0,-0.0,0.0,-0.0,0.0,-0.0,0.0,-0.0,0.001953,-0.0047,0.0,0.000184,0.0,0.000061,0.0,-0.000061,0.0,-0.000184,0.0,0.0,0.0,0.019428,
0.0,4.436671,0.891898,-0.000066,0.0,1.570796,0.0,0.360838,0.020227,0.0,0.0,0.0,-0.106802,-0.024842,-0.008179,0.141602,-0.023026,0.023666,-0.147805,0.031909,0.008693,0.71513,-0.066087,-0.020139,-0.102845,0.174482,-0.0,-0.06584,0.0,-0.0,0.0,-0.106469,-0.174482,0.0,-0.004456,0.0,0.0,0.0,-0.0,-0.0,-0.0,0.0,0.0,0.0,0.0,0.0,0.0,0.001953,-0.0047,0.0,0.000184,0.0,0.000061,0.0,-0.000061,0.0,-0.000184,0.0,0.0,0.0,0.018403,
0.0,4.440036,0.892126,-0.000066,0.0,1.570796,0.0,0.336485,0.022865,0.0,0.0,0.0,-0.103374,-0.024842,-0.008105,0.141602,-0.025868,0.023681,-0.164361,0.032242,0.008691,0.734783,-0.064558,-0.019873,-0.109277,0.174482,0.0,-0.070062,0.0,0.0,0.0,-0.102639,-0.174482,-0.0,-0.004456,0.0,0.0,0.0,0.0,0.0,0.0,0.0,-0.0,0.0,-0.0,0.0,0.0,0.001953,-0.0047,0.0,0.000184,0.0,0.000061,0.0,-0.000061,0.0,-0.000184,0.0,-0.0,0.0,0.017094,
0.0,4.443283,0.892368,-0.000066,0.0,1.570796,0.0,0.324644,0.024146,0.0,0.0,0.0,-0.100001,-0.024842,-0.007995,0.141602,-0.027938,0.023695,-0.179272,0.032444,0.008544,0.74958,-0.065602,-0.019745,-0.11577,0.174482,0.0,-0.074386,0.0,0.0,0.0,-0.098899,-0.174482,-0.0,-0.004456,-0.0,0.0,0.0,-0.0,0.0,0.0,0.0,0.0,0.0,0.0,0.0,-0.0,0.001953,-0.0047,0.0,0.000184,0.0,0.000061,0.0,-0.000061,0.0,-0.000184,0.0,-0.0,0.0,0.015648,
0.0,4.446529,0.892609,-0.000066,0.0,1.570796,0.0,0.324644,0.024153,0.0,0.0,0.0,-0.096627,-0.024842,-0.007885,0.141602,-0.030007,0.02371,-0.194183,0.032645,0.008398,0.764378,-0.066647,-0.019617,-0.122263,0.174482,0.0,-0.078711,0.0,0.0,0.0,-0.095158,-0.174482,0.0,-0.004456,0.0,0.0,0.0,0.0,0.0,0.0,0.0,-0.0,0.0,0.0,-0.0,-0.0,0.001953,-0.0047,0.0,0.000184,0.0,0.000061,0.0,-0.000061,0.0,-0.000184,0.0,0.0,0.0,0.014201,
0.0,4.449677,0.892849,-0.000066,0.0,1.570796,0.0,0.314787,0.024,0.0,0.0,0.0,-0.093316,-0.024842,-0.007813,0.141602,-0.032002,0.023725,-0.207379,0.032735,0.008164,0.775243,-0.06942,-0.019613,-0.128789,0.174482,-0.0,-0.083123,0.0,0.0,0.0,-0.091487,-0.174482,0.0,-0.004456,0.0,0.0,0.0,0.0,0.0,-0.0,0.0,-0.0,0.0,-0.0,0.0,0.0,0.001953,-0.0047,0.0,0.000184,-0.0,0.000061,0.0,-0.000061,0.0,-0.000184,0.0,0.0,0.0,0.012767,
0.0,4.452632,0.893086,-0.000066,0.0,1.570796,0.0,0.295561,0.023709,0.0,0.0,0.0,-0.090127,-0.024842,-0.007813,0.141602,-0.033852,0.023739,-0.217235,0.032607,0.007761,0.77845,-0.075559,-0.019851,-0.135379,0.174482,0.0,-0.087705,0.0,0.0,0.0,-0.08795,-0.174482,0.0,-0.004456,0.0,0.0,0.0,-0.0,0.0,0.0,0.0,0.0,0.0,0.0,0.0,-0.0,0.001953,-0.0047,0.0,0.000184,0.0,0.000061,0.0,-0.000061,0.0,-0.000184,0.0,0.0,0.0,0.011357,
0.0,4.455588,0.893323,-0.000066,0.0,1.570796,0.0,0.295561,0.023709,0.0,0.0,0.0,-0.086937,-0.024842,-0.007813,0.141602,-0.035701,0.023754,-0.227092,0.032478,0.007359,0.781657,-0.081698,-0.020089,-0.141968,0.174482,-0.0,-0.092288,0.0,0.0,0.0,-0.084412,-0.174482,-0.0,-0.004456,0.0,0.0,0.0,-0.0,0.0,-0.0,0.0,0.0,0.0,-0.0,0.0,0.0,0.001953,-0.0047,0.0,0.000184,0.0,0.000061,0.0,-0.000061,0.0,-0.000184,0.0,-0.0,0.0,0.009947,
0.0,4.458535,0.89356,-0.000066,0.0,1.570796,0.0,0.294676,0.023648,0.0,0.0,0.0,-0.083757,-0.024842,-0.007812,0.141602,-0.037542,0.023768,-0.23693,0.032349,0.006955,0.784806,-0.087858,-0.020329,-0.148549,0.174482,0.0,-0.096865,0.0,0.0,0.0,-0.080872,-0.174482,0.0,-0.004456,0.0,0.0,0.0,0.0,0.0,0.0,0.0,0.0,-0.0,0.0,0.0,0.0,0.001953,-0.0047,0.0,0.000184,0.0,0.000061,-0.0,-0.000061,0.0,-0.000184,0.0,-0.0,0.0,0.008543,
0.0,4.460064,0.89369,-0.000066,0.0,1.570796,0.0,0.152923,0.013018,0.0,0.0,0.0,-0.082034,-0.024842,-0.007684,0.141602,-0.037798,0.023783,-0.24374,0.031983,0.006424,0.778477,-0.097595,-0.020795,-0.153821,0.174482,-0.0,-0.100495,-0.0,0.0,0.0,-0.076914,-0.174482,0.0,-0.004456,-0.0,0.0,0.0,0.0,0.0,-0.0,-0.0,-0.0,-0.0,0.0,0.0,-0.0,0.001953,-0.0047,0.0,0.000184,0.0,0.000061,0.0,-0.000061,0.0,-0.000184,0.0,0.0,0.0,0.008177,
0.0,4.461594,0.89382,-0.000066,0.0,1.570796,0.0,0.152923,0.013018,0.0,0.0,0.0,-0.080311,-0.024842,-0.007556,0.141602,-0.038054,0.023798,-0.250549,0.031616,0.005893,0.772149,-0.107332,-0.021262,-0.159093,0.174482,-0.0,-0.104126,-0.0,0.0,0.0,-0.072956,-0.174482,-0.0,-0.004456,0.0,0.0,0.0,0.0,0.0,0.0,0.0,-0.0,0.0,0.0,0.0,0.0,0.001953,-0.0047,0.0,0.000184,0.0,0.000061,0.0,-0.000061,0.0,-0.000184,0.0,0.0,0.0,0.007811,
0.0,4.463123,0.893951,-0.000066,0.0,1.570796,0.0,0.152923,0.013018,0.0,0.0,0.0,-0.078589,-0.024842,-0.007427,0.141602,-0.038311,0.023812,-0.257358,0.03125,0.005362,0.765821,-0.117069,-0.021729,-0.164365,0.174482,-0.0,-0.107756,0.0,0.0,0.0,-0.068998,-0.174482,0.0,-0.004456,-0.0,0.0,0.0,0.0,0.0,-0.0,0.0,0.0,0.0,-0.0,-0.0,0.0,0.001953,-0.0047,0.0,0.000184,0.0,0.000061,0.0,-0.000061,0.0,-0.000184,0.0,-0.0,0.0,0.007444,
0.0,4.464739,0.894003,-0.000066,0.0,1.570796,0.0,0.16159,0.005252,0.0,0.0,0.0,-0.076755,-0.024842,-0.007299,0.141602,-0.038777,0.023827,-0.258158,0.03076,0.004856,0.749132,-0.128294,-0.022196,-0.168884,0.174482,-0.0,-0.110795,0.0,0.0,0.0,-0.065571,-0.174482,0.0,-0.004456,0.0,0.0,0.0,-0.0,0.0,0.0,0.0,0.0,0.0,0.0,0.0,0.0,0.001953,-0.0047,0.0,0.000184,0.0,0.000061,0.0,-0.000061,-0.0,-0.000184,0.0,0.0,0.0,0.007238,
-0.0,4.466397,0.894018,-0.000066,0.0,1.570796,-0.0,0.165863,0.001468,0.0,0.0,0.0,-0.074868,-0.024842,-0.007171,0.141602,-0.039344,0.023842,-0.256034,0.030211,0.004361,0.727399,-0.140245,-0.022663,-0.173038,0.174482,0.0,-0.113546,-0.0,-0.0,-0.0,-0.062401,-0.174482,0.0,-0.004456,0.0,0.0,0.0,0.0,-0.0,-0.0,0.0,-0.0,0.0,0.0,0.0,-0.0,0.001953,-0.0047,0.0,0.000184,0.0,0.000061,0.0,-0.000061,0.0,-0.000184,0.0,0.0,0.0,0.00711,
0.0,4.468056,0.894032,-0.000066,0.0,1.570796,0.0,0.165832,0.001476,0.0,0.0,0.0,-0.07298,-0.024842,-0.007043,0.141602,-0.039912,0.023856,-0.253911,0.029662,0.003867,0.705668,-0.152196,-0.02313,-0.177192,0.174482,0.0,-0.116297,-0.0,0.0,0.0,-0.059232,-0.174482,0.0,-0.004456,0.0,0.0,0.0,0.0,0.0,0.0,-0.0,0.0,0.0,0.0,0.0,0.0,0.001953,-0.0047,0.0,0.000184,0.0,0.000061,0.0,-0.000061,0.0,-0.000184,0.0,-0.0,0.0,0.006982,
0.0,4.469735,0.894014,-0.000066,0.0,1.570796,0.0,0.167908,-0.001835,0.0,0.0,0.0,-0.071043,-0.024842,-0.006915,0.141583,-0.040722,0.023878,-0.250642,0.029143,0.003441,0.682159,-0.162903,-0.023538,-0.180985,0.174482,0.0,-0.118762,0.0,0.0,0.0,-0.056442,-0.174482,0.0,-0.004456,0.0,0.0,0.0,-0.0,0.0,0.0,0.0,0.0,0.0,-0.0,0.0,-0.0,0.001953,-0.0047,0.0,0.000184,0.0,0.000061,0.0,-0.000061,0.0,-0.000184,0.0,0.0,0.0,0.006835,
0.0,4.471454,0.893932,-0.000066,0.0,1.570796,0.0,0.171906,-0.008244,0.0,0.0,0.0,-0.06901,-0.024842,-0.006787,0.141528,-0.042005,0.023915,-0.245145,0.028686,0.003148,0.655178,-0.171192,-0.023831,-0.184074,0.174482,0.0,-0.12067,0.0,0.0,0.0,-0.05439,-0.174482,0.0,-0.004456,-0.0,0.0,0.0,-0.0,0.0,0.0,0.0,0.0,0.0,-0.0,0.0,0.0,0.001953,-0.0047,0.0,0.000184,0.0,0.000061,0.0,-0.000061,0.0,-0.000184,0.0,0.0,0.0,0.006652,
0.0,4.473173,0.893849,-0.000066,0.0,1.570796,-0.0,0.171937,-0.008251,0.0,0.0,0.0,-0.066976,-0.024842,-0.006658,0.141473,-0.043287,0.023952,-0.239647,0.028228,0.002855,0.628193,-0.179483,-0.024124,-0.187164,0.174482,0.0,-0.122578,-0.0,0.0,-0.0,-0.052338,-0.174482,-0.0,-0.004456,0.0,0.0,0.0,0.0,0.0,-0.0,0.0,0.0,0.0,-0.0,0.0,-0.0,0.001953,-0.0047,0.0,0.000184,0.0,0.000061,0.0,-0.000061,0.0,-0.000184,0.0,0.0,0.0,0.006469,
0.0,4.474892,0.893767,-0.000066,0.0,1.570796,0.0,0.171906,-0.008251,0.0,0.0,0.0,-0.064941,-0.024842,-0.006531,0.141419,-0.044572,0.023988,-0.234136,0.027771,0.002563,0.601196,-0.187736,-0.024416,-0.190246,0.174482,0.0,-0.12448,0.0,0.0,0.0,-0.050297,-0.174482,-0.0,-0.004456,0.0,0.0,0.0,-0.0,0.0,-0.0,0.0,-0.0,0.0,0.0,0.0,0.0,0.001953,-0.0047,0.0,0.000184,0.0,0.000061,0.0,-0.000061,0.0,-0.000184,0.0,0.0,0.0,0.006281,
0.0,4.476604,0.89368,-0.000066,0.0,1.570796,-0.0,0.171174,-0.008633,0.0,0.0,0.0,-0.062798,-0.024842,-0.006457,0.141419,-0.046432,0.024025,-0.226435,0.027459,0.00249,0.57113,-0.190293,-0.024526,-0.192141,0.174482,0.0,-0.125471,-0.0,0.0,0.0,-0.049784,-0.174482,0.0,-0.004456,-0.0,0.0,0.0,0.0,0.0,-0.0,-0.0,0.0,0.0,-0.0,0.0,0.0,0.001953,-0.0047,0.0,0.000184,0.0,0.000061,-0.0,-0.000061,0.0,-0.000184,0.0,0.0,0.0,0.005384,
0.0,4.478316,0.893594,-0.000066,0.0,1.570796,0.0,0.171174,-0.008633,0.0,0.0,0.0,-0.060654,-0.024842,-0.006384,0.141419,-0.048291,0.024062,-0.218733,0.027148,0.002417,0.541054,-0.19285,-0.024636,-0.194036,0.174482,0.0,-0.126462,-0.0,0.0,0.0,-0.049271,-0.174482,-0.0,-0.004456,0.0,0.0,0.0,0.0,0.0,-0.0,0.0,-0.0,0.0,0.0,0.0,0.0,0.001953,-0.0047,0.0,0.000184,0.0,0.000061,0.0,-0.000061,0.0,-0.000184,0.0,-0.0,0.0,0.004487,
0.0,4.480027,0.893508,-0.000066,0.0,1.570796,0.0,0.171174,-0.008633,0.0,0.0,0.0,-0.058511,-0.024842,-0.006311,0.141419,-0.05015,0.024098,-0.211032,0.026837,0.002343,0.510982,-0.195408,-0.024746,-0.195931,0.174482,0.0,-0.127452,0.0,0.0,0.0,-0.048758,-0.174482,-0.0,-0.004456,0.0,0.0,0.0,0.0,0.0,-0.0,0.0,-0.0,0.0,-0.0,0.0,0.0,0.001953,-0.0047,0.0,0.000184,0.0,0.000061,0.0,-0.000061,0.0,-0.000184,0.0,0.0,0.0,0.003589,
0.0,4.481688,0.893414,-0.000066,0.0,1.570796,0.0,0.166077,-0.009343,0.0,0.0,0.0,-0.056405,-0.024842,-0.006201,0.141419,-0.052009,0.02411,-0.202236,0.026575,0.002369,0.480019,-0.194683,-0.024763,-0.196823,0.174482,0.0,-0.127739,0.0,0.0,0.0,-0.048972,-0.174482,0.0,-0.004456,-0.0,0.0,0.0,-0.0,0.0,0.0,0.0,-0.0,0.0,0.0,0.0,0.0,0.001953,-0.0047,0.0,0.000184,0.0,0.000061,0.0,-0.000061,0.0,-0.000184,0.0,-0.0,0.0,0.00284,
0.0,4.483324,0.893317,-0.000066,0.0,1.570796,0.0,0.163575,-0.009686,0.0,0.0,0.0,-0.054316,-0.024842,-0.006072,0.141419,-0.053869,0.02411,-0.192909,0.026337,0.002442,0.448607,-0.192366,-0.024736,-0.197228,0.174482,0.0,-0.127684,0.0,0.0,0.0,-0.04954,-0.174482,0.0,-0.004456,0.0,0.0,0.0,0.0,0.0,0.0,0.0,0.0,0.0,0.0,0.0,-0.0,0.001953,-0.0047,0.0,0.000184,0.0,0.000061,0.0,-0.000061,0.0,-0.000184,0.0,0.0,0.0,0.002162,
0.0,4.48496,0.89322,-0.000066,0.0,1.570796,0.0,0.163605,-0.009694,0.0,0.0,0.0,-0.052228,-0.024842,-0.005944,0.141419,-0.055728,0.02411,-0.183581,0.026099,0.002515,0.417195,-0.190048,-0.024708,-0.197632,0.174482,0.0,-0.127629,0.0,0.0,0.0,-0.050108,-0.174482,0.0,-0.004456,0.0,0.0,0.0,-0.0,0.0,0.0,0.0,-0.0,0.0,-0.0,0.0,-0.0,0.001953,-0.0047,0.0,0.000184,0.0,0.000061,0.0,-0.000061,0.0,-0.000184,0.0,0.0,0.0,0.001485,
-0.0,4.486547,0.893132,-0.000066,0.0,1.570796,-0.0,0.158692,-0.008809,0.0,0.0,0.0,-0.050208,-0.024842,-0.00586,0.141419,-0.057472,0.02411,-0.173952,0.02591,0.002744,0.386106,-0.182413,-0.024681,-0.197512,0.174482,0.0,-0.127225,0.0,0.0,0.0,-0.050937,-0.174482,-0.0,-0.004456,0.0,0.0,0.0,-0.0,0.0,-0.0,0.0,0.0,0.0,0.0,0.0,0.0,0.001953,-0.0047,0.0,0.000184,0.0,0.000061,0.0,-0.000061,0.0,-0.000184,0.0,-0.0,0.0,0.001038,
0.0,4.488039,0.893061,-0.000066,0.0,1.570796,0.0,0.14917,-0.007108,0.0,0.0,0.0,-0.048322,-0.024842,-0.00586,0.141419,-0.058992,0.02411,-0.163738,0.025819,0.003275,0.355617,-0.164447,-0.024653,-0.196371,0.174482,-0.0,-0.126143,0.0,0.0,0.0,-0.052275,-0.174482,-0.0,-0.004456,0.0,0.0,0.0,-0.0,0.0,0.0,-0.0,0.0,-0.0,0.0,-0.0,0.0,0.001953,-0.0047,0.0,0.000184,0.0,0.000061,0.0,-0.000061,0.0,-0.000184,0.0,-0.0,0.0,0.001038,
0.0,4.48953,0.89299,-0.000066,0.0,1.570796,-0.0,0.14917,-0.007108,0.0,0.0,0.0,-0.046435,-0.024842,-0.00586,0.141419,-0.060513,0.02411,-0.153524,0.025727,0.003806,0.325124,-0.14648,-0.024626,-0.19523,0.174482,0.0,-0.12506,0.0,0.0,0.0,-0.053612,-0.174482,0.0,-0.004456,0.0,0.0,0.0,0.0,0.0,-0.0,0.0,0.0,0.0,-0.0,0.0,-0.0,0.001953,-0.0047,0.0,0.000184,0.0,0.000061,0.0,-0.000061,0.0,-0.000184,0.0,-0.0,0.0,0.001038,
0.0,4.49102,0.89292,-0.000066,0.0,1.570796,0.0,0.149018,-0.006994,0.0,0.0,0.0,-0.04455,-0.024842,-0.00586,0.141419,-0.062031,0.02411,-0.143288,0.025636,0.00434,0.294619,-0.128426,-0.024597,-0.194078,0.174482,-0.0,-0.123971,0.0,0.0,0.0,-0.05495,-0.174482,-0.0,-0.004456,0.0,0.0,0.0,-0.0,0.0,-0.0,0.0,0.0,0.0,0.0,0.0,-0.0,0.001953,-0.0047,0.0,0.000184,0.0,0.000061,0.0,-0.000061,0.0,-0.000184,0.0,-0.0,0.0,0.001032,
0.0,4.4923,0.893026,-0.000066,0.0,1.570796,0.0,0.127929,0.010606,0.0,0.0,0.0,-0.042975,-0.024842,-0.005989,0.141419,-0.063222,0.02411,-0.12962,0.025581,0.005366,0.260923,-0.096705,-0.024377,-0.191153,0.174482,0.0,-0.121935,0.0,0.0,0.0,-0.056415,-0.174482,0.0,-0.004456,-0.0,0.0,0.0,0.0,0.0,0.0,0.0,0.0,0.0,-0.0,0.0,-0.0,0.001953,-0.0047,0.0,0.000184,0.0,0.000061,0.0,-0.000061,0.0,-0.000184,0.0,0.0,0.0,0.000227,
0.0,4.493579,0.893132,-0.000066,0.0,1.570796,0.0,0.127929,0.010613,0.0,0.0,0.0,-0.0414,-0.024842,-0.006117,0.141419,-0.064413,0.02411,-0.115953,0.025526,0.006391,0.227216,-0.064975,-0.024158,-0.188229,0.174482,0.0,-0.119899,-0.0,0.0,0.0,-0.057881,-0.174482,0.0,-0.004456,0.0,0.0,0.0,0.0,0.0,0.0,0.0,0.0,0.0,0.0,0.0,0.0,0.001953,-0.0047,0.0,0.000184,0.0,0.000061,0.0,-0.000061,0.0,-0.000184,0.0,0.0,0.0,-0.000579,
0.0,4.494858,0.893238,-0.000066,0.0,1.570796,-0.0,0.127898,0.010606,0.0,0.0,0.0,-0.039825,-0.024842,-0.006245,0.141419,-0.065604,0.02411,-0.102286,0.025471,0.007417,0.193516,-0.033251,-0.023938,-0.185304,0.174482,0.0,-0.117863,0.0,0.0,0.0,-0.059346,-0.174482,0.0,-0.004456,0.0,0.0,0.0,0.0,0.0,-0.0,0.0,-0.0,0.0,-0.0,0.0,-0.0,0.001953,-0.0047,0.0,0.000184,-0.0,0.000061,0.0,-0.000061,0.0,-0.000184,0.0,-0.0,0.0,-0.001385,
0.0,4.495948,0.893367,-0.000066,0.0,1.570796,0.0,0.109008,0.012893,0.0,0.0,0.0,-0.03846,-0.024842,-0.006369,0.141419,-0.066548,0.02411,-0.092946,0.025453,0.008023,0.173877,-0.018266,-0.023866,-0.181824,0.174482,-0.0,-0.115827,0.0,0.0,0.0,-0.061096,-0.174482,0.0,-0.004456,0.0,0.0,0.0,-0.0,0.0,0.0,0.0,0.0,0.0,0.0,0.0,-0.0,0.001953,-0.0047,0.0,0.000184,0.0,0.000061,0.0,-0.000061,0.0,-0.000184,0.0,-0.0,0.0,-0.001969,
0.0,4.496947,0.893507,-0.000066,0.0,1.570796,0.0,0.099853,0.013999,0.0,0.0,0.0,-0.037196,-0.024842,-0.006491,0.141419,-0.067373,0.02411,-0.085706,0.025453,0.008426,0.161053,-0.011399,-0.023866,-0.178073,0.174482,0.0,-0.113791,-0.0,0.0,-0.0,-0.062983,-0.174482,0.0,-0.004456,0.0,0.0,0.0,0.0,0.0,0.0,0.0,0.0,0.0,0.0,0.0,-0.0,0.001953,-0.0047,0.0,0.000184,0.0,0.000061,0.0,-0.000061,0.0,-0.000184,0.0,-0.0,0.0,-0.002445,
0.0,4.497945,0.893647,-0.000066,0.0,1.570796,0.0,0.099822,0.013999,0.0,0.0,0.0,-0.035932,-0.024842,-0.006613,0.141419,-0.068197,0.02411,-0.078466,0.025453,0.008829,0.148229,-0.004532,-0.023866,-0.174323,0.174482,-0.0,-0.111755,-0.0,0.0,0.0,-0.06487,-0.174482,0.0,-0.004456,0.0,0.0,0.0,0.0,0.0,0.0,0.0,0.0,0.0,0.0,0.0,0.0,0.001953,-0.0047,0.0,0.000184,0.0,0.000061,0.0,-0.000061,0.0,-0.000184,0.0,0.0,0.0,-0.002921,
0.0,4.498825,0.893783,-0.000066,0.0,1.570796,0.0,0.087951,0.013556,0.0,0.0,0.0,-0.034787,-0.024842,-0.006735,0.141437,-0.068984,0.02411,-0.073352,0.025453,0.009163,0.139791,-0.000784,-0.023866,-0.170373,0.174482,0.0,-0.109706,0.0,0.0,0.0,-0.06685,-0.174482,0.0,-0.004169,0.0,0.0,0.0,-0.0,0.0,0.0,0.0,-0.0,0.0,-0.0,0.0,-0.0,0.001953,-0.0047,0.0,0.000184,0.0,0.000061,0.0,-0.000061,0.0,-0.000184,0.0,-0.0,0.0,-0.003347,
0.0,4.499474,0.89391,-0.000066,0.0,1.570796,-0.0,0.06491,0.012692,0.0,0.0,0.0,-0.033871,-0.024842,-0.006857,0.141492,-0.069699,0.02411,-0.072362,0.025453,0.009364,0.139865,-0.003092,-0.023866,-0.166037,0.174482,-0.0,-0.107634,-0.0,0.0,0.0,-0.069012,-0.174482,0.0,-0.003327,-0.0,0.0,0.0,0.0,0.0,-0.0,0.0,-0.0,0.0,-0.0,0.0,-0.0,0.001953,-0.0047,0.0,0.000184,0.0,0.000061,0.0,-0.000061,0.0,-0.000184,0.0,-0.0,0.0,-0.003677,
0.0,4.500123,0.894037,-0.000066,0.0,1.570796,0.0,0.06491,0.012692,0.0,0.0,0.0,-0.032955,-0.024842,-0.006979,0.141547,-0.070413,0.02411,-0.071373,0.025453,0.009566,0.139938,-0.005399,-0.023866,-0.161701,0.174482,0.0,-0.105562,0.0,0.0,0.0,-0.071174,-0.174482,0.0,-0.002485,0.0,0.0,0.0,0.0,0.0,0.0,0.0,-0.0,0.0,0.0,0.0,0.0,0.001953,-0.0047,0.0,0.000184,-0.0,0.000061,0.0,-0.000061,0.0,-0.000184,0.0,-0.0,0.0,-0.004006,
0.0,4.500769,0.894163,-0.000066,0.0,1.570796,0.0,0.064635,0.012646,0.0,0.0,0.0,-0.032043,-0.024842,-0.007101,0.141602,-0.071126,0.02411,-0.070387,0.025453,0.009766,0.140011,-0.007709,-0.023866,-0.157361,0.174482,0.0,-0.103486,0.0,0.0,0.0,-0.073337,-0.174482,0.0,-0.001661,0.0,0.0,0.0,0.0,0.0,-0.0,0.0,-0.0,0.0,0.0,0.0,-0.0,0.001953,-0.0047,0.0,0.000184,0.0,0.000061,0.0,-0.000061,0.0,-0.000184,0.0,0.0,0.0,-0.004331,
0.0,4.501,0.894221,-0.000066,0.0,1.570796,0.0,0.023162,0.005746,0.0,0.0,0.0,-0.031603,-0.024842,-0.007224,0.141602,-0.071547,0.02411,-0.069948,0.025453,0.00984,0.140011,-0.010382,-0.023866,-0.15255,0.174482,0.0,-0.100864,0.0,0.0,0.0,-0.075573,-0.174482,0.0,-0.003602,0.0,0.0,0.0,-0.0,0.0,0.0,0.0,-0.0,0.0,-0.0,0.0,0.0,0.001953,-0.0047,0.0,0.000184,0.0,0.000061,0.0,-0.000061,0.0,-0.000184,0.0,0.0,0.0,-0.004002,
0.0,4.501232,0.894278,-0.000066,0.0,1.570796,0.0,0.023162,0.005746,0.0,0.0,0.0,-0.031164,-0.024842,-0.007346,0.141602,-0.071969,0.02411,-0.069508,0.025453,0.009913,0.140011,-0.013056,-0.023866,-0.147739,0.174482,0.0,-0.098243,-0.0,0.0,0.0,-0.077808,-0.174482,0.0,-0.005543,0.0,0.0,0.0,0.0,0.0,-0.0,0.0,-0.0,0.0,-0.0,0.0,-0.0,0.001953,-0.0047,0.0,0.000184,-0.0,0.000061,0.0,-0.000061,0.0,-0.000184,0.0,0.0,0.0,-0.003672,
0.0,4.501463,0.894336,-0.000066,0.0,1.570796,0.0,0.023132,0.005739,0.0,0.0,0.0,-0.030724,-0.024842,-0.007468,0.141602,-0.07239,0.02411,-0.069068,0.025453,0.009986,0.140011,-0.015729,-0.023866,-0.142928,0.174482,0.0,-0.095621,0.0,0.0,0.0,-0.080044,-0.174482,0.0,-0.007484,0.0,0.0,0.0,0.0,0.0,-0.0,0.0,-0.0,-0.0,-0.0,0.0,-0.0,0.001953,-0.0047,0.0,0.000184,0.0,0.000061,0.0,-0.000061,0.0,-0.000184,0.0,0.0,0.0,-0.003343,
0.0,4.501539,0.894342,-0.000066,0.0,1.570796,-0.0,0.007568,0.000657,0.0,0.0,0.0,-0.030581,-0.024842,-0.007508,0.141602,-0.072404,0.02411,-0.06885,0.025428,0.010059,0.140011,-0.017285,-0.023866,-0.138008,0.174482,0.0,-0.092567,-0.0,0.0,0.0,-0.082502,-0.174482,0.0,-0.008759,0.0,0.0,0.0,0.0,0.0,0.0,0.0,-0.0,0.0,-0.0,0.0,-0.0,0.001953,-0.0047,0.0,0.000184,-0.0,0.000061,0.0,-0.000061,0.0,-0.000184,0.0,0.0,0.0,-0.003099,
0.0,4.501539,0.894324,-0.000066,0.0,1.570796,0.0,0.0,-0.001816,0.0,0.0,0.0,-0.030581,-0.024842,-0.007508,0.141602,-0.072221,0.02411,-0.06874,0.025392,0.010133,0.140011,-0.018298,-0.023866,-0.133034,0.174482,-0.0,-0.089305,0.0,0.0,0.0,-0.085068,-0.174482,0.0,-0.009711,0.0,0.0,0.0,-0.0,0.0,0.0,0.0,0.0,0.0,0.0,0.0,0.0,0.001953,-0.0047,0.0,0.000184,0.0,0.000061,0.0,-0.000061,0.0,-0.000184,0.0,0.0,0.0,-0.002898,
0.0,4.501539,0.894306,-0.000066,0.0,1.570796,-0.0,0.0,-0.001808,0.0,0.0,0.0,-0.030581,-0.024842,-0.007508,0.141602,-0.072038,0.02411,-0.068631,0.025355,0.010206,0.140011,-0.019311,-0.023866,-0.128061,0.174482,-0.0,-0.086042,0.0,0.0,0.0,-0.087634,-0.174482,0.0,-0.010664,0.0,0.0,0.0,-0.0,0.0,-0.0,0.0,-0.0,0.0,0.0,0.0,-0.0,0.001953,-0.0047,0.0,0.000184,0.0,0.000061,0.0,-0.000061,0.0,-0.000184,0.0,0.0,0.0,-0.002696,
-0.0,4.501539,0.894266,-0.000066,0.0,1.570796,-0.0,0.0,-0.004013,0.0,0.0,0.0,-0.030581,-0.024842,-0.007483,0.141602,-0.071917,0.02411,-0.068511,0.025331,0.010254,0.140036,-0.020325,-0.023866,-0.123094,0.174482,-0.0,-0.082686,0.0,0.0,0.0,-0.090219,-0.174482,0.0,-0.011398,0.0,0.0,0.0,0.0,0.0,-0.0,0.0,-0.0,0.0,0.0,0.0,-0.0,0.001953,-0.0047,0.0,0.000184,0.0,0.000061,0.0,-0.000061,0.0,-0.000184,0.0,-0.0,0.0,-0.002532,
0.0,4.501539,0.894183,-0.000066,0.0,1.570796,0.0,0.000001,-0.008263,0.0,0.0,0.0,-0.030581,-0.024842,-0.007409,0.141602,-0.071917,0.02411,-0.068374,0.025331,0.010254,0.14011,-0.021338,-0.023866,-0.118142,0.174482,0.0,-0.079149,-0.0,0.0,0.0,-0.09284,-0.174482,0.0,-0.011709,0.0,0.0,0.0,0.0,0.0,0.0,0.0,-0.0,0.0,-0.0,0.0,-0.0,0.001953,-0.0047,0.0,0.000184,0.0,0.000061,0.0,-0.000061,0.0,-0.000184,0.0,-0.0,0.0,-0.002441,
-0.0,4.501539,0.8941,-0.000066,0.0,1.570796,-0.0,0.000001,-0.00827,0.0,0.0,0.0,-0.030581,-0.024842,-0.007336,0.141602,-0.071917,0.02411,-0.068236,0.025331,0.010254,0.140183,-0.022351,-0.023866,-0.113189,0.174482,0.0,-0.075612,-0.0,0.0,0.0,-0.095462,-0.174482,0.0,-0.01202,0.0,0.0,0.0,0.0,0.0,-0.0,0.0,-0.0,-0.0,-0.0,0.0,-0.0,0.001953,-0.0047,0.0,0.000184,0.0,0.000061,0.0,-0.000061,0.0,-0.000184,0.0,-0.0,0.0,-0.002349,
0.0,4.501539,0.894018,-0.000066,0.0,1.570796,0.0,0.000001,-0.00827,0.0,0.0,0.0,-0.030581,-0.024842,-0.007263,0.141602,-0.071919,0.02411,-0.068099,0.025331,0.010255,0.140256,-0.023364,-0.023866,-0.108243,0.174482,0.0,-0.072081,0.0,0.0,0.0,-0.09808,-0.174482,0.0,-0.012339,0.0,0.0,0.0,0.0,0.0,-0.0,0.0,-0.0,0.0,-0.0,-0.0,-0.0,0.001953,-0.0047,0.0,0.000184,0.0,0.000061,0.0,-0.000061,0.0,-0.000184,0.0,0.0,0.0,-0.002253,
0.0,4.501539,0.893928,-0.000066,0.0,1.570796,-0.0,0.000001,-0.009003,0.0,0.0,0.0,-0.030581,-0.024842,-0.00719,0.141602,-0.072148,0.02411,-0.067962,0.025331,0.010402,0.140256,-0.024378,-0.023866,-0.104136,0.174482,0.0,-0.069259,0.0,0.0,0.0,-0.10028,-0.174482,0.0,-0.013639,0.0,0.0,0.0,-0.0,0.0,-0.0,0.0,-0.0,0.0,-0.0,0.0,0.0,0.001953,-0.0047,0.0,0.000184,0.0,0.000061,0.0,-0.000061,0.0,-0.000184,0.0,0.0,0.0,-0.001484,
0.0,4.501539,0.893838,-0.000066,0.0,1.570796,0.0,0.000001,-0.008995,0.0,0.0,0.0,-0.030581,-0.024842,-0.007116,0.141602,-0.072377,0.02411,-0.067824,0.025331,0.010548,0.140256,-0.025391,-0.023866,-0.100029,0.174482,0.0,-0.066437,0.0,0.0,0.0,-0.102481,-0.174482,0.0,-0.014939,0.0,0.0,0.0,0.0,0.0,0.0,0.0,0.0,0.0,0.0,0.0,0.0,0.001953,-0.0047,0.0,0.000184,0.0,0.000061,0.0,-0.000061,0.0,-0.000184,0.0,0.0,0.0,-0.000715,
0.0,4.501539,0.893748,-0.000066,0.0,1.570796,0.0,0.000001,-0.008995,0.0,0.0,0.0,-0.030581,-0.024842,-0.007043,0.141602,-0.072606,0.02411,-0.067687,0.025331,0.010695,0.140256,-0.026404,-0.023866,-0.095922,0.174482,0.0,-0.063616,0.0,0.0,0.0,-0.104681,-0.174482,0.0,-0.016239,-0.0,0.0,0.0,0.0,0.0,-0.0,0.0,-0.0,0.0,-0.0,0.0,-0.0,0.001953,-0.0047,0.0,0.000184,0.0,0.000061,0.0,-0.000061,-0.0,-0.000184,0.0,0.0,0.0,0.000054,
0.0,4.501539,0.893658,-0.000066,0.0,1.570796,0.0,0.000001,-0.009003,0.0,0.0,0.0,-0.030581,-0.024842,-0.00697,0.141602,-0.072835,0.02411,-0.067518,0.025331,0.010743,0.140256,-0.027451,-0.023866,-0.09226,0.174482,-0.0,-0.061128,0.0,0.0,0.0,-0.106696,-0.174482,-0.0,-0.017502,0.0,0.0,0.0,0.0,0.0,-0.0,0.0,0.0,0.0,-0.0,0.0,0.0,0.001953,-0.0047,0.0,0.000184,0.0,0.000061,0.0,-0.000061,0.0,-0.000184,0.0,-0.0,0.0,0.000885,
0.0,4.501539,0.893568,-0.000066,0.0,1.570796,0.0,0.000001,-0.008995,0.0,0.0,0.0,-0.030581,-0.024842,-0.006897,0.141602,-0.073064,0.02411,-0.067335,0.025331,0.010743,0.140256,-0.028513,-0.023866,-0.088814,0.174482,-0.0,-0.058801,0.0,0.0,0.0,-0.108622,-0.174482,0.0,-0.018748,0.0,0.0,0.0,-0.0,0.0,0.0,0.0,-0.0,0.0,0.0,0.0,-0.0,0.001953,-0.0047,0.0,0.000184,0.0,0.000061,0.0,-0.000061,0.0,-0.000184,0.0,0.0,0.0,0.001746,
0.0,4.501539,0.893478,-0.000066,0.0,1.570796,0.0,0.000001,-0.008995,0.0,0.0,0.0,-0.030581,-0.024842,-0.006823,0.141602,-0.073293,0.02411,-0.067152,0.025331,0.010743,0.140256,-0.029575,-0.023866,-0.085368,0.174482,0.0,-0.056475,0.0,0.0,0.0,-0.110547,-0.174482,-0.0,-0.019993,0.0,0.0,0.0,-0.0,0.0,0.0,0.0,-0.0,0.0,-0.0,0.0,0.0,0.001953,-0.0047,0.0,0.000184,0.0,0.000061,0.0,-0.000061,0.0,-0.000184,0.0,-0.0,0.0,0.002606,
0.0,4.501539,0.893388,-0.000066,0.0,1.570796,-0.0,0.000001,-0.009003,0.0,0.0,0.0,-0.030581,-0.024842,-0.006764,0.141602,-0.073594,0.02411,-0.066969,0.025331,0.010743,0.140256,-0.030587,-0.023866,-0.082128,0.174482,0.0,-0.054292,0.0,0.0,0.0,-0.112329,-0.174482,-0.0,-0.021113,0.0,0.0,0.0,-0.0,0.0,-0.0,0.0,-0.0,0.0,-0.0,0.0,-0.0,0.001953,-0.0047,0.0,0.000184,0.0,0.000061,0.0,-0.000061,0.0,-0.000184,0.0,0.0,0.0,0.00338,
0.0,4.501539,0.893298,-0.000066,0.0,1.570796,0.0,0.000001,-0.008995,0.0,0.0,0.0,-0.030581,-0.024842,-0.00673,0.141602,-0.074034,0.02411,-0.066786,0.025331,0.010743,0.140256,-0.031503,-0.023866,-0.079288,0.174482,0.0,-0.052387,0.0,0.0,0.0,-0.113833,-0.174482,-0.0,-0.021992,-0.0,0.0,-0.0,-0.0,0.0,-0.0,0.0,0.0,0.0,0.0,0.0,0.0,0.001953,-0.0047,0.0,0.000184,0.0,0.000061,0.0,-0.000061,0.0,-0.000184,0.0,0.0,0.0,0.003984,
0.0,4.501539,0.893208,-0.000066,0.0,1.570796,0.0,0.000001,-0.008995,0.0,0.0,0.0,-0.030581,-0.024842,-0.006696,0.141602,-0.074473,0.02411,-0.066602,0.025331,0.010743,0.140256,-0.032419,-0.023866,-0.076447,0.174482,-0.0,-0.050481,0.0,0.0,0.0,-0.115337,-0.174482,0.0,-0.022871,0.0,0.0,0.0,0.0,0.0,0.0,0.0,0.0,0.0,0.0,0.0,0.0,0.001953,-0.0047,0.0,0.000184,0.0,0.000061,0.0,-0.000061,0.0,-0.000184,0.0,0.0,0.0,0.004588,
0.0,4.501539,0.893118,-0.000066,0.0,1.570796,0.0,0.000001,-0.00898,0.0,0.0,0.0,-0.030581,-0.024842,-0.006662,0.141602,-0.074914,0.02411,-0.06642,0.025331,0.010743,0.140256,-0.033333,-0.023866,-0.07361,0.174482,0.0,-0.048578,0.0,0.0,0.0,-0.116833,-0.174482,0.0,-0.023746,0.0,0.0,0.0,0.0,0.0,0.0,0.0,-0.0,0.0,-0.0,0.0,-0.0,0.001953,-0.0047,0.0,0.000184,0.0,0.000061,-0.0,-0.000061,0.0,-0.000184,0.0,0.0,0.0,0.005187,
0.0,4.501539,0.893054,-0.000066,0.0,1.570796,0.0,0.0,-0.006416,0.0,0.0,0.0,-0.030581,-0.024842,-0.006628,0.141602,-0.075427,0.02411,-0.066291,0.025331,0.010743,0.140256,-0.03401,-0.023866,-0.071284,0.174482,0.0,-0.046948,0.0,0.0,0.0,-0.117181,-0.174482,0.0,-0.023965,0.0,0.0,0.0,0.0,0.0,0.0,0.0,0.0,0.0,-0.0,0.0,0.0,0.001953,-0.0047,0.0,0.000184,0.0,0.000061,0.0,-0.000061,0.0,-0.000184,0.0,0.0,0.0,0.005077,
0.0,4.501539,0.89299,-0.000066,0.0,1.570796,0.0,0.0,-0.006416,0.0,0.0,0.0,-0.030581,-0.024842,-0.006594,0.141602,-0.07594,0.02411,-0.066163,0.025331,0.010743,0.140256,-0.034688,-0.023866,-0.068957,0.174482,0.0,-0.045318,-0.0,0.0,0.0,-0.11753,-0.174482,0.0,-0.024185,0.0,0.0,0.0,0.0,0.0,-0.0,0.0,-0.0,-0.0,-0.0,0.0,-0.0,0.001953,-0.0047,0.0,0.000184,0.0,0.000061,0.0,-0.000061,0.0,-0.000184,0.0,-0.0,0.0,0.004968,
0.0,4.501539,0.892926,-0.000066,0.0,1.570796,0.0,0.0,-0.006416,0.0,0.0,0.0,-0.030581,-0.024842,-0.006559,0.141602,-0.076453,0.02411,-0.066035,0.025331,0.010743,0.140256,-0.035366,-0.023866,-0.066629,0.174482,0.0,-0.043688,0.0,0.0,0.0,-0.117878,-0.174482,0.0,-0.024405,-0.0,0.0,0.0,-0.0,0.0,0.0,0.0,0.0,0.0,-0.0,0.0,-0.0,0.001953,-0.0047,0.0,0.000184,0.0,0.000061,0.0,-0.000061,0.0,-0.000184,0.0,0.0,0.0,0.004858,
0.0,4.501539,0.892877,-0.000066,0.0,1.570796,0.0,0.0,-0.004898,0.0,0.0,0.0,-0.030507,-0.024842,-0.006525,0.141602,-0.076843,0.02411,-0.065993,0.025331,0.010792,0.140293,-0.035846,-0.023891,-0.064846,0.174482,-0.0,-0.042441,0.0,0.0,0.0,-0.117732,-0.174482,0.0,-0.024415,0.0,0.0,0.0,0.0,0.0,-0.0,0.0,0.0,0.0,-0.0,0.0,0.0,0.001953,-0.0047,0.0,0.000184,0.0,0.000061,0.0,-0.000061,0.0,-0.000184,0.0,0.0,0.0,0.004785,
0.0,4.501539,0.892835,-0.000066,0.0,1.570796,-0.0,0.0,-0.004173,0.0,0.0,0.0,-0.030397,-0.024842,-0.006491,0.141602,-0.077172,0.02411,-0.065993,0.025331,0.010865,0.140348,-0.03623,-0.023927,-0.063325,0.174482,0.0,-0.041378,0.0,0.0,0.0,-0.117347,-0.174482,0.0,-0.024323,0.0,0.0,0.0,0.0,0.0,-0.0,0.0,-0.0,0.0,0.0,0.0,0.0,0.001953,-0.0047,0.0,0.000184,0.0,0.000061,0.0,-0.000061,0.0,-0.000184,0.0,0.0,0.0,0.00473,
0.0,4.501539,0.892793,-0.000066,0.0,1.570796,0.0,0.0,-0.004173,0.0,0.0,0.0,-0.030287,-0.024842,-0.006457,0.141602,-0.077502,0.02411,-0.065993,0.025331,0.010938,0.140403,-0.036615,-0.023964,-0.061805,0.174482,0.0,-0.040316,-0.0,0.0,0.0,-0.116962,-0.174482,0.0,-0.024232,0.0,0.0,0.0,0.0,0.0,-0.0,0.0,0.0,0.0,-0.0,0.0,-0.0,0.001953,-0.0047,0.0,0.000184,0.0,0.000061,0.0,-0.000061,0.0,-0.000184,0.0,0.0,0.0,0.004675,
0.0,4.501539,0.892756,-0.000066,0.0,1.570796,0.0,0.0,-0.003716,0.0,0.0,0.0,-0.030171,-0.024842,-0.006423,0.141602,-0.077832,0.02411,-0.066037,0.025331,0.010987,0.140439,-0.036893,-0.024001,-0.060596,0.174482,0.0,-0.039472,0.0,0.0,0.0,-0.116414,-0.174482,0.0,-0.02404,0.0,0.0,0.0,0.0,0.0,0.0,0.0,0.0,0.0,0.0,0.0,0.0,0.001953,-0.0047,0.0,0.000184,0.0,0.000061,-0.0,-0.000061,0.0,-0.000184,0.0,0.0,0.0,0.004676,
0.0,4.501539,0.892728,-0.000066,0.0,1.570796,-0.0,0.0,-0.002846,0.0,0.0,0.0,-0.030043,-0.024842,-0.006389,0.141602,-0.078162,0.02411,-0.066165,0.025331,0.010987,0.140439,-0.036967,-0.024037,-0.059992,0.174482,-0.0,-0.039051,0.0,0.0,0.0,-0.115552,-0.174482,0.0,-0.023656,0.0,0.0,0.0,0.0,0.0,0.0,0.0,-0.0,0.0,-0.0,0.0,0.0,0.001953,-0.0047,0.0,0.000184,0.0,0.000061,0.0,-0.000061,0.0,-0.000184,0.0,-0.0,0.0,0.004786,
0.0,4.501539,0.892699,-0.000066,0.0,1.570796,0.0,0.0,-0.002853,0.0,0.0,0.0,-0.029914,-0.024842,-0.006355,0.141602,-0.078492,0.02411,-0.066293,0.025331,0.010987,0.140439,-0.03704,-0.024074,-0.059387,0.174482,0.0,-0.03863,0.0,0.0,0.0,-0.11469,-0.174482,-0.0,-0.023271,0.0,0.0,0.0,-0.0,0.0,-0.0,0.0,0.0,0.0,0.0,0.0,0.0,0.001953,-0.0047,0.0,0.000184,0.0,0.000061,0.0,-0.000061,0.0,-0.000184,0.0,-0.0,0.0,0.004896,
0.0,4.501539,0.892671,-0.000066,0.0,1.570796,0.0,0.0,-0.002861,0.0,0.0,0.0,-0.029786,-0.024842,-0.006321,0.141602,-0.078821,0.02411,-0.066421,0.025331,0.010987,0.140439,-0.037112,-0.02411,-0.05879,0.174482,0.0,-0.038213,0.0,0.0,0.0,-0.11383,-0.174482,0.0,-0.022883,0.0,0.0,0.0,0.0,0.0,-0.0,0.0,0.0,0.0,-0.0,0.0,-0.0,0.001953,-0.0047,0.0,0.000184,0.0,0.000061,0.0,-0.000061,0.0,-0.000184,0.0,0.0,0.0,0.005005,
0.0,4.501539,0.892617,-0.000066,0.0,1.570796,0.0,0.0,-0.005318,0.0,0.0,0.0,-0.029621,-0.024842,-0.006287,0.141602,-0.079032,0.02411,-0.066531,0.025331,0.010987,0.140439,-0.03702,-0.02411,-0.059193,0.174482,0.0,-0.038451,-0.0,0.0,0.0,-0.113243,-0.174482,0.0,-0.022004,0.0,0.0,0.0,-0.0,0.0,0.0,0.0,0.0,0.0,-0.0,0.0,-0.0,0.001953,-0.0047,0.0,0.000184,-0.0,0.000061,-0.0,-0.000061,0.0,-0.000184,0.0,0.0,0.0,0.005005,
0.0,4.501539,0.892564,-0.000066,0.0,1.570796,-0.0,0.0,-0.005325,0.0,0.0,0.0,-0.029456,-0.024842,-0.006253,0.141602,-0.079242,0.02411,-0.066641,0.025331,0.010987,0.140439,-0.036929,-0.02411,-0.059596,0.174482,0.0,-0.038689,-0.0,0.0,0.0,-0.112656,-0.174482,0.0,-0.021125,0.0,0.0,0.0,0.0,0.0,0.0,-0.0,0.0,0.0,-0.0,0.0,-0.0,0.001953,-0.0047,0.0,0.000184,0.0,0.000061,0.0,-0.000061,0.0,-0.000184,0.0,0.0,0.0,0.005005,
0.0,4.501539,0.892511,-0.000066,0.0,1.570796,0.0,0.0,-0.005318,0.0,0.0,0.0,-0.029291,-0.024842,-0.006219,0.141602,-0.079453,0.02411,-0.066751,0.025331,0.010987,0.140439,-0.036837,-0.02411,-0.059999,0.174482,0.0,-0.038928,-0.0,0.0,0.0,-0.112069,-0.174482,0.0,-0.020246,0.0,0.0,0.0,0.0,0.0,0.0,0.0,-0.0,0.0,-0.0,0.0,0.0,0.001953,-0.0047,0.0,0.000184,0.0,0.000061,0.0,-0.000061,0.0,-0.000184,0.0,0.0,0.0,0.005005,
0.0,4.501539,0.892465,-0.000066,0.0,1.570796,0.0,0.0,-0.004562,0.0,0.0,0.0,-0.029127,-0.024842,-0.006185,0.141602,-0.079664,0.02411,-0.066873,0.025331,0.010987,0.140439,-0.036746,-0.02411,-0.060637,0.174482,0.0,-0.039351,-0.0,0.0,0.0,-0.111544,-0.174482,0.0,-0.018996,0.0,0.0,0.0,0.0,0.0,-0.0,0.0,0.0,0.0,0.0,0.0,0.0,0.001953,-0.0047,0.0,0.000184,0.0,0.000061,0.0,-0.000061,0.0,-0.000184,0.0,0.0,0.0,0.004906,
0.0,4.501539,0.892423,-0.000066,0.0,1.570796,-0.0,0.0,-0.004204,0.0,0.0,0.0,-0.028962,-0.024842,-0.006151,0.141602,-0.079875,0.02411,-0.067002,0.025331,0.010987,0.140439,-0.036654,-0.02411,-0.061388,0.174482,-0.0,-0.039864,0.0,0.0,0.0,-0.111049,-0.174482,0.0,-0.017568,0.0,0.0,0.0,-0.0,0.0,-0.0,0.0,-0.0,0.0,0.0,0.0,0.0,0.001953,-0.0047,0.0,0.000184,0.0,0.000061,0.0,-0.000061,0.0,-0.000184,0.0,-0.0,0.0,0.00476,
0.0,4.501539,0.892381,-0.000066,0.0,1.570796,0.0,0.0,-0.004204,0.0,0.0,0.0,-0.028797,-0.024842,-0.006117,0.141602,-0.080085,0.02411,-0.06713,0.025331,0.010987,0.140439,-0.036563,-0.02411,-0.062139,0.174482,0.0,-0.040377,0.0,0.0,0.0,-0.110554,-0.174482,0.0,-0.01614,0.0,0.0,0.0,-0.0,0.0,-0.0,0.0,-0.0,0.0,-0.0,0.0,-0.0,0.001953,-0.0047,0.0,0.000184,0.0,0.000061,0.0,-0.000061,0.0,-0.000184,0.0,0.0,0.0,0.004613,
-0.0,4.501539,0.892345,-0.000066,0.0,1.570796,-0.0,0.0,-0.003586,0.0,0.0,0.0,-0.028651,-0.024842,-0.006083,0.141602,-0.080262,0.02411,-0.067264,0.025331,0.010987,0.140439,-0.036471,-0.02411,-0.062972,0.174482,0.0,-0.040927,0.0,0.0,0.0,-0.110084,-0.174482,0.0,-0.014636,0.0,0.0,0.0,-0.0,0.0,-0.0,0.0,0.0,0.0,-0.0,0.0,0.0,0.001953,-0.0047,0.0,0.000184,0.0,0.000061,-0.0,-0.000061,0.0,-0.000184,0.0,0.0,0.0,0.004473,
0.0,4.501539,0.892321,-0.000066,0.0,1.570796,0.0,0.0,-0.002403,0.0,0.0,0.0,-0.028541,-0.024842,-0.006049,0.141602,-0.080372,0.02411,-0.067411,0.025331,0.010987,0.140439,-0.036379,-0.02411,-0.063961,0.174482,-0.0,-0.04155,0.0,0.0,0.0,-0.109662,-0.174482,-0.0,-0.012988,0.0,0.0,0.0,0.0,0.0,0.0,0.0,-0.0,0.0,0.0,0.0,0.0,0.001953,-0.0047,0.0,0.000184,0.0,0.000061,0.0,-0.000061,0.0,-0.000184,0.0,0.0,0.0,0.004345,
0.0,4.501539,0.892297,-0.000066,0.0,1.570796,0.0,0.0,-0.002403,0.0,0.0,0.0,-0.028431,-0.024842,-0.006015,0.141602,-0.080482,0.02411,-0.067558,0.025331,0.010987,0.140439,-0.036288,-0.02411,-0.06495,0.174482,-0.0,-0.042172,0.0,0.0,0.0,-0.10924,-0.174482,0.0,-0.01134,0.0,0.0,0.0,0.0,0.0,-0.0,0.0,0.0,0.0,0.0,0.0,-0.0,0.001953,-0.0047,0.0,0.000184,0.0,0.000061,0.0,-0.000061,0.0,-0.000184,0.0,0.0,0.0,0.004217,
0.0,4.501539,0.892273,-0.000066,0.0,1.570796,0.0,0.0,-0.002388,0.0,0.0,0.0,-0.028321,-0.024842,-0.005982,0.141602,-0.080591,0.02411,-0.067704,0.025331,0.010987,0.140439,-0.036196,-0.02411,-0.065943,0.174482,0.0,-0.042797,0.0,0.0,0.0,-0.108816,-0.174482,0.0,-0.009704,-0.0,0.0,0.0,-0.0,0.0,-0.0,-0.0,-0.0,0.0,-0.0,0.0,0.0,0.001953,-0.0047,0.0,0.000184,0.0,0.000061,0.0,-0.000061,0.0,-0.000184,0.0,0.0,0.0,0.004089,
0.0,4.501539,0.89227,-0.000066,0.0,1.570796,-0.0,0.0,-0.000298,0.0,0.0,0.0,-0.028193,-0.024787,-0.005982,0.141602,-0.080591,0.02411,-0.067795,0.025331,0.010987,0.140439,-0.036105,-0.02411,-0.067335,0.174482,0.0,-0.043695,-0.0,0.0,0.0,-0.108064,-0.174482,0.0,-0.009613,0.0,0.0,0.0,0.0,0.0,0.0,0.0,0.0,0.0,-0.0,0.0,0.0,0.001953,-0.0047,0.0,0.000184,0.0,0.000061,0.0,-0.000061,0.0,-0.000184,0.0,0.0,0.0,0.004089,
0.0,4.501539,0.892268,-0.000066,0.0,1.570796,0.0,0.0,-0.00029,0.0,0.0,0.0,-0.028065,-0.024732,-0.005982,0.141602,-0.080591,0.02411,-0.067887,0.025331,0.010987,0.140439,-0.036013,-0.02411,-0.068728,0.174482,-0.0,-0.044592,0.0,0.0,0.0,-0.107312,-0.174482,0.0,-0.009521,0.0,0.0,0.0,0.0,0.0,0.0,0.0,-0.0,0.0,-0.0,0.0,0.0,0.001953,-0.0047,0.0,0.000184,0.0,0.000061,0.0,-0.000061,0.0,-0.000184,0.0,0.0,0.0,0.004089,
0.0,4.501539,0.892265,-0.000066,0.0,1.570796,0.0,0.0,-0.00029,0.0,0.0,0.0,-0.027937,-0.024677,-0.005982,0.141602,-0.080591,0.02411,-0.067979,0.025331,0.010987,0.140439,-0.035922,-0.02411,-0.07012,0.174482,0.0,-0.04549,0.0,0.0,0.0,-0.10656,-0.174482,0.0,-0.00943,-0.0,0.0,0.0,-0.0,0.0,0.0,0.0,0.0,0.0,-0.0,0.0,0.0,0.001953,-0.0047,0.0,0.000184,-0.0,0.000061,0.0,-0.000061,0.0,-0.000184,0.0,0.0,0.0,0.004089,
0.0,4.501539,0.892262,-0.000066,0.0,1.570796,0.0,0.0,-0.00029,0.0,0.0,0.0,-0.027895,-0.024659,-0.00592,0.141553,-0.080492,0.02411,-0.06807,0.025331,0.010987,0.140439,-0.03583,-0.02411,-0.071686,0.174482,-0.0,-0.046498,0.0,0.0,0.0,-0.106179,-0.174482,0.0,-0.0094,0.0,0.0,0.0,0.0,0.0,0.0,0.0,0.0,0.0,0.0,0.0,0.0,0.001953,-0.0047,0.0,0.000184,0.0,0.000061,0.0,-0.000061,0.0,-0.000184,0.0,0.0,0.0,0.00417,
0.0,4.501539,0.892259,-0.000066,0.0,1.570796,-0.0,0.0,-0.000298,0.0,0.0,0.0,-0.027895,-0.024659,-0.005828,0.141479,-0.080345,0.02411,-0.068162,0.025331,0.010987,0.140439,-0.035738,-0.02411,-0.073335,0.174482,0.0,-0.047561,0.0,0.0,0.0,-0.105978,-0.174482,0.0,-0.0094,0.0,0.0,0.0,0.0,0.0,0.0,0.0,0.0,0.0,-0.0,0.0,0.0,0.001953,-0.0047,-0.0,0.000184,0.0,0.000061,0.0,-0.000061,0.0,-0.000184,0.0,-0.0,0.0,0.004289,
0.0,4.501539,0.892256,-0.000066,0.0,1.570796,0.0,0.0,-0.00029,0.0,0.0,0.0,-0.027895,-0.024659,-0.005737,0.141406,-0.080199,0.02411,-0.068253,0.025331,0.010987,0.140439,-0.035647,-0.02411,-0.074984,0.174482,0.0,-0.048623,0.0,0.0,0.0,-0.105776,-0.174482,0.0,-0.0094,0.0,0.0,0.0,-0.0,0.0,0.0,0.0,-0.0,0.0,0.0,0.0,-0.0,0.001953,-0.0047,0.0,0.000184,0.0,0.000061,0.0,-0.000061,0.0,-0.000184,0.0,0.0,0.0,0.004408,
0.0,4.501539,0.892251,-0.000066,0.0,1.570796,0.0,0.0,-0.00045,0.0,0.0,0.0,-0.02787,-0.024659,-0.005676,0.141357,-0.080052,0.02411,-0.068314,0.025331,0.010987,0.140439,-0.035586,-0.02411,-0.076671,0.174482,-0.0,-0.049717,0.0,0.0,0.0,-0.105762,-0.174482,0.0,-0.009443,0.0,0.0,0.0,0.0,0.0,-0.0,0.0,-0.0,0.0,-0.0,0.0,-0.0,0.001953,-0.0047,0.0,0.000184,0.0,0.000061,0.0,-0.000061,0.0,-0.000184,0.0,-0.0,0.0,0.004527,
0.0,4.501539,0.892244,-0.000066,0.0,1.570796,0.0,0.0,-0.000763,0.0,0.0,0.0,-0.027797,-0.024659,-0.005676,0.141357,-0.079905,0.02411,-0.068314,0.025331,0.010987,0.140439,-0.035586,-0.02411,-0.07843,0.174482,0.0,-0.050871,-0.0,0.0,0.0,-0.10611,-0.174482,0.0,-0.009572,0.0,0.0,0.0,0.0,0.0,0.0,0.0,-0.0,0.0,-0.0,0.0,0.0,0.001953,-0.0047,0.0,0.000184,0.0,0.000061,0.0,-0.000061,0.0,-0.000184,0.0,0.0,0.0,0.004646,
-0.0,4.501539,0.892236,-0.000066,0.0,1.570796,-0.0,0.0,-0.000771,0.0,0.0,0.0,-0.027723,-0.024659,-0.005676,0.141357,-0.079759,0.02411,-0.068314,0.025331,0.010987,0.140439,-0.035586,-0.02411,-0.080189,0.174482,0.0,-0.052025,-0.0,0.0,0.0,-0.106459,-0.174482,0.0,-0.0097,0.0,0.0,0.0,0.0,0.0,-0.0,0.0,-0.0,0.0,-0.0,0.0,0.0,0.001953,-0.0047,0.0,0.000184,0.0,0.000061,0.0,-0.000061,0.0,-0.000184,0.0,0.0,0.0,0.004765,
0.0,4.501539,0.892228,-0.000066,0.0,1.570796,0.0,0.0,-0.000763,0.0,0.0,0.0,-0.027651,-0.024659,-0.005676,0.141357,-0.079612,0.02411,-0.068314,0.025331,0.010987,0.140439,-0.035587,-0.02411,-0.081946,0.174482,-0.0,-0.053177,0.0,0.0,0.0,-0.106809,-0.174482,0.0,-0.009828,-0.0,0.0,0.0,-0.0,0.0,0.0,0.0,-0.0,0.0,0.0,0.0,-0.0,0.001953,-0.0047,0.0,0.000184,0.0,0.000061,0.0,-0.000061,0.0,-0.000184,0.0,-0.0,0.0,0.004885,
-0.0,4.501539,0.892221,-0.000066,0.0,1.570796,-0.0,0.0,-0.000763,0.0,0.0,0.0,-0.027651,-0.024659,-0.005676,0.141357,-0.079506,0.02411,-0.068314,0.025331,0.010987,0.140439,-0.035697,-0.02411,-0.083449,0.174482,0.0,-0.054148,0.0,0.0,0.0,-0.107359,-0.174482,0.0,-0.009919,0.0,0.0,0.0,0.0,0.0,0.0,0.0,0.0,0.0,0.0,0.0,0.0,0.001953,-0.0047,0.0,0.000184,0.0,0.000061,0.0,-0.000061,0.0,-0.000184,0.0,0.0,0.0,0.00516,
0.0,4.501539,0.892213,-0.000066,0.0,1.570796,0.0,0.0,-0.000763,0.0,0.0,0.0,-0.027651,-0.024659,-0.005676,0.141357,-0.0794,0.02411,-0.068314,0.025331,0.010987,0.140439,-0.035807,-0.02411,-0.084952,0.174482,0.0,-0.055119,0.0,0.0,0.0,-0.107909,-0.174482,0.0,-0.010011,0.0,0.0,0.0,-0.0,0.0,0.0,0.0,-0.0,0.0,-0.0,0.0,0.0,0.001953,-0.0047,0.0,0.000184,0.0,0.000061,0.0,-0.000061,0.0,-0.000184,0.0,-0.0,0.0,0.005434,
-0.0,4.501539,0.892205,-0.000066,0.0,1.570796,-0.0,0.0,-0.000763,0.0,0.0,0.0,-0.027651,-0.024659,-0.005676,0.141357,-0.079294,0.02411,-0.068314,0.025331,0.010987,0.140439,-0.035917,-0.02411,-0.086455,0.174482,0.0,-0.05609,-0.0,0.0,0.0,-0.108459,-0.174482,0.0,-0.010102,0.0,0.0,0.0,0.0,0.0,-0.0,0.0,-0.0,0.0,0.0,0.0,-0.0,0.001953,-0.0047,0.0,0.000184,-0.0,0.000061,-0.0,-0.000061,0.0,-0.000184,0.0,0.0,0.0,0.005709,
0.0,4.501539,0.8922,-0.000066,0.0,1.570796,0.0,0.0,-0.000587,0.0,0.0,0.0,-0.027651,-0.024659,-0.005676,0.141357,-0.079187,0.02411,-0.068252,0.025331,0.011036,0.140439,-0.036169,-0.02411,-0.087872,0.174482,0.0,-0.057011,0.0,0.0,0.0,-0.109133,-0.174482,0.0,-0.010219,0.0,0.0,0.0,0.0,0.0,-0.0,0.0,-0.0,0.0,-0.0,0.0,-0.0,0.001953,-0.0047,0.0,0.000184,0.0,0.000061,0.0,-0.000061,0.0,-0.000184,0.0,0.0,0.0,0.005922,
0.0,4.501539,0.892195,-0.000066,0.0,1.570796,-0.0,0.0,-0.000496,0.0,0.0,0.0,-0.027651,-0.024659,-0.005676,0.141357,-0.079081,0.02411,-0.06816,0.025331,0.011109,0.140439,-0.036489,-0.02411,-0.089246,0.174482,0.0,-0.057909,0.0,0.0,0.0,-0.109867,-0.174482,0.0,-0.010347,0.0,0.0,0.0,-0.0,0.0,0.0,0.0,0.0,-0.0,0.0,0.0,0.0,0.001953,-0.0047,0.0,0.000184,0.0,0.000061,0.0,-0.000061,0.0,-0.000184,0.0,0.0,0.0,0.006105,
-0.0,4.501539,0.89219,-0.000066,0.0,1.570796,-0.0,0.0,-0.000496,0.0,0.0,0.0,-0.027651,-0.024659,-0.005676,0.141357,-0.078975,0.02411,-0.068069,0.025331,0.011183,0.140439,-0.03681,-0.02411,-0.090621,0.174482,0.0,-0.058807,0.0,0.0,0.0,-0.1106,-0.174482,-0.0,-0.010475,0.0,0.0,0.0,0.0,0.0,-0.0,-0.0,0.0,0.0,0.0,0.0,-0.0,0.001953,-0.0047,0.0,0.000184,0.0,0.000061,0.0,-0.000061,0.0,-0.000184,0.0,0.0,0.0,0.006288,
0.0,4.501539,0.892185,-0.000066,0.0,1.570796,0.0,0.0,-0.000496,0.0,0.0,0.0,-0.027694,-0.024659,-0.005651,0.141357,-0.078868,0.02411,-0.067977,0.025331,0.011231,0.140439,-0.03713,-0.02411,-0.091946,0.174482,0.0,-0.059673,-0.0,0.0,0.0,-0.111353,-0.174482,0.0,-0.010609,-0.0,0.0,0.0,0.0,0.0,-0.0,0.0,0.0,0.0,-0.0,0.0,0.0,0.001953,-0.0047,0.0,0.000184,0.0,0.000061,0.0,-0.000061,0.0,-0.000184,0.0,0.0,0.0,0.006459,
0.0,4.501539,0.89218,-0.000066,0.0,1.570796,0.0,0.0,-0.000496,0.0,0.0,0.0,-0.027823,-0.024659,-0.005578,0.141357,-0.078762,0.02411,-0.067885,0.025331,0.011231,0.140439,-0.037451,-0.02411,-0.093174,0.174482,0.0,-0.060479,0.0,0.0,0.0,-0.112141,-0.174482,0.0,-0.010756,0.0,0.0,0.0,0.0,0.0,0.0,0.0,0.0,0.0,0.0,0.0,-0.0,0.001953,-0.0047,0.0,0.000184,0.0,0.000061,0.0,-0.000061,0.0,-0.000184,0.0,0.0,0.0,0.006605,
0.0,4.501539,0.892175,-0.000066,0.0,1.570796,0.0,0.0,-0.000496,0.0,0.0,0.0,-0.027951,-0.024659,-0.005505,0.141357,-0.078656,0.02411,-0.067794,0.025331,0.011231,0.140439,-0.037772,-0.02411,-0.094402,0.174482,-0.0,-0.061285,0.0,-0.0,0.0,-0.11293,-0.174482,0.0,-0.010902,0.0,0.0,0.0,-0.0,-0.0,0.0,0.0,-0.0,0.0,0.0,0.0,0.0,0.001953,-0.0047,0.0,0.000184,-0.0,0.000061,0.0,-0.000061,0.0,-0.000184,0.0,0.0,0.0,0.006752,
0.0,4.501539,0.89217,-0.000066,0.0,1.570796,-0.0,0.0,-0.000488,0.0,0.0,0.0,-0.028079,-0.024659,-0.005432,0.141357,-0.07855,0.02411,-0.067702,0.025331,0.011231,0.140439,-0.038092,-0.02411,-0.095627,0.174482,-0.0,-0.06209,-0.0,0.0,-0.0,-0.113717,-0.174482,-0.0,-0.011048,-0.0,0.0,0.0,0.0,0.0,-0.0,0.0,0.0,0.0,0.0,0.0,0.0,0.001953,-0.0047,0.0,0.000184,0.0,0.000061,0.0,-0.000061,0.0,-0.000184,0.0,0.0,0.0,0.006897,
-0.0,4.501539,0.892171,-0.000066,0.0,1.570796,-0.0,-0.0,0.000092,0.0,0.0,0.0,-0.028161,-0.024659,-0.005432,0.141357,-0.078443,0.02411,-0.067592,0.025331,0.011305,0.140439,-0.038459,-0.02411,-0.096489,0.174482,0.0,-0.062713,0.0,0.0,0.0,-0.114341,-0.174482,0.0,-0.011048,0.0,0.0,0.0,0.0,0.0,0.0,0.0,0.0,0.0,0.0,0.0,0.0,0.001953,-0.0047,0.0,0.000184,0.0,0.000061,0.0,-0.000061,0.0,-0.000184,0.0,0.0,0.0,0.006897,
0.0,4.501539,0.892172,-0.000066,0.0,1.570796,0.0,-0.0,0.000099,0.0,0.0,0.0,-0.028243,-0.024659,-0.005432,0.141357,-0.078337,0.02411,-0.067482,0.025331,0.011378,0.140439,-0.038825,-0.02411,-0.097351,0.174482,0.0,-0.063335,0.0,-0.0,0.0,-0.114964,-0.174482,0.0,-0.011048,0.0,0.0,0.0,-0.0,-0.0,0.0,0.0,0.0,0.0,-0.0,0.0,-0.0,0.001953,-0.0047,0.0,0.000184,0.0,0.000061,0.0,-0.000061,0.0,-0.000184,0.0,0.0,0.0,0.006897,
0.0,4.501539,0.892173,-0.000066,0.0,1.570796,0.0,-0.0,0.000092,0.0,0.0,0.0,-0.028326,-0.024659,-0.005432,0.141357,-0.078231,0.02411,-0.067372,0.025331,0.011451,0.140439,-0.039191,-0.02411,-0.098212,0.174482,-0.0,-0.063958,-0.0,-0.0,-0.0,-0.115588,-0.174482,0.0,-0.011048,0.0,0.0,0.0,0.0,-0.0,-0.0,0.0,0.0,0.0,0.0,-0.0,0.0,0.001953,-0.0047,0.0,0.000184,0.0,0.000061,0.0,-0.000061,0.0,-0.000184,0.0,0.0,0.0,0.006897,
0.0,4.501539,0.892174,-0.000066,0.0,1.570796,0.0,-0.0,0.000092,0.0,0.0,0.0,-0.028408,-0.024659,-0.005432,0.141357,-0.078124,0.02411,-0.067287,0.025331,0.011475,0.140439,-0.039369,-0.02411,-0.098913,0.174482,0.0,-0.064482,0.0,0.0,0.0,-0.116076,-0.174482,0.0,-0.011147,0.0,0.0,0.0,-0.0,0.0,-0.0,0.0,0.0,0.0,0.0,-0.0,-0.0,0.001953,-0.0047,0.0,0.000184,0.0,0.000061,0.0,-0.000061,-0.0,-0.000184,0.0,0.0,0.0,0.006897,
0.0,4.501539,0.892175,-0.000066,0.0,1.570796,0.0,-0.0,0.000099,0.0,0.0,0.0,-0.028491,-0.024659,-0.005432,0.141357,-0.078018,0.02411,-0.067214,0.025331,0.011475,0.140439,-0.039456,-0.02411,-0.099537,0.174482,0.0,-0.064959,-0.0,0.0,0.0,-0.116497,-0.174482,0.0,-0.011293,0.0,0.0,0.0,0.0,0.0,-0.0,0.0,0.0,0.0,-0.0,0.0,0.0,0.001953,-0.0047,0.0,0.000184,0.0,0.000061,0.0,-0.000061,0.0,-0.000184,0.0,0.0,0.0,0.006897,
0.0,4.501539,0.892176,-0.000066,0.0,1.570796,-0.0,-0.0,0.000092,0.0,0.0,0.0,-0.028573,-0.024659,-0.005432,0.141357,-0.077912,0.02411,-0.067141,0.025331,0.011475,0.140439,-0.039543,-0.02411,-0.10016,0.174482,0.0,-0.065435,-0.0,0.0,0.0,-0.116919,-0.174482,0.0,-0.01144,0.0,0.0,0.0,0.0,0.0,-0.0,0.0,0.0,0.0,0.0,0.0,0.0,0.001953,-0.0047,0.0,0.000184,0.0,0.000061,0.0,-0.000061,0.0,-0.000184,0.0,0.0,0.0,0.006897,
-0.0,4.501539,0.892174,-0.000066,0.0,1.570796,-0.0,0.0,-0.000168,0.0,0.0,0.0,-0.028627,-0.024659,-0.005432,0.141357,-0.077842,0.02411,-0.067067,0.025331,0.011475,0.140439,-0.03963,-0.02411,-0.100727,0.174482,0.0,-0.065868,0.0,0.0,0.0,-0.117285,-0.174482,-0.0,-0.011574,0.0,0.0,0.0,-0.0,0.0,0.0,0.0,0.0,0.0,0.0,0.0,-0.0,0.001953,-0.0047,0.0,0.000184,0.0,0.000061,0.0,-0.000061,0.0,-0.000184,0.0,0.0,0.0,0.006897,
0.0,4.501539,0.892167,-0.000066,0.0,1.570796,0.0,0.0,-0.000679,0.0,0.0,0.0,-0.028627,-0.024659,-0.005432,0.141357,-0.077842,0.02411,-0.066994,0.025331,0.011475,0.140439,-0.039717,-0.02411,-0.101185,0.174482,0.0,-0.066216,-0.0,0.0,0.0,-0.117542,-0.174482,0.0,-0.011683,0.0,0.0,0.0,0.0,0.0,0.0,-0.0,0.0,0.0,-0.0,0.0,0.0,0.001953,-0.0047,0.0,0.000184,0.0,0.000061,0.0,-0.000061,0.0,-0.000184,0.0,0.0,0.0,0.006897,
0.0,4.501539,0.89216,-0.000066,0.0,1.570796,-0.0,0.0,-0.000679,0.0,0.0,0.0,-0.028627,-0.024659,-0.005432,0.141357,-0.077842,0.02411,-0.066921,0.025331,0.011475,0.140439,-0.039804,-0.02411,-0.101644,0.174482,-0.0,-0.066564,0.0,0.0,0.0,-0.117798,-0.174482,0.0,-0.011793,0.0,0.0,0.0,0.0,0.0,-0.0,0.0,0.0,0.0,0.0,0.0,-0.0,0.001953,-0.0047,0.0,0.000184,0.0,0.000061,0.0,-0.000061,0.0,-0.000184,0.0,0.0,0.0,0.006897,
-0.0,4.501539,0.892154,-0.000066,0.0,1.570796,-0.0,0.0,-0.000671,0.0,0.0,0.0,-0.028628,-0.024659,-0.005432,0.141357,-0.077842,0.02411,-0.066848,0.025331,0.011475,0.140439,-0.039891,-0.02411,-0.102101,0.174482,0.0,-0.066912,-0.0,0.0,0.0,-0.118054,-0.174482,0.0,-0.011904,0.0,0.0,0.0,0.0,0.0,0.0,-0.0,0.0,0.0,0.0,0.0,-0.0,0.001953,-0.0047,0.0,0.000184,0.0,0.000061,0.0,-0.000061,0.0,-0.000184,0.0,0.0,0.0,0.006896,
0.0,4.501539,0.892147,-0.000066,0.0,1.570796,0.0,0.0,-0.000679,0.0,0.0,0.0,-0.028701,-0.024659,-0.005358,0.141357,-0.077842,0.02411,-0.066848,0.025331,0.011475,0.140439,-0.039978,-0.02411,-0.102468,0.174482,0.0,-0.067205,0.0,0.0,0.0,-0.118183,-0.174482,0.0,-0.01205,0.0,0.0,0.0,0.0,0.0,0.0,0.0,0.0,0.0,0.0,0.0,0.0,0.001953,-0.0047,0.0,0.000184,0.0,0.000061,0.0,-0.000061,0.0,-0.000184,0.0,0.0,0.0,0.006749,
0.0,4.501539,0.89214,-0.000066,0.0,1.570796,0.0,0.0,-0.000679,0.0,0.0,0.0,-0.028774,-0.024659,-0.005285,0.141357,-0.077842,0.02411,-0.066848,0.025331,0.011475,0.140439,-0.040065,-0.02411,-0.102835,0.174482,0.0,-0.067498,0.0,0.0,0.0,-0.118311,-0.174482,0.0,-0.012197,0.0,0.0,0.0,-0.0,0.0,0.0,0.0,-0.0,0.0,-0.0,0.0,-0.0,0.001953,-0.0047,0.0,0.000184,0.0,0.000061,0.0,-0.000061,0.0,-0.000184,0.0,0.0,0.0,0.006603,
0.0,4.501539,0.892133,-0.000066,0.0,1.570796,-0.0,0.0,-0.000679,0.0,0.0,0.0,-0.028848,-0.024659,-0.005212,0.141357,-0.077842,0.02411,-0.066848,0.025331,0.011475,0.140439,-0.040152,-0.02411,-0.103201,0.174482,0.0,-0.067791,0.0,0.0,0.0,-0.118439,-0.174482,0.0,-0.012343,0.0,0.0,0.0,0.0,0.0,-0.0,0.0,-0.0,0.0,0.0,0.0,0.0,0.001953,-0.0047,0.0,0.000184,0.0,0.000061,0.0,-0.000061,-0.0,-0.000184,0.0,0.0,0.0,0.006456,
0.0,4.501539,0.892127,-0.000066,0.0,1.570796,0.0,0.0,-0.000671,0.0,0.0,0.0,-0.028872,-0.024659,-0.005188,0.141357,-0.077768,0.02411,-0.066786,0.025331,0.011475,0.140439,-0.040239,-0.02411,-0.103432,0.174482,-0.0,-0.067985,0.0,0.0,0.0,-0.118481,-0.174482,0.0,-0.012428,0.0,0.0,0.0,0.0,0.0,0.0,0.0,-0.0,0.0,0.0,0.0,-0.0,0.001953,-0.0047,0.0,0.000184,0.0,0.000061,0.0,-0.000061,0.0,-0.000184,0.0,0.0,0.0,0.006359,
0.0,4.501539,0.89212,-0.000066,0.0,1.570796,0.0,0.0,-0.000679,0.0,0.0,0.0,-0.028872,-0.024659,-0.005188,0.141357,-0.077658,0.02411,-0.066695,0.025331,0.011475,0.140439,-0.040326,-0.02411,-0.103597,0.174482,-0.0,-0.068132,0.0,0.0,0.0,-0.118481,-0.174482,0.0,-0.012483,0.0,0.0,0.0,-0.0,0.0,-0.0,0.0,0.0,0.0,0.0,0.0,-0.0,0.001953,-0.0047,0.0,0.000184,0.0,0.000061,0.0,-0.000061,0.0,-0.000184,0.0,0.0,0.0,0.006286,
0.0,4.501539,0.892113,-0.000066,0.0,1.570796,-0.0,0.0,-0.000679,0.0,0.0,0.0,-0.028872,-0.024659,-0.005188,0.141357,-0.077548,0.02411,-0.066603,0.025331,0.011475,0.140439,-0.040413,-0.02411,-0.103762,0.174482,0.0,-0.068278,0.0,0.0,0.0,-0.118481,-0.174482,0.0,-0.012538,0.0,0.0,0.0,0.0,0.0,0.0,0.0,0.0,0.0,0.0,0.0,0.0,0.001953,-0.0047,0.0,0.000184,0.0,0.000061,-0.0,-0.000061,0.0,-0.000184,0.0,0.0,0.0,0.006213,
0.0,4.501539,0.892108,-0.000066,0.0,1.570796,0.0,0.0,-0.000534,0.0,0.0,0.0,-0.028872,-0.024659,-0.005188,0.141357,-0.077475,0.02411,-0.066543,0.025331,0.011475,0.140439,-0.04047,-0.02411,-0.103871,0.174482,0.0,-0.068375,-0.0,0.0,0.0,-0.118418,-0.174482,0.0,-0.012549,-0.0,0.0,0.0,0.0,0.0,0.0,0.0,0.0,0.0,-0.0,0.0,-0.0,0.001953,-0.0047,0.0,0.000184,0.0,0.000061,0.0,-0.000061,0.0,-0.000184,0.0,0.0,0.0,0.00614,
-0.0,4.501539,0.892105,-0.000066,0.0,1.570796,-0.0,0.0,-0.000282,0.0,0.0,0.0,-0.028872,-0.024659,-0.005188,0.141357,-0.077475,0.02411,-0.066543,0.025331,0.011475,0.140439,-0.04047,-0.02411,-0.103871,0.174482,0.0,-0.068375,0.0,0.0,0.0,-0.118235,-0.174482,0.0,-0.012475,0.0,0.0,0.0,-0.0,0.0,0.0,0.0,0.0,0.0,0.0,0.0,0.0,0.001953,-0.0047,0.0,0.000184,-0.0,0.000061,0.0,-0.000061,0.0,-0.000184,0.0,0.0,0.0,0.006066,
0.0,4.501539,0.892102,-0.000066,0.0,1.570796,0.0,0.0,-0.000275,0.0,0.0,0.0,-0.028872,-0.024659,-0.005188,0.141357,-0.077475,0.02411,-0.066543,0.025331,0.011475,0.140439,-0.04047,-0.02411,-0.103871,0.174482,0.0,-0.068375,0.0,0.0,0.0,-0.118052,-0.174482,0.0,-0.012402,0.0,0.0,0.0,0.0,0.0,0.0,0.0,-0.0,0.0,-0.0,0.0,0.0,0.001953,-0.0047,0.0,0.000184,0.0,0.000061,0.0,-0.000061,0.0,-0.000184,0.0,0.0,0.0,0.005993,
0.0,4.501539,0.892099,-0.000066,0.0,1.570796,0.0,0.0,-0.000275,0.0,0.0,0.0,-0.028872,-0.024659,-0.005188,0.141357,-0.077476,0.02411,-0.066543,0.025331,0.011475,0.140439,-0.04047,-0.02411,-0.10387,0.174482,0.0,-0.068375,0.0,0.0,0.0,-0.11787,-0.174482,0.0,-0.012329,-0.0,0.0,0.0,-0.0,0.0,-0.0,0.0,-0.0,0.0,-0.0,0.0,-0.0,0.001953,-0.0047,0.0,0.000184,0.0,0.000061,0.0,-0.000061,0.0,-0.000184,0.0,-0.0,0.0,0.00592,
0.0,4.501539,0.892096,-0.000066,0.0,1.570796,-0.0,0.0,-0.000282,0.0,0.0,0.0,-0.028872,-0.024659,-0.005188,0.141357,-0.077586,0.02411,-0.066543,0.025331,0.011475,0.140439,-0.04047,-0.02411,-0.103797,0.174482,0.0,-0.06843,0.0,0.0,0.0,-0.11787,-0.174482,0.0,-0.012237,0.0,0.0,0.0,0.0,0.0,0.0,0.0,-0.0,0.0,0.0,0.0,0.0,0.001953,-0.0047,0.0,0.000184,0.0,0.000061,0.0,-0.000061,0.0,-0.000184,0.0,0.0,0.0,0.005819,
0.0,4.501539,0.892094,-0.000066,0.0,1.570796,0.0,0.0,-0.000275,0.0,0.0,0.0,-0.028872,-0.024659,-0.005188,0.141357,-0.077696,0.02411,-0.066543,0.025331,0.011475,0.140439,-0.04047,-0.02411,-0.103723,0.174482,0.0,-0.068485,-0.0,0.0,0.0,-0.11787,-0.174482,0.0,-0.012146,0.0,0.0,0.0,0.0,0.0,-0.0,0.0,-0.0,0.0,0.0,0.0,0.0,0.001953,-0.0047,0.0,0.000184,0.0,0.000061,0.0,-0.000061,0.0,-0.000184,0.0,-0.0,0.0,0.005718,
-0.0,4.501539,0.892091,-0.000066,0.0,1.570796,-0.0,0.0,-0.000275,0.0,0.0,0.0,-0.028872,-0.024659,-0.005188,0.141357,-0.077806,0.02411,-0.066543,0.025331,0.011475,0.140439,-0.04047,-0.02411,-0.10365,0.174482,0.0,-0.06854,0.0,0.0,0.0,-0.11787,-0.174482,0.0,-0.012054,0.0,0.0,0.0,-0.0,0.0,0.0,-0.0,0.0,0.0,-0.0,0.0,-0.0,0.001953,-0.0047,0.0,0.000184,0.0,0.000061,0.0,-0.000061,0.0,-0.000184,0.0,0.0,0.0,0.005618,
0.0,4.501539,0.892088,-0.000066,0.0,1.570796,0.0,0.0,-0.000282,0.0,0.0,0.0,-0.028872,-0.024659,-0.005188,0.141357,-0.077916,0.02411,-0.066543,0.025331,0.011475,0.140439,-0.04047,-0.02411,-0.103564,0.174482,-0.0,-0.068558,0.0,0.0,0.0,-0.117907,-0.174482,0.0,-0.012024,0.0,0.0,0.0,-0.0,0.0,-0.0,0.0,0.0,0.0,-0.0,0.0,-0.0,0.001953,-0.0047,0.0,0.000184,0.0,0.000061,0.0,-0.000061,0.0,-0.000184,0.0,0.0,0.0,0.005517,
-0.0,4.501539,0.892085,-0.000066,0.0,1.570796,-0.0,0.0,-0.000275,0.0,0.0,0.0,-0.028872,-0.024659,-0.005188,0.141357,-0.078026,0.02411,-0.066543,0.025331,0.011475,0.140439,-0.04047,-0.02411,-0.103473,0.174482,0.0,-0.068558,-0.0,0.0,0.0,-0.117962,-0.174482,-0.0,-0.012024,0.0,0.0,0.0,0.0,0.0,0.0,0.0,-0.0,0.0,-0.0,0.0,-0.0,0.001953,-0.0047,0.0,0.000184,0.0,0.000061,0.0,-0.000061,0.0,-0.000184,0.0,0.0,0.0,0.005416,
0.0,4.501539,0.892083,-0.000066,0.0,1.570796,0.0,0.0,-0.000275,0.0,0.0,0.0,-0.028872,-0.024659,-0.005188,0.141357,-0.078136,0.02411,-0.066543,0.025331,0.011475,0.140439,-0.04047,-0.02411,-0.103381,0.174482,-0.0,-0.068558,0.0,0.0,0.0,-0.118017,-0.174482,0.0,-0.012024,-0.0,0.0,0.0,0.0,0.0,0.0,0.0,0.0,0.0,0.0,0.0,0.0,0.001953,-0.0047,0.0,0.000184,0.0,0.000061,0.0,-0.000061,0.0,-0.000184,0.0,0.0,0.0,0.005315,
0.0,4.501539,0.89208,-0.000066,0.0,1.570796,0.0,0.0,-0.000275,0.0,0.0,0.0,-0.028872,-0.024659,-0.005188,0.141357,-0.078246,0.02411,-0.066543,0.025331,0.011475,0.140439,-0.040486,-0.02411,-0.10327,0.174482,-0.0,-0.068527,0.0,0.0,0.0,-0.118084,-0.174482,-0.0,-0.011981,0.0,0.0,0.0,0.0,0.0,0.0,0.0,0.0,0.0,-0.0,0.0,0.0,0.001953,-0.0047,0.0,0.000184,0.0,0.000061,0.0,-0.000061,0.0,-0.000184,0.0,0.0,0.0,0.005249,
0.0,4.501539,0.892077,-0.000066,0.0,1.570796,0.0,0.0,-0.000282,0.0,0.0,0.0,-0.028872,-0.024659,-0.005188,0.141357,-0.078356,0.02411,-0.066543,0.025331,0.011475,0.140439,-0.040532,-0.02411,-0.103124,0.174482,0.0,-0.068435,0.0,0.0,0.0,-0.118176,-0.174482,0.0,-0.011852,0.0,0.0,0.0,-0.0,0.0,-0.0,0.0,0.0,0.0,0.0,0.0,0.0,0.001953,-0.0047,0.0,0.000184,0.0,0.000061,0.0,-0.000061,0.0,-0.000184,0.0,0.0,0.0,0.005249,
0.0,4.501539,0.892074,-0.000066,0.0,1.570796,0.0,0.0,-0.000275,0.0,0.0,0.0,-0.028872,-0.024659,-0.005188,0.141357,-0.078466,0.02411,-0.066543,0.025331,0.011475,0.140439,-0.040578,-0.02411,-0.102977,0.174482,0.0,-0.068343,0.0,0.0,0.0,-0.118268,-0.174482,0.0,-0.011724,0.0,0.0,0.0,0.0,0.0,0.0,0.0,-0.0,-0.0,0.0,0.0,0.0,0.001953,-0.0047,0.0,0.000184,0.0,0.000061,0.0,-0.000061,0.0,-0.000184,0.0,0.0,0.0,0.005249,
0.0,4.501539,0.892072,-0.000066,0.0,1.570796,0.0,0.0,-0.000275,0.0,0.0,0.0,-0.028872,-0.024659,-0.005188,0.141357,-0.078576,0.02411,-0.066543,0.025331,0.011475,0.140439,-0.040623,-0.02411,-0.10283,0.174482,0.0,-0.068251,0.0,0.0,0.0,-0.11836,-0.174482,0.0,-0.011597,0.0,0.0,0.0,0.0,0.0,-0.0,0.0,0.0,0.0,0.0,0.0,-0.0,0.001953,-0.0047,0.0,0.000184,0.0,0.000061,0.0,-0.000061,0.0,-0.000184,0.0,-0.0,0.0,0.005249,
0.0,4.501539,0.892073,-0.000066,0.0,1.570796,-0.0,-0.0,0.000153,0.0,0.0,0.0,-0.028872,-0.024659,-0.005188,0.141357,-0.07871,0.02411,-0.066543,0.025331,0.011475,0.140439,-0.040669,-0.02411,-0.10261,0.174482,-0.0,-0.068105,-0.0,0.0,0.0,-0.118451,-0.174482,-0.0,-0.011597,0.0,0.0,0.0,0.0,0.0,0.0,0.0,-0.0,0.0,0.0,0.0,0.0,0.001953,-0.0047,0.0,0.000184,0.0,0.000061,0.0,-0.000061,0.0,-0.000184,0.0,0.0,0.0,0.005249,
0.0,4.501539,0.892075,-0.000066,0.0,1.570796,0.0,-0.0,0.000153,0.0,0.0,0.0,-0.028872,-0.024659,-0.005188,0.141357,-0.078845,0.02411,-0.066543,0.025331,0.011475,0.140439,-0.040715,-0.02411,-0.10239,0.174482,0.0,-0.067958,0.0,0.0,0.0,-0.118543,-0.174482,0.0,-0.011597,0.0,0.0,0.0,0.0,0.0,-0.0,0.0,0.0,0.0,0.0,0.0,0.0,0.001953,-0.0047,0.0,0.000184,0.0,0.000061,0.0,-0.000061,0.0,-0.000184,0.0,0.0,0.0,0.005249,
0.0,4.501539,0.892076,-0.000066,0.0,1.570796,-0.0,-0.0,0.000153,0.0,0.0,0.0,-0.028872,-0.024659,-0.005188,0.141357,-0.078979,0.02411,-0.066543,0.025331,0.011475,0.140439,-0.040761,-0.02411,-0.10217,0.174482,-0.0,-0.067812,-0.0,0.0,0.0,-0.118635,-0.174482,-0.0,-0.011597,0.0,0.0,0.0,0.0,0.0,-0.0,0.0,0.0,0.0,-0.0,0.0,0.0,0.001953,-0.0047,0.0,0.000184,0.0,0.000061,0.0,-0.000061,0.0,-0.000184,0.0,0.0,0.0,0.005249,
0.0,4.501539,0.892078,-0.000066,0.0,1.570796,0.0,-0.0,0.00016,0.0,0.0,0.0,-0.028872,-0.024659,-0.005188,0.141357,-0.079114,0.02411,-0.066543,0.025331,0.011475,0.140439,-0.040776,-0.02411,-0.101937,0.174482,0.0,-0.067665,-0.0,0.0,-0.0,-0.118776,-0.174482,0.0,-0.011597,0.0,0.0,0.0,0.0,0.0,0.0,-0.0,0.0,0.0,0.0,0.0,0.0,0.001953,-0.0047,0.0,0.000184,0.0,0.000061,0.0,-0.000061,0.0,-0.000184,0.0,0.0,0.0,0.005249,
-0.0,4.501539,0.892079,-0.000066,0.0,1.570796,-0.0,-0.0,0.000153,0.0,0.0,0.0,-0.028872,-0.024659,-0.005188,0.141357,-0.079248,0.02411,-0.066543,0.025331,0.011475,0.140439,-0.040776,-0.02411,-0.101699,0.174482,0.0,-0.067518,-0.0,0.0,0.0,-0.118941,-0.174482,0.0,-0.011597,0.0,0.0,0.0,0.0,0.0,0.0,0.0,0.0,0.0,0.0,0.0,0.0,0.001953,-0.0047,0.0,0.000184,0.0,0.000061,0.0,-0.000061,0.0,-0.000184,0.0,0.0,0.0,0.005249,
0.0,4.501539,0.892081,-0.000066,0.0,1.570796,0.0,-0.0,0.000153,0.0,0.0,0.0,-0.028872,-0.024659,-0.005188,0.141357,-0.079382,0.02411,-0.066543,0.025331,0.011475,0.140439,-0.040776,-0.02411,-0.101461,0.174482,-0.0,-0.067372,0.0,-0.0,0.0,-0.119106,-0.174482,0.0,-0.011597,0.0,0.0,0.0,0.0,-0.0,-0.0,0.0,-0.0,0.0,-0.0,0.0,0.0,0.001953,-0.0047,0.0,0.000184,0.0,0.000061,-0.0,-0.000061,-0.0,-0.000184,0.0,0.0,0.0,0.005249,
-0.0,4.501539,0.892082,-0.000066,0.0,1.570796,-0.0,-0.0,0.000153,0.0,0.0,0.0,-0.028872,-0.024659,-0.005188,0.141357,-0.079517,0.02411,-0.066543,0.025331,0.011475,0.140439,-0.040776,-0.02411,-0.101241,0.174482,0.0,-0.067225,0.0,0.0,0.0,-0.119284,-0.174482,0.0,-0.011597,0.0,0.0,0.0,0.0,0.0,0.0,0.0,-0.0,0.0,-0.0,0.0,0.0,0.001953,-0.0047,0.0,0.000184,0.0,0.000061,0.0,-0.000061,0.0,-0.000184,0.0,0.0,0.0,0.005281,
0.0,4.501539,0.892084,-0.000066,0.0,1.570796,0.0,-0.0,0.000153,0.0,0.0,0.0,-0.028872,-0.024659,-0.005188,0.141357,-0.079651,0.02411,-0.066543,0.025331,0.011475,0.140439,-0.040776,-0.02411,-0.101058,0.174482,0.0,-0.067079,0.0,0.0,0.0,-0.119486,-0.174482,0.0,-0.011597,0.0,0.0,0.0,0.0,0.0,0.0,0.0,0.0,0.0,0.0,0.0,0.0,0.001953,-0.0047,0.0,0.000184,0.0,0.000061,0.0,-0.000061,0.0,-0.000184,0.0,0.0,0.0,0.005372,
-0.0,4.501539,0.892085,-0.000066,0.0,1.570796,-0.0,-0.0,0.000153,0.0,0.0,0.0,-0.028872,-0.024659,-0.005188,0.141357,-0.079786,0.02411,-0.066543,0.025331,0.011475,0.140439,-0.040776,-0.02411,-0.100874,0.174482,0.0,-0.066932,0.0,0.0,0.0,-0.119687,-0.174482,0.0,-0.011597,0.0,0.0,0.0,-0.0,0.0,-0.0,0.0,-0.0,0.0,-0.0,0.0,-0.0,0.001953,-0.0047,0.0,0.000184,0.0,0.000061,0.0,-0.000061,-0.0,-0.000184,0.0,0.0,0.0,0.005464,
0.0,4.501539,0.892087,-0.000066,0.0,1.570796,0.0,-0.0,0.000153,0.0,0.0,0.0,-0.028872,-0.024659,-0.005189,0.141357,-0.07992,0.02411,-0.066543,0.025331,0.011476,0.140439,-0.040776,-0.02411,-0.100691,0.174482,-0.0,-0.066786,0.0,0.0,0.0,-0.119889,-0.174482,-0.0,-0.011597,0.0,0.0,0.0,-0.0,0.0,-0.0,0.0,0.0,0.0,-0.0,0.0,-0.0,0.001953,-0.0047,0.0,0.000184,0.0,0.000061,0.0,-0.000061,0.0,-0.000184,0.0,0.0,0.0,0.005554,
-0.0,4.501539,0.892088,-0.000066,0.0,1.570796,-0.0,-0.0,0.000153,0.0,0.0,0.0,-0.028872,-0.024659,-0.005281,0.141357,-0.080048,0.02411,-0.066543,0.025331,0.01153,0.140439,-0.040825,-0.02411,-0.100526,0.174482,-0.0,-0.066639,0.0,0.0,0.0,-0.120091,-0.174482,0.0,-0.011597,0.0,0.0,0.0,0.0,0.0,-0.0,0.0,0.0,0.0,-0.0,0.0,-0.0,0.001953,-0.0047,0.0,0.000184,0.0,0.000061,0.0,-0.000061,0.0,-0.000184,0.0,0.0,0.0,0.005554,
0.0,4.501539,0.89209,-0.000066,0.0,1.570796,0.0,-0.0,0.000153,0.0,0.0,0.0,-0.028872,-0.024659,-0.005372,0.141357,-0.080176,0.02411,-0.066543,0.025331,0.011585,0.140439,-0.040874,-0.02411,-0.100361,0.174482,-0.0,-0.066492,-0.0,0.0,0.0,-0.120293,-0.174482,0.0,-0.011597,0.0,0.0,0.0,0.0,0.0,-0.0,0.0,0.0,0.0,0.0,-0.0,0.0,0.001953,-0.0047,0.0,0.000184,0.0,0.000061,-0.0,-0.000061,0.0,-0.000184,0.0,0.0,0.0,0.005554,
-0.0,4.501539,0.892092,-0.000066,0.0,1.570796,-0.0,-0.0,0.000153,0.0,0.0,0.0,-0.028872,-0.024659,-0.005464,0.141357,-0.080305,0.02411,-0.066543,0.025331,0.01164,0.140439,-0.040923,-0.02411,-0.100196,0.174482,0.0,-0.066346,0.0,0.0,0.0,-0.120495,-0.174482,0.0,-0.011597,0.0,0.0,0.0,0.0,0.0,-0.0,0.0,-0.0,0.0,-0.0,0.0,-0.0,0.001953,-0.0047,0.0,0.000184,0.0,0.000061,-0.0,-0.000061,0.0,-0.000184,0.0,0.0,0.0,0.005554,
0.0,4.501539,0.892095,-0.000066,0.0,1.570796,0.0,-0.0,0.000381,0.0,0.0,0.0,-0.028872,-0.024659,-0.005493,0.141357,-0.080433,0.02411,-0.066543,0.025331,0.011658,0.140439,-0.040971,-0.02411,-0.100105,0.174482,-0.0,-0.066249,0.0,0.0,0.0,-0.120734,-0.174482,0.0,-0.011597,0.0,0.0,0.0,-0.0,0.0,0.0,0.0,0.0,0.0,0.0,0.0,-0.0,0.001953,-0.0047,0.0,0.000184,0.0,0.000061,0.0,-0.000061,0.0,-0.000184,0.0,0.0,0.0,0.005554,
0.0,4.501539,0.8921,-0.000066,0.0,1.570796,-0.0,-0.0,0.000488,0.0,0.0,0.0,-0.028872,-0.024659,-0.005493,0.141357,-0.080561,0.02411,-0.066543,0.025331,0.011658,0.140439,-0.04102,-0.02411,-0.10005,0.174482,-0.0,-0.066176,0.0,0.0,0.0,-0.12099,-0.174482,-0.0,-0.011597,-0.0,0.0,0.0,0.0,0.0,-0.0,0.0,-0.0,0.0,0.0,0.0,-0.0,0.001953,-0.0047,0.0,0.000184,0.0,0.000061,0.0,-0.000061,0.0,-0.000184,0.0,0.0,0.0,0.005554,
0.0,4.501539,0.892105,-0.000066,0.0,1.570796,0.0,-0.0,0.000496,0.0,0.0,0.0,-0.028872,-0.024659,-0.005493,0.141357,-0.08069,0.02411,-0.066543,0.025331,0.011658,0.140439,-0.041069,-0.02411,-0.099995,0.174482,0.0,-0.066102,0.0,0.0,0.0,-0.121247,-0.174482,0.0,-0.011597,0.0,0.0,0.0,-0.0,0.0,-0.0,0.0,0.0,0.0,-0.0,0.0,0.0,0.001953,-0.0047,0.0,0.000184,-0.0,0.000061,0.0,-0.000061,0.0,-0.000184,0.0,0.0,0.0,0.005554,
0.0,4.501539,0.89211,-0.000066,0.0,1.570796,0.0,-0.0,0.000488,0.0,0.0,0.0,-0.028872,-0.024659,-0.005493,0.141357,-0.080818,0.024129,-0.066543,0.025331,0.011658,0.140439,-0.041118,-0.02411,-0.099984,0.174482,0.0,-0.066054,-0.0,0.0,0.0,-0.121517,-0.174482,0.0,-0.011597,0.0,0.0,0.0,0.0,0.0,-0.0,0.0,-0.0,0.0,0.0,0.0,0.0,0.001953,-0.0047,0.0,0.000184,0.0,0.000061,0.0,-0.000061,0.0,-0.000184,0.0,0.0,0.0,0.005517,
0.0,4.501539,0.892115,-0.000066,0.0,1.570796,-0.0,-0.0,0.000488,0.0,0.0,0.0,-0.028872,-0.024659,-0.005493,0.141357,-0.080946,0.024184,-0.066543,0.025331,0.011658,0.140439,-0.041167,-0.02411,-0.100058,0.174482,0.0,-0.066054,-0.0,0.0,0.0,-0.12181,-0.174482,0.0,-0.011597,0.0,0.0,0.0,0.0,0.0,-0.0,0.0,-0.0,0.0,-0.0,0.0,-0.0,0.001953,-0.0047,0.0,0.000184,0.0,0.000061,0.0,-0.000061,0.0,-0.000184,0.0,0.0,0.0,0.005407,
0.0,4.501539,0.89212,-0.000066,0.0,1.570796,0.0,-0.0,0.000488,0.0,0.0,0.0,-0.028872,-0.024659,-0.005493,0.141357,-0.081074,0.024239,-0.066543,0.025331,0.011658,0.140439,-0.041216,-0.02411,-0.100131,0.174482,0.0,-0.066054,0.0,0.0,0.0,-0.122104,-0.174482,0.0,-0.011597,0.0,0.0,0.0,0.0,0.0,-0.0,0.0,0.0,0.0,0.0,0.0,0.0,0.001953,-0.0047,0.0,0.000184,0.0,0.000061,-0.0,-0.000061,0.0,-0.000184,0.0,0.0,0.0,0.005297,
0.0,4.501539,0.892125,-0.000066,0.0,1.570796,0.0,-0.0,0.000488,0.0,0.0,0.0,-0.028871,-0.024659,-0.005493,0.141357,-0.081203,0.024293,-0.066543,0.025331,0.011658,0.140439,-0.041264,-0.02411,-0.100205,0.174482,-0.0,-0.066055,0.0,0.0,0.0,-0.122397,-0.174482,0.0,-0.011597,0.0,0.0,0.0,0.0,0.0,0.0,0.0,0.0,0.0,0.0,0.0,0.0,0.001953,-0.0047,0.0,0.000184,0.0,0.000061,0.0,-0.000061,0.0,-0.000184,0.0,0.0,0.0,0.005187,
0.0,4.501539,0.89213,-0.000066,0.0,1.570796,0.0,-0.0,0.000488,0.0,0.0,0.0,-0.028816,-0.024659,-0.005493,0.141357,-0.081331,0.024293,-0.066543,0.025331,0.011658,0.140439,-0.041282,-0.02411,-0.100389,0.174482,-0.0,-0.066147,0.0,0.0,0.0,-0.122691,-0.174482,0.0,-0.011597,-0.0,0.0,0.0,0.0,0.0,-0.0,0.0,0.0,0.0,-0.0,0.0,-0.0,0.001953,-0.0047,0.0,0.000184,0.0,0.000061,0.0,-0.000061,0.0,-0.000184,0.0,0.0,0.0,0.005114,
0.0,4.501539,0.892134,-0.000066,0.0,1.570796,0.0,-0.0,0.000488,0.0,0.0,0.0,-0.028761,-0.024659,-0.005493,0.141357,-0.081459,0.024293,-0.066543,0.025331,0.011658,0.140439,-0.041301,-0.02411,-0.100572,0.174482,-0.0,-0.066238,0.0,0.0,0.0,-0.122984,-0.174482,0.0,-0.011597,0.0,0.0,0.0,0.0,0.0,-0.0,0.0,0.0,0.0,-0.0,0.0,0.0,0.001953,-0.0047,0.0,0.000184,0.0,0.000061,0.0,-0.000061,0.0,-0.000184,0.0,0.0,0.0,0.005041,
0.0,4.501539,0.892139,-0.000066,0.0,1.570796,-0.0,-0.0,0.000488,0.0,0.0,0.0,-0.028706,-0.024659,-0.005493,0.141357,-0.081588,0.024293,-0.066543,0.025331,0.011658,0.140439,-0.041319,-0.02411,-0.100755,0.174482,0.0,-0.06633,0.0,0.0,0.0,-0.123278,-0.174482,0.0,-0.011597,0.0,0.0,0.0,-0.0,0.0,0.0,-0.0,-0.0,0.0,0.0,0.0,-0.0,0.001953,-0.0047,0.0,0.000184,0.0,0.000061,0.0,-0.000061,0.0,-0.000184,0.0,0.0,0.0,0.004968,
0.0,4.501539,0.892143,-0.000066,0.0,1.570796,0.0,-0.0,0.000328,0.0,0.0,0.0,-0.028688,-0.024659,-0.005493,0.141357,-0.081716,0.024293,-0.066543,0.025331,0.011658,0.140439,-0.041337,-0.02411,-0.100964,0.174482,0.0,-0.066434,0.0,0.0,0.0,-0.123534,-0.174482,0.0,-0.011597,0.0,0.0,0.0,0.0,0.0,0.0,0.0,0.0,0.0,0.0,0.0,0.0,0.001953,-0.0047,0.0,0.000184,0.0,0.000061,0.0,-0.000061,0.0,-0.000184,0.0,0.0,0.0,0.004944,
0.0,4.501539,0.892145,-0.000066,0.0,1.570796,0.0,-0.0,0.000252,0.0,0.0,0.0,-0.028688,-0.024659,-0.005493,0.141357,-0.081844,0.024293,-0.066543,0.025331,0.011658,0.140439,-0.041356,-0.02411,-0.101184,0.174482,-0.0,-0.066544,0.0,0.0,0.0,-0.123773,-0.174482,0.0,-0.011597,0.0,0.0,0.0,0.0,0.0,0.0,0.0,0.0,0.0,-0.0,0.0,-0.0,0.001953,-0.0047,0.0,0.000184,0.0,0.000061,0.0,-0.000061,0.0,-0.000184,0.0,0.0,0.0,0.004944,
0.0,4.501539,0.892148,-0.000066,0.0,1.570796,0.0,-0.0,0.000259,0.0,0.0,0.0,-0.028688,-0.024659,-0.005493,0.141357,-0.081972,0.024293,-0.066543,0.025331,0.011658,0.140439,-0.041374,-0.02411,-0.101404,0.174482,0.0,-0.066654,0.0,0.0,0.0,-0.124011,-0.174482,0.0,-0.011597,-0.0,0.0,-0.0,0.0,0.0,0.0,0.0,-0.0,0.0,-0.0,0.0,0.0,0.001953,-0.0047,0.0,0.000184,0.0,0.000061,0.0,-0.000061,0.0,-0.000184,0.0,0.0,0.0,0.004944,
0.0,4.501539,0.89215,-0.000066,0.0,1.570796,0.0,-0.0,0.000252,0.0,0.0,0.0,-0.028688,-0.024659,-0.005518,0.141357,-0.082091,0.024293,-0.066543,0.025331,0.011658,0.140458,-0.041392,-0.02411,-0.10163,0.174482,-0.0,-0.066774,0.0,0.0,0.0,-0.124212,-0.174482,0.0,-0.011597,0.0,0.0,0.0,-0.0,0.0,-0.0,0.0,0.0,-0.0,-0.0,0.0,-0.0,0.001953,-0.0047,0.0,0.000184,0.0,0.000061,0.0,-0.000061,0.0,-0.000184,0.0,0.0,0.0,0.004944,
0.0,4.501539,0.892153,-0.000066,0.0,1.570796,0.0,-0.0,0.000252,0.0,0.0,0.0,-0.028688,-0.024659,-0.005592,0.141357,-0.082192,0.024293,-0.066543,0.025331,0.011658,0.140513,-0.041411,-0.02411,-0.101868,0.174482,0.0,-0.066914,-0.0,0.0,-0.0,-0.12434,-0.174482,0.0,-0.011597,0.0,0.0,0.0,0.0,0.0,0.0,0.0,-0.0,0.0,0.0,0.0,0.0,0.001953,-0.0047,0.0,0.000184,0.0,0.000061,0.0,-0.000061,0.0,-0.000184,0.0,0.0,0.0,0.004944,
0.0,4.501539,0.892155,-0.000066,0.0,1.570796,0.0,-0.0,0.000252,0.0,0.0,0.0,-0.028688,-0.024659,-0.005665,0.141357,-0.082293,0.024293,-0.066543,0.025331,0.011658,0.140569,-0.041429,-0.02411,-0.102107,0.174482,0.0,-0.067055,0.0,0.0,-0.0,-0.124469,-0.174482,0.0,-0.011597,0.0,0.0,0.0,-0.0,0.0,-0.0,-0.0,-0.0,0.0,-0.0,0.0,0.0,0.001953,-0.0047,0.0,0.000184,0.0,0.000061,0.0,-0.000061,0.0,-0.000184,0.0,0.0,0.0,0.004944,
0.0,4.501539,0.892158,-0.000066,0.0,1.570796,0.0,-0.0,0.000252,0.0,0.0,0.0,-0.028688,-0.024659,-0.005737,0.141357,-0.082394,0.024293,-0.066543,0.025331,0.011658,0.140623,-0.041448,-0.02411,-0.102345,0.174482,0.0,-0.067195,0.0,0.0,0.0,-0.124597,-0.174482,0.0,-0.011596,0.0,0.0,0.0,-0.0,0.0,0.0,0.0,-0.0,0.0,-0.0,-0.0,0.0,0.001953,-0.0047,0.0,0.000184,0.0,0.000061,0.0,-0.000061,0.0,-0.000184,0.0,0.0,0.0,0.004944,
0.0,4.501539,0.89216,-0.000066,0.0,1.570796,-0.0,-0.0,0.000252,0.0,0.0,0.0,-0.028688,-0.024659,-0.005737,0.141357,-0.082495,0.024293,-0.066543,0.025331,0.011658,0.140623,-0.041516,-0.02411,-0.102583,0.174482,0.0,-0.067336,0.0,0.0,0.0,-0.124726,-0.174482,-0.0,-0.011505,0.0,0.0,0.0,0.0,0.0,0.0,0.0,-0.0,0.0,0.0,0.0,0.0,0.001953,-0.0047,0.0,0.000184,-0.0,0.000061,0.0,-0.000061,0.0,-0.000184,0.0,0.0,0.0,0.004944,
0.0,4.501539,0.892163,-0.000066,0.0,1.570796,0.0,-0.0,0.000252,0.0,0.0,0.0,-0.028688,-0.024659,-0.005737,0.141357,-0.082595,0.024293,-0.066543,0.025331,0.011658,0.140623,-0.041585,-0.02411,-0.102822,0.174482,-0.0,-0.067476,0.0,0.0,0.0,-0.124854,-0.174482,0.0,-0.011413,0.0,0.0,0.0,0.0,0.0,-0.0,0.0,-0.0,0.0,-0.0,0.0,-0.0,0.001953,-0.0047,0.0,0.000184,0.0,0.000061,0.0,-0.000061,0.0,-0.000184,0.0,0.0,0.0,0.004944,
0.0,4.501539,0.892165,-0.000066,0.0,1.570796,0.0,-0.0,0.000252,0.0,0.0,0.0,-0.028688,-0.024659,-0.005737,0.141357,-0.082696,0.024293,-0.066543,0.025331,0.011658,0.140623,-0.041654,-0.02411,-0.10306,0.174482,0.0,-0.067617,0.0,0.0,0.0,-0.124983,-0.174482,0.0,-0.011322,0.0,0.0,0.0,-0.0,0.0,0.0,0.0,-0.0,0.0,0.0,-0.0,0.0,0.001953,-0.0047,0.0,0.000184,0.0,0.000061,0.0,-0.000061,0.0,-0.000184,0.0,0.0,0.0,0.004944,
-0.0,4.501539,0.892171,-0.000066,0.0,1.570796,-0.0,-0.0,0.000549,0.0,0.0,0.0,-0.028688,-0.024659,-0.005737,0.141357,-0.082797,0.024293,-0.066543,0.025331,0.011658,0.140623,-0.041722,-0.02411,-0.103274,0.174482,0.0,-0.067757,0.0,0.0,0.0,-0.125099,-0.174482,0.0,-0.011255,0.0,0.0,0.0,0.0,0.0,-0.0,0.0,0.0,0.0,0.0,0.0,0.0,0.001953,-0.0047,0.0,0.000184,0.0,0.000061,0.0,-0.000061,0.0,-0.000184,0.0,0.0,0.0,0.004944,
0.0,4.501539,0.892178,-0.000066,0.0,1.570796,0.0,-0.0,0.000694,0.0,0.0,0.0,-0.028688,-0.024659,-0.005737,0.141357,-0.082898,0.024293,-0.066543,0.025331,0.011658,0.140623,-0.041791,-0.02411,-0.103475,0.174482,0.0,-0.067898,0.0,0.0,0.0,-0.125209,-0.174482,0.0,-0.0112,-0.0,-0.0,-0.0,-0.0,0.0,0.0,0.0,0.0,0.0,0.0,0.0,-0.0,0.001953,-0.0047,0.0,0.000184,0.0,0.000061,0.0,-0.000061,0.0,-0.000184,0.0,0.0,0.0,0.004944,
0.0,4.501539,0.892185,-0.000066,0.0,1.570796,0.0,-0.0,0.000687,0.0,0.0,0.0,-0.028688,-0.024659,-0.005737,0.141357,-0.082999,0.024293,-0.066543,0.025331,0.011658,0.140623,-0.04186,-0.02411,-0.103677,0.174482,0.0,-0.068038,-0.0,-0.0,-0.0,-0.125319,-0.174482,0.0,-0.011145,0.0,0.0,0.0,0.0,-0.0,-0.0,0.0,0.0,0.0,0.0,0.0,-0.0,0.001953,-0.0047,0.0,0.000184,0.0,0.000061,0.0,-0.000061,0.0,-0.000184,0.0,0.0,0.0,0.004944,
0.0,4.501539,0.892192,-0.000066,0.0,1.570796,0.0,-0.0,0.000687,0.0,0.0,0.0,-0.028688,-0.024659,-0.005737,0.141357,-0.083099,0.024293,-0.066543,0.025331,0.01169,0.140623,-0.041929,-0.02411,-0.103869,0.174482,0.0,-0.068174,0.0,0.0,0.0,-0.125435,-0.174482,0.0,-0.011109,0.0,0.0,0.0,-0.0,0.0,0.0,0.0,0.0,0.0,0.0,0.0,-0.0,0.001953,-0.0047,0.0,0.000184,0.0,0.000061,0.0,-0.000061,0.0,-0.000184,0.0,0.0,0.0,0.004913,
0.0,4.501539,0.892198,-0.000066,0.0,1.570796,-0.0,-0.0,0.000694,0.0,0.0,0.0,-0.028688,-0.024659,-0.005737,0.141357,-0.0832,0.024293,-0.066543,0.025331,0.011781,0.140623,-0.041997,-0.02411,-0.104043,0.174482,0.0,-0.068303,0.0,0.0,0.0,-0.125564,-0.174482,0.0,-0.011109,0.0,0.0,0.0,-0.0,0.0,0.0,0.0,-0.0,-0.0,-0.0,0.0,-0.0,0.001953,-0.0047,0.0,0.000184,0.0,0.000061,0.0,-0.000061,0.0,-0.000184,0.0,-0.0,0.0,0.004821,
0.0,4.501539,0.892205,-0.000066,0.0,1.570796,0.0,-0.0,0.000687,0.0,0.0,0.0,-0.028688,-0.024659,-0.005737,0.141357,-0.083301,0.024293,-0.066543,0.025331,0.011873,0.140623,-0.042066,-0.02411,-0.104218,0.174482,0.0,-0.068431,0.0,0.0,0.0,-0.125692,-0.174482,0.0,-0.011109,0.0,0.0,0.0,0.0,0.0,-0.0,0.0,0.0,0.0,0.0,0.0,-0.0,0.001953,-0.0047,0.0,0.000184,0.0,0.000061,0.0,-0.000061,0.0,-0.000184,0.0,0.0,0.0,0.004729,
0.0,4.501539,0.892212,-0.000066,0.0,1.570796,-0.0,-0.0,0.000694,0.0,0.0,0.0,-0.028688,-0.024659,-0.005738,0.141357,-0.083402,0.024293,-0.066543,0.025331,0.011963,0.140623,-0.042135,-0.02411,-0.104392,0.174482,0.0,-0.068559,0.0,0.0,0.0,-0.125821,-0.174482,0.0,-0.011108,-0.0,0.0,0.0,0.0,0.0,-0.0,0.0,-0.0,0.0,-0.0,0.0,0.0,0.001953,-0.0047,0.0,0.000184,0.0,0.000061,0.0,-0.000061,0.0,-0.000184,0.0,-0.0,0.0,0.004639,
-0.0,4.501539,0.892219,-0.000066,0.0,1.570796,-0.0,-0.0,0.000687,0.0,0.0,0.0,-0.028614,-0.024659,-0.005811,0.141357,-0.083503,0.024293,-0.066543,0.025331,0.011963,0.140623,-0.042203,-0.02411,-0.104566,0.174482,-0.0,-0.068687,0.0,0.0,0.0,-0.126005,-0.174482,0.0,-0.011035,0.0,-0.0,0.0,0.0,0.0,-0.0,0.0,0.0,-0.0,0.0,0.0,-0.0,0.001953,-0.0047,0.0,0.000184,0.0,0.000061,0.0,-0.000061,0.0,-0.000184,0.0,-0.0,0.0,0.004639,
0.0,4.501539,0.892226,-0.000066,0.0,1.570796,0.0,-0.0,0.000694,0.0,0.0,0.0,-0.028541,-0.024659,-0.005885,0.141357,-0.083603,0.024293,-0.066543,0.025331,0.011963,0.140623,-0.042272,-0.02411,-0.10474,0.174482,0.0,-0.068816,0.0,-0.0,0.0,-0.126188,-0.174482,0.0,-0.010962,0.0,0.0,0.0,-0.0,-0.0,-0.0,0.0,-0.0,0.0,-0.0,0.0,0.0,0.001953,-0.0047,0.0,0.000184,0.0,0.000061,0.0,-0.000061,-0.0,-0.000184,0.0,-0.0,0.0,0.004639,
-0.0,4.501539,0.892233,-0.000066,0.0,1.570796,-0.0,-0.0,0.000687,0.0,0.0,0.0,-0.028468,-0.024659,-0.005958,0.141357,-0.083704,0.024293,-0.066543,0.025331,0.011963,0.140623,-0.042341,-0.02411,-0.104914,0.174482,-0.0,-0.068944,0.0,0.0,0.0,-0.126371,-0.174482,0.0,-0.010888,0.0,0.0,0.0,0.0,0.0,0.0,0.0,0.0,0.0,-0.0,0.0,0.0,0.001953,-0.0047,0.0,0.000184,0.0,0.000061,0.0,-0.000061,0.0,-0.000184,0.0,-0.0,0.0,0.004639,
0.0,4.501539,0.89224,-0.000066,0.0,1.570796,0.0,-0.0,0.000687,0.0,0.0,0.0,-0.028444,-0.024659,-0.005982,0.141357,-0.083805,0.024293,-0.066543,0.025343,0.011963,0.140623,-0.042425,-0.02411,-0.105058,0.174482,0.0,-0.069047,0.0,0.0,0.0,-0.12653,-0.174482,0.0,-0.010865,0.0,0.0,0.0,0.0,0.0,0.0,0.0,0.0,0.0,0.0,0.0,0.0,0.001953,-0.0047,0.0,0.000184,0.0,0.000061,0.0,-0.000061,0.0,-0.000184,0.0,0.0,0.0,0.004688,
0.0,4.501539,0.892247,-0.000066,0.0,1.570796,-0.0,-0.0,0.000694,0.0,0.0,0.0,-0.028444,-0.024659,-0.005982,0.141357,-0.083906,0.024293,-0.066543,0.025362,0.011963,0.140623,-0.042516,-0.02411,-0.105186,0.174482,0.0,-0.069139,0.0,0.0,0.0,-0.126677,-0.174482,0.0,-0.010865,0.0,0.0,0.0,0.0,0.0,-0.0,0.0,-0.0,0.0,-0.0,0.0,-0.0,0.001953,-0.0047,0.0,0.000184,0.0,0.000061,0.0,-0.000061,0.0,-0.000184,0.0,-0.0,0.0,0.004762,
0.0,4.501539,0.892254,-0.000066,0.0,1.570796,0.0,-0.0,0.000687,0.0,0.0,0.0,-0.028444,-0.024659,-0.005982,0.141357,-0.084007,0.024293,-0.066543,0.02538,0.011963,0.140623,-0.042608,-0.02411,-0.105314,0.174482,0.0,-0.069231,0.0,0.0,0.0,-0.126824,-0.174482,0.0,-0.010865,0.0,0.0,0.0,0.0,0.0,0.0,-0.0,0.0,0.0,0.0,0.0,0.0,0.001953,-0.0047,0.0,0.000184,0.0,0.000061,0.0,-0.000061,0.0,-0.000184,0.0,0.0,0.0,0.004835,
0.0,4.501539,0.892261,-0.000066,0.0,1.570796,-0.0,-0.0,0.000694,0.0,0.0,0.0,-0.028444,-0.024659,-0.005982,0.141357,-0.084107,0.024293,-0.066543,0.025392,0.011963,0.140623,-0.042668,-0.02411,-0.105399,0.174482,0.0,-0.069291,0.0,0.0,0.0,-0.126945,-0.174482,0.0,-0.010827,0.0,0.0,0.0,0.0,0.0,-0.0,0.0,0.0,0.0,-0.0,0.0,0.0,0.001953,-0.0047,0.0,0.000184,0.0,0.000061,0.0,-0.000061,0.0,-0.000184,0.0,0.0,0.0,0.004883,
0.0,4.501539,0.892267,-0.000066,0.0,1.570796,0.0,-0.0,0.000687,0.0,0.0,0.0,-0.028444,-0.024659,-0.005982,0.141357,-0.084208,0.024293,-0.066543,0.025392,0.011963,0.140623,-0.042668,-0.02411,-0.105399,0.174482,0.0,-0.069291,0.0,0.0,0.0,-0.127019,-0.174482,0.0,-0.010717,0.0,0.0,0.0,0.0,0.0,-0.0,0.0,0.0,0.0,-0.0,0.0,0.0,0.001953,-0.0047,0.0,0.000184,0.0,0.000061,0.0,-0.000061,0.0,-0.000184,0.0,0.0,0.0,0.004883,
0.0,4.501539,0.892274,-0.000066,0.0,1.570796,0.0,-0.0,0.000687,0.0,0.0,0.0,-0.028444,-0.024659,-0.005982,0.141357,-0.084309,0.024293,-0.066543,0.025392,0.011963,0.140623,-0.042668,-0.02411,-0.105399,0.174482,0.0,-0.069291,0.0,0.0,0.0,-0.127092,-0.174482,0.0,-0.010607,0.0,0.0,0.0,0.0,0.0,-0.0,0.0,0.0,0.0,-0.0,0.0,0.0,0.001953,-0.0047,0.0,0.000184,0.0,0.000061,0.0,-0.000061,0.0,-0.000184,0.0,0.0,0.0,0.004883,
-0.0,4.501539,0.892281,-0.000066,0.0,1.570796,-0.0,-0.0,0.000694,0.0,0.0,0.0,-0.028444,-0.024659,-0.005982,0.141357,-0.08441,0.024293,-0.066543,0.025392,0.011964,0.140623,-0.042669,-0.02411,-0.105398,0.174482,0.0,-0.069291,0.0,0.0,0.0,-0.127164,-0.174482,0.0,-0.010498,0.0,0.0,0.0,-0.0,0.0,-0.0,0.0,0.0,0.0,0.0,0.0,-0.0,0.001953,-0.0047,0.0,0.000184,0.0,0.000061,-0.0,-0.000061,0.0,-0.000184,0.0,-0.0,0.0,0.004882,
0.0,4.501539,0.892293,-0.000066,0.0,1.570796,0.0,-0.0,0.001137,0.0,0.0,0.0,-0.028444,-0.024659,-0.005982,0.141357,-0.084511,0.024293,-0.066543,0.025392,0.012056,0.140623,-0.042761,-0.02411,-0.105306,0.174482,0.0,-0.069291,0.0,0.0,0.0,-0.127072,-0.174482,0.0,-0.010498,0.0,0.0,0.0,-0.0,0.0,0.0,0.0,-0.0,0.0,-0.0,0.0,-0.0,0.001953,-0.0047,0.0,0.000184,0.0,0.000061,0.0,-0.000061,0.0,-0.000184,0.0,-0.0,0.0,0.004827,
0.0,4.501539,0.892304,-0.000066,0.0,1.570796,0.0,-0.0,0.001129,0.0,0.0,0.0,-0.028444,-0.024659,-0.005982,0.141357,-0.084611,0.024293,-0.066543,0.025392,0.012147,0.140623,-0.042852,-0.02411,-0.105214,0.174482,0.0,-0.069291,0.0,0.0,0.0,-0.12698,-0.174482,0.0,-0.010498,-0.0,0.0,0.0,-0.0,0.0,0.0,0.0,-0.0,0.0,-0.0,0.0,-0.0,0.001953,-0.0047,0.0,0.000184,0.0,0.000061,0.0,-0.000061,0.0,-0.000184,0.0,0.0,0.0,0.004773,
0.0,4.501539,0.892315,-0.000066,0.0,1.570796,0.0,-0.0,0.001129,0.0,0.0,0.0,-0.028444,-0.024659,-0.005982,0.141357,-0.084712,0.024293,-0.066543,0.025392,0.012239,0.140623,-0.042944,-0.02411,-0.105123,0.174482,0.0,-0.069291,0.0,0.0,0.0,-0.126889,-0.174482,-0.0,-0.010498,0.0,0.0,0.0,0.0,0.0,0.0,0.0,0.0,0.0,-0.0,0.0,-0.0,0.001953,-0.0047,0.0,0.000184,0.0,0.000061,0.0,-0.000061,0.0,-0.000184,0.0,0.0,0.0,0.004718,
