Base_Latation_X,Base_Latation_Y,Base_Latation_Z,Base_Rotation_Pitch,Base_Rotation_Yaw,Base_Rotation_Roll,Base_Linear_velocity_Pitch,Base_Linear_velocity_Yaw,Base_Linear_velocity_Roll,Base_Angular_velocityy_Pitch,Base_Angular_velocityy_Yaw,Base_Angular_velocityy_Roll,left_leg_pelvic_pitch_joint,left_leg_pelvic_roll_joint,left_leg_pelvic_yaw_joint,left_leg_knee_pitch_joint,left_leg_ankle_pitch_joint,left_leg_ankle_roll_joint,right_leg_pelvic_pitch_joint,right_leg_pelvic_roll_joint,right_leg_pelvic_yaw_joint,right_leg_knee_pitch_joint,right_leg_ankle_pitch_joint,right_leg_ankle_roll_joint,left_shoulder_pitch_joint,left_shoulder_roll_joint,left_shoulder_yaw_joint,left_elbow_pitch_joint,left_wrist_yaw_joint,left_wrist_pitch_joint,left_wrist_roll_joint,right_shoulder_pitch_joint,right_shoulder_roll_joint,right_shoulder_yaw_joint,right_elbow_pitch_joint,right_wrist_yaw_joint,right_wrist_pitch_joint,right_wrist_roll_joint,left_thumb_metacarpal_joint,left_thumb_proximal_joint,left_index_proximal_joint,left_index_distal_joint,left_middle_proximal_joint,left_middle_distal_joint,left_ring_proximal_joint,left_ring_distal_joint,left_pinky_proximal_joint,left_pinky_distal_joint,right_thumb_metacarpal_joint,right_thumb_proximal_joint,right_index_proximal_joint,right_index_distal_joint,right_middle_proximal_joint,right_middle_distal_joint,right_ring_proximal_joint,right_ring_distal_joint,right_pinky_proximal_joint,right_pinky_distal_joint,head_yaw_joint,head_pitch_joint,waist_yaw_joint
-0.0,-0.000058,0.882505,-0.000066,0.0,0.0,-0.0,-0.005821,88.250504,157.072966,0.0,0.0,-0.071917,-0.024232,0.001343,0.139766,-0.064833,0.024232,-0.09452,0.025331,0.006592,0.183613,-0.065993,-0.024354,-0.115791,0.174482,0.0,-0.071917,0.0,0.0,0.0,-0.148211,-0.174482,0.0,-0.019715,0.0,-0.0,0.0,0.0,0.0,-0.0,0.0,0.0,-0.0,0.0,0.0,0.0,0.001953,-0.004944,0.0,0.000194,0.0,0.000065,0.0,-0.000065,0.0,-0.000194,0.0,0.0,0.0,0.003906,
0.0,-0.000014,0.882503,-0.000066,0.0,1.570796,0.0,0.004441,-0.000267,0.0,0.0,157.079596,-0.071917,-0.024232,0.001343,0.139766,-0.064867,0.024232,-0.09452,0.025331,0.006592,0.183613,-0.066066,-0.024354,-0.115791,0.174482,0.0,-0.071917,0.0,0.0,0.0,-0.148211,-0.174482,0.0,-0.019715,0.0,0.0,0.0,0.0,0.0,-0.0,0.0,0.0,-0.0,0.0,0.0,0.0,0.001953,-0.004944,0.0,0.000194,0.0,0.000065,0.0,-0.000065,0.0,-0.000194,0.0,0.0,0.0,0.003906,
0.0,0.000031,0.8825,-0.000066,0.0,1.570796,0.0,0.004441,-0.000259,0.0,0.0,0.0,-0.071917,-0.024232,0.001343,0.139766,-0.064901,0.024232,-0.09452,0.025331,0.006592,0.183613,-0.06614,-0.024354,-0.115791,0.174482,0.0,-0.071917,0.0,0.0,0.0,-0.148211,-0.174482,0.0,-0.019715,0.0,-0.0,0.0,0.0,0.0,-0.0,0.0,-0.0,0.0,-0.0,0.0,0.0,0.001953,-0.004944,0.0,0.000194,0.0,0.000065,0.0,-0.000065,0.0,-0.000194,0.0,0.0,0.0,0.003906,
0.0,0.000075,0.882497,-0.000066,0.0,1.570796,-0.0,0.004441,-0.000267,0.0,0.0,0.0,-0.071917,-0.024232,0.001343,0.139766,-0.064935,0.024232,-0.09452,0.025331,0.006592,0.183613,-0.066213,-0.024354,-0.115791,0.174482,0.0,-0.071917,0.0,0.0,0.0,-0.148211,-0.174482,0.0,-0.019715,0.0,0.0,0.0,0.0,0.0,-0.0,0.0,0.0,-0.0,0.0,0.0,0.0,0.001953,-0.004944,0.0,0.000194,0.0,0.000065,0.0,-0.000065,0.0,-0.000194,0.0,0.0,0.0,0.003906,
0.0,0.000128,0.882495,-0.000066,0.0,1.570796,0.0,0.005289,-0.000267,0.0,0.0,0.0,-0.071844,-0.024232,0.001343,0.139766,-0.064969,0.024232,-0.094227,0.025331,0.006592,0.183196,-0.066103,-0.024354,-0.115791,0.174482,0.0,-0.071917,0.0,0.0,0.0,-0.14815,-0.174482,0.0,-0.019715,0.0,0.0,0.0,0.0,0.0,-0.0,0.0,0.0,-0.0,0.0,0.0,0.0,0.001953,-0.004944,0.0,0.000194,0.0,0.000065,0.0,-0.000065,0.0,-0.000194,0.0,0.0,0.0,0.003906,
0.0,0.000185,0.882492,-0.000066,0.0,1.570796,0.0,0.005714,-0.000267,0.0,0.0,0.0,-0.071734,-0.024232,0.001343,0.139766,-0.065003,0.024232,-0.093787,0.025331,0.006592,0.182571,-0.065901,-0.024354,-0.115791,0.174482,0.0,-0.071917,0.0,0.0,0.0,-0.148058,-0.174482,-0.0,-0.019715,0.0,0.0,0.0,0.0,0.0,-0.0,0.0,0.0,-0.0,0.0,0.0,0.0,0.001953,-0.004944,0.0,0.000194,0.0,0.000065,-0.0,-0.000065,0.0,-0.000194,0.0,0.0,0.0,0.003906,
0.0,0.000242,0.882489,-0.000066,0.0,1.570796,0.0,0.005714,-0.000267,0.0,0.0,0.0,-0.071624,-0.024232,0.001343,0.139766,-0.065037,0.024232,-0.093347,0.025331,0.006592,0.181946,-0.0657,-0.024354,-0.115791,0.174482,0.0,-0.071917,-0.0,0.0,0.0,-0.147967,-0.174482,0.0,-0.019715,0.0,0.0,0.0,0.0,0.0,-0.0,0.0,-0.0,0.0,0.0,0.0,0.0,0.001953,-0.004944,0.0,0.000194,0.0,0.000065,0.0,-0.000065,0.0,-0.000194,0.0,0.0,0.0,0.003906,
0.0,0.000302,0.882487,-0.000066,0.0,1.570796,0.0,0.005994,-0.000228,0.0,0.0,0.0,-0.071526,-0.024232,0.001343,0.139766,-0.065071,0.024232,-0.093017,0.025331,0.006592,0.181505,-0.065565,-0.024354,-0.115773,0.174482,0.0,-0.071917,0.0,-0.0,0.0,-0.147856,-0.174482,0.0,-0.019691,0.0,0.0,-0.0,-0.0,-0.0,0.0,0.0,0.0,0.0,0.0,0.0,-0.0,0.001953,-0.004944,0.0,0.000194,0.0,0.000065,0.0,-0.000065,0.0,-0.000194,0.0,-0.0,0.0,0.003882,
0.0,0.000368,0.882486,-0.000066,0.0,1.570796,0.0,0.006555,-0.000122,0.0,0.0,0.0,-0.071453,-0.024232,0.001343,0.139766,-0.065105,0.024232,-0.092907,0.025331,0.006592,0.181431,-0.065565,-0.024354,-0.115717,0.174482,0.0,-0.071917,0.0,0.0,0.0,-0.14771,-0.174482,0.0,-0.019618,0.0,0.0,0.0,-0.0,0.0,-0.0,0.0,-0.0,0.0,0.0,0.0,-0.0,0.001953,-0.004944,0.0,0.000194,0.0,0.000065,0.0,-0.000065,0.0,-0.000194,0.0,0.0,0.0,0.003809,
0.0,0.000433,0.882484,-0.000066,0.0,1.570796,0.0,0.006555,-0.000129,0.0,0.0,0.0,-0.07138,-0.024232,0.001343,0.139766,-0.065139,0.024232,-0.092797,0.025331,0.006592,0.181357,-0.065565,-0.024354,-0.115662,0.174482,0.0,-0.071917,-0.0,0.0,0.0,-0.147563,-0.174482,0.0,-0.019544,0.0,0.0,0.0,0.0,0.0,-0.0,0.0,-0.0,0.0,0.0,-0.0,-0.0,0.001953,-0.004944,0.0,0.000194,-0.0,0.000065,0.0,-0.000065,-0.0,-0.000194,0.0,-0.0,0.0,0.003735,
0.0,0.000499,0.882483,-0.000066,0.0,1.570796,0.0,0.006555,-0.000122,0.0,0.0,0.0,-0.071306,-0.024232,0.001343,0.139766,-0.065173,0.024232,-0.092687,0.025331,0.006592,0.181284,-0.065565,-0.024354,-0.115607,0.174482,0.0,-0.071917,0.0,0.0,0.0,-0.147416,-0.174482,0.0,-0.019471,0.0,-0.0,-0.0,0.0,0.0,0.0,0.0,0.0,0.0,-0.0,0.0,-0.0,0.001953,-0.004944,0.0,0.000194,0.0,0.000065,0.0,-0.000065,0.0,-0.000194,0.0,0.0,0.0,0.003662,
0.0,0.000575,0.88249,-0.000066,0.0,1.570796,0.0,0.007579,0.00071,0.0,0.0,0.0,-0.071215,-0.024232,0.001343,0.139766,-0.065207,0.024232,-0.092486,0.025331,0.006592,0.181045,-0.065565,-0.024354,-0.115607,0.174482,0.0,-0.071917,-0.0,0.0,0.0,-0.147269,-0.174482,0.0,-0.019471,0.0,0.0,0.0,0.0,0.0,-0.0,0.0,-0.0,0.0,0.0,0.0,-0.0,0.001953,-0.004944,0.0,0.000194,-0.0,0.000065,0.0,-0.000065,0.0,-0.000194,0.0,0.0,0.0,0.003589,
0.0,0.00065,0.882497,-0.000066,0.0,1.570796,0.0,0.007579,0.000702,0.0,0.0,0.0,-0.071123,-0.024232,0.001343,0.139766,-0.065241,0.024232,-0.092284,0.025331,0.006592,0.180806,-0.065565,-0.024354,-0.115607,0.174482,-0.0,-0.071917,-0.0,0.0,0.0,-0.147122,-0.174482,0.0,-0.019471,0.0,0.0,0.0,0.0,0.0,0.0,0.0,-0.0,0.0,-0.0,0.0,-0.0,0.001953,-0.004944,0.0,0.000194,0.0,0.000065,0.0,-0.000065,0.0,-0.000194,0.0,-0.0,0.0,0.003516,
0.0,0.000726,0.882505,-0.000066,0.0,1.570796,0.0,0.007579,0.00071,0.0,0.0,0.0,-0.071032,-0.024232,0.001343,0.139766,-0.065275,0.024232,-0.092082,0.025331,0.006592,0.180567,-0.065565,-0.024354,-0.115607,0.174482,0.0,-0.071917,0.0,0.0,0.0,-0.146975,-0.174482,-0.0,-0.019471,-0.0,0.0,0.0,-0.0,0.0,0.0,0.0,-0.0,-0.0,0.0,0.0,0.0,0.001953,-0.004944,0.0,0.000194,0.0,0.000065,0.0,-0.000065,0.0,-0.000194,0.0,0.0,0.0,0.003442,
0.0,0.000802,0.882512,-0.000066,0.0,1.570796,0.0,0.007579,0.00071,0.0,0.0,0.0,-0.07094,-0.024232,0.001343,0.139766,-0.065309,0.024232,-0.091636,0.025331,0.006592,0.179862,-0.065285,-0.024354,-0.115607,0.174482,0.0,-0.071966,-0.0,0.0,0.0,-0.146853,-0.174482,0.0,-0.019471,-0.0,0.0,0.0,0.0,0.0,0.0,0.0,-0.0,0.0,-0.0,0.0,-0.0,0.001953,-0.004944,0.0,0.000194,0.0,0.000065,0.0,-0.000065,0.0,-0.000194,0.0,0.0,0.0,0.003345,
0.0,0.000878,0.882519,-0.000066,0.0,1.570796,0.0,0.007579,0.00071,0.0,0.0,0.0,-0.070848,-0.024232,0.001343,0.139766,-0.065343,0.024232,-0.091068,0.025331,0.006592,0.178925,-0.064863,-0.024354,-0.115607,0.174482,0.0,-0.072039,-0.0,0.0,0.0,-0.146743,-0.174482,-0.0,-0.019471,0.0,0.0,0.0,0.0,0.0,0.0,0.0,0.0,0.0,0.0,0.0,0.0,0.001953,-0.004944,0.0,0.000194,0.0,0.000065,0.0,-0.000065,0.0,-0.000194,0.0,-0.0,0.0,0.003235,
0.0,0.000953,0.882526,-0.000066,0.0,1.570796,0.0,0.007579,0.000702,0.0,0.0,0.0,-0.070757,-0.024232,0.001343,0.139766,-0.065377,0.024232,-0.0905,0.025331,0.006592,0.177987,-0.064442,-0.024354,-0.115607,0.174482,0.0,-0.072113,-0.0,0.0,0.0,-0.146632,-0.174482,-0.0,-0.019471,0.0,0.0,0.0,0.0,0.0,0.0,0.0,0.0,0.0,0.0,0.0,0.0,0.001953,-0.004944,0.0,0.000194,0.0,0.000065,0.0,-0.000065,0.0,-0.000194,0.0,0.0,0.0,0.003125,
0.0,0.001031,0.882535,-0.000066,0.0,1.570796,0.0,0.007727,0.000893,0.0,0.0,0.0,-0.070665,-0.024232,0.001343,0.139766,-0.065411,0.024232,-0.090097,0.025331,0.006592,0.177362,-0.064161,-0.024354,-0.115607,0.174482,0.0,-0.072161,0.0,0.0,0.0,-0.146522,-0.174482,0.0,-0.019416,-0.0,0.0,0.0,0.0,0.0,0.0,0.0,-0.0,0.0,-0.0,0.0,-0.0,0.001953,-0.004944,0.0,0.000194,0.0,0.000065,0.0,-0.000065,0.0,-0.000194,0.0,0.0,0.0,0.002997,
0.0,0.001111,0.882547,-0.000066,0.0,1.570796,-0.0,0.008025,0.001244,0.0,0.0,0.0,-0.070573,-0.024232,0.001343,0.139766,-0.065445,0.024232,-0.090023,0.025331,0.006592,0.177362,-0.064161,-0.024354,-0.115607,0.174482,-0.0,-0.072161,-0.0,0.0,0.0,-0.146412,-0.174482,0.0,-0.019251,0.0,0.0,0.0,0.0,0.0,-0.0,0.0,0.0,0.0,0.0,0.0,0.0,0.001953,-0.004944,0.0,0.000194,0.0,0.000065,0.0,-0.000065,0.0,-0.000194,0.0,-0.0,0.0,0.002832,
0.0,0.001191,0.88256,-0.000066,0.0,1.570796,0.0,0.008025,0.001252,0.0,0.0,0.0,-0.070482,-0.024232,0.001343,0.139766,-0.065479,0.024232,-0.08995,0.025331,0.006592,0.177362,-0.064161,-0.024354,-0.115607,0.174482,0.0,-0.072161,0.0,0.0,0.0,-0.146302,-0.174482,0.0,-0.019087,0.0,0.0,0.0,-0.0,0.0,-0.0,0.0,0.0,0.0,0.0,0.0,-0.0,0.001953,-0.004944,0.0,0.000194,0.0,0.000065,0.0,-0.000065,0.0,-0.000194,0.0,0.0,0.0,0.002667,
0.0,0.001272,0.882572,-0.000066,0.0,1.570796,0.0,0.008025,0.001252,0.0,0.0,0.0,-0.07039,-0.024232,0.001343,0.139766,-0.065513,0.024232,-0.089877,0.025331,0.006592,0.177362,-0.064161,-0.024354,-0.115607,0.174482,0.0,-0.072161,0.0,0.0,0.0,-0.146192,-0.174482,-0.0,-0.018922,-0.0,0.0,0.0,0.0,0.0,0.0,0.0,0.0,-0.0,-0.0,0.0,0.0,0.001953,-0.004944,0.0,0.000194,0.0,0.000065,0.0,-0.000065,-0.0,-0.000194,0.0,0.0,0.0,0.002503,
0.0,0.001375,0.882583,-0.000066,0.0,1.570796,0.0,0.010387,0.001115,0.0,0.0,0.0,-0.07028,-0.024232,0.001343,0.139766,-0.065547,0.024232,-0.089547,0.025331,0.006592,0.177013,-0.063904,-0.024354,-0.115424,0.174482,-0.0,-0.072161,0.0,0.0,0.0,-0.146082,-0.174482,0.0,-0.018775,0.0,0.0,0.0,0.0,0.0,0.0,0.0,0.0,0.0,-0.0,-0.0,0.0,0.001953,-0.004944,0.0,0.000194,0.0,0.000065,0.0,-0.000065,0.0,-0.000194,0.0,0.0,0.0,0.002411,
0.0,0.001479,0.882595,-0.000066,0.0,1.570796,0.0,0.010387,0.001122,0.0,0.0,0.0,-0.07017,-0.024232,0.001343,0.139766,-0.065581,0.024232,-0.089217,0.025331,0.006592,0.176663,-0.063648,-0.024354,-0.115241,0.174482,0.0,-0.072161,0.0,0.0,0.0,-0.145971,-0.174482,0.0,-0.018629,0.0,0.0,0.0,-0.0,0.0,0.0,0.0,0.0,0.0,0.0,0.0,0.0,0.001953,-0.004944,0.0,0.000194,0.0,0.000065,0.0,-0.000065,0.0,-0.000194,0.0,0.0,0.0,0.002319,
0.0,0.001583,0.882606,-0.000066,0.0,1.570796,0.0,0.010387,0.001115,0.0,0.0,0.0,-0.07006,-0.024232,0.001343,0.139766,-0.065615,0.024232,-0.088887,0.025331,0.006592,0.176314,-0.063391,-0.024354,-0.115057,0.174482,0.0,-0.072161,0.0,0.0,0.0,-0.145861,-0.174482,0.0,-0.018482,0.0,0.0,0.0,0.0,0.0,0.0,0.0,0.0,0.0,0.0,0.0,0.0,0.001953,-0.004944,0.0,0.000194,0.0,0.000065,0.0,-0.000065,0.0,-0.000194,0.0,-0.0,0.0,0.002228,
0.0,0.001684,0.882613,-0.000066,0.0,1.570796,0.0,0.010084,0.000695,0.0,0.0,0.0,-0.06995,-0.024232,0.001343,0.139766,-0.065627,0.024232,-0.089009,0.025331,0.006592,0.176786,-0.063595,-0.024354,-0.114923,0.174482,0.0,-0.0721,-0.0,0.0,0.0,-0.145788,-0.174482,-0.0,-0.018385,-0.0,0.0,-0.0,0.0,0.0,0.0,0.0,0.0,0.0,0.0,0.0,0.0,0.001953,-0.004944,0.0,0.000194,0.0,0.000065,0.0,-0.000065,0.0,-0.000194,0.0,0.0,0.0,0.002197,
0.0,0.001783,0.882618,-0.000066,0.0,1.570796,0.0,0.009932,0.000489,0.0,0.0,0.0,-0.069841,-0.024232,0.001343,0.139766,-0.065627,0.024232,-0.089357,0.025331,0.006592,0.177668,-0.064029,-0.024354,-0.114813,0.174482,0.0,-0.072009,0.0,0.0,0.0,-0.145733,-0.174482,0.0,-0.018311,0.0,0.0,0.0,0.0,0.0,0.0,0.0,0.0,0.0,0.0,0.0,0.0,0.001953,-0.004944,0.0,0.000194,0.0,0.000065,-0.0,-0.000065,-0.0,-0.000194,0.0,0.0,0.0,0.002197,
0.0,0.001883,0.882622,-0.000066,0.0,1.570796,0.0,0.009932,0.000489,0.0,0.0,0.0,-0.069731,-0.024232,0.001343,0.139766,-0.065627,0.024232,-0.089706,0.025331,0.006592,0.178551,-0.064462,-0.024354,-0.114703,0.174482,-0.0,-0.071917,0.0,0.0,0.0,-0.145678,-0.174482,0.0,-0.018238,0.0,0.0,0.0,0.0,0.0,-0.0,-0.0,-0.0,0.0,-0.0,-0.0,-0.0,0.001953,-0.004944,0.0,0.000194,0.0,0.000065,-0.0,-0.000065,0.0,-0.000194,0.0,0.0,0.0,0.002197,
0.0,0.001978,0.882625,-0.000066,0.0,1.570796,0.0,0.009509,0.000207,0.0,0.0,0.0,-0.069624,-0.024232,0.001343,0.139766,-0.065627,0.024232,-0.090078,0.025331,0.006592,0.17947,-0.064896,-0.024354,-0.114611,0.174482,0.0,-0.071856,0.0,0.0,0.0,-0.145641,-0.174482,-0.0,-0.018189,0.0,0.0,0.0,0.0,0.0,0.0,0.0,-0.0,0.0,-0.0,0.0,-0.0,0.001953,-0.004944,0.0,0.000194,0.0,0.000065,0.0,-0.000065,0.0,-0.000194,0.0,0.0,0.0,0.002197,
0.0,0.002064,0.882621,-0.000066,0.0,1.570796,0.0,0.008662,-0.000335,0.0,0.0,0.0,-0.069523,-0.024232,0.001343,0.139766,-0.065627,0.024232,-0.0905,0.025331,0.006592,0.180463,-0.065329,-0.024354,-0.114556,0.174482,-0.0,-0.071856,0.0,0.0,0.0,-0.145641,-0.174482,-0.0,-0.018189,0.0,0.0,0.0,-0.0,0.0,-0.0,0.0,-0.0,0.0,-0.0,0.0,-0.0,0.001953,-0.004944,0.0,0.000194,0.0,0.000065,0.0,-0.000065,-0.0,-0.000194,0.0,0.0,0.0,0.002197,
-0.0,0.002151,0.882618,-0.000066,0.0,1.570796,-0.0,0.008662,-0.000335,0.0,0.0,0.0,-0.069422,-0.024232,0.001343,0.139766,-0.065627,0.024232,-0.090922,0.025331,0.006592,0.181456,-0.065763,-0.024354,-0.114501,0.174482,0.0,-0.071856,0.0,0.0,0.0,-0.145641,-0.174482,-0.0,-0.018189,0.0,0.0,0.0,-0.0,0.0,0.0,0.0,0.0,0.0,0.0,0.0,0.0,0.001953,-0.004944,0.0,0.000194,0.0,0.000065,0.0,-0.000065,0.0,-0.000194,0.0,0.0,0.0,0.002197,
0.0,0.002238,0.882614,-0.000066,0.0,1.570796,0.0,0.008662,-0.000335,0.0,0.0,0.0,-0.069321,-0.024232,0.001343,0.139766,-0.065627,0.024232,-0.091343,0.025331,0.006592,0.182448,-0.066197,-0.024354,-0.114446,0.174482,0.0,-0.071856,-0.0,0.0,0.0,-0.145641,-0.174482,-0.0,-0.018189,0.0,0.0,0.0,0.0,0.0,-0.0,0.0,-0.0,0.0,-0.0,0.0,-0.0,0.001953,-0.004944,0.0,0.000194,0.0,0.000065,0.0,-0.000065,0.0,-0.000194,0.0,0.0,0.0,0.002197,
0.0,0.002324,0.882611,-0.000066,0.0,1.570796,0.0,0.008662,-0.000335,0.0,0.0,0.0,-0.069221,-0.024232,0.001343,0.139766,-0.065627,0.024232,-0.0916,0.025331,0.006592,0.183166,-0.06663,-0.024354,-0.114446,0.174482,0.0,-0.071764,0.0,0.0,0.0,-0.145641,-0.174482,0.0,-0.018189,-0.0,0.0,0.0,0.0,0.0,-0.0,0.0,0.0,0.0,-0.0,-0.0,-0.0,0.001953,-0.004944,0.0,0.000194,0.0,0.000065,0.0,-0.000065,0.0,-0.000194,0.0,0.0,0.0,0.002289,
0.0,0.002411,0.882608,-0.000066,0.0,1.570796,-0.0,0.008662,-0.000335,0.0,0.0,0.0,-0.06912,-0.024232,0.001343,0.139766,-0.065627,0.024232,-0.091856,0.025331,0.006592,0.183883,-0.067064,-0.024354,-0.114446,0.174482,-0.0,-0.071673,0.0,0.0,0.0,-0.145641,-0.174482,-0.0,-0.018189,-0.0,-0.0,0.0,0.0,0.0,-0.0,0.0,-0.0,0.0,-0.0,0.0,-0.0,0.001953,-0.004944,0.0,0.000194,0.0,0.000065,0.0,-0.000065,0.0,-0.000194,0.0,0.0,0.0,0.00238,
0.0,0.002497,0.882604,-0.000066,0.0,1.570796,0.0,0.008662,-0.000335,0.0,0.0,0.0,-0.069019,-0.024232,0.001343,0.139766,-0.065627,0.024232,-0.092113,0.025331,0.006592,0.1846,-0.067497,-0.024354,-0.114446,0.174482,0.0,-0.071581,0.0,0.0,0.0,-0.145641,-0.174482,0.0,-0.018189,0.0,0.0,0.0,0.0,0.0,0.0,0.0,0.0,0.0,-0.0,0.0,-0.0,0.001953,-0.004944,0.0,0.000194,0.0,0.000065,0.0,-0.000065,0.0,-0.000194,0.0,0.0,0.0,0.002472,
0.0,0.002589,0.882615,-0.000066,0.0,1.570796,-0.0,0.009136,0.001031,0.0,0.0,0.0,-0.068918,-0.024232,0.001343,0.139766,-0.065627,0.024232,-0.091881,0.025331,0.006592,0.184361,-0.067508,-0.024354,-0.114409,0.174482,0.0,-0.071551,0.0,0.0,0.0,-0.14569,-0.174482,0.0,-0.018189,0.0,0.0,0.0,0.0,0.0,-0.0,0.0,-0.0,0.0,0.0,0.0,-0.0,0.001953,-0.004944,0.0,0.000194,0.0,0.000065,0.0,-0.000065,0.0,-0.000194,0.0,0.0,0.0,0.002564,
0.0,0.002682,0.882632,-0.000066,0.0,1.570796,0.0,0.009373,0.001717,0.0,0.0,0.0,-0.068818,-0.024232,0.001343,0.139766,-0.065627,0.024232,-0.091404,0.025331,0.006592,0.183644,-0.067306,-0.024354,-0.114354,0.174482,0.0,-0.071551,-0.0,-0.0,-0.0,-0.145763,-0.174482,0.0,-0.018189,0.0,0.0,0.0,0.0,-0.0,0.0,0.0,0.0,0.0,0.0,0.0,0.0,0.001953,-0.004944,0.0,0.000194,0.0,0.000065,0.0,-0.000065,0.0,-0.000194,0.0,-0.0,0.0,0.002655,
0.0,0.002776,0.882649,-0.000066,0.0,1.570796,0.0,0.009373,0.001725,0.0,0.0,0.0,-0.068717,-0.024232,0.001343,0.139766,-0.065627,0.024232,-0.090928,0.025331,0.006592,0.182927,-0.067104,-0.024354,-0.114299,0.174482,0.0,-0.071551,0.0,-0.0,0.0,-0.145837,-0.174482,0.0,-0.018189,0.0,0.0,0.0,-0.0,-0.0,-0.0,0.0,-0.0,0.0,-0.0,0.0,-0.0,0.001953,-0.004944,0.0,0.000194,0.0,0.000065,0.0,-0.000065,0.0,-0.000194,0.0,0.0,0.0,0.002747,
0.0,0.00287,0.882675,-0.000066,0.0,1.570796,0.0,0.009346,0.002595,0.0,0.0,0.0,-0.068616,-0.024232,0.001343,0.139766,-0.065627,0.024232,-0.090469,0.025331,0.006592,0.182234,-0.066933,-0.024354,-0.114287,0.174482,0.0,-0.071569,0.0,0.0,0.0,-0.145886,-0.174482,0.0,-0.018189,0.0,0.0,0.0,0.0,0.0,0.0,0.0,-0.0,0.0,-0.0,0.0,0.0,0.001953,-0.004944,0.0,0.000194,0.0,0.000065,0.0,-0.000065,0.0,-0.000194,0.0,0.0,0.0,0.002844,
0.0,0.002963,0.882718,-0.000066,0.0,1.570796,0.0,0.009291,0.004334,0.0,0.0,0.0,-0.068515,-0.024232,0.001343,0.139766,-0.065627,0.024232,-0.090048,0.025331,0.006592,0.18159,-0.066824,-0.024354,-0.11436,0.174482,0.0,-0.071624,0.0,0.0,0.0,-0.145886,-0.174482,0.0,-0.018189,-0.0,0.0,0.0,0.0,0.0,0.0,0.0,-0.0,0.0,0.0,0.0,0.0,0.001953,-0.004944,0.0,0.000194,0.0,0.000065,0.0,-0.000065,0.0,-0.000194,0.0,0.0,0.0,0.002954,
0.0,0.003055,0.882762,-0.000066,0.0,1.570796,0.0,0.009291,0.004342,0.0,0.0,0.0,-0.068414,-0.024232,0.001343,0.139766,-0.065627,0.024232,-0.089626,0.025331,0.006592,0.180947,-0.066714,-0.024354,-0.114434,0.174482,0.0,-0.071679,0.0,0.0,0.0,-0.145886,-0.174482,0.0,-0.018189,0.0,-0.0,0.0,-0.0,0.0,0.0,-0.0,0.0,0.0,0.0,0.0,0.0,0.001953,-0.004944,0.0,0.000194,0.0,0.000065,0.0,-0.000065,0.0,-0.000194,0.0,0.0,0.0,0.003064,
0.0,0.003148,0.882805,-0.000066,0.0,1.570796,0.0,0.009291,0.004342,0.0,0.0,0.0,-0.068314,-0.024232,0.001343,0.139766,-0.065627,0.024232,-0.089205,0.025331,0.006592,0.180303,-0.066604,-0.024354,-0.114507,0.174482,0.0,-0.071734,0.0,0.0,0.0,-0.145886,-0.174482,0.0,-0.018189,0.0,0.0,0.0,0.0,0.0,0.0,0.0,0.0,-0.0,-0.0,-0.0,-0.0,0.001953,-0.004944,0.0,0.000194,0.0,0.000065,0.0,-0.000065,0.0,-0.000194,0.0,0.0,0.0,0.003174,
0.0,0.003218,0.882814,-0.000066,0.0,1.570796,0.0,0.006918,0.000878,0.0,0.0,0.0,-0.068222,-0.024232,0.001343,0.139766,-0.065627,0.024232,-0.090268,0.025331,0.006592,0.182547,-0.067941,-0.024354,-0.114709,0.174482,0.0,-0.071853,0.0,0.0,0.0,-0.145886,-0.174482,0.0,-0.018189,-0.0,-0.0,0.0,0.0,0.0,-0.0,0.0,-0.0,0.0,0.0,0.0,-0.0,0.001953,-0.004944,-0.0,0.000194,0.0,0.000065,0.0,-0.000065,0.0,-0.000194,0.0,0.0,0.0,0.003174,
0.0,0.003287,0.882823,-0.000066,0.0,1.570796,0.0,0.006918,0.00087,0.0,0.0,0.0,-0.06813,-0.024232,0.001343,0.139766,-0.065627,0.024232,-0.091331,0.025331,0.006592,0.18479,-0.069279,-0.024354,-0.11491,0.174482,0.0,-0.071972,-0.0,0.0,0.0,-0.145886,-0.174482,0.0,-0.018189,-0.0,-0.0,0.0,0.0,0.0,-0.0,0.0,0.0,-0.0,-0.0,0.0,-0.0,0.001953,-0.004944,-0.0,0.000194,0.0,0.000065,0.0,-0.000065,0.0,-0.000194,0.0,0.0,0.0,0.003174,
0.0,0.003356,0.882831,-0.000066,0.0,1.570796,0.0,0.006918,0.000878,0.0,0.0,0.0,-0.068039,-0.024232,0.001343,0.139766,-0.065627,0.024232,-0.092394,0.025331,0.006592,0.187034,-0.070616,-0.024354,-0.115112,0.174482,0.0,-0.072091,-0.0,0.0,-0.0,-0.145886,-0.174482,0.0,-0.018189,-0.0,-0.0,0.0,0.0,0.0,-0.0,0.0,0.0,0.0,-0.0,0.0,0.0,0.001953,-0.004944,-0.0,0.000194,0.0,0.000065,0.0,-0.000065,0.0,-0.000194,0.0,0.0,0.0,0.003174,
0.0,0.003423,0.88282,-0.000066,0.0,1.570796,0.0,0.00669,-0.001129,0.0,0.0,0.0,-0.067959,-0.024232,0.001343,0.139766,-0.065627,0.024232,-0.093066,0.025331,0.006568,0.188493,-0.071453,-0.024354,-0.115338,0.174482,-0.0,-0.07221,0.0,-0.0,-0.0,-0.145886,-0.174482,0.0,-0.018189,0.0,0.0,0.0,-0.0,-0.0,0.0,0.0,0.0,0.0,-0.0,0.0,0.0,0.001953,-0.004944,0.0,0.000194,0.0,0.000065,0.0,-0.000065,0.0,-0.000194,0.0,0.0,0.0,0.003235,
0.0,0.003489,0.882799,-0.000066,0.0,1.570796,0.0,0.006576,-0.002121,0.0,0.0,0.0,-0.067886,-0.024232,0.001343,0.139766,-0.065627,0.024232,-0.093543,0.025331,0.006531,0.18956,-0.072039,-0.024354,-0.115577,0.174482,0.0,-0.072329,0.0,0.0,0.0,-0.145886,-0.174482,0.0,-0.018189,0.0,0.0,0.0,0.0,0.0,0.0,0.0,-0.0,0.0,-0.0,0.0,0.0,0.001953,-0.004944,0.0,0.000194,0.0,0.000065,0.0,-0.000065,0.0,-0.000194,0.0,-0.0,0.0,0.003327,
0.0,0.003554,0.882778,-0.000066,0.0,1.570796,0.0,0.006576,-0.002121,0.0,0.0,0.0,-0.067813,-0.024232,0.001343,0.139766,-0.065627,0.024232,-0.094019,0.025331,0.006494,0.190626,-0.072626,-0.024354,-0.115815,0.174482,0.0,-0.072448,0.0,0.0,0.0,-0.145886,-0.174482,0.0,-0.018189,0.0,0.0,0.0,0.0,0.0,0.0,0.0,-0.0,0.0,-0.0,0.0,0.0,0.001953,-0.004944,0.0,0.000194,0.0,0.000065,0.0,-0.000065,0.0,-0.000194,0.0,-0.0,0.0,0.003418,
0.0,0.003621,0.882748,-0.000066,0.0,1.570796,0.0,0.006631,-0.002952,0.0,0.0,0.0,-0.06774,-0.024232,0.001343,0.139766,-0.065668,0.024232,-0.094447,0.025331,0.006458,0.191601,-0.07312,-0.024354,-0.116042,0.174482,0.0,-0.072565,-0.0,0.0,0.0,-0.145886,-0.174482,0.0,-0.018189,-0.0,0.0,0.0,0.0,0.0,-0.0,0.0,0.0,0.0,-0.0,0.0,-0.0,0.001953,-0.004944,0.0,0.000194,0.0,0.000065,0.0,-0.000065,0.0,-0.000194,0.0,-0.0,0.0,0.003479,
-0.0,0.003688,0.882702,-0.000066,0.0,1.570796,-0.0,0.006741,-0.004592,0.0,0.0,0.0,-0.067666,-0.024232,0.001343,0.139766,-0.065793,0.024232,-0.094777,0.025331,0.006421,0.192392,-0.073432,-0.024354,-0.116243,0.174482,-0.0,-0.072674,-0.0,0.0,0.0,-0.145886,-0.174482,0.0,-0.018189,-0.0,0.0,0.0,0.0,0.0,0.0,0.0,-0.0,-0.0,0.0,0.0,-0.0,0.001953,-0.004944,0.0,0.000194,0.0,0.000065,0.0,-0.000065,0.0,-0.000194,0.0,-0.0,0.0,0.003479,
0.0,0.003755,0.882656,-0.000066,0.0,1.570796,0.0,0.006741,-0.0046,0.0,0.0,0.0,-0.067593,-0.024232,0.001343,0.139766,-0.065917,0.024232,-0.095107,0.025331,0.006384,0.193183,-0.073743,-0.024354,-0.116445,0.174482,0.0,-0.072784,0.0,0.0,0.0,-0.145886,-0.174482,0.0,-0.018189,-0.0,0.0,0.0,-0.0,0.0,-0.0,0.0,-0.0,0.0,-0.0,0.0,0.0,0.001953,-0.004944,0.0,0.000194,0.0,0.000065,0.0,-0.000065,0.0,-0.000194,0.0,-0.0,0.0,0.003479,
0.0,0.003823,0.88261,-0.000066,0.0,1.570796,0.0,0.006741,-0.004592,0.0,0.0,0.0,-0.06752,-0.024232,0.001343,0.139766,-0.066042,0.024232,-0.095437,0.025331,0.006348,0.193974,-0.074055,-0.024354,-0.116647,0.174482,0.0,-0.072894,0.0,0.0,0.0,-0.145886,-0.174482,0.0,-0.018189,-0.0,0.0,0.0,0.0,0.0,-0.0,0.0,0.0,0.0,0.0,0.0,0.0,0.001953,-0.004944,0.0,0.000194,0.0,0.000065,0.0,-0.000065,0.0,-0.000194,0.0,-0.0,0.0,0.003479,
0.0,0.003884,0.882591,-0.000066,0.0,1.570796,0.0,0.006152,-0.001937,0.0,0.0,0.0,-0.067446,-0.024232,0.001343,0.139766,-0.066166,0.024232,-0.094557,0.025331,0.006348,0.192392,-0.073212,-0.024354,-0.116775,0.174482,0.0,-0.072894,-0.0,0.0,0.0,-0.145959,-0.174482,-0.0,-0.018263,-0.0,0.0,0.0,0.0,0.0,-0.0,0.0,-0.0,-0.0,-0.0,0.0,-0.0,0.001953,-0.004944,0.0,0.000194,0.0,0.000065,0.0,-0.000065,0.0,-0.000194,0.0,-0.0,0.0,0.003479,
0.0,0.003946,0.882572,-0.000066,0.0,1.570796,0.0,0.006152,-0.001945,0.0,0.0,0.0,-0.067373,-0.024232,0.001343,0.139766,-0.066291,0.024232,-0.093677,0.025331,0.006348,0.19081,-0.072369,-0.024354,-0.116904,0.174482,0.0,-0.072894,-0.0,0.0,0.0,-0.146033,-0.174482,0.0,-0.018336,0.0,0.0,0.0,0.0,0.0,-0.0,0.0,-0.0,0.0,-0.0,0.0,-0.0,0.001953,-0.004944,0.0,0.000194,0.0,0.000065,0.0,-0.000065,0.0,-0.000194,0.0,-0.0,0.0,0.003479,
0.0,0.004007,0.882552,-0.000066,0.0,1.570796,0.0,0.006152,-0.001937,0.0,0.0,0.0,-0.0673,-0.024232,0.001343,0.139766,-0.066416,0.024232,-0.092797,0.025331,0.006348,0.189228,-0.071526,-0.024354,-0.117032,0.174482,-0.0,-0.072894,-0.0,0.0,0.0,-0.146106,-0.174482,-0.0,-0.018409,0.0,-0.0,0.0,0.0,0.0,-0.0,0.0,-0.0,0.0,-0.0,0.0,-0.0,0.001953,-0.004944,0.0,0.000194,0.0,0.000065,0.0,-0.000065,0.0,-0.000194,0.0,-0.0,0.0,0.003479,
0.0,0.00407,0.88254,-0.000066,0.0,1.570796,-0.0,0.006264,-0.001236,0.0,0.0,0.0,-0.067227,-0.024232,0.001343,0.139766,-0.06654,0.024232,-0.092394,0.025331,0.006348,0.188579,-0.071245,-0.024354,-0.117075,0.174482,0.0,-0.072894,0.0,0.0,0.0,-0.146216,-0.174482,0.0,-0.018433,0.0,0.0,0.0,-0.0,0.0,0.0,0.0,0.0,0.0,-0.0,0.0,-0.0,0.001953,-0.004944,0.0,0.000194,0.0,0.000065,0.0,-0.000065,0.0,-0.000194,0.0,-0.0,0.0,0.003479,
0.0,0.004133,0.882531,-0.000066,0.0,1.570796,0.0,0.00632,-0.000877,0.0,0.0,0.0,-0.067153,-0.024232,0.001343,0.139766,-0.066665,0.024232,-0.092229,0.025331,0.006348,0.188395,-0.071245,-0.024354,-0.117075,0.174482,0.0,-0.072894,0.0,0.0,0.0,-0.146345,-0.174482,0.0,-0.018433,0.0,0.0,0.0,-0.0,0.0,0.0,0.0,0.0,0.0,-0.0,0.0,-0.0,0.001953,-0.004944,0.0,0.000194,0.0,0.000065,0.0,-0.000065,0.0,-0.000194,0.0,-0.0,0.0,0.003479,
0.0,0.004197,0.882522,-0.000066,0.0,1.570796,0.0,0.006321,-0.000885,0.0,0.0,0.0,-0.06708,-0.024232,0.001343,0.139766,-0.066789,0.024232,-0.092064,0.025331,0.006348,0.188211,-0.071245,-0.024354,-0.117075,0.174482,0.0,-0.072894,0.0,0.0,0.0,-0.146473,-0.174482,0.0,-0.018433,-0.0,0.0,-0.0,-0.0,0.0,0.0,0.0,0.0,0.0,-0.0,0.0,-0.0,0.001953,-0.004944,0.0,0.000194,-0.0,0.000065,0.0,-0.000065,0.0,-0.000194,0.0,-0.0,0.0,0.003479,
-0.0,0.00426,0.882513,-0.000066,0.0,1.570796,-0.0,0.00632,-0.000877,0.0,0.0,0.0,-0.067007,-0.024232,0.001343,0.139766,-0.066914,0.024232,-0.091844,0.025331,0.006348,0.187923,-0.071178,-0.024354,-0.117075,0.174482,0.0,-0.072894,0.0,0.0,0.0,-0.14659,-0.174482,0.0,-0.018433,0.0,0.0,0.0,-0.0,0.0,0.0,0.0,0.0,0.0,-0.0,0.0,-0.0,0.001953,-0.004944,0.0,0.000194,0.0,0.000065,-0.0,-0.000065,0.0,-0.000194,0.0,-0.0,0.0,0.003479,
0.0,0.004323,0.882505,-0.000066,0.0,1.570796,0.0,0.00632,-0.000877,0.0,0.0,0.0,-0.066933,-0.024232,0.001343,0.139766,-0.067039,0.024232,-0.091514,0.025331,0.006348,0.187426,-0.070977,-0.024354,-0.117075,0.174482,0.0,-0.072894,0.0,0.0,0.0,-0.146681,-0.174482,-0.0,-0.018433,0.0,0.0,0.0,-0.0,0.0,0.0,0.0,0.0,0.0,-0.0,0.0,-0.0,0.001953,-0.004944,0.0,0.000194,0.0,0.000065,0.0,-0.000065,0.0,-0.000194,0.0,-0.0,0.0,0.003479,
0.0,0.004386,0.882496,-0.000066,0.0,1.570796,0.0,0.00632,-0.000885,0.0,0.0,0.0,-0.06686,-0.024232,0.001343,0.139766,-0.067163,0.024232,-0.091184,0.025331,0.006348,0.186929,-0.070775,-0.024354,-0.117075,0.174482,0.0,-0.072894,0.0,0.0,0.0,-0.146773,-0.174482,0.0,-0.018433,0.0,0.0,-0.0,-0.0,0.0,0.0,0.0,0.0,0.0,-0.0,0.0,-0.0,0.001953,-0.004944,0.0,0.000194,0.0,0.000065,0.0,-0.000065,0.0,-0.000194,0.0,-0.0,0.0,0.003479,
0.0,0.004449,0.882487,-0.000066,0.0,1.570796,-0.0,0.00632,-0.000877,0.0,0.0,0.0,-0.066787,-0.024232,0.001343,0.139766,-0.067288,0.024232,-0.090854,0.025331,0.006348,0.186433,-0.070573,-0.024354,-0.117075,0.174482,0.0,-0.072894,0.0,0.0,0.0,-0.146865,-0.174482,0.0,-0.018433,0.0,0.0,0.0,-0.0,0.0,0.0,0.0,0.0,0.0,-0.0,0.0,-0.0,0.001953,-0.004944,0.0,0.000194,0.0,0.000065,0.0,-0.000065,0.0,-0.000194,0.0,-0.0,0.0,0.003479,
0.0,0.004535,0.882479,-0.000066,0.0,1.570796,0.0,0.008531,-0.000801,0.0,0.0,0.0,-0.066686,-0.024232,0.001398,0.139766,-0.067412,0.024232,-0.090561,0.025331,0.006348,0.186065,-0.070573,-0.024354,-0.116928,0.174482,0.0,-0.072894,-0.0,0.0,0.0,-0.146792,-0.174482,0.0,-0.018433,0.0,0.0,0.0,0.0,0.0,-0.0,0.0,-0.0,0.0,0.0,0.0,0.0,0.001953,-0.004944,0.0,0.000194,0.0,0.000065,0.0,-0.000065,0.0,-0.000194,0.0,0.0,0.0,0.003571,
0.0,0.00462,0.882471,-0.000066,0.0,1.570796,0.0,0.008531,-0.000793,0.0,0.0,0.0,-0.066585,-0.024232,0.001453,0.139766,-0.067537,0.024232,-0.090268,0.025331,0.006348,0.185697,-0.070573,-0.024354,-0.116781,0.174482,0.0,-0.072894,0.0,0.0,0.0,-0.146718,-0.174482,0.0,-0.018433,-0.0,0.0,0.0,-0.0,0.0,0.0,0.0,0.0,0.0,-0.0,0.0,0.0,0.001953,-0.004944,0.0,0.000194,0.0,0.000065,0.0,-0.000065,0.0,-0.000194,0.0,0.0,0.0,0.003662,
0.0,0.004705,0.882463,-0.000066,0.0,1.570796,0.0,0.008531,-0.000801,0.0,0.0,0.0,-0.066485,-0.024232,0.001508,0.139766,-0.067661,0.024232,-0.089975,0.025331,0.006348,0.185329,-0.070573,-0.024354,-0.116635,0.174482,0.0,-0.072894,0.0,0.0,0.0,-0.146645,-0.174482,0.0,-0.018433,0.0,0.0,0.0,-0.0,0.0,-0.0,0.0,0.0,0.0,-0.0,0.0,0.0,0.001953,-0.004944,0.0,0.000194,0.0,0.000065,0.0,-0.000065,0.0,-0.000194,0.0,0.0,0.0,0.003754,
0.0,0.004791,0.882455,-0.000066,0.0,1.570796,0.0,0.008531,-0.000793,0.0,0.0,0.0,-0.066384,-0.024232,0.001526,0.139766,-0.067779,0.024232,-0.089474,0.025331,0.006348,0.184545,-0.070378,-0.024354,-0.116525,0.174482,0.0,-0.072827,0.0,0.0,0.0,-0.146547,-0.174482,0.0,-0.018385,0.0,0.0,0.0,-0.0,0.0,0.0,0.0,-0.0,0.0,0.0,0.0,0.0,0.001953,-0.004944,0.0,0.000194,-0.0,0.000065,0.0,-0.000065,0.0,-0.000194,0.0,0.0,0.0,0.003845,
0.0,0.004876,0.882447,-0.000066,0.0,1.570796,0.0,0.008531,-0.000801,0.0,0.0,0.0,-0.066283,-0.024232,0.001526,0.139766,-0.067894,0.024232,-0.088869,0.025331,0.006348,0.183552,-0.070085,-0.024354,-0.116433,0.174482,0.0,-0.072726,0.0,0.0,0.0,-0.146437,-0.174482,0.0,-0.018311,0.0,0.0,0.0,0.0,0.0,-0.0,0.0,-0.0,0.0,-0.0,0.0,-0.0,0.001953,-0.004944,0.0,0.000194,-0.0,0.000065,-0.0,-0.000065,0.0,-0.000194,0.0,0.0,0.0,0.003937,
0.0,0.004961,0.882439,-0.000066,0.0,1.570796,0.0,0.008531,-0.000793,0.0,0.0,0.0,-0.066182,-0.024232,0.001526,0.139766,-0.068008,0.024232,-0.088264,0.025331,0.006348,0.182559,-0.069792,-0.024354,-0.116341,0.174482,0.0,-0.072626,0.0,0.0,0.0,-0.146326,-0.174482,0.0,-0.018238,0.0,0.0,0.0,-0.0,0.0,-0.0,0.0,0.0,0.0,0.0,-0.0,0.0,0.001953,-0.004944,0.0,0.000194,0.0,0.000065,-0.0,-0.000065,0.0,-0.000194,0.0,0.0,0.0,0.004028,
0.0,0.005048,0.882431,-0.000066,0.0,1.570796,0.0,0.008679,-0.000854,0.0,0.0,0.0,-0.066078,-0.024232,0.001526,0.139766,-0.068123,0.024232,-0.08783,0.025331,0.006348,0.181897,-0.069682,-0.024354,-0.116249,0.174482,0.0,-0.072525,0.0,0.0,0.0,-0.146207,-0.174482,0.0,-0.018165,0.0,0.0,0.0,-0.0,0.0,-0.0,0.0,-0.0,0.0,-0.0,0.0,-0.0,0.001953,-0.004944,0.0,0.000194,0.0,0.000065,0.0,-0.000065,0.0,-0.000194,0.0,0.0,0.0,0.004132,
0.0,0.005138,0.882421,-0.000066,0.0,1.570796,0.0,0.008974,-0.000945,0.0,0.0,0.0,-0.065969,-0.024232,0.001526,0.139766,-0.068237,0.024232,-0.087738,0.025331,0.006348,0.181897,-0.069938,-0.024354,-0.116158,0.174482,0.0,-0.072424,0.0,0.0,0.0,-0.146069,-0.174482,0.0,-0.018092,0.0,0.0,0.0,-0.0,0.0,-0.0,0.0,-0.0,0.0,0.0,0.0,-0.0,0.001953,-0.004944,0.0,0.000194,0.0,0.000065,0.0,-0.000065,0.0,-0.000194,0.0,-0.0,0.0,0.00426,
0.0,0.005227,0.882412,-0.000066,0.0,1.570796,0.0,0.008975,-0.000953,0.0,0.0,0.0,-0.065859,-0.024232,0.001526,0.139766,-0.068352,0.024232,-0.087647,0.025331,0.006348,0.181897,-0.070195,-0.024354,-0.116066,0.174482,0.0,-0.072323,-0.0,0.0,0.0,-0.145932,-0.174482,0.0,-0.018018,0.0,0.0,0.0,0.0,0.0,0.0,0.0,-0.0,0.0,0.0,0.0,-0.0,0.001953,-0.004944,0.0,0.000194,-0.0,0.000065,0.0,-0.000065,0.0,-0.000194,0.0,0.0,0.0,0.004389,
0.0,0.005317,0.882402,-0.000066,0.0,1.570796,0.0,0.008974,-0.000953,0.0,0.0,0.0,-0.065749,-0.024232,0.001526,0.139766,-0.068466,0.024232,-0.087555,0.025331,0.006348,0.181897,-0.070451,-0.024354,-0.115974,0.174482,0.0,-0.072222,-0.0,0.0,-0.0,-0.145794,-0.174482,-0.0,-0.017945,-0.0,0.0,0.0,0.0,0.0,-0.0,0.0,0.0,0.0,0.0,0.0,0.0,0.001953,-0.004944,0.0,0.000194,0.0,0.000065,0.0,-0.000065,0.0,-0.000194,0.0,-0.0,0.0,0.004517,
0.0,0.005429,0.882392,-0.000066,0.0,1.570796,0.0,0.011175,-0.000999,0.0,0.0,0.0,-0.06562,-0.024232,0.001526,0.139766,-0.068581,0.024232,-0.087079,0.025331,0.006348,0.181253,-0.070476,-0.024354,-0.115791,0.174482,-0.0,-0.072076,0.0,0.0,0.0,-0.145656,-0.174482,0.0,-0.017854,0.0,0.0,0.0,0.0,0.0,0.0,0.0,0.0,0.0,0.0,0.0,0.0,0.001953,-0.004944,0.0,0.000194,0.0,0.000065,0.0,-0.000065,0.0,-0.000194,0.0,-0.0,0.0,0.00459,
0.0,0.005541,0.882382,-0.000066,0.0,1.570796,0.0,0.011175,-0.001006,0.0,0.0,0.0,-0.065492,-0.024232,0.001526,0.139766,-0.068695,0.024232,-0.086602,0.025331,0.006348,0.18061,-0.0705,-0.024354,-0.115607,0.174482,-0.0,-0.071929,0.0,0.0,0.0,-0.145519,-0.174482,0.0,-0.017762,-0.0,0.0,0.0,-0.0,0.0,-0.0,0.0,-0.0,-0.0,0.0,0.0,-0.0,0.001953,-0.004944,0.0,0.000194,0.0,0.000065,0.0,-0.000065,0.0,-0.000194,0.0,0.0,0.0,0.004663,
0.0,0.005652,0.882372,-0.000066,0.0,1.570796,0.0,0.011175,-0.000999,0.0,0.0,0.0,-0.065364,-0.024232,0.001526,0.139766,-0.06881,0.024232,-0.086125,0.025331,0.006348,0.179966,-0.070525,-0.024354,-0.115424,0.174482,-0.0,-0.071783,-0.0,0.0,0.0,-0.145381,-0.174482,0.0,-0.01767,0.0,0.0,0.0,0.0,0.0,-0.0,0.0,-0.0,0.0,0.0,0.0,0.0,0.001953,-0.004944,0.0,0.000194,0.0,0.000065,-0.0,-0.000065,0.0,-0.000194,0.0,0.0,0.0,0.004736,
0.0,0.005782,0.882361,-0.000066,0.0,1.570796,0.0,0.012959,-0.001121,0.0,0.0,0.0,-0.065224,-0.024232,0.001526,0.139766,-0.068924,0.024232,-0.085759,0.025331,0.006348,0.179531,-0.070549,-0.024354,-0.115228,0.174482,0.0,-0.071636,0.0,0.0,0.0,-0.145261,-0.174482,0.0,-0.017591,-0.0,0.0,0.0,-0.0,0.0,0.0,0.0,0.0,0.0,0.0,0.0,0.0,0.001953,-0.004944,0.0,0.000194,0.0,0.000065,0.0,-0.000065,0.0,-0.000194,0.0,0.0,0.0,0.004761,
0.0,0.005921,0.882349,-0.000066,0.0,1.570796,0.0,0.013851,-0.001166,0.0,0.0,0.0,-0.065077,-0.024232,0.001526,0.139766,-0.069039,0.024232,-0.085447,0.025331,0.006348,0.1792,-0.070573,-0.024354,-0.115027,0.174482,0.0,-0.07149,-0.0,-0.0,-0.0,-0.145151,-0.174482,0.0,-0.017518,-0.0,0.0,0.0,0.0,-0.0,0.0,-0.0,-0.0,0.0,-0.0,0.0,0.0,0.001953,-0.004944,0.0,0.000194,-0.0,0.000065,0.0,-0.000065,0.0,-0.000194,0.0,0.0,0.0,0.004761,
0.0,0.006059,0.882338,-0.000066,0.0,1.570796,0.0,0.013851,-0.001174,0.0,0.0,0.0,-0.06493,-0.024232,0.001526,0.139766,-0.069153,0.024232,-0.085136,0.025331,0.006348,0.178869,-0.070598,-0.024354,-0.114825,0.174482,-0.0,-0.071343,-0.0,0.0,0.0,-0.145041,-0.174482,0.0,-0.017445,0.0,0.0,0.0,0.0,0.0,-0.0,0.0,-0.0,0.0,0.0,0.0,-0.0,0.001953,-0.004944,0.0,0.000194,0.0,0.000065,0.0,-0.000065,-0.0,-0.000194,0.0,0.0,0.0,0.004761,
0.0,0.006207,0.882325,-0.000066,0.0,1.570796,0.0,0.014828,-0.001235,0.0,0.0,0.0,-0.064765,-0.024232,0.001526,0.139766,-0.069315,0.024232,-0.084739,0.025331,0.006348,0.17841,-0.070622,-0.024354,-0.114629,0.174482,-0.0,-0.071196,0.0,0.0,0.0,-0.144949,-0.174482,0.0,-0.017396,0.0,0.0,0.0,0.0,0.0,-0.0,0.0,0.0,0.0,-0.0,-0.0,-0.0,0.001953,-0.004944,0.0,0.000194,0.0,0.000065,-0.0,-0.000065,0.0,-0.000194,0.0,0.0,0.0,0.004761,
0.0,0.006375,0.882312,-0.000066,0.0,1.570796,0.0,0.016783,-0.001342,0.0,0.0,0.0,-0.064564,-0.024232,0.001526,0.139766,-0.069572,0.024232,-0.084171,0.025331,0.006348,0.177693,-0.070647,-0.024354,-0.114446,0.174482,-0.0,-0.07105,0.0,-0.0,0.0,-0.144894,-0.174482,0.0,-0.017396,0.0,0.0,0.0,-0.0,-0.0,-0.0,-0.0,0.0,0.0,-0.0,0.0,-0.0,0.001953,-0.004944,0.0,0.000194,0.0,0.000065,0.0,-0.000065,0.0,-0.000194,0.0,0.0,0.0,0.004761,
0.0,0.006543,0.882298,-0.000066,0.0,1.570796,0.0,0.016783,-0.001349,0.0,0.0,0.0,-0.064362,-0.024232,0.001526,0.139766,-0.069828,0.024232,-0.083602,0.025331,0.006348,0.176976,-0.070671,-0.024354,-0.114262,0.174482,0.0,-0.070903,0.0,0.0,0.0,-0.144839,-0.174482,0.0,-0.017396,-0.0,0.0,-0.0,-0.0,0.0,0.0,0.0,0.0,0.0,-0.0,0.0,0.0,0.001953,-0.004944,0.0,0.000194,0.0,0.000065,0.0,-0.000065,0.0,-0.000194,0.0,0.0,0.0,0.004761,
0.0,0.006711,0.882285,-0.000066,0.0,1.570796,0.0,0.016783,-0.001342,0.0,0.0,0.0,-0.064161,-0.024232,0.001526,0.139766,-0.070085,0.024232,-0.083034,0.025331,0.006348,0.176259,-0.070696,-0.024354,-0.114079,0.174482,-0.0,-0.070757,0.0,0.0,0.0,-0.144784,-0.174482,-0.0,-0.017396,0.0,0.0,0.0,0.0,0.0,0.0,0.0,-0.0,0.0,0.0,0.0,0.0,0.001953,-0.004944,0.0,0.000194,0.0,0.000065,0.0,-0.000065,0.0,-0.000194,0.0,0.0,0.0,0.004761,
0.0,0.006917,0.882272,-0.000066,0.0,1.570796,0.0,0.02062,-0.001242,0.0,0.0,0.0,-0.063941,-0.024232,0.001526,0.139766,-0.070341,0.024232,-0.082521,0.025331,0.006372,0.175726,-0.070696,-0.024354,-0.113877,0.174482,-0.0,-0.07061,-0.0,0.0,-0.0,-0.144674,-0.174482,0.0,-0.017396,-0.0,0.0,-0.0,0.0,0.0,-0.0,0.0,0.0,0.0,-0.0,0.0,-0.0,0.001953,-0.004944,0.0,0.000194,0.0,0.000065,0.0,-0.000065,0.0,-0.000194,0.0,0.0,0.0,0.004633,
0.0,0.007123,0.88226,-0.000066,0.0,1.570796,0.0,0.02062,-0.001242,0.0,0.0,0.0,-0.063721,-0.024232,0.001526,0.139766,-0.070598,0.024232,-0.082008,0.025331,0.006397,0.175193,-0.070696,-0.024354,-0.113676,0.174482,0.0,-0.070464,-0.0,0.0,0.0,-0.144564,-0.174482,0.0,-0.017396,0.0,0.0,0.0,0.0,0.0,0.0,0.0,0.0,0.0,0.0,0.0,0.0,0.001953,-0.004944,0.0,0.000194,0.0,0.000065,0.0,-0.000065,0.0,-0.000194,0.0,0.0,0.0,0.004505,
0.0,0.007329,0.882248,-0.000066,0.0,1.570796,-0.0,0.02062,-0.00125,0.0,0.0,0.0,-0.063501,-0.024232,0.001526,0.139766,-0.070854,0.024232,-0.081495,0.025331,0.006421,0.17466,-0.070696,-0.024354,-0.113474,0.174482,0.0,-0.070317,0.0,-0.0,0.0,-0.144454,-0.174482,0.0,-0.017396,0.0,0.0,0.0,0.0,-0.0,-0.0,0.0,0.0,0.0,0.0,-0.0,0.0,0.001953,-0.004944,0.0,0.000194,0.0,0.000065,0.0,-0.000065,0.0,-0.000194,0.0,0.0,0.0,0.004376,
0.0,0.007562,0.882235,-0.000066,0.0,1.570796,0.0,0.023243,-0.001273,0.0,0.0,0.0,-0.063233,-0.024232,0.001575,0.139766,-0.071111,0.024232,-0.081006,0.025331,0.006446,0.174212,-0.070879,-0.024354,-0.113296,0.174482,-0.0,-0.070207,0.0,0.0,0.0,-0.144344,-0.174482,0.0,-0.017347,0.0,0.0,0.0,0.0,0.0,0.0,0.0,-0.0,0.0,0.0,0.0,0.0,0.001953,-0.004944,0.0,0.000194,-0.0,0.000065,0.0,-0.000065,0.0,-0.000194,0.0,0.0,0.0,0.004297,
0.0,0.007807,0.882222,-0.000066,0.0,1.570796,-0.0,0.024554,-0.001288,0.0,0.0,0.0,-0.06294,-0.024232,0.001648,0.139766,-0.071367,0.024232,-0.08053,0.025331,0.00647,0.173808,-0.071154,-0.024354,-0.113131,0.174482,0.0,-0.070115,-0.0,-0.0,-0.0,-0.144233,-0.174482,0.0,-0.017274,0.0,0.0,0.0,0.0,-0.0,0.0,-0.0,0.0,0.0,0.0,0.0,-0.0,0.001953,-0.004944,0.0,0.000194,0.0,0.000065,0.0,-0.000065,0.0,-0.000194,0.0,0.0,0.0,0.004242,
0.0,0.008053,0.882209,-0.000066,0.0,1.570796,0.0,0.024554,-0.001288,0.0,0.0,0.0,-0.062646,-0.024232,0.001721,0.139766,-0.071624,0.024232,-0.080053,0.025331,0.006494,0.173404,-0.071428,-0.024354,-0.112966,0.174482,0.0,-0.070024,0.0,0.0,0.0,-0.144123,-0.174482,0.0,-0.0172,0.0,-0.0,0.0,0.0,0.0,-0.0,0.0,-0.0,0.0,0.0,0.0,0.0,0.001953,-0.004944,0.0,0.000194,0.0,0.000065,0.0,-0.000065,0.0,-0.000194,0.0,0.0,0.0,0.004187,
0.0,0.00831,0.882196,-0.000066,0.0,1.570796,0.0,0.025689,-0.001349,0.0,0.0,0.0,-0.062482,-0.024232,0.001781,0.140011,-0.072003,0.024232,-0.079442,0.025331,0.006519,0.172773,-0.071575,-0.024354,-0.112856,0.174482,0.0,-0.069963,0.0,0.0,-0.0,-0.144025,-0.174482,-0.0,-0.017152,-0.0,0.0,0.0,-0.0,0.0,0.0,0.0,0.0,0.0,0.0,0.0,0.0,0.001953,-0.004944,0.0,0.000194,0.0,0.000065,0.0,-0.000065,0.0,-0.000194,0.0,0.0,0.0,0.004151,
0.0,0.008589,0.882181,-0.000066,0.0,1.570796,0.0,0.027958,-0.001478,0.0,0.0,0.0,-0.062573,-0.024232,0.001814,0.140745,-0.072626,0.024232,-0.078563,0.025331,0.006543,0.171688,-0.071465,-0.024354,-0.112856,0.174482,0.0,-0.069963,-0.0,0.0,0.0,-0.143952,-0.174482,-0.0,-0.017152,0.0,0.0,0.0,0.0,0.0,0.0,0.0,0.0,0.0,-0.0,0.0,0.0,0.001953,-0.004944,0.0,0.000194,0.0,0.000065,0.0,-0.000065,0.0,-0.000194,0.0,0.0,0.0,0.004151,
0.0,0.008869,0.882166,-0.000066,0.0,1.570796,-0.0,0.027958,-0.001471,0.0,0.0,0.0,-0.062665,-0.024232,0.001847,0.14148,-0.073249,0.024232,-0.077683,0.025331,0.006568,0.170604,-0.071355,-0.024354,-0.112856,0.174482,0.0,-0.069963,0.0,0.0,-0.0,-0.143878,-0.174482,0.0,-0.017152,0.0,0.0,0.0,-0.0,0.0,0.0,0.0,0.0,0.0,0.0,0.0,0.0,0.001953,-0.004944,0.0,0.000194,0.0,0.000065,0.0,-0.000065,0.0,-0.000194,0.0,0.0,0.0,0.004151,
0.0,0.009149,0.882151,-0.000066,0.0,1.570796,0.0,0.027958,-0.001471,0.0,0.0,0.0,-0.062756,-0.024232,0.00188,0.142214,-0.073872,0.024232,-0.076803,0.025331,0.006592,0.16952,-0.071245,-0.024354,-0.112856,0.174482,0.0,-0.069963,0.0,0.0,-0.0,-0.143805,-0.174482,0.0,-0.017152,0.0,0.0,0.0,-0.0,0.0,0.0,0.0,0.0,0.0,0.0,0.0,0.0,0.001953,-0.004944,0.0,0.000194,0.0,0.000065,0.0,-0.000065,0.0,-0.000194,0.0,0.0,0.0,0.004151,
0.0,0.009458,0.882132,-0.000066,0.0,1.570796,0.0,0.03095,-0.001943,0.0,0.0,0.0,-0.063782,-0.024232,0.001913,0.144894,-0.075447,0.024232,-0.076034,0.025331,0.006592,0.168711,-0.07141,-0.024354,-0.112856,0.174482,0.0,-0.069963,0.0,0.0,-0.0,-0.143805,-0.174482,0.0,-0.01706,-0.0,0.0,-0.0,-0.0,0.0,0.0,0.0,0.0,0.0,0.0,0.0,0.0,0.001953,-0.004944,0.0,0.000194,0.0,0.000065,-0.0,-0.000065,0.0,-0.000194,0.0,0.0,0.0,0.004151,
0.0,0.009768,0.882113,-0.000066,0.0,1.570796,0.0,0.03095,-0.001951,0.0,0.0,0.0,-0.064808,-0.024232,0.001946,0.147575,-0.077023,0.024232,-0.075264,0.025331,0.006592,0.167903,-0.071575,-0.024354,-0.112856,0.174482,0.0,-0.069963,0.0,0.0,-0.0,-0.143805,-0.174482,0.0,-0.016968,0.0,0.0,-0.0,-0.0,0.0,0.0,0.0,0.0,0.0,0.0,0.0,0.0,0.001953,-0.004944,0.0,0.000194,0.0,0.000065,0.0,-0.000065,0.0,-0.000194,-0.0,0.0,0.0,0.004151,
0.0,0.010077,0.882093,-0.000066,0.0,1.570796,0.0,0.03095,-0.001943,0.0,0.0,0.0,-0.065834,-0.024232,0.001979,0.150256,-0.078599,0.024232,-0.074495,0.025331,0.006592,0.167094,-0.07174,-0.024354,-0.112856,0.174482,0.0,-0.069963,0.0,0.0,-0.0,-0.143805,-0.174482,0.0,-0.016877,0.0,0.0,0.0,-0.0,0.0,0.0,0.0,0.0,0.0,0.0,0.0,0.0,0.001953,-0.004944,0.0,0.000194,0.0,0.000065,0.0,-0.000065,0.0,-0.000194,0.0,0.0,0.0,0.004151,
0.0,0.010414,0.882072,-0.000066,0.0,1.570796,0.0,0.033663,-0.002103,0.0,0.0,0.0,-0.066665,-0.024232,0.002012,0.152619,-0.080016,0.024232,-0.073774,0.025331,0.006592,0.166457,-0.071905,-0.024354,-0.11293,0.174482,0.0,-0.069963,0.0,0.0,0.0,-0.143805,-0.174482,0.0,-0.01681,-0.0,0.0,-0.0,-0.0,0.0,-0.0,0.0,-0.0,0.0,-0.0,0.0,-0.0,0.001953,-0.004944,0.0,0.000194,0.0,0.000065,0.0,-0.000065,0.0,-0.000194,0.0,0.0,0.0,0.004151,
0.0,0.010764,0.88205,-0.000066,0.0,1.570796,0.0,0.03502,-0.002187,0.0,0.0,0.0,-0.067398,-0.024232,0.002045,0.154823,-0.081354,0.024232,-0.073078,0.025331,0.006592,0.165906,-0.07207,-0.024354,-0.11304,0.174482,0.0,-0.069963,0.0,0.0,0.0,-0.143805,-0.174482,0.0,-0.016755,0.0,0.0,0.0,0.0,0.0,0.0,0.0,0.0,0.0,0.0,-0.0,0.0,0.001953,-0.004944,0.0,0.000194,0.0,0.000065,0.0,-0.000065,0.0,-0.000194,0.0,0.0,0.0,0.004151,
0.0,0.011114,0.882028,-0.000066,0.0,1.570796,0.0,0.03502,-0.002195,0.0,0.0,0.0,-0.06813,-0.024232,0.002078,0.157026,-0.082692,0.024232,-0.072381,0.025331,0.006592,0.165355,-0.072235,-0.024354,-0.11315,0.174482,0.0,-0.069963,-0.0,-0.0,-0.0,-0.143805,-0.174482,0.0,-0.0167,0.0,0.0,0.0,0.0,-0.0,0.0,0.0,0.0,0.0,0.0,0.0,0.0,0.001953,-0.004944,0.0,0.000194,0.0,0.000065,0.0,-0.000065,0.0,-0.000194,0.0,0.0,0.0,0.004151,
0.0,0.01148,0.882005,-0.000066,0.0,1.570796,0.0,0.036559,-0.002286,0.0,0.0,0.0,-0.068833,-0.024232,0.002111,0.159206,-0.083999,0.024232,-0.071679,0.025331,0.006592,0.164809,-0.072442,-0.024354,-0.11329,0.174482,0.0,-0.070012,0.0,0.0,0.0,-0.143781,-0.174482,-0.0,-0.016663,0.0,0.0,0.0,0.0,0.0,-0.0,0.0,-0.0,0.0,-0.0,0.0,-0.0,0.001953,-0.004944,0.0,0.000194,0.0,0.000065,0.0,-0.000065,0.0,-0.000194,0.0,-0.0,0.0,0.004175,
0.0,0.011876,0.88198,-0.000066,0.0,1.570796,0.0,0.039638,-0.002485,0.0,0.0,0.0,-0.069474,-0.024232,0.002144,0.161337,-0.085246,0.024232,-0.070964,0.025331,0.006592,0.164277,-0.072736,-0.024354,-0.113492,0.174482,0.0,-0.070158,0.0,0.0,0.0,-0.143707,-0.174482,0.0,-0.016663,0.0,0.0,0.0,0.0,0.0,-0.0,0.0,0.0,0.0,0.0,0.0,-0.0,0.001953,-0.004944,0.0,0.000194,0.0,0.000065,0.0,-0.000065,-0.0,-0.000194,0.0,0.0,0.0,0.004248,
0.0,0.012273,0.881956,-0.000066,0.0,1.570796,0.0,0.039638,-0.002485,0.0,0.0,0.0,-0.070115,-0.024232,0.002177,0.163468,-0.086492,0.024232,-0.07025,0.025331,0.006592,0.163744,-0.073029,-0.024354,-0.113694,0.174482,0.0,-0.070305,0.0,0.0,0.0,-0.143634,-0.174482,0.0,-0.016663,0.0,0.0,0.0,-0.0,0.0,0.0,0.0,0.0,0.0,0.0,0.0,-0.0,0.001953,-0.004944,0.0,0.000194,0.0,0.000065,-0.0,-0.000065,0.0,-0.000194,0.0,0.0,0.0,0.004321,
0.0,0.012669,0.881931,-0.000066,0.0,1.570796,0.0,0.039638,-0.002485,0.0,0.0,0.0,-0.070757,-0.024232,0.00221,0.165599,-0.087738,0.024232,-0.069535,0.025331,0.006592,0.163211,-0.073322,-0.024354,-0.113896,0.174482,0.0,-0.070451,-0.0,0.0,0.0,-0.14356,-0.174482,0.0,-0.016663,-0.0,0.0,0.0,0.0,0.0,-0.0,0.0,0.0,0.0,0.0,0.0,0.0,0.001953,-0.004944,0.0,0.000194,-0.0,0.000065,0.0,-0.000065,0.0,-0.000194,0.0,0.0,0.0,0.004395,
0.0,0.013096,0.881898,-0.000066,0.0,1.570796,0.0,0.042671,-0.00327,0.0,0.0,0.0,-0.071545,-0.024232,0.002242,0.168099,-0.089232,0.024232,-0.069132,0.025331,0.006592,0.163395,-0.073981,-0.024354,-0.114171,0.174482,0.0,-0.070598,-0.0,0.0,0.0,-0.14356,-0.174482,0.0,-0.016663,0.0,0.0,0.0,0.0,0.0,0.0,-0.0,0.0,0.0,-0.0,0.0,0.0,0.001953,-0.004944,0.0,0.000194,0.0,0.000065,-0.0,-0.000065,0.0,-0.000194,0.0,0.0,0.0,0.004395,
0.0,0.013522,0.881865,-0.000066,0.0,1.570796,0.0,0.042672,-0.003263,0.0,0.0,0.0,-0.072332,-0.024232,0.002275,0.170598,-0.090726,0.024232,-0.068729,0.025331,0.006592,0.163578,-0.074641,-0.024354,-0.114446,0.174482,0.0,-0.070744,0.0,-0.0,0.0,-0.14356,-0.174482,0.0,-0.016663,0.0,0.0,0.0,0.0,-0.0,-0.0,0.0,0.0,0.0,0.0,0.0,-0.0,0.001953,-0.004944,0.0,0.000194,0.0,0.000065,-0.0,-0.000065,0.0,-0.000194,0.0,0.0,0.0,0.004395,
0.0,0.013949,0.881833,-0.000066,0.0,1.570796,0.0,0.042671,-0.00327,0.0,0.0,0.0,-0.07312,-0.024232,0.002308,0.173097,-0.09222,0.024232,-0.068326,0.025331,0.006592,0.163762,-0.075301,-0.024354,-0.114721,0.174482,-0.0,-0.070891,-0.0,0.0,0.0,-0.14356,-0.174482,0.0,-0.016663,0.0,0.0,0.0,0.0,0.0,0.0,0.0,0.0,0.0,-0.0,0.0,0.0,0.001953,-0.004944,0.0,0.000194,0.0,0.000065,-0.0,-0.000065,0.0,-0.000194,0.0,0.0,0.0,0.004395,
0.0,0.014392,0.881795,-0.000066,0.0,1.570796,0.0,0.044315,-0.003781,0.0,0.0,0.0,-0.073994,-0.024232,0.002378,0.175769,-0.093714,0.024232,-0.067715,0.025331,0.006592,0.163542,-0.075826,-0.024354,-0.115057,0.174482,0.0,-0.071062,-0.0,0.0,0.0,-0.14356,-0.174482,0.0,-0.016724,0.0,0.0,0.0,0.0,0.0,0.0,0.0,0.0,0.0,0.0,-0.0,0.0,0.001953,-0.004944,0.0,0.000194,0.0,0.000065,0.0,-0.000065,0.0,-0.000194,0.0,0.0,0.0,0.004395,
0.0,0.014844,0.881755,-0.000066,0.0,1.570796,0.0,0.045137,-0.004033,0.0,0.0,0.0,-0.07491,-0.024232,0.002466,0.178526,-0.095208,0.024232,-0.067001,0.025331,0.006592,0.163119,-0.076284,-0.024354,-0.115424,0.174482,0.0,-0.071245,0.0,0.0,0.0,-0.14356,-0.174482,0.0,-0.016816,0.0,0.0,0.0,-0.0,0.0,0.0,0.0,-0.0,0.0,0.0,-0.0,0.0,0.001953,-0.004944,0.0,0.000194,-0.0,0.000065,0.0,-0.000065,-0.0,-0.000194,0.0,0.0,0.0,0.004395,
0.0,0.015295,0.881714,-0.000066,0.0,1.570796,0.0,0.045136,-0.004033,0.0,0.0,0.0,-0.075826,-0.024232,0.002554,0.181284,-0.096702,0.024232,-0.066286,0.025331,0.006592,0.162697,-0.076742,-0.024354,-0.115791,0.174482,0.0,-0.071428,0.0,0.0,0.0,-0.14356,-0.174482,0.0,-0.016907,0.0,0.0,0.0,0.0,0.0,0.0,0.0,0.0,0.0,-0.0,0.0,-0.0,0.001953,-0.004944,0.0,0.000194,0.0,0.000065,0.0,-0.000065,0.0,-0.000194,0.0,0.0,0.0,0.004395,
0.0,0.015756,0.881672,-0.000066,0.0,1.570796,-0.0,0.04615,-0.004193,0.0,0.0,0.0,-0.076852,-0.024232,0.002642,0.184287,-0.098297,0.024232,-0.065614,0.025331,0.006592,0.162415,-0.077246,-0.024354,-0.116188,0.174482,0.0,-0.07163,0.0,0.0,0.0,-0.143597,-0.174482,0.0,-0.016968,0.0,-0.0,-0.0,0.0,0.0,-0.0,0.0,0.0,0.0,-0.0,0.0,0.0,0.001953,-0.004944,0.0,0.000194,0.0,0.000065,0.0,-0.000065,0.0,-0.000194,0.0,0.0,0.0,0.004395,
0.0,0.016238,0.881627,-0.000066,0.0,1.570796,0.0,0.048179,-0.004498,0.0,0.0,0.0,-0.078098,-0.024232,0.00273,0.187782,-0.100094,0.024232,-0.065028,0.025331,0.006592,0.162415,-0.077842,-0.024354,-0.116647,0.174482,-0.0,-0.071868,0.0,0.0,0.0,-0.143707,-0.174482,0.0,-0.016968,0.0,0.0,0.0,-0.0,0.0,0.0,0.0,0.0,0.0,0.0,0.0,0.0,0.001953,-0.004944,0.0,0.000194,0.0,0.000065,0.0,-0.000065,-0.0,-0.000194,0.0,0.0,0.0,0.004395,
0.0,0.01672,0.881582,-0.000066,0.0,1.570796,0.0,0.04818,-0.004498,0.0,0.0,0.0,-0.079344,-0.024232,0.002817,0.191277,-0.10189,0.024232,-0.064442,0.025331,0.006592,0.162415,-0.078437,-0.024354,-0.117105,0.174482,0.0,-0.072106,0.0,0.0,0.0,-0.143817,-0.174482,0.0,-0.016968,-0.0,0.0,0.0,-0.0,0.0,0.0,0.0,-0.0,0.0,0.0,0.0,0.0,0.001953,-0.004944,0.0,0.000194,0.0,0.000065,0.0,-0.000065,0.0,-0.000194,0.0,0.0,0.0,0.004395,
0.0,0.017202,0.881537,-0.000066,0.0,1.570796,0.0,0.048179,-0.004498,0.0,0.0,0.0,-0.080591,-0.024232,0.002905,0.194771,-0.103687,0.024232,-0.063856,0.025331,0.006592,0.162415,-0.079033,-0.024354,-0.117564,0.174482,0.0,-0.072345,0.0,0.0,0.0,-0.143927,-0.174482,0.0,-0.016968,0.0,0.0,0.0,0.0,0.0,0.0,0.0,-0.0,0.0,0.0,0.0,-0.0,0.001953,-0.004944,0.0,0.000194,-0.0,0.000065,0.0,-0.000065,0.0,-0.000194,0.0,0.0,0.0,0.004395,
0.0,0.017675,0.881505,-0.000066,0.0,1.570796,-0.0,0.047358,-0.003278,0.0,0.0,0.0,-0.082258,-0.024232,0.002993,0.199078,-0.105631,0.024232,-0.063306,0.025331,0.006592,0.162323,-0.079629,-0.024354,-0.118078,0.174482,0.0,-0.072583,0.0,0.0,0.0,-0.144093,-0.174482,0.0,-0.016968,0.0,0.0,0.0,0.0,0.0,-0.0,0.0,-0.0,0.0,0.0,0.0,-0.0,0.001953,-0.004944,0.0,0.000194,0.0,0.000065,0.0,-0.000065,0.0,-0.000194,0.0,-0.0,0.0,0.004248,
0.0,0.018149,0.881472,-0.000066,0.0,1.570796,0.0,0.047359,-0.003278,0.0,0.0,0.0,-0.083926,-0.024232,0.003081,0.203385,-0.107575,0.024232,-0.062756,0.025331,0.006592,0.162231,-0.080224,-0.024354,-0.118591,0.174482,-0.0,-0.072821,-0.0,0.0,0.0,-0.144258,-0.174482,0.0,-0.016968,-0.0,0.0,-0.0,0.0,0.0,0.0,-0.0,-0.0,0.0,-0.0,0.0,0.0,0.001953,-0.004944,0.0,0.000194,0.0,0.000065,0.0,-0.000065,0.0,-0.000194,0.0,-0.0,0.0,0.004102,
0.0,0.018623,0.881439,-0.000066,0.0,1.570796,-0.0,0.047358,-0.003285,0.0,0.0,0.0,-0.085594,-0.024232,0.003169,0.207692,-0.109518,0.024232,-0.062207,0.025331,0.006592,0.162139,-0.08082,-0.024354,-0.119105,0.174482,0.0,-0.073059,-0.0,0.0,0.0,-0.144423,-0.174482,0.0,-0.016968,0.0,0.0,0.0,0.0,0.0,-0.0,0.0,-0.0,0.0,0.0,0.0,-0.0,0.001953,-0.004944,0.0,0.000194,0.0,0.000065,0.0,-0.000065,0.0,-0.000194,0.0,0.0,0.0,0.003955,
0.0,0.0191,0.881398,-0.000066,0.0,1.570796,0.0,0.047783,-0.004117,0.0,0.0,0.0,-0.08797,-0.024232,0.003257,0.213389,-0.111829,0.024232,-0.062024,0.025331,0.006592,0.162843,-0.081544,-0.024367,-0.119606,0.174482,0.0,-0.073334,0.0,0.0,0.0,-0.144662,-0.174482,0.0,-0.016773,0.0,0.0,0.0,0.0,0.0,0.0,0.0,-0.0,0.0,-0.0,0.0,-0.0,0.001953,-0.004944,0.0,0.000194,0.0,0.000065,0.0,-0.000065,0.0,-0.000194,0.0,-0.0,0.0,0.003711,
0.0,0.01958,0.881352,-0.000066,0.0,1.570796,0.0,0.047995,-0.004544,0.0,0.0,0.0,-0.090702,-0.024232,0.003345,0.219781,-0.114324,0.024232,-0.062024,0.025331,0.006592,0.163946,-0.082332,-0.024385,-0.120101,0.174482,0.0,-0.073627,0.0,0.0,0.0,-0.144937,-0.174482,0.0,-0.01648,0.0,0.0,0.0,0.0,0.0,0.0,0.0,0.0,0.0,0.0,0.0,-0.0,0.001953,-0.004944,0.0,0.000194,0.0,0.000065,0.0,-0.000065,0.0,-0.000194,0.0,0.0,0.0,0.003418,
0.0,0.02006,0.881307,-0.000066,0.0,1.570796,0.0,0.047995,-0.004552,0.0,0.0,0.0,-0.093433,-0.024232,0.003433,0.226174,-0.116818,0.024232,-0.062024,0.025331,0.006592,0.165048,-0.08312,-0.024403,-0.120597,0.174482,-0.0,-0.07392,0.0,0.0,0.0,-0.145213,-0.174482,-0.0,-0.016187,0.0,0.0,0.0,0.0,0.0,-0.0,0.0,0.0,0.0,0.0,0.0,0.0,0.001953,-0.004944,0.0,0.000194,0.0,0.000065,0.0,-0.000065,0.0,-0.000194,0.0,-0.0,0.0,0.003125,
0.0,0.020545,0.881251,-0.000066,0.0,1.570796,0.0,0.04845,-0.005551,0.0,0.0,0.0,-0.096781,-0.024232,0.003521,0.233775,-0.119539,0.024232,-0.062243,0.025331,0.006558,0.166573,-0.084109,-0.024422,-0.121074,0.174482,0.0,-0.074232,-0.0,0.0,0.0,-0.145512,-0.174482,0.0,-0.015852,0.0,0.0,0.0,0.0,0.0,0.0,0.0,-0.0,0.0,0.0,0.0,0.0,0.001953,-0.004944,0.0,0.000194,0.0,0.000065,0.0,-0.000065,0.0,-0.000194,0.0,0.0,0.0,0.002728,
0.0,0.021038,0.881176,-0.000066,0.0,1.570796,0.0,0.049356,-0.007573,0.0,0.0,0.0,-0.101365,-0.024232,0.003609,0.243794,-0.122713,0.024232,-0.062903,0.025331,0.006458,0.168944,-0.085502,-0.02444,-0.121514,0.174482,-0.0,-0.07458,-0.0,0.0,0.0,-0.145861,-0.174482,0.0,-0.01543,0.0,0.0,0.0,0.0,0.0,0.0,0.0,0.0,0.0,0.0,0.0,0.0,0.001953,-0.004944,0.0,0.000194,0.0,0.000065,-0.0,-0.000065,0.0,-0.000194,0.0,0.0,0.0,0.002124,
0.0,0.021532,0.8811,-0.000066,0.0,1.570796,0.0,0.049357,-0.00758,0.0,0.0,0.0,-0.105949,-0.024232,0.003696,0.253814,-0.125887,0.024232,-0.063562,0.025331,0.006357,0.171315,-0.086895,-0.024458,-0.121954,0.174482,0.0,-0.074928,-0.0,0.0,0.0,-0.14621,-0.174482,0.0,-0.015009,0.0,0.0,0.0,0.0,0.0,-0.0,0.0,-0.0,0.0,0.0,0.0,-0.0,0.001953,-0.004944,0.0,0.000194,0.0,0.000065,0.0,-0.000065,0.0,-0.000194,0.0,0.0,0.0,0.00152,
0.0,0.022025,0.881024,-0.000066,0.0,1.570796,0.0,0.049357,-0.007573,0.0,0.0,0.0,-0.110533,-0.024232,0.003784,0.263833,-0.129061,0.024232,-0.064222,0.025331,0.006256,0.173685,-0.088288,-0.024476,-0.122395,0.174482,-0.0,-0.075276,0.0,0.0,0.0,-0.146559,-0.174482,-0.0,-0.014588,-0.0,-0.0,0.0,-0.0,0.0,0.0,-0.0,0.0,0.0,-0.0,0.0,-0.0,0.001953,-0.004944,0.0,0.000194,-0.0,0.000065,0.0,-0.000065,0.0,-0.000194,0.0,0.0,0.0,0.000916,
0.0,0.022456,0.880873,-0.000066,0.0,1.570796,0.0,0.043047,-0.015126,0.0,0.0,0.0,-0.117614,-0.024232,0.003912,0.278617,-0.132841,0.024232,-0.065724,0.025331,0.006156,0.177546,-0.090543,-0.024495,-0.122853,0.174482,0.0,-0.075826,0.0,0.0,0.0,-0.146926,-0.174482,0.0,-0.014258,0.0,0.0,0.0,-0.0,0.0,-0.0,-0.0,0.0,0.0,-0.0,0.0,-0.0,0.001953,-0.004944,0.0,0.000194,0.0,0.000065,0.0,-0.000065,0.0,-0.000194,0.0,-0.0,0.0,0.0,
0.0,0.022886,0.880722,-0.000066,0.0,1.570796,0.0,0.043047,-0.015126,0.0,0.0,0.0,-0.124695,-0.024232,0.004041,0.293402,-0.136622,0.024232,-0.067227,0.025331,0.006055,0.181407,-0.092797,-0.024513,-0.123312,0.174482,0.0,-0.076376,0.0,-0.0,0.0,-0.147293,-0.174482,0.0,-0.013929,0.0,0.0,0.0,0.0,-0.0,-0.0,0.0,-0.0,0.0,-0.0,0.0,-0.0,0.001953,-0.004944,0.0,0.000194,0.0,0.000065,0.0,-0.000065,0.0,-0.000194,0.0,-0.0,0.0,-0.000915,
0.0,0.023317,0.88057,-0.000066,0.0,1.570796,0.0,0.043047,-0.015134,0.0,0.0,0.0,-0.131777,-0.024232,0.004169,0.308187,-0.140403,0.024232,-0.068729,0.025331,0.005954,0.185268,-0.095052,-0.024531,-0.12377,0.174482,0.0,-0.076926,0.0,-0.0,0.0,-0.147661,-0.174482,0.0,-0.013599,0.0,0.0,0.0,-0.0,-0.0,0.0,0.0,-0.0,0.0,0.0,0.0,0.0,0.001953,-0.004944,0.0,0.000194,0.0,0.000065,0.0,-0.000065,0.0,-0.000194,0.0,0.0,0.0,-0.001831,
0.0,0.023787,0.880393,-0.000066,0.0,1.570796,0.0,0.046993,-0.017728,0.0,0.0,0.0,-0.141176,-0.024232,0.004212,0.327617,-0.143487,0.024293,-0.070195,0.025331,0.005853,0.189155,-0.097625,-0.024537,-0.124144,0.174482,0.0,-0.077439,0.0,0.0,0.0,-0.147905,-0.174482,0.0,-0.013355,0.0,0.0,0.0,-0.0,0.0,-0.0,0.0,-0.0,0.0,-0.0,0.0,-0.0,0.001953,-0.004944,0.0,0.000194,0.0,0.000065,0.0,-0.000065,0.0,-0.000194,0.0,-0.0,0.0,-0.002795,
0.0,0.024277,0.880203,-0.000066,0.0,1.570796,0.0,0.048966,-0.019024,0.0,0.0,0.0,-0.151736,-0.024232,0.004212,0.349374,-0.146223,0.024385,-0.071642,0.025331,0.005753,0.193055,-0.100356,-0.024537,-0.124474,0.174482,0.0,-0.077933,-0.0,-0.0,-0.0,-0.148089,-0.174482,0.0,-0.013154,-0.0,0.0,0.0,0.0,-0.0,0.0,-0.0,0.0,0.0,0.0,0.0,-0.0,0.001953,-0.004944,0.0,0.000194,0.0,0.000065,0.0,-0.000065,-0.0,-0.000194,0.0,0.0,0.0,-0.003784,
0.0,0.024766,0.880013,-0.000066,0.0,1.570796,0.0,0.048966,-0.019024,0.0,0.0,0.0,-0.162295,-0.024232,0.004212,0.371132,-0.148958,0.024476,-0.07309,0.025331,0.005652,0.196955,-0.103088,-0.024537,-0.124804,0.174482,0.0,-0.078428,-0.0,0.0,0.0,-0.148273,-0.174482,0.0,-0.012952,0.0,0.0,0.0,0.0,0.0,-0.0,0.0,-0.0,0.0,-0.0,0.0,-0.0,0.001953,-0.004944,0.0,0.000194,-0.0,0.000065,0.0,-0.000065,0.0,-0.000194,0.0,0.0,0.0,-0.004773,
0.0,0.0253,0.879819,-0.000066,0.0,1.570796,0.0,0.053363,-0.01939,0.0,0.0,0.0,-0.172326,-0.024263,0.004212,0.391967,-0.15099,0.024537,-0.074458,0.025331,0.005551,0.200807,-0.105912,-0.024537,-0.125079,0.174482,-0.0,-0.078868,0.0,0.0,0.0,-0.148358,-0.174482,0.0,-0.012787,-0.0,0.0,0.0,0.0,0.0,0.0,0.0,-0.0,0.0,-0.0,0.0,-0.0,0.001953,-0.004944,0.0,0.000194,0.0,0.000065,0.0,-0.000065,0.0,-0.000194,0.0,0.0,0.0,-0.005701,
0.0,0.025921,0.879617,-0.000066,0.0,1.570796,0.0,0.062159,-0.02013,0.0,0.0,0.0,-0.1813,-0.024354,0.004212,0.410966,-0.151615,0.024537,-0.075667,0.025331,0.005451,0.204563,-0.10892,-0.024537,-0.125244,0.174482,0.0,-0.079198,0.0,0.0,0.0,-0.148248,-0.174482,0.0,-0.012696,0.0,0.0,0.0,0.0,0.0,-0.0,0.0,0.0,0.0,-0.0,0.0,0.0,0.001953,-0.004944,0.0,0.000194,0.0,0.000065,0.0,-0.000065,0.0,-0.000194,0.0,0.0,0.0,-0.006506,
0.0,0.026543,0.879416,-0.000066,0.0,1.570796,0.0,0.062159,-0.020122,0.0,0.0,0.0,-0.190274,-0.024446,0.004212,0.429966,-0.152239,0.024537,-0.076877,0.025331,0.00535,0.208318,-0.111927,-0.024537,-0.125409,0.174482,0.0,-0.079528,0.0,0.0,0.0,-0.148138,-0.174482,0.0,-0.012604,0.0,0.0,0.0,0.0,0.0,0.0,0.0,0.0,0.0,0.0,0.0,0.0,0.001953,-0.004944,0.0,0.000194,0.0,0.000065,0.0,-0.000065,0.0,-0.000194,0.0,-0.0,0.0,-0.007312,
0.0,0.027165,0.879215,-0.000066,0.0,1.570796,0.0,0.062159,-0.02013,0.0,0.0,0.0,-0.199248,-0.024537,0.004212,0.448964,-0.152863,0.024537,-0.078086,0.025331,0.005249,0.212073,-0.114935,-0.024537,-0.125575,0.174482,-0.0,-0.079858,-0.0,-0.0,-0.0,-0.148028,-0.174482,0.0,-0.012513,0.0,-0.0,-0.0,0.0,-0.0,-0.0,0.0,0.0,0.0,-0.0,0.0,-0.0,0.001953,-0.004944,0.0,0.000194,0.0,0.000065,0.0,-0.000065,0.0,-0.000194,0.0,0.0,0.0,-0.008118,
0.0,0.027943,0.87915,-0.000066,0.0,1.570796,0.0,0.077863,-0.00648,0.0,0.0,0.0,-0.205324,-0.024629,0.004065,0.462674,-0.152423,0.024538,-0.076419,0.025331,0.005249,0.210546,-0.115669,-0.024537,-0.12574,0.174482,0.0,-0.080023,0.0,0.0,0.0,-0.147606,-0.174482,0.0,-0.012513,0.0,0.0,0.0,-0.0,0.0,0.0,0.0,0.0,0.0,0.0,0.0,0.0,0.001953,-0.004944,-0.0,0.000194,0.0,0.000065,0.0,-0.000065,0.0,-0.000194,0.0,0.0,0.0,-0.008759,
0.0,0.028722,0.879085,-0.000066,0.0,1.570796,0.0,0.077865,-0.00648,0.0,0.0,0.0,-0.2114,-0.024721,0.003919,0.476385,-0.151982,0.024537,-0.074751,0.025331,0.005249,0.209017,-0.116402,-0.024537,-0.125905,0.174482,0.0,-0.080187,0.0,0.0,0.0,-0.147183,-0.174482,0.0,-0.012513,0.0,0.0,0.0,0.0,0.0,-0.0,0.0,-0.0,0.0,-0.0,0.0,0.0,0.001953,-0.004944,0.0,0.000194,0.0,0.000065,0.0,-0.000065,0.0,-0.000194,0.0,0.0,0.0,-0.0094,
0.0,0.0295,0.87902,-0.000066,0.0,1.570796,0.0,0.077863,-0.00648,0.0,0.0,0.0,-0.217476,-0.024812,0.003772,0.490096,-0.151541,0.024537,-0.073084,0.025331,0.005249,0.207489,-0.117136,-0.024537,-0.12607,0.174482,0.0,-0.080352,0.0,0.0,0.0,-0.146761,-0.174482,0.0,-0.012513,0.0,0.0,0.0,0.0,0.0,-0.0,0.0,-0.0,0.0,-0.0,0.0,-0.0,0.001953,-0.004944,0.0,0.000194,0.0,0.000065,0.0,-0.000065,0.0,-0.000194,0.0,0.0,0.0,-0.010041,
0.0,0.030323,0.878979,-0.000066,0.0,1.570796,0.0,0.082232,-0.004107,0.0,0.0,0.0,-0.224934,-0.024953,0.003589,0.506647,-0.150024,0.024537,-0.071453,0.025331,0.005249,0.206133,-0.117674,-0.024537,-0.126125,0.174482,0.0,-0.080407,0.0,0.0,0.0,-0.146204,-0.174482,0.0,-0.012513,0.0,0.0,0.0,0.0,0.0,-0.0,0.0,-0.0,0.0,-0.0,0.0,-0.0,0.001953,-0.004944,0.0,0.000194,-0.0,0.000065,0.0,-0.000065,0.0,-0.000194,0.0,0.0,0.0,-0.010401,
0.0,0.031167,0.87895,-0.000066,0.0,1.570796,0.0,0.084418,-0.002916,0.0,0.0,0.0,-0.233083,-0.025117,0.003388,0.524623,-0.147967,0.024537,-0.069841,0.025331,0.005249,0.204863,-0.118114,-0.024537,-0.126125,0.174482,-0.0,-0.080407,-0.0,0.0,0.0,-0.14558,-0.174482,0.0,-0.012513,0.0,0.0,0.0,0.0,0.0,-0.0,0.0,0.0,0.0,0.0,0.0,0.0,0.001953,-0.004944,0.0,0.000194,0.0,0.000065,-0.0,-0.000065,0.0,-0.000194,0.0,0.0,0.0,-0.01062,
0.0,0.032011,0.878921,-0.000066,0.0,1.570796,-0.0,0.084416,-0.002924,0.0,0.0,0.0,-0.241232,-0.025282,0.003186,0.542598,-0.145911,0.024537,-0.068228,0.025331,0.005249,0.203593,-0.118554,-0.024537,-0.126125,0.174482,0.0,-0.080407,-0.0,0.0,0.0,-0.144956,-0.174482,-0.0,-0.012513,0.0,0.0,0.0,0.0,0.0,-0.0,-0.0,0.0,0.0,0.0,0.0,-0.0,0.001953,-0.004944,0.0,0.000194,0.0,0.000065,0.0,-0.000065,0.0,-0.000194,0.0,0.0,0.0,-0.01084,
0.0,0.032873,0.87889,-0.000066,0.0,1.570796,0.0,0.086228,-0.003077,0.0,0.0,0.0,-0.251438,-0.02549,0.002973,0.563657,-0.143732,0.024495,-0.066995,0.025331,0.005249,0.203114,-0.119196,-0.024537,-0.126033,0.174482,0.0,-0.080371,0.0,0.0,0.0,-0.144289,-0.174482,0.0,-0.012397,-0.0,0.0,0.0,0.0,0.0,-0.0,0.0,0.0,0.0,-0.0,0.0,-0.0,0.001953,-0.004944,0.0,0.000194,0.0,0.000065,0.0,-0.000065,0.0,-0.000194,0.0,-0.0,0.0,-0.010901,
0.0,0.033772,0.878856,-0.000066,0.0,1.570796,0.0,0.089853,-0.003366,0.0,0.0,0.0,-0.26576,-0.025783,0.002734,0.590896,-0.141309,0.024367,-0.066518,0.025331,0.005249,0.204218,-0.120242,-0.024537,-0.125758,0.174482,0.0,-0.080261,0.0,0.0,0.0,-0.143536,-0.174482,0.0,-0.012049,0.0,0.0,0.0,0.0,0.0,0.0,0.0,-0.0,0.0,0.0,0.0,0.0,0.001953,-0.004944,0.0,0.000194,0.0,0.000065,0.0,-0.000065,0.0,-0.000194,0.0,0.0,0.0,-0.010645,
0.0,0.03467,0.878823,-0.000066,0.0,1.570796,0.0,0.089853,-0.003374,0.0,0.0,0.0,-0.280083,-0.026076,0.002496,0.618139,-0.138886,0.024238,-0.066042,0.025331,0.005249,0.205323,-0.121288,-0.024537,-0.125483,0.174482,0.0,-0.080151,0.0,0.0,0.0,-0.142783,-0.174482,0.0,-0.011701,0.0,0.0,0.0,0.0,0.0,-0.0,0.0,-0.0,0.0,0.0,0.0,-0.0,0.001953,-0.004944,0.0,0.000194,0.0,0.000065,-0.0,-0.000065,0.0,-0.000194,0.0,0.0,0.0,-0.010389,
0.0,0.035569,0.878789,-0.000066,0.0,1.570796,0.0,0.089854,-0.003374,0.0,0.0,0.0,-0.294405,-0.026369,0.002258,0.645375,-0.136463,0.02411,-0.065566,0.025331,0.005249,0.206427,-0.122333,-0.024537,-0.125208,0.174482,0.0,-0.080041,0.0,0.0,0.0,-0.14203,-0.174482,0.0,-0.011353,0.0,0.0,0.0,0.0,0.0,-0.0,0.0,0.0,0.0,-0.0,0.0,-0.0,0.001953,-0.004944,0.0,0.000194,0.0,0.000065,-0.0,-0.000065,0.0,-0.000194,0.0,-0.0,0.0,-0.010132,
0.0,0.036746,0.878825,-0.000066,0.0,1.570796,-0.0,0.117658,0.003563,0.0,0.0,0.0,-0.313779,-0.026808,0.002002,0.67761,-0.131986,0.023854,-0.063825,0.025331,0.005249,0.205636,-0.122113,-0.024537,-0.124089,0.174482,0.0,-0.079143,0.0,0.0,0.0,-0.141406,-0.174482,0.0,-0.011188,0.0,0.0,0.0,0.0,0.0,-0.0,0.0,-0.0,0.0,-0.0,0.0,0.0,0.001953,-0.004944,0.0,0.000194,0.0,0.000065,0.0,-0.000065,0.0,-0.000194,0.0,0.0,0.0,-0.009565,
0.0,0.037922,0.87886,-0.000066,0.0,1.570796,0.0,0.117664,0.003555,0.0,0.0,0.0,-0.333156,-0.027248,0.001746,0.709857,-0.127509,0.023597,-0.062085,0.025331,0.005249,0.204844,-0.121893,-0.024537,-0.12297,0.174482,0.0,-0.078245,0.0,0.0,0.0,-0.140782,-0.174482,0.0,-0.011023,0.0,0.0,0.0,-0.0,0.0,0.0,0.0,-0.0,0.0,0.0,0.0,-0.0,0.001953,-0.004944,0.0,0.000194,0.0,0.000065,-0.0,-0.000065,0.0,-0.000194,0.0,-0.0,0.0,-0.008997,
0.0,0.039099,0.878896,-0.000066,0.0,1.570796,-0.0,0.117662,0.003563,0.0,0.0,0.0,-0.352532,-0.027687,0.001489,0.742098,-0.123031,0.023341,-0.060344,0.025331,0.005249,0.204053,-0.121673,-0.024537,-0.12185,0.174482,0.0,-0.077347,0.0,0.0,0.0,-0.140158,-0.174482,0.0,-0.010859,0.0,0.0,0.0,0.0,0.0,0.0,0.0,0.0,0.0,0.0,0.0,0.0,0.001953,-0.004944,0.0,0.000194,0.0,0.000065,0.0,-0.000065,0.0,-0.000194,0.0,-0.0,0.0,-0.008429,
0.0,0.040411,0.87893,-0.000066,0.0,1.570796,0.0,0.131241,0.003381,0.0,0.0,0.0,-0.365103,-0.027834,0.001489,0.758002,-0.123936,0.023256,-0.058079,0.025331,0.005249,0.202562,-0.121636,-0.024537,-0.120475,0.174482,0.0,-0.076229,0.0,0.0,0.0,-0.139766,-0.174482,0.0,-0.010804,0.0,0.0,0.0,0.0,0.0,0.0,0.0,0.0,0.0,0.0,0.0,0.0,0.001953,-0.004944,0.0,0.000194,0.0,0.000065,0.0,-0.000065,0.0,-0.000194,0.0,-0.0,0.0,-0.00813,
0.0,0.041792,0.878963,-0.000066,0.0,1.570796,0.0,0.138038,0.003297,0.0,0.0,0.0,-0.374272,-0.027834,0.001617,0.765741,-0.127532,0.023256,-0.055551,0.025331,0.005249,0.200722,-0.121691,-0.024537,-0.118971,0.174482,0.0,-0.075002,0.0,0.0,0.0,-0.139491,-0.174482,-0.0,-0.010804,0.0,0.0,0.0,0.0,0.0,0.0,-0.0,-0.0,0.0,-0.0,0.0,0.0,0.001953,-0.004944,0.0,0.000194,0.0,0.000065,0.0,-0.000065,0.0,-0.000194,0.0,0.0,0.0,-0.007965,
0.0,0.043172,0.878996,-0.000066,0.0,1.570796,0.0,0.138036,0.003305,0.0,0.0,0.0,-0.383442,-0.027834,0.001746,0.773479,-0.131128,0.023256,-0.053023,0.025331,0.005249,0.198881,-0.121746,-0.024537,-0.117466,0.174482,0.0,-0.073774,0.0,0.0,-0.0,-0.139216,-0.174482,0.0,-0.010804,0.0,0.0,0.0,-0.0,0.0,0.0,0.0,0.0,0.0,0.0,0.0,-0.0,0.001953,-0.004944,0.0,0.000194,0.0,0.000065,0.0,-0.000065,0.0,-0.000194,0.0,-0.0,0.0,-0.007801,
0.0,0.044615,0.879014,-0.000066,0.0,1.570796,0.0,0.144305,0.001879,0.0,0.0,0.0,-0.391317,-0.027809,0.001874,0.777538,-0.133795,0.023283,-0.050398,0.025331,0.005249,0.196986,-0.121905,-0.024546,-0.115895,0.174482,0.0,-0.072504,-0.0,0.0,0.0,-0.139118,-0.174482,0.0,-0.010859,0.0,0.0,0.0,0.0,0.0,-0.0,0.0,-0.0,0.0,-0.0,0.0,-0.0,0.001953,-0.004944,0.0,0.000194,0.0,0.000065,0.0,-0.000065,0.0,-0.000194,0.0,0.0,0.0,-0.007855,
0.0,0.046184,0.879005,-0.000066,0.0,1.570796,0.0,0.156846,-0.000959,0.0,0.0,0.0,-0.396603,-0.027736,0.002002,0.774237,-0.134603,0.023365,-0.047577,0.025331,0.005249,0.194981,-0.122272,-0.02457,-0.114189,0.174482,0.0,-0.071148,0.0,0.0,0.0,-0.139375,-0.174482,0.0,-0.011023,-0.0,0.0,0.0,-0.0,0.0,-0.0,0.0,-0.0,0.0,0.0,0.0,0.0,0.001953,-0.004944,0.0,0.000194,0.0,0.000065,0.0,-0.000065,0.0,-0.000194,0.0,0.0,0.0,-0.00835,
0.0,0.047752,0.878995,-0.000066,0.0,1.570796,0.0,0.156848,-0.000951,0.0,0.0,0.0,-0.40189,-0.027663,0.00213,0.770935,-0.13541,0.023448,-0.044756,0.025331,0.005249,0.192975,-0.122639,-0.024594,-0.112484,0.174482,0.0,-0.069792,0.0,0.0,0.0,-0.139632,-0.174482,0.0,-0.011188,0.0,0.0,0.0,-0.0,0.0,0.0,0.0,0.0,0.0,-0.0,-0.0,0.0,0.001953,-0.004944,0.0,0.000194,0.0,0.000065,0.0,-0.000065,0.0,-0.000194,0.0,0.0,0.0,-0.008844,
0.0,0.04932,0.878986,-0.000066,0.0,1.570796,0.0,0.156844,-0.000959,0.0,0.0,0.0,-0.407177,-0.02759,0.002258,0.767634,-0.136218,0.02353,-0.041936,0.025331,0.005249,0.19097,-0.123006,-0.024619,-0.110778,0.174482,0.0,-0.068436,-0.0,0.0,-0.0,-0.139889,-0.174482,0.0,-0.011353,0.0,0.0,0.0,0.0,0.0,0.0,0.0,0.0,-0.0,0.0,-0.0,0.0,0.001953,-0.004944,0.0,0.000194,0.0,0.000065,0.0,-0.000065,0.0,-0.000194,0.0,-0.0,0.0,-0.009339,
0.0,0.050958,0.87889,-0.000066,0.0,1.570796,0.0,0.163788,-0.009602,0.0,0.0,0.0,-0.411761,-0.027425,0.002423,0.760404,-0.136218,0.023613,-0.040397,0.025331,0.005249,0.191613,-0.124639,-0.024643,-0.109219,0.174482,0.0,-0.067355,0.0,0.0,0.0,-0.141229,-0.174482,0.0,-0.011683,0.0,0.0,0.0,0.0,0.0,0.0,0.0,0.0,0.0,0.0,-0.0,0.0,0.001953,-0.004944,0.0,0.000194,0.0,0.000065,0.0,-0.000065,0.0,-0.000194,0.0,0.0,0.0,-0.009558,
0.0,0.052596,0.878794,-0.000066,0.0,1.570796,0.0,0.163787,-0.009595,0.0,0.0,0.0,-0.416346,-0.02726,0.002588,0.753174,-0.136218,0.023695,-0.038859,0.025331,0.005249,0.192257,-0.126272,-0.024668,-0.107661,0.174482,0.0,-0.066274,0.0,0.0,0.0,-0.142569,-0.174482,0.0,-0.012012,0.0,0.0,0.0,0.0,0.0,-0.0,0.0,0.0,0.0,-0.0,0.0,0.0,0.001953,-0.004944,0.0,0.000194,0.0,0.000065,0.0,-0.000065,0.0,-0.000194,0.0,0.0,0.0,-0.009778,
0.0,0.054234,0.878698,-0.000066,0.0,1.570796,0.0,0.163785,-0.009602,0.0,0.0,0.0,-0.42093,-0.027095,0.002753,0.745944,-0.136218,0.023778,-0.03732,0.025331,0.005249,0.192901,-0.127905,-0.024692,-0.106102,0.174482,-0.0,-0.065193,0.0,0.0,0.0,-0.143909,-0.174482,-0.0,-0.012342,0.0,0.0,0.0,0.0,0.0,-0.0,0.0,-0.0,0.0,-0.0,0.0,-0.0,0.001953,-0.004944,0.0,0.000194,0.0,0.000065,0.0,-0.000065,0.0,-0.000194,0.0,0.0,0.0,-0.009998,
0.0,0.055973,0.878563,-0.000066,0.0,1.570796,0.0,0.173862,-0.013523,0.0,0.0,0.0,-0.424507,-0.02693,0.002881,0.735832,-0.134762,0.023824,-0.036441,0.025331,0.005183,0.195078,-0.130174,-0.024717,-0.104531,0.174482,-0.0,-0.064161,0.0,0.0,0.0,-0.14569,-0.174482,-0.0,-0.01272,0.0,0.0,0.0,0.0,0.0,0.0,0.0,0.0,-0.0,0.0,0.0,0.0,0.001953,-0.004944,0.0,0.000194,0.0,0.000065,0.0,-0.000065,0.0,-0.000194,0.0,-0.0,0.0,-0.010181,
0.0,0.057762,0.878408,-0.000066,0.0,1.570796,0.0,0.1789,-0.015491,0.0,0.0,0.0,-0.42758,-0.026766,0.002991,0.724279,-0.132578,0.023853,-0.035892,0.025331,0.005084,0.198023,-0.132761,-0.024741,-0.102954,0.174482,0.0,-0.063153,0.0,0.0,0.0,-0.147691,-0.174482,0.0,-0.013123,0.0,0.0,0.0,0.0,0.0,0.0,0.0,0.0,0.0,-0.0,0.0,-0.0,0.001953,-0.004944,0.0,0.000194,0.0,0.000065,0.0,-0.000065,-0.0,-0.000194,0.0,0.0,0.0,-0.010346,
0.0,0.059551,0.878253,-0.000066,0.0,1.570796,-0.0,0.178902,-0.015483,0.0,0.0,0.0,-0.430653,-0.026601,0.003101,0.712726,-0.130395,0.023882,-0.035342,0.025331,0.004984,0.200967,-0.135349,-0.024765,-0.101377,0.174482,-0.0,-0.062146,0.0,0.0,0.0,-0.149693,-0.174482,-0.0,-0.013526,-0.0,0.0,0.0,0.0,0.0,0.0,0.0,0.0,0.0,-0.0,-0.0,0.0,0.001953,-0.004944,0.0,0.000194,0.0,0.000065,0.0,-0.000065,0.0,-0.000194,0.0,-0.0,0.0,-0.010511,
0.0,0.061412,0.878081,-0.000066,0.0,1.570796,0.0,0.186113,-0.017154,0.0,0.0,0.0,-0.433183,-0.026436,0.003204,0.70004,-0.12774,0.023911,-0.034866,0.025331,0.004885,0.204218,-0.138126,-0.024784,-0.099764,0.174482,0.0,-0.061138,0.0,0.0,0.0,-0.151859,-0.174482,0.0,-0.013929,0.0,0.0,0.0,0.0,0.0,-0.0,-0.0,-0.0,0.0,-0.0,0.0,-0.0,0.001953,-0.004944,0.0,0.000194,0.0,0.000065,0.0,-0.000065,0.0,-0.000194,0.0,0.0,0.0,-0.010694,
0.0,0.063417,0.877876,-0.000066,0.0,1.570796,0.0,0.200558,-0.020479,0.0,0.0,0.0,-0.434627,-0.026271,0.003296,0.685083,-0.124144,0.023939,-0.034536,0.025331,0.004785,0.208085,-0.141284,-0.02479,-0.098077,0.174482,0.0,-0.060131,0.0,0.0,0.0,-0.154357,-0.174482,0.0,-0.014332,0.0,0.0,0.0,0.0,0.0,-0.0,0.0,-0.0,0.0,-0.0,0.0,-0.0,0.001953,-0.004944,0.0,0.000194,0.0,0.000065,0.0,-0.000065,0.0,-0.000194,0.0,0.0,0.0,-0.010913,
0.0,0.065423,0.877672,-0.000066,0.0,1.570796,0.0,0.200555,-0.020479,0.0,0.0,0.0,-0.436071,-0.026106,0.003388,0.670126,-0.120549,0.023968,-0.034207,0.025331,0.004686,0.211951,-0.144442,-0.024796,-0.096391,0.174482,0.0,-0.059123,0.0,0.0,0.0,-0.156855,-0.174482,0.0,-0.014734,0.0,0.0,0.0,-0.0,0.0,-0.0,0.0,-0.0,-0.0,-0.0,0.0,-0.0,0.001953,-0.004944,0.0,0.000194,0.0,0.000065,0.0,-0.000065,0.0,-0.000194,0.0,-0.0,0.0,-0.011133,
0.0,0.067428,0.877467,-0.000066,0.0,1.570796,0.0,0.200553,-0.020479,0.0,0.0,0.0,-0.437515,-0.025941,0.003479,0.65517,-0.116953,0.023997,-0.033877,0.025331,0.004587,0.215818,-0.147599,-0.024802,-0.094704,0.174482,0.0,-0.058116,0.0,0.0,0.0,-0.159353,-0.174482,-0.0,-0.015137,0.0,0.0,0.0,-0.0,0.0,0.0,0.0,-0.0,0.0,-0.0,0.0,-0.0,0.001953,-0.004944,0.0,0.000194,0.0,0.000065,0.0,-0.000065,0.0,-0.000194,0.0,0.0,0.0,-0.011353,
0.0,0.069613,0.877212,-0.000066,0.0,1.570796,0.0,0.218477,-0.025483,0.0,0.0,0.0,-0.437515,-0.025777,0.003571,0.637886,-0.113138,0.024026,-0.033877,0.025331,0.004487,0.220664,-0.151346,-0.024808,-0.093366,0.174482,-0.0,-0.057264,-0.0,0.0,0.0,-0.162054,-0.174482,0.0,-0.016529,-0.0,0.0,0.0,0.0,0.0,-0.0,0.0,-0.0,0.0,-0.0,0.0,-0.0,0.001953,-0.004944,0.0,0.000194,0.0,0.000065,0.0,-0.000065,0.0,-0.000194,0.0,0.0,0.0,-0.011683,
0.0,0.071798,0.876957,-0.000066,0.0,1.570796,0.0,0.218477,-0.025483,0.0,0.0,0.0,-0.437515,-0.025612,0.003662,0.620601,-0.109324,0.024054,-0.033877,0.025331,0.004388,0.22551,-0.155094,-0.024814,-0.092028,0.174482,0.0,-0.056412,-0.0,0.0,0.0,-0.164754,-0.174482,-0.0,-0.017921,0.0,0.0,0.0,0.0,0.0,-0.0,0.0,-0.0,0.0,-0.0,0.0,-0.0,0.001953,-0.004944,0.0,0.000194,0.0,0.000065,0.0,-0.000065,0.0,-0.000194,0.0,0.0,0.0,-0.012012,
0.0,0.073983,0.876702,-0.000066,0.0,1.570796,0.0,0.21848,-0.025491,0.0,0.0,0.0,-0.437515,-0.025447,0.003754,0.603316,-0.105509,0.024083,-0.033877,0.025331,0.004288,0.230356,-0.158841,-0.02482,-0.09069,0.174482,0.0,-0.05556,0.0,-0.0,-0.0,-0.167455,-0.174482,0.0,-0.019312,0.0,0.0,0.0,-0.0,-0.0,-0.0,0.0,-0.0,0.0,0.0,0.0,0.0,0.001953,-0.004944,0.0,0.000194,0.0,0.000065,0.0,-0.000065,-0.0,-0.000194,0.0,0.0,0.0,-0.012342,
0.0,0.076343,0.876427,-0.000066,0.0,1.570796,0.0,0.236066,-0.027526,0.0,0.0,0.0,-0.436853,-0.025294,0.003845,0.585919,-0.102514,0.024112,-0.033377,0.025331,0.004189,0.234689,-0.162589,-0.024826,-0.089388,0.174482,0.0,-0.054708,0.0,0.0,0.0,-0.169887,-0.174482,0.0,-0.021278,-0.0,0.0,0.0,0.0,0.0,-0.0,0.0,-0.0,0.0,-0.0,0.0,0.0,0.001953,-0.004944,0.0,0.000194,0.0,0.000065,0.0,-0.000065,0.0,-0.000194,0.0,0.0,0.0,-0.01261,
0.0,0.078792,0.876141,-0.000066,0.0,1.570796,0.0,0.244873,-0.028556,0.0,0.0,0.0,-0.435859,-0.025148,0.003937,0.568462,-0.099929,0.024141,-0.032626,0.025331,0.004089,0.238765,-0.166336,-0.024833,-0.088105,0.174482,0.0,-0.053857,0.0,-0.0,0.0,-0.172184,-0.174482,0.0,-0.02353,0.0,0.0,0.0,-0.0,-0.0,0.0,0.0,-0.0,0.0,-0.0,0.0,0.0,0.001953,-0.004944,0.0,0.000194,0.0,0.000065,0.0,-0.000065,0.0,-0.000194,0.0,0.0,0.0,-0.012848,
0.0,0.081241,0.875856,-0.000066,0.0,1.570796,-0.0,0.24487,-0.028548,0.0,0.0,0.0,-0.434865,-0.025001,0.004028,0.551006,-0.097344,0.02417,-0.031875,0.025331,0.00399,0.24284,-0.170084,-0.024839,-0.086822,0.174482,-0.0,-0.053005,0.0,0.0,0.0,-0.174482,-0.174482,-0.0,-0.025783,0.0,0.0,0.0,0.0,0.0,0.0,0.0,-0.0,0.0,0.0,0.0,0.0,0.001953,-0.004944,0.0,0.000194,-0.0,0.000065,0.0,-0.000065,0.0,-0.000194,0.0,0.0,0.0,-0.013086,
0.0,0.083807,0.875563,-0.000066,0.0,1.570796,0.0,0.256577,-0.029288,0.0,0.0,0.0,-0.433652,-0.024867,0.004126,0.533925,-0.09526,0.024198,-0.031094,0.025331,0.003891,0.247126,-0.173857,-0.024845,-0.085466,0.174482,0.0,-0.052119,-0.0,0.0,0.0,-0.176675,-0.174482,0.0,-0.028029,-0.0,0.0,-0.0,0.0,0.0,0.0,0.0,0.0,0.0,-0.0,0.0,0.0,0.001953,-0.004944,0.0,0.000194,0.0,0.000065,0.0,-0.000065,0.0,-0.000194,0.0,-0.0,0.0,-0.013245,
0.0,0.086607,0.875255,-0.000066,0.0,1.570796,0.0,0.280022,-0.030774,0.0,0.0,0.0,-0.432003,-0.024757,0.004236,0.517589,-0.094178,0.024227,-0.030251,0.025331,0.003791,0.251834,-0.177681,-0.024851,-0.083963,0.174482,-0.0,-0.051167,-0.0,0.0,0.0,-0.178661,-0.174482,0.0,-0.030263,0.0,0.0,-0.0,0.0,0.0,0.0,0.0,0.0,0.0,0.0,0.0,0.0,0.001953,-0.004944,0.0,0.000194,0.0,0.000065,0.0,-0.000065,0.0,-0.000194,0.0,-0.0,0.0,-0.013245,
0.0,0.089407,0.874948,-0.000066,0.0,1.570796,0.0,0.280018,-0.030758,0.0,0.0,0.0,-0.430353,-0.024647,0.004346,0.501252,-0.093097,0.024256,-0.029409,0.025331,0.003692,0.256541,-0.181505,-0.024857,-0.08246,0.174482,0.0,-0.050214,0.0,0.0,0.0,-0.180647,-0.174482,0.0,-0.032497,0.0,0.0,0.0,0.0,0.0,-0.0,0.0,-0.0,0.0,0.0,0.0,0.0,0.001953,-0.004944,0.0,0.000194,0.0,0.000065,0.0,-0.000065,0.0,-0.000194,0.0,-0.0,0.0,-0.013245,
0.0,0.092207,0.87464,-0.000066,0.0,1.570796,0.0,0.280018,-0.030766,0.0,0.0,0.0,-0.428704,-0.024538,0.004456,0.484917,-0.092015,0.024285,-0.028566,0.025331,0.003592,0.261248,-0.185329,-0.024863,-0.080957,0.174482,0.0,-0.049262,-0.0,0.0,0.0,-0.182632,-0.174482,0.0,-0.034732,0.0,0.0,0.0,0.0,0.0,-0.0,0.0,-0.0,0.0,-0.0,0.0,-0.0,0.001953,-0.004944,0.0,0.000194,0.0,0.000065,0.0,-0.000065,0.0,-0.000194,0.0,-0.0,0.0,-0.013245,
0.0,0.095383,0.874337,-0.000066,0.0,1.570796,0.0,0.317535,-0.030329,0.0,0.0,0.0,-0.430128,-0.024537,0.00454,0.477702,-0.092015,0.024313,-0.027614,0.025331,0.003493,0.266588,-0.188861,-0.024869,-0.07896,0.174482,-0.0,-0.048145,0.0,0.0,0.0,-0.184554,-0.174482,0.0,-0.036215,0.0,0.0,0.0,0.0,0.0,0.0,0.0,0.0,0.0,0.0,0.0,-0.0,0.001953,-0.004944,0.0,0.000194,0.0,0.000065,0.0,-0.000065,0.0,-0.000194,0.0,-0.0,0.0,-0.012714,
0.0,0.098558,0.874034,-0.000066,0.0,1.570796,0.0,0.317545,-0.030321,0.0,0.0,0.0,-0.431552,-0.024537,0.004624,0.470488,-0.092015,0.024342,-0.026662,0.025331,0.003394,0.271929,-0.192393,-0.024875,-0.076963,0.174482,-0.0,-0.047027,-0.0,0.0,0.0,-0.186476,-0.174482,0.0,-0.037699,0.0,0.0,0.0,0.0,0.0,-0.0,0.0,0.0,0.0,0.0,0.0,-0.0,0.001953,-0.004944,0.0,0.000194,0.0,0.000065,-0.0,-0.000065,0.0,-0.000194,-0.0,-0.0,0.0,-0.012183,
0.0,0.101733,0.87373,-0.000066,0.0,1.570796,0.0,0.317537,-0.030329,0.0,0.0,0.0,-0.432977,-0.024537,0.004708,0.463274,-0.092015,0.024371,-0.02571,0.025331,0.003294,0.277269,-0.195924,-0.024881,-0.074965,0.174482,0.0,-0.04591,0.0,0.0,0.0,-0.188398,-0.174482,0.0,-0.039182,0.0,0.0,0.0,0.0,0.0,0.0,0.0,0.0,0.0,-0.0,0.0,0.0,0.001953,-0.004944,0.0,0.000194,-0.0,0.000065,-0.0,-0.000065,-0.0,-0.000194,0.0,0.0,0.0,-0.011652,
0.0,0.105073,0.87342,-0.000066,0.0,1.570796,0.0,0.333931,-0.031022,0.0,0.0,0.0,-0.435153,-0.024489,0.004793,0.460042,-0.092944,0.0244,-0.025392,0.025331,0.003195,0.284219,-0.199801,-0.024887,-0.072821,0.174482,0.0,-0.044659,0.0,0.0,0.0,-0.19032,-0.174482,0.0,-0.040543,-0.0,0.0,0.0,0.0,0.0,-0.0,0.0,0.0,0.0,0.0,0.0,0.0,0.001953,-0.004944,0.0,0.000194,0.0,0.000065,0.0,-0.000065,0.0,-0.000194,0.0,0.0,0.0,-0.010987,
0.0,0.108494,0.873106,-0.000066,0.0,1.570796,0.0,0.342137,-0.03138,0.0,0.0,0.0,-0.437704,-0.024415,0.004877,0.458801,-0.094337,0.024428,-0.025392,0.025331,0.003095,0.291974,-0.203851,-0.024894,-0.070604,0.174482,0.0,-0.04334,0.0,0.0,0.0,-0.192243,-0.174482,0.0,-0.041844,0.0,0.0,0.0,0.0,0.0,-0.0,0.0,-0.0,0.0,-0.0,0.0,0.0,0.001953,-0.004944,0.0,0.000194,0.0,0.000065,-0.0,-0.000065,0.0,-0.000194,0.0,0.0,0.0,-0.010254,
0.0,0.111915,0.872792,-0.000066,0.0,1.570796,0.0,0.342127,-0.03138,0.0,0.0,0.0,-0.440255,-0.024342,0.004961,0.45756,-0.09573,0.024457,-0.025392,0.025331,0.002996,0.299729,-0.2079,-0.0249,-0.068387,0.174482,-0.0,-0.042021,0.0,0.0,0.0,-0.194165,-0.174482,0.0,-0.043144,-0.0,0.0,0.0,0.0,0.0,0.0,0.0,0.0,0.0,0.0,0.0,0.0,0.001953,-0.004944,0.0,0.000194,0.0,0.000065,-0.0,-0.000065,0.0,-0.000194,0.0,0.0,0.0,-0.009522,
0.0,0.115426,0.872475,-0.000066,0.0,1.570796,0.0,0.351096,-0.031753,0.0,0.0,0.0,-0.442144,-0.024293,0.005045,0.456663,-0.097508,0.024476,-0.024501,0.025331,0.002911,0.305987,-0.211613,-0.024906,-0.066109,0.174482,0.0,-0.040629,-0.0,0.0,0.0,-0.196066,-0.174482,0.0,-0.044457,0.0,0.0,0.0,0.0,0.0,0.0,-0.0,0.0,0.0,-0.0,0.0,-0.0,0.001953,-0.004944,0.0,0.000194,0.0,0.000065,0.0,-0.000065,0.0,-0.000194,0.0,0.0,0.0,-0.008771,
0.0,0.119117,0.87215,-0.000066,0.0,1.570796,0.0,0.369024,-0.032515,0.0,0.0,0.0,-0.442707,-0.024293,0.00513,0.456456,-0.100057,0.024476,-0.021828,0.025331,0.002857,0.309249,-0.214652,-0.024912,-0.063709,0.174482,0.0,-0.039091,0.0,0.0,0.0,-0.197924,-0.174482,-0.0,-0.045794,0.0,0.0,0.0,0.0,0.0,0.0,0.0,0.0,0.0,0.0,0.0,0.0,0.001953,-0.004944,0.0,0.000194,0.0,0.000065,0.0,-0.000065,0.0,-0.000194,0.0,0.0,0.0,-0.007984,
0.0,0.122807,0.871825,-0.000066,0.0,1.570796,0.0,0.369027,-0.032515,0.0,0.0,0.0,-0.44327,-0.024293,0.005214,0.45625,-0.102605,0.024476,-0.019154,0.025331,0.002802,0.312511,-0.217691,-0.024918,-0.061309,0.174482,0.0,-0.037552,-0.0,0.0,0.0,-0.199783,-0.174482,-0.0,-0.047131,0.0,0.0,0.0,0.0,0.0,0.0,0.0,-0.0,0.0,0.0,0.0,0.0,0.001953,-0.004944,0.0,0.000194,-0.0,0.000065,0.0,-0.000065,0.0,-0.000194,0.0,-0.0,0.0,-0.007196,
0.0,0.126497,0.8715,-0.000066,0.0,1.570796,0.0,0.369019,-0.032507,0.0,0.0,0.0,-0.443833,-0.024293,0.005298,0.456043,-0.105154,0.024476,-0.016481,0.025331,0.002747,0.315773,-0.22073,-0.024924,-0.05891,0.174482,0.0,-0.036014,-0.0,0.0,0.0,-0.201641,-0.174482,0.0,-0.048468,0.0,0.0,0.0,0.0,0.0,-0.0,0.0,-0.0,0.0,-0.0,0.0,-0.0,0.001953,-0.004944,0.0,0.000194,0.0,0.000065,0.0,-0.000065,0.0,-0.000194,0.0,-0.0,0.0,-0.006409,
0.0,0.130808,0.871267,-0.000066,0.0,1.570796,-0.0,0.431142,-0.023264,0.0,0.0,0.0,-0.441563,-0.024293,0.005382,0.456926,-0.109188,0.024476,-0.008443,0.025331,0.002747,0.309771,-0.221173,-0.02493,-0.055759,0.174482,0.0,-0.034,0.0,0.0,0.0,-0.202304,-0.174482,0.0,-0.049439,0.0,0.0,0.0,-0.0,0.0,-0.0,0.0,0.0,0.0,-0.0,0.0,0.0,0.001953,-0.004944,0.0,0.000194,-0.0,0.000065,0.0,-0.000065,0.0,-0.000194,0.0,0.0,0.0,-0.005274,
0.0,0.13512,0.871034,-0.000066,0.0,1.570796,0.0,0.431157,-0.023264,0.0,0.0,0.0,-0.439292,-0.024293,0.005466,0.45781,-0.113223,0.024476,-0.000404,0.025331,0.002747,0.303768,-0.221615,-0.024936,-0.052608,0.174482,-0.0,-0.031985,0.0,0.0,0.0,-0.202967,-0.174482,-0.0,-0.05041,0.0,0.0,0.0,0.0,0.0,-0.0,0.0,0.0,0.0,0.0,0.0,-0.0,0.001953,-0.004944,0.0,0.000194,0.0,0.000065,0.0,-0.000065,0.0,-0.000194,0.0,0.0,0.0,-0.004138,
0.0,0.139431,0.870802,-0.000066,0.0,1.570796,0.0,0.431145,-0.023256,0.0,0.0,0.0,-0.437022,-0.024293,0.005551,0.458694,-0.117258,0.024476,0.007635,0.025331,0.002747,0.297765,-0.222057,-0.024942,-0.049458,0.174482,-0.0,-0.029971,0.0,0.0,0.0,-0.203629,-0.174482,0.0,-0.05138,0.0,0.0,0.0,-0.0,0.0,0.0,0.0,0.0,0.0,0.0,0.0,-0.0,0.001953,-0.004944,0.0,0.000194,0.0,0.000065,0.0,-0.000065,0.0,-0.000194,0.0,0.0,0.0,-0.003003,
-0.0,0.144078,0.870596,-0.000066,0.0,1.570796,-0.0,0.464646,-0.020538,0.0,0.0,0.0,-0.433317,-0.024245,0.005635,0.458211,-0.120792,0.024476,0.013672,0.025331,0.002747,0.296529,-0.223162,-0.024949,-0.045917,0.174482,0.0,-0.027785,0.0,0.0,0.0,-0.203801,-0.174482,0.0,-0.05229,0.0,0.0,0.0,0.0,0.0,0.0,0.0,0.0,0.0,0.0,0.0,-0.0,0.001953,-0.004944,0.0,0.000194,0.0,0.000065,0.0,-0.000065,0.0,-0.000194,0.0,0.0,0.0,-0.001709,
0.0,0.148892,0.870405,-0.000066,0.0,1.570796,0.0,0.481396,-0.019171,0.0,0.0,0.0,-0.428894,-0.024171,0.005719,0.457046,-0.124076,0.024476,0.018708,0.025331,0.002747,0.297677,-0.2246,-0.024955,-0.04218,0.174482,0.0,-0.025515,0.0,0.0,0.0,-0.203727,-0.174482,-0.0,-0.053169,0.0,0.0,0.0,0.0,0.0,-0.0,0.0,0.0,0.0,-0.0,0.0,0.0,0.001953,-0.004944,0.0,0.000194,0.0,0.000065,0.0,-0.000065,0.0,-0.000194,-0.0,-0.0,0.0,-0.000336,
0.0,0.153706,0.870213,-0.000066,0.0,1.570796,0.0,0.481402,-0.019171,0.0,0.0,0.0,-0.424472,-0.024098,0.005803,0.45588,-0.12736,0.024476,0.023743,0.025331,0.002747,0.298825,-0.226037,-0.024961,-0.038444,0.174482,0.0,-0.023244,0.0,0.0,0.0,-0.203654,-0.174482,0.0,-0.054049,0.0,0.0,0.0,0.0,0.0,-0.0,0.0,0.0,0.0,0.0,0.0,0.0,0.001953,-0.004944,0.0,0.000194,0.0,0.000065,0.0,-0.000065,0.0,-0.000194,-0.0,0.0,0.0,0.001037,
0.0,0.158686,0.870036,-0.000066,0.0,1.570796,-0.0,0.497996,-0.017652,0.0,0.0,0.0,-0.41946,-0.024049,0.00586,0.454527,-0.130259,0.024476,0.02895,0.025331,0.002765,0.300053,-0.227038,-0.024965,-0.034562,0.174482,0.0,-0.020888,-0.0,0.0,0.0,-0.203409,-0.174482,0.0,-0.054916,0.0,0.0,0.0,0.0,0.0,0.0,0.0,0.0,0.0,-0.0,0.0,-0.0,0.001953,-0.004944,0.0,0.000194,0.0,0.000065,0.0,-0.000065,0.0,-0.000194,0.0,0.0,0.0,0.002484,
0.0,0.163998,0.86989,-0.000066,0.0,1.570796,0.0,0.531243,-0.014628,0.0,0.0,0.0,-0.413268,-0.024049,0.00586,0.452798,-0.132388,0.024476,0.034499,0.025331,0.00282,0.301442,-0.227167,-0.024965,-0.030386,0.174482,0.0,-0.018361,0.0,0.0,0.0,-0.20282,-0.174482,0.0,-0.055758,0.0,0.0,0.0,-0.0,0.0,0.0,0.0,-0.0,0.0,0.0,0.0,0.0,0.001953,-0.004944,0.0,0.000194,0.0,0.000065,0.0,-0.000065,0.0,-0.000194,0.0,0.0,0.0,0.004077,
0.0,0.169311,0.869744,-0.000066,0.0,1.570796,0.0,0.531232,-0.014628,0.0,0.0,0.0,-0.407077,-0.024049,0.00586,0.45107,-0.134517,0.024476,0.040049,0.025331,0.002875,0.302831,-0.227296,-0.024965,-0.026211,0.174482,0.0,-0.015834,0.0,0.0,0.0,-0.202231,-0.174482,0.0,-0.056601,-0.0,0.0,0.0,-0.0,0.0,0.0,0.0,0.0,0.0,-0.0,0.0,-0.0,0.001953,-0.004944,0.0,0.000194,0.0,0.000065,0.0,-0.000065,0.0,-0.000194,0.0,0.0,0.0,0.00567,
0.0,0.174623,0.869598,-0.000066,0.0,1.570796,0.0,0.531238,-0.014628,0.0,0.0,0.0,-0.400885,-0.024049,0.00586,0.449341,-0.136646,0.024476,0.045598,0.025331,0.00293,0.30422,-0.227425,-0.024965,-0.022035,0.174482,-0.0,-0.013307,0.0,0.0,0.0,-0.201642,-0.174482,0.0,-0.057444,-0.0,0.0,-0.0,0.0,0.0,0.0,0.0,-0.0,0.0,0.0,0.0,0.0,0.001953,-0.004944,0.0,0.000194,0.0,0.000065,0.0,-0.000065,0.0,-0.000194,0.0,0.0,0.0,0.007263,
0.0,0.180072,0.8698,-0.000066,0.0,1.570796,0.0,0.54493,0.020254,0.0,0.0,0.0,-0.391558,-0.024049,0.005774,0.442607,-0.134206,0.024476,0.054354,0.025331,0.003131,0.299556,-0.222821,-0.024965,-0.018227,0.174482,0.0,-0.010981,0.0,0.0,0.0,-0.200666,-0.174482,0.0,-0.057828,0.0,0.0,0.0,-0.0,0.0,0.0,0.0,0.0,0.0,-0.0,0.0,-0.0,0.001953,-0.004944,0.0,0.000194,0.0,0.000065,-0.0,-0.000065,0.0,-0.000194,0.0,0.0,0.0,0.00763,
0.0,0.185521,0.870003,-0.000066,0.0,1.570796,0.0,0.544919,0.020246,0.0,0.0,0.0,-0.382229,-0.024049,0.005689,0.435873,-0.131765,0.024476,0.063111,0.025331,0.003333,0.29489,-0.218215,-0.024965,-0.014418,0.174482,0.0,-0.008655,-0.0,0.0,0.0,-0.199691,-0.174482,-0.0,-0.058213,0.0,0.0,0.0,0.0,0.0,0.0,0.0,0.0,0.0,-0.0,0.0,0.0,0.001953,-0.004944,0.0,0.000194,0.0,0.000065,0.0,-0.000065,0.0,-0.000194,0.0,0.0,0.0,0.007996,
0.0,0.190971,0.870205,-0.000066,0.0,1.570796,0.0,0.544934,0.020254,0.0,0.0,0.0,-0.372901,-0.024049,0.005603,0.429138,-0.129324,0.024476,0.071868,0.025331,0.003534,0.290225,-0.213609,-0.024965,-0.010609,0.174482,0.0,-0.00633,0.0,0.0,0.0,-0.198716,-0.174482,0.0,-0.058598,-0.0,0.0,-0.0,0.0,0.0,0.0,0.0,0.0,0.0,-0.0,0.0,0.0,0.001953,-0.004944,0.0,0.000194,0.0,0.000065,0.0,-0.000065,0.0,-0.000194,0.0,0.0,0.0,0.008362,
0.0,0.196519,0.870515,-0.000066,0.0,1.570796,0.0,0.554838,0.031012,0.0,0.0,0.0,-0.363826,-0.024049,0.005518,0.422726,-0.127764,0.024476,0.081385,0.025368,0.003784,0.284319,-0.207045,-0.024965,-0.007093,0.174482,-0.0,-0.005554,-0.0,0.0,0.0,-0.197422,-0.174482,0.0,-0.058409,-0.0,0.0,0.0,0.0,0.0,0.0,0.0,0.0,0.0,0.0,0.0,0.0,0.001953,-0.004944,0.0,0.000194,0.0,0.000065,0.0,-0.000065,0.0,-0.000194,0.0,0.0,0.0,0.008362,
0.0,0.202117,0.870879,-0.000066,0.0,1.570796,0.0,0.559806,0.036384,0.0,0.0,0.0,-0.354878,-0.024049,0.005432,0.416475,-0.126645,0.024476,0.091284,0.025423,0.004059,0.277792,-0.199499,-0.024965,-0.003724,0.174482,-0.0,-0.005554,0.0,0.0,0.0,-0.195968,-0.174482,-0.0,-0.057932,-0.0,0.0,0.0,-0.0,0.0,-0.0,0.0,0.0,0.0,0.0,0.0,-0.0,0.001953,-0.004944,0.0,0.000194,0.0,0.000065,0.0,-0.000065,0.0,-0.000194,0.0,-0.0,0.0,0.008179,
0.0,0.207715,0.871243,-0.000066,0.0,1.570796,0.0,0.559791,0.036391,0.0,0.0,0.0,-0.34593,-0.024049,0.005347,0.410224,-0.125526,0.024476,0.101182,0.025478,0.004334,0.271265,-0.191954,-0.024965,-0.000355,0.174482,0.0,-0.005554,0.0,0.0,0.0,-0.194514,-0.174482,0.0,-0.057456,-0.0,0.0,-0.0,0.0,0.0,0.0,0.0,0.0,0.0,-0.0,0.0,-0.0,0.001953,-0.004944,0.0,0.000194,0.0,0.000065,0.0,-0.000065,0.0,-0.000194,0.0,0.0,0.0,0.007996,
0.0,0.213384,0.871626,-0.000066,0.0,1.570796,0.0,0.566915,0.038352,0.0,0.0,0.0,-0.337082,-0.024049,0.005261,0.404276,-0.124553,0.024476,0.11123,0.025514,0.004651,0.264625,-0.183452,-0.024965,0.003051,0.174482,0.0,-0.005554,0.0,0.0,0.0,-0.192889,-0.174482,-0.0,-0.056626,0.0,0.0,0.0,-0.0,0.0,-0.0,0.0,-0.0,0.0,-0.0,0.0,-0.0,0.001953,-0.004944,0.0,0.000194,0.0,0.000065,0.0,-0.000065,0.0,-0.000194,0.0,0.0,0.0,0.007733,
0.0,0.219196,0.872049,-0.000066,0.0,1.570796,0.0,0.581166,0.04229,0.0,0.0,0.0,-0.328434,-0.024049,0.005176,0.398934,-0.123875,0.024476,0.121578,0.025514,0.005054,0.257757,-0.173032,-0.024965,0.00653,0.174482,0.0,-0.005554,-0.0,0.0,0.0,-0.190921,-0.174482,0.0,-0.055087,0.0,0.0,0.0,0.0,0.0,-0.0,0.0,-0.0,0.0,0.0,0.0,-0.0,0.001953,-0.004944,0.0,0.000194,0.0,0.000065,0.0,-0.000065,0.0,-0.000194,0.0,0.0,0.0,0.007312,
0.0,0.225008,0.872472,-0.000066,0.0,1.570796,0.0,0.581151,0.04229,0.0,0.0,0.0,-0.319787,-0.024049,0.005091,0.393592,-0.123196,0.024476,0.131926,0.025514,0.005457,0.250889,-0.162612,-0.024965,0.01001,0.174482,0.0,-0.005554,-0.0,0.0,0.0,-0.188953,-0.174482,0.0,-0.053548,0.0,0.0,0.0,0.0,0.0,-0.0,0.0,-0.0,0.0,0.0,0.0,-0.0,0.001953,-0.004944,-0.0,0.000194,0.0,0.000065,0.0,-0.000065,0.0,-0.000194,0.0,0.0,0.0,0.006891,
0.0,0.230819,0.872895,-0.000066,0.0,1.570796,0.0,0.581166,0.04229,0.0,0.0,0.0,-0.31114,-0.024049,0.005005,0.38825,-0.122517,0.024476,0.142274,0.025514,0.00586,0.244022,-0.152192,-0.024965,0.013489,0.174482,0.0,-0.005554,-0.0,0.0,0.0,-0.186985,-0.174482,0.0,-0.05201,0.0,0.0,0.0,0.0,0.0,-0.0,0.0,0.0,0.0,0.0,0.0,0.0,0.001953,-0.004944,0.0,0.000194,0.0,0.000065,-0.0,-0.000065,0.0,-0.000194,-0.0,0.0,0.0,0.00647,
0.0,0.236846,0.873134,-0.000066,0.0,1.570796,0.0,0.602677,0.023828,0.0,0.0,0.0,-0.30438,-0.024049,0.005005,0.386831,-0.12303,0.024476,0.150411,0.025587,0.006262,0.242213,-0.141199,-0.024873,0.017005,0.174482,0.0,-0.005554,0.0,0.0,0.0,-0.184778,-0.174482,0.0,-0.04983,0.0,0.0,0.0,0.0,0.0,0.0,0.0,0.0,0.0,0.0,0.0,-0.0,0.001953,-0.004944,0.0,0.000194,0.0,0.000065,0.0,-0.000065,0.0,-0.000194,0.0,-0.0,0.0,0.006928,
0.0,0.242873,0.873372,-0.000066,0.0,1.570796,0.0,0.602675,0.023821,0.0,0.0,0.0,-0.297621,-0.024049,0.005005,0.385413,-0.123544,0.024476,0.158547,0.025661,0.006665,0.240406,-0.130205,-0.024782,0.020521,0.174482,0.0,-0.005554,-0.0,0.0,0.0,-0.182572,-0.174482,-0.0,-0.04765,0.0,0.0,0.0,0.0,0.0,-0.0,0.0,-0.0,0.0,0.0,0.0,-0.0,0.001953,-0.004944,0.0,0.000194,0.0,0.000065,0.0,-0.000065,0.0,-0.000194,0.0,-0.0,0.0,0.007385,
0.0,0.248899,0.87361,-0.000066,0.0,1.570796,-0.0,0.602673,0.023821,0.0,0.0,0.0,-0.290861,-0.024049,0.005005,0.383995,-0.124058,0.024476,0.166684,0.025734,0.007068,0.238598,-0.119212,-0.02469,0.024036,0.174482,-0.0,-0.005554,0.0,0.0,0.0,-0.180365,-0.174482,0.0,-0.045471,0.0,0.0,0.0,0.0,0.0,-0.0,0.0,-0.0,0.0,-0.0,0.0,-0.0,0.001953,-0.004944,0.0,0.000194,0.0,0.000065,0.0,-0.000065,0.0,-0.000194,0.0,-0.0,0.0,0.007843,
0.0,0.254836,0.873788,-0.000066,0.0,1.570796,0.0,0.593705,0.017854,0.0,0.0,0.0,-0.284503,-0.024049,0.004932,0.382963,-0.124364,0.024476,0.174078,0.025807,0.00752,0.238106,-0.10736,-0.024544,0.026503,0.174482,0.0,-0.005554,-0.0,0.0,0.0,-0.178294,-0.174482,0.0,-0.044024,0.0,0.0,0.0,0.0,0.0,-0.0,0.0,0.0,0.0,0.0,0.0,0.0,0.001953,-0.004944,0.0,0.000194,0.0,0.000065,0.0,-0.000065,0.0,-0.000194,0.0,0.0,0.0,0.008301,
0.0,0.260729,0.873937,-0.000066,0.0,1.570796,0.0,0.589223,0.014855,0.0,0.0,0.0,-0.278346,-0.024049,0.004822,0.382124,-0.124565,0.024476,0.181102,0.02588,0.007996,0.238272,-0.095077,-0.02437,0.028444,0.174482,0.0,-0.005554,0.0,0.0,0.0,-0.17629,-0.174482,0.0,-0.042943,0.0,0.0,0.0,-0.0,0.0,0.0,0.0,-0.0,0.0,0.0,0.0,-0.0,0.001953,-0.004944,0.0,0.000194,0.0,0.000065,0.0,-0.000065,0.0,-0.000194,0.0,0.0,0.0,0.008759,
0.0,0.266621,0.874086,-0.000066,0.0,1.570796,0.0,0.589209,0.014863,0.0,0.0,0.0,-0.272189,-0.024049,0.004712,0.381284,-0.124767,0.024476,0.188126,0.025954,0.008472,0.238438,-0.082795,-0.024196,0.030385,0.174482,0.0,-0.005554,-0.0,0.0,0.0,-0.174286,-0.174482,0.0,-0.041862,-0.0,0.0,0.0,0.0,0.0,0.0,0.0,0.0,0.0,0.0,0.0,0.0,0.001953,-0.004944,0.0,0.000194,-0.0,0.000065,0.0,-0.000065,0.0,-0.000194,0.0,0.0,0.0,0.009217,
0.0,0.272425,0.874222,-0.000066,0.0,1.570796,0.0,0.580434,0.013665,0.0,0.0,0.0,-0.266041,-0.024049,0.004639,0.380371,-0.125403,0.024476,0.190641,0.0261,0.008863,0.247582,-0.073451,-0.024022,0.031551,0.174482,-0.0,-0.005554,0.0,0.0,0.0,-0.17246,-0.174482,0.0,-0.04138,0.0,0.0,0.0,0.0,0.0,0.0,0.0,-0.0,0.0,-0.0,0.0,-0.0,0.001953,-0.004944,0.0,0.000194,0.0,0.000065,0.0,-0.000065,0.0,-0.000194,0.0,0.0,0.0,0.009589,
0.0,0.278054,0.874335,-0.000066,0.0,1.570796,0.0,0.562862,0.011268,0.0,0.0,0.0,-0.25991,-0.024049,0.004639,0.379308,-0.126908,0.024476,0.184131,0.026393,0.009082,0.274701,-0.069988,-0.023848,0.031167,0.174482,0.0,-0.005554,0.0,0.0,0.0,-0.17099,-0.174482,0.0,-0.042094,0.0,0.0,0.0,0.0,0.0,0.0,0.0,-0.0,0.0,-0.0,0.0,-0.0,0.001953,-0.004944,0.0,0.000194,0.0,0.000065,0.0,-0.000065,0.0,-0.000194,0.0,0.0,0.0,0.00979,
0.0,0.283682,0.874448,-0.000066,0.0,1.570796,-0.0,0.562848,0.011268,0.0,0.0,0.0,-0.25378,-0.024049,0.004639,0.378245,-0.128412,0.024476,0.177622,0.026686,0.009302,0.301824,-0.066525,-0.023674,0.030782,0.174482,0.0,-0.005554,0.0,0.0,0.0,-0.16952,-0.174482,0.0,-0.042808,0.0,0.0,0.0,0.0,0.0,0.0,0.0,-0.0,0.0,-0.0,0.0,-0.0,0.001953,-0.004944,0.0,0.000194,-0.0,0.000065,0.0,-0.000065,0.0,-0.000194,0.0,0.0,0.0,0.009992,
0.0,0.289311,0.87456,-0.000066,0.0,1.570796,0.0,0.562863,0.011275,0.0,0.0,0.0,-0.24765,-0.024049,0.004639,0.377182,-0.129917,0.024476,0.171113,0.026979,0.009522,0.328941,-0.063062,-0.0235,0.030398,0.174482,0.0,-0.005554,0.0,0.0,0.0,-0.16805,-0.174482,0.0,-0.043523,0.0,0.0,0.0,-0.0,0.0,0.0,0.0,0.0,0.0,0.0,0.0,-0.0,0.001953,-0.004944,0.0,0.000194,0.0,0.000065,0.0,-0.000065,-0.0,-0.000194,0.0,0.0,0.0,0.010193,
0.0,0.294468,0.874801,-0.000066,0.0,1.570796,0.0,0.515763,0.024105,0.0,0.0,0.0,-0.240312,-0.024049,0.004639,0.373308,-0.132266,0.024476,0.14519,0.027821,0.009943,0.388921,-0.061432,-0.022914,0.026955,0.174482,0.0,-0.005554,-0.0,0.0,0.0,-0.168178,-0.174482,0.0,-0.045299,0.0,0.0,0.0,0.0,0.0,0.0,0.0,0.0,0.0,-0.0,0.0,0.0,0.001953,-0.004944,0.0,0.000194,0.0,0.000065,0.0,-0.000065,0.0,-0.000194,0.0,0.0,0.0,0.010816,
0.0,0.299626,0.875042,-0.000066,0.0,1.570796,0.0,0.515763,0.024105,0.0,0.0,0.0,-0.232973,-0.024049,0.004639,0.369433,-0.134615,0.024476,0.119258,0.028664,0.010364,0.448979,-0.059801,-0.022328,0.023513,0.174482,-0.0,-0.005554,0.0,0.0,0.0,-0.168307,-0.174482,0.0,-0.047076,0.0,0.0,0.0,0.0,0.0,0.0,0.0,0.0,0.0,0.0,0.0,0.0,0.001953,-0.004944,0.0,0.000194,0.0,0.000065,0.0,-0.000065,-0.0,-0.000194,0.0,-0.0,0.0,0.011438,
0.0,0.304784,0.875284,-0.000066,0.0,1.570796,0.0,0.515747,0.024105,0.0,0.0,0.0,-0.225634,-0.024049,0.004639,0.365558,-0.136964,0.024476,0.093329,0.029506,0.010785,0.508999,-0.058171,-0.021742,0.02007,0.174482,0.0,-0.005554,0.0,0.0,0.0,-0.168435,-0.174482,-0.0,-0.048853,0.0,0.0,0.0,0.0,0.0,0.0,0.0,0.0,0.0,0.0,0.0,0.0,0.001953,-0.004944,0.0,0.000194,0.0,0.000065,0.0,-0.000065,0.0,-0.000194,0.0,-0.0,0.0,0.012061,
0.0,0.309705,0.87554,-0.000066,0.0,1.570796,0.0,0.492169,0.025637,0.0,0.0,0.0,-0.218462,-0.024049,0.004688,0.361487,-0.139742,0.024476,0.067253,0.030629,0.011731,0.559644,-0.045995,-0.020619,0.015553,0.174482,-0.0,-0.005554,-0.0,0.0,0.0,-0.168417,-0.174482,0.0,-0.049604,0.0,0.0,0.0,0.0,0.0,0.0,0.0,0.0,0.0,0.0,0.0,-0.0,0.001953,-0.004944,0.0,0.000194,0.0,0.000065,0.0,-0.000065,0.0,-0.000194,0.0,0.0,0.0,0.012232,
0.0,0.314509,0.875804,-0.000066,0.0,1.570796,0.0,0.480372,0.026399,0.0,0.0,0.0,-0.211372,-0.024049,0.004761,0.357319,-0.142734,0.024476,0.041095,0.031893,0.01294,0.605674,-0.028541,-0.019227,0.010499,0.174482,0.0,-0.005554,0.0,0.0,0.0,-0.168325,-0.174482,0.0,-0.049842,0.0,0.0,0.0,0.0,0.0,-0.0,0.0,-0.0,0.0,-0.0,0.0,-0.0,0.001953,-0.004944,0.0,0.000194,0.0,0.000065,0.0,-0.000065,0.0,-0.000194,0.0,0.0,0.0,0.012177,
0.0,0.319313,0.876068,-0.000066,0.0,1.570796,0.0,0.480358,0.026407,0.0,0.0,0.0,-0.204283,-0.024049,0.004834,0.353151,-0.145726,0.024476,0.014936,0.033157,0.014148,0.651702,-0.011088,-0.017835,0.005445,0.174482,0.0,-0.005554,0.0,0.0,0.0,-0.168233,-0.174482,0.0,-0.05008,0.0,0.0,0.0,0.0,0.0,-0.0,0.0,0.0,0.0,-0.0,0.0,-0.0,0.001953,-0.004944,0.0,0.000194,0.0,0.000065,0.0,-0.000065,0.0,-0.000194,0.0,0.0,0.0,0.012122,
0.0,0.32404,0.876328,-0.000066,0.0,1.570796,-0.0,0.472717,0.02604,0.0,0.0,0.0,-0.197141,-0.024049,0.004883,0.348719,-0.148487,0.024476,-0.011045,0.034469,0.015339,0.694647,0.006309,-0.016297,0.000434,0.174482,-0.0,-0.005805,0.0,0.0,0.0,-0.167719,-0.174482,0.0,-0.049354,0.0,0.0,0.0,0.0,0.0,0.0,0.0,-0.0,0.0,-0.0,0.0,0.0,0.001953,-0.004944,0.0,0.000194,0.0,0.000065,0.0,-0.000065,-0.0,-0.000194,0.0,0.0,0.0,0.011664,
0.0,0.328614,0.876581,-0.000066,0.0,1.570796,0.0,0.457396,0.025306,0.0,0.0,0.0,-0.189895,-0.024049,0.004883,0.343757,-0.150782,0.024476,-0.036689,0.035879,0.016492,0.731506,0.023597,-0.014466,-0.004492,0.174482,0.0,-0.006555,-0.0,0.0,0.0,-0.166359,-0.174482,0.0,-0.046698,0.0,0.0,0.0,0.0,0.0,0.0,0.0,0.0,0.0,0.0,0.0,-0.0,0.001953,-0.004944,0.0,0.000194,0.0,0.000065,0.0,-0.000065,0.0,-0.000194,0.0,0.0,0.0,0.010401,
0.0,0.333188,0.876835,-0.000066,0.0,1.570796,0.0,0.457403,0.025314,0.0,0.0,0.0,-0.182649,-0.024049,0.004883,0.338796,-0.153078,0.024476,-0.062337,0.037289,0.017646,0.768375,0.040886,-0.012635,-0.009417,0.174482,0.0,-0.007306,-0.0,0.0,0.0,-0.165,-0.174482,0.0,-0.044042,-0.0,0.0,-0.0,0.0,0.0,0.0,0.0,-0.0,0.0,-0.0,0.0,-0.0,0.001953,-0.004944,0.0,0.000194,-0.0,0.000065,0.0,-0.000065,0.0,-0.000194,0.0,0.0,0.0,0.009137,
0.0,0.337762,0.877088,-0.000066,0.0,1.570796,0.0,0.457407,0.025306,0.0,0.0,0.0,-0.175402,-0.024049,0.004883,0.333834,-0.155373,0.024476,-0.087979,0.0387,0.0188,0.805228,0.058174,-0.010804,-0.014343,0.174482,0.0,-0.008057,0.0,0.0,0.0,-0.16364,-0.174482,0.0,-0.041386,0.0,0.0,0.0,0.0,0.0,0.0,0.0,-0.0,0.0,0.0,0.0,0.0,0.001953,-0.004944,0.0,0.000194,0.0,0.000065,0.0,-0.000065,0.0,-0.000194,0.0,-0.0,0.0,0.007874,
0.0,0.342209,0.877447,-0.000066,0.0,1.570796,0.0,0.444719,0.035911,0.0,0.0,0.0,-0.166364,-0.024049,0.004883,0.325173,-0.155043,0.024476,-0.113504,0.039854,0.019386,0.833463,0.068711,-0.009321,-0.021009,0.174482,0.0,-0.011902,0.0,0.0,0.0,-0.15982,-0.174482,-0.0,-0.037687,0.0,0.0,0.0,-0.0,0.0,-0.0,0.0,-0.0,0.0,0.0,0.0,0.0,0.001953,-0.004944,0.0,0.000194,0.0,0.000065,0.0,-0.000065,0.0,-0.000194,0.0,0.0,0.0,0.006281,
0.0,0.346656,0.877806,-0.000066,0.0,1.570796,0.0,0.444711,0.035911,0.0,0.0,0.0,-0.157326,-0.024049,0.004883,0.316512,-0.154712,0.024476,-0.139034,0.041007,0.019972,0.861704,0.079248,-0.007837,-0.027674,0.174482,0.0,-0.015747,-0.0,0.0,0.0,-0.155999,-0.174482,0.0,-0.033988,0.0,0.0,0.0,0.0,0.0,-0.0,0.0,-0.0,0.0,-0.0,0.0,-0.0,0.001953,-0.004944,0.0,0.000194,0.0,0.000065,0.0,-0.000065,0.0,-0.000194,0.0,0.0,0.0,0.004688,
0.0,0.351103,0.878165,-0.000066,0.0,1.570796,0.0,0.444707,0.035911,0.0,0.0,0.0,-0.148288,-0.024049,0.004883,0.30785,-0.154382,0.024476,-0.164561,0.042161,0.020558,0.88994,0.089785,-0.006354,-0.03434,0.174482,0.0,-0.019593,0.0,0.0,0.0,-0.152179,-0.174482,0.0,-0.030288,0.0,0.0,0.0,0.0,0.0,-0.0,0.0,0.0,0.0,-0.0,0.0,-0.0,0.001953,-0.004944,0.0,0.000194,-0.0,0.000065,-0.0,-0.000065,0.0,-0.000194,0.0,-0.0,0.0,0.003095,
0.0,0.355456,0.87851,-0.000066,0.0,1.570796,0.0,0.435316,0.034483,0.0,0.0,0.0,-0.138658,-0.024049,0.004798,0.298105,-0.153561,0.024476,-0.186188,0.042546,0.020387,0.906788,0.089719,-0.005994,-0.042191,0.174482,0.0,-0.024219,0.0,0.0,0.0,-0.147674,-0.174482,0.0,-0.026431,0.0,0.0,0.0,-0.0,0.0,0.0,0.0,0.0,0.0,0.0,0.0,-0.0,0.001953,-0.004944,0.0,0.000194,0.0,0.000065,0.0,-0.000065,0.0,-0.000194,0.0,-0.0,0.0,0.001697,
0.0,0.359762,0.878847,-0.000066,0.0,1.570796,0.0,0.430597,0.033773,0.0,0.0,0.0,-0.128731,-0.024049,0.004669,0.287818,-0.152496,0.024476,-0.205869,0.042546,0.019837,0.91794,0.084349,-0.006195,-0.050635,0.174482,-0.0,-0.029237,0.0,0.0,0.0,-0.142828,-0.174482,0.0,-0.022493,0.0,0.0,0.0,0.0,0.0,-0.0,0.0,-0.0,0.0,0.0,0.0,-0.0,0.001953,-0.004944,0.0,0.000194,-0.0,0.000065,0.0,-0.000065,0.0,-0.000194,0.0,-0.0,0.0,0.000397,
0.0,0.364068,0.879185,-0.000066,0.0,1.570796,0.0,0.430608,0.033766,0.0,0.0,0.0,-0.118803,-0.024049,0.004541,0.27753,-0.151431,0.024476,-0.22555,0.042546,0.019288,0.929092,0.078979,-0.006397,-0.05908,0.174482,-0.0,-0.034255,0.0,0.0,0.0,-0.137981,-0.174482,0.0,-0.018556,0.0,0.0,0.0,-0.0,0.0,-0.0,0.0,0.0,0.0,0.0,0.0,0.0,0.001953,-0.004944,0.0,0.000194,0.0,0.000065,0.0,-0.000065,0.0,-0.000194,0.0,0.0,0.0,-0.000903,
0.0,0.368351,0.879491,-0.000066,0.0,1.570796,0.0,0.428266,0.030554,0.0,0.0,0.0,-0.108617,-0.024049,0.004413,0.266723,-0.150079,0.024452,-0.244309,0.042369,0.018568,0.937487,0.072225,-0.00683,-0.068099,0.174482,0.0,-0.039676,-0.0,0.0,0.0,-0.132995,-0.174482,0.0,-0.014668,-0.0,0.0,0.0,0.0,0.0,0.0,0.0,-0.0,0.0,0.0,0.0,0.0,0.001953,-0.004944,0.0,0.000194,0.0,0.000065,0.0,-0.000065,0.0,-0.000194,0.0,0.0,0.0,-0.00202,
0.0,0.372587,0.879732,-0.000066,0.0,1.570796,0.0,0.423617,0.024114,0.0,0.0,0.0,-0.097911,-0.024049,0.004285,0.254874,-0.148151,0.024379,-0.261234,0.041838,0.017506,0.940363,0.062699,-0.007727,-0.07827,0.174482,0.0,-0.045903,0.0,0.0,0.0,-0.12773,-0.174482,0.0,-0.010878,0.0,0.0,0.0,0.0,0.0,0.0,0.0,-0.0,0.0,0.0,0.0,0.0,0.001953,-0.004944,0.0,0.000194,0.0,0.000065,0.0,-0.000065,0.0,-0.000194,0.0,0.0,0.0,-0.002771,
0.0,0.376823,0.879973,-0.000066,0.0,1.570796,0.0,0.423613,0.024114,0.0,0.0,0.0,-0.087205,-0.024049,0.004157,0.243024,-0.146223,0.024306,-0.278159,0.041307,0.016444,0.94324,0.053172,-0.008624,-0.088442,0.174482,0.0,-0.052131,0.0,0.0,0.0,-0.122464,-0.174482,0.0,-0.007087,0.0,0.0,0.0,0.0,0.0,0.0,0.0,0.0,0.0,0.0,0.0,0.0,0.001953,-0.004944,0.0,0.000194,0.0,0.000065,0.0,-0.000065,0.0,-0.000194,0.0,0.0,0.0,-0.003522,
0.0,0.381059,0.880214,-0.000066,0.0,1.570796,0.0,0.423601,0.024114,0.0,0.0,0.0,-0.0765,-0.024049,0.004028,0.231175,-0.144295,0.024232,-0.295082,0.040776,0.015382,0.946116,0.043647,-0.009522,-0.098613,0.174482,-0.0,-0.058359,0.0,0.0,0.0,-0.117198,-0.174482,0.0,-0.003297,0.0,0.0,0.0,0.0,0.0,-0.0,0.0,0.0,0.0,-0.0,0.0,0.0,0.001953,-0.004944,0.0,0.000194,0.0,0.000065,-0.0,-0.000065,0.0,-0.000194,0.0,0.0,0.0,-0.004272,
0.0,0.385318,0.880205,-0.000066,0.0,1.570796,0.0,0.425854,-0.000933,0.0,0.0,0.0,-0.066571,-0.024049,0.0039,0.220862,-0.143083,0.024232,-0.310199,0.040006,0.014228,0.943056,0.033849,-0.010547,-0.108811,0.174482,-0.0,-0.06468,0.0,0.0,0.0,-0.110267,-0.174482,0.0,-0.003296,0.0,0.0,0.0,0.0,0.0,0.0,0.0,-0.0,0.0,-0.0,0.0,-0.0,0.001953,-0.004944,0.0,0.000194,0.0,0.000065,-0.0,-0.000065,0.0,-0.000194,0.0,-0.0,0.0,-0.004822,
0.0,0.389576,0.880195,-0.000066,0.0,1.570796,0.0,0.425842,-0.000941,0.0,0.0,0.0,-0.056641,-0.024049,0.003772,0.210548,-0.141872,0.024232,-0.325317,0.039237,0.013074,0.939995,0.024052,-0.011572,-0.119009,0.174482,0.0,-0.071001,0.0,0.0,0.0,-0.103336,-0.174482,0.0,-0.003296,0.0,0.0,0.0,-0.0,0.0,0.0,0.0,-0.0,0.0,0.0,-0.0,-0.0,0.001953,-0.004944,0.0,0.000194,0.0,0.000065,0.0,-0.000065,0.0,-0.000194,0.0,-0.0,0.0,-0.005371,
0.0,0.393835,0.880186,-0.000066,0.0,1.570796,0.0,0.42585,-0.000948,0.0,0.0,0.0,-0.046712,-0.024049,0.003644,0.200235,-0.14066,0.024232,-0.340435,0.038468,0.011921,0.936934,0.014254,-0.012598,-0.129207,0.174482,-0.0,-0.077322,0.0,0.0,0.0,-0.096404,-0.174482,0.0,-0.003296,-0.0,0.0,0.0,-0.0,0.0,0.0,0.0,-0.0,0.0,0.0,0.0,-0.0,0.001953,-0.004944,0.0,0.000194,0.0,0.000065,0.0,-0.000065,0.0,-0.000194,0.0,0.0,0.0,-0.005921,
0.0,0.398186,0.880064,-0.000066,0.0,1.570796,0.0,0.435132,-0.012209,0.0,0.0,0.0,-0.035419,-0.024049,0.003516,0.187608,-0.138861,0.024232,-0.356043,0.037821,0.011023,0.932706,0.007679,-0.013324,-0.139021,0.174482,0.0,-0.083474,-0.0,0.0,0.0,-0.089329,-0.174482,0.0,-0.003296,-0.0,0.0,0.0,0.0,0.0,0.0,0.0,0.0,0.0,0.0,0.0,0.0,0.001953,-0.004944,0.0,0.000194,0.0,0.000065,0.0,-0.000065,0.0,-0.000194,0.0,-0.0,0.0,-0.006104,
0.0,0.402584,0.879885,-0.000066,0.0,1.570796,0.0,0.43979,-0.017847,0.0,0.0,0.0,-0.023442,-0.024049,0.003388,0.173822,-0.136769,0.024232,-0.371901,0.037235,0.010254,0.927895,0.002717,-0.013901,-0.148643,0.174482,-0.0,-0.089541,0.0,0.0,0.0,-0.082182,-0.174482,-0.0,-0.003296,-0.0,0.0,0.0,-0.0,0.0,0.0,0.0,0.0,0.0,0.0,0.0,0.0,0.001953,-0.004944,0.0,0.000194,-0.0,0.000065,0.0,-0.000065,0.0,-0.000194,0.0,-0.0,0.0,-0.006104,
0.0,0.406982,0.879707,-0.000066,0.0,1.570796,0.0,0.43979,-0.017847,0.0,0.0,0.0,-0.011465,-0.024049,0.003259,0.160036,-0.134677,0.024232,-0.387758,0.036649,0.009485,0.923083,-0.002245,-0.014478,-0.158265,0.174482,0.0,-0.095608,-0.0,0.0,-0.0,-0.075034,-0.174482,0.0,-0.003296,0.0,0.0,0.0,0.0,0.0,0.0,0.0,0.0,0.0,0.0,0.0,0.0,0.001953,-0.004944,0.0,0.000194,0.0,0.000065,0.0,-0.000065,0.0,-0.000194,0.0,-0.0,0.0,-0.006104,
0.0,0.411464,0.879484,-0.000066,0.0,1.570796,0.0,0.448171,-0.022332,0.0,0.0,0.0,-0.001338,-0.024049,0.003174,0.150048,-0.133966,0.024232,-0.402516,0.036075,0.008789,0.916511,-0.006872,-0.015055,-0.167572,0.174482,0.0,-0.101548,0.0,-0.0,0.0,-0.068083,-0.174482,0.0,-0.003296,0.0,0.0,0.0,-0.0,-0.0,-0.0,0.0,-0.0,0.0,0.0,0.0,-0.0,0.001953,-0.004944,0.0,0.000194,-0.0,0.000065,0.0,-0.000065,0.0,-0.000194,0.0,0.0,0.0,-0.005945,
0.0,0.416113,0.879171,-0.000066,0.0,1.570796,0.0,0.464983,-0.031303,0.0,0.0,0.0,0.005089,-0.024049,0.003174,0.147661,-0.136022,0.024232,-0.415078,0.035526,0.00824,0.906417,-0.010827,-0.015632,-0.17625,0.174482,0.0,-0.107233,0.0,0.0,0.0,-0.061525,-0.174482,0.0,-0.003296,-0.0,0.0,0.0,0.0,0.0,-0.0,0.0,-0.0,0.0,-0.0,0.0,0.0,0.001953,-0.004944,0.0,0.000194,0.0,0.000065,0.0,-0.000065,0.0,-0.000194,0.0,0.0,0.0,-0.005469,
0.0,0.420763,0.878857,-0.000066,0.0,1.570796,0.0,0.464972,-0.031303,0.0,0.0,0.0,0.011517,-0.024049,0.003174,0.145274,-0.138078,0.024232,-0.42764,0.034976,0.007691,0.896323,-0.014783,-0.016208,-0.184927,0.174482,0.0,-0.112917,0.0,0.0,0.0,-0.054967,-0.174482,0.0,-0.003296,-0.0,0.0,0.0,0.0,0.0,0.0,0.0,0.0,0.0,0.0,0.0,-0.0,0.001953,-0.004944,0.0,0.000194,0.0,0.000065,0.0,-0.000065,0.0,-0.000194,0.0,0.0,0.0,-0.004993,
0.0,0.425413,0.878544,-0.000066,0.0,1.570796,0.0,0.464983,-0.031303,0.0,0.0,0.0,0.017944,-0.024049,0.003174,0.142888,-0.140133,0.024232,-0.440202,0.034427,0.007141,0.886229,-0.018738,-0.016785,-0.193605,0.174482,0.0,-0.118602,-0.0,0.0,0.0,-0.048408,-0.174482,0.0,-0.003296,0.0,0.0,0.0,0.0,0.0,0.0,0.0,-0.0,0.0,0.0,0.0,0.0,0.001953,-0.004944,0.0,0.000194,0.0,0.000065,0.0,-0.000065,0.0,-0.000194,0.0,0.0,0.0,-0.004517,
0.0,0.430067,0.878139,-0.000066,0.0,1.570796,0.0,0.465369,-0.040588,0.0,0.0,0.0,0.023676,-0.024049,0.003174,0.141896,-0.143585,0.024196,-0.448284,0.033877,0.006757,0.869377,-0.022986,-0.017316,-0.201171,0.174482,0.0,-0.124033,0.0,0.0,0.0,-0.043152,-0.174482,0.0,-0.003296,0.0,0.0,0.0,0.0,0.0,0.0,0.0,-0.0,0.0,-0.0,0.0,0.0,0.001953,-0.004944,0.0,0.000194,0.0,0.000065,0.0,-0.000065,0.0,-0.000194,0.0,0.0,0.0,-0.004041,
0.0,0.434721,0.877733,-0.000066,0.0,1.570796,0.0,0.465384,-0.040588,0.0,0.0,0.0,0.029408,-0.024049,0.003174,0.140905,-0.147036,0.024159,-0.456365,0.033328,0.006372,0.852521,-0.027235,-0.017847,-0.208737,0.174482,0.0,-0.129465,0.0,0.0,0.0,-0.037895,-0.174482,-0.0,-0.003296,0.0,0.0,0.0,0.0,0.0,-0.0,0.0,-0.0,0.0,0.0,0.0,0.0,0.001953,-0.004944,0.0,0.000194,0.0,0.000065,0.0,-0.000065,0.0,-0.000194,0.0,0.0,0.0,-0.003565,
0.0,0.439374,0.877327,-0.000066,0.0,1.570796,0.0,0.46538,-0.040588,0.0,0.0,0.0,0.03514,-0.024049,0.003174,0.139913,-0.150488,0.024122,-0.464446,0.032778,0.005988,0.835666,-0.031484,-0.018378,-0.216304,0.174482,0.0,-0.134896,0.0,0.0,0.0,-0.032639,-0.174482,0.0,-0.003296,0.0,0.0,0.0,0.0,0.0,0.0,0.0,0.0,0.0,-0.0,0.0,-0.0,0.001953,-0.004944,0.0,0.000194,0.0,0.000065,0.0,-0.000065,0.0,-0.000194,0.0,0.0,0.0,-0.003089,
0.0,0.444108,0.87689,-0.000066,0.0,1.570796,0.0,0.473395,-0.043677,0.0,0.0,0.0,0.040628,-0.024049,0.003247,0.139583,-0.15443,0.024086,-0.469601,0.032253,0.005701,0.814926,-0.034768,-0.018848,-0.222807,0.174482,0.0,-0.139987,0.0,-0.0,0.0,-0.028067,-0.174482,0.0,-0.003296,0.0,0.0,0.0,-0.0,-0.0,-0.0,0.0,-0.0,0.0,0.0,0.0,-0.0,0.001953,-0.004944,0.0,0.000194,0.0,0.000065,0.0,-0.000065,0.0,-0.000194,0.0,0.0,0.0,-0.002735,
0.0,0.448883,0.876438,-0.000066,0.0,1.570796,0.0,0.477424,-0.045226,0.0,0.0,0.0,0.045995,-0.024049,0.003357,0.139583,-0.158619,0.024049,-0.473293,0.031741,0.005463,0.792236,-0.03757,-0.019288,-0.228779,0.174482,0.0,-0.144907,-0.0,0.0,0.0,-0.023836,-0.174482,0.0,-0.003296,0.0,0.0,0.0,0.0,0.0,-0.0,0.0,-0.0,0.0,-0.0,0.0,0.0,0.001953,-0.004944,0.0,0.000194,0.0,0.000065,0.0,-0.000065,0.0,-0.000194,0.0,0.0,0.0,-0.002442,
0.0,0.453657,0.875986,-0.000066,0.0,1.570796,0.0,0.477412,-0.045226,0.0,0.0,0.0,0.051361,-0.024049,0.003467,0.139583,-0.162807,0.024013,-0.476985,0.031228,0.005225,0.769547,-0.040372,-0.019727,-0.234751,0.174482,0.0,-0.149827,0.0,0.0,0.0,-0.019606,-0.174482,0.0,-0.003296,0.0,0.0,0.0,0.0,0.0,0.0,0.0,0.0,0.0,0.0,0.0,0.0,0.001953,-0.004944,0.0,0.000194,0.0,0.000065,0.0,-0.000065,0.0,-0.000194,0.0,-0.0,0.0,-0.002149,
0.0,0.458519,0.875524,-0.000066,0.0,1.570796,0.0,0.48622,-0.046126,0.0,0.0,0.0,0.05682,-0.024049,0.003552,0.139583,-0.16694,0.02398,-0.479956,0.030746,0.005029,0.746063,-0.042558,-0.02012,-0.240147,0.174482,0.0,-0.154516,-0.0,0.0,-0.0,-0.015626,-0.174482,0.0,-0.003296,0.0,0.0,0.0,0.0,0.0,0.0,0.0,0.0,0.0,0.0,0.0,-0.0,0.001953,-0.004944,0.0,0.000194,0.0,0.000065,0.0,-0.000065,0.0,-0.000194,0.0,0.0,0.0,-0.001953,
0.0,0.463557,0.875045,-0.000066,0.0,1.570796,0.0,0.50381,-0.047925,0.0,0.0,0.0,0.062463,-0.024049,0.003589,0.139583,-0.170965,0.023956,-0.481483,0.030324,0.00492,0.720974,-0.04351,-0.020419,-0.24439,0.174482,-0.0,-0.158741,-0.0,0.0,0.0,-0.012147,-0.174482,0.0,-0.003296,-0.0,0.0,0.0,0.0,0.0,0.0,0.0,0.0,-0.0,0.0,0.0,0.0,0.001953,-0.004944,0.0,0.000194,0.0,0.000065,0.0,-0.000065,0.0,-0.000194,0.0,0.0,0.0,-0.001953,
0.0,0.468595,0.874566,-0.000066,0.0,1.570796,0.0,0.503822,-0.047925,0.0,0.0,0.0,0.068106,-0.024049,0.003626,0.139583,-0.174991,0.023931,-0.48301,0.029903,0.00481,0.695881,-0.044463,-0.020718,-0.248634,0.174482,0.0,-0.162966,-0.0,0.0,0.0,-0.008668,-0.174482,0.0,-0.003296,0.0,0.0,0.0,0.0,0.0,0.0,0.0,0.0,0.0,0.0,0.0,0.0,0.001953,-0.004944,0.0,0.000194,0.0,0.000065,0.0,-0.000065,0.0,-0.000194,0.0,0.0,0.0,-0.001953,
0.0,0.473633,0.874086,-0.000066,0.0,1.570796,0.0,0.50381,-0.047925,0.0,0.0,0.0,0.073748,-0.024049,0.003662,0.139583,-0.179016,0.023907,-0.484538,0.029482,0.0047,0.670795,-0.045415,-0.021017,-0.252877,0.174482,-0.0,-0.167191,0.0,0.0,0.0,-0.005189,-0.174482,0.0,-0.003296,0.0,0.0,0.0,-0.0,0.0,-0.0,0.0,0.0,0.0,-0.0,0.0,0.0,0.001953,-0.004944,0.0,0.000194,0.0,0.000065,0.0,-0.000065,0.0,-0.000194,0.0,0.0,0.0,-0.001953,
0.0,0.479145,0.873567,-0.000066,0.0,1.570796,0.0,0.551181,-0.051981,0.0,0.0,0.0,0.079925,-0.024049,0.003699,0.139583,-0.182657,0.023882,-0.485142,0.029134,0.004608,0.645973,-0.046148,-0.021317,-0.255112,0.174482,0.0,-0.169801,0.0,0.0,0.0,-0.001948,-0.174482,0.0,-0.003296,0.0,0.0,0.0,-0.0,0.0,0.0,0.0,0.0,0.0,0.0,0.0,-0.0,0.001953,-0.004944,0.0,0.000194,0.0,0.000065,0.0,-0.000065,0.0,-0.000194,0.0,0.0,0.0,-0.002393,
0.0,0.484657,0.873047,-0.000066,0.0,1.570796,0.0,0.551193,-0.051988,0.0,0.0,0.0,0.086101,-0.024049,0.003735,0.139583,-0.186298,0.023858,-0.485745,0.028786,0.004517,0.621146,-0.046881,-0.021616,-0.257346,0.174482,0.0,-0.172411,0.0,0.0,0.0,0.001293,-0.174482,0.0,-0.003296,0.0,0.0,0.0,-0.0,0.0,-0.0,0.0,0.0,0.0,0.0,0.0,-0.0,0.001953,-0.004944,0.0,0.000194,0.0,0.000065,0.0,-0.000065,0.0,-0.000194,0.0,-0.0,0.0,-0.002832,
0.0,0.490169,0.872527,-0.000066,0.0,1.570796,0.0,0.551178,-0.051981,0.0,0.0,0.0,0.092277,-0.024049,0.003772,0.139583,-0.189939,0.023833,-0.486349,0.028438,0.004425,0.596321,-0.047613,-0.021915,-0.25958,0.174482,0.0,-0.175021,0.0,0.0,0.0,0.004534,-0.174482,0.0,-0.003296,-0.0,0.0,0.0,-0.0,0.0,-0.0,0.0,-0.0,0.0,-0.0,0.0,0.0,0.001953,-0.004944,0.0,0.000194,0.0,0.000065,0.0,-0.000065,0.0,-0.000194,0.0,0.0,0.0,-0.003271,
0.0,0.495862,0.871989,-0.000066,0.0,1.570796,-0.0,0.569351,-0.053811,0.0,0.0,0.0,0.097331,-0.024049,0.003827,0.142042,-0.193631,0.023809,-0.485708,0.028115,0.004254,0.572588,-0.052106,-0.022214,-0.260953,0.174482,0.0,-0.1767,0.0,0.0,0.0,0.00747,-0.174482,-0.0,-0.003296,0.0,0.0,0.0,0.0,0.0,0.0,0.0,-0.0,0.0,-0.0,0.0,-0.0,0.001953,-0.004944,0.0,0.000194,0.0,0.000065,0.0,-0.000065,0.0,-0.000194,0.0,0.0,0.0,-0.003967,
0.0,0.501647,0.871442,-0.000066,0.0,1.570796,0.0,0.578422,-0.054733,0.0,0.0,0.0,0.101823,-0.024049,0.003891,0.145733,-0.197348,0.023785,-0.484444,0.027803,0.004044,0.549395,-0.058481,-0.022513,-0.261895,0.174482,0.0,-0.177913,-0.0,0.0,0.0,0.010254,-0.174482,0.0,-0.003296,0.0,0.0,0.0,0.0,0.0,-0.0,0.0,-0.0,0.0,-0.0,0.0,-0.0,0.001953,-0.004944,0.0,0.000194,0.0,0.000065,0.0,-0.000065,0.0,-0.000194,0.0,-0.0,0.0,-0.004791,
0.0,0.507431,0.870894,-0.000066,0.0,1.570796,0.0,0.578434,-0.054725,0.0,0.0,0.0,0.106315,-0.024049,0.003955,0.149423,-0.201065,0.02376,-0.483181,0.027492,0.003833,0.5262,-0.064856,-0.022812,-0.262837,0.174482,0.0,-0.179126,-0.0,0.0,0.0,0.013037,-0.174482,0.0,-0.003296,0.0,0.0,0.0,0.0,0.0,0.0,0.0,-0.0,0.0,0.0,0.0,0.0,0.001953,-0.004944,0.0,0.000194,0.0,0.000065,0.0,-0.000065,0.0,-0.000194,0.0,0.0,0.0,-0.005615,
0.0,0.513308,0.87034,-0.000066,0.0,1.570796,-0.0,0.587688,-0.055473,0.0,0.0,0.0,0.111932,-0.024049,0.004019,0.151193,-0.204022,0.023744,-0.481609,0.027205,0.003623,0.504802,-0.071879,-0.023091,-0.263465,0.174482,0.0,-0.179899,0.0,0.0,0.0,0.015631,-0.174482,0.0,-0.003296,0.0,0.0,0.0,0.0,0.0,0.0,0.0,0.0,0.0,0.0,0.0,-0.0,0.001953,-0.004944,0.0,0.000194,0.0,0.000065,0.0,-0.000065,0.0,-0.000194,0.0,0.0,0.0,-0.006519,
0.0,0.51937,0.86977,-0.000066,0.0,1.570796,0.0,0.606254,-0.056974,0.0,0.0,0.0,0.119803,-0.024049,0.004083,0.149118,-0.205458,0.023744,-0.479423,0.026967,0.003412,0.486984,-0.0802,-0.023329,-0.263465,0.174482,0.0,-0.179789,0.0,0.0,0.0,0.017847,-0.174482,-0.0,-0.003296,0.0,0.0,0.0,0.0,0.0,0.0,0.0,0.0,0.0,0.0,0.0,0.0,0.001953,-0.004944,0.0,0.000194,0.0,0.000065,0.0,-0.000065,0.0,-0.000194,0.0,-0.0,0.0,-0.007581,
0.0,0.525433,0.8692,-0.000066,0.0,1.570796,-0.0,0.606251,-0.056974,0.0,0.0,0.0,0.127673,-0.024049,0.004147,0.147043,-0.206894,0.023744,-0.477237,0.026729,0.003201,0.469165,-0.088521,-0.023567,-0.263465,0.174482,0.0,-0.179678,-0.0,0.0,0.0,0.020063,-0.174482,0.0,-0.003296,0.0,0.0,0.0,0.0,0.0,0.0,0.0,-0.0,0.0,-0.0,0.0,0.0,0.001953,-0.004944,0.0,0.000194,0.0,0.000065,0.0,-0.000065,0.0,-0.000194,0.0,0.0,0.0,-0.008643,
0.0,0.531495,0.868631,-0.000066,0.0,1.570796,0.0,0.606239,-0.056967,0.0,0.0,0.0,0.135543,-0.024049,0.004212,0.144968,-0.208329,0.023744,-0.47505,0.026491,0.002991,0.451348,-0.096841,-0.023805,-0.263465,0.174482,-0.0,-0.179568,0.0,0.0,0.0,0.022279,-0.174482,0.0,-0.003296,0.0,0.0,0.0,0.0,0.0,-0.0,0.0,0.0,0.0,-0.0,0.0,-0.0,0.001953,-0.004944,0.0,0.000194,0.0,0.000065,0.0,-0.000065,0.0,-0.000194,0.0,-0.0,0.0,-0.009705,
0.0,0.537936,0.868072,-0.000066,0.0,1.570796,0.0,0.644062,-0.055881,0.0,0.0,0.0,0.143696,-0.024049,0.00401,0.143426,-0.211276,0.023744,-0.47232,0.026363,0.002826,0.440865,-0.104176,-0.023933,-0.261784,0.174482,-0.0,-0.178226,-0.0,0.0,0.0,0.024256,-0.174482,0.0,-0.003296,0.0,0.0,0.0,0.0,0.0,0.0,0.0,0.0,0.0,0.0,0.0,-0.0,0.001953,-0.004944,0.0,0.000194,0.0,0.000065,0.0,-0.000065,0.0,-0.000194,0.0,-0.0,0.0,-0.010346,
0.0,0.544376,0.867513,-0.000066,0.0,1.570796,-0.0,0.644054,-0.055873,0.0,0.0,0.0,0.151849,-0.024049,0.003809,0.141884,-0.214222,0.023744,-0.46959,0.026234,0.002661,0.430383,-0.111512,-0.024061,-0.260104,0.174482,0.0,-0.176884,-0.0,0.0,0.0,0.026234,-0.174482,0.0,-0.003296,0.0,0.0,0.0,0.0,0.0,0.0,0.0,0.0,0.0,-0.0,0.0,0.0,0.001953,-0.004944,0.0,0.000194,0.0,0.000065,0.0,-0.000065,0.0,-0.000194,0.0,0.0,0.0,-0.010987,
0.0,0.550817,0.866954,-0.000066,0.0,1.570796,0.0,0.644069,-0.055873,0.0,0.0,0.0,0.160002,-0.024049,0.003607,0.140342,-0.217169,0.023744,-0.466859,0.026106,0.002496,0.419901,-0.118847,-0.02419,-0.258423,0.174482,0.0,-0.175542,0.0,0.0,0.0,0.028212,-0.174482,0.0,-0.003296,0.0,0.0,0.0,0.0,0.0,-0.0,0.0,0.0,0.0,-0.0,0.0,0.0,0.001953,-0.004944,0.0,0.000194,0.0,0.000065,0.0,-0.000065,0.0,-0.000194,0.0,0.0,0.0,-0.011627,
0.0,0.557568,0.866502,-0.000066,0.0,1.570796,0.0,0.67512,-0.045182,0.0,0.0,0.0,0.167719,-0.024049,0.003259,0.139889,-0.21879,0.023744,-0.463204,0.026027,0.002393,0.412306,-0.124253,-0.024232,-0.25539,0.174482,-0.0,-0.173208,-0.0,-0.0,0.0,0.030373,-0.174482,0.0,-0.003296,0.0,0.0,0.0,0.0,-0.0,-0.0,0.0,-0.0,0.0,-0.0,0.0,0.0,0.001953,-0.004944,0.0,0.000194,0.0,0.000065,0.0,-0.000065,0.0,-0.000194,0.0,0.0,0.0,-0.012256,
0.0,0.564475,0.866104,-0.000066,0.0,1.570796,0.0,0.690688,-0.039833,0.0,0.0,0.0,0.175219,-0.024049,0.002838,0.139981,-0.219748,0.023744,-0.459086,0.025972,0.002319,0.406156,-0.128694,-0.024232,-0.25168,0.174482,0.0,-0.170378,0.0,0.0,0.0,0.032625,-0.174482,0.0,-0.003296,0.0,0.0,0.0,-0.0,0.0,0.0,0.0,-0.0,0.0,0.0,0.0,0.0,0.001953,-0.004944,0.0,0.000194,0.0,0.000065,0.0,-0.000065,0.0,-0.000194,0.0,-0.0,0.0,-0.012879,
0.0,0.571382,0.865706,-0.000066,0.0,1.570796,-0.0,0.690688,-0.039833,0.0,0.0,0.0,0.182719,-0.024049,0.002417,0.140072,-0.220706,0.023744,-0.454968,0.025917,0.002246,0.400005,-0.133134,-0.024232,-0.247971,0.174482,0.0,-0.167548,0.0,0.0,0.0,0.034878,-0.174482,0.0,-0.003296,0.0,0.0,0.0,0.0,0.0,-0.0,0.0,-0.0,0.0,0.0,0.0,-0.0,0.001953,-0.004944,0.0,0.000194,0.0,0.000065,0.0,-0.000065,0.0,-0.000194,0.0,0.0,0.0,-0.013501,
0.0,0.578495,0.865388,-0.000066,0.0,1.570796,0.0,0.71134,-0.031745,0.0,0.0,0.0,0.190326,-0.024049,0.001911,0.14017,-0.220897,0.023787,-0.450365,0.02588,0.002222,0.39479,-0.135533,-0.024232,-0.243463,0.174482,0.0,-0.164186,0.0,0.0,0.0,0.037332,-0.174482,0.0,-0.003296,-0.0,0.0,0.0,-0.0,0.0,-0.0,0.0,-0.0,0.0,-0.0,0.0,-0.0,0.001953,-0.004944,0.0,0.000194,0.0,0.000065,0.0,-0.000065,0.0,-0.000194,0.0,0.0,0.0,-0.014167,
-0.0,0.586023,0.865232,-0.000066,0.0,1.570796,-0.0,0.752732,-0.015583,0.0,0.0,0.0,0.198147,-0.024049,0.001233,0.14028,-0.219552,0.023915,-0.44479,0.02588,0.002295,0.391449,-0.133845,-0.024232,-0.23736,0.174482,-0.0,-0.159759,0.0,0.0,0.0,0.040189,-0.174482,0.0,-0.003296,0.0,0.0,0.0,0.0,0.0,0.0,0.0,0.0,0.0,0.0,0.0,-0.0,0.001953,-0.004944,0.0,0.000194,0.0,0.000065,0.0,-0.000065,0.0,-0.000194,0.0,0.0,0.0,-0.014917,
0.0,0.59355,0.865077,-0.000066,0.0,1.570796,0.0,0.752717,-0.015583,0.0,0.0,0.0,0.205969,-0.024049,0.000556,0.140391,-0.218207,0.024043,-0.439215,0.02588,0.002368,0.388108,-0.132156,-0.024232,-0.231257,0.174482,-0.0,-0.155332,-0.0,0.0,0.0,0.043046,-0.174482,0.0,-0.003296,0.0,0.0,0.0,0.0,0.0,0.0,0.0,-0.0,0.0,-0.0,0.0,0.0,0.001953,-0.004944,0.0,0.000194,0.0,0.000065,0.0,-0.000065,0.0,-0.000194,0.0,-0.0,0.0,-0.015668,
0.0,0.601077,0.864921,-0.000066,0.0,1.570796,-0.0,0.752732,-0.015583,0.0,0.0,0.0,0.213791,-0.024049,-0.000122,0.140501,-0.216862,0.024171,-0.433641,0.02588,0.002441,0.384767,-0.130468,-0.024232,-0.225154,0.174482,0.0,-0.150905,-0.0,0.0,0.0,0.045903,-0.174482,0.0,-0.003296,0.0,0.0,0.0,0.0,0.0,-0.0,0.0,0.0,0.0,-0.0,0.0,-0.0,0.001953,-0.004944,0.0,0.000194,0.0,0.000065,0.0,-0.000065,0.0,-0.000194,0.0,0.0,0.0,-0.016419,
-0.0,0.609252,0.865025,-0.000066,0.0,1.570796,-0.0,0.817428,0.010392,0.0,0.0,0.0,0.221918,-0.024177,-0.001092,0.140647,-0.212536,0.024299,-0.426787,0.02588,0.002698,0.383498,-0.121519,-0.024232,-0.216978,0.174482,0.0,-0.145215,0.0,0.0,0.0,0.049475,-0.174482,0.0,-0.003296,0.0,0.0,0.0,0.0,0.0,-0.0,0.0,-0.0,0.0,0.0,0.0,-0.0,0.001953,-0.004944,0.0,0.000194,0.0,0.000065,0.0,-0.000065,0.0,-0.000194,0.0,0.0,0.0,-0.017243,
0.0,0.617426,0.865129,-0.000066,0.0,1.570796,0.0,0.817466,0.0104,0.0,0.0,0.0,0.230046,-0.024305,-0.002063,0.140794,-0.208209,0.024428,-0.419933,0.02588,0.002954,0.38223,-0.112568,-0.024232,-0.208802,0.174482,0.0,-0.139524,-0.0,0.0,0.0,0.053047,-0.174482,0.0,-0.003296,0.0,0.0,0.0,0.0,0.0,-0.0,0.0,-0.0,0.0,0.0,0.0,0.0,0.001953,-0.004944,0.0,0.000194,0.0,0.000065,0.0,-0.000065,0.0,-0.000194,0.0,0.0,0.0,-0.018067,
0.0,0.625601,0.865233,-0.000066,0.0,1.570796,-0.0,0.817443,0.010392,0.0,0.0,0.0,0.238174,-0.024434,-0.003033,0.140941,-0.203882,0.024556,-0.413079,0.02588,0.00321,0.380961,-0.103617,-0.024232,-0.200627,0.174482,0.0,-0.133834,0.0,0.0,0.0,0.056619,-0.174482,0.0,-0.003296,0.0,0.0,0.0,0.0,0.0,0.0,0.0,0.0,-0.0,0.0,0.0,0.0,0.001953,-0.004944,0.0,0.000194,0.0,0.000065,0.0,-0.000065,0.0,-0.000194,0.0,0.0,0.0,-0.018891,
0.0,0.63377,0.865455,-0.000066,0.0,1.570796,0.0,0.816977,0.022248,0.0,0.0,0.0,0.245732,-0.024525,-0.00387,0.14099,-0.194045,0.024599,-0.405229,0.025941,0.003467,0.378663,-0.09544,-0.024165,-0.192177,0.174482,-0.0,-0.12839,0.0,0.0,0.0,0.059507,-0.174482,0.0,-0.003296,-0.0,0.0,0.0,0.0,0.0,0.0,0.0,0.0,0.0,-0.0,-0.0,-0.0,0.001953,-0.004944,0.0,0.000194,0.0,0.000065,0.0,-0.000065,0.0,-0.000194,-0.0,0.0,0.0,-0.019447,
0.0,0.641938,0.865737,-0.000066,0.0,1.570796,-0.0,0.816728,0.028184,0.0,0.0,0.0,0.253004,-0.024598,-0.004639,0.14099,-0.18145,0.024599,-0.396879,0.026033,0.003723,0.375848,-0.08765,-0.024064,-0.183589,0.174482,0.0,-0.12307,0.0,0.0,0.0,0.062054,-0.174482,0.0,-0.003296,0.0,0.0,0.0,0.0,0.0,0.0,0.0,0.0,0.0,-0.0,0.0,-0.0,0.001953,-0.004944,0.0,0.000194,0.0,0.000065,0.0,-0.000065,0.0,-0.000194,0.0,0.0,0.0,-0.019868,
0.0,0.650105,0.866019,-0.000066,0.0,1.570796,0.0,0.816717,0.028176,0.0,0.0,0.0,0.260277,-0.024672,-0.005408,0.14099,-0.168854,0.024599,-0.388531,0.026125,0.00398,0.373034,-0.07986,-0.023964,-0.175001,0.174482,0.0,-0.117749,-0.0,-0.0,-0.0,0.0646,-0.174482,0.0,-0.003296,0.0,0.0,0.0,0.0,-0.0,0.0,-0.0,0.0,0.0,0.0,0.0,0.0,0.001953,-0.004944,0.0,0.000194,0.0,0.000065,0.0,-0.000065,0.0,-0.000194,0.0,-0.0,0.0,-0.020289,
0.0,0.658176,0.866345,-0.000066,0.0,1.570796,0.0,0.807142,0.032639,0.0,0.0,0.0,0.267233,-0.024721,-0.006091,0.14099,-0.154343,0.024599,-0.380127,0.026186,0.004218,0.370344,-0.072761,-0.023863,-0.166582,0.174482,-0.0,-0.112747,0.0,0.0,0.0,0.066475,-0.174482,0.0,-0.003296,0.0,0.0,0.0,-0.0,0.0,-0.0,0.0,-0.0,0.0,-0.0,0.0,-0.0,0.001953,-0.004944,0.0,0.000194,0.0,0.000065,0.0,-0.000065,0.0,-0.000194,0.0,0.0,0.0,-0.020497,
0.0,0.666055,0.866761,-0.000066,0.0,1.570796,0.0,0.787915,0.041556,0.0,0.0,0.0,0.273556,-0.024721,-0.006604,0.14099,-0.135993,0.024599,-0.371615,0.026186,0.004419,0.367904,-0.067045,-0.023762,-0.158501,0.174482,0.0,-0.108383,0.0,0.0,0.0,0.067007,-0.174482,0.0,-0.003296,-0.0,0.0,0.0,0.0,0.0,0.0,0.0,-0.0,-0.0,-0.0,0.0,-0.0,0.001953,-0.004944,0.0,0.000194,0.0,0.000065,0.0,-0.000065,0.0,-0.000194,0.0,0.0,0.0,-0.020277,
0.0,0.673935,0.867176,-0.000066,0.0,1.570796,0.0,0.78793,0.041548,0.0,0.0,0.0,0.279878,-0.024721,-0.007117,0.14099,-0.117641,0.024599,-0.363102,0.026186,0.00462,0.365464,-0.061329,-0.023662,-0.150419,0.174482,0.0,-0.104019,-0.0,0.0,0.0,0.067538,-0.174482,0.0,-0.003296,-0.0,0.0,0.0,0.0,0.0,0.0,0.0,0.0,0.0,-0.0,0.0,0.0,0.001953,-0.004944,0.0,0.000194,0.0,0.000065,0.0,-0.000065,0.0,-0.000194,0.0,-0.0,0.0,-0.020057,
0.0,0.681814,0.867592,-0.000066,0.0,1.570796,0.0,0.787915,0.041556,0.0,0.0,0.0,0.2862,-0.024721,-0.00763,0.14099,-0.099291,0.024599,-0.35459,0.026186,0.004822,0.363025,-0.055613,-0.023561,-0.142338,0.174482,0.0,-0.099655,-0.0,0.0,0.0,0.068069,-0.174482,0.0,-0.003296,0.0,0.0,0.0,0.0,0.0,0.0,-0.0,0.0,0.0,0.0,0.0,-0.0,0.001953,-0.004944,0.0,0.000194,0.0,0.000065,0.0,-0.000065,0.0,-0.000194,0.0,0.0,0.0,-0.019837,
0.0,0.689003,0.86805,-0.000066,0.0,1.570796,0.0,0.71893,0.045786,0.0,0.0,0.0,0.291495,-0.024757,-0.007099,0.140752,-0.077308,0.024434,-0.34723,0.026186,0.00495,0.362317,-0.053011,-0.023579,-0.135677,0.174482,0.0,-0.096208,0.0,0.0,0.0,0.065066,-0.174482,0.0,-0.003296,0.0,0.0,0.0,0.0,0.0,0.0,0.0,0.0,0.0,0.0,0.0,0.0,0.001953,-0.004944,0.0,0.000194,0.0,0.000065,0.0,-0.000065,0.0,-0.000194,-0.0,-0.0,0.0,-0.018794,
0.0,0.696192,0.868507,-0.000066,0.0,1.570796,0.0,0.718899,0.045778,0.0,0.0,0.0,0.29679,-0.024794,-0.006568,0.140513,-0.055321,0.024269,-0.339872,0.026186,0.005078,0.361609,-0.05041,-0.023597,-0.129015,0.174482,-0.0,-0.092762,0.0,0.0,0.0,0.062061,-0.174482,0.0,-0.003296,-0.0,0.0,0.0,0.0,0.0,0.0,0.0,0.0,0.0,0.0,0.0,0.0,0.001953,-0.004944,0.0,0.000194,0.0,0.000065,0.0,-0.000065,0.0,-0.000194,-0.0,-0.0,0.0,-0.01775,
0.0,0.703381,0.868965,-0.000066,0.0,1.570796,0.0,0.718915,0.045786,0.0,0.0,0.0,0.302084,-0.02483,-0.006037,0.140274,-0.033335,0.024104,-0.332513,0.026186,0.005206,0.360902,-0.047809,-0.023616,-0.122354,0.174482,-0.0,-0.089316,-0.0,0.0,-0.0,0.059057,-0.174482,0.0,-0.003296,0.0,0.0,0.0,0.0,0.0,0.0,-0.0,-0.0,0.0,0.0,-0.0,-0.0,0.001953,-0.004944,0.0,0.000194,0.0,0.000065,0.0,-0.000065,0.0,-0.000194,0.0,0.0,0.0,-0.016706,
0.0,0.710155,0.869477,-0.000066,0.0,1.570796,0.0,0.677365,0.051192,0.0,0.0,0.0,0.280528,-0.025014,-0.004993,0.190534,-0.027833,0.023939,-0.32493,0.026186,0.005249,0.359637,-0.048346,-0.023634,-0.116917,0.174482,0.0,-0.086309,0.0,0.0,0.0,0.054392,-0.174482,0.0,-0.003296,0.0,0.0,0.0,-0.0,0.0,-0.0,0.0,-0.0,0.0,-0.0,0.0,-0.0,0.001953,-0.004944,0.0,0.000194,0.0,0.000065,0.0,-0.000065,0.0,-0.000194,0.0,0.0,0.0,-0.016407,
0.0,0.716721,0.870016,-0.000066,0.0,1.570796,0.0,0.656559,0.053892,0.0,0.0,0.0,0.245516,-0.02527,-0.003693,0.266228,-0.03058,0.023775,-0.317234,0.026186,0.005249,0.358092,-0.050452,-0.023652,-0.112094,0.174482,-0.0,-0.083524,0.0,0.0,0.0,0.048897,-0.174482,0.0,-0.003296,-0.0,0.0,0.0,0.0,0.0,-0.0,0.0,-0.0,0.0,0.0,0.0,0.0,0.001953,-0.004944,0.0,0.000194,0.0,0.000065,0.0,-0.000065,0.0,-0.000194,0.0,0.0,0.0,-0.01648,
0.0,0.723286,0.870555,-0.000066,0.0,1.570796,0.0,0.656536,0.053892,0.0,0.0,0.0,0.210507,-0.025526,-0.002393,0.341919,-0.033327,0.02361,-0.309538,0.026186,0.005249,0.356548,-0.052558,-0.023671,-0.107271,0.174482,0.0,-0.080738,0.0,0.0,0.0,0.043402,-0.174482,0.0,-0.003296,0.0,0.0,0.0,0.0,0.0,0.0,0.0,-0.0,0.0,0.0,0.0,0.0,0.001953,-0.004944,0.0,0.000194,0.0,0.000065,0.0,-0.000065,0.0,-0.000194,0.0,0.0,0.0,-0.016553,
0.0,0.729685,0.871123,-0.000066,0.0,1.570796,0.0,0.639881,0.056843,0.0,0.0,0.0,0.175955,-0.025862,-0.001483,0.413726,-0.030359,0.023305,-0.301269,0.026186,0.005249,0.353648,-0.055025,-0.023689,-0.103107,0.174482,0.0,-0.078233,0.0,0.0,0.0,0.037267,-0.174482,0.0,-0.003296,0.0,0.0,0.0,0.0,0.0,0.0,0.0,-0.0,0.0,0.0,0.0,-0.0,0.001953,-0.004944,0.0,0.000194,0.0,0.000065,0.0,-0.000065,0.0,-0.000194,0.0,0.0,0.0,-0.017231,
0.0,0.73575,0.871751,-0.000066,0.0,1.570796,0.0,0.606494,0.062754,0.0,0.0,0.0,0.142275,-0.026356,-0.001355,0.478172,-0.015947,0.022719,-0.29185,0.026186,0.005249,0.348034,-0.058213,-0.023707,-0.100266,0.174482,0.0,-0.076291,-0.0,-0.0,-0.0,0.02985,-0.174482,0.0,-0.003296,0.0,0.0,0.0,0.0,-0.0,0.0,0.0,0.0,0.0,-0.0,0.0,-0.0,0.001953,-0.004944,0.0,0.000194,0.0,0.000065,0.0,-0.000065,0.0,-0.000194,0.0,0.0,0.0,-0.019117,
0.0,0.741814,0.872378,-0.000066,0.0,1.570796,0.0,0.606472,0.062754,0.0,0.0,0.0,0.108591,-0.026851,-0.001227,0.54266,-0.001536,0.022133,-0.282432,0.026186,0.005249,0.34242,-0.0614,-0.023726,-0.097424,0.174482,-0.0,-0.074349,0.0,0.0,0.0,0.022434,-0.174482,0.0,-0.003296,-0.0,0.0,0.0,0.0,0.0,-0.0,0.0,0.0,0.0,0.0,0.0,0.0,0.001953,-0.004944,0.0,0.000194,0.0,0.000065,0.0,-0.000065,0.0,-0.000194,0.0,-0.0,0.0,-0.021003,
0.0,0.747879,0.873006,-0.000066,0.0,1.570796,0.0,0.606494,0.062754,0.0,0.0,0.0,0.074918,-0.027345,-0.001099,0.607061,0.012876,0.021547,-0.273013,0.026186,0.005249,0.336806,-0.064588,-0.023744,-0.094582,0.174482,0.0,-0.072406,-0.0,0.0,0.0,0.015017,-0.174482,0.0,-0.003296,0.0,0.0,0.0,0.0,0.0,-0.0,0.0,-0.0,0.0,0.0,0.0,-0.0,0.001953,-0.004944,0.0,0.000194,0.0,0.000065,0.0,-0.000065,0.0,-0.000194,0.0,-0.0,0.0,-0.022889,
0.0,0.75374,0.873545,-0.000066,0.0,1.570796,0.0,0.586033,0.05391,0.0,0.0,0.0,0.044701,-0.028224,-0.001776,0.654548,0.039032,0.020192,-0.262601,0.026094,0.005249,0.328643,-0.068509,-0.023799,-0.092364,0.174482,0.0,-0.071233,-0.0,0.0,0.0,0.007546,-0.174482,0.0,-0.003296,0.0,0.0,0.0,0.0,0.0,-0.0,0.0,-0.0,0.0,0.0,0.0,0.0,0.001953,-0.004944,0.0,0.000194,0.0,0.000065,0.0,-0.000065,0.0,-0.000194,0.0,0.0,0.0,-0.023146,
0.0,0.7596,0.874084,-0.000066,0.0,1.570796,0.0,0.586033,0.053902,0.0,0.0,0.0,0.014477,-0.029103,-0.002454,0.702066,0.065196,0.018837,-0.252188,0.026003,0.005249,0.32048,-0.07243,-0.023854,-0.090146,0.174482,0.0,-0.070061,0.0,0.0,0.0,0.000075,-0.174482,0.0,-0.003296,0.0,0.0,0.0,0.0,0.0,0.0,-0.0,-0.0,0.0,-0.0,0.0,0.0,0.001953,-0.004944,0.0,0.000194,0.0,0.000065,0.0,-0.000065,0.0,-0.000194,0.0,0.0,0.0,-0.023402,
0.0,0.76546,0.874623,-0.000066,0.0,1.570796,0.0,0.586002,0.053902,0.0,0.0,0.0,-0.015742,-0.029982,-0.003131,0.749564,0.091357,0.017482,-0.241776,0.025911,0.005249,0.312317,-0.076351,-0.023909,-0.087928,0.174482,0.0,-0.068888,0.0,0.0,0.0,-0.007396,-0.174482,-0.0,-0.003296,0.0,0.0,0.0,0.0,0.0,0.0,0.0,-0.0,0.0,0.0,0.0,0.0,0.001953,-0.004944,0.0,0.000194,0.0,0.000065,0.0,-0.000065,0.0,-0.000194,0.0,0.0,0.0,-0.023658,
0.0,0.771121,0.875155,-0.000066,0.0,1.570796,0.0,0.56609,0.053146,0.0,0.0,0.0,-0.043059,-0.030629,-0.003418,0.785211,0.106499,0.01648,-0.231427,0.025844,0.0052,0.303857,-0.07982,-0.023964,-0.086053,0.174482,-0.0,-0.067825,-0.0,0.0,0.0,-0.015429,-0.174482,0.0,-0.003296,0.0,0.0,0.0,0.0,0.0,0.0,0.0,0.0,0.0,0.0,0.0,0.0,0.001953,-0.004944,0.0,0.000194,0.0,0.000065,0.0,-0.000065,0.0,-0.000194,0.0,-0.0,0.0,-0.023061,
0.0,0.776682,0.875682,-0.000066,0.0,1.570796,0.0,0.556111,0.052756,0.0,0.0,0.0,-0.068935,-0.031161,-0.00351,0.814955,0.116129,0.015656,-0.221109,0.025789,0.005127,0.295249,-0.083064,-0.024019,-0.084348,0.174482,0.0,-0.066818,0.0,0.0,0.0,-0.023743,-0.174482,0.0,-0.003296,0.0,0.0,0.0,0.0,0.0,-0.0,0.0,-0.0,0.0,0.0,0.0,-0.0,0.001953,-0.004944,0.0,0.000194,0.0,0.000065,0.0,-0.000065,0.0,-0.000194,0.0,0.0,0.0,-0.022035,
0.0,0.782243,0.87621,-0.000066,0.0,1.570796,0.0,0.556103,0.052764,0.0,0.0,0.0,-0.094809,-0.031692,-0.003601,0.844698,0.125758,0.014832,-0.210792,0.025734,0.005054,0.28664,-0.086308,-0.024074,-0.082644,0.174482,0.0,-0.06581,0.0,0.0,0.0,-0.032056,-0.174482,0.0,-0.003296,-0.0,0.0,0.0,0.0,0.0,0.0,0.0,0.0,0.0,0.0,0.0,0.0,0.001953,-0.004944,0.0,0.000194,0.0,0.000065,0.0,-0.000065,0.0,-0.000194,0.0,-0.0,0.0,-0.02101,
0.0,0.78772,0.876744,-0.000066,0.0,1.570796,0.0,0.547657,0.053434,0.0,0.0,0.0,-0.11929,-0.032076,-0.003552,0.869412,0.131129,0.014283,-0.201577,0.025697,0.005005,0.280056,-0.089644,-0.024129,-0.081061,0.174482,-0.0,-0.06476,0.0,0.0,0.0,-0.040798,-0.174482,0.0,-0.003296,0.0,0.0,0.0,0.0,0.0,-0.0,0.0,0.0,0.0,0.0,0.0,0.0,0.001953,-0.004944,0.0,0.000194,0.0,0.000065,0.0,-0.000065,0.0,-0.000194,0.0,-0.0,0.0,-0.019606,
0.0,0.793027,0.877292,-0.000066,0.0,1.570796,0.0,0.53075,0.054761,0.0,0.0,0.0,-0.140995,-0.032168,-0.003223,0.884077,0.127973,0.014283,-0.194568,0.025697,0.005005,0.277523,-0.093164,-0.024183,-0.079724,0.174482,0.0,-0.063624,-0.0,0.0,0.0,-0.050397,-0.174482,0.0,-0.003296,0.0,0.0,0.0,0.0,0.0,-0.0,0.0,0.0,0.0,-0.0,0.0,-0.0,0.001953,-0.004944,0.0,0.000194,0.0,0.000065,0.0,-0.000065,0.0,-0.000194,0.0,0.0,0.0,-0.017445,
0.0,0.798335,0.877839,-0.000066,0.0,1.570796,0.0,0.53075,0.054768,0.0,0.0,0.0,-0.162702,-0.032259,-0.002893,0.898741,0.124817,0.014283,-0.187559,0.025697,0.005005,0.27499,-0.096683,-0.024238,-0.078386,0.174482,0.0,-0.062488,0.0,0.0,0.0,-0.059996,-0.174482,-0.0,-0.003296,0.0,0.0,0.0,-0.0,0.0,0.0,0.0,0.0,0.0,0.0,0.0,0.0,0.001953,-0.004944,0.0,0.000194,-0.0,0.000065,0.0,-0.000065,0.0,-0.000194,0.0,0.0,0.0,-0.015284,
0.0,0.803642,0.878387,-0.000066,0.0,1.570796,0.0,0.53072,0.054761,0.0,0.0,0.0,-0.184404,-0.032351,-0.002564,0.913405,0.121662,0.014283,-0.18055,0.025697,0.005005,0.272457,-0.100203,-0.024293,-0.077048,0.174482,-0.0,-0.061352,0.0,-0.0,-0.0,-0.069594,-0.174482,0.0,-0.003296,0.0,0.0,0.0,-0.0,-0.0,0.0,0.0,-0.0,0.0,0.0,0.0,0.0,0.001953,-0.004944,0.0,0.000194,0.0,0.000065,0.0,-0.000065,0.0,-0.000194,0.0,-0.0,0.0,-0.013124,
0.0,0.808698,0.87889,-0.000066,0.0,1.570796,0.0,0.505581,0.050288,0.0,0.0,0.0,-0.205055,-0.032168,-0.002014,0.920671,0.11068,0.014759,-0.173512,0.025697,0.004932,0.269649,-0.10321,-0.024348,-0.076132,0.174482,0.0,-0.059978,0.0,0.0,0.0,-0.080316,-0.174482,0.0,-0.003296,0.0,0.0,0.0,0.0,0.0,0.0,0.0,0.0,0.0,0.0,0.0,0.0,0.001953,-0.004944,0.0,0.000194,0.0,0.000065,0.0,-0.000065,0.0,-0.000194,0.0,0.0,0.0,-0.010761,
0.0,0.813753,0.879393,-0.000066,0.0,1.570796,0.0,0.505574,0.050281,0.0,0.0,0.0,-0.225708,-0.031985,-0.001465,0.927936,0.099697,0.015235,-0.166474,0.025697,0.004859,0.26684,-0.106217,-0.024403,-0.075216,0.174482,-0.0,-0.058604,-0.0,0.0,0.0,-0.091039,-0.174482,0.0,-0.003296,0.0,0.0,0.0,0.0,0.0,-0.0,0.0,0.0,0.0,0.0,0.0,0.0,0.001953,-0.004944,0.0,0.000194,0.0,0.000065,0.0,-0.000065,0.0,-0.000194,0.0,-0.0,0.0,-0.008399,
0.0,0.818809,0.879896,-0.000066,0.0,1.570796,0.0,0.505574,0.050281,0.0,0.0,0.0,-0.24636,-0.031802,-0.000916,0.9352,0.088714,0.015711,-0.159435,0.025697,0.004785,0.264032,-0.109225,-0.024458,-0.074299,0.174482,-0.0,-0.05723,0.0,0.0,0.0,-0.101761,-0.174482,0.0,-0.003296,0.0,0.0,0.0,-0.0,0.0,-0.0,0.0,-0.0,0.0,0.0,0.0,0.0,0.001953,-0.004944,0.0,0.000194,-0.0,0.000065,0.0,-0.000065,0.0,-0.000194,0.0,-0.0,0.0,-0.006037,
0.0,0.823875,0.880314,-0.000066,0.0,1.570796,0.0,0.506619,0.041812,0.0,0.0,0.0,-0.264524,-0.031558,-0.000476,0.936803,0.078872,0.016187,-0.151827,0.025648,0.004761,0.260167,-0.111193,-0.024486,-0.073151,0.174482,0.0,-0.055673,0.0,0.0,0.0,-0.112514,-0.174482,0.0,-0.003296,0.0,0.0,0.0,0.0,0.0,-0.0,0.0,-0.0,0.0,-0.0,0.0,0.0,0.001953,-0.004944,0.0,0.000194,0.0,0.000065,0.0,-0.000065,0.0,-0.000194,0.0,0.0,0.0,-0.003821,
0.0,0.828947,0.880689,-0.000066,0.0,1.570796,0.0,0.507154,0.037563,0.0,0.0,0.0,-0.281448,-0.031283,-0.000092,0.935572,0.0696,0.016663,-0.143932,0.025575,0.004761,0.255773,-0.112642,-0.024501,-0.071887,0.174482,0.0,-0.054025,0.0,0.0,0.0,-0.123284,-0.174482,0.0,-0.003296,0.0,0.0,0.0,0.0,0.0,0.0,0.0,-0.0,0.0,-0.0,0.0,-0.0,0.001953,-0.004944,0.0,0.000194,0.0,0.000065,0.0,-0.000065,0.0,-0.000194,0.0,-0.0,0.0,-0.001679,
0.0,0.834018,0.881065,-0.000066,0.0,1.570796,0.0,0.507139,0.03757,0.0,0.0,0.0,-0.298371,-0.031008,0.000293,0.934341,0.060329,0.017139,-0.136038,0.025502,0.004761,0.251379,-0.114091,-0.024516,-0.070623,0.174482,0.0,-0.052376,-0.0,0.0,0.0,-0.134053,-0.174482,0.0,-0.003296,0.0,0.0,0.0,0.0,0.0,-0.0,0.0,-0.0,0.0,0.0,0.0,0.0,0.001953,-0.004944,0.0,0.000194,0.0,0.000065,0.0,-0.000065,0.0,-0.000194,0.0,0.0,0.0,0.000463,
0.0,0.83917,0.881381,-0.000066,0.0,1.570796,0.0,0.515196,0.031635,0.0,0.0,0.0,-0.314957,-0.030825,0.000494,0.931674,0.051993,0.017518,-0.128104,0.025453,0.004761,0.247109,-0.115644,-0.02453,-0.069102,0.174482,0.0,-0.050636,0.0,0.0,0.0,-0.144551,-0.174482,-0.0,-0.003083,0.0,-0.0,-0.0,0.0,0.0,0.0,0.0,-0.0,0.0,-0.0,0.0,0.0,0.001953,-0.004944,0.0,0.000194,0.0,0.000065,0.0,-0.000065,0.0,-0.000194,0.0,0.0,0.0,0.002465,
0.0,0.844483,0.881579,-0.000066,0.0,1.570796,0.0,0.531325,0.019765,0.0,0.0,0.0,-0.330875,-0.030825,0.00033,0.92613,0.045528,0.017701,-0.120088,0.025453,0.004761,0.243088,-0.117405,-0.024545,-0.067068,0.174482,-0.0,-0.048713,0.0,0.0,0.0,-0.154507,-0.174482,0.0,-0.002442,0.0,0.0,0.0,0.0,0.0,0.0,-0.0,-0.0,0.0,0.0,0.0,0.0,0.001953,-0.004944,0.0,0.000194,0.0,0.000065,0.0,-0.000065,0.0,-0.000194,0.0,0.0,0.0,0.004187,
0.0,0.849797,0.881777,-0.000066,0.0,1.570796,0.0,0.531332,0.019765,0.0,0.0,0.0,-0.346793,-0.030825,0.000165,0.920586,0.039062,0.017884,-0.112072,0.025453,0.004761,0.239067,-0.119166,-0.024559,-0.065035,0.174482,0.0,-0.04679,0.0,0.0,0.0,-0.164463,-0.174482,0.0,-0.001801,0.0,0.0,0.0,0.0,0.0,0.0,0.0,0.0,0.0,0.0,0.0,0.0,0.001953,-0.004944,0.0,0.000194,-0.0,0.000065,0.0,-0.000065,0.0,-0.000194,0.0,0.0,0.0,0.005908,
0.0,0.85511,0.881974,-0.000066,0.0,1.570796,0.0,0.531325,0.019765,0.0,0.0,0.0,-0.36271,-0.030825,0.0,0.915042,0.032597,0.018067,-0.104056,0.025453,0.004761,0.235046,-0.120927,-0.024574,-0.063001,0.174482,0.0,-0.044866,0.0,0.0,0.0,-0.174418,-0.174482,-0.0,-0.00116,0.0,0.0,0.0,0.0,0.0,-0.0,0.0,0.0,0.0,-0.0,0.0,-0.0,0.001953,-0.004944,0.0,0.000194,0.0,0.000065,0.0,-0.000065,0.0,-0.000194,0.0,0.0,0.0,0.007629,
0.0,0.860722,0.88194,-0.000066,0.0,1.570796,0.0,0.561195,-0.003472,0.0,0.0,0.0,-0.378929,-0.030898,-0.000311,0.907615,0.02919,0.018067,-0.098831,0.025453,0.004761,0.237147,-0.124926,-0.024589,-0.060309,0.174482,0.0,-0.042705,-0.0,0.0,0.0,-0.182566,-0.174482,0.0,-0.002258,0.0,0.0,0.0,0.0,0.0,0.0,0.0,0.0,0.0,0.0,0.0,0.0,0.001953,-0.004944,0.0,0.000194,0.0,0.000065,0.0,-0.000065,-0.0,-0.000194,0.0,-0.0,0.0,0.008453,
0.0,0.866334,0.881905,-0.000066,0.0,1.570796,0.0,0.561203,-0.00348,0.0,0.0,0.0,-0.39515,-0.030971,-0.000622,0.900188,0.025784,0.018067,-0.093606,0.025453,0.004761,0.239249,-0.128926,-0.024603,-0.057616,0.174482,-0.0,-0.040544,0.0,0.0,0.0,-0.190714,-0.174482,0.0,-0.003357,-0.0,0.0,0.0,0.0,0.0,0.0,0.0,0.0,0.0,-0.0,0.0,-0.0,0.001953,-0.004944,0.0,0.000194,0.0,0.000065,0.0,-0.000065,0.0,-0.000194,0.0,0.0,0.0,0.009277,
0.0,0.871946,0.88187,-0.000066,0.0,1.570796,0.0,0.561211,-0.00348,0.0,0.0,0.0,-0.41137,-0.031045,-0.000934,0.892761,0.022378,0.018067,-0.088381,0.025453,0.004761,0.241352,-0.132926,-0.024618,-0.054923,0.174482,0.0,-0.038383,0.0,0.0,0.0,-0.198862,-0.174482,0.0,-0.004455,0.0,0.0,0.0,0.0,0.0,-0.0,0.0,0.0,0.0,-0.0,0.0,-0.0,0.001953,-0.004944,0.0,0.000194,-0.0,0.000065,-0.0,-0.000065,0.0,-0.000194,0.0,0.0,0.0,0.010101,
0.0,0.877686,0.881711,-0.000066,0.0,1.570796,0.0,0.574014,-0.015938,0.0,0.0,0.0,-0.425043,-0.030996,-0.001147,0.881835,0.018239,0.018238,-0.082438,0.025453,0.004673,0.24252,-0.137575,-0.024633,-0.05223,0.174482,0.0,-0.036344,0.0,0.0,0.0,-0.20563,-0.174482,0.0,-0.006738,0.0,0.0,0.0,0.0,0.0,-0.0,0.0,-0.0,0.0,0.0,0.0,0.0,0.001953,-0.004944,0.0,0.000194,0.0,0.000065,0.0,-0.000065,0.0,-0.000194,0.0,-0.0,0.0,0.010694,
0.0,0.883491,0.881489,-0.000066,0.0,1.570796,0.0,0.580446,-0.022171,0.0,0.0,0.0,-0.437442,-0.030886,-0.001312,0.869156,0.013735,0.018494,-0.076134,0.025453,0.004542,0.243221,-0.142551,-0.024647,-0.049538,0.174482,0.0,-0.034366,-0.0,0.0,0.0,-0.211706,-0.174482,0.0,-0.009613,0.0,0.0,0.0,0.0,0.0,0.0,0.0,0.0,0.0,0.0,0.0,-0.0,0.001953,-0.004944,0.0,0.000194,0.0,0.000065,0.0,-0.000065,-0.0,-0.000194,0.0,0.0,0.0,0.01117,
0.0,0.889295,0.881267,-0.000066,0.0,1.570796,0.0,0.580446,-0.022171,0.0,0.0,0.0,-0.449842,-0.030776,-0.001477,0.856478,0.00923,0.018751,-0.06983,0.025453,0.004411,0.243922,-0.147526,-0.024662,-0.046845,0.174482,0.0,-0.032388,0.0,0.0,0.0,-0.217783,-0.174482,0.0,-0.012488,0.0,0.0,0.0,-0.0,0.0,0.0,-0.0,-0.0,0.0,-0.0,0.0,0.0,0.001953,-0.004944,0.0,0.000194,-0.0,0.000065,0.0,-0.000065,0.0,-0.000194,0.0,0.0,0.0,0.011646,
0.0,0.895173,0.880987,-0.000066,0.0,1.570796,0.0,0.587732,-0.02803,0.0,0.0,0.0,-0.460507,-0.030581,-0.00155,0.841301,0.005073,0.019046,-0.063497,0.025453,0.00428,0.244721,-0.152648,-0.024677,-0.04428,0.174482,0.0,-0.03052,0.0,0.0,0.0,-0.223414,-0.174482,0.0,-0.0156,0.0,0.0,0.0,-0.0,0.0,0.0,0.0,0.0,0.0,-0.0,0.0,-0.0,0.001953,-0.004944,0.0,0.000194,-0.0,0.000065,0.0,-0.000065,-0.0,-0.000194,-0.0,0.0,0.0,0.012073,
0.0,0.901196,0.880589,-0.000066,0.0,1.570796,0.0,0.602297,-0.039755,0.0,0.0,0.0,-0.467699,-0.030215,-0.001441,0.82112,0.001612,0.019418,-0.057104,0.025453,0.004149,0.245718,-0.158067,-0.024691,-0.041973,0.174482,0.0,-0.028872,0.0,0.0,0.0,-0.228151,-0.174482,0.0,-0.019189,0.0,0.0,0.0,0.0,0.0,-0.0,0.0,-0.0,0.0,-0.0,0.0,-0.0,0.001953,-0.004944,0.0,0.000194,0.0,0.000065,0.0,-0.000065,0.0,-0.000194,0.0,-0.0,0.0,0.012403,
0.0,0.907219,0.880192,-0.000066,0.0,1.570796,0.0,0.60232,-0.039763,0.0,0.0,0.0,-0.474892,-0.029848,-0.001331,0.800936,-0.001849,0.01979,-0.050711,0.025453,0.004017,0.246714,-0.163487,-0.024706,-0.039665,0.174482,0.0,-0.027224,-0.0,0.0,0.0,-0.232888,-0.174482,0.0,-0.022779,0.0,0.0,0.0,0.0,0.0,0.0,0.0,0.0,0.0,0.0,0.0,-0.0,0.001953,-0.004944,0.0,0.000194,0.0,0.000065,0.0,-0.000065,0.0,-0.000194,0.0,0.0,0.0,0.012732,
0.0,0.913242,0.879794,-0.000066,0.0,1.570796,0.0,0.602328,-0.039755,0.0,0.0,0.0,-0.482085,-0.029482,-0.001221,0.780755,-0.005309,0.020163,-0.044318,0.025453,0.003886,0.24771,-0.168906,-0.024721,-0.037357,0.174482,0.0,-0.025576,0.0,0.0,0.0,-0.237625,-0.174482,0.0,-0.026368,0.0,0.0,0.0,0.0,0.0,-0.0,0.0,0.0,0.0,0.0,0.0,-0.0,0.001953,-0.004944,0.0,0.000194,0.0,0.000065,-0.0,-0.000065,0.0,-0.000194,0.0,0.0,0.0,0.013062,
0.0,0.919327,0.879178,-0.000066,0.0,1.570796,0.0,0.608517,-0.061582,0.0,0.0,0.0,-0.484123,-0.028969,-0.000855,0.752355,-0.006226,0.020535,-0.039519,0.025453,0.003755,0.251919,-0.17534,-0.024794,-0.035819,0.174482,-0.0,-0.024495,-0.0,0.0,0.0,-0.240706,-0.174482,0.0,-0.030195,0.0,0.0,0.0,0.0,0.0,-0.0,0.0,0.0,0.0,-0.0,0.0,-0.0,0.001953,-0.004944,0.0,0.000194,0.0,0.000065,0.0,-0.000065,0.0,-0.000194,0.0,0.0,0.0,0.012714,
0.0,0.925412,0.878562,-0.000066,0.0,1.570796,-0.0,0.608532,-0.06159,0.0,0.0,0.0,-0.48616,-0.028457,-0.000488,0.723945,-0.007141,0.020908,-0.034721,0.025453,0.003624,0.256128,-0.181775,-0.024867,-0.03428,0.174482,0.0,-0.023415,-0.0,0.0,0.0,-0.243787,-0.174482,0.0,-0.034023,-0.0,-0.0,-0.0,0.0,0.0,-0.0,0.0,0.0,0.0,0.0,0.0,0.0,0.001953,-0.004944,0.0,0.000194,0.0,0.000065,0.0,-0.000065,0.0,-0.000194,0.0,0.0,0.0,0.012366,
0.0,0.931498,0.877947,-0.000066,0.0,1.570796,0.0,0.608524,-0.06159,0.0,0.0,0.0,-0.488198,-0.027944,-0.000122,0.695538,-0.008057,0.02128,-0.029923,0.025453,0.003492,0.260337,-0.18821,-0.02494,-0.032742,0.174482,0.0,-0.022334,0.0,0.0,0.0,-0.246868,-0.174482,0.0,-0.03785,0.0,0.0,0.0,-0.0,0.0,-0.0,0.0,-0.0,0.0,0.0,0.0,-0.0,0.001953,-0.004944,0.0,0.000194,0.0,0.000065,0.0,-0.000065,0.0,-0.000194,0.0,0.0,0.0,0.012018,
0.0,0.937859,0.877236,-0.000066,0.0,1.570796,0.0,0.636082,-0.071033,0.0,0.0,0.0,-0.488877,-0.027468,0.000232,0.666051,-0.008545,0.021652,-0.024673,0.025453,0.003361,0.264117,-0.194453,-0.024965,-0.031155,0.174482,0.0,-0.021254,-0.0,0.0,0.0,-0.248473,-0.174482,0.0,-0.041068,0.0,0.0,0.0,0.0,0.0,0.0,0.0,-0.0,0.0,0.0,0.0,-0.0,0.001953,-0.004944,0.0,0.000194,0.0,0.000065,-0.0,-0.000065,0.0,-0.000194,0.0,0.0,0.0,0.011622,
0.0,0.944357,0.876479,-0.000066,0.0,1.570796,0.0,0.649846,-0.075755,0.0,0.0,0.0,-0.488877,-0.02701,0.00058,0.636011,-0.00882,0.022025,-0.019198,0.025453,0.00323,0.267683,-0.2006,-0.024965,-0.029543,0.174482,0.0,-0.020173,-0.0,0.0,0.0,-0.249341,-0.174482,-0.0,-0.04398,-0.0,0.0,0.0,0.0,0.0,0.0,0.0,-0.0,0.0,0.0,0.0,0.0,0.001953,-0.004944,0.0,0.000194,0.0,0.000065,0.0,-0.000065,0.0,-0.000194,0.0,0.0,0.0,0.0112,
0.0,0.950856,0.875721,-0.000066,0.0,1.570796,0.0,0.649869,-0.075755,0.0,0.0,0.0,-0.488877,-0.026552,0.000928,0.605969,-0.009094,0.022397,-0.013723,0.025453,0.003099,0.271249,-0.206746,-0.024965,-0.027932,0.174482,-0.0,-0.019093,0.0,0.0,0.0,-0.250208,-0.174482,0.0,-0.046892,0.0,0.0,0.0,0.0,0.0,-0.0,0.0,0.0,0.0,0.0,0.0,-0.0,0.001953,-0.004944,0.0,0.000194,0.0,0.000065,0.0,-0.000065,0.0,-0.000194,0.0,0.0,0.0,0.010779,
0.0,0.957575,0.874932,-0.000066,0.0,1.570796,0.0,0.671888,-0.078889,0.0,0.0,0.0,-0.487879,-0.026125,0.001346,0.577274,-0.012089,0.022761,-0.008406,0.025453,0.002967,0.275568,-0.213135,-0.024965,-0.02618,0.174482,0.0,-0.017921,0.0,0.0,0.0,-0.250289,-0.174482,0.0,-0.049292,0.0,0.0,0.0,0.0,0.0,-0.0,0.0,-0.0,0.0,-0.0,0.0,0.0,0.001953,-0.004944,0.0,0.000194,0.0,0.000065,0.0,-0.000065,0.0,-0.000194,0.0,0.0,0.0,0.010468,
0.0,0.964734,0.874081,-0.000066,0.0,1.570796,0.0,0.71594,-0.085158,0.0,0.0,0.0,-0.48488,-0.025758,0.001904,0.551252,-0.020531,0.023109,-0.003407,0.025453,0.002836,0.281394,-0.220007,-0.024965,-0.024147,0.174482,0.0,-0.016566,0.0,0.0,0.0,-0.248794,-0.174482,0.0,-0.050666,0.0,0.0,0.0,-0.0,0.0,0.0,0.0,-0.0,0.0,0.0,0.0,0.0,0.001953,-0.004944,0.0,0.000194,0.0,0.000065,0.0,-0.000065,0.0,-0.000194,0.0,-0.0,0.0,0.010376,
0.0,0.971894,0.873229,-0.000066,0.0,1.570796,0.0,0.715963,-0.085165,0.0,0.0,0.0,-0.481881,-0.025392,0.002463,0.525227,-0.028974,0.023457,0.001592,0.025453,0.002705,0.287221,-0.22688,-0.024965,-0.022115,0.174482,0.0,-0.015211,0.0,0.0,0.0,-0.247299,-0.174482,0.0,-0.05204,0.0,0.0,0.0,0.0,0.0,0.0,0.0,0.0,0.0,-0.0,0.0,0.0,0.001953,-0.004944,0.0,0.000194,0.0,0.000065,0.0,-0.000065,0.0,-0.000194,0.0,0.0,0.0,0.010285,
0.0,0.979053,0.872377,-0.000066,0.0,1.570796,0.0,0.715955,-0.085158,0.0,0.0,0.0,-0.478882,-0.025026,0.003021,0.499208,-0.037416,0.023805,0.006591,0.025453,0.002574,0.293047,-0.233753,-0.024965,-0.020082,0.174482,0.0,-0.013856,0.0,0.0,0.0,-0.245804,-0.174482,0.0,-0.053413,-0.0,0.0,0.0,0.0,0.0,-0.0,0.0,-0.0,0.0,-0.0,0.0,-0.0,0.001953,-0.004944,0.0,0.000194,0.0,0.000065,0.0,-0.000065,0.0,-0.000194,0.0,0.0,0.0,0.010193,
0.0,0.986499,0.871633,-0.000066,0.0,1.570796,-0.0,0.744626,-0.07449,0.0,0.0,0.0,-0.481408,-0.024843,0.00358,0.494992,-0.05185,0.023988,0.012157,0.025453,0.002443,0.298307,-0.239416,-0.024965,-0.019221,0.174482,0.0,-0.013306,0.0,0.0,0.0,-0.243536,-0.174482,0.0,-0.05411,0.0,0.0,0.0,0.0,0.0,0.0,0.0,0.0,0.0,-0.0,0.0,-0.0,0.001953,-0.004944,0.0,0.000194,0.0,0.000065,0.0,-0.000065,-0.0,-0.000194,0.0,0.0,0.0,0.010724,
0.0,0.993945,0.870888,-0.000066,0.0,1.570796,0.0,0.744588,-0.074482,0.0,0.0,0.0,-0.483935,-0.02466,0.004138,0.490782,-0.066287,0.024171,0.017724,0.025453,0.002311,0.303567,-0.245079,-0.024965,-0.01836,0.174482,0.0,-0.012757,0.0,0.0,0.0,-0.241267,-0.174482,-0.0,-0.054806,-0.0,0.0,0.0,0.0,0.0,0.0,0.0,0.0,0.0,0.0,0.0,0.0,0.001953,-0.004944,0.0,0.000194,0.0,0.000065,0.0,-0.000065,0.0,-0.000194,0.0,0.0,0.0,0.011255,
0.0,1.001392,0.870143,-0.000066,0.0,1.570796,0.0,0.744626,-0.074482,0.0,0.0,0.0,-0.486462,-0.024477,0.004697,0.486571,-0.080723,0.024354,0.023291,0.025453,0.00218,0.308828,-0.250743,-0.024965,-0.0175,0.174482,-0.0,-0.012208,0.0,0.0,0.0,-0.238998,-0.174482,-0.0,-0.055502,0.0,0.0,0.0,-0.0,0.0,-0.0,0.0,-0.0,0.0,-0.0,0.0,0.0,0.001953,-0.004944,0.0,0.000194,0.0,0.000065,0.0,-0.000065,0.0,-0.000194,0.0,0.0,0.0,0.011786,
0.0,1.00902,0.869451,-0.000066,0.0,1.570796,0.0,0.762822,-0.069171,0.0,0.0,0.0,-0.488273,-0.024354,0.005103,0.486412,-0.09287,0.02444,0.033277,0.025404,0.002136,0.306078,-0.253506,-0.024965,-0.016859,0.174482,0.0,-0.011756,-0.0,0.0,0.0,-0.236128,-0.174482,-0.0,-0.055331,0.0,0.0,0.0,0.0,0.0,0.0,0.0,0.0,0.0,0.0,0.0,-0.0,0.001953,-0.004944,0.0,0.000194,0.0,0.000065,-0.0,-0.000065,0.0,-0.000194,0.0,0.0,0.0,0.012622,
0.0,1.016739,0.868786,-0.000066,0.0,1.570796,0.0,0.771908,-0.066515,0.0,0.0,0.0,-0.489727,-0.024263,0.005432,0.48828,-0.103872,0.024476,0.045475,0.025331,0.002136,0.299319,-0.254816,-0.024965,-0.016328,0.174482,0.0,-0.011353,-0.0,0.0,0.0,-0.232957,-0.174482,-0.0,-0.054727,0.0,0.0,0.0,0.0,0.0,0.0,0.0,0.0,0.0,0.0,0.0,0.0,0.001953,-0.004944,0.0,0.000194,0.0,0.000065,0.0,-0.000065,-0.0,-0.000194,0.0,0.0,0.0,0.013611,
-0.0,1.024458,0.868121,-0.000066,0.0,1.570796,-0.0,0.771931,-0.066508,0.0,0.0,0.0,-0.49118,-0.024171,0.005762,0.490148,-0.114874,0.024513,0.057674,0.025258,0.002136,0.29256,-0.256127,-0.024965,-0.015797,0.174482,0.0,-0.01095,0.0,0.0,0.0,-0.229786,-0.174482,0.0,-0.054122,0.0,0.0,0.0,-0.0,0.0,-0.0,0.0,0.0,0.0,-0.0,0.0,0.0,0.001953,-0.004944,0.0,0.000194,0.0,0.000065,0.0,-0.000065,-0.0,-0.000194,0.0,0.0,0.0,0.0146,
0.0,1.032315,0.867486,-0.000066,0.0,1.570796,0.0,0.785687,-0.063463,0.0,0.0,0.0,-0.490692,-0.02411,0.006037,0.490609,-0.124185,0.02455,0.070358,0.025209,0.002203,0.284949,-0.25614,-0.024965,-0.015192,0.174482,0.0,-0.010492,0.0,0.0,0.0,-0.226272,-0.174482,0.0,-0.052993,0.0,0.0,0.0,0.0,0.0,-0.0,0.0,-0.0,0.0,-0.0,0.0,-0.0,0.001953,-0.004944,0.0,0.000194,0.0,0.000065,0.0,-0.000065,0.0,-0.000194,-0.0,0.0,0.0,0.015729,
0.0,1.040447,0.866913,-0.000066,0.0,1.570796,-0.0,0.813228,-0.057342,0.0,0.0,0.0,-0.486316,-0.02411,0.006201,0.48825,-0.130113,0.024586,0.084013,0.025209,0.002405,0.275634,-0.253556,-0.024965,-0.014442,0.174482,0.0,-0.009925,0.0,0.0,0.0,-0.222072,-0.174482,0.0,-0.050813,0.0,0.0,0.0,-0.0,0.0,-0.0,0.0,0.0,0.0,0.0,0.0,-0.0,0.001953,-0.004944,0.0,0.000194,0.0,0.000065,0.0,-0.000065,0.0,-0.000194,0.0,0.0,0.0,0.017139,
0.0,1.048579,0.866339,-0.000066,0.0,1.570796,0.0,0.81319,-0.057342,0.0,0.0,0.0,-0.48194,-0.02411,0.006366,0.485891,-0.13604,0.024623,0.097669,0.025209,0.002606,0.266319,-0.250972,-0.024965,-0.013691,0.174482,-0.0,-0.009357,-0.0,0.0,0.0,-0.217871,-0.174482,0.0,-0.048634,0.0,0.0,0.0,0.0,0.0,0.0,0.0,0.0,0.0,-0.0,0.0,0.0,0.001953,-0.004944,0.0,0.000194,0.0,0.000065,0.0,-0.000065,0.0,-0.000194,0.0,0.0,0.0,0.018549,
0.0,1.056712,0.865766,-0.000066,0.0,1.570796,0.0,0.813236,-0.05735,0.0,0.0,0.0,-0.477563,-0.02411,0.006531,0.483533,-0.141968,0.02466,0.111324,0.025209,0.002808,0.257004,-0.248388,-0.024965,-0.01294,0.174482,0.0,-0.00879,-0.0,0.0,0.0,-0.213671,-0.174482,-0.0,-0.046454,0.0,0.0,0.0,0.0,0.0,-0.0,0.0,0.0,0.0,-0.0,0.0,0.0,0.001953,-0.004944,0.0,0.000194,0.0,0.000065,0.0,-0.000065,0.0,-0.000194,0.0,0.0,0.0,0.019959,
0.0,1.065816,0.865509,-0.000066,0.0,1.570796,0.0,0.910478,-0.025666,0.0,0.0,0.0,-0.467108,-0.02411,0.006458,0.476547,-0.141015,0.024653,0.12946,0.025209,0.003247,0.240178,-0.23803,-0.024965,-0.010194,0.174482,0.0,-0.006904,0.0,0.0,0.0,-0.207928,-0.174482,0.0,-0.042517,0.0,0.0,0.0,-0.0,0.0,-0.0,0.0,-0.0,0.0,0.0,0.0,0.0,0.001953,-0.004944,-0.0,0.000194,0.0,0.000065,0.0,-0.000065,0.0,-0.000194,0.0,0.0,0.0,0.021863,
0.0,1.074921,0.865253,-0.000066,0.0,1.570796,0.0,0.910471,-0.025651,0.0,0.0,0.0,-0.456652,-0.02411,0.006385,0.46956,-0.14006,0.024647,0.147598,0.025209,0.003687,0.223348,-0.22767,-0.024965,-0.007447,0.174482,0.0,-0.005018,0.0,0.0,0.0,-0.202185,-0.174482,0.0,-0.038579,0.0,-0.0,0.0,-0.0,0.0,0.0,0.0,0.0,0.0,0.0,0.0,0.0,0.001953,-0.004944,0.0,0.000194,-0.0,0.000065,0.0,-0.000065,0.0,-0.000194,0.0,0.0,0.0,0.023768,
0.0,1.084026,0.864996,-0.000066,0.0,1.570796,0.0,0.910501,-0.025658,0.0,0.0,0.0,-0.446195,-0.02411,0.006311,0.462573,-0.139106,0.024641,0.165736,0.025209,0.004126,0.206519,-0.21731,-0.024965,-0.004701,0.174482,0.0,-0.003132,0.0,0.0,0.0,-0.196442,-0.174482,0.0,-0.034641,0.0,0.0,0.0,0.0,0.0,0.0,0.0,0.0,0.0,0.0,0.0,0.0,0.001953,-0.004944,0.0,0.000194,0.0,0.000065,0.0,-0.000065,0.0,-0.000194,0.0,0.0,0.0,0.025672,
0.0,1.09329,0.864903,-0.000066,0.0,1.570796,0.0,0.926346,-0.00933,0.0,0.0,0.0,-0.434993,-0.02411,0.006104,0.454636,-0.1343,0.024635,0.184334,0.025209,0.004773,0.188683,-0.203326,-0.024965,-0.001734,0.174482,0.0,-0.002503,0.0,0.0,0.0,-0.189992,-0.174482,0.0,-0.030655,0.0,0.0,0.0,0.0,0.0,0.0,0.0,0.0,0.0,0.0,0.0,0.0,0.001953,-0.004944,0.0,0.000194,0.0,0.000065,0.0,-0.000065,0.0,-0.000194,0.0,0.0,0.0,0.026832,
0.0,1.102632,0.864891,-0.000066,0.0,1.570796,0.0,0.93425,-0.001159,0.0,0.0,0.0,-0.423419,-0.02411,0.005829,0.446224,-0.127566,0.024629,0.203164,0.025209,0.005524,0.170341,-0.187526,-0.024965,0.001342,0.174482,0.0,-0.002503,0.0,0.0,0.0,-0.183189,-0.174482,-0.0,-0.026645,0.0,0.0,0.0,0.0,0.0,-0.0,0.0,-0.0,0.0,0.0,0.0,-0.0,0.001953,-0.004944,0.0,0.000194,0.0,0.000065,0.0,-0.000065,-0.0,-0.000194,0.0,0.0,0.0,0.02762,
0.0,1.111975,0.86488,-0.000066,0.0,1.570796,0.0,0.93425,-0.001159,0.0,0.0,0.0,-0.411844,-0.02411,0.005554,0.437813,-0.120832,0.024623,0.221995,0.025209,0.006274,0.151999,-0.171727,-0.024965,0.004418,0.174482,0.0,-0.002503,0.0,0.0,0.0,-0.176385,-0.174482,0.0,-0.022634,-0.0,0.0,-0.0,0.0,0.0,0.0,0.0,-0.0,0.0,-0.0,0.0,-0.0,0.001953,-0.004944,0.0,0.000194,0.0,0.000065,-0.0,-0.000065,0.0,-0.000194,0.0,0.0,0.0,0.028407,
0.0,1.121299,0.864943,-0.000066,0.0,1.570796,0.0,0.932426,0.006287,0.0,0.0,0.0,-0.400985,-0.02411,0.00528,0.431341,-0.114234,0.024617,0.237362,0.025209,0.007025,0.139791,-0.15677,-0.024965,0.00708,0.174482,-0.0,-0.002503,0.0,0.0,0.0,-0.169309,-0.174482,0.0,-0.018849,0.0,0.0,0.0,0.0,0.0,0.0,0.0,-0.0,0.0,-0.0,0.0,-0.0,0.001953,-0.004944,0.0,0.000194,0.0,0.000065,0.0,-0.000065,-0.0,-0.000194,0.0,-0.0,0.0,0.028567,
0.0,1.130586,0.865155,-0.000066,0.0,1.570796,-0.0,0.928694,0.021195,0.0,0.0,0.0,-0.391561,-0.02411,0.005005,0.428755,-0.107908,0.024611,0.245795,0.025209,0.007776,0.139864,-0.143499,-0.024965,0.008911,0.174482,0.0,-0.002503,0.0,0.0,0.0,-0.161685,-0.174482,-0.0,-0.015517,0.0,0.0,0.0,-0.0,0.0,-0.0,0.0,-0.0,0.0,-0.0,0.0,-0.0,0.001953,-0.004944,0.0,0.000194,0.0,0.000065,0.0,-0.000065,0.0,-0.000194,0.0,0.0,0.0,0.027468,
0.0,1.139873,0.865367,-0.000066,0.0,1.570796,0.0,0.928679,0.021195,0.0,0.0,0.0,-0.382136,-0.02411,0.00473,0.426169,-0.101582,0.024605,0.254229,0.025209,0.008527,0.139938,-0.130227,-0.024965,0.010742,0.174482,0.0,-0.002503,-0.0,0.0,0.0,-0.154062,-0.174482,0.0,-0.012184,0.0,0.0,0.0,0.0,0.0,0.0,0.0,-0.0,0.0,-0.0,0.0,0.0,0.001953,-0.004944,0.0,0.000194,0.0,0.000065,0.0,-0.000065,0.0,-0.000194,0.0,-0.0,0.0,0.026369,
0.0,1.14916,0.865578,-0.000066,0.0,1.570796,0.0,0.928702,0.021195,0.0,0.0,0.0,-0.372712,-0.02411,0.004456,0.423583,-0.095256,0.024599,0.262662,0.025209,0.009277,0.140011,-0.116956,-0.024965,0.012573,0.174482,0.0,-0.002503,-0.0,0.0,0.0,-0.146439,-0.174482,0.0,-0.008851,0.0,0.0,0.0,0.0,0.0,-0.0,0.0,0.0,0.0,0.0,0.0,0.0,0.001953,-0.004944,0.0,0.000194,0.0,0.000065,0.0,-0.000065,0.0,-0.000194,0.0,0.0,0.0,0.02527,
0.0,1.157788,0.86602,-0.000066,0.0,1.570796,0.0,0.862797,0.044147,0.0,0.0,0.0,-0.364337,-0.024238,0.004218,0.423789,-0.091149,0.024592,0.260892,0.025374,0.009314,0.156655,-0.104399,-0.0248,0.011036,0.174482,0.0,-0.002503,0.0,0.0,0.0,-0.139373,-0.174482,-0.0,-0.008228,-0.0,0.0,0.0,0.0,0.0,-0.0,0.0,-0.0,0.0,-0.0,0.0,-0.0,0.001953,-0.004944,0.0,0.000194,0.0,0.000065,0.0,-0.000065,0.0,-0.000194,0.0,0.0,0.0,0.023183,
0.0,1.166416,0.866461,-0.000066,0.0,1.570796,-0.0,0.862797,0.044155,0.0,0.0,0.0,-0.355963,-0.024367,0.00398,0.423995,-0.087043,0.024586,0.259119,0.025539,0.009351,0.173305,-0.09184,-0.024635,0.009498,0.174482,-0.0,-0.002503,0.0,0.0,0.0,-0.132307,-0.174482,0.0,-0.007605,0.0,0.0,0.0,0.0,0.0,0.0,0.0,0.0,0.0,-0.0,0.0,-0.0,0.001953,-0.004944,0.0,0.000194,0.0,0.000065,0.0,-0.000065,0.0,-0.000194,0.0,-0.0,0.0,0.021095,
0.0,1.175043,0.866903,-0.000066,0.0,1.570796,0.0,0.862775,0.044155,0.0,0.0,0.0,-0.347588,-0.024495,0.003742,0.424201,-0.082938,0.02458,0.257346,0.025703,0.009388,0.189953,-0.079283,-0.02447,0.00796,0.174482,0.0,-0.002503,0.0,0.0,0.0,-0.125241,-0.174482,0.0,-0.006983,0.0,0.0,0.0,-0.0,0.0,-0.0,0.0,-0.0,0.0,0.0,0.0,-0.0,0.001953,-0.004944,0.0,0.000194,0.0,0.000065,0.0,-0.000065,0.0,-0.000194,0.0,0.0,0.0,0.019008,
0.0,1.183343,0.867504,-0.000066,0.0,1.570796,-0.0,0.829921,0.060068,0.0,0.0,0.0,-0.338239,-0.024537,0.003662,0.422847,-0.082423,0.024574,0.235562,0.026246,0.009534,0.242374,-0.074629,-0.02411,0.005226,0.174482,0.0,-0.002405,0.0,0.0,0.0,-0.119889,-0.174482,0.0,-0.006824,0.0,0.0,0.0,-0.0,0.0,0.0,0.0,-0.0,0.0,-0.0,0.0,-0.0,0.001953,-0.004944,0.0,0.000194,0.0,0.000065,0.0,-0.000065,0.0,-0.000194,0.0,0.0,0.0,0.017811,
0.0,1.191477,0.868184,-0.000066,0.0,1.570796,0.0,0.813472,0.068047,0.0,0.0,0.0,-0.328402,-0.024537,0.003662,0.420712,-0.083706,0.024568,0.203747,0.026979,0.009735,0.312835,-0.073933,-0.023653,0.001893,0.174482,0.0,-0.002258,-0.0,0.0,0.0,-0.115396,-0.174482,0.0,-0.006897,0.0,0.0,0.0,0.0,0.0,-0.0,0.0,-0.0,0.0,-0.0,0.0,-0.0,0.001953,-0.004944,0.0,0.000194,0.0,0.000065,0.0,-0.000065,0.0,-0.000194,0.0,0.0,0.0,0.01706,
0.0,1.199612,0.868865,-0.000066,0.0,1.570796,0.0,0.813441,0.068039,0.0,0.0,0.0,-0.318564,-0.024537,0.003662,0.418578,-0.084989,0.024562,0.171932,0.027711,0.009937,0.383295,-0.073237,-0.023195,-0.001439,0.174482,0.0,-0.002112,-0.0,0.0,0.0,-0.110902,-0.174482,0.0,-0.00697,0.0,0.0,0.0,0.0,0.0,0.0,0.0,-0.0,0.0,0.0,0.0,0.0,0.001953,-0.004944,0.0,0.000194,0.0,0.000065,0.0,-0.000065,0.0,-0.000194,0.0,0.0,0.0,0.016309,
0.0,1.207632,0.869619,-0.000066,0.0,1.570796,-0.0,0.802004,0.075409,0.0,0.0,0.0,-0.307948,-0.024537,0.003662,0.414907,-0.087163,0.024556,0.140167,0.02867,0.010522,0.45057,-0.066393,-0.022408,-0.005034,0.174482,-0.0,-0.002746,0.0,0.0,0.0,-0.107428,-0.174482,0.0,-0.007318,-0.0,0.0,0.0,-0.0,0.0,-0.0,0.0,0.0,0.0,0.0,0.0,0.0,0.001953,-0.004944,0.0,0.000194,0.0,0.000065,0.0,-0.000065,0.0,-0.000194,0.0,0.0,0.0,0.016309,
0.0,1.215423,0.87052,-0.000066,0.0,1.570796,0.0,0.779115,0.09017,0.0,0.0,0.0,-0.29577,-0.024537,0.003662,0.408158,-0.091122,0.02455,0.108464,0.03008,0.011877,0.511814,-0.047234,-0.020961,-0.009154,0.174482,0.0,-0.004943,-0.0,0.0,0.0,-0.105998,-0.174482,0.0,-0.008215,-0.0,0.0,0.0,0.0,0.0,0.0,0.0,0.0,0.0,-0.0,0.0,0.0,0.001953,-0.004944,0.0,0.000194,0.0,0.000065,0.0,-0.000065,0.0,-0.000194,0.0,0.0,0.0,0.01781,
0.0,1.223214,0.871422,-0.000066,0.0,1.570796,0.0,0.779115,0.09017,0.0,0.0,0.0,-0.283591,-0.024537,0.003662,0.401409,-0.095082,0.024544,0.076756,0.03149,0.013233,0.573096,-0.028074,-0.019514,-0.013275,0.174482,0.0,-0.007141,0.0,0.0,0.0,-0.104568,-0.174482,0.0,-0.009113,0.0,0.0,0.0,0.0,0.0,0.0,0.0,0.0,0.0,-0.0,0.0,0.0,0.001953,-0.004944,0.0,0.000194,0.0,0.000065,0.0,-0.000065,0.0,-0.000194,0.0,-0.0,0.0,0.019312,
0.0,1.231005,0.872324,-0.000066,0.0,1.570796,0.0,0.7791,0.090162,0.0,0.0,0.0,-0.271413,-0.024537,0.003662,0.39466,-0.099041,0.024537,0.045059,0.0329,0.014588,0.6343,-0.008917,-0.018068,-0.017395,0.174482,-0.0,-0.009338,0.0,0.0,0.0,-0.103138,-0.174482,0.0,-0.01001,0.0,0.0,0.0,0.0,0.0,-0.0,0.0,-0.0,0.0,0.0,0.0,-0.0,0.001953,-0.004944,0.0,0.000194,-0.0,0.000065,0.0,-0.000065,0.0,-0.000194,0.0,0.0,0.0,0.020814,
0.0,1.238344,0.873087,-0.000066,0.0,1.570796,-0.0,0.733935,0.076312,0.0,0.0,0.0,-0.259619,-0.024428,0.003827,0.387368,-0.105954,0.024531,0.010781,0.035116,0.016602,0.688804,0.022728,-0.014973,-0.021881,0.174482,0.0,-0.0117,0.0,0.0,0.0,-0.104109,-0.174482,0.0,-0.009388,-0.0,0.0,0.0,0.0,0.0,0.0,0.0,0.0,0.0,0.0,0.0,0.0,0.001953,-0.004944,0.0,0.000194,0.0,0.000065,0.0,-0.000065,0.0,-0.000194,0.0,0.0,0.0,0.020558,
0.0,1.245684,0.87385,-0.000066,0.0,1.570796,0.0,0.733927,0.076304,0.0,0.0,0.0,-0.247824,-0.024318,0.003992,0.380075,-0.112868,0.024525,-0.023511,0.037332,0.018616,0.743359,0.054388,-0.011879,-0.026368,0.174482,0.0,-0.014062,0.0,0.0,0.0,-0.105081,-0.174482,0.0,-0.008765,0.0,0.0,0.0,0.0,0.0,0.0,0.0,0.0,0.0,0.0,0.0,0.0,0.001953,-0.004944,0.0,0.000194,-0.0,0.000065,0.0,-0.000065,0.0,-0.000194,0.0,0.0,0.0,0.020301,
0.0,1.253023,0.874613,-0.000066,0.0,1.570796,0.0,0.733882,0.076297,0.0,0.0,0.0,-0.23603,-0.024208,0.004157,0.372782,-0.119782,0.024519,-0.057795,0.039548,0.02063,0.797886,0.08604,-0.008784,-0.030854,0.174482,0.0,-0.016424,-0.0,0.0,0.0,-0.106052,-0.174482,0.0,-0.008143,0.0,0.0,0.0,0.0,0.0,0.0,0.0,0.0,0.0,-0.0,0.0,0.0,0.001953,-0.004944,0.0,0.000194,0.0,0.000065,0.0,-0.000065,0.0,-0.000194,0.0,0.0,0.0,0.020045,
0.0,1.260082,0.875337,-0.000066,0.0,1.570796,0.0,0.705958,0.072442,0.0,0.0,0.0,-0.224107,-0.024171,0.004212,0.364225,-0.124228,0.024513,-0.087916,0.04119,0.021681,0.837693,0.106756,-0.00641,-0.035671,0.174482,-0.0,-0.019055,0.0,0.0,0.0,-0.107061,-0.174482,0.0,-0.007239,0.0,0.0,0.0,0.0,0.0,-0.0,0.0,0.0,0.0,0.0,0.0,-0.0,0.001953,-0.004944,0.0,0.000194,0.0,0.000065,0.0,-0.000065,0.0,-0.000194,0.0,0.0,0.0,0.018825,
0.0,1.267002,0.876042,-0.000066,0.0,1.570796,0.0,0.691943,0.070503,0.0,0.0,0.0,-0.212119,-0.024171,0.004212,0.355035,-0.127439,0.024507,-0.115967,0.042546,0.022248,0.870172,0.122002,-0.004395,-0.040652,0.174482,-0.0,-0.02182,0.0,0.0,0.0,-0.108088,-0.174482,0.0,-0.006196,0.0,0.0,0.0,0.0,0.0,-0.0,0.0,-0.0,0.0,-0.0,0.0,0.0,0.001953,-0.004944,0.0,0.000194,0.0,0.000065,0.0,-0.000065,0.0,-0.000194,0.0,0.0,0.0,0.017122,
0.0,1.273921,0.876747,-0.000066,0.0,1.570796,-0.0,0.691951,0.070503,0.0,0.0,0.0,-0.20013,-0.024171,0.004212,0.345845,-0.13065,0.024501,-0.144018,0.043901,0.022816,0.902651,0.137248,-0.002381,-0.045634,0.174482,0.0,-0.024586,0.0,0.0,0.0,-0.109115,-0.174482,0.0,-0.005152,0.0,0.0,0.0,0.0,0.0,0.0,0.0,0.0,0.0,0.0,0.0,0.0,0.001953,-0.004944,0.0,0.000194,0.0,0.000065,0.0,-0.000065,0.0,-0.000194,0.0,0.0,0.0,0.015419,
0.0,1.28074,0.877438,-0.000066,0.0,1.570796,0.0,0.681903,0.069068,0.0,0.0,0.0,-0.187747,-0.024171,0.004212,0.335682,-0.132994,0.024495,-0.170553,0.045031,0.023195,0.930276,0.147642,-0.000818,-0.050878,0.174482,0.0,-0.027607,0.0,0.0,0.0,-0.109397,-0.174482,0.0,-0.004779,0.0,0.0,0.0,0.0,0.0,-0.0,0.0,-0.0,0.0,0.0,0.0,0.0,0.001953,-0.004944,0.0,0.000194,0.0,0.000065,0.0,-0.000065,0.0,-0.000194,0.0,0.0,0.0,0.013289,
0.0,1.287359,0.8781,-0.000066,0.0,1.570796,0.0,0.661845,0.066206,0.0,0.0,0.0,-0.17457,-0.024171,0.004212,0.32357,-0.133599,0.024489,-0.194077,0.045708,0.023195,0.94821,0.148321,-0.000159,-0.056649,0.174482,-0.0,-0.031141,0.0,0.0,0.0,-0.108186,-0.174482,0.0,-0.005749,0.0,0.0,0.0,0.0,0.0,0.0,0.0,-0.0,0.0,-0.0,0.0,-0.0,0.001953,-0.004944,0.0,0.000194,0.0,0.000065,0.0,-0.000065,0.0,-0.000194,0.0,-0.0,0.0,0.010304,
0.0,1.293977,0.878762,-0.000066,0.0,1.570796,0.0,0.661845,0.066206,0.0,0.0,0.0,-0.161392,-0.024171,0.004212,0.311458,-0.134205,0.024483,-0.217603,0.046386,0.023195,0.966145,0.149001,0.0005,-0.062419,0.174482,0.0,-0.034676,0.0,0.0,0.0,-0.106976,-0.174482,0.0,-0.00672,0.0,0.0,0.0,0.0,0.0,0.0,0.0,0.0,0.0,0.0,0.0,-0.0,0.001953,-0.004944,0.0,0.000194,0.0,0.000065,0.0,-0.000065,0.0,-0.000194,0.0,-0.0,0.0,0.007319,
0.0,1.300595,0.879424,-0.000066,0.0,1.570796,0.0,0.661845,0.066206,0.0,0.0,0.0,-0.148215,-0.024171,0.004212,0.299347,-0.134811,0.024476,-0.241124,0.047064,0.023195,0.984079,0.14968,0.00116,-0.06819,0.174482,0.0,-0.038211,0.0,0.0,0.0,-0.105766,-0.174482,0.0,-0.00769,0.0,0.0,0.0,0.0,0.0,0.0,-0.0,-0.0,0.0,-0.0,0.0,-0.0,0.001953,-0.004944,0.0,0.000194,0.0,0.000065,-0.0,-0.000065,-0.0,-0.000194,0.0,0.0,0.0,0.004334,
0.0,1.306998,0.879884,-0.000066,0.0,1.570796,0.0,0.640256,0.045948,0.0,0.0,0.0,-0.134236,-0.024171,0.004083,0.285427,-0.13404,0.024451,-0.260643,0.046862,0.02259,0.989601,0.140434,0.000501,-0.076051,0.174482,0.0,-0.043155,0.0,0.0,0.0,-0.104611,-0.174482,0.0,-0.008258,-0.0,0.0,0.0,-0.0,0.0,-0.0,0.0,-0.0,0.0,0.0,0.0,0.0,0.001953,-0.004944,0.0,0.000194,0.0,0.000065,0.0,-0.000065,0.0,-0.000194,0.0,-0.0,0.0,0.002778,
0.0,1.313401,0.880343,-0.000066,0.0,1.570796,0.0,0.640286,0.045948,0.0,0.0,0.0,-0.120254,-0.024171,0.003955,0.271505,-0.133269,0.024426,-0.280165,0.046661,0.021986,0.995121,0.131184,-0.000158,-0.083913,0.174482,0.0,-0.048101,-0.0,0.0,0.0,-0.103455,-0.174482,0.0,-0.008826,0.0,0.0,0.0,0.0,0.0,0.0,0.0,-0.0,0.0,-0.0,0.0,0.0,0.001953,-0.004944,0.0,0.000194,0.0,0.000065,0.0,-0.000065,0.0,-0.000194,0.0,0.0,0.0,0.001221,
0.0,1.319804,0.880803,-0.000066,0.0,1.570796,0.0,0.640286,0.045948,0.0,0.0,0.0,-0.106273,-0.024171,0.003827,0.257584,-0.132499,0.024401,-0.299685,0.04646,0.021382,1.00064,0.121934,-0.000818,-0.091775,0.174482,-0.0,-0.053046,0.0,0.0,0.0,-0.1023,-0.174482,0.0,-0.009393,0.0,0.0,0.0,0.0,0.0,-0.0,0.0,-0.0,0.0,-0.0,0.0,-0.0,0.001953,-0.004944,0.0,0.000194,0.0,0.000065,0.0,-0.000065,0.0,-0.000194,0.0,-0.0,0.0,-0.000335,
0.0,1.326182,0.881089,-0.000066,0.0,1.570796,0.0,0.637815,0.028668,0.0,0.0,0.0,-0.091036,-0.024171,0.003699,0.241325,-0.13152,0.024376,-0.317333,0.045721,0.020241,1.001036,0.110333,-0.00205,-0.100215,0.174482,0.0,-0.058432,0.0,0.0,0.0,-0.100901,-0.174482,0.0,-0.009253,0.0,0.0,0.0,0.0,0.0,-0.0,0.0,-0.0,0.0,-0.0,0.0,-0.0,0.001953,-0.004944,0.0,0.000194,0.0,0.000065,0.0,-0.000065,0.0,-0.000194,0.0,0.0,0.0,-0.00144,
0.0,1.332548,0.881289,-0.000066,0.0,1.570796,0.0,0.636595,0.020016,0.0,0.0,0.0,-0.075166,-0.024171,0.003571,0.223892,-0.130437,0.024351,-0.334047,0.044714,0.018831,0.998866,0.097555,-0.00357,-0.108944,0.174482,0.0,-0.064038,0.0,0.0,0.0,-0.099379,-0.174482,0.0,-0.008759,0.0,0.0,0.0,0.0,0.0,0.0,0.0,0.0,0.0,0.0,-0.0,0.0,0.001953,-0.004944,0.0,0.000194,0.0,0.000065,0.0,-0.000065,0.0,-0.000194,0.0,0.0,0.0,-0.002319,
0.0,1.338914,0.88149,-0.000066,0.0,1.570796,0.0,0.636595,0.020024,0.0,0.0,0.0,-0.059296,-0.024171,0.003443,0.206459,-0.129355,0.024325,-0.350761,0.043706,0.017421,0.996697,0.084776,-0.00509,-0.117673,0.174482,0.0,-0.069644,0.0,0.0,0.0,-0.097857,-0.174482,0.0,-0.008265,-0.0,0.0,0.0,-0.0,0.0,-0.0,-0.0,0.0,0.0,-0.0,0.0,-0.0,0.001953,-0.004944,0.0,0.000194,0.0,0.000065,0.0,-0.000065,0.0,-0.000194,0.0,0.0,0.0,-0.003198,
0.0,1.345328,0.881589,-0.000066,0.0,1.570796,0.0,0.641463,0.009968,0.0,0.0,0.0,-0.046199,-0.024171,0.003357,0.194594,-0.129831,0.0243,-0.367333,0.042693,0.016035,0.993374,0.072849,-0.006543,-0.126491,0.174482,0.0,-0.075312,0.0,0.0,0.0,-0.096128,-0.174482,0.0,-0.007368,0.0,0.0,0.0,0.0,0.0,0.0,0.0,0.0,0.0,0.0,0.0,-0.0,0.001953,-0.004944,0.0,0.000194,0.0,0.000065,0.0,-0.000065,0.0,-0.000194,0.0,0.0,0.0,-0.003918,
0.0,1.35184,0.881488,-0.000066,0.0,1.570796,0.0,0.6512,-0.010157,0.0,0.0,0.0,-0.038654,-0.024171,0.003357,0.193877,-0.133428,0.024275,-0.383626,0.041667,0.014698,0.987741,0.062628,-0.007861,-0.135484,0.174482,-0.0,-0.081103,0.0,0.0,0.0,-0.093984,-0.174482,0.0,-0.005665,0.0,0.0,0.0,0.0,0.0,-0.0,0.0,-0.0,0.0,0.0,0.0,-0.0,0.001953,-0.004944,0.0,0.000194,0.0,0.000065,0.0,-0.000065,0.0,-0.000194,0.0,0.0,0.0,-0.004321,
0.0,1.358353,0.881386,-0.000066,0.0,1.570796,0.0,0.651246,-0.010157,0.0,0.0,0.0,-0.031109,-0.024171,0.003357,0.193159,-0.137025,0.02425,-0.39992,0.040642,0.013362,0.982108,0.052405,-0.00918,-0.144479,0.174482,0.0,-0.086894,0.0,0.0,0.0,-0.091839,-0.174482,-0.0,-0.003962,0.0,0.0,0.0,0.0,0.0,-0.0,-0.0,0.0,0.0,-0.0,0.0,-0.0,0.001953,-0.004944,0.0,0.000194,0.0,0.000065,0.0,-0.000065,0.0,-0.000194,0.0,0.0,0.0,-0.004724,
0.0,1.364865,0.881285,-0.000066,0.0,1.570796,0.0,0.65123,-0.010165,0.0,0.0,0.0,-0.023563,-0.024171,0.003357,0.192442,-0.140622,0.024225,-0.416213,0.039616,0.012025,0.976475,0.042183,-0.010498,-0.153473,0.174482,0.0,-0.092686,0.0,0.0,0.0,-0.089694,-0.174482,0.0,-0.002259,0.0,0.0,0.0,-0.0,0.0,-0.0,0.0,0.0,0.0,0.0,0.0,0.0,0.001953,-0.004944,0.0,0.000194,0.0,0.000065,0.0,-0.000065,0.0,-0.000194,0.0,0.0,0.0,-0.005127,
0.0,1.371406,0.880855,-0.000066,0.0,1.570796,0.0,0.654071,-0.04291,0.0,0.0,0.0,-0.016385,-0.024171,0.003467,0.192717,-0.14534,0.024199,-0.433071,0.038883,0.011164,0.969263,0.036907,-0.011304,-0.162422,0.174482,-0.0,-0.098424,-0.0,0.0,-0.0,-0.087018,-0.174482,-0.0,-0.002258,0.0,0.0,0.0,0.0,0.0,0.0,0.0,0.0,0.0,0.0,0.0,0.0,0.001953,-0.004944,0.0,0.000194,0.0,0.000065,0.0,-0.000065,-0.0,-0.000194,0.0,0.0,0.0,-0.005493,
0.0,1.377947,0.880426,-0.000066,0.0,1.570796,0.0,0.654086,-0.042933,0.0,0.0,0.0,-0.009207,-0.024171,0.003577,0.192993,-0.15006,0.024174,-0.44993,0.038151,0.010303,0.96205,0.031633,-0.01211,-0.171371,0.174482,-0.0,-0.104163,0.0,0.0,0.0,-0.084343,-0.174482,0.0,-0.002258,0.0,0.0,0.0,0.0,0.0,-0.0,0.0,-0.0,0.0,-0.0,0.0,-0.0,0.001953,-0.004944,0.0,0.000194,0.0,0.000065,0.0,-0.000065,0.0,-0.000194,0.0,-0.0,0.0,-0.005859,
0.0,1.384488,0.879997,-0.000066,0.0,1.570796,0.0,0.654086,-0.042925,0.0,0.0,0.0,-0.002029,-0.024171,0.003687,0.193269,-0.154779,0.024149,-0.466789,0.037418,0.009443,0.954836,0.026358,-0.012915,-0.180321,0.174482,-0.0,-0.109902,-0.0,0.0,0.0,-0.081667,-0.174482,0.0,-0.002258,-0.0,0.0,0.0,0.0,0.0,-0.0,0.0,0.0,0.0,0.0,0.0,-0.0,0.001953,-0.004944,0.0,0.000194,0.0,0.000065,0.0,-0.000065,0.0,-0.000194,0.0,0.0,0.0,-0.006226,
0.0,1.391073,0.879443,-0.000066,0.0,1.570796,0.0,0.658558,-0.055437,0.0,0.0,0.0,0.006455,-0.024135,0.003723,0.191351,-0.159389,0.024124,-0.476937,0.036527,0.008619,0.938279,0.017058,-0.013941,-0.188579,0.174482,0.0,-0.115289,-0.0,0.0,0.0,-0.078515,-0.174482,0.0,-0.002258,0.0,0.0,0.0,0.0,0.0,0.0,0.0,0.0,0.0,0.0,-0.0,0.0,0.001953,-0.004944,0.0,0.000194,0.0,0.000065,0.0,-0.000065,0.0,-0.000194,0.0,0.0,0.0,-0.006458,
0.0,1.397681,0.878825,-0.000066,0.0,1.570796,0.0,0.660801,-0.061701,0.0,0.0,0.0,0.015593,-0.02408,0.003723,0.188335,-0.163946,0.024099,-0.483726,0.035556,0.007813,0.91704,0.005741,-0.015076,-0.196491,0.174482,0.0,-0.120498,-0.0,-0.0,0.0,-0.075125,-0.174482,0.0,-0.002258,0.0,0.0,0.0,0.0,-0.0,-0.0,0.0,0.0,0.0,0.0,0.0,-0.0,0.001953,-0.004944,0.0,0.000194,0.0,0.000065,0.0,-0.000065,0.0,-0.000194,0.0,-0.0,0.0,-0.006622,
0.0,1.404289,0.878209,-0.000066,0.0,1.570796,0.0,0.660832,-0.061701,0.0,0.0,0.0,0.02473,-0.024025,0.003723,0.185318,-0.168502,0.024074,-0.490516,0.034586,0.007007,0.8958,-0.005575,-0.016211,-0.204403,0.174482,0.0,-0.125708,0.0,0.0,0.0,-0.071735,-0.174482,0.0,-0.002258,0.0,0.0,0.0,0.0,0.0,0.0,0.0,0.0,0.0,0.0,0.0,0.0,0.001953,-0.004944,0.0,0.000194,0.0,0.000065,0.0,-0.000065,0.0,-0.000194,0.0,0.0,0.0,-0.006787,
0.0,1.410961,0.877551,-0.000066,0.0,1.570796,0.0,0.667103,-0.065721,0.0,0.0,0.0,0.034125,-0.023988,0.003754,0.181966,-0.172888,0.024048,-0.495655,0.033676,0.006311,0.871975,-0.016178,-0.017249,-0.21179,0.174482,0.0,-0.130613,-0.0,-0.0,0.0,-0.068217,-0.174482,0.0,-0.002258,0.0,0.0,0.0,0.0,-0.0,0.0,-0.0,-0.0,0.0,-0.0,0.0,0.0,0.001953,-0.004944,0.0,0.000194,0.0,0.000065,0.0,-0.000065,0.0,-0.000194,0.0,0.0,0.0,-0.006873,
0.0,1.417757,0.876813,-0.000066,0.0,1.570796,0.0,0.679692,-0.073777,0.0,0.0,0.0,0.044034,-0.023988,0.003845,0.17794,-0.176933,0.024023,-0.497488,0.032888,0.005835,0.842957,-0.025353,-0.018091,-0.218128,0.174482,0.0,-0.134908,0.0,0.0,0.0,-0.064443,-0.174482,0.0,-0.002258,0.0,0.0,0.0,0.0,0.0,-0.0,0.0,-0.0,0.0,-0.0,0.0,-0.0,0.001953,-0.004944,0.0,0.000194,0.0,0.000065,0.0,-0.000065,0.0,-0.000194,0.0,0.0,0.0,-0.0068,
0.0,1.424555,0.876076,-0.000066,0.0,1.570796,0.0,0.679708,-0.073769,0.0,0.0,0.0,0.053943,-0.023988,0.003937,0.173914,-0.180977,0.023998,-0.49932,0.032101,0.005359,0.813934,-0.034528,-0.018934,-0.224465,0.174482,0.0,-0.139203,0.0,0.0,0.0,-0.060669,-0.174482,0.0,-0.002258,0.0,0.0,0.0,0.0,0.0,-0.0,0.0,-0.0,0.0,-0.0,0.0,-0.0,0.001953,-0.004944,0.0,0.000194,0.0,0.000065,0.0,-0.000065,0.0,-0.000194,0.0,0.0,0.0,-0.006726,
0.0,1.431351,0.875338,-0.000066,0.0,1.570796,0.0,0.679692,-0.073777,0.0,0.0,0.0,0.063852,-0.023988,0.004028,0.169888,-0.185022,0.023973,-0.501153,0.031314,0.004883,0.78492,-0.043703,-0.019776,-0.230803,0.174482,0.0,-0.143498,0.0,0.0,0.0,-0.056895,-0.174482,0.0,-0.002258,0.0,0.0,0.0,-0.0,0.0,0.0,-0.0,0.0,0.0,0.0,0.0,0.0,0.001953,-0.004944,0.0,0.000194,0.0,0.000065,0.0,-0.000065,0.0,-0.000194,0.0,0.0,0.0,-0.006653,
0.0,1.43836,0.874526,-0.000066,0.0,1.570796,0.0,0.700887,-0.081237,0.0,0.0,0.0,0.073712,-0.023988,0.004028,0.166287,-0.188388,0.023948,-0.501154,0.030727,0.004663,0.752648,-0.04854,-0.020261,-0.234805,0.174482,0.0,-0.14583,0.0,0.0,-0.0,-0.052628,-0.174482,0.0,-0.002258,0.0,0.0,0.0,-0.0,0.0,0.0,0.0,0.0,0.0,-0.0,0.0,0.0,0.001953,-0.004944,0.0,0.000194,0.0,0.000065,0.0,-0.000065,0.0,-0.000194,0.0,-0.0,0.0,-0.006781,
0.0,1.445369,0.873713,-0.000066,0.0,1.570796,0.0,0.700872,-0.081237,0.0,0.0,0.0,0.083571,-0.023988,0.004028,0.162686,-0.191754,0.023923,-0.501154,0.030141,0.004444,0.720366,-0.053376,-0.020747,-0.238807,0.174482,0.0,-0.148162,0.0,0.0,0.0,-0.04836,-0.174482,0.0,-0.002258,0.0,0.0,0.0,0.0,0.0,0.0,0.0,0.0,0.0,0.0,0.0,-0.0,0.001953,-0.004944,0.0,0.000194,0.0,0.000065,0.0,-0.000065,0.0,-0.000194,0.0,0.0,0.0,-0.006909,
0.0,1.452378,0.872901,-0.000066,0.0,1.570796,0.0,0.700887,-0.081245,0.0,0.0,0.0,0.093431,-0.023988,0.004028,0.159085,-0.19512,0.023897,-0.501154,0.029555,0.004224,0.688088,-0.058212,-0.021232,-0.242808,0.174482,-0.0,-0.150494,0.0,0.0,0.0,-0.044092,-0.174482,0.0,-0.002258,0.0,0.0,0.0,0.0,0.0,0.0,0.0,-0.0,0.0,0.0,0.0,-0.0,0.001953,-0.004944,0.0,0.000194,0.0,0.000065,0.0,-0.000065,0.0,-0.000194,0.0,0.0,0.0,-0.007038,
0.0,1.459639,0.872041,-0.000066,0.0,1.570796,0.0,0.72611,-0.085989,0.0,0.0,0.0,0.099873,-0.023988,0.004114,0.162341,-0.200193,0.023872,-0.500147,0.029018,0.003955,0.655508,-0.065356,-0.021717,-0.245447,0.174482,0.0,-0.151896,0.0,0.0,0.0,-0.039422,-0.174482,0.0,-0.002258,0.0,0.0,0.0,0.0,0.0,0.0,0.0,0.0,0.0,0.0,0.0,0.0,0.001953,-0.004944,0.0,0.000194,0.0,0.000065,0.0,-0.000065,0.0,-0.000194,0.0,-0.0,0.0,-0.007446,
0.0,1.467026,0.871157,-0.000066,0.0,1.570796,0.0,0.738699,-0.08836,0.0,0.0,0.0,0.104603,-0.023988,0.004242,0.16903,-0.206121,0.023847,-0.498635,0.028505,0.003662,0.62276,-0.073657,-0.022203,-0.247403,0.174482,-0.0,-0.152833,-0.0,0.0,0.0,-0.034551,-0.174482,0.0,-0.002258,0.0,0.0,0.0,0.0,0.0,-0.0,-0.0,-0.0,0.0,0.0,0.0,0.0,0.001953,-0.004944,0.0,0.000194,0.0,0.000065,0.0,-0.000065,0.0,-0.000194,0.0,0.0,0.0,-0.007996,
0.0,1.474413,0.870274,-0.000066,0.0,1.570796,0.0,0.738714,-0.08836,0.0,0.0,0.0,0.109334,-0.023988,0.00437,0.175719,-0.212049,0.023822,-0.497123,0.027993,0.003369,0.590011,-0.081957,-0.022688,-0.249359,0.174482,0.0,-0.153769,0.0,0.0,0.0,-0.029679,-0.174482,0.0,-0.002258,0.0,0.0,0.0,0.0,0.0,-0.0,0.0,-0.0,0.0,-0.0,0.0,-0.0,0.001953,-0.004944,0.0,0.000194,0.0,0.000065,0.0,-0.000065,0.0,-0.000194,0.0,0.0,0.0,-0.008545,
0.0,1.481992,0.869371,-0.000066,0.0,1.570796,0.0,0.757895,-0.090236,0.0,0.0,0.0,0.116021,-0.023988,0.004437,0.179116,-0.216659,0.023805,-0.495128,0.027529,0.003052,0.55932,-0.092263,-0.023133,-0.25062,0.174482,-0.0,-0.154302,0.0,0.0,0.0,-0.024625,-0.174482,0.0,-0.002258,0.0,0.0,0.0,0.0,0.0,0.0,0.0,-0.0,0.0,-0.0,0.0,-0.0,0.001953,-0.004944,0.0,0.000194,0.0,0.000065,0.0,-0.000065,0.0,-0.000194,0.0,0.0,0.0,-0.009235,
0.0,1.489955,0.868432,-0.000066,0.0,1.570796,0.0,0.796271,-0.093987,0.0,0.0,0.0,0.126628,-0.023988,0.004382,0.175917,-0.21863,0.023805,-0.492164,0.027162,0.002686,0.532719,-0.106587,-0.0235,-0.250491,0.174482,-0.0,-0.154027,0.0,0.0,0.0,-0.019204,-0.174482,0.0,-0.002258,0.0,0.0,0.0,0.0,0.0,0.0,0.0,0.0,0.0,0.0,0.0,-0.0,0.001953,-0.004944,0.0,0.000194,0.0,0.000065,0.0,-0.000065,0.0,-0.000194,0.0,0.0,0.0,-0.010205,
0.0,1.497917,0.867492,-0.000066,0.0,1.570796,0.0,0.796255,-0.093987,0.0,0.0,0.0,0.137234,-0.023988,0.004328,0.172719,-0.220601,0.023805,-0.489201,0.026796,0.00232,0.506116,-0.120911,-0.023866,-0.250362,0.174482,0.0,-0.153751,0.0,0.0,0.0,-0.013784,-0.174482,0.0,-0.002258,0.0,0.0,0.0,-0.0,0.0,0.0,-0.0,-0.0,0.0,-0.0,0.0,-0.0,0.001953,-0.004944,0.0,0.000194,0.0,0.000065,0.0,-0.000065,0.0,-0.000194,0.0,0.0,0.0,-0.011176,
0.0,1.50588,0.866552,-0.000066,0.0,1.570796,0.0,0.796286,-0.093995,0.0,0.0,0.0,0.147841,-0.023988,0.004273,0.169521,-0.222572,0.023805,-0.486237,0.02643,0.001953,0.479519,-0.135234,-0.024232,-0.250233,0.174482,0.0,-0.153476,-0.0,0.0,0.0,-0.008364,-0.174482,0.0,-0.002258,-0.0,0.0,0.0,0.0,0.0,-0.0,0.0,-0.0,0.0,-0.0,0.0,0.0,0.001953,-0.004944,0.0,0.000194,0.0,0.000065,0.0,-0.000065,0.0,-0.000194,0.0,0.0,0.0,-0.012146,
0.0,1.514298,0.865761,-0.000066,0.0,1.570796,0.0,0.841802,-0.079099,0.0,0.0,0.0,0.16201,-0.023988,0.003852,0.160652,-0.223273,0.023805,-0.481337,0.02621,0.001642,0.460398,-0.150242,-0.024397,-0.247263,0.174482,0.0,-0.152301,-0.0,0.0,0.0,-0.003383,-0.174482,-0.0,-0.002258,0.0,0.0,0.0,0.0,0.0,0.0,0.0,-0.0,0.0,-0.0,0.0,0.0,0.001953,-0.004944,0.0,0.000194,0.0,0.000065,0.0,-0.000065,0.0,-0.000194,0.0,-0.0,0.0,-0.011799,
0.0,1.522717,0.86497,-0.000066,0.0,1.570796,0.0,0.841832,-0.079092,0.0,0.0,0.0,0.176181,-0.023988,0.00343,0.15178,-0.223973,0.023805,-0.476437,0.02599,0.001331,0.441278,-0.165252,-0.024562,-0.244293,0.174482,0.0,-0.151125,0.0,0.0,0.0,0.001598,-0.174482,0.0,-0.002258,0.0,0.0,0.0,-0.0,0.0,-0.0,0.0,0.0,0.0,0.0,0.0,-0.0,0.001953,-0.004944,0.0,0.000194,0.0,0.000065,0.0,-0.000065,0.0,-0.000194,0.0,0.0,0.0,-0.011451,
0.0,1.531135,0.864179,-0.000066,0.0,1.570796,0.0,0.841802,-0.079092,0.0,0.0,0.0,0.190351,-0.023988,0.003009,0.142909,-0.224673,0.023805,-0.471536,0.025771,0.001019,0.422159,-0.180261,-0.024727,-0.241322,0.174482,-0.0,-0.14995,0.0,0.0,0.0,0.006578,-0.174482,0.0,-0.002258,0.0,0.0,0.0,-0.0,0.0,0.0,0.0,-0.0,0.0,-0.0,0.0,0.0,0.001953,-0.004944,0.0,0.000194,0.0,0.000065,0.0,-0.000065,0.0,-0.000194,0.0,0.0,0.0,-0.011103,
0.0,1.539885,0.86352,-0.000066,0.0,1.570796,0.0,0.87508,-0.065906,0.0,0.0,0.0,0.201422,-0.024013,0.002551,0.139999,-0.224747,0.023805,-0.466505,0.025697,0.000867,0.411521,-0.188223,-0.024782,-0.236253,0.174482,0.0,-0.147613,0.0,0.0,0.0,0.012023,-0.174482,0.0,-0.002258,-0.0,0.0,0.0,-0.0,0.0,0.0,0.0,-0.0,0.0,0.0,0.0,0.0,0.001953,-0.004944,0.0,0.000194,0.0,0.000065,0.0,-0.000065,0.0,-0.000194,0.0,0.0,0.0,-0.011097,
0.0,1.548802,0.862927,-0.000066,0.0,1.570796,0.0,0.891682,-0.05929,0.0,0.0,0.0,0.210943,-0.024049,0.002075,0.140072,-0.224508,0.023805,-0.461407,0.025697,0.000793,0.405128,-0.192656,-0.024782,-0.230133,0.174482,0.0,-0.144693,0.0,0.0,0.0,0.0177,-0.174482,0.0,-0.002258,0.0,0.0,0.0,-0.0,0.0,-0.0,0.0,-0.0,0.0,-0.0,0.0,-0.0,0.001953,-0.004944,0.0,0.000194,0.0,0.000065,0.0,-0.000065,0.0,-0.000194,0.0,-0.0,0.0,-0.011261,
0.0,1.557719,0.862334,-0.000066,0.0,1.570796,0.0,0.891697,-0.059298,0.0,0.0,0.0,0.220463,-0.024086,0.001599,0.140146,-0.224268,0.023805,-0.45631,0.025697,0.00072,0.398735,-0.19709,-0.024782,-0.224013,0.174482,0.0,-0.141774,0.0,0.0,0.0,0.023377,-0.174482,0.0,-0.002258,0.0,0.0,0.0,-0.0,0.0,0.0,0.0,0.0,0.0,-0.0,0.0,-0.0,0.001953,-0.004944,0.0,0.000194,0.0,0.000065,0.0,-0.000065,0.0,-0.000194,0.0,0.0,0.0,-0.011426,
0.0,1.566828,0.861831,-0.000066,0.0,1.570796,0.0,0.910831,-0.050309,0.0,0.0,0.0,0.229951,-0.024135,0.001019,0.140225,-0.222268,0.023857,-0.450778,0.025697,0.000739,0.393669,-0.197779,-0.024782,-0.216805,0.174482,-0.0,-0.138171,-0.0,0.0,0.0,0.029402,-0.174482,0.0,-0.002258,-0.0,0.0,0.0,0.0,0.0,0.0,0.0,0.0,0.0,0.0,0.0,0.0,0.001953,-0.004944,0.0,0.000194,0.0,0.000065,0.0,-0.000065,0.0,-0.000194,0.0,0.0,0.0,-0.012024,
0.0,1.576319,0.861508,-0.000066,0.0,1.570796,0.0,0.949144,-0.032316,0.0,0.0,0.0,0.239378,-0.024208,0.000232,0.140317,-0.216742,0.024013,-0.444378,0.025697,0.00094,0.391261,-0.190974,-0.024782,-0.207417,0.174482,-0.0,-0.133198,0.0,0.0,0.0,0.036123,-0.174482,0.0,-0.002258,0.0,0.0,0.0,0.0,0.0,0.0,0.0,-0.0,0.0,-0.0,0.0,0.0,0.001953,-0.004944,0.0,0.000194,0.0,0.000065,0.0,-0.000065,0.0,-0.000194,0.0,0.0,0.0,-0.013489,
0.0,1.585811,0.861185,-0.000066,0.0,1.570796,0.0,0.94919,-0.032316,0.0,0.0,0.0,0.248805,-0.024281,-0.000555,0.140409,-0.211217,0.024168,-0.437978,0.025697,0.001141,0.388853,-0.184168,-0.024782,-0.198028,0.174482,0.0,-0.128224,-0.0,0.0,0.0,0.042845,-0.174482,0.0,-0.002258,0.0,0.0,0.0,0.0,0.0,0.0,0.0,0.0,0.0,0.0,0.0,0.0,0.001953,-0.004944,0.0,0.000194,0.0,0.000065,0.0,-0.000065,0.0,-0.000194,0.0,0.0,0.0,-0.014954,
0.0,1.595302,0.860861,-0.000066,0.0,1.570796,0.0,0.949129,-0.032316,0.0,0.0,0.0,0.258231,-0.024354,-0.001343,0.140501,-0.205692,0.024324,-0.431578,0.025697,0.001343,0.386445,-0.177363,-0.024782,-0.188641,0.174482,0.0,-0.123251,-0.0,0.0,0.0,0.049566,-0.174482,0.0,-0.002258,-0.0,0.0,0.0,0.0,0.0,0.0,0.0,0.0,0.0,0.0,0.0,0.0,0.001953,-0.004944,0.0,0.000194,0.0,0.000065,0.0,-0.000065,0.0,-0.000194,0.0,-0.0,0.0,-0.016419,
0.0,1.604648,0.86125,-0.000066,0.0,1.570796,0.0,0.934583,0.038873,0.0,0.0,0.0,0.266567,-0.024464,-0.002679,0.140666,-0.193426,0.024479,-0.421586,0.025697,0.001892,0.378712,-0.156491,-0.024647,-0.178477,0.174482,-0.0,-0.117969,0.0,0.0,0.0,0.055447,-0.174482,0.0,-0.002258,-0.0,0.0,0.0,-0.0,0.0,-0.0,0.0,-0.0,0.0,-0.0,0.0,0.0,0.001953,-0.004944,0.0,0.000194,0.0,0.000065,0.0,-0.000065,0.0,-0.000194,0.0,0.0,0.0,-0.017884,
0.0,1.613993,0.861639,-0.000066,0.0,1.570796,0.0,0.934537,0.038888,0.0,0.0,0.0,0.274902,-0.024574,-0.004016,0.140831,-0.181159,0.024635,-0.411593,0.025697,0.002441,0.370978,-0.135615,-0.024513,-0.168313,0.174482,0.0,-0.112686,0.0,0.0,0.0,0.061328,-0.174482,0.0,-0.002258,0.0,0.0,0.0,0.0,0.0,-0.0,0.0,-0.0,-0.0,0.0,0.0,-0.0,0.001953,-0.004944,0.0,0.000194,0.0,0.000065,0.0,-0.000065,0.0,-0.000194,0.0,0.0,0.0,-0.019349,
0.0,1.623339,0.862028,-0.000066,0.0,1.570796,0.0,0.934552,0.038888,0.0,0.0,0.0,0.283238,-0.024684,-0.005353,0.140996,-0.168892,0.024791,-0.4016,0.025697,0.002991,0.363244,-0.11474,-0.024379,-0.158149,0.174482,-0.0,-0.107404,-0.0,-0.0,0.0,0.067208,-0.174482,-0.0,-0.002258,0.0,0.0,0.0,0.0,-0.0,-0.0,0.0,-0.0,0.0,-0.0,0.0,0.0,0.001953,-0.004944,0.0,0.000194,0.0,0.000065,-0.0,-0.000065,0.0,-0.000194,0.0,0.0,0.0,-0.020814,
0.0,1.632354,0.862532,-0.000066,0.0,1.570796,0.0,0.901532,0.050437,0.0,0.0,0.0,0.290497,-0.024769,-0.006311,0.141051,-0.150944,0.024782,-0.393107,0.025783,0.003406,0.36053,-0.100109,-0.024245,-0.148508,0.174482,0.0,-0.102453,0.0,-0.0,0.0,0.071441,-0.174482,-0.0,-0.002258,0.0,0.0,0.0,-0.0,-0.0,0.0,0.0,0.0,0.0,0.0,0.0,0.0,0.001953,-0.004944,0.0,0.000194,0.0,0.000065,0.0,-0.000065,0.0,-0.000194,0.0,0.0,0.0,-0.021546,
0.0,1.641204,0.863094,-0.000066,0.0,1.570796,0.0,0.885036,0.056219,0.0,0.0,0.0,0.297219,-0.024843,-0.00708,0.141051,-0.130151,0.02469,-0.385365,0.025911,0.003754,0.360325,-0.088598,-0.02411,-0.139128,0.174482,0.0,-0.097668,0.0,0.0,0.0,0.074849,-0.174482,-0.0,-0.002258,0.0,0.0,0.0,0.0,0.0,-0.0,0.0,0.0,0.0,-0.0,0.0,0.0,0.001953,-0.004944,0.0,0.000194,0.0,0.000065,0.0,-0.000065,0.0,-0.000194,0.0,0.0,0.0,-0.021913,
0.0,1.650055,0.863657,-0.000066,0.0,1.570796,0.0,0.885052,0.056226,0.0,0.0,0.0,0.30394,-0.024916,-0.007849,0.141051,-0.109357,0.024599,-0.377622,0.026039,0.004102,0.36012,-0.077086,-0.023976,-0.129748,0.174482,-0.0,-0.092883,0.0,0.0,0.0,0.078258,-0.174482,0.0,-0.002258,0.0,0.0,0.0,-0.0,0.0,0.0,0.0,-0.0,0.0,-0.0,0.0,-0.0,0.001953,-0.004944,0.0,0.000194,0.0,0.000065,0.0,-0.000065,0.0,-0.000194,0.0,0.0,0.0,-0.022279,
0.0,1.658701,0.8642,-0.000066,0.0,1.570796,0.0,0.86462,0.054287,0.0,0.0,0.0,0.310423,-0.024952,-0.007971,0.140911,-0.085883,0.024464,-0.370543,0.026149,0.004389,0.361418,-0.067868,-0.023842,-0.120952,0.174482,0.0,-0.088416,0.0,0.0,0.0,0.080566,-0.174482,0.0,-0.002258,0.0,0.0,0.0,0.0,0.0,0.0,0.0,0.0,0.0,-0.0,0.0,-0.0,0.001953,-0.004944,0.0,0.000194,0.0,0.000065,0.0,-0.000065,0.0,-0.000194,0.0,0.0,0.0,-0.022187,
0.0,1.666939,0.864704,-0.000066,0.0,1.570796,0.0,0.823819,0.050416,0.0,0.0,0.0,0.316433,-0.024916,-0.006799,0.140488,-0.05703,0.024244,-0.36479,0.026222,0.004553,0.36572,-0.063233,-0.023707,-0.113323,0.174482,0.0,-0.084586,0.0,0.0,0.0,0.080676,-0.174482,0.0,-0.002258,0.0,0.0,0.0,-0.0,0.0,0.0,0.0,-0.0,0.0,0.0,0.0,0.0,0.001953,-0.004944,0.0,0.000194,0.0,0.000065,0.0,-0.000065,0.0,-0.000194,0.0,-0.0,0.0,-0.02118,
0.0,1.675177,0.865208,-0.000066,0.0,1.570796,0.0,0.823788,0.050416,0.0,0.0,0.0,0.322441,-0.024879,-0.005628,0.140066,-0.028174,0.024025,-0.359038,0.026296,0.004718,0.370023,-0.058598,-0.023573,-0.105693,0.174482,0.0,-0.080756,-0.0,-0.0,-0.0,0.080786,-0.174482,0.0,-0.002258,0.0,0.0,0.0,0.0,-0.0,-0.0,0.0,0.0,0.0,0.0,0.0,-0.0,0.001953,-0.004944,0.0,0.000194,0.0,0.000065,0.0,-0.000065,0.0,-0.000194,-0.0,0.0,0.0,-0.020173,
0.0,1.683415,0.865712,-0.000066,0.0,1.570796,0.0,0.823788,0.050416,0.0,0.0,0.0,0.328444,-0.024843,-0.004456,0.139657,0.000671,0.023805,-0.353285,0.026369,0.004883,0.374324,-0.053963,-0.023439,-0.098064,0.174482,0.0,-0.076925,0.0,0.0,0.0,0.080896,-0.174482,0.0,-0.002258,0.0,0.0,0.0,0.0,0.0,-0.0,0.0,0.0,0.0,0.0,0.0,-0.0,0.001953,-0.004944,0.0,0.000194,0.0,0.000065,0.0,-0.000065,0.0,-0.000194,0.0,0.0,0.0,-0.019166,
0.0,1.690983,0.866435,-0.000066,0.0,1.570796,0.0,0.75677,0.072285,0.0,0.0,0.0,0.280264,-0.025191,-0.003302,0.24071,-0.005647,0.023585,-0.346075,0.026369,0.004975,0.375312,-0.052882,-0.023439,-0.092474,0.174482,0.0,-0.07359,0.0,0.0,0.0,0.078514,-0.174482,0.0,-0.002258,0.0,0.0,0.0,-0.0,0.0,-0.0,-0.0,-0.0,0.0,0.0,0.0,-0.0,0.001953,-0.004944,0.0,0.000194,0.0,0.000065,0.0,-0.000065,0.0,-0.000194,0.0,0.0,0.0,-0.02021,
0.0,1.698551,0.867158,-0.000066,0.0,1.570796,0.0,0.75677,0.072293,0.0,0.0,0.0,0.232046,-0.025539,-0.002148,0.342112,-0.011965,0.023365,-0.338865,0.026369,0.005066,0.3763,-0.051802,-0.023439,-0.086883,0.174482,0.0,-0.070256,0.0,0.0,0.0,0.076131,-0.174482,0.0,-0.002258,0.0,0.0,0.0,0.0,0.0,-0.0,0.0,-0.0,0.0,0.0,0.0,0.0,0.001953,-0.004944,0.0,0.000194,0.0,0.000065,0.0,-0.000065,0.0,-0.000194,0.0,0.0,0.0,-0.021254,
0.0,1.706118,0.867881,-0.000066,0.0,1.570796,0.0,0.756755,0.072285,0.0,0.0,0.0,0.183848,-0.025887,-0.000995,0.443339,-0.018282,0.023146,-0.331656,0.026369,0.005158,0.377288,-0.050721,-0.023439,-0.081292,0.174482,-0.0,-0.066921,-0.0,0.0,0.0,0.073749,-0.174482,0.0,-0.002258,0.0,0.0,0.0,0.0,0.0,0.0,0.0,0.0,0.0,0.0,0.0,0.0,0.001953,-0.004944,0.0,0.000194,0.0,0.000065,0.0,-0.000065,0.0,-0.000194,0.0,0.0,0.0,-0.022297,
0.0,1.7133,0.868671,-0.000066,0.0,1.570796,0.0,0.718226,0.079073,0.0,0.0,0.0,0.143827,-0.026589,-0.00105,0.519046,-0.003133,0.022291,-0.322875,0.026369,0.005188,0.37476,-0.05201,-0.023439,-0.077218,0.174482,0.0,-0.064417,0.0,0.0,0.0,0.070145,-0.174482,0.0,-0.002258,0.0,0.0,0.0,0.0,0.0,0.0,0.0,0.0,0.0,0.0,0.0,0.0,0.001953,-0.004944,0.0,0.000194,0.0,0.000065,0.0,-0.000065,0.0,-0.000194,0.0,-0.0,0.0,-0.023695,
0.0,1.72029,0.869496,-0.000066,0.0,1.570796,0.0,0.699,0.082482,0.0,0.0,0.0,0.107852,-0.027468,-0.001709,0.582293,0.022749,0.021119,-0.313309,0.026369,0.005188,0.370475,-0.054483,-0.023439,-0.073902,0.174482,0.0,-0.062328,0.0,0.0,0.0,0.065931,-0.174482,0.0,-0.002258,0.0,0.0,0.0,-0.0,0.0,0.0,0.0,-0.0,0.0,-0.0,0.0,-0.0,0.001953,-0.004944,0.0,0.000194,0.0,0.000065,0.0,-0.000065,0.0,-0.000194,0.0,0.0,0.0,-0.02527,
0.0,1.72728,0.870321,-0.000066,0.0,1.570796,0.0,0.698954,0.082467,0.0,0.0,0.0,0.071879,-0.028347,-0.002368,0.645538,0.048629,0.019947,-0.303743,0.026369,0.005188,0.36619,-0.056956,-0.023439,-0.070585,0.174482,0.0,-0.06024,0.0,0.0,0.0,0.061717,-0.174482,0.0,-0.002258,0.0,0.0,0.0,-0.0,0.0,-0.0,-0.0,-0.0,0.0,-0.0,0.0,0.0,0.001953,-0.004944,0.0,0.000194,0.0,0.000065,0.0,-0.000065,0.0,-0.000194,0.0,0.0,0.0,-0.026845,
0.0,1.734124,0.871162,-0.000066,0.0,1.570796,0.0,0.684412,0.084159,0.0,0.0,0.0,0.037646,-0.029238,-0.002991,0.70188,0.073755,0.018653,-0.293778,0.026347,0.005188,0.360791,-0.0596,-0.023475,-0.068033,0.174482,0.0,-0.058677,-0.0,0.0,0.0,0.056966,-0.174482,-0.0,-0.002258,-0.0,0.0,0.0,0.0,0.0,-0.0,-0.0,0.0,0.0,0.0,0.0,0.0,0.001953,-0.004944,0.0,0.000194,0.0,0.000065,0.0,-0.000065,0.0,-0.000194,0.0,0.0,0.0,-0.028316,
0.0,1.740677,0.872038,-0.000066,0.0,1.570796,0.0,0.655313,0.087522,0.0,0.0,0.0,0.006842,-0.030154,-0.00354,0.74465,0.097393,0.017115,-0.283016,0.026283,0.005188,0.353166,-0.062586,-0.023585,-0.067006,0.174482,0.0,-0.058164,0.0,0.0,0.0,0.051141,-0.174482,0.0,-0.002258,0.0,0.0,0.0,-0.0,0.0,0.0,0.0,0.0,0.0,-0.0,0.0,0.0,0.001953,-0.004944,0.0,0.000194,0.0,0.000065,0.0,-0.000065,0.0,-0.000194,0.0,0.0,0.0,-0.02958,
0.0,1.747231,0.872913,-0.000066,0.0,1.570796,0.0,0.655359,0.087522,0.0,0.0,0.0,-0.023969,-0.031069,-0.00409,0.787436,0.121034,0.015576,-0.272253,0.026219,0.005188,0.345541,-0.065573,-0.023695,-0.06598,0.174482,0.0,-0.057651,0.0,0.0,0.0,0.045316,-0.174482,0.0,-0.002258,0.0,0.0,0.0,-0.0,0.0,-0.0,0.0,-0.0,0.0,-0.0,0.0,0.0,0.001953,-0.004944,0.0,0.000194,0.0,0.000065,0.0,-0.000065,0.0,-0.000194,0.0,0.0,0.0,-0.030844,
0.0,1.753784,0.873788,-0.000066,0.0,1.570796,0.0,0.655313,0.087522,0.0,0.0,0.0,-0.054766,-0.031985,-0.004639,0.830187,0.144664,0.014038,-0.261491,0.026155,0.005188,0.337916,-0.068559,-0.023805,-0.064955,0.174482,0.0,-0.057139,-0.0,0.0,0.0,0.039491,-0.174482,0.0,-0.002258,0.0,0.0,0.0,0.0,0.0,-0.0,0.0,-0.0,0.0,-0.0,0.0,-0.0,0.001953,-0.004944,0.0,0.000194,0.0,0.000065,0.0,-0.000065,0.0,-0.000194,0.0,0.0,0.0,-0.032106,
0.0,1.759917,0.874598,-0.000066,0.0,1.570796,0.0,0.613322,0.081034,0.0,0.0,0.0,-0.080616,-0.032443,-0.004639,0.854869,0.151386,0.013361,-0.250883,0.026091,0.005188,0.329233,-0.071051,-0.023855,-0.065266,0.174482,0.0,-0.057432,-0.0,0.0,0.0,0.03136,-0.174482,-0.0,-0.002258,0.0,0.0,0.0,0.0,0.0,0.0,0.0,0.0,0.0,0.0,0.0,0.0,0.001953,-0.004944,0.0,0.000194,0.0,0.000065,0.0,-0.000065,0.0,-0.000194,0.0,-0.0,0.0,-0.031044,
0.0,1.766051,0.875409,-0.000066,0.0,1.570796,0.0,0.613337,0.081042,0.0,0.0,0.0,-0.106473,-0.032901,-0.004639,0.879557,0.158109,0.012683,-0.240274,0.026027,0.005188,0.32055,-0.073543,-0.023906,-0.065578,0.174482,0.0,-0.057725,0.0,0.0,0.0,0.023228,-0.174482,0.0,-0.002258,0.0,0.0,0.0,-0.0,0.0,-0.0,0.0,-0.0,0.0,-0.0,0.0,-0.0,0.001953,-0.004944,0.0,0.000194,0.0,0.000065,0.0,-0.000065,0.0,-0.000194,0.0,0.0,0.0,-0.029982,
0.0,1.772184,0.876219,-0.000066,0.0,1.570796,0.0,0.613322,0.081042,0.0,0.0,0.0,-0.132325,-0.033358,-0.004639,0.904241,0.164832,0.012006,-0.229667,0.025963,0.005188,0.311867,-0.076035,-0.023956,-0.065889,0.174482,0.0,-0.058018,0.0,0.0,0.0,0.015097,-0.174482,0.0,-0.002258,0.0,0.0,0.0,0.0,0.0,0.0,0.0,0.0,0.0,0.0,0.0,0.0,0.001953,-0.004944,0.0,0.000194,0.0,0.000065,0.0,-0.000065,0.0,-0.000194,0.0,0.0,0.0,-0.02892,
0.0,1.778276,0.87698,-0.000066,0.0,1.570796,0.0,0.609217,0.076052,0.0,0.0,0.0,-0.154957,-0.033438,-0.004266,0.919275,0.161434,0.012012,-0.217785,0.02588,0.005188,0.301137,-0.078258,-0.024006,-0.06603,0.174482,-0.0,-0.057834,0.0,0.0,0.0,0.006576,-0.174482,0.0,-0.002258,0.0,0.0,0.0,0.0,0.0,-0.0,0.0,-0.0,0.0,-0.0,0.0,-0.0,0.001953,-0.004944,0.0,0.000194,0.0,0.000065,0.0,-0.000065,0.0,-0.000194,0.0,0.0,0.0,-0.027076,
0.0,1.784348,0.877716,-0.000066,0.0,1.570796,0.0,0.607173,0.073572,0.0,0.0,0.0,-0.175989,-0.033328,-0.003708,0.929497,0.152986,0.01236,-0.205267,0.025789,0.005188,0.289387,-0.080347,-0.024057,-0.066085,0.174482,-0.0,-0.057413,0.0,0.0,0.0,-0.00214,-0.174482,0.0,-0.002258,0.0,0.0,0.0,0.0,0.0,0.0,0.0,0.0,-0.0,-0.0,0.0,-0.0,0.001953,-0.004944,0.0,0.000194,0.0,0.000065,0.0,-0.000065,0.0,-0.000194,0.0,0.0,0.0,-0.024842,
0.0,1.79042,0.878451,-0.000066,0.0,1.570796,0.0,0.607203,0.073572,0.0,0.0,0.0,-0.197022,-0.033218,-0.003149,0.939719,0.144537,0.012708,-0.192748,0.025697,0.005188,0.277635,-0.082437,-0.024107,-0.06614,0.174482,-0.0,-0.056992,0.0,0.0,0.0,-0.010857,-0.174482,0.0,-0.002258,0.0,0.0,0.0,-0.0,0.0,-0.0,0.0,-0.0,0.0,-0.0,0.0,-0.0,0.001953,-0.004944,0.0,0.000194,0.0,0.000065,0.0,-0.000065,0.0,-0.000194,0.0,0.0,0.0,-0.022607,
0.0,1.796527,0.879151,-0.000066,0.0,1.570796,0.0,0.610728,0.069979,0.0,0.0,0.0,-0.21728,-0.033041,-0.002591,0.947209,0.13485,0.013151,-0.181796,0.025636,0.005188,0.269105,-0.084973,-0.024158,-0.065858,0.174482,0.0,-0.056167,0.0,0.0,0.0,-0.019586,-0.174482,0.0,-0.002258,0.0,0.0,0.0,-0.0,0.0,-0.0,0.0,-0.0,0.0,0.0,0.0,0.0,0.001953,-0.004944,0.0,0.000194,0.0,0.000065,0.0,-0.000065,0.0,-0.000194,0.0,0.0,0.0,-0.020178,
0.0,1.802705,0.879779,-0.000066,0.0,1.570796,0.0,0.617839,0.062823,0.0,0.0,0.0,-0.236005,-0.032729,-0.002032,0.949247,0.122688,0.013783,-0.173967,0.025636,0.005188,0.266998,-0.0884,-0.024208,-0.064905,0.174482,0.0,-0.054536,-0.0,0.0,0.0,-0.02834,-0.174482,0.0,-0.002258,0.0,0.0,0.0,0.0,0.0,0.0,0.0,0.0,0.0,-0.0,0.0,0.0,0.001953,-0.004944,0.0,0.000194,0.0,0.000065,0.0,-0.000065,0.0,-0.000194,0.0,0.0,0.0,-0.017358,
0.0,1.808884,0.880408,-0.000066,0.0,1.570796,0.0,0.617855,0.062831,0.0,0.0,0.0,-0.25473,-0.032418,-0.001474,0.951285,0.110525,0.014414,-0.166137,0.025636,0.005188,0.264892,-0.091828,-0.024258,-0.063953,0.174482,0.0,-0.052906,-0.0,0.0,0.0,-0.037094,-0.174482,0.0,-0.002258,0.0,0.0,0.0,0.0,0.0,-0.0,0.0,-0.0,0.0,0.0,0.0,0.0,0.001953,-0.004944,0.0,0.000194,0.0,0.000065,0.0,-0.000065,0.0,-0.000194,0.0,0.0,0.0,-0.014538,
0.0,1.815062,0.881036,-0.000066,0.0,1.570796,0.0,0.617824,0.062808,0.0,0.0,0.0,-0.273452,-0.032107,-0.000915,0.95332,0.098364,0.015046,-0.158309,0.025636,0.005188,0.262788,-0.095256,-0.024309,-0.063,0.174482,0.0,-0.051276,0.0,0.0,0.0,-0.045849,-0.174482,0.0,-0.002258,0.0,0.0,0.0,-0.0,0.0,-0.0,-0.0,0.0,0.0,0.0,0.0,0.0,0.001953,-0.004944,0.0,0.000194,0.0,0.000065,0.0,-0.000065,0.0,-0.000194,0.0,0.0,0.0,-0.011718,
0.0,1.821172,0.881385,-0.000066,0.0,1.570796,-0.0,0.610975,0.03496,0.0,0.0,0.0,-0.29079,-0.031759,-0.000476,0.948939,0.087533,0.015678,-0.152249,0.025636,0.005097,0.264192,-0.099528,-0.024359,-0.062322,0.174482,0.0,-0.04992,0.0,0.0,0.0,-0.056017,-0.174482,-0.0,-0.002258,0.0,0.0,0.0,0.0,0.0,-0.0,0.0,0.0,0.0,0.0,0.0,-0.0,0.001953,-0.004944,0.0,0.000194,0.0,0.000065,0.0,-0.000065,0.0,-0.000194,0.0,-0.0,0.0,-0.009484,
-0.0,1.827281,0.881735,-0.000066,0.0,1.570796,-0.0,0.610929,0.03496,0.0,0.0,0.0,-0.308129,-0.031411,-0.000036,0.944557,0.076702,0.01631,-0.14619,0.025636,0.005005,0.265596,-0.103801,-0.024409,-0.061645,0.174482,0.0,-0.048565,0.0,0.0,0.0,-0.066185,-0.174482,0.0,-0.002258,0.0,0.0,0.0,-0.0,0.0,-0.0,0.0,-0.0,0.0,-0.0,0.0,-0.0,0.001953,-0.004944,0.0,0.000194,0.0,0.000065,0.0,-0.000065,0.0,-0.000194,0.0,0.0,0.0,-0.00725,
-0.0,1.833391,0.882084,-0.000066,0.0,1.570796,0.0,0.610944,0.03496,0.0,0.0,0.0,-0.325467,-0.031063,0.000403,0.940176,0.065871,0.016941,-0.14013,0.025636,0.004913,0.267,-0.108073,-0.02446,-0.060967,0.174482,0.0,-0.04721,0.0,0.0,0.0,-0.076353,-0.174482,-0.0,-0.002258,-0.0,0.0,0.0,0.0,0.0,0.0,0.0,-0.0,0.0,-0.0,0.0,-0.0,0.001953,-0.004944,0.0,0.000194,-0.0,0.000065,0.0,-0.000065,0.0,-0.000194,0.0,0.0,0.0,-0.005016,
0.0,1.839483,0.882284,-0.000066,0.0,1.570796,0.0,0.609206,0.019991,0.0,0.0,0.0,-0.343806,-0.030947,0.00039,0.935028,0.059383,0.017176,-0.133229,0.025636,0.004883,0.266703,-0.111636,-0.024492,-0.060521,0.174482,0.0,-0.04616,-0.0,0.0,0.0,-0.087467,-0.174482,0.0,-0.002258,0.0,0.0,0.0,0.0,0.0,-0.0,0.0,-0.0,0.0,-0.0,0.0,-0.0,0.001953,-0.004944,0.0,0.000194,0.0,0.000065,0.0,-0.000065,0.0,-0.000194,0.0,0.0,0.0,-0.003185,
0.0,1.845566,0.88241,-0.000066,0.0,1.570796,0.0,0.608336,0.012537,0.0,0.0,0.0,-0.362647,-0.030947,0.000152,0.929497,0.05506,0.017213,-0.125908,0.025636,0.004883,0.265558,-0.114846,-0.024516,-0.060191,0.174482,0.0,-0.045262,0.0,0.0,0.0,-0.099055,-0.174482,0.0,-0.002258,0.0,0.0,0.0,0.0,0.0,-0.0,-0.0,-0.0,0.0,-0.0,0.0,-0.0,0.001953,-0.004944,0.0,0.000194,0.0,0.000065,0.0,-0.000065,0.0,-0.000194,0.0,0.0,0.0,-0.001555,
0.0,1.85165,0.882535,-0.000066,0.0,1.570796,-0.0,0.608382,0.01253,0.0,0.0,0.0,-0.38149,-0.030947,-0.000086,0.923966,0.050737,0.017249,-0.118587,0.025636,0.004883,0.264412,-0.118056,-0.024539,-0.059862,0.174482,0.0,-0.044365,0.0,0.0,0.0,-0.110643,-0.174482,0.0,-0.002258,0.0,0.0,0.0,0.0,0.0,-0.0,0.0,-0.0,0.0,0.0,0.0,0.0,0.001953,-0.004944,-0.0,0.000194,0.0,0.000065,0.0,-0.000065,0.0,-0.000194,0.0,0.0,0.0,0.000074,
0.0,1.85774,0.882591,-0.000066,0.0,1.570796,0.0,0.608963,0.005549,0.0,0.0,0.0,-0.399641,-0.03099,-0.000379,0.917256,0.046934,0.017286,-0.111317,0.025636,0.004852,0.263433,-0.121407,-0.024563,-0.059642,0.174482,0.0,-0.043602,0.0,0.0,0.0,-0.122467,-0.174482,0.0,-0.002307,0.0,0.0,0.0,0.0,0.0,0.0,0.0,0.0,0.0,0.0,0.0,-0.0,0.001953,-0.004944,0.0,0.000194,0.0,0.000065,0.0,-0.000065,0.0,-0.000194,0.0,0.0,0.0,0.001521,
0.0,1.863842,0.882507,-0.000066,0.0,1.570796,-0.0,0.610199,-0.008375,0.0,0.0,0.0,-0.416421,-0.031118,-0.000782,0.908195,0.044168,0.017323,-0.104148,0.025636,0.004761,0.262787,-0.12504,-0.024586,-0.059642,0.174482,0.0,-0.043107,0.0,0.0,0.0,-0.134766,-0.174482,0.0,-0.002454,0.0,0.0,0.0,-0.0,0.0,0.0,0.0,0.0,0.0,0.0,0.0,0.0,0.001953,-0.004944,0.0,0.000194,-0.0,0.000065,-0.0,-0.000065,0.0,-0.000194,0.0,-0.0,0.0,0.002601,
0.0,1.869943,0.882423,-0.000066,0.0,1.570796,0.0,0.610184,-0.008367,0.0,0.0,0.0,-0.433202,-0.031246,-0.001184,0.899134,0.041402,0.017359,-0.096979,0.025636,0.004669,0.26214,-0.128673,-0.02461,-0.059642,0.174482,0.0,-0.042613,-0.0,0.0,0.0,-0.147065,-0.174482,-0.0,-0.0026,0.0,0.0,0.0,0.0,0.0,0.0,0.0,0.0,0.0,0.0,0.0,0.0,0.001953,-0.004944,0.0,0.000194,0.0,0.000065,0.0,-0.000065,0.0,-0.000194,0.0,0.0,0.0,0.003681,
0.0,1.876045,0.882339,-0.000066,0.0,1.570796,0.0,0.610199,-0.00839,0.0,0.0,0.0,-0.449977,-0.031374,-0.001587,0.890069,0.038635,0.017396,-0.089811,0.025636,0.004578,0.261496,-0.132307,-0.024633,-0.059641,0.174482,0.0,-0.042118,0.0,0.0,0.0,-0.159361,-0.174482,0.0,-0.00275,0.0,0.0,0.0,0.0,0.0,0.0,0.0,-0.0,0.0,0.0,0.0,0.0,0.001953,-0.004944,0.0,0.000194,0.0,0.000065,0.0,-0.000065,0.0,-0.000194,0.0,-0.0,0.0,0.004762,
0.0,1.882443,0.882023,-0.000066,0.0,1.570796,-0.0,0.639772,-0.031673,0.0,0.0,0.0,-0.462689,-0.031209,-0.001715,0.876468,0.034332,0.017671,-0.083763,0.025636,0.004486,0.263861,-0.137943,-0.024657,-0.05823,0.174482,0.0,-0.040946,0.0,0.0,0.0,-0.168533,-0.174482,0.0,-0.007154,0.0,0.0,0.0,0.0,0.0,-0.0,0.0,-0.0,0.0,-0.0,0.0,-0.0,0.001953,-0.004944,0.0,0.000194,0.0,0.000065,0.0,-0.000065,0.0,-0.000194,0.0,0.0,0.0,0.00586,
0.0,1.888841,0.881706,-0.000066,0.0,1.570796,0.0,0.639818,-0.031673,0.0,0.0,0.0,-0.475401,-0.031045,-0.001843,0.862866,0.030028,0.017945,-0.077715,0.025636,0.004395,0.266226,-0.143579,-0.024681,-0.05682,0.174482,-0.0,-0.039773,0.0,0.0,0.0,-0.177706,-0.174482,-0.0,-0.011559,0.0,0.0,0.0,-0.0,0.0,0.0,0.0,0.0,0.0,-0.0,0.0,0.0,0.001953,-0.004944,0.0,0.000194,0.0,0.000065,0.0,-0.000065,0.0,-0.000194,0.0,0.0,0.0,0.006959,
0.0,1.895239,0.881389,-0.000066,0.0,1.570796,0.0,0.639772,-0.031673,0.0,0.0,0.0,-0.488113,-0.03088,-0.001972,0.849264,0.025724,0.01822,-0.071668,0.025636,0.004303,0.26859,-0.149215,-0.024704,-0.055409,0.174482,0.0,-0.038601,0.0,0.0,0.0,-0.186878,-0.174482,0.0,-0.015963,0.0,0.0,0.0,-0.0,0.0,0.0,0.0,0.0,0.0,-0.0,0.0,0.0,0.001953,-0.004944,-0.0,0.000194,0.0,0.000065,0.0,-0.000065,0.0,-0.000194,0.0,0.0,0.0,0.008058,
0.0,1.901758,0.880937,-0.000066,0.0,1.570796,-0.0,0.651874,-0.045237,0.0,0.0,0.0,-0.495328,-0.030495,-0.00188,0.826867,0.021702,0.01865,-0.065927,0.025636,0.004163,0.272067,-0.155933,-0.024728,-0.05351,0.174482,0.0,-0.037148,-0.0,0.0,0.0,-0.19499,-0.174482,-0.0,-0.020367,0.0,0.0,0.0,0.0,0.0,0.0,0.0,-0.0,0.0,0.0,0.0,0.0,0.001953,-0.004944,0.0,0.000194,-0.0,0.000065,0.0,-0.000065,0.0,-0.000194,0.0,0.0,0.0,0.008949,
0.0,1.908337,0.880417,-0.000066,0.0,1.570796,0.0,0.657917,-0.051989,0.0,0.0,0.0,-0.499807,-0.03,-0.001678,0.800082,0.01782,0.019156,-0.06034,0.025636,0.003998,0.276097,-0.16319,-0.024751,-0.051366,0.174482,-0.0,-0.035555,-0.0,0.0,0.0,-0.202573,-0.174482,0.0,-0.024771,-0.0,-0.0,-0.0,0.0,0.0,0.0,0.0,0.0,0.0,-0.0,0.0,0.0,0.001953,-0.004944,0.0,0.000194,0.0,0.000065,0.0,-0.000065,-0.0,-0.000194,0.0,0.0,0.0,0.009736,
0.0,1.914916,0.879897,-0.000066,0.0,1.570796,0.0,0.657917,-0.051989,0.0,0.0,0.0,-0.504286,-0.029506,-0.001477,0.773297,0.013937,0.019663,-0.054752,0.025636,0.003833,0.280127,-0.170447,-0.024775,-0.049223,0.174482,0.0,-0.033961,-0.0,0.0,0.0,-0.210156,-0.174482,0.0,-0.029175,-0.0,0.0,0.0,0.0,0.0,-0.0,0.0,0.0,0.0,0.0,0.0,0.0,0.001953,-0.004944,0.0,0.000194,0.0,0.000065,0.0,-0.000065,0.0,-0.000194,0.0,-0.0,0.0,0.010524,
0.0,1.921591,0.879313,-0.000066,0.0,1.570796,-0.0,0.667515,-0.058412,0.0,0.0,0.0,-0.507483,-0.028981,-0.001184,0.744981,0.010153,0.02017,-0.049091,0.025618,0.003668,0.284264,-0.177892,-0.024798,-0.046921,0.174482,0.0,-0.032276,0.0,0.0,0.0,-0.217145,-0.174482,0.0,-0.03365,0.0,0.0,0.0,-0.0,0.0,-0.0,0.0,0.0,0.0,0.0,0.0,-0.0,0.001953,-0.004944,0.0,0.000194,0.0,0.000065,0.0,-0.000065,-0.0,-0.000194,0.0,0.0,0.0,0.011158,
0.0,1.928457,0.878601,-0.000066,0.0,1.570796,0.0,0.686543,-0.07119,0.0,0.0,0.0,-0.508126,-0.028395,-0.000708,0.713593,0.006564,0.020676,-0.043286,0.025563,0.003503,0.288613,-0.185709,-0.024822,-0.044302,0.174482,-0.0,-0.030408,0.0,0.0,0.0,-0.22295,-0.174482,0.0,-0.038265,0.0,0.0,0.0,-0.0,0.0,0.0,0.0,0.0,0.0,0.0,0.0,0.0,0.001953,-0.004944,0.0,0.000194,0.0,0.000065,0.0,-0.000065,0.0,-0.000194,-0.0,-0.0,0.0,0.011488,
0.0,1.935322,0.877889,-0.000066,0.0,1.570796,0.0,0.686559,-0.07119,0.0,0.0,0.0,-0.508769,-0.027809,-0.000231,0.682201,0.002975,0.021183,-0.03748,0.025508,0.003339,0.292962,-0.193526,-0.024845,-0.041683,0.174482,0.0,-0.02854,0.0,0.0,0.0,-0.228754,-0.174482,0.0,-0.042881,0.0,0.0,0.0,-0.0,0.0,0.0,0.0,0.0,0.0,0.0,0.0,0.0,0.001953,-0.004944,0.0,0.000194,0.0,0.000065,0.0,-0.000065,0.0,-0.000194,0.0,0.0,0.0,0.011817,
0.0,1.942188,0.877177,-0.000066,0.0,1.570796,0.0,0.686589,-0.071198,0.0,0.0,0.0,-0.50941,-0.027223,0.000245,0.650818,-0.000617,0.021689,-0.031672,0.025453,0.003174,0.29731,-0.201342,-0.024869,-0.039064,0.174482,0.0,-0.026672,0.0,0.0,0.0,-0.234558,-0.174482,0.0,-0.047497,0.0,-0.0,-0.0,-0.0,0.0,0.0,0.0,-0.0,0.0,0.0,0.0,0.0,0.001953,-0.004944,0.0,0.000194,0.0,0.000065,0.0,-0.000065,0.0,-0.000194,-0.0,0.0,0.0,0.012147,
0.0,1.949591,0.876316,-0.000066,0.0,1.570796,0.0,0.74024,-0.08611,0.0,0.0,0.0,-0.507235,-0.02671,0.000895,0.618099,-0.007539,0.022196,-0.024622,0.025453,0.003009,0.300366,-0.208746,-0.024892,-0.036738,0.174482,0.0,-0.025024,-0.0,0.0,0.0,-0.239114,-0.174482,0.0,-0.052662,0.0,0.0,0.0,0.0,0.0,-0.0,0.0,0.0,0.0,-0.0,0.0,-0.0,0.001953,-0.004944,0.0,0.000194,0.0,0.000065,0.0,-0.000065,0.0,-0.000194,0.0,0.0,0.0,0.012513,
0.0,1.956993,0.875455,-0.000066,0.0,1.570796,0.0,0.74027,-0.08611,0.0,0.0,0.0,-0.50506,-0.026197,0.001545,0.585367,-0.014461,0.022703,-0.017572,0.025453,0.002844,0.303422,-0.21615,-0.024916,-0.034412,0.174482,0.0,-0.023376,0.0,0.0,0.0,-0.243671,-0.174482,-0.0,-0.057828,0.0,0.0,0.0,0.0,0.0,-0.0,0.0,0.0,0.0,-0.0,0.0,-0.0,0.001953,-0.004944,0.0,0.000194,0.0,0.000065,0.0,-0.000065,0.0,-0.000194,0.0,0.0,0.0,0.012879,
0.0,1.964396,0.874594,-0.000066,0.0,1.570796,0.0,0.74024,-0.086102,0.0,0.0,0.0,-0.502885,-0.025685,0.002195,0.552642,-0.021383,0.023209,-0.010521,0.025453,0.002679,0.306478,-0.223553,-0.02494,-0.032086,0.174482,0.0,-0.021728,-0.0,0.0,0.0,-0.248227,-0.174482,0.0,-0.062994,0.0,0.0,0.0,0.0,0.0,-0.0,0.0,-0.0,0.0,-0.0,0.0,-0.0,0.001953,-0.004944,0.0,0.000194,0.0,0.000065,0.0,-0.000065,0.0,-0.000194,0.0,0.0,0.0,0.013246,
0.0,1.971988,0.873717,-0.000066,0.0,1.570796,-0.0,0.759207,-0.08768,0.0,0.0,0.0,-0.502856,-0.025331,0.002845,0.534242,-0.034141,0.023561,-0.003532,0.025453,0.002551,0.309858,-0.229744,-0.024963,-0.029821,0.174482,0.0,-0.020165,0.0,0.0,0.0,-0.251676,-0.174482,0.0,-0.067427,-0.0,0.0,-0.0,0.0,0.0,-0.0,0.0,0.0,0.0,0.0,0.0,0.0,0.001953,-0.004944,0.0,0.000194,0.0,0.000065,0.0,-0.000065,0.0,-0.000194,0.0,0.0,0.0,0.013441,
0.0,1.979674,0.872832,-0.000066,0.0,1.570796,0.0,0.768606,-0.08845,0.0,0.0,0.0,-0.503896,-0.025056,0.003495,0.522963,-0.049803,0.023836,0.003426,0.025453,0.002441,0.313399,-0.235331,-0.024987,-0.027587,0.174482,0.0,-0.018645,0.0,0.0,0.0,-0.254574,-0.174482,0.0,-0.071495,-0.0,-0.0,0.0,0.0,0.0,-0.0,0.0,0.0,0.0,0.0,0.0,0.0,0.001953,-0.004944,0.0,0.000194,-0.0,0.000065,0.0,-0.000065,0.0,-0.000194,0.0,0.0,0.0,0.01355,
-0.0,1.98736,0.871948,-0.000066,0.0,1.570796,-0.0,0.768591,-0.08845,0.0,0.0,0.0,-0.504936,-0.024781,0.004145,0.511684,-0.065465,0.024111,0.010385,0.025453,0.002331,0.31694,-0.240918,-0.02501,-0.025353,0.174482,0.0,-0.017125,-0.0,0.0,0.0,-0.257473,-0.174482,0.0,-0.075562,0.0,0.0,0.0,0.0,0.0,-0.0,0.0,-0.0,0.0,-0.0,0.0,0.0,0.001953,-0.004944,0.0,0.000194,-0.0,0.000065,0.0,-0.000065,0.0,-0.000194,0.0,-0.0,0.0,0.01366,
0.0,1.995162,0.871077,-0.000066,0.0,1.570796,0.0,0.780233,-0.087076,0.0,0.0,0.0,-0.506711,-0.024556,0.004731,0.505267,-0.080702,0.02433,0.018691,0.025453,0.002258,0.318106,-0.245525,-0.025026,-0.023076,0.174482,0.0,-0.015575,0.0,0.0,0.0,-0.259754,-0.174482,0.0,-0.078919,-0.0,0.0,0.0,0.0,0.0,0.0,0.0,-0.0,0.0,0.0,0.0,0.0,0.001953,-0.004944,0.0,0.000194,0.0,0.000065,0.0,-0.000065,0.0,-0.000194,0.0,0.0,0.0,0.013691,
0.0,2.003196,0.870234,-0.000066,0.0,1.570796,-0.0,0.80335,-0.084335,0.0,0.0,0.0,-0.509947,-0.024427,0.005189,0.508522,-0.095094,0.02444,0.029679,0.025453,0.002258,0.314546,-0.248182,-0.025026,-0.020714,0.174482,-0.0,-0.013963,-0.0,0.0,0.0,-0.260806,-0.174482,0.0,-0.080862,0.0,0.0,0.0,0.0,0.0,0.0,0.0,0.0,0.0,0.0,0.0,-0.0,0.001953,-0.004944,-0.0,0.000194,0.0,0.000065,0.0,-0.000065,0.0,-0.000194,0.0,0.0,0.0,0.013562,
0.0,2.01123,0.86939,-0.000066,0.0,1.570796,0.0,0.803396,-0.084343,0.0,0.0,0.0,-0.513184,-0.024299,0.005647,0.511777,-0.109488,0.02455,0.040669,0.025453,0.002258,0.310987,-0.250839,-0.025026,-0.018351,0.174482,-0.0,-0.012352,0.0,0.0,0.0,-0.261859,-0.174482,0.0,-0.082805,0.0,0.0,0.0,0.0,0.0,0.0,0.0,-0.0,0.0,-0.0,0.0,-0.0,0.001953,-0.004944,0.0,0.000194,0.0,0.000065,0.0,-0.000065,0.0,-0.000194,0.0,0.0,0.0,0.013434,
0.0,2.019264,0.868547,-0.000066,0.0,1.570796,-0.0,0.803442,-0.08432,0.0,0.0,0.0,-0.516411,-0.024171,0.006104,0.515025,-0.123872,0.02466,0.051666,0.025453,0.002259,0.307412,-0.253491,-0.025026,-0.015987,0.174482,0.0,-0.010739,0.0,0.0,0.0,-0.262908,-0.174482,0.0,-0.084743,0.0,0.0,0.0,0.0,0.0,-0.0,0.0,0.0,0.0,-0.0,0.0,-0.0,0.001953,-0.004944,-0.0,0.000194,-0.0,0.000065,0.0,-0.000065,0.0,-0.000194,0.0,0.0,0.0,0.013307,
0.0,2.027973,0.867805,-0.000066,0.0,1.570796,0.0,0.870961,-0.074222,0.0,0.0,0.0,-0.512664,-0.024098,0.006324,0.512981,-0.131875,0.02466,0.069442,0.025361,0.002442,0.291859,-0.251258,-0.025026,-0.011922,0.174482,0.0,-0.008029,0.0,0.0,0.0,-0.260747,-0.174482,0.0,-0.083222,0.0,0.0,0.0,0.0,0.0,-0.0,0.0,-0.0,0.0,-0.0,0.0,-0.0,0.001953,-0.004944,0.0,0.000194,0.0,0.000065,0.0,-0.000065,0.0,-0.000194,0.0,0.0,0.0,0.014168,
0.0,2.036683,0.867063,-0.000066,0.0,1.570796,0.0,0.870976,-0.074214,0.0,0.0,0.0,-0.508917,-0.024025,0.006543,0.510936,-0.139878,0.02466,0.087221,0.02527,0.002625,0.276304,-0.249025,-0.025026,-0.007856,0.174482,0.0,-0.005319,0.0,0.0,0.0,-0.258587,-0.174482,0.0,-0.081701,0.0,0.0,0.0,-0.0,0.0,0.0,0.0,-0.0,0.0,0.0,0.0,-0.0,0.001953,-0.004944,0.0,0.000194,0.0,0.000065,0.0,-0.000065,0.0,-0.000194,0.0,-0.0,0.0,0.015029,
0.0,2.045393,0.866321,-0.000066,0.0,1.570796,0.0,0.871022,-0.074222,0.0,0.0,0.0,-0.50517,-0.023951,0.006763,0.508892,-0.147881,0.02466,0.104999,0.025178,0.002808,0.260749,-0.246791,-0.025026,-0.003791,0.174482,0.0,-0.002609,-0.0,0.0,0.0,-0.256426,-0.174482,0.0,-0.080179,0.0,0.0,0.0,0.0,0.0,-0.0,0.0,-0.0,0.0,-0.0,0.0,0.0,0.001953,-0.004944,0.0,0.000194,0.0,0.000065,0.0,-0.000065,0.0,-0.000194,0.0,0.0,0.0,0.015889,
0.0,2.054548,0.865804,-0.000066,0.0,1.570796,0.0,0.915424,-0.051651,0.0,0.0,0.0,-0.498215,-0.023927,0.006836,0.505436,-0.150832,0.02466,0.123003,0.025148,0.003138,0.245058,-0.240324,-0.025026,0.00162,0.174482,-0.0,-0.001709,-0.0,0.0,0.0,-0.253145,-0.174482,0.0,-0.077802,0.0,-0.0,0.0,0.0,0.0,-0.0,0.0,0.0,0.0,0.0,0.0,-0.0,0.001953,-0.004944,0.0,0.000194,0.0,0.000065,0.0,-0.000065,-0.0,-0.000194,0.0,0.0,0.0,0.017019,
-0.0,2.063923,0.8654,-0.000066,0.0,1.570796,-0.0,0.937503,-0.040435,0.0,0.0,0.0,-0.489665,-0.023927,0.006836,0.501277,-0.151272,0.02466,0.141123,0.025148,0.003541,0.229297,-0.231751,-0.025026,0.007699,0.174482,-0.0,-0.001709,0.0,0.0,0.0,-0.249306,-0.174482,-0.0,-0.074998,0.0,0.0,0.0,-0.0,0.0,-0.0,0.0,-0.0,0.0,0.0,0.0,-0.0,0.001953,-0.004944,0.0,0.000194,0.0,0.000065,0.0,-0.000065,0.0,-0.000194,0.0,0.0,0.0,0.018283,
0.0,2.073298,0.864995,-0.000066,0.0,1.570796,0.0,0.937548,-0.040442,0.0,0.0,0.0,-0.481114,-0.023927,0.006836,0.497119,-0.151713,0.02466,0.159244,0.025148,0.003944,0.213536,-0.223178,-0.025026,0.013779,0.174482,0.0,-0.001709,0.0,0.0,0.0,-0.245467,-0.174482,0.0,-0.072194,0.0,0.0,0.0,-0.0,0.0,0.0,0.0,0.0,0.0,0.0,0.0,0.0,0.001953,-0.004944,0.0,0.000194,0.0,0.000065,0.0,-0.000065,0.0,-0.000194,0.0,0.0,0.0,0.019546,
0.0,2.082913,0.864737,-0.000066,0.0,1.570796,-0.0,0.961519,-0.025808,0.0,0.0,0.0,-0.47061,-0.023927,0.00675,0.490461,-0.150157,0.02466,0.177937,0.025148,0.004494,0.196704,-0.212083,-0.025026,0.019975,0.174482,0.0,-0.001709,0.0,0.0,0.0,-0.241272,-0.174482,0.0,-0.069244,0.0,0.0,0.0,0.0,0.0,0.0,0.0,-0.0,0.0,0.0,0.0,0.0,0.001953,-0.004944,0.0,0.000194,0.0,0.000065,0.0,-0.000065,0.0,-0.000194,0.0,0.0,0.0,0.020785,
0.0,2.093008,0.86477,-0.000066,0.0,1.570796,0.0,1.009445,0.003271,0.0,0.0,0.0,-0.456217,-0.023927,0.006494,0.478836,-0.144631,0.02466,0.197783,0.025148,0.005336,0.177736,-0.195967,-0.025026,0.026403,0.174482,-0.0,-0.001709,0.0,0.0,0.0,-0.236367,-0.174482,0.0,-0.066001,0.0,0.0,0.0,-0.0,0.0,-0.0,0.0,-0.0,0.0,-0.0,0.0,0.0,0.001953,-0.004944,0.0,0.000194,0.0,0.000065,0.0,-0.000065,-0.0,-0.000194,0.0,-0.0,0.0,0.021976,
0.0,2.103102,0.864803,-0.000066,0.0,1.570796,0.0,1.009399,0.003271,0.0,0.0,0.0,-0.441824,-0.023927,0.006238,0.467211,-0.139105,0.02466,0.217628,0.025148,0.006178,0.158766,-0.179852,-0.025026,0.032831,0.174482,-0.0,-0.001709,0.0,0.0,0.0,-0.231463,-0.174482,0.0,-0.062758,-0.0,0.0,-0.0,0.0,0.0,0.0,0.0,0.0,0.0,0.0,0.0,0.0,0.001953,-0.004944,0.0,0.000194,0.0,0.000065,0.0,-0.000065,0.0,-0.000194,0.0,0.0,0.0,0.023166,
0.0,2.113195,0.864836,-0.000066,0.0,1.570796,0.0,1.009353,0.003294,0.0,0.0,0.0,-0.427436,-0.023927,0.005981,0.455592,-0.13357,0.02466,0.237455,0.025148,0.00702,0.139828,-0.16374,-0.025026,0.039255,0.174482,0.0,-0.001709,0.0,0.0,0.0,-0.226555,-0.174482,0.0,-0.059514,0.0,0.0,0.0,-0.0,0.0,-0.0,0.0,-0.0,0.0,-0.0,0.0,-0.0,0.001953,-0.004944,0.0,0.000194,0.0,0.000065,0.0,-0.000065,0.0,-0.000194,0.0,0.0,0.0,0.024352,
0.0,2.122696,0.865056,-0.000066,0.0,1.570796,0.0,0.950026,0.022081,0.0,0.0,0.0,-0.415581,-0.024037,0.005578,0.447409,-0.12229,0.024627,0.246241,0.025148,0.007698,0.139828,-0.148963,-0.025026,0.042735,0.174482,0.0,-0.001709,0.0,0.0,0.0,-0.219796,-0.174482,0.0,-0.055447,0.0,0.0,0.0,-0.0,0.0,0.0,0.0,0.0,0.0,0.0,0.0,0.0,0.001953,-0.004944,0.0,0.000194,0.0,0.000065,-0.0,-0.000065,0.0,-0.000194,0.0,0.0,0.0,0.022832,
0.0,2.132196,0.865277,-0.000066,0.0,1.570796,0.0,0.950026,0.022074,0.0,0.0,0.0,-0.403726,-0.024147,0.005175,0.439226,-0.11101,0.024595,0.255027,0.025148,0.008375,0.139828,-0.134186,-0.025026,0.046215,0.174482,0.0,-0.001709,0.0,0.0,0.0,-0.213036,-0.174482,0.0,-0.051381,-0.0,-0.0,-0.0,-0.0,0.0,0.0,0.0,0.0,0.0,-0.0,0.0,0.0,0.001953,-0.004944,0.0,0.000194,0.0,0.000065,0.0,-0.000065,0.0,-0.000194,0.0,0.0,0.0,0.021312,
0.0,2.141696,0.865498,-0.000066,0.0,1.570796,0.0,0.950026,0.022074,0.0,0.0,0.0,-0.391871,-0.024257,0.004772,0.431043,-0.099729,0.024563,0.263813,0.025148,0.009053,0.139828,-0.119409,-0.025026,0.049695,0.174482,-0.0,-0.001709,0.0,0.0,0.0,-0.206277,-0.174482,-0.0,-0.047314,-0.0,0.0,0.0,0.0,0.0,-0.0,0.0,-0.0,0.0,-0.0,0.0,-0.0,0.001953,-0.004944,0.0,0.000194,0.0,0.000065,0.0,-0.000065,0.0,-0.000194,0.0,0.0,0.0,0.019792,
0.0,2.150837,0.865859,-0.000066,0.0,1.570796,-0.0,0.91409,0.036148,0.0,0.0,0.0,-0.381799,-0.02433,0.004443,0.427365,-0.092166,0.024531,0.263335,0.025331,0.009314,0.158124,-0.106532,-0.024867,0.050898,0.174482,0.0,-0.001709,0.0,0.0,0.0,-0.199047,-0.174482,0.0,-0.043505,0.0,0.0,0.0,0.0,0.0,0.0,0.0,0.0,0.0,0.0,0.0,0.0,0.001953,-0.004944,-0.0,0.000194,-0.0,0.000065,0.0,-0.000065,0.0,-0.000194,-0.0,0.0,0.0,0.01793,
0.0,2.1598,0.866291,-0.000066,0.0,1.570796,0.0,0.896298,0.043135,0.0,0.0,0.0,-0.372612,-0.024385,0.00415,0.425922,-0.086447,0.024499,0.258257,0.025606,0.009369,0.185514,-0.094597,-0.024629,0.050972,0.174482,0.0,-0.001709,-0.0,0.0,0.0,-0.191582,-0.174482,0.0,-0.039823,0.0,0.0,0.0,0.0,0.0,-0.0,0.0,-0.0,0.0,-0.0,0.0,0.0,0.001953,-0.004944,0.0,0.000194,0.0,0.000065,-0.0,-0.000065,0.0,-0.000194,-0.0,0.0,0.0,0.015897,
0.0,2.168763,0.866722,-0.000066,0.0,1.570796,0.0,0.896253,0.043127,0.0,0.0,0.0,-0.363426,-0.02444,0.003857,0.424479,-0.080729,0.024467,0.253179,0.025881,0.009424,0.212903,-0.082663,-0.024391,0.051045,0.174482,-0.0,-0.001709,0.0,0.0,0.0,-0.184117,-0.174482,0.0,-0.036142,0.0,0.0,0.0,-0.0,0.0,-0.0,0.0,-0.0,0.0,-0.0,0.0,0.0,0.001953,-0.004944,0.0,0.000194,0.0,0.000065,0.0,-0.000065,0.0,-0.000194,0.0,-0.0,0.0,0.013864,
0.0,2.177586,0.867223,-0.000066,0.0,1.570796,-0.0,0.882367,0.050123,0.0,0.0,0.0,-0.354036,-0.024476,0.003619,0.422924,-0.076643,0.024435,0.240364,0.026327,0.009608,0.253011,-0.073358,-0.024048,0.049873,0.174482,-0.0,-0.001709,0.0,0.0,0.0,-0.176652,-0.174482,-0.0,-0.03286,0.0,-0.0,0.0,0.0,0.0,0.0,0.0,0.0,0.0,0.0,0.0,0.0,0.001953,-0.004944,0.0,0.000194,0.0,0.000065,0.0,-0.000065,0.0,-0.000194,0.0,0.0,0.0,0.012034,
0.0,2.186135,0.867863,-0.000066,0.0,1.570796,0.0,0.854839,0.063983,0.0,0.0,0.0,-0.344244,-0.024476,0.003491,0.421145,-0.0758,0.024403,0.212181,0.027115,0.010047,0.318491,-0.069272,-0.023499,0.046228,0.174482,0.0,-0.001709,0.0,0.0,0.0,-0.169187,-0.174482,0.0,-0.030369,0.0,0.0,0.0,-0.0,0.0,-0.0,0.0,-0.0,0.0,0.0,0.0,0.0,0.001953,-0.004944,0.0,0.000194,0.0,0.000065,0.0,-0.000065,0.0,-0.000194,0.0,0.0,0.0,0.010606,
0.0,2.194684,0.868503,-0.000066,0.0,1.570796,0.0,0.854885,0.063991,0.0,0.0,0.0,-0.334451,-0.024476,0.003363,0.419367,-0.074957,0.024371,0.183993,0.027902,0.010487,0.384021,-0.065186,-0.022949,0.042583,0.174482,-0.0,-0.001709,-0.0,0.0,0.0,-0.161723,-0.174482,0.0,-0.027878,0.0,0.0,0.0,0.0,0.0,0.0,0.0,-0.0,0.0,-0.0,0.0,0.0,0.001953,-0.004944,0.0,0.000194,-0.0,0.000065,-0.0,-0.000065,0.0,-0.000194,0.0,0.0,0.0,0.009178,
0.0,2.203231,0.869143,-0.000066,0.0,1.570796,0.0,0.854747,0.064006,0.0,0.0,0.0,-0.324656,-0.024476,0.003235,0.417583,-0.074123,0.024339,0.155803,0.028691,0.010928,0.449455,-0.061075,-0.022398,0.038933,0.174482,-0.0,-0.001709,0.0,0.0,0.0,-0.154264,-0.174482,-0.0,-0.025388,-0.0,0.0,0.0,-0.0,0.0,-0.0,0.0,-0.0,0.0,-0.0,0.0,-0.0,0.001953,-0.004944,0.0,0.000194,0.0,0.000065,0.0,-0.000065,-0.0,-0.000194,0.0,0.0,0.0,0.007754,
0.0,2.2113,0.869902,-0.000066,0.0,1.570796,0.0,0.806925,0.075905,0.0,0.0,0.0,-0.313207,-0.024476,0.003235,0.412776,-0.078008,0.024307,0.120842,0.030321,0.012411,0.515368,-0.042451,-0.020732,0.03245,0.174482,-0.0,-0.001709,0.0,0.0,0.0,-0.149949,-0.174482,0.0,-0.023081,0.0,0.0,0.0,-0.0,0.0,-0.0,0.0,-0.0,0.0,0.0,0.0,0.0,0.001953,-0.004944,0.0,0.000194,0.0,0.000065,0.0,-0.000065,0.0,-0.000194,0.0,-0.0,0.0,0.008944,
0.0,2.21937,0.870661,-0.000066,0.0,1.570796,0.0,0.806956,0.075913,0.0,0.0,0.0,-0.301756,-0.024476,0.003235,0.40797,-0.081893,0.024275,0.085865,0.031951,0.013895,0.581381,-0.023823,-0.019065,0.025967,0.174482,0.0,-0.001709,0.0,0.0,0.0,-0.145634,-0.174482,-0.0,-0.020773,0.0,0.0,0.0,-0.0,0.0,0.0,0.0,-0.0,0.0,-0.0,0.0,0.0,0.001953,-0.004944,0.0,0.000194,0.0,0.000065,0.0,-0.000065,0.0,-0.000194,0.0,0.0,0.0,0.010134,
0.0,2.227439,0.87142,-0.000066,0.0,1.570796,0.0,0.80691,0.075905,0.0,0.0,0.0,-0.290306,-0.024476,0.003235,0.403163,-0.085778,0.024243,0.050898,0.033581,0.015378,0.647342,-0.005197,-0.017399,0.019484,0.174482,0.0,-0.001709,0.0,0.0,0.0,-0.141319,-0.174482,0.0,-0.018466,0.0,-0.0,0.0,0.0,0.0,-0.0,0.0,-0.0,0.0,-0.0,0.0,-0.0,0.001953,-0.004944,0.0,0.000194,0.0,0.000065,0.0,-0.000065,0.0,-0.000194,0.0,-0.0,0.0,0.011325,
0.0,2.23513,0.872193,-0.000066,0.0,1.570796,0.0,0.769099,0.077222,0.0,0.0,0.0,-0.278495,-0.024476,0.003333,0.396592,-0.090657,0.024242,0.018001,0.035566,0.01718,0.701673,0.025234,-0.014594,0.012426,0.174482,-0.0,-0.00215,0.0,0.0,0.0,-0.137815,-0.174482,-0.0,-0.015779,0.0,0.0,0.0,-0.0,0.0,0.0,0.0,-0.0,0.0,0.0,0.0,0.0,0.001953,-0.004944,0.0,0.000194,0.0,0.000065,0.0,-0.000065,0.0,-0.000194,0.0,-0.0,0.0,0.012086,
0.0,2.242633,0.872971,-0.000066,0.0,1.570796,0.0,0.750315,0.077885,0.0,0.0,0.0,-0.266504,-0.024476,0.003479,0.389145,-0.096028,0.024257,-0.013888,0.037727,0.019139,0.750332,0.061538,-0.011225,0.005083,0.174482,-0.0,-0.002809,0.0,0.0,0.0,-0.134714,-0.174482,0.0,-0.012904,0.0,0.0,0.0,-0.0,0.0,0.0,0.0,0.0,0.0,0.0,0.0,0.0,0.001953,-0.004944,0.0,0.000194,0.0,0.000065,0.0,-0.000065,0.0,-0.000194,0.0,-0.0,0.0,0.012636,
0.0,2.250137,0.87375,-0.000066,0.0,1.570796,0.0,0.750361,0.077885,0.0,0.0,0.0,-0.254513,-0.024476,0.003626,0.381698,-0.1014,0.024271,-0.045779,0.039888,0.021099,0.798994,0.097844,-0.007855,-0.00226,0.174482,-0.0,-0.003468,0.0,0.0,0.0,-0.131612,-0.174482,0.0,-0.010029,0.0,0.0,0.0,0.0,0.0,-0.0,0.0,-0.0,0.0,0.0,0.0,-0.0,0.001953,-0.004944,0.0,0.000194,0.0,0.000065,-0.0,-0.000065,0.0,-0.000194,0.0,0.0,0.0,0.013185,
0.0,2.257489,0.874521,-0.000066,0.0,1.570796,0.0,0.735239,0.077098,0.0,0.0,0.0,-0.242489,-0.024446,0.003754,0.373821,-0.106489,0.024286,-0.07637,0.041841,0.022677,0.842035,0.128899,-0.004768,-0.009517,0.174482,0.0,-0.00522,0.0,0.0,0.0,-0.128351,-0.174482,0.0,-0.008118,0.0,0.0,0.0,-0.0,0.0,0.0,0.0,0.0,0.0,0.0,0.0,-0.0,0.001953,-0.004944,0.0,0.000194,0.0,0.000065,0.0,-0.000065,0.0,-0.000194,0.0,0.0,0.0,0.013047,
0.0,2.264542,0.875277,-0.000066,0.0,1.570796,0.0,0.705317,0.075555,0.0,0.0,0.0,-0.2304,-0.024354,0.003846,0.36509,-0.11102,0.024301,-0.104416,0.043379,0.023501,0.874032,0.149582,-0.002241,-0.016604,0.174482,0.0,-0.009139,0.0,0.0,0.0,-0.124773,-0.174482,0.0,-0.008118,0.0,0.0,0.0,0.0,0.0,0.0,0.0,-0.0,0.0,-0.0,0.0,-0.0,0.001953,-0.004944,0.0,0.000194,0.0,0.000065,0.0,-0.000065,0.0,-0.000194,0.0,0.0,0.0,0.011545,
0.0,2.271595,0.876032,-0.000066,0.0,1.570796,-0.0,0.705302,0.075547,0.0,0.0,0.0,-0.218309,-0.024263,0.003937,0.356359,-0.11555,0.024315,-0.132467,0.044918,0.024325,0.906035,0.170267,0.000286,-0.023691,0.174482,0.0,-0.013057,0.0,0.0,0.0,-0.121196,-0.174482,-0.0,-0.008118,0.0,0.0,0.0,-0.0,0.0,-0.0,0.0,-0.0,0.0,-0.0,0.0,-0.0,0.001953,-0.004944,0.0,0.000194,0.0,0.000065,0.0,-0.000065,0.0,-0.000194,0.0,0.0,0.0,0.010044,
0.0,2.278648,0.876788,-0.000066,0.0,1.570796,0.0,0.705271,0.075562,0.0,0.0,0.0,-0.206218,-0.024171,0.004028,0.347622,-0.120074,0.02433,-0.160502,0.046454,0.025147,0.937999,0.190888,0.002807,-0.030779,0.174482,0.0,-0.016978,-0.0,0.0,0.0,-0.117612,-0.174482,-0.0,-0.008118,0.0,0.0,0.0,0.0,0.0,0.0,0.0,-0.0,0.0,0.0,0.0,-0.0,0.001953,-0.004944,0.0,0.000194,0.0,0.000065,0.0,-0.000065,0.0,-0.000194,0.0,0.0,0.0,0.008541,
0.0,2.285446,0.877566,-0.000066,0.0,1.570796,0.0,0.67982,0.077766,0.0,0.0,0.0,-0.193014,-0.024171,0.004028,0.336114,-0.121578,0.024345,-0.184815,0.046802,0.024671,0.955289,0.180576,0.002606,-0.038729,0.174482,0.0,-0.021758,-0.0,0.0,0.0,-0.110937,-0.174482,0.0,-0.008118,0.0,0.0,0.0,0.0,0.0,-0.0,0.0,-0.0,0.0,-0.0,0.0,-0.0,0.001953,-0.004944,0.0,0.000194,0.0,0.000065,0.0,-0.000065,0.0,-0.000194,0.0,-0.0,0.0,0.006343,
0.0,2.292244,0.878343,-0.000066,0.0,1.570796,0.0,0.679789,0.077766,0.0,0.0,0.0,-0.179809,-0.024171,0.004028,0.324606,-0.123083,0.024359,-0.209132,0.04715,0.024195,0.97258,0.170265,0.002404,-0.046678,0.174482,0.0,-0.026537,0.0,0.0,0.0,-0.104262,-0.174482,0.0,-0.008118,0.0,0.0,0.0,-0.0,0.0,-0.0,0.0,0.0,0.0,0.0,0.0,0.0,0.001953,-0.004944,0.0,0.000194,0.0,0.000065,0.0,-0.000065,0.0,-0.000194,0.0,0.0,0.0,0.004146,
0.0,2.299042,0.879121,-0.000066,0.0,1.570796,0.0,0.679789,0.077766,0.0,0.0,0.0,-0.166605,-0.024171,0.004028,0.313098,-0.124587,0.024374,-0.233446,0.047498,0.023719,0.98987,0.159953,0.002203,-0.054627,0.174482,0.0,-0.031317,0.0,0.0,0.0,-0.097587,-0.174482,0.0,-0.008118,0.0,0.0,0.0,0.0,0.0,0.0,0.0,0.0,0.0,0.0,0.0,0.0,0.001953,-0.004944,0.0,0.000194,0.0,0.000065,0.0,-0.000065,0.0,-0.000194,0.0,0.0,0.0,0.001949,
-0.0,2.305666,0.879766,-0.000066,0.0,1.570796,-0.0,0.662395,0.064505,0.0,0.0,0.0,-0.152523,-0.024171,0.003943,0.299612,-0.124509,0.024389,-0.25527,0.047564,0.023218,1.000197,0.150105,0.001708,-0.063693,0.174482,-0.0,-0.036954,0.0,0.0,0.0,-0.09105,-0.174482,0.0,-0.008118,0.0,0.0,0.0,0.0,0.0,-0.0,0.0,-0.0,0.0,-0.0,0.0,-0.0,0.001953,-0.004944,0.0,0.000194,0.0,0.000065,0.0,-0.000065,0.0,-0.000194,0.0,-0.0,0.0,-0.000163,
0.0,2.312204,0.880345,-0.000066,0.0,1.570796,0.0,0.653774,0.057928,0.0,0.0,0.0,-0.138003,-0.024171,0.003815,0.285145,-0.123646,0.024403,-0.275867,0.047491,0.022705,1.007075,0.140486,0.001067,-0.073313,0.174482,0.0,-0.043017,0.0,0.0,0.0,-0.08458,-0.174482,0.0,-0.008118,0.0,0.0,0.0,-0.0,0.0,0.0,0.0,-0.0,0.0,0.0,0.0,-0.0,0.001953,-0.004944,0.0,0.000194,0.0,0.000065,0.0,-0.000065,0.0,-0.000194,0.0,0.0,0.0,-0.002232,
0.0,2.318742,0.880925,-0.000066,0.0,1.570796,0.0,0.65382,0.057943,0.0,0.0,0.0,-0.123483,-0.024171,0.003686,0.270677,-0.122784,0.024418,-0.296464,0.047418,0.022192,1.013953,0.130866,0.000426,-0.082934,0.174482,0.0,-0.04908,0.0,0.0,0.0,-0.07811,-0.174482,0.0,-0.008118,0.0,0.0,0.0,0.0,0.0,-0.0,0.0,-0.0,0.0,0.0,0.0,-0.0,0.001953,-0.004944,0.0,0.000194,0.0,0.000065,0.0,-0.000065,0.0,-0.000194,0.0,0.0,0.0,-0.004301,
0.0,2.325249,0.881399,-0.000066,0.0,1.570796,0.0,0.650754,0.04746,0.0,0.0,0.0,-0.108787,-0.024171,0.003558,0.255868,-0.121848,0.024433,-0.31602,0.047074,0.021422,1.018173,0.120771,-0.000436,-0.09319,0.174482,0.0,-0.055505,0.0,0.0,0.0,-0.071942,-0.174482,0.0,-0.008118,0.0,0.0,0.0,-0.0,0.0,0.0,0.0,-0.0,0.0,0.0,0.0,0.0,0.001953,-0.004944,0.0,0.000194,0.0,0.000065,0.0,-0.000065,0.0,-0.000194,0.0,-0.0,0.0,-0.006168,
0.0,2.331697,0.881666,-0.000066,0.0,1.570796,0.0,0.644804,0.02673,0.0,0.0,0.0,-0.093737,-0.024171,0.00343,0.240379,-0.120766,0.024447,-0.333522,0.046195,0.02014,1.017125,0.109731,-0.001736,-0.104707,0.174482,-0.0,-0.062651,0.0,0.0,0.0,-0.066372,-0.174482,0.0,-0.008118,-0.0,0.0,0.0,0.0,0.0,-0.0,-0.0,-0.0,-0.0,0.0,0.0,0.0,0.001953,-0.004944,0.0,0.000194,0.0,0.000065,0.0,-0.000065,0.0,-0.000194,0.0,-0.0,0.0,-0.007633,
0.0,2.338145,0.881934,-0.000066,0.0,1.570796,0.0,0.644773,0.02673,0.0,0.0,0.0,-0.078688,-0.024171,0.003302,0.224889,-0.119683,0.024462,-0.351024,0.045316,0.018858,1.016077,0.098692,-0.003036,-0.116224,0.174482,0.0,-0.069796,0.0,0.0,0.0,-0.060803,-0.174482,0.0,-0.008118,0.0,0.0,0.0,0.0,0.0,-0.0,-0.0,-0.0,0.0,-0.0,0.0,0.0,0.001953,-0.004944,0.0,0.000194,0.0,0.000065,0.0,-0.000065,0.0,-0.000194,0.0,0.0,0.0,-0.009098,
-0.0,2.344593,0.8822,-0.000066,0.0,1.570796,-0.0,0.644819,0.026646,0.0,0.0,0.0,-0.063639,-0.024171,0.003174,0.209401,-0.118604,0.024476,-0.368518,0.044436,0.017576,1.015013,0.087652,-0.004337,-0.127738,0.174482,-0.0,-0.076939,-0.0,0.0,0.0,-0.055232,-0.174482,0.0,-0.008118,0.0,0.0,0.0,0.0,0.0,-0.0,0.0,0.0,0.0,0.0,-0.0,0.0,0.001953,-0.004944,0.0,0.000194,0.0,0.000065,0.0,-0.000065,0.0,-0.000194,0.0,0.0,0.0,-0.01056,
0.0,2.351287,0.882082,-0.000066,0.0,1.570796,0.0,0.669388,-0.011842,0.0,0.0,0.0,-0.048438,-0.024171,0.003045,0.194359,-0.118971,0.024385,-0.383118,0.043227,0.016111,1.007101,0.076164,-0.005894,-0.138277,0.174482,0.0,-0.083134,0.0,0.0,0.0,-0.048986,-0.174482,0.0,-0.008118,0.0,0.0,0.0,-0.0,0.0,0.0,0.0,-0.0,0.0,0.0,0.0,-0.0,0.001953,-0.004944,0.0,0.000194,0.0,0.000065,0.0,-0.000065,0.0,-0.000194,0.0,0.0,0.0,-0.01078,
0.0,2.357981,0.881963,-0.000066,0.0,1.570796,-0.0,0.669404,-0.011842,0.0,0.0,0.0,-0.033236,-0.024171,0.002917,0.179315,-0.119338,0.024293,-0.39772,0.042018,0.014646,0.999189,0.064676,-0.00745,-0.148816,0.174482,0.0,-0.089329,-0.0,0.0,0.0,-0.04274,-0.174482,0.0,-0.008118,0.0,0.0,0.0,0.0,0.0,0.0,0.0,0.0,0.0,0.0,0.0,-0.0,0.001953,-0.004944,0.0,0.000194,0.0,0.000065,0.0,-0.000065,0.0,-0.000194,0.0,0.0,0.0,-0.010999,
0.0,2.364676,0.881845,-0.000066,0.0,1.570796,0.0,0.669434,-0.011835,0.0,0.0,0.0,-0.018033,-0.024171,0.002789,0.164272,-0.119705,0.024202,-0.412321,0.040809,0.013181,0.991277,0.053187,-0.009007,-0.159355,0.174482,0.0,-0.095525,-0.0,0.0,0.0,-0.036494,-0.174482,0.0,-0.008118,0.0,0.0,0.0,0.0,0.0,-0.0,0.0,-0.0,-0.0,-0.0,0.0,0.0,0.001953,-0.004944,0.0,0.000194,0.0,0.000065,0.0,-0.000065,0.0,-0.000194,0.0,0.0,0.0,-0.011219,
0.0,2.371472,0.881534,-0.000066,0.0,1.570796,0.0,0.679674,-0.031144,0.0,0.0,0.0,-0.010527,-0.024171,0.002857,0.164419,-0.124909,0.024159,-0.426795,0.039797,0.012034,0.981704,0.044606,-0.01022,-0.168869,0.174482,0.0,-0.101133,-0.0,0.0,-0.0,-0.030592,-0.174482,0.0,-0.008118,0.0,0.0,0.0,0.0,0.0,0.0,0.0,0.0,0.0,0.0,0.0,0.0,0.001953,-0.004944,0.0,0.000194,0.0,0.000065,0.0,-0.000065,0.0,-0.000194,0.0,0.0,0.0,-0.010924,
0.0,2.37832,0.881127,-0.000066,0.0,1.570796,0.0,0.684771,-0.040696,0.0,0.0,0.0,-0.006828,-0.024171,0.003022,0.172083,-0.132506,0.024141,-0.441208,0.038881,0.011045,0.97131,0.037463,-0.011264,-0.177878,0.174482,-0.0,-0.106451,0.0,0.0,0.0,-0.02486,-0.174482,0.0,-0.008118,0.0,0.0,0.0,0.0,0.0,-0.0,0.0,-0.0,0.0,-0.0,-0.0,-0.0,0.001953,-0.004944,0.0,0.000194,0.0,0.000065,0.0,-0.000065,0.0,-0.000194,0.0,0.0,0.0,-0.010375,
0.0,2.385168,0.88072,-0.000066,0.0,1.570796,0.0,0.684771,-0.040688,0.0,0.0,0.0,-0.003129,-0.024171,0.003187,0.179747,-0.140104,0.024122,-0.455621,0.037965,0.010057,0.960915,0.03032,-0.012308,-0.186886,0.174482,0.0,-0.111769,0.0,0.0,0.0,-0.019128,-0.174482,0.0,-0.008118,0.0,0.0,0.0,-0.0,0.0,-0.0,-0.0,0.0,0.0,0.0,0.0,-0.0,0.001953,-0.004944,0.0,0.000194,0.0,0.000065,0.0,-0.000065,0.0,-0.000194,0.0,0.0,0.0,-0.009826,
0.0,2.392098,0.880233,-0.000066,0.0,1.570796,-0.0,0.693057,-0.048652,0.0,0.0,0.0,0.001191,-0.024153,0.003351,0.186383,-0.147605,0.024104,-0.46843,0.03708,0.00916,0.948397,0.02292,-0.013299,-0.195299,0.174482,-0.0,-0.116903,-0.0,0.0,0.0,-0.013722,-0.174482,-0.0,-0.008118,0.0,0.0,0.0,0.0,0.0,0.0,0.0,-0.0,0.0,-0.0,0.0,0.0,0.001953,-0.004944,0.0,0.000194,0.0,0.000065,0.0,-0.000065,0.0,-0.000194,0.0,-0.0,0.0,-0.009172,
0.0,2.399192,0.879589,-0.000066,0.0,1.570796,0.0,0.709339,-0.064383,0.0,0.0,0.0,0.00674,-0.024098,0.003516,0.190982,-0.154916,0.024086,-0.478065,0.036256,0.008446,0.931675,0.015009,-0.014187,-0.202533,0.174482,-0.0,-0.121673,-0.0,0.0,0.0,-0.008961,-0.174482,-0.0,-0.008118,0.0,0.0,0.0,0.0,0.0,0.0,0.0,0.0,0.0,0.0,0.0,0.0,0.001953,-0.004944,0.0,0.000194,0.0,0.000065,0.0,-0.000065,0.0,-0.000194,0.0,0.0,0.0,-0.008311,
0.0,2.406285,0.878946,-0.000066,0.0,1.570796,0.0,0.70937,-0.064383,0.0,0.0,0.0,0.012288,-0.024043,0.003681,0.195581,-0.162227,0.024067,-0.4877,0.035432,0.007732,0.914951,0.007098,-0.015075,-0.209768,0.174482,0.0,-0.126443,0.0,0.0,0.0,-0.0042,-0.174482,0.0,-0.008118,-0.0,0.0,0.0,0.0,0.0,0.0,0.0,-0.0,0.0,0.0,0.0,0.0,0.001953,-0.004944,0.0,0.000194,0.0,0.000065,0.0,-0.000065,0.0,-0.000194,0.0,0.0,0.0,-0.007451,
0.0,2.413379,0.878302,-0.000066,0.0,1.570796,0.0,0.709324,-0.064406,0.0,0.0,0.0,0.01784,-0.023988,0.003846,0.200173,-0.169536,0.024049,-0.497319,0.034608,0.007018,0.898209,-0.000815,-0.015963,-0.216998,0.174482,0.0,-0.131211,0.0,0.0,0.0,0.000559,-0.174482,0.0,-0.008118,0.0,0.0,0.0,0.0,0.0,-0.0,0.0,0.0,0.0,0.0,0.0,0.0,0.001953,-0.004944,0.0,0.000194,0.0,0.000065,0.0,-0.000065,0.0,-0.000194,0.0,-0.0,0.0,-0.006593,
-0.0,2.42062,0.87755,-0.000066,0.0,1.570796,-0.0,0.724141,-0.075163,0.0,0.0,0.0,0.025019,-0.023988,0.004011,0.201848,-0.176228,0.024031,-0.500609,0.03382,0.006505,0.872311,-0.009824,-0.016852,-0.222601,0.174482,0.0,-0.135323,-0.0,0.0,0.0,0.004441,-0.174482,-0.0,-0.008118,0.0,0.0,0.0,0.0,0.0,0.0,0.0,-0.0,0.0,-0.0,0.0,-0.0,0.001953,-0.004944,0.0,0.000194,0.0,0.000065,0.0,-0.000065,0.0,-0.000194,0.0,0.0,0.0,-0.006977,
0.0,2.427862,0.876798,-0.000066,0.0,1.570796,0.0,0.724172,-0.075163,0.0,0.0,0.0,0.032198,-0.023988,0.004175,0.203523,-0.182921,0.024012,-0.503899,0.033033,0.005993,0.846406,-0.018835,-0.01774,-0.228203,0.174482,0.0,-0.139435,0.0,0.0,0.0,0.008323,-0.174482,0.0,-0.008118,0.0,0.0,0.0,0.0,0.0,-0.0,0.0,-0.0,0.0,-0.0,0.0,0.0,0.001953,-0.004944,0.0,0.000194,0.0,0.000065,0.0,-0.000065,0.0,-0.000194,0.0,0.0,0.0,-0.007362,
0.0,2.435103,0.876047,-0.000066,0.0,1.570796,0.0,0.724141,-0.075163,0.0,0.0,0.0,0.039377,-0.023988,0.00434,0.205198,-0.189614,0.023994,-0.507188,0.032245,0.00548,0.820506,-0.027844,-0.018628,-0.233806,0.174482,-0.0,-0.143546,0.0,0.0,0.0,0.012205,-0.174482,0.0,-0.008118,0.0,0.0,0.0,0.0,0.0,-0.0,0.0,0.0,-0.0,-0.0,-0.0,-0.0,0.001953,-0.004944,0.0,0.000194,0.0,0.000065,0.0,-0.000065,0.0,-0.000194,0.0,0.0,0.0,-0.007747,
0.0,2.442374,0.875212,-0.000066,0.0,1.570796,0.0,0.727087,-0.083463,0.0,0.0,0.0,0.045871,-0.023988,0.004468,0.208291,-0.196176,0.023976,-0.508745,0.031593,0.005163,0.791693,-0.033619,-0.019265,-0.238462,0.174482,0.0,-0.146996,-0.0,0.0,0.0,0.015744,-0.174482,0.0,-0.008118,0.0,0.0,0.0,0.0,0.0,0.0,-0.0,-0.0,-0.0,0.0,0.0,-0.0,0.001953,-0.004944,0.0,0.000194,0.0,0.000065,0.0,-0.000065,0.0,-0.000194,0.0,-0.0,0.0,-0.008572,
0.0,2.449659,0.874336,-0.000066,0.0,1.570796,-0.0,0.728506,-0.08756,0.0,0.0,0.0,0.052026,-0.023988,0.004578,0.212084,-0.202673,0.023958,-0.509445,0.031007,0.004943,0.76143,-0.037795,-0.019778,-0.242649,0.174482,0.0,-0.150117,0.0,0.0,0.0,0.019114,-0.174482,0.0,-0.008118,0.0,0.0,0.0,0.0,0.0,-0.0,0.0,-0.0,0.0,0.0,0.0,0.0,0.001953,-0.004944,0.0,0.000194,0.0,0.000065,0.0,-0.000065,0.0,-0.000194,0.0,-0.0,0.0,-0.009616,
0.0,2.456944,0.873461,-0.000066,0.0,1.570796,0.0,0.728506,-0.08756,0.0,0.0,0.0,0.05818,-0.023988,0.004688,0.215878,-0.209171,0.023939,-0.510145,0.030421,0.004724,0.731166,-0.041971,-0.02029,-0.246837,0.174482,-0.0,-0.153239,-0.0,0.0,0.0,0.022483,-0.174482,0.0,-0.008118,0.0,0.0,0.0,0.0,0.0,0.0,0.0,0.0,0.0,0.0,-0.0,0.0,0.001953,-0.004944,0.0,0.000194,0.0,0.000065,0.0,-0.000065,0.0,-0.000194,0.0,-0.0,0.0,-0.01066,
0.0,2.464289,0.872544,-0.000066,0.0,1.570796,0.0,0.734534,-0.091664,0.0,0.0,0.0,0.064896,-0.023988,0.004798,0.218818,-0.215373,0.023921,-0.510413,0.029859,0.004492,0.700901,-0.046996,-0.020803,-0.250579,0.174482,0.0,-0.155917,0.0,0.0,0.0,0.025797,-0.174482,0.0,-0.008118,0.0,0.0,0.0,-0.0,0.0,0.0,0.0,0.0,0.0,0.0,0.0,0.0,0.001953,-0.004944,0.0,0.000194,0.0,0.000065,0.0,-0.000065,0.0,-0.000194,0.0,0.0,0.0,-0.011808,
0.0,2.471754,0.871546,-0.000066,0.0,1.570796,0.0,0.746436,-0.099789,0.0,0.0,0.0,0.072721,-0.023988,0.004908,0.220071,-0.220993,0.023903,-0.509827,0.029346,0.004235,0.670602,-0.0537,-0.021316,-0.25344,0.174482,0.0,-0.157717,0.0,0.0,0.0,0.029002,-0.174482,0.0,-0.008118,0.0,0.0,0.0,0.0,0.0,-0.0,0.0,0.0,0.0,0.0,0.0,0.0,0.001953,-0.004944,0.0,0.000194,0.0,0.000065,0.0,-0.000065,0.0,-0.000194,0.0,0.0,0.0,-0.013163,
0.0,2.479219,0.870548,-0.000066,0.0,1.570796,-0.0,0.746497,-0.099789,0.0,0.0,0.0,0.080546,-0.023988,0.005018,0.221323,-0.226613,0.023884,-0.50924,0.028834,0.003979,0.640297,-0.060405,-0.021829,-0.256302,0.174482,0.0,-0.159517,0.0,0.0,0.0,0.032207,-0.174482,0.0,-0.008118,0.0,0.0,0.0,-0.0,0.0,0.0,0.0,0.0,0.0,0.0,0.0,0.0,0.001953,-0.004944,0.0,0.000194,0.0,0.000065,0.0,-0.000065,0.0,-0.000194,0.0,0.0,0.0,-0.014518,
0.0,2.486685,0.869551,-0.000066,0.0,1.570796,0.0,0.746634,-0.099774,0.0,0.0,0.0,0.088389,-0.023988,0.005127,0.222543,-0.23222,0.023866,-0.508649,0.028321,0.003722,0.610007,-0.067129,-0.022341,-0.259157,0.174482,0.0,-0.161313,0.0,0.0,0.0,0.035415,-0.174482,-0.0,-0.008118,0.0,0.0,0.0,-0.0,0.0,-0.0,0.0,-0.0,0.0,0.0,-0.0,-0.0,0.001953,-0.004944,0.0,0.000194,0.0,0.000065,0.0,-0.000065,0.0,-0.000194,0.0,0.0,0.0,-0.015871,
0.0,2.494884,0.868589,-0.000066,0.0,1.570796,0.0,0.81983,-0.096183,0.0,0.0,0.0,0.103557,-0.023988,0.005017,0.211407,-0.232957,0.023848,-0.506285,0.027881,0.003338,0.581285,-0.08117,-0.022781,-0.259674,0.174482,-0.0,-0.161313,0.0,0.0,0.0,0.039719,-0.174482,-0.0,-0.008118,0.0,0.0,0.0,0.0,0.0,0.0,0.0,0.0,0.0,0.0,0.0,-0.0,0.001953,-0.004944,0.0,0.000194,0.0,0.000065,0.0,-0.000065,0.0,-0.000194,0.0,-0.0,0.0,-0.01631,
0.0,2.503082,0.867627,-0.000066,0.0,1.570796,0.0,0.81983,-0.096183,0.0,0.0,0.0,0.118726,-0.023988,0.004907,0.200271,-0.233695,0.023829,-0.503921,0.027442,0.002953,0.552555,-0.095212,-0.02322,-0.260191,0.174482,-0.0,-0.161313,-0.0,0.0,-0.0,0.044023,-0.174482,0.0,-0.008118,0.0,0.0,0.0,0.0,0.0,0.0,-0.0,0.0,0.0,0.0,-0.0,0.0,0.001953,-0.004944,0.0,0.000194,0.0,0.000065,0.0,-0.000065,0.0,-0.000194,0.0,0.0,0.0,-0.01675,
0.0,2.511281,0.866665,-0.000066,0.0,1.570796,0.0,0.819861,-0.096183,0.0,0.0,0.0,0.133896,-0.023988,0.004797,0.189134,-0.234432,0.023811,-0.501557,0.027002,0.002569,0.523827,-0.109254,-0.02366,-0.260708,0.174482,0.0,-0.161313,0.0,-0.0,0.0,0.048327,-0.174482,-0.0,-0.008118,0.0,0.0,0.0,0.0,-0.0,0.0,0.0,0.0,0.0,0.0,0.0,0.0,0.001953,-0.004944,0.0,0.000194,0.0,0.000065,0.0,-0.000065,0.0,-0.000194,0.0,0.0,0.0,-0.017189,
0.0,2.519731,0.86582,-0.000066,0.0,1.570796,0.0,0.845068,-0.084508,0.0,0.0,0.0,0.149967,-0.023988,0.004516,0.176253,-0.231493,0.023793,-0.498121,0.026698,0.002221,0.502439,-0.123774,-0.023964,-0.259655,0.174482,0.0,-0.160612,-0.0,0.0,0.0,0.052828,-0.174482,0.0,-0.008118,0.0,0.0,0.0,0.0,0.0,-0.0,0.0,-0.0,0.0,0.0,0.0,0.0,0.001953,-0.004944,0.0,0.000194,0.0,0.000065,0.0,-0.000065,0.0,-0.000194,0.0,0.0,0.0,-0.017384,
0.0,2.528306,0.865033,-0.000066,0.0,1.570796,0.0,0.857534,-0.078747,0.0,0.0,0.0,0.166488,-0.023988,0.00415,0.16251,-0.226738,0.023774,-0.494155,0.02646,0.001891,0.484669,-0.138533,-0.024202,-0.257827,0.174482,-0.0,-0.159565,-0.0,0.0,0.0,0.057426,-0.174482,0.0,-0.008118,0.0,0.0,0.0,0.0,0.0,-0.0,0.0,0.0,0.0,-0.0,0.0,-0.0,0.001953,-0.004944,0.0,0.000194,0.0,0.000065,0.0,-0.000065,0.0,-0.000194,0.0,0.0,0.0,-0.017457,
0.0,2.536882,0.864245,-0.000066,0.0,1.570796,0.0,0.85758,-0.078755,0.0,0.0,0.0,0.183009,-0.023988,0.003783,0.148767,-0.221983,0.023756,-0.490189,0.026222,0.001562,0.466898,-0.153292,-0.02444,-0.255999,0.174482,-0.0,-0.158517,0.0,0.0,0.0,0.062025,-0.174482,0.0,-0.008118,0.0,0.0,0.0,0.0,0.0,0.0,0.0,0.0,0.0,0.0,0.0,0.0,0.001953,-0.004944,0.0,0.000194,0.0,0.000065,0.0,-0.000065,0.0,-0.000194,0.0,-0.0,0.0,-0.01753,
0.0,2.545592,0.863544,-0.000066,0.0,1.570796,0.0,0.870976,-0.070095,0.0,0.0,0.0,0.197161,-0.023988,0.003368,0.139675,-0.218462,0.023744,-0.485928,0.026039,0.001312,0.452284,-0.164664,-0.024599,-0.253347,0.174482,-0.0,-0.157119,-0.0,0.0,0.0,0.06666,-0.174482,0.0,-0.008118,0.0,0.0,0.0,0.0,0.0,-0.0,0.0,-0.0,0.0,-0.0,0.0,-0.0,0.001953,-0.004944,0.0,0.000194,0.0,0.000065,0.0,-0.000065,0.0,-0.000194,-0.0,-0.0,0.0,-0.017579,
0.0,2.554569,0.863014,-0.000066,0.0,1.570796,-0.0,0.897724,-0.053018,0.0,0.0,0.0,0.206644,-0.023988,0.002855,0.139767,-0.217375,0.023744,-0.481083,0.025966,0.00122,0.443895,-0.16935,-0.024599,-0.249066,0.174482,-0.0,-0.155025,0.0,0.0,0.0,0.071369,-0.174482,0.0,-0.008118,0.0,0.0,0.0,-0.0,0.0,-0.0,0.0,-0.0,0.0,-0.0,-0.0,-0.0,0.001953,-0.004944,0.0,0.000194,0.0,0.000065,0.0,-0.000065,-0.0,-0.000194,-0.0,-0.0,0.0,-0.017579,
0.0,2.563546,0.862484,-0.000066,0.0,1.570796,0.0,0.897678,-0.053011,0.0,0.0,0.0,0.216127,-0.023988,0.002342,0.139858,-0.216288,0.023744,-0.476239,0.025892,0.001129,0.435506,-0.174037,-0.024599,-0.244785,0.174482,0.0,-0.152931,0.0,0.0,0.0,0.076078,-0.174482,0.0,-0.008118,-0.0,0.0,0.0,-0.0,0.0,0.0,0.0,-0.0,0.0,0.0,-0.0,0.0,0.001953,-0.004944,0.0,0.000194,0.0,0.000065,0.0,-0.000065,0.0,-0.000194,0.0,-0.0,0.0,-0.017579,
0.0,2.572525,0.861955,-0.000066,0.0,1.570796,0.0,0.897922,-0.052904,0.0,0.0,0.0,0.225611,-0.023988,0.001828,0.139951,-0.215192,0.023745,-0.471388,0.025819,0.001038,0.427134,-0.178682,-0.024599,-0.240494,0.174482,0.0,-0.150832,-0.0,0.0,0.0,0.080791,-0.174482,-0.0,-0.008118,0.0,0.0,0.0,0.0,0.0,0.0,0.0,-0.0,-0.0,0.0,0.0,0.0,0.001953,-0.004944,0.0,0.000194,0.0,0.000065,0.0,-0.000065,0.0,-0.000194,0.0,0.0,0.0,-0.017584,
0.0,2.582246,0.861829,-0.000066,0.0,1.570796,0.0,0.972108,-0.012623,0.0,0.0,0.0,0.23535,-0.024098,0.000803,0.140134,-0.210847,0.023946,-0.464354,0.025819,0.001313,0.424418,-0.169202,-0.024599,-0.232882,0.174482,0.0,-0.146977,0.0,-0.0,0.0,0.086565,-0.174482,0.0,-0.008118,0.0,0.0,0.0,-0.0,-0.0,0.0,0.0,0.0,0.0,0.0,0.0,0.0,0.001953,-0.004944,0.0,0.000194,0.0,0.000065,0.0,-0.000065,0.0,-0.000194,0.0,-0.0,0.0,-0.019342,
0.0,2.591967,0.861702,-0.000066,0.0,1.570796,0.0,0.972108,-0.012623,0.0,0.0,0.0,0.24509,-0.024208,-0.000223,0.140318,-0.206502,0.024147,-0.457321,0.025819,0.001588,0.421703,-0.159722,-0.024599,-0.22527,0.174482,0.0,-0.143121,-0.0,0.0,0.0,0.092339,-0.174482,0.0,-0.008118,0.0,0.0,0.0,0.0,0.0,0.0,0.0,0.0,0.0,-0.0,0.0,-0.0,0.001953,-0.004944,0.0,0.000194,0.0,0.000065,0.0,-0.000065,0.0,-0.000194,0.0,-0.0,0.0,-0.0211,
0.0,2.601688,0.861576,-0.000066,0.0,1.570796,0.0,0.972108,-0.012623,0.0,0.0,0.0,0.25483,-0.024318,-0.001248,0.140501,-0.202157,0.024349,-0.450287,0.025819,0.001862,0.418987,-0.150242,-0.024599,-0.217658,0.174482,0.0,-0.139266,0.0,0.0,0.0,0.098113,-0.174482,0.0,-0.008118,0.0,0.0,0.0,-0.0,0.0,0.0,0.0,0.0,0.0,0.0,0.0,0.0,0.001953,-0.004944,0.0,0.000194,0.0,0.000065,0.0,-0.000065,0.0,-0.000194,0.0,-0.0,0.0,-0.022858,
0.0,2.611231,0.86164,-0.000066,0.0,1.570796,0.0,0.954223,0.006388,0.0,0.0,0.0,0.263678,-0.024416,-0.002298,0.140623,-0.191059,0.024477,-0.442915,0.025893,0.002211,0.41576,-0.137614,-0.024488,-0.209314,0.174482,-0.0,-0.135301,-0.0,0.0,0.0,0.10282,-0.174482,0.0,-0.008118,0.0,0.0,0.0,0.0,0.0,0.0,0.0,-0.0,-0.0,-0.0,0.0,0.0,0.001953,-0.004944,0.0,0.000194,0.0,0.000065,0.0,-0.000065,0.0,-0.000194,0.0,-0.0,0.0,-0.024297,
0.0,2.620685,0.861798,-0.000066,0.0,1.570796,0.0,0.945403,0.015772,0.0,0.0,0.0,0.272088,-0.024507,-0.00336,0.140715,-0.176627,0.024568,-0.435376,0.026003,0.002595,0.41228,-0.123431,-0.024323,-0.200608,0.174482,-0.0,-0.131282,0.0,0.0,0.0,0.107001,-0.174482,-0.0,-0.008118,0.0,0.0,0.0,-0.0,0.0,0.0,0.0,-0.0,0.0,-0.0,0.0,-0.0,0.001953,-0.004944,0.0,0.000194,0.0,0.000065,0.0,-0.000065,0.0,-0.000194,0.0,0.0,0.0,-0.025579,
0.0,2.630138,0.861955,-0.000066,0.0,1.570796,0.0,0.945372,0.015772,0.0,0.0,0.0,0.280498,-0.024599,-0.004422,0.140807,-0.162195,0.02466,-0.427837,0.026113,0.00298,0.408801,-0.109248,-0.024159,-0.191903,0.174482,0.0,-0.127263,-0.0,0.0,0.0,0.111182,-0.174482,-0.0,-0.008118,0.0,0.0,0.0,0.0,0.0,-0.0,0.0,-0.0,0.0,0.0,0.0,-0.0,0.001953,-0.004944,0.0,0.000194,0.0,0.000065,0.0,-0.000065,0.0,-0.000194,0.0,0.0,0.0,-0.026861,
0.0,2.639388,0.862195,-0.000066,0.0,1.570796,0.0,0.924925,0.023979,0.0,0.0,0.0,0.288439,-0.024684,-0.005355,0.140868,-0.145395,0.02469,-0.420367,0.026216,0.003364,0.406026,-0.095609,-0.023994,-0.183239,0.174482,0.0,-0.123418,-0.0,0.0,0.0,0.114327,-0.174482,0.0,-0.008118,0.0,0.0,0.0,0.0,0.0,0.0,0.0,0.0,0.0,0.0,0.0,-0.0,0.001953,-0.004944,0.0,0.000194,0.0,0.000065,0.0,-0.000065,0.0,-0.000194,0.0,0.0,0.0,-0.027669,
0.0,2.648233,0.862597,-0.000066,0.0,1.570796,0.0,0.884488,0.040182,0.0,0.0,0.0,0.295456,-0.024757,-0.006033,0.140868,-0.123914,0.024598,-0.413035,0.026308,0.003749,0.404643,-0.083037,-0.023829,-0.174656,0.174482,0.0,-0.119914,0.0,0.0,0.0,0.115427,-0.174482,-0.0,-0.008118,0.0,0.0,0.0,-0.0,0.0,0.0,0.0,0.0,0.0,0.0,0.0,-0.0,0.001953,-0.004944,0.0,0.000194,0.0,0.000065,0.0,-0.000065,-0.0,-0.000194,0.0,0.0,0.0,-0.02754,
0.0,2.657078,0.862999,-0.000066,0.0,1.570796,0.0,0.884519,0.040189,0.0,0.0,0.0,0.302474,-0.024831,-0.00671,0.140868,-0.102432,0.024507,-0.405703,0.0264,0.004133,0.40326,-0.070465,-0.023664,-0.166073,0.174482,-0.0,-0.11641,-0.0,0.0,0.0,0.116528,-0.174482,0.0,-0.008118,0.0,0.0,0.0,0.0,0.0,-0.0,0.0,0.0,-0.0,0.0,-0.0,0.0,0.001953,-0.004944,0.0,0.000194,0.0,0.000065,0.0,-0.000065,0.0,-0.000194,0.0,-0.0,0.0,-0.027412,
0.0,2.665922,0.863402,-0.000066,0.0,1.570796,0.0,0.884397,0.040311,0.0,0.0,0.0,0.309489,-0.024904,-0.007384,0.140867,-0.080935,0.024415,-0.398368,0.026491,0.004518,0.401879,-0.057908,-0.023499,-0.157494,0.174482,-0.0,-0.112907,0.0,0.0,0.0,0.117615,-0.174482,0.0,-0.008118,0.0,0.0,0.0,0.0,0.0,0.0,-0.0,0.0,0.0,0.0,0.0,0.0,0.001953,-0.004944,0.0,0.000194,0.0,0.000065,0.0,-0.000065,0.0,-0.000194,0.0,0.0,0.0,-0.027282,
0.0,2.67425,0.864202,-0.000066,0.0,1.570796,0.0,0.832819,0.080019,0.0,0.0,0.0,0.315424,-0.024885,-0.006798,0.140573,-0.05416,0.024232,-0.390178,0.026546,0.004774,0.401244,-0.050216,-0.023334,-0.150315,0.174482,0.0,-0.109478,-0.0,0.0,-0.0,0.11435,-0.174482,0.0,-0.008118,0.0,0.0,0.0,0.0,0.0,0.0,0.0,0.0,-0.0,0.0,0.0,0.0,0.001953,-0.004944,0.0,0.000194,0.0,0.000065,0.0,-0.000065,-0.0,-0.000194,0.0,0.0,0.0,-0.026494,
0.0,2.682578,0.865003,-0.000066,0.0,1.570796,0.0,0.83285,0.080026,0.0,0.0,0.0,0.321359,-0.024867,-0.006212,0.140279,-0.027377,0.024049,-0.381988,0.026601,0.00503,0.400608,-0.042522,-0.02317,-0.143136,0.174482,0.0,-0.106048,0.0,0.0,0.0,0.111086,-0.174482,0.0,-0.008118,-0.0,0.0,0.0,-0.0,0.0,-0.0,0.0,-0.0,0.0,-0.0,0.0,-0.0,0.001953,-0.004944,0.0,0.000194,0.0,0.000065,0.0,-0.000065,0.0,-0.000194,0.0,0.0,0.0,-0.025707,
0.0,2.690907,0.865803,-0.000066,0.0,1.570796,0.0,0.832819,0.080026,0.0,0.0,0.0,0.327295,-0.024849,-0.005626,0.139986,-0.000598,0.023865,-0.373798,0.026656,0.005287,0.399973,-0.03483,-0.023005,-0.135957,0.174482,-0.0,-0.102619,-0.0,0.0,0.0,0.107821,-0.174482,0.0,-0.008118,0.0,0.0,0.0,0.0,0.0,0.0,0.0,-0.0,0.0,-0.0,0.0,-0.0,0.001953,-0.004944,0.0,0.000194,0.0,0.000065,0.0,-0.000065,0.0,-0.000194,0.0,0.0,0.0,-0.02492,
0.0,2.698782,0.866697,-0.000066,0.0,1.570796,0.0,0.787531,0.089392,0.0,0.0,0.0,0.296679,-0.025088,-0.004561,0.205212,0.007774,0.023584,-0.364664,0.026674,0.005371,0.397712,-0.032891,-0.02295,-0.129692,0.174482,0.0,-0.099301,0.0,0.0,0.0,0.102777,-0.174482,0.0,-0.008118,0.0,0.0,0.0,0.0,0.0,0.0,-0.0,0.0,0.0,0.0,0.0,0.0,0.001953,-0.004944,0.0,0.000194,0.0,0.000065,0.0,-0.000065,0.0,-0.000194,0.0,0.0,0.0,-0.024831,
0.0,2.706434,0.867637,-0.000066,0.0,1.570796,0.0,0.765222,0.094014,0.0,0.0,0.0,0.248006,-0.025454,-0.003261,0.303076,0.007078,0.023255,-0.355064,0.026674,0.005371,0.39465,-0.033788,-0.02295,-0.123876,0.174482,0.0,-0.096038,0.0,0.0,0.0,0.096855,-0.174482,-0.0,-0.008118,0.0,0.0,0.0,0.0,0.0,0.0,0.0,-0.0,0.0,0.0,0.0,0.0,0.001953,-0.004944,0.0,0.000194,0.0,0.000065,0.0,-0.000065,0.0,-0.000194,0.0,0.0,0.0,-0.025088,
0.0,2.714087,0.868577,-0.000066,0.0,1.570796,0.0,0.765252,0.094022,0.0,0.0,0.0,0.19933,-0.025821,-0.001961,0.400943,0.006382,0.022925,-0.345464,0.026674,0.005371,0.391587,-0.034686,-0.02295,-0.118059,0.174482,0.0,-0.092775,0.0,0.0,0.0,0.090933,-0.174482,0.0,-0.008118,-0.0,0.0,0.0,-0.0,0.0,-0.0,0.0,-0.0,0.0,0.0,0.0,-0.0,0.001953,-0.004944,0.0,0.000194,0.0,0.000065,0.0,-0.000065,0.0,-0.000194,0.0,0.0,0.0,-0.025344,
0.0,2.721544,0.869523,-0.000066,0.0,1.570796,0.0,0.745721,0.094623,0.0,0.0,0.0,0.154125,-0.026378,-0.001333,0.488156,0.0142,0.022269,-0.335649,0.026652,0.005371,0.387779,-0.036564,-0.022983,-0.11264,0.174482,0.0,-0.089623,0.0,0.0,0.0,0.084378,-0.174482,0.0,-0.008118,0.0,0.0,0.0,0.0,0.0,-0.0,0.0,0.0,0.0,-0.0,0.0,0.0,0.001953,-0.004944,0.0,0.000194,0.0,0.000065,0.0,-0.000065,-0.0,-0.000194,-0.0,0.0,0.0,-0.026137,
0.0,2.728616,0.870481,-0.000066,0.0,1.570796,0.0,0.707238,0.095803,0.0,0.0,0.0,0.115648,-0.027312,-0.002029,0.555172,0.038801,0.020968,-0.325409,0.026588,0.005371,0.382501,-0.040373,-0.023081,-0.108,0.174482,0.0,-0.08669,0.0,0.0,0.0,0.076572,-0.174482,0.0,-0.008118,0.0,0.0,0.0,-0.0,0.0,-0.0,0.0,-0.0,0.0,0.0,0.0,0.0,0.001953,-0.004944,0.0,0.000194,0.0,0.000065,0.0,-0.000065,0.0,-0.000194,0.0,-0.0,0.0,-0.027986,
0.0,2.735689,0.871439,-0.000066,0.0,1.570796,0.0,0.707238,0.095803,0.0,0.0,0.0,0.077162,-0.028246,-0.002725,0.622238,0.063404,0.019668,-0.315168,0.026524,0.005371,0.377224,-0.044183,-0.023179,-0.103361,0.174482,0.0,-0.083758,0.0,0.0,0.0,0.068766,-0.174482,0.0,-0.008118,0.0,0.0,0.0,0.0,0.0,-0.0,0.0,0.0,-0.0,-0.0,-0.0,-0.0,0.001953,-0.004944,0.0,0.000194,0.0,0.000065,0.0,-0.000065,0.0,-0.000194,0.0,0.0,0.0,-0.029836,
0.0,2.742761,0.872397,-0.000066,0.0,1.570796,0.0,0.707208,0.095788,0.0,0.0,0.0,0.038708,-0.029181,-0.003421,0.68914,0.088034,0.018365,-0.304926,0.02646,0.005371,0.371941,-0.047995,-0.023276,-0.098722,0.174482,0.0,-0.080825,-0.0,0.0,0.0,0.060954,-0.174482,-0.0,-0.008118,0.0,0.0,0.0,0.0,0.0,0.0,0.0,-0.0,-0.0,-0.0,-0.0,-0.0,0.001953,-0.004944,0.0,0.000194,0.0,0.000065,0.0,-0.000065,0.0,-0.000194,0.0,0.0,0.0,-0.031678,
0.0,2.749636,0.873299,-0.000066,0.0,1.570796,0.0,0.687555,0.090133,0.0,0.0,0.0,0.00476,-0.030371,-0.004282,0.736154,0.121444,0.016204,-0.294344,0.026396,0.005371,0.365222,-0.052409,-0.023374,-0.094397,0.174482,0.0,-0.077838,0.0,0.0,0.0,0.051558,-0.174482,0.0,-0.008118,-0.0,0.0,0.0,-0.0,0.0,-0.0,0.0,0.0,0.0,-0.0,0.0,-0.0,0.001953,-0.004944,0.0,0.000194,0.0,0.000065,0.0,-0.000065,0.0,-0.000194,0.0,0.0,0.0,-0.031128,
0.0,2.756513,0.8742,-0.000066,0.0,1.570796,0.0,0.687646,0.090149,0.0,0.0,0.0,-0.029205,-0.031561,-0.005142,0.783208,0.154871,0.014044,-0.28376,0.026332,0.005371,0.358502,-0.056824,-0.023472,-0.09007,0.174482,0.0,-0.074851,0.0,0.0,0.0,0.042161,-0.174482,0.0,-0.008118,0.0,0.0,0.0,-0.0,0.0,-0.0,0.0,-0.0,0.0,0.0,0.0,0.0,0.001953,-0.004944,0.0,0.000194,0.0,0.000065,0.0,-0.000065,0.0,-0.000194,0.0,0.0,0.0,-0.030579,
0.0,2.763389,0.875102,-0.000066,0.0,1.570796,0.0,0.687616,0.090149,0.0,0.0,0.0,-0.063161,-0.032752,-0.006003,0.830241,0.188289,0.011883,-0.273176,0.026268,0.005371,0.351783,-0.061239,-0.023569,-0.085744,0.174482,-0.0,-0.071864,0.0,0.0,0.0,0.032765,-0.174482,-0.0,-0.008118,0.0,0.0,0.0,0.0,0.0,0.0,0.0,0.0,0.0,-0.0,0.0,-0.0,0.001953,-0.004944,0.0,0.000194,0.0,0.000065,0.0,-0.000065,0.0,-0.000194,0.0,0.0,0.0,-0.030029,
0.0,2.769921,0.875953,-0.000066,0.0,1.570796,0.0,0.653223,0.085195,0.0,0.0,0.0,-0.093116,-0.033415,-0.006115,0.863457,0.200013,0.010839,-0.262771,0.026204,0.005322,0.344861,-0.065224,-0.023667,-0.081898,0.174482,0.0,-0.068853,-0.0,0.0,0.0,0.021788,-0.174482,0.0,-0.008118,0.0,0.0,0.0,0.0,0.0,-0.0,0.0,0.0,0.0,-0.0,0.0,0.0,0.001953,-0.004944,0.0,0.000194,0.0,0.000065,0.0,-0.000065,0.0,-0.000194,0.0,0.0,0.0,-0.028216,
0.0,2.776284,0.876781,-0.000066,0.0,1.570796,0.0,0.636286,0.082768,0.0,0.0,0.0,-0.121117,-0.033817,-0.005859,0.889894,0.201062,0.010344,-0.252453,0.02614,0.005249,0.337839,-0.068999,-0.023765,-0.078288,0.174482,0.0,-0.06583,0.0,0.0,0.0,0.010032,-0.174482,0.0,-0.008118,0.0,0.0,0.0,-0.0,0.0,-0.0,-0.0,0.0,0.0,-0.0,0.0,0.0,0.001953,-0.004944,0.0,0.000194,0.0,0.000065,0.0,-0.000065,0.0,-0.000194,0.0,0.0,0.0,-0.025781,
0.0,2.782647,0.877609,-0.000066,0.0,1.570796,0.0,0.636316,0.082768,0.0,0.0,0.0,-0.149118,-0.03422,-0.005602,0.916334,0.202111,0.00985,-0.242134,0.026076,0.005176,0.330817,-0.072773,-0.023862,-0.074678,0.174482,-0.0,-0.062807,-0.0,0.0,0.0,-0.001725,-0.174482,-0.0,-0.008118,0.0,0.0,0.0,0.0,0.0,-0.0,0.0,0.0,0.0,-0.0,0.0,-0.0,0.001953,-0.004944,0.0,0.000194,0.0,0.000065,0.0,-0.000065,0.0,-0.000194,0.0,0.0,0.0,-0.023345,
0.0,2.788852,0.878408,-0.000066,0.0,1.570796,0.0,0.620508,0.079959,0.0,0.0,0.0,-0.175103,-0.034438,-0.005226,0.937359,0.199326,0.009688,-0.231363,0.026011,0.005127,0.322727,-0.075838,-0.023938,-0.071278,0.174482,0.0,-0.059747,0.0,0.0,0.0,-0.014482,-0.174482,0.0,-0.008118,0.0,0.0,0.0,-0.0,0.0,0.0,-0.0,0.0,0.0,0.0,0.0,0.0,0.001953,-0.004944,0.0,0.000194,0.0,0.000065,0.0,-0.000065,0.0,-0.000194,0.0,0.0,0.0,-0.020379,
0.0,2.794745,0.879153,-0.000066,0.0,1.570796,0.0,0.589259,0.074426,0.0,0.0,0.0,-0.197138,-0.034292,-0.004612,0.94774,0.188991,0.010183,-0.219705,0.025947,0.005127,0.312535,-0.077506,-0.023971,-0.068291,0.174482,-0.0,-0.056615,0.0,0.0,0.0,-0.029206,-0.174482,0.0,-0.008118,0.0,0.0,0.0,-0.0,0.0,-0.0,0.0,-0.0,0.0,-0.0,0.0,-0.0,0.001953,-0.004944,0.0,0.000194,0.0,0.000065,0.0,-0.000065,0.0,-0.000194,0.0,-0.0,0.0,-0.016369,
0.0,2.800638,0.879897,-0.000066,0.0,1.570796,0.0,0.58932,0.074433,0.0,0.0,0.0,-0.219176,-0.034145,-0.003999,0.958121,0.178654,0.010677,-0.208045,0.025883,0.005127,0.302341,-0.079173,-0.024004,-0.065305,0.174482,0.0,-0.053482,0.0,0.0,0.0,-0.043932,-0.174482,0.0,-0.008118,0.0,0.0,0.0,-0.0,0.0,-0.0,0.0,-0.0,0.0,-0.0,0.0,0.0,0.001953,-0.004944,0.0,0.000194,0.0,0.000065,0.0,-0.000065,0.0,-0.000194,0.0,-0.0,0.0,-0.012358,
0.0,2.806532,0.880641,-0.000066,0.0,1.570796,0.0,0.589381,0.074365,0.0,0.0,0.0,-0.241191,-0.033998,-0.003385,0.968461,0.168305,0.011173,-0.196376,0.025819,0.005128,0.292133,-0.080834,-0.024037,-0.062314,0.174482,0.0,-0.050346,-0.0,0.0,0.0,-0.058655,-0.174482,0.0,-0.008118,0.0,0.0,0.0,0.0,0.0,0.0,0.0,0.0,0.0,0.0,0.0,0.0,0.001953,-0.004944,0.0,0.000194,0.0,0.000065,0.0,-0.000065,0.0,-0.000194,0.0,0.0,0.0,-0.008349,
0.0,2.812624,0.88122,-0.000066,0.0,1.570796,0.0,0.609249,0.057955,0.0,0.0,0.0,-0.258155,-0.033577,-0.002772,0.967324,0.154094,0.011988,-0.182021,0.025746,0.005293,0.277684,-0.080541,-0.02407,-0.058009,0.174482,0.0,-0.04617,0.0,0.0,0.0,-0.073061,-0.174482,0.0,-0.008118,0.0,0.0,0.0,-0.0,0.0,0.0,0.0,-0.0,0.0,0.0,0.0,0.0,0.001953,-0.004944,0.0,0.000194,0.0,0.000065,0.0,-0.000065,0.0,-0.000194,0.0,0.0,0.0,-0.00476,
0.0,2.818717,0.8818,-0.000066,0.0,1.570796,0.0,0.609218,0.057955,0.0,0.0,0.0,-0.275119,-0.033155,-0.002159,0.966187,0.139884,0.012802,-0.167667,0.025673,0.005457,0.263234,-0.080248,-0.024103,-0.053704,0.174482,0.0,-0.041994,0.0,0.0,0.0,-0.087466,-0.174482,0.0,-0.008118,0.0,0.0,0.0,0.0,0.0,0.0,0.0,0.0,0.0,0.0,0.0,0.0,0.001953,-0.004944,0.0,0.000194,0.0,0.000065,0.0,-0.000065,0.0,-0.000194,0.0,0.0,0.0,-0.001171,
0.0,2.824809,0.882379,-0.000066,0.0,1.570796,0.0,0.609249,0.057955,0.0,0.0,0.0,-0.292084,-0.032734,-0.001545,0.965049,0.125673,0.013617,-0.153311,0.025599,0.005622,0.248784,-0.079954,-0.024136,-0.049399,0.174482,0.0,-0.037818,0.0,0.0,0.0,-0.101872,-0.174482,0.0,-0.008118,0.0,0.0,0.0,0.0,0.0,-0.0,0.0,-0.0,0.0,-0.0,0.0,0.0,0.001953,-0.004944,0.0,0.000194,0.0,0.000065,0.0,-0.000065,-0.0,-0.000194,0.0,0.0,0.0,0.002418,
0.0,2.830967,0.882806,-0.000066,0.0,1.570796,0.0,0.615781,0.042651,0.0,0.0,0.0,-0.308098,-0.032301,-0.001024,0.959372,0.112398,0.014432,-0.142748,0.025575,0.005676,0.242018,-0.081098,-0.024169,-0.044874,0.174482,-0.0,-0.033777,0.0,0.0,0.0,-0.115255,-0.174482,0.0,-0.007529,0.0,0.0,0.0,0.0,0.0,-0.0,-0.0,-0.0,0.0,0.0,0.0,0.0,0.001953,-0.004944,0.0,0.000194,0.0,0.000065,0.0,-0.000065,0.0,-0.000194,0.0,0.0,0.0,0.005185,
0.0,2.837156,0.883157,-0.000066,0.0,1.570796,0.0,0.618955,0.035121,0.0,0.0,0.0,-0.323647,-0.031861,-0.000548,0.951462,0.099582,0.015247,-0.134048,0.025575,0.005676,0.23903,-0.082949,-0.024202,-0.04024,0.174482,0.0,-0.029803,0.0,0.0,0.0,-0.128137,-0.174482,0.0,-0.00665,0.0,0.0,0.0,0.0,0.0,0.0,0.0,0.0,0.0,0.0,0.0,0.0,0.001953,-0.004944,0.0,0.000194,0.0,0.000065,0.0,-0.000065,0.0,-0.000194,0.0,0.0,0.0,0.007547,
0.0,2.843346,0.883508,-0.000066,0.0,1.570796,0.0,0.618986,0.035121,0.0,0.0,0.0,-0.339196,-0.031422,-0.000071,0.943552,0.086766,0.016062,-0.125349,0.025575,0.005676,0.236042,-0.0848,-0.024235,-0.035606,0.174482,-0.0,-0.025829,0.0,0.0,0.0,-0.141018,-0.174482,-0.0,-0.005771,-0.0,0.0,0.0,0.0,0.0,-0.0,-0.0,-0.0,0.0,0.0,0.0,-0.0,0.001953,-0.004944,0.0,0.000194,0.0,0.000065,0.0,-0.000065,0.0,-0.000194,0.0,0.0,0.0,0.009909,
0.0,2.849602,0.883771,-0.000066,0.0,1.570796,0.0,0.625547,0.026271,0.0,0.0,0.0,-0.354787,-0.03113,0.000145,0.934986,0.07567,0.01667,-0.116739,0.025575,0.005676,0.233341,-0.087152,-0.024268,-0.031028,0.174482,0.0,-0.022065,0.0,0.0,0.0,-0.153287,-0.174482,0.0,-0.006281,-0.0,0.0,0.0,0.0,0.0,0.0,0.0,0.0,0.0,-0.0,0.0,-0.0,0.001953,-0.004944,0.0,0.000194,0.0,0.000065,0.0,-0.000065,0.0,-0.000194,0.0,0.0,0.0,0.011703,
0.0,2.855985,0.88386,-0.000066,0.0,1.570796,0.0,0.638366,0.008862,0.0,0.0,0.0,-0.370464,-0.03113,-0.000148,0.925131,0.067956,0.016872,-0.108303,0.025575,0.005676,0.231202,-0.090489,-0.024301,-0.02656,0.174482,0.0,-0.018714,0.0,0.0,0.0,-0.16435,-0.174482,-0.0,-0.009522,0.0,0.0,0.0,0.0,0.0,-0.0,0.0,-0.0,0.0,-0.0,0.0,-0.0,0.001953,-0.004944,0.0,0.000194,0.0,0.000065,0.0,-0.000065,0.0,-0.000194,0.0,-0.0,0.0,0.012381,
0.0,2.862369,0.883948,-0.000066,0.0,1.570796,0.0,0.638335,0.008862,0.0,0.0,0.0,-0.38614,-0.03113,-0.000441,0.915277,0.060243,0.017073,-0.099869,0.025575,0.005676,0.229064,-0.093825,-0.024334,-0.022091,0.174482,0.0,-0.015363,0.0,0.0,0.0,-0.175412,-0.174482,-0.0,-0.012763,0.0,0.0,0.0,0.0,0.0,-0.0,0.0,0.0,0.0,-0.0,0.0,-0.0,0.001953,-0.004944,0.0,0.000194,-0.0,0.000065,0.0,-0.000065,0.0,-0.000194,0.0,-0.0,0.0,0.013058,
0.0,2.868753,0.884036,-0.000066,0.0,1.570796,0.0,0.638427,0.008763,0.0,0.0,0.0,-0.401818,-0.03113,-0.000734,0.905424,0.052551,0.017274,-0.091436,0.025575,0.005676,0.226932,-0.097168,-0.024367,-0.017627,0.174482,0.0,-0.012016,0.0,0.0,0.0,-0.186466,-0.174482,0.0,-0.016011,0.0,0.0,0.0,-0.0,0.0,0.0,0.0,0.0,0.0,0.0,0.0,0.0,0.001953,-0.004944,0.0,0.000194,0.0,0.000065,0.0,-0.000065,0.0,-0.000194,0.0,-0.0,0.0,0.013734,
0.0,2.875316,0.883852,-0.000066,0.0,1.570796,0.0,0.656312,-0.01842,0.0,0.0,0.0,-0.418255,-0.03113,-0.0011,0.896072,0.050555,0.017274,-0.083647,0.025575,0.005566,0.226453,-0.102412,-0.0244,-0.014239,0.174482,0.0,-0.00969,0.0,0.0,0.0,-0.195227,-0.174482,0.0,-0.021213,0.0,0.0,0.0,0.0,0.0,-0.0,0.0,-0.0,0.0,-0.0,0.0,-0.0,0.001953,-0.004944,0.0,0.000194,0.0,0.000065,0.0,-0.000065,0.0,-0.000194,0.0,-0.0,0.0,0.013954,
0.0,2.881879,0.883667,-0.000066,0.0,1.570796,0.0,0.656251,-0.01842,0.0,0.0,0.0,-0.434692,-0.03113,-0.001466,0.88672,0.048558,0.017274,-0.075859,0.025575,0.005456,0.225974,-0.107657,-0.024433,-0.010852,0.174482,0.0,-0.007365,0.0,0.0,0.0,-0.203987,-0.174482,0.0,-0.026413,-0.0,0.0,0.0,0.0,0.0,-0.0,0.0,-0.0,0.0,0.0,0.0,0.0,0.001953,-0.004944,0.0,0.000194,-0.0,0.000065,0.0,-0.000065,0.0,-0.000194,0.0,0.0,0.0,0.014174,
0.0,2.888442,0.883483,-0.000066,0.0,1.570796,0.0,0.656312,-0.018427,0.0,0.0,0.0,-0.451129,-0.03113,-0.001833,0.877367,0.046562,0.017274,-0.068071,0.025575,0.005346,0.225495,-0.112901,-0.024466,-0.007464,0.174482,-0.0,-0.005039,0.0,0.0,0.0,-0.212748,-0.174482,0.0,-0.031614,0.0,0.0,0.0,0.0,0.0,-0.0,0.0,-0.0,0.0,-0.0,0.0,0.0,0.001953,-0.004944,0.0,0.000194,0.0,0.000065,0.0,-0.000065,0.0,-0.000194,0.0,0.0,0.0,0.014393,
0.0,2.894994,0.883126,-0.000066,0.0,1.570796,0.0,0.655245,-0.035754,0.0,0.0,0.0,-0.462694,-0.03097,-0.001953,0.861464,0.041348,0.017581,-0.062397,0.025575,0.005167,0.229058,-0.120265,-0.024538,-0.004653,0.174482,-0.0,-0.004273,0.0,0.0,0.0,-0.220306,-0.174482,0.0,-0.037344,0.0,0.0,0.0,0.0,0.0,0.0,0.0,0.0,0.0,0.0,0.0,0.0,0.001953,-0.004944,0.0,0.000194,0.0,0.000065,0.0,-0.000065,0.0,-0.000194,0.0,0.0,0.0,0.01465,
0.0,2.901541,0.882683,-0.000066,0.0,1.570796,0.0,0.654666,-0.044268,0.0,0.0,0.0,-0.471866,-0.030732,-0.001953,0.84234,0.034553,0.018038,-0.057762,0.025575,0.004953,0.234608,-0.128669,-0.024629,-0.002126,0.174482,-0.0,-0.004273,0.0,0.0,0.0,-0.227272,-0.174482,0.0,-0.043333,0.0,0.0,0.0,-0.0,0.0,0.0,0.0,-0.0,0.0,0.0,0.0,0.0,0.001953,-0.004944,0.0,0.000194,0.0,0.000065,0.0,-0.000065,0.0,-0.000194,0.0,0.0,0.0,0.014925,
0.0,2.908087,0.88224,-0.000066,0.0,1.570796,0.0,0.654666,-0.044268,0.0,0.0,0.0,-0.481038,-0.030494,-0.001953,0.823216,0.027759,0.018496,-0.053127,0.025575,0.00474,0.240158,-0.137073,-0.024721,0.000401,0.174482,0.0,-0.004273,0.0,0.0,0.0,-0.234239,-0.174482,0.0,-0.049322,0.0,0.0,0.0,0.0,0.0,0.0,0.0,-0.0,0.0,-0.0,0.0,0.0,0.001953,-0.004944,0.0,0.000194,0.0,0.000065,0.0,-0.000065,0.0,-0.000194,0.0,0.0,0.0,0.015199,
0.0,2.914649,0.881714,-0.000066,0.0,1.570796,0.0,0.656101,-0.052599,0.0,0.0,0.0,-0.488479,-0.030151,-0.001842,0.801827,0.021119,0.018985,-0.048832,0.025575,0.004526,0.24647,-0.145851,-0.024782,0.002785,0.174482,0.0,-0.004273,0.0,0.0,0.0,-0.240686,-0.174482,0.0,-0.055337,0.0,0.0,0.0,-0.0,0.0,-0.0,0.0,-0.0,0.0,0.0,0.0,0.0,0.001953,-0.004944,0.0,0.000194,0.0,0.000065,0.0,-0.000065,0.0,-0.000194,0.0,0.0,0.0,0.015573,
0.0,2.921238,0.881024,-0.000066,0.0,1.570796,0.0,0.658971,-0.068979,0.0,0.0,0.0,-0.492521,-0.029602,-0.001512,0.775974,0.014783,0.019534,-0.045206,0.025575,0.004312,0.254281,-0.155367,-0.024782,0.004891,0.174482,-0.0,-0.004273,0.0,0.0,0.0,-0.246111,-0.174482,-0.0,-0.061401,0.0,0.0,0.0,-0.0,0.0,-0.0,0.0,-0.0,0.0,0.0,0.0,-0.0,0.001953,-0.004944,0.0,0.000194,0.0,0.000065,0.0,-0.000065,0.0,-0.000194,0.0,0.0,0.0,0.016141,
0.0,2.927827,0.880335,-0.000066,0.0,1.570796,0.0,0.658879,-0.068972,0.0,0.0,0.0,-0.496562,-0.029052,-0.001183,0.75012,0.008447,0.020084,-0.041579,0.025575,0.004099,0.26209,-0.164882,-0.024782,0.006997,0.174482,-0.0,-0.004273,0.0,0.0,0.0,-0.251536,-0.174482,0.0,-0.067465,0.0,0.0,0.0,-0.0,0.0,-0.0,0.0,0.0,0.0,-0.0,0.0,-0.0,0.001953,-0.004944,0.0,0.000194,0.0,0.000065,-0.0,-0.000065,0.0,-0.000194,0.0,0.0,0.0,0.016708,
0.0,2.934418,0.879644,-0.000066,0.0,1.570796,0.0,0.659093,-0.069025,0.0,0.0,0.0,-0.500583,-0.028503,-0.000852,0.724246,0.002118,0.020633,-0.037947,0.025575,0.003885,0.269892,-0.174394,-0.024782,0.009103,0.174482,-0.0,-0.004273,0.0,0.0,0.0,-0.256952,-0.174482,-0.0,-0.073519,0.0,0.0,0.0,-0.0,0.0,0.0,0.0,-0.0,0.0,-0.0,0.0,0.0,0.001953,-0.004944,0.0,0.000194,0.0,0.000065,0.0,-0.000065,0.0,-0.000194,0.0,-0.0,0.0,0.017272,
0.0,2.941354,0.878819,-0.000066,0.0,1.570796,0.0,0.693578,-0.082527,0.0,0.0,0.0,-0.499771,-0.027935,-0.000303,0.692498,-0.002552,0.021182,-0.032801,0.025575,0.003672,0.27555,-0.18291,-0.024818,0.011154,0.174482,0.0,-0.004273,0.0,0.0,0.0,-0.260111,-0.174482,0.0,-0.077001,0.0,0.0,0.0,0.0,0.0,-0.0,0.0,-0.0,0.0,0.0,0.0,-0.0,0.001953,-0.004944,0.0,0.000194,0.0,0.000065,0.0,-0.000065,-0.0,-0.000194,0.0,0.0,0.0,0.016777,
0.0,2.948289,0.877994,-0.000066,0.0,1.570796,0.0,0.693578,-0.082527,0.0,0.0,0.0,-0.498958,-0.027368,0.000246,0.660738,-0.007222,0.021732,-0.027654,0.025575,0.003458,0.281209,-0.191426,-0.024855,0.013205,0.174482,0.0,-0.004273,0.0,0.0,0.0,-0.263269,-0.174482,0.0,-0.080483,0.0,0.0,0.0,-0.0,0.0,0.0,0.0,0.0,0.0,-0.0,0.0,0.0,0.001953,-0.004944,0.0,0.000194,0.0,0.000065,0.0,-0.000065,0.0,-0.000194,0.0,0.0,0.0,0.016283,
0.0,2.955225,0.877169,-0.000066,0.0,1.570796,0.0,0.693548,-0.082512,0.0,0.0,0.0,-0.498146,-0.0268,0.000796,0.628987,-0.011891,0.022281,-0.022508,0.025575,0.003244,0.286867,-0.199942,-0.024892,0.015256,0.174482,0.0,-0.004273,0.0,0.0,0.0,-0.266427,-0.174482,0.0,-0.083965,0.0,0.0,0.0,-0.0,0.0,-0.0,0.0,-0.0,0.0,0.0,0.0,0.0,0.001953,-0.004944,0.0,0.000194,0.0,0.000065,0.0,-0.000065,0.0,-0.000194,0.0,-0.0,0.0,0.015788,
0.0,2.962488,0.876333,-0.000066,0.0,1.570796,0.0,0.726293,-0.083623,0.0,0.0,0.0,-0.494738,-0.026294,0.001443,0.596949,-0.020148,0.022745,-0.016994,0.025575,0.003063,0.292258,-0.207663,-0.024928,0.017073,0.174482,0.0,-0.004273,0.0,0.0,0.0,-0.267975,-0.174482,0.0,-0.086292,0.0,0.0,0.0,0.0,0.0,-0.0,0.0,0.0,0.0,0.0,0.0,-0.0,0.001953,-0.004944,0.0,0.000194,0.0,0.000065,-0.0,-0.000065,0.0,-0.000194,0.0,0.0,0.0,0.015269,
0.0,2.969912,0.875491,-0.000066,0.0,1.570796,0.0,0.742376,-0.084156,0.0,0.0,0.0,-0.490057,-0.025817,0.002139,0.564754,-0.030166,0.023166,-0.011299,0.025575,0.002899,0.297516,-0.214993,-0.024965,0.018776,0.174482,0.0,-0.004273,0.0,0.0,0.0,-0.268733,-0.174482,0.0,-0.088051,0.0,-0.0,0.0,-0.0,0.0,-0.0,0.0,-0.0,0.0,-0.0,0.0,0.0,0.001953,-0.004944,0.0,0.000194,0.0,0.000065,-0.0,-0.000065,0.0,-0.000194,0.0,0.0,0.0,0.014738,
0.0,2.977335,0.87465,-0.000066,0.0,1.570796,0.0,0.742315,-0.084141,0.0,0.0,0.0,-0.485376,-0.025341,0.002835,0.532562,-0.040183,0.023587,-0.005604,0.025575,0.002734,0.302775,-0.222323,-0.025002,0.020479,0.174482,0.0,-0.004273,0.0,0.0,0.0,-0.269491,-0.174482,0.0,-0.089811,0.0,0.0,0.0,-0.0,0.0,-0.0,0.0,0.0,0.0,0.0,0.0,-0.0,0.001953,-0.004944,0.0,0.000194,0.0,0.000065,0.0,-0.000065,0.0,-0.000194,0.0,0.0,0.0,0.014207,
0.0,2.984986,0.873822,-0.000066,0.0,1.570796,0.0,0.765142,-0.082774,0.0,0.0,0.0,-0.482549,-0.024952,0.003488,0.507608,-0.051606,0.023928,0.001494,0.02555,0.002625,0.305758,-0.228698,-0.025026,0.022077,0.174482,-0.0,-0.004273,0.0,0.0,0.0,-0.269425,-0.174482,0.0,-0.091106,0.0,0.0,0.0,-0.0,0.0,0.0,0.0,0.0,0.0,0.0,0.0,0.0,0.001953,-0.004944,0.0,0.000194,0.0,0.000065,0.0,-0.000065,0.0,-0.000194,0.0,0.0,0.0,0.013856,
0.0,2.993083,0.873021,-0.000066,0.0,1.570796,0.0,0.809728,-0.08007,0.0,0.0,0.0,-0.48336,-0.024732,0.004055,0.496845,-0.065788,0.024111,0.011346,0.025477,0.002625,0.304276,-0.233197,-0.025026,0.023469,0.174482,0.0,-0.004273,0.0,0.0,0.0,-0.267744,-0.174482,-0.0,-0.091491,0.0,0.0,0.0,0.0,0.0,-0.0,0.0,-0.0,0.0,-0.0,0.0,-0.0,0.001953,-0.004944,0.0,0.000194,0.0,0.000065,0.0,-0.000065,0.0,-0.000194,0.0,0.0,0.0,0.013856,
0.0,3.001182,0.87222,-0.000066,0.0,1.570796,0.0,0.809789,-0.08007,0.0,0.0,0.0,-0.484171,-0.024512,0.004623,0.486081,-0.079972,0.024294,0.021198,0.025404,0.002625,0.302794,-0.237696,-0.025026,0.024861,0.174482,0.0,-0.004273,-0.0,0.0,0.0,-0.266062,-0.174482,0.0,-0.091876,0.0,0.0,0.0,0.0,0.0,-0.0,0.0,0.0,0.0,0.0,0.0,0.0,0.001953,-0.004944,0.0,0.000194,-0.0,0.000065,0.0,-0.000065,0.0,-0.000194,0.0,0.0,0.0,0.013856,
0.0,3.009279,0.87142,-0.000066,0.0,1.570796,0.0,0.809759,-0.08004,0.0,0.0,0.0,-0.484986,-0.024293,0.00519,0.475378,-0.094157,0.024477,0.031063,0.025331,0.002625,0.301288,-0.242182,-0.025026,0.026247,0.174482,0.0,-0.004273,0.0,0.0,0.0,-0.264376,-0.174482,0.0,-0.092256,-0.0,0.0,0.0,0.0,0.0,-0.0,0.0,-0.0,0.0,-0.0,0.0,0.0,0.001953,-0.004944,0.0,0.000194,0.0,0.000065,0.0,-0.000065,0.0,-0.000194,0.0,-0.0,0.0,0.013857,
0.0,3.0175,0.870657,-0.000066,0.0,1.570796,0.0,0.822057,-0.076308,0.0,0.0,0.0,-0.486779,-0.024165,0.005648,0.478658,-0.109273,0.024513,0.044069,0.025331,0.002625,0.293923,-0.243621,-0.025026,0.026357,0.174482,0.0,-0.004273,0.0,0.0,0.0,-0.261365,-0.174482,0.0,-0.091302,0.0,0.0,0.0,0.0,0.0,0.0,0.0,0.0,0.0,-0.0,0.0,-0.0,0.001953,-0.004944,0.0,0.000194,0.0,0.000065,0.0,-0.000065,0.0,-0.000194,0.0,0.0,0.0,0.014187,
0.0,3.02572,0.869894,-0.000066,0.0,1.570796,0.0,0.822026,-0.076301,0.0,0.0,0.0,-0.488571,-0.024036,0.006106,0.481939,-0.124389,0.02455,0.057075,0.025331,0.002625,0.286558,-0.24506,-0.025026,0.026467,0.174482,0.0,-0.004273,0.0,0.0,0.0,-0.258355,-0.174482,0.0,-0.090349,-0.0,0.0,0.0,0.0,0.0,0.0,0.0,0.0,0.0,-0.0,0.0,0.0,0.001953,-0.004944,0.0,0.000194,0.0,0.000065,0.0,-0.000065,0.0,-0.000194,0.0,0.0,0.0,0.014516,
0.0,3.03394,0.869131,-0.000066,0.0,1.570796,0.0,0.821996,-0.076301,0.0,0.0,0.0,-0.490364,-0.023908,0.006563,0.485219,-0.139505,0.024586,0.070081,0.025331,0.002625,0.279193,-0.246499,-0.025026,0.026577,0.174482,0.0,-0.004273,0.0,0.0,0.0,-0.255345,-0.174482,0.0,-0.089396,-0.0,0.0,0.0,0.0,0.0,0.0,0.0,0.0,0.0,-0.0,0.0,0.0,0.001953,-0.004944,0.0,0.000194,-0.0,0.000065,0.0,-0.000065,0.0,-0.000194,0.0,0.0,0.0,0.014846,
0.0,3.042405,0.868505,-0.000066,0.0,1.570796,0.0,0.846531,-0.062642,0.0,0.0,0.0,-0.48688,-0.023866,0.006788,0.483756,-0.147855,0.024623,0.083401,0.025331,0.002747,0.271304,-0.244807,-0.025026,0.027092,0.174482,0.0,-0.004273,0.0,0.0,0.0,-0.251384,-0.174482,0.0,-0.087275,0.0,0.0,0.0,-0.0,0.0,0.0,0.0,-0.0,0.0,0.0,0.0,-0.0,0.001953,-0.004944,0.0,0.000194,0.0,0.000065,0.0,-0.000065,0.0,-0.000194,-0.0,-0.0,0.0,0.015679,
0.0,3.050991,0.867945,-0.000066,0.0,1.570796,0.0,0.858555,-0.055943,0.0,0.0,0.0,-0.480809,-0.023866,0.006898,0.479967,-0.152887,0.02466,0.096877,0.025331,0.002931,0.263158,-0.241579,-0.025026,0.027806,0.174482,0.0,-0.004273,-0.0,0.0,0.0,-0.246955,-0.174482,0.0,-0.08458,0.0,0.0,0.0,0.0,0.0,-0.0,0.0,-0.0,0.0,-0.0,0.0,0.0,0.001953,-0.004944,0.0,0.000194,0.0,0.000065,0.0,-0.000065,0.0,-0.000194,-0.0,-0.0,0.0,0.01676,
0.0,3.059576,0.867386,-0.000066,0.0,1.570796,0.0,0.858494,-0.055935,0.0,0.0,0.0,-0.474738,-0.023866,0.007008,0.476178,-0.157919,0.024696,0.110352,0.025331,0.003114,0.255012,-0.238351,-0.025026,0.028521,0.174482,0.0,-0.004273,0.0,0.0,0.0,-0.242526,-0.174482,0.0,-0.081886,0.0,0.0,0.0,0.0,0.0,0.0,0.0,0.0,0.0,-0.0,0.0,-0.0,0.001953,-0.004944,0.0,0.000194,0.0,0.000065,0.0,-0.000065,0.0,-0.000194,0.0,0.0,0.0,0.01784,
0.0,3.06837,0.866915,-0.000066,0.0,1.570796,0.0,0.879459,-0.04703,0.0,0.0,0.0,-0.467075,-0.023866,0.007031,0.470893,-0.160054,0.024721,0.125247,0.025331,0.00339,0.244328,-0.232592,-0.025026,0.029693,0.174482,-0.0,-0.004273,0.0,0.0,0.0,-0.237583,-0.174482,0.0,-0.078536,0.0,0.0,0.0,0.0,0.0,0.0,0.0,-0.0,0.0,0.0,0.0,-0.0,0.001953,-0.004944,0.0,0.000194,0.0,0.000065,0.0,-0.000065,-0.0,-0.000194,-0.0,-0.0,0.0,0.019155,
0.0,3.077576,0.86662,-0.000066,0.0,1.570796,0.0,0.920565,-0.029564,0.0,0.0,0.0,-0.456289,-0.023866,0.006884,0.462674,-0.156509,0.024721,0.142931,0.025331,0.003847,0.228665,-0.221871,-0.025026,0.031762,0.174482,0.0,-0.004273,-0.0,0.0,0.0,-0.231629,-0.174482,0.0,-0.073901,0.0,0.0,0.0,0.0,0.0,-0.0,0.0,-0.0,0.0,0.0,0.0,0.0,0.001953,-0.004944,0.0,0.000194,-0.0,0.000065,0.0,-0.000065,0.0,-0.000194,0.0,-0.0,0.0,0.020932,
0.0,3.086782,0.866324,-0.000066,0.0,1.570796,0.0,0.920626,-0.029564,0.0,0.0,0.0,-0.445502,-0.023866,0.006738,0.454455,-0.152964,0.024721,0.160616,0.025331,0.004305,0.213001,-0.211149,-0.025026,0.033832,0.174482,0.0,-0.004273,0.0,0.0,0.0,-0.225675,-0.174482,0.0,-0.069265,0.0,0.0,0.0,0.0,0.0,0.0,0.0,0.0,0.0,0.0,0.0,0.0,0.001953,-0.004944,0.0,0.000194,0.0,0.000065,0.0,-0.000065,0.0,-0.000194,0.0,0.0,0.0,0.022708,
0.0,3.09599,0.866029,-0.000066,0.0,1.570796,0.0,0.920809,-0.029549,0.0,0.0,0.0,-0.434722,-0.023866,0.006591,0.446257,-0.149395,0.024721,0.178304,0.025331,0.004764,0.197332,-0.200406,-0.025026,0.035903,0.174482,0.0,-0.004273,0.0,0.0,0.0,-0.219712,-0.174482,0.0,-0.064621,0.0,0.0,0.0,-0.0,0.0,-0.0,0.0,-0.0,0.0,-0.0,0.0,-0.0,0.001953,-0.004944,0.0,0.000194,0.0,0.000065,-0.0,-0.000065,-0.0,-0.000194,0.0,-0.0,0.0,0.024477,
0.0,3.105867,0.865748,-0.000066,0.0,1.570796,0.0,0.987642,-0.028064,0.0,0.0,0.0,-0.425043,-0.023866,0.006261,0.442561,-0.140273,0.024721,0.197269,0.025257,0.005423,0.180002,-0.184708,-0.025026,0.038357,0.174482,0.0,-0.004273,-0.0,0.0,0.0,-0.211575,-0.174482,0.0,-0.058283,-0.0,-0.0,-0.0,0.0,0.0,-0.0,0.0,-0.0,0.0,-0.0,0.0,-0.0,0.001953,-0.004944,0.0,0.000194,0.0,0.000065,0.0,-0.000065,0.0,-0.000194,0.0,-0.0,0.0,0.024642,
0.0,3.115743,0.865467,-0.000066,0.0,1.570796,0.0,0.987673,-0.028064,0.0,0.0,0.0,-0.415364,-0.023866,0.005931,0.438864,-0.131152,0.024721,0.216237,0.025184,0.006082,0.162671,-0.169009,-0.025026,0.040811,0.174482,0.0,-0.004273,0.0,0.0,0.0,-0.203437,-0.174482,0.0,-0.051945,0.0,0.0,0.0,-0.0,0.0,-0.0,0.0,-0.0,0.0,0.0,0.0,0.0,0.001953,-0.004944,0.0,0.000194,-0.0,0.000065,0.0,-0.000065,0.0,-0.000194,0.0,0.0,0.0,0.024807,
0.0,3.125619,0.865187,-0.000066,0.0,1.570796,0.0,0.987581,-0.028064,0.0,0.0,0.0,-0.405686,-0.023866,0.005602,0.435167,-0.12203,0.024721,0.235203,0.025111,0.006742,0.145341,-0.153311,-0.025026,0.043265,0.174482,0.0,-0.004273,0.0,0.0,0.0,-0.1953,-0.174482,0.0,-0.045607,0.0,0.0,0.0,0.0,0.0,-0.0,0.0,0.0,0.0,-0.0,0.0,-0.0,0.001953,-0.004944,0.0,0.000194,0.0,0.000065,0.0,-0.000065,0.0,-0.000194,0.0,-0.0,0.0,0.024972,
0.0,3.135144,0.865146,-0.000066,0.0,1.570796,0.0,0.952515,-0.004103,0.0,0.0,0.0,-0.396855,-0.023977,0.005211,0.432329,-0.111758,0.024647,0.247176,0.025087,0.007315,0.139644,-0.137511,-0.025026,0.044072,0.174482,-0.0,-0.004273,0.0,0.0,0.0,-0.186826,-0.174482,0.0,-0.03938,0.0,0.0,0.0,0.0,0.0,-0.0,0.0,0.0,0.0,0.0,0.0,0.0,0.001953,-0.004944,0.0,0.000194,0.0,0.000065,0.0,-0.000065,0.0,-0.000194,0.0,-0.0,0.0,0.024596,
0.0,3.144498,0.865222,-0.000066,0.0,1.570796,0.0,0.935333,0.007638,0.0,0.0,0.0,-0.388438,-0.024141,0.004789,0.429911,-0.100922,0.024537,0.255724,0.025087,0.007846,0.139644,-0.12166,-0.025026,0.044072,0.174482,0.0,-0.004273,0.0,0.0,0.0,-0.178185,-0.174482,0.0,-0.033208,0.0,0.0,0.0,0.0,0.0,-0.0,0.0,-0.0,0.0,-0.0,0.0,-0.0,0.001953,-0.004944,0.0,0.000194,0.0,0.000065,0.0,-0.000065,0.0,-0.000194,0.0,0.0,0.0,0.023955,
0.0,3.153851,0.865298,-0.000066,0.0,1.570796,0.0,0.935363,0.00763,0.0,0.0,0.0,-0.38002,-0.024306,0.004368,0.427493,-0.090085,0.024427,0.264272,0.025087,0.008377,0.139644,-0.105808,-0.025026,0.044072,0.174482,0.0,-0.004273,0.0,0.0,0.0,-0.169544,-0.174482,0.0,-0.027036,0.0,0.0,0.0,0.0,0.0,0.0,0.0,-0.0,0.0,0.0,0.0,0.0,0.001953,-0.004944,0.0,0.000194,0.0,0.000065,0.0,-0.000065,0.0,-0.000194,0.0,-0.0,0.0,0.023314,
0.0,3.162888,0.865543,-0.000066,0.0,1.570796,0.0,0.903624,0.024459,0.0,0.0,0.0,-0.371348,-0.02444,0.003984,0.424697,-0.080664,0.024354,0.262766,0.025248,0.008728,0.15759,-0.09547,-0.024933,0.042779,0.174482,0.0,-0.004273,0.0,0.0,0.0,-0.161025,-0.174482,0.0,-0.021366,0.0,0.0,0.0,0.0,0.0,-0.0,0.0,-0.0,0.0,-0.0,0.0,0.0,0.001953,-0.004944,0.0,0.000194,0.0,0.000065,0.0,-0.000065,0.0,-0.000194,0.0,0.0,0.0,0.022568,
0.0,3.171304,0.866117,-0.000066,0.0,1.570796,0.0,0.841701,0.057414,0.0,0.0,0.0,-0.362172,-0.024513,0.003673,0.421158,-0.074013,0.024354,0.24156,0.025724,0.008728,0.210753,-0.095928,-0.024658,0.038951,0.174482,0.0,-0.004273,0.0,0.0,0.0,-0.152743,-0.174482,0.0,-0.016678,0.0,0.0,0.0,0.0,0.0,0.0,0.0,0.0,0.0,0.0,0.0,0.0,0.001953,-0.004944,0.0,0.000194,0.0,0.000065,0.0,-0.000065,0.0,-0.000194,0.0,0.0,0.0,0.021615,
0.0,3.179721,0.866691,-0.000066,0.0,1.570796,0.0,0.841671,0.057421,0.0,0.0,0.0,-0.352997,-0.024587,0.003362,0.41762,-0.067361,0.024354,0.220353,0.0262,0.008728,0.263938,-0.096386,-0.024384,0.035123,0.174482,0.0,-0.004273,-0.0,0.0,0.0,-0.144461,-0.174482,0.0,-0.01199,0.0,0.0,0.0,0.0,0.0,0.0,0.0,0.0,0.0,0.0,0.0,-0.0,0.001953,-0.004944,0.0,0.000194,0.0,0.000065,0.0,-0.000065,0.0,-0.000194,0.0,0.0,0.0,0.020663,
0.0,3.188136,0.867267,-0.000066,0.0,1.570796,0.0,0.841488,0.05752,0.0,0.0,0.0,-0.343824,-0.02466,0.003052,0.414097,-0.060756,0.024354,0.199108,0.026678,0.008731,0.317126,-0.096801,-0.024107,0.031275,0.174482,0.0,-0.004273,0.0,0.0,0.0,-0.136187,-0.174482,0.0,-0.007324,0.0,0.0,0.0,0.0,0.0,-0.0,0.0,0.0,0.0,-0.0,0.0,-0.0,0.001953,-0.004944,0.0,0.000194,0.0,0.000065,0.0,-0.000065,0.0,-0.000194,0.0,0.0,0.0,0.019722,
0.0,3.196065,0.868051,-0.000066,0.0,1.570796,0.0,0.792902,0.078445,0.0,0.0,0.0,-0.335193,-0.02466,0.003052,0.413966,-0.063962,0.024354,0.169363,0.027612,0.009372,0.381005,-0.087913,-0.023411,0.023273,0.174482,0.0,-0.004273,0.0,0.0,0.0,-0.129619,-0.174482,0.0,-0.00714,0.0,-0.0,-0.0,0.0,0.0,-0.0,0.0,-0.0,0.0,0.0,0.0,-0.0,0.001953,-0.004944,-0.0,0.000194,0.0,0.000065,0.0,-0.000065,0.0,-0.000194,0.0,0.0,0.0,0.021077,
0.0,3.203995,0.868836,-0.000066,0.0,1.570796,0.0,0.792963,0.07846,0.0,0.0,0.0,-0.326561,-0.02466,0.003052,0.413835,-0.067169,0.024354,0.139605,0.028546,0.010013,0.444978,-0.079023,-0.022715,0.015271,0.174482,0.0,-0.004273,0.0,0.0,0.0,-0.12305,-0.174482,0.0,-0.006957,0.0,0.0,0.0,0.0,0.0,0.0,0.0,0.0,0.0,0.0,0.0,0.0,0.001953,-0.004944,-0.0,0.000194,0.0,0.000065,0.0,-0.000065,0.0,-0.000194,0.0,0.0,0.0,0.022432,
0.0,3.211924,0.86962,-0.000066,0.0,1.570796,0.0,0.792933,0.078452,0.0,0.0,0.0,-0.317929,-0.02466,0.003052,0.413704,-0.070375,0.024354,0.109854,0.02948,0.010654,0.508903,-0.070135,-0.022019,0.007268,0.174482,0.0,-0.004273,0.0,0.0,0.0,-0.116482,-0.174482,0.0,-0.006774,0.0,0.0,0.0,-0.0,0.0,0.0,0.0,-0.0,0.0,0.0,0.0,0.0,0.001953,-0.004944,0.0,0.000194,0.0,0.000065,0.0,-0.000065,0.0,-0.000194,0.0,0.0,0.0,0.023787,
0.0,3.219471,0.870419,-0.000066,0.0,1.570796,0.0,0.754633,0.07993,0.0,0.0,0.0,-0.308206,-0.02466,0.003138,0.410661,-0.075293,0.024354,0.07753,0.031017,0.012094,0.569942,-0.049731,-0.020364,-0.000648,0.174482,0.0,-0.005687,0.0,0.0,0.0,-0.111135,-0.174482,0.0,-0.006542,0.0,0.0,0.0,-0.0,0.0,0.0,0.0,0.0,0.0,0.0,0.0,0.0,0.001953,-0.004944,0.0,0.000194,0.0,0.000065,0.0,-0.000065,0.0,-0.000194,0.0,0.0,0.0,0.024786,
0.0,3.22683,0.871226,-0.000066,0.0,1.570796,0.0,0.735895,0.080669,0.0,0.0,0.0,-0.297947,-0.02466,0.003266,0.406193,-0.081049,0.024354,0.043929,0.032848,0.013925,0.629695,-0.023686,-0.01824,-0.008522,0.174482,0.0,-0.007792,0.0,0.0,0.0,-0.106385,-0.174482,0.0,-0.006286,-0.0,0.0,0.0,0.0,0.0,-0.0,0.0,0.0,0.0,0.0,0.0,0.0,0.001953,-0.004944,0.0,0.000194,0.0,0.000065,0.0,-0.000065,0.0,-0.000194,0.0,0.0,0.0,0.02561,
0.0,3.234189,0.872033,-0.000066,0.0,1.570796,0.0,0.735926,0.080661,0.0,0.0,0.0,-0.287688,-0.02466,0.003394,0.401724,-0.086805,0.024354,0.010326,0.03468,0.015757,0.689451,0.00236,-0.016116,-0.016396,0.174482,-0.0,-0.009898,0.0,0.0,0.0,-0.101636,-0.174482,-0.0,-0.006029,0.0,0.0,0.0,0.0,0.0,0.0,0.0,0.0,0.0,0.0,0.0,0.0,0.001953,-0.004944,0.0,0.000194,0.0,0.000065,0.0,-0.000065,0.0,-0.000194,0.0,-0.0,0.0,0.026434,
0.0,3.241392,0.872814,-0.000066,0.0,1.570796,0.0,0.720332,0.078142,0.0,0.0,0.0,-0.277501,-0.024622,0.003522,0.397037,-0.092561,0.024354,-0.021598,0.036517,0.017458,0.74277,0.028032,-0.013812,-0.024296,0.174482,-0.0,-0.012679,0.0,0.0,0.0,-0.097345,-0.174482,0.0,-0.00586,0.0,0.0,0.0,0.0,0.0,-0.0,0.0,-0.0,0.0,-0.0,0.0,-0.0,0.001953,-0.004944,0.0,0.000194,0.0,0.000065,0.0,-0.000065,0.0,-0.000194,0.0,0.0,0.0,0.026626,
0.0,3.248289,0.873546,-0.000066,0.0,1.570796,0.0,0.689753,0.073196,0.0,0.0,0.0,-0.267452,-0.024513,0.003651,0.391923,-0.098317,0.024354,-0.05027,0.038367,0.018904,0.783667,0.052984,-0.011157,-0.032244,0.174482,0.0,-0.016781,-0.0,0.0,0.0,-0.093954,-0.174482,0.0,-0.00586,0.0,0.0,0.0,0.0,0.0,0.0,0.0,-0.0,0.0,-0.0,0.0,-0.0,0.001953,-0.004944,0.0,0.000194,0.0,0.000065,0.0,-0.000065,0.0,-0.000194,0.0,0.0,0.0,0.025582,
0.0,3.255188,0.874278,-0.000066,0.0,1.570796,0.0,0.689814,0.073212,0.0,0.0,0.0,-0.257402,-0.024403,0.003779,0.386808,-0.104073,0.024354,-0.078949,0.040217,0.020351,0.824581,0.077942,-0.008502,-0.040193,0.174482,0.0,-0.020883,0.0,0.0,0.0,-0.090563,-0.174482,0.0,-0.00586,0.0,0.0,0.0,0.0,0.0,-0.0,-0.0,0.0,0.0,-0.0,0.0,-0.0,0.001953,-0.004944,0.0,0.000194,0.0,0.000065,0.0,-0.000065,0.0,-0.000194,0.0,0.0,0.0,0.024538,
0.0,3.262083,0.87501,-0.000066,0.0,1.570796,0.0,0.689509,0.073189,0.0,0.0,0.0,-0.247354,-0.024293,0.003906,0.381688,-0.109815,0.024354,-0.107588,0.042062,0.021792,0.865373,0.102821,-0.005853,-0.048143,0.174482,0.0,-0.024988,0.0,0.0,0.0,-0.087162,-0.174482,0.0,-0.00586,0.0,0.0,0.0,-0.0,0.0,0.0,0.0,-0.0,0.0,-0.0,0.0,-0.0,0.001953,-0.004944,0.0,0.000194,0.0,0.000065,0.0,-0.000065,0.0,-0.000194,0.0,0.0,0.0,0.023485,
0.0,3.268457,0.875722,-0.000066,0.0,1.570796,0.0,0.637385,0.071224,0.0,0.0,0.0,-0.237418,-0.024293,0.003906,0.375391,-0.112915,0.024354,-0.130097,0.042978,0.02214,0.886895,0.113149,-0.004479,-0.056589,0.174482,-0.0,-0.029787,0.0,0.0,0.0,-0.081848,-0.174482,0.0,-0.00586,0.0,0.0,0.0,-0.0,0.0,-0.0,0.0,0.0,0.0,-0.0,0.0,0.0,0.001953,-0.004944,0.0,0.000194,0.0,0.000065,0.0,-0.000065,0.0,-0.000194,0.0,0.0,0.0,0.020445,
0.0,3.274831,0.876435,-0.000066,0.0,1.570796,0.0,0.637385,0.071224,0.0,0.0,0.0,-0.227482,-0.024293,0.003906,0.369093,-0.116014,0.024354,-0.152609,0.043894,0.022488,0.908419,0.123477,-0.003106,-0.065035,0.174482,0.0,-0.034585,0.0,0.0,0.0,-0.076534,-0.174482,0.0,-0.00586,0.0,0.0,0.0,0.0,0.0,-0.0,0.0,-0.0,0.0,-0.0,0.0,-0.0,0.001953,-0.004944,0.0,0.000194,0.0,0.000065,0.0,-0.000065,0.0,-0.000194,0.0,-0.0,0.0,0.017405,
0.0,3.281205,0.877147,-0.000066,0.0,1.570796,0.0,0.637446,0.071224,0.0,0.0,0.0,-0.217545,-0.024293,0.003906,0.362796,-0.119114,0.024354,-0.175121,0.04481,0.022836,0.929943,0.133806,-0.001733,-0.073481,0.174482,0.0,-0.039383,0.0,0.0,0.0,-0.071219,-0.174482,0.0,-0.00586,0.0,0.0,0.0,0.0,0.0,-0.0,0.0,-0.0,0.0,0.0,0.0,0.0,0.001953,-0.004944,0.0,0.000194,0.0,0.000065,0.0,-0.000065,0.0,-0.000194,0.0,0.0,0.0,0.014365,
0.0,3.287348,0.877762,-0.000066,0.0,1.570796,0.0,0.614284,0.061503,0.0,0.0,0.0,-0.206572,-0.024293,0.003906,0.354436,-0.121266,0.024354,-0.196874,0.045282,0.022754,0.945183,0.133709,-0.001282,-0.082829,0.174482,-0.0,-0.044933,0.0,0.0,0.0,-0.066398,-0.174482,0.0,-0.00586,0.0,0.0,0.0,-0.0,0.0,0.0,0.0,-0.0,0.0,0.0,0.0,0.0,0.001953,-0.004944,0.0,0.000194,0.0,0.000065,0.0,-0.000065,0.0,-0.000194,0.0,0.0,0.0,0.011485,
0.0,3.293378,0.878329,-0.000066,0.0,1.570796,0.0,0.603023,0.056757,0.0,0.0,0.0,-0.195091,-0.024293,0.003906,0.345068,-0.122954,0.024354,-0.218263,0.045539,0.022461,0.957355,0.128516,-0.001282,-0.092618,0.174482,0.0,-0.050849,-0.0,-0.0,-0.0,-0.061818,-0.174482,-0.0,-0.00586,-0.0,0.0,0.0,0.0,-0.0,-0.0,0.0,-0.0,-0.0,-0.0,0.0,0.0,0.001953,-0.004944,0.0,0.000194,0.0,0.000065,0.0,-0.000065,0.0,-0.000194,0.0,-0.0,0.0,0.008684,
0.0,3.299408,0.878897,-0.000066,0.0,1.570796,0.0,0.603023,0.056757,0.0,0.0,0.0,-0.18361,-0.024293,0.003906,0.335699,-0.124641,0.024354,-0.239652,0.045795,0.022168,0.969527,0.123323,-0.001282,-0.102406,0.174482,0.0,-0.056766,-0.0,0.0,0.0,-0.057238,-0.174482,-0.0,-0.00586,0.0,0.0,0.0,0.0,0.0,0.0,-0.0,0.0,0.0,0.0,0.0,-0.0,0.001953,-0.004944,0.0,0.000194,0.0,0.000065,0.0,-0.000065,0.0,-0.000194,0.0,-0.0,0.0,0.005882,
0.0,3.305396,0.879393,-0.000066,0.0,1.570796,0.0,0.598813,0.049623,0.0,0.0,0.0,-0.171595,-0.024269,0.003906,0.32535,-0.126168,0.024354,-0.260042,0.045804,0.021639,0.97905,0.116406,-0.00161,-0.112789,0.174482,0.0,-0.063148,0.0,0.0,0.0,-0.053085,-0.174482,0.0,-0.00586,0.0,0.0,0.0,0.0,0.0,0.0,0.0,0.0,0.0,0.0,0.0,0.0,0.001953,-0.004944,0.0,0.000194,0.0,0.000065,0.0,-0.000065,0.0,-0.000194,0.0,0.0,0.0,0.003526,
0.0,3.311302,0.87975,-0.000066,0.0,1.570796,0.0,0.590543,0.035699,0.0,0.0,0.0,-0.158535,-0.024195,0.003906,0.31308,-0.127379,0.024354,-0.278487,0.045328,0.02065,0.983393,0.106119,-0.002581,-0.124331,0.174482,0.0,-0.070441,-0.0,-0.0,0.0,-0.04977,-0.174482,0.0,-0.00586,0.0,0.0,0.0,0.0,-0.0,-0.0,0.0,0.0,0.0,-0.0,0.0,0.0,0.001953,-0.004944,0.0,0.000194,0.0,0.000065,-0.0,-0.000065,0.0,-0.000194,0.0,0.0,0.0,0.002043,
0.0,3.317207,0.880107,-0.000066,0.0,1.570796,0.0,0.590482,0.035684,0.0,0.0,0.0,-0.145477,-0.024122,0.003906,0.300812,-0.12859,0.024354,-0.296931,0.044851,0.019661,0.987736,0.095833,-0.003551,-0.135872,0.174482,0.0,-0.077734,0.0,0.0,0.0,-0.046455,-0.174482,0.0,-0.00586,0.0,0.0,0.0,0.0,0.0,-0.0,0.0,-0.0,0.0,0.0,0.0,0.0,0.001953,-0.004944,0.0,0.000194,0.0,0.000065,0.0,-0.000065,0.0,-0.000194,0.0,0.0,0.0,0.00056,
0.0,3.323112,0.880462,-0.000066,0.0,1.570796,0.0,0.590482,0.035531,0.0,0.0,0.0,-0.132415,-0.024049,0.003906,0.288537,-0.129804,0.024354,-0.315356,0.044373,0.018671,0.992038,0.085545,-0.004524,-0.147413,0.174482,0.0,-0.085026,0.0,0.0,0.0,-0.043141,-0.174482,0.0,-0.00586,0.0,0.0,0.0,0.0,0.0,0.0,0.0,0.0,0.0,0.0,0.0,-0.0,0.001953,-0.004944,0.0,0.000194,0.0,0.000065,0.0,-0.000065,0.0,-0.000194,0.0,0.0,0.0,-0.000921,
0.0,3.328914,0.8805,-0.000066,0.0,1.570796,0.0,0.58023,0.003807,0.0,0.0,0.0,-0.118698,-0.024049,0.003906,0.275051,-0.131492,0.024354,-0.330294,0.043402,0.017352,0.988442,0.074845,-0.005842,-0.158584,0.174482,0.0,-0.092084,0.0,0.0,0.0,-0.040156,-0.174482,0.0,-0.00586,0.0,0.0,0.0,0.0,0.0,0.0,0.0,-0.0,0.0,-0.0,0.0,-0.0,0.001953,-0.004944,0.0,0.000194,0.0,0.000065,0.0,-0.000065,0.0,-0.000194,0.0,0.0,0.0,-0.001909,
0.0,3.334716,0.880539,-0.000066,0.0,1.570796,0.0,0.5802,0.003807,0.0,0.0,0.0,-0.10498,-0.024049,0.003906,0.261564,-0.13318,0.024354,-0.345232,0.042431,0.016034,0.984846,0.064145,-0.00716,-0.169756,0.174482,-0.0,-0.099142,-0.0,-0.0,-0.0,-0.037171,-0.174482,0.0,-0.00586,0.0,0.0,0.0,0.0,-0.0,-0.0,-0.0,0.0,0.0,0.0,0.0,0.0,0.001953,-0.004944,0.0,0.000194,0.0,0.000065,0.0,-0.000065,0.0,-0.000194,0.0,-0.0,0.0,-0.002898,
0.0,3.340519,0.880577,-0.000066,0.0,1.570796,0.0,0.580291,0.003807,0.0,0.0,0.0,-0.091261,-0.024049,0.003906,0.248077,-0.134869,0.024354,-0.360171,0.04146,0.014715,0.981249,0.053444,-0.008479,-0.180928,0.174482,0.0,-0.1062,0.0,0.0,0.0,-0.034185,-0.174482,0.0,-0.00586,0.0,0.0,0.0,0.0,0.0,-0.0,-0.0,0.0,0.0,0.0,0.0,-0.0,0.001953,-0.004944,0.0,0.000194,0.0,0.000065,0.0,-0.000065,0.0,-0.000194,0.0,0.0,0.0,-0.003887,
0.0,3.346389,0.880457,-0.000066,0.0,1.570796,0.0,0.587067,-0.011916,0.0,0.0,0.0,-0.081282,-0.024049,0.003906,0.24209,-0.137939,0.024354,-0.376313,0.040625,0.013594,0.976994,0.045589,-0.009514,-0.191061,0.174482,-0.0,-0.112694,0.0,0.0,0.0,-0.031274,-0.174482,0.0,-0.00586,0.0,0.0,0.0,0.0,0.0,-0.0,0.0,-0.0,0.0,-0.0,0.0,-0.0,0.001953,-0.004944,0.0,0.000194,0.0,0.000065,0.0,-0.000065,0.0,-0.000194,0.0,-0.0,0.0,-0.004507,
0.0,3.352293,0.880262,-0.000066,0.0,1.570796,0.0,0.590394,-0.019591,0.0,0.0,0.0,-0.073128,-0.024049,0.003906,0.239766,-0.141684,0.024354,-0.393043,0.039856,0.012568,0.972416,0.039124,-0.010412,-0.200687,0.174482,0.0,-0.118913,0.0,0.0,0.0,-0.028399,-0.174482,0.0,-0.00586,0.0,0.0,0.0,-0.0,0.0,0.0,0.0,0.0,0.0,0.0,0.0,0.0,0.001953,-0.004944,0.0,0.000194,0.0,0.000065,0.0,-0.000065,0.0,-0.000194,0.0,0.0,0.0,-0.004946,
0.0,3.358197,0.880066,-0.000066,0.0,1.570796,0.0,0.590394,-0.019584,0.0,0.0,0.0,-0.064974,-0.024049,0.003906,0.237442,-0.145429,0.024354,-0.409773,0.039087,0.011543,0.967839,0.032659,-0.011309,-0.210312,0.174482,0.0,-0.125132,0.0,0.0,0.0,-0.025523,-0.174482,-0.0,-0.00586,0.0,0.0,0.0,-0.0,0.0,0.0,0.0,0.0,0.0,0.0,0.0,0.0,0.001953,-0.004944,0.0,0.000194,0.0,0.000065,0.0,-0.000065,0.0,-0.000194,0.0,0.0,0.0,-0.005386,
0.0,3.364206,0.879808,-0.000066,0.0,1.570796,0.0,0.600893,-0.025748,0.0,0.0,0.0,-0.056647,-0.024049,0.003937,0.235,-0.149454,0.024354,-0.425374,0.038333,0.010604,0.96148,0.026324,-0.012169,-0.219206,0.174482,0.0,-0.130985,0.0,0.0,0.0,-0.022642,-0.174482,0.0,-0.00586,0.0,0.0,0.0,0.0,0.0,0.0,0.0,0.0,0.0,0.0,0.0,-0.0,0.001953,-0.004944,0.0,0.000194,0.0,0.000065,0.0,-0.000065,0.0,-0.000194,0.0,0.0,0.0,-0.005676,
0.0,3.370421,0.879431,-0.000066,0.0,1.570796,0.0,0.621462,-0.037755,0.0,0.0,0.0,-0.047983,-0.024049,0.004029,0.232327,-0.154028,0.024354,-0.438777,0.037609,0.009835,0.951641,0.020244,-0.012956,-0.226671,0.174482,0.0,-0.136124,0.0,0.0,0.0,-0.019749,-0.174482,0.0,-0.00586,0.0,0.0,0.0,-0.0,0.0,-0.0,0.0,-0.0,0.0,-0.0,0.0,-0.0,0.001953,-0.004944,0.0,0.000194,0.0,0.000065,0.0,-0.000065,0.0,-0.000194,0.0,0.0,0.0,-0.005676,
0.0,3.376634,0.879053,-0.000066,0.0,1.570796,0.0,0.621371,-0.037755,0.0,0.0,0.0,-0.03932,-0.024049,0.00412,0.229654,-0.158601,0.024354,-0.452179,0.036886,0.009066,0.941803,0.014165,-0.013744,-0.234136,0.174482,0.0,-0.141263,0.0,0.0,0.0,-0.016855,-0.174482,0.0,-0.00586,0.0,0.0,0.0,0.0,0.0,0.0,0.0,0.0,0.0,0.0,0.0,0.0,0.001953,-0.004944,0.0,0.000194,0.0,0.000065,0.0,-0.000065,0.0,-0.000194,0.0,0.0,0.0,-0.005676,
0.0,3.382849,0.878676,-0.000066,0.0,1.570796,0.0,0.621493,-0.037762,0.0,0.0,0.0,-0.030646,-0.024049,0.004212,0.226962,-0.163169,0.024354,-0.465553,0.036163,0.008298,0.931921,0.008082,-0.014531,-0.24159,0.174482,0.0,-0.146398,0.0,0.0,0.0,-0.013965,-0.174482,0.0,-0.00586,0.0,0.0,0.0,0.0,0.0,-0.0,0.0,-0.0,0.0,0.0,0.0,0.0,0.001953,-0.004944,0.0,0.000194,0.0,0.000065,0.0,-0.000065,0.0,-0.000194,0.0,0.0,0.0,-0.005677,
0.0,3.389192,0.878289,-0.000066,0.0,1.570796,0.0,0.63428,-0.038624,0.0,0.0,0.0,-0.020025,-0.024049,0.004212,0.22081,-0.16666,0.024262,-0.473545,0.035439,0.00773,0.914138,0.001435,-0.015319,-0.246924,0.174482,0.0,-0.15053,0.0,0.0,0.0,-0.011547,-0.174482,0.0,-0.00586,0.0,0.0,0.0,-0.0,0.0,0.0,-0.0,0.0,0.0,-0.0,-0.0,0.0,0.001953,-0.004944,0.0,0.000194,0.0,0.000065,0.0,-0.000065,0.0,-0.000194,0.0,-0.0,0.0,-0.005861,
0.0,3.395535,0.877903,-0.000066,0.0,1.570796,0.0,0.634341,-0.038624,0.0,0.0,0.0,-0.009403,-0.024049,0.004212,0.214658,-0.170152,0.024171,-0.481537,0.034716,0.007163,0.896351,-0.005212,-0.016106,-0.252258,0.174482,0.0,-0.154662,-0.0,0.0,0.0,-0.00913,-0.174482,-0.0,-0.00586,0.0,0.0,0.0,0.0,0.0,-0.0,0.0,-0.0,0.0,0.0,-0.0,-0.0,0.001953,-0.004944,0.0,0.000194,0.0,0.000065,0.0,-0.000065,0.0,-0.000194,0.0,0.0,0.0,-0.006044,
0.0,3.401878,0.877517,-0.000066,0.0,1.570796,0.0,0.634249,-0.038624,0.0,0.0,0.0,0.001217,-0.024049,0.004212,0.208506,-0.173643,0.024079,-0.489529,0.033992,0.006595,0.878568,-0.011859,-0.016893,-0.257591,0.174482,0.0,-0.158794,0.0,0.0,0.0,-0.006713,-0.174482,0.0,-0.00586,0.0,0.0,0.0,-0.0,0.0,0.0,0.0,0.0,0.0,0.0,0.0,-0.0,0.001953,-0.004944,0.0,0.000194,0.0,0.000065,0.0,-0.000065,0.0,-0.000194,0.0,-0.0,0.0,-0.006227,
0.0,3.408226,0.877094,-0.000066,0.0,1.570796,0.0,0.634829,-0.042255,0.0,0.0,0.0,0.010768,-0.024049,0.004212,0.204274,-0.177396,0.02404,-0.494295,0.033324,0.006175,0.856309,-0.017817,-0.017582,-0.261687,0.174482,0.0,-0.162286,0.0,0.0,0.0,-0.004788,-0.174482,0.0,-0.00586,0.0,0.0,0.0,-0.0,0.0,-0.0,-0.0,-0.0,0.0,-0.0,-0.0,0.0,0.001953,-0.004944,0.0,0.000194,0.0,0.000065,-0.0,-0.000065,-0.0,-0.000194,0.0,0.0,0.0,-0.006471,
0.0,3.414577,0.876654,-0.000066,0.0,1.570796,0.0,0.635104,-0.044033,0.0,0.0,0.0,0.019796,-0.024049,0.004212,0.20098,-0.181276,0.024026,-0.497488,0.032683,0.005827,0.831861,-0.02344,-0.018223,-0.265178,0.174482,0.0,-0.165465,0.0,0.0,0.0,-0.003104,-0.174482,0.0,-0.00586,-0.0,0.0,0.0,-0.0,0.0,-0.0,0.0,0.0,0.0,-0.0,0.0,0.0,0.001953,-0.004944,0.0,0.000194,0.0,0.000065,0.0,-0.000065,0.0,-0.000194,0.0,0.0,0.0,-0.006746,
0.0,3.420928,0.876214,-0.000066,0.0,1.570796,0.0,0.635043,-0.044025,0.0,0.0,0.0,0.028824,-0.024049,0.004212,0.197686,-0.185155,0.024012,-0.500681,0.032042,0.005479,0.807415,-0.029061,-0.018864,-0.26867,0.174482,0.0,-0.168643,0.0,0.0,0.0,-0.001419,-0.174482,0.0,-0.00586,0.0,0.0,0.0,0.0,0.0,-0.0,0.0,-0.0,0.0,-0.0,0.0,0.0,0.001953,-0.004944,0.0,0.000194,0.0,0.000065,0.0,-0.000065,0.0,-0.000194,0.0,0.0,0.0,-0.007021,
0.0,3.42731,0.875746,-0.000066,0.0,1.570796,0.0,0.638156,-0.046802,0.0,0.0,0.0,0.036978,-0.024049,0.004246,0.196063,-0.189298,0.023999,-0.502728,0.031426,0.005175,0.781257,-0.034287,-0.019449,-0.271592,0.174482,-0.0,-0.171505,0.0,0.0,-0.0,-0.000014,-0.174482,0.0,-0.00586,0.0,0.0,0.0,-0.0,0.0,-0.0,-0.0,0.0,0.0,0.0,0.0,-0.0,0.001953,-0.004944,0.0,0.000194,0.0,0.000065,0.0,-0.000065,0.0,-0.000194,0.0,0.0,0.0,-0.007314,
0.0,3.433751,0.875224,-0.000066,0.0,1.570796,0.0,0.644138,-0.052196,0.0,0.0,0.0,0.043425,-0.024049,0.004346,0.1977,-0.193953,0.023985,-0.502539,0.030858,0.004955,0.751741,-0.038737,-0.019925,-0.273404,0.174482,0.0,-0.173747,0.0,0.0,0.0,0.000847,-0.174482,0.0,-0.00586,0.0,0.0,0.0,-0.0,0.0,0.0,0.0,0.0,0.0,-0.0,0.0,-0.0,0.001953,-0.004944,0.0,0.000194,0.0,0.000065,0.0,-0.000065,0.0,-0.000194,0.0,-0.0,0.0,-0.007644,
0.0,3.440193,0.874702,-0.000066,0.0,1.570796,0.0,0.644199,-0.052196,0.0,0.0,0.0,0.049873,-0.024049,0.004447,0.199338,-0.198608,0.023971,-0.50235,0.030291,0.004735,0.722219,-0.043188,-0.020402,-0.275215,0.174482,-0.0,-0.17599,0.0,0.0,0.0,0.001708,-0.174482,0.0,-0.00586,0.0,0.0,0.0,-0.0,0.0,0.0,0.0,0.0,0.0,0.0,0.0,-0.0,0.001953,-0.004944,0.0,0.000194,0.0,0.000065,0.0,-0.000065,0.0,-0.000194,0.0,0.0,0.0,-0.007973,
0.0,3.446636,0.874179,-0.000066,0.0,1.570796,0.0,0.644321,-0.052272,0.0,0.0,0.0,0.056314,-0.024049,0.004548,0.20099,-0.203261,0.023958,-0.502151,0.029723,0.004516,0.692699,-0.047645,-0.020878,-0.277014,0.174482,0.0,-0.178223,0.0,0.0,0.0,0.002567,-0.174482,0.0,-0.00586,0.0,0.0,0.0,0.0,0.0,0.0,0.0,0.0,0.0,-0.0,0.0,0.0,0.001953,-0.004944,0.0,0.000194,0.0,0.000065,0.0,-0.000065,0.0,-0.000194,0.0,0.0,0.0,-0.008301,
0.0,3.453445,0.87353,-0.000066,0.0,1.570796,0.0,0.680882,-0.064919,0.0,0.0,0.0,0.061774,-0.023994,0.004649,0.205114,-0.207625,0.023944,-0.500262,0.029229,0.004296,0.661367,-0.053361,-0.021354,-0.276645,0.174482,0.0,-0.17883,0.0,0.0,0.0,0.003171,-0.174482,0.0,-0.00586,0.0,0.0,0.0,0.0,0.0,0.0,0.0,0.0,0.0,0.0,-0.0,0.0,0.001953,-0.004944,0.0,0.000194,0.0,0.000065,0.0,-0.000065,0.0,-0.000194,0.0,0.0,0.0,-0.008301,
0.0,3.460253,0.872881,-0.000066,0.0,1.570796,0.0,0.680821,-0.064912,0.0,0.0,0.0,0.067234,-0.023939,0.004749,0.209238,-0.211989,0.02393,-0.498372,0.028734,0.004076,0.630026,-0.059077,-0.02183,-0.276275,0.174482,0.0,-0.179437,0.0,0.0,0.0,0.003776,-0.174482,0.0,-0.00586,0.0,0.0,0.0,-0.0,0.0,-0.0,0.0,0.0,0.0,0.0,0.0,0.0,0.001953,-0.004944,0.0,0.000194,0.0,0.000065,0.0,-0.000065,0.0,-0.000194,0.0,0.0,0.0,-0.008301,
0.0,3.467062,0.872231,-0.000066,0.0,1.570796,0.0,0.680851,-0.064919,0.0,0.0,0.0,0.072694,-0.023884,0.00485,0.213362,-0.216353,0.023916,-0.496482,0.02824,0.003856,0.59869,-0.064792,-0.022306,-0.275905,0.174482,-0.0,-0.180043,-0.0,0.0,0.0,0.00438,-0.174482,0.0,-0.00586,-0.0,0.0,0.0,0.0,0.0,-0.0,0.0,-0.0,0.0,0.0,0.0,-0.0,0.001953,-0.004944,0.0,0.000194,0.0,0.000065,0.0,-0.000065,0.0,-0.000194,0.0,0.0,0.0,-0.008301,
0.0,3.474133,0.871525,-0.000066,0.0,1.570796,0.0,0.707097,-0.070601,0.0,0.0,0.0,0.084331,-0.023866,0.004772,0.206302,-0.217455,0.023903,-0.493617,0.027819,0.003587,0.56901,-0.07412,-0.022721,-0.274106,0.174482,0.0,-0.179513,0.0,0.0,0.0,0.00507,-0.174482,0.0,-0.00586,0.0,0.0,0.0,-0.0,0.0,0.0,0.0,0.0,0.0,0.0,0.0,0.0,0.001953,-0.004944,0.0,0.000194,0.0,0.000065,-0.0,-0.000065,0.0,-0.000194,0.0,0.0,0.0,-0.008043,
0.0,3.481332,0.870792,-0.000066,0.0,1.570796,0.0,0.719914,-0.07337,0.0,0.0,0.0,0.098981,-0.023866,0.004607,0.19379,-0.216967,0.023889,-0.490276,0.027435,0.003294,0.540122,-0.085209,-0.023105,-0.271611,0.174482,0.0,-0.178428,-0.0,0.0,0.0,0.005803,-0.174482,0.0,-0.00586,0.0,0.0,0.0,0.0,0.0,-0.0,0.0,0.0,0.0,-0.0,0.0,0.0,0.001953,-0.004944,0.0,0.000194,0.0,0.000065,0.0,-0.000065,0.0,-0.000194,0.0,0.0,0.0,-0.007658,
0.0,3.48853,0.870058,-0.000066,0.0,1.570796,0.0,0.719884,-0.073378,0.0,0.0,0.0,0.113632,-0.023866,0.004443,0.181279,-0.216479,0.023875,-0.486935,0.02705,0.003001,0.511233,-0.096299,-0.02349,-0.269116,0.174482,0.0,-0.177343,0.0,0.0,0.0,0.006535,-0.174482,0.0,-0.00586,0.0,0.0,0.0,-0.0,0.0,-0.0,0.0,0.0,0.0,0.0,0.0,0.0,0.001953,-0.004944,0.0,0.000194,0.0,0.000065,0.0,-0.000065,0.0,-0.000194,0.0,0.0,0.0,-0.007273,
0.0,3.495908,0.869303,-0.000066,0.0,1.570796,0.0,0.737737,-0.07552,0.0,0.0,0.0,0.128019,-0.023866,0.004265,0.169617,-0.21599,0.023866,-0.483806,0.026709,0.002684,0.486045,-0.108822,-0.023825,-0.265883,0.174482,0.0,-0.175642,0.0,0.0,0.0,0.007373,-0.174482,0.0,-0.00586,0.0,0.0,0.0,0.0,0.0,-0.0,0.0,-0.0,0.0,0.0,0.0,-0.0,0.001953,-0.004944,0.0,0.000194,0.0,0.000065,0.0,-0.000065,0.0,-0.000194,0.0,0.0,0.0,-0.006852,
0.0,3.503634,0.868506,-0.000066,0.0,1.570796,0.0,0.772588,-0.079729,0.0,0.0,0.0,0.141899,-0.023866,0.004064,0.159607,-0.215502,0.023866,-0.481091,0.026453,0.002317,0.468042,-0.124144,-0.024063,-0.261211,0.174482,0.0,-0.172738,0.0,0.0,0.0,0.008417,-0.174482,0.0,-0.00586,0.0,0.0,0.0,0.0,0.0,0.0,0.0,0.0,0.0,0.0,0.0,0.0,0.001953,-0.004944,-0.0,0.000194,0.0,0.000065,0.0,-0.000065,0.0,-0.000194,0.0,0.0,0.0,-0.006357,
0.0,3.51136,0.867708,-0.000066,0.0,1.570796,0.0,0.772619,-0.079729,0.0,0.0,0.0,0.155782,-0.023866,0.003862,0.149596,-0.215014,0.023866,-0.478377,0.026196,0.001951,0.450037,-0.139468,-0.024301,-0.256539,0.174482,0.0,-0.169834,-0.0,0.0,0.0,0.009461,-0.174482,0.0,-0.00586,0.0,0.0,0.0,0.0,0.0,-0.0,-0.0,-0.0,0.0,-0.0,0.0,-0.0,0.001953,-0.004944,0.0,0.000194,0.0,0.000065,-0.0,-0.000065,0.0,-0.000194,0.0,0.0,0.0,-0.005863,
0.0,3.519087,0.866911,-0.000066,0.0,1.570796,0.0,0.772649,-0.079706,0.0,0.0,0.0,0.169631,-0.023866,0.003662,0.139644,-0.214534,0.023866,-0.475662,0.025941,0.001585,0.432095,-0.154777,-0.024538,-0.251854,0.174482,-0.0,-0.16692,-0.0,0.0,-0.0,0.010504,-0.174482,0.0,-0.00586,0.0,0.0,0.0,0.0,0.0,-0.0,0.0,0.0,0.0,-0.0,0.0,0.0,0.001953,-0.004944,0.0,0.000194,0.0,0.000065,0.0,-0.000065,0.0,-0.000194,0.0,-0.0,0.0,-0.005369,
0.0,3.52698,0.866147,-0.000066,0.0,1.570796,0.0,0.789342,-0.076463,0.0,0.0,0.0,0.178274,-0.023866,0.00357,0.139644,-0.215363,0.023866,-0.472855,0.025831,0.001311,0.424325,-0.168069,-0.02463,-0.245011,0.174482,0.0,-0.162328,0.0,0.0,0.0,0.011475,-0.174482,0.0,-0.00586,0.0,0.0,0.0,0.0,0.0,-0.0,0.0,-0.0,0.0,-0.0,0.0,-0.0,0.001953,-0.004944,0.0,0.000194,0.0,0.000065,0.0,-0.000065,0.0,-0.000194,0.0,0.0,0.0,-0.00504,
0.0,3.534873,0.865382,-0.000066,0.0,1.570796,0.0,0.789342,-0.076463,0.0,0.0,0.0,0.186918,-0.023866,0.003479,0.139644,-0.216192,0.023866,-0.47005,0.025721,0.001036,0.416555,-0.181361,-0.024721,-0.238168,0.174482,0.0,-0.157735,0.0,0.0,0.0,0.012445,-0.174482,0.0,-0.00586,0.0,0.0,0.0,0.0,0.0,0.0,0.0,-0.0,0.0,0.0,0.0,0.0,0.001953,-0.004944,0.0,0.000194,0.0,0.000065,0.0,-0.000065,0.0,-0.000194,0.0,0.0,0.0,-0.00471,
0.0,3.542766,0.864617,-0.000066,0.0,1.570796,0.0,0.789281,-0.076455,0.0,0.0,0.0,0.195561,-0.023866,0.003387,0.139644,-0.21702,0.023866,-0.467244,0.025611,0.000761,0.408786,-0.194652,-0.024813,-0.231325,0.174482,-0.0,-0.153143,0.0,0.0,0.0,0.013416,-0.174482,0.0,-0.00586,0.0,0.0,0.0,0.0,0.0,-0.0,0.0,0.0,0.0,-0.0,0.0,-0.0,0.001953,-0.004944,0.0,0.000194,0.0,0.000065,0.0,-0.000065,0.0,-0.000194,0.0,0.0,0.0,-0.004381,
0.0,3.551017,0.864015,-0.000066,0.0,1.570796,0.0,0.825138,-0.060202,0.0,0.0,0.0,0.204398,-0.023915,0.003049,0.139706,-0.217081,0.023866,-0.463125,0.025575,0.000721,0.404257,-0.197259,-0.024818,-0.222903,0.174482,-0.0,-0.147565,0.0,0.0,0.0,0.01531,-0.174482,0.0,-0.00586,-0.0,0.0,0.0,-0.0,0.0,-0.0,0.0,-0.0,0.0,-0.0,0.0,-0.0,0.001953,-0.004944,0.0,0.000194,0.0,0.000065,0.0,-0.000065,0.0,-0.000194,0.0,0.0,0.0,-0.004691,
0.0,3.559443,0.863492,-0.000066,0.0,1.570796,0.0,0.842563,-0.052297,0.0,0.0,0.0,0.21333,-0.023989,0.002591,0.139798,-0.216768,0.023866,-0.458368,0.025575,0.000794,0.401304,-0.194665,-0.024781,-0.213713,0.174482,-0.0,-0.141507,-0.0,0.0,0.0,0.017654,-0.174482,0.0,-0.00586,0.0,0.0,0.0,0.0,0.0,0.0,0.0,-0.0,0.0,0.0,-0.0,-0.0,0.001953,-0.004944,0.0,0.000194,0.0,0.000065,0.0,-0.000065,0.0,-0.000194,0.0,0.0,0.0,-0.005314,
0.0,3.567869,0.862969,-0.000066,0.0,1.570796,0.0,0.842594,-0.052305,0.0,0.0,0.0,0.222262,-0.024062,0.002134,0.139889,-0.216455,0.023866,-0.453611,0.025575,0.000867,0.398352,-0.19207,-0.024745,-0.204523,0.174482,0.0,-0.135448,0.0,0.0,0.0,0.019998,-0.174482,-0.0,-0.00586,-0.0,0.0,0.0,0.0,0.0,0.0,0.0,0.0,0.0,0.0,0.0,0.0,0.001953,-0.004944,0.0,0.000194,0.0,0.000065,0.0,-0.000065,0.0,-0.000194,0.0,-0.0,0.0,-0.005937,
0.0,3.576549,0.862574,-0.000066,0.0,1.570796,0.0,0.867953,-0.039562,0.0,0.0,0.0,0.231261,-0.024135,0.001465,0.140015,-0.214717,0.023922,-0.448151,0.025575,0.001015,0.395698,-0.186727,-0.024708,-0.194516,0.174482,-0.0,-0.129013,0.0,0.0,0.0,0.022945,-0.174482,0.0,-0.00586,0.0,0.0,0.0,0.0,0.0,0.0,0.0,0.0,0.0,0.0,0.0,0.0,0.001953,-0.004944,0.0,0.000194,0.0,0.000065,0.0,-0.000065,0.0,-0.000194,0.0,-0.0,0.0,-0.006951,
0.0,3.585724,0.862426,-0.000066,0.0,1.570796,0.0,0.917512,-0.014771,0.0,0.0,0.0,0.240393,-0.024208,0.000384,0.140208,-0.210206,0.024087,-0.441321,0.025575,0.001308,0.393625,-0.176029,-0.024672,-0.182914,0.174482,0.0,-0.12184,0.0,0.0,0.0,0.027065,-0.174482,0.0,-0.00586,0.0,0.0,0.0,0.0,0.0,0.0,0.0,0.0,0.0,0.0,0.0,0.0,0.001953,-0.004944,0.0,0.000194,0.0,0.000065,0.0,-0.000065,0.0,-0.000194,0.0,0.0,0.0,-0.008727,
0.0,3.594898,0.862278,-0.000066,0.0,1.570796,0.0,0.917451,-0.014771,0.0,0.0,0.0,0.249525,-0.024282,-0.000696,0.140401,-0.205696,0.024252,-0.434492,0.025575,0.001601,0.391553,-0.165332,-0.024635,-0.171312,0.174482,-0.0,-0.114667,0.0,0.0,0.0,0.031186,-0.174482,0.0,-0.00586,0.0,0.0,0.0,-0.0,0.0,-0.0,0.0,0.0,0.0,-0.0,0.0,0.0,0.001953,-0.004944,0.0,0.000194,0.0,0.000065,0.0,-0.000065,0.0,-0.000194,0.0,0.0,0.0,-0.010503,
0.0,3.604071,0.862135,-0.000066,0.0,1.570796,0.0,0.917268,-0.014351,0.0,0.0,0.0,0.258649,-0.024355,-0.001779,0.140594,-0.201139,0.024416,-0.427635,0.025576,0.001896,0.389428,-0.154582,-0.024598,-0.159716,0.174482,-0.0,-0.107503,0.0,0.0,0.0,0.035291,-0.174482,0.0,-0.00586,-0.0,0.0,0.0,0.0,0.0,0.0,0.0,0.0,0.0,0.0,-0.0,0.0,0.001953,-0.004944,0.0,0.000194,0.0,0.000065,0.0,-0.000065,0.0,-0.000194,0.0,0.0,0.0,-0.012271,
0.0,3.612808,0.862684,-0.000066,0.0,1.570796,0.0,0.873684,0.054936,0.0,0.0,0.0,0.266448,-0.024483,-0.003207,0.140786,-0.189114,0.024544,-0.416303,0.025686,0.002445,0.378827,-0.13521,-0.02446,-0.148996,0.174482,0.0,-0.101802,-0.0,0.0,-0.0,0.036829,-0.174482,-0.0,-0.00586,0.0,0.0,0.0,0.0,0.0,-0.0,-0.0,0.0,0.0,0.0,0.0,0.0,0.001953,-0.004944,0.0,0.000194,0.0,0.000065,0.0,-0.000065,0.0,-0.000194,0.0,-0.0,0.0,-0.0126,
0.0,3.621546,0.863233,-0.000066,0.0,1.570796,0.0,0.873775,0.054936,0.0,0.0,0.0,0.274247,-0.024611,-0.004635,0.140979,-0.177088,0.024673,-0.404969,0.025796,0.002994,0.368224,-0.115833,-0.024323,-0.138274,0.174482,0.0,-0.0961,0.0,0.0,0.0,0.038367,-0.174482,0.0,-0.00586,0.0,0.0,0.0,0.0,0.0,0.0,0.0,0.0,0.0,0.0,0.0,-0.0,0.001953,-0.004944,0.0,0.000194,0.0,0.000065,0.0,-0.000065,-0.0,-0.000194,0.0,0.0,0.0,-0.01293,
-0.0,3.630283,0.863783,-0.000066,0.0,1.570796,-0.0,0.873775,0.054944,0.0,0.0,0.0,0.282047,-0.02474,-0.006064,0.141172,-0.165063,0.024801,-0.393636,0.025906,0.003544,0.357622,-0.096458,-0.024186,-0.127553,0.174482,0.0,-0.090398,0.0,0.0,0.0,0.039906,-0.174482,0.0,-0.00586,0.0,0.0,0.0,-0.0,0.0,0.0,0.0,0.0,0.0,0.0,0.0,0.0,0.001953,-0.004944,0.0,0.000194,0.0,0.000065,0.0,-0.000065,0.0,-0.000194,0.0,-0.0,0.0,-0.013259,
0.0,3.638716,0.864395,-0.000066,0.0,1.570796,0.0,0.843227,0.061213,0.0,0.0,0.0,0.288572,-0.024831,-0.007147,0.141235,-0.147427,0.024781,-0.384711,0.025941,0.003908,0.353653,-0.08408,-0.024048,-0.117605,0.174482,0.0,-0.084945,0.0,0.0,0.0,0.040274,-0.174482,0.0,-0.00586,0.0,0.0,0.0,-0.0,0.0,0.0,0.0,0.0,0.0,0.0,0.0,0.0,0.001953,-0.004944,0.0,0.000194,0.0,0.000065,0.0,-0.000065,0.0,-0.000194,0.0,0.0,0.0,-0.013145,
0.0,3.647,0.865038,-0.000066,0.0,1.570796,0.0,0.828456,0.064264,0.0,0.0,0.0,0.294477,-0.024904,-0.008063,0.141235,-0.127058,0.02469,-0.376956,0.025941,0.004183,0.352909,-0.075101,-0.023911,-0.108033,0.174482,0.0,-0.079612,0.0,0.0,0.0,0.040072,-0.174482,-0.0,-0.00586,0.0,0.0,0.0,0.0,0.0,0.0,0.0,0.0,0.0,-0.0,0.0,-0.0,0.001953,-0.004944,0.0,0.000194,0.0,0.000065,0.0,-0.000065,0.0,-0.000194,0.0,0.0,0.0,-0.012816,
0.0,3.655285,0.86568,-0.000066,0.0,1.570796,0.0,0.828487,0.064271,0.0,0.0,0.0,0.300382,-0.024977,-0.008978,0.141235,-0.106688,0.024598,-0.369201,0.025941,0.004457,0.352165,-0.066122,-0.023774,-0.098459,0.174482,0.0,-0.074279,0.0,0.0,0.0,0.039871,-0.174482,-0.0,-0.00586,0.0,0.0,0.0,-0.0,0.0,-0.0,0.0,-0.0,0.0,-0.0,0.0,-0.0,0.001953,-0.004944,0.0,0.000194,0.0,0.000065,0.0,-0.000065,0.0,-0.000194,0.0,0.0,0.0,-0.012486,
0.0,3.663445,0.866269,-0.000066,0.0,1.570796,0.0,0.815975,0.058877,0.0,0.0,0.0,0.306385,-0.025019,-0.009328,0.141148,-0.084405,0.024469,-0.362121,0.025979,0.004673,0.353001,-0.059383,-0.023675,-0.089306,0.174482,0.0,-0.068959,0.0,0.0,0.0,0.03919,-0.174482,0.0,-0.00586,0.0,0.0,0.0,0.0,0.0,-0.0,0.0,-0.0,0.0,0.0,0.0,0.0,0.001953,-0.004944,0.0,0.000194,0.0,0.000065,0.0,-0.000065,0.0,-0.000194,0.0,0.0,0.0,-0.012063,
0.0,3.67136,0.866753,-0.000066,0.0,1.570796,0.0,0.791562,0.048385,0.0,0.0,0.0,0.312577,-0.025001,-0.008577,0.140891,-0.058394,0.024268,-0.356354,0.026089,0.004774,0.356908,-0.057002,-0.02365,-0.080968,0.174482,0.0,-0.063664,-0.0,0.0,-0.0,0.037579,-0.174482,0.0,-0.00586,0.0,0.0,0.0,0.0,0.0,-0.0,0.0,-0.0,0.0,0.0,0.0,-0.0,0.001953,-0.004944,0.0,0.000194,0.0,0.000065,0.0,-0.000065,0.0,-0.000194,0.0,0.0,0.0,-0.011459,
0.0,3.679277,0.867237,-0.000066,0.0,1.570796,0.0,0.791653,0.048385,0.0,0.0,0.0,0.31877,-0.024983,-0.007826,0.140634,-0.032377,0.024066,-0.350587,0.026199,0.004874,0.360816,-0.05462,-0.023626,-0.07263,0.174482,0.0,-0.05837,-0.0,0.0,0.0,0.035967,-0.174482,0.0,-0.00586,0.0,0.0,0.0,0.0,0.0,0.0,0.0,0.0,0.0,0.0,0.0,-0.0,0.001953,-0.004944,0.0,0.000194,0.0,0.000065,0.0,-0.000065,0.0,-0.000194,0.0,0.0,0.0,-0.010855,
0.0,3.687191,0.867723,-0.000066,0.0,1.570796,-0.0,0.791378,0.048575,0.0,0.0,0.0,0.324738,-0.024966,-0.00707,0.140809,-0.006519,0.023865,-0.344799,0.026308,0.004975,0.364683,-0.052245,-0.023601,-0.064303,0.174482,0.0,-0.053077,0.0,0.0,0.0,0.034351,-0.174482,0.0,-0.00586,0.0,0.0,0.0,0.0,0.0,0.0,0.0,0.0,0.0,0.0,0.0,-0.0,0.001953,-0.004944,0.0,0.000194,0.0,0.000065,0.0,-0.000065,0.0,-0.000194,0.0,-0.0,0.0,-0.010256,
0.0,3.694751,0.8685,-0.000066,0.0,1.570796,0.0,0.756037,0.077778,0.0,0.0,0.0,0.295252,-0.025167,-0.005496,0.209277,-0.004633,0.023663,-0.335722,0.026308,0.005076,0.362078,-0.050908,-0.023577,-0.057819,0.174482,-0.0,-0.048095,0.0,0.0,0.0,0.032007,-0.174482,-0.0,-0.00586,0.0,0.0,0.0,0.0,0.0,-0.0,0.0,0.0,0.0,0.0,0.0,-0.0,0.001953,-0.004944,0.0,0.000194,0.0,0.000065,0.0,-0.000065,0.0,-0.000194,0.0,0.0,0.0,-0.010475,
-0.0,3.702311,0.869278,-0.000066,0.0,1.570796,-0.0,0.756007,0.077771,0.0,0.0,0.0,0.265757,-0.025369,-0.003921,0.27785,-0.002747,0.023462,-0.326644,0.026308,0.005177,0.359472,-0.049571,-0.023553,-0.051334,0.174482,-0.0,-0.043113,0.0,0.0,0.0,0.029663,-0.174482,0.0,-0.00586,0.0,0.0,0.0,-0.0,0.0,-0.0,0.0,-0.0,-0.0,-0.0,0.0,-0.0,0.001953,-0.004944,0.0,0.000194,0.0,0.000065,0.0,-0.000065,0.0,-0.000194,0.0,0.0,0.0,-0.010695,
0.0,3.709872,0.870056,-0.000066,0.0,1.570796,0.0,0.756068,0.077778,0.0,0.0,0.0,0.236265,-0.02557,-0.002346,0.346372,-0.000861,0.02326,-0.317567,0.026308,0.005277,0.356866,-0.048234,-0.023528,-0.044849,0.174482,-0.0,-0.038131,0.0,0.0,0.0,0.027318,-0.174482,0.0,-0.00586,0.0,0.0,0.0,0.0,0.0,-0.0,0.0,-0.0,0.0,0.0,0.0,-0.0,0.001953,-0.004944,0.0,0.000194,0.0,0.000065,0.0,-0.000065,0.0,-0.000194,0.0,0.0,0.0,-0.010915,
0.0,3.716965,0.870808,-0.000066,0.0,1.570796,0.0,0.709345,0.075174,0.0,0.0,0.0,0.200257,-0.026117,-0.002028,0.418313,0.011761,0.022578,-0.308653,0.026308,0.00531,0.353999,-0.049979,-0.023504,-0.04056,0.174482,0.0,-0.03474,0.0,0.0,0.0,0.023988,-0.174482,0.0,-0.00586,0.0,0.0,0.0,0.0,0.0,0.0,0.0,-0.0,0.0,0.0,0.0,-0.0,0.001953,-0.004944,0.0,0.000194,0.0,0.000065,0.0,-0.000065,0.0,-0.000194,0.0,0.0,0.0,-0.011652,
-0.0,3.723833,0.871547,-0.000066,0.0,1.570796,-0.0,0.686732,0.073913,0.0,0.0,0.0,0.161056,-0.026831,-0.002321,0.492123,0.0296,0.021663,-0.29982,0.026308,0.00531,0.351005,-0.053221,-0.023479,-0.037336,0.174482,0.0,-0.032121,0.0,0.0,0.0,0.020179,-0.174482,0.0,-0.00586,-0.0,0.0,0.0,0.0,0.0,0.0,0.0,0.0,0.0,0.0,0.0,0.0,0.001953,-0.004944,0.0,0.000194,0.0,0.000065,0.0,-0.000065,0.0,-0.000194,0.0,0.0,0.0,-0.012641,
-0.0,3.7307,0.872286,-0.000066,0.0,1.570796,0.0,0.686701,0.073906,0.0,0.0,0.0,0.121855,-0.027545,-0.002614,0.565931,0.047438,0.020747,-0.290986,0.026308,0.00531,0.348011,-0.056463,-0.023455,-0.034113,0.174482,0.0,-0.029502,-0.0,0.0,0.0,0.01637,-0.174482,0.0,-0.00586,0.0,0.0,0.0,0.0,0.0,0.0,0.0,0.0,0.0,0.0,0.0,-0.0,0.001953,-0.004944,0.0,0.000194,0.0,0.000065,0.0,-0.000065,0.0,-0.000194,0.0,0.0,0.0,-0.01363,
0.0,3.737328,0.872966,-0.000066,0.0,1.570796,0.0,0.662776,0.068029,0.0,0.0,0.0,0.084669,-0.028353,-0.003019,0.631794,0.067599,0.019607,-0.282604,0.026289,0.005279,0.345232,-0.060204,-0.023482,-0.03219,0.174482,0.0,-0.027984,-0.0,0.0,0.0,0.011951,-0.174482,0.0,-0.00586,0.0,0.0,0.0,0.0,0.0,0.0,0.0,0.0,0.0,0.0,0.0,0.0,0.001953,-0.004944,0.0,0.000194,0.0,0.000065,0.0,-0.000065,0.0,-0.000194,0.0,0.0,0.0,-0.014799,
0.0,3.743488,0.873532,-0.000066,0.0,1.570796,0.0,0.616085,0.056605,0.0,0.0,0.0,0.05135,-0.029342,-0.003642,0.682544,0.092278,0.018033,-0.2751,0.026234,0.005188,0.342872,-0.064912,-0.02361,-0.032794,0.174482,0.0,-0.028607,0.0,0.0,0.0,0.006348,-0.174482,0.0,-0.00586,-0.0,0.0,0.0,0.0,0.0,-0.0,0.0,0.0,0.0,-0.0,0.0,0.0,0.001953,-0.004944,0.0,0.000194,0.0,0.000065,0.0,-0.000065,0.0,-0.000194,0.0,0.0,0.0,-0.016319,
0.0,3.74965,0.874098,-0.000066,0.0,1.570796,0.0,0.616146,0.056605,0.0,0.0,0.0,0.018021,-0.030331,-0.004264,0.733321,0.116963,0.016458,-0.267595,0.026179,0.005096,0.340512,-0.069621,-0.023739,-0.033399,0.174482,-0.0,-0.02923,0.0,0.0,0.0,0.000745,-0.174482,0.0,-0.00586,0.0,0.0,0.0,0.0,0.0,-0.0,0.0,-0.0,0.0,0.0,0.0,0.0,0.001953,-0.004944,0.0,0.000194,0.0,0.000065,0.0,-0.000065,0.0,-0.000194,0.0,0.0,0.0,-0.017839,
-0.0,3.755809,0.874664,-0.000066,0.0,1.570796,-0.0,0.615902,0.056544,0.0,0.0,0.0,-0.015255,-0.031318,-0.004885,0.783918,0.141586,0.014885,-0.260091,0.026125,0.005005,0.338142,-0.074323,-0.023866,-0.034013,0.174482,0.0,-0.029859,0.0,0.0,0.0,-0.004869,-0.174482,0.0,-0.00586,0.0,0.0,0.0,-0.0,0.0,-0.0,0.0,-0.0,0.0,0.0,0.0,0.0,0.001953,-0.004944,0.0,0.000194,0.0,0.000065,0.0,-0.000065,0.0,-0.000194,0.0,0.0,0.0,-0.019345,
0.0,3.761589,0.875139,-0.000066,0.0,1.570796,0.0,0.578,0.047547,0.0,0.0,0.0,-0.042515,-0.032032,-0.005178,0.813978,0.15785,0.013621,-0.252562,0.026125,0.005005,0.334261,-0.077915,-0.023866,-0.036101,0.174482,0.0,-0.031563,-0.0,0.0,0.0,-0.012066,-0.174482,0.0,-0.00586,-0.0,0.0,0.0,0.0,0.0,0.0,0.0,-0.0,0.0,0.0,0.0,0.0,0.001953,-0.004944,0.0,0.000194,0.0,0.000065,0.0,-0.000065,0.0,-0.000194,0.0,0.0,0.0,-0.018685,
0.0,3.767368,0.875615,-0.000066,0.0,1.570796,-0.0,0.577969,0.047547,0.0,0.0,0.0,-0.069779,-0.032746,-0.005471,0.844045,0.174113,0.012358,-0.245034,0.026125,0.005005,0.330381,-0.081506,-0.023866,-0.038189,0.174482,0.0,-0.033266,0.0,0.0,0.0,-0.019262,-0.174482,0.0,-0.00586,0.0,0.0,0.0,-0.0,0.0,0.0,-0.0,0.0,0.0,0.0,0.0,0.0,0.001953,-0.004944,0.0,0.000194,0.0,0.000065,0.0,-0.000065,0.0,-0.000194,0.0,-0.0,0.0,-0.018026,
0.0,3.773149,0.87609,-0.000066,0.0,1.570796,0.0,0.578061,0.047547,0.0,0.0,0.0,-0.097043,-0.033461,-0.005764,0.874111,0.190378,0.011094,-0.237505,0.026125,0.005005,0.326501,-0.085098,-0.023866,-0.040277,0.174482,-0.0,-0.034969,-0.0,0.0,0.0,-0.026459,-0.174482,0.0,-0.00586,-0.0,0.0,0.0,0.0,0.0,0.0,0.0,0.0,0.0,-0.0,0.0,0.0,0.001953,-0.004944,0.0,0.000194,0.0,0.000065,0.0,-0.000065,0.0,-0.000194,0.0,0.0,0.0,-0.017367,
0.0,3.778777,0.876569,-0.000066,0.0,1.570796,-0.0,0.562802,0.047935,0.0,0.0,0.0,-0.120818,-0.033694,-0.005527,0.893657,0.190838,0.010817,-0.229673,0.026063,0.004956,0.321937,-0.088185,-0.02394,-0.042463,0.174482,-0.0,-0.036537,0.0,0.0,0.0,-0.034089,-0.174482,0.0,-0.00586,0.0,0.0,0.0,0.0,0.0,0.0,0.0,0.0,0.0,0.0,0.0,0.0,0.001953,-0.004944,0.0,0.000194,0.0,0.000065,0.0,-0.000065,0.0,-0.000194,0.0,0.0,0.0,-0.01566,
0.0,3.784331,0.87705,-0.000066,0.0,1.570796,0.0,0.555417,0.048102,0.0,0.0,0.0,-0.142906,-0.033694,-0.005032,0.908104,0.18363,0.011019,-0.221695,0.025971,0.004882,0.317041,-0.091026,-0.02405,-0.044698,0.174482,0.0,-0.038038,0.0,0.0,0.0,-0.041928,-0.174482,0.0,-0.00586,0.0,0.0,0.0,0.0,0.0,0.0,0.0,0.0,0.0,-0.0,0.0,-0.0,0.001953,-0.004944,0.0,0.000194,0.0,0.000065,0.0,-0.000065,0.0,-0.000194,0.0,0.0,0.0,-0.013444,
0.0,3.789885,0.877531,-0.000066,0.0,1.570796,0.0,0.555386,0.04811,0.0,0.0,0.0,-0.164993,-0.033694,-0.004538,0.922551,0.176421,0.01122,-0.213718,0.02588,0.004809,0.312145,-0.093867,-0.02416,-0.046932,0.174482,-0.0,-0.03954,0.0,0.0,0.0,-0.049767,-0.174482,0.0,-0.00586,0.0,0.0,0.0,0.0,0.0,0.0,0.0,0.0,0.0,0.0,0.0,-0.0,0.001953,-0.004944,0.0,0.000194,0.0,0.000065,0.0,-0.000065,0.0,-0.000194,0.0,0.0,0.0,-0.011228,
0.0,3.795441,0.878032,-0.000066,0.0,1.570796,-0.0,0.555569,0.050032,0.0,0.0,0.0,-0.185953,-0.033607,-0.004006,0.933747,0.167393,0.011577,-0.205112,0.025819,0.004761,0.306233,-0.09636,-0.024243,-0.048949,0.174482,-0.0,-0.040724,0.0,0.0,0.0,-0.057731,-0.174482,0.0,-0.00586,0.0,0.0,0.0,0.0,0.0,-0.0,0.0,-0.0,0.0,0.0,0.0,-0.0,0.001953,-0.004944,0.0,0.000194,0.0,0.000065,0.0,-0.000065,0.0,-0.000194,0.0,-0.0,0.0,-0.008627,
0.0,3.800999,0.878569,-0.000066,0.0,1.570796,0.0,0.555874,0.053748,0.0,0.0,0.0,-0.204737,-0.03335,-0.003402,0.938636,0.154832,0.012236,-0.195288,0.025819,0.004761,0.298346,-0.098175,-0.024275,-0.050543,0.174482,0.0,-0.041292,-0.0,0.0,0.0,-0.06594,-0.174482,0.0,-0.00586,-0.0,0.0,0.0,0.0,0.0,0.0,0.0,0.0,0.0,-0.0,0.0,0.0,0.001953,-0.004944,0.0,0.000194,0.0,0.000065,0.0,-0.000065,0.0,-0.000194,0.0,0.0,0.0,-0.005275,
0.0,3.806557,0.879107,-0.000066,0.0,1.570796,0.0,0.555782,0.053748,0.0,0.0,0.0,-0.22352,-0.033094,-0.002798,0.943524,0.142271,0.012896,-0.185465,0.025819,0.004761,0.290459,-0.09999,-0.024307,-0.052136,0.174482,-0.0,-0.04186,0.0,0.0,0.0,-0.074148,-0.174482,0.0,-0.00586,0.0,0.0,0.0,-0.0,0.0,0.0,0.0,0.0,0.0,0.0,0.0,-0.0,0.001953,-0.004944,0.0,0.000194,0.0,0.000065,0.0,-0.000065,0.0,-0.000194,0.0,0.0,0.0,-0.001925,
0.0,3.812118,0.879644,-0.000066,0.0,1.570796,0.0,0.556027,0.053733,0.0,0.0,0.0,-0.242283,-0.032837,-0.002194,0.948354,0.129708,0.013555,-0.175668,0.025819,0.004761,0.282633,-0.101815,-0.024339,-0.053721,0.174482,0.0,-0.042421,0.0,0.0,0.0,-0.082353,-0.174482,0.0,-0.00586,-0.0,0.0,0.0,-0.0,0.0,-0.0,0.0,0.0,0.0,0.0,0.0,-0.0,0.001953,-0.004944,0.0,0.000194,0.0,0.000065,0.0,-0.000065,0.0,-0.000194,0.0,0.0,0.0,0.001422,
0.0,3.817906,0.880149,-0.000066,0.0,1.570796,0.0,0.578854,0.05053,0.0,0.0,0.0,-0.258062,-0.032434,-0.001663,0.94447,0.11689,0.014306,-0.169825,0.025819,0.004761,0.283668,-0.105079,-0.024371,-0.054069,0.174482,0.0,-0.042018,0.0,0.0,0.0,-0.090034,-0.174482,0.0,-0.00586,0.0,0.0,0.0,0.0,0.0,0.0,0.0,-0.0,0.0,-0.0,0.0,-0.0,0.001953,-0.004944,0.0,0.000194,-0.0,0.000065,0.0,-0.000065,0.0,-0.000194,0.0,-0.0,0.0,0.004151,
0.0,3.823695,0.880655,-0.000066,0.0,1.570796,0.0,0.578884,0.050537,0.0,0.0,0.0,-0.273844,-0.032031,-0.001132,0.940586,0.10407,0.015057,-0.163981,0.025819,0.004761,0.284704,-0.108343,-0.024403,-0.054417,0.174482,0.0,-0.041615,0.0,0.0,0.0,-0.097716,-0.174482,0.0,-0.00586,0.0,0.0,0.0,0.0,0.0,0.0,0.0,0.0,0.0,0.0,0.0,0.0,0.001953,-0.004944,0.0,0.000194,0.0,0.000065,0.0,-0.000065,0.0,-0.000194,0.0,0.0,0.0,0.006879,
0.0,3.829483,0.88116,-0.000066,0.0,1.570796,-0.0,0.578823,0.050537,0.0,0.0,0.0,-0.289624,-0.031628,-0.000601,0.936703,0.091252,0.015808,-0.158138,0.025819,0.004761,0.28574,-0.111607,-0.024435,-0.054766,0.174482,0.0,-0.041212,0.0,0.0,0.0,-0.105397,-0.174482,0.0,-0.00586,0.0,0.0,0.0,-0.0,0.0,0.0,0.0,0.0,0.0,0.0,0.0,0.0,0.001953,-0.004944,0.0,0.000194,0.0,0.000065,0.0,-0.000065,0.0,-0.000194,0.0,0.0,0.0,0.009608,
0.0,3.835269,0.881521,-0.000066,0.0,1.570796,0.0,0.57858,0.036049,0.0,0.0,0.0,-0.306022,-0.031336,-0.000292,0.930847,0.081315,0.016349,-0.153571,0.025819,0.004678,0.289295,-0.115638,-0.024468,-0.054879,0.174482,-0.0,-0.040772,0.0,0.0,0.0,-0.113391,-0.174482,0.0,-0.00586,0.0,0.0,0.0,0.0,0.0,-0.0,0.0,0.0,0.0,-0.0,0.0,-0.0,0.001953,-0.004944,0.0,0.000194,0.0,0.000065,0.0,-0.000065,0.0,-0.000194,0.0,-0.0,0.0,0.011682,
0.0,3.841053,0.881811,-0.000066,0.0,1.570796,0.0,0.578398,0.02903,0.0,0.0,0.0,-0.322721,-0.031098,-0.00009,0.924034,0.072776,0.016788,-0.149623,0.025819,0.004555,0.294071,-0.120041,-0.0245,-0.054879,0.174482,-0.0,-0.040315,-0.0,0.0,0.0,-0.121536,-0.174482,-0.0,-0.00586,0.0,0.0,0.0,0.0,0.0,-0.0,0.0,-0.0,0.0,0.0,0.0,-0.0,0.001953,-0.004944,0.0,0.000194,0.0,0.000065,0.0,-0.000065,0.0,-0.000194,0.0,0.0,0.0,0.01344,
0.0,3.846837,0.882101,-0.000066,0.0,1.570796,-0.0,0.578337,0.029022,0.0,0.0,0.0,-0.339418,-0.03086,0.000111,0.917223,0.064238,0.017228,-0.145676,0.025819,0.004432,0.298847,-0.124443,-0.024532,-0.054879,0.174482,-0.0,-0.039857,-0.0,0.0,0.0,-0.129681,-0.174482,0.0,-0.00586,0.0,0.0,0.0,0.0,0.0,-0.0,0.0,-0.0,0.0,-0.0,0.0,-0.0,0.001953,-0.004944,0.0,0.000194,0.0,0.000065,0.0,-0.000065,0.0,-0.000194,0.0,0.0,0.0,0.015198,
0.0,3.852616,0.882286,-0.000066,0.0,1.570796,0.0,0.577971,0.018494,0.0,0.0,0.0,-0.356531,-0.030746,0.000101,0.910375,0.057438,0.017502,-0.141759,0.025819,0.004309,0.303789,-0.129209,-0.024564,-0.054979,0.174482,0.0,-0.039492,0.0,0.0,0.0,-0.13798,-0.174482,-0.0,-0.005504,0.0,0.0,0.0,-0.0,0.0,0.0,0.0,0.0,0.0,0.0,0.0,0.0,0.001953,-0.004944,0.0,0.000194,0.0,0.000065,0.0,-0.000065,0.0,-0.000194,0.0,-0.0,0.0,0.01657,
0.0,3.858387,0.882267,-0.000066,0.0,1.570796,0.0,0.577118,-0.001923,0.0,0.0,0.0,-0.374452,-0.030875,-0.00032,0.903459,0.054013,0.017456,-0.137905,0.025819,0.004186,0.309053,-0.134679,-0.024596,-0.055272,0.174482,0.0,-0.039309,-0.0,0.0,0.0,-0.146573,-0.174482,0.0,-0.004461,-0.0,0.0,0.0,0.0,0.0,-0.0,0.0,0.0,0.0,-0.0,0.0,0.0,0.001953,-0.004944,0.0,0.000194,0.0,0.000065,0.0,-0.000065,0.0,-0.000194,0.0,0.0,0.0,0.017193,
0.0,3.864159,0.882248,-0.000066,0.0,1.570796,0.0,0.577148,-0.001923,0.0,0.0,0.0,-0.392375,-0.031003,-0.000741,0.896542,0.050587,0.017411,-0.13405,0.025819,0.004063,0.314317,-0.140149,-0.024628,-0.055565,0.174482,-0.0,-0.039126,0.0,0.0,0.0,-0.155168,-0.174482,0.0,-0.003417,0.0,0.0,0.0,0.0,0.0,0.0,-0.0,0.0,0.0,0.0,0.0,0.0,0.001953,-0.004944,0.0,0.000194,0.0,0.000065,0.0,-0.000065,0.0,-0.000194,0.0,0.0,0.0,0.017815,
0.0,3.869929,0.882226,-0.000066,0.0,1.570796,0.0,0.577026,-0.002136,0.0,0.0,0.0,-0.4103,-0.03113,-0.001162,0.889627,0.047193,0.017365,-0.130192,0.025819,0.00394,0.319573,-0.145623,-0.02466,-0.055859,0.174482,0.0,-0.038945,-0.0,0.0,0.0,-0.163753,-0.174482,0.0,-0.002409,-0.0,0.0,0.0,0.0,0.0,0.0,0.0,0.0,0.0,0.0,0.0,-0.0,0.001953,-0.004944,0.0,0.000194,0.0,0.000065,0.0,-0.000065,0.0,-0.000194,0.0,0.0,0.0,0.018435,
-0.0,3.87558,0.881912,-0.000066,0.0,1.570796,-0.0,0.565126,-0.031449,0.0,0.0,0.0,-0.429105,-0.03113,-0.001492,0.882809,0.048182,0.017319,-0.125826,0.025819,0.003817,0.323749,-0.151889,-0.02466,-0.056336,0.174482,0.0,-0.039018,0.0,0.0,0.0,-0.171254,-0.174482,-0.0,-0.006437,0.0,0.0,0.0,-0.0,0.0,-0.0,0.0,-0.0,0.0,-0.0,0.0,-0.0,0.001953,-0.004944,0.0,0.000194,0.0,0.000065,0.0,-0.000065,0.0,-0.000194,0.0,0.0,0.0,0.018692,
0.0,3.881231,0.881597,-0.000066,0.0,1.570796,0.0,0.565096,-0.031441,0.0,0.0,0.0,-0.447912,-0.03113,-0.001821,0.875991,0.049171,0.017273,-0.12146,0.025819,0.003694,0.327924,-0.158155,-0.02466,-0.056812,0.174482,0.0,-0.039091,0.0,0.0,0.0,-0.178754,-0.174482,0.0,-0.010466,-0.0,-0.0,0.0,0.0,0.0,0.0,0.0,0.0,0.0,0.0,0.0,0.0,0.001953,-0.004944,-0.0,0.000194,0.0,0.000065,0.0,-0.000065,0.0,-0.000194,0.0,-0.0,0.0,0.018948,
0.0,3.886882,0.881283,-0.000066,0.0,1.570796,0.0,0.565065,-0.031449,0.0,0.0,0.0,-0.466717,-0.03113,-0.002151,0.869173,0.05016,0.017228,-0.117093,0.025819,0.003572,0.3321,-0.164422,-0.02466,-0.057288,0.174482,0.0,-0.039164,0.0,0.0,0.0,-0.186254,-0.174482,-0.0,-0.014494,-0.0,0.0,0.0,0.0,0.0,-0.0,0.0,0.0,0.0,0.0,0.0,0.0,0.001953,-0.004944,0.0,0.000194,0.0,0.000065,0.0,-0.000065,0.0,-0.000194,0.0,0.0,0.0,0.019204,
-0.0,3.892594,0.880863,-0.000066,0.0,1.570796,-0.0,0.571231,-0.04197,0.0,0.0,0.0,-0.477503,-0.03092,-0.002258,0.851491,0.046522,0.017546,-0.112024,0.025819,0.003449,0.335177,-0.170688,-0.024679,-0.057209,0.174482,-0.0,-0.038941,0.0,0.0,0.0,-0.192743,-0.174482,0.0,-0.018239,0.0,0.0,0.0,0.0,0.0,0.0,0.0,0.0,0.0,0.0,0.0,0.0,0.001953,-0.004944,0.0,0.000194,0.0,0.000065,0.0,-0.000065,0.0,-0.000194,0.0,0.0,0.0,0.019448,
0.0,3.898336,0.880392,-0.000066,0.0,1.570796,0.0,0.574222,-0.047073,0.0,0.0,0.0,-0.484407,-0.030609,-0.002258,0.828542,0.040643,0.01804,-0.106614,0.025819,0.003326,0.337722,-0.176954,-0.024709,-0.056861,0.174482,0.0,-0.038575,0.0,0.0,0.0,-0.198742,-0.174482,-0.0,-0.021847,-0.0,0.0,-0.0,-0.0,0.0,-0.0,0.0,0.0,0.0,0.0,0.0,-0.0,0.001953,-0.004944,0.0,0.000194,0.0,0.000065,0.0,-0.000065,0.0,-0.000194,0.0,-0.0,0.0,0.019686,
0.0,3.904079,0.879922,-0.000066,0.0,1.570796,0.0,0.574252,-0.047081,0.0,0.0,0.0,-0.491311,-0.030298,-0.002258,0.805593,0.034763,0.018535,-0.101204,0.025819,0.003203,0.340267,-0.18322,-0.024738,-0.056513,0.174482,0.0,-0.038209,-0.0,0.0,0.0,-0.204742,-0.174482,0.0,-0.025455,0.0,0.0,0.0,0.0,0.0,-0.0,0.0,-0.0,0.0,0.0,0.0,-0.0,0.001953,-0.004944,-0.0,0.000194,0.0,0.000065,0.0,-0.000065,0.0,-0.000194,0.0,0.0,0.0,0.019925,
0.0,3.909924,0.87942,-0.000066,0.0,1.570796,-0.0,0.584506,-0.050178,0.0,0.0,0.0,-0.496423,-0.029893,-0.002121,0.78051,0.029178,0.01906,-0.095571,0.025819,0.00308,0.342654,-0.189445,-0.024767,-0.055728,0.174482,0.0,-0.037606,0.0,0.0,0.0,-0.210046,-0.174482,0.0,-0.028619,-0.0,0.0,-0.0,-0.0,0.0,-0.0,-0.0,-0.0,0.0,0.0,0.0,0.0,0.001953,-0.004944,0.0,0.000194,0.0,0.000065,0.0,-0.000065,0.0,-0.000194,0.0,0.0,0.0,0.020206,
0.0,3.915969,0.878858,-0.000066,0.0,1.570796,0.0,0.604526,-0.056204,0.0,0.0,0.0,-0.498067,-0.029307,-0.001718,0.751272,0.02416,0.019646,-0.089505,0.025819,0.002957,0.344735,-0.195591,-0.024797,-0.054098,0.174482,-0.0,-0.036543,0.0,0.0,0.0,-0.214006,-0.174482,0.0,-0.030927,0.0,0.0,0.0,0.0,0.0,-0.0,0.0,0.0,0.0,0.0,0.0,-0.0,0.001953,-0.004944,0.0,0.000194,0.0,0.000065,0.0,-0.000065,0.0,-0.000194,0.0,0.0,0.0,0.020572,
0.0,3.922015,0.878296,-0.000066,0.0,1.570796,-0.0,0.604587,-0.056204,0.0,0.0,0.0,-0.499711,-0.028721,-0.001315,0.722028,0.019142,0.020232,-0.083437,0.025819,0.002834,0.346817,-0.201737,-0.024826,-0.052468,0.174482,0.0,-0.035481,0.0,0.0,0.0,-0.217966,-0.174482,0.0,-0.033235,0.0,0.0,0.0,0.0,0.0,-0.0,0.0,0.0,0.0,-0.0,0.0,-0.0,0.001953,-0.004944,0.0,0.000194,0.0,0.000065,0.0,-0.000065,0.0,-0.000194,0.0,0.0,0.0,0.020939,
-0.0,3.928061,0.877733,-0.000066,0.0,1.570796,-0.0,0.604648,-0.056272,0.0,0.0,0.0,-0.501339,-0.028135,-0.000912,0.692789,0.014136,0.020817,-0.077374,0.025819,0.002711,0.34891,-0.207885,-0.024855,-0.050841,0.174482,0.0,-0.034421,-0.0,0.0,0.0,-0.221916,-0.174482,0.0,-0.035541,-0.0,0.0,0.0,0.0,0.0,0.0,0.0,0.0,0.0,-0.0,0.0,-0.0,0.001953,-0.004944,0.0,0.000194,0.0,0.000065,0.0,-0.000065,0.0,-0.000194,0.0,0.0,0.0,0.021301,
0.0,3.934319,0.877074,-0.000066,0.0,1.570796,0.0,0.625767,-0.065892,0.0,0.0,0.0,-0.500867,-0.027641,-0.000418,0.662757,0.01073,0.021238,-0.071786,0.025819,0.002588,0.352444,-0.214314,-0.024884,-0.04965,0.174482,0.0,-0.033689,0.0,0.0,0.0,-0.22457,-0.174482,0.0,-0.037647,0.0,0.0,0.0,0.0,0.0,0.0,0.0,0.0,0.0,0.0,0.0,0.0,0.001953,-0.004944,0.0,0.000194,0.0,0.000065,0.0,-0.000065,0.0,-0.000194,-0.0,0.0,0.0,0.021173,
0.0,3.940577,0.876415,-0.000066,0.0,1.570796,0.0,0.625798,-0.065899,0.0,0.0,0.0,-0.500394,-0.027146,0.000077,0.632716,0.007324,0.021659,-0.066197,0.025819,0.002465,0.355979,-0.220744,-0.024914,-0.048459,0.174482,-0.0,-0.032956,0.0,0.0,0.0,-0.227224,-0.174482,0.0,-0.039753,0.0,0.0,0.0,0.0,0.0,-0.0,0.0,-0.0,0.0,0.0,0.0,0.0,0.001953,-0.004944,0.0,0.000194,0.0,0.000065,0.0,-0.000065,0.0,-0.000194,0.0,0.0,0.0,0.021045,
0.0,3.946835,0.875756,-0.000066,0.0,1.570796,0.0,0.625737,-0.065892,0.0,0.0,0.0,-0.499922,-0.026652,0.000571,0.602681,0.003918,0.022081,-0.060609,0.025819,0.002342,0.359514,-0.227173,-0.024943,-0.047269,0.174482,0.0,-0.032224,-0.0,0.0,0.0,-0.229878,-0.174482,-0.0,-0.041859,-0.0,0.0,0.0,0.0,0.0,-0.0,0.0,-0.0,0.0,-0.0,0.0,0.0,0.001953,-0.004944,0.0,0.000194,0.0,0.000065,0.0,-0.000065,0.0,-0.000194,0.0,-0.0,0.0,0.020917,
0.0,3.953269,0.875057,-0.000066,0.0,1.570796,0.0,0.643498,-0.069888,0.0,0.0,0.0,-0.496841,-0.026219,0.001127,0.574894,-0.003166,0.022502,-0.055059,0.025819,0.002219,0.36329,-0.232948,-0.024972,-0.046239,0.174482,0.0,-0.031614,0.0,0.0,0.0,-0.231551,-0.174482,0.0,-0.043719,0.0,0.0,0.0,0.0,0.0,-0.0,0.0,0.0,0.0,0.0,0.0,-0.0,0.001953,-0.004944,0.0,0.000194,0.0,0.000065,0.0,-0.000065,-0.0,-0.000194,0.0,0.0,0.0,0.020653,
0.0,3.95979,0.874339,-0.000066,0.0,1.570796,0.0,0.652043,-0.071826,0.0,0.0,0.0,-0.492498,-0.025816,0.001713,0.548182,-0.012029,0.022923,-0.049527,0.025819,0.002096,0.367182,-0.238407,-0.025002,-0.045286,0.174482,-0.0,-0.031065,0.0,0.0,0.0,-0.232749,-0.174482,0.0,-0.045459,0.0,0.0,0.0,0.0,0.0,0.0,0.0,0.0,0.0,0.0,0.0,0.0,0.001953,-0.004944,0.0,0.000194,0.0,0.000065,0.0,-0.000065,0.0,-0.000194,0.0,0.0,0.0,0.020323,
0.0,3.966311,0.873621,-0.000066,0.0,1.570796,0.0,0.652104,-0.071833,0.0,0.0,0.0,-0.488156,-0.025414,0.002299,0.521469,-0.020892,0.023344,-0.043995,0.025819,0.001973,0.371075,-0.243866,-0.025031,-0.044334,0.174482,-0.0,-0.030516,0.0,0.0,0.0,-0.233948,-0.174482,-0.0,-0.047199,0.0,0.0,0.0,0.0,0.0,0.0,0.0,0.0,0.0,0.0,0.0,0.0,0.001953,-0.004944,0.0,0.000194,0.0,0.000065,0.0,-0.000065,0.0,-0.000194,0.0,-0.0,0.0,0.019994,
0.0,3.97297,0.872887,-0.000066,0.0,1.570796,0.0,0.665929,-0.073358,0.0,0.0,0.0,-0.48492,-0.025086,0.002848,0.500624,-0.030828,0.023684,-0.037291,0.025794,0.001892,0.373038,-0.248817,-0.02506,-0.043444,0.174482,0.0,-0.029997,0.0,0.0,0.0,-0.234606,-0.174482,-0.0,-0.048758,0.0,0.0,0.0,0.0,0.0,0.0,0.0,-0.0,0.0,-0.0,0.0,-0.0,0.001953,-0.004944,0.0,0.000194,0.0,0.000065,0.0,-0.000065,0.0,-0.000194,0.0,-0.0,0.0,0.019652,
0.0,3.979899,0.872124,-0.000066,0.0,1.570796,0.0,0.692846,-0.07634,0.0,0.0,0.0,-0.483826,-0.024902,0.003324,0.491112,-0.042845,0.023867,-0.028317,0.025721,0.001892,0.371268,-0.252786,-0.02509,-0.042675,0.174482,-0.0,-0.02954,-0.0,0.0,0.0,-0.234219,-0.174482,0.0,-0.049967,0.0,0.0,0.0,0.0,0.0,0.0,0.0,0.0,0.0,-0.0,0.0,0.0,0.001953,-0.004944,0.0,0.000194,0.0,0.000065,0.0,-0.000065,0.0,-0.000194,0.0,0.0,0.0,0.019285,
0.0,3.986827,0.87136,-0.000066,0.0,1.570796,0.0,0.692784,-0.07634,0.0,0.0,0.0,-0.482732,-0.024719,0.0038,0.481601,-0.054861,0.024051,-0.019344,0.025648,0.001892,0.369498,-0.256755,-0.025119,-0.041905,0.174482,0.0,-0.029082,0.0,0.0,0.0,-0.233831,-0.174482,0.0,-0.051176,0.0,0.0,0.0,-0.0,0.0,0.0,0.0,0.0,0.0,0.0,0.0,0.0,0.001953,-0.004944,0.0,0.000194,0.0,0.000065,0.0,-0.000065,-0.0,-0.000194,0.0,0.0,0.0,0.018919,
0.0,3.993757,0.870597,-0.000066,0.0,1.570796,0.0,0.69309,-0.076355,0.0,0.0,0.0,-0.481638,-0.024537,0.004275,0.472173,-0.066878,0.024233,-0.010338,0.025575,0.001892,0.367672,-0.260707,-0.025148,-0.041131,0.174482,0.0,-0.02862,-0.0,0.0,0.0,-0.233427,-0.174482,-0.0,-0.052371,0.0,0.0,0.0,0.0,0.0,-0.0,0.0,0.0,0.0,-0.0,0.0,0.0,0.001953,-0.004944,0.0,0.000194,0.0,0.000065,0.0,-0.000065,0.0,-0.000194,0.0,0.0,0.0,0.018559,
0.0,4.001024,0.869807,-0.000066,0.0,1.570796,0.0,0.726659,-0.078947,0.0,0.0,0.0,-0.480507,-0.024427,0.004642,0.473756,-0.079066,0.024325,0.0029,0.025575,0.001892,0.358373,-0.262443,-0.025148,-0.03974,0.174482,0.0,-0.027686,0.0,0.0,0.0,-0.230792,-0.174482,0.0,-0.051693,0.0,0.0,0.0,0.0,0.0,-0.0,0.0,-0.0,0.0,-0.0,0.0,-0.0,0.001953,-0.004944,0.0,0.000194,0.0,0.000065,0.0,-0.000065,0.0,-0.000194,0.0,0.0,0.0,0.019017,
0.0,4.008291,0.869018,-0.000066,0.0,1.570796,0.0,0.72672,-0.078947,0.0,0.0,0.0,-0.479376,-0.024317,0.005008,0.475338,-0.091256,0.024416,0.016141,0.025575,0.001892,0.349073,-0.26418,-0.025148,-0.038348,0.174482,-0.0,-0.026752,0.0,0.0,0.0,-0.228156,-0.174482,0.0,-0.051015,0.0,0.0,0.0,0.0,0.0,-0.0,-0.0,-0.0,0.0,0.0,0.0,-0.0,0.001953,-0.004944,0.0,0.000194,0.0,0.000065,0.0,-0.000065,0.0,-0.000194,0.0,0.0,0.0,0.019475,
0.0,4.015559,0.868228,-0.000066,0.0,1.570796,0.0,0.72672,-0.078947,0.0,0.0,0.0,-0.478245,-0.024207,0.005374,0.476921,-0.103445,0.024508,0.029381,0.025575,0.001892,0.339773,-0.265916,-0.025148,-0.036956,0.174482,-0.0,-0.025818,0.0,0.0,0.0,-0.22552,-0.174482,-0.0,-0.050337,0.0,0.0,0.0,0.0,0.0,0.0,0.0,0.0,0.0,0.0,0.0,0.0,0.001953,-0.004944,-0.0,0.000194,0.0,0.000065,0.0,-0.000065,0.0,-0.000194,0.0,0.0,0.0,0.019932,
0.0,4.023044,0.867599,-0.000066,0.0,1.570796,0.0,0.748478,-0.062969,0.0,0.0,0.0,-0.473105,-0.024171,0.005493,0.475037,-0.109171,0.024537,0.042215,0.025526,0.001966,0.33139,-0.265237,-0.025148,-0.035465,0.174482,0.0,-0.024712,0.0,0.0,0.0,-0.221792,-0.174482,0.0,-0.048832,0.0,0.0,0.0,0.0,0.0,0.0,0.0,-0.0,0.0,0.0,0.0,0.0,0.001953,-0.004944,0.0,0.000194,0.0,0.000065,0.0,-0.000065,0.0,-0.000194,0.0,0.0,0.0,0.020514,
0.0,4.030634,0.867046,-0.000066,0.0,1.570796,0.0,0.759067,-0.055255,0.0,0.0,0.0,-0.466029,-0.024171,0.005493,0.471478,-0.111776,0.024537,0.054855,0.025453,0.002076,0.323448,-0.26339,-0.025148,-0.033927,0.174482,0.0,-0.023521,0.0,0.0,0.0,-0.217537,-0.174482,0.0,-0.046927,0.0,0.0,0.0,0.0,0.0,0.0,0.0,-0.0,0.0,-0.0,0.0,-0.0,0.001953,-0.004944,0.0,0.000194,0.0,0.000065,0.0,-0.000065,0.0,-0.000194,0.0,-0.0,0.0,0.021155,
0.0,4.038225,0.866494,-0.000066,0.0,1.570796,0.0,0.759128,-0.055255,0.0,0.0,0.0,-0.458952,-0.024171,0.005493,0.467918,-0.11438,0.024537,0.067496,0.025379,0.002186,0.315507,-0.261542,-0.025148,-0.032388,0.174482,0.0,-0.022331,0.0,0.0,0.0,-0.213282,-0.174482,0.0,-0.045022,0.0,0.0,0.0,0.0,0.0,-0.0,0.0,-0.0,0.0,0.0,0.0,0.0,0.001953,-0.004944,0.0,0.000194,0.0,0.000065,0.0,-0.000065,0.0,-0.000194,-0.0,0.0,0.0,0.021796,
0.0,4.045958,0.866065,-0.000066,0.0,1.570796,0.0,0.773257,-0.042872,0.0,0.0,0.0,-0.450541,-0.024171,0.005443,0.462683,-0.114583,0.024537,0.081059,0.025331,0.002365,0.305807,-0.257783,-0.025148,-0.030887,0.174482,-0.0,-0.021141,0.0,0.0,0.0,-0.208557,-0.174482,0.0,-0.042743,0.0,0.0,0.0,0.0,0.0,0.0,0.0,0.0,0.0,-0.0,0.0,0.0,0.001953,-0.004944,0.0,0.000194,0.0,0.000065,0.0,-0.000065,0.0,-0.000194,0.0,0.0,0.0,0.022368,
0.0,4.053963,0.865876,-0.000066,0.0,1.570796,0.0,0.800477,-0.018921,0.0,0.0,0.0,-0.439551,-0.024171,0.005297,0.45421,-0.110146,0.024537,0.096405,0.025331,0.002676,0.292707,-0.250328,-0.025148,-0.029459,0.174482,0.0,-0.01995,0.0,0.0,0.0,-0.202926,-0.174482,-0.0,-0.039739,0.0,0.0,0.0,0.0,0.0,-0.0,0.0,0.0,0.0,0.0,0.0,0.0,0.001953,-0.004944,0.0,0.000194,0.0,0.000065,0.0,-0.000065,0.0,-0.000194,0.0,-0.0,0.0,0.022807,
0.0,4.061968,0.865686,-0.000066,0.0,1.570796,0.0,0.800569,-0.018929,0.0,0.0,0.0,-0.428559,-0.024171,0.00515,0.445736,-0.105708,0.024537,0.111753,0.025331,0.002987,0.279605,-0.242873,-0.025148,-0.02803,0.174482,0.0,-0.01876,0.0,0.0,0.0,-0.197294,-0.174482,0.0,-0.036736,0.0,0.0,0.0,-0.0,0.0,-0.0,0.0,-0.0,0.0,-0.0,0.0,0.0,0.001953,-0.004944,0.0,0.000194,0.0,0.000065,0.0,-0.000065,0.0,-0.000194,0.0,0.0,0.0,0.023247,
0.0,4.069974,0.865499,-0.000066,0.0,1.570796,-0.0,0.800599,-0.0187,0.0,0.0,0.0,-0.41759,-0.024172,0.005002,0.437299,-0.10123,0.024537,0.127106,0.025331,0.0033,0.266485,-0.23538,-0.025148,-0.026606,0.174482,0.0,-0.017573,-0.0,0.0,0.0,-0.191646,-0.174482,-0.0,-0.033718,0.0,0.0,0.0,0.0,0.0,-0.0,0.0,0.0,0.0,0.0,0.0,0.0,0.001953,-0.004944,0.0,0.000194,0.0,0.000065,0.0,-0.000065,0.0,-0.000194,0.0,0.0,0.0,0.023677,
0.0,4.078034,0.865603,-0.000066,0.0,1.570796,0.0,0.806029,0.010345,0.0,0.0,0.0,-0.409347,-0.024264,0.004654,0.433569,-0.091682,0.024454,0.14336,0.025331,0.003757,0.2509,-0.222962,-0.025148,-0.025764,0.174482,0.0,-0.016859,0.0,0.0,0.0,-0.183925,-0.174482,0.0,-0.028939,0.0,0.0,0.0,0.0,0.0,-0.0,0.0,0.0,0.0,-0.0,0.0,0.0,0.001953,-0.004944,0.0,0.000194,-0.0,0.000065,0.0,-0.000065,0.0,-0.000194,0.0,0.0,0.0,0.022889,
0.0,4.086095,0.865706,-0.000066,0.0,1.570796,-0.0,0.80606,0.010338,0.0,0.0,0.0,-0.401104,-0.024355,0.004307,0.429839,-0.082132,0.024372,0.159615,0.025331,0.004215,0.235313,-0.210543,-0.025148,-0.024922,0.174482,-0.0,-0.016145,-0.0,0.0,0.0,-0.176203,-0.174482,0.0,-0.024159,0.0,0.0,0.0,0.0,0.0,0.0,0.0,0.0,0.0,0.0,0.0,0.0,0.001953,-0.004944,0.0,0.000194,0.0,0.000065,0.0,-0.000065,0.0,-0.000194,0.0,0.0,0.0,0.022102,
0.0,4.094156,0.86581,-0.000066,0.0,1.570796,0.0,0.80609,0.010345,0.0,0.0,0.0,-0.392861,-0.024447,0.003959,0.426108,-0.072583,0.02429,0.17587,0.025331,0.004673,0.219726,-0.198121,-0.025148,-0.024079,0.174482,0.0,-0.015431,0.0,0.0,0.0,-0.168481,-0.174482,-0.0,-0.019379,-0.0,0.0,0.0,-0.0,0.0,0.0,0.0,0.0,0.0,-0.0,0.0,-0.0,0.001953,-0.004944,0.0,0.000194,0.0,0.000065,0.0,-0.000065,0.0,-0.000194,0.0,0.0,0.0,0.021315,
0.0,4.101977,0.866113,-0.000066,0.0,1.570796,0.0,0.782102,0.030371,0.0,0.0,0.0,-0.385073,-0.024538,0.003611,0.424047,-0.064347,0.024207,0.186708,0.025331,0.005131,0.212926,-0.1857,-0.025148,-0.02404,0.174482,0.0,-0.015248,0.0,0.0,0.0,-0.160777,-0.174482,-0.0,-0.01455,0.0,0.0,0.0,0.0,0.0,-0.0,0.0,-0.0,0.0,-0.0,0.0,-0.0,0.001953,-0.004944,0.0,0.000194,0.0,0.000065,0.0,-0.000065,-0.0,-0.000194,0.0,0.0,0.0,0.020576,
0.0,4.109683,0.866514,-0.000066,0.0,1.570796,0.0,0.770536,0.040044,0.0,0.0,0.0,-0.377504,-0.02463,0.003263,0.422793,-0.056745,0.024125,0.194932,0.025331,0.005588,0.210366,-0.17328,-0.025148,-0.024388,0.174482,-0.0,-0.015321,0.0,0.0,0.0,-0.153082,-0.174482,0.0,-0.009698,-0.0,0.0,0.0,0.0,0.0,-0.0,0.0,-0.0,0.0,0.0,0.0,0.0,0.001953,-0.004944,0.0,0.000194,0.0,0.000065,0.0,-0.000065,-0.0,-0.000194,0.0,0.0,0.0,0.019862,
0.0,4.117388,0.866914,-0.000066,0.0,1.570796,0.0,0.770566,0.040037,0.0,0.0,0.0,-0.369935,-0.024721,0.002915,0.421538,-0.049142,0.024042,0.203157,0.025331,0.006046,0.207807,-0.160861,-0.025148,-0.024736,0.174482,0.0,-0.015394,0.0,0.0,0.0,-0.145387,-0.174482,0.0,-0.004845,0.0,0.0,0.0,0.0,0.0,0.0,0.0,-0.0,0.0,0.0,0.0,-0.0,0.001953,-0.004944,0.0,0.000194,-0.0,0.000065,0.0,-0.000065,0.0,-0.000194,0.0,0.0,0.0,0.019148,
0.0,4.124938,0.867411,-0.000066,0.0,1.570796,-0.0,0.75494,0.049633,0.0,0.0,0.0,-0.362137,-0.024782,0.002623,0.420015,-0.043284,0.023993,0.206215,0.025412,0.006423,0.214669,-0.150262,-0.025098,-0.025615,0.174482,0.0,-0.015792,0.0,0.0,0.0,-0.137481,-0.174482,0.0,-0.001648,0.0,0.0,0.0,0.0,0.0,-0.0,0.0,0.0,0.0,0.0,0.0,0.0,0.001953,-0.004944,0.0,0.000194,0.0,0.000065,0.0,-0.000065,0.0,-0.000194,0.0,-0.0,0.0,0.018678,
-0.0,4.132185,0.868092,-0.000066,0.0,1.570796,-0.0,0.724666,0.06814,0.0,0.0,0.0,-0.353899,-0.024782,0.00244,0.417975,-0.040793,0.024007,0.199296,0.02565,0.006643,0.239729,-0.143177,-0.024951,-0.027519,0.174482,0.0,-0.016818,0.0,0.0,0.0,-0.12917,-0.174482,0.0,-0.001648,0.0,0.0,0.0,0.0,0.0,0.0,0.0,0.0,0.0,0.0,0.0,-0.0,0.001953,-0.004944,0.0,0.000194,0.0,0.000065,0.0,-0.000065,0.0,-0.000194,0.0,-0.0,0.0,0.018678,
0.0,4.139431,0.868773,-0.000066,0.0,1.570796,0.0,0.724757,0.068148,0.0,0.0,0.0,-0.34566,-0.024782,0.002257,0.415935,-0.038302,0.024021,0.192377,0.025888,0.006862,0.264794,-0.136091,-0.024805,-0.029424,0.174482,0.0,-0.017843,0.0,0.0,0.0,-0.120858,-0.174482,0.0,-0.001648,0.0,0.0,0.0,0.0,0.0,0.0,0.0,-0.0,0.0,0.0,0.0,0.0,0.001953,-0.004944,0.0,0.000194,0.0,0.000065,0.0,-0.000065,0.0,-0.000194,0.0,-0.0,0.0,0.018678,
0.0,4.146675,0.869456,-0.000066,0.0,1.570796,0.0,0.7243,0.068209,0.0,0.0,0.0,-0.337417,-0.024782,0.002076,0.413889,-0.035868,0.024036,0.185356,0.026129,0.007084,0.290035,-0.129004,-0.024657,-0.031342,0.174482,-0.0,-0.018877,0.0,0.0,0.0,-0.112575,-0.174482,0.0,-0.001648,0.0,0.0,0.0,0.0,0.0,0.0,0.0,0.0,0.0,0.0,0.0,0.0,0.001953,-0.004944,0.0,0.000194,0.0,0.000065,0.0,-0.000065,0.0,-0.000194,0.0,0.0,0.0,0.018684,
0.0,4.153359,0.87022,-0.000066,0.0,1.570796,0.0,0.668421,0.076445,0.0,0.0,0.0,-0.328697,-0.024782,0.002168,0.41114,-0.040575,0.02405,0.165485,0.026697,0.007486,0.337928,-0.121813,-0.024309,-0.035024,0.174482,0.0,-0.020873,0.0,0.0,0.0,-0.107936,-0.174482,0.0,-0.001648,-0.0,0.0,0.0,0.0,0.0,0.0,0.0,0.0,0.0,-0.0,0.0,0.0,0.001953,-0.004944,0.0,0.000194,0.0,0.000065,0.0,-0.000065,0.0,-0.000194,0.0,0.0,0.0,0.019545,
0.0,4.160043,0.870984,-0.000066,0.0,1.570796,-0.0,0.668421,0.07643,0.0,0.0,0.0,-0.319978,-0.024782,0.002259,0.408391,-0.045282,0.024064,0.145613,0.027264,0.007889,0.385854,-0.114623,-0.023961,-0.038705,0.174482,-0.0,-0.022869,0.0,0.0,0.0,-0.103297,-0.174482,0.0,-0.001648,0.0,0.0,0.0,-0.0,0.0,-0.0,0.0,-0.0,0.0,0.0,0.0,0.0,0.001953,-0.004944,0.0,0.000194,0.0,0.000065,0.0,-0.000065,0.0,-0.000194,0.0,0.0,0.0,0.020406,
0.0,4.166728,0.871749,-0.000066,0.0,1.570796,0.0,0.668452,0.076445,0.0,0.0,0.0,-0.311257,-0.024782,0.002351,0.405641,-0.049989,0.024078,0.125741,0.027832,0.008292,0.433766,-0.107433,-0.023613,-0.042386,0.174482,0.0,-0.024865,0.0,0.0,0.0,-0.098657,-0.174482,0.0,-0.001648,0.0,0.0,0.0,-0.0,0.0,-0.0,0.0,0.0,-0.0,-0.0,0.0,-0.0,0.001953,-0.004944,0.0,0.000194,0.0,0.000065,0.0,-0.000065,0.0,-0.000194,0.0,0.0,0.0,0.021266,
0.0,4.172967,0.872431,-0.000066,0.0,1.570796,0.0,0.623927,0.06821,0.0,0.0,0.0,-0.302862,-0.024782,0.002461,0.402327,-0.05513,0.024093,0.097967,0.02882,0.009103,0.489445,-0.094831,-0.022783,-0.046748,0.174482,0.0,-0.027195,0.0,0.0,0.0,-0.096035,-0.174482,-0.0,-0.001648,0.0,0.0,0.0,0.0,0.0,0.0,0.0,-0.0,0.0,-0.0,0.0,-0.0,0.001953,-0.004944,0.0,0.000194,-0.0,0.000065,0.0,-0.000065,0.0,-0.000194,0.0,0.0,0.0,0.021843,
-0.0,4.178991,0.873073,-0.000066,0.0,1.570796,-0.0,0.602382,0.064234,0.0,0.0,0.0,-0.294625,-0.024782,0.00258,0.39874,-0.060479,0.024107,0.066374,0.03001,0.01011,0.548961,-0.07962,-0.021721,-0.051437,0.174482,-0.0,-0.029685,0.0,0.0,0.0,-0.094385,-0.174482,-0.0,-0.001648,0.0,0.0,0.0,0.0,0.0,0.0,0.0,-0.0,0.0,0.0,0.0,0.0,0.001953,-0.004944,0.0,0.000194,0.0,0.000065,0.0,-0.000065,0.0,-0.000194,0.0,0.0,0.0,0.022282,
0.0,4.185015,0.873716,-0.000066,0.0,1.570796,0.0,0.602413,0.064234,0.0,0.0,0.0,-0.286387,-0.024782,0.002699,0.395153,-0.065829,0.024121,0.034778,0.031201,0.011117,0.608483,-0.064408,-0.020659,-0.056126,0.174482,0.0,-0.032176,0.0,0.0,0.0,-0.092735,-0.174482,-0.0,-0.001648,0.0,0.0,0.0,0.0,0.0,0.0,0.0,0.0,0.0,0.0,0.0,0.0,0.001953,-0.004944,0.0,0.000194,0.0,0.000065,0.0,-0.000065,0.0,-0.000194,0.0,-0.0,0.0,0.022722,
0.0,4.190848,0.874288,-0.000066,0.0,1.570796,0.0,0.583309,0.057297,0.0,0.0,0.0,-0.278652,-0.02475,0.002818,0.392039,-0.071216,0.024135,0.004057,0.032554,0.012293,0.663265,-0.046821,-0.019278,-0.060966,0.174482,0.0,-0.034729,-0.0,0.0,0.0,-0.09178,-0.174482,0.0,-0.001648,0.0,0.0,0.0,0.0,0.0,-0.0,0.0,-0.0,0.0,0.0,0.0,-0.0,0.001953,-0.004944,0.0,0.000194,0.0,0.000065,0.0,-0.000065,0.0,-0.000194,0.0,0.0,0.0,0.022755,
0.0,4.196313,0.874728,-0.000066,0.0,1.570796,0.0,0.546506,0.043913,0.0,0.0,0.0,-0.271888,-0.024659,0.002937,0.389837,-0.076678,0.02415,-0.025012,0.03422,0.013794,0.709101,-0.024642,-0.017282,-0.066096,0.174482,0.0,-0.037403,0.0,0.0,0.0,-0.092165,-0.174482,0.0,-0.001648,0.0,0.0,0.0,0.0,0.0,0.0,0.0,-0.0,0.0,0.0,0.0,0.0,0.001953,-0.004944,0.0,0.000194,0.0,0.000065,0.0,-0.000065,0.0,-0.000194,0.0,0.0,0.0,0.022004,
0.0,4.201777,0.875167,-0.000066,0.0,1.570796,0.0,0.546445,0.043905,0.0,0.0,0.0,-0.265125,-0.024567,0.003056,0.387634,-0.082138,0.024164,-0.054083,0.035887,0.015296,0.754947,-0.002464,-0.015286,-0.071226,0.174482,0.0,-0.040077,-0.0,0.0,0.0,-0.09255,-0.174482,0.0,-0.001648,0.0,0.0,0.0,0.0,0.0,-0.0,0.0,-0.0,-0.0,-0.0,0.0,-0.0,0.001953,-0.004944,0.0,0.000194,0.0,0.000065,0.0,-0.000065,0.0,-0.000194,0.0,0.0,0.0,0.021254,
0.0,4.207242,0.875607,-0.000066,0.0,1.570796,0.0,0.546445,0.043982,0.0,0.0,0.0,-0.258354,-0.024476,0.003175,0.385414,-0.087584,0.024178,-0.083096,0.037551,0.016795,0.80061,0.019709,-0.013289,-0.076346,0.174482,0.0,-0.042747,-0.0,0.0,0.0,-0.092907,-0.174482,0.0,-0.001648,-0.0,0.0,0.0,0.0,0.0,0.0,0.0,0.0,0.0,0.0,0.0,0.0,0.001953,-0.004944,0.0,0.000194,0.0,0.000065,0.0,-0.000065,0.0,-0.000194,0.0,0.0,0.0,0.020492,
0.0,4.212634,0.876127,-0.000066,0.0,1.570796,0.0,0.539212,0.052083,0.0,0.0,0.0,-0.25066,-0.024476,0.003248,0.381014,-0.091122,0.024192,-0.105715,0.038962,0.018004,0.82727,0.041398,-0.011146,-0.080121,0.174482,0.0,-0.044927,-0.0,0.0,0.0,-0.089809,-0.174482,0.0,-0.001648,0.0,0.0,0.0,0.0,0.0,0.0,0.0,-0.0,0.0,-0.0,0.0,-0.0,0.001953,-0.004944,0.0,0.000194,-0.0,0.000065,0.0,-0.000065,0.0,-0.000194,0.0,0.0,0.0,0.018441,
0.0,4.218027,0.876648,-0.000066,0.0,1.570796,0.0,0.539242,0.052099,0.0,0.0,0.0,-0.242966,-0.024476,0.003321,0.376614,-0.09466,0.024207,-0.128339,0.040372,0.019212,0.853939,0.063091,-0.009004,-0.083896,0.174482,0.0,-0.047106,-0.0,0.0,0.0,-0.086711,-0.174482,0.0,-0.001648,0.0,0.0,0.0,0.0,0.0,0.0,0.0,-0.0,0.0,-0.0,0.0,-0.0,0.001953,-0.004944,0.0,0.000194,0.0,0.000065,0.0,-0.000065,0.0,-0.000194,0.0,0.0,0.0,0.01639,
0.0,4.223419,0.877169,-0.000066,0.0,1.570796,0.0,0.539212,0.052083,0.0,0.0,0.0,-0.235273,-0.024476,0.003394,0.372215,-0.098198,0.024221,-0.150958,0.041782,0.020421,0.880601,0.08478,-0.006861,-0.087672,0.174482,0.0,-0.049286,-0.0,0.0,0.0,-0.083614,-0.174482,-0.0,-0.001648,0.0,0.0,0.0,0.0,0.0,-0.0,0.0,0.0,0.0,-0.0,0.0,-0.0,0.001953,-0.004944,0.0,0.000194,0.0,0.000065,0.0,-0.000065,0.0,-0.000194,0.0,0.0,0.0,0.014339,
0.0,4.228566,0.877672,-0.000066,0.0,1.570796,0.0,0.514737,0.050319,0.0,0.0,0.0,-0.225984,-0.024439,0.003418,0.36477,-0.100845,0.024235,-0.173685,0.042525,0.020629,0.901181,0.090211,-0.005992,-0.092128,0.174482,0.0,-0.051923,-0.0,0.0,0.0,-0.08038,-0.174482,0.0,-0.001648,-0.0,0.0,0.0,0.0,0.0,-0.0,0.0,0.0,0.0,0.0,0.0,-0.0,0.001953,-0.004944,0.0,0.000194,0.0,0.000065,0.0,-0.000065,0.0,-0.000194,0.0,0.0,0.0,0.012511,
0.0,4.233595,0.878167,-0.000066,0.0,1.570796,0.0,0.502926,0.049457,0.0,0.0,0.0,-0.215927,-0.024384,0.003418,0.355857,-0.103064,0.024249,-0.196468,0.042946,0.020354,0.918833,0.08781,-0.005735,-0.096914,0.174482,0.0,-0.054781,0.0,0.0,0.0,-0.077082,-0.174482,0.0,-0.001648,0.0,0.0,0.0,-0.0,0.0,0.0,0.0,0.0,0.0,0.0,0.0,0.0,0.001953,-0.004944,0.0,0.000194,0.0,0.000065,0.0,-0.000065,0.0,-0.000194,0.0,0.0,0.0,0.010789,
0.0,4.238624,0.878661,-0.000066,0.0,1.570796,0.0,0.502896,0.049449,0.0,0.0,0.0,-0.20587,-0.02433,0.003418,0.346945,-0.105283,0.024264,-0.219249,0.043368,0.020079,0.936485,0.085409,-0.005479,-0.101698,0.174482,0.0,-0.057638,0.0,0.0,0.0,-0.073783,-0.174482,-0.0,-0.001648,0.0,0.0,0.0,0.0,0.0,0.0,0.0,0.0,0.0,0.0,0.0,0.0,0.001953,-0.004944,0.0,0.000194,0.0,0.000065,0.0,-0.000065,0.0,-0.000194,0.0,0.0,0.0,0.009068,
0.0,4.243521,0.879128,-0.000066,0.0,1.570796,0.0,0.489651,0.046633,0.0,0.0,0.0,-0.19543,-0.024293,0.003418,0.337072,-0.107251,0.024278,-0.240474,0.043495,0.019554,0.950065,0.080586,-0.005585,-0.107198,0.174482,0.0,-0.060966,0.0,0.0,0.0,-0.070892,-0.174482,0.0,-0.001648,0.0,0.0,0.0,0.0,0.0,-0.0,0.0,0.0,0.0,-0.0,0.0,-0.0,0.001953,-0.004944,0.0,0.000194,-0.0,0.000065,0.0,-0.000065,0.0,-0.000194,0.0,0.0,0.0,0.007722,
0.0,4.248161,0.879539,-0.000066,0.0,1.570796,0.0,0.464047,0.041176,0.0,0.0,0.0,-0.184251,-0.024293,0.003418,0.325348,-0.108736,0.024292,-0.258708,0.043055,0.018547,0.955801,0.071095,-0.006391,-0.114077,0.174482,0.0,-0.065198,-0.0,0.0,0.0,-0.068785,-0.174482,0.0,-0.001648,0.0,0.0,0.0,0.0,0.0,-0.0,-0.0,-0.0,0.0,0.0,0.0,-0.0,0.001953,-0.004944,0.0,0.000194,0.0,0.000065,0.0,-0.000065,0.0,-0.000194,0.0,0.0,0.0,0.0071,
0.0,4.252802,0.879951,-0.000066,0.0,1.570796,-0.0,0.464078,0.041184,0.0,0.0,0.0,-0.173071,-0.024293,0.003418,0.313623,-0.110222,0.024306,-0.276944,0.042616,0.01754,0.961537,0.061604,-0.007197,-0.120956,0.174482,-0.0,-0.069431,0.0,0.0,-0.0,-0.066678,-0.174482,0.0,-0.001648,0.0,0.0,0.0,-0.0,0.0,0.0,0.0,-0.0,0.0,-0.0,0.0,-0.0,0.001953,-0.004944,0.0,0.000194,0.0,0.000065,0.0,-0.000065,0.0,-0.000194,0.0,0.0,0.0,0.006477,
0.0,4.25744,0.880361,-0.000066,0.0,1.570796,0.0,0.463773,0.040955,0.0,0.0,0.0,-0.161899,-0.024293,0.003419,0.301909,-0.111715,0.024321,-0.29513,0.042172,0.016531,0.967181,0.052105,-0.008006,-0.127838,0.174482,0.0,-0.073665,-0.0,0.0,0.0,-0.064577,-0.174482,-0.0,-0.001648,0.0,0.0,0.0,0.0,0.0,0.0,0.0,-0.0,0.0,-0.0,0.0,-0.0,0.001953,-0.004944,0.0,0.000194,0.0,0.000065,0.0,-0.000065,0.0,-0.000194,0.0,0.0,0.0,0.005856,
0.0,4.261769,0.880503,-0.000066,0.0,1.570796,0.0,0.432891,0.014204,0.0,0.0,0.0,-0.151489,-0.024293,0.003492,0.291254,-0.114099,0.024335,-0.308,0.041256,0.015304,0.962001,0.041555,-0.009196,-0.135199,0.174482,-0.0,-0.078136,0.0,0.0,0.0,-0.063221,-0.174482,0.0,-0.001648,0.0,0.0,0.0,-0.0,0.0,-0.0,0.0,0.0,-0.0,-0.0,0.0,0.0,0.001953,-0.004944,0.0,0.000194,0.0,0.000065,0.0,-0.000065,0.0,-0.000194,0.0,0.0,0.0,0.005416,
0.0,4.266098,0.880645,-0.000066,0.0,1.570796,0.0,0.43286,0.014212,0.0,0.0,0.0,-0.141079,-0.024293,0.003565,0.280599,-0.116484,0.024349,-0.320869,0.040341,0.014077,0.956821,0.031006,-0.010386,-0.14256,0.174482,-0.0,-0.082608,0.0,0.0,0.0,-0.061866,-0.174482,0.0,-0.001648,0.0,0.0,0.0,-0.0,0.0,0.0,0.0,0.0,0.0,0.0,0.0,0.0,0.001953,-0.004944,0.0,0.000194,0.0,0.000065,0.0,-0.000065,0.0,-0.000194,0.0,0.0,0.0,0.004977,
0.0,4.270426,0.880787,-0.000066,0.0,1.570796,0.0,0.43286,0.014212,0.0,0.0,0.0,-0.130669,-0.024293,0.003638,0.269944,-0.118868,0.024363,-0.333738,0.039425,0.01285,0.951641,0.020457,-0.011577,-0.149921,0.174482,0.0,-0.08708,0.0,0.0,0.0,-0.06051,-0.174482,-0.0,-0.001648,0.0,0.0,0.0,0.0,0.0,-0.0,0.0,-0.0,0.0,-0.0,0.0,-0.0,0.001953,-0.004944,0.0,0.000194,0.0,0.000065,0.0,-0.000065,0.0,-0.000194,0.0,0.0,0.0,0.004537,
0.0,4.274669,0.880821,-0.000066,0.0,1.570796,-0.0,0.424316,0.003377,0.0,0.0,0.0,-0.120688,-0.024244,0.003662,0.259891,-0.121352,0.024378,-0.346626,0.038571,0.011772,0.944252,0.011084,-0.012606,-0.156926,0.174482,0.0,-0.091342,-0.0,0.0,0.0,-0.059637,-0.174482,0.0,-0.001648,0.0,0.0,0.0,0.0,0.0,0.0,0.0,0.0,0.0,0.0,0.0,0.0,0.001953,-0.004944,0.0,0.000194,0.0,0.000065,0.0,-0.000065,0.0,-0.000194,0.0,0.0,0.0,0.00416,
0.0,4.278872,0.880803,-0.000066,0.0,1.570796,0.0,0.420258,-0.001841,0.0,0.0,0.0,-0.110912,-0.024171,0.003662,0.250127,-0.123884,0.024392,-0.359525,0.037747,0.010765,0.935798,0.002275,-0.013558,-0.163762,0.174482,0.0,-0.095504,-0.0,0.0,0.0,-0.058995,-0.174482,0.0,-0.001648,0.0,0.0,0.0,0.0,0.0,-0.0,0.0,-0.0,0.0,-0.0,0.0,0.0,0.001953,-0.004944,0.0,0.000194,0.0,0.000065,0.0,-0.000065,0.0,-0.000194,0.0,0.0,0.0,0.003812,
0.0,4.283074,0.880784,-0.000066,0.0,1.570796,0.0,0.420288,-0.001841,0.0,0.0,0.0,-0.101137,-0.024097,0.003662,0.240364,-0.126416,0.024406,-0.372424,0.036922,0.009757,0.927345,-0.006533,-0.014511,-0.170597,0.174482,0.0,-0.099665,0.0,0.0,0.0,-0.058354,-0.174482,0.0,-0.001648,0.0,0.0,0.0,-0.0,0.0,-0.0,0.0,-0.0,0.0,0.0,0.0,0.0,0.001953,-0.004944,0.0,0.000194,0.0,0.000065,0.0,-0.000065,0.0,-0.000194,0.0,0.0,0.0,0.003464,
0.0,4.287292,0.88073,-0.000066,0.0,1.570796,0.0,0.421753,-0.005389,0.0,0.0,0.0,-0.093426,-0.024049,0.003706,0.234701,-0.129651,0.024412,-0.384359,0.036155,0.008869,0.917416,-0.014665,-0.015381,-0.177056,0.174482,-0.0,-0.103639,0.0,0.0,-0.0,-0.057882,-0.174482,0.0,-0.001648,0.0,0.0,0.0,-0.0,0.0,0.0,-0.0,0.0,-0.0,-0.0,0.0,0.0,0.001953,-0.004944,0.0,0.000194,0.0,0.000065,0.0,-0.000065,0.0,-0.000194,0.0,0.0,0.0,0.003091,
0.0,4.29154,0.880608,-0.000066,0.0,1.570796,0.0,0.424775,-0.012217,0.0,0.0,0.0,-0.089686,-0.024049,0.003834,0.236933,-0.134239,0.024401,-0.394446,0.035495,0.00821,0.904643,-0.021495,-0.016096,-0.182794,0.174482,0.0,-0.107251,-0.0,0.0,0.0,-0.057736,-0.174482,0.0,-0.001648,0.0,0.0,0.0,0.0,0.0,0.0,0.0,-0.0,0.0,-0.0,0.0,-0.0,0.001953,-0.004944,0.0,0.000194,0.0,0.000065,0.0,-0.000065,0.0,-0.000194,0.0,0.0,0.0,0.00267,
0.0,4.295787,0.880486,-0.000066,0.0,1.570796,0.0,0.424775,-0.012225,0.0,0.0,0.0,-0.085947,-0.024049,0.003962,0.239164,-0.138828,0.024391,-0.404534,0.034836,0.007551,0.891869,-0.028326,-0.01681,-0.188531,0.174482,0.0,-0.110864,0.0,0.0,0.0,-0.057589,-0.174482,0.0,-0.001648,0.0,0.0,0.0,-0.0,0.0,-0.0,0.0,-0.0,-0.0,-0.0,0.0,0.0,0.001953,-0.004944,0.0,0.000194,0.0,0.000065,0.0,-0.000065,0.0,-0.000194,0.0,0.0,0.0,0.002249,
0.0,4.300035,0.880363,-0.000066,0.0,1.570796,0.0,0.424683,-0.012232,0.0,0.0,0.0,-0.082197,-0.024049,0.004089,0.241372,-0.143404,0.02438,-0.414587,0.034178,0.006894,0.879052,-0.035136,-0.017522,-0.194255,0.174482,0.0,-0.11447,-0.0,0.0,0.0,-0.057436,-0.174482,-0.0,-0.001648,0.0,0.0,0.0,0.0,0.0,-0.0,0.0,0.0,0.0,-0.0,0.0,0.0,0.001953,-0.004944,0.0,0.000194,0.0,0.000065,0.0,-0.000065,0.0,-0.000194,0.0,0.0,0.0,0.001822,
0.0,4.304201,0.880226,-0.000066,0.0,1.570796,0.0,0.416657,-0.013743,0.0,0.0,0.0,-0.077158,-0.024049,0.004089,0.240874,-0.146581,0.02437,-0.420769,0.03361,0.006519,0.860905,-0.039532,-0.018053,-0.198341,0.174482,0.0,-0.117295,-0.0,0.0,0.0,-0.056557,-0.174482,0.0,-0.001648,0.0,0.0,0.0,0.0,0.0,0.0,0.0,-0.0,0.0,0.0,-0.0,0.0,0.001953,-0.004944,0.0,0.000194,0.0,0.000065,0.0,-0.000065,0.0,-0.000194,0.0,-0.0,0.0,0.000705,
-0.0,4.308368,0.880089,-0.000066,0.0,1.570796,-0.0,0.416657,-0.013743,0.0,0.0,0.0,-0.072118,-0.024049,0.004089,0.240376,-0.149757,0.02436,-0.426951,0.033042,0.006143,0.842757,-0.043928,-0.018585,-0.202427,0.174482,0.0,-0.12012,0.0,0.0,0.0,-0.055678,-0.174482,0.0,-0.001648,-0.0,0.0,0.0,-0.0,0.0,0.0,-0.0,-0.0,0.0,0.0,-0.0,-0.0,0.001953,-0.004944,0.0,0.000194,0.0,0.000065,0.0,-0.000065,0.0,-0.000194,0.0,-0.0,0.0,-0.000413,
0.0,4.312534,0.879951,-0.000066,0.0,1.570796,0.0,0.416657,-0.013736,0.0,0.0,0.0,-0.067079,-0.024049,0.004089,0.239878,-0.152934,0.024349,-0.433133,0.032474,0.005768,0.824611,-0.048323,-0.019116,-0.206512,0.174482,-0.0,-0.122945,0.0,0.0,0.0,-0.054798,-0.174482,0.0,-0.001648,0.0,0.0,0.0,0.0,0.0,-0.0,0.0,-0.0,0.0,-0.0,0.0,-0.0,0.001953,-0.004944,0.0,0.000194,0.0,0.000065,0.0,-0.000065,0.0,-0.000194,0.0,0.0,0.0,-0.00153,
0.0,4.316632,0.879793,-0.000066,0.0,1.570796,0.0,0.409822,-0.015804,0.0,0.0,0.0,-0.062054,-0.024049,0.004151,0.239405,-0.155876,0.024339,-0.434861,0.031869,0.005392,0.800825,-0.055392,-0.019696,-0.209804,0.174482,-0.0,-0.125337,-0.0,0.0,0.0,-0.053882,-0.174482,0.0,-0.001648,0.0,0.0,0.0,0.0,0.0,0.0,0.0,0.0,0.0,0.0,0.0,0.0,0.001953,-0.004944,0.0,0.000194,0.0,0.000065,0.0,-0.000065,0.0,-0.000194,0.0,0.0,0.0,-0.002585,
0.0,4.320698,0.879625,-0.000066,0.0,1.570796,0.0,0.406556,-0.016804,0.0,0.0,0.0,-0.057034,-0.024049,0.004243,0.238944,-0.158705,0.024328,-0.434449,0.031247,0.005017,0.77432,-0.063747,-0.0203,-0.212713,0.174482,0.0,-0.12752,0.0,0.0,0.0,-0.052948,-0.174482,0.0,-0.001648,0.0,0.0,0.0,0.0,0.0,0.0,0.0,0.0,0.0,0.0,0.0,0.0,0.001953,-0.004944,0.0,0.000194,0.0,0.000065,0.0,-0.000065,0.0,-0.000194,0.0,0.0,0.0,-0.00361,
0.0,4.324764,0.879457,-0.000066,0.0,1.570796,-0.0,0.406587,-0.016796,0.0,0.0,0.0,-0.052015,-0.024049,0.004334,0.238483,-0.161534,0.024318,-0.434036,0.030624,0.004642,0.747815,-0.072101,-0.020905,-0.215623,0.174482,0.0,-0.129704,0.0,0.0,0.0,-0.052013,-0.174482,0.0,-0.001648,0.0,0.0,0.0,-0.0,0.0,-0.0,0.0,-0.0,0.0,-0.0,0.0,-0.0,0.001953,-0.004944,0.0,0.000194,0.0,0.000065,0.0,-0.000065,0.0,-0.000194,0.0,-0.0,0.0,-0.004636,
0.0,4.32882,0.879278,-0.000066,0.0,1.570796,0.0,0.40561,-0.017917,0.0,0.0,0.0,-0.047184,-0.024049,0.004395,0.238419,-0.164545,0.024307,-0.432496,0.030045,0.004326,0.720158,-0.079303,-0.02144,-0.218205,0.174482,-0.0,-0.131699,0.0,0.0,0.0,-0.051198,-0.174482,0.0,-0.001648,0.0,0.0,0.0,0.0,0.0,-0.0,0.0,-0.0,0.0,-0.0,0.0,0.0,0.001953,-0.004944,0.0,0.000194,0.0,0.000065,0.0,-0.000065,0.0,-0.000194,0.0,-0.0,0.0,-0.005461,
0.0,4.332859,0.879077,-0.000066,0.0,1.570796,0.0,0.403871,-0.020069,0.0,0.0,0.0,-0.042715,-0.024049,0.004395,0.23912,-0.167908,0.024297,-0.428785,0.029551,0.004124,0.690257,-0.084288,-0.021843,-0.220158,0.174482,0.0,-0.133333,-0.0,0.0,0.0,-0.050612,-0.174482,0.0,-0.001648,0.0,0.0,0.0,0.0,0.0,0.0,-0.0,0.0,0.0,-0.0,0.0,0.0,0.001953,-0.004944,0.0,0.000194,0.0,0.000065,0.0,-0.000065,0.0,-0.000194,0.0,0.0,0.0,-0.0059,
0.0,4.336897,0.878877,-0.000066,0.0,1.570796,-0.0,0.40384,-0.020069,0.0,0.0,0.0,-0.038246,-0.024049,0.004395,0.239821,-0.171271,0.024286,-0.425075,0.029056,0.003923,0.660354,-0.089274,-0.022246,-0.222111,0.174482,-0.0,-0.134966,0.0,0.0,0.0,-0.050026,-0.174482,0.0,-0.001648,-0.0,0.0,0.0,0.0,0.0,-0.0,0.0,-0.0,0.0,-0.0,-0.0,-0.0,0.001953,-0.004944,0.0,0.000194,0.0,0.000065,0.0,-0.000065,0.0,-0.000194,0.0,-0.0,0.0,-0.00634,
0.0,4.340936,0.878676,-0.000066,0.0,1.570796,0.0,0.403932,-0.020061,0.0,0.0,0.0,-0.03378,-0.024049,0.004396,0.24053,-0.174638,0.024276,-0.421354,0.028563,0.003723,0.630462,-0.094211,-0.022647,-0.224049,0.174482,0.0,-0.136591,0.0,0.0,0.0,-0.049447,-0.174482,0.0,-0.001648,-0.0,0.0,0.0,0.0,0.0,0.0,0.0,0.0,0.0,0.0,0.0,0.0,0.001953,-0.004944,0.0,0.000194,0.0,0.000065,0.0,-0.000065,0.0,-0.000194,0.0,0.0,0.0,-0.006766,
0.0,4.345047,0.878488,-0.000066,0.0,1.570796,0.0,0.411103,-0.018779,0.0,0.0,0.0,-0.029715,-0.024049,0.004524,0.242172,-0.178481,0.024265,-0.416377,0.028234,0.003723,0.600913,-0.093753,-0.02283,-0.224233,0.174482,0.0,-0.13727,0.0,0.0,0.0,-0.049704,-0.174482,0.0,-0.001648,0.0,0.0,0.0,0.0,0.0,-0.0,-0.0,-0.0,0.0,-0.0,0.0,-0.0,0.001953,-0.004944,0.0,0.000194,0.0,0.000065,0.0,-0.000065,0.0,-0.000194,0.0,0.0,0.0,-0.005694,
0.0,4.349159,0.878301,-0.000066,0.0,1.570796,0.0,0.411134,-0.018772,0.0,0.0,0.0,-0.025649,-0.024049,0.004652,0.243814,-0.182324,0.024255,-0.411401,0.027904,0.003723,0.571355,-0.093294,-0.023013,-0.224417,0.174482,0.0,-0.137949,-0.0,0.0,0.0,-0.04996,-0.174482,0.0,-0.001648,0.0,0.0,0.0,0.0,0.0,0.0,0.0,-0.0,-0.0,-0.0,0.0,0.0,0.001953,-0.004944,0.0,0.000194,0.0,0.000065,0.0,-0.000065,0.0,-0.000194,0.0,-0.0,0.0,-0.004623,
0.0,4.35327,0.878113,-0.000066,0.0,1.570796,0.0,0.411103,-0.018779,0.0,0.0,0.0,-0.021584,-0.024049,0.00478,0.245456,-0.186167,0.024244,-0.406424,0.027574,0.003723,0.541802,-0.092836,-0.023196,-0.224601,0.174482,-0.0,-0.138628,-0.0,0.0,-0.0,-0.050217,-0.174482,0.0,-0.001648,0.0,0.0,0.0,0.0,0.0,0.0,0.0,-0.0,0.0,0.0,0.0,0.0,0.001953,-0.004944,0.0,0.000194,0.0,0.000065,0.0,-0.000065,0.0,-0.000194,0.0,0.0,0.0,-0.003552,
0.0,4.357393,0.877906,-0.000066,0.0,1.570796,0.0,0.412324,-0.020656,0.0,0.0,0.0,-0.017716,-0.024049,0.004822,0.247123,-0.189377,0.024234,-0.401541,0.027319,0.003723,0.516424,-0.091722,-0.023317,-0.223454,0.174482,0.0,-0.138427,0.0,0.0,0.0,-0.05077,-0.174482,0.0,-0.001648,0.0,0.0,0.0,0.0,0.0,-0.0,0.0,-0.0,-0.0,-0.0,0.0,-0.0,0.001953,-0.004944,0.0,0.000194,0.0,0.000065,0.0,-0.000065,0.0,-0.000194,0.0,0.0,0.0,-0.002481,
0.0,4.361522,0.877691,-0.000066,0.0,1.570796,0.0,0.412874,-0.021549,0.0,0.0,0.0,-0.013944,-0.024049,0.004822,0.248802,-0.192284,0.024223,-0.396704,0.027099,0.003723,0.493045,-0.090292,-0.023409,-0.221667,0.174482,0.0,-0.137803,-0.0,0.0,0.0,-0.051466,-0.174482,0.0,-0.001648,0.0,0.0,0.0,0.0,0.0,-0.0,0.0,-0.0,0.0,-0.0,0.0,0.0,0.001953,-0.004944,0.0,0.000194,0.0,0.000065,0.0,-0.000065,0.0,-0.000194,0.0,-0.0,0.0,-0.00141,
0.0,4.365651,0.877475,-0.000066,0.0,1.570796,0.0,0.412874,-0.021556,0.0,0.0,0.0,-0.010172,-0.024049,0.004822,0.250482,-0.19519,0.024213,-0.391866,0.02688,0.003723,0.469664,-0.088862,-0.023501,-0.21988,0.174482,0.0,-0.137179,-0.0,-0.0,0.0,-0.052162,-0.174482,0.0,-0.001648,0.0,0.0,0.0,0.0,-0.0,0.0,0.0,-0.0,0.0,0.0,0.0,0.0,0.001953,-0.004944,0.0,0.000194,0.0,0.000065,0.0,-0.000065,0.0,-0.000194,0.0,-0.0,0.0,-0.000338,
0.0,4.369808,0.87724,-0.000066,0.0,1.570796,0.0,0.415742,-0.023563,0.0,0.0,0.0,-0.00687,-0.024024,0.004856,0.253046,-0.198205,0.024203,-0.387006,0.026691,0.003723,0.448409,-0.087784,-0.023592,-0.217399,0.174482,-0.0,-0.136052,-0.0,0.0,0.0,-0.052952,-0.174482,0.0,-0.001648,0.0,0.0,0.0,0.0,0.0,0.0,0.0,-0.0,-0.0,0.0,-0.0,0.0,0.001953,-0.004944,0.0,0.000194,0.0,0.000065,0.0,-0.000065,0.0,-0.000194,0.0,0.0,0.0,0.000504,
0.0,4.374021,0.876965,-0.000066,0.0,1.570796,0.0,0.421297,-0.027438,0.0,0.0,0.0,-0.004471,-0.023951,0.004957,0.257312,-0.201426,0.024192,-0.382101,0.026563,0.003723,0.431229,-0.08738,-0.023684,-0.213587,0.174482,0.0,-0.13396,0.0,0.0,0.0,-0.053923,-0.174482,0.0,-0.001648,-0.0,0.0,0.0,0.0,0.0,-0.0,0.0,-0.0,0.0,0.0,0.0,-0.0,0.001953,-0.004944,0.0,0.000194,0.0,0.000065,0.0,-0.000065,0.0,-0.000194,0.0,0.0,0.0,0.000907,
0.0,4.378233,0.876691,-0.000066,0.0,1.570796,0.0,0.421236,-0.02743,0.0,0.0,0.0,-0.002072,-0.023878,0.005058,0.261577,-0.204647,0.024182,-0.377197,0.026435,0.003723,0.414049,-0.086977,-0.023775,-0.209776,0.174482,0.0,-0.131868,0.0,0.0,0.0,-0.054894,-0.174482,-0.0,-0.001648,0.0,0.0,0.0,-0.0,0.0,0.0,-0.0,0.0,0.0,0.0,-0.0,0.0,0.001953,-0.004944,0.0,0.000194,0.0,0.000065,0.0,-0.000065,0.0,-0.000194,0.0,0.0,0.0,0.00131,
0.0,4.382448,0.876415,-0.000066,0.0,1.570796,-0.0,0.42145,-0.027598,0.0,0.0,0.0,0.000309,-0.023805,0.005159,0.265881,-0.207881,0.024171,-0.372299,0.026307,0.003723,0.396938,-0.086587,-0.023866,-0.20595,0.174482,0.0,-0.129764,0.0,0.0,0.0,-0.055865,-0.174482,-0.0,-0.001648,0.0,0.0,0.0,0.0,0.0,-0.0,0.0,0.0,0.0,0.0,0.0,0.0,0.001953,-0.004944,0.0,0.000194,0.0,0.000065,0.0,-0.000065,0.0,-0.000194,0.0,0.0,0.0,0.001707,
0.0,4.386871,0.875955,-0.000066,0.0,1.570796,0.0,0.442355,-0.045953,0.0,0.0,0.0,0.000712,-0.023805,0.005259,0.274425,-0.212596,0.024171,-0.368146,0.026234,0.003723,0.387427,-0.087687,-0.023866,-0.200669,0.174482,-0.0,-0.126388,-0.0,0.0,-0.0,-0.056836,-0.174482,-0.0,-0.001648,-0.0,0.0,0.0,0.0,0.0,0.0,0.0,-0.0,0.0,0.0,0.0,0.0,0.001953,-0.004944,0.0,0.000194,0.0,0.000065,0.0,-0.000065,0.0,-0.000194,0.0,-0.0,0.0,0.001524,
0.0,4.391294,0.875496,-0.000066,0.0,1.570796,0.0,0.442325,-0.045945,0.0,0.0,0.0,0.001115,-0.023805,0.00536,0.282968,-0.217311,0.024171,-0.363994,0.026161,0.003723,0.377916,-0.088787,-0.023866,-0.195388,0.174482,0.0,-0.123013,0.0,0.0,-0.0,-0.057807,-0.174482,0.0,-0.001648,0.0,0.0,0.0,0.0,0.0,0.0,0.0,0.0,0.0,0.0,-0.0,0.0,0.001953,-0.004944,0.0,0.000194,-0.0,0.000065,0.0,-0.000065,0.0,-0.000194,0.0,0.0,0.0,0.001341,
0.0,4.395718,0.875036,-0.000066,0.0,1.570796,0.0,0.442325,-0.045945,0.0,0.0,0.0,0.001517,-0.023805,0.005461,0.291512,-0.222027,0.024171,-0.359841,0.026087,0.003723,0.368404,-0.089887,-0.023866,-0.190107,0.174482,0.0,-0.119637,0.0,0.0,0.0,-0.058778,-0.174482,0.0,-0.001648,0.0,0.0,0.0,-0.0,0.0,-0.0,0.0,-0.0,0.0,-0.0,0.0,-0.0,0.001953,-0.004944,0.0,0.000194,0.0,0.000065,0.0,-0.000065,0.0,-0.000194,0.0,0.0,0.0,0.001158,
0.0,4.400101,0.87468,-0.000066,0.0,1.570796,0.0,0.438296,-0.035661,0.0,0.0,0.0,0.005979,-0.023805,0.005493,0.292457,-0.224876,0.024171,-0.353094,0.026064,0.003934,0.357996,-0.08482,-0.023866,-0.184444,0.174482,0.0,-0.116126,0.0,0.0,0.0,-0.059711,-0.174482,0.0,-0.001648,0.0,0.0,0.0,-0.0,0.0,0.0,0.0,0.0,0.0,0.0,0.0,0.0,0.001953,-0.004944,0.0,0.000194,0.0,0.000065,0.0,-0.000065,0.0,-0.000194,0.0,0.0,0.0,0.001099,
0.0,4.404464,0.874373,-0.000066,0.0,1.570796,0.0,0.436373,-0.030725,0.0,0.0,0.0,0.012388,-0.023805,0.005493,0.289755,-0.226829,0.024171,-0.345101,0.026064,0.004245,0.347157,-0.076793,-0.023866,-0.178597,0.174482,0.0,-0.112549,0.0,0.0,0.0,-0.060627,-0.174482,0.0,-0.001648,0.0,0.0,0.0,0.0,0.0,0.0,0.0,0.0,0.0,0.0,0.0,0.0,0.001953,-0.004944,0.0,0.000194,0.0,0.000065,0.0,-0.000065,0.0,-0.000194,0.0,0.0,0.0,0.001099,
0.0,4.408828,0.874065,-0.000066,0.0,1.570796,0.0,0.436342,-0.030725,0.0,0.0,0.0,0.018797,-0.023805,0.005493,0.287053,-0.228783,0.024171,-0.337108,0.026064,0.004556,0.336319,-0.068767,-0.023866,-0.172751,0.174482,0.0,-0.108973,0.0,0.0,0.0,-0.061543,-0.174482,0.0,-0.001648,0.0,0.0,0.0,-0.0,0.0,0.0,0.0,-0.0,0.0,0.0,0.0,-0.0,0.001953,-0.004944,0.0,0.000194,-0.0,0.000065,0.0,-0.000065,0.0,-0.000194,0.0,0.0,0.0,0.001099,
0.0,4.413158,0.87387,-0.000066,0.0,1.570796,0.0,0.433076,-0.019533,0.0,0.0,0.0,0.026167,-0.023805,0.005449,0.282327,-0.229354,0.024171,-0.328481,0.026064,0.004903,0.325003,-0.059336,-0.023819,-0.166831,0.174482,0.0,-0.105447,0.0,0.0,0.0,-0.06239,-0.174482,0.0,-0.001648,0.0,0.0,0.0,0.0,0.0,0.0,0.0,-0.0,0.0,-0.0,-0.0,-0.0,0.001953,-0.004944,0.0,0.000194,0.0,0.000065,0.0,-0.000065,0.0,-0.000194,0.0,0.0,0.0,0.001099,
0.0,4.417426,0.87389,-0.000066,0.0,1.570796,-0.0,0.426697,0.001981,0.0,0.0,0.0,0.035379,-0.023805,0.005321,0.273715,-0.227272,0.024171,-0.318635,0.026064,0.005318,0.312772,-0.047211,-0.023682,-0.160769,0.174482,0.0,-0.102018,0.0,0.0,0.0,-0.063105,-0.174482,0.0,-0.001648,0.0,0.0,0.0,0.0,0.0,0.0,0.0,0.0,0.0,0.0,0.0,0.0,0.001953,-0.004944,0.0,0.000194,0.0,0.000065,0.0,-0.000065,0.0,-0.000194,0.0,0.0,0.0,0.001099,
0.0,4.421692,0.87391,-0.000066,0.0,1.570796,0.0,0.426697,0.001974,0.0,0.0,0.0,0.044592,-0.023805,0.005193,0.265103,-0.225189,0.024171,-0.308789,0.026064,0.005733,0.30054,-0.035086,-0.023544,-0.154707,0.174482,-0.0,-0.09859,0.0,0.0,0.0,-0.063819,-0.174482,0.0,-0.001648,0.0,0.0,0.0,0.0,0.0,-0.0,0.0,-0.0,0.0,-0.0,0.0,-0.0,0.001953,-0.004944,0.0,0.000194,0.0,0.000065,0.0,-0.000065,0.0,-0.000194,0.0,0.0,0.0,0.001099,
0.0,4.42596,0.873933,-0.000066,0.0,1.570796,0.0,0.426758,0.00234,0.0,0.0,0.0,0.053829,-0.023805,0.005063,0.256439,-0.223055,0.024171,-0.298932,0.026063,0.006148,0.288292,-0.022951,-0.023407,-0.148642,0.174482,0.0,-0.095158,-0.0,0.0,0.0,-0.064524,-0.174482,0.0,-0.001648,0.0,0.0,0.0,0.0,0.0,0.0,0.0,-0.0,0.0,0.0,-0.0,-0.0,0.001953,-0.004944,0.0,0.000194,0.0,0.000065,0.0,-0.000065,0.0,-0.000194,0.0,0.0,0.0,0.001097,
0.0,4.430319,0.874349,-0.000066,0.0,1.570796,0.0,0.435941,0.041662,0.0,0.0,0.0,0.065777,-0.023805,0.004696,0.242132,-0.215413,0.024171,-0.287799,0.02599,0.006563,0.274215,-0.009766,-0.02327,-0.142217,0.174482,-0.0,-0.091345,0.0,-0.0,0.0,-0.064213,-0.174482,-0.0,-0.001648,-0.0,0.0,0.0,0.0,-0.0,-0.0,0.0,-0.0,0.0,0.0,0.0,-0.0,0.001953,-0.004944,0.0,0.000194,0.0,0.000065,0.0,-0.000065,0.0,-0.000194,0.0,0.0,0.0,0.000951,
0.0,4.434679,0.874766,-0.000066,0.0,1.570796,0.0,0.43591,0.041655,0.0,0.0,0.0,0.077725,-0.023805,0.00433,0.227824,-0.207771,0.024171,-0.276665,0.025916,0.006978,0.260137,0.003419,-0.023132,-0.135793,0.174482,0.0,-0.087532,0.0,0.0,0.0,-0.063902,-0.174482,0.0,-0.001648,0.0,0.0,0.0,0.0,0.0,0.0,0.0,0.0,0.0,0.0,0.0,-0.0,0.001953,-0.004944,0.0,0.000194,0.0,0.000065,0.0,-0.000065,0.0,-0.000194,0.0,0.0,0.0,0.000804,
0.0,4.439037,0.875183,-0.000066,0.0,1.570796,0.0,0.43588,0.041655,0.0,0.0,0.0,0.089672,-0.023805,0.003964,0.213518,-0.20013,0.024171,-0.265533,0.025843,0.007393,0.246061,0.016603,-0.022995,-0.129369,0.174482,-0.0,-0.08372,-0.0,0.0,0.0,-0.06359,-0.174482,0.0,-0.001648,0.0,0.0,0.0,0.0,0.0,0.0,0.0,-0.0,0.0,-0.0,0.0,0.0,0.001953,-0.004944,0.0,0.000194,0.0,0.000065,0.0,-0.000065,0.0,-0.000194,0.0,0.0,0.0,0.000658,
0.0,4.443366,0.875768,-0.000066,0.0,1.570796,-0.0,0.432827,0.058516,0.0,0.0,0.0,0.103288,-0.023879,0.003486,0.195599,-0.189391,0.024171,-0.252613,0.02577,0.007808,0.229091,0.026929,-0.02295,-0.123034,0.174482,-0.0,-0.079896,0.0,0.0,0.0,-0.062994,-0.174482,0.0,-0.001648,0.0,0.0,0.0,0.0,0.0,0.0,0.0,0.0,0.0,-0.0,0.0,-0.0,0.001953,-0.004944,0.0,0.000194,0.0,0.000065,0.0,-0.000065,0.0,-0.000194,0.0,-0.0,0.0,0.001006,
0.0,4.44768,0.876434,-0.000066,0.0,1.570796,0.0,0.431392,0.06661,0.0,0.0,0.0,0.117707,-0.023989,0.002955,0.175945,-0.177165,0.024171,-0.238835,0.025697,0.008224,0.21073,0.035885,-0.02295,-0.116742,0.174482,-0.0,-0.076066,0.0,0.0,0.0,-0.062261,-0.174482,-0.0,-0.001648,0.0,0.0,0.0,-0.0,0.0,-0.0,0.0,-0.0,0.0,-0.0,0.0,-0.0,0.001953,-0.004944,0.0,0.000194,0.0,0.000065,0.0,-0.000065,0.0,-0.000194,0.0,0.0,0.0,0.001592,
0.0,4.451993,0.8771,-0.000066,0.0,1.570796,-0.0,0.431331,0.066595,0.0,0.0,0.0,0.132125,-0.024099,0.002424,0.156293,-0.16494,0.024171,-0.225058,0.025623,0.008639,0.192371,0.04484,-0.02295,-0.110451,0.174482,0.0,-0.072236,-0.0,0.0,0.0,-0.061528,-0.174482,0.0,-0.001648,0.0,0.0,0.0,0.0,0.0,-0.0,0.0,-0.0,0.0,-0.0,0.0,-0.0,0.001953,-0.004944,0.0,0.000194,0.0,0.000065,0.0,-0.000065,0.0,-0.000194,0.0,0.0,0.0,0.002178,
0.0,4.456293,0.877819,-0.000066,0.0,1.570796,0.0,0.430018,0.071905,0.0,0.0,0.0,0.143131,-0.024171,0.001906,0.143012,-0.154758,0.024171,-0.212288,0.02555,0.009031,0.176142,0.051644,-0.02295,-0.104274,0.174482,0.0,-0.068444,0.0,0.0,0.0,-0.060789,-0.174482,0.0,-0.001648,0.0,0.0,0.0,0.0,0.0,-0.0,0.0,0.0,0.0,0.0,0.0,0.0,0.001953,-0.004944,0.0,0.000194,0.0,0.000065,0.0,-0.000065,0.0,-0.000194,0.0,0.0,0.0,0.002852,
0.0,4.460566,0.87864,-0.000066,0.0,1.570796,0.0,0.427302,0.08206,0.0,0.0,0.0,0.147594,-0.024171,0.001411,0.141947,-0.148497,0.024171,-0.201449,0.025477,0.009379,0.163999,0.054318,-0.02295,-0.098315,0.174482,0.0,-0.064725,0.0,0.0,0.0,-0.060038,-0.174482,0.0,-0.001648,-0.0,0.0,0.0,0.0,0.0,0.0,0.0,0.0,0.0,0.0,0.0,0.0,0.001953,-0.004944,0.0,0.000194,0.0,0.000065,0.0,-0.000065,0.0,-0.000194,0.0,0.0,0.0,0.003695,
0.0,4.464839,0.87946,-0.000066,0.0,1.570796,0.0,0.427302,0.082067,0.0,0.0,0.0,0.152056,-0.024171,0.000917,0.140882,-0.142236,0.024171,-0.19061,0.025404,0.009727,0.151855,0.056993,-0.02295,-0.092357,0.174482,-0.0,-0.061005,0.0,0.0,0.0,-0.059287,-0.174482,0.0,-0.001648,0.0,0.0,0.0,0.0,0.0,-0.0,0.0,-0.0,0.0,-0.0,0.0,-0.0,0.001953,-0.004944,0.0,0.000194,0.0,0.000065,0.0,-0.000065,0.0,-0.000194,0.0,0.0,0.0,0.004537,
0.0,4.469111,0.88028,-0.000066,0.0,1.570796,0.0,0.42718,0.081937,0.0,0.0,0.0,0.156508,-0.024172,0.000424,0.139828,-0.135945,0.024171,-0.179831,0.025331,0.010073,0.139828,0.059597,-0.02295,-0.086411,0.174482,0.0,-0.057293,0.0,0.0,0.0,-0.058538,-0.174482,0.0,-0.001648,0.0,0.0,0.0,0.0,0.0,0.0,-0.0,-0.0,0.0,0.0,0.0,0.0,0.001953,-0.004944,0.0,0.000194,0.0,0.000065,0.0,-0.000065,0.0,-0.000194,0.0,-0.0,0.0,0.005371,
0.0,4.473241,0.880976,-0.000066,0.0,1.570796,0.0,0.413051,0.069646,0.0,0.0,0.0,0.159925,-0.024245,0.000095,0.139828,-0.126461,0.024171,-0.175292,0.025331,0.010238,0.139883,0.054816,-0.02295,-0.081738,0.174482,0.0,-0.054234,0.0,0.0,0.0,-0.058044,-0.174482,0.0,-0.001648,0.0,0.0,0.0,-0.0,0.0,0.0,-0.0,0.0,0.0,0.0,0.0,0.0,0.001953,-0.004944,0.0,0.000194,0.0,0.000065,0.0,-0.000065,0.0,-0.000194,0.0,0.0,0.0,0.005316,
0.0,4.477372,0.881673,-0.000066,0.0,1.570796,0.0,0.413081,0.069653,0.0,0.0,0.0,0.163342,-0.024318,-0.000235,0.139828,-0.116976,0.024171,-0.170752,0.025331,0.010402,0.139938,0.050035,-0.02295,-0.077065,0.174482,0.0,-0.051174,0.0,0.0,0.0,-0.057549,-0.174482,0.0,-0.001648,0.0,0.0,0.0,0.0,0.0,0.0,0.0,0.0,0.0,-0.0,0.0,0.0,0.001953,-0.004944,0.0,0.000194,0.0,0.000065,0.0,-0.000065,0.0,-0.000194,0.0,0.0,0.0,0.005261,
0.0,4.481502,0.882369,-0.000066,0.0,1.570796,-0.0,0.41302,0.069638,0.0,0.0,0.0,0.166759,-0.024392,-0.000565,0.139828,-0.107492,0.024171,-0.166212,0.025331,0.010567,0.139993,0.045254,-0.02295,-0.072392,0.174482,0.0,-0.048116,0.0,0.0,0.0,-0.057054,-0.174482,0.0,-0.001648,0.0,0.0,0.0,-0.0,0.0,0.0,0.0,0.0,0.0,0.0,0.0,-0.0,0.001953,-0.004944,0.0,0.000194,0.0,0.000065,0.0,-0.000065,0.0,-0.000194,0.0,0.0,0.0,0.005206,
0.0,4.485424,0.882818,-0.000066,0.0,1.570796,0.0,0.392117,0.044887,0.0,0.0,0.0,0.165071,-0.024415,-0.000671,0.149244,-0.101545,0.024171,-0.162009,0.025331,0.01067,0.140011,0.040548,-0.023,-0.068835,0.174482,-0.0,-0.045812,-0.0,0.0,0.0,-0.057006,-0.174482,0.0,-0.001648,0.0,0.0,0.0,0.0,0.0,0.0,0.0,0.0,0.0,-0.0,0.0,-0.0,0.001953,-0.004944,0.0,0.000194,0.0,0.000065,0.0,-0.000065,0.0,-0.000194,0.0,0.0,0.0,0.004817,
0.0,4.489244,0.883148,-0.000066,0.0,1.570796,0.0,0.382078,0.03303,0.0,0.0,0.0,0.160937,-0.024415,-0.000671,0.163171,-0.097291,0.024171,-0.157968,0.025331,0.010743,0.140011,0.035878,-0.023073,-0.065812,0.174482,0.0,-0.043871,0.0,0.0,0.0,-0.057171,-0.174482,0.0,-0.001648,0.0,0.0,0.0,0.0,0.0,0.0,0.0,0.0,0.0,-0.0,0.0,-0.0,0.001953,-0.004944,0.0,0.000194,0.0,0.000065,0.0,-0.000065,0.0,-0.000194,0.0,0.0,0.0,0.004267,
-0.0,4.493065,0.883478,-0.000066,0.0,1.570796,-0.0,0.382078,0.03303,0.0,0.0,0.0,0.156804,-0.024415,-0.000671,0.177099,-0.093038,0.024171,-0.153927,0.025331,0.010817,0.140011,0.031207,-0.023146,-0.062788,0.174482,0.0,-0.041929,0.0,0.0,0.0,-0.057335,-0.174482,0.0,-0.001648,0.0,0.0,0.0,-0.0,0.0,0.0,0.0,-0.0,0.0,0.0,0.0,-0.0,0.001953,-0.004944,0.0,0.000194,0.0,0.000065,-0.0,-0.000065,0.0,-0.000194,0.0,0.0,0.0,0.003718,
0.0,4.496765,0.883651,-0.000066,0.0,1.570796,0.0,0.369994,0.017297,0.0,0.0,0.0,0.150658,-0.024459,-0.000671,0.194919,-0.09096,0.024171,-0.150044,0.025331,0.010796,0.140011,0.02645,-0.02322,-0.060432,0.174482,0.0,-0.040452,0.0,0.0,0.0,-0.057833,-0.174482,-0.0,-0.001648,0.0,0.0,0.0,0.0,0.0,0.0,0.0,-0.0,0.0,-0.0,0.0,0.0,0.001953,-0.004944,0.0,0.000194,0.0,0.000065,0.0,-0.000065,0.0,-0.000194,0.0,0.0,0.0,0.003037,
0.0,4.500234,0.883523,-0.000066,0.0,1.570796,-0.0,0.346864,-0.012833,0.0,0.0,0.0,0.140654,-0.024588,-0.000671,0.220211,-0.09305,0.024171,-0.146464,0.025331,0.010594,0.140011,0.021524,-0.023293,-0.059351,0.174482,0.0,-0.039866,0.0,0.0,0.0,-0.058969,-0.174482,0.0,-0.001648,0.0,0.0,0.0,0.0,0.0,0.0,0.0,-0.0,0.0,0.0,0.0,-0.0,0.001953,-0.004944,0.0,0.000194,0.0,0.000065,0.0,-0.000065,0.0,-0.000194,0.0,0.0,0.0,0.002103,
0.0,4.503703,0.883395,-0.000066,0.0,1.570796,0.0,0.346894,-0.012833,0.0,0.0,0.0,0.13065,-0.024716,-0.000671,0.245505,-0.09514,0.024171,-0.142884,0.025331,0.010393,0.140011,0.016597,-0.023366,-0.05827,0.174482,0.0,-0.03928,0.0,0.0,0.0,-0.060105,-0.174482,0.0,-0.001648,-0.0,0.0,0.0,0.0,0.0,0.0,-0.0,-0.0,0.0,0.0,0.0,0.0,0.001953,-0.004944,0.0,0.000194,0.0,0.000065,0.0,-0.000065,0.0,-0.000194,0.0,0.0,0.0,0.001169,
0.0,4.507166,0.883266,-0.000066,0.0,1.570796,0.0,0.346345,-0.012833,0.0,0.0,0.0,0.120652,-0.024844,-0.000671,0.270776,-0.097232,0.024171,-0.13931,0.025331,0.01019,0.140011,0.011693,-0.023439,-0.057208,0.174482,0.0,-0.038706,0.0,0.0,0.0,-0.06125,-0.174482,0.0,-0.001648,0.0,0.0,0.0,0.0,0.0,-0.0,-0.0,-0.0,0.0,0.0,0.0,-0.0,0.001953,-0.004944,0.0,0.000194,0.0,0.000065,0.0,-0.000065,0.0,-0.000194,0.0,0.0,0.0,0.000228,
0.0,4.510092,0.883136,-0.000066,0.0,1.570796,0.0,0.292573,-0.013019,0.0,0.0,0.0,0.11119,-0.024935,-0.000579,0.294368,-0.09956,0.024171,-0.136373,0.025331,0.00986,0.140011,0.008983,-0.023513,-0.058106,0.174482,0.0,-0.039347,0.0,0.0,0.0,-0.063375,-0.174482,0.0,-0.001648,0.0,0.0,0.0,-0.0,0.0,0.0,0.0,0.0,0.0,-0.0,0.0,0.0,0.001953,-0.004944,0.0,0.000194,0.0,0.000065,0.0,-0.000065,0.0,-0.000194,0.0,0.0,0.0,-0.001475,
-0.0,4.513018,0.883006,-0.000066,0.0,1.570796,-0.0,0.292573,-0.013027,0.0,0.0,0.0,0.101728,-0.025027,-0.000487,0.317966,-0.101889,0.024171,-0.133437,0.025331,0.009531,0.140011,0.006273,-0.023586,-0.059003,0.174482,0.0,-0.039988,0.0,0.0,0.0,-0.065501,-0.174482,0.0,-0.001648,0.0,0.0,0.0,0.0,0.0,0.0,0.0,0.0,0.0,0.0,0.0,0.0,0.001953,-0.004944,0.0,0.000194,0.0,0.000065,0.0,-0.000065,0.0,-0.000194,0.0,0.0,0.0,-0.003178,
-0.0,4.515943,0.882876,-0.000066,0.0,1.570796,0.0,0.292573,-0.013027,0.0,0.0,0.0,0.092266,-0.025118,-0.000396,0.341562,-0.104217,0.024171,-0.1305,0.025331,0.009201,0.140011,0.003562,-0.023659,-0.059901,0.174482,0.0,-0.040629,0.0,0.0,0.0,-0.067626,-0.174482,0.0,-0.001648,0.0,0.0,0.0,-0.0,0.0,-0.0,0.0,-0.0,0.0,0.0,0.0,-0.0,0.001953,-0.004944,0.0,0.000194,-0.0,0.000065,0.0,-0.000065,0.0,-0.000194,0.0,0.0,0.0,-0.004881,
0.0,4.518538,0.882742,-0.000066,0.0,1.570796,0.0,0.259461,-0.013388,0.0,0.0,0.0,0.075563,-0.025297,-0.000292,0.376152,-0.106732,0.024171,-0.128421,0.025331,0.008896,0.140682,0.001063,-0.023697,-0.06184,0.174482,-0.0,-0.042001,-0.0,0.0,0.0,-0.070198,-0.174482,0.0,-0.001648,-0.0,0.0,0.0,0.0,0.0,0.0,0.0,0.0,0.0,0.0,0.0,-0.0,0.001953,-0.004944,0.0,0.000194,0.0,0.000065,0.0,-0.000065,0.0,-0.000194,0.0,0.0,0.0,-0.006609,
0.0,4.520975,0.882606,-0.000066,0.0,1.570796,0.0,0.243684,-0.013564,0.0,0.0,0.0,0.055391,-0.025516,-0.000182,0.416032,-0.109336,0.024171,-0.126751,0.025331,0.008603,0.141673,-0.001336,-0.023718,-0.064277,0.174482,-0.0,-0.043723,0.0,0.0,0.0,-0.072983,-0.174482,0.0,-0.001648,-0.0,0.0,0.0,0.0,0.0,0.0,0.0,0.0,-0.0,0.0,0.0,-0.0,0.001953,-0.004944,0.0,0.000194,0.0,0.000065,-0.0,-0.000065,0.0,-0.000194,0.0,-0.0,0.0,-0.008349,
0.0,4.523411,0.88247,-0.000066,0.0,1.570796,0.0,0.243653,-0.013572,0.0,0.0,0.0,0.035221,-0.025736,-0.000072,0.455909,-0.111941,0.024171,-0.125081,0.025331,0.00831,0.142664,-0.003735,-0.023739,-0.066713,0.174482,0.0,-0.045445,0.0,0.0,0.0,-0.075768,-0.174482,-0.0,-0.001648,0.0,0.0,0.0,0.0,0.0,0.0,0.0,0.0,0.0,0.0,0.0,0.0,0.001953,-0.004944,0.0,0.000194,0.0,0.000065,0.0,-0.000065,0.0,-0.000194,0.0,0.0,0.0,-0.010088,
0.0,4.525717,0.882345,-0.000066,0.0,1.570796,-0.0,0.230622,-0.012527,0.0,0.0,0.0,0.014785,-0.025975,0.0,0.494608,-0.113103,0.024112,-0.126139,0.025331,0.008005,0.148626,-0.008358,-0.02376,-0.069515,0.174482,0.0,-0.047437,-0.0,0.0,0.0,-0.078742,-0.174482,0.0,-0.001648,0.0,0.0,0.0,0.0,0.0,0.0,0.0,-0.0,0.0,-0.0,0.0,-0.0,0.001953,-0.004944,0.0,0.000194,0.0,0.000065,0.0,-0.000065,0.0,-0.000194,0.0,-0.0,0.0,-0.011633,
0.0,4.527774,0.88224,-0.000066,0.0,1.570796,0.0,0.205628,-0.010545,0.0,0.0,0.0,-0.006164,-0.026249,0.0,0.531108,-0.111508,0.023938,-0.132415,0.025331,0.007675,0.164099,-0.01724,-0.023781,-0.073015,0.174482,0.0,-0.049946,0.0,0.0,0.0,-0.082078,-0.174482,0.0,-0.001648,0.0,0.0,0.0,-0.0,0.0,-0.0,0.0,0.0,0.0,-0.0,0.0,-0.0,0.001953,-0.004944,0.0,0.000194,0.0,0.000065,0.0,-0.000065,0.0,-0.000194,0.0,0.0,0.0,-0.012805,
0.0,4.52983,0.882134,-0.000066,0.0,1.570796,0.0,0.205628,-0.010545,0.0,0.0,0.0,-0.027117,-0.026524,0.0,0.567619,-0.109912,0.023764,-0.138692,0.025331,0.007346,0.179574,-0.026122,-0.023802,-0.076515,0.174482,0.0,-0.052456,-0.0,0.0,0.0,-0.085413,-0.174482,0.0,-0.001648,0.0,0.0,0.0,0.0,0.0,-0.0,0.0,0.0,0.0,-0.0,0.0,0.0,0.001953,-0.004944,0.0,0.000194,0.0,0.000065,0.0,-0.000065,0.0,-0.000194,0.0,-0.0,0.0,-0.013977,
0.0,4.531888,0.882031,-0.000066,0.0,1.570796,0.0,0.20572,-0.010339,0.0,0.0,0.0,-0.048026,-0.026798,0.0,0.603992,-0.108286,0.02359,-0.144919,0.025331,0.007018,0.194951,-0.034953,-0.023823,-0.079999,0.174482,0.0,-0.054951,0.0,0.0,0.0,-0.088746,-0.174482,-0.0,-0.001648,0.0,0.0,0.0,0.0,0.0,0.0,0.0,-0.0,-0.0,-0.0,0.0,-0.0,0.001953,-0.004944,0.0,0.000194,0.0,0.000065,0.0,-0.000065,0.0,-0.000194,0.0,0.0,0.0,-0.01512,
0.0,4.533998,0.882131,-0.000066,0.0,1.570796,0.0,0.21112,0.010062,0.0,0.0,0.0,-0.064976,-0.027018,-0.0,0.628315,-0.103611,0.023416,-0.14613,0.025331,0.00689,0.200657,-0.038818,-0.023844,-0.081905,0.174482,0.0,-0.05605,0.0,0.0,0.0,-0.091808,-0.174482,-0.0,-0.001648,0.0,0.0,0.0,-0.0,0.0,0.0,0.0,0.0,0.0,-0.0,0.0,0.0,0.001953,-0.004944,0.0,0.000194,0.0,0.000065,0.0,-0.000065,0.0,-0.000194,0.0,-0.0,0.0,-0.01338,
0.0,4.53611,0.882232,-0.000066,0.0,1.570796,0.0,0.21115,0.010054,0.0,0.0,0.0,-0.081928,-0.027238,0.0,0.652643,-0.098936,0.023242,-0.147342,0.025331,0.006762,0.206364,-0.042682,-0.023865,-0.083811,0.174482,0.0,-0.057149,0.0,0.0,0.0,-0.094869,-0.174482,0.0,-0.001648,-0.0,0.0,0.0,0.0,0.0,-0.0,0.0,-0.0,0.0,-0.0,0.0,-0.0,0.001953,-0.004944,0.0,0.000194,0.0,0.000065,0.0,-0.000065,0.0,-0.000194,0.0,-0.0,0.0,-0.011641,
0.0,4.538221,0.882333,-0.000066,0.0,1.570796,0.0,0.21115,0.010062,0.0,0.0,0.0,-0.098879,-0.027458,0.0,0.67697,-0.09426,0.023068,-0.148554,0.025331,0.006633,0.21207,-0.046547,-0.023885,-0.085717,0.174482,0.0,-0.058249,-0.0,0.0,-0.0,-0.09793,-0.174482,0.0,-0.001648,-0.0,0.0,0.0,0.0,0.0,0.0,0.0,-0.0,0.0,0.0,0.0,-0.0,0.001953,-0.004944,0.0,0.000194,0.0,0.000065,0.0,-0.000065,0.0,-0.000194,0.0,0.0,0.0,-0.009901,
0.0,4.540282,0.882497,-0.000066,0.0,1.570796,-0.0,0.206084,0.016455,0.0,0.0,0.0,-0.115125,-0.027628,0.000124,0.696071,-0.095354,0.023036,-0.147455,0.025331,0.006592,0.21384,-0.048627,-0.023906,-0.08699,0.174482,0.0,-0.058852,0.0,0.0,0.0,-0.10134,-0.174482,0.0,-0.001648,0.0,0.0,0.0,0.0,0.0,-0.0,0.0,-0.0,0.0,-0.0,0.0,0.0,0.001953,-0.004944,0.0,0.000194,0.0,0.000065,0.0,-0.000065,0.0,-0.000194,0.0,0.0,0.0,-0.007753,
0.0,4.542319,0.882692,-0.000066,0.0,1.570796,0.0,0.203642,0.019514,0.0,0.0,0.0,-0.131035,-0.027774,0.000307,0.712679,-0.099204,0.023073,-0.145252,0.025331,0.006592,0.21373,-0.049854,-0.023927,-0.087962,0.174482,0.0,-0.059218,0.0,0.0,0.0,-0.104915,-0.174482,0.0,-0.001648,0.0,0.0,0.0,-0.0,0.0,-0.0,0.0,0.0,0.0,0.0,0.0,-0.0,0.001953,-0.004944,0.0,0.000194,0.0,0.000065,0.0,-0.000065,0.0,-0.000194,0.0,-0.0,0.0,-0.005409,
-0.0,4.544355,0.882887,-0.000066,0.0,1.570796,-0.0,0.203642,0.019514,0.0,0.0,0.0,-0.146947,-0.027921,0.00049,0.729288,-0.103054,0.023109,-0.143049,0.025331,0.006592,0.213619,-0.051081,-0.023948,-0.088933,0.174482,-0.0,-0.059585,-0.0,0.0,0.0,-0.108491,-0.174482,0.0,-0.001648,0.0,0.0,0.0,0.0,0.0,-0.0,0.0,0.0,-0.0,0.0,0.0,0.0,0.001953,-0.004944,0.0,0.000194,0.0,0.000065,0.0,-0.000065,0.0,-0.000194,0.0,0.0,0.0,-0.003065,
-0.0,4.546362,0.883092,-0.000066,0.0,1.570796,0.0,0.200682,0.020452,0.0,0.0,0.0,-0.161459,-0.028017,0.000648,0.742302,-0.108032,0.023146,-0.140253,0.025331,0.006592,0.212434,-0.051843,-0.023969,-0.089716,0.174482,0.0,-0.059825,0.0,0.0,0.0,-0.112269,-0.174482,0.0,-0.001673,-0.0,0.0,0.0,-0.0,0.0,0.0,0.0,0.0,0.0,-0.0,0.0,-0.0,0.001953,-0.004944,0.0,0.000194,0.0,0.000065,0.0,-0.000065,0.0,-0.000194,0.0,-0.0,0.0,-0.000966,
0.0,4.548311,0.883315,-0.000066,0.0,1.570796,0.0,0.194914,0.02226,0.0,0.0,0.0,-0.173298,-0.028017,0.000758,0.748442,-0.115168,0.023183,-0.136326,0.025331,0.006592,0.209194,-0.051715,-0.02399,-0.090138,0.174482,0.0,-0.059825,-0.0,0.0,0.0,-0.116433,-0.174482,-0.0,-0.001746,0.0,0.0,0.0,0.0,0.0,-0.0,0.0,-0.0,0.0,0.0,0.0,0.0,0.001953,-0.004944,0.0,0.000194,-0.0,0.000065,0.0,-0.000065,0.0,-0.000194,0.0,0.0,0.0,0.000663,
0.0,4.55026,0.883537,-0.000066,0.0,1.570796,0.0,0.194914,0.022253,0.0,0.0,0.0,-0.185138,-0.028017,0.000868,0.754582,-0.122303,0.023219,-0.132398,0.025331,0.006592,0.205953,-0.051587,-0.024011,-0.090559,0.174482,-0.0,-0.059825,0.0,0.0,0.0,-0.120597,-0.174482,0.0,-0.00182,-0.0,0.0,0.0,0.0,0.0,0.0,0.0,-0.0,0.0,0.0,0.0,-0.0,0.001953,-0.004944,0.0,0.000194,0.0,0.000065,-0.0,-0.000065,0.0,-0.000194,0.0,0.0,0.0,0.002293,
0.0,4.552208,0.883758,-0.000066,0.0,1.570796,-0.0,0.194792,0.022077,0.0,0.0,0.0,-0.196928,-0.028016,0.000978,0.760616,-0.129459,0.023258,-0.128484,0.025331,0.006592,0.20274,-0.051473,-0.024032,-0.090979,0.174482,0.0,-0.059827,0.0,0.0,0.0,-0.124762,-0.174482,0.0,-0.0019,0.0,0.0,0.0,0.0,0.0,-0.0,0.0,0.0,0.0,0.0,0.0,0.0,0.001953,-0.004944,0.0,0.000194,0.0,0.000065,0.0,-0.000065,0.0,-0.000194,0.0,0.0,0.0,0.003905,
0.0,4.554014,0.883805,-0.000066,0.0,1.570796,0.0,0.180603,0.004727,0.0,0.0,0.0,-0.203869,-0.027906,0.001143,0.756204,-0.13851,0.023478,-0.125934,0.025331,0.006592,0.202151,-0.052811,-0.024053,-0.091254,0.174482,-0.0,-0.060047,0.0,0.0,-0.0,-0.129001,-0.174482,0.0,-0.002706,0.0,0.0,0.0,-0.0,0.0,0.0,0.0,0.0,0.0,0.0,0.0,0.0,0.001953,-0.004944,0.0,0.000194,0.0,0.000065,-0.0,-0.000065,0.0,-0.000194,0.0,0.0,0.0,0.003814,
0.0,4.55582,0.883852,-0.000066,0.0,1.570796,0.0,0.180572,0.004719,0.0,0.0,0.0,-0.21081,-0.027796,0.001308,0.751794,-0.147561,0.023697,-0.123385,0.025331,0.006592,0.201562,-0.054148,-0.024074,-0.091529,0.174482,0.0,-0.060267,0.0,0.0,-0.0,-0.13324,-0.174482,0.0,-0.003512,0.0,0.0,0.0,-0.0,0.0,0.0,0.0,0.0,0.0,-0.0,0.0,0.0,0.001953,-0.004944,0.0,0.000194,-0.0,0.000065,0.0,-0.000065,0.0,-0.000194,0.0,0.0,0.0,0.003722,
-0.0,4.557626,0.8839,-0.000066,0.0,1.570796,-0.0,0.180572,0.004727,0.0,0.0,0.0,-0.217751,-0.027686,0.001473,0.747383,-0.156613,0.023917,-0.120835,0.025331,0.006592,0.200973,-0.055485,-0.024095,-0.091804,0.174482,0.0,-0.060487,0.0,0.0,0.0,-0.137479,-0.174482,-0.0,-0.004317,0.0,0.0,0.0,0.0,0.0,-0.0,0.0,-0.0,0.0,0.0,0.0,-0.0,0.001953,-0.004944,0.0,0.000194,0.0,0.000065,0.0,-0.000065,0.0,-0.000194,0.0,0.0,0.0,0.003631,
0.0,4.559334,0.88387,-0.000066,0.0,1.570796,0.0,0.170868,-0.002964,0.0,0.0,0.0,-0.218435,-0.027378,0.001823,0.731601,-0.166953,0.024137,-0.118285,0.025331,0.006592,0.20011,-0.056822,-0.024116,-0.092067,0.174482,0.0,-0.060732,-0.0,0.0,0.0,-0.140949,-0.174482,0.0,-0.005991,0.0,0.0,0.0,0.0,0.0,0.0,0.0,0.0,0.0,-0.0,0.0,-0.0,0.001953,-0.004944,0.0,0.000194,0.0,0.000065,0.0,-0.000065,0.0,-0.000194,0.0,0.0,0.0,0.003056,
0.0,4.560997,0.883804,-0.000066,0.0,1.570796,-0.0,0.16626,-0.006619,0.0,0.0,0.0,-0.216133,-0.026975,0.002263,0.710387,-0.177911,0.024357,-0.115735,0.025331,0.006592,0.199116,-0.05816,-0.024137,-0.092323,0.174482,0.0,-0.060988,-0.0,0.0,0.0,-0.144052,-0.174482,0.0,-0.008078,0.0,0.0,0.0,0.0,0.0,-0.0,0.0,0.0,0.0,0.0,0.0,0.0,0.001953,-0.004944,0.0,0.000194,0.0,0.000065,0.0,-0.000065,0.0,-0.000194,0.0,0.0,0.0,0.00225,
0.0,4.562659,0.883737,-0.000066,0.0,1.570796,0.0,0.16623,-0.006627,0.0,0.0,0.0,-0.21383,-0.026572,0.002702,0.689174,-0.188867,0.024576,-0.113185,0.025331,0.006592,0.198123,-0.059497,-0.024158,-0.09258,0.174482,0.0,-0.061245,-0.0,0.0,0.0,-0.147154,-0.174482,0.0,-0.010166,0.0,0.0,0.0,0.0,0.0,-0.0,0.0,-0.0,0.0,-0.0,0.0,0.0,0.001953,-0.004944,0.0,0.000194,0.0,0.000065,0.0,-0.000065,0.0,-0.000194,0.0,0.0,0.0,0.001444,
0.0,4.563959,0.883643,-0.000066,0.0,1.570796,0.0,0.130005,-0.009437,0.0,0.0,0.0,-0.211022,-0.026176,0.003173,0.666743,-0.198717,0.024752,-0.111455,0.025331,0.006592,0.1979,-0.060891,-0.024171,-0.092862,0.174482,0.0,-0.061514,0.0,0.0,0.0,-0.149708,-0.174482,0.0,-0.012744,0.0,0.0,0.0,0.0,0.0,0.0,0.0,-0.0,0.0,0.0,0.0,-0.0,0.001953,-0.004944,0.0,0.000194,0.0,0.000065,0.0,-0.000065,0.0,-0.000194,0.0,-0.0,0.0,0.000607,
0.0,4.564567,0.883495,-0.000066,0.0,1.570796,0.0,0.060761,-0.014789,0.0,0.0,0.0,-0.207248,-0.025791,0.003704,0.641976,-0.20645,0.024844,-0.11129,0.025331,0.006592,0.199152,-0.062393,-0.024171,-0.093192,0.174482,0.0,-0.061807,0.0,0.0,0.0,-0.151214,-0.174482,0.0,-0.01626,0.0,0.0,0.0,0.0,0.0,0.0,0.0,0.0,-0.0,-0.0,0.0,0.0,0.001953,-0.004944,0.0,0.000194,-0.0,0.000065,0.0,-0.000065,0.0,-0.000194,0.0,-0.0,0.0,-0.00029,
0.0,4.565175,0.883347,-0.000066,0.0,1.570796,0.0,0.060761,-0.014797,0.0,0.0,0.0,-0.203475,-0.025406,0.004235,0.617208,-0.214183,0.024935,-0.111125,0.025331,0.006592,0.200403,-0.063896,-0.024171,-0.093522,0.174482,0.0,-0.0621,0.0,0.0,0.0,-0.15272,-0.174482,0.0,-0.019776,-0.0,0.0,-0.0,0.0,0.0,-0.0,0.0,-0.0,0.0,-0.0,0.0,-0.0,0.001953,-0.004944,0.0,0.000194,0.0,0.000065,0.0,-0.000065,0.0,-0.000194,0.0,-0.0,0.0,-0.001187,
0.0,4.565782,0.8832,-0.000066,0.0,1.570796,-0.0,0.060761,-0.014759,0.0,0.0,0.0,-0.199695,-0.025023,0.004765,0.592452,-0.221864,0.025025,-0.110956,0.025331,0.006591,0.201648,-0.065396,-0.024171,-0.093848,0.174482,0.0,-0.062391,0.0,0.0,0.0,-0.154218,-0.174482,0.0,-0.023267,0.0,0.0,0.0,-0.0,0.0,0.0,0.0,-0.0,0.0,-0.0,0.0,-0.0,0.001953,-0.004944,0.0,0.000194,0.0,0.000065,0.0,-0.000065,0.0,-0.000194,0.0,0.0,0.0,-0.002079,
0.0,4.566361,0.883086,-0.000066,0.0,1.570796,0.0,0.057954,-0.011394,0.0,0.0,0.0,-0.195353,-0.024767,0.005112,0.56843,-0.224536,0.024984,-0.110479,0.025331,0.006506,0.202274,-0.066715,-0.024171,-0.093848,0.174482,0.0,-0.062501,0.0,0.0,0.0,-0.154953,-0.174482,0.0,-0.024384,0.0,0.0,0.0,0.0,0.0,-0.0,0.0,-0.0,0.0,0.0,0.0,0.0,0.001953,-0.004944,0.0,0.000194,0.0,0.000065,0.0,-0.000065,0.0,-0.000194,0.0,-0.0,0.0,-0.002445,
0.0,4.566941,0.882972,-0.000066,0.0,1.570796,0.0,0.057954,-0.011394,0.0,0.0,0.0,-0.191012,-0.02451,0.00546,0.544407,-0.227208,0.024943,-0.110003,0.025331,0.00642,0.2029,-0.068034,-0.024171,-0.093848,0.174482,-0.0,-0.062611,-0.0,0.0,0.0,-0.155687,-0.174482,0.0,-0.025501,0.0,0.0,-0.0,0.0,0.0,0.0,0.0,0.0,0.0,0.0,0.0,0.0,0.001953,-0.004944,0.0,0.000194,0.0,0.000065,0.0,-0.000065,0.0,-0.000194,0.0,-0.0,0.0,-0.002812,
0.0,4.567521,0.882858,-0.000066,0.0,1.570796,0.0,0.057954,-0.011394,0.0,0.0,0.0,-0.18667,-0.024254,0.005808,0.520384,-0.22988,0.024902,-0.109526,0.025331,0.006335,0.203525,-0.069354,-0.024171,-0.093848,0.174482,0.0,-0.062721,0.0,0.0,0.0,-0.156422,-0.174482,0.0,-0.026619,0.0,0.0,0.0,-0.0,0.0,0.0,0.0,0.0,0.0,0.0,0.0,0.0,0.001953,-0.004944,0.0,0.000194,0.0,0.000065,0.0,-0.000065,0.0,-0.000194,0.0,-0.0,0.0,-0.003178,
0.0,4.56809,0.882735,-0.000066,0.0,1.570796,0.0,0.056977,-0.012264,0.0,0.0,0.0,-0.182218,-0.024122,0.005921,0.497244,-0.227624,0.024861,-0.110254,0.025331,0.006249,0.206471,-0.071455,-0.024171,-0.09391,0.174482,0.0,-0.062806,-0.0,0.0,0.0,-0.156709,-0.174482,0.0,-0.026905,0.0,0.0,0.0,0.0,0.0,-0.0,0.0,-0.0,0.0,-0.0,0.0,-0.0,0.001953,-0.004944,0.0,0.000194,0.0,0.000065,0.0,-0.000065,0.0,-0.000194,0.0,-0.0,0.0,-0.003197,
0.0,4.568655,0.882608,-0.000066,0.0,1.570796,0.0,0.056519,-0.012676,0.0,0.0,0.0,-0.177714,-0.024048,0.005921,0.474522,-0.223018,0.024819,-0.111556,0.025331,0.006164,0.210521,-0.073928,-0.024171,-0.094002,0.174482,0.0,-0.062879,0.0,0.0,0.0,-0.156782,-0.174482,0.0,-0.026795,0.0,0.0,0.0,0.0,0.0,0.0,0.0,-0.0,0.0,-0.0,0.0,-0.0,0.001953,-0.004944,0.0,0.000194,0.0,0.000065,0.0,-0.000065,0.0,-0.000194,0.0,0.0,0.0,-0.00305,
0.0,4.569221,0.882482,-0.000066,0.0,1.570796,0.0,0.05655,-0.012676,0.0,0.0,0.0,-0.17321,-0.023975,0.005921,0.451797,-0.218411,0.024778,-0.112858,0.025331,0.006078,0.214572,-0.076402,-0.024171,-0.094094,0.174482,0.0,-0.062953,-0.0,0.0,0.0,-0.156856,-0.174482,0.0,-0.026685,0.0,0.0,0.0,0.0,0.0,-0.0,0.0,-0.0,0.0,-0.0,0.0,-0.0,0.001953,-0.004944,0.0,0.000194,0.0,0.000065,0.0,-0.000065,0.0,-0.000194,0.0,0.0,0.0,-0.002904,
0.0,4.569787,0.882349,-0.000066,0.0,1.570796,0.0,0.056611,-0.013241,0.0,0.0,0.0,-0.168657,-0.023927,0.00587,0.430444,-0.21225,0.024737,-0.114053,0.025331,0.005993,0.218491,-0.078806,-0.024171,-0.094198,0.174482,0.0,-0.063051,0.0,0.0,0.0,-0.156715,-0.174482,0.0,-0.026317,0.0,0.0,0.0,-0.0,0.0,-0.0,0.0,0.0,0.0,0.0,0.0,0.0,0.001953,-0.004944,0.0,0.000194,-0.0,0.000065,0.0,-0.000065,0.0,-0.000194,0.0,0.0,0.0,-0.002606,
0.0,4.570356,0.882206,-0.000066,0.0,1.570796,-0.0,0.056855,-0.014301,0.0,0.0,0.0,-0.164008,-0.023927,0.005724,0.411691,-0.203121,0.024696,-0.115043,0.025331,0.005907,0.222158,-0.081079,-0.024171,-0.094326,0.174482,0.0,-0.063198,0.0,0.0,0.0,-0.156163,-0.174482,0.0,-0.025456,0.0,0.0,0.0,-0.0,0.0,0.0,0.0,0.0,0.0,0.0,0.0,0.0,0.001953,-0.004944,0.0,0.000194,0.0,0.000065,0.0,-0.000065,-0.0,-0.000194,0.0,0.0,0.0,-0.00202,
0.0,4.570924,0.882063,-0.000066,0.0,1.570796,0.0,0.056825,-0.014301,0.0,0.0,0.0,-0.15936,-0.023927,0.005577,0.392939,-0.193994,0.024655,-0.116034,0.025331,0.005822,0.225825,-0.083351,-0.024171,-0.094455,0.174482,0.0,-0.063344,0.0,0.0,0.0,-0.155612,-0.174482,0.0,-0.024596,0.0,0.0,0.0,0.0,0.0,-0.0,0.0,-0.0,0.0,-0.0,0.0,0.0,0.001953,-0.004944,0.0,0.000194,0.0,0.000065,0.0,-0.000065,0.0,-0.000194,0.0,0.0,0.0,-0.001434,
0.0,4.571493,0.881922,-0.000066,0.0,1.570796,-0.0,0.056855,-0.014141,0.0,0.0,0.0,-0.154706,-0.023927,0.005428,0.374233,-0.184831,0.024613,-0.116994,0.025331,0.005737,0.229433,-0.085597,-0.024172,-0.094583,0.174482,0.0,-0.06349,0.0,0.0,0.0,-0.155052,-0.174482,-0.0,-0.023733,0.0,0.0,0.0,-0.0,0.0,0.0,0.0,0.0,0.0,0.0,0.0,0.0,0.001953,-0.004944,0.0,0.000194,0.0,0.000065,0.0,-0.000065,0.0,-0.000194,0.0,0.0,0.0,-0.000846,
0.0,4.572056,0.881934,-0.000066,0.0,1.570796,0.0,0.056305,0.001263,0.0,0.0,0.0,-0.14951,-0.023927,0.005062,0.35969,-0.172483,0.024572,-0.115123,0.025331,0.005737,0.227572,-0.085267,-0.024196,-0.094711,0.174482,0.0,-0.0636,0.0,0.0,0.0,-0.153582,-0.174482,0.0,-0.022671,0.0,0.0,0.0,-0.0,0.0,0.0,0.0,0.0,0.0,0.0,0.0,0.0,0.001953,-0.004944,0.0,0.000194,0.0,0.000065,0.0,-0.000065,0.0,-0.000194,0.0,0.0,0.0,-0.000022,
0.0,4.572619,0.881947,-0.000066,0.0,1.570796,0.0,0.056305,0.001263,0.0,0.0,0.0,-0.144314,-0.023927,0.004696,0.345147,-0.160135,0.024531,-0.113252,0.025331,0.005737,0.22571,-0.084937,-0.02422,-0.09484,0.174482,0.0,-0.06371,0.0,0.0,0.0,-0.152113,-0.174482,0.0,-0.021608,0.0,0.0,0.0,-0.0,0.0,0.0,0.0,0.0,0.0,0.0,0.0,-0.0,0.001953,-0.004944,0.0,0.000194,0.0,0.000065,0.0,-0.000065,0.0,-0.000194,0.0,-0.0,0.0,0.000802,
0.0,4.573182,0.88196,-0.000066,0.0,1.570796,0.0,0.056335,0.001263,0.0,0.0,0.0,-0.139118,-0.023927,0.00433,0.330605,-0.147789,0.02449,-0.111381,0.025331,0.005737,0.223849,-0.084607,-0.024245,-0.094968,0.174482,0.0,-0.06382,0.0,0.0,0.0,-0.150644,-0.174482,0.0,-0.020546,0.0,0.0,0.0,0.0,0.0,-0.0,0.0,-0.0,-0.0,-0.0,0.0,0.0,0.001953,-0.004944,0.0,0.000194,0.0,0.000065,0.0,-0.000065,0.0,-0.000194,0.0,0.0,0.0,0.001626,
0.0,4.573747,0.88205,-0.000066,0.0,1.570796,0.0,0.056457,0.008984,0.0,0.0,0.0,-0.13134,-0.023964,0.004075,0.31425,-0.139168,0.024471,-0.109598,0.025331,0.005737,0.222188,-0.084351,-0.024269,-0.095134,0.174482,0.0,-0.063794,0.0,-0.0,0.0,-0.148715,-0.174482,0.0,-0.019248,0.0,0.0,0.0,-0.0,-0.0,0.0,-0.0,-0.0,0.0,-0.0,0.0,0.0,0.001953,-0.004944,0.0,0.000194,0.0,0.000065,0.0,-0.000065,0.0,-0.000194,0.0,-0.0,0.0,0.00245,
0.0,4.574312,0.882176,-0.000066,0.0,1.570796,0.0,0.056548,0.012661,0.0,0.0,0.0,-0.122331,-0.024019,0.003874,0.297028,-0.132323,0.024464,-0.107856,0.025331,0.005737,0.220622,-0.084131,-0.024294,-0.095317,0.174482,-0.0,-0.063702,0.0,0.0,0.0,-0.146567,-0.174482,0.0,-0.017838,0.0,-0.0,-0.0,0.0,0.0,-0.0,0.0,-0.0,0.0,-0.0,0.0,0.0,0.001953,-0.004944,0.0,0.000194,0.0,0.000065,0.0,-0.000065,0.0,-0.000194,0.0,0.0,0.0,0.003274,
0.0,4.574878,0.882303,-0.000066,0.0,1.570796,0.0,0.056579,0.012669,0.0,0.0,0.0,-0.113324,-0.024074,0.003672,0.279808,-0.125478,0.024457,-0.106114,0.025331,0.005737,0.219056,-0.083912,-0.024318,-0.0955,0.174482,0.0,-0.06361,0.0,0.0,0.0,-0.144419,-0.174482,0.0,-0.016428,0.0,0.0,0.0,-0.0,0.0,-0.0,0.0,0.0,-0.0,0.0,0.0,0.0,0.001953,-0.004944,0.0,0.000194,0.0,0.000065,0.0,-0.000065,0.0,-0.000194,0.0,0.0,0.0,0.004098,
0.0,4.575446,0.882459,-0.000066,0.0,1.570796,0.0,0.056792,0.015575,0.0,0.0,0.0,-0.104281,-0.02411,0.003471,0.263011,-0.119385,0.02445,-0.103949,0.025331,0.005772,0.216641,-0.083193,-0.024342,-0.095747,0.174482,0.0,-0.063449,0.0,0.0,0.0,-0.142075,-0.174482,-0.0,-0.01488,0.0,0.0,0.0,0.0,0.0,-0.0,0.0,-0.0,0.0,-0.0,0.0,-0.0,0.001953,-0.004944,0.0,0.000194,-0.0,0.000065,0.0,-0.000065,0.0,-0.000194,0.0,0.0,0.0,0.004847,
0.0,4.576019,0.88267,-0.000066,0.0,1.570796,0.0,0.057341,0.021137,0.0,0.0,0.0,-0.095171,-0.02411,0.003269,0.247018,-0.114727,0.024442,-0.100979,0.025331,0.005873,0.212608,-0.081526,-0.024367,-0.096113,0.174482,-0.0,-0.063156,-0.0,0.0,0.0,-0.139358,-0.174482,0.0,-0.013067,0.0,0.0,0.0,0.0,0.0,0.0,0.0,-0.0,-0.0,-0.0,0.0,-0.0,0.001953,-0.004944,0.0,0.000194,0.0,0.000065,0.0,-0.000065,0.0,-0.000194,0.0,0.0,0.0,0.005451,
0.0,4.576592,0.882881,-0.000066,0.0,1.570796,-0.0,0.057311,0.02113,0.0,0.0,0.0,-0.086059,-0.02411,0.003068,0.231024,-0.110068,0.024435,-0.098008,0.025331,0.005974,0.208575,-0.079858,-0.024391,-0.09648,0.174482,0.0,-0.062863,0.0,-0.0,0.0,-0.136641,-0.174482,0.0,-0.011254,0.0,0.0,0.0,-0.0,-0.0,0.0,0.0,-0.0,0.0,0.0,0.0,0.0,0.001953,-0.004944,0.0,0.000194,0.0,0.000065,0.0,-0.000065,0.0,-0.000194,0.0,0.0,0.0,0.006055,
0.0,4.577165,0.883092,-0.000066,0.0,1.570796,0.0,0.05725,0.021046,0.0,0.0,0.0,-0.077004,-0.02411,0.002869,0.215132,-0.105453,0.024428,-0.095046,0.025331,0.006074,0.204553,-0.078191,-0.024415,-0.096853,0.174482,0.0,-0.062578,-0.0,0.0,0.0,-0.133912,-0.174482,-0.0,-0.009461,0.0,0.0,0.0,0.0,0.0,0.0,0.0,-0.0,0.0,-0.0,0.0,0.0,0.001953,-0.004944,0.0,0.000194,0.0,0.000065,0.0,-0.000065,0.0,-0.000194,0.0,0.0,0.0,0.006654,
0.0,4.577672,0.88322,-0.000066,0.0,1.570796,-0.0,0.05075,0.012844,0.0,0.0,0.0,-0.072936,-0.02411,0.002869,0.20845,-0.104811,0.02442,-0.092754,0.025331,0.006175,0.201443,-0.076578,-0.024415,-0.097862,0.174482,-0.0,-0.063018,0.0,0.0,0.0,-0.129985,-0.174482,0.0,-0.009461,0.0,0.0,0.0,0.0,0.0,-0.0,0.0,-0.0,0.0,-0.0,0.0,-0.0,0.001953,-0.004944,0.0,0.000194,0.0,0.000065,0.0,-0.000065,0.0,-0.000194,0.0,0.0,0.0,0.006727,
0.0,4.57818,0.883349,-0.000066,0.0,1.570796,0.0,0.05078,0.012844,0.0,0.0,0.0,-0.068868,-0.02411,0.002869,0.201768,-0.104169,0.024413,-0.090463,0.025331,0.006276,0.198332,-0.074966,-0.024415,-0.09887,0.174482,-0.0,-0.063457,0.0,0.0,0.0,-0.126058,-0.174482,0.0,-0.009461,0.0,0.0,0.0,0.0,0.0,0.0,-0.0,-0.0,0.0,0.0,0.0,0.0,0.001953,-0.004944,0.0,0.000194,-0.0,0.000065,0.0,-0.000065,0.0,-0.000194,0.0,-0.0,0.0,0.0068,
0.0,4.578688,0.883477,-0.000066,0.0,1.570796,-0.0,0.05075,0.012836,0.0,0.0,0.0,-0.064801,-0.02411,0.002869,0.195087,-0.103528,0.024406,-0.088172,0.025331,0.006376,0.195223,-0.073353,-0.024415,-0.099879,0.174482,0.0,-0.063897,0.0,0.0,0.0,-0.122132,-0.174482,0.0,-0.009461,-0.0,0.0,0.0,0.0,0.0,0.0,0.0,-0.0,0.0,0.0,0.0,0.0,0.001953,-0.004944,0.0,0.000194,0.0,0.000065,0.0,-0.000065,0.0,-0.000194,0.0,0.0,0.0,0.006874,
0.0,4.579134,0.883528,-0.000066,0.0,1.570796,0.0,0.044616,0.00513,0.0,0.0,0.0,-0.058636,-0.02411,0.002732,0.184414,-0.101172,0.024398,-0.088029,0.025331,0.006409,0.19604,-0.073876,-0.024415,-0.101185,0.174482,-0.0,-0.064684,-0.0,-0.0,-0.0,-0.118579,-0.174482,-0.0,-0.009498,0.0,0.0,0.0,0.0,-0.0,0.0,0.0,0.0,0.0,0.0,0.0,0.0,0.001953,-0.004944,0.0,0.000194,0.0,0.000065,0.0,-0.000065,0.0,-0.000194,0.0,0.0,0.0,0.006748,
0.0,4.579551,0.883543,-0.000066,0.0,1.570796,-0.0,0.041687,0.001452,0.0,0.0,0.0,-0.051474,-0.02411,0.002531,0.171841,-0.098,0.024391,-0.088909,0.025331,0.006409,0.198727,-0.075416,-0.024415,-0.102634,0.174482,0.0,-0.065637,0.0,0.0,0.0,-0.115204,-0.174482,0.0,-0.009553,0.0,0.0,0.0,-0.0,0.0,-0.0,0.0,0.0,0.0,0.0,0.0,-0.0,0.001953,-0.004944,0.0,0.000194,0.0,0.000065,-0.0,-0.000065,0.0,-0.000194,0.0,0.0,0.0,0.006529,
0.0,4.579967,0.883557,-0.000066,0.0,1.570796,0.0,0.041687,0.001445,0.0,0.0,0.0,-0.044312,-0.02411,0.002329,0.15927,-0.094828,0.024384,-0.089789,0.025331,0.006409,0.201414,-0.076955,-0.024415,-0.104082,0.174482,0.0,-0.06659,0.0,0.0,0.0,-0.111829,-0.174482,0.0,-0.009608,0.0,0.0,0.0,-0.0,0.0,0.0,0.0,0.0,-0.0,-0.0,0.0,0.0,0.001953,-0.004944,0.0,0.000194,0.0,0.000065,0.0,-0.000065,0.0,-0.000194,0.0,0.0,0.0,0.006309,
0.0,4.58035,0.883529,-0.000066,0.0,1.570796,0.0,0.038239,-0.002843,0.0,0.0,0.0,-0.038789,-0.02411,0.002197,0.149864,-0.093285,0.024376,-0.09118,0.025331,0.006352,0.204982,-0.078961,-0.024415,-0.105638,0.174482,0.0,-0.0677,-0.0,0.0,0.0,-0.108802,-0.174482,0.0,-0.009694,0.0,0.0,0.0,0.0,0.0,0.0,0.0,0.0,0.0,0.0,0.0,-0.0,0.001953,-0.004944,0.0,0.000194,0.0,0.000065,0.0,-0.000065,0.0,-0.000194,0.0,0.0,0.0,0.006032,
0.0,4.580667,0.883419,-0.000066,0.0,1.570796,0.0,0.031678,-0.01103,0.0,0.0,0.0,-0.03639,-0.02411,0.002197,0.146486,-0.094843,0.024369,-0.093544,0.025331,0.006187,0.21023,-0.081857,-0.024415,-0.107398,0.174482,-0.0,-0.069111,-0.0,0.0,0.0,-0.106436,-0.174482,0.0,-0.009841,0.0,0.0,0.0,0.0,0.0,-0.0,0.0,0.0,0.0,0.0,0.0,0.0,0.001953,-0.004944,0.0,0.000194,0.0,0.000065,0.0,-0.000065,0.0,-0.000194,0.0,0.0,0.0,0.005648,
0.0,4.580984,0.883308,-0.000066,0.0,1.570796,0.0,0.031678,-0.011038,0.0,0.0,0.0,-0.033991,-0.02411,0.002197,0.143107,-0.096401,0.024362,-0.095909,0.025331,0.006023,0.215479,-0.084752,-0.024415,-0.109159,0.174482,0.0,-0.070522,-0.0,0.0,0.0,-0.104071,-0.174482,0.0,-0.009987,-0.0,0.0,0.0,0.0,0.0,0.0,-0.0,0.0,0.0,-0.0,0.0,0.0,0.001953,-0.004944,0.0,0.000194,0.0,0.000065,0.0,-0.000065,0.0,-0.000194,0.0,-0.0,0.0,0.005263,
0.0,4.581299,0.883198,-0.000066,0.0,1.570796,-0.0,0.031556,-0.011015,0.0,0.0,0.0,-0.031613,-0.02411,0.002195,0.139767,-0.097978,0.024354,-0.098261,0.025331,0.00586,0.220698,-0.087634,-0.024415,-0.110914,0.174482,0.0,-0.07193,0.0,0.0,0.0,-0.101716,-0.174482,0.0,-0.01013,0.0,0.0,0.0,-0.0,0.0,-0.0,0.0,0.0,0.0,0.0,0.0,-0.0,0.001953,-0.004944,0.0,0.000194,0.0,0.000065,0.0,-0.000065,0.0,-0.000194,0.0,0.0,0.0,0.004877,
0.0,4.581518,0.883101,-0.000066,0.0,1.570796,0.0,0.021882,-0.009673,0.0,0.0,0.0,-0.031082,-0.02411,0.001975,0.139841,-0.101187,0.024347,-0.099434,0.025331,0.00586,0.223315,-0.089303,-0.024415,-0.11218,0.174482,0.0,-0.073084,0.0,0.0,0.0,-0.100323,-0.174482,0.0,-0.009892,0.0,0.0,0.0,0.0,0.0,0.0,0.0,-0.0,0.0,-0.0,0.0,-0.0,0.001953,-0.004944,0.0,0.000194,0.0,0.000065,0.0,-0.000065,0.0,-0.000194,0.0,0.0,0.0,0.004365,
0.0,4.581737,0.883004,-0.000066,0.0,1.570796,0.0,0.021912,-0.009673,0.0,0.0,0.0,-0.03055,-0.02411,0.001755,0.139914,-0.104396,0.02434,-0.100608,0.025331,0.00586,0.225932,-0.090971,-0.024415,-0.113445,0.174482,0.0,-0.074239,0.0,0.0,0.0,-0.098929,-0.174482,-0.0,-0.009653,0.0,0.0,0.0,0.0,0.0,0.0,0.0,0.0,0.0,-0.0,0.0,0.0,0.001953,-0.004944,0.0,0.000194,0.0,0.000065,0.0,-0.000065,0.0,-0.000194,0.0,0.0,0.0,0.003852,
0.0,4.581956,0.882908,-0.000066,0.0,1.570796,0.0,0.021882,-0.009673,0.0,0.0,0.0,-0.030019,-0.02411,0.001536,0.139988,-0.107605,0.024332,-0.101781,0.025331,0.00586,0.228548,-0.092639,-0.024415,-0.114711,0.174482,-0.0,-0.075393,0.0,0.0,0.0,-0.097536,-0.174482,0.0,-0.009415,-0.0,0.0,0.0,0.0,0.0,0.0,0.0,-0.0,-0.0,-0.0,0.0,0.0,0.001953,-0.004944,0.0,0.000194,0.0,0.000065,0.0,-0.000065,0.0,-0.000194,0.0,-0.0,0.0,0.003339,
0.0,4.582139,0.882829,-0.000066,0.0,1.570796,0.0,0.018311,-0.007872,0.0,0.0,0.0,-0.029588,-0.024123,0.001403,0.140011,-0.110043,0.024325,-0.10288,0.025331,0.005785,0.231003,-0.094133,-0.024415,-0.115553,0.174482,0.0,-0.076225,0.0,0.0,0.0,-0.09664,-0.174482,0.0,-0.009128,0.0,0.0,0.0,-0.0,0.0,0.0,0.0,0.0,0.0,0.0,0.0,-0.0,0.001953,-0.004944,0.0,0.000194,-0.0,0.000065,0.0,-0.000065,0.0,-0.000194,0.0,0.0,0.0,0.003013,
0.0,4.582305,0.882759,-0.000066,0.0,1.570796,0.0,0.016633,-0.007018,0.0,0.0,0.0,-0.029203,-0.024141,0.001311,0.140011,-0.112115,0.024318,-0.103944,0.025331,0.005675,0.233382,-0.095545,-0.024415,-0.116195,0.174482,0.0,-0.076903,0.0,0.0,0.0,-0.09598,-0.174482,0.0,-0.008816,0.0,0.0,0.0,-0.0,0.0,-0.0,0.0,0.0,0.0,0.0,0.0,-0.0,0.001953,-0.004944,0.0,0.000194,0.0,0.000065,0.0,-0.000065,0.0,-0.000194,0.0,0.0,0.0,0.002775,
0.0,4.582471,0.882689,-0.000066,0.0,1.570796,0.0,0.016602,-0.007018,0.0,0.0,0.0,-0.028818,-0.024159,0.00122,0.140011,-0.114188,0.02431,-0.105007,0.025331,0.005565,0.23576,-0.096956,-0.024415,-0.116837,0.174482,-0.0,-0.077581,0.0,0.0,0.0,-0.09532,-0.174482,0.0,-0.008505,-0.0,0.0,0.0,0.0,0.0,0.0,0.0,-0.0,0.0,0.0,0.0,0.0,0.001953,-0.004944,0.0,0.000194,0.0,0.000065,0.0,-0.000065,0.0,-0.000194,0.0,0.0,0.0,0.002536,
0.0,4.582629,0.882629,-0.000066,0.0,1.570796,-0.0,0.015747,-0.005988,0.0,0.0,0.0,-0.028478,-0.024171,0.001166,0.140011,-0.116046,0.024303,-0.105894,0.025331,0.005493,0.237808,-0.098197,-0.024415,-0.117258,0.174482,0.0,-0.078063,0.0,0.0,0.0,-0.094887,-0.174482,-0.0,-0.008238,0.0,0.0,0.0,-0.0,0.0,0.0,0.0,-0.0,0.0,-0.0,0.0,-0.0,0.001953,-0.004944,0.0,0.000194,0.0,0.000065,0.0,-0.000065,0.0,-0.000194,0.0,0.0,0.0,0.002469,
0.0,4.58277,0.882589,-0.000066,0.0,1.570796,0.0,0.01413,-0.004027,0.0,0.0,0.0,-0.028222,-0.024171,0.001184,0.140011,-0.117495,0.024296,-0.106444,0.025331,0.005493,0.239229,-0.099114,-0.024415,-0.117258,0.174482,0.0,-0.078173,0.0,0.0,0.0,-0.094887,-0.174482,0.0,-0.008055,0.0,0.0,0.0,0.0,0.0,0.0,0.0,0.0,0.0,-0.0,0.0,0.0,0.001953,-0.004944,0.0,0.000194,-0.0,0.000065,0.0,-0.000065,0.0,-0.000194,0.0,-0.0,0.0,0.002725,
0.0,4.582911,0.882548,-0.000066,0.0,1.570796,0.0,0.01413,-0.00402,0.0,0.0,0.0,-0.027965,-0.024171,0.001203,0.140011,-0.118944,0.024288,-0.106994,0.025331,0.005493,0.240649,-0.100031,-0.024415,-0.117258,0.174482,0.0,-0.078283,0.0,0.0,0.0,-0.094887,-0.174482,0.0,-0.007872,0.0,0.0,0.0,0.0,0.0,-0.0,0.0,-0.0,0.0,-0.0,0.0,-0.0,0.001953,-0.004944,0.0,0.000194,0.0,0.000065,0.0,-0.000065,0.0,-0.000194,0.0,0.0,0.0,0.002981,
0.0,4.583052,0.882507,-0.000066,0.0,1.570796,0.0,0.014099,-0.004104,0.0,0.0,0.0,-0.02771,-0.024171,0.001221,0.140011,-0.120389,0.024281,-0.107545,0.025331,0.005493,0.242072,-0.10095,-0.024415,-0.117249,0.174482,0.0,-0.078386,0.0,0.0,0.0,-0.094895,-0.174482,0.0,-0.007693,-0.0,0.0,0.0,0.0,0.0,-0.0,0.0,-0.0,-0.0,0.0,0.0,-0.0,0.001953,-0.004944,0.0,0.000194,0.0,0.000065,0.0,-0.000065,0.0,-0.000194,0.0,0.0,0.0,0.003245,
0.0,4.583191,0.882401,-0.000066,0.0,1.570796,0.0,0.013917,-0.010604,0.0,0.0,0.0,-0.027527,-0.024171,0.001239,0.140011,-0.121527,0.024274,-0.108131,0.025331,0.005419,0.243769,-0.102124,-0.024415,-0.116405,0.174482,0.0,-0.077928,0.0,0.0,0.0,-0.09561,-0.174482,0.0,-0.007857,-0.0,0.0,0.0,0.0,0.0,-0.0,0.0,0.0,0.0,-0.0,0.0,0.0,0.001953,-0.004944,0.0,0.000194,0.0,0.000065,0.0,-0.000065,0.0,-0.000194,0.0,0.0,0.0,0.004142,
0.0,4.583331,0.882295,-0.000066,0.0,1.570796,0.0,0.013917,-0.010612,0.0,0.0,0.0,-0.027343,-0.024171,0.001258,0.140011,-0.122664,0.024266,-0.108718,0.025331,0.005346,0.245467,-0.103297,-0.024415,-0.115561,0.174482,0.0,-0.07747,0.0,0.0,0.0,-0.096325,-0.174482,0.0,-0.008022,0.0,0.0,0.0,0.0,0.0,-0.0,0.0,0.0,0.0,-0.0,0.0,0.0,0.001953,-0.004944,0.0,0.000194,0.0,0.000065,0.0,-0.000065,0.0,-0.000194,0.0,0.0,0.0,0.00504,
0.0,4.58347,0.882189,-0.000066,0.0,1.570796,0.0,0.013917,-0.010612,0.0,0.0,0.0,-0.02716,-0.024171,0.001276,0.140011,-0.123802,0.024259,-0.109305,0.025331,0.005273,0.247164,-0.104471,-0.024415,-0.114717,0.174482,-0.0,-0.077012,0.0,0.0,0.0,-0.09704,-0.174482,-0.0,-0.008187,-0.0,0.0,0.0,0.0,0.0,0.0,0.0,0.0,0.0,-0.0,0.0,0.0,0.001953,-0.004944,0.0,0.000194,0.0,0.000065,0.0,-0.000065,0.0,-0.000194,0.0,-0.0,0.0,0.005937,
0.0,4.583603,0.882086,-0.000066,0.0,1.570796,0.0,0.013276,-0.010291,0.0,0.0,0.0,-0.027101,-0.024171,0.001294,0.140011,-0.124653,0.024252,-0.109059,0.025331,0.005249,0.247473,-0.105097,-0.024415,-0.113625,0.174482,0.0,-0.076305,0.0,0.0,0.0,-0.098016,-0.174482,0.0,-0.008414,0.0,0.0,0.0,0.0,0.0,-0.0,0.0,0.0,-0.0,0.0,0.0,-0.0,0.001953,-0.004944,0.0,0.000194,0.0,0.000065,0.0,-0.000065,0.0,-0.000194,0.0,0.0,0.0,0.006648,
0.0,4.583733,0.881985,-0.000066,0.0,1.570796,0.0,0.013001,-0.010146,0.0,0.0,0.0,-0.027101,-0.024171,0.001313,0.140011,-0.125369,0.024244,-0.108417,0.025331,0.005249,0.247122,-0.105464,-0.024415,-0.112415,0.174482,-0.0,-0.075481,-0.0,0.0,-0.0,-0.099116,-0.174482,0.0,-0.00867,0.0,0.0,0.0,0.0,0.0,-0.0,0.0,-0.0,0.0,0.0,0.0,0.0,0.001953,-0.004944,0.0,0.000194,0.0,0.000065,0.0,-0.000065,0.0,-0.000194,0.0,0.0,0.0,0.007271,
-0.0,4.583862,0.881883,-0.000066,0.0,1.570796,-0.0,0.012971,-0.010139,0.0,0.0,0.0,-0.027101,-0.024171,0.001331,0.140011,-0.126084,0.024237,-0.107775,0.025331,0.005249,0.246772,-0.105831,-0.024415,-0.111204,0.174482,0.0,-0.074656,0.0,0.0,0.0,-0.100216,-0.174482,0.0,-0.008927,0.0,0.0,0.0,0.0,0.0,0.0,0.0,0.0,0.0,-0.0,0.0,-0.0,0.001953,-0.004944,0.0,0.000194,0.0,0.000065,0.0,-0.000065,0.0,-0.000194,0.0,0.0,0.0,0.007893,
0.0,4.583988,0.881795,-0.000066,0.0,1.570796,0.0,0.012513,-0.008865,0.0,0.0,0.0,-0.027101,-0.024171,0.001349,0.140011,-0.126813,0.024232,-0.106823,0.025331,0.005249,0.245804,-0.105938,-0.024415,-0.109937,0.174482,0.0,-0.073749,0.0,0.0,0.0,-0.101323,-0.174482,0.0,-0.009183,0.0,0.0,0.0,-0.0,0.0,-0.0,0.0,0.0,-0.0,0.0,0.0,-0.0,0.001953,-0.004944,0.0,0.000194,0.0,0.000065,0.0,-0.000065,0.0,-0.000194,0.0,0.0,0.0,0.008269,
0.0,4.584104,0.88173,-0.000066,0.0,1.570796,0.0,0.011628,-0.006446,0.0,0.0,0.0,-0.027101,-0.024171,0.001367,0.140011,-0.127565,0.024232,-0.105283,0.025331,0.005249,0.243664,-0.105553,-0.024415,-0.108561,0.174482,0.0,-0.072687,-0.0,0.0,0.0,-0.102441,-0.174482,0.0,-0.009439,0.0,0.0,0.0,0.0,0.0,-0.0,0.0,-0.0,0.0,-0.0,0.0,-0.0,0.001953,-0.004944,0.0,0.000194,0.0,0.000065,0.0,-0.000065,0.0,-0.000194,0.0,-0.0,0.0,0.008178,
0.0,4.58422,0.881666,-0.000066,0.0,1.570796,0.0,0.011597,-0.006454,0.0,0.0,0.0,-0.027101,-0.024171,0.001386,0.140011,-0.128317,0.024232,-0.103743,0.025331,0.005249,0.241524,-0.105168,-0.024415,-0.107186,0.174482,-0.0,-0.071624,-0.0,0.0,0.0,-0.10356,-0.174482,0.0,-0.009696,0.0,0.0,0.0,0.0,0.0,0.0,0.0,-0.0,0.0,-0.0,0.0,-0.0,0.001953,-0.004944,0.0,0.000194,0.0,0.000065,-0.0,-0.000065,0.0,-0.000194,0.0,0.0,0.0,0.008086,
0.0,4.584335,0.881602,-0.000066,0.0,1.570796,0.0,0.011567,-0.006408,0.0,0.0,0.0,-0.027101,-0.024171,0.001404,0.140011,-0.129072,0.024232,-0.102209,0.025331,0.005249,0.239394,-0.104785,-0.024415,-0.105816,0.174482,0.0,-0.070565,0.0,0.0,0.0,-0.104671,-0.174482,0.0,-0.009951,0.0,0.0,0.0,0.0,0.0,-0.0,0.0,-0.0,0.0,-0.0,0.0,-0.0,0.001953,-0.004944,0.0,0.000194,0.0,0.000065,0.0,-0.000065,0.0,-0.000194,0.0,-0.0,0.0,0.007992,
0.0,4.584424,0.881569,-0.000066,0.0,1.570796,0.0,0.008911,-0.003257,0.0,0.0,0.0,-0.027101,-0.024171,0.001422,0.140011,-0.130026,0.024232,-0.1012,0.025331,0.005249,0.238029,-0.104602,-0.024415,-0.104918,0.174482,-0.0,-0.069851,-0.0,0.0,0.0,-0.105147,-0.174482,0.0,-0.010116,0.0,0.0,0.0,0.0,0.0,0.0,0.0,0.0,0.0,0.0,0.0,0.0,0.001953,-0.004944,0.0,0.000194,0.0,0.000065,-0.0,-0.000065,0.0,-0.000194,0.0,-0.0,0.0,0.007644,
0.0,4.584514,0.881536,-0.000066,0.0,1.570796,0.0,0.008911,-0.00325,0.0,0.0,0.0,-0.027101,-0.024171,0.001441,0.140011,-0.13098,0.024232,-0.100192,0.025331,0.005249,0.236664,-0.104419,-0.024415,-0.104019,0.174482,-0.0,-0.069136,0.0,0.0,0.0,-0.105624,-0.174482,-0.0,-0.010281,0.0,0.0,0.0,-0.0,0.0,-0.0,0.0,0.0,-0.0,0.0,0.0,0.0,0.001953,-0.004944,0.0,0.000194,0.0,0.000065,0.0,-0.000065,0.0,-0.000194,0.0,-0.0,0.0,0.007296,
0.0,4.584602,0.881504,-0.000066,0.0,1.570796,0.0,0.008881,-0.003257,0.0,0.0,0.0,-0.027101,-0.024171,0.001459,0.140011,-0.131934,0.024232,-0.099184,0.025331,0.005249,0.2353,-0.104235,-0.024415,-0.103121,0.174482,0.0,-0.068421,0.0,0.0,0.0,-0.106101,-0.174482,0.0,-0.010445,0.0,0.0,0.0,-0.0,0.0,-0.0,0.0,0.0,0.0,0.0,-0.0,-0.0,0.001953,-0.004944,0.0,0.000194,0.0,0.000065,0.0,-0.000065,0.0,-0.000194,0.0,-0.0,0.0,0.006948,
0.0,4.584674,0.881477,-0.000066,0.0,1.570796,0.0,0.007202,-0.002731,0.0,0.0,0.0,-0.027027,-0.024171,0.001477,0.140049,-0.132752,0.024232,-0.098859,0.025331,0.005249,0.235048,-0.104388,-0.024415,-0.102546,0.174482,0.0,-0.067931,-0.0,0.0,0.0,-0.106292,-0.174482,0.0,-0.010498,0.0,0.0,0.0,0.0,0.0,-0.0,0.0,-0.0,0.0,-0.0,0.0,-0.0,0.001953,-0.004944,0.0,0.000194,0.0,0.000065,0.0,-0.000065,0.0,-0.000194,0.0,0.0,0.0,0.006724,
-0.0,4.584739,0.881452,-0.000066,0.0,1.570796,-0.0,0.006409,-0.002494,0.0,0.0,0.0,-0.026917,-0.024171,0.001496,0.140104,-0.133504,0.024232,-0.098859,0.025331,0.005249,0.235325,-0.104699,-0.024415,-0.102124,0.174482,0.0,-0.067546,-0.0,0.0,0.0,-0.106347,-0.174482,0.0,-0.010498,0.0,0.0,0.0,0.0,0.0,-0.0,0.0,0.0,0.0,-0.0,0.0,0.0,0.001953,-0.004944,0.0,0.000194,0.0,0.000065,0.0,-0.000065,0.0,-0.000194,0.0,0.0,0.0,0.00656,
0.0,4.584803,0.881427,-0.000066,0.0,1.570796,0.0,0.006409,-0.002487,0.0,0.0,0.0,-0.026807,-0.024171,0.001514,0.140159,-0.134257,0.024232,-0.098859,0.025331,0.005249,0.235601,-0.105011,-0.024415,-0.101702,0.174482,0.0,-0.067161,-0.0,0.0,0.0,-0.106402,-0.174482,0.0,-0.010498,0.0,0.0,0.0,0.0,0.0,0.0,0.0,-0.0,0.0,-0.0,0.0,0.0,0.001953,-0.004944,0.0,0.000194,0.0,0.000065,0.0,-0.000065,0.0,-0.000194,0.0,0.0,0.0,0.006395,
0.0,4.584859,0.8814,-0.000066,0.0,1.570796,0.0,0.005676,-0.002723,0.0,0.0,0.0,-0.026697,-0.024171,0.001501,0.140195,-0.134959,0.024232,-0.0991,0.025331,0.005249,0.236241,-0.105449,-0.024415,-0.101426,0.174482,0.0,-0.066865,0.0,0.0,0.0,-0.106362,-0.174482,0.0,-0.010435,0.0,0.0,0.0,0.0,0.0,0.0,0.0,0.0,0.0,-0.0,0.0,0.0,0.001953,-0.004944,0.0,0.000194,0.0,0.000065,0.0,-0.000065,0.0,-0.000194,0.0,-0.0,0.0,0.006375,
-0.0,4.584902,0.881368,-0.000066,0.0,1.570796,-0.0,0.004212,-0.003174,0.0,0.0,0.0,-0.026587,-0.024171,0.001427,0.140195,-0.135564,0.024232,-0.099796,0.025331,0.005249,0.237568,-0.106128,-0.024415,-0.101426,0.174482,-0.0,-0.066737,0.0,0.0,0.0,-0.106142,-0.174482,0.0,-0.010252,-0.0,0.0,0.0,-0.0,0.0,-0.0,0.0,0.0,0.0,0.0,0.0,0.0,0.001953,-0.004944,0.0,0.000194,0.0,0.000065,0.0,-0.000065,0.0,-0.000194,0.0,0.0,0.0,0.006632,
0.0,4.584944,0.881336,-0.000066,0.0,1.570796,0.0,0.004212,-0.003166,0.0,0.0,0.0,-0.026477,-0.024171,0.001354,0.140195,-0.13617,0.024232,-0.100493,0.025331,0.005249,0.238896,-0.106806,-0.024415,-0.101426,0.174482,0.0,-0.066608,0.0,0.0,0.0,-0.105922,-0.174482,0.0,-0.010069,0.0,0.0,0.0,-0.0,0.0,0.0,0.0,-0.0,0.0,0.0,0.0,0.0,0.001953,-0.004944,0.0,0.000194,0.0,0.000065,0.0,-0.000065,0.0,-0.000194,0.0,0.0,0.0,0.006888,
0.0,4.584986,0.881304,-0.000066,0.0,1.570796,-0.0,0.004242,-0.003189,0.0,0.0,0.0,-0.026367,-0.024171,0.001282,0.140195,-0.136774,0.024232,-0.101197,0.025331,0.005249,0.240239,-0.107492,-0.024415,-0.101425,0.174482,-0.0,-0.06648,0.0,0.0,0.0,-0.1057,-0.174482,0.0,-0.009885,0.0,0.0,0.0,0.0,0.0,0.0,0.0,0.0,0.0,-0.0,-0.0,-0.0,0.001953,-0.004944,0.0,0.000194,0.0,0.000065,0.0,-0.000065,0.0,-0.000194,0.0,-0.0,0.0,0.007143,
0.0,4.585048,0.881258,-0.000066,0.0,1.570796,0.0,0.006134,-0.004615,0.0,0.0,0.0,-0.026183,-0.024171,0.001282,0.140195,-0.137214,0.024232,-0.102517,0.025331,0.005249,0.24284,-0.108757,-0.024415,-0.101352,0.174482,0.0,-0.066352,0.0,0.0,0.0,-0.105352,-0.174482,-0.0,-0.00961,0.0,0.0,0.0,0.0,0.0,-0.0,-0.0,0.0,0.0,-0.0,0.0,0.0,0.001953,-0.004944,0.0,0.000194,0.0,0.000065,0.0,-0.000065,0.0,-0.000194,0.0,0.0,0.0,0.007271,
-0.0,4.585109,0.881212,-0.000066,0.0,1.570796,-0.0,0.006104,-0.004615,0.0,0.0,0.0,-0.026,-0.024171,0.001282,0.140195,-0.137655,0.024232,-0.103837,0.025331,0.005249,0.245441,-0.110022,-0.024415,-0.101278,0.174482,0.0,-0.066224,0.0,0.0,0.0,-0.105003,-0.174482,0.0,-0.009335,0.0,0.0,0.0,0.0,0.0,0.0,-0.0,0.0,0.0,0.0,0.0,-0.0,0.001953,-0.004944,0.0,0.000194,0.0,0.000065,0.0,-0.000065,0.0,-0.000194,0.0,-0.0,0.0,0.007399,
-0.0,4.58517,0.881166,-0.000066,0.0,1.570796,0.0,0.006134,-0.004615,0.0,0.0,0.0,-0.025817,-0.024171,0.001282,0.140195,-0.138095,0.024232,-0.105158,0.025331,0.005249,0.248043,-0.111288,-0.024415,-0.101205,0.174482,0.0,-0.066095,0.0,0.0,0.0,-0.104655,-0.174482,0.0,-0.009061,0.0,0.0,0.0,0.0,0.0,0.0,0.0,0.0,0.0,0.0,0.0,0.0,0.001953,-0.004944,0.0,0.000194,-0.0,0.000065,0.0,-0.000065,0.0,-0.000194,0.0,-0.0,0.0,0.007527,
0.0,4.585234,0.881125,-0.000066,0.0,1.570796,0.0,0.006439,-0.004051,0.0,0.0,0.0,-0.025634,-0.024171,0.001282,0.140195,-0.138884,0.024232,-0.105806,0.025331,0.005199,0.249343,-0.112056,-0.024415,-0.101132,0.174482,0.0,-0.066054,0.0,0.0,0.0,-0.104307,-0.174482,0.0,-0.008886,0.0,0.0,0.0,0.0,0.0,-0.0,0.0,-0.0,0.0,-0.0,0.0,-0.0,0.001953,-0.004944,0.0,0.000194,0.0,0.000065,0.0,-0.000065,0.0,-0.000194,0.0,0.0,0.0,0.007569,
0.0,4.5853,0.881087,-0.000066,0.0,1.570796,0.0,0.006623,-0.003791,0.0,0.0,0.0,-0.025451,-0.024171,0.001282,0.140195,-0.139839,0.024232,-0.106136,0.025331,0.005126,0.250026,-0.112588,-0.024415,-0.101058,0.174482,0.0,-0.066054,0.0,0.0,0.0,-0.103958,-0.174482,0.0,-0.008757,-0.0,0.0,0.0,0.0,0.0,0.0,0.0,0.0,0.0,0.0,-0.0,0.0,0.001953,-0.004944,0.0,0.000194,0.0,0.000065,0.0,-0.000065,0.0,-0.000194,0.0,0.0,0.0,0.007569,
0.0,4.585366,0.881049,-0.000066,0.0,1.570796,0.0,0.006592,-0.003791,0.0,0.0,0.0,-0.025268,-0.024171,0.001282,0.140195,-0.140793,0.024232,-0.106466,0.025331,0.005053,0.250708,-0.113119,-0.024415,-0.100985,0.174482,0.0,-0.066054,-0.0,0.0,0.0,-0.10361,-0.174482,-0.0,-0.008629,-0.0,0.0,0.0,0.0,0.0,-0.0,0.0,0.0,0.0,0.0,0.0,0.0,0.001953,-0.004944,0.0,0.000194,-0.0,0.000065,0.0,-0.000065,-0.0,-0.000194,0.0,0.0,0.0,0.007569,
0.0,4.585432,0.881017,-0.000066,0.0,1.570796,0.0,0.006561,-0.003204,0.0,0.0,0.0,-0.025078,-0.024171,0.00125,0.140195,-0.141691,0.024232,-0.106682,0.025331,0.005005,0.251187,-0.113577,-0.024415,-0.100918,0.174482,0.0,-0.066073,0.0,0.0,0.0,-0.103306,-0.174482,0.0,-0.008577,0.0,0.0,0.0,-0.0,0.0,-0.0,0.0,0.0,0.0,0.0,-0.0,0.0,0.001953,-0.004944,0.0,0.000194,0.0,0.000065,0.0,-0.000065,0.0,-0.000194,0.0,0.0,0.0,0.007569,
0.0,4.585496,0.880997,-0.000066,0.0,1.570796,0.0,0.006409,-0.002067,0.0,0.0,0.0,-0.024877,-0.024171,0.001159,0.140195,-0.14248,0.024232,-0.106682,0.025331,0.005005,0.25128,-0.113895,-0.024415,-0.100863,0.174482,0.0,-0.066128,0.0,0.0,0.0,-0.103086,-0.174482,0.0,-0.008668,0.0,0.0,0.0,-0.0,0.0,-0.0,0.0,-0.0,0.0,0.0,0.0,0.0,0.001953,-0.004944,0.0,0.000194,0.0,0.000065,0.0,-0.000065,0.0,-0.000194,0.0,0.0,0.0,0.007569,
0.0,4.58556,0.880976,-0.000066,0.0,1.570796,0.0,0.006409,-0.002075,0.0,0.0,0.0,-0.024675,-0.024171,0.001067,0.140195,-0.14327,0.024232,-0.106682,0.025331,0.005005,0.251372,-0.114213,-0.024415,-0.100808,0.174482,-0.0,-0.066183,0.0,0.0,0.0,-0.102866,-0.174482,0.0,-0.00876,0.0,0.0,0.0,0.0,0.0,0.0,0.0,0.0,0.0,0.0,0.0,0.0,0.001953,-0.004944,0.0,0.000194,0.0,0.000065,0.0,-0.000065,0.0,-0.000194,0.0,0.0,0.0,0.007569,
0.0,4.585624,0.880955,-0.000066,0.0,1.570796,0.0,0.006378,-0.002067,0.0,0.0,0.0,-0.024475,-0.024171,0.000977,0.140195,-0.144053,0.024232,-0.106684,0.025331,0.005005,0.251465,-0.114531,-0.024415,-0.100754,0.174482,0.0,-0.066239,0.0,0.0,0.0,-0.102652,-0.174482,0.0,-0.008852,0.0,0.0,0.0,-0.0,0.0,-0.0,0.0,0.0,0.0,0.0,0.0,-0.0,0.001953,-0.004944,0.0,0.000194,-0.0,0.000065,0.0,-0.000065,0.0,-0.000194,0.0,0.0,0.0,0.007571,
0.0,4.585664,0.880934,-0.000066,0.0,1.570796,0.0,0.003998,-0.002121,0.0,0.0,0.0,-0.024328,-0.024171,0.000977,0.140195,-0.144291,0.024232,-0.106849,0.025331,0.005005,0.251594,-0.114849,-0.024415,-0.100754,0.174482,-0.0,-0.066349,0.0,0.0,0.0,-0.103001,-0.174482,0.0,-0.008962,-0.0,0.0,0.0,0.0,0.0,-0.0,0.0,-0.0,0.0,0.0,0.0,0.0,0.001953,-0.004944,0.0,0.000194,0.0,0.000065,0.0,-0.000065,0.0,-0.000194,0.0,-0.0,0.0,0.007735,
0.0,4.585704,0.880913,-0.000066,0.0,1.570796,0.0,0.004028,-0.002121,0.0,0.0,0.0,-0.024182,-0.024171,0.000977,0.140195,-0.14453,0.024232,-0.107014,0.025331,0.005005,0.251723,-0.115167,-0.024415,-0.100754,0.174482,0.0,-0.066458,-0.0,0.0,-0.0,-0.103349,-0.174482,0.0,-0.009071,0.0,0.0,0.0,0.0,0.0,0.0,-0.0,0.0,0.0,0.0,0.0,0.0,0.001953,-0.004944,0.0,0.000194,0.0,0.000065,0.0,-0.000065,0.0,-0.000194,0.0,-0.0,0.0,0.0079,
0.0,4.585744,0.880892,-0.000066,0.0,1.570796,0.0,0.004028,-0.002113,0.0,0.0,0.0,-0.024035,-0.024171,0.000977,0.140195,-0.144769,0.024232,-0.107179,0.025331,0.005005,0.251852,-0.115485,-0.024415,-0.100754,0.174482,0.0,-0.066568,-0.0,0.0,0.0,-0.103698,-0.174482,0.0,-0.009181,0.0,0.0,0.0,0.0,0.0,0.0,0.0,-0.0,-0.0,-0.0,0.0,0.0,0.001953,-0.004944,0.0,0.000194,0.0,0.000065,0.0,-0.000065,0.0,-0.000194,0.0,0.0,0.0,0.008065,
0.0,4.585784,0.880871,-0.000066,0.0,1.570796,0.0,0.003998,-0.002121,0.0,0.0,0.0,-0.023926,-0.024171,0.000977,0.140195,-0.144671,0.024232,-0.107232,0.025331,0.005005,0.251981,-0.115803,-0.024415,-0.100629,0.174482,0.0,-0.066504,0.0,0.0,0.0,-0.104195,-0.174482,-0.0,-0.009217,0.0,0.0,0.0,0.0,0.0,-0.0,0.0,0.0,0.0,-0.0,0.0,-0.0,0.001953,-0.004944,0.0,0.000194,0.0,0.000065,0.0,-0.000065,0.0,-0.000194,0.0,0.0,0.0,0.00823,
0.0,4.585825,0.880849,-0.000066,0.0,1.570796,0.0,0.004028,-0.002121,0.0,0.0,0.0,-0.023834,-0.024171,0.000977,0.140195,-0.144414,0.024232,-0.107232,0.025331,0.005005,0.252111,-0.116121,-0.024415,-0.100446,0.174482,-0.0,-0.066358,0.0,0.0,0.0,-0.104764,-0.174482,0.0,-0.009217,0.0,0.0,0.0,-0.0,0.0,0.0,0.0,0.0,0.0,0.0,-0.0,-0.0,0.001953,-0.004944,0.0,0.000194,0.0,0.000065,0.0,-0.000065,0.0,-0.000194,0.0,0.0,0.0,0.008395,
0.0,4.585865,0.880828,-0.000066,0.0,1.570796,0.0,0.004028,-0.002113,0.0,0.0,0.0,-0.023743,-0.024171,0.000977,0.140195,-0.144157,0.024232,-0.107232,0.025331,0.005005,0.25224,-0.116439,-0.024415,-0.100263,0.174482,0.0,-0.066211,-0.0,0.0,0.0,-0.105332,-0.174482,0.0,-0.009217,0.0,0.0,0.0,0.0,0.0,-0.0,0.0,-0.0,0.0,0.0,0.0,0.0,0.001953,-0.004944,0.0,0.000194,0.0,0.000065,0.0,-0.000065,0.0,-0.000194,0.0,-0.0,0.0,0.008559,
-0.0,4.585911,0.880808,-0.000066,0.0,1.570796,-0.0,0.004608,-0.002044,0.0,0.0,0.0,-0.023683,-0.024171,0.000977,0.140195,-0.143944,0.024232,-0.107125,0.025331,0.005005,0.25212,-0.116682,-0.024415,-0.09994,0.174482,0.0,-0.065951,0.0,0.0,0.0,-0.105951,-0.174482,0.0,-0.009191,-0.0,0.0,0.0,0.0,0.0,-0.0,0.0,0.0,0.0,0.0,0.0,-0.0,0.001953,-0.004944,0.0,0.000194,0.0,0.000065,0.0,-0.000065,0.0,-0.000194,0.0,-0.0,0.0,0.008699,
0.0,4.585969,0.880789,-0.000066,0.0,1.570796,0.0,0.005768,-0.001884,0.0,0.0,0.0,-0.023683,-0.024171,0.000977,0.140195,-0.143816,0.024232,-0.106813,0.025331,0.005005,0.25153,-0.116783,-0.024415,-0.099353,0.174482,-0.0,-0.065474,-0.0,0.0,0.0,-0.106667,-0.174482,0.0,-0.009118,-0.0,0.0,0.0,0.0,0.0,0.0,0.0,-0.0,0.0,0.0,0.0,0.0,0.001953,-0.004944,0.0,0.000194,0.0,0.000065,0.0,-0.000065,0.0,-0.000194,0.0,-0.0,0.0,0.00879,
0.0,4.586027,0.88077,-0.000066,0.0,1.570796,-0.0,0.005768,-0.001892,0.0,0.0,0.0,-0.023683,-0.024171,0.000977,0.140195,-0.143687,0.024232,-0.106501,0.025331,0.005005,0.250939,-0.116883,-0.024415,-0.098766,0.174482,0.0,-0.064998,-0.0,0.0,0.0,-0.107382,-0.174482,0.0,-0.009045,0.0,0.0,0.0,0.0,0.0,0.0,0.0,-0.0,0.0,-0.0,-0.0,-0.0,0.001953,-0.004944,0.0,0.000194,0.0,0.000065,0.0,-0.000065,0.0,-0.000194,0.0,0.0,0.0,0.008882,
0.0,4.586084,0.880751,-0.000066,0.0,1.570796,0.0,0.005737,-0.001892,0.0,0.0,0.0,-0.023682,-0.024171,0.000977,0.140195,-0.143562,0.024232,-0.106189,0.025331,0.005005,0.250349,-0.116984,-0.024416,-0.098181,0.174482,0.0,-0.064522,-0.0,0.0,0.0,-0.108098,-0.174482,0.0,-0.008974,0.0,0.0,0.0,0.0,0.0,-0.0,0.0,0.0,0.0,-0.0,0.0,-0.0,0.001953,-0.004944,0.0,0.000194,0.0,0.000065,0.0,-0.000065,0.0,-0.000194,0.0,0.0,0.0,0.008974,
0.0,4.586129,0.880735,-0.000066,0.0,1.570796,0.0,0.004547,-0.001571,0.0,0.0,0.0,-0.023572,-0.024171,0.000977,0.140195,-0.143728,0.024232,-0.105859,0.025331,0.005005,0.249814,-0.117085,-0.024434,-0.097667,0.174482,0.0,-0.064082,0.0,0.0,0.0,-0.108942,-0.174482,0.0,-0.009102,0.0,0.0,0.0,0.0,0.0,-0.0,0.0,0.0,0.0,-0.0,0.0,0.0,0.001953,-0.004944,0.0,0.000194,-0.0,0.000065,0.0,-0.000065,0.0,-0.000194,0.0,0.0,0.0,0.009139,
0.0,4.586174,0.88072,-0.000066,0.0,1.570796,0.0,0.004517,-0.001571,0.0,0.0,0.0,-0.023462,-0.024171,0.000977,0.140195,-0.143893,0.024232,-0.105529,0.025331,0.005005,0.249279,-0.117186,-0.024452,-0.097154,0.174482,-0.0,-0.063643,0.0,0.0,0.0,-0.109786,-0.174482,0.0,-0.00923,0.0,0.0,0.0,-0.0,0.0,0.0,0.0,0.0,0.0,-0.0,0.0,0.0,0.001953,-0.004944,0.0,0.000194,0.0,0.000065,0.0,-0.000065,0.0,-0.000194,0.0,0.0,0.0,0.009304,
0.0,4.58622,0.880704,-0.000066,0.0,1.570796,0.0,0.004547,-0.001571,0.0,0.0,0.0,-0.023352,-0.024171,0.000977,0.140195,-0.144058,0.024232,-0.105199,0.025331,0.005005,0.248744,-0.117287,-0.024471,-0.096641,0.174482,0.0,-0.063203,0.0,0.0,0.0,-0.110629,-0.174482,0.0,-0.009359,0.0,0.0,0.0,-0.0,0.0,0.0,0.0,-0.0,0.0,0.0,0.0,0.0,0.001953,-0.004944,0.0,0.000194,0.0,0.000065,0.0,-0.000065,0.0,-0.000194,0.0,0.0,0.0,0.009469,
0.0,4.586261,0.880692,-0.000066,0.0,1.570796,0.0,0.00415,-0.001152,0.0,0.0,0.0,-0.023317,-0.024171,0.001051,0.140195,-0.144111,0.024232,-0.10472,0.025331,0.005005,0.247996,-0.117232,-0.024489,-0.096215,0.174482,0.0,-0.062838,-0.0,0.0,0.0,-0.11146,-0.174482,0.0,-0.009524,0.0,0.0,0.0,0.0,0.0,0.0,0.0,0.0,0.0,0.0,0.0,0.0,0.001953,-0.004944,0.0,0.000194,0.0,0.000065,-0.0,-0.000065,0.0,-0.000194,0.0,-0.0,0.0,0.009596,
0.0,4.586301,0.880683,-0.000066,0.0,1.570796,0.0,0.003998,-0.000946,0.0,0.0,0.0,-0.023317,-0.024171,0.001161,0.140195,-0.144111,0.024232,-0.10417,0.025331,0.005005,0.247147,-0.117104,-0.024507,-0.09583,0.174482,0.0,-0.062508,0.0,0.0,0.0,-0.112286,-0.174482,0.0,-0.009707,0.0,0.0,0.0,0.0,0.0,-0.0,0.0,0.0,0.0,0.0,0.0,0.0,0.001953,-0.004944,0.0,0.000194,-0.0,0.000065,0.0,-0.000065,0.0,-0.000194,0.0,0.0,0.0,0.009706,
0.0,4.586341,0.880674,-0.000066,0.0,1.570796,0.0,0.003967,-0.000953,0.0,0.0,0.0,-0.023317,-0.024171,0.001271,0.140195,-0.144111,0.024232,-0.103619,0.025331,0.005005,0.246298,-0.116975,-0.024526,-0.095445,0.174482,0.0,-0.062178,-0.0,0.0,0.0,-0.113111,-0.174482,0.0,-0.00989,0.0,0.0,0.0,0.0,0.0,-0.0,0.0,-0.0,0.0,-0.0,0.0,-0.0,0.001953,-0.004944,0.0,0.000194,0.0,0.000065,0.0,-0.000065,0.0,-0.000194,0.0,0.0,0.0,0.009816,
0.0,4.58638,0.880667,-0.000066,0.0,1.570796,0.0,0.003906,-0.00061,0.0,0.0,0.0,-0.023317,-0.024171,0.001343,0.140195,-0.144028,0.024232,-0.103031,0.025331,0.005005,0.24536,-0.116777,-0.024544,-0.09511,0.174482,0.0,-0.061886,0.0,0.0,0.0,-0.113892,-0.174482,0.0,-0.010054,0.0,0.0,0.0,0.0,0.0,0.0,0.0,-0.0,0.0,0.0,0.0,-0.0,0.001953,-0.004944,0.0,0.000194,0.0,0.000065,-0.0,-0.000065,0.0,-0.000194,0.0,0.0,0.0,0.00992,
0.0,4.586418,0.880668,-0.000066,0.0,1.570796,0.0,0.003784,0.000016,0.0,0.0,0.0,-0.023317,-0.024171,0.001343,0.140195,-0.14379,0.024232,-0.102371,0.025331,0.005005,0.244253,-0.116447,-0.024562,-0.094872,0.174482,-0.0,-0.061667,0.0,0.0,0.0,-0.114589,-0.174482,-0.0,-0.010183,0.0,0.0,0.0,0.0,0.0,-0.0,0.0,0.0,0.0,0.0,0.0,-0.0,0.001953,-0.004944,0.0,0.000194,0.0,0.000065,0.0,-0.000065,0.0,-0.000194,0.0,0.0,0.0,0.010011,
0.0,4.586456,0.880668,-0.000066,0.0,1.570796,0.0,0.003784,0.000016,0.0,0.0,0.0,-0.023317,-0.024171,0.001343,0.140195,-0.143551,0.024232,-0.101711,0.025331,0.005005,0.243146,-0.116117,-0.02458,-0.094634,0.174482,0.0,-0.061447,0.0,0.0,0.0,-0.115286,-0.174482,0.0,-0.010311,0.0,0.0,0.0,-0.0,0.0,-0.0,0.0,-0.0,-0.0,-0.0,0.0,-0.0,0.001953,-0.004944,0.0,0.000194,0.0,0.000065,0.0,-0.000065,0.0,-0.000194,0.0,-0.0,0.0,0.010103,
0.0,4.586494,0.880668,-0.000066,0.0,1.570796,-0.0,0.003784,0.000016,0.0,0.0,0.0,-0.023317,-0.024171,0.001344,0.140195,-0.143309,0.024232,-0.101058,0.025331,0.005005,0.242053,-0.115792,-0.024599,-0.094396,0.174482,-0.0,-0.061228,0.0,0.0,0.0,-0.115977,-0.174482,0.0,-0.010437,0.0,0.0,0.0,-0.0,0.0,-0.0,0.0,-0.0,0.0,-0.0,0.0,-0.0,0.001953,-0.004944,0.0,0.000194,0.0,0.000065,0.0,-0.000065,0.0,-0.000194,0.0,-0.0,0.0,0.010193,
0.0,4.586554,0.880666,-0.000066,0.0,1.570796,0.0,0.006012,-0.000145,0.0,0.0,0.0,-0.023317,-0.024171,0.001436,0.140195,-0.142795,0.024232,-0.100948,0.025331,0.005005,0.242053,-0.115847,-0.024599,-0.09425,0.174482,0.0,-0.061063,0.0,0.0,0.0,-0.116197,-0.174482,0.0,-0.010382,0.0,0.0,0.0,0.0,0.0,0.0,0.0,-0.0,0.0,-0.0,0.0,-0.0,0.001953,-0.004944,0.0,0.000194,0.0,0.000065,0.0,-0.000065,0.0,-0.000194,0.0,-0.0,0.0,0.010193,
0.0,4.586614,0.880665,-0.000066,0.0,1.570796,0.0,0.006012,-0.000137,0.0,0.0,0.0,-0.023317,-0.024171,0.001527,0.140195,-0.142281,0.024232,-0.100838,0.025331,0.005005,0.242053,-0.115902,-0.024599,-0.094103,0.174482,0.0,-0.060898,-0.0,0.0,0.0,-0.116417,-0.174482,0.0,-0.010327,0.0,0.0,0.0,0.0,0.0,0.0,0.0,-0.0,0.0,-0.0,0.0,-0.0,0.001953,-0.004944,0.0,0.000194,0.0,0.000065,0.0,-0.000065,0.0,-0.000194,0.0,-0.0,0.0,0.010193,
0.0,4.586674,0.880664,-0.000066,0.0,1.570796,-0.0,0.006012,-0.000137,0.0,0.0,0.0,-0.023317,-0.024171,0.001619,0.140195,-0.141767,0.024232,-0.100728,0.025331,0.005005,0.242053,-0.115957,-0.024599,-0.093956,0.174482,0.0,-0.060733,0.0,0.0,0.0,-0.116637,-0.174482,0.0,-0.010272,-0.0,0.0,0.0,0.0,0.0,-0.0,0.0,-0.0,0.0,-0.0,0.0,-0.0,0.001953,-0.004944,0.0,0.000194,0.0,0.000065,-0.0,-0.000065,0.0,-0.000194,0.0,-0.0,0.0,0.010193,
0.0,4.58674,0.880663,-0.000066,0.0,1.570796,0.0,0.006622,-0.000114,0.0,0.0,0.0,-0.023317,-0.024171,0.001648,0.140195,-0.141353,0.024232,-0.100307,0.025331,0.005005,0.241439,-0.115763,-0.024599,-0.093909,0.174482,0.0,-0.06068,0.0,0.0,0.0,-0.116571,-0.174482,0.0,-0.010149,0.0,0.0,0.0,0.0,0.0,-0.0,0.0,-0.0,0.0,-0.0,0.0,-0.0,0.001953,-0.004944,0.0,0.000194,0.0,0.000065,0.0,-0.000065,0.0,-0.000194,0.0,-0.0,0.0,0.010193,
0.0,4.58681,0.880662,-0.000066,0.0,1.570796,0.0,0.006958,-0.000099,0.0,0.0,0.0,-0.023317,-0.024171,0.001648,0.140195,-0.140986,0.024232,-0.099738,0.025331,0.005005,0.240535,-0.115451,-0.024599,-0.093909,0.174482,0.0,-0.06068,0.0,0.0,0.0,-0.116369,-0.174482,0.0,-0.009993,0.0,0.0,0.0,0.0,0.0,-0.0,0.0,-0.0,0.0,-0.0,0.0,-0.0,0.001953,-0.004944,0.0,0.000194,0.0,0.000065,0.0,-0.000065,0.0,-0.000194,0.0,-0.0,0.0,0.010193,
0.0,4.586879,0.880661,-0.000066,0.0,1.570796,0.0,0.006927,-0.000099,0.0,0.0,0.0,-0.023317,-0.024171,0.001648,0.140195,-0.140618,0.024232,-0.09917,0.025331,0.005005,0.239631,-0.115139,-0.024599,-0.093909,0.174482,0.0,-0.06068,0.0,0.0,0.0,-0.116167,-0.174482,0.0,-0.009837,0.0,0.0,0.0,0.0,0.0,-0.0,0.0,-0.0,0.0,-0.0,0.0,-0.0,0.001953,-0.004944,0.0,0.000194,0.0,0.000065,0.0,-0.000065,0.0,-0.000194,0.0,-0.0,0.0,0.010193,
0.0,4.586948,0.88066,-0.000066,0.0,1.570796,0.0,0.006927,-0.000091,0.0,0.0,0.0,-0.023317,-0.024171,0.00168,0.140195,-0.140321,0.024232,-0.098665,0.025331,0.005005,0.23883,-0.114827,-0.024599,-0.094024,0.174482,0.0,-0.060737,0.0,0.0,0.0,-0.115832,-0.174482,0.0,-0.009682,0.0,0.0,0.0,0.0,0.0,0.0,0.0,0.0,0.0,0.0,0.0,-0.0,0.001953,-0.004944,0.0,0.000194,0.0,0.000065,0.0,-0.000065,0.0,-0.000194,0.0,-0.0,0.0,0.010149,
0.0,4.587018,0.880659,-0.000066,0.0,1.570796,0.0,0.006927,-0.000099,0.0,0.0,0.0,-0.023317,-0.024171,0.001771,0.140195,-0.140156,0.024232,-0.09828,0.025331,0.005005,0.238221,-0.114515,-0.024599,-0.094354,0.174482,0.0,-0.060902,0.0,0.0,0.0,-0.115245,-0.174482,0.0,-0.009526,0.0,0.0,0.0,0.0,0.0,0.0,-0.0,0.0,0.0,0.0,0.0,-0.0,0.001953,-0.004944,0.0,0.000194,0.0,0.000065,0.0,-0.000065,0.0,-0.000194,0.0,0.0,0.0,0.010021,
0.0,4.587087,0.880658,-0.000066,0.0,1.570796,0.0,0.006927,-0.000099,0.0,0.0,0.0,-0.023317,-0.024171,0.001863,0.140195,-0.139991,0.024232,-0.097895,0.025331,0.005005,0.237613,-0.114203,-0.024599,-0.094684,0.174482,0.0,-0.061067,-0.0,0.0,0.0,-0.114658,-0.174482,0.0,-0.00937,-0.0,0.0,0.0,0.0,0.0,0.0,0.0,-0.0,0.0,0.0,0.0,-0.0,0.001953,-0.004944,0.0,0.000194,0.0,0.000065,0.0,-0.000065,0.0,-0.000194,0.0,0.0,0.0,0.009893,
0.0,4.587157,0.880657,-0.000066,0.0,1.570796,0.0,0.006958,-0.000099,0.0,0.0,0.0,-0.023315,-0.024171,0.001953,0.140195,-0.139826,0.024232,-0.097518,0.025331,0.005005,0.237017,-0.113896,-0.024599,-0.095016,0.174482,0.0,-0.061234,0.0,0.0,-0.0,-0.11407,-0.174482,0.0,-0.009217,0.0,0.0,0.0,-0.0,0.0,0.0,0.0,0.0,0.0,0.0,0.0,0.0,0.001953,-0.004944,0.0,0.000194,0.0,0.000065,0.0,-0.000065,0.0,-0.000194,0.0,0.0,0.0,0.009766,
0.0,4.587226,0.880656,-0.000066,0.0,1.570796,-0.0,0.006927,-0.000099,0.0,0.0,0.0,-0.023168,-0.024171,0.001953,0.140195,-0.13966,0.024232,-0.097738,0.025331,0.005005,0.237441,-0.113896,-0.024599,-0.095529,0.174482,-0.0,-0.061601,0.0,0.0,0.0,-0.113336,-0.174482,0.0,-0.009217,0.0,0.0,0.0,0.0,0.0,-0.0,0.0,-0.0,0.0,-0.0,0.0,0.0,0.001953,-0.004944,0.0,0.000194,0.0,0.000065,-0.0,-0.000065,0.0,-0.000194,0.0,0.0,0.0,0.009766,
0.0,4.587295,0.880655,-0.000066,0.0,1.570796,0.0,0.006927,-0.000099,0.0,0.0,0.0,-0.023022,-0.024171,0.001953,0.140195,-0.139495,0.024232,-0.097958,0.025331,0.005005,0.237865,-0.113896,-0.024599,-0.096042,0.174482,0.0,-0.061967,-0.0,0.0,0.0,-0.112602,-0.174482,0.0,-0.009217,0.0,0.0,0.0,0.0,0.0,0.0,0.0,-0.0,0.0,-0.0,0.0,-0.0,0.001953,-0.004944,0.0,0.000194,-0.0,0.000065,0.0,-0.000065,0.0,-0.000194,0.0,0.0,0.0,0.009766,
0.0,4.587364,0.880654,-0.000066,0.0,1.570796,0.0,0.006927,-0.000099,0.0,0.0,0.0,-0.022875,-0.024171,0.001953,0.140195,-0.13933,0.024232,-0.098178,0.025331,0.005005,0.23829,-0.113896,-0.024599,-0.096556,0.174482,0.0,-0.062334,0.0,0.0,0.0,-0.111869,-0.174482,0.0,-0.009217,0.0,0.0,0.0,-0.0,0.0,-0.0,0.0,0.0,0.0,-0.0,0.0,-0.0,0.001953,-0.004944,0.0,0.000194,0.0,0.000065,0.0,-0.000065,0.0,-0.000194,0.0,0.0,0.0,0.009766,
0.0,4.587426,0.880648,-0.000066,0.0,1.570796,0.0,0.006165,-0.000526,0.0,0.0,0.0,-0.022741,-0.024171,0.001953,0.140195,-0.139339,0.024232,-0.098373,0.025331,0.005005,0.238689,-0.113808,-0.024599,-0.097144,0.174482,-0.0,-0.062756,0.0,0.0,0.0,-0.11116,-0.174482,0.0,-0.009217,0.0,0.0,0.0,-0.0,0.0,0.0,0.0,-0.0,0.0,0.0,0.0,-0.0,0.001953,-0.004944,0.0,0.000194,0.0,0.000065,0.0,-0.000065,0.0,-0.000194,0.0,0.0,0.0,0.009766,
0.0,4.587484,0.880641,-0.000066,0.0,1.570796,0.0,0.005768,-0.00074,0.0,0.0,0.0,-0.022613,-0.024171,0.001953,0.140195,-0.139431,0.024232,-0.098556,0.025331,0.005005,0.239076,-0.11368,-0.024599,-0.097767,0.174482,0.0,-0.063205,-0.0,0.0,0.0,-0.110463,-0.174482,0.0,-0.009217,0.0,0.0,0.0,0.0,0.0,-0.0,0.0,0.0,0.0,-0.0,0.0,0.0,0.001953,-0.004944,0.0,0.000194,0.0,0.000065,0.0,-0.000065,0.0,-0.000194,0.0,0.0,0.0,0.009766,
0.0,4.587542,0.880634,-0.000066,0.0,1.570796,0.0,0.005768,-0.000732,0.0,0.0,0.0,-0.022485,-0.024171,0.001953,0.140195,-0.139523,0.024232,-0.098739,0.025331,0.005005,0.239463,-0.113552,-0.024599,-0.09839,0.174482,0.0,-0.063654,-0.0,0.0,0.0,-0.109766,-0.174482,0.0,-0.009217,0.0,0.0,0.0,0.0,0.0,-0.0,0.0,-0.0,0.0,0.0,0.0,0.0,0.001953,-0.004944,0.0,0.000194,0.0,0.000065,0.0,-0.000065,0.0,-0.000194,0.0,0.0,0.0,0.009766,
0.0,4.587595,0.880624,-0.000066,0.0,1.570796,-0.0,0.005402,-0.000953,0.0,0.0,0.0,-0.022366,-0.024171,0.001953,0.140195,-0.139659,0.024232,-0.098904,0.025331,0.005005,0.2398,-0.113468,-0.024599,-0.099027,0.174482,0.0,-0.064103,0.0,0.0,0.0,-0.109127,-0.174482,-0.0,-0.009217,0.0,0.0,0.0,-0.0,0.0,-0.0,0.0,-0.0,0.0,0.0,0.0,0.0,0.001953,-0.004944,0.0,0.000194,0.0,0.000065,0.0,-0.000065,0.0,-0.000194,0.0,0.0,0.0,0.009734,
0.0,4.587642,0.880611,-0.000066,0.0,1.570796,0.0,0.004669,-0.001365,0.0,0.0,0.0,-0.022265,-0.024171,0.001953,0.140195,-0.139879,0.024232,-0.099032,0.025331,0.005005,0.240039,-0.113468,-0.024599,-0.099687,0.174482,0.0,-0.064551,0.0,0.0,0.0,-0.108595,-0.174482,0.0,-0.009217,0.0,0.0,0.0,0.0,0.0,0.0,0.0,0.0,0.0,0.0,0.0,0.0,0.001953,-0.004944,0.0,0.000194,0.0,0.000065,0.0,-0.000065,0.0,-0.000194,0.0,0.0,0.0,0.009643,
0.0,4.587689,0.880597,-0.000066,0.0,1.570796,0.0,0.0047,-0.001373,0.0,0.0,0.0,-0.022165,-0.024171,0.001953,0.140195,-0.1401,0.024232,-0.09916,0.025331,0.005005,0.240279,-0.113468,-0.024599,-0.100347,0.174482,-0.0,-0.065,0.0,0.0,0.0,-0.108063,-0.174482,0.0,-0.009217,0.0,0.0,0.0,0.0,0.0,0.0,0.0,0.0,0.0,0.0,0.0,0.0,0.001953,-0.004944,0.0,0.000194,0.0,0.000065,0.0,-0.000065,0.0,-0.000194,0.0,-0.0,0.0,0.009551,
0.0,4.587736,0.880583,-0.000066,0.0,1.570796,0.0,0.004669,-0.00135,0.0,0.0,0.0,-0.022064,-0.024171,0.001953,0.140195,-0.14032,0.024232,-0.099287,0.025331,0.005005,0.240516,-0.113466,-0.024599,-0.101003,0.174482,-0.0,-0.065447,0.0,0.0,0.0,-0.107534,-0.174482,0.0,-0.009214,0.0,0.0,0.0,-0.0,0.0,-0.0,0.0,-0.0,-0.0,-0.0,0.0,0.0,0.001953,-0.004944,0.0,0.000194,0.0,0.000065,0.0,-0.000065,0.0,-0.000194,0.0,-0.0,0.0,0.00946,
0.0,4.587771,0.880582,-0.000066,0.0,1.570796,0.0,0.003571,-0.000168,0.0,0.0,0.0,-0.021963,-0.024171,0.001953,0.140195,-0.14054,0.024232,-0.099287,0.025331,0.005005,0.240516,-0.113356,-0.024599,-0.101407,0.174482,-0.0,-0.06574,-0.0,0.0,0.0,-0.107259,-0.174482,0.0,-0.009013,-0.0,0.0,0.0,0.0,0.0,0.0,0.0,-0.0,0.0,0.0,0.0,-0.0,0.001953,-0.004944,0.0,0.000194,0.0,0.000065,0.0,-0.000065,0.0,-0.000194,0.0,0.0,0.0,0.00938,
0.0,4.587807,0.88058,-0.000066,0.0,1.570796,0.0,0.003571,-0.00016,0.0,0.0,0.0,-0.021863,-0.024171,0.001953,0.140195,-0.140761,0.024232,-0.099287,0.025331,0.005005,0.240516,-0.113246,-0.024599,-0.10181,0.174482,0.0,-0.066033,0.0,0.0,0.0,-0.106984,-0.174482,0.0,-0.008811,0.0,0.0,0.0,0.0,0.0,0.0,0.0,0.0,-0.0,0.0,0.0,0.0,0.001953,-0.004944,0.0,0.000194,0.0,0.000065,0.0,-0.000065,0.0,-0.000194,0.0,0.0,0.0,0.009301,
0.0,4.587843,0.880578,-0.000066,0.0,1.570796,0.0,0.003571,-0.00016,0.0,0.0,0.0,-0.021762,-0.024171,0.001953,0.140195,-0.140981,0.024232,-0.099287,0.025331,0.005005,0.240516,-0.113136,-0.024599,-0.102213,0.174482,0.0,-0.066327,-0.0,0.0,-0.0,-0.106709,-0.174482,0.0,-0.00861,0.0,0.0,0.0,0.0,0.0,-0.0,0.0,-0.0,0.0,0.0,0.0,-0.0,0.001953,-0.004944,0.0,0.000194,0.0,0.000065,0.0,-0.000065,0.0,-0.000194,0.0,0.0,0.0,0.009222,
0.0,4.587871,0.880582,-0.000066,0.0,1.570796,0.0,0.002808,0.000351,0.0,0.0,0.0,-0.02173,-0.024171,0.001953,0.140195,-0.14112,0.024232,-0.099287,0.025331,0.005005,0.240441,-0.113026,-0.024599,-0.102492,0.174482,0.0,-0.06652,0.0,0.0,0.0,-0.106621,-0.174482,0.0,-0.008483,0.0,0.0,0.0,0.0,0.0,0.0,0.0,0.0,0.0,0.0,0.0,-0.0,0.001953,-0.004944,0.0,0.000194,0.0,0.000065,0.0,-0.000065,0.0,-0.000194,0.0,-0.0,0.0,0.009142,
0.0,4.587896,0.880588,-0.000066,0.0,1.570796,0.0,0.002472,0.000595,0.0,0.0,0.0,-0.02173,-0.024171,0.001953,0.140195,-0.141221,0.024232,-0.099287,0.025331,0.005005,0.24033,-0.112916,-0.024599,-0.102712,0.174482,0.0,-0.066667,0.0,0.0,0.0,-0.106621,-0.174482,0.0,-0.008391,0.0,0.0,0.0,-0.0,0.0,0.0,0.0,0.0,0.0,0.0,0.0,0.0,0.001953,-0.004944,0.0,0.000194,0.0,0.000065,0.0,-0.000065,0.0,-0.000194,0.0,0.0,0.0,0.009063,
0.0,4.58792,0.880594,-0.000066,0.0,1.570796,0.0,0.002441,0.000588,0.0,0.0,0.0,-0.02173,-0.024171,0.001953,0.140195,-0.141322,0.024232,-0.099287,0.025331,0.005005,0.240219,-0.112806,-0.024599,-0.102932,0.174482,0.0,-0.066813,0.0,0.0,0.0,-0.106621,-0.174482,0.0,-0.0083,0.0,0.0,0.0,0.0,0.0,-0.0,0.0,0.0,0.0,-0.0,-0.0,0.0,0.001953,-0.004944,0.0,0.000194,0.0,0.000065,0.0,-0.000065,0.0,-0.000194,0.0,-0.0,0.0,0.008984,
-0.0,4.58794,0.880602,-0.000066,0.0,1.570796,-0.0,0.001984,0.000809,0.0,0.0,0.0,-0.021704,-0.024171,0.001953,0.140195,-0.141423,0.024232,-0.099268,0.025331,0.005005,0.240147,-0.112734,-0.024599,-0.103076,0.174482,0.0,-0.066909,0.0,0.0,0.0,-0.106774,-0.174482,0.0,-0.00824,0.0,0.0,0.0,0.0,0.0,-0.0,0.0,0.0,0.0,-0.0,0.0,-0.0,0.001953,-0.004944,0.0,0.000194,0.0,0.000065,0.0,-0.000065,0.0,-0.000194,0.0,0.0,0.0,0.008904,
0.0,4.587952,0.880614,-0.000066,0.0,1.570796,0.0,0.00119,0.001228,0.0,0.0,0.0,-0.021631,-0.024171,0.001953,0.140195,-0.141524,0.024232,-0.099213,0.025331,0.005005,0.240147,-0.112734,-0.024599,-0.103076,0.174482,0.0,-0.066909,0.0,0.0,0.0,-0.107214,-0.174482,0.0,-0.00824,-0.0,0.0,0.0,0.0,0.0,-0.0,0.0,-0.0,0.0,0.0,0.0,-0.0,0.001953,-0.004944,0.0,0.000194,0.0,0.000065,0.0,-0.000065,0.0,-0.000194,0.0,-0.0,0.0,0.008825,
0.0,4.587964,0.880626,-0.000066,0.0,1.570796,-0.0,0.00119,0.001221,0.0,0.0,0.0,-0.021558,-0.024171,0.001953,0.140195,-0.141625,0.024232,-0.099158,0.025331,0.005005,0.240147,-0.112734,-0.024599,-0.103076,0.174482,-0.0,-0.066909,0.0,0.0,0.0,-0.107654,-0.174482,0.0,-0.00824,0.0,0.0,0.0,0.0,0.0,-0.0,0.0,-0.0,0.0,-0.0,0.0,0.0,0.001953,-0.004944,0.0,0.000194,0.0,0.000065,0.0,-0.000065,0.0,-0.000194,0.0,-0.0,0.0,0.008746,
0.0,4.587976,0.880639,-0.000066,0.0,1.570796,0.0,0.00116,0.001228,0.0,0.0,0.0,-0.021485,-0.024171,0.001952,0.140195,-0.141727,0.024232,-0.099101,0.025331,0.005005,0.240143,-0.112732,-0.024599,-0.103074,0.174482,-0.0,-0.066909,0.0,0.0,0.0,-0.108095,-0.174482,0.0,-0.008241,0.0,0.0,0.0,0.0,0.0,-0.0,0.0,-0.0,0.0,-0.0,0.0,-0.0,0.001953,-0.004944,0.0,0.000194,0.0,0.000065,0.0,-0.000065,0.0,-0.000194,0.0,-0.0,0.0,0.008666,
0.0,4.587978,0.880653,-0.000066,0.0,1.570796,0.0,0.000275,0.001457,0.0,0.0,0.0,-0.021485,-0.024171,0.001879,0.140195,-0.141929,0.024232,-0.098936,0.025331,0.005005,0.239848,-0.112604,-0.024599,-0.102946,0.174482,0.0,-0.066909,0.0,0.0,0.0,-0.108646,-0.174482,0.0,-0.008314,0.0,0.0,0.0,0.0,0.0,-0.0,0.0,-0.0,0.0,0.0,0.0,0.0,0.001953,-0.004944,0.0,0.000194,0.0,0.000065,0.0,-0.000065,0.0,-0.000194,0.0,0.0,0.0,0.008537,
0.0,4.587981,0.880668,-0.000066,0.0,1.570796,-0.0,0.000275,0.001457,0.0,0.0,0.0,-0.021485,-0.024171,0.001806,0.140195,-0.142131,0.024232,-0.098771,0.025331,0.005005,0.239553,-0.112476,-0.024599,-0.102818,0.174482,0.0,-0.066909,0.0,0.0,0.0,-0.109196,-0.174482,0.0,-0.008387,0.0,0.0,0.0,0.0,0.0,0.0,0.0,-0.0,0.0,0.0,0.0,-0.0,0.001953,-0.004944,0.0,0.000194,0.0,0.000065,0.0,-0.000065,0.0,-0.000194,0.0,0.0,0.0,0.008409,
-0.0,4.587984,0.880682,-0.000066,0.0,1.570796,-0.0,0.000305,0.001465,0.0,0.0,0.0,-0.021485,-0.024171,0.001732,0.140195,-0.142333,0.024232,-0.098606,0.025331,0.005005,0.239258,-0.112347,-0.024599,-0.102689,0.174482,-0.0,-0.066909,-0.0,0.0,0.0,-0.109746,-0.174482,0.0,-0.008461,0.0,0.0,0.0,0.0,0.0,0.0,0.0,0.0,0.0,0.0,0.0,-0.0,0.001953,-0.004944,0.0,0.000194,0.0,0.000065,0.0,-0.000065,0.0,-0.000194,0.0,0.0,0.0,0.008281,
0.0,4.587986,0.880697,-0.000066,0.0,1.570796,0.0,0.000275,0.001457,0.0,0.0,0.0,-0.021485,-0.024171,0.001709,0.140195,-0.142468,0.024232,-0.098379,0.025331,0.005005,0.2389,-0.112306,-0.024599,-0.102449,0.174482,0.0,-0.066809,0.0,0.0,0.0,-0.110259,-0.174482,0.0,-0.008484,0.0,0.0,0.0,0.0,0.0,0.0,0.0,-0.0,0.0,0.0,-0.0,-0.0,0.001953,-0.004944,0.0,0.000194,0.0,0.000065,0.0,-0.000065,0.0,-0.000194,0.0,0.0,0.0,0.00814,
0.0,4.587989,0.880712,-0.000066,0.0,1.570796,0.0,0.000275,0.001465,0.0,0.0,0.0,-0.021485,-0.024171,0.001709,0.140195,-0.142572,0.024232,-0.098122,0.025331,0.005005,0.238513,-0.112306,-0.024599,-0.102155,0.174482,0.0,-0.066663,0.0,0.0,0.0,-0.110754,-0.174482,0.0,-0.008484,0.0,0.0,0.0,0.0,0.0,0.0,0.0,-0.0,0.0,0.0,0.0,-0.0,0.001953,-0.004944,0.0,0.000194,0.0,0.000065,0.0,-0.000065,0.0,-0.000194,0.0,0.0,0.0,0.007994,
0.0,4.587992,0.880726,-0.000066,0.0,1.570796,0.0,0.000275,0.001457,0.0,0.0,0.0,-0.021485,-0.024171,0.001709,0.140195,-0.142676,0.024232,-0.097866,0.025331,0.005005,0.238125,-0.112306,-0.024599,-0.101862,0.174482,-0.0,-0.066516,0.0,0.0,0.0,-0.111249,-0.174482,0.0,-0.008484,0.0,0.0,0.0,0.0,0.0,-0.0,0.0,-0.0,0.0,-0.0,0.0,-0.0,0.001953,-0.004944,0.0,0.000194,0.0,0.000065,-0.0,-0.000065,0.0,-0.000194,0.0,0.0,0.0,0.007847,
0.0,4.587993,0.880743,-0.000066,0.0,1.570796,0.0,0.00003,0.001709,0.0,0.0,0.0,-0.021511,-0.024171,0.001709,0.140195,-0.14278,0.024232,-0.09759,0.025331,0.005005,0.237693,-0.112249,-0.024599,-0.101537,0.174482,-0.0,-0.066344,0.0,0.0,0.0,-0.111706,-0.174482,0.0,-0.008484,0.0,0.0,0.0,-0.0,0.0,0.0,-0.0,0.0,0.0,0.0,-0.0,0.0,0.001953,-0.004944,0.0,0.000194,0.0,0.000065,-0.0,-0.000065,0.0,-0.000194,0.0,0.0,0.0,0.00772,
0.0,4.587987,0.880765,-0.000066,0.0,1.570796,0.0,-0.000488,0.002182,0.0,0.0,0.0,-0.021584,-0.024171,0.001709,0.140195,-0.142884,0.024232,-0.097278,0.025331,0.005005,0.237177,-0.112084,-0.024599,-0.101152,0.174482,0.0,-0.066124,0.0,0.0,0.0,-0.112091,-0.174482,0.0,-0.008484,0.0,0.0,0.0,0.0,0.0,0.0,0.0,-0.0,0.0,-0.0,0.0,0.0,0.001953,-0.004944,0.0,0.000194,0.0,0.000065,0.0,-0.000065,0.0,-0.000194,0.0,0.0,0.0,0.007628,
0.0,4.587983,0.880787,-0.000066,0.0,1.570796,0.0,-0.000488,0.002174,0.0,0.0,0.0,-0.021657,-0.024171,0.001709,0.140195,-0.142988,0.024232,-0.096967,0.025331,0.005005,0.236661,-0.111919,-0.024599,-0.100767,0.174482,-0.0,-0.065905,0.0,0.0,0.0,-0.112476,-0.174482,0.0,-0.008484,0.0,0.0,0.0,-0.0,0.0,0.0,0.0,0.0,-0.0,0.0,0.0,0.0,0.001953,-0.004944,0.0,0.000194,0.0,0.000065,0.0,-0.000065,0.0,-0.000194,0.0,0.0,0.0,0.007537,
0.0,4.587978,0.880809,-0.000066,0.0,1.570796,0.0,-0.000488,0.00222,0.0,0.0,0.0,-0.02173,-0.024171,0.001708,0.140195,-0.143092,0.024232,-0.09665,0.025331,0.005006,0.236135,-0.11175,-0.024599,-0.100383,0.174482,0.0,-0.065686,0.0,-0.0,0.0,-0.112859,-0.174482,0.0,-0.008484,0.0,0.0,0.0,-0.0,-0.0,0.0,0.0,0.0,0.0,-0.0,0.0,0.0,0.001953,-0.004944,0.0,0.000194,0.0,0.000065,0.0,-0.000065,0.0,-0.000194,0.0,0.0,0.0,0.007446,
0.0,4.587959,0.880859,-0.000066,0.0,1.570796,0.0,-0.001923,0.005005,0.0,0.0,0.0,-0.02173,-0.024171,0.001616,0.140195,-0.143197,0.024232,-0.095972,0.025331,0.005042,0.234937,-0.111273,-0.024599,-0.10009,0.174482,0.0,-0.065539,-0.0,-0.0,-0.0,-0.113061,-0.174482,0.0,-0.008484,-0.0,0.0,0.0,0.0,-0.0,0.0,0.0,-0.0,0.0,-0.0,-0.0,-0.0,0.001953,-0.004944,0.0,0.000194,0.0,0.000065,0.0,-0.000065,0.0,-0.000194,0.0,0.0,0.0,0.007372,
0.0,4.587939,0.880909,-0.000066,0.0,1.570796,0.0,-0.001923,0.005012,0.0,0.0,0.0,-0.02173,-0.024171,0.001525,0.140195,-0.143301,0.024232,-0.095294,0.025331,0.005079,0.233738,-0.110796,-0.024599,-0.099796,0.174482,0.0,-0.065393,0.0,0.0,0.0,-0.113262,-0.174482,0.0,-0.008484,0.0,0.0,0.0,0.0,0.0,-0.0,0.0,-0.0,0.0,-0.0,-0.0,-0.0,0.001953,-0.004944,0.0,0.000194,0.0,0.000065,0.0,-0.000065,0.0,-0.000194,0.0,0.0,0.0,0.007299,
0.0,4.58792,0.880959,-0.000066,0.0,1.570796,-0.0,-0.001923,0.005012,0.0,0.0,0.0,-0.02173,-0.024171,0.001433,0.140195,-0.143405,0.024232,-0.094615,0.025331,0.005115,0.23254,-0.110319,-0.024599,-0.099503,0.174482,0.0,-0.065246,0.0,0.0,0.0,-0.113464,-0.174482,-0.0,-0.008484,0.0,0.0,0.0,-0.0,0.0,0.0,0.0,-0.0,0.0,-0.0,0.0,-0.0,0.001953,-0.004944,0.0,0.000194,0.0,0.000065,0.0,-0.000065,0.0,-0.000194,0.0,0.0,0.0,0.007226,
0.0,4.587897,0.881005,-0.000066,0.0,1.570796,0.0,-0.00232,0.004577,0.0,0.0,0.0,-0.021767,-0.024171,0.001404,0.140195,-0.143388,0.024232,-0.094535,0.025331,0.005152,0.232457,-0.110428,-0.024599,-0.099284,0.174482,-0.0,-0.065137,-0.0,-0.0,0.0,-0.113579,-0.174482,0.0,-0.008484,0.0,0.0,0.0,0.0,-0.0,-0.0,0.0,0.0,0.0,-0.0,0.0,0.0,0.001953,-0.004944,0.0,0.000194,0.0,0.000065,0.0,-0.000065,0.0,-0.000194,0.0,0.0,0.0,0.007202,
0.0,4.587872,0.881049,-0.000066,0.0,1.570796,0.0,-0.002503,0.004371,0.0,0.0,0.0,-0.021822,-0.024171,0.001404,0.140195,-0.143314,0.024232,-0.094737,0.025331,0.005189,0.2329,-0.110814,-0.024599,-0.099101,0.174482,0.0,-0.065045,0.0,0.0,0.0,-0.113652,-0.174482,0.0,-0.008484,-0.0,0.0,0.0,0.0,0.0,0.0,0.0,0.0,0.0,0.0,0.0,0.0,0.001953,-0.004944,0.0,0.000194,0.0,0.000065,-0.0,-0.000065,0.0,-0.000194,0.0,0.0,0.0,0.007202,
0.0,4.587847,0.881093,-0.000066,0.0,1.570796,0.0,-0.002503,0.004379,0.0,0.0,0.0,-0.021877,-0.024171,0.001404,0.140195,-0.143241,0.024232,-0.094939,0.025331,0.005225,0.233342,-0.111199,-0.024599,-0.098918,0.174482,0.0,-0.064954,0.0,0.0,0.0,-0.113725,-0.174482,0.0,-0.008484,0.0,0.0,0.0,0.0,0.0,0.0,0.0,-0.0,0.0,-0.0,0.0,-0.0,0.001953,-0.004944,0.0,0.000194,0.0,0.000065,0.0,-0.000065,0.0,-0.000194,0.0,0.0,0.0,0.007202,
-0.0,4.587821,0.881129,-0.000066,0.0,1.570796,-0.0,-0.002594,0.003624,0.0,0.0,0.0,-0.021913,-0.024171,0.001404,0.140195,-0.143127,0.024232,-0.095147,0.025331,0.005249,0.233817,-0.111584,-0.024599,-0.098763,0.174482,0.0,-0.064894,0.0,0.0,0.0,-0.113735,-0.174482,0.0,-0.008484,-0.0,0.0,0.0,0.0,0.0,0.0,0.0,-0.0,0.0,0.0,0.0,0.0,0.001953,-0.004944,0.0,0.000194,0.0,0.000065,0.0,-0.000065,0.0,-0.000194,0.0,0.0,0.0,0.007202,
0.0,4.587792,0.881151,-0.000066,0.0,1.570796,0.0,-0.002838,0.002235,0.0,0.0,0.0,-0.021913,-0.024171,0.001404,0.140195,-0.142938,0.024232,-0.095367,0.025331,0.005249,0.234351,-0.111969,-0.024599,-0.098662,0.174482,-0.0,-0.064894,-0.0,0.0,-0.0,-0.113625,-0.174482,0.0,-0.008484,-0.0,0.0,0.0,0.0,0.0,-0.0,0.0,0.0,0.0,0.0,0.0,0.0,0.001953,-0.004944,0.0,0.000194,0.0,0.000065,0.0,-0.000065,0.0,-0.000194,0.0,0.0,0.0,0.007202,
0.0,4.587764,0.881174,-0.000066,0.0,1.570796,0.0,-0.002808,0.002228,0.0,0.0,0.0,-0.021913,-0.024171,0.001404,0.140195,-0.142748,0.024232,-0.095587,0.025331,0.005249,0.234886,-0.112354,-0.024599,-0.098561,0.174482,0.0,-0.064894,0.0,0.0,0.0,-0.113515,-0.174482,0.0,-0.008484,0.0,0.0,0.0,0.0,0.0,0.0,0.0,0.0,0.0,0.0,0.0,0.0,0.001953,-0.004944,0.0,0.000194,0.0,0.000065,0.0,-0.000065,0.0,-0.000194,0.0,0.0,0.0,0.007202,
0.0,4.587736,0.881196,-0.000066,0.0,1.570796,0.0,-0.002838,0.002228,0.0,0.0,0.0,-0.021913,-0.024171,0.001403,0.140195,-0.142558,0.024232,-0.095798,0.025331,0.005249,0.235403,-0.112731,-0.024599,-0.098461,0.174482,-0.0,-0.064892,-0.0,0.0,0.0,-0.113403,-0.174482,0.0,-0.008483,0.0,0.0,0.0,0.0,0.0,0.0,0.0,0.0,0.0,-0.0,0.0,-0.0,0.001953,-0.004944,0.0,0.000194,0.0,0.000065,0.0,-0.000065,0.0,-0.000194,0.0,0.0,0.0,0.007202,
0.0,4.587708,0.881218,-0.000066,0.0,1.570796,0.0,-0.002808,0.002228,0.0,0.0,0.0,-0.021913,-0.024171,0.001311,0.140195,-0.142368,0.024232,-0.095395,0.025331,0.005249,0.234647,-0.112544,-0.024599,-0.09836,0.174482,0.0,-0.064782,-0.0,0.0,0.0,-0.113146,-0.174482,0.0,-0.00841,0.0,0.0,0.0,0.0,0.0,0.0,0.0,-0.0,0.0,-0.0,0.0,-0.0,0.001953,-0.004944,0.0,0.000194,0.0,0.000065,0.0,-0.000065,0.0,-0.000194,0.0,0.0,0.0,0.007202,
-0.0,4.58768,0.88124,-0.000066,0.0,1.570796,-0.0,-0.002838,0.002228,0.0,0.0,0.0,-0.021913,-0.024171,0.001219,0.140195,-0.142179,0.024232,-0.094992,0.025331,0.005249,0.233891,-0.112357,-0.024599,-0.098259,0.174482,0.0,-0.064672,0.0,0.0,0.0,-0.112889,-0.174482,0.0,-0.008337,0.0,0.0,0.0,0.0,0.0,-0.0,0.0,0.0,0.0,0.0,0.0,0.0,0.001953,-0.004944,0.0,0.000194,0.0,0.000065,0.0,-0.000065,0.0,-0.000194,0.0,0.0,0.0,0.007202,
0.0,4.587652,0.881263,-0.000066,0.0,1.570796,0.0,-0.002808,0.002235,0.0,0.0,0.0,-0.021913,-0.024171,0.001128,0.140195,-0.141989,0.024232,-0.094588,0.025331,0.005249,0.233136,-0.11217,-0.024599,-0.098158,0.174482,0.0,-0.064562,0.0,0.0,0.0,-0.112633,-0.174482,0.0,-0.008263,0.0,0.0,0.0,0.0,0.0,0.0,0.0,0.0,0.0,0.0,0.0,0.0,0.001953,-0.004944,0.0,0.000194,0.0,0.000065,0.0,-0.000065,0.0,-0.000194,0.0,0.0,0.0,0.007202,
0.0,4.58762,0.881288,-0.000066,0.0,1.570796,0.0,-0.003143,0.002533,0.0,0.0,0.0,-0.021913,-0.024171,0.001099,0.140195,-0.141799,0.024232,-0.094272,0.025331,0.005249,0.232568,-0.111983,-0.024599,-0.098126,0.174482,-0.0,-0.064527,0.0,0.0,0.0,-0.112326,-0.174482,0.0,-0.00819,0.0,0.0,0.0,0.0,0.0,-0.0,0.0,0.0,0.0,0.0,0.0,0.0,0.001953,-0.004944,0.0,0.000194,0.0,0.000065,0.0,-0.000065,0.0,-0.000194,0.0,0.0,0.0,0.00714,
0.0,4.587588,0.881315,-0.000066,0.0,1.570796,0.0,-0.003235,0.002685,0.0,0.0,0.0,-0.021913,-0.024171,0.001099,0.140195,-0.14161,0.024232,-0.093997,0.025331,0.005249,0.232088,-0.111796,-0.024599,-0.098126,0.174482,-0.0,-0.064527,0.0,0.0,0.0,-0.111996,-0.174482,0.0,-0.008117,-0.0,0.0,0.0,-0.0,0.0,0.0,0.0,-0.0,0.0,0.0,-0.0,0.0,0.001953,-0.004944,0.0,0.000194,0.0,0.000065,0.0,-0.000065,0.0,-0.000194,0.0,0.0,0.0,0.007049,
0.0,4.587555,0.881342,-0.000066,0.0,1.570796,0.0,-0.003266,0.002685,0.0,0.0,0.0,-0.021913,-0.024171,0.001099,0.140195,-0.14142,0.024232,-0.093722,0.025331,0.005249,0.231609,-0.111609,-0.024599,-0.098126,0.174482,0.0,-0.064527,0.0,0.0,0.0,-0.111666,-0.174482,-0.0,-0.008044,0.0,0.0,0.0,0.0,0.0,-0.0,0.0,0.0,0.0,0.0,0.0,0.0,0.001953,-0.004944,0.0,0.000194,0.0,0.000065,0.0,-0.000065,0.0,-0.000194,0.0,0.0,0.0,0.006957,
-0.0,4.587521,0.88137,-0.000066,0.0,1.570796,-0.0,-0.003388,0.0028,0.0,0.0,0.0,-0.021913,-0.024171,0.001067,0.140195,-0.141169,0.024232,-0.093466,0.025331,0.005249,0.231149,-0.111422,-0.024599,-0.098126,0.174482,0.0,-0.064527,0.0,0.0,0.0,-0.111329,-0.174482,0.0,-0.007996,0.0,0.0,0.0,-0.0,0.0,-0.0,0.0,0.0,0.0,-0.0,0.0,0.0,0.001953,-0.004944,0.0,0.000194,0.0,0.000065,0.0,-0.000065,0.0,-0.000194,0.0,0.0,0.0,0.006846,
0.0,4.587485,0.8814,-0.000066,0.0,1.570796,0.0,-0.003662,0.003006,0.0,0.0,0.0,-0.021913,-0.024171,0.000975,0.140195,-0.140802,0.024232,-0.093247,0.025331,0.005249,0.230725,-0.111235,-0.024599,-0.098126,0.174482,0.0,-0.064527,-0.0,0.0,0.0,-0.110981,-0.174482,0.0,-0.007996,0.0,0.0,0.0,0.0,0.0,0.0,0.0,-0.0,0.0,0.0,0.0,-0.0,0.001953,-0.004944,0.0,0.000194,0.0,0.000065,0.0,-0.000065,0.0,-0.000194,0.0,0.0,0.0,0.0067,
0.0,4.587448,0.88143,-0.000066,0.0,1.570796,-0.0,-0.003632,0.003013,0.0,0.0,0.0,-0.021913,-0.024171,0.000884,0.140195,-0.140434,0.024232,-0.093027,0.025331,0.005249,0.230301,-0.111048,-0.024599,-0.098126,0.174482,-0.0,-0.064527,0.0,0.0,0.0,-0.110632,-0.174482,0.0,-0.007996,0.0,0.0,0.0,-0.0,0.0,-0.0,0.0,0.0,-0.0,0.0,0.0,-0.0,0.001953,-0.004944,0.0,0.000194,0.0,0.000065,0.0,-0.000065,0.0,-0.000194,0.0,-0.0,0.0,0.006553,
0.0,4.587412,0.88146,-0.000066,0.0,1.570796,0.0,-0.003632,0.003006,0.0,0.0,0.0,-0.021913,-0.024171,0.000793,0.140195,-0.140064,0.024232,-0.092807,0.025331,0.005249,0.229878,-0.110861,-0.024599,-0.098126,0.174482,0.0,-0.064527,-0.0,-0.0,-0.0,-0.110284,-0.174482,-0.0,-0.007996,0.0,0.0,0.0,0.0,-0.0,0.0,0.0,-0.0,0.0,0.0,-0.0,0.0,0.001953,-0.004944,0.0,0.000194,0.0,0.000065,0.0,-0.000065,0.0,-0.000194,0.0,0.0,0.0,0.006408,
-0.0,4.587376,0.88149,-0.000066,0.0,1.570796,-0.0,-0.003632,0.003013,0.0,0.0,0.0,-0.021913,-0.024171,0.000782,0.140195,-0.139477,0.024232,-0.092642,0.025331,0.005249,0.229547,-0.110674,-0.024599,-0.098126,0.174482,-0.0,-0.064527,0.0,0.0,0.0,-0.109936,-0.174482,0.0,-0.007996,-0.0,0.0,0.0,0.0,0.0,0.0,0.0,0.0,0.0,0.0,0.0,0.0,0.001953,-0.004944,0.0,0.000194,0.0,0.000065,0.0,-0.000065,0.0,-0.000194,0.0,0.0,0.0,0.006335,
0.0,4.587339,0.88152,-0.000066,0.0,1.570796,0.0,-0.003662,0.003006,0.0,0.0,0.0,-0.021913,-0.024171,0.000771,0.140195,-0.13889,0.024232,-0.092477,0.025331,0.005249,0.229215,-0.110487,-0.024599,-0.098126,0.174482,-0.0,-0.064527,0.0,0.0,0.0,-0.109587,-0.174482,0.0,-0.007996,0.0,0.0,0.0,-0.0,0.0,0.0,0.0,0.0,0.0,0.0,-0.0,0.0,0.001953,-0.004944,0.0,0.000194,0.0,0.000065,0.0,-0.000065,0.0,-0.000194,0.0,-0.0,0.0,0.006261,
0.0,4.587303,0.88155,-0.000066,0.0,1.570796,0.0,-0.003632,0.003013,0.0,0.0,0.0,-0.021913,-0.024171,0.00076,0.140195,-0.138302,0.024232,-0.092312,0.025331,0.005249,0.228883,-0.1103,-0.024599,-0.098126,0.174482,-0.0,-0.064527,-0.0,0.0,0.0,-0.109239,-0.174482,0.0,-0.007996,0.0,0.0,0.0,0.0,0.0,0.0,0.0,0.0,0.0,0.0,-0.0,-0.0,0.001953,-0.004944,0.0,0.000194,0.0,0.000065,0.0,-0.000065,0.0,-0.000194,0.0,-0.0,0.0,0.006188,
0.0,4.587262,0.881573,-0.000066,0.0,1.570796,0.0,-0.00412,0.002311,0.0,0.0,0.0,-0.021913,-0.024171,0.000749,0.140195,-0.137715,0.024232,-0.092172,0.025331,0.005249,0.228589,-0.110113,-0.024599,-0.098176,0.174482,0.0,-0.064527,0.0,0.0,0.0,-0.108965,-0.174482,0.0,-0.007996,0.0,0.0,0.0,-0.0,0.0,-0.0,0.0,0.0,0.0,0.0,0.0,0.0,0.001953,-0.004944,0.0,0.000194,0.0,0.000065,0.0,-0.000065,0.0,-0.000194,0.0,0.0,0.0,0.006165,
-0.0,4.587219,0.881593,-0.000066,0.0,1.570796,-0.0,-0.004303,0.001983,0.0,0.0,0.0,-0.021913,-0.024171,0.000738,0.140195,-0.137127,0.024232,-0.092044,0.025331,0.005249,0.228312,-0.109925,-0.024599,-0.098249,0.174482,0.0,-0.064527,-0.0,0.0,0.0,-0.108727,-0.174482,0.0,-0.007996,0.0,0.0,0.0,0.0,0.0,-0.0,-0.0,0.0,-0.0,-0.0,0.0,0.0,0.001953,-0.004944,0.0,0.000194,0.0,0.000065,0.0,-0.000065,0.0,-0.000194,0.0,0.0,0.0,0.006165,
0.0,4.587175,0.881613,-0.000066,0.0,1.570796,0.0,-0.004334,0.001976,0.0,0.0,0.0,-0.021913,-0.024171,0.000727,0.140195,-0.13654,0.024232,-0.091916,0.025331,0.005249,0.228036,-0.109738,-0.024599,-0.098322,0.174482,0.0,-0.064527,0.0,0.0,0.0,-0.108488,-0.174482,0.0,-0.007996,0.0,0.0,0.0,0.0,0.0,-0.0,0.0,-0.0,0.0,0.0,0.0,-0.0,0.001953,-0.004944,0.0,0.000194,0.0,0.000065,0.0,-0.000065,0.0,-0.000194,0.0,0.0,0.0,0.006165,
0.0,4.587127,0.881629,-0.000066,0.0,1.570796,0.0,-0.004791,0.001602,0.0,0.0,0.0,-0.02197,-0.024171,0.000716,0.140195,-0.135997,0.024232,-0.091832,0.025331,0.005249,0.227855,-0.109591,-0.024599,-0.098421,0.174482,0.0,-0.064578,0.0,0.0,0.0,-0.108294,-0.174482,0.0,-0.007996,0.0,0.0,0.0,0.0,0.0,-0.0,0.0,-0.0,0.0,0.0,0.0,0.0,0.001953,-0.004944,0.0,0.000194,0.0,0.000065,0.0,-0.000065,0.0,-0.000194,0.0,0.0,0.0,0.006216,
0.0,4.587071,0.881638,-0.000066,0.0,1.570796,0.0,-0.005615,0.000877,0.0,0.0,0.0,-0.022135,-0.024171,0.000705,0.140195,-0.135538,0.024232,-0.091832,0.025331,0.005249,0.227855,-0.109517,-0.024599,-0.098568,0.174482,0.0,-0.064725,-0.0,-0.0,-0.0,-0.108184,-0.174482,0.0,-0.007996,0.0,0.0,0.0,0.0,-0.0,0.0,0.0,-0.0,0.0,0.0,0.0,0.0,0.001953,-0.004944,0.0,0.000194,0.0,0.000065,0.0,-0.000065,0.0,-0.000194,0.0,0.0,0.0,0.006362,
0.0,4.587015,0.881647,-0.000066,0.0,1.570796,0.0,-0.005615,0.000877,0.0,0.0,0.0,-0.0223,-0.024171,0.000694,0.140195,-0.13508,0.024232,-0.091832,0.025331,0.005249,0.227855,-0.109444,-0.024599,-0.098715,0.174482,0.0,-0.064871,-0.0,0.0,0.0,-0.108074,-0.174482,0.0,-0.007996,-0.0,0.0,0.0,0.0,0.0,-0.0,0.0,-0.0,0.0,0.0,0.0,-0.0,0.001953,-0.004944,0.0,0.000194,0.0,0.000065,0.0,-0.000065,0.0,-0.000194,0.0,0.0,0.0,0.006509,
0.0,4.586958,0.881655,-0.000066,0.0,1.570796,0.0,-0.005646,0.000831,0.0,0.0,0.0,-0.022464,-0.024171,0.000683,0.140195,-0.134626,0.024232,-0.091832,0.025331,0.005249,0.227857,-0.109373,-0.024599,-0.098863,0.174482,0.0,-0.065018,0.0,0.0,0.0,-0.107966,-0.174482,0.0,-0.007997,0.0,0.0,0.0,0.0,0.0,0.0,0.0,0.0,0.0,0.0,0.0,-0.0,0.001953,-0.004944,0.0,0.000194,0.0,0.000065,0.0,-0.000065,0.0,-0.000194,0.0,0.0,0.0,0.006654,
0.0,4.5869,0.881635,-0.000066,0.0,1.570796,0.0,-0.005859,-0.002022,0.0,0.0,0.0,-0.022629,-0.024171,0.000672,0.140195,-0.134534,0.024232,-0.091832,0.025331,0.005249,0.227986,-0.109483,-0.024599,-0.099119,0.174482,0.0,-0.065164,0.0,0.0,0.0,-0.107966,-0.174482,0.0,-0.008107,0.0,0.0,0.0,0.0,0.0,-0.0,0.0,-0.0,0.0,-0.0,0.0,-0.0,0.001953,-0.004944,0.0,0.000194,0.0,0.000065,0.0,-0.000065,0.0,-0.000194,0.0,0.0,0.0,0.006709,
0.0,4.586841,0.881614,-0.000066,0.0,1.570796,0.0,-0.005859,-0.002022,0.0,0.0,0.0,-0.022794,-0.024171,0.000661,0.140195,-0.134442,0.024232,-0.091832,0.025331,0.005249,0.228115,-0.109593,-0.024599,-0.099376,0.174482,0.0,-0.065311,0.0,0.0,0.0,-0.107966,-0.174482,-0.0,-0.008217,0.0,0.0,0.0,0.0,0.0,-0.0,0.0,-0.0,0.0,0.0,0.0,-0.0,0.001953,-0.004944,0.0,0.000194,0.0,0.000065,0.0,-0.000065,0.0,-0.000194,0.0,0.0,0.0,0.006764,
0.0,4.586782,0.881594,-0.000066,0.0,1.570796,0.0,-0.00589,-0.002022,0.0,0.0,0.0,-0.022959,-0.024171,0.00065,0.140195,-0.134351,0.024232,-0.091832,0.025331,0.005249,0.228244,-0.109703,-0.024599,-0.099633,0.174482,-0.0,-0.065458,-0.0,0.0,0.0,-0.107966,-0.174482,0.0,-0.008327,0.0,0.0,0.0,0.0,0.0,0.0,0.0,0.0,0.0,0.0,0.0,0.0,0.001953,-0.004944,0.0,0.000194,0.0,0.000065,0.0,-0.000065,0.0,-0.000194,0.0,-0.0,0.0,0.006819,
0.0,4.586714,0.881574,-0.000066,0.0,1.570796,-0.0,-0.006836,-0.001992,0.0,0.0,0.0,-0.023086,-0.024171,0.00064,0.140245,-0.134634,0.024232,-0.091408,0.025331,0.005249,0.227345,-0.109333,-0.024599,-0.099939,0.174482,-0.0,-0.065629,-0.0,0.0,0.0,-0.107903,-0.174482,0.0,-0.008362,0.0,0.0,0.0,0.0,0.0,0.0,0.0,0.0,0.0,0.0,0.0,0.0,0.001953,-0.004944,0.0,0.000194,0.0,0.000065,0.0,-0.000065,0.0,-0.000194,0.0,-0.0,0.0,0.006836,
0.0,4.586641,0.881555,-0.000066,0.0,1.570796,0.0,-0.007324,-0.001976,0.0,0.0,0.0,-0.023196,-0.024171,0.000629,0.140318,-0.135093,0.024232,-0.090784,0.025331,0.005249,0.225962,-0.108737,-0.024599,-0.100269,0.174482,0.0,-0.065812,-0.0,0.0,0.0,-0.107812,-0.174482,0.0,-0.008362,0.0,0.0,0.0,0.0,0.0,-0.0,0.0,-0.0,0.0,-0.0,0.0,-0.0,0.001953,-0.004944,0.0,0.000194,0.0,0.000065,0.0,-0.000065,0.0,-0.000194,0.0,-0.0,0.0,0.006836,
0.0,4.586567,0.881535,-0.000066,0.0,1.570796,0.0,-0.007324,-0.001976,0.0,0.0,0.0,-0.023306,-0.024171,0.000618,0.140392,-0.135551,0.024232,-0.090161,0.025331,0.005249,0.22458,-0.108141,-0.024599,-0.100599,0.174482,0.0,-0.065996,0.0,0.0,0.0,-0.10772,-0.174482,0.0,-0.008362,0.0,0.0,0.0,0.0,0.0,0.0,0.0,0.0,0.0,0.0,0.0,0.0,0.001953,-0.004944,0.0,0.000194,0.0,0.000065,0.0,-0.000065,0.0,-0.000194,0.0,-0.0,0.0,0.006836,
0.0,4.586487,0.881521,-0.000066,0.0,1.570796,-0.0,-0.008026,-0.001397,0.0,0.0,0.0,-0.023419,-0.024171,0.000572,0.140439,-0.13601,0.024232,-0.0895,0.025331,0.005268,0.223147,-0.107545,-0.024599,-0.100917,0.174482,0.0,-0.066185,0.0,0.0,0.0,-0.10766,-0.174482,0.0,-0.008362,0.0,0.0,0.0,0.0,0.0,0.0,0.0,0.0,0.0,0.0,0.0,0.0,0.001953,-0.004944,0.0,0.000194,0.0,0.000065,0.0,-0.000065,0.0,-0.000194,0.0,0.0,0.0,0.006779,
0.0,4.586395,0.881518,-0.000066,0.0,1.570796,0.0,-0.009247,-0.000298,0.0,0.0,0.0,-0.023538,-0.024171,0.000462,0.140439,-0.136469,0.024232,-0.088767,0.025331,0.005323,0.221618,-0.106949,-0.024599,-0.10121,0.174482,0.0,-0.066387,-0.0,0.0,0.0,-0.10766,-0.174482,0.0,-0.008362,0.0,0.0,0.0,0.0,0.0,-0.0,-0.0,0.0,0.0,0.0,0.0,0.0,0.001953,-0.004944,0.0,0.000194,0.0,0.000065,0.0,-0.000065,0.0,-0.000194,0.0,0.0,0.0,0.006614,
0.0,4.586302,0.881515,-0.000066,0.0,1.570796,0.0,-0.009277,-0.000306,0.0,0.0,0.0,-0.023657,-0.024171,0.000352,0.140439,-0.136928,0.024232,-0.088033,0.025331,0.005378,0.220089,-0.106353,-0.024599,-0.101503,0.174482,0.0,-0.066588,-0.0,0.0,0.0,-0.10766,-0.174482,0.0,-0.008362,0.0,0.0,0.0,0.0,0.0,0.0,-0.0,-0.0,0.0,0.0,0.0,0.0,0.001953,-0.004944,0.0,0.000194,0.0,0.000065,-0.0,-0.000065,0.0,-0.000194,0.0,0.0,0.0,0.006449,
0.0,4.586209,0.881512,-0.000066,0.0,1.570796,0.0,-0.009277,-0.000298,0.0,0.0,0.0,-0.023776,-0.024171,0.000244,0.140439,-0.13738,0.024232,-0.08731,0.025331,0.005432,0.218577,-0.105767,-0.024599,-0.101794,0.174482,0.0,-0.066788,0.0,0.0,0.0,-0.107658,-0.174482,0.0,-0.00836,0.0,0.0,0.0,0.0,0.0,0.0,0.0,-0.0,0.0,-0.0,0.0,0.0,0.001953,-0.004944,0.0,0.000194,0.0,0.000065,0.0,-0.000065,0.0,-0.000194,0.0,-0.0,0.0,0.006286,
0.0,4.586116,0.881509,-0.000066,0.0,1.570796,0.0,-0.009277,-0.000306,0.0,0.0,0.0,-0.023895,-0.024171,0.000244,0.140439,-0.13738,0.024232,-0.087236,0.025331,0.005432,0.218301,-0.105858,-0.024599,-0.101904,0.174482,-0.0,-0.06688,0.0,0.0,0.0,-0.107493,-0.174482,0.0,-0.008232,0.0,0.0,0.0,-0.0,0.0,0.0,0.0,-0.0,0.0,-0.0,0.0,-0.0,0.001953,-0.004944,0.0,0.000194,0.0,0.000065,-0.0,-0.000065,0.0,-0.000194,0.0,-0.0,0.0,0.006213,
0.0,4.586024,0.881506,-0.000066,0.0,1.570796,0.0,-0.009247,-0.000298,0.0,0.0,0.0,-0.024014,-0.024171,0.000244,0.140439,-0.13738,0.024232,-0.087163,0.025331,0.005432,0.218025,-0.10595,-0.024599,-0.102014,0.174482,0.0,-0.066971,0.0,0.0,0.0,-0.107328,-0.174482,0.0,-0.008104,-0.0,0.0,0.0,0.0,0.0,0.0,0.0,0.0,-0.0,0.0,0.0,-0.0,0.001953,-0.004944,0.0,0.000194,0.0,0.000065,-0.0,-0.000065,0.0,-0.000194,0.0,-0.0,0.0,0.006139,
0.0,4.585931,0.881503,-0.000066,0.0,1.570796,0.0,-0.009277,-0.000298,0.0,0.0,0.0,-0.024133,-0.024171,0.000244,0.140439,-0.13738,0.024232,-0.08709,0.025331,0.005432,0.217748,-0.106042,-0.024599,-0.102124,0.174482,0.0,-0.067063,0.0,0.0,0.0,-0.107163,-0.174482,0.0,-0.007976,0.0,0.0,0.0,0.0,0.0,-0.0,0.0,0.0,0.0,0.0,0.0,0.0,0.001953,-0.004944,0.0,0.000194,0.0,0.000065,0.0,-0.000065,0.0,-0.000194,0.0,-0.0,0.0,0.006066,
0.0,4.58585,0.8815,-0.000066,0.0,1.570796,0.0,-0.008118,-0.000306,0.0,0.0,0.0,-0.024283,-0.024171,0.000244,0.140439,-0.13718,0.024232,-0.086979,0.025331,0.005432,0.217434,-0.106133,-0.024599,-0.102084,0.174482,-0.0,-0.067092,0.0,0.0,0.0,-0.10696,-0.174482,-0.0,-0.007885,0.0,0.0,0.0,-0.0,0.0,0.0,0.0,-0.0,0.0,0.0,0.0,-0.0,0.001953,-0.004944,0.0,0.000194,0.0,0.000065,0.0,-0.000065,0.0,-0.000194,0.0,-0.0,0.0,0.006043,
0.0,4.585774,0.881497,-0.000066,0.0,1.570796,0.0,-0.007568,-0.000298,0.0,0.0,0.0,-0.024448,-0.024171,0.000244,0.140439,-0.136887,0.024232,-0.086851,0.025331,0.005432,0.217103,-0.106225,-0.024599,-0.101974,0.174482,0.0,-0.067092,0.0,0.0,0.0,-0.10674,-0.174482,0.0,-0.007812,-0.0,0.0,0.0,-0.0,0.0,0.0,0.0,0.0,0.0,0.0,0.0,0.0,0.001953,-0.004944,0.0,0.000194,0.0,0.000065,0.0,-0.000065,0.0,-0.000194,0.0,-0.0,0.0,0.006043,
0.0,4.585699,0.881494,-0.000066,0.0,1.570796,0.0,-0.007538,-0.000298,0.0,0.0,0.0,-0.024613,-0.024171,0.000244,0.140439,-0.136593,0.024232,-0.086722,0.025331,0.005432,0.216771,-0.106317,-0.024599,-0.101864,0.174482,0.0,-0.067092,0.0,0.0,0.0,-0.10652,-0.174482,0.0,-0.007738,0.0,0.0,0.0,0.0,0.0,-0.0,0.0,-0.0,0.0,0.0,0.0,0.0,0.001953,-0.004944,0.0,0.000194,0.0,0.000065,0.0,-0.000065,0.0,-0.000194,0.0,-0.0,0.0,0.006043,
0.0,4.585632,0.881488,-0.000066,0.0,1.570796,0.0,-0.006683,-0.000542,0.0,0.0,0.0,-0.024759,-0.024171,0.000244,0.140439,-0.136338,0.024232,-0.086683,0.025331,0.005432,0.216625,-0.106504,-0.024599,-0.101678,0.174482,-0.0,-0.067022,-0.0,0.0,-0.0,-0.106287,-0.174482,0.0,-0.007691,0.0,0.0,0.0,0.0,0.0,-0.0,0.0,-0.0,0.0,0.0,-0.0,0.0,0.001953,-0.004944,0.0,0.000194,0.0,0.000065,0.0,-0.000065,0.0,-0.000194,0.0,-0.0,0.0,0.006043,
0.0,4.585582,0.881478,-0.000066,0.0,1.570796,0.0,-0.004974,-0.000992,0.0,0.0,0.0,-0.024869,-0.024171,0.000244,0.140439,-0.136154,0.024232,-0.086812,0.025331,0.005432,0.216828,-0.106871,-0.024599,-0.101348,0.174482,0.0,-0.066821,-0.0,0.0,0.0,-0.106031,-0.174482,0.0,-0.007691,0.0,0.0,0.0,0.0,0.0,-0.0,0.0,-0.0,-0.0,-0.0,0.0,-0.0,0.001953,-0.004944,0.0,0.000194,0.0,0.000065,0.0,-0.000065,0.0,-0.000194,0.0,-0.0,0.0,0.006043,
0.0,4.585533,0.881469,-0.000066,0.0,1.570796,0.0,-0.004944,-0.000985,0.0,0.0,0.0,-0.024979,-0.024171,0.000244,0.140439,-0.13597,0.024232,-0.08694,0.025331,0.005432,0.217031,-0.107238,-0.024599,-0.101018,0.174482,0.0,-0.066619,0.0,0.0,0.0,-0.105774,-0.174482,-0.0,-0.007691,0.0,0.0,0.0,-0.0,0.0,0.0,0.0,-0.0,0.0,-0.0,0.0,-0.0,0.001953,-0.004944,0.0,0.000194,0.0,0.000065,0.0,-0.000065,0.0,-0.000194,0.0,-0.0,0.0,0.006043,
-0.0,4.585483,0.881459,-0.000066,0.0,1.570796,-0.0,-0.004974,-0.000992,0.0,0.0,0.0,-0.025088,-0.024171,0.000244,0.140439,-0.135791,0.024232,-0.08706,0.025331,0.005432,0.217219,-0.107599,-0.024599,-0.100688,0.174482,-0.0,-0.066418,0.0,0.0,0.0,-0.105516,-0.174482,0.0,-0.007692,0.0,0.0,0.0,0.0,0.0,0.0,0.0,0.0,0.0,0.0,0.0,-0.0,0.001953,-0.004944,0.0,0.000194,0.0,0.000065,-0.0,-0.000065,0.0,-0.000194,0.0,0.0,0.0,0.006041,
0.0,4.585452,0.881446,-0.000066,0.0,1.570796,0.0,-0.003174,-0.001297,0.0,0.0,0.0,-0.025161,-0.024171,0.000244,0.140439,-0.135901,0.024232,-0.086601,0.025331,0.005432,0.216408,-0.107599,-0.024599,-0.100407,0.174482,-0.0,-0.066272,0.0,0.0,0.0,-0.105186,-0.174482,0.0,-0.007802,0.0,0.0,0.0,-0.0,0.0,-0.0,0.0,0.0,0.0,0.0,0.0,0.0,0.001953,-0.004944,0.0,0.000194,0.0,0.000065,0.0,-0.000065,0.0,-0.000194,0.0,0.0,0.0,0.005913,
0.0,4.58542,0.881433,-0.000066,0.0,1.570796,-0.0,-0.003174,-0.00129,0.0,0.0,0.0,-0.025234,-0.024171,0.000244,0.140439,-0.136011,0.024232,-0.086143,0.025331,0.005432,0.215598,-0.107599,-0.024599,-0.100126,0.174482,-0.0,-0.066125,0.0,0.0,0.0,-0.104856,-0.174482,0.0,-0.007912,0.0,0.0,0.0,0.0,0.0,-0.0,0.0,-0.0,0.0,0.0,0.0,0.0,0.001953,-0.004944,0.0,0.000194,0.0,0.000065,0.0,-0.000065,0.0,-0.000194,0.0,0.0,0.0,0.005784,
0.0,4.585388,0.88142,-0.000066,0.0,1.570796,0.0,-0.003174,-0.001297,0.0,0.0,0.0,-0.025308,-0.024171,0.000244,0.140439,-0.136122,0.024232,-0.085685,0.025331,0.005432,0.214787,-0.107599,-0.024599,-0.099845,0.174482,0.0,-0.065979,0.0,0.0,0.0,-0.104526,-0.174482,0.0,-0.008022,0.0,0.0,0.0,-0.0,0.0,-0.0,0.0,-0.0,0.0,-0.0,0.0,-0.0,0.001953,-0.004944,0.0,0.000194,0.0,0.000065,0.0,-0.000065,0.0,-0.000194,0.0,0.0,0.0,0.005656,
0.0,4.585365,0.881413,-0.000066,0.0,1.570796,-0.0,-0.00235,-0.000702,0.0,0.0,0.0,-0.025331,-0.024171,0.000244,0.140439,-0.136375,0.024232,-0.085027,0.025331,0.005432,0.213563,-0.107324,-0.024599,-0.099564,0.174482,0.0,-0.065832,0.0,0.0,0.0,-0.104183,-0.174482,0.0,-0.008094,0.0,0.0,0.0,-0.0,0.0,-0.0,0.0,0.0,0.0,-0.0,0.0,0.0,0.001953,-0.004944,0.0,0.000194,0.0,0.000065,0.0,-0.000065,0.0,-0.000194,0.0,0.0,0.0,0.005541,
0.0,4.585345,0.881409,-0.000066,0.0,1.570796,0.0,-0.001984,-0.000427,0.0,0.0,0.0,-0.025331,-0.024171,0.000244,0.140439,-0.136697,0.024232,-0.084276,0.025331,0.005432,0.212145,-0.106921,-0.024599,-0.099283,0.174482,0.0,-0.065685,0.0,0.0,0.0,-0.103835,-0.174482,0.0,-0.008149,0.0,0.0,0.0,-0.0,0.0,-0.0,0.0,-0.0,-0.0,-0.0,0.0,0.0,0.001953,-0.004944,0.0,0.000194,0.0,0.000065,0.0,-0.000065,0.0,-0.000194,0.0,-0.0,0.0,0.005431,
-0.0,4.585325,0.881404,-0.000066,0.0,1.570796,-0.0,-0.002014,-0.000427,0.0,0.0,0.0,-0.025331,-0.024171,0.000244,0.140439,-0.137018,0.024232,-0.083524,0.025331,0.005432,0.210727,-0.106517,-0.024599,-0.099002,0.174482,-0.0,-0.065539,0.0,0.0,0.0,-0.103487,-0.174482,0.0,-0.008204,0.0,0.0,0.0,0.0,0.0,0.0,0.0,-0.0,0.0,0.0,0.0,0.0,0.001953,-0.004944,0.0,0.000194,0.0,0.000065,-0.0,-0.000065,0.0,-0.000194,0.0,0.0,0.0,0.005321,
0.0,4.585307,0.881405,-0.000066,0.0,1.570796,0.0,-0.00177,0.000084,0.0,0.0,0.0,-0.025331,-0.024171,0.000219,0.140439,-0.137339,0.024232,-0.082868,0.025331,0.005432,0.20945,-0.106165,-0.024599,-0.098721,0.174482,0.0,-0.065411,-0.0,0.0,0.0,-0.103145,-0.174482,-0.0,-0.00824,0.0,0.0,0.0,0.0,0.0,0.0,0.0,0.0,0.0,-0.0,0.0,0.0,0.001953,-0.004944,0.0,0.000194,0.0,0.000065,0.0,-0.000065,0.0,-0.000194,0.0,-0.0,0.0,0.005211,
0.0,4.585293,0.881416,-0.000066,0.0,1.570796,0.0,-0.001404,0.001045,0.0,0.0,0.0,-0.025331,-0.024171,0.000145,0.140439,-0.13766,0.024232,-0.082392,0.025331,0.005432,0.208438,-0.105908,-0.024599,-0.09844,0.174482,0.0,-0.06532,-0.0,-0.0,0.0,-0.102815,-0.174482,0.0,-0.00824,-0.0,0.0,0.0,0.0,-0.0,-0.0,0.0,-0.0,0.0,0.0,0.0,0.0,0.001953,-0.004944,0.0,0.000194,0.0,0.000065,0.0,-0.000065,0.0,-0.000194,0.0,-0.0,0.0,0.005101,
0.0,4.585279,0.881426,-0.000066,0.0,1.570796,0.0,-0.001404,0.001053,0.0,0.0,0.0,-0.025331,-0.024171,0.000072,0.140439,-0.137982,0.024232,-0.081915,0.025331,0.005432,0.207425,-0.105652,-0.024599,-0.098158,0.174482,-0.0,-0.065228,0.0,0.0,0.0,-0.102485,-0.174482,0.0,-0.00824,0.0,0.0,0.0,0.0,0.0,-0.0,0.0,-0.0,0.0,-0.0,0.0,-0.0,0.001953,-0.004944,0.0,0.000194,-0.0,0.000065,0.0,-0.000065,0.0,-0.000194,0.0,0.0,0.0,0.004991,
0.0,4.585265,0.881437,-0.000066,0.0,1.570796,0.0,-0.001404,0.001045,0.0,0.0,0.0,-0.025331,-0.024171,0.0,0.140439,-0.138299,0.024232,-0.081443,0.025331,0.005432,0.20642,-0.105397,-0.024599,-0.097878,0.174482,0.0,-0.065137,-0.0,0.0,0.0,-0.102157,-0.174482,0.0,-0.00824,0.0,0.0,0.0,0.0,0.0,0.0,0.0,-0.0,0.0,-0.0,0.0,-0.0,0.001953,-0.004944,0.0,0.000194,0.0,0.000065,0.0,-0.000065,0.0,-0.000194,0.0,-0.0,0.0,0.004882,
0.0,4.585258,0.881447,-0.000066,0.0,1.570796,-0.0,-0.000671,0.001007,0.0,0.0,0.0,-0.025331,-0.024171,0.0,0.140439,-0.138391,0.024232,-0.081241,0.025331,0.005432,0.20596,-0.10525,-0.024599,-0.097677,0.174482,0.0,-0.065064,0.0,0.0,0.0,-0.101992,-0.174482,0.0,-0.00824,0.0,0.0,0.0,0.0,0.0,0.0,0.0,-0.0,0.0,0.0,0.0,0.0,0.001953,-0.004944,0.0,0.000194,-0.0,0.000065,0.0,-0.000065,0.0,-0.000194,0.0,0.0,0.0,0.004809,
0.0,4.585251,0.881457,-0.000066,0.0,1.570796,0.0,-0.000671,0.001007,0.0,0.0,0.0,-0.025331,-0.024171,0.0,0.140439,-0.138483,0.024232,-0.08104,0.025331,0.005432,0.2055,-0.105103,-0.024599,-0.097475,0.174482,0.0,-0.06499,0.0,0.0,0.0,-0.101827,-0.174482,0.0,-0.00824,0.0,0.0,0.0,0.0,0.0,-0.0,0.0,-0.0,0.0,-0.0,0.0,0.0,0.001953,-0.004944,0.0,0.000194,-0.0,0.000065,0.0,-0.000065,0.0,-0.000194,0.0,0.0,0.0,0.004735,
0.0,4.585245,0.881467,-0.000066,0.0,1.570796,0.0,-0.000641,0.001007,0.0,0.0,0.0,-0.025331,-0.024171,0.0,0.140439,-0.138575,0.024232,-0.080838,0.025331,0.005432,0.20504,-0.104956,-0.024599,-0.097273,0.174482,-0.0,-0.064917,0.0,0.0,0.0,-0.101662,-0.174482,-0.0,-0.00824,0.0,0.0,0.0,0.0,0.0,-0.0,0.0,0.0,0.0,0.0,0.0,-0.0,0.001953,-0.004944,0.0,0.000194,0.0,0.000065,0.0,-0.000065,0.0,-0.000194,0.0,0.0,0.0,0.004662,
0.0,4.585246,0.881477,-0.000066,0.0,1.570796,0.0,0.000061,0.000984,0.0,0.0,0.0,-0.025281,-0.024171,-0.0,0.140439,-0.138604,0.024232,-0.080687,0.025331,0.005432,0.204693,-0.10491,-0.024599,-0.097084,0.174482,0.0,-0.064894,-0.0,0.0,0.0,-0.101609,-0.174482,-0.0,-0.00824,0.0,0.0,0.0,0.0,0.0,-0.0,0.0,-0.0,0.0,-0.0,0.0,-0.0,0.001953,-0.004944,0.0,0.000194,0.0,0.000065,0.0,-0.000065,0.0,-0.000194,0.0,0.0,0.0,0.004576,
0.0,4.585249,0.881486,-0.000066,0.0,1.570796,0.0,0.000397,0.000969,0.0,0.0,0.0,-0.025208,-0.024171,-0.0,0.140439,-0.138604,0.024232,-0.080558,0.025331,0.005432,0.204398,-0.10491,-0.024599,-0.096901,0.174482,0.0,-0.064894,-0.0,0.0,0.0,-0.101609,-0.174482,0.0,-0.00824,0.0,0.0,0.0,0.0,0.0,0.0,0.0,0.0,0.0,0.0,0.0,0.0,0.001953,-0.004944,0.0,0.000194,0.0,0.000065,0.0,-0.000065,0.0,-0.000194,0.0,0.0,0.0,0.004485,
0.0,4.585254,0.881496,-0.000066,0.0,1.570796,0.0,0.000397,0.000977,0.0,0.0,0.0,-0.025135,-0.024171,0.0,0.140439,-0.138604,0.024232,-0.08043,0.025331,0.005432,0.204104,-0.10491,-0.024599,-0.096718,0.174482,0.0,-0.064894,-0.0,0.0,0.0,-0.101609,-0.174482,-0.0,-0.00824,0.0,0.0,0.0,0.0,0.0,-0.0,0.0,0.0,0.0,-0.0,0.0,-0.0,0.001953,-0.004944,0.0,0.000194,0.0,0.000065,0.0,-0.000065,0.0,-0.000194,0.0,0.0,0.0,0.004393,
0.0,4.585262,0.881506,-0.000066,0.0,1.570796,-0.0,0.000824,0.000984,0.0,0.0,0.0,-0.025087,-0.024171,-0.000032,0.140459,-0.138706,0.024232,-0.080276,0.025331,0.005432,0.203764,-0.10491,-0.024599,-0.096553,0.174482,0.0,-0.064862,0.0,0.0,0.0,-0.10168,-0.174482,0.0,-0.00824,0.0,0.0,0.0,0.0,0.0,-0.0,0.0,0.0,0.0,0.0,0.0,-0.0,0.001953,-0.004944,0.0,0.000194,0.0,0.000065,0.0,-0.000065,0.0,-0.000194,0.0,0.0,0.0,0.004283,
-0.0,4.585278,0.881516,-0.000066,0.0,1.570796,-0.0,0.001648,0.001007,0.0,0.0,0.0,-0.025087,-0.024171,-0.000123,0.140514,-0.139,0.024232,-0.080075,0.025331,0.005432,0.203341,-0.10491,-0.024599,-0.096425,0.174482,0.0,-0.06477,0.0,0.0,0.0,-0.101881,-0.174482,0.0,-0.00824,0.0,0.0,0.0,-0.0,0.0,-0.0,0.0,-0.0,0.0,-0.0,0.0,-0.0,0.001953,-0.004944,0.0,0.000194,0.0,0.000065,0.0,-0.000065,0.0,-0.000194,0.0,0.0,0.0,0.004136,
0.0,4.585294,0.881526,-0.000066,0.0,1.570796,0.0,0.001617,0.001015,0.0,0.0,0.0,-0.025087,-0.024171,-0.000215,0.140569,-0.139294,0.024232,-0.079873,0.025331,0.005432,0.202917,-0.10491,-0.024599,-0.096297,0.174482,-0.0,-0.064679,-0.0,0.0,-0.0,-0.102083,-0.174482,0.0,-0.00824,0.0,0.0,0.0,0.0,0.0,0.0,-0.0,0.0,0.0,0.0,0.0,-0.0,0.001953,-0.004944,0.0,0.000194,0.0,0.000065,0.0,-0.000065,0.0,-0.000194,0.0,0.0,0.0,0.00399,
0.0,4.585311,0.881536,-0.000066,0.0,1.570796,0.0,0.001648,0.001007,0.0,0.0,0.0,-0.025084,-0.024172,-0.000305,0.140623,-0.13959,0.024232,-0.079674,0.025331,0.005432,0.2025,-0.104911,-0.024599,-0.096166,0.174482,0.0,-0.064586,-0.0,-0.0,-0.0,-0.102283,-0.174482,0.0,-0.00824,-0.0,0.0,0.0,0.0,-0.0,0.0,0.0,0.0,0.0,-0.0,0.0,0.0,0.001953,-0.004944,0.0,0.000194,-0.0,0.000065,0.0,-0.000065,0.0,-0.000194,0.0,0.0,0.0,0.003844,
0.0,4.585342,0.881549,-0.000066,0.0,1.570796,0.0,0.003082,0.001259,0.0,0.0,0.0,-0.02492,-0.02419,-0.000305,0.140623,-0.140049,0.024232,-0.079674,0.025331,0.005432,0.2025,-0.105021,-0.024599,-0.095873,0.174482,0.0,-0.064402,-0.0,0.0,0.0,-0.102384,-0.174482,0.0,-0.00824,0.0,0.0,0.0,0.0,0.0,0.0,-0.0,0.0,0.0,-0.0,0.0,-0.0,0.001953,-0.004944,0.0,0.000194,0.0,0.000065,0.0,-0.000065,0.0,-0.000194,0.0,0.0,0.0,0.003752,
0.0,4.585372,0.881561,-0.000066,0.0,1.570796,0.0,0.003082,0.001259,0.0,0.0,0.0,-0.024755,-0.024208,-0.000305,0.140623,-0.140508,0.024232,-0.079674,0.025331,0.005432,0.2025,-0.105131,-0.024599,-0.095579,0.174482,0.0,-0.064219,0.0,0.0,0.0,-0.102485,-0.174482,0.0,-0.00824,0.0,0.0,0.0,0.0,0.0,-0.0,0.0,-0.0,0.0,-0.0,0.0,-0.0,0.001953,-0.004944,0.0,0.000194,0.0,0.000065,-0.0,-0.000065,0.0,-0.000194,0.0,0.0,0.0,0.003661,
0.0,4.585403,0.881574,-0.000066,0.0,1.570796,-0.0,0.003082,0.001251,0.0,0.0,0.0,-0.02459,-0.024226,-0.000305,0.140623,-0.140967,0.024232,-0.079674,0.025331,0.005432,0.2025,-0.105241,-0.024599,-0.095286,0.174482,-0.0,-0.064036,0.0,0.0,0.0,-0.102586,-0.174482,0.0,-0.00824,0.0,0.0,0.0,0.0,0.0,-0.0,0.0,-0.0,0.0,-0.0,0.0,-0.0,0.001953,-0.004944,0.0,0.000194,0.0,0.000065,0.0,-0.000065,0.0,-0.000194,0.0,0.0,0.0,0.003569,
0.0,4.585434,0.881586,-0.000066,0.0,1.570796,0.0,0.003082,0.001259,0.0,0.0,0.0,-0.024475,-0.024232,-0.00038,0.140623,-0.141313,0.024232,-0.079674,0.025331,0.005432,0.2025,-0.105276,-0.024599,-0.095055,0.174482,0.0,-0.063878,0.0,0.0,0.0,-0.102686,-0.174482,0.0,-0.008153,0.0,0.0,0.0,0.0,0.0,-0.0,0.0,-0.0,0.0,-0.0,0.0,-0.0,0.001953,-0.004944,0.0,0.000194,0.0,0.000065,0.0,-0.000065,0.0,-0.000194,0.0,0.0,0.0,0.00349,
0.0,4.585465,0.881599,-0.000066,0.0,1.570796,0.0,0.003082,0.001251,0.0,0.0,0.0,-0.024384,-0.024232,-0.00049,0.140623,-0.141607,0.024232,-0.079674,0.025331,0.005432,0.2025,-0.105276,-0.024599,-0.094854,0.174482,0.0,-0.063731,0.0,0.0,0.0,-0.102787,-0.174482,0.0,-0.008024,0.0,0.0,0.0,0.0,0.0,-0.0,0.0,-0.0,0.0,-0.0,0.0,0.0,0.001953,-0.004944,0.0,0.000194,0.0,0.000065,0.0,-0.000065,0.0,-0.000194,0.0,-0.0,0.0,0.003417,
0.0,4.585496,0.881612,-0.000066,0.0,1.570796,-0.0,0.003082,0.001259,0.0,0.0,0.0,-0.024292,-0.024232,-0.0006,0.140623,-0.1419,0.024232,-0.079674,0.025331,0.005432,0.2025,-0.105276,-0.024599,-0.094652,0.174482,0.0,-0.063585,-0.0,0.0,0.0,-0.102888,-0.174482,0.0,-0.007896,0.0,0.0,0.0,0.0,0.0,0.0,0.0,-0.0,0.0,0.0,0.0,0.0,0.001953,-0.004944,0.0,0.000194,-0.0,0.000065,0.0,-0.000065,0.0,-0.000194,0.0,-0.0,0.0,0.003344,
0.0,4.585523,0.881623,-0.000066,0.0,1.570796,0.0,0.002685,0.001114,0.0,0.0,0.0,-0.024207,-0.024232,-0.000671,0.140623,-0.142136,0.024232,-0.079789,0.025331,0.005432,0.202718,-0.105353,-0.024599,-0.09452,0.174482,0.0,-0.063489,0.0,0.0,0.0,-0.103011,-0.174482,0.0,-0.007813,0.0,0.0,0.0,-0.0,0.0,-0.0,0.0,-0.0,0.0,-0.0,0.0,0.0,0.001953,-0.004944,0.0,0.000194,0.0,0.000065,0.0,-0.000065,0.0,-0.000194,0.0,0.0,0.0,0.003277,
0.0,4.585543,0.881631,-0.000066,0.0,1.570796,-0.0,0.001984,0.000847,0.0,0.0,0.0,-0.024134,-0.024232,-0.000671,0.140623,-0.142265,0.024232,-0.080119,0.025331,0.005432,0.203344,-0.105573,-0.024599,-0.09452,0.174482,0.0,-0.063489,0.0,0.0,0.0,-0.103176,-0.174482,0.0,-0.007813,-0.0,0.0,0.0,0.0,0.0,0.0,-0.0,0.0,-0.0,-0.0,0.0,-0.0,0.001953,-0.004944,0.0,0.000194,0.0,0.000065,0.0,-0.000065,0.0,-0.000194,0.0,0.0,0.0,0.003222,
0.0,4.585562,0.88164,-0.000066,0.0,1.570796,0.0,0.001953,0.000847,0.0,0.0,0.0,-0.02406,-0.024232,-0.000671,0.140623,-0.142393,0.024232,-0.080449,0.025331,0.005432,0.20397,-0.105793,-0.024599,-0.09452,0.174482,0.0,-0.063489,0.0,0.0,0.0,-0.103341,-0.174482,0.0,-0.007813,0.0,0.0,0.0,-0.0,0.0,-0.0,0.0,0.0,0.0,0.0,0.0,-0.0,0.001953,-0.004944,0.0,0.000194,-0.0,0.000065,0.0,-0.000065,0.0,-0.000194,0.0,0.0,0.0,0.003167,
0.0,4.585582,0.881648,-0.000066,0.0,1.570796,0.0,0.001953,0.000847,0.0,0.0,0.0,-0.023987,-0.024232,-0.000671,0.140623,-0.14252,0.024232,-0.08078,0.025331,0.005432,0.204596,-0.106013,-0.024599,-0.094523,0.174482,0.0,-0.06349,-0.0,-0.0,-0.0,-0.103507,-0.174482,0.0,-0.007814,-0.0,0.0,0.0,0.0,-0.0,-0.0,0.0,0.0,-0.0,0.0,0.0,0.0,0.001953,-0.004944,0.0,0.000194,0.0,0.000065,0.0,-0.000065,0.0,-0.000194,0.0,0.0,0.0,0.003113,
0.0,4.585601,0.881657,-0.000066,0.0,1.570796,0.0,0.001953,0.000847,0.0,0.0,0.0,-0.023895,-0.024232,-0.000671,0.140623,-0.14252,0.024232,-0.081165,0.025331,0.005432,0.205222,-0.106233,-0.024599,-0.094669,0.174482,0.0,-0.063545,-0.0,-0.0,-0.0,-0.103727,-0.174482,0.0,-0.007924,0.0,0.0,0.0,0.0,-0.0,0.0,0.0,0.0,0.0,0.0,0.0,-0.0,0.001953,-0.004944,0.0,0.000194,-0.0,0.000065,0.0,-0.000065,0.0,-0.000194,0.0,-0.0,0.0,0.003113,
0.0,4.58562,0.881665,-0.000066,0.0,1.570796,0.0,0.001953,0.000847,0.0,0.0,0.0,-0.023804,-0.024232,-0.000671,0.140623,-0.14252,0.024232,-0.08155,0.025331,0.005432,0.205848,-0.106453,-0.024599,-0.094816,0.174482,0.0,-0.0636,0.0,0.0,0.0,-0.103947,-0.174482,0.0,-0.008034,0.0,0.0,0.0,-0.0,0.0,-0.0,0.0,-0.0,0.0,-0.0,0.0,-0.0,0.001953,-0.004944,0.0,0.000194,0.0,0.000065,0.0,-0.000065,0.0,-0.000194,0.0,-0.0,0.0,0.003113,
0.0,4.58564,0.881674,-0.000066,0.0,1.570796,0.0,0.001984,0.000855,0.0,0.0,0.0,-0.023712,-0.024232,-0.000671,0.140623,-0.14252,0.024232,-0.081934,0.025331,0.005432,0.206474,-0.106673,-0.024599,-0.094963,0.174482,0.0,-0.063655,0.0,0.0,0.0,-0.104167,-0.174482,0.0,-0.008144,-0.0,0.0,0.0,-0.0,0.0,0.0,0.0,0.0,0.0,-0.0,0.0,0.0,0.001953,-0.004944,-0.0,0.000194,0.0,0.000065,0.0,-0.000065,0.0,-0.000194,0.0,0.0,0.0,0.003113,
0.0,4.585663,0.881685,-0.000066,0.0,1.570796,0.0,0.002289,0.001152,0.0,0.0,0.0,-0.023633,-0.024232,-0.000721,0.140623,-0.14252,0.024232,-0.082382,0.025331,0.005432,0.2072,-0.106881,-0.024599,-0.095059,0.174482,0.0,-0.063672,0.0,0.0,0.0,-0.1044,-0.174482,0.0,-0.008229,0.0,0.0,0.0,-0.0,0.0,-0.0,-0.0,-0.0,0.0,0.0,0.0,-0.0,0.001953,-0.004944,0.0,0.000194,0.0,0.000065,0.0,-0.000065,0.0,-0.000194,0.0,-0.0,0.0,0.003113,
0.0,4.585688,0.881698,-0.000066,0.0,1.570796,0.0,0.002472,0.001305,0.0,0.0,0.0,-0.02356,-0.024232,-0.000795,0.140623,-0.14252,0.024232,-0.082858,0.025331,0.005432,0.207973,-0.107083,-0.024599,-0.095133,0.174482,0.0,-0.063672,-0.0,0.0,0.0,-0.104638,-0.174482,0.0,-0.008302,-0.0,0.0,0.0,0.0,0.0,0.0,0.0,-0.0,0.0,0.0,0.0,-0.0,0.001953,-0.004944,0.0,0.000194,0.0,0.000065,0.0,-0.000065,0.0,-0.000194,0.0,-0.0,0.0,0.003113,
0.0,4.585712,0.881711,-0.000066,0.0,1.570796,0.0,0.002441,0.001305,0.0,0.0,0.0,-0.023486,-0.024232,-0.000868,0.140623,-0.14252,0.024232,-0.083335,0.025331,0.005432,0.208747,-0.107284,-0.024599,-0.095206,0.174482,0.0,-0.063672,0.0,0.0,0.0,-0.104877,-0.174482,0.0,-0.008375,0.0,0.0,0.0,-0.0,0.0,0.0,0.0,-0.0,0.0,-0.0,0.0,0.0,0.001953,-0.004944,0.0,0.000194,0.0,0.000065,0.0,-0.000065,0.0,-0.000194,0.0,-0.0,0.0,0.003113,
0.0,4.585741,0.881725,-0.000066,0.0,1.570796,0.0,0.002838,0.001343,0.0,0.0,0.0,-0.023394,-0.024232,-0.000916,0.140623,-0.142555,0.024232,-0.083677,0.025331,0.005432,0.209295,-0.107384,-0.024599,-0.095228,0.174482,0.0,-0.063672,0.0,0.0,0.0,-0.105115,-0.174482,0.0,-0.008423,0.0,0.0,0.0,0.0,0.0,-0.0,0.0,-0.0,-0.0,0.0,0.0,0.0,0.001953,-0.004944,0.0,0.000194,0.0,0.000065,-0.0,-0.000065,0.0,-0.000194,0.0,-0.0,0.0,0.003113,
0.0,4.585776,0.881739,-0.000066,0.0,1.570796,0.0,0.003509,0.001419,0.0,0.0,0.0,-0.023266,-0.024232,-0.000916,0.140623,-0.142656,0.024232,-0.083769,0.025331,0.005432,0.209424,-0.107292,-0.024599,-0.095155,0.174482,0.0,-0.063672,-0.0,0.0,0.0,-0.105353,-0.174482,-0.0,-0.008423,0.0,0.0,0.0,0.0,0.0,0.0,0.0,0.0,0.0,0.0,0.0,0.0,0.001953,-0.004944,0.0,0.000194,0.0,0.000065,0.0,-0.000065,0.0,-0.000194,0.0,-0.0,0.0,0.003113,
0.0,4.585811,0.881753,-0.000066,0.0,1.570796,0.0,0.00354,0.001427,0.0,0.0,0.0,-0.023138,-0.024232,-0.000916,0.140623,-0.142757,0.024232,-0.08386,0.025331,0.005432,0.209553,-0.1072,-0.024599,-0.095082,0.174482,-0.0,-0.063672,0.0,0.0,0.0,-0.105592,-0.174482,0.0,-0.008423,0.0,0.0,0.0,0.0,0.0,0.0,-0.0,0.0,0.0,-0.0,0.0,-0.0,0.001953,-0.004944,0.0,0.000194,0.0,0.000065,0.0,-0.000065,0.0,-0.000194,0.0,-0.0,0.0,0.003113,
0.0,4.585846,0.881767,-0.000066,0.0,1.570796,0.0,0.003479,0.001404,0.0,0.0,0.0,-0.023011,-0.024232,-0.000916,0.140623,-0.142858,0.024232,-0.083957,0.025331,0.005432,0.209691,-0.107113,-0.024599,-0.095009,0.174482,-0.0,-0.063672,0.0,0.0,0.0,-0.105833,-0.174482,0.0,-0.008426,0.0,0.0,0.0,-0.0,0.0,-0.0,0.0,-0.0,0.0,0.0,0.0,-0.0,0.001953,-0.004944,0.0,0.000194,0.0,0.000065,0.0,-0.000065,0.0,-0.000194,0.0,0.0,0.0,0.003111,
0.0,4.585861,0.881774,-0.000066,0.0,1.570796,0.0,0.001434,0.000664,0.0,0.0,0.0,-0.022956,-0.024232,-0.000916,0.140623,-0.142959,0.024232,-0.084397,0.025331,0.005432,0.21039,-0.107296,-0.024599,-0.095009,0.174482,0.0,-0.063672,0.0,0.0,0.0,-0.106273,-0.174482,0.0,-0.00859,0.0,0.0,0.0,-0.0,0.0,0.0,0.0,0.0,0.0,0.0,0.0,0.0,0.001953,-0.004944,0.0,0.000194,0.0,0.000065,0.0,-0.000065,0.0,-0.000194,0.0,-0.0,0.0,0.002983,
0.0,4.585875,0.88178,-0.000066,0.0,1.570796,0.0,0.001465,0.000664,0.0,0.0,0.0,-0.022901,-0.024232,-0.000916,0.140623,-0.14306,0.024232,-0.084837,0.025331,0.005432,0.21109,-0.10748,-0.024599,-0.095009,0.174482,-0.0,-0.063672,0.0,0.0,0.0,-0.106714,-0.174482,0.0,-0.008755,0.0,0.0,0.0,0.0,0.0,0.0,0.0,-0.0,0.0,0.0,0.0,0.0,0.001953,-0.004944,0.0,0.000194,0.0,0.000065,0.0,-0.000065,0.0,-0.000194,0.0,0.0,0.0,0.002855,
0.0,4.585889,0.881787,-0.000066,0.0,1.570796,-0.0,0.001434,0.000656,0.0,0.0,0.0,-0.022846,-0.024232,-0.000916,0.140623,-0.143161,0.024232,-0.085277,0.025331,0.005432,0.21179,-0.107663,-0.024599,-0.095009,0.174482,0.0,-0.063672,0.0,0.0,0.0,-0.107154,-0.174482,-0.0,-0.00892,0.0,0.0,0.0,0.0,0.0,-0.0,0.0,-0.0,0.0,0.0,0.0,0.0,0.001953,-0.004944,0.0,0.000194,0.0,0.000065,0.0,-0.000065,0.0,-0.000194,0.0,0.0,0.0,0.002726,
0.0,4.5859,0.881792,-0.000066,0.0,1.570796,0.0,0.001099,0.000527,0.0,0.0,0.0,-0.022828,-0.024232,-0.000966,0.140673,-0.143262,0.024232,-0.085842,0.025331,0.005432,0.212753,-0.107972,-0.024599,-0.095009,0.174482,-0.0,-0.063672,0.0,0.0,0.0,-0.107644,-0.174482,-0.0,-0.009047,0.0,0.0,0.0,-0.0,0.0,0.0,0.0,0.0,0.0,0.0,0.0,0.0,0.001953,-0.004944,0.0,0.000194,0.0,0.000065,0.0,-0.000065,0.0,-0.000194,0.0,0.0,0.0,0.002686,
0.0,4.58591,0.881797,-0.000066,0.0,1.570796,0.0,0.000977,0.00045,0.0,0.0,0.0,-0.022828,-0.024232,-0.001039,0.140747,-0.143363,0.024232,-0.086465,0.025331,0.005432,0.21384,-0.108338,-0.024599,-0.095009,0.174482,-0.0,-0.063672,0.0,0.0,0.0,-0.108157,-0.174482,0.0,-0.009157,0.0,0.0,0.0,-0.0,0.0,0.0,0.0,0.0,0.0,0.0,0.0,0.0,0.001953,-0.004944,0.0,0.000194,0.0,0.000065,0.0,-0.000065,0.0,-0.000194,0.0,0.0,0.0,0.002686,
0.0,4.58592,0.881801,-0.000066,0.0,1.570796,0.0,0.000946,0.00045,0.0,0.0,0.0,-0.022828,-0.024232,-0.001112,0.14082,-0.143464,0.024232,-0.087088,0.025331,0.005432,0.214927,-0.108705,-0.024599,-0.095009,0.174482,-0.0,-0.063672,0.0,0.0,0.0,-0.108671,-0.174482,-0.0,-0.009267,-0.0,0.0,0.0,-0.0,0.0,0.0,0.0,0.0,0.0,0.0,0.0,0.0,0.001953,-0.004944,0.0,0.000194,0.0,0.000065,0.0,-0.000065,0.0,-0.000194,0.0,0.0,0.0,0.002686,
0.0,4.585929,0.881806,-0.000066,0.0,1.570796,0.0,0.000977,0.000458,0.0,0.0,0.0,-0.022803,-0.024232,-0.00116,0.140868,-0.143565,0.024232,-0.087609,0.025331,0.005432,0.215827,-0.109005,-0.024599,-0.094952,0.174482,0.0,-0.063634,0.0,0.0,0.0,-0.109171,-0.174482,0.0,-0.009339,0.0,0.0,0.0,0.0,0.0,0.0,0.0,0.0,0.0,0.0,0.0,0.0,0.001953,-0.004944,0.0,0.000194,0.0,0.000065,0.0,-0.000065,0.0,-0.000194,0.0,0.0,0.0,0.002686,
0.0,4.585939,0.88181,-0.000066,0.0,1.570796,0.0,0.000946,0.00045,0.0,0.0,0.0,-0.02273,-0.024232,-0.00116,0.140868,-0.143666,0.024232,-0.087939,0.025331,0.005432,0.216379,-0.109179,-0.024599,-0.094787,0.174482,0.0,-0.063524,0.0,0.0,-0.0,-0.109648,-0.174482,0.0,-0.009339,0.0,0.0,0.0,-0.0,0.0,-0.0,0.0,0.0,0.0,0.0,0.0,0.0,0.001953,-0.004944,0.0,0.000194,0.0,0.000065,0.0,-0.000065,0.0,-0.000194,0.0,0.0,0.0,0.002686,
0.0,4.585948,0.881815,-0.000066,0.0,1.570796,0.0,0.000977,0.000458,0.0,0.0,0.0,-0.022656,-0.024232,-0.00116,0.140868,-0.143767,0.024232,-0.088269,0.025331,0.005432,0.216932,-0.109353,-0.024599,-0.094622,0.174482,-0.0,-0.063414,0.0,0.0,0.0,-0.110125,-0.174482,0.0,-0.009339,-0.0,0.0,0.0,0.0,0.0,-0.0,0.0,0.0,0.0,0.0,0.0,0.0,0.001953,-0.004944,0.0,0.000194,0.0,0.000065,0.0,-0.000065,0.0,-0.000194,0.0,0.0,0.0,0.002686,
0.0,4.585958,0.881819,-0.000066,0.0,1.570796,0.0,0.000946,0.00045,0.0,0.0,0.0,-0.022584,-0.024232,-0.00116,0.140868,-0.143866,0.024232,-0.088596,0.025331,0.005432,0.217481,-0.109527,-0.024599,-0.094455,0.174482,-0.0,-0.063303,0.0,0.0,0.0,-0.110601,-0.174482,0.0,-0.00934,0.0,0.0,0.0,0.0,0.0,-0.0,0.0,0.0,0.0,0.0,0.0,0.0,0.001953,-0.004944,0.0,0.000194,-0.0,0.000065,0.0,-0.000065,0.0,-0.000194,0.0,-0.0,0.0,0.002688,
0.0,4.585968,0.881824,-0.000066,0.0,1.570796,0.0,0.000977,0.00045,0.0,0.0,0.0,-0.022584,-0.024232,-0.00116,0.140868,-0.143866,0.024232,-0.088761,0.025331,0.005432,0.217813,-0.109702,-0.024599,-0.094199,0.174482,-0.0,-0.06312,-0.0,-0.0,-0.0,-0.111004,-0.174482,0.0,-0.009432,0.0,0.0,0.0,0.0,-0.0,-0.0,0.0,0.0,0.0,0.0,0.0,0.0,0.001953,-0.004944,0.0,0.000194,0.0,0.000065,-0.0,-0.000065,0.0,-0.000194,0.0,0.0,0.0,0.002872,
0.0,4.585978,0.881829,-0.000066,0.0,1.570796,0.0,0.000946,0.000458,0.0,0.0,0.0,-0.022584,-0.024232,-0.00116,0.140868,-0.143866,0.024232,-0.088926,0.025331,0.005432,0.218144,-0.109876,-0.024599,-0.093942,0.174482,0.0,-0.062937,0.0,0.0,0.0,-0.111408,-0.174482,0.0,-0.009523,0.0,0.0,0.0,-0.0,0.0,0.0,0.0,-0.0,0.0,0.0,0.0,-0.0,0.001953,-0.004944,0.0,0.000194,0.0,0.000065,0.0,-0.000065,0.0,-0.000194,0.0,0.0,0.0,0.003055,
0.0,4.585987,0.881833,-0.000066,0.0,1.570796,0.0,0.000977,0.00045,0.0,0.0,0.0,-0.022584,-0.024232,-0.00116,0.140868,-0.143866,0.024232,-0.089091,0.025331,0.005432,0.218476,-0.11005,-0.024599,-0.093685,0.174482,0.0,-0.062753,0.0,0.0,0.0,-0.111811,-0.174482,-0.0,-0.009615,0.0,0.0,0.0,0.0,0.0,0.0,0.0,-0.0,0.0,-0.0,0.0,-0.0,0.001953,-0.004944,0.0,0.000194,0.0,0.000065,0.0,-0.000065,0.0,-0.000194,0.0,-0.0,0.0,0.003238,
0.0,4.585996,0.881835,-0.000066,0.0,1.570796,0.0,0.000885,0.000198,0.0,0.0,0.0,-0.022584,-0.024232,-0.00116,0.140868,-0.143866,0.024232,-0.089231,0.025331,0.005432,0.218807,-0.110306,-0.024599,-0.093416,0.174482,0.0,-0.06257,0.0,0.0,0.0,-0.112165,-0.174482,0.0,-0.009706,0.0,0.0,0.0,0.0,0.0,-0.0,0.0,-0.0,0.0,-0.0,0.0,0.0,0.001953,-0.004944,0.0,0.000194,0.0,0.000065,0.0,-0.000065,0.0,-0.000194,0.0,0.0,0.0,0.003408,
0.0,4.586005,0.881836,-0.000066,0.0,1.570796,0.0,0.000854,0.000084,0.0,0.0,0.0,-0.022584,-0.024232,-0.00116,0.140868,-0.143866,0.024232,-0.089359,0.025331,0.005432,0.219139,-0.110599,-0.024599,-0.093141,0.174482,0.0,-0.062387,0.0,0.0,0.0,-0.112495,-0.174482,0.0,-0.009798,0.0,0.0,0.0,0.0,0.0,-0.0,0.0,-0.0,0.0,-0.0,0.0,-0.0,0.001953,-0.004944,0.0,0.000194,0.0,0.000065,-0.0,-0.000065,0.0,-0.000194,0.0,-0.0,0.0,0.003573,
0.0,4.586013,0.881837,-0.000066,0.0,1.570796,0.0,0.000885,0.000076,0.0,0.0,0.0,-0.022584,-0.024232,-0.00116,0.140868,-0.143866,0.024232,-0.089488,0.025331,0.005432,0.219471,-0.110892,-0.024599,-0.092866,0.174482,-0.0,-0.062204,0.0,0.0,0.0,-0.112825,-0.174482,-0.0,-0.009889,0.0,0.0,0.0,-0.0,0.0,0.0,0.0,-0.0,0.0,-0.0,0.0,-0.0,0.001953,-0.004944,0.0,0.000194,0.0,0.000065,0.0,-0.000065,0.0,-0.000194,0.0,0.0,0.0,0.003738,
0.0,4.58602,0.881836,-0.000066,0.0,1.570796,0.0,0.000702,-0.00003,0.0,0.0,0.0,-0.022616,-0.024232,-0.00116,0.140868,-0.143815,0.024232,-0.089514,0.025331,0.005432,0.219609,-0.111103,-0.024599,-0.092604,0.174482,0.0,-0.06204,0.0,-0.0,0.0,-0.113123,-0.174482,0.0,-0.009987,0.0,0.0,0.0,-0.0,-0.0,-0.0,0.0,0.0,0.0,-0.0,0.0,-0.0,0.001953,-0.004944,0.0,0.000194,0.0,0.000065,0.0,-0.000065,0.0,-0.000194,0.0,0.0,0.0,0.003845,
0.0,4.586024,0.881834,-0.000066,0.0,1.570796,0.0,0.000366,-0.000229,0.0,0.0,0.0,-0.022708,-0.024232,-0.00116,0.140868,-0.143668,0.024232,-0.089349,0.025331,0.005432,0.219388,-0.111158,-0.024599,-0.092366,0.174482,-0.0,-0.061912,0.0,0.0,0.0,-0.113361,-0.174482,0.0,-0.010097,0.0,0.0,0.0,-0.0,0.0,-0.0,0.0,-0.0,0.0,0.0,0.0,0.0,0.001953,-0.004944,0.0,0.000194,0.0,0.000065,0.0,-0.000065,0.0,-0.000194,0.0,0.0,0.0,0.003845,
0.0,4.586028,0.881832,-0.000066,0.0,1.570796,0.0,0.000397,-0.000229,0.0,0.0,0.0,-0.022799,-0.024232,-0.00116,0.140868,-0.143521,0.024232,-0.089184,0.025331,0.005432,0.219167,-0.111213,-0.024599,-0.092128,0.174482,-0.0,-0.061783,0.0,0.0,0.0,-0.1136,-0.174482,0.0,-0.010207,0.0,0.0,0.0,0.0,0.0,-0.0,0.0,-0.0,0.0,-0.0,0.0,-0.0,0.001953,-0.004944,0.0,0.000194,0.0,0.000065,0.0,-0.000065,0.0,-0.000194,0.0,0.0,0.0,0.003845,
0.0,4.586032,0.881829,-0.000066,0.0,1.570796,-0.0,0.000397,-0.000229,0.0,0.0,0.0,-0.022891,-0.024232,-0.00116,0.140868,-0.143374,0.024232,-0.08902,0.025331,0.005432,0.218948,-0.111269,-0.024599,-0.09189,0.174482,0.0,-0.061655,-0.0,0.0,0.0,-0.113835,-0.174482,0.0,-0.010315,0.0,0.0,0.0,0.0,0.0,0.0,0.0,-0.0,0.0,0.0,0.0,0.0,0.001953,-0.004944,0.0,0.000194,0.0,0.000065,0.0,-0.000065,0.0,-0.000194,0.0,0.0,0.0,0.003845,
0.0,4.586036,0.881827,-0.000066,0.0,1.570796,0.0,0.000397,-0.000236,0.0,0.0,0.0,-0.022964,-0.024232,-0.00116,0.140868,-0.143227,0.024232,-0.08891,0.025331,0.005432,0.218856,-0.111416,-0.024599,-0.091707,0.174482,0.0,-0.061545,-0.0,0.0,0.0,-0.11389,-0.174482,0.0,-0.010315,0.0,0.0,0.0,0.0,0.0,0.0,0.0,-0.0,0.0,0.0,0.0,0.0,0.001953,-0.004944,0.0,0.000194,0.0,0.000065,0.0,-0.000065,0.0,-0.000194,0.0,-0.0,0.0,0.003845,
0.0,4.58604,0.881825,-0.000066,0.0,1.570796,0.0,0.000397,-0.000229,0.0,0.0,0.0,-0.023037,-0.024232,-0.00116,0.140868,-0.143081,0.024232,-0.0888,0.025331,0.005432,0.218764,-0.111563,-0.024599,-0.091524,0.174482,-0.0,-0.061436,0.0,0.0,0.0,-0.113945,-0.174482,0.0,-0.010315,0.0,0.0,0.0,0.0,0.0,-0.0,0.0,0.0,0.0,0.0,0.0,0.0,0.001953,-0.004944,0.0,0.000194,0.0,0.000065,0.0,-0.000065,0.0,-0.000194,0.0,0.0,0.0,0.003845,
0.0,4.586044,0.881822,-0.000066,0.0,1.570796,0.0,0.000397,-0.000229,0.0,0.0,0.0,-0.02311,-0.024232,-0.00116,0.140868,-0.142934,0.024232,-0.08869,0.025331,0.005432,0.218672,-0.111709,-0.024599,-0.09134,0.174482,-0.0,-0.061326,-0.0,0.0,0.0,-0.114,-0.174482,0.0,-0.010315,-0.0,0.0,0.0,0.0,0.0,-0.0,0.0,-0.0,0.0,-0.0,0.0,0.0,0.001953,-0.004944,0.0,0.000194,0.0,0.000065,0.0,-0.000065,0.0,-0.000194,0.0,0.0,0.0,0.003845,
0.0,4.586048,0.881824,-0.000066,0.0,1.570796,0.0,0.000397,0.000137,0.0,0.0,0.0,-0.023184,-0.024232,-0.00116,0.140868,-0.142887,0.024232,-0.088367,0.025331,0.005432,0.218202,-0.111643,-0.024599,-0.091282,0.174482,0.0,-0.061291,-0.0,0.0,0.0,-0.113893,-0.174482,0.0,-0.010315,0.0,0.0,0.0,0.0,0.0,0.0,0.0,0.0,0.0,0.0,0.0,-0.0,0.001953,-0.004944,0.0,0.000194,0.0,0.000065,0.0,-0.000065,0.0,-0.000194,0.0,0.0,0.0,0.003845,
0.0,4.586052,0.881827,-0.000066,0.0,1.570796,-0.0,0.000397,0.000305,0.0,0.0,0.0,-0.023257,-0.024232,-0.00116,0.140868,-0.142887,0.024232,-0.087945,0.025331,0.005432,0.217558,-0.111478,-0.024599,-0.091282,0.174482,0.0,-0.061291,-0.0,0.0,0.0,-0.113709,-0.174482,0.0,-0.010315,0.0,0.0,0.0,0.0,0.0,0.0,0.0,0.0,0.0,0.0,0.0,-0.0,0.001953,-0.004944,0.0,0.000194,0.0,0.000065,-0.0,-0.000065,0.0,-0.000194,0.0,0.0,0.0,0.003845,
0.0,4.586056,0.88183,-0.000066,0.0,1.570796,0.0,0.000397,0.000313,0.0,0.0,0.0,-0.02333,-0.024232,-0.00116,0.140868,-0.142887,0.024232,-0.087524,0.025331,0.005432,0.216913,-0.111313,-0.024599,-0.091282,0.174482,0.0,-0.061291,-0.0,0.0,0.0,-0.113526,-0.174482,0.0,-0.010315,0.0,0.0,0.0,0.0,0.0,0.0,0.0,0.0,0.0,0.0,0.0,-0.0,0.001953,-0.004944,0.0,0.000194,0.0,0.000065,0.0,-0.000065,0.0,-0.000194,0.0,0.0,0.0,0.003845,
