0.0,-0.160019,0.286289,0.457606,0.0,0.0,0.0,-160.019348,286.289856,2028.405669,0.0,0.0,-2.21393,-0.012085,0.0,2.513221,-0.756915,0.0,-2.21393,0.012085,0.0,2.513221,-0.756915,0.0,-0.436327,0.349008,0.0,-0.174482,0.0,0.0,0.0,-0.436327,-0.349008,0.0,-0.174482,0.0,0.0,0.0,0.0,0.008495,-0.000052,0.0,-0.000039,0.0,-0.000039,0.0,-0.000052,-0.0,0.0,0.008495,-0.000052,0.0,-0.000039,0.0,-0.000039,0.0,-0.000052,-0.0,0.0,0.0,0.0,
0.0,-0.160017,0.286304,0.457604,0.0,0.0,0.0,0.002011,0.014591,-0.001864,0.0,0.0,-2.213885,-0.01208,0.0,2.513191,-0.756929,0.0,-2.213885,0.01208,-0.0,2.513191,-0.756929,0.0,-0.436314,0.349008,0.0,-0.174482,0.0,0.0,0.0,-0.436314,-0.349008,0.0,-0.174482,0.0,-0.0,0.0,0.0,0.008495,-0.000052,0.0,-0.000039,0.0,-0.000039,0.0,-0.000052,0.0,0.0,0.008495,-0.000052,0.0,-0.000039,0.0,-0.000039,0.0,-0.000052,0.0,0.0,-0.0,0.0,
0.0,-0.160015,0.286319,0.457602,0.0,0.0,0.0,0.002011,0.014591,-0.001997,0.0,0.0,-2.21384,-0.012074,0.0,2.513162,-0.756943,0.0,-2.21384,0.012074,0.0,2.513162,-0.756943,0.0,-0.436301,0.349008,0.0,-0.174482,0.0,0.0,0.0,-0.436301,-0.349008,0.0,-0.174482,0.0,0.0,0.0,0.0,0.008495,-0.000052,0.0,-0.000039,-0.0,-0.000039,0.0,-0.000052,0.0,0.0,0.008495,-0.000052,0.0,-0.000039,-0.0,-0.000039,0.0,-0.000052,0.0,0.0,0.0,0.0,
0.0,-0.160013,0.286333,0.4576,0.0,0.0,0.0,0.002002,0.014572,-0.001864,0.0,0.0,-2.213795,-0.012069,0.0,2.513132,-0.756956,0.0,-2.213795,0.012069,-0.0,2.513132,-0.756956,0.0,-0.436288,0.349008,0.0,-0.174482,0.0,0.0,0.0,-0.436288,-0.349008,0.0,-0.174482,0.0,-0.0,0.0,0.0,0.008495,-0.000052,0.0,-0.000039,-0.0,-0.000039,0.0,-0.000052,0.0,0.0,0.008495,-0.000052,0.0,-0.000039,-0.0,-0.000039,0.0,-0.000052,0.0,0.0,0.0,0.0,
0.0,-0.160011,0.286348,0.457598,0.0,0.0,0.0,0.002011,0.014591,-0.001864,0.0,0.0,-2.21375,-0.012063,-0.0,2.513103,-0.75697,0.0,-2.21375,0.012063,0.0,2.513103,-0.75697,0.0,-0.436275,0.349008,0.0,-0.174482,0.0,0.0,0.0,-0.436275,-0.349008,0.0,-0.174482,0.0,0.0,0.0,0.0,0.008495,-0.000052,-0.0,-0.000039,0.0,-0.000039,0.0,-0.000052,0.0,0.0,0.008495,-0.000052,-0.0,-0.000039,0.0,-0.000039,0.0,-0.000052,0.0,0.0,0.0,0.0,
0.0,-0.160009,0.286362,0.457596,0.0,0.0,0.0,0.002011,0.014591,-0.001864,0.0,0.0,-2.213705,-0.012058,0.0,2.513073,-0.756984,0.0,-2.213705,0.012058,0.0,2.513073,-0.756984,0.0,-0.436262,0.349008,0.0,-0.174482,0.0,0.0,0.0,-0.436262,-0.349008,0.0,-0.174482,0.0,0.0,0.0,0.0,0.008495,-0.000052,0.0,-0.000039,-0.0,-0.000039,-0.0,-0.000052,0.0,0.0,0.008495,-0.000052,0.0,-0.000039,-0.0,-0.000039,-0.0,-0.000052,0.0,0.0,0.0,0.0,
0.0,-0.160007,0.286377,0.457595,0.0,0.0,0.0,0.002011,0.014591,-0.001864,0.0,0.0,-2.21366,-0.012052,0.0,2.513043,-0.756998,0.0,-2.21366,0.012052,0.0,2.513043,-0.756998,0.0,-0.436249,0.349008,0.0,-0.174482,0.0,0.0,0.0,-0.436249,-0.349008,0.0,-0.174482,0.0,0.0,0.0,0.0,0.008495,-0.000052,-0.0,-0.000039,-0.0,-0.000039,0.0,-0.000052,0.0,0.0,0.008495,-0.000052,-0.0,-0.000039,-0.0,-0.000039,0.0,-0.000052,0.0,0.0,0.0,0.0,
0.0,-0.160005,0.286391,0.457593,0.0,0.0,0.0,0.002011,0.014572,-0.001864,0.0,0.0,-2.213615,-0.012047,0.0,2.513014,-0.757012,0.0,-2.213615,0.012047,0.0,2.513014,-0.757012,0.0,-0.436236,0.349008,0.0,-0.174482,0.0,0.0,0.0,-0.436236,-0.349008,0.0,-0.174482,0.0,0.0,0.0,0.0,0.008495,-0.000052,-0.0,-0.000039,-0.0,-0.000039,0.0,-0.000052,0.0,0.0,0.008495,-0.000052,-0.0,-0.000039,-0.0,-0.000039,0.0,-0.000052,0.0,0.0,0.0,0.0,
0.0,-0.160003,0.286406,0.457591,0.0,0.0,0.0,0.002002,0.014591,-0.001864,0.0,0.0,-2.21357,-0.012041,0.0,2.512984,-0.757025,0.0,-2.21357,0.012041,0.0,2.512984,-0.757025,0.0,-0.436222,0.349008,0.0,-0.174482,0.0,-0.0,0.0,-0.436222,-0.349008,0.0,-0.174482,0.0,0.0,0.0,0.0,0.008495,-0.000052,-0.0,-0.000039,0.0,-0.000039,-0.0,-0.000052,0.0,0.0,0.008495,-0.000052,-0.0,-0.000039,0.0,-0.000039,-0.0,-0.000052,0.0,0.0,0.0,0.0,
0.0,-0.160001,0.286421,0.457589,0.0,0.0,0.0,0.002011,0.014591,-0.001864,0.0,0.0,-2.213525,-0.012036,0.0,2.512955,-0.757039,0.0,-2.213525,0.012036,0.0,2.512955,-0.757039,0.0,-0.436209,0.349008,0.0,-0.174482,0.0,0.0,0.0,-0.436209,-0.349008,0.0,-0.174482,0.0,0.0,0.0,0.0,0.008495,-0.000052,0.0,-0.000039,0.0,-0.000039,0.0,-0.000052,0.0,0.0,0.008495,-0.000052,0.0,-0.000039,0.0,-0.000039,0.0,-0.000052,0.0,0.0,0.0,0.0,
0.0,-0.159999,0.286435,0.457587,0.0,0.0,0.0,0.002011,0.014591,-0.001997,0.0,0.0,-2.21348,-0.01203,0.0,2.512925,-0.757053,0.0,-2.21348,0.01203,0.0,2.512925,-0.757053,0.0,-0.436196,0.349008,0.0,-0.174482,0.0,-0.0,0.0,-0.436196,-0.349008,0.0,-0.174482,0.0,0.0,0.0,0.0,0.008495,-0.000052,0.0,-0.000039,0.0,-0.000039,0.0,-0.000052,0.0,0.0,0.008495,-0.000052,0.0,-0.000039,0.0,-0.000039,0.0,-0.000052,0.0,0.0,0.0,0.0,
0.0,-0.159997,0.28645,0.457585,0.0,0.0,0.0,0.002011,0.014572,-0.001731,0.0,0.0,-2.213435,-0.012025,0.0,2.512895,-0.757067,0.0,-2.213435,0.012025,0.0,2.512895,-0.757067,0.0,-0.436183,0.349008,0.0,-0.174482,0.0,-0.0,0.0,-0.436183,-0.349008,0.0,-0.174482,0.0,0.0,0.0,0.0,0.008495,-0.000052,-0.0,-0.000039,-0.0,-0.000039,-0.0,-0.000052,-0.0,0.0,0.008495,-0.000052,-0.0,-0.000039,-0.0,-0.000039,-0.0,-0.000052,-0.0,0.0,0.0,0.0,
0.0,-0.159995,0.286464,0.457583,0.0,0.0,0.0,0.002011,0.014591,-0.001997,0.0,0.0,-2.21339,-0.012019,0.0,2.512866,-0.757081,0.0,-2.21339,0.012019,0.0,2.512866,-0.757081,-0.0,-0.43617,0.349008,0.0,-0.174482,0.0,0.0,0.0,-0.43617,-0.349008,0.0,-0.174482,0.0,-0.0,0.0,0.0,0.008495,-0.000052,0.0,-0.000039,0.0,-0.000039,0.0,-0.000052,0.0,0.0,0.008495,-0.000052,0.0,-0.000039,0.0,-0.000039,0.0,-0.000052,0.0,0.0,0.0,0.0,
0.0,-0.159993,0.286479,0.457581,0.0,0.0,0.0,0.002011,0.014591,-0.001864,0.0,0.0,-2.213345,-0.012014,0.0,2.512836,-0.757094,0.0,-2.213345,0.012014,0.0,2.512836,-0.757094,0.0,-0.436157,0.349008,0.0,-0.174482,0.0,0.0,0.0,-0.436157,-0.349008,0.0,-0.174482,0.0,0.0,0.0,0.0,0.008495,-0.000052,-0.0,-0.000039,0.0,-0.000039,-0.0,-0.000052,0.0,0.0,0.008495,-0.000052,-0.0,-0.000039,0.0,-0.000039,-0.0,-0.000052,0.0,0.0,0.0,0.0,
0.0,-0.159991,0.286494,0.45758,0.0,0.0,0.0,0.002002,0.014591,-0.001864,0.0,0.0,-2.2133,-0.012008,0.0,2.512807,-0.757108,0.0,-2.2133,0.012008,0.0,2.512807,-0.757108,0.0,-0.436144,0.349008,0.0,-0.174482,0.0,-0.0,0.0,-0.436144,-0.349008,0.0,-0.174482,0.0,0.0,0.0,0.0,0.008495,-0.000052,0.0,-0.000039,0.0,-0.000039,-0.0,-0.000052,0.0,0.0,0.008495,-0.000052,0.0,-0.000039,0.0,-0.000039,-0.0,-0.000052,0.0,0.0,0.0,0.0,
0.0,-0.159989,0.286508,0.457578,0.0,0.0,0.0,0.002011,0.014572,-0.001864,0.0,0.0,-2.213255,-0.012003,0.0,2.512777,-0.757122,0.0,-2.213255,0.012003,0.0,2.512777,-0.757122,0.0,-0.436131,0.349008,0.0,-0.174482,-0.0,0.0,0.0,-0.436131,-0.349008,0.0,-0.174482,0.0,0.0,0.0,0.0,0.008495,-0.000052,-0.0,-0.000039,0.0,-0.000039,0.0,-0.000052,-0.0,0.0,0.008495,-0.000052,-0.0,-0.000039,0.0,-0.000039,0.0,-0.000052,-0.0,0.0,0.0,0.0,
0.0,-0.159987,0.286523,0.457576,0.0,0.0,0.0,0.002011,0.014591,-0.001864,0.0,0.0,-2.21321,-0.011998,0.0,2.512747,-0.757136,0.0,-2.21321,0.011998,0.0,2.512747,-0.757136,0.0,-0.436117,0.349008,0.0,-0.174482,0.0,0.0,0.0,-0.436117,-0.349008,0.0,-0.174482,0.0,0.0,0.0,0.0,0.008495,-0.000052,-0.0,-0.000039,0.0,-0.000039,0.0,-0.000052,-0.0,0.0,0.008495,-0.000052,-0.0,-0.000039,0.0,-0.000039,0.0,-0.000052,-0.0,0.0,0.0,0.0,
0.0,-0.159985,0.286537,0.457574,0.0,0.0,0.0,0.002011,0.014591,-0.001864,0.0,0.0,-2.213165,-0.011992,0.0,2.512718,-0.75715,0.0,-2.213165,0.011992,0.0,2.512718,-0.75715,0.0,-0.436104,0.349008,0.0,-0.174482,0.0,0.0,0.0,-0.436104,-0.349008,0.0,-0.174482,0.0,0.0,0.0,0.0,0.008495,-0.000052,-0.0,-0.000039,0.0,-0.000039,0.0,-0.000052,0.0,0.0,0.008495,-0.000052,-0.0,-0.000039,0.0,-0.000039,0.0,-0.000052,0.0,0.0,0.0,0.0,
0.0,-0.159983,0.286552,0.457572,0.0,0.0,0.0,0.002011,0.014591,-0.001864,0.0,0.0,-2.21312,-0.011987,0.0,2.512688,-0.757163,0.0,-2.21312,0.011987,0.0,2.512688,-0.757163,0.0,-0.436091,0.349008,0.0,-0.174482,0.0,-0.0,0.0,-0.436091,-0.349008,0.0,-0.174482,0.0,0.0,0.0,0.0,0.008495,-0.000052,0.0,-0.000039,-0.0,-0.000039,0.0,-0.000052,-0.0,0.0,0.008495,-0.000052,0.0,-0.000039,-0.0,-0.000039,0.0,-0.000052,-0.0,0.0,0.0,0.0,
0.0,-0.159981,0.286566,0.45757,0.0,0.0,0.0,0.002002,0.014572,-0.001997,0.0,0.0,-2.213075,-0.011981,0.0,2.512659,-0.757177,0.0,-2.213075,0.011981,0.0,2.512659,-0.757177,0.0,-0.436078,0.349008,0.0,-0.174482,0.0,0.0,0.0,-0.436078,-0.349008,0.0,-0.174482,0.0,0.0,0.0,0.0,0.008495,-0.000052,0.0,-0.000039,0.0,-0.000039,0.0,-0.000052,-0.0,0.0,0.008495,-0.000052,0.0,-0.000039,0.0,-0.000039,0.0,-0.000052,-0.0,0.0,0.0,0.0,
0.0,-0.159979,0.286581,0.457568,0.0,0.0,0.0,0.002011,0.014591,-0.001864,0.0,0.0,-2.21303,-0.011976,0.0,2.512629,-0.757191,0.0,-2.21303,0.011976,0.0,2.512629,-0.757191,0.0,-0.436065,0.349008,0.0,-0.174482,0.0,0.0,0.0,-0.436065,-0.349008,0.0,-0.174482,0.0,0.0,0.0,0.0,0.008495,-0.000052,0.0,-0.000039,0.0,-0.000039,0.0,-0.000052,0.0,0.0,0.008495,-0.000052,0.0,-0.000039,0.0,-0.000039,0.0,-0.000052,0.0,0.0,0.0,0.0,
0.0,-0.159977,0.286596,0.457566,0.0,0.0,0.0,0.002011,0.014591,-0.001864,0.0,0.0,-2.212985,-0.01197,0.0,2.512599,-0.757205,0.0,-2.212985,0.01197,0.0,2.512599,-0.757205,0.0,-0.436052,0.349008,0.0,-0.174482,0.0,0.0,0.0,-0.436052,-0.349008,0.0,-0.174482,0.0,-0.0,0.0,0.0,0.008495,-0.000052,0.0,-0.000039,-0.0,-0.000039,0.0,-0.000052,0.0,0.0,0.008495,-0.000052,0.0,-0.000039,-0.0,-0.000039,0.0,-0.000052,0.0,0.0,0.0,0.0,
0.0,-0.159975,0.28661,0.457564,0.0,0.0,0.0,0.002011,0.014591,-0.001864,0.0,0.0,-2.21294,-0.011965,0.0,2.51257,-0.757219,0.0,-2.21294,0.011965,0.0,2.51257,-0.757219,0.0,-0.436039,0.349008,0.0,-0.174482,0.0,0.0,0.0,-0.436039,-0.349008,0.0,-0.174482,0.0,-0.0,0.0,0.0,0.008495,-0.000052,0.0,-0.000039,-0.0,-0.000039,0.0,-0.000052,0.0,0.0,0.008495,-0.000052,0.0,-0.000039,-0.0,-0.000039,0.0,-0.000052,0.0,0.0,0.0,0.0,
0.0,-0.159973,0.286625,0.457563,0.0,0.0,0.0,0.002011,0.014572,-0.001864,0.0,0.0,-2.212895,-0.011959,0.0,2.51254,-0.757232,0.0,-2.212895,0.011959,0.0,2.51254,-0.757232,0.0,-0.436026,0.349008,0.0,-0.174482,0.0,0.0,0.0,-0.436026,-0.349008,0.0,-0.174482,0.0,0.0,0.0,0.0,0.008495,-0.000052,0.0,-0.000039,0.0,-0.000039,0.0,-0.000052,0.0,0.0,0.008495,-0.000052,0.0,-0.000039,0.0,-0.000039,0.0,-0.000052,0.0,0.0,0.0,0.0,
0.0,-0.159971,0.286639,0.457561,0.0,0.0,0.0,0.002002,0.014591,-0.001864,0.0,0.0,-2.21285,-0.011954,0.0,2.512511,-0.757246,0.0,-2.21285,0.011954,0.0,2.512511,-0.757246,0.0,-0.436012,0.349008,0.0,-0.174482,0.0,0.0,0.0,-0.436012,-0.349008,0.0,-0.174482,0.0,0.0,0.0,0.0,0.008495,-0.000052,0.0,-0.000039,-0.0,-0.000039,0.0,-0.000052,-0.0,0.0,0.008495,-0.000052,0.0,-0.000039,-0.0,-0.000039,0.0,-0.000052,-0.0,0.0,0.0,0.0,
0.0,-0.159969,0.286654,0.457559,0.0,0.0,0.0,0.002011,0.014591,-0.001864,0.0,0.0,-2.212805,-0.011948,0.0,2.512481,-0.75726,0.0,-2.212805,0.011948,0.0,2.512481,-0.75726,0.0,-0.435999,0.349008,0.0,-0.174482,0.0,0.0,0.0,-0.435999,-0.349008,0.0,-0.174482,0.0,0.0,0.0,0.0,0.008495,-0.000052,0.0,-0.000039,0.0,-0.000039,0.0,-0.000052,0.0,0.0,0.008495,-0.000052,0.0,-0.000039,0.0,-0.000039,0.0,-0.000052,0.0,0.0,0.0,0.0,
0.0,-0.159967,0.286669,0.457557,0.0,0.0,0.0,0.002011,0.014591,-0.001864,0.0,0.0,-2.21276,-0.011943,0.0,2.512451,-0.757274,0.0,-2.21276,0.011943,0.0,2.512451,-0.757274,0.0,-0.435986,0.349008,0.0,-0.174482,0.0,-0.0,0.0,-0.435986,-0.349008,0.0,-0.174482,0.0,0.0,0.0,0.0,0.008495,-0.000052,0.0,-0.000039,0.0,-0.000039,0.0,-0.000052,-0.0,0.0,0.008495,-0.000052,0.0,-0.000039,0.0,-0.000039,0.0,-0.000052,-0.0,0.0,0.0,0.0,
0.0,-0.159965,0.286683,0.457555,0.0,0.0,0.0,0.002011,0.014572,-0.001997,0.0,0.0,-2.212715,-0.011937,0.0,2.512422,-0.757287,0.0,-2.212715,0.011937,0.0,2.512422,-0.757287,0.0,-0.435973,0.349008,0.0,-0.174482,0.0,0.0,0.0,-0.435973,-0.349008,0.0,-0.174482,0.0,0.0,0.0,0.0,0.008495,-0.000052,0.0,-0.000039,0.0,-0.000039,-0.0,-0.000052,0.0,0.0,0.008495,-0.000052,0.0,-0.000039,0.0,-0.000039,-0.0,-0.000052,0.0,0.0,0.0,0.0,
0.0,-0.159963,0.286698,0.457553,0.0,0.0,0.0,0.002011,0.014591,-0.001864,0.0,0.0,-2.21267,-0.011932,0.0,2.512392,-0.757301,0.0,-2.21267,0.011932,0.0,2.512392,-0.757301,0.0,-0.43596,0.349008,0.0,-0.174482,0.0,0.0,0.0,-0.43596,-0.349008,0.0,-0.174482,0.0,0.0,0.0,0.0,0.008495,-0.000052,0.0,-0.000039,0.0,-0.000039,-0.0,-0.000052,0.0,0.0,0.008495,-0.000052,0.0,-0.000039,0.0,-0.000039,-0.0,-0.000052,0.0,0.0,0.0,0.0,
0.0,-0.159961,0.286712,0.457551,0.0,0.0,0.0,0.002002,0.014591,-0.001864,0.0,0.0,-2.212625,-0.011926,0.0,2.512362,-0.757315,0.0,-2.212625,0.011926,0.0,2.512362,-0.757315,0.0,-0.435947,0.349008,0.0,-0.174482,0.0,-0.0,0.0,-0.435947,-0.349008,0.0,-0.174482,0.0,0.0,0.0,0.0,0.008495,-0.000052,-0.0,-0.000039,-0.0,-0.000039,0.0,-0.000052,0.0,0.0,0.008495,-0.000052,-0.0,-0.000039,-0.0,-0.000039,0.0,-0.000052,0.0,0.0,0.0,0.0,
0.0,-0.159959,0.286727,0.457549,0.0,0.0,0.0,0.002011,0.014591,-0.001864,0.0,0.0,-2.21258,-0.011921,0.0,2.512333,-0.757329,0.0,-2.21258,0.011921,-0.0,2.512333,-0.757329,0.0,-0.435934,0.349008,0.0,-0.174482,0.0,0.0,0.0,-0.435934,-0.349008,0.0,-0.174482,0.0,0.0,0.0,0.0,0.008495,-0.000052,0.0,-0.000039,0.0,-0.000039,-0.0,-0.000052,-0.0,0.0,0.008495,-0.000052,0.0,-0.000039,0.0,-0.000039,-0.0,-0.000052,-0.0,0.0,0.0,0.0,
0.0,-0.159957,0.286742,0.457548,0.0,0.0,0.0,0.002011,0.014591,-0.001864,0.0,0.0,-2.212535,-0.011915,0.0,2.512303,-0.757343,0.0,-2.212535,0.011915,0.0,2.512303,-0.757343,0.0,-0.435921,0.349008,0.0,-0.174482,0.0,0.0,0.0,-0.435921,-0.349008,0.0,-0.174482,0.0,0.0,0.0,0.0,0.008495,-0.000052,-0.0,-0.000039,0.0,-0.000039,-0.0,-0.000052,0.0,0.0,0.008495,-0.000052,-0.0,-0.000039,0.0,-0.000039,-0.0,-0.000052,0.0,0.0,0.0,0.0,
0.0,-0.159955,0.286756,0.457546,0.0,0.0,0.0,0.002011,0.014572,-0.001864,0.0,0.0,-2.21249,-0.01191,0.0,2.512274,-0.757356,0.0,-2.21249,0.01191,0.0,2.512274,-0.757356,0.0,-0.435907,0.349008,0.0,-0.174482,0.0,0.0,0.0,-0.435907,-0.349008,0.0,-0.174482,0.0,0.0,0.0,0.0,0.008495,-0.000052,0.0,-0.000039,0.0,-0.000039,0.0,-0.000052,0.0,0.0,0.008495,-0.000052,0.0,-0.000039,0.0,-0.000039,0.0,-0.000052,0.0,0.0,0.0,0.0,
0.0,-0.159953,0.286771,0.457544,0.0,0.0,0.0,0.002011,0.014591,-0.001864,0.0,0.0,-2.212445,-0.011904,0.0,2.512244,-0.75737,0.0,-2.212445,0.011904,0.0,2.512244,-0.75737,0.0,-0.435894,0.349008,0.0,-0.174482,0.0,-0.0,0.0,-0.435894,-0.349008,0.0,-0.174482,0.0,0.0,0.0,0.0,0.008495,-0.000052,-0.0,-0.000039,0.0,-0.000039,0.0,-0.000052,0.0,0.0,0.008495,-0.000052,-0.0,-0.000039,0.0,-0.000039,0.0,-0.000052,0.0,0.0,0.0,0.0,
0.0,-0.159948,0.286804,0.457539,0.0,0.0,0.0,0.004642,0.033589,-0.004394,0.0,0.0,-2.21234,-0.01189,0.0,2.512175,-0.757401,0.0,-2.21234,0.01189,0.0,2.512175,-0.757401,-0.0,-0.435864,0.348997,0.0,-0.174494,0.0,-0.0,0.0,-0.435864,-0.348997,0.0,-0.174494,0.0,0.0,0.0,0.0,0.008495,-0.000052,0.0,-0.000039,0.0,-0.000039,0.0,-0.000052,0.0,0.0,0.008495,-0.000052,0.0,-0.000039,0.0,-0.000039,0.0,-0.000052,0.0,0.0,0.0,0.0,
0.0,-0.159942,0.286847,0.457534,0.0,0.0,0.0,0.005958,0.043107,-0.005593,0.0,0.0,-2.212206,-0.011872,0.0,2.512087,-0.757441,0.0,-2.212206,0.011872,0.0,2.512087,-0.757441,0.0,-0.435824,0.34898,0.0,-0.174513,0.0,0.0,0.0,-0.435824,-0.34898,0.0,-0.174513,0.0,-0.0,0.0,0.0,0.008495,-0.000052,0.0,-0.000039,-0.0,-0.000039,0.0,-0.000052,0.0,0.0,0.008495,-0.000052,0.0,-0.000039,-0.0,-0.000039,0.0,-0.000052,0.0,0.0,0.0,0.0,
0.0,-0.159936,0.286891,0.457528,0.0,0.0,0.0,0.005967,0.043107,-0.005726,0.0,0.0,-2.212071,-0.011853,0.0,2.511998,-0.75748,0.0,-2.212071,0.011853,0.0,2.511998,-0.75748,0.0,-0.435785,0.348964,0.0,-0.174531,0.0,-0.0,0.0,-0.435785,-0.348964,0.0,-0.174531,0.0,0.0,0.0,0.0,0.008495,-0.000052,0.0,-0.000039,-0.0,-0.000039,-0.0,-0.000052,-0.0,0.0,0.008495,-0.000052,0.0,-0.000039,-0.0,-0.000039,-0.0,-0.000052,-0.0,0.0,0.0,0.0,
0.0,-0.15993,0.286934,0.457523,0.0,0.0,0.0,0.005958,0.043107,-0.005593,0.0,0.0,-2.211936,-0.011835,0.0,2.511909,-0.757519,0.0,-2.211936,0.011835,-0.0,2.511909,-0.757519,0.0,-0.435746,0.348947,0.0,-0.174549,0.0,0.0,0.0,-0.435746,-0.348947,0.0,-0.174549,0.0,0.0,0.0,0.0,0.008495,-0.000052,-0.0,-0.000039,-0.0,-0.000039,-0.0,-0.000052,0.0,0.0,0.008495,-0.000052,-0.0,-0.000039,-0.0,-0.000039,-0.0,-0.000052,0.0,0.0,0.0,0.0,
0.0,-0.159924,0.286977,0.457517,0.0,0.0,0.0,0.005967,0.043087,-0.005726,0.0,0.0,-2.211802,-0.011817,0.0,2.511821,-0.757559,0.0,-2.211802,0.011817,0.0,2.511821,-0.757559,0.0,-0.435706,0.34893,0.0,-0.174568,0.0,0.0,0.0,-0.435706,-0.34893,0.0,-0.174568,0.0,0.0,0.0,0.0,0.008495,-0.000052,0.0,-0.000039,0.0,-0.000039,0.0,-0.000052,-0.0,0.0,0.008495,-0.000052,0.0,-0.000039,0.0,-0.000039,0.0,-0.000052,-0.0,0.0,0.0,0.0,
0.0,-0.159918,0.28702,0.457511,0.0,0.0,0.0,0.005958,0.043107,-0.005593,0.0,0.0,-2.211667,-0.011799,0.0,2.511733,-0.757598,0.0,-2.211667,0.011799,0.0,2.511733,-0.757598,0.0,-0.435667,0.348913,0.0,-0.174586,0.0,0.0,0.0,-0.435667,-0.348913,0.0,-0.174586,0.0,-0.0,0.0,0.0,0.008495,-0.000052,0.0,-0.000039,0.0,-0.000039,0.0,-0.000052,0.0,0.0,0.008495,-0.000052,0.0,-0.000039,0.0,-0.000039,0.0,-0.000052,0.0,0.0,0.0,0.0,
0.0,-0.159912,0.287063,0.457506,0.0,0.0,0.0,0.005958,0.043107,-0.005726,0.0,0.0,-2.211533,-0.01178,0.0,2.511644,-0.757638,0.0,-2.211533,0.01178,0.0,2.511644,-0.757638,0.0,-0.435627,0.348897,0.0,-0.174604,0.0,-0.0,0.0,-0.435627,-0.348897,0.0,-0.174604,0.0,0.0,0.0,0.0,0.008495,-0.000052,0.0,-0.000039,-0.0,-0.000039,0.0,-0.000052,0.0,0.0,0.008495,-0.000052,0.0,-0.000039,-0.0,-0.000039,0.0,-0.000052,0.0,0.0,0.0,0.0,
0.0,-0.159906,0.287106,0.4575,0.0,0.0,0.0,0.005967,0.043107,-0.005593,0.0,0.0,-2.211398,-0.011762,0.0,2.511556,-0.757677,0.0,-2.211398,0.011762,0.0,2.511556,-0.757677,0.0,-0.435588,0.34888,0.0,-0.174623,0.0,0.0,0.0,-0.435588,-0.34888,0.0,-0.174623,0.0,0.0,0.0,0.0,0.008495,-0.000052,0.0,-0.000039,-0.0,-0.000039,-0.0,-0.000052,0.0,0.0,0.008495,-0.000052,0.0,-0.000039,-0.0,-0.000039,-0.0,-0.000052,0.0,0.0,0.0,0.0,
0.0,-0.1599,0.287149,0.457494,0.0,0.0,0.0,0.005958,0.043107,-0.005593,0.0,0.0,-2.211264,-0.011744,0.0,2.511467,-0.757717,-0.0,-2.211264,0.011744,0.0,2.511467,-0.757717,0.0,-0.435549,0.348863,0.0,-0.174641,0.0,0.0,0.0,-0.435549,-0.348863,0.0,-0.174641,0.0,0.0,0.0,0.0,0.008495,-0.000052,0.0,-0.000039,0.0,-0.000039,0.0,-0.000052,0.0,0.0,0.008495,-0.000052,0.0,-0.000039,0.0,-0.000039,0.0,-0.000052,0.0,0.0,-0.0,0.0,
0.0,-0.159894,0.287192,0.457489,0.0,0.0,0.0,0.005967,0.043087,-0.005726,0.0,0.0,-2.211129,-0.011725,0.0,2.511378,-0.757756,0.0,-2.211129,0.011725,0.0,2.511378,-0.757756,0.0,-0.435509,0.348846,0.0,-0.17466,0.0,0.0,0.0,-0.435509,-0.348846,0.0,-0.17466,0.0,0.0,0.0,0.0,0.008495,-0.000052,0.0,-0.000039,0.0,-0.000039,-0.0,-0.000052,0.0,0.0,0.008495,-0.000052,0.0,-0.000039,0.0,-0.000039,-0.0,-0.000052,0.0,0.0,0.0,0.0,
0.0,-0.159889,0.287235,0.457483,0.0,0.0,0.0,0.005958,0.043107,-0.005593,0.0,0.0,-2.210995,-0.011707,0.0,2.51129,-0.757795,0.0,-2.210995,0.011707,0.0,2.51129,-0.757795,0.0,-0.43547,0.34883,0.0,-0.174678,0.0,0.0,0.0,-0.43547,-0.34883,0.0,-0.174678,0.0,-0.0,0.0,0.0,0.008495,-0.000052,0.0,-0.000039,-0.0,-0.000039,0.0,-0.000052,0.0,0.0,0.008495,-0.000052,0.0,-0.000039,-0.0,-0.000039,0.0,-0.000052,0.0,0.0,0.0,0.0,
0.0,-0.159883,0.287278,0.457477,0.0,0.0,0.0,0.005958,0.043107,-0.005593,0.0,0.0,-2.21086,-0.011689,0.0,2.511201,-0.757835,0.0,-2.21086,0.011689,0.0,2.511201,-0.757835,0.0,-0.43543,0.348813,0.0,-0.174696,0.0,0.0,0.0,-0.43543,-0.348813,0.0,-0.174696,0.0,0.0,0.0,0.0,0.008495,-0.000052,-0.0,-0.000039,0.0,-0.000039,0.0,-0.000052,0.0,0.0,0.008495,-0.000052,-0.0,-0.000039,0.0,-0.000039,0.0,-0.000052,0.0,0.0,0.0,0.0,
0.0,-0.159877,0.287322,0.457472,0.0,0.0,0.0,0.005967,0.043107,-0.005726,0.0,0.0,-2.210725,-0.01167,0.0,2.511113,-0.757874,0.0,-2.210725,0.01167,0.0,2.511113,-0.757874,0.0,-0.435391,0.348796,0.0,-0.174715,0.0,-0.0,0.0,-0.435391,-0.348796,0.0,-0.174715,0.0,0.0,0.0,0.0,0.008495,-0.000052,-0.0,-0.000039,0.0,-0.000039,-0.0,-0.000052,0.0,0.0,0.008495,-0.000052,-0.0,-0.000039,0.0,-0.000039,-0.0,-0.000052,0.0,0.0,0.0,0.0,
0.0,-0.159871,0.287365,0.457466,0.0,0.0,0.0,0.005958,0.043087,-0.005593,0.0,0.0,-2.210591,-0.011652,0.0,2.511024,-0.757914,0.0,-2.210591,0.011652,0.0,2.511024,-0.757914,0.0,-0.435352,0.34878,0.0,-0.174733,0.0,0.0,0.0,-0.435352,-0.34878,0.0,-0.174733,0.0,-0.0,0.0,0.0,0.008495,-0.000052,-0.0,-0.000039,0.0,-0.000039,-0.0,-0.000052,-0.0,0.0,0.008495,-0.000052,-0.0,-0.000039,0.0,-0.000039,-0.0,-0.000052,-0.0,0.0,0.0,0.0,
0.0,-0.159865,0.287408,0.45746,0.0,0.0,0.0,0.005967,0.043107,-0.005593,0.0,0.0,-2.210456,-0.011634,0.0,2.510936,-0.757953,0.0,-2.210456,0.011634,0.0,2.510936,-0.757953,0.0,-0.435312,0.348763,0.0,-0.174752,0.0,0.0,0.0,-0.435312,-0.348763,0.0,-0.174752,0.0,0.0,0.0,0.0,0.008495,-0.000052,-0.0,-0.000039,-0.0,-0.000039,0.0,-0.000052,0.0,0.0,0.008495,-0.000052,-0.0,-0.000039,-0.0,-0.000039,0.0,-0.000052,0.0,0.0,0.0,0.0,
0.0,-0.159859,0.287451,0.457455,0.0,0.0,0.0,0.005958,0.043107,-0.005726,0.0,0.0,-2.210322,-0.011615,0.0,2.510847,-0.757992,0.0,-2.210322,0.011615,0.0,2.510847,-0.757992,0.0,-0.435273,0.348746,0.0,-0.17477,0.0,-0.0,0.0,-0.435273,-0.348746,0.0,-0.17477,0.0,0.0,0.0,0.0,0.008495,-0.000052,0.0,-0.000039,-0.0,-0.000039,0.0,-0.000052,0.0,0.0,0.008495,-0.000052,0.0,-0.000039,-0.0,-0.000039,0.0,-0.000052,0.0,0.0,0.0,0.0,
0.0,-0.159853,0.287494,0.457449,0.0,0.0,0.0,0.005958,0.043107,-0.005593,0.0,0.0,-2.210187,-0.011597,0.0,2.510759,-0.758032,0.0,-2.210187,0.011597,0.0,2.510759,-0.758032,0.0,-0.435234,0.348729,0.0,-0.174788,0.0,0.0,0.0,-0.435234,-0.348729,0.0,-0.174788,0.0,0.0,0.0,0.0,0.008495,-0.000052,0.0,-0.000039,0.0,-0.000039,-0.0,-0.000052,0.0,0.0,0.008495,-0.000052,0.0,-0.000039,0.0,-0.000039,-0.0,-0.000052,0.0,0.0,0.0,0.0,
0.0,-0.159847,0.287537,0.457444,0.0,0.0,0.0,0.005967,0.043107,-0.005593,0.0,0.0,-2.210053,-0.011579,0.0,2.51067,-0.758071,0.0,-2.210053,0.011579,0.0,2.51067,-0.758071,0.0,-0.435194,0.348713,0.0,-0.174807,0.0,0.0,0.0,-0.435194,-0.348713,0.0,-0.174807,0.0,0.0,0.0,0.0,0.008495,-0.000052,-0.0,-0.000039,0.0,-0.000039,0.0,-0.000052,-0.0,0.0,0.008495,-0.000052,-0.0,-0.000039,0.0,-0.000039,0.0,-0.000052,-0.0,0.0,0.0,0.0,
0.0,-0.159841,0.28758,0.457438,0.0,0.0,0.0,0.005958,0.043087,-0.005593,0.0,0.0,-2.209918,-0.01156,0.0,2.510582,-0.758111,0.0,-2.209918,0.01156,0.0,2.510582,-0.758111,0.0,-0.435155,0.348696,0.0,-0.174825,0.0,-0.0,0.0,-0.435155,-0.348696,0.0,-0.174825,0.0,0.0,0.0,0.0,0.008495,-0.000052,-0.0,-0.000039,-0.0,-0.000039,0.0,-0.000052,-0.0,0.0,0.008495,-0.000052,-0.0,-0.000039,-0.0,-0.000039,0.0,-0.000052,-0.0,0.0,0.0,0.0,
0.0,-0.159835,0.287623,0.457432,0.0,0.0,0.0,0.005967,0.043107,-0.005726,0.0,0.0,-2.209783,-0.011542,0.0,2.510493,-0.75815,0.0,-2.209783,0.011542,0.0,2.510493,-0.75815,0.0,-0.435115,0.348679,0.0,-0.174843,0.0,0.0,0.0,-0.435115,-0.348679,0.0,-0.174843,0.0,-0.0,0.0,0.0,0.008495,-0.000052,0.0,-0.000039,0.0,-0.000039,0.0,-0.000052,0.0,0.0,0.008495,-0.000052,0.0,-0.000039,0.0,-0.000039,0.0,-0.000052,0.0,0.0,0.0,0.0,
0.0,-0.159829,0.287666,0.457427,0.0,0.0,0.0,0.005958,0.043107,-0.005593,0.0,0.0,-2.209649,-0.011524,0.0,2.510405,-0.758189,0.0,-2.209649,0.011524,0.0,2.510405,-0.758189,0.0,-0.435076,0.348662,0.0,-0.174862,0.0,0.0,0.0,-0.435076,-0.348662,0.0,-0.174862,0.0,-0.0,0.0,0.0,0.008495,-0.000052,-0.0,-0.000039,0.0,-0.000039,-0.0,-0.000052,0.0,0.0,0.008495,-0.000052,-0.0,-0.000039,0.0,-0.000039,-0.0,-0.000052,0.0,0.0,0.0,0.0,
0.0,-0.159823,0.287709,0.457421,0.0,0.0,0.0,0.005958,0.043107,-0.005726,0.0,0.0,-2.209514,-0.011506,0.0,2.510316,-0.758229,0.0,-2.209514,0.011506,0.0,2.510316,-0.758229,0.0,-0.435037,0.348646,0.0,-0.17488,0.0,-0.0,0.0,-0.435037,-0.348646,0.0,-0.17488,0.0,0.0,0.0,0.0,0.008495,-0.000052,0.0,-0.000039,0.0,-0.000039,-0.0,-0.000052,0.0,0.0,0.008495,-0.000052,0.0,-0.000039,0.0,-0.000039,-0.0,-0.000052,0.0,0.0,0.0,0.0,
0.0,-0.159817,0.287753,0.457415,0.0,0.0,0.0,0.005967,0.043087,-0.005593,0.0,0.0,-2.20938,-0.011487,0.0,2.510227,-0.758268,0.0,-2.20938,0.011487,0.0,2.510227,-0.758268,0.0,-0.434997,0.348629,0.0,-0.174899,0.0,0.0,0.0,-0.434997,-0.348629,0.0,-0.174899,0.0,0.0,0.0,0.0,0.008495,-0.000052,-0.0,-0.000039,-0.0,-0.000039,0.0,-0.000052,0.0,0.0,0.008495,-0.000052,-0.0,-0.000039,-0.0,-0.000039,0.0,-0.000052,0.0,0.0,0.0,0.0,
0.0,-0.159811,0.287796,0.45741,0.0,0.0,0.0,0.005958,0.043107,-0.005593,0.0,0.0,-2.209245,-0.011469,0.0,2.510139,-0.758308,0.0,-2.209245,0.011469,0.0,2.510139,-0.758308,0.0,-0.434958,0.348612,0.0,-0.174917,0.0,0.0,0.0,-0.434958,-0.348612,0.0,-0.174917,0.0,0.0,0.0,0.0,0.008495,-0.000052,-0.0,-0.000039,0.0,-0.000039,-0.0,-0.000052,-0.0,0.0,0.008495,-0.000052,-0.0,-0.000039,0.0,-0.000039,-0.0,-0.000052,-0.0,0.0,0.0,0.0,
0.0,-0.159805,0.287839,0.457404,0.0,0.0,0.0,0.005967,0.043107,-0.005726,0.0,0.0,-2.209111,-0.011451,0.0,2.51005,-0.758347,0.0,-2.209111,0.011451,0.0,2.51005,-0.758347,0.0,-0.434918,0.348595,0.0,-0.174935,0.0,0.0,0.0,-0.434918,-0.348595,0.0,-0.174935,0.0,0.0,0.0,0.0,0.008495,-0.000052,0.0,-0.000039,-0.0,-0.000039,0.0,-0.000052,0.0,0.0,0.008495,-0.000052,0.0,-0.000039,-0.0,-0.000039,0.0,-0.000052,0.0,0.0,0.0,0.0,
0.0,-0.159799,0.287882,0.457398,0.0,0.0,0.0,0.005958,0.043107,-0.005593,0.0,0.0,-2.208976,-0.011432,0.0,2.509962,-0.758387,0.0,-2.208976,0.011432,0.0,2.509962,-0.758387,0.0,-0.434879,0.348579,0.0,-0.174954,0.0,0.0,0.0,-0.434879,-0.348579,0.0,-0.174954,0.0,0.0,0.0,0.0,0.008495,-0.000052,0.0,-0.000039,0.0,-0.000039,-0.0,-0.000052,0.0,0.0,0.008495,-0.000052,0.0,-0.000039,0.0,-0.000039,-0.0,-0.000052,0.0,0.0,0.0,0.0,
0.0,-0.159793,0.287925,0.457393,0.0,0.0,0.0,0.005967,0.043107,-0.005593,0.0,0.0,-2.208841,-0.011414,0.0,2.509873,-0.758426,0.0,-2.208841,0.011414,0.0,2.509873,-0.758426,0.0,-0.43484,0.348562,0.0,-0.174972,0.0,0.0,0.0,-0.43484,-0.348562,0.0,-0.174972,0.0,0.0,0.0,0.0,0.008495,-0.000052,0.0,-0.000039,-0.0,-0.000039,-0.0,-0.000052,0.0,0.0,0.008495,-0.000052,0.0,-0.000039,-0.0,-0.000039,-0.0,-0.000052,0.0,0.0,0.0,0.0,
0.0,-0.159787,0.287968,0.457387,0.0,0.0,0.0,0.005958,0.043087,-0.005726,0.0,0.0,-2.208707,-0.011396,0.0,2.509785,-0.758465,0.0,-2.208707,0.011396,0.0,2.509785,-0.758465,0.0,-0.4348,0.348545,0.0,-0.17499,0.0,-0.0,0.0,-0.4348,-0.348545,0.0,-0.17499,0.0,0.0,0.0,0.0,0.008495,-0.000052,-0.0,-0.000039,0.0,-0.000039,-0.0,-0.000052,0.0,0.0,0.008495,-0.000052,-0.0,-0.000039,0.0,-0.000039,-0.0,-0.000052,0.0,0.0,0.0,0.0,
0.0,-0.159781,0.288011,0.457382,0.0,0.0,0.0,0.005958,0.043107,-0.005593,0.0,0.0,-2.208572,-0.011377,0.0,2.509696,-0.758505,0.0,-2.208572,0.011377,0.0,2.509696,-0.758505,0.0,-0.434761,0.348529,0.0,-0.175009,0.0,0.0,0.0,-0.434761,-0.348529,0.0,-0.175009,0.0,0.0,0.0,0.0,0.008495,-0.000052,0.0,-0.000039,-0.0,-0.000039,0.0,-0.000052,-0.0,0.0,0.008495,-0.000052,0.0,-0.000039,-0.0,-0.000039,0.0,-0.000052,-0.0,0.0,0.0,0.0,
0.0,-0.159775,0.288054,0.457376,0.0,0.0,0.0,0.005967,0.043107,-0.005726,0.0,0.0,-2.208438,-0.011359,0.0,2.509608,-0.758544,0.0,-2.208438,0.011359,0.0,2.509608,-0.758544,0.0,-0.434722,0.348512,0.0,-0.175027,0.0,-0.0,0.0,-0.434722,-0.348512,0.0,-0.175027,0.0,0.0,0.0,0.0,0.008495,-0.000052,-0.0,-0.000039,0.0,-0.000039,0.0,-0.000052,0.0,0.0,0.008495,-0.000052,-0.0,-0.000039,0.0,-0.000039,0.0,-0.000052,0.0,0.0,0.0,0.0,
0.0,-0.159769,0.288097,0.45737,0.0,0.0,0.0,0.005958,0.043107,-0.005593,0.0,0.0,-2.208303,-0.011341,0.0,2.509519,-0.758584,0.0,-2.208303,0.011341,0.0,2.509519,-0.758584,0.0,-0.434682,0.348495,0.0,-0.175046,0.0,0.0,0.0,-0.434682,-0.348495,0.0,-0.175046,0.0,0.0,0.0,0.0,0.008495,-0.000052,0.0,-0.000039,-0.0,-0.000039,0.0,-0.000052,0.0,0.0,0.008495,-0.000052,0.0,-0.000039,-0.0,-0.000039,0.0,-0.000052,0.0,0.0,0.0,0.0,
0.0,-0.159763,0.28814,0.457365,0.0,0.0,0.0,0.005967,0.043087,-0.005593,0.0,0.0,-2.208169,-0.011322,-0.0,2.509431,-0.758623,0.0,-2.208169,0.011322,0.0,2.509431,-0.758623,0.0,-0.434643,0.348478,0.0,-0.175064,0.0,0.0,0.0,-0.434643,-0.348478,0.0,-0.175064,0.0,0.0,0.0,0.0,0.008495,-0.000052,0.0,-0.000039,0.0,-0.000039,0.0,-0.000052,-0.0,0.0,0.008495,-0.000052,0.0,-0.000039,0.0,-0.000039,0.0,-0.000052,-0.0,0.0,0.0,0.0,
0.0,-0.159757,0.288184,0.457359,0.0,0.0,0.0,0.005958,0.043107,-0.005726,0.0,0.0,-2.208034,-0.011304,-0.0,2.509342,-0.758663,0.0,-2.208034,0.011304,0.0,2.509342,-0.758663,0.0,-0.434603,0.348462,0.0,-0.175082,0.0,0.0,0.0,-0.434603,-0.348462,0.0,-0.175082,0.0,0.0,0.0,0.0,0.008495,-0.000052,-0.0,-0.000039,-0.0,-0.000039,0.0,-0.000052,0.0,0.0,0.008495,-0.000052,-0.0,-0.000039,-0.0,-0.000039,0.0,-0.000052,0.0,0.0,0.0,0.0,
0.0,-0.15975,0.288236,0.457352,0.0,0.0,0.0,0.007244,0.052281,-0.006791,0.0,0.0,-2.20787,-0.011282,0.0,2.509232,-0.75871,0.0,-2.20787,0.011282,0.0,2.509232,-0.75871,0.0,-0.434557,0.348444,0.0,-0.175101,0.0,0.0,0.0,-0.434557,-0.348444,0.0,-0.175101,0.0,-0.0,0.0,0.0,0.008495,-0.000052,-0.0,-0.000039,0.0,-0.000039,0.0,-0.000052,0.0,0.0,0.008495,-0.000052,-0.0,-0.000039,0.0,-0.000039,0.0,-0.000052,0.0,0.0,0.0,0.0,
0.0,-0.15974,0.288307,0.457343,0.0,0.0,0.0,0.009809,0.07063,-0.009454,0.0,0.0,-2.207647,-0.011253,0.0,2.50908,-0.758773,0.0,-2.207647,0.011253,0.0,2.50908,-0.758773,0.0,-0.434495,0.348423,0.0,-0.175122,0.0,0.0,0.0,-0.434495,-0.348423,0.0,-0.175122,0.0,0.0,0.0,0.0,0.008495,-0.000052,-0.0,-0.000039,0.0,-0.000039,0.0,-0.000052,0.0,0.0,0.008495,-0.000052,-0.0,-0.000039,0.0,-0.000039,0.0,-0.000052,0.0,0.0,0.0,0.0,
0.0,-0.15973,0.288377,0.457333,0.0,0.0,0.0,0.009818,0.070649,-0.009454,0.0,0.0,-2.207424,-0.011224,0.0,2.508927,-0.758836,0.0,-2.207424,0.011224,0.0,2.508927,-0.758836,0.0,-0.434433,0.348403,0.0,-0.175142,0.0,0.0,0.0,-0.434433,-0.348403,0.0,-0.175142,0.0,0.0,0.0,0.0,0.008495,-0.000052,0.0,-0.000039,-0.0,-0.000039,0.0,-0.000052,0.0,0.0,0.008495,-0.000052,0.0,-0.000039,-0.0,-0.000039,0.0,-0.000052,0.0,0.0,-0.0,0.0,
0.0,-0.159721,0.288448,0.457324,0.0,0.0,0.0,0.009809,0.07063,-0.009321,0.0,0.0,-2.207201,-0.011194,0.0,2.508775,-0.758899,0.0,-2.207201,0.011194,0.0,2.508775,-0.758899,0.0,-0.434371,0.348382,0.0,-0.175162,0.0,-0.0,0.0,-0.434371,-0.348382,0.0,-0.175162,0.0,0.0,0.0,0.0,0.008495,-0.000052,0.0,-0.000039,0.0,-0.000039,0.0,-0.000052,0.0,0.0,0.008495,-0.000052,0.0,-0.000039,0.0,-0.000039,0.0,-0.000052,0.0,0.0,0.0,0.0,
0.0,-0.159711,0.288518,0.457314,0.0,0.0,0.0,0.009818,0.070649,-0.009454,0.0,0.0,-2.206978,-0.011165,0.0,2.508622,-0.758962,0.0,-2.206978,0.011165,0.0,2.508622,-0.758962,0.0,-0.434309,0.348362,0.0,-0.175182,0.0,0.0,0.0,-0.434309,-0.348362,0.0,-0.175182,0.0,-0.0,0.0,0.0,0.008495,-0.000052,0.0,-0.000039,0.0,-0.000039,0.0,-0.000052,0.0,0.0,0.008495,-0.000052,0.0,-0.000039,0.0,-0.000039,0.0,-0.000052,0.0,0.0,0.0,0.0,
0.0,-0.159701,0.288589,0.457305,0.0,0.0,0.0,0.009809,0.07063,-0.009454,0.0,0.0,-2.206755,-0.011136,0.0,2.508469,-0.759025,0.0,-2.206755,0.011136,0.0,2.508469,-0.759025,0.0,-0.434247,0.348341,0.0,-0.175202,0.0,0.0,0.0,-0.434247,-0.348341,0.0,-0.175202,0.0,0.0,0.0,0.0,0.008495,-0.000052,0.0,-0.000039,-0.0,-0.000039,0.0,-0.000052,0.0,0.0,0.008495,-0.000052,0.0,-0.000039,-0.0,-0.000039,0.0,-0.000052,0.0,0.0,0.0,0.0,
0.0,-0.159691,0.28866,0.457296,0.0,0.0,0.0,0.009809,0.07063,-0.009321,0.0,0.0,-2.206532,-0.011106,0.0,2.508317,-0.759088,0.0,-2.206532,0.011106,0.0,2.508317,-0.759088,0.0,-0.434185,0.348321,0.0,-0.175223,0.0,-0.0,0.0,-0.434185,-0.348321,0.0,-0.175223,0.0,0.0,0.0,0.0,0.008495,-0.000052,0.0,-0.000039,0.0,-0.000039,0.0,-0.000052,0.0,0.0,0.008495,-0.000052,0.0,-0.000039,0.0,-0.000039,0.0,-0.000052,0.0,0.0,0.0,0.0,
0.0,-0.159681,0.28873,0.457286,0.0,0.0,0.0,0.009818,0.070649,-0.009454,0.0,0.0,-2.206309,-0.011077,0.0,2.508164,-0.759151,0.0,-2.206309,0.011077,0.0,2.508164,-0.759151,0.0,-0.434123,0.3483,0.0,-0.175243,0.0,-0.0,0.0,-0.434123,-0.3483,0.0,-0.175243,0.0,0.0,0.0,0.0,0.008495,-0.000052,-0.0,-0.000039,-0.0,-0.000039,0.0,-0.000052,0.0,0.0,0.008495,-0.000052,-0.0,-0.000039,-0.0,-0.000039,0.0,-0.000052,0.0,0.0,0.0,0.0,
0.0,-0.159672,0.288801,0.457277,0.0,0.0,0.0,0.009809,0.07063,-0.009321,0.0,0.0,-2.206086,-0.011048,0.0,2.508012,-0.759215,0.0,-2.206086,0.011048,0.0,2.508012,-0.759215,0.0,-0.434062,0.34828,0.0,-0.175263,0.0,0.0,0.0,-0.434062,-0.34828,0.0,-0.175263,0.0,-0.0,0.0,0.0,0.008495,-0.000052,-0.0,-0.000039,0.0,-0.000039,0.0,-0.000052,0.0,0.0,0.008495,-0.000052,-0.0,-0.000039,0.0,-0.000039,0.0,-0.000052,0.0,0.0,0.0,0.0,
0.0,-0.159662,0.288872,0.457267,0.0,0.0,0.0,0.009818,0.070649,-0.009454,0.0,0.0,-2.205863,-0.011018,0.0,2.507859,-0.759278,0.0,-2.205863,0.011018,0.0,2.507859,-0.759278,0.0,-0.434,0.34826,0.0,-0.175283,0.0,-0.0,0.0,-0.434,-0.34826,0.0,-0.175283,0.0,0.0,0.0,0.0,0.008495,-0.000052,-0.0,-0.000039,0.0,-0.000039,-0.0,-0.000052,0.0,0.0,0.008495,-0.000052,-0.0,-0.000039,0.0,-0.000039,-0.0,-0.000052,0.0,0.0,0.0,0.0,
0.0,-0.159652,0.288942,0.457258,0.0,0.0,0.0,0.009809,0.07063,-0.009321,0.0,0.0,-2.20564,-0.010989,0.0,2.507707,-0.759341,0.0,-2.20564,0.010989,0.0,2.507707,-0.759341,0.0,-0.433938,0.348239,0.0,-0.175304,0.0,0.0,0.0,-0.433938,-0.348239,0.0,-0.175304,0.0,0.0,0.0,0.0,0.008495,-0.000052,-0.0,-0.000039,0.0,-0.000039,0.0,-0.000052,0.0,0.0,0.008495,-0.000052,-0.0,-0.000039,0.0,-0.000039,0.0,-0.000052,0.0,0.0,0.0,0.0,
0.0,-0.159642,0.289013,0.457249,0.0,0.0,0.0,0.009809,0.07063,-0.009454,0.0,0.0,-2.205418,-0.01096,0.0,2.507554,-0.759404,0.0,-2.205418,0.01096,0.0,2.507554,-0.759404,0.0,-0.433876,0.348219,0.0,-0.175324,0.0,0.0,0.0,-0.433876,-0.348219,0.0,-0.175324,0.0,0.0,0.0,0.0,0.008495,-0.000052,-0.0,-0.000039,0.0,-0.000039,0.0,-0.000052,0.0,0.0,0.008495,-0.000052,-0.0,-0.000039,0.0,-0.000039,0.0,-0.000052,0.0,0.0,0.0,0.0,
0.0,-0.159632,0.289084,0.457239,0.0,0.0,0.0,0.009818,0.070649,-0.009321,0.0,0.0,-2.205195,-0.010931,0.0,2.507402,-0.759467,0.0,-2.205195,0.010931,0.0,2.507402,-0.759467,0.0,-0.433814,0.348198,0.0,-0.175344,0.0,0.0,0.0,-0.433814,-0.348198,0.0,-0.175344,0.0,0.0,0.0,0.0,0.008495,-0.000052,-0.0,-0.000039,0.0,-0.000039,0.0,-0.000052,0.0,0.0,0.008495,-0.000052,-0.0,-0.000039,0.0,-0.000039,0.0,-0.000052,0.0,0.0,0.0,0.0,
0.0,-0.159623,0.289154,0.45723,0.0,0.0,0.0,0.009809,0.07063,-0.009454,0.0,0.0,-2.204972,-0.010901,0.0,2.507249,-0.75953,0.0,-2.204972,0.010901,0.0,2.507249,-0.75953,0.0,-0.433752,0.348178,0.0,-0.175364,0.0,0.0,0.0,-0.433752,-0.348178,0.0,-0.175364,0.0,0.0,0.0,0.0,0.008495,-0.000052,0.0,-0.000039,-0.0,-0.000039,0.0,-0.000052,-0.0,0.0,0.008495,-0.000052,0.0,-0.000039,-0.0,-0.000039,0.0,-0.000052,-0.0,0.0,0.0,0.0,
0.0,-0.159613,0.289225,0.45722,0.0,0.0,0.0,0.009818,0.07063,-0.009454,0.0,0.0,-2.204749,-0.010872,0.0,2.507097,-0.759593,0.0,-2.204749,0.010872,0.0,2.507097,-0.759593,0.0,-0.43369,0.348157,0.0,-0.175384,0.0,-0.0,0.0,-0.43369,-0.348157,0.0,-0.175384,0.0,0.0,0.0,0.0,0.008495,-0.000052,-0.0,-0.000039,0.0,-0.000039,0.0,-0.000052,0.0,0.0,0.008495,-0.000052,-0.0,-0.000039,0.0,-0.000039,0.0,-0.000052,0.0,0.0,0.0,0.0,
0.0,-0.159603,0.289295,0.457211,0.0,0.0,0.0,0.009809,0.070649,-0.009321,0.0,0.0,-2.204526,-0.010843,0.0,2.506944,-0.759656,0.0,-2.204526,0.010843,0.0,2.506944,-0.759656,0.0,-0.433628,0.348137,0.0,-0.175405,0.0,0.0,0.0,-0.433628,-0.348137,0.0,-0.175405,0.0,0.0,0.0,0.0,0.008495,-0.000052,0.0,-0.000039,-0.0,-0.000039,0.0,-0.000052,-0.0,0.0,0.008495,-0.000052,0.0,-0.000039,-0.0,-0.000039,0.0,-0.000052,-0.0,0.0,0.0,0.0,
0.0,-0.159593,0.289366,0.457202,0.0,0.0,0.0,0.009809,0.07063,-0.009454,0.0,0.0,-2.204303,-0.010813,0.0,2.506791,-0.759719,0.0,-2.204303,0.010813,0.0,2.506791,-0.759719,0.0,-0.433567,0.348116,0.0,-0.175425,0.0,-0.0,0.0,-0.433567,-0.348116,0.0,-0.175425,0.0,0.0,0.0,0.0,0.008495,-0.000052,0.0,-0.000039,0.0,-0.000039,0.0,-0.000052,0.0,0.0,0.008495,-0.000052,0.0,-0.000039,0.0,-0.000039,0.0,-0.000052,0.0,0.0,0.0,0.0,
0.0,-0.159583,0.289437,0.457192,0.0,0.0,0.0,0.009818,0.070649,-0.009454,0.0,0.0,-2.20408,-0.010784,0.0,2.506639,-0.759782,0.0,-2.20408,0.010784,0.0,2.506639,-0.759782,0.0,-0.433505,0.348096,0.0,-0.175445,0.0,-0.0,0.0,-0.433505,-0.348096,0.0,-0.175445,0.0,0.0,0.0,0.0,0.008495,-0.000052,0.0,-0.000039,0.0,-0.000039,0.0,-0.000052,0.0,0.0,0.008495,-0.000052,0.0,-0.000039,0.0,-0.000039,0.0,-0.000052,0.0,0.0,0.0,0.0,
0.0,-0.159573,0.289507,0.457183,0.0,0.0,0.0,0.009809,0.07063,-0.009321,0.0,0.0,-2.203857,-0.010755,0.0,2.506486,-0.759846,0.0,-2.203857,0.010755,0.0,2.506486,-0.759846,0.0,-0.433443,0.348075,0.0,-0.175465,0.0,0.0,0.0,-0.433443,-0.348075,0.0,-0.175465,0.0,-0.0,0.0,0.0,0.008495,-0.000052,0.0,-0.000039,0.0,-0.000039,-0.0,-0.000052,0.0,0.0,0.008495,-0.000052,0.0,-0.000039,0.0,-0.000039,-0.0,-0.000052,0.0,0.0,0.0,0.0,
0.0,-0.159564,0.289578,0.457173,0.0,0.0,0.0,0.009809,0.07063,-0.009454,0.0,0.0,-2.203634,-0.010725,0.0,2.506334,-0.759909,0.0,-2.203634,0.010725,0.0,2.506334,-0.759909,0.0,-0.433381,0.348055,0.0,-0.175486,0.0,0.0,0.0,-0.433381,-0.348055,0.0,-0.175486,0.0,-0.0,0.0,0.0,0.008495,-0.000052,0.0,-0.000039,0.0,-0.000039,0.0,-0.000052,0.0,0.0,0.008495,-0.000052,0.0,-0.000039,0.0,-0.000039,0.0,-0.000052,0.0,0.0,0.0,0.0,
0.0,-0.159554,0.289649,0.457164,0.0,0.0,0.0,0.009818,0.070649,-0.009321,0.0,0.0,-2.203411,-0.010696,0.0,2.506181,-0.759972,0.0,-2.203411,0.010696,0.0,2.506181,-0.759972,0.0,-0.433319,0.348035,0.0,-0.175506,0.0,0.0,0.0,-0.433319,-0.348035,0.0,-0.175506,0.0,-0.0,0.0,0.0,0.008495,-0.000052,0.0,-0.000039,-0.0,-0.000039,0.0,-0.000052,0.0,0.0,0.008495,-0.000052,0.0,-0.000039,-0.0,-0.000039,0.0,-0.000052,0.0,0.0,0.0,0.0,
0.0,-0.159544,0.289719,0.457155,0.0,0.0,0.0,0.009809,0.07063,-0.009454,0.0,0.0,-2.203188,-0.010667,0.0,2.506029,-0.760035,0.0,-2.203188,0.010667,0.0,2.506029,-0.760035,0.0,-0.433257,0.348014,0.0,-0.175526,0.0,0.0,0.0,-0.433257,-0.348014,0.0,-0.175526,0.0,-0.0,0.0,0.0,0.008495,-0.000052,0.0,-0.000039,0.0,-0.000039,-0.0,-0.000052,0.0,0.0,0.008495,-0.000052,0.0,-0.000039,0.0,-0.000039,-0.0,-0.000052,0.0,0.0,0.0,0.0,
0.0,-0.159534,0.28979,0.457145,0.0,0.0,0.0,0.009818,0.070649,-0.009454,0.0,0.0,-2.202965,-0.010638,0.0,2.505876,-0.760098,0.0,-2.202965,0.010638,0.0,2.505876,-0.760098,0.0,-0.433195,0.347994,0.0,-0.175546,0.0,0.0,0.0,-0.433195,-0.347994,0.0,-0.175546,0.0,0.0,0.0,0.0,0.008495,-0.000052,-0.0,-0.000039,-0.0,-0.000039,0.0,-0.000052,0.0,0.0,0.008495,-0.000052,-0.0,-0.000039,-0.0,-0.000039,0.0,-0.000052,0.0,0.0,0.0,0.0,
0.0,-0.159524,0.289861,0.457136,0.0,0.0,0.0,0.009809,0.07063,-0.009321,0.0,0.0,-2.202742,-0.010608,0.0,2.505724,-0.760161,0.0,-2.202742,0.010608,0.0,2.505724,-0.760161,0.0,-0.433133,0.347973,0.0,-0.175566,0.0,-0.0,0.0,-0.433133,-0.347973,0.0,-0.175566,0.0,0.0,0.0,0.0,0.008495,-0.000052,-0.0,-0.000039,-0.0,-0.000039,-0.0,-0.000052,-0.0,0.0,0.008495,-0.000052,-0.0,-0.000039,-0.0,-0.000039,-0.0,-0.000052,-0.0,0.0,0.0,0.0,
0.0,-0.159515,0.289931,0.457126,0.0,0.0,0.0,0.009809,0.07063,-0.009454,0.0,0.0,-2.202519,-0.010579,0.0,2.505571,-0.760224,0.0,-2.202519,0.010579,0.0,2.505571,-0.760224,0.0,-0.433072,0.347953,0.0,-0.175587,0.0,0.0,0.0,-0.433072,-0.347953,0.0,-0.175587,0.0,0.0,0.0,0.0,0.008495,-0.000052,0.0,-0.000039,-0.0,-0.000039,0.0,-0.000052,0.0,0.0,0.008495,-0.000052,0.0,-0.000039,-0.0,-0.000039,0.0,-0.000052,0.0,0.0,0.0,0.0,
0.0,-0.159505,0.290002,0.457117,0.0,0.0,0.0,0.009818,0.070649,-0.009321,0.0,0.0,-2.202296,-0.01055,0.0,2.505419,-0.760287,0.0,-2.202296,0.01055,0.0,2.505419,-0.760287,0.0,-0.43301,0.347932,0.0,-0.175607,0.0,-0.0,0.0,-0.43301,-0.347932,0.0,-0.175607,0.0,0.0,0.0,0.0,0.008495,-0.000052,-0.0,-0.000039,-0.0,-0.000039,0.0,-0.000052,0.0,0.0,0.008495,-0.000052,-0.0,-0.000039,-0.0,-0.000039,0.0,-0.000052,0.0,0.0,0.0,0.0,
0.0,-0.159495,0.290072,0.457108,0.0,0.0,0.0,0.009809,0.07063,-0.009454,0.0,0.0,-2.202073,-0.01052,0.0,2.505266,-0.76035,-0.0,-2.202073,0.01052,0.0,2.505266,-0.76035,0.0,-0.432948,0.347912,0.0,-0.175627,0.0,0.0,0.0,-0.432948,-0.347912,0.0,-0.175627,0.0,0.0,0.0,0.0,0.008495,-0.000052,0.0,-0.000039,-0.0,-0.000039,0.0,-0.000052,-0.0,0.0,0.008495,-0.000052,0.0,-0.000039,-0.0,-0.000039,0.0,-0.000052,-0.0,0.0,0.0,0.0,
0.0,-0.159485,0.290143,0.457098,0.0,0.0,0.0,0.009818,0.070649,-0.009454,0.0,0.0,-2.20185,-0.010491,0.0,2.505114,-0.760413,0.0,-2.20185,0.010491,0.0,2.505114,-0.760413,0.0,-0.432886,0.347891,0.0,-0.175647,0.0,0.0,0.0,-0.432886,-0.347891,0.0,-0.175647,0.0,0.0,0.0,0.0,0.008495,-0.000052,-0.0,-0.000039,-0.0,-0.000039,0.0,-0.000052,0.0,0.0,0.008495,-0.000052,-0.0,-0.000039,-0.0,-0.000039,0.0,-0.000052,0.0,0.0,-0.0,0.0,
0.0,-0.159475,0.290214,0.457089,0.0,0.0,0.0,0.009809,0.07063,-0.009321,0.0,0.0,-2.201627,-0.010462,0.0,2.504961,-0.760476,0.0,-2.201627,0.010462,0.0,2.504961,-0.760476,0.0,-0.432824,0.347871,0.0,-0.175668,0.0,0.0,0.0,-0.432824,-0.347871,0.0,-0.175668,0.0,0.0,0.0,0.0,0.008495,-0.000052,-0.0,-0.000039,-0.0,-0.000039,-0.0,-0.000052,0.0,0.0,0.008495,-0.000052,-0.0,-0.000039,-0.0,-0.000039,-0.0,-0.000052,0.0,0.0,0.0,0.0,
0.0,-0.159466,0.290284,0.457079,0.0,0.0,0.0,0.009809,0.07063,-0.009454,0.0,0.0,-2.201404,-0.010432,0.0,2.504808,-0.76054,0.0,-2.201404,0.010432,0.0,2.504808,-0.76054,0.0,-0.432762,0.347851,0.0,-0.175688,0.0,0.0,0.0,-0.432762,-0.347851,0.0,-0.175688,0.0,0.0,0.0,0.0,0.008495,-0.000052,-0.0,-0.000039,0.0,-0.000039,0.0,-0.000052,0.0,0.0,0.008495,-0.000052,-0.0,-0.000039,0.0,-0.000039,0.0,-0.000052,0.0,0.0,0.0,0.0,
0.0,-0.159456,0.290355,0.45707,0.0,0.0,0.0,0.009818,0.070649,-0.009321,0.0,0.0,-2.201181,-0.010403,0.0,2.504656,-0.760603,0.0,-2.201181,0.010403,0.0,2.504656,-0.760603,0.0,-0.4327,0.34783,0.0,-0.175708,0.0,0.0,0.0,-0.4327,-0.34783,0.0,-0.175708,0.0,-0.0,0.0,0.0,0.008495,-0.000052,-0.0,-0.000039,0.0,-0.000039,-0.0,-0.000052,0.0,0.0,0.008495,-0.000052,-0.0,-0.000039,0.0,-0.000039,-0.0,-0.000052,0.0,0.0,0.0,0.0,
0.0,-0.159446,0.290426,0.457061,0.0,0.0,0.0,0.009809,0.07063,-0.009454,0.0,0.0,-2.200958,-0.010374,0.0,2.504503,-0.760666,0.0,-2.200958,0.010374,0.0,2.504503,-0.760666,0.0,-0.432638,0.34781,0.0,-0.175728,0.0,0.0,0.0,-0.432638,-0.34781,0.0,-0.175728,0.0,0.0,0.0,0.0,0.008495,-0.000052,-0.0,-0.000039,0.0,-0.000039,0.0,-0.000052,0.0,0.0,0.008495,-0.000052,-0.0,-0.000039,0.0,-0.000039,0.0,-0.000052,0.0,0.0,0.0,0.0,
0.0,-0.159436,0.290496,0.457051,0.0,0.0,0.0,0.009818,0.07063,-0.009321,0.0,0.0,-2.200735,-0.010345,0.0,2.504351,-0.760729,0.0,-2.200735,0.010345,0.0,2.504351,-0.760729,0.0,-0.432577,0.347789,0.0,-0.175748,0.0,0.0,0.0,-0.432577,-0.347789,0.0,-0.175748,0.0,0.0,0.0,0.0,0.008495,-0.000052,0.0,-0.000039,0.0,-0.000039,-0.0,-0.000052,0.0,0.0,0.008495,-0.000052,0.0,-0.000039,0.0,-0.000039,-0.0,-0.000052,0.0,0.0,0.0,0.0,
0.0,-0.159426,0.290567,0.457042,0.0,0.0,0.0,0.009809,0.070649,-0.009454,0.0,0.0,-2.200512,-0.010315,0.0,2.504198,-0.760792,0.0,-2.200512,0.010315,0.0,2.504198,-0.760792,0.0,-0.432515,0.347769,0.0,-0.175769,0.0,0.0,0.0,-0.432515,-0.347769,0.0,-0.175769,0.0,0.0,0.0,0.0,0.008495,-0.000052,-0.0,-0.000039,0.0,-0.000039,-0.0,-0.000052,0.0,0.0,0.008495,-0.000052,-0.0,-0.000039,0.0,-0.000039,-0.0,-0.000052,0.0,0.0,0.0,0.0,
0.0,-0.159413,0.290664,0.457031,0.0,0.0,0.0,0.013564,0.09718,-0.011318,0.0,0.0,-2.200211,-0.010277,0.0,2.503989,-0.760875,0.0,-2.200211,0.010277,0.0,2.503989,-0.760875,0.0,-0.432428,0.347741,0.0,-0.175798,0.0,0.0,0.0,-0.432428,-0.347741,0.0,-0.175798,0.0,0.0,0.0,0.0,0.008495,-0.000052,-0.0,-0.000039,-0.0,-0.000039,0.0,-0.000052,0.0,0.0,0.008495,-0.000052,-0.0,-0.000039,-0.0,-0.000039,0.0,-0.000052,0.0,0.0,0.0,0.0,
0.0,-0.159399,0.290761,0.457019,0.0,0.0,0.0,0.013555,0.0972,-0.011318,0.0,0.0,-2.19991,-0.010238,0.0,2.50378,-0.760958,0.0,-2.19991,0.010238,0.0,2.50378,-0.760958,0.0,-0.432342,0.347713,0.0,-0.175827,0.0,-0.0,0.0,-0.432342,-0.347713,0.0,-0.175827,0.0,0.0,0.0,0.0,0.008495,-0.000052,-0.0,-0.000039,0.0,-0.000039,0.0,-0.000052,0.0,0.0,0.008495,-0.000052,-0.0,-0.000039,0.0,-0.000039,0.0,-0.000052,0.0,0.0,0.0,0.0,
0.0,-0.159386,0.290858,0.457008,0.0,0.0,0.0,0.013564,0.09718,-0.011185,0.0,0.0,-2.199608,-0.0102,0.0,2.503571,-0.76104,0.0,-2.199608,0.0102,0.0,2.503571,-0.76104,0.0,-0.432256,0.347685,0.0,-0.175857,0.0,0.0,0.0,-0.432256,-0.347685,0.0,-0.175857,0.0,0.0,0.0,0.0,0.008495,-0.000052,0.0,-0.000039,0.0,-0.000039,-0.0,-0.000052,0.0,0.0,0.008495,-0.000052,0.0,-0.000039,0.0,-0.000039,-0.0,-0.000052,0.0,0.0,0.0,0.0,
0.0,-0.159372,0.290956,0.456997,0.0,0.0,0.0,0.013564,0.09718,-0.011318,0.0,0.0,-2.199307,-0.010161,0.0,2.503361,-0.761123,0.0,-2.199307,0.010161,0.0,2.503361,-0.761123,0.0,-0.43217,0.347657,0.0,-0.175886,0.0,0.0,0.0,-0.43217,-0.347657,0.0,-0.175886,0.0,0.0,0.0,0.0,0.008495,-0.000052,0.0,-0.000039,0.0,-0.000039,0.0,-0.000052,-0.0,0.0,0.008495,-0.000052,0.0,-0.000039,0.0,-0.000039,0.0,-0.000052,-0.0,0.0,0.0,0.0,
0.0,-0.159358,0.291053,0.456985,0.0,0.0,0.0,0.013564,0.0972,-0.011318,0.0,0.0,-2.199005,-0.010123,0.0,2.503152,-0.761206,0.0,-2.199005,0.010123,0.0,2.503152,-0.761206,0.0,-0.432083,0.347629,0.0,-0.175916,0.0,-0.0,0.0,-0.432083,-0.347629,0.0,-0.175916,0.0,0.0,0.0,0.0,0.008495,-0.000052,0.0,-0.000039,0.0,-0.000039,-0.0,-0.000052,0.0,0.0,0.008495,-0.000052,0.0,-0.000039,0.0,-0.000039,-0.0,-0.000052,0.0,0.0,0.0,0.0,
0.0,-0.159345,0.29115,0.456974,0.0,0.0,0.0,0.013555,0.09718,-0.011185,0.0,0.0,-2.198704,-0.010085,0.0,2.502943,-0.761289,0.0,-2.198704,0.010085,0.0,2.502943,-0.761289,0.0,-0.431997,0.347601,0.0,-0.175945,0.0,0.0,0.0,-0.431997,-0.347601,0.0,-0.175945,0.0,0.0,0.0,0.0,0.008495,-0.000052,-0.0,-0.000039,0.0,-0.000039,0.0,-0.000052,0.0,0.0,0.008495,-0.000052,-0.0,-0.000039,0.0,-0.000039,0.0,-0.000052,0.0,0.0,0.0,0.0,
0.0,-0.159331,0.291247,0.456963,0.0,0.0,0.0,0.013564,0.0972,-0.011318,0.0,0.0,-2.198402,-0.010046,0.0,2.502733,-0.761372,0.0,-2.198402,0.010046,0.0,2.502733,-0.761372,0.0,-0.431911,0.347574,0.0,-0.175975,0.0,-0.0,0.0,-0.431911,-0.347574,0.0,-0.175975,0.0,0.0,0.0,0.0,0.008495,-0.000052,0.0,-0.000039,-0.0,-0.000039,0.0,-0.000052,0.0,0.0,0.008495,-0.000052,0.0,-0.000039,-0.0,-0.000039,0.0,-0.000052,0.0,0.0,0.0,0.0,
0.0,-0.159318,0.291344,0.456952,0.0,0.0,0.0,0.013564,0.09718,-0.011318,0.0,0.0,-2.198101,-0.010008,0.0,2.502524,-0.761455,0.0,-2.198101,0.010008,0.0,2.502524,-0.761455,0.0,-0.431825,0.347546,0.0,-0.176004,0.0,0.0,0.0,-0.431825,-0.347546,0.0,-0.176004,0.0,-0.0,0.0,0.0,0.008495,-0.000052,0.0,-0.000039,-0.0,-0.000039,-0.0,-0.000052,0.0,0.0,0.008495,-0.000052,0.0,-0.000039,-0.0,-0.000039,-0.0,-0.000052,0.0,0.0,-0.0,0.0,
0.0,-0.159304,0.291442,0.45694,0.0,0.0,0.0,0.013564,0.09718,-0.011185,0.0,0.0,-2.1978,-0.009969,0.0,2.502315,-0.761538,0.0,-2.1978,0.009969,0.0,2.502315,-0.761538,0.0,-0.431739,0.347518,0.0,-0.176033,0.0,0.0,0.0,-0.431739,-0.347518,0.0,-0.176033,0.0,0.0,0.0,0.0,0.008495,-0.000052,0.0,-0.000039,-0.0,-0.000039,0.0,-0.000052,0.0,0.0,0.008495,-0.000052,0.0,-0.000039,-0.0,-0.000039,0.0,-0.000052,0.0,0.0,0.0,0.0,
0.0,-0.159291,0.291539,0.456929,0.0,0.0,0.0,0.013555,0.0972,-0.011318,0.0,0.0,-2.197498,-0.009931,0.0,2.502106,-0.76162,0.0,-2.197498,0.009931,0.0,2.502106,-0.76162,0.0,-0.431652,0.34749,0.0,-0.176063,0.0,0.0,0.0,-0.431652,-0.34749,0.0,-0.176063,0.0,0.0,0.0,0.0,0.008495,-0.000052,0.0,-0.000039,0.0,-0.000039,-0.0,-0.000052,0.0,0.0,0.008495,-0.000052,0.0,-0.000039,0.0,-0.000039,-0.0,-0.000052,0.0,0.0,0.0,0.0,
0.0,-0.159277,0.291636,0.456918,0.0,0.0,0.0,0.013564,0.09718,-0.011318,0.0,0.0,-2.197197,-0.009892,0.0,2.501896,-0.761703,0.0,-2.197197,0.009892,0.0,2.501896,-0.761703,0.0,-0.431566,0.347462,0.0,-0.176092,0.0,0.0,0.0,-0.431566,-0.347462,0.0,-0.176092,0.0,0.0,0.0,0.0,0.008495,-0.000052,-0.0,-0.000039,0.0,-0.000039,0.0,-0.000052,0.0,0.0,0.008495,-0.000052,-0.0,-0.000039,0.0,-0.000039,0.0,-0.000052,0.0,0.0,0.0,0.0,
0.0,-0.159264,0.291733,0.456906,0.0,0.0,0.0,0.013564,0.0972,-0.011318,0.0,0.0,-2.196895,-0.009854,0.0,2.501687,-0.761786,0.0,-2.196895,0.009854,-0.0,2.501687,-0.761786,0.0,-0.43148,0.347434,0.0,-0.176122,0.0,0.0,0.0,-0.43148,-0.347434,0.0,-0.176122,0.0,0.0,0.0,0.0,0.008495,-0.000052,-0.0,-0.000039,0.0,-0.000039,0.0,-0.000052,0.0,0.0,0.008495,-0.000052,-0.0,-0.000039,0.0,-0.000039,0.0,-0.000052,0.0,0.0,0.0,0.0,
0.0,-0.15925,0.29183,0.456895,0.0,0.0,0.0,0.013564,0.09718,-0.011185,0.0,0.0,-2.196594,-0.009815,0.0,2.501478,-0.761869,0.0,-2.196594,0.009815,0.0,2.501478,-0.761869,0.0,-0.431394,0.347406,0.0,-0.176151,0.0,0.0,0.0,-0.431394,-0.347406,0.0,-0.176151,0.0,-0.0,0.0,0.0,0.008495,-0.000052,-0.0,-0.000039,-0.0,-0.000039,0.0,-0.000052,0.0,0.0,0.008495,-0.000052,-0.0,-0.000039,-0.0,-0.000039,0.0,-0.000052,0.0,0.0,0.0,0.0,
0.0,-0.159236,0.291928,0.456884,0.0,0.0,0.0,0.013555,0.09718,-0.011318,0.0,0.0,-2.196292,-0.009777,0.0,2.501269,-0.761952,0.0,-2.196292,0.009777,0.0,2.501269,-0.761952,0.0,-0.431307,0.347378,0.0,-0.17618,0.0,0.0,0.0,-0.431307,-0.347378,0.0,-0.17618,0.0,-0.0,0.0,0.0,0.008495,-0.000052,0.0,-0.000039,0.0,-0.000039,-0.0,-0.000052,0.0,0.0,0.008495,-0.000052,0.0,-0.000039,0.0,-0.000039,-0.0,-0.000052,0.0,0.0,0.0,0.0,
0.0,-0.159223,0.292025,0.456873,0.0,0.0,0.0,0.013564,0.0972,-0.011318,0.0,0.0,-2.195991,-0.009738,0.0,2.501059,-0.762035,0.0,-2.195991,0.009738,0.0,2.501059,-0.762035,0.0,-0.431221,0.34735,0.0,-0.17621,0.0,0.0,0.0,-0.431221,-0.34735,0.0,-0.17621,0.0,0.0,0.0,0.0,0.008495,-0.000052,-0.0,-0.000039,0.0,-0.000039,0.0,-0.000052,0.0,0.0,0.008495,-0.000052,-0.0,-0.000039,0.0,-0.000039,0.0,-0.000052,0.0,0.0,0.0,0.0,
0.0,-0.159209,0.292122,0.456861,0.0,0.0,0.0,0.013564,0.09718,-0.011185,0.0,0.0,-2.19569,-0.0097,0.0,2.50085,-0.762118,0.0,-2.19569,0.0097,0.0,2.50085,-0.762118,0.0,-0.431135,0.347323,0.0,-0.176239,0.0,-0.0,0.0,-0.431135,-0.347323,0.0,-0.176239,0.0,0.0,0.0,0.0,0.008495,-0.000052,-0.0,-0.000039,0.0,-0.000039,-0.0,-0.000052,-0.0,0.0,0.008495,-0.000052,-0.0,-0.000039,0.0,-0.000039,-0.0,-0.000052,-0.0,0.0,0.0,0.0,
0.0,-0.159196,0.292219,0.45685,0.0,0.0,0.0,0.013564,0.09718,-0.011318,0.0,0.0,-2.195388,-0.009662,0.0,2.500641,-0.7622,0.0,-2.195388,0.009662,0.0,2.500641,-0.7622,0.0,-0.431049,0.347295,0.0,-0.176269,0.0,0.0,0.0,-0.431049,-0.347295,0.0,-0.176269,0.0,-0.0,0.0,0.0,0.008495,-0.000052,-0.0,-0.000039,0.0,-0.000039,0.0,-0.000052,0.0,0.0,0.008495,-0.000052,-0.0,-0.000039,0.0,-0.000039,0.0,-0.000052,0.0,0.0,0.0,0.0,
0.0,-0.159182,0.292316,0.456839,0.0,0.0,0.0,0.013555,0.0972,-0.011318,0.0,0.0,-2.195087,-0.009623,0.0,2.500432,-0.762283,0.0,-2.195087,0.009623,0.0,2.500432,-0.762283,0.0,-0.430963,0.347267,0.0,-0.176298,0.0,0.0,0.0,-0.430963,-0.347267,0.0,-0.176298,0.0,0.0,0.0,0.0,0.008495,-0.000052,-0.0,-0.000039,-0.0,-0.000039,0.0,-0.000052,-0.0,0.0,0.008495,-0.000052,-0.0,-0.000039,-0.0,-0.000039,0.0,-0.000052,-0.0,0.0,0.0,0.0,
0.0,-0.159169,0.292413,0.456828,0.0,0.0,0.0,0.013564,0.09718,-0.011185,0.0,0.0,-2.194785,-0.009585,0.0,2.500222,-0.762366,0.0,-2.194785,0.009585,0.0,2.500222,-0.762366,0.0,-0.430876,0.347239,0.0,-0.176327,0.0,0.0,0.0,-0.430876,-0.347239,0.0,-0.176327,0.0,0.0,0.0,0.0,0.008495,-0.000052,-0.0,-0.000039,0.0,-0.000039,0.0,-0.000052,-0.0,0.0,0.008495,-0.000052,-0.0,-0.000039,0.0,-0.000039,0.0,-0.000052,-0.0,0.0,0.0,0.0,
0.0,-0.159155,0.292511,0.456816,0.0,0.0,0.0,0.013564,0.0972,-0.011318,0.0,0.0,-2.194484,-0.009546,0.0,2.500013,-0.762449,0.0,-2.194484,0.009546,0.0,2.500013,-0.762449,0.0,-0.43079,0.347211,0.0,-0.176357,0.0,0.0,0.0,-0.43079,-0.347211,0.0,-0.176357,0.0,0.0,0.0,0.0,0.008495,-0.000052,0.0,-0.000039,0.0,-0.000039,-0.0,-0.000052,-0.0,0.0,0.008495,-0.000052,0.0,-0.000039,0.0,-0.000039,-0.0,-0.000052,-0.0,0.0,0.0,0.0,
0.0,-0.159141,0.292608,0.456805,0.0,0.0,0.0,0.013564,0.09718,-0.011318,0.0,0.0,-2.194182,-0.009508,0.0,2.499804,-0.762532,0.0,-2.194182,0.009508,0.0,2.499804,-0.762532,0.0,-0.430704,0.347183,0.0,-0.176386,0.0,0.0,0.0,-0.430704,-0.347183,0.0,-0.176386,0.0,0.0,0.0,0.0,0.008495,-0.000052,0.0,-0.000039,0.0,-0.000039,0.0,-0.000052,0.0,0.0,0.008495,-0.000052,0.0,-0.000039,0.0,-0.000039,0.0,-0.000052,0.0,0.0,0.0,0.0,
0.0,-0.159128,0.292705,0.456794,0.0,0.0,0.0,0.013564,0.09718,-0.011318,0.0,0.0,-2.193881,-0.009469,0.0,2.499594,-0.762615,0.0,-2.193881,0.009469,0.0,2.499594,-0.762615,0.0,-0.430618,0.347155,0.0,-0.176416,0.0,0.0,0.0,-0.430618,-0.347155,0.0,-0.176416,0.0,-0.0,0.0,0.0,0.008495,-0.000052,0.0,-0.000039,0.0,-0.000039,0.0,-0.000052,0.0,0.0,0.008495,-0.000052,0.0,-0.000039,0.0,-0.000039,0.0,-0.000052,0.0,0.0,0.0,0.0,
0.0,-0.159114,0.292802,0.456782,0.0,0.0,0.0,0.013555,0.0972,-0.011185,0.0,0.0,-2.19358,-0.009431,0.0,2.499385,-0.762698,0.0,-2.19358,0.009431,0.0,2.499385,-0.762698,0.0,-0.430531,0.347127,0.0,-0.176445,0.0,0.0,0.0,-0.430531,-0.347127,0.0,-0.176445,0.0,0.0,0.0,0.0,0.008495,-0.000052,-0.0,-0.000039,0.0,-0.000039,0.0,-0.000052,0.0,0.0,0.008495,-0.000052,-0.0,-0.000039,0.0,-0.000039,0.0,-0.000052,0.0,0.0,0.0,0.0,
0.0,-0.159101,0.292899,0.456771,0.0,0.0,0.0,0.013564,0.09718,-0.011318,0.0,0.0,-2.193278,-0.009392,0.0,2.499176,-0.76278,0.0,-2.193278,0.009392,0.0,2.499176,-0.76278,0.0,-0.430445,0.347099,0.0,-0.176475,0.0,0.0,0.0,-0.430445,-0.347099,0.0,-0.176475,0.0,0.0,0.0,0.0,0.008495,-0.000052,0.0,-0.000039,0.0,-0.000039,0.0,-0.000052,0.0,0.0,0.008495,-0.000052,0.0,-0.000039,0.0,-0.000039,0.0,-0.000052,0.0,0.0,0.0,0.0,
0.0,-0.159087,0.292997,0.45676,0.0,0.0,0.0,0.013564,0.0972,-0.011318,0.0,0.0,-2.192977,-0.009354,0.0,2.498967,-0.762863,0.0,-2.192977,0.009354,0.0,2.498967,-0.762863,0.0,-0.430359,0.347072,0.0,-0.176504,0.0,0.0,0.0,-0.430359,-0.347072,0.0,-0.176504,0.0,0.0,0.0,0.0,0.008495,-0.000052,-0.0,-0.000039,0.0,-0.000039,-0.0,-0.000052,-0.0,0.0,0.008495,-0.000052,-0.0,-0.000039,0.0,-0.000039,-0.0,-0.000052,-0.0,0.0,0.0,0.0,
0.0,-0.159074,0.293094,0.456749,0.0,0.0,0.0,0.013564,0.09718,-0.011185,0.0,0.0,-2.192675,-0.009316,0.0,2.498757,-0.762946,0.0,-2.192675,0.009316,0.0,2.498757,-0.762946,0.0,-0.430273,0.347044,0.0,-0.176533,0.0,0.0,0.0,-0.430273,-0.347044,0.0,-0.176533,0.0,0.0,0.0,0.0,0.008495,-0.000052,0.0,-0.000039,0.0,-0.000039,-0.0,-0.000052,0.0,0.0,0.008495,-0.000052,0.0,-0.000039,0.0,-0.000039,-0.0,-0.000052,0.0,0.0,0.0,0.0,
0.0,-0.15906,0.293191,0.456737,0.0,0.0,0.0,0.013555,0.09718,-0.011318,0.0,0.0,-2.192374,-0.009277,0.0,2.498548,-0.763029,0.0,-2.192374,0.009277,0.0,2.498548,-0.763029,0.0,-0.430187,0.347016,0.0,-0.176563,0.0,-0.0,0.0,-0.430187,-0.347016,0.0,-0.176563,0.0,0.0,0.0,0.0,0.008495,-0.000052,0.0,-0.000039,0.0,-0.000039,0.0,-0.000052,0.0,0.0,0.008495,-0.000052,0.0,-0.000039,0.0,-0.000039,0.0,-0.000052,0.0,0.0,0.0,0.0,
0.0,-0.159047,0.293288,0.456726,0.0,0.0,0.0,0.013564,0.0972,-0.011318,0.0,0.0,-2.192072,-0.009239,0.0,2.498339,-0.763112,0.0,-2.192072,0.009239,0.0,2.498339,-0.763112,0.0,-0.4301,0.346988,0.0,-0.176592,0.0,0.0,0.0,-0.4301,-0.346988,0.0,-0.176592,0.0,0.0,0.0,0.0,0.008495,-0.000052,0.0,-0.000039,-0.0,-0.000039,-0.0,-0.000052,-0.0,0.0,0.008495,-0.000052,0.0,-0.000039,-0.0,-0.000039,-0.0,-0.000052,-0.0,0.0,0.0,0.0,
0.0,-0.159033,0.293385,0.456715,0.0,0.0,0.0,0.013564,0.09718,-0.011318,0.0,0.0,-2.191771,-0.0092,0.0,2.498129,-0.763195,0.0,-2.191771,0.0092,0.0,2.498129,-0.763195,0.0,-0.430014,0.34696,0.0,-0.176622,0.0,0.0,0.0,-0.430014,-0.34696,0.0,-0.176622,0.0,0.0,0.0,0.0,0.008495,-0.000052,0.0,-0.000039,0.0,-0.000039,0.0,-0.000052,0.0,0.0,0.008495,-0.000052,0.0,-0.000039,0.0,-0.000039,0.0,-0.000052,0.0,0.0,0.0,0.0,
0.0,-0.159019,0.293483,0.456703,0.0,0.0,0.0,0.013564,0.0972,-0.011185,0.0,0.0,-2.19147,-0.009162,0.0,2.49792,-0.763277,0.0,-2.19147,0.009162,0.0,2.49792,-0.763277,0.0,-0.429928,0.346932,0.0,-0.176651,0.0,-0.0,0.0,-0.429928,-0.346932,0.0,-0.176651,0.0,0.0,0.0,0.0,0.008495,-0.000052,0.0,-0.000039,-0.0,-0.000039,-0.0,-0.000052,0.0,0.0,0.008495,-0.000052,0.0,-0.000039,-0.0,-0.000039,-0.0,-0.000052,0.0,0.0,0.0,0.0,
0.0,-0.159006,0.29358,0.456692,0.0,0.0,0.0,0.013555,0.09718,-0.011318,0.0,0.0,-2.191168,-0.009123,0.0,2.497711,-0.76336,0.0,-2.191168,0.009123,0.0,2.497711,-0.76336,0.0,-0.429842,0.346904,0.0,-0.17668,0.0,0.0,0.0,-0.429842,-0.346904,0.0,-0.17668,0.0,0.0,0.0,0.0,0.008495,-0.000052,-0.0,-0.000039,0.0,-0.000039,0.0,-0.000052,0.0,0.0,0.008495,-0.000052,-0.0,-0.000039,0.0,-0.000039,0.0,-0.000052,0.0,0.0,0.0,0.0,
0.0,-0.158992,0.293677,0.456681,0.0,0.0,0.0,0.013564,0.09718,-0.011185,0.0,0.0,-2.190867,-0.009085,0.0,2.497502,-0.763443,0.0,-2.190867,0.009085,0.0,2.497502,-0.763443,0.0,-0.429755,0.346876,0.0,-0.17671,0.0,0.0,0.0,-0.429755,-0.346876,0.0,-0.17671,0.0,0.0,0.0,0.0,0.008495,-0.000052,-0.0,-0.000039,0.0,-0.000039,-0.0,-0.000052,0.0,0.0,0.008495,-0.000052,-0.0,-0.000039,0.0,-0.000039,-0.0,-0.000052,0.0,0.0,0.0,0.0,
0.0,-0.158979,0.293774,0.45667,0.0,0.0,0.0,0.013564,0.0972,-0.011318,0.0,0.0,-2.190565,-0.009046,-0.0,2.497292,-0.763526,0.0,-2.190565,0.009046,0.0,2.497292,-0.763526,0.0,-0.429669,0.346848,0.0,-0.176739,0.0,0.0,0.0,-0.429669,-0.346848,0.0,-0.176739,0.0,-0.0,0.0,0.0,0.008495,-0.000052,-0.0,-0.000039,0.0,-0.000039,0.0,-0.000052,-0.0,0.0,0.008495,-0.000052,-0.0,-0.000039,0.0,-0.000039,0.0,-0.000052,-0.0,0.0,0.0,0.0,
0.0,-0.158963,0.293888,0.456655,0.0,0.0,0.0,0.015995,0.114232,-0.015047,0.0,0.0,-2.19021,-0.00901,0.0,2.497046,-0.763619,-0.0,-2.19021,0.00901,0.0,2.497046,-0.763619,0.0,-0.429568,0.346814,0.0,-0.176772,0.0,-0.0,0.0,-0.429568,-0.346814,0.0,-0.176772,0.0,0.0,0.0,0.0,0.008495,-0.000052,0.0,-0.000039,-0.0,-0.000039,0.0,-0.000052,-0.0,0.0,0.008495,-0.000052,0.0,-0.000039,-0.0,-0.000039,0.0,-0.000052,-0.0,0.0,0.0,0.0,
0.0,-0.158946,0.294011,0.456638,0.0,0.0,0.0,0.017206,0.122758,-0.016911,0.0,0.0,-2.189829,-0.008976,0.0,2.496782,-0.763718,0.0,-2.189829,0.008976,0.0,2.496782,-0.763718,0.0,-0.429459,0.346777,0.0,-0.176807,0.0,0.0,0.0,-0.429459,-0.346777,0.0,-0.176807,0.0,0.0,0.0,0.0,0.008495,-0.000052,0.0,-0.000039,0.0,-0.000039,-0.0,-0.000052,0.0,0.0,0.008495,-0.000052,0.0,-0.000039,0.0,-0.000039,-0.0,-0.000052,0.0,0.0,0.0,0.0,
0.0,-0.158928,0.294134,0.456621,0.0,0.0,0.0,0.017215,0.122739,-0.017044,0.0,0.0,-2.189447,-0.008941,0.0,2.496518,-0.763817,0.0,-2.189447,0.008941,0.0,2.496518,-0.763817,0.0,-0.429351,0.34674,0.0,-0.176842,0.0,0.0,0.0,-0.429351,-0.34674,0.0,-0.176842,0.0,0.0,0.0,0.0,0.008495,-0.000052,0.0,-0.000039,-0.0,-0.000039,-0.0,-0.000052,0.0,0.0,0.008495,-0.000052,0.0,-0.000039,-0.0,-0.000039,-0.0,-0.000052,0.0,0.0,0.0,0.0,
0.0,-0.158911,0.294257,0.456604,0.0,0.0,0.0,0.017206,0.122758,-0.016911,0.0,0.0,-2.189066,-0.008906,0.0,2.496254,-0.763916,0.0,-2.189066,0.008906,0.0,2.496254,-0.763916,0.0,-0.429242,0.346703,0.0,-0.176877,0.0,-0.0,0.0,-0.429242,-0.346703,0.0,-0.176877,0.0,0.0,0.0,0.0,0.008495,-0.000052,0.0,-0.000039,0.0,-0.000039,-0.0,-0.000052,-0.0,0.0,0.008495,-0.000052,0.0,-0.000039,0.0,-0.000039,-0.0,-0.000052,-0.0,0.0,0.0,0.0,
0.0,-0.158894,0.294379,0.456587,0.0,0.0,0.0,0.017215,0.122758,-0.016778,0.0,0.0,-2.188684,-0.008871,0.0,2.495989,-0.764014,0.0,-2.188684,0.008871,0.0,2.495989,-0.764014,0.0,-0.429133,0.346666,0.0,-0.176912,0.0,-0.0,0.0,-0.429133,-0.346666,0.0,-0.176912,0.0,0.0,0.0,0.0,0.008495,-0.000052,-0.0,-0.000039,-0.0,-0.000039,0.0,-0.000052,0.0,0.0,0.008495,-0.000052,-0.0,-0.000039,-0.0,-0.000039,0.0,-0.000052,0.0,0.0,0.0,0.0,
0.0,-0.158877,0.294502,0.45657,0.0,0.0,0.0,0.017215,0.122758,-0.017044,0.0,0.0,-2.188303,-0.008836,0.0,2.495725,-0.764113,0.0,-2.188303,0.008836,0.0,2.495725,-0.764113,0.0,-0.429025,0.346629,0.0,-0.176947,0.0,0.0,0.0,-0.429025,-0.346629,0.0,-0.176947,0.0,0.0,0.0,0.0,0.008495,-0.000052,0.0,-0.000039,0.0,-0.000039,-0.0,-0.000052,0.0,0.0,0.008495,-0.000052,0.0,-0.000039,0.0,-0.000039,-0.0,-0.000052,0.0,0.0,0.0,0.0,
0.0,-0.158859,0.294625,0.456553,0.0,0.0,0.0,0.017206,0.122739,-0.016778,0.0,0.0,-2.187921,-0.008802,0.0,2.495461,-0.764212,0.0,-2.187921,0.008802,0.0,2.495461,-0.764212,0.0,-0.428916,0.346591,0.0,-0.176982,0.0,0.0,0.0,-0.428916,-0.346591,0.0,-0.176982,0.0,0.0,0.0,0.0,0.008495,-0.000052,-0.0,-0.000039,0.0,-0.000039,-0.0,-0.000052,0.0,0.0,0.008495,-0.000052,-0.0,-0.000039,0.0,-0.000039,-0.0,-0.000052,0.0,0.0,0.0,0.0,
0.0,-0.158842,0.294748,0.456536,0.0,0.0,0.0,0.017215,0.122758,-0.017044,0.0,0.0,-2.187539,-0.008767,0.0,2.495196,-0.76431,0.0,-2.187539,0.008767,0.0,2.495196,-0.76431,0.0,-0.428807,0.346554,0.0,-0.177017,0.0,-0.0,0.0,-0.428807,-0.346554,0.0,-0.177017,0.0,0.0,0.0,0.0,0.008495,-0.000052,-0.0,-0.000039,0.0,-0.000039,0.0,-0.000052,-0.0,0.0,0.008495,-0.000052,-0.0,-0.000039,0.0,-0.000039,0.0,-0.000052,-0.0,0.0,0.0,0.0,
0.0,-0.158825,0.29487,0.456519,0.0,0.0,0.0,0.017206,0.122758,-0.016911,0.0,0.0,-2.187158,-0.008732,0.0,2.494932,-0.764409,0.0,-2.187158,0.008732,0.0,2.494932,-0.764409,0.0,-0.428699,0.346517,0.0,-0.177052,0.0,0.0,0.0,-0.428699,-0.346517,0.0,-0.177052,0.0,0.0,0.0,0.0,0.008495,-0.000052,0.0,-0.000039,0.0,-0.000039,-0.0,-0.000052,0.0,0.0,0.008495,-0.000052,0.0,-0.000039,0.0,-0.000039,-0.0,-0.000052,0.0,0.0,0.0,0.0,
0.0,-0.158808,0.294993,0.456502,0.0,0.0,0.0,0.017215,0.122758,-0.016911,0.0,0.0,-2.186776,-0.008697,0.0,2.494668,-0.764508,0.0,-2.186776,0.008697,0.0,2.494668,-0.764508,0.0,-0.42859,0.34648,0.0,-0.177087,0.0,0.0,0.0,-0.42859,-0.34648,0.0,-0.177087,0.0,0.0,0.0,0.0,0.008495,-0.000052,0.0,-0.000039,0.0,-0.000039,0.0,-0.000052,0.0,0.0,0.008495,-0.000052,0.0,-0.000039,0.0,-0.000039,0.0,-0.000052,0.0,0.0,0.0,0.0,
0.0,-0.158791,0.295116,0.456485,0.0,0.0,0.0,0.017206,0.122758,-0.016911,0.0,0.0,-2.186394,-0.008662,0.0,2.494404,-0.764606,0.0,-2.186394,0.008662,0.0,2.494404,-0.764606,0.0,-0.428481,0.346443,0.0,-0.177122,0.0,0.0,0.0,-0.428481,-0.346443,0.0,-0.177122,0.0,-0.0,0.0,0.0,0.008495,-0.000052,-0.0,-0.000039,0.0,-0.000039,0.0,-0.000052,-0.0,0.0,0.008495,-0.000052,-0.0,-0.000039,0.0,-0.000039,0.0,-0.000052,-0.0,0.0,0.0,0.0,
0.0,-0.158773,0.295239,0.456468,0.0,0.0,0.0,0.017215,0.122739,-0.016911,0.0,0.0,-2.186013,-0.008628,-0.0,2.494139,-0.764705,0.0,-2.186013,0.008628,0.0,2.494139,-0.764705,0.0,-0.428372,0.346405,0.0,-0.177157,0.0,0.0,0.0,-0.428372,-0.346405,0.0,-0.177157,0.0,-0.0,0.0,0.0,0.008495,-0.000052,-0.0,-0.000039,-0.0,-0.000039,0.0,-0.000052,0.0,0.0,0.008495,-0.000052,-0.0,-0.000039,-0.0,-0.000039,0.0,-0.000052,0.0,0.0,0.0,0.0,
0.0,-0.158756,0.295361,0.456452,0.0,0.0,0.0,0.017206,0.122758,-0.016911,0.0,0.0,-2.185631,-0.008593,0.0,2.493875,-0.764804,0.0,-2.185631,0.008593,0.0,2.493875,-0.764804,0.0,-0.428264,0.346368,0.0,-0.177191,0.0,-0.0,0.0,-0.428264,-0.346368,0.0,-0.177191,0.0,0.0,0.0,0.0,0.008495,-0.000052,-0.0,-0.000039,-0.0,-0.000039,-0.0,-0.000052,-0.0,0.0,0.008495,-0.000052,-0.0,-0.000039,-0.0,-0.000039,-0.0,-0.000052,-0.0,0.0,0.0,0.0,
0.0,-0.158739,0.295484,0.456435,0.0,0.0,0.0,0.017215,0.122758,-0.016911,0.0,0.0,-2.18525,-0.008558,0.0,2.493611,-0.764902,0.0,-2.18525,0.008558,0.0,2.493611,-0.764902,0.0,-0.428155,0.346331,0.0,-0.177226,0.0,-0.0,0.0,-0.428155,-0.346331,0.0,-0.177226,0.0,0.0,0.0,0.0,0.008495,-0.000052,-0.0,-0.000039,0.0,-0.000039,0.0,-0.000052,-0.0,0.0,0.008495,-0.000052,-0.0,-0.000039,0.0,-0.000039,0.0,-0.000052,-0.0,0.0,0.0,0.0,
0.0,-0.158722,0.295607,0.456418,0.0,0.0,0.0,0.017215,0.122758,-0.016911,0.0,0.0,-2.184868,-0.008523,0.0,2.493346,-0.765001,0.0,-2.184868,0.008523,0.0,2.493346,-0.765001,0.0,-0.428046,0.346294,0.0,-0.177261,0.0,0.0,0.0,-0.428046,-0.346294,0.0,-0.177261,0.0,0.0,0.0,0.0,0.008495,-0.000052,-0.0,-0.000039,0.0,-0.000039,0.0,-0.000052,0.0,0.0,0.008495,-0.000052,-0.0,-0.000039,0.0,-0.000039,0.0,-0.000052,0.0,0.0,0.0,0.0,
0.0,-0.158705,0.29573,0.456401,0.0,0.0,0.0,0.017206,0.122758,-0.016911,0.0,0.0,-2.184487,-0.008488,0.0,2.493082,-0.7651,0.0,-2.184487,0.008488,0.0,2.493082,-0.7651,0.0,-0.427938,0.346257,0.0,-0.177296,0.0,0.0,0.0,-0.427938,-0.346257,0.0,-0.177296,0.0,-0.0,0.0,0.0,0.008495,-0.000052,0.0,-0.000039,-0.0,-0.000039,0.0,-0.000052,0.0,0.0,0.008495,-0.000052,0.0,-0.000039,-0.0,-0.000039,0.0,-0.000052,0.0,0.0,0.0,0.0,
0.0,-0.158687,0.295852,0.456384,0.0,0.0,0.0,0.017215,0.122739,-0.016911,0.0,0.0,-2.184105,-0.008454,0.0,2.492818,-0.765198,0.0,-2.184105,0.008454,0.0,2.492818,-0.765198,0.0,-0.427829,0.34622,0.0,-0.177331,0.0,-0.0,0.0,-0.427829,-0.34622,0.0,-0.177331,0.0,0.0,0.0,0.0,0.008495,-0.000052,0.0,-0.000039,0.0,-0.000039,0.0,-0.000052,-0.0,0.0,0.008495,-0.000052,0.0,-0.000039,0.0,-0.000039,0.0,-0.000052,-0.0,0.0,0.0,0.0,
0.0,-0.15867,0.295975,0.456367,0.0,0.0,0.0,0.017206,0.122758,-0.016911,0.0,0.0,-2.183723,-0.008419,0.0,2.492554,-0.765297,0.0,-2.183723,0.008419,0.0,2.492554,-0.765297,0.0,-0.42772,0.346182,0.0,-0.177366,0.0,0.0,0.0,-0.42772,-0.346182,0.0,-0.177366,0.0,0.0,0.0,0.0,0.008495,-0.000052,-0.0,-0.000039,0.0,-0.000039,-0.0,-0.000052,0.0,0.0,0.008495,-0.000052,-0.0,-0.000039,0.0,-0.000039,-0.0,-0.000052,0.0,0.0,0.0,0.0,
0.0,-0.158653,0.296098,0.45635,0.0,0.0,0.0,0.017215,0.122758,-0.016911,0.0,0.0,-2.183342,-0.008384,0.0,2.492289,-0.765396,0.0,-2.183342,0.008384,0.0,2.492289,-0.765396,0.0,-0.427612,0.346145,0.0,-0.177401,0.0,0.0,0.0,-0.427612,-0.346145,0.0,-0.177401,0.0,0.0,0.0,0.0,0.008495,-0.000052,0.0,-0.000039,-0.0,-0.000039,-0.0,-0.000052,0.0,0.0,0.008495,-0.000052,0.0,-0.000039,-0.0,-0.000039,-0.0,-0.000052,0.0,0.0,0.0,0.0,
0.0,-0.158636,0.296221,0.456333,0.0,0.0,0.0,0.017206,0.122758,-0.016911,0.0,0.0,-2.18296,-0.008349,0.0,2.492025,-0.765495,0.0,-2.18296,0.008349,0.0,2.492025,-0.765495,0.0,-0.427503,0.346108,0.0,-0.177436,0.0,0.0,0.0,-0.427503,-0.346108,0.0,-0.177436,0.0,0.0,0.0,0.0,0.008495,-0.000052,0.0,-0.000039,-0.0,-0.000039,-0.0,-0.000052,0.0,0.0,0.008495,-0.000052,0.0,-0.000039,-0.0,-0.000039,-0.0,-0.000052,0.0,0.0,0.0,0.0,
0.0,-0.158619,0.296343,0.456316,0.0,0.0,0.0,0.017215,0.122758,-0.016911,0.0,0.0,-2.182579,-0.008314,0.0,2.491761,-0.765593,0.0,-2.182579,0.008314,0.0,2.491761,-0.765593,0.0,-0.427394,0.346071,0.0,-0.177471,0.0,0.0,0.0,-0.427394,-0.346071,0.0,-0.177471,0.0,0.0,0.0,0.0,0.008495,-0.000052,-0.0,-0.000039,0.0,-0.000039,-0.0,-0.000052,0.0,0.0,0.008495,-0.000052,-0.0,-0.000039,0.0,-0.000039,-0.0,-0.000052,0.0,0.0,0.0,0.0,
0.0,-0.158601,0.296466,0.456299,0.0,0.0,0.0,0.017206,0.122739,-0.017044,0.0,0.0,-2.182197,-0.00828,0.0,2.491497,-0.765692,0.0,-2.182197,0.00828,0.0,2.491497,-0.765692,0.0,-0.427286,0.346034,0.0,-0.177506,0.0,0.0,0.0,-0.427286,-0.346034,0.0,-0.177506,0.0,0.0,0.0,0.0,0.008495,-0.000052,-0.0,-0.000039,0.0,-0.000039,0.0,-0.000052,0.0,0.0,0.008495,-0.000052,-0.0,-0.000039,0.0,-0.000039,0.0,-0.000052,0.0,0.0,-0.0,0.0,
0.0,-0.158584,0.296589,0.456282,0.0,0.0,0.0,0.017215,0.122758,-0.016911,0.0,0.0,-2.181815,-0.008245,0.0,2.491232,-0.765791,0.0,-2.181815,0.008245,0.0,2.491232,-0.765791,0.0,-0.427177,0.345996,0.0,-0.177541,0.0,0.0,0.0,-0.427177,-0.345996,0.0,-0.177541,0.0,0.0,0.0,0.0,0.008495,-0.000052,0.0,-0.000039,0.0,-0.000039,0.0,-0.000052,0.0,0.0,0.008495,-0.000052,0.0,-0.000039,0.0,-0.000039,0.0,-0.000052,0.0,0.0,0.0,0.0,
0.0,-0.158567,0.296712,0.456266,0.0,0.0,0.0,0.017206,0.122758,-0.016778,0.0,0.0,-2.181434,-0.00821,0.0,2.490968,-0.765889,0.0,-2.181434,0.00821,0.0,2.490968,-0.765889,0.0,-0.427068,0.345959,0.0,-0.177576,0.0,-0.0,0.0,-0.427068,-0.345959,0.0,-0.177576,0.0,0.0,0.0,0.0,0.008495,-0.000052,0.0,-0.000039,0.0,-0.000039,-0.0,-0.000052,0.0,0.0,0.008495,-0.000052,0.0,-0.000039,0.0,-0.000039,-0.0,-0.000052,0.0,0.0,0.0,0.0,
0.0,-0.15855,0.296834,0.456248,0.0,0.0,0.0,0.017215,0.122758,-0.017044,0.0,0.0,-2.181052,-0.008175,0.0,2.490704,-0.765988,0.0,-2.181052,0.008175,0.0,2.490704,-0.765988,0.0,-0.42696,0.345922,0.0,-0.177611,0.0,-0.0,0.0,-0.42696,-0.345922,0.0,-0.177611,0.0,0.0,0.0,0.0,0.008495,-0.000052,-0.0,-0.000039,0.0,-0.000039,-0.0,-0.000052,-0.0,0.0,0.008495,-0.000052,-0.0,-0.000039,0.0,-0.000039,-0.0,-0.000052,-0.0,0.0,0.0,0.0,
0.0,-0.158532,0.296957,0.456232,0.0,0.0,0.0,0.017215,0.122758,-0.016911,0.0,0.0,-2.180671,-0.008141,0.0,2.490439,-0.766087,0.0,-2.180671,0.008141,0.0,2.490439,-0.766087,0.0,-0.426851,0.345885,0.0,-0.177646,0.0,0.0,0.0,-0.426851,-0.345885,0.0,-0.177646,0.0,0.0,0.0,0.0,0.008495,-0.000052,0.0,-0.000039,0.0,-0.000039,-0.0,-0.000052,-0.0,0.0,0.008495,-0.000052,0.0,-0.000039,0.0,-0.000039,-0.0,-0.000052,-0.0,0.0,0.0,0.0,
0.0,-0.158515,0.29708,0.456215,0.0,0.0,0.0,0.017206,0.122739,-0.016911,0.0,0.0,-2.180289,-0.008106,0.0,2.490175,-0.766185,0.0,-2.180289,0.008106,0.0,2.490175,-0.766185,0.0,-0.426742,0.345848,0.0,-0.17768,0.0,0.0,0.0,-0.426742,-0.345848,0.0,-0.17768,0.0,0.0,0.0,0.0,0.008495,-0.000052,0.0,-0.000039,0.0,-0.000039,0.0,-0.000052,-0.0,0.0,0.008495,-0.000052,0.0,-0.000039,0.0,-0.000039,0.0,-0.000052,-0.0,0.0,0.0,0.0,
0.0,-0.158498,0.297203,0.456198,0.0,0.0,0.0,0.017215,0.122758,-0.016911,0.0,0.0,-2.179907,-0.008071,0.0,2.489911,-0.766284,0.0,-2.179907,0.008071,0.0,2.489911,-0.766284,0.0,-0.426634,0.345811,0.0,-0.177715,0.0,0.0,0.0,-0.426634,-0.345811,0.0,-0.177715,0.0,-0.0,0.0,0.0,0.008495,-0.000052,0.0,-0.000039,0.0,-0.000039,0.0,-0.000052,0.0,0.0,0.008495,-0.000052,0.0,-0.000039,0.0,-0.000039,0.0,-0.000052,0.0,0.0,0.0,0.0,
0.0,-0.158481,0.297325,0.456181,0.0,0.0,0.0,0.017206,0.122758,-0.016911,0.0,0.0,-2.179526,-0.008036,0.0,2.489647,-0.766383,0.0,-2.179526,0.008036,0.0,2.489647,-0.766383,0.0,-0.426525,0.345773,0.0,-0.17775,0.0,0.0,0.0,-0.426525,-0.345773,0.0,-0.17775,0.0,-0.0,0.0,0.0,0.008495,-0.000052,-0.0,-0.000039,0.0,-0.000039,0.0,-0.000052,-0.0,0.0,0.008495,-0.000052,-0.0,-0.000039,0.0,-0.000039,0.0,-0.000052,-0.0,0.0,0.0,0.0,
0.0,-0.158464,0.297448,0.456164,0.0,0.0,0.0,0.017215,0.122758,-0.016911,0.0,0.0,-2.179144,-0.008001,0.0,2.489382,-0.766481,0.0,-2.179144,0.008001,0.0,2.489382,-0.766481,0.0,-0.426416,0.345736,0.0,-0.177785,0.0,-0.0,0.0,-0.426416,-0.345736,0.0,-0.177785,0.0,0.0,0.0,0.0,0.008495,-0.000052,0.0,-0.000039,0.0,-0.000039,0.0,-0.000052,0.0,0.0,0.008495,-0.000052,0.0,-0.000039,0.0,-0.000039,0.0,-0.000052,0.0,0.0,0.0,0.0,
0.0,-0.158446,0.297571,0.456147,0.0,0.0,0.0,0.017206,0.122758,-0.016911,0.0,0.0,-2.178763,-0.007967,0.0,2.489118,-0.76658,0.0,-2.178763,0.007967,0.0,2.489118,-0.76658,0.0,-0.426308,0.345699,0.0,-0.17782,0.0,-0.0,0.0,-0.426308,-0.345699,0.0,-0.17782,0.0,0.0,0.0,0.0,0.008495,-0.000052,-0.0,-0.000039,-0.0,-0.000039,0.0,-0.000052,-0.0,0.0,0.008495,-0.000052,-0.0,-0.000039,-0.0,-0.000039,0.0,-0.000052,-0.0,0.0,0.0,0.0,
0.0,-0.158429,0.297694,0.45613,0.0,0.0,0.0,0.017215,0.122739,-0.016911,0.0,0.0,-2.178381,-0.007932,0.0,2.488854,-0.766679,0.0,-2.178381,0.007932,0.0,2.488854,-0.766679,0.0,-0.426199,0.345662,0.0,-0.177855,0.0,-0.0,0.0,-0.426199,-0.345662,0.0,-0.177855,0.0,0.0,0.0,0.0,0.008495,-0.000052,0.0,-0.000039,0.0,-0.000039,0.0,-0.000052,0.0,0.0,0.008495,-0.000052,0.0,-0.000039,0.0,-0.000039,0.0,-0.000052,0.0,0.0,0.0,0.0,
0.0,-0.158412,0.297816,0.456113,0.0,0.0,0.0,0.017206,0.122758,-0.016911,0.0,0.0,-2.177999,-0.007897,0.0,2.48859,-0.766778,0.0,-2.177999,0.007897,0.0,2.48859,-0.766778,-0.0,-0.42609,0.345625,0.0,-0.17789,0.0,0.0,0.0,-0.42609,-0.345625,0.0,-0.17789,0.0,-0.0,0.0,0.0,0.008495,-0.000052,0.0,-0.000039,0.0,-0.000039,-0.0,-0.000052,-0.0,0.0,0.008495,-0.000052,0.0,-0.000039,0.0,-0.000039,-0.0,-0.000052,-0.0,0.0,0.0,0.0,
0.0,-0.158394,0.297947,0.456095,0.0,0.0,0.0,0.018397,0.13096,-0.018243,0.0,0.0,-2.177595,-0.007874,0.0,2.488307,-0.766881,0.0,-2.177595,0.007874,0.0,2.488307,-0.766881,0.0,-0.425974,0.345586,0.0,-0.177928,0.0,0.0,0.0,-0.425974,-0.345586,0.0,-0.177928,0.0,0.0,0.0,0.0,0.008495,-0.000052,-0.0,-0.000039,0.0,-0.000039,-0.0,-0.000052,0.0,0.0,0.008495,-0.000052,-0.0,-0.000039,0.0,-0.000039,-0.0,-0.000052,0.0,0.0,0.0,0.0,
0.0,-0.158373,0.298095,0.456074,0.0,0.0,0.0,0.020761,0.147325,-0.02064,0.0,0.0,-2.177144,-0.007874,0.0,2.487991,-0.766993,0.0,-2.177144,0.007874,0.0,2.487991,-0.766993,0.0,-0.425843,0.345543,0.0,-0.177972,0.0,-0.0,0.0,-0.425843,-0.345543,0.0,-0.177972,0.0,0.0,0.0,0.0,0.008495,-0.000052,-0.0,-0.000039,0.0,-0.000039,0.0,-0.000052,-0.0,0.0,0.008495,-0.000052,-0.0,-0.000039,0.0,-0.000039,0.0,-0.000052,-0.0,0.0,0.0,0.0,
0.0,-0.158352,0.298242,0.456054,0.0,0.0,0.0,0.020761,0.147344,-0.02064,0.0,0.0,-2.176692,-0.007874,0.0,2.487673,-0.767106,0.0,-2.176692,0.007874,0.0,2.487673,-0.767106,0.0,-0.425712,0.3455,0.0,-0.178016,0.0,-0.0,0.0,-0.425712,-0.3455,0.0,-0.178016,0.0,0.0,0.0,0.0,0.008495,-0.000052,0.0,-0.000039,0.0,-0.000039,-0.0,-0.000052,0.0,0.0,0.008495,-0.000052,0.0,-0.000039,0.0,-0.000039,-0.0,-0.000052,0.0,0.0,0.0,0.0,
0.0,-0.158331,0.298389,0.456033,0.0,0.0,0.0,0.020752,0.147344,-0.020773,0.0,0.0,-2.176241,-0.007874,0.0,2.487356,-0.767219,0.0,-2.176241,0.007874,0.0,2.487356,-0.767219,0.0,-0.425581,0.345457,0.0,-0.17806,0.0,0.0,0.0,-0.425581,-0.345457,0.0,-0.17806,0.0,0.0,0.0,0.0,0.008495,-0.000052,-0.0,-0.000039,0.0,-0.000039,0.0,-0.000052,0.0,0.0,0.008495,-0.000052,-0.0,-0.000039,0.0,-0.000039,0.0,-0.000052,0.0,0.0,0.0,0.0,
0.0,-0.158311,0.298537,0.456012,0.0,0.0,0.0,0.020761,0.147325,-0.02064,0.0,0.0,-2.17579,-0.007874,0.0,2.487039,-0.767331,0.0,-2.17579,0.007874,0.0,2.487039,-0.767331,0.0,-0.42545,0.345415,0.0,-0.178105,0.0,0.0,0.0,-0.42545,-0.345415,0.0,-0.178105,0.0,-0.0,0.0,0.0,0.008495,-0.000052,-0.0,-0.000039,-0.0,-0.000039,0.0,-0.000052,0.0,0.0,0.008495,-0.000052,-0.0,-0.000039,-0.0,-0.000039,0.0,-0.000052,0.0,0.0,0.0,0.0,
0.0,-0.15829,0.298684,0.455992,0.0,0.0,0.0,0.020761,0.147344,-0.02064,0.0,0.0,-2.175339,-0.007874,0.0,2.486722,-0.767444,0.0,-2.175339,0.007874,0.0,2.486722,-0.767444,0.0,-0.425318,0.345372,0.0,-0.178149,0.0,0.0,0.0,-0.425318,-0.345372,0.0,-0.178149,0.0,0.0,0.0,0.0,0.008495,-0.000052,0.0,-0.000039,0.0,-0.000039,0.0,-0.000052,0.0,0.0,0.008495,-0.000052,0.0,-0.000039,0.0,-0.000039,0.0,-0.000052,0.0,0.0,0.0,0.0,
0.0,-0.158269,0.298831,0.455971,0.0,0.0,0.0,0.020752,0.147344,-0.020773,0.0,0.0,-2.174888,-0.007874,0.0,2.486405,-0.767556,0.0,-2.174888,0.007874,-0.0,2.486405,-0.767556,0.0,-0.425187,0.345329,0.0,-0.178193,0.0,0.0,0.0,-0.425187,-0.345329,0.0,-0.178193,0.0,0.0,0.0,0.0,0.008495,-0.000052,-0.0,-0.000039,0.0,-0.000039,-0.0,-0.000052,0.0,0.0,0.008495,-0.000052,-0.0,-0.000039,0.0,-0.000039,-0.0,-0.000052,0.0,0.0,0.0,0.0,
0.0,-0.158248,0.298979,0.45595,0.0,0.0,0.0,0.020761,0.147325,-0.02064,0.0,0.0,-2.174437,-0.007874,0.0,2.486087,-0.767669,0.0,-2.174437,0.007874,0.0,2.486087,-0.767669,0.0,-0.425056,0.345286,0.0,-0.178237,0.0,0.0,0.0,-0.425056,-0.345286,0.0,-0.178237,0.0,0.0,0.0,0.0,0.008495,-0.000052,0.0,-0.000039,0.0,-0.000039,0.0,-0.000052,0.0,0.0,0.008495,-0.000052,0.0,-0.000039,0.0,-0.000039,0.0,-0.000052,0.0,0.0,0.0,0.0,
0.0,-0.158228,0.299126,0.45593,0.0,0.0,0.0,0.020761,0.147344,-0.02064,0.0,0.0,-2.173986,-0.007874,0.0,2.48577,-0.767782,0.0,-2.173986,0.007874,0.0,2.48577,-0.767782,0.0,-0.424925,0.345244,0.0,-0.178281,0.0,0.0,0.0,-0.424925,-0.345244,0.0,-0.178281,0.0,0.0,0.0,0.0,0.008495,-0.000052,0.0,-0.000039,0.0,-0.000039,-0.0,-0.000052,0.0,0.0,0.008495,-0.000052,0.0,-0.000039,0.0,-0.000039,-0.0,-0.000052,0.0,0.0,0.0,0.0,
0.0,-0.158207,0.299273,0.455909,0.0,0.0,0.0,0.020752,0.147344,-0.02064,0.0,0.0,-2.173535,-0.007874,0.0,2.485453,-0.767894,0.0,-2.173535,0.007874,0.0,2.485453,-0.767894,0.0,-0.424794,0.345201,0.0,-0.178325,0.0,0.0,0.0,-0.424794,-0.345201,0.0,-0.178325,0.0,0.0,0.0,0.0,0.008495,-0.000052,-0.0,-0.000039,-0.0,-0.000039,0.0,-0.000052,0.0,0.0,0.008495,-0.000052,-0.0,-0.000039,-0.0,-0.000039,0.0,-0.000052,0.0,0.0,0.0,0.0,
0.0,-0.158186,0.299421,0.455888,0.0,0.0,0.0,0.020761,0.147325,-0.02064,0.0,0.0,-2.173084,-0.007874,0.0,2.485136,-0.768007,0.0,-2.173084,0.007874,0.0,2.485136,-0.768007,0.0,-0.424663,0.345158,0.0,-0.178369,0.0,0.0,0.0,-0.424663,-0.345158,0.0,-0.178369,0.0,0.0,0.0,0.0,0.008495,-0.000052,-0.0,-0.000039,-0.0,-0.000039,0.0,-0.000052,0.0,0.0,0.008495,-0.000052,-0.0,-0.000039,-0.0,-0.000039,0.0,-0.000052,0.0,0.0,0.0,0.0,
0.0,-0.158165,0.299568,0.455868,0.0,0.0,0.0,0.020761,0.147344,-0.020773,0.0,0.0,-2.172633,-0.007874,0.0,2.484819,-0.768119,0.0,-2.172633,0.007874,0.0,2.484819,-0.768119,0.0,-0.424532,0.345115,0.0,-0.178413,0.0,0.0,0.0,-0.424532,-0.345115,0.0,-0.178413,0.0,0.0,0.0,0.0,0.008495,-0.000052,-0.0,-0.000039,-0.0,-0.000039,-0.0,-0.000052,0.0,0.0,0.008495,-0.000052,-0.0,-0.000039,-0.0,-0.000039,-0.0,-0.000052,0.0,0.0,0.0,0.0,
0.0,-0.158145,0.299715,0.455847,0.0,0.0,0.0,0.020761,0.147344,-0.02064,0.0,0.0,-2.172181,-0.007874,0.0,2.484502,-0.768232,0.0,-2.172181,0.007874,0.0,2.484502,-0.768232,0.0,-0.424401,0.345073,0.0,-0.178458,0.0,0.0,0.0,-0.424401,-0.345073,0.0,-0.178458,0.0,0.0,0.0,0.0,0.008495,-0.000052,0.0,-0.000039,0.0,-0.000039,0.0,-0.000052,0.0,0.0,0.008495,-0.000052,0.0,-0.000039,0.0,-0.000039,0.0,-0.000052,0.0,0.0,0.0,0.0,
0.0,-0.158124,0.299863,0.455826,0.0,0.0,0.0,0.020752,0.147325,-0.02064,0.0,0.0,-2.17173,-0.007874,0.0,2.484185,-0.768345,0.0,-2.17173,0.007874,0.0,2.484185,-0.768345,0.0,-0.42427,0.34503,0.0,-0.178502,0.0,0.0,0.0,-0.42427,-0.34503,0.0,-0.178502,0.0,-0.0,0.0,0.0,0.008495,-0.000052,-0.0,-0.000039,0.0,-0.000039,0.0,-0.000052,0.0,0.0,0.008495,-0.000052,-0.0,-0.000039,0.0,-0.000039,0.0,-0.000052,0.0,0.0,0.0,0.0,
0.0,-0.158103,0.30001,0.455805,0.0,0.0,0.0,0.020761,0.147344,-0.020773,0.0,0.0,-2.171279,-0.007874,0.0,2.483867,-0.768457,0.0,-2.171279,0.007874,0.0,2.483867,-0.768457,0.0,-0.424138,0.344987,0.0,-0.178546,0.0,0.0,0.0,-0.424138,-0.344987,0.0,-0.178546,0.0,-0.0,0.0,0.0,0.008495,-0.000052,0.0,-0.000039,0.0,-0.000039,0.0,-0.000052,0.0,0.0,0.008495,-0.000052,0.0,-0.000039,0.0,-0.000039,0.0,-0.000052,0.0,0.0,0.0,0.0,
0.0,-0.158082,0.300157,0.455785,0.0,0.0,0.0,0.020761,0.147325,-0.02064,0.0,0.0,-2.170828,-0.007874,0.0,2.48355,-0.76857,0.0,-2.170828,0.007874,0.0,2.48355,-0.76857,0.0,-0.424007,0.344944,0.0,-0.17859,0.0,-0.0,0.0,-0.424007,-0.344944,0.0,-0.17859,0.0,0.0,0.0,0.0,0.008495,-0.000052,0.0,-0.000039,0.0,-0.000039,0.0,-0.000052,0.0,0.0,0.008495,-0.000052,0.0,-0.000039,0.0,-0.000039,0.0,-0.000052,0.0,0.0,0.0,0.0,
0.0,-0.158061,0.300305,0.455764,0.0,0.0,0.0,0.020752,0.147344,-0.02064,0.0,0.0,-2.170377,-0.007874,0.0,2.483233,-0.768682,0.0,-2.170377,0.007874,0.0,2.483233,-0.768682,0.0,-0.423876,0.344902,0.0,-0.178634,0.0,0.0,0.0,-0.423876,-0.344902,0.0,-0.178634,0.0,0.0,0.0,0.0,0.008495,-0.000052,-0.0,-0.000039,-0.0,-0.000039,0.0,-0.000052,0.0,0.0,0.008495,-0.000052,-0.0,-0.000039,-0.0,-0.000039,0.0,-0.000052,0.0,0.0,0.0,0.0,
0.0,-0.158041,0.300452,0.455743,0.0,0.0,0.0,0.020761,0.147344,-0.020773,0.0,0.0,-2.169926,-0.007874,0.0,2.482916,-0.768795,0.0,-2.169926,0.007874,0.0,2.482916,-0.768795,0.0,-0.423745,0.344859,0.0,-0.178678,0.0,-0.0,0.0,-0.423745,-0.344859,0.0,-0.178678,0.0,0.0,0.0,0.0,0.008495,-0.000052,0.0,-0.000039,0.0,-0.000039,0.0,-0.000052,-0.0,0.0,0.008495,-0.000052,0.0,-0.000039,0.0,-0.000039,0.0,-0.000052,-0.0,0.0,0.0,0.0,
0.0,-0.15802,0.300599,0.455723,0.0,0.0,0.0,0.020761,0.147325,-0.02064,0.0,0.0,-2.169475,-0.007874,0.0,2.482599,-0.768908,0.0,-2.169475,0.007874,0.0,2.482599,-0.768908,0.0,-0.423614,0.344816,0.0,-0.178722,0.0,-0.0,0.0,-0.423614,-0.344816,0.0,-0.178722,0.0,0.0,0.0,0.0,0.008495,-0.000052,0.0,-0.000039,0.0,-0.000039,0.0,-0.000052,0.0,0.0,0.008495,-0.000052,0.0,-0.000039,0.0,-0.000039,0.0,-0.000052,0.0,0.0,0.0,0.0,
0.0,-0.157999,0.300747,0.455702,0.0,0.0,0.0,0.020761,0.147344,-0.02064,0.0,0.0,-2.169024,-0.007874,0.0,2.482282,-0.76902,0.0,-2.169024,0.007874,0.0,2.482282,-0.76902,0.0,-0.423483,0.344773,0.0,-0.178766,0.0,0.0,0.0,-0.423483,-0.344773,0.0,-0.178766,0.0,0.0,0.0,0.0,0.008495,-0.000052,-0.0,-0.000039,0.0,-0.000039,-0.0,-0.000052,0.0,0.0,0.008495,-0.000052,-0.0,-0.000039,0.0,-0.000039,-0.0,-0.000052,0.0,0.0,0.0,0.0,
0.0,-0.157978,0.300894,0.455682,0.0,0.0,0.0,0.020752,0.147344,-0.02064,0.0,0.0,-2.168573,-0.007874,0.0,2.481964,-0.769133,0.0,-2.168573,0.007874,0.0,2.481964,-0.769133,0.0,-0.423352,0.344731,0.0,-0.17881,0.0,-0.0,0.0,-0.423352,-0.344731,0.0,-0.17881,0.0,0.0,0.0,0.0,0.008495,-0.000052,0.0,-0.000039,0.0,-0.000039,0.0,-0.000052,0.0,0.0,0.008495,-0.000052,0.0,-0.000039,0.0,-0.000039,0.0,-0.000052,0.0,0.0,-0.0,0.0,
0.0,-0.157958,0.301041,0.455661,0.0,0.0,0.0,0.020761,0.147325,-0.020773,0.0,0.0,-2.168122,-0.007874,0.0,2.481647,-0.769245,0.0,-2.168122,0.007874,0.0,2.481647,-0.769245,0.0,-0.423221,0.344688,0.0,-0.178855,0.0,0.0,0.0,-0.423221,-0.344688,0.0,-0.178855,0.0,0.0,0.0,0.0,0.008495,-0.000052,0.0,-0.000039,-0.0,-0.000039,0.0,-0.000052,0.0,0.0,0.008495,-0.000052,0.0,-0.000039,-0.0,-0.000039,0.0,-0.000052,0.0,0.0,0.0,0.0,
0.0,-0.157937,0.301189,0.45564,0.0,0.0,0.0,0.020761,0.147344,-0.02064,0.0,0.0,-2.16767,-0.007874,0.0,2.48133,-0.769358,0.0,-2.16767,0.007874,0.0,2.48133,-0.769358,0.0,-0.42309,0.344645,0.0,-0.178899,0.0,0.0,0.0,-0.42309,-0.344645,0.0,-0.178899,0.0,0.0,0.0,0.0,0.008495,-0.000052,-0.0,-0.000039,0.0,-0.000039,0.0,-0.000052,0.0,0.0,0.008495,-0.000052,-0.0,-0.000039,0.0,-0.000039,0.0,-0.000052,0.0,0.0,0.0,0.0,
0.0,-0.157916,0.301336,0.455619,0.0,0.0,0.0,0.020752,0.147344,-0.02064,0.0,0.0,-2.167219,-0.007874,0.0,2.481013,-0.76947,0.0,-2.167219,0.007874,0.0,2.481013,-0.76947,0.0,-0.422958,0.344602,0.0,-0.178943,-0.0,0.0,0.0,-0.422958,-0.344602,0.0,-0.178943,0.0,0.0,0.0,0.0,0.008495,-0.000052,-0.0,-0.000039,-0.0,-0.000039,0.0,-0.000052,0.0,0.0,0.008495,-0.000052,-0.0,-0.000039,-0.0,-0.000039,0.0,-0.000052,0.0,0.0,0.0,0.0,
0.0,-0.157895,0.301484,0.455599,0.0,0.0,0.0,0.020761,0.147325,-0.02064,0.0,0.0,-2.166768,-0.007874,0.0,2.480696,-0.769583,0.0,-2.166768,0.007874,0.0,2.480696,-0.769583,0.0,-0.422827,0.34456,0.0,-0.178987,0.0,0.0,0.0,-0.422827,-0.34456,0.0,-0.178987,0.0,0.0,0.0,0.0,0.008495,-0.000052,0.0,-0.000039,0.0,-0.000039,-0.0,-0.000052,0.0,0.0,0.008495,-0.000052,0.0,-0.000039,0.0,-0.000039,-0.0,-0.000052,0.0,0.0,0.0,0.0,
0.0,-0.157875,0.301631,0.455578,0.0,0.0,0.0,0.020761,0.147344,-0.020773,0.0,0.0,-2.166317,-0.007874,0.0,2.480378,-0.769696,0.0,-2.166317,0.007874,0.0,2.480378,-0.769696,0.0,-0.422696,0.344517,0.0,-0.179031,0.0,-0.0,0.0,-0.422696,-0.344517,0.0,-0.179031,0.0,0.0,0.0,0.0,0.008495,-0.000052,-0.0,-0.000039,0.0,-0.000039,0.0,-0.000052,0.0,0.0,0.008495,-0.000052,-0.0,-0.000039,0.0,-0.000039,0.0,-0.000052,0.0,0.0,0.0,0.0,
0.0,-0.157854,0.301778,0.455557,0.0,0.0,0.0,0.020752,0.147344,-0.02064,0.0,0.0,-2.165866,-0.007874,0.0,2.480062,-0.769808,0.0,-2.165866,0.007874,0.0,2.480062,-0.769808,0.0,-0.422565,0.344474,0.0,-0.179075,0.0,0.0,0.0,-0.422565,-0.344474,0.0,-0.179075,0.0,0.0,0.0,0.0,0.008495,-0.000052,-0.0,-0.000039,0.0,-0.000039,0.0,-0.000052,-0.0,0.0,0.008495,-0.000052,-0.0,-0.000039,0.0,-0.000039,0.0,-0.000052,-0.0,0.0,0.0,0.0,
0.0,-0.157833,0.301926,0.455537,0.0,0.0,0.0,0.020761,0.147325,-0.02064,0.0,0.0,-2.165415,-0.007874,0.0,2.479744,-0.769921,0.0,-2.165415,0.007874,0.0,2.479744,-0.769921,0.0,-0.422434,0.344431,0.0,-0.179119,0.0,-0.0,0.0,-0.422434,-0.344431,0.0,-0.179119,0.0,0.0,0.0,0.0,0.008495,-0.000052,0.0,-0.000039,0.0,-0.000039,-0.0,-0.000052,0.0,0.0,0.008495,-0.000052,0.0,-0.000039,0.0,-0.000039,-0.0,-0.000052,0.0,0.0,0.0,0.0,
0.0,-0.157812,0.302073,0.455516,0.0,0.0,0.0,0.020761,0.147344,-0.020773,0.0,0.0,-2.164964,-0.007874,0.0,2.479427,-0.770033,0.0,-2.164964,0.007874,0.0,2.479427,-0.770033,0.0,-0.422303,0.344389,0.0,-0.179163,0.0,-0.0,0.0,-0.422303,-0.344389,0.0,-0.179163,0.0,0.0,0.0,0.0,0.008495,-0.000052,0.0,-0.000039,-0.0,-0.000039,0.0,-0.000052,-0.0,0.0,0.008495,-0.000052,0.0,-0.000039,-0.0,-0.000039,0.0,-0.000052,-0.0,0.0,0.0,0.0,
0.0,-0.157792,0.30222,0.455495,0.0,0.0,0.0,0.020761,0.147344,-0.02064,0.0,0.0,-2.164513,-0.007874,0.0,2.47911,-0.770146,0.0,-2.164513,0.007874,0.0,2.47911,-0.770146,0.0,-0.422172,0.344346,0.0,-0.179208,0.0,0.0,0.0,-0.422172,-0.344346,0.0,-0.179208,0.0,0.0,0.0,0.0,0.008495,-0.000052,-0.0,-0.000039,0.0,-0.000039,0.0,-0.000052,-0.0,0.0,0.008495,-0.000052,-0.0,-0.000039,0.0,-0.000039,0.0,-0.000052,-0.0,0.0,0.0,0.0,
0.0,-0.157771,0.302368,0.455475,0.0,0.0,0.0,0.020752,0.147325,-0.02064,0.0,0.0,-2.164062,-0.007874,0.0,2.478793,-0.770259,0.0,-2.164062,0.007874,0.0,2.478793,-0.770259,0.0,-0.422041,0.344303,0.0,-0.179252,0.0,-0.0,0.0,-0.422041,-0.344303,0.0,-0.179252,0.0,0.0,0.0,0.0,0.008495,-0.000052,0.0,-0.000039,0.0,-0.000039,0.0,-0.000052,0.0,0.0,0.008495,-0.000052,0.0,-0.000039,0.0,-0.000039,0.0,-0.000052,0.0,0.0,0.0,0.0,
0.0,-0.15775,0.302515,0.455454,0.0,0.0,0.0,0.020761,0.147344,-0.020773,0.0,0.0,-2.163611,-0.007874,0.0,2.478476,-0.770371,0.0,-2.163611,0.007874,0.0,2.478476,-0.770371,0.0,-0.42191,0.34426,0.0,-0.179296,0.0,0.0,0.0,-0.42191,-0.34426,-0.0,-0.179296,0.0,0.0,0.0,0.0,0.008495,-0.000052,-0.0,-0.000039,0.0,-0.000039,0.0,-0.000052,-0.0,0.0,0.008495,-0.000052,-0.0,-0.000039,0.0,-0.000039,0.0,-0.000052,-0.0,0.0,0.0,0.0,
0.0,-0.157729,0.302662,0.455433,0.0,0.0,0.0,0.020761,0.147344,-0.02064,0.0,0.0,-2.163159,-0.007874,0.0,2.478158,-0.770484,0.0,-2.163159,0.007874,0.0,2.478158,-0.770484,0.0,-0.421778,0.344218,0.0,-0.17934,0.0,0.0,0.0,-0.421778,-0.344218,0.0,-0.17934,0.0,-0.0,0.0,0.0,0.008495,-0.000052,0.0,-0.000039,0.0,-0.000039,0.0,-0.000052,-0.0,0.0,0.008495,-0.000052,0.0,-0.000039,0.0,-0.000039,0.0,-0.000052,-0.0,0.0,0.0,0.0,
0.0,-0.157709,0.30281,0.455413,0.0,0.0,0.0,0.020752,0.147325,-0.02064,0.0,0.0,-2.162708,-0.007874,-0.0,2.477841,-0.770596,0.0,-2.162708,0.007874,0.0,2.477841,-0.770596,-0.0,-0.421647,0.344175,0.0,-0.179384,0.0,0.0,0.0,-0.421647,-0.344175,0.0,-0.179384,0.0,-0.0,0.0,0.0,0.008495,-0.000052,-0.0,-0.000039,0.0,-0.000039,0.0,-0.000052,0.0,0.0,0.008495,-0.000052,-0.0,-0.000039,0.0,-0.000039,0.0,-0.000052,0.0,0.0,0.0,0.0,
0.0,-0.157684,0.30298,0.455388,0.0,0.0,0.0,0.024212,0.170938,-0.024368,0.0,0.0,-2.162191,-0.007874,-0.000013,2.477468,-0.770715,0.0,-2.162191,0.007874,0.000013,2.477468,-0.770715,-0.0,-0.421496,0.344123,0.0,-0.179436,0.0,-0.0,0.0,-0.421496,-0.344123,0.0,-0.179436,0.0,0.0,0.0,0.0,0.008495,-0.000052,-0.0,-0.000039,0.0,-0.000039,0.0,-0.000052,-0.0,0.0,0.008495,-0.000052,-0.0,-0.000039,0.0,-0.000039,0.0,-0.000052,-0.0,0.0,-0.0,0.0,
0.0,-0.15766,0.303151,0.455364,0.0,0.0,0.0,0.024203,0.170938,-0.024501,0.0,0.0,-2.161673,-0.007874,-0.000026,2.477095,-0.770834,0.0,-2.161673,0.007874,0.000026,2.477095,-0.770834,0.0,-0.421344,0.344071,0.0,-0.179487,0.0,0.0,0.0,-0.421344,-0.344071,0.0,-0.179487,0.0,-0.0,0.0,0.0,0.008495,-0.000052,0.0,-0.000039,-0.0,-0.000039,0.0,-0.000052,-0.0,0.0,0.008495,-0.000052,0.0,-0.000039,-0.0,-0.000039,0.0,-0.000052,-0.0,0.0,0.0,0.0,
0.0,-0.157636,0.303322,0.455339,0.0,0.0,0.0,0.024203,0.170938,-0.024501,0.0,0.0,-2.161155,-0.007874,-0.000038,2.476722,-0.770952,0.0,-2.161155,0.007874,0.000038,2.476722,-0.770952,0.0,-0.421192,0.344019,0.0,-0.179539,0.0,0.0,0.0,-0.421192,-0.344019,0.0,-0.179539,0.0,0.0,0.0,0.0,0.008495,-0.000052,0.0,-0.000039,-0.0,-0.000039,0.0,-0.000052,0.0,0.0,0.008495,-0.000052,0.0,-0.000039,-0.0,-0.000039,0.0,-0.000052,0.0,0.0,0.0,0.0,
0.0,-0.157612,0.303493,0.455315,0.0,0.0,0.0,0.024212,0.170938,-0.024368,0.0,0.0,-2.160637,-0.007874,-0.000051,2.476349,-0.771071,0.0,-2.160637,0.007874,0.000051,2.476349,-0.771071,0.0,-0.421041,0.343967,0.0,-0.17959,0.0,0.0,0.0,-0.421041,-0.343967,0.0,-0.17959,0.0,0.0,0.0,0.0,0.008495,-0.000052,-0.0,-0.000039,-0.0,-0.000039,0.0,-0.000052,-0.0,0.0,0.008495,-0.000052,-0.0,-0.000039,-0.0,-0.000039,0.0,-0.000052,-0.0,0.0,0.0,0.0,
0.0,-0.157588,0.303664,0.45529,0.0,0.0,0.0,0.024203,0.170938,-0.024501,0.0,0.0,-2.16012,-0.007874,-0.000064,2.475975,-0.771189,0.0,-2.16012,0.007874,0.000064,2.475975,-0.771189,0.0,-0.420889,0.343915,0.0,-0.179641,0.0,-0.0,0.0,-0.420889,-0.343915,0.0,-0.179641,0.0,0.0,0.0,0.0,0.008495,-0.000052,-0.0,-0.000039,0.0,-0.000039,0.0,-0.000052,0.0,0.0,0.008495,-0.000052,-0.0,-0.000039,0.0,-0.000039,0.0,-0.000052,0.0,0.0,0.0,0.0,
0.0,-0.157563,0.303835,0.455266,0.0,0.0,0.0,0.024203,0.170938,-0.024368,0.0,0.0,-2.159602,-0.007874,-0.000077,2.475602,-0.771308,0.0,-2.159602,0.007874,0.000077,2.475602,-0.771308,0.0,-0.420738,0.343863,0.0,-0.179693,0.0,0.0,0.0,-0.420738,-0.343863,0.0,-0.179693,0.0,0.0,0.0,0.0,0.008495,-0.000052,-0.0,-0.000039,-0.0,-0.000039,-0.0,-0.000052,0.0,0.0,0.008495,-0.000052,-0.0,-0.000039,-0.0,-0.000039,-0.0,-0.000052,0.0,0.0,0.0,0.0,
0.0,-0.157539,0.304006,0.455242,0.0,0.0,0.0,0.024212,0.170938,-0.024368,0.0,0.0,-2.159084,-0.007874,-0.00009,2.475229,-0.771427,0.0,-2.159084,0.007874,0.00009,2.475229,-0.771427,0.0,-0.420586,0.343811,0.0,-0.179744,0.0,-0.0,0.0,-0.420586,-0.343811,0.0,-0.179744,0.0,0.0,0.0,0.0,0.008495,-0.000052,-0.0,-0.000039,-0.0,-0.000039,0.0,-0.000052,0.0,0.0,0.008495,-0.000052,-0.0,-0.000039,-0.0,-0.000039,0.0,-0.000052,0.0,0.0,0.0,0.0,
0.0,-0.157515,0.304177,0.455217,0.0,0.0,0.0,0.024203,0.170938,-0.024501,0.0,0.0,-2.158567,-0.007874,-0.000103,2.474856,-0.771545,0.0,-2.158567,0.007874,0.000103,2.474856,-0.771545,0.0,-0.420434,0.343759,0.0,-0.179796,0.0,0.0,0.0,-0.420434,-0.343759,0.0,-0.179796,0.0,0.0,0.0,0.0,0.008495,-0.000052,-0.0,-0.000039,0.0,-0.000039,-0.0,-0.000052,0.0,0.0,0.008495,-0.000052,-0.0,-0.000039,0.0,-0.000039,-0.0,-0.000052,0.0,0.0,0.0,0.0,
0.0,-0.157491,0.304348,0.455193,0.0,0.0,0.0,0.024203,0.170938,-0.024368,0.0,0.0,-2.158049,-0.007874,-0.000115,2.474483,-0.771664,0.0,-2.158049,0.007874,0.000115,2.474483,-0.771664,-0.0,-0.420283,0.343707,0.0,-0.179847,0.0,0.0,0.0,-0.420283,-0.343707,0.0,-0.179847,0.0,0.0,0.0,0.0,0.008495,-0.000052,0.0,-0.000039,0.0,-0.000039,0.0,-0.000052,0.0,0.0,0.008495,-0.000052,0.0,-0.000039,0.0,-0.000039,0.0,-0.000052,0.0,0.0,0.0,0.0,
0.0,-0.157467,0.304519,0.455168,0.0,0.0,0.0,0.024212,0.170938,-0.024501,0.0,0.0,-2.157531,-0.007874,-0.000128,2.474109,-0.771782,0.0,-2.157531,0.007874,0.000128,2.474109,-0.771782,0.0,-0.420131,0.343655,0.0,-0.179899,0.0,0.0,0.0,-0.420131,-0.343655,0.0,-0.179899,0.0,0.0,0.0,0.0,0.008495,-0.000052,-0.0,-0.000039,0.0,-0.000039,-0.0,-0.000052,0.0,0.0,0.008495,-0.000052,-0.0,-0.000039,0.0,-0.000039,-0.0,-0.000052,0.0,0.0,0.0,0.0,
0.0,-0.157442,0.30469,0.455144,0.0,0.0,0.0,0.024203,0.170938,-0.024368,0.0,0.0,-2.157013,-0.007874,-0.000141,2.473736,-0.771901,0.0,-2.157013,0.007874,0.000141,2.473736,-0.771901,0.0,-0.419979,0.343603,0.0,-0.17995,0.0,0.0,0.0,-0.419979,-0.343603,0.0,-0.17995,0.0,0.0,0.0,0.0,0.008495,-0.000052,0.0,-0.000039,-0.0,-0.000039,0.0,-0.000052,0.0,0.0,0.008495,-0.000052,0.0,-0.000039,-0.0,-0.000039,0.0,-0.000052,0.0,0.0,0.0,0.0,
0.0,-0.157418,0.304861,0.455119,0.0,0.0,0.0,0.024203,0.170938,-0.024501,0.0,0.0,-2.156496,-0.007874,-0.000154,2.473363,-0.77202,0.0,-2.156496,0.007874,0.000154,2.473363,-0.77202,0.0,-0.419828,0.34355,0.0,-0.180002,0.0,0.0,0.0,-0.419828,-0.34355,0.0,-0.180002,0.0,0.0,0.0,0.0,0.008495,-0.000052,-0.0,-0.000039,0.0,-0.000039,0.0,-0.000052,0.0,0.0,0.008495,-0.000052,-0.0,-0.000039,0.0,-0.000039,0.0,-0.000052,0.0,0.0,0.0,0.0,
0.0,-0.157394,0.305032,0.455095,0.0,0.0,0.0,0.024212,0.170938,-0.024368,0.0,0.0,-2.155978,-0.007874,-0.000167,2.47299,-0.772138,0.0,-2.155978,0.007874,0.000167,2.47299,-0.772138,0.0,-0.419676,0.343498,0.0,-0.180053,0.0,0.0,0.0,-0.419676,-0.343498,0.0,-0.180053,0.0,0.0,0.0,0.0,0.008495,-0.000052,-0.0,-0.000039,0.0,-0.000039,-0.0,-0.000052,-0.0,0.0,0.008495,-0.000052,-0.0,-0.000039,0.0,-0.000039,-0.0,-0.000052,-0.0,0.0,0.0,0.0,
0.0,-0.15737,0.305203,0.455071,0.0,0.0,0.0,0.024203,0.170938,-0.024501,0.0,0.0,-2.15546,-0.007874,-0.000179,2.472617,-0.772257,0.0,-2.15546,0.007874,0.000179,2.472617,-0.772257,0.0,-0.419524,0.343446,0.0,-0.180105,0.0,0.0,0.0,-0.419524,-0.343446,0.0,-0.180105,0.0,0.0,0.0,0.0,0.008495,-0.000052,-0.0,-0.000039,0.0,-0.000039,0.0,-0.000052,-0.0,0.0,0.008495,-0.000052,-0.0,-0.000039,0.0,-0.000039,0.0,-0.000052,-0.0,0.0,0.0,0.0,
0.0,-0.157346,0.305374,0.455046,0.0,0.0,0.0,0.024203,0.170938,-0.024501,0.0,0.0,-2.154942,-0.007874,-0.000192,2.472244,-0.772375,0.0,-2.154942,0.007874,0.000192,2.472244,-0.772375,0.0,-0.419373,0.343394,0.0,-0.180156,0.0,0.0,0.0,-0.419373,-0.343394,0.0,-0.180156,0.0,-0.0,0.0,0.0,0.008495,-0.000052,0.0,-0.000039,0.0,-0.000039,-0.0,-0.000052,-0.0,0.0,0.008495,-0.000052,0.0,-0.000039,0.0,-0.000039,-0.0,-0.000052,-0.0,0.0,0.0,0.0,
0.0,-0.157321,0.305545,0.455022,0.0,0.0,0.0,0.024212,0.170938,-0.024368,0.0,0.0,-2.154425,-0.007874,-0.000205,2.47187,-0.772494,0.0,-2.154425,0.007874,0.000205,2.47187,-0.772494,0.0,-0.419221,0.343342,0.0,-0.180208,0.0,0.0,0.0,-0.419221,-0.343342,0.0,-0.180208,0.0,-0.0,0.0,0.0,0.008495,-0.000052,0.0,-0.000039,-0.0,-0.000039,0.0,-0.000052,0.0,0.0,0.008495,-0.000052,0.0,-0.000039,-0.0,-0.000039,0.0,-0.000052,0.0,0.0,0.0,0.0,
0.0,-0.157297,0.305716,0.454997,0.0,0.0,0.0,0.024203,0.170938,-0.024501,0.0,0.0,-2.153907,-0.007874,-0.000218,2.471497,-0.772613,0.0,-2.153907,0.007874,0.000218,2.471497,-0.772613,0.0,-0.41907,0.34329,0.0,-0.180259,0.0,0.0,0.0,-0.41907,-0.34329,0.0,-0.180259,0.0,0.0,0.0,0.0,0.008495,-0.000052,0.0,-0.000039,-0.0,-0.000039,-0.0,-0.000052,0.0,0.0,0.008495,-0.000052,0.0,-0.000039,-0.0,-0.000039,-0.0,-0.000052,0.0,0.0,0.0,0.0,
0.0,-0.157273,0.305886,0.454973,0.0,0.0,0.0,0.024203,0.170938,-0.024368,0.0,0.0,-2.153389,-0.007874,-0.000231,2.471124,-0.772731,0.0,-2.153389,0.007874,0.000231,2.471124,-0.772731,0.0,-0.418918,0.343238,0.0,-0.180311,0.0,0.0,0.0,-0.418918,-0.343238,0.0,-0.180311,0.0,-0.0,0.0,0.0,0.008495,-0.000052,0.0,-0.000039,0.0,-0.000039,0.0,-0.000052,-0.0,0.0,0.008495,-0.000052,0.0,-0.000039,0.0,-0.000039,0.0,-0.000052,-0.0,0.0,0.0,0.0,
0.0,-0.157249,0.306057,0.454948,0.0,0.0,0.0,0.024212,0.170938,-0.024501,0.0,0.0,-2.152872,-0.007874,-0.000244,2.470751,-0.77285,0.0,-2.152872,0.007874,0.000244,2.470751,-0.77285,0.0,-0.418766,0.343186,0.0,-0.180362,0.0,0.0,0.0,-0.418766,-0.343186,0.0,-0.180362,0.0,0.0,0.0,0.0,0.008495,-0.000052,0.0,-0.000039,0.0,-0.000039,-0.0,-0.000052,-0.0,0.0,0.008495,-0.000052,0.0,-0.000039,0.0,-0.000039,-0.0,-0.000052,-0.0,0.0,0.0,0.0,
0.0,-0.157224,0.306228,0.454924,0.0,0.0,0.0,0.024203,0.170938,-0.024368,0.0,0.0,-2.152354,-0.007874,-0.000256,2.470378,-0.772968,0.0,-2.152354,0.007874,0.000256,2.470378,-0.772968,0.0,-0.418615,0.343134,0.0,-0.180414,0.0,0.0,0.0,-0.418615,-0.343134,0.0,-0.180414,0.0,0.0,0.0,0.0,0.008495,-0.000052,0.0,-0.000039,0.0,-0.000039,0.0,-0.000052,0.0,0.0,0.008495,-0.000052,0.0,-0.000039,0.0,-0.000039,0.0,-0.000052,0.0,0.0,0.0,0.0,
0.0,-0.1572,0.306399,0.4549,0.0,0.0,0.0,0.024203,0.170938,-0.024368,0.0,0.0,-2.151836,-0.007874,-0.000269,2.470005,-0.773087,0.0,-2.151836,0.007874,0.000269,2.470005,-0.773087,0.0,-0.418463,0.343082,0.0,-0.180465,0.0,0.0,0.0,-0.418463,-0.343082,0.0,-0.180465,0.0,-0.0,0.0,0.0,0.008495,-0.000052,0.0,-0.000039,0.0,-0.000039,0.0,-0.000052,0.0,0.0,0.008495,-0.000052,0.0,-0.000039,0.0,-0.000039,0.0,-0.000052,0.0,0.0,0.0,0.0,
0.0,-0.157176,0.30657,0.454875,0.0,0.0,0.0,0.024212,0.170938,-0.024501,0.0,0.0,-2.151318,-0.007874,-0.000282,2.469631,-0.773206,0.0,-2.151318,0.007874,0.000282,2.469631,-0.773206,0.0,-0.418311,0.34303,0.0,-0.180517,0.0,0.0,0.0,-0.418311,-0.34303,0.0,-0.180517,0.0,0.0,0.0,0.0,0.008495,-0.000052,0.0,-0.000039,-0.0,-0.000039,0.0,-0.000052,0.0,0.0,0.008495,-0.000052,0.0,-0.000039,-0.0,-0.000039,0.0,-0.000052,0.0,0.0,0.0,0.0,
0.0,-0.157152,0.306741,0.454851,0.0,0.0,0.0,0.024203,0.170938,-0.024368,0.0,0.0,-2.150801,-0.007874,-0.000295,2.469258,-0.773324,0.0,-2.150801,0.007874,0.000295,2.469258,-0.773324,0.0,-0.41816,0.342978,0.0,-0.180568,0.0,0.0,0.0,-0.41816,-0.342978,0.0,-0.180568,0.0,0.0,0.0,0.0,0.008495,-0.000052,-0.0,-0.000039,-0.0,-0.000039,0.0,-0.000052,0.0,0.0,0.008495,-0.000052,-0.0,-0.000039,-0.0,-0.000039,0.0,-0.000052,0.0,0.0,0.0,0.0,
0.0,-0.157128,0.306912,0.454826,0.0,0.0,0.0,0.024203,0.170938,-0.024501,0.0,0.0,-2.150283,-0.007874,-0.000308,2.468885,-0.773443,0.0,-2.150283,0.007874,0.000308,2.468885,-0.773443,0.0,-0.418008,0.342926,0.0,-0.18062,0.0,0.0,0.0,-0.418008,-0.342926,0.0,-0.18062,0.0,0.0,0.0,0.0,0.008495,-0.000052,-0.0,-0.000039,-0.0,-0.000039,0.0,-0.000052,0.0,0.0,0.008495,-0.000052,-0.0,-0.000039,-0.0,-0.000039,0.0,-0.000052,0.0,0.0,0.0,0.0,
0.0,-0.157103,0.307083,0.454802,0.0,0.0,0.0,0.024212,0.170938,-0.024368,0.0,0.0,-2.149765,-0.007874,-0.00032,2.468512,-0.773561,0.0,-2.149765,0.007874,0.00032,2.468512,-0.773561,0.0,-0.417856,0.342874,0.0,-0.180671,0.0,0.0,0.0,-0.417856,-0.342874,0.0,-0.180671,0.0,-0.0,0.0,0.0,0.008495,-0.000052,0.0,-0.000039,0.0,-0.000039,0.0,-0.000052,0.0,0.0,0.008495,-0.000052,0.0,-0.000039,0.0,-0.000039,0.0,-0.000052,0.0,0.0,0.0,0.0,
0.0,-0.157079,0.307254,0.454777,0.0,0.0,0.0,0.024203,0.170938,-0.024501,0.0,0.0,-2.149247,-0.007874,-0.000333,2.468139,-0.77368,0.0,-2.149247,0.007874,0.000333,2.468139,-0.77368,0.0,-0.417705,0.342822,0.0,-0.180723,0.0,0.0,0.0,-0.417705,-0.342822,0.0,-0.180723,0.0,-0.0,0.0,0.0,0.008495,-0.000052,0.0,-0.000039,0.0,-0.000039,0.0,-0.000052,0.0,0.0,0.008495,-0.000052,0.0,-0.000039,0.0,-0.000039,0.0,-0.000052,0.0,0.0,0.0,0.0,
0.0,-0.157055,0.307425,0.454753,0.0,0.0,0.0,0.024203,0.170938,-0.024368,0.0,0.0,-2.14873,-0.007874,-0.000346,2.467765,-0.773799,0.0,-2.14873,0.007874,0.000346,2.467765,-0.773799,0.0,-0.417553,0.34277,0.0,-0.180774,0.0,0.0,0.0,-0.417553,-0.34277,0.0,-0.180774,0.0,0.0,0.0,0.0,0.008495,-0.000052,-0.0,-0.000039,0.0,-0.000039,0.0,-0.000052,0.0,0.0,0.008495,-0.000052,-0.0,-0.000039,0.0,-0.000039,0.0,-0.000052,0.0,0.0,0.0,0.0,
0.0,-0.157031,0.307596,0.454728,0.0,0.0,0.0,0.024212,0.170938,-0.024501,0.0,0.0,-2.148212,-0.007874,-0.000359,2.467392,-0.773917,0.0,-2.148212,0.007874,0.000359,2.467392,-0.773917,0.0,-0.417402,0.342718,0.0,-0.180826,0.0,0.0,0.0,-0.417402,-0.342718,0.0,-0.180826,0.0,0.0,0.0,0.0,0.008495,-0.000052,0.0,-0.000039,0.0,-0.000039,0.0,-0.000052,-0.0,0.0,0.008495,-0.000052,0.0,-0.000039,0.0,-0.000039,0.0,-0.000052,-0.0,0.0,0.0,0.0,
0.0,-0.157007,0.307767,0.454704,0.0,0.0,0.0,0.024203,0.170938,-0.024368,0.0,0.0,-2.147694,-0.007874,-0.000372,2.467019,-0.774036,0.0,-2.147694,0.007874,0.000372,2.467019,-0.774036,0.0,-0.41725,0.342666,0.0,-0.180877,0.0,-0.0,0.0,-0.41725,-0.342666,0.0,-0.180877,0.0,0.0,0.0,0.0,0.008495,-0.000052,0.0,-0.000039,0.0,-0.000039,0.0,-0.000052,0.0,0.0,0.008495,-0.000052,0.0,-0.000039,0.0,-0.000039,0.0,-0.000052,0.0,0.0,0.0,0.0,
0.0,-0.156982,0.307938,0.45468,0.0,0.0,0.0,0.024203,0.170938,-0.024501,0.0,0.0,-2.147177,-0.007874,-0.000385,2.466646,-0.774154,0.0,-2.147177,0.007874,0.000385,2.466646,-0.774154,0.0,-0.417098,0.342614,0.0,-0.180928,0.0,0.0,0.0,-0.417098,-0.342614,0.0,-0.180928,0.0,0.0,0.0,0.0,0.008495,-0.000052,-0.0,-0.000039,0.0,-0.000039,0.0,-0.000052,-0.0,0.0,0.008495,-0.000052,-0.0,-0.000039,0.0,-0.000039,0.0,-0.000052,-0.0,0.0,0.0,0.0,
0.0,-0.156958,0.308109,0.454655,0.0,0.0,0.0,0.024212,0.170938,-0.024368,0.0,0.0,-2.146659,-0.007874,-0.000397,2.466273,-0.774273,0.0,-2.146659,0.007874,0.000397,2.466273,-0.774273,0.0,-0.416947,0.342562,0.0,-0.18098,0.0,-0.0,0.0,-0.416947,-0.342562,0.0,-0.18098,0.0,0.0,0.0,0.0,0.008495,-0.000052,0.0,-0.000039,-0.0,-0.000039,-0.0,-0.000052,0.0,0.0,0.008495,-0.000052,0.0,-0.000039,-0.0,-0.000039,-0.0,-0.000052,0.0,0.0,0.0,0.0,
0.0,-0.156934,0.30828,0.454631,0.0,0.0,0.0,0.024203,0.170938,-0.024501,0.0,0.0,-2.146141,-0.007874,-0.00041,2.4659,-0.774392,0.0,-2.146141,0.007874,0.00041,2.4659,-0.774392,0.0,-0.416795,0.34251,0.0,-0.181031,0.0,0.0,0.0,-0.416795,-0.34251,0.0,-0.181031,0.0,0.0,0.0,0.0,0.008495,-0.000052,-0.0,-0.000039,0.0,-0.000039,0.0,-0.000052,0.0,0.0,0.008495,-0.000052,-0.0,-0.000039,0.0,-0.000039,0.0,-0.000052,0.0,0.0,0.0,0.0,
0.0,-0.15691,0.30845,0.454606,0.0,0.0,0.0,0.024203,0.170938,-0.024368,0.0,0.0,-2.145623,-0.007874,-0.000423,2.465527,-0.77451,0.0,-2.145623,0.007874,0.000423,2.465527,-0.77451,0.0,-0.416643,0.342458,0.0,-0.181083,0.0,0.0,0.0,-0.416643,-0.342458,0.0,-0.181083,0.0,0.0,0.0,0.0,0.008495,-0.000052,0.0,-0.000039,-0.0,-0.000039,0.0,-0.000052,0.0,0.0,0.008495,-0.000052,0.0,-0.000039,-0.0,-0.000039,0.0,-0.000052,0.0,0.0,0.0,0.0,
0.0,-0.156883,0.308637,0.454578,0.0,0.0,0.0,0.026443,0.186026,-0.02823,0.0,0.0,-2.145066,-0.007863,-0.000427,2.465118,-0.77463,0.0,-2.145066,0.007863,0.000427,2.465118,-0.77463,0.0,-0.416478,0.342403,0.0,-0.181138,0.0,0.0,0.0,-0.416478,-0.342403,0.0,-0.181138,0.0,0.0,0.0,0.0,0.008495,-0.000052,-0.0,-0.000039,-0.0,-0.000039,0.0,-0.000052,0.0,0.0,0.008495,-0.000052,-0.0,-0.000039,-0.0,-0.000039,0.0,-0.000052,0.0,0.0,0.0,0.0,
0.0,-0.156856,0.30883,0.454548,0.0,0.0,0.0,0.027548,0.193541,-0.030094,0.0,0.0,-2.144488,-0.007846,-0.000427,2.464691,-0.774751,0.0,-2.144488,0.007846,0.000427,2.464691,-0.774751,0.0,-0.416306,0.342347,0.0,-0.181195,0.0,0.0,0.0,-0.416306,-0.342347,0.0,-0.181195,0.0,-0.0,0.0,0.0,0.008495,-0.000052,-0.0,-0.000039,0.0,-0.000039,0.0,-0.000052,0.0,0.0,0.008495,-0.000052,-0.0,-0.000039,0.0,-0.000039,0.0,-0.000052,0.0,0.0,0.0,0.0,
0.0,-0.156828,0.309024,0.454518,0.0,0.0,0.0,0.027548,0.19356,-0.030094,0.0,0.0,-2.143911,-0.00783,-0.000427,2.464265,-0.774872,0.0,-2.143911,0.00783,0.000427,2.464265,-0.774872,0.0,-0.416134,0.342292,0.0,-0.181252,0.0,0.0,0.0,-0.416134,-0.342292,0.0,-0.181252,0.0,0.0,0.0,0.0,0.008495,-0.000052,0.0,-0.000039,0.0,-0.000039,-0.0,-0.000052,-0.0,0.0,0.008495,-0.000052,0.0,-0.000039,0.0,-0.000039,-0.0,-0.000052,-0.0,0.0,0.0,0.0,
0.0,-0.156801,0.309217,0.454488,0.0,0.0,0.0,0.027548,0.19356,-0.030094,0.0,0.0,-2.143333,-0.007813,-0.000427,2.463839,-0.774992,0.0,-2.143333,0.007813,0.000427,2.463839,-0.774992,0.0,-0.415962,0.342236,0.0,-0.181309,0.0,-0.0,0.0,-0.415962,-0.342236,0.0,-0.181309,0.0,0.0,0.0,0.0,0.008495,-0.000052,-0.0,-0.000039,0.0,-0.000039,-0.0,-0.000052,-0.0,0.0,0.008495,-0.000052,-0.0,-0.000039,0.0,-0.000039,-0.0,-0.000052,-0.0,0.0,0.0,0.0,
0.0,-0.156773,0.309411,0.454458,0.0,0.0,0.0,0.027558,0.19356,-0.029961,0.0,0.0,-2.142756,-0.007797,-0.000427,2.463413,-0.775113,0.0,-2.142756,0.007797,0.000427,2.463413,-0.775113,0.0,-0.41579,0.34218,0.0,-0.181366,0.0,0.0,0.0,-0.41579,-0.34218,0.0,-0.181366,0.0,0.0,0.0,0.0,0.008495,-0.000052,0.0,-0.000039,0.0,-0.000039,-0.0,-0.000052,0.0,0.0,0.008495,-0.000052,0.0,-0.000039,0.0,-0.000039,-0.0,-0.000052,0.0,0.0,0.0,0.0,
0.0,-0.156746,0.309604,0.454428,0.0,0.0,0.0,0.027548,0.193541,-0.030094,0.0,0.0,-2.142178,-0.00778,-0.000427,2.462986,-0.775234,0.0,-2.142178,0.00778,0.000427,2.462986,-0.775234,0.0,-0.415617,0.342125,0.0,-0.181423,0.0,0.0,0.0,-0.415617,-0.342125,0.0,-0.181423,0.0,-0.0,0.0,0.0,0.008495,-0.000052,0.0,-0.000039,0.0,-0.000039,0.0,-0.000052,0.0,0.0,0.008495,-0.000052,0.0,-0.000039,0.0,-0.000039,0.0,-0.000052,0.0,0.0,0.0,0.0,
0.0,-0.156718,0.309798,0.454398,0.0,0.0,0.0,0.027548,0.19356,-0.030094,0.0,0.0,-2.141601,-0.007764,-0.000427,2.46256,-0.775354,0.0,-2.141601,0.007764,0.000427,2.46256,-0.775354,0.0,-0.415445,0.342069,0.0,-0.18148,0.0,0.0,0.0,-0.415445,-0.342069,0.0,-0.18148,0.0,0.0,0.0,0.0,0.008495,-0.000052,0.0,-0.000039,0.0,-0.000039,-0.0,-0.000052,0.0,0.0,0.008495,-0.000052,0.0,-0.000039,0.0,-0.000039,-0.0,-0.000052,0.0,0.0,0.0,0.0,
0.0,-0.156691,0.309991,0.454368,0.0,0.0,0.0,0.027548,0.19356,-0.030094,0.0,0.0,-2.141023,-0.007747,-0.000427,2.462134,-0.775475,0.0,-2.141023,0.007747,0.000427,2.462134,-0.775475,0.0,-0.415273,0.342013,0.0,-0.181537,0.0,0.0,0.0,-0.415273,-0.342013,0.0,-0.181537,0.0,0.0,0.0,0.0,0.008495,-0.000052,0.0,-0.000039,0.0,-0.000039,0.0,-0.000052,0.0,0.0,0.008495,-0.000052,0.0,-0.000039,0.0,-0.000039,0.0,-0.000052,0.0,0.0,0.0,0.0,
0.0,-0.156663,0.310185,0.454338,0.0,0.0,0.0,0.027558,0.19356,-0.030094,0.0,0.0,-2.140446,-0.007731,-0.000427,2.461708,-0.775596,0.0,-2.140446,0.007731,0.000427,2.461708,-0.775596,0.0,-0.415101,0.341957,0.0,-0.181594,0.0,0.0,0.0,-0.415101,-0.341957,0.0,-0.181594,0.0,0.0,0.0,0.0,0.008495,-0.000052,0.0,-0.000039,-0.0,-0.000039,0.0,-0.000052,0.0,0.0,0.008495,-0.000052,0.0,-0.000039,-0.0,-0.000039,0.0,-0.000052,0.0,0.0,0.0,0.0,
0.0,-0.156635,0.310378,0.454308,0.0,0.0,0.0,0.027548,0.193541,-0.029961,0.0,0.0,-2.139868,-0.007714,-0.000427,2.461281,-0.775716,0.0,-2.139868,0.007714,0.000427,2.461281,-0.775716,0.0,-0.414929,0.341902,0.0,-0.181651,0.0,0.0,0.0,-0.414929,-0.341902,0.0,-0.181651,0.0,0.0,0.0,0.0,0.008495,-0.000052,0.0,-0.000039,0.0,-0.000039,0.0,-0.000052,-0.0,0.0,0.008495,-0.000052,0.0,-0.000039,0.0,-0.000039,0.0,-0.000052,-0.0,0.0,0.0,0.0,
0.0,-0.156608,0.310572,0.454277,0.0,0.0,0.0,0.027548,0.19356,-0.030094,0.0,0.0,-2.139291,-0.007698,-0.000427,2.460855,-0.775837,0.0,-2.139291,0.007698,0.000427,2.460855,-0.775837,0.0,-0.414757,0.341846,0.0,-0.181708,0.0,0.0,0.0,-0.414757,-0.341846,0.0,-0.181708,0.0,0.0,0.0,0.0,0.008495,-0.000052,-0.0,-0.000039,-0.0,-0.000039,0.0,-0.000052,0.0,0.0,0.008495,-0.000052,-0.0,-0.000039,-0.0,-0.000039,0.0,-0.000052,0.0,0.0,0.0,0.0,
0.0,-0.15658,0.310766,0.454247,0.0,0.0,0.0,0.027548,0.19356,-0.030094,0.0,0.0,-2.138713,-0.007682,-0.000427,2.460428,-0.775958,0.0,-2.138713,0.007682,0.000427,2.460428,-0.775958,0.0,-0.414585,0.34179,0.0,-0.181765,0.0,0.0,0.0,-0.414585,-0.34179,0.0,-0.181765,0.0,-0.0,0.0,0.0,0.008495,-0.000052,0.0,-0.000039,0.0,-0.000039,0.0,-0.000052,0.0,0.0,0.008495,-0.000052,0.0,-0.000039,0.0,-0.000039,0.0,-0.000052,0.0,0.0,0.0,0.0,
0.0,-0.156553,0.310959,0.454217,0.0,0.0,0.0,0.027558,0.19356,-0.030094,0.0,0.0,-2.138136,-0.007665,-0.000427,2.460002,-0.776078,0.0,-2.138136,0.007665,0.000427,2.460002,-0.776078,0.0,-0.414412,0.341734,0.0,-0.181822,0.0,0.0,0.0,-0.414412,-0.341734,0.0,-0.181822,0.0,0.0,0.0,0.0,0.008495,-0.000052,0.0,-0.000039,0.0,-0.000039,-0.0,-0.000052,0.0,0.0,0.008495,-0.000052,0.0,-0.000039,0.0,-0.000039,-0.0,-0.000052,0.0,0.0,0.0,0.0,
0.0,-0.156525,0.311153,0.454187,0.0,0.0,0.0,0.027548,0.193541,-0.030094,0.0,0.0,-2.137558,-0.007649,-0.000427,2.459576,-0.776199,0.0,-2.137558,0.007649,0.000427,2.459576,-0.776199,0.0,-0.41424,0.341679,0.0,-0.181879,0.0,-0.0,0.0,-0.41424,-0.341679,0.0,-0.181879,0.0,0.0,0.0,0.0,0.008495,-0.000052,0.0,-0.000039,0.0,-0.000039,0.0,-0.000052,0.0,0.0,0.008495,-0.000052,0.0,-0.000039,0.0,-0.000039,0.0,-0.000052,0.0,0.0,0.0,0.0,
0.0,-0.156498,0.311346,0.454157,0.0,0.0,0.0,0.027548,0.19356,-0.029961,0.0,0.0,-2.136981,-0.007632,-0.000427,2.45915,-0.77632,0.0,-2.136981,0.007632,0.000427,2.45915,-0.77632,0.0,-0.414068,0.341623,0.0,-0.181936,0.0,0.0,0.0,-0.414068,-0.341623,0.0,-0.181936,0.0,-0.0,0.0,0.0,0.008495,-0.000052,0.0,-0.000039,-0.0,-0.000039,-0.0,-0.000052,0.0,0.0,0.008495,-0.000052,0.0,-0.000039,-0.0,-0.000039,-0.0,-0.000052,0.0,0.0,-0.0,0.0,
0.0,-0.15647,0.31154,0.454127,0.0,0.0,0.0,0.027558,0.19356,-0.030094,0.0,0.0,-2.136403,-0.007616,-0.000427,2.458723,-0.776441,0.0,-2.136403,0.007616,0.000427,2.458723,-0.776441,0.0,-0.413896,0.341567,0.0,-0.181993,0.0,0.0,0.0,-0.413896,-0.341567,0.0,-0.181993,0.0,-0.0,0.0,0.0,0.008495,-0.000052,-0.0,-0.000039,0.0,-0.000039,0.0,-0.000052,0.0,0.0,0.008495,-0.000052,-0.0,-0.000039,0.0,-0.000039,0.0,-0.000052,0.0,0.0,0.0,0.0,
0.0,-0.156443,0.311733,0.454097,0.0,0.0,0.0,0.027548,0.19356,-0.030094,0.0,0.0,-2.135826,-0.007599,-0.000427,2.458297,-0.776561,0.0,-2.135826,0.007599,0.000427,2.458297,-0.776561,0.0,-0.413724,0.341511,0.0,-0.18205,0.0,0.0,0.0,-0.413724,-0.341511,0.0,-0.18205,0.0,-0.0,0.0,0.0,0.008495,-0.000052,-0.0,-0.000039,0.0,-0.000039,0.0,-0.000052,0.0,0.0,0.008495,-0.000052,-0.0,-0.000039,0.0,-0.000039,0.0,-0.000052,0.0,0.0,0.0,0.0,
0.0,-0.156415,0.311927,0.454067,0.0,0.0,0.0,0.027548,0.193541,-0.030094,0.0,0.0,-2.135248,-0.007583,-0.000427,2.457871,-0.776682,0.0,-2.135248,0.007583,0.000427,2.457871,-0.776682,0.0,-0.413552,0.341456,0.0,-0.182107,0.0,0.0,0.0,-0.413552,-0.341456,0.0,-0.182107,0.0,-0.0,0.0,0.0,0.008495,-0.000052,-0.0,-0.000039,-0.0,-0.000039,0.0,-0.000052,-0.0,0.0,0.008495,-0.000052,-0.0,-0.000039,-0.0,-0.000039,0.0,-0.000052,-0.0,0.0,0.0,0.0,
0.0,-0.156387,0.31212,0.454037,0.0,0.0,0.0,0.027548,0.19356,-0.030094,0.0,0.0,-2.134671,-0.007566,-0.000427,2.457444,-0.776803,0.0,-2.134671,0.007566,0.000427,2.457444,-0.776803,0.0,-0.41338,0.3414,0.0,-0.182164,0.0,0.0,0.0,-0.41338,-0.3414,0.0,-0.182164,0.0,-0.0,0.0,0.0,0.008495,-0.000052,-0.0,-0.000039,-0.0,-0.000039,-0.0,-0.000052,0.0,0.0,0.008495,-0.000052,-0.0,-0.000039,-0.0,-0.000039,-0.0,-0.000052,0.0,0.0,0.0,0.0,
0.0,-0.15636,0.312314,0.454007,0.0,0.0,0.0,0.027548,0.19356,-0.030094,0.0,0.0,-2.134093,-0.00755,-0.000427,2.457018,-0.776923,0.0,-2.134093,0.00755,0.000427,2.457018,-0.776923,0.0,-0.413207,0.341344,0.0,-0.182221,0.0,0.0,0.0,-0.413207,-0.341344,0.0,-0.182221,0.0,0.0,0.0,0.0,0.008495,-0.000052,-0.0,-0.000039,-0.0,-0.000039,0.0,-0.000052,0.0,0.0,0.008495,-0.000052,-0.0,-0.000039,-0.0,-0.000039,0.0,-0.000052,0.0,0.0,0.0,0.0,
0.0,-0.156332,0.312508,0.453977,0.0,0.0,0.0,0.027558,0.193541,-0.030094,0.0,0.0,-2.133516,-0.007533,-0.000427,2.456592,-0.777044,0.0,-2.133516,0.007533,0.000427,2.456592,-0.777044,0.0,-0.413035,0.341288,0.0,-0.182278,0.0,0.0,0.0,-0.413035,-0.341288,0.0,-0.182278,0.0,0.0,0.0,0.0,0.008495,-0.000052,0.0,-0.000039,0.0,-0.000039,0.0,-0.000052,-0.0,0.0,0.008495,-0.000052,0.0,-0.000039,0.0,-0.000039,0.0,-0.000052,-0.0,0.0,0.0,0.0,
0.0,-0.156305,0.312701,0.453947,0.0,0.0,0.0,0.027548,0.19356,-0.029961,0.0,0.0,-2.132938,-0.007517,-0.000427,2.456166,-0.777165,0.0,-2.132938,0.007517,0.000427,2.456166,-0.777165,0.0,-0.412863,0.341233,0.0,-0.182335,0.0,0.0,0.0,-0.412863,-0.341233,0.0,-0.182335,0.0,0.0,0.0,0.0,0.008495,-0.000052,-0.0,-0.000039,0.0,-0.000039,-0.0,-0.000052,0.0,0.0,0.008495,-0.000052,-0.0,-0.000039,0.0,-0.000039,-0.0,-0.000052,0.0,0.0,0.0,0.0,
0.0,-0.156277,0.312895,0.453917,0.0,0.0,0.0,0.027548,0.193541,-0.030094,0.0,0.0,-2.132361,-0.0075,-0.000427,2.455739,-0.777285,0.0,-2.132361,0.0075,0.000427,2.455739,-0.777285,0.0,-0.412691,0.341177,0.0,-0.182392,0.0,0.0,0.0,-0.412691,-0.341177,0.0,-0.182392,0.0,0.0,0.0,0.0,0.008495,-0.000052,0.0,-0.000039,0.0,-0.000039,0.0,-0.000052,0.0,0.0,0.008495,-0.000052,0.0,-0.000039,0.0,-0.000039,0.0,-0.000052,0.0,0.0,0.0,0.0,
0.0,-0.15625,0.313088,0.453887,0.0,0.0,0.0,0.027548,0.19356,-0.030094,0.0,0.0,-2.131783,-0.007484,-0.000427,2.455313,-0.777406,0.0,-2.131783,0.007484,0.000427,2.455313,-0.777406,0.0,-0.412519,0.341121,0.0,-0.182449,0.0,-0.0,0.0,-0.412519,-0.341121,0.0,-0.182449,0.0,0.0,0.0,0.0,0.008495,-0.000052,-0.0,-0.000039,0.0,-0.000039,0.0,-0.000052,0.0,0.0,0.008495,-0.000052,-0.0,-0.000039,0.0,-0.000039,0.0,-0.000052,0.0,0.0,0.0,0.0,
0.0,-0.156222,0.313282,0.453856,0.0,0.0,0.0,0.027558,0.19356,-0.030094,0.0,0.0,-2.131206,-0.007467,-0.000427,2.454887,-0.777527,0.0,-2.131206,0.007467,0.000427,2.454887,-0.777527,0.0,-0.412347,0.341065,0.0,-0.182506,0.0,0.0,0.0,-0.412347,-0.341065,0.0,-0.182506,0.0,0.0,0.0,0.0,0.008495,-0.000052,-0.0,-0.000039,0.0,-0.000039,0.0,-0.000052,0.0,0.0,0.008495,-0.000052,-0.0,-0.000039,0.0,-0.000039,0.0,-0.000052,0.0,0.0,0.0,0.0,
0.0,-0.156195,0.313475,0.453826,0.0,0.0,0.0,0.027548,0.193541,-0.030094,0.0,0.0,-2.130628,-0.007451,-0.000427,2.454461,-0.777647,0.0,-2.130628,0.007451,0.000427,2.454461,-0.777647,0.0,-0.412175,0.34101,0.0,-0.182563,0.0,-0.0,0.0,-0.412175,-0.34101,0.0,-0.182563,0.0,0.0,0.0,0.0,0.008495,-0.000052,0.0,-0.000039,0.0,-0.000039,0.0,-0.000052,0.0,0.0,0.008495,-0.000052,0.0,-0.000039,0.0,-0.000039,0.0,-0.000052,0.0,0.0,0.0,0.0,
0.0,-0.156167,0.313669,0.453796,0.0,0.0,0.0,0.027548,0.19356,-0.029961,0.0,0.0,-2.130051,-0.007434,-0.000427,2.454034,-0.777768,0.0,-2.130051,0.007434,0.000427,2.454034,-0.777768,0.0,-0.412003,0.340954,0.0,-0.18262,0.0,0.0,0.0,-0.412003,-0.340954,0.0,-0.18262,0.0,-0.0,0.0,0.0,0.008495,-0.000052,-0.0,-0.000039,0.0,-0.000039,0.0,-0.000052,-0.0,0.0,0.008495,-0.000052,-0.0,-0.000039,0.0,-0.000039,0.0,-0.000052,-0.0,0.0,0.0,0.0,
0.0,-0.15614,0.313862,0.453766,0.0,0.0,0.0,0.027548,0.193541,-0.030094,0.0,0.0,-2.129473,-0.007418,-0.000427,2.453608,-0.777889,0.0,-2.129473,0.007418,0.000427,2.453608,-0.777889,0.0,-0.41183,0.340898,0.0,-0.182677,0.0,-0.0,0.0,-0.41183,-0.340898,0.0,-0.182677,0.0,0.0,0.0,0.0,0.008495,-0.000052,-0.0,-0.000039,-0.0,-0.000039,0.0,-0.000052,0.0,0.0,0.008495,-0.000052,-0.0,-0.000039,-0.0,-0.000039,0.0,-0.000052,0.0,0.0,0.0,0.0,
0.0,-0.156112,0.314056,0.453736,0.0,0.0,0.0,0.027548,0.19356,-0.030094,0.0,0.0,-2.128896,-0.007401,-0.000427,2.453181,-0.778009,0.0,-2.128896,0.007401,0.000427,2.453181,-0.778009,0.0,-0.411658,0.340842,0.0,-0.182734,0.0,0.0,0.0,-0.411658,-0.340842,0.0,-0.182734,0.0,0.0,0.0,0.0,0.008495,-0.000052,-0.0,-0.000039,-0.0,-0.000039,0.0,-0.000052,0.0,0.0,0.008495,-0.000052,-0.0,-0.000039,-0.0,-0.000039,0.0,-0.000052,0.0,0.0,0.0,0.0,
0.0,-0.156084,0.31425,0.453706,0.0,0.0,0.0,0.027558,0.19356,-0.030094,0.0,0.0,-2.128318,-0.007385,-0.000427,2.452755,-0.77813,0.0,-2.128318,0.007385,0.000427,2.452755,-0.77813,0.0,-0.411486,0.340787,0.0,-0.182791,0.0,-0.0,0.0,-0.411486,-0.340787,0.0,-0.182791,0.0,0.0,0.0,0.0,0.008495,-0.000052,-0.0,-0.000039,-0.0,-0.000039,-0.0,-0.000052,0.0,0.0,0.008495,-0.000052,-0.0,-0.000039,-0.0,-0.000039,-0.0,-0.000052,0.0,0.0,0.0,0.0,
0.0,-0.156057,0.314443,0.453676,0.0,0.0,0.0,0.027548,0.193541,-0.030094,0.0,0.0,-2.127741,-0.007368,-0.000427,2.452329,-0.778251,0.0,-2.127741,0.007368,0.000427,2.452329,-0.778251,0.0,-0.411314,0.340731,0.0,-0.182848,0.0,0.0,0.0,-0.411314,-0.340731,0.0,-0.182848,0.0,0.0,0.0,0.0,0.008495,-0.000052,-0.0,-0.000039,0.0,-0.000039,0.0,-0.000052,0.0,0.0,0.008495,-0.000052,-0.0,-0.000039,0.0,-0.000039,0.0,-0.000052,0.0,0.0,0.0,0.0,
0.0,-0.156029,0.314637,0.453646,0.0,0.0,0.0,0.027548,0.19356,-0.029961,0.0,0.0,-2.127163,-0.007352,-0.000427,2.451903,-0.778371,0.0,-2.127163,0.007352,0.000427,2.451903,-0.778371,0.0,-0.411142,0.340675,0.0,-0.182905,0.0,-0.0,0.0,-0.411142,-0.340675,0.0,-0.182905,0.0,0.0,0.0,0.0,0.008495,-0.000052,0.0,-0.000039,0.0,-0.000039,-0.0,-0.000052,-0.0,0.0,0.008495,-0.000052,0.0,-0.000039,0.0,-0.000039,-0.0,-0.000052,-0.0,0.0,0.0,0.0,
0.0,-0.156002,0.31483,0.453616,0.0,0.0,0.0,0.027548,0.193541,-0.030094,0.0,0.0,-2.126586,-0.007335,-0.000427,2.451476,-0.778492,0.0,-2.126586,0.007335,0.000427,2.451476,-0.778492,0.0,-0.41097,0.340619,0.0,-0.182962,0.0,0.0,0.0,-0.41097,-0.340619,0.0,-0.182962,0.0,-0.0,0.0,0.0,0.008495,-0.000052,-0.0,-0.000039,0.0,-0.000039,0.0,-0.000052,-0.0,0.0,0.008495,-0.000052,-0.0,-0.000039,0.0,-0.000039,0.0,-0.000052,-0.0,0.0,0.0,0.0,
0.0,-0.155973,0.315031,0.453585,0.0,0.0,0.0,0.028635,0.20077,-0.031292,0.0,0.0,-2.12599,-0.007318,-0.000427,2.451034,-0.778613,0.0,-2.12599,0.007318,0.000427,2.451034,-0.778613,0.0,-0.410791,0.340561,0.0,-0.183021,0.0,0.0,0.0,-0.410791,-0.340561,0.0,-0.183021,0.0,0.0,0.0,0.0,0.008495,-0.000052,-0.0,-0.000039,0.0,-0.000039,0.0,-0.000052,0.0,0.0,0.008495,-0.000052,-0.0,-0.000039,0.0,-0.000039,0.0,-0.000052,0.0,0.0,0.0,0.0,
0.0,-0.155942,0.315246,0.453551,0.0,0.0,0.0,0.030799,0.215189,-0.033955,0.0,0.0,-2.12536,-0.0073,-0.000427,2.450557,-0.778734,0.0,-2.12536,0.0073,0.000427,2.450557,-0.778734,0.0,-0.410601,0.340496,0.0,-0.183083,0.0,0.0,0.0,-0.410601,-0.340496,0.0,-0.183083,0.0,-0.0,0.0,0.0,0.008495,-0.000052,-0.0,-0.000039,0.0,-0.000039,0.0,-0.000052,0.0,0.0,0.008495,-0.000052,-0.0,-0.000039,0.0,-0.000039,0.0,-0.000052,0.0,0.0,0.0,0.0,
0.0,-0.155912,0.315461,0.453517,0.0,0.0,0.0,0.030789,0.215189,-0.033822,0.0,0.0,-2.124729,-0.007282,-0.000427,2.450081,-0.778854,0.0,-2.124729,0.007282,0.000427,2.450081,-0.778854,0.0,-0.41041,0.340431,0.0,-0.183146,0.0,-0.0,0.0,-0.41041,-0.340431,0.0,-0.183146,0.0,0.0,0.0,0.0,0.008495,-0.000052,0.0,-0.000039,0.0,-0.000039,0.0,-0.000052,0.0,0.0,0.008495,-0.000052,0.0,-0.000039,0.0,-0.000039,0.0,-0.000052,0.0,0.0,0.0,0.0,
0.0,-0.155881,0.315677,0.453483,0.0,0.0,0.0,0.030799,0.215189,-0.033822,0.0,0.0,-2.124099,-0.007263,-0.000427,2.449604,-0.778975,0.0,-2.124099,0.007263,0.000427,2.449604,-0.778975,0.0,-0.410219,0.340366,0.0,-0.183208,0.0,-0.0,0.0,-0.410219,-0.340366,0.0,-0.183208,0.0,0.0,0.0,0.0,0.008495,-0.000052,0.0,-0.000039,0.0,-0.000039,0.0,-0.000052,0.0,0.0,0.008495,-0.000052,0.0,-0.000039,0.0,-0.000039,0.0,-0.000052,0.0,0.0,0.0,0.0,
0.0,-0.15585,0.315892,0.453449,0.0,0.0,0.0,0.030789,0.215189,-0.033689,0.0,0.0,-2.123468,-0.007245,-0.000427,2.449128,-0.779096,0.0,-2.123468,0.007245,0.000427,2.449128,-0.779096,0.0,-0.410029,0.3403,0.0,-0.183271,0.0,0.0,0.0,-0.410029,-0.3403,0.0,-0.183271,0.0,-0.0,0.0,0.0,0.008495,-0.000052,0.0,-0.000039,0.0,-0.000039,0.0,-0.000052,0.0,0.0,0.008495,-0.000052,0.0,-0.000039,0.0,-0.000039,0.0,-0.000052,0.0,0.0,0.0,0.0,
0.0,-0.155819,0.316107,0.453416,0.0,0.0,0.0,0.030799,0.215189,-0.033822,0.0,0.0,-2.122838,-0.007227,-0.000427,2.448652,-0.779217,0.0,-2.122838,0.007227,0.000427,2.448652,-0.779217,0.0,-0.409838,0.340235,0.0,-0.183334,0.0,0.0,0.0,-0.409838,-0.340235,0.0,-0.183334,0.0,0.0,0.0,0.0,0.008495,-0.000052,0.0,-0.000039,0.0,-0.000039,0.0,-0.000052,-0.0,0.0,0.008495,-0.000052,0.0,-0.000039,0.0,-0.000039,0.0,-0.000052,-0.0,0.0,0.0,0.0,
0.0,-0.155788,0.316322,0.453382,0.0,0.0,0.0,0.030799,0.21517,-0.033955,0.0,0.0,-2.122207,-0.007208,-0.000427,2.448175,-0.779337,0.0,-2.122207,0.007208,0.000427,2.448175,-0.779337,0.0,-0.409647,0.34017,0.0,-0.183396,0.0,0.0,0.0,-0.409647,-0.34017,0.0,-0.183396,0.0,0.0,0.0,0.0,0.008495,-0.000052,-0.0,-0.000039,0.0,-0.000039,0.0,-0.000052,0.0,0.0,0.008495,-0.000052,-0.0,-0.000039,0.0,-0.000039,0.0,-0.000052,0.0,0.0,0.0,0.0,
0.0,-0.155758,0.316537,0.453348,0.0,0.0,0.0,0.030789,0.215189,-0.033689,0.0,0.0,-2.121577,-0.00719,-0.000427,2.447699,-0.779458,0.0,-2.121577,0.00719,0.000427,2.447699,-0.779458,0.0,-0.409456,0.340105,0.0,-0.183459,0.0,0.0,0.0,-0.409456,-0.340105,0.0,-0.183459,0.0,0.0,0.0,0.0,0.008495,-0.000052,-0.0,-0.000039,0.0,-0.000039,-0.0,-0.000052,0.0,0.0,0.008495,-0.000052,-0.0,-0.000039,0.0,-0.000039,-0.0,-0.000052,0.0,0.0,0.0,0.0,
0.0,-0.155727,0.316752,0.453314,0.0,0.0,0.0,0.030799,0.215189,-0.033955,0.0,0.0,-2.120946,-0.007172,-0.000427,2.447223,-0.779579,0.0,-2.120946,0.007172,0.000427,2.447223,-0.779579,0.0,-0.409266,0.34004,0.0,-0.183521,0.0,0.0,0.0,-0.409266,-0.34004,0.0,-0.183521,0.0,0.0,0.0,0.0,0.008495,-0.000052,0.0,-0.000039,0.0,-0.000039,0.0,-0.000052,-0.0,0.0,0.008495,-0.000052,0.0,-0.000039,0.0,-0.000039,0.0,-0.000052,-0.0,0.0,0.0,0.0,
0.0,-0.155696,0.316968,0.45328,0.0,0.0,0.0,0.030789,0.215189,-0.033822,0.0,0.0,-2.120315,-0.007154,-0.000427,2.446746,-0.7797,0.0,-2.120315,0.007154,0.000427,2.446746,-0.7797,0.0,-0.409075,0.339975,0.0,-0.183584,0.0,0.0,0.0,-0.409075,-0.339975,0.0,-0.183584,0.0,0.0,0.0,0.0,0.008495,-0.000052,0.0,-0.000039,0.0,-0.000039,0.0,-0.000052,0.0,0.0,0.008495,-0.000052,0.0,-0.000039,0.0,-0.000039,0.0,-0.000052,0.0,0.0,0.0,0.0,
0.0,-0.155665,0.317183,0.453246,0.0,0.0,0.0,0.030799,0.215189,-0.033822,0.0,0.0,-2.119685,-0.007135,-0.000427,2.44627,-0.779821,0.0,-2.119685,0.007135,0.000427,2.44627,-0.779821,0.0,-0.408884,0.33991,0.0,-0.183646,0.0,0.0,0.0,-0.408884,-0.33991,0.0,-0.183646,0.0,-0.0,0.0,0.0,0.008495,-0.000052,-0.0,-0.000039,-0.0,-0.000039,-0.0,-0.000052,0.0,0.0,0.008495,-0.000052,-0.0,-0.000039,-0.0,-0.000039,-0.0,-0.000052,0.0,0.0,0.0,0.0,
0.0,-0.155634,0.317398,0.453212,0.0,0.0,0.0,0.030799,0.21517,-0.033822,0.0,0.0,-2.119054,-0.007117,-0.000427,2.445794,-0.779941,0.0,-2.119054,0.007117,0.000427,2.445794,-0.779941,0.0,-0.408694,0.339845,0.0,-0.183709,0.0,0.0,0.0,-0.408694,-0.339845,0.0,-0.183709,0.0,-0.0,0.0,0.0,0.008495,-0.000052,-0.0,-0.000039,0.0,-0.000039,-0.0,-0.000052,0.0,0.0,0.008495,-0.000052,-0.0,-0.000039,0.0,-0.000039,-0.0,-0.000052,0.0,0.0,0.0,0.0,
0.0,-0.155604,0.317613,0.453179,0.0,0.0,0.0,0.030789,0.215189,-0.033822,0.0,0.0,-2.118424,-0.007099,-0.000427,2.445317,-0.780062,0.0,-2.118424,0.007099,0.000427,2.445317,-0.780062,0.0,-0.408503,0.33978,0.0,-0.183771,0.0,0.0,0.0,-0.408503,-0.33978,0.0,-0.183771,0.0,-0.0,0.0,0.0,0.008495,-0.000052,0.0,-0.000039,0.0,-0.000039,0.0,-0.000052,-0.0,0.0,0.008495,-0.000052,0.0,-0.000039,0.0,-0.000039,0.0,-0.000052,-0.0,0.0,0.0,0.0,
0.0,-0.155573,0.317828,0.453145,0.0,0.0,0.0,0.030799,0.215189,-0.033822,0.0,0.0,-2.117793,-0.00708,-0.000427,2.444841,-0.780183,0.0,-2.117793,0.00708,0.000427,2.444841,-0.780183,0.0,-0.408312,0.339715,0.0,-0.183834,0.0,0.0,0.0,-0.408312,-0.339715,0.0,-0.183834,0.0,0.0,0.0,0.0,0.008495,-0.000052,0.0,-0.000039,-0.0,-0.000039,-0.0,-0.000052,-0.0,0.0,0.008495,-0.000052,0.0,-0.000039,-0.0,-0.000039,-0.0,-0.000052,-0.0,0.0,0.0,0.0,
0.0,-0.155542,0.318044,0.453111,0.0,0.0,0.0,0.030789,0.215189,-0.033822,0.0,0.0,-2.117163,-0.007062,-0.000427,2.444365,-0.780304,0.0,-2.117163,0.007062,0.000427,2.444365,-0.780304,0.0,-0.408121,0.33965,0.0,-0.183896,0.0,-0.0,0.0,-0.408121,-0.33965,0.0,-0.183896,0.0,0.0,0.0,0.0,0.008495,-0.000052,0.0,-0.000039,0.0,-0.000039,0.0,-0.000052,0.0,0.0,0.008495,-0.000052,0.0,-0.000039,0.0,-0.000039,0.0,-0.000052,0.0,0.0,0.0,0.0,
0.0,-0.155511,0.318259,0.453077,0.0,0.0,0.0,0.030799,0.215189,-0.033822,0.0,0.0,-2.116532,-0.007044,-0.000427,2.443888,-0.780424,0.0,-2.116532,0.007044,0.000427,2.443888,-0.780424,0.0,-0.407931,0.339585,0.0,-0.183959,0.0,0.0,0.0,-0.407931,-0.339585,0.0,-0.183959,0.0,0.0,0.0,0.0,0.008495,-0.000052,0.0,-0.000039,0.0,-0.000039,0.0,-0.000052,-0.0,0.0,0.008495,-0.000052,0.0,-0.000039,0.0,-0.000039,0.0,-0.000052,-0.0,0.0,0.0,0.0,
0.0,-0.15548,0.318474,0.453043,0.0,0.0,0.0,0.030799,0.21517,-0.033822,0.0,0.0,-2.115901,-0.007025,-0.000427,2.443412,-0.780545,0.0,-2.115901,0.007025,0.000427,2.443412,-0.780545,0.0,-0.40774,0.33952,0.0,-0.184021,0.0,-0.0,0.0,-0.40774,-0.33952,0.0,-0.184021,0.0,0.0,0.0,0.0,0.008495,-0.000052,-0.0,-0.000039,0.0,-0.000039,-0.0,-0.000052,-0.0,0.0,0.008495,-0.000052,-0.0,-0.000039,0.0,-0.000039,-0.0,-0.000052,-0.0,0.0,0.0,0.0,
0.0,-0.15545,0.318689,0.45301,0.0,0.0,0.0,0.030789,0.215189,-0.033822,0.0,0.0,-2.115271,-0.007007,-0.000427,2.442935,-0.780666,0.0,-2.115271,0.007007,0.000427,2.442935,-0.780666,0.0,-0.407549,0.339455,0.0,-0.184084,0.0,0.0,0.0,-0.407549,-0.339455,0.0,-0.184084,0.0,0.0,0.0,0.0,0.008495,-0.000052,0.0,-0.000039,0.0,-0.000039,-0.0,-0.000052,0.0,0.0,0.008495,-0.000052,0.0,-0.000039,0.0,-0.000039,-0.0,-0.000052,0.0,0.0,0.0,0.0,
0.0,-0.155419,0.318904,0.452976,0.0,0.0,0.0,0.030799,0.215189,-0.033822,0.0,0.0,-2.11464,-0.006989,-0.000427,2.442459,-0.780787,0.0,-2.11464,0.006989,0.000427,2.442459,-0.780787,0.0,-0.407359,0.33939,0.0,-0.184146,0.0,0.0,0.0,-0.407359,-0.33939,0.0,-0.184146,0.0,-0.0,0.0,0.0,0.008495,-0.000052,-0.0,-0.000039,0.0,-0.000039,0.0,-0.000052,0.0,0.0,0.008495,-0.000052,-0.0,-0.000039,0.0,-0.000039,0.0,-0.000052,0.0,0.0,0.0,0.0,
0.0,-0.155388,0.31912,0.452942,0.0,0.0,0.0,0.030789,0.215189,-0.033822,0.0,0.0,-2.11401,-0.00697,-0.000427,2.441983,-0.780908,0.0,-2.11401,0.00697,0.000427,2.441983,-0.780908,0.0,-0.407168,0.339325,0.0,-0.184209,0.0,-0.0,0.0,-0.407168,-0.339325,0.0,-0.184209,0.0,0.0,0.0,0.0,0.008495,-0.000052,-0.0,-0.000039,0.0,-0.000039,0.0,-0.000052,-0.0,0.0,0.008495,-0.000052,-0.0,-0.000039,0.0,-0.000039,0.0,-0.000052,-0.0,0.0,0.0,0.0,
0.0,-0.155357,0.319335,0.452908,0.0,0.0,0.0,0.030799,0.215189,-0.033822,0.0,0.0,-2.113379,-0.006952,-0.000427,2.441506,-0.781028,0.0,-2.113379,0.006952,0.000427,2.441506,-0.781028,0.0,-0.406977,0.33926,0.0,-0.184271,0.0,-0.0,0.0,-0.406977,-0.33926,0.0,-0.184271,0.0,0.0,0.0,0.0,0.008495,-0.000052,0.0,-0.000039,0.0,-0.000039,-0.0,-0.000052,0.0,0.0,0.008495,-0.000052,0.0,-0.000039,0.0,-0.000039,-0.0,-0.000052,0.0,0.0,0.0,0.0,
0.0,-0.155326,0.31955,0.452874,0.0,0.0,0.0,0.030799,0.215189,-0.033822,0.0,0.0,-2.112749,-0.006934,-0.000427,2.44103,-0.781149,0.0,-2.112749,0.006934,0.000427,2.44103,-0.781149,0.0,-0.406786,0.339195,0.0,-0.184334,0.0,0.0,0.0,-0.406786,-0.339195,0.0,-0.184334,0.0,0.0,0.0,0.0,0.008495,-0.000052,0.0,-0.000039,-0.0,-0.000039,0.0,-0.000052,-0.0,0.0,0.008495,-0.000052,0.0,-0.000039,-0.0,-0.000039,0.0,-0.000052,-0.0,0.0,0.0,0.0,
0.0,-0.155296,0.319765,0.45284,0.0,0.0,0.0,0.030789,0.215189,-0.033822,0.0,0.0,-2.112118,-0.006916,-0.000427,2.440554,-0.78127,0.0,-2.112118,0.006916,0.000427,2.440554,-0.78127,0.0,-0.406596,0.33913,0.0,-0.184396,0.0,0.0,0.0,-0.406596,-0.33913,0.0,-0.184396,0.0,0.0,0.0,0.0,0.008495,-0.000052,-0.0,-0.000039,0.0,-0.000039,0.0,-0.000052,0.0,0.0,0.008495,-0.000052,-0.0,-0.000039,0.0,-0.000039,0.0,-0.000052,0.0,0.0,0.0,0.0,
0.0,-0.155265,0.31998,0.452807,0.0,0.0,0.0,0.030799,0.21517,-0.033822,0.0,0.0,-2.111487,-0.006897,-0.000427,2.440077,-0.781391,0.0,-2.111487,0.006897,0.000427,2.440077,-0.781391,0.0,-0.406405,0.339065,0.0,-0.184459,0.0,0.0,0.0,-0.406405,-0.339065,0.0,-0.184459,0.0,-0.0,0.0,0.0,0.008495,-0.000052,-0.0,-0.000039,-0.0,-0.000039,0.0,-0.000052,0.0,0.0,0.008495,-0.000052,-0.0,-0.000039,-0.0,-0.000039,0.0,-0.000052,0.0,0.0,0.0,0.0,
0.0,-0.155234,0.320195,0.452773,0.0,0.0,0.0,0.030789,0.215209,-0.033822,0.0,0.0,-2.110857,-0.006879,-0.000427,2.439601,-0.781512,0.0,-2.110857,0.006879,0.000427,2.439601,-0.781512,0.0,-0.406214,0.339,0.0,-0.184521,0.0,0.0,0.0,-0.406214,-0.339,0.0,-0.184521,0.0,0.0,0.0,0.0,0.008495,-0.000052,0.0,-0.000039,-0.0,-0.000039,0.0,-0.000052,0.0,0.0,0.008495,-0.000052,0.0,-0.000039,-0.0,-0.000039,0.0,-0.000052,0.0,0.0,0.0,0.0,
0.0,-0.155203,0.320411,0.452739,0.0,0.0,0.0,0.030799,0.215189,-0.033822,0.0,0.0,-2.110226,-0.006861,-0.000427,2.439124,-0.781632,0.0,-2.110226,0.006861,0.000427,2.439124,-0.781632,0.0,-0.406023,0.338935,0.0,-0.184584,0.0,0.0,0.0,-0.406023,-0.338935,0.0,-0.184584,0.0,-0.0,0.0,0.0,0.008495,-0.000052,0.0,-0.000039,0.0,-0.000039,0.0,-0.000052,0.0,0.0,0.008495,-0.000052,0.0,-0.000039,0.0,-0.000039,0.0,-0.000052,0.0,0.0,0.0,0.0,
0.0,-0.155172,0.320626,0.452705,0.0,0.0,0.0,0.030799,0.215151,-0.033822,0.0,0.0,-2.109596,-0.006842,-0.000427,2.438648,-0.781753,0.0,-2.109596,0.006842,0.000427,2.438648,-0.781753,0.0,-0.405833,0.33887,0.0,-0.184646,0.0,0.0,0.0,-0.405833,-0.33887,0.0,-0.184646,0.0,-0.0,0.0,0.0,0.008495,-0.000052,0.0,-0.000039,0.0,-0.000039,-0.0,-0.000052,0.0,0.0,0.008495,-0.000052,0.0,-0.000039,0.0,-0.000039,-0.0,-0.000052,0.0,0.0,0.0,0.0,
0.0,-0.155142,0.320841,0.452671,0.0,0.0,0.0,0.030789,0.215189,-0.033822,0.0,0.0,-2.108965,-0.006824,-0.000427,2.438172,-0.781874,0.0,-2.108965,0.006824,0.000427,2.438172,-0.781874,0.0,-0.405642,0.338805,0.0,-0.184709,0.0,0.0,0.0,-0.405642,-0.338805,0.0,-0.184709,0.0,0.0,0.0,0.0,0.008495,-0.000052,-0.0,-0.000039,0.0,-0.000039,0.0,-0.000052,-0.0,0.0,0.008495,-0.000052,-0.0,-0.000039,0.0,-0.000039,0.0,-0.000052,-0.0,0.0,0.0,0.0,
0.0,-0.155111,0.321056,0.452638,0.0,0.0,0.0,0.030799,0.215189,-0.033822,0.0,0.0,-2.108334,-0.006806,-0.000427,2.437695,-0.781995,0.0,-2.108334,0.006806,0.000427,2.437695,-0.781995,0.0,-0.405451,0.33874,0.0,-0.184772,0.0,0.0,0.0,-0.405451,-0.33874,0.0,-0.184772,0.0,-0.0,0.0,0.0,0.008495,-0.000052,-0.0,-0.000039,0.0,-0.000039,0.0,-0.000052,0.0,0.0,0.008495,-0.000052,-0.0,-0.000039,0.0,-0.000039,0.0,-0.000052,0.0,0.0,0.0,0.0,
0.0,-0.15508,0.321271,0.452604,0.0,0.0,0.0,0.030789,0.215189,-0.033822,0.0,0.0,-2.107704,-0.006787,-0.000427,2.437219,-0.782115,0.0,-2.107704,0.006787,0.000427,2.437219,-0.782115,0.0,-0.405261,0.338675,0.0,-0.184834,0.0,-0.0,0.0,-0.405261,-0.338675,0.0,-0.184834,0.0,0.0,0.0,0.0,0.008495,-0.000052,-0.0,-0.000039,0.0,-0.000039,-0.0,-0.000052,0.0,0.0,0.008495,-0.000052,-0.0,-0.000039,0.0,-0.000039,-0.0,-0.000052,0.0,0.0,0.0,0.0,
0.0,-0.155049,0.321487,0.45257,0.0,0.0,0.0,0.030799,0.215189,-0.033822,0.0,0.0,-2.107073,-0.006769,-0.000427,2.436743,-0.782236,0.0,-2.107073,0.006769,0.000427,2.436743,-0.782236,0.0,-0.40507,0.33861,0.0,-0.184897,0.0,-0.0,0.0,-0.40507,-0.33861,0.0,-0.184897,0.0,0.0,0.0,0.0,0.008495,-0.000052,0.0,-0.000039,0.0,-0.000039,0.0,-0.000052,-0.0,0.0,0.008495,-0.000052,0.0,-0.000039,0.0,-0.000039,0.0,-0.000052,-0.0,0.0,0.0,0.0,
0.0,-0.155018,0.321702,0.452536,0.0,0.0,0.0,0.030799,0.215189,-0.033822,0.0,0.0,-2.106443,-0.006751,-0.000427,2.436266,-0.782357,0.0,-2.106443,0.006751,0.000427,2.436266,-0.782357,0.0,-0.404879,0.338545,0.0,-0.184959,0.0,0.0,0.0,-0.404879,-0.338545,0.0,-0.184959,0.0,0.0,0.0,0.0,0.008495,-0.000052,0.0,-0.000039,-0.0,-0.000039,0.0,-0.000052,0.0,0.0,0.008495,-0.000052,0.0,-0.000039,-0.0,-0.000039,0.0,-0.000052,0.0,0.0,0.0,0.0,
0.0,-0.154988,0.321917,0.452502,0.0,0.0,0.0,0.030789,0.215189,-0.033822,0.0,0.0,-2.105812,-0.006732,-0.000427,2.43579,-0.782478,0.0,-2.105812,0.006732,0.000427,2.43579,-0.782478,0.0,-0.404688,0.33848,0.0,-0.185022,0.0,0.0,0.0,-0.404688,-0.33848,0.0,-0.185022,0.0,0.0,0.0,0.0,0.008495,-0.000052,0.0,-0.000039,0.0,-0.000039,0.0,-0.000052,-0.0,0.0,0.008495,-0.000052,0.0,-0.000039,0.0,-0.000039,0.0,-0.000052,-0.0,0.0,0.0,0.0,
0.0,-0.154957,0.322132,0.452468,0.0,0.0,0.0,0.030799,0.215189,-0.033822,0.0,0.0,-2.105182,-0.006714,-0.000427,2.435314,-0.782599,0.0,-2.105182,0.006714,0.000427,2.435314,-0.782599,0.0,-0.404498,0.338415,0.0,-0.185084,0.0,0.0,0.0,-0.404498,-0.338415,0.0,-0.185084,0.0,0.0,0.0,0.0,0.008495,-0.000052,0.0,-0.000039,0.0,-0.000039,-0.0,-0.000052,0.0,0.0,0.008495,-0.000052,0.0,-0.000039,0.0,-0.000039,-0.0,-0.000052,0.0,0.0,0.0,0.0,
0.0,-0.154923,0.322368,0.452429,0.0,0.0,0.0,0.033935,0.235827,-0.039415,0.0,0.0,-2.104501,-0.006688,-0.000427,2.434785,-0.782713,0.0,-2.104501,0.006688,0.000427,2.434785,-0.782713,0.0,-0.404288,0.338346,0.0,-0.185154,0.0,0.0,0.0,-0.404288,-0.338346,0.0,-0.185154,0.0,0.0,0.0,0.0,0.008495,-0.000052,-0.0,-0.000039,-0.0,-0.000039,0.0,-0.000052,0.0,0.0,0.008495,-0.000052,-0.0,-0.000039,-0.0,-0.000039,0.0,-0.000052,0.0,0.0,0.0,0.0,
0.0,-0.154889,0.322604,0.452389,0.0,0.0,0.0,0.033935,0.235827,-0.039548,0.0,0.0,-2.10382,-0.006663,-0.000427,2.434257,-0.782828,0.0,-2.10382,0.006663,0.000427,2.434257,-0.782828,0.0,-0.404079,0.338277,0.0,-0.185224,0.0,0.0,0.0,-0.404079,-0.338277,0.0,-0.185224,0.0,0.0,0.0,0.0,0.008495,-0.000052,-0.0,-0.000039,0.0,-0.000039,-0.0,-0.000052,0.0,0.0,0.008495,-0.000052,-0.0,-0.000039,0.0,-0.000039,-0.0,-0.000052,0.0,0.0,0.0,0.0,
0.0,-0.154855,0.32284,0.45235,0.0,0.0,0.0,0.033945,0.235827,-0.039415,0.0,0.0,-2.103139,-0.006637,-0.000427,2.433729,-0.782943,0.0,-2.103139,0.006637,0.000427,2.433729,-0.782943,0.0,-0.40387,0.338209,0.0,-0.185294,0.0,-0.0,0.0,-0.40387,-0.338209,0.0,-0.185294,0.0,0.0,0.0,0.0,0.008495,-0.000052,-0.0,-0.000039,-0.0,-0.000039,-0.0,-0.000052,-0.0,0.0,0.008495,-0.000052,-0.0,-0.000039,-0.0,-0.000039,-0.0,-0.000052,-0.0,0.0,0.0,0.0,
0.0,-0.154821,0.323075,0.452311,0.0,0.0,0.0,0.033935,0.235865,-0.039415,0.0,0.0,-2.102458,-0.006612,-0.000427,2.4332,-0.783058,0.0,-2.102458,0.006612,0.000427,2.4332,-0.783058,0.0,-0.403661,0.33814,0.0,-0.185364,0.0,0.0,0.0,-0.403661,-0.33814,0.0,-0.185364,0.0,-0.0,0.0,0.0,0.008495,-0.000052,0.0,-0.000039,-0.0,-0.000039,0.0,-0.000052,0.0,0.0,0.008495,-0.000052,0.0,-0.000039,-0.0,-0.000039,0.0,-0.000052,0.0,0.0,0.0,0.0,
0.0,-0.154787,0.323311,0.452271,0.0,0.0,0.0,0.033945,0.235827,-0.039548,0.0,0.0,-2.101777,-0.006586,-0.000427,2.432672,-0.783173,0.0,-2.101777,0.006586,0.000427,2.432672,-0.783173,0.0,-0.403451,0.338071,0.0,-0.185434,0.0,0.0,0.0,-0.403451,-0.338071,0.0,-0.185434,0.0,0.0,0.0,0.0,0.008495,-0.000052,-0.0,-0.000039,-0.0,-0.000039,0.0,-0.000052,0.0,0.0,0.008495,-0.000052,-0.0,-0.000039,-0.0,-0.000039,0.0,-0.000052,0.0,0.0,0.0,0.0,
0.0,-0.154753,0.323547,0.452232,0.0,0.0,0.0,0.033935,0.235827,-0.039415,0.0,0.0,-2.101097,-0.00656,-0.000427,2.432143,-0.783288,0.0,-2.101097,0.00656,0.000427,2.432143,-0.783288,0.0,-0.403242,0.338003,0.0,-0.185503,0.0,0.0,0.0,-0.403242,-0.338003,0.0,-0.185503,0.0,-0.0,0.0,0.0,0.008495,-0.000052,0.0,-0.000039,0.0,-0.000039,0.0,-0.000052,0.0,0.0,0.008495,-0.000052,0.0,-0.000039,0.0,-0.000039,0.0,-0.000052,0.0,0.0,0.0,0.0,
0.0,-0.154719,0.323783,0.452192,0.0,0.0,0.0,0.033935,0.235827,-0.039415,0.0,0.0,-2.100416,-0.006535,-0.000427,2.431615,-0.783403,0.0,-2.100416,0.006535,0.000427,2.431615,-0.783403,0.0,-0.403033,0.337934,0.0,-0.185573,0.0,0.0,0.0,-0.403033,-0.337934,0.0,-0.185573,0.0,0.0,0.0,0.0,0.008495,-0.000052,-0.0,-0.000039,-0.0,-0.000039,0.0,-0.000052,-0.0,0.0,0.008495,-0.000052,-0.0,-0.000039,-0.0,-0.000039,0.0,-0.000052,-0.0,0.0,0.0,0.0,
0.0,-0.154685,0.324019,0.452153,0.0,0.0,0.0,0.033945,0.235827,-0.039415,0.0,0.0,-2.099735,-0.006509,-0.000427,2.431086,-0.783518,0.0,-2.099735,0.006509,0.000427,2.431086,-0.783518,0.0,-0.402824,0.337865,0.0,-0.185643,0.0,-0.0,0.0,-0.402824,-0.337865,0.0,-0.185643,0.0,0.0,0.0,0.0,0.008495,-0.000052,-0.0,-0.000039,0.0,-0.000039,0.0,-0.000052,0.0,0.0,0.008495,-0.000052,-0.0,-0.000039,0.0,-0.000039,0.0,-0.000052,0.0,0.0,0.0,0.0,
0.0,-0.154651,0.324255,0.452113,0.0,0.0,0.0,0.033935,0.235827,-0.039548,0.0,0.0,-2.099054,-0.006483,-0.000427,2.430558,-0.783633,0.0,-2.099054,0.006483,0.000427,2.430558,-0.783633,0.0,-0.402614,0.337796,0.0,-0.185713,0.0,0.0,0.0,-0.402614,-0.337796,0.0,-0.185713,0.0,0.0,0.0,0.0,0.008495,-0.000052,0.0,-0.000039,-0.0,-0.000039,0.0,-0.000052,0.0,0.0,0.008495,-0.000052,0.0,-0.000039,-0.0,-0.000039,0.0,-0.000052,0.0,0.0,0.0,0.0,
0.0,-0.154617,0.32449,0.452074,0.0,0.0,0.0,0.033945,0.235865,-0.039415,0.0,0.0,-2.098373,-0.006458,-0.000427,2.43003,-0.783748,0.0,-2.098373,0.006458,0.000427,2.43003,-0.783748,0.0,-0.402405,0.337728,0.0,-0.185783,0.0,0.0,0.0,-0.402405,-0.337728,0.0,-0.185783,0.0,0.0,0.0,0.0,0.008495,-0.000052,-0.0,-0.000039,-0.0,-0.000039,0.0,-0.000052,0.0,0.0,0.008495,-0.000052,-0.0,-0.000039,-0.0,-0.000039,0.0,-0.000052,0.0,0.0,0.0,0.0,
0.0,-0.154584,0.324726,0.452034,0.0,0.0,0.0,0.033935,0.235827,-0.039415,0.0,0.0,-2.097692,-0.006432,-0.000427,2.429501,-0.783863,0.0,-2.097692,0.006432,0.000427,2.429501,-0.783863,0.0,-0.402196,0.337659,0.0,-0.185853,0.0,0.0,0.0,-0.402196,-0.337659,0.0,-0.185853,0.0,0.0,0.0,0.0,0.008495,-0.000052,0.0,-0.000039,0.0,-0.000039,-0.0,-0.000052,0.0,0.0,0.008495,-0.000052,0.0,-0.000039,0.0,-0.000039,-0.0,-0.000052,0.0,0.0,0.0,0.0,
0.0,-0.15455,0.324962,0.451995,0.0,0.0,0.0,0.033935,0.235827,-0.039548,0.0,0.0,-2.097012,-0.006406,-0.000427,2.428973,-0.783978,0.0,-2.097012,0.006406,0.000427,2.428973,-0.783978,0.0,-0.401986,0.33759,0.0,-0.185923,0.0,0.0,0.0,-0.401986,-0.33759,0.0,-0.185923,0.0,-0.0,0.0,0.0,0.008495,-0.000052,0.0,-0.000039,0.0,-0.000039,0.0,-0.000052,-0.0,0.0,0.008495,-0.000052,0.0,-0.000039,0.0,-0.000039,0.0,-0.000052,-0.0,0.0,0.0,0.0,
0.0,-0.154516,0.325198,0.451955,0.0,0.0,0.0,0.033945,0.235827,-0.039415,0.0,0.0,-2.096331,-0.006381,-0.000427,2.428444,-0.784093,0.0,-2.096331,0.006381,0.000427,2.428444,-0.784093,0.0,-0.401777,0.337521,0.0,-0.185993,0.0,0.0,0.0,-0.401777,-0.337521,0.0,-0.185993,0.0,0.0,0.0,0.0,0.008495,-0.000052,0.0,-0.000039,0.0,-0.000039,0.0,-0.000052,0.0,0.0,0.008495,-0.000052,0.0,-0.000039,0.0,-0.000039,0.0,-0.000052,0.0,0.0,0.0,0.0,
0.0,-0.154482,0.325434,0.451916,0.0,0.0,0.0,0.033935,0.235827,-0.039415,0.0,0.0,-2.09565,-0.006355,-0.000427,2.427916,-0.784208,0.0,-2.09565,0.006355,0.000427,2.427916,-0.784208,0.0,-0.401568,0.337453,0.0,-0.186062,0.0,0.0,0.0,-0.401568,-0.337453,0.0,-0.186062,0.0,0.0,0.0,0.0,0.008495,-0.000052,-0.0,-0.000039,-0.0,-0.000039,0.0,-0.000052,0.0,0.0,0.008495,-0.000052,-0.0,-0.000039,-0.0,-0.000039,0.0,-0.000052,0.0,0.0,0.0,0.0,
0.0,-0.154448,0.32567,0.451877,0.0,0.0,0.0,0.033935,0.235865,-0.039415,0.0,0.0,-2.094969,-0.00633,-0.000427,2.427387,-0.784322,0.0,-2.094969,0.00633,0.000427,2.427387,-0.784322,0.0,-0.401359,0.337384,0.0,-0.186132,0.0,0.0,0.0,-0.401359,-0.337384,0.0,-0.186132,0.0,0.0,0.0,0.0,0.008495,-0.000052,-0.0,-0.000039,0.0,-0.000039,0.0,-0.000052,0.0,0.0,0.008495,-0.000052,-0.0,-0.000039,0.0,-0.000039,0.0,-0.000052,0.0,0.0,0.0,0.0,
0.0,-0.154414,0.325906,0.451837,0.0,0.0,0.0,0.033945,0.235827,-0.039548,0.0,0.0,-2.094288,-0.006304,-0.000427,2.426859,-0.784437,0.0,-2.094288,0.006304,0.000427,2.426859,-0.784437,0.0,-0.401149,0.337315,0.0,-0.186202,0.0,0.0,0.0,-0.401149,-0.337315,0.0,-0.186202,0.0,-0.0,0.0,0.0,0.008495,-0.000052,-0.0,-0.000039,0.0,-0.000039,-0.0,-0.000052,0.0,0.0,0.008495,-0.000052,-0.0,-0.000039,0.0,-0.000039,-0.0,-0.000052,0.0,0.0,0.0,0.0,
0.0,-0.15438,0.326141,0.451798,0.0,0.0,0.0,0.033935,0.235827,-0.039415,0.0,0.0,-2.093607,-0.006278,-0.000427,2.42633,-0.784552,0.0,-2.093607,0.006278,0.000427,2.42633,-0.784552,0.0,-0.40094,0.337247,0.0,-0.186272,0.0,-0.0,0.0,-0.40094,-0.337247,0.0,-0.186272,0.0,0.0,0.0,0.0,0.008495,-0.000052,0.0,-0.000039,0.0,-0.000039,0.0,-0.000052,0.0,0.0,0.008495,-0.000052,0.0,-0.000039,0.0,-0.000039,0.0,-0.000052,0.0,0.0,0.0,0.0,
0.0,-0.154346,0.326377,0.451758,0.0,0.0,0.0,0.033945,0.235827,-0.039548,0.0,0.0,-2.092927,-0.006253,-0.000427,2.425802,-0.784667,0.0,-2.092927,0.006253,0.000427,2.425802,-0.784667,0.0,-0.400731,0.337178,0.0,-0.186342,0.0,0.0,0.0,-0.400731,-0.337178,0.0,-0.186342,0.0,0.0,0.0,0.0,0.008495,-0.000052,-0.0,-0.000039,-0.0,-0.000039,-0.0,-0.000052,0.0,0.0,0.008495,-0.000052,-0.0,-0.000039,-0.0,-0.000039,-0.0,-0.000052,0.0,0.0,0.0,0.0,
0.0,-0.154312,0.326613,0.451719,0.0,0.0,0.0,0.033935,0.235865,-0.039415,0.0,0.0,-2.092246,-0.006227,-0.000427,2.425273,-0.784782,0.0,-2.092246,0.006227,0.000427,2.425273,-0.784782,0.0,-0.400522,0.337109,0.0,-0.186412,0.0,0.0,0.0,-0.400522,-0.337109,0.0,-0.186412,0.0,0.0,0.0,0.0,0.008495,-0.000052,-0.0,-0.000039,0.0,-0.000039,0.0,-0.000052,0.0,0.0,0.008495,-0.000052,-0.0,-0.000039,0.0,-0.000039,0.0,-0.000052,0.0,0.0,0.0,0.0,
0.0,-0.154278,0.326849,0.451679,0.0,0.0,0.0,0.033935,0.235827,-0.039415,0.0,0.0,-2.091565,-0.006201,-0.000427,2.424745,-0.784897,0.0,-2.091565,0.006201,0.000427,2.424745,-0.784897,0.0,-0.400312,0.33704,0.0,-0.186482,0.0,0.0,0.0,-0.400312,-0.33704,0.0,-0.186482,0.0,0.0,0.0,0.0,0.008495,-0.000052,-0.0,-0.000039,0.0,-0.000039,0.0,-0.000052,0.0,0.0,0.008495,-0.000052,-0.0,-0.000039,0.0,-0.000039,0.0,-0.000052,0.0,0.0,0.0,0.0,
0.0,-0.154244,0.327085,0.45164,0.0,0.0,0.0,0.033945,0.235827,-0.039415,0.0,0.0,-2.090884,-0.006176,-0.000427,2.424217,-0.785012,0.0,-2.090884,0.006176,0.000427,2.424217,-0.785012,0.0,-0.400103,0.336972,0.0,-0.186552,0.0,0.0,0.0,-0.400103,-0.336972,0.0,-0.186552,0.0,0.0,0.0,0.0,0.008495,-0.000052,0.0,-0.000039,0.0,-0.000039,-0.0,-0.000052,0.0,0.0,0.008495,-0.000052,0.0,-0.000039,0.0,-0.000039,-0.0,-0.000052,0.0,0.0,0.0,0.0,
0.0,-0.15421,0.32732,0.4516,0.0,0.0,0.0,0.033935,0.235827,-0.039548,0.0,0.0,-2.090203,-0.00615,-0.000427,2.423688,-0.785127,0.0,-2.090203,0.00615,0.000427,2.423688,-0.785127,0.0,-0.399894,0.336903,0.0,-0.186622,0.0,0.0,0.0,-0.399894,-0.336903,0.0,-0.186622,0.0,0.0,0.0,0.0,0.008495,-0.000052,0.0,-0.000039,0.0,-0.000039,-0.0,-0.000052,0.0,0.0,0.008495,-0.000052,0.0,-0.000039,0.0,-0.000039,-0.0,-0.000052,0.0,0.0,0.0,0.0,
0.0,-0.154176,0.327556,0.451561,0.0,0.0,0.0,0.033935,0.235827,-0.039415,0.0,0.0,-2.089522,-0.006124,-0.000427,2.42316,-0.785242,0.0,-2.089522,0.006124,0.000427,2.42316,-0.785242,0.0,-0.399684,0.336834,0.0,-0.186691,0.0,0.0,0.0,-0.399684,-0.336834,0.0,-0.186691,0.0,-0.0,0.0,0.0,0.008495,-0.000052,0.0,-0.000039,0.0,-0.000039,0.0,-0.000052,0.0,0.0,0.008495,-0.000052,0.0,-0.000039,0.0,-0.000039,0.0,-0.000052,0.0,0.0,0.0,0.0,
0.0,-0.154142,0.327792,0.451522,0.0,0.0,0.0,0.033945,0.235827,-0.039415,0.0,0.0,-2.088841,-0.006099,-0.000427,2.422631,-0.785357,0.0,-2.088841,0.006099,0.000427,2.422631,-0.785357,0.0,-0.399475,0.336765,0.0,-0.186761,0.0,0.0,0.0,-0.399475,-0.336765,0.0,-0.186761,0.0,0.0,0.0,0.0,0.008495,-0.000052,0.0,-0.000039,-0.0,-0.000039,0.0,-0.000052,-0.0,0.0,0.008495,-0.000052,0.0,-0.000039,-0.0,-0.000039,0.0,-0.000052,-0.0,0.0,0.0,0.0,
0.0,-0.154108,0.328028,0.451482,0.0,0.0,0.0,0.033935,0.235865,-0.039548,0.0,0.0,-2.088161,-0.006073,-0.000427,2.422103,-0.785472,0.0,-2.088161,0.006073,0.000427,2.422103,-0.785472,0.0,-0.399266,0.336697,0.0,-0.186831,0.0,0.0,0.0,-0.399266,-0.336697,0.0,-0.186831,0.0,0.0,0.0,0.0,0.008495,-0.000052,0.0,-0.000039,0.0,-0.000039,0.0,-0.000052,-0.0,0.0,0.008495,-0.000052,0.0,-0.000039,0.0,-0.000039,0.0,-0.000052,-0.0,0.0,0.0,0.0,
0.0,-0.154074,0.328264,0.451443,0.0,0.0,0.0,0.033945,0.235827,-0.039415,0.0,0.0,-2.08748,-0.006048,-0.000427,2.421575,-0.785587,0.0,-2.08748,0.006048,0.000427,2.421575,-0.785587,0.0,-0.399057,0.336628,0.0,-0.186901,0.0,0.0,0.0,-0.399057,-0.336628,0.0,-0.186901,0.0,0.0,0.0,0.0,0.008495,-0.000052,0.0,-0.000039,0.0,-0.000039,-0.0,-0.000052,0.0,0.0,0.008495,-0.000052,0.0,-0.000039,0.0,-0.000039,-0.0,-0.000052,0.0,0.0,0.0,0.0,
0.0,-0.154041,0.3285,0.451403,0.0,0.0,0.0,0.033935,0.235827,-0.039415,0.0,0.0,-2.086799,-0.006022,-0.000427,2.421046,-0.785702,0.0,-2.086799,0.006022,0.000427,2.421046,-0.785702,0.0,-0.398847,0.336559,0.0,-0.186971,0.0,-0.0,0.0,-0.398847,-0.336559,0.0,-0.186971,0.0,0.0,0.0,0.0,0.008495,-0.000052,0.0,-0.000039,0.0,-0.000039,0.0,-0.000052,0.0,0.0,0.008495,-0.000052,0.0,-0.000039,0.0,-0.000039,0.0,-0.000052,0.0,0.0,0.0,0.0,
0.0,-0.154007,0.328736,0.451364,0.0,0.0,0.0,0.033935,0.235827,-0.039548,0.0,0.0,-2.086118,-0.005996,-0.000427,2.420518,-0.785817,0.0,-2.086118,0.005996,0.000427,2.420518,-0.785817,0.0,-0.398638,0.336491,0.0,-0.187041,0.0,0.0,0.0,-0.398638,-0.336491,0.0,-0.187041,0.0,0.0,0.0,0.0,0.008495,-0.000052,0.0,-0.000039,-0.0,-0.000039,0.0,-0.000052,0.0,0.0,0.008495,-0.000052,0.0,-0.000039,-0.0,-0.000039,0.0,-0.000052,0.0,0.0,0.0,0.0,
0.0,-0.153973,0.328971,0.451324,0.0,0.0,0.0,0.033945,0.235865,-0.039415,0.0,0.0,-2.085437,-0.005971,-0.000427,2.419989,-0.785932,0.0,-2.085437,0.005971,0.000427,2.419989,-0.785932,0.0,-0.398429,0.336422,0.0,-0.187111,0.0,0.0,0.0,-0.398429,-0.336422,0.0,-0.187111,0.0,0.0,0.0,0.0,0.008495,-0.000052,-0.0,-0.000039,0.0,-0.000039,0.0,-0.000052,0.0,0.0,0.008495,-0.000052,-0.0,-0.000039,0.0,-0.000039,0.0,-0.000052,0.0,0.0,0.0,0.0,
0.0,-0.153939,0.329207,0.451285,0.0,0.0,0.0,0.033935,0.235827,-0.039415,0.0,0.0,-2.084757,-0.005945,-0.000427,2.419461,-0.786046,0.0,-2.084757,0.005945,0.000427,2.419461,-0.786046,0.0,-0.39822,0.336353,0.0,-0.187181,0.0,0.0,0.0,-0.39822,-0.336353,0.0,-0.187181,0.0,0.0,0.0,0.0,0.008495,-0.000052,0.0,-0.000039,-0.0,-0.000039,0.0,-0.000052,-0.0,0.0,0.008495,-0.000052,0.0,-0.000039,-0.0,-0.000039,0.0,-0.000052,-0.0,0.0,0.0,0.0,
0.0,-0.153905,0.329443,0.451245,0.0,0.0,0.0,0.033945,0.235827,-0.039415,0.0,0.0,-2.084076,-0.005919,-0.000427,2.418932,-0.786161,0.0,-2.084076,0.005919,0.000427,2.418932,-0.786161,0.0,-0.39801,0.336284,0.0,-0.187251,0.0,0.0,0.0,-0.39801,-0.336284,0.0,-0.187251,0.0,-0.0,0.0,0.0,0.008495,-0.000052,-0.0,-0.000039,0.0,-0.000039,-0.0,-0.000052,-0.0,0.0,0.008495,-0.000052,-0.0,-0.000039,0.0,-0.000039,-0.0,-0.000052,-0.0,0.0,0.0,0.0,
0.0,-0.153871,0.329679,0.451206,0.0,0.0,0.0,0.033935,0.235827,-0.039548,0.0,0.0,-2.083395,-0.005894,-0.000427,2.418404,-0.786276,0.0,-2.083395,0.005894,0.000427,2.418404,-0.786276,0.0,-0.397801,0.336216,0.0,-0.18732,0.0,0.0,0.0,-0.397801,-0.336216,0.0,-0.18732,0.0,0.0,0.0,0.0,0.008495,-0.000052,0.0,-0.000039,-0.0,-0.000039,0.0,-0.000052,-0.0,0.0,0.008495,-0.000052,0.0,-0.000039,-0.0,-0.000039,0.0,-0.000052,-0.0,0.0,0.0,0.0,
0.0,-0.153837,0.329915,0.451166,0.0,0.0,0.0,0.033935,0.235827,-0.039415,0.0,0.0,-2.082714,-0.005868,-0.000427,2.417875,-0.786391,0.0,-2.082714,0.005868,0.000427,2.417875,-0.786391,0.0,-0.397592,0.336147,0.0,-0.18739,0.0,0.0,0.0,-0.397592,-0.336147,0.0,-0.18739,0.0,-0.0,0.0,0.0,0.008495,-0.000052,-0.0,-0.000039,0.0,-0.000039,0.0,-0.000052,-0.0,0.0,0.008495,-0.000052,-0.0,-0.000039,0.0,-0.000039,0.0,-0.000052,-0.0,0.0,0.0,0.0,
0.0,-0.153801,0.330164,0.451123,0.0,0.0,0.0,0.035966,0.24895,-0.043276,0.0,0.0,-2.082004,-0.005838,-0.000427,2.417318,-0.7865,0.0,-2.082004,0.005838,0.000427,2.417318,-0.7865,0.0,-0.39737,0.336073,0.0,-0.187464,0.0,0.0,0.0,-0.39737,-0.336073,0.0,-0.187464,0.0,-0.0,0.0,0.0,0.008495,-0.000052,0.0,-0.000039,0.0,-0.000039,0.0,-0.000052,0.0,0.0,0.008495,-0.000052,0.0,-0.000039,0.0,-0.000039,0.0,-0.000052,0.0,0.0,0.0,0.0,
0.0,-0.153764,0.330419,0.451078,0.0,0.0,0.0,0.036986,0.255511,-0.045007,0.0,0.0,-2.081279,-0.005805,-0.000427,2.416746,-0.786605,0.0,-2.081279,0.005805,0.000427,2.416746,-0.786605,0.0,-0.397142,0.335997,0.0,-0.187539,0.0,-0.0,0.0,-0.397142,-0.335997,0.0,-0.187539,0.0,0.0,0.0,0.0,0.008495,-0.000052,0.0,-0.000039,-0.0,-0.000039,0.0,-0.000052,0.0,0.0,0.008495,-0.000052,0.0,-0.000039,-0.0,-0.000039,0.0,-0.000052,0.0,0.0,0.0,0.0,
0.0,-0.153727,0.330675,0.451033,0.0,0.0,0.0,0.036976,0.255473,-0.045141,0.0,0.0,-2.080554,-0.005772,-0.000427,2.416174,-0.78671,0.0,-2.080554,0.005772,0.000427,2.416174,-0.78671,0.0,-0.396914,0.335921,0.0,-0.187615,0.0,-0.0,0.0,-0.396914,-0.335921,0.0,-0.187615,0.0,0.0,0.0,0.0,0.008495,-0.000052,-0.0,-0.000039,-0.0,-0.000039,0.0,-0.000052,0.0,0.0,0.008495,-0.000052,-0.0,-0.000039,-0.0,-0.000039,0.0,-0.000052,0.0,0.0,0.0,0.0,
0.0,-0.15369,0.33093,0.450988,0.0,0.0,0.0,0.036986,0.255511,-0.045007,0.0,0.0,-2.07983,-0.005739,-0.000427,2.415602,-0.786815,0.0,-2.07983,0.005739,0.000427,2.415602,-0.786815,0.0,-0.396687,0.335845,0.0,-0.18769,0.0,-0.0,0.0,-0.396687,-0.335845,0.0,-0.18769,0.0,0.0,0.0,0.0,0.008495,-0.000052,0.0,-0.000039,0.0,-0.000039,0.0,-0.000052,0.0,0.0,0.008495,-0.000052,0.0,-0.000039,0.0,-0.000039,0.0,-0.000052,0.0,0.0,0.0,0.0,
0.0,-0.153653,0.331186,0.450943,0.0,0.0,0.0,0.036976,0.255511,-0.045141,0.0,0.0,-2.079105,-0.005706,-0.000427,2.41503,-0.78692,-0.0,-2.079105,0.005706,0.000427,2.41503,-0.78692,0.0,-0.396459,0.335769,0.0,-0.187765,0.0,0.0,0.0,-0.396459,-0.335769,0.0,-0.187765,0.0,0.0,0.0,0.0,0.008495,-0.000052,-0.0,-0.000039,0.0,-0.000039,0.0,-0.000052,0.0,0.0,0.008495,-0.000052,-0.0,-0.000039,0.0,-0.000039,0.0,-0.000052,0.0,0.0,0.0,0.0,
0.0,-0.153616,0.331441,0.450898,0.0,0.0,0.0,0.036986,0.255511,-0.045141,0.0,0.0,-2.07838,-0.005673,-0.000427,2.414458,-0.787025,0.0,-2.07838,0.005673,0.000427,2.414458,-0.787025,0.0,-0.396231,0.335693,0.0,-0.187841,0.0,0.0,0.0,-0.396231,-0.335693,0.0,-0.187841,0.0,0.0,0.0,0.0,0.008495,-0.000052,-0.0,-0.000039,0.0,-0.000039,-0.0,-0.000052,0.0,0.0,0.008495,-0.000052,-0.0,-0.000039,0.0,-0.000039,-0.0,-0.000052,0.0,0.0,0.0,0.0,
0.0,-0.153579,0.331697,0.450853,0.0,0.0,0.0,0.036986,0.255473,-0.045007,0.0,0.0,-2.077656,-0.00564,-0.000427,2.413886,-0.78713,0.0,-2.077656,0.00564,0.000427,2.413886,-0.78713,0.0,-0.396003,0.335616,0.0,-0.187916,0.0,0.0,0.0,-0.396003,-0.335616,0.0,-0.187916,0.0,0.0,0.0,0.0,0.008495,-0.000052,-0.0,-0.000039,0.0,-0.000039,0.0,-0.000052,-0.0,0.0,0.008495,-0.000052,-0.0,-0.000039,0.0,-0.000039,0.0,-0.000052,-0.0,0.0,0.0,0.0,
0.0,-0.153542,0.331952,0.450808,0.0,0.0,0.0,0.036976,0.255511,-0.045141,0.0,0.0,-2.076931,-0.005607,-0.000427,2.413314,-0.787235,0.0,-2.076931,0.005607,0.000427,2.413314,-0.787235,0.0,-0.395775,0.33554,0.0,-0.187992,0.0,-0.0,0.0,-0.395775,-0.33554,0.0,-0.187992,-0.0,0.0,0.0,0.0,0.008495,-0.000052,-0.0,-0.000039,-0.0,-0.000039,-0.0,-0.000052,0.0,0.0,0.008495,-0.000052,-0.0,-0.000039,-0.0,-0.000039,-0.0,-0.000052,0.0,0.0,0.0,0.0,
0.0,-0.153505,0.332208,0.450763,0.0,0.0,0.0,0.036986,0.255511,-0.045007,0.0,0.0,-2.076206,-0.005574,-0.000427,2.412742,-0.78734,0.0,-2.076206,0.005574,0.000427,2.412742,-0.78734,0.0,-0.395548,0.335464,0.0,-0.188067,0.0,0.0,0.0,-0.395548,-0.335464,0.0,-0.188067,0.0,-0.0,0.0,0.0,0.008495,-0.000052,-0.0,-0.000039,-0.0,-0.000039,-0.0,-0.000052,0.0,0.0,0.008495,-0.000052,-0.0,-0.000039,-0.0,-0.000039,-0.0,-0.000052,0.0,0.0,0.0,0.0,
0.0,-0.153468,0.332463,0.450717,0.0,0.0,0.0,0.036976,0.255511,-0.045141,0.0,0.0,-2.075481,-0.005541,-0.000427,2.41217,-0.787446,0.0,-2.075481,0.005541,0.000427,2.41217,-0.787446,0.0,-0.39532,0.335388,0.0,-0.188143,0.0,0.0,0.0,-0.39532,-0.335388,0.0,-0.188143,0.0,0.0,0.0,0.0,0.008495,-0.000052,0.0,-0.000039,0.0,-0.000039,0.0,-0.000052,-0.0,0.0,0.008495,-0.000052,0.0,-0.000039,0.0,-0.000039,0.0,-0.000052,-0.0,0.0,0.0,0.0,
0.0,-0.153431,0.332719,0.450672,0.0,0.0,0.0,0.036986,0.255511,-0.045007,0.0,0.0,-2.074756,-0.005508,-0.000427,2.411598,-0.787551,0.0,-2.074756,0.005508,0.000427,2.411598,-0.787551,0.0,-0.395092,0.335312,0.0,-0.188218,0.0,0.0,0.0,-0.395092,-0.335312,0.0,-0.188218,0.0,0.0,0.0,0.0,0.008495,-0.000052,-0.0,-0.000039,0.0,-0.000039,-0.0,-0.000052,0.0,0.0,0.008495,-0.000052,-0.0,-0.000039,0.0,-0.000039,-0.0,-0.000052,0.0,0.0,0.0,0.0,
0.0,-0.153394,0.332974,0.450627,0.0,0.0,0.0,0.036976,0.255473,-0.045141,0.0,0.0,-2.074032,-0.005475,-0.000427,2.411026,-0.787656,0.0,-2.074032,0.005475,0.000427,2.411026,-0.787656,0.0,-0.394864,0.335236,0.0,-0.188293,0.0,0.0,0.0,-0.394864,-0.335236,0.0,-0.188293,0.0,0.0,0.0,0.0,0.008495,-0.000052,-0.0,-0.000039,0.0,-0.000039,0.0,-0.000052,-0.0,0.0,0.008495,-0.000052,-0.0,-0.000039,0.0,-0.000039,0.0,-0.000052,-0.0,0.0,0.0,0.0,
0.0,-0.153357,0.33323,0.450582,0.0,0.0,0.0,0.036986,0.255511,-0.045141,0.0,0.0,-2.073307,-0.005442,-0.000427,2.410454,-0.787761,0.0,-2.073307,0.005442,0.000427,2.410454,-0.787761,0.0,-0.394637,0.33516,0.0,-0.188369,0.0,-0.0,0.0,-0.394637,-0.33516,0.0,-0.188369,0.0,0.0,0.0,0.0,0.008495,-0.000052,-0.0,-0.000039,0.0,-0.000039,0.0,-0.000052,0.0,0.0,0.008495,-0.000052,-0.0,-0.000039,0.0,-0.000039,0.0,-0.000052,0.0,0.0,0.0,0.0,
0.0,-0.15332,0.333485,0.450537,0.0,0.0,0.0,0.036976,0.255511,-0.045007,0.0,0.0,-2.072582,-0.005409,-0.000427,2.409882,-0.787866,0.0,-2.072582,0.005409,0.000427,2.409882,-0.787866,0.0,-0.394409,0.335083,0.0,-0.188444,0.0,0.0,0.0,-0.394409,-0.335083,0.0,-0.188444,0.0,-0.0,0.0,0.0,0.008495,-0.000052,-0.0,-0.000039,0.0,-0.000039,0.0,-0.000052,0.0,0.0,0.008495,-0.000052,-0.0,-0.000039,0.0,-0.000039,0.0,-0.000052,0.0,0.0,0.0,0.0,
0.0,-0.153283,0.333741,0.450492,0.0,0.0,0.0,0.036986,0.255511,-0.045141,0.0,0.0,-2.071857,-0.005376,-0.000427,2.40931,-0.787971,0.0,-2.071857,0.005376,0.000427,2.40931,-0.787971,0.0,-0.394181,0.335007,0.0,-0.18852,0.0,0.0,0.0,-0.394181,-0.335007,0.0,-0.18852,0.0,0.0,0.0,0.0,0.008495,-0.000052,-0.0,-0.000039,-0.0,-0.000039,0.0,-0.000052,0.0,0.0,0.008495,-0.000052,-0.0,-0.000039,-0.0,-0.000039,0.0,-0.000052,0.0,0.0,0.0,0.0,
0.0,-0.153246,0.333996,0.450447,0.0,0.0,0.0,0.036976,0.255473,-0.045007,0.0,0.0,-2.071133,-0.005343,-0.000427,2.408738,-0.788076,0.0,-2.071133,0.005343,0.000427,2.408738,-0.788076,0.0,-0.393953,0.334931,0.0,-0.188595,0.0,-0.0,0.0,-0.393953,-0.334931,0.0,-0.188595,0.0,0.0,0.0,0.0,0.008495,-0.000052,0.0,-0.000039,-0.0,-0.000039,0.0,-0.000052,0.0,0.0,0.008495,-0.000052,0.0,-0.000039,-0.0,-0.000039,0.0,-0.000052,0.0,0.0,0.0,0.0,
0.0,-0.153209,0.334252,0.450402,0.0,0.0,0.0,0.036986,0.255511,-0.045141,0.0,0.0,-2.070408,-0.00531,-0.000427,2.408166,-0.788181,0.0,-2.070408,0.00531,0.000427,2.408166,-0.788181,0.0,-0.393725,0.334855,0.0,-0.18867,0.0,0.0,0.0,-0.393725,-0.334855,0.0,-0.18867,0.0,-0.0,0.0,0.0,0.008495,-0.000052,-0.0,-0.000039,0.0,-0.000039,0.0,-0.000052,0.0,0.0,0.008495,-0.000052,-0.0,-0.000039,0.0,-0.000039,0.0,-0.000052,0.0,0.0,0.0,0.0,
0.0,-0.153172,0.334507,0.450357,0.0,0.0,0.0,0.036986,0.255511,-0.045007,0.0,0.0,-2.069683,-0.005277,-0.000427,2.407594,-0.788286,0.0,-2.069683,0.005277,0.000427,2.407594,-0.788286,0.0,-0.393498,0.334779,0.0,-0.188746,0.0,-0.0,0.0,-0.393498,-0.334779,0.0,-0.188746,0.0,0.0,0.0,0.0,0.008495,-0.000052,-0.0,-0.000039,0.0,-0.000039,0.0,-0.000052,0.0,0.0,0.008495,-0.000052,-0.0,-0.000039,0.0,-0.000039,0.0,-0.000052,0.0,0.0,0.0,0.0,
0.0,-0.153135,0.334763,0.450312,0.0,0.0,0.0,0.036976,0.255511,-0.045141,0.0,0.0,-2.068958,-0.005244,-0.000427,2.407022,-0.788392,0.0,-2.068958,0.005244,0.000427,2.407022,-0.788392,0.0,-0.39327,0.334703,0.0,-0.188821,0.0,0.0,0.0,-0.39327,-0.334703,0.0,-0.188821,0.0,-0.0,0.0,0.0,0.008495,-0.000052,0.0,-0.000039,0.0,-0.000039,0.0,-0.000052,0.0,0.0,0.008495,-0.000052,0.0,-0.000039,0.0,-0.000039,0.0,-0.000052,0.0,0.0,0.0,0.0,
0.0,-0.153098,0.335018,0.450266,0.0,0.0,0.0,0.036986,0.255511,-0.045141,0.0,0.0,-2.068234,-0.005211,-0.000427,2.40645,-0.788497,0.0,-2.068234,0.005211,0.000427,2.40645,-0.788497,0.0,-0.393042,0.334627,0.0,-0.188897,0.0,0.0,0.0,-0.393042,-0.334627,0.0,-0.188897,0.0,0.0,0.0,0.0,0.008495,-0.000052,0.0,-0.000039,-0.0,-0.000039,-0.0,-0.000052,0.0,0.0,0.008495,-0.000052,0.0,-0.000039,-0.0,-0.000039,-0.0,-0.000052,0.0,0.0,-0.0,0.0,
0.0,-0.153061,0.335274,0.450221,0.0,0.0,0.0,0.036976,0.255473,-0.045007,0.0,0.0,-2.067509,-0.005178,-0.000427,2.405878,-0.788602,0.0,-2.067509,0.005178,0.000427,2.405878,-0.788602,0.0,-0.392814,0.334551,0.0,-0.188972,0.0,0.0,0.0,-0.392814,-0.334551,0.0,-0.188972,0.0,-0.0,0.0,0.0,0.008495,-0.000052,-0.0,-0.000039,0.0,-0.000039,-0.0,-0.000052,0.0,0.0,0.008495,-0.000052,-0.0,-0.000039,0.0,-0.000039,-0.0,-0.000052,0.0,0.0,0.0,0.0,
0.0,-0.153024,0.335529,0.450176,0.0,0.0,0.0,0.036986,0.255511,-0.045141,0.0,0.0,-2.066784,-0.005145,-0.000427,2.405306,-0.788707,0.0,-2.066784,0.005145,0.000427,2.405306,-0.788707,0.0,-0.392586,0.334474,0.0,-0.189047,0.0,0.0,0.0,-0.392586,-0.334474,0.0,-0.189047,0.0,0.0,0.0,0.0,0.008495,-0.000052,-0.0,-0.000039,0.0,-0.000039,0.0,-0.000052,-0.0,0.0,0.008495,-0.000052,-0.0,-0.000039,0.0,-0.000039,0.0,-0.000052,-0.0,0.0,0.0,0.0,
0.0,-0.152987,0.335785,0.450131,0.0,0.0,0.0,0.036976,0.255511,-0.045007,0.0,0.0,-2.066059,-0.005113,-0.000427,2.404734,-0.788812,0.0,-2.066059,0.005113,0.000427,2.404734,-0.788812,0.0,-0.392359,0.334398,0.0,-0.189123,0.0,-0.0,0.0,-0.392359,-0.334398,0.0,-0.189123,0.0,0.0,0.0,0.0,0.008495,-0.000052,0.0,-0.000039,0.0,-0.000039,0.0,-0.000052,0.0,0.0,0.008495,-0.000052,0.0,-0.000039,0.0,-0.000039,0.0,-0.000052,0.0,0.0,0.0,0.0,
0.0,-0.15295,0.33604,0.450086,0.0,0.0,0.0,0.036986,0.255511,-0.045141,0.0,0.0,-2.065334,-0.00508,-0.000427,2.404163,-0.788917,0.0,-2.065334,0.00508,0.000427,2.404163,-0.788917,0.0,-0.392131,0.334322,0.0,-0.189198,0.0,0.0,0.0,-0.392131,-0.334322,0.0,-0.189198,0.0,0.0,0.0,0.0,0.008495,-0.000052,0.0,-0.000039,-0.0,-0.000039,0.0,-0.000052,-0.0,0.0,0.008495,-0.000052,0.0,-0.000039,-0.0,-0.000039,0.0,-0.000052,-0.0,0.0,0.0,0.0,
0.0,-0.152913,0.336296,0.450041,0.0,0.0,0.0,0.036976,0.255473,-0.045007,0.0,0.0,-2.06461,-0.005047,-0.000427,2.40359,-0.789022,0.0,-2.06461,0.005047,0.000427,2.40359,-0.789022,0.0,-0.391903,0.334246,-0.0,-0.189274,-0.0,0.0,0.0,-0.391903,-0.334246,0.0,-0.189274,0.0,0.0,0.0,0.0,0.008495,-0.000052,-0.0,-0.000039,-0.0,-0.000039,0.0,-0.000052,0.0,0.0,0.008495,-0.000052,-0.0,-0.000039,-0.0,-0.000039,0.0,-0.000052,0.0,0.0,0.0,0.0,
0.0,-0.152876,0.336551,0.449996,0.0,0.0,0.0,0.036986,0.255511,-0.045141,0.0,0.0,-2.063885,-0.005014,-0.000427,2.403018,-0.789127,0.0,-2.063885,0.005014,0.000427,2.403018,-0.789127,0.0,-0.391675,0.33417,0.0,-0.189349,0.0,0.0,0.0,-0.391675,-0.33417,0.0,-0.189349,0.0,0.0,0.0,0.0,0.008495,-0.000052,-0.0,-0.000039,0.0,-0.000039,0.0,-0.000052,0.0,0.0,0.008495,-0.000052,-0.0,-0.000039,0.0,-0.000039,0.0,-0.000052,0.0,0.0,0.0,0.0,
0.0,-0.152839,0.336807,0.449951,0.0,0.0,0.0,0.036986,0.255511,-0.045141,0.0,0.0,-2.06316,-0.004981,-0.000427,2.402446,-0.789232,0.0,-2.06316,0.004981,0.000427,2.402446,-0.789232,0.0,-0.391447,0.334094,0.0,-0.189425,0.0,-0.0,0.0,-0.391447,-0.334094,0.0,-0.189425,0.0,0.0,0.0,0.0,0.008495,-0.000052,-0.0,-0.000039,0.0,-0.000039,-0.0,-0.000052,0.0,0.0,0.008495,-0.000052,-0.0,-0.000039,0.0,-0.000039,-0.0,-0.000052,0.0,0.0,0.0,0.0,
0.0,-0.152802,0.337062,0.449906,0.0,0.0,0.0,0.036976,0.255511,-0.045007,0.0,0.0,-2.062435,-0.004948,-0.000427,2.401875,-0.789337,0.0,-2.062435,0.004948,0.000427,2.401875,-0.789337,0.0,-0.39122,0.334017,0.0,-0.1895,0.0,-0.0,0.0,-0.39122,-0.334017,0.0,-0.1895,0.0,0.0,0.0,0.0,0.008495,-0.000052,-0.0,-0.000039,0.0,-0.000039,0.0,-0.000052,0.0,0.0,0.008495,-0.000052,-0.0,-0.000039,0.0,-0.000039,0.0,-0.000052,0.0,0.0,0.0,0.0,
0.0,-0.152765,0.337318,0.449861,0.0,0.0,0.0,0.036986,0.255473,-0.045141,0.0,0.0,-2.061711,-0.004915,-0.000427,2.401303,-0.789443,0.0,-2.061711,0.004915,0.000427,2.401303,-0.789443,0.0,-0.390992,0.333941,0.0,-0.189575,0.0,0.0,0.0,-0.390992,-0.333941,0.0,-0.189575,0.0,0.0,0.0,0.0,0.008495,-0.000052,0.0,-0.000039,0.0,-0.000039,-0.0,-0.000052,0.0,0.0,0.008495,-0.000052,0.0,-0.000039,0.0,-0.000039,-0.0,-0.000052,0.0,0.0,0.0,0.0,
0.0,-0.152728,0.337573,0.449816,0.0,0.0,0.0,0.036976,0.255511,-0.045007,0.0,0.0,-2.060986,-0.004882,-0.000427,2.40073,-0.789548,0.0,-2.060986,0.004882,0.000427,2.40073,-0.789548,0.0,-0.390764,0.333865,0.0,-0.189651,0.0,0.0,0.0,-0.390764,-0.333865,0.0,-0.189651,0.0,0.0,0.0,0.0,0.008495,-0.000052,-0.0,-0.000039,-0.0,-0.000039,0.0,-0.000052,0.0,0.0,0.008495,-0.000052,-0.0,-0.000039,-0.0,-0.000039,0.0,-0.000052,0.0,0.0,0.0,0.0,
0.0,-0.152691,0.337829,0.449771,0.0,0.0,0.0,0.036986,0.255511,-0.045141,0.0,0.0,-2.060261,-0.004849,-0.000427,2.400158,-0.789653,0.0,-2.060261,0.004849,0.000427,2.400158,-0.789653,0.0,-0.390536,0.333789,0.0,-0.189726,0.0,0.0,0.0,-0.390536,-0.333789,0.0,-0.189726,0.0,-0.0,0.0,0.0,0.008495,-0.000052,-0.0,-0.000039,0.0,-0.000039,0.0,-0.000052,0.0,0.0,0.008495,-0.000052,-0.0,-0.000039,0.0,-0.000039,0.0,-0.000052,0.0,0.0,0.0,0.0,
0.0,-0.152655,0.338084,0.449726,0.0,0.0,0.0,0.036976,0.255511,-0.045007,0.0,0.0,-2.059536,-0.004816,-0.000427,2.399586,-0.789758,0.0,-2.059536,0.004816,0.000427,2.399586,-0.789758,0.0,-0.390308,0.333713,0.0,-0.189802,0.0,0.0,0.0,-0.390308,-0.333713,0.0,-0.189802,0.0,-0.0,0.0,0.0,0.008495,-0.000052,0.0,-0.000039,0.0,-0.000039,0.0,-0.000052,0.0,0.0,0.008495,-0.000052,0.0,-0.000039,0.0,-0.000039,0.0,-0.000052,0.0,0.0,0.0,0.0,
0.0,-0.152618,0.33834,0.44968,0.0,0.0,0.0,0.036986,0.255511,-0.045141,0.0,0.0,-2.058812,-0.004783,-0.000427,2.399015,-0.789863,0.0,-2.058812,0.004783,0.000427,2.399015,-0.789863,0.0,-0.390081,0.333637,0.0,-0.189877,0.0,-0.0,0.0,-0.390081,-0.333637,0.0,-0.189877,0.0,0.0,0.0,0.0,0.008495,-0.000052,0.0,-0.000039,-0.0,-0.000039,0.0,-0.000052,0.0,0.0,0.008495,-0.000052,0.0,-0.000039,-0.0,-0.000039,0.0,-0.000052,0.0,0.0,0.0,0.0,
0.0,-0.15258,0.338601,0.449634,0.0,0.0,0.0,0.037958,0.261691,-0.046339,0.0,0.0,-2.058074,-0.004748,-0.000427,2.398424,-0.789964,0.0,-2.058074,0.004748,0.000427,2.398424,-0.789964,0.0,-0.389848,0.333559,0.0,-0.189954,0.0,0.0,0.0,-0.389848,-0.333559,0.0,-0.189954,0.0,0.0,0.0,0.0,0.008495,-0.000052,0.0,-0.000039,-0.0,-0.000039,0.0,-0.000052,0.0,0.0,0.008495,-0.000052,0.0,-0.000039,-0.0,-0.000039,0.0,-0.000052,0.0,0.0,0.0,0.0,
0.0,-0.15254,0.338876,0.449585,0.0,0.0,0.0,0.039922,0.274204,-0.048869,0.0,0.0,-2.057312,-0.00471,-0.000427,2.397797,-0.790055,0.0,-2.057312,0.00471,0.000427,2.397797,-0.790055,0.0,-0.389606,0.333477,0.0,-0.190035,0.0,0.0,0.0,-0.389606,-0.333477,0.0,-0.190035,0.0,0.0,0.0,0.0,0.008495,-0.000052,0.0,-0.000039,0.0,-0.000039,0.0,-0.000052,0.0,0.0,0.008495,-0.000052,0.0,-0.000039,0.0,-0.000039,0.0,-0.000052,0.0,0.0,0.0,0.0,
0.0,-0.1525,0.33915,0.449537,0.0,0.0,0.0,0.039922,0.274165,-0.048736,0.0,0.0,-2.056549,-0.004671,-0.000427,2.39717,-0.790146,0.0,-2.056549,0.004671,0.000427,2.39717,-0.790146,0.0,-0.389363,0.333395,0.0,-0.190116,0.0,0.0,0.0,-0.389363,-0.333395,0.0,-0.190116,0.0,0.0,0.0,0.0,0.008495,-0.000052,0.0,-0.000039,-0.0,-0.000039,0.0,-0.000052,-0.0,0.0,0.008495,-0.000052,0.0,-0.000039,-0.0,-0.000039,0.0,-0.000052,-0.0,0.0,0.0,0.0,
0.0,-0.15246,0.339424,0.449488,0.0,0.0,0.0,0.039922,0.274204,-0.048869,0.0,0.0,-2.055786,-0.004633,-0.000427,2.396543,-0.790237,0.0,-2.055786,0.004633,0.000427,2.396543,-0.790237,0.0,-0.38912,0.333314,0.0,-0.190197,0.0,0.0,0.0,-0.38912,-0.333314,0.0,-0.190197,0.0,0.0,0.0,0.0,0.008495,-0.000052,-0.0,-0.000039,-0.0,-0.000039,0.0,-0.000052,0.0,0.0,0.008495,-0.000052,-0.0,-0.000039,-0.0,-0.000039,0.0,-0.000052,0.0,0.0,0.0,0.0,
0.0,-0.15242,0.339698,0.449439,0.0,0.0,0.0,0.039922,0.274165,-0.048869,0.0,0.0,-2.055024,-0.004594,-0.000427,2.395915,-0.790329,0.0,-2.055024,0.004594,0.000427,2.395915,-0.790329,0.0,-0.388878,0.333232,0.0,-0.190278,0.0,0.0,0.0,-0.388878,-0.333232,0.0,-0.190278,0.0,-0.0,0.0,0.0,0.008495,-0.000052,0.0,-0.000039,0.0,-0.000039,0.0,-0.000052,0.0,0.0,0.008495,-0.000052,0.0,-0.000039,0.0,-0.000039,0.0,-0.000052,0.0,0.0,0.0,0.0,
0.0,-0.15238,0.339972,0.44939,0.0,0.0,0.0,0.039922,0.274204,-0.048869,0.0,0.0,-2.054261,-0.004556,-0.000427,2.395288,-0.79042,0.0,-2.054261,0.004556,0.000427,2.395288,-0.79042,0.0,-0.388635,0.33315,0.0,-0.190359,0.0,-0.0,0.0,-0.388635,-0.33315,0.0,-0.190359,0.0,0.0,0.0,0.0,0.008495,-0.000052,-0.0,-0.000039,0.0,-0.000039,0.0,-0.000052,-0.0,0.0,0.008495,-0.000052,-0.0,-0.000039,0.0,-0.000039,0.0,-0.000052,-0.0,0.0,0.0,0.0,
0.0,-0.15234,0.340246,0.449341,0.0,0.0,0.0,0.039931,0.274165,-0.048736,0.0,0.0,-2.053498,-0.004517,-0.000427,2.394661,-0.790511,0.0,-2.053498,0.004517,0.000427,2.394661,-0.790511,0.0,-0.388393,0.333069,0.0,-0.19044,0.0,0.0,0.0,-0.388393,-0.333069,0.0,-0.19044,0.0,0.0,0.0,0.0,0.008495,-0.000052,0.0,-0.000039,0.0,-0.000039,-0.0,-0.000052,0.0,0.0,0.008495,-0.000052,0.0,-0.000039,0.0,-0.000039,-0.0,-0.000052,0.0,0.0,0.0,0.0,
0.0,-0.1523,0.340521,0.449292,0.0,0.0,0.0,0.039922,0.274204,-0.048869,0.0,0.0,-2.052735,-0.004479,-0.000427,2.394034,-0.790602,0.0,-2.052735,0.004479,0.000427,2.394034,-0.790602,0.0,-0.38815,0.332987,0.0,-0.190521,0.0,0.0,0.0,-0.38815,-0.332987,0.0,-0.190521,0.0,0.0,0.0,0.0,0.008495,-0.000052,-0.0,-0.000039,0.0,-0.000039,0.0,-0.000052,0.0,0.0,0.008495,-0.000052,-0.0,-0.000039,0.0,-0.000039,0.0,-0.000052,0.0,0.0,0.0,0.0,
0.0,-0.15226,0.340795,0.449243,0.0,0.0,0.0,0.039922,0.274165,-0.048869,0.0,0.0,-2.051973,-0.00444,-0.000427,2.393407,-0.790694,0.0,-2.051973,0.00444,0.000427,2.393407,-0.790694,0.0,-0.387908,0.332905,0.0,-0.190602,0.0,0.0,0.0,-0.387908,-0.332905,0.0,-0.190602,0.0,0.0,0.0,0.0,0.008495,-0.000052,0.0,-0.000039,-0.0,-0.000039,0.0,-0.000052,0.0,0.0,0.008495,-0.000052,0.0,-0.000039,-0.0,-0.000039,0.0,-0.000052,0.0,0.0,0.0,0.0,
0.0,-0.15222,0.341069,0.449195,0.0,0.0,0.0,0.039922,0.274204,-0.048736,0.0,0.0,-2.05121,-0.004402,-0.000427,2.39278,-0.790785,0.0,-2.05121,0.004402,0.000427,2.39278,-0.790785,0.0,-0.387665,0.332824,0.0,-0.190683,0.0,0.0,0.0,-0.387665,-0.332824,0.0,-0.190683,0.0,0.0,0.0,0.0,0.008495,-0.000052,0.0,-0.000039,-0.0,-0.000039,0.0,-0.000052,0.0,0.0,0.008495,-0.000052,0.0,-0.000039,-0.0,-0.000039,0.0,-0.000052,0.0,0.0,0.0,0.0,
0.0,-0.15218,0.341343,0.449146,0.0,0.0,0.0,0.039922,0.274204,-0.048869,0.0,0.0,-2.050447,-0.004364,-0.000427,2.392152,-0.790876,0.0,-2.050447,0.004364,0.000427,2.392152,-0.790876,0.0,-0.387423,0.332742,0.0,-0.190764,0.0,0.0,0.0,-0.387423,-0.332742,0.0,-0.190764,0.0,-0.0,0.0,0.0,0.008495,-0.000052,-0.0,-0.000039,-0.0,-0.000039,-0.0,-0.000052,-0.0,0.0,0.008495,-0.000052,-0.0,-0.000039,-0.0,-0.000039,-0.0,-0.000052,-0.0,0.0,0.0,0.0,
0.0,-0.15214,0.341617,0.449097,0.0,0.0,0.0,0.039922,0.274165,-0.048869,0.0,0.0,-2.049684,-0.004325,-0.000427,2.391525,-0.790968,0.0,-2.049684,0.004325,0.000427,2.391525,-0.790968,0.0,-0.38718,0.33266,0.0,-0.190845,0.0,0.0,0.0,-0.38718,-0.33266,0.0,-0.190845,0.0,-0.0,0.0,0.0,0.008495,-0.000052,-0.0,-0.000039,-0.0,-0.000039,0.0,-0.000052,0.0,0.0,0.008495,-0.000052,-0.0,-0.000039,-0.0,-0.000039,0.0,-0.000052,0.0,0.0,0.0,0.0,
0.0,-0.1521,0.341892,0.449048,0.0,0.0,0.0,0.039922,0.274165,-0.048869,0.0,0.0,-2.048922,-0.004287,-0.000427,2.390898,-0.791059,0.0,-2.048922,0.004287,0.000427,2.390898,-0.791059,0.0,-0.386938,0.332579,0.0,-0.190925,0.0,0.0,0.0,-0.386938,-0.332579,0.0,-0.190925,0.0,0.0,0.0,0.0,0.008495,-0.000052,0.0,-0.000039,0.0,-0.000039,-0.0,-0.000052,-0.0,0.0,0.008495,-0.000052,0.0,-0.000039,0.0,-0.000039,-0.0,-0.000052,-0.0,0.0,0.0,0.0,
0.0,-0.152061,0.342166,0.448999,0.0,0.0,0.0,0.039922,0.274204,-0.048736,0.0,0.0,-2.048159,-0.004248,-0.000427,2.390271,-0.79115,0.0,-2.048159,0.004248,0.000427,2.390271,-0.79115,0.0,-0.386695,0.332497,0.0,-0.191006,0.0,0.0,0.0,-0.386695,-0.332497,0.0,-0.191006,0.0,-0.0,0.0,0.0,0.008495,-0.000052,-0.0,-0.000039,-0.0,-0.000039,0.0,-0.000052,0.0,0.0,0.008495,-0.000052,-0.0,-0.000039,-0.0,-0.000039,0.0,-0.000052,0.0,0.0,0.0,0.0,
0.0,-0.152021,0.34244,0.44895,0.0,0.0,0.0,0.039931,0.274204,-0.048869,0.0,0.0,-2.047396,-0.00421,-0.000427,2.389644,-0.791241,0.0,-2.047396,0.00421,0.000427,2.389644,-0.791241,0.0,-0.386452,0.332415,0.0,-0.191087,0.0,0.0,0.0,-0.386452,-0.332415,0.0,-0.191087,0.0,0.0,0.0,0.0,0.008495,-0.000052,0.0,-0.000039,-0.0,-0.000039,-0.0,-0.000052,-0.0,0.0,0.008495,-0.000052,0.0,-0.000039,-0.0,-0.000039,-0.0,-0.000052,-0.0,0.0,0.0,0.0,
0.0,-0.151981,0.342714,0.448902,0.0,0.0,0.0,0.039922,0.274165,-0.048869,0.0,0.0,-2.046634,-0.004171,-0.000427,2.389016,-0.791333,0.0,-2.046634,0.004171,0.000427,2.389016,-0.791333,0.0,-0.38621,0.332333,0.0,-0.191168,0.0,-0.0,0.0,-0.38621,-0.332333,0.0,-0.191168,0.0,0.0,0.0,0.0,0.008495,-0.000052,-0.0,-0.000039,-0.0,-0.000039,0.0,-0.000052,0.0,0.0,0.008495,-0.000052,-0.0,-0.000039,-0.0,-0.000039,0.0,-0.000052,0.0,0.0,0.0,0.0,
0.0,-0.151941,0.342988,0.448853,0.0,0.0,0.0,0.039922,0.274204,-0.048869,0.0,0.0,-2.045871,-0.004133,-0.000427,2.388389,-0.791424,0.0,-2.045871,0.004133,0.000427,2.388389,-0.791424,0.0,-0.385967,0.332252,0.0,-0.191249,0.0,-0.0,0.0,-0.385967,-0.332252,0.0,-0.191249,0.0,0.0,0.0,0.0,0.008495,-0.000052,0.0,-0.000039,0.0,-0.000039,-0.0,-0.000052,0.0,0.0,0.008495,-0.000052,0.0,-0.000039,0.0,-0.000039,-0.0,-0.000052,0.0,0.0,0.0,0.0,
0.0,-0.151901,0.343263,0.448804,0.0,0.0,0.0,0.039922,0.274165,-0.048736,0.0,0.0,-2.045108,-0.004094,-0.000427,2.387762,-0.791515,0.0,-2.045108,0.004094,0.000427,2.387762,-0.791515,0.0,-0.385725,0.33217,0.0,-0.19133,0.0,-0.0,0.0,-0.385725,-0.33217,0.0,-0.19133,0.0,0.0,0.0,0.0,0.008495,-0.000052,0.0,-0.000039,-0.0,-0.000039,-0.0,-0.000052,0.0,0.0,0.008495,-0.000052,0.0,-0.000039,-0.0,-0.000039,-0.0,-0.000052,0.0,0.0,0.0,0.0,
0.0,-0.151861,0.343537,0.448755,0.0,0.0,0.0,0.039922,0.274204,-0.048869,0.0,0.0,-2.044346,-0.004056,-0.000427,2.387135,-0.791607,0.0,-2.044346,0.004056,0.000427,2.387135,-0.791607,0.0,-0.385482,0.332088,0.0,-0.191411,0.0,-0.0,0.0,-0.385482,-0.332088,0.0,-0.191411,0.0,0.0,0.0,0.0,0.008495,-0.000052,-0.0,-0.000039,-0.0,-0.000039,0.0,-0.000052,0.0,0.0,0.008495,-0.000052,-0.0,-0.000039,-0.0,-0.000039,0.0,-0.000052,0.0,0.0,-0.0,0.0,
0.0,-0.151821,0.343811,0.448706,0.0,0.0,0.0,0.039922,0.274165,-0.048869,0.0,0.0,-2.043583,-0.004018,-0.000427,2.386508,-0.791698,0.0,-2.043583,0.004018,0.000427,2.386508,-0.791698,0.0,-0.38524,0.332007,0.0,-0.191492,0.0,0.0,0.0,-0.38524,-0.332007,0.0,-0.191492,0.0,0.0,0.0,0.0,0.008495,-0.000052,0.0,-0.000039,0.0,-0.000039,-0.0,-0.000052,-0.0,0.0,0.008495,-0.000052,0.0,-0.000039,0.0,-0.000039,-0.0,-0.000052,-0.0,0.0,0.0,0.0,
0.0,-0.151781,0.344085,0.448657,0.0,0.0,0.0,0.039922,0.274204,-0.048869,0.0,0.0,-2.04282,-0.003979,-0.000427,2.38588,-0.791789,0.0,-2.04282,0.003979,0.000427,2.38588,-0.791789,0.0,-0.384997,0.331925,0.0,-0.191573,0.0,-0.0,0.0,-0.384997,-0.331925,0.0,-0.191573,0.0,0.0,0.0,0.0,0.008495,-0.000052,0.0,-0.000039,0.0,-0.000039,0.0,-0.000052,-0.0,0.0,0.008495,-0.000052,0.0,-0.000039,0.0,-0.000039,0.0,-0.000052,-0.0,0.0,0.0,0.0,
0.0,-0.151741,0.344359,0.448609,0.0,0.0,0.0,0.039922,0.274165,-0.048736,0.0,0.0,-2.042057,-0.003941,-0.000427,2.385253,-0.79188,0.0,-2.042057,0.003941,0.000427,2.385253,-0.79188,0.0,-0.384755,0.331843,0.0,-0.191654,0.0,-0.0,0.0,-0.384755,-0.331843,0.0,-0.191654,0.0,0.0,0.0,0.0,0.008495,-0.000052,-0.0,-0.000039,0.0,-0.000039,0.0,-0.000052,0.0,0.0,0.008495,-0.000052,-0.0,-0.000039,0.0,-0.000039,0.0,-0.000052,0.0,0.0,0.0,0.0,
0.0,-0.151701,0.344633,0.44856,0.0,0.0,0.0,0.039931,0.274204,-0.048869,0.0,0.0,-2.041295,-0.003902,-0.000427,2.384626,-0.791972,0.0,-2.041295,0.003902,0.000427,2.384626,-0.791972,0.0,-0.384512,0.331762,0.0,-0.191735,0.0,-0.0,0.0,-0.384512,-0.331762,0.0,-0.191735,0.0,0.0,0.0,0.0,0.008495,-0.000052,0.0,-0.000039,0.0,-0.000039,0.0,-0.000052,0.0,0.0,0.008495,-0.000052,0.0,-0.000039,0.0,-0.000039,0.0,-0.000052,0.0,0.0,-0.0,0.0,
0.0,-0.151661,0.344908,0.448511,0.0,0.0,0.0,0.039922,0.274204,-0.048869,0.0,0.0,-2.040532,-0.003864,-0.000427,2.383999,-0.792063,0.0,-2.040532,0.003864,0.000427,2.383999,-0.792063,0.0,-0.38427,0.33168,0.0,-0.191816,0.0,0.0,0.0,-0.38427,-0.33168,0.0,-0.191816,0.0,0.0,0.0,0.0,0.008495,-0.000052,-0.0,-0.000039,-0.0,-0.000039,0.0,-0.000052,0.0,0.0,0.008495,-0.000052,-0.0,-0.000039,-0.0,-0.000039,0.0,-0.000052,0.0,0.0,0.0,0.0,
0.0,-0.151621,0.345182,0.448462,0.0,0.0,0.0,0.039922,0.274165,-0.048736,0.0,0.0,-2.039769,-0.003825,-0.000427,2.383372,-0.792154,0.0,-2.039769,0.003825,0.000427,2.383372,-0.792154,0.0,-0.384027,0.331598,0.0,-0.191897,0.0,0.0,0.0,-0.384027,-0.331598,0.0,-0.191897,0.0,-0.0,0.0,0.0,0.008495,-0.000052,-0.0,-0.000039,-0.0,-0.000039,-0.0,-0.000052,0.0,0.0,0.008495,-0.000052,-0.0,-0.000039,-0.0,-0.000039,-0.0,-0.000052,0.0,0.0,0.0,0.0,
0.0,-0.151581,0.345456,0.448413,0.0,0.0,0.0,0.039922,0.274204,-0.048869,0.0,0.0,-2.039006,-0.003787,-0.000427,2.382745,-0.792246,0.0,-2.039006,0.003787,0.000427,2.382745,-0.792246,0.0,-0.383784,0.331517,0.0,-0.191978,0.0,0.0,0.0,-0.383784,-0.331517,0.0,-0.191978,0.0,0.0,0.0,0.0,0.008495,-0.000052,-0.0,-0.000039,0.0,-0.000039,0.0,-0.000052,0.0,0.0,0.008495,-0.000052,-0.0,-0.000039,0.0,-0.000039,0.0,-0.000052,0.0,0.0,0.0,0.0,
0.0,-0.151542,0.34573,0.448364,0.0,0.0,0.0,0.039922,0.274165,-0.048869,0.0,0.0,-2.038244,-0.003748,-0.000427,2.382117,-0.792337,0.0,-2.038244,0.003748,0.000427,2.382117,-0.792337,0.0,-0.383542,0.331435,0.0,-0.192059,0.0,0.0,0.0,-0.383542,-0.331435,0.0,-0.192059,0.0,0.0,0.0,0.0,0.008495,-0.000052,-0.0,-0.000039,-0.0,-0.000039,-0.0,-0.000052,0.0,0.0,0.008495,-0.000052,-0.0,-0.000039,-0.0,-0.000039,-0.0,-0.000052,0.0,0.0,0.0,0.0,
0.0,-0.151502,0.346004,0.448316,0.0,0.0,0.0,0.039922,0.274204,-0.048869,0.0,0.0,-2.037481,-0.00371,-0.000427,2.38149,-0.792428,0.0,-2.037481,0.00371,0.000427,2.38149,-0.792428,0.0,-0.383299,0.331353,0.0,-0.19214,0.0,-0.0,0.0,-0.383299,-0.331353,0.0,-0.19214,0.0,0.0,0.0,0.0,0.008495,-0.000052,0.0,-0.000039,0.0,-0.000039,-0.0,-0.000052,0.0,0.0,0.008495,-0.000052,0.0,-0.000039,0.0,-0.000039,-0.0,-0.000052,0.0,0.0,0.0,0.0,
0.0,-0.151462,0.346279,0.448267,0.0,0.0,0.0,0.039922,0.274165,-0.048736,0.0,0.0,-2.036718,-0.003671,-0.000427,2.380863,-0.79252,0.0,-2.036718,0.003671,0.000427,2.380863,-0.79252,0.0,-0.383057,0.331271,0.0,-0.192221,0.0,0.0,0.0,-0.383057,-0.331271,0.0,-0.192221,0.0,0.0,0.0,0.0,0.008495,-0.000052,-0.0,-0.000039,0.0,-0.000039,0.0,-0.000052,0.0,0.0,0.008495,-0.000052,-0.0,-0.000039,0.0,-0.000039,0.0,-0.000052,0.0,0.0,0.0,0.0,
0.0,-0.151422,0.346553,0.448218,0.0,0.0,0.0,0.039931,0.274204,-0.048869,0.0,0.0,-2.035956,-0.003633,-0.000427,2.380236,-0.792611,0.0,-2.035956,0.003633,0.000427,2.380236,-0.792611,0.0,-0.382814,0.33119,0.0,-0.192301,0.0,0.0,0.0,-0.382814,-0.33119,0.0,-0.192301,0.0,0.0,0.0,0.0,0.008495,-0.000052,-0.0,-0.000039,-0.0,-0.000039,-0.0,-0.000052,0.0,0.0,0.008495,-0.000052,-0.0,-0.000039,-0.0,-0.000039,-0.0,-0.000052,0.0,0.0,0.0,0.0,
0.0,-0.151382,0.346827,0.448169,0.0,0.0,0.0,0.039922,0.274165,-0.048869,0.0,0.0,-2.035193,-0.003595,-0.000427,2.379608,-0.792702,0.0,-2.035193,0.003595,0.000427,2.379608,-0.792702,0.0,-0.382572,0.331108,0.0,-0.192382,0.0,0.0,0.0,-0.382572,-0.331108,0.0,-0.192382,0.0,0.0,0.0,0.0,0.008495,-0.000052,0.0,-0.000039,-0.0,-0.000039,0.0,-0.000052,0.0,0.0,0.008495,-0.000052,0.0,-0.000039,-0.0,-0.000039,0.0,-0.000052,0.0,0.0,0.0,0.0,
0.0,-0.151342,0.347101,0.44812,0.0,0.0,0.0,0.039922,0.274204,-0.048869,0.0,0.0,-2.03443,-0.003556,-0.000427,2.378981,-0.792793,0.0,-2.03443,0.003556,0.000427,2.378981,-0.792793,0.0,-0.382329,0.331026,0.0,-0.192463,0.0,0.0,0.0,-0.382329,-0.331026,0.0,-0.192463,0.0,0.0,0.0,0.0,0.008495,-0.000052,-0.0,-0.000039,-0.0,-0.000039,0.0,-0.000052,0.0,0.0,0.008495,-0.000052,-0.0,-0.000039,-0.0,-0.000039,0.0,-0.000052,0.0,0.0,0.0,0.0,
0.0,-0.151302,0.347375,0.448072,0.0,0.0,0.0,0.039922,0.274204,-0.048736,0.0,0.0,-2.033668,-0.003518,-0.000427,2.378354,-0.792885,0.0,-2.033668,0.003518,0.000427,2.378354,-0.792885,0.0,-0.382087,0.330945,0.0,-0.192544,0.0,0.0,0.0,-0.382087,-0.330945,0.0,-0.192544,0.0,0.0,0.0,0.0,0.008495,-0.000052,0.0,-0.000039,-0.0,-0.000039,-0.0,-0.000052,0.0,0.0,0.008495,-0.000052,0.0,-0.000039,-0.0,-0.000039,-0.0,-0.000052,0.0,0.0,0.0,0.0,
0.0,-0.151262,0.347649,0.448023,0.0,0.0,0.0,0.039922,0.274165,-0.048869,0.0,0.0,-2.032905,-0.003479,-0.000427,2.377727,-0.792976,0.0,-2.032905,0.003479,0.000427,2.377727,-0.792976,0.0,-0.381844,0.330863,0.0,-0.192625,0.0,0.0,0.0,-0.381844,-0.330863,0.0,-0.192625,0.0,-0.0,0.0,0.0,0.008495,-0.000052,0.0,-0.000039,-0.0,-0.000039,0.0,-0.000052,0.0,0.0,0.008495,-0.000052,0.0,-0.000039,-0.0,-0.000039,0.0,-0.000052,0.0,0.0,0.0,0.0,
0.0,-0.151219,0.347941,0.447966,0.0,0.0,0.0,0.042763,0.291866,-0.056326,0.0,0.0,-2.032106,-0.003435,-0.000427,2.377058,-0.793049,0.0,-2.032106,0.003435,0.000427,2.377058,-0.793049,0.0,-0.381585,0.330778,0.0,-0.192712,0.0,0.0,0.0,-0.381585,-0.330778,0.0,-0.192712,0.0,0.0,0.0,0.0,0.008495,-0.000052,-0.0,-0.000039,-0.0,-0.000039,-0.0,-0.000052,0.0,0.0,0.008495,-0.000052,-0.0,-0.000039,-0.0,-0.000039,-0.0,-0.000052,0.0,0.0,-0.0,0.0,
0.0,-0.151177,0.348233,0.44791,0.0,0.0,0.0,0.042763,0.291866,-0.056326,0.0,0.0,-2.031308,-0.003391,-0.000427,2.37639,-0.793123,0.0,-2.031308,0.003391,0.000427,2.37639,-0.793123,0.0,-0.381326,0.330692,0.0,-0.192798,0.0,0.0,0.0,-0.381326,-0.330692,0.0,-0.192798,0.0,0.0,0.0,0.0,0.008495,-0.000052,0.0,-0.000039,0.0,-0.000039,0.0,-0.000052,-0.0,0.0,0.008495,-0.000052,0.0,-0.000039,0.0,-0.000039,0.0,-0.000052,-0.0,0.0,0.0,0.0,
0.0,-0.151134,0.348525,0.447854,0.0,0.0,0.0,0.042763,0.291904,-0.056326,0.0,0.0,-2.03051,-0.003347,-0.000427,2.375721,-0.793196,0.0,-2.03051,0.003347,0.000427,2.375721,-0.793196,0.0,-0.381067,0.330607,0.0,-0.192885,0.0,0.0,0.0,-0.381067,-0.330607,0.0,-0.192885,0.0,0.0,0.0,0.0,0.008495,-0.000052,0.0,-0.000039,0.0,-0.000039,0.0,-0.000052,-0.0,0.0,0.008495,-0.000052,0.0,-0.000039,0.0,-0.000039,0.0,-0.000052,-0.0,0.0,0.0,0.0,
0.0,-0.151091,0.348817,0.447797,0.0,0.0,0.0,0.042763,0.291866,-0.056326,0.0,0.0,-2.029711,-0.003303,-0.000427,2.375052,-0.79327,0.0,-2.029711,0.003303,0.000427,2.375052,-0.79327,0.0,-0.380808,0.330521,0.0,-0.192971,0.0,0.0,0.0,-0.380808,-0.330521,0.0,-0.192971,0.0,-0.0,0.0,0.0,0.008495,-0.000052,-0.0,-0.000039,-0.0,-0.000039,0.0,-0.000052,0.0,0.0,0.008495,-0.000052,-0.0,-0.000039,-0.0,-0.000039,0.0,-0.000052,0.0,0.0,0.0,0.0,
0.0,-0.151048,0.349109,0.447741,0.0,0.0,0.0,0.042763,0.291904,-0.056326,0.0,0.0,-2.028913,-0.003259,-0.000427,2.374384,-0.793343,0.0,-2.028913,0.003259,0.000427,2.374384,-0.793343,0.0,-0.380549,0.330436,0.0,-0.193058,0.0,0.0,0.0,-0.380549,-0.330436,0.0,-0.193058,0.0,0.0,0.0,0.0,0.008495,-0.000052,-0.0,-0.000039,0.0,-0.000039,-0.0,-0.000052,0.0,0.0,0.008495,-0.000052,-0.0,-0.000039,0.0,-0.000039,-0.0,-0.000052,0.0,0.0,0.0,0.0,
0.0,-0.151006,0.349401,0.447685,0.0,0.0,0.0,0.042763,0.291866,-0.056459,0.0,0.0,-2.028114,-0.003216,-0.000427,2.373715,-0.793417,0.0,-2.028114,0.003216,0.000427,2.373715,-0.793417,0.0,-0.380289,0.330351,0.0,-0.193144,0.0,-0.0,0.0,-0.380289,-0.330351,0.0,-0.193144,0.0,0.0,0.0,0.0,0.008495,-0.000052,0.0,-0.000039,0.0,-0.000039,-0.0,-0.000052,0.0,0.0,0.008495,-0.000052,0.0,-0.000039,0.0,-0.000039,-0.0,-0.000052,0.0,0.0,0.0,0.0,
0.0,-0.150963,0.349693,0.447628,0.0,0.0,0.0,0.042763,0.291904,-0.056193,0.0,0.0,-2.027316,-0.003172,-0.000427,2.373046,-0.79349,0.0,-2.027316,0.003172,0.000427,2.373046,-0.79349,0.0,-0.38003,0.330265,0.0,-0.19323,0.0,0.0,0.0,-0.38003,-0.330265,0.0,-0.19323,0.0,-0.0,0.0,0.0,0.008495,-0.000052,0.0,-0.000039,0.0,-0.000039,-0.0,-0.000052,0.0,0.0,0.008495,-0.000052,0.0,-0.000039,0.0,-0.000039,-0.0,-0.000052,0.0,0.0,0.0,0.0,
0.0,-0.15092,0.349985,0.447572,0.0,0.0,0.0,0.042763,0.291904,-0.056459,0.0,0.0,-2.026517,-0.003128,-0.000427,2.372377,-0.793564,0.0,-2.026517,0.003128,0.000427,2.372377,-0.793564,0.0,-0.379771,0.33018,0.0,-0.193317,0.0,0.0,0.0,-0.379771,-0.33018,0.0,-0.193317,0.0,0.0,0.0,0.0,0.008495,-0.000052,0.0,-0.000039,0.0,-0.000039,-0.0,-0.000052,0.0,0.0,0.008495,-0.000052,0.0,-0.000039,0.0,-0.000039,-0.0,-0.000052,0.0,0.0,0.0,0.0,
0.0,-0.150877,0.350276,0.447516,0.0,0.0,0.0,0.042772,0.291866,-0.056326,0.0,0.0,-2.025719,-0.003084,-0.000427,2.371709,-0.793637,0.0,-2.025719,0.003084,0.000427,2.371709,-0.793637,0.0,-0.379512,0.330095,0.0,-0.193403,0.0,0.0,0.0,-0.379512,-0.330095,0.0,-0.193403,0.0,0.0,0.0,0.0,0.008495,-0.000052,-0.0,-0.000039,-0.0,-0.000039,0.0,-0.000052,0.0,0.0,0.008495,-0.000052,-0.0,-0.000039,-0.0,-0.000039,0.0,-0.000052,0.0,0.0,0.0,0.0,
0.0,-0.150834,0.350568,0.447459,0.0,0.0,0.0,0.042763,0.291866,-0.056326,0.0,0.0,-2.02492,-0.00304,-0.000427,2.37104,-0.793711,0.0,-2.02492,0.00304,0.000427,2.37104,-0.793711,0.0,-0.379253,0.330009,0.0,-0.19349,0.0,0.0,0.0,-0.379253,-0.330009,0.0,-0.19349,0.0,0.0,0.0,0.0,0.008495,-0.000052,-0.0,-0.000039,0.0,-0.000039,-0.0,-0.000052,0.0,0.0,0.008495,-0.000052,-0.0,-0.000039,0.0,-0.000039,-0.0,-0.000052,0.0,0.0,0.0,0.0,
0.0,-0.150792,0.35086,0.447403,0.0,0.0,0.0,0.042763,0.291904,-0.056326,0.0,0.0,-2.024122,-0.002996,-0.000427,2.370371,-0.793784,0.0,-2.024122,0.002996,0.000427,2.370371,-0.793784,0.0,-0.378994,0.329924,0.0,-0.193576,0.0,0.0,0.0,-0.378994,-0.329924,0.0,-0.193576,0.0,-0.0,0.0,0.0,0.008495,-0.000052,0.0,-0.000039,-0.0,-0.000039,0.0,-0.000052,-0.0,0.0,0.008495,-0.000052,0.0,-0.000039,-0.0,-0.000039,0.0,-0.000052,-0.0,0.0,0.0,0.0,
0.0,-0.150749,0.351152,0.447347,0.0,0.0,0.0,0.042763,0.291866,-0.056326,0.0,0.0,-2.023323,-0.002952,-0.000427,2.369703,-0.793857,0.0,-2.023323,0.002952,0.000427,2.369703,-0.793857,0.0,-0.378735,0.329838,0.0,-0.193663,0.0,0.0,0.0,-0.378735,-0.329838,0.0,-0.193663,0.0,0.0,0.0,0.0,0.008495,-0.000052,0.0,-0.000039,0.0,-0.000039,0.0,-0.000052,-0.0,0.0,0.008495,-0.000052,0.0,-0.000039,0.0,-0.000039,0.0,-0.000052,-0.0,0.0,0.0,0.0,
0.0,-0.150706,0.351444,0.44729,0.0,0.0,0.0,0.042763,0.291904,-0.056326,0.0,0.0,-2.022525,-0.002908,-0.000427,2.369034,-0.793931,0.0,-2.022525,0.002908,0.000427,2.369034,-0.793931,0.0,-0.378476,0.329753,0.0,-0.193749,0.0,0.0,0.0,-0.378476,-0.329753,0.0,-0.193749,0.0,0.0,0.0,0.0,0.008495,-0.000052,-0.0,-0.000039,-0.0,-0.000039,0.0,-0.000052,-0.0,0.0,0.008495,-0.000052,-0.0,-0.000039,-0.0,-0.000039,0.0,-0.000052,-0.0,0.0,0.0,0.0,
0.0,-0.150663,0.351736,0.447234,0.0,0.0,0.0,0.042763,0.291904,-0.056326,0.0,0.0,-2.021726,-0.002864,-0.000427,2.368365,-0.794004,0.0,-2.021726,0.002864,0.000427,2.368365,-0.794004,0.0,-0.378216,0.329668,0.0,-0.193836,0.0,0.0,0.0,-0.378216,-0.329668,0.0,-0.193836,0.0,-0.0,0.0,0.0,0.008495,-0.000052,-0.0,-0.000039,0.0,-0.000039,0.0,-0.000052,0.0,0.0,0.008495,-0.000052,-0.0,-0.000039,0.0,-0.000039,0.0,-0.000052,0.0,0.0,0.0,0.0,
0.0,-0.150621,0.352028,0.447178,0.0,0.0,0.0,0.042763,0.291866,-0.056326,0.0,0.0,-2.020928,-0.00282,-0.000427,2.367696,-0.794078,0.0,-2.020928,0.00282,0.000427,2.367696,-0.794078,0.0,-0.377957,0.329582,0.0,-0.193922,0.0,-0.0,0.0,-0.377957,-0.329582,0.0,-0.193922,0.0,0.0,0.0,0.0,0.008495,-0.000052,0.0,-0.000039,0.0,-0.000039,0.0,-0.000052,0.0,0.0,0.008495,-0.000052,0.0,-0.000039,0.0,-0.000039,0.0,-0.000052,0.0,0.0,0.0,0.0,
0.0,-0.150578,0.35232,0.447121,0.0,0.0,0.0,0.042763,0.291904,-0.056326,0.0,0.0,-2.020129,-0.002776,-0.000427,2.367028,-0.794151,0.0,-2.020129,0.002776,0.000427,2.367028,-0.794151,0.0,-0.377698,0.329497,0.0,-0.194009,0.0,0.0,0.0,-0.377698,-0.329497,0.0,-0.194009,0.0,0.0,0.0,0.0,0.008495,-0.000052,-0.0,-0.000039,-0.0,-0.000039,0.0,-0.000052,0.0,0.0,0.008495,-0.000052,-0.0,-0.000039,-0.0,-0.000039,0.0,-0.000052,0.0,0.0,0.0,0.0,
0.0,-0.150535,0.352612,0.447065,0.0,0.0,0.0,0.042772,0.291866,-0.056326,0.0,0.0,-2.019331,-0.002732,-0.000427,2.366359,-0.794225,0.0,-2.019331,0.002732,0.000427,2.366359,-0.794225,0.0,-0.377439,0.329411,0.0,-0.194095,0.0,0.0,0.0,-0.377439,-0.329411,0.0,-0.194095,0.0,-0.0,0.0,0.0,0.008495,-0.000052,0.0,-0.000039,0.0,-0.000039,-0.0,-0.000052,0.0,0.0,0.008495,-0.000052,0.0,-0.000039,0.0,-0.000039,-0.0,-0.000052,0.0,0.0,0.0,0.0,
0.0,-0.150492,0.352903,0.447009,0.0,0.0,0.0,0.042753,0.291904,-0.056326,0.0,0.0,-2.018532,-0.002688,-0.000427,2.36569,-0.794298,0.0,-2.018532,0.002688,0.000427,2.36569,-0.794298,0.0,-0.37718,0.329326,0.0,-0.194182,0.0,0.0,0.0,-0.37718,-0.329326,0.0,-0.194182,0.0,0.0,0.0,0.0,0.008495,-0.000052,0.0,-0.000039,-0.0,-0.000039,-0.0,-0.000052,-0.0,0.0,0.008495,-0.000052,0.0,-0.000039,-0.0,-0.000039,-0.0,-0.000052,-0.0,0.0,0.0,0.0,
0.0,-0.15045,0.353195,0.446952,0.0,0.0,0.0,0.042772,0.291866,-0.056326,0.0,0.0,-2.017734,-0.002644,-0.000427,2.365022,-0.794372,0.0,-2.017734,0.002644,0.000427,2.365022,-0.794372,0.0,-0.376921,0.329241,0.0,-0.194268,0.0,0.0,0.0,-0.376921,-0.329241,0.0,-0.194268,0.0,0.0,0.0,0.0,0.008495,-0.000052,-0.0,-0.000039,0.0,-0.000039,-0.0,-0.000052,0.0,0.0,0.008495,-0.000052,-0.0,-0.000039,0.0,-0.000039,-0.0,-0.000052,0.0,0.0,0.0,0.0,
0.0,-0.150407,0.353487,0.446896,0.0,0.0,0.0,0.042763,0.291904,-0.056326,0.0,0.0,-2.016935,-0.0026,-0.000427,2.364353,-0.794445,0.0,-2.016935,0.0026,0.000427,2.364353,-0.794445,0.0,-0.376662,0.329155,0.0,-0.194355,0.0,-0.0,0.0,-0.376662,-0.329155,0.0,-0.194355,0.0,0.0,0.0,0.0,0.008495,-0.000052,0.0,-0.000039,-0.0,-0.000039,0.0,-0.000052,0.0,0.0,0.008495,-0.000052,0.0,-0.000039,-0.0,-0.000039,0.0,-0.000052,0.0,0.0,0.0,0.0,
0.0,-0.150364,0.353779,0.44684,0.0,0.0,0.0,0.042763,0.291866,-0.056326,0.0,0.0,-2.016137,-0.002556,-0.000427,2.363684,-0.794519,0.0,-2.016137,0.002556,0.000427,2.363684,-0.794519,0.0,-0.376403,0.32907,0.0,-0.194441,0.0,-0.0,0.0,-0.376403,-0.32907,0.0,-0.194441,0.0,0.0,0.0,0.0,0.008495,-0.000052,-0.0,-0.000039,0.0,-0.000039,0.0,-0.000052,0.0,0.0,0.008495,-0.000052,-0.0,-0.000039,0.0,-0.000039,0.0,-0.000052,0.0,0.0,0.0,0.0,
0.0,-0.150321,0.354071,0.446783,0.0,0.0,0.0,0.042763,0.291904,-0.056326,0.0,0.0,-2.015338,-0.002512,-0.000427,2.363016,-0.794592,0.0,-2.015338,0.002512,0.000427,2.363016,-0.794592,0.0,-0.376143,0.328984,0.0,-0.194527,0.0,0.0,0.0,-0.376143,-0.328984,0.0,-0.194527,0.0,0.0,0.0,0.0,0.008495,-0.000052,0.0,-0.000039,0.0,-0.000039,0.0,-0.000052,0.0,0.0,0.008495,-0.000052,0.0,-0.000039,0.0,-0.000039,0.0,-0.000052,0.0,0.0,0.0,0.0,
0.0,-0.150279,0.354363,0.446727,0.0,0.0,0.0,0.042763,0.291866,-0.056326,0.0,0.0,-2.01454,-0.002468,-0.000427,2.362347,-0.794666,0.0,-2.01454,0.002468,0.000427,2.362347,-0.794666,0.0,-0.375884,0.328899,0.0,-0.194614,0.0,0.0,0.0,-0.375884,-0.328899,0.0,-0.194614,0.0,-0.0,0.0,0.0,0.008495,-0.000052,-0.0,-0.000039,-0.0,-0.000039,-0.0,-0.000052,-0.0,0.0,0.008495,-0.000052,-0.0,-0.000039,-0.0,-0.000039,-0.0,-0.000052,-0.0,0.0,-0.0,0.0,
0.0,-0.150236,0.354655,0.446671,0.0,0.0,0.0,0.042763,0.291904,-0.056459,0.0,0.0,-2.013742,-0.002424,-0.000427,2.361678,-0.794739,0.0,-2.013742,0.002424,0.000427,2.361678,-0.794739,0.0,-0.375625,0.328814,0.0,-0.1947,0.0,-0.0,0.0,-0.375625,-0.328814,0.0,-0.1947,0.0,0.0,0.0,0.0,0.008495,-0.000052,0.0,-0.000039,-0.0,-0.000039,0.0,-0.000052,-0.0,0.0,0.008495,-0.000052,0.0,-0.000039,-0.0,-0.000039,0.0,-0.000052,-0.0,0.0,0.0,0.0,
0.0,-0.150193,0.354947,0.446614,0.0,0.0,0.0,0.042763,0.291866,-0.056326,0.0,0.0,-2.012943,-0.002381,-0.000427,2.361009,-0.794813,0.0,-2.012943,0.002381,0.000427,2.361009,-0.794813,0.0,-0.375366,0.328728,0.0,-0.194787,0.0,0.0,0.0,-0.375366,-0.328728,0.0,-0.194787,0.0,0.0,0.0,0.0,0.008495,-0.000052,0.0,-0.000039,-0.0,-0.000039,-0.0,-0.000052,-0.0,0.0,0.008495,-0.000052,0.0,-0.000039,-0.0,-0.000039,-0.0,-0.000052,-0.0,0.0,0.0,0.0,
0.0,-0.15015,0.355238,0.446558,0.0,0.0,0.0,0.042763,0.291904,-0.056326,0.0,0.0,-2.012145,-0.002337,-0.000427,2.360341,-0.794886,0.0,-2.012145,0.002337,0.000427,2.360341,-0.794886,0.0,-0.375107,0.328643,0.0,-0.194873,0.0,0.0,0.0,-0.375107,-0.328643,0.0,-0.194873,0.0,0.0,0.0,0.0,0.008495,-0.000052,-0.0,-0.000039,-0.0,-0.000039,-0.0,-0.000052,0.0,0.0,0.008495,-0.000052,-0.0,-0.000039,-0.0,-0.000039,-0.0,-0.000052,0.0,0.0,0.0,0.0,
0.0,-0.150107,0.35553,0.446502,0.0,0.0,0.0,0.042772,0.291866,-0.056326,0.0,0.0,-2.011346,-0.002293,-0.000427,2.359672,-0.79496,0.0,-2.011346,0.002293,0.000427,2.359672,-0.79496,0.0,-0.374848,0.328558,0.0,-0.19496,0.0,0.0,0.0,-0.374848,-0.328558,0.0,-0.19496,0.0,0.0,0.0,0.0,0.008495,-0.000052,-0.0,-0.000039,0.0,-0.000039,0.0,-0.000052,0.0,0.0,0.008495,-0.000052,-0.0,-0.000039,0.0,-0.000039,0.0,-0.000052,0.0,0.0,0.0,0.0,
0.0,-0.150065,0.355822,0.446445,0.0,0.0,0.0,0.042763,0.291904,-0.056326,0.0,0.0,-2.010548,-0.002249,-0.000427,2.359003,-0.795033,0.0,-2.010548,0.002249,0.000427,2.359003,-0.795033,0.0,-0.374589,0.328472,0.0,-0.195046,0.0,-0.0,0.0,-0.374589,-0.328472,0.0,-0.195046,0.0,0.0,0.0,0.0,0.008495,-0.000052,0.0,-0.000039,0.0,-0.000039,0.0,-0.000052,0.0,0.0,0.008495,-0.000052,0.0,-0.000039,0.0,-0.000039,0.0,-0.000052,0.0,0.0,0.0,0.0,
0.0,-0.150022,0.356114,0.446389,0.0,0.0,0.0,0.042763,0.291866,-0.056326,0.0,0.0,-2.009749,-0.002205,-0.000427,2.358335,-0.795107,0.0,-2.009749,0.002205,0.000427,2.358335,-0.795107,0.0,-0.37433,0.328387,0.0,-0.195133,0.0,0.0,0.0,-0.37433,-0.328387,0.0,-0.195133,0.0,0.0,0.0,0.0,0.008495,-0.000052,0.0,-0.000039,0.0,-0.000039,0.0,-0.000052,0.0,0.0,0.008495,-0.000052,0.0,-0.000039,0.0,-0.000039,0.0,-0.000052,0.0,0.0,0.0,0.0,
0.0,-0.149979,0.356406,0.446333,0.0,0.0,0.0,0.042763,0.291904,-0.056326,0.0,0.0,-2.008951,-0.002161,-0.000427,2.357666,-0.79518,0.0,-2.008951,0.002161,0.000427,2.357666,-0.79518,0.0,-0.37407,0.328301,0.0,-0.195219,0.0,0.0,0.0,-0.37407,-0.328301,0.0,-0.195219,0.0,0.0,0.0,0.0,0.008495,-0.000052,-0.0,-0.000039,0.0,-0.000039,-0.0,-0.000052,0.0,0.0,0.008495,-0.000052,-0.0,-0.000039,0.0,-0.000039,-0.0,-0.000052,0.0,0.0,0.0,0.0,
0.0,-0.149936,0.356698,0.446276,0.0,0.0,0.0,0.042763,0.291866,-0.056326,0.0,0.0,-2.008152,-0.002117,-0.000427,2.356997,-0.795253,-0.0,-2.008152,0.002117,0.000427,2.356997,-0.795253,0.0,-0.373811,0.328216,0.0,-0.195306,0.0,0.0,0.0,-0.373811,-0.328216,0.0,-0.195306,0.0,0.0,0.0,0.0,0.008495,-0.000052,-0.0,-0.000039,-0.0,-0.000039,0.0,-0.000052,-0.0,0.0,0.008495,-0.000052,-0.0,-0.000039,-0.0,-0.000039,0.0,-0.000052,-0.0,0.0,0.0,0.0,
0.0,-0.149894,0.35699,0.44622,0.0,0.0,0.0,0.042763,0.291904,-0.056326,0.0,0.0,-2.007354,-0.002073,-0.000427,2.356328,-0.795327,0.0,-2.007354,0.002073,0.000427,2.356328,-0.795327,-0.0,-0.373552,0.328131,0.0,-0.195392,0.0,0.0,0.0,-0.373552,-0.328131,0.0,-0.195392,0.0,0.0,0.0,0.0,0.008495,-0.000052,0.0,-0.000039,0.0,-0.000039,0.0,-0.000052,0.0,0.0,0.008495,-0.000052,0.0,-0.000039,0.0,-0.000039,0.0,-0.000052,0.0,0.0,0.0,0.0,
0.0,-0.149851,0.357282,0.446164,0.0,0.0,0.0,0.042763,0.291904,-0.056326,0.0,0.0,-2.006555,-0.002029,-0.000427,2.35566,-0.7954,0.0,-2.006555,0.002029,0.000427,2.35566,-0.7954,0.0,-0.373293,0.328045,0.0,-0.195479,0.0,0.0,0.0,-0.373293,-0.328045,0.0,-0.195479,0.0,0.0,0.0,0.0,0.008495,-0.000052,-0.0,-0.000039,0.0,-0.000039,0.0,-0.000052,0.0,0.0,0.008495,-0.000052,-0.0,-0.000039,0.0,-0.000039,0.0,-0.000052,0.0,0.0,0.0,0.0,
0.0,-0.149806,0.357585,0.446105,0.0,0.0,0.0,0.044583,0.302967,-0.058856,0.0,0.0,-2.005734,-0.001984,-0.000419,2.35496,-0.795462,0.0,-2.005734,0.001984,0.000419,2.35496,-0.795462,0.0,-0.373024,0.327956,0.0,-0.195569,0.0,-0.0,0.0,-0.373024,-0.327956,0.0,-0.195569,0.0,0.0,0.0,0.0,0.008495,-0.000052,-0.0,-0.000039,0.0,-0.000039,0.0,-0.000052,0.0,0.0,0.008495,-0.000052,-0.0,-0.000039,0.0,-0.000039,0.0,-0.000052,0.0,0.0,0.0,0.0,
0.0,-0.149761,0.357893,0.446045,0.0,0.0,0.0,0.045508,0.308613,-0.060054,0.0,0.0,-2.004902,-0.001938,-0.000406,2.354243,-0.795518,0.0,-2.004902,0.001938,0.000406,2.354243,-0.795518,0.0,-0.37275,0.327865,0.0,-0.195661,0.0,0.0,0.0,-0.37275,-0.327865,0.0,-0.195661,0.0,0.0,0.0,0.0,0.008495,-0.000052,0.0,-0.000039,-0.0,-0.000039,0.0,-0.000052,-0.0,0.0,0.008495,-0.000052,0.0,-0.000039,-0.0,-0.000039,0.0,-0.000052,-0.0,0.0,0.0,0.0,
0.0,-0.149715,0.358202,0.445985,0.0,0.0,0.0,0.045499,0.308613,-0.060054,0.0,0.0,-2.00407,-0.001892,-0.000393,2.353527,-0.795573,0.0,-2.00407,0.001892,0.000393,2.353527,-0.795573,0.0,-0.372477,0.327774,0.0,-0.195753,0.0,-0.0,0.0,-0.372477,-0.327774,0.0,-0.195753,0.0,0.0,0.0,0.0,0.008495,-0.000052,0.0,-0.000039,-0.0,-0.000039,0.0,-0.000052,-0.0,0.0,0.008495,-0.000052,0.0,-0.000039,-0.0,-0.000039,0.0,-0.000052,-0.0,0.0,0.0,0.0,
0.0,-0.14967,0.35851,0.445924,0.0,0.0,0.0,0.045508,0.308574,-0.060188,0.0,0.0,-2.003238,-0.001846,-0.00038,2.35281,-0.795629,0.0,-2.003238,0.001846,0.00038,2.35281,-0.795629,0.0,-0.372203,0.327683,0.0,-0.195845,0.0,0.0,0.0,-0.372203,-0.327683,0.0,-0.195845,0.0,-0.0,0.0,0.0,0.008495,-0.000052,-0.0,-0.000039,-0.0,-0.000039,-0.0,-0.000052,0.0,0.0,0.008495,-0.000052,-0.0,-0.000039,-0.0,-0.000039,-0.0,-0.000052,0.0,0.0,0.0,0.0,
0.0,-0.149624,0.358819,0.445864,0.0,0.0,0.0,0.045499,0.308613,-0.060054,0.0,0.0,-2.002406,-0.001801,-0.000367,2.352094,-0.795684,0.0,-2.002406,0.001801,0.000367,2.352094,-0.795684,0.0,-0.371929,0.327592,0.0,-0.195937,0.0,-0.0,0.0,-0.371929,-0.327592,0.0,-0.195937,0.0,0.0,0.0,0.0,0.008495,-0.000052,-0.0,-0.000039,-0.0,-0.000039,-0.0,-0.000052,0.0,0.0,0.008495,-0.000052,-0.0,-0.000039,-0.0,-0.000039,-0.0,-0.000052,0.0,0.0,0.0,0.0,
0.0,-0.149579,0.359128,0.445804,0.0,0.0,0.0,0.045508,0.308613,-0.060054,0.0,0.0,-2.001574,-0.001755,-0.000355,2.351378,-0.79574,0.0,-2.001574,0.001755,0.000355,2.351378,-0.79574,0.0,-0.371655,0.327502,0.0,-0.196029,0.0,0.0,0.0,-0.371655,-0.327502,0.0,-0.196029,0.0,-0.0,0.0,0.0,0.008495,-0.000052,0.0,-0.000039,0.0,-0.000039,0.0,-0.000052,0.0,0.0,0.008495,-0.000052,0.0,-0.000039,0.0,-0.000039,0.0,-0.000052,0.0,0.0,0.0,0.0,
0.0,-0.149533,0.359436,0.445744,0.0,0.0,0.0,0.045499,0.308613,-0.060054,0.0,0.0,-2.000741,-0.001709,-0.000342,2.350661,-0.795796,0.0,-2.000741,0.001709,0.000342,2.350661,-0.795796,0.0,-0.371381,0.327411,0.0,-0.196121,0.0,0.0,0.0,-0.371381,-0.327411,0.0,-0.196121,0.0,0.0,0.0,0.0,0.008495,-0.000052,-0.0,-0.000039,-0.0,-0.000039,-0.0,-0.000052,-0.0,0.0,0.008495,-0.000052,-0.0,-0.000039,-0.0,-0.000039,-0.0,-0.000052,-0.0,0.0,0.0,0.0,
0.0,-0.149488,0.359745,0.445684,0.0,0.0,0.0,0.045508,0.308574,-0.060054,0.0,0.0,-1.999909,-0.001663,-0.000329,2.349945,-0.795851,0.0,-1.999909,0.001663,0.000329,2.349945,-0.795851,0.0,-0.371108,0.32732,0.0,-0.196213,0.0,0.0,0.0,-0.371108,-0.32732,0.0,-0.196213,0.0,-0.0,0.0,0.0,0.008495,-0.000052,0.0,-0.000039,0.0,-0.000039,0.0,-0.000052,0.0,0.0,0.008495,-0.000052,0.0,-0.000039,0.0,-0.000039,0.0,-0.000052,0.0,0.0,0.0,0.0,
0.0,-0.149442,0.360053,0.445624,0.0,0.0,0.0,0.045499,0.308613,-0.060054,0.0,0.0,-1.999077,-0.001618,-0.000316,2.349229,-0.795907,0.0,-1.999077,0.001618,0.000316,2.349229,-0.795907,0.0,-0.370834,0.327229,0.0,-0.196305,0.0,0.0,0.0,-0.370834,-0.327229,0.0,-0.196305,0.0,0.0,0.0,0.0,0.008495,-0.000052,-0.0,-0.000039,-0.0,-0.000039,0.0,-0.000052,0.0,0.0,0.008495,-0.000052,-0.0,-0.000039,-0.0,-0.000039,0.0,-0.000052,0.0,0.0,0.0,0.0,
0.0,-0.149397,0.360362,0.445564,0.0,0.0,0.0,0.045499,0.308613,-0.060188,0.0,0.0,-1.998245,-0.001572,-0.000303,2.348513,-0.795963,0.0,-1.998245,0.001572,0.000303,2.348513,-0.795963,0.0,-0.37056,0.327138,0.0,-0.196397,0.0,0.0,0.0,-0.37056,-0.327138,0.0,-0.196397,0.0,-0.0,0.0,0.0,0.008495,-0.000052,-0.0,-0.000039,-0.0,-0.000039,0.0,-0.000052,0.0,0.0,0.008495,-0.000052,-0.0,-0.000039,-0.0,-0.000039,0.0,-0.000052,0.0,0.0,0.0,0.0,
0.0,-0.149351,0.360671,0.445504,0.0,0.0,0.0,0.045508,0.308574,-0.060054,0.0,0.0,-1.997413,-0.001526,-0.000291,2.347796,-0.796018,0.0,-1.997413,0.001526,0.000291,2.347796,-0.796018,0.0,-0.370286,0.327047,0.0,-0.196489,0.0,-0.0,0.0,-0.370286,-0.327047,0.0,-0.196489,0.0,0.0,0.0,0.0,0.008495,-0.000052,-0.0,-0.000039,0.0,-0.000039,0.0,-0.000052,0.0,0.0,0.008495,-0.000052,-0.0,-0.000039,0.0,-0.000039,0.0,-0.000052,0.0,0.0,0.0,0.0,
0.0,-0.149306,0.360979,0.445444,0.0,0.0,0.0,0.045499,0.308613,-0.060054,0.0,0.0,-1.99658,-0.00148,-0.000278,2.34708,-0.796074,0.0,-1.99658,0.00148,0.000278,2.34708,-0.796074,0.0,-0.370012,0.326956,0.0,-0.196581,0.0,0.0,0.0,-0.370012,-0.326956,0.0,-0.196581,0.0,0.0,0.0,0.0,0.008495,-0.000052,0.0,-0.000039,-0.0,-0.000039,0.0,-0.000052,0.0,0.0,0.008495,-0.000052,0.0,-0.000039,-0.0,-0.000039,0.0,-0.000052,0.0,0.0,0.0,0.0,
0.0,-0.14926,0.361288,0.445384,0.0,0.0,0.0,0.045508,0.308613,-0.060054,0.0,0.0,-1.995748,-0.001434,-0.000265,2.346363,-0.796129,0.0,-1.995748,0.001434,0.000265,2.346363,-0.796129,0.0,-0.369738,0.326865,0.0,-0.196673,0.0,0.0,0.0,-0.369738,-0.326865,0.0,-0.196673,0.0,0.0,0.0,0.0,0.008495,-0.000052,0.0,-0.000039,0.0,-0.000039,-0.0,-0.000052,0.0,0.0,0.008495,-0.000052,0.0,-0.000039,0.0,-0.000039,-0.0,-0.000052,0.0,0.0,0.0,0.0,
0.0,-0.149215,0.361597,0.445324,0.0,0.0,0.0,0.045499,0.308613,-0.060054,0.0,0.0,-1.994916,-0.001389,-0.000252,2.345647,-0.796185,0.0,-1.994916,0.001389,0.000252,2.345647,-0.796185,0.0,-0.369465,0.326774,0.0,-0.196765,0.0,0.0,0.0,-0.369465,-0.326774,0.0,-0.196765,0.0,0.0,0.0,0.0,0.008495,-0.000052,0.0,-0.000039,-0.0,-0.000039,0.0,-0.000052,0.0,0.0,0.008495,-0.000052,0.0,-0.000039,-0.0,-0.000039,0.0,-0.000052,0.0,0.0,0.0,0.0,
0.0,-0.149169,0.361905,0.445264,0.0,0.0,0.0,0.045508,0.308574,-0.060054,0.0,0.0,-1.994084,-0.001343,-0.000239,2.344931,-0.796241,0.0,-1.994084,0.001343,0.000239,2.344931,-0.796241,0.0,-0.369191,0.326683,0.0,-0.196857,0.0,0.0,0.0,-0.369191,-0.326683,0.0,-0.196857,0.0,0.0,0.0,0.0,0.008495,-0.000052,-0.0,-0.000039,0.0,-0.000039,-0.0,-0.000052,0.0,0.0,0.008495,-0.000052,-0.0,-0.000039,0.0,-0.000039,-0.0,-0.000052,0.0,0.0,0.0,0.0,
0.0,-0.149124,0.362214,0.445204,0.0,0.0,0.0,0.045499,0.308613,-0.060188,0.0,0.0,-1.993252,-0.001297,-0.000226,2.344214,-0.796296,0.0,-1.993252,0.001297,0.000226,2.344214,-0.796296,0.0,-0.368917,0.326592,0.0,-0.196949,0.0,0.0,0.0,-0.368917,-0.326592,0.0,-0.196949,0.0,0.0,0.0,0.0,0.008495,-0.000052,-0.0,-0.000039,0.0,-0.000039,0.0,-0.000052,0.0,0.0,0.008495,-0.000052,-0.0,-0.000039,0.0,-0.000039,0.0,-0.000052,0.0,0.0,0.0,0.0,
0.0,-0.149078,0.362522,0.445144,0.0,0.0,0.0,0.045499,0.308613,-0.060054,0.0,0.0,-1.992419,-0.001251,-0.000214,2.343498,-0.796352,0.0,-1.992419,0.001251,0.000214,2.343498,-0.796352,0.0,-0.368643,0.326501,0.0,-0.197041,0.0,0.0,0.0,-0.368643,-0.326501,0.0,-0.197041,0.0,0.0,0.0,0.0,0.008495,-0.000052,-0.0,-0.000039,0.0,-0.000039,0.0,-0.000052,-0.0,0.0,0.008495,-0.000052,-0.0,-0.000039,0.0,-0.000039,0.0,-0.000052,-0.0,0.0,0.0,0.0,
0.0,-0.149033,0.362831,0.445083,0.0,0.0,0.0,0.045508,0.308574,-0.060054,0.0,0.0,-1.991587,-0.001206,-0.000201,2.342782,-0.796408,0.0,-1.991587,0.001206,0.000201,2.342782,-0.796408,0.0,-0.368369,0.32641,0.0,-0.197133,0.0,0.0,0.0,-0.368369,-0.32641,0.0,-0.197133,0.0,0.0,0.0,0.0,0.008495,-0.000052,-0.0,-0.000039,0.0,-0.000039,0.0,-0.000052,0.0,0.0,0.008495,-0.000052,-0.0,-0.000039,0.0,-0.000039,0.0,-0.000052,0.0,0.0,0.0,0.0,
0.0,-0.148987,0.363139,0.445023,0.0,0.0,0.0,0.045499,0.308613,-0.060054,0.0,0.0,-1.990755,-0.00116,-0.000188,2.342065,-0.796463,0.0,-1.990755,0.00116,0.000188,2.342065,-0.796463,0.0,-0.368096,0.326319,0.0,-0.197225,0.0,-0.0,0.0,-0.368096,-0.326319,0.0,-0.197225,0.0,0.0,0.0,0.0,0.008495,-0.000052,-0.0,-0.000039,0.0,-0.000039,-0.0,-0.000052,0.0,0.0,0.008495,-0.000052,-0.0,-0.000039,0.0,-0.000039,-0.0,-0.000052,0.0,0.0,0.0,0.0,
0.0,-0.148942,0.363448,0.444963,0.0,0.0,0.0,0.045508,0.308613,-0.060054,0.0,0.0,-1.989923,-0.001114,-0.000175,2.341349,-0.796519,0.0,-1.989923,0.001114,0.000175,2.341349,-0.796519,0.0,-0.367822,0.326228,0.0,-0.197317,0.0,0.0,0.0,-0.367822,-0.326228,0.0,-0.197317,0.0,-0.0,0.0,0.0,0.008495,-0.000052,0.0,-0.000039,0.0,-0.000039,0.0,-0.000052,0.0,0.0,0.008495,-0.000052,0.0,-0.000039,0.0,-0.000039,0.0,-0.000052,0.0,0.0,0.0,0.0,
0.0,-0.148896,0.363757,0.444903,0.0,0.0,0.0,0.045499,0.308613,-0.060054,0.0,0.0,-1.989091,-0.001068,-0.000162,2.340633,-0.796574,0.0,-1.989091,0.001068,0.000162,2.340633,-0.796574,0.0,-0.367548,0.326138,0.0,-0.197409,0.0,0.0,0.0,-0.367548,-0.326138,0.0,-0.197409,0.0,0.0,0.0,0.0,0.008495,-0.000052,-0.0,-0.000039,0.0,-0.000039,0.0,-0.000052,0.0,0.0,0.008495,-0.000052,-0.0,-0.000039,0.0,-0.000039,0.0,-0.000052,0.0,0.0,0.0,0.0,
0.0,-0.148851,0.364065,0.444843,0.0,0.0,0.0,0.045508,0.308613,-0.060188,0.0,0.0,-1.988258,-0.001022,-0.00015,2.339916,-0.79663,0.0,-1.988258,0.001022,0.00015,2.339916,-0.79663,0.0,-0.367274,0.326047,0.0,-0.197501,0.0,0.0,0.0,-0.367274,-0.326047,0.0,-0.197501,0.0,-0.0,0.0,0.0,0.008495,-0.000052,-0.0,-0.000039,-0.0,-0.000039,0.0,-0.000052,-0.0,0.0,0.008495,-0.000052,-0.0,-0.000039,-0.0,-0.000039,0.0,-0.000052,-0.0,0.0,0.0,0.0,
0.0,-0.148805,0.364374,0.444783,0.0,0.0,0.0,0.045499,0.308574,-0.060054,0.0,0.0,-1.987426,-0.000977,-0.000137,2.3392,-0.796686,0.0,-1.987426,0.000977,0.000137,2.3392,-0.796686,0.0,-0.367,0.325956,0.0,-0.197593,0.0,0.0,0.0,-0.367,-0.325956,0.0,-0.197593,0.0,-0.0,0.0,0.0,0.008495,-0.000052,-0.0,-0.000039,-0.0,-0.000039,0.0,-0.000052,-0.0,0.0,0.008495,-0.000052,-0.0,-0.000039,-0.0,-0.000039,0.0,-0.000052,-0.0,0.0,0.0,0.0,
0.0,-0.14876,0.364683,0.444723,0.0,0.0,0.0,0.045508,0.308613,-0.060054,0.0,0.0,-1.986594,-0.000931,-0.000124,2.338484,-0.796741,0.0,-1.986594,0.000931,0.000124,2.338484,-0.796741,0.0,-0.366727,0.325865,0.0,-0.197685,0.0,0.0,0.0,-0.366727,-0.325865,0.0,-0.197685,0.0,-0.0,0.0,0.0,0.008495,-0.000052,0.0,-0.000039,0.0,-0.000039,0.0,-0.000052,0.0,0.0,0.008495,-0.000052,0.0,-0.000039,0.0,-0.000039,0.0,-0.000052,0.0,0.0,0.0,0.0,
0.0,-0.148714,0.364991,0.444663,0.0,0.0,0.0,0.045499,0.308613,-0.060054,0.0,0.0,-1.985762,-0.000885,-0.000111,2.337767,-0.796797,0.0,-1.985762,0.000885,0.000111,2.337767,-0.796797,0.0,-0.366453,0.325774,0.0,-0.197777,0.0,0.0,0.0,-0.366453,-0.325774,0.0,-0.197777,0.0,0.0,0.0,0.0,0.008495,-0.000052,-0.0,-0.000039,0.0,-0.000039,0.0,-0.000052,0.0,0.0,0.008495,-0.000052,-0.0,-0.000039,0.0,-0.000039,0.0,-0.000052,0.0,0.0,0.0,0.0,
0.0,-0.148669,0.3653,0.444603,0.0,0.0,0.0,0.045499,0.308574,-0.060054,0.0,0.0,-1.98493,-0.000839,-0.000098,2.337051,-0.796852,0.0,-1.98493,0.000839,0.000098,2.337051,-0.796852,0.0,-0.366179,0.325683,0.0,-0.197869,0.0,0.0,0.0,-0.366179,-0.325683,0.0,-0.197869,0.0,-0.0,0.0,0.0,0.008495,-0.000052,-0.0,-0.000039,0.0,-0.000039,0.0,-0.000052,0.0,0.0,0.008495,-0.000052,-0.0,-0.000039,0.0,-0.000039,0.0,-0.000052,0.0,0.0,0.0,0.0,
0.0,-0.148623,0.365608,0.444543,0.0,0.0,0.0,0.045508,0.308613,-0.060054,0.0,0.0,-1.984098,-0.000794,-0.000085,2.336335,-0.796908,0.0,-1.984098,0.000794,0.000085,2.336335,-0.796908,0.0,-0.365905,0.325592,0.0,-0.197961,0.0,-0.0,0.0,-0.365905,-0.325592,0.0,-0.197961,0.0,0.0,0.0,0.0,0.008495,-0.000052,0.0,-0.000039,-0.0,-0.000039,-0.0,-0.000052,0.0,0.0,0.008495,-0.000052,0.0,-0.000039,-0.0,-0.000039,-0.0,-0.000052,0.0,0.0,0.0,0.0,
0.0,-0.148578,0.365917,0.444483,0.0,0.0,0.0,0.045499,0.308613,-0.060188,0.0,0.0,-1.983265,-0.000748,-0.000073,2.335618,-0.796964,0.0,-1.983265,0.000748,0.000073,2.335618,-0.796964,0.0,-0.365631,0.325501,0.0,-0.198053,0.0,0.0,0.0,-0.365631,-0.325501,0.0,-0.198053,0.0,0.0,0.0,0.0,0.008495,-0.000052,-0.0,-0.000039,0.0,-0.000039,-0.0,-0.000052,0.0,0.0,0.008495,-0.000052,-0.0,-0.000039,0.0,-0.000039,-0.0,-0.000052,0.0,0.0,0.0,0.0,
0.0,-0.148532,0.366226,0.444423,0.0,0.0,0.0,0.045508,0.308613,-0.060054,0.0,0.0,-1.982433,-0.000702,-0.00006,2.334902,-0.797019,0.0,-1.982433,0.000702,0.00006,2.334902,-0.797019,0.0,-0.365358,0.32541,0.0,-0.198145,0.0,0.0,0.0,-0.365358,-0.32541,0.0,-0.198145,0.0,-0.0,0.0,0.0,0.008495,-0.000052,-0.0,-0.000039,0.0,-0.000039,0.0,-0.000052,0.0,0.0,0.008495,-0.000052,-0.0,-0.000039,0.0,-0.000039,0.0,-0.000052,0.0,0.0,0.0,0.0,
0.0,-0.148487,0.366534,0.444363,0.0,0.0,0.0,0.045499,0.308574,-0.060054,0.0,0.0,-1.981601,-0.000656,-0.000047,2.334186,-0.797075,0.0,-1.981601,0.000656,0.000047,2.334186,-0.797075,0.0,-0.365084,0.325319,0.0,-0.198237,0.0,0.0,0.0,-0.365084,-0.325319,0.0,-0.198237,0.0,0.0,0.0,0.0,0.008495,-0.000052,0.0,-0.000039,-0.0,-0.000039,0.0,-0.000052,0.0,0.0,0.008495,-0.000052,0.0,-0.000039,-0.0,-0.000039,0.0,-0.000052,0.0,0.0,0.0,0.0,
0.0,-0.148441,0.366843,0.444302,0.0,0.0,0.0,0.045508,0.308613,-0.060054,0.0,0.0,-1.980769,-0.00061,-0.000034,2.333469,-0.797131,0.0,-1.980769,0.00061,0.000034,2.333469,-0.797131,0.0,-0.36481,0.325228,0.0,-0.198329,0.0,0.0,0.0,-0.36481,-0.325228,0.0,-0.198329,0.0,0.0,0.0,0.0,0.008495,-0.000052,-0.0,-0.000039,-0.0,-0.000039,0.0,-0.000052,0.0,0.0,0.008495,-0.000052,-0.0,-0.000039,-0.0,-0.000039,0.0,-0.000052,0.0,0.0,0.0,0.0,
0.0,-0.148396,0.367151,0.444242,0.0,0.0,0.0,0.045499,0.308613,-0.060054,0.0,0.0,-1.979937,-0.000565,-0.000021,2.332753,-0.797186,0.0,-1.979937,0.000565,0.000021,2.332753,-0.797186,0.0,-0.364536,0.325137,0.0,-0.198421,0.0,-0.0,0.0,-0.364536,-0.325137,0.0,-0.198421,0.0,0.0,0.0,0.0,0.008495,-0.000052,-0.0,-0.000039,-0.0,-0.000039,0.0,-0.000052,0.0,0.0,0.008495,-0.000052,-0.0,-0.000039,-0.0,-0.000039,0.0,-0.000052,0.0,0.0,0.0,0.0,
0.0,-0.14835,0.36746,0.444182,0.0,0.0,0.0,0.045508,0.308574,-0.060188,0.0,0.0,-1.979104,-0.000519,-0.000009,2.332037,-0.797242,0.0,-1.979104,0.000519,0.000009,2.332037,-0.797242,0.0,-0.364262,0.325046,0.0,-0.198513,0.0,-0.0,0.0,-0.364262,-0.325046,0.0,-0.198513,0.0,0.0,0.0,0.0,0.008495,-0.000052,0.0,-0.000039,-0.0,-0.000039,0.0,-0.000052,0.0,0.0,0.008495,-0.000052,0.0,-0.000039,-0.0,-0.000039,0.0,-0.000052,0.0,0.0,0.0,0.0,
0.0,-0.148304,0.367774,0.44412,0.0,0.0,0.0,0.046376,0.313839,-0.062451,0.0,0.0,-1.978264,-0.000474,0.0,2.331306,-0.797289,0.0,-1.978264,0.000474,0.0,2.331306,-0.797289,0.0,-0.363984,0.324954,0.0,-0.198606,0.0,0.0,0.0,-0.363984,-0.324954,0.0,-0.198606,0.0,-0.0,0.0,0.0,0.008495,-0.000052,0.0,-0.000039,-0.0,-0.000039,-0.0,-0.000052,0.0,0.0,0.008495,-0.000052,0.0,-0.000039,-0.0,-0.000039,-0.0,-0.000052,0.0,0.0,0.0,0.0,
0.0,-0.148256,0.368098,0.444052,0.0,0.0,0.0,0.048139,0.324329,-0.067644,0.0,0.0,-1.977407,-0.000432,0.0,2.330546,-0.797319,0.0,-1.977407,0.000432,0.0,2.330546,-0.797319,0.0,-0.363695,0.324857,0.0,-0.198702,0.0,0.0,0.0,-0.363695,-0.324857,0.0,-0.198702,0.0,-0.0,0.0,0.0,0.008495,-0.000052,-0.0,-0.000039,0.0,-0.000039,-0.0,-0.000052,0.0,0.0,0.008495,-0.000052,-0.0,-0.000039,0.0,-0.000039,-0.0,-0.000052,0.0,0.0,0.0,0.0,
0.0,-0.148208,0.368422,0.443985,0.0,0.0,0.0,0.048139,0.324329,-0.067511,0.0,0.0,-1.976549,-0.00039,0.0,2.329785,-0.797349,0.0,-1.976549,0.00039,0.0,2.329785,-0.797349,0.0,-0.363407,0.324761,0.0,-0.198797,0.0,0.0,0.0,-0.363407,-0.324761,0.0,-0.198797,0.0,0.0,0.0,0.0,0.008495,-0.000052,-0.0,-0.000039,0.0,-0.000039,-0.0,-0.000052,0.0,0.0,0.008495,-0.000052,-0.0,-0.000039,0.0,-0.000039,-0.0,-0.000052,0.0,0.0,0.0,0.0,
0.0,-0.148159,0.368747,0.443917,0.0,0.0,0.0,0.048139,0.324329,-0.067644,0.0,0.0,-1.975692,-0.000348,0.0,2.329025,-0.797378,0.0,-1.975692,0.000348,0.0,2.329025,-0.797378,0.0,-0.363118,0.324664,0.0,-0.198893,0.0,0.0,0.0,-0.363118,-0.324664,0.0,-0.198893,0.0,0.0,0.0,0.0,0.008495,-0.000052,-0.0,-0.000039,-0.0,-0.000039,-0.0,-0.000052,0.0,0.0,0.008495,-0.000052,-0.0,-0.000039,-0.0,-0.000039,-0.0,-0.000052,0.0,0.0,0.0,0.0,
0.0,-0.148111,0.369071,0.443849,0.0,0.0,0.0,0.048149,0.324329,-0.067511,0.0,0.0,-1.974834,-0.000306,0.0,2.328265,-0.797408,0.0,-1.974834,0.000306,0.0,2.328265,-0.797408,0.0,-0.36283,0.324568,0.0,-0.198989,0.0,0.0,0.0,-0.36283,-0.324568,0.0,-0.198989,0.0,0.0,0.0,0.0,0.008495,-0.000052,0.0,-0.000039,-0.0,-0.000039,0.0,-0.000052,-0.0,0.0,0.008495,-0.000052,0.0,-0.000039,-0.0,-0.000039,0.0,-0.000052,-0.0,0.0,0.0,0.0,
0.0,-0.148063,0.369395,0.443782,0.0,0.0,0.0,0.048139,0.324367,-0.067644,0.0,0.0,-1.973977,-0.000264,0.0,2.327505,-0.797438,0.0,-1.973977,0.000264,0.0,2.327505,-0.797438,0.0,-0.362541,0.324471,0.0,-0.199084,0.0,-0.0,0.0,-0.362541,-0.324471,0.0,-0.199084,0.0,0.0,0.0,0.0,0.008495,-0.000052,0.0,-0.000039,0.0,-0.000039,0.0,-0.000052,0.0,0.0,0.008495,-0.000052,0.0,-0.000039,0.0,-0.000039,0.0,-0.000052,0.0,0.0,0.0,0.0,
0.0,-0.148015,0.36972,0.443714,0.0,0.0,0.0,0.048139,0.324329,-0.067511,0.0,0.0,-1.97312,-0.000222,0.0,2.326745,-0.797468,0.0,-1.97312,0.000222,0.0,2.326745,-0.797468,0.0,-0.362253,0.324375,0.0,-0.19918,0.0,0.0,0.0,-0.362253,-0.324375,0.0,-0.19918,0.0,0.0,0.0,0.0,0.008495,-0.000052,0.0,-0.000039,0.0,-0.000039,0.0,-0.000052,0.0,0.0,0.008495,-0.000052,0.0,-0.000039,0.0,-0.000039,0.0,-0.000052,0.0,0.0,0.0,0.0,
0.0,-0.147967,0.370044,0.443647,0.0,0.0,0.0,0.048139,0.324329,-0.067644,0.0,0.0,-1.972262,-0.00018,0.0,2.325985,-0.797498,0.0,-1.972262,0.00018,0.0,2.325985,-0.797498,0.0,-0.361964,0.324278,0.0,-0.199276,0.0,-0.0,0.0,-0.361964,-0.324278,0.0,-0.199276,0.0,0.0,0.0,0.0,0.008495,-0.000052,-0.0,-0.000039,0.0,-0.000039,-0.0,-0.000052,-0.0,0.0,0.008495,-0.000052,-0.0,-0.000039,0.0,-0.000039,-0.0,-0.000052,-0.0,0.0,0.0,0.0,
0.0,-0.147919,0.370368,0.443579,0.0,0.0,0.0,0.048149,0.324329,-0.067511,0.0,0.0,-1.971405,-0.000137,0.0,2.325224,-0.797527,0.0,-1.971405,0.000137,0.0,2.325224,-0.797527,0.0,-0.361676,0.324182,0.0,-0.199372,0.0,0.0,0.0,-0.361676,-0.324182,0.0,-0.199372,0.0,0.0,0.0,0.0,0.008495,-0.000052,-0.0,-0.000039,0.0,-0.000039,0.0,-0.000052,0.0,0.0,0.008495,-0.000052,-0.0,-0.000039,0.0,-0.000039,0.0,-0.000052,0.0,0.0,0.0,0.0,
0.0,-0.147871,0.370693,0.443512,0.0,0.0,0.0,0.048139,0.324329,-0.067511,0.0,0.0,-1.970547,-0.000095,-0.0,2.324464,-0.797557,0.0,-1.970547,0.000095,0.0,2.324464,-0.797557,0.0,-0.361388,0.324085,0.0,-0.199467,0.0,0.0,0.0,-0.361388,-0.324085,0.0,-0.199467,0.0,0.0,0.0,0.0,0.008495,-0.000052,-0.0,-0.000039,-0.0,-0.000039,0.0,-0.000052,0.0,0.0,0.008495,-0.000052,-0.0,-0.000039,-0.0,-0.000039,0.0,-0.000052,0.0,0.0,0.0,0.0,
0.0,-0.147822,0.371017,0.443444,0.0,0.0,0.0,0.048139,0.324329,-0.067644,0.0,0.0,-1.96969,-0.000053,0.0,2.323704,-0.797587,0.0,-1.96969,0.000053,0.0,2.323704,-0.797587,0.0,-0.361099,0.323989,0.0,-0.199563,0.0,0.0,0.0,-0.361099,-0.323989,0.0,-0.199563,0.0,0.0,0.0,0.0,0.008495,-0.000052,-0.0,-0.000039,-0.0,-0.000039,0.0,-0.000052,-0.0,0.0,0.008495,-0.000052,-0.0,-0.000039,-0.0,-0.000039,0.0,-0.000052,-0.0,0.0,0.0,0.0,
0.0,-0.147774,0.371341,0.443376,0.0,0.0,0.0,0.048139,0.324329,-0.067511,0.0,0.0,-1.968832,-0.000011,0.0,2.322944,-0.797617,0.0,-1.968832,0.000011,0.0,2.322944,-0.797617,0.0,-0.360811,0.323892,0.0,-0.199659,0.0,0.0,0.0,-0.360811,-0.323892,0.0,-0.199659,0.0,0.0,0.0,0.0,0.008495,-0.000052,0.0,-0.000039,0.0,-0.000039,-0.0,-0.000052,0.0,0.0,0.008495,-0.000052,0.0,-0.000039,0.0,-0.000039,-0.0,-0.000052,0.0,0.0,0.0,0.0,
0.0,-0.147726,0.371666,0.443309,0.0,0.0,0.0,0.048149,0.324367,-0.067644,0.0,0.0,-1.967975,0.000031,0.0,2.322183,-0.797647,0.0,-1.967975,-0.000031,0.0,2.322183,-0.797647,0.0,-0.360522,0.323796,0.0,-0.199754,0.0,0.0,0.0,-0.360522,-0.323796,0.0,-0.199754,0.0,-0.0,0.0,0.0,0.008495,-0.000052,-0.0,-0.000039,0.0,-0.000039,0.0,-0.000052,0.0,0.0,0.008495,-0.000052,-0.0,-0.000039,0.0,-0.000039,0.0,-0.000052,0.0,0.0,0.0,0.0,
0.0,-0.147678,0.37199,0.443241,0.0,0.0,0.0,0.048139,0.324329,-0.067511,0.0,0.0,-1.967118,0.000073,0.0,2.321423,-0.797676,0.0,-1.967118,-0.000073,0.0,2.321423,-0.797676,0.0,-0.360234,0.323699,0.0,-0.19985,0.0,-0.0,0.0,-0.360234,-0.323699,0.0,-0.19985,0.0,0.0,0.0,0.0,0.008495,-0.000052,-0.0,-0.000039,0.0,-0.000039,-0.0,-0.000052,-0.0,0.0,0.008495,-0.000052,-0.0,-0.000039,0.0,-0.000039,-0.0,-0.000052,-0.0,0.0,-0.0,0.0,
0.0,-0.14763,0.372314,0.443174,0.0,0.0,0.0,0.048139,0.324329,-0.067644,0.0,0.0,-1.96626,0.000115,0.0,2.320663,-0.797706,0.0,-1.96626,-0.000115,0.0,2.320663,-0.797706,0.0,-0.359945,0.323603,0.0,-0.199946,0.0,-0.0,0.0,-0.359945,-0.323603,0.0,-0.199946,0.0,0.0,0.0,0.0,0.008495,-0.000052,0.0,-0.000039,0.0,-0.000039,0.0,-0.000052,0.0,0.0,0.008495,-0.000052,0.0,-0.000039,0.0,-0.000039,0.0,-0.000052,0.0,0.0,0.0,0.0,
0.0,-0.147582,0.372639,0.443106,0.0,0.0,0.0,0.048139,0.324329,-0.067511,0.0,0.0,-1.965403,0.000157,0.0,2.319903,-0.797736,0.0,-1.965403,-0.000157,0.0,2.319903,-0.797736,0.0,-0.359657,0.323506,0.0,-0.200041,0.0,0.0,0.0,-0.359657,-0.323506,0.0,-0.200041,0.0,-0.0,0.0,0.0,0.008495,-0.000052,0.0,-0.000039,0.0,-0.000039,-0.0,-0.000052,0.0,0.0,0.008495,-0.000052,0.0,-0.000039,0.0,-0.000039,-0.0,-0.000052,0.0,0.0,0.0,0.0,
0.0,-0.147534,0.372963,0.443039,0.0,0.0,0.0,0.048149,0.324329,-0.067511,0.0,0.0,-1.964545,0.000199,0.0,2.319143,-0.797766,0.0,-1.964545,-0.000199,0.0,2.319143,-0.797766,0.0,-0.359368,0.32341,0.0,-0.200137,0.0,0.0,0.0,-0.359368,-0.32341,0.0,-0.200137,0.0,-0.0,0.0,0.0,0.008495,-0.000052,0.0,-0.000039,0.0,-0.000039,-0.0,-0.000052,0.0,0.0,0.008495,-0.000052,0.0,-0.000039,0.0,-0.000039,-0.0,-0.000052,0.0,0.0,0.0,0.0,
0.0,-0.147485,0.373287,0.442971,0.0,0.0,0.0,0.048139,0.324329,-0.067644,0.0,0.0,-1.963688,0.000242,0.0,2.318383,-0.797796,0.0,-1.963688,-0.000242,0.0,2.318383,-0.797796,0.0,-0.35908,0.323313,0.0,-0.200233,0.0,0.0,0.0,-0.35908,-0.323313,0.0,-0.200233,0.0,0.0,0.0,0.0,0.008495,-0.000052,-0.0,-0.000039,0.0,-0.000039,0.0,-0.000052,0.0,0.0,0.008495,-0.000052,-0.0,-0.000039,0.0,-0.000039,0.0,-0.000052,0.0,0.0,0.0,0.0,
0.0,-0.147437,0.373612,0.442904,0.0,0.0,0.0,0.048139,0.324329,-0.067511,0.0,0.0,-1.96283,0.000284,-0.0,2.317622,-0.797825,0.0,-1.96283,-0.000284,0.0,2.317622,-0.797825,0.0,-0.358791,0.323217,0.0,-0.200328,0.0,0.0,0.0,-0.358791,-0.323217,0.0,-0.200328,0.0,0.0,0.0,0.0,0.008495,-0.000052,-0.0,-0.000039,0.0,-0.000039,0.0,-0.000052,-0.0,0.0,0.008495,-0.000052,-0.0,-0.000039,0.0,-0.000039,0.0,-0.000052,-0.0,0.0,0.0,0.0,
0.0,-0.147389,0.373936,0.442836,0.0,0.0,0.0,0.048149,0.324367,-0.067644,0.0,0.0,-1.961973,0.000326,0.0,2.316862,-0.797855,0.0,-1.961973,-0.000326,0.0,2.316862,-0.797855,0.0,-0.358503,0.323121,0.0,-0.200424,0.0,0.0,0.0,-0.358503,-0.323121,0.0,-0.200424,0.0,0.0,0.0,0.0,0.008495,-0.000052,-0.0,-0.000039,-0.0,-0.000039,-0.0,-0.000052,-0.0,0.0,0.008495,-0.000052,-0.0,-0.000039,-0.0,-0.000039,-0.0,-0.000052,-0.0,0.0,0.0,0.0,
0.0,-0.147341,0.37426,0.442768,0.0,0.0,0.0,0.048139,0.324329,-0.067511,0.0,0.0,-1.961115,0.000368,0.0,2.316102,-0.797885,0.0,-1.961115,-0.000368,0.0,2.316102,-0.797885,0.0,-0.358214,0.323024,0.0,-0.20052,0.0,-0.0,0.0,-0.358214,-0.323024,0.0,-0.20052,0.0,0.0,0.0,0.0,0.008495,-0.000052,-0.0,-0.000039,-0.0,-0.000039,-0.0,-0.000052,-0.0,0.0,0.008495,-0.000052,-0.0,-0.000039,-0.0,-0.000039,-0.0,-0.000052,-0.0,0.0,0.0,0.0,
0.0,-0.147293,0.374585,0.442701,0.0,0.0,0.0,0.048139,0.324329,-0.067644,0.0,0.0,-1.960258,0.00041,0.0,2.315342,-0.797915,0.0,-1.960258,-0.00041,0.0,2.315342,-0.797915,0.0,-0.357926,0.322928,0.0,-0.200616,0.0,0.0,0.0,-0.357926,-0.322928,0.0,-0.200616,0.0,0.0,0.0,0.0,0.008495,-0.000052,-0.0,-0.000039,0.0,-0.000039,0.0,-0.000052,0.0,0.0,0.008495,-0.000052,-0.0,-0.000039,0.0,-0.000039,0.0,-0.000052,0.0,0.0,0.0,0.0,
0.0,-0.147245,0.374909,0.442633,0.0,0.0,0.0,0.048139,0.324329,-0.067511,0.0,0.0,-1.959401,0.000452,0.0,2.314581,-0.797945,0.0,-1.959401,-0.000452,0.0,2.314581,-0.797945,0.0,-0.357638,0.322831,0.0,-0.200711,0.0,0.0,0.0,-0.357638,-0.322831,0.0,-0.200711,0.0,0.0,0.0,0.0,0.008495,-0.000052,-0.0,-0.000039,0.0,-0.000039,0.0,-0.000052,-0.0,0.0,0.008495,-0.000052,-0.0,-0.000039,0.0,-0.000039,0.0,-0.000052,-0.0,0.0,0.0,0.0,
0.0,-0.147197,0.375233,0.442566,0.0,0.0,0.0,0.048139,0.324329,-0.067644,0.0,0.0,-1.958543,0.000494,0.0,2.313821,-0.797975,0.0,-1.958543,-0.000494,0.0,2.313821,-0.797975,0.0,-0.357349,0.322735,0.0,-0.200807,0.0,0.0,0.0,-0.357349,-0.322735,0.0,-0.200807,0.0,0.0,0.0,0.0,0.008495,-0.000052,0.0,-0.000039,0.0,-0.000039,-0.0,-0.000052,-0.0,0.0,0.008495,-0.000052,0.0,-0.000039,0.0,-0.000039,-0.0,-0.000052,-0.0,0.0,0.0,0.0,
0.0,-0.147148,0.375558,0.442498,0.0,0.0,0.0,0.048149,0.324329,-0.067511,0.0,0.0,-1.957686,0.000536,0.0,2.313061,-0.798004,0.0,-1.957686,-0.000536,0.0,2.313061,-0.798004,0.0,-0.357061,0.322638,0.0,-0.200903,0.0,0.0,0.0,-0.357061,-0.322638,0.0,-0.200903,0.0,0.0,0.0,0.0,0.008495,-0.000052,-0.0,-0.000039,-0.0,-0.000039,0.0,-0.000052,-0.0,0.0,0.008495,-0.000052,-0.0,-0.000039,-0.0,-0.000039,0.0,-0.000052,-0.0,0.0,0.0,0.0,
0.0,-0.1471,0.375882,0.44243,0.0,0.0,0.0,0.048139,0.324367,-0.067644,0.0,0.0,-1.956828,0.000579,0.0,2.312301,-0.798034,0.0,-1.956828,-0.000579,0.0,2.312301,-0.798034,0.0,-0.356772,0.322542,0.0,-0.200998,0.0,0.0,0.0,-0.356772,-0.322542,0.0,-0.200998,0.0,0.0,0.0,0.0,0.008495,-0.000052,-0.0,-0.000039,0.0,-0.000039,0.0,-0.000052,0.0,0.0,0.008495,-0.000052,-0.0,-0.000039,0.0,-0.000039,0.0,-0.000052,0.0,0.0,0.0,0.0,
0.0,-0.147052,0.376206,0.442363,0.0,0.0,0.0,0.048139,0.324329,-0.067511,0.0,0.0,-1.955971,0.000621,0.0,2.311541,-0.798064,0.0,-1.955971,-0.000621,0.0,2.311541,-0.798064,0.0,-0.356484,0.322445,0.0,-0.201094,0.0,0.0,0.0,-0.356484,-0.322445,0.0,-0.201094,0.0,0.0,0.0,0.0,0.008495,-0.000052,-0.0,-0.000039,-0.0,-0.000039,0.0,-0.000052,0.0,0.0,0.008495,-0.000052,-0.0,-0.000039,-0.0,-0.000039,0.0,-0.000052,0.0,0.0,0.0,0.0,
0.0,-0.147004,0.376531,0.442295,0.0,0.0,0.0,0.048149,0.324329,-0.067511,0.0,0.0,-1.955113,0.000663,0.0,2.310781,-0.798094,0.0,-1.955113,-0.000663,0.0,2.310781,-0.798094,0.0,-0.356195,0.322349,0.0,-0.20119,-0.0,0.0,0.0,-0.356195,-0.322349,0.0,-0.20119,0.0,0.0,0.0,0.0,0.008495,-0.000052,-0.0,-0.000039,-0.0,-0.000039,0.0,-0.000052,0.0,0.0,0.008495,-0.000052,-0.0,-0.000039,-0.0,-0.000039,0.0,-0.000052,0.0,0.0,0.0,0.0,
0.0,-0.146956,0.376855,0.442228,0.0,0.0,0.0,0.048139,0.324329,-0.067644,0.0,0.0,-1.954256,0.000705,0.0,2.31002,-0.798124,0.0,-1.954256,-0.000705,0.0,2.31002,-0.798124,0.0,-0.355907,0.322252,0.0,-0.201285,0.0,0.0,0.0,-0.355907,-0.322252,0.0,-0.201285,0.0,-0.0,0.0,0.0,0.008495,-0.000052,-0.0,-0.000039,-0.0,-0.000039,-0.0,-0.000052,0.0,0.0,0.008495,-0.000052,-0.0,-0.000039,-0.0,-0.000039,-0.0,-0.000052,0.0,0.0,0.0,0.0,
0.0,-0.146908,0.377179,0.44216,0.0,0.0,0.0,0.048139,0.324329,-0.067511,0.0,0.0,-1.953399,0.000747,0.0,2.30926,-0.798153,0.0,-1.953399,-0.000747,0.0,2.30926,-0.798153,0.0,-0.355618,0.322156,0.0,-0.201381,0.0,-0.0,0.0,-0.355618,-0.322156,0.0,-0.201381,0.0,0.0,0.0,0.0,0.008495,-0.000052,0.0,-0.000039,-0.0,-0.000039,0.0,-0.000052,0.0,0.0,0.008495,-0.000052,0.0,-0.000039,-0.0,-0.000039,0.0,-0.000052,0.0,0.0,0.0,0.0,
0.0,-0.14686,0.377504,0.442093,0.0,0.0,0.0,0.048139,0.324367,-0.067644,0.0,0.0,-1.952541,0.000789,0.0,2.3085,-0.798183,0.0,-1.952541,-0.000789,0.0,2.3085,-0.798183,0.0,-0.35533,0.322059,0.0,-0.201477,0.0,0.0,0.0,-0.35533,-0.322059,0.0,-0.201477,0.0,0.0,0.0,0.0,0.008495,-0.000052,0.0,-0.000039,0.0,-0.000039,0.0,-0.000052,0.0,0.0,0.008495,-0.000052,0.0,-0.000039,0.0,-0.000039,0.0,-0.000052,0.0,0.0,0.0,0.0,
0.0,-0.146811,0.377828,0.442025,0.0,0.0,0.0,0.048149,0.324291,-0.067511,0.0,0.0,-1.951684,0.000831,0.0,2.30774,-0.798213,0.0,-1.951684,-0.000831,0.0,2.30774,-0.798213,0.0,-0.355041,0.321963,0.0,-0.201573,0.0,0.0,0.0,-0.355041,-0.321963,0.0,-0.201573,0.0,0.0,0.0,0.0,0.008495,-0.000052,0.0,-0.000039,0.0,-0.000039,0.0,-0.000052,0.0,0.0,0.008495,-0.000052,0.0,-0.000039,0.0,-0.000039,0.0,-0.000052,0.0,0.0,0.0,0.0,
0.0,-0.146763,0.378152,0.441957,0.0,0.0,0.0,0.048139,0.324367,-0.067644,0.0,0.0,-1.950826,0.000873,0.0,2.30698,-0.798243,0.0,-1.950826,-0.000873,0.0,2.30698,-0.798243,0.0,-0.354753,0.321866,0.0,-0.201668,0.0,0.0,0.0,-0.354753,-0.321866,0.0,-0.201668,0.0,0.0,0.0,0.0,0.008495,-0.000052,0.0,-0.000039,-0.0,-0.000039,0.0,-0.000052,-0.0,0.0,0.008495,-0.000052,0.0,-0.000039,-0.0,-0.000039,0.0,-0.000052,-0.0,0.0,0.0,0.0,
0.0,-0.146715,0.378477,0.44189,0.0,0.0,0.0,0.048139,0.324329,-0.067511,0.0,0.0,-1.949969,0.000915,0.0,2.306219,-0.798273,0.0,-1.949969,-0.000915,0.0,2.306219,-0.798273,0.0,-0.354464,0.32177,0.0,-0.201764,0.0,0.0,0.0,-0.354464,-0.32177,0.0,-0.201764,0.0,-0.0,0.0,0.0,0.008495,-0.000052,-0.0,-0.000039,0.0,-0.000039,0.0,-0.000052,0.0,0.0,0.008495,-0.000052,-0.0,-0.000039,0.0,-0.000039,0.0,-0.000052,0.0,0.0,0.0,0.0,
0.0,-0.146665,0.378816,0.441819,0.0,0.0,0.0,0.050675,0.339054,-0.07124,0.0,0.0,-1.949085,0.000956,0.000013,2.305415,-0.798281,0.0,-1.949085,-0.000956,-0.000013,2.305415,-0.798281,0.0,-0.354165,0.32167,0.0,-0.201865,0.0,0.0,0.0,-0.354165,-0.32167,0.0,-0.201865,0.0,0.0,0.0,0.0,0.008495,-0.000052,0.0,-0.000039,0.0,-0.000039,0.0,-0.000052,-0.0,0.0,0.008495,-0.000052,0.0,-0.000039,0.0,-0.000039,0.0,-0.000052,-0.0,0.0,0.0,0.0,
0.0,-0.146614,0.379155,0.441747,0.0,0.0,0.0,0.050675,0.339092,-0.071373,0.0,0.0,-1.9482,0.000996,0.000026,2.30461,-0.798289,0.0,-1.9482,-0.000996,-0.000026,2.30461,-0.798289,0.0,-0.353866,0.32157,0.0,-0.201966,0.0,0.0,0.0,-0.353866,-0.32157,0.0,-0.201966,0.0,0.0,0.0,0.0,0.008495,-0.000052,0.0,-0.000039,0.0,-0.000039,0.0,-0.000052,0.0,0.0,0.008495,-0.000052,0.0,-0.000039,0.0,-0.000039,0.0,-0.000052,0.0,0.0,0.0,0.0,
0.0,-0.146563,0.379494,0.441676,0.0,0.0,0.0,0.050684,0.339092,-0.07124,0.0,0.0,-1.947316,0.001036,0.000038,2.303805,-0.798296,0.0,-1.947316,-0.001036,-0.000038,2.303805,-0.798296,0.0,-0.353566,0.321469,0.0,-0.202068,0.0,0.0,0.0,-0.353566,-0.321469,0.0,-0.202068,0.0,0.0,0.0,0.0,0.008495,-0.000052,-0.0,-0.000039,-0.0,-0.000039,0.0,-0.000052,0.0,0.0,0.008495,-0.000052,-0.0,-0.000039,-0.0,-0.000039,0.0,-0.000052,0.0,0.0,0.0,0.0,
0.0,-0.146512,0.379833,0.441605,0.0,0.0,0.0,0.050675,0.339054,-0.071373,0.0,0.0,-1.946431,0.001077,0.000051,2.303,-0.798304,0.0,-1.946431,-0.001077,-0.000051,2.303,-0.798304,0.0,-0.353267,0.321369,0.0,-0.202169,0.0,-0.0,0.0,-0.353267,-0.321369,0.0,-0.202169,0.0,0.0,0.0,0.0,0.008495,-0.000052,-0.0,-0.000039,0.0,-0.000039,-0.0,-0.000052,-0.0,0.0,0.008495,-0.000052,-0.0,-0.000039,0.0,-0.000039,-0.0,-0.000052,-0.0,0.0,0.0,0.0,
0.0,-0.146462,0.380172,0.441533,0.0,0.0,0.0,0.050675,0.339092,-0.071373,0.0,0.0,-1.945547,0.001117,0.000064,2.302195,-0.798312,0.0,-1.945547,-0.001117,-0.000064,2.302195,-0.798312,0.0,-0.352968,0.321269,0.0,-0.20227,0.0,0.0,0.0,-0.352968,-0.321269,0.0,-0.20227,0.0,0.0,0.0,0.0,0.008495,-0.000052,-0.0,-0.000039,0.0,-0.000039,0.0,-0.000052,-0.0,0.0,0.008495,-0.000052,-0.0,-0.000039,0.0,-0.000039,0.0,-0.000052,-0.0,0.0,0.0,0.0,
0.0,-0.146411,0.380511,0.441462,0.0,0.0,0.0,0.050684,0.339092,-0.07124,0.0,0.0,-1.944663,0.001157,0.000077,2.30139,-0.79832,0.0,-1.944663,-0.001157,-0.000077,2.30139,-0.79832,0.0,-0.352668,0.321169,0.0,-0.202371,0.0,-0.0,0.0,-0.352668,-0.321169,0.0,-0.202371,0.0,0.0,0.0,0.0,0.008495,-0.000052,-0.0,-0.000039,0.0,-0.000039,0.0,-0.000052,0.0,0.0,0.008495,-0.000052,-0.0,-0.000039,0.0,-0.000039,0.0,-0.000052,0.0,0.0,0.0,0.0,
0.0,-0.14636,0.38085,0.441391,0.0,0.0,0.0,0.050675,0.339092,-0.071373,0.0,0.0,-1.943778,0.001197,0.00009,2.300585,-0.798328,0.0,-1.943778,-0.001197,-0.00009,2.300585,-0.798328,0.0,-0.352369,0.321069,0.0,-0.202473,0.0,0.0,0.0,-0.352369,-0.321069,0.0,-0.202473,0.0,0.0,0.0,0.0,0.008495,-0.000052,-0.0,-0.000039,0.0,-0.000039,0.0,-0.000052,0.0,0.0,0.008495,-0.000052,-0.0,-0.000039,0.0,-0.000039,0.0,-0.000052,0.0,0.0,0.0,0.0,
0.0,-0.14631,0.381189,0.441319,0.0,0.0,0.0,0.050684,0.339092,-0.07124,0.0,0.0,-1.942893,0.001238,0.000103,2.29978,-0.798336,0.0,-1.942893,-0.001238,-0.000103,2.29978,-0.798336,0.0,-0.35207,0.320969,0.0,-0.202574,0.0,0.0,0.0,-0.35207,-0.320969,0.0,-0.202574,0.0,0.0,0.0,0.0,0.008495,-0.000052,-0.0,-0.000039,0.0,-0.000039,-0.0,-0.000052,0.0,0.0,0.008495,-0.000052,-0.0,-0.000039,0.0,-0.000039,-0.0,-0.000052,0.0,0.0,0.0,0.0,
0.0,-0.146259,0.381528,0.441248,0.0,0.0,0.0,0.050675,0.339054,-0.071373,0.0,0.0,-1.942009,0.001278,0.000115,2.298976,-0.798344,0.0,-1.942009,-0.001278,-0.000115,2.298976,-0.798344,0.0,-0.35177,0.320868,0.0,-0.202675,0.0,0.0,0.0,-0.35177,-0.320868,0.0,-0.202675,0.0,0.0,0.0,0.0,0.008495,-0.000052,-0.0,-0.000039,0.0,-0.000039,0.0,-0.000052,-0.0,0.0,0.008495,-0.000052,-0.0,-0.000039,0.0,-0.000039,0.0,-0.000052,-0.0,0.0,0.0,0.0,
0.0,-0.146208,0.381868,0.441177,0.0,0.0,0.0,0.050684,0.339092,-0.07124,0.0,0.0,-1.941125,0.001318,0.000128,2.298171,-0.798352,0.0,-1.941125,-0.001318,-0.000128,2.298171,-0.798352,0.0,-0.351471,0.320768,0.0,-0.202776,0.0,0.0,0.0,-0.351471,-0.320768,0.0,-0.202776,0.0,0.0,0.0,0.0,0.008495,-0.000052,-0.0,-0.000039,0.0,-0.000039,-0.0,-0.000052,0.0,0.0,0.008495,-0.000052,-0.0,-0.000039,0.0,-0.000039,-0.0,-0.000052,0.0,0.0,0.0,0.0,
0.0,-0.146158,0.382207,0.441105,0.0,0.0,0.0,0.050675,0.339092,-0.071373,0.0,0.0,-1.94024,0.001359,0.000141,2.297366,-0.79836,0.0,-1.94024,-0.001359,-0.000141,2.297366,-0.79836,0.0,-0.351172,0.320668,0.0,-0.202877,0.0,0.0,0.0,-0.351172,-0.320668,0.0,-0.202877,0.0,-0.0,0.0,0.0,0.008495,-0.000052,0.0,-0.000039,-0.0,-0.000039,0.0,-0.000052,0.0,0.0,0.008495,-0.000052,0.0,-0.000039,-0.0,-0.000039,0.0,-0.000052,0.0,0.0,0.0,0.0,
0.0,-0.146107,0.382546,0.441034,0.0,0.0,0.0,0.050675,0.339092,-0.07124,0.0,0.0,-1.939356,0.001399,0.000154,2.296561,-0.798368,0.0,-1.939356,-0.001399,-0.000154,2.296561,-0.798368,0.0,-0.350872,0.320568,0.0,-0.202979,0.0,0.0,0.0,-0.350872,-0.320568,0.0,-0.202979,0.0,0.0,0.0,0.0,0.008495,-0.000052,0.0,-0.000039,0.0,-0.000039,0.0,-0.000052,-0.0,0.0,0.008495,-0.000052,0.0,-0.000039,0.0,-0.000039,0.0,-0.000052,-0.0,0.0,0.0,0.0,
0.0,-0.146056,0.382885,0.440963,0.0,0.0,0.0,0.050684,0.339092,-0.071373,0.0,0.0,-1.938471,0.001439,0.000167,2.295756,-0.798376,0.0,-1.938471,-0.001439,-0.000167,2.295756,-0.798376,0.0,-0.350573,0.320468,0.0,-0.20308,0.0,0.0,0.0,-0.350573,-0.320468,0.0,-0.20308,0.0,0.0,0.0,0.0,0.008495,-0.000052,0.0,-0.000039,0.0,-0.000039,0.0,-0.000052,-0.0,0.0,0.008495,-0.000052,0.0,-0.000039,0.0,-0.000039,0.0,-0.000052,-0.0,0.0,0.0,0.0,
0.0,-0.146006,0.383224,0.440892,0.0,0.0,0.0,0.050675,0.339054,-0.07124,0.0,0.0,-1.937587,0.001479,0.000179,2.294951,-0.798384,0.0,-1.937587,-0.001479,-0.000179,2.294951,-0.798384,0.0,-0.350273,0.320368,0.0,-0.203181,0.0,0.0,0.0,-0.350273,-0.320368,0.0,-0.203181,0.0,-0.0,0.0,0.0,0.008495,-0.000052,0.0,-0.000039,0.0,-0.000039,0.0,-0.000052,0.0,0.0,0.008495,-0.000052,0.0,-0.000039,0.0,-0.000039,0.0,-0.000052,0.0,0.0,0.0,0.0,
0.0,-0.145955,0.383563,0.44082,0.0,0.0,0.0,0.050684,0.339092,-0.071373,0.0,0.0,-1.936702,0.00152,0.000192,2.294146,-0.798392,0.0,-1.936702,-0.00152,-0.000192,2.294146,-0.798392,0.0,-0.349974,0.320268,0.0,-0.203282,0.0,-0.0,0.0,-0.349974,-0.320268,0.0,-0.203282,0.0,0.0,0.0,0.0,0.008495,-0.000052,-0.0,-0.000039,0.0,-0.000039,-0.0,-0.000052,-0.0,0.0,0.008495,-0.000052,-0.0,-0.000039,0.0,-0.000039,-0.0,-0.000052,-0.0,0.0,0.0,0.0,
0.0,-0.145904,0.383902,0.440749,0.0,0.0,0.0,0.050675,0.339092,-0.07124,0.0,0.0,-1.935818,0.00156,0.000205,2.293341,-0.7984,0.0,-1.935818,-0.00156,-0.000205,2.293341,-0.7984,0.0,-0.349675,0.320167,0.0,-0.203384,0.0,0.0,0.0,-0.349675,-0.320167,0.0,-0.203384,0.0,0.0,0.0,0.0,0.008495,-0.000052,-0.0,-0.000039,0.0,-0.000039,0.0,-0.000052,0.0,0.0,0.008495,-0.000052,-0.0,-0.000039,0.0,-0.000039,0.0,-0.000052,0.0,0.0,-0.0,0.0,
0.0,-0.145854,0.384241,0.440678,0.0,0.0,0.0,0.050675,0.339092,-0.07124,0.0,0.0,-1.934933,0.0016,0.000218,2.292536,-0.798408,0.0,-1.934933,-0.0016,-0.000218,2.292536,-0.798408,0.0,-0.349375,0.320067,0.0,-0.203485,0.0,0.0,0.0,-0.349375,-0.320067,0.0,-0.203485,0.0,0.0,0.0,0.0,0.008495,-0.000052,-0.0,-0.000039,-0.0,-0.000039,0.0,-0.000052,0.0,0.0,0.008495,-0.000052,-0.0,-0.000039,-0.0,-0.000039,0.0,-0.000052,0.0,0.0,0.0,0.0,
0.0,-0.145803,0.38458,0.440606,0.0,0.0,0.0,0.050684,0.339092,-0.071373,0.0,0.0,-1.934049,0.001641,0.000231,2.291732,-0.798416,0.0,-1.934049,-0.001641,-0.000231,2.291732,-0.798416,0.0,-0.349076,0.319967,0.0,-0.203586,0.0,0.0,0.0,-0.349076,-0.319967,0.0,-0.203586,0.0,-0.0,0.0,0.0,0.008495,-0.000052,0.0,-0.000039,-0.0,-0.000039,-0.0,-0.000052,-0.0,0.0,0.008495,-0.000052,0.0,-0.000039,-0.0,-0.000039,-0.0,-0.000052,-0.0,0.0,0.0,0.0,
0.0,-0.145752,0.384919,0.440535,0.0,0.0,0.0,0.050675,0.339092,-0.07124,0.0,0.0,-1.933164,0.001681,0.000243,2.290926,-0.798424,0.0,-1.933164,-0.001681,-0.000243,2.290926,-0.798424,0.0,-0.348777,0.319867,0.0,-0.203687,0.0,0.0,0.0,-0.348777,-0.319867,0.0,-0.203687,0.0,0.0,0.0,0.0,0.008495,-0.000052,0.0,-0.000039,-0.0,-0.000039,-0.0,-0.000052,0.0,0.0,0.008495,-0.000052,0.0,-0.000039,-0.0,-0.000039,-0.0,-0.000052,0.0,0.0,0.0,0.0,
0.0,-0.145702,0.385258,0.440464,0.0,0.0,0.0,0.050684,0.339092,-0.071373,0.0,0.0,-1.93228,0.001721,0.000256,2.290122,-0.798432,0.0,-1.93228,-0.001721,-0.000256,2.290122,-0.798432,0.0,-0.348477,0.319767,0.0,-0.203789,0.0,-0.0,0.0,-0.348477,-0.319767,0.0,-0.203789,0.0,0.0,0.0,0.0,0.008495,-0.000052,0.0,-0.000039,-0.0,-0.000039,0.0,-0.000052,0.0,0.0,0.008495,-0.000052,0.0,-0.000039,-0.0,-0.000039,0.0,-0.000052,0.0,0.0,0.0,0.0,
0.0,-0.145651,0.385598,0.440392,0.0,0.0,0.0,0.050675,0.339054,-0.071373,0.0,0.0,-1.931395,0.001761,0.000269,2.289317,-0.79844,0.0,-1.931395,-0.001761,-0.000269,2.289317,-0.79844,0.0,-0.348178,0.319667,0.0,-0.20389,0.0,-0.0,0.0,-0.348178,-0.319667,0.0,-0.20389,0.0,0.0,0.0,0.0,0.008495,-0.000052,0.0,-0.000039,0.0,-0.000039,0.0,-0.000052,0.0,0.0,0.008495,-0.000052,0.0,-0.000039,0.0,-0.000039,0.0,-0.000052,0.0,0.0,0.0,0.0,
0.0,-0.1456,0.385937,0.440321,0.0,0.0,0.0,0.050675,0.339092,-0.07124,0.0,0.0,-1.930511,0.001802,0.000282,2.288512,-0.798448,0.0,-1.930511,-0.001802,-0.000282,2.288512,-0.798448,0.0,-0.347879,0.319566,0.0,-0.203991,0.0,0.0,0.0,-0.347879,-0.319566,0.0,-0.203991,0.0,0.0,0.0,0.0,0.008495,-0.000052,-0.0,-0.000039,0.0,-0.000039,0.0,-0.000052,0.0,0.0,0.008495,-0.000052,-0.0,-0.000039,0.0,-0.000039,0.0,-0.000052,0.0,0.0,0.0,0.0,
0.0,-0.14555,0.386276,0.44025,0.0,0.0,0.0,0.050684,0.339092,-0.07124,0.0,0.0,-1.929626,0.001842,0.000295,2.287707,-0.798455,0.0,-1.929626,-0.001842,-0.000295,2.287707,-0.798455,0.0,-0.347579,0.319466,0.0,-0.204092,0.0,0.0,0.0,-0.347579,-0.319466,0.0,-0.204092,0.0,-0.0,0.0,0.0,0.008495,-0.000052,-0.0,-0.000039,-0.0,-0.000039,0.0,-0.000052,0.0,0.0,0.008495,-0.000052,-0.0,-0.000039,-0.0,-0.000039,0.0,-0.000052,0.0,0.0,0.0,0.0,
0.0,-0.145499,0.386615,0.440179,0.0,0.0,0.0,0.050675,0.339092,-0.071373,0.0,0.0,-1.928742,0.001882,0.000308,2.286902,-0.798463,0.0,-1.928742,-0.001882,-0.000308,2.286902,-0.798463,0.0,-0.34728,0.319366,0.0,-0.204194,0.0,0.0,0.0,-0.34728,-0.319366,0.0,-0.204194,0.0,0.0,0.0,0.0,0.008495,-0.000052,0.0,-0.000039,-0.0,-0.000039,-0.0,-0.000052,0.0,0.0,0.008495,-0.000052,0.0,-0.000039,-0.0,-0.000039,-0.0,-0.000052,0.0,0.0,0.0,0.0,
0.0,-0.145448,0.386954,0.440107,0.0,0.0,0.0,0.050684,0.339092,-0.07124,0.0,0.0,-1.927858,0.001923,0.00032,2.286097,-0.798471,0.0,-1.927858,-0.001923,-0.00032,2.286097,-0.798471,0.0,-0.34698,0.319266,0.0,-0.204295,0.0,0.0,0.0,-0.34698,-0.319266,0.0,-0.204295,0.0,-0.0,0.0,0.0,0.008495,-0.000052,-0.0,-0.000039,0.0,-0.000039,0.0,-0.000052,0.0,0.0,0.008495,-0.000052,-0.0,-0.000039,0.0,-0.000039,0.0,-0.000052,0.0,0.0,0.0,0.0,
0.0,-0.145398,0.387293,0.440036,0.0,0.0,0.0,0.050675,0.339092,-0.071373,0.0,0.0,-1.926973,0.001963,0.000333,2.285292,-0.798479,0.0,-1.926973,-0.001963,-0.000333,2.285292,-0.798479,0.0,-0.346681,0.319166,0.0,-0.204396,0.0,-0.0,0.0,-0.346681,-0.319166,0.0,-0.204396,0.0,0.0,0.0,0.0,0.008495,-0.000052,-0.0,-0.000039,0.0,-0.000039,0.0,-0.000052,-0.0,0.0,0.008495,-0.000052,-0.0,-0.000039,0.0,-0.000039,0.0,-0.000052,-0.0,0.0,0.0,0.0,
0.0,-0.145347,0.387632,0.439965,0.0,0.0,0.0,0.050684,0.339054,-0.07124,0.0,0.0,-1.926088,0.002003,0.000346,2.284487,-0.798487,0.0,-1.926088,-0.002003,-0.000346,2.284487,-0.798487,0.0,-0.346382,0.319066,0.0,-0.204497,0.0,-0.0,0.0,-0.346382,-0.319066,0.0,-0.204497,0.0,0.0,0.0,0.0,0.008495,-0.000052,0.0,-0.000039,-0.0,-0.000039,-0.0,-0.000052,-0.0,0.0,0.008495,-0.000052,0.0,-0.000039,-0.0,-0.000039,-0.0,-0.000052,-0.0,0.0,0.0,0.0,
0.0,-0.145296,0.387971,0.439893,0.0,0.0,0.0,0.050675,0.339092,-0.071373,0.0,0.0,-1.925204,0.002043,0.000359,2.283682,-0.798495,0.0,-1.925204,-0.002043,-0.000359,2.283682,-0.798495,0.0,-0.346082,0.318966,0.0,-0.204598,0.0,-0.0,0.0,-0.346082,-0.318966,0.0,-0.204598,0.0,0.0,0.0,0.0,0.008495,-0.000052,0.0,-0.000039,-0.0,-0.000039,0.0,-0.000052,0.0,0.0,0.008495,-0.000052,0.0,-0.000039,-0.0,-0.000039,0.0,-0.000052,0.0,0.0,0.0,0.0,
0.0,-0.145246,0.38831,0.439822,0.0,0.0,0.0,0.050675,0.339092,-0.07124,0.0,0.0,-1.92432,0.002084,0.000372,2.282878,-0.798503,0.0,-1.92432,-0.002084,-0.000372,2.282878,-0.798503,0.0,-0.345783,0.318865,0.0,-0.2047,0.0,0.0,0.0,-0.345783,-0.318865,0.0,-0.2047,0.0,-0.0,0.0,0.0,0.008495,-0.000052,-0.0,-0.000039,-0.0,-0.000039,0.0,-0.000052,0.0,0.0,0.008495,-0.000052,-0.0,-0.000039,-0.0,-0.000039,0.0,-0.000052,0.0,0.0,0.0,0.0,
0.0,-0.145195,0.388649,0.439751,0.0,0.0,0.0,0.050684,0.339092,-0.071373,0.0,0.0,-1.923435,0.002124,0.000384,2.282073,-0.798511,0.0,-1.923435,-0.002124,-0.000384,2.282073,-0.798511,0.0,-0.345484,0.318765,0.0,-0.204801,0.0,0.0,0.0,-0.345484,-0.318765,0.0,-0.204801,0.0,0.0,0.0,0.0,0.008495,-0.000052,-0.0,-0.000039,-0.0,-0.000039,0.0,-0.000052,0.0,0.0,0.008495,-0.000052,-0.0,-0.000039,-0.0,-0.000039,0.0,-0.000052,0.0,0.0,0.0,0.0,
0.0,-0.145144,0.388988,0.439679,0.0,0.0,0.0,0.050675,0.339092,-0.07124,0.0,0.0,-1.922551,0.002164,0.000397,2.281268,-0.798519,0.0,-1.922551,-0.002164,-0.000397,2.281268,-0.798519,0.0,-0.345184,0.318665,0.0,-0.204902,0.0,0.0,0.0,-0.345184,-0.318665,0.0,-0.204902,0.0,0.0,0.0,0.0,0.008495,-0.000052,0.0,-0.000039,0.0,-0.000039,0.0,-0.000052,-0.0,0.0,0.008495,-0.000052,0.0,-0.000039,0.0,-0.000039,0.0,-0.000052,-0.0,0.0,0.0,0.0,
0.0,-0.145093,0.389327,0.439608,0.0,0.0,0.0,0.050684,0.339054,-0.071373,0.0,0.0,-1.921666,0.002205,0.00041,2.280463,-0.798527,0.0,-1.921666,-0.002205,-0.00041,2.280463,-0.798527,0.0,-0.344885,0.318565,0.0,-0.205003,0.0,-0.0,0.0,-0.344885,-0.318565,0.0,-0.205003,0.0,0.0,0.0,0.0,0.008495,-0.000052,0.0,-0.000039,0.0,-0.000039,0.0,-0.000052,0.0,0.0,0.008495,-0.000052,0.0,-0.000039,0.0,-0.000039,0.0,-0.000052,0.0,0.0,0.0,0.0,
0.0,-0.145043,0.389667,0.439537,0.0,0.0,0.0,0.050675,0.339092,-0.07124,0.0,0.0,-1.920782,0.002245,0.000423,2.279658,-0.798535,0.0,-1.920782,-0.002245,-0.000423,2.279658,-0.798535,0.0,-0.344585,0.318465,0.0,-0.205105,0.0,0.0,0.0,-0.344585,-0.318465,0.0,-0.205105,0.0,-0.0,0.0,0.0,0.008495,-0.000052,0.0,-0.000039,0.0,-0.000039,-0.0,-0.000052,0.0,0.0,0.008495,-0.000052,0.0,-0.000039,0.0,-0.000039,-0.0,-0.000052,0.0,0.0,0.0,0.0,
0.0,-0.144991,0.390015,0.439461,0.0,0.0,0.0,0.052296,0.348248,-0.0763,0.0,0.0,-1.919883,0.002258,0.000427,2.278826,-0.798524,0.0,-1.919883,-0.002258,-0.000427,2.278826,-0.798524,0.0,-0.344276,0.318362,0.0,-0.205207,0.0,0.0,0.0,-0.344276,-0.318362,0.0,-0.205207,0.0,0.0,0.0,0.0,0.008495,-0.000052,0.0,-0.000039,-0.0,-0.000039,-0.0,-0.000052,-0.0,0.0,0.008495,-0.000052,0.0,-0.000039,-0.0,-0.000039,-0.0,-0.000052,-0.0,0.0,0.0,0.0,
0.0,-0.144937,0.390368,0.439382,0.0,0.0,0.0,0.053115,0.352825,-0.07883,0.0,0.0,-1.918976,0.002258,0.000427,2.27798,-0.798505,0.0,-1.918976,-0.002258,-0.000427,2.27798,-0.798505,0.0,-0.343963,0.318258,0.0,-0.20531,0.0,0.0,0.0,-0.343963,-0.318258,0.0,-0.20531,0.0,0.0,0.0,0.0,0.008495,-0.000052,-0.0,-0.000039,0.0,-0.000039,0.0,-0.000052,0.0,0.0,0.008495,-0.000052,-0.0,-0.000039,0.0,-0.000039,0.0,-0.000052,0.0,0.0,0.0,0.0,
0.0,-0.144884,0.39072,0.439303,0.0,0.0,0.0,0.053115,0.352864,-0.078697,0.0,0.0,-1.918069,0.002258,0.000427,2.277134,-0.798485,0.0,-1.918069,-0.002258,-0.000427,2.277134,-0.798485,0.0,-0.343649,0.318154,0.0,-0.205413,0.0,0.0,0.0,-0.343649,-0.318154,0.0,-0.205413,0.0,-0.0,0.0,0.0,0.008495,-0.000052,-0.0,-0.000039,0.0,-0.000039,0.0,-0.000052,-0.0,0.0,0.008495,-0.000052,-0.0,-0.000039,0.0,-0.000039,0.0,-0.000052,-0.0,0.0,0.0,0.0,
0.0,-0.144831,0.391073,0.439224,0.0,0.0,0.0,0.053115,0.352825,-0.07883,0.0,0.0,-1.917162,0.002258,0.000427,2.276288,-0.798465,0.0,-1.917162,-0.002258,-0.000427,2.276288,-0.798465,0.0,-0.343335,0.318051,0.0,-0.205516,0.0,0.0,0.0,-0.343335,-0.318051,0.0,-0.205516,0.0,0.0,0.0,0.0,0.008495,-0.000052,-0.0,-0.000039,0.0,-0.000039,0.0,-0.000052,0.0,0.0,0.008495,-0.000052,-0.0,-0.000039,0.0,-0.000039,0.0,-0.000052,0.0,0.0,0.0,0.0,
0.0,-0.144778,0.391426,0.439145,0.0,0.0,0.0,0.053115,0.352864,-0.07883,0.0,0.0,-1.916255,0.002258,0.000427,2.275442,-0.798445,0.0,-1.916255,-0.002258,-0.000427,2.275442,-0.798445,0.0,-0.343021,0.317947,0.0,-0.205619,0.0,0.0,0.0,-0.343021,-0.317947,0.0,-0.205619,0.0,0.0,0.0,0.0,0.008495,-0.000052,0.0,-0.000039,0.0,-0.000039,0.0,-0.000052,-0.0,0.0,0.008495,-0.000052,0.0,-0.000039,0.0,-0.000039,0.0,-0.000052,-0.0,0.0,0.0,0.0,
0.0,-0.144725,0.391779,0.439067,0.0,0.0,0.0,0.053115,0.352864,-0.07883,0.0,0.0,-1.915348,0.002258,0.000427,2.274597,-0.798425,0.0,-1.915348,-0.002258,-0.000427,2.274597,-0.798425,0.0,-0.342707,0.317843,0.0,-0.205723,0.0,0.0,0.0,-0.342707,-0.317843,0.0,-0.205723,0.0,0.0,0.0,0.0,0.008495,-0.000052,-0.0,-0.000039,-0.0,-0.000039,0.0,-0.000052,0.0,0.0,0.008495,-0.000052,-0.0,-0.000039,-0.0,-0.000039,0.0,-0.000052,0.0,0.0,0.0,0.0,
0.0,-0.144672,0.392132,0.438988,0.0,0.0,0.0,0.053115,0.352864,-0.07883,0.0,0.0,-1.914442,0.002258,0.000427,2.273751,-0.798405,0.0,-1.914442,-0.002258,-0.000427,2.273751,-0.798405,0.0,-0.342393,0.317739,0.0,-0.205826,0.0,0.0,0.0,-0.342393,-0.317739,0.0,-0.205826,0.0,-0.0,0.0,0.0,0.008495,-0.000052,-0.0,-0.000039,-0.0,-0.000039,0.0,-0.000052,0.0,0.0,0.008495,-0.000052,-0.0,-0.000039,-0.0,-0.000039,0.0,-0.000052,0.0,0.0,0.0,0.0,
0.0,-0.144619,0.392485,0.438909,0.0,0.0,0.0,0.053115,0.352825,-0.078697,0.0,0.0,-1.913535,0.002258,0.000427,2.272905,-0.798385,0.0,-1.913535,-0.002258,-0.000427,2.272905,-0.798385,0.0,-0.342079,0.317635,0.0,-0.205929,0.0,0.0,0.0,-0.342079,-0.317635,0.0,-0.205929,0.0,0.0,0.0,0.0,0.008495,-0.000052,0.0,-0.000039,0.0,-0.000039,-0.0,-0.000052,0.0,0.0,0.008495,-0.000052,0.0,-0.000039,0.0,-0.000039,-0.0,-0.000052,0.0,0.0,0.0,0.0,
0.0,-0.144566,0.392838,0.43883,0.0,0.0,0.0,0.053115,0.352864,-0.07883,0.0,0.0,-1.912628,0.002258,0.000427,2.272059,-0.798365,0.0,-1.912628,-0.002258,-0.000427,2.272059,-0.798365,0.0,-0.341765,0.317531,0.0,-0.206032,0.0,0.0,0.0,-0.341765,-0.317531,0.0,-0.206032,0.0,0.0,0.0,0.0,0.008495,-0.000052,0.0,-0.000039,0.0,-0.000039,0.0,-0.000052,0.0,0.0,0.008495,-0.000052,0.0,-0.000039,0.0,-0.000039,0.0,-0.000052,0.0,0.0,0.0,0.0,
0.0,-0.144512,0.39319,0.438751,0.0,0.0,0.0,0.053115,0.352864,-0.07883,0.0,0.0,-1.911721,0.002258,0.000427,2.271213,-0.798346,0.0,-1.911721,-0.002258,-0.000427,2.271213,-0.798346,0.0,-0.341451,0.317427,0.0,-0.206135,-0.0,-0.0,0.0,-0.341451,-0.317427,0.0,-0.206135,0.0,0.0,0.0,0.0,0.008495,-0.000052,-0.0,-0.000039,-0.0,-0.000039,0.0,-0.000052,0.0,0.0,0.008495,-0.000052,-0.0,-0.000039,-0.0,-0.000039,0.0,-0.000052,0.0,0.0,0.0,0.0,
0.0,-0.144459,0.393543,0.438673,0.0,0.0,0.0,0.053115,0.352825,-0.078697,0.0,0.0,-1.910814,0.002258,0.000427,2.270367,-0.798326,0.0,-1.910814,-0.002258,-0.000427,2.270367,-0.798326,0.0,-0.341137,0.317324,0.0,-0.206238,0.0,0.0,0.0,-0.341137,-0.317324,0.0,-0.206238,0.0,0.0,0.0,0.0,0.008495,-0.000052,0.0,-0.000039,-0.0,-0.000039,0.0,-0.000052,0.0,0.0,0.008495,-0.000052,0.0,-0.000039,-0.0,-0.000039,0.0,-0.000052,0.0,0.0,0.0,0.0,
0.0,-0.144406,0.393896,0.438594,0.0,0.0,0.0,0.053115,0.352864,-0.07883,0.0,0.0,-1.909907,0.002258,0.000427,2.269521,-0.798306,0.0,-1.909907,-0.002258,-0.000427,2.269521,-0.798306,0.0,-0.340823,0.31722,0.0,-0.206341,0.0,0.0,0.0,-0.340823,-0.31722,0.0,-0.206341,0.0,-0.0,0.0,0.0,0.008495,-0.000052,0.0,-0.000039,0.0,-0.000039,-0.0,-0.000052,0.0,0.0,0.008495,-0.000052,0.0,-0.000039,0.0,-0.000039,-0.0,-0.000052,0.0,0.0,0.0,0.0,
0.0,-0.144353,0.394249,0.438515,0.0,0.0,0.0,0.053115,0.352864,-0.07883,0.0,0.0,-1.909,0.002258,0.000427,2.268675,-0.798286,0.0,-1.909,-0.002258,-0.000427,2.268675,-0.798286,0.0,-0.340509,0.317116,0.0,-0.206444,0.0,0.0,0.0,-0.340509,-0.317116,0.0,-0.206444,0.0,-0.0,0.0,0.0,0.008495,-0.000052,0.0,-0.000039,0.0,-0.000039,0.0,-0.000052,-0.0,0.0,0.008495,-0.000052,0.0,-0.000039,0.0,-0.000039,0.0,-0.000052,-0.0,0.0,0.0,0.0,
0.0,-0.1443,0.394602,0.438436,0.0,0.0,0.0,0.053115,0.352864,-0.07883,0.0,0.0,-1.908094,0.002258,0.000427,2.267829,-0.798266,0.0,-1.908094,-0.002258,-0.000427,2.267829,-0.798266,0.0,-0.340195,0.317012,0.0,-0.206547,0.0,0.0,0.0,-0.340195,-0.317012,0.0,-0.206547,0.0,0.0,0.0,0.0,0.008495,-0.000052,0.0,-0.000039,0.0,-0.000039,0.0,-0.000052,0.0,0.0,0.008495,-0.000052,0.0,-0.000039,0.0,-0.000039,0.0,-0.000052,0.0,0.0,0.0,0.0,
0.0,-0.144247,0.394955,0.438358,0.0,0.0,0.0,0.053115,0.352825,-0.078697,0.0,0.0,-1.907187,0.002258,0.000427,2.266983,-0.798246,0.0,-1.907187,-0.002258,-0.000427,2.266983,-0.798246,0.0,-0.339881,0.316908,0.0,-0.20665,0.0,-0.0,0.0,-0.339881,-0.316908,0.0,-0.20665,0.0,0.0,0.0,0.0,0.008495,-0.000052,-0.0,-0.000039,0.0,-0.000039,0.0,-0.000052,0.0,0.0,0.008495,-0.000052,-0.0,-0.000039,0.0,-0.000039,0.0,-0.000052,0.0,0.0,0.0,0.0,
0.0,-0.144194,0.395308,0.438279,0.0,0.0,0.0,0.053115,0.352864,-0.07883,0.0,0.0,-1.90628,0.002258,0.000427,2.266137,-0.798226,0.0,-1.90628,-0.002258,-0.000427,2.266137,-0.798226,0.0,-0.339567,0.316804,0.0,-0.206753,0.0,-0.0,0.0,-0.339567,-0.316804,0.0,-0.206753,0.0,0.0,0.0,0.0,0.008495,-0.000052,-0.0,-0.000039,0.0,-0.000039,-0.0,-0.000052,0.0,0.0,0.008495,-0.000052,-0.0,-0.000039,0.0,-0.000039,-0.0,-0.000052,0.0,0.0,0.0,0.0,
0.0,-0.144141,0.39566,0.4382,0.0,0.0,0.0,0.053115,0.352864,-0.07883,0.0,0.0,-1.905373,0.002258,0.000427,2.265291,-0.798206,0.0,-1.905373,-0.002258,-0.000427,2.265291,-0.798206,0.0,-0.339253,0.316701,0.0,-0.206857,0.0,0.0,0.0,-0.339253,-0.316701,0.0,-0.206857,0.0,-0.0,0.0,0.0,0.008495,-0.000052,-0.0,-0.000039,0.0,-0.000039,0.0,-0.000052,0.0,0.0,0.008495,-0.000052,-0.0,-0.000039,0.0,-0.000039,0.0,-0.000052,0.0,0.0,0.0,0.0,
0.0,-0.144088,0.396013,0.438121,0.0,0.0,0.0,0.053106,0.352825,-0.078697,0.0,0.0,-1.904466,0.002258,0.000427,2.264445,-0.798187,0.0,-1.904466,-0.002258,-0.000427,2.264445,-0.798187,0.0,-0.338939,0.316597,0.0,-0.20696,0.0,0.0,0.0,-0.338939,-0.316597,0.0,-0.20696,0.0,0.0,0.0,0.0,0.008495,-0.000052,-0.0,-0.000039,0.0,-0.000039,0.0,-0.000052,0.0,0.0,0.008495,-0.000052,-0.0,-0.000039,0.0,-0.000039,0.0,-0.000052,0.0,0.0,0.0,0.0,
0.0,-0.144034,0.396366,0.438042,0.0,0.0,0.0,0.053125,0.352864,-0.07883,0.0,0.0,-1.903559,0.002258,0.000427,2.2636,-0.798167,0.0,-1.903559,-0.002258,-0.000427,2.2636,-0.798167,0.0,-0.338625,0.316493,0.0,-0.207063,0.0,-0.0,0.0,-0.338625,-0.316493,0.0,-0.207063,0.0,0.0,0.0,0.0,0.008495,-0.000052,-0.0,-0.000039,-0.0,-0.000039,0.0,-0.000052,0.0,0.0,0.008495,-0.000052,-0.0,-0.000039,-0.0,-0.000039,0.0,-0.000052,0.0,0.0,0.0,0.0,
0.0,-0.143981,0.396719,0.437963,0.0,0.0,0.0,0.053106,0.352825,-0.07883,0.0,0.0,-1.902652,0.002258,0.000427,2.262754,-0.798147,0.0,-1.902652,-0.002258,-0.000427,2.262754,-0.798147,0.0,-0.338311,0.316389,0.0,-0.207166,0.0,0.0,0.0,-0.338311,-0.316389,0.0,-0.207166,0.0,-0.0,0.0,0.0,0.008495,-0.000052,-0.0,-0.000039,0.0,-0.000039,-0.0,-0.000052,0.0,0.0,0.008495,-0.000052,-0.0,-0.000039,0.0,-0.000039,-0.0,-0.000052,0.0,0.0,0.0,0.0,
0.0,-0.143928,0.397072,0.437885,0.0,0.0,0.0,0.053125,0.352864,-0.078697,0.0,0.0,-1.901745,0.002258,0.000427,2.261908,-0.798127,0.0,-1.901745,-0.002258,-0.000427,2.261908,-0.798127,0.0,-0.337997,0.316285,0.0,-0.207269,0.0,0.0,0.0,-0.337997,-0.316285,0.0,-0.207269,0.0,0.0,0.0,0.0,0.008495,-0.000052,0.0,-0.000039,-0.0,-0.000039,0.0,-0.000052,0.0,0.0,0.008495,-0.000052,0.0,-0.000039,-0.0,-0.000039,0.0,-0.000052,0.0,0.0,0.0,0.0,
0.0,-0.143875,0.397425,0.437806,0.0,0.0,0.0,0.053106,0.352864,-0.07883,0.0,0.0,-1.900839,0.002258,0.000427,2.261062,-0.798107,0.0,-1.900839,-0.002258,-0.000427,2.261062,-0.798107,0.0,-0.337683,0.316181,0.0,-0.207372,0.0,0.0,0.0,-0.337683,-0.316181,0.0,-0.207372,-0.0,-0.0,0.0,0.0,0.008495,-0.000052,0.0,-0.000039,0.0,-0.000039,0.0,-0.000052,0.0,0.0,0.008495,-0.000052,0.0,-0.000039,0.0,-0.000039,0.0,-0.000052,0.0,0.0,0.0,0.0,
0.0,-0.143822,0.397777,0.437727,0.0,0.0,0.0,0.053125,0.352864,-0.07883,0.0,0.0,-1.899932,0.002258,0.000427,2.260216,-0.798087,0.0,-1.899932,-0.002258,-0.000427,2.260216,-0.798087,0.0,-0.337369,0.316078,0.0,-0.207475,0.0,0.0,0.0,-0.337369,-0.316078,0.0,-0.207475,0.0,0.0,0.0,0.0,0.008495,-0.000052,-0.0,-0.000039,0.0,-0.000039,0.0,-0.000052,0.0,0.0,0.008495,-0.000052,-0.0,-0.000039,0.0,-0.000039,0.0,-0.000052,0.0,0.0,0.0,0.0,
0.0,-0.143769,0.39813,0.437648,0.0,0.0,0.0,0.053106,0.352825,-0.078697,0.0,0.0,-1.899025,0.002258,0.000427,2.25937,-0.798067,0.0,-1.899025,-0.002258,-0.000427,2.25937,-0.798067,0.0,-0.337055,0.315974,0.0,-0.207578,0.0,0.0,0.0,-0.337055,-0.315974,0.0,-0.207578,0.0,-0.0,0.0,0.0,0.008495,-0.000052,-0.0,-0.000039,0.0,-0.000039,0.0,-0.000052,-0.0,0.0,0.008495,-0.000052,-0.0,-0.000039,0.0,-0.000039,0.0,-0.000052,-0.0,0.0,0.0,0.0,
0.0,-0.143716,0.398483,0.43757,0.0,0.0,0.0,0.053115,0.352864,-0.07883,0.0,0.0,-1.898118,0.002258,0.000427,2.258524,-0.798047,0.0,-1.898118,-0.002258,-0.000427,2.258524,-0.798047,0.0,-0.336741,0.31587,0.0,-0.207681,0.0,-0.0,0.0,-0.336741,-0.31587,0.0,-0.207681,0.0,0.0,0.0,0.0,0.008495,-0.000052,0.0,-0.000039,-0.0,-0.000039,0.0,-0.000052,0.0,0.0,0.008495,-0.000052,0.0,-0.000039,-0.0,-0.000039,0.0,-0.000052,0.0,0.0,0.0,0.0,
0.0,-0.143663,0.398836,0.437491,0.0,0.0,0.0,0.053115,0.352864,-0.07883,0.0,0.0,-1.897211,0.002258,0.000427,2.257678,-0.798028,0.0,-1.897211,-0.002258,-0.000427,2.257678,-0.798028,0.0,-0.336427,0.315766,0.0,-0.207784,0.0,0.0,0.0,-0.336427,-0.315766,0.0,-0.207784,0.0,0.0,0.0,0.0,0.008495,-0.000052,-0.0,-0.000039,0.0,-0.000039,0.0,-0.000052,0.0,0.0,0.008495,-0.000052,-0.0,-0.000039,0.0,-0.000039,0.0,-0.000052,0.0,0.0,0.0,0.0,
0.0,-0.14361,0.399189,0.437412,0.0,0.0,0.0,0.053115,0.352825,-0.078697,0.0,0.0,-1.896304,0.002258,0.000427,2.256832,-0.798008,0.0,-1.896304,-0.002258,-0.000427,2.256832,-0.798008,0.0,-0.336113,0.315662,0.0,-0.207887,0.0,0.0,0.0,-0.336113,-0.315662,0.0,-0.207887,0.0,0.0,0.0,0.0,0.008495,-0.000052,-0.0,-0.000039,0.0,-0.000039,0.0,-0.000052,0.0,0.0,0.008495,-0.000052,-0.0,-0.000039,0.0,-0.000039,0.0,-0.000052,0.0,0.0,0.0,0.0,
0.0,-0.143556,0.399542,0.437333,0.0,0.0,0.0,0.053115,0.352864,-0.07883,0.0,0.0,-1.895397,0.002258,0.000427,2.255986,-0.797988,0.0,-1.895397,-0.002258,-0.000427,2.255986,-0.797988,0.0,-0.335799,0.315558,0.0,-0.207991,0.0,0.0,0.0,-0.335799,-0.315558,0.0,-0.207991,0.0,0.0,0.0,0.0,0.008495,-0.000052,0.0,-0.000039,0.0,-0.000039,0.0,-0.000052,-0.0,0.0,0.008495,-0.000052,0.0,-0.000039,0.0,-0.000039,0.0,-0.000052,-0.0,0.0,0.0,0.0,
0.0,-0.143503,0.399895,0.437254,0.0,0.0,0.0,0.053115,0.352864,-0.07883,0.0,0.0,-1.89449,0.002258,0.000427,2.25514,-0.797968,0.0,-1.89449,-0.002258,-0.000427,2.25514,-0.797968,0.0,-0.335486,0.315455,0.0,-0.208094,0.0,-0.0,0.0,-0.335486,-0.315455,0.0,-0.208094,-0.0,0.0,0.0,0.0,0.008495,-0.000052,-0.0,-0.000039,-0.0,-0.000039,-0.0,-0.000052,-0.0,0.0,0.008495,-0.000052,-0.0,-0.000039,-0.0,-0.000039,-0.0,-0.000052,-0.0,0.0,0.0,0.0,
0.0,-0.14345,0.400247,0.437176,0.0,0.0,0.0,0.053115,0.352864,-0.07883,0.0,0.0,-1.893584,0.002258,0.000427,2.254294,-0.797948,0.0,-1.893584,-0.002258,-0.000427,2.254294,-0.797948,0.0,-0.335172,0.315351,0.0,-0.208197,0.0,0.0,0.0,-0.335172,-0.315351,0.0,-0.208197,0.0,-0.0,0.0,0.0,0.008495,-0.000052,0.0,-0.000039,0.0,-0.000039,0.0,-0.000052,-0.0,0.0,0.008495,-0.000052,0.0,-0.000039,0.0,-0.000039,0.0,-0.000052,-0.0,0.0,0.0,0.0,
0.0,-0.143397,0.4006,0.437097,0.0,0.0,0.0,0.053115,0.352825,-0.078697,0.0,0.0,-1.892677,0.002258,0.000427,2.253448,-0.797928,0.0,-1.892677,-0.002258,-0.000427,2.253448,-0.797928,0.0,-0.334858,0.315247,0.0,-0.2083,0.0,-0.0,0.0,-0.334858,-0.315247,0.0,-0.2083,0.0,0.0,0.0,0.0,0.008495,-0.000052,-0.0,-0.000039,0.0,-0.000039,0.0,-0.000052,0.0,0.0,0.008495,-0.000052,-0.0,-0.000039,0.0,-0.000039,0.0,-0.000052,0.0,0.0,0.0,0.0,
0.0,-0.143344,0.400953,0.437018,0.0,0.0,0.0,0.053115,0.352864,-0.07883,0.0,0.0,-1.89177,0.002258,0.000427,2.252603,-0.797908,0.0,-1.89177,-0.002258,-0.000427,2.252603,-0.797908,0.0,-0.334544,0.315143,0.0,-0.208403,0.0,0.0,0.0,-0.334544,-0.315143,0.0,-0.208403,0.0,0.0,0.0,0.0,0.008495,-0.000052,-0.0,-0.000039,0.0,-0.000039,0.0,-0.000052,0.0,0.0,0.008495,-0.000052,-0.0,-0.000039,0.0,-0.000039,0.0,-0.000052,0.0,0.0,0.0,0.0,
0.0,-0.143291,0.401306,0.436939,0.0,0.0,0.0,0.053115,0.352864,-0.07883,0.0,0.0,-1.890863,0.002258,0.000427,2.251756,-0.797889,0.0,-1.890863,-0.002258,-0.000427,2.251756,-0.797889,0.0,-0.33423,0.315039,0.0,-0.208506,0.0,-0.0,0.0,-0.33423,-0.315039,0.0,-0.208506,0.0,0.0,0.0,0.0,0.008495,-0.000052,-0.0,-0.000039,0.0,-0.000039,0.0,-0.000052,0.0,0.0,0.008495,-0.000052,-0.0,-0.000039,0.0,-0.000039,0.0,-0.000052,0.0,0.0,0.0,0.0,
0.0,-0.143237,0.401663,0.436858,0.0,0.0,0.0,0.053888,0.357022,-0.081227,0.0,0.0,-1.88995,0.00222,0.000419,2.250897,-0.79786,0.0,-1.88995,-0.00222,-0.000419,2.250897,-0.79786,0.0,-0.333912,0.314934,0.0,-0.208611,0.0,0.0,0.0,-0.333912,-0.314934,0.0,-0.208611,0.0,0.0,0.0,0.0,0.008495,-0.000052,-0.0,-0.000039,0.0,-0.000039,0.0,-0.000052,-0.0,0.0,0.008495,-0.000052,-0.0,-0.000039,0.0,-0.000039,0.0,-0.000052,-0.0,0.0,0.0,0.0,
0.0,-0.143181,0.402029,0.436772,0.0,0.0,0.0,0.055451,0.365681,-0.086287,0.0,0.0,-1.889025,0.002105,0.000396,2.250009,-0.797812,0.0,-1.889025,-0.002105,-0.000396,2.250009,-0.797812,0.0,-0.333587,0.314824,0.0,-0.20872,0.0,0.0,0.0,-0.333587,-0.314824,0.0,-0.20872,0.0,-0.0,0.0,0.0,0.008495,-0.000052,-0.0,-0.000039,0.0,-0.000039,0.0,-0.000052,0.0,0.0,0.008495,-0.000052,-0.0,-0.000039,0.0,-0.000039,0.0,-0.000052,0.0,0.0,0.0,0.0,
0.0,-0.143126,0.402394,0.436685,0.0,0.0,0.0,0.055451,0.365605,-0.086287,0.0,0.0,-1.8881,0.00199,0.000372,2.249122,-0.797764,0.0,-1.8881,-0.00199,-0.000372,2.249122,-0.797764,0.0,-0.333263,0.314715,0.0,-0.208828,0.0,0.0,0.0,-0.333263,-0.314715,0.0,-0.208828,0.0,-0.0,0.0,0.0,0.008495,-0.000052,0.0,-0.000039,0.0,-0.000039,0.0,-0.000052,0.0,0.0,0.008495,-0.000052,0.0,-0.000039,0.0,-0.000039,0.0,-0.000052,0.0,0.0,0.0,0.0,
0.0,-0.143071,0.40276,0.436599,0.0,0.0,0.0,0.055451,0.365643,-0.086153,0.0,0.0,-1.887175,0.001874,0.000348,2.248234,-0.797716,0.0,-1.887175,-0.001874,-0.000348,2.248234,-0.797716,0.0,-0.332938,0.314605,0.0,-0.208937,0.0,0.0,0.0,-0.332938,-0.314605,0.0,-0.208937,0.0,-0.0,0.0,0.0,0.008495,-0.000052,0.0,-0.000039,0.0,-0.000039,0.0,-0.000052,0.0,0.0,0.008495,-0.000052,0.0,-0.000039,0.0,-0.000039,0.0,-0.000052,0.0,0.0,0.0,0.0,
0.0,-0.143015,0.403126,0.436513,0.0,0.0,0.0,0.055451,0.365643,-0.086287,0.0,0.0,-1.88625,0.001759,0.000324,2.247346,-0.797669,0.0,-1.88625,-0.001759,-0.000324,2.247346,-0.797669,0.0,-0.332613,0.314496,0.0,-0.209045,0.0,0.0,0.0,-0.332613,-0.314496,0.0,-0.209045,0.0,0.0,0.0,0.0,0.008495,-0.000052,-0.0,-0.000039,-0.0,-0.000039,0.0,-0.000052,-0.0,0.0,0.008495,-0.000052,-0.0,-0.000039,-0.0,-0.000039,0.0,-0.000052,-0.0,0.0,0.0,0.0,
0.0,-0.14296,0.403491,0.436427,0.0,0.0,0.0,0.055451,0.365643,-0.086287,0.0,0.0,-1.885325,0.001644,0.0003,2.246459,-0.797621,0.0,-1.885325,-0.001644,-0.0003,2.246459,-0.797621,0.0,-0.332288,0.314387,0.0,-0.209154,0.0,-0.0,0.0,-0.332288,-0.314387,0.0,-0.209154,0.0,0.0,0.0,0.0,0.008495,-0.000052,0.0,-0.000039,0.0,-0.000039,-0.0,-0.000052,0.0,0.0,0.008495,-0.000052,0.0,-0.000039,0.0,-0.000039,-0.0,-0.000052,0.0,0.0,0.0,0.0,
0.0,-0.142904,0.403857,0.43634,0.0,0.0,0.0,0.055451,0.365643,-0.086287,0.0,0.0,-1.8844,0.001528,0.000277,2.245571,-0.797573,0.0,-1.8844,-0.001528,-0.000277,2.245571,-0.797573,0.0,-0.331963,0.314277,0.0,-0.209263,0.0,-0.0,0.0,-0.331963,-0.314277,0.0,-0.209263,0.0,0.0,0.0,0.0,0.008495,-0.000052,0.0,-0.000039,-0.0,-0.000039,0.0,-0.000052,-0.0,0.0,0.008495,-0.000052,0.0,-0.000039,-0.0,-0.000039,0.0,-0.000052,-0.0,0.0,0.0,0.0,
0.0,-0.142849,0.404223,0.436254,0.0,0.0,0.0,0.055451,0.365605,-0.086287,0.0,0.0,-1.883475,0.001413,0.000253,2.244683,-0.797526,0.0,-1.883475,-0.001413,-0.000253,2.244683,-0.797526,0.0,-0.331638,0.314168,0.0,-0.209371,0.0,0.0,0.0,-0.331638,-0.314168,0.0,-0.209371,0.0,0.0,0.0,0.0,0.008495,-0.000052,0.0,-0.000039,0.0,-0.000039,-0.0,-0.000052,-0.0,0.0,0.008495,-0.000052,0.0,-0.000039,0.0,-0.000039,-0.0,-0.000052,-0.0,0.0,0.0,0.0,
0.0,-0.142793,0.404588,0.436168,0.0,0.0,0.0,0.055451,0.365643,-0.086287,0.0,0.0,-1.88255,0.001297,0.000229,2.243795,-0.797478,0.0,-1.88255,-0.001297,-0.000229,2.243795,-0.797478,0.0,-0.331314,0.314059,0.0,-0.20948,0.0,-0.0,0.0,-0.331314,-0.314059,0.0,-0.20948,0.0,0.0,0.0,0.0,0.008495,-0.000052,0.0,-0.000039,0.0,-0.000039,0.0,-0.000052,-0.0,0.0,0.008495,-0.000052,0.0,-0.000039,0.0,-0.000039,0.0,-0.000052,-0.0,0.0,0.0,0.0,
0.0,-0.142738,0.404954,0.436082,0.0,0.0,0.0,0.055442,0.365643,-0.086287,0.0,0.0,-1.881625,0.001182,0.000205,2.242908,-0.79743,0.0,-1.881625,-0.001182,-0.000205,2.242908,-0.79743,0.0,-0.330989,0.313949,0.0,-0.209589,0.0,0.0,0.0,-0.330989,-0.313949,0.0,-0.209589,0.0,0.0,0.0,0.0,0.008495,-0.000052,-0.0,-0.000039,0.0,-0.000039,0.0,-0.000052,0.0,0.0,0.008495,-0.000052,-0.0,-0.000039,0.0,-0.000039,0.0,-0.000052,0.0,0.0,0.0,0.0,
0.0,-0.142682,0.405319,0.435995,0.0,0.0,0.0,0.055461,0.365643,-0.086287,0.0,0.0,-1.8807,0.001067,0.000181,2.24202,-0.797383,0.0,-1.8807,-0.001067,-0.000181,2.24202,-0.797383,0.0,-0.330664,0.31384,0.0,-0.209697,0.0,0.0,0.0,-0.330664,-0.31384,0.0,-0.209697,0.0,-0.0,0.0,0.0,0.008495,-0.000052,-0.0,-0.000039,-0.0,-0.000039,0.0,-0.000052,0.0,0.0,0.008495,-0.000052,-0.0,-0.000039,-0.0,-0.000039,0.0,-0.000052,0.0,0.0,0.0,0.0,
0.0,-0.142627,0.405685,0.435909,0.0,0.0,0.0,0.055442,0.365643,-0.086153,0.0,0.0,-1.879775,0.000951,0.000158,2.241132,-0.797335,0.0,-1.879775,-0.000951,-0.000158,2.241132,-0.797335,0.0,-0.330339,0.31373,0.0,-0.209806,0.0,0.0,0.0,-0.330339,-0.31373,0.0,-0.209806,0.0,0.0,0.0,0.0,0.008495,-0.000052,-0.0,-0.000039,-0.0,-0.000039,-0.0,-0.000052,0.0,0.0,0.008495,-0.000052,-0.0,-0.000039,-0.0,-0.000039,-0.0,-0.000052,0.0,0.0,-0.0,0.0,
0.0,-0.142572,0.406051,0.435823,0.0,0.0,0.0,0.055461,0.365643,-0.086287,0.0,0.0,-1.87885,0.000836,0.000134,2.240245,-0.797287,0.0,-1.87885,-0.000836,-0.000134,2.240245,-0.797287,0.0,-0.330014,0.313621,-0.0,-0.209915,0.0,-0.0,0.0,-0.330014,-0.313621,0.0,-0.209915,0.0,0.0,0.0,0.0,0.008495,-0.000052,0.0,-0.000039,-0.0,-0.000039,0.0,-0.000052,0.0,0.0,0.008495,-0.000052,0.0,-0.000039,-0.0,-0.000039,0.0,-0.000052,0.0,0.0,0.0,0.0,
0.0,-0.142516,0.406416,0.435737,0.0,0.0,0.0,0.055442,0.365605,-0.086287,0.0,0.0,-1.877925,0.000721,0.00011,2.239357,-0.79724,0.0,-1.877925,-0.000721,-0.00011,2.239357,-0.79724,0.0,-0.32969,0.313512,0.0,-0.210023,0.0,0.0,0.0,-0.32969,-0.313512,0.0,-0.210023,0.0,0.0,0.0,0.0,0.008495,-0.000052,0.0,-0.000039,-0.0,-0.000039,-0.0,-0.000052,0.0,0.0,0.008495,-0.000052,0.0,-0.000039,-0.0,-0.000039,-0.0,-0.000052,0.0,0.0,0.0,0.0,
0.0,-0.142461,0.406782,0.43565,0.0,0.0,0.0,0.055461,0.365643,-0.086287,0.0,0.0,-1.877,0.000605,0.000086,2.238469,-0.797192,0.0,-1.877,-0.000605,-0.000086,2.238469,-0.797192,0.0,-0.329365,0.313402,0.0,-0.210132,0.0,0.0,0.0,-0.329365,-0.313402,0.0,-0.210132,0.0,0.0,0.0,0.0,0.008495,-0.000052,-0.0,-0.000039,-0.0,-0.000039,-0.0,-0.000052,0.0,0.0,0.008495,-0.000052,-0.0,-0.000039,-0.0,-0.000039,-0.0,-0.000052,0.0,0.0,0.0,0.0,
0.0,-0.142405,0.407148,0.435564,0.0,0.0,0.0,0.055442,0.365643,-0.086287,0.0,0.0,-1.876075,0.00049,0.000062,2.237582,-0.797144,0.0,-1.876075,-0.00049,-0.000062,2.237582,-0.797144,0.0,-0.32904,0.313293,0.0,-0.21024,0.0,-0.0,0.0,-0.32904,-0.313293,0.0,-0.21024,0.0,0.0,0.0,0.0,0.008495,-0.000052,-0.0,-0.000039,-0.0,-0.000039,-0.0,-0.000052,0.0,0.0,0.008495,-0.000052,-0.0,-0.000039,-0.0,-0.000039,-0.0,-0.000052,0.0,0.0,0.0,0.0,
0.0,-0.14235,0.407513,0.435478,0.0,0.0,0.0,0.055451,0.365643,-0.086287,0.0,0.0,-1.87515,0.000375,0.000039,2.236694,-0.797097,0.0,-1.87515,-0.000375,-0.000039,2.236694,-0.797097,0.0,-0.328715,0.313184,0.0,-0.210349,0.0,-0.0,0.0,-0.328715,-0.313184,0.0,-0.210349,0.0,0.0,0.0,0.0,0.008495,-0.000052,0.0,-0.000039,0.0,-0.000039,-0.0,-0.000052,0.0,0.0,0.008495,-0.000052,0.0,-0.000039,0.0,-0.000039,-0.0,-0.000052,0.0,0.0,0.0,0.0,
0.0,-0.142294,0.407879,0.435392,0.0,0.0,0.0,0.055451,0.365643,-0.086153,0.0,0.0,-1.874224,0.000259,0.000015,2.235806,-0.797049,0.0,-1.874224,-0.000259,-0.000015,2.235806,-0.797049,0.0,-0.32839,0.313074,0.0,-0.210458,0.0,0.0,0.0,-0.32839,-0.313074,0.0,-0.210458,0.0,-0.0,0.0,0.0,0.008495,-0.000052,0.0,-0.000039,0.0,-0.000039,0.0,-0.000052,0.0,0.0,0.008495,-0.000052,0.0,-0.000039,0.0,-0.000039,0.0,-0.000052,0.0,0.0,0.0,0.0,
0.0,-0.142239,0.408244,0.435305,0.0,0.0,0.0,0.055451,0.365605,-0.086287,0.0,0.0,-1.873299,0.000144,-0.000009,2.234918,-0.797001,0.0,-1.873299,-0.000144,0.000009,2.234918,-0.797001,0.0,-0.328066,0.312965,0.0,-0.210566,0.0,0.0,0.0,-0.328066,-0.312965,0.0,-0.210566,0.0,0.0,0.0,0.0,0.008495,-0.000052,0.0,-0.000039,0.0,-0.000039,0.0,-0.000052,0.0,0.0,0.008495,-0.000052,0.0,-0.000039,0.0,-0.000039,0.0,-0.000052,0.0,0.0,0.0,0.0,
0.0,-0.142183,0.40861,0.435219,0.0,0.0,0.0,0.055451,0.365643,-0.086287,0.0,0.0,-1.872374,0.000029,-0.000033,2.234031,-0.796953,-0.0,-1.872374,-0.000029,0.000033,2.234031,-0.796953,0.0,-0.327741,0.312855,0.0,-0.210675,0.0,-0.0,0.0,-0.327741,-0.312855,0.0,-0.210675,0.0,0.0,0.0,0.0,0.008495,-0.000052,-0.0,-0.000039,-0.0,-0.000039,0.0,-0.000052,0.0,0.0,0.008495,-0.000052,-0.0,-0.000039,-0.0,-0.000039,0.0,-0.000052,0.0,0.0,-0.0,0.0,
0.0,-0.142128,0.408976,0.435133,0.0,0.0,0.0,0.055451,0.365643,-0.086287,0.0,0.0,-1.871449,-0.000087,-0.000057,2.233143,-0.796906,0.0,-1.871449,0.000087,0.000057,2.233143,-0.796906,0.0,-0.327416,0.312746,0.0,-0.210784,0.0,-0.0,0.0,-0.327416,-0.312746,0.0,-0.210784,0.0,0.0,0.0,0.0,0.008495,-0.000052,-0.0,-0.000039,-0.0,-0.000039,0.0,-0.000052,-0.0,0.0,0.008495,-0.000052,-0.0,-0.000039,-0.0,-0.000039,0.0,-0.000052,-0.0,0.0,-0.0,0.0,
0.0,-0.142072,0.409341,0.435046,0.0,0.0,0.0,0.055451,0.365643,-0.086287,0.0,0.0,-1.870524,-0.000202,-0.00008,2.232255,-0.796858,0.0,-1.870524,0.000202,0.00008,2.232255,-0.796858,0.0,-0.327091,0.312637,0.0,-0.210892,0.0,0.0,0.0,-0.327091,-0.312637,0.0,-0.210892,0.0,0.0,0.0,0.0,0.008495,-0.000052,0.0,-0.000039,0.0,-0.000039,-0.0,-0.000052,0.0,0.0,0.008495,-0.000052,0.0,-0.000039,0.0,-0.000039,-0.0,-0.000052,0.0,0.0,0.0,0.0,
0.0,-0.142017,0.409707,0.43496,0.0,0.0,0.0,0.055451,0.365643,-0.086287,0.0,0.0,-1.869599,-0.000318,-0.000104,2.231368,-0.79681,0.0,-1.869599,0.000318,0.000104,2.231368,-0.79681,0.0,-0.326766,0.312527,0.0,-0.211001,0.0,0.0,0.0,-0.326766,-0.312527,0.0,-0.211001,0.0,0.0,0.0,0.0,0.008495,-0.000052,-0.0,-0.000039,0.0,-0.000039,0.0,-0.000052,-0.0,0.0,0.008495,-0.000052,-0.0,-0.000039,0.0,-0.000039,0.0,-0.000052,-0.0,0.0,0.0,0.0,
0.0,-0.141962,0.410073,0.434874,0.0,0.0,0.0,0.055451,0.365605,-0.086287,0.0,0.0,-1.868674,-0.000433,-0.000128,2.23048,-0.796763,0.0,-1.868674,0.000433,0.000128,2.23048,-0.796763,0.0,-0.326441,0.312418,0.0,-0.21111,0.0,0.0,0.0,-0.326441,-0.312418,0.0,-0.21111,0.0,-0.0,0.0,0.0,0.008495,-0.000052,-0.0,-0.000039,-0.0,-0.000039,0.0,-0.000052,0.0,0.0,0.008495,-0.000052,-0.0,-0.000039,-0.0,-0.000039,0.0,-0.000052,0.0,0.0,0.0,0.0,
0.0,-0.141906,0.410438,0.434788,0.0,0.0,0.0,0.055451,0.365643,-0.086287,0.0,0.0,-1.867749,-0.000548,-0.000152,2.229592,-0.796715,0.0,-1.867749,0.000548,0.000152,2.229592,-0.796715,0.0,-0.326117,0.312309,0.0,-0.211218,0.0,-0.0,0.0,-0.326117,-0.312309,0.0,-0.211218,0.0,0.0,0.0,0.0,0.008495,-0.000052,-0.0,-0.000039,-0.0,-0.000039,-0.0,-0.000052,0.0,0.0,0.008495,-0.000052,-0.0,-0.000039,-0.0,-0.000039,-0.0,-0.000052,0.0,0.0,0.0,0.0,
0.0,-0.141851,0.410804,0.434701,0.0,0.0,0.0,0.055451,0.365643,-0.086153,0.0,0.0,-1.866824,-0.000664,-0.000176,2.228705,-0.796667,0.0,-1.866824,0.000664,0.000176,2.228705,-0.796667,0.0,-0.325792,0.312199,0.0,-0.211327,0.0,-0.0,0.0,-0.325792,-0.312199,0.0,-0.211327,0.0,0.0,0.0,0.0,0.008495,-0.000052,-0.0,-0.000039,0.0,-0.000039,0.0,-0.000052,-0.0,0.0,0.008495,-0.000052,-0.0,-0.000039,0.0,-0.000039,0.0,-0.000052,-0.0,0.0,0.0,0.0,
0.0,-0.141795,0.41117,0.434615,0.0,0.0,0.0,0.055451,0.365643,-0.086287,0.0,0.0,-1.865899,-0.000779,-0.000199,2.227817,-0.79662,0.0,-1.865899,0.000779,0.000199,2.227817,-0.79662,0.0,-0.325467,0.31209,0.0,-0.211435,0.0,-0.0,0.0,-0.325467,-0.31209,0.0,-0.211435,0.0,0.0,0.0,0.0,0.008495,-0.000052,0.0,-0.000039,0.0,-0.000039,0.0,-0.000052,-0.0,0.0,0.008495,-0.000052,0.0,-0.000039,0.0,-0.000039,0.0,-0.000052,-0.0,0.0,0.0,0.0,
0.0,-0.14174,0.411535,0.434529,0.0,0.0,0.0,0.055451,0.365643,-0.086287,0.0,0.0,-1.864974,-0.000894,-0.000223,2.226929,-0.796572,0.0,-1.864974,0.000894,0.000223,2.226929,-0.796572,0.0,-0.325142,0.31198,0.0,-0.211544,0.0,0.0,0.0,-0.325142,-0.31198,0.0,-0.211544,0.0,0.0,0.0,0.0,0.008495,-0.000052,-0.0,-0.000039,0.0,-0.000039,0.0,-0.000052,0.0,0.0,0.008495,-0.000052,-0.0,-0.000039,0.0,-0.000039,0.0,-0.000052,0.0,0.0,0.0,0.0,
0.0,-0.141684,0.411901,0.434443,0.0,0.0,0.0,0.055451,0.365643,-0.086287,0.0,0.0,-1.864049,-0.00101,-0.000247,2.226041,-0.796524,0.0,-1.864049,0.00101,0.000247,2.226041,-0.796524,0.0,-0.324817,0.311871,0.0,-0.211653,0.0,0.0,0.0,-0.324817,-0.311871,0.0,-0.211653,0.0,-0.0,0.0,0.0,0.008495,-0.000052,-0.0,-0.000039,-0.0,-0.000039,0.0,-0.000052,0.0,0.0,0.008495,-0.000052,-0.0,-0.000039,-0.0,-0.000039,0.0,-0.000052,0.0,0.0,0.0,0.0,
0.0,-0.141629,0.412266,0.434356,0.0,0.0,0.0,0.055451,0.365605,-0.086287,0.0,0.0,-1.863124,-0.001125,-0.000271,2.225154,-0.796477,0.0,-1.863124,0.001125,0.000271,2.225154,-0.796477,0.0,-0.324493,0.311762,0.0,-0.211761,0.0,0.0,0.0,-0.324493,-0.311762,0.0,-0.211761,0.0,-0.0,0.0,0.0,0.008495,-0.000052,-0.0,-0.000039,-0.0,-0.000039,-0.0,-0.000052,0.0,0.0,0.008495,-0.000052,-0.0,-0.000039,-0.0,-0.000039,-0.0,-0.000052,0.0,0.0,0.0,0.0,
0.0,-0.141573,0.412632,0.43427,0.0,0.0,0.0,0.055442,0.365643,-0.086153,0.0,0.0,-1.862199,-0.00124,-0.000295,2.224266,-0.796429,0.0,-1.862199,0.00124,0.000295,2.224266,-0.796429,0.0,-0.324168,0.311652,0.0,-0.21187,0.0,0.0,0.0,-0.324168,-0.311652,0.0,-0.21187,0.0,-0.0,0.0,0.0,0.008495,-0.000052,0.0,-0.000039,-0.0,-0.000039,0.0,-0.000052,0.0,0.0,0.008495,-0.000052,0.0,-0.000039,-0.0,-0.000039,0.0,-0.000052,0.0,0.0,0.0,0.0,
0.0,-0.141518,0.412998,0.434184,0.0,0.0,0.0,0.055461,0.365643,-0.08642,0.0,0.0,-1.861274,-0.001356,-0.000319,2.223378,-0.796381,0.0,-1.861274,0.001356,0.000319,2.223378,-0.796381,0.0,-0.323843,0.311543,0.0,-0.211979,0.0,0.0,0.0,-0.323843,-0.311543,0.0,-0.211979,0.0,0.0,0.0,0.0,0.008495,-0.000052,-0.0,-0.000039,-0.0,-0.000039,0.0,-0.000052,0.0,0.0,0.008495,-0.000052,-0.0,-0.000039,-0.0,-0.000039,0.0,-0.000052,0.0,0.0,-0.0,0.0,
0.0,-0.141463,0.413363,0.434098,0.0,0.0,0.0,0.055442,0.365643,-0.086153,0.0,0.0,-1.860349,-0.001471,-0.000342,2.222491,-0.796334,0.0,-1.860349,0.001471,0.000342,2.222491,-0.796334,0.0,-0.323518,0.311434,0.0,-0.212087,0.0,0.0,0.0,-0.323518,-0.311434,0.0,-0.212087,0.0,0.0,0.0,0.0,0.008495,-0.000052,0.0,-0.000039,-0.0,-0.000039,0.0,-0.000052,0.0,0.0,0.008495,-0.000052,0.0,-0.000039,-0.0,-0.000039,0.0,-0.000052,0.0,0.0,0.0,0.0,
0.0,-0.141407,0.413729,0.434011,0.0,0.0,0.0,0.055461,0.365643,-0.086287,0.0,0.0,-1.859424,-0.001586,-0.000366,2.221603,-0.796286,0.0,-1.859424,0.001586,0.000366,2.221603,-0.796286,0.0,-0.323193,0.311324,0.0,-0.212196,0.0,0.0,0.0,-0.323193,-0.311324,0.0,-0.212196,0.0,0.0,0.0,0.0,0.008495,-0.000052,0.0,-0.000039,0.0,-0.000039,0.0,-0.000052,0.0,0.0,0.008495,-0.000052,0.0,-0.000039,0.0,-0.000039,0.0,-0.000052,0.0,0.0,0.0,0.0,
0.0,-0.141349,0.414106,0.433919,0.0,0.0,0.0,0.057672,0.377354,-0.091879,0.0,0.0,-1.858479,-0.001695,-0.000397,2.220677,-0.796211,0.0,-1.858479,0.001695,0.000397,2.220677,-0.796211,0.0,-0.32286,0.311213,0.0,-0.212308,0.0,-0.0,0.0,-0.32286,-0.311213,0.0,-0.212308,0.0,0.0,0.0,0.0,0.008495,-0.000052,-0.0,-0.000039,0.0,-0.000039,0.0,-0.000052,0.0,0.0,0.008495,-0.000052,-0.0,-0.000039,0.0,-0.000039,0.0,-0.000052,0.0,0.0,0.0,0.0,
0.0,-0.141292,0.414484,0.433827,0.0,0.0,0.0,0.057682,0.377469,-0.091879,0.0,0.0,-1.857533,-0.001803,-0.000428,2.219751,-0.796135,0.0,-1.857533,0.001803,0.000428,2.219751,-0.796135,0.0,-0.322526,0.311102,0.0,-0.212421,0.0,0.0,0.0,-0.322526,-0.311102,0.0,-0.212421,0.0,0.0,0.0,0.0,0.008495,-0.000052,-0.0,-0.000039,-0.0,-0.000039,-0.0,-0.000052,0.0,0.0,0.008495,-0.000052,-0.0,-0.000039,-0.0,-0.000039,-0.0,-0.000052,0.0,0.0,0.0,0.0,
0.0,-0.141234,0.414861,0.433736,0.0,0.0,0.0,0.057691,0.377431,-0.091746,0.0,0.0,-1.856588,-0.001911,-0.000459,2.218825,-0.79606,0.0,-1.856588,0.001911,0.000459,2.218825,-0.79606,0.0,-0.322192,0.310991,0.0,-0.212533,0.0,0.0,0.0,-0.322192,-0.310991,0.0,-0.212533,0.0,-0.0,0.0,0.0,0.008495,-0.000052,0.0,-0.000039,0.0,-0.000039,0.0,-0.000052,-0.0,0.0,0.008495,-0.000052,0.0,-0.000039,0.0,-0.000039,0.0,-0.000052,-0.0,0.0,0.0,0.0,
0.0,-0.141176,0.415239,0.433644,0.0,0.0,0.0,0.057682,0.377431,-0.091879,0.0,0.0,-1.855643,-0.002019,-0.000491,2.217899,-0.795984,0.0,-1.855643,0.002019,0.000491,2.217899,-0.795984,0.0,-0.321858,0.31088,0.0,-0.212645,0.0,0.0,0.0,-0.321858,-0.31088,0.0,-0.212645,0.0,0.0,0.0,0.0,0.008495,-0.000052,0.0,-0.000039,-0.0,-0.000039,-0.0,-0.000052,0.0,0.0,0.008495,-0.000052,0.0,-0.000039,-0.0,-0.000039,-0.0,-0.000052,0.0,0.0,0.0,0.0,
0.0,-0.141119,0.415616,0.433552,0.0,0.0,0.0,0.057682,0.377431,-0.091879,0.0,0.0,-1.854698,-0.002127,-0.000522,2.216973,-0.795909,0.0,-1.854698,0.002127,0.000522,2.216973,-0.795909,0.0,-0.321524,0.310768,0.0,-0.212758,0.0,0.0,0.0,-0.321524,-0.310768,0.0,-0.212758,0.0,0.0,0.0,0.0,0.008495,-0.000052,-0.0,-0.000039,0.0,-0.000039,0.0,-0.000052,-0.0,0.0,0.008495,-0.000052,-0.0,-0.000039,0.0,-0.000039,0.0,-0.000052,-0.0,0.0,0.0,0.0,
0.0,-0.141061,0.415994,0.43346,0.0,0.0,0.0,0.057682,0.377431,-0.091879,0.0,0.0,-1.853752,-0.002235,-0.000553,2.216047,-0.795833,0.0,-1.853752,0.002235,0.000553,2.216047,-0.795833,0.0,-0.321191,0.310657,0.0,-0.21287,0.0,0.0,0.0,-0.321191,-0.310657,0.0,-0.21287,0.0,-0.0,0.0,0.0,0.008495,-0.000052,0.0,-0.000039,0.0,-0.000039,-0.0,-0.000052,0.0,0.0,0.008495,-0.000052,0.0,-0.000039,0.0,-0.000039,-0.0,-0.000052,0.0,0.0,0.0,0.0,
0.0,-0.141003,0.416371,0.433368,0.0,0.0,0.0,0.057691,0.377431,-0.091879,0.0,0.0,-1.852807,-0.002343,-0.000584,2.215121,-0.795758,0.0,-1.852807,0.002343,0.000584,2.215121,-0.795758,0.0,-0.320857,0.310546,0.0,-0.212982,0.0,0.0,0.0,-0.320857,-0.310546,0.0,-0.212982,0.0,0.0,0.0,0.0,0.008495,-0.000052,0.0,-0.000039,0.0,-0.000039,-0.0,-0.000052,0.0,0.0,0.008495,-0.000052,0.0,-0.000039,0.0,-0.000039,-0.0,-0.000052,0.0,0.0,0.0,0.0,
0.0,-0.140946,0.416748,0.433276,0.0,0.0,0.0,0.057682,0.377431,-0.091879,0.0,0.0,-1.851862,-0.002451,-0.000615,2.214195,-0.795682,0.0,-1.851862,0.002451,0.000615,2.214195,-0.795682,0.0,-0.320523,0.310435,0.0,-0.213095,0.0,0.0,0.0,-0.320523,-0.310435,0.0,-0.213095,0.0,0.0,0.0,0.0,0.008495,-0.000052,-0.0,-0.000039,0.0,-0.000039,0.0,-0.000052,0.0,0.0,0.008495,-0.000052,-0.0,-0.000039,0.0,-0.000039,0.0,-0.000052,0.0,0.0,0.0,0.0,
0.0,-0.140888,0.417126,0.433184,0.0,0.0,0.0,0.057691,0.377469,-0.091879,0.0,0.0,-1.850916,-0.002559,-0.000646,2.213269,-0.795607,0.0,-1.850916,0.002559,0.000646,2.213269,-0.795607,0.0,-0.320189,0.310324,0.0,-0.213207,0.0,-0.0,0.0,-0.320189,-0.310324,0.0,-0.213207,0.0,0.0,0.0,0.0,0.008495,-0.000052,0.0,-0.000039,0.0,-0.000039,-0.0,-0.000052,-0.0,0.0,0.008495,-0.000052,0.0,-0.000039,0.0,-0.000039,-0.0,-0.000052,-0.0,0.0,0.0,0.0,
0.0,-0.14083,0.417503,0.433093,0.0,0.0,0.0,0.057682,0.377431,-0.091879,0.0,0.0,-1.849971,-0.002667,-0.000677,2.212343,-0.795531,0.0,-1.849971,0.002667,0.000677,2.212343,-0.795531,0.0,-0.319855,0.310212,0.0,-0.213319,0.0,0.0,0.0,-0.319855,-0.310212,0.0,-0.213319,0.0,-0.0,0.0,0.0,0.008495,-0.000052,0.0,-0.000039,-0.0,-0.000039,0.0,-0.000052,0.0,0.0,0.008495,-0.000052,0.0,-0.000039,-0.0,-0.000039,0.0,-0.000052,0.0,0.0,0.0,0.0,
0.0,-0.140773,0.417881,0.433001,0.0,0.0,0.0,0.057682,0.377431,-0.091879,0.0,0.0,-1.849026,-0.002775,-0.000709,2.211417,-0.795456,0.0,-1.849026,0.002775,0.000709,2.211417,-0.795456,0.0,-0.319522,0.310101,0.0,-0.213432,0.0,0.0,0.0,-0.319522,-0.310101,0.0,-0.213432,0.0,0.0,0.0,0.0,0.008495,-0.000052,-0.0,-0.000039,-0.0,-0.000039,-0.0,-0.000052,-0.0,0.0,0.008495,-0.000052,-0.0,-0.000039,-0.0,-0.000039,-0.0,-0.000052,-0.0,0.0,0.0,0.0,
0.0,-0.140715,0.418258,0.432909,0.0,0.0,0.0,0.057691,0.377431,-0.091879,0.0,0.0,-1.84808,-0.002883,-0.00074,2.210491,-0.79538,0.0,-1.84808,0.002883,0.00074,2.210491,-0.79538,0.0,-0.319188,0.30999,0.0,-0.213544,0.0,-0.0,0.0,-0.319188,-0.30999,0.0,-0.213544,0.0,0.0,0.0,0.0,0.008495,-0.000052,-0.0,-0.000039,0.0,-0.000039,0.0,-0.000052,0.0,0.0,0.008495,-0.000052,-0.0,-0.000039,0.0,-0.000039,0.0,-0.000052,0.0,0.0,0.0,0.0,
0.0,-0.140657,0.418636,0.432817,0.0,0.0,0.0,0.057682,0.377469,-0.091746,0.0,0.0,-1.847135,-0.002991,-0.000771,2.209565,-0.795305,0.0,-1.847135,0.002991,0.000771,2.209565,-0.795305,0.0,-0.318854,0.309879,0.0,-0.213656,0.0,0.0,0.0,-0.318854,-0.309879,0.0,-0.213656,0.0,-0.0,0.0,0.0,0.008495,-0.000052,0.0,-0.000039,0.0,-0.000039,0.0,-0.000052,0.0,0.0,0.008495,-0.000052,0.0,-0.000039,0.0,-0.000039,0.0,-0.000052,0.0,0.0,0.0,0.0,
0.0,-0.140599,0.419013,0.432725,0.0,0.0,0.0,0.057682,0.377392,-0.091879,0.0,0.0,-1.84619,-0.003099,-0.000802,2.208639,-0.79523,0.0,-1.84619,0.003099,0.000802,2.208639,-0.79523,0.0,-0.31852,0.309768,0.0,-0.213769,0.0,0.0,0.0,-0.31852,-0.309768,0.0,-0.213769,0.0,0.0,0.0,0.0,0.008495,-0.000052,0.0,-0.000039,0.0,-0.000039,0.0,-0.000052,-0.0,0.0,0.008495,-0.000052,0.0,-0.000039,0.0,-0.000039,0.0,-0.000052,-0.0,0.0,0.0,0.0,
0.0,-0.140542,0.419391,0.432633,0.0,0.0,0.0,0.057691,0.377431,-0.091879,0.0,0.0,-1.845244,-0.003207,-0.000833,2.207713,-0.795154,0.0,-1.845244,0.003207,0.000833,2.207713,-0.795154,0.0,-0.318186,0.309656,0.0,-0.213881,0.0,0.0,0.0,-0.318186,-0.309656,0.0,-0.213881,0.0,-0.0,0.0,0.0,0.008495,-0.000052,0.0,-0.000039,-0.0,-0.000039,0.0,-0.000052,0.0,0.0,0.008495,-0.000052,0.0,-0.000039,-0.0,-0.000039,0.0,-0.000052,0.0,0.0,0.0,0.0,
0.0,-0.140484,0.419768,0.432541,0.0,0.0,0.0,0.057682,0.377469,-0.091879,0.0,0.0,-1.844299,-0.003315,-0.000864,2.206787,-0.795079,0.0,-1.844299,0.003315,0.000864,2.206787,-0.795079,0.0,-0.317853,0.309545,0.0,-0.213993,0.0,-0.0,0.0,-0.317853,-0.309545,0.0,-0.213993,0.0,0.0,0.0,0.0,0.008495,-0.000052,-0.0,-0.000039,0.0,-0.000039,0.0,-0.000052,0.0,0.0,0.008495,-0.000052,-0.0,-0.000039,0.0,-0.000039,0.0,-0.000052,0.0,0.0,0.0,0.0,
0.0,-0.140426,0.420145,0.43245,0.0,0.0,0.0,0.057682,0.377431,-0.091879,0.0,0.0,-1.843354,-0.003423,-0.000895,2.205861,-0.795003,0.0,-1.843354,0.003423,0.000895,2.205861,-0.795003,0.0,-0.317519,0.309434,0.0,-0.214106,0.0,0.0,0.0,-0.317519,-0.309434,0.0,-0.214106,0.0,0.0,0.0,0.0,0.008495,-0.000052,0.0,-0.000039,0.0,-0.000039,0.0,-0.000052,0.0,0.0,0.008495,-0.000052,0.0,-0.000039,0.0,-0.000039,0.0,-0.000052,0.0,0.0,0.0,0.0,
0.0,-0.140369,0.420523,0.432358,0.0,0.0,0.0,0.057691,0.377431,-0.091879,0.0,0.0,-1.842408,-0.003531,-0.000926,2.204935,-0.794928,0.0,-1.842408,0.003531,0.000926,2.204935,-0.794928,0.0,-0.317185,0.309323,0.0,-0.214218,0.0,0.0,0.0,-0.317185,-0.309323,0.0,-0.214218,0.0,-0.0,0.0,0.0,0.008495,-0.000052,-0.0,-0.000039,0.0,-0.000039,-0.0,-0.000052,0.0,0.0,0.008495,-0.000052,-0.0,-0.000039,0.0,-0.000039,-0.0,-0.000052,0.0,0.0,0.0,0.0,
0.0,-0.140311,0.4209,0.432266,0.0,0.0,0.0,0.057682,0.377431,-0.091879,0.0,0.0,-1.841463,-0.003639,-0.000958,2.204009,-0.794852,0.0,-1.841463,0.003639,0.000958,2.204009,-0.794852,0.0,-0.316851,0.309212,0.0,-0.21433,0.0,0.0,0.0,-0.316851,-0.309212,0.0,-0.21433,0.0,0.0,0.0,0.0,0.008495,-0.000052,0.0,-0.000039,0.0,-0.000039,0.0,-0.000052,0.0,0.0,0.008495,-0.000052,0.0,-0.000039,0.0,-0.000039,0.0,-0.000052,0.0,0.0,0.0,0.0,
0.0,-0.140253,0.421278,0.432174,0.0,0.0,0.0,0.057691,0.377431,-0.091879,0.0,0.0,-1.840518,-0.003747,-0.000989,2.203083,-0.794777,0.0,-1.840518,0.003747,0.000989,2.203083,-0.794777,0.0,-0.316517,0.3091,0.0,-0.214443,0.0,-0.0,0.0,-0.316517,-0.3091,0.0,-0.214443,0.0,0.0,0.0,0.0,0.008495,-0.000052,-0.0,-0.000039,-0.0,-0.000039,0.0,-0.000052,0.0,0.0,0.008495,-0.000052,-0.0,-0.000039,-0.0,-0.000039,0.0,-0.000052,0.0,0.0,0.0,0.0,
0.0,-0.140196,0.421655,0.432082,0.0,0.0,0.0,0.057682,0.377431,-0.091879,0.0,0.0,-1.839572,-0.003855,-0.00102,2.202157,-0.794701,0.0,-1.839572,0.003855,0.00102,2.202157,-0.794701,0.0,-0.316184,0.308989,0.0,-0.214555,0.0,-0.0,0.0,-0.316184,-0.308989,0.0,-0.214555,0.0,0.0,0.0,0.0,0.008495,-0.000052,0.0,-0.000039,-0.0,-0.000039,0.0,-0.000052,0.0,0.0,0.008495,-0.000052,0.0,-0.000039,-0.0,-0.000039,0.0,-0.000052,0.0,0.0,0.0,0.0,
0.0,-0.140138,0.422033,0.43199,0.0,0.0,0.0,0.057682,0.377431,-0.091746,0.0,0.0,-1.838627,-0.003963,-0.001051,2.201231,-0.794626,0.0,-1.838627,0.003963,0.001051,2.201231,-0.794626,0.0,-0.31585,0.308878,0.0,-0.214667,0.0,0.0,0.0,-0.31585,-0.308878,0.0,-0.214667,0.0,0.0,0.0,0.0,0.008495,-0.000052,0.0,-0.000039,-0.0,-0.000039,-0.0,-0.000052,0.0,0.0,0.008495,-0.000052,0.0,-0.000039,-0.0,-0.000039,-0.0,-0.000052,0.0,0.0,0.0,0.0,
0.0,-0.14008,0.42241,0.431898,0.0,0.0,0.0,0.057682,0.377469,-0.091879,0.0,0.0,-1.837682,-0.004071,-0.001082,2.200305,-0.79455,0.0,-1.837682,0.004071,0.001082,2.200305,-0.79455,0.0,-0.315516,0.308767,0.0,-0.21478,0.0,-0.0,0.0,-0.315516,-0.308767,0.0,-0.21478,0.0,0.0,0.0,0.0,0.008495,-0.000052,-0.0,-0.000039,-0.0,-0.000039,0.0,-0.000052,0.0,0.0,0.008495,-0.000052,-0.0,-0.000039,-0.0,-0.000039,0.0,-0.000052,0.0,0.0,0.0,0.0,
0.0,-0.140023,0.422787,0.431807,0.0,0.0,0.0,0.057691,0.377431,-0.091879,0.0,0.0,-1.836737,-0.004179,-0.001113,2.199378,-0.794475,0.0,-1.836737,0.004179,0.001113,2.199378,-0.794475,0.0,-0.315182,0.308656,0.0,-0.214892,0.0,0.0,0.0,-0.315182,-0.308656,0.0,-0.214892,0.0,-0.0,0.0,0.0,0.008495,-0.000052,-0.0,-0.000039,0.0,-0.000039,-0.0,-0.000052,0.0,0.0,0.008495,-0.000052,-0.0,-0.000039,0.0,-0.000039,-0.0,-0.000052,0.0,0.0,0.0,0.0,
0.0,-0.139965,0.423165,0.431715,0.0,0.0,0.0,0.057682,0.377431,-0.091879,0.0,0.0,-1.835791,-0.004287,-0.001144,2.198452,-0.794399,0.0,-1.835791,0.004287,0.001144,2.198452,-0.794399,0.0,-0.314848,0.308544,0.0,-0.215004,0.0,0.0,0.0,-0.314848,-0.308544,0.0,-0.215004,0.0,-0.0,0.0,0.0,0.008495,-0.000052,0.0,-0.000039,0.0,-0.000039,0.0,-0.000052,0.0,0.0,0.008495,-0.000052,0.0,-0.000039,0.0,-0.000039,0.0,-0.000052,0.0,0.0,0.0,0.0,
0.0,-0.139907,0.423542,0.431623,0.0,0.0,0.0,0.057682,0.377431,-0.091879,0.0,0.0,-1.834846,-0.004395,-0.001175,2.197527,-0.794324,0.0,-1.834846,0.004395,0.001175,2.197527,-0.794324,0.0,-0.314515,0.308433,0.0,-0.215117,0.0,0.0,0.0,-0.314515,-0.308433,0.0,-0.215117,0.0,0.0,0.0,0.0,0.008495,-0.000052,0.0,-0.000039,-0.0,-0.000039,0.0,-0.000052,0.0,0.0,0.008495,-0.000052,0.0,-0.000039,-0.0,-0.000039,0.0,-0.000052,0.0,0.0,0.0,0.0,
0.0,-0.13985,0.42392,0.431531,0.0,0.0,0.0,0.057691,0.377431,-0.091879,0.0,0.0,-1.833901,-0.004503,-0.001207,2.196601,-0.794248,0.0,-1.833901,0.004503,0.001207,2.196601,-0.794248,0.0,-0.314181,0.308322,0.0,-0.215229,0.0,0.0,0.0,-0.314181,-0.308322,0.0,-0.215229,0.0,0.0,0.0,0.0,0.008495,-0.000052,0.0,-0.000039,-0.0,-0.000039,-0.0,-0.000052,0.0,0.0,0.008495,-0.000052,0.0,-0.000039,-0.0,-0.000039,-0.0,-0.000052,0.0,0.0,0.0,0.0,
0.0,-0.139792,0.424297,0.431439,0.0,0.0,0.0,0.057682,0.377431,-0.091879,0.0,0.0,-1.832955,-0.004611,-0.001238,2.195674,-0.794173,0.0,-1.832955,0.004611,0.001238,2.195674,-0.794173,0.0,-0.313847,0.308211,0.0,-0.215341,0.0,-0.0,0.0,-0.313847,-0.308211,0.0,-0.215341,0.0,0.0,0.0,0.0,0.008495,-0.000052,-0.0,-0.000039,-0.0,-0.000039,0.0,-0.000052,-0.0,0.0,0.008495,-0.000052,-0.0,-0.000039,-0.0,-0.000039,0.0,-0.000052,-0.0,0.0,0.0,0.0,
0.0,-0.139734,0.424675,0.431347,0.0,0.0,0.0,0.057682,0.377431,-0.091746,0.0,0.0,-1.83201,-0.004719,-0.001269,2.194748,-0.794098,0.0,-1.83201,0.004719,0.001269,2.194748,-0.794098,0.0,-0.313513,0.3081,0.0,-0.215454,0.0,0.0,0.0,-0.313513,-0.3081,0.0,-0.215454,0.0,0.0,0.0,0.0,0.008495,-0.000052,-0.0,-0.000039,0.0,-0.000039,0.0,-0.000052,0.0,0.0,0.008495,-0.000052,-0.0,-0.000039,0.0,-0.000039,0.0,-0.000052,0.0,0.0,0.0,0.0,
0.0,-0.139677,0.425052,0.431255,0.0,0.0,0.0,0.057691,0.377469,-0.091879,0.0,0.0,-1.831065,-0.004828,-0.0013,2.193822,-0.794022,0.0,-1.831065,0.004828,0.0013,2.193822,-0.794022,0.0,-0.313179,0.307988,0.0,-0.215566,0.0,0.0,0.0,-0.313179,-0.307988,0.0,-0.215566,0.0,0.0,0.0,0.0,0.008495,-0.000052,-0.0,-0.000039,0.0,-0.000039,0.0,-0.000052,-0.0,0.0,0.008495,-0.000052,-0.0,-0.000039,0.0,-0.000039,0.0,-0.000052,-0.0,0.0,0.0,0.0,
0.0,-0.139619,0.42543,0.431164,0.0,0.0,0.0,0.057682,0.377431,-0.091879,0.0,0.0,-1.83012,-0.004936,-0.001331,2.192896,-0.793947,0.0,-1.83012,0.004936,0.001331,2.192896,-0.793947,0.0,-0.312846,0.307877,0.0,-0.215678,0.0,0.0,0.0,-0.312846,-0.307877,0.0,-0.215678,0.0,-0.0,0.0,0.0,0.008495,-0.000052,0.0,-0.000039,-0.0,-0.000039,0.0,-0.000052,0.0,0.0,0.008495,-0.000052,0.0,-0.000039,-0.0,-0.000039,0.0,-0.000052,0.0,0.0,0.0,0.0,
0.0,-0.139561,0.425807,0.431072,0.0,0.0,0.0,0.057691,0.377431,-0.091879,0.0,0.0,-1.829174,-0.005044,-0.001362,2.19197,-0.793871,0.0,-1.829174,0.005044,0.001362,2.19197,-0.793871,0.0,-0.312512,0.307766,0.0,-0.215791,0.0,0.0,0.0,-0.312512,-0.307766,0.0,-0.215791,0.0,-0.0,0.0,0.0,0.008495,-0.000052,0.0,-0.000039,0.0,-0.000039,-0.0,-0.000052,0.0,0.0,0.008495,-0.000052,0.0,-0.000039,0.0,-0.000039,-0.0,-0.000052,0.0,0.0,0.0,0.0,
0.0,-0.139503,0.426184,0.43098,0.0,0.0,0.0,0.057682,0.377431,-0.091879,0.0,0.0,-1.828229,-0.005152,-0.001393,2.191045,-0.793796,0.0,-1.828229,0.005152,0.001393,2.191045,-0.793796,0.0,-0.312178,0.307655,0.0,-0.215903,0.0,0.0,0.0,-0.312178,-0.307655,0.0,-0.215903,0.0,0.0,0.0,0.0,0.008495,-0.000052,0.0,-0.000039,0.0,-0.000039,-0.0,-0.000052,-0.0,0.0,0.008495,-0.000052,0.0,-0.000039,0.0,-0.000039,-0.0,-0.000052,-0.0,0.0,0.0,0.0,
0.0,-0.139444,0.426569,0.430883,0.0,0.0,0.0,0.059093,0.384602,-0.096806,0.0,0.0,-1.827273,-0.005251,-0.001426,2.19009,-0.793701,0.0,-1.827273,0.005251,0.001426,2.19009,-0.793701,0.0,-0.311837,0.307541,0.0,-0.216017,0.0,-0.0,0.0,-0.311837,-0.307541,0.0,-0.216017,0.0,0.0,0.0,0.0,0.008495,-0.000052,0.0,-0.000039,-0.0,-0.000039,-0.0,-0.000052,0.0,0.0,0.008495,-0.000052,0.0,-0.000039,-0.0,-0.000039,-0.0,-0.000052,0.0,0.0,0.0,0.0,
0.0,-0.139385,0.426957,0.430784,0.0,0.0,0.0,0.059817,0.388265,-0.099336,0.0,0.0,-1.826311,-0.005346,-0.001459,2.189121,-0.793595,0.0,-1.826311,0.005346,0.001459,2.189121,-0.793595,0.0,-0.311492,0.307426,0.0,-0.216131,0.0,0.0,0.0,-0.311492,-0.307426,0.0,-0.216131,0.0,0.0,0.0,0.0,0.008495,-0.000052,0.0,-0.000039,-0.0,-0.000039,0.0,-0.000052,-0.0,0.0,0.008495,-0.000052,0.0,-0.000039,-0.0,-0.000039,0.0,-0.000052,-0.0,0.0,0.0,0.0,
0.0,-0.139325,0.427345,0.430684,0.0,0.0,0.0,0.059827,0.388265,-0.099336,0.0,0.0,-1.82535,-0.005442,-0.001492,2.188152,-0.79349,0.0,-1.82535,0.005442,0.001492,2.188152,-0.79349,0.0,-0.311148,0.307312,0.0,-0.216245,0.0,0.0,0.0,-0.311148,-0.307312,0.0,-0.216245,0.0,0.0,0.0,0.0,0.008495,-0.000052,0.0,-0.000039,-0.0,-0.000039,0.0,-0.000052,-0.0,0.0,0.008495,-0.000052,0.0,-0.000039,-0.0,-0.000039,0.0,-0.000052,-0.0,0.0,0.0,0.0,
0.0,-0.139265,0.427734,0.430585,0.0,0.0,0.0,0.059817,0.388226,-0.099336,0.0,0.0,-1.824388,-0.005537,-0.001525,2.187183,-0.793385,0.0,-1.824388,0.005537,0.001525,2.187183,-0.793385,0.0,-0.310803,0.307197,0.0,-0.216359,0.0,0.0,0.0,-0.310803,-0.307197,0.0,-0.216359,0.0,0.0,0.0,0.0,0.008495,-0.000052,-0.0,-0.000039,0.0,-0.000039,-0.0,-0.000052,0.0,0.0,0.008495,-0.000052,-0.0,-0.000039,0.0,-0.000039,-0.0,-0.000052,0.0,0.0,0.0,0.0,
0.0,-0.139205,0.428122,0.430486,0.0,0.0,0.0,0.059808,0.388226,-0.099336,0.0,0.0,-1.823426,-0.005632,-0.001558,2.186214,-0.79328,0.0,-1.823426,0.005632,0.001558,2.186214,-0.79328,0.0,-0.310459,0.307082,0.0,-0.216473,0.0,0.0,0.0,-0.310459,-0.307082,0.0,-0.216473,0.0,-0.0,0.0,0.0,0.008495,-0.000052,0.0,-0.000039,0.0,-0.000039,0.0,-0.000052,0.0,0.0,0.008495,-0.000052,0.0,-0.000039,0.0,-0.000039,0.0,-0.000052,0.0,0.0,0.0,0.0,
0.0,-0.139145,0.42851,0.430386,0.0,0.0,0.0,0.059827,0.388303,-0.099336,0.0,0.0,-1.822465,-0.005727,-0.00159,2.185245,-0.793175,0.0,-1.822465,0.005727,0.00159,2.185245,-0.793175,0.0,-0.310114,0.306967,0.0,-0.216588,0.0,0.0,0.0,-0.310114,-0.306967,0.0,-0.216588,0.0,-0.0,0.0,0.0,0.008495,-0.000052,0.0,-0.000039,-0.0,-0.000039,0.0,-0.000052,-0.0,0.0,0.008495,-0.000052,0.0,-0.000039,-0.0,-0.000039,0.0,-0.000052,-0.0,0.0,0.0,0.0,
0.0,-0.139085,0.428898,0.430287,0.0,0.0,0.0,0.059817,0.388226,-0.099336,0.0,0.0,-1.821503,-0.005822,-0.001623,2.184276,-0.793069,0.0,-1.821503,0.005822,0.001623,2.184276,-0.793069,0.0,-0.309769,0.306852,0.0,-0.216702,0.0,0.0,0.0,-0.309769,-0.306852,0.0,-0.216702,0.0,0.0,0.0,0.0,0.008495,-0.000052,0.0,-0.000039,0.0,-0.000039,0.0,-0.000052,0.0,0.0,0.008495,-0.000052,0.0,-0.000039,0.0,-0.000039,0.0,-0.000052,0.0,0.0,0.0,0.0,
0.0,-0.139026,0.429287,0.430188,0.0,0.0,0.0,0.059817,0.388265,-0.099336,0.0,0.0,-1.820542,-0.005918,-0.001656,2.183307,-0.792964,0.0,-1.820542,0.005918,0.001656,2.183307,-0.792964,0.0,-0.309425,0.306737,0.0,-0.216816,0.0,0.0,0.0,-0.309425,-0.306737,0.0,-0.216816,0.0,0.0,0.0,0.0,0.008495,-0.000052,-0.0,-0.000039,0.0,-0.000039,0.0,-0.000052,0.0,0.0,0.008495,-0.000052,-0.0,-0.000039,0.0,-0.000039,0.0,-0.000052,0.0,0.0,0.0,0.0,
0.0,-0.138966,0.429675,0.430088,0.0,0.0,0.0,0.059817,0.388226,-0.099203,0.0,0.0,-1.81958,-0.006013,-0.001689,2.182339,-0.792859,0.0,-1.81958,0.006013,0.001689,2.182339,-0.792859,0.0,-0.30908,0.306622,0.0,-0.21693,0.0,-0.0,0.0,-0.30908,-0.306622,0.0,-0.21693,0.0,0.0,0.0,0.0,0.008495,-0.000052,-0.0,-0.000039,0.0,-0.000039,0.0,-0.000052,0.0,0.0,0.008495,-0.000052,-0.0,-0.000039,0.0,-0.000039,0.0,-0.000052,0.0,0.0,0.0,0.0,
0.0,-0.138906,0.430063,0.429989,0.0,0.0,0.0,0.059817,0.388265,-0.099336,0.0,0.0,-1.818618,-0.006108,-0.001722,2.18137,-0.792754,0.0,-1.818618,0.006108,0.001722,2.18137,-0.792754,0.0,-0.308735,0.306507,0.0,-0.217044,0.0,0.0,0.0,-0.308735,-0.306507,0.0,-0.217044,0.0,-0.0,0.0,0.0,0.008495,-0.000052,-0.0,-0.000039,0.0,-0.000039,0.0,-0.000052,0.0,0.0,0.008495,-0.000052,-0.0,-0.000039,0.0,-0.000039,0.0,-0.000052,0.0,0.0,0.0,0.0,
0.0,-0.138846,0.430452,0.42989,0.0,0.0,0.0,0.059817,0.388265,-0.099336,0.0,0.0,-1.817657,-0.006203,-0.001755,2.180401,-0.792649,0.0,-1.817657,0.006203,0.001755,2.180401,-0.792649,0.0,-0.308391,0.306393,0.0,-0.217159,0.0,0.0,0.0,-0.308391,-0.306393,0.0,-0.217159,0.0,-0.0,0.0,0.0,0.008495,-0.000052,-0.0,-0.000039,0.0,-0.000039,0.0,-0.000052,-0.0,0.0,0.008495,-0.000052,-0.0,-0.000039,0.0,-0.000039,0.0,-0.000052,-0.0,0.0,-0.0,0.0,
0.0,-0.138786,0.43084,0.42979,0.0,0.0,0.0,0.059817,0.388265,-0.099336,0.0,0.0,-1.816695,-0.006299,-0.001788,2.179432,-0.792543,0.0,-1.816695,0.006299,0.001788,2.179432,-0.792543,0.0,-0.308046,0.306278,0.0,-0.217273,0.0,0.0,0.0,-0.308046,-0.306278,0.0,-0.217273,0.0,-0.0,0.0,0.0,0.008495,-0.000052,0.0,-0.000039,0.0,-0.000039,-0.0,-0.000052,-0.0,0.0,0.008495,-0.000052,0.0,-0.000039,0.0,-0.000039,-0.0,-0.000052,-0.0,0.0,0.0,0.0,
0.0,-0.138727,0.431228,0.429691,0.0,0.0,0.0,0.059817,0.388226,-0.099336,0.0,0.0,-1.815733,-0.006394,-0.001821,2.178463,-0.792438,0.0,-1.815733,0.006394,0.001821,2.178463,-0.792438,0.0,-0.307702,0.306163,0.0,-0.217387,0.0,-0.0,0.0,-0.307702,-0.306163,0.0,-0.217387,0.0,0.0,0.0,0.0,0.008495,-0.000052,-0.0,-0.000039,0.0,-0.000039,0.0,-0.000052,0.0,0.0,0.008495,-0.000052,-0.0,-0.000039,0.0,-0.000039,0.0,-0.000052,0.0,0.0,0.0,0.0,
0.0,-0.138667,0.431616,0.429592,0.0,0.0,0.0,0.059817,0.388265,-0.099336,0.0,0.0,-1.814772,-0.006489,-0.001854,2.177494,-0.792333,0.0,-1.814772,0.006489,0.001854,2.177494,-0.792333,0.0,-0.307357,0.306048,0.0,-0.217501,0.0,0.0,0.0,-0.307357,-0.306048,0.0,-0.217501,0.0,0.0,0.0,0.0,0.008495,-0.000052,0.0,-0.000039,-0.0,-0.000039,0.0,-0.000052,0.0,0.0,0.008495,-0.000052,0.0,-0.000039,-0.0,-0.000039,0.0,-0.000052,0.0,0.0,0.0,0.0,
0.0,-0.138607,0.432005,0.429492,0.0,0.0,0.0,0.059817,0.388265,-0.099336,0.0,0.0,-1.81381,-0.006584,-0.001887,2.176525,-0.792228,0.0,-1.81381,0.006584,0.001887,2.176525,-0.792228,0.0,-0.307012,0.305933,0.0,-0.217615,0.0,0.0,0.0,-0.307012,-0.305933,0.0,-0.217615,0.0,-0.0,0.0,0.0,0.008495,-0.000052,0.0,-0.000039,-0.0,-0.000039,-0.0,-0.000052,0.0,0.0,0.008495,-0.000052,0.0,-0.000039,-0.0,-0.000039,-0.0,-0.000052,0.0,0.0,0.0,0.0,
0.0,-0.138547,0.432393,0.429393,0.0,0.0,0.0,0.059817,0.388226,-0.099336,0.0,0.0,-1.812848,-0.006679,-0.00192,2.175556,-0.792123,0.0,-1.812848,0.006679,0.00192,2.175556,-0.792123,0.0,-0.306668,0.305818,0.0,-0.21773,0.0,0.0,0.0,-0.306668,-0.305818,0.0,-0.21773,0.0,-0.0,0.0,0.0,0.008495,-0.000052,0.0,-0.000039,-0.0,-0.000039,0.0,-0.000052,0.0,0.0,0.008495,-0.000052,0.0,-0.000039,-0.0,-0.000039,0.0,-0.000052,0.0,0.0,0.0,0.0,
0.0,-0.138487,0.432781,0.429294,0.0,0.0,0.0,0.059827,0.388265,-0.099336,0.0,0.0,-1.811887,-0.006775,-0.001953,2.174587,-0.792018,0.0,-1.811887,0.006775,0.001953,2.174587,-0.792018,0.0,-0.306323,0.305703,0.0,-0.217844,0.0,0.0,0.0,-0.306323,-0.305703,0.0,-0.217844,0.0,0.0,0.0,0.0,0.008495,-0.000052,0.0,-0.000039,0.0,-0.000039,-0.0,-0.000052,0.0,0.0,0.008495,-0.000052,0.0,-0.000039,0.0,-0.000039,-0.0,-0.000052,0.0,0.0,0.0,0.0,
0.0,-0.138427,0.433169,0.429194,0.0,0.0,0.0,0.059817,0.388265,-0.099336,0.0,0.0,-1.810925,-0.00687,-0.001986,2.173618,-0.791912,0.0,-1.810925,0.00687,0.001986,2.173618,-0.791912,0.0,-0.305979,0.305589,0.0,-0.217958,0.0,0.0,0.0,-0.305979,-0.305589,0.0,-0.217958,0.0,0.0,0.0,0.0,0.008495,-0.000052,0.0,-0.000039,0.0,-0.000039,0.0,-0.000052,0.0,0.0,0.008495,-0.000052,0.0,-0.000039,0.0,-0.000039,0.0,-0.000052,0.0,0.0,0.0,0.0,
0.0,-0.138368,0.433558,0.429095,0.0,0.0,0.0,0.059817,0.388265,-0.099336,0.0,0.0,-1.809963,-0.006965,-0.002019,2.172649,-0.791807,0.0,-1.809963,0.006965,0.002019,2.172649,-0.791807,0.0,-0.305634,0.305474,0.0,-0.218072,0.0,0.0,0.0,-0.305634,-0.305474,0.0,-0.218072,0.0,0.0,0.0,0.0,0.008495,-0.000052,0.0,-0.000039,-0.0,-0.000039,0.0,-0.000052,0.0,0.0,0.008495,-0.000052,0.0,-0.000039,-0.0,-0.000039,0.0,-0.000052,0.0,0.0,0.0,0.0,
0.0,-0.138308,0.433946,0.428996,0.0,0.0,0.0,0.059817,0.388226,-0.099336,0.0,0.0,-1.809002,-0.00706,-0.002052,2.17168,-0.791702,0.0,-1.809002,0.00706,0.002052,2.17168,-0.791702,0.0,-0.305289,0.305359,0.0,-0.218187,0.0,0.0,0.0,-0.305289,-0.305359,0.0,-0.218187,0.0,0.0,0.0,0.0,0.008495,-0.000052,-0.0,-0.000039,-0.0,-0.000039,-0.0,-0.000052,0.0,0.0,0.008495,-0.000052,-0.0,-0.000039,-0.0,-0.000039,-0.0,-0.000052,0.0,0.0,0.0,0.0,
0.0,-0.138248,0.434334,0.428896,0.0,0.0,0.0,0.059817,0.388265,-0.099336,0.0,0.0,-1.80804,-0.007156,-0.002085,2.170711,-0.791597,0.0,-1.80804,0.007156,0.002085,2.170711,-0.791597,0.0,-0.304945,0.305244,0.0,-0.218301,0.0,-0.0,0.0,-0.304945,-0.305244,0.0,-0.218301,0.0,0.0,0.0,0.0,0.008495,-0.000052,0.0,-0.000039,-0.0,-0.000039,-0.0,-0.000052,0.0,0.0,0.008495,-0.000052,0.0,-0.000039,-0.0,-0.000039,-0.0,-0.000052,0.0,0.0,0.0,0.0,
0.0,-0.138188,0.434722,0.428797,0.0,0.0,0.0,0.059817,0.388265,-0.099336,0.0,0.0,-1.807078,-0.007251,-0.002118,2.169742,-0.791492,0.0,-1.807078,0.007251,0.002118,2.169742,-0.791492,0.0,-0.3046,0.305129,0.0,-0.218415,0.0,0.0,0.0,-0.3046,-0.305129,0.0,-0.218415,0.0,0.0,0.0,0.0,0.008495,-0.000052,-0.0,-0.000039,0.0,-0.000039,0.0,-0.000052,0.0,0.0,0.008495,-0.000052,-0.0,-0.000039,0.0,-0.000039,0.0,-0.000052,0.0,0.0,0.0,0.0,
0.0,-0.138128,0.435111,0.428698,0.0,0.0,0.0,0.059817,0.388226,-0.099336,0.0,0.0,-1.806117,-0.007346,-0.002151,2.168773,-0.791386,0.0,-1.806117,0.007346,0.002151,2.168773,-0.791386,0.0,-0.304255,0.305014,0.0,-0.218529,0.0,0.0,0.0,-0.304255,-0.305014,0.0,-0.218529,0.0,-0.0,0.0,0.0,0.008495,-0.000052,-0.0,-0.000039,-0.0,-0.000039,0.0,-0.000052,0.0,0.0,0.008495,-0.000052,-0.0,-0.000039,-0.0,-0.000039,0.0,-0.000052,0.0,0.0,0.0,0.0,
0.0,-0.138069,0.435499,0.428598,0.0,0.0,0.0,0.059817,0.388265,-0.099203,0.0,0.0,-1.805155,-0.007441,-0.002184,2.167804,-0.791281,0.0,-1.805155,0.007441,0.002184,2.167804,-0.791281,0.0,-0.303911,0.304899,0.0,-0.218643,0.0,0.0,0.0,-0.303911,-0.304899,0.0,-0.218643,0.0,-0.0,0.0,0.0,0.008495,-0.000052,-0.0,-0.000039,-0.0,-0.000039,0.0,-0.000052,0.0,0.0,0.008495,-0.000052,-0.0,-0.000039,-0.0,-0.000039,0.0,-0.000052,0.0,0.0,0.0,0.0,
0.0,-0.138009,0.435887,0.428499,0.0,0.0,0.0,0.059817,0.388265,-0.099469,0.0,0.0,-1.804193,-0.007536,-0.002217,2.166835,-0.791176,0.0,-1.804193,0.007536,0.002217,2.166835,-0.791176,0.0,-0.303566,0.304784,0.0,-0.218758,0.0,-0.0,0.0,-0.303566,-0.304784,0.0,-0.218758,0.0,0.0,0.0,0.0,0.008495,-0.000052,0.0,-0.000039,0.0,-0.000039,-0.0,-0.000052,0.0,0.0,0.008495,-0.000052,0.0,-0.000039,0.0,-0.000039,-0.0,-0.000052,0.0,0.0,0.0,0.0,
0.0,-0.137949,0.436275,0.4284,0.0,0.0,0.0,0.059817,0.388265,-0.099203,0.0,0.0,-1.803232,-0.007632,-0.00225,2.165866,-0.791071,0.0,-1.803232,0.007632,0.00225,2.165866,-0.791071,0.0,-0.303222,0.30467,0.0,-0.218872,0.0,0.0,0.0,-0.303222,-0.30467,0.0,-0.218872,0.0,0.0,0.0,0.0,0.008495,-0.000052,0.0,-0.000039,0.0,-0.000039,-0.0,-0.000052,0.0,0.0,0.008495,-0.000052,0.0,-0.000039,0.0,-0.000039,-0.0,-0.000052,0.0,0.0,0.0,0.0,
0.0,-0.137889,0.436664,0.4283,0.0,0.0,0.0,0.059817,0.388226,-0.099336,0.0,0.0,-1.80227,-0.007727,-0.002283,2.164897,-0.790966,0.0,-1.80227,0.007727,0.002283,2.164897,-0.790966,0.0,-0.302877,0.304555,0.0,-0.218986,0.0,0.0,0.0,-0.302877,-0.304555,0.0,-0.218986,0.0,-0.0,0.0,0.0,0.008495,-0.000052,0.0,-0.000039,0.0,-0.000039,-0.0,-0.000052,-0.0,0.0,0.008495,-0.000052,0.0,-0.000039,0.0,-0.000039,-0.0,-0.000052,-0.0,0.0,0.0,0.0,
0.0,-0.137829,0.437052,0.428201,0.0,0.0,0.0,0.059817,0.388226,-0.099336,0.0,0.0,-1.801308,-0.007822,-0.002316,2.163928,-0.79086,0.0,-1.801308,0.007822,0.002316,2.163928,-0.79086,0.0,-0.302532,0.30444,0.0,-0.2191,0.0,-0.0,0.0,-0.302532,-0.30444,-0.0,-0.2191,0.0,0.0,0.0,0.0,0.008495,-0.000052,-0.0,-0.000039,-0.0,-0.000039,0.0,-0.000052,0.0,0.0,0.008495,-0.000052,-0.0,-0.000039,-0.0,-0.000039,0.0,-0.000052,0.0,0.0,0.0,0.0,
0.0,-0.137769,0.43744,0.428102,0.0,0.0,0.0,0.059827,0.388303,-0.099336,0.0,0.0,-1.800347,-0.007917,-0.002349,2.162959,-0.790755,0.0,-1.800347,0.007917,0.002349,2.162959,-0.790755,0.0,-0.302188,0.304325,0.0,-0.219214,0.0,-0.0,0.0,-0.302188,-0.304325,0.0,-0.219214,0.0,0.0,0.0,0.0,0.008495,-0.000052,0.0,-0.000039,-0.0,-0.000039,-0.0,-0.000052,0.0,0.0,0.008495,-0.000052,0.0,-0.000039,-0.0,-0.000039,-0.0,-0.000052,0.0,0.0,0.0,0.0,
0.0,-0.13771,0.437828,0.428002,0.0,0.0,0.0,0.059808,0.388226,-0.099336,0.0,0.0,-1.799385,-0.008012,-0.002381,2.16199,-0.79065,0.0,-1.799385,0.008012,0.002381,2.16199,-0.79065,0.0,-0.301843,0.30421,0.0,-0.219329,0.0,0.0,0.0,-0.301843,-0.30421,0.0,-0.219329,0.0,0.0,0.0,0.0,0.008495,-0.000052,-0.0,-0.000039,0.0,-0.000039,0.0,-0.000052,0.0,0.0,0.008495,-0.000052,-0.0,-0.000039,0.0,-0.000039,0.0,-0.000052,0.0,0.0,0.0,0.0,
0.0,-0.13765,0.438217,0.427903,0.0,0.0,0.0,0.059827,0.388265,-0.099336,0.0,0.0,-1.798424,-0.008108,-0.002414,2.161021,-0.790545,0.0,-1.798424,0.008108,0.002414,2.161021,-0.790545,0.0,-0.301499,0.304095,0.0,-0.219443,0.0,-0.0,0.0,-0.301499,-0.304095,0.0,-0.219443,0.0,0.0,0.0,0.0,0.008495,-0.000052,0.0,-0.000039,0.0,-0.000039,-0.0,-0.000052,0.0,0.0,0.008495,-0.000052,0.0,-0.000039,0.0,-0.000039,-0.0,-0.000052,0.0,0.0,0.0,0.0,
0.0,-0.13759,0.438605,0.427804,0.0,0.0,0.0,0.059817,0.388226,-0.099336,0.0,0.0,-1.797462,-0.008203,-0.002447,2.160052,-0.79044,0.0,-1.797462,0.008203,0.002447,2.160052,-0.79044,-0.0,-0.301154,0.30398,0.0,-0.219557,0.0,-0.0,0.0,-0.301154,-0.30398,0.0,-0.219557,0.0,0.0,0.0,0.0,0.008495,-0.000052,0.0,-0.000039,0.0,-0.000039,0.0,-0.000052,0.0,0.0,0.008495,-0.000052,0.0,-0.000039,0.0,-0.000039,0.0,-0.000052,0.0,0.0,0.0,0.0,
0.0,-0.13753,0.438993,0.427704,0.0,0.0,0.0,0.059817,0.388303,-0.099336,0.0,0.0,-1.7965,-0.008298,-0.00248,2.159083,-0.790335,0.0,-1.7965,0.008298,0.00248,2.159083,-0.790335,0.0,-0.300809,0.303866,0.0,-0.219671,0.0,0.0,0.0,-0.300809,-0.303866,0.0,-0.219671,0.0,0.0,0.0,0.0,0.008495,-0.000052,0.0,-0.000039,0.0,-0.000039,0.0,-0.000052,0.0,0.0,0.008495,-0.000052,0.0,-0.000039,0.0,-0.000039,0.0,-0.000052,0.0,0.0,0.0,0.0,
0.0,-0.13747,0.439385,0.427603,0.0,0.0,0.0,0.060485,0.391469,-0.101733,0.0,0.0,-1.795535,-0.00839,-0.002513,2.158104,-0.79022,0.0,-1.795535,0.00839,0.002513,2.158104,-0.79022,0.0,-0.300462,0.303749,0.0,-0.219787,0.0,0.0,0.0,-0.300462,-0.303749,0.0,-0.219787,0.0,0.0,0.0,0.0,0.008495,-0.000052,-0.0,-0.000039,0.0,-0.000039,0.0,-0.000052,0.0,0.0,0.008495,-0.000052,-0.0,-0.000039,0.0,-0.000039,0.0,-0.000052,0.0,0.0,0.0,0.0,
0.0,-0.137408,0.439783,0.427496,0.0,0.0,0.0,0.061848,0.398068,-0.106793,0.0,0.0,-1.79456,-0.008474,-0.002546,2.157103,-0.790085,0.0,-1.79456,0.008474,0.002546,2.157103,-0.790085,0.0,-0.300108,0.303631,0.0,-0.219905,0.0,0.0,0.0,-0.300108,-0.303631,0.0,-0.219905,0.0,0.0,0.0,0.0,0.008495,-0.000052,0.0,-0.000039,-0.0,-0.000039,-0.0,-0.000052,-0.0,0.0,0.008495,-0.000052,0.0,-0.000039,-0.0,-0.000039,-0.0,-0.000052,-0.0,0.0,0.0,0.0,
0.0,-0.137346,0.440181,0.427389,0.0,0.0,0.0,0.061848,0.398068,-0.106793,0.0,0.0,-1.793586,-0.008558,-0.002579,2.156102,-0.78995,0.0,-1.793586,0.008558,0.002579,2.156102,-0.78995,0.0,-0.299755,0.303512,0.0,-0.220022,0.0,-0.0,0.0,-0.299755,-0.303512,0.0,-0.220022,0.0,0.0,0.0,0.0,0.008495,-0.000052,-0.0,-0.000039,-0.0,-0.000039,0.0,-0.000052,0.0,0.0,0.008495,-0.000052,-0.0,-0.000039,-0.0,-0.000039,0.0,-0.000052,0.0,0.0,0.0,0.0,
0.0,-0.137284,0.440579,0.427282,0.0,0.0,0.0,0.061858,0.398107,-0.106793,0.0,0.0,-1.792612,-0.008642,-0.002612,2.155102,-0.789815,0.0,-1.792612,0.008642,0.002612,2.155102,-0.789815,0.0,-0.299401,0.303394,0.0,-0.22014,0.0,-0.0,0.0,-0.299401,-0.303394,0.0,-0.22014,0.0,0.0,0.0,0.0,0.008495,-0.000052,-0.0,-0.000039,0.0,-0.000039,0.0,-0.000052,0.0,0.0,0.008495,-0.000052,-0.0,-0.000039,0.0,-0.000039,0.0,-0.000052,0.0,0.0,0.0,0.0,
0.0,-0.137222,0.440977,0.427176,0.0,0.0,0.0,0.061848,0.398068,-0.106793,0.0,0.0,-1.791637,-0.008727,-0.002645,2.154101,-0.78968,0.0,-1.791637,0.008727,0.002645,2.154101,-0.78968,0.0,-0.299047,0.303275,-0.0,-0.220258,0.0,-0.0,0.0,-0.299047,-0.303275,0.0,-0.220258,0.0,0.0,0.0,0.0,0.008495,-0.000052,0.0,-0.000039,0.0,-0.000039,0.0,-0.000052,0.0,0.0,0.008495,-0.000052,0.0,-0.000039,0.0,-0.000039,0.0,-0.000052,0.0,0.0,0.0,0.0,
0.0,-0.13716,0.441375,0.427069,0.0,0.0,0.0,0.061848,0.398107,-0.106793,0.0,0.0,-1.790663,-0.008811,-0.002678,2.1531,-0.789545,0.0,-1.790663,0.008811,0.002678,2.1531,-0.789545,0.0,-0.298694,0.303157,0.0,-0.220376,0.0,0.0,0.0,-0.298694,-0.303157,0.0,-0.220376,0.0,0.0,0.0,0.0,0.008495,-0.000052,-0.0,-0.000039,0.0,-0.000039,0.0,-0.000052,0.0,0.0,0.008495,-0.000052,-0.0,-0.000039,0.0,-0.000039,0.0,-0.000052,0.0,0.0,0.0,0.0,
0.0,-0.137099,0.441773,0.426962,0.0,0.0,0.0,0.061858,0.398068,-0.106793,0.0,0.0,-1.789689,-0.008895,-0.002711,2.152099,-0.78941,0.0,-1.789689,0.008895,0.002711,2.152099,-0.78941,0.0,-0.29834,0.303038,0.0,-0.220494,0.0,0.0,0.0,-0.29834,-0.303038,0.0,-0.220494,0.0,-0.0,0.0,0.0,0.008495,-0.000052,0.0,-0.000039,-0.0,-0.000039,0.0,-0.000052,0.0,0.0,0.008495,-0.000052,0.0,-0.000039,-0.0,-0.000039,0.0,-0.000052,0.0,0.0,0.0,0.0,
0.0,-0.137037,0.442171,0.426855,0.0,0.0,0.0,0.061848,0.398068,-0.106793,0.0,0.0,-1.788714,-0.008979,-0.002744,2.151098,-0.789276,0.0,-1.788714,0.008979,0.002744,2.151098,-0.789276,0.0,-0.297987,0.30292,-0.0,-0.220612,0.0,-0.0,0.0,-0.297987,-0.30292,0.0,-0.220612,0.0,0.0,0.0,0.0,0.008495,-0.000052,0.0,-0.000039,-0.0,-0.000039,0.0,-0.000052,0.0,0.0,0.008495,-0.000052,0.0,-0.000039,-0.0,-0.000039,0.0,-0.000052,0.0,0.0,0.0,0.0,
0.0,-0.136975,0.442569,0.426748,0.0,0.0,0.0,0.061848,0.398107,-0.106793,0.0,0.0,-1.78774,-0.009064,-0.002777,2.150097,-0.789141,0.0,-1.78774,0.009064,0.002777,2.150097,-0.789141,0.0,-0.297633,0.302801,0.0,-0.22073,0.0,0.0,0.0,-0.297633,-0.302801,0.0,-0.22073,0.0,0.0,0.0,0.0,0.008495,-0.000052,-0.0,-0.000039,0.0,-0.000039,0.0,-0.000052,0.0,0.0,0.008495,-0.000052,-0.0,-0.000039,0.0,-0.000039,0.0,-0.000052,0.0,0.0,0.0,0.0,
0.0,-0.136913,0.442967,0.426642,0.0,0.0,0.0,0.061848,0.398068,-0.106793,0.0,0.0,-1.786765,-0.009148,-0.00281,2.149097,-0.789006,0.0,-1.786765,0.009148,0.00281,2.149097,-0.789006,0.0,-0.29728,0.302683,0.0,-0.220848,0.0,-0.0,0.0,-0.29728,-0.302683,0.0,-0.220848,0.0,0.0,0.0,0.0,0.008495,-0.000052,-0.0,-0.000039,-0.0,-0.000039,0.0,-0.000052,0.0,0.0,0.008495,-0.000052,-0.0,-0.000039,-0.0,-0.000039,0.0,-0.000052,0.0,0.0,0.0,0.0,
0.0,-0.136851,0.443365,0.426535,0.0,0.0,0.0,0.061858,0.398107,-0.106793,0.0,0.0,-1.785791,-0.009232,-0.002843,2.148096,-0.788871,0.0,-1.785791,0.009232,0.002843,2.148096,-0.788871,0.0,-0.296926,0.302564,0.0,-0.220966,0.0,0.0,0.0,-0.296926,-0.302564,0.0,-0.220966,0.0,-0.0,0.0,0.0,0.008495,-0.000052,0.0,-0.000039,0.0,-0.000039,0.0,-0.000052,0.0,0.0,0.008495,-0.000052,0.0,-0.000039,0.0,-0.000039,0.0,-0.000052,0.0,0.0,0.0,0.0,
0.0,-0.136789,0.443763,0.426428,0.0,0.0,0.0,0.061848,0.398068,-0.106793,0.0,0.0,-1.784817,-0.009316,-0.002876,2.147095,-0.788736,0.0,-1.784817,0.009316,0.002876,2.147095,-0.788736,0.0,-0.296573,0.302446,0.0,-0.221084,0.0,0.0,0.0,-0.296573,-0.302446,0.0,-0.221084,0.0,0.0,0.0,0.0,0.008495,-0.000052,0.0,-0.000039,0.0,-0.000039,-0.0,-0.000052,0.0,0.0,0.008495,-0.000052,0.0,-0.000039,0.0,-0.000039,-0.0,-0.000052,0.0,0.0,0.0,0.0,
0.0,-0.136728,0.444162,0.426321,0.0,0.0,0.0,0.061848,0.398068,-0.10666,0.0,0.0,-1.783843,-0.009401,-0.002909,2.146094,-0.788601,0.0,-1.783843,0.009401,0.002909,2.146094,-0.788601,0.0,-0.296219,0.302327,0.0,-0.221202,0.0,0.0,0.0,-0.296219,-0.302327,0.0,-0.221202,0.0,0.0,0.0,0.0,0.008495,-0.000052,0.0,-0.000039,-0.0,-0.000039,0.0,-0.000052,0.0,0.0,0.008495,-0.000052,0.0,-0.000039,-0.0,-0.000039,0.0,-0.000052,0.0,0.0,0.0,0.0,
0.0,-0.136666,0.44456,0.426214,0.0,0.0,0.0,0.061858,0.398107,-0.106926,0.0,0.0,-1.782868,-0.009485,-0.002942,2.145093,-0.788467,0.0,-1.782868,0.009485,0.002942,2.145093,-0.788467,0.0,-0.295865,0.302208,0.0,-0.221319,0.0,0.0,0.0,-0.295865,-0.302208,0.0,-0.221319,0.0,0.0,0.0,0.0,0.008495,-0.000052,0.0,-0.000039,-0.0,-0.000039,0.0,-0.000052,0.0,0.0,0.008495,-0.000052,0.0,-0.000039,-0.0,-0.000039,0.0,-0.000052,0.0,0.0,0.0,0.0,
0.0,-0.136604,0.444958,0.426108,0.0,0.0,0.0,0.061848,0.398068,-0.10666,0.0,0.0,-1.781893,-0.009569,-0.002975,2.144093,-0.788332,0.0,-1.781893,0.009569,0.002975,2.144093,-0.788332,0.0,-0.295512,0.30209,0.0,-0.221437,0.0,0.0,0.0,-0.295512,-0.30209,0.0,-0.221437,0.0,-0.0,0.0,0.0,0.008495,-0.000052,0.0,-0.000039,0.0,-0.000039,0.0,-0.000052,0.0,0.0,0.008495,-0.000052,0.0,-0.000039,0.0,-0.000039,0.0,-0.000052,0.0,0.0,-0.0,0.0,
0.0,-0.136542,0.445356,0.426001,0.0,0.0,0.0,0.061848,0.398107,-0.106793,0.0,0.0,-1.780919,-0.009653,-0.003008,2.143092,-0.788197,0.0,-1.780919,0.009653,0.003008,2.143092,-0.788197,0.0,-0.295158,0.301971,0.0,-0.221555,0.0,-0.0,0.0,-0.295158,-0.301971,0.0,-0.221555,0.0,0.0,0.0,0.0,0.008495,-0.000052,0.0,-0.000039,-0.0,-0.000039,0.0,-0.000052,0.0,0.0,0.008495,-0.000052,0.0,-0.000039,-0.0,-0.000039,0.0,-0.000052,0.0,0.0,0.0,0.0,
0.0,-0.13648,0.445754,0.425894,0.0,0.0,0.0,0.061848,0.398068,-0.106793,0.0,0.0,-1.779945,-0.009737,-0.003041,2.142091,-0.788062,0.0,-1.779945,0.009737,0.003041,2.142091,-0.788062,0.0,-0.294805,0.301853,0.0,-0.221673,0.0,0.0,0.0,-0.294805,-0.301853,0.0,-0.221673,0.0,0.0,0.0,0.0,0.008495,-0.000052,-0.0,-0.000039,0.0,-0.000039,0.0,-0.000052,0.0,0.0,0.008495,-0.000052,-0.0,-0.000039,0.0,-0.000039,0.0,-0.000052,0.0,0.0,0.0,0.0,
0.0,-0.136418,0.446152,0.425787,0.0,0.0,0.0,0.061858,0.398107,-0.106793,0.0,0.0,-1.77897,-0.009822,-0.003074,2.14109,-0.787927,0.0,-1.77897,0.009822,0.003074,2.14109,-0.787927,0.0,-0.294451,0.301734,0.0,-0.221791,0.0,0.0,0.0,-0.294451,-0.301734,0.0,-0.221791,0.0,0.0,0.0,0.0,0.008495,-0.000052,-0.0,-0.000039,-0.0,-0.000039,-0.0,-0.000052,0.0,0.0,0.008495,-0.000052,-0.0,-0.000039,-0.0,-0.000039,-0.0,-0.000052,0.0,0.0,0.0,0.0,
0.0,-0.136356,0.44655,0.425681,0.0,0.0,0.0,0.061848,0.398068,-0.106793,0.0,0.0,-1.777996,-0.009906,-0.003107,2.140089,-0.787792,0.0,-1.777996,0.009906,0.003107,2.140089,-0.787792,0.0,-0.294098,0.301616,0.0,-0.221909,0.0,0.0,0.0,-0.294098,-0.301616,0.0,-0.221909,0.0,0.0,0.0,0.0,0.008495,-0.000052,-0.0,-0.000039,0.0,-0.000039,-0.0,-0.000052,-0.0,0.0,0.008495,-0.000052,-0.0,-0.000039,0.0,-0.000039,-0.0,-0.000052,-0.0,0.0,0.0,0.0,
0.0,-0.136295,0.446948,0.425574,0.0,0.0,0.0,0.061848,0.398068,-0.106793,0.0,0.0,-1.777022,-0.00999,-0.00314,2.139088,-0.787658,0.0,-1.777022,0.00999,0.00314,2.139088,-0.787658,0.0,-0.293744,0.301497,0.0,-0.222027,0.0,-0.0,0.0,-0.293744,-0.301497,0.0,-0.222027,0.0,0.0,0.0,0.0,0.008495,-0.000052,-0.0,-0.000039,-0.0,-0.000039,0.0,-0.000052,0.0,0.0,0.008495,-0.000052,-0.0,-0.000039,-0.0,-0.000039,0.0,-0.000052,0.0,0.0,0.0,0.0,
0.0,-0.136233,0.447346,0.425467,0.0,0.0,0.0,0.061858,0.398107,-0.106793,0.0,0.0,-1.776047,-0.010074,-0.003173,2.138088,-0.787523,0.0,-1.776047,0.010074,0.003173,2.138088,-0.787523,0.0,-0.29339,0.301379,0.0,-0.222145,0.0,0.0,0.0,-0.29339,-0.301379,0.0,-0.222145,0.0,0.0,0.0,0.0,0.008495,-0.000052,-0.0,-0.000039,0.0,-0.000039,-0.0,-0.000052,0.0,0.0,0.008495,-0.000052,-0.0,-0.000039,0.0,-0.000039,-0.0,-0.000052,0.0,0.0,0.0,0.0,
0.0,-0.136171,0.447744,0.42536,0.0,0.0,0.0,0.061848,0.398068,-0.106793,0.0,0.0,-1.775073,-0.010159,-0.003205,2.137087,-0.787388,0.0,-1.775073,0.010159,0.003205,2.137087,-0.787388,0.0,-0.293037,0.30126,0.0,-0.222263,0.0,-0.0,0.0,-0.293037,-0.30126,0.0,-0.222263,0.0,0.0,0.0,0.0,0.008495,-0.000052,-0.0,-0.000039,0.0,-0.000039,0.0,-0.000052,0.0,0.0,0.008495,-0.000052,-0.0,-0.000039,0.0,-0.000039,0.0,-0.000052,0.0,0.0,0.0,0.0,
0.0,-0.136109,0.448142,0.425253,0.0,0.0,0.0,0.061848,0.398107,-0.106793,0.0,0.0,-1.774099,-0.010243,-0.003238,2.136086,-0.787253,0.0,-1.774099,0.010243,0.003238,2.136086,-0.787253,0.0,-0.292683,0.301142,0.0,-0.222381,0.0,-0.0,0.0,-0.292683,-0.301142,0.0,-0.222381,0.0,0.0,0.0,0.0,0.008495,-0.000052,0.0,-0.000039,-0.0,-0.000039,0.0,-0.000052,-0.0,0.0,0.008495,-0.000052,0.0,-0.000039,-0.0,-0.000039,0.0,-0.000052,-0.0,0.0,0.0,0.0,
0.0,-0.136047,0.44854,0.425147,0.0,0.0,0.0,0.061848,0.398068,-0.106793,0.0,0.0,-1.773124,-0.010327,-0.003271,2.135085,-0.787118,0.0,-1.773124,0.010327,0.003271,2.135085,-0.787118,0.0,-0.29233,0.301023,0.0,-0.222499,0.0,0.0,0.0,-0.29233,-0.301023,0.0,-0.222499,0.0,0.0,0.0,0.0,0.008495,-0.000052,-0.0,-0.000039,-0.0,-0.000039,-0.0,-0.000052,0.0,0.0,0.008495,-0.000052,-0.0,-0.000039,-0.0,-0.000039,-0.0,-0.000052,0.0,0.0,-0.0,0.0,
0.0,-0.135985,0.448939,0.42504,0.0,0.0,0.0,0.061858,0.398107,-0.106793,0.0,0.0,-1.77215,-0.010411,-0.003304,2.134084,-0.786983,0.0,-1.77215,0.010411,0.003304,2.134084,-0.786983,0.0,-0.291976,0.300905,0.0,-0.222617,0.0,-0.0,0.0,-0.291976,-0.300905,0.0,-0.222617,0.0,0.0,0.0,0.0,0.008495,-0.000052,-0.0,-0.000039,0.0,-0.000039,-0.0,-0.000052,-0.0,0.0,0.008495,-0.000052,-0.0,-0.000039,0.0,-0.000039,-0.0,-0.000052,-0.0,0.0,0.0,0.0,
0.0,-0.135923,0.449337,0.424933,0.0,0.0,0.0,0.061848,0.398068,-0.106793,0.0,0.0,-1.771175,-0.010496,-0.003337,2.133083,-0.786848,0.0,-1.771175,0.010496,0.003337,2.133083,-0.786848,0.0,-0.291623,0.300786,0.0,-0.222734,0.0,0.0,0.0,-0.291623,-0.300786,0.0,-0.222734,0.0,-0.0,0.0,0.0,0.008495,-0.000052,-0.0,-0.000039,0.0,-0.000039,-0.0,-0.000052,0.0,0.0,0.008495,-0.000052,-0.0,-0.000039,0.0,-0.000039,-0.0,-0.000052,0.0,0.0,0.0,0.0,
0.0,-0.135862,0.449735,0.424826,0.0,0.0,0.0,0.061848,0.398068,-0.106793,0.0,0.0,-1.770201,-0.01058,-0.00337,2.132083,-0.786714,0.0,-1.770201,0.01058,0.00337,2.132083,-0.786714,0.0,-0.291269,0.300667,0.0,-0.222852,0.0,-0.0,0.0,-0.291269,-0.300667,0.0,-0.222852,0.0,0.0,0.0,0.0,0.008495,-0.000052,0.0,-0.000039,0.0,-0.000039,0.0,-0.000052,0.0,0.0,0.008495,-0.000052,0.0,-0.000039,0.0,-0.000039,0.0,-0.000052,0.0,0.0,0.0,0.0,
0.0,-0.1358,0.450133,0.424719,0.0,0.0,0.0,0.061858,0.398107,-0.106793,0.0,0.0,-1.769227,-0.010664,-0.003403,2.131082,-0.786579,0.0,-1.769227,0.010664,0.003403,2.131082,-0.786579,0.0,-0.290915,0.300549,0.0,-0.22297,0.0,-0.0,0.0,-0.290915,-0.300549,0.0,-0.22297,0.0,0.0,0.0,0.0,0.008495,-0.000052,0.0,-0.000039,0.0,-0.000039,0.0,-0.000052,0.0,0.0,0.008495,-0.000052,0.0,-0.000039,0.0,-0.000039,0.0,-0.000052,0.0,0.0,-0.0,0.0,
0.0,-0.135738,0.450531,0.424613,0.0,0.0,0.0,0.061848,0.398068,-0.106793,0.0,0.0,-1.768252,-0.010748,-0.003436,2.130081,-0.786444,0.0,-1.768252,0.010748,0.003436,2.130081,-0.786444,0.0,-0.290562,0.30043,0.0,-0.223088,0.0,0.0,0.0,-0.290562,-0.30043,0.0,-0.223088,0.0,-0.0,0.0,0.0,0.008495,-0.000052,0.0,-0.000039,0.0,-0.000039,0.0,-0.000052,-0.0,0.0,0.008495,-0.000052,0.0,-0.000039,0.0,-0.000039,0.0,-0.000052,-0.0,0.0,0.0,0.0,
0.0,-0.135676,0.450929,0.424506,0.0,0.0,0.0,0.061848,0.398107,-0.10666,0.0,0.0,-1.767278,-0.010832,-0.003469,2.12908,-0.786309,0.0,-1.767278,0.010832,0.003469,2.12908,-0.786309,0.0,-0.290208,0.300312,0.0,-0.223206,0.0,0.0,0.0,-0.290208,-0.300312,0.0,-0.223206,0.0,-0.0,0.0,0.0,0.008495,-0.000052,-0.0,-0.000039,0.0,-0.000039,0.0,-0.000052,0.0,0.0,0.008495,-0.000052,-0.0,-0.000039,0.0,-0.000039,0.0,-0.000052,0.0,0.0,0.0,0.0,
0.0,-0.135614,0.451327,0.424399,0.0,0.0,0.0,0.061848,0.398068,-0.106793,0.0,0.0,-1.766304,-0.010917,-0.003502,2.128079,-0.786174,0.0,-1.766304,0.010917,0.003502,2.128079,-0.786174,0.0,-0.289855,0.300193,0.0,-0.223324,0.0,-0.0,0.0,-0.289855,-0.300193,0.0,-0.223324,0.0,0.0,0.0,0.0,0.008495,-0.000052,-0.0,-0.000039,-0.0,-0.000039,0.0,-0.000052,0.0,0.0,0.008495,-0.000052,-0.0,-0.000039,-0.0,-0.000039,0.0,-0.000052,0.0,0.0,0.0,0.0,
0.0,-0.135552,0.451725,0.424292,0.0,0.0,0.0,0.061858,0.398107,-0.106793,0.0,0.0,-1.765329,-0.011001,-0.003535,2.127078,-0.786039,0.0,-1.765329,0.011001,0.003535,2.127078,-0.786039,0.0,-0.289501,0.300075,0.0,-0.223442,0.0,0.0,0.0,-0.289501,-0.300075,0.0,-0.223442,0.0,-0.0,0.0,0.0,0.008495,-0.000052,-0.0,-0.000039,0.0,-0.000039,0.0,-0.000052,0.0,0.0,0.008495,-0.000052,-0.0,-0.000039,0.0,-0.000039,0.0,-0.000052,0.0,0.0,0.0,0.0,
0.0,-0.13549,0.452123,0.424186,0.0,0.0,0.0,0.061848,0.398068,-0.106793,0.0,0.0,-1.764355,-0.011085,-0.003568,2.126078,-0.785905,0.0,-1.764355,0.011085,0.003568,2.126078,-0.785905,0.0,-0.289148,0.299956,-0.0,-0.22356,0.0,-0.0,0.0,-0.289148,-0.299956,0.0,-0.22356,0.0,0.0,0.0,0.0,0.008495,-0.000052,0.0,-0.000039,0.0,-0.000039,0.0,-0.000052,0.0,0.0,0.008495,-0.000052,0.0,-0.000039,0.0,-0.000039,0.0,-0.000052,0.0,0.0,0.0,0.0,
0.0,-0.135429,0.452521,0.424079,0.0,0.0,0.0,0.061858,0.398107,-0.106793,0.0,0.0,-1.763381,-0.011169,-0.003601,2.125077,-0.78577,0.0,-1.763381,0.011169,0.003601,2.125077,-0.78577,0.0,-0.288794,0.299838,0.0,-0.223678,0.0,0.0,0.0,-0.288794,-0.299838,0.0,-0.223678,0.0,0.0,0.0,0.0,0.008495,-0.000052,0.0,-0.000039,-0.0,-0.000039,0.0,-0.000052,0.0,0.0,0.008495,-0.000052,0.0,-0.000039,-0.0,-0.000039,0.0,-0.000052,0.0,0.0,0.0,0.0,
0.0,-0.135365,0.452928,0.423966,0.0,0.0,0.0,0.063764,0.406881,-0.112386,0.0,0.0,-1.762391,-0.011243,-0.003636,2.124036,-0.785605,0.0,-1.762391,0.011243,0.003636,2.124036,-0.785605,0.0,-0.288433,0.299717,0.0,-0.223798,0.0,0.0,0.0,-0.288433,-0.299717,0.0,-0.223798,0.0,-0.0,0.0,0.0,0.008495,-0.000052,-0.0,-0.000039,0.0,-0.000039,0.0,-0.000052,0.0,0.0,0.008495,-0.000052,-0.0,-0.000039,0.0,-0.000039,0.0,-0.000052,0.0,0.0,0.0,0.0,
0.0,-0.135301,0.453335,0.423854,0.0,0.0,0.0,0.063783,0.406919,-0.112386,0.0,0.0,-1.761402,-0.011316,-0.003671,2.122995,-0.785441,0.0,-1.761402,0.011316,0.003671,2.122995,-0.785441,0.0,-0.288073,0.299597,0.0,-0.223917,0.0,-0.0,0.0,-0.288073,-0.299597,0.0,-0.223917,0.0,0.0,0.0,0.0,0.008495,-0.000052,0.0,-0.000039,-0.0,-0.000039,-0.0,-0.000052,0.0,0.0,0.008495,-0.000052,0.0,-0.000039,-0.0,-0.000039,-0.0,-0.000052,0.0,0.0,0.0,0.0,
0.0,-0.135237,0.453742,0.423742,0.0,0.0,0.0,0.063783,0.406957,-0.112252,0.0,0.0,-1.760413,-0.011389,-0.003705,2.121954,-0.785277,0.0,-1.760413,0.011389,0.003705,2.121954,-0.785277,0.0,-0.287712,0.299477,0.0,-0.224037,0.0,0.0,0.0,-0.287712,-0.299477,0.0,-0.224037,0.0,-0.0,0.0,0.0,0.008495,-0.000052,-0.0,-0.000039,-0.0,-0.000039,0.0,-0.000052,0.0,0.0,0.008495,-0.000052,-0.0,-0.000039,-0.0,-0.000039,0.0,-0.000052,0.0,0.0,0.0,0.0,
0.0,-0.135174,0.454149,0.423629,0.0,0.0,0.0,0.063774,0.406919,-0.112386,0.0,0.0,-1.759423,-0.011462,-0.00374,2.120913,-0.785112,0.0,-1.759423,0.011462,0.00374,2.120913,-0.785112,0.0,-0.287351,0.299356,0.0,-0.224157,0.0,0.0,0.0,-0.287351,-0.299356,0.0,-0.224157,0.0,-0.0,0.0,0.0,0.008495,-0.000052,0.0,-0.000039,0.0,-0.000039,-0.0,-0.000052,0.0,0.0,0.008495,-0.000052,0.0,-0.000039,0.0,-0.000039,-0.0,-0.000052,0.0,0.0,0.0,0.0,
0.0,-0.13511,0.454556,0.423517,0.0,0.0,0.0,0.063793,0.406957,-0.112386,0.0,0.0,-1.758434,-0.011536,-0.003775,2.119872,-0.784948,0.0,-1.758434,0.011536,0.003775,2.119872,-0.784948,0.0,-0.286991,0.299236,0.0,-0.224277,0.0,0.0,0.0,-0.286991,-0.299236,0.0,-0.224277,0.0,-0.0,0.0,0.0,0.008495,-0.000052,0.0,-0.000039,-0.0,-0.000039,0.0,-0.000052,0.0,0.0,0.008495,-0.000052,0.0,-0.000039,-0.0,-0.000039,0.0,-0.000052,0.0,0.0,0.0,0.0,
0.0,-0.135046,0.454963,0.423405,0.0,0.0,0.0,0.063774,0.406919,-0.112386,0.0,0.0,-1.757444,-0.011609,-0.00381,2.118831,-0.784783,0.0,-1.757444,0.011609,0.00381,2.118831,-0.784783,0.0,-0.28663,0.299116,0.0,-0.224396,0.0,0.0,0.0,-0.28663,-0.299116,0.0,-0.224396,0.0,-0.0,0.0,0.0,0.008495,-0.000052,-0.0,-0.000039,0.0,-0.000039,0.0,-0.000052,0.0,0.0,0.008495,-0.000052,-0.0,-0.000039,0.0,-0.000039,0.0,-0.000052,0.0,0.0,-0.0,0.0,
0.0,-0.134982,0.45537,0.423292,0.0,0.0,0.0,0.063783,0.406957,-0.112386,0.0,0.0,-1.756455,-0.011682,-0.003845,2.117789,-0.784619,0.0,-1.756455,0.011682,0.003845,2.117789,-0.784619,0.0,-0.286269,0.298995,0.0,-0.224516,0.0,0.0,0.0,-0.286269,-0.298995,0.0,-0.224516,0.0,0.0,0.0,0.0,0.008495,-0.000052,0.0,-0.000039,0.0,-0.000039,0.0,-0.000052,0.0,0.0,0.008495,-0.000052,0.0,-0.000039,0.0,-0.000039,0.0,-0.000052,0.0,0.0,0.0,0.0,
0.0,-0.134918,0.455777,0.42318,0.0,0.0,0.0,0.063783,0.406919,-0.112386,0.0,0.0,-1.755466,-0.011755,-0.003879,2.116748,-0.784455,0.0,-1.755466,0.011755,0.003879,2.116748,-0.784455,0.0,-0.285909,0.298875,0.0,-0.224636,0.0,-0.0,0.0,-0.285909,-0.298875,0.0,-0.224636,0.0,0.0,0.0,0.0,0.008495,-0.000052,-0.0,-0.000039,0.0,-0.000039,0.0,-0.000052,0.0,0.0,0.008495,-0.000052,-0.0,-0.000039,0.0,-0.000039,0.0,-0.000052,0.0,0.0,0.0,0.0,
0.0,-0.134855,0.456184,0.423068,0.0,0.0,0.0,0.063783,0.406957,-0.112252,0.0,0.0,-1.754476,-0.011829,-0.003914,2.115707,-0.78429,0.0,-1.754476,0.011829,0.003914,2.115707,-0.78429,0.0,-0.285548,0.298755,0.0,-0.224756,0.0,-0.0,0.0,-0.285548,-0.298755,0.0,-0.224756,0.0,0.0,0.0,0.0,0.008495,-0.000052,0.0,-0.000039,0.0,-0.000039,0.0,-0.000052,0.0,0.0,0.008495,-0.000052,0.0,-0.000039,0.0,-0.000039,0.0,-0.000052,0.0,0.0,0.0,0.0,
0.0,-0.134791,0.456591,0.422955,0.0,0.0,0.0,0.063783,0.406919,-0.112386,0.0,0.0,-1.753487,-0.011902,-0.003949,2.114666,-0.784126,0.0,-1.753487,0.011902,0.003949,2.114666,-0.784126,0.0,-0.285187,0.298634,0.0,-0.224876,0.0,0.0,0.0,-0.285187,-0.298634,0.0,-0.224876,0.0,0.0,0.0,0.0,0.008495,-0.000052,-0.0,-0.000039,0.0,-0.000039,0.0,-0.000052,-0.0,0.0,0.008495,-0.000052,-0.0,-0.000039,0.0,-0.000039,0.0,-0.000052,-0.0,0.0,0.0,0.0,
0.0,-0.134727,0.456998,0.422843,0.0,0.0,0.0,0.063774,0.406919,-0.112386,0.0,0.0,-1.752497,-0.011975,-0.003984,2.113625,-0.783961,0.0,-1.752497,0.011975,0.003984,2.113625,-0.783961,-0.0,-0.284827,0.298514,0.0,-0.224995,0.0,0.0,0.0,-0.284827,-0.298514,0.0,-0.224995,0.0,-0.0,0.0,0.0,0.008495,-0.000052,0.0,-0.000039,-0.0,-0.000039,0.0,-0.000052,-0.0,0.0,0.008495,-0.000052,0.0,-0.000039,-0.0,-0.000039,0.0,-0.000052,-0.0,0.0,0.0,0.0,
0.0,-0.134663,0.457404,0.42273,0.0,0.0,0.0,0.063783,0.406957,-0.112386,0.0,0.0,-1.751508,-0.012048,-0.004018,2.112584,-0.783797,0.0,-1.751508,0.012048,0.004018,2.112584,-0.783797,0.0,-0.284466,0.298394,0.0,-0.225115,0.0,0.0,0.0,-0.284466,-0.298394,0.0,-0.225115,0.0,0.0,0.0,0.0,0.008495,-0.000052,-0.0,-0.000039,-0.0,-0.000039,-0.0,-0.000052,-0.0,0.0,0.008495,-0.000052,-0.0,-0.000039,-0.0,-0.000039,-0.0,-0.000052,-0.0,0.0,0.0,0.0,
0.0,-0.134599,0.457811,0.422618,0.0,0.0,0.0,0.063783,0.406919,-0.112252,0.0,0.0,-1.750519,-0.012122,-0.004053,2.111543,-0.783632,0.0,-1.750519,0.012122,0.004053,2.111543,-0.783632,0.0,-0.284105,0.298273,0.0,-0.225235,0.0,0.0,0.0,-0.284105,-0.298273,0.0,-0.225235,0.0,-0.0,0.0,0.0,0.008495,-0.000052,0.0,-0.000039,-0.0,-0.000039,0.0,-0.000052,0.0,0.0,0.008495,-0.000052,0.0,-0.000039,-0.0,-0.000039,0.0,-0.000052,0.0,0.0,0.0,0.0,
0.0,-0.134536,0.458218,0.422506,0.0,0.0,0.0,0.063783,0.406957,-0.112519,0.0,0.0,-1.749529,-0.012195,-0.004088,2.110501,-0.783468,0.0,-1.749529,0.012195,0.004088,2.110501,-0.783468,0.0,-0.283745,0.298153,0.0,-0.225355,0.0,0.0,0.0,-0.283745,-0.298153,0.0,-0.225355,-0.0,-0.0,0.0,-0.0,0.008495,-0.000052,0.0,-0.000039,0.0,-0.000039,0.0,-0.000052,0.0,-0.0,0.008495,-0.000052,0.0,-0.000039,0.0,-0.000039,0.0,-0.000052,0.0,0.0,0.0,0.0,
0.0,-0.134472,0.458625,0.422393,0.0,0.0,0.0,0.063783,0.406919,-0.112252,0.0,0.0,-1.74854,-0.012268,-0.004123,2.10946,-0.783303,0.0,-1.74854,0.012268,0.004123,2.10946,-0.783303,0.0,-0.283384,0.298032,0.0,-0.225474,0.0,-0.0,0.0,-0.283384,-0.298032,0.0,-0.225474,0.0,0.0,0.0,0.0,0.008495,-0.000052,0.0,-0.000039,0.0,-0.000039,0.0,-0.000052,0.0,0.0,0.008495,-0.000052,0.0,-0.000039,0.0,-0.000039,0.0,-0.000052,0.0,0.0,0.0,0.0,
0.0,-0.134408,0.459032,0.422281,0.0,0.0,0.0,0.063783,0.406957,-0.112386,0.0,0.0,-1.74755,-0.012341,-0.004158,2.108419,-0.783139,0.0,-1.74755,0.012341,0.004158,2.108419,-0.783139,0.0,-0.283023,0.297912,0.0,-0.225594,0.0,-0.0,0.0,-0.283023,-0.297912,0.0,-0.225594,0.0,0.0,0.0,0.0,0.008495,-0.000052,-0.0,-0.000039,-0.0,-0.000039,0.0,-0.000052,-0.0,0.0,0.008495,-0.000052,-0.0,-0.000039,-0.0,-0.000039,0.0,-0.000052,-0.0,0.0,0.0,0.0,
0.0,-0.134344,0.459439,0.422169,0.0,0.0,0.0,0.063783,0.406919,-0.112386,0.0,0.0,-1.746561,-0.012415,-0.004192,2.107378,-0.782975,0.0,-1.746561,0.012415,0.004192,2.107378,-0.782975,0.0,-0.282663,0.297792,0.0,-0.225714,0.0,-0.0,0.0,-0.282663,-0.297792,0.0,-0.225714,0.0,0.0,0.0,0.0,0.008495,-0.000052,-0.0,-0.000039,-0.0,-0.000039,0.0,-0.000052,-0.0,0.0,0.008495,-0.000052,-0.0,-0.000039,-0.0,-0.000039,0.0,-0.000052,-0.0,0.0,0.0,0.0,
0.0,-0.134281,0.459846,0.422056,0.0,0.0,0.0,0.063774,0.406957,-0.112386,0.0,0.0,-1.745571,-0.012488,-0.004227,2.106337,-0.78281,0.0,-1.745571,0.012488,0.004227,2.106337,-0.78281,0.0,-0.282302,0.297671,-0.0,-0.225834,-0.0,-0.0,0.0,-0.282302,-0.297671,0.0,-0.225834,0.0,0.0,0.0,0.0,0.008495,-0.000052,-0.0,-0.000039,0.0,-0.000039,0.0,-0.000052,-0.0,0.0,0.008495,-0.000052,-0.0,-0.000039,0.0,-0.000039,0.0,-0.000052,-0.0,0.0,0.0,0.0,
0.0,-0.134217,0.460253,0.421944,0.0,0.0,0.0,0.063783,0.406919,-0.112386,0.0,0.0,-1.744582,-0.012561,-0.004262,2.105296,-0.782646,0.0,-1.744582,0.012561,0.004262,2.105296,-0.782646,0.0,-0.281941,0.297551,0.0,-0.225954,0.0,0.0,0.0,-0.281941,-0.297551,0.0,-0.225954,0.0,-0.0,0.0,0.0,0.008495,-0.000052,0.0,-0.000039,0.0,-0.000039,0.0,-0.000052,0.0,0.0,0.008495,-0.000052,0.0,-0.000039,0.0,-0.000039,0.0,-0.000052,0.0,0.0,0.0,0.0,
0.0,-0.134153,0.46066,0.421832,0.0,0.0,0.0,0.063783,0.406957,-0.112252,0.0,0.0,-1.743592,-0.012634,-0.004297,2.104255,-0.782481,0.0,-1.743592,0.012634,0.004297,2.104255,-0.782481,0.0,-0.281581,0.297431,0.0,-0.226073,0.0,0.0,0.0,-0.281581,-0.297431,0.0,-0.226073,0.0,-0.0,0.0,0.0,0.008495,-0.000052,0.0,-0.000039,0.0,-0.000039,0.0,-0.000052,-0.0,0.0,0.008495,-0.000052,0.0,-0.000039,0.0,-0.000039,0.0,-0.000052,-0.0,0.0,0.0,0.0,
0.0,-0.134089,0.461067,0.421719,0.0,0.0,0.0,0.063783,0.406919,-0.112386,0.0,0.0,-1.742603,-0.012708,-0.004332,2.103214,-0.782317,0.0,-1.742603,0.012708,0.004332,2.103214,-0.782317,0.0,-0.28122,0.29731,0.0,-0.226193,0.0,0.0,0.0,-0.28122,-0.29731,0.0,-0.226193,0.0,0.0,0.0,0.0,0.008495,-0.000052,-0.0,-0.000039,0.0,-0.000039,-0.0,-0.000052,0.0,0.0,0.008495,-0.000052,-0.0,-0.000039,0.0,-0.000039,-0.0,-0.000052,0.0,0.0,0.0,0.0,
0.0,-0.134025,0.461474,0.421607,0.0,0.0,0.0,0.063783,0.406957,-0.112386,0.0,0.0,-1.741614,-0.012781,-0.004366,2.102172,-0.782153,0.0,-1.741614,0.012781,0.004366,2.102172,-0.782153,0.0,-0.280859,0.29719,0.0,-0.226313,0.0,-0.0,0.0,-0.280859,-0.29719,0.0,-0.226313,0.0,0.0,0.0,0.0,0.008495,-0.000052,-0.0,-0.000039,0.0,-0.000039,-0.0,-0.000052,0.0,0.0,0.008495,-0.000052,-0.0,-0.000039,0.0,-0.000039,-0.0,-0.000052,0.0,0.0,0.0,0.0,
0.0,-0.133962,0.461881,0.421495,0.0,0.0,0.0,0.063783,0.406957,-0.112386,0.0,0.0,-1.740624,-0.012854,-0.004401,2.101131,-0.781988,0.0,-1.740624,0.012854,0.004401,2.101131,-0.781988,0.0,-0.280499,0.29707,0.0,-0.226433,0.0,0.0,0.0,-0.280499,-0.29707,0.0,-0.226433,0.0,-0.0,0.0,0.0,0.008495,-0.000052,0.0,-0.000039,0.0,-0.000039,0.0,-0.000052,0.0,0.0,0.008495,-0.000052,0.0,-0.000039,0.0,-0.000039,0.0,-0.000052,0.0,0.0,0.0,0.0,
0.0,-0.133898,0.462288,0.421382,0.0,0.0,0.0,0.063774,0.406919,-0.112386,0.0,0.0,-1.739635,-0.012927,-0.004436,2.10009,-0.781824,0.0,-1.739635,0.012927,0.004436,2.10009,-0.781824,0.0,-0.280138,0.296949,0.0,-0.226552,0.0,0.0,0.0,-0.280138,-0.296949,0.0,-0.226552,0.0,-0.0,0.0,0.0,0.008495,-0.000052,0.0,-0.000039,0.0,-0.000039,0.0,-0.000052,0.0,0.0,0.008495,-0.000052,0.0,-0.000039,0.0,-0.000039,0.0,-0.000052,0.0,0.0,0.0,0.0,
0.0,-0.133834,0.462695,0.42127,0.0,0.0,0.0,0.063783,0.406919,-0.112252,0.0,0.0,-1.738645,-0.013001,-0.004471,2.099049,-0.781659,0.0,-1.738645,0.013001,0.004471,2.099049,-0.781659,0.0,-0.279777,0.296829,0.0,-0.226672,0.0,-0.0,0.0,-0.279777,-0.296829,0.0,-0.226672,0.0,0.0,0.0,0.0,0.008495,-0.000052,0.0,-0.000039,0.0,-0.000039,-0.0,-0.000052,-0.0,0.0,0.008495,-0.000052,0.0,-0.000039,0.0,-0.000039,-0.0,-0.000052,-0.0,0.0,0.0,0.0,
0.0,-0.13377,0.463102,0.421157,0.0,0.0,0.0,0.063783,0.406957,-0.112386,0.0,0.0,-1.737656,-0.013074,-0.004506,2.098008,-0.781495,0.0,-1.737656,0.013074,0.004506,2.098008,-0.781495,0.0,-0.279417,0.296709,0.0,-0.226792,0.0,-0.0,0.0,-0.279417,-0.296709,0.0,-0.226792,0.0,0.0,0.0,0.0,0.008495,-0.000052,0.0,-0.000039,-0.0,-0.000039,0.0,-0.000052,0.0,0.0,0.008495,-0.000052,0.0,-0.000039,-0.0,-0.000039,0.0,-0.000052,0.0,0.0,0.0,0.0,
0.0,-0.133707,0.463509,0.421045,0.0,0.0,0.0,0.063783,0.406919,-0.112386,0.0,0.0,-1.736667,-0.013147,-0.00454,2.096967,-0.781331,0.0,-1.736667,0.013147,0.00454,2.096967,-0.781331,0.0,-0.279056,0.296588,0.0,-0.226912,0.0,-0.0,0.0,-0.279056,-0.296588,0.0,-0.226912,0.0,0.0,0.0,0.0,0.008495,-0.000052,-0.0,-0.000039,0.0,-0.000039,-0.0,-0.000052,-0.0,0.0,0.008495,-0.000052,-0.0,-0.000039,0.0,-0.000039,-0.0,-0.000052,-0.0,0.0,0.0,0.0,
0.0,-0.133643,0.463915,0.420933,0.0,0.0,0.0,0.063783,0.406957,-0.112386,0.0,0.0,-1.735677,-0.01322,-0.004575,2.095926,-0.781166,0.0,-1.735677,0.01322,0.004575,2.095926,-0.781166,0.0,-0.278695,0.296468,0.0,-0.227032,0.0,0.0,0.0,-0.278695,-0.296468,0.0,-0.227032,0.0,-0.0,0.0,0.0,0.008495,-0.000052,0.0,-0.000039,0.0,-0.000039,0.0,-0.000052,0.0,0.0,0.008495,-0.000052,0.0,-0.000039,0.0,-0.000039,0.0,-0.000052,0.0,0.0,0.0,0.0,
0.0,-0.133579,0.464322,0.42082,0.0,0.0,0.0,0.063783,0.406919,-0.112386,0.0,0.0,-1.734688,-0.013294,-0.00461,2.094885,-0.781002,0.0,-1.734688,0.013294,0.00461,2.094885,-0.781002,0.0,-0.278335,0.296348,0.0,-0.227151,0.0,-0.0,0.0,-0.278335,-0.296348,0.0,-0.227151,0.0,0.0,0.0,0.0,0.008495,-0.000052,0.0,-0.000039,0.0,-0.000039,-0.0,-0.000052,0.0,0.0,0.008495,-0.000052,0.0,-0.000039,0.0,-0.000039,-0.0,-0.000052,0.0,0.0,0.0,0.0,
0.0,-0.133515,0.464729,0.420708,0.0,0.0,0.0,0.063783,0.406957,-0.112386,0.0,0.0,-1.733698,-0.013367,-0.004645,2.093843,-0.780837,0.0,-1.733698,0.013367,0.004645,2.093843,-0.780837,0.0,-0.277974,0.296227,0.0,-0.227271,0.0,-0.0,0.0,-0.277974,-0.296227,0.0,-0.227271,0.0,0.0,0.0,0.0,0.008495,-0.000052,-0.0,-0.000039,-0.0,-0.000039,0.0,-0.000052,0.0,0.0,0.008495,-0.000052,-0.0,-0.000039,-0.0,-0.000039,0.0,-0.000052,0.0,0.0,0.0,0.0,
0.0,-0.133451,0.465136,0.420596,0.0,0.0,0.0,0.063774,0.406919,-0.112252,0.0,0.0,-1.732709,-0.01344,-0.00468,2.092802,-0.780673,0.0,-1.732709,0.01344,0.00468,2.092802,-0.780673,0.0,-0.277614,0.296107,0.0,-0.227391,0.0,0.0,0.0,-0.277614,-0.296107,0.0,-0.227391,0.0,-0.0,0.0,0.0,0.008495,-0.000052,0.0,-0.000039,0.0,-0.000039,0.0,-0.000052,0.0,0.0,0.008495,-0.000052,0.0,-0.000039,0.0,-0.000039,0.0,-0.000052,0.0,0.0,0.0,0.0,
0.0,-0.133388,0.465543,0.420483,0.0,0.0,0.0,0.063783,0.406957,-0.112386,0.0,0.0,-1.73172,-0.013513,-0.004714,2.091761,-0.780508,0.0,-1.73172,0.013513,0.004714,2.091761,-0.780508,0.0,-0.277253,0.295986,0.0,-0.227511,0.0,0.0,0.0,-0.277253,-0.295986,0.0,-0.227511,0.0,0.0,0.0,0.0,0.008495,-0.000052,-0.0,-0.000039,-0.0,-0.000039,-0.0,-0.000052,0.0,0.0,0.008495,-0.000052,-0.0,-0.000039,-0.0,-0.000039,-0.0,-0.000052,0.0,0.0,0.0,0.0,
0.0,-0.133324,0.46595,0.420371,0.0,0.0,0.0,0.063783,0.406919,-0.112386,0.0,0.0,-1.73073,-0.013587,-0.004749,2.09072,-0.780344,0.0,-1.73073,0.013587,0.004749,2.09072,-0.780344,0.0,-0.276892,0.295866,0.0,-0.227631,0.0,0.0,0.0,-0.276892,-0.295866,0.0,-0.227631,0.0,-0.0,0.0,0.0,0.008495,-0.000052,-0.0,-0.000039,0.0,-0.000039,-0.0,-0.000052,-0.0,0.0,0.008495,-0.000052,-0.0,-0.000039,0.0,-0.000039,-0.0,-0.000052,-0.0,0.0,0.0,0.0,
0.0,-0.133259,0.466362,0.420254,0.0,0.0,0.0,0.064994,0.412107,-0.117312,0.0,0.0,-1.729731,-0.013652,-0.004784,2.089657,-0.780161,0.0,-1.729731,0.013652,0.004784,2.089657,-0.780161,0.0,-0.276526,0.295745,0.0,-0.227753,0.0,0.0,0.0,-0.276526,-0.295745,0.0,-0.227753,0.0,-0.0,0.0,0.0,0.008495,-0.000052,0.0,-0.000039,0.0,-0.000039,0.0,-0.000052,0.0,0.0,0.008495,-0.000052,0.0,-0.000039,0.0,-0.000039,0.0,-0.000052,0.0,0.0,-0.0,0.0,
0.0,-0.133193,0.466777,0.420134,0.0,0.0,0.0,0.065614,0.414815,-0.119709,0.0,0.0,-1.728727,-0.013715,-0.004819,2.088582,-0.779969,0.0,-1.728727,0.013715,0.004819,2.088582,-0.779969,0.0,-0.276156,0.295622,0.0,-0.227876,0.0,0.0,0.0,-0.276156,-0.295622,0.0,-0.227876,0.0,0.0,0.0,0.0,0.008495,-0.000052,0.0,-0.000039,-0.0,-0.000039,0.0,-0.000052,0.0,0.0,0.008495,-0.000052,0.0,-0.000039,-0.0,-0.000039,0.0,-0.000052,0.0,0.0,0.0,0.0,
0.0,-0.133128,0.467192,0.420014,0.0,0.0,0.0,0.065604,0.414815,-0.119842,0.0,0.0,-1.727724,-0.013777,-0.004853,2.087508,-0.779777,0.0,-1.727724,0.013777,0.004853,2.087508,-0.779777,0.0,-0.275786,0.2955,0.0,-0.228,0.0,0.0,0.0,-0.275786,-0.2955,0.0,-0.228,0.0,-0.0,0.0,0.0,0.008495,-0.000052,-0.0,-0.000039,-0.0,-0.000039,-0.0,-0.000052,0.0,0.0,0.008495,-0.000052,-0.0,-0.000039,-0.0,-0.000039,-0.0,-0.000052,0.0,0.0,0.0,0.0,
0.0,-0.133062,0.467607,0.419894,0.0,0.0,0.0,0.065614,0.414815,-0.119842,0.0,0.0,-1.72672,-0.013839,-0.004888,2.086433,-0.779586,0.0,-1.72672,0.013839,0.004888,2.086433,-0.779586,0.0,-0.275417,0.295378,0.0,-0.228123,0.0,0.0,0.0,-0.275417,-0.295378,0.0,-0.228123,0.0,-0.0,0.0,0.0,0.008495,-0.000052,0.0,-0.000039,0.0,-0.000039,-0.0,-0.000052,-0.0,0.0,0.008495,-0.000052,0.0,-0.000039,0.0,-0.000039,-0.0,-0.000052,-0.0,0.0,0.0,0.0,
0.0,-0.132996,0.468021,0.419775,0.0,0.0,0.0,0.065614,0.414777,-0.119709,0.0,0.0,-1.725716,-0.013902,-0.004923,2.085359,-0.779394,0.0,-1.725716,0.013902,0.004923,2.085359,-0.779394,0.0,-0.275047,0.295256,0.0,-0.228247,0.0,0.0,0.0,-0.275047,-0.295256,0.0,-0.228247,0.0,-0.0,0.0,0.0,0.008495,-0.000052,-0.0,-0.000039,-0.0,-0.000039,0.0,-0.000052,0.0,0.0,0.008495,-0.000052,-0.0,-0.000039,-0.0,-0.000039,0.0,-0.000052,0.0,0.0,0.0,0.0,
0.0,-0.132931,0.468436,0.419655,0.0,0.0,0.0,0.065614,0.414815,-0.119842,0.0,0.0,-1.724712,-0.013964,-0.004958,2.084284,-0.779202,0.0,-1.724712,0.013964,0.004958,2.084284,-0.779202,0.0,-0.274678,0.295134,0.0,-0.22837,0.0,0.0,0.0,-0.274678,-0.295134,0.0,-0.22837,0.0,0.0,0.0,0.0,0.008495,-0.000052,0.0,-0.000039,-0.0,-0.000039,0.0,-0.000052,0.0,0.0,0.008495,-0.000052,0.0,-0.000039,-0.0,-0.000039,0.0,-0.000052,0.0,0.0,0.0,0.0,
0.0,-0.132865,0.468851,0.419535,0.0,0.0,0.0,0.065614,0.414777,-0.119842,0.0,0.0,-1.723708,-0.014026,-0.004993,2.083209,-0.77901,0.0,-1.723708,0.014026,0.004993,2.083209,-0.77901,0.0,-0.274308,0.295012,0.0,-0.228494,0.0,-0.0,0.0,-0.274308,-0.295012,0.0,-0.228494,0.0,0.0,0.0,0.0,0.008495,-0.000052,-0.0,-0.000039,0.0,-0.000039,0.0,-0.000052,0.0,0.0,0.008495,-0.000052,-0.0,-0.000039,0.0,-0.000039,0.0,-0.000052,0.0,0.0,0.0,0.0,
0.0,-0.1328,0.469266,0.419415,0.0,0.0,0.0,0.065614,0.414815,-0.119842,0.0,0.0,-1.722704,-0.014088,-0.005027,2.082134,-0.778818,0.0,-1.722704,0.014088,0.005027,2.082134,-0.778818,0.0,-0.273938,0.294889,0.0,-0.228617,0.0,0.0,0.0,-0.273938,-0.294889,0.0,-0.228617,0.0,0.0,0.0,0.0,0.008495,-0.000052,0.0,-0.000039,0.0,-0.000039,-0.0,-0.000052,0.0,0.0,0.008495,-0.000052,0.0,-0.000039,0.0,-0.000039,-0.0,-0.000052,0.0,0.0,0.0,0.0,
0.0,-0.132734,0.469681,0.419295,0.0,0.0,0.0,0.065604,0.414815,-0.119709,0.0,0.0,-1.7217,-0.014151,-0.005062,2.08106,-0.778626,0.0,-1.7217,0.014151,0.005062,2.08106,-0.778626,0.0,-0.273569,0.294767,0.0,-0.228741,0.0,-0.0,0.0,-0.273569,-0.294767,-0.0,-0.228741,0.0,0.0,0.0,0.0,0.008495,-0.000052,0.0,-0.000039,0.0,-0.000039,0.0,-0.000052,0.0,0.0,0.008495,-0.000052,0.0,-0.000039,0.0,-0.000039,0.0,-0.000052,0.0,0.0,0.0,0.0,
0.0,-0.132668,0.470095,0.419175,0.0,0.0,0.0,0.065614,0.414777,-0.119842,0.0,0.0,-1.720696,-0.014213,-0.005097,2.079985,-0.778434,0.0,-1.720696,0.014213,0.005097,2.079985,-0.778434,0.0,-0.273199,0.294645,0.0,-0.228864,0.0,-0.0,0.0,-0.273199,-0.294645,0.0,-0.228864,0.0,0.0,0.0,0.0,0.008495,-0.000052,0.0,-0.000039,0.0,-0.000039,0.0,-0.000052,-0.0,0.0,0.008495,-0.000052,0.0,-0.000039,0.0,-0.000039,0.0,-0.000052,-0.0,0.0,0.0,0.0,
0.0,-0.132603,0.47051,0.419056,0.0,0.0,0.0,0.065614,0.414815,-0.119842,0.0,0.0,-1.719693,-0.014275,-0.005132,2.078911,-0.778242,0.0,-1.719693,0.014275,0.005132,2.078911,-0.778242,0.0,-0.27283,0.294523,0.0,-0.228988,0.0,0.0,0.0,-0.27283,-0.294523,0.0,-0.228988,0.0,-0.0,0.0,0.0,0.008495,-0.000052,-0.0,-0.000039,0.0,-0.000039,-0.0,-0.000052,-0.0,0.0,0.008495,-0.000052,-0.0,-0.000039,0.0,-0.000039,-0.0,-0.000052,-0.0,0.0,0.0,0.0,
0.0,-0.132537,0.470925,0.418936,0.0,0.0,0.0,0.065614,0.414777,-0.119709,0.0,0.0,-1.718689,-0.014337,-0.005167,2.077836,-0.77805,0.0,-1.718689,0.014337,0.005167,2.077836,-0.77805,0.0,-0.27246,0.294401,0.0,-0.229111,0.0,-0.0,0.0,-0.27246,-0.294401,0.0,-0.229111,0.0,0.0,0.0,0.0,0.008495,-0.000052,0.0,-0.000039,0.0,-0.000039,0.0,-0.000052,0.0,0.0,0.008495,-0.000052,0.0,-0.000039,0.0,-0.000039,0.0,-0.000052,0.0,0.0,0.0,0.0,
0.0,-0.132472,0.47134,0.418816,0.0,0.0,0.0,0.065614,0.414815,-0.119842,0.0,0.0,-1.717685,-0.0144,-0.005201,2.076761,-0.777858,0.0,-1.717685,0.0144,0.005201,2.076761,-0.777858,0.0,-0.27209,0.294279,0.0,-0.229235,0.0,0.0,0.0,-0.27209,-0.294279,0.0,-0.229235,0.0,0.0,0.0,0.0,0.008495,-0.000052,-0.0,-0.000039,0.0,-0.000039,0.0,-0.000052,0.0,0.0,0.008495,-0.000052,-0.0,-0.000039,0.0,-0.000039,0.0,-0.000052,0.0,0.0,0.0,0.0,
0.0,-0.132406,0.471755,0.418696,0.0,0.0,0.0,0.065604,0.414815,-0.119842,0.0,0.0,-1.716681,-0.014462,-0.005236,2.075686,-0.777666,0.0,-1.716681,0.014462,0.005236,2.075686,-0.777666,0.0,-0.271721,0.294156,0.0,-0.229358,0.0,-0.0,0.0,-0.271721,-0.294156,0.0,-0.229358,0.0,0.0,0.0,0.0,0.008495,-0.000052,-0.0,-0.000039,0.0,-0.000039,0.0,-0.000052,0.0,0.0,0.008495,-0.000052,-0.0,-0.000039,0.0,-0.000039,0.0,-0.000052,0.0,0.0,0.0,0.0,
0.0,-0.13234,0.472169,0.418576,0.0,0.0,0.0,0.065614,0.414815,-0.119842,0.0,0.0,-1.715677,-0.014524,-0.005271,2.074612,-0.777474,0.0,-1.715677,0.014524,0.005271,2.074612,-0.777474,0.0,-0.271351,0.294034,0.0,-0.229482,0.0,-0.0,0.0,-0.271351,-0.294034,0.0,-0.229482,0.0,0.0,0.0,0.0,0.008495,-0.000052,-0.0,-0.000039,-0.0,-0.000039,0.0,-0.000052,0.0,0.0,0.008495,-0.000052,-0.0,-0.000039,-0.0,-0.000039,0.0,-0.000052,0.0,0.0,0.0,0.0,
0.0,-0.132275,0.472584,0.418457,0.0,0.0,0.0,0.065614,0.414777,-0.119709,0.0,0.0,-1.714673,-0.014586,-0.005306,2.073537,-0.777282,0.0,-1.714673,0.014586,0.005306,2.073537,-0.777282,0.0,-0.270982,0.293912,0.0,-0.229605,0.0,0.0,0.0,-0.270982,-0.293912,0.0,-0.229605,0.0,-0.0,0.0,0.0,0.008495,-0.000052,0.0,-0.000039,0.0,-0.000039,-0.0,-0.000052,-0.0,0.0,0.008495,-0.000052,0.0,-0.000039,0.0,-0.000039,-0.0,-0.000052,-0.0,0.0,0.0,0.0,
0.0,-0.132209,0.472999,0.418337,0.0,0.0,0.0,0.065614,0.414777,-0.119842,0.0,0.0,-1.713669,-0.014649,-0.005341,2.072463,-0.777091,0.0,-1.713669,0.014649,0.005341,2.072463,-0.777091,0.0,-0.270612,0.29379,0.0,-0.229729,0.0,-0.0,0.0,-0.270612,-0.29379,0.0,-0.229729,0.0,0.0,0.0,0.0,0.008495,-0.000052,-0.0,-0.000039,-0.0,-0.000039,0.0,-0.000052,0.0,0.0,0.008495,-0.000052,-0.0,-0.000039,-0.0,-0.000039,0.0,-0.000052,0.0,0.0,0.0,0.0,
0.0,-0.132143,0.473414,0.418217,0.0,0.0,0.0,0.065614,0.414815,-0.119709,0.0,0.0,-1.712665,-0.014711,-0.005375,2.071388,-0.776899,0.0,-1.712665,0.014711,0.005375,2.071388,-0.776899,0.0,-0.270243,0.293668,0.0,-0.229852,0.0,-0.0,0.0,-0.270243,-0.293668,0.0,-0.229852,0.0,0.0,0.0,0.0,0.008495,-0.000052,0.0,-0.000039,-0.0,-0.000039,-0.0,-0.000052,-0.0,0.0,0.008495,-0.000052,0.0,-0.000039,-0.0,-0.000039,-0.0,-0.000052,-0.0,0.0,0.0,0.0,
0.0,-0.132078,0.473829,0.418097,0.0,0.0,0.0,0.065604,0.414815,-0.119842,0.0,0.0,-1.711661,-0.014773,-0.00541,2.070313,-0.776707,0.0,-1.711661,0.014773,0.00541,2.070313,-0.776707,0.0,-0.269873,0.293546,0.0,-0.229976,0.0,-0.0,0.0,-0.269873,-0.293546,0.0,-0.229976,0.0,0.0,0.0,0.0,0.008495,-0.000052,0.0,-0.000039,0.0,-0.000039,-0.0,-0.000052,-0.0,0.0,0.008495,-0.000052,0.0,-0.000039,0.0,-0.000039,-0.0,-0.000052,-0.0,0.0,0.0,0.0,
0.0,-0.132012,0.474243,0.417977,0.0,0.0,0.0,0.065614,0.414815,-0.119842,0.0,0.0,-1.710658,-0.014835,-0.005445,2.069238,-0.776515,0.0,-1.710658,0.014835,0.005445,2.069238,-0.776515,0.0,-0.269503,0.293423,0.0,-0.230099,0.0,0.0,0.0,-0.269503,-0.293423,0.0,-0.230099,0.0,-0.0,0.0,0.0,0.008495,-0.000052,0.0,-0.000039,0.0,-0.000039,-0.0,-0.000052,0.0,0.0,0.008495,-0.000052,0.0,-0.000039,0.0,-0.000039,-0.0,-0.000052,0.0,0.0,0.0,0.0,
0.0,-0.131947,0.474658,0.417858,0.0,0.0,0.0,0.065614,0.414777,-0.119709,0.0,0.0,-1.709654,-0.014898,-0.00548,2.068164,-0.776323,0.0,-1.709654,0.014898,0.00548,2.068164,-0.776323,0.0,-0.269134,0.293301,0.0,-0.230223,0.0,0.0,0.0,-0.269134,-0.293301,0.0,-0.230223,0.0,0.0,0.0,0.0,0.008495,-0.000052,-0.0,-0.000039,0.0,-0.000039,0.0,-0.000052,-0.0,0.0,0.008495,-0.000052,-0.0,-0.000039,0.0,-0.000039,0.0,-0.000052,-0.0,0.0,0.0,0.0,
0.0,-0.131881,0.475073,0.417738,0.0,0.0,0.0,0.065614,0.414815,-0.119842,0.0,0.0,-1.70865,-0.01496,-0.005514,2.067089,-0.776131,0.0,-1.70865,0.01496,0.005514,2.067089,-0.776131,0.0,-0.268764,0.293179,0.0,-0.230346,0.0,-0.0,0.0,-0.268764,-0.293179,0.0,-0.230346,0.0,0.0,0.0,0.0,0.008495,-0.000052,0.0,-0.000039,-0.0,-0.000039,-0.0,-0.000052,0.0,0.0,0.008495,-0.000052,0.0,-0.000039,-0.0,-0.000039,-0.0,-0.000052,0.0,0.0,0.0,0.0,
0.0,-0.131815,0.475488,0.417618,0.0,0.0,0.0,0.065614,0.414777,-0.119842,0.0,0.0,-1.707646,-0.015022,-0.005549,2.066014,-0.775939,0.0,-1.707646,0.015022,0.005549,2.066014,-0.775939,0.0,-0.268395,0.293057,0.0,-0.23047,0.0,-0.0,0.0,-0.268395,-0.293057,0.0,-0.23047,0.0,0.0,0.0,0.0,0.008495,-0.000052,-0.0,-0.000039,0.0,-0.000039,0.0,-0.000052,0.0,0.0,0.008495,-0.000052,-0.0,-0.000039,0.0,-0.000039,0.0,-0.000052,0.0,0.0,0.0,0.0,
0.0,-0.13175,0.475903,0.417498,0.0,0.0,0.0,0.065604,0.414815,-0.119842,0.0,0.0,-1.706642,-0.015084,-0.005584,2.06494,-0.775747,0.0,-1.706642,0.015084,0.005584,2.06494,-0.775747,0.0,-0.268025,0.292935,0.0,-0.230593,-0.0,0.0,0.0,-0.268025,-0.292935,0.0,-0.230593,0.0,0.0,0.0,0.0,0.008495,-0.000052,-0.0,-0.000039,0.0,-0.000039,0.0,-0.000052,0.0,0.0,0.008495,-0.000052,-0.0,-0.000039,0.0,-0.000039,0.0,-0.000052,0.0,0.0,0.0,0.0,
0.0,-0.131684,0.476317,0.417378,0.0,0.0,0.0,0.065614,0.414815,-0.119842,0.0,0.0,-1.705638,-0.015147,-0.005619,2.063865,-0.775555,0.0,-1.705638,0.015147,0.005619,2.063865,-0.775555,0.0,-0.267655,0.292813,0.0,-0.230717,0.0,0.0,0.0,-0.267655,-0.292813,0.0,-0.230717,0.0,0.0,0.0,0.0,0.008495,-0.000052,0.0,-0.000039,0.0,-0.000039,-0.0,-0.000052,0.0,0.0,0.008495,-0.000052,0.0,-0.000039,0.0,-0.000039,-0.0,-0.000052,0.0,0.0,0.0,0.0,
0.0,-0.131619,0.476732,0.417259,0.0,0.0,0.0,0.065614,0.414777,-0.119709,0.0,0.0,-1.704634,-0.015209,-0.005654,2.06279,-0.775363,0.0,-1.704634,0.015209,0.005654,2.06279,-0.775363,0.0,-0.267286,0.29269,0.0,-0.23084,0.0,-0.0,0.0,-0.267286,-0.29269,0.0,-0.23084,0.0,0.0,0.0,0.0,0.008495,-0.000052,-0.0,-0.000039,-0.0,-0.000039,0.0,-0.000052,0.0,0.0,0.008495,-0.000052,-0.0,-0.000039,-0.0,-0.000039,0.0,-0.000052,0.0,0.0,0.0,0.0,
0.0,-0.131553,0.477147,0.417139,0.0,0.0,0.0,0.065614,0.414815,-0.119842,0.0,0.0,-1.70363,-0.015271,-0.005688,2.061716,-0.775171,0.0,-1.70363,0.015271,0.005688,2.061716,-0.775171,0.0,-0.266916,0.292568,0.0,-0.230964,0.0,0.0,0.0,-0.266916,-0.292568,0.0,-0.230964,0.0,-0.0,0.0,0.0,0.008495,-0.000052,-0.0,-0.000039,-0.0,-0.000039,0.0,-0.000052,0.0,0.0,0.008495,-0.000052,-0.0,-0.000039,-0.0,-0.000039,0.0,-0.000052,0.0,0.0,0.0,0.0,
0.0,-0.131487,0.477562,0.417019,0.0,0.0,0.0,0.065614,0.414815,-0.119709,0.0,0.0,-1.702627,-0.015333,-0.005723,2.060641,-0.774979,0.0,-1.702627,0.015333,0.005723,2.060641,-0.774979,0.0,-0.266547,0.292446,0.0,-0.231087,0.0,0.0,0.0,-0.266547,-0.292446,0.0,-0.231087,0.0,0.0,0.0,0.0,0.008495,-0.000052,0.0,-0.000039,0.0,-0.000039,0.0,-0.000052,-0.0,0.0,0.008495,-0.000052,0.0,-0.000039,0.0,-0.000039,0.0,-0.000052,-0.0,0.0,0.0,0.0,
0.0,-0.131422,0.477977,0.416899,0.0,0.0,0.0,0.065614,0.414815,-0.119842,0.0,0.0,-1.701623,-0.015396,-0.005758,2.059567,-0.774788,0.0,-1.701623,0.015396,0.005758,2.059567,-0.774788,0.0,-0.266177,0.292324,-0.0,-0.231211,0.0,0.0,0.0,-0.266177,-0.292324,0.0,-0.231211,0.0,-0.0,0.0,0.0,0.008495,-0.000052,0.0,-0.000039,-0.0,-0.000039,0.0,-0.000052,0.0,0.0,0.008495,-0.000052,0.0,-0.000039,-0.0,-0.000039,0.0,-0.000052,0.0,0.0,0.0,0.0,
0.0,-0.131356,0.478391,0.416779,0.0,0.0,0.0,0.065604,0.414777,-0.119842,0.0,0.0,-1.700619,-0.015458,-0.005793,2.058492,-0.774596,0.0,-1.700619,0.015458,0.005793,2.058492,-0.774596,0.0,-0.265807,0.292202,0.0,-0.231334,0.0,0.0,0.0,-0.265807,-0.292202,0.0,-0.231334,0.0,0.0,0.0,0.0,0.008495,-0.000052,0.0,-0.000039,-0.0,-0.000039,0.0,-0.000052,-0.0,0.0,0.008495,-0.000052,0.0,-0.000039,-0.0,-0.000039,0.0,-0.000052,-0.0,0.0,0.0,0.0,
0.0,-0.13129,0.478806,0.41666,0.0,0.0,0.0,0.065614,0.414815,-0.119709,0.0,0.0,-1.699615,-0.01552,-0.005828,2.057417,-0.774404,0.0,-1.699615,0.01552,0.005828,2.057417,-0.774404,0.0,-0.265438,0.29208,0.0,-0.231458,0.0,0.0,0.0,-0.265438,-0.29208,0.0,-0.231458,0.0,0.0,0.0,0.0,0.008495,-0.000052,0.0,-0.000039,0.0,-0.000039,0.0,-0.000052,0.0,0.0,0.008495,-0.000052,0.0,-0.000039,0.0,-0.000039,0.0,-0.000052,0.0,0.0,0.0,0.0,
0.0,-0.131225,0.479221,0.41654,0.0,0.0,0.0,0.065614,0.414777,-0.119842,0.0,0.0,-1.698611,-0.015583,-0.005862,2.056343,-0.774212,0.0,-1.698611,0.015583,0.005862,2.056343,-0.774212,0.0,-0.265068,0.291957,0.0,-0.231581,0.0,0.0,0.0,-0.265068,-0.291957,0.0,-0.231581,-0.0,-0.0,0.0,0.0,0.008495,-0.000052,0.0,-0.000039,-0.0,-0.000039,-0.0,-0.000052,0.0,0.0,0.008495,-0.000052,0.0,-0.000039,-0.0,-0.000039,-0.0,-0.000052,0.0,0.0,0.0,0.0,
0.0,-0.131159,0.479636,0.41642,0.0,0.0,0.0,0.065614,0.414815,-0.119842,0.0,0.0,-1.697607,-0.015645,-0.005897,2.055268,-0.77402,0.0,-1.697607,0.015645,0.005897,2.055268,-0.77402,0.0,-0.264699,0.291835,0.0,-0.231705,0.0,-0.0,0.0,-0.264699,-0.291835,0.0,-0.231705,0.0,0.0,0.0,0.0,0.008495,-0.000052,-0.0,-0.000039,-0.0,-0.000039,0.0,-0.000052,-0.0,0.0,0.008495,-0.000052,-0.0,-0.000039,-0.0,-0.000039,0.0,-0.000052,-0.0,0.0,0.0,0.0,
0.0,-0.131093,0.480053,0.416297,0.0,0.0,0.0,0.066177,0.417066,-0.122905,0.0,0.0,-1.696599,-0.015703,-0.005932,2.054181,-0.773818,0.0,-1.696599,0.015703,0.005932,2.054181,-0.773818,0.0,-0.264328,0.291712,-0.0,-0.231829,0.0,0.0,0.0,-0.264328,-0.291712,0.0,-0.231829,0.0,-0.0,0.0,0.0,0.008495,-0.000052,-0.0,-0.000039,0.0,-0.000039,0.0,-0.000052,0.0,0.0,0.008495,-0.000052,-0.0,-0.000039,0.0,-0.000039,0.0,-0.000052,0.0,0.0,0.0,0.0,
0.0,-0.131026,0.480475,0.416168,0.0,0.0,0.0,0.06734,0.421644,-0.12903,0.0,0.0,-1.695581,-0.015752,-0.005967,2.053069,-0.773594,0.0,-1.695581,0.015752,0.005967,2.053069,-0.773594,0.0,-0.263955,0.291588,0.0,-0.231954,0.0,0.0,0.0,-0.263955,-0.291588,0.0,-0.231954,0.0,0.0,0.0,0.0,0.008495,-0.000052,0.0,-0.000039,-0.0,-0.000039,0.0,-0.000052,0.0,0.0,0.008495,-0.000052,0.0,-0.000039,-0.0,-0.000039,0.0,-0.000052,0.0,0.0,0.0,0.0,
0.0,-0.130958,0.480896,0.416039,0.0,0.0,0.0,0.06734,0.42172,-0.129164,0.0,0.0,-1.694563,-0.015802,-0.006002,2.051956,-0.773371,0.0,-1.694563,0.015802,0.006002,2.051956,-0.773371,0.0,-0.263582,0.291464,-0.0,-0.23208,0.0,0.0,0.0,-0.263582,-0.291464,0.0,-0.23208,0.0,-0.0,0.0,0.0,0.008495,-0.000052,0.0,-0.000039,0.0,-0.000039,0.0,-0.000052,0.0,0.0,0.008495,-0.000052,0.0,-0.000039,0.0,-0.000039,0.0,-0.000052,0.0,0.0,0.0,0.0,
0.0,-0.130891,0.481318,0.41591,0.0,0.0,0.0,0.06734,0.421682,-0.12903,0.0,0.0,-1.693546,-0.015851,-0.006036,2.050844,-0.773148,0.0,-1.693546,0.015851,0.006036,2.050844,-0.773148,0.0,-0.263209,0.29134,0.0,-0.232205,0.0,-0.0,0.0,-0.263209,-0.29134,0.0,-0.232205,0.0,0.0,0.0,0.0,0.008495,-0.000052,0.0,-0.000039,0.0,-0.000039,0.0,-0.000052,-0.0,0.0,0.008495,-0.000052,0.0,-0.000039,0.0,-0.000039,0.0,-0.000052,-0.0,0.0,0.0,0.0,
0.0,-0.130824,0.48174,0.415781,0.0,0.0,0.0,0.067349,0.421682,-0.129164,0.0,0.0,-1.692528,-0.015901,-0.006071,2.049731,-0.772925,0.0,-1.692528,0.015901,0.006071,2.049731,-0.772925,0.0,-0.262836,0.291216,0.0,-0.23233,0.0,0.0,0.0,-0.262836,-0.291216,0.0,-0.23233,0.0,0.0,0.0,0.0,0.008495,-0.000052,-0.0,-0.000039,-0.0,-0.000039,0.0,-0.000052,0.0,0.0,0.008495,-0.000052,-0.0,-0.000039,-0.0,-0.000039,0.0,-0.000052,0.0,0.0,0.0,0.0,
0.0,-0.130756,0.482161,0.415652,0.0,0.0,0.0,0.06734,0.421682,-0.12903,0.0,0.0,-1.69151,-0.01595,-0.006106,2.048619,-0.772701,0.0,-1.69151,0.01595,0.006106,2.048619,-0.772701,0.0,-0.262463,0.291093,0.0,-0.232456,0.0,0.0,0.0,-0.262463,-0.291093,0.0,-0.232456,0.0,0.0,0.0,0.0,0.008495,-0.000052,0.0,-0.000039,-0.0,-0.000039,0.0,-0.000052,0.0,0.0,0.008495,-0.000052,0.0,-0.000039,-0.0,-0.000039,0.0,-0.000052,0.0,0.0,0.0,0.0,
0.0,-0.130689,0.482583,0.415522,0.0,0.0,0.0,0.06734,0.42172,-0.129164,0.0,0.0,-1.690492,-0.015999,-0.006141,2.047506,-0.772478,0.0,-1.690492,0.015999,0.006141,2.047506,-0.772478,0.0,-0.26209,0.290969,0.0,-0.232581,0.0,0.0,0.0,-0.26209,-0.290969,0.0,-0.232581,0.0,0.0,0.0,0.0,0.008495,-0.000052,-0.0,-0.000039,-0.0,-0.000039,-0.0,-0.000052,0.0,0.0,0.008495,-0.000052,-0.0,-0.000039,-0.0,-0.000039,-0.0,-0.000052,0.0,0.0,0.0,0.0,
0.0,-0.130622,0.483005,0.415393,0.0,0.0,0.0,0.06734,0.421644,-0.12903,0.0,0.0,-1.689475,-0.016049,-0.006176,2.046394,-0.772255,0.0,-1.689475,0.016049,0.006176,2.046394,-0.772255,0.0,-0.261717,0.290845,0.0,-0.232706,0.0,-0.0,0.0,-0.261717,-0.290845,0.0,-0.232706,0.0,0.0,0.0,0.0,0.008495,-0.000052,0.0,-0.000039,0.0,-0.000039,0.0,-0.000052,0.0,0.0,0.008495,-0.000052,0.0,-0.000039,0.0,-0.000039,0.0,-0.000052,0.0,0.0,0.0,0.0,
0.0,-0.130554,0.483426,0.415264,0.0,0.0,0.0,0.06734,0.421682,-0.129164,0.0,0.0,-1.688457,-0.016098,-0.00621,2.045281,-0.772032,0.0,-1.688457,0.016098,0.00621,2.045281,-0.772032,0.0,-0.261344,0.290721,0.0,-0.232832,0.0,-0.0,0.0,-0.261344,-0.290721,0.0,-0.232832,0.0,0.0,0.0,0.0,0.008495,-0.000052,0.0,-0.000039,-0.0,-0.000039,0.0,-0.000052,-0.0,0.0,0.008495,-0.000052,0.0,-0.000039,-0.0,-0.000039,0.0,-0.000052,-0.0,0.0,0.0,0.0,
0.0,-0.130487,0.483848,0.415135,0.0,0.0,0.0,0.067349,0.42172,-0.129164,0.0,0.0,-1.687439,-0.016148,-0.006245,2.044169,-0.771808,0.0,-1.687439,0.016148,0.006245,2.044169,-0.771808,0.0,-0.260971,0.290597,0.0,-0.232957,0.0,0.0,0.0,-0.260971,-0.290597,0.0,-0.232957,0.0,0.0,0.0,0.0,0.008495,-0.000052,-0.0,-0.000039,-0.0,-0.000039,-0.0,-0.000052,-0.0,0.0,0.008495,-0.000052,-0.0,-0.000039,-0.0,-0.000039,-0.0,-0.000052,-0.0,0.0,0.0,0.0,
0.0,-0.13042,0.48427,0.415006,0.0,0.0,0.0,0.06734,0.421682,-0.12903,0.0,0.0,-1.686421,-0.016197,-0.00628,2.043056,-0.771585,0.0,-1.686421,0.016197,0.00628,2.043056,-0.771585,0.0,-0.260598,0.290473,0.0,-0.233082,0.0,0.0,0.0,-0.260598,-0.290473,0.0,-0.233082,0.0,0.0,0.0,0.0,0.008495,-0.000052,-0.0,-0.000039,0.0,-0.000039,-0.0,-0.000052,0.0,0.0,0.008495,-0.000052,-0.0,-0.000039,0.0,-0.000039,-0.0,-0.000052,0.0,0.0,0.0,0.0,
0.0,-0.130352,0.484692,0.414877,0.0,0.0,0.0,0.06734,0.421682,-0.129164,0.0,0.0,-1.685403,-0.016247,-0.006315,2.041944,-0.771362,0.0,-1.685403,0.016247,0.006315,2.041944,-0.771362,0.0,-0.260225,0.290349,0.0,-0.233208,0.0,-0.0,0.0,-0.260225,-0.290349,0.0,-0.233208,0.0,0.0,0.0,0.0,0.008495,-0.000052,0.0,-0.000039,0.0,-0.000039,0.0,-0.000052,0.0,0.0,0.008495,-0.000052,0.0,-0.000039,0.0,-0.000039,0.0,-0.000052,0.0,0.0,-0.0,0.0,
0.0,-0.130285,0.485113,0.414748,0.0,0.0,0.0,0.06734,0.421682,-0.12903,0.0,0.0,-1.684386,-0.016296,-0.006349,2.040832,-0.771139,0.0,-1.684386,0.016296,0.006349,2.040832,-0.771139,0.0,-0.259852,0.290225,0.0,-0.233333,0.0,-0.0,0.0,-0.259852,-0.290225,0.0,-0.233333,0.0,0.0,0.0,0.0,0.008495,-0.000052,-0.0,-0.000039,-0.0,-0.000039,0.0,-0.000052,0.0,0.0,0.008495,-0.000052,-0.0,-0.000039,-0.0,-0.000039,0.0,-0.000052,0.0,0.0,0.0,0.0,
0.0,-0.130218,0.485535,0.414619,0.0,0.0,0.0,0.06734,0.42172,-0.129164,0.0,0.0,-1.683368,-0.016346,-0.006384,2.039719,-0.770915,0.0,-1.683368,0.016346,0.006384,2.039719,-0.770915,0.0,-0.259479,0.290101,0.0,-0.233459,0.0,0.0,0.0,-0.259479,-0.290101,-0.0,-0.233459,0.0,-0.0,0.0,0.0,0.008495,-0.000052,0.0,-0.000039,0.0,-0.000039,0.0,-0.000052,-0.0,0.0,0.008495,-0.000052,0.0,-0.000039,0.0,-0.000039,0.0,-0.000052,-0.0,0.0,0.0,0.0,
0.0,-0.13015,0.485957,0.41449,0.0,0.0,0.0,0.06734,0.421644,-0.12903,0.0,0.0,-1.68235,-0.016395,-0.006419,2.038607,-0.770692,0.0,-1.68235,0.016395,0.006419,2.038607,-0.770692,0.0,-0.259106,0.289977,0.0,-0.233584,0.0,0.0,0.0,-0.259106,-0.289977,0.0,-0.233584,0.0,-0.0,0.0,0.0,0.008495,-0.000052,-0.0,-0.000039,0.0,-0.000039,0.0,-0.000052,-0.0,0.0,0.008495,-0.000052,-0.0,-0.000039,0.0,-0.000039,0.0,-0.000052,-0.0,0.0,0.0,0.0,
0.0,-0.130083,0.486378,0.414361,0.0,0.0,0.0,0.06734,0.421682,-0.129164,0.0,0.0,-1.681332,-0.016444,-0.006454,2.037494,-0.770469,0.0,-1.681332,0.016444,0.006454,2.037494,-0.770469,0.0,-0.258733,0.289853,0.0,-0.233709,0.0,0.0,0.0,-0.258733,-0.289853,0.0,-0.233709,0.0,0.0,0.0,0.0,0.008495,-0.000052,-0.0,-0.000039,-0.0,-0.000039,-0.0,-0.000052,0.0,0.0,0.008495,-0.000052,-0.0,-0.000039,-0.0,-0.000039,-0.0,-0.000052,0.0,0.0,0.0,0.0,
0.0,-0.130016,0.4868,0.414232,0.0,0.0,0.0,0.067349,0.42172,-0.12903,0.0,0.0,-1.680315,-0.016494,-0.006489,2.036381,-0.770245,0.0,-1.680315,0.016494,0.006489,2.036381,-0.770245,0.0,-0.25836,0.289729,0.0,-0.233835,0.0,-0.0,0.0,-0.25836,-0.289729,0.0,-0.233835,0.0,0.0,0.0,0.0,0.008495,-0.000052,-0.0,-0.000039,0.0,-0.000039,0.0,-0.000052,0.0,0.0,0.008495,-0.000052,-0.0,-0.000039,0.0,-0.000039,0.0,-0.000052,0.0,0.0,0.0,0.0,
0.0,-0.129948,0.487222,0.414102,0.0,0.0,0.0,0.06734,0.421682,-0.129164,0.0,0.0,-1.679297,-0.016543,-0.006523,2.035269,-0.770022,0.0,-1.679297,0.016543,0.006523,2.035269,-0.770022,0.0,-0.257987,0.289605,0.0,-0.23396,0.0,0.0,0.0,-0.257987,-0.289605,0.0,-0.23396,0.0,-0.0,0.0,0.0,0.008495,-0.000052,0.0,-0.000039,-0.0,-0.000039,0.0,-0.000052,-0.0,0.0,0.008495,-0.000052,0.0,-0.000039,-0.0,-0.000039,0.0,-0.000052,-0.0,0.0,0.0,0.0,
0.0,-0.129881,0.487643,0.413973,0.0,0.0,0.0,0.06734,0.421682,-0.129164,0.0,0.0,-1.678279,-0.016593,-0.006558,2.034156,-0.769799,0.0,-1.678279,0.016593,0.006558,2.034156,-0.769799,0.0,-0.257614,0.289481,0.0,-0.234085,0.0,-0.0,0.0,-0.257614,-0.289481,0.0,-0.234085,0.0,0.0,0.0,0.0,0.008495,-0.000052,-0.0,-0.000039,-0.0,-0.000039,0.0,-0.000052,-0.0,0.0,0.008495,-0.000052,-0.0,-0.000039,-0.0,-0.000039,0.0,-0.000052,-0.0,0.0,0.0,0.0,
0.0,-0.129814,0.488065,0.413844,0.0,0.0,0.0,0.06734,0.421682,-0.12903,0.0,0.0,-1.677261,-0.016642,-0.006593,2.033044,-0.769576,0.0,-1.677261,0.016642,0.006593,2.033044,-0.769576,0.0,-0.257241,0.289357,0.0,-0.234211,0.0,0.0,0.0,-0.257241,-0.289357,0.0,-0.234211,0.0,-0.0,0.0,0.0,0.008495,-0.000052,-0.0,-0.000039,0.0,-0.000039,0.0,-0.000052,0.0,0.0,0.008495,-0.000052,-0.0,-0.000039,0.0,-0.000039,0.0,-0.000052,0.0,0.0,0.0,0.0,
0.0,-0.129746,0.488487,0.413715,0.0,0.0,0.0,0.067349,0.421682,-0.129164,0.0,0.0,-1.676243,-0.016692,-0.006628,2.031931,-0.769352,0.0,-1.676243,0.016692,0.006628,2.031931,-0.769352,0.0,-0.256868,0.289233,0.0,-0.234336,0.0,0.0,0.0,-0.256868,-0.289233,-0.0,-0.234336,0.0,0.0,0.0,0.0,0.008495,-0.000052,0.0,-0.000039,-0.0,-0.000039,-0.0,-0.000052,0.0,0.0,0.008495,-0.000052,0.0,-0.000039,-0.0,-0.000039,-0.0,-0.000052,0.0,0.0,0.0,0.0,
0.0,-0.129679,0.488908,0.413586,0.0,0.0,0.0,0.06734,0.421682,-0.12903,0.0,0.0,-1.675225,-0.016741,-0.006663,2.030819,-0.769129,0.0,-1.675225,0.016741,0.006663,2.030819,-0.769129,0.0,-0.256495,0.289109,0.0,-0.234462,0.0,0.0,0.0,-0.256495,-0.289109,0.0,-0.234462,0.0,0.0,0.0,0.0,0.008495,-0.000052,-0.0,-0.000039,0.0,-0.000039,0.0,-0.000052,0.0,0.0,0.008495,-0.000052,-0.0,-0.000039,0.0,-0.000039,0.0,-0.000052,0.0,0.0,0.0,0.0,
0.0,-0.129612,0.48933,0.413457,0.0,0.0,0.0,0.06734,0.421682,-0.129164,0.0,0.0,-1.674208,-0.016791,-0.006697,2.029706,-0.768906,0.0,-1.674208,0.016791,0.006697,2.029706,-0.768906,0.0,-0.256122,0.288985,0.0,-0.234587,0.0,0.0,0.0,-0.256122,-0.288985,0.0,-0.234587,0.0,-0.0,0.0,0.0,0.008495,-0.000052,0.0,-0.000039,-0.0,-0.000039,0.0,-0.000052,0.0,0.0,0.008495,-0.000052,0.0,-0.000039,-0.0,-0.000039,0.0,-0.000052,0.0,0.0,0.0,0.0,
0.0,-0.129544,0.489752,0.413328,0.0,0.0,0.0,0.06734,0.42172,-0.12903,0.0,0.0,-1.67319,-0.01684,-0.006732,2.028594,-0.768683,0.0,-1.67319,0.01684,0.006732,2.028594,-0.768683,0.0,-0.255749,0.288861,0.0,-0.234712,0.0,0.0,0.0,-0.255749,-0.288861,-0.0,-0.234712,0.0,-0.0,0.0,0.0,0.008495,-0.000052,-0.0,-0.000039,0.0,-0.000039,-0.0,-0.000052,-0.0,0.0,0.008495,-0.000052,-0.0,-0.000039,0.0,-0.000039,-0.0,-0.000052,-0.0,0.0,0.0,0.0,
0.0,-0.129477,0.490173,0.413199,0.0,0.0,0.0,0.06734,0.421682,-0.129164,0.0,0.0,-1.672172,-0.016889,-0.006767,2.027481,-0.768459,0.0,-1.672172,0.016889,0.006767,2.027481,-0.768459,0.0,-0.255376,0.288737,0.0,-0.234838,0.0,-0.0,0.0,-0.255376,-0.288737,0.0,-0.234838,0.0,0.0,0.0,0.0,0.008495,-0.000052,0.0,-0.000039,-0.0,-0.000039,0.0,-0.000052,0.0,0.0,0.008495,-0.000052,0.0,-0.000039,-0.0,-0.000039,0.0,-0.000052,0.0,0.0,0.0,0.0,
0.0,-0.12941,0.490595,0.41307,0.0,0.0,0.0,0.067349,0.421682,-0.12903,0.0,0.0,-1.671154,-0.016939,-0.006802,2.026369,-0.768236,0.0,-1.671154,0.016939,0.006802,2.026369,-0.768236,0.0,-0.255003,0.288613,0.0,-0.234963,0.0,0.0,0.0,-0.255003,-0.288613,0.0,-0.234963,0.0,-0.0,0.0,0.0,0.008495,-0.000052,0.0,-0.000039,0.0,-0.000039,-0.0,-0.000052,-0.0,0.0,0.008495,-0.000052,0.0,-0.000039,0.0,-0.000039,-0.0,-0.000052,-0.0,0.0,0.0,0.0,
0.0,-0.129342,0.491017,0.41294,0.0,0.0,0.0,0.06734,0.421682,-0.129164,0.0,0.0,-1.670136,-0.016988,-0.006837,2.025256,-0.768013,0.0,-1.670136,0.016988,0.006837,2.025256,-0.768013,0.0,-0.25463,0.288489,0.0,-0.235088,0.0,0.0,0.0,-0.25463,-0.288489,0.0,-0.235088,0.0,-0.0,0.0,0.0,0.008495,-0.000052,0.0,-0.000039,0.0,-0.000039,0.0,-0.000052,0.0,0.0,0.008495,-0.000052,0.0,-0.000039,0.0,-0.000039,0.0,-0.000052,0.0,0.0,0.0,0.0,
0.0,-0.129275,0.491438,0.412811,0.0,0.0,0.0,0.06734,0.421682,-0.129164,0.0,0.0,-1.669119,-0.017038,-0.006871,2.024144,-0.76779,0.0,-1.669119,0.017038,0.006871,2.024144,-0.76779,0.0,-0.254257,0.288365,0.0,-0.235214,0.0,0.0,0.0,-0.254257,-0.288365,0.0,-0.235214,0.0,-0.0,0.0,0.0,0.008495,-0.000052,-0.0,-0.000039,0.0,-0.000039,0.0,-0.000052,-0.0,0.0,0.008495,-0.000052,-0.0,-0.000039,0.0,-0.000039,0.0,-0.000052,-0.0,0.0,0.0,0.0,
0.0,-0.129208,0.49186,0.412682,0.0,0.0,0.0,0.06734,0.421682,-0.12903,0.0,0.0,-1.668101,-0.017087,-0.006906,2.023032,-0.767566,0.0,-1.668101,0.017087,0.006906,2.023032,-0.767566,0.0,-0.253884,0.288241,0.0,-0.235339,0.0,0.0,0.0,-0.253884,-0.288241,0.0,-0.235339,0.0,-0.0,0.0,0.0,0.008495,-0.000052,0.0,-0.000039,0.0,-0.000039,0.0,-0.000052,-0.0,0.0,0.008495,-0.000052,0.0,-0.000039,0.0,-0.000039,0.0,-0.000052,-0.0,0.0,0.0,0.0,
0.0,-0.12914,0.492282,0.412553,0.0,0.0,0.0,0.067349,0.42172,-0.129164,0.0,0.0,-1.667083,-0.017137,-0.006941,2.021919,-0.767343,0.0,-1.667083,0.017137,0.006941,2.021919,-0.767343,0.0,-0.253511,0.288117,0.0,-0.235465,0.0,0.0,0.0,-0.253511,-0.288117,0.0,-0.235465,0.0,-0.0,0.0,0.0,0.008495,-0.000052,-0.0,-0.000039,-0.0,-0.000039,0.0,-0.000052,0.0,0.0,0.008495,-0.000052,-0.0,-0.000039,-0.0,-0.000039,0.0,-0.000052,0.0,0.0,0.0,0.0,
0.0,-0.129073,0.492704,0.412424,0.0,0.0,0.0,0.06734,0.421682,-0.12903,0.0,0.0,-1.666065,-0.017186,-0.006976,2.020807,-0.76712,0.0,-1.666065,0.017186,0.006976,2.020807,-0.76712,0.0,-0.253138,0.287993,-0.0,-0.23559,0.0,0.0,0.0,-0.253138,-0.287993,0.0,-0.23559,0.0,-0.0,0.0,0.0,0.008495,-0.000052,0.0,-0.000039,-0.0,-0.000039,0.0,-0.000052,-0.0,0.0,0.008495,-0.000052,0.0,-0.000039,-0.0,-0.000039,0.0,-0.000052,-0.0,0.0,0.0,0.0,
0.0,-0.129006,0.493125,0.412295,0.0,0.0,0.0,0.06734,0.421644,-0.129164,0.0,0.0,-1.665048,-0.017236,-0.00701,2.019694,-0.766896,0.0,-1.665048,0.017236,0.00701,2.019694,-0.766896,0.0,-0.252765,0.287869,0.0,-0.235715,0.0,0.0,0.0,-0.252765,-0.287869,0.0,-0.235715,0.0,0.0,0.0,0.0,0.008495,-0.000052,-0.0,-0.000039,0.0,-0.000039,0.0,-0.000052,0.0,0.0,0.008495,-0.000052,-0.0,-0.000039,0.0,-0.000039,0.0,-0.000052,0.0,0.0,0.0,0.0,
0.0,-0.128938,0.493547,0.412166,0.0,0.0,0.0,0.06734,0.42172,-0.12903,0.0,0.0,-1.66403,-0.017285,-0.007045,2.018582,-0.766673,0.0,-1.66403,0.017285,0.007045,2.018582,-0.766673,0.0,-0.252392,0.287745,0.0,-0.235841,0.0,0.0,0.0,-0.252392,-0.287745,0.0,-0.235841,0.0,-0.0,0.0,0.0,0.008495,-0.000052,-0.0,-0.000039,-0.0,-0.000039,0.0,-0.000052,-0.0,0.0,0.008495,-0.000052,-0.0,-0.000039,-0.0,-0.000039,0.0,-0.000052,-0.0,0.0,0.0,0.0,
0.0,-0.128871,0.493969,0.412037,0.0,0.0,0.0,0.06734,0.421682,-0.129164,0.0,0.0,-1.663012,-0.017334,-0.00708,2.017469,-0.76645,0.0,-1.663012,0.017334,0.00708,2.017469,-0.76645,0.0,-0.252019,0.287621,0.0,-0.235966,0.0,0.0,0.0,-0.252019,-0.287621,0.0,-0.235966,0.0,-0.0,0.0,0.0,0.008495,-0.000052,0.0,-0.000039,0.0,-0.000039,0.0,-0.000052,0.0,0.0,0.008495,-0.000052,0.0,-0.000039,0.0,-0.000039,0.0,-0.000052,0.0,0.0,0.0,0.0,
0.0,-0.128802,0.494396,0.4119,0.0,0.0,0.0,0.068961,0.427557,-0.136487,0.0,0.0,-1.661984,-0.017375,-0.007113,2.016329,-0.766198,0.0,-1.661984,0.017375,0.007113,2.016329,-0.766198,0.0,-0.251639,0.287493,0.0,-0.236091,0.0,0.0,0.0,-0.251639,-0.287493,0.0,-0.236091,0.0,-0.0,0.0,0.0,0.008495,-0.000052,0.0,-0.000039,0.0,-0.000039,-0.0,-0.000052,0.0,0.0,0.008495,-0.000052,0.0,-0.000039,0.0,-0.000039,-0.0,-0.000052,0.0,0.0,0.0,0.0,
0.0,-0.128733,0.494824,0.411764,0.0,0.0,0.0,0.06897,0.427557,-0.136487,0.0,0.0,-1.660955,-0.017415,-0.007146,2.015188,-0.765945,0.0,-1.660955,0.017415,0.007146,2.015188,-0.765945,0.0,-0.251259,0.287366,0.0,-0.236217,0.0,-0.0,0.0,-0.251259,-0.287366,0.0,-0.236217,0.0,0.0,0.0,0.0,0.008495,-0.000052,0.0,-0.000039,-0.0,-0.000039,0.0,-0.000052,0.0,0.0,0.008495,-0.000052,0.0,-0.000039,-0.0,-0.000039,0.0,-0.000052,0.0,0.0,0.0,0.0,
0.0,-0.128664,0.495251,0.411627,0.0,0.0,0.0,0.06897,0.427633,-0.136487,0.0,0.0,-1.659927,-0.017455,-0.007179,2.014047,-0.765693,0.0,-1.659927,0.017455,0.007179,2.014047,-0.765693,0.0,-0.250879,0.287238,0.0,-0.236342,0.0,0.0,0.0,-0.250879,-0.287238,0.0,-0.236342,0.0,-0.0,0.0,0.0,0.008495,-0.000052,-0.0,-0.000039,-0.0,-0.000039,-0.0,-0.000052,-0.0,0.0,0.008495,-0.000052,-0.0,-0.000039,-0.0,-0.000039,-0.0,-0.000052,-0.0,0.0,0.0,0.0,
0.0,-0.128595,0.495679,0.411491,0.0,0.0,0.0,0.06897,0.427557,-0.13662,0.0,0.0,-1.658898,-0.017496,-0.007212,2.012907,-0.76544,0.0,-1.658898,0.017496,0.007212,2.012907,-0.76544,0.0,-0.250499,0.28711,0.0,-0.236468,0.0,0.0,0.0,-0.250499,-0.28711,0.0,-0.236468,0.0,-0.0,0.0,0.0,0.008495,-0.000052,0.0,-0.000039,0.0,-0.000039,0.0,-0.000052,0.0,0.0,0.008495,-0.000052,0.0,-0.000039,0.0,-0.000039,0.0,-0.000052,0.0,0.0,0.0,0.0,
0.0,-0.128526,0.496106,0.411354,0.0,0.0,0.0,0.06897,0.427595,-0.136487,0.0,0.0,-1.65787,-0.017536,-0.007245,2.011766,-0.765188,0.0,-1.65787,0.017536,0.007245,2.011766,-0.765188,0.0,-0.250119,0.286983,0.0,-0.236593,0.0,-0.0,0.0,-0.250119,-0.286983,0.0,-0.236593,0.0,0.0,0.0,0.0,0.008495,-0.000052,-0.0,-0.000039,0.0,-0.000039,-0.0,-0.000052,0.0,0.0,0.008495,-0.000052,-0.0,-0.000039,0.0,-0.000039,-0.0,-0.000052,0.0,0.0,0.0,0.0,
0.0,-0.128457,0.496534,0.411218,0.0,0.0,0.0,0.06897,0.427595,-0.136487,0.0,0.0,-1.656841,-0.017576,-0.007278,2.010625,-0.764935,0.0,-1.656841,0.017576,0.007278,2.010625,-0.764935,0.0,-0.249739,0.286855,0.0,-0.236718,0.0,-0.0,0.0,-0.249739,-0.286855,-0.0,-0.236718,0.0,0.0,0.0,0.0,0.008495,-0.000052,-0.0,-0.000039,0.0,-0.000039,0.0,-0.000052,-0.0,0.0,0.008495,-0.000052,-0.0,-0.000039,0.0,-0.000039,0.0,-0.000052,-0.0,0.0,0.0,0.0,
0.0,-0.128388,0.496962,0.411081,0.0,0.0,0.0,0.068961,0.427557,-0.13662,0.0,0.0,-1.655813,-0.017616,-0.007311,2.009485,-0.764683,0.0,-1.655813,0.017616,0.007311,2.009485,-0.764683,0.0,-0.249359,0.286728,0.0,-0.236844,0.0,0.0,0.0,-0.249359,-0.286728,0.0,-0.236844,0.0,0.0,0.0,0.0,0.008495,-0.000052,-0.0,-0.000039,-0.0,-0.000039,0.0,-0.000052,0.0,0.0,0.008495,-0.000052,-0.0,-0.000039,-0.0,-0.000039,0.0,-0.000052,0.0,0.0,0.0,0.0,
0.0,-0.128319,0.497389,0.410945,0.0,0.0,0.0,0.06898,0.427595,-0.136487,0.0,0.0,-1.654784,-0.017657,-0.007344,2.008344,-0.76443,0.0,-1.654784,0.017657,0.007344,2.008344,-0.76443,0.0,-0.248979,0.2866,0.0,-0.236969,0.0,-0.0,0.0,-0.248979,-0.2866,0.0,-0.236969,0.0,0.0,0.0,0.0,0.008495,-0.000052,0.0,-0.000039,0.0,-0.000039,0.0,-0.000052,0.0,0.0,0.008495,-0.000052,0.0,-0.000039,0.0,-0.000039,0.0,-0.000052,0.0,0.0,0.0,0.0,
0.0,-0.12825,0.497817,0.410808,0.0,0.0,0.0,0.068961,0.427595,-0.136487,0.0,0.0,-1.653756,-0.017697,-0.007377,2.007203,-0.764178,0.0,-1.653756,0.017697,0.007377,2.007203,-0.764178,0.0,-0.248599,0.286472,-0.0,-0.237095,0.0,0.0,0.0,-0.248599,-0.286472,0.0,-0.237095,0.0,-0.0,0.0,0.0,0.008495,-0.000052,0.0,-0.000039,0.0,-0.000039,-0.0,-0.000052,0.0,0.0,0.008495,-0.000052,0.0,-0.000039,0.0,-0.000039,-0.0,-0.000052,0.0,0.0,0.0,0.0,
0.0,-0.128181,0.498244,0.410672,0.0,0.0,0.0,0.06898,0.427595,-0.136487,0.0,0.0,-1.652727,-0.017737,-0.00741,2.006062,-0.763925,0.0,-1.652727,0.017737,0.00741,2.006062,-0.763925,0.0,-0.248219,0.286345,0.0,-0.23722,0.0,0.0,0.0,-0.248219,-0.286345,0.0,-0.23722,0.0,0.0,0.0,0.0,0.008495,-0.000052,-0.0,-0.000039,0.0,-0.000039,-0.0,-0.000052,0.0,0.0,0.008495,-0.000052,-0.0,-0.000039,0.0,-0.000039,-0.0,-0.000052,0.0,0.0,0.0,0.0,
0.0,-0.128112,0.498672,0.410535,0.0,0.0,0.0,0.068961,0.427557,-0.13662,0.0,0.0,-1.651698,-0.017778,-0.007443,2.004922,-0.763673,0.0,-1.651698,0.017778,0.007443,2.004922,-0.763673,0.0,-0.247839,0.286217,0.0,-0.237345,0.0,0.0,0.0,-0.247839,-0.286217,0.0,-0.237345,0.0,-0.0,0.0,0.0,0.008495,-0.000052,-0.0,-0.000039,0.0,-0.000039,0.0,-0.000052,0.0,0.0,0.008495,-0.000052,-0.0,-0.000039,0.0,-0.000039,0.0,-0.000052,0.0,0.0,0.0,0.0,
0.0,-0.128043,0.4991,0.410398,0.0,0.0,0.0,0.06897,0.427595,-0.136487,0.0,0.0,-1.65067,-0.017818,-0.007476,2.003781,-0.76342,0.0,-1.65067,0.017818,0.007476,2.003781,-0.76342,0.0,-0.247459,0.286089,0.0,-0.237471,0.0,0.0,0.0,-0.247459,-0.286089,0.0,-0.237471,0.0,0.0,0.0,0.0,0.008495,-0.000052,0.0,-0.000039,0.0,-0.000039,0.0,-0.000052,0.0,0.0,0.008495,-0.000052,0.0,-0.000039,0.0,-0.000039,0.0,-0.000052,0.0,0.0,0.0,0.0,
0.0,-0.127974,0.499527,0.410262,0.0,0.0,0.0,0.06897,0.427595,-0.136487,0.0,0.0,-1.649641,-0.017858,-0.007509,2.00264,-0.763168,0.0,-1.649641,0.017858,0.007509,2.00264,-0.763168,0.0,-0.247079,0.285962,0.0,-0.237596,0.0,0.0,0.0,-0.247079,-0.285962,0.0,-0.237596,0.0,0.0,0.0,0.0,0.008495,-0.000052,0.0,-0.000039,0.0,-0.000039,-0.0,-0.000052,0.0,0.0,0.008495,-0.000052,0.0,-0.000039,0.0,-0.000039,-0.0,-0.000052,0.0,0.0,0.0,0.0,
0.0,-0.127905,0.499955,0.410125,0.0,0.0,0.0,0.06897,0.427557,-0.13662,0.0,0.0,-1.648613,-0.017898,-0.007542,2.001499,-0.762915,0.0,-1.648613,0.017898,0.007542,2.001499,-0.762915,0.0,-0.246698,0.285834,0.0,-0.237722,0.0,-0.0,0.0,-0.246698,-0.285834,0.0,-0.237722,0.0,0.0,0.0,0.0,0.008495,-0.000052,-0.0,-0.000039,0.0,-0.000039,-0.0,-0.000052,-0.0,0.0,0.008495,-0.000052,-0.0,-0.000039,0.0,-0.000039,-0.0,-0.000052,-0.0,0.0,0.0,0.0,
0.0,-0.127836,0.500382,0.409989,0.0,0.0,0.0,0.06897,0.427595,-0.136487,0.0,0.0,-1.647584,-0.017939,-0.007574,2.000359,-0.762663,0.0,-1.647584,0.017939,0.007574,2.000359,-0.762663,0.0,-0.246318,0.285706,0.0,-0.237847,0.0,-0.0,0.0,-0.246318,-0.285706,0.0,-0.237847,0.0,0.0,0.0,0.0,0.008495,-0.000052,0.0,-0.000039,0.0,-0.000039,-0.0,-0.000052,0.0,0.0,0.008495,-0.000052,0.0,-0.000039,0.0,-0.000039,-0.0,-0.000052,0.0,0.0,0.0,0.0,
0.0,-0.127767,0.50081,0.409852,0.0,0.0,0.0,0.06897,0.427595,-0.136487,0.0,0.0,-1.646556,-0.017979,-0.007607,1.999218,-0.76241,0.0,-1.646556,0.017979,0.007607,1.999218,-0.76241,0.0,-0.245938,0.285579,-0.0,-0.237972,0.0,0.0,0.0,-0.245938,-0.285579,0.0,-0.237972,0.0,0.0,0.0,0.0,0.008495,-0.000052,-0.0,-0.000039,-0.0,-0.000039,0.0,-0.000052,0.0,0.0,0.008495,-0.000052,-0.0,-0.000039,-0.0,-0.000039,0.0,-0.000052,0.0,0.0,0.0,0.0,
0.0,-0.127698,0.501237,0.409716,0.0,0.0,0.0,0.06897,0.427595,-0.136487,0.0,0.0,-1.645527,-0.018019,-0.00764,1.998077,-0.762158,0.0,-1.645527,0.018019,0.00764,1.998077,-0.762158,0.0,-0.245558,0.285451,0.0,-0.238098,0.0,-0.0,0.0,-0.245558,-0.285451,0.0,-0.238098,0.0,0.0,0.0,0.0,0.008495,-0.000052,-0.0,-0.000039,0.0,-0.000039,0.0,-0.000052,-0.0,0.0,0.008495,-0.000052,-0.0,-0.000039,0.0,-0.000039,0.0,-0.000052,-0.0,0.0,0.0,0.0,
0.0,-0.127629,0.501665,0.409579,0.0,0.0,0.0,0.06897,0.427557,-0.13662,0.0,0.0,-1.644499,-0.01806,-0.007673,1.996936,-0.761905,0.0,-1.644499,0.01806,0.007673,1.996936,-0.761905,0.0,-0.245178,0.285324,-0.0,-0.238223,0.0,-0.0,0.0,-0.245178,-0.285324,0.0,-0.238223,0.0,0.0,0.0,0.0,0.008495,-0.000052,0.0,-0.000039,0.0,-0.000039,-0.0,-0.000052,0.0,0.0,0.008495,-0.000052,0.0,-0.000039,0.0,-0.000039,-0.0,-0.000052,0.0,0.0,0.0,0.0,
0.0,-0.12756,0.502093,0.409443,0.0,0.0,0.0,0.06897,0.427633,-0.136487,0.0,0.0,-1.64347,-0.0181,-0.007706,1.995796,-0.761653,0.0,-1.64347,0.0181,0.007706,1.995796,-0.761653,0.0,-0.244798,0.285196,0.0,-0.238349,0.0,-0.0,0.0,-0.244798,-0.285196,0.0,-0.238349,0.0,0.0,0.0,0.0,0.008495,-0.000052,0.0,-0.000039,0.0,-0.000039,0.0,-0.000052,0.0,0.0,0.008495,-0.000052,0.0,-0.000039,0.0,-0.000039,0.0,-0.000052,0.0,0.0,0.0,0.0,
0.0,-0.127491,0.50252,0.409306,0.0,0.0,0.0,0.06897,0.427557,-0.136487,0.0,0.0,-1.642441,-0.01814,-0.007739,1.994655,-0.7614,0.0,-1.642441,0.01814,0.007739,1.994655,-0.7614,0.0,-0.244418,0.285068,0.0,-0.238474,0.0,0.0,0.0,-0.244418,-0.285068,0.0,-0.238474,0.0,-0.0,0.0,0.0,0.008495,-0.000052,0.0,-0.000039,-0.0,-0.000039,0.0,-0.000052,0.0,0.0,0.008495,-0.000052,0.0,-0.000039,-0.0,-0.000039,0.0,-0.000052,0.0,0.0,0.0,0.0,
0.0,-0.127422,0.502948,0.40917,0.0,0.0,0.0,0.06897,0.427557,-0.13662,0.0,0.0,-1.641413,-0.01818,-0.007772,1.993514,-0.761148,0.0,-1.641413,0.01818,0.007772,1.993514,-0.761148,0.0,-0.244038,0.284941,0.0,-0.238599,0.0,-0.0,0.0,-0.244038,-0.284941,0.0,-0.238599,0.0,0.0,0.0,0.0,0.008495,-0.000052,-0.0,-0.000039,-0.0,-0.000039,0.0,-0.000052,0.0,0.0,0.008495,-0.000052,-0.0,-0.000039,-0.0,-0.000039,0.0,-0.000052,0.0,0.0,0.0,0.0,
0.0,-0.127354,0.503375,0.409033,0.0,0.0,0.0,0.06897,0.427633,-0.136487,0.0,0.0,-1.640384,-0.018221,-0.007805,1.992373,-0.760895,0.0,-1.640384,0.018221,0.007805,1.992373,-0.760895,0.0,-0.243658,0.284813,0.0,-0.238725,0.0,0.0,0.0,-0.243658,-0.284813,-0.0,-0.238725,0.0,0.0,0.0,0.0,0.008495,-0.000052,0.0,-0.000039,-0.0,-0.000039,0.0,-0.000052,-0.0,0.0,0.008495,-0.000052,0.0,-0.000039,-0.0,-0.000039,0.0,-0.000052,-0.0,0.0,0.0,0.0,
0.0,-0.127285,0.503803,0.408897,0.0,0.0,0.0,0.06897,0.427557,-0.136487,0.0,0.0,-1.639356,-0.018261,-0.007838,1.991233,-0.760643,0.0,-1.639356,0.018261,0.007838,1.991233,-0.760643,0.0,-0.243278,0.284685,0.0,-0.23885,0.0,0.0,0.0,-0.243278,-0.284685,0.0,-0.23885,0.0,0.0,0.0,0.0,0.008495,-0.000052,0.0,-0.000039,-0.0,-0.000039,-0.0,-0.000052,-0.0,0.0,0.008495,-0.000052,0.0,-0.000039,-0.0,-0.000039,-0.0,-0.000052,-0.0,0.0,0.0,0.0,
0.0,-0.127216,0.504231,0.40876,0.0,0.0,0.0,0.06897,0.427595,-0.13662,0.0,0.0,-1.638327,-0.018301,-0.007871,1.990092,-0.76039,0.0,-1.638327,0.018301,0.007871,1.990092,-0.76039,0.0,-0.242898,0.284558,0.0,-0.238976,0.0,0.0,0.0,-0.242898,-0.284558,0.0,-0.238976,0.0,-0.0,0.0,0.0,0.008495,-0.000052,0.0,-0.000039,0.0,-0.000039,-0.0,-0.000052,0.0,0.0,0.008495,-0.000052,0.0,-0.000039,0.0,-0.000039,-0.0,-0.000052,0.0,0.0,0.0,0.0,
0.0,-0.127147,0.504658,0.408624,0.0,0.0,0.0,0.068961,0.427595,-0.136487,0.0,0.0,-1.637299,-0.018342,-0.007904,1.988951,-0.760138,0.0,-1.637299,0.018342,0.007904,1.988951,-0.760138,0.0,-0.242518,0.28443,0.0,-0.239101,0.0,0.0,0.0,-0.242518,-0.28443,0.0,-0.239101,0.0,0.0,0.0,0.0,0.008495,-0.000052,0.0,-0.000039,0.0,-0.000039,-0.0,-0.000052,0.0,0.0,0.008495,-0.000052,0.0,-0.000039,0.0,-0.000039,-0.0,-0.000052,0.0,0.0,0.0,0.0,
0.0,-0.127078,0.505086,0.408487,0.0,0.0,0.0,0.06898,0.427595,-0.136487,0.0,0.0,-1.63627,-0.018382,-0.007937,1.98781,-0.759885,0.0,-1.63627,0.018382,0.007937,1.98781,-0.759885,0.0,-0.242138,0.284302,0.0,-0.239226,0.0,0.0,0.0,-0.242138,-0.284302,0.0,-0.239226,0.0,0.0,0.0,0.0,0.008495,-0.000052,0.0,-0.000039,0.0,-0.000039,0.0,-0.000052,0.0,0.0,0.008495,-0.000052,0.0,-0.000039,0.0,-0.000039,0.0,-0.000052,0.0,0.0,0.0,0.0,
0.0,-0.127009,0.505513,0.408351,0.0,0.0,0.0,0.068961,0.427557,-0.136487,0.0,0.0,-1.635242,-0.018422,-0.00797,1.98667,-0.759633,0.0,-1.635242,0.018422,0.00797,1.98667,-0.759633,0.0,-0.241758,0.284175,0.0,-0.239352,0.0,0.0,0.0,-0.241758,-0.284175,0.0,-0.239352,0.0,0.0,0.0,0.0,0.008495,-0.000052,0.0,-0.000039,-0.0,-0.000039,0.0,-0.000052,-0.0,0.0,0.008495,-0.000052,0.0,-0.000039,-0.0,-0.000039,0.0,-0.000052,-0.0,0.0,0.0,0.0,
0.0,-0.12694,0.505941,0.408214,0.0,0.0,0.0,0.06898,0.427595,-0.13662,0.0,0.0,-1.634213,-0.018462,-0.008003,1.985529,-0.75938,0.0,-1.634213,0.018462,0.008003,1.985529,-0.75938,0.0,-0.241377,0.284047,-0.0,-0.239477,0.0,0.0,0.0,-0.241377,-0.284047,0.0,-0.239477,0.0,0.0,0.0,0.0,0.008495,-0.000052,-0.0,-0.000039,-0.0,-0.000039,0.0,-0.000052,0.0,0.0,0.008495,-0.000052,-0.0,-0.000039,-0.0,-0.000039,0.0,-0.000052,0.0,0.0,0.0,0.0,
0.0,-0.126871,0.506369,0.408077,0.0,0.0,0.0,0.068961,0.427595,-0.136487,0.0,0.0,-1.633184,-0.018503,-0.008036,1.984388,-0.759128,0.0,-1.633184,0.018503,0.008036,1.984388,-0.759128,0.0,-0.240997,0.283919,0.0,-0.239603,0.0,-0.0,0.0,-0.240997,-0.283919,0.0,-0.239603,0.0,0.0,0.0,0.0,0.008495,-0.000052,0.0,-0.000039,-0.0,-0.000039,0.0,-0.000052,0.0,0.0,0.008495,-0.000052,0.0,-0.000039,-0.0,-0.000039,0.0,-0.000052,0.0,0.0,0.0,0.0,
0.0,-0.126802,0.506796,0.407941,0.0,0.0,0.0,0.06897,0.427557,-0.136487,0.0,0.0,-1.632156,-0.018543,-0.008069,1.983247,-0.758875,0.0,-1.632156,0.018543,0.008069,1.983247,-0.758875,0.0,-0.240617,0.283792,0.0,-0.239728,0.0,0.0,0.0,-0.240617,-0.283792,-0.0,-0.239728,0.0,-0.0,0.0,0.0,0.008495,-0.000052,-0.0,-0.000039,0.0,-0.000039,0.0,-0.000052,0.0,0.0,0.008495,-0.000052,-0.0,-0.000039,0.0,-0.000039,0.0,-0.000052,0.0,0.0,0.0,0.0,
0.0,-0.126733,0.507224,0.407804,0.0,0.0,0.0,0.06897,0.427595,-0.13662,0.0,0.0,-1.631127,-0.018583,-0.008102,1.982107,-0.758623,0.0,-1.631127,0.018583,0.008102,1.982107,-0.758623,0.0,-0.240237,0.283664,0.0,-0.239853,0.0,-0.0,0.0,-0.240237,-0.283664,0.0,-0.239853,0.0,0.0,0.0,0.0,0.008495,-0.000052,-0.0,-0.000039,-0.0,-0.000039,0.0,-0.000052,-0.0,0.0,0.008495,-0.000052,-0.0,-0.000039,-0.0,-0.000039,0.0,-0.000052,-0.0,0.0,0.0,0.0,
0.0,-0.126664,0.507651,0.407668,0.0,0.0,0.0,0.06897,0.427595,-0.136487,0.0,0.0,-1.630099,-0.018624,-0.008135,1.980966,-0.75837,0.0,-1.630099,0.018624,0.008135,1.980966,-0.75837,0.0,-0.239857,0.283536,0.0,-0.239979,0.0,-0.0,0.0,-0.239857,-0.283536,0.0,-0.239979,-0.0,0.0,0.0,0.0,0.008495,-0.000052,0.0,-0.000039,0.0,-0.000039,0.0,-0.000052,0.0,0.0,0.008495,-0.000052,0.0,-0.000039,0.0,-0.000039,0.0,-0.000052,0.0,0.0,0.0,0.0,
0.0,-0.126595,0.508079,0.407531,0.0,0.0,0.0,0.06897,0.427595,-0.136487,0.0,0.0,-1.62907,-0.018664,-0.008168,1.979825,-0.758118,0.0,-1.62907,0.018664,0.008168,1.979825,-0.758118,0.0,-0.239477,0.283409,0.0,-0.240104,0.0,0.0,0.0,-0.239477,-0.283409,0.0,-0.240104,0.0,-0.0,0.0,0.0,0.008495,-0.000052,-0.0,-0.000039,0.0,-0.000039,0.0,-0.000052,0.0,0.0,0.008495,-0.000052,-0.0,-0.000039,0.0,-0.000039,0.0,-0.000052,0.0,0.0,0.0,0.0,
0.0,-0.126525,0.50851,0.407391,0.0,0.0,0.0,0.069981,0.430837,-0.140216,0.0,0.0,-1.628035,-0.018697,-0.0082,1.978661,-0.757849,0.0,-1.628035,0.018697,0.0082,1.978661,-0.757849,0.0,-0.239095,0.283281,0.0,-0.240231,0.0,-0.0,0.0,-0.239095,-0.283281,0.0,-0.240231,0.0,0.0,0.0,0.0,0.008495,-0.000052,-0.0,-0.000039,-0.0,-0.000039,0.0,-0.000052,0.0,0.0,0.008495,-0.000052,-0.0,-0.000039,-0.0,-0.000039,0.0,-0.000052,0.0,0.0,0.0,0.0,
0.0,-0.126454,0.508942,0.407249,0.0,0.0,0.0,0.070496,0.432516,-0.14208,0.0,0.0,-1.626996,-0.018726,-0.008231,1.977484,-0.757571,0.0,-1.626996,0.018726,0.008231,1.977484,-0.757571,-0.0,-0.238711,0.283154,0.0,-0.240358,0.0,0.0,0.0,-0.238711,-0.283154,0.0,-0.240358,0.0,0.0,0.0,0.0,0.008495,-0.000052,-0.0,-0.000039,0.0,-0.000039,-0.0,-0.000052,-0.0,0.0,0.008495,-0.000052,-0.0,-0.000039,0.0,-0.000039,-0.0,-0.000052,-0.0,0.0,0.0,0.0,
0.0,-0.126384,0.509375,0.407107,0.0,0.0,0.0,0.070496,0.432478,-0.14208,0.0,0.0,-1.625957,-0.018756,-0.008262,1.976308,-0.757293,0.0,-1.625957,0.018756,0.008262,1.976308,-0.757293,0.0,-0.238328,0.283026,0.0,-0.240485,0.0,0.0,0.0,-0.238328,-0.283026,-0.0,-0.240485,0.0,-0.0,0.0,0.0,0.008495,-0.000052,-0.0,-0.000039,-0.0,-0.000039,0.0,-0.000052,-0.0,0.0,0.008495,-0.000052,-0.0,-0.000039,-0.0,-0.000039,0.0,-0.000052,-0.0,0.0,0.0,0.0,
0.0,-0.126313,0.509807,0.406965,0.0,0.0,0.0,0.070496,0.432516,-0.14208,0.0,0.0,-1.624918,-0.018785,-0.008293,1.975131,-0.757016,0.0,-1.624918,0.018785,0.008293,1.975131,-0.757016,0.0,-0.237944,0.282898,0.0,-0.240613,0.0,0.0,0.0,-0.237944,-0.282898,0.0,-0.240613,0.0,0.0,0.0,0.0,0.008495,-0.000052,-0.0,-0.000039,-0.0,-0.000039,-0.0,-0.000052,-0.0,0.0,0.008495,-0.000052,-0.0,-0.000039,-0.0,-0.000039,-0.0,-0.000052,-0.0,0.0,0.0,0.0,
0.0,-0.126243,0.51024,0.406823,0.0,0.0,0.0,0.070496,0.432478,-0.141947,0.0,0.0,-1.623879,-0.018814,-0.008324,1.973954,-0.756738,0.0,-1.623879,0.018814,0.008324,1.973954,-0.756738,0.0,-0.237561,0.282771,0.0,-0.24074,0.0,0.0,0.0,-0.237561,-0.282771,0.0,-0.24074,0.0,-0.0,0.0,0.0,0.008495,-0.000052,-0.0,-0.000039,-0.0,-0.000039,-0.0,-0.000052,0.0,0.0,0.008495,-0.000052,-0.0,-0.000039,-0.0,-0.000039,-0.0,-0.000052,0.0,0.0,0.0,0.0,
0.0,-0.126172,0.510672,0.406681,0.0,0.0,0.0,0.070496,0.432516,-0.142213,0.0,0.0,-1.62284,-0.018843,-0.008355,1.972778,-0.756461,0.0,-1.62284,0.018843,0.008355,1.972778,-0.756461,0.0,-0.237178,0.282643,0.0,-0.240867,0.0,0.0,0.0,-0.237178,-0.282643,0.0,-0.240867,0.0,-0.0,0.0,0.0,0.008495,-0.000052,-0.0,-0.000039,-0.0,-0.000039,-0.0,-0.000052,0.0,0.0,0.008495,-0.000052,-0.0,-0.000039,-0.0,-0.000039,-0.0,-0.000052,0.0,0.0,0.0,0.0,
0.0,-0.126102,0.511105,0.406539,0.0,0.0,0.0,0.070505,0.432516,-0.141947,0.0,0.0,-1.621801,-0.018873,-0.008386,1.971601,-0.756183,0.0,-1.621801,0.018873,0.008386,1.971601,-0.756183,0.0,-0.236794,0.282516,0.0,-0.240995,0.0,-0.0,0.0,-0.236794,-0.282516,0.0,-0.240995,0.0,0.0,0.0,0.0,0.008495,-0.000052,-0.0,-0.000039,0.0,-0.000039,0.0,-0.000052,0.0,0.0,0.008495,-0.000052,-0.0,-0.000039,0.0,-0.000039,0.0,-0.000052,0.0,0.0,0.0,0.0,
0.0,-0.126031,0.511537,0.406397,0.0,0.0,0.0,0.070496,0.432478,-0.14208,0.0,0.0,-1.620762,-0.018902,-0.008417,1.970424,-0.755905,0.0,-1.620762,0.018902,0.008417,1.970424,-0.755905,0.0,-0.236411,0.282388,0.0,-0.241122,0.0,0.0,0.0,-0.236411,-0.282388,0.0,-0.241122,0.0,-0.0,0.0,0.0,0.008495,-0.000052,0.0,-0.000039,0.0,-0.000039,0.0,-0.000052,0.0,0.0,0.008495,-0.000052,0.0,-0.000039,0.0,-0.000039,0.0,-0.000052,0.0,0.0,0.0,0.0,
0.0,-0.125961,0.51197,0.406255,0.0,0.0,0.0,0.070496,0.432516,-0.14208,0.0,0.0,-1.619723,-0.018931,-0.008449,1.969247,-0.755627,0.0,-1.619723,0.018931,0.008449,1.969247,-0.755627,0.0,-0.236027,0.28226,0.0,-0.241249,0.0,0.0,0.0,-0.236027,-0.28226,0.0,-0.241249,0.0,0.0,0.0,0.0,0.008495,-0.000052,-0.0,-0.000039,-0.0,-0.000039,0.0,-0.000052,-0.0,0.0,0.008495,-0.000052,-0.0,-0.000039,-0.0,-0.000039,0.0,-0.000052,-0.0,0.0,-0.0,0.0,
0.0,-0.12589,0.512402,0.406113,0.0,0.0,0.0,0.070496,0.432516,-0.14208,0.0,0.0,-1.618684,-0.018961,-0.00848,1.968071,-0.75535,0.0,-1.618684,0.018961,0.00848,1.968071,-0.75535,0.0,-0.235644,0.282133,0.0,-0.241376,0.0,0.0,0.0,-0.235644,-0.282133,0.0,-0.241376,0.0,-0.0,0.0,0.0,0.008495,-0.000052,0.0,-0.000039,0.0,-0.000039,0.0,-0.000052,0.0,0.0,0.008495,-0.000052,0.0,-0.000039,0.0,-0.000039,0.0,-0.000052,0.0,0.0,0.0,0.0,
0.0,-0.12582,0.512835,0.405971,0.0,0.0,0.0,0.070496,0.432516,-0.14208,0.0,0.0,-1.617645,-0.01899,-0.008511,1.966894,-0.755072,0.0,-1.617645,0.01899,0.008511,1.966894,-0.755072,0.0,-0.23526,0.282005,0.0,-0.241504,0.0,0.0,0.0,-0.23526,-0.282005,0.0,-0.241504,0.0,0.0,0.0,0.0,0.008495,-0.000052,-0.0,-0.000039,0.0,-0.000039,-0.0,-0.000052,-0.0,0.0,0.008495,-0.000052,-0.0,-0.000039,0.0,-0.000039,-0.0,-0.000052,-0.0,0.0,0.0,0.0,
0.0,-0.125749,0.513267,0.405828,0.0,0.0,0.0,0.070496,0.432478,-0.14208,0.0,0.0,-1.616606,-0.019019,-0.008542,1.965717,-0.754795,0.0,-1.616606,0.019019,0.008542,1.965717,-0.754795,0.0,-0.234877,0.281878,0.0,-0.241631,0.0,-0.0,0.0,-0.234877,-0.281878,0.0,-0.241631,0.0,0.0,0.0,0.0,0.008495,-0.000052,0.0,-0.000039,0.0,-0.000039,0.0,-0.000052,0.0,0.0,0.008495,-0.000052,0.0,-0.000039,0.0,-0.000039,0.0,-0.000052,0.0,0.0,0.0,0.0,
0.0,-0.125679,0.5137,0.405686,0.0,0.0,0.0,0.070496,0.432478,-0.14208,0.0,0.0,-1.615567,-0.019049,-0.008573,1.964541,-0.754517,0.0,-1.615567,0.019049,0.008573,1.964541,-0.754517,0.0,-0.234493,0.28175,0.0,-0.241758,0.0,0.0,0.0,-0.234493,-0.28175,0.0,-0.241758,0.0,-0.0,0.0,0.0,0.008495,-0.000052,0.0,-0.000039,-0.0,-0.000039,0.0,-0.000052,0.0,0.0,0.008495,-0.000052,0.0,-0.000039,-0.0,-0.000039,0.0,-0.000052,0.0,0.0,0.0,0.0,
0.0,-0.125608,0.514132,0.405544,0.0,0.0,0.0,0.070505,0.432516,-0.14208,0.0,0.0,-1.614528,-0.019078,-0.008604,1.963364,-0.754239,0.0,-1.614528,0.019078,0.008604,1.963364,-0.754239,0.0,-0.23411,0.281622,0.0,-0.241885,0.0,0.0,0.0,-0.23411,-0.281622,0.0,-0.241885,0.0,-0.0,0.0,0.0,0.008495,-0.000052,0.0,-0.000039,-0.0,-0.000039,-0.0,-0.000052,0.0,0.0,0.008495,-0.000052,0.0,-0.000039,-0.0,-0.000039,-0.0,-0.000052,0.0,0.0,0.0,0.0,
0.0,-0.125538,0.514565,0.405402,0.0,0.0,0.0,0.070496,0.432516,-0.141947,0.0,0.0,-1.613489,-0.019107,-0.008635,1.962187,-0.753962,0.0,-1.613489,0.019107,0.008635,1.962187,-0.753962,0.0,-0.233726,0.281495,0.0,-0.242013,0.0,0.0,0.0,-0.233726,-0.281495,0.0,-0.242013,0.0,-0.0,0.0,0.0,0.008495,-0.000052,-0.0,-0.000039,-0.0,-0.000039,-0.0,-0.000052,-0.0,0.0,0.008495,-0.000052,-0.0,-0.000039,-0.0,-0.000039,-0.0,-0.000052,-0.0,0.0,0.0,0.0,
0.0,-0.125467,0.514997,0.40526,0.0,0.0,0.0,0.070496,0.432516,-0.142213,0.0,0.0,-1.61245,-0.019136,-0.008666,1.96101,-0.753684,0.0,-1.61245,0.019136,0.008666,1.96101,-0.753684,0.0,-0.233343,0.281367,0.0,-0.24214,0.0,-0.0,0.0,-0.233343,-0.281367,0.0,-0.24214,0.0,0.0,0.0,0.0,0.008495,-0.000052,0.0,-0.000039,0.0,-0.000039,-0.0,-0.000052,0.0,0.0,0.008495,-0.000052,0.0,-0.000039,0.0,-0.000039,-0.0,-0.000052,0.0,0.0,0.0,0.0,
0.0,-0.125397,0.51543,0.405118,0.0,0.0,0.0,0.070496,0.432478,-0.141947,0.0,0.0,-1.611411,-0.019166,-0.008698,1.959834,-0.753406,0.0,-1.611411,0.019166,0.008698,1.959834,-0.753406,0.0,-0.232959,0.28124,0.0,-0.242267,0.0,0.0,0.0,-0.232959,-0.28124,0.0,-0.242267,0.0,-0.0,0.0,0.0,0.008495,-0.000052,-0.0,-0.000039,0.0,-0.000039,0.0,-0.000052,0.0,0.0,0.008495,-0.000052,-0.0,-0.000039,0.0,-0.000039,0.0,-0.000052,0.0,0.0,0.0,0.0,
0.0,-0.125326,0.515862,0.404976,0.0,0.0,0.0,0.070496,0.432516,-0.14208,0.0,0.0,-1.610372,-0.019195,-0.008729,1.958657,-0.753129,0.0,-1.610372,0.019195,0.008729,1.958657,-0.753129,0.0,-0.232576,0.281112,0.0,-0.242395,0.0,0.0,0.0,-0.232576,-0.281112,0.0,-0.242395,0.0,-0.0,0.0,0.0,0.008495,-0.000052,0.0,-0.000039,-0.0,-0.000039,0.0,-0.000052,0.0,0.0,0.008495,-0.000052,0.0,-0.000039,-0.0,-0.000039,0.0,-0.000052,0.0,0.0,0.0,0.0,
0.0,-0.125256,0.516295,0.404834,0.0,0.0,0.0,0.070496,0.432516,-0.14208,0.0,0.0,-1.609333,-0.019224,-0.00876,1.95748,-0.752851,0.0,-1.609333,0.019224,0.00876,1.95748,-0.752851,0.0,-0.232192,0.280984,0.0,-0.242522,0.0,-0.0,0.0,-0.232192,-0.280984,0.0,-0.242522,0.0,0.0,0.0,0.0,0.008495,-0.000052,0.0,-0.000039,0.0,-0.000039,-0.0,-0.000052,-0.0,0.0,0.008495,-0.000052,0.0,-0.000039,0.0,-0.000039,-0.0,-0.000052,-0.0,0.0,0.0,0.0,
0.0,-0.125185,0.516727,0.404692,0.0,0.0,0.0,0.070496,0.432478,-0.14208,0.0,0.0,-1.608294,-0.019254,-0.008791,1.956303,-0.752573,0.0,-1.608294,0.019254,0.008791,1.956303,-0.752573,0.0,-0.231809,0.280857,0.0,-0.242649,0.0,0.0,0.0,-0.231809,-0.280857,0.0,-0.242649,0.0,-0.0,0.0,0.0,0.008495,-0.000052,0.0,-0.000039,-0.0,-0.000039,0.0,-0.000052,0.0,0.0,0.008495,-0.000052,0.0,-0.000039,-0.0,-0.000039,0.0,-0.000052,0.0,0.0,0.0,0.0,
0.0,-0.125115,0.51716,0.40455,0.0,0.0,0.0,0.070505,0.432516,-0.14208,0.0,0.0,-1.607255,-0.019283,-0.008822,1.955126,-0.752296,0.0,-1.607255,0.019283,0.008822,1.955126,-0.752296,0.0,-0.231426,0.280729,0.0,-0.242776,0.0,-0.0,0.0,-0.231426,-0.280729,0.0,-0.242776,0.0,0.0,0.0,0.0,0.008495,-0.000052,-0.0,-0.000039,0.0,-0.000039,-0.0,-0.000052,0.0,0.0,0.008495,-0.000052,-0.0,-0.000039,0.0,-0.000039,-0.0,-0.000052,0.0,0.0,0.0,0.0,
0.0,-0.125044,0.517592,0.404408,0.0,0.0,0.0,0.070496,0.432478,-0.14208,0.0,0.0,-1.606216,-0.019312,-0.008853,1.95395,-0.752018,0.0,-1.606216,0.019312,0.008853,1.95395,-0.752018,0.0,-0.231042,0.280602,0.0,-0.242904,0.0,0.0,0.0,-0.231042,-0.280602,0.0,-0.242904,0.0,-0.0,0.0,0.0,0.008495,-0.000052,0.0,-0.000039,0.0,-0.000039,0.0,-0.000052,0.0,0.0,0.008495,-0.000052,0.0,-0.000039,0.0,-0.000039,0.0,-0.000052,0.0,0.0,0.0,0.0,
0.0,-0.124974,0.518025,0.404266,0.0,0.0,0.0,0.070496,0.432516,-0.14208,0.0,0.0,-1.605177,-0.019341,-0.008884,1.952773,-0.75174,0.0,-1.605177,0.019341,0.008884,1.952773,-0.75174,0.0,-0.230659,0.280474,0.0,-0.243031,0.0,-0.0,0.0,-0.230659,-0.280474,0.0,-0.243031,0.0,0.0,0.0,0.0,0.008495,-0.000052,0.0,-0.000039,0.0,-0.000039,-0.0,-0.000052,0.0,0.0,0.008495,-0.000052,0.0,-0.000039,0.0,-0.000039,-0.0,-0.000052,0.0,0.0,0.0,0.0,
0.0,-0.124903,0.518457,0.404124,0.0,0.0,0.0,0.070496,0.432516,-0.14208,0.0,0.0,-1.604138,-0.019371,-0.008915,1.951596,-0.751463,0.0,-1.604138,0.019371,0.008915,1.951596,-0.751463,0.0,-0.230275,0.280346,0.0,-0.243158,0.0,0.0,0.0,-0.230275,-0.280346,0.0,-0.243158,0.0,0.0,0.0,0.0,0.008495,-0.000052,0.0,-0.000039,0.0,-0.000039,0.0,-0.000052,0.0,0.0,0.008495,-0.000052,0.0,-0.000039,0.0,-0.000039,0.0,-0.000052,0.0,0.0,0.0,0.0,
0.0,-0.124833,0.51889,0.403982,0.0,0.0,0.0,0.070496,0.432516,-0.14208,0.0,0.0,-1.603099,-0.0194,-0.008947,1.95042,-0.751185,0.0,-1.603099,0.0194,0.008947,1.95042,-0.751185,0.0,-0.229892,0.280219,0.0,-0.243286,0.0,0.0,0.0,-0.229892,-0.280219,0.0,-0.243286,0.0,0.0,0.0,0.0,0.008495,-0.000052,0.0,-0.000039,-0.0,-0.000039,0.0,-0.000052,0.0,0.0,0.008495,-0.000052,0.0,-0.000039,-0.0,-0.000039,0.0,-0.000052,0.0,0.0,0.0,0.0,
0.0,-0.124762,0.519322,0.403839,0.0,0.0,0.0,0.070496,0.432478,-0.14208,0.0,0.0,-1.60206,-0.019429,-0.008978,1.949243,-0.750907,0.0,-1.60206,0.019429,0.008978,1.949243,-0.750907,0.0,-0.229508,0.280091,0.0,-0.243413,0.0,0.0,0.0,-0.229508,-0.280091,0.0,-0.243413,0.0,-0.0,0.0,0.0,0.008495,-0.000052,0.0,-0.000039,0.0,-0.000039,0.0,-0.000052,0.0,0.0,0.008495,-0.000052,0.0,-0.000039,0.0,-0.000039,0.0,-0.000052,0.0,0.0,0.0,0.0,
0.0,-0.124692,0.519755,0.403697,0.0,0.0,0.0,0.070505,0.432516,-0.14208,0.0,0.0,-1.601021,-0.019459,-0.009009,1.948066,-0.75063,0.0,-1.601021,0.019459,0.009009,1.948066,-0.75063,0.0,-0.229125,0.279963,0.0,-0.24354,0.0,0.0,0.0,-0.229125,-0.279963,0.0,-0.24354,0.0,0.0,0.0,0.0,0.008495,-0.000052,-0.0,-0.000039,-0.0,-0.000039,-0.0,-0.000052,0.0,0.0,0.008495,-0.000052,-0.0,-0.000039,-0.0,-0.000039,-0.0,-0.000052,0.0,0.0,0.0,0.0,
0.0,-0.124621,0.520187,0.403555,0.0,0.0,0.0,0.070496,0.432516,-0.141947,0.0,0.0,-1.599981,-0.019488,-0.00904,1.94689,-0.750352,0.0,-1.599981,0.019488,0.00904,1.94689,-0.750352,0.0,-0.228741,0.279836,0.0,-0.243667,0.0,0.0,0.0,-0.228741,-0.279836,0.0,-0.243667,0.0,0.0,0.0,0.0,0.008495,-0.000052,-0.0,-0.000039,0.0,-0.000039,0.0,-0.000052,0.0,0.0,0.008495,-0.000052,-0.0,-0.000039,0.0,-0.000039,0.0,-0.000052,0.0,0.0,0.0,0.0,
0.0,-0.124551,0.52062,0.403413,0.0,0.0,0.0,0.070496,0.432478,-0.14208,0.0,0.0,-1.598943,-0.019517,-0.009071,1.945713,-0.750074,0.0,-1.598943,0.019517,0.009071,1.945713,-0.750074,0.0,-0.228358,0.279708,0.0,-0.243795,0.0,-0.0,0.0,-0.228358,-0.279708,0.0,-0.243795,0.0,0.0,0.0,0.0,0.008495,-0.000052,0.0,-0.000039,0.0,-0.000039,0.0,-0.000052,0.0,0.0,0.008495,-0.000052,0.0,-0.000039,0.0,-0.000039,0.0,-0.000052,0.0,0.0,0.0,0.0,
0.0,-0.12448,0.521052,0.403271,0.0,0.0,0.0,0.070496,0.432516,-0.14208,0.0,0.0,-1.597904,-0.019547,-0.009102,1.944536,-0.749797,0.0,-1.597904,0.019547,0.009102,1.944536,-0.749797,0.0,-0.227974,0.279581,0.0,-0.243922,0.0,0.0,0.0,-0.227974,-0.279581,0.0,-0.243922,0.0,-0.0,0.0,0.0,0.008495,-0.000052,0.0,-0.000039,-0.0,-0.000039,0.0,-0.000052,0.0,0.0,0.008495,-0.000052,0.0,-0.000039,-0.0,-0.000039,0.0,-0.000052,0.0,0.0,0.0,0.0,
0.0,-0.12441,0.521485,0.403129,0.0,0.0,0.0,0.070496,0.432478,-0.14208,0.0,0.0,-1.596865,-0.019576,-0.009133,1.943359,-0.749519,0.0,-1.596865,0.019576,0.009133,1.943359,-0.749519,0.0,-0.227591,0.279453,0.0,-0.244049,0.0,0.0,0.0,-0.227591,-0.279453,0.0,-0.244049,0.0,-0.0,0.0,0.0,0.008495,-0.000052,0.0,-0.000039,0.0,-0.000039,0.0,-0.000052,0.0,0.0,0.008495,-0.000052,0.0,-0.000039,0.0,-0.000039,0.0,-0.000052,0.0,0.0,0.0,0.0,
0.0,-0.124339,0.521917,0.402987,0.0,0.0,0.0,0.070496,0.432516,-0.14208,0.0,0.0,-1.595825,-0.019605,-0.009165,1.942183,-0.749241,0.0,-1.595825,0.019605,0.009165,1.942183,-0.749241,0.0,-0.227207,0.279325,0.0,-0.244176,0.0,0.0,0.0,-0.227207,-0.279325,0.0,-0.244176,0.0,0.0,0.0,0.0,0.008495,-0.000052,-0.0,-0.000039,-0.0,-0.000039,0.0,-0.000052,0.0,0.0,0.008495,-0.000052,-0.0,-0.000039,-0.0,-0.000039,0.0,-0.000052,0.0,0.0,0.0,0.0,
0.0,-0.124269,0.52235,0.402845,0.0,0.0,0.0,0.070496,0.432516,-0.14208,0.0,0.0,-1.594787,-0.019634,-0.009196,1.941006,-0.748964,0.0,-1.594787,0.019634,0.009196,1.941006,-0.748964,0.0,-0.226824,0.279198,0.0,-0.244304,0.0,-0.0,0.0,-0.226824,-0.279198,0.0,-0.244304,0.0,0.0,0.0,0.0,0.008495,-0.000052,0.0,-0.000039,0.0,-0.000039,-0.0,-0.000052,0.0,0.0,0.008495,-0.000052,0.0,-0.000039,0.0,-0.000039,-0.0,-0.000052,0.0,0.0,0.0,0.0,
0.0,-0.124198,0.522784,0.402699,0.0,0.0,0.0,0.070963,0.433775,-0.145675,0.0,0.0,-1.593744,-0.019661,-0.009226,1.939821,-0.748676,0.0,-1.593744,0.019661,0.009226,1.939821,-0.748676,0.0,-0.226439,0.27907,0.0,-0.244432,0.0,0.0,0.0,-0.226439,-0.27907,0.0,-0.244432,0.0,0.0,0.0,0.0,0.008495,-0.000052,0.0,-0.000039,-0.0,-0.000039,0.0,-0.000052,0.0,0.0,0.008495,-0.000052,0.0,-0.000039,-0.0,-0.000039,0.0,-0.000052,0.0,0.0,0.0,0.0,
0.0,-0.124126,0.52322,0.402546,0.0,0.0,0.0,0.071926,0.436445,-0.153265,0.0,0.0,-1.592692,-0.019681,-0.009253,1.938617,-0.748368,0.0,-1.592692,0.019681,0.009253,1.938617,-0.748368,0.0,-0.226053,0.27894,0.0,-0.244561,0.0,-0.0,0.0,-0.226053,-0.27894,0.0,-0.244561,0.0,0.0,0.0,0.0,0.008495,-0.000052,-0.0,-0.000039,0.0,-0.000039,0.0,-0.000052,-0.0,0.0,0.008495,-0.000052,-0.0,-0.000039,0.0,-0.000039,0.0,-0.000052,-0.0,0.0,0.0,0.0,
0.0,-0.124054,0.523656,0.402393,0.0,0.0,0.0,0.071926,0.436445,-0.153132,0.0,0.0,-1.59164,-0.019701,-0.009281,1.937413,-0.748059,0.0,-1.59164,0.019701,0.009281,1.937413,-0.748059,0.0,-0.225666,0.278811,0.0,-0.24469,0.0,-0.0,0.0,-0.225666,-0.278811,0.0,-0.24469,0.0,0.0,0.0,0.0,0.008495,-0.000052,0.0,-0.000039,-0.0,-0.000039,0.0,-0.000052,-0.0,0.0,0.008495,-0.000052,0.0,-0.000039,-0.0,-0.000039,0.0,-0.000052,-0.0,0.0,0.0,0.0,
0.0,-0.123982,0.524093,0.40224,0.0,0.0,0.0,0.071916,0.436407,-0.153265,0.0,0.0,-1.590588,-0.019721,-0.009308,1.936209,-0.74775,0.0,-1.590588,0.019721,0.009308,1.936209,-0.74775,0.0,-0.225279,0.278681,0.0,-0.244819,0.0,-0.0,0.0,-0.225279,-0.278681,0.0,-0.244819,0.0,0.0,0.0,0.0,0.008495,-0.000052,-0.0,-0.000039,-0.0,-0.000039,-0.0,-0.000052,0.0,0.0,0.008495,-0.000052,-0.0,-0.000039,-0.0,-0.000039,-0.0,-0.000052,0.0,0.0,0.0,0.0,
0.0,-0.12391,0.524529,0.402087,0.0,0.0,0.0,0.071926,0.436445,-0.153132,0.0,0.0,-1.589536,-0.019741,-0.009335,1.935006,-0.747442,0.0,-1.589536,0.019741,0.009335,1.935006,-0.747442,0.0,-0.224892,0.278552,0.0,-0.244948,0.0,0.0,0.0,-0.224892,-0.278552,0.0,-0.244948,0.0,0.0,0.0,0.0,0.008495,-0.000052,0.0,-0.000039,0.0,-0.000039,0.0,-0.000052,-0.0,0.0,0.008495,-0.000052,0.0,-0.000039,0.0,-0.000039,0.0,-0.000052,-0.0,0.0,0.0,0.0,
0.0,-0.123838,0.524966,0.401933,0.0,0.0,0.0,0.071926,0.436445,-0.153265,0.0,0.0,-1.588485,-0.019762,-0.009363,1.933802,-0.747133,0.0,-1.588485,0.019762,0.009363,1.933802,-0.747133,0.0,-0.224505,0.278423,0.0,-0.245077,0.0,0.0,0.0,-0.224505,-0.278423,0.0,-0.245077,0.0,-0.0,0.0,0.0,0.008495,-0.000052,0.0,-0.000039,0.0,-0.000039,-0.0,-0.000052,-0.0,0.0,0.008495,-0.000052,0.0,-0.000039,0.0,-0.000039,-0.0,-0.000052,-0.0,0.0,0.0,0.0,
0.0,-0.123766,0.525402,0.40178,0.0,0.0,0.0,0.071916,0.436407,-0.153132,0.0,0.0,-1.587433,-0.019782,-0.00939,1.932598,-0.746825,0.0,-1.587433,0.019782,0.00939,1.932598,-0.746825,0.0,-0.224118,0.278293,0.0,-0.245207,0.0,-0.0,0.0,-0.224118,-0.278293,0.0,-0.245207,0.0,0.0,0.0,0.0,0.008495,-0.000052,0.0,-0.000039,-0.0,-0.000039,-0.0,-0.000052,0.0,0.0,0.008495,-0.000052,0.0,-0.000039,-0.0,-0.000039,-0.0,-0.000052,0.0,0.0,0.0,0.0,
0.0,-0.123695,0.525839,0.401627,0.0,0.0,0.0,0.071926,0.436483,-0.153265,0.0,0.0,-1.586381,-0.019802,-0.009418,1.931394,-0.746516,0.0,-1.586381,0.019802,0.009418,1.931394,-0.746516,0.0,-0.223731,0.278164,0.0,-0.245336,0.0,0.0,0.0,-0.223731,-0.278164,0.0,-0.245336,0.0,0.0,0.0,0.0,0.008495,-0.000052,-0.0,-0.000039,-0.0,-0.000039,-0.0,-0.000052,0.0,0.0,0.008495,-0.000052,-0.0,-0.000039,-0.0,-0.000039,-0.0,-0.000052,0.0,0.0,0.0,0.0,
0.0,-0.123623,0.526275,0.401474,0.0,0.0,0.0,0.071926,0.436407,-0.153265,0.0,0.0,-1.585329,-0.019822,-0.009445,1.93019,-0.746208,0.0,-1.585329,0.019822,0.009445,1.93019,-0.746208,0.0,-0.223344,0.278034,0.0,-0.245465,0.0,0.0,0.0,-0.223344,-0.278034,0.0,-0.245465,0.0,-0.0,0.0,0.0,0.008495,-0.000052,-0.0,-0.000039,-0.0,-0.000039,0.0,-0.000052,0.0,0.0,0.008495,-0.000052,-0.0,-0.000039,-0.0,-0.000039,0.0,-0.000052,0.0,0.0,0.0,0.0,
0.0,-0.123551,0.526711,0.401321,0.0,0.0,0.0,0.071926,0.436445,-0.153132,0.0,0.0,-1.584277,-0.019842,-0.009473,1.928987,-0.745899,0.0,-1.584277,0.019842,0.009473,1.928987,-0.745899,0.0,-0.222958,0.277905,0.0,-0.245594,0.0,-0.0,0.0,-0.222958,-0.277905,-0.0,-0.245594,0.0,0.0,0.0,0.0,0.008495,-0.000052,-0.0,-0.000039,0.0,-0.000039,0.0,-0.000052,0.0,0.0,0.008495,-0.000052,-0.0,-0.000039,0.0,-0.000039,0.0,-0.000052,0.0,0.0,0.0,0.0,
0.0,-0.123479,0.527148,0.401167,0.0,0.0,0.0,0.071916,0.436445,-0.153265,0.0,0.0,-1.583226,-0.019862,-0.0095,1.927783,-0.745591,0.0,-1.583226,0.019862,0.0095,1.927783,-0.745591,0.0,-0.222571,0.277776,0.0,-0.245723,0.0,0.0,0.0,-0.222571,-0.277776,-0.0,-0.245723,0.0,-0.0,0.0,0.0,0.008495,-0.000052,0.0,-0.000039,0.0,-0.000039,0.0,-0.000052,0.0,0.0,0.008495,-0.000052,0.0,-0.000039,0.0,-0.000039,0.0,-0.000052,0.0,0.0,0.0,0.0,
0.0,-0.123407,0.527584,0.401014,0.0,0.0,0.0,0.071926,0.436407,-0.153132,0.0,0.0,-1.582174,-0.019882,-0.009528,1.926579,-0.745282,0.0,-1.582174,0.019882,0.009528,1.926579,-0.745282,0.0,-0.222184,0.277646,-0.0,-0.245852,0.0,0.0,0.0,-0.222184,-0.277646,0.0,-0.245852,0.0,0.0,0.0,0.0,0.008495,-0.000052,-0.0,-0.000039,-0.0,-0.000039,0.0,-0.000052,0.0,0.0,0.008495,-0.000052,-0.0,-0.000039,-0.0,-0.000039,0.0,-0.000052,0.0,0.0,0.0,0.0,
0.0,-0.123335,0.528021,0.400861,0.0,0.0,0.0,0.071926,0.436445,-0.153265,0.0,0.0,-1.581122,-0.019903,-0.009555,1.925375,-0.744973,0.0,-1.581122,0.019903,0.009555,1.925375,-0.744973,0.0,-0.221797,0.277517,0.0,-0.245982,0.0,0.0,0.0,-0.221797,-0.277517,0.0,-0.245982,0.0,-0.0,0.0,0.0,0.008495,-0.000052,-0.0,-0.000039,0.0,-0.000039,0.0,-0.000052,0.0,0.0,0.008495,-0.000052,-0.0,-0.000039,0.0,-0.000039,0.0,-0.000052,0.0,0.0,0.0,0.0,
0.0,-0.123263,0.528457,0.400708,0.0,0.0,0.0,0.071916,0.436445,-0.153265,0.0,0.0,-1.58007,-0.019923,-0.009583,1.924171,-0.744665,0.0,-1.58007,0.019923,0.009583,1.924171,-0.744665,0.0,-0.22141,0.277387,0.0,-0.246111,0.0,0.0,0.0,-0.22141,-0.277387,0.0,-0.246111,0.0,-0.0,0.0,0.0,0.008495,-0.000052,-0.0,-0.000039,-0.0,-0.000039,0.0,-0.000052,-0.0,0.0,0.008495,-0.000052,-0.0,-0.000039,-0.0,-0.000039,0.0,-0.000052,-0.0,0.0,0.0,0.0,
0.0,-0.123191,0.528894,0.400554,0.0,0.0,0.0,0.071926,0.436445,-0.153132,0.0,0.0,-1.579018,-0.019943,-0.00961,1.922967,-0.744356,0.0,-1.579018,0.019943,0.00961,1.922967,-0.744356,0.0,-0.221023,0.277258,0.0,-0.24624,0.0,-0.0,0.0,-0.221023,-0.277258,0.0,-0.24624,0.0,0.0,0.0,0.0,0.008495,-0.000052,0.0,-0.000039,-0.0,-0.000039,0.0,-0.000052,0.0,0.0,0.008495,-0.000052,0.0,-0.000039,-0.0,-0.000039,0.0,-0.000052,0.0,0.0,0.0,0.0,
0.0,-0.123119,0.52933,0.400401,0.0,0.0,0.0,0.071926,0.436407,-0.153265,0.0,0.0,-1.577966,-0.019963,-0.009638,1.921764,-0.744048,0.0,-1.577966,0.019963,0.009638,1.921764,-0.744048,0.0,-0.220636,0.277128,-0.0,-0.246369,0.0,0.0,0.0,-0.220636,-0.277128,0.0,-0.246369,0.0,-0.0,0.0,0.0,0.008495,-0.000052,-0.0,-0.000039,-0.0,-0.000039,-0.0,-0.000052,0.0,0.0,0.008495,-0.000052,-0.0,-0.000039,-0.0,-0.000039,-0.0,-0.000052,0.0,0.0,0.0,0.0,
0.0,-0.123047,0.529766,0.400248,0.0,0.0,0.0,0.071926,0.436445,-0.153132,0.0,0.0,-1.576914,-0.019983,-0.009665,1.92056,-0.743739,0.0,-1.576914,0.019983,0.009665,1.92056,-0.743739,0.0,-0.220249,0.276999,0.0,-0.246498,0.0,0.0,0.0,-0.220249,-0.276999,0.0,-0.246498,0.0,-0.0,0.0,0.0,0.008495,-0.000052,-0.0,-0.000039,0.0,-0.000039,0.0,-0.000052,-0.0,0.0,0.008495,-0.000052,-0.0,-0.000039,0.0,-0.000039,0.0,-0.000052,-0.0,0.0,0.0,0.0,
0.0,-0.122975,0.530203,0.400095,0.0,0.0,0.0,0.071916,0.436445,-0.153265,0.0,0.0,-1.575863,-0.020003,-0.009693,1.919356,-0.743431,0.0,-1.575863,0.020003,0.009693,1.919356,-0.743431,0.0,-0.219863,0.27687,0.0,-0.246627,0.0,0.0,0.0,-0.219863,-0.27687,0.0,-0.246627,0.0,-0.0,0.0,0.0,0.008495,-0.000052,0.0,-0.000039,0.0,-0.000039,0.0,-0.000052,-0.0,0.0,0.008495,-0.000052,0.0,-0.000039,0.0,-0.000039,0.0,-0.000052,-0.0,0.0,0.0,0.0,
0.0,-0.122903,0.530639,0.399942,0.0,0.0,0.0,0.071916,0.436407,-0.153132,0.0,0.0,-1.574811,-0.020023,-0.00972,1.918152,-0.743122,0.0,-1.574811,0.020023,0.00972,1.918152,-0.743122,0.0,-0.219476,0.27674,0.0,-0.246756,0.0,0.0,0.0,-0.219476,-0.27674,0.0,-0.246756,0.0,0.0,0.0,0.0,0.008495,-0.000052,0.0,-0.000039,-0.0,-0.000039,0.0,-0.000052,0.0,0.0,0.008495,-0.000052,0.0,-0.000039,-0.0,-0.000039,0.0,-0.000052,0.0,0.0,0.0,0.0,
0.0,-0.122831,0.531076,0.399788,0.0,0.0,0.0,0.071926,0.436445,-0.153265,0.0,0.0,-1.573759,-0.020044,-0.009747,1.916948,-0.742813,0.0,-1.573759,0.020044,0.009747,1.916948,-0.742813,0.0,-0.219089,0.276611,0.0,-0.246886,0.0,0.0,0.0,-0.219089,-0.276611,0.0,-0.246886,0.0,0.0,0.0,0.0,0.008495,-0.000052,0.0,-0.000039,-0.0,-0.000039,0.0,-0.000052,0.0,0.0,0.008495,-0.000052,0.0,-0.000039,-0.0,-0.000039,0.0,-0.000052,0.0,0.0,0.0,0.0,
0.0,-0.12276,0.531512,0.399635,0.0,0.0,0.0,0.071926,0.436445,-0.153132,0.0,0.0,-1.572707,-0.020064,-0.009775,1.915744,-0.742505,0.0,-1.572707,0.020064,0.009775,1.915744,-0.742505,0.0,-0.218702,0.276481,0.0,-0.247015,0.0,-0.0,0.0,-0.218702,-0.276481,0.0,-0.247015,0.0,0.0,0.0,0.0,0.008495,-0.000052,0.0,-0.000039,-0.0,-0.000039,0.0,-0.000052,0.0,0.0,0.008495,-0.000052,0.0,-0.000039,-0.0,-0.000039,0.0,-0.000052,0.0,0.0,0.0,0.0,
0.0,-0.122688,0.531949,0.399482,0.0,0.0,0.0,0.071926,0.436445,-0.153265,0.0,0.0,-1.571655,-0.020084,-0.009802,1.91454,-0.742196,0.0,-1.571655,0.020084,0.009802,1.91454,-0.742196,0.0,-0.218315,0.276352,0.0,-0.247144,0.0,0.0,0.0,-0.218315,-0.276352,0.0,-0.247144,0.0,-0.0,0.0,0.0,0.008495,-0.000052,0.0,-0.000039,0.0,-0.000039,0.0,-0.000052,0.0,0.0,0.008495,-0.000052,0.0,-0.000039,0.0,-0.000039,0.0,-0.000052,0.0,0.0,0.0,0.0,
0.0,-0.122616,0.532385,0.399329,0.0,0.0,0.0,0.071916,0.436407,-0.153132,0.0,0.0,-1.570603,-0.020104,-0.00983,1.913337,-0.741888,0.0,-1.570603,0.020104,0.00983,1.913337,-0.741888,0.0,-0.217928,0.276223,0.0,-0.247273,0.0,0.0,0.0,-0.217928,-0.276223,0.0,-0.247273,0.0,-0.0,0.0,0.0,0.008495,-0.000052,0.0,-0.000039,-0.0,-0.000039,-0.0,-0.000052,0.0,0.0,0.008495,-0.000052,0.0,-0.000039,-0.0,-0.000039,-0.0,-0.000052,0.0,0.0,-0.0,0.0,
0.0,-0.122544,0.532821,0.399176,0.0,0.0,0.0,0.071926,0.436445,-0.153265,0.0,0.0,-1.569552,-0.020124,-0.009857,1.912133,-0.741579,0.0,-1.569552,0.020124,0.009857,1.912133,-0.741579,0.0,-0.217541,0.276093,0.0,-0.247402,0.0,0.0,0.0,-0.217541,-0.276093,0.0,-0.247402,0.0,-0.0,0.0,0.0,0.008495,-0.000052,-0.0,-0.000039,-0.0,-0.000039,-0.0,-0.000052,0.0,0.0,0.008495,-0.000052,-0.0,-0.000039,-0.0,-0.000039,-0.0,-0.000052,0.0,0.0,0.0,0.0,
0.0,-0.122472,0.533258,0.399022,0.0,0.0,0.0,0.071926,0.436445,-0.153265,0.0,0.0,-1.5685,-0.020144,-0.009885,1.910929,-0.741271,0.0,-1.5685,0.020144,0.009885,1.910929,-0.741271,0.0,-0.217155,0.275964,0.0,-0.247531,0.0,0.0,0.0,-0.217155,-0.275964,0.0,-0.247531,0.0,-0.0,0.0,0.0,0.008495,-0.000052,-0.0,-0.000039,0.0,-0.000039,-0.0,-0.000052,0.0,0.0,0.008495,-0.000052,-0.0,-0.000039,0.0,-0.000039,-0.0,-0.000052,0.0,0.0,0.0,0.0,
0.0,-0.1224,0.533694,0.398869,0.0,0.0,0.0,0.071926,0.436445,-0.153132,0.0,0.0,-1.567448,-0.020164,-0.009912,1.909725,-0.740962,0.0,-1.567448,0.020164,0.009912,1.909725,-0.740962,0.0,-0.216768,0.275834,0.0,-0.247661,0.0,-0.0,0.0,-0.216768,-0.275834,0.0,-0.247661,0.0,0.0,0.0,0.0,0.008495,-0.000052,0.0,-0.000039,0.0,-0.000039,0.0,-0.000052,0.0,0.0,0.008495,-0.000052,0.0,-0.000039,0.0,-0.000039,0.0,-0.000052,0.0,0.0,0.0,0.0,
0.0,-0.122328,0.534131,0.398716,0.0,0.0,0.0,0.071916,0.436407,-0.153265,0.0,0.0,-1.566396,-0.020185,-0.00994,1.908521,-0.740653,0.0,-1.566396,0.020185,0.00994,1.908521,-0.740653,0.0,-0.216381,0.275705,0.0,-0.24779,0.0,-0.0,0.0,-0.216381,-0.275705,0.0,-0.24779,0.0,0.0,0.0,0.0,0.008495,-0.000052,-0.0,-0.000039,-0.0,-0.000039,-0.0,-0.000052,-0.0,0.0,0.008495,-0.000052,-0.0,-0.000039,-0.0,-0.000039,-0.0,-0.000052,-0.0,0.0,0.0,0.0,
0.0,-0.122256,0.534567,0.398563,0.0,0.0,0.0,0.071926,0.436445,-0.153132,0.0,0.0,-1.565344,-0.020205,-0.009967,1.907318,-0.740345,0.0,-1.565344,0.020205,0.009967,1.907318,-0.740345,0.0,-0.215994,0.275575,0.0,-0.247919,0.0,0.0,0.0,-0.215994,-0.275575,0.0,-0.247919,0.0,-0.0,0.0,0.0,0.008495,-0.000052,0.0,-0.000039,0.0,-0.000039,0.0,-0.000052,-0.0,0.0,0.008495,-0.000052,0.0,-0.000039,0.0,-0.000039,0.0,-0.000052,-0.0,0.0,0.0,0.0,
0.0,-0.122184,0.535004,0.39841,0.0,0.0,0.0,0.071926,0.436445,-0.153265,0.0,0.0,-1.564293,-0.020225,-0.009995,1.906114,-0.740036,0.0,-1.564293,0.020225,0.009995,1.906114,-0.740036,0.0,-0.215607,0.275446,0.0,-0.248048,0.0,0.0,0.0,-0.215607,-0.275446,0.0,-0.248048,0.0,-0.0,0.0,0.0,0.008495,-0.000052,0.0,-0.000039,0.0,-0.000039,-0.0,-0.000052,-0.0,0.0,0.008495,-0.000052,0.0,-0.000039,0.0,-0.000039,-0.0,-0.000052,-0.0,0.0,0.0,0.0,
0.0,-0.122112,0.53544,0.398256,0.0,0.0,0.0,0.071916,0.436407,-0.153265,0.0,0.0,-1.563241,-0.020245,-0.010022,1.90491,-0.739728,0.0,-1.563241,0.020245,0.010022,1.90491,-0.739728,0.0,-0.21522,0.275317,0.0,-0.248177,0.0,-0.0,0.0,-0.21522,-0.275317,0.0,-0.248177,0.0,0.0,0.0,0.0,0.008495,-0.000052,0.0,-0.000039,0.0,-0.000039,-0.0,-0.000052,-0.0,0.0,0.008495,-0.000052,0.0,-0.000039,0.0,-0.000039,-0.0,-0.000052,-0.0,0.0,0.0,0.0,
0.0,-0.12204,0.535877,0.398103,0.0,0.0,0.0,0.071926,0.436483,-0.153132,0.0,0.0,-1.562189,-0.020265,-0.01005,1.903706,-0.739419,0.0,-1.562189,0.020265,0.01005,1.903706,-0.739419,0.0,-0.214833,0.275187,0.0,-0.248306,0.0,-0.0,0.0,-0.214833,-0.275187,0.0,-0.248306,0.0,0.0,0.0,0.0,0.008495,-0.000052,0.0,-0.000039,-0.0,-0.000039,0.0,-0.000052,0.0,0.0,0.008495,-0.000052,0.0,-0.000039,-0.0,-0.000039,0.0,-0.000052,0.0,0.0,0.0,0.0,
0.0,-0.121968,0.536313,0.39795,0.0,0.0,0.0,0.071926,0.436407,-0.153265,0.0,0.0,-1.561137,-0.020285,-0.010077,1.902503,-0.739111,0.0,-1.561137,0.020285,0.010077,1.902503,-0.739111,0.0,-0.214446,0.275058,0.0,-0.248435,0.0,-0.0,0.0,-0.214446,-0.275058,0.0,-0.248435,0.0,0.0,0.0,0.0,0.008495,-0.000052,0.0,-0.000039,0.0,-0.000039,-0.0,-0.000052,0.0,0.0,0.008495,-0.000052,0.0,-0.000039,0.0,-0.000039,-0.0,-0.000052,0.0,0.0,0.0,0.0,
0.0,-0.121896,0.536749,0.397797,0.0,0.0,0.0,0.071926,0.436445,-0.153132,0.0,0.0,-1.560085,-0.020305,-0.010105,1.901299,-0.738802,0.0,-1.560085,0.020305,0.010105,1.901299,-0.738802,0.0,-0.21406,0.274928,0.0,-0.248565,0.0,0.0,0.0,-0.21406,-0.274928,0.0,-0.248565,-0.0,-0.0,0.0,0.0,0.008495,-0.000052,0.0,-0.000039,0.0,-0.000039,0.0,-0.000052,-0.0,0.0,0.008495,-0.000052,0.0,-0.000039,0.0,-0.000039,0.0,-0.000052,-0.0,0.0,0.0,0.0,
0.0,-0.121825,0.537186,0.397643,0.0,0.0,0.0,0.071916,0.436445,-0.153265,0.0,0.0,-1.559034,-0.020326,-0.010132,1.900095,-0.738494,0.0,-1.559034,0.020326,0.010132,1.900095,-0.738494,0.0,-0.213673,0.274799,0.0,-0.248694,0.0,-0.0,0.0,-0.213673,-0.274799,0.0,-0.248694,0.0,0.0,0.0,0.0,0.008495,-0.000052,0.0,-0.000039,-0.0,-0.000039,0.0,-0.000052,0.0,0.0,0.008495,-0.000052,0.0,-0.000039,-0.0,-0.000039,0.0,-0.000052,0.0,0.0,0.0,0.0,
0.0,-0.121751,0.537625,0.397483,0.0,0.0,0.0,0.073242,0.439382,-0.160456,0.0,0.0,-1.557972,-0.020351,-0.010167,1.89886,-0.73816,0.0,-1.557972,0.020351,0.010167,1.89886,-0.73816,0.0,-0.213282,0.27467,0.0,-0.248825,0.0,-0.0,0.0,-0.213282,-0.27467,0.0,-0.248825,0.0,0.0,0.0,0.0,0.008495,-0.000052,0.0,-0.000039,0.0,-0.000039,0.0,-0.000052,0.0,0.0,0.008495,-0.000052,0.0,-0.000039,0.0,-0.000039,0.0,-0.000052,0.0,0.0,0.0,0.0,
0.0,-0.121678,0.538065,0.397322,0.0,0.0,0.0,0.073242,0.439344,-0.160589,0.0,0.0,-1.55691,-0.020377,-0.010201,1.897625,-0.737827,0.0,-1.55691,0.020377,0.010201,1.897625,-0.737827,0.0,-0.212892,0.27454,0.0,-0.248956,0.0,0.0,0.0,-0.212892,-0.27454,0.0,-0.248956,0.0,-0.0,0.0,0.0,0.008495,-0.000052,-0.0,-0.000039,0.0,-0.000039,0.0,-0.000052,0.0,0.0,0.008495,-0.000052,-0.0,-0.000039,0.0,-0.000039,0.0,-0.000052,0.0,0.0,0.0,0.0,
0.0,-0.121605,0.538504,0.397162,0.0,0.0,0.0,0.073251,0.439382,-0.160722,0.0,0.0,-1.555849,-0.020402,-0.010236,1.89639,-0.737493,0.0,-1.555849,0.020402,0.010236,1.89639,-0.737493,0.0,-0.212502,0.274411,0.0,-0.249087,0.0,0.0,0.0,-0.212502,-0.274411,0.0,-0.249087,0.0,-0.0,0.0,0.0,0.008495,-0.000052,0.0,-0.000039,0.0,-0.000039,-0.0,-0.000052,0.0,0.0,0.008495,-0.000052,0.0,-0.000039,0.0,-0.000039,-0.0,-0.000052,0.0,0.0,0.0,0.0,
0.0,-0.121532,0.538943,0.397001,0.0,0.0,0.0,0.073251,0.439421,-0.160589,0.0,0.0,-1.554787,-0.020428,-0.010271,1.895155,-0.73716,0.0,-1.554787,0.020428,0.010271,1.895155,-0.73716,0.0,-0.212112,0.274281,0.0,-0.249218,0.0,-0.0,0.0,-0.212112,-0.274281,0.0,-0.249218,0.0,0.0,0.0,0.0,0.008495,-0.000052,0.0,-0.000039,0.0,-0.000039,-0.0,-0.000052,0.0,0.0,0.008495,-0.000052,0.0,-0.000039,0.0,-0.000039,-0.0,-0.000052,0.0,0.0,0.0,0.0,
0.0,-0.121458,0.539383,0.396841,0.0,0.0,0.0,0.073242,0.439344,-0.160589,0.0,0.0,-1.553725,-0.020454,-0.010306,1.893919,-0.736827,0.0,-1.553725,0.020454,0.010306,1.893919,-0.736827,0.0,-0.211721,0.274152,0.0,-0.249349,0.0,0.0,0.0,-0.211721,-0.274152,0.0,-0.249349,0.0,-0.0,0.0,0.0,0.008495,-0.000052,-0.0,-0.000039,0.0,-0.000039,0.0,-0.000052,0.0,0.0,0.008495,-0.000052,-0.0,-0.000039,0.0,-0.000039,0.0,-0.000052,0.0,0.0,0.0,0.0,
0.0,-0.121385,0.539822,0.39668,0.0,0.0,0.0,0.073251,0.439421,-0.160589,0.0,0.0,-1.552664,-0.020479,-0.010341,1.892684,-0.736493,0.0,-1.552664,0.020479,0.010341,1.892684,-0.736493,0.0,-0.211331,0.274023,0.0,-0.24948,0.0,0.0,0.0,-0.211331,-0.274023,0.0,-0.24948,0.0,-0.0,0.0,0.0,0.008495,-0.000052,0.0,-0.000039,0.0,-0.000039,-0.0,-0.000052,0.0,0.0,0.008495,-0.000052,0.0,-0.000039,0.0,-0.000039,-0.0,-0.000052,0.0,0.0,0.0,0.0,
0.0,-0.121312,0.540262,0.396519,0.0,0.0,0.0,0.073242,0.439382,-0.160589,0.0,0.0,-1.551602,-0.020505,-0.010375,1.891449,-0.73616,0.0,-1.551602,0.020505,0.010375,1.891449,-0.73616,-0.0,-0.210941,0.273893,0.0,-0.249611,0.0,0.0,0.0,-0.210941,-0.273893,0.0,-0.249611,0.0,-0.0,0.0,0.0,0.008495,-0.000052,-0.0,-0.000039,-0.0,-0.000039,-0.0,-0.000052,0.0,0.0,0.008495,-0.000052,-0.0,-0.000039,-0.0,-0.000039,-0.0,-0.000052,0.0,0.0,0.0,0.0,
0.0,-0.121239,0.540701,0.396359,0.0,0.0,0.0,0.073251,0.439382,-0.160589,0.0,0.0,-1.55054,-0.020531,-0.01041,1.890214,-0.735826,0.0,-1.55054,0.020531,0.01041,1.890214,-0.735826,0.0,-0.21055,0.273764,0.0,-0.249742,0.0,-0.0,0.0,-0.21055,-0.273764,0.0,-0.249742,0.0,0.0,0.0,0.0,0.008495,-0.000052,-0.0,-0.000039,0.0,-0.000039,0.0,-0.000052,0.0,0.0,0.008495,-0.000052,-0.0,-0.000039,0.0,-0.000039,0.0,-0.000052,0.0,0.0,0.0,0.0,
0.0,-0.121165,0.54114,0.396198,0.0,0.0,0.0,0.073251,0.439382,-0.160589,0.0,0.0,-1.549478,-0.020556,-0.010445,1.888978,-0.735493,0.0,-1.549478,0.020556,0.010445,1.888978,-0.735493,0.0,-0.21016,0.273635,0.0,-0.249873,0.0,0.0,0.0,-0.21016,-0.273635,0.0,-0.249873,0.0,-0.0,0.0,0.0,0.008495,-0.000052,-0.0,-0.000039,-0.0,-0.000039,0.0,-0.000052,0.0,0.0,0.008495,-0.000052,-0.0,-0.000039,-0.0,-0.000039,0.0,-0.000052,0.0,0.0,0.0,0.0,
0.0,-0.121092,0.54158,0.396038,0.0,0.0,0.0,0.073242,0.439382,-0.160589,0.0,0.0,-1.548417,-0.020582,-0.01048,1.887743,-0.735159,0.0,-1.548417,0.020582,0.01048,1.887743,-0.735159,0.0,-0.20977,0.273505,0.0,-0.250004,0.0,0.0,0.0,-0.20977,-0.273505,-0.0,-0.250004,0.0,0.0,0.0,0.0,0.008495,-0.000052,0.0,-0.000039,-0.0,-0.000039,0.0,-0.000052,0.0,0.0,0.008495,-0.000052,0.0,-0.000039,-0.0,-0.000039,0.0,-0.000052,0.0,0.0,0.0,0.0,
0.0,-0.121019,0.542019,0.395877,0.0,0.0,0.0,0.073251,0.439382,-0.160589,0.0,0.0,-1.547355,-0.020607,-0.010515,1.886508,-0.734826,0.0,-1.547355,0.020607,0.010515,1.886508,-0.734826,0.0,-0.20938,0.273376,0.0,-0.250135,0.0,-0.0,0.0,-0.20938,-0.273376,0.0,-0.250135,0.0,0.0,0.0,0.0,0.008495,-0.000052,-0.0,-0.000039,-0.0,-0.000039,0.0,-0.000052,0.0,0.0,0.008495,-0.000052,-0.0,-0.000039,-0.0,-0.000039,0.0,-0.000052,0.0,0.0,0.0,0.0,
0.0,-0.120946,0.542458,0.395716,0.0,0.0,0.0,0.073251,0.439382,-0.160589,0.0,0.0,-1.546293,-0.020633,-0.010549,1.885272,-0.734493,0.0,-1.546293,0.020633,0.010549,1.885272,-0.734493,0.0,-0.208989,0.273246,0.0,-0.250266,0.0,0.0,0.0,-0.208989,-0.273246,0.0,-0.250266,0.0,-0.0,0.0,0.0,0.008495,-0.000052,0.0,-0.000039,0.0,-0.000039,0.0,-0.000052,-0.0,0.0,0.008495,-0.000052,0.0,-0.000039,0.0,-0.000039,0.0,-0.000052,-0.0,0.0,0.0,0.0,
0.0,-0.120872,0.542898,0.395556,0.0,0.0,0.0,0.073251,0.439421,-0.160589,0.0,0.0,-1.545231,-0.020659,-0.010584,1.884037,-0.734159,0.0,-1.545231,0.020659,0.010584,1.884037,-0.734159,0.0,-0.208599,0.273117,0.0,-0.250397,0.0,-0.0,0.0,-0.208599,-0.273117,-0.0,-0.250397,0.0,0.0,0.0,0.0,0.008495,-0.000052,0.0,-0.000039,-0.0,-0.000039,0.0,-0.000052,-0.0,0.0,0.008495,-0.000052,0.0,-0.000039,-0.0,-0.000039,0.0,-0.000052,-0.0,0.0,0.0,0.0,
0.0,-0.120799,0.543337,0.395395,0.0,0.0,0.0,0.073242,0.439344,-0.160589,0.0,0.0,-1.544169,-0.020684,-0.010619,1.882802,-0.733826,0.0,-1.544169,0.020684,0.010619,1.882802,-0.733826,0.0,-0.208209,0.272988,0.0,-0.250528,0.0,-0.0,0.0,-0.208209,-0.272988,0.0,-0.250528,0.0,0.0,0.0,0.0,0.008495,-0.000052,0.0,-0.000039,-0.0,-0.000039,-0.0,-0.000052,0.0,0.0,0.008495,-0.000052,0.0,-0.000039,-0.0,-0.000039,-0.0,-0.000052,0.0,0.0,0.0,0.0,
0.0,-0.120726,0.543777,0.395235,0.0,0.0,0.0,0.073251,0.439421,-0.160589,0.0,0.0,-1.543108,-0.02071,-0.010654,1.881567,-0.733492,0.0,-1.543108,0.02071,0.010654,1.881567,-0.733492,0.0,-0.207818,0.272858,0.0,-0.250659,0.0,0.0,0.0,-0.207818,-0.272858,-0.0,-0.250659,0.0,-0.0,0.0,0.0,0.008495,-0.000052,-0.0,-0.000039,0.0,-0.000039,-0.0,-0.000052,0.0,0.0,0.008495,-0.000052,-0.0,-0.000039,0.0,-0.000039,-0.0,-0.000052,0.0,0.0,0.0,0.0,
0.0,-0.120653,0.544216,0.395074,0.0,0.0,0.0,0.073242,0.439382,-0.160589,0.0,0.0,-1.542046,-0.020736,-0.010689,1.880331,-0.733159,0.0,-1.542046,0.020736,0.010689,1.880331,-0.733159,0.0,-0.207428,0.272729,0.0,-0.25079,0.0,0.0,0.0,-0.207428,-0.272729,0.0,-0.25079,0.0,-0.0,0.0,0.0,0.008495,-0.000052,0.0,-0.000039,0.0,-0.000039,-0.0,-0.000052,0.0,0.0,0.008495,-0.000052,0.0,-0.000039,0.0,-0.000039,-0.0,-0.000052,0.0,0.0,0.0,0.0,
0.0,-0.120579,0.544655,0.394913,0.0,0.0,0.0,0.073251,0.439382,-0.160589,0.0,0.0,-1.540984,-0.020761,-0.010723,1.879096,-0.732825,0.0,-1.540984,0.020761,0.010723,1.879096,-0.732825,0.0,-0.207038,0.2726,0.0,-0.250921,0.0,-0.0,0.0,-0.207038,-0.2726,0.0,-0.250921,0.0,0.0,0.0,0.0,0.008495,-0.000052,0.0,-0.000039,-0.0,-0.000039,-0.0,-0.000052,-0.0,0.0,0.008495,-0.000052,0.0,-0.000039,-0.0,-0.000039,-0.0,-0.000052,-0.0,0.0,0.0,0.0,
0.0,-0.120506,0.545095,0.394753,0.0,0.0,0.0,0.073251,0.439382,-0.160589,0.0,0.0,-1.539922,-0.020787,-0.010758,1.877861,-0.732492,0.0,-1.539922,0.020787,0.010758,1.877861,-0.732492,0.0,-0.206648,0.27247,0.0,-0.251052,0.0,0.0,0.0,-0.206648,-0.27247,0.0,-0.251052,0.0,-0.0,0.0,0.0,0.008495,-0.000052,0.0,-0.000039,0.0,-0.000039,0.0,-0.000052,0.0,0.0,0.008495,-0.000052,0.0,-0.000039,0.0,-0.000039,0.0,-0.000052,0.0,0.0,0.0,0.0,
0.0,-0.120433,0.545534,0.394592,0.0,0.0,0.0,0.073242,0.439382,-0.160589,0.0,0.0,-1.538861,-0.020813,-0.010793,1.876626,-0.732159,0.0,-1.538861,0.020813,0.010793,1.876626,-0.732159,0.0,-0.206257,0.272341,0.0,-0.251183,0.0,0.0,0.0,-0.206257,-0.272341,-0.0,-0.251183,0.0,-0.0,0.0,0.0,0.008495,-0.000052,-0.0,-0.000039,0.0,-0.000039,0.0,-0.000052,0.0,0.0,0.008495,-0.000052,-0.0,-0.000039,0.0,-0.000039,0.0,-0.000052,0.0,0.0,0.0,0.0,
0.0,-0.12036,0.545974,0.394432,0.0,0.0,0.0,0.073251,0.439382,-0.160589,0.0,0.0,-1.537799,-0.020838,-0.010828,1.87539,-0.731825,0.0,-1.537799,0.020838,0.010828,1.87539,-0.731825,0.0,-0.205867,0.272211,-0.0,-0.251315,0.0,0.0,0.0,-0.205867,-0.272211,0.0,-0.251315,0.0,0.0,0.0,0.0,0.008495,-0.000052,-0.0,-0.000039,0.0,-0.000039,0.0,-0.000052,0.0,0.0,0.008495,-0.000052,-0.0,-0.000039,0.0,-0.000039,0.0,-0.000052,0.0,0.0,0.0,0.0,
0.0,-0.120286,0.546413,0.394271,0.0,0.0,0.0,0.073251,0.439382,-0.160589,0.0,0.0,-1.536737,-0.020864,-0.010863,1.874155,-0.731492,0.0,-1.536737,0.020864,0.010863,1.874155,-0.731492,0.0,-0.205477,0.272082,0.0,-0.251446,0.0,0.0,0.0,-0.205477,-0.272082,-0.0,-0.251446,0.0,-0.0,0.0,0.0,0.008495,-0.000052,0.0,-0.000039,-0.0,-0.000039,0.0,-0.000052,0.0,0.0,0.008495,-0.000052,0.0,-0.000039,-0.0,-0.000039,0.0,-0.000052,0.0,0.0,0.0,0.0,
0.0,-0.120213,0.546852,0.39411,0.0,0.0,0.0,0.073242,0.439421,-0.160722,0.0,0.0,-1.535675,-0.020889,-0.010897,1.87292,-0.731158,0.0,-1.535675,0.020889,0.010897,1.87292,-0.731158,0.0,-0.205086,0.271953,0.0,-0.251577,0.0,-0.0,0.0,-0.205086,-0.271953,-0.0,-0.251577,0.0,0.0,0.0,0.0,0.008495,-0.000052,0.0,-0.000039,0.0,-0.000039,0.0,-0.000052,0.0,0.0,0.008495,-0.000052,0.0,-0.000039,0.0,-0.000039,0.0,-0.000052,0.0,0.0,0.0,0.0,
0.0,-0.12014,0.547292,0.39395,0.0,0.0,0.0,0.073251,0.439382,-0.160589,0.0,0.0,-1.534613,-0.020915,-0.010932,1.871684,-0.730825,0.0,-1.534613,0.020915,0.010932,1.871684,-0.730825,0.0,-0.204696,0.271823,0.0,-0.251708,0.0,0.0,0.0,-0.204696,-0.271823,0.0,-0.251708,0.0,-0.0,0.0,0.0,0.008495,-0.000052,-0.0,-0.000039,0.0,-0.000039,0.0,-0.000052,0.0,0.0,0.008495,-0.000052,-0.0,-0.000039,0.0,-0.000039,0.0,-0.000052,0.0,0.0,0.0,0.0,
0.0,-0.120067,0.547731,0.393789,0.0,0.0,0.0,0.073251,0.439382,-0.160589,0.0,0.0,-1.533552,-0.020941,-0.010967,1.870449,-0.730491,0.0,-1.533552,0.020941,0.010967,1.870449,-0.730491,0.0,-0.204306,0.271694,0.0,-0.251839,0.0,-0.0,0.0,-0.204306,-0.271694,0.0,-0.251839,0.0,0.0,0.0,0.0,0.008495,-0.000052,-0.0,-0.000039,0.0,-0.000039,0.0,-0.000052,0.0,0.0,0.008495,-0.000052,-0.0,-0.000039,0.0,-0.000039,0.0,-0.000052,0.0,0.0,0.0,0.0,
0.0,-0.119993,0.548171,0.393629,0.0,0.0,0.0,0.073242,0.439382,-0.160589,0.0,0.0,-1.53249,-0.020966,-0.011002,1.869214,-0.730158,0.0,-1.53249,0.020966,0.011002,1.869214,-0.730158,0.0,-0.203916,0.271565,0.0,-0.25197,0.0,-0.0,0.0,-0.203916,-0.271565,-0.0,-0.25197,0.0,0.0,0.0,0.0,0.008495,-0.000052,0.0,-0.000039,0.0,-0.000039,0.0,-0.000052,0.0,0.0,0.008495,-0.000052,0.0,-0.000039,0.0,-0.000039,0.0,-0.000052,0.0,0.0,0.0,0.0,
0.0,-0.11992,0.54861,0.393468,0.0,0.0,0.0,0.073251,0.439382,-0.160589,0.0,0.0,-1.531428,-0.020992,-0.011036,1.867979,-0.729825,0.0,-1.531428,0.020992,0.011036,1.867979,-0.729825,0.0,-0.203525,0.271435,0.0,-0.252101,0.0,0.0,0.0,-0.203525,-0.271435,0.0,-0.252101,0.0,0.0,0.0,0.0,0.008495,-0.000052,0.0,-0.000039,0.0,-0.000039,0.0,-0.000052,0.0,0.0,0.008495,-0.000052,0.0,-0.000039,0.0,-0.000039,0.0,-0.000052,0.0,0.0,0.0,0.0,
0.0,-0.119847,0.549049,0.393307,0.0,0.0,0.0,0.073251,0.439382,-0.160589,0.0,0.0,-1.530367,-0.021018,-0.011071,1.866743,-0.729491,0.0,-1.530367,0.021018,0.011071,1.866743,-0.729491,0.0,-0.203135,0.271306,0.0,-0.252232,0.0,0.0,0.0,-0.203135,-0.271306,0.0,-0.252232,0.0,-0.0,0.0,0.0,0.008495,-0.000052,-0.0,-0.000039,0.0,-0.000039,0.0,-0.000052,0.0,0.0,0.008495,-0.000052,-0.0,-0.000039,0.0,-0.000039,0.0,-0.000052,0.0,0.0,0.0,0.0,
0.0,-0.119774,0.549489,0.393147,0.0,0.0,0.0,0.073242,0.439382,-0.160589,0.0,0.0,-1.529305,-0.021043,-0.011106,1.865508,-0.729158,0.0,-1.529305,0.021043,0.011106,1.865508,-0.729158,0.0,-0.202745,0.271176,0.0,-0.252363,0.0,0.0,0.0,-0.202745,-0.271176,0.0,-0.252363,0.0,-0.0,0.0,0.0,0.008495,-0.000052,-0.0,-0.000039,0.0,-0.000039,-0.0,-0.000052,0.0,0.0,0.008495,-0.000052,-0.0,-0.000039,0.0,-0.000039,-0.0,-0.000052,0.0,0.0,0.0,0.0,
0.0,-0.1197,0.549928,0.392986,0.0,0.0,0.0,0.073251,0.439382,-0.160589,0.0,0.0,-1.528243,-0.021069,-0.011141,1.864273,-0.728824,0.0,-1.528243,0.021069,0.011141,1.864273,-0.728824,0.0,-0.202354,0.271047,0.0,-0.252494,0.0,-0.0,0.0,-0.202354,-0.271047,0.0,-0.252494,0.0,0.0,0.0,0.0,0.008495,-0.000052,0.0,-0.000039,0.0,-0.000039,0.0,-0.000052,0.0,0.0,0.008495,-0.000052,0.0,-0.000039,0.0,-0.000039,0.0,-0.000052,0.0,0.0,0.0,0.0,
0.0,-0.119627,0.550367,0.392826,0.0,0.0,0.0,0.073242,0.439382,-0.160589,0.0,0.0,-1.527181,-0.021095,-0.011176,1.863038,-0.728491,0.0,-1.527181,0.021095,0.011176,1.863038,-0.728491,0.0,-0.201964,0.270918,0.0,-0.252625,0.0,-0.0,0.0,-0.201964,-0.270918,0.0,-0.252625,0.0,0.0,0.0,0.0,0.008495,-0.000052,0.0,-0.000039,0.0,-0.000039,0.0,-0.000052,0.0,0.0,0.008495,-0.000052,0.0,-0.000039,0.0,-0.000039,0.0,-0.000052,0.0,0.0,-0.0,0.0,
0.0,-0.119554,0.550807,0.392665,0.0,0.0,0.0,0.073251,0.439421,-0.160589,0.0,0.0,-1.52612,-0.02112,-0.01121,1.861802,-0.728157,0.0,-1.52612,0.02112,0.01121,1.861802,-0.728157,0.0,-0.201574,0.270788,0.0,-0.252756,0.0,0.0,0.0,-0.201574,-0.270788,0.0,-0.252756,0.0,-0.0,0.0,0.0,0.008495,-0.000052,-0.0,-0.000039,-0.0,-0.000039,-0.0,-0.000052,0.0,0.0,0.008495,-0.000052,-0.0,-0.000039,-0.0,-0.000039,-0.0,-0.000052,0.0,0.0,0.0,0.0,
0.0,-0.119481,0.551246,0.392505,0.0,0.0,0.0,0.073251,0.439382,-0.160589,0.0,0.0,-1.525058,-0.021146,-0.011245,1.860567,-0.727824,0.0,-1.525058,0.021146,0.011245,1.860567,-0.727824,0.0,-0.201184,0.270659,0.0,-0.252887,0.0,-0.0,0.0,-0.201184,-0.270659,0.0,-0.252887,0.0,0.0,0.0,0.0,0.008495,-0.000052,-0.0,-0.000039,0.0,-0.000039,0.0,-0.000052,0.0,0.0,0.008495,-0.000052,-0.0,-0.000039,0.0,-0.000039,0.0,-0.000052,0.0,0.0,0.0,0.0,
0.0,-0.119407,0.551686,0.392344,0.0,0.0,0.0,0.073251,0.439382,-0.160589,0.0,0.0,-1.523996,-0.021171,-0.01128,1.859332,-0.727491,0.0,-1.523996,0.021171,0.01128,1.859332,-0.727491,0.0,-0.200793,0.27053,-0.0,-0.253018,0.0,0.0,0.0,-0.200793,-0.27053,0.0,-0.253018,0.0,0.0,0.0,0.0,0.008495,-0.000052,0.0,-0.000039,-0.0,-0.000039,-0.0,-0.000052,-0.0,0.0,0.008495,-0.000052,0.0,-0.000039,-0.0,-0.000039,-0.0,-0.000052,-0.0,0.0,0.0,0.0,
0.0,-0.119333,0.552126,0.392178,0.0,0.0,0.0,0.074052,0.440679,-0.165516,0.0,0.0,-1.522925,-0.021197,-0.011316,1.858078,-0.72714,0.0,-1.522925,0.021197,0.011316,1.858078,-0.72714,0.0,-0.200402,0.270399,0.0,-0.253149,0.0,0.0,0.0,-0.200402,-0.270399,0.0,-0.253149,0.0,0.0,0.0,0.0,0.008495,-0.000052,0.0,-0.000039,-0.0,-0.000039,-0.0,-0.000052,0.0,0.0,0.008495,-0.000052,0.0,-0.000039,-0.0,-0.000039,-0.0,-0.000052,0.0,0.0,0.0,0.0,
0.0,-0.119259,0.552568,0.392011,0.0,0.0,0.0,0.074462,0.441328,-0.167913,0.0,0.0,-1.521848,-0.021223,-0.011353,1.856813,-0.72678,0.0,-1.521848,0.021223,0.011353,1.856813,-0.72678,0.0,-0.20001,0.270268,-0.0,-0.25328,0.0,0.0,0.0,-0.20001,-0.270268,0.0,-0.25328,0.0,0.0,0.0,0.0,0.008495,-0.000052,-0.0,-0.000039,0.0,-0.000039,0.0,-0.000052,0.0,0.0,0.008495,-0.000052,-0.0,-0.000039,0.0,-0.000039,0.0,-0.000052,0.0,0.0,0.0,0.0,
0.0,-0.119184,0.553009,0.391842,0.0,0.0,0.0,0.074481,0.441366,-0.168046,0.0,0.0,-1.520772,-0.021248,-0.011389,1.855548,-0.726419,0.0,-1.520772,0.021248,0.011389,1.855548,-0.726419,0.0,-0.199618,0.270137,0.0,-0.253411,0.0,0.0,0.0,-0.199618,-0.270137,0.0,-0.253411,0.0,0.0,0.0,0.0,0.008495,-0.000052,-0.0,-0.000039,0.0,-0.000039,0.0,-0.000052,0.0,0.0,0.008495,-0.000052,-0.0,-0.000039,0.0,-0.000039,0.0,-0.000052,0.0,0.0,0.0,0.0,
0.0,-0.11911,0.55345,0.391675,0.0,0.0,0.0,0.074472,0.441366,-0.167913,0.0,0.0,-1.519696,-0.021274,-0.011426,1.854284,-0.726059,0.0,-1.519696,0.021274,0.011426,1.854284,-0.726059,0.0,-0.199226,0.270005,0.0,-0.253542,0.0,-0.0,0.0,-0.199226,-0.270005,0.0,-0.253542,0.0,0.0,0.0,0.0,0.008495,-0.000052,0.0,-0.000039,0.0,-0.000039,-0.0,-0.000052,0.0,0.0,0.008495,-0.000052,0.0,-0.000039,0.0,-0.000039,-0.0,-0.000052,0.0,0.0,0.0,0.0,
0.0,-0.119035,0.553892,0.391507,0.0,0.0,0.0,0.074472,0.441366,-0.168046,0.0,0.0,-1.518619,-0.0213,-0.011463,1.853019,-0.725699,0.0,-1.518619,0.0213,0.011463,1.853019,-0.725699,0.0,-0.198835,0.269874,-0.0,-0.253673,0.0,0.0,0.0,-0.198835,-0.269874,0.0,-0.253673,0.0,-0.0,0.0,0.0,0.008495,-0.000052,-0.0,-0.000039,0.0,-0.000039,0.0,-0.000052,0.0,0.0,0.008495,-0.000052,-0.0,-0.000039,0.0,-0.000039,0.0,-0.000052,0.0,0.0,0.0,0.0,
0.0,-0.118961,0.554333,0.391339,0.0,0.0,0.0,0.074472,0.441328,-0.167913,0.0,0.0,-1.517543,-0.021325,-0.011499,1.851755,-0.725339,0.0,-1.517543,0.021325,0.011499,1.851755,-0.725339,0.0,-0.198443,0.269743,0.0,-0.253804,0.0,0.0,0.0,-0.198443,-0.269743,0.0,-0.253804,0.0,0.0,0.0,0.0,0.008495,-0.000052,0.0,-0.000039,-0.0,-0.000039,-0.0,-0.000052,0.0,0.0,0.008495,-0.000052,0.0,-0.000039,-0.0,-0.000039,-0.0,-0.000052,0.0,0.0,0.0,0.0,
0.0,-0.118886,0.554774,0.391171,0.0,0.0,0.0,0.074472,0.441366,-0.168046,0.0,0.0,-1.516466,-0.021351,-0.011536,1.85049,-0.724979,0.0,-1.516466,0.021351,0.011536,1.85049,-0.724979,0.0,-0.198051,0.269612,0.0,-0.253935,0.0,0.0,0.0,-0.198051,-0.269612,0.0,-0.253935,0.0,0.0,0.0,0.0,0.008495,-0.000052,-0.0,-0.000039,-0.0,-0.000039,-0.0,-0.000052,0.0,0.0,0.008495,-0.000052,-0.0,-0.000039,-0.0,-0.000039,-0.0,-0.000052,0.0,0.0,0.0,0.0,
0.0,-0.118812,0.555216,0.391003,0.0,0.0,0.0,0.074472,0.441328,-0.167913,0.0,0.0,-1.51539,-0.021377,-0.011572,1.849225,-0.724619,0.0,-1.51539,0.021377,0.011572,1.849225,-0.724619,0.0,-0.197659,0.269481,0.0,-0.254067,0.0,0.0,0.0,-0.197659,-0.269481,0.0,-0.254067,0.0,0.0,0.0,0.0,0.008495,-0.000052,-0.0,-0.000039,0.0,-0.000039,0.0,-0.000052,-0.0,0.0,0.008495,-0.000052,-0.0,-0.000039,0.0,-0.000039,0.0,-0.000052,-0.0,0.0,0.0,0.0,
0.0,-0.118738,0.555657,0.390835,0.0,0.0,0.0,0.074472,0.441366,-0.167913,0.0,0.0,-1.514313,-0.021402,-0.011609,1.847961,-0.724259,0.0,-1.514313,0.021402,0.011609,1.847961,-0.724259,0.0,-0.197267,0.269349,0.0,-0.254198,0.0,-0.0,0.0,-0.197267,-0.269349,0.0,-0.254198,0.0,0.0,0.0,0.0,0.008495,-0.000052,-0.0,-0.000039,-0.0,-0.000039,0.0,-0.000052,0.0,0.0,0.008495,-0.000052,-0.0,-0.000039,-0.0,-0.000039,0.0,-0.000052,0.0,0.0,0.0,0.0,
0.0,-0.118663,0.556098,0.390667,0.0,0.0,0.0,0.074472,0.441366,-0.168046,0.0,0.0,-1.513237,-0.021428,-0.011646,1.846696,-0.723899,0.0,-1.513237,0.021428,0.011646,1.846696,-0.723899,0.0,-0.196875,0.269218,0.0,-0.254329,0.0,0.0,0.0,-0.196875,-0.269218,0.0,-0.254329,0.0,-0.0,0.0,0.0,0.008495,-0.000052,-0.0,-0.000039,0.0,-0.000039,0.0,-0.000052,0.0,0.0,0.008495,-0.000052,-0.0,-0.000039,0.0,-0.000039,0.0,-0.000052,0.0,0.0,0.0,0.0,
0.0,-0.118589,0.55654,0.390499,0.0,0.0,0.0,0.074472,0.441328,-0.167913,0.0,0.0,-1.51216,-0.021453,-0.011682,1.845431,-0.723539,0.0,-1.51216,0.021453,0.011682,1.845431,-0.723539,0.0,-0.196483,0.269087,0.0,-0.25446,0.0,-0.0,0.0,-0.196483,-0.269087,0.0,-0.25446,0.0,0.0,0.0,0.0,0.008495,-0.000052,-0.0,-0.000039,-0.0,-0.000039,0.0,-0.000052,-0.0,0.0,0.008495,-0.000052,-0.0,-0.000039,-0.0,-0.000039,0.0,-0.000052,-0.0,0.0,0.0,0.0,
0.0,-0.118514,0.556981,0.390331,0.0,0.0,0.0,0.074472,0.441366,-0.168046,0.0,0.0,-1.511084,-0.021479,-0.011719,1.844167,-0.723179,0.0,-1.511084,0.021479,0.011719,1.844167,-0.723179,0.0,-0.196092,0.268956,0.0,-0.254591,0.0,0.0,0.0,-0.196092,-0.268956,0.0,-0.254591,0.0,0.0,0.0,0.0,0.008495,-0.000052,0.0,-0.000039,0.0,-0.000039,0.0,-0.000052,0.0,0.0,0.008495,-0.000052,0.0,-0.000039,0.0,-0.000039,0.0,-0.000052,0.0,0.0,0.0,0.0,
0.0,-0.11844,0.557422,0.390163,0.0,0.0,0.0,0.074472,0.441328,-0.168046,0.0,0.0,-1.510007,-0.021505,-0.011755,1.842902,-0.722819,0.0,-1.510007,0.021505,0.011755,1.842902,-0.722819,0.0,-0.1957,0.268825,0.0,-0.254722,0.0,-0.0,0.0,-0.1957,-0.268825,0.0,-0.254722,0.0,0.0,0.0,0.0,0.008495,-0.000052,0.0,-0.000039,-0.0,-0.000039,0.0,-0.000052,-0.0,0.0,0.008495,-0.000052,0.0,-0.000039,-0.0,-0.000039,0.0,-0.000052,-0.0,0.0,0.0,0.0,
0.0,-0.118365,0.557864,0.389995,0.0,0.0,0.0,0.074472,0.441404,-0.167913,0.0,0.0,-1.508931,-0.02153,-0.011792,1.841637,-0.722458,0.0,-1.508931,0.02153,0.011792,1.841637,-0.722458,0.0,-0.195308,0.268694,0.0,-0.254853,0.0,0.0,0.0,-0.195308,-0.268694,0.0,-0.254853,0.0,0.0,0.0,0.0,0.008495,-0.000052,-0.0,-0.000039,0.0,-0.000039,-0.0,-0.000052,0.0,0.0,0.008495,-0.000052,-0.0,-0.000039,0.0,-0.000039,-0.0,-0.000052,0.0,0.0,0.0,0.0,
0.0,-0.118291,0.558305,0.389827,0.0,0.0,0.0,0.074472,0.441328,-0.167913,0.0,0.0,-1.507854,-0.021556,-0.011829,1.840373,-0.722098,0.0,-1.507854,0.021556,0.011829,1.840373,-0.722098,0.0,-0.194916,0.268562,0.0,-0.254984,0.0,0.0,0.0,-0.194916,-0.268562,0.0,-0.254984,0.0,-0.0,0.0,0.0,0.008495,-0.000052,-0.0,-0.000039,-0.0,-0.000039,0.0,-0.000052,-0.0,0.0,0.008495,-0.000052,-0.0,-0.000039,-0.0,-0.000039,0.0,-0.000052,-0.0,0.0,-0.0,0.0,
0.0,-0.118216,0.558747,0.389659,0.0,0.0,0.0,0.074472,0.441328,-0.168046,0.0,0.0,-1.506778,-0.021582,-0.011865,1.839108,-0.721738,0.0,-1.506778,0.021582,0.011865,1.839108,-0.721738,0.0,-0.194524,0.268431,-0.0,-0.255115,0.0,0.0,0.0,-0.194524,-0.268431,0.0,-0.255115,0.0,-0.0,0.0,0.0,0.008495,-0.000052,0.0,-0.000039,0.0,-0.000039,0.0,-0.000052,-0.0,0.0,0.008495,-0.000052,0.0,-0.000039,0.0,-0.000039,0.0,-0.000052,-0.0,0.0,0.0,0.0,
0.0,-0.118142,0.559188,0.389491,0.0,0.0,0.0,0.074472,0.441366,-0.167913,0.0,0.0,-1.505701,-0.021607,-0.011902,1.837843,-0.721378,0.0,-1.505701,0.021607,0.011902,1.837843,-0.721378,0.0,-0.194132,0.2683,0.0,-0.255246,0.0,0.0,0.0,-0.194132,-0.2683,0.0,-0.255246,0.0,-0.0,0.0,0.0,0.008495,-0.000052,-0.0,-0.000039,-0.0,-0.000039,0.0,-0.000052,-0.0,0.0,0.008495,-0.000052,-0.0,-0.000039,-0.0,-0.000039,0.0,-0.000052,-0.0,0.0,0.0,0.0,
0.0,-0.118067,0.559629,0.389323,0.0,0.0,0.0,0.074472,0.441366,-0.168046,0.0,0.0,-1.504625,-0.021633,-0.011939,1.836578,-0.721018,0.0,-1.504625,0.021633,0.011939,1.836578,-0.721018,0.0,-0.19374,0.268169,0.0,-0.255377,0.0,0.0,0.0,-0.19374,-0.268169,0.0,-0.255377,0.0,-0.0,0.0,0.0,0.008495,-0.000052,-0.0,-0.000039,0.0,-0.000039,0.0,-0.000052,0.0,0.0,0.008495,-0.000052,-0.0,-0.000039,0.0,-0.000039,0.0,-0.000052,0.0,0.0,0.0,0.0,
0.0,-0.117993,0.560071,0.389155,0.0,0.0,0.0,0.074481,0.441366,-0.167913,0.0,0.0,-1.503549,-0.021659,-0.011975,1.835314,-0.720658,0.0,-1.503549,0.021659,0.011975,1.835314,-0.720658,0.0,-0.193348,0.268038,0.0,-0.255508,0.0,0.0,0.0,-0.193348,-0.268038,0.0,-0.255508,0.0,-0.0,0.0,0.0,0.008495,-0.000052,-0.0,-0.000039,-0.0,-0.000039,-0.0,-0.000052,0.0,0.0,0.008495,-0.000052,-0.0,-0.000039,-0.0,-0.000039,-0.0,-0.000052,0.0,0.0,0.0,0.0,
0.0,-0.117918,0.560512,0.388987,0.0,0.0,0.0,0.074462,0.441328,-0.168046,0.0,0.0,-1.502472,-0.021684,-0.012012,1.834049,-0.720298,0.0,-1.502472,0.021684,0.012012,1.834049,-0.720298,0.0,-0.192957,0.267906,0.0,-0.255639,0.0,-0.0,0.0,-0.192957,-0.267906,0.0,-0.255639,0.0,0.0,0.0,0.0,0.008495,-0.000052,0.0,-0.000039,0.0,-0.000039,0.0,-0.000052,0.0,0.0,0.008495,-0.000052,0.0,-0.000039,0.0,-0.000039,0.0,-0.000052,0.0,0.0,0.0,0.0,
0.0,-0.117844,0.560953,0.388819,0.0,0.0,0.0,0.074481,0.441366,-0.167913,0.0,0.0,-1.501395,-0.02171,-0.012048,1.832784,-0.719938,0.0,-1.501395,0.02171,0.012048,1.832784,-0.719938,0.0,-0.192565,0.267775,0.0,-0.255771,0.0,-0.0,0.0,-0.192565,-0.267775,0.0,-0.255771,0.0,0.0,0.0,0.0,0.008495,-0.000052,0.0,-0.000039,-0.0,-0.000039,0.0,-0.000052,0.0,0.0,0.008495,-0.000052,0.0,-0.000039,-0.0,-0.000039,0.0,-0.000052,0.0,0.0,0.0,0.0,
0.0,-0.117769,0.561395,0.388651,0.0,0.0,0.0,0.074472,0.441328,-0.167913,0.0,0.0,-1.500319,-0.021735,-0.012085,1.83152,-0.719578,0.0,-1.500319,0.021735,0.012085,1.83152,-0.719578,0.0,-0.192173,0.267644,0.0,-0.255902,0.0,-0.0,0.0,-0.192173,-0.267644,0.0,-0.255902,0.0,0.0,0.0,0.0,0.008495,-0.000052,-0.0,-0.000039,0.0,-0.000039,0.0,-0.000052,0.0,0.0,0.008495,-0.000052,-0.0,-0.000039,0.0,-0.000039,0.0,-0.000052,0.0,0.0,0.0,0.0,
0.0,-0.117695,0.561836,0.388483,0.0,0.0,0.0,0.074472,0.441366,-0.168046,0.0,0.0,-1.499242,-0.021761,-0.012122,1.830255,-0.719218,0.0,-1.499242,0.021761,0.012122,1.830255,-0.719218,0.0,-0.191781,0.267513,0.0,-0.256033,0.0,-0.0,0.0,-0.191781,-0.267513,0.0,-0.256033,0.0,0.0,0.0,0.0,0.008495,-0.000052,-0.0,-0.000039,0.0,-0.000039,0.0,-0.000052,0.0,0.0,0.008495,-0.000052,-0.0,-0.000039,0.0,-0.000039,0.0,-0.000052,0.0,0.0,0.0,0.0,
0.0,-0.11762,0.562277,0.388315,0.0,0.0,0.0,0.074472,0.441366,-0.167913,0.0,0.0,-1.498166,-0.021787,-0.012158,1.82899,-0.718858,0.0,-1.498166,0.021787,0.012158,1.82899,-0.718858,0.0,-0.191389,0.267382,0.0,-0.256164,0.0,0.0,0.0,-0.191389,-0.267382,0.0,-0.256164,0.0,-0.0,0.0,0.0,0.008495,-0.000052,0.0,-0.000039,-0.0,-0.000039,-0.0,-0.000052,0.0,0.0,0.008495,-0.000052,0.0,-0.000039,-0.0,-0.000039,-0.0,-0.000052,0.0,0.0,0.0,0.0,
0.0,-0.117546,0.562719,0.388147,0.0,0.0,0.0,0.074472,0.441328,-0.168046,0.0,0.0,-1.49709,-0.021812,-0.012195,1.827726,-0.718498,0.0,-1.49709,0.021812,0.012195,1.827726,-0.718498,0.0,-0.190997,0.267251,0.0,-0.256295,0.0,0.0,0.0,-0.190997,-0.267251,0.0,-0.256295,0.0,-0.0,0.0,0.0,0.008495,-0.000052,-0.0,-0.000039,0.0,-0.000039,0.0,-0.000052,0.0,0.0,0.008495,-0.000052,-0.0,-0.000039,0.0,-0.000039,0.0,-0.000052,0.0,0.0,0.0,0.0,
0.0,-0.117472,0.56316,0.387979,0.0,0.0,0.0,0.074472,0.441366,-0.168046,0.0,0.0,-1.496013,-0.021838,-0.012232,1.826461,-0.718137,0.0,-1.496013,0.021838,0.012232,1.826461,-0.718137,0.0,-0.190605,0.267119,-0.0,-0.256426,0.0,-0.0,0.0,-0.190605,-0.267119,0.0,-0.256426,0.0,0.0,0.0,0.0,0.008495,-0.000052,-0.0,-0.000039,0.0,-0.000039,0.0,-0.000052,-0.0,0.0,0.008495,-0.000052,-0.0,-0.000039,0.0,-0.000039,0.0,-0.000052,-0.0,0.0,0.0,0.0,
0.0,-0.117397,0.563601,0.387811,0.0,0.0,0.0,0.074472,0.441328,-0.167913,0.0,0.0,-1.494937,-0.021864,-0.012268,1.825196,-0.717777,0.0,-1.494937,0.021864,0.012268,1.825196,-0.717777,0.0,-0.190214,0.266988,0.0,-0.256557,0.0,0.0,0.0,-0.190214,-0.266988,-0.0,-0.256557,0.0,-0.0,0.0,0.0,0.008495,-0.000052,-0.0,-0.000039,0.0,-0.000039,0.0,-0.000052,0.0,0.0,0.008495,-0.000052,-0.0,-0.000039,0.0,-0.000039,0.0,-0.000052,0.0,0.0,0.0,0.0,
0.0,-0.117323,0.564043,0.387643,0.0,0.0,0.0,0.074472,0.441404,-0.167913,0.0,0.0,-1.49386,-0.021889,-0.012305,1.823932,-0.717417,0.0,-1.49386,0.021889,0.012305,1.823932,-0.717417,0.0,-0.189822,0.266857,0.0,-0.256688,0.0,-0.0,0.0,-0.189822,-0.266857,0.0,-0.256688,0.0,0.0,0.0,0.0,0.008495,-0.000052,0.0,-0.000039,0.0,-0.000039,0.0,-0.000052,0.0,0.0,0.008495,-0.000052,0.0,-0.000039,0.0,-0.000039,0.0,-0.000052,0.0,0.0,0.0,0.0,
0.0,-0.117248,0.564484,0.387475,0.0,0.0,0.0,0.074472,0.441328,-0.168046,0.0,0.0,-1.492784,-0.021915,-0.012341,1.822667,-0.717057,0.0,-1.492784,0.021915,0.012341,1.822667,-0.717057,0.0,-0.18943,0.266726,0.0,-0.256819,0.0,0.0,0.0,-0.18943,-0.266726,0.0,-0.256819,0.0,-0.0,0.0,0.0,0.008495,-0.000052,0.0,-0.000039,-0.0,-0.000039,0.0,-0.000052,0.0,0.0,0.008495,-0.000052,0.0,-0.000039,-0.0,-0.000039,0.0,-0.000052,0.0,0.0,0.0,0.0,
0.0,-0.117174,0.564925,0.387307,0.0,0.0,0.0,0.074472,0.441366,-0.167913,0.0,0.0,-1.491707,-0.021941,-0.012378,1.821403,-0.716697,0.0,-1.491707,0.021941,0.012378,1.821403,-0.716697,0.0,-0.189038,0.266595,0.0,-0.25695,0.0,-0.0,0.0,-0.189038,-0.266595,0.0,-0.25695,0.0,0.0,0.0,0.0,0.008495,-0.000052,-0.0,-0.000039,-0.0,-0.000039,0.0,-0.000052,0.0,0.0,0.008495,-0.000052,-0.0,-0.000039,-0.0,-0.000039,0.0,-0.000052,0.0,0.0,0.0,0.0,
0.0,-0.117099,0.565367,0.387139,0.0,0.0,0.0,0.074472,0.441328,-0.168046,0.0,0.0,-1.490631,-0.021966,-0.012415,1.820138,-0.716337,0.0,-1.490631,0.021966,0.012415,1.820138,-0.716337,0.0,-0.188646,0.266463,-0.0,-0.257081,0.0,0.0,0.0,-0.188646,-0.266463,0.0,-0.257081,0.0,-0.0,0.0,0.0,0.008495,-0.000052,0.0,-0.000039,0.0,-0.000039,0.0,-0.000052,0.0,0.0,0.008495,-0.000052,0.0,-0.000039,0.0,-0.000039,0.0,-0.000052,0.0,0.0,0.0,0.0,
0.0,-0.117025,0.565808,0.386971,0.0,0.0,0.0,0.074472,0.441366,-0.167913,0.0,0.0,-1.489554,-0.021992,-0.012451,1.818873,-0.715977,0.0,-1.489554,0.021992,0.012451,1.818873,-0.715977,0.0,-0.188254,0.266332,0.0,-0.257212,0.0,0.0,0.0,-0.188254,-0.266332,0.0,-0.257212,0.0,-0.0,0.0,0.0,0.008495,-0.000052,-0.0,-0.000039,0.0,-0.000039,0.0,-0.000052,0.0,0.0,0.008495,-0.000052,-0.0,-0.000039,0.0,-0.000039,0.0,-0.000052,0.0,0.0,0.0,0.0,
0.0,-0.11695,0.56625,0.386803,0.0,0.0,0.0,0.074472,0.441366,-0.168046,0.0,0.0,-1.488478,-0.022017,-0.012488,1.817609,-0.715617,0.0,-1.488478,0.022017,0.012488,1.817609,-0.715617,0.0,-0.187862,0.266201,0.0,-0.257343,0.0,-0.0,0.0,-0.187862,-0.266201,0.0,-0.257343,0.0,0.0,0.0,0.0,0.008495,-0.000052,0.0,-0.000039,-0.0,-0.000039,0.0,-0.000052,0.0,0.0,0.008495,-0.000052,0.0,-0.000039,-0.0,-0.000039,0.0,-0.000052,0.0,0.0,0.0,0.0,
0.0,-0.116875,0.566691,0.386632,0.0,0.0,0.0,0.074834,0.441633,-0.170842,0.0,0.0,-1.487399,-0.022043,-0.012525,1.816334,-0.715249,0.0,-1.487399,0.022043,0.012525,1.816334,-0.715249,0.0,-0.18747,0.26607,0.0,-0.257474,0.0,-0.0,0.0,-0.18747,-0.26607,-0.0,-0.257474,0.0,0.0,0.0,0.0,0.008495,-0.000052,0.0,-0.000039,0.0,-0.000039,0.0,-0.000052,0.0,0.0,0.008495,-0.000052,0.0,-0.000039,0.0,-0.000039,0.0,-0.000052,0.0,0.0,0.0,0.0,
0.0,-0.1168,0.567133,0.386455,0.0,0.0,0.0,0.075597,0.442358,-0.177234,0.0,0.0,-1.486313,-0.022069,-0.012564,1.815039,-0.714864,0.0,-1.486313,0.022069,0.012564,1.815039,-0.714864,0.0,-0.187076,0.265939,0.0,-0.257603,0.0,-0.0,0.0,-0.187076,-0.265939,0.0,-0.257603,0.0,0.0,0.0,0.0,0.008495,-0.000052,-0.0,-0.000039,-0.0,-0.000039,0.0,-0.000052,0.0,0.0,0.008495,-0.000052,-0.0,-0.000039,-0.0,-0.000039,0.0,-0.000052,0.0,0.0,0.0,0.0,
0.0,-0.116724,0.567576,0.386278,0.0,0.0,0.0,0.075597,0.44232,-0.177234,0.0,0.0,-1.485227,-0.022094,-0.012602,1.813744,-0.714479,0.0,-1.485227,0.022094,0.012602,1.813744,-0.714479,0.0,-0.186683,0.265808,0.0,-0.257732,0.0,0.0,0.0,-0.186683,-0.265808,0.0,-0.257732,0.0,0.0,0.0,0.0,0.008495,-0.000052,-0.0,-0.000039,0.0,-0.000039,0.0,-0.000052,0.0,0.0,0.008495,-0.000052,-0.0,-0.000039,0.0,-0.000039,0.0,-0.000052,0.0,0.0,0.0,0.0,
0.0,-0.116649,0.568018,0.386101,0.0,0.0,0.0,0.075597,0.442358,-0.177234,0.0,0.0,-1.484141,-0.02212,-0.012641,1.812449,-0.714095,0.0,-1.484141,0.02212,0.012641,1.812449,-0.714095,0.0,-0.18629,0.265676,0.0,-0.257862,0.0,-0.0,0.0,-0.18629,-0.265676,-0.0,-0.257862,0.0,0.0,0.0,0.0,0.008495,-0.000052,0.0,-0.000039,0.0,-0.000039,0.0,-0.000052,0.0,0.0,0.008495,-0.000052,0.0,-0.000039,0.0,-0.000039,0.0,-0.000052,0.0,0.0,0.0,0.0,
0.0,-0.116573,0.568461,0.385923,0.0,0.0,0.0,0.075597,0.44232,-0.177234,0.0,0.0,-1.483055,-0.022146,-0.012679,1.811154,-0.71371,0.0,-1.483055,0.022146,0.012679,1.811154,-0.71371,0.0,-0.185896,0.265545,-0.0,-0.257991,0.0,0.0,0.0,-0.185896,-0.265545,0.0,-0.257991,0.0,-0.0,0.0,0.0,0.008495,-0.000052,0.0,-0.000039,0.0,-0.000039,-0.0,-0.000052,0.0,0.0,0.008495,-0.000052,0.0,-0.000039,0.0,-0.000039,-0.0,-0.000052,0.0,0.0,0.0,0.0,
0.0,-0.116497,0.568903,0.385746,0.0,0.0,0.0,0.075597,0.442358,-0.177234,0.0,0.0,-1.481969,-0.022171,-0.012717,1.809859,-0.713325,0.0,-1.481969,0.022171,0.012717,1.809859,-0.713325,0.0,-0.185503,0.265414,0.0,-0.25812,0.0,0.0,0.0,-0.185503,-0.265414,0.0,-0.25812,0.0,0.0,0.0,0.0,0.008495,-0.000052,-0.0,-0.000039,0.0,-0.000039,0.0,-0.000052,0.0,0.0,0.008495,-0.000052,-0.0,-0.000039,0.0,-0.000039,0.0,-0.000052,0.0,0.0,0.0,0.0,
0.0,-0.116422,0.569345,0.385569,0.0,0.0,0.0,0.075588,0.44232,-0.177101,0.0,0.0,-1.480883,-0.022197,-0.012756,1.808564,-0.712941,0.0,-1.480883,0.022197,0.012756,1.808564,-0.712941,0.0,-0.185109,0.265283,-0.0,-0.258249,0.0,-0.0,0.0,-0.185109,-0.265283,0.0,-0.258249,0.0,0.0,0.0,0.0,0.008495,-0.000052,0.0,-0.000039,-0.0,-0.000039,-0.0,-0.000052,0.0,0.0,0.008495,-0.000052,0.0,-0.000039,-0.0,-0.000039,-0.0,-0.000052,0.0,0.0,0.0,0.0,
0.0,-0.116346,0.569788,0.385392,0.0,0.0,0.0,0.075597,0.44232,-0.177234,0.0,0.0,-1.479797,-0.022223,-0.012794,1.807268,-0.712556,0.0,-1.479797,0.022223,0.012794,1.807268,-0.712556,0.0,-0.184716,0.265152,0.0,-0.258379,0.0,-0.0,0.0,-0.184716,-0.265152,0.0,-0.258379,0.0,0.0,0.0,0.0,0.008495,-0.000052,0.0,-0.000039,-0.0,-0.000039,0.0,-0.000052,0.0,0.0,0.008495,-0.000052,0.0,-0.000039,-0.0,-0.000039,0.0,-0.000052,0.0,0.0,0.0,0.0,
0.0,-0.116271,0.57023,0.385215,0.0,0.0,0.0,0.075597,0.442358,-0.177234,0.0,0.0,-1.478711,-0.022248,-0.012833,1.805973,-0.712172,0.0,-1.478711,0.022248,0.012833,1.805973,-0.712172,0.0,-0.184322,0.265021,0.0,-0.258508,0.0,0.0,0.0,-0.184322,-0.265021,0.0,-0.258508,0.0,-0.0,0.0,0.0,0.008495,-0.000052,0.0,-0.000039,-0.0,-0.000039,0.0,-0.000052,0.0,0.0,0.008495,-0.000052,0.0,-0.000039,-0.0,-0.000039,0.0,-0.000052,0.0,0.0,0.0,0.0,
0.0,-0.116195,0.570672,0.385037,0.0,0.0,0.0,0.075588,0.44232,-0.177234,0.0,0.0,-1.477625,-0.022274,-0.012871,1.804678,-0.711787,0.0,-1.477625,0.022274,0.012871,1.804678,-0.711787,0.0,-0.183929,0.26489,0.0,-0.258637,0.0,0.0,0.0,-0.183929,-0.26489,0.0,-0.258637,0.0,-0.0,0.0,0.0,0.008495,-0.000052,-0.0,-0.000039,-0.0,-0.000039,0.0,-0.000052,0.0,0.0,0.008495,-0.000052,-0.0,-0.000039,-0.0,-0.000039,0.0,-0.000052,0.0,0.0,0.0,0.0,
0.0,-0.116119,0.571115,0.38486,0.0,0.0,0.0,0.075607,0.442358,-0.177234,0.0,0.0,-1.47654,-0.022299,-0.01291,1.803383,-0.711402,0.0,-1.47654,0.022299,0.01291,1.803383,-0.711402,0.0,-0.183535,0.264758,0.0,-0.258767,0.0,-0.0,0.0,-0.183535,-0.264758,0.0,-0.258767,0.0,0.0,0.0,0.0,0.008495,-0.000052,0.0,-0.000039,0.0,-0.000039,0.0,-0.000052,0.0,0.0,0.008495,-0.000052,0.0,-0.000039,0.0,-0.000039,0.0,-0.000052,0.0,0.0,0.0,0.0,
0.0,-0.116044,0.571557,0.384683,0.0,0.0,0.0,0.075588,0.44232,-0.177101,0.0,0.0,-1.475454,-0.022325,-0.012948,1.802088,-0.711018,0.0,-1.475454,0.022325,0.012948,1.802088,-0.711018,0.0,-0.183142,0.264627,0.0,-0.258896,0.0,-0.0,0.0,-0.183142,-0.264627,-0.0,-0.258896,0.0,0.0,0.0,0.0,0.008495,-0.000052,0.0,-0.000039,-0.0,-0.000039,0.0,-0.000052,0.0,0.0,0.008495,-0.000052,0.0,-0.000039,-0.0,-0.000039,0.0,-0.000052,0.0,0.0,0.0,0.0,
0.0,-0.115968,0.571999,0.384506,0.0,0.0,0.0,0.075597,0.442358,-0.177234,0.0,0.0,-1.474368,-0.022351,-0.012987,1.800793,-0.710633,0.0,-1.474368,0.022351,0.012987,1.800793,-0.710633,0.0,-0.182748,0.264496,0.0,-0.259025,0.0,0.0,0.0,-0.182748,-0.264496,0.0,-0.259025,0.0,0.0,0.0,0.0,0.008495,-0.000052,0.0,-0.000039,0.0,-0.000039,-0.0,-0.000052,0.0,0.0,0.008495,-0.000052,0.0,-0.000039,0.0,-0.000039,-0.0,-0.000052,0.0,0.0,0.0,0.0,
0.0,-0.115893,0.572442,0.384329,0.0,0.0,0.0,0.075597,0.44232,-0.177234,0.0,0.0,-1.473282,-0.022376,-0.013025,1.799498,-0.710248,0.0,-1.473282,0.022376,0.013025,1.799498,-0.710248,0.0,-0.182355,0.264365,0.0,-0.259154,0.0,0.0,0.0,-0.182355,-0.264365,0.0,-0.259154,0.0,-0.0,0.0,0.0,0.008495,-0.000052,-0.0,-0.000039,-0.0,-0.000039,0.0,-0.000052,0.0,0.0,0.008495,-0.000052,-0.0,-0.000039,-0.0,-0.000039,0.0,-0.000052,0.0,0.0,0.0,0.0,
0.0,-0.115817,0.572884,0.384151,0.0,0.0,0.0,0.075588,0.44232,-0.177234,0.0,0.0,-1.472196,-0.022402,-0.013063,1.798203,-0.709864,0.0,-1.472196,0.022402,0.013063,1.798203,-0.709864,0.0,-0.181961,0.264234,0.0,-0.259284,0.0,-0.0,0.0,-0.181961,-0.264234,0.0,-0.259284,0.0,0.0,0.0,0.0,0.008495,-0.000052,0.0,-0.000039,0.0,-0.000039,0.0,-0.000052,0.0,0.0,0.008495,-0.000052,0.0,-0.000039,0.0,-0.000039,0.0,-0.000052,0.0,0.0,0.0,0.0,
0.0,-0.115741,0.573326,0.383974,0.0,0.0,0.0,0.075597,0.442358,-0.177101,0.0,0.0,-1.47111,-0.022428,-0.013102,1.796907,-0.709479,0.0,-1.47111,0.022428,0.013102,1.796907,-0.709479,0.0,-0.181568,0.264103,0.0,-0.259413,0.0,0.0,0.0,-0.181568,-0.264103,0.0,-0.259413,0.0,0.0,0.0,0.0,0.008495,-0.000052,-0.0,-0.000039,0.0,-0.000039,0.0,-0.000052,0.0,0.0,0.008495,-0.000052,-0.0,-0.000039,0.0,-0.000039,0.0,-0.000052,0.0,0.0,0.0,0.0,
0.0,-0.115666,0.573769,0.383797,0.0,0.0,0.0,0.075597,0.44232,-0.177234,0.0,0.0,-1.470024,-0.022453,-0.01314,1.795612,-0.709095,0.0,-1.470024,0.022453,0.01314,1.795612,-0.709095,0.0,-0.181175,0.263972,0.0,-0.259542,0.0,-0.0,0.0,-0.181175,-0.263972,0.0,-0.259542,0.0,0.0,0.0,0.0,0.008495,-0.000052,0.0,-0.000039,-0.0,-0.000039,0.0,-0.000052,0.0,0.0,0.008495,-0.000052,0.0,-0.000039,-0.0,-0.000039,0.0,-0.000052,0.0,0.0,0.0,0.0,
0.0,-0.11559,0.574211,0.38362,0.0,0.0,0.0,0.075597,0.442358,-0.177234,0.0,0.0,-1.468938,-0.022479,-0.013179,1.794317,-0.70871,0.0,-1.468938,0.022479,0.013179,1.794317,-0.70871,0.0,-0.180781,0.26384,0.0,-0.259671,0.0,0.0,0.0,-0.180781,-0.26384,0.0,-0.259671,0.0,-0.0,0.0,0.0,0.008495,-0.000052,0.0,-0.000039,-0.0,-0.000039,0.0,-0.000052,0.0,0.0,0.008495,-0.000052,0.0,-0.000039,-0.0,-0.000039,0.0,-0.000052,0.0,0.0,0.0,0.0,
0.0,-0.115515,0.574653,0.383443,0.0,0.0,0.0,0.075597,0.44232,-0.177234,0.0,0.0,-1.467852,-0.022505,-0.013217,1.793022,-0.708325,0.0,-1.467852,0.022505,0.013217,1.793022,-0.708325,0.0,-0.180388,0.263709,0.0,-0.259801,0.0,0.0,0.0,-0.180388,-0.263709,0.0,-0.259801,0.0,-0.0,0.0,0.0,0.008495,-0.000052,0.0,-0.000039,-0.0,-0.000039,0.0,-0.000052,0.0,0.0,0.008495,-0.000052,0.0,-0.000039,-0.0,-0.000039,0.0,-0.000052,0.0,0.0,0.0,0.0,
0.0,-0.115439,0.575096,0.383265,0.0,0.0,0.0,0.075597,0.442358,-0.177234,0.0,0.0,-1.466766,-0.02253,-0.013256,1.791726,-0.707941,0.0,-1.466766,0.02253,0.013256,1.791726,-0.707941,0.0,-0.179994,0.263578,0.0,-0.25993,0.0,0.0,0.0,-0.179994,-0.263578,0.0,-0.25993,0.0,-0.0,0.0,0.0,0.008495,-0.000052,0.0,-0.000039,0.0,-0.000039,0.0,-0.000052,0.0,0.0,0.008495,-0.000052,0.0,-0.000039,0.0,-0.000039,0.0,-0.000052,0.0,0.0,0.0,0.0,
0.0,-0.115363,0.575538,0.383088,0.0,0.0,0.0,0.075588,0.44232,-0.177234,0.0,0.0,-1.46568,-0.022556,-0.013294,1.790431,-0.707556,0.0,-1.46568,0.022556,0.013294,1.790431,-0.707556,0.0,-0.179601,0.263447,0.0,-0.260059,0.0,0.0,0.0,-0.179601,-0.263447,-0.0,-0.260059,0.0,-0.0,0.0,0.0,0.008495,-0.000052,0.0,-0.000039,0.0,-0.000039,-0.0,-0.000052,0.0,0.0,0.008495,-0.000052,0.0,-0.000039,0.0,-0.000039,-0.0,-0.000052,0.0,0.0,0.0,0.0,
0.0,-0.115288,0.57598,0.382911,0.0,0.0,0.0,0.075597,0.442358,-0.177101,0.0,0.0,-1.464594,-0.022582,-0.013333,1.789136,-0.707171,0.0,-1.464594,0.022582,0.013333,1.789136,-0.707171,0.0,-0.179207,0.263316,0.0,-0.260188,0.0,0.0,0.0,-0.179207,-0.263316,0.0,-0.260188,0.0,-0.0,0.0,0.0,0.008495,-0.000052,0.0,-0.000039,-0.0,-0.000039,0.0,-0.000052,0.0,0.0,0.008495,-0.000052,0.0,-0.000039,-0.0,-0.000039,0.0,-0.000052,0.0,0.0,0.0,0.0,
0.0,-0.115212,0.576423,0.382734,0.0,0.0,0.0,0.075597,0.44232,-0.177234,0.0,0.0,-1.463508,-0.022607,-0.013371,1.787841,-0.706787,0.0,-1.463508,0.022607,0.013371,1.787841,-0.706787,0.0,-0.178814,0.263185,0.0,-0.260318,0.0,-0.0,0.0,-0.178814,-0.263185,0.0,-0.260318,0.0,0.0,0.0,0.0,0.008495,-0.000052,-0.0,-0.000039,0.0,-0.000039,0.0,-0.000052,0.0,0.0,0.008495,-0.000052,-0.0,-0.000039,0.0,-0.000039,0.0,-0.000052,0.0,0.0,-0.0,0.0,
0.0,-0.115137,0.576865,0.382557,0.0,0.0,0.0,0.075597,0.44232,-0.177234,0.0,0.0,-1.462422,-0.022633,-0.01341,1.786546,-0.706402,0.0,-1.462422,0.022633,0.01341,1.786546,-0.706402,0.0,-0.17842,0.263053,0.0,-0.260447,0.0,0.0,0.0,-0.17842,-0.263053,0.0,-0.260447,0.0,-0.0,0.0,0.0,0.008495,-0.000052,0.0,-0.000039,0.0,-0.000039,-0.0,-0.000052,-0.0,0.0,0.008495,-0.000052,0.0,-0.000039,0.0,-0.000039,-0.0,-0.000052,-0.0,0.0,0.0,0.0,
0.0,-0.115061,0.577307,0.382379,0.0,0.0,0.0,0.075597,0.442358,-0.177234,0.0,0.0,-1.461337,-0.022658,-0.013448,1.78525,-0.706017,0.0,-1.461337,0.022658,0.013448,1.78525,-0.706017,0.0,-0.178027,0.262922,0.0,-0.260576,0.0,-0.0,0.0,-0.178027,-0.262922,0.0,-0.260576,0.0,0.0,0.0,0.0,0.008495,-0.000052,0.0,-0.000039,-0.0,-0.000039,-0.0,-0.000052,0.0,0.0,0.008495,-0.000052,0.0,-0.000039,-0.0,-0.000039,-0.0,-0.000052,0.0,0.0,0.0,0.0,
0.0,-0.114986,0.57775,0.382202,0.0,0.0,0.0,0.075588,0.44232,-0.177101,0.0,0.0,-1.460251,-0.022684,-0.013486,1.783955,-0.705633,0.0,-1.460251,0.022684,0.013486,1.783955,-0.705633,0.0,-0.177633,0.262791,0.0,-0.260705,0.0,0.0,0.0,-0.177633,-0.262791,0.0,-0.260705,0.0,-0.0,0.0,0.0,0.008495,-0.000052,-0.0,-0.000039,0.0,-0.000039,0.0,-0.000052,0.0,0.0,0.008495,-0.000052,-0.0,-0.000039,0.0,-0.000039,0.0,-0.000052,0.0,0.0,0.0,0.0,
0.0,-0.11491,0.578192,0.382025,0.0,0.0,0.0,0.075597,0.442358,-0.177234,0.0,0.0,-1.459165,-0.02271,-0.013525,1.78266,-0.705248,0.0,-1.459165,0.02271,0.013525,1.78266,-0.705248,0.0,-0.17724,0.26266,0.0,-0.260835,0.0,0.0,0.0,-0.17724,-0.26266,0.0,-0.260835,0.0,-0.0,0.0,0.0,0.008495,-0.000052,-0.0,-0.000039,0.0,-0.000039,0.0,-0.000052,0.0,0.0,0.008495,-0.000052,-0.0,-0.000039,0.0,-0.000039,0.0,-0.000052,0.0,0.0,0.0,0.0,
0.0,-0.114834,0.578634,0.381848,0.0,0.0,0.0,0.075597,0.44232,-0.177234,0.0,0.0,-1.458079,-0.022735,-0.013563,1.781365,-0.704863,0.0,-1.458079,0.022735,0.013563,1.781365,-0.704863,0.0,-0.176846,0.262529,0.0,-0.260964,0.0,0.0,0.0,-0.176846,-0.262529,-0.0,-0.260964,0.0,-0.0,0.0,0.0,0.008495,-0.000052,-0.0,-0.000039,-0.0,-0.000039,-0.0,-0.000052,0.0,0.0,0.008495,-0.000052,-0.0,-0.000039,-0.0,-0.000039,-0.0,-0.000052,0.0,0.0,0.0,0.0,
0.0,-0.114759,0.579077,0.381671,0.0,0.0,0.0,0.075597,0.442358,-0.177234,0.0,0.0,-1.456993,-0.022761,-0.013602,1.78007,-0.704479,0.0,-1.456993,0.022761,0.013602,1.78007,-0.704479,0.0,-0.176453,0.262398,-0.0,-0.261093,0.0,-0.0,0.0,-0.176453,-0.262398,0.0,-0.261093,0.0,0.0,0.0,0.0,0.008495,-0.000052,0.0,-0.000039,0.0,-0.000039,-0.0,-0.000052,0.0,0.0,0.008495,-0.000052,0.0,-0.000039,0.0,-0.000039,-0.0,-0.000052,0.0,0.0,0.0,0.0,
0.0,-0.114683,0.579519,0.381493,0.0,0.0,0.0,0.075597,0.44232,-0.177234,0.0,0.0,-1.455907,-0.022787,-0.01364,1.778775,-0.704094,0.0,-1.455907,0.022787,0.01364,1.778775,-0.704094,0.0,-0.176059,0.262267,0.0,-0.261223,0.0,0.0,0.0,-0.176059,-0.262267,0.0,-0.261223,0.0,-0.0,0.0,0.0,0.008495,-0.000052,0.0,-0.000039,-0.0,-0.000039,0.0,-0.000052,0.0,0.0,0.008495,-0.000052,0.0,-0.000039,-0.0,-0.000039,0.0,-0.000052,0.0,0.0,-0.0,0.0,
0.0,-0.114608,0.579961,0.381316,0.0,0.0,0.0,0.075597,0.442358,-0.177101,0.0,0.0,-1.454821,-0.022812,-0.013679,1.77748,-0.703709,0.0,-1.454821,0.022812,0.013679,1.77748,-0.703709,-0.0,-0.175666,0.262135,-0.0,-0.261352,0.0,0.0,0.0,-0.175666,-0.262135,0.0,-0.261352,0.0,0.0,0.0,0.0,0.008495,-0.000052,0.0,-0.000039,0.0,-0.000039,0.0,-0.000052,0.0,0.0,0.008495,-0.000052,0.0,-0.000039,0.0,-0.000039,0.0,-0.000052,0.0,0.0,0.0,0.0,
0.0,-0.114532,0.580404,0.381139,0.0,0.0,0.0,0.075588,0.44232,-0.177234,0.0,0.0,-1.453735,-0.022838,-0.013717,1.776184,-0.703325,0.0,-1.453735,0.022838,0.013717,1.776184,-0.703325,0.0,-0.175273,0.262004,0.0,-0.261481,0.0,-0.0,0.0,-0.175273,-0.262004,0.0,-0.261481,-0.0,0.0,0.0,-0.0,0.008495,-0.000052,0.0,-0.000039,0.0,-0.000039,0.0,-0.000052,0.0,-0.0,0.008495,-0.000052,0.0,-0.000039,0.0,-0.000039,0.0,-0.000052,0.0,0.0,0.0,0.0,
0.0,-0.114456,0.580846,0.380962,0.0,0.0,0.0,0.075597,0.44232,-0.177234,0.0,0.0,-1.452649,-0.022864,-0.013756,1.77489,-0.70294,0.0,-1.452649,0.022864,0.013756,1.77489,-0.70294,0.0,-0.174879,0.261873,0.0,-0.26161,0.0,0.0,0.0,-0.174879,-0.261873,0.0,-0.26161,0.0,0.0,0.0,0.0,0.008495,-0.000052,-0.0,-0.000039,0.0,-0.000039,0.0,-0.000052,-0.0,0.0,0.008495,-0.000052,-0.0,-0.000039,0.0,-0.000039,0.0,-0.000052,-0.0,0.0,0.0,0.0,
0.0,-0.114381,0.581288,0.380784,0.0,0.0,0.0,0.075597,0.442358,-0.177234,0.0,0.0,-1.451563,-0.022889,-0.013794,1.773594,-0.702556,0.0,-1.451563,0.022889,0.013794,1.773594,-0.702556,0.0,-0.174486,0.261742,0.0,-0.26174,0.0,0.0,0.0,-0.174486,-0.261742,0.0,-0.26174,0.0,0.0,0.0,0.0,0.008495,-0.000052,-0.0,-0.000039,-0.0,-0.000039,0.0,-0.000052,0.0,0.0,0.008495,-0.000052,-0.0,-0.000039,-0.0,-0.000039,0.0,-0.000052,0.0,0.0,0.0,0.0,
0.0,-0.114304,0.581731,0.380598,0.0,0.0,0.0,0.076608,0.44232,-0.186288,0.0,0.0,-1.450468,-0.022909,-0.013833,1.772277,-0.702145,0.0,-1.450468,0.022909,0.013833,1.772277,-0.702145,0.0,-0.174094,0.261613,0.0,-0.261871,0.0,0.0,0.0,-0.174094,-0.261613,0.0,-0.261871,0.0,0.0,0.0,0.0,0.008495,-0.000052,0.0,-0.000039,0.0,-0.000039,0.0,-0.000052,0.0,0.0,0.008495,-0.000052,0.0,-0.000039,0.0,-0.000039,0.0,-0.000052,0.0,0.0,0.0,0.0,
0.0,-0.114228,0.582173,0.380412,0.0,0.0,0.0,0.076618,0.442358,-0.186422,0.0,0.0,-1.449373,-0.022929,-0.013871,1.770958,-0.701734,0.0,-1.449373,0.022929,0.013871,1.770958,-0.701734,0.0,-0.173703,0.261483,-0.0,-0.262002,0.0,0.0,0.0,-0.173703,-0.261483,0.0,-0.262002,0.0,0.0,0.0,0.0,0.008495,-0.000052,-0.0,-0.000039,0.0,-0.000039,0.0,-0.000052,0.0,0.0,0.008495,-0.000052,-0.0,-0.000039,0.0,-0.000039,0.0,-0.000052,0.0,0.0,0.0,0.0,
0.0,-0.114151,0.582615,0.380225,0.0,0.0,0.0,0.076627,0.442358,-0.186422,0.0,0.0,-1.448278,-0.02295,-0.013909,1.76964,-0.701323,0.0,-1.448278,0.02295,0.013909,1.76964,-0.701323,0.0,-0.173311,0.261354,0.0,-0.262133,0.0,0.0,0.0,-0.173311,-0.261354,0.0,-0.262133,0.0,0.0,0.0,0.0,0.008495,-0.000052,-0.0,-0.000039,0.0,-0.000039,-0.0,-0.000052,0.0,0.0,0.008495,-0.000052,-0.0,-0.000039,0.0,-0.000039,-0.0,-0.000052,0.0,0.0,0.0,0.0,
0.0,-0.114074,0.583058,0.380039,0.0,0.0,0.0,0.076618,0.442358,-0.186555,0.0,0.0,-1.447183,-0.02297,-0.013948,1.768322,-0.700912,0.0,-1.447183,0.02297,0.013948,1.768322,-0.700912,0.0,-0.17292,0.261225,0.0,-0.262264,0.0,0.0,0.0,-0.17292,-0.261225,0.0,-0.262264,0.0,-0.0,0.0,0.0,0.008495,-0.000052,0.0,-0.000039,0.0,-0.000039,0.0,-0.000052,0.0,0.0,0.008495,-0.000052,0.0,-0.000039,0.0,-0.000039,0.0,-0.000052,0.0,0.0,0.0,0.0,
0.0,-0.113998,0.5835,0.379852,0.0,0.0,0.0,0.076627,0.442396,-0.186422,0.0,0.0,-1.446087,-0.02299,-0.013986,1.767004,-0.700501,0.0,-1.446087,0.02299,0.013986,1.767004,-0.700501,0.0,-0.172529,0.261096,0.0,-0.262395,0.0,0.0,0.0,-0.172529,-0.261096,0.0,-0.262395,0.0,0.0,0.0,0.0,0.008495,-0.000052,-0.0,-0.000039,-0.0,-0.000039,-0.0,-0.000052,0.0,0.0,0.008495,-0.000052,-0.0,-0.000039,-0.0,-0.000039,-0.0,-0.000052,0.0,0.0,0.0,0.0,
0.0,-0.113921,0.583942,0.379666,0.0,0.0,0.0,0.076618,0.44232,-0.186422,0.0,0.0,-1.444992,-0.02301,-0.014025,1.765685,-0.70009,0.0,-1.444992,0.02301,0.014025,1.765685,-0.70009,0.0,-0.172137,0.260966,0.0,-0.262526,0.0,0.0,0.0,-0.172137,-0.260966,0.0,-0.262526,0.0,-0.0,0.0,0.0,0.008495,-0.000052,0.0,-0.000039,0.0,-0.000039,0.0,-0.000052,0.0,0.0,0.008495,-0.000052,0.0,-0.000039,0.0,-0.000039,0.0,-0.000052,0.0,0.0,0.0,0.0,
0.0,-0.113844,0.584385,0.37948,0.0,0.0,0.0,0.076627,0.442396,-0.186422,0.0,0.0,-1.443897,-0.02303,-0.014063,1.764367,-0.699679,0.0,-1.443897,0.02303,0.014063,1.764367,-0.699679,0.0,-0.171746,0.260837,0.0,-0.262658,0.0,0.0,0.0,-0.171746,-0.260837,0.0,-0.262658,0.0,0.0,0.0,0.0,0.008495,-0.000052,-0.0,-0.000039,0.0,-0.000039,0.0,-0.000052,-0.0,0.0,0.008495,-0.000052,-0.0,-0.000039,0.0,-0.000039,0.0,-0.000052,-0.0,0.0,0.0,0.0,
0.0,-0.113768,0.584827,0.379293,0.0,0.0,0.0,0.076618,0.442358,-0.186422,0.0,0.0,-1.442801,-0.02305,-0.014102,1.763049,-0.699268,0.0,-1.442801,0.02305,0.014102,1.763049,-0.699268,0.0,-0.171354,0.260708,0.0,-0.262789,0.0,-0.0,0.0,-0.171354,-0.260708,0.0,-0.262789,0.0,0.0,0.0,0.0,0.008495,-0.000052,0.0,-0.000039,0.0,-0.000039,0.0,-0.000052,0.0,0.0,0.008495,-0.000052,0.0,-0.000039,0.0,-0.000039,0.0,-0.000052,0.0,0.0,0.0,0.0,
0.0,-0.113691,0.58527,0.379107,0.0,0.0,0.0,0.076618,0.442358,-0.186422,0.0,0.0,-1.441706,-0.02307,-0.01414,1.761731,-0.698857,0.0,-1.441706,0.02307,0.01414,1.761731,-0.698857,0.0,-0.170963,0.260579,0.0,-0.26292,0.0,0.0,0.0,-0.170963,-0.260579,0.0,-0.26292,0.0,-0.0,0.0,0.0,0.008495,-0.000052,0.0,-0.000039,0.0,-0.000039,-0.0,-0.000052,0.0,0.0,0.008495,-0.000052,0.0,-0.000039,0.0,-0.000039,-0.0,-0.000052,0.0,0.0,0.0,0.0,
0.0,-0.113615,0.585712,0.37892,0.0,0.0,0.0,0.076627,0.442358,-0.186422,0.0,0.0,-1.440611,-0.023091,-0.014179,1.760412,-0.698446,0.0,-1.440611,0.023091,0.014179,1.760412,-0.698446,0.0,-0.170571,0.260449,0.0,-0.263051,0.0,0.0,0.0,-0.170571,-0.260449,0.0,-0.263051,0.0,-0.0,0.0,0.0,0.008495,-0.000052,0.0,-0.000039,0.0,-0.000039,0.0,-0.000052,-0.0,0.0,0.008495,-0.000052,0.0,-0.000039,0.0,-0.000039,0.0,-0.000052,-0.0,0.0,0.0,0.0,
0.0,-0.113538,0.586154,0.378734,0.0,0.0,0.0,0.076618,0.442358,-0.186422,0.0,0.0,-1.439515,-0.023111,-0.014217,1.759094,-0.698035,0.0,-1.439515,0.023111,0.014217,1.759094,-0.698035,0.0,-0.17018,0.26032,0.0,-0.263182,0.0,0.0,0.0,-0.17018,-0.26032,0.0,-0.263182,0.0,0.0,0.0,0.0,0.008495,-0.000052,0.0,-0.000039,0.0,-0.000039,0.0,-0.000052,0.0,0.0,0.008495,-0.000052,0.0,-0.000039,0.0,-0.000039,0.0,-0.000052,0.0,0.0,0.0,0.0,
0.0,-0.113461,0.586597,0.378547,0.0,0.0,0.0,0.076627,0.442358,-0.186422,0.0,0.0,-1.43842,-0.023131,-0.014256,1.757776,-0.697624,0.0,-1.43842,0.023131,0.014256,1.757776,-0.697624,0.0,-0.169789,0.260191,0.0,-0.263313,0.0,0.0,0.0,-0.169789,-0.260191,0.0,-0.263313,0.0,-0.0,0.0,0.0,0.008495,-0.000052,0.0,-0.000039,-0.0,-0.000039,0.0,-0.000052,0.0,0.0,0.008495,-0.000052,0.0,-0.000039,-0.0,-0.000039,0.0,-0.000052,0.0,0.0,0.0,0.0,
0.0,-0.113385,0.587039,0.378361,0.0,0.0,0.0,0.076618,0.442358,-0.186555,0.0,0.0,-1.437325,-0.023151,-0.014294,1.756457,-0.697213,0.0,-1.437325,0.023151,0.014294,1.756457,-0.697213,0.0,-0.169397,0.260061,0.0,-0.263445,0.0,-0.0,0.0,-0.169397,-0.260061,-0.0,-0.263445,0.0,0.0,0.0,0.0,0.008495,-0.000052,0.0,-0.000039,0.0,-0.000039,0.0,-0.000052,0.0,0.0,0.008495,-0.000052,0.0,-0.000039,0.0,-0.000039,0.0,-0.000052,0.0,0.0,0.0,0.0,
0.0,-0.113308,0.587481,0.378174,0.0,0.0,0.0,0.076627,0.442358,-0.186422,0.0,0.0,-1.436229,-0.023171,-0.014332,1.755139,-0.696802,0.0,-1.436229,0.023171,0.014332,1.755139,-0.696802,-0.0,-0.169006,0.259932,0.0,-0.263576,0.0,0.0,0.0,-0.169006,-0.259932,0.0,-0.263576,0.0,-0.0,0.0,0.0,0.008495,-0.000052,0.0,-0.000039,0.0,-0.000039,-0.0,-0.000052,0.0,0.0,0.008495,-0.000052,0.0,-0.000039,0.0,-0.000039,-0.0,-0.000052,0.0,0.0,0.0,0.0,
0.0,-0.113231,0.587924,0.377988,0.0,0.0,0.0,0.076618,0.442358,-0.186422,0.0,0.0,-1.435134,-0.023191,-0.014371,1.753821,-0.696391,0.0,-1.435134,0.023191,0.014371,1.753821,-0.696391,0.0,-0.168614,0.259803,0.0,-0.263707,0.0,0.0,0.0,-0.168614,-0.259803,0.0,-0.263707,0.0,-0.0,0.0,0.0,0.008495,-0.000052,-0.0,-0.000039,0.0,-0.000039,0.0,-0.000052,0.0,0.0,0.008495,-0.000052,-0.0,-0.000039,0.0,-0.000039,0.0,-0.000052,0.0,0.0,0.0,0.0,
0.0,-0.113155,0.588366,0.377802,0.0,0.0,0.0,0.076627,0.442396,-0.186422,0.0,0.0,-1.434039,-0.023212,-0.014409,1.752502,-0.69598,0.0,-1.434039,0.023212,0.014409,1.752502,-0.69598,0.0,-0.168223,0.259674,0.0,-0.263838,0.0,0.0,0.0,-0.168223,-0.259674,0.0,-0.263838,0.0,0.0,0.0,0.0,0.008495,-0.000052,-0.0,-0.000039,0.0,-0.000039,0.0,-0.000052,0.0,0.0,0.008495,-0.000052,-0.0,-0.000039,0.0,-0.000039,0.0,-0.000052,0.0,0.0,0.0,0.0,
0.0,-0.113078,0.588808,0.377615,0.0,0.0,0.0,0.076618,0.442358,-0.186422,0.0,0.0,-1.432943,-0.023232,-0.014448,1.751184,-0.695569,0.0,-1.432943,0.023232,0.014448,1.751184,-0.695569,0.0,-0.167831,0.259544,0.0,-0.263969,0.0,0.0,0.0,-0.167831,-0.259544,0.0,-0.263969,0.0,0.0,0.0,0.0,0.008495,-0.000052,-0.0,-0.000039,0.0,-0.000039,0.0,-0.000052,0.0,0.0,0.008495,-0.000052,-0.0,-0.000039,0.0,-0.000039,0.0,-0.000052,0.0,0.0,0.0,0.0,
0.0,-0.113002,0.589251,0.377429,0.0,0.0,0.0,0.076627,0.442358,-0.186422,0.0,0.0,-1.431848,-0.023252,-0.014486,1.749866,-0.695158,0.0,-1.431848,0.023252,0.014486,1.749866,-0.695158,0.0,-0.16744,0.259415,0.0,-0.2641,0.0,-0.0,0.0,-0.16744,-0.259415,0.0,-0.2641,0.0,0.0,0.0,0.0,0.008495,-0.000052,-0.0,-0.000039,-0.0,-0.000039,0.0,-0.000052,-0.0,0.0,0.008495,-0.000052,-0.0,-0.000039,-0.0,-0.000039,0.0,-0.000052,-0.0,0.0,0.0,0.0,
0.0,-0.112925,0.589693,0.377242,0.0,0.0,0.0,0.076618,0.442358,-0.186422,0.0,0.0,-1.430753,-0.023272,-0.014525,1.748547,-0.694747,0.0,-1.430753,0.023272,0.014525,1.748547,-0.694747,0.0,-0.167049,0.259286,0.0,-0.264231,0.0,0.0,0.0,-0.167049,-0.259286,0.0,-0.264231,0.0,-0.0,0.0,0.0,0.008495,-0.000052,-0.0,-0.000039,-0.0,-0.000039,-0.0,-0.000052,0.0,0.0,0.008495,-0.000052,-0.0,-0.000039,-0.0,-0.000039,-0.0,-0.000052,0.0,0.0,0.0,0.0,
0.0,-0.112848,0.590135,0.377056,0.0,0.0,0.0,0.076618,0.442358,-0.186422,0.0,0.0,-1.429657,-0.023292,-0.014563,1.747229,-0.694336,0.0,-1.429657,0.023292,0.014563,1.747229,-0.694336,0.0,-0.166657,0.259157,0.0,-0.264363,0.0,0.0,0.0,-0.166657,-0.259157,0.0,-0.264363,0.0,0.0,0.0,0.0,0.008495,-0.000052,-0.0,-0.000039,0.0,-0.000039,0.0,-0.000052,0.0,0.0,0.008495,-0.000052,-0.0,-0.000039,0.0,-0.000039,0.0,-0.000052,0.0,0.0,0.0,0.0,
0.0,-0.112772,0.590578,0.37687,0.0,0.0,0.0,0.076627,0.442358,-0.186422,0.0,0.0,-1.428562,-0.023312,-0.014602,1.745911,-0.693925,0.0,-1.428562,0.023312,0.014602,1.745911,-0.693925,0.0,-0.166266,0.259027,0.0,-0.264494,0.0,0.0,0.0,-0.166266,-0.259027,0.0,-0.264494,0.0,-0.0,0.0,0.0,0.008495,-0.000052,-0.0,-0.000039,0.0,-0.000039,0.0,-0.000052,0.0,0.0,0.008495,-0.000052,-0.0,-0.000039,0.0,-0.000039,0.0,-0.000052,0.0,0.0,0.0,0.0,
0.0,-0.112695,0.59102,0.376683,0.0,0.0,0.0,0.076618,0.442358,-0.186555,0.0,0.0,-1.427466,-0.023332,-0.01464,1.744592,-0.693514,0.0,-1.427466,0.023332,0.01464,1.744592,-0.693514,0.0,-0.165874,0.258898,0.0,-0.264625,0.0,-0.0,0.0,-0.165874,-0.258898,0.0,-0.264625,0.0,0.0,0.0,0.0,0.008495,-0.000052,-0.0,-0.000039,0.0,-0.000039,0.0,-0.000052,0.0,0.0,0.008495,-0.000052,-0.0,-0.000039,0.0,-0.000039,0.0,-0.000052,0.0,0.0,0.0,0.0,
0.0,-0.112618,0.591463,0.376497,0.0,0.0,0.0,0.076627,0.442396,-0.186422,0.0,0.0,-1.426371,-0.023353,-0.014679,1.743274,-0.693103,0.0,-1.426371,0.023353,0.014679,1.743274,-0.693103,0.0,-0.165483,0.258769,0.0,-0.264756,0.0,0.0,0.0,-0.165483,-0.258769,0.0,-0.264756,0.0,-0.0,0.0,0.0,0.008495,-0.000052,-0.0,-0.000039,0.0,-0.000039,0.0,-0.000052,0.0,0.0,0.008495,-0.000052,-0.0,-0.000039,0.0,-0.000039,0.0,-0.000052,0.0,0.0,0.0,0.0,
0.0,-0.112542,0.591905,0.37631,0.0,0.0,0.0,0.076627,0.442358,-0.186422,0.0,0.0,-1.425276,-0.023373,-0.014717,1.741956,-0.692692,0.0,-1.425276,0.023373,0.014717,1.741956,-0.692692,0.0,-0.165091,0.25864,0.0,-0.264887,0.0,0.0,0.0,-0.165091,-0.25864,0.0,-0.264887,0.0,0.0,0.0,0.0,0.008495,-0.000052,0.0,-0.000039,0.0,-0.000039,0.0,-0.000052,0.0,0.0,0.008495,-0.000052,0.0,-0.000039,0.0,-0.000039,0.0,-0.000052,0.0,0.0,0.0,0.0,
0.0,-0.112465,0.592347,0.376124,0.0,0.0,0.0,0.076618,0.44232,-0.186422,0.0,0.0,-1.42418,-0.023393,-0.014756,1.740637,-0.692281,0.0,-1.42418,0.023393,0.014756,1.740637,-0.692281,0.0,-0.1647,0.25851,0.0,-0.265018,0.0,0.0,0.0,-0.1647,-0.25851,0.0,-0.265018,0.0,-0.0,0.0,0.0,0.008495,-0.000052,-0.0,-0.000039,0.0,-0.000039,0.0,-0.000052,0.0,0.0,0.008495,-0.000052,-0.0,-0.000039,0.0,-0.000039,0.0,-0.000052,0.0,0.0,0.0,0.0,
0.0,-0.112389,0.59279,0.375937,0.0,0.0,0.0,0.076627,0.442396,-0.186422,0.0,0.0,-1.423085,-0.023413,-0.014794,1.739319,-0.69187,0.0,-1.423085,0.023413,0.014794,1.739319,-0.69187,0.0,-0.164309,0.258381,0.0,-0.26515,0.0,0.0,0.0,-0.164309,-0.258381,0.0,-0.26515,0.0,-0.0,0.0,0.0,0.008495,-0.000052,-0.0,-0.000039,0.0,-0.000039,0.0,-0.000052,-0.0,0.0,0.008495,-0.000052,-0.0,-0.000039,0.0,-0.000039,0.0,-0.000052,-0.0,0.0,0.0,0.0,
0.0,-0.112312,0.593232,0.375751,0.0,0.0,0.0,0.076618,0.442358,-0.186422,0.0,0.0,-1.42199,-0.023433,-0.014832,1.738001,-0.691459,0.0,-1.42199,0.023433,0.014832,1.738001,-0.691459,0.0,-0.163917,0.258252,0.0,-0.265281,0.0,0.0,0.0,-0.163917,-0.258252,0.0,-0.265281,0.0,-0.0,0.0,0.0,0.008495,-0.000052,0.0,-0.000039,0.0,-0.000039,0.0,-0.000052,-0.0,0.0,0.008495,-0.000052,0.0,-0.000039,0.0,-0.000039,0.0,-0.000052,-0.0,0.0,0.0,0.0,
0.0,-0.112235,0.593674,0.375564,0.0,0.0,0.0,0.076618,0.442358,-0.186422,0.0,0.0,-1.420895,-0.023453,-0.014871,1.736683,-0.691048,0.0,-1.420895,0.023453,0.014871,1.736683,-0.691048,0.0,-0.163526,0.258122,0.0,-0.265412,0.0,-0.0,0.0,-0.163526,-0.258122,-0.0,-0.265412,0.0,0.0,0.0,0.0,0.008495,-0.000052,0.0,-0.000039,0.0,-0.000039,-0.0,-0.000052,-0.0,0.0,0.008495,-0.000052,0.0,-0.000039,0.0,-0.000039,-0.0,-0.000052,-0.0,0.0,0.0,0.0,
0.0,-0.112159,0.594117,0.375378,0.0,0.0,0.0,0.076627,0.442358,-0.186422,0.0,0.0,-1.419799,-0.023473,-0.014909,1.735364,-0.690637,0.0,-1.419799,0.023473,0.014909,1.735364,-0.690637,0.0,-0.163134,0.257993,0.0,-0.265543,0.0,0.0,0.0,-0.163134,-0.257993,0.0,-0.265543,0.0,0.0,0.0,0.0,0.008495,-0.000052,0.0,-0.000039,0.0,-0.000039,0.0,-0.000052,0.0,0.0,0.008495,-0.000052,0.0,-0.000039,0.0,-0.000039,0.0,-0.000052,0.0,0.0,0.0,0.0,
0.0,-0.112082,0.594559,0.375192,0.0,0.0,0.0,0.076618,0.442358,-0.186422,0.0,0.0,-1.418704,-0.023494,-0.014948,1.734046,-0.690226,0.0,-1.418704,0.023494,0.014948,1.734046,-0.690226,0.0,-0.162743,0.257864,0.0,-0.265674,0.0,-0.0,0.0,-0.162743,-0.257864,0.0,-0.265674,0.0,0.0,0.0,0.0,0.008495,-0.000052,0.0,-0.000039,0.0,-0.000039,-0.0,-0.000052,0.0,0.0,0.008495,-0.000052,0.0,-0.000039,0.0,-0.000039,-0.0,-0.000052,0.0,0.0,0.0,0.0,
0.0,-0.112005,0.595001,0.375005,0.0,0.0,0.0,0.076618,0.442358,-0.186422,0.0,0.0,-1.417609,-0.023514,-0.014986,1.732728,-0.689815,0.0,-1.417609,0.023514,0.014986,1.732728,-0.689815,0.0,-0.162351,0.257735,0.0,-0.265805,0.0,0.0,0.0,-0.162351,-0.257735,0.0,-0.265805,0.0,0.0,0.0,0.0,0.008495,-0.000052,-0.0,-0.000039,0.0,-0.000039,-0.0,-0.000052,0.0,0.0,0.008495,-0.000052,-0.0,-0.000039,0.0,-0.000039,-0.0,-0.000052,0.0,0.0,0.0,0.0,
0.0,-0.111929,0.595444,0.374819,0.0,0.0,0.0,0.076627,0.442358,-0.186555,0.0,0.0,-1.416513,-0.023534,-0.015025,1.73141,-0.689404,0.0,-1.416513,0.023534,0.015025,1.73141,-0.689404,0.0,-0.16196,0.257605,-0.0,-0.265937,0.0,0.0,0.0,-0.16196,-0.257605,0.0,-0.265937,0.0,-0.0,0.0,0.0,0.008495,-0.000052,-0.0,-0.000039,-0.0,-0.000039,0.0,-0.000052,0.0,0.0,0.008495,-0.000052,-0.0,-0.000039,-0.0,-0.000039,0.0,-0.000052,0.0,0.0,0.0,0.0,
0.0,-0.111852,0.595886,0.374632,0.0,0.0,0.0,0.076627,0.442358,-0.186422,0.0,0.0,-1.415418,-0.023554,-0.015063,1.730092,-0.688993,0.0,-1.415418,0.023554,0.015063,1.730092,-0.688993,0.0,-0.161569,0.257476,0.0,-0.266068,0.0,0.0,0.0,-0.161569,-0.257476,0.0,-0.266068,0.0,0.0,0.0,0.0,0.008495,-0.000052,0.0,-0.000039,0.0,-0.000039,0.0,-0.000052,0.0,0.0,0.008495,-0.000052,0.0,-0.000039,0.0,-0.000039,0.0,-0.000052,0.0,0.0,-0.0,0.0,
0.0,-0.111775,0.596328,0.37444,0.0,0.0,0.0,0.077228,0.441748,-0.192414,0.0,0.0,-1.414313,-0.023572,-0.015102,1.728753,-0.688567,0.0,-1.414313,0.023572,0.015102,1.728753,-0.688567,0.0,-0.161176,0.257346,0.0,-0.266199,0.0,-0.0,0.0,-0.161176,-0.257346,0.0,-0.266199,0.0,0.0,0.0,0.0,0.008495,-0.000052,-0.0,-0.000039,0.0,-0.000039,0.0,-0.000052,0.0,0.0,0.008495,-0.000052,-0.0,-0.000039,0.0,-0.000039,0.0,-0.000052,0.0,0.0,0.0,0.0,
0.0,-0.111697,0.596769,0.374244,0.0,0.0,0.0,0.077543,0.441366,-0.19561,0.0,0.0,-1.413204,-0.023588,-0.01514,1.727405,-0.688134,0.0,-1.413204,0.023588,0.01514,1.727405,-0.688134,0.0,-0.160783,0.257215,0.0,-0.26633,0.0,0.0,0.0,-0.160783,-0.257215,0.0,-0.26633,0.0,0.0,0.0,0.0,0.008495,-0.000052,0.0,-0.000039,0.0,-0.000039,0.0,-0.000052,0.0,0.0,0.008495,-0.000052,0.0,-0.000039,0.0,-0.000039,0.0,-0.000052,0.0,0.0,0.0,0.0,
0.0,-0.11162,0.597211,0.374048,0.0,0.0,0.0,0.077543,0.441366,-0.195743,0.0,0.0,-1.412095,-0.023605,-0.015179,1.726057,-0.687701,0.0,-1.412095,0.023605,0.015179,1.726057,-0.687701,0.0,-0.16039,0.257083,0.0,-0.266461,0.0,0.0,0.0,-0.16039,-0.257083,-0.0,-0.266461,0.0,0.0,0.0,0.0,0.008495,-0.000052,-0.0,-0.000039,0.0,-0.000039,-0.0,-0.000052,0.0,0.0,0.008495,-0.000052,-0.0,-0.000039,0.0,-0.000039,-0.0,-0.000052,0.0,0.0,0.0,0.0,
0.0,-0.111542,0.597652,0.373853,0.0,0.0,0.0,0.077543,0.441404,-0.19561,0.0,0.0,-1.410986,-0.023621,-0.015217,1.724708,-0.687268,0.0,-1.410986,0.023621,0.015217,1.724708,-0.687268,0.0,-0.159997,0.256952,0.0,-0.266592,0.0,-0.0,0.0,-0.159997,-0.256952,0.0,-0.266592,0.0,0.0,0.0,0.0,0.008495,-0.000052,0.0,-0.000039,0.0,-0.000039,0.0,-0.000052,-0.0,0.0,0.008495,-0.000052,0.0,-0.000039,0.0,-0.000039,0.0,-0.000052,-0.0,0.0,0.0,0.0,
0.0,-0.111465,0.598093,0.373657,0.0,0.0,0.0,0.077543,0.441366,-0.19561,0.0,0.0,-1.409876,-0.023638,-0.015255,1.72336,-0.686834,0.0,-1.409876,0.023638,0.015255,1.72336,-0.686834,0.0,-0.159604,0.256821,0.0,-0.266724,0.0,-0.0,0.0,-0.159604,-0.256821,0.0,-0.266724,0.0,0.0,0.0,0.0,0.008495,-0.000052,0.0,-0.000039,-0.0,-0.000039,0.0,-0.000052,0.0,0.0,0.008495,-0.000052,0.0,-0.000039,-0.0,-0.000039,0.0,-0.000052,0.0,0.0,0.0,0.0,
0.0,-0.111387,0.598535,0.373461,0.0,0.0,0.0,0.077543,0.441404,-0.195743,0.0,0.0,-1.408767,-0.023654,-0.015294,1.722011,-0.686401,0.0,-1.408767,0.023654,0.015294,1.722011,-0.686401,0.0,-0.159211,0.25669,0.0,-0.266855,0.0,0.0,0.0,-0.159211,-0.25669,-0.0,-0.266855,0.0,-0.0,0.0,0.0,0.008495,-0.000052,0.0,-0.000039,0.0,-0.000039,0.0,-0.000052,0.0,0.0,0.008495,-0.000052,0.0,-0.000039,0.0,-0.000039,0.0,-0.000052,0.0,0.0,0.0,0.0,
0.0,-0.11131,0.598976,0.373266,0.0,0.0,0.0,0.077543,0.441366,-0.19561,0.0,0.0,-1.407658,-0.023671,-0.015332,1.720663,-0.685968,0.0,-1.407658,0.023671,0.015332,1.720663,-0.685968,0.0,-0.158818,0.256559,-0.0,-0.266986,0.0,0.0,0.0,-0.158818,-0.256559,0.0,-0.266986,-0.0,0.0,0.0,0.0,0.008495,-0.000052,0.0,-0.000039,-0.0,-0.000039,0.0,-0.000052,0.0,0.0,0.008495,-0.000052,0.0,-0.000039,-0.0,-0.000039,0.0,-0.000052,0.0,0.0,0.0,0.0,
0.0,-0.111232,0.599418,0.37307,0.0,0.0,0.0,0.077543,0.441366,-0.19561,0.0,0.0,-1.406549,-0.023687,-0.015371,1.719315,-0.685534,0.0,-1.406549,0.023687,0.015371,1.719315,-0.685534,0.0,-0.158425,0.256428,0.0,-0.267117,0.0,0.0,0.0,-0.158425,-0.256428,0.0,-0.267117,0.0,-0.0,0.0,0.0,0.008495,-0.000052,0.0,-0.000039,-0.0,-0.000039,-0.0,-0.000052,0.0,0.0,0.008495,-0.000052,0.0,-0.000039,-0.0,-0.000039,-0.0,-0.000052,0.0,0.0,0.0,0.0,
0.0,-0.111155,0.599859,0.372875,0.0,0.0,0.0,0.077543,0.441404,-0.19561,0.0,0.0,-1.405439,-0.023704,-0.015409,1.717966,-0.685101,0.0,-1.405439,0.023704,0.015409,1.717966,-0.685101,0.0,-0.158032,0.256297,0.0,-0.267248,0.0,0.0,0.0,-0.158032,-0.256297,0.0,-0.267248,0.0,0.0,0.0,0.0,0.008495,-0.000052,-0.0,-0.000039,0.0,-0.000039,0.0,-0.000052,0.0,0.0,0.008495,-0.000052,-0.0,-0.000039,0.0,-0.000039,0.0,-0.000052,0.0,0.0,0.0,0.0,
0.0,-0.111077,0.6003,0.372679,0.0,0.0,0.0,0.077543,0.441366,-0.19561,0.0,0.0,-1.40433,-0.02372,-0.015448,1.716618,-0.684668,0.0,-1.40433,0.02372,0.015448,1.716618,-0.684668,0.0,-0.157639,0.256166,-0.0,-0.26738,0.0,0.0,0.0,-0.157639,-0.256166,0.0,-0.26738,0.0,0.0,0.0,0.0,0.008495,-0.000052,-0.0,-0.000039,0.0,-0.000039,0.0,-0.000052,0.0,0.0,0.008495,-0.000052,-0.0,-0.000039,0.0,-0.000039,0.0,-0.000052,0.0,0.0,0.0,0.0,
0.0,-0.111,0.600742,0.372483,0.0,0.0,0.0,0.077543,0.441366,-0.195743,0.0,0.0,-1.403221,-0.023737,-0.015486,1.715269,-0.684235,0.0,-1.403221,0.023737,0.015486,1.715269,-0.684235,0.0,-0.157246,0.256035,0.0,-0.267511,0.0,-0.0,0.0,-0.157246,-0.256035,0.0,-0.267511,0.0,0.0,0.0,0.0,0.008495,-0.000052,0.0,-0.000039,0.0,-0.000039,0.0,-0.000052,0.0,0.0,0.008495,-0.000052,0.0,-0.000039,0.0,-0.000039,0.0,-0.000052,0.0,0.0,0.0,0.0,
0.0,-0.110922,0.601183,0.372288,0.0,0.0,0.0,0.077543,0.441404,-0.19561,0.0,0.0,-1.402111,-0.023753,-0.015525,1.713921,-0.683801,0.0,-1.402111,0.023753,0.015525,1.713921,-0.683801,0.0,-0.156852,0.255904,0.0,-0.267642,-0.0,0.0,0.0,-0.156852,-0.255904,-0.0,-0.267642,0.0,0.0,0.0,0.0,0.008495,-0.000052,-0.0,-0.000039,-0.0,-0.000039,0.0,-0.000052,0.0,0.0,0.008495,-0.000052,-0.0,-0.000039,-0.0,-0.000039,0.0,-0.000052,0.0,0.0,0.0,0.0,
0.0,-0.110844,0.601624,0.372092,0.0,0.0,0.0,0.077543,0.441366,-0.19561,0.0,0.0,-1.401002,-0.023769,-0.015563,1.712572,-0.683368,0.0,-1.401002,0.023769,0.015563,1.712572,-0.683368,-0.0,-0.156459,0.255773,0.0,-0.267773,0.0,0.0,0.0,-0.156459,-0.255773,-0.0,-0.267773,0.0,0.0,0.0,0.0,0.008495,-0.000052,0.0,-0.000039,-0.0,-0.000039,0.0,-0.000052,-0.0,0.0,0.008495,-0.000052,0.0,-0.000039,-0.0,-0.000039,0.0,-0.000052,-0.0,0.0,0.0,0.0,
0.0,-0.110767,0.602066,0.371896,0.0,0.0,0.0,0.077543,0.441366,-0.19561,0.0,0.0,-1.399892,-0.023786,-0.015602,1.711224,-0.682935,0.0,-1.399892,0.023786,0.015602,1.711224,-0.682935,0.0,-0.156066,0.255642,0.0,-0.267904,0.0,0.0,0.0,-0.156066,-0.255642,0.0,-0.267904,0.0,0.0,0.0,0.0,0.008495,-0.000052,-0.0,-0.000039,-0.0,-0.000039,-0.0,-0.000052,0.0,0.0,0.008495,-0.000052,-0.0,-0.000039,-0.0,-0.000039,-0.0,-0.000052,0.0,0.0,0.0,0.0,
0.0,-0.110689,0.602507,0.371701,0.0,0.0,0.0,0.077543,0.441366,-0.19561,0.0,0.0,-1.398783,-0.023802,-0.01564,1.709875,-0.682501,0.0,-1.398783,0.023802,0.01564,1.709875,-0.682501,0.0,-0.155673,0.25551,0.0,-0.268036,0.0,0.0,0.0,-0.155673,-0.25551,0.0,-0.268036,0.0,0.0,0.0,0.0,0.008495,-0.000052,-0.0,-0.000039,-0.0,-0.000039,0.0,-0.000052,-0.0,0.0,0.008495,-0.000052,-0.0,-0.000039,-0.0,-0.000039,0.0,-0.000052,-0.0,0.0,0.0,0.0,
0.0,-0.110612,0.602949,0.371505,0.0,0.0,0.0,0.077543,0.441404,-0.195743,0.0,0.0,-1.397674,-0.023819,-0.015678,1.708527,-0.682068,0.0,-1.397674,0.023819,0.015678,1.708527,-0.682068,0.0,-0.15528,0.255379,0.0,-0.268167,0.0,0.0,0.0,-0.15528,-0.255379,0.0,-0.268167,0.0,0.0,0.0,0.0,0.008495,-0.000052,-0.0,-0.000039,-0.0,-0.000039,-0.0,-0.000052,0.0,0.0,0.008495,-0.000052,-0.0,-0.000039,-0.0,-0.000039,-0.0,-0.000052,0.0,0.0,0.0,0.0,
0.0,-0.110534,0.60339,0.371309,0.0,0.0,0.0,0.077543,0.441366,-0.19561,0.0,0.0,-1.396564,-0.023835,-0.015717,1.707178,-0.681635,0.0,-1.396564,0.023835,0.015717,1.707178,-0.681635,0.0,-0.154887,0.255248,0.0,-0.268298,0.0,0.0,0.0,-0.154887,-0.255248,0.0,-0.268298,0.0,0.0,0.0,0.0,0.008495,-0.000052,0.0,-0.000039,0.0,-0.000039,-0.0,-0.000052,0.0,0.0,0.008495,-0.000052,0.0,-0.000039,0.0,-0.000039,-0.0,-0.000052,0.0,0.0,-0.0,0.0,
0.0,-0.110457,0.603831,0.371114,0.0,0.0,0.0,0.077543,0.441366,-0.19561,0.0,0.0,-1.395455,-0.023852,-0.015755,1.70583,-0.681202,0.0,-1.395455,0.023852,0.015755,1.70583,-0.681202,0.0,-0.154494,0.255117,0.0,-0.268429,0.0,0.0,0.0,-0.154494,-0.255117,0.0,-0.268429,0.0,0.0,0.0,0.0,0.008495,-0.000052,-0.0,-0.000039,0.0,-0.000039,0.0,-0.000052,-0.0,0.0,0.008495,-0.000052,-0.0,-0.000039,0.0,-0.000039,0.0,-0.000052,-0.0,0.0,0.0,0.0,
0.0,-0.110379,0.604273,0.370918,0.0,0.0,0.0,0.077543,0.441366,-0.19561,0.0,0.0,-1.394346,-0.023868,-0.015794,1.704481,-0.680768,0.0,-1.394346,0.023868,0.015794,1.704481,-0.680768,0.0,-0.154101,0.254986,0.0,-0.26856,0.0,0.0,0.0,-0.154101,-0.254986,0.0,-0.26856,0.0,-0.0,0.0,0.0,0.008495,-0.000052,-0.0,-0.000039,-0.0,-0.000039,0.0,-0.000052,0.0,0.0,0.008495,-0.000052,-0.0,-0.000039,-0.0,-0.000039,0.0,-0.000052,0.0,0.0,0.0,0.0,
0.0,-0.110302,0.604714,0.370723,0.0,0.0,0.0,0.077543,0.441404,-0.19561,0.0,0.0,-1.393236,-0.023885,-0.015832,1.703133,-0.680335,0.0,-1.393236,0.023885,0.015832,1.703133,-0.680335,0.0,-0.153708,0.254855,0.0,-0.268692,0.0,0.0,0.0,-0.153708,-0.254855,0.0,-0.268692,0.0,0.0,0.0,0.0,0.008495,-0.000052,0.0,-0.000039,0.0,-0.000039,0.0,-0.000052,0.0,0.0,0.008495,-0.000052,0.0,-0.000039,0.0,-0.000039,0.0,-0.000052,0.0,0.0,0.0,0.0,
0.0,-0.110224,0.605155,0.370527,0.0,0.0,0.0,0.077543,0.441366,-0.195743,0.0,0.0,-1.392127,-0.023901,-0.015871,1.701784,-0.679902,0.0,-1.392127,0.023901,0.015871,1.701784,-0.679902,0.0,-0.153315,0.254724,0.0,-0.268823,0.0,0.0,0.0,-0.153315,-0.254724,0.0,-0.268823,0.0,-0.0,0.0,0.0,0.008495,-0.000052,0.0,-0.000039,0.0,-0.000039,0.0,-0.000052,0.0,0.0,0.008495,-0.000052,0.0,-0.000039,0.0,-0.000039,0.0,-0.000052,0.0,0.0,0.0,0.0,
0.0,-0.110147,0.605597,0.370331,0.0,0.0,0.0,0.077543,0.441404,-0.19561,0.0,0.0,-1.391018,-0.023918,-0.015909,1.700436,-0.679468,0.0,-1.391018,0.023918,0.015909,1.700436,-0.679468,0.0,-0.152922,0.254593,0.0,-0.268954,0.0,0.0,0.0,-0.152922,-0.254593,0.0,-0.268954,0.0,0.0,0.0,0.0,0.008495,-0.000052,0.0,-0.000039,0.0,-0.000039,-0.0,-0.000052,-0.0,0.0,0.008495,-0.000052,0.0,-0.000039,0.0,-0.000039,-0.0,-0.000052,-0.0,0.0,0.0,0.0,
0.0,-0.110069,0.606038,0.370136,0.0,0.0,0.0,0.077543,0.441366,-0.19561,0.0,0.0,-1.389908,-0.023934,-0.015948,1.699087,-0.679035,0.0,-1.389908,0.023934,0.015948,1.699087,-0.679035,0.0,-0.152529,0.254462,0.0,-0.269085,0.0,0.0,0.0,-0.152529,-0.254462,0.0,-0.269085,0.0,0.0,0.0,0.0,0.008495,-0.000052,-0.0,-0.000039,0.0,-0.000039,-0.0,-0.000052,0.0,0.0,0.008495,-0.000052,-0.0,-0.000039,0.0,-0.000039,-0.0,-0.000052,0.0,0.0,0.0,0.0,
0.0,-0.109992,0.60648,0.36994,0.0,0.0,0.0,0.077543,0.441366,-0.19561,0.0,0.0,-1.388799,-0.023951,-0.015986,1.697739,-0.678602,0.0,-1.388799,0.023951,0.015986,1.697739,-0.678602,0.0,-0.152136,0.254331,0.0,-0.269216,0.0,-0.0,0.0,-0.152136,-0.254331,-0.0,-0.269216,0.0,0.0,0.0,0.0,0.008495,-0.000052,0.0,-0.000039,0.0,-0.000039,-0.0,-0.000052,-0.0,0.0,0.008495,-0.000052,0.0,-0.000039,0.0,-0.000039,-0.0,-0.000052,-0.0,0.0,0.0,0.0,
0.0,-0.109914,0.606921,0.369744,0.0,0.0,0.0,0.077543,0.441404,-0.195743,0.0,0.0,-1.38769,-0.023967,-0.016025,1.69639,-0.678169,0.0,-1.38769,0.023967,0.016025,1.69639,-0.678169,0.0,-0.151743,0.2542,0.0,-0.269348,0.0,0.0,0.0,-0.151743,-0.2542,0.0,-0.269348,0.0,0.0,0.0,0.0,0.008495,-0.000052,0.0,-0.000039,-0.0,-0.000039,0.0,-0.000052,0.0,0.0,0.008495,-0.000052,0.0,-0.000039,-0.0,-0.000039,0.0,-0.000052,0.0,0.0,0.0,0.0,
0.0,-0.109836,0.607362,0.369549,0.0,0.0,0.0,0.077543,0.441366,-0.19561,0.0,0.0,-1.38658,-0.023984,-0.016063,1.695042,-0.677735,0.0,-1.38658,0.023984,0.016063,1.695042,-0.677735,0.0,-0.15135,0.254069,0.0,-0.269479,0.0,0.0,0.0,-0.15135,-0.254069,0.0,-0.269479,0.0,0.0,0.0,0.0,0.008495,-0.000052,-0.0,-0.000039,-0.0,-0.000039,0.0,-0.000052,0.0,0.0,0.008495,-0.000052,-0.0,-0.000039,-0.0,-0.000039,0.0,-0.000052,0.0,0.0,0.0,0.0,
0.0,-0.109759,0.607804,0.369353,0.0,0.0,0.0,0.077543,0.441366,-0.19561,0.0,0.0,-1.385471,-0.024,-0.016101,1.693693,-0.677302,0.0,-1.385471,0.024,0.016101,1.693693,-0.677302,0.0,-0.150957,0.253937,0.0,-0.26961,0.0,0.0,0.0,-0.150957,-0.253937,0.0,-0.26961,0.0,0.0,0.0,0.0,0.008495,-0.000052,-0.0,-0.000039,0.0,-0.000039,0.0,-0.000052,0.0,0.0,0.008495,-0.000052,-0.0,-0.000039,0.0,-0.000039,0.0,-0.000052,0.0,0.0,0.0,0.0,
0.0,-0.109681,0.608245,0.369158,0.0,0.0,0.0,0.077543,0.441404,-0.19561,0.0,0.0,-1.384362,-0.024017,-0.01614,1.692345,-0.676869,0.0,-1.384362,0.024017,0.01614,1.692345,-0.676869,0.0,-0.150564,0.253806,0.0,-0.269741,0.0,0.0,0.0,-0.150564,-0.253806,0.0,-0.269741,0.0,-0.0,0.0,0.0,0.008495,-0.000052,-0.0,-0.000039,0.0,-0.000039,0.0,-0.000052,0.0,0.0,0.008495,-0.000052,-0.0,-0.000039,0.0,-0.000039,0.0,-0.000052,0.0,0.0,0.0,0.0,
0.0,-0.109604,0.608686,0.368962,0.0,0.0,0.0,0.077543,0.441366,-0.19561,0.0,0.0,-1.383252,-0.024033,-0.016178,1.690996,-0.676436,0.0,-1.383252,0.024033,0.016178,1.690996,-0.676436,0.0,-0.150171,0.253675,0.0,-0.269872,0.0,0.0,0.0,-0.150171,-0.253675,0.0,-0.269872,0.0,0.0,0.0,0.0,0.008495,-0.000052,-0.0,-0.000039,0.0,-0.000039,0.0,-0.000052,0.0,0.0,0.008495,-0.000052,-0.0,-0.000039,0.0,-0.000039,0.0,-0.000052,0.0,0.0,0.0,0.0,
0.0,-0.109526,0.609128,0.368766,0.0,0.0,0.0,0.077543,0.441366,-0.195743,0.0,0.0,-1.382143,-0.02405,-0.016217,1.689648,-0.676002,0.0,-1.382143,0.02405,0.016217,1.689648,-0.676002,0.0,-0.149778,0.253544,-0.0,-0.270003,0.0,0.0,0.0,-0.149778,-0.253544,0.0,-0.270003,0.0,-0.0,0.0,0.0,0.008495,-0.000052,0.0,-0.000039,0.0,-0.000039,0.0,-0.000052,0.0,0.0,0.008495,-0.000052,0.0,-0.000039,0.0,-0.000039,0.0,-0.000052,0.0,0.0,0.0,0.0,
0.0,-0.109449,0.609569,0.368571,0.0,0.0,0.0,0.077543,0.441404,-0.19561,0.0,0.0,-1.381034,-0.024066,-0.016255,1.688299,-0.675569,0.0,-1.381034,0.024066,0.016255,1.688299,-0.675569,0.0,-0.149384,0.253413,0.0,-0.270135,0.0,0.0,0.0,-0.149384,-0.253413,0.0,-0.270135,0.0,-0.0,0.0,0.0,0.008495,-0.000052,-0.0,-0.000039,0.0,-0.000039,0.0,-0.000052,-0.0,0.0,0.008495,-0.000052,-0.0,-0.000039,0.0,-0.000039,0.0,-0.000052,-0.0,0.0,0.0,0.0,
0.0,-0.109371,0.610011,0.368375,0.0,0.0,0.0,0.077543,0.441366,-0.19561,0.0,0.0,-1.379924,-0.024083,-0.016294,1.686951,-0.675136,0.0,-1.379924,0.024083,0.016294,1.686951,-0.675136,0.0,-0.148991,0.253282,0.0,-0.270266,0.0,0.0,0.0,-0.148991,-0.253282,0.0,-0.270266,0.0,0.0,0.0,0.0,0.008495,-0.000052,0.0,-0.000039,-0.0,-0.000039,0.0,-0.000052,0.0,0.0,0.008495,-0.000052,0.0,-0.000039,-0.0,-0.000039,0.0,-0.000052,0.0,0.0,0.0,0.0,
0.0,-0.109294,0.610452,0.368179,0.0,0.0,0.0,0.077543,0.441404,-0.19561,0.0,0.0,-1.378815,-0.024099,-0.016332,1.685603,-0.674702,0.0,-1.378815,0.024099,0.016332,1.685603,-0.674702,0.0,-0.148598,0.253151,0.0,-0.270397,0.0,-0.0,0.0,-0.148598,-0.253151,0.0,-0.270397,0.0,0.0,0.0,0.0,0.008495,-0.000052,-0.0,-0.000039,-0.0,-0.000039,0.0,-0.000052,0.0,0.0,0.008495,-0.000052,-0.0,-0.000039,-0.0,-0.000039,0.0,-0.000052,0.0,0.0,0.0,0.0,
0.0,-0.109216,0.610893,0.367981,0.0,0.0,0.0,0.07781,0.440718,-0.198672,0.0,0.0,-1.377702,-0.024113,-0.01637,1.684247,-0.674261,0.0,-1.377702,0.024113,0.01637,1.684247,-0.674261,0.0,-0.148207,0.25302,0.0,-0.270528,0.0,-0.0,0.0,-0.148207,-0.25302,0.0,-0.270528,0.0,0.0,0.0,0.0,0.008495,-0.000052,0.0,-0.000039,0.0,-0.000039,-0.0,-0.000052,0.0,0.0,0.008495,-0.000052,0.0,-0.000039,0.0,-0.000039,-0.0,-0.000052,0.0,0.0,0.0,0.0,
0.0,-0.109137,0.611332,0.367776,0.0,0.0,0.0,0.078373,0.439421,-0.204797,0.0,0.0,-1.376581,-0.024122,-0.016407,1.682875,-0.673804,0.0,-1.376581,0.024122,0.016407,1.682875,-0.673804,0.0,-0.147817,0.252889,0.0,-0.270657,0.0,0.0,0.0,-0.147817,-0.252889,0.0,-0.270657,0.0,0.0,0.0,0.0,0.008495,-0.000052,0.0,-0.000039,0.0,-0.000039,0.0,-0.000052,0.0,0.0,0.008495,-0.000052,0.0,-0.000039,0.0,-0.000039,0.0,-0.000052,0.0,0.0,0.0,0.0,
0.0,-0.109059,0.611772,0.367571,0.0,0.0,0.0,0.078354,0.439383,-0.204931,0.0,0.0,-1.375461,-0.024132,-0.016443,1.681504,-0.673347,0.0,-1.375461,0.024132,0.016443,1.681504,-0.673347,0.0,-0.147428,0.252758,0.0,-0.270786,0.0,0.0,0.0,-0.147428,-0.252758,-0.0,-0.270786,0.0,0.0,0.0,0.0,0.008495,-0.000052,0.0,-0.000039,0.0,-0.000039,0.0,-0.000052,0.0,0.0,0.008495,-0.000052,0.0,-0.000039,0.0,-0.000039,0.0,-0.000052,0.0,0.0,0.0,0.0,
0.0,-0.108981,0.612211,0.367366,0.0,0.0,0.0,0.078363,0.439421,-0.204797,0.0,0.0,-1.37434,-0.024141,-0.01648,1.680132,-0.672889,0.0,-1.37434,0.024141,0.01648,1.680132,-0.672889,0.0,-0.147039,0.252627,0.0,-0.270916,0.0,0.0,0.0,-0.147039,-0.252627,0.0,-0.270916,0.0,-0.0,0.0,0.0,0.008495,-0.000052,0.0,-0.000039,0.0,-0.000039,-0.0,-0.000052,0.0,0.0,0.008495,-0.000052,0.0,-0.000039,0.0,-0.000039,-0.0,-0.000052,0.0,0.0,0.0,0.0,
0.0,-0.108902,0.61265,0.367161,0.0,0.0,0.0,0.078373,0.439459,-0.204797,0.0,0.0,-1.373219,-0.02415,-0.016517,1.67876,-0.672432,0.0,-1.373219,0.02415,0.016517,1.67876,-0.672432,0.0,-0.14665,0.252496,0.0,-0.271045,0.0,0.0,0.0,-0.14665,-0.252496,-0.0,-0.271045,0.0,-0.0,0.0,0.0,0.008495,-0.000052,0.0,-0.000039,0.0,-0.000039,-0.0,-0.000052,0.0,0.0,0.008495,-0.000052,0.0,-0.000039,0.0,-0.000039,-0.0,-0.000052,0.0,0.0,0.0,0.0,
0.0,-0.108824,0.61309,0.366957,0.0,0.0,0.0,0.078354,0.439345,-0.204797,0.0,0.0,-1.372099,-0.024159,-0.016553,1.677389,-0.671975,0.0,-1.372099,0.024159,0.016553,1.677389,-0.671975,0.0,-0.146261,0.252365,0.0,-0.271175,-0.0,0.0,0.0,-0.146261,-0.252365,0.0,-0.271175,0.0,-0.0,0.0,0.0,0.008495,-0.000052,0.0,-0.000039,0.0,-0.000039,0.0,-0.000052,0.0,0.0,0.008495,-0.000052,0.0,-0.000039,0.0,-0.000039,0.0,-0.000052,0.0,0.0,0.0,0.0,
0.0,-0.108746,0.613529,0.366752,0.0,0.0,0.0,0.078363,0.439459,-0.204797,0.0,0.0,-1.370978,-0.024168,-0.01659,1.676017,-0.671517,0.0,-1.370978,0.024168,0.01659,1.676017,-0.671517,0.0,-0.145871,0.252234,0.0,-0.271304,0.0,-0.0,0.0,-0.145871,-0.252234,0.0,-0.271304,0.0,0.0,0.0,0.0,0.008495,-0.000052,0.0,-0.000039,0.0,-0.000039,0.0,-0.000052,0.0,0.0,0.008495,-0.000052,0.0,-0.000039,0.0,-0.000039,0.0,-0.000052,0.0,0.0,0.0,0.0,
0.0,-0.108667,0.613969,0.366547,0.0,0.0,0.0,0.078373,0.439421,-0.204931,0.0,0.0,-1.369857,-0.024177,-0.016626,1.674646,-0.67106,0.0,-1.369857,0.024177,0.016626,1.674646,-0.67106,0.0,-0.145482,0.252103,0.0,-0.271433,0.0,-0.0,0.0,-0.145482,-0.252103,0.0,-0.271433,0.0,0.0,0.0,0.0,0.008495,-0.000052,-0.0,-0.000039,0.0,-0.000039,0.0,-0.000052,0.0,0.0,0.008495,-0.000052,-0.0,-0.000039,0.0,-0.000039,0.0,-0.000052,0.0,0.0,0.0,0.0,
0.0,-0.108589,0.614408,0.366342,0.0,0.0,0.0,0.078363,0.439421,-0.204797,0.0,0.0,-1.368736,-0.024186,-0.016663,1.673274,-0.670602,0.0,-1.368736,0.024186,0.016663,1.673274,-0.670602,0.0,-0.145093,0.251972,0.0,-0.271563,0.0,-0.0,0.0,-0.145093,-0.251972,0.0,-0.271563,0.0,0.0,0.0,0.0,0.008495,-0.000052,-0.0,-0.000039,0.0,-0.000039,0.0,-0.000052,0.0,0.0,0.008495,-0.000052,-0.0,-0.000039,0.0,-0.000039,0.0,-0.000052,0.0,0.0,0.0,0.0,
0.0,-0.108511,0.614847,0.366137,0.0,0.0,0.0,0.078354,0.439383,-0.204797,0.0,0.0,-1.367616,-0.024196,-0.0167,1.671902,-0.670145,0.0,-1.367616,0.024196,0.0167,1.671902,-0.670145,0.0,-0.144704,0.251841,-0.0,-0.271692,0.0,0.0,0.0,-0.144704,-0.251841,0.0,-0.271692,0.0,0.0,0.0,0.0,0.008495,-0.000052,-0.0,-0.000039,0.0,-0.000039,0.0,-0.000052,0.0,0.0,0.008495,-0.000052,-0.0,-0.000039,0.0,-0.000039,0.0,-0.000052,0.0,0.0,0.0,0.0,
0.0,-0.108432,0.615287,0.365932,0.0,0.0,0.0,0.078373,0.439421,-0.204797,0.0,0.0,-1.366495,-0.024205,-0.016736,1.67053,-0.669688,0.0,-1.366495,0.024205,0.016736,1.67053,-0.669688,0.0,-0.144315,0.251709,0.0,-0.271821,0.0,0.0,0.0,-0.144315,-0.251709,0.0,-0.271821,0.0,0.0,0.0,0.0,0.008495,-0.000052,0.0,-0.000039,0.0,-0.000039,0.0,-0.000052,0.0,0.0,0.008495,-0.000052,0.0,-0.000039,0.0,-0.000039,0.0,-0.000052,0.0,0.0,0.0,0.0,
0.0,-0.108354,0.615726,0.365728,0.0,0.0,0.0,0.078363,0.439421,-0.204931,0.0,0.0,-1.365374,-0.024214,-0.016773,1.669159,-0.66923,0.0,-1.365374,0.024214,0.016773,1.669159,-0.66923,0.0,-0.143925,0.251578,0.0,-0.271951,0.0,0.0,0.0,-0.143925,-0.251578,0.0,-0.271951,0.0,0.0,0.0,0.0,0.008495,-0.000052,0.0,-0.000039,0.0,-0.000039,-0.0,-0.000052,0.0,0.0,0.008495,-0.000052,0.0,-0.000039,0.0,-0.000039,-0.0,-0.000052,0.0,0.0,0.0,0.0,
0.0,-0.108275,0.616166,0.365523,0.0,0.0,0.0,0.078354,0.439383,-0.204797,0.0,0.0,-1.364254,-0.024223,-0.01681,1.667787,-0.668773,0.0,-1.364254,0.024223,0.01681,1.667787,-0.668773,0.0,-0.143536,0.251447,0.0,-0.27208,0.0,0.0,0.0,-0.143536,-0.251447,0.0,-0.27208,0.0,0.0,0.0,0.0,0.008495,-0.000052,-0.0,-0.000039,0.0,-0.000039,0.0,-0.000052,0.0,0.0,0.008495,-0.000052,-0.0,-0.000039,0.0,-0.000039,0.0,-0.000052,0.0,0.0,0.0,0.0,
0.0,-0.108197,0.616605,0.365318,0.0,0.0,0.0,0.078373,0.439421,-0.204797,0.0,0.0,-1.363133,-0.024232,-0.016846,1.666415,-0.668316,0.0,-1.363133,0.024232,0.016846,1.666415,-0.668316,0.0,-0.143147,0.251316,0.0,-0.27221,0.0,0.0,0.0,-0.143147,-0.251316,0.0,-0.27221,0.0,0.0,0.0,0.0,0.008495,-0.000052,-0.0,-0.000039,0.0,-0.000039,0.0,-0.000052,0.0,0.0,0.008495,-0.000052,-0.0,-0.000039,0.0,-0.000039,0.0,-0.000052,0.0,0.0,0.0,0.0,
0.0,-0.108119,0.617045,0.365113,0.0,0.0,0.0,0.078363,0.439459,-0.204797,0.0,0.0,-1.362012,-0.024241,-0.016883,1.665044,-0.667858,0.0,-1.362012,0.024241,0.016883,1.665044,-0.667858,0.0,-0.142758,0.251185,0.0,-0.272339,0.0,-0.0,0.0,-0.142758,-0.251185,0.0,-0.272339,0.0,0.0,0.0,0.0,0.008495,-0.000052,0.0,-0.000039,0.0,-0.000039,0.0,-0.000052,0.0,0.0,0.008495,-0.000052,0.0,-0.000039,0.0,-0.000039,0.0,-0.000052,0.0,0.0,0.0,0.0,
0.0,-0.10804,0.617484,0.364908,0.0,0.0,0.0,0.078354,0.439383,-0.204931,0.0,0.0,-1.360891,-0.024251,-0.016919,1.663672,-0.667401,0.0,-1.360891,0.024251,0.016919,1.663672,-0.667401,0.0,-0.142369,0.251054,0.0,-0.272468,0.0,0.0,0.0,-0.142369,-0.251054,0.0,-0.272468,0.0,0.0,0.0,0.0,0.008495,-0.000052,0.0,-0.000039,-0.0,-0.000039,-0.0,-0.000052,0.0,0.0,0.008495,-0.000052,0.0,-0.000039,-0.0,-0.000039,-0.0,-0.000052,0.0,0.0,0.0,0.0,
0.0,-0.107962,0.617923,0.364703,0.0,0.0,0.0,0.078373,0.439421,-0.204797,0.0,0.0,-1.35977,-0.02426,-0.016956,1.6623,-0.666944,0.0,-1.35977,0.02426,0.016956,1.6623,-0.666944,0.0,-0.141979,0.250923,0.0,-0.272598,0.0,-0.0,0.0,-0.141979,-0.250923,-0.0,-0.272598,0.0,0.0,0.0,0.0,0.008495,-0.000052,0.0,-0.000039,0.0,-0.000039,0.0,-0.000052,0.0,0.0,0.008495,-0.000052,0.0,-0.000039,0.0,-0.000039,0.0,-0.000052,0.0,0.0,0.0,0.0,
0.0,-0.107884,0.618363,0.364499,0.0,0.0,0.0,0.078363,0.439421,-0.204797,0.0,0.0,-1.35865,-0.024269,-0.016993,1.660928,-0.666486,0.0,-1.35865,0.024269,0.016993,1.660928,-0.666486,0.0,-0.14159,0.250792,0.0,-0.272727,0.0,0.0,0.0,-0.14159,-0.250792,0.0,-0.272727,0.0,0.0,0.0,0.0,0.008495,-0.000052,0.0,-0.000039,-0.0,-0.000039,0.0,-0.000052,0.0,0.0,0.008495,-0.000052,0.0,-0.000039,-0.0,-0.000039,0.0,-0.000052,0.0,0.0,0.0,0.0,
0.0,-0.107805,0.618802,0.364294,0.0,0.0,0.0,0.078354,0.439383,-0.204797,0.0,0.0,-1.357529,-0.024278,-0.017029,1.659557,-0.666029,0.0,-1.357529,0.024278,0.017029,1.659557,-0.666029,0.0,-0.141201,0.250661,0.0,-0.272857,0.0,0.0,0.0,-0.141201,-0.250661,0.0,-0.272857,0.0,0.0,0.0,0.0,0.008495,-0.000052,0.0,-0.000039,-0.0,-0.000039,0.0,-0.000052,0.0,0.0,0.008495,-0.000052,0.0,-0.000039,-0.0,-0.000039,0.0,-0.000052,0.0,0.0,0.0,0.0,
0.0,-0.107727,0.619242,0.364089,0.0,0.0,0.0,0.078373,0.439421,-0.204931,0.0,0.0,-1.356408,-0.024287,-0.017066,1.658185,-0.665572,0.0,-1.356408,0.024287,0.017066,1.658185,-0.665572,0.0,-0.140812,0.25053,0.0,-0.272986,0.0,0.0,0.0,-0.140812,-0.25053,-0.0,-0.272986,0.0,0.0,0.0,0.0,0.008495,-0.000052,0.0,-0.000039,0.0,-0.000039,0.0,-0.000052,0.0,0.0,0.008495,-0.000052,0.0,-0.000039,0.0,-0.000039,0.0,-0.000052,0.0,0.0,0.0,0.0,
0.0,-0.107649,0.619681,0.363884,0.0,0.0,0.0,0.078363,0.439421,-0.204797,0.0,0.0,-1.355287,-0.024296,-0.017103,1.656813,-0.665114,0.0,-1.355287,0.024296,0.017103,1.656813,-0.665114,0.0,-0.140423,0.250399,0.0,-0.273115,0.0,-0.0,0.0,-0.140423,-0.250399,0.0,-0.273115,0.0,0.0,0.0,0.0,0.008495,-0.000052,0.0,-0.000039,-0.0,-0.000039,0.0,-0.000052,0.0,0.0,0.008495,-0.000052,0.0,-0.000039,-0.0,-0.000039,0.0,-0.000052,0.0,0.0,0.0,0.0,
0.0,-0.10757,0.62012,0.363679,0.0,0.0,0.0,0.078354,0.439383,-0.204797,0.0,0.0,-1.354167,-0.024305,-0.017139,1.655442,-0.664657,0.0,-1.354167,0.024305,0.017139,1.655442,-0.664657,0.0,-0.140034,0.250268,0.0,-0.273245,0.0,0.0,0.0,-0.140034,-0.250268,0.0,-0.273245,0.0,0.0,0.0,0.0,0.008495,-0.000052,0.0,-0.000039,-0.0,-0.000039,0.0,-0.000052,0.0,0.0,0.008495,-0.000052,0.0,-0.000039,-0.0,-0.000039,0.0,-0.000052,0.0,0.0,0.0,0.0,
0.0,-0.107492,0.62056,0.363474,0.0,0.0,0.0,0.078373,0.439421,-0.204797,0.0,0.0,-1.353046,-0.024315,-0.017176,1.65407,-0.664199,0.0,-1.353046,0.024315,0.017176,1.65407,-0.664199,0.0,-0.139644,0.250137,0.0,-0.273374,0.0,0.0,0.0,-0.139644,-0.250137,0.0,-0.273374,0.0,0.0,0.0,0.0,0.008495,-0.000052,0.0,-0.000039,0.0,-0.000039,-0.0,-0.000052,0.0,0.0,0.008495,-0.000052,0.0,-0.000039,0.0,-0.000039,-0.0,-0.000052,0.0,0.0,0.0,0.0,
0.0,-0.107413,0.620999,0.36327,0.0,0.0,0.0,0.078363,0.439459,-0.204931,0.0,0.0,-1.351925,-0.024324,-0.017212,1.652698,-0.663742,0.0,-1.351925,0.024324,0.017212,1.652698,-0.663742,0.0,-0.139255,0.250006,0.0,-0.273503,0.0,0.0,0.0,-0.139255,-0.250006,0.0,-0.273503,0.0,0.0,0.0,0.0,0.008495,-0.000052,0.0,-0.000039,0.0,-0.000039,0.0,-0.000052,0.0,0.0,0.008495,-0.000052,0.0,-0.000039,0.0,-0.000039,0.0,-0.000052,0.0,0.0,0.0,0.0,
0.0,-0.107335,0.621439,0.363065,0.0,0.0,0.0,0.078354,0.439345,-0.204664,0.0,0.0,-1.350805,-0.024333,-0.017249,1.651327,-0.663285,0.0,-1.350805,0.024333,0.017249,1.651327,-0.663285,0.0,-0.138866,0.249875,0.0,-0.273633,0.0,0.0,0.0,-0.138866,-0.249875,0.0,-0.273633,0.0,0.0,0.0,0.0,0.008495,-0.000052,0.0,-0.000039,-0.0,-0.000039,-0.0,-0.000052,-0.0,0.0,0.008495,-0.000052,0.0,-0.000039,-0.0,-0.000039,-0.0,-0.000052,-0.0,0.0,0.0,0.0,
0.0,-0.107257,0.621878,0.36286,0.0,0.0,0.0,0.078373,0.439459,-0.204931,0.0,0.0,-1.349684,-0.024342,-0.017286,1.649955,-0.662827,0.0,-1.349684,0.024342,0.017286,1.649955,-0.662827,0.0,-0.138477,0.249744,0.0,-0.273762,0.0,0.0,0.0,-0.138477,-0.249744,-0.0,-0.273762,0.0,-0.0,0.0,0.0,0.008495,-0.000052,0.0,-0.000039,-0.0,-0.000039,0.0,-0.000052,0.0,0.0,0.008495,-0.000052,0.0,-0.000039,-0.0,-0.000039,0.0,-0.000052,0.0,0.0,0.0,0.0,
0.0,-0.107178,0.622317,0.362655,0.0,0.0,0.0,0.078363,0.439421,-0.204797,0.0,0.0,-1.348563,-0.024351,-0.017322,1.648583,-0.66237,0.0,-1.348563,0.024351,0.017322,1.648583,-0.66237,0.0,-0.138088,0.249613,0.0,-0.273892,0.0,0.0,0.0,-0.138088,-0.249613,0.0,-0.273892,0.0,-0.0,0.0,0.0,0.008495,-0.000052,-0.0,-0.000039,-0.0,-0.000039,0.0,-0.000052,-0.0,0.0,0.008495,-0.000052,-0.0,-0.000039,-0.0,-0.000039,0.0,-0.000052,-0.0,0.0,0.0,0.0,
0.0,-0.1071,0.622757,0.36245,0.0,0.0,0.0,0.078363,0.439421,-0.204797,0.0,0.0,-1.347442,-0.02436,-0.017359,1.647211,-0.661913,0.0,-1.347442,0.02436,0.017359,1.647211,-0.661913,0.0,-0.137698,0.249482,0.0,-0.274021,0.0,0.0,0.0,-0.137698,-0.249482,0.0,-0.274021,0.0,0.0,0.0,0.0,0.008495,-0.000052,-0.0,-0.000039,0.0,-0.000039,-0.0,-0.000052,0.0,0.0,0.008495,-0.000052,-0.0,-0.000039,0.0,-0.000039,-0.0,-0.000052,0.0,0.0,0.0,0.0,
0.0,-0.107022,0.623196,0.362246,0.0,0.0,0.0,0.078363,0.439383,-0.204797,0.0,0.0,-1.346322,-0.02437,-0.017396,1.64584,-0.661455,0.0,-1.346322,0.02437,0.017396,1.64584,-0.661455,0.0,-0.137309,0.249351,0.0,-0.27415,0.0,0.0,0.0,-0.137309,-0.249351,0.0,-0.27415,0.0,0.0,0.0,0.0,0.008495,-0.000052,0.0,-0.000039,-0.0,-0.000039,0.0,-0.000052,0.0,0.0,0.008495,-0.000052,0.0,-0.000039,-0.0,-0.000039,0.0,-0.000052,0.0,0.0,0.0,0.0,
0.0,-0.106943,0.623636,0.362041,0.0,0.0,0.0,0.078363,0.439421,-0.204931,0.0,0.0,-1.345201,-0.024379,-0.017432,1.644468,-0.660998,0.0,-1.345201,0.024379,0.017432,1.644468,-0.660998,0.0,-0.13692,0.24922,0.0,-0.27428,0.0,-0.0,0.0,-0.13692,-0.24922,0.0,-0.27428,0.0,0.0,0.0,0.0,0.008495,-0.000052,-0.0,-0.000039,0.0,-0.000039,0.0,-0.000052,0.0,0.0,0.008495,-0.000052,-0.0,-0.000039,0.0,-0.000039,0.0,-0.000052,0.0,0.0,0.0,0.0,
0.0,-0.106865,0.624075,0.361836,0.0,0.0,0.0,0.078363,0.439459,-0.204797,0.0,0.0,-1.34408,-0.024388,-0.017469,1.643096,-0.660541,0.0,-1.34408,0.024388,0.017469,1.643096,-0.660541,0.0,-0.136531,0.249089,0.0,-0.274409,0.0,0.0,0.0,-0.136531,-0.249089,0.0,-0.274409,0.0,0.0,0.0,0.0,0.008495,-0.000052,0.0,-0.000039,-0.0,-0.000039,0.0,-0.000052,0.0,0.0,0.008495,-0.000052,0.0,-0.000039,-0.0,-0.000039,0.0,-0.000052,0.0,0.0,0.0,0.0,
0.0,-0.106787,0.624514,0.361631,0.0,0.0,0.0,0.078363,0.439345,-0.204797,0.0,0.0,-1.34296,-0.024397,-0.017505,1.641725,-0.660084,0.0,-1.34296,0.024397,0.017505,1.641725,-0.660084,0.0,-0.136142,0.248958,-0.0,-0.274539,0.0,0.0,0.0,-0.136142,-0.248958,0.0,-0.274539,0.0,0.0,0.0,0.0,0.008495,-0.000052,-0.0,-0.000039,0.0,-0.000039,-0.0,-0.000052,0.0,0.0,0.008495,-0.000052,-0.0,-0.000039,0.0,-0.000039,-0.0,-0.000052,0.0,0.0,0.0,0.0,
0.0,-0.106708,0.624954,0.361426,0.0,0.0,0.0,0.078363,0.439459,-0.204797,0.0,0.0,-1.341839,-0.024406,-0.017542,1.640353,-0.659626,0.0,-1.341839,0.024406,0.017542,1.640353,-0.659626,0.0,-0.135752,0.248827,0.0,-0.274668,0.0,0.0,0.0,-0.135752,-0.248827,0.0,-0.274668,0.0,-0.0,0.0,0.0,0.008495,-0.000052,-0.0,-0.000039,0.0,-0.000039,0.0,-0.000052,0.0,0.0,0.008495,-0.000052,-0.0,-0.000039,0.0,-0.000039,0.0,-0.000052,0.0,0.0,0.0,0.0,
0.0,-0.10663,0.625393,0.361221,0.0,0.0,0.0,0.078363,0.439421,-0.204931,0.0,0.0,-1.340718,-0.024415,-0.017579,1.638982,-0.659169,0.0,-1.340718,0.024415,0.017579,1.638982,-0.659169,0.0,-0.135363,0.248695,0.0,-0.274797,0.0,0.0,0.0,-0.135363,-0.248695,0.0,-0.274797,0.0,-0.0,0.0,0.0,0.008495,-0.000052,0.0,-0.000039,0.0,-0.000039,0.0,-0.000052,0.0,0.0,0.008495,-0.000052,0.0,-0.000039,0.0,-0.000039,0.0,-0.000052,0.0,0.0,0.0,0.0,
0.0,-0.106551,0.62583,0.361007,0.0,0.0,0.0,0.079079,0.436446,-0.213852,0.0,0.0,-1.339584,-0.024415,-0.017614,1.637586,-0.65869,0.0,-1.339584,0.024415,0.017614,1.637586,-0.65869,0.0,-0.134976,0.248566,0.0,-0.274927,0.0,0.0,0.0,-0.134976,-0.248566,0.0,-0.274927,0.0,-0.0,0.0,0.0,0.008495,-0.000052,-0.0,-0.000039,-0.0,-0.000039,0.0,-0.000052,0.0,0.0,0.008495,-0.000052,-0.0,-0.000039,-0.0,-0.000039,0.0,-0.000052,0.0,0.0,0.0,0.0,
0.0,-0.106472,0.626266,0.360793,0.0,0.0,0.0,0.079079,0.436446,-0.213985,0.0,0.0,-1.33845,-0.024415,-0.017648,1.636189,-0.65821,0.0,-1.33845,0.024415,0.017648,1.636189,-0.65821,0.0,-0.134589,0.248437,0.0,-0.275056,0.0,0.0,0.0,-0.134589,-0.248437,0.0,-0.275056,0.0,0.0,0.0,0.0,0.008495,-0.000052,0.0,-0.000039,-0.0,-0.000039,0.0,-0.000052,0.0,0.0,0.008495,-0.000052,0.0,-0.000039,-0.0,-0.000039,0.0,-0.000052,0.0,0.0,0.0,0.0,
0.0,-0.106393,0.626703,0.360579,0.0,0.0,0.0,0.079088,0.436484,-0.214119,0.0,0.0,-1.337315,-0.024415,-0.017683,1.634793,-0.657731,0.0,-1.337315,0.024415,0.017683,1.634793,-0.657731,0.0,-0.134202,0.248308,0.0,-0.275186,0.0,-0.0,0.0,-0.134202,-0.248308,0.0,-0.275186,0.0,0.0,0.0,0.0,0.008495,-0.000052,-0.0,-0.000039,-0.0,-0.000039,0.0,-0.000052,0.0,0.0,0.008495,-0.000052,-0.0,-0.000039,-0.0,-0.000039,0.0,-0.000052,0.0,0.0,0.0,0.0,
0.0,-0.106314,0.627139,0.360365,0.0,0.0,0.0,0.079079,0.436446,-0.213985,0.0,0.0,-1.336181,-0.024415,-0.017718,1.633396,-0.657252,0.0,-1.336181,0.024415,0.017718,1.633396,-0.657252,0.0,-0.133814,0.248179,0.0,-0.275315,0.0,0.0,0.0,-0.133814,-0.248179,0.0,-0.275315,0.0,0.0,0.0,0.0,0.008495,-0.000052,-0.0,-0.000039,-0.0,-0.000039,0.0,-0.000052,0.0,0.0,0.008495,-0.000052,-0.0,-0.000039,-0.0,-0.000039,0.0,-0.000052,0.0,0.0,-0.0,0.0,
0.0,-0.106234,0.627576,0.360151,0.0,0.0,0.0,0.079078,0.436484,-0.213985,0.0,0.0,-1.335047,-0.024415,-0.017753,1.632,-0.656772,0.0,-1.335047,0.024415,0.017753,1.632,-0.656772,0.0,-0.133427,0.24805,-0.0,-0.275444,-0.0,0.0,0.0,-0.133427,-0.24805,0.0,-0.275444,0.0,0.0,0.0,0.0,0.008495,-0.000052,0.0,-0.000039,0.0,-0.000039,-0.0,-0.000052,0.0,0.0,0.008495,-0.000052,0.0,-0.000039,0.0,-0.000039,-0.0,-0.000052,0.0,0.0,0.0,0.0,
0.0,-0.106155,0.628012,0.359937,0.0,0.0,0.0,0.079088,0.436484,-0.213985,0.0,0.0,-1.333913,-0.024415,-0.017787,1.630603,-0.656293,0.0,-1.333913,0.024415,0.017787,1.630603,-0.656293,0.0,-0.13304,0.24792,0.0,-0.275574,0.0,0.0,0.0,-0.13304,-0.24792,0.0,-0.275574,0.0,0.0,0.0,0.0,0.008495,-0.000052,0.0,-0.000039,-0.0,-0.000039,0.0,-0.000052,0.0,0.0,0.008495,-0.000052,0.0,-0.000039,-0.0,-0.000039,0.0,-0.000052,0.0,0.0,-0.0,0.0,
0.0,-0.106076,0.628449,0.359723,0.0,0.0,0.0,0.079088,0.436446,-0.213985,0.0,0.0,-1.332778,-0.024415,-0.017822,1.629207,-0.655814,0.0,-1.332778,0.024415,0.017822,1.629207,-0.655814,0.0,-0.132653,0.247791,0.0,-0.275703,0.0,-0.0,0.0,-0.132653,-0.247791,-0.0,-0.275703,0.0,0.0,0.0,0.0,0.008495,-0.000052,0.0,-0.000039,0.0,-0.000039,0.0,-0.000052,0.0,0.0,0.008495,-0.000052,0.0,-0.000039,0.0,-0.000039,0.0,-0.000052,0.0,0.0,0.0,0.0,
0.0,-0.105997,0.628885,0.359509,0.0,0.0,0.0,0.079069,0.436446,-0.213985,0.0,0.0,-1.331644,-0.024415,-0.017857,1.62781,-0.655334,0.0,-1.331644,0.024415,0.017857,1.62781,-0.655334,0.0,-0.132266,0.247662,0.0,-0.275833,0.0,0.0,0.0,-0.132266,-0.247662,0.0,-0.275833,0.0,0.0,0.0,0.0,0.008495,-0.000052,-0.0,-0.000039,-0.0,-0.000039,-0.0,-0.000052,0.0,0.0,0.008495,-0.000052,-0.0,-0.000039,-0.0,-0.000039,-0.0,-0.000052,0.0,0.0,0.0,0.0,
0.0,-0.105918,0.629322,0.359295,0.0,0.0,0.0,0.079088,0.436484,-0.213985,0.0,0.0,-1.33051,-0.024415,-0.017892,1.626414,-0.654855,0.0,-1.33051,0.024415,0.017892,1.626414,-0.654855,0.0,-0.131878,0.247533,0.0,-0.275962,0.0,0.0,0.0,-0.131878,-0.247533,0.0,-0.275962,0.0,0.0,0.0,0.0,0.008495,-0.000052,0.0,-0.000039,-0.0,-0.000039,0.0,-0.000052,0.0,0.0,0.008495,-0.000052,0.0,-0.000039,-0.0,-0.000039,0.0,-0.000052,0.0,0.0,0.0,0.0,
0.0,-0.105839,0.629758,0.359081,0.0,0.0,0.0,0.079088,0.436484,-0.214119,0.0,0.0,-1.329375,-0.024415,-0.017927,1.625017,-0.654376,0.0,-1.329375,0.024415,0.017927,1.625017,-0.654376,0.0,-0.131491,0.247404,0.0,-0.276092,0.0,0.0,0.0,-0.131491,-0.247404,0.0,-0.276092,0.0,-0.0,0.0,0.0,0.008495,-0.000052,0.0,-0.000039,-0.0,-0.000039,0.0,-0.000052,0.0,0.0,0.008495,-0.000052,0.0,-0.000039,-0.0,-0.000039,0.0,-0.000052,0.0,0.0,0.0,0.0,
0.0,-0.10576,0.630194,0.358867,0.0,0.0,0.0,0.079069,0.436407,-0.213985,0.0,0.0,-1.328241,-0.024415,-0.017961,1.623621,-0.653896,0.0,-1.328241,0.024415,0.017961,1.623621,-0.653896,0.0,-0.131104,0.247275,0.0,-0.276221,0.0,-0.0,0.0,-0.131104,-0.247275,0.0,-0.276221,0.0,0.0,0.0,0.0,0.008495,-0.000052,0.0,-0.000039,-0.0,-0.000039,0.0,-0.000052,0.0,0.0,0.008495,-0.000052,0.0,-0.000039,-0.0,-0.000039,0.0,-0.000052,0.0,0.0,0.0,0.0,
0.0,-0.105681,0.630631,0.358653,0.0,0.0,0.0,0.079088,0.436484,-0.213985,0.0,0.0,-1.327107,-0.024415,-0.017996,1.622224,-0.653417,0.0,-1.327107,0.024415,0.017996,1.622224,-0.653417,0.0,-0.130717,0.247146,0.0,-0.27635,0.0,-0.0,0.0,-0.130717,-0.247146,-0.0,-0.27635,0.0,0.0,0.0,0.0,0.008495,-0.000052,0.0,-0.000039,0.0,-0.000039,0.0,-0.000052,0.0,0.0,0.008495,-0.000052,0.0,-0.000039,0.0,-0.000039,0.0,-0.000052,0.0,0.0,0.0,0.0,
0.0,-0.105602,0.631067,0.358439,0.0,0.0,0.0,0.079088,0.436484,-0.213985,0.0,0.0,-1.325972,-0.024415,-0.018031,1.620828,-0.652938,0.0,-1.325972,0.024415,0.018031,1.620828,-0.652938,0.0,-0.13033,0.247016,0.0,-0.27648,0.0,0.0,0.0,-0.13033,-0.247016,0.0,-0.27648,0.0,-0.0,0.0,0.0,0.008495,-0.000052,-0.0,-0.000039,-0.0,-0.000039,0.0,-0.000052,0.0,0.0,0.008495,-0.000052,-0.0,-0.000039,-0.0,-0.000039,0.0,-0.000052,0.0,0.0,0.0,0.0,
0.0,-0.105523,0.631504,0.358225,0.0,0.0,0.0,0.079069,0.436407,-0.213985,0.0,0.0,-1.324838,-0.024415,-0.018066,1.619431,-0.652458,0.0,-1.324838,0.024415,0.018066,1.619431,-0.652458,0.0,-0.129943,0.246887,0.0,-0.276609,0.0,-0.0,0.0,-0.129943,-0.246887,0.0,-0.276609,0.0,0.0,0.0,0.0,0.008495,-0.000052,-0.0,-0.000039,0.0,-0.000039,0.0,-0.000052,-0.0,0.0,0.008495,-0.000052,-0.0,-0.000039,0.0,-0.000039,0.0,-0.000052,-0.0,0.0,0.0,0.0,
0.0,-0.105444,0.63194,0.358011,0.0,0.0,0.0,0.079088,0.436484,-0.213985,0.0,0.0,-1.323704,-0.024415,-0.018101,1.618034,-0.651979,0.0,-1.323704,0.024415,0.018101,1.618034,-0.651979,0.0,-0.129555,0.246758,0.0,-0.276739,0.0,0.0,0.0,-0.129555,-0.246758,0.0,-0.276739,0.0,0.0,0.0,0.0,0.008495,-0.000052,-0.0,-0.000039,0.0,-0.000039,-0.0,-0.000052,0.0,0.0,0.008495,-0.000052,-0.0,-0.000039,0.0,-0.000039,-0.0,-0.000052,0.0,0.0,0.0,0.0,
0.0,-0.105365,0.632377,0.357797,0.0,0.0,0.0,0.079088,0.436484,-0.213985,0.0,0.0,-1.322569,-0.024415,-0.018135,1.616638,-0.6515,0.0,-1.322569,0.024415,0.018135,1.616638,-0.6515,0.0,-0.129168,0.246629,0.0,-0.276868,0.0,0.0,0.0,-0.129168,-0.246629,-0.0,-0.276868,0.0,-0.0,0.0,0.0,0.008495,-0.000052,0.0,-0.000039,0.0,-0.000039,0.0,-0.000052,0.0,0.0,0.008495,-0.000052,0.0,-0.000039,0.0,-0.000039,0.0,-0.000052,0.0,0.0,0.0,0.0,
0.0,-0.105285,0.632813,0.357583,0.0,0.0,0.0,0.079069,0.436407,-0.213985,0.0,0.0,-1.321435,-0.024415,-0.01817,1.615241,-0.65102,0.0,-1.321435,0.024415,0.01817,1.615241,-0.65102,0.0,-0.128781,0.2465,0.0,-0.276998,0.0,-0.0,0.0,-0.128781,-0.2465,0.0,-0.276998,0.0,0.0,0.0,0.0,0.008495,-0.000052,0.0,-0.000039,0.0,-0.000039,-0.0,-0.000052,0.0,0.0,0.008495,-0.000052,0.0,-0.000039,0.0,-0.000039,-0.0,-0.000052,0.0,0.0,0.0,0.0,
0.0,-0.105206,0.63325,0.357369,0.0,0.0,0.0,0.079088,0.436484,-0.213985,0.0,0.0,-1.3203,-0.024415,-0.018205,1.613845,-0.650541,0.0,-1.3203,0.024415,0.018205,1.613845,-0.650541,0.0,-0.128394,0.24637,0.0,-0.277127,0.0,0.0,0.0,-0.128394,-0.24637,0.0,-0.277127,0.0,0.0,0.0,0.0,0.008495,-0.000052,-0.0,-0.000039,0.0,-0.000039,-0.0,-0.000052,0.0,0.0,0.008495,-0.000052,-0.0,-0.000039,0.0,-0.000039,-0.0,-0.000052,0.0,0.0,0.0,0.0,
0.0,-0.105127,0.633686,0.357155,0.0,0.0,0.0,0.079088,0.436484,-0.214119,0.0,0.0,-1.319166,-0.024415,-0.01824,1.612448,-0.650062,0.0,-1.319166,0.024415,0.01824,1.612448,-0.650062,0.0,-0.128007,0.246241,0.0,-0.277256,0.0,0.0,0.0,-0.128007,-0.246241,0.0,-0.277256,0.0,-0.0,0.0,0.0,0.008495,-0.000052,0.0,-0.000039,-0.0,-0.000039,0.0,-0.000052,-0.0,0.0,0.008495,-0.000052,0.0,-0.000039,-0.0,-0.000039,0.0,-0.000052,-0.0,0.0,0.0,0.0,
0.0,-0.105048,0.634123,0.356941,0.0,0.0,0.0,0.079069,0.436446,-0.213985,0.0,0.0,-1.318032,-0.024415,-0.018275,1.611052,-0.649582,0.0,-1.318032,0.024415,0.018275,1.611052,-0.649582,0.0,-0.127619,0.246112,0.0,-0.277386,0.0,-0.0,0.0,-0.127619,-0.246112,0.0,-0.277386,0.0,0.0,0.0,0.0,0.008495,-0.000052,0.0,-0.000039,-0.0,-0.000039,-0.0,-0.000052,0.0,0.0,0.008495,-0.000052,0.0,-0.000039,-0.0,-0.000039,-0.0,-0.000052,0.0,0.0,0.0,0.0,
0.0,-0.104969,0.634559,0.356727,0.0,0.0,0.0,0.079088,0.436446,-0.213985,0.0,0.0,-1.316897,-0.024415,-0.018309,1.609655,-0.649103,0.0,-1.316897,0.024415,0.018309,1.609655,-0.649103,0.0,-0.127232,0.245983,0.0,-0.277515,0.0,0.0,0.0,-0.127232,-0.245983,0.0,-0.277515,-0.0,0.0,0.0,0.0,0.008495,-0.000052,-0.0,-0.000039,-0.0,-0.000039,0.0,-0.000052,0.0,0.0,0.008495,-0.000052,-0.0,-0.000039,-0.0,-0.000039,0.0,-0.000052,0.0,0.0,0.0,0.0,
0.0,-0.10489,0.634995,0.356513,0.0,0.0,0.0,0.079088,0.436484,-0.213985,0.0,0.0,-1.315763,-0.024415,-0.018344,1.608258,-0.648624,0.0,-1.315763,0.024415,0.018344,1.608258,-0.648624,0.0,-0.126845,0.245854,0.0,-0.277645,0.0,-0.0,0.0,-0.126845,-0.245854,0.0,-0.277645,0.0,0.0,0.0,0.0,0.008495,-0.000052,0.0,-0.000039,0.0,-0.000039,0.0,-0.000052,0.0,0.0,0.008495,-0.000052,0.0,-0.000039,0.0,-0.000039,0.0,-0.000052,0.0,0.0,0.0,0.0,
0.0,-0.104811,0.635432,0.356299,0.0,0.0,0.0,0.079069,0.436446,-0.213985,0.0,0.0,-1.314629,-0.024415,-0.018379,1.606862,-0.648145,0.0,-1.314629,0.024415,0.018379,1.606862,-0.648145,0.0,-0.126458,0.245725,-0.0,-0.277774,0.0,0.0,0.0,-0.126458,-0.245725,0.0,-0.277774,0.0,0.0,0.0,0.0,0.008495,-0.000052,-0.0,-0.000039,-0.0,-0.000039,0.0,-0.000052,0.0,0.0,0.008495,-0.000052,-0.0,-0.000039,-0.0,-0.000039,0.0,-0.000052,0.0,0.0,0.0,0.0,
0.0,-0.104732,0.635868,0.356085,0.0,0.0,0.0,0.079088,0.436484,-0.213985,0.0,0.0,-1.313494,-0.024415,-0.018414,1.605465,-0.647665,0.0,-1.313494,0.024415,0.018414,1.605465,-0.647665,0.0,-0.126071,0.245596,0.0,-0.277903,0.0,-0.0,0.0,-0.126071,-0.245596,0.0,-0.277903,0.0,0.0,0.0,0.0,0.008495,-0.000052,-0.0,-0.000039,-0.0,-0.000039,0.0,-0.000052,-0.0,0.0,0.008495,-0.000052,-0.0,-0.000039,-0.0,-0.000039,0.0,-0.000052,-0.0,0.0,0.0,0.0,
0.0,-0.104653,0.636305,0.355871,0.0,0.0,0.0,0.079088,0.436484,-0.213985,0.0,0.0,-1.31236,-0.024415,-0.018449,1.604069,-0.647186,0.0,-1.31236,0.024415,0.018449,1.604069,-0.647186,0.0,-0.125683,0.245466,-0.0,-0.278033,0.0,0.0,0.0,-0.125683,-0.245466,0.0,-0.278033,0.0,0.0,0.0,0.0,0.008495,-0.000052,0.0,-0.000039,-0.0,-0.000039,0.0,-0.000052,0.0,0.0,0.008495,-0.000052,0.0,-0.000039,-0.0,-0.000039,0.0,-0.000052,0.0,0.0,0.0,0.0,
0.0,-0.104574,0.636741,0.355657,0.0,0.0,0.0,0.079079,0.436446,-0.214119,0.0,0.0,-1.311226,-0.024415,-0.018483,1.602672,-0.646706,0.0,-1.311226,0.024415,0.018483,1.602672,-0.646706,0.0,-0.125296,0.245337,0.0,-0.278162,0.0,-0.0,0.0,-0.125296,-0.245337,0.0,-0.278162,0.0,0.0,0.0,0.0,0.008495,-0.000052,0.0,-0.000039,0.0,-0.000039,0.0,-0.000052,0.0,0.0,0.008495,-0.000052,0.0,-0.000039,0.0,-0.000039,0.0,-0.000052,0.0,0.0,0.0,0.0,
0.0,-0.104495,0.637178,0.355443,0.0,0.0,0.0,0.079079,0.436446,-0.213985,0.0,0.0,-1.310091,-0.024415,-0.018518,1.601276,-0.646227,0.0,-1.310091,0.024415,0.018518,1.601276,-0.646227,0.0,-0.124909,0.245208,0.0,-0.278292,0.0,-0.0,0.0,-0.124909,-0.245208,0.0,-0.278292,0.0,0.0,0.0,0.0,0.008495,-0.000052,-0.0,-0.000039,-0.0,-0.000039,-0.0,-0.000052,0.0,0.0,0.008495,-0.000052,-0.0,-0.000039,-0.0,-0.000039,-0.0,-0.000052,0.0,0.0,0.0,0.0,
0.0,-0.104416,0.637614,0.355229,0.0,0.0,0.0,0.079088,0.436484,-0.213985,0.0,0.0,-1.308957,-0.024415,-0.018553,1.599879,-0.645748,0.0,-1.308957,0.024415,0.018553,1.599879,-0.645748,0.0,-0.124522,0.245079,0.0,-0.278421,0.0,0.0,0.0,-0.124522,-0.245079,0.0,-0.278421,0.0,0.0,0.0,0.0,0.008495,-0.000052,0.0,-0.000039,0.0,-0.000039,0.0,-0.000052,0.0,0.0,0.008495,-0.000052,0.0,-0.000039,0.0,-0.000039,0.0,-0.000052,0.0,0.0,0.0,0.0,
0.0,-0.104336,0.638051,0.355015,0.0,0.0,0.0,0.079078,0.436484,-0.213985,0.0,0.0,-1.307823,-0.024415,-0.018588,1.598483,-0.645269,0.0,-1.307823,0.024415,0.018588,1.598483,-0.645269,0.0,-0.124135,0.24495,0.0,-0.278551,0.0,-0.0,0.0,-0.124135,-0.24495,0.0,-0.278551,0.0,0.0,0.0,0.0,0.008495,-0.000052,0.0,-0.000039,-0.0,-0.000039,0.0,-0.000052,0.0,0.0,0.008495,-0.000052,0.0,-0.000039,-0.0,-0.000039,0.0,-0.000052,0.0,0.0,0.0,0.0,
0.0,-0.104257,0.638487,0.354801,0.0,0.0,0.0,0.079079,0.436407,-0.213985,0.0,0.0,-1.306689,-0.024415,-0.018623,1.597087,-0.644789,0.0,-1.306689,0.024415,0.018623,1.597087,-0.644789,0.0,-0.123748,0.244821,0.0,-0.27868,0.0,0.0,0.0,-0.123748,-0.244821,0.0,-0.27868,0.0,-0.0,0.0,0.0,0.008495,-0.000052,0.0,-0.000039,0.0,-0.000039,0.0,-0.000052,0.0,0.0,0.008495,-0.000052,0.0,-0.000039,0.0,-0.000039,0.0,-0.000052,0.0,0.0,0.0,0.0,
0.0,-0.104178,0.638924,0.354587,0.0,0.0,0.0,0.079088,0.436484,-0.213985,0.0,0.0,-1.305554,-0.024415,-0.018657,1.59569,-0.64431,0.0,-1.305554,0.024415,0.018657,1.59569,-0.64431,0.0,-0.12336,0.244691,0.0,-0.278809,0.0,0.0,0.0,-0.12336,-0.244691,0.0,-0.278809,0.0,0.0,0.0,0.0,0.008495,-0.000052,0.0,-0.000039,-0.0,-0.000039,0.0,-0.000052,0.0,0.0,0.008495,-0.000052,0.0,-0.000039,-0.0,-0.000039,0.0,-0.000052,0.0,0.0,0.0,0.0,
0.0,-0.104099,0.63936,0.354373,0.0,0.0,0.0,0.079078,0.436484,-0.213985,0.0,0.0,-1.30442,-0.024415,-0.018692,1.594294,-0.643831,0.0,-1.30442,0.024415,0.018692,1.594294,-0.643831,0.0,-0.122973,0.244562,0.0,-0.278939,0.0,0.0,0.0,-0.122973,-0.244562,-0.0,-0.278939,0.0,-0.0,0.0,0.0,0.008495,-0.000052,-0.0,-0.000039,-0.0,-0.000039,0.0,-0.000052,-0.0,0.0,0.008495,-0.000052,-0.0,-0.000039,-0.0,-0.000039,0.0,-0.000052,-0.0,0.0,0.0,0.0,
0.0,-0.10402,0.639796,0.354159,0.0,0.0,0.0,0.079079,0.436407,-0.213985,0.0,0.0,-1.303286,-0.024415,-0.018727,1.592897,-0.643351,0.0,-1.303286,0.024415,0.018727,1.592897,-0.643351,0.0,-0.122586,0.244433,0.0,-0.279068,0.0,-0.0,0.0,-0.122586,-0.244433,0.0,-0.279068,0.0,0.0,0.0,0.0,0.008495,-0.000052,0.0,-0.000039,0.0,-0.000039,0.0,-0.000052,0.0,0.0,0.008495,-0.000052,0.0,-0.000039,0.0,-0.000039,0.0,-0.000052,0.0,0.0,0.0,0.0,
0.0,-0.103941,0.64023,0.353938,0.0,0.0,0.0,0.079498,0.433852,-0.221309,0.0,0.0,-1.302146,-0.024415,-0.018759,1.591487,-0.642858,0.0,-1.302146,0.024415,0.018759,1.591487,-0.642858,0.0,-0.122201,0.244305,0.0,-0.279196,0.0,0.0,0.0,-0.122201,-0.244305,0.0,-0.279196,0.0,0.0,0.0,0.0,0.008495,-0.000052,-0.0,-0.000039,0.0,-0.000039,0.0,-0.000052,0.0,0.0,0.008495,-0.000052,-0.0,-0.000039,0.0,-0.000039,0.0,-0.000052,0.0,0.0,0.0,0.0,
0.0,-0.103861,0.640663,0.353713,0.0,0.0,0.0,0.079699,0.432593,-0.225037,0.0,0.0,-1.301002,-0.024415,-0.01879,1.590069,-0.642356,0.0,-1.301002,0.024415,0.01879,1.590069,-0.642356,0.0,-0.121818,0.244178,0.0,-0.279324,0.0,0.0,0.0,-0.121818,-0.244178,0.0,-0.279324,0.0,0.0,0.0,0.0,0.008495,-0.000052,-0.0,-0.000039,0.0,-0.000039,-0.0,-0.000052,0.0,0.0,0.008495,-0.000052,-0.0,-0.000039,0.0,-0.000039,-0.0,-0.000052,0.0,0.0,0.0,0.0,
0.0,-0.103781,0.641095,0.353488,0.0,0.0,0.0,0.079699,0.43244,-0.225037,0.0,0.0,-1.299859,-0.024415,-0.018822,1.588651,-0.641855,0.0,-1.299859,0.024415,0.018822,1.588651,-0.641855,0.0,-0.121435,0.244051,0.0,-0.279452,0.0,0.0,0.0,-0.121435,-0.244051,0.0,-0.279452,0.0,-0.0,0.0,0.0,0.008495,-0.000052,0.0,-0.000039,-0.0,-0.000039,0.0,-0.000052,0.0,0.0,0.008495,-0.000052,0.0,-0.000039,-0.0,-0.000039,0.0,-0.000052,0.0,0.0,0.0,0.0,
0.0,-0.103702,0.641528,0.353263,0.0,0.0,0.0,0.079699,0.432593,-0.225037,0.0,0.0,-1.298716,-0.024415,-0.018853,1.587234,-0.641354,0.0,-1.298716,0.024415,0.018853,1.587234,-0.641354,0.0,-0.121051,0.243923,0.0,-0.279579,0.0,0.0,0.0,-0.121051,-0.243923,0.0,-0.279579,0.0,0.0,0.0,0.0,0.008495,-0.000052,-0.0,-0.000039,-0.0,-0.000039,0.0,-0.000052,0.0,0.0,0.008495,-0.000052,-0.0,-0.000039,-0.0,-0.000039,0.0,-0.000052,0.0,0.0,0.0,0.0,
0.0,-0.103622,0.641961,0.353038,0.0,0.0,0.0,0.079708,0.432516,-0.225037,0.0,0.0,-1.297573,-0.024415,-0.018884,1.585816,-0.640853,0.0,-1.297573,0.024415,0.018884,1.585816,-0.640853,0.0,-0.120668,0.243796,0.0,-0.279707,0.0,0.0,0.0,-0.120668,-0.243796,-0.0,-0.279707,0.0,0.0,0.0,0.0,0.008495,-0.000052,-0.0,-0.000039,0.0,-0.000039,0.0,-0.000052,0.0,0.0,0.008495,-0.000052,-0.0,-0.000039,0.0,-0.000039,0.0,-0.000052,0.0,0.0,0.0,0.0,
0.0,-0.103542,0.642393,0.352813,0.0,0.0,0.0,0.079699,0.432593,-0.225037,0.0,0.0,-1.29643,-0.024415,-0.018915,1.584398,-0.640352,0.0,-1.29643,0.024415,0.018915,1.584398,-0.640352,0.0,-0.120285,0.243669,0.0,-0.279835,0.0,0.0,0.0,-0.120285,-0.243669,0.0,-0.279835,0.0,0.0,0.0,0.0,0.008495,-0.000052,-0.0,-0.000039,0.0,-0.000039,0.0,-0.000052,0.0,0.0,0.008495,-0.000052,-0.0,-0.000039,0.0,-0.000039,0.0,-0.000052,0.0,0.0,0.0,0.0,
0.0,-0.103462,0.642826,0.352588,0.0,0.0,0.0,0.079699,0.43244,-0.225037,0.0,0.0,-1.295287,-0.024415,-0.018946,1.58298,-0.639851,0.0,-1.295287,0.024415,0.018946,1.58298,-0.639851,0.0,-0.119901,0.243541,0.0,-0.279962,0.0,-0.0,0.0,-0.119901,-0.243541,0.0,-0.279962,0.0,0.0,0.0,0.0,0.008495,-0.000052,0.0,-0.000039,-0.0,-0.000039,-0.0,-0.000052,0.0,0.0,0.008495,-0.000052,0.0,-0.000039,-0.0,-0.000039,-0.0,-0.000052,0.0,0.0,0.0,0.0,
0.0,-0.103383,0.643258,0.352363,0.0,0.0,0.0,0.079699,0.432593,-0.225037,0.0,0.0,-1.294144,-0.024415,-0.018977,1.581563,-0.63935,0.0,-1.294144,0.024415,0.018977,1.581563,-0.63935,0.0,-0.119518,0.243414,0.0,-0.28009,0.0,0.0,0.0,-0.119518,-0.243414,0.0,-0.28009,0.0,0.0,0.0,0.0,0.008495,-0.000052,0.0,-0.000039,-0.0,-0.000039,0.0,-0.000052,0.0,0.0,0.008495,-0.000052,0.0,-0.000039,-0.0,-0.000039,0.0,-0.000052,0.0,0.0,0.0,0.0,
0.0,-0.103303,0.643691,0.352138,0.0,0.0,0.0,0.079708,0.432516,-0.224904,0.0,0.0,-1.293,-0.024415,-0.019008,1.580145,-0.638848,0.0,-1.293,0.024415,0.019008,1.580145,-0.638848,0.0,-0.119134,0.243287,0.0,-0.280217,0.0,0.0,0.0,-0.119134,-0.243287,0.0,-0.280217,0.0,0.0,0.0,0.0,0.008495,-0.000052,0.0,-0.000039,-0.0,-0.000039,0.0,-0.000052,0.0,0.0,0.008495,-0.000052,0.0,-0.000039,-0.0,-0.000039,0.0,-0.000052,0.0,0.0,0.0,0.0,
0.0,-0.103223,0.644123,0.351913,0.0,0.0,0.0,0.079689,0.432516,-0.225037,0.0,0.0,-1.291857,-0.024415,-0.019039,1.578727,-0.638347,0.0,-1.291857,0.024415,0.019039,1.578727,-0.638347,0.0,-0.118751,0.24316,0.0,-0.280345,0.0,0.0,0.0,-0.118751,-0.24316,0.0,-0.280345,0.0,0.0,0.0,0.0,0.008495,-0.000052,-0.0,-0.000039,0.0,-0.000039,-0.0,-0.000052,0.0,0.0,0.008495,-0.000052,-0.0,-0.000039,0.0,-0.000039,-0.0,-0.000052,0.0,0.0,0.0,0.0,
0.0,-0.103144,0.644556,0.351688,0.0,0.0,0.0,0.079699,0.432516,-0.225037,0.0,0.0,-1.290714,-0.024415,-0.019071,1.577309,-0.637846,0.0,-1.290714,0.024415,0.019071,1.577309,-0.637846,0.0,-0.118368,0.243032,0.0,-0.280473,0.0,0.0,0.0,-0.118368,-0.243032,0.0,-0.280473,0.0,0.0,0.0,0.0,0.008495,-0.000052,0.0,-0.000039,0.0,-0.000039,0.0,-0.000052,0.0,0.0,0.008495,-0.000052,0.0,-0.000039,0.0,-0.000039,0.0,-0.000052,0.0,0.0,0.0,0.0,
0.0,-0.103064,0.644988,0.351463,0.0,0.0,0.0,0.079708,0.432516,-0.225037,0.0,0.0,-1.289571,-0.024415,-0.019102,1.575891,-0.637345,0.0,-1.289571,0.024415,0.019102,1.575891,-0.637345,0.0,-0.117984,0.242905,0.0,-0.2806,0.0,0.0,0.0,-0.117984,-0.242905,0.0,-0.2806,0.0,0.0,0.0,0.0,0.008495,-0.000052,-0.0,-0.000039,0.0,-0.000039,-0.0,-0.000052,0.0,0.0,0.008495,-0.000052,-0.0,-0.000039,0.0,-0.000039,-0.0,-0.000052,0.0,0.0,0.0,0.0,
0.0,-0.102984,0.645421,0.351238,0.0,0.0,0.0,0.079689,0.432516,-0.225037,0.0,0.0,-1.288428,-0.024415,-0.019133,1.574474,-0.636844,0.0,-1.288428,0.024415,0.019133,1.574474,-0.636844,0.0,-0.117601,0.242778,0.0,-0.280728,0.0,0.0,0.0,-0.117601,-0.242778,0.0,-0.280728,0.0,-0.0,0.0,0.0,0.008495,-0.000052,0.0,-0.000039,-0.0,-0.000039,-0.0,-0.000052,0.0,0.0,0.008495,-0.000052,0.0,-0.000039,-0.0,-0.000039,-0.0,-0.000052,0.0,0.0,0.0,0.0,
0.0,-0.102905,0.645853,0.351013,0.0,0.0,0.0,0.079708,0.432516,-0.225037,0.0,0.0,-1.287285,-0.024415,-0.019164,1.573056,-0.636343,0.0,-1.287285,0.024415,0.019164,1.573056,-0.636343,0.0,-0.117218,0.24265,0.0,-0.280855,0.0,0.0,0.0,-0.117218,-0.24265,-0.0,-0.280855,0.0,-0.0,0.0,0.0,0.008495,-0.000052,-0.0,-0.000039,-0.0,-0.000039,-0.0,-0.000052,0.0,0.0,0.008495,-0.000052,-0.0,-0.000039,-0.0,-0.000039,-0.0,-0.000052,0.0,0.0,0.0,0.0,
0.0,-0.102825,0.646286,0.350788,0.0,0.0,0.0,0.079699,0.432593,-0.225037,0.0,0.0,-1.286141,-0.024415,-0.019195,1.571638,-0.635841,0.0,-1.286141,0.024415,0.019195,1.571638,-0.635841,0.0,-0.116834,0.242523,0.0,-0.280983,0.0,0.0,0.0,-0.116834,-0.242523,0.0,-0.280983,0.0,0.0,0.0,0.0,0.008495,-0.000052,-0.0,-0.000039,0.0,-0.000039,0.0,-0.000052,0.0,0.0,0.008495,-0.000052,-0.0,-0.000039,0.0,-0.000039,0.0,-0.000052,0.0,0.0,0.0,0.0,
0.0,-0.102745,0.646718,0.350563,0.0,0.0,0.0,0.079699,0.43244,-0.224904,0.0,0.0,-1.284998,-0.024415,-0.019226,1.57022,-0.63534,0.0,-1.284998,0.024415,0.019226,1.57022,-0.63534,0.0,-0.116451,0.242396,-0.0,-0.281111,-0.0,0.0,0.0,-0.116451,-0.242396,0.0,-0.281111,0.0,0.0,0.0,0.0,0.008495,-0.000052,-0.0,-0.000039,0.0,-0.000039,-0.0,-0.000052,0.0,0.0,0.008495,-0.000052,-0.0,-0.000039,0.0,-0.000039,-0.0,-0.000052,0.0,0.0,-0.0,0.0,
0.0,-0.102665,0.647151,0.350338,0.0,0.0,0.0,0.079699,0.432593,-0.225037,0.0,0.0,-1.283855,-0.024415,-0.019257,1.568802,-0.634839,0.0,-1.283855,0.024415,0.019257,1.568802,-0.634839,0.0,-0.116068,0.242269,0.0,-0.281238,0.0,0.0,0.0,-0.116068,-0.242269,0.0,-0.281238,0.0,-0.0,0.0,0.0,0.008495,-0.000052,0.0,-0.000039,-0.0,-0.000039,-0.0,-0.000052,0.0,0.0,0.008495,-0.000052,0.0,-0.000039,-0.0,-0.000039,-0.0,-0.000052,0.0,0.0,-0.0,0.0,
0.0,-0.102586,0.647583,0.350113,0.0,0.0,0.0,0.079708,0.432516,-0.225037,0.0,0.0,-1.282712,-0.024415,-0.019289,1.567384,-0.634338,0.0,-1.282712,0.024415,0.019289,1.567384,-0.634338,0.0,-0.115684,0.242141,0.0,-0.281366,0.0,0.0,0.0,-0.115684,-0.242141,0.0,-0.281366,0.0,0.0,0.0,0.0,0.008495,-0.000052,-0.0,-0.000039,-0.0,-0.000039,-0.0,-0.000052,0.0,0.0,0.008495,-0.000052,-0.0,-0.000039,-0.0,-0.000039,-0.0,-0.000052,0.0,0.0,0.0,0.0,
0.0,-0.102506,0.648016,0.349888,0.0,0.0,0.0,0.079689,0.432516,-0.225037,0.0,0.0,-1.281569,-0.024415,-0.01932,1.565967,-0.633837,0.0,-1.281569,0.024415,0.01932,1.565967,-0.633837,0.0,-0.115301,0.242014,0.0,-0.281493,0.0,0.0,0.0,-0.115301,-0.242014,0.0,-0.281493,0.0,-0.0,0.0,0.0,0.008495,-0.000052,0.0,-0.000039,0.0,-0.000039,0.0,-0.000052,0.0,0.0,0.008495,-0.000052,0.0,-0.000039,0.0,-0.000039,0.0,-0.000052,0.0,0.0,0.0,0.0,
0.0,-0.102426,0.648448,0.349663,0.0,0.0,0.0,0.079708,0.432516,-0.225037,0.0,0.0,-1.280425,-0.024415,-0.019351,1.564549,-0.633336,0.0,-1.280425,0.024415,0.019351,1.564549,-0.633336,0.0,-0.114917,0.241887,0.0,-0.281621,0.0,0.0,0.0,-0.114917,-0.241887,0.0,-0.281621,0.0,0.0,0.0,0.0,0.008495,-0.000052,0.0,-0.000039,-0.0,-0.000039,-0.0,-0.000052,0.0,0.0,0.008495,-0.000052,0.0,-0.000039,-0.0,-0.000039,-0.0,-0.000052,0.0,0.0,0.0,0.0,
0.0,-0.102347,0.648881,0.349438,0.0,0.0,0.0,0.079699,0.432593,-0.225037,0.0,0.0,-1.279282,-0.024415,-0.019382,1.563131,-0.632835,0.0,-1.279282,0.024415,0.019382,1.563131,-0.632835,0.0,-0.114534,0.241759,0.0,-0.281749,0.0,0.0,0.0,-0.114534,-0.241759,0.0,-0.281749,0.0,-0.0,0.0,0.0,0.008495,-0.000052,0.0,-0.000039,0.0,-0.000039,0.0,-0.000052,-0.0,0.0,0.008495,-0.000052,0.0,-0.000039,0.0,-0.000039,0.0,-0.000052,-0.0,0.0,0.0,0.0,
0.0,-0.102267,0.649313,0.349213,0.0,0.0,0.0,0.079699,0.43244,-0.225037,0.0,0.0,-1.278139,-0.024415,-0.019413,1.561713,-0.632334,0.0,-1.278139,0.024415,0.019413,1.561713,-0.632334,0.0,-0.114151,0.241632,0.0,-0.281876,0.0,0.0,0.0,-0.114151,-0.241632,0.0,-0.281876,0.0,-0.0,0.0,0.0,0.008495,-0.000052,0.0,-0.000039,0.0,-0.000039,0.0,-0.000052,0.0,0.0,0.008495,-0.000052,0.0,-0.000039,0.0,-0.000039,0.0,-0.000052,0.0,0.0,0.0,0.0,
0.0,-0.102187,0.649746,0.348988,0.0,0.0,0.0,0.079699,0.432593,-0.225037,0.0,0.0,-1.276996,-0.024415,-0.019444,1.560295,-0.631832,0.0,-1.276996,0.024415,0.019444,1.560295,-0.631832,0.0,-0.113767,0.241505,0.0,-0.282004,0.0,0.0,0.0,-0.113767,-0.241505,0.0,-0.282004,0.0,-0.0,0.0,0.0,0.008495,-0.000052,-0.0,-0.000039,0.0,-0.000039,0.0,-0.000052,0.0,0.0,0.008495,-0.000052,-0.0,-0.000039,0.0,-0.000039,0.0,-0.000052,0.0,0.0,0.0,0.0,
0.0,-0.102108,0.650178,0.348763,0.0,0.0,0.0,0.079708,0.432516,-0.225037,0.0,0.0,-1.275853,-0.024415,-0.019475,1.558877,-0.631331,0.0,-1.275853,0.024415,0.019475,1.558877,-0.631331,0.0,-0.113384,0.241378,0.0,-0.282132,0.0,-0.0,0.0,-0.113384,-0.241378,-0.0,-0.282132,0.0,0.0,0.0,0.0,0.008495,-0.000052,0.0,-0.000039,-0.0,-0.000039,0.0,-0.000052,0.0,0.0,0.008495,-0.000052,0.0,-0.000039,-0.0,-0.000039,0.0,-0.000052,0.0,0.0,0.0,0.0,
0.0,-0.102028,0.650611,0.348537,0.0,0.0,0.0,0.079699,0.432516,-0.225037,0.0,0.0,-1.274709,-0.024415,-0.019506,1.557459,-0.63083,0.0,-1.274709,0.024415,0.019506,1.557459,-0.63083,0.0,-0.113001,0.24125,0.0,-0.282259,0.0,0.0,0.0,-0.113001,-0.24125,0.0,-0.282259,0.0,0.0,0.0,0.0,0.008495,-0.000052,-0.0,-0.000039,0.0,-0.000039,-0.0,-0.000052,0.0,0.0,0.008495,-0.000052,-0.0,-0.000039,0.0,-0.000039,-0.0,-0.000052,0.0,0.0,0.0,0.0,
0.0,-0.101948,0.651044,0.348313,0.0,0.0,0.0,0.079699,0.432516,-0.224904,0.0,0.0,-1.273566,-0.024415,-0.019538,1.556042,-0.630329,-0.0,-1.273566,0.024415,0.019538,1.556042,-0.630329,0.0,-0.112617,0.241123,0.0,-0.282387,0.0,-0.0,0.0,-0.112617,-0.241123,0.0,-0.282387,0.0,0.0,0.0,0.0,0.008495,-0.000052,0.0,-0.000039,0.0,-0.000039,0.0,-0.000052,-0.0,0.0,0.008495,-0.000052,0.0,-0.000039,0.0,-0.000039,0.0,-0.000052,-0.0,0.0,0.0,0.0,
0.0,-0.101868,0.651476,0.348088,0.0,0.0,0.0,0.079699,0.432516,-0.225037,0.0,0.0,-1.272423,-0.024415,-0.019569,1.554624,-0.629828,0.0,-1.272423,0.024415,0.019569,1.554624,-0.629828,0.0,-0.112234,0.240996,0.0,-0.282514,0.0,0.0,0.0,-0.112234,-0.240996,0.0,-0.282514,0.0,0.0,0.0,0.0,0.008495,-0.000052,0.0,-0.000039,0.0,-0.000039,-0.0,-0.000052,0.0,0.0,0.008495,-0.000052,0.0,-0.000039,0.0,-0.000039,-0.0,-0.000052,0.0,0.0,0.0,0.0,
0.0,-0.101789,0.651909,0.347862,0.0,0.0,0.0,0.079708,0.432593,-0.225037,0.0,0.0,-1.27128,-0.024415,-0.0196,1.553206,-0.629327,0.0,-1.27128,0.024415,0.0196,1.553206,-0.629327,0.0,-0.11185,0.240868,0.0,-0.282642,0.0,-0.0,0.0,-0.11185,-0.240868,0.0,-0.282642,0.0,0.0,0.0,0.0,0.008495,-0.000052,0.0,-0.000039,-0.0,-0.000039,0.0,-0.000052,0.0,0.0,0.008495,-0.000052,0.0,-0.000039,-0.0,-0.000039,0.0,-0.000052,0.0,0.0,0.0,0.0,
0.0,-0.101709,0.652341,0.347637,0.0,0.0,0.0,0.079689,0.43244,-0.225037,0.0,0.0,-1.270137,-0.024415,-0.019631,1.551789,-0.628825,0.0,-1.270137,0.024415,0.019631,1.551789,-0.628825,0.0,-0.111467,0.240741,-0.0,-0.28277,0.0,0.0,0.0,-0.111467,-0.240741,0.0,-0.28277,0.0,0.0,0.0,0.0,0.008495,-0.000052,-0.0,-0.000039,0.0,-0.000039,0.0,-0.000052,0.0,0.0,0.008495,-0.000052,-0.0,-0.000039,0.0,-0.000039,0.0,-0.000052,0.0,0.0,0.0,0.0,
0.0,-0.101629,0.652774,0.347412,0.0,0.0,0.0,0.079699,0.432593,-0.225037,0.0,0.0,-1.268994,-0.024415,-0.019662,1.550371,-0.628324,0.0,-1.268994,0.024415,0.019662,1.550371,-0.628324,0.0,-0.111084,0.240614,0.0,-0.282897,0.0,-0.0,0.0,-0.111084,-0.240614,0.0,-0.282897,0.0,0.0,0.0,0.0,0.008495,-0.000052,0.0,-0.000039,-0.0,-0.000039,-0.0,-0.000052,0.0,0.0,0.008495,-0.000052,0.0,-0.000039,-0.0,-0.000039,-0.0,-0.000052,0.0,0.0,0.0,0.0,
0.0,-0.10155,0.653206,0.347187,0.0,0.0,0.0,0.079708,0.432516,-0.225037,0.0,0.0,-1.267851,-0.024415,-0.019693,1.548953,-0.627823,0.0,-1.267851,0.024415,0.019693,1.548953,-0.627823,0.0,-0.1107,0.240487,0.0,-0.283025,0.0,0.0,0.0,-0.1107,-0.240487,0.0,-0.283025,0.0,0.0,0.0,0.0,0.008495,-0.000052,0.0,-0.000039,-0.0,-0.000039,0.0,-0.000052,0.0,0.0,0.008495,-0.000052,0.0,-0.000039,-0.0,-0.000039,0.0,-0.000052,0.0,0.0,0.0,0.0,
0.0,-0.10147,0.653639,0.346962,0.0,0.0,0.0,0.079689,0.432516,-0.224904,0.0,0.0,-1.266708,-0.024415,-0.019724,1.547535,-0.627322,0.0,-1.266708,0.024415,0.019724,1.547535,-0.627322,0.0,-0.110317,0.240359,0.0,-0.283152,0.0,0.0,0.0,-0.110317,-0.240359,0.0,-0.283152,0.0,-0.0,0.0,0.0,0.008495,-0.000052,0.0,-0.000039,0.0,-0.000039,0.0,-0.000052,0.0,0.0,0.008495,-0.000052,0.0,-0.000039,0.0,-0.000039,0.0,-0.000052,0.0,0.0,0.0,0.0,
0.0,-0.10139,0.654071,0.346737,0.0,0.0,0.0,0.079708,0.432516,-0.225037,0.0,0.0,-1.265564,-0.024415,-0.019756,1.546118,-0.626821,0.0,-1.265564,0.024415,0.019756,1.546118,-0.626821,0.0,-0.109934,0.240232,0.0,-0.28328,0.0,0.0,0.0,-0.109934,-0.240232,0.0,-0.28328,0.0,-0.0,0.0,0.0,0.008495,-0.000052,0.0,-0.000039,-0.0,-0.000039,0.0,-0.000052,0.0,0.0,0.008495,-0.000052,0.0,-0.000039,-0.0,-0.000039,0.0,-0.000052,0.0,0.0,0.0,0.0,
0.0,-0.101308,0.654502,0.346501,0.0,0.0,0.0,0.082426,0.430914,-0.236755,0.0,0.0,-1.264405,-0.024415,-0.019788,1.544691,-0.626316,0.0,-1.264405,0.024415,0.019788,1.544691,-0.626316,0.0,-0.109552,0.240105,-0.0,-0.283408,0.0,0.0,0.0,-0.109552,-0.240105,0.0,-0.283408,0.0,0.0,0.0,0.0,0.008495,-0.000052,0.0,-0.000039,0.0,-0.000039,0.0,-0.000052,0.0,0.0,0.008495,-0.000052,0.0,-0.000039,0.0,-0.000039,0.0,-0.000052,0.0,0.0,0.0,0.0,
0.0,-0.10122,0.65493,0.34624,0.0,0.0,0.0,0.087891,0.427634,-0.260191,0.0,0.0,-1.263213,-0.024415,-0.019823,1.543248,-0.625805,0.0,-1.263213,0.024415,0.019823,1.543248,-0.625805,0.0,-0.109172,0.23998,-0.0,-0.283535,0.0,0.0,0.0,-0.109172,-0.23998,0.0,-0.283535,0.0,0.0,0.0,0.0,0.008495,-0.000052,0.0,-0.000039,-0.0,-0.000039,0.0,-0.000052,0.0,0.0,0.008495,-0.000052,0.0,-0.000039,-0.0,-0.000039,0.0,-0.000052,0.0,0.0,-0.0,0.0,
0.0,-0.101132,0.655357,0.34598,0.0,0.0,0.0,0.087901,0.427558,-0.260058,0.0,0.0,-1.26202,-0.024415,-0.019857,1.541805,-0.625294,0.0,-1.26202,0.024415,0.019857,1.541805,-0.625294,0.0,-0.108792,0.239855,0.0,-0.283663,0.0,0.0,0.0,-0.108792,-0.239855,0.0,-0.283663,0.0,0.0,0.0,0.0,0.008495,-0.000052,0.0,-0.000039,-0.0,-0.000039,-0.0,-0.000052,0.0,0.0,0.008495,-0.000052,0.0,-0.000039,-0.0,-0.000039,-0.0,-0.000052,0.0,0.0,0.0,0.0,
0.0,-0.101044,0.655785,0.34572,0.0,0.0,0.0,0.08791,0.427634,-0.260191,0.0,0.0,-1.260828,-0.024415,-0.019892,1.540362,-0.624782,0.0,-1.260828,0.024415,0.019892,1.540362,-0.624782,0.0,-0.108413,0.239729,0.0,-0.283791,0.0,-0.0,0.0,-0.108413,-0.239729,0.0,-0.283791,0.0,0.0,0.0,0.0,0.008495,-0.000052,-0.0,-0.000039,0.0,-0.000039,0.0,-0.000052,0.0,0.0,0.008495,-0.000052,-0.0,-0.000039,0.0,-0.000039,0.0,-0.000052,0.0,0.0,0.0,0.0,
0.0,-0.100956,0.656213,0.34546,0.0,0.0,0.0,0.087901,0.427634,-0.260191,0.0,0.0,-1.259636,-0.024415,-0.019927,1.538918,-0.624271,0.0,-1.259636,0.024415,0.019927,1.538918,-0.624271,0.0,-0.108033,0.239604,0.0,-0.283918,0.0,-0.0,0.0,-0.108033,-0.239604,0.0,-0.283918,0.0,0.0,0.0,0.0,0.008495,-0.000052,0.0,-0.000039,-0.0,-0.000039,-0.0,-0.000052,-0.0,0.0,0.008495,-0.000052,0.0,-0.000039,-0.0,-0.000039,-0.0,-0.000052,-0.0,0.0,0.0,0.0,
0.0,-0.100868,0.65664,0.3452,0.0,0.0,0.0,0.087891,0.427634,-0.260191,0.0,0.0,-1.258443,-0.024415,-0.019962,1.537475,-0.62376,0.0,-1.258443,0.024415,0.019962,1.537475,-0.62376,0.0,-0.107654,0.239478,0.0,-0.284046,0.0,0.0,0.0,-0.107654,-0.239478,0.0,-0.284046,0.0,-0.0,0.0,0.0,0.008495,-0.000052,0.0,-0.000039,0.0,-0.000039,0.0,-0.000052,0.0,0.0,0.008495,-0.000052,0.0,-0.000039,0.0,-0.000039,0.0,-0.000052,0.0,0.0,0.0,0.0,
0.0,-0.10078,0.657068,0.34494,0.0,0.0,0.0,0.08791,0.427558,-0.260191,0.0,0.0,-1.257251,-0.024415,-0.019997,1.536032,-0.623248,0.0,-1.257251,0.024415,0.019997,1.536032,-0.623248,0.0,-0.107274,0.239353,0.0,-0.284174,0.0,0.0,0.0,-0.107274,-0.239353,0.0,-0.284174,0.0,0.0,0.0,0.0,0.008495,-0.000052,-0.0,-0.000039,-0.0,-0.000039,0.0,-0.000052,0.0,0.0,0.008495,-0.000052,-0.0,-0.000039,-0.0,-0.000039,0.0,-0.000052,0.0,0.0,0.0,0.0,
0.0,-0.100693,0.657495,0.344679,0.0,0.0,0.0,0.087901,0.427634,-0.260191,0.0,0.0,-1.256059,-0.024415,-0.020031,1.534588,-0.622737,0.0,-1.256059,0.024415,0.020031,1.534588,-0.622737,0.0,-0.106895,0.239227,0.0,-0.284301,0.0,-0.0,0.0,-0.106895,-0.239227,0.0,-0.284301,0.0,0.0,0.0,0.0,0.008495,-0.000052,0.0,-0.000039,-0.0,-0.000039,0.0,-0.000052,0.0,0.0,0.008495,-0.000052,0.0,-0.000039,-0.0,-0.000039,0.0,-0.000052,0.0,0.0,0.0,0.0,
0.0,-0.100605,0.657923,0.344419,0.0,0.0,0.0,0.087901,0.427634,-0.260191,0.0,0.0,-1.254866,-0.024415,-0.020066,1.533145,-0.622226,0.0,-1.254866,0.024415,0.020066,1.533145,-0.622226,0.0,-0.106515,0.239102,0.0,-0.284429,0.0,0.0,0.0,-0.106515,-0.239102,0.0,-0.284429,0.0,-0.0,0.0,0.0,0.008495,-0.000052,-0.0,-0.000039,0.0,-0.000039,0.0,-0.000052,0.0,0.0,0.008495,-0.000052,-0.0,-0.000039,0.0,-0.000039,0.0,-0.000052,0.0,0.0,0.0,0.0,
0.0,-0.100517,0.658351,0.344159,0.0,0.0,0.0,0.087901,0.427634,-0.260058,0.0,0.0,-1.253674,-0.024415,-0.020101,1.531702,-0.621714,0.0,-1.253674,0.024415,0.020101,1.531702,-0.621714,0.0,-0.106135,0.238977,0.0,-0.284557,0.0,0.0,0.0,-0.106135,-0.238977,0.0,-0.284557,0.0,0.0,0.0,0.0,0.008495,-0.000052,0.0,-0.000039,0.0,-0.000039,0.0,-0.000052,0.0,0.0,0.008495,-0.000052,0.0,-0.000039,0.0,-0.000039,0.0,-0.000052,0.0,0.0,0.0,0.0,
0.0,-0.100429,0.658778,0.343899,0.0,0.0,0.0,0.087901,0.427558,-0.260191,0.0,0.0,-1.252482,-0.024415,-0.020136,1.530258,-0.621203,0.0,-1.252482,0.024415,0.020136,1.530258,-0.621203,0.0,-0.105756,0.238851,0.0,-0.284684,0.0,0.0,0.0,-0.105756,-0.238851,0.0,-0.284684,0.0,0.0,0.0,0.0,0.008495,-0.000052,-0.0,-0.000039,0.0,-0.000039,0.0,-0.000052,0.0,0.0,0.008495,-0.000052,-0.0,-0.000039,0.0,-0.000039,0.0,-0.000052,0.0,0.0,0.0,0.0,
0.0,-0.100341,0.659206,0.343639,0.0,0.0,0.0,0.087901,0.427634,-0.260191,0.0,0.0,-1.251289,-0.024415,-0.020171,1.528815,-0.620692,0.0,-1.251289,0.024415,0.020171,1.528815,-0.620692,0.0,-0.105376,0.238726,0.0,-0.284812,0.0,0.0,0.0,-0.105376,-0.238726,0.0,-0.284812,0.0,0.0,0.0,0.0,0.008495,-0.000052,0.0,-0.000039,0.0,-0.000039,0.0,-0.000052,0.0,0.0,0.008495,-0.000052,0.0,-0.000039,0.0,-0.000039,0.0,-0.000052,0.0,0.0,0.0,0.0,
0.0,-0.100253,0.659634,0.343379,0.0,0.0,0.0,0.087901,0.427634,-0.260191,0.0,0.0,-1.250097,-0.024415,-0.020205,1.527371,-0.620181,0.0,-1.250097,0.024415,0.020205,1.527371,-0.620181,0.0,-0.104997,0.2386,0.0,-0.28494,0.0,0.0,0.0,-0.104997,-0.2386,0.0,-0.28494,0.0,0.0,0.0,0.0,0.008495,-0.000052,-0.0,-0.000039,0.0,-0.000039,0.0,-0.000052,0.0,0.0,0.008495,-0.000052,-0.0,-0.000039,0.0,-0.000039,0.0,-0.000052,0.0,0.0,-0.0,0.0,
0.0,-0.100165,0.660061,0.343118,0.0,0.0,0.0,0.087901,0.427634,-0.260191,0.0,0.0,-1.248904,-0.024415,-0.02024,1.525928,-0.619669,0.0,-1.248904,0.024415,0.02024,1.525928,-0.619669,0.0,-0.104617,0.238475,0.0,-0.285067,0.0,0.0,0.0,-0.104617,-0.238475,0.0,-0.285067,0.0,-0.0,0.0,0.0,0.008495,-0.000052,0.0,-0.000039,0.0,-0.000039,0.0,-0.000052,0.0,0.0,0.008495,-0.000052,0.0,-0.000039,0.0,-0.000039,0.0,-0.000052,0.0,0.0,0.0,0.0,
0.0,-0.100077,0.660489,0.342858,0.0,0.0,0.0,0.087901,0.427558,-0.260058,0.0,0.0,-1.247712,-0.024415,-0.020275,1.524485,-0.619158,0.0,-1.247712,0.024415,0.020275,1.524485,-0.619158,0.0,-0.104238,0.23835,0.0,-0.285195,0.0,-0.0,0.0,-0.104238,-0.23835,0.0,-0.285195,0.0,0.0,0.0,0.0,0.008495,-0.000052,-0.0,-0.000039,-0.0,-0.000039,0.0,-0.000052,0.0,0.0,0.008495,-0.000052,-0.0,-0.000039,-0.0,-0.000039,0.0,-0.000052,0.0,0.0,0.0,0.0,
0.0,-0.099989,0.660916,0.342598,0.0,0.0,0.0,0.087901,0.427634,-0.260191,0.0,0.0,-1.24652,-0.024415,-0.02031,1.523041,-0.618647,0.0,-1.24652,0.024415,0.02031,1.523041,-0.618647,0.0,-0.103858,0.238224,0.0,-0.285322,0.0,0.0,0.0,-0.103858,-0.238224,0.0,-0.285322,0.0,0.0,0.0,0.0,0.008495,-0.000052,-0.0,-0.000039,0.0,-0.000039,0.0,-0.000052,0.0,0.0,0.008495,-0.000052,-0.0,-0.000039,0.0,-0.000039,0.0,-0.000052,0.0,0.0,0.0,0.0,
0.0,-0.099901,0.661344,0.342338,0.0,0.0,0.0,0.08791,0.427634,-0.260191,0.0,0.0,-1.245327,-0.024415,-0.020345,1.521598,-0.618135,0.0,-1.245327,0.024415,0.020345,1.521598,-0.618135,0.0,-0.103478,0.238099,0.0,-0.28545,0.0,0.0,0.0,-0.103478,-0.238099,0.0,-0.28545,0.0,0.0,0.0,0.0,0.008495,-0.000052,0.0,-0.000039,0.0,-0.000039,-0.0,-0.000052,0.0,0.0,0.008495,-0.000052,0.0,-0.000039,0.0,-0.000039,-0.0,-0.000052,0.0,0.0,0.0,0.0,
0.0,-0.099814,0.661772,0.342078,0.0,0.0,0.0,0.087891,0.427558,-0.260191,0.0,0.0,-1.244135,-0.024415,-0.020379,1.520155,-0.617624,0.0,-1.244135,0.024415,0.020379,1.520155,-0.617624,0.0,-0.103099,0.237973,0.0,-0.285578,0.0,-0.0,0.0,-0.103099,-0.237973,0.0,-0.285578,0.0,0.0,0.0,0.0,0.008495,-0.000052,-0.0,-0.000039,-0.0,-0.000039,0.0,-0.000052,0.0,0.0,0.008495,-0.000052,-0.0,-0.000039,-0.0,-0.000039,0.0,-0.000052,0.0,0.0,0.0,0.0,
0.0,-0.099726,0.662199,0.341818,0.0,0.0,0.0,0.087901,0.427634,-0.260191,0.0,0.0,-1.242942,-0.024415,-0.020414,1.518711,-0.617113,0.0,-1.242942,0.024415,0.020414,1.518711,-0.617113,0.0,-0.102719,0.237848,0.0,-0.285705,0.0,0.0,0.0,-0.102719,-0.237848,-0.0,-0.285705,0.0,0.0,0.0,0.0,0.008495,-0.000052,0.0,-0.000039,0.0,-0.000039,0.0,-0.000052,0.0,0.0,0.008495,-0.000052,0.0,-0.000039,0.0,-0.000039,0.0,-0.000052,0.0,0.0,0.0,0.0,
0.0,-0.099638,0.662627,0.341557,0.0,0.0,0.0,0.08791,0.427634,-0.260191,0.0,0.0,-1.24175,-0.024415,-0.020449,1.517268,-0.616601,0.0,-1.24175,0.024415,0.020449,1.517268,-0.616601,0.0,-0.10234,0.237723,0.0,-0.285833,0.0,0.0,0.0,-0.10234,-0.237723,0.0,-0.285833,0.0,-0.0,0.0,0.0,0.008495,-0.000052,0.0,-0.000039,0.0,-0.000039,-0.0,-0.000052,0.0,0.0,0.008495,-0.000052,0.0,-0.000039,0.0,-0.000039,-0.0,-0.000052,0.0,0.0,0.0,0.0,
0.0,-0.09955,0.663054,0.341297,0.0,0.0,0.0,0.087891,0.427558,-0.260191,0.0,0.0,-1.240558,-0.024415,-0.020484,1.515824,-0.61609,0.0,-1.240558,0.024415,0.020484,1.515824,-0.61609,0.0,-0.10196,0.237597,0.0,-0.285961,0.0,-0.0,0.0,-0.10196,-0.237597,0.0,-0.285961,0.0,0.0,0.0,0.0,0.008495,-0.000052,-0.0,-0.000039,0.0,-0.000039,-0.0,-0.000052,0.0,0.0,0.008495,-0.000052,-0.0,-0.000039,0.0,-0.000039,-0.0,-0.000052,0.0,0.0,0.0,0.0,
0.0,-0.099462,0.663482,0.341037,0.0,0.0,0.0,0.087901,0.427634,-0.260058,0.0,0.0,-1.239365,-0.024415,-0.020519,1.514381,-0.615579,0.0,-1.239365,0.024415,0.020519,1.514381,-0.615579,0.0,-0.101581,0.237472,0.0,-0.286088,0.0,0.0,0.0,-0.101581,-0.237472,0.0,-0.286088,0.0,0.0,0.0,0.0,0.008495,-0.000052,0.0,-0.000039,-0.0,-0.000039,0.0,-0.000052,0.0,0.0,0.008495,-0.000052,0.0,-0.000039,-0.0,-0.000039,0.0,-0.000052,0.0,0.0,0.0,0.0,
0.0,-0.099374,0.66391,0.340777,0.0,0.0,0.0,0.08791,0.427634,-0.260191,0.0,0.0,-1.238173,-0.024415,-0.020553,1.512937,-0.615067,0.0,-1.238173,0.024415,0.020553,1.512937,-0.615067,0.0,-0.101201,0.237346,0.0,-0.286216,0.0,0.0,0.0,-0.101201,-0.237346,0.0,-0.286216,0.0,0.0,0.0,0.0,0.008495,-0.000052,-0.0,-0.000039,-0.0,-0.000039,0.0,-0.000052,0.0,0.0,0.008495,-0.000052,-0.0,-0.000039,-0.0,-0.000039,0.0,-0.000052,0.0,0.0,0.0,0.0,
0.0,-0.099286,0.664337,0.340517,0.0,0.0,0.0,0.087901,0.427634,-0.260191,0.0,0.0,-1.236981,-0.024415,-0.020588,1.511494,-0.614556,0.0,-1.236981,0.024415,0.020588,1.511494,-0.614556,0.0,-0.100822,0.237221,0.0,-0.286344,0.0,0.0,0.0,-0.100822,-0.237221,-0.0,-0.286344,0.0,0.0,0.0,0.0,0.008495,-0.000052,-0.0,-0.000039,0.0,-0.000039,-0.0,-0.000052,0.0,0.0,0.008495,-0.000052,-0.0,-0.000039,0.0,-0.000039,-0.0,-0.000052,0.0,0.0,0.0,0.0,
0.0,-0.099198,0.664765,0.340257,0.0,0.0,0.0,0.087891,0.427558,-0.260191,0.0,0.0,-1.235788,-0.024415,-0.020623,1.510051,-0.614045,0.0,-1.235788,0.024415,0.020623,1.510051,-0.614045,0.0,-0.100442,0.237096,0.0,-0.286471,0.0,0.0,0.0,-0.100442,-0.237096,0.0,-0.286471,0.0,-0.0,0.0,0.0,0.008495,-0.000052,-0.0,-0.000039,0.0,-0.000039,0.0,-0.000052,0.0,0.0,0.008495,-0.000052,-0.0,-0.000039,0.0,-0.000039,0.0,-0.000052,0.0,0.0,0.0,0.0,
0.0,-0.09911,0.665192,0.339996,0.0,0.0,0.0,0.08791,0.427634,-0.260191,0.0,0.0,-1.234596,-0.024415,-0.020658,1.508607,-0.613533,0.0,-1.234596,0.024415,0.020658,1.508607,-0.613533,0.0,-0.100062,0.23697,0.0,-0.286599,0.0,0.0,0.0,-0.100062,-0.23697,0.0,-0.286599,0.0,-0.0,0.0,0.0,0.008495,-0.000052,0.0,-0.000039,0.0,-0.000039,0.0,-0.000052,0.0,0.0,0.008495,-0.000052,0.0,-0.000039,0.0,-0.000039,0.0,-0.000052,0.0,0.0,0.0,0.0,
0.0,-0.099022,0.66562,0.339736,0.0,0.0,0.0,0.087901,0.427634,-0.260191,0.0,0.0,-1.233403,-0.024415,-0.020693,1.507164,-0.613022,0.0,-1.233403,0.024415,0.020693,1.507164,-0.613022,0.0,-0.099683,0.236845,0.0,-0.286727,0.0,0.0,0.0,-0.099683,-0.236845,-0.0,-0.286727,0.0,0.0,0.0,0.0,0.008495,-0.000052,0.0,-0.000039,-0.0,-0.000039,0.0,-0.000052,0.0,0.0,0.008495,-0.000052,0.0,-0.000039,-0.0,-0.000039,0.0,-0.000052,0.0,0.0,0.0,0.0,
0.0,-0.098934,0.666048,0.339476,0.0,0.0,0.0,0.087901,0.427558,-0.260058,0.0,0.0,-1.232211,-0.024415,-0.020727,1.505721,-0.612511,0.0,-1.232211,0.024415,0.020727,1.505721,-0.612511,0.0,-0.099303,0.236719,0.0,-0.286854,0.0,-0.0,0.0,-0.099303,-0.236719,0.0,-0.286854,0.0,0.0,0.0,0.0,0.008495,-0.000052,0.0,-0.000039,0.0,-0.000039,-0.0,-0.000052,0.0,0.0,0.008495,-0.000052,0.0,-0.000039,0.0,-0.000039,-0.0,-0.000052,0.0,0.0,0.0,0.0,
0.0,-0.098847,0.666475,0.339216,0.0,0.0,0.0,0.087901,0.427634,-0.260191,0.0,0.0,-1.231019,-0.024415,-0.020762,1.504277,-0.611999,0.0,-1.231019,0.024415,0.020762,1.504277,-0.611999,0.0,-0.098924,0.236594,0.0,-0.286982,0.0,0.0,0.0,-0.098924,-0.236594,0.0,-0.286982,0.0,-0.0,0.0,0.0,0.008495,-0.000052,0.0,-0.000039,-0.0,-0.000039,0.0,-0.000052,0.0,0.0,0.008495,-0.000052,0.0,-0.000039,-0.0,-0.000039,0.0,-0.000052,0.0,0.0,0.0,0.0,
0.0,-0.098759,0.666903,0.338956,0.0,0.0,0.0,0.087901,0.427634,-0.260191,0.0,0.0,-1.229826,-0.024415,-0.020797,1.502834,-0.611488,0.0,-1.229826,0.024415,0.020797,1.502834,-0.611488,0.0,-0.098544,0.236468,0.0,-0.28711,0.0,-0.0,0.0,-0.098544,-0.236468,0.0,-0.28711,0.0,0.0,0.0,0.0,0.008495,-0.000052,-0.0,-0.000039,0.0,-0.000039,-0.0,-0.000052,0.0,0.0,0.008495,-0.000052,-0.0,-0.000039,0.0,-0.000039,-0.0,-0.000052,0.0,0.0,0.0,0.0,
0.0,-0.098671,0.66733,0.338696,0.0,0.0,0.0,0.087901,0.427558,-0.260191,0.0,0.0,-1.228634,-0.024415,-0.020832,1.501391,-0.610977,0.0,-1.228634,0.024415,0.020832,1.501391,-0.610977,0.0,-0.098165,0.236343,0.0,-0.287237,0.0,0.0,0.0,-0.098165,-0.236343,0.0,-0.287237,0.0,0.0,0.0,0.0,0.008495,-0.000052,-0.0,-0.000039,0.0,-0.000039,0.0,-0.000052,0.0,0.0,0.008495,-0.000052,-0.0,-0.000039,0.0,-0.000039,0.0,-0.000052,0.0,0.0,0.0,0.0,
0.0,-0.098583,0.667758,0.338435,0.0,0.0,0.0,0.087901,0.427634,-0.260191,0.0,0.0,-1.227442,-0.024415,-0.020866,1.499947,-0.610466,0.0,-1.227442,0.024415,0.020866,1.499947,-0.610466,0.0,-0.097785,0.236218,0.0,-0.287365,0.0,0.0,0.0,-0.097785,-0.236218,0.0,-0.287365,0.0,0.0,0.0,0.0,0.008495,-0.000052,-0.0,-0.000039,-0.0,-0.000039,-0.0,-0.000052,0.0,0.0,0.008495,-0.000052,-0.0,-0.000039,-0.0,-0.000039,-0.0,-0.000052,0.0,0.0,0.0,0.0,
0.0,-0.098495,0.668186,0.338175,0.0,0.0,0.0,0.08791,0.427634,-0.260191,0.0,0.0,-1.226249,-0.024415,-0.020901,1.498504,-0.609954,0.0,-1.226249,0.024415,0.020901,1.498504,-0.609954,0.0,-0.097405,0.236092,0.0,-0.287493,0.0,-0.0,0.0,-0.097405,-0.236092,0.0,-0.287493,0.0,0.0,0.0,0.0,0.008495,-0.000052,0.0,-0.000039,0.0,-0.000039,0.0,-0.000052,0.0,0.0,0.008495,-0.000052,0.0,-0.000039,0.0,-0.000039,0.0,-0.000052,0.0,0.0,0.0,0.0,
0.0,-0.098407,0.668613,0.337915,0.0,0.0,0.0,0.087891,0.427558,-0.260058,0.0,0.0,-1.225057,-0.024415,-0.020936,1.497061,-0.609443,0.0,-1.225057,0.024415,0.020936,1.497061,-0.609443,0.0,-0.097026,0.235967,0.0,-0.28762,0.0,0.0,0.0,-0.097026,-0.235967,0.0,-0.28762,0.0,-0.0,0.0,0.0,0.008495,-0.000052,-0.0,-0.000039,0.0,-0.000039,0.0,-0.000052,0.0,0.0,0.008495,-0.000052,-0.0,-0.000039,0.0,-0.000039,0.0,-0.000052,0.0,0.0,0.0,0.0,
0.0,-0.098304,0.669035,0.337599,0.0,0.0,0.0,0.102712,0.42176,-0.315718,0.0,0.0,-1.223789,-0.024415,-0.020975,1.495595,-0.608929,0.0,-1.223789,0.024415,0.020975,1.495595,-0.608929,0.0,-0.096652,0.235841,0.0,-0.287744,0.0,0.0,0.0,-0.096652,-0.235841,0.0,-0.287744,0.0,0.0,0.0,0.0,0.008495,-0.000052,-0.0,-0.000039,-0.0,-0.000039,0.0,-0.000052,0.0,0.0,0.008495,-0.000052,-0.0,-0.000039,-0.0,-0.000039,0.0,-0.000052,0.0,0.0,0.0,0.0,
0.0,-0.098202,0.669457,0.337284,0.0,0.0,0.0,0.102712,0.42176,-0.315718,0.0,0.0,-1.22252,-0.024415,-0.021013,1.49413,-0.608415,0.0,-1.22252,0.024415,0.021013,1.49413,-0.608415,0.0,-0.096278,0.235716,0.0,-0.287868,0.0,-0.0,0.0,-0.096278,-0.235716,0.0,-0.287868,0.0,0.0,0.0,0.0,0.008495,-0.000052,-0.0,-0.000039,-0.0,-0.000039,0.0,-0.000052,0.0,0.0,0.008495,-0.000052,-0.0,-0.000039,-0.0,-0.000039,0.0,-0.000052,0.0,0.0,0.0,0.0,
0.0,-0.098099,0.669879,0.336968,0.0,0.0,0.0,0.102712,0.421684,-0.315585,0.0,0.0,-1.221251,-0.024415,-0.021051,1.492664,-0.607902,0.0,-1.221251,0.024415,0.021051,1.492664,-0.607902,0.0,-0.095904,0.235591,0.0,-0.287992,0.0,-0.0,0.0,-0.095904,-0.235591,0.0,-0.287992,-0.0,0.0,0.0,0.0,0.008495,-0.000052,-0.0,-0.000039,-0.0,-0.000039,0.0,-0.000052,0.0,0.0,0.008495,-0.000052,-0.0,-0.000039,-0.0,-0.000039,0.0,-0.000052,0.0,0.0,0.0,0.0,
0.0,-0.097996,0.6703,0.336652,0.0,0.0,0.0,0.102702,0.421684,-0.315718,0.0,0.0,-1.219983,-0.024415,-0.02109,1.491199,-0.607388,0.0,-1.219983,0.024415,0.02109,1.491199,-0.607388,0.0,-0.09553,0.235465,0.0,-0.288116,0.0,-0.0,0.0,-0.09553,-0.235465,0.0,-0.288116,0.0,0.0,0.0,0.0,0.008495,-0.000052,0.0,-0.000039,-0.0,-0.000039,-0.0,-0.000052,0.0,0.0,0.008495,-0.000052,0.0,-0.000039,-0.0,-0.000039,-0.0,-0.000052,0.0,0.0,0.0,0.0,
0.0,-0.097894,0.670722,0.336337,0.0,0.0,0.0,0.102712,0.42176,-0.315585,0.0,0.0,-1.218714,-0.024415,-0.021128,1.489733,-0.606874,0.0,-1.218714,0.024415,0.021128,1.489733,-0.606874,0.0,-0.095156,0.23534,0.0,-0.28824,0.0,-0.0,0.0,-0.095156,-0.23534,0.0,-0.28824,0.0,0.0,0.0,0.0,0.008495,-0.000052,-0.0,-0.000039,0.0,-0.000039,0.0,-0.000052,0.0,0.0,0.008495,-0.000052,-0.0,-0.000039,0.0,-0.000039,0.0,-0.000052,0.0,0.0,0.0,0.0,
0.0,-0.097791,0.671144,0.336021,0.0,0.0,0.0,0.102712,0.421684,-0.315718,0.0,0.0,-1.217446,-0.024415,-0.021167,1.488268,-0.60636,0.0,-1.217446,0.024415,0.021167,1.488268,-0.60636,0.0,-0.094782,0.235215,0.0,-0.288364,0.0,0.0,0.0,-0.094782,-0.235215,0.0,-0.288364,0.0,0.0,0.0,0.0,0.008495,-0.000052,-0.0,-0.000039,-0.0,-0.000039,0.0,-0.000052,-0.0,0.0,0.008495,-0.000052,-0.0,-0.000039,-0.0,-0.000039,0.0,-0.000052,-0.0,0.0,0.0,0.0,
0.0,-0.097688,0.671565,0.335706,0.0,0.0,0.0,0.102702,0.421684,-0.315585,0.0,0.0,-1.216177,-0.024415,-0.021205,1.486802,-0.605847,0.0,-1.216177,0.024415,0.021205,1.486802,-0.605847,0.0,-0.094408,0.235089,-0.0,-0.288488,-0.0,-0.0,0.0,-0.094408,-0.235089,0.0,-0.288488,0.0,0.0,0.0,0.0,0.008495,-0.000052,0.0,-0.000039,-0.0,-0.000039,0.0,-0.000052,0.0,0.0,0.008495,-0.000052,0.0,-0.000039,-0.0,-0.000039,0.0,-0.000052,0.0,0.0,0.0,0.0,
0.0,-0.097585,0.671987,0.33539,0.0,0.0,0.0,0.102712,0.42176,-0.315718,0.0,0.0,-1.214909,-0.024415,-0.021244,1.485337,-0.605333,0.0,-1.214909,0.024415,0.021244,1.485337,-0.605333,0.0,-0.094034,0.234964,0.0,-0.288612,0.0,-0.0,0.0,-0.094034,-0.234964,0.0,-0.288612,0.0,0.0,0.0,0.0,0.008495,-0.000052,0.0,-0.000039,-0.0,-0.000039,0.0,-0.000052,0.0,0.0,0.008495,-0.000052,0.0,-0.000039,-0.0,-0.000039,0.0,-0.000052,0.0,0.0,0.0,0.0,
0.0,-0.097483,0.672409,0.335074,0.0,0.0,0.0,0.102721,0.421684,-0.315585,0.0,0.0,-1.21364,-0.024415,-0.021282,1.483871,-0.604819,0.0,-1.21364,0.024415,0.021282,1.483871,-0.604819,0.0,-0.09366,0.234838,0.0,-0.288736,-0.0,0.0,0.0,-0.09366,-0.234838,0.0,-0.288736,0.0,0.0,0.0,0.0,0.008495,-0.000052,-0.0,-0.000039,-0.0,-0.000039,0.0,-0.000052,0.0,0.0,0.008495,-0.000052,-0.0,-0.000039,-0.0,-0.000039,0.0,-0.000052,0.0,0.0,0.0,0.0,
0.0,-0.09738,0.67283,0.334759,0.0,0.0,0.0,0.102692,0.421684,-0.315718,0.0,0.0,-1.212371,-0.024415,-0.021321,1.482405,-0.604305,0.0,-1.212371,0.024415,0.021321,1.482405,-0.604305,0.0,-0.093286,0.234713,0.0,-0.28886,0.0,0.0,0.0,-0.093286,-0.234713,0.0,-0.28886,0.0,0.0,0.0,0.0,0.008495,-0.000052,0.0,-0.000039,0.0,-0.000039,-0.0,-0.000052,0.0,0.0,0.008495,-0.000052,0.0,-0.000039,0.0,-0.000039,-0.0,-0.000052,0.0,0.0,-0.0,0.0,
0.0,-0.097277,0.673252,0.334443,0.0,0.0,0.0,0.102721,0.42176,-0.315718,0.0,0.0,-1.211103,-0.024415,-0.021359,1.48094,-0.603791,0.0,-1.211103,0.024415,0.021359,1.48094,-0.603791,0.0,-0.092912,0.234588,0.0,-0.288984,0.0,-0.0,0.0,-0.092912,-0.234588,0.0,-0.288984,0.0,0.0,0.0,0.0,0.008495,-0.000052,-0.0,-0.000039,-0.0,-0.000039,-0.0,-0.000052,0.0,0.0,0.008495,-0.000052,-0.0,-0.000039,-0.0,-0.000039,-0.0,-0.000052,0.0,0.0,0.0,0.0,
0.0,-0.097175,0.673674,0.334127,0.0,0.0,0.0,0.102712,0.42176,-0.315585,0.0,0.0,-1.209834,-0.024415,-0.021398,1.479474,-0.603278,0.0,-1.209834,0.024415,0.021398,1.479474,-0.603278,0.0,-0.092538,0.234462,0.0,-0.289108,0.0,0.0,0.0,-0.092538,-0.234462,0.0,-0.289108,0.0,0.0,0.0,0.0,0.008495,-0.000052,-0.0,-0.000039,-0.0,-0.000039,0.0,-0.000052,0.0,0.0,0.008495,-0.000052,-0.0,-0.000039,-0.0,-0.000039,0.0,-0.000052,0.0,0.0,-0.0,0.0,
0.0,-0.097072,0.674096,0.333812,0.0,0.0,0.0,0.102702,0.421684,-0.315718,0.0,0.0,-1.208566,-0.024415,-0.021436,1.478008,-0.602764,0.0,-1.208566,0.024415,0.021436,1.478008,-0.602764,0.0,-0.092165,0.234337,0.0,-0.289232,0.0,0.0,0.0,-0.092165,-0.234337,0.0,-0.289232,0.0,0.0,0.0,0.0,0.008495,-0.000052,0.0,-0.000039,0.0,-0.000039,0.0,-0.000052,0.0,0.0,0.008495,-0.000052,0.0,-0.000039,0.0,-0.000039,0.0,-0.000052,0.0,0.0,0.0,0.0,
0.0,-0.096969,0.674517,0.333496,0.0,0.0,0.0,0.102712,0.421684,-0.315718,0.0,0.0,-1.207297,-0.024415,-0.021474,1.476543,-0.60225,0.0,-1.207297,0.024415,0.021474,1.476543,-0.60225,0.0,-0.091791,0.234212,0.0,-0.289356,0.0,0.0,0.0,-0.091791,-0.234212,0.0,-0.289356,0.0,0.0,0.0,0.0,0.008495,-0.000052,0.0,-0.000039,0.0,-0.000039,0.0,-0.000052,0.0,0.0,0.008495,-0.000052,0.0,-0.000039,0.0,-0.000039,0.0,-0.000052,0.0,0.0,0.0,0.0,
0.0,-0.096866,0.674939,0.33318,0.0,0.0,0.0,0.102712,0.42176,-0.315585,0.0,0.0,-1.206028,-0.024415,-0.021513,1.475077,-0.601736,0.0,-1.206028,0.024415,0.021513,1.475077,-0.601736,0.0,-0.091417,0.234086,0.0,-0.28948,0.0,0.0,0.0,-0.091417,-0.234086,0.0,-0.28948,0.0,-0.0,0.0,0.0,0.008495,-0.000052,-0.0,-0.000039,-0.0,-0.000039,0.0,-0.000052,0.0,0.0,0.008495,-0.000052,-0.0,-0.000039,-0.0,-0.000039,0.0,-0.000052,0.0,0.0,0.0,0.0,
0.0,-0.096764,0.675361,0.332865,0.0,0.0,0.0,0.102702,0.421684,-0.315718,0.0,0.0,-1.204759,-0.024415,-0.021551,1.473612,-0.601223,0.0,-1.204759,0.024415,0.021551,1.473612,-0.601223,0.0,-0.091043,0.233961,0.0,-0.289604,0.0,0.0,0.0,-0.091043,-0.233961,0.0,-0.289604,0.0,0.0,0.0,0.0,0.008495,-0.000052,-0.0,-0.000039,-0.0,-0.000039,0.0,-0.000052,-0.0,0.0,0.008495,-0.000052,-0.0,-0.000039,-0.0,-0.000039,0.0,-0.000052,-0.0,0.0,0.0,0.0,
0.0,-0.096661,0.675782,0.332549,0.0,0.0,0.0,0.102712,0.421684,-0.315585,0.0,0.0,-1.203491,-0.024415,-0.02159,1.472146,-0.600709,0.0,-1.203491,0.024415,0.02159,1.472146,-0.600709,0.0,-0.090669,0.233835,0.0,-0.289728,0.0,0.0,0.0,-0.090669,-0.233835,0.0,-0.289728,0.0,0.0,0.0,0.0,0.008495,-0.000052,-0.0,-0.000039,-0.0,-0.000039,-0.0,-0.000052,0.0,0.0,0.008495,-0.000052,-0.0,-0.000039,-0.0,-0.000039,-0.0,-0.000052,0.0,0.0,0.0,0.0,
0.0,-0.096558,0.676204,0.332233,0.0,0.0,0.0,0.102712,0.42176,-0.315718,0.0,0.0,-1.202222,-0.024415,-0.021628,1.47068,-0.600195,0.0,-1.202222,0.024415,0.021628,1.47068,-0.600195,0.0,-0.090295,0.23371,0.0,-0.289852,0.0,-0.0,0.0,-0.090295,-0.23371,0.0,-0.289852,0.0,0.0,0.0,0.0,0.008495,-0.000052,0.0,-0.000039,0.0,-0.000039,-0.0,-0.000052,0.0,0.0,0.008495,-0.000052,0.0,-0.000039,0.0,-0.000039,-0.0,-0.000052,0.0,0.0,0.0,0.0,
0.0,-0.096456,0.676626,0.331918,0.0,0.0,0.0,0.102702,0.421684,-0.315585,0.0,0.0,-1.200954,-0.024415,-0.021667,1.469215,-0.599681,0.0,-1.200954,0.024415,0.021667,1.469215,-0.599681,0.0,-0.089921,0.233585,0.0,-0.289976,0.0,-0.0,0.0,-0.089921,-0.233585,0.0,-0.289976,0.0,0.0,0.0,0.0,0.008495,-0.000052,0.0,-0.000039,0.0,-0.000039,0.0,-0.000052,0.0,0.0,0.008495,-0.000052,0.0,-0.000039,0.0,-0.000039,0.0,-0.000052,0.0,0.0,0.0,0.0,
0.0,-0.096353,0.677048,0.331602,0.0,0.0,0.0,0.102712,0.421684,-0.315718,0.0,0.0,-1.199685,-0.024415,-0.021705,1.467749,-0.599167,0.0,-1.199685,0.024415,0.021705,1.467749,-0.599167,0.0,-0.089547,0.233459,0.0,-0.2901,0.0,-0.0,0.0,-0.089547,-0.233459,0.0,-0.2901,0.0,0.0,0.0,0.0,0.008495,-0.000052,-0.0,-0.000039,0.0,-0.000039,0.0,-0.000052,0.0,0.0,0.008495,-0.000052,-0.0,-0.000039,0.0,-0.000039,0.0,-0.000052,0.0,0.0,0.0,0.0,
0.0,-0.09625,0.677469,0.331286,0.0,0.0,0.0,0.102712,0.42176,-0.315718,0.0,0.0,-1.198416,-0.024415,-0.021744,1.466283,-0.598654,0.0,-1.198416,0.024415,0.021744,1.466283,-0.598654,0.0,-0.089173,0.233334,0.0,-0.290224,0.0,0.0,0.0,-0.089173,-0.233334,0.0,-0.290224,0.0,-0.0,0.0,0.0,0.008495,-0.000052,-0.0,-0.000039,-0.0,-0.000039,-0.0,-0.000052,0.0,0.0,0.008495,-0.000052,-0.0,-0.000039,-0.0,-0.000039,-0.0,-0.000052,0.0,0.0,0.0,0.0,
0.0,-0.096147,0.677891,0.330971,0.0,0.0,0.0,0.102712,0.42176,-0.315585,0.0,0.0,-1.197147,-0.024415,-0.021782,1.464817,-0.59814,0.0,-1.197147,0.024415,0.021782,1.464817,-0.59814,0.0,-0.088799,0.233209,0.0,-0.290348,0.0,0.0,0.0,-0.088799,-0.233209,-0.0,-0.290348,0.0,0.0,0.0,0.0,0.008495,-0.000052,-0.0,-0.000039,-0.0,-0.000039,-0.0,-0.000052,0.0,0.0,0.008495,-0.000052,-0.0,-0.000039,-0.0,-0.000039,-0.0,-0.000052,0.0,0.0,0.0,0.0,
0.0,-0.096045,0.678313,0.330655,0.0,0.0,0.0,0.102702,0.421684,-0.315718,0.0,0.0,-1.195879,-0.024415,-0.021821,1.463352,-0.597626,0.0,-1.195879,0.024415,0.021821,1.463352,-0.597626,0.0,-0.088425,0.233083,0.0,-0.290472,0.0,0.0,0.0,-0.088425,-0.233083,0.0,-0.290472,0.0,0.0,0.0,0.0,0.008495,-0.000052,-0.0,-0.000039,0.0,-0.000039,-0.0,-0.000052,0.0,0.0,0.008495,-0.000052,-0.0,-0.000039,0.0,-0.000039,-0.0,-0.000052,0.0,0.0,0.0,0.0,
0.0,-0.095942,0.678734,0.330339,0.0,0.0,0.0,0.102712,0.421684,-0.315585,0.0,0.0,-1.19461,-0.024415,-0.021859,1.461886,-0.597112,0.0,-1.19461,0.024415,0.021859,1.461886,-0.597112,0.0,-0.088051,0.232958,0.0,-0.290596,0.0,0.0,0.0,-0.088051,-0.232958,0.0,-0.290596,0.0,0.0,0.0,0.0,0.008495,-0.000052,0.0,-0.000039,0.0,-0.000039,0.0,-0.000052,0.0,0.0,0.008495,-0.000052,0.0,-0.000039,0.0,-0.000039,0.0,-0.000052,0.0,0.0,0.0,0.0,
0.0,-0.095839,0.679156,0.330024,0.0,0.0,0.0,0.102721,0.42176,-0.315718,0.0,0.0,-1.193341,-0.024415,-0.021898,1.460421,-0.596598,0.0,-1.193341,0.024415,0.021898,1.460421,-0.596598,0.0,-0.087677,0.232832,0.0,-0.29072,0.0,0.0,0.0,-0.087677,-0.232832,0.0,-0.29072,0.0,0.0,0.0,0.0,0.008495,-0.000052,0.0,-0.000039,0.0,-0.000039,0.0,-0.000052,0.0,0.0,0.008495,-0.000052,0.0,-0.000039,0.0,-0.000039,0.0,-0.000052,0.0,0.0,0.0,0.0,
0.0,-0.095737,0.679578,0.329708,0.0,0.0,0.0,0.102692,0.421684,-0.315585,0.0,0.0,-1.192073,-0.024415,-0.021936,1.458955,-0.596085,0.0,-1.192073,0.024415,0.021936,1.458955,-0.596085,0.0,-0.087303,0.232707,0.0,-0.290844,-0.0,-0.0,0.0,-0.087303,-0.232707,0.0,-0.290844,0.0,0.0,0.0,0.0,0.008495,-0.000052,0.0,-0.000039,0.0,-0.000039,0.0,-0.000052,0.0,0.0,0.008495,-0.000052,0.0,-0.000039,0.0,-0.000039,0.0,-0.000052,0.0,0.0,0.0,0.0,
0.0,-0.095634,0.68,0.329392,0.0,0.0,0.0,0.102721,0.421684,-0.315718,0.0,0.0,-1.190804,-0.024415,-0.021974,1.457489,-0.595571,0.0,-1.190804,0.024415,0.021974,1.457489,-0.595571,0.0,-0.086929,0.232582,0.0,-0.290968,0.0,0.0,0.0,-0.086929,-0.232582,0.0,-0.290968,0.0,-0.0,0.0,0.0,0.008495,-0.000052,0.0,-0.000039,-0.0,-0.000039,0.0,-0.000052,0.0,0.0,0.008495,-0.000052,0.0,-0.000039,-0.0,-0.000039,0.0,-0.000052,0.0,0.0,0.0,0.0,
0.0,-0.095531,0.680421,0.329077,0.0,0.0,0.0,0.102712,0.42176,-0.315718,0.0,0.0,-1.189536,-0.024415,-0.022013,1.456024,-0.595057,0.0,-1.189536,0.024415,0.022013,1.456024,-0.595057,0.0,-0.086555,0.232456,0.0,-0.291092,0.0,0.0,0.0,-0.086555,-0.232456,0.0,-0.291092,0.0,-0.0,0.0,0.0,0.008495,-0.000052,-0.0,-0.000039,0.0,-0.000039,0.0,-0.000052,0.0,0.0,0.008495,-0.000052,-0.0,-0.000039,0.0,-0.000039,0.0,-0.000052,0.0,0.0,0.0,0.0,
0.0,-0.095429,0.680843,0.328761,0.0,0.0,0.0,0.102702,0.421684,-0.315585,0.0,0.0,-1.188267,-0.024415,-0.022051,1.454558,-0.594543,0.0,-1.188267,0.024415,0.022051,1.454558,-0.594543,0.0,-0.086181,0.232331,0.0,-0.291216,0.0,-0.0,0.0,-0.086181,-0.232331,0.0,-0.291216,0.0,0.0,0.0,0.0,0.008495,-0.000052,0.0,-0.000039,-0.0,-0.000039,0.0,-0.000052,0.0,0.0,0.008495,-0.000052,0.0,-0.000039,-0.0,-0.000039,0.0,-0.000052,0.0,0.0,-0.0,0.0,
0.0,-0.095326,0.681265,0.328445,0.0,0.0,0.0,0.102712,0.42176,-0.315718,0.0,0.0,-1.186998,-0.024415,-0.02209,1.453093,-0.59403,0.0,-1.186998,0.024415,0.02209,1.453093,-0.59403,0.0,-0.085807,0.232206,0.0,-0.29134,0.0,0.0,0.0,-0.085807,-0.232206,0.0,-0.29134,0.0,-0.0,0.0,0.0,0.008495,-0.000052,-0.0,-0.000039,0.0,-0.000039,0.0,-0.000052,0.0,0.0,0.008495,-0.000052,-0.0,-0.000039,0.0,-0.000039,0.0,-0.000052,0.0,0.0,0.0,0.0,
0.0,-0.095223,0.681686,0.32813,0.0,0.0,0.0,0.102712,0.421684,-0.315718,0.0,0.0,-1.18573,-0.024415,-0.022128,1.451627,-0.593516,0.0,-1.18573,0.024415,0.022128,1.451627,-0.593516,0.0,-0.085433,0.23208,0.0,-0.291464,0.0,0.0,0.0,-0.085433,-0.23208,0.0,-0.291464,0.0,0.0,0.0,0.0,0.008495,-0.000052,0.0,-0.000039,-0.0,-0.000039,0.0,-0.000052,0.0,0.0,0.008495,-0.000052,0.0,-0.000039,-0.0,-0.000039,0.0,-0.000052,0.0,0.0,0.0,0.0,
0.0,-0.09512,0.682108,0.327814,0.0,0.0,0.0,0.102702,0.421684,-0.315585,0.0,0.0,-1.184461,-0.024415,-0.022167,1.450162,-0.593002,0.0,-1.184461,0.024415,0.022167,1.450162,-0.593002,0.0,-0.08506,0.231955,0.0,-0.291588,0.0,0.0,0.0,-0.08506,-0.231955,0.0,-0.291588,0.0,-0.0,0.0,0.0,0.008495,-0.000052,-0.0,-0.000039,0.0,-0.000039,-0.0,-0.000052,0.0,0.0,0.008495,-0.000052,-0.0,-0.000039,0.0,-0.000039,-0.0,-0.000052,0.0,0.0,0.0,0.0,
0.0,-0.095018,0.68253,0.327498,0.0,0.0,0.0,0.102712,0.42176,-0.315585,0.0,0.0,-1.183193,-0.024415,-0.022205,1.448696,-0.592488,0.0,-1.183193,0.024415,0.022205,1.448696,-0.592488,0.0,-0.084686,0.231829,0.0,-0.291712,0.0,0.0,0.0,-0.084686,-0.231829,0.0,-0.291712,0.0,-0.0,0.0,0.0,0.008495,-0.000052,0.0,-0.000039,0.0,-0.000039,0.0,-0.000052,0.0,0.0,0.008495,-0.000052,0.0,-0.000039,0.0,-0.000039,0.0,-0.000052,0.0,0.0,0.0,0.0,
0.0,-0.094906,0.682947,0.327147,0.0,0.0,0.0,0.111562,0.417107,-0.351538,0.0,0.0,-1.181879,-0.024408,-0.022236,1.447218,-0.591972,0.0,-1.181879,0.024408,0.022236,1.447218,-0.591972,0.0,-0.084315,0.231705,0.0,-0.291835,0.0,0.0,0.0,-0.084315,-0.231705,0.0,-0.291835,0.0,-0.0,0.0,0.0,0.008495,-0.000052,-0.0,-0.000039,0.0,-0.000039,-0.0,-0.000052,0.0,0.0,0.008495,-0.000052,-0.0,-0.000039,0.0,-0.000039,-0.0,-0.000052,0.0,0.0,0.0,0.0,
0.0,-0.09479,0.683362,0.326778,0.0,0.0,0.0,0.115959,0.414819,-0.369115,0.0,0.0,-1.180544,-0.024397,-0.022264,1.445733,-0.591453,0.0,-1.180544,0.024397,0.022264,1.445733,-0.591453,0.0,-0.083947,0.231582,0.0,-0.291957,0.0,0.0,0.0,-0.083947,-0.231582,-0.0,-0.291957,0.0,-0.0,0.0,0.0,0.008495,-0.000052,-0.0,-0.000039,0.0,-0.000039,-0.0,-0.000052,0.0,0.0,0.008495,-0.000052,-0.0,-0.000039,0.0,-0.000039,-0.0,-0.000052,0.0,0.0,0.0,0.0,
0.0,-0.094674,0.683777,0.326409,0.0,0.0,0.0,0.11594,0.414819,-0.369115,0.0,0.0,-1.179208,-0.024386,-0.022291,1.444248,-0.590935,0.0,-1.179208,0.024386,0.022291,1.444248,-0.590935,0.0,-0.083579,0.231458,0.0,-0.292079,0.0,0.0,0.0,-0.083579,-0.231458,0.0,-0.292079,0.0,0.0,0.0,0.0,0.008495,-0.000052,-0.0,-0.000039,0.0,-0.000039,0.0,-0.000052,0.0,0.0,0.008495,-0.000052,-0.0,-0.000039,0.0,-0.000039,0.0,-0.000052,0.0,0.0,0.0,0.0,
0.0,-0.094558,0.684192,0.326039,0.0,0.0,0.0,0.115949,0.414819,-0.369248,0.0,0.0,-1.177873,-0.024375,-0.022319,1.442764,-0.590417,0.0,-1.177873,0.024375,0.022319,1.442764,-0.590417,0.0,-0.08321,0.231335,0.0,-0.292201,0.0,0.0,0.0,-0.08321,-0.231335,0.0,-0.292201,0.0,-0.0,0.0,0.0,0.008495,-0.000052,0.0,-0.000039,0.0,-0.000039,0.0,-0.000052,0.0,0.0,0.008495,-0.000052,0.0,-0.000039,0.0,-0.000039,0.0,-0.000052,0.0,0.0,0.0,0.0,
0.0,-0.094442,0.684606,0.32567,0.0,0.0,0.0,0.115959,0.414895,-0.369115,0.0,0.0,-1.176537,-0.024364,-0.022346,1.441279,-0.589899,0.0,-1.176537,0.024364,0.022346,1.441279,-0.589899,0.0,-0.082842,0.231211,0.0,-0.292323,0.0,0.0,0.0,-0.082842,-0.231211,0.0,-0.292323,0.0,0.0,0.0,0.0,0.008495,-0.000052,0.0,-0.000039,-0.0,-0.000039,0.0,-0.000052,0.0,0.0,0.008495,-0.000052,0.0,-0.000039,-0.0,-0.000039,0.0,-0.000052,0.0,0.0,-0.0,0.0,
0.0,-0.094326,0.685021,0.325301,0.0,0.0,0.0,0.11594,0.414742,-0.369115,0.0,0.0,-1.175201,-0.024353,-0.022374,1.439794,-0.589381,0.0,-1.175201,0.024353,0.022374,1.439794,-0.589381,0.0,-0.082474,0.231088,0.0,-0.292445,0.0,0.0,0.0,-0.082474,-0.231088,0.0,-0.292445,0.0,0.0,0.0,0.0,0.008495,-0.000052,-0.0,-0.000039,-0.0,-0.000039,0.0,-0.000052,0.0,0.0,0.008495,-0.000052,-0.0,-0.000039,-0.0,-0.000039,0.0,-0.000052,0.0,0.0,0.0,0.0,
0.0,-0.09421,0.685436,0.324932,0.0,0.0,0.0,0.115959,0.414895,-0.369248,0.0,0.0,-1.173866,-0.024342,-0.022401,1.438309,-0.588863,0.0,-1.173866,0.024342,0.022401,1.438309,-0.588863,0.0,-0.082105,0.230964,0.0,-0.292568,0.0,0.0,0.0,-0.082105,-0.230964,0.0,-0.292568,0.0,0.0,0.0,0.0,0.008495,-0.000052,0.0,-0.000039,-0.0,-0.000039,0.0,-0.000052,0.0,0.0,0.008495,-0.000052,0.0,-0.000039,-0.0,-0.000039,0.0,-0.000052,0.0,0.0,0.0,0.0,
0.0,-0.094094,0.685851,0.324563,0.0,0.0,0.0,0.115959,0.414819,-0.369115,0.0,0.0,-1.17253,-0.024331,-0.022429,1.436824,-0.588344,0.0,-1.17253,0.024331,0.022429,1.436824,-0.588344,0.0,-0.081737,0.230841,0.0,-0.29269,0.0,0.0,0.0,-0.081737,-0.230841,0.0,-0.29269,0.0,-0.0,0.0,0.0,0.008495,-0.000052,0.0,-0.000039,-0.0,-0.000039,0.0,-0.000052,-0.0,0.0,0.008495,-0.000052,0.0,-0.000039,-0.0,-0.000039,0.0,-0.000052,-0.0,0.0,0.0,0.0,
0.0,-0.093979,0.686266,0.324194,0.0,0.0,0.0,0.11594,0.414819,-0.369115,0.0,0.0,-1.171194,-0.02432,-0.022456,1.43534,-0.587826,0.0,-1.171194,0.02432,0.022456,1.43534,-0.587826,0.0,-0.081369,0.230717,0.0,-0.292812,0.0,-0.0,0.0,-0.081369,-0.230717,0.0,-0.292812,0.0,0.0,0.0,0.0,0.008495,-0.000052,-0.0,-0.000039,0.0,-0.000039,0.0,-0.000052,0.0,0.0,0.008495,-0.000052,-0.0,-0.000039,0.0,-0.000039,0.0,-0.000052,0.0,0.0,-0.0,0.0,
0.0,-0.093863,0.68668,0.323824,0.0,0.0,0.0,0.115959,0.414819,-0.369248,0.0,0.0,-1.169859,-0.024309,-0.022484,1.433854,-0.587308,0.0,-1.169859,0.024309,0.022484,1.433854,-0.587308,0.0,-0.081,0.230594,0.0,-0.292934,0.0,0.0,0.0,-0.081,-0.230594,0.0,-0.292934,0.0,-0.0,0.0,0.0,0.008495,-0.000052,0.0,-0.000039,0.0,-0.000039,-0.0,-0.000052,0.0,0.0,0.008495,-0.000052,0.0,-0.000039,0.0,-0.000039,-0.0,-0.000052,0.0,0.0,0.0,0.0,
0.0,-0.093747,0.687095,0.323455,0.0,0.0,0.0,0.115949,0.414895,-0.369115,0.0,0.0,-1.168523,-0.024298,-0.022511,1.43237,-0.58679,0.0,-1.168523,0.024298,0.022511,1.43237,-0.58679,0.0,-0.080632,0.23047,0.0,-0.293056,0.0,0.0,0.0,-0.080632,-0.23047,0.0,-0.293056,0.0,-0.0,0.0,0.0,0.008495,-0.000052,0.0,-0.000039,-0.0,-0.000039,0.0,-0.000052,0.0,0.0,0.008495,-0.000052,0.0,-0.000039,-0.0,-0.000039,0.0,-0.000052,0.0,0.0,0.0,0.0,
0.0,-0.093631,0.68751,0.323086,0.0,0.0,0.0,0.11594,0.414742,-0.369115,0.0,0.0,-1.167187,-0.024287,-0.022538,1.430885,-0.586272,0.0,-1.167187,0.024287,0.022538,1.430885,-0.586272,0.0,-0.080263,0.230347,-0.0,-0.293179,0.0,0.0,0.0,-0.080263,-0.230347,0.0,-0.293179,0.0,0.0,0.0,0.0,0.008495,-0.000052,0.0,-0.000039,0.0,-0.000039,0.0,-0.000052,0.0,0.0,0.008495,-0.000052,0.0,-0.000039,0.0,-0.000039,0.0,-0.000052,0.0,0.0,0.0,0.0,
0.0,-0.093515,0.687925,0.322717,0.0,0.0,0.0,0.115959,0.414895,-0.369248,0.0,0.0,-1.165851,-0.024276,-0.022566,1.4294,-0.585754,0.0,-1.165851,0.024276,0.022566,1.4294,-0.585754,0.0,-0.079895,0.230223,0.0,-0.293301,0.0,0.0,0.0,-0.079895,-0.230223,0.0,-0.293301,0.0,-0.0,0.0,0.0,0.008495,-0.000052,0.0,-0.000039,-0.0,-0.000039,-0.0,-0.000052,0.0,0.0,0.008495,-0.000052,0.0,-0.000039,-0.0,-0.000039,-0.0,-0.000052,0.0,0.0,0.0,0.0,
0.0,-0.093399,0.68834,0.322348,0.0,0.0,0.0,0.115959,0.414819,-0.369115,0.0,0.0,-1.164516,-0.024265,-0.022593,1.427915,-0.585235,0.0,-1.164516,0.024265,0.022593,1.427915,-0.585235,0.0,-0.079527,0.2301,-0.0,-0.293423,0.0,0.0,0.0,-0.079527,-0.2301,0.0,-0.293423,0.0,0.0,0.0,0.0,0.008495,-0.000052,0.0,-0.000039,-0.0,-0.000039,-0.0,-0.000052,0.0,0.0,0.008495,-0.000052,0.0,-0.000039,-0.0,-0.000039,-0.0,-0.000052,0.0,0.0,0.0,0.0,
0.0,-0.093283,0.688755,0.321979,0.0,0.0,0.0,0.11594,0.414819,-0.369115,0.0,0.0,-1.16318,-0.024254,-0.022621,1.42643,-0.584717,0.0,-1.16318,0.024254,0.022621,1.42643,-0.584717,0.0,-0.079158,0.229976,0.0,-0.293545,0.0,0.0,0.0,-0.079158,-0.229976,0.0,-0.293545,0.0,0.0,0.0,0.0,0.008495,-0.000052,-0.0,-0.000039,-0.0,-0.000039,0.0,-0.000052,-0.0,0.0,0.008495,-0.000052,-0.0,-0.000039,-0.0,-0.000039,0.0,-0.000052,-0.0,0.0,0.0,0.0,
0.0,-0.093167,0.689169,0.321609,0.0,0.0,0.0,0.115959,0.414819,-0.369248,0.0,0.0,-1.161844,-0.024243,-0.022648,1.424945,-0.584199,0.0,-1.161844,0.024243,0.022648,1.424945,-0.584199,0.0,-0.07879,0.229853,0.0,-0.293667,0.0,0.0,0.0,-0.07879,-0.229853,0.0,-0.293667,0.0,0.0,0.0,0.0,0.008495,-0.000052,0.0,-0.000039,-0.0,-0.000039,0.0,-0.000052,0.0,0.0,0.008495,-0.000052,0.0,-0.000039,-0.0,-0.000039,0.0,-0.000052,0.0,0.0,0.0,0.0,
0.0,-0.093051,0.689584,0.32124,0.0,0.0,0.0,0.115949,0.414819,-0.369115,0.0,0.0,-1.160509,-0.024232,-0.022676,1.42346,-0.583681,0.0,-1.160509,0.024232,0.022676,1.42346,-0.583681,0.0,-0.078422,0.229729,0.0,-0.293789,0.0,0.0,0.0,-0.078422,-0.229729,0.0,-0.293789,0.0,0.0,0.0,0.0,0.008495,-0.000052,-0.0,-0.000039,0.0,-0.000039,0.0,-0.000052,0.0,0.0,0.008495,-0.000052,-0.0,-0.000039,0.0,-0.000039,0.0,-0.000052,0.0,0.0,0.0,0.0,
0.0,-0.092935,0.689999,0.320871,0.0,0.0,0.0,0.11594,0.414819,-0.369248,0.0,0.0,-1.159173,-0.024221,-0.022703,1.421975,-0.583163,0.0,-1.159173,0.024221,0.022703,1.421975,-0.583163,0.0,-0.078053,0.229606,0.0,-0.293912,0.0,0.0,0.0,-0.078053,-0.229606,0.0,-0.293912,0.0,0.0,0.0,0.0,0.008495,-0.000052,-0.0,-0.000039,-0.0,-0.000039,0.0,-0.000052,-0.0,0.0,0.008495,-0.000052,-0.0,-0.000039,-0.0,-0.000039,0.0,-0.000052,-0.0,0.0,0.0,0.0,
0.0,-0.092819,0.690414,0.320502,0.0,0.0,0.0,0.115959,0.414819,-0.369115,0.0,0.0,-1.157837,-0.02421,-0.022731,1.42049,-0.582645,0.0,-1.157837,0.02421,0.022731,1.42049,-0.582645,0.0,-0.077685,0.229482,0.0,-0.294034,0.0,0.0,0.0,-0.077685,-0.229482,0.0,-0.294034,0.0,0.0,0.0,0.0,0.008495,-0.000052,-0.0,-0.000039,0.0,-0.000039,0.0,-0.000052,0.0,0.0,0.008495,-0.000052,-0.0,-0.000039,0.0,-0.000039,0.0,-0.000052,0.0,0.0,0.0,0.0,
0.0,-0.092703,0.690829,0.320133,0.0,0.0,0.0,0.115959,0.414895,-0.369248,0.0,0.0,-1.156502,-0.024199,-0.022758,1.419005,-0.582126,0.0,-1.156502,0.024199,0.022758,1.419005,-0.582126,0.0,-0.077317,0.229359,0.0,-0.294156,0.0,0.0,0.0,-0.077317,-0.229359,0.0,-0.294156,0.0,0.0,0.0,0.0,0.008495,-0.000052,0.0,-0.000039,0.0,-0.000039,0.0,-0.000052,0.0,0.0,0.008495,-0.000052,0.0,-0.000039,0.0,-0.000039,0.0,-0.000052,0.0,0.0,0.0,0.0,
0.0,-0.092587,0.691244,0.319764,0.0,0.0,0.0,0.115959,0.414819,-0.369115,0.0,0.0,-1.155166,-0.024188,-0.022786,1.41752,-0.581608,0.0,-1.155166,0.024188,0.022786,1.41752,-0.581608,0.0,-0.076948,0.229235,0.0,-0.294278,0.0,0.0,0.0,-0.076948,-0.229235,-0.0,-0.294278,0.0,0.0,0.0,0.0,0.008495,-0.000052,0.0,-0.000039,0.0,-0.000039,0.0,-0.000052,0.0,0.0,0.008495,-0.000052,0.0,-0.000039,0.0,-0.000039,0.0,-0.000052,0.0,0.0,0.0,0.0,
0.0,-0.092471,0.691658,0.319395,0.0,0.0,0.0,0.11594,0.414819,-0.369115,0.0,0.0,-1.15383,-0.024177,-0.022813,1.416036,-0.58109,0.0,-1.15383,0.024177,0.022813,1.416036,-0.58109,0.0,-0.07658,0.229112,0.0,-0.2944,0.0,0.0,0.0,-0.07658,-0.229112,0.0,-0.2944,0.0,0.0,0.0,0.0,0.008495,-0.000052,0.0,-0.000039,-0.0,-0.000039,0.0,-0.000052,0.0,0.0,0.008495,-0.000052,0.0,-0.000039,-0.0,-0.000039,0.0,-0.000052,0.0,0.0,0.0,0.0,
0.0,-0.092355,0.692073,0.319025,0.0,0.0,0.0,0.115949,0.414819,-0.369248,0.0,0.0,-1.152494,-0.024166,-0.022841,1.414551,-0.580572,0.0,-1.152494,0.024166,0.022841,1.414551,-0.580572,0.0,-0.076212,0.228988,0.0,-0.294522,0.0,0.0,0.0,-0.076212,-0.228988,0.0,-0.294522,0.0,0.0,0.0,0.0,0.008495,-0.000052,0.0,-0.000039,0.0,-0.000039,0.0,-0.000052,0.0,0.0,0.008495,-0.000052,0.0,-0.000039,0.0,-0.000039,0.0,-0.000052,0.0,0.0,0.0,0.0,
0.0,-0.092239,0.692488,0.318656,0.0,0.0,0.0,0.115959,0.414895,-0.369115,0.0,0.0,-1.151159,-0.024155,-0.022868,1.413066,-0.580054,0.0,-1.151159,0.024155,0.022868,1.413066,-0.580054,0.0,-0.075843,0.228865,0.0,-0.294645,0.0,0.0,0.0,-0.075843,-0.228865,0.0,-0.294645,0.0,0.0,0.0,0.0,0.008495,-0.000052,0.0,-0.000039,0.0,-0.000039,0.0,-0.000052,0.0,0.0,0.008495,-0.000052,0.0,-0.000039,0.0,-0.000039,0.0,-0.000052,0.0,0.0,0.0,0.0,
0.0,-0.092123,0.692903,0.318287,0.0,0.0,0.0,0.11594,0.414742,-0.369115,0.0,0.0,-1.149823,-0.024144,-0.022896,1.411581,-0.579536,0.0,-1.149823,0.024144,0.022896,1.411581,-0.579536,0.0,-0.075475,0.228741,-0.0,-0.294767,0.0,0.0,0.0,-0.075475,-0.228741,0.0,-0.294767,0.0,-0.0,0.0,0.0,0.008495,-0.000052,-0.0,-0.000039,-0.0,-0.000039,-0.0,-0.000052,0.0,0.0,0.008495,-0.000052,-0.0,-0.000039,-0.0,-0.000039,-0.0,-0.000052,0.0,0.0,0.0,0.0,
0.0,-0.092007,0.693318,0.317918,0.0,0.0,0.0,0.115959,0.414895,-0.369248,0.0,0.0,-1.148487,-0.024133,-0.022923,1.410096,-0.579017,0.0,-1.148487,0.024133,0.022923,1.410096,-0.579017,0.0,-0.075106,0.228618,0.0,-0.294889,0.0,0.0,0.0,-0.075106,-0.228618,0.0,-0.294889,0.0,0.0,0.0,0.0,0.008495,-0.000052,0.0,-0.000039,0.0,-0.000039,0.0,-0.000052,0.0,0.0,0.008495,-0.000052,0.0,-0.000039,0.0,-0.000039,0.0,-0.000052,0.0,0.0,0.0,0.0,
0.0,-0.091891,0.693733,0.317549,0.0,0.0,0.0,0.115959,0.414819,-0.369115,0.0,0.0,-1.147152,-0.024122,-0.02295,1.408611,-0.578499,0.0,-1.147152,0.024122,0.02295,1.408611,-0.578499,0.0,-0.074738,0.228494,0.0,-0.295011,0.0,-0.0,0.0,-0.074738,-0.228494,0.0,-0.295011,0.0,0.0,0.0,0.0,0.008495,-0.000052,0.0,-0.000039,-0.0,-0.000039,0.0,-0.000052,0.0,0.0,0.008495,-0.000052,0.0,-0.000039,-0.0,-0.000039,0.0,-0.000052,0.0,0.0,0.0,0.0,
0.0,-0.091775,0.694147,0.31718,0.0,0.0,0.0,0.11594,0.414819,-0.369115,0.0,0.0,-1.145816,-0.024111,-0.022978,1.407126,-0.577981,0.0,-1.145816,0.024111,0.022978,1.407126,-0.577981,0.0,-0.07437,0.228371,0.0,-0.295133,0.0,0.0,0.0,-0.07437,-0.228371,0.0,-0.295133,0.0,0.0,0.0,0.0,0.008495,-0.000052,-0.0,-0.000039,-0.0,-0.000039,0.0,-0.000052,0.0,0.0,0.008495,-0.000052,-0.0,-0.000039,-0.0,-0.000039,0.0,-0.000052,0.0,0.0,0.0,0.0,
0.0,-0.09166,0.694562,0.31681,0.0,0.0,0.0,0.115959,0.414819,-0.369248,0.0,0.0,-1.14448,-0.0241,-0.023005,1.405641,-0.577463,-0.0,-1.14448,0.0241,0.023005,1.405641,-0.577463,0.0,-0.074001,0.228247,0.0,-0.295255,0.0,0.0,0.0,-0.074001,-0.228247,0.0,-0.295255,0.0,0.0,0.0,0.0,0.008495,-0.000052,-0.0,-0.000039,0.0,-0.000039,0.0,-0.000052,0.0,0.0,0.008495,-0.000052,-0.0,-0.000039,0.0,-0.000039,0.0,-0.000052,0.0,0.0,-0.0,0.0,
0.0,-0.091544,0.694977,0.316441,0.0,0.0,0.0,0.115949,0.414819,-0.369115,0.0,0.0,-1.143145,-0.024089,-0.023033,1.404157,-0.576945,0.0,-1.143145,0.024089,0.023033,1.404157,-0.576945,0.0,-0.073633,0.228124,0.0,-0.295378,0.0,-0.0,0.0,-0.073633,-0.228124,0.0,-0.295378,0.0,0.0,0.0,0.0,0.008495,-0.000052,-0.0,-0.000039,0.0,-0.000039,0.0,-0.000052,0.0,0.0,0.008495,-0.000052,-0.0,-0.000039,0.0,-0.000039,0.0,-0.000052,0.0,0.0,0.0,0.0,
0.0,-0.091428,0.695392,0.316072,0.0,0.0,0.0,0.11594,0.414819,-0.369115,0.0,0.0,-1.141809,-0.024078,-0.02306,1.402672,-0.576427,0.0,-1.141809,0.024078,0.02306,1.402672,-0.576427,0.0,-0.073265,0.228,0.0,-0.2955,0.0,0.0,0.0,-0.073265,-0.228,0.0,-0.2955,0.0,0.0,0.0,0.0,0.008495,-0.000052,-0.0,-0.000039,0.0,-0.000039,-0.0,-0.000052,0.0,0.0,0.008495,-0.000052,-0.0,-0.000039,0.0,-0.000039,-0.0,-0.000052,0.0,0.0,0.0,0.0,
0.0,-0.091312,0.695807,0.315703,0.0,0.0,0.0,0.115959,0.414895,-0.369248,0.0,0.0,-1.140473,-0.024067,-0.023088,1.401187,-0.575908,0.0,-1.140473,0.024067,0.023088,1.401187,-0.575908,0.0,-0.072896,0.227877,0.0,-0.295622,0.0,-0.0,0.0,-0.072896,-0.227877,0.0,-0.295622,0.0,0.0,0.0,0.0,0.008495,-0.000052,-0.0,-0.000039,0.0,-0.000039,0.0,-0.000052,0.0,0.0,0.008495,-0.000052,-0.0,-0.000039,0.0,-0.000039,0.0,-0.000052,0.0,0.0,0.0,0.0,
0.0,-0.091196,0.696222,0.315334,0.0,0.0,0.0,0.115959,0.414819,-0.369115,0.0,0.0,-1.139138,-0.024056,-0.023115,1.399702,-0.57539,0.0,-1.139138,0.024056,0.023115,1.399702,-0.57539,0.0,-0.072528,0.227753,0.0,-0.295744,0.0,0.0,0.0,-0.072528,-0.227753,0.0,-0.295744,0.0,-0.0,0.0,0.0,0.008495,-0.000052,0.0,-0.000039,-0.0,-0.000039,0.0,-0.000052,0.0,0.0,0.008495,-0.000052,0.0,-0.000039,-0.0,-0.000039,0.0,-0.000052,0.0,0.0,-0.0,0.0,
0.0,-0.091076,0.696634,0.314949,0.0,0.0,0.0,0.119878,0.412225,-0.384694,0.0,0.0,-1.137782,-0.024042,-0.023141,1.39821,-0.57487,0.0,-1.137782,0.024042,0.023141,1.39821,-0.57487,0.0,-0.072162,0.227631,0.0,-0.295866,0.0,0.0,0.0,-0.072162,-0.227631,0.0,-0.295866,0.0,-0.0,0.0,0.0,0.008495,-0.000052,-0.0,-0.000039,0.0,-0.000039,0.0,-0.000052,0.0,0.0,0.008495,-0.000052,-0.0,-0.000039,0.0,-0.000039,0.0,-0.000052,0.0,0.0,0.0,0.0,
0.0,-0.090948,0.697041,0.314534,0.0,0.0,0.0,0.127623,0.406885,-0.415054,0.0,0.0,-1.136386,-0.024022,-0.023163,1.396705,-0.574346,0.0,-1.136386,0.024022,0.023163,1.396705,-0.574346,0.0,-0.071801,0.227511,0.0,-0.295986,0.0,0.0,0.0,-0.071801,-0.227511,0.0,-0.295986,0.0,0.0,0.0,0.0,0.008495,-0.000052,-0.0,-0.000039,0.0,-0.000039,0.0,-0.000052,0.0,0.0,0.008495,-0.000052,-0.0,-0.000039,0.0,-0.000039,0.0,-0.000052,0.0,0.0,-0.0,0.0,
0.0,-0.090821,0.697448,0.314119,0.0,0.0,0.0,0.127632,0.406961,-0.415188,0.0,0.0,-1.13499,-0.024002,-0.023185,1.395198,-0.573821,0.0,-1.13499,0.024002,0.023185,1.395198,-0.573821,0.0,-0.07144,0.227391,0.0,-0.296106,0.0,0.0,0.0,-0.07144,-0.227391,-0.0,-0.296106,0.0,0.0,0.0,0.0,0.008495,-0.000052,-0.0,-0.000039,0.0,-0.000039,0.0,-0.000052,0.0,0.0,0.008495,-0.000052,-0.0,-0.000039,0.0,-0.000039,0.0,-0.000052,0.0,0.0,0.0,0.0,
0.0,-0.090693,0.697855,0.313704,0.0,0.0,0.0,0.127632,0.407037,-0.415054,0.0,0.0,-1.133593,-0.023982,-0.023207,1.393692,-0.573297,0.0,-1.133593,0.023982,0.023207,1.393692,-0.573297,0.0,-0.071079,0.227272,0.0,-0.296227,0.0,0.0,0.0,-0.071079,-0.227272,0.0,-0.296227,0.0,0.0,0.0,0.0,0.008495,-0.000052,-0.0,-0.000039,-0.0,-0.000039,0.0,-0.000052,0.0,0.0,0.008495,-0.000052,-0.0,-0.000039,-0.0,-0.000039,0.0,-0.000052,0.0,0.0,0.0,0.0,
0.0,-0.090565,0.698262,0.313289,0.0,0.0,0.0,0.127613,0.406885,-0.415054,0.0,0.0,-1.132197,-0.023962,-0.023229,1.392186,-0.572772,0.0,-1.132197,0.023962,0.023229,1.392186,-0.572772,0.0,-0.070718,0.227152,0.0,-0.296347,0.0,0.0,0.0,-0.070718,-0.227152,0.0,-0.296347,0.0,0.0,0.0,0.0,0.008495,-0.000052,-0.0,-0.000039,-0.0,-0.000039,-0.0,-0.000052,0.0,0.0,0.008495,-0.000052,-0.0,-0.000039,-0.0,-0.000039,-0.0,-0.000052,0.0,0.0,0.0,0.0,
0.0,-0.090438,0.698668,0.312873,0.0,0.0,0.0,0.127632,0.406961,-0.415188,0.0,0.0,-1.130801,-0.023942,-0.023251,1.39068,-0.572248,0.0,-1.130801,0.023942,0.023251,1.39068,-0.572248,0.0,-0.070357,0.227032,0.0,-0.296468,0.0,-0.0,0.0,-0.070357,-0.227032,0.0,-0.296468,0.0,0.0,0.0,0.0,0.008495,-0.000052,0.0,-0.000039,-0.0,-0.000039,-0.0,-0.000052,0.0,0.0,0.008495,-0.000052,0.0,-0.000039,-0.0,-0.000039,-0.0,-0.000052,0.0,0.0,0.0,0.0,
0.0,-0.09031,0.699076,0.312458,0.0,0.0,0.0,0.127632,0.407037,-0.415054,0.0,0.0,-1.129405,-0.023922,-0.023273,1.389174,-0.571723,0.0,-1.129405,0.023922,0.023273,1.389174,-0.571723,0.0,-0.069996,0.226912,0.0,-0.296588,0.0,0.0,0.0,-0.069996,-0.226912,-0.0,-0.296588,0.0,0.0,0.0,0.0,0.008495,-0.000052,0.0,-0.000039,-0.0,-0.000039,0.0,-0.000052,0.0,0.0,0.008495,-0.000052,0.0,-0.000039,-0.0,-0.000039,0.0,-0.000052,0.0,0.0,0.0,0.0,
0.0,-0.090182,0.699483,0.312043,0.0,0.0,0.0,0.127623,0.406885,-0.415054,0.0,0.0,-1.128009,-0.023901,-0.023295,1.387668,-0.571199,0.0,-1.128009,0.023901,0.023295,1.387668,-0.571199,0.0,-0.069636,0.226792,0.0,-0.296708,0.0,-0.0,0.0,-0.069636,-0.226792,0.0,-0.296708,0.0,0.0,0.0,0.0,0.008495,-0.000052,-0.0,-0.000039,-0.0,-0.000039,0.0,-0.000052,0.0,0.0,0.008495,-0.000052,-0.0,-0.000039,-0.0,-0.000039,0.0,-0.000052,0.0,0.0,0.0,0.0,
0.0,-0.090055,0.699889,0.311628,0.0,0.0,0.0,0.127632,0.407037,-0.415188,0.0,0.0,-1.126613,-0.023881,-0.023317,1.386162,-0.570674,0.0,-1.126613,0.023881,0.023317,1.386162,-0.570674,0.0,-0.069275,0.226673,0.0,-0.296829,0.0,-0.0,0.0,-0.069275,-0.226673,0.0,-0.296829,0.0,0.0,0.0,0.0,0.008495,-0.000052,-0.0,-0.000039,-0.0,-0.000039,0.0,-0.000052,0.0,0.0,0.008495,-0.000052,-0.0,-0.000039,-0.0,-0.000039,0.0,-0.000052,0.0,0.0,0.0,0.0,
0.0,-0.089927,0.700296,0.311213,0.0,0.0,0.0,0.127632,0.406961,-0.415054,0.0,0.0,-1.125216,-0.023861,-0.023339,1.384655,-0.57015,0.0,-1.125216,0.023861,0.023339,1.384655,-0.57015,0.0,-0.068914,0.226553,0.0,-0.296949,0.0,0.0,0.0,-0.068914,-0.226553,0.0,-0.296949,0.0,0.0,0.0,0.0,0.008495,-0.000052,-0.0,-0.000039,0.0,-0.000039,0.0,-0.000052,0.0,0.0,0.008495,-0.000052,-0.0,-0.000039,0.0,-0.000039,0.0,-0.000052,0.0,0.0,0.0,0.0,
0.0,-0.0898,0.700703,0.310798,0.0,0.0,0.0,0.127613,0.406885,-0.415188,0.0,0.0,-1.12382,-0.023841,-0.023361,1.383149,-0.569625,0.0,-1.12382,0.023841,0.023361,1.383149,-0.569625,0.0,-0.068553,0.226433,0.0,-0.297069,0.0,0.0,0.0,-0.068553,-0.226433,0.0,-0.297069,0.0,0.0,0.0,0.0,0.008495,-0.000052,-0.0,-0.000039,-0.0,-0.000039,0.0,-0.000052,0.0,0.0,0.008495,-0.000052,-0.0,-0.000039,-0.0,-0.000039,0.0,-0.000052,0.0,0.0,0.0,0.0,
0.0,-0.089672,0.70111,0.310383,0.0,0.0,0.0,0.127632,0.407037,-0.415054,0.0,0.0,-1.122424,-0.023821,-0.023383,1.381643,-0.569101,0.0,-1.122424,0.023821,0.023383,1.381643,-0.569101,0.0,-0.068192,0.226313,0.0,-0.29719,0.0,0.0,0.0,-0.068192,-0.226313,0.0,-0.29719,0.0,-0.0,0.0,0.0,0.008495,-0.000052,0.0,-0.000039,0.0,-0.000039,0.0,-0.000052,0.0,0.0,0.008495,-0.000052,0.0,-0.000039,0.0,-0.000039,0.0,-0.000052,0.0,0.0,0.0,0.0,
0.0,-0.089544,0.701517,0.309968,0.0,0.0,0.0,0.127632,0.406961,-0.415188,0.0,0.0,-1.121027,-0.023801,-0.023405,1.380137,-0.568576,0.0,-1.121027,0.023801,0.023405,1.380137,-0.568576,0.0,-0.067831,0.226193,0.0,-0.29731,0.0,0.0,0.0,-0.067831,-0.226193,-0.0,-0.29731,-0.0,0.0,0.0,0.0,0.008495,-0.000052,-0.0,-0.000039,0.0,-0.000039,0.0,-0.000052,0.0,0.0,0.008495,-0.000052,-0.0,-0.000039,0.0,-0.000039,0.0,-0.000052,0.0,0.0,0.0,0.0,
0.0,-0.089417,0.701924,0.309553,0.0,0.0,0.0,0.127623,0.406885,-0.415054,0.0,0.0,-1.119631,-0.023781,-0.023427,1.378631,-0.568052,0.0,-1.119631,0.023781,0.023427,1.378631,-0.568052,0.0,-0.06747,0.226074,0.0,-0.29743,0.0,0.0,0.0,-0.06747,-0.226074,0.0,-0.29743,-0.0,0.0,0.0,0.0,0.008495,-0.000052,0.0,-0.000039,-0.0,-0.000039,0.0,-0.000052,0.0,0.0,0.008495,-0.000052,0.0,-0.000039,-0.0,-0.000039,0.0,-0.000052,0.0,0.0,0.0,0.0,
0.0,-0.089289,0.702331,0.309138,0.0,0.0,0.0,0.127632,0.407037,-0.415054,0.0,0.0,-1.118235,-0.02376,-0.023449,1.377124,-0.567527,0.0,-1.118235,0.02376,0.023449,1.377124,-0.567527,0.0,-0.067109,0.225954,0.0,-0.297551,0.0,-0.0,0.0,-0.067109,-0.225954,0.0,-0.297551,0.0,0.0,0.0,0.0,0.008495,-0.000052,0.0,-0.000039,-0.0,-0.000039,0.0,-0.000052,0.0,0.0,0.008495,-0.000052,0.0,-0.000039,-0.0,-0.000039,0.0,-0.000052,0.0,0.0,0.0,0.0,
0.0,-0.089161,0.702738,0.308722,0.0,0.0,0.0,0.127632,0.406961,-0.415188,0.0,0.0,-1.116839,-0.02374,-0.023471,1.375618,-0.567003,0.0,-1.116839,0.02374,0.023471,1.375618,-0.567003,0.0,-0.066748,0.225834,0.0,-0.297671,0.0,0.0,0.0,-0.066748,-0.225834,-0.0,-0.297671,0.0,0.0,0.0,0.0,0.008495,-0.000052,-0.0,-0.000039,0.0,-0.000039,-0.0,-0.000052,0.0,0.0,0.008495,-0.000052,-0.0,-0.000039,0.0,-0.000039,-0.0,-0.000052,0.0,0.0,0.0,0.0,
0.0,-0.089034,0.703145,0.308307,0.0,0.0,0.0,0.127613,0.406961,-0.415054,0.0,0.0,-1.115443,-0.02372,-0.023493,1.374112,-0.566479,0.0,-1.115443,0.02372,0.023493,1.374112,-0.566479,0.0,-0.066387,0.225714,-0.0,-0.297792,0.0,-0.0,0.0,-0.066387,-0.225714,0.0,-0.297792,0.0,0.0,0.0,0.0,0.008495,-0.000052,0.0,-0.000039,-0.0,-0.000039,-0.0,-0.000052,0.0,0.0,0.008495,-0.000052,0.0,-0.000039,-0.0,-0.000039,-0.0,-0.000052,0.0,0.0,0.0,0.0,
0.0,-0.088906,0.703552,0.307892,0.0,0.0,0.0,0.127632,0.406961,-0.415188,0.0,0.0,-1.114046,-0.0237,-0.023515,1.372606,-0.565954,0.0,-1.114046,0.0237,0.023515,1.372606,-0.565954,0.0,-0.066026,0.225594,0.0,-0.297912,0.0,-0.0,0.0,-0.066026,-0.225594,0.0,-0.297912,0.0,0.0,0.0,0.0,0.008495,-0.000052,-0.0,-0.000039,-0.0,-0.000039,0.0,-0.000052,0.0,0.0,0.008495,-0.000052,-0.0,-0.000039,-0.0,-0.000039,0.0,-0.000052,0.0,0.0,0.0,0.0,
0.0,-0.088779,0.703959,0.307477,0.0,0.0,0.0,0.127632,0.406961,-0.415054,0.0,0.0,-1.11265,-0.02368,-0.023537,1.3711,-0.56543,0.0,-1.11265,0.02368,0.023537,1.3711,-0.56543,0.0,-0.065665,0.225475,0.0,-0.298032,0.0,0.0,0.0,-0.065665,-0.225475,0.0,-0.298032,0.0,0.0,0.0,0.0,0.008495,-0.000052,0.0,-0.000039,0.0,-0.000039,-0.0,-0.000052,0.0,0.0,0.008495,-0.000052,0.0,-0.000039,0.0,-0.000039,-0.0,-0.000052,0.0,0.0,0.0,0.0,
0.0,-0.088651,0.704366,0.307062,0.0,0.0,0.0,0.127632,0.406961,-0.415188,0.0,0.0,-1.111253,-0.02366,-0.023558,1.369593,-0.564905,0.0,-1.111253,0.02366,0.023558,1.369593,-0.564905,0.0,-0.065304,0.225355,-0.0,-0.298153,-0.0,-0.0,0.0,-0.065304,-0.225355,0.0,-0.298153,0.0,0.0,0.0,0.0,0.008495,-0.000052,-0.0,-0.000039,-0.0,-0.000039,-0.0,-0.000052,0.0,0.0,0.008495,-0.000052,-0.0,-0.000039,-0.0,-0.000039,-0.0,-0.000052,0.0,0.0,0.0,0.0,
0.0,-0.088523,0.704773,0.306647,0.0,0.0,0.0,0.127613,0.406961,-0.415054,0.0,0.0,-1.109857,-0.023639,-0.02358,1.368087,-0.564381,0.0,-1.109857,0.023639,0.02358,1.368087,-0.564381,0.0,-0.064943,0.225235,0.0,-0.298273,0.0,0.0,0.0,-0.064943,-0.225235,0.0,-0.298273,0.0,0.0,0.0,0.0,0.008495,-0.000052,0.0,-0.000039,0.0,-0.000039,0.0,-0.000052,0.0,0.0,0.008495,-0.000052,0.0,-0.000039,0.0,-0.000039,0.0,-0.000052,0.0,0.0,0.0,0.0,
0.0,-0.088396,0.70518,0.306232,0.0,0.0,0.0,0.127642,0.406961,-0.415054,0.0,0.0,-1.108461,-0.023619,-0.023602,1.366581,-0.563856,0.0,-1.108461,0.023619,0.023602,1.366581,-0.563856,0.0,-0.064582,0.225115,0.0,-0.298393,0.0,-0.0,0.0,-0.064582,-0.225115,-0.0,-0.298393,0.0,0.0,0.0,0.0,0.008495,-0.000052,0.0,-0.000039,-0.0,-0.000039,0.0,-0.000052,0.0,0.0,0.008495,-0.000052,0.0,-0.000039,-0.0,-0.000039,0.0,-0.000052,0.0,0.0,0.0,0.0,
0.0,-0.088268,0.705587,0.305817,0.0,0.0,0.0,0.127632,0.406961,-0.415188,0.0,0.0,-1.107065,-0.023599,-0.023624,1.365075,-0.563332,0.0,-1.107065,0.023599,0.023624,1.365075,-0.563332,0.0,-0.064221,0.224995,0.0,-0.298514,0.0,-0.0,0.0,-0.064221,-0.224995,0.0,-0.298514,0.0,0.0,0.0,0.0,0.008495,-0.000052,-0.0,-0.000039,-0.0,-0.000039,0.0,-0.000052,0.0,0.0,0.008495,-0.000052,-0.0,-0.000039,-0.0,-0.000039,0.0,-0.000052,0.0,0.0,0.0,0.0,
0.0,-0.08814,0.705994,0.305402,0.0,0.0,0.0,0.127613,0.406961,-0.415054,0.0,0.0,-1.105669,-0.023579,-0.023646,1.363568,-0.562807,0.0,-1.105669,0.023579,0.023646,1.363568,-0.562807,0.0,-0.06386,0.224876,0.0,-0.298634,0.0,0.0,0.0,-0.06386,-0.224876,0.0,-0.298634,0.0,-0.0,0.0,0.0,0.008495,-0.000052,-0.0,-0.000039,-0.0,-0.000039,0.0,-0.000052,0.0,0.0,0.008495,-0.000052,-0.0,-0.000039,-0.0,-0.000039,0.0,-0.000052,0.0,0.0,0.0,0.0,
0.0,-0.088013,0.706401,0.304986,0.0,0.0,0.0,0.127632,0.406961,-0.415188,0.0,0.0,-1.104272,-0.023559,-0.023668,1.362062,-0.562283,0.0,-1.104272,0.023559,0.023668,1.362062,-0.562283,0.0,-0.063499,0.224756,0.0,-0.298754,0.0,0.0,0.0,-0.063499,-0.224756,0.0,-0.298754,0.0,0.0,0.0,0.0,0.008495,-0.000052,-0.0,-0.000039,0.0,-0.000039,0.0,-0.000052,0.0,0.0,0.008495,-0.000052,-0.0,-0.000039,0.0,-0.000039,0.0,-0.000052,0.0,0.0,0.0,0.0,
0.0,-0.087885,0.706808,0.304571,0.0,0.0,0.0,0.127632,0.406961,-0.415054,0.0,0.0,-1.102876,-0.023539,-0.02369,1.360556,-0.561758,0.0,-1.102876,0.023539,0.02369,1.360556,-0.561758,0.0,-0.063139,0.224636,0.0,-0.298875,0.0,0.0,0.0,-0.063139,-0.224636,0.0,-0.298875,0.0,-0.0,0.0,0.0,0.008495,-0.000052,0.0,-0.000039,0.0,-0.000039,-0.0,-0.000052,0.0,0.0,0.008495,-0.000052,0.0,-0.000039,0.0,-0.000039,-0.0,-0.000052,0.0,0.0,0.0,0.0,
0.0,-0.087758,0.707215,0.304156,0.0,0.0,0.0,0.127613,0.406961,-0.415054,0.0,0.0,-1.10148,-0.023519,-0.023712,1.35905,-0.561234,0.0,-1.10148,0.023519,0.023712,1.35905,-0.561234,0.0,-0.062778,0.224516,0.0,-0.298995,0.0,0.0,0.0,-0.062778,-0.224516,-0.0,-0.298995,0.0,0.0,0.0,0.0,0.008495,-0.000052,0.0,-0.000039,0.0,-0.000039,0.0,-0.000052,0.0,0.0,0.008495,-0.000052,0.0,-0.000039,0.0,-0.000039,0.0,-0.000052,0.0,0.0,0.0,0.0,
0.0,-0.08763,0.707622,0.303741,0.0,0.0,0.0,0.127632,0.406961,-0.415188,0.0,0.0,-1.100084,-0.023498,-0.023734,1.357544,-0.560709,0.0,-1.100084,0.023498,0.023734,1.357544,-0.560709,0.0,-0.062417,0.224397,0.0,-0.299115,0.0,0.0,0.0,-0.062417,-0.224397,-0.0,-0.299115,0.0,0.0,0.0,0.0,0.008495,-0.000052,0.0,-0.000039,-0.0,-0.000039,-0.0,-0.000052,0.0,0.0,0.008495,-0.000052,0.0,-0.000039,-0.0,-0.000039,-0.0,-0.000052,0.0,0.0,0.0,0.0,
0.0,-0.087502,0.708029,0.303326,0.0,0.0,0.0,0.127632,0.407037,-0.415054,0.0,0.0,-1.098687,-0.023478,-0.023756,1.356038,-0.560185,0.0,-1.098687,0.023478,0.023756,1.356038,-0.560185,0.0,-0.062056,0.224277,0.0,-0.299236,0.0,0.0,0.0,-0.062056,-0.224277,-0.0,-0.299236,0.0,0.0,0.0,0.0,0.008495,-0.000052,0.0,-0.000039,0.0,-0.000039,0.0,-0.000052,0.0,0.0,0.008495,-0.000052,0.0,-0.000039,0.0,-0.000039,0.0,-0.000052,0.0,0.0,0.0,0.0,
0.0,-0.087375,0.708436,0.302911,0.0,0.0,0.0,0.127623,0.406885,-0.415054,0.0,0.0,-1.097291,-0.023458,-0.023778,1.354532,-0.559661,0.0,-1.097291,0.023458,0.023778,1.354532,-0.559661,0.0,-0.061695,0.224157,0.0,-0.299356,0.0,0.0,0.0,-0.061695,-0.224157,0.0,-0.299356,0.0,0.0,0.0,0.0,0.008495,-0.000052,-0.0,-0.000039,-0.0,-0.000039,-0.0,-0.000052,0.0,0.0,0.008495,-0.000052,-0.0,-0.000039,-0.0,-0.000039,-0.0,-0.000052,0.0,0.0,0.0,0.0,
0.0,-0.087247,0.708843,0.302496,0.0,0.0,0.0,0.127632,0.406961,-0.415188,0.0,0.0,-1.095895,-0.023438,-0.0238,1.353025,-0.559136,0.0,-1.095895,0.023438,0.0238,1.353025,-0.559136,0.0,-0.061334,0.224037,0.0,-0.299477,0.0,0.0,0.0,-0.061334,-0.224037,0.0,-0.299477,0.0,0.0,0.0,0.0,0.008495,-0.000052,0.0,-0.000039,0.0,-0.000039,0.0,-0.000052,0.0,0.0,0.008495,-0.000052,0.0,-0.000039,0.0,-0.000039,0.0,-0.000052,0.0,0.0,0.0,0.0,
0.0,-0.087119,0.70925,0.302081,0.0,0.0,0.0,0.127632,0.407037,-0.415054,0.0,0.0,-1.094499,-0.023418,-0.023822,1.351519,-0.558612,0.0,-1.094499,0.023418,0.023822,1.351519,-0.558612,0.0,-0.060973,0.223917,0.0,-0.299597,0.0,0.0,0.0,-0.060973,-0.223917,-0.0,-0.299597,0.0,0.0,0.0,0.0,0.008495,-0.000052,-0.0,-0.000039,-0.0,-0.000039,-0.0,-0.000052,0.0,0.0,0.008495,-0.000052,-0.0,-0.000039,-0.0,-0.000039,-0.0,-0.000052,0.0,0.0,0.0,0.0,
0.0,-0.086992,0.709657,0.301666,0.0,0.0,0.0,0.127632,0.406961,-0.415188,0.0,0.0,-1.093103,-0.023398,-0.023844,1.350013,-0.558087,0.0,-1.093103,0.023398,0.023844,1.350013,-0.558087,0.0,-0.060612,0.223798,0.0,-0.299717,0.0,0.0,0.0,-0.060612,-0.223798,0.0,-0.299717,0.0,-0.0,0.0,0.0,0.008495,-0.000052,0.0,-0.000039,-0.0,-0.000039,-0.0,-0.000052,0.0,0.0,0.008495,-0.000052,0.0,-0.000039,-0.0,-0.000039,-0.0,-0.000052,0.0,0.0,0.0,0.0,
0.0,-0.086864,0.710064,0.30125,0.0,0.0,0.0,0.127661,0.406885,-0.415188,0.0,0.0,-1.091706,-0.023378,-0.023866,1.348507,-0.557563,0.0,-1.091706,0.023378,0.023866,1.348507,-0.557563,0.0,-0.060251,0.223678,0.0,-0.299838,0.0,0.0,0.0,-0.060251,-0.223678,0.0,-0.299838,0.0,0.0,0.0,0.0,0.008495,-0.000052,-0.0,-0.000039,0.0,-0.000039,0.0,-0.000052,0.0,0.0,0.008495,-0.000052,-0.0,-0.000039,0.0,-0.000039,0.0,-0.000052,0.0,0.0,-0.0,0.0,
0.0,-0.086726,0.710462,0.300797,0.0,0.0,0.0,0.137742,0.398112,-0.453537,0.0,0.0,-1.090258,-0.023352,-0.023881,1.34698,-0.55703,0.0,-1.090258,0.023352,0.023881,1.34698,-0.55703,0.0,-0.059897,0.22356,0.0,-0.299956,0.0,-0.0,0.0,-0.059897,-0.22356,0.0,-0.299956,0.0,0.0,0.0,0.0,0.008495,-0.000052,0.0,-0.000039,-0.0,-0.000039,-0.0,-0.000052,0.0,0.0,0.008495,-0.000052,0.0,-0.000039,-0.0,-0.000039,-0.0,-0.000052,0.0,0.0,0.0,0.0,
0.0,-0.086589,0.71086,0.300343,0.0,0.0,0.0,0.137742,0.398112,-0.45367,0.0,0.0,-1.088809,-0.023326,-0.023895,1.345453,-0.556497,0.0,-1.088809,0.023326,0.023895,1.345453,-0.556497,0.0,-0.059544,0.223442,0.0,-0.300075,0.0,-0.0,0.0,-0.059544,-0.223442,0.0,-0.300075,0.0,0.0,0.0,0.0,0.008495,-0.000052,0.0,-0.000039,0.0,-0.000039,0.0,-0.000052,0.0,0.0,0.008495,-0.000052,0.0,-0.000039,0.0,-0.000039,0.0,-0.000052,0.0,0.0,0.0,0.0,
0.0,-0.086451,0.711258,0.29989,0.0,0.0,0.0,0.137732,0.398112,-0.453404,0.0,0.0,-1.087361,-0.023301,-0.02391,1.343926,-0.555965,0.0,-1.087361,0.023301,0.02391,1.343926,-0.555965,0.0,-0.05919,0.223324,0.0,-0.300193,0.0,0.0,0.0,-0.05919,-0.223324,0.0,-0.300193,0.0,0.0,0.0,0.0,0.008495,-0.000052,-0.0,-0.000039,0.0,-0.000039,0.0,-0.000052,0.0,0.0,0.008495,-0.000052,-0.0,-0.000039,0.0,-0.000039,0.0,-0.000052,0.0,0.0,0.0,0.0,
0.0,-0.086313,0.711656,0.299436,0.0,0.0,0.0,0.137742,0.398112,-0.453537,0.0,0.0,-1.085912,-0.023275,-0.023925,1.342399,-0.555432,0.0,-1.085912,0.023275,0.023925,1.342399,-0.555432,0.0,-0.058837,0.223206,0.0,-0.300312,0.0,-0.0,0.0,-0.058837,-0.223206,0.0,-0.300312,0.0,0.0,0.0,0.0,0.008495,-0.000052,0.0,-0.000039,0.0,-0.000039,0.0,-0.000052,0.0,0.0,0.008495,-0.000052,0.0,-0.000039,0.0,-0.000039,0.0,-0.000052,0.0,0.0,0.0,0.0,
0.0,-0.086175,0.712054,0.298983,0.0,0.0,0.0,0.137742,0.398188,-0.453537,0.0,0.0,-1.084464,-0.023249,-0.023939,1.340872,-0.554899,0.0,-1.084464,0.023249,0.023939,1.340872,-0.554899,0.0,-0.058483,0.223088,0.0,-0.30043,0.0,0.0,0.0,-0.058483,-0.223088,0.0,-0.30043,0.0,-0.0,0.0,0.0,0.008495,-0.000052,-0.0,-0.000039,0.0,-0.000039,0.0,-0.000052,0.0,0.0,0.008495,-0.000052,-0.0,-0.000039,0.0,-0.000039,0.0,-0.000052,0.0,0.0,0.0,0.0,
0.0,-0.086038,0.712452,0.298529,0.0,0.0,0.0,0.137723,0.398035,-0.453537,0.0,0.0,-1.083015,-0.023224,-0.023954,1.339345,-0.554367,0.0,-1.083015,0.023224,0.023954,1.339345,-0.554367,0.0,-0.05813,0.22297,0.0,-0.300549,0.0,0.0,0.0,-0.05813,-0.22297,0.0,-0.300549,0.0,-0.0,0.0,0.0,0.008495,-0.000052,0.0,-0.000039,-0.0,-0.000039,0.0,-0.000052,0.0,0.0,0.008495,-0.000052,0.0,-0.000039,-0.0,-0.000039,0.0,-0.000052,0.0,0.0,0.0,0.0,
0.0,-0.0859,0.71285,0.298076,0.0,0.0,0.0,0.137751,0.398112,-0.453537,0.0,0.0,-1.081567,-0.023198,-0.023969,1.337818,-0.553834,-0.0,-1.081567,0.023198,0.023969,1.337818,-0.553834,0.0,-0.057776,0.222852,0.0,-0.300667,0.0,0.0,0.0,-0.057776,-0.222852,0.0,-0.300667,0.0,0.0,0.0,0.0,0.008495,-0.000052,0.0,-0.000039,-0.0,-0.000039,0.0,-0.000052,0.0,0.0,0.008495,-0.000052,0.0,-0.000039,-0.0,-0.000039,0.0,-0.000052,0.0,0.0,0.0,0.0,
0.0,-0.085762,0.713248,0.297622,0.0,0.0,0.0,0.137742,0.398188,-0.453537,0.0,0.0,-1.080118,-0.023172,-0.023983,1.336291,-0.553301,0.0,-1.080118,0.023172,0.023983,1.336291,-0.553301,-0.0,-0.057423,0.222734,0.0,-0.300786,0.0,0.0,0.0,-0.057423,-0.222734,0.0,-0.300786,0.0,0.0,0.0,0.0,0.008495,-0.000052,-0.0,-0.000039,0.0,-0.000039,0.0,-0.000052,0.0,0.0,0.008495,-0.000052,-0.0,-0.000039,0.0,-0.000039,0.0,-0.000052,0.0,0.0,0.0,0.0,
0.0,-0.085624,0.713647,0.297169,0.0,0.0,0.0,0.137723,0.398035,-0.453537,0.0,0.0,-1.07867,-0.023147,-0.023998,1.334764,-0.552769,0.0,-1.07867,0.023147,0.023998,1.334764,-0.552769,0.0,-0.057069,0.222617,0.0,-0.300905,0.0,0.0,0.0,-0.057069,-0.222617,0.0,-0.300905,0.0,-0.0,0.0,0.0,0.008495,-0.000052,-0.0,-0.000039,-0.0,-0.000039,0.0,-0.000052,0.0,0.0,0.008495,-0.000052,-0.0,-0.000039,-0.0,-0.000039,0.0,-0.000052,0.0,0.0,0.0,0.0,
0.0,-0.085487,0.714045,0.296715,0.0,0.0,0.0,0.137742,0.398188,-0.453537,0.0,0.0,-1.077221,-0.023121,-0.024013,1.333237,-0.552236,0.0,-1.077221,0.023121,0.024013,1.333237,-0.552236,0.0,-0.056716,0.222499,0.0,-0.301023,0.0,0.0,0.0,-0.056716,-0.222499,0.0,-0.301023,0.0,-0.0,0.0,0.0,0.008495,-0.000052,0.0,-0.000039,0.0,-0.000039,0.0,-0.000052,0.0,0.0,0.008495,-0.000052,0.0,-0.000039,0.0,-0.000039,0.0,-0.000052,0.0,0.0,0.0,0.0,
0.0,-0.085349,0.714443,0.296261,0.0,0.0,0.0,0.137742,0.398112,-0.453537,0.0,0.0,-1.075772,-0.023096,-0.024027,1.331709,-0.551703,0.0,-1.075772,0.023096,0.024027,1.331709,-0.551703,0.0,-0.056362,0.222381,0.0,-0.301142,0.0,0.0,0.0,-0.056362,-0.222381,0.0,-0.301142,0.0,0.0,0.0,0.0,0.008495,-0.000052,-0.0,-0.000039,0.0,-0.000039,0.0,-0.000052,-0.0,0.0,0.008495,-0.000052,-0.0,-0.000039,0.0,-0.000039,0.0,-0.000052,-0.0,0.0,0.0,0.0,
0.0,-0.085211,0.714841,0.295808,0.0,0.0,0.0,0.137732,0.398035,-0.453537,0.0,0.0,-1.074324,-0.02307,-0.024042,1.330182,-0.551171,0.0,-1.074324,0.02307,0.024042,1.330182,-0.551171,0.0,-0.056008,0.222263,0.0,-0.30126,0.0,-0.0,0.0,-0.056008,-0.222263,0.0,-0.30126,0.0,0.0,0.0,0.0,0.008495,-0.000052,0.0,-0.000039,0.0,-0.000039,0.0,-0.000052,0.0,0.0,0.008495,-0.000052,0.0,-0.000039,0.0,-0.000039,0.0,-0.000052,0.0,0.0,0.0,0.0,
0.0,-0.085074,0.715239,0.295354,0.0,0.0,0.0,0.137742,0.398188,-0.453537,0.0,0.0,-1.072875,-0.023044,-0.024057,1.328655,-0.550638,0.0,-1.072875,0.023044,0.024057,1.328655,-0.550638,0.0,-0.055655,0.222145,0.0,-0.301379,0.0,-0.0,0.0,-0.055655,-0.222145,0.0,-0.301379,0.0,0.0,0.0,0.0,0.008495,-0.000052,0.0,-0.000039,-0.0,-0.000039,-0.0,-0.000052,0.0,0.0,0.008495,-0.000052,0.0,-0.000039,-0.0,-0.000039,-0.0,-0.000052,0.0,0.0,0.0,0.0,
0.0,-0.084936,0.715637,0.294901,0.0,0.0,0.0,0.137742,0.398112,-0.453537,0.0,0.0,-1.071426,-0.023019,-0.024071,1.327128,-0.550105,0.0,-1.071426,0.023019,0.024071,1.327128,-0.550105,0.0,-0.055301,0.222027,0.0,-0.301497,0.0,0.0,0.0,-0.055301,-0.222027,0.0,-0.301497,0.0,0.0,0.0,0.0,0.008495,-0.000052,-0.0,-0.000039,0.0,-0.000039,0.0,-0.000052,0.0,0.0,0.008495,-0.000052,-0.0,-0.000039,0.0,-0.000039,0.0,-0.000052,0.0,0.0,0.0,0.0,
0.0,-0.084798,0.716035,0.294447,0.0,0.0,0.0,0.137723,0.398035,-0.453404,0.0,0.0,-1.069978,-0.022993,-0.024086,1.325601,-0.549573,0.0,-1.069978,0.022993,0.024086,1.325601,-0.549573,0.0,-0.054948,0.221909,0.0,-0.301616,0.0,0.0,0.0,-0.054948,-0.221909,0.0,-0.301616,0.0,-0.0,0.0,0.0,0.008495,-0.000052,0.0,-0.000039,0.0,-0.000039,-0.0,-0.000052,0.0,0.0,0.008495,-0.000052,0.0,-0.000039,0.0,-0.000039,-0.0,-0.000052,0.0,0.0,0.0,0.0,
0.0,-0.08466,0.716433,0.293994,0.0,0.0,0.0,0.137742,0.398188,-0.453537,0.0,0.0,-1.068529,-0.022967,-0.024101,1.324074,-0.54904,0.0,-1.068529,0.022967,0.024101,1.324074,-0.54904,0.0,-0.054594,0.221791,0.0,-0.301734,0.0,0.0,0.0,-0.054594,-0.221791,0.0,-0.301734,0.0,0.0,0.0,0.0,0.008495,-0.000052,0.0,-0.000039,-0.0,-0.000039,-0.0,-0.000052,0.0,0.0,0.008495,-0.000052,0.0,-0.000039,-0.0,-0.000039,-0.0,-0.000052,0.0,0.0,0.0,0.0,
0.0,-0.084523,0.716832,0.29354,0.0,0.0,0.0,0.137751,0.398112,-0.45367,0.0,0.0,-1.06708,-0.022942,-0.024115,1.322546,-0.548507,0.0,-1.06708,0.022942,0.024115,1.322546,-0.548507,0.0,-0.054241,0.221673,0.0,-0.301853,0.0,0.0,0.0,-0.054241,-0.221673,0.0,-0.301853,0.0,0.0,0.0,0.0,0.008495,-0.000052,-0.0,-0.000039,0.0,-0.000039,0.0,-0.000052,0.0,0.0,0.008495,-0.000052,-0.0,-0.000039,0.0,-0.000039,0.0,-0.000052,0.0,0.0,0.0,0.0,
0.0,-0.084385,0.71723,0.293087,0.0,0.0,0.0,0.137742,0.398112,-0.453537,0.0,0.0,-1.065632,-0.022916,-0.02413,1.321019,-0.547975,0.0,-1.065632,0.022916,0.02413,1.321019,-0.547975,0.0,-0.053887,0.221555,0.0,-0.301971,0.0,0.0,0.0,-0.053887,-0.221555,0.0,-0.301971,0.0,0.0,0.0,0.0,0.008495,-0.000052,0.0,-0.000039,-0.0,-0.000039,0.0,-0.000052,0.0,0.0,0.008495,-0.000052,0.0,-0.000039,-0.0,-0.000039,0.0,-0.000052,0.0,0.0,0.0,0.0,
0.0,-0.084247,0.717628,0.292633,0.0,0.0,0.0,0.137723,0.398112,-0.453404,0.0,0.0,-1.064183,-0.02289,-0.024144,1.319492,-0.547442,0.0,-1.064183,0.02289,0.024144,1.319492,-0.547442,0.0,-0.053534,0.221437,0.0,-0.30209,0.0,0.0,0.0,-0.053534,-0.221437,0.0,-0.30209,0.0,0.0,0.0,0.0,0.008495,-0.000052,0.0,-0.000039,0.0,-0.000039,0.0,-0.000052,0.0,0.0,0.008495,-0.000052,0.0,-0.000039,0.0,-0.000039,0.0,-0.000052,0.0,0.0,0.0,0.0,
0.0,-0.084109,0.718026,0.29218,0.0,0.0,0.0,0.137742,0.398112,-0.453537,0.0,0.0,-1.062734,-0.022865,-0.024159,1.317965,-0.546909,0.0,-1.062734,0.022865,0.024159,1.317965,-0.546909,0.0,-0.05318,0.221319,-0.0,-0.302209,0.0,-0.0,0.0,-0.05318,-0.221319,0.0,-0.302209,0.0,0.0,0.0,0.0,0.008495,-0.000052,-0.0,-0.000039,-0.0,-0.000039,0.0,-0.000052,0.0,0.0,0.008495,-0.000052,-0.0,-0.000039,-0.0,-0.000039,0.0,-0.000052,0.0,0.0,-0.0,0.0,
0.0,-0.083972,0.718424,0.291726,0.0,0.0,0.0,0.137742,0.398112,-0.453537,0.0,0.0,-1.061286,-0.022839,-0.024174,1.316438,-0.546377,0.0,-1.061286,0.022839,0.024174,1.316438,-0.546377,0.0,-0.052826,0.221202,-0.0,-0.302327,0.0,-0.0,0.0,-0.052826,-0.221202,0.0,-0.302327,0.0,0.0,0.0,0.0,0.008495,-0.000052,0.0,-0.000039,0.0,-0.000039,0.0,-0.000052,0.0,0.0,0.008495,-0.000052,0.0,-0.000039,0.0,-0.000039,0.0,-0.000052,0.0,0.0,0.0,0.0,
0.0,-0.083834,0.718822,0.291273,0.0,0.0,0.0,0.137732,0.398112,-0.453537,0.0,0.0,-1.059837,-0.022814,-0.024188,1.314911,-0.545844,0.0,-1.059837,0.022814,0.024188,1.314911,-0.545844,0.0,-0.052473,0.221084,0.0,-0.302446,0.0,0.0,0.0,-0.052473,-0.221084,0.0,-0.302446,0.0,0.0,0.0,0.0,0.008495,-0.000052,-0.0,-0.000039,-0.0,-0.000039,0.0,-0.000052,0.0,0.0,0.008495,-0.000052,-0.0,-0.000039,-0.0,-0.000039,0.0,-0.000052,0.0,0.0,0.0,0.0,
0.0,-0.083696,0.71922,0.290819,0.0,0.0,0.0,0.137742,0.398112,-0.453537,0.0,0.0,-1.058388,-0.022788,-0.024203,1.313383,-0.545311,0.0,-1.058388,0.022788,0.024203,1.313383,-0.545311,0.0,-0.052119,0.220966,0.0,-0.302564,0.0,0.0,0.0,-0.052119,-0.220966,0.0,-0.302564,0.0,-0.0,0.0,0.0,0.008495,-0.000052,-0.0,-0.000039,0.0,-0.000039,-0.0,-0.000052,0.0,0.0,0.008495,-0.000052,-0.0,-0.000039,0.0,-0.000039,-0.0,-0.000052,0.0,0.0,0.0,0.0,
0.0,-0.083558,0.719618,0.290366,0.0,0.0,0.0,0.137742,0.398188,-0.453537,0.0,0.0,-1.05694,-0.022762,-0.024218,1.311856,-0.544779,0.0,-1.05694,0.022762,0.024218,1.311856,-0.544779,0.0,-0.051766,0.220848,0.0,-0.302683,0.0,0.0,0.0,-0.051766,-0.220848,0.0,-0.302683,0.0,0.0,0.0,0.0,0.008495,-0.000052,0.0,-0.000039,0.0,-0.000039,0.0,-0.000052,-0.0,0.0,0.008495,-0.000052,0.0,-0.000039,0.0,-0.000039,0.0,-0.000052,-0.0,0.0,0.0,0.0,
0.0,-0.083421,0.720016,0.289912,0.0,0.0,0.0,0.137723,0.398035,-0.453537,0.0,0.0,-1.055491,-0.022737,-0.024232,1.310329,-0.544246,0.0,-1.055491,0.022737,0.024232,1.310329,-0.544246,0.0,-0.051412,0.22073,0.0,-0.302801,0.0,-0.0,0.0,-0.051412,-0.22073,0.0,-0.302801,0.0,0.0,0.0,0.0,0.008495,-0.000052,0.0,-0.000039,0.0,-0.000039,-0.0,-0.000052,0.0,0.0,0.008495,-0.000052,0.0,-0.000039,0.0,-0.000039,-0.0,-0.000052,0.0,0.0,0.0,0.0,
0.0,-0.083283,0.720414,0.289459,0.0,0.0,0.0,0.137751,0.398112,-0.453537,0.0,0.0,-1.054043,-0.022711,-0.024247,1.308802,-0.543714,0.0,-1.054043,0.022711,0.024247,1.308802,-0.543714,0.0,-0.051059,0.220612,0.0,-0.30292,0.0,-0.0,0.0,-0.051059,-0.220612,0.0,-0.30292,0.0,0.0,0.0,0.0,0.008495,-0.000052,-0.0,-0.000039,-0.0,-0.000039,0.0,-0.000052,0.0,0.0,0.008495,-0.000052,-0.0,-0.000039,-0.0,-0.000039,0.0,-0.000052,0.0,0.0,0.0,0.0,
0.0,-0.083145,0.720813,0.289005,0.0,0.0,0.0,0.137742,0.398188,-0.453537,0.0,0.0,-1.052594,-0.022685,-0.024262,1.307275,-0.543181,-0.0,-1.052594,0.022685,0.024262,1.307275,-0.543181,0.0,-0.050705,0.220494,0.0,-0.303038,0.0,0.0,0.0,-0.050705,-0.220494,0.0,-0.303038,0.0,-0.0,0.0,0.0,0.008495,-0.000052,0.0,-0.000039,0.0,-0.000039,-0.0,-0.000052,0.0,0.0,0.008495,-0.000052,0.0,-0.000039,0.0,-0.000039,-0.0,-0.000052,0.0,0.0,0.0,0.0,
0.0,-0.083007,0.721211,0.288552,0.0,0.0,0.0,0.137723,0.398035,-0.453404,0.0,0.0,-1.051145,-0.02266,-0.024276,1.305748,-0.542648,0.0,-1.051145,0.02266,0.024276,1.305748,-0.542648,0.0,-0.050352,0.220376,0.0,-0.303157,0.0,0.0,0.0,-0.050352,-0.220376,0.0,-0.303157,0.0,0.0,0.0,0.0,0.008495,-0.000052,0.0,-0.000039,-0.0,-0.000039,0.0,-0.000052,0.0,0.0,0.008495,-0.000052,0.0,-0.000039,-0.0,-0.000039,0.0,-0.000052,0.0,0.0,0.0,0.0,
0.0,-0.08287,0.721609,0.288098,0.0,0.0,0.0,0.137742,0.398112,-0.45367,0.0,0.0,-1.049697,-0.022634,-0.024291,1.304221,-0.542116,0.0,-1.049697,0.022634,0.024291,1.304221,-0.542116,0.0,-0.049998,0.220258,0.0,-0.303275,0.0,-0.0,0.0,-0.049998,-0.220258,0.0,-0.303275,0.0,0.0,0.0,0.0,0.008495,-0.000052,-0.0,-0.000039,0.0,-0.000039,0.0,-0.000052,0.0,0.0,0.008495,-0.000052,-0.0,-0.000039,0.0,-0.000039,0.0,-0.000052,0.0,0.0,0.0,0.0,
0.0,-0.082732,0.722007,0.287644,0.0,0.0,0.0,0.137742,0.398188,-0.453537,0.0,0.0,-1.048248,-0.022608,-0.024306,1.302694,-0.541583,0.0,-1.048248,0.022608,0.024306,1.302694,-0.541583,0.0,-0.049644,0.22014,0.0,-0.303394,0.0,0.0,0.0,-0.049644,-0.22014,0.0,-0.303394,0.0,0.0,0.0,0.0,0.008495,-0.000052,-0.0,-0.000039,0.0,-0.000039,0.0,-0.000052,0.0,0.0,0.008495,-0.000052,-0.0,-0.000039,0.0,-0.000039,0.0,-0.000052,0.0,0.0,0.0,0.0,
0.0,-0.082594,0.722405,0.287191,0.0,0.0,0.0,0.137751,0.398112,-0.453537,0.0,0.0,-1.0468,-0.022583,-0.02432,1.301167,-0.54105,0.0,-1.0468,0.022583,0.02432,1.301167,-0.54105,0.0,-0.049291,0.220022,0.0,-0.303512,0.0,-0.0,0.0,-0.049291,-0.220022,0.0,-0.303512,0.0,0.0,0.0,0.0,0.008495,-0.000052,0.0,-0.000039,0.0,-0.000039,-0.0,-0.000052,0.0,0.0,0.008495,-0.000052,0.0,-0.000039,0.0,-0.000039,-0.0,-0.000052,0.0,0.0,0.0,0.0,
0.0,-0.082456,0.722803,0.286737,0.0,0.0,0.0,0.137723,0.398112,-0.453404,0.0,0.0,-1.045351,-0.022557,-0.024335,1.29964,-0.540518,0.0,-1.045351,0.022557,0.024335,1.29964,-0.540518,0.0,-0.048937,0.219904,0.0,-0.303631,0.0,0.0,0.0,-0.048937,-0.219904,0.0,-0.303631,0.0,0.0,0.0,0.0,0.008495,-0.000052,-0.0,-0.000039,0.0,-0.000039,-0.0,-0.000052,0.0,0.0,0.008495,-0.000052,-0.0,-0.000039,0.0,-0.000039,-0.0,-0.000052,0.0,0.0,0.0,0.0,
0.0,-0.082319,0.723201,0.286284,0.0,0.0,0.0,0.137742,0.398112,-0.453537,0.0,0.0,-1.043903,-0.022532,-0.02435,1.298113,-0.539985,0.0,-1.043903,0.022532,0.02435,1.298113,-0.539985,0.0,-0.048584,0.219786,0.0,-0.30375,0.0,0.0,0.0,-0.048584,-0.219786,0.0,-0.30375,0.0,0.0,0.0,0.0,0.008495,-0.000052,-0.0,-0.000039,-0.0,-0.000039,0.0,-0.000052,0.0,0.0,0.008495,-0.000052,-0.0,-0.000039,-0.0,-0.000039,0.0,-0.000052,0.0,0.0,0.0,0.0,
0.0,-0.082175,0.723593,0.285807,0.0,0.0,0.0,0.143493,0.391474,-0.47684,0.0,0.0,-1.042426,-0.022503,-0.024362,1.296573,-0.539447,0.0,-1.042426,0.022503,0.024362,1.296573,-0.539447,0.0,-0.048236,0.219671,0.0,-0.303866,0.0,0.0,0.0,-0.048236,-0.219671,0.0,-0.303866,0.0,0.0,0.0,0.0,0.008495,-0.000052,-0.0,-0.000039,-0.0,-0.000039,0.0,-0.000052,0.0,0.0,0.008495,-0.000052,-0.0,-0.000039,-0.0,-0.000039,0.0,-0.000052,0.0,0.0,0.0,0.0,
0.0,-0.082029,0.723981,0.285319,0.0,0.0,0.0,0.146268,0.38827,-0.488158,0.0,0.0,-1.040935,-0.022474,-0.024373,1.295028,-0.538906,0.0,-1.040935,0.022474,0.024373,1.295028,-0.538906,0.0,-0.047892,0.219557,0.0,-0.303981,0.0,0.0,0.0,-0.047892,-0.219557,0.0,-0.303981,0.0,0.0,0.0,0.0,0.008495,-0.000052,-0.0,-0.000039,-0.0,-0.000039,0.0,-0.000052,0.0,0.0,0.008495,-0.000052,-0.0,-0.000039,-0.0,-0.000039,0.0,-0.000052,0.0,0.0,0.0,0.0,
0.0,-0.081883,0.724369,0.284831,0.0,0.0,0.0,0.146287,0.38827,-0.488158,0.0,0.0,-1.039443,-0.022445,-0.024384,1.293483,-0.538365,0.0,-1.039443,0.022445,0.024384,1.293483,-0.538365,0.0,-0.047548,0.219443,0.0,-0.304095,0.0,0.0,0.0,-0.047548,-0.219443,0.0,-0.304095,0.0,0.0,0.0,0.0,0.008495,-0.000052,0.0,-0.000039,0.0,-0.000039,0.0,-0.000052,0.0,0.0,0.008495,-0.000052,0.0,-0.000039,0.0,-0.000039,0.0,-0.000052,0.0,0.0,0.0,0.0,
0.0,-0.081736,0.724758,0.284343,0.0,0.0,0.0,0.146287,0.388347,-0.488158,0.0,0.0,-1.037952,-0.022416,-0.024395,1.291937,-0.537824,0.0,-1.037952,0.022416,0.024395,1.291937,-0.537824,0.0,-0.047203,0.219328,0.0,-0.30421,0.0,0.0,0.0,-0.047203,-0.219328,0.0,-0.30421,0.0,-0.0,0.0,0.0,0.008495,-0.000052,0.0,-0.000039,0.0,-0.000039,-0.0,-0.000052,0.0,0.0,0.008495,-0.000052,0.0,-0.000039,0.0,-0.000039,-0.0,-0.000052,0.0,0.0,-0.0,0.0,
0.0,-0.08159,0.725146,0.283854,0.0,0.0,0.0,0.146278,0.388194,-0.488158,0.0,0.0,-1.036461,-0.022386,-0.024406,1.290392,-0.537284,0.0,-1.036461,0.022386,0.024406,1.290392,-0.537284,0.0,-0.046859,0.219214,0.0,-0.304325,0.0,-0.0,0.0,-0.046859,-0.219214,0.0,-0.304325,0.0,0.0,0.0,0.0,0.008495,-0.000052,-0.0,-0.000039,-0.0,-0.000039,-0.0,-0.000052,0.0,0.0,0.008495,-0.000052,-0.0,-0.000039,-0.0,-0.000039,-0.0,-0.000052,0.0,0.0,0.0,0.0,
0.0,-0.081444,0.725534,0.283366,0.0,0.0,0.0,0.146287,0.388347,-0.488158,0.0,0.0,-1.03497,-0.022357,-0.024417,1.288846,-0.536743,0.0,-1.03497,0.022357,0.024417,1.288846,-0.536743,0.0,-0.046515,0.2191,0.0,-0.30444,0.0,0.0,0.0,-0.046515,-0.2191,0.0,-0.30444,0.0,0.0,0.0,0.0,0.008495,-0.000052,0.0,-0.000039,-0.0,-0.000039,0.0,-0.000052,0.0,0.0,0.008495,-0.000052,0.0,-0.000039,-0.0,-0.000039,0.0,-0.000052,0.0,0.0,0.0,0.0,
0.0,-0.081298,0.725922,0.282878,0.0,0.0,0.0,0.146287,0.38827,-0.488158,0.0,0.0,-1.033478,-0.022328,-0.024428,1.287301,-0.536202,0.0,-1.033478,0.022328,0.024428,1.287301,-0.536202,0.0,-0.04617,0.218986,0.0,-0.304555,0.0,0.0,0.0,-0.04617,-0.218986,0.0,-0.304555,0.0,0.0,0.0,0.0,0.008495,-0.000052,0.0,-0.000039,0.0,-0.000039,0.0,-0.000052,0.0,0.0,0.008495,-0.000052,0.0,-0.000039,0.0,-0.000039,0.0,-0.000052,0.0,0.0,0.0,0.0,
0.0,-0.081151,0.726311,0.28239,0.0,0.0,0.0,0.146268,0.38827,-0.488025,0.0,0.0,-1.031987,-0.022298,-0.024439,1.285755,-0.535661,0.0,-1.031987,0.022298,0.024439,1.285755,-0.535661,0.0,-0.045826,0.218872,0.0,-0.30467,0.0,0.0,0.0,-0.045826,-0.218872,0.0,-0.30467,0.0,0.0,0.0,0.0,0.008495,-0.000052,0.0,-0.000039,0.0,-0.000039,0.0,-0.000052,0.0,0.0,0.008495,-0.000052,0.0,-0.000039,0.0,-0.000039,0.0,-0.000052,0.0,0.0,0.0,0.0,
0.0,-0.081005,0.726699,0.281902,0.0,0.0,0.0,0.146287,0.38827,-0.488158,0.0,0.0,-1.030496,-0.022269,-0.02445,1.28421,-0.53512,0.0,-1.030496,0.022269,0.02445,1.28421,-0.53512,0.0,-0.045482,0.218757,0.0,-0.304785,0.0,-0.0,0.0,-0.045482,-0.218757,0.0,-0.304785,0.0,0.0,0.0,0.0,0.008495,-0.000052,-0.0,-0.000039,0.0,-0.000039,0.0,-0.000052,0.0,0.0,0.008495,-0.000052,-0.0,-0.000039,0.0,-0.000039,0.0,-0.000052,0.0,0.0,0.0,0.0,
0.0,-0.080859,0.727087,0.281414,0.0,0.0,0.0,0.146287,0.388347,-0.488291,0.0,0.0,-1.029005,-0.02224,-0.024461,1.282664,-0.534579,0.0,-1.029005,0.02224,0.024461,1.282664,-0.534579,0.0,-0.045137,0.218643,0.0,-0.3049,0.0,0.0,0.0,-0.045137,-0.218643,0.0,-0.3049,0.0,0.0,0.0,0.0,0.008495,-0.000052,-0.0,-0.000039,0.0,-0.000039,-0.0,-0.000052,0.0,0.0,0.008495,-0.000052,-0.0,-0.000039,0.0,-0.000039,-0.0,-0.000052,0.0,0.0,0.0,0.0,
0.0,-0.080712,0.727476,0.280926,0.0,0.0,0.0,0.146268,0.388194,-0.488025,0.0,0.0,-1.027513,-0.02221,-0.024472,1.281118,-0.534039,0.0,-1.027513,0.02221,0.024472,1.281118,-0.534039,0.0,-0.044793,0.218529,0.0,-0.305014,0.0,0.0,0.0,-0.044793,-0.218529,0.0,-0.305014,0.0,0.0,0.0,0.0,0.008495,-0.000052,0.0,-0.000039,0.0,-0.000039,0.0,-0.000052,0.0,0.0,0.008495,-0.000052,0.0,-0.000039,0.0,-0.000039,0.0,-0.000052,0.0,0.0,0.0,0.0,
0.0,-0.080566,0.727864,0.280438,0.0,0.0,0.0,0.146287,0.388347,-0.488158,0.0,0.0,-1.026022,-0.022181,-0.024483,1.279573,-0.533498,0.0,-1.026022,0.022181,0.024483,1.279573,-0.533498,0.0,-0.044449,0.218415,0.0,-0.305129,0.0,-0.0,0.0,-0.044449,-0.218415,0.0,-0.305129,0.0,0.0,0.0,0.0,0.008495,-0.000052,0.0,-0.000039,0.0,-0.000039,0.0,-0.000052,0.0,0.0,0.008495,-0.000052,0.0,-0.000039,0.0,-0.000039,0.0,-0.000052,0.0,0.0,0.0,0.0,
0.0,-0.08042,0.728252,0.279949,0.0,0.0,0.0,0.146297,0.38827,-0.488158,0.0,0.0,-1.024531,-0.022152,-0.024494,1.278027,-0.532957,0.0,-1.024531,0.022152,0.024494,1.278027,-0.532957,0.0,-0.044104,0.2183,0.0,-0.305244,0.0,0.0,0.0,-0.044104,-0.2183,0.0,-0.305244,0.0,0.0,0.0,0.0,0.008495,-0.000052,0.0,-0.000039,0.0,-0.000039,0.0,-0.000052,0.0,0.0,0.008495,-0.000052,0.0,-0.000039,0.0,-0.000039,0.0,-0.000052,0.0,0.0,0.0,0.0,
0.0,-0.080274,0.72864,0.279461,0.0,0.0,0.0,0.146268,0.38827,-0.488158,0.0,0.0,-1.023039,-0.022123,-0.024505,1.276482,-0.532416,0.0,-1.023039,0.022123,0.024505,1.276482,-0.532416,0.0,-0.04376,0.218186,-0.0,-0.305359,0.0,-0.0,0.0,-0.04376,-0.218186,0.0,-0.305359,0.0,0.0,0.0,0.0,0.008495,-0.000052,0.0,-0.000039,0.0,-0.000039,-0.0,-0.000052,0.0,0.0,0.008495,-0.000052,0.0,-0.000039,0.0,-0.000039,-0.0,-0.000052,0.0,0.0,0.0,0.0,
0.0,-0.080127,0.729029,0.278973,0.0,0.0,0.0,0.146287,0.38827,-0.488158,0.0,0.0,-1.021548,-0.022093,-0.024516,1.274936,-0.531875,0.0,-1.021548,0.022093,0.024516,1.274936,-0.531875,0.0,-0.043416,0.218072,-0.0,-0.305474,0.0,0.0,0.0,-0.043416,-0.218072,0.0,-0.305474,0.0,0.0,0.0,0.0,0.008495,-0.000052,0.0,-0.000039,0.0,-0.000039,0.0,-0.000052,0.0,0.0,0.008495,-0.000052,0.0,-0.000039,0.0,-0.000039,0.0,-0.000052,0.0,0.0,0.0,0.0,
0.0,-0.079981,0.729417,0.278485,0.0,0.0,0.0,0.146287,0.38827,-0.488158,0.0,0.0,-1.020057,-0.022064,-0.024527,1.27339,-0.531334,0.0,-1.020057,0.022064,0.024527,1.27339,-0.531334,0.0,-0.043071,0.217958,0.0,-0.305589,0.0,0.0,0.0,-0.043071,-0.217958,0.0,-0.305589,0.0,0.0,0.0,0.0,0.008495,-0.000052,-0.0,-0.000039,0.0,-0.000039,0.0,-0.000052,0.0,0.0,0.008495,-0.000052,-0.0,-0.000039,0.0,-0.000039,0.0,-0.000052,0.0,0.0,0.0,0.0,
0.0,-0.079835,0.729805,0.277997,0.0,0.0,0.0,0.146287,0.388347,-0.488158,0.0,0.0,-1.018565,-0.022035,-0.024538,1.271845,-0.530793,0.0,-1.018565,0.022035,0.024538,1.271845,-0.530793,0.0,-0.042727,0.217844,0.0,-0.305704,0.0,-0.0,0.0,-0.042727,-0.217844,0.0,-0.305704,0.0,0.0,0.0,0.0,0.008495,-0.000052,-0.0,-0.000039,0.0,-0.000039,0.0,-0.000052,0.0,0.0,0.008495,-0.000052,-0.0,-0.000039,0.0,-0.000039,0.0,-0.000052,0.0,0.0,0.0,0.0,
0.0,-0.079688,0.730194,0.277509,0.0,0.0,0.0,0.146268,0.388194,-0.488158,0.0,0.0,-1.017074,-0.022005,-0.024549,1.270299,-0.530253,0.0,-1.017074,0.022005,0.024549,1.270299,-0.530253,0.0,-0.042383,0.217729,0.0,-0.305819,0.0,0.0,0.0,-0.042383,-0.217729,0.0,-0.305819,0.0,-0.0,0.0,0.0,0.008495,-0.000052,-0.0,-0.000039,-0.0,-0.000039,-0.0,-0.000052,0.0,0.0,0.008495,-0.000052,-0.0,-0.000039,-0.0,-0.000039,-0.0,-0.000052,0.0,0.0,0.0,0.0,
0.0,-0.079542,0.730582,0.27702,0.0,0.0,0.0,0.146292,0.388347,-0.488158,0.0,0.0,-1.015583,-0.021976,-0.02456,1.268753,-0.529712,0.0,-1.015583,0.021976,0.02456,1.268753,-0.529712,0.0,-0.042038,0.217615,0.0,-0.305933,0.0,0.0,0.0,-0.042038,-0.217615,0.0,-0.305933,0.0,0.0,0.0,0.0,0.008495,-0.000052,-0.0,-0.000039,0.0,-0.000039,-0.0,-0.000052,0.0,0.0,0.008495,-0.000052,-0.0,-0.000039,0.0,-0.000039,-0.0,-0.000052,0.0,0.0,0.0,0.0,
0.0,-0.079396,0.73097,0.276532,0.0,0.0,0.0,0.146287,0.38827,-0.488158,0.0,0.0,-1.014091,-0.021947,-0.024571,1.267208,-0.529171,0.0,-1.014091,0.021947,0.024571,1.267208,-0.529171,0.0,-0.041694,0.217501,0.0,-0.306048,0.0,-0.0,0.0,-0.041694,-0.217501,0.0,-0.306048,0.0,0.0,0.0,0.0,0.008495,-0.000052,0.0,-0.000039,0.0,-0.000039,-0.0,-0.000052,0.0,0.0,0.008495,-0.000052,0.0,-0.000039,0.0,-0.000039,-0.0,-0.000052,0.0,0.0,0.0,0.0,
0.0,-0.07925,0.731358,0.276044,0.0,0.0,0.0,0.146268,0.38827,-0.488025,0.0,0.0,-1.0126,-0.021917,-0.024582,1.265662,-0.52863,0.0,-1.0126,0.021917,0.024582,1.265662,-0.52863,0.0,-0.04135,0.217387,0.0,-0.306163,0.0,-0.0,0.0,-0.04135,-0.217387,-0.0,-0.306163,0.0,0.0,0.0,0.0,0.008495,-0.000052,-0.0,-0.000039,-0.0,-0.000039,-0.0,-0.000052,0.0,0.0,0.008495,-0.000052,-0.0,-0.000039,-0.0,-0.000039,-0.0,-0.000052,0.0,0.0,0.0,0.0,
0.0,-0.079103,0.731747,0.275556,0.0,0.0,0.0,0.146287,0.38827,-0.488291,0.0,0.0,-1.011109,-0.021888,-0.024593,1.264117,-0.528089,0.0,-1.011109,0.021888,0.024593,1.264117,-0.528089,0.0,-0.041005,0.217273,0.0,-0.306278,0.0,0.0,0.0,-0.041005,-0.217273,0.0,-0.306278,0.0,0.0,0.0,0.0,0.008495,-0.000052,0.0,-0.000039,0.0,-0.000039,0.0,-0.000052,0.0,0.0,0.008495,-0.000052,0.0,-0.000039,0.0,-0.000039,0.0,-0.000052,0.0,0.0,0.0,0.0,
0.0,-0.078957,0.732135,0.275068,0.0,0.0,0.0,0.146292,0.38827,-0.488158,0.0,0.0,-1.009617,-0.021859,-0.024604,1.262571,-0.527549,0.0,-1.009617,0.021859,0.024604,1.262571,-0.527549,0.0,-0.040661,0.217158,-0.0,-0.306393,0.0,0.0,0.0,-0.040661,-0.217158,0.0,-0.306393,-0.0,0.0,0.0,0.0,0.008495,-0.000052,0.0,-0.000039,-0.0,-0.000039,0.0,-0.000052,0.0,0.0,0.008495,-0.000052,0.0,-0.000039,-0.0,-0.000039,0.0,-0.000052,0.0,0.0,0.0,0.0,
0.0,-0.078811,0.732523,0.27458,0.0,0.0,0.0,0.146268,0.38827,-0.488158,0.0,0.0,-1.008126,-0.02183,-0.024614,1.261026,-0.527008,0.0,-1.008126,0.02183,0.024614,1.261026,-0.527008,0.0,-0.040317,0.217044,0.0,-0.306508,0.0,0.0,0.0,-0.040317,-0.217044,0.0,-0.306508,0.0,0.0,0.0,0.0,0.008495,-0.000052,-0.0,-0.000039,-0.0,-0.000039,0.0,-0.000052,0.0,0.0,0.008495,-0.000052,-0.0,-0.000039,-0.0,-0.000039,0.0,-0.000052,0.0,0.0,0.0,0.0,
0.0,-0.078664,0.732912,0.274092,0.0,0.0,0.0,0.146287,0.38827,-0.488025,0.0,0.0,-1.006635,-0.0218,-0.024625,1.25948,-0.526467,0.0,-1.006635,0.0218,0.024625,1.25948,-0.526467,0.0,-0.039972,0.21693,0.0,-0.306623,0.0,-0.0,0.0,-0.039972,-0.21693,0.0,-0.306623,0.0,0.0,0.0,0.0,0.008495,-0.000052,0.0,-0.000039,0.0,-0.000039,0.0,-0.000052,0.0,0.0,0.008495,-0.000052,0.0,-0.000039,0.0,-0.000039,0.0,-0.000052,0.0,0.0,0.0,0.0,
0.0,-0.078518,0.7333,0.273603,0.0,0.0,0.0,0.146287,0.388347,-0.488291,0.0,0.0,-1.005143,-0.021771,-0.024636,1.257934,-0.525926,0.0,-1.005143,0.021771,0.024636,1.257934,-0.525926,0.0,-0.039628,0.216816,0.0,-0.306737,0.0,0.0,0.0,-0.039628,-0.216816,0.0,-0.306737,0.0,0.0,0.0,0.0,0.008495,-0.000052,-0.0,-0.000039,0.0,-0.000039,0.0,-0.000052,0.0,0.0,0.008495,-0.000052,-0.0,-0.000039,0.0,-0.000039,0.0,-0.000052,0.0,0.0,0.0,0.0,
0.0,-0.078372,0.733688,0.273115,0.0,0.0,0.0,0.146273,0.388194,-0.488025,0.0,0.0,-1.003652,-0.021742,-0.024647,1.256389,-0.525385,0.0,-1.003652,0.021742,0.024647,1.256389,-0.525385,0.0,-0.039284,0.216702,0.0,-0.306852,0.0,-0.0,0.0,-0.039284,-0.216702,0.0,-0.306852,0.0,0.0,0.0,0.0,0.008495,-0.000052,-0.0,-0.000039,-0.0,-0.000039,0.0,-0.000052,0.0,0.0,0.008495,-0.000052,-0.0,-0.000039,-0.0,-0.000039,0.0,-0.000052,0.0,0.0,0.0,0.0,
0.0,-0.078226,0.734076,0.272627,0.0,0.0,0.0,0.146287,0.388347,-0.488158,0.0,0.0,-1.002161,-0.021712,-0.024658,1.254843,-0.524844,0.0,-1.002161,0.021712,0.024658,1.254843,-0.524844,0.0,-0.038939,0.216587,0.0,-0.306967,0.0,-0.0,0.0,-0.038939,-0.216587,-0.0,-0.306967,0.0,0.0,0.0,0.0,0.008495,-0.000052,-0.0,-0.000039,-0.0,-0.000039,0.0,-0.000052,0.0,0.0,0.008495,-0.000052,-0.0,-0.000039,-0.0,-0.000039,0.0,-0.000052,0.0,0.0,0.0,0.0,
0.0,-0.078079,0.734465,0.272139,0.0,0.0,0.0,0.146287,0.38827,-0.488158,0.0,0.0,-1.00067,-0.021683,-0.024669,1.253298,-0.524304,0.0,-1.00067,0.021683,0.024669,1.253298,-0.524304,0.0,-0.038595,0.216473,0.0,-0.307082,0.0,0.0,0.0,-0.038595,-0.216473,0.0,-0.307082,0.0,-0.0,0.0,0.0,0.008495,-0.000052,0.0,-0.000039,0.0,-0.000039,-0.0,-0.000052,0.0,0.0,0.008495,-0.000052,0.0,-0.000039,0.0,-0.000039,-0.0,-0.000052,0.0,0.0,0.0,0.0,
0.0,-0.077933,0.734853,0.271651,0.0,0.0,0.0,0.146287,0.38827,-0.488291,0.0,0.0,-0.999178,-0.021654,-0.02468,1.251752,-0.523763,0.0,-0.999178,0.021654,0.02468,1.251752,-0.523763,0.0,-0.03825,0.216359,0.0,-0.307197,0.0,0.0,0.0,-0.03825,-0.216359,0.0,-0.307197,0.0,0.0,0.0,0.0,0.008495,-0.000052,0.0,-0.000039,0.0,-0.000039,0.0,-0.000052,0.0,0.0,0.008495,-0.000052,0.0,-0.000039,0.0,-0.000039,0.0,-0.000052,0.0,0.0,0.0,0.0,
0.0,-0.077787,0.735241,0.271163,0.0,0.0,0.0,0.146273,0.38827,-0.488025,0.0,0.0,-0.997687,-0.021624,-0.024691,1.250207,-0.523222,0.0,-0.997687,0.021624,0.024691,1.250207,-0.523222,0.0,-0.037906,0.216245,0.0,-0.307312,0.0,0.0,0.0,-0.037906,-0.216245,0.0,-0.307312,0.0,0.0,0.0,0.0,0.008495,-0.000052,-0.0,-0.000039,-0.0,-0.000039,0.0,-0.000052,0.0,0.0,0.008495,-0.000052,-0.0,-0.000039,-0.0,-0.000039,0.0,-0.000052,0.0,0.0,0.0,0.0,
0.0,-0.077641,0.735629,0.270675,0.0,0.0,0.0,0.146287,0.38827,-0.488158,0.0,0.0,-0.996196,-0.021595,-0.024702,1.248662,-0.522681,0.0,-0.996196,0.021595,0.024702,1.248662,-0.522681,0.0,-0.037562,0.21613,0.0,-0.307427,0.0,0.0,0.0,-0.037562,-0.21613,0.0,-0.307427,0.0,0.0,0.0,0.0,0.008495,-0.000052,0.0,-0.000039,0.0,-0.000039,0.0,-0.000052,0.0,0.0,0.008495,-0.000052,0.0,-0.000039,0.0,-0.000039,0.0,-0.000052,0.0,0.0,0.0,0.0,
0.0,-0.077494,0.736018,0.270186,0.0,0.0,0.0,0.146287,0.388347,-0.488158,0.0,0.0,-0.994705,-0.021566,-0.024713,1.247116,-0.52214,0.0,-0.994705,0.021566,0.024713,1.247116,-0.52214,0.0,-0.037217,0.216016,0.0,-0.307542,0.0,-0.0,0.0,-0.037217,-0.216016,0.0,-0.307542,0.0,0.0,0.0,0.0,0.008495,-0.000052,-0.0,-0.000039,-0.0,-0.000039,-0.0,-0.000052,0.0,0.0,0.008495,-0.000052,-0.0,-0.000039,-0.0,-0.000039,-0.0,-0.000052,0.0,0.0,0.0,0.0,
0.0,-0.077346,0.736402,0.269688,0.0,0.0,0.0,0.148653,0.384532,-0.498678,0.0,0.0,-0.993201,-0.021536,-0.024724,1.245565,-0.521595,0.0,-0.993201,0.021536,0.024724,1.245565,-0.521595,0.0,-0.036876,0.215903,0.0,-0.307655,0.0,0.0,0.0,-0.036876,-0.215903,0.0,-0.307655,0.0,0.0,0.0,0.0,0.008495,-0.000052,0.0,-0.000039,0.0,-0.000039,0.0,-0.000052,0.0,0.0,0.008495,-0.000052,0.0,-0.000039,0.0,-0.000039,0.0,-0.000052,0.0,0.0,0.0,0.0,
0.0,-0.077192,0.73678,0.269169,0.0,0.0,0.0,0.153264,0.377513,-0.518918,0.0,0.0,-0.991672,-0.021505,-0.024733,1.244001,-0.521043,0.0,-0.991672,0.021505,0.024733,1.244001,-0.521043,0.0,-0.036541,0.21579,0.0,-0.307766,0.0,0.0,0.0,-0.036541,-0.21579,0.0,-0.307766,0.0,0.0,0.0,0.0,0.008495,-0.000052,-0.0,-0.000039,-0.0,-0.000039,0.0,-0.000052,0.0,0.0,0.008495,-0.000052,-0.0,-0.000039,-0.0,-0.000039,0.0,-0.000052,0.0,0.0,0.0,0.0,
0.0,-0.077039,0.737157,0.26865,0.0,0.0,0.0,0.153269,0.377437,-0.519051,0.0,0.0,-0.990143,-0.021474,-0.024742,1.242437,-0.52049,0.0,-0.990143,0.021474,0.024742,1.242437,-0.52049,0.0,-0.036206,0.215678,0.0,-0.307878,0.0,-0.0,0.0,-0.036206,-0.215678,-0.0,-0.307878,0.0,0.0,0.0,0.0,0.008495,-0.000052,0.0,-0.000039,-0.0,-0.000039,0.0,-0.000052,0.0,0.0,0.008495,-0.000052,0.0,-0.000039,-0.0,-0.000039,0.0,-0.000052,0.0,0.0,0.0,0.0,
0.0,-0.076886,0.737535,0.268131,0.0,0.0,0.0,0.153245,0.377437,-0.518918,0.0,0.0,-0.988614,-0.021442,-0.024751,1.240873,-0.519937,0.0,-0.988614,0.021442,0.024751,1.240873,-0.519937,0.0,-0.035871,0.215566,0.0,-0.307989,0.0,-0.0,0.0,-0.035871,-0.215566,0.0,-0.307989,0.0,0.0,0.0,0.0,0.008495,-0.000052,0.0,-0.000039,-0.0,-0.000039,-0.0,-0.000052,0.0,0.0,0.008495,-0.000052,0.0,-0.000039,-0.0,-0.000039,-0.0,-0.000052,0.0,0.0,0.0,0.0,
0.0,-0.076733,0.737912,0.267612,0.0,0.0,0.0,0.153269,0.377513,-0.519051,0.0,0.0,-0.987085,-0.021411,-0.02476,1.239309,-0.519384,0.0,-0.987085,0.021411,0.02476,1.239309,-0.519384,0.0,-0.035536,0.215453,0.0,-0.3081,0.0,0.0,0.0,-0.035536,-0.215453,0.0,-0.3081,0.0,0.0,0.0,0.0,0.008495,-0.000052,-0.0,-0.000039,0.0,-0.000039,0.0,-0.000052,0.0,0.0,0.008495,-0.000052,-0.0,-0.000039,0.0,-0.000039,0.0,-0.000052,0.0,0.0,0.0,0.0,
0.0,-0.076579,0.73829,0.267093,0.0,0.0,0.0,0.153269,0.377437,-0.518918,0.0,0.0,-0.985556,-0.02138,-0.02477,1.237745,-0.518832,0.0,-0.985556,0.02138,0.02477,1.237745,-0.518832,0.0,-0.0352,0.215341,0.0,-0.308211,0.0,0.0,0.0,-0.0352,-0.215341,0.0,-0.308211,0.0,-0.0,0.0,0.0,0.008495,-0.000052,0.0,-0.000039,0.0,-0.000039,-0.0,-0.000052,0.0,0.0,0.008495,-0.000052,0.0,-0.000039,0.0,-0.000039,-0.0,-0.000052,0.0,0.0,0.0,0.0,
0.0,-0.076426,0.738667,0.266574,0.0,0.0,0.0,0.153245,0.377437,-0.518918,0.0,0.0,-0.984028,-0.021349,-0.024779,1.236181,-0.518279,0.0,-0.984028,0.021349,0.024779,1.236181,-0.518279,0.0,-0.034865,0.215229,0.0,-0.308322,0.0,-0.0,0.0,-0.034865,-0.215229,0.0,-0.308322,0.0,0.0,0.0,0.0,0.008495,-0.000052,0.0,-0.000039,0.0,-0.000039,-0.0,-0.000052,0.0,0.0,0.008495,-0.000052,0.0,-0.000039,0.0,-0.000039,-0.0,-0.000052,0.0,0.0,0.0,0.0,
0.0,-0.076273,0.739045,0.266055,0.0,0.0,0.0,0.153269,0.377513,-0.519051,0.0,0.0,-0.982498,-0.021318,-0.024788,1.234617,-0.517726,0.0,-0.982498,0.021318,0.024788,1.234617,-0.517726,0.0,-0.03453,0.215116,0.0,-0.308434,0.0,-0.0,0.0,-0.03453,-0.215116,-0.0,-0.308434,0.0,0.0,0.0,0.0,0.008495,-0.000052,0.0,-0.000039,0.0,-0.000039,-0.0,-0.000052,0.0,0.0,0.008495,-0.000052,0.0,-0.000039,0.0,-0.000039,-0.0,-0.000052,0.0,0.0,0.0,0.0,
0.0,-0.076119,0.739422,0.265536,0.0,0.0,0.0,0.153269,0.377437,-0.519051,0.0,0.0,-0.980969,-0.021287,-0.024797,1.233053,-0.517173,0.0,-0.980969,0.021287,0.024797,1.233053,-0.517173,0.0,-0.034195,0.215004,0.0,-0.308545,0.0,0.0,0.0,-0.034195,-0.215004,0.0,-0.308545,0.0,-0.0,0.0,0.0,0.008495,-0.000052,-0.0,-0.000039,0.0,-0.000039,-0.0,-0.000052,0.0,0.0,0.008495,-0.000052,-0.0,-0.000039,0.0,-0.000039,-0.0,-0.000052,0.0,0.0,0.0,0.0,
0.0,-0.075966,0.739799,0.265017,0.0,0.0,0.0,0.153245,0.377437,-0.518918,0.0,0.0,-0.97944,-0.021256,-0.024806,1.231489,-0.516621,0.0,-0.97944,0.021256,0.024806,1.231489,-0.516621,0.0,-0.03386,0.214892,-0.0,-0.308656,0.0,0.0,0.0,-0.03386,-0.214892,0.0,-0.308656,0.0,-0.0,0.0,0.0,0.008495,-0.000052,-0.0,-0.000039,-0.0,-0.000039,0.0,-0.000052,0.0,0.0,0.008495,-0.000052,-0.0,-0.000039,-0.0,-0.000039,0.0,-0.000052,0.0,0.0,0.0,0.0,
0.0,-0.075813,0.740177,0.264498,0.0,0.0,0.0,0.153269,0.377513,-0.519051,0.0,0.0,-0.977911,-0.021225,-0.024815,1.229925,-0.516068,0.0,-0.977911,0.021225,0.024815,1.229925,-0.516068,0.0,-0.033525,0.214779,0.0,-0.308767,0.0,0.0,0.0,-0.033525,-0.214779,0.0,-0.308767,0.0,-0.0,0.0,0.0,0.008495,-0.000052,-0.0,-0.000039,0.0,-0.000039,0.0,-0.000052,0.0,0.0,0.008495,-0.000052,-0.0,-0.000039,0.0,-0.000039,0.0,-0.000052,0.0,0.0,-0.0,0.0,
0.0,-0.07566,0.740554,0.263979,0.0,0.0,0.0,0.153269,0.377437,-0.519051,0.0,0.0,-0.976382,-0.021193,-0.024824,1.228361,-0.515515,0.0,-0.976382,0.021193,0.024824,1.228361,-0.515515,0.0,-0.03319,0.214667,0.0,-0.308878,0.0,0.0,0.0,-0.03319,-0.214667,-0.0,-0.308878,0.0,-0.0,0.0,0.0,0.008495,-0.000052,-0.0,-0.000039,-0.0,-0.000039,0.0,-0.000052,0.0,0.0,0.008495,-0.000052,-0.0,-0.000039,-0.0,-0.000039,0.0,-0.000052,0.0,0.0,0.0,0.0,
0.0,-0.075506,0.740932,0.26346,0.0,0.0,0.0,0.153245,0.377437,-0.518918,0.0,0.0,-0.974853,-0.021162,-0.024834,1.226798,-0.514962,0.0,-0.974853,0.021162,0.024834,1.226798,-0.514962,0.0,-0.032854,0.214555,0.0,-0.30899,0.0,-0.0,0.0,-0.032854,-0.214555,-0.0,-0.30899,0.0,0.0,0.0,0.0,0.008495,-0.000052,-0.0,-0.000039,-0.0,-0.000039,0.0,-0.000052,0.0,0.0,0.008495,-0.000052,-0.0,-0.000039,-0.0,-0.000039,0.0,-0.000052,0.0,0.0,0.0,0.0,
0.0,-0.075353,0.741309,0.262941,0.0,0.0,0.0,0.153269,0.377513,-0.519051,0.0,0.0,-0.973324,-0.021131,-0.024843,1.225233,-0.51441,0.0,-0.973324,0.021131,0.024843,1.225233,-0.51441,0.0,-0.032519,0.214442,0.0,-0.309101,0.0,0.0,0.0,-0.032519,-0.214442,0.0,-0.309101,0.0,0.0,0.0,0.0,0.008495,-0.000052,-0.0,-0.000039,-0.0,-0.000039,0.0,-0.000052,0.0,0.0,0.008495,-0.000052,-0.0,-0.000039,-0.0,-0.000039,0.0,-0.000052,0.0,0.0,0.0,0.0,
0.0,-0.0752,0.741687,0.262422,0.0,0.0,0.0,0.153269,0.377437,-0.518918,0.0,0.0,-0.971795,-0.0211,-0.024852,1.223669,-0.513857,0.0,-0.971795,0.0211,0.024852,1.223669,-0.513857,0.0,-0.032184,0.21433,0.0,-0.309212,0.0,0.0,0.0,-0.032184,-0.21433,0.0,-0.309212,0.0,0.0,0.0,0.0,0.008495,-0.000052,0.0,-0.000039,0.0,-0.000039,0.0,-0.000052,0.0,0.0,0.008495,-0.000052,0.0,-0.000039,0.0,-0.000039,0.0,-0.000052,0.0,0.0,0.0,0.0,
0.0,-0.075047,0.742064,0.261903,0.0,0.0,0.0,0.153264,0.377513,-0.519051,0.0,0.0,-0.970266,-0.021069,-0.024861,1.222105,-0.513304,0.0,-0.970266,0.021069,0.024861,1.222105,-0.513304,0.0,-0.031849,0.214218,0.0,-0.309323,0.0,0.0,0.0,-0.031849,-0.214218,-0.0,-0.309323,0.0,0.0,0.0,0.0,0.008495,-0.000052,-0.0,-0.000039,0.0,-0.000039,0.0,-0.000052,0.0,0.0,0.008495,-0.000052,-0.0,-0.000039,0.0,-0.000039,0.0,-0.000052,0.0,0.0,0.0,0.0,
0.0,-0.074893,0.742442,0.261384,0.0,0.0,0.0,0.15325,0.377437,-0.519051,0.0,0.0,-0.968737,-0.021038,-0.02487,1.220541,-0.512751,0.0,-0.968737,0.021038,0.02487,1.220541,-0.512751,0.0,-0.031514,0.214105,0.0,-0.309434,0.0,0.0,0.0,-0.031514,-0.214105,0.0,-0.309434,0.0,0.0,0.0,0.0,0.008495,-0.000052,0.0,-0.000039,0.0,-0.000039,-0.0,-0.000052,0.0,0.0,0.008495,-0.000052,0.0,-0.000039,0.0,-0.000039,-0.0,-0.000052,0.0,0.0,0.0,0.0,
0.0,-0.07474,0.742819,0.260865,0.0,0.0,0.0,0.153269,0.377437,-0.518918,0.0,0.0,-0.967208,-0.021007,-0.024879,1.218977,-0.512198,0.0,-0.967208,0.021007,0.024879,1.218977,-0.512198,0.0,-0.031179,0.213993,0.0,-0.309546,0.0,0.0,0.0,-0.031179,-0.213993,0.0,-0.309546,0.0,0.0,0.0,0.0,0.008495,-0.000052,0.0,-0.000039,0.0,-0.000039,0.0,-0.000052,0.0,0.0,0.008495,-0.000052,0.0,-0.000039,0.0,-0.000039,0.0,-0.000052,0.0,0.0,0.0,0.0,
0.0,-0.074587,0.743197,0.260346,0.0,0.0,0.0,0.153264,0.377513,-0.519051,0.0,0.0,-0.965679,-0.020975,-0.024889,1.217413,-0.511646,0.0,-0.965679,0.020975,0.024889,1.217413,-0.511646,0.0,-0.030844,0.21388,0.0,-0.309657,0.0,-0.0,0.0,-0.030844,-0.21388,0.0,-0.309657,0.0,0.0,0.0,0.0,0.008495,-0.000052,0.0,-0.000039,-0.0,-0.000039,0.0,-0.000052,0.0,0.0,0.008495,-0.000052,0.0,-0.000039,-0.0,-0.000039,0.0,-0.000052,0.0,0.0,0.0,0.0,
0.0,-0.074434,0.743574,0.259827,0.0,0.0,0.0,0.15325,0.377437,-0.518918,0.0,0.0,-0.96415,-0.020944,-0.024898,1.215849,-0.511093,0.0,-0.96415,0.020944,0.024898,1.215849,-0.511093,0.0,-0.030508,0.213768,0.0,-0.309768,0.0,0.0,0.0,-0.030508,-0.213768,0.0,-0.309768,0.0,0.0,0.0,0.0,0.008495,-0.000052,0.0,-0.000039,0.0,-0.000039,-0.0,-0.000052,0.0,0.0,0.008495,-0.000052,0.0,-0.000039,0.0,-0.000039,-0.0,-0.000052,0.0,0.0,0.0,0.0,
0.0,-0.07428,0.743952,0.259308,0.0,0.0,0.0,0.153269,0.377437,-0.519051,0.0,0.0,-0.962621,-0.020913,-0.024907,1.214285,-0.51054,0.0,-0.962621,0.020913,0.024907,1.214285,-0.51054,0.0,-0.030173,0.213656,0.0,-0.309879,0.0,-0.0,0.0,-0.030173,-0.213656,0.0,-0.309879,0.0,0.0,0.0,0.0,0.008495,-0.000052,0.0,-0.000039,-0.0,-0.000039,0.0,-0.000052,-0.0,0.0,0.008495,-0.000052,0.0,-0.000039,-0.0,-0.000039,0.0,-0.000052,-0.0,0.0,0.0,0.0,
0.0,-0.074127,0.744329,0.258789,0.0,0.0,0.0,0.153264,0.377513,-0.519051,0.0,0.0,-0.961091,-0.020882,-0.024916,1.212721,-0.509987,0.0,-0.961091,0.020882,0.024916,1.212721,-0.509987,0.0,-0.029838,0.213543,0.0,-0.30999,0.0,0.0,0.0,-0.029838,-0.213543,0.0,-0.30999,0.0,0.0,0.0,0.0,0.008495,-0.000052,-0.0,-0.000039,0.0,-0.000039,-0.0,-0.000052,0.0,0.0,0.008495,-0.000052,-0.0,-0.000039,0.0,-0.000039,-0.0,-0.000052,0.0,0.0,0.0,0.0,
0.0,-0.073974,0.744707,0.25827,0.0,0.0,0.0,0.15325,0.377437,-0.518918,0.0,0.0,-0.959563,-0.020851,-0.024925,1.211157,-0.509435,0.0,-0.959563,0.020851,0.024925,1.211157,-0.509435,0.0,-0.029503,0.213431,0.0,-0.310102,0.0,0.0,0.0,-0.029503,-0.213431,-0.0,-0.310102,0.0,-0.0,0.0,0.0,0.008495,-0.000052,-0.0,-0.000039,0.0,-0.000039,-0.0,-0.000052,0.0,0.0,0.008495,-0.000052,-0.0,-0.000039,0.0,-0.000039,-0.0,-0.000052,0.0,0.0,0.0,0.0,
0.0,-0.073821,0.745084,0.257751,0.0,0.0,0.0,0.153269,0.377437,-0.518918,0.0,0.0,-0.958034,-0.02082,-0.024934,1.209593,-0.508882,0.0,-0.958034,0.02082,0.024934,1.209593,-0.508882,0.0,-0.029168,0.213319,0.0,-0.310213,0.0,0.0,0.0,-0.029168,-0.213319,0.0,-0.310213,0.0,0.0,0.0,0.0,0.008495,-0.000052,0.0,-0.000039,-0.0,-0.000039,-0.0,-0.000052,0.0,0.0,0.008495,-0.000052,0.0,-0.000039,-0.0,-0.000039,-0.0,-0.000052,0.0,0.0,0.0,0.0,
0.0,-0.073667,0.745461,0.257232,0.0,0.0,0.0,0.153264,0.377513,-0.519051,0.0,0.0,-0.956504,-0.020789,-0.024944,1.208029,-0.508329,0.0,-0.956504,0.020789,0.024944,1.208029,-0.508329,0.0,-0.028833,0.213206,0.0,-0.310324,0.0,-0.0,0.0,-0.028833,-0.213206,0.0,-0.310324,0.0,0.0,0.0,0.0,0.008495,-0.000052,-0.0,-0.000039,0.0,-0.000039,-0.0,-0.000052,0.0,0.0,0.008495,-0.000052,-0.0,-0.000039,0.0,-0.000039,-0.0,-0.000052,0.0,0.0,0.0,0.0,
0.0,-0.073514,0.745839,0.256713,0.0,0.0,0.0,0.15325,0.377437,-0.518918,0.0,0.0,-0.954976,-0.020758,-0.024953,1.206465,-0.507776,0.0,-0.954976,0.020758,0.024953,1.206465,-0.507776,0.0,-0.028497,0.213094,0.0,-0.310435,0.0,-0.0,0.0,-0.028497,-0.213094,0.0,-0.310435,0.0,0.0,0.0,0.0,0.008495,-0.000052,0.0,-0.000039,0.0,-0.000039,0.0,-0.000052,0.0,0.0,0.008495,-0.000052,0.0,-0.000039,0.0,-0.000039,0.0,-0.000052,0.0,0.0,0.0,0.0,
0.0,-0.073361,0.746216,0.256194,0.0,0.0,0.0,0.153269,0.377437,-0.519051,0.0,0.0,-0.953447,-0.020726,-0.024962,1.204901,-0.507223,0.0,-0.953447,0.020726,0.024962,1.204901,-0.507223,0.0,-0.028162,0.212982,-0.0,-0.310546,0.0,0.0,0.0,-0.028162,-0.212982,0.0,-0.310546,0.0,-0.0,0.0,0.0,0.008495,-0.000052,0.0,-0.000039,-0.0,-0.000039,0.0,-0.000052,0.0,0.0,0.008495,-0.000052,0.0,-0.000039,-0.0,-0.000039,0.0,-0.000052,0.0,0.0,0.0,0.0,
0.0,-0.073208,0.746594,0.255675,0.0,0.0,0.0,0.153264,0.377513,-0.519051,0.0,0.0,-0.951917,-0.020695,-0.024971,1.203337,-0.506671,0.0,-0.951917,0.020695,0.024971,1.203337,-0.506671,0.0,-0.027827,0.212869,0.0,-0.310658,0.0,-0.0,0.0,-0.027827,-0.212869,0.0,-0.310658,0.0,0.0,0.0,0.0,0.008495,-0.000052,-0.0,-0.000039,0.0,-0.000039,0.0,-0.000052,0.0,0.0,0.008495,-0.000052,-0.0,-0.000039,0.0,-0.000039,0.0,-0.000052,0.0,0.0,0.0,0.0,
0.0,-0.073054,0.746971,0.255156,0.0,0.0,0.0,0.153269,0.377437,-0.518918,0.0,0.0,-0.950388,-0.020664,-0.02498,1.201773,-0.506118,0.0,-0.950388,0.020664,0.02498,1.201773,-0.506118,0.0,-0.027492,0.212757,0.0,-0.310769,0.0,-0.0,0.0,-0.027492,-0.212757,0.0,-0.310769,0.0,0.0,0.0,0.0,0.008495,-0.000052,0.0,-0.000039,0.0,-0.000039,0.0,-0.000052,0.0,0.0,0.008495,-0.000052,0.0,-0.000039,0.0,-0.000039,0.0,-0.000052,0.0,0.0,0.0,0.0,
0.0,-0.072901,0.747349,0.254637,0.0,0.0,0.0,0.15325,0.377437,-0.519051,0.0,0.0,-0.94886,-0.020633,-0.024989,1.200209,-0.505565,0.0,-0.94886,0.020633,0.024989,1.200209,-0.505565,0.0,-0.027157,0.212645,0.0,-0.31088,0.0,-0.0,0.0,-0.027157,-0.212645,0.0,-0.31088,0.0,0.0,0.0,0.0,0.008495,-0.000052,0.0,-0.000039,0.0,-0.000039,-0.0,-0.000052,-0.0,0.0,0.008495,-0.000052,0.0,-0.000039,0.0,-0.000039,-0.0,-0.000052,-0.0,0.0,0.0,0.0,
0.0,-0.072748,0.747726,0.254118,0.0,0.0,0.0,0.153264,0.377513,-0.518918,0.0,0.0,-0.947331,-0.020602,-0.024998,1.198646,-0.505012,0.0,-0.947331,0.020602,0.024998,1.198646,-0.505012,0.0,-0.026822,0.212532,0.0,-0.310991,0.0,0.0,0.0,-0.026822,-0.212532,0.0,-0.310991,0.0,0.0,0.0,0.0,0.008495,-0.000052,-0.0,-0.000039,0.0,-0.000039,-0.0,-0.000052,0.0,0.0,0.008495,-0.000052,-0.0,-0.000039,0.0,-0.000039,-0.0,-0.000052,0.0,0.0,0.0,0.0,
0.0,-0.072594,0.748104,0.253599,0.0,0.0,0.0,0.153269,0.377437,-0.519051,0.0,0.0,-0.945802,-0.020571,-0.025008,1.197082,-0.50446,0.0,-0.945802,0.020571,0.025008,1.197082,-0.50446,0.0,-0.026487,0.21242,0.0,-0.311102,0.0,0.0,0.0,-0.026487,-0.21242,0.0,-0.311102,0.0,-0.0,0.0,0.0,0.008495,-0.000052,0.0,-0.000039,0.0,-0.000039,0.0,-0.000052,0.0,0.0,0.008495,-0.000052,0.0,-0.000039,0.0,-0.000039,0.0,-0.000052,0.0,0.0,0.0,0.0,
0.0,-0.072441,0.748481,0.25308,0.0,0.0,0.0,0.15325,0.377437,-0.518918,0.0,0.0,-0.944273,-0.02054,-0.025017,1.195518,-0.503907,0.0,-0.944273,0.02054,0.025017,1.195518,-0.503907,0.0,-0.026151,0.212308,-0.0,-0.311214,0.0,0.0,0.0,-0.026151,-0.212308,0.0,-0.311214,0.0,0.0,0.0,0.0,0.008495,-0.000052,-0.0,-0.000039,0.0,-0.000039,-0.0,-0.000052,0.0,0.0,0.008495,-0.000052,-0.0,-0.000039,0.0,-0.000039,-0.0,-0.000052,0.0,0.0,0.0,0.0,
0.0,-0.072288,0.748858,0.252561,0.0,0.0,0.0,0.153317,0.377361,-0.519184,0.0,0.0,-0.942744,-0.020509,-0.025026,1.193954,-0.503354,0.0,-0.942744,0.020509,0.025026,1.193954,-0.503354,0.0,-0.025816,0.212195,0.0,-0.311325,0.0,0.0,0.0,-0.025816,-0.212195,0.0,-0.311325,0.0,-0.0,0.0,0.0,0.008495,-0.000052,-0.0,-0.000039,-0.0,-0.000039,0.0,-0.000052,0.0,0.0,0.008495,-0.000052,-0.0,-0.000039,-0.0,-0.000039,0.0,-0.000052,0.0,0.0,0.0,0.0,
0.0,-0.072129,0.749224,0.252022,0.0,0.0,0.0,0.158682,0.365688,-0.538758,0.0,0.0,-0.941186,-0.020479,-0.025033,1.192374,-0.502791,0.0,-0.941186,0.020479,0.025033,1.192374,-0.502791,0.0,-0.02549,0.212087,0.0,-0.311434,0.0,0.0,0.0,-0.02549,-0.212087,-0.0,-0.311434,0.0,-0.0,0.0,0.0,0.008495,-0.000052,0.0,-0.000039,-0.0,-0.000039,0.0,-0.000052,0.0,0.0,0.008495,-0.000052,0.0,-0.000039,-0.0,-0.000039,0.0,-0.000052,0.0,0.0,0.0,0.0,
0.0,-0.071971,0.74959,0.251483,0.0,0.0,0.0,0.158658,0.365688,-0.538625,0.0,0.0,-0.939628,-0.02045,-0.025041,1.190794,-0.502229,0.0,-0.939628,0.02045,0.025041,1.190794,-0.502229,0.0,-0.025164,0.211978,0.0,-0.311544,0.0,0.0,0.0,-0.025164,-0.211978,-0.0,-0.311544,-0.0,0.0,0.0,0.0,0.008495,-0.000052,-0.0,-0.000039,-0.0,-0.000039,0.0,-0.000052,0.0,0.0,0.008495,-0.000052,-0.0,-0.000039,-0.0,-0.000039,0.0,-0.000052,0.0,0.0,0.0,0.0,
0.0,-0.071812,0.749956,0.250945,0.0,0.0,0.0,0.158682,0.365688,-0.538758,0.0,0.0,-0.93807,-0.020421,-0.025048,1.189214,-0.501666,0.0,-0.93807,0.020421,0.025048,1.189214,-0.501666,0.0,-0.024838,0.211869,0.0,-0.311653,0.0,0.0,0.0,-0.024838,-0.211869,0.0,-0.311653,0.0,0.0,0.0,0.0,0.008495,-0.000052,-0.0,-0.000039,-0.0,-0.000039,0.0,-0.000052,0.0,0.0,0.008495,-0.000052,-0.0,-0.000039,-0.0,-0.000039,0.0,-0.000052,0.0,0.0,0.0,0.0,
0.0,-0.071653,0.750321,0.250406,0.0,0.0,0.0,0.158682,0.365612,-0.538758,0.0,0.0,-0.936512,-0.020391,-0.025055,1.187633,-0.501103,0.0,-0.936512,0.020391,0.025055,1.187633,-0.501103,0.0,-0.024512,0.211761,-0.0,-0.311762,0.0,0.0,0.0,-0.024512,-0.211761,0.0,-0.311762,0.0,-0.0,0.0,0.0,0.008495,-0.000052,-0.0,-0.000039,-0.0,-0.000039,0.0,-0.000052,-0.0,0.0,0.008495,-0.000052,-0.0,-0.000039,-0.0,-0.000039,0.0,-0.000052,-0.0,0.0,0.0,0.0,
0.0,-0.071495,0.750687,0.249867,0.0,0.0,0.0,0.158658,0.365688,-0.538625,0.0,0.0,-0.934954,-0.020362,-0.025063,1.186053,-0.50054,0.0,-0.934954,0.020362,0.025063,1.186053,-0.50054,0.0,-0.024187,0.211652,0.0,-0.311872,0.0,0.0,0.0,-0.024187,-0.211652,0.0,-0.311872,0.0,-0.0,0.0,0.0,0.008495,-0.000052,-0.0,-0.000039,-0.0,-0.000039,0.0,-0.000052,0.0,0.0,0.008495,-0.000052,-0.0,-0.000039,-0.0,-0.000039,0.0,-0.000052,0.0,0.0,0.0,0.0,
0.0,-0.071336,0.751053,0.249329,0.0,0.0,0.0,0.158682,0.365688,-0.538758,0.0,0.0,-0.933396,-0.020333,-0.02507,1.184473,-0.499977,0.0,-0.933396,0.020333,0.02507,1.184473,-0.499977,0.0,-0.023861,0.211543,0.0,-0.311981,0.0,-0.0,0.0,-0.023861,-0.211543,0.0,-0.311981,0.0,0.0,0.0,0.0,0.008495,-0.000052,0.0,-0.000039,0.0,-0.000039,0.0,-0.000052,0.0,0.0,0.008495,-0.000052,0.0,-0.000039,0.0,-0.000039,0.0,-0.000052,0.0,0.0,0.0,0.0,
0.0,-0.071177,0.751418,0.24879,0.0,0.0,0.0,0.158677,0.365612,-0.538625,0.0,0.0,-0.931838,-0.020303,-0.025077,1.182893,-0.499415,0.0,-0.931838,0.020303,0.025077,1.182893,-0.499415,0.0,-0.023535,0.211435,0.0,-0.31209,0.0,0.0,0.0,-0.023535,-0.211435,0.0,-0.31209,0.0,-0.0,0.0,0.0,0.008495,-0.000052,-0.0,-0.000039,0.0,-0.000039,0.0,-0.000052,0.0,0.0,0.008495,-0.000052,-0.0,-0.000039,0.0,-0.000039,0.0,-0.000052,0.0,0.0,0.0,0.0,
0.0,-0.071019,0.751784,0.248251,0.0,0.0,0.0,0.158663,0.365688,-0.538758,0.0,0.0,-0.93028,-0.020274,-0.025085,1.181313,-0.498852,0.0,-0.93028,0.020274,0.025085,1.181313,-0.498852,0.0,-0.023209,0.211326,0.0,-0.3122,0.0,-0.0,0.0,-0.023209,-0.211326,0.0,-0.3122,0.0,0.0,0.0,0.0,0.008495,-0.000052,0.0,-0.000039,0.0,-0.000039,0.0,-0.000052,-0.0,0.0,0.008495,-0.000052,0.0,-0.000039,0.0,-0.000039,0.0,-0.000052,-0.0,0.0,0.0,0.0,
0.0,-0.07086,0.752149,0.247713,0.0,0.0,0.0,0.158682,0.365688,-0.538625,0.0,0.0,-0.928721,-0.020245,-0.025092,1.179732,-0.498289,0.0,-0.928721,0.020245,0.025092,1.179732,-0.498289,0.0,-0.022883,0.211218,0.0,-0.312309,0.0,0.0,0.0,-0.022883,-0.211218,0.0,-0.312309,0.0,0.0,0.0,0.0,0.008495,-0.000052,-0.0,-0.000039,-0.0,-0.000039,-0.0,-0.000052,0.0,0.0,0.008495,-0.000052,-0.0,-0.000039,-0.0,-0.000039,-0.0,-0.000052,0.0,0.0,0.0,0.0,
0.0,-0.070701,0.752515,0.247174,0.0,0.0,0.0,0.158677,0.365688,-0.538758,0.0,0.0,-0.927163,-0.020216,-0.025099,1.178152,-0.497726,0.0,-0.927163,0.020216,0.025099,1.178152,-0.497726,0.0,-0.022557,0.211109,0.0,-0.312419,0.0,0.0,0.0,-0.022557,-0.211109,0.0,-0.312419,0.0,0.0,0.0,0.0,0.008495,-0.000052,-0.0,-0.000039,-0.0,-0.000039,0.0,-0.000052,0.0,0.0,0.008495,-0.000052,-0.0,-0.000039,-0.0,-0.000039,0.0,-0.000052,0.0,0.0,0.0,0.0,
0.0,-0.070542,0.752881,0.246635,0.0,0.0,0.0,0.158663,0.365612,-0.538625,0.0,0.0,-0.925605,-0.020186,-0.025106,1.176572,-0.497164,0.0,-0.925605,0.020186,0.025106,1.176572,-0.497164,0.0,-0.022231,0.211,0.0,-0.312528,0.0,0.0,0.0,-0.022231,-0.211,0.0,-0.312528,0.0,0.0,0.0,0.0,0.008495,-0.000052,-0.0,-0.000039,-0.0,-0.000039,0.0,-0.000052,0.0,0.0,0.008495,-0.000052,-0.0,-0.000039,-0.0,-0.000039,0.0,-0.000052,0.0,0.0,0.0,0.0,
0.0,-0.070384,0.753247,0.246096,0.0,0.0,0.0,0.158682,0.365688,-0.538758,0.0,0.0,-0.924047,-0.020157,-0.025114,1.174991,-0.496601,0.0,-0.924047,0.020157,0.025114,1.174991,-0.496601,0.0,-0.021905,0.210892,0.0,-0.312637,0.0,0.0,0.0,-0.021905,-0.210892,0.0,-0.312637,0.0,0.0,0.0,0.0,0.008495,-0.000052,-0.0,-0.000039,-0.0,-0.000039,-0.0,-0.000052,0.0,0.0,0.008495,-0.000052,-0.0,-0.000039,-0.0,-0.000039,-0.0,-0.000052,0.0,0.0,0.0,0.0,
0.0,-0.070225,0.753612,0.245558,0.0,0.0,0.0,0.158677,0.365688,-0.538758,0.0,0.0,-0.922489,-0.020128,-0.025121,1.173411,-0.496038,0.0,-0.922489,0.020128,0.025121,1.173411,-0.496038,0.0,-0.021579,0.210783,0.0,-0.312747,0.0,0.0,0.0,-0.021579,-0.210783,0.0,-0.312747,0.0,0.0,0.0,0.0,0.008495,-0.000052,-0.0,-0.000039,-0.0,-0.000039,0.0,-0.000052,0.0,0.0,0.008495,-0.000052,-0.0,-0.000039,-0.0,-0.000039,0.0,-0.000052,0.0,0.0,0.0,0.0,
0.0,-0.070066,0.753978,0.245019,0.0,0.0,0.0,0.158682,0.365612,-0.538758,0.0,0.0,-0.920931,-0.020098,-0.025128,1.171831,-0.495475,0.0,-0.920931,0.020098,0.025128,1.171831,-0.495475,0.0,-0.021253,0.210674,0.0,-0.312856,0.0,0.0,0.0,-0.021253,-0.210674,0.0,-0.312856,0.0,0.0,0.0,0.0,0.008495,-0.000052,0.0,-0.000039,0.0,-0.000039,-0.0,-0.000052,0.0,0.0,0.008495,-0.000052,0.0,-0.000039,0.0,-0.000039,-0.0,-0.000052,0.0,0.0,0.0,0.0,
0.0,-0.069908,0.754343,0.24448,0.0,0.0,0.0,0.158663,0.365688,-0.538625,0.0,0.0,-0.919372,-0.020069,-0.025136,1.17025,-0.494912,0.0,-0.919372,0.020069,0.025136,1.17025,-0.494912,0.0,-0.020927,0.210566,0.0,-0.312965,0.0,0.0,0.0,-0.020927,-0.210566,0.0,-0.312965,0.0,0.0,0.0,0.0,0.008495,-0.000052,0.0,-0.000039,-0.0,-0.000039,0.0,-0.000052,0.0,0.0,0.008495,-0.000052,0.0,-0.000039,-0.0,-0.000039,0.0,-0.000052,0.0,0.0,0.0,0.0,
0.0,-0.069749,0.754709,0.243942,0.0,0.0,0.0,0.158677,0.365688,-0.538758,0.0,0.0,-0.917814,-0.02004,-0.025143,1.16867,-0.49435,0.0,-0.917814,0.02004,0.025143,1.16867,-0.49435,0.0,-0.020601,0.210457,0.0,-0.313075,0.0,0.0,0.0,-0.020601,-0.210457,0.0,-0.313075,0.0,0.0,0.0,0.0,0.008495,-0.000052,0.0,-0.000039,-0.0,-0.000039,0.0,-0.000052,0.0,0.0,0.008495,-0.000052,0.0,-0.000039,-0.0,-0.000039,0.0,-0.000052,0.0,0.0,0.0,0.0,
0.0,-0.06959,0.755075,0.243403,0.0,0.0,0.0,0.158682,0.365612,-0.538758,0.0,0.0,-0.916256,-0.02001,-0.02515,1.16709,-0.493787,0.0,-0.916256,0.02001,0.02515,1.16709,-0.493787,0.0,-0.020275,0.210348,0.0,-0.313184,0.0,0.0,0.0,-0.020275,-0.210348,0.0,-0.313184,0.0,0.0,0.0,0.0,0.008495,-0.000052,-0.0,-0.000039,0.0,-0.000039,0.0,-0.000052,0.0,0.0,0.008495,-0.000052,-0.0,-0.000039,0.0,-0.000039,0.0,-0.000052,0.0,0.0,0.0,0.0,
0.0,-0.069432,0.755441,0.242864,0.0,0.0,0.0,0.158658,0.365688,-0.538625,0.0,0.0,-0.914698,-0.019981,-0.025158,1.16551,-0.493224,0.0,-0.914698,0.019981,0.025158,1.16551,-0.493224,0.0,-0.019949,0.21024,0.0,-0.313294,0.0,0.0,0.0,-0.019949,-0.21024,0.0,-0.313294,0.0,0.0,0.0,0.0,0.008495,-0.000052,-0.0,-0.000039,-0.0,-0.000039,0.0,-0.000052,0.0,0.0,0.008495,-0.000052,-0.0,-0.000039,-0.0,-0.000039,0.0,-0.000052,0.0,0.0,0.0,0.0,
0.0,-0.069273,0.755806,0.242325,0.0,0.0,0.0,0.158682,0.365688,-0.538758,0.0,0.0,-0.91314,-0.019952,-0.025165,1.163929,-0.492661,0.0,-0.91314,0.019952,0.025165,1.163929,-0.492661,0.0,-0.019623,0.210131,0.0,-0.313403,0.0,-0.0,0.0,-0.019623,-0.210131,0.0,-0.313403,0.0,0.0,0.0,0.0,0.008495,-0.000052,-0.0,-0.000039,0.0,-0.000039,0.0,-0.000052,0.0,0.0,0.008495,-0.000052,-0.0,-0.000039,0.0,-0.000039,0.0,-0.000052,0.0,0.0,0.0,0.0,
0.0,-0.069114,0.756172,0.241787,0.0,0.0,0.0,0.158682,0.365688,-0.538758,0.0,0.0,-0.911582,-0.019923,-0.025172,1.162349,-0.492098,0.0,-0.911582,0.019923,0.025172,1.162349,-0.492098,0.0,-0.019297,0.210023,0.0,-0.313512,0.0,-0.0,0.0,-0.019297,-0.210023,0.0,-0.313512,0.0,0.0,0.0,0.0,0.008495,-0.000052,-0.0,-0.000039,0.0,-0.000039,-0.0,-0.000052,0.0,0.0,0.008495,-0.000052,-0.0,-0.000039,0.0,-0.000039,-0.0,-0.000052,0.0,0.0,0.0,0.0,
0.0,-0.068956,0.756537,0.241248,0.0,0.0,0.0,0.158658,0.365612,-0.538625,0.0,0.0,-0.910023,-0.019893,-0.02518,1.160769,-0.491536,0.0,-0.910023,0.019893,0.02518,1.160769,-0.491536,0.0,-0.018971,0.209914,0.0,-0.313622,0.0,0.0,0.0,-0.018971,-0.209914,0.0,-0.313622,0.0,-0.0,0.0,0.0,0.008495,-0.000052,0.0,-0.000039,0.0,-0.000039,-0.0,-0.000052,0.0,0.0,0.008495,-0.000052,0.0,-0.000039,0.0,-0.000039,-0.0,-0.000052,0.0,0.0,0.0,0.0,
0.0,-0.068797,0.756903,0.240709,0.0,0.0,0.0,0.158682,0.365688,-0.538625,0.0,0.0,-0.908465,-0.019864,-0.025187,1.159188,-0.490973,0.0,-0.908465,0.019864,0.025187,1.159188,-0.490973,0.0,-0.018645,0.209805,0.0,-0.313731,0.0,0.0,0.0,-0.018645,-0.209805,0.0,-0.313731,0.0,-0.0,0.0,0.0,0.008495,-0.000052,-0.0,-0.000039,-0.0,-0.000039,0.0,-0.000052,0.0,0.0,0.008495,-0.000052,-0.0,-0.000039,-0.0,-0.000039,0.0,-0.000052,0.0,0.0,-0.0,0.0,
0.0,-0.068638,0.757269,0.240171,0.0,0.0,0.0,0.158682,0.365688,-0.538758,0.0,0.0,-0.906907,-0.019835,-0.025194,1.157608,-0.49041,0.0,-0.906907,0.019835,0.025194,1.157608,-0.49041,0.0,-0.018319,0.209697,0.0,-0.313841,0.0,0.0,0.0,-0.018319,-0.209697,0.0,-0.313841,0.0,0.0,0.0,0.0,0.008495,-0.000052,-0.0,-0.000039,0.0,-0.000039,0.0,-0.000052,0.0,0.0,0.008495,-0.000052,-0.0,-0.000039,0.0,-0.000039,0.0,-0.000052,0.0,0.0,0.0,0.0,
0.0,-0.06848,0.757634,0.239632,0.0,0.0,0.0,0.158658,0.365612,-0.538758,0.0,0.0,-0.905349,-0.019805,-0.025202,1.156028,-0.489847,0.0,-0.905349,0.019805,0.025202,1.156028,-0.489847,0.0,-0.017993,0.209588,0.0,-0.31395,0.0,0.0,0.0,-0.017993,-0.209588,0.0,-0.31395,0.0,0.0,0.0,0.0,0.008495,-0.000052,0.0,-0.000039,0.0,-0.000039,0.0,-0.000052,0.0,0.0,0.008495,-0.000052,0.0,-0.000039,0.0,-0.000039,0.0,-0.000052,0.0,0.0,0.0,0.0,
0.0,-0.068321,0.758,0.239093,0.0,0.0,0.0,0.158682,0.365688,-0.538625,0.0,0.0,-0.903791,-0.019776,-0.025209,1.154447,-0.489285,0.0,-0.903791,0.019776,0.025209,1.154447,-0.489285,0.0,-0.017667,0.209479,0.0,-0.314059,0.0,0.0,0.0,-0.017667,-0.209479,0.0,-0.314059,0.0,-0.0,0.0,0.0,0.008495,-0.000052,-0.0,-0.000039,-0.0,-0.000039,0.0,-0.000052,0.0,0.0,0.008495,-0.000052,-0.0,-0.000039,-0.0,-0.000039,0.0,-0.000052,0.0,0.0,0.0,0.0,
0.0,-0.068162,0.758366,0.238555,0.0,0.0,0.0,0.158682,0.365688,-0.538758,0.0,0.0,-0.902233,-0.019747,-0.025216,1.152867,-0.488722,0.0,-0.902233,0.019747,0.025216,1.152867,-0.488722,0.0,-0.017341,0.209371,0.0,-0.314169,0.0,0.0,0.0,-0.017341,-0.209371,0.0,-0.314169,0.0,-0.0,0.0,0.0,0.008495,-0.000052,-0.0,-0.000039,0.0,-0.000039,-0.0,-0.000052,0.0,0.0,0.008495,-0.000052,-0.0,-0.000039,0.0,-0.000039,-0.0,-0.000052,0.0,0.0,0.0,0.0,
0.0,-0.068004,0.758731,0.238016,0.0,0.0,0.0,0.158677,0.365612,-0.538758,0.0,0.0,-0.900674,-0.019717,-0.025224,1.151287,-0.488159,0.0,-0.900674,0.019717,0.025224,1.151287,-0.488159,0.0,-0.017015,0.209262,0.0,-0.314278,0.0,-0.0,0.0,-0.017015,-0.209262,0.0,-0.314278,0.0,0.0,0.0,0.0,0.008495,-0.000052,0.0,-0.000039,-0.0,-0.000039,0.0,-0.000052,0.0,0.0,0.008495,-0.000052,0.0,-0.000039,-0.0,-0.000039,0.0,-0.000052,0.0,0.0,0.0,0.0,
0.0,-0.067845,0.759097,0.237477,0.0,0.0,0.0,0.158663,0.365688,-0.538625,0.0,0.0,-0.899117,-0.019688,-0.025231,1.149707,-0.487596,0.0,-0.899117,0.019688,0.025231,1.149707,-0.487596,0.0,-0.016689,0.209153,0.0,-0.314387,0.0,0.0,0.0,-0.016689,-0.209153,0.0,-0.314387,0.0,-0.0,0.0,0.0,0.008495,-0.000052,-0.0,-0.000039,0.0,-0.000039,0.0,-0.000052,0.0,0.0,0.008495,-0.000052,-0.0,-0.000039,0.0,-0.000039,0.0,-0.000052,0.0,0.0,0.0,0.0,
0.0,-0.067686,0.759463,0.236938,0.0,0.0,0.0,0.158682,0.365688,-0.538758,0.0,0.0,-0.897559,-0.019659,-0.025238,1.148126,-0.487033,0.0,-0.897559,0.019659,0.025238,1.148126,-0.487033,0.0,-0.016363,0.209045,0.0,-0.314497,0.0,0.0,0.0,-0.016363,-0.209045,0.0,-0.314497,0.0,0.0,0.0,0.0,0.008495,-0.000052,0.0,-0.000039,0.0,-0.000039,-0.0,-0.000052,0.0,0.0,0.008495,-0.000052,0.0,-0.000039,0.0,-0.000039,-0.0,-0.000052,0.0,0.0,0.0,0.0,
0.0,-0.067528,0.759828,0.2364,0.0,0.0,0.0,0.158677,0.365688,-0.538625,0.0,0.0,-0.896,-0.01963,-0.025246,1.146546,-0.486471,0.0,-0.896,0.01963,0.025246,1.146546,-0.486471,0.0,-0.016037,0.208936,0.0,-0.314606,0.0,0.0,0.0,-0.016037,-0.208936,0.0,-0.314606,0.0,-0.0,0.0,0.0,0.008495,-0.000052,-0.0,-0.000039,-0.0,-0.000039,0.0,-0.000052,0.0,0.0,0.008495,-0.000052,-0.0,-0.000039,-0.0,-0.000039,0.0,-0.000052,0.0,0.0,0.0,0.0,
0.0,-0.067369,0.760194,0.235861,0.0,0.0,0.0,0.158663,0.365612,-0.538758,0.0,0.0,-0.894443,-0.0196,-0.025253,1.144966,-0.485908,0.0,-0.894443,0.0196,0.025253,1.144966,-0.485908,0.0,-0.015711,0.208827,0.0,-0.314716,0.0,0.0,0.0,-0.015711,-0.208827,0.0,-0.314716,0.0,0.0,0.0,0.0,0.008495,-0.000052,-0.0,-0.000039,-0.0,-0.000039,0.0,-0.000052,0.0,0.0,0.008495,-0.000052,-0.0,-0.000039,-0.0,-0.000039,0.0,-0.000052,0.0,0.0,0.0,0.0,
0.0,-0.06721,0.76056,0.235322,0.0,0.0,0.0,0.158682,0.365688,-0.538625,0.0,0.0,-0.892885,-0.019571,-0.02526,1.143386,-0.485345,0.0,-0.892885,0.019571,0.02526,1.143386,-0.485345,0.0,-0.015385,0.208719,0.0,-0.314825,0.0,0.0,0.0,-0.015385,-0.208719,-0.0,-0.314825,0.0,-0.0,0.0,0.0,0.008495,-0.000052,0.0,-0.000039,0.0,-0.000039,-0.0,-0.000052,0.0,0.0,0.008495,-0.000052,0.0,-0.000039,0.0,-0.000039,-0.0,-0.000052,0.0,0.0,0.0,0.0,
0.0,-0.067052,0.760926,0.234784,0.0,0.0,0.0,0.158677,0.365688,-0.538758,0.0,0.0,-0.891327,-0.019542,-0.025268,1.141806,-0.484782,0.0,-0.891327,0.019542,0.025268,1.141806,-0.484782,0.0,-0.015059,0.20861,0.0,-0.314934,0.0,0.0,0.0,-0.015059,-0.20861,0.0,-0.314934,0.0,-0.0,0.0,0.0,0.008495,-0.000052,-0.0,-0.000039,0.0,-0.000039,-0.0,-0.000052,0.0,0.0,0.008495,-0.000052,-0.0,-0.000039,0.0,-0.000039,-0.0,-0.000052,0.0,0.0,0.0,0.0,
0.0,-0.06689,0.761282,0.234233,0.0,0.0,0.0,0.161267,0.356914,-0.550743,0.0,0.0,-0.889756,-0.019512,-0.025277,1.140215,-0.484212,0.0,-0.889756,0.019512,0.025277,1.140215,-0.484212,0.0,-0.014742,0.208505,0.0,-0.31504,0.0,0.0,0.0,-0.014742,-0.208505,0.0,-0.31504,0.0,-0.0,0.0,0.0,0.008495,-0.000052,-0.0,-0.000039,0.0,-0.000039,-0.0,-0.000052,0.0,0.0,0.008495,-0.000052,-0.0,-0.000039,0.0,-0.000039,-0.0,-0.000052,0.0,0.0,0.0,0.0,
0.0,-0.066728,0.761635,0.233676,0.0,0.0,0.0,0.162531,0.352947,-0.556602,0.0,0.0,-0.888179,-0.019483,-0.025288,1.138618,-0.483637,0.0,-0.888179,0.019483,0.025288,1.138618,-0.483637,0.0,-0.014429,0.208402,0.0,-0.315144,0.0,-0.0,0.0,-0.014429,-0.208402,0.0,-0.315144,0.0,0.0,0.0,0.0,0.008495,-0.000052,-0.0,-0.000039,0.0,-0.000039,0.0,-0.000052,0.0,0.0,0.008495,-0.000052,-0.0,-0.000039,0.0,-0.000039,0.0,-0.000052,0.0,0.0,0.0,0.0,
0.0,-0.066565,0.761988,0.23312,0.0,0.0,0.0,0.162526,0.352871,-0.556602,0.0,0.0,-0.886602,-0.019454,-0.025299,1.137021,-0.483062,0.0,-0.886602,0.019454,0.025299,1.137021,-0.483062,0.0,-0.014116,0.208299,0.0,-0.315248,0.0,0.0,0.0,-0.014116,-0.208299,0.0,-0.315248,0.0,0.0,0.0,0.0,0.008495,-0.000052,-0.0,-0.000039,-0.0,-0.000039,0.0,-0.000052,0.0,0.0,0.008495,-0.000052,-0.0,-0.000039,-0.0,-0.000039,0.0,-0.000052,0.0,0.0,0.0,0.0,
0.0,-0.066403,0.762341,0.232563,0.0,0.0,0.0,0.162507,0.352871,-0.556468,0.0,0.0,-0.885025,-0.019424,-0.02531,1.135425,-0.482488,0.0,-0.885025,0.019424,0.02531,1.135425,-0.482488,0.0,-0.013803,0.208196,0.0,-0.315351,0.0,-0.0,0.0,-0.013803,-0.208196,0.0,-0.315351,0.0,0.0,0.0,0.0,0.008495,-0.000052,0.0,-0.000039,-0.0,-0.000039,0.0,-0.000052,0.0,0.0,0.008495,-0.000052,0.0,-0.000039,-0.0,-0.000039,0.0,-0.000052,0.0,0.0,0.0,0.0,
0.0,-0.06624,0.762694,0.232007,0.0,0.0,0.0,0.162526,0.352871,-0.556602,0.0,0.0,-0.883448,-0.019395,-0.025321,1.133828,-0.481913,0.0,-0.883448,0.019395,0.025321,1.133828,-0.481913,0.0,-0.01349,0.208093,0.0,-0.315455,0.0,-0.0,0.0,-0.01349,-0.208093,0.0,-0.315455,0.0,0.0,0.0,0.0,0.008495,-0.000052,-0.0,-0.000039,0.0,-0.000039,0.0,-0.000052,0.0,0.0,0.008495,-0.000052,-0.0,-0.000039,0.0,-0.000039,0.0,-0.000052,0.0,0.0,0.0,0.0,
0.0,-0.066078,0.763047,0.23145,0.0,0.0,0.0,0.162531,0.352871,-0.556468,0.0,0.0,-0.881871,-0.019366,-0.025332,1.132231,-0.481338,0.0,-0.881871,0.019366,0.025332,1.132231,-0.481338,0.0,-0.013176,0.20799,0.0,-0.315559,0.0,0.0,0.0,-0.013176,-0.20799,0.0,-0.315559,0.0,-0.0,0.0,0.0,0.008495,-0.000052,-0.0,-0.000039,0.0,-0.000039,0.0,-0.000052,0.0,0.0,0.008495,-0.000052,-0.0,-0.000039,0.0,-0.000039,0.0,-0.000052,0.0,0.0,0.0,0.0,
0.0,-0.065915,0.7634,0.230894,0.0,0.0,0.0,0.162507,0.352871,-0.556602,0.0,0.0,-0.880294,-0.019337,-0.025343,1.130635,-0.480764,0.0,-0.880294,0.019337,0.025343,1.130635,-0.480764,0.0,-0.012863,0.207887,0.0,-0.315663,0.0,0.0,0.0,-0.012863,-0.207887,0.0,-0.315663,0.0,0.0,0.0,0.0,0.008495,-0.000052,-0.0,-0.000039,-0.0,-0.000039,0.0,-0.000052,0.0,0.0,0.008495,-0.000052,-0.0,-0.000039,-0.0,-0.000039,0.0,-0.000052,0.0,0.0,0.0,0.0,
0.0,-0.065753,0.763753,0.230337,0.0,0.0,0.0,0.162526,0.352871,-0.556602,0.0,0.0,-0.878717,-0.019307,-0.025354,1.129038,-0.480189,0.0,-0.878717,0.019307,0.025354,1.129038,-0.480189,0.0,-0.01255,0.207784,0.0,-0.315767,0.0,0.0,0.0,-0.01255,-0.207784,0.0,-0.315767,0.0,-0.0,0.0,0.0,0.008495,-0.000052,-0.0,-0.000039,-0.0,-0.000039,0.0,-0.000052,0.0,0.0,0.008495,-0.000052,-0.0,-0.000039,-0.0,-0.000039,0.0,-0.000052,0.0,0.0,0.0,0.0,
0.0,-0.06559,0.764105,0.22978,0.0,0.0,0.0,0.162531,0.352947,-0.556468,0.0,0.0,-0.877139,-0.019278,-0.025365,1.127441,-0.479614,0.0,-0.877139,0.019278,0.025365,1.127441,-0.479614,0.0,-0.012237,0.20768,0.0,-0.315871,0.0,0.0,0.0,-0.012237,-0.20768,0.0,-0.315871,0.0,0.0,0.0,0.0,0.008495,-0.000052,0.0,-0.000039,0.0,-0.000039,-0.0,-0.000052,0.0,0.0,0.008495,-0.000052,0.0,-0.000039,0.0,-0.000039,-0.0,-0.000052,0.0,0.0,0.0,0.0,
0.0,-0.065428,0.764458,0.229224,0.0,0.0,0.0,0.162507,0.352795,-0.556602,0.0,0.0,-0.875562,-0.019249,-0.025376,1.125844,-0.47904,0.0,-0.875562,0.019249,0.025376,1.125844,-0.47904,0.0,-0.011924,0.207577,0.0,-0.315975,0.0,0.0,0.0,-0.011924,-0.207577,0.0,-0.315975,0.0,-0.0,0.0,0.0,0.008495,-0.000052,-0.0,-0.000039,-0.0,-0.000039,0.0,-0.000052,0.0,0.0,0.008495,-0.000052,-0.0,-0.000039,-0.0,-0.000039,0.0,-0.000052,0.0,0.0,0.0,0.0,
0.0,-0.065265,0.764811,0.228667,0.0,0.0,0.0,0.162526,0.352947,-0.556602,0.0,0.0,-0.873985,-0.019219,-0.025387,1.124247,-0.478465,0.0,-0.873985,0.019219,0.025387,1.124247,-0.478465,0.0,-0.011611,0.207474,0.0,-0.316078,0.0,0.0,0.0,-0.011611,-0.207474,0.0,-0.316078,0.0,-0.0,0.0,0.0,0.008495,-0.000052,0.0,-0.000039,-0.0,-0.000039,0.0,-0.000052,0.0,0.0,0.008495,-0.000052,0.0,-0.000039,-0.0,-0.000039,0.0,-0.000052,0.0,0.0,0.0,0.0,
0.0,-0.065103,0.765164,0.228111,0.0,0.0,0.0,0.162531,0.352871,-0.556468,0.0,0.0,-0.872408,-0.01919,-0.025398,1.12265,-0.47789,0.0,-0.872408,0.01919,0.025398,1.12265,-0.47789,0.0,-0.011298,0.207371,0.0,-0.316182,0.0,0.0,0.0,-0.011298,-0.207371,-0.0,-0.316182,0.0,0.0,0.0,0.0,0.008495,-0.000052,0.0,-0.000039,-0.0,-0.000039,0.0,-0.000052,0.0,0.0,0.008495,-0.000052,0.0,-0.000039,-0.0,-0.000039,0.0,-0.000052,0.0,0.0,0.0,0.0,
0.0,-0.06494,0.765517,0.227554,0.0,0.0,0.0,0.162526,0.352871,-0.556602,0.0,0.0,-0.870831,-0.019161,-0.025409,1.121053,-0.477316,0.0,-0.870831,0.019161,0.025409,1.121053,-0.477316,0.0,-0.010984,0.207268,0.0,-0.316286,0.0,0.0,0.0,-0.010984,-0.207268,0.0,-0.316286,0.0,0.0,0.0,0.0,0.008495,-0.000052,0.0,-0.000039,-0.0,-0.000039,0.0,-0.000052,0.0,0.0,0.008495,-0.000052,0.0,-0.000039,-0.0,-0.000039,0.0,-0.000052,0.0,0.0,0.0,0.0,
0.0,-0.064778,0.76587,0.226998,0.0,0.0,0.0,0.162507,0.352871,-0.556602,0.0,0.0,-0.869254,-0.019131,-0.02542,1.119457,-0.476741,0.0,-0.869254,0.019131,0.02542,1.119457,-0.476741,0.0,-0.010671,0.207165,-0.0,-0.31639,0.0,-0.0,0.0,-0.010671,-0.207165,0.0,-0.31639,0.0,0.0,0.0,0.0,0.008495,-0.000052,-0.0,-0.000039,-0.0,-0.000039,0.0,-0.000052,0.0,0.0,0.008495,-0.000052,-0.0,-0.000039,-0.0,-0.000039,0.0,-0.000052,0.0,0.0,0.0,0.0,
0.0,-0.064615,0.766223,0.226441,0.0,0.0,0.0,0.162526,0.352871,-0.556468,0.0,0.0,-0.867676,-0.019102,-0.025431,1.11786,-0.476166,0.0,-0.867676,0.019102,0.025431,1.11786,-0.476166,0.0,-0.010358,0.207062,0.0,-0.316494,0.0,0.0,0.0,-0.010358,-0.207062,0.0,-0.316494,0.0,-0.0,0.0,0.0,0.008495,-0.000052,0.0,-0.000039,0.0,-0.000039,0.0,-0.000052,0.0,0.0,0.008495,-0.000052,0.0,-0.000039,0.0,-0.000039,0.0,-0.000052,0.0,0.0,-0.0,0.0,
0.0,-0.064453,0.766576,0.225885,0.0,0.0,0.0,0.162531,0.352947,-0.556602,0.0,0.0,-0.866099,-0.019073,-0.025442,1.116263,-0.475592,0.0,-0.866099,0.019073,0.025442,1.116263,-0.475592,0.0,-0.010045,0.206959,0.0,-0.316598,0.0,0.0,0.0,-0.010045,-0.206959,0.0,-0.316598,0.0,-0.0,0.0,0.0,0.008495,-0.000052,-0.0,-0.000039,-0.0,-0.000039,0.0,-0.000052,0.0,0.0,0.008495,-0.000052,-0.0,-0.000039,-0.0,-0.000039,0.0,-0.000052,0.0,0.0,0.0,0.0,
0.0,-0.06429,0.766929,0.225328,0.0,0.0,0.0,0.162507,0.352871,-0.556602,0.0,0.0,-0.864522,-0.019043,-0.025453,1.114666,-0.475017,0.0,-0.864522,0.019043,0.025453,1.114666,-0.475017,0.0,-0.009732,0.206856,0.0,-0.316701,0.0,0.0,0.0,-0.009732,-0.206856,0.0,-0.316701,0.0,0.0,0.0,0.0,0.008495,-0.000052,-0.0,-0.000039,0.0,-0.000039,0.0,-0.000052,0.0,0.0,0.008495,-0.000052,-0.0,-0.000039,0.0,-0.000039,0.0,-0.000052,0.0,0.0,0.0,0.0,
0.0,-0.064128,0.767281,0.224771,0.0,0.0,0.0,0.162526,0.352871,-0.556468,0.0,0.0,-0.862945,-0.019014,-0.025464,1.113069,-0.474443,0.0,-0.862945,0.019014,0.025464,1.113069,-0.474443,0.0,-0.009419,0.206753,0.0,-0.316805,0.0,0.0,0.0,-0.009419,-0.206753,0.0,-0.316805,0.0,0.0,0.0,0.0,0.008495,-0.000052,-0.0,-0.000039,0.0,-0.000039,-0.0,-0.000052,0.0,0.0,0.008495,-0.000052,-0.0,-0.000039,0.0,-0.000039,-0.0,-0.000052,0.0,0.0,0.0,0.0,
0.0,-0.063965,0.767634,0.224215,0.0,0.0,0.0,0.162531,0.352871,-0.556602,0.0,0.0,-0.861368,-0.018985,-0.025475,1.111472,-0.473868,0.0,-0.861368,0.018985,0.025475,1.111472,-0.473868,0.0,-0.009106,0.20665,-0.0,-0.316909,0.0,0.0,0.0,-0.009106,-0.20665,0.0,-0.316909,0.0,-0.0,0.0,0.0,0.008495,-0.000052,-0.0,-0.000039,-0.0,-0.000039,0.0,-0.000052,0.0,0.0,0.008495,-0.000052,-0.0,-0.000039,-0.0,-0.000039,0.0,-0.000052,0.0,0.0,0.0,0.0,
0.0,-0.063802,0.767987,0.223658,0.0,0.0,0.0,0.162507,0.352871,-0.556602,0.0,0.0,-0.859791,-0.018956,-0.025486,1.109876,-0.473293,0.0,-0.859791,0.018956,0.025486,1.109876,-0.473293,0.0,-0.008792,0.206546,0.0,-0.317013,0.0,-0.0,0.0,-0.008792,-0.206546,0.0,-0.317013,0.0,0.0,0.0,0.0,0.008495,-0.000052,0.0,-0.000039,0.0,-0.000039,0.0,-0.000052,0.0,0.0,0.008495,-0.000052,0.0,-0.000039,0.0,-0.000039,0.0,-0.000052,0.0,0.0,0.0,0.0,
0.0,-0.06364,0.76834,0.223102,0.0,0.0,0.0,0.162526,0.352871,-0.556468,0.0,0.0,-0.858213,-0.018926,-0.025497,1.108279,-0.472719,0.0,-0.858213,0.018926,0.025497,1.108279,-0.472719,0.0,-0.008479,0.206443,-0.0,-0.317117,0.0,-0.0,0.0,-0.008479,-0.206443,0.0,-0.317117,0.0,0.0,0.0,0.0,0.008495,-0.000052,0.0,-0.000039,0.0,-0.000039,0.0,-0.000052,0.0,0.0,0.008495,-0.000052,0.0,-0.000039,0.0,-0.000039,0.0,-0.000052,0.0,0.0,0.0,0.0,
0.0,-0.063477,0.768693,0.222545,0.0,0.0,0.0,0.162531,0.352947,-0.556602,0.0,0.0,-0.856636,-0.018897,-0.025508,1.106682,-0.472144,0.0,-0.856636,0.018897,0.025508,1.106682,-0.472144,0.0,-0.008166,0.20634,0.0,-0.317221,0.0,0.0,0.0,-0.008166,-0.20634,0.0,-0.317221,0.0,-0.0,0.0,0.0,0.008495,-0.000052,0.0,-0.000039,0.0,-0.000039,0.0,-0.000052,0.0,0.0,0.008495,-0.000052,0.0,-0.000039,0.0,-0.000039,0.0,-0.000052,0.0,0.0,0.0,0.0,
0.0,-0.063315,0.769046,0.221989,0.0,0.0,0.0,0.162507,0.352795,-0.556602,0.0,0.0,-0.855059,-0.018868,-0.025519,1.105085,-0.471569,0.0,-0.855059,0.018868,0.025519,1.105085,-0.471569,0.0,-0.007853,0.206237,0.0,-0.317325,0.0,0.0,0.0,-0.007853,-0.206237,0.0,-0.317325,0.0,0.0,0.0,0.0,0.008495,-0.000052,0.0,-0.000039,-0.0,-0.000039,-0.0,-0.000052,0.0,0.0,0.008495,-0.000052,0.0,-0.000039,-0.0,-0.000039,-0.0,-0.000052,0.0,0.0,0.0,0.0,
0.0,-0.063152,0.769399,0.221432,0.0,0.0,0.0,0.162526,0.352947,-0.556468,0.0,0.0,-0.853482,-0.018838,-0.02553,1.103488,-0.470995,0.0,-0.853482,0.018838,0.02553,1.103488,-0.470995,0.0,-0.00754,0.206134,0.0,-0.317428,0.0,0.0,0.0,-0.00754,-0.206134,-0.0,-0.317428,0.0,-0.0,0.0,0.0,0.008495,-0.000052,0.0,-0.000039,0.0,-0.000039,0.0,-0.000052,0.0,0.0,0.008495,-0.000052,0.0,-0.000039,0.0,-0.000039,0.0,-0.000052,0.0,0.0,0.0,0.0,
0.0,-0.06299,0.769752,0.220876,0.0,0.0,0.0,0.162526,0.352871,-0.556602,0.0,0.0,-0.851905,-0.018809,-0.025541,1.101891,-0.47042,0.0,-0.851905,0.018809,0.025541,1.101891,-0.47042,0.0,-0.007227,0.206031,0.0,-0.317532,0.0,0.0,0.0,-0.007227,-0.206031,0.0,-0.317532,0.0,0.0,0.0,0.0,0.008495,-0.000052,-0.0,-0.000039,-0.0,-0.000039,-0.0,-0.000052,0.0,0.0,0.008495,-0.000052,-0.0,-0.000039,-0.0,-0.000039,-0.0,-0.000052,0.0,0.0,0.0,0.0,
0.0,-0.062827,0.770104,0.220319,0.0,0.0,0.0,0.162531,0.352871,-0.556602,0.0,0.0,-0.850327,-0.01878,-0.025552,1.100294,-0.469845,0.0,-0.850327,0.01878,0.025552,1.100294,-0.469845,0.0,-0.006914,0.205928,0.0,-0.317636,0.0,0.0,0.0,-0.006914,-0.205928,0.0,-0.317636,0.0,-0.0,0.0,0.0,0.008495,-0.000052,0.0,-0.000039,-0.0,-0.000039,0.0,-0.000052,0.0,0.0,0.008495,-0.000052,0.0,-0.000039,-0.0,-0.000039,0.0,-0.000052,0.0,0.0,0.0,0.0,
0.0,-0.062665,0.770457,0.219762,0.0,0.0,0.0,0.162507,0.352871,-0.556468,0.0,0.0,-0.84875,-0.01875,-0.025563,1.098698,-0.469271,0.0,-0.84875,0.01875,0.025563,1.098698,-0.469271,0.0,-0.0066,0.205825,0.0,-0.31774,0.0,0.0,0.0,-0.0066,-0.205825,0.0,-0.31774,0.0,0.0,0.0,0.0,0.008495,-0.000052,0.0,-0.000039,-0.0,-0.000039,-0.0,-0.000052,0.0,0.0,0.008495,-0.000052,0.0,-0.000039,-0.0,-0.000039,-0.0,-0.000052,0.0,0.0,0.0,0.0,
0.0,-0.062502,0.77081,0.219206,0.0,0.0,0.0,0.162526,0.352871,-0.556602,0.0,0.0,-0.847173,-0.018721,-0.025574,1.097101,-0.468696,0.0,-0.847173,0.018721,0.025574,1.097101,-0.468696,0.0,-0.006287,0.205722,0.0,-0.317844,0.0,0.0,0.0,-0.006287,-0.205722,-0.0,-0.317844,0.0,0.0,0.0,0.0,0.008495,-0.000052,0.0,-0.000039,-0.0,-0.000039,0.0,-0.000052,0.0,0.0,0.008495,-0.000052,0.0,-0.000039,-0.0,-0.000039,0.0,-0.000052,0.0,0.0,0.0,0.0,
0.0,-0.06234,0.771163,0.218649,0.0,0.0,0.0,0.162531,0.352947,-0.556602,0.0,0.0,-0.845596,-0.018692,-0.025585,1.095504,-0.468121,0.0,-0.845596,0.018692,0.025585,1.095504,-0.468121,0.0,-0.005974,0.205619,0.0,-0.317948,0.0,0.0,0.0,-0.005974,-0.205619,0.0,-0.317948,0.0,-0.0,0.0,0.0,0.008495,-0.000052,0.0,-0.000039,-0.0,-0.000039,-0.0,-0.000052,0.0,0.0,0.008495,-0.000052,0.0,-0.000039,-0.0,-0.000039,-0.0,-0.000052,0.0,0.0,0.0,0.0,
0.0,-0.062177,0.771516,0.218093,0.0,0.0,0.0,0.162507,0.352795,-0.556468,0.0,0.0,-0.844019,-0.018663,-0.025596,1.093908,-0.467547,0.0,-0.844019,0.018663,0.025596,1.093908,-0.467547,0.0,-0.005661,0.205515,0.0,-0.318052,0.0,0.0,0.0,-0.005661,-0.205515,0.0,-0.318052,0.0,0.0,0.0,0.0,0.008495,-0.000052,0.0,-0.000039,0.0,-0.000039,0.0,-0.000052,0.0,0.0,0.008495,-0.000052,0.0,-0.000039,0.0,-0.000039,0.0,-0.000052,0.0,0.0,0.0,0.0,
0.0,-0.062015,0.771869,0.217536,0.0,0.0,0.0,0.162526,0.352947,-0.556602,0.0,0.0,-0.842442,-0.018633,-0.025607,1.092311,-0.466972,0.0,-0.842442,0.018633,0.025607,1.092311,-0.466972,0.0,-0.005348,0.205412,0.0,-0.318155,0.0,0.0,0.0,-0.005348,-0.205412,0.0,-0.318155,0.0,0.0,0.0,0.0,0.008495,-0.000052,-0.0,-0.000039,-0.0,-0.000039,0.0,-0.000052,0.0,0.0,0.008495,-0.000052,-0.0,-0.000039,-0.0,-0.000039,0.0,-0.000052,0.0,0.0,0.0,0.0,
0.0,-0.061852,0.772222,0.21698,0.0,0.0,0.0,0.162531,0.352871,-0.556602,0.0,0.0,-0.840865,-0.018604,-0.025618,1.090714,-0.466397,0.0,-0.840865,0.018604,0.025618,1.090714,-0.466397,0.0,-0.005035,0.205309,0.0,-0.318259,0.0,-0.0,0.0,-0.005035,-0.205309,0.0,-0.318259,0.0,0.0,0.0,0.0,0.008495,-0.000052,0.0,-0.000039,-0.0,-0.000039,0.0,-0.000052,0.0,0.0,0.008495,-0.000052,0.0,-0.000039,-0.0,-0.000039,0.0,-0.000052,0.0,0.0,0.0,0.0,
0.0,-0.06169,0.772575,0.216423,0.0,0.0,0.0,0.162507,0.352871,-0.556468,0.0,0.0,-0.839288,-0.018575,-0.025629,1.089118,-0.465823,0.0,-0.839288,0.018575,0.025629,1.089118,-0.465823,0.0,-0.004722,0.205206,0.0,-0.318363,0.0,-0.0,0.0,-0.004722,-0.205206,0.0,-0.318363,0.0,0.0,0.0,0.0,0.008495,-0.000052,0.0,-0.000039,0.0,-0.000039,0.0,-0.000052,0.0,0.0,0.008495,-0.000052,0.0,-0.000039,0.0,-0.000039,0.0,-0.000052,0.0,0.0,0.0,0.0,
0.0,-0.061526,0.772923,0.215862,0.0,0.0,0.0,0.163313,0.348141,-0.560863,0.0,0.0,-0.837707,-0.018546,-0.02564,1.087517,-0.465244,0.0,-0.837707,0.018546,0.02564,1.087517,-0.465244,0.0,-0.004414,0.205104,0.0,-0.318466,0.0,0.0,0.0,-0.004414,-0.205104,0.0,-0.318466,0.0,0.0,0.0,0.0,0.008495,-0.000052,-0.0,-0.000039,0.0,-0.000039,0.0,-0.000052,0.0,0.0,0.008495,-0.000052,-0.0,-0.000039,0.0,-0.000039,0.0,-0.000052,0.0,0.0,0.0,0.0,
0.0,-0.061362,0.773262,0.215293,0.0,0.0,0.0,0.164811,0.339062,-0.568852,0.0,0.0,-0.836116,-0.018519,-0.025651,1.085907,-0.464658,0.0,-0.836116,0.018519,0.025651,1.085907,-0.464658,0.0,-0.004115,0.205002,0.0,-0.318566,0.0,0.0,0.0,-0.004115,-0.205002,0.0,-0.318566,0.0,0.0,0.0,0.0,0.008495,-0.000052,-0.0,-0.000039,0.0,-0.000039,0.0,-0.000052,0.0,0.0,0.008495,-0.000052,-0.0,-0.000039,0.0,-0.000039,0.0,-0.000052,0.0,0.0,0.0,0.0,
0.0,-0.061197,0.773601,0.214725,0.0,0.0,0.0,0.164787,0.339138,-0.568852,0.0,0.0,-0.834526,-0.018491,-0.025662,1.084298,-0.464071,0.0,-0.834526,0.018491,0.025662,1.084298,-0.464071,0.0,-0.003817,0.204901,0.0,-0.318666,0.0,-0.0,0.0,-0.003817,-0.204901,0.0,-0.318666,0.0,0.0,0.0,0.0,0.008495,-0.000052,-0.0,-0.000039,-0.0,-0.000039,0.0,-0.000052,-0.0,0.0,0.008495,-0.000052,-0.0,-0.000039,-0.0,-0.000039,0.0,-0.000052,-0.0,0.0,0.0,0.0,
0.0,-0.061032,0.77394,0.214156,0.0,0.0,0.0,0.164811,0.339138,-0.568852,0.0,0.0,-0.832935,-0.018464,-0.025673,1.082689,-0.463485,0.0,-0.832935,0.018464,0.025673,1.082689,-0.463485,0.0,-0.003518,0.2048,-0.0,-0.318766,0.0,0.0,0.0,-0.003518,-0.2048,0.0,-0.318766,0.0,-0.0,0.0,0.0,0.008495,-0.000052,-0.0,-0.000039,-0.0,-0.000039,0.0,-0.000052,0.0,0.0,0.008495,-0.000052,-0.0,-0.000039,-0.0,-0.000039,0.0,-0.000052,0.0,0.0,0.0,0.0,
0.0,-0.060867,0.774279,0.213587,0.0,0.0,0.0,0.164806,0.339062,-0.568985,0.0,0.0,-0.831345,-0.018436,-0.025684,1.081079,-0.462898,0.0,-0.831345,0.018436,0.025684,1.081079,-0.462898,0.0,-0.00322,0.204699,0.0,-0.318866,0.0,0.0,0.0,-0.00322,-0.204699,0.0,-0.318866,0.0,-0.0,0.0,0.0,0.008495,-0.000052,-0.0,-0.000039,0.0,-0.000039,0.0,-0.000052,-0.0,0.0,0.008495,-0.000052,-0.0,-0.000039,0.0,-0.000039,0.0,-0.000052,-0.0,0.0,0.0,0.0,
0.0,-0.060702,0.774618,0.213018,0.0,0.0,0.0,0.164792,0.339138,-0.568719,0.0,0.0,-0.829754,-0.018409,-0.025695,1.07947,-0.462312,0.0,-0.829754,0.018409,0.025695,1.07947,-0.462312,0.0,-0.002921,0.204597,0.0,-0.318966,0.0,0.0,0.0,-0.002921,-0.204597,0.0,-0.318966,0.0,0.0,0.0,0.0,0.008495,-0.000052,0.0,-0.000039,-0.0,-0.000039,-0.0,-0.000052,0.0,0.0,0.008495,-0.000052,0.0,-0.000039,-0.0,-0.000039,-0.0,-0.000052,0.0,0.0,0.0,0.0,
0.0,-0.060538,0.774957,0.212449,0.0,0.0,0.0,0.164806,0.339138,-0.568852,0.0,0.0,-0.828164,-0.018381,-0.025706,1.077861,-0.461725,0.0,-0.828164,0.018381,0.025706,1.077861,-0.461725,0.0,-0.002623,0.204496,-0.0,-0.319067,0.0,-0.0,0.0,-0.002623,-0.204496,0.0,-0.319067,0.0,0.0,0.0,0.0,0.008495,-0.000052,-0.0,-0.000039,-0.0,-0.000039,-0.0,-0.000052,0.0,0.0,0.008495,-0.000052,-0.0,-0.000039,-0.0,-0.000039,-0.0,-0.000052,0.0,0.0,0.0,0.0,
0.0,-0.060373,0.775297,0.21188,0.0,0.0,0.0,0.164811,0.339062,-0.568985,0.0,0.0,-0.826573,-0.018354,-0.025717,1.076251,-0.461139,0.0,-0.826573,0.018354,0.025717,1.076251,-0.461139,0.0,-0.002324,0.204395,0.0,-0.319167,0.0,0.0,0.0,-0.002324,-0.204395,0.0,-0.319167,0.0,-0.0,0.0,0.0,0.008495,-0.000052,0.0,-0.000039,0.0,-0.000039,-0.0,-0.000052,0.0,0.0,0.008495,-0.000052,0.0,-0.000039,0.0,-0.000039,-0.0,-0.000052,0.0,0.0,0.0,0.0,
0.0,-0.060208,0.775636,0.211311,0.0,0.0,0.0,0.164787,0.339138,-0.568852,0.0,0.0,-0.824983,-0.018326,-0.025728,1.074642,-0.460552,0.0,-0.824983,0.018326,0.025728,1.074642,-0.460552,0.0,-0.002026,0.204294,-0.0,-0.319267,-0.0,0.0,0.0,-0.002026,-0.204294,0.0,-0.319267,0.0,-0.0,0.0,0.0,0.008495,-0.000052,-0.0,-0.000039,0.0,-0.000039,-0.0,-0.000052,0.0,0.0,0.008495,-0.000052,-0.0,-0.000039,0.0,-0.000039,-0.0,-0.000052,0.0,0.0,0.0,0.0,
0.0,-0.060043,0.775975,0.210742,0.0,0.0,0.0,0.164811,0.339138,-0.568852,0.0,0.0,-0.823392,-0.018299,-0.025739,1.073033,-0.459966,0.0,-0.823392,0.018299,0.025739,1.073033,-0.459966,0.0,-0.001727,0.204193,0.0,-0.319367,0.0,0.0,0.0,-0.001727,-0.204193,0.0,-0.319367,0.0,0.0,0.0,0.0,0.008495,-0.000052,-0.0,-0.000039,0.0,-0.000039,-0.0,-0.000052,0.0,0.0,0.008495,-0.000052,-0.0,-0.000039,0.0,-0.000039,-0.0,-0.000052,0.0,0.0,0.0,0.0,
0.0,-0.059878,0.776314,0.210174,0.0,0.0,0.0,0.164811,0.339062,-0.568852,0.0,0.0,-0.821801,-0.018271,-0.02575,1.071423,-0.459379,0.0,-0.821801,0.018271,0.02575,1.071423,-0.459379,0.0,-0.001429,0.204091,0.0,-0.319467,0.0,0.0,0.0,-0.001429,-0.204091,0.0,-0.319467,0.0,0.0,0.0,0.0,0.008495,-0.000052,-0.0,-0.000039,0.0,-0.000039,-0.0,-0.000052,0.0,0.0,0.008495,-0.000052,-0.0,-0.000039,0.0,-0.000039,-0.0,-0.000052,0.0,0.0,0.0,0.0,
0.0,-0.059714,0.776653,0.209605,0.0,0.0,0.0,0.164806,0.339138,-0.568985,0.0,0.0,-0.820211,-0.018244,-0.025761,1.069814,-0.458793,0.0,-0.820211,0.018244,0.025761,1.069814,-0.458793,0.0,-0.00113,0.20399,0.0,-0.319567,0.0,0.0,0.0,-0.00113,-0.20399,0.0,-0.319567,0.0,0.0,0.0,0.0,0.008495,-0.000052,-0.0,-0.000039,0.0,-0.000039,-0.0,-0.000052,0.0,0.0,0.008495,-0.000052,-0.0,-0.000039,0.0,-0.000039,-0.0,-0.000052,0.0,0.0,0.0,0.0,
0.0,-0.059549,0.776992,0.209036,0.0,0.0,0.0,0.164787,0.339138,-0.568852,0.0,0.0,-0.81862,-0.018216,-0.025772,1.068204,-0.458206,0.0,-0.81862,0.018216,0.025772,1.068204,-0.458206,0.0,-0.000832,0.203889,0.0,-0.319668,0.0,0.0,0.0,-0.000832,-0.203889,0.0,-0.319668,0.0,0.0,0.0,0.0,0.008495,-0.000052,-0.0,-0.000039,0.0,-0.000039,0.0,-0.000052,0.0,0.0,0.008495,-0.000052,-0.0,-0.000039,0.0,-0.000039,0.0,-0.000052,0.0,0.0,0.0,0.0,
0.0,-0.059384,0.777331,0.208467,0.0,0.0,0.0,0.164811,0.339062,-0.568852,0.0,0.0,-0.81703,-0.018189,-0.025783,1.066595,-0.45762,0.0,-0.81703,0.018189,0.025783,1.066595,-0.45762,0.0,-0.000533,0.203788,0.0,-0.319768,0.0,-0.0,0.0,-0.000533,-0.203788,0.0,-0.319768,0.0,0.0,0.0,0.0,0.008495,-0.000052,0.0,-0.000039,0.0,-0.000039,0.0,-0.000052,0.0,0.0,0.008495,-0.000052,0.0,-0.000039,0.0,-0.000039,0.0,-0.000052,0.0,0.0,0.0,0.0,
0.0,-0.059219,0.77767,0.207898,0.0,0.0,0.0,0.164811,0.339138,-0.568985,0.0,0.0,-0.815439,-0.018161,-0.025794,1.064985,-0.457033,0.0,-0.815439,0.018161,0.025794,1.064985,-0.457033,0.0,-0.000235,0.203686,0.0,-0.319868,0.0,0.0,0.0,-0.000235,-0.203686,-0.0,-0.319868,0.0,-0.0,0.0,0.0,0.008495,-0.000052,0.0,-0.000039,0.0,-0.000039,0.0,-0.000052,0.0,0.0,0.008495,-0.000052,0.0,-0.000039,0.0,-0.000039,0.0,-0.000052,0.0,0.0,0.0,0.0,
0.0,-0.059054,0.778009,0.207329,0.0,0.0,0.0,0.164787,0.339138,-0.568719,0.0,0.0,-0.813848,-0.018134,-0.025805,1.063376,-0.456447,0.0,-0.813848,0.018134,0.025805,1.063376,-0.456447,0.0,0.000064,0.203585,0.0,-0.319968,0.0,0.0,0.0,0.000064,-0.203585,0.0,-0.319968,0.0,-0.0,0.0,0.0,0.008495,-0.000052,0.0,-0.000039,0.0,-0.000039,-0.0,-0.000052,0.0,0.0,0.008495,-0.000052,0.0,-0.000039,0.0,-0.000039,-0.0,-0.000052,0.0,0.0,0.0,0.0,
0.0,-0.05889,0.778349,0.20676,0.0,0.0,0.0,0.164811,0.339062,-0.568985,0.0,0.0,-0.812258,-0.018107,-0.025816,1.061766,-0.45586,0.0,-0.812258,0.018107,0.025816,1.061766,-0.45586,0.0,0.000362,0.203484,0.0,-0.320068,0.0,0.0,0.0,0.000362,-0.203484,0.0,-0.320068,0.0,-0.0,0.0,0.0,0.008495,-0.000052,-0.0,-0.000039,0.0,-0.000039,0.0,-0.000052,0.0,0.0,0.008495,-0.000052,-0.0,-0.000039,0.0,-0.000039,0.0,-0.000052,0.0,0.0,0.0,0.0,
0.0,-0.058725,0.778688,0.206191,0.0,0.0,0.0,0.164806,0.339138,-0.568852,0.0,0.0,-0.810667,-0.018079,-0.025827,1.060157,-0.455274,0.0,-0.810667,0.018079,0.025827,1.060157,-0.455274,0.0,0.000661,0.203383,0.0,-0.320168,0.0,0.0,0.0,0.000661,-0.203383,0.0,-0.320168,0.0,0.0,0.0,0.0,0.008495,-0.000052,-0.0,-0.000039,-0.0,-0.000039,0.0,-0.000052,0.0,0.0,0.008495,-0.000052,-0.0,-0.000039,-0.0,-0.000039,0.0,-0.000052,0.0,0.0,0.0,0.0,
0.0,-0.05856,0.779027,0.205623,0.0,0.0,0.0,0.164787,0.339138,-0.568852,0.0,0.0,-0.809077,-0.018052,-0.025838,1.058547,-0.454687,0.0,-0.809077,0.018052,0.025838,1.058547,-0.454687,0.0,0.000959,0.203281,0.0,-0.320269,0.0,0.0,0.0,0.000959,-0.203281,0.0,-0.320269,0.0,0.0,0.0,0.0,0.008495,-0.000052,0.0,-0.000039,0.0,-0.000039,0.0,-0.000052,0.0,0.0,0.008495,-0.000052,0.0,-0.000039,0.0,-0.000039,0.0,-0.000052,0.0,0.0,0.0,0.0,
0.0,-0.058395,0.779366,0.205054,0.0,0.0,0.0,0.164811,0.339062,-0.568852,0.0,0.0,-0.807486,-0.018024,-0.025849,1.056938,-0.454101,0.0,-0.807486,0.018024,0.025849,1.056938,-0.454101,0.0,0.001258,0.20318,0.0,-0.320369,0.0,0.0,0.0,0.001258,-0.20318,0.0,-0.320369,0.0,0.0,0.0,0.0,0.008495,-0.000052,-0.0,-0.000039,-0.0,-0.000039,-0.0,-0.000052,0.0,0.0,0.008495,-0.000052,-0.0,-0.000039,-0.0,-0.000039,-0.0,-0.000052,0.0,0.0,0.0,0.0,
0.0,-0.05823,0.779705,0.204485,0.0,0.0,0.0,0.164811,0.339138,-0.568985,0.0,0.0,-0.805895,-0.017997,-0.02586,1.055328,-0.453514,0.0,-0.805895,0.017997,0.02586,1.055328,-0.453514,0.0,0.001556,0.203079,0.0,-0.320469,0.0,0.0,0.0,0.001556,-0.203079,0.0,-0.320469,0.0,-0.0,0.0,0.0,0.008495,-0.000052,0.0,-0.000039,0.0,-0.000039,0.0,-0.000052,0.0,0.0,0.008495,-0.000052,0.0,-0.000039,0.0,-0.000039,0.0,-0.000052,0.0,0.0,0.0,0.0,
0.0,-0.058066,0.780044,0.203916,0.0,0.0,0.0,0.164787,0.339138,-0.568719,0.0,0.0,-0.804305,-0.017969,-0.025871,1.053719,-0.452928,0.0,-0.804305,0.017969,0.025871,1.053719,-0.452928,0.0,0.001855,0.202978,0.0,-0.320569,0.0,0.0,0.0,0.001855,-0.202978,0.0,-0.320569,0.0,-0.0,0.0,0.0,0.008495,-0.000052,-0.0,-0.000039,0.0,-0.000039,-0.0,-0.000052,0.0,0.0,0.008495,-0.000052,-0.0,-0.000039,0.0,-0.000039,-0.0,-0.000052,0.0,0.0,0.0,0.0,
0.0,-0.057901,0.780383,0.203347,0.0,0.0,0.0,0.164811,0.339062,-0.568985,0.0,0.0,-0.802714,-0.017942,-0.025882,1.052109,-0.452341,0.0,-0.802714,0.017942,0.025882,1.052109,-0.452341,0.0,0.002153,0.202876,0.0,-0.320669,0.0,-0.0,0.0,0.002153,-0.202876,0.0,-0.320669,0.0,0.0,0.0,0.0,0.008495,-0.000052,0.0,-0.000039,-0.0,-0.000039,-0.0,-0.000052,0.0,0.0,0.008495,-0.000052,0.0,-0.000039,-0.0,-0.000039,-0.0,-0.000052,0.0,0.0,0.0,0.0,
0.0,-0.057736,0.780722,0.202778,0.0,0.0,0.0,0.164806,0.339138,-0.568852,0.0,0.0,-0.801123,-0.017914,-0.025893,1.0505,-0.451755,0.0,-0.801123,0.017914,0.025893,1.0505,-0.451755,0.0,0.002452,0.202775,0.0,-0.320769,0.0,0.0,0.0,0.002452,-0.202775,0.0,-0.320769,0.0,0.0,0.0,0.0,0.008495,-0.000052,-0.0,-0.000039,0.0,-0.000039,0.0,-0.000052,0.0,0.0,0.008495,-0.000052,-0.0,-0.000039,0.0,-0.000039,0.0,-0.000052,0.0,0.0,0.0,0.0,
0.0,-0.057571,0.781061,0.202209,0.0,0.0,0.0,0.164811,0.339138,-0.568985,0.0,0.0,-0.799533,-0.017887,-0.025904,1.04889,-0.451168,0.0,-0.799533,0.017887,0.025904,1.04889,-0.451168,0.0,0.00275,0.202674,0.0,-0.32087,0.0,0.0,0.0,0.00275,-0.202674,0.0,-0.32087,0.0,0.0,0.0,0.0,0.008495,-0.000052,0.0,-0.000039,-0.0,-0.000039,0.0,-0.000052,0.0,0.0,0.008495,-0.000052,0.0,-0.000039,-0.0,-0.000039,0.0,-0.000052,0.0,0.0,-0.0,0.0,
0.0,-0.057406,0.781401,0.20164,0.0,0.0,0.0,0.164787,0.339062,-0.568719,0.0,0.0,-0.797942,-0.017859,-0.025915,1.047281,-0.450582,0.0,-0.797942,0.017859,0.025915,1.047281,-0.450582,0.0,0.003049,0.202573,0.0,-0.32097,0.0,0.0,0.0,0.003049,-0.202573,0.0,-0.32097,0.0,0.0,0.0,0.0,0.008495,-0.000052,0.0,-0.000039,-0.0,-0.000039,-0.0,-0.000052,0.0,0.0,0.008495,-0.000052,0.0,-0.000039,-0.0,-0.000039,-0.0,-0.000052,0.0,0.0,0.0,0.0,
0.0,-0.057242,0.78174,0.201071,0.0,0.0,0.0,0.164811,0.339138,-0.568985,0.0,0.0,-0.796351,-0.017832,-0.025926,1.045672,-0.449995,0.0,-0.796351,0.017832,0.025926,1.045672,-0.449995,0.0,0.003347,0.202471,0.0,-0.32107,0.0,0.0,0.0,0.003347,-0.202471,-0.0,-0.32107,0.0,0.0,0.0,0.0,0.008495,-0.000052,-0.0,-0.000039,-0.0,-0.000039,0.0,-0.000052,0.0,0.0,0.008495,-0.000052,-0.0,-0.000039,-0.0,-0.000039,0.0,-0.000052,0.0,0.0,0.0,0.0,
0.0,-0.057077,0.782079,0.200503,0.0,0.0,0.0,0.164806,0.339138,-0.568852,0.0,0.0,-0.794761,-0.017804,-0.025937,1.044062,-0.449409,0.0,-0.794761,0.017804,0.025937,1.044062,-0.449409,0.0,0.003646,0.20237,0.0,-0.32117,0.0,0.0,0.0,0.003646,-0.20237,0.0,-0.32117,0.0,0.0,0.0,0.0,0.008495,-0.000052,-0.0,-0.000039,-0.0,-0.000039,0.0,-0.000052,0.0,0.0,0.008495,-0.000052,-0.0,-0.000039,-0.0,-0.000039,0.0,-0.000052,0.0,0.0,0.0,0.0,
0.0,-0.056912,0.782418,0.199934,0.0,0.0,0.0,0.164792,0.339062,-0.568852,0.0,0.0,-0.79317,-0.017777,-0.025948,1.042453,-0.448822,0.0,-0.79317,0.017777,0.025948,1.042453,-0.448822,0.0,0.003944,0.202269,0.0,-0.32127,0.0,0.0,0.0,0.003944,-0.202269,0.0,-0.32127,0.0,-0.0,0.0,0.0,0.008495,-0.000052,-0.0,-0.000039,-0.0,-0.000039,-0.0,-0.000052,0.0,0.0,0.008495,-0.000052,-0.0,-0.000039,-0.0,-0.000039,-0.0,-0.000052,0.0,0.0,0.0,0.0,
0.0,-0.056747,0.782757,0.199365,0.0,0.0,0.0,0.164806,0.339138,-0.568852,0.0,0.0,-0.79158,-0.017749,-0.025959,1.040843,-0.448236,0.0,-0.79158,0.017749,0.025959,1.040843,-0.448236,0.0,0.004243,0.202168,0.0,-0.32137,0.0,0.0,0.0,0.004243,-0.202168,-0.0,-0.32137,0.0,-0.0,0.0,0.0,0.008495,-0.000052,0.0,-0.000039,0.0,-0.000039,-0.0,-0.000052,0.0,0.0,0.008495,-0.000052,0.0,-0.000039,0.0,-0.000039,-0.0,-0.000052,0.0,0.0,0.0,0.0,
0.0,-0.056582,0.783096,0.198796,0.0,0.0,0.0,0.164811,0.339138,-0.568985,0.0,0.0,-0.789989,-0.017722,-0.02597,1.039234,-0.447649,0.0,-0.789989,0.017722,0.02597,1.039234,-0.447649,0.0,0.004541,0.202067,0.0,-0.321471,0.0,0.0,0.0,0.004541,-0.202067,0.0,-0.321471,0.0,-0.0,0.0,0.0,0.008495,-0.000052,0.0,-0.000039,0.0,-0.000039,0.0,-0.000052,0.0,0.0,0.008495,-0.000052,0.0,-0.000039,0.0,-0.000039,0.0,-0.000052,0.0,0.0,0.0,0.0,
0.0,-0.056418,0.783435,0.198227,0.0,0.0,0.0,0.164787,0.339062,-0.568719,0.0,0.0,-0.788399,-0.017694,-0.025981,1.037625,-0.447063,0.0,-0.788399,0.017694,0.025981,1.037625,-0.447063,0.0,0.004839,0.201965,0.0,-0.321571,0.0,-0.0,0.0,0.004839,-0.201965,0.0,-0.321571,0.0,0.0,0.0,0.0,0.008495,-0.000052,-0.0,-0.000039,0.0,-0.000039,0.0,-0.000052,0.0,0.0,0.008495,-0.000052,-0.0,-0.000039,0.0,-0.000039,0.0,-0.000052,0.0,0.0,0.0,0.0,
0.0,-0.056253,0.783774,0.197658,0.0,0.0,0.0,0.164811,0.339138,-0.568985,0.0,0.0,-0.786809,-0.017667,-0.025992,1.036016,-0.446476,0.0,-0.786809,0.017667,0.025992,1.036016,-0.446476,0.0,0.005138,0.201864,0.0,-0.321671,0.0,0.0,0.0,0.005138,-0.201864,0.0,-0.321671,0.0,-0.0,0.0,0.0,0.008495,-0.000052,-0.0,-0.000039,-0.0,-0.000039,-0.0,-0.000052,0.0,0.0,0.008495,-0.000052,-0.0,-0.000039,-0.0,-0.000039,-0.0,-0.000052,0.0,0.0,0.0,0.0,
0.0,-0.056088,0.784113,0.197089,0.0,0.0,0.0,0.16482,0.338909,-0.568852,0.0,0.0,-0.785218,-0.01764,-0.026003,1.034406,-0.44589,0.0,-0.785218,0.01764,0.026003,1.034406,-0.44589,0.0,0.005436,0.201763,0.0,-0.321771,0.0,0.0,0.0,0.005436,-0.201763,0.0,-0.321771,0.0,0.0,0.0,0.0,0.008495,-0.000052,-0.0,-0.000039,-0.0,-0.000039,-0.0,-0.000052,0.0,0.0,0.008495,-0.000052,-0.0,-0.000039,-0.0,-0.000039,-0.0,-0.000052,0.0,0.0,0.0,0.0,
0.0,-0.055922,0.784438,0.196515,0.0,0.0,0.0,0.165503,0.324337,-0.573912,0.0,0.0,-0.783624,-0.017618,-0.026019,1.032786,-0.445291,0.0,-0.783624,0.017618,0.026019,1.032786,-0.445291,0.0,0.005724,0.201667,0.0,-0.321867,0.0,0.0,0.0,0.005724,-0.201667,0.0,-0.321867,0.0,-0.0,0.0,0.0,0.008495,-0.000052,-0.0,-0.000039,-0.0,-0.000039,-0.0,-0.000052,-0.0,0.0,0.008495,-0.000052,-0.0,-0.000039,-0.0,-0.000039,-0.0,-0.000052,-0.0,0.0,0.0,0.0,
0.0,-0.055757,0.784762,0.195942,0.0,0.0,0.0,0.165522,0.324413,-0.573779,0.0,0.0,-0.782029,-0.017596,-0.026036,1.031166,-0.444693,0.0,-0.782029,0.017596,0.026036,1.031166,-0.444693,0.0,0.006011,0.201571,-0.0,-0.321964,0.0,0.0,0.0,0.006011,-0.201571,0.0,-0.321964,0.0,0.0,0.0,0.0,0.008495,-0.000052,0.0,-0.000039,-0.0,-0.000039,0.0,-0.000052,0.0,0.0,0.008495,-0.000052,0.0,-0.000039,-0.0,-0.000039,0.0,-0.000052,0.0,0.0,0.0,0.0,
0.0,-0.055591,0.785086,0.195368,0.0,0.0,0.0,0.165527,0.324337,-0.573912,0.0,0.0,-0.780434,-0.017574,-0.026052,1.029545,-0.444095,0.0,-0.780434,0.017574,0.026052,1.029545,-0.444095,0.0,0.006299,0.201476,0.0,-0.32206,0.0,0.0,0.0,0.006299,-0.201476,0.0,-0.32206,0.0,0.0,0.0,0.0,0.008495,-0.000052,0.0,-0.000039,-0.0,-0.000039,0.0,-0.000052,0.0,0.0,0.008495,-0.000052,0.0,-0.000039,-0.0,-0.000039,0.0,-0.000052,0.0,0.0,0.0,0.0,
0.0,-0.055426,0.785411,0.194794,0.0,0.0,0.0,0.165503,0.324337,-0.573779,0.0,0.0,-0.778839,-0.017552,-0.026069,1.027925,-0.443496,0.0,-0.778839,0.017552,0.026069,1.027925,-0.443496,0.0,0.006586,0.20138,0.0,-0.322157,0.0,0.0,0.0,0.006586,-0.20138,0.0,-0.322157,0.0,-0.0,0.0,0.0,0.008495,-0.000052,0.0,-0.000039,0.0,-0.000039,0.0,-0.000052,0.0,0.0,0.008495,-0.000052,0.0,-0.000039,0.0,-0.000039,0.0,-0.000052,0.0,0.0,0.0,0.0,
0.0,-0.05526,0.785735,0.19422,0.0,0.0,0.0,0.165522,0.324413,-0.573912,0.0,0.0,-0.777244,-0.01753,-0.026085,1.026305,-0.442898,0.0,-0.777244,0.01753,0.026085,1.026305,-0.442898,0.0,0.006874,0.201284,0.0,-0.322253,0.0,-0.0,0.0,0.006874,-0.201284,0.0,-0.322253,0.0,0.0,0.0,0.0,0.008495,-0.000052,-0.0,-0.000039,0.0,-0.000039,-0.0,-0.000052,0.0,0.0,0.008495,-0.000052,-0.0,-0.000039,0.0,-0.000039,-0.0,-0.000052,0.0,0.0,0.0,0.0,
0.0,-0.055095,0.786059,0.193646,0.0,0.0,0.0,0.165527,0.324337,-0.573912,0.0,0.0,-0.77565,-0.017508,-0.026102,1.024684,-0.4423,0.0,-0.77565,0.017508,0.026102,1.024684,-0.4423,0.0,0.007161,0.201189,0.0,-0.32235,0.0,0.0,0.0,0.007161,-0.201189,0.0,-0.32235,0.0,-0.0,0.0,0.0,0.008495,-0.000052,-0.0,-0.000039,-0.0,-0.000039,-0.0,-0.000052,-0.0,0.0,0.008495,-0.000052,-0.0,-0.000039,-0.0,-0.000039,-0.0,-0.000052,-0.0,0.0,0.0,0.0,
0.0,-0.054929,0.786384,0.193072,0.0,0.0,0.0,0.165503,0.324337,-0.573779,0.0,0.0,-0.774055,-0.017486,-0.026118,1.023064,-0.441702,0.0,-0.774055,0.017486,0.026118,1.023064,-0.441702,0.0,0.007449,0.201093,0.0,-0.322446,0.0,0.0,0.0,0.007449,-0.201093,0.0,-0.322446,0.0,0.0,0.0,0.0,0.008495,-0.000052,0.0,-0.000039,0.0,-0.000039,-0.0,-0.000052,0.0,0.0,0.008495,-0.000052,0.0,-0.000039,0.0,-0.000039,-0.0,-0.000052,0.0,0.0,0.0,0.0,
0.0,-0.054764,0.786708,0.192498,0.0,0.0,0.0,0.165522,0.324413,-0.573912,0.0,0.0,-0.77246,-0.017464,-0.026135,1.021443,-0.441103,0.0,-0.77246,0.017464,0.026135,1.021443,-0.441103,0.0,0.007736,0.200997,0.0,-0.322543,0.0,0.0,0.0,0.007736,-0.200997,0.0,-0.322543,0.0,0.0,0.0,0.0,0.008495,-0.000052,-0.0,-0.000039,0.0,-0.000039,0.0,-0.000052,0.0,0.0,0.008495,-0.000052,-0.0,-0.000039,0.0,-0.000039,0.0,-0.000052,0.0,0.0,0.0,0.0,
0.0,-0.054598,0.787033,0.191925,0.0,0.0,0.0,0.165527,0.324337,-0.573912,0.0,0.0,-0.770865,-0.017442,-0.026151,1.019822,-0.440505,0.0,-0.770865,0.017442,0.026151,1.019822,-0.440505,0.0,0.008024,0.200902,0.0,-0.322639,0.0,-0.0,0.0,0.008024,-0.200902,0.0,-0.322639,0.0,0.0,0.0,0.0,0.008495,-0.000052,0.0,-0.000039,0.0,-0.000039,0.0,-0.000052,0.0,0.0,0.008495,-0.000052,0.0,-0.000039,0.0,-0.000039,0.0,-0.000052,0.0,0.0,0.0,0.0,
0.0,-0.054433,0.787357,0.191351,0.0,0.0,0.0,0.165522,0.324413,-0.573779,0.0,0.0,-0.76927,-0.01742,-0.026168,1.018202,-0.439907,0.0,-0.76927,0.01742,0.026168,1.018202,-0.439907,0.0,0.008311,0.200806,0.0,-0.322736,0.0,-0.0,0.0,0.008311,-0.200806,0.0,-0.322736,0.0,0.0,0.0,0.0,0.008495,-0.000052,0.0,-0.000039,-0.0,-0.000039,-0.0,-0.000052,0.0,0.0,0.008495,-0.000052,0.0,-0.000039,-0.0,-0.000039,-0.0,-0.000052,0.0,0.0,0.0,0.0,
0.0,-0.054267,0.787681,0.190777,0.0,0.0,0.0,0.165503,0.324337,-0.573912,0.0,0.0,-0.767675,-0.017398,-0.026184,1.016582,-0.439308,0.0,-0.767675,0.017398,0.026184,1.016582,-0.439308,0.0,0.008599,0.20071,0.0,-0.322832,0.0,-0.0,0.0,0.008599,-0.20071,0.0,-0.322832,0.0,0.0,0.0,0.0,0.008495,-0.000052,-0.0,-0.000039,0.0,-0.000039,0.0,-0.000052,0.0,0.0,0.008495,-0.000052,-0.0,-0.000039,0.0,-0.000039,0.0,-0.000052,0.0,0.0,0.0,0.0,
0.0,-0.054102,0.788006,0.190203,0.0,0.0,0.0,0.165527,0.324413,-0.573779,0.0,0.0,-0.76608,-0.017376,-0.026201,1.014961,-0.43871,0.0,-0.76608,0.017376,0.026201,1.014961,-0.43871,0.0,0.008886,0.200614,0.0,-0.322929,0.0,0.0,0.0,0.008886,-0.200614,-0.0,-0.322929,0.0,-0.0,0.0,0.0,0.008495,-0.000052,-0.0,-0.000039,0.0,-0.000039,0.0,-0.000052,0.0,0.0,0.008495,-0.000052,-0.0,-0.000039,0.0,-0.000039,0.0,-0.000052,0.0,0.0,0.0,0.0,
0.0,-0.053936,0.78833,0.189629,0.0,0.0,0.0,0.165522,0.324337,-0.573912,0.0,0.0,-0.764485,-0.017354,-0.026217,1.01334,-0.438112,0.0,-0.764485,0.017354,0.026217,1.01334,-0.438112,0.0,0.009174,0.200519,0.0,-0.323025,0.0,0.0,0.0,0.009174,-0.200519,0.0,-0.323025,0.0,-0.0,0.0,0.0,0.008495,-0.000052,0.0,-0.000039,-0.0,-0.000039,0.0,-0.000052,-0.0,0.0,0.008495,-0.000052,0.0,-0.000039,-0.0,-0.000039,0.0,-0.000052,-0.0,0.0,0.0,0.0,
0.0,-0.053771,0.788654,0.189055,0.0,0.0,0.0,0.165508,0.324337,-0.573779,0.0,0.0,-0.762891,-0.017332,-0.026233,1.01172,-0.437513,0.0,-0.762891,0.017332,0.026233,1.01172,-0.437513,0.0,0.009461,0.200423,0.0,-0.323122,0.0,-0.0,0.0,0.009461,-0.200423,0.0,-0.323122,0.0,0.0,0.0,0.0,0.008495,-0.000052,0.0,-0.000039,-0.0,-0.000039,0.0,-0.000052,0.0,0.0,0.008495,-0.000052,0.0,-0.000039,-0.0,-0.000039,0.0,-0.000052,0.0,0.0,-0.0,0.0,
0.0,-0.053605,0.788979,0.188481,0.0,0.0,0.0,0.165522,0.324413,-0.573912,0.0,0.0,-0.761295,-0.01731,-0.02625,1.010099,-0.436915,0.0,-0.761295,0.01731,0.02625,1.010099,-0.436915,0.0,0.009749,0.200327,0.0,-0.323218,0.0,0.0,0.0,0.009749,-0.200327,0.0,-0.323218,0.0,0.0,0.0,0.0,0.008495,-0.000052,0.0,-0.000039,0.0,-0.000039,0.0,-0.000052,0.0,0.0,0.008495,-0.000052,0.0,-0.000039,0.0,-0.000039,0.0,-0.000052,0.0,0.0,-0.0,0.0,
0.0,-0.05344,0.789303,0.187908,0.0,0.0,0.0,0.165527,0.324337,-0.573912,0.0,0.0,-0.7597,-0.017288,-0.026266,1.008479,-0.436317,0.0,-0.7597,0.017288,0.026266,1.008479,-0.436317,0.0,0.010036,0.200232,0.0,-0.323315,0.0,0.0,0.0,0.010036,-0.200232,0.0,-0.323315,0.0,0.0,0.0,0.0,0.008495,-0.000052,0.0,-0.000039,0.0,-0.000039,-0.0,-0.000052,0.0,0.0,0.008495,-0.000052,0.0,-0.000039,0.0,-0.000039,-0.0,-0.000052,0.0,0.0,0.0,0.0,
0.0,-0.053274,0.789627,0.187334,0.0,0.0,0.0,0.165503,0.324337,-0.573779,0.0,0.0,-0.758106,-0.017266,-0.026283,1.006858,-0.435718,0.0,-0.758106,0.017266,0.026283,1.006858,-0.435718,0.0,0.010324,0.200136,0.0,-0.323411,0.0,0.0,0.0,0.010324,-0.200136,0.0,-0.323411,0.0,0.0,0.0,0.0,0.008495,-0.000052,-0.0,-0.000039,0.0,-0.000039,0.0,-0.000052,0.0,0.0,0.008495,-0.000052,-0.0,-0.000039,0.0,-0.000039,0.0,-0.000052,0.0,0.0,0.0,0.0,
0.0,-0.053109,0.789952,0.18676,0.0,0.0,0.0,0.165522,0.324413,-0.573912,0.0,0.0,-0.756511,-0.017244,-0.026299,1.005237,-0.43512,0.0,-0.756511,0.017244,0.026299,1.005237,-0.43512,0.0,0.010611,0.20004,0.0,-0.323508,0.0,0.0,0.0,0.010611,-0.20004,0.0,-0.323508,0.0,-0.0,0.0,0.0,0.008495,-0.000052,-0.0,-0.000039,0.0,-0.000039,0.0,-0.000052,-0.0,0.0,0.008495,-0.000052,-0.0,-0.000039,0.0,-0.000039,0.0,-0.000052,-0.0,0.0,0.0,0.0,
0.0,-0.052943,0.790276,0.186186,0.0,0.0,0.0,0.165527,0.324337,-0.573912,0.0,0.0,-0.754916,-0.017222,-0.026316,1.003617,-0.434522,0.0,-0.754916,0.017222,0.026316,1.003617,-0.434522,0.0,0.010899,0.199945,0.0,-0.323604,0.0,0.0,0.0,0.010899,-0.199945,0.0,-0.323604,0.0,0.0,0.0,0.0,0.008495,-0.000052,-0.0,-0.000039,-0.0,-0.000039,0.0,-0.000052,0.0,0.0,0.008495,-0.000052,-0.0,-0.000039,-0.0,-0.000039,0.0,-0.000052,0.0,0.0,0.0,0.0,
0.0,-0.052778,0.7906,0.185612,0.0,0.0,0.0,0.165503,0.324337,-0.573779,0.0,0.0,-0.753321,-0.0172,-0.026332,1.001996,-0.433923,0.0,-0.753321,0.0172,0.026332,1.001996,-0.433923,0.0,0.011186,0.199849,0.0,-0.323701,0.0,-0.0,0.0,0.011186,-0.199849,0.0,-0.323701,0.0,0.0,0.0,0.0,0.008495,-0.000052,0.0,-0.000039,0.0,-0.000039,0.0,-0.000052,0.0,0.0,0.008495,-0.000052,0.0,-0.000039,0.0,-0.000039,0.0,-0.000052,0.0,0.0,0.0,0.0,
0.0,-0.052612,0.790925,0.185038,0.0,0.0,0.0,0.165522,0.324413,-0.573912,0.0,0.0,-0.751726,-0.017178,-0.026349,1.000376,-0.433325,0.0,-0.751726,0.017178,0.026349,1.000376,-0.433325,0.0,0.011474,0.199753,0.0,-0.323797,0.0,0.0,0.0,0.011474,-0.199753,-0.0,-0.323797,0.0,-0.0,0.0,0.0,0.008495,-0.000052,-0.0,-0.000039,-0.0,-0.000039,-0.0,-0.000052,0.0,0.0,0.008495,-0.000052,-0.0,-0.000039,-0.0,-0.000039,-0.0,-0.000052,0.0,0.0,0.0,0.0,
0.0,-0.052447,0.791249,0.184464,0.0,0.0,0.0,0.165527,0.324337,-0.573912,0.0,0.0,-0.750131,-0.017156,-0.026365,0.998755,-0.432727,0.0,-0.750131,0.017156,0.026365,0.998755,-0.432727,0.0,0.011761,0.199657,0.0,-0.323894,0.0,-0.0,0.0,0.011761,-0.199657,0.0,-0.323894,0.0,0.0,0.0,0.0,0.008495,-0.000052,0.0,-0.000039,0.0,-0.000039,0.0,-0.000052,0.0,0.0,0.008495,-0.000052,0.0,-0.000039,0.0,-0.000039,0.0,-0.000052,0.0,0.0,0.0,0.0,
0.0,-0.052281,0.791574,0.18389,0.0,0.0,0.0,0.165522,0.324413,-0.573912,0.0,0.0,-0.748536,-0.017134,-0.026382,0.997134,-0.432128,0.0,-0.748536,0.017134,0.026382,0.997134,-0.432128,0.0,0.012049,0.199562,0.0,-0.32399,0.0,0.0,0.0,0.012049,-0.199562,-0.0,-0.32399,0.0,0.0,0.0,0.0,0.008495,-0.000052,0.0,-0.000039,0.0,-0.000039,0.0,-0.000052,0.0,0.0,0.008495,-0.000052,0.0,-0.000039,0.0,-0.000039,0.0,-0.000052,0.0,0.0,0.0,0.0,
0.0,-0.052115,0.791898,0.183317,0.0,0.0,0.0,0.165503,0.324337,-0.573779,0.0,0.0,-0.746941,-0.017112,-0.026398,0.995514,-0.43153,0.0,-0.746941,0.017112,0.026398,0.995514,-0.43153,0.0,0.012336,0.199466,-0.0,-0.324086,0.0,0.0,0.0,0.012336,-0.199466,0.0,-0.324086,0.0,0.0,0.0,0.0,0.008495,-0.000052,-0.0,-0.000039,0.0,-0.000039,-0.0,-0.000052,0.0,0.0,0.008495,-0.000052,-0.0,-0.000039,0.0,-0.000039,-0.0,-0.000052,0.0,0.0,-0.0,0.0,
0.0,-0.05195,0.792222,0.182743,0.0,0.0,0.0,0.165527,0.324337,-0.573912,0.0,0.0,-0.745346,-0.01709,-0.026415,0.993893,-0.430932,0.0,-0.745346,0.01709,0.026415,0.993893,-0.430932,0.0,0.012624,0.19937,0.0,-0.324183,0.0,-0.0,0.0,0.012624,-0.19937,0.0,-0.324183,0.0,0.0,0.0,0.0,0.008495,-0.000052,-0.0,-0.000039,0.0,-0.000039,0.0,-0.000052,0.0,0.0,0.008495,-0.000052,-0.0,-0.000039,0.0,-0.000039,0.0,-0.000052,0.0,0.0,0.0,0.0,
0.0,-0.051784,0.792547,0.182169,0.0,0.0,0.0,0.165522,0.324413,-0.573779,0.0,0.0,-0.743751,-0.017068,-0.026431,0.992273,-0.430334,0.0,-0.743751,0.017068,0.026431,0.992273,-0.430334,0.0,0.012911,0.199275,0.0,-0.324279,0.0,-0.0,0.0,0.012911,-0.199275,0.0,-0.324279,0.0,0.0,0.0,0.0,0.008495,-0.000052,-0.0,-0.000039,-0.0,-0.000039,-0.0,-0.000052,0.0,0.0,0.008495,-0.000052,-0.0,-0.000039,-0.0,-0.000039,-0.0,-0.000052,0.0,0.0,0.0,0.0,
0.0,-0.051619,0.792871,0.181595,0.0,0.0,0.0,0.165503,0.324337,-0.573912,0.0,0.0,-0.742157,-0.017046,-0.026448,0.990653,-0.429735,0.0,-0.742157,0.017046,0.026448,0.990653,-0.429735,0.0,0.013199,0.199179,0.0,-0.324376,0.0,-0.0,0.0,0.013199,-0.199179,0.0,-0.324376,0.0,0.0,0.0,0.0,0.008495,-0.000052,0.0,-0.000039,-0.0,-0.000039,0.0,-0.000052,0.0,0.0,0.008495,-0.000052,0.0,-0.000039,-0.0,-0.000039,0.0,-0.000052,0.0,0.0,0.0,0.0,
0.0,-0.051453,0.793195,0.181021,0.0,0.0,0.0,0.165527,0.324337,-0.573779,0.0,0.0,-0.740562,-0.017024,-0.026464,0.989032,-0.429137,0.0,-0.740562,0.017024,0.026464,0.989032,-0.429137,0.0,0.013486,0.199083,0.0,-0.324472,0.0,-0.0,0.0,0.013486,-0.199083,0.0,-0.324472,0.0,0.0,0.0,0.0,0.008495,-0.000052,-0.0,-0.000039,0.0,-0.000039,0.0,-0.000052,-0.0,0.0,0.008495,-0.000052,-0.0,-0.000039,0.0,-0.000039,0.0,-0.000052,-0.0,0.0,0.0,0.0,
0.0,-0.051288,0.79352,0.180447,0.0,0.0,0.0,0.165522,0.324413,-0.573912,0.0,0.0,-0.738967,-0.017002,-0.026481,0.987411,-0.428539,0.0,-0.738967,0.017002,0.026481,0.987411,-0.428539,0.0,0.013774,0.198988,0.0,-0.324569,0.0,0.0,0.0,0.013774,-0.198988,0.0,-0.324569,0.0,-0.0,0.0,0.0,0.008495,-0.000052,0.0,-0.000039,0.0,-0.000039,-0.0,-0.000052,0.0,0.0,0.008495,-0.000052,0.0,-0.000039,0.0,-0.000039,-0.0,-0.000052,0.0,0.0,0.0,0.0,
0.0,-0.051122,0.793844,0.179874,0.0,0.0,0.0,0.165503,0.324337,-0.573779,0.0,0.0,-0.737372,-0.01698,-0.026497,0.985791,-0.42794,0.0,-0.737372,0.01698,0.026497,0.985791,-0.42794,0.0,0.014061,0.198892,0.0,-0.324665,0.0,0.0,0.0,0.014061,-0.198892,0.0,-0.324665,0.0,0.0,0.0,0.0,0.008495,-0.000052,0.0,-0.000039,-0.0,-0.000039,0.0,-0.000052,0.0,0.0,0.008495,-0.000052,0.0,-0.000039,-0.0,-0.000039,0.0,-0.000052,0.0,0.0,0.0,0.0,
0.0,-0.050957,0.794169,0.1793,0.0,0.0,0.0,0.165527,0.324337,-0.573912,0.0,0.0,-0.735777,-0.016958,-0.026514,0.984171,-0.427342,0.0,-0.735777,0.016958,0.026514,0.984171,-0.427342,0.0,0.014349,0.198796,0.0,-0.324762,0.0,0.0,0.0,0.014349,-0.198796,0.0,-0.324762,0.0,0.0,0.0,0.0,0.008495,-0.000052,-0.0,-0.000039,0.0,-0.000039,0.0,-0.000052,0.0,0.0,0.008495,-0.000052,-0.0,-0.000039,0.0,-0.000039,0.0,-0.000052,0.0,0.0,0.0,0.0,
0.0,-0.050791,0.794493,0.178726,0.0,0.0,0.0,0.165522,0.324413,-0.573912,0.0,0.0,-0.734183,-0.016936,-0.02653,0.98255,-0.426744,0.0,-0.734183,0.016936,0.02653,0.98255,-0.426744,0.0,0.014636,0.1987,0.0,-0.324858,0.0,0.0,0.0,0.014636,-0.1987,0.0,-0.324858,0.0,0.0,0.0,0.0,0.008495,-0.000052,-0.0,-0.000039,0.0,-0.000039,-0.0,-0.000052,0.0,0.0,0.008495,-0.000052,-0.0,-0.000039,0.0,-0.000039,-0.0,-0.000052,0.0,0.0,0.0,0.0,
0.0,-0.050626,0.794817,0.178152,0.0,0.0,0.0,0.165508,0.324337,-0.573779,0.0,0.0,-0.732588,-0.016914,-0.026547,0.98093,-0.426145,0.0,-0.732588,0.016914,0.026547,0.98093,-0.426145,0.0,0.014924,0.198605,0.0,-0.324955,0.0,0.0,0.0,0.014924,-0.198605,0.0,-0.324955,0.0,0.0,0.0,0.0,0.008495,-0.000052,0.0,-0.000039,0.0,-0.000039,0.0,-0.000052,0.0,0.0,0.008495,-0.000052,0.0,-0.000039,0.0,-0.000039,0.0,-0.000052,0.0,0.0,0.0,0.0,
0.0,-0.050461,0.795131,0.17758,0.0,0.0,0.0,0.164941,0.31358,-0.572314,0.0,0.0,-0.730994,-0.016892,-0.026567,0.979302,-0.425539,0.0,-0.730994,0.016892,0.026567,0.979302,-0.425539,0.0,0.015203,0.198512,0.0,-0.325048,0.0,0.0,0.0,0.015203,-0.198512,0.0,-0.325048,0.0,-0.0,0.0,0.0,0.008495,-0.000052,-0.0,-0.000039,0.0,-0.000039,0.0,-0.000052,0.0,0.0,0.008495,-0.000052,-0.0,-0.000039,0.0,-0.000039,0.0,-0.000052,0.0,0.0,0.0,0.0,
0.0,-0.050296,0.79544,0.177008,0.0,0.0,0.0,0.164675,0.308697,-0.571515,0.0,0.0,-0.729399,-0.01687,-0.026589,0.97767,-0.424929,0.0,-0.729399,0.01687,0.026589,0.97767,-0.424929,0.0,0.015477,0.19842,0.0,-0.325138,0.0,0.0,0.0,0.015477,-0.19842,0.0,-0.325138,0.0,0.0,0.0,0.0,0.008495,-0.000052,0.0,-0.000039,0.0,-0.000039,-0.0,-0.000052,0.0,0.0,0.008495,-0.000052,0.0,-0.000039,0.0,-0.000039,-0.0,-0.000052,0.0,0.0,0.0,0.0,
0.0,-0.050132,0.795748,0.176437,0.0,0.0,0.0,0.164656,0.308544,-0.571515,0.0,0.0,-0.727805,-0.016849,-0.026611,0.976038,-0.424319,0.0,-0.727805,0.016849,0.026611,0.976038,-0.424319,0.0,0.015752,0.198328,0.0,-0.325229,0.0,0.0,0.0,0.015752,-0.198328,0.0,-0.325229,0.0,0.0,0.0,0.0,0.008495,-0.000052,-0.0,-0.000039,-0.0,-0.000039,0.0,-0.000052,0.0,0.0,0.008495,-0.000052,-0.0,-0.000039,-0.0,-0.000039,0.0,-0.000052,0.0,0.0,0.0,0.0,
0.0,-0.049967,0.796057,0.175865,0.0,0.0,0.0,0.164675,0.308697,-0.571515,0.0,0.0,-0.726211,-0.016827,-0.026633,0.974405,-0.423709,0.0,-0.726211,0.016827,0.026633,0.974405,-0.423709,0.0,0.016027,0.198236,0.0,-0.32532,0.0,0.0,0.0,0.016027,-0.198236,0.0,-0.32532,0.0,0.0,0.0,0.0,0.008495,-0.000052,-0.0,-0.000039,0.0,-0.000039,0.0,-0.000052,-0.0,0.0,0.008495,-0.000052,-0.0,-0.000039,0.0,-0.000039,0.0,-0.000052,-0.0,0.0,0.0,0.0,
0.0,-0.049802,0.796365,0.175294,0.0,0.0,0.0,0.164675,0.30862,-0.571515,0.0,0.0,-0.724617,-0.016805,-0.026655,0.972773,-0.423099,0.0,-0.724617,0.016805,0.026655,0.972773,-0.423099,0.0,0.016301,0.198144,0.0,-0.325411,0.0,0.0,0.0,0.016301,-0.198144,0.0,-0.325411,0.0,0.0,0.0,0.0,0.008495,-0.000052,0.0,-0.000039,0.0,-0.000039,0.0,-0.000052,0.0,0.0,0.008495,-0.000052,0.0,-0.000039,0.0,-0.000039,0.0,-0.000052,0.0,0.0,0.0,0.0,
0.0,-0.049638,0.796674,0.174722,0.0,0.0,0.0,0.164651,0.30862,-0.571515,0.0,0.0,-0.723023,-0.016783,-0.026677,0.971141,-0.422489,0.0,-0.723023,0.016783,0.026677,0.971141,-0.422489,0.0,0.016576,0.198052,0.0,-0.325502,0.0,-0.0,0.0,0.016576,-0.198052,0.0,-0.325502,0.0,0.0,0.0,0.0,0.008495,-0.000052,0.0,-0.000039,-0.0,-0.000039,0.0,-0.000052,0.0,0.0,0.008495,-0.000052,0.0,-0.000039,-0.0,-0.000039,0.0,-0.000052,0.0,0.0,0.0,0.0,
0.0,-0.049473,0.796983,0.174151,0.0,0.0,0.0,0.164675,0.30862,-0.571515,0.0,0.0,-0.721428,-0.016761,-0.026699,0.969509,-0.421878,0.0,-0.721428,0.016761,0.026699,0.969509,-0.421878,0.0,0.016851,0.19796,0.0,-0.325593,0.0,0.0,0.0,0.016851,-0.19796,0.0,-0.325593,0.0,0.0,0.0,0.0,0.008495,-0.000052,-0.0,-0.000039,0.0,-0.000039,0.0,-0.000052,0.0,0.0,0.008495,-0.000052,-0.0,-0.000039,0.0,-0.000039,0.0,-0.000052,0.0,0.0,0.0,0.0,
0.0,-0.049308,0.797291,0.173579,0.0,0.0,0.0,0.164675,0.30862,-0.571649,0.0,0.0,-0.719834,-0.016739,-0.026721,0.967877,-0.421268,0.0,-0.719834,0.016739,0.026721,0.967877,-0.421268,0.0,0.017125,0.197868,0.0,-0.325684,0.0,0.0,0.0,0.017125,-0.197868,0.0,-0.325684,0.0,0.0,0.0,0.0,0.008495,-0.000052,0.0,-0.000039,0.0,-0.000039,0.0,-0.000052,0.0,0.0,0.008495,-0.000052,0.0,-0.000039,0.0,-0.000039,0.0,-0.000052,0.0,0.0,0.0,0.0,
0.0,-0.049144,0.7976,0.173007,0.0,0.0,0.0,0.164675,0.30862,-0.571515,0.0,0.0,-0.71824,-0.016717,-0.026743,0.966244,-0.420658,0.0,-0.71824,0.016717,0.026743,0.966244,-0.420658,0.0,0.0174,0.197775,-0.0,-0.325775,0.0,0.0,0.0,0.0174,-0.197775,0.0,-0.325775,0.0,0.0,0.0,0.0,0.008495,-0.000052,-0.0,-0.000039,0.0,-0.000039,0.0,-0.000052,0.0,0.0,0.008495,-0.000052,-0.0,-0.000039,0.0,-0.000039,0.0,-0.000052,0.0,0.0,0.0,0.0,
0.0,-0.048979,0.797908,0.172436,0.0,0.0,0.0,0.164656,0.30862,-0.571515,0.0,0.0,-0.716645,-0.016695,-0.026765,0.964612,-0.420048,0.0,-0.716645,0.016695,0.026765,0.964612,-0.420048,0.0,0.017675,0.197684,0.0,-0.325866,0.0,0.0,0.0,0.017675,-0.197684,0.0,-0.325866,0.0,0.0,0.0,0.0,0.008495,-0.000052,-0.0,-0.000039,0.0,-0.000039,-0.0,-0.000052,0.0,0.0,0.008495,-0.000052,-0.0,-0.000039,0.0,-0.000039,-0.0,-0.000052,0.0,0.0,0.0,0.0,
0.0,-0.048814,0.798217,0.171864,0.0,0.0,0.0,0.164675,0.30862,-0.571515,0.0,0.0,-0.715051,-0.016673,-0.026787,0.96298,-0.419438,0.0,-0.715051,0.016673,0.026787,0.96298,-0.419438,0.0,0.01795,0.197592,-0.0,-0.325957,0.0,0.0,0.0,0.01795,-0.197592,0.0,-0.325957,0.0,0.0,0.0,0.0,0.008495,-0.000052,0.0,-0.000039,0.0,-0.000039,0.0,-0.000052,0.0,0.0,0.008495,-0.000052,0.0,-0.000039,0.0,-0.000039,0.0,-0.000052,0.0,0.0,0.0,0.0,
0.0,-0.04865,0.798526,0.171293,0.0,0.0,0.0,0.164675,0.308697,-0.571515,0.0,0.0,-0.713456,-0.016651,-0.026809,0.961347,-0.418828,0.0,-0.713456,0.016651,0.026809,0.961347,-0.418828,0.0,0.018224,0.197499,0.0,-0.326048,0.0,0.0,0.0,0.018224,-0.197499,0.0,-0.326048,0.0,0.0,0.0,0.0,0.008495,-0.000052,-0.0,-0.000039,-0.0,-0.000039,0.0,-0.000052,0.0,0.0,0.008495,-0.000052,-0.0,-0.000039,-0.0,-0.000039,0.0,-0.000052,0.0,0.0,0.0,0.0,
0.0,-0.048485,0.798834,0.170721,0.0,0.0,0.0,0.164651,0.308544,-0.571515,0.0,0.0,-0.711862,-0.016629,-0.026831,0.959715,-0.418218,0.0,-0.711862,0.016629,0.026831,0.959715,-0.418218,0.0,0.018499,0.197407,0.0,-0.326139,0.0,-0.0,0.0,0.018499,-0.197407,0.0,-0.326139,0.0,0.0,0.0,0.0,0.008495,-0.000052,-0.0,-0.000039,-0.0,-0.000039,0.0,-0.000052,0.0,0.0,0.008495,-0.000052,-0.0,-0.000039,-0.0,-0.000039,0.0,-0.000052,0.0,0.0,0.0,0.0,
0.0,-0.04832,0.799143,0.17015,0.0,0.0,0.0,0.164675,0.308697,-0.571515,0.0,0.0,-0.710268,-0.016607,-0.026853,0.958083,-0.417608,0.0,-0.710268,0.016607,0.026853,0.958083,-0.417608,0.0,0.018774,0.197315,0.0,-0.32623,0.0,-0.0,0.0,0.018774,-0.197315,0.0,-0.32623,-0.0,0.0,0.0,-0.0,0.008495,-0.000052,-0.0,-0.000039,0.0,-0.000039,0.0,-0.000052,0.0,-0.0,0.008495,-0.000052,-0.0,-0.000039,0.0,-0.000039,0.0,-0.000052,0.0,0.0,0.0,0.0,
0.0,-0.048156,0.799452,0.169578,0.0,0.0,0.0,0.164675,0.30862,-0.571649,0.0,0.0,-0.708673,-0.016585,-0.026875,0.95645,-0.416998,0.0,-0.708673,0.016585,0.026875,0.95645,-0.416998,0.0,0.019048,0.197223,0.0,-0.326321,0.0,0.0,0.0,0.019048,-0.197223,0.0,-0.326321,0.0,0.0,0.0,0.0,0.008495,-0.000052,-0.0,-0.000039,-0.0,-0.000039,0.0,-0.000052,0.0,0.0,0.008495,-0.000052,-0.0,-0.000039,-0.0,-0.000039,0.0,-0.000052,0.0,0.0,0.0,0.0,
0.0,-0.047991,0.79976,0.169007,0.0,0.0,0.0,0.164656,0.30862,-0.571515,0.0,0.0,-0.707079,-0.016563,-0.026897,0.954818,-0.416387,0.0,-0.707079,0.016563,0.026897,0.954818,-0.416387,0.0,0.019323,0.197131,0.0,-0.326412,0.0,-0.0,0.0,0.019323,-0.197131,0.0,-0.326412,-0.0,0.0,0.0,-0.0,0.008495,-0.000052,0.0,-0.000039,0.0,-0.000039,0.0,-0.000052,0.0,-0.0,0.008495,-0.000052,0.0,-0.000039,0.0,-0.000039,0.0,-0.000052,0.0,0.0,0.0,0.0,
0.0,-0.047826,0.800069,0.168435,0.0,0.0,0.0,0.164675,0.30862,-0.571515,0.0,0.0,-0.705485,-0.016541,-0.026918,0.953186,-0.415777,0.0,-0.705485,0.016541,0.026918,0.953186,-0.415777,0.0,0.019598,0.197039,0.0,-0.326503,0.0,0.0,0.0,0.019598,-0.197039,0.0,-0.326503,0.0,0.0,0.0,0.0,0.008495,-0.000052,-0.0,-0.000039,-0.0,-0.000039,0.0,-0.000052,0.0,0.0,0.008495,-0.000052,-0.0,-0.000039,-0.0,-0.000039,0.0,-0.000052,0.0,0.0,0.0,0.0,
0.0,-0.047662,0.800378,0.167864,0.0,0.0,0.0,0.164675,0.30862,-0.571515,0.0,0.0,-0.70389,-0.016519,-0.02694,0.951553,-0.415167,0.0,-0.70389,0.016519,0.02694,0.951553,-0.415167,0.0,0.019872,0.196947,0.0,-0.326593,0.0,0.0,0.0,0.019872,-0.196947,0.0,-0.326593,0.0,-0.0,0.0,0.0,0.008495,-0.000052,0.0,-0.000039,-0.0,-0.000039,0.0,-0.000052,0.0,0.0,0.008495,-0.000052,0.0,-0.000039,-0.0,-0.000039,0.0,-0.000052,0.0,0.0,0.0,0.0,
0.0,-0.047497,0.800686,0.167292,0.0,0.0,0.0,0.164651,0.30862,-0.571515,0.0,0.0,-0.702296,-0.016497,-0.026962,0.949921,-0.414557,0.0,-0.702296,0.016497,0.026962,0.949921,-0.414557,0.0,0.020147,0.196855,0.0,-0.326684,0.0,0.0,0.0,0.020147,-0.196855,0.0,-0.326684,0.0,0.0,0.0,0.0,0.008495,-0.000052,0.0,-0.000039,0.0,-0.000039,0.0,-0.000052,0.0,0.0,0.008495,-0.000052,0.0,-0.000039,0.0,-0.000039,0.0,-0.000052,0.0,0.0,0.0,0.0,
0.0,-0.047332,0.800995,0.166721,0.0,0.0,0.0,0.164675,0.30862,-0.571515,0.0,0.0,-0.700702,-0.016475,-0.026984,0.948289,-0.413947,0.0,-0.700702,0.016475,0.026984,0.948289,-0.413947,0.0,0.020422,0.196763,0.0,-0.326775,-0.0,-0.0,0.0,0.020422,-0.196763,0.0,-0.326775,0.0,0.0,0.0,0.0,0.008495,-0.000052,-0.0,-0.000039,0.0,-0.000039,0.0,-0.000052,0.0,0.0,0.008495,-0.000052,-0.0,-0.000039,0.0,-0.000039,0.0,-0.000052,0.0,0.0,0.0,0.0,
0.0,-0.047168,0.801303,0.166149,0.0,0.0,0.0,0.164675,0.30862,-0.571649,0.0,0.0,-0.699107,-0.016453,-0.027006,0.946656,-0.413337,0.0,-0.699107,0.016453,0.027006,0.946656,-0.413337,0.0,0.020697,0.196671,0.0,-0.326866,0.0,-0.0,0.0,0.020697,-0.196671,0.0,-0.326866,-0.0,0.0,0.0,-0.0,0.008495,-0.000052,-0.0,-0.000039,-0.0,-0.000039,0.0,-0.000052,0.0,-0.0,0.008495,-0.000052,-0.0,-0.000039,-0.0,-0.000039,0.0,-0.000052,0.0,0.0,0.0,0.0,
0.0,-0.047003,0.801612,0.165578,0.0,0.0,0.0,0.164675,0.308697,-0.571515,0.0,0.0,-0.697513,-0.016431,-0.027028,0.945024,-0.412727,0.0,-0.697513,0.016431,0.027028,0.945024,-0.412727,0.0,0.020971,0.196579,0.0,-0.326957,-0.0,0.0,0.0,0.020971,-0.196579,0.0,-0.326957,0.0,-0.0,0.0,0.0,0.008495,-0.000052,0.0,-0.000039,0.0,-0.000039,-0.0,-0.000052,0.0,0.0,0.008495,-0.000052,0.0,-0.000039,0.0,-0.000039,-0.0,-0.000052,0.0,0.0,0.0,0.0,
0.0,-0.046838,0.801921,0.165006,0.0,0.0,0.0,0.164656,0.308544,-0.571515,0.0,0.0,-0.695918,-0.016409,-0.02705,0.943392,-0.412117,0.0,-0.695918,0.016409,0.02705,0.943392,-0.412117,0.0,0.021246,0.196487,-0.0,-0.327048,0.0,0.0,0.0,0.021246,-0.196487,0.0,-0.327048,0.0,0.0,0.0,0.0,0.008495,-0.000052,0.0,-0.000039,0.0,-0.000039,0.0,-0.000052,0.0,0.0,0.008495,-0.000052,0.0,-0.000039,0.0,-0.000039,0.0,-0.000052,0.0,0.0,0.0,0.0,
0.0,-0.046674,0.802229,0.164434,0.0,0.0,0.0,0.164675,0.308697,-0.571515,0.0,0.0,-0.694324,-0.016387,-0.027072,0.941759,-0.411506,0.0,-0.694324,0.016387,0.027072,0.941759,-0.411506,0.0,0.021521,0.196395,0.0,-0.327139,0.0,0.0,0.0,0.021521,-0.196395,0.0,-0.327139,0.0,0.0,0.0,0.0,0.008495,-0.000052,0.0,-0.000039,0.0,-0.000039,0.0,-0.000052,-0.0,0.0,0.008495,-0.000052,0.0,-0.000039,0.0,-0.000039,0.0,-0.000052,-0.0,0.0,0.0,0.0,
0.0,-0.046509,0.802538,0.163863,0.0,0.0,0.0,0.16467,0.30862,-0.571515,0.0,0.0,-0.69273,-0.016365,-0.027094,0.940127,-0.410896,0.0,-0.69273,0.016365,0.027094,0.940127,-0.410896,0.0,0.021795,0.196303,0.0,-0.32723,0.0,-0.0,0.0,0.021795,-0.196303,0.0,-0.32723,0.0,0.0,0.0,0.0,0.008495,-0.000052,0.0,-0.000039,0.0,-0.000039,0.0,-0.000052,0.0,0.0,0.008495,-0.000052,0.0,-0.000039,0.0,-0.000039,0.0,-0.000052,0.0,0.0,0.0,0.0,
0.0,-0.046344,0.802847,0.163291,0.0,0.0,0.0,0.164656,0.30862,-0.571515,0.0,0.0,-0.691135,-0.016343,-0.027116,0.938495,-0.410286,0.0,-0.691135,0.016343,0.027116,0.938495,-0.410286,0.0,0.02207,0.196211,0.0,-0.327321,0.0,0.0,0.0,0.02207,-0.196211,0.0,-0.327321,0.0,0.0,0.0,0.0,0.008495,-0.000052,-0.0,-0.000039,-0.0,-0.000039,-0.0,-0.000052,0.0,0.0,0.008495,-0.000052,-0.0,-0.000039,-0.0,-0.000039,-0.0,-0.000052,0.0,0.0,0.0,0.0,
0.0,-0.04618,0.803155,0.16272,0.0,0.0,0.0,0.164675,0.30862,-0.571515,0.0,0.0,-0.689541,-0.016321,-0.027138,0.936862,-0.409676,0.0,-0.689541,0.016321,0.027138,0.936862,-0.409676,0.0,0.022345,0.196119,0.0,-0.327412,0.0,0.0,0.0,0.022345,-0.196119,-0.0,-0.327412,-0.0,-0.0,0.0,-0.0,0.008495,-0.000052,0.0,-0.000039,0.0,-0.000039,0.0,-0.000052,0.0,-0.0,0.008495,-0.000052,0.0,-0.000039,0.0,-0.000039,0.0,-0.000052,0.0,0.0,0.0,0.0,
0.0,-0.046015,0.803464,0.162148,0.0,0.0,0.0,0.164675,0.30862,-0.571649,0.0,0.0,-0.687947,-0.016299,-0.02716,0.93523,-0.409066,0.0,-0.687947,0.016299,0.02716,0.93523,-0.409066,0.0,0.022619,0.196027,0.0,-0.327503,0.0,0.0,0.0,0.022619,-0.196027,0.0,-0.327503,-0.0,-0.0,0.0,-0.0,0.008495,-0.000052,0.0,-0.000039,0.0,-0.000039,0.0,-0.000052,0.0,-0.0,0.008495,-0.000052,0.0,-0.000039,0.0,-0.000039,0.0,-0.000052,0.0,0.0,0.0,0.0,
0.0,-0.04585,0.803772,0.161577,0.0,0.0,0.0,0.164656,0.30862,-0.571515,0.0,0.0,-0.686353,-0.016277,-0.027182,0.933598,-0.408456,0.0,-0.686353,0.016277,0.027182,0.933598,-0.408456,0.0,0.022894,0.195935,0.0,-0.327594,0.0,0.0,0.0,0.022894,-0.195935,0.0,-0.327594,0.0,0.0,0.0,0.0,0.008495,-0.000052,-0.0,-0.000039,0.0,-0.000039,0.0,-0.000052,0.0,0.0,0.008495,-0.000052,-0.0,-0.000039,0.0,-0.000039,0.0,-0.000052,0.0,0.0,0.0,0.0,
0.0,-0.045686,0.804081,0.161005,0.0,0.0,0.0,0.16467,0.30862,-0.571515,0.0,0.0,-0.684758,-0.016255,-0.027204,0.931966,-0.407846,0.0,-0.684758,0.016255,0.027204,0.931966,-0.407846,0.0,0.023169,0.195843,0.0,-0.327685,0.0,0.0,0.0,0.023169,-0.195843,0.0,-0.327685,0.0,0.0,0.0,0.0,0.008495,-0.000052,-0.0,-0.000039,0.0,-0.000039,-0.0,-0.000052,0.0,0.0,0.008495,-0.000052,-0.0,-0.000039,0.0,-0.000039,-0.0,-0.000052,0.0,0.0,0.0,0.0,
0.0,-0.045521,0.80439,0.160434,0.0,0.0,0.0,0.164675,0.30862,-0.571515,0.0,0.0,-0.683164,-0.016233,-0.027226,0.930333,-0.407236,0.0,-0.683164,0.016233,0.027226,0.930333,-0.407236,0.0,0.023443,0.195751,0.0,-0.327776,0.0,0.0,0.0,0.023443,-0.195751,0.0,-0.327776,0.0,0.0,0.0,0.0,0.008495,-0.000052,-0.0,-0.000039,0.0,-0.000039,0.0,-0.000052,0.0,0.0,0.008495,-0.000052,-0.0,-0.000039,0.0,-0.000039,0.0,-0.000052,0.0,0.0,0.0,0.0,
0.0,-0.045356,0.804698,0.159862,0.0,0.0,0.0,0.164656,0.30862,-0.571515,0.0,0.0,-0.68157,-0.016211,-0.027248,0.928702,-0.406626,0.0,-0.68157,0.016211,0.027248,0.928702,-0.406626,0.0,0.023718,0.195659,0.0,-0.327867,0.0,0.0,0.0,0.023718,-0.195659,0.0,-0.327867,0.0,0.0,0.0,0.0,0.008495,-0.000052,0.0,-0.000039,0.0,-0.000039,0.0,-0.000052,0.0,0.0,0.008495,-0.000052,0.0,-0.000039,0.0,-0.000039,0.0,-0.000052,0.0,0.0,0.0,0.0,
0.0,-0.045192,0.805007,0.159291,0.0,0.0,0.0,0.164675,0.30862,-0.571515,0.0,0.0,-0.679976,-0.016189,-0.02727,0.927069,-0.406016,0.0,-0.679976,0.016189,0.02727,0.927069,-0.406016,0.0,0.023993,0.195567,0.0,-0.327958,0.0,-0.0,0.0,0.023993,-0.195567,0.0,-0.327958,0.0,0.0,0.0,0.0,0.008495,-0.000052,0.0,-0.000039,0.0,-0.000039,-0.0,-0.000052,0.0,0.0,0.008495,-0.000052,0.0,-0.000039,0.0,-0.000039,-0.0,-0.000052,0.0,0.0,0.0,0.0,
0.0,-0.045028,0.80531,0.158721,0.0,0.0,0.0,0.163826,0.302822,-0.570051,0.0,0.0,-0.678386,-0.016168,-0.027292,0.925436,-0.405401,0.0,-0.678386,0.016168,0.027292,0.925436,-0.405401,0.0,0.024262,0.195477,-0.0,-0.328047,0.0,0.0,0.0,0.024262,-0.195477,0.0,-0.328047,0.0,-0.0,0.0,0.0,0.008495,-0.000052,0.0,-0.000039,0.0,-0.000039,0.0,-0.000052,0.0,0.0,0.008495,-0.000052,0.0,-0.000039,0.0,-0.000039,0.0,-0.000052,0.0,0.0,0.0,0.0,
0.0,-0.044865,0.805602,0.158153,0.0,0.0,0.0,0.162239,0.291836,-0.567387,0.0,0.0,-0.676805,-0.016148,-0.027314,0.923799,-0.40478,0.0,-0.676805,0.016148,0.027314,0.923799,-0.40478,0.0,0.02452,0.195391,0.0,-0.328132,0.0,0.0,0.0,0.02452,-0.195391,-0.0,-0.328132,0.0,0.0,0.0,0.0,0.008495,-0.000052,0.0,-0.000039,0.0,-0.000039,-0.0,-0.000052,0.0,0.0,0.008495,-0.000052,0.0,-0.000039,0.0,-0.000039,-0.0,-0.000052,0.0,0.0,0.0,0.0,
0.0,-0.044703,0.805894,0.157586,0.0,0.0,0.0,0.162258,0.291988,-0.567521,0.0,0.0,-0.675224,-0.016128,-0.027336,0.922163,-0.404158,0.0,-0.675224,0.016128,0.027336,0.922163,-0.404158,0.0,0.024778,0.195304,0.0,-0.328217,0.0,0.0,0.0,0.024778,-0.195304,0.0,-0.328217,0.0,0.0,0.0,0.0,0.008495,-0.000052,-0.0,-0.000039,0.0,-0.000039,-0.0,-0.000052,0.0,0.0,0.008495,-0.000052,-0.0,-0.000039,0.0,-0.000039,-0.0,-0.000052,0.0,0.0,0.0,0.0,
0.0,-0.044541,0.806185,0.157018,0.0,0.0,0.0,0.162258,0.291912,-0.567387,0.0,0.0,-0.673642,-0.016107,-0.027358,0.920526,-0.403536,0.0,-0.673642,0.016107,0.027358,0.920526,-0.403536,0.0,0.025036,0.195218,0.0,-0.328303,0.0,0.0,0.0,0.025036,-0.195218,0.0,-0.328303,0.0,0.0,0.0,0.0,0.008495,-0.000052,-0.0,-0.000039,-0.0,-0.000039,0.0,-0.000052,0.0,0.0,0.008495,-0.000052,-0.0,-0.000039,-0.0,-0.000039,0.0,-0.000052,0.0,0.0,0.0,0.0,
0.0,-0.044379,0.806477,0.156451,0.0,0.0,0.0,0.162239,0.291836,-0.567387,0.0,0.0,-0.672061,-0.016087,-0.02738,0.91889,-0.402914,0.0,-0.672061,0.016087,0.02738,0.91889,-0.402914,0.0,0.025295,0.195131,0.0,-0.328388,0.0,0.0,0.0,0.025295,-0.195131,0.0,-0.328388,-0.0,-0.0,0.0,-0.0,0.008495,-0.000052,0.0,-0.000039,0.0,-0.000039,-0.0,-0.000052,0.0,-0.0,0.008495,-0.000052,0.0,-0.000039,0.0,-0.000039,-0.0,-0.000052,0.0,0.0,-0.0,0.0,
0.0,-0.044216,0.806769,0.155884,0.0,0.0,0.0,0.162258,0.291912,-0.567387,0.0,0.0,-0.67048,-0.016067,-0.027402,0.917253,-0.402292,0.0,-0.67048,0.016067,0.027402,0.917253,-0.402292,0.0,0.025553,0.195045,0.0,-0.328473,0.0,0.0,0.0,0.025553,-0.195045,-0.0,-0.328473,0.0,-0.0,0.0,0.0,0.008495,-0.000052,-0.0,-0.000039,0.0,-0.000039,0.0,-0.000052,0.0,0.0,0.008495,-0.000052,-0.0,-0.000039,0.0,-0.000039,0.0,-0.000052,0.0,0.0,0.0,0.0,
0.0,-0.044054,0.807061,0.155316,0.0,0.0,0.0,0.162258,0.291988,-0.567521,0.0,0.0,-0.668898,-0.016047,-0.027424,0.915616,-0.40167,0.0,-0.668898,0.016047,0.027424,0.915616,-0.40167,0.0,0.025811,0.194958,0.0,-0.328559,0.0,-0.0,0.0,0.025811,-0.194958,0.0,-0.328559,-0.0,0.0,0.0,-0.0,0.008495,-0.000052,0.0,-0.000039,-0.0,-0.000039,0.0,-0.000052,0.0,-0.0,0.008495,-0.000052,0.0,-0.000039,-0.0,-0.000039,0.0,-0.000052,0.0,0.0,0.0,0.0,
0.0,-0.043892,0.807353,0.154749,0.0,0.0,0.0,0.162258,0.291912,-0.567521,0.0,0.0,-0.667317,-0.016027,-0.027446,0.91398,-0.401048,0.0,-0.667317,0.016027,0.027446,0.91398,-0.401048,0.0,0.026069,0.194872,0.0,-0.328644,0.0,-0.0,0.0,0.026069,-0.194872,0.0,-0.328644,-0.0,0.0,0.0,-0.0,0.008495,-0.000052,0.0,-0.000039,0.0,-0.000039,0.0,-0.000052,0.0,-0.0,0.008495,-0.000052,0.0,-0.000039,0.0,-0.000039,0.0,-0.000052,0.0,0.0,0.0,0.0,
0.0,-0.04373,0.807645,0.154181,0.0,0.0,0.0,0.162234,0.291836,-0.567254,0.0,0.0,-0.665735,-0.016007,-0.027468,0.912343,-0.400426,0.0,-0.665735,0.016007,0.027468,0.912343,-0.400426,0.0,0.026328,0.194786,0.0,-0.32873,0.0,0.0,0.0,0.026328,-0.194786,0.0,-0.32873,0.0,-0.0,0.0,0.0,0.008495,-0.000052,0.0,-0.000039,-0.0,-0.000039,0.0,-0.000052,0.0,0.0,0.008495,-0.000052,0.0,-0.000039,-0.0,-0.000039,0.0,-0.000052,0.0,0.0,0.0,0.0,
0.0,-0.043567,0.807937,0.153614,0.0,0.0,0.0,0.162258,0.291988,-0.567521,0.0,0.0,-0.664154,-0.015987,-0.02749,0.910706,-0.399804,0.0,-0.664154,0.015987,0.02749,0.910706,-0.399804,0.0,0.026586,0.194699,0.0,-0.328815,0.0,0.0,0.0,0.026586,-0.194699,0.0,-0.328815,0.0,0.0,0.0,0.0,0.008495,-0.000052,-0.0,-0.000039,0.0,-0.000039,-0.0,-0.000052,0.0,0.0,0.008495,-0.000052,-0.0,-0.000039,0.0,-0.000039,-0.0,-0.000052,0.0,0.0,0.0,0.0,
0.0,-0.043405,0.808229,0.153046,0.0,0.0,0.0,0.162258,0.291912,-0.567387,0.0,0.0,-0.662572,-0.015966,-0.027512,0.90907,-0.399182,0.0,-0.662572,0.015966,0.027512,0.90907,-0.399182,0.0,0.026844,0.194613,0.0,-0.3289,0.0,0.0,0.0,0.026844,-0.194613,0.0,-0.3289,0.0,-0.0,0.0,0.0,0.008495,-0.000052,0.0,-0.000039,0.0,-0.000039,0.0,-0.000052,0.0,0.0,0.008495,-0.000052,0.0,-0.000039,0.0,-0.000039,0.0,-0.000052,0.0,0.0,0.0,0.0,
0.0,-0.043243,0.808521,0.152479,0.0,0.0,0.0,0.162239,0.291836,-0.567387,0.0,0.0,-0.660991,-0.015946,-0.027534,0.907433,-0.398561,0.0,-0.660991,0.015946,0.027534,0.907433,-0.398561,0.0,0.027102,0.194526,0.0,-0.328986,0.0,0.0,0.0,0.027102,-0.194526,-0.0,-0.328986,0.0,-0.0,0.0,0.0,0.008495,-0.000052,-0.0,-0.000039,0.0,-0.000039,0.0,-0.000052,-0.0,0.0,0.008495,-0.000052,-0.0,-0.000039,0.0,-0.000039,0.0,-0.000052,-0.0,0.0,0.0,0.0,
0.0,-0.043081,0.808813,0.151911,0.0,0.0,0.0,0.162258,0.291912,-0.567521,0.0,0.0,-0.65941,-0.015926,-0.027556,0.905796,-0.397939,0.0,-0.65941,0.015926,0.027556,0.905796,-0.397939,0.0,0.02736,0.19444,0.0,-0.329071,0.0,-0.0,0.0,0.02736,-0.19444,0.0,-0.329071,0.0,0.0,0.0,0.0,0.008495,-0.000052,-0.0,-0.000039,0.0,-0.000039,0.0,-0.000052,0.0,0.0,0.008495,-0.000052,-0.0,-0.000039,0.0,-0.000039,0.0,-0.000052,0.0,0.0,0.0,0.0,
0.0,-0.042918,0.809105,0.151344,0.0,0.0,0.0,0.162258,0.291988,-0.567387,0.0,0.0,-0.657828,-0.015906,-0.027578,0.90416,-0.397317,0.0,-0.657828,0.015906,0.027578,0.90416,-0.397317,0.0,0.027619,0.194353,0.0,-0.329157,0.0,0.0,0.0,0.027619,-0.194353,0.0,-0.329157,0.0,0.0,0.0,0.0,0.008495,-0.000052,0.0,-0.000039,-0.0,-0.000039,0.0,-0.000052,0.0,0.0,0.008495,-0.000052,0.0,-0.000039,-0.0,-0.000039,0.0,-0.000052,0.0,0.0,0.0,0.0,
0.0,-0.042756,0.809396,0.150777,0.0,0.0,0.0,0.162239,0.291836,-0.567387,0.0,0.0,-0.656247,-0.015886,-0.0276,0.902523,-0.396695,0.0,-0.656247,0.015886,0.0276,0.902523,-0.396695,0.0,0.027877,0.194267,0.0,-0.329242,0.0,0.0,0.0,0.027877,-0.194267,0.0,-0.329242,0.0,-0.0,0.0,0.0,0.008495,-0.000052,0.0,-0.000039,0.0,-0.000039,0.0,-0.000052,0.0,0.0,0.008495,-0.000052,0.0,-0.000039,0.0,-0.000039,0.0,-0.000052,0.0,0.0,0.0,0.0,
0.0,-0.042594,0.809688,0.150209,0.0,0.0,0.0,0.162258,0.291912,-0.567521,0.0,0.0,-0.654665,-0.015866,-0.027622,0.900886,-0.396073,0.0,-0.654665,0.015866,0.027622,0.900886,-0.396073,0.0,0.028135,0.19418,0.0,-0.329327,0.0,-0.0,0.0,0.028135,-0.19418,0.0,-0.329327,-0.0,0.0,0.0,-0.0,0.008495,-0.000052,-0.0,-0.000039,-0.0,-0.000039,0.0,-0.000052,0.0,-0.0,0.008495,-0.000052,-0.0,-0.000039,-0.0,-0.000039,0.0,-0.000052,0.0,0.0,0.0,0.0,
0.0,-0.042432,0.80998,0.149642,0.0,0.0,0.0,0.162258,0.291988,-0.567387,0.0,0.0,-0.653084,-0.015846,-0.027644,0.899249,-0.395451,0.0,-0.653084,0.015846,0.027644,0.899249,-0.395451,0.0,0.028393,0.194094,0.0,-0.329413,0.0,0.0,0.0,0.028393,-0.194094,0.0,-0.329413,0.0,0.0,0.0,0.0,0.008495,-0.000052,-0.0,-0.000039,0.0,-0.000039,0.0,-0.000052,0.0,0.0,0.008495,-0.000052,-0.0,-0.000039,0.0,-0.000039,0.0,-0.000052,0.0,0.0,0.0,0.0,
0.0,-0.042269,0.810272,0.149074,0.0,0.0,0.0,0.162234,0.291836,-0.567387,0.0,0.0,-0.651502,-0.015825,-0.027666,0.897613,-0.394829,0.0,-0.651502,0.015825,0.027666,0.897613,-0.394829,0.0,0.028652,0.194007,0.0,-0.329498,0.0,0.0,0.0,0.028652,-0.194007,-0.0,-0.329498,0.0,0.0,0.0,0.0,0.008495,-0.000052,-0.0,-0.000039,0.0,-0.000039,0.0,-0.000052,0.0,0.0,0.008495,-0.000052,-0.0,-0.000039,0.0,-0.000039,0.0,-0.000052,0.0,0.0,-0.0,0.0,
0.0,-0.042107,0.810564,0.148507,0.0,0.0,0.0,0.162258,0.291912,-0.567521,0.0,0.0,-0.649921,-0.015805,-0.027688,0.895976,-0.394207,0.0,-0.649921,0.015805,0.027688,0.895976,-0.394207,0.0,0.02891,0.193921,0.0,-0.329584,0.0,-0.0,0.0,0.02891,-0.193921,0.0,-0.329584,0.0,0.0,0.0,0.0,0.008495,-0.000052,0.0,-0.000039,0.0,-0.000039,0.0,-0.000052,0.0,0.0,0.008495,-0.000052,0.0,-0.000039,0.0,-0.000039,0.0,-0.000052,0.0,0.0,0.0,0.0,
0.0,-0.041945,0.810856,0.14794,0.0,0.0,0.0,0.162258,0.291912,-0.567387,0.0,0.0,-0.648339,-0.015785,-0.02771,0.894339,-0.393585,0.0,-0.648339,0.015785,0.02771,0.894339,-0.393585,0.0,0.029168,0.193834,0.0,-0.329669,0.0,-0.0,0.0,0.029168,-0.193834,-0.0,-0.329669,0.0,0.0,0.0,0.0,0.008495,-0.000052,-0.0,-0.000039,-0.0,-0.000039,0.0,-0.000052,0.0,0.0,0.008495,-0.000052,-0.0,-0.000039,-0.0,-0.000039,0.0,-0.000052,0.0,0.0,0.0,0.0,
0.0,-0.041783,0.811148,0.147372,0.0,0.0,0.0,0.162258,0.291988,-0.567521,0.0,0.0,-0.646758,-0.015765,-0.027732,0.892702,-0.392963,0.0,-0.646758,0.015765,0.027732,0.892702,-0.392963,0.0,0.029426,0.193748,0.0,-0.329754,0.0,0.0,0.0,0.029426,-0.193748,0.0,-0.329754,0.0,-0.0,0.0,0.0,0.008495,-0.000052,-0.0,-0.000039,0.0,-0.000039,0.0,-0.000052,0.0,0.0,0.008495,-0.000052,-0.0,-0.000039,0.0,-0.000039,0.0,-0.000052,0.0,0.0,0.0,0.0,
0.0,-0.04162,0.81144,0.146805,0.0,0.0,0.0,0.162239,0.291836,-0.567387,0.0,0.0,-0.645176,-0.015745,-0.027754,0.891066,-0.392341,0.0,-0.645176,0.015745,0.027754,0.891066,-0.392341,0.0,0.029684,0.193661,0.0,-0.32984,0.0,0.0,0.0,0.029684,-0.193661,0.0,-0.32984,0.0,0.0,0.0,0.0,0.008495,-0.000052,0.0,-0.000039,0.0,-0.000039,0.0,-0.000052,0.0,0.0,0.008495,-0.000052,0.0,-0.000039,0.0,-0.000039,0.0,-0.000052,0.0,0.0,0.0,0.0,
0.0,-0.041458,0.811732,0.146237,0.0,0.0,0.0,0.162258,0.291912,-0.567387,0.0,0.0,-0.643595,-0.015725,-0.027776,0.889429,-0.39172,0.0,-0.643595,0.015725,0.027776,0.889429,-0.39172,0.0,0.029943,0.193575,0.0,-0.329925,0.0,-0.0,0.0,0.029943,-0.193575,-0.0,-0.329925,0.0,0.0,0.0,0.0,0.008495,-0.000052,-0.0,-0.000039,-0.0,-0.000039,0.0,-0.000052,0.0,0.0,0.008495,-0.000052,-0.0,-0.000039,-0.0,-0.000039,0.0,-0.000052,0.0,0.0,0.0,0.0,
0.0,-0.041296,0.812024,0.14567,0.0,0.0,0.0,0.162258,0.291988,-0.567521,0.0,0.0,-0.642013,-0.015705,-0.027798,0.887792,-0.391098,0.0,-0.642013,0.015705,0.027798,0.887792,-0.391098,0.0,0.030201,0.193488,0.0,-0.330011,0.0,0.0,0.0,0.030201,-0.193488,0.0,-0.330011,0.0,-0.0,0.0,0.0,0.008495,-0.000052,-0.0,-0.000039,-0.0,-0.000039,-0.0,-0.000052,0.0,0.0,0.008495,-0.000052,-0.0,-0.000039,-0.0,-0.000039,-0.0,-0.000052,0.0,0.0,0.0,0.0,
0.0,-0.041134,0.812316,0.145102,0.0,0.0,0.0,0.162239,0.291836,-0.567387,0.0,0.0,-0.640432,-0.015684,-0.02782,0.886156,-0.390476,0.0,-0.640432,0.015684,0.02782,0.886156,-0.390476,0.0,0.030459,0.193402,-0.0,-0.330096,-0.0,-0.0,0.0,0.030459,-0.193402,0.0,-0.330096,0.0,0.0,0.0,0.0,0.008495,-0.000052,0.0,-0.000039,-0.0,-0.000039,-0.0,-0.000052,0.0,0.0,0.008495,-0.000052,0.0,-0.000039,-0.0,-0.000039,-0.0,-0.000052,0.0,0.0,0.0,0.0,
0.0,-0.040971,0.812607,0.144535,0.0,0.0,0.0,0.162258,0.291912,-0.567387,0.0,0.0,-0.63885,-0.015664,-0.027842,0.884519,-0.389854,0.0,-0.63885,0.015664,0.027842,0.884519,-0.389854,0.0,0.030717,0.193315,0.0,-0.330181,0.0,0.0,0.0,0.030717,-0.193315,0.0,-0.330181,0.0,0.0,0.0,0.0,0.008495,-0.000052,0.0,-0.000039,0.0,-0.000039,-0.0,-0.000052,0.0,0.0,0.008495,-0.000052,0.0,-0.000039,0.0,-0.000039,-0.0,-0.000052,0.0,0.0,0.0,0.0,
0.0,-0.040809,0.812899,0.143967,0.0,0.0,0.0,0.162258,0.291912,-0.567521,0.0,0.0,-0.637269,-0.015644,-0.027863,0.882882,-0.389232,0.0,-0.637269,0.015644,0.027863,0.882882,-0.389232,0.0,0.030976,0.193229,0.0,-0.330267,-0.0,0.0,0.0,0.030976,-0.193229,0.0,-0.330267,0.0,-0.0,0.0,0.0,0.008495,-0.000052,0.0,-0.000039,0.0,-0.000039,0.0,-0.000052,0.0,0.0,0.008495,-0.000052,0.0,-0.000039,0.0,-0.000039,0.0,-0.000052,0.0,0.0,0.0,0.0,
0.0,-0.040647,0.813191,0.1434,0.0,0.0,0.0,0.162234,0.291912,-0.567387,0.0,0.0,-0.635688,-0.015624,-0.027885,0.881246,-0.38861,0.0,-0.635688,0.015624,0.027885,0.881246,-0.38861,0.0,0.031234,0.193143,0.0,-0.330352,0.0,-0.0,0.0,0.031234,-0.193143,-0.0,-0.330352,0.0,0.0,0.0,0.0,0.008495,-0.000052,0.0,-0.000039,-0.0,-0.000039,0.0,-0.000052,0.0,0.0,0.008495,-0.000052,0.0,-0.000039,-0.0,-0.000039,0.0,-0.000052,0.0,0.0,0.0,0.0,
0.0,-0.040485,0.813483,0.142833,0.0,0.0,0.0,0.162258,0.291912,-0.567387,0.0,0.0,-0.634106,-0.015604,-0.027907,0.879609,-0.387988,0.0,-0.634106,0.015604,0.027907,0.879609,-0.387988,0.0,0.031492,0.193056,-0.0,-0.330437,0.0,-0.0,0.0,0.031492,-0.193056,0.0,-0.330437,0.0,0.0,0.0,0.0,0.008495,-0.000052,0.0,-0.000039,0.0,-0.000039,0.0,-0.000052,0.0,0.0,0.008495,-0.000052,0.0,-0.000039,0.0,-0.000039,0.0,-0.000052,0.0,0.0,0.0,0.0,
0.0,-0.040322,0.813775,0.142265,0.0,0.0,0.0,0.162258,0.291912,-0.567387,0.0,0.0,-0.632525,-0.015584,-0.027929,0.877973,-0.387366,0.0,-0.632525,0.015584,0.027929,0.877973,-0.387366,0.0,0.03175,0.19297,0.0,-0.330523,0.0,-0.0,0.0,0.03175,-0.19297,0.0,-0.330523,0.0,0.0,0.0,0.0,0.008495,-0.000052,0.0,-0.000039,0.0,-0.000039,0.0,-0.000052,0.0,0.0,0.008495,-0.000052,0.0,-0.000039,0.0,-0.000039,0.0,-0.000052,0.0,0.0,0.0,0.0,
0.0,-0.04016,0.814067,0.141698,0.0,0.0,0.0,0.162239,0.291912,-0.567387,0.0,0.0,-0.630944,-0.015564,-0.027951,0.876336,-0.386744,0.0,-0.630944,0.015564,0.027951,0.876336,-0.386744,0.0,0.032008,0.192883,0.0,-0.330608,0.0,0.0,0.0,0.032008,-0.192883,0.0,-0.330608,0.0,0.0,0.0,0.0,0.008495,-0.000052,0.0,-0.000039,-0.0,-0.000039,0.0,-0.000052,0.0,0.0,0.008495,-0.000052,0.0,-0.000039,-0.0,-0.000039,0.0,-0.000052,0.0,0.0,0.0,0.0,
0.0,-0.039998,0.814359,0.14113,0.0,0.0,0.0,0.162258,0.291912,-0.567521,0.0,0.0,-0.629362,-0.015543,-0.027973,0.8747,-0.386123,0.0,-0.629362,0.015543,0.027973,0.8747,-0.386123,0.0,0.032267,0.192797,0.0,-0.330694,0.0,0.0,0.0,0.032267,-0.192797,0.0,-0.330694,-0.0,-0.0,0.0,-0.0,0.008495,-0.000052,-0.0,-0.000039,-0.0,-0.000039,0.0,-0.000052,0.0,-0.0,0.008495,-0.000052,-0.0,-0.000039,-0.0,-0.000039,0.0,-0.000052,0.0,0.0,0.0,0.0,
0.0,-0.039836,0.814651,0.140563,0.0,0.0,0.0,0.162258,0.291912,-0.567387,0.0,0.0,-0.627781,-0.015523,-0.027995,0.873063,-0.385501,0.0,-0.627781,0.015523,0.027995,0.873063,-0.385501,0.0,0.032525,0.19271,0.0,-0.330779,0.0,-0.0,0.0,0.032525,-0.19271,0.0,-0.330779,-0.0,0.0,0.0,-0.0,0.008495,-0.000052,0.0,-0.000039,-0.0,-0.000039,0.0,-0.000052,0.0,-0.0,0.008495,-0.000052,0.0,-0.000039,-0.0,-0.000039,0.0,-0.000052,0.0,0.0,0.0,0.0,
0.0,-0.039673,0.814942,0.139996,0.0,0.0,0.0,0.162163,0.291607,-0.567121,0.0,0.0,-0.6262,-0.015503,-0.028017,0.871427,-0.384879,0.0,-0.6262,0.015503,0.028017,0.871427,-0.384879,0.0,0.032783,0.192624,0.0,-0.330864,0.0,0.0,0.0,0.032783,-0.192624,0.0,-0.330864,0.0,0.0,0.0,0.0,0.008495,-0.000052,-0.0,-0.000039,0.0,-0.000039,0.0,-0.000052,0.0,0.0,0.008495,-0.000052,-0.0,-0.000039,0.0,-0.000039,0.0,-0.000052,0.0,0.0,0.0,0.0,
0.0,-0.039515,0.815217,0.139442,0.0,0.0,0.0,0.158278,0.274211,-0.554205,0.0,0.0,-0.62464,-0.015483,-0.028043,0.869789,-0.384247,0.0,-0.62464,0.015483,0.028043,0.869789,-0.384247,0.0,0.033026,0.192543,0.0,-0.330946,0.0,0.0,0.0,0.033026,-0.192543,0.0,-0.330946,0.0,0.0,0.0,0.0,0.008495,-0.000052,0.0,-0.000039,-0.0,-0.000039,0.0,-0.000052,0.0,0.0,0.008495,-0.000052,0.0,-0.000039,-0.0,-0.000039,0.0,-0.000052,0.0,0.0,0.0,0.0,
0.0,-0.039357,0.815491,0.138887,0.0,0.0,0.0,0.158275,0.274211,-0.554338,0.0,0.0,-0.62308,-0.015463,-0.028069,0.868151,-0.383615,0.0,-0.62308,0.015463,0.028069,0.868151,-0.383615,0.0,0.03327,0.192462,0.0,-0.331028,0.0,-0.0,0.0,0.03327,-0.192462,0.0,-0.331028,0.0,0.0,0.0,0.0,0.008495,-0.000052,-0.0,-0.000039,0.0,-0.000039,0.0,-0.000052,0.0,0.0,0.008495,-0.000052,-0.0,-0.000039,0.0,-0.000039,0.0,-0.000052,0.0,0.0,0.0,0.0,
0.0,-0.039199,0.815765,0.138333,0.0,0.0,0.0,0.158256,0.274211,-0.554072,0.0,0.0,-0.621519,-0.015443,-0.028094,0.866513,-0.382983,0.0,-0.621519,0.015443,0.028094,0.866513,-0.382983,0.0,0.033514,0.192381,0.0,-0.331109,0.0,0.0,0.0,0.033514,-0.192381,0.0,-0.331109,-0.0,-0.0,0.0,-0.0,0.008495,-0.000052,-0.0,-0.000039,0.0,-0.000039,0.0,-0.000052,0.0,-0.0,0.008495,-0.000052,-0.0,-0.000039,0.0,-0.000039,0.0,-0.000052,0.0,0.0,0.0,0.0,
0.0,-0.03904,0.816039,0.137779,0.0,0.0,0.0,0.158278,0.274211,-0.554205,0.0,0.0,-0.619959,-0.015423,-0.02812,0.864875,-0.382351,0.0,-0.619959,0.015423,0.02812,0.864875,-0.382351,0.0,0.033757,0.1923,0.0,-0.331191,-0.0,-0.0,0.0,0.033757,-0.1923,0.0,-0.331191,0.0,0.0,0.0,0.0,0.008495,-0.000052,-0.0,-0.000039,0.0,-0.000039,0.0,-0.000052,0.0,0.0,0.008495,-0.000052,-0.0,-0.000039,0.0,-0.000039,0.0,-0.000052,0.0,0.0,-0.0,0.0,
0.0,-0.038882,0.816313,0.137225,0.0,0.0,0.0,0.158275,0.274211,-0.554338,0.0,0.0,-0.618399,-0.015402,-0.028146,0.863237,-0.38172,0.0,-0.618399,0.015402,0.028146,0.863237,-0.38172,0.0,0.034001,0.192219,0.0,-0.331273,0.0,0.0,0.0,0.034001,-0.192219,0.0,-0.331273,0.0,0.0,0.0,0.0,0.008495,-0.000052,-0.0,-0.000039,0.0,-0.000039,0.0,-0.000052,0.0,0.0,0.008495,-0.000052,-0.0,-0.000039,0.0,-0.000039,0.0,-0.000052,0.0,0.0,-0.0,0.0,
0.0,-0.038724,0.816588,0.13667,0.0,0.0,0.0,0.158275,0.274211,-0.554205,0.0,0.0,-0.616838,-0.015382,-0.028171,0.861599,-0.381088,0.0,-0.616838,0.015382,0.028171,0.861599,-0.381088,0.0,0.034244,0.192138,0.0,-0.331355,0.0,0.0,0.0,0.034244,-0.192138,0.0,-0.331355,0.0,-0.0,0.0,0.0,0.008495,-0.000052,-0.0,-0.000039,-0.0,-0.000039,0.0,-0.000052,0.0,0.0,0.008495,-0.000052,-0.0,-0.000039,-0.0,-0.000039,0.0,-0.000052,0.0,0.0,0.0,0.0,
0.0,-0.038566,0.816862,0.136116,0.0,0.0,0.0,0.158256,0.274211,-0.554072,0.0,0.0,-0.615278,-0.015362,-0.028197,0.859961,-0.380456,0.0,-0.615278,0.015362,0.028197,0.859961,-0.380456,0.0,0.034488,0.192057,-0.0,-0.331436,0.0,-0.0,0.0,0.034488,-0.192057,0.0,-0.331436,-0.0,0.0,0.0,-0.0,0.008495,-0.000052,0.0,-0.000039,-0.0,-0.000039,-0.0,-0.000052,0.0,-0.0,0.008495,-0.000052,0.0,-0.000039,-0.0,-0.000039,-0.0,-0.000052,0.0,0.0,0.0,0.0,
0.0,-0.038407,0.817136,0.135562,0.0,0.0,0.0,0.158278,0.274211,-0.554205,0.0,0.0,-0.613718,-0.015342,-0.028223,0.858323,-0.379824,0.0,-0.613718,0.015342,0.028223,0.858323,-0.379824,0.0,0.034732,0.191976,0.0,-0.331518,0.0,-0.0,0.0,0.034732,-0.191976,0.0,-0.331518,0.0,0.0,0.0,0.0,0.008495,-0.000052,0.0,-0.000039,0.0,-0.000039,0.0,-0.000052,0.0,0.0,0.008495,-0.000052,0.0,-0.000039,0.0,-0.000039,0.0,-0.000052,0.0,0.0,-0.0,0.0,
0.0,-0.038249,0.81741,0.135008,0.0,0.0,0.0,0.158275,0.274211,-0.554338,0.0,0.0,-0.612157,-0.015322,-0.028248,0.856685,-0.379192,0.0,-0.612157,0.015322,0.028248,0.856685,-0.379192,0.0,0.034975,0.191895,0.0,-0.3316,0.0,0.0,0.0,0.034975,-0.191895,0.0,-0.3316,0.0,0.0,0.0,0.0,0.008495,-0.000052,0.0,-0.000039,0.0,-0.000039,-0.0,-0.000052,0.0,0.0,0.008495,-0.000052,0.0,-0.000039,0.0,-0.000039,-0.0,-0.000052,0.0,0.0,0.0,0.0,
0.0,-0.038091,0.817685,0.134454,0.0,0.0,0.0,0.158256,0.274211,-0.554072,0.0,0.0,-0.610597,-0.015302,-0.028274,0.855047,-0.378561,0.0,-0.610597,0.015302,0.028274,0.855047,-0.378561,0.0,0.035219,0.191814,0.0,-0.331681,-0.0,-0.0,0.0,0.035219,-0.191814,0.0,-0.331681,0.0,0.0,0.0,0.0,0.008495,-0.000052,-0.0,-0.000039,0.0,-0.000039,0.0,-0.000052,0.0,0.0,0.008495,-0.000052,-0.0,-0.000039,0.0,-0.000039,0.0,-0.000052,0.0,0.0,0.0,0.0,
0.0,-0.037933,0.817959,0.133899,0.0,0.0,0.0,0.158275,0.274211,-0.554338,0.0,0.0,-0.609036,-0.015282,-0.028299,0.853408,-0.377929,0.0,-0.609036,0.015282,0.028299,0.853408,-0.377929,0.0,0.035462,0.191733,0.0,-0.331763,0.0,-0.0,0.0,0.035462,-0.191733,0.0,-0.331763,0.0,0.0,0.0,0.0,0.008495,-0.000052,-0.0,-0.000039,0.0,-0.000039,-0.0,-0.000052,0.0,0.0,0.008495,-0.000052,-0.0,-0.000039,0.0,-0.000039,-0.0,-0.000052,0.0,0.0,0.0,0.0,
0.0,-0.037774,0.818233,0.133345,0.0,0.0,0.0,0.158278,0.274211,-0.554205,0.0,0.0,-0.607476,-0.015261,-0.028325,0.85177,-0.377297,0.0,-0.607476,0.015261,0.028325,0.85177,-0.377297,0.0,0.035706,0.191652,0.0,-0.331845,0.0,0.0,0.0,0.035706,-0.191652,0.0,-0.331845,0.0,0.0,0.0,0.0,0.008495,-0.000052,0.0,-0.000039,0.0,-0.000039,0.0,-0.000052,0.0,0.0,0.008495,-0.000052,0.0,-0.000039,0.0,-0.000039,0.0,-0.000052,0.0,0.0,0.0,0.0,
0.0,-0.037616,0.818507,0.132791,0.0,0.0,0.0,0.158256,0.274211,-0.554205,0.0,0.0,-0.605916,-0.015241,-0.028351,0.850132,-0.376665,0.0,-0.605916,0.015241,0.028351,0.850132,-0.376665,0.0,0.03595,0.191572,0.0,-0.331926,0.0,0.0,0.0,0.03595,-0.191572,0.0,-0.331926,0.0,-0.0,0.0,0.0,0.008495,-0.000052,-0.0,-0.000039,0.0,-0.000039,0.0,-0.000052,-0.0,0.0,0.008495,-0.000052,-0.0,-0.000039,0.0,-0.000039,0.0,-0.000052,-0.0,0.0,0.0,0.0,
0.0,-0.037458,0.818781,0.132237,0.0,0.0,0.0,0.158275,0.274211,-0.554205,0.0,0.0,-0.604355,-0.015221,-0.028376,0.848494,-0.376033,0.0,-0.604355,0.015221,0.028376,0.848494,-0.376033,0.0,0.036193,0.191491,0.0,-0.332008,0.0,0.0,0.0,0.036193,-0.191491,0.0,-0.332008,0.0,-0.0,0.0,0.0,0.008495,-0.000052,0.0,-0.000039,-0.0,-0.000039,0.0,-0.000052,0.0,0.0,0.008495,-0.000052,0.0,-0.000039,-0.0,-0.000039,0.0,-0.000052,0.0,0.0,0.0,0.0,
0.0,-0.037299,0.819056,0.131683,0.0,0.0,0.0,0.158275,0.274211,-0.554205,0.0,0.0,-0.602795,-0.015201,-0.028402,0.846856,-0.375401,0.0,-0.602795,0.015201,0.028402,0.846856,-0.375401,0.0,0.036437,0.19141,0.0,-0.33209,0.0,0.0,0.0,0.036437,-0.19141,0.0,-0.33209,0.0,0.0,0.0,0.0,0.008495,-0.000052,-0.0,-0.000039,-0.0,-0.000039,0.0,-0.000052,0.0,0.0,0.008495,-0.000052,-0.0,-0.000039,-0.0,-0.000039,0.0,-0.000052,0.0,0.0,0.0,0.0,
0.0,-0.037141,0.81933,0.131128,0.0,0.0,0.0,0.158256,0.274211,-0.554205,0.0,0.0,-0.601234,-0.015181,-0.028428,0.845218,-0.37477,0.0,-0.601234,0.015181,0.028428,0.845218,-0.37477,0.0,0.03668,0.191329,0.0,-0.332172,0.0,-0.0,0.0,0.03668,-0.191329,0.0,-0.332172,0.0,0.0,0.0,0.0,0.008495,-0.000052,0.0,-0.000039,0.0,-0.000039,-0.0,-0.000052,0.0,0.0,0.008495,-0.000052,0.0,-0.000039,0.0,-0.000039,-0.0,-0.000052,0.0,0.0,0.0,0.0,
0.0,-0.036983,0.819604,0.130574,0.0,0.0,0.0,0.158278,0.274211,-0.554205,0.0,0.0,-0.599674,-0.015161,-0.028453,0.84358,-0.374138,0.0,-0.599674,0.015161,0.028453,0.84358,-0.374138,0.0,0.036924,0.191248,0.0,-0.332253,0.0,0.0,0.0,0.036924,-0.191248,0.0,-0.332253,0.0,0.0,0.0,0.0,0.008495,-0.000052,0.0,-0.000039,0.0,-0.000039,0.0,-0.000052,0.0,0.0,0.008495,-0.000052,0.0,-0.000039,0.0,-0.000039,0.0,-0.000052,0.0,0.0,0.0,0.0,
0.0,-0.036825,0.819878,0.13002,0.0,0.0,0.0,0.158275,0.274211,-0.554205,0.0,0.0,-0.598113,-0.015141,-0.028479,0.841941,-0.373506,0.0,-0.598113,0.015141,0.028479,0.841941,-0.373506,0.0,0.037168,0.191167,0.0,-0.332335,-0.0,0.0,0.0,0.037168,-0.191167,0.0,-0.332335,0.0,-0.0,0.0,0.0,0.008495,-0.000052,-0.0,-0.000039,-0.0,-0.000039,0.0,-0.000052,0.0,0.0,0.008495,-0.000052,-0.0,-0.000039,-0.0,-0.000039,0.0,-0.000052,0.0,0.0,0.0,0.0,
0.0,-0.036666,0.820152,0.129466,0.0,0.0,0.0,0.158275,0.274211,-0.554338,0.0,0.0,-0.596553,-0.01512,-0.028505,0.840303,-0.372874,0.0,-0.596553,0.01512,0.028505,0.840303,-0.372874,0.0,0.037411,0.191086,0.0,-0.332417,0.0,0.0,0.0,0.037411,-0.191086,0.0,-0.332417,0.0,-0.0,0.0,0.0,0.008495,-0.000052,-0.0,-0.000039,0.0,-0.000039,0.0,-0.000052,0.0,0.0,0.008495,-0.000052,-0.0,-0.000039,0.0,-0.000039,0.0,-0.000052,0.0,0.0,0.0,0.0,
0.0,-0.036508,0.820427,0.128912,0.0,0.0,0.0,0.158256,0.274211,-0.554072,0.0,0.0,-0.594992,-0.0151,-0.02853,0.838665,-0.372242,0.0,-0.594992,0.0151,0.02853,0.838665,-0.372242,0.0,0.037655,0.191005,0.0,-0.332498,0.0,-0.0,0.0,0.037655,-0.191005,0.0,-0.332498,0.0,0.0,0.0,0.0,0.008495,-0.000052,-0.0,-0.000039,-0.0,-0.000039,0.0,-0.000052,0.0,0.0,0.008495,-0.000052,-0.0,-0.000039,-0.0,-0.000039,0.0,-0.000052,0.0,0.0,0.0,0.0,
0.0,-0.03635,0.820701,0.128357,0.0,0.0,0.0,0.158278,0.274211,-0.554205,0.0,0.0,-0.593432,-0.01508,-0.028556,0.837027,-0.37161,0.0,-0.593432,0.01508,0.028556,0.837027,-0.37161,0.0,0.037898,0.190924,0.0,-0.33258,0.0,0.0,0.0,0.037898,-0.190924,0.0,-0.33258,-0.0,-0.0,0.0,-0.0,0.008495,-0.000052,0.0,-0.000039,0.0,-0.000039,0.0,-0.000052,0.0,-0.0,0.008495,-0.000052,0.0,-0.000039,0.0,-0.000039,0.0,-0.000052,0.0,0.0,0.0,0.0,
0.0,-0.036192,0.820975,0.127803,0.0,0.0,0.0,0.158275,0.274211,-0.554338,0.0,0.0,-0.591871,-0.01506,-0.028581,0.835389,-0.370979,0.0,-0.591871,0.01506,0.028581,0.835389,-0.370979,0.0,0.038142,0.190843,0.0,-0.332662,0.0,0.0,0.0,0.038142,-0.190843,0.0,-0.332662,0.0,-0.0,0.0,0.0,0.008495,-0.000052,0.0,-0.000039,-0.0,-0.000039,-0.0,-0.000052,0.0,0.0,0.008495,-0.000052,0.0,-0.000039,-0.0,-0.000039,-0.0,-0.000052,0.0,0.0,0.0,0.0,
0.0,-0.036033,0.821249,0.127249,0.0,0.0,0.0,0.158256,0.274211,-0.554072,0.0,0.0,-0.590311,-0.01504,-0.028607,0.833751,-0.370347,0.0,-0.590311,0.01504,0.028607,0.833751,-0.370347,0.0,0.038385,0.190762,-0.0,-0.332743,0.0,-0.0,0.0,0.038385,-0.190762,0.0,-0.332743,0.0,0.0,0.0,0.0,0.008495,-0.000052,-0.0,-0.000039,0.0,-0.000039,0.0,-0.000052,0.0,0.0,0.008495,-0.000052,-0.0,-0.000039,0.0,-0.000039,0.0,-0.000052,0.0,0.0,0.0,0.0,
0.0,-0.035875,0.821523,0.126695,0.0,0.0,0.0,0.158275,0.274211,-0.554205,0.0,0.0,-0.588751,-0.01502,-0.028633,0.832113,-0.369715,0.0,-0.588751,0.01502,0.028633,0.832113,-0.369715,0.0,0.038629,0.190681,0.0,-0.332825,0.0,-0.0,0.0,0.038629,-0.190681,0.0,-0.332825,0.0,0.0,0.0,0.0,0.008495,-0.000052,0.0,-0.000039,0.0,-0.000039,0.0,-0.000052,0.0,0.0,0.008495,-0.000052,0.0,-0.000039,0.0,-0.000039,0.0,-0.000052,0.0,0.0,0.0,0.0,
0.0,-0.035717,0.821798,0.12614,0.0,0.0,0.0,0.158278,0.274211,-0.554338,0.0,0.0,-0.58719,-0.015,-0.028658,0.830474,-0.369083,0.0,-0.58719,0.015,0.028658,0.830474,-0.369083,0.0,0.038873,0.1906,0.0,-0.332907,0.0,0.0,0.0,0.038873,-0.1906,0.0,-0.332907,0.0,0.0,0.0,0.0,0.008495,-0.000052,-0.0,-0.000039,-0.0,-0.000039,0.0,-0.000052,0.0,0.0,0.008495,-0.000052,-0.0,-0.000039,-0.0,-0.000039,0.0,-0.000052,0.0,0.0,0.0,0.0,
0.0,-0.035558,0.822072,0.125586,0.0,0.0,0.0,0.158256,0.274135,-0.554072,0.0,0.0,-0.58563,-0.014979,-0.028684,0.828837,-0.368451,0.0,-0.58563,0.014979,0.028684,0.828837,-0.368451,0.0,0.039116,0.190519,0.0,-0.332988,0.0,0.0,0.0,0.039116,-0.190519,0.0,-0.332988,0.0,0.0,0.0,0.0,0.008495,-0.000052,0.0,-0.000039,-0.0,-0.000039,-0.0,-0.000052,0.0,0.0,0.008495,-0.000052,0.0,-0.000039,-0.0,-0.000039,-0.0,-0.000052,0.0,0.0,0.0,0.0,
0.0,-0.0354,0.822346,0.125032,0.0,0.0,0.0,0.158275,0.274288,-0.554338,0.0,0.0,-0.584069,-0.014959,-0.02871,0.827198,-0.36782,0.0,-0.584069,0.014959,0.02871,0.827198,-0.36782,-0.0,0.03936,0.190438,0.0,-0.33307,-0.0,-0.0,0.0,0.03936,-0.190438,0.0,-0.33307,0.0,0.0,0.0,0.0,0.008495,-0.000052,0.0,-0.000039,0.0,-0.000039,0.0,-0.000052,0.0,0.0,0.008495,-0.000052,0.0,-0.000039,0.0,-0.000039,0.0,-0.000052,0.0,0.0,0.0,0.0,
0.0,-0.035242,0.82262,0.124478,0.0,0.0,0.0,0.158275,0.274211,-0.554205,0.0,0.0,-0.582509,-0.014939,-0.028735,0.82556,-0.367188,0.0,-0.582509,0.014939,0.028735,0.82556,-0.367188,0.0,0.039603,0.190357,0.0,-0.333152,0.0,0.0,0.0,0.039603,-0.190357,0.0,-0.333152,0.0,0.0,0.0,0.0,0.008495,-0.000052,-0.0,-0.000039,-0.0,-0.000039,0.0,-0.000052,0.0,0.0,0.008495,-0.000052,-0.0,-0.000039,-0.0,-0.000039,0.0,-0.000052,0.0,0.0,0.0,0.0,
0.0,-0.035084,0.822895,0.123924,0.0,0.0,0.0,0.158256,0.274135,-0.554072,0.0,0.0,-0.580949,-0.014919,-0.028761,0.823922,-0.366556,0.0,-0.580949,0.014919,0.028761,0.823922,-0.366556,0.0,0.039847,0.190276,0.0,-0.333234,-0.0,-0.0,0.0,0.039847,-0.190276,0.0,-0.333234,0.0,0.0,0.0,0.0,0.008495,-0.000052,0.0,-0.000039,0.0,-0.000039,0.0,-0.000052,0.0,0.0,0.008495,-0.000052,0.0,-0.000039,0.0,-0.000039,0.0,-0.000052,0.0,0.0,0.0,0.0,
0.0,-0.034925,0.823169,0.123369,0.0,0.0,0.0,0.158278,0.274288,-0.554338,0.0,0.0,-0.579388,-0.014899,-0.028787,0.822284,-0.365924,0.0,-0.579388,0.014899,0.028787,0.822284,-0.365924,0.0,0.040091,0.190196,0.0,-0.333315,-0.0,-0.0,0.0,0.040091,-0.190196,0.0,-0.333315,0.0,0.0,0.0,0.0,0.008495,-0.000052,-0.0,-0.000039,-0.0,-0.000039,0.0,-0.000052,0.0,0.0,0.008495,-0.000052,-0.0,-0.000039,-0.0,-0.000039,0.0,-0.000052,0.0,0.0,0.0,0.0,
0.0,-0.034767,0.823443,0.122815,0.0,0.0,0.0,0.158275,0.274211,-0.554205,0.0,0.0,-0.577828,-0.014879,-0.028812,0.820646,-0.365292,0.0,-0.577828,0.014879,0.028812,0.820646,-0.365292,0.0,0.040334,0.190115,0.0,-0.333397,0.0,0.0,0.0,0.040334,-0.190115,-0.0,-0.333397,0.0,0.0,0.0,0.0,0.008495,-0.000052,-0.0,-0.000039,0.0,-0.000039,-0.0,-0.000052,0.0,0.0,0.008495,-0.000052,-0.0,-0.000039,0.0,-0.000039,-0.0,-0.000052,0.0,0.0,0.0,0.0,
0.0,-0.034609,0.823717,0.122261,0.0,0.0,0.0,0.158256,0.274135,-0.554072,0.0,0.0,-0.576268,-0.014859,-0.028838,0.819009,-0.364661,0.0,-0.576268,0.014859,0.028838,0.819009,-0.364661,0.0,0.040578,0.190034,0.0,-0.333479,0.0,-0.0,0.0,0.040578,-0.190034,0.0,-0.333479,-0.0,0.0,0.0,-0.0,0.008495,-0.000052,-0.0,-0.000039,0.0,-0.000039,0.0,-0.000052,0.0,-0.0,0.008495,-0.000052,-0.0,-0.000039,0.0,-0.000039,0.0,-0.000052,0.0,0.0,0.0,0.0,
0.0,-0.034451,0.823991,0.121707,0.0,0.0,0.0,0.158275,0.274211,-0.554338,0.0,0.0,-0.574708,-0.014838,-0.028863,0.817371,-0.364029,0.0,-0.574708,0.014838,0.028863,0.817371,-0.364029,0.0,0.040821,0.189953,0.0,-0.33356,0.0,0.0,0.0,0.040821,-0.189953,0.0,-0.33356,0.0,-0.0,0.0,0.0,0.008495,-0.000052,-0.0,-0.000039,0.0,-0.000039,-0.0,-0.000052,0.0,0.0,0.008495,-0.000052,-0.0,-0.000039,0.0,-0.000039,-0.0,-0.000052,0.0,0.0,0.0,0.0,
0.0,-0.034296,0.824253,0.121164,0.0,0.0,0.0,0.154466,0.261394,-0.54262,0.0,0.0,-0.573166,-0.014817,-0.028888,0.815734,-0.363391,0.0,-0.573166,0.014817,0.028888,0.815734,-0.363391,0.0,0.041054,0.189876,0.0,-0.333638,0.0,0.0,0.0,0.041054,-0.189876,0.0,-0.333638,0.0,-0.0,0.0,0.0,0.008495,-0.000052,-0.0,-0.000039,-0.0,-0.000039,0.0,-0.000052,-0.0,0.0,0.008495,-0.000052,-0.0,-0.000039,-0.0,-0.000039,0.0,-0.000052,-0.0,0.0,0.0,0.0,
0.0,-0.034143,0.824508,0.120627,0.0,0.0,0.0,0.152709,0.255519,-0.537294,0.0,0.0,-0.571633,-0.014795,-0.028912,0.814097,-0.362751,0.0,-0.571633,0.014795,0.028912,0.814097,-0.362751,0.0,0.041281,0.1898,0.0,-0.333714,-0.0,-0.0,0.0,0.041281,-0.1898,0.0,-0.333714,0.0,0.0,0.0,0.0,0.008495,-0.000052,0.0,-0.000039,0.0,-0.000039,0.0,-0.000052,0.0,0.0,0.008495,-0.000052,0.0,-0.000039,0.0,-0.000039,0.0,-0.000052,0.0,0.0,0.0,0.0,
0.0,-0.033991,0.824764,0.12009,0.0,0.0,0.0,0.152726,0.255519,-0.537427,0.0,0.0,-0.5701,-0.014773,-0.028935,0.812461,-0.362112,0.0,-0.5701,0.014773,0.028935,0.812461,-0.362112,0.0,0.041508,0.189725,0.0,-0.333791,0.0,0.0,0.0,0.041508,-0.189725,0.0,-0.333791,0.0,-0.0,0.0,0.0,0.008495,-0.000052,-0.0,-0.000039,0.0,-0.000039,0.0,-0.000052,-0.0,0.0,0.008495,-0.000052,-0.0,-0.000039,0.0,-0.000039,0.0,-0.000052,-0.0,0.0,0.0,0.0,
0.0,-0.033838,0.825019,0.119552,0.0,0.0,0.0,0.152729,0.255595,-0.537427,0.0,0.0,-0.568566,-0.014751,-0.028959,0.810824,-0.361472,0.0,-0.568566,0.014751,0.028959,0.810824,-0.361472,0.0,0.041735,0.189649,0.0,-0.333867,0.0,0.0,0.0,0.041735,-0.189649,0.0,-0.333867,0.0,0.0,0.0,0.0,0.008495,-0.000052,0.0,-0.000039,0.0,-0.000039,0.0,-0.000052,-0.0,0.0,0.008495,-0.000052,0.0,-0.000039,0.0,-0.000039,0.0,-0.000052,-0.0,0.0,0.0,0.0,
0.0,-0.033685,0.825275,0.119015,0.0,0.0,0.0,0.152729,0.255519,-0.537427,0.0,0.0,-0.567033,-0.014729,-0.028983,0.809187,-0.360832,0.0,-0.567033,0.014729,0.028983,0.809187,-0.360832,0.0,0.041962,0.189574,0.0,-0.333943,0.0,0.0,0.0,0.041962,-0.189574,0.0,-0.333943,0.0,0.0,0.0,0.0,0.008495,-0.000052,0.0,-0.000039,-0.0,-0.000039,0.0,-0.000052,0.0,0.0,0.008495,-0.000052,0.0,-0.000039,-0.0,-0.000039,0.0,-0.000052,0.0,0.0,0.0,0.0,
0.0,-0.033533,0.82553,0.118477,0.0,0.0,0.0,0.152709,0.255519,-0.537294,0.0,0.0,-0.5655,-0.014707,-0.029007,0.807551,-0.360192,0.0,-0.5655,0.014707,0.029007,0.807551,-0.360192,0.0,0.042189,0.189498,-0.0,-0.334019,0.0,-0.0,0.0,0.042189,-0.189498,0.0,-0.334019,-0.0,0.0,0.0,-0.0,0.008495,-0.000052,-0.0,-0.000039,-0.0,-0.000039,0.0,-0.000052,0.0,-0.0,0.008495,-0.000052,-0.0,-0.000039,-0.0,-0.000039,0.0,-0.000052,0.0,0.0,0.0,0.0,
0.0,-0.03338,0.825786,0.11794,0.0,0.0,0.0,0.152726,0.255519,-0.537427,0.0,0.0,-0.563966,-0.014685,-0.029031,0.805914,-0.359552,0.0,-0.563966,0.014685,0.029031,0.805914,-0.359552,0.0,0.042416,0.189423,0.0,-0.334095,0.0,-0.0,0.0,0.042416,-0.189423,0.0,-0.334095,0.0,0.0,0.0,0.0,0.008495,-0.000052,0.0,-0.000039,0.0,-0.000039,0.0,-0.000052,0.0,0.0,0.008495,-0.000052,0.0,-0.000039,0.0,-0.000039,0.0,-0.000052,0.0,0.0,0.0,0.0,
0.0,-0.033227,0.826041,0.117403,0.0,0.0,0.0,0.152729,0.255519,-0.537427,0.0,0.0,-0.562433,-0.014663,-0.029055,0.804277,-0.358912,0.0,-0.562433,0.014663,0.029055,0.804277,-0.358912,0.0,0.042644,0.189348,0.0,-0.334171,0.0,0.0,0.0,0.042644,-0.189348,0.0,-0.334171,0.0,0.0,0.0,0.0,0.008495,-0.000052,0.0,-0.000039,0.0,-0.000039,0.0,-0.000052,0.0,0.0,0.008495,-0.000052,0.0,-0.000039,0.0,-0.000039,0.0,-0.000052,0.0,0.0,0.0,0.0,
0.0,-0.033074,0.826297,0.116865,0.0,0.0,0.0,0.152709,0.255519,-0.537427,0.0,0.0,-0.5609,-0.014641,-0.029078,0.802641,-0.358272,0.0,-0.5609,0.014641,0.029078,0.802641,-0.358272,0.0,0.042871,0.189272,0.0,-0.334247,0.0,0.0,0.0,0.042871,-0.189272,0.0,-0.334247,0.0,0.0,0.0,0.0,0.008495,-0.000052,0.0,-0.000039,0.0,-0.000039,0.0,-0.000052,0.0,0.0,0.008495,-0.000052,0.0,-0.000039,0.0,-0.000039,0.0,-0.000052,0.0,0.0,0.0,0.0,
0.0,-0.032922,0.826552,0.116328,0.0,0.0,0.0,0.152726,0.255519,-0.537427,0.0,0.0,-0.559366,-0.014619,-0.029102,0.801004,-0.357632,0.0,-0.559366,0.014619,0.029102,0.801004,-0.357632,0.0,0.043098,0.189197,0.0,-0.334324,0.0,0.0,0.0,0.043098,-0.189197,0.0,-0.334324,0.0,0.0,0.0,0.0,0.008495,-0.000052,0.0,-0.000039,-0.0,-0.000039,0.0,-0.000052,0.0,0.0,0.008495,-0.000052,0.0,-0.000039,-0.0,-0.000039,0.0,-0.000052,0.0,0.0,0.0,0.0,
0.0,-0.032769,0.826808,0.11579,0.0,0.0,0.0,0.152729,0.255519,-0.537427,0.0,0.0,-0.557833,-0.014597,-0.029126,0.799367,-0.356993,0.0,-0.557833,0.014597,0.029126,0.799367,-0.356993,0.0,0.043325,0.189121,0.0,-0.3344,0.0,0.0,0.0,0.043325,-0.189121,0.0,-0.3344,0.0,-0.0,0.0,0.0,0.008495,-0.000052,0.0,-0.000039,-0.0,-0.000039,-0.0,-0.000052,0.0,0.0,0.008495,-0.000052,0.0,-0.000039,-0.0,-0.000039,-0.0,-0.000052,0.0,0.0,0.0,0.0,
0.0,-0.032616,0.827064,0.115253,0.0,0.0,0.0,0.152709,0.255519,-0.537294,0.0,0.0,-0.5563,-0.014575,-0.02915,0.797731,-0.356353,0.0,-0.5563,0.014575,0.02915,0.797731,-0.356353,0.0,0.043552,0.189046,0.0,-0.334476,0.0,0.0,0.0,0.043552,-0.189046,0.0,-0.334476,0.0,0.0,0.0,0.0,0.008495,-0.000052,0.0,-0.000039,-0.0,-0.000039,-0.0,-0.000052,0.0,0.0,0.008495,-0.000052,0.0,-0.000039,-0.0,-0.000039,-0.0,-0.000052,0.0,0.0,0.0,0.0,
0.0,-0.032463,0.827319,0.114716,0.0,0.0,0.0,0.152729,0.255519,-0.537427,0.0,0.0,-0.554766,-0.014553,-0.029174,0.796094,-0.355713,0.0,-0.554766,0.014553,0.029174,0.796094,-0.355713,0.0,0.043779,0.188971,0.0,-0.334552,0.0,-0.0,0.0,0.043779,-0.188971,0.0,-0.334552,-0.0,0.0,0.0,-0.0,0.008495,-0.000052,-0.0,-0.000039,0.0,-0.000039,0.0,-0.000052,0.0,-0.0,0.008495,-0.000052,-0.0,-0.000039,0.0,-0.000039,0.0,-0.000052,0.0,0.0,0.0,0.0,
0.0,-0.032311,0.827575,0.114178,0.0,0.0,0.0,0.152726,0.255595,-0.537427,0.0,0.0,-0.553233,-0.014531,-0.029197,0.794457,-0.355073,0.0,-0.553233,0.014531,0.029197,0.794457,-0.355073,0.0,0.044006,0.188895,0.0,-0.334628,0.0,0.0,0.0,0.044006,-0.188895,0.0,-0.334628,0.0,0.0,0.0,0.0,0.008495,-0.000052,0.0,-0.000039,0.0,-0.000039,0.0,-0.000052,0.0,0.0,0.008495,-0.000052,0.0,-0.000039,0.0,-0.000039,0.0,-0.000052,0.0,0.0,0.0,0.0,
0.0,-0.032158,0.82783,0.113641,0.0,0.0,0.0,0.15271,0.255443,-0.537294,0.0,0.0,-0.5517,-0.014509,-0.029221,0.79282,-0.354433,0.0,-0.5517,0.014509,0.029221,0.79282,-0.354433,0.0,0.044233,0.18882,0.0,-0.334704,0.0,0.0,0.0,0.044233,-0.18882,0.0,-0.334704,0.0,0.0,0.0,0.0,0.008495,-0.000052,-0.0,-0.000039,0.0,-0.000039,0.0,-0.000052,0.0,0.0,0.008495,-0.000052,-0.0,-0.000039,0.0,-0.000039,0.0,-0.000052,0.0,0.0,0.0,0.0,
0.0,-0.032005,0.828086,0.113103,0.0,0.0,0.0,0.152729,0.255595,-0.537427,0.0,0.0,-0.550166,-0.014487,-0.029245,0.791183,-0.353793,0.0,-0.550166,0.014487,0.029245,0.791183,-0.353793,0.0,0.044461,0.188744,0.0,-0.33478,-0.0,-0.0,0.0,0.044461,-0.188744,0.0,-0.33478,0.0,0.0,0.0,0.0,0.008495,-0.000052,-0.0,-0.000039,-0.0,-0.000039,0.0,-0.000052,0.0,0.0,0.008495,-0.000052,-0.0,-0.000039,-0.0,-0.000039,0.0,-0.000052,0.0,0.0,0.0,0.0,
0.0,-0.031853,0.828341,0.112566,0.0,0.0,0.0,0.152729,0.255519,-0.537427,0.0,0.0,-0.548633,-0.014465,-0.029269,0.789547,-0.353153,0.0,-0.548633,0.014465,0.029269,0.789547,-0.353153,0.0,0.044688,0.188669,0.0,-0.334857,0.0,0.0,0.0,0.044688,-0.188669,0.0,-0.334857,-0.0,-0.0,0.0,-0.0,0.008495,-0.000052,-0.0,-0.000039,0.0,-0.000039,-0.0,-0.000052,0.0,-0.0,0.008495,-0.000052,-0.0,-0.000039,0.0,-0.000039,-0.0,-0.000052,0.0,0.0,0.0,0.0,
0.0,-0.0317,0.828597,0.112029,0.0,0.0,0.0,0.152726,0.255519,-0.537427,0.0,0.0,-0.547099,-0.014443,-0.029293,0.78791,-0.352513,0.0,-0.547099,0.014443,0.029293,0.78791,-0.352513,0.0,0.044915,0.188593,0.0,-0.334933,0.0,0.0,0.0,0.044915,-0.188593,0.0,-0.334933,0.0,0.0,0.0,0.0,0.008495,-0.000052,0.0,-0.000039,-0.0,-0.000039,0.0,-0.000052,0.0,0.0,0.008495,-0.000052,0.0,-0.000039,-0.0,-0.000039,0.0,-0.000052,0.0,0.0,0.0,0.0,
0.0,-0.031547,0.828852,0.111491,0.0,0.0,0.0,0.152709,0.255519,-0.537427,0.0,0.0,-0.545566,-0.014421,-0.029316,0.786273,-0.351873,0.0,-0.545566,0.014421,0.029316,0.786273,-0.351873,0.0,0.045142,0.188518,0.0,-0.335009,0.0,0.0,0.0,0.045142,-0.188518,-0.0,-0.335009,0.0,0.0,0.0,0.0,0.008495,-0.000052,0.0,-0.000039,0.0,-0.000039,0.0,-0.000052,0.0,0.0,0.008495,-0.000052,0.0,-0.000039,0.0,-0.000039,0.0,-0.000052,0.0,0.0,0.0,0.0,
0.0,-0.031394,0.829108,0.110954,0.0,0.0,0.0,0.152729,0.255519,-0.537427,0.0,0.0,-0.544032,-0.0144,-0.02934,0.784636,-0.351234,0.0,-0.544032,0.0144,0.02934,0.784636,-0.351234,0.0,0.045369,0.188443,0.0,-0.335085,0.0,-0.0,0.0,0.045369,-0.188443,-0.0,-0.335085,0.0,0.0,0.0,0.0,0.008495,-0.000052,0.0,-0.000039,-0.0,-0.000039,0.0,-0.000052,0.0,0.0,0.008495,-0.000052,0.0,-0.000039,-0.0,-0.000039,0.0,-0.000052,0.0,0.0,0.0,0.0,
0.0,-0.031242,0.829363,0.110416,0.0,0.0,0.0,0.152726,0.255519,-0.537427,0.0,0.0,-0.542499,-0.014378,-0.029364,0.782999,-0.350594,0.0,-0.542499,0.014378,0.029364,0.782999,-0.350594,0.0,0.045596,0.188367,0.0,-0.335161,-0.0,0.0,0.0,0.045596,-0.188367,0.0,-0.335161,0.0,-0.0,0.0,0.0,0.008495,-0.000052,-0.0,-0.000039,0.0,-0.000039,0.0,-0.000052,0.0,0.0,0.008495,-0.000052,-0.0,-0.000039,0.0,-0.000039,0.0,-0.000052,0.0,0.0,0.0,0.0,
0.0,-0.031089,0.829619,0.109879,0.0,0.0,0.0,0.152709,0.255519,-0.537294,0.0,0.0,-0.540966,-0.014356,-0.029388,0.781363,-0.349954,0.0,-0.540966,0.014356,0.029388,0.781363,-0.349954,0.0,0.045823,0.188292,0.0,-0.335237,0.0,0.0,0.0,0.045823,-0.188292,0.0,-0.335237,0.0,0.0,0.0,0.0,0.008495,-0.000052,-0.0,-0.000039,0.0,-0.000039,0.0,-0.000052,0.0,0.0,0.008495,-0.000052,-0.0,-0.000039,0.0,-0.000039,0.0,-0.000052,0.0,0.0,0.0,0.0,
0.0,-0.030936,0.829874,0.109342,0.0,0.0,0.0,0.152729,0.255519,-0.537427,0.0,0.0,-0.539432,-0.014334,-0.029412,0.779726,-0.349314,0.0,-0.539432,0.014334,0.029412,0.779726,-0.349314,0.0,0.04605,0.188216,-0.0,-0.335313,0.0,0.0,0.0,0.04605,-0.188216,0.0,-0.335313,0.0,0.0,0.0,0.0,0.008495,-0.000052,0.0,-0.000039,0.0,-0.000039,0.0,-0.000052,0.0,0.0,0.008495,-0.000052,0.0,-0.000039,0.0,-0.000039,0.0,-0.000052,0.0,0.0,0.0,0.0,
0.0,-0.030784,0.83013,0.108804,0.0,0.0,0.0,0.152729,0.255519,-0.537427,0.0,0.0,-0.537899,-0.014312,-0.029435,0.778089,-0.348674,0.0,-0.537899,0.014312,0.029435,0.778089,-0.348674,0.0,0.046278,0.188141,0.0,-0.33539,0.0,0.0,0.0,0.046278,-0.188141,0.0,-0.33539,0.0,0.0,0.0,0.0,0.008495,-0.000052,-0.0,-0.000039,0.0,-0.000039,0.0,-0.000052,0.0,0.0,0.008495,-0.000052,-0.0,-0.000039,0.0,-0.000039,0.0,-0.000052,0.0,0.0,0.0,0.0,
0.0,-0.030631,0.830385,0.108267,0.0,0.0,0.0,0.152707,0.255519,-0.537294,0.0,0.0,-0.536366,-0.01429,-0.029459,0.776453,-0.348034,0.0,-0.536366,0.01429,0.029459,0.776453,-0.348034,0.0,0.046505,0.188066,0.0,-0.335466,0.0,-0.0,0.0,0.046505,-0.188066,0.0,-0.335466,0.0,0.0,0.0,0.0,0.008495,-0.000052,-0.0,-0.000039,0.0,-0.000039,0.0,-0.000052,0.0,0.0,0.008495,-0.000052,-0.0,-0.000039,0.0,-0.000039,0.0,-0.000052,0.0,0.0,0.0,0.0,
0.0,-0.030478,0.830641,0.107729,0.0,0.0,0.0,0.152729,0.255519,-0.537427,0.0,0.0,-0.534832,-0.014268,-0.029483,0.774816,-0.347394,0.0,-0.534832,0.014268,0.029483,0.774816,-0.347394,0.0,0.046732,0.18799,0.0,-0.335542,0.0,0.0,0.0,0.046732,-0.18799,0.0,-0.335542,0.0,-0.0,0.0,0.0,0.008495,-0.000052,-0.0,-0.000039,-0.0,-0.000039,0.0,-0.000052,0.0,0.0,0.008495,-0.000052,-0.0,-0.000039,-0.0,-0.000039,0.0,-0.000052,0.0,0.0,0.0,0.0,
0.0,-0.030325,0.830896,0.107192,0.0,0.0,0.0,0.152729,0.255595,-0.537427,0.0,0.0,-0.533299,-0.014246,-0.029507,0.773179,-0.346754,0.0,-0.533299,0.014246,0.029507,0.773179,-0.346754,0.0,0.046959,0.187915,0.0,-0.335618,0.0,0.0,0.0,0.046959,-0.187915,0.0,-0.335618,0.0,-0.0,0.0,0.0,0.008495,-0.000052,0.0,-0.000039,0.0,-0.000039,0.0,-0.000052,0.0,0.0,0.008495,-0.000052,0.0,-0.000039,0.0,-0.000039,0.0,-0.000052,0.0,0.0,0.0,0.0,
0.0,-0.030173,0.831152,0.106655,0.0,0.0,0.0,0.152707,0.255443,-0.537427,0.0,0.0,-0.531766,-0.014224,-0.029531,0.771543,-0.346114,0.0,-0.531766,0.014224,0.029531,0.771543,-0.346114,0.0,0.047186,0.187839,0.0,-0.335694,0.0,-0.0,0.0,0.047186,-0.187839,0.0,-0.335694,0.0,0.0,0.0,0.0,0.008495,-0.000052,0.0,-0.000039,0.0,-0.000039,0.0,-0.000052,0.0,0.0,0.008495,-0.000052,0.0,-0.000039,0.0,-0.000039,0.0,-0.000052,0.0,0.0,0.0,0.0,
0.0,-0.03002,0.831407,0.106117,0.0,0.0,0.0,0.152729,0.255595,-0.537294,0.0,0.0,-0.530232,-0.014202,-0.029554,0.769906,-0.345475,0.0,-0.530232,0.014202,0.029554,0.769906,-0.345475,0.0,0.047413,0.187764,0.0,-0.33577,0.0,0.0,0.0,0.047413,-0.187764,0.0,-0.33577,0.0,0.0,0.0,0.0,0.008495,-0.000052,0.0,-0.000039,0.0,-0.000039,0.0,-0.000052,0.0,0.0,0.008495,-0.000052,0.0,-0.000039,0.0,-0.000039,0.0,-0.000052,0.0,0.0,0.0,0.0,
0.0,-0.029867,0.831663,0.10558,0.0,0.0,0.0,0.152729,0.255519,-0.537427,0.0,0.0,-0.528699,-0.01418,-0.029578,0.768269,-0.344835,0.0,-0.528699,0.01418,0.029578,0.768269,-0.344835,0.0,0.04764,0.187689,0.0,-0.335846,0.0,0.0,0.0,0.04764,-0.187689,0.0,-0.335846,0.0,0.0,0.0,0.0,0.008495,-0.000052,-0.0,-0.000039,0.0,-0.000039,0.0,-0.000052,-0.0,0.0,0.008495,-0.000052,-0.0,-0.000039,0.0,-0.000039,0.0,-0.000052,-0.0,0.0,0.0,0.0,
0.0,-0.029714,0.831918,0.105042,0.0,0.0,0.0,0.152709,0.255519,-0.537427,0.0,0.0,-0.527166,-0.014158,-0.029602,0.766633,-0.344195,0.0,-0.527166,0.014158,0.029602,0.766633,-0.344195,0.0,0.047867,0.187613,0.0,-0.335923,0.0,0.0,0.0,0.047867,-0.187613,0.0,-0.335923,0.0,0.0,0.0,0.0,0.008495,-0.000052,-0.0,-0.000039,0.0,-0.000039,-0.0,-0.000052,0.0,0.0,0.008495,-0.000052,-0.0,-0.000039,0.0,-0.000039,-0.0,-0.000052,0.0,0.0,0.0,0.0,
0.0,-0.029562,0.832174,0.104505,0.0,0.0,0.0,0.152726,0.255519,-0.537427,0.0,0.0,-0.525633,-0.014136,-0.029626,0.764996,-0.343555,0.0,-0.525633,0.014136,0.029626,0.764996,-0.343555,0.0,0.048095,0.187538,0.0,-0.335999,0.0,0.0,0.0,0.048095,-0.187538,0.0,-0.335999,0.0,0.0,0.0,0.0,0.008495,-0.000052,0.0,-0.000039,0.0,-0.000039,0.0,-0.000052,0.0,0.0,0.008495,-0.000052,0.0,-0.000039,0.0,-0.000039,0.0,-0.000052,0.0,0.0,0.0,0.0,
0.0,-0.029409,0.832429,0.103968,0.0,0.0,0.0,0.152729,0.255519,-0.537294,0.0,0.0,-0.5241,-0.014114,-0.02965,0.763359,-0.342915,0.0,-0.5241,0.014114,0.02965,0.763359,-0.342915,0.0,0.048322,0.187462,0.0,-0.336075,0.0,0.0,0.0,0.048322,-0.187462,0.0,-0.336075,0.0,0.0,0.0,0.0,0.008495,-0.000052,-0.0,-0.000039,0.0,-0.000039,0.0,-0.000052,0.0,0.0,0.008495,-0.000052,-0.0,-0.000039,0.0,-0.000039,0.0,-0.000052,0.0,0.0,0.0,0.0,
0.0,-0.029259,0.832678,0.103439,0.0,0.0,0.0,0.150183,0.2485,-0.528905,0.0,0.0,-0.522581,-0.014093,-0.029674,0.761727,-0.342274,0.0,-0.522581,0.014093,0.029674,0.761727,-0.342274,0.0,0.048542,0.187389,0.0,-0.336148,0.0,0.0,0.0,0.048542,-0.187389,0.0,-0.336148,0.0,0.0,0.0,0.0,0.008495,-0.000052,0.0,-0.000039,0.0,-0.000039,0.0,-0.000052,-0.0,0.0,0.008495,-0.000052,0.0,-0.000039,0.0,-0.000039,0.0,-0.000052,-0.0,0.0,0.0,0.0,
0.0,-0.029113,0.832914,0.102925,0.0,0.0,0.0,0.145615,0.235911,-0.513325,0.0,0.0,-0.521088,-0.014072,-0.0297,0.760103,-0.341629,0.0,-0.521088,0.014072,0.0297,0.760103,-0.341629,0.0,0.048751,0.187319,0.0,-0.336217,0.0,0.0,0.0,0.048751,-0.187319,-0.0,-0.336217,0.0,0.0,0.0,0.0,0.008495,-0.000052,-0.0,-0.000039,-0.0,-0.000039,-0.0,-0.000052,0.0,0.0,0.008495,-0.000052,-0.0,-0.000039,-0.0,-0.000039,-0.0,-0.000052,0.0,0.0,0.0,0.0,
0.0,-0.028968,0.83315,0.102412,0.0,0.0,0.0,0.145613,0.235835,-0.513325,0.0,0.0,-0.519595,-0.014052,-0.029725,0.758478,-0.340985,0.0,-0.519595,0.014052,0.029725,0.758478,-0.340985,0.0,0.04896,0.187249,-0.0,-0.336286,0.0,0.0,0.0,0.04896,-0.187249,0.0,-0.336286,0.0,0.0,0.0,0.0,0.008495,-0.000052,-0.0,-0.000039,-0.0,-0.000039,-0.0,-0.000052,0.0,0.0,0.008495,-0.000052,-0.0,-0.000039,-0.0,-0.000039,-0.0,-0.000052,0.0,0.0,0.0,0.0,
0.0,-0.028822,0.833386,0.101899,0.0,0.0,0.0,0.145615,0.235911,-0.513325,0.0,0.0,-0.518103,-0.014032,-0.029751,0.756853,-0.340341,0.0,-0.518103,0.014032,0.029751,0.756853,-0.340341,0.0,0.049169,0.187179,0.0,-0.336355,0.0,-0.0,0.0,0.049169,-0.187179,0.0,-0.336355,0.0,0.0,0.0,0.0,0.008495,-0.000052,-0.0,-0.000039,0.0,-0.000039,0.0,-0.000052,0.0,0.0,0.008495,-0.000052,-0.0,-0.000039,0.0,-0.000039,0.0,-0.000052,0.0,0.0,0.0,0.0,
0.0,-0.028676,0.833622,0.101386,0.0,0.0,0.0,0.145596,0.235835,-0.513192,0.0,0.0,-0.51661,-0.014012,-0.029777,0.755228,-0.339697,0.0,-0.51661,0.014012,0.029777,0.755228,-0.339697,0.0,0.049378,0.187109,0.0,-0.336423,0.0,-0.0,0.0,0.049378,-0.187109,0.0,-0.336423,0.0,0.0,0.0,0.0,0.008495,-0.000052,-0.0,-0.000039,0.0,-0.000039,0.0,-0.000052,0.0,0.0,0.008495,-0.000052,-0.0,-0.000039,0.0,-0.000039,0.0,-0.000052,0.0,0.0,0.0,0.0,
0.0,-0.028531,0.833857,0.100872,0.0,0.0,0.0,0.145613,0.235835,-0.513458,0.0,0.0,-0.515117,-0.013992,-0.029802,0.753604,-0.339052,0.0,-0.515117,0.013992,0.029802,0.753604,-0.339052,0.0,0.049586,0.187039,0.0,-0.336492,0.0,0.0,0.0,0.049586,-0.187039,0.0,-0.336492,0.0,-0.0,0.0,0.0,0.008495,-0.000052,0.0,-0.000039,0.0,-0.000039,-0.0,-0.000052,0.0,0.0,0.008495,-0.000052,0.0,-0.000039,0.0,-0.000039,-0.0,-0.000052,0.0,0.0,0.0,0.0,
0.0,-0.028385,0.834093,0.100359,0.0,0.0,0.0,0.145615,0.235835,-0.513325,0.0,0.0,-0.513625,-0.013972,-0.029828,0.751979,-0.338408,0.0,-0.513625,0.013972,0.029828,0.751979,-0.338408,0.0,0.049795,0.18697,0.0,-0.336561,0.0,0.0,0.0,0.049795,-0.18697,0.0,-0.336561,0.0,-0.0,0.0,0.0,0.008495,-0.000052,0.0,-0.000039,0.0,-0.000039,0.0,-0.000052,0.0,0.0,0.008495,-0.000052,0.0,-0.000039,0.0,-0.000039,0.0,-0.000052,0.0,0.0,0.0,0.0,
0.0,-0.02824,0.834329,0.099846,0.0,0.0,0.0,0.145596,0.235835,-0.513192,0.0,0.0,-0.512132,-0.013952,-0.029854,0.750354,-0.337764,0.0,-0.512132,0.013952,0.029854,0.750354,-0.337764,0.0,0.050004,0.1869,0.0,-0.336629,0.0,0.0,0.0,0.050004,-0.1869,0.0,-0.336629,0.0,0.0,0.0,0.0,0.008495,-0.000052,0.0,-0.000039,0.0,-0.000039,0.0,-0.000052,0.0,0.0,0.008495,-0.000052,0.0,-0.000039,0.0,-0.000039,0.0,-0.000052,0.0,0.0,0.0,0.0,
0.0,-0.028094,0.834565,0.099332,0.0,0.0,0.0,0.145613,0.235911,-0.513325,0.0,0.0,-0.510639,-0.013931,-0.029879,0.748729,-0.337119,0.0,-0.510639,0.013931,0.029879,0.748729,-0.337119,0.0,0.050213,0.18683,0.0,-0.336698,0.0,-0.0,0.0,0.050213,-0.18683,0.0,-0.336698,0.0,0.0,0.0,0.0,0.008495,-0.000052,0.0,-0.000039,0.0,-0.000039,-0.0,-0.000052,0.0,0.0,0.008495,-0.000052,0.0,-0.000039,0.0,-0.000039,-0.0,-0.000052,0.0,0.0,0.0,0.0,
0.0,-0.027948,0.834801,0.098819,0.0,0.0,0.0,0.145615,0.235835,-0.513325,0.0,0.0,-0.509146,-0.013911,-0.029905,0.747104,-0.336475,0.0,-0.509146,0.013911,0.029905,0.747104,-0.336475,0.0,0.050422,0.18676,0.0,-0.336767,0.0,0.0,0.0,0.050422,-0.18676,0.0,-0.336767,0.0,0.0,0.0,0.0,0.008495,-0.000052,-0.0,-0.000039,-0.0,-0.000039,-0.0,-0.000052,0.0,0.0,0.008495,-0.000052,-0.0,-0.000039,-0.0,-0.000039,-0.0,-0.000052,0.0,0.0,0.0,0.0,
0.0,-0.027803,0.835037,0.098306,0.0,0.0,0.0,0.145596,0.235835,-0.513325,0.0,0.0,-0.507653,-0.013891,-0.029931,0.74548,-0.335831,0.0,-0.507653,0.013891,0.029931,0.74548,-0.335831,0.0,0.050631,0.18669,0.0,-0.336836,0.0,0.0,0.0,0.050631,-0.18669,-0.0,-0.336836,0.0,0.0,0.0,0.0,0.008495,-0.000052,-0.0,-0.000039,-0.0,-0.000039,-0.0,-0.000052,0.0,0.0,0.008495,-0.000052,-0.0,-0.000039,-0.0,-0.000039,-0.0,-0.000052,0.0,0.0,0.0,0.0,
0.0,-0.027657,0.835272,0.097792,0.0,0.0,0.0,0.145613,0.235911,-0.513325,0.0,0.0,-0.506161,-0.013871,-0.029956,0.743855,-0.335187,0.0,-0.506161,0.013871,0.029956,0.743855,-0.335187,0.0,0.050839,0.18662,0.0,-0.336904,0.0,-0.0,0.0,0.050839,-0.18662,0.0,-0.336904,0.0,0.0,0.0,0.0,0.008495,-0.000052,-0.0,-0.000039,0.0,-0.000039,0.0,-0.000052,0.0,0.0,0.008495,-0.000052,-0.0,-0.000039,0.0,-0.000039,0.0,-0.000052,0.0,0.0,0.0,0.0,
0.0,-0.027512,0.835508,0.097279,0.0,0.0,0.0,0.145615,0.235835,-0.513325,0.0,0.0,-0.504668,-0.013851,-0.029982,0.74223,-0.334542,0.0,-0.504668,0.013851,0.029982,0.74223,-0.334542,0.0,0.051048,0.18655,0.0,-0.336973,0.0,0.0,0.0,0.051048,-0.18655,0.0,-0.336973,0.0,-0.0,0.0,0.0,0.008495,-0.000052,0.0,-0.000039,-0.0,-0.000039,0.0,-0.000052,0.0,0.0,0.008495,-0.000052,0.0,-0.000039,-0.0,-0.000039,0.0,-0.000052,0.0,0.0,0.0,0.0,
0.0,-0.027366,0.835744,0.096766,0.0,0.0,0.0,0.145596,0.235835,-0.513325,0.0,0.0,-0.503175,-0.013831,-0.030007,0.740605,-0.333898,0.0,-0.503175,0.013831,0.030007,0.740605,-0.333898,0.0,0.051257,0.18648,-0.0,-0.337042,0.0,-0.0,0.0,0.051257,-0.18648,0.0,-0.337042,0.0,0.0,0.0,0.0,0.008495,-0.000052,0.0,-0.000039,0.0,-0.000039,0.0,-0.000052,0.0,0.0,0.008495,-0.000052,0.0,-0.000039,0.0,-0.000039,0.0,-0.000052,0.0,0.0,0.0,0.0,
0.0,-0.02722,0.83598,0.096252,0.0,0.0,0.0,0.145613,0.235911,-0.513325,0.0,0.0,-0.501682,-0.013811,-0.030033,0.73898,-0.333254,0.0,-0.501682,0.013811,0.030033,0.73898,-0.333254,0.0,0.051466,0.18641,0.0,-0.337111,0.0,0.0,0.0,0.051466,-0.18641,0.0,-0.337111,0.0,-0.0,0.0,0.0,0.008495,-0.000052,0.0,-0.000039,0.0,-0.000039,0.0,-0.000052,0.0,0.0,0.008495,-0.000052,0.0,-0.000039,0.0,-0.000039,0.0,-0.000052,0.0,0.0,0.0,0.0,
0.0,-0.027075,0.836216,0.095739,0.0,0.0,0.0,0.145615,0.235835,-0.513325,0.0,0.0,-0.500189,-0.01379,-0.030059,0.737355,-0.33261,0.0,-0.500189,0.01379,0.030059,0.737355,-0.33261,0.0,0.051675,0.186341,0.0,-0.337179,0.0,0.0,0.0,0.051675,-0.186341,0.0,-0.337179,0.0,0.0,0.0,0.0,0.008495,-0.000052,-0.0,-0.000039,-0.0,-0.000039,-0.0,-0.000052,0.0,0.0,0.008495,-0.000052,-0.0,-0.000039,-0.0,-0.000039,-0.0,-0.000052,0.0,0.0,0.0,0.0,
0.0,-0.026929,0.836452,0.095226,0.0,0.0,0.0,0.145613,0.235835,-0.513325,0.0,0.0,-0.498696,-0.01377,-0.030084,0.73573,-0.331965,0.0,-0.498696,0.01377,0.030084,0.73573,-0.331965,0.0,0.051884,0.186271,0.0,-0.337248,0.0,0.0,0.0,0.051884,-0.186271,0.0,-0.337248,0.0,-0.0,0.0,0.0,0.008495,-0.000052,-0.0,-0.000039,0.0,-0.000039,0.0,-0.000052,0.0,0.0,0.008495,-0.000052,-0.0,-0.000039,0.0,-0.000039,0.0,-0.000052,0.0,0.0,0.0,0.0,
0.0,-0.026783,0.836688,0.094712,0.0,0.0,0.0,0.145596,0.235835,-0.513325,0.0,0.0,-0.497204,-0.01375,-0.03011,0.734105,-0.331321,0.0,-0.497204,0.01375,0.03011,0.734105,-0.331321,0.0,0.052092,0.186201,0.0,-0.337317,0.0,-0.0,0.0,0.052092,-0.186201,0.0,-0.337317,0.0,0.0,0.0,0.0,0.008495,-0.000052,-0.0,-0.000039,-0.0,-0.000039,0.0,-0.000052,0.0,0.0,0.008495,-0.000052,-0.0,-0.000039,-0.0,-0.000039,0.0,-0.000052,0.0,0.0,0.0,0.0,
0.0,-0.026638,0.836923,0.094199,0.0,0.0,0.0,0.145615,0.235911,-0.513325,0.0,0.0,-0.495711,-0.01373,-0.030136,0.73248,-0.330677,0.0,-0.495711,0.01373,0.030136,0.73248,-0.330677,0.0,0.052301,0.186131,0.0,-0.337386,0.0,0.0,0.0,0.052301,-0.186131,0.0,-0.337386,0.0,0.0,0.0,0.0,0.008495,-0.000052,-0.0,-0.000039,0.0,-0.000039,0.0,-0.000052,0.0,0.0,0.008495,-0.000052,-0.0,-0.000039,0.0,-0.000039,0.0,-0.000052,0.0,0.0,0.0,0.0,
0.0,-0.026492,0.837159,0.093686,0.0,0.0,0.0,0.145613,0.235835,-0.513325,0.0,0.0,-0.494218,-0.01371,-0.030161,0.730855,-0.330032,0.0,-0.494218,0.01371,0.030161,0.730855,-0.330032,0.0,0.05251,0.186061,0.0,-0.337454,0.0,0.0,0.0,0.05251,-0.186061,0.0,-0.337454,0.0,0.0,0.0,0.0,0.008495,-0.000052,-0.0,-0.000039,-0.0,-0.000039,-0.0,-0.000052,0.0,0.0,0.008495,-0.000052,-0.0,-0.000039,-0.0,-0.000039,-0.0,-0.000052,0.0,0.0,0.0,0.0,
0.0,-0.026347,0.837395,0.093172,0.0,0.0,0.0,0.145596,0.235835,-0.513325,0.0,0.0,-0.492725,-0.01369,-0.030187,0.72923,-0.329388,0.0,-0.492725,0.01369,0.030187,0.72923,-0.329388,0.0,0.052719,0.185991,0.0,-0.337523,0.0,0.0,0.0,0.052719,-0.185991,0.0,-0.337523,0.0,0.0,0.0,0.0,0.008495,-0.000052,0.0,-0.000039,0.0,-0.000039,-0.0,-0.000052,0.0,0.0,0.008495,-0.000052,0.0,-0.000039,0.0,-0.000039,-0.0,-0.000052,0.0,0.0,0.0,0.0,
0.0,-0.026201,0.837631,0.092659,0.0,0.0,0.0,0.145615,0.235911,-0.513325,0.0,0.0,-0.491232,-0.013669,-0.030213,0.727605,-0.328744,0.0,-0.491232,0.013669,0.030213,0.727605,-0.328744,0.0,0.052928,0.185921,0.0,-0.337592,-0.0,-0.0,0.0,0.052928,-0.185921,0.0,-0.337592,0.0,0.0,0.0,0.0,0.008495,-0.000052,0.0,-0.000039,0.0,-0.000039,-0.0,-0.000052,-0.0,0.0,0.008495,-0.000052,0.0,-0.000039,0.0,-0.000039,-0.0,-0.000052,-0.0,0.0,0.0,0.0,
0.0,-0.026055,0.837867,0.092146,0.0,0.0,0.0,0.145613,0.235835,-0.513325,0.0,0.0,-0.489739,-0.013649,-0.030238,0.72598,-0.3281,0.0,-0.489739,0.013649,0.030238,0.72598,-0.3281,0.0,0.053136,0.185851,0.0,-0.33766,0.0,0.0,0.0,0.053136,-0.185851,0.0,-0.33766,0.0,0.0,0.0,0.0,0.008495,-0.000052,0.0,-0.000039,0.0,-0.000039,0.0,-0.000052,0.0,0.0,0.008495,-0.000052,0.0,-0.000039,0.0,-0.000039,0.0,-0.000052,0.0,0.0,0.0,0.0,
0.0,-0.02591,0.838103,0.091632,0.0,0.0,0.0,0.145596,0.235835,-0.513325,0.0,0.0,-0.488247,-0.013629,-0.030264,0.724356,-0.327455,0.0,-0.488247,0.013629,0.030264,0.724356,-0.327455,0.0,0.053345,0.185781,0.0,-0.337729,0.0,0.0,0.0,0.053345,-0.185781,0.0,-0.337729,0.0,0.0,0.0,0.0,0.008495,-0.000052,-0.0,-0.000039,0.0,-0.000039,0.0,-0.000052,0.0,0.0,0.008495,-0.000052,-0.0,-0.000039,0.0,-0.000039,0.0,-0.000052,0.0,0.0,0.0,0.0,
0.0,-0.025764,0.838339,0.091119,0.0,0.0,0.0,0.145613,0.235835,-0.513325,0.0,0.0,-0.486754,-0.013609,-0.03029,0.722731,-0.326811,0.0,-0.486754,0.013609,0.03029,0.722731,-0.326811,0.0,0.053554,0.185712,-0.0,-0.337798,0.0,0.0,0.0,0.053554,-0.185712,0.0,-0.337798,0.0,0.0,0.0,0.0,0.008495,-0.000052,0.0,-0.000039,-0.0,-0.000039,0.0,-0.000052,0.0,0.0,0.008495,-0.000052,0.0,-0.000039,-0.0,-0.000039,0.0,-0.000052,0.0,0.0,0.0,0.0,
0.0,-0.025619,0.838575,0.090606,0.0,0.0,0.0,0.145615,0.235911,-0.513325,0.0,0.0,-0.485261,-0.013589,-0.030315,0.721106,-0.326167,0.0,-0.485261,0.013589,0.030315,0.721106,-0.326167,0.0,0.053763,0.185642,0.0,-0.337867,0.0,0.0,0.0,0.053763,-0.185642,0.0,-0.337867,0.0,-0.0,0.0,0.0,0.008495,-0.000052,0.0,-0.000039,0.0,-0.000039,0.0,-0.000052,0.0,0.0,0.008495,-0.000052,0.0,-0.000039,0.0,-0.000039,0.0,-0.000052,0.0,0.0,0.0,0.0,
0.0,-0.025473,0.83881,0.090092,0.0,0.0,0.0,0.145596,0.235835,-0.513325,0.0,0.0,-0.483768,-0.013569,-0.030341,0.719481,-0.325523,0.0,-0.483768,0.013569,0.030341,0.719481,-0.325523,0.0,0.053972,0.185572,0.0,-0.337935,0.0,-0.0,0.0,0.053972,-0.185572,0.0,-0.337935,-0.0,0.0,0.0,-0.0,0.008495,-0.000052,-0.0,-0.000039,0.0,-0.000039,0.0,-0.000052,0.0,-0.0,0.008495,-0.000052,-0.0,-0.000039,0.0,-0.000039,0.0,-0.000052,0.0,0.0,0.0,0.0,
0.0,-0.025327,0.839046,0.089579,0.0,0.0,0.0,0.145613,0.235835,-0.513325,0.0,0.0,-0.482276,-0.013549,-0.030366,0.717856,-0.324878,0.0,-0.482276,0.013549,0.030366,0.717856,-0.324878,0.0,0.054181,0.185502,0.0,-0.338004,-0.0,-0.0,0.0,0.054181,-0.185502,0.0,-0.338004,0.0,0.0,0.0,0.0,0.008495,-0.000052,-0.0,-0.000039,0.0,-0.000039,0.0,-0.000052,0.0,0.0,0.008495,-0.000052,-0.0,-0.000039,0.0,-0.000039,0.0,-0.000052,0.0,0.0,0.0,0.0,
0.0,-0.025182,0.839282,0.089066,0.0,0.0,0.0,0.145615,0.235911,-0.513325,0.0,0.0,-0.480783,-0.013528,-0.030392,0.716231,-0.324234,0.0,-0.480783,0.013528,0.030392,0.716231,-0.324234,0.0,0.054389,0.185432,0.0,-0.338073,0.0,0.0,0.0,0.054389,-0.185432,0.0,-0.338073,0.0,-0.0,0.0,0.0,0.008495,-0.000052,0.0,-0.000039,0.0,-0.000039,0.0,-0.000052,0.0,0.0,0.008495,-0.000052,0.0,-0.000039,0.0,-0.000039,0.0,-0.000052,0.0,0.0,0.0,0.0,
0.0,-0.025036,0.839518,0.088553,0.0,0.0,0.0,0.145596,0.235835,-0.513192,0.0,0.0,-0.47929,-0.013508,-0.030418,0.714607,-0.32359,0.0,-0.47929,0.013508,0.030418,0.714607,-0.32359,0.0,0.054598,0.185362,0.0,-0.338141,0.0,-0.0,0.0,0.054598,-0.185362,0.0,-0.338141,0.0,0.0,0.0,0.0,0.008495,-0.000052,0.0,-0.000039,-0.0,-0.000039,0.0,-0.000052,0.0,0.0,0.008495,-0.000052,0.0,-0.000039,-0.0,-0.000039,0.0,-0.000052,0.0,0.0,0.0,0.0,
0.0,-0.024891,0.839754,0.088039,0.0,0.0,0.0,0.145613,0.235835,-0.513325,0.0,0.0,-0.477797,-0.013488,-0.030443,0.712982,-0.322945,0.0,-0.477797,0.013488,0.030443,0.712982,-0.322945,0.0,0.054807,0.185292,0.0,-0.33821,0.0,-0.0,0.0,0.054807,-0.185292,0.0,-0.33821,0.0,0.0,0.0,0.0,0.008495,-0.000052,-0.0,-0.000039,-0.0,-0.000039,0.0,-0.000052,0.0,0.0,0.008495,-0.000052,-0.0,-0.000039,-0.0,-0.000039,0.0,-0.000052,0.0,0.0,0.0,0.0,
0.0,-0.024745,0.83999,0.087526,0.0,0.0,0.0,0.145615,0.235911,-0.513325,0.0,0.0,-0.476305,-0.013468,-0.030469,0.711357,-0.322301,0.0,-0.476305,0.013468,0.030469,0.711357,-0.322301,0.0,0.055016,0.185222,0.0,-0.338279,0.0,-0.0,0.0,0.055016,-0.185222,0.0,-0.338279,-0.0,0.0,0.0,-0.0,0.008495,-0.000052,0.0,-0.000039,0.0,-0.000039,-0.0,-0.000052,0.0,-0.0,0.008495,-0.000052,0.0,-0.000039,0.0,-0.000039,-0.0,-0.000052,0.0,0.0,0.0,0.0,
0.0,-0.024599,0.840226,0.087013,0.0,0.0,0.0,0.145596,0.235835,-0.513325,0.0,0.0,-0.474812,-0.013448,-0.030495,0.709732,-0.321657,0.0,-0.474812,0.013448,0.030495,0.709732,-0.321657,0.0,0.055225,0.185152,0.0,-0.338348,0.0,0.0,0.0,0.055225,-0.185152,0.0,-0.338348,0.0,-0.0,0.0,0.0,0.008495,-0.000052,0.0,-0.000039,0.0,-0.000039,-0.0,-0.000052,0.0,0.0,0.008495,-0.000052,0.0,-0.000039,0.0,-0.000039,-0.0,-0.000052,0.0,0.0,0.0,0.0,
0.0,-0.024454,0.840461,0.0865,0.0,0.0,0.0,0.145413,0.235377,-0.512659,0.0,0.0,-0.473321,-0.013428,-0.03052,0.708108,-0.321012,0.0,-0.473321,0.013428,0.03052,0.708108,-0.321012,0.0,0.055433,0.185083,0.0,-0.338416,0.0,-0.0,0.0,0.055433,-0.185083,0.0,-0.338416,-0.0,0.0,0.0,-0.0,0.008495,-0.000052,-0.0,-0.000039,0.0,-0.000039,-0.0,-0.000052,0.0,-0.0,0.008495,-0.000052,-0.0,-0.000039,0.0,-0.000039,-0.0,-0.000052,0.0,0.0,0.0,0.0,
0.0,-0.024317,0.840676,0.086016,0.0,0.0,0.0,0.136934,0.215158,-0.483764,0.0,0.0,-0.471878,-0.013406,-0.030544,0.706501,-0.320364,0.0,-0.471878,0.013406,0.030544,0.706501,-0.320364,0.0,0.055624,0.18502,0.0,-0.338481,0.0,-0.0,0.0,0.055624,-0.18502,0.0,-0.338481,-0.0,0.0,0.0,-0.0,0.008495,-0.000052,0.0,-0.000039,0.0,-0.000039,-0.0,-0.000052,0.0,-0.0,0.008495,-0.000052,0.0,-0.000039,0.0,-0.000039,-0.0,-0.000052,0.0,0.0,0.0,0.0,
0.0,-0.02418,0.840891,0.085532,0.0,0.0,0.0,0.136934,0.215235,-0.483897,0.0,0.0,-0.470436,-0.013384,-0.030568,0.704895,-0.319715,0.0,-0.470436,0.013384,0.030568,0.704895,-0.319715,0.0,0.055814,0.184958,0.0,-0.338546,0.0,-0.0,0.0,0.055814,-0.184958,0.0,-0.338546,-0.0,0.0,0.0,-0.0,0.008495,-0.000052,0.0,-0.000039,0.0,-0.000039,-0.0,-0.000052,0.0,-0.0,0.008495,-0.000052,0.0,-0.000039,0.0,-0.000039,-0.0,-0.000052,0.0,0.0,0.0,0.0,
0.0,-0.024043,0.841106,0.085049,0.0,0.0,0.0,0.136919,0.215158,-0.483764,0.0,0.0,-0.468993,-0.013362,-0.030592,0.703288,-0.319066,0.0,-0.468993,0.013362,0.030592,0.703288,-0.319066,0.0,0.056005,0.184895,0.0,-0.338611,0.0,-0.0,0.0,0.056005,-0.184895,0.0,-0.338611,0.0,0.0,0.0,0.0,0.008495,-0.000052,0.0,-0.000039,-0.0,-0.000039,0.0,-0.000052,0.0,0.0,0.008495,-0.000052,0.0,-0.000039,-0.0,-0.000039,0.0,-0.000052,0.0,0.0,0.0,0.0,
0.0,-0.023906,0.841322,0.084565,0.0,0.0,0.0,0.136934,0.215235,-0.483764,0.0,0.0,-0.46755,-0.01334,-0.030615,0.701681,-0.318418,0.0,-0.46755,0.01334,0.030615,0.701681,-0.318418,0.0,0.056195,0.184833,0.0,-0.338676,0.0,0.0,0.0,0.056195,-0.184833,0.0,-0.338676,0.0,0.0,0.0,0.0,0.008495,-0.000052,0.0,-0.000039,0.0,-0.000039,-0.0,-0.000052,0.0,0.0,0.008495,-0.000052,0.0,-0.000039,0.0,-0.000039,-0.0,-0.000052,0.0,0.0,0.0,0.0,
0.0,-0.023769,0.841537,0.084081,0.0,0.0,0.0,0.136934,0.215235,-0.483897,0.0,0.0,-0.466108,-0.013318,-0.030639,0.700075,-0.317769,0.0,-0.466108,0.013318,0.030639,0.700075,-0.317769,0.0,0.056386,0.18477,0.0,-0.338741,0.0,0.0,0.0,0.056386,-0.18477,0.0,-0.338741,0.0,0.0,0.0,0.0,0.008495,-0.000052,0.0,-0.000039,0.0,-0.000039,0.0,-0.000052,0.0,0.0,0.008495,-0.000052,0.0,-0.000039,0.0,-0.000039,0.0,-0.000052,0.0,0.0,0.0,0.0,
0.0,-0.023632,0.841752,0.083597,0.0,0.0,0.0,0.136919,0.215158,-0.483764,0.0,0.0,-0.464665,-0.013296,-0.030663,0.698468,-0.31712,0.0,-0.464665,0.013296,0.030663,0.698468,-0.31712,0.0,0.056576,0.184708,-0.0,-0.338806,0.0,-0.0,0.0,0.056576,-0.184708,0.0,-0.338806,-0.0,0.0,0.0,-0.0,0.008495,-0.000052,-0.0,-0.000039,-0.0,-0.000039,0.0,-0.000052,0.0,-0.0,0.008495,-0.000052,-0.0,-0.000039,-0.0,-0.000039,0.0,-0.000052,0.0,0.0,0.0,0.0,
0.0,-0.023495,0.841967,0.083113,0.0,0.0,0.0,0.136934,0.215235,-0.483764,0.0,0.0,-0.463223,-0.013274,-0.030687,0.696861,-0.316472,0.0,-0.463223,0.013274,0.030687,0.696861,-0.316472,0.0,0.056767,0.184645,0.0,-0.338872,-0.0,-0.0,0.0,0.056767,-0.184645,0.0,-0.338872,0.0,0.0,0.0,0.0,0.008495,-0.000052,-0.0,-0.000039,0.0,-0.000039,0.0,-0.000052,0.0,0.0,0.008495,-0.000052,-0.0,-0.000039,0.0,-0.000039,0.0,-0.000052,0.0,0.0,0.0,0.0,
0.0,-0.023359,0.842183,0.082629,0.0,0.0,0.0,0.136934,0.215235,-0.483897,0.0,0.0,-0.46178,-0.013252,-0.030711,0.695254,-0.315823,0.0,-0.46178,0.013252,0.030711,0.695254,-0.315823,0.0,0.056957,0.184582,0.0,-0.338937,0.0,0.0,0.0,0.056957,-0.184582,0.0,-0.338937,0.0,-0.0,0.0,0.0,0.008495,-0.000052,0.0,-0.000039,-0.0,-0.000039,0.0,-0.000052,0.0,0.0,0.008495,-0.000052,0.0,-0.000039,-0.0,-0.000039,0.0,-0.000052,0.0,0.0,0.0,0.0,
0.0,-0.023222,0.842398,0.082146,0.0,0.0,0.0,0.136919,0.215158,-0.483764,0.0,0.0,-0.460337,-0.01323,-0.030735,0.693648,-0.315174,0.0,-0.460337,0.01323,0.030735,0.693648,-0.315174,0.0,0.057148,0.18452,-0.0,-0.339002,0.0,0.0,0.0,0.057148,-0.18452,0.0,-0.339002,0.0,-0.0,0.0,0.0,0.008495,-0.000052,0.0,-0.000039,0.0,-0.000039,0.0,-0.000052,0.0,0.0,0.008495,-0.000052,0.0,-0.000039,0.0,-0.000039,0.0,-0.000052,0.0,0.0,0.0,0.0,
0.0,-0.023085,0.842613,0.081662,0.0,0.0,0.0,0.136934,0.215235,-0.483764,0.0,0.0,-0.458895,-0.013208,-0.030758,0.692041,-0.314525,0.0,-0.458895,0.013208,0.030758,0.692041,-0.314525,0.0,0.057338,0.184457,-0.0,-0.339067,0.0,0.0,0.0,0.057338,-0.184457,0.0,-0.339067,0.0,-0.0,0.0,0.0,0.008495,-0.000052,-0.0,-0.000039,-0.0,-0.000039,-0.0,-0.000052,0.0,0.0,0.008495,-0.000052,-0.0,-0.000039,-0.0,-0.000039,-0.0,-0.000052,0.0,0.0,0.0,0.0,
0.0,-0.022948,0.842828,0.081178,0.0,0.0,0.0,0.136936,0.215235,-0.483897,0.0,0.0,-0.457452,-0.013186,-0.030782,0.690434,-0.313877,0.0,-0.457452,0.013186,0.030782,0.690434,-0.313877,0.0,0.057529,0.184395,0.0,-0.339132,0.0,0.0,0.0,0.057529,-0.184395,0.0,-0.339132,0.0,-0.0,0.0,0.0,0.008495,-0.000052,0.0,-0.000039,-0.0,-0.000039,0.0,-0.000052,0.0,0.0,0.008495,-0.000052,0.0,-0.000039,-0.0,-0.000039,0.0,-0.000052,0.0,0.0,0.0,0.0,
0.0,-0.022811,0.843043,0.080694,0.0,0.0,0.0,0.136917,0.215158,-0.483764,0.0,0.0,-0.456009,-0.013164,-0.030806,0.688827,-0.313228,0.0,-0.456009,0.013164,0.030806,0.688827,-0.313228,0.0,0.057719,0.184332,0.0,-0.339197,-0.0,-0.0,0.0,0.057719,-0.184332,0.0,-0.339197,0.0,0.0,0.0,0.0,0.008495,-0.000052,0.0,-0.000039,-0.0,-0.000039,0.0,-0.000052,0.0,0.0,0.008495,-0.000052,0.0,-0.000039,-0.0,-0.000039,0.0,-0.000052,0.0,0.0,0.0,0.0,
0.0,-0.022674,0.843259,0.080211,0.0,0.0,0.0,0.136934,0.215235,-0.483764,0.0,0.0,-0.454567,-0.013142,-0.03083,0.68722,-0.312579,0.0,-0.454567,0.013142,0.03083,0.68722,-0.312579,0.0,0.05791,0.18427,0.0,-0.339262,0.0,0.0,0.0,0.05791,-0.18427,0.0,-0.339262,0.0,0.0,0.0,0.0,0.008495,-0.000052,-0.0,-0.000039,-0.0,-0.000039,0.0,-0.000052,0.0,0.0,0.008495,-0.000052,-0.0,-0.000039,-0.0,-0.000039,0.0,-0.000052,0.0,0.0,0.0,0.0,
0.0,-0.022537,0.843474,0.079727,0.0,0.0,0.0,0.136936,0.215158,-0.483897,0.0,0.0,-0.453124,-0.01312,-0.030854,0.685613,-0.311931,0.0,-0.453124,0.01312,0.030854,0.685613,-0.311931,0.0,0.058101,0.184207,-0.0,-0.339327,0.0,0.0,0.0,0.058101,-0.184207,0.0,-0.339327,0.0,0.0,0.0,0.0,0.008495,-0.000052,-0.0,-0.000039,0.0,-0.000039,0.0,-0.000052,0.0,0.0,0.008495,-0.000052,-0.0,-0.000039,0.0,-0.000039,0.0,-0.000052,0.0,0.0,0.0,0.0,
0.0,-0.0224,0.843689,0.079243,0.0,0.0,0.0,0.136934,0.215235,-0.483764,0.0,0.0,-0.451681,-0.013098,-0.030877,0.684006,-0.311282,0.0,-0.451681,0.013098,0.030877,0.684006,-0.311282,0.0,0.058291,0.184145,0.0,-0.339392,0.0,-0.0,0.0,0.058291,-0.184145,0.0,-0.339392,0.0,0.0,0.0,0.0,0.008495,-0.000052,0.0,-0.000039,0.0,-0.000039,0.0,-0.000052,0.0,0.0,0.008495,-0.000052,0.0,-0.000039,0.0,-0.000039,0.0,-0.000052,0.0,0.0,0.0,0.0,
0.0,-0.022263,0.843904,0.078759,0.0,0.0,0.0,0.136917,0.215158,-0.483764,0.0,0.0,-0.450238,-0.013076,-0.030901,0.6824,-0.310633,0.0,-0.450238,0.013076,0.030901,0.6824,-0.310633,0.0,0.058482,0.184082,0.0,-0.339457,0.0,0.0,0.0,0.058482,-0.184082,0.0,-0.339457,0.0,0.0,0.0,0.0,0.008495,-0.000052,0.0,-0.000039,-0.0,-0.000039,0.0,-0.000052,0.0,0.0,0.008495,-0.000052,0.0,-0.000039,-0.0,-0.000039,0.0,-0.000052,0.0,0.0,0.0,0.0,
0.0,-0.022126,0.844119,0.078275,0.0,0.0,0.0,0.136936,0.215235,-0.483897,0.0,0.0,-0.448796,-0.013054,-0.030925,0.680793,-0.309984,0.0,-0.448796,0.013054,0.030925,0.680793,-0.309984,0.0,0.058672,0.18402,0.0,-0.339522,0.0,0.0,0.0,0.058672,-0.18402,0.0,-0.339522,0.0,-0.0,0.0,0.0,0.008495,-0.000052,0.0,-0.000039,0.0,-0.000039,-0.0,-0.000052,0.0,0.0,0.008495,-0.000052,0.0,-0.000039,0.0,-0.000039,-0.0,-0.000052,0.0,0.0,0.0,0.0,
0.0,-0.021989,0.844335,0.077791,0.0,0.0,0.0,0.136934,0.215235,-0.483897,0.0,0.0,-0.447353,-0.013032,-0.030949,0.679186,-0.309336,0.0,-0.447353,0.013032,0.030949,0.679186,-0.309336,0.0,0.058863,0.183957,0.0,-0.339587,0.0,0.0,0.0,0.058863,-0.183957,0.0,-0.339587,0.0,0.0,0.0,0.0,0.008495,-0.000052,-0.0,-0.000039,-0.0,-0.000039,0.0,-0.000052,0.0,0.0,0.008495,-0.000052,-0.0,-0.000039,-0.0,-0.000039,0.0,-0.000052,0.0,0.0,0.0,0.0,
0.0,-0.021852,0.84455,0.077308,0.0,0.0,0.0,0.136917,0.215158,-0.483764,0.0,0.0,-0.44591,-0.01301,-0.030973,0.677579,-0.308687,0.0,-0.44591,0.01301,0.030973,0.677579,-0.308687,0.0,0.059053,0.183895,0.0,-0.339652,0.0,0.0,0.0,0.059053,-0.183895,0.0,-0.339652,0.0,-0.0,0.0,0.0,0.008495,-0.000052,0.0,-0.000039,0.0,-0.000039,0.0,-0.000052,0.0,0.0,0.008495,-0.000052,0.0,-0.000039,0.0,-0.000039,0.0,-0.000052,0.0,0.0,0.0,0.0,
0.0,-0.021715,0.844765,0.076824,0.0,0.0,0.0,0.136936,0.215235,-0.483764,0.0,0.0,-0.444468,-0.012988,-0.030996,0.675972,-0.308038,0.0,-0.444468,0.012988,0.030996,0.675972,-0.308038,0.0,0.059244,0.183832,0.0,-0.339717,0.0,0.0,0.0,0.059244,-0.183832,-0.0,-0.339717,0.0,-0.0,0.0,0.0,0.008495,-0.000052,0.0,-0.000039,0.0,-0.000039,0.0,-0.000052,0.0,0.0,0.008495,-0.000052,0.0,-0.000039,0.0,-0.000039,0.0,-0.000052,0.0,0.0,0.0,0.0,
0.0,-0.021578,0.84498,0.07634,0.0,0.0,0.0,0.136934,0.215235,-0.483897,0.0,0.0,-0.443025,-0.012966,-0.03102,0.674365,-0.30739,0.0,-0.443025,0.012966,0.03102,0.674365,-0.30739,0.0,0.059434,0.18377,0.0,-0.339782,0.0,-0.0,0.0,0.059434,-0.18377,-0.0,-0.339782,0.0,0.0,0.0,0.0,0.008495,-0.000052,0.0,-0.000039,0.0,-0.000039,-0.0,-0.000052,0.0,0.0,0.008495,-0.000052,0.0,-0.000039,0.0,-0.000039,-0.0,-0.000052,0.0,0.0,0.0,0.0,
0.0,-0.021442,0.845195,0.075856,0.0,0.0,0.0,0.136917,0.215158,-0.483764,0.0,0.0,-0.441582,-0.012944,-0.031044,0.672758,-0.306741,0.0,-0.441582,0.012944,0.031044,0.672758,-0.306741,0.0,0.059625,0.183707,0.0,-0.339847,0.0,-0.0,0.0,0.059625,-0.183707,0.0,-0.339847,0.0,0.0,0.0,0.0,0.008495,-0.000052,0.0,-0.000039,-0.0,-0.000039,0.0,-0.000052,0.0,0.0,0.008495,-0.000052,0.0,-0.000039,-0.0,-0.000039,0.0,-0.000052,0.0,0.0,0.0,0.0,
0.0,-0.021305,0.845411,0.075372,0.0,0.0,0.0,0.136936,0.215235,-0.483764,0.0,0.0,-0.440139,-0.012922,-0.031068,0.671151,-0.306092,0.0,-0.440139,0.012922,0.031068,0.671151,-0.306092,0.0,0.059815,0.183645,0.0,-0.339912,-0.0,-0.0,0.0,0.059815,-0.183645,0.0,-0.339912,0.0,0.0,0.0,0.0,0.008495,-0.000052,0.0,-0.000039,0.0,-0.000039,-0.0,-0.000052,0.0,0.0,0.008495,-0.000052,0.0,-0.000039,0.0,-0.000039,-0.0,-0.000052,0.0,0.0,0.0,0.0,
0.0,-0.021168,0.845626,0.074888,0.0,0.0,0.0,0.136934,0.215158,-0.483897,0.0,0.0,-0.438697,-0.0129,-0.031092,0.669544,-0.305443,0.0,-0.438697,0.0129,0.031092,0.669544,-0.305443,0.0,0.060006,0.183582,0.0,-0.339977,0.0,0.0,0.0,0.060006,-0.183582,0.0,-0.339977,0.0,0.0,0.0,0.0,0.008495,-0.000052,0.0,-0.000039,0.0,-0.000039,0.0,-0.000052,0.0,0.0,0.008495,-0.000052,0.0,-0.000039,0.0,-0.000039,0.0,-0.000052,0.0,0.0,0.0,0.0,
0.0,-0.021031,0.845841,0.074405,0.0,0.0,0.0,0.136917,0.215235,-0.483764,0.0,0.0,-0.437254,-0.012878,-0.031115,0.667938,-0.304795,0.0,-0.437254,0.012878,0.031115,0.667938,-0.304795,0.0,0.060196,0.18352,0.0,-0.340042,0.0,0.0,0.0,0.060196,-0.18352,0.0,-0.340042,0.0,0.0,0.0,0.0,0.008495,-0.000052,0.0,-0.000039,0.0,-0.000039,0.0,-0.000052,0.0,0.0,0.008495,-0.000052,0.0,-0.000039,0.0,-0.000039,0.0,-0.000052,0.0,0.0,0.0,0.0,
0.0,-0.020894,0.846056,0.073921,0.0,0.0,0.0,0.136936,0.215235,-0.483764,0.0,0.0,-0.435811,-0.012856,-0.031139,0.666331,-0.304146,0.0,-0.435811,0.012856,0.031139,0.666331,-0.304146,0.0,0.060387,0.183457,0.0,-0.340107,0.0,-0.0,0.0,0.060387,-0.183457,0.0,-0.340107,0.0,0.0,0.0,0.0,0.008495,-0.000052,0.0,-0.000039,0.0,-0.000039,0.0,-0.000052,-0.0,0.0,0.008495,-0.000052,0.0,-0.000039,0.0,-0.000039,0.0,-0.000052,-0.0,0.0,0.0,0.0,
0.0,-0.020757,0.846271,0.073437,0.0,0.0,0.0,0.136934,0.215158,-0.483897,0.0,0.0,-0.434369,-0.012834,-0.031163,0.664724,-0.303497,0.0,-0.434369,0.012834,0.031163,0.664724,-0.303497,0.0,0.060577,0.183395,0.0,-0.340172,0.0,-0.0,0.0,0.060577,-0.183395,0.0,-0.340172,0.0,0.0,0.0,0.0,0.008495,-0.000052,-0.0,-0.000039,-0.0,-0.000039,-0.0,-0.000052,0.0,0.0,0.008495,-0.000052,-0.0,-0.000039,-0.0,-0.000039,-0.0,-0.000052,0.0,0.0,0.0,0.0,
0.0,-0.02062,0.846487,0.072953,0.0,0.0,0.0,0.136917,0.215235,-0.483764,0.0,0.0,-0.432926,-0.012812,-0.031187,0.663117,-0.302849,0.0,-0.432926,0.012812,0.031187,0.663117,-0.302849,0.0,0.060768,0.183332,0.0,-0.340237,0.0,0.0,0.0,0.060768,-0.183332,0.0,-0.340237,0.0,0.0,0.0,0.0,0.008495,-0.000052,-0.0,-0.000039,0.0,-0.000039,0.0,-0.000052,0.0,0.0,0.008495,-0.000052,-0.0,-0.000039,0.0,-0.000039,0.0,-0.000052,0.0,0.0,0.0,0.0,
0.0,-0.020483,0.846702,0.07247,0.0,0.0,0.0,0.136936,0.215158,-0.483764,0.0,0.0,-0.431484,-0.01279,-0.031211,0.661511,-0.3022,0.0,-0.431484,0.01279,0.031211,0.661511,-0.3022,0.0,0.060958,0.183269,0.0,-0.340302,0.0,0.0,0.0,0.060958,-0.183269,0.0,-0.340302,0.0,-0.0,0.0,0.0,0.008495,-0.000052,-0.0,-0.000039,-0.0,-0.000039,0.0,-0.000052,0.0,0.0,0.008495,-0.000052,-0.0,-0.000039,-0.0,-0.000039,0.0,-0.000052,0.0,0.0,0.0,0.0,
0.0,-0.020346,0.846917,0.071986,0.0,0.0,0.0,0.136934,0.215235,-0.483897,0.0,0.0,-0.430041,-0.012768,-0.031234,0.659904,-0.301551,0.0,-0.430041,0.012768,0.031234,0.659904,-0.301551,0.0,0.061149,0.183207,0.0,-0.340367,0.0,-0.0,0.0,0.061149,-0.183207,0.0,-0.340367,-0.0,0.0,0.0,-0.0,0.008495,-0.000052,-0.0,-0.000039,0.0,-0.000039,0.0,-0.000052,0.0,-0.0,0.008495,-0.000052,-0.0,-0.000039,0.0,-0.000039,0.0,-0.000052,0.0,0.0,0.0,0.0,
0.0,-0.020209,0.847132,0.071502,0.0,0.0,0.0,0.136917,0.215158,-0.483764,0.0,0.0,-0.428598,-0.012747,-0.031258,0.658297,-0.300903,0.0,-0.428598,0.012747,0.031258,0.658297,-0.300903,0.0,0.061339,0.183144,0.0,-0.340432,0.0,-0.0,0.0,0.061339,-0.183144,0.0,-0.340432,0.0,0.0,0.0,0.0,0.008495,-0.000052,0.0,-0.000039,0.0,-0.000039,-0.0,-0.000052,0.0,0.0,0.008495,-0.000052,0.0,-0.000039,0.0,-0.000039,-0.0,-0.000052,0.0,0.0,0.0,0.0,
0.0,-0.020072,0.847347,0.071018,0.0,0.0,0.0,0.136936,0.215235,-0.483764,0.0,0.0,-0.427156,-0.012725,-0.031282,0.656691,-0.300254,0.0,-0.427156,0.012725,0.031282,0.656691,-0.300254,0.0,0.06153,0.183082,0.0,-0.340497,0.0,0.0,0.0,0.06153,-0.183082,0.0,-0.340497,0.0,0.0,0.0,0.0,0.008495,-0.000052,-0.0,-0.000039,0.0,-0.000039,0.0,-0.000052,0.0,0.0,0.008495,-0.000052,-0.0,-0.000039,0.0,-0.000039,0.0,-0.000052,0.0,0.0,0.0,0.0,
0.0,-0.019935,0.847563,0.070534,0.0,0.0,0.0,0.136934,0.215235,-0.483897,0.0,0.0,-0.425713,-0.012703,-0.031306,0.655084,-0.299605,0.0,-0.425713,0.012703,0.031306,0.655084,-0.299605,0.0,0.061721,0.183019,0.0,-0.340562,0.0,-0.0,0.0,0.061721,-0.183019,0.0,-0.340562,0.0,0.0,0.0,0.0,0.008495,-0.000052,0.0,-0.000039,0.0,-0.000039,0.0,-0.000052,0.0,0.0,0.008495,-0.000052,0.0,-0.000039,0.0,-0.000039,0.0,-0.000052,0.0,0.0,0.0,0.0,
0.0,-0.019805,0.847763,0.070076,0.0,0.0,0.0,0.12985,0.200281,-0.458331,0.0,0.0,-0.424315,-0.012679,-0.03133,0.653498,-0.29896,0.0,-0.424315,0.012679,0.03133,0.653498,-0.29896,0.0,0.061898,0.182961,0.0,-0.340621,0.0,0.0,0.0,0.061898,-0.182961,0.0,-0.340621,0.0,-0.0,0.0,0.0,0.008495,-0.000052,0.0,-0.000039,0.0,-0.000039,0.0,-0.000052,0.0,0.0,0.008495,-0.000052,0.0,-0.000039,0.0,-0.000039,0.0,-0.000052,0.0,0.0,0.0,0.0,
0.0,-0.019679,0.847956,0.069629,0.0,0.0,0.0,0.126672,0.19349,-0.447012,0.0,0.0,-0.422936,-0.012656,-0.031354,0.651921,-0.298316,0.0,-0.422936,0.012656,0.031354,0.651921,-0.298316,0.0,0.062071,0.182904,0.0,-0.340677,-0.0,-0.0,0.0,0.062071,-0.182904,0.0,-0.340677,0.0,0.0,0.0,0.0,0.008495,-0.000052,0.0,-0.000039,-0.0,-0.000039,-0.0,-0.000052,0.0,0.0,0.008495,-0.000052,0.0,-0.000039,-0.0,-0.000039,-0.0,-0.000052,0.0,0.0,0.0,0.0,
0.0,-0.019552,0.84815,0.069182,0.0,0.0,0.0,0.126689,0.193643,-0.447012,0.0,0.0,-0.421556,-0.012632,-0.031377,0.650344,-0.297672,0.0,-0.421556,0.012632,0.031377,0.650344,-0.297672,0.0,0.062243,0.182847,0.0,-0.340732,0.0,0.0,0.0,0.062243,-0.182847,0.0,-0.340732,0.0,0.0,0.0,0.0,0.008495,-0.000052,0.0,-0.000039,0.0,-0.000039,0.0,-0.000052,0.0,0.0,0.008495,-0.000052,0.0,-0.000039,0.0,-0.000039,0.0,-0.000052,0.0,0.0,0.0,0.0,
0.0,-0.019425,0.848344,0.068735,0.0,0.0,0.0,0.126689,0.193566,-0.447146,0.0,0.0,-0.420177,-0.012608,-0.031401,0.648767,-0.297028,0.0,-0.420177,0.012608,0.031401,0.648767,-0.297028,0.0,0.062415,0.18279,0.0,-0.340788,0.0,0.0,0.0,0.062415,-0.18279,0.0,-0.340788,0.0,-0.0,0.0,0.0,0.008495,-0.000052,0.0,-0.000039,0.0,-0.000039,0.0,-0.000052,0.0,0.0,0.008495,-0.000052,0.0,-0.000039,0.0,-0.000039,0.0,-0.000052,0.0,0.0,0.0,0.0,
0.0,-0.019299,0.848537,0.068288,0.0,0.0,0.0,0.126673,0.193566,-0.446879,0.0,0.0,-0.418798,-0.012584,-0.031425,0.64719,-0.296384,0.0,-0.418798,0.012584,0.031425,0.64719,-0.296384,0.0,0.062587,0.182733,0.0,-0.340844,0.0,0.0,0.0,0.062587,-0.182733,0.0,-0.340844,0.0,-0.0,0.0,0.0,0.008495,-0.000052,-0.0,-0.000039,-0.0,-0.000039,0.0,-0.000052,0.0,0.0,0.008495,-0.000052,-0.0,-0.000039,-0.0,-0.000039,0.0,-0.000052,0.0,0.0,0.0,0.0,
0.0,-0.019172,0.848731,0.067841,0.0,0.0,0.0,0.126688,0.193566,-0.447146,0.0,0.0,-0.417419,-0.01256,-0.031449,0.645613,-0.29574,0.0,-0.417419,0.01256,0.031449,0.645613,-0.29574,0.0,0.062759,0.182676,0.0,-0.3409,0.0,-0.0,0.0,0.062759,-0.182676,0.0,-0.3409,0.0,0.0,0.0,0.0,0.008495,-0.000052,0.0,-0.000039,-0.0,-0.000039,0.0,-0.000052,0.0,0.0,0.008495,-0.000052,0.0,-0.000039,-0.0,-0.000039,0.0,-0.000052,0.0,0.0,0.0,0.0,
0.0,-0.019045,0.848924,0.067394,0.0,0.0,0.0,0.126689,0.193566,-0.447012,0.0,0.0,-0.416039,-0.012536,-0.031473,0.644036,-0.295096,0.0,-0.416039,0.012536,0.031473,0.644036,-0.295096,0.0,0.062932,0.182619,0.0,-0.340955,0.0,0.0,0.0,0.062932,-0.182619,0.0,-0.340955,0.0,0.0,0.0,0.0,0.008495,-0.000052,-0.0,-0.000039,0.0,-0.000039,-0.0,-0.000052,0.0,0.0,0.008495,-0.000052,-0.0,-0.000039,0.0,-0.000039,-0.0,-0.000052,0.0,0.0,0.0,0.0,
0.0,-0.018919,0.849118,0.066947,0.0,0.0,0.0,0.126673,0.193566,-0.447012,0.0,0.0,-0.41466,-0.012513,-0.031496,0.64246,-0.294452,0.0,-0.41466,0.012513,0.031496,0.64246,-0.294452,0.0,0.063104,0.182562,0.0,-0.341011,0.0,0.0,0.0,0.063104,-0.182562,0.0,-0.341011,0.0,0.0,0.0,0.0,0.008495,-0.000052,-0.0,-0.000039,-0.0,-0.000039,-0.0,-0.000052,0.0,0.0,0.008495,-0.000052,-0.0,-0.000039,-0.0,-0.000039,-0.0,-0.000052,0.0,0.0,0.0,0.0,
0.0,-0.018792,0.849311,0.0665,0.0,0.0,0.0,0.126689,0.193566,-0.447012,0.0,0.0,-0.413281,-0.012489,-0.03152,0.640883,-0.293808,0.0,-0.413281,0.012489,0.03152,0.640883,-0.293808,0.0,0.063276,0.182505,0.0,-0.341067,0.0,0.0,0.0,0.063276,-0.182505,0.0,-0.341067,0.0,0.0,0.0,0.0,0.008495,-0.000052,-0.0,-0.000039,-0.0,-0.000039,-0.0,-0.000052,0.0,0.0,0.008495,-0.000052,-0.0,-0.000039,-0.0,-0.000039,-0.0,-0.000052,0.0,0.0,0.0,0.0,
0.0,-0.018665,0.849505,0.066053,0.0,0.0,0.0,0.126689,0.193566,-0.447012,0.0,0.0,-0.411902,-0.012465,-0.031544,0.639306,-0.293164,0.0,-0.411902,0.012465,0.031544,0.639306,-0.293164,0.0,0.063448,0.182448,0.0,-0.341123,0.0,0.0,0.0,0.063448,-0.182448,0.0,-0.341123,0.0,0.0,0.0,0.0,0.008495,-0.000052,0.0,-0.000039,-0.0,-0.000039,0.0,-0.000052,0.0,0.0,0.008495,-0.000052,0.0,-0.000039,-0.0,-0.000039,0.0,-0.000052,0.0,0.0,0.0,0.0,
0.0,-0.018539,0.849699,0.065606,0.0,0.0,0.0,0.126672,0.193566,-0.447012,0.0,0.0,-0.410522,-0.012441,-0.031568,0.637729,-0.29252,0.0,-0.410522,0.012441,0.031568,0.637729,-0.29252,0.0,0.063621,0.182391,0.0,-0.341178,-0.0,0.0,0.0,0.063621,-0.182391,0.0,-0.341178,0.0,-0.0,0.0,0.0,0.008495,-0.000052,0.0,-0.000039,-0.0,-0.000039,-0.0,-0.000052,0.0,0.0,0.008495,-0.000052,0.0,-0.000039,-0.0,-0.000039,-0.0,-0.000052,0.0,0.0,0.0,0.0,
0.0,-0.018412,0.849892,0.065158,0.0,0.0,0.0,0.126689,0.193566,-0.447146,0.0,0.0,-0.409143,-0.012417,-0.031592,0.636151,-0.291876,0.0,-0.409143,0.012417,0.031592,0.636151,-0.291876,0.0,0.063793,0.182334,0.0,-0.341234,0.0,0.0,0.0,0.063793,-0.182334,0.0,-0.341234,0.0,0.0,0.0,0.0,0.008495,-0.000052,0.0,-0.000039,0.0,-0.000039,0.0,-0.000052,0.0,0.0,0.008495,-0.000052,0.0,-0.000039,0.0,-0.000039,0.0,-0.000052,0.0,0.0,0.0,0.0,
0.0,-0.018285,0.850086,0.064711,0.0,0.0,0.0,0.126689,0.193566,-0.447012,0.0,0.0,-0.407764,-0.012394,-0.031615,0.634574,-0.291232,0.0,-0.407764,0.012394,0.031615,0.634574,-0.291232,0.0,0.063965,0.182277,0.0,-0.34129,0.0,0.0,0.0,0.063965,-0.182277,0.0,-0.34129,0.0,-0.0,0.0,0.0,0.008495,-0.000052,-0.0,-0.000039,0.0,-0.000039,-0.0,-0.000052,0.0,0.0,0.008495,-0.000052,-0.0,-0.000039,0.0,-0.000039,-0.0,-0.000052,0.0,0.0,0.0,0.0,
0.0,-0.018159,0.850279,0.064264,0.0,0.0,0.0,0.126689,0.193566,-0.447012,0.0,0.0,-0.406384,-0.01237,-0.031639,0.632997,-0.290588,0.0,-0.406384,0.01237,0.031639,0.632997,-0.290588,0.0,0.064137,0.18222,0.0,-0.341346,0.0,0.0,0.0,0.064137,-0.18222,0.0,-0.341346,0.0,0.0,0.0,0.0,0.008495,-0.000052,-0.0,-0.000039,0.0,-0.000039,0.0,-0.000052,0.0,0.0,0.008495,-0.000052,-0.0,-0.000039,0.0,-0.000039,0.0,-0.000052,0.0,0.0,0.0,0.0,
0.0,-0.018032,0.850473,0.063817,0.0,0.0,0.0,0.126672,0.193566,-0.447012,0.0,0.0,-0.405005,-0.012346,-0.031663,0.63142,-0.289944,0.0,-0.405005,0.012346,0.031663,0.63142,-0.289944,0.0,0.064309,0.182163,0.0,-0.341401,0.0,0.0,0.0,0.064309,-0.182163,0.0,-0.341401,0.0,-0.0,0.0,0.0,0.008495,-0.000052,-0.0,-0.000039,0.0,-0.000039,0.0,-0.000052,0.0,0.0,0.008495,-0.000052,-0.0,-0.000039,0.0,-0.000039,0.0,-0.000052,0.0,0.0,0.0,0.0,
0.0,-0.017905,0.850666,0.06337,0.0,0.0,0.0,0.126689,0.193566,-0.447146,0.0,0.0,-0.403626,-0.012322,-0.031687,0.629843,-0.2893,0.0,-0.403626,0.012322,0.031687,0.629843,-0.2893,0.0,0.064482,0.182106,0.0,-0.341457,-0.0,-0.0,0.0,0.064482,-0.182106,0.0,-0.341457,0.0,0.0,0.0,0.0,0.008495,-0.000052,-0.0,-0.000039,0.0,-0.000039,-0.0,-0.000052,0.0,0.0,0.008495,-0.000052,-0.0,-0.000039,0.0,-0.000039,-0.0,-0.000052,0.0,0.0,0.0,0.0,
0.0,-0.017779,0.85086,0.062923,0.0,0.0,0.0,0.126689,0.193643,-0.447012,0.0,0.0,-0.402246,-0.012298,-0.031711,0.628266,-0.288656,0.0,-0.402246,0.012298,0.031711,0.628266,-0.288656,0.0,0.064654,0.182049,0.0,-0.341513,0.0,0.0,0.0,0.064654,-0.182049,0.0,-0.341513,0.0,0.0,0.0,0.0,0.008495,-0.000052,-0.0,-0.000039,-0.0,-0.000039,0.0,-0.000052,0.0,0.0,0.008495,-0.000052,-0.0,-0.000039,-0.0,-0.000039,0.0,-0.000052,0.0,0.0,0.0,0.0,
0.0,-0.017652,0.851054,0.062476,0.0,0.0,0.0,0.126673,0.193566,-0.447012,0.0,0.0,-0.400867,-0.012275,-0.031734,0.626689,-0.288012,0.0,-0.400867,0.012275,0.031734,0.626689,-0.288012,0.0,0.064826,0.181992,0.0,-0.341568,0.0,0.0,0.0,0.064826,-0.181992,0.0,-0.341568,0.0,-0.0,0.0,0.0,0.008495,-0.000052,0.0,-0.000039,-0.0,-0.000039,0.0,-0.000052,0.0,0.0,0.008495,-0.000052,0.0,-0.000039,-0.0,-0.000039,0.0,-0.000052,0.0,0.0,0.0,0.0,
0.0,-0.017525,0.851247,0.062029,0.0,0.0,0.0,0.126689,0.193566,-0.447012,0.0,0.0,-0.399488,-0.012251,-0.031758,0.625112,-0.287368,0.0,-0.399488,0.012251,0.031758,0.625112,-0.287368,0.0,0.064998,0.181935,0.0,-0.341624,0.0,0.0,0.0,0.064998,-0.181935,0.0,-0.341624,-0.0,-0.0,0.0,-0.0,0.008495,-0.000052,0.0,-0.000039,0.0,-0.000039,0.0,-0.000052,0.0,-0.0,0.008495,-0.000052,0.0,-0.000039,0.0,-0.000039,0.0,-0.000052,0.0,0.0,0.0,0.0,
0.0,-0.017398,0.851441,0.061582,0.0,0.0,0.0,0.126689,0.193566,-0.447012,0.0,0.0,-0.398108,-0.012227,-0.031782,0.623535,-0.286724,0.0,-0.398108,0.012227,0.031782,0.623535,-0.286724,0.0,0.065171,0.181878,0.0,-0.34168,0.0,0.0,0.0,0.065171,-0.181878,0.0,-0.34168,0.0,0.0,0.0,0.0,0.008495,-0.000052,0.0,-0.000039,-0.0,-0.000039,0.0,-0.000052,0.0,0.0,0.008495,-0.000052,0.0,-0.000039,-0.0,-0.000039,0.0,-0.000052,0.0,0.0,0.0,0.0,
0.0,-0.017272,0.851634,0.061135,0.0,0.0,0.0,0.126672,0.193566,-0.447012,0.0,0.0,-0.396729,-0.012203,-0.031806,0.621958,-0.286081,0.0,-0.396729,0.012203,0.031806,0.621958,-0.286081,0.0,0.065343,0.181821,0.0,-0.341736,0.0,-0.0,0.0,0.065343,-0.181821,0.0,-0.341736,-0.0,0.0,0.0,-0.0,0.008495,-0.000052,0.0,-0.000039,0.0,-0.000039,0.0,-0.000052,0.0,-0.0,0.008495,-0.000052,0.0,-0.000039,0.0,-0.000039,0.0,-0.000052,0.0,0.0,0.0,0.0,
0.0,-0.017145,0.851828,0.060688,0.0,0.0,0.0,0.126689,0.193566,-0.447146,0.0,0.0,-0.39535,-0.012179,-0.03183,0.620381,-0.285437,0.0,-0.39535,0.012179,0.03183,0.620381,-0.285437,0.0,0.065515,0.181764,0.0,-0.341791,0.0,0.0,0.0,0.065515,-0.181764,0.0,-0.341791,0.0,-0.0,0.0,0.0,0.008495,-0.000052,0.0,-0.000039,0.0,-0.000039,0.0,-0.000052,0.0,0.0,0.008495,-0.000052,0.0,-0.000039,0.0,-0.000039,0.0,-0.000052,0.0,0.0,0.0,0.0,
0.0,-0.017018,0.852021,0.060241,0.0,0.0,0.0,0.126689,0.193566,-0.447012,0.0,0.0,-0.393971,-0.012156,-0.031854,0.618804,-0.284793,0.0,-0.393971,0.012156,0.031854,0.618804,-0.284793,0.0,0.065687,0.181707,0.0,-0.341847,0.0,0.0,0.0,0.065687,-0.181707,0.0,-0.341847,0.0,-0.0,0.0,0.0,0.008495,-0.000052,-0.0,-0.000039,-0.0,-0.000039,0.0,-0.000052,0.0,0.0,0.008495,-0.000052,-0.0,-0.000039,-0.0,-0.000039,0.0,-0.000052,0.0,0.0,0.0,0.0,
0.0,-0.016892,0.852215,0.059794,0.0,0.0,0.0,0.126672,0.193566,-0.447012,0.0,0.0,-0.392591,-0.012132,-0.031877,0.617227,-0.284149,0.0,-0.392591,0.012132,0.031877,0.617227,-0.284149,0.0,0.065859,0.18165,0.0,-0.341903,0.0,0.0,0.0,0.065859,-0.18165,0.0,-0.341903,0.0,-0.0,0.0,0.0,0.008495,-0.000052,-0.0,-0.000039,0.0,-0.000039,0.0,-0.000052,0.0,0.0,0.008495,-0.000052,-0.0,-0.000039,0.0,-0.000039,0.0,-0.000052,0.0,0.0,0.0,0.0,
0.0,-0.016765,0.852409,0.059347,0.0,0.0,0.0,0.126689,0.193566,-0.447012,0.0,0.0,-0.391212,-0.012108,-0.031901,0.61565,-0.283505,0.0,-0.391212,0.012108,0.031901,0.61565,-0.283505,0.0,0.066032,0.181593,0.0,-0.341959,0.0,0.0,0.0,0.066032,-0.181593,0.0,-0.341959,0.0,0.0,0.0,0.0,0.008495,-0.000052,0.0,-0.000039,-0.0,-0.000039,0.0,-0.000052,0.0,0.0,0.008495,-0.000052,0.0,-0.000039,-0.0,-0.000039,0.0,-0.000052,0.0,0.0,0.0,0.0,
0.0,-0.016638,0.852602,0.0589,0.0,0.0,0.0,0.126689,0.193566,-0.447012,0.0,0.0,-0.389833,-0.012084,-0.031925,0.614073,-0.282861,0.0,-0.389833,0.012084,0.031925,0.614073,-0.282861,0.0,0.066204,0.181536,0.0,-0.342014,0.0,0.0,0.0,0.066204,-0.181536,0.0,-0.342014,0.0,0.0,0.0,0.0,0.008495,-0.000052,0.0,-0.000039,-0.0,-0.000039,0.0,-0.000052,0.0,0.0,0.008495,-0.000052,0.0,-0.000039,-0.0,-0.000039,0.0,-0.000052,0.0,0.0,0.0,0.0,
0.0,-0.016512,0.852796,0.058453,0.0,0.0,0.0,0.126673,0.193566,-0.447012,0.0,0.0,-0.388453,-0.01206,-0.031949,0.612496,-0.282217,0.0,-0.388453,0.01206,0.031949,0.612496,-0.282217,0.0,0.066376,0.181479,0.0,-0.34207,-0.0,0.0,0.0,0.066376,-0.181479,0.0,-0.34207,0.0,-0.0,0.0,0.0,0.008495,-0.000052,0.0,-0.000039,0.0,-0.000039,0.0,-0.000052,0.0,0.0,0.008495,-0.000052,0.0,-0.000039,0.0,-0.000039,0.0,-0.000052,0.0,0.0,0.0,0.0,
0.0,-0.016385,0.852989,0.058006,0.0,0.0,0.0,0.126689,0.193566,-0.447146,0.0,0.0,-0.387074,-0.012037,-0.031973,0.610919,-0.281573,0.0,-0.387074,0.012037,0.031973,0.610919,-0.281573,0.0,0.066548,0.181422,0.0,-0.342126,0.0,0.0,0.0,0.066548,-0.181422,0.0,-0.342126,0.0,-0.0,0.0,0.0,0.008495,-0.000052,-0.0,-0.000039,-0.0,-0.000039,0.0,-0.000052,0.0,0.0,0.008495,-0.000052,-0.0,-0.000039,-0.0,-0.000039,0.0,-0.000052,0.0,0.0,0.0,0.0,
0.0,-0.016258,0.853183,0.057559,0.0,0.0,0.0,0.126688,0.193566,-0.447012,0.0,0.0,-0.385695,-0.012013,-0.031996,0.609342,-0.280929,0.0,-0.385695,0.012013,0.031996,0.609342,-0.280929,0.0,0.066721,0.181365,0.0,-0.342182,0.0,0.0,0.0,0.066721,-0.181365,0.0,-0.342182,0.0,0.0,0.0,0.0,0.008495,-0.000052,-0.0,-0.000039,0.0,-0.000039,0.0,-0.000052,0.0,0.0,0.008495,-0.000052,-0.0,-0.000039,0.0,-0.000039,0.0,-0.000052,0.0,0.0,0.0,0.0,
0.0,-0.016132,0.853376,0.057112,0.0,0.0,0.0,0.126673,0.193566,-0.447012,0.0,0.0,-0.384316,-0.011989,-0.03202,0.607765,-0.280285,0.0,-0.384316,0.011989,0.03202,0.607765,-0.280285,0.0,0.066893,0.181308,0.0,-0.342237,0.0,-0.0,0.0,0.066893,-0.181308,0.0,-0.342237,0.0,0.0,0.0,0.0,0.008495,-0.000052,0.0,-0.000039,-0.0,-0.000039,0.0,-0.000052,0.0,0.0,0.008495,-0.000052,0.0,-0.000039,-0.0,-0.000039,0.0,-0.000052,0.0,0.0,0.0,0.0,
0.0,-0.016005,0.85357,0.056665,0.0,0.0,0.0,0.126689,0.193566,-0.447012,0.0,0.0,-0.382937,-0.011965,-0.032044,0.606188,-0.279641,0.0,-0.382937,0.011965,0.032044,0.606188,-0.279641,0.0,0.067065,0.181251,0.0,-0.342293,-0.0,-0.0,0.0,0.067065,-0.181251,0.0,-0.342293,0.0,0.0,0.0,0.0,0.008495,-0.000052,0.0,-0.000039,0.0,-0.000039,0.0,-0.000052,0.0,0.0,0.008495,-0.000052,0.0,-0.000039,0.0,-0.000039,0.0,-0.000052,0.0,0.0,0.0,0.0,
0.0,-0.015878,0.853764,0.056218,0.0,0.0,0.0,0.126689,0.193643,-0.447012,0.0,0.0,-0.381557,-0.011941,-0.032068,0.604611,-0.278997,0.0,-0.381557,0.011941,0.032068,0.604611,-0.278997,0.0,0.067237,0.181194,0.0,-0.342349,0.0,0.0,0.0,0.067237,-0.181194,0.0,-0.342349,0.0,0.0,0.0,0.0,0.008495,-0.000052,0.0,-0.000039,0.0,-0.000039,0.0,-0.000052,0.0,0.0,0.008495,-0.000052,0.0,-0.000039,0.0,-0.000039,0.0,-0.000052,0.0,0.0,0.0,0.0,
0.0,-0.015752,0.853957,0.055771,0.0,0.0,0.0,0.126689,0.193566,-0.447146,0.0,0.0,-0.380178,-0.011918,-0.032092,0.603034,-0.278353,0.0,-0.380178,0.011918,0.032092,0.603034,-0.278353,0.0,0.06741,0.181137,0.0,-0.342405,0.0,0.0,0.0,0.06741,-0.181137,0.0,-0.342405,0.0,0.0,0.0,0.0,0.008495,-0.000052,-0.0,-0.000039,0.0,-0.000039,0.0,-0.000052,0.0,0.0,0.008495,-0.000052,-0.0,-0.000039,0.0,-0.000039,0.0,-0.000052,0.0,0.0,0.0,0.0,
0.0,-0.015629,0.854142,0.055338,0.0,0.0,0.0,0.122424,0.185403,-0.433031,0.0,0.0,-0.378828,-0.011894,-0.032115,0.601477,-0.277713,0.0,-0.378828,0.011894,0.032115,0.601477,-0.277713,0.0,0.067574,0.181082,0.0,-0.342459,0.0,0.0,0.0,0.067574,-0.181082,0.0,-0.342459,0.0,0.0,0.0,0.0,0.008495,-0.000052,0.0,-0.000039,0.0,-0.000039,0.0,-0.000052,0.0,0.0,0.008495,-0.000052,0.0,-0.000039,0.0,-0.000039,0.0,-0.000052,0.0,0.0,0.0,0.0,
0.0,-0.015514,0.854314,0.054929,0.0,0.0,0.0,0.114878,0.170983,-0.40853,0.0,0.0,-0.377529,-0.011872,-0.032137,0.599953,-0.277079,0.0,-0.377529,0.011872,0.032137,0.599953,-0.277079,0.0,0.067727,0.18103,0.0,-0.342511,0.0,-0.0,0.0,0.067727,-0.18103,0.0,-0.342511,-0.0,0.0,0.0,-0.0,0.008495,-0.000052,0.0,-0.000039,0.0,-0.000039,-0.0,-0.000052,0.0,-0.0,0.008495,-0.000052,0.0,-0.000039,0.0,-0.000039,-0.0,-0.000052,0.0,0.0,0.0,0.0,
0.0,-0.015399,0.854484,0.054521,0.0,0.0,0.0,0.114877,0.170906,-0.40853,0.0,0.0,-0.37623,-0.01185,-0.032159,0.598428,-0.276445,0.0,-0.37623,0.01185,0.032159,0.598428,-0.276445,0.0,0.067879,0.180979,0.0,-0.342563,0.0,0.0,0.0,0.067879,-0.180979,0.0,-0.342563,0.0,-0.0,0.0,0.0,0.008495,-0.000052,0.0,-0.000039,0.0,-0.000039,-0.0,-0.000052,0.0,0.0,0.008495,-0.000052,0.0,-0.000039,0.0,-0.000039,-0.0,-0.000052,0.0,0.0,0.0,0.0,
0.0,-0.015285,0.854655,0.054112,0.0,0.0,0.0,0.114864,0.170983,-0.408396,0.0,0.0,-0.374931,-0.011828,-0.032181,0.596904,-0.275812,0.0,-0.374931,0.011828,0.032181,0.596904,-0.275812,0.0,0.068031,0.180927,0.0,-0.342615,0.0,-0.0,0.0,0.068031,-0.180927,0.0,-0.342615,0.0,0.0,0.0,0.0,0.008495,-0.000052,-0.0,-0.000039,0.0,-0.000039,0.0,-0.000052,0.0,0.0,0.008495,-0.000052,-0.0,-0.000039,0.0,-0.000039,0.0,-0.000052,0.0,0.0,0.0,0.0,
0.0,-0.01517,0.854826,0.053704,0.0,0.0,0.0,0.114877,0.170906,-0.40853,0.0,0.0,-0.373633,-0.011806,-0.032203,0.59538,-0.275178,0.0,-0.373633,0.011806,0.032203,0.59538,-0.275178,0.0,0.068183,0.180876,0.0,-0.342667,0.0,0.0,0.0,0.068183,-0.180876,0.0,-0.342667,0.0,-0.0,0.0,0.0,0.008495,-0.000052,0.0,-0.000039,0.0,-0.000039,0.0,-0.000052,0.0,0.0,0.008495,-0.000052,0.0,-0.000039,0.0,-0.000039,0.0,-0.000052,0.0,0.0,0.0,0.0,
0.0,-0.015055,0.854997,0.053295,0.0,0.0,0.0,0.114878,0.170983,-0.40853,0.0,0.0,-0.372334,-0.011785,-0.032225,0.593856,-0.274544,0.0,-0.372334,0.011785,0.032225,0.593856,-0.274544,0.0,0.068335,0.180824,0.0,-0.342719,0.0,0.0,0.0,0.068335,-0.180824,0.0,-0.342719,0.0,-0.0,0.0,0.0,0.008495,-0.000052,0.0,-0.000039,0.0,-0.000039,0.0,-0.000052,0.0,0.0,0.008495,-0.000052,0.0,-0.000039,0.0,-0.000039,0.0,-0.000052,0.0,0.0,0.0,0.0,
0.0,-0.01494,0.855168,0.052887,0.0,0.0,0.0,0.114863,0.170906,-0.408396,0.0,0.0,-0.371035,-0.011763,-0.032247,0.592332,-0.27391,0.0,-0.371035,0.011763,0.032247,0.592332,-0.27391,0.0,0.068487,0.180773,0.0,-0.342771,0.0,-0.0,0.0,0.068487,-0.180773,0.0,-0.342771,0.0,0.0,0.0,0.0,0.008495,-0.000052,-0.0,-0.000039,0.0,-0.000039,0.0,-0.000052,0.0,0.0,0.008495,-0.000052,-0.0,-0.000039,0.0,-0.000039,0.0,-0.000052,0.0,0.0,0.0,0.0,
0.0,-0.014825,0.855339,0.052478,0.0,0.0,0.0,0.114878,0.170983,-0.40853,0.0,0.0,-0.369736,-0.011741,-0.032269,0.590807,-0.273277,0.0,-0.369736,0.011741,0.032269,0.590807,-0.273277,0.0,0.068639,0.180721,0.0,-0.342823,0.0,0.0,0.0,0.068639,-0.180721,0.0,-0.342823,0.0,0.0,0.0,0.0,0.008495,-0.000052,-0.0,-0.000039,0.0,-0.000039,0.0,-0.000052,0.0,0.0,0.008495,-0.000052,-0.0,-0.000039,0.0,-0.000039,0.0,-0.000052,0.0,0.0,0.0,0.0,
0.0,-0.01471,0.85551,0.05207,0.0,0.0,0.0,0.114878,0.170983,-0.408396,0.0,0.0,-0.368437,-0.011719,-0.032291,0.589283,-0.272643,0.0,-0.368437,0.011719,0.032291,0.589283,-0.272643,0.0,0.068791,0.18067,0.0,-0.342875,0.0,0.0,0.0,0.068791,-0.18067,0.0,-0.342875,0.0,-0.0,0.0,0.0,0.008495,-0.000052,0.0,-0.000039,0.0,-0.000039,0.0,-0.000052,0.0,0.0,0.008495,-0.000052,0.0,-0.000039,0.0,-0.000039,0.0,-0.000052,0.0,0.0,0.0,0.0,
0.0,-0.014595,0.855681,0.051661,0.0,0.0,0.0,0.114863,0.170906,-0.40853,0.0,0.0,-0.367138,-0.011697,-0.032313,0.587759,-0.272009,0.0,-0.367138,0.011697,0.032313,0.587759,-0.272009,0.0,0.068943,0.180618,0.0,-0.342927,0.0,-0.0,0.0,0.068943,-0.180618,0.0,-0.342927,0.0,0.0,0.0,0.0,0.008495,-0.000052,-0.0,-0.000039,-0.0,-0.000039,-0.0,-0.000052,0.0,0.0,0.008495,-0.000052,-0.0,-0.000039,-0.0,-0.000039,-0.0,-0.000052,0.0,0.0,0.0,0.0,
0.0,-0.01448,0.855852,0.051253,0.0,0.0,0.0,0.114878,0.170983,-0.40853,0.0,0.0,-0.365839,-0.011675,-0.032335,0.586235,-0.271375,0.0,-0.365839,0.011675,0.032335,0.586235,-0.271375,0.0,0.069095,0.180567,0.0,-0.342979,0.0,0.0,0.0,0.069095,-0.180567,0.0,-0.342979,0.0,0.0,0.0,0.0,0.008495,-0.000052,0.0,-0.000039,0.0,-0.000039,0.0,-0.000052,0.0,0.0,0.008495,-0.000052,0.0,-0.000039,0.0,-0.000039,0.0,-0.000052,0.0,0.0,0.0,0.0,
0.0,-0.014366,0.856023,0.050844,0.0,0.0,0.0,0.114878,0.170983,-0.408396,0.0,0.0,-0.36454,-0.011653,-0.032357,0.58471,-0.270741,0.0,-0.36454,0.011653,0.032357,0.58471,-0.270741,0.0,0.069247,0.180515,0.0,-0.343032,-0.0,-0.0,0.0,0.069247,-0.180515,0.0,-0.343032,0.0,0.0,0.0,0.0,0.008495,-0.000052,-0.0,-0.000039,0.0,-0.000039,0.0,-0.000052,0.0,0.0,0.008495,-0.000052,-0.0,-0.000039,0.0,-0.000039,0.0,-0.000052,0.0,0.0,0.0,0.0,
0.0,-0.014251,0.856194,0.050436,0.0,0.0,0.0,0.114877,0.170906,-0.40853,0.0,0.0,-0.363241,-0.011631,-0.032378,0.583186,-0.270108,0.0,-0.363241,0.011631,0.032378,0.583186,-0.270108,0.0,0.069399,0.180464,0.0,-0.343084,0.0,0.0,0.0,0.069399,-0.180464,0.0,-0.343084,0.0,0.0,0.0,0.0,0.008495,-0.000052,0.0,-0.000039,-0.0,-0.000039,-0.0,-0.000052,0.0,0.0,0.008495,-0.000052,0.0,-0.000039,-0.0,-0.000039,-0.0,-0.000052,0.0,0.0,0.0,0.0,
0.0,-0.014136,0.856365,0.050027,0.0,0.0,0.0,0.114864,0.170983,-0.408396,0.0,0.0,-0.361942,-0.011609,-0.0324,0.581662,-0.269474,0.0,-0.361942,0.011609,0.0324,0.581662,-0.269474,0.0,0.069552,0.180412,0.0,-0.343136,0.0,0.0,0.0,0.069552,-0.180412,0.0,-0.343136,0.0,0.0,0.0,0.0,0.008495,-0.000052,-0.0,-0.000039,0.0,-0.000039,-0.0,-0.000052,0.0,0.0,0.008495,-0.000052,-0.0,-0.000039,0.0,-0.000039,-0.0,-0.000052,0.0,0.0,0.0,0.0,
0.0,-0.014021,0.856536,0.049619,0.0,0.0,0.0,0.114877,0.170906,-0.40853,0.0,0.0,-0.360643,-0.011587,-0.032422,0.580137,-0.26884,0.0,-0.360643,0.011587,0.032422,0.580137,-0.26884,0.0,0.069704,0.180361,0.0,-0.343188,0.0,0.0,0.0,0.069704,-0.180361,0.0,-0.343188,0.0,0.0,0.0,0.0,0.008495,-0.000052,-0.0,-0.000039,0.0,-0.000039,0.0,-0.000052,0.0,0.0,0.008495,-0.000052,-0.0,-0.000039,0.0,-0.000039,0.0,-0.000052,0.0,0.0,0.0,0.0,
0.0,-0.013906,0.856707,0.04921,0.0,0.0,0.0,0.114878,0.170983,-0.40853,0.0,0.0,-0.359344,-0.011565,-0.032444,0.578613,-0.268206,0.0,-0.359344,0.011565,0.032444,0.578613,-0.268206,0.0,0.069856,0.180309,0.0,-0.34324,-0.0,0.0,0.0,0.069856,-0.180309,0.0,-0.34324,0.0,-0.0,0.0,0.0,0.008495,-0.000052,-0.0,-0.000039,0.0,-0.000039,0.0,-0.000052,0.0,0.0,0.008495,-0.000052,-0.0,-0.000039,0.0,-0.000039,0.0,-0.000052,0.0,0.0,0.0,0.0,
0.0,-0.013791,0.856878,0.048802,0.0,0.0,0.0,0.114863,0.170906,-0.408396,0.0,0.0,-0.358045,-0.011543,-0.032466,0.577089,-0.267573,0.0,-0.358045,0.011543,0.032466,0.577089,-0.267573,0.0,0.070008,0.180258,0.0,-0.343292,0.0,0.0,0.0,0.070008,-0.180258,0.0,-0.343292,0.0,-0.0,0.0,0.0,0.008495,-0.000052,0.0,-0.000039,0.0,-0.000039,0.0,-0.000052,0.0,0.0,0.008495,-0.000052,0.0,-0.000039,0.0,-0.000039,0.0,-0.000052,0.0,0.0,0.0,0.0,
0.0,-0.013676,0.857049,0.048393,0.0,0.0,0.0,0.114878,0.170983,-0.40853,0.0,0.0,-0.356746,-0.011521,-0.032488,0.575564,-0.266939,0.0,-0.356746,0.011521,0.032488,0.575564,-0.266939,0.0,0.07016,0.180206,0.0,-0.343344,0.0,0.0,0.0,0.07016,-0.180206,0.0,-0.343344,0.0,-0.0,0.0,0.0,0.008495,-0.000052,0.0,-0.000039,0.0,-0.000039,0.0,-0.000052,0.0,0.0,0.008495,-0.000052,0.0,-0.000039,0.0,-0.000039,0.0,-0.000052,0.0,0.0,0.0,0.0,
0.0,-0.013561,0.85722,0.047985,0.0,0.0,0.0,0.114878,0.170983,-0.40853,0.0,0.0,-0.355447,-0.011499,-0.03251,0.57404,-0.266305,0.0,-0.355447,0.011499,0.03251,0.57404,-0.266305,0.0,0.070312,0.180155,0.0,-0.343396,0.0,-0.0,0.0,0.070312,-0.180155,0.0,-0.343396,0.0,0.0,0.0,0.0,0.008495,-0.000052,0.0,-0.000039,0.0,-0.000039,0.0,-0.000052,-0.0,0.0,0.008495,-0.000052,0.0,-0.000039,0.0,-0.000039,0.0,-0.000052,-0.0,0.0,0.0,0.0,
0.0,-0.013447,0.857391,0.047577,0.0,0.0,0.0,0.114863,0.170906,-0.408396,0.0,0.0,-0.354149,-0.011477,-0.032532,0.572516,-0.265671,0.0,-0.354149,0.011477,0.032532,0.572516,-0.265671,0.0,0.070464,0.180103,0.0,-0.343448,0.0,0.0,0.0,0.070464,-0.180103,0.0,-0.343448,0.0,-0.0,0.0,0.0,0.008495,-0.000052,0.0,-0.000039,0.0,-0.000039,0.0,-0.000052,0.0,0.0,0.008495,-0.000052,0.0,-0.000039,0.0,-0.000039,0.0,-0.000052,0.0,0.0,0.0,0.0,
0.0,-0.013332,0.857562,0.047168,0.0,0.0,0.0,0.114878,0.170983,-0.40853,0.0,0.0,-0.352849,-0.011455,-0.032554,0.570991,-0.265038,0.0,-0.352849,0.011455,0.032554,0.570991,-0.265038,0.0,0.070616,0.180052,0.0,-0.3435,0.0,0.0,0.0,0.070616,-0.180052,0.0,-0.3435,0.0,0.0,0.0,0.0,0.008495,-0.000052,0.0,-0.000039,0.0,-0.000039,0.0,-0.000052,0.0,0.0,0.008495,-0.000052,0.0,-0.000039,0.0,-0.000039,0.0,-0.000052,0.0,0.0,0.0,0.0,
0.0,-0.013217,0.857733,0.04676,0.0,0.0,0.0,0.114878,0.170983,-0.40853,0.0,0.0,-0.351551,-0.011433,-0.032576,0.569467,-0.264404,0.0,-0.351551,0.011433,0.032576,0.569467,-0.264404,0.0,0.070768,0.18,0.0,-0.343552,0.0,0.0,0.0,0.070768,-0.18,0.0,-0.343552,0.0,-0.0,0.0,0.0,0.008495,-0.000052,0.0,-0.000039,0.0,-0.000039,-0.0,-0.000052,0.0,0.0,0.008495,-0.000052,0.0,-0.000039,0.0,-0.000039,-0.0,-0.000052,0.0,0.0,0.0,0.0,
0.0,-0.013102,0.857903,0.046351,0.0,0.0,0.0,0.114863,0.170906,-0.408396,0.0,0.0,-0.350252,-0.011411,-0.032598,0.567943,-0.26377,0.0,-0.350252,0.011411,0.032598,0.567943,-0.26377,0.0,0.07092,0.179949,0.0,-0.343604,0.0,0.0,0.0,0.07092,-0.179949,0.0,-0.343604,0.0,0.0,0.0,0.0,0.008495,-0.000052,-0.0,-0.000039,0.0,-0.000039,-0.0,-0.000052,0.0,0.0,0.008495,-0.000052,-0.0,-0.000039,0.0,-0.000039,-0.0,-0.000052,0.0,0.0,0.0,0.0,
0.0,-0.012987,0.858074,0.045943,0.0,0.0,0.0,0.114878,0.170983,-0.40853,0.0,0.0,-0.348953,-0.011389,-0.03262,0.566419,-0.263136,0.0,-0.348953,0.011389,0.03262,0.566419,-0.263136,0.0,0.071072,0.179897,0.0,-0.343656,0.0,0.0,0.0,0.071072,-0.179897,0.0,-0.343656,0.0,-0.0,0.0,0.0,0.008495,-0.000052,-0.0,-0.000039,0.0,-0.000039,-0.0,-0.000052,0.0,0.0,0.008495,-0.000052,-0.0,-0.000039,0.0,-0.000039,-0.0,-0.000052,0.0,0.0,0.0,0.0,
0.0,-0.012872,0.858245,0.045534,0.0,0.0,0.0,0.114877,0.170906,-0.40853,0.0,0.0,-0.347654,-0.011367,-0.032642,0.564894,-0.262503,0.0,-0.347654,0.011367,0.032642,0.564894,-0.262503,0.0,0.071224,0.179846,0.0,-0.343708,0.0,0.0,0.0,0.071224,-0.179846,0.0,-0.343708,0.0,0.0,0.0,0.0,0.008495,-0.000052,0.0,-0.000039,0.0,-0.000039,0.0,-0.000052,0.0,0.0,0.008495,-0.000052,0.0,-0.000039,0.0,-0.000039,0.0,-0.000052,0.0,0.0,0.0,0.0,
0.0,-0.012757,0.858416,0.045126,0.0,0.0,0.0,0.114864,0.170983,-0.408396,0.0,0.0,-0.346355,-0.011345,-0.032664,0.56337,-0.261869,0.0,-0.346355,0.011345,0.032664,0.56337,-0.261869,0.0,0.071377,0.179794,0.0,-0.34376,0.0,-0.0,0.0,0.071377,-0.179794,0.0,-0.34376,0.0,0.0,0.0,0.0,0.008495,-0.000052,-0.0,-0.000039,0.0,-0.000039,-0.0,-0.000052,0.0,0.0,0.008495,-0.000052,-0.0,-0.000039,0.0,-0.000039,-0.0,-0.000052,0.0,0.0,0.0,0.0,
0.0,-0.012642,0.858587,0.044717,0.0,0.0,0.0,0.114878,0.170906,-0.40853,0.0,0.0,-0.345056,-0.011323,-0.032686,0.561846,-0.261235,0.0,-0.345056,0.011323,0.032686,0.561846,-0.261235,0.0,0.071529,0.179743,0.0,-0.343812,0.0,0.0,0.0,0.071529,-0.179743,0.0,-0.343812,-0.0,-0.0,0.0,-0.0,0.008495,-0.000052,0.0,-0.000039,0.0,-0.000039,0.0,-0.000052,0.0,-0.0,0.008495,-0.000052,0.0,-0.000039,0.0,-0.000039,0.0,-0.000052,0.0,0.0,0.0,0.0,
0.0,-0.012528,0.858758,0.044309,0.0,0.0,0.0,0.114877,0.170983,-0.408396,0.0,0.0,-0.343757,-0.011301,-0.032708,0.560321,-0.260601,0.0,-0.343757,0.011301,0.032708,0.560321,-0.260601,0.0,0.071681,0.179692,0.0,-0.343864,0.0,-0.0,0.0,0.071681,-0.179692,0.0,-0.343864,-0.0,0.0,0.0,-0.0,0.008495,-0.000052,-0.0,-0.000039,0.0,-0.000039,0.0,-0.000052,0.0,-0.0,0.008495,-0.000052,-0.0,-0.000039,0.0,-0.000039,0.0,-0.000052,0.0,0.0,0.0,0.0,
0.0,-0.012413,0.858929,0.0439,0.0,0.0,0.0,0.114864,0.170983,-0.40853,0.0,0.0,-0.342458,-0.011279,-0.03273,0.558797,-0.259968,0.0,-0.342458,0.011279,0.03273,0.558797,-0.259968,0.0,0.071833,0.17964,0.0,-0.343916,0.0,-0.0,0.0,0.071833,-0.17964,0.0,-0.343916,0.0,0.0,0.0,0.0,0.008495,-0.000052,0.0,-0.000039,0.0,-0.000039,0.0,-0.000052,0.0,0.0,0.008495,-0.000052,0.0,-0.000039,0.0,-0.000039,0.0,-0.000052,0.0,0.0,0.0,0.0,
0.0,-0.012298,0.8591,0.043492,0.0,0.0,0.0,0.114877,0.170906,-0.40853,0.0,0.0,-0.341159,-0.011257,-0.032752,0.557273,-0.259334,0.0,-0.341159,0.011257,0.032752,0.557273,-0.259334,0.0,0.071985,0.179589,0.0,-0.343968,0.0,0.0,0.0,0.071985,-0.179589,0.0,-0.343968,0.0,0.0,0.0,0.0,0.008495,-0.000052,0.0,-0.000039,0.0,-0.000039,0.0,-0.000052,0.0,0.0,0.008495,-0.000052,0.0,-0.000039,0.0,-0.000039,0.0,-0.000052,0.0,0.0,0.0,0.0,
0.0,-0.012183,0.859271,0.043083,0.0,0.0,0.0,0.114878,0.170983,-0.408396,0.0,0.0,-0.33986,-0.011235,-0.032774,0.555749,-0.2587,0.0,-0.33986,0.011235,0.032774,0.555749,-0.2587,0.0,0.072137,0.179537,0.0,-0.34402,0.0,0.0,0.0,0.072137,-0.179537,0.0,-0.34402,0.0,-0.0,0.0,0.0,0.008495,-0.000052,0.0,-0.000039,0.0,-0.000039,0.0,-0.000052,0.0,0.0,0.008495,-0.000052,0.0,-0.000039,0.0,-0.000039,0.0,-0.000052,0.0,0.0,0.0,0.0,
0.0,-0.012068,0.859442,0.042675,0.0,0.0,0.0,0.114878,0.170983,-0.40853,0.0,0.0,-0.338561,-0.011213,-0.032796,0.554225,-0.258066,0.0,-0.338561,0.011213,0.032796,0.554225,-0.258066,0.0,0.072289,0.179486,0.0,-0.344072,0.0,0.0,0.0,0.072289,-0.179486,0.0,-0.344072,0.0,0.0,0.0,0.0,0.008495,-0.000052,-0.0,-0.000039,0.0,-0.000039,-0.0,-0.000052,0.0,0.0,0.008495,-0.000052,-0.0,-0.000039,0.0,-0.000039,-0.0,-0.000052,0.0,0.0,0.0,0.0,
0.0,-0.011953,0.859613,0.042266,0.0,0.0,0.0,0.114863,0.170906,-0.408396,0.0,0.0,-0.337263,-0.011191,-0.032818,0.552701,-0.257433,0.0,-0.337263,0.011191,0.032818,0.552701,-0.257433,0.0,0.072441,0.179434,0.0,-0.344124,0.0,0.0,0.0,0.072441,-0.179434,0.0,-0.344124,0.0,0.0,0.0,0.0,0.008495,-0.000052,0.0,-0.000039,0.0,-0.000039,0.0,-0.000052,0.0,0.0,0.008495,-0.000052,0.0,-0.000039,0.0,-0.000039,0.0,-0.000052,0.0,0.0,0.0,0.0,
0.0,-0.011839,0.859783,0.041859,0.0,0.0,0.0,0.114504,0.170296,-0.407198,0.0,0.0,-0.335967,-0.011169,-0.03284,0.551179,-0.256799,0.0,-0.335967,0.011169,0.03284,0.551179,-0.256799,0.0,0.072593,0.179383,0.0,-0.344176,0.0,0.0,0.0,0.072593,-0.179383,0.0,-0.344176,0.0,-0.0,0.0,0.0,0.008495,-0.000052,0.0,-0.000039,0.0,-0.000039,0.0,-0.000052,0.0,0.0,0.008495,-0.000052,0.0,-0.000039,0.0,-0.000039,0.0,-0.000052,0.0,0.0,0.0,0.0,
0.0,-0.011737,0.859931,0.041498,0.0,0.0,0.0,0.1015,0.147331,-0.360859,0.0,0.0,-0.334767,-0.011145,-0.032862,0.549728,-0.25619,0.0,-0.334767,0.011145,0.032862,0.549728,-0.25619,0.0,0.072723,0.179339,0.0,-0.344219,0.0,0.0,0.0,0.072723,-0.179339,0.0,-0.344219,0.0,0.0,0.0,0.0,0.008495,-0.000052,-0.0,-0.000039,-0.0,-0.000039,0.0,-0.000052,0.0,0.0,0.008495,-0.000052,-0.0,-0.000039,-0.0,-0.000039,0.0,-0.000052,0.0,0.0,0.0,0.0,
0.0,-0.011636,0.860078,0.041138,0.0,0.0,0.0,0.101488,0.147331,-0.360726,0.0,0.0,-0.333567,-0.011122,-0.032884,0.548277,-0.255582,0.0,-0.333567,0.011122,0.032884,0.548277,-0.255582,0.0,0.072853,0.179295,0.0,-0.344262,-0.0,0.0,0.0,0.072853,-0.179295,0.0,-0.344262,0.0,-0.0,0.0,0.0,0.008495,-0.000052,0.0,-0.000039,0.0,-0.000039,-0.0,-0.000052,0.0,0.0,0.008495,-0.000052,0.0,-0.000039,0.0,-0.000039,-0.0,-0.000052,0.0,0.0,0.0,0.0,
0.0,-0.011534,0.860225,0.040777,0.0,0.0,0.0,0.101501,0.147407,-0.360859,0.0,0.0,-0.332368,-0.011098,-0.032906,0.546826,-0.254973,0.0,-0.332368,0.011098,0.032906,0.546826,-0.254973,0.0,0.072983,0.17925,0.0,-0.344304,0.0,-0.0,0.0,0.072983,-0.17925,0.0,-0.344304,0.0,0.0,0.0,0.0,0.008495,-0.000052,0.0,-0.000039,0.0,-0.000039,0.0,-0.000052,0.0,0.0,0.008495,-0.000052,0.0,-0.000039,0.0,-0.000039,0.0,-0.000052,0.0,0.0,0.0,0.0,
0.0,-0.011433,0.860373,0.040416,0.0,0.0,0.0,0.1015,0.147331,-0.360726,0.0,0.0,-0.331168,-0.011074,-0.032928,0.545375,-0.254364,0.0,-0.331168,0.011074,0.032928,0.545375,-0.254364,0.0,0.073113,0.179206,0.0,-0.344347,0.0,0.0,0.0,0.073113,-0.179206,0.0,-0.344347,0.0,0.0,0.0,0.0,0.008495,-0.000052,-0.0,-0.000039,-0.0,-0.000039,0.0,-0.000052,0.0,0.0,0.008495,-0.000052,-0.0,-0.000039,-0.0,-0.000039,0.0,-0.000052,0.0,0.0,0.0,0.0,
0.0,-0.011331,0.86052,0.040055,0.0,0.0,0.0,0.101488,0.147331,-0.360859,0.0,0.0,-0.329968,-0.01105,-0.03295,0.543924,-0.253755,0.0,-0.329968,0.01105,0.03295,0.543924,-0.253755,0.0,0.073243,0.179162,0.0,-0.34439,0.0,-0.0,0.0,0.073243,-0.179162,0.0,-0.34439,0.0,0.0,0.0,0.0,0.008495,-0.000052,0.0,-0.000039,-0.0,-0.000039,-0.0,-0.000052,0.0,0.0,0.008495,-0.000052,0.0,-0.000039,-0.0,-0.000039,-0.0,-0.000052,0.0,0.0,0.0,0.0,
0.0,-0.01123,0.860667,0.039694,0.0,0.0,0.0,0.1015,0.147331,-0.360859,0.0,0.0,-0.328768,-0.011026,-0.032972,0.542473,-0.253146,0.0,-0.328768,0.011026,0.032972,0.542473,-0.253146,0.0,0.073373,0.179118,0.0,-0.344433,0.0,0.0,0.0,0.073373,-0.179118,0.0,-0.344433,0.0,0.0,0.0,0.0,0.008495,-0.000052,0.0,-0.000039,0.0,-0.000039,0.0,-0.000052,0.0,0.0,0.008495,-0.000052,0.0,-0.000039,0.0,-0.000039,0.0,-0.000052,0.0,0.0,0.0,0.0,
0.0,-0.011128,0.860815,0.039334,0.0,0.0,0.0,0.101501,0.147407,-0.360726,0.0,0.0,-0.327569,-0.011003,-0.032994,0.541022,-0.252537,0.0,-0.327569,0.011003,0.032994,0.541022,-0.252537,0.0,0.073503,0.179074,0.0,-0.344475,0.0,0.0,0.0,0.073503,-0.179074,0.0,-0.344475,0.0,0.0,0.0,0.0,0.008495,-0.000052,-0.0,-0.000039,-0.0,-0.000039,0.0,-0.000052,0.0,0.0,0.008495,-0.000052,-0.0,-0.000039,-0.0,-0.000039,0.0,-0.000052,0.0,0.0,0.0,0.0,
0.0,-0.011027,0.860962,0.038973,0.0,0.0,0.0,0.101488,0.147331,-0.360859,0.0,0.0,-0.326369,-0.010979,-0.033016,0.539571,-0.251928,0.0,-0.326369,0.010979,0.033016,0.539571,-0.251928,0.0,0.073633,0.17903,0.0,-0.344518,0.0,-0.0,0.0,0.073633,-0.17903,0.0,-0.344518,0.0,0.0,0.0,0.0,0.008495,-0.000052,-0.0,-0.000039,-0.0,-0.000039,0.0,-0.000052,0.0,0.0,0.008495,-0.000052,-0.0,-0.000039,-0.0,-0.000039,0.0,-0.000052,0.0,0.0,0.0,0.0,
0.0,-0.010925,0.861109,0.038612,0.0,0.0,0.0,0.1015,0.147331,-0.360726,0.0,0.0,-0.325169,-0.010955,-0.033038,0.53812,-0.251319,0.0,-0.325169,0.010955,0.033038,0.53812,-0.251319,0.0,0.073764,0.178986,0.0,-0.344561,0.0,0.0,0.0,0.073764,-0.178986,0.0,-0.344561,0.0,0.0,0.0,0.0,0.008495,-0.000052,0.0,-0.000039,0.0,-0.000039,0.0,-0.000052,0.0,0.0,0.008495,-0.000052,0.0,-0.000039,0.0,-0.000039,0.0,-0.000052,0.0,0.0,0.0,0.0,
0.0,-0.010824,0.861257,0.038251,0.0,0.0,0.0,0.101501,0.147407,-0.360859,0.0,0.0,-0.323969,-0.010931,-0.03306,0.536669,-0.25071,0.0,-0.323969,0.010931,0.03306,0.536669,-0.25071,0.0,0.073894,0.178942,0.0,-0.344604,0.0,0.0,0.0,0.073894,-0.178942,0.0,-0.344604,-0.0,-0.0,0.0,-0.0,0.008495,-0.000052,0.0,-0.000039,0.0,-0.000039,0.0,-0.000052,0.0,-0.0,0.008495,-0.000052,0.0,-0.000039,0.0,-0.000039,0.0,-0.000052,0.0,0.0,0.0,0.0,
0.0,-0.010722,0.861404,0.03789,0.0,0.0,0.0,0.1015,0.147331,-0.360859,0.0,0.0,-0.322769,-0.010907,-0.033082,0.535218,-0.250101,0.0,-0.322769,0.010907,0.033082,0.535218,-0.250101,0.0,0.074024,0.178897,0.0,-0.344646,0.0,0.0,0.0,0.074024,-0.178897,0.0,-0.344646,0.0,0.0,0.0,0.0,0.008495,-0.000052,0.0,-0.000039,0.0,-0.000039,0.0,-0.000052,0.0,0.0,0.008495,-0.000052,0.0,-0.000039,0.0,-0.000039,0.0,-0.000052,0.0,0.0,0.0,0.0,
0.0,-0.010621,0.861552,0.03753,0.0,0.0,0.0,0.101488,0.147331,-0.360726,0.0,0.0,-0.32157,-0.010883,-0.033104,0.533767,-0.249492,0.0,-0.32157,0.010883,0.033104,0.533767,-0.249492,0.0,0.074154,0.178853,0.0,-0.344689,0.0,0.0,0.0,0.074154,-0.178853,0.0,-0.344689,0.0,-0.0,0.0,0.0,0.008495,-0.000052,0.0,-0.000039,0.0,-0.000039,-0.0,-0.000052,0.0,0.0,0.008495,-0.000052,0.0,-0.000039,0.0,-0.000039,-0.0,-0.000052,0.0,0.0,0.0,0.0,
0.0,-0.010519,0.861699,0.037169,0.0,0.0,0.0,0.1015,0.147331,-0.360859,0.0,0.0,-0.32037,-0.01086,-0.033126,0.532316,-0.248884,0.0,-0.32037,0.01086,0.033126,0.532316,-0.248884,0.0,0.074284,0.178809,0.0,-0.344732,0.0,-0.0,0.0,0.074284,-0.178809,0.0,-0.344732,-0.0,0.0,0.0,-0.0,0.008495,-0.000052,0.0,-0.000039,0.0,-0.000039,-0.0,-0.000052,0.0,-0.0,0.008495,-0.000052,0.0,-0.000039,0.0,-0.000039,-0.0,-0.000052,0.0,0.0,0.0,0.0,
0.0,-0.010418,0.861846,0.036808,0.0,0.0,0.0,0.101501,0.147407,-0.360726,0.0,0.0,-0.31917,-0.010836,-0.033148,0.530865,-0.248275,0.0,-0.31917,0.010836,0.033148,0.530865,-0.248275,0.0,0.074414,0.178765,0.0,-0.344775,0.0,-0.0,0.0,0.074414,-0.178765,0.0,-0.344775,-0.0,0.0,0.0,-0.0,0.008495,-0.000052,-0.0,-0.000039,-0.0,-0.000039,0.0,-0.000052,0.0,-0.0,0.008495,-0.000052,-0.0,-0.000039,-0.0,-0.000039,0.0,-0.000052,0.0,0.0,0.0,0.0,
0.0,-0.010316,0.861994,0.036447,0.0,0.0,0.0,0.101488,0.147331,-0.360859,0.0,0.0,-0.31797,-0.010812,-0.03317,0.529414,-0.247666,0.0,-0.31797,0.010812,0.03317,0.529414,-0.247666,0.0,0.074544,0.178721,0.0,-0.344817,0.0,0.0,0.0,0.074544,-0.178721,0.0,-0.344817,0.0,0.0,0.0,0.0,0.008495,-0.000052,-0.0,-0.000039,-0.0,-0.000039,-0.0,-0.000052,0.0,0.0,0.008495,-0.000052,-0.0,-0.000039,-0.0,-0.000039,-0.0,-0.000052,0.0,0.0,0.0,0.0,
0.0,-0.010215,0.862141,0.036086,0.0,0.0,0.0,0.1015,0.147331,-0.360859,0.0,0.0,-0.316771,-0.010788,-0.033192,0.527963,-0.247057,0.0,-0.316771,0.010788,0.033192,0.527963,-0.247057,0.0,0.074674,0.178677,0.0,-0.34486,0.0,0.0,0.0,0.074674,-0.178677,0.0,-0.34486,0.0,0.0,0.0,0.0,0.008495,-0.000052,-0.0,-0.000039,-0.0,-0.000039,-0.0,-0.000052,0.0,0.0,0.008495,-0.000052,-0.0,-0.000039,-0.0,-0.000039,-0.0,-0.000052,0.0,0.0,0.0,0.0,
0.0,-0.010113,0.862288,0.035726,0.0,0.0,0.0,0.101501,0.147331,-0.360726,0.0,0.0,-0.315571,-0.010764,-0.033214,0.526512,-0.246448,0.0,-0.315571,0.010764,0.033214,0.526512,-0.246448,0.0,0.074804,0.178633,0.0,-0.344903,0.0,0.0,0.0,0.074804,-0.178633,0.0,-0.344903,0.0,-0.0,0.0,0.0,0.008495,-0.000052,0.0,-0.000039,0.0,-0.000039,0.0,-0.000052,0.0,0.0,0.008495,-0.000052,0.0,-0.000039,0.0,-0.000039,0.0,-0.000052,0.0,0.0,0.0,0.0,
0.0,-0.010012,0.862436,0.035365,0.0,0.0,0.0,0.101487,0.147331,-0.360859,0.0,0.0,-0.314371,-0.010741,-0.033236,0.525061,-0.245839,0.0,-0.314371,0.010741,0.033236,0.525061,-0.245839,0.0,0.074934,0.178589,0.0,-0.344946,0.0,-0.0,0.0,0.074934,-0.178589,0.0,-0.344946,-0.0,0.0,0.0,-0.0,0.008495,-0.000052,-0.0,-0.000039,0.0,-0.000039,-0.0,-0.000052,0.0,-0.0,0.008495,-0.000052,-0.0,-0.000039,0.0,-0.000039,-0.0,-0.000052,0.0,0.0,0.0,0.0,
0.0,-0.00991,0.862583,0.035004,0.0,0.0,0.0,0.1015,0.147407,-0.360726,0.0,0.0,-0.313171,-0.010717,-0.033258,0.52361,-0.24523,0.0,-0.313171,0.010717,0.033258,0.52361,-0.24523,0.0,0.075065,0.178544,0.0,-0.344988,0.0,0.0,0.0,0.075065,-0.178544,0.0,-0.344988,0.0,0.0,0.0,0.0,0.008495,-0.000052,-0.0,-0.000039,0.0,-0.000039,0.0,-0.000052,0.0,0.0,0.008495,-0.000052,-0.0,-0.000039,0.0,-0.000039,0.0,-0.000052,0.0,0.0,0.0,0.0,
0.0,-0.009809,0.86273,0.034643,0.0,0.0,0.0,0.1015,0.147331,-0.360859,0.0,0.0,-0.311971,-0.010693,-0.03328,0.522158,-0.244621,0.0,-0.311971,0.010693,0.03328,0.522158,-0.244621,0.0,0.075195,0.1785,0.0,-0.345031,0.0,-0.0,0.0,0.075195,-0.1785,0.0,-0.345031,-0.0,0.0,0.0,-0.0,0.008495,-0.000052,0.0,-0.000039,-0.0,-0.000039,0.0,-0.000052,0.0,-0.0,0.008495,-0.000052,0.0,-0.000039,-0.0,-0.000039,0.0,-0.000052,0.0,0.0,0.0,0.0,
0.0,-0.009707,0.862878,0.034282,0.0,0.0,0.0,0.101487,0.147331,-0.360726,0.0,0.0,-0.310772,-0.010669,-0.033302,0.520708,-0.244012,0.0,-0.310772,0.010669,0.033302,0.520708,-0.244012,0.0,0.075325,0.178456,0.0,-0.345074,-0.0,0.0,0.0,0.075325,-0.178456,0.0,-0.345074,0.0,-0.0,0.0,0.0,0.008495,-0.000052,0.0,-0.000039,0.0,-0.000039,-0.0,-0.000052,0.0,0.0,0.008495,-0.000052,0.0,-0.000039,0.0,-0.000039,-0.0,-0.000052,0.0,0.0,0.0,0.0,
0.0,-0.009606,0.863025,0.033921,0.0,0.0,0.0,0.1015,0.147331,-0.360859,0.0,0.0,-0.309572,-0.010645,-0.033324,0.519256,-0.243403,0.0,-0.309572,0.010645,0.033324,0.519256,-0.243403,0.0,0.075455,0.178412,0.0,-0.345117,0.0,0.0,0.0,0.075455,-0.178412,0.0,-0.345117,0.0,0.0,0.0,0.0,0.008495,-0.000052,-0.0,-0.000039,0.0,-0.000039,0.0,-0.000052,0.0,0.0,0.008495,-0.000052,-0.0,-0.000039,0.0,-0.000039,0.0,-0.000052,0.0,0.0,0.0,0.0,
0.0,-0.009504,0.863172,0.033561,0.0,0.0,0.0,0.1015,0.147407,-0.360859,0.0,0.0,-0.308372,-0.010622,-0.033345,0.517805,-0.242794,0.0,-0.308372,0.010622,0.033345,0.517805,-0.242794,0.0,0.075585,0.178368,0.0,-0.345159,0.0,-0.0,0.0,0.075585,-0.178368,0.0,-0.345159,-0.0,0.0,0.0,-0.0,0.008495,-0.000052,0.0,-0.000039,0.0,-0.000039,-0.0,-0.000052,0.0,-0.0,0.008495,-0.000052,0.0,-0.000039,0.0,-0.000039,-0.0,-0.000052,0.0,0.0,0.0,0.0,
0.0,-0.009403,0.86332,0.0332,0.0,0.0,0.0,0.101488,0.147331,-0.360726,0.0,0.0,-0.307172,-0.010598,-0.033367,0.516354,-0.242185,0.0,-0.307172,0.010598,0.033367,0.516354,-0.242185,0.0,0.075715,0.178324,0.0,-0.345202,0.0,-0.0,0.0,0.075715,-0.178324,0.0,-0.345202,0.0,0.0,0.0,0.0,0.008495,-0.000052,-0.0,-0.000039,0.0,-0.000039,0.0,-0.000052,0.0,0.0,0.008495,-0.000052,-0.0,-0.000039,0.0,-0.000039,0.0,-0.000052,0.0,0.0,0.0,0.0,
0.0,-0.009301,0.863467,0.032839,0.0,0.0,0.0,0.1015,0.147331,-0.360859,0.0,0.0,-0.305973,-0.010574,-0.033389,0.514903,-0.241576,0.0,-0.305973,0.010574,0.033389,0.514903,-0.241576,0.0,0.075845,0.17828,0.0,-0.345245,0.0,0.0,0.0,0.075845,-0.17828,0.0,-0.345245,0.0,-0.0,0.0,0.0,0.008495,-0.000052,0.0,-0.000039,0.0,-0.000039,-0.0,-0.000052,0.0,0.0,0.008495,-0.000052,0.0,-0.000039,0.0,-0.000039,-0.0,-0.000052,0.0,0.0,0.0,0.0,
0.0,-0.0092,0.863614,0.032478,0.0,0.0,0.0,0.1015,0.147407,-0.360859,0.0,0.0,-0.304773,-0.01055,-0.033411,0.513452,-0.240967,0.0,-0.304773,0.01055,0.033411,0.513452,-0.240967,0.0,0.075975,0.178236,0.0,-0.345288,0.0,0.0,0.0,0.075975,-0.178236,0.0,-0.345288,0.0,0.0,0.0,0.0,0.008495,-0.000052,0.0,-0.000039,0.0,-0.000039,0.0,-0.000052,0.0,0.0,0.008495,-0.000052,0.0,-0.000039,0.0,-0.000039,0.0,-0.000052,0.0,0.0,0.0,0.0,
0.0,-0.009098,0.863762,0.032117,0.0,0.0,0.0,0.101487,0.147331,-0.360726,0.0,0.0,-0.303573,-0.010526,-0.033433,0.512002,-0.240359,0.0,-0.303573,0.010526,0.033433,0.512002,-0.240359,0.0,0.076105,0.178191,0.0,-0.34533,-0.0,-0.0,0.0,0.076105,-0.178191,0.0,-0.34533,0.0,0.0,0.0,0.0,0.008495,-0.000052,-0.0,-0.000039,0.0,-0.000039,0.0,-0.000052,0.0,0.0,0.008495,-0.000052,-0.0,-0.000039,0.0,-0.000039,0.0,-0.000052,0.0,0.0,0.0,0.0,
0.0,-0.008997,0.863909,0.031757,0.0,0.0,0.0,0.1015,0.147331,-0.360859,0.0,0.0,-0.302373,-0.010503,-0.033455,0.51055,-0.23975,0.0,-0.302373,0.010503,0.033455,0.51055,-0.23975,0.0,0.076236,0.178147,0.0,-0.345373,0.0,0.0,0.0,0.076236,-0.178147,0.0,-0.345373,0.0,0.0,0.0,0.0,0.008495,-0.000052,-0.0,-0.000039,0.0,-0.000039,0.0,-0.000052,0.0,0.0,0.008495,-0.000052,-0.0,-0.000039,0.0,-0.000039,0.0,-0.000052,0.0,0.0,0.0,0.0,
0.0,-0.008895,0.864056,0.031396,0.0,0.0,0.0,0.1015,0.147331,-0.360726,0.0,0.0,-0.301174,-0.010479,-0.033477,0.509099,-0.239141,0.0,-0.301174,0.010479,0.033477,0.509099,-0.239141,0.0,0.076366,0.178103,0.0,-0.345416,0.0,0.0,0.0,0.076366,-0.178103,0.0,-0.345416,0.0,-0.0,0.0,0.0,0.008495,-0.000052,-0.0,-0.000039,0.0,-0.000039,-0.0,-0.000052,0.0,0.0,0.008495,-0.000052,-0.0,-0.000039,0.0,-0.000039,-0.0,-0.000052,0.0,0.0,0.0,0.0,
0.0,-0.008794,0.864204,0.031035,0.0,0.0,0.0,0.1015,0.147407,-0.360859,0.0,0.0,-0.299974,-0.010455,-0.033499,0.507648,-0.238532,0.0,-0.299974,0.010455,0.033499,0.507648,-0.238532,0.0,0.076496,0.178059,0.0,-0.345459,0.0,-0.0,0.0,0.076496,-0.178059,0.0,-0.345459,0.0,0.0,0.0,0.0,0.008495,-0.000052,0.0,-0.000039,0.0,-0.000039,0.0,-0.000052,0.0,0.0,0.008495,-0.000052,0.0,-0.000039,0.0,-0.000039,0.0,-0.000052,0.0,0.0,0.0,0.0,
0.0,-0.008692,0.864351,0.030674,0.0,0.0,0.0,0.101488,0.147331,-0.360726,0.0,0.0,-0.298774,-0.010431,-0.033521,0.506198,-0.237923,0.0,-0.298774,0.010431,0.033521,0.506198,-0.237923,0.0,0.076626,0.178015,0.0,-0.345501,0.0,0.0,0.0,0.076626,-0.178015,0.0,-0.345501,0.0,0.0,0.0,0.0,0.008495,-0.000052,0.0,-0.000039,-0.0,-0.000039,-0.0,-0.000052,0.0,0.0,0.008495,-0.000052,0.0,-0.000039,-0.0,-0.000039,-0.0,-0.000052,0.0,0.0,0.0,0.0,
0.0,-0.008591,0.864498,0.030313,0.0,0.0,0.0,0.1015,0.147331,-0.360859,0.0,0.0,-0.297575,-0.010407,-0.033543,0.504747,-0.237314,0.0,-0.297575,0.010407,0.033543,0.504747,-0.237314,0.0,0.076756,0.177971,0.0,-0.345544,0.0,0.0,0.0,0.076756,-0.177971,0.0,-0.345544,0.0,0.0,0.0,0.0,0.008495,-0.000052,-0.0,-0.000039,0.0,-0.000039,0.0,-0.000052,0.0,0.0,0.008495,-0.000052,-0.0,-0.000039,0.0,-0.000039,0.0,-0.000052,0.0,0.0,0.0,0.0,
0.0,-0.008489,0.864646,0.029953,0.0,0.0,0.0,0.1015,0.147331,-0.360859,0.0,0.0,-0.296375,-0.010384,-0.033565,0.503296,-0.236705,0.0,-0.296375,0.010384,0.033565,0.503296,-0.236705,0.0,0.076886,0.177927,0.0,-0.345587,0.0,0.0,0.0,0.076886,-0.177927,0.0,-0.345587,0.0,0.0,0.0,0.0,0.008495,-0.000052,0.0,-0.000039,0.0,-0.000039,0.0,-0.000052,0.0,0.0,0.008495,-0.000052,0.0,-0.000039,0.0,-0.000039,0.0,-0.000052,0.0,0.0,0.0,0.0,
0.0,-0.008398,0.864776,0.029629,0.0,0.0,0.0,0.091085,0.13024,-0.323708,0.0,0.0,-0.295263,-0.010361,-0.033583,0.501925,-0.236122,0.0,-0.295263,0.010361,0.033583,0.501925,-0.236122,0.0,0.077002,0.177889,0.0,-0.345626,0.0,0.0,0.0,0.077002,-0.177889,0.0,-0.345626,0.0,0.0,0.0,0.0,0.008495,-0.000052,-0.0,-0.000039,0.0,-0.000039,-0.0,-0.000052,0.0,0.0,0.008495,-0.000052,-0.0,-0.000039,0.0,-0.000039,-0.0,-0.000052,0.0,0.0,0.0,0.0,
0.0,-0.008312,0.864899,0.029321,0.0,0.0,0.0,0.086557,0.122763,-0.307729,0.0,0.0,-0.294188,-0.010339,-0.0336,0.500588,-0.235551,0.0,-0.294188,0.010339,0.0336,0.500588,-0.235551,0.0,0.077112,0.177854,0.0,-0.345663,-0.0,-0.0,0.0,0.077112,-0.177854,0.0,-0.345663,0.0,0.0,0.0,0.0,0.008495,-0.000052,-0.0,-0.000039,0.0,-0.000039,0.0,-0.000052,0.0,0.0,0.008495,-0.000052,-0.0,-0.000039,0.0,-0.000039,0.0,-0.000052,0.0,0.0,0.0,0.0,
0.0,-0.008225,0.865022,0.029013,0.0,0.0,0.0,0.086557,0.122763,-0.307729,0.0,0.0,-0.293114,-0.010317,-0.033616,0.499251,-0.23498,0.0,-0.293114,0.010317,0.033616,0.499251,-0.23498,0.0,0.077222,0.177819,0.0,-0.3457,0.0,0.0,0.0,0.077222,-0.177819,0.0,-0.3457,0.0,-0.0,0.0,0.0,0.008495,-0.000052,-0.0,-0.000039,0.0,-0.000039,-0.0,-0.000052,0.0,0.0,0.008495,-0.000052,-0.0,-0.000039,0.0,-0.000039,-0.0,-0.000052,0.0,0.0,0.0,0.0,
0.0,-0.008139,0.865144,0.028706,0.0,0.0,0.0,0.086546,0.122763,-0.307596,0.0,0.0,-0.29204,-0.010295,-0.033633,0.497915,-0.234408,0.0,-0.29204,0.010295,0.033633,0.497915,-0.234408,0.0,0.077332,0.177784,0.0,-0.345737,0.0,0.0,0.0,0.077332,-0.177784,0.0,-0.345737,0.0,0.0,0.0,0.0,0.008495,-0.000052,0.0,-0.000039,0.0,-0.000039,0.0,-0.000052,0.0,0.0,0.008495,-0.000052,0.0,-0.000039,0.0,-0.000039,0.0,-0.000052,0.0,0.0,0.0,0.0,
0.0,-0.008052,0.865267,0.028398,0.0,0.0,0.0,0.086557,0.122763,-0.307596,0.0,0.0,-0.290965,-0.010273,-0.033649,0.496578,-0.233837,0.0,-0.290965,0.010273,0.033649,0.496578,-0.233837,0.0,0.077442,0.177749,0.0,-0.345775,-0.0,-0.0,0.0,0.077442,-0.177749,0.0,-0.345775,0.0,0.0,0.0,0.0,0.008495,-0.000052,0.0,-0.000039,-0.0,-0.000039,0.0,-0.000052,0.0,0.0,0.008495,-0.000052,0.0,-0.000039,-0.0,-0.000039,0.0,-0.000052,0.0,0.0,0.0,0.0,
0.0,-0.007965,0.86539,0.02809,0.0,0.0,0.0,0.086557,0.122763,-0.307729,0.0,0.0,-0.289891,-0.010251,-0.033666,0.495241,-0.233266,0.0,-0.289891,0.010251,0.033666,0.495241,-0.233266,0.0,0.077552,0.177714,0.0,-0.345812,0.0,0.0,0.0,0.077552,-0.177714,0.0,-0.345812,0.0,-0.0,0.0,0.0,0.008495,-0.000052,-0.0,-0.000039,0.0,-0.000039,0.0,-0.000052,0.0,0.0,0.008495,-0.000052,-0.0,-0.000039,0.0,-0.000039,0.0,-0.000052,0.0,0.0,0.0,0.0,
0.0,-0.007879,0.865513,0.027783,0.0,0.0,0.0,0.086546,0.122763,-0.307596,0.0,0.0,-0.288817,-0.010229,-0.033682,0.493904,-0.232694,0.0,-0.288817,0.010229,0.033682,0.493904,-0.232694,0.0,0.077662,0.177679,0.0,-0.345849,0.0,0.0,0.0,0.077662,-0.177679,0.0,-0.345849,0.0,0.0,0.0,0.0,0.008495,-0.000052,-0.0,-0.000039,0.0,-0.000039,-0.0,-0.000052,0.0,0.0,0.008495,-0.000052,-0.0,-0.000039,0.0,-0.000039,-0.0,-0.000052,0.0,0.0,0.0,0.0,
0.0,-0.007792,0.865635,0.027475,0.0,0.0,0.0,0.086557,0.122763,-0.307729,0.0,0.0,-0.287743,-0.010207,-0.033699,0.492568,-0.232123,0.0,-0.287743,0.010207,0.033699,0.492568,-0.232123,0.0,0.077772,0.177644,0.0,-0.345886,0.0,0.0,0.0,0.077772,-0.177644,0.0,-0.345886,0.0,0.0,0.0,0.0,0.008495,-0.000052,-0.0,-0.000039,0.0,-0.000039,0.0,-0.000052,0.0,0.0,0.008495,-0.000052,-0.0,-0.000039,0.0,-0.000039,0.0,-0.000052,0.0,0.0,0.0,0.0,
0.0,-0.007706,0.865758,0.027167,0.0,0.0,0.0,0.086557,0.122839,-0.307729,0.0,0.0,-0.286668,-0.010185,-0.033715,0.491231,-0.231551,0.0,-0.286668,0.010185,0.033715,0.491231,-0.231551,0.0,0.077882,0.17761,0.0,-0.345923,0.0,-0.0,0.0,0.077882,-0.17761,0.0,-0.345923,0.0,0.0,0.0,0.0,0.008495,-0.000052,0.0,-0.000039,-0.0,-0.000039,0.0,-0.000052,0.0,0.0,0.008495,-0.000052,0.0,-0.000039,-0.0,-0.000039,0.0,-0.000052,0.0,0.0,0.0,0.0,
0.0,-0.007619,0.865881,0.02686,0.0,0.0,0.0,0.086558,0.122763,-0.307596,0.0,0.0,-0.285594,-0.010163,-0.033732,0.489894,-0.23098,0.0,-0.285594,0.010163,0.033732,0.489894,-0.23098,0.0,0.077992,0.177575,-0.0,-0.34596,0.0,0.0,0.0,0.077992,-0.177575,0.0,-0.34596,0.0,0.0,0.0,0.0,0.008495,-0.000052,-0.0,-0.000039,0.0,-0.000039,0.0,-0.000052,0.0,0.0,0.008495,-0.000052,-0.0,-0.000039,0.0,-0.000039,0.0,-0.000052,0.0,0.0,0.0,0.0,
0.0,-0.007533,0.866004,0.026552,0.0,0.0,0.0,0.086546,0.122763,-0.307729,0.0,0.0,-0.28452,-0.010141,-0.033748,0.488557,-0.230409,0.0,-0.28452,0.010141,0.033748,0.488557,-0.230409,0.0,0.078102,0.17754,0.0,-0.345998,0.0,0.0,0.0,0.078102,-0.17754,0.0,-0.345998,0.0,0.0,0.0,0.0,0.008495,-0.000052,0.0,-0.000039,0.0,-0.000039,0.0,-0.000052,0.0,0.0,0.008495,-0.000052,0.0,-0.000039,0.0,-0.000039,0.0,-0.000052,0.0,0.0,0.0,0.0,
0.0,-0.007446,0.866127,0.026245,0.0,0.0,0.0,0.086557,0.122763,-0.307596,0.0,0.0,-0.283445,-0.010119,-0.033765,0.48722,-0.229837,0.0,-0.283445,0.010119,0.033765,0.48722,-0.229837,0.0,0.078212,0.177505,0.0,-0.346035,0.0,0.0,0.0,0.078212,-0.177505,0.0,-0.346035,0.0,0.0,0.0,0.0,0.008495,-0.000052,0.0,-0.000039,0.0,-0.000039,0.0,-0.000052,0.0,0.0,0.008495,-0.000052,0.0,-0.000039,0.0,-0.000039,0.0,-0.000052,0.0,0.0,0.0,0.0,
0.0,-0.00736,0.866249,0.025937,0.0,0.0,0.0,0.086557,0.122763,-0.307729,0.0,0.0,-0.282371,-0.010097,-0.033781,0.485884,-0.229266,0.0,-0.282371,0.010097,0.033781,0.485884,-0.229266,0.0,0.078322,0.17747,0.0,-0.346072,0.0,0.0,0.0,0.078322,-0.17747,0.0,-0.346072,0.0,0.0,0.0,0.0,0.008495,-0.000052,-0.0,-0.000039,-0.0,-0.000039,0.0,-0.000052,0.0,0.0,0.008495,-0.000052,-0.0,-0.000039,-0.0,-0.000039,0.0,-0.000052,0.0,0.0,0.0,0.0,
0.0,-0.007273,0.866372,0.025629,0.0,0.0,0.0,0.086546,0.122763,-0.307596,0.0,0.0,-0.281297,-0.010075,-0.033798,0.484547,-0.228695,0.0,-0.281297,0.010075,0.033798,0.484547,-0.228695,0.0,0.078432,0.177435,0.0,-0.346109,-0.0,-0.0,0.0,0.078432,-0.177435,0.0,-0.346109,0.0,0.0,0.0,0.0,0.008495,-0.000052,-0.0,-0.000039,0.0,-0.000039,0.0,-0.000052,0.0,0.0,0.008495,-0.000052,-0.0,-0.000039,0.0,-0.000039,0.0,-0.000052,0.0,0.0,0.0,0.0,
0.0,-0.007187,0.866495,0.025321,0.0,0.0,0.0,0.086557,0.122763,-0.307729,0.0,0.0,-0.280222,-0.010053,-0.033814,0.48321,-0.228123,0.0,-0.280222,0.010053,0.033814,0.48321,-0.228123,0.0,0.078542,0.1774,0.0,-0.346146,0.0,0.0,0.0,0.078542,-0.1774,0.0,-0.346146,-0.0,-0.0,0.0,-0.0,0.008495,-0.000052,-0.0,-0.000039,-0.0,-0.000039,0.0,-0.000052,0.0,-0.0,0.008495,-0.000052,-0.0,-0.000039,-0.0,-0.000039,0.0,-0.000052,0.0,0.0,0.0,0.0,
0.0,-0.0071,0.866618,0.025014,0.0,0.0,0.0,0.086557,0.122763,-0.307596,0.0,0.0,-0.279148,-0.010031,-0.033831,0.481873,-0.227552,0.0,-0.279148,0.010031,0.033831,0.481873,-0.227552,0.0,0.078652,0.177365,0.0,-0.346184,0.0,-0.0,0.0,0.078652,-0.177365,0.0,-0.346184,0.0,0.0,0.0,0.0,0.008495,-0.000052,0.0,-0.000039,0.0,-0.000039,0.0,-0.000052,-0.0,0.0,0.008495,-0.000052,0.0,-0.000039,0.0,-0.000039,0.0,-0.000052,-0.0,0.0,0.0,0.0,
0.0,-0.007013,0.86674,0.024706,0.0,0.0,0.0,0.086546,0.122763,-0.307729,0.0,0.0,-0.278074,-0.010009,-0.033847,0.480537,-0.226981,0.0,-0.278074,0.010009,0.033847,0.480537,-0.226981,0.0,0.078761,0.17733,0.0,-0.346221,0.0,0.0,0.0,0.078761,-0.17733,0.0,-0.346221,0.0,0.0,0.0,0.0,0.008495,-0.000052,-0.0,-0.000039,0.0,-0.000039,0.0,-0.000052,0.0,0.0,0.008495,-0.000052,-0.0,-0.000039,0.0,-0.000039,0.0,-0.000052,0.0,0.0,0.0,0.0,
0.0,-0.006927,0.866863,0.024399,0.0,0.0,0.0,0.086557,0.122763,-0.307596,0.0,0.0,-0.276999,-0.009987,-0.033864,0.4792,-0.226409,0.0,-0.276999,0.009987,0.033864,0.4792,-0.226409,0.0,0.078871,0.177295,0.0,-0.346258,0.0,0.0,0.0,0.078871,-0.177295,0.0,-0.346258,0.0,-0.0,0.0,0.0,0.008495,-0.000052,0.0,-0.000039,0.0,-0.000039,0.0,-0.000052,0.0,0.0,0.008495,-0.000052,0.0,-0.000039,0.0,-0.000039,0.0,-0.000052,0.0,0.0,0.0,0.0,
0.0,-0.00684,0.866986,0.024091,0.0,0.0,0.0,0.086557,0.122763,-0.307729,0.0,0.0,-0.275925,-0.009965,-0.03388,0.477863,-0.225838,0.0,-0.275925,0.009965,0.03388,0.477863,-0.225838,0.0,0.078981,0.17726,0.0,-0.346295,0.0,0.0,0.0,0.078981,-0.17726,0.0,-0.346295,0.0,0.0,0.0,0.0,0.008495,-0.000052,-0.0,-0.000039,-0.0,-0.000039,0.0,-0.000052,0.0,0.0,0.008495,-0.000052,-0.0,-0.000039,-0.0,-0.000039,0.0,-0.000052,0.0,0.0,0.0,0.0,
0.0,-0.006754,0.867109,0.023783,0.0,0.0,0.0,0.086546,0.122763,-0.307596,0.0,0.0,-0.274851,-0.009944,-0.033897,0.476526,-0.225267,0.0,-0.274851,0.009944,0.033897,0.476526,-0.225267,0.0,0.079091,0.177225,0.0,-0.346332,0.0,0.0,0.0,0.079091,-0.177225,0.0,-0.346332,0.0,-0.0,0.0,0.0,0.008495,-0.000052,0.0,-0.000039,-0.0,-0.000039,0.0,-0.000052,0.0,0.0,0.008495,-0.000052,0.0,-0.000039,-0.0,-0.000039,0.0,-0.000052,0.0,0.0,0.0,0.0,
0.0,-0.006667,0.867231,0.023475,0.0,0.0,0.0,0.086557,0.122763,-0.307729,0.0,0.0,-0.273776,-0.009922,-0.033913,0.475189,-0.224695,0.0,-0.273776,0.009922,0.033913,0.475189,-0.224695,0.0,0.079201,0.17719,0.0,-0.346369,0.0,0.0,0.0,0.079201,-0.17719,0.0,-0.346369,0.0,0.0,0.0,0.0,0.008495,-0.000052,0.0,-0.000039,0.0,-0.000039,0.0,-0.000052,0.0,0.0,0.008495,-0.000052,0.0,-0.000039,0.0,-0.000039,0.0,-0.000052,0.0,0.0,0.0,0.0,
0.0,-0.006581,0.867354,0.023168,0.0,0.0,0.0,0.086557,0.122763,-0.307729,0.0,0.0,-0.272702,-0.0099,-0.03393,0.473852,-0.224124,0.0,-0.272702,0.0099,0.03393,0.473852,-0.224124,0.0,0.079311,0.177155,0.0,-0.346407,0.0,0.0,0.0,0.079311,-0.177155,0.0,-0.346407,0.0,0.0,0.0,0.0,0.008495,-0.000052,-0.0,-0.000039,0.0,-0.000039,-0.0,-0.000052,0.0,0.0,0.008495,-0.000052,-0.0,-0.000039,0.0,-0.000039,-0.0,-0.000052,0.0,0.0,0.0,0.0,
0.0,-0.006494,0.867477,0.02286,0.0,0.0,0.0,0.086546,0.122763,-0.307596,0.0,0.0,-0.271628,-0.009878,-0.033946,0.472516,-0.223553,0.0,-0.271628,0.009878,0.033946,0.472516,-0.223553,0.0,0.079421,0.177121,0.0,-0.346444,0.0,0.0,0.0,0.079421,-0.177121,0.0,-0.346444,0.0,0.0,0.0,0.0,0.008495,-0.000052,-0.0,-0.000039,-0.0,-0.000039,0.0,-0.000052,0.0,0.0,0.008495,-0.000052,-0.0,-0.000039,-0.0,-0.000039,0.0,-0.000052,0.0,0.0,0.0,0.0,
0.0,-0.006408,0.8676,0.022553,0.0,0.0,0.0,0.086557,0.122763,-0.307596,0.0,0.0,-0.270553,-0.009856,-0.033963,0.471179,-0.222981,0.0,-0.270553,0.009856,0.033963,0.471179,-0.222981,0.0,0.079531,0.177086,0.0,-0.346481,0.0,0.0,0.0,0.079531,-0.177086,0.0,-0.346481,0.0,0.0,0.0,0.0,0.008495,-0.000052,0.0,-0.000039,-0.0,-0.000039,0.0,-0.000052,0.0,0.0,0.008495,-0.000052,0.0,-0.000039,-0.0,-0.000039,0.0,-0.000052,0.0,0.0,0.0,0.0,
0.0,-0.006321,0.867722,0.022245,0.0,0.0,0.0,0.086557,0.122763,-0.307729,0.0,0.0,-0.269479,-0.009834,-0.033979,0.469842,-0.22241,0.0,-0.269479,0.009834,0.033979,0.469842,-0.22241,0.0,0.079641,0.177051,0.0,-0.346518,0.0,0.0,0.0,0.079641,-0.177051,0.0,-0.346518,0.0,0.0,0.0,0.0,0.008495,-0.000052,0.0,-0.000039,-0.0,-0.000039,0.0,-0.000052,0.0,0.0,0.008495,-0.000052,0.0,-0.000039,-0.0,-0.000039,0.0,-0.000052,0.0,0.0,0.0,0.0,
0.0,-0.006234,0.867845,0.021937,0.0,0.0,0.0,0.086546,0.122763,-0.307596,0.0,0.0,-0.268405,-0.009812,-0.033995,0.468505,-0.221839,0.0,-0.268405,0.009812,0.033995,0.468505,-0.221839,0.0,0.079751,0.177016,0.0,-0.346555,-0.0,0.0,0.0,0.079751,-0.177016,0.0,-0.346555,0.0,-0.0,0.0,0.0,0.008495,-0.000052,0.0,-0.000039,0.0,-0.000039,0.0,-0.000052,0.0,0.0,0.008495,-0.000052,0.0,-0.000039,0.0,-0.000039,0.0,-0.000052,0.0,0.0,0.0,0.0,
0.0,-0.006148,0.867968,0.02163,0.0,0.0,0.0,0.086557,0.122763,-0.307729,0.0,0.0,-0.26733,-0.00979,-0.034012,0.467169,-0.221267,0.0,-0.26733,0.00979,0.034012,0.467169,-0.221267,0.0,0.079861,0.176981,0.0,-0.346592,0.0,-0.0,0.0,0.079861,-0.176981,0.0,-0.346592,0.0,0.0,0.0,0.0,0.008495,-0.000052,-0.0,-0.000039,0.0,-0.000039,-0.0,-0.000052,0.0,0.0,0.008495,-0.000052,-0.0,-0.000039,0.0,-0.000039,-0.0,-0.000052,0.0,0.0,0.0,0.0,
0.0,-0.006061,0.868091,0.021322,0.0,0.0,0.0,0.086557,0.122763,-0.307729,0.0,0.0,-0.266256,-0.009768,-0.034028,0.465832,-0.220696,0.0,-0.266256,0.009768,0.034028,0.465832,-0.220696,0.0,0.079971,0.176946,0.0,-0.34663,0.0,0.0,0.0,0.079971,-0.176946,0.0,-0.34663,0.0,-0.0,0.0,0.0,0.008495,-0.000052,-0.0,-0.000039,0.0,-0.000039,-0.0,-0.000052,-0.0,0.0,0.008495,-0.000052,-0.0,-0.000039,0.0,-0.000039,-0.0,-0.000052,-0.0,0.0,0.0,0.0,
0.0,-0.005975,0.868213,0.021014,0.0,0.0,0.0,0.086557,0.122763,-0.307596,0.0,0.0,-0.265182,-0.009746,-0.034045,0.464495,-0.220124,0.0,-0.265182,0.009746,0.034045,0.464495,-0.220124,0.0,0.080081,0.176911,0.0,-0.346667,0.0,0.0,0.0,0.080081,-0.176911,0.0,-0.346667,0.0,0.0,0.0,0.0,0.008495,-0.000052,-0.0,-0.000039,0.0,-0.000039,0.0,-0.000052,0.0,0.0,0.008495,-0.000052,-0.0,-0.000039,0.0,-0.000039,0.0,-0.000052,0.0,0.0,0.0,0.0,
0.0,-0.005888,0.868336,0.020706,0.0,0.0,0.0,0.086546,0.122763,-0.307729,0.0,0.0,-0.264107,-0.009724,-0.034061,0.463158,-0.219553,0.0,-0.264107,0.009724,0.034061,0.463158,-0.219553,0.0,0.080191,0.176876,0.0,-0.346704,0.0,0.0,0.0,0.080191,-0.176876,0.0,-0.346704,0.0,-0.0,0.0,0.0,0.008495,-0.000052,0.0,-0.000039,-0.0,-0.000039,0.0,-0.000052,0.0,0.0,0.008495,-0.000052,0.0,-0.000039,-0.0,-0.000039,0.0,-0.000052,0.0,0.0,0.0,0.0,
0.0,-0.005802,0.868459,0.020399,0.0,0.0,0.0,0.086557,0.122763,-0.307596,0.0,0.0,-0.263033,-0.009702,-0.034078,0.461822,-0.218982,0.0,-0.263033,0.009702,0.034078,0.461822,-0.218982,0.0,0.080301,0.176841,0.0,-0.346741,0.0,0.0,0.0,0.080301,-0.176841,0.0,-0.346741,0.0,0.0,0.0,0.0,0.008495,-0.000052,-0.0,-0.000039,0.0,-0.000039,0.0,-0.000052,0.0,0.0,0.008495,-0.000052,-0.0,-0.000039,0.0,-0.000039,0.0,-0.000052,0.0,0.0,0.0,0.0,
0.0,-0.005715,0.868582,0.020091,0.0,0.0,0.0,0.086557,0.122763,-0.307729,0.0,0.0,-0.261959,-0.00968,-0.034094,0.460485,-0.21841,0.0,-0.261959,0.00968,0.034094,0.460485,-0.21841,0.0,0.080411,0.176806,0.0,-0.346778,0.0,-0.0,0.0,0.080411,-0.176806,0.0,-0.346778,0.0,0.0,0.0,0.0,0.008495,-0.000052,0.0,-0.000039,-0.0,-0.000039,0.0,-0.000052,0.0,0.0,0.008495,-0.000052,0.0,-0.000039,-0.0,-0.000039,0.0,-0.000052,0.0,0.0,0.0,0.0,
0.0,-0.005629,0.868704,0.019784,0.0,0.0,0.0,0.086546,0.122763,-0.307596,0.0,0.0,-0.260885,-0.009658,-0.034111,0.459148,-0.217839,0.0,-0.260885,0.009658,0.034111,0.459148,-0.217839,0.0,0.080521,0.176771,0.0,-0.346816,-0.0,0.0,0.0,0.080521,-0.176771,0.0,-0.346816,0.0,-0.0,0.0,0.0,0.008495,-0.000052,-0.0,-0.000039,0.0,-0.000039,0.0,-0.000052,0.0,0.0,0.008495,-0.000052,-0.0,-0.000039,0.0,-0.000039,0.0,-0.000052,0.0,0.0,0.0,0.0,
0.0,-0.005548,0.868818,0.019497,0.0,0.0,0.0,0.080541,0.113455,-0.28629,0.0,0.0,-0.259868,-0.009637,-0.034127,0.457872,-0.217291,0.0,-0.259868,0.009637,0.034127,0.457872,-0.217291,0.0,0.080622,0.176738,0.0,-0.346849,0.0,-0.0,0.0,0.080622,-0.176738,0.0,-0.346849,-0.0,0.0,0.0,-0.0,0.008495,-0.000052,0.0,-0.000039,0.0,-0.000039,0.0,-0.000052,0.0,-0.0,0.008495,-0.000052,0.0,-0.000039,0.0,-0.000039,0.0,-0.000052,0.0,0.0,0.0,0.0,
0.0,-0.005478,0.868915,0.019248,0.0,0.0,0.0,0.070048,0.097203,-0.249139,0.0,0.0,-0.258951,-0.009616,-0.034141,0.456699,-0.216785,0.0,-0.258951,0.009616,0.034141,0.456699,-0.216785,0.0,0.080708,0.176709,0.0,-0.346877,0.0,0.0,0.0,0.080708,-0.176709,0.0,-0.346877,0.0,0.0,0.0,0.0,0.008495,-0.000052,0.0,-0.000039,0.0,-0.000039,0.0,-0.000052,0.0,0.0,0.008495,-0.000052,0.0,-0.000039,0.0,-0.000039,0.0,-0.000052,0.0,0.0,0.0,0.0,
0.0,-0.005408,0.869012,0.018999,0.0,0.0,0.0,0.070039,0.097203,-0.249006,0.0,0.0,-0.258034,-0.009596,-0.034156,0.455526,-0.216279,0.0,-0.258034,0.009596,0.034156,0.455526,-0.216279,0.0,0.080794,0.176679,0.0,-0.346905,0.0,0.0,0.0,0.080794,-0.176679,0.0,-0.346905,0.0,0.0,0.0,0.0,0.008495,-0.000052,-0.0,-0.000039,0.0,-0.000039,0.0,-0.000052,0.0,0.0,0.008495,-0.000052,-0.0,-0.000039,0.0,-0.000039,0.0,-0.000052,0.0,0.0,0.0,0.0,
0.0,-0.005338,0.86911,0.01875,0.0,0.0,0.0,0.070048,0.097203,-0.249006,0.0,0.0,-0.257117,-0.009576,-0.034171,0.454354,-0.215772,0.0,-0.257117,0.009576,0.034171,0.454354,-0.215772,0.0,0.08088,0.17665,0.0,-0.346933,0.0,0.0,0.0,0.08088,-0.17665,0.0,-0.346933,0.0,-0.0,0.0,0.0,0.008495,-0.000052,0.0,-0.000039,-0.0,-0.000039,-0.0,-0.000052,0.0,0.0,0.008495,-0.000052,0.0,-0.000039,-0.0,-0.000039,-0.0,-0.000052,0.0,0.0,0.0,0.0,
0.0,-0.005268,0.869207,0.018501,0.0,0.0,0.0,0.070048,0.097203,-0.249139,0.0,0.0,-0.2562,-0.009556,-0.034185,0.453181,-0.215266,0.0,-0.2562,0.009556,0.034185,0.453181,-0.215266,0.0,0.080967,0.176621,0.0,-0.346961,0.0,0.0,0.0,0.080967,-0.176621,0.0,-0.346961,0.0,0.0,0.0,0.0,0.008495,-0.000052,-0.0,-0.000039,0.0,-0.000039,0.0,-0.000052,0.0,0.0,0.008495,-0.000052,-0.0,-0.000039,0.0,-0.000039,0.0,-0.000052,0.0,0.0,0.0,0.0,
0.0,-0.005198,0.869304,0.018252,0.0,0.0,0.0,0.070039,0.097203,-0.249006,0.0,0.0,-0.255283,-0.009536,-0.0342,0.452009,-0.21476,0.0,-0.255283,0.009536,0.0342,0.452009,-0.21476,0.0,0.081053,0.176591,0.0,-0.346989,0.0,-0.0,0.0,0.081053,-0.176591,0.0,-0.346989,0.0,0.0,0.0,0.0,0.008495,-0.000052,0.0,-0.000039,0.0,-0.000039,0.0,-0.000052,-0.0,0.0,0.008495,-0.000052,0.0,-0.000039,0.0,-0.000039,0.0,-0.000052,-0.0,0.0,0.0,0.0,
0.0,-0.005128,0.869401,0.018003,0.0,0.0,0.0,0.070048,0.097203,-0.249006,0.0,0.0,-0.254366,-0.009516,-0.034215,0.450836,-0.214253,0.0,-0.254366,0.009516,0.034215,0.450836,-0.214253,0.0,0.081139,0.176562,0.0,-0.347017,-0.0,0.0,0.0,0.081139,-0.176562,0.0,-0.347017,0.0,-0.0,0.0,0.0,0.008495,-0.000052,0.0,-0.000039,0.0,-0.000039,0.0,-0.000052,0.0,0.0,0.008495,-0.000052,0.0,-0.000039,0.0,-0.000039,0.0,-0.000052,0.0,0.0,0.0,0.0,
0.0,-0.005058,0.869498,0.017754,0.0,0.0,0.0,0.070048,0.097127,-0.249139,0.0,0.0,-0.253449,-0.009496,-0.034229,0.449663,-0.213747,0.0,-0.253449,0.009496,0.034229,0.449663,-0.213747,0.0,0.081225,0.176532,0.0,-0.347045,0.0,0.0,0.0,0.081225,-0.176532,0.0,-0.347045,-0.0,-0.0,0.0,-0.0,0.008495,-0.000052,-0.0,-0.000039,-0.0,-0.000039,-0.0,-0.000052,0.0,-0.0,0.008495,-0.000052,-0.0,-0.000039,-0.0,-0.000039,-0.0,-0.000052,0.0,0.0,0.0,0.0,
0.0,-0.004988,0.869596,0.017505,0.0,0.0,0.0,0.070048,0.097203,-0.249006,0.0,0.0,-0.252532,-0.009475,-0.034244,0.448491,-0.213241,0.0,-0.252532,0.009475,0.034244,0.448491,-0.213241,0.0,0.081311,0.176503,0.0,-0.347072,0.0,0.0,0.0,0.081311,-0.176503,0.0,-0.347072,0.0,0.0,0.0,0.0,0.008495,-0.000052,-0.0,-0.000039,0.0,-0.000039,0.0,-0.000052,0.0,0.0,0.008495,-0.000052,-0.0,-0.000039,0.0,-0.000039,0.0,-0.000052,0.0,0.0,0.0,0.0,
0.0,-0.004918,0.869693,0.017256,0.0,0.0,0.0,0.070039,0.097203,-0.249006,0.0,0.0,-0.251615,-0.009455,-0.034259,0.447318,-0.212734,0.0,-0.251615,0.009455,0.034259,0.447318,-0.212734,0.0,0.081397,0.176474,0.0,-0.3471,0.0,0.0,0.0,0.081397,-0.176474,0.0,-0.3471,0.0,0.0,0.0,0.0,0.008495,-0.000052,-0.0,-0.000039,-0.0,-0.000039,-0.0,-0.000052,0.0,0.0,0.008495,-0.000052,-0.0,-0.000039,-0.0,-0.000039,-0.0,-0.000052,0.0,0.0,0.0,0.0,
0.0,-0.004848,0.86979,0.017007,0.0,0.0,0.0,0.070048,0.097203,-0.249139,0.0,0.0,-0.250698,-0.009435,-0.034273,0.446146,-0.212228,0.0,-0.250698,0.009435,0.034273,0.446146,-0.212228,0.0,0.081483,0.176444,0.0,-0.347128,0.0,-0.0,0.0,0.081483,-0.176444,0.0,-0.347128,0.0,0.0,0.0,0.0,0.008495,-0.000052,-0.0,-0.000039,-0.0,-0.000039,-0.0,-0.000052,0.0,0.0,0.008495,-0.000052,-0.0,-0.000039,-0.0,-0.000039,-0.0,-0.000052,0.0,0.0,0.0,0.0,
0.0,-0.004778,0.869887,0.016758,0.0,0.0,0.0,0.070048,0.097203,-0.249006,0.0,0.0,-0.249781,-0.009415,-0.034288,0.444973,-0.211722,0.0,-0.249781,0.009415,0.034288,0.444973,-0.211722,0.0,0.08157,0.176415,0.0,-0.347156,0.0,0.0,0.0,0.08157,-0.176415,0.0,-0.347156,0.0,0.0,0.0,0.0,0.008495,-0.000052,0.0,-0.000039,0.0,-0.000039,0.0,-0.000052,0.0,0.0,0.008495,-0.000052,0.0,-0.000039,0.0,-0.000039,0.0,-0.000052,0.0,0.0,0.0,0.0,
0.0,-0.004707,0.869984,0.016509,0.0,0.0,0.0,0.070039,0.097203,-0.249006,0.0,0.0,-0.248864,-0.009395,-0.034303,0.4438,-0.211215,0.0,-0.248864,0.009395,0.034303,0.4438,-0.211215,0.0,0.081656,0.176385,0.0,-0.347184,0.0,0.0,0.0,0.081656,-0.176385,0.0,-0.347184,0.0,-0.0,0.0,0.0,0.008495,-0.000052,-0.0,-0.000039,0.0,-0.000039,0.0,-0.000052,0.0,0.0,0.008495,-0.000052,-0.0,-0.000039,0.0,-0.000039,0.0,-0.000052,0.0,0.0,0.0,0.0,
0.0,-0.004637,0.870082,0.01626,0.0,0.0,0.0,0.070048,0.097203,-0.249139,0.0,0.0,-0.247947,-0.009375,-0.034317,0.442628,-0.210709,0.0,-0.247947,0.009375,0.034317,0.442628,-0.210709,0.0,0.081742,0.176356,0.0,-0.347212,-0.0,0.0,0.0,0.081742,-0.176356,0.0,-0.347212,0.0,-0.0,0.0,0.0,0.008495,-0.000052,0.0,-0.000039,0.0,-0.000039,0.0,-0.000052,0.0,0.0,0.008495,-0.000052,0.0,-0.000039,0.0,-0.000039,0.0,-0.000052,0.0,0.0,0.0,0.0,
0.0,-0.004567,0.870179,0.016011,0.0,0.0,0.0,0.070048,0.097203,-0.249006,0.0,0.0,-0.24703,-0.009355,-0.034332,0.441455,-0.210203,0.0,-0.24703,0.009355,0.034332,0.441455,-0.210203,0.0,0.081828,0.176327,0.0,-0.34724,0.0,0.0,0.0,0.081828,-0.176327,0.0,-0.34724,-0.0,-0.0,0.0,-0.0,0.008495,-0.000052,-0.0,-0.000039,0.0,-0.000039,0.0,-0.000052,0.0,-0.0,0.008495,-0.000052,-0.0,-0.000039,0.0,-0.000039,0.0,-0.000052,0.0,0.0,0.0,0.0,
0.0,-0.004497,0.870276,0.015762,0.0,0.0,0.0,0.070039,0.097203,-0.249006,0.0,0.0,-0.246113,-0.009334,-0.034346,0.440282,-0.209696,0.0,-0.246113,0.009334,0.034346,0.440282,-0.209696,0.0,0.081914,0.176297,0.0,-0.347268,0.0,0.0,0.0,0.081914,-0.176297,0.0,-0.347268,0.0,-0.0,0.0,0.0,0.008495,-0.000052,-0.0,-0.000039,-0.0,-0.000039,-0.0,-0.000052,0.0,0.0,0.008495,-0.000052,-0.0,-0.000039,-0.0,-0.000039,-0.0,-0.000052,0.0,0.0,0.0,0.0,
0.0,-0.004427,0.870373,0.015512,0.0,0.0,0.0,0.070048,0.097127,-0.249139,0.0,0.0,-0.245196,-0.009314,-0.034361,0.43911,-0.20919,0.0,-0.245196,0.009314,0.034361,0.43911,-0.20919,0.0,0.082,0.176268,0.0,-0.347296,0.0,0.0,0.0,0.082,-0.176268,0.0,-0.347296,0.0,-0.0,0.0,0.0,0.008495,-0.000052,-0.0,-0.000039,-0.0,-0.000039,0.0,-0.000052,0.0,0.0,0.008495,-0.000052,-0.0,-0.000039,-0.0,-0.000039,0.0,-0.000052,0.0,0.0,0.0,0.0,
0.0,-0.004357,0.87047,0.015263,0.0,0.0,0.0,0.070048,0.097203,-0.249006,0.0,0.0,-0.244279,-0.009294,-0.034376,0.437937,-0.208684,0.0,-0.244279,0.009294,0.034376,0.437937,-0.208684,0.0,0.082086,0.176238,0.0,-0.347323,0.0,0.0,0.0,0.082086,-0.176238,0.0,-0.347323,0.0,0.0,0.0,0.0,0.008495,-0.000052,0.0,-0.000039,0.0,-0.000039,-0.0,-0.000052,0.0,0.0,0.008495,-0.000052,0.0,-0.000039,0.0,-0.000039,-0.0,-0.000052,0.0,0.0,0.0,0.0,
0.0,-0.004287,0.870567,0.015014,0.0,0.0,0.0,0.070039,0.097203,-0.249006,0.0,0.0,-0.243362,-0.009274,-0.03439,0.436764,-0.208177,0.0,-0.243362,0.009274,0.03439,0.436764,-0.208177,0.0,0.082173,0.176209,0.0,-0.347351,0.0,0.0,0.0,0.082173,-0.176209,0.0,-0.347351,0.0,0.0,0.0,0.0,0.008495,-0.000052,-0.0,-0.000039,-0.0,-0.000039,0.0,-0.000052,0.0,0.0,0.008495,-0.000052,-0.0,-0.000039,-0.0,-0.000039,0.0,-0.000052,0.0,0.0,0.0,0.0,
0.0,-0.004217,0.870665,0.014765,0.0,0.0,0.0,0.070048,0.097203,-0.249139,0.0,0.0,-0.242445,-0.009254,-0.034405,0.435592,-0.207671,0.0,-0.242445,0.009254,0.034405,0.435592,-0.207671,0.0,0.082259,0.176179,0.0,-0.347379,0.0,-0.0,0.0,0.082259,-0.176179,0.0,-0.347379,-0.0,0.0,0.0,-0.0,0.008495,-0.000052,0.0,-0.000039,0.0,-0.000039,0.0,-0.000052,0.0,-0.0,0.008495,-0.000052,0.0,-0.000039,0.0,-0.000039,0.0,-0.000052,0.0,0.0,0.0,0.0,
0.0,-0.004147,0.870762,0.014516,0.0,0.0,0.0,0.070048,0.097203,-0.249006,0.0,0.0,-0.241528,-0.009234,-0.03442,0.434419,-0.207165,0.0,-0.241528,0.009234,0.03442,0.434419,-0.207165,0.0,0.082345,0.17615,0.0,-0.347407,0.0,0.0,0.0,0.082345,-0.17615,0.0,-0.347407,0.0,-0.0,0.0,0.0,0.008495,-0.000052,-0.0,-0.000039,-0.0,-0.000039,-0.0,-0.000052,0.0,0.0,0.008495,-0.000052,-0.0,-0.000039,-0.0,-0.000039,-0.0,-0.000052,0.0,0.0,0.0,0.0,
0.0,-0.004077,0.870859,0.014267,0.0,0.0,0.0,0.070039,0.097203,-0.249006,0.0,0.0,-0.240611,-0.009214,-0.034434,0.433246,-0.206658,0.0,-0.240611,0.009214,0.034434,0.433246,-0.206658,0.0,0.082431,0.176121,0.0,-0.347435,0.0,-0.0,0.0,0.082431,-0.176121,0.0,-0.347435,0.0,0.0,0.0,0.0,0.008495,-0.000052,-0.0,-0.000039,0.0,-0.000039,0.0,-0.000052,0.0,0.0,0.008495,-0.000052,-0.0,-0.000039,0.0,-0.000039,0.0,-0.000052,0.0,0.0,0.0,0.0,
0.0,-0.004007,0.870956,0.014018,0.0,0.0,0.0,0.070048,0.097203,-0.249139,0.0,0.0,-0.239694,-0.009193,-0.034449,0.432074,-0.206152,0.0,-0.239694,0.009193,0.034449,0.432074,-0.206152,0.0,0.082517,0.176091,0.0,-0.347463,0.0,-0.0,0.0,0.082517,-0.176091,0.0,-0.347463,-0.0,0.0,0.0,-0.0,0.008495,-0.000052,0.0,-0.000039,-0.0,-0.000039,0.0,-0.000052,0.0,-0.0,0.008495,-0.000052,0.0,-0.000039,-0.0,-0.000039,0.0,-0.000052,0.0,0.0,0.0,0.0,
0.0,-0.003937,0.871054,0.013769,0.0,0.0,0.0,0.070048,0.097203,-0.249006,0.0,0.0,-0.238777,-0.009173,-0.034464,0.430901,-0.205645,0.0,-0.238777,0.009173,0.034464,0.430901,-0.205645,0.0,0.082603,0.176062,0.0,-0.347491,0.0,-0.0,0.0,0.082603,-0.176062,0.0,-0.347491,0.0,0.0,0.0,0.0,0.008495,-0.000052,-0.0,-0.000039,-0.0,-0.000039,-0.0,-0.000052,0.0,0.0,0.008495,-0.000052,-0.0,-0.000039,-0.0,-0.000039,-0.0,-0.000052,0.0,0.0,0.0,0.0,
0.0,-0.003867,0.871151,0.01352,0.0,0.0,0.0,0.070039,0.097127,-0.249006,0.0,0.0,-0.23786,-0.009153,-0.034478,0.429728,-0.205139,0.0,-0.23786,0.009153,0.034478,0.429728,-0.205139,0.0,0.082689,0.176032,0.0,-0.347519,0.0,0.0,0.0,0.082689,-0.176032,0.0,-0.347519,0.0,-0.0,0.0,0.0,0.008495,-0.000052,0.0,-0.000039,-0.0,-0.000039,-0.0,-0.000052,0.0,0.0,0.008495,-0.000052,0.0,-0.000039,-0.0,-0.000039,-0.0,-0.000052,0.0,0.0,0.0,0.0,
0.0,-0.003797,0.871248,0.013271,0.0,0.0,0.0,0.070048,0.097203,-0.249139,0.0,0.0,-0.236943,-0.009133,-0.034493,0.428556,-0.204633,0.0,-0.236943,0.009133,0.034493,0.428556,-0.204633,0.0,0.082776,0.176003,0.0,-0.347547,0.0,0.0,0.0,0.082776,-0.176003,0.0,-0.347547,0.0,0.0,0.0,0.0,0.008495,-0.000052,0.0,-0.000039,-0.0,-0.000039,-0.0,-0.000052,0.0,0.0,0.008495,-0.000052,0.0,-0.000039,-0.0,-0.000039,-0.0,-0.000052,0.0,0.0,0.0,0.0,
0.0,-0.003727,0.871345,0.013022,0.0,0.0,0.0,0.070048,0.097203,-0.249006,0.0,0.0,-0.236026,-0.009113,-0.034508,0.427383,-0.204126,0.0,-0.236026,0.009113,0.034508,0.427383,-0.204126,0.0,0.082862,0.175974,0.0,-0.347574,0.0,0.0,0.0,0.082862,-0.175974,0.0,-0.347574,0.0,-0.0,0.0,0.0,0.008495,-0.000052,0.0,-0.000039,0.0,-0.000039,0.0,-0.000052,0.0,0.0,0.008495,-0.000052,0.0,-0.000039,0.0,-0.000039,0.0,-0.000052,0.0,0.0,0.0,0.0,
0.0,-0.003657,0.871442,0.012773,0.0,0.0,0.0,0.070048,0.097203,-0.249139,0.0,0.0,-0.235109,-0.009093,-0.034522,0.42621,-0.20362,0.0,-0.235109,0.009093,0.034522,0.42621,-0.20362,0.0,0.082948,0.175944,0.0,-0.347602,0.0,0.0,0.0,0.082948,-0.175944,0.0,-0.347602,0.0,0.0,0.0,0.0,0.008495,-0.000052,-0.0,-0.000039,0.0,-0.000039,0.0,-0.000052,0.0,0.0,0.008495,-0.000052,-0.0,-0.000039,0.0,-0.000039,0.0,-0.000052,0.0,0.0,0.0,0.0,
0.0,-0.003587,0.871539,0.012524,0.0,0.0,0.0,0.070039,0.097203,-0.249006,0.0,0.0,-0.234192,-0.009073,-0.034537,0.425038,-0.203114,0.0,-0.234192,0.009073,0.034537,0.425038,-0.203114,0.0,0.083034,0.175915,0.0,-0.34763,0.0,0.0,0.0,0.083034,-0.175915,0.0,-0.34763,0.0,0.0,0.0,0.0,0.008495,-0.000052,-0.0,-0.000039,-0.0,-0.000039,0.0,-0.000052,0.0,0.0,0.008495,-0.000052,-0.0,-0.000039,-0.0,-0.000039,0.0,-0.000052,0.0,0.0,0.0,0.0,
0.0,-0.003517,0.871637,0.012275,0.0,0.0,0.0,0.070048,0.097203,-0.249006,0.0,0.0,-0.233275,-0.009052,-0.034552,0.423865,-0.202607,0.0,-0.233275,0.009052,0.034552,0.423865,-0.202607,0.0,0.08312,0.175885,0.0,-0.347658,0.0,0.0,0.0,0.08312,-0.175885,0.0,-0.347658,0.0,0.0,0.0,0.0,0.008495,-0.000052,0.0,-0.000039,0.0,-0.000039,-0.0,-0.000052,0.0,0.0,0.008495,-0.000052,0.0,-0.000039,0.0,-0.000039,-0.0,-0.000052,0.0,0.0,0.0,0.0,
0.0,-0.003447,0.871734,0.012026,0.0,0.0,0.0,0.070048,0.097203,-0.249139,0.0,0.0,-0.232358,-0.009032,-0.034566,0.422693,-0.202101,0.0,-0.232358,0.009032,0.034566,0.422693,-0.202101,0.0,0.083206,0.175856,0.0,-0.347686,-0.0,0.0,0.0,0.083206,-0.175856,0.0,-0.347686,0.0,-0.0,0.0,0.0,0.008495,-0.000052,0.0,-0.000039,0.0,-0.000039,0.0,-0.000052,-0.0,0.0,0.008495,-0.000052,0.0,-0.000039,0.0,-0.000039,0.0,-0.000052,-0.0,0.0,0.0,0.0,
0.0,-0.003377,0.871831,0.011777,0.0,0.0,0.0,0.070039,0.097203,-0.249006,0.0,0.0,-0.231441,-0.009012,-0.034581,0.42152,-0.201595,0.0,-0.231441,0.009012,0.034581,0.42152,-0.201595,0.0,0.083292,0.175827,0.0,-0.347714,0.0,0.0,0.0,0.083292,-0.175827,0.0,-0.347714,0.0,-0.0,0.0,0.0,0.008495,-0.000052,-0.0,-0.000039,0.0,-0.000039,0.0,-0.000052,0.0,0.0,0.008495,-0.000052,-0.0,-0.000039,0.0,-0.000039,0.0,-0.000052,0.0,0.0,0.0,0.0,
0.0,-0.003307,0.871928,0.011528,0.0,0.0,0.0,0.070048,0.097203,-0.249006,0.0,0.0,-0.230524,-0.008992,-0.034596,0.420348,-0.201088,0.0,-0.230524,0.008992,0.034596,0.420348,-0.201088,0.0,0.083378,0.175797,0.0,-0.347742,0.0,0.0,0.0,0.083378,-0.175797,0.0,-0.347742,-0.0,-0.0,0.0,-0.0,0.008495,-0.000052,0.0,-0.000039,0.0,-0.000039,-0.0,-0.000052,0.0,-0.0,0.008495,-0.000052,0.0,-0.000039,0.0,-0.000039,-0.0,-0.000052,0.0,0.0,0.0,0.0,
0.0,-0.003237,0.872025,0.011281,0.0,0.0,0.0,0.069457,0.096288,-0.247009,0.0,0.0,-0.229614,-0.008972,-0.03461,0.419183,-0.200585,0.0,-0.229614,0.008972,0.03461,0.419183,-0.200585,0.0,0.083464,0.175768,0.0,-0.347769,0.0,-0.0,0.0,0.083464,-0.175768,0.0,-0.347769,-0.0,0.0,0.0,-0.0,0.008495,-0.000052,0.0,-0.000039,0.0,-0.000039,0.0,-0.000052,0.0,-0.0,0.008495,-0.000052,0.0,-0.000039,0.0,-0.000039,0.0,-0.000052,0.0,0.0,0.0,0.0,
0.0,-0.003185,0.872095,0.011094,0.0,0.0,0.0,0.051966,0.070652,-0.186821,0.0,0.0,-0.228901,-0.008957,-0.034623,0.418244,-0.200179,0.0,-0.228901,0.008957,0.034623,0.418244,-0.200179,0.0,0.083526,0.175748,0.0,-0.34779,0.0,-0.0,0.0,0.083526,-0.175748,0.0,-0.34779,0.0,0.0,0.0,0.0,0.008495,-0.000052,0.0,-0.000039,-0.0,-0.000039,0.0,-0.000052,0.0,0.0,0.008495,-0.000052,0.0,-0.000039,-0.0,-0.000039,0.0,-0.000052,0.0,0.0,0.0,0.0,
0.0,-0.003133,0.872166,0.010907,0.0,0.0,0.0,0.051973,0.070652,-0.186821,0.0,0.0,-0.228188,-0.008943,-0.034636,0.417306,-0.199772,0.0,-0.228188,0.008943,0.034636,0.417306,-0.199772,0.0,0.083588,0.175728,0.0,-0.34781,0.0,0.0,0.0,0.083588,-0.175728,0.0,-0.34781,0.0,0.0,0.0,0.0,0.008495,-0.000052,-0.0,-0.000039,0.0,-0.000039,0.0,-0.000052,0.0,0.0,0.008495,-0.000052,-0.0,-0.000039,0.0,-0.000039,0.0,-0.000052,0.0,0.0,0.0,0.0,
0.0,-0.003081,0.872236,0.01072,0.0,0.0,0.0,0.051973,0.070652,-0.186688,0.0,0.0,-0.227475,-0.008928,-0.034649,0.416368,-0.199366,0.0,-0.227475,0.008928,0.034649,0.416368,-0.199366,0.0,0.083651,0.175707,0.0,-0.347831,0.0,0.0,0.0,0.083651,-0.175707,0.0,-0.347831,0.0,-0.0,0.0,0.0,0.008495,-0.000052,-0.0,-0.000039,-0.0,-0.000039,0.0,-0.000052,0.0,0.0,0.008495,-0.000052,-0.0,-0.000039,-0.0,-0.000039,0.0,-0.000052,0.0,0.0,0.0,0.0,
0.0,-0.003029,0.872307,0.010533,0.0,0.0,0.0,0.051966,0.070652,-0.186821,0.0,0.0,-0.226762,-0.008913,-0.034661,0.41543,-0.198959,0.0,-0.226762,0.008913,0.034661,0.41543,-0.198959,0.0,0.083713,0.175687,0.0,-0.347851,-0.0,0.0,0.0,0.083713,-0.175687,0.0,-0.347851,0.0,-0.0,0.0,0.0,0.008495,-0.000052,-0.0,-0.000039,0.0,-0.000039,0.0,-0.000052,0.0,0.0,0.008495,-0.000052,-0.0,-0.000039,0.0,-0.000039,0.0,-0.000052,0.0,0.0,0.0,0.0,
0.0,-0.002977,0.872378,0.010347,0.0,0.0,0.0,0.051973,0.070652,-0.186821,0.0,0.0,-0.22605,-0.008899,-0.034674,0.414491,-0.198552,0.0,-0.22605,0.008899,0.034674,0.414491,-0.198552,0.0,0.083775,0.175667,0.0,-0.347872,0.0,-0.0,0.0,0.083775,-0.175667,0.0,-0.347872,0.0,0.0,0.0,0.0,0.008495,-0.000052,-0.0,-0.000039,-0.0,-0.000039,0.0,-0.000052,-0.0,0.0,0.008495,-0.000052,-0.0,-0.000039,-0.0,-0.000039,0.0,-0.000052,-0.0,0.0,0.0,0.0,
0.0,-0.002925,0.872448,0.01016,0.0,0.0,0.0,0.051973,0.070575,-0.186821,0.0,0.0,-0.225337,-0.008884,-0.034687,0.413553,-0.198146,0.0,-0.225337,0.008884,0.034687,0.413553,-0.198146,0.0,0.083838,0.175647,0.0,-0.347892,-0.0,-0.0,0.0,0.083838,-0.175647,0.0,-0.347892,0.0,0.0,0.0,0.0,0.008495,-0.000052,0.0,-0.000039,0.0,-0.000039,0.0,-0.000052,0.0,0.0,0.008495,-0.000052,0.0,-0.000039,0.0,-0.000039,0.0,-0.000052,0.0,0.0,0.0,0.0,
0.0,-0.002873,0.872519,0.009973,0.0,0.0,0.0,0.051973,0.070652,-0.186688,0.0,0.0,-0.224624,-0.008869,-0.0347,0.412615,-0.197739,0.0,-0.224624,0.008869,0.0347,0.412615,-0.197739,0.0,0.0839,0.175626,0.0,-0.347913,0.0,0.0,0.0,0.0839,-0.175626,0.0,-0.347913,0.0,-0.0,0.0,0.0,0.008495,-0.000052,-0.0,-0.000039,0.0,-0.000039,0.0,-0.000052,0.0,0.0,0.008495,-0.000052,-0.0,-0.000039,0.0,-0.000039,0.0,-0.000052,0.0,0.0,0.0,0.0,
0.0,-0.002821,0.87259,0.009786,0.0,0.0,0.0,0.051966,0.070652,-0.186821,0.0,0.0,-0.223911,-0.008855,-0.034713,0.411676,-0.197333,0.0,-0.223911,0.008855,0.034713,0.411676,-0.197333,0.0,0.083962,0.175606,0.0,-0.347933,0.0,0.0,0.0,0.083962,-0.175606,0.0,-0.347933,0.0,0.0,0.0,0.0,0.008495,-0.000052,0.0,-0.000039,0.0,-0.000039,0.0,-0.000052,0.0,0.0,0.008495,-0.000052,0.0,-0.000039,0.0,-0.000039,0.0,-0.000052,0.0,0.0,0.0,0.0,
0.0,-0.002769,0.87266,0.009599,0.0,0.0,0.0,0.051973,0.070652,-0.186821,0.0,0.0,-0.223198,-0.00884,-0.034726,0.410738,-0.196926,0.0,-0.223198,0.00884,0.034726,0.410738,-0.196926,0.0,0.084025,0.175586,0.0,-0.347953,0.0,-0.0,0.0,0.084025,-0.175586,0.0,-0.347953,-0.0,0.0,0.0,-0.0,0.008495,-0.000052,0.0,-0.000039,0.0,-0.000039,-0.0,-0.000052,0.0,-0.0,0.008495,-0.000052,0.0,-0.000039,0.0,-0.000039,-0.0,-0.000052,0.0,0.0,0.0,0.0,
0.0,-0.002717,0.872731,0.009413,0.0,0.0,0.0,0.051973,0.070652,-0.186688,0.0,0.0,-0.222485,-0.008825,-0.034738,0.4098,-0.196519,0.0,-0.222485,0.008825,0.034738,0.4098,-0.196519,0.0,0.084087,0.175566,0.0,-0.347974,0.0,0.0,0.0,0.084087,-0.175566,0.0,-0.347974,0.0,-0.0,0.0,0.0,0.008495,-0.000052,-0.0,-0.000039,0.0,-0.000039,0.0,-0.000052,0.0,0.0,0.008495,-0.000052,-0.0,-0.000039,0.0,-0.000039,0.0,-0.000052,0.0,0.0,0.0,0.0,
0.0,-0.002665,0.872802,0.009226,0.0,0.0,0.0,0.051966,0.070652,-0.186821,0.0,0.0,-0.221772,-0.008811,-0.034751,0.408861,-0.196113,0.0,-0.221772,0.008811,0.034751,0.408861,-0.196113,0.0,0.084149,0.175546,0.0,-0.347994,0.0,0.0,0.0,0.084149,-0.175546,0.0,-0.347994,0.0,0.0,0.0,0.0,0.008495,-0.000052,-0.0,-0.000039,0.0,-0.000039,0.0,-0.000052,0.0,0.0,0.008495,-0.000052,-0.0,-0.000039,0.0,-0.000039,0.0,-0.000052,0.0,0.0,0.0,0.0,
0.0,-0.002613,0.872872,0.009039,0.0,0.0,0.0,0.051973,0.070652,-0.186821,0.0,0.0,-0.221059,-0.008796,-0.034764,0.407923,-0.195706,0.0,-0.221059,0.008796,0.034764,0.407923,-0.195706,0.0,0.084212,0.175525,0.0,-0.348015,0.0,0.0,0.0,0.084212,-0.175525,0.0,-0.348015,0.0,0.0,0.0,0.0,0.008495,-0.000052,-0.0,-0.000039,0.0,-0.000039,0.0,-0.000052,0.0,0.0,0.008495,-0.000052,-0.0,-0.000039,0.0,-0.000039,0.0,-0.000052,0.0,0.0,0.0,0.0,
0.0,-0.002561,0.872943,0.008852,0.0,0.0,0.0,0.051973,0.070652,-0.186821,0.0,0.0,-0.220346,-0.008782,-0.034777,0.406985,-0.195299,0.0,-0.220346,0.008782,0.034777,0.406985,-0.195299,0.0,0.084274,0.175505,0.0,-0.348035,0.0,0.0,0.0,0.084274,-0.175505,0.0,-0.348035,0.0,0.0,0.0,0.0,0.008495,-0.000052,0.0,-0.000039,0.0,-0.000039,0.0,-0.000052,0.0,0.0,0.008495,-0.000052,0.0,-0.000039,0.0,-0.000039,0.0,-0.000052,0.0,0.0,0.0,0.0,
0.0,-0.00251,0.873013,0.008666,0.0,0.0,0.0,0.051966,0.070575,-0.186688,0.0,0.0,-0.219633,-0.008767,-0.03479,0.406046,-0.194893,0.0,-0.219633,0.008767,0.03479,0.406046,-0.194893,0.0,0.084336,0.175485,0.0,-0.348056,0.0,0.0,0.0,0.084336,-0.175485,0.0,-0.348056,0.0,0.0,0.0,0.0,0.008495,-0.000052,0.0,-0.000039,-0.0,-0.000039,0.0,-0.000052,0.0,0.0,0.008495,-0.000052,0.0,-0.000039,-0.0,-0.000039,0.0,-0.000052,0.0,0.0,0.0,0.0,
0.0,-0.002458,0.873084,0.008479,0.0,0.0,0.0,0.051973,0.070652,-0.186821,0.0,0.0,-0.21892,-0.008752,-0.034802,0.405108,-0.194486,0.0,-0.21892,0.008752,0.034802,0.405108,-0.194486,0.0,0.084399,0.175465,0.0,-0.348076,0.0,0.0,0.0,0.084399,-0.175465,0.0,-0.348076,0.0,-0.0,0.0,0.0,0.008495,-0.000052,0.0,-0.000039,-0.0,-0.000039,0.0,-0.000052,0.0,0.0,0.008495,-0.000052,0.0,-0.000039,-0.0,-0.000039,0.0,-0.000052,0.0,0.0,0.0,0.0,
0.0,-0.002406,0.873155,0.008292,0.0,0.0,0.0,0.051973,0.070652,-0.186821,0.0,0.0,-0.218208,-0.008738,-0.034815,0.40417,-0.19408,0.0,-0.218208,0.008738,0.034815,0.40417,-0.19408,0.0,0.084461,0.175444,0.0,-0.348097,0.0,0.0,0.0,0.084461,-0.175444,0.0,-0.348097,0.0,0.0,0.0,0.0,0.008495,-0.000052,0.0,-0.000039,-0.0,-0.000039,-0.0,-0.000052,0.0,0.0,0.008495,-0.000052,0.0,-0.000039,-0.0,-0.000039,-0.0,-0.000052,0.0,0.0,0.0,0.0,
0.0,-0.002354,0.873225,0.008105,0.0,0.0,0.0,0.051966,0.070652,-0.186688,0.0,0.0,-0.217495,-0.008723,-0.034828,0.403232,-0.193673,0.0,-0.217495,0.008723,0.034828,0.403232,-0.193673,0.0,0.084523,0.175424,0.0,-0.348117,0.0,-0.0,0.0,0.084523,-0.175424,0.0,-0.348117,0.0,0.0,0.0,0.0,0.008495,-0.000052,-0.0,-0.000039,0.0,-0.000039,0.0,-0.000052,0.0,0.0,0.008495,-0.000052,-0.0,-0.000039,0.0,-0.000039,0.0,-0.000052,0.0,0.0,0.0,0.0,
0.0,-0.002302,0.873296,0.007919,0.0,0.0,0.0,0.051973,0.070652,-0.186821,0.0,0.0,-0.216782,-0.008708,-0.034841,0.402293,-0.193266,0.0,-0.216782,0.008708,0.034841,0.402293,-0.193266,0.0,0.084586,0.175404,0.0,-0.348138,0.0,0.0,0.0,0.084586,-0.175404,0.0,-0.348138,0.0,0.0,0.0,0.0,0.008495,-0.000052,0.0,-0.000039,0.0,-0.000039,0.0,-0.000052,0.0,0.0,0.008495,-0.000052,0.0,-0.000039,0.0,-0.000039,0.0,-0.000052,0.0,0.0,0.0,0.0,
0.0,-0.00225,0.873367,0.007732,0.0,0.0,0.0,0.051973,0.070652,-0.186821,0.0,0.0,-0.216069,-0.008694,-0.034854,0.401355,-0.19286,0.0,-0.216069,0.008694,0.034854,0.401355,-0.19286,0.0,0.084648,0.175384,0.0,-0.348158,0.0,-0.0,0.0,0.084648,-0.175384,0.0,-0.348158,0.0,0.0,0.0,0.0,0.008495,-0.000052,0.0,-0.000039,-0.0,-0.000039,0.0,-0.000052,0.0,0.0,0.008495,-0.000052,0.0,-0.000039,-0.0,-0.000039,0.0,-0.000052,0.0,0.0,0.0,0.0,
0.0,-0.002198,0.873437,0.007545,0.0,0.0,0.0,0.051966,0.070652,-0.186821,0.0,0.0,-0.215356,-0.008679,-0.034867,0.400417,-0.192453,0.0,-0.215356,0.008679,0.034867,0.400417,-0.192453,0.0,0.08471,0.175364,0.0,-0.348178,0.0,0.0,0.0,0.08471,-0.175364,0.0,-0.348178,0.0,-0.0,0.0,0.0,0.008495,-0.000052,-0.0,-0.000039,-0.0,-0.000039,-0.0,-0.000052,0.0,0.0,0.008495,-0.000052,-0.0,-0.000039,-0.0,-0.000039,-0.0,-0.000052,0.0,0.0,0.0,0.0,
0.0,-0.002146,0.873508,0.007358,0.0,0.0,0.0,0.051973,0.070652,-0.186688,0.0,0.0,-0.214643,-0.008664,-0.034879,0.399478,-0.192047,0.0,-0.214643,0.008664,0.034879,0.399478,-0.192047,0.0,0.084773,0.175343,0.0,-0.348199,0.0,0.0,0.0,0.084773,-0.175343,0.0,-0.348199,0.0,0.0,0.0,0.0,0.008495,-0.000052,0.0,-0.000039,-0.0,-0.000039,0.0,-0.000052,0.0,0.0,0.008495,-0.000052,0.0,-0.000039,-0.0,-0.000039,0.0,-0.000052,0.0,0.0,0.0,0.0,
0.0,-0.002094,0.873579,0.007171,0.0,0.0,0.0,0.051973,0.070575,-0.186821,0.0,0.0,-0.21393,-0.00865,-0.034892,0.39854,-0.19164,0.0,-0.21393,0.00865,0.034892,0.39854,-0.19164,0.0,0.084835,0.175323,0.0,-0.348219,-0.0,-0.0,0.0,0.084835,-0.175323,0.0,-0.348219,0.0,0.0,0.0,0.0,0.008495,-0.000052,-0.0,-0.000039,-0.0,-0.000039,0.0,-0.000052,0.0,0.0,0.008495,-0.000052,-0.0,-0.000039,-0.0,-0.000039,0.0,-0.000052,0.0,0.0,0.0,0.0,
0.0,-0.002042,0.873649,0.006985,0.0,0.0,0.0,0.051966,0.070652,-0.186821,0.0,0.0,-0.213217,-0.008635,-0.034905,0.397602,-0.191234,0.0,-0.213217,0.008635,0.034905,0.397602,-0.191234,0.0,0.084897,0.175303,0.0,-0.34824,0.0,0.0,0.0,0.084897,-0.175303,0.0,-0.34824,0.0,0.0,0.0,0.0,0.008495,-0.000052,-0.0,-0.000039,0.0,-0.000039,-0.0,-0.000052,0.0,0.0,0.008495,-0.000052,-0.0,-0.000039,0.0,-0.000039,-0.0,-0.000052,0.0,0.0,0.0,0.0,
0.0,-0.00199,0.87372,0.006798,0.0,0.0,0.0,0.051973,0.070652,-0.186688,0.0,0.0,-0.212504,-0.00862,-0.034918,0.396663,-0.190827,0.0,-0.212504,0.00862,0.034918,0.396663,-0.190827,0.0,0.084959,0.175283,0.0,-0.34826,0.0,0.0,0.0,0.084959,-0.175283,0.0,-0.34826,0.0,0.0,0.0,0.0,0.008495,-0.000052,-0.0,-0.000039,0.0,-0.000039,0.0,-0.000052,0.0,0.0,0.008495,-0.000052,-0.0,-0.000039,0.0,-0.000039,0.0,-0.000052,0.0,0.0,0.0,0.0,
0.0,-0.001938,0.873791,0.006611,0.0,0.0,0.0,0.051973,0.070652,-0.186821,0.0,0.0,-0.211791,-0.008606,-0.034931,0.395725,-0.19042,0.0,-0.211791,0.008606,0.034931,0.395725,-0.19042,0.0,0.085022,0.175262,0.0,-0.348281,0.0,0.0,0.0,0.085022,-0.175262,0.0,-0.348281,0.0,0.0,0.0,0.0,0.008495,-0.000052,-0.0,-0.000039,0.0,-0.000039,0.0,-0.000052,0.0,0.0,0.008495,-0.000052,-0.0,-0.000039,0.0,-0.000039,0.0,-0.000052,0.0,0.0,0.0,0.0,
0.0,-0.001886,0.873861,0.006424,0.0,0.0,0.0,0.051973,0.070652,-0.186821,0.0,0.0,-0.211078,-0.008591,-0.034943,0.394787,-0.190014,0.0,-0.211078,0.008591,0.034943,0.394787,-0.190014,0.0,0.085084,0.175242,0.0,-0.348301,-0.0,-0.0,0.0,0.085084,-0.175242,0.0,-0.348301,0.0,0.0,0.0,0.0,0.008495,-0.000052,0.0,-0.000039,0.0,-0.000039,-0.0,-0.000052,0.0,0.0,0.008495,-0.000052,0.0,-0.000039,0.0,-0.000039,-0.0,-0.000052,0.0,0.0,0.0,0.0,
0.0,-0.001834,0.873932,0.006237,0.0,0.0,0.0,0.051966,0.070652,-0.186821,0.0,0.0,-0.210366,-0.008576,-0.034956,0.393848,-0.189607,0.0,-0.210366,0.008576,0.034956,0.393848,-0.189607,0.0,0.085146,0.175222,0.0,-0.348322,0.0,0.0,0.0,0.085146,-0.175222,0.0,-0.348322,0.0,0.0,0.0,0.0,0.008495,-0.000052,-0.0,-0.000039,0.0,-0.000039,0.0,-0.000052,0.0,0.0,0.008495,-0.000052,-0.0,-0.000039,0.0,-0.000039,0.0,-0.000052,0.0,0.0,0.0,0.0,
0.0,-0.001782,0.874003,0.006051,0.0,0.0,0.0,0.051973,0.070652,-0.186688,0.0,0.0,-0.209653,-0.008562,-0.034969,0.39291,-0.1892,0.0,-0.209653,0.008562,0.034969,0.39291,-0.1892,0.0,0.085209,0.175202,0.0,-0.348342,0.0,0.0,0.0,0.085209,-0.175202,0.0,-0.348342,0.0,0.0,0.0,0.0,0.008495,-0.000052,0.0,-0.000039,-0.0,-0.000039,0.0,-0.000052,0.0,0.0,0.008495,-0.000052,0.0,-0.000039,-0.0,-0.000039,0.0,-0.000052,0.0,0.0,0.0,0.0,
0.0,-0.00173,0.874073,0.005864,0.0,0.0,0.0,0.051973,0.070652,-0.186821,0.0,0.0,-0.20894,-0.008547,-0.034982,0.391972,-0.188794,0.0,-0.20894,0.008547,0.034982,0.391972,-0.188794,0.0,0.085271,0.175182,0.0,-0.348362,0.0,-0.0,0.0,0.085271,-0.175182,0.0,-0.348362,0.0,0.0,0.0,0.0,0.008495,-0.000052,0.0,-0.000039,0.0,-0.000039,0.0,-0.000052,0.0,0.0,0.008495,-0.000052,0.0,-0.000039,0.0,-0.000039,0.0,-0.000052,0.0,0.0,0.0,0.0,
0.0,-0.001678,0.874144,0.005677,0.0,0.0,0.0,0.051966,0.070575,-0.186821,0.0,0.0,-0.208227,-0.008533,-0.034995,0.391033,-0.188387,0.0,-0.208227,0.008533,0.034995,0.391033,-0.188387,0.0,0.085333,0.175161,0.0,-0.348383,0.0,0.0,0.0,0.085333,-0.175161,0.0,-0.348383,0.0,0.0,0.0,0.0,0.008495,-0.000052,0.0,-0.000039,0.0,-0.000039,0.0,-0.000052,0.0,0.0,0.008495,-0.000052,0.0,-0.000039,0.0,-0.000039,0.0,-0.000052,0.0,0.0,0.0,0.0,
0.0,-0.001626,0.874214,0.00549,0.0,0.0,0.0,0.051973,0.070652,-0.186821,0.0,0.0,-0.207514,-0.008518,-0.035008,0.390095,-0.187981,0.0,-0.207514,0.008518,0.035008,0.390095,-0.187981,0.0,0.085396,0.175141,0.0,-0.348403,0.0,0.0,0.0,0.085396,-0.175141,0.0,-0.348403,0.0,0.0,0.0,0.0,0.008495,-0.000052,0.0,-0.000039,-0.0,-0.000039,0.0,-0.000052,0.0,0.0,0.008495,-0.000052,0.0,-0.000039,-0.0,-0.000039,0.0,-0.000052,0.0,0.0,0.0,0.0,
0.0,-0.001574,0.874285,0.005304,0.0,0.0,0.0,0.051973,0.070652,-0.186688,0.0,0.0,-0.206801,-0.008503,-0.03502,0.389157,-0.187574,0.0,-0.206801,0.008503,0.03502,0.389157,-0.187574,0.0,0.085458,0.175121,0.0,-0.348424,0.0,-0.0,0.0,0.085458,-0.175121,0.0,-0.348424,-0.0,0.0,0.0,-0.0,0.008495,-0.000052,0.0,-0.000039,0.0,-0.000039,0.0,-0.000052,0.0,-0.0,0.008495,-0.000052,0.0,-0.000039,0.0,-0.000039,0.0,-0.000052,0.0,0.0,0.0,0.0,
0.0,-0.001522,0.874356,0.005117,0.0,0.0,0.0,0.051966,0.070652,-0.186821,0.0,0.0,-0.206088,-0.008489,-0.035033,0.388219,-0.187167,0.0,-0.206088,0.008489,0.035033,0.388219,-0.187167,0.0,0.08552,0.175101,0.0,-0.348444,0.0,-0.0,0.0,0.08552,-0.175101,0.0,-0.348444,0.0,0.0,0.0,0.0,0.008495,-0.000052,-0.0,-0.000039,0.0,-0.000039,0.0,-0.000052,-0.0,0.0,0.008495,-0.000052,-0.0,-0.000039,0.0,-0.000039,0.0,-0.000052,-0.0,0.0,0.0,0.0,
0.0,-0.001484,0.874407,0.00498,0.0,0.0,0.0,0.038208,0.051348,-0.136754,0.0,0.0,-0.205551,-0.008476,-0.035042,0.387505,-0.186856,0.0,-0.205551,0.008476,0.035042,0.387505,-0.186856,0.0,0.085566,0.175086,0.0,-0.34846,0.0,0.0,0.0,0.085566,-0.175086,0.0,-0.34846,0.0,-0.0,0.0,0.0,0.008495,-0.000052,-0.0,-0.000039,0.0,-0.000039,0.0,-0.000052,0.0,0.0,0.008495,-0.000052,-0.0,-0.000039,0.0,-0.000039,0.0,-0.000052,0.0,0.0,0.0,0.0,
0.0,-0.001452,0.87445,0.004865,0.0,0.0,0.0,0.032332,0.043108,-0.115315,0.0,0.0,-0.205089,-0.008465,-0.03505,0.386888,-0.186586,0.0,-0.205089,0.008465,0.03505,0.386888,-0.186586,0.0,0.085604,0.175073,0.0,-0.348473,0.0,0.0,0.0,0.085604,-0.175073,0.0,-0.348473,0.0,-0.0,0.0,0.0,0.008495,-0.000052,0.0,-0.000039,-0.0,-0.000039,0.0,-0.000052,0.0,0.0,0.008495,-0.000052,0.0,-0.000039,-0.0,-0.000039,0.0,-0.000052,0.0,0.0,0.0,0.0,
0.0,-0.001419,0.874493,0.004749,0.0,0.0,0.0,0.032328,0.043108,-0.115448,0.0,0.0,-0.204628,-0.008454,-0.035057,0.386271,-0.186316,0.0,-0.204628,0.008454,0.035057,0.386271,-0.186316,0.0,0.085643,0.17506,0.0,-0.348486,0.0,-0.0,0.0,0.085643,-0.17506,0.0,-0.348486,-0.0,0.0,0.0,-0.0,0.008495,-0.000052,-0.0,-0.000039,0.0,-0.000039,0.0,-0.000052,0.0,-0.0,0.008495,-0.000052,-0.0,-0.000039,0.0,-0.000039,0.0,-0.000052,0.0,0.0,0.0,0.0,
0.0,-0.001387,0.874536,0.004634,0.0,0.0,0.0,0.032332,0.043108,-0.115315,0.0,0.0,-0.204166,-0.008444,-0.035064,0.385654,-0.186045,0.0,-0.204166,0.008444,0.035064,0.385654,-0.186045,0.0,0.085681,0.175047,0.0,-0.348499,0.0,0.0,0.0,0.085681,-0.175047,0.0,-0.348499,0.0,-0.0,0.0,0.0,0.008495,-0.000052,0.0,-0.000039,-0.0,-0.000039,0.0,-0.000052,0.0,0.0,0.008495,-0.000052,0.0,-0.000039,-0.0,-0.000039,0.0,-0.000052,0.0,0.0,0.0,0.0,
0.0,-0.001355,0.87458,0.004519,0.0,0.0,0.0,0.032332,0.043108,-0.115315,0.0,0.0,-0.203704,-0.008433,-0.035071,0.385037,-0.185775,0.0,-0.203704,0.008433,0.035071,0.385037,-0.185775,0.0,0.08572,0.175034,0.0,-0.348512,0.0,0.0,0.0,0.08572,-0.175034,0.0,-0.348512,0.0,-0.0,0.0,0.0,0.008495,-0.000052,-0.0,-0.000039,0.0,-0.000039,0.0,-0.000052,0.0,0.0,0.008495,-0.000052,-0.0,-0.000039,0.0,-0.000039,0.0,-0.000052,0.0,0.0,0.0,0.0,
0.0,-0.001322,0.874623,0.004403,0.0,0.0,0.0,0.032332,0.043108,-0.115448,0.0,0.0,-0.203242,-0.008422,-0.035079,0.38442,-0.185505,0.0,-0.203242,0.008422,0.035079,0.38442,-0.185505,0.0,0.085758,0.175021,0.0,-0.348525,0.0,0.0,0.0,0.085758,-0.175021,0.0,-0.348525,0.0,0.0,0.0,0.0,0.008495,-0.000052,-0.0,-0.000039,-0.0,-0.000039,0.0,-0.000052,0.0,0.0,0.008495,-0.000052,-0.0,-0.000039,-0.0,-0.000039,0.0,-0.000052,0.0,0.0,0.0,0.0,
0.0,-0.00129,0.874666,0.004288,0.0,0.0,0.0,0.032328,0.043108,-0.115315,0.0,0.0,-0.20278,-0.008411,-0.035086,0.383803,-0.185235,0.0,-0.20278,0.008411,0.035086,0.383803,-0.185235,0.0,0.085797,0.175008,0.0,-0.348538,0.0,0.0,0.0,0.085797,-0.175008,0.0,-0.348538,0.0,-0.0,0.0,0.0,0.008495,-0.000052,0.0,-0.000039,0.0,-0.000039,0.0,-0.000052,0.0,0.0,0.008495,-0.000052,0.0,-0.000039,0.0,-0.000039,0.0,-0.000052,0.0,0.0,0.0,0.0,
0.0,-0.001258,0.874709,0.004173,0.0,0.0,0.0,0.032332,0.043108,-0.115315,0.0,0.0,-0.202318,-0.0084,-0.035093,0.383186,-0.184964,0.0,-0.202318,0.0084,0.035093,0.383186,-0.184964,0.0,0.085835,0.174996,0.0,-0.348551,0.0,0.0,0.0,0.085835,-0.174996,0.0,-0.348551,0.0,0.0,0.0,0.0,0.008495,-0.000052,0.0,-0.000039,0.0,-0.000039,-0.0,-0.000052,0.0,0.0,0.008495,-0.000052,0.0,-0.000039,0.0,-0.000039,-0.0,-0.000052,0.0,0.0,0.0,0.0,
0.0,-0.001225,0.874752,0.004057,0.0,0.0,0.0,0.032332,0.043108,-0.115448,0.0,0.0,-0.201856,-0.008389,-0.035101,0.382569,-0.184694,0.0,-0.201856,0.008389,0.035101,0.382569,-0.184694,0.0,0.085874,0.174983,0.0,-0.348564,0.0,0.0,0.0,0.085874,-0.174983,0.0,-0.348564,0.0,0.0,0.0,0.0,0.008495,-0.000052,-0.0,-0.000039,-0.0,-0.000039,-0.0,-0.000052,0.0,0.0,0.008495,-0.000052,-0.0,-0.000039,-0.0,-0.000039,-0.0,-0.000052,0.0,0.0,0.0,0.0,
0.0,-0.001193,0.874795,0.003942,0.0,0.0,0.0,0.032328,0.043108,-0.115315,0.0,0.0,-0.201394,-0.008378,-0.035108,0.381952,-0.184424,0.0,-0.201394,0.008378,0.035108,0.381952,-0.184424,0.0,0.085912,0.17497,0.0,-0.348577,0.0,0.0,0.0,0.085912,-0.17497,0.0,-0.348577,0.0,0.0,0.0,0.0,0.008495,-0.000052,0.0,-0.000039,0.0,-0.000039,0.0,-0.000052,0.0,0.0,0.008495,-0.000052,0.0,-0.000039,0.0,-0.000039,0.0,-0.000052,0.0,0.0,0.0,0.0,
0.0,-0.001161,0.874838,0.003826,0.0,0.0,0.0,0.032332,0.043108,-0.115448,0.0,0.0,-0.200932,-0.008367,-0.035115,0.381334,-0.184153,0.0,-0.200932,0.008367,0.035115,0.381334,-0.184153,0.0,0.085951,0.174957,0.0,-0.34859,0.0,0.0,0.0,0.085951,-0.174957,0.0,-0.34859,0.0,0.0,0.0,0.0,0.008495,-0.000052,-0.0,-0.000039,0.0,-0.000039,0.0,-0.000052,0.0,0.0,0.008495,-0.000052,-0.0,-0.000039,0.0,-0.000039,0.0,-0.000052,0.0,0.0,0.0,0.0,
0.0,-0.001128,0.874881,0.003711,0.0,0.0,0.0,0.032332,0.043108,-0.115315,0.0,0.0,-0.20047,-0.008356,-0.035123,0.380717,-0.183883,0.0,-0.20047,0.008356,0.035123,0.380717,-0.183883,0.0,0.085989,0.174944,0.0,-0.348603,0.0,-0.0,0.0,0.085989,-0.174944,0.0,-0.348603,0.0,0.0,0.0,0.0,0.008495,-0.000052,-0.0,-0.000039,0.0,-0.000039,0.0,-0.000052,0.0,0.0,0.008495,-0.000052,-0.0,-0.000039,0.0,-0.000039,0.0,-0.000052,0.0,0.0,0.0,0.0,
0.0,-0.001096,0.874924,0.003596,0.0,0.0,0.0,0.032328,0.043108,-0.115315,0.0,0.0,-0.200009,-0.008345,-0.03513,0.3801,-0.183613,0.0,-0.200009,0.008345,0.03513,0.3801,-0.183613,0.0,0.086028,0.174931,0.0,-0.348616,0.0,0.0,0.0,0.086028,-0.174931,0.0,-0.348616,0.0,0.0,0.0,0.0,0.008495,-0.000052,0.0,-0.000039,0.0,-0.000039,0.0,-0.000052,0.0,0.0,0.008495,-0.000052,0.0,-0.000039,0.0,-0.000039,0.0,-0.000052,0.0,0.0,0.0,0.0,
0.0,-0.001064,0.874967,0.00348,0.0,0.0,0.0,0.032332,0.043108,-0.115448,0.0,0.0,-0.199547,-0.008334,-0.035137,0.379483,-0.183342,0.0,-0.199547,0.008334,0.035137,0.379483,-0.183342,0.0,0.086066,0.174918,0.0,-0.348629,0.0,0.0,0.0,0.086066,-0.174918,0.0,-0.348629,0.0,0.0,0.0,0.0,0.008495,-0.000052,0.0,-0.000039,-0.0,-0.000039,0.0,-0.000052,0.0,0.0,0.008495,-0.000052,0.0,-0.000039,-0.0,-0.000039,0.0,-0.000052,0.0,0.0,0.0,0.0,
0.0,-0.001031,0.875011,0.003365,0.0,0.0,0.0,0.032332,0.043108,-0.115315,0.0,0.0,-0.199085,-0.008323,-0.035145,0.378866,-0.183072,0.0,-0.199085,0.008323,0.035145,0.378866,-0.183072,0.0,0.086105,0.174905,0.0,-0.348642,-0.0,0.0,0.0,0.086105,-0.174905,0.0,-0.348642,0.0,-0.0,0.0,0.0,0.008495,-0.000052,-0.0,-0.000039,-0.0,-0.000039,0.0,-0.000052,0.0,0.0,0.008495,-0.000052,-0.0,-0.000039,-0.0,-0.000039,0.0,-0.000052,0.0,0.0,0.0,0.0,
0.0,-0.000999,0.875054,0.00325,0.0,0.0,0.0,0.032328,0.043108,-0.115315,0.0,0.0,-0.198623,-0.008312,-0.035152,0.378249,-0.182802,0.0,-0.198623,0.008312,0.035152,0.378249,-0.182802,0.0,0.086143,0.174893,0.0,-0.348655,0.0,0.0,0.0,0.086143,-0.174893,0.0,-0.348655,0.0,0.0,0.0,0.0,0.008495,-0.000052,-0.0,-0.000039,0.0,-0.000039,0.0,-0.000052,0.0,0.0,0.008495,-0.000052,-0.0,-0.000039,0.0,-0.000039,0.0,-0.000052,0.0,0.0,0.0,0.0,
0.0,-0.000967,0.875097,0.003134,0.0,0.0,0.0,0.032332,0.043108,-0.115448,0.0,0.0,-0.198161,-0.008301,-0.035159,0.377632,-0.182531,0.0,-0.198161,0.008301,0.035159,0.377632,-0.182531,0.0,0.086182,0.17488,0.0,-0.348668,0.0,0.0,0.0,0.086182,-0.17488,0.0,-0.348668,0.0,0.0,0.0,0.0,0.008495,-0.000052,0.0,-0.000039,0.0,-0.000039,0.0,-0.000052,0.0,0.0,0.008495,-0.000052,0.0,-0.000039,0.0,-0.000039,0.0,-0.000052,0.0,0.0,0.0,0.0,
0.0,-0.000934,0.87514,0.003019,0.0,0.0,0.0,0.032332,0.043108,-0.115315,0.0,0.0,-0.197699,-0.00829,-0.035167,0.377015,-0.182261,0.0,-0.197699,0.00829,0.035167,0.377015,-0.182261,0.0,0.08622,0.174867,0.0,-0.348681,0.0,0.0,0.0,0.08622,-0.174867,0.0,-0.348681,0.0,0.0,0.0,0.0,0.008495,-0.000052,-0.0,-0.000039,-0.0,-0.000039,0.0,-0.000052,0.0,0.0,0.008495,-0.000052,-0.0,-0.000039,-0.0,-0.000039,0.0,-0.000052,0.0,0.0,0.0,0.0,
0.0,-0.000902,0.875183,0.002903,0.0,0.0,0.0,0.032328,0.043108,-0.115448,0.0,0.0,-0.197237,-0.008279,-0.035174,0.376398,-0.181991,0.0,-0.197237,0.008279,0.035174,0.376398,-0.181991,0.0,0.086259,0.174854,0.0,-0.348694,0.0,0.0,0.0,0.086259,-0.174854,0.0,-0.348694,0.0,0.0,0.0,0.0,0.008495,-0.000052,-0.0,-0.000039,0.0,-0.000039,0.0,-0.000052,0.0,0.0,0.008495,-0.000052,-0.0,-0.000039,0.0,-0.000039,0.0,-0.000052,0.0,0.0,0.0,0.0,
0.0,-0.00087,0.875226,0.002788,0.0,0.0,0.0,0.032332,0.043108,-0.115315,0.0,0.0,-0.196775,-0.008268,-0.035181,0.375781,-0.18172,0.0,-0.196775,0.008268,0.035181,0.375781,-0.18172,0.0,0.086297,0.174841,0.0,-0.348707,0.0,0.0,0.0,0.086297,-0.174841,0.0,-0.348707,0.0,0.0,0.0,0.0,0.008495,-0.000052,-0.0,-0.000039,0.0,-0.000039,0.0,-0.000052,0.0,0.0,0.008495,-0.000052,-0.0,-0.000039,0.0,-0.000039,0.0,-0.000052,0.0,0.0,0.0,0.0,
0.0,-0.000837,0.875269,0.002673,0.0,0.0,0.0,0.032332,0.043108,-0.115315,0.0,0.0,-0.196313,-0.008257,-0.035189,0.375163,-0.18145,-0.0,-0.196313,0.008257,0.035189,0.375163,-0.18145,0.0,0.086336,0.174828,-0.0,-0.34872,0.0,0.0,0.0,0.086336,-0.174828,0.0,-0.34872,0.0,-0.0,0.0,0.0,0.008495,-0.000052,-0.0,-0.000039,-0.0,-0.000039,0.0,-0.000052,0.0,0.0,0.008495,-0.000052,-0.0,-0.000039,-0.0,-0.000039,0.0,-0.000052,0.0,0.0,0.0,0.0,
0.0,-0.000805,0.875312,0.002557,0.0,0.0,0.0,0.032328,0.043108,-0.115448,0.0,0.0,-0.195852,-0.008246,-0.035196,0.374546,-0.18118,0.0,-0.195852,0.008246,0.035196,0.374546,-0.18118,0.0,0.086374,0.174815,0.0,-0.348733,0.0,-0.0,0.0,0.086374,-0.174815,0.0,-0.348733,0.0,0.0,0.0,0.0,0.008495,-0.000052,0.0,-0.000039,0.0,-0.000039,0.0,-0.000052,0.0,0.0,0.008495,-0.000052,0.0,-0.000039,0.0,-0.000039,0.0,-0.000052,0.0,0.0,0.0,0.0,
0.0,-0.000773,0.875355,0.002442,0.0,0.0,0.0,0.032332,0.043108,-0.115315,0.0,0.0,-0.19539,-0.008235,-0.035203,0.373929,-0.18091,0.0,-0.19539,0.008235,0.035203,0.373929,-0.18091,0.0,0.086413,0.174803,0.0,-0.348746,0.0,0.0,0.0,0.086413,-0.174803,0.0,-0.348746,-0.0,-0.0,0.0,-0.0,0.008495,-0.000052,0.0,-0.000039,-0.0,-0.000039,0.0,-0.000052,0.0,-0.0,0.008495,-0.000052,0.0,-0.000039,-0.0,-0.000039,0.0,-0.000052,0.0,0.0,0.0,0.0,
0.0,-0.00074,0.875399,0.002327,0.0,0.0,0.0,0.032332,0.043108,-0.115448,0.0,0.0,-0.194928,-0.008224,-0.035211,0.373312,-0.180639,0.0,-0.194928,0.008224,0.035211,0.373312,-0.180639,0.0,0.086451,0.17479,0.0,-0.348759,-0.0,-0.0,0.0,0.086451,-0.17479,0.0,-0.348759,0.0,0.0,0.0,0.0,0.008495,-0.000052,-0.0,-0.000039,0.0,-0.000039,0.0,-0.000052,0.0,0.0,0.008495,-0.000052,-0.0,-0.000039,0.0,-0.000039,0.0,-0.000052,0.0,0.0,0.0,0.0,
0.0,-0.000708,0.875442,0.002211,0.0,0.0,0.0,0.032332,0.043108,-0.115315,0.0,0.0,-0.194466,-0.008213,-0.035218,0.372695,-0.180369,0.0,-0.194466,0.008213,0.035218,0.372695,-0.180369,0.0,0.08649,0.174777,0.0,-0.348772,-0.0,0.0,0.0,0.08649,-0.174777,0.0,-0.348772,0.0,-0.0,0.0,0.0,0.008495,-0.000052,0.0,-0.000039,0.0,-0.000039,0.0,-0.000052,0.0,0.0,0.008495,-0.000052,0.0,-0.000039,0.0,-0.000039,0.0,-0.000052,0.0,0.0,0.0,0.0,
0.0,-0.000676,0.875485,0.002096,0.0,0.0,0.0,0.032328,0.043108,-0.115315,0.0,0.0,-0.194004,-0.008202,-0.035225,0.372078,-0.180099,0.0,-0.194004,0.008202,0.035225,0.372078,-0.180099,0.0,0.086528,0.174764,0.0,-0.348785,0.0,0.0,0.0,0.086528,-0.174764,0.0,-0.348785,-0.0,-0.0,0.0,-0.0,0.008495,-0.000052,0.0,-0.000039,0.0,-0.000039,-0.0,-0.000052,0.0,-0.0,0.008495,-0.000052,0.0,-0.000039,0.0,-0.000039,-0.0,-0.000052,0.0,0.0,0.0,0.0,
0.0,-0.000643,0.875528,0.00198,0.0,0.0,0.0,0.032332,0.043108,-0.115448,0.0,0.0,-0.193542,-0.008191,-0.035233,0.371461,-0.179828,0.0,-0.193542,0.008191,0.035233,0.371461,-0.179828,0.0,0.086567,0.174751,0.0,-0.348798,0.0,0.0,0.0,0.086567,-0.174751,0.0,-0.348798,0.0,0.0,0.0,0.0,0.008495,-0.000052,0.0,-0.000039,0.0,-0.000039,0.0,-0.000052,0.0,0.0,0.008495,-0.000052,0.0,-0.000039,0.0,-0.000039,0.0,-0.000052,0.0,0.0,0.0,0.0,
0.0,-0.000611,0.875571,0.001865,0.0,0.0,0.0,0.032332,0.043108,-0.115315,0.0,0.0,-0.19308,-0.00818,-0.03524,0.370844,-0.179558,0.0,-0.19308,0.00818,0.03524,0.370844,-0.179558,0.0,0.086605,0.174738,0.0,-0.348811,0.0,0.0,0.0,0.086605,-0.174738,0.0,-0.348811,0.0,0.0,0.0,0.0,0.008495,-0.000052,-0.0,-0.000039,-0.0,-0.000039,0.0,-0.000052,0.0,0.0,0.008495,-0.000052,-0.0,-0.000039,-0.0,-0.000039,0.0,-0.000052,0.0,0.0,0.0,0.0,
0.0,-0.000579,0.875614,0.00175,0.0,0.0,0.0,0.032328,0.043108,-0.115315,0.0,0.0,-0.192618,-0.008169,-0.035247,0.370227,-0.179288,0.0,-0.192618,0.008169,0.035247,0.370227,-0.179288,0.0,0.086644,0.174725,0.0,-0.348824,0.0,0.0,0.0,0.086644,-0.174725,0.0,-0.348824,0.0,0.0,0.0,0.0,0.008495,-0.000052,0.0,-0.000039,0.0,-0.000039,-0.0,-0.000052,0.0,0.0,0.008495,-0.000052,0.0,-0.000039,0.0,-0.000039,-0.0,-0.000052,0.0,0.0,0.0,0.0,
0.0,-0.000546,0.875657,0.001634,0.0,0.0,0.0,0.032332,0.043108,-0.115448,0.0,0.0,-0.192156,-0.008158,-0.035255,0.369609,-0.179017,0.0,-0.192156,0.008158,0.035255,0.369609,-0.179017,0.0,0.086682,0.174712,0.0,-0.348837,-0.0,0.0,0.0,0.086682,-0.174712,0.0,-0.348837,0.0,0.0,0.0,0.0,0.008495,-0.000052,-0.0,-0.000039,0.0,-0.000039,0.0,-0.000052,0.0,0.0,0.008495,-0.000052,-0.0,-0.000039,0.0,-0.000039,0.0,-0.000052,0.0,0.0,0.0,0.0,
0.0,-0.000514,0.8757,0.001519,0.0,0.0,0.0,0.032332,0.043108,-0.115315,0.0,0.0,-0.191694,-0.008147,-0.035262,0.368992,-0.178747,0.0,-0.191694,0.008147,0.035262,0.368992,-0.178747,0.0,0.086721,0.1747,0.0,-0.34885,0.0,0.0,0.0,0.086721,-0.1747,0.0,-0.34885,0.0,-0.0,0.0,0.0,0.008495,-0.000052,-0.0,-0.000039,0.0,-0.000039,0.0,-0.000052,0.0,0.0,0.008495,-0.000052,-0.0,-0.000039,0.0,-0.000039,0.0,-0.000052,0.0,0.0,0.0,0.0,
0.0,-0.000482,0.875743,0.001404,0.0,0.0,0.0,0.032328,0.043108,-0.115448,0.0,0.0,-0.191233,-0.008136,-0.035269,0.368375,-0.178477,0.0,-0.191233,0.008136,0.035269,0.368375,-0.178477,0.0,0.086759,0.174687,0.0,-0.348863,0.0,0.0,0.0,0.086759,-0.174687,0.0,-0.348863,0.0,0.0,0.0,0.0,0.008495,-0.000052,0.0,-0.000039,0.0,-0.000039,-0.0,-0.000052,0.0,0.0,0.008495,-0.000052,0.0,-0.000039,0.0,-0.000039,-0.0,-0.000052,0.0,0.0,0.0,0.0,
0.0,-0.000449,0.875787,0.001288,0.0,0.0,0.0,0.032332,0.043108,-0.115315,0.0,0.0,-0.190771,-0.008125,-0.035277,0.367758,-0.178206,0.0,-0.190771,0.008125,0.035277,0.367758,-0.178206,0.0,0.086798,0.174674,0.0,-0.348876,0.0,0.0,0.0,0.086798,-0.174674,0.0,-0.348876,0.0,0.0,0.0,0.0,0.008495,-0.000052,-0.0,-0.000039,-0.0,-0.000039,0.0,-0.000052,0.0,0.0,0.008495,-0.000052,-0.0,-0.000039,-0.0,-0.000039,0.0,-0.000052,0.0,0.0,0.0,0.0,
0.0,-0.000425,0.875819,0.001201,0.0,0.0,0.0,0.024505,0.032579,-0.086952,0.0,0.0,-0.190419,-0.008118,-0.035281,0.367288,-0.178,0.0,-0.190419,0.008118,0.035281,0.367288,-0.178,0.0,0.086827,0.174666,0.0,-0.348884,0.0,-0.0,0.0,0.086827,-0.174666,0.0,-0.348884,0.0,0.0,0.0,0.0,0.008495,-0.000052,-0.0,-0.000039,0.0,-0.000039,-0.0,-0.000052,0.0,0.0,0.008495,-0.000052,-0.0,-0.000039,0.0,-0.000039,-0.0,-0.000052,0.0,0.0,0.0,0.0,
0.0,-0.000414,0.875834,0.001163,0.0,0.0,0.0,0.011124,0.014573,-0.038483,0.0,0.0,-0.190258,-0.008118,-0.035281,0.367071,-0.177902,0.0,-0.190258,0.008118,0.035281,0.367071,-0.177902,0.0,0.086839,0.174666,0.0,-0.348884,0.0,0.0,0.0,0.086839,-0.174666,0.0,-0.348884,0.0,0.0,0.0,0.0,0.008495,-0.000052,-0.0,-0.000039,-0.0,-0.000039,0.0,-0.000052,0.0,0.0,0.008495,-0.000052,-0.0,-0.000039,-0.0,-0.000039,0.0,-0.000052,0.0,0.0,0.0,0.0,
0.0,-0.000403,0.875848,0.001124,0.0,0.0,0.0,0.011125,0.014573,-0.038483,0.0,0.0,-0.190096,-0.008118,-0.035281,0.366853,-0.177805,0.0,-0.190096,0.008118,0.035281,0.366853,-0.177805,0.0,0.086852,0.174666,0.0,-0.348884,0.0,-0.0,0.0,0.086852,-0.174666,0.0,-0.348884,0.0,0.0,0.0,0.0,0.008495,-0.000052,0.0,-0.000039,0.0,-0.000039,0.0,-0.000052,0.0,0.0,0.008495,-0.000052,0.0,-0.000039,0.0,-0.000039,0.0,-0.000052,0.0,0.0,0.0,0.0,
0.0,-0.000391,0.875863,0.001086,0.0,0.0,0.0,0.011125,0.014573,-0.038483,0.0,0.0,-0.189934,-0.008118,-0.035281,0.366635,-0.177708,0.0,-0.189934,0.008118,0.035281,0.366635,-0.177708,0.0,0.086865,0.174666,0.0,-0.348884,0.0,0.0,0.0,0.086865,-0.174666,0.0,-0.348884,-0.0,-0.0,0.0,-0.0,0.008495,-0.000052,0.0,-0.000039,0.0,-0.000039,0.0,-0.000052,0.0,-0.0,0.008495,-0.000052,0.0,-0.000039,0.0,-0.000039,0.0,-0.000052,0.0,0.0,0.0,0.0,
0.0,-0.00038,0.875877,0.001048,0.0,0.0,0.0,0.011125,0.014573,-0.03835,0.0,0.0,-0.189772,-0.008118,-0.035281,0.366417,-0.17761,0.0,-0.189772,0.008118,0.035281,0.366417,-0.17761,0.0,0.086878,0.174666,0.0,-0.348884,0.0,-0.0,0.0,0.086878,-0.174666,0.0,-0.348884,0.0,0.0,0.0,0.0,0.008495,-0.000052,-0.0,-0.000039,0.0,-0.000039,0.0,-0.000052,0.0,0.0,0.008495,-0.000052,-0.0,-0.000039,0.0,-0.000039,0.0,-0.000052,0.0,0.0,0.0,0.0,
0.0,-0.000369,0.875892,0.001009,0.0,0.0,0.0,0.011124,0.014649,-0.038483,0.0,0.0,-0.18961,-0.008118,-0.035281,0.366199,-0.177513,0.0,-0.18961,0.008118,0.035281,0.366199,-0.177513,0.0,0.086891,0.174666,0.0,-0.348884,0.0,0.0,0.0,0.086891,-0.174666,0.0,-0.348884,0.0,0.0,0.0,0.0,0.008495,-0.000052,0.0,-0.000039,0.0,-0.000039,-0.0,-0.000052,0.0,0.0,0.008495,-0.000052,0.0,-0.000039,0.0,-0.000039,-0.0,-0.000052,0.0,0.0,0.0,0.0,
0.0,-0.000358,0.875907,0.000971,0.0,0.0,0.0,0.011125,0.014573,-0.038483,0.0,0.0,-0.189448,-0.008118,-0.035281,0.365981,-0.177415,0.0,-0.189448,0.008118,0.035281,0.365981,-0.177415,0.0,0.086904,0.174666,0.0,-0.348884,0.0,0.0,0.0,0.086904,-0.174666,0.0,-0.348884,0.0,0.0,0.0,0.0,0.008495,-0.000052,-0.0,-0.000039,-0.0,-0.000039,-0.0,-0.000052,0.0,0.0,0.008495,-0.000052,-0.0,-0.000039,-0.0,-0.000039,-0.0,-0.000052,0.0,0.0,0.0,0.0,
0.0,-0.000347,0.875921,0.000932,0.0,0.0,0.0,0.011125,0.014573,-0.038483,0.0,0.0,-0.189286,-0.008118,-0.035281,0.365764,-0.177318,0.0,-0.189286,0.008118,0.035281,0.365764,-0.177318,0.0,0.086916,0.174666,0.0,-0.348884,0.0,-0.0,0.0,0.086916,-0.174666,0.0,-0.348884,-0.0,0.0,0.0,-0.0,0.008495,-0.000052,-0.0,-0.000039,-0.0,-0.000039,0.0,-0.000052,0.0,-0.0,0.008495,-0.000052,-0.0,-0.000039,-0.0,-0.000039,0.0,-0.000052,0.0,0.0,0.0,0.0,
0.0,-0.000336,0.875936,0.000894,0.0,0.0,0.0,0.011124,0.014573,-0.038483,0.0,0.0,-0.189125,-0.008118,-0.035281,0.365546,-0.17722,0.0,-0.189125,0.008118,0.035281,0.365546,-0.17722,0.0,0.086929,0.174666,0.0,-0.348884,0.0,0.0,0.0,0.086929,-0.174666,0.0,-0.348884,0.0,0.0,0.0,0.0,0.008495,-0.000052,-0.0,-0.000039,0.0,-0.000039,0.0,-0.000052,0.0,0.0,0.008495,-0.000052,-0.0,-0.000039,0.0,-0.000039,0.0,-0.000052,0.0,0.0,0.0,0.0,
0.0,-0.000325,0.87595,0.000855,0.0,0.0,0.0,0.011125,0.014573,-0.03835,0.0,0.0,-0.188963,-0.008118,-0.035281,0.365328,-0.177123,0.0,-0.188963,0.008118,0.035281,0.365328,-0.177123,0.0,0.086942,0.174666,0.0,-0.348884,0.0,0.0,0.0,0.086942,-0.174666,0.0,-0.348884,0.0,0.0,0.0,0.0,0.008495,-0.000052,-0.0,-0.000039,-0.0,-0.000039,0.0,-0.000052,0.0,0.0,0.008495,-0.000052,-0.0,-0.000039,-0.0,-0.000039,0.0,-0.000052,0.0,0.0,0.0,0.0,
0.0,-0.000314,0.875965,0.000817,0.0,0.0,0.0,0.011125,0.014649,-0.038483,0.0,0.0,-0.188801,-0.008118,-0.035281,0.36511,-0.177026,0.0,-0.188801,0.008118,0.035281,0.36511,-0.177026,0.0,0.086955,0.174666,0.0,-0.348884,0.0,0.0,0.0,0.086955,-0.174666,0.0,-0.348884,0.0,0.0,0.0,0.0,0.008495,-0.000052,-0.0,-0.000039,-0.0,-0.000039,-0.0,-0.000052,-0.0,0.0,0.008495,-0.000052,-0.0,-0.000039,-0.0,-0.000039,-0.0,-0.000052,-0.0,0.0,0.0,0.0,
0.0,-0.000302,0.87598,0.000778,0.0,0.0,0.0,0.011124,0.014573,-0.038483,0.0,0.0,-0.188639,-0.008118,-0.035281,0.364892,-0.176928,0.0,-0.188639,0.008118,0.035281,0.364892,-0.176928,0.0,0.086968,0.174666,0.0,-0.348884,0.0,0.0,0.0,0.086968,-0.174666,0.0,-0.348884,0.0,0.0,0.0,0.0,0.008495,-0.000052,-0.0,-0.000039,0.0,-0.000039,0.0,-0.000052,0.0,0.0,0.008495,-0.000052,-0.0,-0.000039,0.0,-0.000039,0.0,-0.000052,0.0,0.0,0.0,0.0,
0.0,-0.000291,0.875994,0.00074,0.0,0.0,0.0,0.011125,0.014573,-0.038483,0.0,0.0,-0.188477,-0.008118,-0.035281,0.364674,-0.176831,0.0,-0.188477,0.008118,0.035281,0.364674,-0.176831,0.0,0.086981,0.174666,0.0,-0.348884,0.0,-0.0,0.0,0.086981,-0.174666,0.0,-0.348884,-0.0,0.0,0.0,-0.0,0.008495,-0.000052,0.0,-0.000039,0.0,-0.000039,0.0,-0.000052,0.0,-0.0,0.008495,-0.000052,0.0,-0.000039,0.0,-0.000039,0.0,-0.000052,0.0,0.0,0.0,0.0,
0.0,-0.00028,0.876009,0.000701,0.0,0.0,0.0,0.011125,0.014573,-0.03835,0.0,0.0,-0.188315,-0.008118,-0.035281,0.364457,-0.176733,0.0,-0.188315,0.008118,0.035281,0.364457,-0.176733,0.0,0.086993,0.174666,0.0,-0.348884,0.0,0.0,0.0,0.086993,-0.174666,0.0,-0.348884,0.0,0.0,0.0,0.0,0.008495,-0.000052,-0.0,-0.000039,0.0,-0.000039,-0.0,-0.000052,0.0,0.0,0.008495,-0.000052,-0.0,-0.000039,0.0,-0.000039,-0.0,-0.000052,0.0,0.0,0.0,0.0,
0.0,-0.000269,0.876023,0.000663,0.0,0.0,0.0,0.011124,0.014573,-0.038483,0.0,0.0,-0.188153,-0.008118,-0.035281,0.364239,-0.176636,0.0,-0.188153,0.008118,0.035281,0.364239,-0.176636,0.0,0.087006,0.174666,0.0,-0.348884,0.0,0.0,0.0,0.087006,-0.174666,0.0,-0.348884,0.0,-0.0,0.0,0.0,0.008495,-0.000052,-0.0,-0.000039,-0.0,-0.000039,-0.0,-0.000052,0.0,0.0,0.008495,-0.000052,-0.0,-0.000039,-0.0,-0.000039,-0.0,-0.000052,0.0,0.0,0.0,0.0,
0.0,-0.000258,0.876038,0.000625,0.0,0.0,0.0,0.011125,0.014649,-0.038483,0.0,0.0,-0.187992,-0.008118,-0.035281,0.364021,-0.176538,0.0,-0.187992,0.008118,0.035281,0.364021,-0.176538,0.0,0.087019,0.174666,0.0,-0.348884,0.0,-0.0,0.0,0.087019,-0.174666,0.0,-0.348884,0.0,0.0,0.0,0.0,0.008495,-0.000052,0.0,-0.000039,-0.0,-0.000039,-0.0,-0.000052,0.0,0.0,0.008495,-0.000052,0.0,-0.000039,-0.0,-0.000039,-0.0,-0.000052,0.0,0.0,0.0,0.0,
0.0,-0.000247,0.876053,0.000586,0.0,0.0,0.0,0.011125,0.014573,-0.038483,0.0,0.0,-0.18783,-0.008118,-0.035281,0.363803,-0.176441,0.0,-0.18783,0.008118,0.035281,0.363803,-0.176441,0.0,0.087032,0.174666,0.0,-0.348884,0.0,-0.0,0.0,0.087032,-0.174666,0.0,-0.348884,0.0,0.0,0.0,0.0,0.008495,-0.000052,-0.0,-0.000039,-0.0,-0.000039,0.0,-0.000052,0.0,0.0,0.008495,-0.000052,-0.0,-0.000039,-0.0,-0.000039,0.0,-0.000052,0.0,0.0,0.0,0.0,
0.0,-0.000236,0.876067,0.000548,0.0,0.0,0.0,0.011124,0.014573,-0.038483,0.0,0.0,-0.187668,-0.008118,-0.035281,0.363585,-0.176344,0.0,-0.187668,0.008118,0.035281,0.363585,-0.176344,0.0,0.087045,0.174666,0.0,-0.348884,0.0,0.0,0.0,0.087045,-0.174666,0.0,-0.348884,0.0,-0.0,0.0,0.0,0.008495,-0.000052,-0.0,-0.000039,0.0,-0.000039,-0.0,-0.000052,0.0,0.0,0.008495,-0.000052,-0.0,-0.000039,0.0,-0.000039,-0.0,-0.000052,0.0,0.0,0.0,0.0,
0.0,-0.000225,0.876082,0.000509,0.0,0.0,0.0,0.011125,0.014573,-0.03835,0.0,0.0,-0.187506,-0.008118,-0.035281,0.363367,-0.176246,0.0,-0.187506,0.008118,0.035281,0.363367,-0.176246,0.0,0.087058,0.174666,0.0,-0.348884,0.0,0.0,0.0,0.087058,-0.174666,0.0,-0.348884,-0.0,-0.0,0.0,-0.0,0.008495,-0.000052,0.0,-0.000039,0.0,-0.000039,0.0,-0.000052,0.0,-0.0,0.008495,-0.000052,0.0,-0.000039,0.0,-0.000039,0.0,-0.000052,0.0,0.0,0.0,0.0,
0.0,-0.000213,0.876096,0.000471,0.0,0.0,0.0,0.011125,0.014573,-0.038483,0.0,0.0,-0.187344,-0.008118,-0.035281,0.363149,-0.176149,0.0,-0.187344,0.008118,0.035281,0.363149,-0.176149,0.0,0.08707,0.174666,0.0,-0.348884,0.0,0.0,0.0,0.08707,-0.174666,0.0,-0.348884,-0.0,-0.0,0.0,-0.0,0.008495,-0.000052,0.0,-0.000039,0.0,-0.000039,0.0,-0.000052,0.0,-0.0,0.008495,-0.000052,0.0,-0.000039,0.0,-0.000039,0.0,-0.000052,0.0,0.0,0.0,0.0,
0.0,-0.000202,0.876111,0.000432,0.0,0.0,0.0,0.011124,0.014649,-0.038483,0.0,0.0,-0.187182,-0.008118,-0.035281,0.362932,-0.176051,0.0,-0.187182,0.008118,0.035281,0.362932,-0.176051,0.0,0.087083,0.174666,0.0,-0.348884,-0.0,0.0,0.0,0.087083,-0.174666,0.0,-0.348884,0.0,-0.0,0.0,0.0,0.008495,-0.000052,0.0,-0.000039,0.0,-0.000039,0.0,-0.000052,0.0,0.0,0.008495,-0.000052,0.0,-0.000039,0.0,-0.000039,0.0,-0.000052,0.0,0.0,0.0,0.0,
0.0,-0.000191,0.876125,0.000394,0.0,0.0,0.0,0.011125,0.014573,-0.038483,0.0,0.0,-0.18702,-0.008118,-0.035281,0.362714,-0.175954,0.0,-0.18702,0.008118,0.035281,0.362714,-0.175954,0.0,0.087096,0.174666,0.0,-0.348884,-0.0,0.0,0.0,0.087096,-0.174666,0.0,-0.348884,0.0,-0.0,0.0,0.0,0.008495,-0.000052,-0.0,-0.000039,0.0,-0.000039,0.0,-0.000052,0.0,0.0,0.008495,-0.000052,-0.0,-0.000039,0.0,-0.000039,0.0,-0.000052,0.0,0.0,0.0,0.0,
0.0,-0.00018,0.87614,0.000355,0.0,0.0,0.0,0.011125,0.014573,-0.038483,0.0,0.0,-0.186859,-0.008118,-0.035281,0.362496,-0.175856,0.0,-0.186859,0.008118,0.035281,0.362496,-0.175856,0.0,0.087109,0.174666,0.0,-0.348884,0.0,0.0,0.0,0.087109,-0.174666,0.0,-0.348884,0.0,-0.0,0.0,0.0,0.008495,-0.000052,0.0,-0.000039,0.0,-0.000039,0.0,-0.000052,0.0,0.0,0.008495,-0.000052,0.0,-0.000039,0.0,-0.000039,0.0,-0.000052,0.0,0.0,0.0,0.0,
0.0,-0.000169,0.876155,0.000317,0.0,0.0,0.0,0.011125,0.014573,-0.03835,0.0,0.0,-0.186697,-0.008118,-0.035281,0.362278,-0.175759,0.0,-0.186697,0.008118,0.035281,0.362278,-0.175759,0.0,0.087122,0.174666,0.0,-0.348884,0.0,-0.0,0.0,0.087122,-0.174666,0.0,-0.348884,0.0,0.0,0.0,0.0,0.008495,-0.000052,0.0,-0.000039,0.0,-0.000039,0.0,-0.000052,0.0,0.0,0.008495,-0.000052,0.0,-0.000039,0.0,-0.000039,0.0,-0.000052,0.0,0.0,0.0,0.0,
0.0,-0.000158,0.876169,0.000278,0.0,0.0,0.0,0.011124,0.014573,-0.038483,0.0,0.0,-0.186535,-0.008118,-0.035281,0.36206,-0.175662,0.0,-0.186535,0.008118,0.035281,0.36206,-0.175662,0.0,0.087135,0.174666,0.0,-0.348884,0.0,0.0,0.0,0.087135,-0.174666,0.0,-0.348884,-0.0,-0.0,0.0,-0.0,0.008495,-0.000052,0.0,-0.000039,0.0,-0.000039,0.0,-0.000052,0.0,-0.0,0.008495,-0.000052,0.0,-0.000039,0.0,-0.000039,0.0,-0.000052,0.0,0.0,0.0,0.0,
0.0,-0.000147,0.876184,0.00024,0.0,0.0,0.0,0.011125,0.014649,-0.038483,0.0,0.0,-0.186373,-0.008118,-0.035281,0.361842,-0.175564,0.0,-0.186373,0.008118,0.035281,0.361842,-0.175564,0.0,0.087147,0.174666,0.0,-0.348884,0.0,0.0,0.0,0.087147,-0.174666,0.0,-0.348884,-0.0,-0.0,0.0,-0.0,0.008495,-0.000052,-0.0,-0.000039,0.0,-0.000039,-0.0,-0.000052,0.0,-0.0,0.008495,-0.000052,-0.0,-0.000039,0.0,-0.000039,-0.0,-0.000052,0.0,0.0,0.0,0.0,
0.0,-0.000136,0.876198,0.000201,0.0,0.0,0.0,0.011125,0.014573,-0.038483,0.0,0.0,-0.186211,-0.008118,-0.035281,0.361625,-0.175467,0.0,-0.186211,0.008118,0.035281,0.361625,-0.175467,0.0,0.08716,0.174666,0.0,-0.348884,0.0,0.0,0.0,0.08716,-0.174666,0.0,-0.348884,0.0,0.0,0.0,0.0,0.008495,-0.000052,0.0,-0.000039,0.0,-0.000039,0.0,-0.000052,0.0,0.0,0.008495,-0.000052,0.0,-0.000039,0.0,-0.000039,0.0,-0.000052,0.0,0.0,0.0,0.0,
0.0,-0.000124,0.876213,0.000163,0.0,0.0,0.0,0.011124,0.014573,-0.038483,0.0,0.0,-0.186049,-0.008118,-0.035281,0.361407,-0.175369,0.0,-0.186049,0.008118,0.035281,0.361407,-0.175369,0.0,0.087173,0.174666,0.0,-0.348884,0.0,0.0,0.0,0.087173,-0.174666,0.0,-0.348884,0.0,0.0,0.0,0.0,0.008495,-0.000052,-0.0,-0.000039,0.0,-0.000039,0.0,-0.000052,0.0,0.0,0.008495,-0.000052,-0.0,-0.000039,0.0,-0.000039,0.0,-0.000052,0.0,0.0,0.0,0.0,
0.0,-0.000113,0.876228,0.000125,0.0,0.0,0.0,0.011125,0.014573,-0.03835,0.0,0.0,-0.185887,-0.008118,-0.035281,0.361189,-0.175272,0.0,-0.185887,0.008118,0.035281,0.361189,-0.175272,0.0,0.087186,0.174666,0.0,-0.348884,0.0,-0.0,0.0,0.087186,-0.174666,0.0,-0.348884,-0.0,0.0,0.0,-0.0,0.008495,-0.000052,0.0,-0.000039,0.0,-0.000039,0.0,-0.000052,0.0,-0.0,0.008495,-0.000052,0.0,-0.000039,0.0,-0.000039,0.0,-0.000052,0.0,0.0,0.0,0.0,
0.0,-0.000102,0.876242,0.000086,0.0,0.0,0.0,0.011125,0.014573,-0.038483,0.0,0.0,-0.185726,-0.008118,-0.035281,0.360971,-0.175174,0.0,-0.185726,0.008118,0.035281,0.360971,-0.175174,0.0,0.087199,0.174666,0.0,-0.348884,0.0,0.0,0.0,0.087199,-0.174666,0.0,-0.348884,0.0,0.0,0.0,0.0,0.008495,-0.000052,0.0,-0.000039,-0.0,-0.000039,-0.0,-0.000052,0.0,0.0,0.008495,-0.000052,0.0,-0.000039,-0.0,-0.000039,-0.0,-0.000052,0.0,0.0,0.0,0.0,
0.0,-0.000091,0.876257,0.000048,0.0,0.0,0.0,0.011124,0.014649,-0.038483,0.0,0.0,-0.185564,-0.008118,-0.035281,0.360753,-0.175077,0.0,-0.185564,0.008118,0.035281,0.360753,-0.175077,0.0,0.087212,0.174666,0.0,-0.348884,0.0,0.0,0.0,0.087212,-0.174666,0.0,-0.348884,0.0,0.0,0.0,0.0,0.008495,-0.000052,-0.0,-0.000039,0.0,-0.000039,0.0,-0.000052,0.0,0.0,0.008495,-0.000052,-0.0,-0.000039,0.0,-0.000039,0.0,-0.000052,0.0,0.0,0.0,0.0,
0.0,-0.00008,0.876271,0.000009,0.0,0.0,0.0,0.011125,0.014573,-0.038483,0.0,0.0,-0.185402,-0.008118,-0.035281,0.360535,-0.17498,0.0,-0.185402,0.008118,0.035281,0.360535,-0.17498,0.0,0.087224,0.174666,0.0,-0.348884,0.0,0.0,0.0,0.087224,-0.174666,0.0,-0.348884,0.0,0.0,0.0,0.0,0.008495,-0.000052,0.0,-0.000039,-0.0,-0.000039,-0.0,-0.000052,0.0,0.0,0.008495,-0.000052,0.0,-0.000039,-0.0,-0.000039,-0.0,-0.000052,0.0,0.0,0.0,0.0,
0.0,-0.000069,0.876286,-0.000029,0.0,0.0,0.0,0.011125,0.014573,-0.038483,0.0,0.0,-0.18524,-0.008118,-0.035281,0.360318,-0.174882,0.0,-0.18524,0.008118,0.035281,0.360318,-0.174882,0.0,0.087237,0.174666,0.0,-0.348884,0.0,0.0,0.0,0.087237,-0.174666,0.0,-0.348884,-0.0,-0.0,0.0,-0.0,0.008495,-0.000052,-0.0,-0.000039,-0.0,-0.000039,0.0,-0.000052,0.0,-0.0,0.008495,-0.000052,-0.0,-0.000039,-0.0,-0.000039,0.0,-0.000052,0.0,0.0,0.0,0.0,
